1 9 10 5 6 11
1 11 12 4 9 13
7 7 14 2 11 13
3 13 16 8 9 17
7 11 18 3 14 17
5 13 18 2 15 17
8 11 19 1 16 17
9 11 20 4 15 19
7 14 21 1 18 19
2 18 20 10 12 22
5 17 22 10 13 23
2 19 21 9 14 23
3 19 22 6 17 23
12 13 25 3 20 23
5 19 24 9 16 25
1 22 23 13 13 26
6 19 25 11 15 26
8 18 26 2 22 24
11 16 27 1 23 24
3 22 25 10 17 27
6 23 25 10 19 27
4 22 26 14 14 28
7 20 27 13 15 28
4 23 27 12 17 29
4 23 27 7 21 28
12 17 29 7 21 28
1 25 26 10 19 29
13 17 30 2 25 27
6 23 29 1 26 27
5 24 29 15 16 31
11 20 31 4 25 29
15 19 31 9 25 29
3 26 29 9 22 31
13 19 32 8 23 31
7 24 31 11 21 32
16 17 33 9 23 32
3 27 30 15 18 33
6 26 32 16 18 34
1 29 30 15 19 34
5 27 32 8 25 33
11 23 34 2 29 31
9 25 34 1 30 31
9 25 34 14 21 35
1 30 31 14 21 35
7 30 31 18 19 35
12 23 35 5 28 33
17 19 36 4 29 33
6 28 34 14 22 36
18 19 37 2 31 33
17 20 37 7 28 35
4 30 34 10 26 36
12 29 35 20 21 37
1 32 33 13 24 37
15 19 38 6 25 37
11 26 37 19 19 38
16 22 38 2 32 34
15 23 38 10 27 37
19 20 39 5 31 36
11 27 38 17 22 39
2 33 35 7 30 37
13 26 39 9 29 38
13 26 39 6 31 37
9 29 38 6 31 37
12 27 39 3 33 36
8 30 38 18 22 40
5 32 37 17 23 40
1 35 36 20 21 41
3 34 37 18 23 41
17 24 41 8 31 39
11 29 40 16 25 41
6 33 39 21 21 42
12 29 41 1 36 37
3 35 38 17 25 42
11 30 41 5 34 39
2 36 38 14 28 42
13 29 42 21 22 43
5 32 41 16 25 43
9 32 41 19 24 43
17 26 43 1 37 38
8 33 41 16 27 43
14 29 43 7 34 41
4 36 40 20 24 44
17 27 44 12 31 43
15 29 44 5 36 41
10 33 43 7 35 42
10 33 43 22 23 45
7 35 42 22 23 45
13 31 44 4 37 41
2 29 45 15 23 46
1 39 40 16 29 45
14 31 45 21 25 46
20 26 46 10 34 44
2 39 41 19 27 46
18 28 46 4 38 42
15 31 46 11 34 45
5 38 43 22 25 47
7 37 44 19 28 47
13 33 46 18 29 47
6 38 44 12 34 46
15 32 47 23 25 48
15 32 47 8 37 45
15 32 47 3 40 43
23 25 48 8 37 45
23 25 48 3 40 43
8 37 45 3 40 43
13 34 47 2 41 43
22 27 49 1 42 43
11 36 47 21 28 49
11 36 47 3 41 44
21 28 49 3 41 44
19 21 50 1 30 49
7 39 46 18 31 49
24 26 50 6 40 46
15 34 49 21 29 50
8 39 47 11 37 48
14 35 49 5 41 46
14 35 49 19 31 50
5 41 46 19 31 50
10 38 48 18 32 50
2 43 45 17 33 50
24 27 51 9 39 48
23 28 51 12 37 49
22 29 51 6 41 47
20 31 51 1 44 45
2 44 46 26 26 52
23 29 52 4 43 47
9 40 49 16 35 51
22 30 52 12 38 50
1 45 46 11 39 50
19 33 52 3 44 47
7 42 49 13 38 51
7 42 49 26 27 53
13 38 51 26 27 53
25 28 53 17 35 52
2 45 47 23 30 53
4 44 48 16 36 52
20 33 53 15 37 52
1 46 47 19 34 53
29 30 53 15 46 47
25 29 54 10 41 51
13 39 52 17 36 53
2 46 48 22 32 54
9 42 51 21 33 54
6 44 50 20 34 54
1 47 48 8 43 51
14 39 53 3 46 49
5 45 50 25 30 55
13 40 53 23 32 55
9 43 52 12 41 53
20 38 54 12 46 50
6 45 51 15 39 54
8 44 52 28 28 56
1 48 49 27 29 56
14 40 54 26 30 56
3 47 50 18 37 55
10 43 53 17 38 55
21 35 56 16 39 55
4 47 51 9 44 53
26 31 57 11 43 54
25 32 57 8 45 53
1 49 50 14 41 55
24 33 57 3 48 51
13 42 55 22 35 57
20 37 57 12 43 55
21 43 55 29 35 57
6 47 53 27 31 58
6 47 53 19 38 57
27 31 58 19 38 57
15 47 53 25 37 57
24 34 58 8 46 54
24 34 58 14 42 56
8 46 54 14 42 56
17 40 57 5 48 53
21 37 58 7 47 54
32 37 57 23 48 53
2 50 52 20 38 58
29 30 59 9 46 55
4 49 53 28 31 59
19 39 58 26 33 59
5 36 59 19 29 60
24 35 59 11 45 56
1 51 52 23 36 59
17 41 58 22 37 59
20 39 59 29 31 60
27 33 60 12 45 57
4 50 54 26 34 60
5 41 59 25 29 61
11 46 57 18 41 59
10 47 57 13 45 58
7 49 56 29 32 61
7 49 56 16 43 59
29 32 61 16 43 59
12 46 58 2 52 54
25 36 61 19 41 60
25 36 61 15 44 59
25 36 61 4 51 55
19 41 60 15 44 59
19 41 60 4 51 55
15 44 59 4 51 55
23 38 61 11 47 58
22 39 61 1 53 54
3 52 55 17 43 60
5 51 56 21 40 61
13 46 59 31 31 62
10 48 58 30 32 62
27 35 62 7 50 57
2 53 55 25 37 62
9 53 55 15 47 59
19 42 61 9 49 58
23 39 62 18 43 61
22 40 62 8 50 58
18 50 58 30 38 62
3 53 56 31 32 63
29 34 63 21 41 62
5 52 57 13 47 60
5 52 57 28 35 63
13 47 60 28 35 63
7 51 58 26 37 63
9 50 59 15 46 61
18 44 62 6 52 58
8 51 59 31 33 64
29 35 64 1 55 56
21 42 63 3 54 57
13 48 61 27 37 64
26 38 64 16 46 62
19 44 63 12 49 61
15 47 62 2 55 57
11 50 61 31 34 65
14 48 62 22 42 64
1 56 57 21 43 64
3 55 58 27 38 65
5 54 59 10 51 61
5 54 59 26 39 65
10 51 61 26 39 65
24 41 65 19 45 64
32 34 66 18 46 64
30 36 66 6 54 60
29 37 66 14 49 63
29 37 66 11 51 62
14 49 63 11 51 62
8 53 61 17 47 64
5 55 60 20 45 65
2 57 59 23 43 66
2 57 59 9 53 62
2 57 59 33 34 67
23 43 66 9 53 62
23 43 66 33 34 67
9 53 62 33 34 67
18 47 65 30 37 67
28 39 67 11 52 63
17 48 65 27 40 67
26 41 67 1 58 59
10 53 63 25 42 67
16 49 65 5 56 61
12 52 64 32 36 68
23 44 67 31 37 68
30 38 68 2 58 60
4 57 61 29 39 68
17 49 66 21 46 67
23 38 69 6 47 67
25 43 68 20 47 67
25 43 68 13 52 65
20 47 67 13 52 65
16 50 66 10 54 64
32 37 69 19 48 67
32 37 69 7 56 63
19 48 67 7 56 63
12 53 65 23 45 68
30 39 69 15 51 66
29 40 69 9 55 64
4 58 62 22 46 68
6 57 63 27 42 69
25 44 69 1 60 61
13 53 66 3 59 62
35 35 70 10 55 65
33 37 70 5 58 63
30 31 71 5 46 69
28 42 70 2 60 62
28 42 70 18 50 68
2 60 62 18 50 68
14 60 62 36 38 70
3 40 71 25 29 72
1 49 69 21 41 71
20 49 69 35 36 71
34 37 71 1 61 62
13 54 67 33 38 71
10 56 66 24 46 70
5 59 64 31 40 71
30 41 71 19 50 69
23 47 70 7 58 65
15 53 68 12 55 67
9 57 66 18 51 69
30 59 64 40 46 69
26 45 71 6 59 65
26 45 71 21 49 70
6 59 65 21 49 70
3 47 71 29 33 73
8 58 66 34 38 72
37 49 69 29 61 63
16 53 69 24 47 71
16 53 69 31 41 72
16 53 69 3 61 64
24 47 71 31 41 72
24 47 71 3 61 64
31 41 72 3 61 64
23 53 69 19 57 67
23 48 71 29 43 72
27 29 74 6 41 73
28 44 72 12 56 68
14 55 69 21 50 71
25 42 73 3 53 70
11 57 68 36 37 73
35 38 73 17 53 70
25 47 72 33 40 73
8 59 67 32 41 73
1 63 64 13 56 69
3 62 65 30 43 73
29 44 73 19 52 71
7 60 67 28 45 73
18 53 71 27 46 73
26 47 73 37 37 74
36 38 74 4 62 66
14 56 70 34 40 74
33 41 74 17 54 71
33 41 74 11 58 69
33 41 74 6 61 67
17 54 71 11 58 69
17 54 71 6 61 67
11 58 69 6 61 67
20 52 72 8 60 68
1 64 65 16 55 71
10 53 72 32 38 75
10 59 69 29 45 74
23 50 73 5 62 67
22 51 73 27 47 74
36 39 75 9 60 69
40 42 74 24 58 70
2 64 66 26 48 74
4 63 67 21 52 73
32 43 75 17 55 72
25 49 74 11 59 70
12 50 74 30 38 76
1 65 66 29 46 75
23 51 74 19 54 73
5 63 68 28 47 75
27 48 75 15 57 72
22 52 74 38 38 76
37 39 76 12 59 71
9 61 70 26 49 75
4 64 68 32 44 76
31 45 76 11 60 71
20 54 74 30 46 76
16 57 73 13 59 72
3 65 68 23 52 75
19 55 74 10 61 71
7 53 75 23 45 77
36 41 77 27 49 76
7 63 70 15 58 73
7 63 70 35 42 77
7 63 70 22 53 75
15 58 73 35 42 77
15 58 73 22 53 75
35 42 77 22 53 75
25 51 76 4 65 69
31 46 77 14 59 73
29 48 77 8 63 71
28 49 77 23 53 76
28 49 77 1 67 68
23 53 76 1 67 68
39 39 78 3 66 69
38 40 78 10 62 72
35 43 78 27 50 77
22 54 76 34 44 78
33 45 78 18 57 75
2 67 69 31 47 78
14 60 74 4 66 70
29 45 79 1 59 75
39 40 79 16 59 75
13 61 74 38 41 79
37 42 79 23 54 77
1 68 69 36 43 79
1 68 69 19 57 76
36 43 79 19 57 76
3 67 70 10 63 73
34 45 79 5 66 71
26 52 78 12 62 74
26 52 78 18 58 76
12 62 74 18 58 76
21 56 77 9 64 73
21 56 77 31 48 79
9 64 73 31 48 79
14 61 75 30 49 79
4 67 71 17 59 76
6 47 80 22 40 81
6 66 72 24 54 78
37 43 80 8 65 73
36 44 80 16 60 76
23 55 78 13 62 75
10 64 74 34 46 80
27 52 79 3 68 71
5 67 72 33 47 80
18 59 77 7 66 73
40 53 78 32 62 75
25 54 79 9 65 74
40 41 81 24 55 79
40 41 81 11 64 75
40 41 81 29 51 80
24 55 79 11 64 75
24 55 79 29 51 80
11 64 75 29 51 80
38 43 81 6 67 73
23 56 79 16 61 77
19 59 78 34 47 81
8 45 82 30 32 83
33 48 81 3 69 72
30 37 83 15 47 82
9 66 75 30 51 81
40 42 82 2 70 72
39 43 82 17 61 78
39 43 82 14 63 77
17 61 78 14 63 77
29 52 81 4 69 73
19 53 81 3 59 79
20 59 79 11 65 76
23 69 73 43 47 81
36 46 82 6 68 74
23 57 80 8 67 75
16 62 78 34 48 82
22 58 80 32 50 82
26 55 81 5 69 74
18 61 79 31 51 82
7 68 75 12 65 77
21 59 80 25 56 81
39 44 83 9 67 76
37 46 83 29 53 82
37 46 83 17 62 79
37 46 83 2 71 73
29 53 82 17 62 79
29 53 82 2 71 73
17 62 79 2 71 73
30 57 81 18 69 75
33 50 83 13 65 78
33 50 83 27 55 82
13 65 78 27 55 82
1 72 73 32 51 83
22 59 81 3 71 74
12 66 78 42 42 84
7 69 76 41 43 84
25 57 82 30 53 83
39 45 84 21 60 81
37 47 84 9 68 77
2 72 74 24 58 82
20 61 81 4 71 75
20 61 81 35 49 84
4 71 75 35 49 84
27 65 79 23 71 75
6 70 76 34 50 84
8 69 77 27 56 83
19 62 81 13 66 79
10 68 78 22 60 82
5 71 76 41 44 85
15 65 80 40 45 85
38 47 85 25 58 83
38 47 85 7 70 77
25 58 83 7 70 77
29 55 84 36 49 85
17 64 81 24 59 83
28 56 84 4 72 76
33 52 85 23 60 83
13 67 80 32 53 85
22 61 83 43 43 86
26 58 84 42 44 86
10 69 79 41 45 86
10 69 79 1 74 75
10 69 79 31 54 85
41 45 86 1 74 75
41 45 86 31 54 85
1 74 75 31 54 85
32 50 86 10 64 82
18 64 82 38 48 86
21 62 83 7 71 78
35 51 86 9 70 79
16 70 79 40 49 86
34 52 86 2 74 76
20 63 83 28 57 85
15 73 77 25 63 83
30 41 88 16 50 87
16 66 82 32 54 86
8 71 79 19 64 83
43 44 87 13 68 81
31 55 86 26 59 85
3 74 77 38 49 87
37 50 87 18 65 83
37 50 87 15 67 82
37 50 87 5 73 78
18 65 83 15 67 82
18 65 83 5 73 78
15 67 82 5 73 78
36 51 87 12 69 81
36 51 87 21 63 84
12 69 81 21 63 84
9 71 80 24 61 85
17 66 83 34 53 87
28 58 86 14 68 82
27 59 86 6 73 79
43 45 88 32 55 87
16 67 83 41 47 88
8 72 80 40 48 88
39 49 88 31 56 87
47 50 87 30 67 83
30 57 87 3 75 78
25 61 86 5 74 79
7 73 80 35 53 88
41 59 86 29 74 79
24 62 86 34 54 88
17 67 84 28 59 87
44 45 89 4 75 79
11 71 82 43 46 89
23 63 86 42 47 89
13 61 87 27 53 89
19 66 85 39 50 89
31 57 88 8 73 81
26 61 87 38 51 89
30 58 88 10 72 82
3 76 79 36 53 89
18 67 85 25 62 87
35 54 89 21 65 86
20 66 86 14 70 84
20 66 86 44 46 90
14 70 84 44 46 90
23 64 87 27 61 88
23 64 87 32 57 89
23 64 87 11 72 83
27 61 88 32 57 89
27 61 88 11 72 83
32 57 89 11 72 83
6 75 81 39 51 90
19 67 86 31 58 89
8 74 82 26 62 88
22 65 87 37 53 90
27 67 86 38 57 89
38 61 88 32 67 86
37 64 87 48 53 89
3 77 80 25 63 88
15 70 85 35 55 90
29 60 89 5 76 81
36 59 89 19 76 81
30 46 92 4 58 90
44 47 91 28 61 89
9 74 83 42 49 91
9 74 83 17 69 86
42 49 91 17 69 86
14 71 85 41 50 91
32 58 90 2 78 80
39 52 91 4 77 81
39 52 91 11 73 84
4 77 81 11 73 84
37 54 91 26 63 89
8 75 83 13 72 85
5 57 91 35 41 93
35 56 91 1 79 80
35 56 91 25 64 89
1 79 80 25 64 89
3 78 81 18 69 87
29 61 90 15 71 86
12 73 85 45 47 92
43 49 92 7 76 83
42 50 92 28 62 90
20 68 88 40 52 92
23 66 89 2 79 81
4 78 82 38 54 92
2 71 87 43 46 93
19 69 88 16 71 87
22 67 89 13 73 86
36 56 92 8 76 84
25 65 90 10 75 85
3 79 82 46 47 93
45 48 93 15 72 87
21 68 89 44 49 93
5 78 83 43 50 93
28 63 91 41 52 93
28 63 91 7 77 84
28 63 91 33 59 92
41 52 93 7 77 84
41 52 93 33 59 92
7 77 84 33 59 92
43 79 81 57 59 89
9 76 85 20 69 89
38 55 93 23 67 90
31 61 92 4 79 83
26 65 91 19 70 89
22 68 90 30 62 92
45 49 94 25 66 91
44 50 94 10 76 86
43 51 94 1 81 82
43 51 94 18 71 89
43 51 94 34 59 93
1 81 82 18 71 89
1 81 82 34 59 93
18 71 89 34 59 93
8 81 82 47 48 94
3 80 83 15 73 88
33 60 93 12 75 87
45 57 93 27 75 87
32 61 93 17 72 89
38 56 94 14 74 88
37 57 94 2 81 83
37 57 94 31 62 93
2 81 83 31 62 93
36 58 94 26 66 92
6 79 85 19 71 90
13 75 88 47 48 95
46 49 95 35 59 94
25 67 92 43 52 95
42 53 95 10 77 87
21 70 91 41 54 95
21 70 91 15 74 89
41 54 95 15 74 89
5 80 85 40 55 95
24 68 92 12 76 88
38 57 95 17 73 90
27 66 93 9 78 87
4 81 85 36 59 95
47 49 96 19 72 91
6 80 86 30 64 94
6 80 86 16 74 90
6 80 86 46 50 96
30 64 94 16 74 90
30 64 94 46 50 96
16 74 90 46 50 96
8 79 87 43 53 96
29 65 94 34 61 95
1 83 84 21 71 92
3 82 85 33 62 95
43 75 89 55 61 93
24 69 93 39 57 96
32 63 95 7 80 87
31 48 98 18 56 97
9 79 88 37 59 96
2 83 85 47 50 97
46 51 97 11 78 89
4 82 86 26 68 94
49 69 92 41 83 84
19 73 92 44 53 97
35 61 96 16 75 91
22 71 93 43 54 97
42 55 97 13 77 90
29 66 95 25 69 94
21 72 93 33 63 96
15 76 91 1 84 85
39 58 97 3 83 86
50 59 96 40 69 94
27 68 95 37 60 97
27 68 95 20 73 93
27 68 95 17 75 92
37 60 97 20 73 93
37 60 97 17 75 92
20 73 93 17 75 92
29 57 98 21 62 97
9 80 89 31 65 96
14 77 91 23 71 94
14 77 91 49 49 98
23 71 94 49 49 98
44 54 98 2 84 86
11 79 90 26 69 95
43 55 98 35 62 97
20 83 87 43 60 97
6 82 88 42 56 98
6 82 88 22 72 94
42 56 98 22 72 94
38 42 100 2 60 98
13 78 91 41 57 98
13 78 91 34 63 97
41 57 98 34 63 97
29 67 96 8 81 89
43 73 93 37 83 87
21 73 94 39 59 98
5 83 88 32 65 97
37 61 98 7 82 89
27 69 96 48 51 99
47 52 99 17 76 93
31 66 97 46 53 99
45 54 99 9 81 90
36 62 98 14 78 92
35 63 98 2 85 87
35 63 98 30 67 97
2 85 87 30 67 97
41 58 99 6 83 89
13 79 92 29 68 97
40 59 99 25 71 96
21 74 95 10 81 91
38 61 99 1 86 87
49 51 100 5 84 89
12 80 92 48 52 100
27 70 97 7 83 90
20 75 95 45 55 100
31 67 98 17 77 94
9 82 91 14 79 93
30 68 98 42 58 100
4 85 89 19 76 95
4 85 89 41 59 100
19 76 95 41 59 100
22 74 96 16 78 94
13 80 93 25 72 97
23 67 99 37 57 101
28 70 98 38 62 100
28 70 98 10 82 92
38 62 100 10 82 92
15 79 94 50 51 101
48 53 101 1 87 88
48 53 101 24 73 97
48 53 101 32 67 99
1 87 88 24 73 97
1 87 88 32 67 99
24 73 97 32 67 99
47 54 101 3 86 89
7 84 91 44 57 101
7 84 91 31 68 99
44 57 101 31 68 99
36 64 100 20 76 96
23 74 97 43 58 101
11 82 93 2 87 89
4 86 90 34 66 100
16 79 95 40 61 101
29 70 99 6 85 91
39 62 101 13 81 94
38 63 101 49 53 102
48 54 102 18 78 96
28 71 99 21 76 97
10 83 93 47 55 102
46 56 102 24 74 98
1 88 89 37 64 101
3 87 90 45 57 102
12 82 94 44 58 102
31 69 100 36 65 101
7 85 92 20 77 97
35 66 101 14 81 95
41 61 102 26 73 99
34 67 101 11 83 94
2 88 90 40 62 102
33 68 101 51 52 103
50 53 103 13 82 95
48 55 103 8 85 93
11 79 97 41 59 103
46 57 103 18 79 97
46 57 103 21 77 98
18 79 97 21 77 98
37 65 102 45 58 103
15 81 96 24 75 99
37 47 105 5 63 103
12 83 95 27 73 100
12 83 95 5 87 92
12 83 95 43 60 103
27 73 100 5 87 92
27 73 100 43 60 103
5 87 92 43 60 103
42 61 103 7 86 93
9 85 94 30 71 101
19 79 98 2 89 91
4 88 92 52 52 104
29 72 101 16 81 97
29 72 101 39 64 103
29 72 101 51 53 104
16 81 97 39 64 103
16 81 97 51 53 104
39 64 103 51 53 104
33 69 102 6 87 93
45 58 104 10 83 96
47 57 104 13 83 96
8 86 94 46 58 104
18 80 98 32 70 102
44 60 104 24 76 100
3 89 92 36 67 103
31 71 102 27 74 101
45 47 106 10 69 103
7 87 94 17 81 98
23 77 100 35 68 103
9 86 95 26 75 101
39 65 104 49 56 105
39 65 104 11 85 96
39 65 104 19 80 99
49 56 105 11 85 96
49 56 105 19 80 99
11 85 96 19 80 99
2 90 92 22 78 100
47 58 105 33 70 103
6 88 94 38 66 104
37 67 104 32 71 103
21 79 100 44 61 105
15 83 98 43 62 105
27 75 102 42 63 105
27 75 102 3 90 93
42 63 105 3 90 93
21 90 93 54 57 105
41 64 105 35 69 104
17 82 99 23 78 101
4 57 107 29 47 108
61 70 101 49 86 95
26 76 102 52 54 106
26 76 102 14 84 98
52 54 106 14 84 98
34 70 104 50 56 106
29 74 103 47 59 106
29 74 103 22 79 101
29 74 103 11 86 97
47 59 106 22 79 101
47 59 106 11 86 97
22 79 101 11 86 97
33 71 104 16 83 99
4 90 94 46 60 106
25 77 102 38 67 105
45 61 106 6 89 95
40 57 107 8 75 103
37 68 105 28 75 103
32 72 104 8 88 96
36 89 95 41 81 100
36 69 105 15 84 99
1 92 93 27 76 103
35 70 105 5 90 95
3 83 100 43 60 107
53 54 107 23 79 102
17 83 100 52 55 107
7 89 96 51 56 107
30 74 104 40 66 106
49 58 107 26 77 103
34 71 105 14 85 99
48 59 107 9 88 97
19 82 101 46 61 107
2 92 94 38 68 106
45 62 107 25 78 103
58 60 106 30 92 94
13 86 99 37 69 106
8 89 97 43 64 107
41 66 107 1 93 94
3 92 95 53 55 108
12 87 99 51 57 108
25 72 106 6 80 103
50 58 108 20 82 102
23 80 103 40 67 107
49 59 108 17 84 101
26 78 104 34 72 106
47 61 108 39 68 107
22 81 103 19 83 102
22 81 103 38 69 107
22 81 103 33 73 106
19 83 102 38 69 107
19 83 102 33 73 106
38 69 107 33 73 106
25 79 104 16 85 101
44 64 108 4 92 96
28 77 105 43 65 108
28 77 105 13 87 100
43 65 108 13 87 100
18 84 102 42 66 108
10 89 99 31 75 106
10 89 99 15 86 101
10 89 99 54 55 109
31 75 106 15 86 101
31 75 106 54 55 109
15 86 101 54 55 109
52 57 109 41 67 108
50 59 109 1 94 95
40 68 108 12 88 100
3 83 103 27 73 107
20 83 103 5 92 97
23 81 104 48 61 109
7 91 98 34 73 107
7 91 98 47 62 109
34 73 107 47 62 109
46 63 109 14 87 101
28 87 101 49 67 108
44 65 109 11 89 100
16 86 102 2 94 96
37 71 108 4 93 97
6 92 98 28 78 106
21 83 104 8 91 99
18 85 103 53 57 110
31 76 107 41 68 109
10 90 100 50 60 110
40 69 109 1 95 96
31 61 111 9 71 109
30 77 107 23 82 105
30 77 107 5 93 98
30 77 107 47 63 110
23 82 105 5 93 98
23 82 105 47 63 110
5 93 98 47 63 110
46 64 110 26 80 106
40 42 113 15 58 112
25 81 106 11 90 101
16 87 103 37 72 109
2 95 97 43 67 110
12 95 97 20 87 103
41 86 103 47 79 106
6 93 99 54 57 111
13 89 102 53 58 111
52 59 111 36 73 109
51 60 111 21 84 105
24 82 106 18 86 104
50 61 111 41 69 110
40 76 108 24 92 100
27 80 107 15 88 103
10 91 101 35 74 109
1 96 97 47 64 111
30 78 108 12 90 102
5 94 99 39 71 110
5 94 99 34 75 109
5 94 99 46 65 111
39 71 110 34 75 109
39 71 110 46 65 111
34 75 109 46 65 111
48 79 107 37 96 97
9 92 101 29 79 108
9 92 101 44 67 111
9 92 101 33 76 109
29 79 108 44 67 111
29 79 108 33 76 109
44 67 111 33 76 109
25 82 107 37 73 110
16 88 104 56 56 112
54 58 112 2 96 98
53 59 112 32 77 109
28 80 108 52 60 112
36 74 110 6 94 100
41 70 111 21 85 106
49 63 112 8 93 101
49 63 112 24 83 107
8 93 101 24 83 107
40 71 111 15 89 104
21 64 113 1 69 112
43 53 114 2 73 111
60 63 111 36 87 105
39 72 111 3 96 99
34 76 110 20 86 106
12 91 103 23 84 107
45 67 112 17 88 105
5 67 113 43 47 115
56 57 113 43 69 112
55 58 113 22 85 107
18 75 111 45 57 114
19 87 106 37 74 111
19 87 106 54 59 113
37 74 111 54 59 113
25 83 108 53 60 113
11 92 103 52 61 113
32 78 110 42 70 112
2 97 99 51 62 113
49 64 113 41 71 112
49 64 113 13 91 104
41 71 112 13 91 104
21 95 101 35 81 109
18 88 106 8 94 102
47 66 113 27 82 109
37 45 116 12 59 115
15 74 112 24 70 113
1 98 99 34 77 111
3 97 100 23 85 108
3 97 100 45 68 113
3 97 100 20 87 107
23 85 108 45 68 113
23 85 108 20 87 107
45 68 113 20 87 107
17 89 106 26 83 109
57 57 114 33 78 111
55 59 114 14 91 105
55 59 114 29 81 110
14 91 105 29 81 110
53 61 114 9 94 103
52 62 114 22 86 108
11 93 104 32 79 111
16 90 106 50 64 114
28 82 110 2 98 100
6 96 102 48 66 114
31 80 111 24 85 109
18 89 107 47 67 114
40 73 113 35 77 112
40 73 113 8 95 103
35 77 112 8 95 103
45 69 114 30 81 111
26 84 110 44 70 114
57 58 115 5 97 102
57 58 115 17 90 107
57 58 115 38 75 113
5 97 102 17 90 107
5 97 102 38 75 113
17 90 107 38 75 113
33 79 112 7 96 103
43 71 114 29 82 111
51 64 115 9 95 104
50 65 115 25 85 110
11 94 105 49 66 115
36 77 113 28 83 111
2 99 101 41 73 114
13 93 106 6 97 103
31 81 112 21 88 109
24 86 110 40 74 114
10 95 105 45 70 115
1 100 101 44 71 115
1 100 101 55 61 116
1 100 101 20 89 109
44 71 115 55 61 116
44 71 115 20 89 109
55 61 116 20 89 109
42 86 110 58 70 114
54 62 116 12 94 106
54 62 116 38 76 114
12 94 106 38 76 114
17 91 108 53 63 116
30 94 106 50 74 114
43 72 115 33 80 113
7 97 104 29 83 112
14 93 107 37 77 114
19 90 109 25 86 111
11 95 106 41 74 115
48 68 116 28 84 112
48 68 116 16 92 108
28 84 112 16 92 108
4 99 103 47 69 116
58 69 115 33 95 106
13 94 107 31 82 113
35 79 114 21 89 110
27 85 112 8 97 105
45 71 116 39 76 115
57 60 117 15 93 108
34 80 114 10 96 106
55 62 117 30 83 113
53 64 117 23 88 111
50 81 113 62 69 115
12 95 107 3 100 103
12 95 107 52 65 117
3 100 103 52 65 117
43 73 116 17 92 109
51 66 117 33 81 114
37 78 115 7 98 105
37 78 115 50 67 117
7 98 105 50 67 117
42 74 116 14 94 108
58 73 115 38 95 107
9 97 106 22 89 111
36 79 115 41 75 116
46 96 106 64 74 114
16 93 109 11 96 107
20 93 109 43 75 116
40 76 116 4 100 104
31 83 114 46 71 117
6 99 105 21 90 111
58 60 118 18 92 110
27 86 113 57 61 118
8 98 106 56 62 118
15 94 109 34 81 115
53 65 118 10 97 107
57 98 104 71 78 112
38 78 116 52 66 118
38 58 120 10 72 118
51 67 118 1 102 103
51 67 118 43 74 117
51 67 118 26 87 113
1 102 103 43 74 117
1 102 103 26 87 113
43 74 117 26 87 113
17 93 110 33 82 115
49 69 118 7 99 106
57 95 107 73 75 113
22 90 112 48 70 118
25 88 113 32 83 115
41 76 117 19 92 111
46 72 118 2 102 104
31 84 115 4 101 105
31 84 115 35 81 116
31 84 115 59 60 119
4 101 105 35 81 116
4 101 105 59 60 119
35 81 116 59 60 119
56 63 119 13 96 109
56 63 119 24 89 113
56 63 119 21 91 112
13 96 109 24 89 113
13 96 109 21 91 112
24 89 113 21 91 112
32 75 118 53 58 120
18 93 111 39 78 117
18 93 111 27 87 114
39 78 117 27 87 114
44 74 118 34 82 116
61 67 118 38 89 113
15 95 110 30 85 115
43 75 118 23 90 113
12 97 109 33 83 116
5 101 106 49 70 119
5 101 106 29 86 115
49 70 119 29 86 115
41 77 118 22 91 113
9 99 108 36 81 117
47 72 119 19 93 112
16 95 111 59 61 120
46 73 119 11 98 109
40 78 118 58 62 120
2 103 105 35 82 117
24 90 114 54 66 120
6 101 107 39 79 118
53 67 120 27 88 115
22 73 120 48 55 122
8 100 108 52 68 120
15 96 111 51 69 120
1 104 105 49 71 120
3 103 106 37 81 118
3 103 106 42 77 119
37 81 118 42 77 119
10 82 118 50 58 122
37 93 113 47 83 117
41 78 119 14 97 111
32 85 117 47 73 120
36 82 118 22 92 114
9 100 109 60 61 121
59 62 121 19 94 113
40 79 119 56 65 121
55 66 121 11 99 110
54 67 121 31 86 117
53 68 121 4 103 107
24 91 115 39 80 119
52 69 121 27 89 116
43 77 120 15 97 112
20 94 114 26 90 116
3 104 107 29 88 117
3 104 107 48 73 121
3 104 107 17 96 113
29 88 117 48 73 121
29 88 117 17 96 113
48 73 121 17 96 113
61 61 122 47 74 121
7 102 109 59 63 122
58 64 122 14 98 112
58 64 122 32 86 118
14 98 112 32 86 118
57 65 122 22 93 115
46 75 121 9 101 110
46 75 121 19 95 114
9 101 110 19 95 114
16 87 118 41 72 122
35 84 119 45 76 121
35 84 119 11 100 111
45 76 121 11 100 111
53 69 122 31 87 118
31 100 111 60 71 121
24 92 116 4 104 108
23 70 123 7 75 122
6 103 109 51 71 122
38 82 120 50 72 122
38 82 120 8 102 110
38 82 120 30 88 118
50 72 122 8 102 110
50 72 122 30 88 118
8 102 110 30 88 118
26 91 117 33 86 119
26 91 117 42 79 121
33 86 119 42 79 121
1 106 107 29 89 118
61 62 123 17 97 114
60 63 123 3 105 108
47 75 122 58 65 123
41 80 121 5 104 109
40 101 111 59 79 120
32 87 119 56 67 123
22 94 116 46 76 122
25 92 117 55 68 123
40 81 121 19 96 115
9 102 111 54 69 123
53 54 125 15 79 122
45 77 122 53 70 123
31 88 119 11 101 112
44 78 122 2 106 108
24 93 117 51 72 123
4 105 109 21 95 116
6 104 110 34 86 120
50 73 123 18 97 115
43 79 122 38 83 121
29 84 121 49 69 124
10 102 112 42 80 122
48 75 123 33 87 120
26 92 118 62 62 124
61 63 124 37 84 121
60 64 124 20 96 116
1 107 108 12 101 113
1 107 108 57 67 124
1 107 108 47 76 123
12 101 113 57 67 124
12 101 113 47 76 123
57 67 124 47 76 123
3 106 109 41 81 122
36 85 121 55 69 124
54 70 124 14 100 114
25 93 118 22 95 117
19 97 116 53 71 124
19 97 116 28 91 119
53 71 124 28 91 119
64 75 122 53 86 120
31 89 120 16 99 115
11 102 113 39 83 122
51 73 124 44 79 123
4 106 110 50 74 124
18 106 110 30 94 118
34 87 121 13 101 114
38 84 122 18 98 116
15 100 115 60 65 125
58 67 125 23 95 118
58 67 125 10 103 113
58 67 125 37 85 122
23 95 118 10 103 113
23 95 118 37 85 122
10 103 113 37 85 122
57 68 125 20 97 117
29 91 120 56 69 125
1 108 109 17 99 116
46 78 124 36 86 122
5 106 111 54 71 125
7 105 112 53 72 125
7 105 112 40 83 123
53 72 125 40 83 123
14 101 115 25 94 119
51 74 125 31 90 121
16 100 116 44 80 124
60 76 124 36 100 116
43 81 124 4 107 111
13 102 115 38 85 123
18 99 117 63 63 126
62 64 126 6 106 112
30 91 121 61 65 126
48 77 125 8 105 113
58 68 126 42 82 124
29 105 113 63 71 125
33 89 122 37 86 123
56 70 126 10 104 114
56 70 126 26 94 120
10 104 114 26 94 120
41 83 124 29 92 121
17 100 117 12 103 115
1 109 110 46 79 125
3 108 111 36 87 123
45 80 125 25 95 120
22 97 119 7 106 113
52 74 126 14 102 116
30 73 127 3 82 125
51 75 126 9 105 114
44 81 125 39 85 124
43 82 125 62 65 127
21 98 119 27 94 121
21 98 119 49 77 126
21 98 119 34 89 123
21 98 119 2 109 111
21 98 119 61 66 127
27 94 121 49 77 126
27 94 121 34 89 123
27 94 121 2 109 111
27 94 121 61 66 127
49 77 126 34 89 123
49 77 126 2 109 111
49 77 126 61 66 127
34 89 123 2 109 111
34 89 123 61 66 127
2 109 111 61 66 127
50 56 129 1 80 126
59 68 127 13 103 116
18 100 118 30 92 122
6 107 113 58 69 127
61 67 127 11 107 113
42 83 125 57 70 127
15 102 117 33 90 123
23 97 120 55 72 127
41 84 125 20 99 119
54 73 127 29 93 122
53 74 127 17 101 118
36 88 124 12 104 116
32 91 123 3 109 112
5 108 113 52 75 127
7 107 114 14 103 117
35 89 124 19 100 119
39 86 125 9 106 115
62 66 128 16 102 118
43 83 126 49 78 127
24 97 121 59 69 128
38 87 125 27 95 122
58 70 128 2 110 112
15 109 113 41 87 125
48 79 127 13 104 117
48 79 127 57 71 128
13 104 117 57 71 128
42 84 126 6 108 114
47 80 127 55 73 128
47 80 127 37 88 125
47 80 127 8 107 115
55 73 128 37 88 125
55 73 128 8 107 115
37 88 125 8 107 115
54 74 128 26 96 122
29 94 123 46 81 127
32 92 124 52 76 128
45 82 127 3 110 113
41 60 131 5 76 129
28 95 123 7 108 115
64 65 129 19 101 120
63 66 129 39 87 126
31 93 124 9 107 116
31 93 124 61 68 129
9 107 116 61 68 129
16 103 119 49 79 128
58 71 129 11 106 117
15 96 123 48 75 129
38 88 126 24 98 122
57 72 129 27 96 123
30 94 124 4 110 114
13 105 118 42 85 127
55 74 129 6 109 115
23 99 122 26 97 123
29 95 124 20 101 121
32 93 125 40 87 127
32 93 125 45 83 128
32 93 125 17 103 120
40 87 127 45 83 128
40 87 127 17 103 120
45 83 128 17 103 120
51 78 129 3 111 114
65 65 130 5 110 115
25 98 123 63 67 130
62 68 130 22 100 122
44 84 128 28 96 124
50 79 129 14 105 119
50 79 129 61 69 130
50 79 129 35 91 126
14 105 119 61 69 130
14 105 119 35 91 126
61 69 130 35 91 126
12 94 125 60 62 131
31 94 125 59 71 130
38 89 127 11 107 118
24 99 123 48 81 129
42 86 128 2 112 114
30 95 125 55 75 130
45 89 127 23 111 115
18 103 121 47 82 129
6 110 116 54 76 130
41 87 128 8 109 117
10 108 118 52 78 130
10 108 118 20 102 122
52 78 130 20 102 122
65 66 131 51 79 130
17 104 121 64 67 131
63 68 131 12 107 119
62 69 131 1 113 114
44 85 129 60 71 131
44 85 129 5 111 116
44 85 129 25 99 124
60 71 131 5 111 116
60 71 131 25 99 124
5 111 116 25 99 124
28 97 125 35 92 127
39 89 128 59 72 131
72 89 125 61 103 120
19 103 122 58 73 131
49 81 130 31 95 126
9 109 118 57 74 131
9 109 118 43 86 129
57 74 131 43 86 129
71 76 129 41 111 116
56 75 131 16 105 121
48 82 130 38 90 128
41 103 122 37 109 118
21 102 123 42 87 129
2 113 115 47 83 130
33 94 127 53 78 131
41 81 131 29 89 129
15 106 121 26 99 125
23 101 124 52 79 131
65 67 132 20 103 123
64 68 132 36 92 128
51 80 131 40 89 129
60 72 132 12 108 120
50 81 131 1 114 115
59 73 132 3 113 116
35 93 128 5 112 117
28 98 126 22 102 124
28 98 126 58 74 132
22 102 124 58 74 132
49 82 131 14 107 121
19 104 123 31 96 127
41 112 117 57 91 128
16 106 122 34 94 128
24 101 125 11 109 120
57 71 133 21 97 127
21 103 124 47 84 131
13 108 121 4 113 117
13 108 121 53 79 132
13 108 121 37 92 129
4 113 117 53 79 132
4 113 117 37 92 129
53 79 132 37 92 129
46 85 131 41 89 130
64 69 133 8 111 119
7 107 122 58 73 133
23 102 125 63 70 133
23 102 125 15 107 122
63 70 133 15 107 122
62 71 133 29 98 127
36 93 129 51 81 132
40 90 130 10 110 120
12 109 121 44 87 131
35 94 129 25 101 126
35 94 129 39 91 130
25 101 126 39 91 130
28 99 127 49 83 132
28 99 127 57 76 133
49 83 132 57 76 133
5 113 118 22 103 125
21 97 128 48 79 133
7 112 119 56 77 133
7 112 119 31 97 128
7 112 119 43 88 131
56 77 133 31 97 128
56 77 133 43 88 131
31 97 128 43 88 131
42 89 131 54 79 133
40 82 133 5 98 128
47 85 132 27 100 127
2 115 117 37 93 130
13 109 122 67 67 134
66 68 134 4 114 118
66 68 134 46 86 132
66 68 134 18 106 124
4 114 118 46 86 132
4 114 118 18 106 124
46 86 132 18 106 124
41 90 131 65 69 134
63 71 134 6 113 119
26 101 127 61 73 134
51 82 133 23 103 126
15 108 123 45 87 132
36 94 130 60 74 134
5 97 129 53 71 135
59 75 134 10 111 121
1 116 117 39 92 131
1 116 117 49 84 133
39 92 131 49 84 133
25 102 127 3 115 118
22 104 126 56 78 134
14 109 123 31 98 129
48 85 133 7 113 120
19 106 125 55 79 134
34 96 130 54 80 134
27 101 128 24 103 127
53 81 134 11 111 122
30 99 129 66 69 135
30 99 129 21 105 126
66 69 135 21 105 126
2 116 118 52 82 134
62 73 135 33 97 130
62 73 135 13 110 123
62 73 135 18 107 125
33 97 130 13 110 123
33 97 130 18 107 125
13 110 123 18 107 125
9 70 137 35 59 138
8 113 121 23 104 127
59 76 135 36 95 131
59 76 135 15 109 124
59 76 135 29 100 129
36 95 131 15 109 124
36 95 131 29 100 129
15 109 124 29 100 129
50 84 134 20 106 126
32 98 130 10 112 122
12 111 123 39 93 132
56 79 135 35 96 131
28 101 129 3 116 119
43 90 133 22 105 127
5 115 120 55 80 135
5 107 126 49 82 135
7 114 121 19 107 126
42 91 133 9 113 122
42 91 133 47 87 134
9 113 122 47 87 134
65 71 136 16 109 125
24 104 128 64 72 136
11 112 123 63 73 136
62 74 136 46 88 134
37 95 132 52 83 135
33 98 131 2 117 119
4 116 120 60 76 136
6 115 121 45 89 134
45 69 138 6 87 135
23 105 128 40 93 133
49 113 122 74 83 133
8 114 122 58 78 136
15 110 125 50 85 135
57 79 136 32 99 131
39 94 133 17 109 126
55 81 136 25 104 129
43 91 134 1 118 119
3 117 120 48 87 135
31 100 131 5 116 121
1 108 127 57 76 137
68 69 137 19 108 127
38 95 133 67 70 137
38 95 133 7 115 122
67 70 137 7 115 122
65 72 137 47 88 135
34 98 132 42 92 134
64 73 137 53 83 136
27 103 130 62 75 137
46 89 135 30 101 131
11 113 124 61 76 137
37 96 133 21 107 128
46 76 138 12 94 134
59 78 137 18 109 127
26 104 130 50 86 136
26 104 130 40 94 134
50 86 136 40 94 134
29 102 131 23 106 129
57 80 137 8 115 123
23 115 123 67 75 137
32 100 132 20 108 128
49 87 136 56 81 137
55 82 137 17 110 127
55 82 137 35 98 133
17 110 127 35 98 133
38 75 139 15 86 137
43 92 135 12 113 125
22 107 129 54 83 137
22 107 129 67 71 138
22 107 129 3 118 121
54 83 137 67 71 138
54 83 137 3 118 121
67 71 138 3 118 121
5 117 122 65 73 138
38 96 134 14 112 126
38 96 134 64 74 138
14 112 126 64 74 138
19 109 128 47 89 136
53 84 137 7 116 123
63 75 138 42 93 135
16 111 127 27 104 131
46 90 136 24 106 130
3 79 139 47 59 141
30 102 132 60 78 138
41 94 135 11 114 125
51 86 137 59 79 138
18 110 128 58 80 138
57 81 138 6 117 123
8 116 124 44 92 136
32 101 133 49 88 137
69 86 136 59 96 134
30 115 125 50 95 135
69 70 139 35 99 134
67 72 139 43 93 136
67 72 139 17 111 128
67 72 139 48 89 137
43 93 136 17 111 128
43 93 136 48 89 137
17 111 128 48 89 137
9 106 131 54 79 139
12 114 126 54 84 138
25 106 131 65 74 139
64 75 139 1 120 121
3 119 122 31 102 133
5 118 123 47 90 137
5 118 123 38 97 135
5 118 123 53 85 138
47 90 137 38 97 135
47 90 137 53 85 138
38 97 135 53 85 138
62 77 139 14 113 127
60 79 139 9 116 125
19 103 133 7 107 131
30 103 133 37 98 135
41 95 136 59 80 139
21 109 130 11 115 126
58 81 139 33 101 134
2 120 122 50 88 138
57 82 139 13 114 127
6 118 124 26 106 132
56 83 139 29 104 133
44 93 137 23 108 131
8 117 125 15 113 128
70 70 140 20 110 130
55 84 139 69 71 140
10 116 126 66 74 140
65 75 140 35 100 135
60 106 131 54 116 125
60 62 142 10 92 138
3 103 134 58 73 141
63 77 140 12 115 127
63 77 140 28 105 133
63 77 140 25 107 132
12 115 127 28 105 133
12 115 127 25 107 132
28 105 133 25 107 132
1 121 122 53 86 139
1 121 122 31 103 134
1 121 122 22 109 131
53 86 139 31 103 134
53 86 139 22 109 131
31 103 134 22 109 131
55 93 137 33 115 127
5 119 124 61 79 140
34 101 135 19 111 130
9 106 133 42 89 139
16 113 129 37 99 136
16 113 129 41 96 137
16 113 129 51 88 139
37 99 136 41 96 137
37 99 136 51 88 139
41 96 137 51 88 139
45 93 138 33 102 135
13 115 128 40 97 137
56 84 140 36 100 136
56 84 140 4 120 124
36 100 136 4 120 124
72 76 140 28 120 124
6 119 125 49 90 139
6 119 125 70 71 141
6 119 125 29 105 134
49 90 139 70 71 141
49 90 139 29 105 134
70 71 141 29 105 134
68 73 141 23 109 132
66 75 141 15 114 129
11 111 131 59 79 141
65 76 141 20 111 131
48 91 139 64 77 141
10 117 127 43 95 138
50 58 144 6 80 142
1 108 133 28 99 137
53 87 140 25 108 133
47 62 144 8 81 142
61 80 141 31 104 135
1 122 123 38 99 137
38 108 133 28 122 123
7 119 126 46 93 139
7 119 126 59 82 141
46 93 139 59 82 141
9 118 127 27 107 134
9 118 127 58 83 141
9 118 127 41 97 138
27 107 134 58 83 141
27 107 134 41 97 138
58 83 141 41 97 138
2 98 138 42 82 142
57 84 141 21 111 132
33 103 136 11 117 128
70 72 142 40 98 138
69 73 142 18 113 131
2 122 124 68 74 142
36 101 137 13 116 129
49 91 140 4 121 125
49 91 140 44 95 139
4 121 125 44 95 139
66 76 142 26 108 134
29 106 135 55 86 141
65 77 142 23 110 133
54 87 141 39 99 138
20 112 132 48 92 140
10 118 128 62 80 142
17 114 131 61 81 142
28 107 135 47 93 140
27 82 143 13 87 142
61 122 123 86 87 137
60 82 142 38 100 138
22 111 133 42 97 139
52 89 141 1 123 124
43 67 145 5 83 143
59 83 142 34 103 137
14 116 130 46 94 140
24 110 134 30 106 136
71 72 143 21 112 133
71 72 143 33 104 137
21 112 133 33 104 137
11 118 129 69 74 143
36 102 138 18 114 132
2 123 125 65 78 143
2 123 125 55 87 142
2 123 125 13 117 130
65 78 143 55 87 142
65 78 143 13 117 130
55 87 142 13 117 130
29 107 136 64 79 143
23 111 134 6 121 127
32 105 137 63 80 143
60 118 128 80 92 138
39 100 139 15 116 131
73 85 141 41 123 125
43 97 140 20 113 133
19 95 141 59 69 145
61 82 143 53 89 142
29 95 141 15 101 139
17 115 132 60 83 143
38 101 139 31 106 137
12 118 130 52 90 142
12 118 130 42 98 140
52 90 142 42 98 140
58 85 143 5 122 127
51 91 142 19 114 133
51 91 142 14 117 131
19 114 133 14 117 131
57 86 143 37 102 139
71 73 144 27 109 136
69 75 144 24 111 135
69 75 144 9 120 129
69 75 144 45 96 141
24 111 135 9 120 129
24 111 135 45 96 141
9 120 129 45 96 141
6 94 142 58 66 146
68 76 144 16 116 132
58 122 126 74 98 138
67 77 144 56 87 143
44 97 141 36 103 139
83 87 140 60 113 133
4 123 127 29 108 137
48 94 142 62 82 144
48 94 142 32 106 138
48 94 142 6 122 128
62 82 144 32 106 138
62 82 144 6 122 128
32 106 138 6 122 128
8 121 129 61 83 144
38 114 134 46 106 138
47 123 127 57 107 137
52 91 143 17 116 133
52 91 143 28 109 137
17 116 133 28 109 137
25 111 136 59 85 144
43 84 145 7 100 141
46 96 142 58 86 144
1 125 126 34 105 139
51 92 143 3 124 127
9 103 140 47 84 145
72 73 145 5 123 128
38 100 141 12 115 134
71 74 145 19 115 134
69 76 145 41 100 141
37 103 140 68 77 145
27 110 137 45 97 142
27 110 137 67 78 145
27 110 137 50 93 143
45 97 142 67 78 145
45 97 142 50 93 143
67 78 145 50 93 143
3 106 139 22 101 141
54 58 148 12 82 146
24 112 136 56 88 144
9 121 130 66 79 145
64 81 145 40 101 141
64 81 145 55 89 144
64 81 145 11 120 131
40 101 141 55 89 144
40 101 141 11 120 131
55 89 144 11 120 131
62 83 145 2 125 127
26 111 137 29 109 138
32 107 139 23 113 136
39 102 141 6 123 129
20 115 135 60 85 145
20 115 135 35 105 140
60 85 145 35 105 140
10 121 131 59 86 145
28 110 138 42 100 142
26 108 139 4 117 134
17 117 134 38 103 141
6 106 140 50 84 146
73 73 146 46 97 143
72 74 146 22 114 136
34 106 140 70 76 146
1 126 127 69 77 146
57 88 145 3 125 128
19 116 135 5 124 129
41 101 142 14 119 133
41 101 142 67 79 146
14 119 133 67 79 146
50 94 144 66 80 146
45 98 143 7 123 130
30 109 139 65 81 146
16 118 134 64 82 146
76 107 137 67 124 127
47 49 150 3 70 149
21 115 136 49 95 144
44 99 143 11 121 132
29 110 139 61 85 146
2 126 128 26 112 138
39 103 142 23 114 137
43 100 143 53 92 145
60 86 146 6 124 130
41 61 150 15 74 149
36 73 149 19 81 148
35 106 141 15 119 134
47 97 144 8 123 131
73 74 147 42 101 143
58 88 146 38 104 142
28 111 139 71 76 147
58 83 147 7 113 138
70 77 147 17 118 135
70 77 147 25 113 138
17 118 135 25 113 138
68 79 147 12 121 133
57 89 146 34 107 141
3 126 129 66 81 147
50 95 145 5 125 130
14 120 134 56 90 146
65 82 147 37 105 142
27 112 139 64 83 147
63 84 147 33 108 141
63 84 147 9 123 132
33 108 141 9 123 132
3 90 147 57 63 150
16 119 135 49 96 145
50 77 149 1 98 145
54 92 146 36 106 142
2 111 140 36 98 145
26 113 139 13 121 134
53 93 146 2 127 129
32 109 141 43 101 144
32 109 141 39 104 143
43 101 144 39 104 143
62 123 131 81 97 142
24 125 131 40 109 141
47 98 145 35 107 142
52 94 146 74 74 148
20 117 137 73 75 148
8 124 132 72 76 148
10 83 149 55 58 151
10 123 133 38 105 143
28 112 140 68 80 148
46 99 145 25 114 139
46 99 145 51 95 146
46 99 145 31 110 141
25 114 139 51 95 146
25 114 139 31 110 141
51 95 146 31 110 141
34 108 142 12 122 134
34 108 142 22 116 138
34 108 142 66 82 148
12 122 134 22 116 138
12 122 134 66 82 148
22 116 138 66 82 148
1 128 129 41 103 144
1 128 129 56 91 147
41 103 144 56 91 147
19 118 137 37 106 143
14 121 135 5 126 131
79 80 147 35 128 129
55 92 147 63 85 148
55 92 147 27 113 140
55 92 147 7 125 132
63 85 148 27 113 140
63 85 148 7 125 132
27 113 140 7 125 132
40 104 144 16 120 136
53 110 141 66 97 145
8 87 149 43 72 151
21 117 138 54 93 147
36 107 143 61 87 148
53 94 147 18 119 137
43 102 145 13 122 135
32 110 142 2 128 130
73 76 149 23 116 139
73 76 149 4 127 131
73 76 149 59 89 148
23 116 139 4 127 131
23 116 139 59 89 148
4 127 131 59 89 148
47 99 146 71 78 149
35 108 143 52 95 147
64 76 150 20 106 144
69 80 149 15 121 136
20 118 138 58 90 148
41 97 147 7 113 141
46 100 146 10 124 134
28 113 141 57 91 148
31 111 142 66 83 149
64 85 149 41 104 145
1 129 130 45 101 146
37 107 144 3 128 131
63 86 149 19 119 138
55 93 148 5 127 132
35 128 131 56 103 145
62 87 149 49 98 147
62 87 149 7 126 133
49 98 147 7 126 133
44 102 146 54 94 148
61 88 149 16 121 137
60 89 149 11 124 135
72 78 150 18 120 138
29 113 142 43 103 146
80 84 148 48 116 140
26 115 141 59 90 149
26 115 141 71 79 150
26 115 141 39 106 145
59 90 149 71 79 150
59 90 149 39 106 145
71 79 150 39 106 145
32 111 143 13 123 136
23 117 140 47 100 147
4 128 132 52 96 148
41 101 147 3 119 139
67 83 150 15 122 137
8 126 134 42 104 146
57 92 149 51 97 148
4 105 146 50 84 151
65 85 150 10 125 135
64 86 150 34 110 144
22 118 140 50 98 148
63 87 150 45 102 147
8 103 147 57 77 152
1 130 131 55 94 149
24 100 148 60 76 152
30 113 143 27 115 142
70 113 141 63 125 134
61 89 150 54 95 149
24 117 141 33 111 144
21 119 140 36 109 145
21 119 140 75 76 151
36 109 145 75 76 151
72 79 151 53 96 149
71 80 151 11 125 136
70 81 151 59 91 150
18 121 139 29 114 143
18 121 139 39 107 146
18 121 139 69 82 151
29 114 143 39 107 146
29 114 143 69 82 151
39 107 146 69 82 151
68 83 151 52 97 149
68 83 151 47 101 148
68 83 151 13 124 137
52 97 149 47 101 148
52 97 149 13 124 137
47 101 148 13 124 137
58 92 150 2 130 132
67 84 151 4 129 133
42 105 147 15 123 138
42 105 147 57 93 150
15 123 138 57 93 150
38 108 146 46 102 148
64 87 151 31 113 144
56 94 150 10 126 136
34 111 145 50 99 149
22 119 141 41 106 147
67 105 146 50 129 133
45 103 148 12 125 137
62 89 151 37 109 146
19 121 140 49 100 149
5 129 134 61 90 151
30 114 144 54 96 150
76 76 152 44 104 148
40 107 147 7 128 135
40 107 147 75 77 152
40 107 147 33 112 145
7 128 135 75 77 152
7 128 135 33 112 145
75 77 152 33 112 145
24 118 142 74 78 152
48 101 149 16 123 139
48 101 149 9 127 136
48 101 149 71 81 152
16 123 139 9 127 136
16 123 139 71 81 152
9 127 136 71 81 152
52 98 150 18 122 140
26 117 143 47 102 149
26 117 143 58 93 151
47 102 149 58 93 151
32 113 145 67 85 152
2 131 133 23 119 142
51 99 150 6 129 135
20 121 141 15 124 139
64 88 152 8 128 136
10 127 137 25 118 143
55 96 151 45 104 149
62 90 152 22 120 142
1 132 133 76 77 153
19 122 141 74 79 153
19 122 141 54 97 151
19 122 141 3 131 134
74 79 153 54 97 151
74 79 153 3 131 134
54 97 151 3 131 134
30 115 145 5 130 135
27 117 144 72 81 153
40 108 148 60 92 152
33 113 146 71 82 153
7 129 136 24 119 143
69 84 153 36 111 147
59 93 152 9 128 137
11 127 138 67 86 153
52 99 151 39 109 148
18 123 141 66 87 153
26 118 144 32 114 146
23 120 143 35 112 147
23 120 143 65 88 153
23 120 143 57 95 152
35 112 147 65 88 153
35 112 147 57 95 152
65 88 153 57 95 152
51 100 151 4 131 135
6 130 136 46 104 150
20 122 142 38 110 148
50 101 151 31 115 146
34 113 147 62 91 153
17 124 141 41 108 149
14 106 150 46 90 154
35 128 138 70 93 152
22 121 143 77 77 154
12 127 139 37 111 148
12 127 139 61 92 153
37 111 148 61 92 153
73 81 154 49 102 151
15 109 149 61 81 155
72 82 154 54 98 152
71 83 154 1 133 134
3 132 135 60 93 153
47 53 158 2 73 157
14 126 140 44 106 150
14 126 140 70 84 154
14 126 140 30 116 146
44 106 150 70 84 154
44 106 150 30 116 146
70 84 154 30 116 146
5 131 136 40 109 149
53 99 152 48 103 151
79 128 135 96 103 145
67 87 154 21 122 143
58 95 153 43 107 150
11 128 139 47 104 151
26 119 145 65 89 154
13 127 140 35 113 148
51 101 152 23 121 144
38 111 149 63 91 154
38 111 149 6 131 137
63 91 154 6 131 137
10 116 147 28 109 150
50 102 152 8 130 138
75 131 134 86 111 145
28 118 146 62 92 154
77 78 155 55 98 153
25 120 145 75 80 155
10 129 139 74 81 155
10 129 139 45 106 151
10 129 139 41 109 150
74 81 155 45 106 151
74 81 155 41 109 150
45 106 151 41 109 150
17 125 142 73 82 155
41 116 147 28 129 139
49 103 152 37 112 149
33 73 158 3 82 157
47 71 158 29 82 157
69 86 155 1 134 135
44 107 151 19 124 143
47 129 139 69 103 151
27 119 146 14 127 141
33 115 148 68 87 155
33 115 148 5 132 137
33 115 148 53 100 153
68 87 155 5 132 137
68 87 155 53 100 153
5 132 137 53 100 153
16 126 142 58 96 154
9 130 139 66 89 155
52 101 153 43 108 151
57 97 154 29 118 147
46 106 152 56 98 154
46 106 152 2 134 136
56 98 154 2 134 136
78 78 156 6 132 138
76 80 156 20 124 144
50 103 153 62 93 155
50 103 153 15 127 142
62 93 155 15 127 142
28 119 147 73 83 156
28 119 147 31 117 148
73 83 156 31 117 148
41 110 151 34 115 149
41 110 151 61 94 155
41 110 151 25 121 146
34 115 149 61 94 155
34 115 149 25 121 146
61 94 155 25 121 146
54 100 154 70 86 156
22 123 145 37 113 150
12 129 141 69 87 156
44 108 152 68 88 156
40 111 151 1 135 136
40 111 151 19 125 144
40 111 151 59 96 155
1 135 136 19 125 144
1 135 136 59 96 155
19 125 144 59 96 155
27 120 147 48 105 153
33 116 149 67 89 156
36 114 150 66 90 156
69 94 155 50 111 151
16 127 143 43 109 152
21 124 145 9 131 140
21 124 145 65 91 156
9 131 140 65 91 156
51 103 154 26 121 147
46 107 153 13 129 142
46 107 153 23 123 146
46 107 153 78 79 157
13 129 142 23 123 146
13 129 142 78 79 157
23 123 146 78 79 157
2 135 137 75 82 157
38 113 151 74 83 157
62 94 156 4 134 138
20 125 145 55 100 155
72 85 157 15 128 143
71 86 157 31 118 149
28 120 148 8 132 140
70 87 157 25 122 147
49 105 154 54 101 155
49 105 154 10 131 141
54 101 155 10 131 141
69 88 157 17 127 144
45 125 145 75 95 155
44 109 153 59 97 156
53 102 155 67 90 157
19 126 145 30 119 149
7 115 151 49 95 157
33 117 150 3 135 138
14 129 143 66 91 157
65 92 157 7 133 140
65 92 157 52 103 155
7 133 140 52 103 155
57 99 156 9 132 141
39 113 152 64 93 157
2 118 150 58 90 158
29 120 149 51 104 155
79 79 158 11 131 142
78 80 158 32 118 150
77 81 158 63 94 157
26 122 148 76 82 158
75 83 158 18 127 145
46 108 154 74 84 158
62 95 157 73 85 158
62 95 157 13 130 143
73 85 158 13 130 143
38 114 152 2 136 138
38 114 152 72 86 158
2 136 138 72 86 158
4 135 139 55 101 156
6 134 140 20 126 146
45 109 154 31 119 150
53 120 149 72 101 155
8 133 141 41 112 153
4 107 155 29 100 157
61 69 161 29 91 159
69 89 158 34 117 151
60 97 157 25 123 148
10 132 142 68 90 158
37 115 152 17 128 145
59 98 157 67 91 158
12 131 143 53 103 156
40 113 153 48 107 155
1 137 138 33 118 151
1 137 138 58 99 157
1 137 138 27 122 149
33 118 151 58 99 157
33 118 151 27 122 149
58 99 157 27 122 149
36 116 152 52 104 156
36 116 152 24 124 148
52 104 156 24 124 148
43 111 154 7 134 141
47 108 155 57 100 157
16 129 145 79 80 159
78 81 159 39 114 153
78 81 159 21 126 147
39 114 153 21 126 147
77 82 159 9 133 142
51 105 156 75 84 159
29 121 150 74 85 159
56 101 157 32 119 151
73 86 159 26 123 149
18 128 146 42 112 154
18 128 146 62 96 158
42 112 154 62 96 158
13 131 144 71 88 159
38 115 153 55 102 157
61 97 158 2 137 139
6 135 141 69 90 159
45 110 155 15 130 145
11 79 162 41 66 163
28 122 150 60 98 158
8 134 142 34 118 152
68 91 159 49 107 156
67 92 159 37 116 153
59 99 158 17 129 146
44 80 162 12 94 160
48 108 156 12 132 144
65 94 159 30 121 151
19 128 147 33 119 152
3 137 140 52 105 157
24 125 149 79 81 160
24 125 149 5 136 141
24 125 149 64 95 159
79 81 160 5 136 141
79 81 160 64 95 159
5 136 141 64 95 159
43 112 155 77 83 160
74 86 160 16 130 146
9 134 143 51 106 157
32 120 152 72 88 160
46 110 156 26 124 150
35 118 153 42 113 155
50 107 157 55 103 158
23 126 149 61 98 159
23 137 141 67 97 159
45 111 156 60 99 159
20 128 148 68 92 160
6 136 142 54 104 158
41 114 155 15 131 146
28 123 151 49 108 157
8 135 143 67 93 160
66 94 160 10 134 144
53 105 158 17 130 147
65 95 160 40 115 155
77 84 161 19 129 148
77 84 161 27 124 151
19 129 148 27 124 151
1 139 140 76 85 161
3 138 141 57 102 159
36 118 154 14 132 146
47 110 157 5 137 142
53 89 162 2 111 157
80 106 156 64 124 150
7 136 143 73 88 161
21 128 149 56 103 159
21 128 149 72 89 161
21 128 149 16 131 147
56 103 159 72 89 161
56 103 159 16 131 147
72 89 161 16 131 147
45 138 141 87 90 159
29 123 152 32 121 153
26 125 151 70 91 161
26 125 151 11 134 145
26 125 151 35 119 154
70 91 161 11 134 145
70 91 161 35 119 154
11 134 145 35 119 154
55 104 159 61 99 160
50 108 158 18 130 148
79 120 151 96 101 155
23 127 150 38 117 155
87 101 157 67 123 151
41 115 156 20 129 149
67 94 161 49 109 158
6 137 143 31 122 153
66 95 161 25 126 151
29 126 151 69 94 161
61 111 157 43 129 149
44 113 157 17 131 148
63 137 142 93 98 157
48 110 158 58 102 160
48 110 158 22 128 150
48 110 158 80 82 162
58 102 160 22 128 150
58 102 160 80 82 162
22 128 150 80 82 162
76 86 162 12 134 146
75 87 162 30 123 153
57 103 160 27 125 152
36 119 155 1 140 141
73 89 162 43 114 157
73 89 162 14 133 147
73 89 162 63 98 161
73 89 162 47 111 158
73 89 162 3 139 142
43 114 157 14 133 147
43 114 157 63 98 161
43 114 157 47 111 158
43 114 157 3 139 142
14 133 147 63 98 161
14 133 147 47 111 158
14 133 147 3 139 142
63 98 161 47 111 158
63 98 161 3 139 142
47 111 158 3 139 142
61 81 164 4 109 159
20 109 159 71 75 164
39 117 156 51 108 159
71 91 162 62 99 161
32 122 154 46 112 158
91 94 159 61 126 151
35 120 155 55 105 160
11 135 146 50 109 159
68 94 162 38 118 156
16 90 164 60 64 166
45 113 158 67 95 162
41 116 157 4 139 143
59 102 161 31 123 154
6 138 144 66 96 162
15 133 148 28 125 153
25 127 152 80 83 163
25 127 152 8 137 145
25 127 152 53 107 160
80 83 163 8 137 145
80 83 163 53 107 160
8 137 145 53 107 160
79 84 163 37 119 156
78 85 163 65 97 162
58 103 161 77 86 163
17 132 149 76 87 163
49 96 163 19 112 159
75 88 163 40 117 157
73 90 163 33 122 155
27 126 153 63 99 162
47 112 159 72 91 163
60 74 166 30 94 164
5 139 144 51 109 160
5 139 144 56 105 161
51 109 160 56 105 161
7 138 145 70 93 163
69 94 163 9 137 146
69 94 163 61 101 162
69 94 163 46 113 159
9 137 146 61 101 162
9 137 146 46 113 159
61 101 162 46 113 159
29 125 154 55 106 161
42 95 164 10 108 161
60 102 162 18 132 150
67 96 163 23 129 152
66 97 163 59 103 162
66 97 163 41 117 158
66 97 163 2 141 143
59 103 162 41 117 158
59 103 162 2 141 143
41 117 158 2 141 143
79 111 158 59 141 142
4 140 144 80 84 164
100 111 154 84 134 145
31 124 155 20 131 151
31 124 155 79 85 164
20 131 151 79 85 164
34 122 156 78 86 164
34 122 156 28 126 154
78 86 164 28 126 154
15 134 149 6 139 145
77 87 164 53 108 161
25 128 153 37 120 157
8 138 146 58 104 162
38 106 162 6 118 158
44 115 159 75 89 164
10 137 147 17 133 150
22 130 152 40 118 158
52 109 161 73 91 164
22 116 159 54 97 164
46 138 146 86 94 162
72 92 164 12 136 148
43 116 159 19 132 151
43 116 159 71 93 164
43 116 159 36 121 157
19 132 151 71 93 164
19 132 151 36 121 157
71 93 164 36 121 157
1 142 143 62 101 163
14 135 149 51 110 161
24 129 153 3 141 144
7 131 152 56 103 163
46 114 160 16 134 150
42 117 159 9 138 147
68 96 164 32 124 156
29 126 155 50 111 161
11 137 148 67 97 164
3 106 163 58 81 167
23 130 153 82 83 165
80 85 165 45 115 160
49 122 157 38 133 151
59 104 163 13 136 149
59 104 163 49 112 161
13 136 149 49 112 161
31 125 156 65 99 164
31 125 156 4 141 145
31 125 156 76 89 165
65 99 164 4 141 145
65 99 164 76 89 165
4 141 145 76 89 165
34 123 157 53 109 162
15 135 150 75 90 165
25 129 154 74 91 165
44 116 160 64 100 164
48 113 161 8 139 147
52 110 162 10 138 148
22 131 153 57 106 163
67 114 160 61 120 158
33 124 157 12 137 149
27 128 155 43 117 160
36 122 158 62 102 164
12 115 161 37 105 164
56 107 163 19 133 152
14 136 150 24 130 154
69 96 165 39 120 159
7 140 147 55 108 163
7 140 147 68 97 165
55 108 163 68 97 165
42 118 160 50 112 162
9 139 148 29 127 156
67 98 165 35 123 158
79 139 145 89 121 155
26 129 155 81 85 166
11 138 149 54 109 163
11 138 149 38 121 159
11 138 149 79 87 166
54 109 163 38 121 159
54 109 163 79 87 166
38 121 159 79 87 166
78 88 166 18 134 152
45 116 161 59 105 164
23 131 154 77 89 166
2 143 145 53 110 163
20 122 159 60 97 166
4 142 146 74 92 166
4 142 146 58 106 164
4 142 146 34 124 158
74 92 166 58 106 164
74 92 166 34 124 158
58 106 164 34 124 158
15 136 151 64 101 165
37 122 159 73 93 166
83 87 166 43 122 159
57 107 164 52 111 163
71 95 166 10 139 149
77 86 167 37 118 161
33 125 158 30 127 157
33 125 158 47 115 162
33 125 158 62 103 165
30 127 157 47 115 162
30 127 157 62 103 165
47 115 162 62 103 165
36 123 159 27 129 156
19 134 153 69 97 166
60 114 162 36 138 150
39 121 160 1 144 145
39 121 160 61 104 165
39 121 160 24 131 155
1 144 145 61 104 165
1 144 145 24 131 155
61 104 165 24 131 155
83 84 167 7 141 148
82 85 167 50 113 163
81 86 167 42 119 161
81 86 167 67 99 166
81 86 167 21 133 154
42 119 161 67 99 166
42 119 161 21 133 154
67 99 166 21 133 154
79 88 167 29 128 157
35 124 159 9 140 149
54 110 164 26 130 156
54 110 164 66 100 166
26 130 156 66 100 166
11 139 150 59 106 165
45 117 162 18 135 153
75 92 167 23 132 155
74 93 167 13 138 151
31 127 158 73 94 167
2 144 146 64 102 166
86 97 165 47 139 150
28 129 157 4 143 147
15 137 152 48 115 163
15 137 152 72 95 167
15 137 152 37 123 160
48 115 163 72 95 167
48 115 163 37 123 160
72 95 167 37 123 160
44 118 162 6 142 148
71 96 167 8 141 149
70 97 167 22 133 155
43 119 162 69 98 167
56 125 159 61 120 161
12 139 151 51 113 164
61 105 166 19 135 154
24 132 156 84 84 168
82 86 168 14 138 152
3 144 147 81 87 168
67 100 167 5 143 148
60 106 166 50 114 164
42 120 162 78 90 168
77 91 168 16 137 153
77 91 168 32 127 159
16 137 153 32 127 159
66 101 167 29 129 158
54 111 165 9 141 150
58 103 167 37 118 163
26 131 157 59 107 166
65 102 167 45 118 163
11 140 151 49 115 164
18 136 154 74 94 168
53 112 165 73 95 168
13 139 152 64 103 167
16 145 147 35 128 159
48 116 164 4 144 148
37 124 161 44 119 163
63 104 167 71 97 168
6 143 149 57 109 166
25 132 157 52 113 165
40 122 162 8 142 150
40 122 162 70 98 168
8 142 150 70 98 168
3 100 169 65 69 172
33 127 160 43 120 163
30 129 159 51 114 165
54 130 158 46 142 150
36 125 161 84 85 169
61 106 167 83 86 169
12 140 152 68 100 168
82 87 169 27 131 158
80 89 169 19 136 155
79 90 169 55 111 166
24 133 157 67 101 168
14 139 153 1 146 147
14 139 153 78 91 169
1 146 147 78 91 169
3 145 148 60 107 167
94 105 164 66 140 151
60 62 173 30 83 172
16 138 154 54 112 166
83 100 167 43 145 148
75 94 169 35 126 161
75 94 169 29 130 159
35 126 161 29 130 159
26 132 158 38 124 162
45 119 164 49 116 165
11 141 152 73 96 169
58 109 167 23 134 157
58 109 167 53 113 166
58 109 167 41 122 163
23 134 157 53 113 166
23 134 157 41 122 163
53 113 166 41 122 163
34 127 161 71 98 169
48 117 165 63 105 168
44 120 164 20 136 156
57 110 167 37 125 162
35 131 159 21 145 149
15 139 154 70 99 169
47 118 165 17 138 155
47 118 165 22 135 157
47 118 165 83 87 170
17 138 155 22 135 157
17 138 155 83 87 170
22 135 157 83 87 170
10 142 152 82 88 170
81 89 170 51 115 166
43 121 164 68 101 169
61 107 168 33 128 161
30 130 160 80 90 170
12 141 153 27 132 159
39 124 163 19 137 156
76 94 170 14 140 154
76 94 170 50 116 166
14 140 154 50 116 166
3 107 169 69 73 173
66 103 169 3 146 149
5 145 150 75 95 170
21 136 157 59 109 168
21 136 157 7 144 151
21 136 157 32 129 161
59 109 168 7 144 151
59 109 168 32 129 161
7 144 151 32 129 161
29 131 160 16 139 155
29 131 160 65 104 169
16 139 155 65 104 169
38 125 163 73 97 170
49 117 166 26 133 159
42 139 155 70 111 167
72 98 170 58 110 168
53 114 167 11 142 153
63 106 169 13 141 154
34 128 162 48 118 166
2 147 149 37 126 163
52 115 167 20 137 157
69 101 170 85 86 171
69 101 170 25 134 159
69 101 170 6 145 151
85 86 171 25 134 159
85 86 171 6 145 151
25 134 159 6 145 151
56 112 168 8 144 152
17 139 156 51 116 167
17 139 156 79 92 171
17 139 156 61 108 169
51 116 167 79 92 171
51 116 167 61 108 169
79 92 171 61 108 169
10 143 153 43 122 165
33 129 162 78 93 171
55 113 168 27 133 160
76 95 171 39 125 164
76 95 171 60 109 169
39 125 164 60 109 169
46 120 166 66 104 170
75 96 171 24 135 159
42 123 165 3 147 150
5 146 151 59 110 169
73 98 171 21 137 158
7 145 152 35 128 163
72 99 171 9 144 153
26 134 160 64 106 170
71 100 171 41 124 165
57 112 169 48 119 167
31 131 162 34 129 163
44 122 166 86 86 172
52 116 168 84 88 172
37 127 164 83 89 172
37 127 164 28 133 161
83 89 172 28 133 161
20 138 158 2 148 150
20 138 158 62 108 170
20 138 158 82 90 172
2 148 150 62 108 170
2 148 150 82 90 172
62 108 170 82 90 172
81 91 172 4 147 151
40 125 165 25 135 160
47 82 175 5 98 173
68 103 171 79 93 172
8 145 153 47 120 167
22 137 159 43 123 166
77 95 172 17 140 157
64 100 172 20 128 164
36 128 164 76 96 172
12 143 155 75 97 172
66 105 171 39 126 165
46 121 167 19 139 158
14 142 156 42 124 166
54 115 169 59 111 170
54 115 169 1 149 150
54 115 169 65 106 171
59 111 170 1 149 150
59 111 170 65 106 171
1 149 150 65 106 171
73 99 172 3 148 151
29 133 162 7 146 153
16 141 157 64 107 171
16 141 157 49 119 168
64 107 171 49 119 168
38 127 165 45 122 167
9 145 154 26 135 161
71 101 172 53 116 169
70 102 172 18 140 158
85 88 173 23 137 160
32 140 158 80 98 172
83 90 173 57 113 170
13 143 156 69 103 172
13 143 156 44 123 167
13 143 156 81 92 173
13 143 156 52 117 169
13 143 156 31 132 163
69 103 172 44 123 167
69 103 172 81 92 173
69 103 172 52 117 169
69 103 172 31 132 163
44 123 167 81 92 173
44 123 167 52 117 169
44 123 167 31 132 163
81 92 173 52 117 169
81 92 173 31 132 163
52 117 169 31 132 163
80 93 173 37 128 165
2 149 151 79 94 173
15 149 151 25 139 159
68 104 172 4 148 152
56 114 170 40 126 166
15 142 157 78 95 173
47 121 168 77 96 173
47 93 175 23 105 173
50 126 166 30 146 154
76 97 173 43 124 167
32 100 174 60 82 176
55 115 170 10 145 155
75 98 173 30 133 163
60 111 171 36 129 165
74 99 173 39 127 166
73 100 173 65 107 172
24 137 161 59 112 171
72 101 173 3 149 152
74 105 172 28 150 151
32 132 164 64 108 172
95 114 167 75 139 158
21 139 160 49 120 169
7 147 154 58 113 171
7 147 154 71 102 173
58 113 171 71 102 173
16 142 158 38 128 166
86 88 174 26 136 162
85 89 174 9 146 155
97 97 171 71 123 167
41 126 167 83 91 174
63 129 165 87 105 171
81 93 174 57 114 171
81 93 174 18 141 159
57 114 171 18 141 159
48 121 169 69 104 173
62 110 172 52 118 170
71 74 177 6 109 173
79 95 174 34 131 165
45 141 159 75 111 171
28 135 163 68 105 173
37 135 163 75 103 173
4 149 153 61 111 172
25 137 162 15 143 158
47 122 169 67 106 173
6 148 154 76 98 174
8 147 155 43 125 168
66 107 173 17 142 159
36 130 166 74 100 174
36 130 166 30 134 164
36 130 166 10 146 156
74 100 174 30 134 164
74 100 174 10 146 156
30 134 164 10 146 156
61 85 177 5 111 173
27 136 163 39 128 167
73 101 174 46 123 169
65 108 173 12 145 157
42 126 168 24 138 162
42 126 168 72 102 174
24 138 162 72 102 174
1 151 152 64 109 173
1 133 165 67 99 175
32 133 165 87 88 175
86 89 175 35 131 166
86 89 175 49 121 170
86 89 175 5 149 154
35 131 166 49 121 170
35 131 166 5 149 154
49 121 170 5 149 154
21 140 161 29 135 164
21 140 161 84 91 175
21 140 161 45 124 169
29 135 164 84 91 175
29 135 164 45 124 169
84 91 175 45 124 169
38 129 167 53 118 171
7 148 155 83 92 175
82 93 175 63 110 173
48 122 170 18 142 160
62 111 173 23 139 162
34 132 166 68 106 174
13 145 158 77 98 175
13 145 158 37 130 167
77 98 175 37 130 167
56 116 172 28 136 164
76 99 175 20 141 161
2 151 153 67 107 174
25 138 163 47 123 170
15 144 159 51 120 171
55 117 172 60 113 173
73 102 175 10 147 157
65 109 174 50 121 171
12 146 158 54 118 172
87 89 176 24 139 163
64 110 174 86 90 176
71 104 175 85 91 176
83 93 176 1 152 153
3 151 154 49 122 171
82 94 176 32 134 166
70 105 175 45 125 170
70 105 175 5 150 155
45 125 170 5 150 155
29 136 165 81 95 176
59 103 176 11 128 169
63 111 174 21 141 162
35 150 155 90 95 175
16 144 160 80 96 176
41 128 169 79 97 176
57 116 173 9 148 157
78 98 176 62 112 174
18 143 161 11 147 158
23 140 163 68 107 175
96 111 171 69 144 159
23 115 174 50 101 177
56 117 173 37 131 168
13 146 159 61 113 174
67 108 175 28 137 165
60 134 166 94 100 174
75 101 176 40 129 169
47 124 171 51 121 172
25 139 164 4 151 155
6 150 156 60 114 174
55 118 173 43 127 170
87 101 175 49 137 165
73 103 176 8 149 157
33 134 167 22 141 163
50 122 172 10 148 158
46 125 171 39 130 169
46 125 171 59 115 174
39 130 169 59 115 174
87 90 177 27 138 165
54 119 173 86 91 177
84 93 177 12 147 159
64 111 175 71 105 176
83 94 177 19 143 162
70 106 176 14 146 160
53 120 173 32 135 167
53 120 173 3 152 155
53 120 173 80 97 177
53 120 173 35 133 168
53 120 173 63 112 175
32 135 167 3 152 155
32 135 167 80 97 177
32 135 167 35 133 168
32 135 167 63 112 175
3 152 155 80 97 177
3 152 155 35 133 168
3 152 155 63 112 175
80 97 177 35 133 168
80 97 177 63 112 175
35 133 168 63 112 175
29 137 166 38 131 169
21 142 163 79 98 177
82 118 172 58 148 158
57 117 174 78 99 177
41 129 170 26 139 165
48 124 172 68 108 176
57 87 180 15 108 177
11 148 159 76 101 177
11 148 159 44 127 171
11 148 159 23 141 164
76 101 177 44 127 171
76 101 177 23 141 164
44 127 171 23 141 164
73 124 171 81 116 173
34 134 168 56 118 174
67 109 176 31 136 167
75 118 173 58 135 167
74 103 177 51 122 173
47 125 172 20 143 163
76 115 174 50 141 164
25 140 165 60 115 175
15 146 161 55 119 174
43 128 171 73 104 177
88 90 178 8 150 158
72 105 177 33 135 168
22 142 164 86 92 178
50 123 173 85 93 178
50 123 173 30 137 167
50 123 173 17 145 162
85 93 178 30 137 167
85 93 178 17 145 162
30 137 167 17 145 162
84 94 178 46 126 172
39 131 170 10 149 159
27 139 166 71 106 177
58 117 175 70 107 177
26 122 174 54 106 178
79 99 178 14 147 161
79 99 178 53 121 174
14 147 161 53 121 174
35 134 169 1 154 155
3 153 156 69 108 177
38 132 170 78 100 178
77 101 178 7 151 158
16 146 162 62 114 176
76 102 178 52 122 174
75 103 178 67 110 177
75 103 178 18 145 163
75 103 178 23 142 165
67 110 177 18 145 163
67 110 177 23 142 165
18 145 163 23 142 165
61 115 176 11 149 160
61 115 176 56 119 175
11 149 160 56 119 175
13 148 161 28 139 167
60 103 179 5 129 172
51 123 174 66 111 177
60 116 176 20 144 164
89 90 179 25 141 166
87 92 179 43 129 172
87 92 179 4 153 157
43 129 172 4 153 157
6 152 158 72 106 178
25 152 158 80 103 178
83 96 179 8 151 159
83 96 179 33 136 169
83 96 179 59 117 176
8 151 159 33 136 169
8 151 159 59 117 176
33 136 169 59 117 176
50 124 174 36 134 170
71 107 178 82 97 179
71 107 178 46 127 173
71 107 178 17 146 163
82 97 179 46 127 173
82 97 179 17 146 163
46 127 173 17 146 163
70 108 178 42 130 172
19 145 164 79 100 179
69 109 178 78 101 179
67 105 179 25 133 171
3 154 157 77 102 179
3 154 157 38 133 171
77 102 179 38 133 171
57 119 176 29 139 168
62 115 177 5 153 158
76 103 179 41 131 172
7 152 159 16 147 163
9 151 160 75 104 179
44 129 173 61 116 177
11 150 161 74 105 179
31 138 169 37 134 171
89 91 180 51 124 175
88 92 180 40 132 172
88 92 180 28 140 168
40 132 172 28 140 168
13 149 162 47 127 174
71 115 177 55 129 173
87 93 180 60 117 177
85 95 180 20 145 165
43 130 173 25 142 167
43 130 173 65 113 178
43 130 173 2 155 157
25 142 167 65 113 178
25 142 167 2 155 157
65 113 178 2 155 157
15 148 163 83 97 180
36 135 171 81 99 180
54 122 176 46 128 174
54 122 176 22 144 166
54 122 176 64 114 178
46 128 174 22 144 166
46 128 174 64 114 178
22 144 166 64 114 178
17 147 164 39 133 172
70 109 179 10 151 161
42 131 173 58 119 177
46 147 164 84 109 178
12 150 162 78 102 180
19 146 165 49 126 175
19 146 165 69 110 179
49 126 175 69 110 179
53 123 176 24 143 167
38 134 172 62 116 178
68 111 179 1 156 157
21 145 166 5 154 159
52 124 176 16 148 164
48 127 175 7 153 160
18 107 181 47 94 183
56 121 177 9 152 161
44 130 174 74 106 180
54 134 172 76 114 178
23 144 167 88 93 181
87 94 181 66 113 179
87 94 181 11 151 162
87 94 181 34 137 171
66 113 179 11 151 162
66 113 179 34 137 171
11 151 162 34 137 171
73 107 180 37 135 172
86 95 181 31 139 170
85 96 181 51 125 176
75 87 183 15 123 177
40 133 173 47 128 175
28 141 169 84 97 181
55 122 177 13 150 163
76 122 176 64 134 172
43 131 174 82 99 181
96 106 178 74 128 174
15 149 164 71 109 180
15 149 164 81 100 181
15 149 164 4 155 159
71 109 180 81 100 181
71 109 180 4 155 159
81 100 181 4 155 159
50 126 176 6 154 160
64 115 179 80 101 181
54 123 177 33 138 171
30 140 170 70 110 180
39 134 173 79 102 181
10 152 162 58 120 178
27 142 169 78 103 181
38 152 162 72 118 178
49 127 176 77 104 181
51 83 185 5 101 183
12 151 163 53 124 177
79 113 179 41 151 163
62 117 179 57 121 178
8 116 180 60 92 184
75 106 181 29 141 170
41 133 174 21 146 167
52 125 177 67 113 180
91 91 182 26 143 169
91 91 182 61 118 179
91 91 182 7 154 161
91 91 182 74 107 181
26 143 169 61 118 179
26 143 169 7 154 161
26 143 169 74 107 181
61 118 179 7 154 161
61 118 179 74 107 181
7 154 161 74 107 181
56 122 178 88 94 182
84 98 182 18 148 166
84 98 182 34 138 172
18 148 166 34 138 172
11 152 163 37 136 173
60 119 179 31 140 171
72 109 181 47 129 176
82 100 182 28 142 170
43 132 175 20 147 167
25 144 169 59 120 179
81 107 181 29 157 159
4 156 160 64 116 180
6 155 161 70 111 181
33 139 172 36 137 173
39 135 174 30 141 171
78 104 182 8 154 162
78 104 182 22 146 168
8 154 162 22 146 168
84 115 179 59 140 171
17 149 166 58 121 179
10 153 163 42 133 175
10 153 163 77 105 182
10 153 163 27 143 170
42 133 175 77 105 182
42 133 175 27 143 170
77 105 182 27 143 170
68 113 181 19 148 167
24 145 169 45 131 176
75 107 182 35 138 173
29 142 171 1 158 159
29 142 171 67 114 181
29 142 171 89 94 183
1 158 159 67 114 181
1 158 159 89 94 183
67 114 181 89 94 183
3 157 160 88 95 183
52 126 178 74 108 182
21 147 168 48 129 177
21 147 168 87 96 183
48 129 177 87 96 183
82 83 185 5 127 178
61 119 180 5 156 161
26 144 170 16 150 166
85 98 183 7 155 162
70 82 186 10 114 182
109 126 172 94 147 164
23 146 169 34 139 173
82 101 183 51 127 178
82 101 183 18 149 167
82 101 183 37 137 174
51 127 178 18 149 167
51 127 178 37 137 174
18 149 167 37 137 174
11 153 164 31 141 172
65 116 181 55 124 179
80 103 183 13 152 165
64 117 181 79 104 183
70 112 182 2 158 160
70 112 182 50 128 178
2 158 160 50 128 178
15 151 166 54 125 179
36 138 174 6 156 162
30 142 172 58 122 180
63 118 181 77 106 183
63 118 181 22 147 169
63 118 181 69 113 182
77 106 183 22 147 169
77 106 183 69 113 182
22 147 169 69 113 182
49 129 178 53 126 179
79 122 179 53 151 166
45 132 177 75 108 183
45 132 177 12 153 165
45 132 177 57 123 180
75 108 183 12 153 165
75 108 183 57 123 180
12 153 165 57 123 180
91 93 184 19 149 168
90 94 184 24 146 170
87 97 184 32 141 173
67 115 182 38 137 175
14 152 166 86 98 184
29 143 172 52 127 179
1 159 160 85 99 184
1 159 160 61 120 181
1 159 160 41 135 176
85 99 184 61 120 181
85 99 184 41 135 176
61 120 181 41 135 176
84 100 184 56 124 180
73 110 183 5 157 162
16 151 167 83 101 184
44 133 177 7 156 163
9 155 164 60 121 181
81 103 184 51 128 179
37 138 175 65 117 182
37 138 175 23 147 170
65 117 182 23 147 170
31 142 173 47 131 178
80 104 184 40 136 176
13 153 166 43 134 177
50 129 179 25 146 171
4 158 162 46 132 178
33 141 174 69 114 183
6 157 163 63 119 182
6 157 163 58 123 181
63 119 182 58 123 181
61 155 164 100 109 181
76 108 184 8 156 164
76 103 185 1 145 172
68 115 183 53 127 180
68 115 183 27 145 172
68 115 183 92 93 185
53 127 180 27 145 172
53 127 180 92 93 185
27 145 172 92 93 185
91 94 185 49 130 179
10 155 165 90 95 185
89 96 185 75 109 184
45 133 178 87 98 185
19 150 169 86 99 185
86 92 186 4 142 174
85 100 185 35 140 175
32 142 174 38 138 176
73 111 184 48 131 179
73 111 184 41 136 177
73 111 184 29 144 173
48 131 179 41 136 177
48 131 179 29 144 173
41 136 177 29 144 173
1 160 161 56 125 181
66 117 183 3 159 162
82 103 185 5 158 163
44 134 178 26 146 172
72 112 184 16 152 168
9 156 165 51 129 180
34 141 175 55 126 181
71 113 184 37 139 176
23 148 171 47 132 179
31 143 174 18 151 169
11 155 166 79 106 185
18 145 173 37 135 178
78 107 185 43 135 178
20 150 170 50 130 180
25 147 172 77 108 185
73 90 188 20 122 183
15 153 168 63 120 183
39 138 177 93 93 186
92 94 186 6 158 164
90 96 186 30 144 174
89 97 186 22 149 171
42 136 178 88 98 186
53 128 181 17 152 169
27 146 173 62 121 183
86 100 186 10 156 166
74 111 185 45 134 179
74 111 185 85 101 186
45 134 179 85 101 186
61 122 183 83 103 186
61 122 183 38 139 177
83 103 186 38 139 177
32 143 175 73 112 185
12 130 181 75 94 188
66 118 184 82 104 186
66 118 184 56 126 182
66 118 184 14 154 168
82 104 186 56 126 182
82 104 186 14 154 168
56 126 182 14 154 168
72 113 185 3 160 163
21 150 171 81 105 186
44 135 179 5 159 164
71 114 185 51 130 181
114 118 178 86 158 162
9 157 166 79 107 186
37 140 177 47 133 180
18 152 170 40 138 178
59 124 183 11 156 167
69 116 185 20 151 171
92 95 187 25 148 173
63 121 184 91 96 187
83 158 163 103 127 178
76 110 186 46 134 180
90 97 187 58 125 183
89 98 187 2 161 163
33 143 176 88 99 187
87 100 187 68 117 185
6 159 165 75 111 186
45 141 177 27 159 165
42 137 179 53 129 182
8 158 166 62 122 184
85 102 187 17 153 170
27 147 174 57 126 183
67 118 185 10 157 167
9 133 181 83 89 189
4 103 189 53 84 191
24 149 173 61 123 184
24 149 173 19 152 171
61 123 184 19 152 171
82 105 187 35 142 177
38 140 178 52 130 182
48 133 181 56 127 183
41 138 179 81 106 187
60 145 175 100 105 185
14 155 169 29 146 175
3 161 164 21 151 172
60 124 184 44 136 180
5 160 165 65 120 185
51 131 182 7 159 166
34 143 177 37 141 178
34 143 177 9 158 167
34 143 177 78 109 187
37 141 178 9 158 167
37 141 178 78 109 187
9 158 167 78 109 187
5 106 189 49 90 191
40 139 179 31 145 176
40 139 179 59 125 184
40 139 179 64 121 185
31 145 176 59 125 184
31 145 176 64 121 185
59 125 184 64 121 185
84 155 167 92 141 175
43 137 180 93 95 188
43 137 180 28 147 175
93 95 188 28 147 175
54 129 183 69 117 186
90 98 188 50 132 182
13 156 169 89 99 188
13 156 169 76 111 187
89 99 188 76 111 187
88 100 188 20 152 172
46 135 181 25 149 174
68 118 186 2 162 164
68 118 186 36 142 178
68 118 186 86 102 188
2 162 164 36 142 178
2 162 164 86 102 188
36 142 178 86 102 188
94 96 188 16 162 164
4 161 165 39 140 179
6 160 166 30 146 176
53 130 183 62 123 185
22 151 173 49 133 182
22 151 173 74 113 187
49 133 182 74 113 187
75 95 190 30 125 185
57 127 184 8 159 167
67 119 186 17 154 171
27 148 175 83 105 188
66 120 186 24 150 174
52 131 183 19 153 172
52 131 183 81 107 188
52 131 183 12 157 169
19 153 172 81 107 188
19 153 172 12 157 169
81 107 188 12 157 169
50 109 189 1 126 185
32 145 177 72 115 187
1 163 164 79 109 188
1 163 164 71 116 187
1 163 164 44 137 181
79 109 188 71 116 187
79 109 188 44 137 181
71 116 187 44 137 181
26 149 175 5 161 166
90 114 186 54 150 174
16 155 171 55 129 184
70 117 187 47 135 182
64 122 186 34 144 178
94 95 189 59 126 185
9 159 168 93 96 189
92 97 189 77 111 188
23 151 174 31 146 177
23 151 174 91 98 189
31 146 177 91 98 189
69 118 187 43 138 181
28 148 176 76 112 188
87 102 189 63 123 186
13 157 170 58 127 185
57 142 179 53 146 177
20 153 173 75 113 188
83 90 191 5 134 183
33 145 178 2 163 165
39 141 180 15 156 171
39 141 180 84 105 189
15 156 171 84 105 189
4 162 166 62 124 186
4 162 166 74 114 188
62 124 186 74 114 188
42 139 181 83 106 189
42 139 181 6 161 167
42 139 181 49 134 183
83 106 189 6 161 167
83 106 189 49 134 183
6 161 167 49 134 183
67 120 187 57 128 185
17 155 172 73 115 188
10 159 169 61 125 186
52 132 184 72 116 188
35 144 179 80 109 189
35 144 179 24 151 175
35 144 179 56 129 185
80 109 189 24 151 175
80 109 189 56 129 185
24 151 175 56 129 185
12 158 170 38 142 180
71 117 188 29 148 177
78 111 189 21 153 174
95 95 190 55 130 185
26 150 176 94 96 190
5 162 167 93 97 190
92 98 190 70 118 188
77 112 189 47 136 183
77 112 189 64 123 187
77 112 189 7 161 168
47 136 183 64 123 187
47 136 183 7 161 168
64 123 187 7 161 168
1 145 179 41 131 185
34 145 179 89 101 190
9 160 169 40 141 181
76 113 189 69 119 188
18 155 173 87 103 190
11 159 170 54 131 185
86 104 190 50 134 184
28 149 177 63 124 187
13 158 171 46 137 183
20 154 174 84 106 190
62 125 187 83 107 190
33 146 179 39 142 181
15 157 172 53 132 185
4 163 167 67 121 188
42 140 182 30 148 178
42 140 182 82 108 190
30 148 178 82 108 190
27 150 177 45 138 183
10 160 170 80 110 190
48 136 184 24 152 176
19 155 174 79 111 190
41 141 182 71 118 189
60 127 187 65 123 188
29 149 178 94 97 191
44 139 183 92 99 191
51 134 185 55 131 186
51 134 185 90 101 191
51 134 185 70 119 189
51 134 185 1 165 166
51 134 185 21 154 175
55 131 186 90 101 191
55 131 186 70 119 189
55 131 186 1 165 166
55 131 186 21 154 175
90 101 191 70 119 189
90 101 191 1 165 166
90 101 191 21 154 175
70 119 189 1 165 166
70 119 189 21 154 175
1 165 166 21 154 175
89 102 191 26 151 177
30 164 167 89 108 190
47 137 184 59 128 187
47 137 184 16 157 173
47 137 184 88 103 191
59 128 187 16 157 173
59 128 187 88 103 191
16 157 173 88 103 191
87 104 191 37 144 181
76 114 190 34 146 180
9 161 170 86 105 191
18 156 174 54 132 186
63 125 188 43 140 183
75 115 190 50 135 185
84 107 191 68 121 189
83 108 191 13 159 172
67 122 189 39 143 182
67 122 189 53 133 186
39 143 182 53 133 186
2 165 167 73 117 190
2 165 167 15 158 173
2 165 167 57 130 187
73 117 190 15 158 173
73 117 190 57 130 187
15 158 173 57 130 187
81 110 191 30 149 179
80 111 191 45 139 184
37 113 192 48 107 193
8 162 170 72 118 190
27 151 178 17 157 174
79 112 191 56 131 187
48 137 185 95 97 192
71 119 190 35 146 181
94 98 192 38 144 182
93 99 192 24 153 177
19 156 175 65 124 189
32 148 180 92 100 192
32 148 180 12 160 172
32 148 180 60 128 188
92 100 192 12 160 172
92 100 192 60 128 188
12 160 172 60 128 188
78 113 191 41 142 183
77 114 191 14 159 173
64 165 167 80 139 183
37 159 173 93 107 191
21 155 176 64 125 189
87 105 192 3 165 168
76 115 191 5 164 169
86 106 192 16 158 174
37 145 182 7 163 170
40 143 183 85 107 192
31 149 180 75 116 191
9 162 171 63 126 189
23 154 177 54 133 187
68 122 190 58 130 188
89 148 178 82 164 167
28 151 179 11 161 172
25 153 178 67 123 190
73 118 191 53 134 187
81 111 192 39 144 183
57 131 188 33 148 181
2 166 168 42 142 184
72 119 191 61 128 189
6 164 170 66 124 190
8 163 171 79 113 192
8 163 171 96 97 193
8 163 171 27 152 179
79 113 192 96 97 193
79 113 192 27 152 179
96 97 193 27 152 179
17 158 175 95 98 193
93 100 193 52 135 187
21 127 190 71 98 195
110 122 186 86 150 178
48 138 186 78 114 192
90 103 193 38 145 183
90 103 193 35 147 182
38 145 183 35 147 182
41 143 184 32 149 181
41 143 184 19 157 176
41 143 184 89 104 193
32 149 181 19 157 176
32 149 181 89 104 193
19 157 176 89 104 193
77 115 192 88 105 193
44 141 185 29 151 180
14 160 174 64 126 190
3 166 169 47 139 186
3 166 169 26 153 179
3 166 169 69 122 191
47 139 186 26 153 179
47 139 186 69 122 191
26 153 179 69 122 191
36 112 194 62 96 196
7 164 171 84 109 193
9 163 172 68 123 191
50 137 187 43 142 185
50 137 187 83 110 193
50 137 187 23 155 178
43 142 185 83 110 193
43 142 185 23 155 178
83 110 193 23 155 178
74 118 192 18 158 176
82 111 193 11 162 173
28 109 195 60 91 197
73 119 192 81 112 193
20 157 177 53 135 188
57 132 189 36 147 183
33 149 182 49 138 187
97 97 194 2 167 169
61 129 190 30 151 181
61 129 190 95 99 194
61 129 190 66 125 191
30 151 181 95 99 194
30 151 181 66 125 191
95 99 194 66 125 191
4 166 170 94 100 194
93 101 194 79 114 193
6 165 171 45 141 186
22 156 178 92 102 194
52 136 188 8 164 172
56 133 189 17 159 176
56 133 189 71 121 192
17 159 176 71 121 192
65 126 191 89 105 194
98 138 184 82 166 168
79 87 197 27 121 193
38 146 184 88 106 194
41 144 185 24 155 179
70 122 192 32 150 182
19 158 177 87 107 194
44 142 186 86 108 194
29 152 181 64 127 191
51 137 188 76 117 193
14 161 175 85 109 194
14 161 175 59 131 190
85 109 194 59 131 190
84 110 194 26 154 180
70 133 189 42 161 175
75 118 193 3 167 170
69 115 194 50 129 191
63 128 191 37 147 184
34 149 183 83 111 194
74 119 193 31 151 182
50 138 188 58 132 190
23 156 179 9 164 173
11 163 174 81 113 194
11 163 174 46 141 187
11 163 174 62 129 191
81 113 194 46 141 187
81 113 194 62 129 191
46 141 187 62 129 191
67 125 192 73 120 193
13 162 175 57 133 190
13 162 175 97 98 195
57 133 190 97 98 195
95 100 195 25 155 180
94 101 195 39 146 185
33 150 183 93 102 195
66 126 192 42 144 186
61 130 191 79 115 194
15 161 176 91 104 195
12 125 193 60 103 197
30 152 182 2 168 170
16 90 199 54 71 200
22 157 179 71 122 193
6 166 172 78 116 194
43 125 193 83 95 197
65 127 192 88 107 195
65 127 192 8 165 173
65 127 192 17 160 177
88 107 195 8 165 173
88 107 195 17 160 177
8 165 173 17 160 177
38 147 185 70 123 193
41 145 186 86 109 195
7 141 188 84 97 197
85 110 195 55 135 190
39 163 175 65 137 189
59 132 191 69 124 193
1 169 170 26 155 181
3 168 171 63 129 192
100 122 191 65 166 172
100 118 192 80 138 188
5 167 172 68 125 193
5 167 172 37 148 185
68 125 193 37 148 185
74 120 194 34 150 184
74 120 194 54 136 190
74 120 194 40 146 186
34 150 184 54 136 190
34 150 184 40 146 186
54 136 190 40 146 186
7 166 173 58 133 191
61 151 183 83 129 191
58 114 196 42 124 194
31 152 183 43 144 187
9 165 174 81 114 195
18 160 178 62 130 192
46 142 188 28 154 182
46 142 188 98 98 196
28 154 182 98 98 196
95 101 196 11 164 175
9 145 187 37 135 191
49 140 189 79 116 195
49 140 189 25 156 181
49 140 189 36 149 185
49 140 189 20 159 179
49 140 189 91 105 196
79 116 195 25 156 181
79 116 195 36 149 185
79 116 195 20 159 179
79 116 195 91 105 196
25 156 181 36 149 185
25 156 181 20 159 179
25 156 181 91 105 196
36 149 185 20 159 179
36 149 185 91 105 196
20 159 179 91 105 196
61 131 192 33 151 184
78 117 195 15 162 177
78 117 195 30 153 183
15 162 177 30 153 183
71 123 194 2 169 171
4 168 172 88 108 196
22 158 180 52 138 190
59 89 200 40 101 199
27 155 182 77 118 195
86 110 196 70 124 194
86 120 194 40 166 174
35 150 185 10 165 175
76 119 195 85 111 196
3 103 199 67 73 201
24 157 181 64 129 193
79 93 199 9 131 193
82 91 199 14 131 193
55 136 191 19 160 179
44 144 188 12 164 176
44 144 188 84 112 196
12 164 176 84 112 196
76 84 200 4 120 196
51 139 190 69 125 194
73 166 173 107 122 191
47 142 189 14 163 177
82 114 196 26 156 182
82 114 196 68 126 194
26 156 182 68 126 194
74 121 195 1 170 171
54 137 191 37 149 186
40 147 187 5 168 173
58 134 192 16 162 178
98 99 197 7 167 174
97 100 197 43 145 188
31 153 184 96 101 197
95 102 197 73 122 195
23 158 181 94 103 197
23 158 181 67 127 194
23 158 181 62 131 193
94 103 197 67 127 194
94 103 197 62 131 193
67 127 194 62 131 193
46 143 189 18 161 179
28 155 183 92 105 197
27 107 199 67 83 201
72 123 195 57 135 192
89 108 197 13 164 177
89 108 197 61 132 193
89 108 197 39 148 187
13 164 177 61 132 193
13 164 177 39 148 187
61 132 193 39 148 187
74 166 174 86 146 186
42 146 188 78 118 196
87 110 197 15 163 178
52 139 191 77 119 196
52 139 191 4 169 173
77 119 196 4 169 173
22 159 181 86 111 197
85 112 197 8 167 175
97 105 197 27 167 175
10 166 176 64 130 194
41 147 188 84 113 197
55 137 192 32 153 185
75 121 196 19 161 180
75 121 196 51 140 191
75 121 196 44 145 189
19 161 180 51 140 191
19 161 180 44 145 189
51 140 191 44 145 189
75 106 199 10 141 191
95 114 196 46 161 180
47 143 190 82 115 197
31 141 191 89 99 199
74 122 196 14 164 178
26 157 183 97 101 198
54 138 192 96 102 198
81 116 197 1 171 172
3 170 173 58 135 193
3 170 173 37 150 187
3 170 173 95 103 198
58 135 193 37 150 187
58 135 193 95 103 198
37 150 187 95 103 198
94 104 198 34 152 186
5 169 174 50 141 191
80 117 197 67 128 195
80 117 197 7 168 175
67 128 195 7 168 175
92 106 198 62 132 194
23 159 182 91 107 198
90 108 198 18 162 180
72 124 196 28 156 184
57 136 193 53 139 192
11 166 177 89 109 198
61 133 194 49 142 191
24 115 199 39 109 200
39 149 188 36 151 187
25 158 183 13 165 178
20 161 181 71 125 196
33 153 186 42 147 189
33 153 186 87 111 198
42 147 189 87 111 198
44 158 183 73 132 194
45 145 190 65 130 195
45 145 190 30 155 185
65 130 195 30 155 185
70 126 196 60 134 194
70 126 196 4 170 174
60 134 194 4 170 174
27 157 184 48 143 191
69 127 196 41 148 189
75 122 197 83 115 198
75 122 197 55 138 193
75 122 197 10 167 177
83 115 198 55 138 193
83 115 198 10 167 177
55 138 193 10 167 177
24 159 183 51 141 192
82 116 198 12 166 178
53 70 204 4 90 203
99 100 199 29 156 185
97 102 199 74 123 197
47 144 191 96 103 199
93 98 200 35 142 192
14 165 179 94 105 199
21 161 182 93 106 199
21 161 182 54 139 193
93 106 199 54 139 193
58 136 194 26 158 184
92 107 199 1 172 173
92 107 199 37 151 188
92 107 199 73 124 197
1 172 173 37 151 188
1 172 173 73 124 197
37 151 188 73 124 197
80 118 198 50 142 192
91 108 199 67 129 196
62 133 195 43 147 190
90 109 199 31 155 186
72 125 197 23 160 183
89 110 199 46 145 191
57 137 194 18 163 181
53 140 193 28 157 185
87 112 199 49 143 192
13 166 179 86 113 199
20 162 182 42 148 190
77 121 198 33 154 187
85 114 199 45 146 191
60 135 195 15 165 180
2 172 174 76 122 198
84 115 199 4 171 175
101 105 199 31 171 175
17 164 181 83 116 199
8 169 177 69 128 197
55 139 194 41 149 190
59 136 195 99 101 200
10 168 178 98 102 200
82 117 199 51 142 193
32 155 187 97 103 200
24 160 184 96 104 200
68 129 197 63 133 196
68 129 197 12 167 179
63 133 196 12 167 179
29 157 186 81 118 199
93 107 200 47 145 192
14 166 180 54 140 194
58 137 195 73 125 198
80 119 199 91 109 200
67 130 197 50 143 193
90 110 200 40 150 190
34 154 188 62 134 196
76 95 203 28 125 199
89 111 200 5 171 176
89 111 200 16 165 181
89 111 200 79 120 199
5 171 176 16 165 181
5 171 176 79 120 199
16 165 181 79 120 199
9 169 178 78 121 199
9 169 178 66 131 197
9 169 178 53 141 194
78 121 199 66 131 197
78 121 199 53 141 194
66 131 197 53 141 194
28 158 186 18 164 182
11 168 179 49 144 193
85 115 200 25 160 185
20 163 183 13 167 180
20 163 183 33 155 188
20 163 183 65 132 197
13 167 180 33 155 188
13 167 180 65 132 197
33 155 188 65 132 197
15 107 203 63 83 205
122 129 191 103 151 186
25 107 203 73 77 205
84 116 200 60 136 196
83 117 200 48 145 193
100 101 201 75 124 199
27 159 186 99 102 201
27 159 186 6 171 177
27 159 186 69 129 198
99 102 201 6 171 177
99 102 201 69 129 198
6 171 177 69 129 198
74 115 201 11 150 191
82 118 200 8 170 178
82 118 200 38 152 190
8 170 178 38 152 190
41 150 191 95 106 201
41 150 191 35 154 189
95 106 201 35 154 189
94 107 201 51 143 194
74 125 199 10 169 179
44 148 192 32 156 188
24 161 185 81 119 200
92 109 201 19 164 183
37 110 203 77 82 205
29 158 187 47 146 193
67 163 183 103 123 197
54 141 195 90 111 201
89 112 201 21 163 184
50 144 194 26 160 186
62 135 197 37 153 190
45 139 196 4 155 189
79 121 200 40 151 191
93 95 203 5 147 193
1 174 175 34 155 189
45 151 191 95 109 201
72 127 199 88 113 201
72 127 199 43 149 192
72 127 199 3 173 176
88 113 201 43 149 192
88 113 201 3 173 176
43 149 192 3 173 176
46 147 193 7 171 178
23 162 185 53 142 195
86 115 201 9 170 179
61 136 197 71 128 199
46 134 198 74 114 202
85 116 201 11 169 180
78 145 193 93 130 197
70 129 199 25 161 186
84 117 201 33 156 189
20 164 184 56 140 196
20 164 184 76 124 200
56 140 196 76 124 200
52 143 195 60 137 197
52 143 195 45 148 193
60 137 197 45 148 193
100 102 202 30 158 188
99 103 202 83 118 201
97 105 202 15 167 182
48 146 194 2 174 176
48 146 194 96 106 202
48 146 194 64 134 198
2 174 176 96 106 202
2 174 176 64 134 198
96 106 202 64 134 198
71 96 205 16 125 201
22 163 185 95 107 202
6 172 178 94 108 202
38 153 191 59 138 197
38 153 191 17 166 183
38 153 191 93 109 202
59 138 197 17 166 183
59 138 197 93 109 202
17 166 183 93 109 202
8 171 179 41 151 192
81 120 201 51 144 195
50 173 177 82 135 197
44 149 193 68 131 199
80 121 201 19 165 184
29 159 188 12 169 181
58 139 197 89 113 202
88 114 202 62 136 198
88 114 202 14 168 182
62 136 198 14 168 182
26 161 187 37 154 191
40 152 192 72 128 200
87 115 202 43 150 193
3 174 177 78 123 201
31 158 189 66 133 199
46 148 194 86 116 202
53 143 196 7 172 179
61 137 198 23 163 186
123 127 194 94 163 183
65 134 199 11 170 181
76 125 201 36 155 191
101 102 203 42 151 193
56 141 197 99 104 203
25 162 187 33 157 190
25 162 187 98 105 203
33 157 190 98 105 203
13 169 182 97 106 203
13 169 182 83 119 202
97 106 203 83 119 202
53 120 203 27 133 200
30 159 189 75 126 201
69 131 200 64 135 199
48 147 195 15 168 183
93 110 203 2 175 177
4 174 178 22 164 186
54 133 200 5 154 192
92 111 203 27 161 188
6 173 179 74 127 201
6 173 179 59 139 198
6 173 179 81 121 202
74 127 201 59 139 198
74 127 201 81 121 202
59 139 198 81 121 202
17 167 184 91 112 203
17 167 184 41 152 193
91 112 203 41 152 193
51 145 196 35 156 191
8 172 180 68 132 200
80 122 202 32 158 190
73 128 201 24 163 187
58 140 198 12 170 182
79 123 202 54 143 197
67 133 200 88 115 203
37 155 192 40 153 193
26 162 188 78 124 202
43 151 194 34 157 191
31 159 190 46 149 195
31 159 190 71 130 201
31 159 190 5 174 179
46 149 195 71 130 201
46 149 195 5 174 179
71 130 201 5 174 179
77 125 202 85 118 203
97 145 194 110 131 197
49 147 196 84 119 203
49 147 196 101 103 204
49 147 196 28 161 189
49 147 196 9 172 181
84 119 203 101 103 204
84 119 203 28 161 189
84 119 203 9 172 181
101 103 204 28 161 189
101 103 204 9 172 181
28 161 189 9 172 181
76 126 202 98 106 204
39 154 193 11 171 182
96 108 204 36 156 192
42 152 194 56 142 198
94 125 201 59 159 190
60 139 199 95 109 204
52 145 197 25 163 188
94 110 204 20 166 186
13 170 183 75 127 202
69 132 201 93 111 204
48 148 196 92 112 204
2 176 178 74 128 202
55 143 198 22 165 187
59 140 199 4 175 179
6 174 180 90 114 204
41 153 194 51 146 197
17 168 185 80 123 203
17 168 185 35 157 192
17 168 185 63 137 200
80 123 203 35 157 192
80 123 203 63 137 200
35 157 192 63 137 200
89 115 204 44 151 195
24 164 188 88 116 204
47 149 196 79 124 203
67 134 201 58 141 199
67 134 201 19 167 186
58 141 199 19 167 186
87 117 204 12 171 183
72 130 202 62 138 200
50 147 197 78 125 203
40 154 194 14 170 184
21 166 187 26 163 189
77 126 203 1 177 178
77 126 203 57 142 199
1 177 178 57 142 199
102 103 205 53 145 198
16 169 185 61 139 200
16 169 185 31 160 191
16 169 185 101 104 205
61 139 200 31 160 191
61 139 200 101 104 205
31 160 191 101 104 205
100 105 205 5 175 180
97 108 205 23 165 188
76 127 203 49 148 197
65 136 201 96 109 205
28 162 190 70 132 202
67 129 203 21 157 193
39 155 194 94 111 205
36 157 193 11 172 183
73 132 202 22 172 183
75 128 203 93 112 205
82 122 204 52 146 198
25 164 189 45 151 196
20 167 187 92 113 205
64 137 201 13 171 184
91 114 205 30 161 191
90 115 205 15 170 185
59 141 200 55 144 199
22 166 188 68 134 202
80 124 204 4 176 180
51 147 198 63 138 201
41 154 195 6 175 181
35 158 193 73 130 203
10 173 183 47 150 197
10 173 183 87 118 205
10 173 183 67 135 202
47 150 197 87 118 205
47 150 197 67 135 202
87 118 205 67 135 202
37 140 201 63 124 205
19 168 187 72 131 203
29 162 191 62 139 201
85 120 205 40 155 195
103 103 206 37 157 194
102 104 206 66 136 202
14 171 185 101 105 206
26 164 190 100 106 206
71 132 203 77 127 204
71 132 203 43 153 196
71 132 203 21 167 188
77 127 204 43 153 196
77 127 204 21 167 188
43 153 196 21 167 188
69 114 207 18 141 201
99 107 206 34 159 193
84 121 205 61 140 201
97 109 206 53 146 199
97 109 206 46 151 197
97 109 206 1 178 179
53 146 199 46 151 197
53 146 199 1 178 179
46 151 197 1 178 179
96 110 206 16 170 186
109 127 201 71 177 179
65 137 202 83 122 205
65 137 202 7 175 182
65 137 202 70 133 203
83 122 205 7 175 182
83 122 205 70 133 203
7 175 182 70 133 203
49 149 198 23 166 189
18 169 187 93 113 206
82 118 206 22 158 194
75 129 204 60 141 201
75 129 204 39 156 195
60 141 201 39 156 195
36 158 194 92 114 206
36 158 194 42 154 196
92 114 206 42 154 196
75 101 209 29 129 205
45 152 197 33 160 193
90 116 206 74 130 204
48 150 198 30 162 192
23 109 209 73 79 211
59 142 201 89 117 206
80 125 205 55 145 200
74 94 210 10 126 206
63 139 202 22 167 189
4 177 181 73 131 204
4 177 181 51 148 199
4 177 181 27 164 191
73 131 204 51 148 199
73 131 204 27 164 191
51 148 199 27 164 191
79 126 205 35 159 194
10 111 209 59 90 211
67 136 203 32 161 193
47 151 198 58 143 201
86 120 206 54 146 200
86 120 206 10 174 184
86 120 206 24 166 190
54 146 200 10 174 184
54 146 200 24 166 190
10 174 184 24 166 190
29 163 192 103 104 207
12 173 185 100 107 207
85 121 206 50 149 199
66 137 203 98 109 207
97 110 207 37 158 195
3 160 194 72 125 206
84 122 206 14 172 186
21 168 189 96 111 207
21 168 189 57 144 201
96 111 207 57 144 201
97 148 197 83 167 188
53 147 200 95 112 207
1 179 180 76 129 205
94 113 207 3 178 181
94 113 207 31 162 193
94 113 207 83 123 206
3 178 181 31 162 193
3 178 181 83 123 206
31 162 193 83 123 206
65 138 203 5 177 182
40 178 181 53 160 194
56 145 201 9 175 184
60 142 202 18 170 188
91 116 207 39 157 196
36 159 195 69 135 204
81 125 206 11 174 185
45 153 198 90 117 207
74 131 205 25 166 191
89 118 207 13 173 186
15 172 187 73 132 205
15 172 187 63 140 203
73 132 205 63 140 203
2 179 181 79 127 206
27 165 192 87 120 207
4 178 182 38 158 196
17 171 188 67 137 204
83 103 210 15 142 203
8 176 184 104 104 208
103 105 208 72 133 205
78 128 206 58 144 202
78 128 206 102 106 208
78 128 206 32 162 194
58 144 202 102 106 208
58 144 202 32 162 194
102 106 208 32 162 194
101 107 208 47 152 199
73 177 182 117 122 203
67 134 205 10 167 191
24 167 191 99 109 208
66 138 204 12 174 186
95 113 208 40 157 197
43 155 198 57 145 202
20 166 192 90 116 208
61 142 203 14 173 187
94 114 208 26 166 192
34 161 195 21 169 190
83 124 207 53 148 201
65 139 204 1 180 181
92 116 208 16 172 188
82 125 207 5 178 183
23 168 191 91 117 208
23 168 191 7 177 184
91 117 208 7 177 184
28 165 193 60 143 203
69 136 205 9 176 185
81 126 207 18 171 189
64 140 204 36 160 196
45 154 199 11 175 186
25 167 192 80 127 207
48 152 200 88 120 208
87 121 208 79 128 207
103 106 209 22 169 191
27 166 193 38 159 197
27 166 193 102 107 209
27 166 193 41 157 198
38 159 197 102 107 209
38 159 197 41 157 198
102 107 209 41 157 198
4 179 183 101 108 209
100 109 209 44 155 199
100 109 209 35 161 196
44 155 199 35 161 196
72 134 206 6 178 184
8 177 185 47 153 200
8 177 185 32 163 195
8 177 185 85 123 208
47 153 200 32 163 195
47 153 200 85 123 208
32 163 195 85 123 208
54 148 202 62 142 204
29 165 194 71 135 206
29 165 194 50 151 201
29 165 194 66 139 205
29 165 194 95 114 209
29 165 194 19 171 190
71 135 206 50 151 201
71 135 206 66 139 205
71 135 206 95 114 209
71 135 206 19 171 190
50 151 201 66 139 205
50 151 201 95 114 209
50 151 201 19 171 190
66 139 205 95 114 209
66 139 205 19 171 190
95 114 209 19 171 190
41 100 213 15 109 212
37 160 197 83 125 208
90 94 212 20 138 206
61 143 204 76 131 207
61 143 204 93 116 209
61 143 204 43 156 199
76 131 207 93 116 209
76 131 207 43 156 199
93 116 209 43 156 199
53 149 202 26 167 193
14 174 188 34 162 196
46 154 200 70 136 206
91 118 209 1 181 182
75 132 207 3 180 183
49 152 201 16 173 189
23 169 192 81 127 208
23 169 192 56 147 203
81 127 208 56 147 203
89 120 209 64 141 205
39 159 198 9 177 186
18 172 190 52 150 202
19 95 214 59 74 215
42 157 199 74 133 207
11 176 187 88 121 209
59 145 204 20 171 191
87 122 209 73 134 207
13 175 188 55 148 203
105 105 210 30 165 195
63 142 205 103 107 210
86 123 209 51 151 202
99 111 210 15 174 189
67 139 206 41 158 199
98 112 210 22 170 192
98 112 210 38 160 198
98 112 210 78 130 208
22 170 192 38 160 198
22 170 192 78 130 208
38 160 198 78 130 208
27 167 194 2 181 183
4 180 184 44 156 200
97 113 210 35 162 197
15 138 207 90 93 213
62 143 205 17 173 190
47 154 201 54 149 203
74 76 215 41 100 214
71 136 207 24 169 193
5 122 211 65 97 214
94 116 210 66 140 206
83 88 214 32 122 211
12 176 188 76 132 208
23 139 207 89 97 213
61 144 205 40 159 199
53 150 203 70 137 207
34 163 197 82 127 209
65 141 206 14 175 189
65 141 206 46 155 201
65 141 206 91 119 210
14 175 189 46 155 201
14 175 189 91 119 210
46 155 201 91 119 210
1 182 183 49 153 202
3 181 184 81 128 209
60 145 205 5 180 185
74 134 208 64 142 206
39 160 199 80 129 209
74 144 205 40 179 186
42 158 200 88 122 210
18 173 191 9 178 187
103 108 211 68 139 207
103 108 211 11 177 188
103 108 211 33 164 197
68 139 207 11 177 188
68 139 207 33 164 197
11 177 188 33 164 197
25 169 194 79 130 209
25 169 194 101 110 211
25 169 194 59 146 205
79 130 209 101 110 211
79 130 209 59 146 205
101 110 211 59 146 205
100 111 211 55 149 204
13 176 189 99 112 211
86 124 210 30 166 196
74 159 199 61 179 186
78 131 209 97 114 211
15 175 190 85 125 210
96 115 211 41 159 200
58 147 205 35 163 198
4 181 185 95 116 211
105 109 211 21 181 185
54 150 204 84 126 210
54 150 204 6 180 186
84 126 210 6 180 186
17 174 191 94 117 211
8 179 187 71 137 208
42 180 186 108 114 210
83 127 210 50 153 203
76 133 209 92 119 211
76 133 209 29 167 196
92 119 211 29 167 196
82 128 210 70 138 208
43 158 201 37 162 199
46 156 202 34 164 198
75 134 209 26 169 195
75 134 209 90 121 211
26 169 195 90 121 211
75 87 216 9 120 213
58 94 216 8 114 214
49 154 203 89 122 211
49 154 203 31 166 197
89 122 211 31 166 197
69 139 208 1 183 184
56 149 205 16 175 191
5 181 186 74 135 209
98 172 190 122 140 202
64 143 207 88 123 211
64 158 201 46 183 184
105 107 212 7 180 187
52 152 204 28 168 196
52 152 204 104 108 212
28 168 196 104 108 212
61 137 209 1 163 199
87 124 211 9 179 188
87 124 211 101 111 212
87 124 211 36 163 199
9 179 188 101 111 212
9 179 188 36 163 199
101 111 212 36 163 199
68 140 208 100 112 212
59 147 206 11 178 189
55 150 205 25 170 195
97 115 212 20 173 193
13 177 190 30 167 197
67 141 208 72 137 209
41 160 201 15 176 191
22 172 194 44 158 202
22 172 194 94 118 212
22 172 194 58 148 206
44 158 202 94 118 212
44 158 202 58 148 206
94 118 212 58 148 206
84 127 211 27 169 196
2 183 185 77 133 210
2 183 185 62 145 207
77 133 210 62 145 207
47 156 203 93 119 212
6 181 187 71 138 209
66 142 208 32 166 198
41 124 213 29 129 212
92 120 212 8 180 188
50 154 204 76 134 210
3 147 207 63 123 213
58 183 185 75 157 202
57 149 206 61 146 207
57 149 206 82 129 211
57 149 206 19 174 193
61 146 207 82 129 211
61 146 207 19 174 193
82 129 211 19 174 193
90 122 212 12 178 190
80 114 214 16 150 206
65 143 208 37 163 200
65 143 208 53 152 205
37 163 200 53 152 205
81 130 211 34 165 199
21 173 194 14 177 191
69 140 209 49 155 204
31 167 198 106 107 213
105 108 213 60 147 207
74 136 210 56 150 206
1 184 185 80 131 211
102 111 213 3 183 186
16 176 192 64 144 208
52 153 205 100 113 213
52 153 205 23 172 195
52 153 205 87 125 212
100 113 213 23 172 195
100 113 213 87 125 212
23 172 195 87 125 212
28 169 197 7 181 188
99 114 213 39 162 201
68 141 209 79 132 211
98 115 213 45 158 203
98 115 213 73 137 210
98 115 213 18 175 193
45 158 203 73 137 210
45 158 203 18 175 193
73 137 210 18 175 193
97 116 213 59 148 207
11 179 190 55 151 206
82 162 200 72 178 190
30 168 198 72 138 210
13 178 191 67 142 209
77 134 211 41 161 202
38 163 201 58 149 207
125 127 207 83 183 185
15 177 192 93 120 213
22 173 195 27 170 197
2 184 186 54 152 206
47 157 204 92 121 213
47 157 204 83 129 212
47 157 204 4 183 187
92 121 213 83 129 212
92 121 213 4 183 187
83 129 212 4 183 187
17 176 193 32 167 199
57 150 207 90 123 213
70 140 210 10 180 190
65 144 209 75 136 211
37 164 201 12 179 191
37 164 201 89 124 213
37 164 201 81 131 212
12 179 191 89 124 213
12 179 191 81 131 212
89 124 213 81 131 212
6 166 200 86 120 214
46 158 204 106 108 214
104 110 214 34 166 200
26 171 197 103 111 214
21 174 195 69 141 210
14 178 192 102 112 214
101 113 214 74 137 211
80 132 212 60 148 208
56 151 207 31 168 199
99 115 214 1 185 186
16 177 193 3 184 187
98 116 214 52 154 206
64 99 218 29 118 216
79 133 212 23 173 196
28 170 198 68 142 210
39 163 202 73 138 211
39 163 202 86 127 213
39 163 202 97 117 214
39 163 202 7 182 189
39 163 202 42 161 203
73 138 211 86 127 213
73 138 211 97 117 214
73 138 211 7 182 189
73 138 211 42 161 203
86 127 213 97 117 214
86 127 213 7 182 189
86 127 213 42 161 203
97 117 214 7 182 189
97 117 214 42 161 203
7 182 189 42 161 203
81 118 215 6 157 205
77 113 216 8 147 209
45 159 204 36 165 201
18 176 194 96 118 214
33 167 200 85 128 213
33 167 200 55 152 207
33 167 200 48 157 205
85 128 213 55 152 207
85 128 213 48 157 205
55 152 207 48 157 205
51 155 206 30 169 199
41 162 203 62 147 209
92 122 214 38 164 202
83 130 213 15 178 193
54 153 207 27 171 198
47 158 205 2 185 187
76 136 212 4 184 188
17 177 194 82 131 213
90 124 214 50 156 206
55 131 214 10 149 209
118 159 199 107 181 186
73 157 205 53 185 187
57 151 208 24 173 197
107 108 215 75 137 212
10 181 191 106 109 215
10 181 191 89 125 214
10 181 191 29 170 199
106 109 215 89 125 214
106 109 215 29 170 199
89 125 214 29 170 199
65 145 210 105 110 215
104 111 215 19 176 195
120 138 207 90 177 192
103 112 215 40 163 203
37 165 202 102 113 215
60 184 188 116 120 212
101 114 215 46 159 205
34 167 201 69 142 211
74 138 212 26 172 198
60 149 209 99 116 215
60 149 209 21 175 196
99 116 215 21 175 196
14 179 193 49 157 206
114 136 209 81 176 194
79 134 213 1 186 187
86 128 214 16 178 194
3 185 188 52 155 207
68 143 211 73 139 212
25 160 205 80 125 215
96 119 215 5 184 189
39 164 203 28 171 199
45 160 205 95 120 215
59 150 209 85 129 214
63 147 210 18 177 195
63 147 210 78 135 213
18 177 195 78 135 213
67 144 211 11 181 192
25 173 198 93 122 215
100 137 211 61 185 188
92 123 215 13 180 193
58 151 209 83 131 214
71 141 212 41 163 204
44 161 205 91 124 215
15 179 194 66 145 211
27 172 199 76 137 213
35 167 202 22 175 197
2 186 188 82 132 214
107 109 216 32 169 201
106 110 216 6 184 190
17 178 195 50 157 207
89 126 215 61 149 210
103 113 216 8 183 191
103 113 216 57 152 209
8 183 191 57 152 209
87 99 219 9 141 213
102 114 216 24 174 198
111 147 207 87 183 189
29 171 200 101 115 216
12 160 206 50 144 212
53 155 208 88 127 215
40 164 204 100 116 216
46 160 206 80 134 214
12 181 193 69 143 212
98 118 216 34 168 202
50 177 196 79 148 210
56 153 209 97 119 216
56 153 209 64 147 211
56 153 209 21 176 197
97 119 216 64 147 211
97 119 216 21 176 197
64 147 211 21 176 197
79 135 214 86 129 215
79 135 214 31 170 201
86 129 215 31 170 201
61 162 205 113 114 215
68 144 212 52 156 208
16 179 195 95 121 216
85 130 215 5 185 190
23 175 198 42 163 205
78 136 214 94 122 216
45 161 206 59 151 210
63 148 211 36 167 203
115 161 201 105 179 191
72 141 213 48 159 207
72 141 213 9 183 192
72 141 213 93 123 216
48 159 207 9 183 192
48 159 207 93 123 216
9 183 192 93 123 216
11 182 193 77 137 214
103 147 209 77 183 191
83 132 215 20 177 197
62 149 211 13 181 194
95 111 218 43 150 211
76 138 214 38 166 204
76 138 214 66 146 212
76 138 214 44 162 206
38 166 204 66 146 212
38 166 204 44 162 206
66 146 212 44 162 206
107 110 217 82 133 215
105 112 217 47 160 207
105 112 217 35 168 203
105 112 217 27 173 200
47 160 207 35 168 203
47 160 207 27 173 200
35 168 203 27 173 200
69 159 207 57 171 201
103 114 217 2 187 189
70 143 213 102 115 217
50 158 208 32 170 202
75 139 214 81 134 215
75 139 214 6 185 191
75 139 214 61 150 211
81 134 215 6 185 191
81 134 215 61 150 211
6 185 191 61 150 211
17 179 196 101 116 217
65 147 212 100 117 217
88 128 216 8 184 192
63 164 205 89 140 213
53 156 209 29 172 201
40 165 205 80 135 215
98 119 217 43 163 206
98 119 217 19 178 197
43 163 206 19 178 197
87 129 216 69 144 213
96 121 217 49 159 208
86 130 216 26 174 200
86 130 216 56 154 210
26 174 200 56 154 210
119 127 213 81 167 203
73 141 214 31 171 202
63 113 220 25 132 217
3 187 190 78 137 215
39 166 205 5 186 191
59 152 211 23 176 199
93 124 217 28 173 201
93 124 217 63 149 212
28 173 201 63 149 212
18 123 219 81 87 222
84 132 216 36 168 204
67 146 213 18 179 197
77 138 215 33 170 203
91 126 217 51 158 209
91 126 217 11 183 194
51 158 209 11 183 194
109 109 218 71 143 214
20 178 198 62 150 212
20 178 198 108 110 218
20 178 198 30 172 202
62 150 212 108 110 218
62 150 212 30 172 202
108 110 218 30 172 202
58 153 211 107 111 218
105 113 218 13 182 195
105 113 218 90 127 217
13 182 195 90 127 217
104 114 218 82 134 216
103 115 218 38 167 205
47 161 208 89 128 217
15 181 196 35 169 204
101 117 218 22 177 199
2 188 190 100 118 218
61 151 212 4 187 191
88 129 217 32 171 203
124 127 213 83 172 201
99 119 218 57 154 211
17 180 197 65 148 213
80 136 216 24 176 200
54 146 214 6 166 206
53 157 210 87 130 217
97 121 218 29 173 202
69 145 214 74 141 215
40 166 206 10 184 194
75 158 209 66 167 205
96 122 218 46 162 208
64 149 213 79 137 216
56 155 211 49 160 209
14 182 196 94 124 218
14 182 196 68 146 214
94 124 218 68 146 214
83 150 212 60 173 202
59 153 212 84 133 217
59 153 212 3 188 191
84 133 217 3 188 191
42 165 207 63 150 213
45 163 208 72 143 215
45 163 208 5 187 192
45 163 208 23 177 200
72 143 215 5 187 192
72 143 215 23 177 200
5 187 192 23 177 200
92 126 218 28 174 202
36 169 205 55 156 211
75 126 219 9 159 210
67 147 214 7 186 193
77 139 216 48 161 209
91 127 218 83 134 217
9 185 194 109 110 219
33 171 204 108 111 219
51 159 210 105 114 219
56 174 202 98 134 216
11 184 195 104 115 219
11 184 195 71 144 215
11 184 195 25 176 201
104 115 219 71 144 215
104 115 219 25 176 201
71 144 215 25 176 201
82 135 217 30 173 203
81 131 218 29 166 207
89 129 218 101 118 219
89 129 218 41 166 207
89 129 218 54 157 211
101 118 219 41 166 207
101 118 219 54 157 211
41 166 207 54 157 211
35 170 205 70 145 215
15 182 197 27 175 202
99 120 219 75 141 216
22 178 200 88 130 218
98 121 219 2 189 191
32 172 204 4 188 192
87 131 218 6 187 193
87 131 218 17 181 198
87 131 218 97 122 219
6 187 193 17 181 198
6 187 193 97 122 219
17 181 198 97 122 219
8 186 194 74 142 216
24 177 201 96 123 219
43 165 208 40 167 207
61 127 220 11 148 215
95 124 219 19 180 199
46 163 209 37 169 206
12 184 196 56 156 212
49 161 210 34 171 205
49 161 210 94 125 219
34 171 205 94 125 219
78 139 217 14 183 197
52 159 211 31 173 204
63 151 214 59 154 213
42 166 208 16 182 198
39 168 207 3 189 192
109 111 220 45 164 209
67 148 215 28 175 203
67 148 215 55 157 212
67 148 215 107 113 220
67 148 215 77 140 217
67 148 215 5 188 193
28 175 203 55 157 212
28 175 203 107 113 220
28 175 203 77 140 217
28 175 203 5 188 193
55 157 212 107 113 220
55 157 212 77 140 217
55 157 212 5 188 193
107 113 220 77 140 217
107 113 220 5 188 193
77 140 217 5 188 193
36 170 206 106 114 220
33 172 205 103 117 220
9 186 195 90 129 219
71 145 216 51 160 211
61 164 209 44 181 199
116 151 210 105 164 206
62 152 214 82 136 218
119 186 188 137 154 204
25 177 202 58 155 213
11 185 196 101 119 220
66 149 215 89 130 219
20 180 200 100 120 220
144 146 205 120 179 194
63 175 203 105 133 217
41 167 208 13 184 197
99 121 220 44 165 209
81 137 218 38 169 207
75 142 217 47 163 210
22 179 201 61 153 214
87 132 219 57 156 213
80 138 218 2 190 192
62 122 222 18 142 218
74 143 217 17 182 199
79 139 218 43 166 209
46 164 210 94 126 220
46 164 210 10 186 196
46 164 210 60 154 214
94 126 220 10 186 196
94 126 220 60 154 214
10 186 196 60 154 214
75 181 199 109 141 215
64 151 215 19 181 200
73 144 217 56 157 213
12 185 197 93 127 220
21 180 201 84 135 219
92 128 220 52 160 212
110 111 221 31 174 205
63 152 215 72 145 217
59 155 214 106 115 221
105 116 221 91 129 220
42 167 209 77 141 218
67 149 216 39 169 208
67 149 216 1 191 192
67 149 216 104 117 221
67 149 216 83 136 219
67 149 216 16 183 199
39 169 208 1 191 192
39 169 208 104 117 221
39 169 208 83 136 219
39 169 208 16 183 199
1 191 192 104 117 221
1 191 192 83 136 219
1 191 192 16 183 199
104 117 221 83 136 219
104 117 221 16 183 199
83 136 219 16 183 199
3 190 193 55 158 213
103 118 221 23 179 202
118 185 191 134 157 205
82 137 219 33 173 206
9 187 196 51 161 212
80 84 226 30 116 224
89 131 220 100 121 221
53 107 225 5 123 223
11 186 197 99 122 221
81 138 219 54 159 213
70 147 217 13 185 198
70 147 217 75 143 218
13 185 198 75 143 218
97 124 221 47 164 211
35 172 207 87 133 220
15 184 199 65 151 216
15 184 199 96 125 221
15 184 199 80 139 219
65 151 216 96 125 221
65 151 216 80 139 219
96 125 221 80 139 219
22 180 202 50 162 212
74 144 218 32 174 206
4 190 194 86 134 220
40 174 206 24 190 194
82 172 206 94 158 212
53 160 213 17 183 200
95 114 223 2 165 211
25 147 218 70 123 223
29 176 205 40 169 209
85 135 220 60 155 215
93 128 221 37 171 208
73 145 218 10 187 197
68 149 217 49 163 212
111 111 222 78 141 219
34 173 207 109 113 222
108 114 222 12 186 198
106 116 222 26 178 204
91 130 221 14 185 199
91 130 221 31 175 206
14 185 199 31 175 206
72 146 218 104 118 222
29 154 216 99 106 224
77 142 219 103 119 222
42 168 210 102 120 222
55 159 214 90 131 221
55 159 214 45 166 211
55 159 214 39 170 209
90 131 221 45 166 211
90 131 221 39 170 209
45 166 211 39 170 209
101 121 222 3 191 194
28 177 205 23 180 203
48 164 212 36 172 208
82 138 220 100 122 222
113 185 194 125 163 206
48 184 200 80 152 216
89 132 221 76 143 219
89 132 221 7 189 196
76 143 219 7 189 196
51 162 213 99 123 222
51 162 213 33 174 207
51 162 213 18 183 201
99 123 222 33 174 207
99 123 222 18 183 201
33 174 207 18 183 201
81 139 220 25 179 204
30 176 206 54 160 214
70 148 218 20 182 202
20 171 209 71 141 220
13 186 199 87 134 221
13 186 199 38 171 209
87 134 221 38 171 209
65 152 217 35 173 208
50 163 213 27 178 205
50 163 213 95 127 222
50 163 213 57 158 215
27 178 205 95 127 222
27 178 205 57 158 215
95 127 222 57 158 215
74 145 219 86 135 221
2 192 194 94 128 222
4 191 195 79 141 220
60 131 223 25 148 219
24 180 204 60 156 216
64 153 217 111 112 223
64 153 217 8 189 197
64 153 217 43 168 211
111 112 223 8 189 197
111 112 223 43 168 211
8 189 197 43 168 211
109 114 223 73 146 219
109 114 223 29 177 206
73 146 219 29 177 206
107 116 223 37 172 209
68 150 218 78 142 220
68 150 218 92 130 222
68 150 218 10 188 198
78 142 220 92 130 222
78 142 220 10 188 198
92 130 222 10 188 198
19 183 202 106 117 223
129 139 215 95 181 201
84 137 221 49 164 213
53 95 228 25 108 227
63 154 217 21 182 203
63 154 217 102 121 223
63 154 217 83 138 221
21 182 203 102 121 223
21 182 203 83 138 221
102 121 223 83 138 221
31 176 207 59 157 216
101 122 223 67 151 218
45 167 212 100 123 223
1 193 194 82 139 221
48 165 213 3 192 195
74 192 194 96 158 214
99 124 223 71 148 219
99 124 223 23 181 204
99 124 223 36 173 209
71 148 219 23 181 204
71 148 219 36 173 209
23 181 204 36 173 209
98 125 223 62 155 217
98 125 223 7 190 197
62 155 217 7 190 197
18 184 202 58 158 216
18 184 202 66 152 218
18 184 202 88 134 222
58 158 216 66 152 218
58 158 216 88 134 222
66 152 218 88 134 222
25 180 205 75 145 220
96 114 225 30 159 216
70 149 219 54 161 215
43 103 228 12 113 227
87 135 222 30 177 207
13 187 200 95 128 223
50 164 214 74 146 220
94 129 223 27 179 206
69 150 219 15 186 201
83 95 228 60 113 227
112 112 224 32 176 208
2 193 195 93 130 223
2 193 195 53 162 215
2 193 195 85 137 222
93 130 223 53 162 215
93 130 223 85 137 222
53 162 215 85 137 222
108 116 224 4 192 196
37 193 195 115 117 223
64 154 218 106 118 224
60 157 217 73 147 220
43 169 212 92 131 223
105 119 224 24 181 205
105 119 224 40 171 211
24 181 205 40 171 211
46 167 213 29 178 207
46 167 213 78 143 221
29 178 207 78 143 221
56 160 216 104 120 224
10 189 199 49 165 214
103 121 224 19 184 203
72 148 220 12 188 200
77 144 221 101 123 224
90 133 223 63 155 218
67 152 219 31 177 208
99 125 224 55 161 216
42 170 212 82 140 222
76 145 221 71 149 220
98 126 224 48 166 214
98 126 224 16 186 202
48 166 214 16 186 202
28 179 207 3 193 196
88 135 223 5 192 197
81 141 222 66 153 219
58 159 217 7 191 198
9 190 199 75 146 221
11 189 200 95 129 224
80 142 222 30 178 208
67 131 225 17 155 219
44 169 213 41 171 212
75 139 223 15 173 211
86 137 223 61 157 218
86 137 223 38 173 211
86 137 223 47 167 214
61 157 218 38 173 211
61 157 218 47 167 214
38 173 211 47 167 214
42 128 226 2 138 224
79 81 230 45 106 229
4 146 222 86 106 228
57 160 217 112 113 225
50 165 215 35 175 210
50 165 215 110 115 225
35 175 210 110 115 225
109 116 225 69 151 220
108 117 225 27 180 207
15 187 202 107 118 225
15 187 202 22 183 205
15 187 202 85 138 223
107 118 225 22 183 205
107 118 225 85 138 223
22 183 205 85 138 223
72 174 210 120 126 222
53 163 216 32 177 209
4 193 197 73 148 221
104 121 225 64 155 219
6 192 198 78 144 222
111 157 215 89 193 195
87 181 205 125 137 219
103 122 225 43 170 213
40 172 212 68 152 220
46 168 214 24 182 206
8 191 199 29 179 208
8 191 199 91 133 224
8 191 199 56 161 217
29 179 208 91 133 224
29 179 208 56 161 217
91 133 224 56 161 217
19 185 204 101 124 225
34 176 210 90 134 224
47 144 223 8 157 219
63 156 219 12 189 201
59 159 218 26 181 207
89 135 224 21 184 205
21 167 215 79 133 225
55 162 217 98 127 225
45 169 214 71 150 221
97 128 225 48 167 215
1 195 196 36 175 211
3 194 197 62 157 219
3 194 197 81 142 223
3 194 197 23 183 206
62 157 219 81 142 223
62 157 219 23 183 206
81 142 223 23 183 206
87 157 218 122 123 223
40 133 226 5 142 224
96 129 225 51 165 216
7 192 199 87 137 224
33 177 210 75 147 222
86 94 230 10 134 226
86 138 224 112 114 226
111 115 226 94 131 225
111 115 226 11 190 201
111 115 226 30 179 209
94 131 225 11 190 201
94 131 225 30 179 209
11 190 201 30 179 209
44 170 214 110 116 226
36 150 222 90 114 228
109 117 226 61 158 219
20 185 205 65 155 220
38 174 212 74 148 222
38 174 212 108 118 226
74 148 222 108 118 226
13 189 202 57 161 218
69 152 221 79 144 223
50 166 216 106 120 226
35 176 211 85 139 224
104 122 226 22 184 206
92 133 225 15 188 203
5 151 222 53 135 226
73 149 222 103 123 226
84 140 224 64 156 220
2 195 197 78 145 223
102 124 226 4 194 198
17 187 204 68 153 221
43 171 214 6 193 199
46 169 215 101 125 226
83 141 224 49 167 216
19 186 205 10 191 201
99 127 226 34 177 211
52 165 217 63 157 220
89 136 225 59 160 219
26 182 208 82 142 224
26 182 208 98 128 226
82 142 224 98 128 226
42 190 202 70 162 218
21 185 206 31 179 210
14 189 203 97 129 226
14 189 203 71 151 222
97 129 226 71 151 222
36 176 212 16 188 204
1 196 197 28 181 209
87 138 225 3 195 198
58 161 219 51 166 217
95 131 226 5 194 199
73 180 209 116 135 223
113 114 227 33 178 211
74 120 229 96 101 230
112 115 227 7 193 200
29 135 227 55 123 229
110 117 227 18 187 205
94 132 226 54 164 218
24 118 230 74 90 232
61 150 223 15 173 214
25 183 208 107 120 227
61 159 220 44 171 215
61 159 220 65 156 221
44 171 215 65 156 221
41 173 214 74 149 223
41 173 214 106 121 227
41 173 214 11 191 202
74 149 223 106 121 227
74 149 223 11 191 202
106 121 227 11 191 202
123 131 223 97 157 219
48 140 226 30 148 224
105 122 227 38 175 213
57 162 219 69 153 222
13 190 203 50 167 217
75 115 230 10 145 225
53 165 218 73 150 223
53 165 218 22 185 207
53 165 218 102 125 227
73 150 223 22 185 207
73 150 223 102 125 227
22 185 207 102 125 227
15 189 204 84 141 225
64 157 221 32 179 211
2 196 198 68 154 222
17 188 205 100 127 227
17 188 205 43 172 215
100 127 227 43 172 215
46 170 216 40 174 214
46 170 216 90 136 226
46 170 216 6 194 200
40 174 214 90 136 226
40 174 214 6 194 200
90 136 226 6 194 200
72 151 223 49 168 217
72 151 223 8 193 201
72 151 223 99 128 227
72 151 223 77 147 224
72 151 223 37 176 213
49 168 217 8 193 201
49 168 217 99 128 227
49 168 217 77 147 224
49 168 217 37 176 213
8 193 201 99 128 227
8 193 201 77 147 224
8 193 201 37 176 213
99 128 227 77 147 224
99 128 227 37 176 213
77 147 224 37 176 213
43 193 201 87 149 223
19 187 206 89 137 226
98 129 227 63 158 221
52 166 218 34 178 212
67 155 222 82 143 225
147 155 211 125 189 197
82 135 227 18 173 215
31 180 211 55 164 219
45 171 216 81 144 225
87 139 226 62 159 221
66 156 222 114 114 228
113 115 228 95 132 227
111 117 228 36 177 213
75 149 224 16 189 205
28 182 210 110 118 228
28 182 210 58 162 220
110 118 228 58 162 220
1 197 198 51 167 218
3 196 199 109 119 228
80 145 225 5 195 200
107 121 228 33 179 212
18 188 206 106 122 228
1 145 226 50 131 229
9 193 202 93 134 227
25 184 209 61 160 221
44 172 216 104 124 228
79 146 225 85 141 226
79 146 225 41 174 215
79 146 225 30 181 211
85 141 226 41 174 215
85 141 226 30 181 211
41 174 215 30 181 211
20 187 207 103 125 228
20 187 207 57 163 220
20 187 207 92 135 227
103 125 228 57 163 220
103 125 228 92 135 227
57 163 220 92 135 227
100 149 223 76 173 215
73 151 224 91 136 227
78 147 225 27 183 210
22 186 208 64 158 222
100 128 228 32 180 212
67 174 215 101 142 225
2 197 199 83 143 226
56 164 220 4 196 200
46 171 217 17 189 206
49 169 218 29 182 211
89 138 227 37 177 214
73 174 215 123 125 226
67 156 223 19 188 207
67 156 223 97 131 228
67 156 223 52 167 219
19 188 207 97 131 228
19 188 207 52 167 219
97 131 228 52 167 219
34 179 213 59 162 221
96 132 228 12 192 204
73 133 229 7 163 221
114 115 229 81 145 226
31 181 212 113 116 229
21 187 208 112 117 229
56 179 213 87 151 224
87 140 227 95 133 228
87 140 227 45 172 217
95 133 228 45 172 217
110 119 229 14 191 205
109 120 229 39 176 215
62 160 222 48 170 218
107 122 229 58 163 221
36 178 214 94 134 228
80 146 226 70 154 224
80 146 226 16 190 206
70 154 224 16 190 206
23 186 209 106 123 229
23 186 209 86 141 227
23 186 209 1 198 199
106 123 229 86 141 227
106 123 229 1 198 199
86 141 227 1 198 199
5 196 201 105 124 229
33 180 213 93 135 228
29 142 228 12 146 227
65 158 223 85 142 227
9 194 203 79 147 226
9 194 203 103 126 229
9 194 203 61 161 222
79 147 226 103 126 229
79 147 226 61 161 222
103 126 229 61 161 222
41 175 216 69 155 224
102 127 229 47 171 218
11 193 204 57 164 221
84 143 227 91 137 228
13 192 205 73 152 225
27 184 211 64 159 223
90 138 228 60 162 222
99 130 229 15 191 206
83 144 227 32 181 213
112 150 223 95 168 218
77 149 226 98 131 229
89 139 228 4 197 201
97 132 229 29 183 212
82 145 227 37 178 215
63 160 223 8 195 203
7 141 229 43 131 231
88 140 228 52 168 220
19 189 208 96 133 229
114 116 230 76 150 226
114 116 230 34 180 214
114 116 230 10 194 204
76 150 226 34 180 214
76 150 226 10 194 204
34 180 214 10 194 204
111 119 230 71 154 225
55 166 221 26 185 211
55 166 221 109 121 230
55 166 221 95 134 229
26 185 211 109 121 230
26 185 211 95 134 229
109 121 230 95 134 229
107 123 230 45 173 218
107 123 230 42 175 217
45 173 218 42 175 217
14 192 206 66 158 224
75 151 226 94 135 229
39 177 216 48 171 219
86 142 228 58 164 222
70 155 225 105 125 230
36 179 215 51 169 220
103 174 215 125 149 222
93 136 229 16 191 207
5 197 202 103 127 230
33 181 214 54 167 221
7 196 203 79 148 227
7 196 203 92 137 229
79 148 227 92 137 229
18 190 208 102 128 230
9 195 204 69 156 225
101 129 230 25 186 211
57 165 222 30 183 213
100 130 230 50 170 220
73 153 226 78 149 227
50 144 229 24 155 226
99 131 230 90 139 229
57 107 235 3 125 233
87 140 229 21 185 212
83 145 228 60 163 223
83 145 228 68 157 225
83 145 228 27 185 212
60 163 223 68 157 225
60 163 223 27 185 212
68 157 225 27 185 212
33 145 229 75 121 233
22 188 210 98 132 230
56 166 222 72 154 226
43 175 218 97 133 230
2 199 201 46 173 219
82 146 228 4 198 202
69 135 231 21 159 225
49 171 220 115 116 231
113 118 231 6 197 203
30 197 203 50 177 217
29 184 213 37 179 216
29 184 213 88 141 229
29 184 213 24 187 211
29 184 213 63 161 224
29 184 213 112 119 231
37 179 216 88 141 229
37 179 216 24 187 211
37 179 216 63 161 224
37 179 216 112 119 231
88 141 229 24 187 211
88 141 229 63 161 224
88 141 229 112 119 231
24 187 211 63 161 224
24 187 211 112 119 231
63 161 224 112 119 231
76 151 227 52 169 221
76 151 227 59 164 223
52 169 221 59 164 223
19 190 209 71 155 226
19 190 209 34 181 215
71 155 226 34 181 215
10 195 205 95 135 230
81 147 228 108 123 231
12 194 206 26 186 212
21 189 210 105 126 231
21 189 210 45 174 219
21 189 210 66 159 225
105 126 231 45 174 219
105 126 231 66 159 225
45 174 219 66 159 225
62 162 224 42 176 218
80 148 228 48 172 220
39 178 217 14 193 207
93 137 230 58 165 223
145 157 216 125 184 207
1 200 201 85 144 229
74 153 227 3 199 202
33 182 215 5 198 203
69 157 226 18 191 209
100 131 231 44 175 219
100 131 231 9 196 205
100 131 231 84 145 229
44 175 219 9 196 205
44 175 219 84 145 229
9 196 205 84 145 229
41 177 218 57 166 223
47 173 220 25 187 212
38 179 217 73 154 227
50 171 221 11 195 206
103 140 229 47 196 205
90 140 230 20 190 210
64 161 225 35 181 216
98 133 231 53 169 222
98 133 231 13 194 207
53 169 222 13 194 207
1 150 229 86 111 235
22 189 211 97 134 231
32 183 215 115 117 232
32 183 215 15 193 208
32 183 215 72 155 227
115 117 232 15 193 208
115 117 232 72 155 227
15 193 208 72 155 227
95 163 223 113 145 227
113 119 232 56 167 223
80 139 231 41 165 224
43 176 219 111 121 232
110 122 232 2 200 202
110 122 232 88 142 230
110 122 232 40 178 218
2 200 202 88 142 230
2 200 202 40 178 218
88 142 230 40 178 218
4 199 203 49 172 221
17 192 209 109 123 232
116 140 228 84 172 220
24 188 212 76 152 228
24 188 212 108 124 232
76 152 228 108 124 232
59 165 224 95 136 231
79 199 202 131 134 227
8 197 205 107 125 232
71 156 227 81 148 229
106 126 232 34 182 216
55 168 223 105 127 232
75 153 228 12 195 207
100 148 228 60 188 212
66 160 226 86 144 230
80 149 229 31 184 215
93 138 231 42 177 219
48 173 221 103 129 232
14 194 208 58 166 224
36 181 217 92 139 231
28 186 214 74 154 228
101 131 232 16 193 209
54 169 223 1 201 202
91 140 231 5 199 204
91 140 231 61 164 225
5 199 204 61 164 225
99 133 232 57 167 224
41 178 219 78 151 229
41 178 219 47 174 221
41 178 219 9 197 206
78 151 229 47 174 221
78 151 229 9 197 206
47 174 221 9 197 206
43 172 222 2 188 213
73 155 228 25 188 213
50 172 222 38 180 218
68 159 227 116 117 233
53 170 223 35 182 217
53 170 223 115 118 233
35 182 217 115 118 233
89 142 231 114 119 233
113 120 233 97 135 232
113 120 233 13 195 208
97 135 232 13 195 208
112 121 233 77 152 229
111 122 233 27 187 214
82 148 230 22 190 212
32 184 216 56 168 224
32 184 216 96 136 232
56 168 224 96 136 232
5 173 222 82 135 233
43 177 220 108 125 233
107 126 233 2 201 203
107 126 233 49 173 222
107 126 233 63 163 226
2 201 203 49 173 222
2 201 203 63 163 226
49 173 222 63 163 226
95 137 232 67 160 227
41 201 203 103 139 231
37 181 218 106 127 233
29 186 215 59 166 225
29 186 215 81 149 230
29 186 215 6 199 205
59 166 225 81 149 230
59 166 225 6 199 205
81 149 230 6 199 205
87 144 231 24 189 213
71 157 228 52 171 223
94 138 232 8 198 206
104 129 233 19 192 211
116 138 230 66 190 212
75 154 229 86 145 231
26 188 214 62 164 226
45 176 221 31 185 216
70 158 228 42 178 220
85 146 231 14 195 209
101 132 233 51 172 223
79 151 230 74 155 229
28 187 215 100 133 233
48 98 239 8 111 238
16 194 210 54 170 224
65 162 227 23 190 213
69 159 228 84 147 231
69 159 228 3 201 204
84 147 231 3 201 204
90 142 232 78 152 230
73 156 229 44 177 221
103 165 224 80 201 203
47 175 222 98 135 233
9 198 207 117 117 234
25 189 214 115 119 234
30 186 216 114 120 234
38 181 219 113 121 234
89 143 232 11 197 208
89 143 232 97 136 233
89 143 232 64 163 227
11 197 208 97 136 233
11 197 208 64 163 227
97 136 233 64 163 227
68 160 228 20 192 212
110 124 234 60 166 226
77 153 230 35 183 218
72 157 229 96 137 233
87 140 233 12 185 217
22 191 213 107 127 234
46 176 222 106 128 234
63 164 227 67 161 228
81 150 231 105 129 234
100 162 226 124 138 230
59 167 226 71 158 229
59 167 226 17 194 211
59 167 226 94 139 233
71 158 229 17 194 211
71 158 229 94 139 233
17 194 211 94 139 233
14 125 237 62 105 239
104 130 234 24 190 214
104 130 234 6 200 206
24 190 214 6 200 206
86 146 232 34 184 218
55 170 225 75 155 230
66 162 228 102 132 234
70 159 229 26 189 215
12 197 209 92 141 233
31 186 217 42 179 221
31 186 217 101 133 234
42 179 221 101 133 234
85 147 232 48 175 223
79 152 231 51 173 224
100 134 234 74 156 230
100 134 234 14 196 210
74 156 230 14 196 210
64 75 241 1 101 240
54 171 225 99 135 234
28 188 216 84 148 232
69 160 229 16 195 211
23 191 214 61 166 227
3 202 205 33 185 218
3 202 205 117 118 235
3 202 205 90 143 233
33 185 218 117 118 235
33 185 218 90 143 233
117 118 235 90 143 233
114 121 235 5 201 206
116 146 230 76 190 214
113 122 235 73 157 230
112 123 235 7 200 207
18 194 212 44 178 222
83 149 232 47 176 223
43 135 236 93 100 239
111 124 235 41 180 221
89 144 233 9 199 208
110 125 235 25 190 215
11 198 209 77 154 231
53 172 225 20 193 213
53 172 225 60 167 227
53 172 225 108 127 235
20 193 213 60 167 227
20 193 213 108 127 235
60 167 227 108 127 235
82 150 232 72 158 230
107 128 235 88 145 233
128 148 228 92 192 212
106 129 235 95 139 234
41 150 233 58 141 235
22 192 214 32 186 218
15 196 211 76 155 231
40 186 218 86 150 232
87 146 233 43 179 222
87 146 233 46 177 223
87 146 233 67 162 229
43 179 222 46 177 223
43 179 222 67 162 229
46 177 223 67 162 229
104 131 235 40 181 221
104 131 235 49 175 224
40 181 221 49 175 224
111 154 229 131 134 231
52 173 225 103 132 235
52 173 225 37 183 220
52 173 225 17 195 212
103 132 235 37 183 220
103 132 235 17 195 212
37 183 220 17 195 212
6 201 207 93 141 234
8 200 208 80 152 232
115 201 202 149 150 223
34 185 219 55 171 226
66 163 229 19 194 213
101 134 235 10 199 209
92 142 234 62 166 228
42 180 222 12 198 210
31 187 218 58 169 227
74 157 231 91 143 234
74 157 231 39 182 221
74 157 231 21 193 214
91 143 234 39 182 221
91 143 234 21 193 214
39 182 221 21 193 214
84 149 233 117 119 236
36 184 220 116 120 236
115 121 236 65 164 229
54 172 226 114 122 236
28 189 217 113 123 236
28 189 217 61 167 228
113 123 236 61 167 228
112 124 236 16 196 212
111 125 236 1 204 205
3 203 206 73 158 231
33 203 206 82 157 231
57 170 227 97 138 235
57 170 227 83 150 233
57 170 227 5 202 207
97 138 235 83 150 233
97 138 235 5 202 207
83 150 233 5 202 207
109 127 236 44 179 223
7 201 208 47 177 224
96 139 235 9 200 209
96 139 235 64 165 229
96 139 235 25 191 216
9 200 209 64 165 229
9 200 209 25 191 216
64 165 229 25 191 216
68 162 230 30 188 218
53 173 226 82 151 233
20 194 214 106 130 236
35 185 220 95 140 235
142 156 224 114 196 208
104 132 236 76 156 232
32 187 219 81 152 233
67 163 230 22 193 215
15 197 212 43 180 223
71 160 231 49 176 225
8 139 237 48 127 239
20 144 236 76 116 240
52 174 226 102 134 236
52 174 226 86 148 234
52 174 226 2 204 206
102 134 236 86 148 234
102 134 236 2 204 206
86 148 234 2 204 206
4 203 207 17 196 213
75 157 232 80 153 233
55 172 227 92 143 235
34 186 220 66 164 230
70 161 231 19 195 214
70 161 231 85 149 234
19 195 214 85 149 234
3 177 225 87 135 237
91 144 235 45 179 224
26 191 217 79 154 233
118 119 237 42 181 223
5 188 219 100 131 237
48 177 225 117 120 237
31 188 219 12 199 211
31 188 219 116 121 237
31 188 219 99 137 236
12 199 211 116 121 237
12 199 211 99 137 236
116 121 237 99 137 236
114 123 237 39 183 222
51 175 226 21 194 215
112 201 205 135 163 224
98 138 236 14 198 212
65 165 230 90 145 235
111 126 237 69 162 231
110 127 237 78 155 233
73 159 232 109 128 237
73 159 232 23 193 216
73 159 232 16 197 213
109 128 237 23 193 216
109 128 237 16 197 213
23 193 216 16 197 213
1 205 206 89 146 235
108 129 237 57 171 228
108 129 237 3 204 207
57 171 228 3 204 207
114 190 214 146 150 226
96 140 236 44 180 224
47 178 225 107 130 237
41 182 223 7 202 209
70 199 211 101 161 230
50 176 226 64 166 230
77 156 233 68 163 231
88 147 235 25 192 217
9 201 210 30 189 219
38 184 222 82 152 234
60 169 229 95 141 236
76 157 233 13 199 212
111 115 239 1 179 225
103 134 237 27 191 218
71 161 232 43 181 224
102 135 237 15 198 213
86 149 235 59 170 229
32 145 237 67 127 240
37 185 222 75 158 233
37 185 222 2 205 207
75 158 233 2 205 207
5 163 232 23 160 233
92 144 236 4 204 208
55 173 228 100 137 237
119 119 238 34 187 221
62 168 230 118 120 238
62 168 230 70 162 232
62 168 230 8 202 210
118 120 238 70 162 232
118 120 238 8 202 210
70 162 232 8 202 210
91 145 236 19 196 215
10 201 211 79 155 234
58 171 229 74 159 233
90 173 227 113 150 233
48 178 226 42 182 224
48 178 226 112 126 238
48 178 226 26 192 218
42 182 224 112 126 238
42 182 224 26 192 218
112 126 238 26 192 218
31 189 220 84 151 235
111 127 238 98 139 237
39 184 223 51 176 227
106 116 240 64 150 236
14 199 213 109 129 238
25 199 213 87 151 235
36 186 222 54 174 228
36 186 222 78 156 234
54 174 228 78 156 234
73 160 233 83 152 235
28 191 219 89 147 236
107 131 238 23 194 217
1 179 226 94 131 239
57 172 229 33 188 221
109 141 236 76 171 229
5 204 209 44 181 225
69 125 241 45 139 239
88 148 236 68 164 232
41 183 224 64 167 231
7 203 210 95 142 237
7 203 210 82 153 235
7 203 210 105 133 238
7 203 210 18 197 215
7 203 210 50 177 227
95 142 237 82 153 235
95 142 237 105 133 238
95 142 237 18 197 215
95 142 237 50 177 227
82 153 235 105 133 238
82 153 235 18 197 215
82 153 235 50 177 227
105 133 238 18 197 215
105 133 238 50 177 227
18 197 215 50 177 227
76 178 226 122 134 236
25 193 218 38 185 223
60 170 230 30 190 220
11 201 212 87 149 236
103 135 238 35 187 222
13 200 213 67 165 232
27 192 219 63 168 231
27 192 219 93 144 237
63 168 231 93 144 237
46 180 226 86 150 236
43 182 225 22 195 217
101 137 238 49 178 227
15 199 214 59 171 230
117 122 239 37 186 223
4 205 209 115 124 239
4 205 209 29 191 220
4 205 209 85 151 236
115 124 239 29 191 220
115 124 239 85 151 236
29 191 220 85 151 236
24 194 218 66 166 232
55 174 229 114 125 239
5 132 241 55 116 243
113 126 239 91 146 237
113 126 239 62 169 231
113 126 239 99 139 238
91 146 237 62 169 231
91 146 237 99 139 238
62 169 231 99 139 238
112 127 239 8 203 211
19 197 216 111 128 239
98 140 238 10 202 212
98 140 238 58 172 230
10 202 212 58 172 230
112 139 237 48 203 211
110 129 239 45 181 226
42 183 225 90 147 237
31 190 221 109 130 239
12 201 213 51 177 228
43 159 235 93 125 241
21 196 217 69 164 233
21 196 217 108 131 239
69 164 233 108 131 239
61 170 231 54 175 229
83 153 236 36 187 223
83 153 236 107 132 239
83 153 236 89 148 237
36 187 223 107 132 239
36 187 223 89 148 237
107 132 239 89 148 237
57 173 230 23 195 218
1 207 208 88 149 237
77 158 235 95 143 238
44 182 226 82 154 236
68 165 233 47 180 227
104 135 239 41 184 225
66 120 243 18 141 240
72 162 234 18 198 216
38 186 224 94 144 238
30 191 221 25 194 219
103 136 239 53 176 229
76 159 235 81 155 236
11 202 213 102 137 239
35 188 223 20 197 217
13 201 214 71 163 234
13 201 214 86 151 237
13 201 214 101 138 239
71 163 234 86 151 237
71 163 234 101 138 239
86 151 237 101 138 239
118 122 240 32 190 222
22 196 218 92 146 238
49 179 228 59 172 231
80 156 236 116 124 240
40 185 225 115 125 240
40 185 225 75 160 235
40 185 225 15 200 215
115 125 240 75 160 235
115 125 240 15 200 215
75 160 235 15 200 215
113 127 240 85 152 237
91 147 238 2 207 209
91 147 238 66 167 233
2 207 209 66 167 233
17 199 216 29 192 221
70 164 234 4 206 210
24 195 219 111 129 240
98 141 239 34 189 223
19 198 217 58 173 231
45 182 227 10 203 213
108 132 240 48 180 228
51 178 229 31 191 222
107 133 240 65 168 233
69 165 234 39 186 225
12 202 214 78 158 236
83 154 237 21 197 218
135 167 227 113 205 207
96 143 239 61 171 232
54 176 230 106 134 240
69 74 247 11 103 246
96 110 244 44 146 240
77 159 236 23 196 219
16 200 216 104 136 240
82 155 237 33 190 223
1 208 209 64 169 233
47 181 228 44 183 227
72 163 235 103 137 240
5 206 211 41 185 226
5 206 211 50 179 229
5 206 211 94 145 239
41 185 226 50 179 229
41 185 226 94 145 239
50 179 229 94 145 239
18 199 217 87 151 238
53 177 230 38 187 225
30 192 222 102 138 240
9 204 213 81 156 237
35 189 224 101 139 240
35 189 224 120 121 241
35 189 224 56 175 231
101 139 240 120 121 241
101 139 240 56 175 231
120 121 241 56 175 231
119 122 241 11 203 214
118 123 241 67 167 234
71 164 235 116 125 241
27 194 221 114 127 241
59 173 232 113 128 241
59 173 232 32 191 223
59 173 232 43 184 227
113 128 241 32 191 223
113 128 241 43 184 227
32 191 223 43 184 227
49 180 229 75 161 236
15 201 216 99 141 240
98 142 240 2 208 210
29 193 222 79 158 237
29 193 222 62 171 233
79 158 237 62 171 233
109 132 241 4 207 211
6 206 212 74 162 236
6 206 212 84 154 238
74 162 236 84 154 238
8 205 213 97 143 240
99 106 245 15 154 239
100 116 244 20 164 236
45 172 233 12 185 227
107 134 241 19 199 218
106 135 241 65 169 234
106 135 241 26 195 221
106 135 241 51 179 230
106 135 241 69 166 235
106 135 241 89 150 239
65 169 234 26 195 221
65 169 234 51 179 230
65 169 234 69 166 235
65 169 234 89 150 239
26 195 221 51 179 230
26 195 221 69 166 235
26 195 221 89 150 239
51 179 230 69 166 235
51 179 230 89 150 239
69 166 235 89 150 239
94 166 234 74 186 226
73 163 236 61 172 233
21 198 219 54 177 231
88 151 239 104 137 241
120 159 234 96 186 225
57 175 232 77 160 237
82 156 238 28 194 222
68 167 235 23 197 220
33 191 224 16 201 217
94 146 240 64 170 234
72 164 236 44 184 228
66 175 232 32 209 210
87 152 239 3 208 211
41 186 227 102 139 241
5 207 212 60 173 233
120 122 242 18 200 218
119 123 242 7 206 213
119 123 242 53 178 231
119 123 242 81 157 238
7 206 213 53 178 231
7 206 213 81 157 238
53 178 231 81 157 238
38 188 226 118 124 242
30 193 223 117 125 242
101 140 241 25 196 221
11 174 233 79 141 242
71 165 236 20 199 219
71 165 236 11 204 215
71 165 236 100 141 241
20 199 219 11 204 215
20 199 219 100 141 241
11 204 215 100 141 241
112 130 242 80 158 238
27 195 222 75 162 237
99 142 241 46 183 229
99 142 241 111 131 242
99 142 241 59 174 233
46 183 229 111 131 242
46 183 229 59 174 233
111 131 242 59 174 233
85 154 239 49 181 230
22 198 220 110 132 242
98 143 241 109 133 242
79 159 238 37 189 226
108 134 242 62 172 234
64 145 242 40 158 239
29 194 223 2 209 211
74 163 237 17 201 218
24 197 221 97 144 241
106 136 242 8 206 214
118 199 215 149 157 230
19 200 219 45 184 229
19 200 219 89 151 240
19 200 219 96 145 241
45 184 229 89 151 240
45 184 229 96 145 241
89 151 240 96 145 241
78 160 238 48 182 230
20 159 239 71 135 244
83 156 239 69 167 236
65 170 235 10 205 215
73 164 237 39 188 227
54 178 232 104 138 242
96 167 235 80 183 229
82 157 239 103 139 242
82 157 239 77 161 238
82 157 239 14 203 217
103 139 242 77 161 238
103 139 242 14 203 217
77 161 238 14 203 217
23 198 221 121 122 243
87 153 240 72 165 237
87 153 240 33 192 225
87 153 240 120 123 243
72 165 237 33 192 225
72 165 237 120 123 243
33 192 225 120 123 243
118 125 243 47 183 230
1 210 211 50 181 231
3 209 212 93 148 241
3 209 212 116 127 243
3 209 212 41 187 228
93 148 241 116 127 243
93 148 241 41 187 228
116 127 243 41 187 228
81 158 239 101 141 242
115 128 243 5 208 213
18 201 219 114 129 243
7 207 214 38 189 227
86 154 240 30 194 224
50 177 233 5 197 222
113 130 243 25 197 222
92 149 241 67 169 236
112 131 243 56 177 233
80 159 239 11 205 216
110 133 243 75 163 238
91 150 241 59 175 234
13 204 217 27 196 223
43 186 229 49 182 231
43 186 229 109 134 243
49 182 231 109 134 243
52 180 232 40 188 228
15 203 218 70 167 237
37 190 227 62 173 235
37 190 227 55 178 233
37 190 227 97 145 242
62 173 235 55 178 233
62 173 235 97 145 242
55 178 233 97 145 242
17 202 219 106 137 243
6 208 214 96 146 242
6 208 214 58 176 234
6 208 214 34 192 226
96 146 242 58 176 234
96 146 242 34 192 226
58 176 234 34 192 226
83 157 240 8 207 215
69 168 237 48 183 231
19 201 220 65 171 236
104 139 243 51 181 232
95 147 242 73 165 238
61 174 235 31 194 225
12 205 217 103 140 243
94 148 242 122 122 244
36 191 227 121 123 244
127 147 239 113 161 237
57 177 234 102 141 243
118 126 244 14 204 218
117 127 244 68 169 237
28 196 224 64 172 236
28 196 224 116 128 244
64 172 236 116 128 244
90 96 249 24 135 246
101 142 243 23 199 222
101 142 243 93 149 242
101 142 243 33 193 226
23 199 222 93 149 242
23 199 222 33 193 226
93 149 242 33 193 226
16 203 219 47 184 231
44 186 230 114 130 244
43 180 233 92 145 243
113 131 244 76 163 239
113 131 244 1 211 212
113 131 244 41 188 229
76 163 239 1 211 212
76 163 239 41 188 229
1 211 212 41 188 229
49 199 222 46 203 219
100 143 243 53 180 233
5 209 214 86 155 241
38 190 228 18 202 220
38 190 228 92 150 242
18 202 220 92 150 242
67 170 237 25 198 223
99 144 243 9 207 216
135 143 239 89 193 225
75 164 239 109 135 244
75 164 239 85 156 241
75 164 239 20 201 221
109 135 244 85 156 241
109 135 244 20 201 221
85 156 241 20 201 221
91 151 242 11 206 217
82 144 244 32 174 236
27 197 224 49 183 232
43 187 230 13 205 218
52 181 233 107 137 244
40 189 229 79 161 240
22 200 222 90 152 242
22 200 222 70 168 238
90 152 242 70 168 238
106 138 244 62 174 236
74 165 239 55 179 234
29 196 225 105 139 244
89 153 242 2 211 213
135 206 209 155 171 226
71 201 221 109 159 239
62 200 222 120 142 242
83 158 241 34 193 227
125 171 233 115 183 229
95 148 243 65 172 237
48 184 232 8 208 216
73 166 239 19 202 221
46 140 246 14 150 244
122 123 245 10 207 217
121 124 245 61 175 236
39 190 229 31 195 226
39 190 229 119 126 245
31 195 226 119 126 245
82 159 241 94 149 243
77 163 240 117 128 245
12 206 218 102 142 244
45 141 246 90 111 249
57 178 235 87 155 242
14 205 219 114 131 245
64 173 237 72 167 239
113 132 245 28 197 225
47 185 232 23 200 223
47 185 232 112 133 245
23 200 223 112 133 245
60 176 236 100 144 244
60 176 236 76 164 240
60 176 236 16 204 220
100 144 244 76 164 240
100 144 244 16 204 220
76 164 240 16 204 220
41 189 230 111 134 245
92 151 243 1 212 213
53 181 234 3 211 214
110 135 245 5 210 215
18 203 221 67 171 238
7 209 216 71 168 239
25 199 224 80 161 241
25 199 224 109 136 245
25 199 224 56 179 235
80 161 241 109 136 245
80 161 241 56 179 235
109 136 245 56 179 235
91 152 243 9 208 217
108 137 245 35 193 228
44 175 237 5 188 231
97 147 244 43 188 231
90 153 243 27 198 225
79 162 241 13 206 219
70 169 239 106 139 245
52 182 234 66 172 238
52 182 234 84 158 242
66 172 238 84 158 242
15 205 220 55 180 235
15 205 220 105 140 245
55 180 235 105 140 245
71 177 236 44 201 223
5 150 245 95 105 250
78 163 241 83 159 242
58 178 236 2 212 214
95 149 244 4 211 215
34 194 228 122 124 246
69 170 239 121 125 246
6 210 216 120 126 246
65 173 238 103 142 245
27 151 245 77 125 249
88 155 243 73 167 240
88 155 243 45 187 232
88 155 243 48 185 233
73 167 240 45 187 232
73 167 240 48 185 233
45 187 232 48 185 233
117 129 246 51 183 234
117 129 246 42 189 231
51 183 234 42 189 231
94 150 244 116 130 246
10 208 218 82 160 242
39 191 230 26 199 225
39 191 230 115 131 246
39 191 230 54 181 235
26 199 225 115 131 246
26 199 225 54 181 235
115 131 246 54 181 235
31 196 227 77 164 241
80 202 222 118 158 240
12 207 219 87 156 243
9 177 237 57 159 243
21 202 223 113 133 246
57 179 236 36 193 229
57 179 236 93 151 244
57 179 236 68 171 239
36 193 229 93 151 244
36 193 229 68 171 239
93 151 244 68 171 239
64 174 238 112 134 246
47 186 233 86 157 243
33 195 228 60 177 237
44 188 232 92 152 244
50 184 234 110 136 246
99 146 245 41 190 231
1 213 214 109 137 246
71 169 240 5 211 216
129 141 243 69 207 219
38 192 230 80 162 242
18 204 222 108 138 246
30 197 227 98 147 245
30 197 227 7 210 217
30 197 227 85 158 243
30 197 227 63 175 238
98 147 245 7 210 217
98 147 245 85 158 243
98 147 245 63 175 238
7 210 217 85 158 243
7 210 217 63 175 238
85 158 243 63 175 238
107 139 246 9 209 218
49 210 217 126 133 245
30 158 244 106 108 250
97 148 245 20 203 223
106 140 246 90 154 244
79 163 242 46 187 233
103 151 244 79 172 239
27 199 226 66 173 239
52 183 235 13 207 220
40 191 231 96 149 245
62 176 238 22 202 224
89 155 244 55 181 236
37 193 230 122 125 247
120 127 247 83 160 243
103 143 246 58 179 237
103 143 246 118 129 247
103 143 246 29 198 227
58 179 237 118 129 247
58 179 237 29 198 227
118 129 247 29 198 227
17 205 222 117 130 247
17 205 222 2 213 215
117 130 247 2 213 215
13 213 215 123 125 247
24 201 225 69 171 240
80 149 246 6 184 235
4 212 216 88 156 244
34 195 229 65 174 239
48 186 234 102 144 246
115 132 247 45 188 233
42 190 232 8 210 218
114 133 247 82 161 243
114 133 247 61 177 238
82 161 243 61 177 238
101 145 246 10 209 219
31 197 228 87 157 244
93 152 245 112 135 247
12 208 220 68 172 240
21 203 224 72 169 241
21 203 224 111 136 247
72 169 241 111 136 247
36 194 230 100 146 246
86 158 244 76 166 242
109 138 247 47 187 234
44 189 233 33 196 229
53 183 236 108 139 247
67 173 240 80 163 243
91 154 245 1 214 215
91 154 245 71 170 241
1 214 215 71 170 241
107 140 247 5 212 217
98 138 248 58 168 242
63 176 239 56 181 237
18 205 223 75 167 242
61 140 249 4 159 245
97 149 246 106 141 247
35 195 230 90 155 245
84 160 244 20 204 224
120 182 233 105 208 218
49 186 235 70 171 241
66 174 240 96 150 246
124 124 248 52 184 236
123 125 248 27 200 227
122 126 248 74 168 242
121 127 248 104 143 247
121 127 248 32 197 229
121 127 248 13 208 221
104 143 247 32 197 229
104 143 247 13 208 221
32 197 229 13 208 221
39 197 229 109 141 247
40 192 232 120 128 248
22 203 225 55 182 237
117 131 248 103 144 247
15 207 222 78 165 243
88 157 245 115 133 248
29 199 228 69 172 241
73 169 242 17 206 223
114 134 248 24 202 226
114 134 248 94 152 246
114 134 248 2 214 216
24 202 226 94 152 246
24 202 226 2 214 216
94 152 246 2 214 216
48 187 235 113 135 248
82 162 244 6 212 218
101 146 247 61 178 239
42 191 233 77 166 243
93 153 246 54 183 237
111 137 248 39 193 232
26 201 227 31 198 229
72 170 242 110 138 248
81 163 244 12 209 221
36 195 231 21 204 225
99 148 247 76 167 243
108 140 248 28 200 228
44 190 234 50 186 236
131 147 244 84 197 229
98 149 247 23 203 226
107 141 248 16 207 223
107 141 248 41 192 233
107 141 248 53 184 237
16 207 223 41 192 233
16 207 223 53 184 237
41 192 233 53 184 237
71 171 242 67 174 241
63 177 240 75 168 243
38 194 232 56 182 238
38 194 232 106 142 248
56 182 238 106 142 248
5 213 218 97 150 247
106 172 240 128 150 244
79 165 244 124 125 249
79 165 244 35 196 231
79 165 244 9 211 220
79 165 244 84 161 245
79 165 244 59 180 239
124 125 249 35 196 231
124 125 249 9 211 220
124 125 249 84 161 245
124 125 249 59 180 239
35 196 231 9 211 220
35 196 231 84 161 245
35 196 231 59 180 239
9 211 220 84 161 245
9 211 220 59 180 239
84 161 245 59 180 239
121 128 249 96 151 247
11 210 221 66 175 241
11 210 221 46 189 235
11 210 221 119 130 249
66 175 241 46 189 235
66 175 241 119 130 249
46 189 235 119 130 249
118 131 249 74 169 243
118 131 249 89 157 246
118 131 249 43 191 234
74 169 243 89 157 246
74 169 243 43 191 234
89 157 246 43 191 234
117 132 249 27 201 228
32 198 230 62 178 240
103 145 248 95 152 247
103 145 248 40 193 233
95 152 247 40 193 233
55 183 238 83 162 245
22 204 226 78 166 244
37 195 232 15 208 223
88 158 246 102 146 248
94 153 247 69 173 242
157 173 231 137 203 219
29 200 229 65 176 241
24 203 227 112 137 249
24 203 227 101 147 248
24 203 227 17 207 224
112 137 249 101 147 248
112 137 249 17 207 224
101 147 248 17 207 224
82 163 245 2 215 217
18 215 217 30 203 227
51 186 237 111 138 249
51 186 237 87 159 246
51 186 237 6 213 219
111 138 249 87 159 246
111 138 249 6 213 219
87 159 246 6 213 219
100 148 248 8 212 220
110 139 249 19 206 225
60 188 236 36 212 220
10 211 221 31 199 230
68 174 242 26 202 228
81 164 245 109 140 249
64 177 241 99 149 248
36 196 232 76 168 244
47 189 236 91 156 247
47 189 236 28 201 229
91 156 247 28 201 229
23 204 227 71 172 243
67 175 242 53 185 238
41 193 234 106 143 249
56 183 239 1 216 217
90 157 247 123 127 250
90 157 247 3 215 218
90 157 247 38 195 233
123 127 250 3 215 218
123 127 250 38 195 233
3 215 218 38 195 233
121 129 250 5 214 219
30 200 230 120 130 250
7 213 220 25 203 228
79 166 245 119 131 250
104 145 249 59 181 240
117 133 250 70 173 243
90 171 243 54 207 225
116 134 250 46 190 236
116 134 250 74 170 244
116 134 250 20 206 226
46 190 236 74 170 244
46 190 236 20 206 226
74 170 244 20 206 226
11 211 222 103 146 249
95 153 248 43 192 235
27 202 229 83 163 246
40 194 234 114 136 250
13 210 223 78 167 245
58 192 235 107 150 248
113 137 250 22 205 227
69 80 257 15 107 256
58 182 240 112 138 250
101 148 249 73 171 244
29 201 230 111 139 250
77 168 245 17 208 225
77 168 245 87 160 247
77 168 245 93 155 248
17 208 225 87 160 247
17 208 225 93 155 248
87 160 247 93 155 248
2 216 218 34 198 232
100 149 249 45 191 236
100 149 249 4 215 219
100 149 249 61 180 241
45 191 236 4 215 219
45 191 236 61 180 241
4 215 219 61 180 241
109 141 250 54 185 239
81 165 246 39 195 234
81 165 246 99 150 249
39 195 234 99 150 249
72 172 244 92 156 248
15 181 241 71 155 249
86 161 247 26 203 229
108 142 250 10 212 222
145 147 244 100 197 231
89 181 240 64 215 219
12 211 223 36 197 233
21 206 227 98 151 249
106 144 250 80 166 246
106 144 250 14 210 224
80 166 246 14 210 224
85 162 247 47 190 237
28 202 230 50 188 238
71 173 244 124 127 251
33 199 232 67 176 243
33 199 232 123 128 251
33 199 232 97 152 249
67 176 243 123 128 251
67 176 243 97 152 249
123 128 251 97 152 249
53 186 239 122 129 251
41 194 235 121 130 251
105 145 250 75 170 245
16 209 225 120 131 251
1 217 218 118 133 251
96 153 249 3 216 219
79 167 246 117 134 251
116 135 251 25 204 229
59 182 241 7 214 221
103 147 250 35 198 233
9 213 222 66 177 243
74 171 245 95 154 249
49 189 238 114 137 251
49 189 238 46 191 237
114 137 251 46 191 237
11 212 223 43 193 236
11 212 223 52 187 239
11 212 223 83 164 247
43 193 236 52 187 239
43 193 236 83 164 247
52 187 239 83 164 247
135 197 227 153 173 235
102 148 250 62 180 242
88 160 248 32 200 232
40 195 235 55 185 240
13 211 224 112 139 251
69 175 244 111 140 251
37 197 234 58 183 241
65 178 243 82 165 247
29 202 231 77 169 246
34 199 233 109 142 251
34 199 233 17 209 226
34 199 233 61 181 242
109 142 251 17 209 226
109 142 251 61 181 242
17 209 226 61 181 242
6 215 221 99 151 250
92 157 249 108 143 251
72 200 232 120 152 248
79 146 252 14 177 244
8 214 222 86 162 248
64 179 243 107 144 251
64 179 243 31 201 232
64 179 243 57 184 241
107 144 251 31 201 232
107 144 251 57 184 241
31 201 232 57 184 241
76 170 246 26 204 230
126 126 252 36 198 234
12 212 224 124 128 252
123 129 252 21 207 228
84 151 251 4 189 239
60 182 242 122 130 252
85 163 248 80 167 247
50 189 239 105 146 251
50 189 239 71 174 245
50 189 239 14 211 225
105 146 251 71 174 245
105 146 251 14 211 225
71 174 245 14 211 225
67 177 244 119 133 252
67 177 244 28 203 231
67 177 244 44 193 237
119 133 252 28 203 231
119 133 252 44 193 237
28 203 231 44 193 237
53 187 240 33 200 233
75 171 246 90 159 249
117 135 252 63 180 243
96 154 250 16 210 226
116 136 252 84 164 248
129 133 251 67 189 239
3 217 220 115 137 252
5 216 221 89 160 249
18 209 227 59 183 242
126 142 250 58 210 226
25 205 230 95 155 250
25 205 230 70 175 245
95 155 250 70 175 245
74 172 246 66 178 244
9 214 223 102 149 251
7 109 258 62 87 259
52 188 240 20 208 228
52 188 240 112 140 252
20 208 228 112 140 252
78 169 247 62 181 243
78 169 247 43 194 237
62 181 243 43 194 237
88 161 249 11 213 224
55 186 241 101 150 251
27 204 231 111 141 252
73 173 246 22 207 229
82 166 248 58 184 242
93 157 250 37 198 235
65 179 244 100 151 251
99 152 251 48 191 239
34 200 234 24 206 230
17 210 227 45 193 238
2 218 220 92 158 250
53 191 239 103 151 251
86 163 249 54 187 241
6 216 222 72 174 246
107 145 252 68 177 245
126 127 253 98 153 251
8 215 223 125 128 253
21 215 223 71 177 245
116 135 253 5 209 228
19 209 228 76 171 247
19 209 228 39 197 236
19 209 228 124 129 253
76 171 247 39 197 236
76 171 247 124 129 253
39 197 236 124 129 253
57 185 242 123 130 253
31 202 233 122 131 253
26 205 231 91 159 250
85 164 249 36 199 235
97 154 251 119 134 253
105 147 252 60 183 243
105 147 252 12 213 225
60 183 243 12 213 225
47 192 239 117 136 253
90 160 250 50 190 240
14 212 226 44 194 238
104 148 252 28 204 232
6 164 250 60 146 254
116 137 253 53 188 241
63 181 244 41 196 237
115 138 253 23 207 230
16 211 227 79 169 248
1 219 220 95 156 251
69 213 225 81 195 237
30 203 233 5 217 222
102 150 252 18 210 228
25 206 231 66 179 245
90 122 257 62 142 255
7 216 223 112 141 253
49 191 240 9 215 224
94 157 251 46 193 239
88 162 250 78 170 248
52 189 241 101 151 252
110 143 253 55 187 242
27 205 232 40 197 237
123 193 235 115 207 227
13 213 226 73 174 247
13 213 226 82 167 249
13 213 226 93 158 251
73 174 247 82 167 249
73 174 247 93 158 251
82 167 249 93 158 251
58 185 243 87 163 250
15 212 227 108 145 253
29 204 233 92 159 251
29 204 233 61 183 244
92 159 251 61 183 244
127 127 254 107 146 253
34 201 235 45 194 239
34 201 235 51 190 241
34 201 235 125 129 254
45 194 239 51 190 241
45 194 239 125 129 254
51 190 241 125 129 254
81 168 249 24 207 231
124 130 254 86 164 250
2 219 221 123 131 254
4 218 222 68 178 246
4 218 222 98 154 252
4 218 222 54 188 242
4 218 222 122 132 254
4 218 222 42 196 238
68 178 246 98 154 252
68 178 246 54 188 242
68 178 246 122 132 254
68 178 246 42 196 238
98 154 252 54 188 242
98 154 252 122 132 254
98 154 252 42 196 238
54 188 242 122 132 254
54 188 242 42 196 238
122 132 254 42 196 238
2 160 252 100 112 258
125 164 247 95 197 236
106 147 253 6 217 223
64 181 245 91 160 251
57 186 243 39 198 237
19 210 229 119 135 254
26 206 232 118 136 254
105 148 253 97 155 252
85 165 250 10 215 225
60 184 244 36 200 236
12 214 226 116 138 254
122 134 254 22 214 226
90 161 251 21 209 230
71 176 247 104 149 253
47 193 240 75 173 248
115 139 254 50 191 241
53 189 242 14 213 227
114 140 254 84 166 250
103 150 253 63 182 245
103 150 253 33 202 235
63 182 245 33 202 235
23 208 231 56 187 243
89 162 251 113 141 254
58 205 233 103 163 250
102 151 253 38 199 237
1 220 221 59 185 244
66 180 246 30 204 234
5 218 223 83 167 250
18 211 229 111 143 254
101 152 253 88 163 251
101 152 253 7 217 224
88 163 251 7 217 224
46 194 240 110 144 254
60 166 251 5 186 244
55 188 243 100 153 253
109 145 254 11 215 226
40 198 238 82 168 250
69 178 247 27 206 233
73 175 248 32 203 235
58 186 244 108 146 254
99 154 253 22 209 231
127 128 255 37 200 237
123 132 255 15 213 228
81 169 250 86 165 251
81 169 250 29 205 234
81 169 250 121 134 255
86 165 251 29 205 234
86 165 251 121 134 255
29 205 234 121 134 255
120 135 255 45 195 240
106 148 254 34 202 236
72 176 248 24 208 232
131 150 251 90 191 241
17 212 229 68 179 247
103 185 243 87 205 233
37 161 253 77 139 257
91 161 252 76 173 249
91 161 252 4 219 223
76 173 249 4 219 223
64 182 246 6 218 224
97 156 253 57 187 244
85 166 251 19 211 230
116 139 255 31 204 235
104 150 254 10 216 226
115 140 255 60 185 245
96 157 253 71 177 248
67 180 247 12 215 227
114 141 255 75 174 249
114 141 255 21 210 231
75 174 249 21 210 231
103 151 254 47 194 241
53 190 243 113 142 255
14 214 228 28 206 234
89 163 252 33 203 236
38 200 238 70 178 248
59 186 245 74 175 249
69 194 241 129 139 254
101 153 254 94 159 253
101 153 254 66 181 247
101 153 254 1 221 222
94 159 253 66 181 247
94 159 253 1 221 222
66 181 247 1 221 222
110 145 255 30 205 235
18 212 230 78 172 250
35 202 237 7 218 225
46 195 241 109 146 255
43 197 240 93 160 253
55 189 244 20 211 231
87 165 252 108 147 255
24 199 239 109 141 256
11 216 227 69 179 248
11 216 227 73 176 249
11 216 227 127 129 256
69 179 248 73 176 249
69 179 248 127 129 256
73 176 249 127 129 256
125 131 256 40 199 239
124 132 256 32 204 236
58 187 245 65 182 247
58 187 245 77 173 250
65 182 247 77 173 250
107 148 255 13 215 228
86 166 252 98 156 254
81 170 251 61 185 246
81 170 251 106 149 255
81 170 251 15 214 229
61 185 246 106 149 255
61 185 246 15 214 229
106 149 255 15 214 229
123 127 257 53 183 247
48 194 242 118 138 256
72 177 249 51 192 243
19 109 262 74 79 263
34 203 237 91 162 253
24 209 233 117 139 256
54 190 244 76 174 250
97 157 254 2 221 223
4 220 224 116 140 256
85 167 252 57 188 245
106 145 256 26 200 239
61 90 263 5 111 262
80 171 251 115 141 256
80 171 251 39 200 239
80 171 251 104 151 255
115 141 256 39 200 239
115 141 256 104 151 255
39 200 239 104 151 255
30 218 226 82 174 250
96 158 254 26 208 234
96 158 254 114 142 256
26 208 234 114 142 256
67 181 248 113 143 256
84 168 252 12 216 228
47 195 242 50 193 243
89 164 253 44 197 241
89 164 253 79 172 251
89 164 253 53 191 244
44 197 241 79 172 251
44 197 241 53 191 244
79 172 251 53 191 244
111 145 256 41 199 240
111 145 256 56 189 245
41 199 240 56 189 245
101 154 255 70 179 249
110 146 256 94 160 254
110 146 256 74 176 250
110 146 256 16 214 230
94 160 254 74 176 250
94 160 254 16 214 230
74 176 250 16 214 230
38 201 239 59 187 246
1 222 223 78 173 251
109 147 256 3 221 224
5 220 225 100 155 255
62 185 247 35 203 238
62 185 247 127 130 257
35 203 238 127 130 257
40 209 234 81 176 250
93 161 254 126 131 257
93 161 254 49 194 243
93 161 254 7 219 226
126 131 257 49 194 243
126 131 257 7 219 226
49 194 243 7 219 226
108 148 256 52 192 244
75 197 241 115 159 253
9 218 227 43 198 241
9 218 227 87 166 253
9 218 227 123 134 257
43 198 241 87 166 253
43 198 241 123 134 257
87 166 253 123 134 257
122 135 257 73 177 250
69 180 249 99 156 255
107 149 256 121 136 257
32 205 237 120 137 257
32 205 237 27 208 235
32 205 237 65 183 248
120 137 257 27 208 235
120 137 257 65 183 248
27 208 235 65 183 248
58 188 246 92 162 254
86 167 253 118 139 257
86 167 253 22 211 233
86 167 253 37 202 239
118 139 257 22 211 233
118 139 257 37 202 239
22 211 233 37 202 239
29 207 236 51 193 244
29 207 236 68 181 249
29 207 236 116 141 257
51 193 244 68 181 249
51 193 244 116 141 257
68 181 249 116 141 257
97 158 255 45 197 242
17 214 231 42 199 241
104 152 256 64 184 248
90 164 254 6 220 226
96 159 255 39 201 240
8 219 227 113 144 257
8 219 227 103 153 256
8 219 227 19 213 232
113 144 257 103 153 256
113 144 257 19 213 232
103 153 256 19 213 232
122 159 253 83 198 241
26 209 235 71 179 250
36 203 239 84 169 253
118 161 253 77 202 239
10 152 258 82 120 262
79 173 252 21 212 233
79 173 252 47 196 243
79 173 252 12 217 229
21 212 233 47 196 243
21 212 233 12 217 229
47 196 243 12 217 229
53 192 245 63 185 248
56 190 246 14 216 230
33 205 238 110 147 257
101 155 256 41 200 241
23 211 234 74 177 251
59 188 247 109 148 257
66 183 249 129 129 258
38 202 240 128 130 258
126 132 258 78 174 252
3 222 225 93 162 255
3 222 225 30 207 237
3 222 225 123 135 258
93 162 255 30 207 237
93 162 255 123 135 258
30 207 237 123 135 258
18 214 232 122 136 258
18 214 232 62 186 248
122 136 258 62 186 248
49 195 244 35 204 239
46 197 243 121 137 258
46 197 243 87 167 254
46 197 243 82 171 253
121 137 258 87 167 254
121 137 258 82 171 253
87 167 254 82 171 253
52 193 245 7 220 227
43 199 242 73 178 251
69 181 250 55 191 246
20 213 233 77 175 252
20 213 233 92 163 255
77 175 252 92 163 255
65 184 249 40 201 241
11 218 229 106 151 257
98 158 256 32 206 238
85 203 239 125 161 253
105 152 257 37 203 240
116 142 258 22 212 234
30 192 246 96 150 258
97 159 256 72 179 251
76 176 252 48 196 244
29 208 237 104 153 257
54 192 246 114 144 258
34 205 239 85 169 254
24 211 235 64 185 249
17 215 232 80 173 253
90 157 257 53 183 250
2 223 225 57 190 247
2 223 225 113 145 258
57 190 247 113 145 258
47 211 235 53 205 239
39 202 241 6 221 227
8 220 228 60 188 248
26 210 236 84 170 254
102 155 257 67 183 250
10 219 229 89 166 255
103 145 259 35 191 247
63 186 249 21 213 234
12 218 230 110 148 258
63 181 251 113 141 259
101 156 257 44 199 243
56 191 247 128 131 259
127 132 259 28 209 237
41 201 242 33 206 239
41 201 242 14 217 231
41 201 242 126 133 259
41 201 242 83 171 254
41 201 242 109 149 258
33 206 239 14 217 231
33 206 239 126 133 259
33 206 239 83 171 254
33 206 239 109 149 258
14 217 231 126 133 259
14 217 231 83 171 254
14 217 231 109 149 258
126 133 259 83 171 254
126 133 259 109 149 258
83 171 254 109 149 258
125 134 259 70 181 251
100 157 257 23 212 235
59 189 248 123 136 259
122 137 259 38 203 241
23 177 253 57 163 257
1 224 225 120 139 259
62 187 249 99 158 257
62 187 249 3 223 226
62 187 249 107 151 258
99 158 257 3 223 226
99 158 257 107 151 258
3 223 226 107 151 258
18 215 233 5 222 227
49 196 245 119 140 259
49 196 245 25 211 236
119 140 259 25 211 236
46 198 244 52 194 246
73 179 252 7 221 228
118 141 259 69 182 251
55 192 247 43 200 243
98 159 257 117 142 259
40 202 242 58 190 248
86 169 255 11 219 230
27 210 237 105 153 258
115 144 259 91 165 256
48 210 237 120 147 258
37 204 241 61 188 249
76 177 253 68 183 251
48 197 245 15 217 232
95 152 259 35 191 248
113 146 259 29 209 238
80 174 254 90 166 256
80 174 254 34 206 240
80 174 254 64 186 250
90 166 256 34 206 240
90 166 256 64 186 250
34 206 240 64 186 250
43 135 263 87 107 265
17 216 233 57 191 248
17 216 233 112 147 259
57 191 248 112 147 259
102 156 258 6 222 228
111 148 259 71 181 252
75 178 253 95 162 257
60 189 249 84 171 255
113 157 257 47 223 227
89 167 256 67 184 251
89 167 256 8 221 229
89 167 256 31 208 239
67 184 251 8 221 229
67 184 251 31 208 239
8 221 229 31 208 239
19 159 259 49 149 261
79 175 254 110 149 259
10 220 230 130 130 260
36 205 241 129 131 260
32 167 257 97 128 263
126 134 260 50 196 246
47 198 245 63 187 250
53 194 247 94 163 257
21 214 235 109 150 259
124 136 260 44 200 244
123 137 260 83 172 255
56 192 248 88 168 256
45 219 231 75 189 249
90 123 264 48 150 261
122 138 260 70 182 252
122 138 260 100 158 258
122 138 260 28 210 238
70 182 252 100 158 258
70 182 252 28 210 238
100 158 258 28 210 238
120 124 262 24 188 250
66 185 251 59 190 249
93 164 257 23 213 236
107 152 259 16 217 233
118 142 260 62 188 250
30 209 239 1 225 226
106 153 259 49 197 246
25 212 237 5 223 228
25 212 237 92 165 257
25 212 237 52 195 247
25 212 237 73 180 253
25 212 237 117 143 260
5 223 228 92 165 257
5 223 228 52 195 247
5 223 228 73 180 253
5 223 228 117 143 260
92 165 257 52 195 247
92 165 257 73 180 253
92 165 257 117 143 260
52 195 247 73 180 253
52 195 247 117 143 260
73 180 253 117 143 260
35 206 241 46 199 245
77 177 254 7 222 229
9 221 230 105 154 259
9 221 230 65 186 251
105 154 259 65 186 251
115 145 260 20 215 235
27 211 238 97 161 258
83 190 249 125 151 258
13 219 232 72 181 253
76 178 254 22 214 236
96 162 258 48 198 246
103 156 259 51 196 247
90 167 257 15 218 233
45 200 245 80 175 255
24 213 237 57 192 249
17 217 234 102 157 259
95 163 258 2 225 227
84 172 256 4 224 228
75 179 254 130 131 261
39 204 243 129 132 261
89 168 257 128 133 261
110 150 260 60 190 250
127 134 261 6 223 229
79 176 255 125 136 261
79 176 255 19 216 235
79 176 255 31 209 240
125 136 261 19 216 235
125 136 261 31 209 240
19 216 235 31 209 240
46 222 230 90 178 254
94 164 258 36 206 242
47 199 246 122 139 261
88 169 257 83 173 256
121 140 261 21 215 236
121 140 261 44 201 245
121 140 261 100 159 259
21 215 236 44 201 245
21 215 236 100 159 259
44 201 245 100 159 259
12 220 232 108 152 260
28 211 239 41 203 244
78 177 255 93 165 258
119 142 261 14 219 233
63 181 254 89 162 259
118 143 261 23 214 237
43 125 266 7 134 265
38 205 243 87 170 257
82 174 256 16 218 234
98 161 259 73 181 254
98 161 259 1 226 227
73 181 254 1 226 227
77 178 255 35 207 242
77 178 255 25 213 238
77 178 255 18 217 235
35 207 242 25 213 238
35 207 242 18 217 235
25 213 238 18 217 235
115 146 261 55 194 249
7 223 230 43 202 245
9 222 231 114 147 261
97 162 259 91 167 258
20 216 236 40 204 244
20 216 236 104 156 260
40 204 244 104 156 260
32 209 241 11 221 232
113 148 261 27 212 239
53 174 257 99 142 263
85 172 257 13 220 233
85 172 257 103 157 260
85 172 257 68 185 253
13 220 233 103 157 260
13 220 233 68 185 253
103 157 260 68 185 253
96 163 259 112 149 261
51 197 248 48 199 247
15 219 234 45 201 246
15 219 234 111 150 261
15 219 234 54 195 249
45 201 246 111 150 261
45 201 246 54 195 249
111 150 261 54 195 249
102 158 260 130 132 262
34 208 242 128 134 262
42 203 245 127 135 262
42 203 245 57 193 250
127 135 262 57 193 250
24 214 238 126 136 262
17 218 235 125 137 262
71 183 254 89 169 258
2 226 228 124 138 262
101 159 260 4 225 229
101 159 260 39 205 244
101 159 260 60 191 251
4 225 229 39 205 244
4 225 229 60 191 251
39 205 244 60 191 251
123 139 262 67 186 253
109 152 261 79 177 256
94 165 259 31 210 241
121 141 262 26 213 239
63 189 252 108 153 261
63 189 252 36 207 243
108 153 261 36 207 243
10 222 232 120 142 262
10 222 232 88 170 258
10 222 232 50 198 248
120 142 262 88 170 258
120 142 262 50 198 248
88 170 258 50 198 248
56 194 250 70 184 254
93 166 259 107 154 261
78 178 256 118 144 262
41 204 245 99 161 260
33 209 242 66 187 253
144 178 250 122 206 240
23 215 238 82 175 257
38 206 244 116 146 262
62 190 252 98 162 260
84 203 245 140 147 259
115 147 262 73 182 255
30 211 241 69 185 254
77 179 256 49 199 248
52 197 249 1 227 228
3 226 229 46 201 247
18 218 236 114 148 262
18 218 236 86 172 258
114 148 262 86 172 258
5 225 230 55 195 250
65 188 253 97 163 260
104 157 261 81 176 257
104 157 261 7 224 231
104 157 261 91 168 259
81 176 257 7 224 231
81 176 257 91 168 259
7 224 231 91 168 259
58 193 251 113 149 262
82 222 232 142 152 258
112 150 262 32 210 242
103 158 261 11 222 233
72 183 255 27 213 240
96 164 260 76 180 256
37 207 244 131 132 263
13 221 234 129 134 263
13 221 234 111 151 262
129 134 263 111 151 262
80 177 257 128 135 263
51 198 249 102 159 261
74 218 236 82 206 244
125 138 263 45 202 247
95 165 260 15 220 235
96 218 235 107 200 246
29 212 241 124 139 263
34 209 243 57 194 251
42 204 246 84 174 258
71 184 255 24 215 239
71 184 255 101 160 261
71 184 255 75 181 256
24 215 239 101 160 261
24 215 239 75 181 256
101 160 261 75 181 256
122 141 263 109 153 262
35 166 261 89 135 266
67 187 254 121 142 263
67 187 254 79 178 257
67 187 254 2 227 229
121 142 263 79 178 257
121 142 263 2 227 229
79 178 257 2 227 229
94 166 260 4 226 230
88 171 259 119 144 263
83 175 258 63 190 253
107 155 262 118 145 263
107 155 262 10 223 233
107 155 262 53 197 250
118 145 263 10 223 233
118 145 263 53 197 250
10 223 233 53 197 250
149 173 252 124 203 243
117 146 263 78 179 257
117 146 263 21 217 238
78 179 257 21 217 238
106 156 262 66 188 254
109 150 263 10 213 241
116 147 263 59 193 252
116 147 263 87 172 259
116 147 263 28 213 241
59 193 252 87 172 259
59 193 252 28 213 241
87 172 259 28 213 241
41 213 241 129 139 263
148 219 227 172 181 243
105 133 266 42 175 259
38 207 245 105 157 262
82 162 262 58 178 258
30 212 242 52 198 250
46 202 248 104 158 262
97 164 261 1 228 229
113 150 263 3 227 230
91 169 260 35 209 244
91 169 260 55 196 251
35 209 244 55 196 251
81 177 258 18 219 237
5 226 231 65 189 254
175 177 244 148 215 231
131 133 264 9 224 233
63 212 242 82 193 252
130 134 264 40 206 246
96 165 261 129 135 264
128 136 264 72 184 256
111 152 263 127 137 264
111 152 263 32 211 243
111 152 263 61 192 253
127 137 264 32 211 243
127 137 264 61 192 253
32 211 243 61 192 253
11 223 234 27 214 241
54 185 256 24 199 250
102 160 262 80 178 258
13 222 235 110 153 263
95 166 261 51 199 250
123 141 264 48 201 249
15 221 236 84 175 259
15 221 236 89 171 260
84 175 259 89 171 260
109 154 263 101 161 262
75 182 257 42 205 247
24 216 240 120 144 264
79 179 258 94 167 261
67 188 255 17 220 237
67 188 255 108 155 263
67 188 255 60 193 253
17 220 237 108 155 263
17 220 237 60 193 253
108 155 263 60 193 253
2 228 230 100 162 262
6 226 232 118 146 264
107 156 263 31 212 243
63 191 254 19 219 238
93 168 261 117 147 264
99 163 262 47 202 249
99 163 262 74 183 257
99 163 262 53 198 251
47 202 249 74 183 257
47 202 249 53 198 251
74 183 257 53 198 251
10 224 234 70 186 256
44 204 248 56 196 252
44 204 248 116 148 264
56 196 252 116 148 264
87 173 260 12 223 235
41 206 247 59 194 253
98 164 262 28 214 242
33 211 244 92 169 261
38 208 246 62 192 254
69 187 256 104 159 263
69 187 256 113 151 264
69 187 256 16 221 237
104 159 263 113 151 264
104 159 263 16 221 237
113 151 264 16 221 237
141 150 261 90 201 249
91 170 261 49 201 250
81 178 259 46 203 249
55 197 252 132 133 265
131 134 265 1 229 230
130 135 265 65 190 255
130 135 265 35 210 245
65 190 255 35 210 245
129 136 265 25 216 241
73 156 265 31 177 260
103 160 263 43 205 248
103 160 263 5 227 232
103 160 263 128 137 265
43 205 248 5 227 232
43 205 248 128 137 265
5 227 232 128 137 265
58 195 253 127 138 265
125 140 265 85 175 260
40 207 247 72 185 257
114 182 256 82 224 234
90 171 261 9 225 234
20 219 239 124 141 265
101 225 232 120 193 251
68 188 256 32 212 244
27 215 242 123 142 265
11 224 235 80 179 259
23 200 251 101 152 265
95 99 271 41 135 269
95 167 262 122 143 265
121 144 265 64 191 255
121 144 265 109 155 264
121 144 265 51 200 251
64 191 255 109 155 264
64 191 255 51 200 251
109 155 264 51 200 251
22 218 240 48 202 250
42 194 254 114 142 266
75 183 258 15 222 237
71 186 257 29 214 243
119 146 265 34 211 245
42 206 248 94 168 262
24 217 241 67 189 256
39 208 247 107 157 264
39 208 247 88 173 261
107 157 264 88 173 261
83 177 260 117 148 265
94 145 267 19 185 258
93 169 262 6 227 233
103 163 263 23 227 233
99 164 263 31 213 244
97 172 261 36 227 233
19 220 239 116 149 265
8 226 234 74 184 258
8 226 234 106 158 264
8 226 234 26 216 242
74 184 258 106 158 264
74 184 258 26 216 242
106 158 264 26 216 242
70 187 257 47 203 250
115 150 265 10 225 235
21 219 240 105 159 264
92 170 262 82 178 260
114 151 265 59 195 254
65 213 244 125 156 263
14 215 243 82 175 261
28 215 243 33 212 245
73 185 258 62 193 255
97 166 263 77 182 259
97 166 263 38 209 247
97 166 263 133 133 266
97 166 263 23 218 241
77 182 259 38 209 247
77 182 259 133 133 266
77 182 259 23 218 241
38 209 247 133 133 266
38 209 247 23 218 241
133 133 266 23 218 241
131 135 266 86 175 261
129 137 266 91 171 262
128 138 266 16 222 238
49 202 251 127 139 266
87 222 237 123 177 258
116 146 266 14 214 244
126 140 266 30 214 244
126 140 266 46 204 250
30 214 244 46 204 250
1 230 231 125 141 266
1 230 231 111 154 265
1 230 231 35 211 246
125 141 266 111 154 265
125 141 266 35 211 246
111 154 265 35 211 246
3 229 232 96 167 263
18 221 239 43 206 249
58 196 254 124 142 266
123 143 266 7 227 234
72 186 258 102 162 264
9 226 235 61 194 255
80 180 260 20 220 240
95 168 263 32 213 245
109 156 265 11 225 236
51 201 252 84 177 261
145 199 246 134 219 235
13 224 237 48 203 251
22 219 241 119 147 266
22 219 241 54 199 253
119 147 266 54 199 253
71 187 258 57 197 254
79 181 260 29 215 244
107 158 265 67 190 257
24 218 242 88 174 262
41 139 270 15 146 269
83 178 261 17 222 239
23 200 253 88 163 265
74 185 259 115 151 266
74 185 259 31 214 245
115 151 266 31 214 245
70 188 258 50 202 252
70 188 258 78 182 260
50 202 252 78 182 260
53 200 253 8 227 235
47 204 251 36 211 247
114 152 266 98 166 264
114 152 266 56 198 254
98 166 264 56 198 254
44 206 250 10 226 236
66 191 257 82 179 261
96 158 266 42 194 256
86 213 245 135 161 262
59 196 255 21 220 241
133 134 267 113 153 266
132 135 267 12 225 237
41 208 249 131 136 267
15 154 268 70 132 271
129 138 267 33 213 246
97 167 264 128 139 267
62 194 256 112 154 266
62 194 256 14 224 238
62 194 256 86 176 262
112 154 266 14 224 238
112 154 266 86 176 262
14 224 238 86 176 262
77 183 260 127 140 267
173 185 246 150 223 229
126 141 267 69 189 258
103 162 265 125 142 267
123 226 232 142 192 251
124 143 267 52 201 253
124 143 267 49 203 252
52 201 253 49 203 252
46 205 251 55 199 254
102 163 265 122 145 267
102 163 265 85 177 262
102 163 265 43 207 250
102 163 265 90 173 263
102 163 265 25 218 243
102 163 265 58 197 255
102 163 265 3 230 233
122 145 267 85 177 262
122 145 267 43 207 250
122 145 267 90 173 263
122 145 267 25 218 243
122 145 267 58 197 255
122 145 267 3 230 233
85 177 262 43 207 250
85 177 262 90 173 263
85 177 262 25 218 243
85 177 262 58 197 255
85 177 262 3 230 233
43 207 250 90 173 263
43 207 250 25 218 243
43 207 250 58 197 255
43 207 250 3 230 233
90 173 263 25 218 243
90 173 263 58 197 255
90 173 263 3 230 233
25 218 243 58 197 255
25 218 243 3 230 233
58 197 255 3 230 233
95 169 264 61 195 256
95 169 264 80 181 261
95 169 264 40 209 249
61 195 256 80 181 261
61 195 256 40 209 249
80 181 261 40 209 249
101 164 265 20 221 241
119 148 267 27 217 244
89 174 263 11 226 237
39 183 261 81 159 267
163 179 252 133 228 229
84 178 262 108 158 266
37 211 248 64 193 257
51 202 253 118 149 267
10 196 256 80 164 266
94 170 264 54 200 254
75 185 260 100 165 265
117 150 267 57 198 255
107 159 266 79 182 261
15 224 239 29 216 245
67 191 258 34 213 247
93 171 264 24 219 243
115 152 267 17 223 240
135 182 257 117 203 250
128 145 267 37 223 240
2 231 233 63 194 257
74 186 260 4 230 234
114 153 267 78 183 261
6 229 235 70 189 259
6 229 235 105 161 266
6 229 235 31 215 246
70 189 259 105 161 266
70 189 259 31 215 246
105 161 266 31 215 246
98 167 265 50 203 253
19 222 241 53 201 254
26 218 244 134 134 268
133 135 268 47 205 252
132 136 268 92 172 264
132 136 268 36 212 248
132 136 268 8 228 236
92 172 264 36 212 248
92 172 264 8 228 236
36 212 248 8 228 236
130 138 268 82 180 262
129 139 268 44 207 251
39 179 263 87 151 269
112 155 267 97 168 265
126 142 268 12 226 238
86 177 263 33 214 247
28 217 245 73 187 260
28 217 245 125 143 268
73 187 260 125 143 268
77 184 261 91 173 264
69 190 259 14 225 239
81 181 262 38 211 249
123 145 268 23 220 243
52 202 254 122 146 268
110 157 267 65 193 258
102 164 266 46 206 252
90 174 264 30 216 246
43 208 251 1 232 233
25 219 244 76 185 261
72 188 260 120 148 268
109 158 267 18 223 241
106 142 270 10 194 258
5 230 235 95 170 265
7 229 236 68 191 259
7 229 236 119 149 268
7 229 236 61 196 257
68 191 259 119 149 268
68 191 259 61 196 257
119 149 268 61 196 257
9 228 237 108 159 267
118 150 268 20 222 242
74 180 263 10 212 249
117 151 268 37 212 249
107 160 267 48 205 253
54 201 255 75 186 261
79 183 262 22 221 243
145 150 265 75 230 235
42 209 251 99 167 266
42 209 251 106 161 267
42 209 251 29 217 246
99 167 266 106 161 267
99 167 266 29 217 246
106 161 267 29 217 246
60 197 257 115 153 268
60 197 257 93 172 265
60 197 257 83 180 263
115 153 268 93 172 265
115 153 268 83 180 263
93 172 265 83 180 263
55 217 246 125 154 267
134 135 269 39 211 250
133 136 269 17 224 241
63 195 258 105 162 267
74 187 261 131 138 269
98 168 266 2 232 234
98 168 266 78 184 262
2 232 234 78 184 262
129 140 269 4 231 235
113 155 268 92 173 265
31 216 247 128 141 269
6 230 236 50 204 254
19 223 242 127 142 269
19 223 242 47 206 253
19 223 242 82 181 263
127 142 269 47 206 253
127 142 269 82 181 263
47 206 253 82 181 263
104 163 267 8 229 237
66 193 259 126 143 269
112 156 268 44 208 252
91 174 265 41 210 251
111 157 268 12 227 239
111 157 268 103 164 267
111 157 268 73 188 261
12 227 239 103 164 267
12 227 239 73 188 261
103 164 267 73 188 261
28 218 246 62 196 258
81 182 263 122 147 269
100 211 249 95 219 244
14 226 240 96 170 266
38 212 250 110 158 268
121 148 269 23 221 244
65 194 259 49 205 254
120 149 269 55 201 256
120 149 269 16 225 241
120 149 269 85 179 264
55 201 256 16 225 241
55 201 256 85 179 264
16 225 241 85 179 264
95 171 266 35 214 249
95 171 266 119 150 269
35 214 249 119 150 269
101 166 267 1 233 234
3 232 235 80 183 263
108 160 268 68 192 260
89 176 265 40 211 251
20 223 243 100 167 267
126 167 265 83 210 251
97 148 271 71 167 268
11 228 239 116 153 269
37 213 250 75 187 262
48 206 254 54 202 256
113 164 267 43 228 239
96 149 271 16 191 261
88 177 265 45 208 253
88 177 265 57 200 257
88 177 265 13 227 240
45 208 253 57 200 257
45 208 253 13 227 240
57 200 257 13 227 240
22 222 244 106 162 268
10 218 247 82 178 265
42 210 252 132 138 270
42 210 252 60 198 258
132 138 270 60 198 258
114 155 269 15 226 241
114 155 269 34 215 249
114 155 269 131 139 270
15 226 241 34 215 249
15 226 241 131 139 270
34 215 249 131 139 270
41 226 241 131 146 269
113 156 269 39 212 251
113 156 269 63 196 259
39 212 251 63 196 259
17 225 242 87 178 265
17 225 242 127 143 270
17 225 242 78 185 263
87 178 265 127 143 270
87 178 265 78 185 263
127 143 270 78 185 263
104 164 268 4 232 236
125 145 270 50 205 255
31 217 248 53 203 256
31 217 248 112 157 269
53 203 256 112 157 269
19 224 243 56 201 257
26 220 246 124 146 270
26 220 246 66 194 260
26 220 246 36 214 250
124 146 270 66 194 260
124 146 270 36 214 250
66 194 260 36 214 250
59 199 258 111 158 269
91 175 266 86 179 265
91 175 266 10 229 239
86 179 265 10 229 239
60 157 271 25 171 268
77 186 263 73 189 262
41 211 252 21 223 244
75 137 274 1 163 270
18 140 274 70 118 276
121 149 270 110 159 269
33 216 249 96 171 267
33 216 249 81 183 264
33 216 249 69 192 261
96 171 267 81 183 264
96 171 267 69 192 261
81 183 264 69 192 261
85 180 265 65 195 260
119 151 270 49 206 255
79 199 258 141 142 269
46 208 254 16 226 242
76 187 263 101 167 268
30 218 248 72 190 262
30 218 248 58 200 258
30 218 248 118 152 270
72 190 262 58 200 258
72 190 262 118 152 270
58 200 258 118 152 270
1 234 235 25 221 246
68 193 261 3 233 236
18 225 243 117 153 270
61 198 259 89 177 266
40 212 252 100 168 268
7 231 238 107 162 269
7 231 238 94 173 267
107 162 269 94 173 267
64 196 260 20 224 244
27 220 247 75 188 263
79 185 264 135 136 271
79 185 264 51 205 256
79 185 264 11 229 240
135 136 271 51 205 256
135 136 271 11 229 240
51 205 256 11 229 240
106 163 269 37 214 251
106 163 269 134 137 271
106 163 269 71 191 262
37 214 251 134 137 271
37 214 251 71 191 262
134 137 271 71 191 262
54 203 257 133 138 271
132 139 271 99 169 268
57 201 258 93 174 267
45 209 254 130 141 271
22 223 245 83 182 265
129 142 271 67 194 261
60 199 259 105 164 269
67 97 278 23 118 277
29 219 248 127 144 271
15 227 242 113 157 270
87 179 266 74 189 263
24 222 246 78 186 264
92 175 267 63 197 260
70 192 262 112 158 270
152 219 239 177 184 251
97 171 268 53 204 257
97 171 268 4 233 237
97 171 268 123 148 271
53 204 257 4 233 237
53 204 257 123 148 271
4 233 237 123 148 271
111 159 270 66 195 261
6 232 238 56 202 258
114 171 267 81 201 258
36 215 251 19 225 244
103 166 269 26 221 247
103 166 269 122 149 271
26 221 247 122 149 271
91 176 267 8 231 239
86 180 266 44 210 254
110 160 270 10 230 240
21 224 245 81 184 265
21 224 245 120 151 271
81 184 265 120 151 271
69 193 262 102 167 269
70 233 237 90 203 257
10 214 252 98 164 270
38 214 252 14 228 242
118 153 271 23 223 246
29 165 271 81 139 275
52 205 257 95 173 268
49 207 256 101 168 269
72 191 263 16 227 243
58 125 277 95 97 278
117 154 271 58 201 259
96 201 258 114 183 264
111 192 261 144 159 267
25 222 247 107 163 270
116 155 271 61 199 260
116 155 271 1 235 236
116 155 271 100 169 269
61 199 260 1 235 236
61 199 260 100 169 269
1 235 236 100 169 269
94 174 268 18 226 244
94 174 268 84 182 266
18 226 244 84 182 266
83 179 267 29 213 253
60 211 254 45 226 244
135 137 272 40 213 253
7 232 239 133 139 272
64 197 261 131 141 272
75 189 264 9 231 240
32 218 250 130 142 272
99 170 269 79 186 265
27 221 248 129 143 272
27 221 248 88 179 267
27 221 248 71 192 263
129 143 272 88 179 267
129 143 272 71 192 263
88 179 267 71 192 263
79 214 252 116 177 266
51 206 257 114 157 271
37 215 252 93 175 268
128 144 272 48 208 256
57 202 259 83 183 266
105 165 270 45 210 255
113 158 271 13 229 242
126 146 272 22 224 246
100 162 271 15 212 254
15 228 243 87 180 267
124 148 272 92 176 268
74 190 264 104 166 270
106 229 240 155 166 264
24 223 247 123 149 272
57 228 243 108 177 267
97 172 269 17 227 244
2 235 237 50 207 257
2 235 237 53 205 258
2 235 237 103 167 270
50 207 257 53 205 258
50 207 257 103 167 270
53 205 258 103 167 270
66 196 262 4 234 238
47 209 256 121 151 272
47 209 256 56 203 259
121 151 272 56 203 259
6 233 239 86 181 267
19 226 245 110 161 271
44 211 255 59 201 260
8 232 240 120 152 272
73 191 264 96 173 269
81 185 266 10 231 241
69 194 263 62 199 261
69 194 263 109 162 271
69 194 263 41 213 254
62 199 261 109 162 271
62 199 261 41 213 254
109 162 271 41 213 254
12 230 242 90 178 268
12 174 270 90 138 276
95 174 269 101 169 270
38 215 253 65 197 262
23 224 247 49 208 257
76 189 265 55 204 259
46 210 256 80 186 266
148 166 266 98 226 244
116 156 272 16 228 244
89 179 268 107 164 271
30 220 250 100 170 270
133 140 273 68 195 263
133 140 273 35 217 252
133 140 273 43 212 255
68 195 263 35 217 252
68 195 263 43 212 255
35 217 252 43 212 255
84 183 267 132 141 273
115 157 272 25 223 248
3 235 238 18 227 245
3 235 238 130 143 273
18 227 245 130 143 273
106 165 271 5 234 239
7 233 240 128 145 273
64 198 262 114 158 272
9 232 241 32 219 251
9 232 241 93 176 269
9 232 241 71 193 264
32 219 251 93 176 269
32 219 251 71 193 264
93 176 269 71 193 264
27 222 249 51 207 258
27 222 249 126 147 273
51 207 258 126 147 273
54 205 259 105 166 271
83 184 267 113 159 272
83 184 267 37 216 253
83 184 267 48 209 257
113 159 272 37 216 253
113 159 272 48 209 257
37 216 253 48 209 257
57 203 260 125 148 273
13 230 243 22 225 247
92 177 269 87 181 268
123 150 273 42 213 255
79 152 275 40 173 271
29 221 250 74 191 265
78 188 266 34 218 252
122 151 273 63 199 262
97 173 270 82 185 267
103 168 271 121 152 273
53 206 259 91 178 269
110 162 272 50 208 258
86 182 268 2 236 238
4 235 239 31 220 251
96 174 270 6 234 240
19 227 246 26 223 249
19 227 246 119 154 273
19 227 246 59 202 261
19 227 246 102 169 271
19 227 246 77 189 266
26 223 249 119 154 273
26 223 249 59 202 261
26 223 249 102 169 271
26 223 249 77 189 266
119 154 273 59 202 261
119 154 273 102 169 271
119 154 273 77 189 266
59 202 261 102 169 271
59 202 261 77 189 266
102 169 271 77 189 266
35 223 249 125 151 273
109 163 272 8 233 241
122 218 249 158 174 263
62 200 262 10 232 242
90 179 269 41 214 255
117 156 273 33 219 252
117 156 273 12 231 243
33 219 252 12 231 243
2 216 254 114 152 274
136 138 274 38 216 254
134 140 274 76 190 266
134 140 274 14 230 244
76 190 266 14 230 244
116 157 273 52 207 259
133 141 274 49 209 258
72 193 265 80 187 267
72 193 265 23 225 248
72 193 265 107 165 272
80 187 267 23 225 248
80 187 267 107 165 272
23 225 248 107 165 272
100 171 271 89 180 269
131 143 274 46 211 257
94 176 270 130 144 274
84 184 268 68 196 264
129 145 274 30 221 251
128 146 274 106 166 272
127 147 274 1 237 238
3 236 239 99 172 271
5 235 240 40 215 255
88 181 269 64 199 263
105 167 272 113 160 273
71 194 265 125 149 274
83 185 268 20 227 247
54 206 260 124 150 274
37 217 254 98 173 271
11 232 243 67 197 264
11 232 243 112 161 273
67 197 264 112 161 273
92 178 270 60 202 262
75 164 274 44 181 270
122 152 274 22 226 248
148 151 271 73 236 239
78 189 267 111 162 273
42 214 256 74 192 266
34 219 253 121 153 274
34 219 253 29 222 251
34 219 253 97 174 271
121 153 274 29 222 251
121 153 274 97 174 271
29 222 251 97 174 271
32 222 251 123 152 274
15 230 245 70 195 265
39 216 255 24 225 249
2 185 269 94 145 277
92 152 276 24 188 268
105 123 279 15 171 273
17 229 246 86 183 269
50 209 259 119 155 274
56 205 261 96 175 271
2 237 239 47 211 258
109 164 273 31 221 252
59 203 262 73 193 266
118 156 274 36 218 254
44 213 257 19 228 247
44 213 257 81 187 268
19 228 247 81 187 268
117 157 274 62 201 263
10 233 243 137 138 275
41 215 256 136 139 275
41 215 256 85 184 269
41 215 256 95 176 271
136 139 275 85 184 269
136 139 275 95 176 271
85 184 269 95 176 271
33 220 253 132 143 275
131 144 275 65 199 264
80 188 268 100 172 272
80 188 268 52 208 260
100 172 272 52 208 260
89 181 270 129 146 275
89 181 270 49 210 259
89 181 270 55 206 261
89 181 270 14 231 245
89 181 270 115 159 274
129 146 275 49 210 259
129 146 275 55 206 261
129 146 275 14 231 245
129 146 275 115 159 274
49 210 259 55 206 261
49 210 259 14 231 245
49 210 259 115 159 274
55 206 261 14 231 245
55 206 261 115 159 274
14 231 245 115 159 274
23 226 249 94 177 271
58 204 262 46 212 258
68 197 265 127 148 275
114 160 274 16 230 246
43 214 257 61 202 263
35 219 254 126 149 275
134 150 274 46 230 246
25 225 250 125 150 275
1 238 239 113 161 274
18 229 247 93 178 271
3 237 240 105 168 273
3 237 240 75 192 267
105 168 273 75 192 267
64 200 264 40 216 256
124 151 275 5 236 241
114 181 269 71 226 249
112 162 274 98 174 272
9 234 243 54 207 261
104 169 273 48 211 259
104 169 273 27 224 251
48 211 259 27 224 251
37 218 255 122 153 275
37 218 255 67 198 265
37 218 255 57 205 262
122 153 275 67 198 265
122 153 275 57 205 262
67 198 265 57 205 262
11 233 244 92 179 271
87 183 270 45 213 258
74 193 267 22 227 249
13 232 245 97 175 272
42 215 257 103 170 273
34 220 254 70 196 266
34 220 254 110 164 274
70 196 266 110 164 274
119 156 275 91 180 271
30 172 274 76 150 278
86 184 270 24 226 250
93 131 280 19 168 275
109 165 274 66 199 265
17 230 247 118 157 275
47 212 259 77 191 268
1 159 277 89 123 281
73 194 267 31 222 253
99 215 256 135 176 269
59 204 263 4 237 241
59 204 263 137 139 276
59 204 263 81 188 269
4 237 241 137 139 276
4 237 241 81 188 269
137 139 276 81 188 269
36 219 255 135 141 276
6 236 242 44 214 258
6 236 242 134 142 276
6 236 242 108 166 274
44 214 258 134 142 276
44 214 258 108 166 274
134 142 276 108 166 274
90 181 271 26 225 251
133 143 276 101 172 273
8 235 243 95 177 272
131 145 276 116 159 275
130 146 276 10 234 244
84 127 281 49 148 279
21 228 249 129 147 276
115 160 275 65 200 265
12 233 245 100 173 273
76 192 268 28 224 252
76 192 268 128 148 276
28 224 252 128 148 276
94 178 272 38 218 256
52 209 261 127 149 276
14 232 246 106 168 274
84 186 270 126 150 276
58 205 263 23 227 250
2 201 265 75 173 274
16 231 247 61 203 264
113 162 275 30 223 253
113 162 275 43 215 258
30 223 253 43 215 258
93 179 272 88 183 271
79 190 269 25 226 251
5 151 279 59 135 281
1 239 240 64 201 265
29 179 273 69 161 277
112 163 275 40 217 257
83 187 270 5 237 242
83 187 270 98 175 273
5 237 242 98 175 273
32 222 254 54 208 262
116 191 267 124 183 269
121 155 276 9 235 244
121 155 276 20 229 249
121 155 276 111 164 275
9 235 244 20 229 249
9 235 244 111 164 275
20 229 249 111 164 275
48 212 260 92 180 272
91 159 277 61 179 273
94 118 282 6 158 278
37 219 256 87 184 271
11 234 245 45 214 259
60 204 264 120 156 276
103 171 274 78 191 269
22 228 250 82 188 270
70 197 267 63 202 265
29 224 253 91 181 272
86 185 271 109 166 275
102 172 274 118 158 276
39 218 257 138 139 277
5 227 251 125 149 277
136 141 277 24 227 251
53 209 262 134 143 277
88 125 282 3 160 278
56 207 263 17 231 248
56 207 263 77 192 269
56 207 263 133 144 277
17 231 248 77 192 269
17 231 248 133 144 277
77 192 269 133 144 277
108 167 275 73 195 268
108 167 275 132 145 277
108 167 275 47 213 260
73 195 268 132 145 277
73 195 268 47 213 260
132 145 277 47 213 260
31 223 254 2 239 241
31 223 254 131 146 277
31 223 254 101 173 274
2 239 241 131 146 277
2 239 241 101 173 274
131 146 277 101 173 274
116 160 276 36 220 256
95 178 273 130 147 277
69 198 267 6 237 243
19 230 249 85 186 271
21 229 250 65 201 266
94 179 273 126 151 277
114 162 276 12 234 246
125 152 277 55 208 263
49 212 261 84 187 271
75 239 241 101 201 265
68 199 267 113 163 276
68 199 267 23 228 251
68 199 267 124 153 277
113 163 276 23 228 251
113 163 276 124 153 277
23 228 251 124 153 277
88 184 272 16 232 248
75 194 269 79 191 270
98 176 274 64 202 266
83 188 271 71 197 268
104 171 275 1 240 241
129 138 279 6 213 261
92 181 273 7 237 244
51 211 262 54 209 263
67 200 267 87 185 272
67 200 267 120 157 277
67 200 267 32 223 255
87 185 272 120 157 277
87 185 272 32 223 255
120 157 277 32 223 255
57 207 264 48 213 261
27 226 253 97 177 274
37 220 257 103 172 275
60 205 265 45 215 260
138 172 272 118 192 268
74 195 269 11 235 246
60 230 250 100 190 270
22 229 251 139 139 278
138 140 278 70 198 268
137 141 278 118 159 277
137 141 278 63 203 266
137 141 278 42 217 259
137 141 278 13 234 247
137 141 278 91 182 273
118 159 277 63 203 266
118 159 277 42 217 259
118 159 277 13 234 247
118 159 277 91 182 273
63 203 266 42 217 259
63 203 266 13 234 247
63 203 266 91 182 273
42 217 259 13 234 247
42 217 259 91 182 273
13 234 247 91 182 273
135 143 278 102 173 275
86 186 272 96 178 274
86 186 272 34 222 256
86 186 272 134 144 278
96 178 274 34 222 256
96 178 274 134 144 278
34 222 256 134 144 278
3 199 268 73 173 276
117 160 277 15 233 248
108 158 278 18 212 262
39 219 258 66 201 267
24 228 252 108 168 276
124 199 265 100 239 241
77 193 270 53 210 263
130 148 278 50 212 262
81 190 271 101 174 275
116 161 277 73 196 269
47 214 261 129 149 278
59 206 265 95 179 274
128 150 278 2 240 242
107 169 276 69 199 268
107 169 276 36 221 257
107 169 276 4 239 243
69 199 268 36 221 257
69 199 268 4 239 243
36 221 257 4 239 243
127 151 278 26 227 253
62 204 266 6 238 244
10 236 246 94 180 274
10 236 246 106 170 276
10 236 246 76 194 270
94 180 274 106 170 276
94 180 274 76 194 270
106 170 276 76 194 270
65 202 267 125 153 278
72 197 269 33 223 256
124 154 278 28 226 254
113 164 277 52 211 263
99 176 275 55 209 264
123 155 278 58 207 265
112 165 277 88 185 273
79 192 271 16 233 249
30 225 255 75 195 270
98 177 275 35 222 257
69 235 247 103 195 269
64 203 267 83 189 272
71 198 269 111 166 277
120 158 278 18 232 250
14 214 262 38 206 266
51 212 263 103 173 276
51 212 263 67 201 268
103 173 276 67 201 268
7 238 245 97 178 275
7 238 245 110 167 277
97 178 275 110 167 277
139 140 279 20 231 251
9 237 246 138 141 279
27 227 254 37 221 258
27 227 254 78 193 271
27 227 254 137 142 279
37 221 258 78 193 271
37 221 258 137 142 279
78 193 271 137 142 279
74 196 270 60 206 266
135 144 279 45 216 261
118 160 278 82 190 272
133 146 279 91 183 274
63 204 267 132 147 279
42 218 260 22 230 252
117 161 278 86 187 273
130 149 279 29 226 255
129 150 279 15 234 249
66 202 268 116 162 278
101 175 276 39 220 259
81 191 272 24 229 253
81 191 272 53 211 264
81 191 272 128 151 279
24 229 253 53 211 264
24 229 253 128 151 279
53 211 264 128 151 279
92 138 283 27 172 278
50 213 263 73 197 270
115 163 278 107 170 277
115 163 278 47 215 262
115 163 278 17 233 250
107 170 277 47 215 262
107 170 277 17 233 250
47 215 262 17 233 250
69 200 269 31 225 256
100 176 276 4 240 244
26 228 254 114 164 278
125 154 279 6 239 245
33 239 245 55 217 261
94 181 275 89 185 274
76 195 271 124 155 279
76 195 271 41 219 260
124 155 279 41 219 260
10 237 247 113 165 278
84 189 273 21 231 252
84 189 273 99 177 276
84 189 273 123 156 279
21 231 252 99 177 276
21 231 252 123 156 279
99 177 276 123 156 279
28 227 255 105 172 277
52 212 264 12 236 248
49 214 263 38 221 259
112 166 278 58 208 266
88 186 274 46 216 262
121 158 279 61 206 267
104 173 277 79 193 272
43 218 261 111 167 278
30 226 256 16 234 250
35 223 258 83 190 273
47 166 280 16 175 278
150 151 277 74 227 255
140 140 280 40 220 260
119 160 279 139 141 280
138 142 280 110 168 278
1 242 243 87 187 274
1 242 243 18 233 251
1 242 243 103 174 277
87 187 274 18 233 251
87 187 274 103 174 277
18 233 251 103 174 277
97 179 276 3 241 244
129 237 243 171 177 267
135 145 280 5 240 245
7 239 246 118 161 279
7 239 246 57 209 266
118 161 279 57 209 266
48 215 263 32 225 257
48 215 263 133 147 280
32 225 257 133 147 280
74 197 271 109 169 278
20 232 252 132 148 280
9 238 247 37 222 259
9 238 247 82 191 273
37 222 259 82 191 273
60 207 267 27 228 255
45 217 262 102 175 277
91 184 275 131 149 280
130 150 280 70 200 270
120 212 262 108 232 250
13 236 249 116 163 279
120 124 284 20 184 276
29 227 256 101 176 277
77 195 272 127 153 280
90 185 275 15 235 250
71 157 282 38 173 279
115 164 279 39 221 260
115 164 279 95 181 276
39 221 260 95 181 276
107 171 278 73 198 271
116 146 282 6 206 268
23 181 277 67 163 281
126 154 280 56 210 266
126 154 280 50 214 264
126 154 280 24 230 254
56 210 266 50 214 264
56 210 266 24 230 254
50 214 264 24 230 254
47 216 263 59 208 267
114 165 279 69 201 270
44 218 262 62 206 268
44 218 262 106 172 278
44 218 262 2 242 244
62 206 268 106 172 278
62 206 268 2 242 244
106 172 278 2 242 244
27 241 245 45 223 259
89 186 275 26 229 255
110 186 274 66 230 254
80 193 273 123 157 280
41 220 261 65 204 269
10 238 248 122 158 280
70 97 288 22 120 287
21 232 253 112 167 279
94 242 243 122 198 269
93 183 276 12 237 249
49 215 264 121 159 280
68 202 270 38 222 260
98 179 277 46 217 263
23 231 254 79 194 273
139 142 281 83 191 274
43 219 262 138 143 281
64 205 269 136 145 281
64 205 269 35 224 259
64 205 269 16 235 251
64 205 269 119 161 280
64 205 269 71 200 271
136 145 281 35 224 259
136 145 281 16 235 251
136 145 281 119 161 280
136 145 281 71 200 271
35 224 259 16 235 251
35 224 259 119 161 280
35 224 259 71 200 271
16 235 251 119 161 280
16 235 251 71 200 271
119 161 280 71 200 271
58 183 277 97 157 282
110 169 279 135 146 281
87 188 275 97 180 277
18 212 266 84 178 278
90 199 271 54 235 251
132 149 281 1 243 244
3 242 245 67 203 270
131 150 281 51 214 265
131 150 281 5 241 246
131 150 281 109 170 279
51 214 265 5 241 246
51 214 265 109 170 279
5 241 246 109 170 279
78 195 273 57 210 267
7 240 247 117 163 280
102 176 278 82 192 274
102 176 278 74 198 272
102 176 278 32 226 258
82 192 274 74 198 272
82 192 274 32 226 258
74 198 272 32 226 258
20 233 253 37 223 260
27 229 256 96 181 277
27 229 256 9 239 248
27 229 256 129 152 281
96 181 277 9 239 248
96 181 277 129 152 281
9 239 248 129 152 281
86 189 275 70 201 271
63 206 269 11 238 249
126 155 281 34 225 259
66 204 270 90 186 276
29 228 257 107 172 279
29 228 257 77 196 273
107 172 279 77 196 273
125 156 281 15 236 251
50 215 265 85 190 275
59 209 268 124 157 281
69 202 271 106 173 279
31 227 258 62 207 269
31 227 258 123 158 281
31 227 258 94 183 277
62 207 269 123 158 281
62 207 269 94 183 277
123 158 281 94 183 277
44 219 263 89 187 276
26 230 256 80 194 274
6 241 247 122 159 281
6 241 247 99 179 278
6 241 247 19 234 253
122 159 281 99 179 278
122 159 281 19 234 253
99 179 278 19 234 253
8 240 248 112 168 280
8 240 248 72 200 272
112 168 280 72 200 272
33 226 259 21 233 254
144 152 280 56 240 248
28 229 257 68 203 271
49 216 265 111 169 280
49 216 265 120 161 281
49 216 265 104 175 279
111 169 280 120 161 281
111 169 280 104 175 279
120 161 281 104 175 279
12 238 250 140 142 282
12 238 250 58 210 268
12 238 250 98 180 278
140 142 282 58 210 268
140 142 282 98 180 278
58 210 268 98 180 278
38 223 261 139 143 282
46 218 264 136 146 282
135 147 282 75 198 273
14 237 251 119 162 281
23 232 255 83 192 275
43 220 263 92 185 277
71 201 272 103 176 279
132 150 282 30 228 258
118 163 281 97 181 278
118 158 282 22 222 262
109 171 280 25 231 256
130 152 282 40 222 262
70 163 283 7 185 278
67 204 271 117 164 281
54 213 267 3 243 246
54 213 267 129 153 282
54 213 267 102 177 279
3 243 246 129 153 282
3 243 246 102 177 279
129 153 282 102 177 279
24 243 246 141 144 282
82 193 275 5 242 247
74 199 273 91 186 277
128 154 282 96 182 278
7 241 248 32 227 259
60 209 269 116 165 281
20 234 254 86 190 276
100 116 288 12 160 284
127 155 282 27 230 257
9 240 249 45 219 264
11 239 250 115 166 281
90 187 277 125 157 282
90 187 277 22 233 255
90 187 277 95 183 278
125 157 282 22 233 255
125 157 282 95 183 278
22 233 255 95 183 278
13 238 251 77 197 274
66 205 271 81 194 275
49 131 288 16 141 287
29 229 258 114 167 281
2 216 266 56 198 274
85 191 276 100 179 279
39 223 262 53 214 267
50 216 266 106 174 280
94 124 288 16 162 284
113 168 281 69 203 272
17 236 253 89 188 277
62 208 270 122 160 282
36 225 261 99 180 279
105 175 280 80 195 275
76 198 274 2 244 246
26 231 257 121 161 282
65 206 271 19 235 254
141 142 283 41 222 263
76 216 266 56 244 246
8 241 249 139 144 283
93 185 278 138 145 283
88 189 277 136 147 283
103 157 284 52 191 277
33 227 260 55 213 268
33 227 260 135 148 283
33 227 260 52 215 267
55 213 268 135 148 283
55 213 268 52 215 267
135 148 283 52 215 267
58 211 269 49 217 266
58 211 269 134 149 283
49 217 266 134 149 283
110 171 281 61 209 270
110 171 281 46 219 265
110 171 281 75 199 274
61 209 270 46 219 265
61 209 270 75 199 274
46 219 265 75 199 274
132 151 283 83 193 276
92 186 278 14 238 252
92 186 278 118 164 282
14 238 252 118 164 282
131 152 283 23 233 256
71 202 273 97 182 279
158 211 261 146 233 249
43 221 264 64 207 271
135 171 279 81 225 261
87 190 277 130 153 283
30 229 259 35 226 261
148 198 269 122 243 244
40 223 263 25 232 257
40 223 263 67 205 272
40 223 263 128 155 283
25 232 257 67 205 272
25 232 257 128 155 283
67 205 272 128 155 283
54 214 268 82 194 276
54 214 268 116 166 282
54 214 268 18 236 254
82 194 276 116 166 282
82 194 276 18 236 254
116 166 282 18 236 254
51 216 267 96 183 279
108 173 281 3 244 247
108 173 281 57 212 269
108 173 281 127 156 283
3 244 247 57 212 269
3 244 247 127 156 283
57 212 269 127 156 283
7 242 249 126 157 283
115 167 282 37 225 262
115 167 282 70 203 273
37 225 262 70 203 273
45 220 265 20 235 255
84 164 284 4 196 276
11 240 251 95 184 279
42 222 264 114 168 282
22 234 256 66 206 272
34 227 261 73 201 274
85 192 277 123 160 283
106 175 281 29 230 259
141 226 256 174 184 269
39 224 263 56 213 269
50 217 267 15 238 253
94 185 279 59 211 270
49 163 285 75 149 287
47 219 266 89 189 278
99 181 280 105 176 281
17 237 254 121 162 283
140 144 284 80 196 276
31 229 260 44 221 265
31 229 260 139 145 284
31 229 260 76 199 275
44 221 265 139 145 284
44 221 265 76 199 275
139 145 284 76 199 275
36 226 262 138 146 284
137 147 284 84 193 277
4 244 248 136 148 284
65 207 272 120 163 283
26 232 258 72 202 274
133 143 285 53 205 273
135 149 284 19 236 255
111 171 282 6 243 249
111 171 282 93 186 279
6 243 249 93 186 279
104 177 281 41 223 264
88 190 278 8 242 250
88 190 278 98 182 280
8 242 250 98 182 280
119 164 283 133 151 284
10 241 251 55 214 269
52 216 268 132 152 284
80 194 277 2 235 256
58 212 270 110 172 282
79 197 276 131 153 284
79 197 276 28 231 259
131 153 284 28 231 259
38 225 263 118 165 283
83 194 277 103 178 281
46 220 266 130 154 284
71 203 274 14 239 253
87 191 278 109 173 282
87 191 278 23 234 257
87 191 278 117 166 283
109 173 282 23 234 257
109 173 282 117 166 283
23 234 257 117 166 283
75 203 274 49 222 265
116 167 283 127 157 284
78 198 276 108 174 282
40 224 264 96 184 280
82 195 277 25 233 258
54 215 269 74 201 275
18 237 255 57 213 270
3 245 248 115 168 283
101 180 281 125 159 284
101 180 281 60 211 271
101 180 281 5 244 249
125 159 284 60 211 271
125 159 284 5 244 249
60 211 271 5 244 249
7 243 250 107 175 282
124 160 284 20 236 256
63 209 272 27 232 259
114 169 283 9 242 251
77 199 276 81 196 277
77 199 276 123 161 284
77 199 276 11 241 252
81 196 277 123 161 284
81 196 277 11 241 252
123 161 284 11 241 252
22 235 257 113 170 283
22 235 257 73 202 275
22 235 257 85 193 278
113 170 283 73 202 275
113 170 283 85 193 278
73 202 275 85 193 278
34 228 262 122 162 284
94 186 280 56 214 270
26 174 284 54 164 286
39 225 264 141 144 285
15 239 254 139 146 285
15 239 254 69 205 274
15 239 254 89 190 279
139 146 285 69 205 274
139 146 285 89 190 279
69 205 274 89 190 279
121 163 284 59 212 271
105 177 282 138 147 285
122 244 246 172 174 274
47 220 267 137 148 285
76 200 276 120 164 284
84 194 278 44 222 266
134 151 285 31 230 261
111 172 283 36 227 263
133 152 285 72 203 275
133 152 285 93 187 280
133 152 285 65 208 273
72 203 275 93 187 280
72 203 275 65 208 273
93 187 280 65 208 273
2 246 248 104 178 282
4 245 249 119 165 284
86 134 290 10 166 286
88 191 279 19 237 256
68 206 274 118 166 284
55 215 270 130 155 285
103 179 282 79 198 277
103 179 282 33 229 262
103 179 282 58 213 271
79 198 277 33 229 262
79 198 277 58 213 271
33 229 262 58 213 271
49 219 268 21 236 257
129 156 285 75 201 276
28 232 260 92 188 280
99 215 269 149 165 281
61 211 272 97 184 281
117 167 284 12 241 253
46 221 267 109 174 283
127 158 285 23 235 258
35 228 263 108 175 283
126 159 285 30 231 261
16 239 255 96 185 281
16 239 255 91 189 280
96 185 281 91 189 280
67 207 274 78 199 277
40 225 265 125 160 285
101 181 282 57 214 271
101 181 282 86 193 279
101 181 282 51 218 269
57 214 271 86 193 279
57 214 271 51 218 269
86 193 279 51 218 269
1 247 248 107 176 283
60 212 272 48 220 268
70 205 275 5 245 250
3 125 292 60 107 293
123 162 285 45 222 267
123 162 285 63 210 273
45 222 267 63 210 273
43 125 292 83 100 293
20 237 257 27 233 260
106 177 283 81 197 278
143 143 286 11 242 253
42 224 266 142 144 286
42 224 266 66 208 274
142 144 286 66 208 274
85 194 279 141 145 286
22 236 258 138 148 286
13 241 254 137 149 286
13 241 254 94 187 281
13 241 254 34 229 263
137 149 286 94 187 281
137 149 286 34 229 263
94 187 281 34 229 263
105 178 283 53 217 270
89 191 280 56 215 271
50 219 269 69 206 275
50 219 269 39 226 265
50 219 269 135 151 286
69 206 275 39 226 265
69 206 275 135 151 286
39 226 265 135 151 286
120 165 285 15 240 255
133 153 286 62 211 273
76 201 277 111 173 284
104 179 283 17 239 256
44 223 267 93 188 281
72 204 276 36 228 264
131 155 286 65 209 274
127 194 277 158 163 281
130 156 286 26 234 260
130 156 286 4 246 250
130 156 286 110 174 284
26 234 260 4 246 250
26 234 260 110 174 284
4 246 250 110 174 284
41 225 266 6 245 251
103 180 283 68 207 275
101 172 285 53 205 276
130 239 252 164 190 273
58 214 272 128 158 286
83 196 279 92 189 281
75 202 277 97 185 282
75 202 277 33 230 263
75 202 277 10 243 253
97 185 282 33 230 263
97 185 282 10 243 253
33 230 263 10 243 253
49 220 269 109 175 284
28 233 261 61 212 273
12 242 254 46 222 268
71 205 276 116 169 285
126 160 286 64 210 274
160 184 276 120 236 256
91 190 281 125 161 286
30 232 262 78 200 278
146 170 282 82 246 250
101 182 283 74 203 277
86 194 280 40 226 266
114 171 285 51 219 270
123 163 286 18 239 257
1 248 249 48 221 269
3 247 250 95 187 282
38 190 282 118 138 290
90 191 281 5 246 251
143 144 287 32 231 263
63 211 274 141 146 287
106 178 284 122 164 286
113 172 285 37 228 265
113 172 285 140 147 287
113 172 285 45 223 268
113 172 285 7 245 252
113 172 285 100 183 283
37 228 265 140 147 287
37 228 265 45 223 268
37 228 265 7 245 252
37 228 265 100 183 283
140 147 287 45 223 268
140 147 287 7 245 252
140 147 287 100 183 283
45 223 268 7 245 252
45 223 268 100 183 283
7 245 252 100 183 283
131 241 251 149 209 269
49 246 251 106 189 281
30 202 278 58 190 282
81 198 279 27 234 261
138 149 287 77 201 278
121 165 286 66 209 275
112 173 285 135 152 287
134 153 287 22 237 259
89 192 281 99 184 283
120 166 286 34 230 264
29 233 262 133 154 287
29 233 262 53 218 271
133 154 287 53 218 271
39 227 266 59 214 273
15 241 256 80 199 279
76 202 278 62 212 274
84 196 280 104 180 284
84 196 280 24 236 260
104 180 284 24 236 260
130 157 287 98 185 283
83 246 251 134 183 281
17 240 257 72 205 277
65 210 275 110 175 285
31 232 263 88 193 281
4 247 251 103 181 284
117 169 286 41 226 267
117 169 286 19 239 258
41 226 267 19 239 258
79 200 279 109 176 285
83 197 280 127 160 287
83 197 280 55 217 272
83 197 280 8 245 253
127 160 287 55 217 272
127 160 287 8 245 253
55 217 272 8 245 253
58 215 273 75 203 278
116 170 286 10 244 254
87 194 281 126 161 287
87 194 281 21 238 259
87 194 281 61 213 274
126 161 287 21 238 259
126 161 287 61 213 274
21 238 259 61 213 274
15 223 269 73 195 281
38 228 266 102 182 284
38 228 266 28 234 262
102 182 284 28 234 262
46 223 269 71 206 277
12 243 255 108 177 285
63 106 295 13 125 294
132 235 257 172 183 275
43 225 268 23 237 260
101 183 284 67 209 276
107 178 285 30 233 263
114 172 286 74 204 278
40 227 267 143 145 288
54 218 272 142 146 288
141 147 288 57 216 273
51 220 271 25 236 261
59 233 263 53 241 257
70 207 277 122 165 287
48 222 270 138 150 288
48 222 270 90 192 282
48 222 270 18 240 258
138 150 288 90 192 282
138 150 288 18 240 258
90 192 282 18 240 258
106 179 285 1 249 250
3 248 251 137 151 288
84 107 295 9 140 293
12 188 284 116 132 292
5 247 252 63 212 275
32 232 264 136 152 288
45 224 269 81 199 280
121 166 287 37 229 266
116 244 252 148 196 276
107 199 279 69 241 257
77 202 279 7 246 253
85 196 281 20 239 259
112 174 286 134 154 288
133 155 288 120 167 287
11 244 255 99 185 284
98 103 295 35 142 293
111 175 286 34 231 265
53 219 272 119 168 287
53 219 272 69 208 277
53 219 272 131 157 288
53 219 272 13 243 256
53 219 272 56 217 273
119 168 287 69 208 277
119 168 287 131 157 288
119 168 287 13 243 256
119 168 287 56 217 273
69 208 277 131 157 288
69 208 277 13 243 256
69 208 277 56 217 273
131 157 288 13 243 256
131 157 288 56 217 273
13 243 256 56 217 273
50 221 271 59 215 274
84 197 281 76 203 279
47 223 270 62 213 275
47 223 270 93 190 283
47 223 270 15 242 257
62 213 275 93 190 283
62 213 275 15 242 257
93 190 283 15 242 257
24 237 261 129 159 288
72 206 278 88 194 282
44 225 269 65 211 276
133 134 291 42 199 281
178 208 265 160 242 247
117 170 287 103 182 285
109 177 286 2 249 251
41 227 268 92 191 283
41 227 268 97 187 284
41 227 268 68 209 277
92 191 283 97 187 284
92 191 283 68 209 277
97 187 284 68 209 277
103 107 295 47 145 293
79 201 280 19 240 259
83 198 281 6 247 253
166 174 280 120 226 266
58 216 274 8 246 254
102 183 285 87 195 282
125 163 288 33 232 265
38 229 267 71 207 278
28 235 263 115 172 287
108 211 275 139 180 283
77 123 295 25 147 293
96 188 284 124 164 288
96 188 284 12 244 256
96 188 284 64 212 276
124 164 288 12 244 256
124 164 288 64 212 276
12 244 256 64 212 276
101 184 285 144 145 289
107 179 286 143 146 289
107 179 286 82 199 281
107 179 286 43 226 269
143 146 289 82 199 281
143 146 289 43 226 269
82 199 281 43 226 269
114 173 287 14 243 257
114 173 287 23 238 261
114 173 287 142 147 289
14 243 257 23 238 261
14 243 257 142 147 289
23 238 261 142 147 289
35 231 266 74 205 279
35 231 266 139 150 289
74 205 279 139 150 289
16 242 258 122 166 288
113 174 287 57 217 274
136 153 289 51 221 272
25 237 262 90 193 283
60 215 275 100 185 285
48 223 271 121 167 288
1 250 251 134 155 289
3 249 252 63 213 276
77 203 280 32 233 265
77 203 280 5 248 253
77 203 280 112 175 287
32 233 265 5 248 253
32 233 265 112 175 287
5 248 253 112 175 287
85 197 282 37 230 267
132 157 289 27 236 263
73 206 279 66 211 277
99 186 285 9 246 255
131 158 289 89 194 283
76 228 268 92 212 276
63 233 265 135 167 287
119 169 288 111 176 287
114 214 274 94 246 254
69 209 278 22 239 261
34 232 266 104 182 286
34 232 266 56 218 274
104 182 286 56 218 274
129 160 289 59 216 275
129 160 289 80 201 281
129 160 289 29 235 264
59 216 275 80 201 281
59 216 275 29 235 264
80 201 281 29 235 264
50 222 272 118 170 288
39 229 268 93 191 284
110 177 287 98 187 285
128 161 289 47 224 271
165 183 279 129 225 267
117 171 288 72 207 279
86 168 290 14 200 282
103 183 286 127 162 289
109 178 287 17 242 259
92 192 284 116 172 288
2 250 252 68 210 278
26 237 263 83 199 282
41 228 269 4 249 253
19 241 260 125 164 289
102 184 286 6 248 254
108 179 287 87 196 283
108 179 287 52 221 273
87 196 283 52 221 273
18 206 280 94 168 290
8 247 255 115 173 288
124 165 289 61 215 276
144 146 290 10 246 256
76 200 282 24 230 268
96 189 285 21 240 261
142 148 290 38 230 268
46 225 271 141 149 290
107 180 287 12 245 257
139 151 290 101 185 286
138 152 290 82 200 282
43 227 270 137 153 290
67 211 278 86 197 283
67 211 278 23 239 262
67 211 278 122 167 289
86 197 283 23 239 262
86 197 283 122 167 289
23 239 262 122 167 289
93 144 294 54 168 291
136 154 290 74 206 280
105 215 275 145 175 285
113 175 288 35 232 267
135 155 290 95 190 285
135 155 290 30 235 265
95 190 285 30 235 265
72 185 287 23 207 280
6 229 269 134 149 291
15 229 269 139 145 291
16 243 259 121 168 289
100 186 286 54 220 274
100 186 286 90 194 284
100 186 286 134 156 290
54 220 274 90 194 284
54 220 274 134 156 290
90 194 284 134 156 290
6 212 278 44 202 282
25 238 263 133 157 290
24 164 292 108 116 296
48 224 272 112 176 288
132 158 290 18 242 260
1 251 252 77 204 281
67 99 298 1 122 297
105 182 287 85 198 283
105 182 287 3 250 253
85 198 283 3 250 253
32 122 297 87 88 298
45 226 271 131 159 290
45 226 271 94 191 285
45 226 271 5 249 254
131 159 290 94 191 285
131 159 290 5 249 254
94 191 285 5 249 254
73 207 280 7 248 255
125 185 285 75 235 265
27 237 264 111 177 288
89 195 284 20 241 261
118 171 289 11 246 257
7 233 267 37 223 273
110 178 288 22 240 262
110 178 288 80 202 282
110 178 288 128 162 290
22 240 262 80 202 282
22 240 262 128 162 290
80 202 282 128 162 290
59 217 276 84 199 283
50 223 273 13 245 258
76 205 281 29 236 265
127 163 290 62 215 277
24 239 263 109 179 288
109 159 292 44 201 283
116 173 289 44 227 271
17 243 260 92 193 285
97 239 262 118 211 277
75 206 281 115 174 289
75 206 281 145 146 291
75 206 281 41 229 270
115 174 289 145 146 291
115 174 289 41 229 270
145 146 291 41 229 270
124 166 290 4 250 254
143 148 291 87 197 284
19 242 261 142 149 291
141 150 291 6 249 255
52 222 274 58 218 276
49 224 273 139 152 291
49 224 273 61 216 277
139 152 291 61 216 277
138 153 291 33 234 267
114 175 289 91 194 285
38 231 269 101 186 287
38 231 269 137 154 291
38 231 269 21 241 262
101 186 287 137 154 291
101 186 287 21 241 262
137 154 291 21 241 262
64 214 278 46 226 272
12 246 258 78 204 282
43 228 271 67 212 279
134 157 291 74 207 281
14 245 259 121 169 290
14 245 259 95 191 286
121 169 290 95 191 286
123 249 252 147 207 276
100 187 287 35 233 268
57 219 276 132 159 291
120 170 290 40 230 270
120 170 290 70 210 280
40 230 270 70 210 280
131 160 291 25 239 264
48 225 273 105 183 288
63 215 278 77 205 282
130 161 291 119 171 290
160 162 287 98 225 272
99 188 287 1 252 253
111 178 289 3 251 254
32 235 267 45 227 272
37 232 269 73 208 281
67 123 298 38 137 297
129 162 291 66 213 279
118 172 290 20 242 262
128 163 291 9 248 257
11 247 258 98 189 287
11 247 258 93 193 286
98 189 287 93 193 286
84 200 284 56 220 276
53 222 275 117 173 290
8 234 268 52 216 278
59 218 277 22 241 263
76 206 282 34 234 268
29 237 266 13 246 259
103 185 288 88 197 285
126 165 291 39 231 270
12 212 280 100 168 292
89 175 291 49 199 285
125 166 291 65 214 279
92 194 286 146 146 292
144 148 292 44 228 272
36 233 269 17 244 261
36 233 269 31 236 267
36 233 269 83 201 284
36 233 269 108 181 289
36 233 269 124 167 291
36 233 269 141 151 292
36 233 269 79 204 283
17 244 261 31 236 267
17 244 261 83 201 284
17 244 261 108 181 289
17 244 261 124 167 291
17 244 261 141 151 292
17 244 261 79 204 283
31 236 267 83 201 284
31 236 267 108 181 289
31 236 267 124 167 291
31 236 267 141 151 292
31 236 267 79 204 283
83 201 284 108 181 289
83 201 284 124 167 291
83 201 284 141 151 292
83 201 284 79 204 283
108 181 289 124 167 291
108 181 289 141 151 292
108 181 289 79 204 283
124 167 291 141 151 292
124 167 291 79 204 283
141 151 292 79 204 283
68 212 280 140 152 292
87 198 285 75 207 282
26 239 265 41 230 271
2 252 254 138 154 292
4 251 255 55 221 276
19 243 262 58 219 277
7 225 274 126 155 293
52 223 275 137 155 292
6 250 256 114 176 290
107 182 289 61 217 278
91 195 286 71 210 281
91 195 286 49 225 274
71 210 281 49 225 274
8 249 257 101 187 288
135 157 292 33 235 268
38 232 270 10 248 258
46 227 273 21 242 263
28 238 266 82 202 284
28 238 266 134 158 292
82 202 284 134 158 292
113 177 290 78 205 283
86 199 285 121 170 291
12 247 259 133 159 292
67 213 280 95 192 287
100 188 288 132 160 292
90 196 286 14 246 260
51 224 275 105 184 289
51 224 275 16 245 261
51 224 275 40 231 271
105 184 289 16 245 261
105 184 289 40 231 271
16 245 261 40 231 271
60 218 278 130 162 292
119 172 291 81 203 284
25 240 265 85 200 285
94 193 287 77 206 283
99 189 288 63 216 279
89 197 286 1 253 254
73 209 282 118 173 291
45 228 273 3 252 255
32 236 268 128 164 292
17 202 285 87 170 293
5 251 256 104 185 289
152 214 274 134 248 254
6 140 298 94 98 300
127 165 292 20 243 263
117 174 291 9 249 258
98 190 288 42 230 272
11 248 259 56 221 277
76 207 283 53 223 276
103 186 289 59 219 278
109 181 290 34 235 269
22 242 264 88 198 286
29 238 267 62 217 279
29 238 267 146 147 293
62 217 279 146 147 293
145 148 293 125 167 292
145 148 293 13 247 260
125 167 292 13 247 260
30 227 274 74 202 285
39 232 271 144 149 293
142 151 293 47 227 274
141 152 293 97 191 288
140 153 293 92 195 287
24 241 265 115 176 291
138 155 293 83 202 285
123 169 292 137 156 293
123 169 292 31 237 268
123 169 292 68 213 281
137 156 293 31 237 268
137 156 293 68 213 281
31 237 268 68 213 281
2 253 255 107 183 290
2 253 255 55 222 277
2 253 255 135 158 293
107 183 290 55 222 277
107 183 290 135 158 293
55 222 277 135 158 293
122 170 292 58 220 278
4 252 256 52 224 276
19 244 263 91 196 287
19 244 263 101 188 289
91 196 287 101 188 289
134 159 293 6 251 257
134 159 293 71 211 282
134 159 293 61 218 279
6 251 257 71 211 282
6 251 257 61 218 279
71 211 282 61 218 279
25 251 257 145 151 293
33 236 269 121 171 292
46 228 274 78 206 284
11 239 267 69 209 283
86 200 286 106 184 290
28 239 267 132 161 293
74 209 283 67 214 281
12 248 260 120 172 292
90 197 287 43 230 273
112 225 274 160 174 287
130 163 293 23 242 265
35 235 270 105 185 290
30 148 298 82 122 300
72 146 298 38 162 296
120 207 282 150 177 288
70 212 282 30 238 268
54 223 277 57 221 278
111 180 291 81 204 285
111 180 291 51 225 276
111 180 291 60 219 279
81 204 285 51 225 276
81 204 285 60 219 279
51 225 276 60 219 279
16 246 262 94 194 288
99 190 289 85 201 286
63 217 280 128 165 293
63 217 280 48 227 275
128 165 293 48 227 275
87 171 294 63 186 291
73 210 283 18 245 263
110 181 291 1 254 255
110 181 291 66 215 281
110 181 291 45 229 274
1 254 255 66 215 281
1 254 255 45 229 274
66 215 281 45 229 274
3 253 256 32 237 269
5 252 257 117 175 292
7 251 258 126 167 293
27 240 267 93 195 288
147 147 294 69 213 282
147 147 294 42 231 273
69 213 282 42 231 273
146 148 294 84 202 286
145 149 294 9 250 259
143 151 294 109 182 291
116 176 292 76 208 284
142 152 294 56 222 278
14 226 276 116 166 294
53 224 277 88 199 287
11 249 260 59 220 279
140 154 294 34 236 270
140 154 294 50 226 276
34 236 270 50 226 276
124 169 293 29 239 268
72 211 283 97 192 289
72 211 283 13 248 261
72 211 283 39 233 272
97 192 289 13 248 261
97 192 289 39 233 272
13 248 261 39 233 272
160 185 285 115 240 265
45 239 268 135 164 293
47 228 275 115 177 292
123 170 293 15 247 262
24 242 266 136 158 294
68 214 282 114 178 292
36 235 271 75 209 284
17 246 263 122 171 293
107 184 291 96 193 289
91 197 288 41 232 273
58 221 279 133 161 294
58 221 279 26 241 267
133 161 294 26 241 267
4 253 257 71 212 283
4 253 257 121 172 293
4 253 257 113 179 292
71 212 283 121 172 293
71 212 283 113 179 292
121 172 293 113 179 292
19 245 264 61 219 280
132 162 294 6 252 258
64 217 281 8 251 259
33 237 270 78 207 285
131 163 294 86 201 287
95 194 289 46 229 275
10 250 260 100 190 290
28 240 268 112 180 292
74 210 284 130 164 294
119 174 293 43 231 274
105 186 291 129 165 294
129 180 291 60 249 261
2 239 269 41 226 277
128 166 294 54 224 278
99 191 290 94 195 289
99 191 290 81 205 286
99 191 290 30 239 269
94 195 289 81 205 286
94 195 289 30 239 269
81 205 286 30 239 269
118 175 293 85 202 287
40 233 273 77 208 285
63 218 281 127 167 294
104 187 291 89 199 288
18 246 264 66 216 282
18 246 264 126 168 294
66 216 282 126 168 294
114 126 300 6 180 294
45 230 275 145 150 295
144 151 295 1 255 256
32 238 270 98 192 290
143 152 295 37 235 272
142 153 295 5 253 258
141 154 295 125 169 294
7 252 259 103 188 291
7 252 259 116 177 293
7 252 259 84 203 287
7 252 259 27 241 268
7 252 259 109 183 292
103 188 291 116 177 293
103 188 291 84 203 287
103 188 291 27 241 268
103 188 291 109 183 292
116 177 293 84 203 287
116 177 293 27 241 268
116 177 293 109 183 292
84 203 287 27 241 268
84 203 287 109 183 292
27 241 268 109 183 292
140 155 295 20 245 265
4 219 281 76 191 291
9 251 260 139 156 295
9 251 260 76 209 285
139 156 295 76 209 285
53 225 278 138 157 295
2 196 290 100 154 298
97 193 290 137 158 295
97 193 290 115 178 293
97 193 290 50 227 277
137 158 295 115 178 293
137 158 295 50 227 277
115 178 293 50 227 277
34 237 271 62 219 281
72 212 284 108 184 292
29 240 269 136 159 295
123 171 294 102 189 291
123 171 294 39 234 273
102 189 291 39 234 273
79 207 286 114 179 293
24 243 267 87 201 288
68 215 283 107 185 292
166 249 251 186 211 271
4 222 280 72 196 290
101 190 291 31 239 270
121 173 294 91 198 289
132 163 295 113 180 293
26 242 268 52 226 278
131 164 295 61 220 281
4 254 258 106 186 292
86 202 288 78 208 286
86 202 288 64 218 282
78 208 286 64 218 282
95 195 290 130 165 295
74 211 285 119 175 294
74 211 285 90 199 289
74 211 285 10 251 261
74 211 285 21 245 266
74 211 285 129 166 295
119 175 294 90 199 289
119 175 294 10 251 261
119 175 294 21 245 266
119 175 294 129 166 295
90 199 289 10 251 261
90 199 289 21 245 266
90 199 289 129 166 295
10 251 261 21 245 266
10 251 261 129 166 295
21 245 266 129 166 295
124 246 262 162 194 284
43 232 275 128 167 295
101 204 287 119 188 291
25 180 295 95 145 300
80 218 282 48 250 262
70 214 284 94 196 290
14 249 263 81 206 287
127 168 295 57 223 280
127 168 295 35 237 272
127 168 295 85 203 288
57 223 280 35 237 272
57 223 280 85 203 288
35 237 272 85 203 288
127 227 275 115 253 257
104 188 292 148 148 296
129 219 279 111 249 261
146 150 296 40 234 274
89 200 289 145 151 296
117 177 294 63 219 282
144 152 296 16 248 264
48 229 277 143 153 296
20 166 298 110 116 302
25 243 268 73 212 285
66 217 283 98 193 291
157 172 291 116 213 283
18 247 265 93 197 290
1 256 257 32 239 271
1 256 257 109 184 293
1 256 257 139 157 296
32 239 271 109 184 293
32 239 271 139 157 296
109 184 293 139 157 296
37 236 273 103 189 292
61 145 301 5 161 299
69 215 284 124 171 295
88 201 289 137 159 296
20 246 266 76 210 286
56 224 280 136 160 296
53 226 279 59 222 281
53 226 279 97 194 291
59 222 281 97 194 291
108 185 293 123 172 295
50 228 278 92 198 290
50 228 278 62 220 282
50 228 278 102 190 292
92 198 290 62 220 282
92 198 290 102 190 292
62 220 282 102 190 292
2 235 274 26 230 277
113 159 298 58 197 291
29 241 270 39 235 274
122 173 295 65 218 283
122 173 295 13 250 263
122 173 295 47 230 277
65 218 283 13 250 263
65 218 283 47 230 277
13 250 263 47 230 277
79 208 287 133 163 296
87 202 289 107 186 293
15 249 264 96 195 291
68 216 284 24 244 268
68 216 284 44 232 276
68 216 284 132 164 296
24 244 268 44 232 276
24 244 268 132 164 296
44 232 276 132 164 296
75 211 286 121 174 295
131 165 296 31 240 271
55 225 280 120 175 295
58 223 281 106 187 293
71 214 285 41 234 275
61 221 282 26 243 269
2 256 258 112 182 294
2 256 258 82 206 288
112 182 294 82 206 288
95 196 291 4 255 259
86 203 289 19 247 266
86 203 289 49 229 278
19 247 266 49 229 278
64 219 283 129 167 296
8 253 261 33 239 272
137 245 263 175 193 283
74 212 286 38 236 274
111 183 294 21 246 267
10 252 262 28 242 270
158 160 294 70 256 258
99 193 292 43 233 276
99 193 292 12 251 263
99 193 292 148 149 297
43 233 276 12 251 263
43 233 276 148 149 297
12 251 263 148 149 297
94 197 291 146 151 297
81 207 288 144 153 297
57 224 281 104 189 293
126 170 296 110 184 294
126 170 296 14 250 264
126 170 296 54 226 280
110 184 294 14 250 264
110 184 294 54 226 280
14 250 264 54 226 280
77 210 287 35 238 273
77 210 287 142 155 297
77 210 287 117 178 295
35 238 273 142 155 297
35 238 273 117 178 295
142 155 297 117 178 295
89 201 290 30 241 271
141 156 297 51 228 279
140 157 297 63 220 283
125 171 296 16 249 265
73 213 286 139 158 297
25 244 269 116 179 295
93 198 291 138 159 297
33 125 304 83 96 305
45 232 277 137 160 297
80 208 288 32 240 272
132 194 290 106 220 282
37 237 274 1 257 258
136 161 297 3 256 259
115 180 295 5 255 260
27 243 270 135 162 297
86 144 302 16 174 298
42 234 276 108 186 294
20 247 267 97 195 292
9 253 262 134 163 297
9 253 262 102 191 293
9 253 262 59 223 282
134 163 297 102 191 293
134 163 297 59 223 282
102 191 293 59 223 282
122 174 296 72 214 286
114 181 295 50 229 279
11 252 263 133 164 297
65 219 284 39 236 275
167 172 291 127 213 284
29 242 271 83 206 289
47 231 278 107 187 294
79 209 288 13 251 264
68 217 285 75 212 287
24 245 269 91 200 291
36 238 274 106 188 294
55 226 281 71 215 286
82 207 289 61 222 283
95 197 292 100 193 293
86 204 290 26 244 270
4 256 260 64 220 284
19 248 267 128 169 297
90 201 291 105 189 294
90 201 291 6 255 261
105 189 294 6 255 261
147 151 298 74 213 287
118 178 296 146 152 298
118 178 296 46 232 278
118 178 296 8 254 262
146 152 298 46 232 278
146 152 298 8 254 262
46 232 278 8 254 262
145 153 298 38 237 275
145 153 298 67 218 285
145 153 298 127 170 297
38 237 275 67 218 285
38 237 275 127 170 297
67 218 285 127 170 297
28 243 271 21 247 268
143 155 298 10 253 263
94 198 292 142 156 298
157 163 295 85 233 277
141 157 298 43 234 277
81 208 289 117 179 296
115 164 299 5 221 284
85 205 290 110 185 295
104 190 294 70 216 286
139 159 298 54 227 281
139 159 298 23 246 269
139 159 298 89 202 291
54 227 281 23 246 269
54 227 281 89 202 291
23 246 269 89 202 291
60 223 283 125 172 297
35 239 274 14 251 265
128 152 300 40 212 288
30 242 272 138 160 298
116 180 296 40 236 276
73 214 287 137 161 298
93 199 292 124 173 297
45 233 278 135 163 298
115 181 296 80 209 289
123 174 297 18 249 267
88 203 291 32 241 273
69 217 286 1 258 259
3 257 260 108 187 295
65 163 301 37 175 299
14 226 282 82 194 294
18 235 277 73 207 290
133 165 298 42 235 277
133 165 298 122 175 297
133 165 298 7 255 262
42 235 277 122 175 297
42 235 277 7 255 262
122 175 297 7 255 262
20 248 268 92 200 292
114 182 296 56 226 282
132 166 298 62 222 284
121 176 297 11 253 264
131 167 298 22 247 269
39 237 276 87 204 291
29 243 272 96 197 293
29 243 272 113 183 296
29 243 272 47 232 279
96 197 293 113 183 296
96 197 293 47 232 279
113 183 296 47 232 279
120 177 297 75 213 288
15 251 266 106 189 295
167 225 274 155 251 258
96 155 302 27 190 296
31 242 273 119 178 297
55 227 282 95 198 293
55 227 282 58 225 283
55 227 282 17 250 267
95 198 293 58 225 283
95 198 293 17 250 267
58 225 283 17 250 267
82 208 290 128 170 298
86 205 291 149 150 299
52 229 281 61 223 284
52 229 281 41 236 277
52 229 281 148 151 299
61 223 284 41 236 277
61 223 284 148 151 299
41 236 277 148 151 299
78 211 289 146 153 299
135 161 299 9 245 271
145 154 299 26 245 271
144 155 299 49 231 280
144 155 299 111 185 296
144 155 299 64 221 285
49 231 280 111 185 296
49 231 280 64 221 285
111 185 296 64 221 285
2 258 260 90 202 292
127 171 298 118 179 297
4 257 261 19 249 268
4 257 261 143 156 299
19 249 268 143 156 299
6 256 262 74 214 288
67 219 286 33 241 274
67 219 286 141 158 299
67 219 286 46 233 279
33 241 274 141 158 299
33 241 274 46 233 279
141 158 299 46 233 279
126 172 298 38 238 276
153 251 259 189 197 281
10 254 264 110 186 296
104 191 295 139 160 299
81 209 290 85 206 291
125 173 298 43 235 278
125 173 298 70 217 287
43 235 278 70 217 287
77 212 289 89 203 292
70 256 262 112 206 290
57 226 283 137 162 299
67 138 305 10 157 303
14 252 266 98 196 294
14 252 266 124 174 298
98 196 294 124 174 298
109 187 296 136 163 299
63 222 285 30 243 273
40 237 277 73 215 288
40 237 277 93 200 293
40 237 277 103 192 295
73 215 288 93 200 293
73 215 288 103 192 295
93 200 293 103 192 295
123 175 298 115 182 297
134 165 299 25 246 271
55 158 303 37 165 302
88 204 292 108 188 296
69 218 287 97 197 294
32 242 274 122 176 298
76 213 289 37 239 276
3 258 261 114 183 297
132 167 299 92 201 293
56 227 283 7 256 263
59 225 284 20 249 269
121 177 298 53 229 282
111 175 299 5 231 281
131 168 299 107 189 296
94 155 303 19 190 297
103 225 283 135 193 293
113 184 297 83 208 291
79 211 290 34 241 275
79 211 290 11 254 265
79 211 290 101 194 295
79 211 290 130 169 299
79 211 290 65 221 286
34 241 275 11 254 265
34 241 275 101 194 295
34 241 275 130 169 299
34 241 275 65 221 286
11 254 265 101 194 295
11 254 265 130 169 299
11 254 265 65 221 286
101 194 295 130 169 299
101 194 295 65 221 286
130 169 299 65 221 286
22 248 270 120 178 298
91 202 293 13 253 266
75 214 289 129 170 299
44 235 279 149 151 300
147 153 300 15 252 267
24 247 271 128 171 299
100 195 295 145 155 300
144 156 300 36 240 276
82 209 291 31 243 274
86 206 292 58 226 284
143 157 300 55 228 283
127 172 299 17 251 268
160 168 296 96 232 280
61 224 285 105 191 296
114 193 295 93 211 290
78 212 290 118 180 298
78 212 290 52 230 282
78 212 290 142 158 300
118 180 298 52 230 282
118 180 298 142 158 300
52 230 282 142 158 300
64 222 286 26 246 272
176 210 281 160 231 274
2 259 261 126 173 299
74 215 289 19 250 269
139 161 300 99 196 295
117 181 298 6 257 263
94 200 294 46 234 280
33 242 275 110 187 297
104 192 296 8 256 264
59 250 269 95 214 289
28 245 273 85 207 292
28 245 273 137 163 300
85 207 292 137 163 300
21 249 270 81 210 291
123 164 301 21 227 284
6 229 283 58 211 291
89 204 293 43 236 279
57 227 284 109 188 297
60 225 285 135 165 300
103 193 296 23 248 271
51 231 282 93 201 294
63 223 286 14 253 267
73 216 289 123 176 299
82 202 294 6 238 278
134 166 300 30 244 274
84 208 292 16 252 268
88 205 293 25 247 272
102 194 296 114 184 298
32 243 275 37 240 277
131 169 300 1 260 261
8 210 292 100 168 302
107 190 297 5 258 263
27 246 273 42 237 279
47 210 292 140 142 303
72 217 289 7 257 264
53 230 283 113 185 298
20 250 270 130 170 300
96 199 295 101 195 296
96 199 295 9 256 265
96 199 295 120 179 299
101 195 296 9 256 265
101 195 296 120 179 299
9 256 265 120 179 299
11 255 266 150 151 301
106 191 297 39 239 278
106 191 297 47 234 281
106 191 297 22 249 271
106 191 297 147 154 301
106 191 297 91 203 294
39 239 278 47 234 281
39 239 278 22 249 271
39 239 278 147 154 301
39 239 278 91 203 294
47 234 281 22 249 271
47 234 281 147 154 301
47 234 281 91 203 294
22 249 271 147 154 301
22 249 271 91 203 294
147 154 301 91 203 294
29 245 274 146 155 301
145 156 301 119 180 299
128 172 300 68 220 288
44 236 280 100 196 296
15 253 268 127 173 300
118 181 299 71 218 289
111 187 298 86 207 293
140 161 301 55 229 284
140 161 301 31 244 275
55 229 284 31 244 275
126 174 300 90 204 294
52 231 283 17 252 269
41 238 279 139 162 301
114 154 304 16 206 294
117 182 299 49 233 282
117 182 299 138 163 301
117 182 299 26 247 273
49 233 282 138 163 301
49 233 282 26 247 273
138 163 301 26 247 273
110 188 298 2 260 262
120 152 304 48 200 296
19 251 270 94 201 295
4 259 263 137 164 301
104 193 297 67 221 288
85 208 293 8 257 265
81 211 292 116 183 299
89 205 294 70 219 289
89 205 294 21 250 271
89 205 294 135 166 301
70 219 289 21 250 271
70 219 289 135 166 301
21 250 271 135 166 301
77 214 291 109 189 298
112 175 301 35 224 287
123 177 300 57 228 285
123 177 300 12 255 267
57 228 285 12 255 267
54 230 284 60 226 286
126 250 268 140 226 282
51 232 283 63 224 287
51 232 283 23 249 272
51 232 283 133 168 301
63 224 287 23 249 272
63 224 287 133 168 301
23 249 272 133 168 301
73 217 290 35 242 277
108 190 298 122 178 300
48 234 282 66 222 288
132 169 301 84 209 293
16 253 269 97 199 296
25 205 295 125 145 305
45 236 281 69 220 289
45 236 281 76 215 291
45 236 281 121 179 300
69 220 289 76 215 291
69 220 289 121 179 300
76 215 291 121 179 300
107 191 298 37 241 278
1 261 262 113 186 299
56 229 285 5 259 264
59 227 286 151 151 302
72 218 290 150 152 302
72 218 290 42 238 280
150 152 302 42 238 280
149 153 302 27 247 274
53 231 284 129 172 301
53 231 284 101 196 297
129 172 301 101 196 297
83 210 293 147 155 302
83 210 293 62 225 287
83 210 293 7 258 265
147 155 302 62 225 287
147 155 302 7 258 265
62 225 287 7 258 265
145 157 302 50 233 283
106 192 298 144 158 302
128 173 301 112 187 299
119 181 300 91 204 295
143 159 302 34 243 277
75 216 291 39 240 279
142 160 302 22 250 272
141 161 302 127 174 301
13 255 268 100 197 297
140 162 302 118 182 300
95 118 309 41 150 307
111 188 299 44 237 281
139 163 302 82 211 293
71 219 290 15 254 269
71 219 290 126 175 301
15 254 269 126 175 301
58 228 286 36 242 278
58 228 286 138 164 302
58 228 286 78 214 292
36 242 278 138 164 302
36 242 278 78 214 292
138 164 302 78 214 292
55 230 285 90 205 295
137 165 302 17 253 270
125 176 301 41 239 280
49 234 283 74 217 291
136 166 302 94 202 296
136 166 302 26 248 274
136 166 302 104 194 298
94 202 296 26 248 274
94 202 296 104 194 298
26 248 274 104 194 298
93 241 278 159 173 298
2 261 263 67 222 289
124 177 301 19 252 271
4 260 264 116 184 300
172 177 295 108 257 265
85 209 294 6 259 265
33 244 277 81 212 293
69 201 297 111 171 303
89 206 295 109 190 299
8 258 266 134 168 302
123 178 301 98 199 297
28 247 275 77 215 292
103 195 298 10 257 267
43 238 281 133 169 302
108 191 299 51 233 284
23 250 273 35 243 278
114 186 300 30 246 276
114 186 300 84 210 294
30 246 276 84 210 294
131 171 302 66 223 289
48 235 283 97 200 297
48 235 283 80 213 293
48 235 283 88 207 295
97 200 297 80 213 293
97 200 297 88 207 295
80 213 293 88 207 295
141 256 263 179 199 288
92 204 296 76 216 292
25 249 274 69 221 290
151 152 303 107 192 299
150 153 303 45 237 282
148 155 303 113 187 300
87 259 265 109 225 287
146 157 303 37 242 279
146 157 303 18 253 271
146 157 303 129 173 302
37 242 279 18 253 271
37 242 279 129 173 302
18 253 271 129 173 302
101 197 298 1 262 263
3 261 264 72 219 291
3 261 264 144 159 303
3 261 264 96 201 297
72 219 291 144 159 303
72 219 291 96 201 297
144 159 303 96 201 297
42 239 281 83 211 294
87 208 295 53 232 285
87 208 295 27 248 275
87 208 295 143 160 303
53 232 285 27 248 275
53 232 285 143 160 303
27 248 275 143 160 303
128 174 302 62 226 288
7 259 266 79 214 293
7 259 266 106 193 299
7 259 266 119 182 301
79 214 293 106 193 299
79 214 293 119 182 301
106 193 299 119 182 301
112 188 300 20 252 272
160 181 297 144 197 295
65 224 289 91 205 296
29 129 310 75 106 311
9 258 267 141 162 303
111 233 283 97 261 263
140 163 303 75 217 292
47 236 283 11 257 268
123 257 265 177 185 293
68 222 290 100 198 298
118 183 301 22 251 273
139 164 303 29 247 276
82 212 294 44 238 282
134 210 292 100 258 266
24 250 274 90 206 296
78 215 293 125 177 302
16 223 290 95 184 302
61 227 288 136 167 303
31 246 277 99 199 298
41 240 281 104 195 299
41 240 281 64 225 289
104 195 299 64 225 289
74 218 292 124 178 302
116 185 301 49 235 284
109 191 300 4 261 265
46 237 283 123 179 302
33 245 278 133 170 303
98 200 298 38 242 280
146 174 301 106 211 294
70 221 291 115 186 301
8 259 267 77 216 293
93 204 297 21 252 273
93 204 297 132 171 303
21 252 273 132 171 303
122 180 302 10 258 268
108 192 300 60 228 288
73 219 292 12 257 269
73 219 292 131 172 303
12 257 269 131 172 303
63 226 289 114 187 301
147 148 305 60 217 293
84 211 295 35 244 279
23 251 274 121 181 302
102 197 299 97 201 298
88 208 296 152 152 304
66 224 290 150 154 304
66 224 290 80 214 294
66 224 290 14 256 270
150 154 304 80 214 294
150 154 304 14 256 270
80 214 294 14 256 270
130 173 303 30 247 277
40 241 281 149 155 304
89 246 277 141 191 298
48 236 284 148 156 304
107 193 300 92 205 297
76 217 293 113 188 301
145 159 304 16 255 271
69 222 291 129 174 303
37 243 280 128 175 303
58 165 307 22 177 305
18 254 272 96 202 298
18 254 272 142 162 304
18 254 272 32 246 278
96 202 298 142 162 304
96 202 298 32 246 278
142 162 304 32 246 278
59 229 288 112 189 301
59 229 288 141 163 304
59 229 288 1 263 264
59 229 288 87 209 296
59 229 288 56 231 287
112 189 301 141 163 304
112 189 301 1 263 264
112 189 301 87 209 296
112 189 301 56 231 287
141 163 304 1 263 264
141 163 304 87 209 296
141 163 304 56 231 287
1 263 264 87 209 296
1 263 264 56 231 287
87 209 296 56 231 287
62 227 289 53 233 286
5 261 266 79 215 294
20 253 273 7 260 267
110 158 307 22 205 298
65 225 290 50 235 285
48 205 298 128 150 307
111 190 301 34 245 279
47 237 284 68 223 291
11 258 269 39 242 281
23 199 300 76 177 305
29 248 277 137 167 304
125 178 303 13 257 270
125 178 303 117 185 302
125 178 303 82 213 295
13 257 270 117 185 302
13 257 270 82 213 295
117 185 302 82 213 295
71 221 292 44 239 283
24 251 275 99 200 299
24 251 275 135 169 304
24 251 275 15 256 271
99 200 299 135 169 304
99 200 299 15 256 271
135 169 304 15 256 271
25 224 291 105 179 304
124 179 303 61 228 289
36 244 280 104 196 300
116 186 302 52 234 286
116 186 302 94 204 298
52 234 286 94 204 298
134 170 304 64 226 290
74 219 293 41 241 282
67 224 291 109 192 301
67 224 291 133 171 304
109 192 301 133 171 304
115 187 302 2 263 265
19 254 273 98 201 299
4 262 266 46 238 284
33 246 279 6 261 267
122 181 303 77 217 294
122 181 303 38 243 281
77 217 294 38 243 281
108 193 301 28 249 277
43 240 283 152 153 305
10 259 269 151 154 305
61 157 309 19 171 307
60 229 289 149 156 305
54 233 287 121 182 303
73 220 293 148 157 305
63 227 290 147 158 305
147 209 293 113 259 267
102 198 300 12 258 270
146 159 305 51 235 286
35 245 280 145 160 305
35 245 280 80 215 295
145 160 305 80 215 295
144 161 305 129 175 304
107 194 301 14 257 271
30 248 278 40 242 282
48 237 285 120 183 303
16 256 272 128 176 304
45 239 284 25 251 276
45 239 284 141 164 305
45 239 284 101 199 300
25 251 276 141 164 305
25 251 276 101 199 300
141 164 305 101 199 300
119 184 303 96 203 299
49 228 290 126 172 305
83 213 296 127 177 304
83 213 296 72 221 293
83 213 296 32 247 279
127 177 304 72 221 293
127 177 304 32 247 279
72 221 293 32 247 279
87 210 297 18 255 273
139 166 305 59 230 289
79 216 295 1 264 265
42 241 283 91 207 298
42 241 283 53 234 287
42 241 283 3 263 266
91 207 298 53 234 287
91 207 298 3 263 266
53 234 287 3 263 266
118 185 303 27 250 277
118 185 303 5 262 267
118 185 303 138 167 305
27 250 277 5 262 267
27 250 277 138 167 305
5 262 267 138 167 305
50 236 286 20 254 274
9 260 269 105 196 301
9 260 269 95 204 299
105 196 301 95 204 299
125 179 304 136 169 305
39 243 282 117 186 303
29 249 278 86 211 297
110 192 302 90 208 298
13 258 271 71 222 293
44 240 284 124 180 304
29 207 299 131 143 309
110 209 297 66 253 275
15 257 272 55 233 288
94 205 299 61 229 290
133 172 305 52 235 287
123 181 304 31 248 279
123 181 304 64 227 291
31 248 279 64 227 291
109 193 302 41 242 283
115 188 303 132 173 305
115 188 303 85 212 297
115 188 303 67 225 292
132 173 305 85 212 297
132 173 305 67 225 292
85 212 297 67 225 292
89 209 298 26 251 277
28 239 285 89 203 300
2 264 266 152 154 306
46 239 285 151 155 306
46 239 285 131 174 305
46 239 285 19 255 274
151 155 306 131 174 305
151 155 306 19 255 274
131 174 305 19 255 274
77 218 295 70 223 293
93 206 299 149 157 306
108 194 302 38 244 282
108 194 302 6 262 268
108 194 302 148 158 306
38 244 282 6 262 268
38 244 282 148 158 306
6 262 268 148 158 306
114 189 303 147 159 306
8 261 269 121 183 304
21 254 275 145 161 306
10 260 270 60 230 290
102 199 301 73 221 294
144 162 306 54 234 288
84 213 297 63 228 291
51 236 287 12 259 271
80 216 296 120 184 304
107 195 302 113 190 303
142 164 306 66 226 292
92 207 299 23 253 276
128 177 305 40 243 283
30 249 279 141 165 306
48 238 286 14 258 272
101 200 301 119 185 304
112 191 303 16 257 273
79 113 314 41 134 313
87 211 298 83 214 297
138 168 306 72 222 294
18 256 274 118 186 304
59 231 290 126 179 305
79 217 296 56 233 289
79 217 296 91 208 299
56 233 289 91 208 299
137 169 306 62 229 291
127 168 307 8 237 287
3 264 267 111 192 303
5 263 268 65 227 292
105 197 302 50 237 287
75 220 295 20 255 275
75 220 295 125 180 305
75 220 295 95 205 300
20 255 275 125 180 305
20 255 275 95 205 300
125 180 305 95 205 300
9 261 270 135 171 306
47 239 286 34 247 281
110 193 303 82 215 297
11 260 271 124 181 305
22 254 276 134 172 306
90 209 299 29 250 279
71 223 294 99 202 301
104 198 302 78 218 296
73 201 302 3 226 293
61 230 291 55 234 289
36 246 282 132 174 306
52 236 288 64 228 292
115 189 304 31 249 280
41 243 284 151 156 307
122 183 305 150 157 307
122 183 305 85 213 298
150 157 307 85 213 298
149 158 307 49 238 287
149 158 307 67 226 293
149 158 307 17 257 274
149 158 307 103 199 302
149 158 307 98 203 301
49 238 287 67 226 293
49 238 287 17 257 274
49 238 287 103 199 302
49 238 287 98 203 301
67 226 293 17 257 274
67 226 293 103 199 302
67 226 293 98 203 301
17 257 274 103 199 302
17 257 274 98 203 301
103 199 302 98 203 301
89 210 299 131 175 306
93 207 300 108 195 303
80 139 313 37 160 311
70 224 294 46 240 286
70 224 294 130 176 306
70 224 294 114 190 304
46 240 286 130 176 306
46 240 286 114 190 304
130 176 306 114 190 304
145 162 307 2 265 267
121 184 305 19 256 275
144 163 307 33 248 281
102 200 302 8 262 270
97 204 301 28 251 279
43 242 285 57 233 290
43 242 285 73 222 295
43 242 285 142 165 307
57 233 290 73 222 295
57 233 290 142 165 307
73 222 295 142 165 307
21 255 276 60 231 291
54 235 289 10 261 271
113 191 304 88 211 299
63 229 292 107 196 303
12 260 272 92 208 300
40 244 284 76 220 296
48 239 287 139 168 307
7 135 314 61 118 315
127 179 306 14 259 273
127 179 306 101 201 302
14 259 273 101 201 302
106 197 303 138 169 307
83 215 298 25 253 278
83 215 298 137 170 307
83 215 298 118 187 305
25 253 278 137 170 307
25 253 278 118 187 305
137 170 307 118 187 305
37 246 283 79 218 297
59 232 291 136 171 307
59 232 291 32 249 281
59 232 291 111 193 304
136 171 307 32 249 281
136 171 307 111 193 304
32 249 281 111 193 304
62 230 292 100 202 302
42 243 285 105 198 303
3 265 268 135 172 307
3 265 268 65 228 293
3 265 268 117 188 305
135 172 307 65 228 293
135 172 307 117 188 305
65 228 293 117 188 305
58 249 281 61 246 283
75 221 296 5 264 269
124 182 306 68 226 294
9 262 271 86 213 299
34 248 282 82 216 298
116 189 305 39 245 284
133 174 307 99 203 302
104 199 303 11 261 272
29 251 280 71 224 295
78 219 297 123 183 306
92 180 308 28 212 300
70 256 276 140 186 304
154 154 308 44 242 286
13 260 273 153 155 308
13 260 273 132 175 307
153 155 308 132 175 307
133 193 303 107 217 297
61 231 292 149 159 308
115 190 305 55 235 290
74 222 296 122 184 306
74 222 296 24 254 278
122 184 306 24 254 278
149 223 291 127 261 269
131 176 307 64 229 293
36 247 283 52 237 289
36 247 283 147 161 308
52 237 289 147 161 308
85 214 299 31 250 281
98 204 302 146 162 308
41 244 285 89 211 300
122 162 310 30 218 298
81 217 298 67 227 294
130 177 307 17 258 275
144 164 308 108 196 304
114 191 305 121 185 306
77 220 297 143 165 308
2 266 268 142 166 308
102 201 303 33 249 282
120 186 306 6 264 270
4 146 314 94 106 316
107 197 304 8 263 271
107 197 304 73 223 296
107 197 304 128 179 307
8 263 271 73 223 296
8 263 271 128 179 307
73 223 296 128 179 307
50 201 304 114 160 311
60 232 292 88 212 300
60 232 292 140 168 308
60 232 292 28 252 280
88 212 300 140 168 308
88 212 300 28 252 280
140 168 308 28 252 280
80 218 298 10 262 272
92 209 301 139 169 308
51 238 289 119 187 306
35 248 283 112 193 305
106 198 304 96 206 302
69 226 295 30 251 281
111 194 305 91 210 301
111 194 305 25 254 279
91 210 301 25 254 279
100 203 303 135 173 308
59 233 292 37 247 284
56 235 291 105 199 304
192 206 290 158 256 270
53 237 290 95 207 302
134 174 308 42 244 286
124 183 307 1 267 268
5 265 270 110 195 305
133 175 308 68 227 295
133 175 308 20 257 277
68 227 295 20 257 277
116 190 306 86 214 300
90 211 301 154 155 309
99 204 303 153 156 309
9 263 272 123 184 307
9 263 272 47 241 288
9 263 272 152 157 309
123 184 307 47 241 288
123 184 307 152 157 309
47 241 288 152 157 309
151 158 309 34 249 283
39 246 285 150 159 309
71 225 296 149 160 309
22 256 278 94 208 302
148 161 309 29 252 281
131 177 308 44 243 287
146 163 309 13 261 274
145 164 309 55 236 291
144 165 309 24 255 279
130 178 308 52 238 290
15 260 275 85 215 300
121 186 307 81 218 299
121 186 307 31 251 282
121 186 307 143 166 309
81 218 299 31 251 282
81 218 299 143 166 309
31 251 282 143 166 309
67 228 295 108 197 305
93 209 302 142 167 309
17 259 276 129 179 308
70 226 296 26 254 280
102 202 304 46 242 288
19 258 277 97 206 303
19 258 277 2 267 269
19 258 277 113 193 306
97 206 303 2 267 269
97 206 303 113 193 306
2 267 269 113 193 306
33 250 283 107 198 305
33 250 283 38 247 285
107 198 305 38 247 285
6 265 271 139 170 309
73 224 297 88 213 301
123 177 309 33 237 291
60 233 293 57 235 292
119 188 307 28 253 281
119 188 307 43 244 287
119 188 307 127 181 308
28 253 281 43 244 287
28 253 281 127 181 308
43 244 287 127 181 308
54 237 291 63 231 294
54 237 291 138 171 309
63 231 294 138 171 309
28 177 311 63 164 313
66 229 295 51 239 290
12 262 274 126 182 308
12 262 274 76 222 298
126 182 308 76 222 298
103 225 296 72 265 271
62 263 273 147 178 307
136 173 309 48 241 289
136 173 309 23 256 279
136 173 309 69 227 296
48 241 289 23 256 279
48 241 289 69 227 296
23 256 279 69 227 296
83 217 300 125 183 308
111 195 306 135 174 309
56 218 300 20 232 294
72 225 297 45 243 288
16 260 276 100 204 304
25 255 280 105 200 305
172 222 290 150 262 268
56 236 292 124 184 308
37 248 285 95 208 303
112 237 290 147 200 302
53 238 291 18 259 277
155 155 310 65 230 295
154 156 310 110 196 306
153 157 310 42 245 287
153 157 310 75 223 298
42 245 287 75 223 298
111 141 315 15 189 309
1 268 269 116 191 307
50 240 290 150 160 310
5 266 271 149 161 310
5 266 271 86 215 301
149 161 310 86 215 301
99 205 304 104 201 305
90 212 302 20 258 278
90 212 302 82 218 300
90 212 302 148 162 310
20 258 278 82 218 300
20 258 278 148 162 310
82 218 300 148 162 310
34 250 284 146 164 310
82 232 294 56 258 278
131 178 309 71 226 297
131 178 309 78 221 299
131 178 309 39 247 286
131 178 309 94 209 303
131 178 309 109 197 306
71 226 297 78 221 299
71 226 297 39 247 286
71 226 297 94 209 303
71 226 297 109 197 306
78 221 299 39 247 286
78 221 299 94 209 303
78 221 299 109 197 306
39 247 286 94 209 303
39 247 286 109 197 306
94 209 303 109 197 306
22 257 279 29 253 282
103 202 305 13 262 275
103 202 305 58 235 293
103 202 305 143 167 310
13 262 275 58 235 293
13 262 275 143 167 310
58 235 293 143 167 310
98 206 304 74 224 298
64 231 295 85 216 301
114 193 307 89 213 302
129 180 309 36 249 285
129 180 309 15 261 276
129 180 309 81 219 300
36 249 285 15 261 276
36 249 285 81 219 300
15 261 276 81 219 300
66 146 316 6 164 314
94 142 316 58 164 314
70 227 297 102 203 305
139 171 310 26 255 281
46 243 289 107 199 306
138 172 310 2 268 270
38 248 286 88 214 302
119 189 308 33 251 284
119 189 308 84 217 301
119 189 308 4 267 271
33 251 284 84 217 301
33 251 284 4 267 271
84 217 301 4 267 271
43 268 270 100 213 302
94 258 278 138 206 302
57 236 293 92 211 303
112 195 307 43 245 288
112 195 307 8 265 273
112 195 307 63 232 295
43 245 288 8 265 273
43 245 288 63 232 295
8 265 273 63 232 295
28 254 282 54 238 292
21 258 279 126 183 309
106 200 306 10 264 274
106 200 306 66 230 296
106 200 306 136 174 310
10 264 274 66 230 296
10 264 274 136 174 310
66 230 296 136 174 310
35 250 285 135 175 310
40 247 287 23 257 280
30 253 283 87 215 302
91 212 303 117 191 308
35 131 318 82 105 319
45 244 289 155 156 311
45 244 289 124 185 309
45 244 289 79 221 300
155 156 311 124 185 309
155 156 311 79 221 300
124 185 309 79 221 300
147 163 311 7 261 277
16 261 277 152 159 311
25 256 281 151 160 311
25 256 281 95 209 304
151 160 311 95 209 304
59 235 294 150 161 311
110 197 307 62 233 295
37 249 286 149 162 311
116 192 308 32 252 284
53 239 292 148 163 311
65 231 296 75 224 299
132 178 310 18 260 278
104 202 306 86 216 302
1 269 270 50 241 291
1 269 270 99 206 305
1 269 270 146 165 311
50 241 291 99 206 305
50 241 291 146 165 311
99 206 305 146 165 311
3 268 271 68 229 297
90 213 303 27 255 282
131 179 310 145 166 311
7 266 273 122 187 309
7 266 273 109 198 307
122 187 309 109 198 307
34 251 285 9 265 274
39 248 287 143 168 311
29 254 283 142 169 311
93 142 317 2 177 313
114 194 308 58 236 294
74 225 299 141 170 311
74 225 299 61 234 295
74 225 299 129 181 310
141 170 311 61 234 295
141 170 311 129 181 310
61 234 295 129 181 310
108 199 307 13 263 276
55 238 293 85 217 302
140 171 311 81 220 301
93 211 304 24 257 281
15 262 277 67 230 297
139 172 311 31 253 284
77 223 300 113 195 308
17 261 278 138 173 311
97 208 305 107 200 307
131 137 316 61 188 311
2 269 271 73 226 299
92 212 304 112 196 308
92 212 304 4 268 272
112 196 308 4 268 272
136 175 311 80 221 301
57 179 313 127 129 317
75 188 311 12 211 305
6 267 273 57 237 294
43 246 289 54 239 293
43 246 289 118 191 309
43 246 289 106 201 307
54 239 293 118 191 309
54 239 293 106 201 307
118 191 309 106 201 307
96 209 305 135 176 311
96 209 305 21 259 280
135 176 311 21 259 280
125 185 310 10 265 275
75 235 295 45 265 275
134 177 311 69 229 298
12 264 276 156 156 312
117 192 309 48 243 291
117 192 309 87 216 303
117 192 309 153 159 312
48 243 291 87 216 303
48 243 291 153 159 312
87 216 303 153 159 312
40 248 288 152 160 312
23 258 281 83 219 302
91 213 304 151 161 312
100 206 306 30 254 284
100 206 306 124 186 310
30 254 284 124 186 310
14 263 277 133 178 311
72 227 299 149 163 312
45 245 290 95 210 305
132 179 311 116 193 309
123 187 310 25 257 282
56 238 294 146 166 312
56 238 294 62 234 296
146 166 312 62 234 296
32 253 285 53 240 293
32 253 285 65 232 297
32 253 285 145 167 312
53 240 293 65 232 297
53 240 293 145 167 312
65 232 297 145 167 312
18 261 279 99 207 306
86 217 303 42 247 289
68 230 298 122 188 310
68 230 298 50 242 292
68 230 298 82 220 302
122 188 310 50 242 292
122 188 310 82 220 302
50 242 292 82 220 302
115 194 309 1 270 271
3 269 272 143 169 312
3 269 272 27 256 283
143 169 312 27 256 283
130 181 311 94 211 305
137 151 315 49 213 305
7 267 274 78 223 301
43 244 291 101 204 307
47 244 291 71 228 299
30 249 288 135 174 312
9 266 275 121 189 310
39 249 288 141 171 312
11 265 276 29 255 284
140 172 312 108 200 308
74 226 300 44 246 290
85 218 303 58 237 295
61 235 296 89 215 304
139 173 312 13 264 277
139 173 312 64 233 297
139 173 312 128 183 311
13 264 277 64 233 297
13 264 277 128 183 311
64 233 297 128 183 311
24 258 282 138 174 312
113 196 309 36 251 287
15 263 278 102 205 307
82 123 320 5 152 318
127 184 311 41 248 289
127 184 311 77 224 301
41 248 289 77 224 301
107 201 308 49 243 292
70 229 299 119 191 310
136 176 312 88 216 304
126 185 311 46 245 291
92 213 305 73 227 300
2 270 272 38 250 288
2 270 272 118 192 310
2 270 272 80 222 302
38 250 288 118 192 310
38 250 288 80 222 302
118 192 310 80 222 302
96 210 306 54 240 294
43 247 290 155 158 313
8 267 275 153 160 313
134 178 312 66 232 298
21 260 281 76 225 301
51 242 293 151 162 313
117 193 310 150 163 313
124 187 311 149 164 313
87 217 304 133 179 312
12 265 277 83 220 303
12 265 277 105 203 308
12 265 277 148 165 313
12 265 277 100 207 307
12 265 277 35 252 287
83 220 303 105 203 308
83 220 303 148 165 313
83 220 303 100 207 307
83 220 303 35 252 287
105 203 308 148 165 313
105 203 308 100 207 307
105 203 308 35 252 287
148 165 313 100 207 307
148 165 313 35 252 287
100 207 307 35 252 287
26 265 277 73 230 299
147 166 313 23 259 282
132 180 312 72 228 300
146 167 313 79 223 302
110 199 309 95 211 306
120 179 313 25 237 296
131 181 312 16 263 279
131 181 312 59 237 296
131 181 312 144 169 313
16 263 279 59 237 296
16 263 279 144 169 313
59 237 296 144 169 313
62 235 297 25 258 283
100 222 302 138 188 310
43 258 283 87 223 302
37 251 288 99 208 307
143 170 313 65 233 298
53 241 294 122 189 311
86 218 304 32 254 286
90 215 305 115 195 310
18 262 280 42 248 290
18 262 280 130 182 312
42 248 290 130 182 312
142 171 313 82 221 303
181 263 266 211 214 287
67 241 294 133 186 311
27 257 284 141 172 313
121 190 311 5 269 274
71 229 300 20 261 281
7 268 275 47 245 292
7 268 275 103 205 308
7 268 275 140 173 313
47 245 292 103 205 308
47 245 292 140 173 313
103 205 308 140 173 313
34 253 287 98 209 307
108 201 309 9 267 276
85 219 304 120 191 311
85 219 304 29 256 285
85 219 304 89 216 305
120 191 311 29 256 285
120 191 311 89 216 305
29 256 285 89 216 305
11 266 277 74 227 301
61 236 297 44 247 291
93 213 306 81 222 303
113 197 310 13 265 278
102 206 308 52 242 294
137 176 313 67 232 299
84 197 311 1 228 301
131 244 290 125 254 284
24 259 283 119 192 311
21 244 293 84 211 307
97 210 307 77 225 302
31 255 286 41 249 290
17 263 280 88 217 305
157 157 314 118 193 311
92 214 306 26 258 284
92 214 306 156 158 314
92 214 306 46 246 292
26 258 284 156 158 314
26 258 284 46 246 292
156 158 314 46 246 292
101 207 308 73 228 301
106 203 309 153 161 314
80 223 303 125 187 312
134 179 313 19 262 281
134 179 313 38 251 289
134 179 313 151 163 314
19 262 281 38 251 289
19 262 281 151 163 314
38 251 289 151 163 314
33 254 287 2 271 273
96 211 307 57 239 296
173 185 307 107 265 277
4 270 274 150 164 314
135 141 318 30 207 309
75 199 311 31 219 305
6 269 275 111 199 310
6 269 275 149 165 314
6 269 275 54 241 295
111 199 310 149 165 314
111 199 310 54 241 295
149 165 314 54 241 295
66 233 299 117 194 311
76 226 302 148 166 314
133 180 313 28 257 285
124 188 312 8 268 276
51 243 294 21 261 282
10 267 277 87 218 305
69 231 300 105 204 309
191 223 291 173 249 281
35 253 288 48 245 293
126 235 296 149 210 304
40 250 290 110 200 310
23 260 283 95 212 307
79 224 303 72 229 301
144 170 314 30 256 286
62 236 298 142 172 314
56 240 296 16 264 280
130 183 313 75 227 302
25 259 284 115 196 311
86 219 305 65 234 299
86 219 305 109 201 310
65 234 299 109 201 310
100 259 283 109 245 292
18 263 281 94 213 307
129 184 313 121 191 312
140 174 314 50 244 294
53 215 307 137 155 317
78 225 303 27 258 285
103 206 309 114 197 311
103 206 309 3 271 274
114 197 311 3 271 274
71 230 301 139 175 314
108 202 310 98 210 308
108 202 310 20 262 282
98 210 308 20 262 282
48 175 317 97 147 320
138 176 314 34 254 288
90 250 290 150 190 310
22 261 283 58 239 297
22 261 283 11 267 278
22 261 283 61 237 298
22 261 283 93 214 307
22 261 283 137 177 314
22 261 283 113 198 311
22 261 283 127 186 313
58 239 297 11 267 278
58 239 297 61 237 298
58 239 297 93 214 307
58 239 297 137 177 314
58 239 297 113 198 311
58 239 297 127 186 313
11 267 278 61 237 298
11 267 278 93 214 307
11 267 278 137 177 314
11 267 278 113 198 311
11 267 278 127 186 313
61 237 298 93 214 307
61 237 298 137 177 314
61 237 298 113 198 311
61 237 298 127 186 313
93 214 307 137 177 314
93 214 307 113 198 311
93 214 307 127 186 313
137 177 314 113 198 311
137 177 314 127 186 313
113 198 311 127 186 313
64 235 299 55 241 296
67 233 300 52 243 295
77 226 303 126 187 313
155 160 315 15 265 280
154 161 315 49 245 294
154 161 315 41 250 291
154 161 315 135 179 314
154 161 315 70 231 301
49 245 294 41 250 291
49 245 294 135 179 314
49 245 294 70 231 301
41 250 291 135 179 314
41 250 291 70 231 301
135 179 314 70 231 301
112 199 311 31 256 287
58 207 310 2 222 305
88 218 306 118 194 312
81 181 316 29 204 311
84 221 305 151 164 315
125 188 313 92 215 307
17 264 281 101 208 309
134 180 314 106 204 310
46 247 293 73 229 302
26 259 285 149 166 315
60 238 298 38 252 290
147 168 315 117 195 312
147 168 315 57 240 297
147 168 315 33 255 288
117 195 312 57 240 297
117 195 312 33 255 288
57 240 297 33 255 288
124 189 313 63 236 299
112 219 305 75 256 287
14 230 302 98 190 314
6 270 276 66 234 300
43 249 292 76 227 303
28 258 286 132 182 314
105 205 310 145 170 315
100 209 309 51 244 295
69 232 301 91 216 307
83 222 305 123 190 313
5 215 308 100 175 317
95 213 308 143 172 315
40 251 291 79 225 304
109 140 321 21 185 316
25 237 299 101 195 313
142 173 315 30 257 287
130 184 314 104 206 310
130 184 314 14 266 280
104 206 310 14 266 280
115 197 312 45 248 293
141 174 315 99 210 309
59 239 298 109 202 311
25 260 285 140 175 315
25 260 285 65 235 300
140 175 315 65 235 300
121 192 313 53 243 296
37 253 290 82 223 305
18 264 282 114 198 312
128 186 314 78 226 304
98 211 309 27 259 286
98 211 309 1 273 274
98 211 309 71 231 302
27 259 286 1 273 274
27 259 286 71 231 302
1 273 274 71 231 302
3 272 275 120 193 313
37 273 274 78 233 301
137 178 315 7 270 277
4 236 300 116 180 316
89 218 307 127 187 314
34 255 289 85 221 306
9 269 278 74 229 303
136 179 315 81 224 305
61 238 299 119 194 313
102 208 310 58 240 298
22 262 284 158 158 316
157 159 316 107 204 311
157 159 316 11 268 279
157 159 316 44 249 293
107 204 311 11 268 279
107 204 311 44 249 293
11 268 279 44 249 293
156 160 316 64 236 300
154 162 316 126 188 314
138 197 311 93 239 298
97 212 309 153 163 316
152 164 316 52 244 296
150 166 316 36 254 290
15 266 281 49 246 295
15 266 281 125 189 314
15 266 281 134 181 315
49 246 295 125 189 314
49 246 295 134 181 315
125 189 314 134 181 315
149 167 316 41 251 292
88 219 307 31 257 288
98 107 324 12 149 322
101 209 310 106 205 311
92 216 308 148 168 316
17 265 282 133 182 315
17 265 282 73 230 303
133 182 315 73 230 303
96 213 309 111 201 312
146 170 316 124 190 314
146 170 316 26 260 286
124 190 314 26 260 286
60 239 299 145 171 316
38 253 291 57 241 298
132 183 315 63 237 300
19 264 283 33 256 289
144 172 316 76 228 304
144 172 316 4 272 276
76 228 304 4 272 276
66 235 301 105 206 311
6 271 277 123 191 314
41 271 277 73 239 299
28 259 287 143 173 316
28 259 287 91 217 308
28 259 287 116 197 313
143 173 316 91 217 308
143 173 316 116 197 313
91 217 308 116 197 313
131 184 315 51 245 296
8 270 278 110 202 312
69 233 302 83 223 306
10 269 279 95 214 309
35 255 290 130 185 315
12 268 280 40 252 292
23 262 285 115 198 313
7 222 307 98 183 317
129 186 315 45 249 294
75 229 304 59 240 299
121 193 314 86 221 307
62 238 300 90 218 308
178 265 271 197 229 290
106 240 298 144 202 310
16 266 282 82 224 306
94 215 309 25 261 286
8 214 310 58 200 314
58 182 318 122 138 322
114 199 313 37 254 291
138 178 316 68 234 302
149 258 283 193 201 302
32 257 289 103 208 311
50 246 296 120 194 314
78 227 305 18 265 283
127 188 315 27 260 287
113 200 313 157 160 317
113 200 313 47 248 295
113 200 313 5 272 277
157 160 317 47 248 295
157 160 317 5 272 277
47 248 295 5 272 277
89 219 308 156 161 317
136 180 316 20 264 284
155 162 317 85 222 307
154 163 317 7 271 278
74 230 304 34 256 290
39 253 292 153 164 317
152 165 317 107 205 312
126 189 315 9 270 279
126 189 315 81 225 306
9 270 279 81 225 306
135 181 316 61 239 300
58 241 299 151 166 317
29 259 288 64 237 301
55 243 298 150 167 317
55 243 298 97 213 310
55 243 298 22 263 285
150 167 317 97 213 310
150 167 317 22 263 285
97 213 310 22 263 285
112 201 313 149 168 317
162 171 315 63 270 279
134 182 316 118 196 314
77 228 305 52 245 297
13 268 281 148 169 317
70 233 303 147 170 317
24 262 286 106 206 312
92 217 309 41 252 293
92 217 309 84 223 307
92 217 309 133 183 316
41 252 293 84 223 307
41 252 293 133 183 316
84 223 307 133 183 316
146 171 317 31 258 289
117 197 314 111 202 313
80 226 306 96 214 310
57 242 299 63 238 301
57 242 299 143 174 317
63 238 301 143 174 317
123 192 315 105 207 312
100 211 311 19 265 284
100 211 311 76 229 305
100 211 311 131 185 316
19 265 284 76 229 305
19 265 284 131 185 316
76 229 305 131 185 316
2 274 276 54 244 298
2 274 276 116 198 314
2 274 276 66 236 302
54 244 298 116 198 314
54 244 298 66 236 302
116 198 314 66 236 302
87 221 308 4 273 277
142 175 317 110 203 313
91 218 309 43 251 294
51 246 297 69 234 303
141 176 317 8 271 279
104 208 312 48 248 296
104 208 312 72 232 304
48 248 296 72 232 304
129 272 275 160 221 303
109 204 313 129 187 316
109 204 313 99 212 311
109 204 313 12 269 281
129 187 316 99 212 311
129 187 316 12 269 281
99 212 311 12 269 281
87 141 324 12 171 321
139 178 317 23 263 286
121 194 315 30 259 289
86 222 308 14 268 282
75 230 305 45 250 295
114 200 314 94 216 310
82 225 307 65 237 302
183 210 303 147 258 285
103 209 312 16 267 283
25 262 287 53 245 298
137 180 317 37 255 292
137 180 317 68 235 303
137 180 317 108 205 313
37 255 292 68 235 303
37 255 292 108 205 313
68 235 303 108 205 313
158 160 318 32 258 290
157 161 318 98 213 311
156 162 318 42 252 294
156 162 318 78 228 306
42 252 294 78 228 306
155 163 318 50 247 297
154 164 318 18 266 284
71 233 304 136 181 317
13 249 296 89 211 312
89 220 309 119 196 315
89 220 309 1 275 276
119 196 315 1 275 276
151 167 318 3 274 277
135 182 317 93 217 310
135 182 317 5 273 278
93 217 310 5 273 278
150 168 318 102 210 312
34 257 291 81 226 307
34 257 291 149 169 318
34 257 291 39 254 293
81 226 307 149 169 318
81 226 307 39 254 293
149 169 318 39 254 293
9 271 280 61 240 301
148 170 318 58 242 300
64 238 302 112 202 314
14 203 315 105 161 322
29 260 289 55 244 299
29 260 289 125 191 316
29 260 289 44 251 295
55 244 299 125 191 316
55 244 299 44 251 295
125 191 316 44 251 295
52 246 298 146 172 318
106 207 313 13 269 282
88 221 309 101 211 312
84 224 308 124 192 316
84 224 308 36 256 292
124 192 316 36 256 292
24 263 287 49 248 297
199 222 295 178 251 285
111 203 314 41 253 294
15 268 283 132 185 317
80 227 307 73 232 305
53 268 283 157 172 317
123 193 316 17 267 284
26 262 288 142 176 318
116 199 315 60 241 301
110 204 314 76 230 306
33 258 291 141 177 318
33 258 291 66 237 303
33 258 291 87 222 309
141 177 318 66 237 303
141 177 318 87 222 309
66 237 303 87 222 309
19 266 285 91 219 310
19 266 285 54 245 299
91 219 310 54 245 299
130 187 317 2 275 277
122 194 316 4 274 278
43 252 295 83 225 308
69 235 304 95 216 311
57 275 277 165 167 317
79 228 307 129 188 317
10 271 281 109 205 314
48 249 297 99 213 312
87 211 313 111 193 317
138 180 318 12 270 282
23 264 287 128 189 317
30 260 290 90 220 310
82 132 326 22 158 324
114 201 315 75 231 306
45 251 296 159 160 319
158 161 319 59 242 301
158 161 319 14 269 283
158 161 319 94 217 311
59 242 301 14 269 283
59 242 301 94 217 311
14 269 283 94 217 311
137 181 318 157 162 319
56 244 300 120 196 316
65 238 303 103 210 313
53 246 299 153 166 319
16 268 284 68 236 304
98 214 312 136 182 318
152 167 319 37 256 293
32 259 291 151 168 319
113 202 315 42 253 295
150 169 319 71 234 305
18 267 285 135 183 318
120 171 321 24 225 309
149 170 319 89 221 310
107 207 314 93 218 311
107 207 314 27 262 289
107 207 314 102 211 313
93 218 311 27 262 289
93 218 311 102 211 313
27 262 289 102 211 313
148 171 319 1 276 277
3 275 278 47 250 297
74 232 306 134 184 318
147 172 319 81 227 308
97 215 312 112 203 315
97 215 312 125 192 317
97 215 312 7 273 280
112 203 315 125 192 317
112 203 315 7 273 280
125 192 317 7 273 280
34 258 292 118 198 316
61 241 302 146 173 319
9 272 281 64 239 303
145 174 319 29 261 290
22 265 287 77 230 307
101 212 313 124 193 317
101 212 313 52 247 299
124 193 317 52 247 299
117 199 316 92 219 311
40 226 309 114 181 320
84 225 309 111 204 315
88 160 324 24 188 320
96 216 312 24 264 288
31 260 291 15 269 284
73 233 306 142 177 319
73 233 306 123 194 317
73 233 306 131 187 318
142 177 319 123 194 317
142 177 319 131 187 318
123 194 317 131 187 318
84 211 314 6 244 301
141 178 319 46 251 297
17 268 285 100 213 313
130 188 318 60 242 302
76 231 307 57 244 301
87 223 310 122 195 317
91 220 311 140 179 319
66 238 304 38 256 294
19 267 286 83 226 309
115 201 316 4 275 279
115 201 316 139 180 319
115 201 316 69 236 305
4 275 279 139 180 319
4 275 279 69 236 305
139 180 319 69 236 305
104 210 314 6 274 280
121 196 317 79 229 308
138 181 319 99 214 313
138 181 319 21 266 287
99 214 313 21 266 287
74 157 325 95 143 326
158 162 320 128 190 318
158 162 320 10 272 282
158 162 320 48 250 298
128 190 318 10 272 282
128 190 318 48 250 298
10 272 282 48 250 298
19 195 319 111 149 325
155 165 320 40 255 295
154 166 320 86 224 310
120 197 317 153 167 320
120 197 317 23 265 288
120 197 317 75 232 307
153 167 320 23 265 288
153 167 320 75 232 307
23 265 288 75 232 307
108 267 285 123 243 300
82 227 309 62 241 303
82 227 309 59 243 302
82 227 309 127 191 318
62 241 303 59 243 302
62 241 303 127 191 318
59 243 302 127 191 318
108 207 315 45 252 297
56 245 301 151 169 320
56 245 301 65 239 304
151 169 320 65 239 304
53 247 300 68 237 305
70 271 283 154 185 317
16 269 285 135 184 319
16 269 285 149 171 320
16 269 285 25 264 289
135 184 319 149 171 320
135 184 319 25 264 289
149 171 320 25 264 289
37 257 294 119 198 317
32 260 292 148 172 320
71 235 306 50 249 299
107 208 315 147 173 320
18 268 286 102 212 314
27 263 290 125 193 318
1 277 278 74 233 307
1 277 278 47 251 298
1 277 278 118 199 317
74 233 307 47 251 298
74 233 307 118 199 317
47 251 298 118 199 317
81 228 309 3 276 279
107 218 312 48 277 278
5 275 280 145 175 320
157 167 320 80 233 307
34 259 293 7 274 281
144 176 320 64 240 304
106 209 315 55 246 301
77 231 308 44 253 297
77 231 308 132 187 319
44 253 297 132 187 319
29 262 291 101 213 314
117 200 317 143 177 320
11 272 283 88 223 311
52 248 300 92 220 312
84 226 310 70 236 306
151 166 321 74 229 309
131 188 319 13 271 284
24 265 289 80 229 309
24 265 289 141 179 320
24 265 289 41 255 296
80 229 309 141 179 320
80 229 309 41 255 296
141 179 320 41 255 296
101 139 327 9 179 323
116 201 317 31 261 292
15 270 285 105 210 315
106 185 321 11 230 309
110 206 316 100 214 314
46 252 298 122 196 318
63 241 304 91 221 312
63 241 304 87 224 311
91 221 312 87 224 311
125 191 319 61 239 305
66 239 305 129 190 319
115 202 317 38 257 295
115 202 317 83 227 310
115 202 317 95 218 313
38 257 295 83 227 310
38 257 295 95 218 313
83 227 310 95 218 313
9 249 300 129 180 321
160 161 321 104 211 315
159 162 321 69 237 306
2 277 279 121 197 318
2 277 279 43 254 297
2 277 279 158 163 321
121 197 318 43 254 297
121 197 318 158 163 321
43 254 297 158 163 321
157 164 321 109 207 316
51 249 300 156 165 321
155 166 321 99 215 314
155 166 321 79 230 309
155 166 321 6 275 281
99 215 314 79 230 309
99 215 314 6 275 281
79 230 309 6 275 281
72 235 307 137 183 320
21 267 288 153 168 321
46 274 282 134 194 318
152 169 321 48 251 299
90 222 312 120 198 318
86 225 311 35 259 294
86 225 311 151 170 321
35 259 294 151 170 321
40 256 296 136 184 320
75 233 308 103 212 315
12 272 284 108 208 316
30 262 292 82 228 310
59 244 303 149 172 321
65 240 305 135 185 320
56 246 302 98 216 314
108 218 313 57 262 292
113 204 317 148 173 321
119 199 318 126 193 319
147 174 321 78 231 309
14 258 295 90 217 314
134 186 320 16 270 286
107 209 316 71 236 307
32 261 293 89 223 312
102 213 315 42 255 297
85 226 311 125 194 319
133 187 320 112 205 317
144 177 321 27 264 291
5 276 281 124 195 319
20 268 288 132 188 320
53 278 279 129 202 317
39 257 296 61 243 304
106 210 316 34 260 294
58 245 303 7 275 282
168 173 319 72 269 287
67 239 306 111 206 317
67 239 306 142 179 321
67 239 306 9 274 283
111 206 317 142 179 321
111 206 317 9 274 283
142 179 321 9 274 283
29 263 292 92 221 313
123 196 319 84 227 311
123 196 319 52 249 301
123 196 319 11 273 284
84 227 311 52 249 301
84 227 311 11 273 284
52 249 301 11 273 284
80 230 310 130 190 320
105 211 316 36 259 295
105 211 316 49 251 300
105 211 316 140 181 321
36 259 295 49 251 300
36 259 295 140 181 321
49 251 300 140 181 321
122 197 319 31 262 293
161 161 322 46 253 299
91 222 313 159 163 322
157 165 322 17 270 287
157 165 322 115 203 318
157 165 322 63 242 305
17 270 287 115 203 318
17 270 287 63 242 305
115 203 318 63 242 305
138 183 321 57 246 303
26 265 291 95 219 314
38 258 296 154 168 322
38 258 296 54 248 302
154 168 322 54 248 302
153 169 322 69 238 307
137 184 321 19 269 288
152 170 322 2 278 280
51 250 301 79 231 310
36 277 281 148 179 321
114 204 318 6 276 282
28 264 292 72 236 308
120 199 319 136 185 321
8 275 283 127 193 320
10 274 284 94 220 314
103 213 316 108 209 317
75 234 309 135 186 321
4 222 314 106 178 324
160 212 312 128 248 300
62 243 305 30 263 293
62 243 305 23 267 290
62 243 305 113 205 318
62 243 305 98 217 315
62 243 305 147 175 322
30 263 293 23 267 290
30 263 293 113 205 318
30 263 293 98 217 315
30 263 293 147 175 322
23 267 290 113 205 318
23 267 290 98 217 315
23 267 290 147 175 322
113 205 318 98 217 315
113 205 318 147 175 322
98 217 315 147 175 322
119 200 319 59 245 304
65 241 306 45 254 299
146 176 322 14 272 286
107 210 317 145 177 322
37 259 296 16 271 287
37 259 296 89 224 313
16 271 287 89 224 313
133 188 321 71 237 308
118 201 319 93 221 314
42 256 298 32 262 294
42 256 298 112 206 318
42 256 298 144 178 322
32 262 294 112 206 318
32 262 294 144 178 322
112 206 318 144 178 322
90 276 282 174 180 318
74 235 309 81 230 311
27 265 292 47 253 300
3 278 281 117 202 319
20 269 289 61 244 305
20 269 289 101 215 316
61 244 305 101 215 316
39 258 297 111 207 318
64 242 306 58 246 304
131 190 321 34 261 295
67 240 307 88 225 313
67 240 307 123 197 320
67 240 307 55 248 303
88 225 313 123 197 320
88 225 313 55 248 303
123 197 320 55 248 303
9 275 284 44 255 299
52 250 302 22 268 290
52 250 302 70 238 308
52 250 302 140 182 322
22 268 290 70 238 308
22 268 290 140 182 322
70 238 308 140 182 322
11 274 285 130 191 321
110 208 318 122 198 320
161 162 323 139 183 322
161 162 323 13 273 286
139 183 322 13 273 286
49 252 301 73 236 309
49 252 301 159 164 323
73 236 309 159 164 323
100 216 316 36 260 296
157 166 323 41 257 298
24 267 291 129 192 321
155 168 323 15 272 287
192 202 310 158 240 302
154 169 323 91 223 314
76 234 310 46 254 300
95 220 315 60 245 305
57 247 304 104 213 317
57 247 304 128 193 321
57 247 304 83 229 312
57 247 304 152 171 323
57 247 304 17 271 288
104 213 317 128 193 321
104 213 317 83 229 312
104 213 317 152 171 323
104 213 317 17 271 288
128 193 321 83 229 312
128 193 321 152 171 323
128 193 321 17 271 288
83 229 312 152 171 323
83 229 312 17 271 288
152 171 323 17 271 288
66 241 307 109 209 318
99 217 316 69 239 308
150 173 323 33 262 295
114 205 319 19 270 289
43 256 299 79 232 311
51 251 302 2 279 281
51 251 302 149 174 323
51 251 302 127 194 321
2 279 281 149 174 323
2 279 281 127 194 321
149 174 323 127 194 321
148 175 323 28 265 293
134 246 302 174 202 314
10 132 331 75 106 332
103 214 317 86 227 313
31 132 331 89 99 332
21 269 290 94 221 315
48 253 301 147 176 323
163 183 320 103 240 307
75 235 310 10 275 285
35 261 296 119 201 320
40 258 298 82 230 312
134 188 322 98 218 316
12 274 286 62 244 306
145 178 323 65 242 307
116 213 317 53 268 291
14 273 287 78 233 311
14 273 287 107 211 318
14 273 287 133 189 322
78 233 311 107 211 318
78 233 311 133 189 322
107 211 318 133 189 322
102 215 317 53 250 303
37 260 297 85 228 313
37 260 297 25 267 292
37 260 297 143 180 323
85 228 313 25 267 292
85 228 313 143 180 323
25 267 292 143 180 323
132 190 322 50 252 302
46 159 329 101 126 331
124 197 321 97 219 316
138 188 322 58 252 302
86 258 298 122 222 314
47 254 301 131 191 322
141 182 323 27 266 293
111 208 319 101 216 317
123 198 321 3 279 282
136 210 317 158 189 320
58 247 305 5 278 283
77 234 311 39 259 298
34 262 296 88 226 314
140 183 323 92 223 315
7 277 284 67 241 308
126 274 284 186 196 314
84 229 313 161 163 324
160 164 324 44 256 300
160 164 324 116 204 320
160 164 324 96 220 316
44 256 300 116 204 320
44 256 300 96 220 316
116 204 320 96 220 316
9 276 285 159 165 324
29 265 294 70 239 309
52 251 303 157 167 324
22 269 291 122 199 321
110 209 319 11 275 286
138 185 323 73 237 310
61 162 329 113 126 331
49 253 302 13 274 287
153 171 324 36 261 297
24 268 292 152 172 324
121 200 321 91 224 315
121 200 321 31 264 295
91 224 315 31 264 295
137 186 323 87 227 314
18 240 309 75 216 318
76 235 311 95 221 316
173 210 313 142 245 303
109 210 319 46 255 301
150 174 324 60 246 306
17 272 289 136 187 323
26 267 293 99 218 317
54 250 304 114 206 320
69 240 309 120 201 321
33 263 296 79 233 312
43 257 300 135 188 323
147 177 324 51 252 303
2 280 282 72 238 310
4 279 283 108 211 319
94 222 316 28 266 294
94 222 316 86 228 314
94 222 316 6 278 284
94 222 316 146 178 324
94 222 316 126 196 322
28 266 294 86 228 314
28 266 294 6 278 284
28 266 294 146 178 324
28 266 294 126 196 322
86 228 314 6 278 284
86 228 314 146 178 324
86 228 314 126 196 322
6 278 284 146 178 324
6 278 284 126 196 322
146 178 324 126 196 322
119 202 321 134 189 323
122 162 328 8 218 318
113 207 320 8 277 285
97 100 333 43 135 332
40 218 318 142 150 328
145 179 324 75 236 311
98 219 317 82 231 313
83 131 332 53 148 331
30 232 313 142 160 327
133 190 323 125 197 322
133 190 323 62 245 307
125 197 322 62 245 307
12 275 287 65 243 308
107 212 319 23 269 292
45 256 301 56 249 305
78 234 312 102 216 318
68 241 309 143 181 324
93 223 316 132 191 323
71 239 310 85 229 314
142 182 324 124 198 322
97 220 317 25 268 293
141 183 324 117 204 321
131 192 323 81 232 313
74 237 311 106 213 319
123 199 322 101 217 318
167 227 309 141 263 293
162 163 325 47 255 302
130 193 323 158 167 325
61 246 307 1 281 282
92 224 316 64 244 308
3 280 283 157 168 325
3 280 283 88 227 315
3 280 283 77 235 312
157 168 325 88 227 315
157 168 325 77 235 312
88 227 315 77 235 312
20 271 291 139 185 324
20 271 291 116 205 321
20 271 291 39 260 299
20 271 291 156 169 325
20 271 291 5 279 284
139 185 324 116 205 321
139 185 324 39 260 299
139 185 324 156 169 325
139 185 324 5 279 284
116 205 321 39 260 299
116 205 321 156 169 325
116 205 321 5 279 284
39 260 299 156 169 325
39 260 299 5 279 284
156 169 325 5 279 284
67 242 309 34 263 297
155 170 325 55 250 305
182 188 318 122 252 302
154 171 325 105 214 319
110 210 320 70 240 310
9 277 286 129 194 323
100 218 318 22 270 292
80 233 313 152 173 325
151 174 325 115 206 321
49 254 303 121 201 322
13 275 288 128 195 323
91 225 316 41 259 300
149 176 325 31 265 296
149 176 325 109 211 320
149 176 325 104 215 319
31 265 296 109 211 320
31 265 296 104 215 319
109 211 320 104 215 319
136 188 324 76 236 312
148 177 325 60 247 307
148 177 325 63 245 308
60 247 307 63 245 308
99 219 318 66 243 309
99 219 318 114 207 321
99 219 318 57 249 306
66 243 309 114 207 321
66 243 309 57 249 306
114 207 321 57 249 306
120 128 332 32 180 328
79 276 287 116 231 313
17 273 290 147 178 325
157 198 320 88 278 285
69 241 310 54 251 305
79 234 313 38 261 299
43 258 301 126 197 323
103 216 319 19 272 291
103 216 319 51 253 304
103 216 319 72 239 311
19 272 291 51 253 304
19 272 291 72 239 311
51 253 304 72 239 311
90 226 316 134 190 324
173 224 310 152 250 301
119 203 322 2 281 283
119 203 322 94 223 317
2 281 283 94 223 317
41 235 313 113 191 325
48 255 303 75 237 312
82 232 314 8 278 286
21 271 292 133 191 324
10 277 287 143 182 325
10 277 287 35 263 298
143 182 325 35 263 298
118 204 322 62 246 308
12 276 288 132 192 324
30 266 296 56 250 306
23 270 293 78 235 313
23 270 293 142 183 325
23 270 293 45 257 302
78 235 313 142 183 325
78 235 313 45 257 302
142 183 325 45 257 302
2 252 305 100 207 322
89 227 316 124 199 323
141 184 325 71 240 311
163 163 326 37 262 299
161 165 326 25 269 294
106 214 320 160 166 326
106 214 320 16 274 290
106 214 320 50 254 304
160 166 326 16 274 290
160 166 326 50 254 304
16 274 290 50 254 304
42 259 301 159 167 326
42 259 301 81 233 314
159 167 326 81 233 314
123 200 323 32 265 297
158 168 326 74 238 312
157 169 326 101 218 319
156 170 326 130 194 324
139 186 325 155 171 326
116 206 322 154 172 326
27 268 295 92 225 317
77 236 313 61 247 308
58 249 307 153 173 326
58 249 307 1 282 283
58 249 307 122 201 323
153 173 326 1 282 283
153 173 326 122 201 323
1 282 283 122 201 323
67 243 310 138 187 325
12 179 329 63 164 331
129 195 324 39 261 300
129 195 324 84 231 315
39 261 300 84 231 315
5 280 285 105 215 320
34 264 298 152 174 326
98 192 326 38 224 318
110 211 321 55 251 306
70 241 311 151 175 326
137 188 325 52 253 305
80 234 314 150 176 326
22 271 293 121 202 323
73 239 312 11 277 288
49 255 304 136 189 325
36 263 299 109 212 321
36 263 299 13 276 289
36 263 299 87 229 316
109 212 321 13 276 289
109 212 321 87 229 316
13 276 289 87 229 316
127 197 324 76 237 313
31 266 297 147 179 326
83 232 315 120 203 323
15 275 290 135 190 325
146 180 326 66 244 310
69 242 311 17 274 291
126 198 324 54 252 306
26 269 295 134 191 325
26 269 295 79 235 314
26 269 295 145 181 326
134 191 325 79 235 314
134 191 325 145 181 326
79 235 314 145 181 326
33 265 298 90 227 317
43 259 302 113 209 322
94 224 318 144 182 326
4 281 285 125 199 324
60 188 328 120 148 332
82 233 315 75 238 313
21 272 293 8 279 287
35 264 299 40 261 301
112 210 322 102 218 320
112 210 322 10 278 288
102 218 320 10 278 288
89 228 317 12 277 289
89 228 317 163 164 327
89 228 317 68 243 311
12 277 289 163 164 327
12 277 289 68 243 311
163 164 327 68 243 311
30 267 297 93 225 318
30 267 297 45 258 303
30 267 297 162 165 327
93 225 318 45 258 303
93 225 318 162 165 327
45 258 303 162 165 327
23 271 294 161 166 327
117 206 323 97 222 319
117 206 323 53 253 306
117 206 323 158 169 327
97 222 319 53 253 306
97 222 319 158 169 327
53 253 306 158 169 327
14 276 290 140 186 326
156 171 327 123 201 324
155 172 327 37 263 300
25 270 295 130 195 325
25 270 295 50 255 305
130 195 325 50 255 305
101 219 320 16 275 291
74 239 313 139 187 326
58 179 330 110 146 333
79 271 294 86 261 301
18 274 292 92 226 318
18 274 292 138 188 326
18 274 292 122 202 324
92 226 318 138 188 326
92 226 318 122 202 324
138 188 326 122 202 324
88 229 317 47 257 304
61 248 309 96 223 319
61 248 309 151 176 327
61 248 309 27 269 296
96 223 319 151 176 327
96 223 319 27 269 296
151 176 327 27 269 296
110 212 322 58 250 308
1 283 284 67 244 311
3 282 285 150 177 327
39 262 301 137 189 326
55 252 307 20 273 293
5 281 286 34 265 299
20 216 322 84 190 328
128 197 325 115 208 323
128 197 325 7 280 287
115 208 323 7 280 287
121 203 324 44 259 303
65 262 301 163 175 326
148 179 327 29 268 297
91 227 318 109 213 322
87 230 317 127 198 325
95 224 319 49 256 305
36 264 300 120 204 324
9 249 309 81 219 321
41 261 302 114 209 323
41 261 302 146 181 327
114 209 323 146 181 327
24 271 295 99 221 320
63 247 310 145 182 327
60 249 309 15 276 291
46 258 304 134 192 326
126 199 325 66 245 311
90 269 296 141 214 320
69 243 312 144 183 327
79 236 315 119 205 324
54 253 307 103 218 321
38 263 301 133 193 326
72 241 313 143 184 327
33 266 299 86 231 317
59 270 296 144 194 325
142 185 327 2 283 285
118 206 324 4 282 286
118 206 324 82 234 316
118 206 324 132 194 326
4 282 286 82 234 316
4 282 286 132 194 326
82 234 316 132 194 326
163 165 328 48 257 305
158 222 316 118 282 284
161 167 328 112 211 323
102 219 321 21 273 294
102 219 321 141 186 327
21 273 294 141 186 327
8 280 288 160 168 328
168 268 290 200 222 308
40 262 302 62 248 310
40 262 302 158 170 328
62 248 310 158 170 328
131 195 326 10 279 289
131 195 326 65 246 311
131 195 326 59 250 309
10 279 289 65 246 311
10 279 289 59 250 309
65 246 311 59 250 309
89 229 318 93 226 319
156 172 328 68 244 312
156 172 328 56 252 308
68 244 312 56 252 308
30 268 298 12 278 290
85 232 317 97 223 320
85 232 317 155 173 328
85 232 317 23 272 295
97 223 320 155 173 328
97 223 320 23 272 295
155 173 328 23 272 295
53 254 307 71 242 313
154 174 328 106 216 322
111 212 323 139 188 327
81 235 316 101 220 321
50 256 306 74 240 314
42 261 303 138 189 327
16 276 292 116 208 324
12 236 316 76 212 324
32 267 299 151 177 328
64 147 335 97 125 336
88 230 318 150 178 328
105 217 322 110 213 323
105 217 322 47 258 305
105 217 322 77 238 315
105 217 322 137 190 327
105 217 322 18 275 293
110 213 323 47 258 305
110 213 323 77 238 315
110 213 323 137 190 327
110 213 323 18 275 293
47 258 305 77 238 315
47 258 305 137 190 327
47 258 305 18 275 293
77 238 315 137 190 327
77 238 315 18 275 293
137 190 327 18 275 293
149 179 328 64 247 311
1 284 285 100 221 321
1 284 285 115 209 324
1 284 285 121 204 325
100 221 321 115 209 324
100 221 321 121 204 325
115 209 324 121 204 325
39 263 302 3 283 286
34 266 300 20 274 294
5 282 287 70 243 313
44 260 304 80 236 316
7 281 288 147 181 328
84 261 303 147 201 324
127 199 326 29 269 298
127 199 326 73 241 314
127 199 326 109 214 323
29 269 298 73 241 314
29 269 298 109 214 323
73 241 314 109 214 323
146 182 328 104 218 322
44 232 318 108 194 328
120 205 325 95 225 320
50 177 332 108 142 335
76 239 315 36 265 301
13 278 291 83 234 317
13 278 291 41 262 303
13 278 291 134 193 327
83 234 317 41 262 303
83 234 317 134 193 327
41 262 303 134 193 327
172 188 324 92 276 292
53 227 320 32 235 317
24 272 296 144 184 328
15 277 292 108 215 323
119 206 325 46 259 305
133 194 327 103 219 322
113 211 324 79 237 316
113 211 324 69 244 313
79 237 316 69 244 313
90 229 319 125 201 326
46 172 333 18 179 332
72 242 314 38 264 302
72 242 314 142 186 328
72 242 314 86 232 318
38 264 302 142 186 328
38 264 302 86 232 318
142 186 328 86 232 318
162 167 329 98 223 321
33 267 300 132 195 327
51 256 307 43 261 304
51 256 307 161 168 329
43 261 304 161 168 329
159 170 329 19 275 294
141 187 328 107 216 323
124 202 326 2 284 286
157 172 329 4 283 287
102 220 322 28 270 298
88 125 337 8 157 335
48 258 306 6 282 288
37 157 335 107 115 337
156 173 329 131 196 327
155 174 329 21 274 295
165 229 314 134 275 291
65 247 312 117 208 325
65 247 312 40 263 303
65 247 312 93 227 320
117 208 325 40 263 303
117 208 325 93 227 320
40 263 303 93 227 320
59 251 310 35 266 301
59 251 310 89 230 319
59 251 310 154 175 329
35 266 301 89 230 319
35 266 301 154 175 329
89 230 319 154 175 329
153 176 329 97 224 321
153 176 329 139 189 328
153 176 329 56 253 309
97 224 321 139 189 328
97 224 321 56 253 309
139 189 328 56 253 309
85 233 318 130 197 327
111 213 324 12 279 291
23 273 296 152 177 329
101 221 322 151 178 329
160 207 322 112 258 305
150 179 329 74 241 315
37 265 302 50 257 307
112 206 326 14 262 304
16 277 293 137 191 328
92 228 320 32 268 300
77 239 316 148 181 329
18 276 294 84 234 318
61 250 311 121 205 326
64 248 312 136 192 328
58 252 310 100 222 322
147 182 329 27 271 298
147 182 329 67 246 313
27 271 298 67 246 313
55 254 309 1 285 286
34 267 301 146 183 329
5 283 288 135 193 328
5 283 288 80 237 317
5 283 288 127 200 327
135 193 328 80 237 317
135 193 328 127 200 327
80 237 317 127 200 327
150 250 307 190 205 318
109 215 324 44 261 305
145 184 329 91 229 320
114 211 325 95 226 321
114 211 325 9 281 290
114 211 325 29 270 299
95 226 321 9 281 290
95 226 321 29 270 299
9 281 290 29 270 299
140 201 326 84 250 311
134 194 328 22 274 296
6 212 326 116 162 334
144 185 329 11 280 291
49 258 307 99 223 322
69 233 319 33 251 311
143 186 329 119 207 326
63 249 312 24 273 297
31 269 300 60 251 311
113 212 325 103 220 323
46 260 306 164 166 330
163 167 330 15 278 293
163 167 330 125 202 327
163 167 330 57 253 310
15 278 293 125 202 327
15 278 293 57 253 310
125 202 327 57 253 310
142 187 329 79 238 317
161 169 330 69 245 314
90 230 320 160 170 330
37 201 329 63 191 331
159 171 330 54 255 309
98 244 314 76 266 302
98 224 322 26 272 298
98 224 322 118 208 326
26 272 298 118 208 326
157 173 330 38 265 303
107 217 324 124 203 327
107 217 324 33 268 301
107 217 324 51 257 308
124 203 327 33 268 301
124 203 327 51 257 308
33 268 301 51 257 308
19 276 295 75 241 316
19 276 295 140 189 329
75 241 316 140 189 329
117 209 326 6 283 289
93 228 321 123 204 327
21 275 296 89 231 320
152 178 330 8 282 290
152 178 330 130 198 328
152 178 330 62 250 312
8 282 290 130 198 328
8 282 290 62 250 312
130 198 328 62 250 312
35 267 302 97 225 322
106 218 324 68 246 314
151 179 330 85 234 319
151 179 330 111 214 325
151 179 330 10 281 291
85 234 319 111 214 325
85 234 319 10 281 291
111 214 325 10 281 291
30 270 300 150 180 330
101 222 323 23 274 297
129 199 328 53 256 309
35 194 331 79 175 334
50 258 308 148 182 330
42 263 305 25 273 298
128 200 328 88 232 320
96 226 322 16 278 294
32 269 301 136 193 329
107 155 336 89 168 335
47 260 307 100 223 323
61 251 312 64 249 313
58 253 311 67 247 314
127 201 328 27 272 299
55 255 310 145 185 330
55 255 310 70 245 315
145 185 330 70 245 315
109 216 325 39 265 304
3 285 288 120 207 327
20 276 296 104 220 324
44 262 306 114 212 326
134 195 329 91 230 321
52 257 309 73 243 316
46 205 329 101 175 334
7 283 290 95 227 322
27 213 327 93 183 333
22 275 297 143 187 330
83 236 319 133 196 329
83 236 319 76 241 317
83 236 319 49 259 308
83 236 319 164 167 331
83 236 319 11 281 292
133 196 329 76 241 317
133 196 329 49 259 308
133 196 329 164 167 331
133 196 329 11 281 292
76 241 317 49 259 308
76 241 317 164 167 331
76 241 317 11 281 292
49 259 308 164 167 331
49 259 308 11 281 292
164 167 331 11 281 292
119 208 327 163 168 331
134 228 320 122 240 316
160 171 331 41 264 305
13 280 293 125 203 328
103 221 324 159 172 331
66 248 314 24 274 298
79 239 318 157 174 331
79 239 318 46 261 307
79 239 318 57 254 311
157 174 331 46 261 307
157 174 331 57 254 311
46 261 307 57 254 311
141 189 330 90 231 321
141 189 330 69 246 315
141 189 330 15 279 294
90 231 321 69 246 315
90 231 321 15 279 294
69 246 315 15 279 294
54 256 310 86 234 320
124 204 328 72 244 316
107 218 325 17 278 295
26 273 299 131 198 329
26 273 299 154 177 331
131 198 329 154 177 331
74 210 328 24 230 322
112 214 326 38 266 304
43 263 306 82 237 319
43 263 306 33 269 302
43 263 306 153 178 331
82 237 319 33 269 302
82 237 319 153 178 331
33 269 302 153 178 331
19 277 296 152 179 331
149 167 333 3 251 313
151 180 331 4 285 289
48 260 308 28 272 300
138 192 330 78 240 318
97 226 323 62 251 313
65 249 314 106 219 325
65 249 314 150 181 331
65 249 314 111 215 326
106 219 325 150 181 331
106 219 325 111 215 326
150 181 331 111 215 326
59 253 312 8 283 291
40 265 305 85 235 320
35 268 303 68 247 315
129 200 329 56 255 311
151 192 329 56 283 291
101 223 324 116 211 327
58 268 303 47 282 292
137 193 330 45 262 307
12 281 293 148 183 331
23 275 298 53 257 310
147 184 331 128 201 329
136 194 330 14 280 294
136 194 330 110 216 326
14 280 294 110 216 326
37 267 304 121 207 328
37 267 304 88 233 321
37 267 304 96 227 323
121 207 328 88 233 321
121 207 328 96 227 323
88 233 321 96 227 323
146 185 331 25 274 299
84 236 320 100 224 324
47 261 308 61 252 313
18 278 296 58 254 312
134 196 330 70 246 316
80 239 319 55 256 311
80 239 319 104 221 325
55 256 311 104 221 325
122 249 313 177 193 326
120 126 339 45 174 336
3 286 289 34 269 303
3 286 289 91 231 322
3 286 289 126 203 329
34 269 303 91 231 322
34 269 303 126 203 329
91 231 322 126 203 329
95 228 323 165 167 332
95 228 323 20 277 297
165 167 332 20 277 297
178 242 310 158 278 290
44 263 307 73 244 317
44 263 307 163 169 332
44 263 307 143 188 331
73 244 317 163 169 332
73 244 317 143 188 331
163 169 332 143 188 331
52 258 310 162 170 332
161 171 332 7 284 291
29 272 301 119 209 328
159 173 332 9 283 292
114 254 311 166 201 326
108 218 326 76 242 318
108 218 326 22 276 298
108 218 326 158 174 332
76 242 318 22 276 298
76 242 318 158 174 332
22 276 298 158 174 332
125 204 329 49 260 309
113 214 327 11 282 293
36 268 304 156 176 332
41 265 306 141 190 331
13 281 294 63 251 314
60 253 313 155 177 332
24 275 299 79 240 319
94 229 323 31 271 302
90 232 322 118 210 328
154 178 332 46 262 308
124 205 329 140 191 331
131 199 330 86 235 321
54 257 311 107 219 326
112 215 327 72 245 317
17 279 296 139 192 331
102 223 325 38 267 305
117 211 328 43 264 307
33 270 303 75 243 318
19 278 297 138 193 331
89 233 322 2 287 289
111 216 327 48 261 309
106 220 326 4 286 290
149 183 332 28 273 301
149 183 332 97 227 324
28 273 301 97 227 324
129 201 330 6 285 291
36 285 291 60 261 309
137 194 331 59 254 313
40 244 318 120 194 332
21 277 298 122 207 329
148 184 332 116 212 328
148 184 332 8 284 292
148 184 332 68 248 316
116 212 328 8 284 292
116 212 328 68 248 316
8 284 292 68 248 316
141 237 318 123 258 309
35 269 304 101 224 325
45 263 308 147 185 332
136 195 331 81 239 320
30 272 302 128 202 330
74 244 318 146 186 332
135 191 332 9 268 305
37 268 305 145 187 332
42 265 307 127 203 330
100 225 325 25 275 300
166 174 332 86 244 318
64 251 315 120 209 329
134 197 331 61 253 314
109 218 327 166 167 333
109 218 327 47 262 309
166 167 333 47 262 309
67 249 316 164 169 333
58 255 313 163 170 333
18 279 297 162 171 333
114 214 328 104 222 326
143 189 332 161 172 333
160 173 333 55 257 312
39 267 306 159 174 333
3 287 290 73 245 318
3 287 290 87 235 322
3 287 290 158 175 333
73 245 318 87 235 322
73 245 318 158 175 333
87 235 322 158 175 333
142 190 332 20 278 298
5 286 291 99 226 325
5 286 291 119 210 329
99 226 325 119 210 329
108 219 327 156 177 333
83 238 321 29 273 302
132 199 331 141 191 332
132 199 331 76 243 319
132 199 331 9 284 293
141 191 332 76 243 319
141 191 332 9 284 293
76 243 319 9 284 293
141 205 329 89 251 315
103 223 326 22 277 299
74 236 322 154 172 334
154 179 333 11 283 294
41 266 307 118 211 329
153 180 333 63 252 315
124 206 330 60 254 314
124 206 330 66 250 316
124 206 330 94 230 324
60 254 314 66 250 316
60 254 314 94 230 324
66 250 316 94 230 324
90 233 323 13 282 295
131 200 331 79 241 320
69 248 317 57 256 313
69 248 317 31 272 303
69 248 317 152 181 333
57 256 313 31 272 303
57 256 313 152 181 333
31 272 303 152 181 333
72 246 318 54 258 312
150 183 333 123 207 330
38 268 306 138 194 332
72 276 300 120 228 324
51 260 311 75 244 319
106 281 295 125 251 314
149 184 333 33 271 304
89 234 323 106 221 327
89 234 323 129 202 331
89 234 323 19 279 298
106 221 327 129 202 331
106 221 327 19 279 298
129 202 331 19 279 298
97 228 325 148 185 333
97 228 325 137 195 332
148 185 333 137 195 332
44 210 331 75 196 334
122 208 330 48 262 310
122 208 330 78 242 320
122 208 330 2 288 290
48 262 310 78 242 320
48 262 310 2 288 290
78 242 320 2 288 290
116 213 329 4 287 291
85 237 322 62 253 315
101 225 326 59 255 314
110 181 336 64 210 331
8 285 293 40 267 307
128 203 331 56 257 313
71 247 318 146 187 333
45 264 309 81 240 321
105 222 327 30 273 303
23 277 300 12 283 295
23 277 300 145 188 333
23 277 300 135 197 332
12 283 295 145 188 333
12 283 295 135 197 332
145 188 333 135 197 332
74 245 319 115 214 329
85 249 317 51 283 295
14 282 296 166 168 334
50 261 311 165 169 334
164 170 334 100 226 326
37 269 306 163 171 334
134 198 332 84 238 322
134 198 332 162 172 334
134 198 332 42 266 308
84 238 322 162 172 334
84 238 322 42 266 308
162 172 334 42 266 308
109 219 328 16 281 297
114 215 329 61 254 315
114 215 329 126 205 331
114 215 329 159 175 334
61 254 315 126 205 331
61 254 315 159 175 334
126 205 331 159 175 334
67 250 317 47 263 310
158 176 334 58 256 314
18 280 298 70 248 318
64 219 329 121 181 336
157 177 334 142 191 333
27 275 302 55 258 313
87 236 323 39 268 307
73 246 319 99 227 326
125 206 331 34 271 305
125 206 331 155 179 334
125 206 331 1 289 290
34 271 305 155 179 334
34 271 305 1 289 290
155 179 334 1 289 290
141 192 333 3 288 291
44 265 309 20 279 299
132 200 332 52 260 312
132 200 332 108 220 328
52 260 312 108 220 328
7 286 293 83 239 322
29 274 303 153 181 334
50 213 331 87 194 335
22 278 300 118 212 330
124 207 331 131 201 332
90 234 324 36 270 306
41 267 308 63 253 316
151 183 334 79 242 321
151 183 334 66 251 317
151 183 334 139 194 333
79 242 321 66 251 317
79 242 321 139 194 333
66 251 317 139 194 333
112 217 329 107 221 328
112 217 329 13 283 296
107 221 328 13 283 296
57 257 314 86 237 323
31 273 304 24 277 301
150 184 334 46 264 310
123 208 331 72 247 319
138 195 333 15 282 297
138 195 333 102 225 327
138 195 333 117 213 330
15 282 297 102 225 327
15 282 297 117 213 330
102 225 327 117 213 330
38 269 307 17 281 298
148 186 334 26 276 302
129 203 332 137 196 333
111 218 329 43 266 309
33 272 305 93 232 325
155 269 302 190 223 319
122 209 331 97 229 326
97 190 336 14 225 328
136 197 333 48 263 311
2 289 291 101 226 327
62 254 316 146 188 334
28 275 303 65 252 317
4 288 292 128 204 332
94 278 300 172 194 330
56 258 314 8 286 294
121 210 331 145 189 334
121 210 331 110 219 329
121 210 331 35 271 306
145 189 334 110 219 329
145 189 334 35 271 306
110 219 329 35 271 306
105 223 328 167 168 335
165 170 335 10 285 295
165 170 335 115 215 330
165 170 335 45 265 310
10 285 295 115 215 330
10 285 295 45 265 310
115 215 330 45 265 310
113 254 315 162 205 329
92 233 325 127 205 332
92 233 325 163 172 335
92 233 325 53 260 313
127 205 332 163 172 335
127 205 332 53 260 313
163 172 335 53 260 313
96 230 326 30 274 304
96 230 326 74 246 320
96 230 326 144 190 334
30 274 304 74 246 320
30 274 304 144 190 334
74 246 320 144 190 334
88 236 324 12 284 296
120 211 331 159 176 335
84 239 323 77 244 321
158 177 335 37 270 307
144 237 321 111 288 291
95 266 309 150 211 329
25 277 302 157 178 335
135 284 293 141 268 305
133 200 333 32 273 305
142 192 334 16 282 298
61 255 316 156 179 335
23 245 321 75 223 329
70 249 319 95 231 326
70 249 319 91 234 325
95 231 326 91 234 325
18 281 299 141 193 334
55 259 314 154 181 335
27 276 303 87 237 324
27 276 303 99 228 327
27 276 303 132 201 333
87 237 324 99 228 327
87 237 324 132 201 333
99 228 327 132 201 333
108 221 329 39 269 308
113 217 330 153 182 335
140 194 334 44 266 310
52 261 313 3 289 292
83 240 323 152 183 335
83 240 323 103 225 328
83 240 323 5 288 293
152 183 335 103 225 328
152 183 335 5 288 293
103 225 328 5 288 293
120 229 326 101 246 320
131 202 333 118 213 331
131 202 333 7 287 294
118 213 331 7 287 294
151 184 335 29 275 304
9 286 295 139 195 334
150 185 335 90 235 325
98 229 327 79 243 322
98 229 327 107 222 329
98 229 327 63 254 317
79 243 322 107 222 329
79 243 322 63 254 317
107 222 329 63 254 317
36 271 307 41 268 309
178 235 318 150 277 298
86 238 324 138 196 334
69 250 319 149 186 335
13 284 297 123 209 332
112 250 318 122 240 322
167 217 326 118 277 301
46 265 311 31 274 305
102 226 328 24 278 302
82 241 323 137 197 334
111 219 330 75 246 321
122 210 332 38 270 308
17 282 299 93 233 326
17 282 299 51 262 313
17 282 299 26 277 303
93 233 326 51 262 313
93 233 326 26 277 303
51 262 313 26 277 303
43 267 310 97 230 327
89 236 325 116 215 331
19 281 300 85 239 324
168 168 336 48 264 312
62 255 317 65 253 318
28 276 304 164 172 336
68 251 319 121 211 332
68 251 319 59 257 316
68 251 319 4 289 293
121 211 332 59 257 316
121 211 332 4 289 293
59 257 316 4 289 293
162 174 336 6 288 294
56 259 315 105 224 329
56 259 315 144 191 335
56 259 315 40 269 309
56 259 315 115 216 331
56 259 315 71 249 320
56 259 315 161 175 336
56 259 315 21 280 301
105 224 329 144 191 335
105 224 329 40 269 309
105 224 329 115 216 331
105 224 329 71 249 320
105 224 329 161 175 336
105 224 329 21 280 301
144 191 335 40 269 309
144 191 335 115 216 331
144 191 335 71 249 320
144 191 335 161 175 336
144 191 335 21 280 301
40 269 309 115 216 331
40 269 309 71 249 320
40 269 309 161 175 336
40 269 309 21 280 301
115 216 331 71 249 320
115 216 331 161 175 336
115 216 331 21 280 301
71 249 320 161 175 336
71 249 320 21 280 301
161 175 336 21 280 301
127 206 333 81 242 323
35 272 307 8 287 295
96 231 327 159 177 336
10 286 296 134 200 334
53 261 314 74 247 321
88 237 325 143 192 335
100 228 328 120 212 332
156 180 336 84 240 324
142 193 335 50 263 313
142 193 335 77 245 322
50 263 313 77 245 322
133 201 334 114 217 331
155 181 336 104 225 329
64 254 318 154 182 336
64 254 318 32 274 306
154 182 336 32 274 306
61 256 317 16 283 299
67 252 319 119 213 332
80 243 323 47 265 312
80 243 323 95 232 327
80 243 323 125 208 333
47 265 312 95 232 327
47 265 312 125 208 333
95 232 327 125 208 333
58 258 316 132 202 334
108 222 330 18 282 300
140 195 335 55 260 315
116 206 334 74 236 326
27 277 304 73 248 321
131 203 334 103 226 329
52 262 314 118 214 332
83 241 324 124 209 333
83 241 324 1 291 292
83 241 324 44 267 311
124 209 333 1 291 292
124 209 333 44 267 311
1 291 292 44 267 311
20 281 301 139 196 335
149 187 336 9 287 296
149 187 336 49 264 313
149 187 336 112 219 331
9 287 296 49 264 313
9 287 296 112 219 331
49 264 313 112 219 331
130 204 334 90 236 326
138 197 335 107 223 330
98 230 328 22 280 302
123 210 333 63 255 318
66 253 319 11 286 297
117 215 332 60 257 317
41 269 310 86 239 325
36 272 308 148 188 336
100 191 338 65 212 334
13 285 298 137 198 335
31 275 306 129 205 334
72 249 321 24 279 303
72 249 321 147 189 336
24 279 303 147 189 336
15 284 299 111 220 331
106 224 330 146 190 336
97 231 328 168 169 337
51 263 314 89 237 326
51 263 314 166 171 337
51 263 314 38 271 309
89 237 326 166 171 337
89 237 326 38 271 309
166 171 337 38 271 309
128 206 334 26 278 304
165 172 337 17 283 300
95 198 337 37 227 330
164 173 337 43 268 311
177 193 332 108 263 313
33 274 307 163 174 337
118 249 320 135 232 326
78 245 323 162 175 337
85 240 325 135 200 335
144 233 325 185 192 331
48 265 313 160 177 337
65 254 319 110 221 331
2 291 293 127 207 334
2 291 293 159 178 337
2 291 293 59 258 317
127 207 334 159 178 337
127 207 334 59 258 317
159 178 337 59 258 317
28 277 305 115 217 332
32 290 294 70 256 318
134 201 335 71 250 321
134 201 335 6 289 295
71 250 321 6 289 295
171 211 329 119 269 309
157 180 337 35 273 308
157 180 337 92 235 327
35 273 308 92 235 327
8 288 296 96 232 328
120 213 333 45 267 312
74 248 322 88 238 326
53 262 315 10 287 297
142 194 336 126 208 334
155 182 337 133 202 335
12 286 298 114 218 332
63 192 339 3 207 336
77 246 323 154 183 337
104 226 330 50 264 314
153 184 337 37 272 309
119 214 333 42 269 311
6 219 333 129 159 342
64 255 319 25 279 304
32 275 307 95 233 328
32 275 307 152 185 337
32 275 307 67 253 320
95 233 328 152 185 337
95 233 328 67 253 320
152 185 337 67 253 320
140 196 336 80 244 324
140 196 336 16 284 300
80 244 324 16 284 300
47 266 313 58 259 317
99 230 329 70 251 321
113 219 332 108 223 331
151 186 337 87 239 326
5 182 341 65 166 343
55 261 316 131 204 335
180 189 333 108 261 315
5 223 332 53 212 335
18 283 301 73 249 322
103 227 330 27 278 305
103 227 330 150 187 337
103 227 330 118 215 333
27 278 305 150 187 337
27 278 305 118 215 333
150 187 337 118 215 333
107 200 337 47 235 328
175 218 327 133 267 310
102 265 313 170 197 333
76 247 323 1 292 293
76 247 323 149 188 337
1 292 293 149 188 337
5 290 295 130 205 335
130 138 344 6 200 338
107 224 331 7 289 296
98 231 329 29 277 306
98 231 329 123 211 334
29 277 306 123 211 334
9 288 297 117 216 333
63 256 319 137 199 336
86 240 326 66 254 320
102 228 330 60 258 318
129 206 335 41 270 311
69 252 321 36 273 309
92 284 300 108 260 316
146 191 337 13 286 299
146 191 337 169 169 338
13 286 299 169 169 338
168 170 338 72 250 322
46 267 313 167 171 338
166 172 338 122 212 334
31 276 307 111 221 332
136 200 336 24 280 304
165 173 338 82 243 325
164 174 338 54 262 316
167 196 334 89 274 308
93 235 328 145 192 337
93 235 328 128 207 335
93 235 328 75 248 323
145 192 337 128 207 335
145 192 337 75 248 323
128 207 335 75 248 323
89 238 327 161 177 338
51 264 315 135 201 336
160 178 338 38 272 310
101 229 330 26 279 305
43 269 312 144 193 337
121 213 334 159 179 338
88 227 331 32 257 319
158 180 338 110 222 332
143 194 337 157 181 338
143 194 337 19 283 302
143 194 337 62 257 319
157 181 338 19 283 302
157 181 338 62 257 319
19 283 302 62 257 319
48 266 314 134 202 336
2 292 294 156 182 338
2 292 294 28 278 306
156 182 338 28 278 306
81 244 325 4 291 295
96 233 329 56 261 317
120 214 334 6 290 296
142 195 337 155 183 338
35 274 309 126 209 335
134 215 333 58 291 295
109 212 335 5 263 316
8 289 297 88 239 327
8 289 297 133 203 336
88 239 327 133 203 336
109 223 332 53 263 316
188 210 328 132 280 302
30 277 307 153 185 338
60 166 344 120 124 346
104 227 331 23 281 304
12 287 299 77 247 324
125 210 335 50 265 315
25 147 346 70 129 347
67 254 321 61 258 319
25 280 305 80 245 325
32 276 308 108 224 332
86 290 296 166 200 334
16 285 301 131 205 336
70 252 322 58 260 318
70 252 322 150 188 338
58 260 318 150 188 338
47 267 314 139 198 337
55 262 317 73 250 323
138 199 337 83 243 326
110 276 307 174 205 332
76 248 324 52 264 316
15 201 339 129 141 345
1 214 336 129 154 344
123 212 335 3 292 295
123 212 335 107 225 332
123 212 335 20 283 303
3 292 295 107 225 332
3 292 295 20 283 303
107 225 332 20 283 303
90 238 328 98 232 330
147 191 338 117 217 334
169 170 339 49 266 315
169 170 339 79 246 325
49 266 315 79 246 325
168 171 339 129 207 336
166 173 339 86 241 327
166 173 339 9 289 298
166 173 339 102 229 331
86 241 327 9 289 298
86 241 327 102 229 331
9 289 298 102 229 331
66 255 321 165 174 339
146 192 338 22 282 304
135 171 342 54 225 333
60 259 319 164 175 339
41 271 312 136 201 337
41 271 312 11 288 299
41 271 312 163 176 339
136 201 337 11 288 299
136 201 337 163 176 339
11 288 299 163 176 339
162 177 339 57 261 318
162 177 339 111 222 333
57 261 318 111 222 333
106 226 332 82 244 326
106 226 332 116 218 334
106 226 332 46 268 314
82 244 326 116 218 334
82 244 326 46 268 314
116 218 334 46 268 314
24 281 305 160 179 339
135 202 337 97 233 330
159 180 339 75 249 324
101 230 331 121 214 335
38 273 311 157 182 339
43 270 313 17 285 302
43 270 313 143 195 338
43 270 313 78 247 325
43 270 313 110 223 333
43 270 313 85 242 327
17 285 302 143 195 338
17 285 302 78 247 325
17 285 302 110 223 333
17 285 302 85 242 327
143 195 338 78 247 325
143 195 338 110 223 333
143 195 338 85 242 327
78 247 325 110 223 333
78 247 325 85 242 327
110 223 333 85 242 327
33 276 309 156 183 339
155 184 339 65 256 321
68 254 322 142 196 338
154 185 339 81 245 326
126 210 336 96 234 330
71 252 323 28 279 307
71 252 323 133 204 337
71 252 323 92 237 329
28 279 307 133 204 337
28 279 307 92 237 329
133 204 337 92 237 329
35 279 307 21 293 295
6 291 297 153 186 339
40 272 312 88 240 328
109 224 333 21 283 304
74 250 324 114 220 334
60 293 295 125 225 332
70 262 318 42 290 298
152 187 339 53 264 317
125 211 336 119 216 335
30 278 308 140 198 338
14 287 301 113 221 334
14 287 301 139 199 338
14 287 301 37 274 311
14 287 301 91 238 329
14 287 301 131 206 337
113 221 334 139 199 338
113 221 334 37 274 311
113 221 334 91 238 329
113 221 334 131 206 337
139 199 338 37 274 311
139 199 338 91 238 329
139 199 338 131 206 337
37 274 311 91 238 329
37 274 311 131 206 337
91 238 329 131 206 337
64 257 321 99 232 331
87 157 346 122 129 347
149 190 339 25 281 306
32 277 309 87 241 328
70 253 323 118 217 335
73 251 324 148 191 339
130 207 337 55 263 318
39 273 312 123 213 336
39 273 312 147 192 339
123 213 336 147 192 339
169 171 340 76 249 325
3 215 337 127 157 345
107 226 333 137 201 338
52 265 317 167 173 340
166 174 340 94 236 330
166 174 340 44 270 314
166 174 340 34 276 310
94 236 330 44 270 314
94 236 330 34 276 310
44 270 314 34 276 310
63 285 303 105 243 327
1 294 295 90 239 329
20 284 304 164 176 340
3 293 296 129 208 337
163 177 340 5 292 297
102 230 332 162 178 340
86 242 328 136 202 338
49 267 316 29 279 308
66 256 322 122 214 336
145 194 339 9 290 299
160 180 340 60 260 320
69 254 323 111 223 334
60 154 347 28 165 346
128 209 337 41 272 313
11 289 300 36 275 311
11 289 300 159 181 340
11 289 300 116 219 335
36 275 311 159 181 340
36 275 311 116 219 335
159 181 340 116 219 335
106 227 333 57 262 319
135 203 338 82 245 327
31 278 309 97 234 331
24 282 306 54 264 318
89 240 329 121 215 336
143 196 339 101 231 332
127 210 337 15 287 302
155 185 340 115 220 335
38 274 312 78 248 326
26 281 307 43 271 314
142 197 339 17 286 303
57 217 337 113 183 343
65 257 322 133 205 338
126 211 337 62 259 321
153 187 340 68 255 323
19 285 304 59 261 320
19 285 304 96 235 331
59 261 320 96 235 331
141 198 339 81 246 327
81 233 332 12 263 319
100 232 332 28 280 308
100 232 332 152 188 340
28 280 308 152 188 340
114 221 335 109 225 334
6 214 338 138 146 346
56 263 319 88 241 329
111 135 348 36 177 345
6 292 298 132 206 338
151 189 340 35 276 311
151 189 340 21 284 305
151 189 340 140 199 339
35 276 311 21 284 305
35 276 311 140 199 339
21 284 305 140 199 339
8 291 299 119 217 336
8 291 299 104 229 333
119 217 336 104 229 333
150 190 340 10 290 300
45 222 336 72 210 339
131 207 338 23 283 306
113 222 335 50 267 317
95 236 331 149 191 340
99 233 332 124 213 337
80 247 327 37 275 312
42 272 314 64 258 322
42 272 314 14 288 302
42 272 314 118 218 336
64 258 322 14 288 302
64 258 322 118 218 336
14 288 302 118 218 336
112 153 347 43 192 343
103 230 333 25 282 307
32 278 310 58 262 320
32 278 310 130 208 338
58 262 320 130 208 338
47 269 316 169 172 341
16 287 303 168 173 341
147 193 340 73 252 325
55 264 319 165 176 341
123 214 337 137 202 339
83 245 328 112 223 335
163 178 341 107 227 334
76 250 326 146 194 340
162 179 341 129 209 338
162 179 341 39 274 313
162 179 341 94 237 331
129 209 338 39 274 313
129 209 338 94 237 331
39 274 313 94 237 331
145 189 341 19 271 315
98 234 332 52 266 318
96 218 337 47 246 328
161 180 341 44 271 315
160 181 341 1 295 296
145 195 340 20 285 305
102 231 333 3 294 297
5 293 298 122 215 337
159 182 341 86 243 329
140 222 334 84 278 310
7 292 299 49 268 317
111 224 335 29 280 309
158 183 341 66 257 323
158 183 341 63 259 322
66 257 323 63 259 322
116 220 336 144 196 340
60 261 321 9 291 300
60 261 321 69 255 324
60 261 321 135 204 339
9 291 300 69 255 324
9 291 300 135 204 339
69 255 324 135 204 339
22 284 306 106 228 334
75 277 311 173 185 339
80 274 313 160 199 338
57 263 320 72 253 325
97 235 332 143 197 340
13 289 302 127 211 338
134 205 339 75 251 326
134 205 339 31 279 310
134 205 339 89 241 330
134 205 339 155 186 341
134 205 339 54 265 319
75 251 326 31 279 310
75 251 326 89 241 330
75 251 326 155 186 341
75 251 326 54 265 319
31 279 310 89 241 330
31 279 310 155 186 341
31 279 310 54 265 319
89 241 330 155 186 341
89 241 330 54 265 319
155 186 341 54 265 319
24 283 307 101 232 333
25 237 332 53 228 335
51 267 318 78 249 327
43 272 315 120 217 337
26 282 308 126 212 338
96 236 332 68 256 324
48 269 317 81 247 328
101 181 345 29 215 339
151 190 341 109 226 335
151 190 341 19 286 305
151 190 341 71 254 325
109 226 335 19 286 305
109 226 335 71 254 325
19 286 305 71 254 325
125 213 338 2 295 297
74 252 326 4 294 298
40 274 314 104 230 334
139 201 340 45 271 316
139 201 340 84 245 329
45 271 316 84 245 329
131 208 339 149 192 341
149 180 343 35 257 324
108 227 335 95 237 332
148 193 341 23 284 307
99 234 333 171 171 342
50 268 318 12 290 302
50 268 318 138 202 340
50 268 318 170 172 342
12 290 302 138 202 340
12 290 302 170 172 342
138 202 340 170 172 342
169 173 342 118 219 337
5 263 321 87 229 335
67 257 324 37 276 313
165 177 342 42 273 315
165 177 342 87 243 330
42 273 315 87 243 330
14 289 303 61 261 322
14 289 303 103 231 334
14 289 303 147 194 341
61 261 322 103 231 334
61 261 322 147 194 341
103 231 334 147 194 341
58 263 321 163 179 342
25 283 308 137 203 340
22 279 311 69 253 326
123 215 338 47 270 317
112 224 336 16 288 304
83 246 329 161 181 342
107 228 335 117 220 337
18 287 305 98 235 333
27 282 309 159 183 342
90 241 331 39 275 314
122 216 338 102 232 334
122 216 338 34 278 312
122 216 338 158 184 342
102 232 334 34 278 312
102 232 334 158 184 342
34 278 312 158 184 342
137 287 302 157 253 322
1 296 297 144 197 341
1 296 297 79 249 328
1 296 297 128 211 339
144 197 341 79 249 328
144 197 341 128 211 339
79 249 328 128 211 339
86 244 330 20 286 306
157 185 342 3 295 298
66 258 324 156 186 342
63 260 323 7 293 300
29 281 310 106 229 335
155 187 342 22 285 307
11 169 348 52 159 349
82 247 329 121 217 338
93 239 332 127 212 339
93 239 332 36 277 313
93 239 332 97 236 333
127 212 339 36 277 313
127 212 339 97 236 333
36 277 313 97 236 333
142 199 341 89 242 331
142 199 341 46 271 317
142 199 341 101 233 334
89 242 331 46 271 317
89 242 331 101 233 334
46 271 317 101 233 334
54 266 320 110 226 336
13 290 303 115 222 337
85 245 330 105 230 335
15 289 304 141 200 341
120 218 338 78 250 328
120 218 338 152 190 342
78 250 328 152 190 342
26 283 309 151 191 342
33 279 312 96 237 333
65 259 324 140 201 341
92 240 332 132 208 340
114 223 337 62 261 323
81 248 329 109 227 336
48 270 318 150 192 342
71 255 326 125 214 339
19 287 306 119 219 338
104 231 335 56 265 321
149 193 342 74 253 327
131 209 340 4 295 299
84 246 330 6 294 300
170 173 343 35 278 313
21 286 307 169 174 343
53 267 320 45 272 317
53 267 320 168 175 343
45 272 317 168 175 343
113 224 337 167 176 343
113 224 337 77 251 328
113 224 337 8 293 301
167 176 343 77 251 328
167 176 343 8 293 301
77 251 328 8 293 301
138 203 341 166 177 343
95 238 333 165 178 343
118 220 338 10 292 302
30 281 311 99 235 334
91 241 332 164 179 343
23 285 308 163 180 343
163 219 335 145 237 331
137 204 341 87 244 331
161 182 343 61 262 323
161 182 343 37 277 314
61 262 323 37 277 314
42 274 316 146 196 342
14 290 304 70 256 326
160 183 343 112 225 337
75 281 311 129 229 335
25 284 309 129 211 340
47 271 318 73 254 327
47 271 318 117 221 338
73 254 327 117 221 338
107 229 336 159 184 343
145 197 342 83 247 330
136 205 341 16 289 305
79 175 348 23 196 345
115 190 345 30 235 335
157 186 343 122 217 339
144 198 342 18 288 306
27 283 310 102 233 335
128 212 340 52 268 320
156 187 343 44 273 317
111 226 337 34 279 313
79 250 329 86 245 331
143 199 342 1 297 298
20 287 307 155 188 343
163 183 343 33 287 307
49 270 319 66 259 325
154 189 343 7 294 301
154 189 343 134 207 341
154 189 343 121 218 339
154 189 343 29 282 311
154 189 343 69 257 326
7 294 301 134 207 341
7 294 301 121 218 339
7 294 301 29 282 311
7 294 301 69 257 326
134 207 341 121 218 339
134 207 341 29 282 311
134 207 341 69 257 326
121 218 339 29 282 311
121 218 339 69 257 326
29 282 311 69 257 326
60 263 323 127 213 340
82 248 330 142 200 342
9 293 302 97 237 334
72 255 327 93 240 333
153 190 343 57 265 322
11 292 303 89 243 332
110 227 337 115 223 338
133 208 341 152 191 343
54 267 321 141 201 342
31 281 312 13 291 304
105 269 319 175 199 339
105 231 336 120 219 339
105 231 336 24 285 309
120 219 339 24 285 309
169 270 313 194 237 325
150 193 343 38 277 315
96 238 334 114 224 338
109 228 337 92 241 333
125 215 340 100 235 335
125 215 340 65 260 325
100 235 335 65 260 325
68 258 326 62 262 324
172 172 344 88 244 332
171 173 344 48 271 319
171 173 344 71 256 327
171 173 344 59 264 323
48 271 319 71 256 327
48 271 319 59 264 323
71 256 327 59 264 323
168 176 344 104 232 336
167 177 344 19 288 307
56 266 322 166 178 344
56 266 322 74 254 328
166 178 344 74 254 328
97 282 311 173 202 339
40 276 316 4 296 300
40 276 316 124 216 340
40 276 316 164 180 344
4 296 300 124 216 340
4 296 300 164 180 344
124 216 340 164 180 344
6 295 301 35 279 314
21 287 308 108 229 337
21 287 308 53 268 321
21 287 308 77 252 329
21 287 308 147 196 343
108 229 337 53 268 321
108 229 337 77 252 329
108 229 337 147 196 343
53 268 321 77 252 329
53 268 321 147 196 343
77 252 329 147 196 343
7 210 343 133 147 350
130 211 341 95 239 334
162 182 344 8 294 302
137 205 342 10 293 303
80 250 330 50 270 320
10 196 346 94 164 350
123 217 340 87 245 332
64 261 325 159 185 344
129 212 341 61 263 324
145 198 343 37 278 315
145 198 343 42 275 317
145 198 343 70 257 327
37 278 315 42 275 317
37 278 315 70 257 327
42 275 317 70 257 327
158 186 344 136 206 342
58 265 323 107 230 337
47 272 319 83 248 331
47 272 319 32 281 313
47 272 319 157 187 344
83 248 331 32 281 313
83 248 331 157 187 344
32 281 313 157 187 344
16 290 306 94 240 334
98 237 335 55 267 322
115 241 333 67 291 305
90 243 333 135 207 342
111 227 338 18 289 307
116 223 339 27 284 311
116 223 339 39 277 316
116 223 339 52 269 321
27 284 311 39 277 316
27 284 311 52 269 321
39 277 316 52 269 321
79 291 305 151 215 339
86 246 332 44 274 318
34 280 314 154 190 344
128 200 344 40 256 328
1 298 299 127 214 341
5 296 301 49 271 320
7 295 302 97 238 335
82 249 331 93 241 334
152 192 344 72 256 328
115 224 339 101 235 336
22 287 309 141 202 343
22 287 309 57 266 323
22 287 309 133 209 342
141 202 343 57 266 323
141 202 343 133 209 342
57 266 323 133 209 342
89 244 333 41 276 317
126 215 341 75 254 329
151 193 344 11 293 304
85 247 332 140 203 343
85 247 332 13 292 305
140 203 343 13 292 305
24 286 310 150 194 344
132 210 342 78 252 330
79 234 337 13 261 326
171 174 345 15 291 306
171 174 345 114 225 339
171 174 345 51 270 321
15 291 306 114 225 339
15 291 306 51 270 321
114 225 339 51 270 321
149 195 344 125 216 341
149 195 344 169 176 345
149 195 344 96 239 335
125 216 341 169 176 345
125 216 341 96 239 335
169 176 345 96 239 335
92 242 334 38 278 316
43 275 318 167 178 345
26 285 311 81 250 331
26 285 311 65 261 326
26 285 311 166 179 345
81 250 331 65 261 326
81 250 331 166 179 345
65 261 326 166 179 345
17 290 307 62 263 325
33 281 314 131 211 342
71 257 328 104 233 337
59 265 324 164 181 345
138 205 343 163 182 345
19 289 308 124 217 341
56 267 323 147 197 344
28 284 312 84 248 332
130 212 342 118 222 340
130 212 342 2 298 300
130 212 342 108 230 338
118 222 340 2 298 300
118 222 340 108 230 338
2 298 300 108 230 338
66 251 331 9 274 319
95 240 335 160 185 345
95 240 335 35 280 315
160 185 345 35 280 315
137 206 343 53 269 322
6 296 302 146 198 344
87 214 343 122 189 347
99 237 336 21 288 309
103 234 337 123 218 341
30 283 313 158 187 345
80 251 331 145 199 344
87 246 333 129 213 342
136 207 343 112 227 339
12 293 305 117 223 340
12 293 305 157 188 345
12 293 305 67 260 327
117 223 340 157 188 345
117 223 340 67 260 327
157 188 345 67 260 327
58 266 324 14 292 306
47 273 320 135 208 343
25 286 311 94 241 335
98 238 336 32 282 314
98 238 336 128 214 342
32 282 314 128 214 342
143 201 344 16 291 307
76 254 330 90 244 334
18 290 308 52 270 322
39 278 317 86 247 333
153 192 345 27 285 312
142 202 344 106 232 338
44 275 319 121 220 341
1 299 300 20 289 309
63 263 326 3 298 301
97 239 336 69 259 328
97 239 336 141 203 344
97 239 336 49 272 321
69 259 328 141 203 344
69 259 328 49 272 321
141 203 344 49 272 321
133 210 343 93 242 335
133 210 343 5 297 302
93 242 335 5 297 302
60 265 325 115 225 340
110 229 339 151 194 345
101 236 337 29 284 313
72 257 329 7 296 303
120 221 341 9 295 304
75 255 330 150 195 345
140 204 344 36 280 316
11 294 305 171 175 346
170 176 346 46 274 320
169 177 346 54 269 323
64 280 316 160 196 344
167 179 346 31 283 314
78 253 331 13 293 306
166 180 346 114 226 340
165 181 346 109 230 339
51 271 322 119 222 341
100 237 337 92 243 335
100 237 337 148 197 345
100 237 337 15 292 307
92 243 335 148 197 345
92 243 335 15 292 307
148 197 345 15 292 307
38 279 317 163 183 346
43 276 319 81 251 332
162 184 346 26 286 312
162 184 346 88 246 334
162 184 346 62 264 326
162 184 346 104 234 338
162 184 346 138 206 344
26 286 312 88 246 334
26 286 312 62 264 326
26 286 312 104 234 338
26 286 312 138 206 344
88 246 334 62 264 326
88 246 334 104 234 338
88 246 334 138 206 344
62 264 326 104 234 338
62 264 326 138 206 344
104 234 338 138 206 344
165 209 341 99 275 319
33 282 315 147 198 345
59 266 325 161 185 346
74 256 330 160 186 346
146 199 345 19 290 309
108 231 339 84 249 333
2 299 301 77 254 331
158 188 346 4 298 302
50 278 318 30 298 302
35 281 316 91 244 335
145 200 345 45 275 320
123 219 342 6 297 303
122 249 332 108 263 326
157 189 346 129 214 343
8 296 304 136 208 344
112 228 340 80 252 332
30 284 314 156 190 346
64 263 327 107 232 339
64 263 327 23 288 311
64 263 327 67 261 328
107 232 339 23 288 311
107 232 339 67 261 328
23 288 311 67 261 328
70 259 329 61 265 326
70 259 329 155 191 346
61 265 326 155 191 346
128 215 343 37 280 317
143 202 345 73 257 330
143 202 345 58 267 325
143 202 345 83 250 333
73 257 330 58 267 325
73 257 330 83 250 333
58 267 325 83 250 333
14 293 307 98 239 337
154 192 346 94 242 336
25 287 312 32 283 315
1 205 347 125 149 353
116 225 341 55 269 324
116 225 341 111 229 340
116 225 341 76 255 331
55 269 324 111 229 340
55 269 324 76 255 331
111 229 340 76 255 331
106 233 339 121 221 342
94 186 350 46 210 346
60 292 308 100 252 332
152 194 346 86 248 334
120 164 352 64 200 348
52 271 323 79 253 332
39 279 318 18 291 309
126 151 353 21 206 347
63 264 327 93 243 336
110 230 340 20 290 310
69 260 329 1 300 301
3 299 302 101 237 338
3 299 302 126 217 343
3 299 302 49 273 322
3 299 302 173 174 347
3 299 302 82 251 333
101 237 338 126 217 343
101 237 338 49 273 322
101 237 338 173 174 347
101 237 338 82 251 333
126 217 343 49 273 322
126 217 343 173 174 347
126 217 343 82 251 333
49 273 322 173 174 347
49 273 322 82 251 333
173 174 347 82 251 333
150 196 346 60 266 326
170 177 347 5 298 303
72 258 330 120 222 342
29 285 314 89 246 335
7 297 304 168 179 347
167 180 347 57 268 325
9 296 305 75 256 331
166 181 347 22 289 311
166 181 347 149 197 346
166 181 347 41 278 319
22 289 311 149 197 346
22 289 311 41 278 319
149 197 346 41 278 319
11 295 306 139 206 345
11 295 306 85 249 334
11 295 306 46 275 321
139 206 345 85 249 334
139 206 345 46 275 321
85 249 334 46 275 321
148 198 346 78 254 332
14 185 351 91 155 354
109 231 340 31 284 315
119 223 342 13 294 307
131 213 344 96 241 337
147 199 346 161 186 347
15 208 347 117 160 353
65 263 328 160 187 347
65 263 328 43 277 320
65 263 328 88 247 335
160 187 347 43 277 320
160 187 347 88 247 335
43 277 320 88 247 335
68 261 329 124 219 343
146 200 346 130 214 344
17 292 309 33 283 316
17 292 309 113 228 341
17 292 309 159 188 347
33 283 316 113 228 341
33 283 316 159 188 347
113 228 341 159 188 347
118 224 342 48 274 322
19 291 310 145 201 346
157 190 347 95 242 337
123 220 343 77 255 332
136 209 345 40 279 319
136 209 345 129 215 344
136 209 345 91 245 336
40 279 319 129 215 344
40 279 319 91 245 336
129 215 344 91 245 336
156 191 347 53 271 324
156 191 347 103 236 339
156 191 347 4 299 303
53 271 324 103 236 339
53 271 324 4 299 303
103 236 339 4 299 303
6 298 304 144 202 346
56 300 302 148 210 344
175 271 317 205 233 329
80 253 333 8 297 305
80 253 333 155 192 347
80 253 333 87 248 335
8 297 305 155 192 347
8 297 305 87 248 335
155 192 347 87 248 335
8 249 335 125 192 349
30 285 315 135 210 345
122 221 343 143 203 346
122 221 343 154 193 347
122 221 343 67 262 329
143 203 346 154 193 347
143 203 346 67 262 329
154 193 347 67 262 329
64 264 328 128 216 344
150 278 316 190 228 334
53 210 347 87 193 350
42 278 320 98 240 338
153 194 347 37 281 318
153 194 347 94 243 337
153 194 347 73 258 331
37 281 318 94 243 337
37 281 318 73 258 331
94 243 337 73 258 331
14 294 308 142 204 346
14 294 308 116 226 342
142 204 346 116 226 342
111 230 341 134 211 345
76 256 332 32 284 316
25 288 313 152 195 347
134 159 353 54 211 347
86 249 335 141 205 346
173 175 348 133 212 345
172 176 348 52 272 324
18 292 310 170 178 348
44 277 321 169 179 348
115 227 342 150 197 347
194 194 342 142 246 334
97 241 338 34 283 317
93 244 337 167 181 348
66 263 329 101 238 339
63 265 328 120 223 343
166 182 348 82 252 334
49 274 323 1 301 302
3 300 303 165 183 348
3 300 303 132 213 345
3 300 303 60 267 327
165 183 348 132 213 345
165 183 348 60 267 327
132 213 345 60 267 327
89 247 336 72 259 331
98 249 335 45 301 302
139 207 346 57 269 326
126 258 330 174 210 342
163 185 348 75 257 332
125 219 344 41 279 320
36 282 318 114 228 342
36 282 318 162 186 348
114 228 342 162 186 348
54 271 325 131 214 345
11 296 307 109 232 341
11 296 307 119 224 343
109 232 341 119 224 343
138 208 346 96 242 338
31 285 316 100 239 339
13 295 308 92 245 337
51 273 324 159 189 348
104 236 340 124 220 344
146 201 347 81 253 334
142 148 354 12 218 346
137 209 346 38 281 319
158 190 348 68 262 330
43 278 321 113 229 342
158 251 331 167 241 334
33 284 317 157 191 348
33 284 317 59 268 327
33 284 317 108 233 341
157 191 348 59 268 327
157 191 348 108 233 341
59 268 327 108 233 341
17 293 310 145 202 347
150 222 342 90 282 318
136 210 346 56 270 326
99 240 339 129 216 345
144 203 347 77 256 333
103 237 340 155 193 348
103 237 340 28 287 315
155 193 348 28 287 315
117 226 343 2 301 303
74 270 326 150 206 346
35 283 318 45 277 322
135 211 346 6 299 305
21 291 312 87 249 336
122 222 344 8 298 306
50 274 324 30 286 316
67 263 330 10 297 307
142 205 347 23 290 313
134 212 346 94 244 338
12 296 308 152 196 348
116 227 343 73 259 332
42 279 321 111 231 342
37 282 319 58 269 327
127 218 345 90 247 337
174 175 349 14 295 309
173 176 349 121 223 344
76 257 333 151 197 348
76 257 333 47 276 323
76 257 333 172 177 349
151 197 348 47 276 323
151 197 348 172 177 349
47 276 323 172 177 349
141 206 347 171 178 349
25 289 314 170 179 349
25 289 314 106 235 341
25 289 314 55 271 326
170 179 349 106 235 341
170 179 349 55 271 326
106 235 341 55 271 326
86 250 336 16 294 310
111 251 335 71 295 309
52 273 325 140 207 347
52 273 325 115 228 343
140 207 347 115 228 343
39 281 320 165 184 349
18 293 311 97 242 339
101 239 340 164 185 349
132 214 346 34 284 318
69 262 331 163 186 349
69 262 331 63 266 329
163 186 349 63 266 329
89 248 337 139 208 347
105 236 341 49 275 324
72 260 332 148 200 348
72 260 332 60 268 328
72 260 332 20 292 312
148 200 348 60 268 328
148 200 348 20 292 312
60 268 328 20 292 312
162 187 349 1 302 303
5 300 305 125 220 345
29 287 316 161 188 349
157 211 345 75 293 311
75 258 333 57 270 327
114 229 343 7 299 306
122 170 354 10 222 346
41 280 321 160 189 349
41 280 321 85 251 336
41 280 321 119 225 344
160 189 349 85 251 336
160 189 349 119 225 344
85 251 336 119 225 344
22 291 313 138 209 347
22 291 313 9 298 307
22 291 313 109 233 342
138 209 347 9 298 307
138 209 347 109 233 342
9 298 307 109 233 342
78 256 334 54 272 326
146 202 348 92 246 338
158 191 349 31 286 317
104 237 341 13 296 309
24 290 314 130 216 346
81 254 335 51 274 325
157 192 349 88 249 337
227 246 320 202 285 304
65 265 330 15 295 310
43 279 322 62 267 329
156 193 349 71 261 332
136 211 347 59 269 328
123 222 345 33 285 318
17 294 311 129 217 346
17 294 311 74 259 333
129 217 346 74 259 333
144 204 348 48 276 324
144 204 348 84 252 336
48 276 324 84 252 336
99 241 340 95 244 339
77 257 334 91 247 338
77 257 334 103 238 341
91 247 338 103 238 341
19 293 312 117 227 344
19 293 312 112 231 343
117 227 344 112 231 343
135 212 347 143 205 348
128 218 346 2 302 304
87 250 337 45 278 323
87 250 337 107 235 342
87 250 337 122 223 345
45 278 323 107 235 342
45 278 323 122 223 345
107 235 342 122 223 345
35 284 319 4 301 305
134 198 350 2 266 330
152 197 349 8 299 307
194 269 318 214 243 326
50 275 325 175 175 350
64 266 330 174 176 350
53 268 329 4 287 317
30 287 317 173 177 350
10 298 308 70 262 332
10 298 308 172 178 350
10 298 308 98 242 340
70 262 332 172 178 350
70 262 332 98 242 340
172 178 350 98 242 340
94 245 339 171 179 350
111 232 343 83 253 336
23 291 314 102 239 341
23 291 314 151 198 349
23 291 314 127 219 346
102 239 341 151 198 349
102 239 341 127 219 346
151 198 349 127 219 346
12 297 309 141 207 348
90 248 338 42 280 322
90 248 338 58 270 328
90 248 338 168 182 350
42 280 322 58 270 328
42 280 322 168 182 350
58 270 328 168 182 350
106 236 342 76 258 334
166 184 350 14 296 310
25 290 315 165 185 350
99 285 318 174 207 345
164 186 350 126 220 346
16 295 311 115 229 344
16 295 311 79 256 335
16 295 311 149 200 349
115 229 344 79 256 335
115 229 344 149 200 349
79 256 335 149 200 349
163 187 350 110 233 343
97 243 340 132 215 347
39 282 321 93 246 339
44 279 323 139 209 348
44 279 323 27 289 316
44 279 323 148 201 349
139 209 348 27 289 316
139 209 348 148 201 349
27 289 316 148 201 349
66 265 331 34 285 319
66 265 331 161 189 350
34 285 319 161 189 350
105 237 342 63 267 330
119 135 358 42 181 355
60 269 329 49 276 325
150 155 355 25 230 345
131 216 347 1 303 304
119 226 345 5 301 306
119 226 345 159 191 350
119 226 345 75 259 334
5 301 306 159 191 350
5 301 306 75 259 334
159 191 350 75 259 334
57 271 328 29 288 317
98 256 335 56 302 305
7 300 307 85 252 337
41 281 322 146 203 349
36 284 320 96 244 340
46 278 324 124 222 346
92 247 339 137 211 348
157 193 350 130 217 347
13 297 310 118 227 345
24 291 315 81 255 336
136 212 348 68 264 332
144 205 349 15 296 311
123 250 337 157 218 345
123 223 346 129 218 347
123 223 346 71 262 333
123 223 346 38 283 321
129 218 347 71 262 333
129 218 347 38 283 321
71 262 333 38 283 321
74 260 334 154 196 350
74 260 334 26 290 316
154 196 350 26 290 316
33 286 319 99 242 341
48 277 325 17 295 312
135 213 348 117 228 345
112 232 344 56 272 328
77 258 335 153 197 350
28 289 317 107 236 343
40 282 322 152 198 350
87 251 338 173 178 351
87 251 338 53 274 327
87 251 338 142 207 349
173 178 351 53 274 327
173 178 351 142 207 349
53 274 327 142 207 349
3 265 332 20 263 333
45 279 324 171 180 351
134 214 348 4 302 306
169 182 351 21 293 314
169 182 351 6 301 307
21 293 314 6 301 307
127 220 347 67 265 332
141 208 349 64 267 331
141 208 349 111 233 344
141 208 349 167 184 351
64 267 331 111 233 344
64 267 331 167 184 351
111 233 344 167 184 351
50 276 326 94 246 340
30 288 318 102 240 342
61 269 330 166 185 351
61 269 330 10 299 309
61 269 330 121 225 346
166 185 351 10 299 309
166 185 351 121 225 346
10 299 309 121 225 346
23 292 315 133 215 348
90 249 339 165 186 351
42 281 323 106 237 343
37 284 321 164 187 351
140 209 349 76 259 335
100 157 358 38 188 355
14 297 311 126 221 347
120 226 346 110 234 344
120 259 334 125 254 336
161 190 351 139 210 349
93 247 340 52 275 327
27 290 317 18 295 313
27 290 317 125 222 347
27 290 317 82 255 337
27 290 317 105 238 343
27 290 317 147 203 350
18 295 313 125 222 347
18 295 313 82 255 337
18 295 313 105 238 343
18 295 313 147 203 350
125 222 347 82 255 337
125 222 347 105 238 343
125 222 347 147 203 350
82 255 337 105 238 343
82 255 337 147 203 350
105 238 343 147 203 350
69 264 333 159 192 351
131 217 348 63 268 331
97 301 307 133 251 337
49 277 326 119 227 346
146 204 350 20 294 314
1 304 305 109 235 344
186 207 345 150 243 339
5 302 307 85 253 338
157 194 351 29 289 318
7 301 308 137 212 349
7 301 308 124 223 347
137 212 349 124 223 347
130 218 348 100 242 342
36 285 321 156 195 351
36 285 321 9 300 309
156 195 351 9 300 309
31 288 319 136 213 349
31 288 319 88 251 339
31 288 319 81 256 337
136 213 349 88 251 339
136 213 349 81 256 337
88 251 339 81 256 337
108 236 344 24 292 316
51 276 327 129 219 348
68 265 333 65 267 332
62 269 331 71 263 334
99 243 342 153 198 351
74 261 335 59 271 330
74 261 335 95 246 341
74 261 335 135 214 349
59 271 330 95 246 341
59 271 330 135 214 349
95 246 341 135 214 349
26 291 317 117 229 346
175 177 352 112 233 345
175 177 352 33 287 320
175 177 352 103 240 343
112 233 345 33 287 320
112 233 345 103 240 343
33 287 320 103 240 343
125 143 359 41 193 355
48 278 326 174 178 352
17 296 313 173 179 352
172 180 352 128 220 348
77 259 336 171 181 352
77 259 336 56 273 329
77 259 336 152 199 351
171 181 352 56 273 329
171 181 352 152 199 351
56 273 329 152 199 351
142 208 350 170 182 352
169 183 352 107 237 344
134 215 349 19 295 314
186 284 313 199 262 324
167 185 352 80 257 337
167 185 352 40 283 323
167 185 352 53 275 328
80 257 337 40 283 323
80 257 337 53 275 328
40 283 323 53 275 328
2 304 306 166 186 352
35 286 321 141 209 350
127 221 348 4 303 307
111 234 345 21 294 315
111 234 345 150 201 351
21 294 315 150 201 351
98 244 342 6 302 308
121 226 347 94 247 341
102 241 343 67 266 333
164 188 352 64 268 332
133 216 349 8 301 309
50 277 327 83 255 338
30 289 319 61 270 331
90 250 340 140 210 350
90 250 340 10 300 310
140 210 350 10 300 310
162 190 352 58 272 330
22 256 338 118 206 352
42 282 324 126 222 348
148 203 351 132 217 349
47 279 326 86 253 339
180 190 350 70 300 310
55 274 329 139 211 350
32 288 320 160 192 352
159 193 352 16 297 313
159 193 352 93 248 341
16 297 313 93 248 341
114 285 321 174 219 345
158 194 352 82 256 338
89 251 340 44 281 325
27 291 318 66 267 333
114 232 346 18 296 314
146 205 351 69 265 334
119 228 347 63 269 332
72 263 335 157 195 352
60 271 331 109 236 345
124 224 348 156 196 352
130 219 349 145 206 351
130 219 349 1 305 306
130 219 349 85 254 339
145 206 351 1 305 306
145 206 351 85 254 339
1 305 306 85 254 339
13 250 341 134 187 355
5 303 308 100 243 343
7 302 309 78 259 337
41 283 324 92 249 341
133 255 337 153 235 343
113 233 346 118 229 347
22 294 316 36 286 322
9 301 310 54 275 329
136 214 350 46 280 326
11 300 311 129 220 349
123 225 348 108 237 345
153 199 352 24 293 317
153 199 352 51 277 328
153 199 352 143 208 351
153 199 352 176 177 353
153 199 352 13 299 312
24 293 317 51 277 328
24 293 317 143 208 351
24 293 317 176 177 353
24 293 317 13 299 312
51 277 328 143 208 351
51 277 328 176 177 353
51 277 328 13 299 312
143 208 351 176 177 353
143 208 351 13 299 312
176 177 353 13 299 312
192 222 342 138 288 318
100 202 354 46 230 348
65 268 333 173 180 353
15 200 355 125 145 360
38 285 323 117 230 347
38 285 323 43 282 325
38 285 323 170 183 353
38 285 323 95 247 342
38 285 323 15 298 313
117 230 347 43 282 325
117 230 347 170 183 353
117 230 347 95 247 342
117 230 347 15 298 313
43 282 325 170 183 353
43 282 325 95 247 342
43 282 325 15 298 313
170 183 353 95 247 342
170 183 353 15 298 313
95 247 342 15 298 313
133 295 313 197 215 343
112 234 346 74 262 336
59 272 331 169 184 353
59 272 331 103 241 344
59 272 331 128 221 349
169 184 353 103 241 344
169 184 353 128 221 349
103 241 344 128 221 349
26 292 318 122 226 348
48 279 327 33 288 321
167 186 353 17 297 314
56 274 330 134 216 350
60 279 327 129 225 348
188 200 348 120 268 332
165 188 353 87 253 340
80 258 338 150 202 352
116 231 347 164 189 353
116 231 347 28 291 319
116 231 347 53 276 329
164 189 353 28 291 319
164 189 353 53 276 329
28 291 319 53 276 329
45 281 326 111 235 346
133 217 350 35 287 322
133 217 350 2 305 307
133 217 350 163 190 353
133 217 350 98 245 343
35 287 322 2 305 307
35 287 322 163 190 353
35 287 322 98 245 343
2 305 307 163 190 353
2 305 307 98 245 343
163 190 353 98 245 343
94 248 342 102 242 344
21 295 316 140 211 351
67 267 334 162 191 353
83 256 339 64 269 333
50 278 328 8 302 310
106 239 345 90 251 341
161 192 353 73 263 336
58 273 331 23 294 317
160 193 353 115 232 347
76 261 337 139 212 351
120 228 348 12 300 312
110 236 346 86 254 340
47 280 327 147 205 352
98 274 330 174 202 350
14 299 313 79 259 338
32 289 321 101 243 344
25 293 318 158 195 353
93 249 342 138 213 351
16 298 314 146 206 352
55 236 347 100 211 353
52 277 329 157 196 353
81 283 325 95 269 333
82 257 339 114 233 347
89 252 341 119 229 348
44 282 326 66 268 334
27 292 319 156 197 353
18 297 315 63 270 333
109 237 346 137 214 351
75 262 337 155 198 353
20 296 316 100 244 344
57 274 331 1 306 307
136 215 351 104 241 345
136 215 351 29 291 320
136 215 351 5 304 309
104 241 345 29 291 320
104 241 345 5 304 309
29 291 320 5 304 309
78 260 338 92 250 342
78 260 338 118 230 348
92 250 342 118 230 348
129 221 350 175 179 354
174 180 354 54 276 330
9 302 311 123 226 349
9 302 311 46 281 327
9 302 311 173 181 354
123 226 349 46 281 327
123 226 349 173 181 354
46 281 327 173 181 354
172 182 354 108 238 346
143 209 352 88 253 341
171 183 354 81 258 339
160 191 354 16 290 321
31 290 321 169 185 354
83 251 342 127 218 351
168 186 354 24 294 318
68 267 335 13 300 313
99 245 344 71 265 336
128 222 350 142 210 352
167 187 354 62 271 333
112 235 347 95 248 343
122 227 349 74 263 337
122 227 349 43 283 326
122 227 349 151 202 353
74 263 337 43 283 326
74 263 337 151 202 353
43 283 326 151 202 353
166 188 354 38 286 324
45 299 314 145 214 351
134 217 351 91 251 342
26 293 319 107 239 346
33 289 322 77 261 338
17 298 315 150 203 353
163 191 354 87 254 341
19 297 316 121 228 349
19 297 316 111 236 347
19 297 316 149 204 353
121 228 349 111 236 347
121 228 349 149 204 353
111 236 347 149 204 353
28 292 320 140 212 352
45 282 327 102 243 345
161 193 354 94 249 343
5 245 345 105 205 355
67 268 335 83 257 340
67 268 335 148 205 353
83 257 340 148 205 353
70 266 336 106 240 346
70 266 336 160 194 354
70 266 336 126 224 350
70 266 336 6 304 310
70 266 336 64 270 334
106 240 346 160 194 354
106 240 346 126 224 350
106 240 346 6 304 310
106 240 346 64 270 334
160 194 354 126 224 350
160 194 354 6 304 310
160 194 354 64 270 334
126 224 350 6 304 310
126 224 350 64 270 334
6 304 310 64 270 334
73 264 337 8 303 311
73 264 337 139 213 352
73 264 337 61 272 333
8 303 311 139 213 352
8 303 311 61 272 333
139 213 352 61 272 333
30 291 321 159 195 354
76 262 338 58 274 332
23 295 318 110 237 347
171 294 312 213 234 336
158 196 354 42 284 326
37 287 324 12 301 313
97 247 344 47 281 328
101 244 345 79 260 339
101 244 345 131 220 351
101 244 345 55 276 331
79 260 339 131 220 351
79 260 339 55 276 331
131 220 351 55 276 331
83 305 309 109 267 335
146 207 353 157 197 354
25 294 319 105 241 346
116 296 316 164 236 344
156 198 354 114 234 348
52 278 330 82 258 340
137 215 352 145 208 353
155 199 354 130 221 351
155 199 354 66 269 335
155 199 354 39 286 325
130 221 351 66 269 335
130 221 351 39 286 325
66 269 335 39 286 325
27 293 320 72 265 337
177 178 355 75 263 338
49 280 329 176 179 355
49 280 329 85 256 341
176 179 355 85 256 341
100 245 345 175 180 355
136 216 352 96 248 344
113 235 348 20 297 317
113 235 348 172 183 355
113 235 348 57 275 332
20 297 317 172 183 355
20 297 317 57 275 332
172 183 355 57 275 332
30 216 354 114 174 360
92 251 343 1 307 308
153 201 354 129 222 351
153 201 354 3 306 309
153 201 354 78 261 339
129 222 351 3 306 309
129 222 351 78 261 339
3 306 309 78 261 339
170 185 355 5 305 310
143 210 353 123 227 350
169 186 355 41 285 326
168 187 355 135 217 352
22 296 318 88 254 342
22 296 318 152 202 354
22 296 318 46 282 328
88 254 342 152 202 354
88 254 342 46 282 328
152 202 354 46 282 328
191 209 348 124 281 327
11 302 313 142 211 353
162 232 346 146 248 342
117 232 349 128 223 351
151 203 354 31 291 322
51 279 330 99 246 345
68 268 336 112 236 348
65 270 335 165 190 355
24 295 319 95 249 344
71 266 337 13 301 314
191 205 349 145 251 341
62 272 334 134 218 352
18 236 349 93 206 356
150 236 346 116 270 334
91 252 343 141 212 353
91 252 343 43 284 327
141 212 353 43 284 327
163 192 355 107 240 347
84 111 365 15 141 364
71 239 348 127 201 356
48 281 329 127 224 351
33 290 323 162 193 355
116 233 349 17 299 316
175 283 321 185 267 329
161 194 355 121 229 350
53 278 331 19 298 317
148 206 354 102 244 346
40 286 326 94 250 344
35 289 324 159 196 355
106 241 347 139 214 353
152 230 348 100 282 328
83 258 341 2 307 309
70 267 337 90 253 343
21 297 318 147 207 354
6 305 311 115 234 349
158 197 355 73 265 338
50 280 330 120 230 350
110 238 348 30 292 322
138 215 353 58 275 333
138 215 353 157 198 355
138 215 353 10 303 313
58 275 333 157 198 355
58 275 333 10 303 313
157 198 355 10 303 313
86 256 342 146 208 354
23 296 319 131 221 352
37 288 325 97 248 345
156 199 355 79 261 340
114 235 349 145 209 354
114 235 349 119 231 350
114 235 349 14 301 315
145 209 354 119 231 350
145 209 354 14 301 315
119 231 350 14 301 315
137 216 353 32 291 323
155 200 355 25 295 320
82 259 341 89 254 343
128 295 318 178 232 345
219 225 339 171 285 321
109 239 348 52 279 331
109 239 348 177 179 356
109 239 348 124 227 351
52 279 331 177 179 356
52 279 331 124 227 351
177 179 356 124 227 351
176 180 356 16 300 316
144 210 354 66 270 336
69 268 337 173 183 356
44 284 328 172 184 356
100 246 346 60 274 334
100 246 346 34 290 324
100 246 346 170 186 356
60 274 334 34 290 324
60 274 334 170 186 356
34 290 324 170 186 356
85 257 342 153 202 355
75 264 339 96 249 345
169 187 356 113 236 349
129 223 352 104 243 347
92 252 344 168 188 356
57 276 333 123 228 351
20 298 318 78 262 340
167 189 356 1 308 309
135 218 353 3 307 310
7 305 312 88 255 343
142 212 354 54 278 332
56 166 363 21 176 362
36 289 325 151 204 355
36 289 325 165 191 356
36 289 325 81 260 341
151 204 355 165 191 356
151 204 355 81 260 341
165 191 356 81 260 341
97 132 365 20 167 363
11 303 314 134 219 353
11 303 314 99 247 346
11 303 314 122 229 351
134 219 353 99 247 346
134 219 353 122 229 351
99 247 346 122 229 351
95 250 345 150 205 355
68 269 337 163 193 356
68 269 337 31 292 323
68 269 337 103 244 347
163 193 356 31 292 323
163 193 356 103 244 347
31 292 323 103 244 347
65 271 336 51 280 331
13 302 315 62 273 335
43 285 328 127 225 352
149 206 355 59 275 334
15 301 316 161 195 356
133 220 353 77 263 340
140 214 354 116 234 350
121 230 351 26 295 321
56 277 333 87 256 343
148 207 355 17 300 317
139 215 354 94 251 345
53 279 332 132 221 353
52 244 348 108 212 356
147 208 355 40 287 327
158 198 356 28 294 322
158 198 356 106 242 348
28 294 322 106 242 348
115 235 350 35 290 325
70 268 338 2 308 310
157 199 356 4 307 311
21 298 319 73 266 339
6 306 312 138 216 354
61 274 335 146 209 355
61 274 335 50 281 331
61 274 335 110 239 349
146 209 355 50 281 331
146 209 355 110 239 349
50 281 331 110 239 349
8 305 313 125 227 352
156 200 356 76 264 340
97 249 346 101 246 347
75 307 311 107 265 339
67 305 313 157 215 353
79 262 341 37 289 326
137 217 354 178 179 357
93 252 345 105 243 348
93 252 345 12 303 315
93 252 345 177 180 357
105 243 348 12 303 315
105 243 348 177 180 357
12 303 315 177 180 357
176 181 357 119 232 351
175 182 357 47 283 330
175 182 357 55 278 333
47 283 330 55 278 333
131 178 361 46 229 353
154 202 356 14 302 316
32 292 324 124 228 352
109 240 349 89 255 344
109 240 349 144 211 355
109 240 349 25 296 321
89 255 344 144 211 355
89 255 344 25 296 321
144 211 355 25 296 321
97 147 365 43 175 363
169 188 357 153 203 356
66 271 337 69 269 338
168 189 357 63 273 336
168 189 357 72 267 339
168 189 357 39 288 327
63 273 336 72 267 339
63 273 336 39 288 327
72 267 339 39 288 327
143 212 355 100 247 347
85 258 343 113 237 350
85 258 343 167 190 357
85 258 343 27 295 322
113 237 350 167 190 357
113 237 350 27 295 322
167 190 357 27 295 322
75 265 340 60 275 335
152 204 356 104 244 348
109 295 321 185 211 351
166 191 357 49 282 331
191 196 353 103 284 329
57 277 334 78 263 341
151 205 356 20 299 319
159 174 360 96 225 354
164 193 357 3 308 311
5 307 312 128 225 353
17 219 356 67 204 359
117 234 351 81 261 342
117 234 351 54 279 333
81 261 342 54 279 333
163 194 357 7 306 313
36 290 326 46 284 330
36 290 326 134 220 354
36 290 326 150 206 356
46 284 330 134 220 354
46 284 330 150 206 356
134 220 354 150 206 356
112 238 350 22 298 320
112 238 350 122 230 352
22 298 320 122 230 352
9 305 314 141 214 355
31 293 324 149 207 356
31 293 324 51 281 332
31 293 324 161 196 357
31 293 324 84 259 343
31 293 324 71 268 339
149 207 356 51 281 332
149 207 356 161 196 357
149 207 356 84 259 343
149 207 356 71 268 339
51 281 332 161 196 357
51 281 332 84 259 343
51 281 332 71 268 339
161 196 357 84 259 343
161 196 357 71 268 339
84 259 343 71 268 339
107 242 349 127 226 353
116 235 351 59 276 335
77 264 341 121 231 352
87 257 344 48 283 331
56 278 334 26 296 322
120 206 358 10 258 344
98 249 347 158 199 357
98 249 347 126 227 353
98 249 347 17 301 318
158 199 357 126 227 353
158 199 357 17 301 318
126 227 353 17 301 318
102 246 348 132 222 354
157 200 357 53 280 333
11 229 354 81 206 359
115 236 351 19 300 319
120 232 352 40 288 328
183 201 354 114 267 339
28 295 323 83 260 343
45 285 330 90 255 345
70 269 339 35 291 326
2 309 311 131 223 354
125 228 353 73 267 340
123 181 362 6 233 353
21 299 320 61 275 336
178 180 358 50 282 332
177 181 358 6 307 313
155 202 357 175 183 358
58 233 353 157 163 362
145 211 356 76 265 341
8 306 314 174 184 358
8 306 314 86 258 344
174 184 358 86 258 344
137 218 355 173 185 358
137 218 355 97 250 347
137 218 355 58 277 335
173 185 358 97 250 347
173 185 358 58 277 335
97 250 347 58 277 335
59 261 343 157 189 359
79 263 342 93 253 346
79 263 342 42 287 329
79 263 342 23 298 321
79 263 342 171 187 358
79 263 342 154 203 357
93 253 346 42 287 329
93 253 346 23 298 321
93 253 346 171 187 358
93 253 346 154 203 357
42 287 329 23 298 321
42 287 329 171 187 358
42 287 329 154 203 357
23 298 321 171 187 358
23 298 321 154 203 357
171 187 358 154 203 357
144 212 356 12 304 316
124 229 353 47 284 331
160 206 356 50 304 316
136 219 355 89 256 345
82 261 343 14 303 317
143 213 356 52 281 333
69 270 339 129 225 354
118 234 352 66 272 338
118 234 352 16 302 318
118 234 352 166 192 358
66 272 338 16 302 318
66 272 338 166 192 358
16 302 318 166 192 358
72 268 340 100 248 348
63 274 337 113 238 351
39 289 328 96 251 347
165 193 358 123 230 353
85 259 344 104 245 349
151 206 357 18 301 319
200 230 345 150 295 320
164 194 358 92 254 346
164 194 358 34 292 326
164 194 358 142 214 356
92 254 346 34 292 326
92 254 346 142 214 356
34 292 326 142 214 356
163 195 358 57 278 335
88 257 345 117 235 352
1 310 311 134 221 355
141 215 356 29 295 324
122 231 353 81 262 343
41 288 329 112 239 351
161 197 358 7 307 314
99 249 348 36 291 327
103 246 349 22 299 321
84 260 344 140 216 356
65 273 338 107 243 350
65 273 338 133 222 355
107 243 350 133 222 355
11 305 316 71 269 340
31 294 325 91 255 346
74 267 341 159 199 358
13 304 317 121 232 353
77 265 342 43 287 330
125 250 347 95 278 335
38 290 328 158 200 358
15 303 318 147 210 357
15 303 318 87 258 345
147 210 357 87 258 345
33 293 326 26 297 323
33 293 326 102 247 349
33 293 326 157 201 358
26 297 323 102 247 349
26 297 323 157 201 358
102 247 349 157 201 358
94 253 347 17 302 319
25 183 364 111 140 367
132 205 359 15 268 341
120 233 353 115 237 352
40 281 334 160 194 359
156 202 358 138 218 356
53 281 334 178 181 359
83 261 344 176 183 359
134 210 358 50 266 342
131 224 355 175 184 359
131 224 355 40 289 329
131 224 355 19 301 320
175 184 359 40 289 329
175 184 359 19 301 320
40 289 329 19 301 320
174 185 359 45 286 331
174 185 359 125 229 354
174 185 359 110 241 351
45 286 331 125 229 354
45 286 331 110 241 351
125 229 354 110 241 351
35 292 327 145 212 357
172 187 359 73 268 341
137 219 356 171 188 359
137 219 356 4 309 313
137 219 356 61 276 337
171 188 359 4 309 313
171 188 359 61 276 337
4 309 313 61 276 337
6 308 314 76 266 342
6 308 314 154 204 358
76 266 342 154 204 358
86 259 345 170 189 359
58 278 336 114 238 352
105 245 350 130 225 355
105 245 350 30 295 325
130 225 355 30 295 325
58 241 352 143 184 362
79 264 343 168 191 359
10 306 316 124 230 354
37 291 328 167 192 359
67 177 365 5 193 363
12 305 317 47 285 332
89 257 346 166 193 359
82 262 344 152 206 358
14 304 318 32 294 326
165 194 359 129 226 355
25 298 323 118 235 353
100 249 349 135 221 356
100 249 349 69 271 340
100 249 349 164 195 359
135 221 356 69 271 340
135 221 356 164 195 359
69 271 340 164 195 359
66 273 339 123 231 354
16 303 319 72 269 341
63 275 338 142 215 357
44 287 331 163 196 359
62 145 368 2 160 367
92 255 347 60 277 337
108 243 351 27 297 324
150 208 358 18 302 320
34 293 327 162 197 359
57 279 336 141 216 357
75 239 353 135 197 361
122 232 354 88 258 346
1 311 312 81 263 344
160 199 359 29 296 325
54 281 335 99 250 349
54 281 335 41 289 330
54 281 335 5 309 314
99 250 349 41 289 330
99 250 349 5 309 314
41 289 330 5 309 314
83 160 367 125 127 368
140 217 357 7 308 315
140 217 357 95 253 348
140 217 357 127 228 355
7 308 315 95 253 348
7 308 315 127 228 355
95 253 348 127 228 355
89 277 337 139 233 353
22 300 322 148 210 358
107 244 351 9 307 316
65 274 339 71 270 341
51 283 334 158 201 359
51 283 334 11 306 317
51 283 334 121 233 354
158 201 359 11 306 317
158 201 359 121 233 354
11 306 317 121 233 354
74 268 342 62 276 338
147 211 358 139 218 357
111 241 352 24 299 323
157 202 359 77 266 343
157 202 359 59 278 337
77 266 343 59 278 337
38 291 329 87 259 346
15 304 319 179 181 360
102 248 350 178 182 360
177 183 360 48 285 333
176 184 360 56 280 336
176 184 360 80 264 344
56 280 336 80 264 344
33 294 327 138 219 357
94 254 348 26 298 324
142 230 354 110 258 346
120 234 354 174 186 360
131 161 366 14 219 359
17 303 320 173 187 360
155 204 359 131 225 356
90 257 347 145 213 358
90 257 347 53 282 335
90 257 347 83 262 345
145 213 358 53 282 335
145 213 358 83 262 345
53 282 335 83 262 345
145 165 365 15 235 355
40 290 330 170 190 360
45 287 332 67 273 340
45 287 332 137 220 357
45 287 332 28 297 325
67 273 340 137 220 357
67 273 340 28 297 325
137 220 357 28 297 325
154 205 359 70 271 341
185 245 345 145 305 315
64 275 339 169 191 360
61 277 338 2 311 313
119 235 354 101 249 350
4 310 314 130 226 356
4 310 314 86 260 346
4 310 314 50 284 334
130 226 356 86 260 346
130 226 356 50 284 334
86 260 346 50 284 334
76 267 343 97 252 349
114 239 353 153 206 359
114 239 353 21 301 322
153 206 359 21 301 322
105 246 351 6 309 315
166 194 360 30 296 326
152 207 359 109 243 352
10 307 317 143 215 358
129 214 359 59 261 346
89 258 347 47 286 333
113 240 353 123 232 355
113 240 353 163 197 360
113 240 353 32 295 327
123 232 355 163 197 360
123 232 355 32 295 327
163 197 360 32 295 327
104 247 351 96 253 349
104 247 351 69 272 341
96 253 349 69 272 341
72 270 342 162 198 360
85 261 346 150 209 359
44 288 332 108 244 352
44 288 332 128 228 356
44 288 332 92 256 348
108 244 352 128 228 356
108 244 352 92 256 348
128 228 356 92 256 348
141 217 358 134 223 357
123 161 367 7 213 361
117 237 354 18 303 321
78 266 344 34 294 328
49 285 334 149 210 359
88 259 347 112 241 353
81 264 345 159 201 360
20 302 322 140 218 358
127 229 356 148 211 359
133 224 357 1 312 313
133 224 357 103 248 351
1 312 313 103 248 351
29 297 326 3 311 314
95 254 349 41 290 331
125 173 366 30 223 359
36 293 329 7 309 316
116 238 354 84 262 346
147 212 359 68 273 341
147 212 359 91 257 348
147 212 359 9 308 317
68 273 341 91 257 348
68 273 341 9 308 317
91 257 348 9 308 317
71 271 342 139 219 358
180 181 361 51 284 335
179 182 361 74 269 343
178 183 361 62 277 339
178 183 361 11 307 318
178 183 361 111 242 353
62 277 339 11 307 318
62 277 339 111 242 353
11 307 318 111 242 353
190 301 313 226 245 337
31 296 327 177 184 361
144 165 366 66 219 360
92 294 328 168 218 356
156 204 360 24 300 324
146 213 359 59 279 338
146 213 359 174 187 361
146 213 359 13 306 319
59 279 338 174 187 361
59 279 338 13 306 319
174 187 361 13 306 319
151 242 351 109 286 333
43 289 332 173 188 361
138 220 358 98 252 350
138 220 358 38 292 330
98 252 350 38 292 330
14 141 370 90 106 371
120 235 355 15 305 320
120 235 355 155 205 360
120 235 355 80 265 345
15 305 320 155 205 360
15 305 320 80 265 345
155 205 360 80 265 345
48 286 334 106 246 352
94 255 349 171 190 361
94 255 349 115 239 354
171 190 361 115 239 354
170 191 361 26 299 325
170 191 361 145 214 359
26 299 325 145 214 359
169 192 361 17 304 321
137 221 358 83 263 346
53 283 336 168 193 361
40 291 331 144 215 359
167 194 361 67 274 341
45 288 333 153 207 360
73 270 343 130 227 357
78 299 325 130 247 351
101 250 351 166 195 361
101 250 351 35 294 329
166 195 361 35 294 329
61 278 339 86 261 347
76 268 344 124 232 356
2 312 314 136 222 358
43 249 352 128 199 363
197 201 356 103 309 316
4 311 315 165 196 361
93 256 349 143 216 359
109 244 353 164 197 361
85 158 369 30 181 367
10 308 318 42 290 332
89 259 348 23 301 324
102 177 367 3 213 362
135 223 358 55 282 337
135 223 358 118 237 355
135 223 358 37 293 330
55 282 337 118 237 355
55 282 337 37 293 330
118 237 355 37 293 330
47 287 334 142 217 359
12 307 319 123 233 356
113 241 354 162 199 361
32 296 328 104 248 352
14 306 320 96 254 350
163 210 359 75 287 334
128 229 357 72 271 343
108 245 353 63 277 340
94 125 371 49 151 370
149 211 360 75 269 344
149 211 360 160 201 361
149 211 360 16 305 321
75 269 344 160 201 361
75 269 344 16 305 321
160 201 361 16 305 321
36 214 362 94 188 366
95 285 335 115 265 345
44 289 333 39 292 331
27 299 326 159 202 361
49 286 335 34 295 329
18 304 322 112 242 354
88 260 348 148 212 360
152 228 356 108 268 344
127 230 357 133 225 358
9 283 337 123 223 359
167 185 363 15 283 337
1 313 314 181 181 362
179 183 362 29 298 327
179 183 362 54 283 337
179 183 362 107 246 353
29 298 327 54 283 337
29 298 327 107 246 353
54 283 337 107 246 353
147 213 360 3 312 315
41 291 332 157 204 361
121 235 356 5 311 316
121 235 356 139 220 359
121 235 356 116 239 355
5 311 316 139 220 359
5 311 316 116 239 355
139 220 359 116 239 355
176 186 362 46 288 334
175 187 362 7 310 317
68 274 342 22 302 324
68 274 342 132 226 358
68 274 342 174 188 362
22 302 324 132 226 358
22 302 324 174 188 362
132 226 358 174 188 362
65 276 341 156 205 361
126 231 357 9 309 318
126 231 357 111 243 354
9 309 318 111 243 354
74 270 344 146 214 360
62 278 340 172 190 362
138 221 359 171 191 362
59 280 339 24 301 325
170 192 362 102 250 352
30 246 354 150 174 366
145 215 360 115 240 355
131 227 358 106 247 353
131 227 358 38 293 331
131 227 358 169 193 362
106 247 353 38 293 331
106 247 353 169 193 362
38 293 331 169 193 362
80 266 346 94 256 350
125 232 357 48 287 335
56 282 338 168 194 362
110 244 354 26 300 326
83 264 347 153 208 361
111 279 339 141 249 351
67 275 342 165 197 362
67 275 342 70 273 343
165 197 362 70 273 343
45 289 334 114 241 355
152 209 361 136 223 359
152 209 361 73 271 344
152 209 361 19 304 323
152 209 361 64 277 341
152 209 361 101 251 352
136 223 359 73 271 344
136 223 359 19 304 323
136 223 359 64 277 341
136 223 359 101 251 352
73 271 344 19 304 323
73 271 344 64 277 341
73 271 344 101 251 352
19 304 323 64 277 341
19 304 323 101 251 352
64 277 341 101 251 352
28 299 327 124 233 357
128 268 344 152 244 352
143 217 360 105 248 353
86 262 348 164 198 362
76 269 345 61 279 340
148 256 348 192 212 356
2 313 315 93 257 350
151 210 361 109 245 354
6 311 317 58 281 339
6 311 317 79 267 346
6 311 317 129 229 358
58 281 339 79 267 346
58 281 339 129 229 358
79 267 346 129 229 358
150 157 368 38 227 360
162 200 362 8 310 318
162 200 362 142 218 360
162 200 362 30 298 328
8 310 318 142 218 360
8 310 318 30 298 328
142 218 360 30 298 328
215 243 343 175 303 317
42 291 333 123 234 357
10 309 319 150 211 361
113 242 355 82 265 347
113 242 355 55 283 338
113 242 355 23 302 325
82 265 347 55 283 338
82 265 347 23 302 325
55 283 338 23 302 325
161 201 362 37 294 331
12 308 320 100 252 352
121 135 371 61 175 369
141 219 360 96 255 351
128 230 358 160 202 362
201 206 356 114 311 316
69 274 343 14 307 321
66 276 342 108 246 354
52 285 337 85 263 348
159 203 362 63 278 341
135 145 370 30 205 365
39 293 332 148 213 361
140 220 360 60 280 340
157 282 335 183 250 347
78 268 346 158 204 362
127 231 358 181 182 363
27 300 327 180 183 363
88 261 349 49 287 336
88 261 349 179 184 363
49 287 336 179 184 363
178 185 363 18 305 323
177 186 363 57 282 339
176 187 363 99 253 352
103 250 353 157 205 362
147 214 361 81 266 347
119 157 370 7 206 365
100 311 317 164 233 355
139 221 360 95 256 351
116 240 356 20 304 324
54 284 338 156 206 362
3 313 316 132 227 359
3 313 316 41 292 333
3 313 316 172 191 363
132 227 359 41 292 333
132 227 359 172 191 363
41 292 333 172 191 363
146 215 361 91 259 350
146 215 361 46 289 335
91 259 350 46 289 335
36 295 331 111 244 355
65 277 342 22 303 325
65 277 342 155 207 362
65 277 342 170 193 363
22 303 325 155 207 362
22 303 325 170 193 363
155 207 362 170 193 363
74 271 345 9 310 319
144 236 356 76 304 324
169 194 363 62 279 341
169 194 363 51 286 337
62 279 341 51 286 337
11 309 320 145 216 361
77 269 346 31 298 329
102 251 353 87 262 349
168 195 363 120 237 357
53 265 348 172 177 365
154 208 362 98 254 352
10 202 366 102 166 370
59 281 340 115 241 356
106 248 354 24 302 326
13 308 321 167 196 363
94 257 351 43 291 334
80 267 347 137 223 360
23 253 353 163 167 367
166 197 363 153 209 362
56 283 339 144 217 361
165 198 363 33 297 330
157 213 361 73 283 339
119 238 357 17 306 323
82 302 326 158 226 358
114 242 356 124 234 358
101 252 353 67 276 343
40 293 333 73 272 345
40 293 333 163 200 363
40 293 333 97 255 352
73 272 345 163 200 363
73 272 345 97 255 352
163 200 363 97 255 352
86 263 349 151 211 362
61 280 341 35 296 331
93 258 351 162 201 363
157 241 354 101 311 318
129 230 359 109 246 355
120 184 368 16 232 360
149 311 315 179 259 345
4 313 317 79 268 347
58 282 340 150 212 362
118 239 357 161 202 363
109 158 371 14 199 367
89 261 350 30 299 329
42 292 334 82 266 348
55 284 339 141 220 361
149 213 362 23 303 326
37 295 332 100 253 353
128 231 359 47 289 336
134 226 360 104 250 354
159 204 363 12 309 321
69 275 344 85 264 349
117 240 357 72 273 345
182 182 364 52 286 338
182 182 364 122 236 358
182 182 364 14 308 322
182 182 364 148 214 362
52 286 338 122 236 358
52 286 338 14 308 322
52 286 338 148 214 362
122 236 358 14 308 322
122 236 358 148 214 362
14 308 322 148 214 362
92 259 351 181 183 364
158 205 363 25 302 327
140 221 361 179 185 364
112 244 356 176 188 364
127 232 359 16 307 323
60 281 341 175 189 364
60 281 341 44 291 335
175 189 364 44 291 335
78 269 347 157 206 363
46 265 349 146 199 365
151 197 365 53 265 349
49 288 337 27 301 328
99 254 353 103 251 354
99 254 353 34 297 331
99 254 353 139 222 361
103 251 354 34 297 331
103 251 354 139 222 361
34 297 331 139 222 361
81 267 348 156 207 363
95 257 352 107 248 355
53 188 369 131 137 372
171 193 364 116 241 357
169 195 364 111 245 356
169 195 364 84 265 349
169 195 364 91 260 351
169 195 364 29 300 329
169 195 364 1 315 316
111 245 356 84 265 349
111 245 356 91 260 351
111 245 356 29 300 329
111 245 356 1 315 316
84 265 349 91 260 351
84 265 349 29 300 329
84 265 349 1 315 316
91 260 351 29 300 329
91 260 351 1 315 316
29 300 329 1 315 316
138 223 361 3 314 317
168 196 364 68 276 344
168 196 364 36 296 332
68 276 344 36 296 332
65 278 343 145 217 362
74 272 346 22 304 326
131 229 360 9 311 320
62 280 342 120 238 358
77 270 347 98 255 353
77 270 347 115 242 357
77 270 347 87 263 350
98 255 353 115 242 357
98 255 353 87 263 350
115 242 357 87 263 350
11 310 321 106 249 355
11 310 321 125 234 359
11 310 321 31 299 330
106 249 355 125 234 359
106 249 355 31 299 330
125 234 359 31 299 330
144 218 362 94 258 352
151 169 369 39 239 359
164 200 364 56 284 340
48 289 337 152 211 363
83 266 349 119 239 358
143 219 362 33 298 331
171 173 367 3 271 347
167 177 367 57 257 353
151 212 363 17 307 324
76 295 333 108 265 349
53 286 339 101 253 354
105 250 355 70 275 345
67 277 344 97 256 353
40 294 334 86 264 350
45 291 336 129 231 360
135 226 361 19 306 325
76 271 347 28 301 329
76 271 347 161 203 364
76 271 347 109 247 356
28 301 329 161 203 364
28 301 329 109 247 356
161 203 364 109 247 356
4 177 371 84 151 373
50 177 371 105 146 373
118 240 358 50 288 338
125 210 365 15 265 350
79 269 348 123 236 359
129 133 373 67 177 371
89 262 351 141 221 362
89 262 351 6 313 319
89 262 351 149 214 363
141 221 362 6 313 319
141 221 362 149 214 363
6 313 319 149 214 363
58 314 318 162 214 362
8 312 320 128 232 360
29 217 365 125 167 371
42 293 335 182 183 365
181 184 365 104 251 355
55 285 340 180 185 365
179 186 365 10 311 321
96 257 353 37 296 333
96 257 353 23 304 327
37 296 333 23 304 327
47 290 337 178 187 365
177 188 365 148 215 363
140 222 362 12 310 322
122 237 359 117 241 358
113 313 318 142 267 347
175 190 365 85 265 350
72 274 346 66 278 344
83 305 326 151 235 358
157 207 364 133 228 361
157 207 364 52 287 339
133 228 361 52 287 339
75 272 347 25 303 328
75 272 347 127 233 360
75 272 347 63 280 343
75 272 347 112 245 357
75 272 347 173 192 365
25 303 328 127 233 360
25 303 328 63 280 343
25 303 328 112 245 357
25 303 328 173 192 365
127 233 360 63 280 343
127 233 360 112 245 357
127 233 360 173 192 365
63 280 343 112 245 357
63 280 343 173 192 365
112 245 357 173 192 365
67 241 359 131 199 367
78 270 348 60 282 342
16 308 324 156 208 364
16 308 324 44 292 336
156 208 364 44 292 336
39 295 334 171 194 365
168 230 358 118 280 342
121 238 359 49 289 338
27 302 329 146 217 363
116 242 358 34 298 332
107 249 356 132 229 361
107 249 356 81 268 349
107 249 356 57 284 341
132 229 361 81 268 349
132 229 361 57 284 341
81 268 349 57 284 341
95 258 353 18 307 325
169 196 365 155 209 364
32 197 369 127 144 373
20 306 326 84 266 350
20 306 326 154 210 364
20 306 326 54 286 340
84 266 350 154 210 364
84 266 350 54 286 340
154 210 364 54 286 340
167 198 365 145 218 363
29 301 330 41 294 335
131 230 361 5 314 319
131 230 361 166 199 365
131 230 361 71 275 346
5 314 319 166 199 365
5 314 319 71 275 346
166 199 365 71 275 346
65 279 344 120 239 359
115 243 358 22 305 327
115 243 358 102 253 355
115 243 358 137 225 362
22 305 327 102 253 355
22 305 327 137 225 362
102 253 355 137 225 362
125 235 360 165 200 365
87 264 351 144 219 363
87 264 351 9 312 321
87 264 351 51 288 339
144 219 363 9 312 321
144 219 363 51 288 339
9 312 321 51 288 339
90 245 358 50 267 350
164 201 365 31 300 331
94 259 353 11 311 322
163 202 365 13 310 323
136 226 362 38 296 334
119 240 359 56 285 341
48 290 338 90 262 352
162 203 365 83 267 350
202 261 343 189 278 337
161 204 365 105 251 356
142 221 363 97 257 354
53 287 340 17 308 325
70 276 346 150 214 364
135 227 362 67 278 345
160 205 365 40 295 335
93 260 353 45 292 337
118 241 359 19 307 326
152 285 338 208 222 355
141 222 363 183 183 366
159 206 365 50 289 339
159 206 365 181 185 366
159 206 365 79 270 349
50 289 339 181 185 366
50 289 339 79 270 349
181 185 366 79 270 349
134 228 362 2 316 318
134 228 362 58 284 342
134 228 362 178 188 366
2 316 318 58 284 342
2 316 318 178 188 366
58 284 342 178 188 366
128 233 361 89 263 352
21 306 327 177 189 366
176 190 366 6 314 320
104 252 356 148 216 364
30 301 331 175 191 366
96 258 354 174 192 366
96 258 354 42 294 336
174 192 366 42 294 336
10 254 356 164 166 370
10 312 322 122 238 360
47 291 338 117 242 359
47 291 338 37 297 334
47 291 338 173 193 366
117 242 359 37 297 334
117 242 359 173 193 366
37 297 334 173 193 366
23 305 328 157 208 365
92 261 353 12 311 323
92 261 353 147 217 364
12 311 323 147 217 364
127 234 361 69 277 346
66 279 345 171 195 366
32 300 332 52 288 340
63 281 344 139 224 363
170 196 366 14 310 324
20 228 364 140 164 372
169 197 366 78 271 349
103 253 356 44 293 337
99 256 355 121 239 360
99 256 355 16 309 325
99 256 355 39 296 335
121 239 360 16 309 325
121 239 360 39 296 335
16 309 325 39 296 335
81 269 350 126 235 361
81 269 350 95 259 354
81 269 350 49 290 339
126 235 361 95 259 354
126 235 361 49 290 339
95 259 354 49 290 339
138 225 363 57 285 342
138 225 363 27 303 330
57 285 342 27 303 330
167 199 366 34 299 333
218 252 344 188 294 328
131 231 362 54 287 341
153 212 365 20 307 327
1 317 318 137 226 363
46 292 338 68 278 346
71 276 347 3 316 319
125 236 361 115 244 359
65 280 345 5 315 320
102 254 356 74 274 348
102 254 356 164 202 366
102 254 356 36 298 334
74 274 348 164 202 366
74 274 348 36 298 334
164 202 366 36 298 334
106 251 357 7 314 321
87 265 352 152 213 365
22 306 328 62 282 344
163 203 366 9 313 322
48 261 354 123 216 366
142 315 317 177 257 350
110 248 358 130 232 362
143 221 364 59 284 343
143 221 364 31 301 332
59 284 343 31 301 332
11 312 323 136 227 363
119 241 360 24 305 329
13 311 324 124 237 361
90 263 353 38 297 335
161 205 366 114 245 359
150 215 365 15 310 325
105 252 357 33 300 333
105 252 357 135 228 363
33 300 333 135 228 363
160 206 366 26 304 330
183 184 367 53 288 341
70 277 347 182 185 367
181 186 367 109 249 358
181 186 367 67 279 346
181 186 367 17 309 326
109 249 358 67 279 346
109 249 358 17 309 326
67 279 346 17 309 326
180 187 367 73 275 348
149 216 365 64 281 345
159 207 366 93 261 354
178 189 367 123 238 361
141 223 364 76 273 349
177 190 367 45 293 338
176 191 367 61 283 344
19 308 327 28 303 331
113 246 359 134 229 363
79 271 350 35 299 334
128 234 362 158 208 366
2 317 319 173 194 367
100 256 356 4 316 320
100 256 356 140 224 364
4 316 320 140 224 364
104 253 357 21 307 328
157 209 366 82 269 351
30 302 332 108 250 358
93 300 333 180 213 363
133 230 363 42 295 337
133 230 363 55 287 342
133 230 363 147 218 365
42 295 337 55 287 342
42 295 337 147 218 365
55 287 342 147 218 365
170 197 367 127 235 362
170 197 367 37 298 335
170 197 367 10 313 323
127 235 362 37 298 335
127 235 362 10 313 323
37 298 335 10 313 323
169 198 367 69 278 347
72 276 348 12 312 324
155 211 366 146 219 365
155 211 366 75 274 349
146 219 365 75 274 349
32 301 333 168 199 367
21 225 366 69 210 369
88 265 353 167 200 367
60 284 344 116 244 360
154 212 366 44 294 338
154 212 366 138 226 364
154 212 366 126 236 362
44 294 338 138 226 364
44 294 338 126 236 362
138 226 364 126 236 362
27 185 373 83 163 375
95 260 355 145 220 365
111 248 359 27 304 331
113 275 348 132 257 355
18 309 327 153 213 366
246 256 335 216 305 314
41 277 348 141 212 367
164 203 367 137 227 364
120 241 361 144 221 365
68 279 347 71 277 348
68 279 347 29 303 332
68 279 347 163 204 367
71 277 348 29 303 332
71 277 348 163 204 367
29 303 332 163 204 367
46 293 339 1 318 319
74 275 349 65 281 346
98 258 356 106 252 358
5 316 321 36 299 335
158 244 358 106 302 332
62 283 345 162 205 367
62 283 345 77 273 350
62 283 345 143 222 365
62 283 345 7 315 322
62 283 345 130 233 363
162 205 367 77 273 350
162 205 367 143 222 365
162 205 367 7 315 322
162 205 367 130 233 363
77 273 350 143 222 365
77 273 350 7 315 322
77 273 350 130 233 363
143 222 365 7 315 322
143 222 365 130 233 363
7 315 322 130 233 363
183 274 343 174 287 337
94 261 355 151 215 366
94 261 355 110 249 359
94 261 355 51 290 341
151 215 366 110 249 359
151 215 366 51 290 341
110 249 359 51 290 341
215 309 311 241 261 335
59 285 344 80 271 351
161 206 367 119 242 361
24 306 330 90 264 354
24 306 330 150 216 366
24 306 330 114 246 360
90 264 354 150 216 366
90 264 354 114 246 360
150 216 366 114 246 360
43 295 338 142 223 365
183 185 368 160 207 367
183 185 368 13 312 325
160 207 367 13 312 325
38 298 336 182 186 368
83 269 352 56 287 343
83 269 352 181 187 368
56 287 343 181 187 368
48 292 340 180 188 368
179 189 368 101 256 357
177 191 368 159 208 367
149 217 366 33 301 334
26 305 331 109 250 359
86 267 353 123 239 362
86 267 353 118 243 361
86 267 353 53 289 342
123 239 362 118 243 361
123 239 362 53 289 342
118 243 361 53 289 342
175 193 368 67 280 347
93 262 355 17 310 327
64 282 346 174 194 368
109 135 377 41 173 375
134 230 364 76 274 350
113 247 360 128 235 363
113 247 360 173 195 368
113 247 360 40 297 337
128 235 363 173 195 368
128 235 363 40 297 337
173 195 368 40 297 337
28 304 332 172 196 368
19 309 328 79 272 351
35 300 335 140 225 365
89 265 354 50 291 341
104 254 358 58 286 344
2 318 320 82 270 352
2 318 320 170 198 368
2 318 320 122 240 362
82 270 352 170 198 368
82 270 352 122 240 362
170 198 368 122 240 362
133 231 364 156 211 367
133 231 364 21 308 329
133 231 364 117 244 361
133 231 364 4 317 321
133 231 364 108 251 359
156 211 367 21 308 329
156 211 367 117 244 361
156 211 367 4 317 321
156 211 367 108 251 359
21 308 329 117 244 361
21 308 329 4 317 321
21 308 329 108 251 359
117 244 361 4 317 321
117 244 361 108 251 359
4 317 321 108 251 359
55 288 343 8 315 323
168 200 368 112 248 360
47 293 340 92 263 355
47 293 340 85 268 353
47 293 340 155 212 367
92 263 355 85 268 353
92 263 355 155 212 367
85 268 353 155 212 367
10 314 324 146 220 366
167 201 368 72 277 349
59 283 346 151 214 367
154 213 367 63 283 346
166 202 368 32 302 334
103 255 358 138 227 365
99 258 357 126 237 363
99 258 357 78 273 351
126 237 363 78 273 351
88 266 354 14 312 326
25 306 331 145 221 366
44 295 339 95 261 356
39 298 337 153 214 367
81 271 352 16 311 327
49 292 341 131 233 364
27 305 332 137 228 365
18 310 328 120 242 362
163 205 368 152 215 367
162 206 368 102 256 358
71 278 349 106 253 359
98 259 357 143 223 366
98 259 357 41 297 338
143 223 366 41 297 338
29 304 333 151 216 367
74 276 350 46 294 340
74 276 350 130 234 364
46 294 340 130 234 364
1 319 320 136 229 365
87 267 354 3 318 321
94 262 356 62 284 346
183 186 369 51 291 342
119 243 362 182 187 369
61 317 322 82 289 343
181 188 369 124 239 363
180 189 369 9 315 324
160 208 368 80 272 352
179 190 369 59 286 345
178 191 369 114 247 361
178 191 369 31 303 334
114 247 361 31 303 334
135 230 365 90 265 355
43 296 339 176 193 369
43 296 339 24 307 331
43 296 339 159 209 368
176 193 369 24 307 331
176 193 369 159 209 368
24 307 331 159 209 368
101 257 358 13 313 326
101 257 358 38 299 337
101 257 358 149 218 367
13 313 326 38 299 337
13 313 326 149 218 367
38 299 337 149 218 367
105 254 359 175 194 369
145 182 373 35 247 362
174 195 369 141 225 366
44 237 365 5 244 363
123 240 363 15 312 327
26 306 332 86 268 354
70 279 349 134 231 365
172 197 369 148 219 367
172 197 369 93 263 356
172 197 369 67 281 348
148 219 367 93 263 356
148 219 367 67 281 348
93 263 356 67 281 348
53 290 343 73 277 350
17 311 328 64 283 347
17 311 328 157 211 368
17 311 328 113 248 361
64 283 347 157 211 368
64 283 347 113 248 361
157 211 368 113 248 361
177 237 360 120 303 333
61 285 346 170 199 369
28 305 333 147 220 367
89 266 355 19 310 329
169 200 369 104 255 359
169 200 369 35 301 336
104 255 359 35 301 336
50 292 342 100 258 358
58 287 345 117 245 362
96 261 357 168 201 369
139 227 366 2 319 321
167 202 369 6 317 323
92 264 356 8 316 324
47 294 341 166 203 369
37 300 337 132 233 365
81 238 365 119 213 370
138 228 366 66 282 348
75 276 351 165 204 369
126 238 364 116 246 362
126 238 364 12 314 326
116 246 362 12 314 326
52 291 343 63 284 347
32 303 335 107 253 360
32 303 335 153 215 368
32 303 335 88 267 355
107 253 360 153 215 368
107 253 360 88 267 355
153 215 368 88 267 355
200 218 362 122 310 328
25 258 359 83 235 366
111 250 361 131 234 365
81 272 353 144 223 367
137 229 366 163 206 369
137 229 366 39 299 338
163 206 369 39 299 338
152 216 368 16 312 328
57 288 345 120 243 363
125 239 364 91 265 356
27 306 333 162 207 369
81 307 332 123 263 356
152 206 370 2 290 344
151 217 368 143 224 367
130 235 365 185 185 370
54 290 344 184 186 370
54 290 344 106 254 360
54 290 344 136 230 366
184 186 370 106 254 360
184 186 370 136 230 366
106 254 360 136 230 366
182 188 370 98 260 358
181 189 370 71 279 350
20 310 330 180 190 370
74 277 351 41 298 339
25 271 354 101 235 366
65 283 348 87 268 355
46 295 341 179 191 370
46 295 341 110 251 361
46 295 341 29 305 334
179 191 370 110 251 361
179 191 370 29 305 334
110 251 361 29 305 334
1 320 321 160 209 369
159 162 375 45 237 366
150 218 368 178 192 370
3 319 322 94 263 357
119 244 363 36 301 337
142 225 367 62 285 347
142 225 367 5 318 323
142 225 367 177 193 370
62 285 347 5 318 323
62 285 347 177 193 370
5 318 323 177 193 370
79 290 344 64 305 334
7 317 324 51 292 343
135 231 366 159 210 369
129 236 365 9 316 325
90 266 356 174 196 370
83 271 354 158 211 369
83 271 354 141 226 367
83 271 354 101 258 359
158 211 369 141 226 367
158 211 369 101 258 359
141 226 367 101 258 359
101 219 370 15 254 361
172 198 370 38 300 338
13 314 327 97 261 358
123 241 364 109 252 361
149 173 375 115 201 373
8 284 348 172 184 372
15 313 328 128 237 365
93 264 357 33 303 336
70 280 350 170 200 370
26 307 333 67 282 349
26 307 333 73 278 351
26 307 333 113 249 362
67 282 349 73 278 351
67 282 349 113 249 362
73 278 351 113 249 362
76 276 352 64 284 348
147 221 368 17 312 329
45 296 341 40 299 339
79 274 353 61 286 347
19 311 330 155 214 369
139 228 367 108 253 361
35 302 337 167 203 370
35 302 337 127 238 365
35 302 337 50 293 343
167 203 370 127 238 365
167 203 370 50 293 343
127 238 365 50 293 343
58 288 346 146 222 368
58 288 346 82 272 354
58 288 346 96 262 358
146 222 368 82 272 354
146 222 368 96 262 358
82 272 354 96 262 358
112 250 362 2 320 322
154 215 369 21 310 331
6 318 324 132 234 366
30 305 335 165 205 370
30 305 335 55 290 345
30 305 335 85 270 355
165 205 370 55 290 345
165 205 370 85 270 355
55 290 345 85 270 355
8 317 325 145 223 368
69 281 350 126 239 365
153 216 369 72 279 351
10 316 326 164 206 370
116 247 363 23 309 332
75 277 352 103 257 360
71 141 380 20 159 379
12 315 327 63 285 348
88 268 356 52 292 344
163 207 370 78 275 353
32 304 336 144 224 368
95 263 358 137 230 367
25 308 333 60 287 347
115 216 371 29 259 360
3 313 329 177 193 371
16 313 329 184 187 371
57 289 346 91 266 357
57 289 346 49 294 343
57 289 346 182 189 371
57 289 346 151 218 369
91 266 357 49 294 343
91 266 357 182 189 371
91 266 357 151 218 369
49 294 343 182 189 371
49 294 343 151 218 369
182 189 371 151 218 369
143 225 368 115 248 363
181 190 371 161 209 370
53 313 329 79 287 347
49 241 366 94 219 371
180 191 371 84 271 355
27 307 334 34 303 337
136 231 367 179 192 371
102 258 360 18 312 330
93 316 326 116 282 349
98 261 359 177 194 371
150 219 369 54 291 345
176 195 371 71 280 351
110 252 362 68 282 350
74 278 352 142 226 368
41 299 340 119 245 364
41 299 340 20 311 331
41 299 340 175 196 371
41 299 340 124 241 365
41 299 340 65 284 349
119 245 364 20 311 331
119 245 364 175 196 371
119 245 364 124 241 365
119 245 364 65 284 349
20 311 331 175 196 371
20 311 331 124 241 365
20 311 331 65 284 349
175 196 371 124 241 365
175 196 371 65 284 349
124 241 365 65 284 349
94 264 358 46 296 342
29 306 335 159 211 370
1 321 322 174 197 371
3 320 323 135 232 367
62 286 348 36 302 338
5 319 324 149 220 369
129 237 366 114 249 363
22 310 332 158 212 370
75 164 379 109 141 380
141 227 368 59 288 347
171 200 371 31 305 336
171 200 371 105 256 361
171 200 371 101 259 360
31 305 336 105 256 361
31 305 336 101 259 360
105 256 361 101 259 360
148 221 369 11 316 327
74 270 356 36 290 346
123 242 365 157 213 370
97 262 359 109 253 362
97 262 359 134 233 367
97 262 359 43 298 341
109 253 362 134 233 367
109 253 362 43 298 341
134 233 367 43 298 341
48 295 343 13 315 328
156 214 370 86 270 356
93 265 358 113 250 363
70 281 351 15 314 329
73 279 352 168 203 371
73 279 352 33 304 337
168 203 371 33 304 337
87 252 363 147 207 372
61 202 375 15 214 373
122 243 365 17 313 330
104 257 361 139 229 368
89 268 357 117 247 364
89 268 357 61 287 348
117 247 364 61 287 348
40 300 340 100 260 360
146 223 369 127 239 366
183 284 343 209 252 353
96 263 359 19 312 331
50 294 344 154 216 370
82 273 355 35 303 338
107 265 358 58 307 335
146 180 376 40 244 366
157 198 373 33 278 353
164 207 371 21 311 332
85 271 356 121 244 365
55 291 346 6 319 325
30 306 336 126 240 366
163 208 371 47 296 343
37 302 339 103 258 361
10 317 327 75 278 353
10 317 327 107 255 362
10 317 327 23 310 333
75 278 353 107 255 362
75 278 353 23 310 333
107 255 362 23 310 333
144 225 369 99 261 360
219 307 319 251 257 339
88 269 357 137 231 368
162 209 371 63 286 349
78 276 354 186 186 372
52 293 345 185 187 372
184 188 372 12 316 328
111 252 363 183 189 372
60 288 348 180 192 372
14 315 329 81 274 355
14 315 329 25 309 334
14 315 329 161 210 371
14 315 329 151 219 370
14 315 329 125 241 366
81 274 355 25 309 334
81 274 355 161 210 371
81 274 355 151 219 370
81 274 355 125 241 366
25 309 334 161 210 371
25 309 334 151 219 370
25 309 334 125 241 366
161 210 371 151 219 370
161 210 371 125 241 366
151 219 370 125 241 366
44 298 342 178 194 372
115 249 364 39 301 340
57 290 347 130 237 367
49 295 344 160 211 371
176 196 372 84 272 356
34 304 338 106 256 362
27 308 335 175 197 372
142 227 369 18 313 331
54 292 346 124 242 366
68 283 351 173 199 372
89 148 381 4 177 379
149 221 370 94 265 359
172 200 372 20 312 332
127 131 381 59 177 379
129 238 367 46 297 343
129 238 367 158 213 371
129 238 367 77 277 354
46 297 343 158 213 371
46 297 343 77 277 354
158 213 371 77 277 354
62 287 349 1 322 323
36 303 339 3 321 324
36 303 339 171 201 372
36 303 339 141 228 369
3 321 324 171 201 372
3 321 324 141 228 369
171 201 372 141 228 369
5 320 325 80 275 355
7 319 326 157 214 371
90 268 358 170 202 372
90 268 358 148 222 370
170 202 372 148 222 370
9 318 327 123 243 366
83 273 356 169 203 372
109 254 363 31 306 337
128 239 367 11 317 328
140 229 369 156 215 371
127 213 373 83 243 367
113 251 364 13 316 329
93 266 359 86 271 357
133 235 368 73 280 353
122 244 366 166 206 372
122 244 366 76 278 354
166 206 372 76 278 354
139 230 369 26 309 335
222 263 347 193 317 318
64 286 350 146 224 370
117 248 365 127 240 367
79 276 355 100 261 361
89 269 358 17 314 331
89 269 358 154 217 371
17 314 331 154 217 371
165 207 372 108 255 363
50 265 360 160 190 375
150 188 376 24 260 362
28 308 336 132 236 368
28 308 336 112 252 364
28 308 336 164 208 372
132 236 368 112 252 364
132 236 368 164 208 372
112 252 364 164 208 372
145 225 370 50 295 345
11 191 378 103 154 381
92 267 359 163 209 372
15 283 352 80 257 363
4 321 325 116 249 365
185 188 373 55 292 347
152 219 371 184 189 373
144 226 370 6 320 326
30 307 337 183 190 373
162 210 372 42 300 342
27 255 364 39 252 365
182 191 373 103 259 362
137 232 369 72 281 353
137 232 369 107 256 363
137 232 369 8 319 327
137 232 369 131 237 368
137 232 369 69 283 352
137 232 369 181 192 373
137 232 369 47 297 344
72 281 353 107 256 363
72 281 353 8 319 327
72 281 353 131 237 368
72 281 353 69 283 352
72 281 353 181 192 373
72 281 353 47 297 344
107 256 363 8 319 327
107 256 363 131 237 368
107 256 363 69 283 352
107 256 363 181 192 373
107 256 363 47 297 344
8 319 327 131 237 368
8 319 327 69 283 352
8 319 327 181 192 373
8 319 327 47 297 344
131 237 368 69 283 352
131 237 368 181 192 373
131 237 368 47 297 344
69 283 352 181 192 373
69 283 352 47 297 344
181 192 373 47 297 344
180 193 373 37 303 340
75 279 354 66 285 351
179 194 373 23 311 334
10 318 328 88 270 358
111 253 364 161 211 372
63 287 350 78 277 355
63 287 350 178 195 373
78 277 355 178 195 373
177 196 373 12 317 329
125 242 367 143 227 370
81 275 356 60 289 349
25 310 335 115 250 365
91 268 359 44 299 343
174 199 373 39 302 341
60 223 373 83 212 375
175 244 363 188 231 365
159 213 372 84 273 357
159 213 372 57 291 348
84 273 357 57 291 348
49 296 345 16 315 331
142 228 370 102 260 362
33 278 355 138 215 373
172 201 373 124 243 367
192 225 366 159 258 360
228 236 356 172 316 324
149 222 371 119 247 366
18 314 332 158 214 372
171 202 373 71 282 353
171 202 373 54 293 347
171 202 373 87 271 358
71 282 353 54 293 347
71 282 353 87 271 358
54 293 347 87 271 358
74 280 354 94 266 360
114 251 365 65 286 351
114 251 365 141 229 370
65 286 351 141 229 370
170 203 373 77 278 355
20 313 333 157 215 372
29 308 337 148 223 371
1 323 324 169 204 373
80 276 356 36 304 340
90 269 359 5 321 326
90 269 359 51 295 346
90 269 359 134 235 369
5 321 326 51 295 346
5 321 326 134 235 369
51 295 346 134 235 369
7 320 327 168 205 373
22 312 334 118 248 366
97 264 361 9 319 328
97 264 361 147 224 371
9 319 328 147 224 371
31 307 338 167 206 373
64 270 359 40 281 354
155 217 372 113 252 365
155 217 372 43 300 343
113 252 365 43 300 343
38 303 341 166 207 373
48 297 345 93 267 360
146 225 371 139 231 370
122 245 367 70 283 353
67 285 352 165 208 373
76 279 355 15 316 331
33 306 339 117 249 366
64 287 351 104 259 363
79 277 356 164 209 373
145 226 371 61 289 350
132 237 369 153 219 372
45 299 344 96 265 361
73 146 383 29 163 382
40 302 342 138 232 370
163 210 373 82 275 357
184 190 374 50 296 346
58 291 349 183 191 374
58 291 349 19 314 333
58 291 349 121 246 367
183 191 374 19 314 333
183 191 374 121 246 367
19 314 333 121 246 367
126 242 368 182 192 374
206 254 356 166 316 326
92 268 360 152 220 372
116 250 366 180 194 374
2 323 325 137 233 370
131 238 369 21 313 334
178 196 374 4 322 326
55 293 348 103 260 363
107 257 364 161 212 373
42 301 343 177 197 374
42 301 343 99 263 362
177 197 374 99 263 362
69 284 353 151 221 372
66 286 352 176 198 374
37 304 341 88 271 359
125 243 368 120 247 367
125 243 368 23 312 335
125 243 368 160 213 373
120 247 367 23 312 335
120 247 367 160 213 373
23 312 335 160 213 373
95 266 361 175 199 374
95 266 361 10 319 329
175 199 374 10 319 329
136 234 370 174 200 374
12 318 330 150 222 372
130 239 369 115 251 366
173 201 374 159 214 373
90 282 354 54 318 330
25 311 336 91 269 360
142 229 371 14 317 331
102 261 363 39 303 342
84 274 358 106 258 364
57 292 349 149 223 372
171 203 374 49 297 346
16 316 332 124 244 368
110 255 365 135 235 370
170 204 374 34 306 340
157 216 373 87 272 359
94 267 361 71 283 354
114 252 366 54 294 348
169 205 374 74 281 355
134 236 370 20 314 334
29 309 338 62 289 351
98 195 379 71 210 377
123 245 368 80 277 357
1 324 325 36 305 341
1 324 325 105 259 364
1 324 325 140 231 371
36 305 341 105 259 364
36 305 341 140 231 371
105 259 364 140 231 371
18 266 362 166 178 378
167 207 374 101 262 363
167 207 374 118 249 367
167 207 374 3 323 326
101 262 363 118 249 367
101 262 363 3 323 326
118 249 367 3 323 326
51 296 347 128 241 369
22 313 335 155 218 373
22 313 335 97 265 362
22 313 335 83 275 358
155 218 373 97 265 362
155 218 373 83 275 358
97 265 362 83 275 358
89 181 381 51 199 379
165 209 374 11 319 330
56 293 349 43 301 344
56 293 349 139 232 371
43 301 344 139 232 371
8 206 378 106 168 382
154 219 373 86 273 359
48 298 346 38 304 342
48 298 346 122 246 368
38 304 342 122 246 368
127 242 369 13 318 331
70 284 354 164 210 374
117 250 367 73 282 355
104 260 364 76 280 356
53 295 348 100 263 363
53 295 348 153 220 373
53 295 348 145 227 372
53 295 348 187 188 375
53 295 348 33 307 340
53 295 348 108 257 365
53 295 348 15 317 332
100 263 363 153 220 373
100 263 363 145 227 372
100 263 363 187 188 375
100 263 363 33 307 340
100 263 363 108 257 365
100 263 363 15 317 332
153 220 373 145 227 372
153 220 373 187 188 375
153 220 373 33 307 340
153 220 373 108 257 365
153 220 373 15 317 332
145 227 372 187 188 375
145 227 372 33 307 340
145 227 372 108 257 365
145 227 372 15 317 332
187 188 375 33 307 340
187 188 375 108 257 365
187 188 375 15 317 332
33 307 340 108 257 365
33 307 340 15 317 332
108 257 365 15 317 332
184 191 375 89 271 360
26 311 337 163 211 374
138 233 371 79 278 357
208 277 347 233 248 353
2 213 377 117 167 382
112 254 366 96 266 362
61 290 351 181 194 375
45 300 345 180 195 375
82 276 358 162 212 374
121 247 368 152 221 373
50 297 347 178 197 375
200 210 370 120 290 350
28 310 338 58 292 350
35 306 341 19 315 334
92 269 361 116 251 367
137 234 371 161 213 374
85 274 359 131 239 370
21 314 335 55 294 349
4 323 327 143 229 372
30 309 339 69 285 354
30 309 339 111 255 366
30 309 339 174 201 375
69 285 354 111 255 366
69 285 354 174 201 375
111 255 366 174 201 375
6 322 328 42 302 344
125 244 369 75 281 356
88 272 360 120 248 368
95 267 362 150 223 373
95 267 362 173 202 375
95 267 362 37 305 342
150 223 373 173 202 375
150 223 373 37 305 342
173 202 375 37 305 342
63 289 352 23 313 336
130 240 370 10 320 330
172 203 375 115 252 367
171 204 375 60 291 351
102 262 364 14 318 332
84 275 359 44 301 345
84 275 359 135 236 371
84 275 359 124 245 369
44 301 345 135 236 371
44 301 345 124 245 369
135 236 371 124 245 369
119 249 368 39 304 343
98 265 363 57 293 350
49 298 347 157 217 374
169 206 375 129 241 370
114 253 367 27 311 338
168 207 375 87 273 360
168 218 373 112 267 362
68 286 354 18 316 334
68 286 354 156 218 374
68 286 354 74 282 356
18 316 334 156 218 374
18 316 334 74 282 356
156 218 374 74 282 356
65 288 353 167 208 375
65 288 353 77 280 357
167 208 375 77 280 357
111 292 350 145 258 364
98 180 382 10 212 378
128 242 370 62 290 352
128 242 370 80 278 358
128 242 370 118 250 368
62 290 352 80 278 358
62 290 352 118 250 368
80 278 358 118 250 368
20 315 335 105 260 365
90 271 361 155 219 374
90 271 361 29 310 339
90 271 361 166 209 375
155 219 374 29 310 339
155 219 374 166 209 375
29 310 339 166 209 375
3 324 327 51 297 348
59 292 351 83 276 359
113 254 367 7 322 329
113 254 367 146 227 373
113 254 367 133 238 371
7 322 329 146 227 373
7 322 329 133 238 371
146 227 373 133 238 371
184 282 350 168 310 334
164 211 375 31 309 340
122 247 369 93 269 362
86 274 360 186 190 376
86 274 360 56 294 350
186 190 376 56 294 350
43 302 345 127 243 370
185 191 376 11 320 331
24 313 337 117 251 368
24 313 337 48 299 347
24 313 337 183 193 376
117 251 368 48 299 347
117 251 368 183 193 376
48 299 347 183 193 376
2 219 377 131 162 383
163 212 375 145 228 373
73 283 356 13 319 332
104 261 365 181 195 376
138 234 372 108 258 366
76 281 357 132 239 371
100 264 364 180 196 376
89 272 361 53 296 349
89 272 361 179 197 376
89 272 361 64 289 353
53 296 349 179 197 376
53 296 349 64 289 353
179 197 376 64 289 353
15 318 333 162 213 375
152 222 374 178 198 376
152 222 374 26 312 338
178 198 376 26 312 338
61 291 352 177 199 376
61 291 352 121 248 369
61 291 352 144 229 373
177 199 376 121 248 369
177 199 376 144 229 373
121 248 369 144 229 373
59 229 375 131 185 381
82 277 359 17 317 334
161 214 375 45 301 346
176 200 376 40 304 344
131 240 371 175 201 376
92 270 362 50 298 348
160 215 375 85 275 360
143 230 373 103 262 365
203 210 371 105 322 329
125 245 370 55 295 350
159 216 375 21 315 336
159 216 375 120 249 369
21 315 336 120 249 369
172 204 376 136 236 372
172 204 376 72 284 356
172 204 376 4 324 328
136 236 372 72 284 356
136 236 372 4 324 328
72 284 356 4 324 328
32 324 328 188 192 376
75 282 357 42 303 345
47 300 347 95 268 363
8 322 330 78 280 358
142 231 373 37 306 343
158 217 375 63 290 353
10 321 331 149 225 374
60 292 352 12 320 332
32 309 341 169 207 376
124 246 370 106 260 366
157 218 375 102 263 365
111 277 359 73 321 331
110 257 367 25 313 338
129 242 371 14 319 333
44 302 346 98 266 364
44 302 346 148 226 374
98 266 364 148 226 374
60 250 370 150 190 380
16 318 334 114 254 368
191 274 354 166 321 326
94 269 363 87 274 361
134 238 372 34 308 342
222 283 343 207 317 322
147 227 374 74 283 357
140 233 373 68 287 355
166 210 376 54 296 350
75 281 358 6 317 335
18 317 335 123 247 370
7 291 353 87 259 367
20 291 353 115 241 372
197 227 369 181 243 367
120 277 359 185 216 373
101 264 365 41 304 345
101 264 365 80 279 359
101 264 365 165 211 376
41 304 345 80 279 359
41 304 345 165 211 376
80 279 359 165 211 376
62 291 353 109 258 367
36 307 343 133 239 372
36 307 343 188 189 377
36 307 343 97 267 364
133 239 372 188 189 377
133 239 372 97 267 364
188 189 377 97 267 364
139 234 373 1 326 327
139 234 373 51 298 349
139 234 373 186 191 377
1 326 327 51 298 349
1 326 327 186 191 377
51 298 349 186 191 377
145 208 378 40 273 362
3 325 328 113 255 368
3 325 328 83 277 360
3 325 328 185 192 377
113 255 368 83 277 360
113 255 368 185 192 377
83 277 360 185 192 377
59 293 352 184 193 377
172 305 339 228 235 361
182 195 377 7 323 330
182 195 377 22 315 337
7 323 330 22 315 337
181 196 377 127 244 371
153 222 375 93 270 363
86 275 361 145 229 374
86 275 361 31 310 341
145 229 374 31 310 341
43 303 346 179 198 377
132 240 372 48 300 348
24 314 338 104 262 366
24 314 338 162 214 376
24 314 338 38 306 344
104 262 366 162 214 376
104 262 366 38 306 344
162 214 376 38 306 344
61 209 380 44 215 379
100 218 378 2 252 370
73 284 357 108 259 367
67 288 355 152 223 375
67 288 355 177 200 377
67 288 355 13 320 333
152 223 375 177 200 377
152 223 375 13 320 333
177 200 377 13 320 333
177 185 379 127 229 375
144 230 374 64 290 354
79 280 359 161 215 376
15 319 334 126 245 371
15 319 334 121 249 370
126 245 371 121 249 370
137 236 373 61 292 353
131 241 372 116 253 369
17 318 335 45 302 347
173 204 377 92 271 363
107 260 367 35 308 343
107 260 367 172 205 377
35 308 343 172 205 377
159 217 376 19 317 336
99 266 365 125 246 371
111 257 368 136 237 373
167 195 379 71 267 365
88 274 362 2 326 328
88 274 362 158 218 376
88 274 362 142 232 374
2 326 328 158 218 376
2 326 328 142 232 374
158 218 376 142 232 374
21 316 337 69 287 356
75 283 358 170 207 377
4 325 329 95 269 364
30 311 341 115 254 369
30 311 341 66 289 355
30 311 341 149 226 375
115 254 369 66 289 355
115 254 369 149 226 375
66 289 355 149 226 375
37 307 344 8 323 331
37 307 344 169 208 377
8 323 331 169 208 377
135 238 373 23 315 338
52 298 350 10 322 332
180 228 372 108 300 348
91 272 363 168 209 377
141 233 374 106 261 367
60 293 353 148 227 375
12 321 333 129 243 372
32 310 342 110 258 368
98 267 365 167 210 377
39 306 345 114 255 369
166 211 377 134 239 373
140 234 374 94 270 364
16 319 335 155 221 376
34 309 343 71 286 357
27 313 340 165 212 377
68 288 356 128 244 372
189 189 378 54 297 351
118 252 370 188 190 378
77 282 359 187 191 378
186 192 378 18 318 336
185 193 378 105 262 367
184 194 378 154 222 376
101 265 366 146 229 375
183 195 378 90 273 363
139 235 374 41 305 346
182 196 378 62 292 354
182 196 378 46 302 348
62 292 354 46 302 348
97 268 365 20 317 337
113 256 369 29 312 341
163 214 377 83 278 361
153 223 376 1 327 328
179 199 378 59 294 353
179 199 378 3 326 329
179 199 378 122 249 371
59 294 353 3 326 329
59 294 353 122 249 371
3 326 329 122 249 371
145 230 375 5 325 330
93 271 364 7 324 331
162 215 377 117 253 370
138 236 374 86 276 362
59 246 373 131 202 381
132 241 373 9 323 332
56 296 352 152 224 376
43 304 347 104 263 367
161 216 377 48 301 349
70 287 357 38 307 345
70 287 357 73 285 358
70 287 357 175 203 378
38 307 345 73 285 358
38 307 345 175 203 378
73 285 358 175 203 378
24 315 339 144 231 375
67 289 356 76 283 359
13 321 334 89 274 363
126 246 372 174 204 378
151 225 376 96 269 365
151 225 376 64 291 355
151 225 376 79 281 360
96 269 365 64 291 355
96 269 365 79 281 360
64 291 355 79 281 360
53 298 351 137 237 374
33 310 343 173 205 378
116 254 370 26 314 340
82 279 361 61 293 354
114 284 358 106 292 354
40 306 346 150 226 376
10 268 366 166 180 382
189 213 375 87 315 339
103 264 367 107 261 368
58 295 353 85 277 362
120 251 371 35 309 344
99 267 366 111 258 369
158 219 377 19 318 337
130 243 373 142 233 375
55 297 352 88 275 363
115 255 370 95 270 365
2 327 329 21 317 338
4 326 330 66 290 356
168 210 378 30 312 342
168 210 378 78 282 360
30 312 342 78 282 360
135 239 374 6 325 331
37 308 345 63 292 355
124 248 372 8 324 332
124 248 372 148 228 376
8 324 332 148 228 376
52 299 351 129 244 373
52 299 351 23 316 339
52 299 351 119 252 371
52 299 351 156 221 377
52 299 351 91 273 364
129 244 373 23 316 339
129 244 373 119 252 371
129 244 373 156 221 377
129 244 373 91 273 364
23 316 339 119 252 371
23 316 339 156 221 377
23 316 339 91 273 364
119 252 371 156 221 377
119 252 371 91 273 364
156 221 377 91 273 364
102 265 367 10 323 333
84 278 362 166 212 378
84 278 362 98 268 366
84 278 362 12 322 334
166 212 378 98 268 366
166 212 378 12 322 334
98 268 366 12 322 334
114 256 370 134 240 374
140 235 375 25 315 340
189 190 379 14 321 335
187 192 379 57 296 353
39 307 346 186 193 379
185 194 379 94 271 365
185 194 379 49 301 350
94 271 365 49 301 350
87 276 363 123 249 372
3 279 362 54 267 367
71 287 358 182 197 379
71 287 358 154 223 377
71 287 358 118 253 371
182 197 379 154 223 377
182 197 379 118 253 371
154 223 377 118 253 371
34 310 344 146 230 376
181 198 379 27 314 341
105 263 368 77 283 360
109 260 369 65 291 356
109 260 369 180 199 379
109 260 369 139 236 375
65 291 356 180 199 379
65 291 356 139 236 375
180 199 379 139 236 375
101 266 367 133 241 374
80 281 361 179 200 379
62 293 355 113 257 370
178 201 379 41 306 347
178 201 379 97 269 366
178 201 379 46 303 349
41 306 347 97 269 366
41 306 347 46 303 349
97 269 366 46 303 349
122 250 372 20 318 338
177 202 379 29 313 342
177 202 379 127 246 373
177 202 379 83 279 362
29 313 342 127 246 373
29 313 342 83 279 362
127 246 373 83 279 362
36 309 345 51 300 351
176 203 379 1 328 329
138 237 375 3 327 330
152 225 377 93 272 365
132 317 337 167 268 363
129 283 359 151 261 367
22 317 339 86 277 363
22 317 339 161 217 378
86 277 363 161 217 378
144 232 376 104 264 368
108 261 369 9 324 333
31 312 343 56 297 353
43 305 348 100 267 367
151 226 377 73 286 359
151 226 377 11 323 334
151 226 377 173 206 379
73 286 359 11 323 334
73 286 359 173 206 379
11 323 334 173 206 379
70 288 358 48 302 350
70 288 358 160 218 378
70 288 358 112 258 370
48 302 350 160 218 378
48 302 350 112 258 370
160 218 378 112 258 370
24 316 340 76 284 360
67 290 357 137 238 375
87 140 389 45 161 388
79 282 361 131 243 374
53 299 352 143 233 376
171 208 379 33 311 344
61 294 355 26 315 341
45 304 349 136 239 375
125 248 373 40 307 347
125 248 373 103 265 368
125 248 373 17 320 337
40 307 347 103 265 368
40 307 347 17 320 337
103 265 368 17 320 337
58 296 354 142 234 376
111 259 370 50 301 351
111 259 370 169 210 379
50 301 351 169 210 379
149 228 377 99 268 367
75 285 360 135 240 375
148 229 377 167 212 379
66 291 357 21 318 339
156 222 378 42 306 348
124 249 373 4 327 331
9 246 375 90 219 381
47 303 350 30 313 343
119 253 372 63 293 356
166 213 379 81 281 362
166 213 379 106 263 369
166 213 379 37 309 346
81 281 362 106 263 369
81 281 362 37 309 346
106 263 369 37 309 346
190 190 380 110 260 370
52 300 352 188 192 380
23 317 340 187 193 380
186 194 380 10 324 334
155 223 378 147 230 377
185 195 380 60 295 355
165 214 379 134 241 375
184 196 380 140 236 376
12 323 335 183 197 380
181 199 380 164 215 379
181 199 380 25 316 341
181 199 380 44 305 349
164 215 379 25 316 341
164 215 379 44 305 349
25 316 341 44 305 349
94 272 366 128 246 374
94 272 366 154 224 378
94 272 366 14 322 336
128 246 374 154 224 378
128 246 374 14 322 336
154 224 378 14 322 336
82 262 370 2 290 358
39 308 347 87 277 364
146 231 377 49 302 351
163 216 379 139 237 376
163 216 379 16 321 337
163 216 379 71 288 359
139 237 376 16 321 337
139 237 376 71 288 359
16 321 337 71 288 359
68 290 358 178 202 380
109 261 370 34 311 345
27 315 342 153 225 378
65 292 357 177 203 380
80 282 362 18 320 338
162 217 379 113 258 371
122 251 373 127 247 374
152 226 378 138 238 376
29 314 343 161 218 379
117 255 372 132 243 375
36 310 346 174 206 380
144 233 377 3 328 331
173 207 380 5 327 332
160 219 379 104 265 369
22 318 340 108 262 370
7 326 333 151 227 378
149 268 366 107 324 334
173 254 369 201 226 373
100 268 368 172 208 380
56 298 354 126 248 374
137 239 376 31 313 344
137 239 376 112 259 371
31 313 344 112 259 371
70 327 332 185 212 378
131 244 375 171 209 380
131 244 375 159 220 379
131 244 375 76 285 361
131 244 375 89 276 365
131 244 375 11 324 335
171 209 380 159 220 379
171 209 380 76 285 361
171 209 380 89 276 365
171 209 380 11 324 335
159 220 379 76 285 361
159 220 379 89 276 365
159 220 379 11 324 335
76 285 361 89 276 365
76 285 361 11 324 335
89 276 365 11 324 335
143 234 377 67 291 358
143 234 377 38 309 347
67 291 358 38 309 347
24 317 341 96 271 367
13 323 336 64 293 357
61 295 356 169 211 380
92 274 366 26 316 342
107 263 370 142 235 377
103 266 369 149 229 378
45 305 350 130 245 375
85 279 364 111 260 371
168 212 380 40 308 348
17 321 338 157 222 379
115 257 372 28 315 343
115 257 372 167 213 380
28 315 343 167 213 380
135 241 376 19 320 339
95 272 367 88 277 365
141 236 377 156 223 379
190 191 381 55 299 354
190 191 381 75 286 361
190 191 381 69 290 359
55 299 354 75 286 361
55 299 354 69 290 359
75 286 361 69 290 359
166 214 380 124 250 374
186 195 381 129 246 375
66 292 358 78 284 362
21 319 340 185 196 381
119 254 373 2 329 331
184 197 381 47 304 351
30 314 344 106 264 370
183 198 381 102 267 369
183 198 381 81 282 363
183 198 381 147 231 378
183 198 381 63 294 357
183 198 381 6 327 333
102 267 369 81 282 363
102 267 369 147 231 378
102 267 369 63 294 357
102 267 369 6 327 333
81 282 363 147 231 378
81 282 363 63 294 357
81 282 363 6 327 333
147 231 378 63 294 357
147 231 378 6 327 333
63 294 357 6 327 333
91 275 366 110 261 371
150 168 387 3 240 378
8 326 334 134 242 376
163 239 375 113 285 361
227 229 368 163 304 347
60 296 356 84 280 364
60 296 356 164 216 380
84 280 364 164 216 380
123 251 374 179 202 381
128 247 375 32 313 345
79 263 371 19 287 361
94 273 367 178 203 381
57 298 355 118 255 373
57 298 355 87 278 365
57 298 355 25 317 342
118 255 373 87 278 365
118 255 373 25 317 342
87 278 365 25 317 342
139 238 377 14 323 337
39 309 348 177 204 381
49 303 352 133 243 376
71 289 360 176 205 381
74 287 361 109 262 371
68 291 359 101 268 369
77 285 362 145 233 378
54 300 354 90 276 366
27 316 343 113 259 372
127 248 375 80 283 363
152 227 379 97 271 368
174 207 381 18 321 339
33 321 339 183 201 381
162 248 373 142 267 368
41 308 349 83 281 364
117 256 373 173 208 381
20 320 340 160 220 380
93 274 367 51 302 353
172 209 381 151 228 379
172 209 381 36 311 347
172 209 381 59 297 356
151 228 379 36 311 347
151 228 379 59 297 356
36 311 347 59 297 356
86 279 365 1 330 331
108 263 371 3 329 332
137 240 377 5 328 333
126 249 375 171 210 381
159 221 380 100 269 369
121 253 374 22 319 341
56 299 355 131 245 376
170 211 381 150 229 379
170 211 381 9 326 335
170 211 381 31 314 345
150 229 379 9 326 335
150 229 379 31 314 345
9 326 335 31 314 345
177 251 371 189 239 373
48 304 352 96 272 368
67 292 359 116 257 373
38 310 348 158 222 380
79 284 363 169 212 381
135 193 386 89 225 382
82 282 364 142 236 378
157 223 380 92 275 367
61 296 357 107 264 371
130 246 376 120 254 374
15 323 338 103 267 370
45 306 351 99 270 369
17 322 339 189 193 382
58 298 356 188 194 382
115 258 373 187 195 382
115 258 373 135 242 377
115 258 373 50 303 353
187 195 382 135 242 377
187 195 382 50 303 353
135 242 377 50 303 353
35 312 347 95 273 368
184 198 382 88 278 366
19 321 340 124 251 375
72 289 361 129 247 376
69 291 360 165 216 381
55 300 355 155 225 380
66 293 359 181 201 382
30 241 379 115 201 386
180 202 382 110 262 372
180 202 382 2 330 332
180 202 382 42 308 350
180 202 382 140 238 378
180 202 382 102 268 370
110 262 372 2 330 332
110 262 372 42 308 350
110 262 372 140 238 378
110 262 372 102 268 370
2 330 332 42 308 350
2 330 332 140 238 378
2 330 332 102 268 370
42 308 350 140 238 378
42 308 350 102 268 370
140 238 378 102 268 370
81 283 364 164 217 381
81 283 364 91 276 367
81 283 364 4 329 333
164 217 381 91 276 367
164 217 381 4 329 333
91 276 367 4 329 333
108 265 371 20 329 333
98 271 369 114 259 373
178 204 382 52 302 354
60 328 334 178 216 380
23 319 342 163 218 381
123 252 375 60 297 357
176 206 382 32 314 346
176 206 382 118 256 374
176 206 382 94 274 368
32 314 346 118 256 374
32 314 346 94 274 368
118 256 374 94 274 368
153 227 380 12 325 337
162 219 381 87 279 366
57 299 356 44 307 351
25 318 343 175 207 382
145 234 379 39 310 349
145 234 379 105 266 371
39 310 349 105 266 371
101 269 370 71 290 361
74 288 362 174 208 382
68 292 360 152 228 380
127 249 376 16 323 339
90 277 367 122 253 375
173 209 382 34 313 347
54 301 355 65 294 359
97 272 369 27 317 344
160 221 381 144 235 379
18 322 340 172 210 382
29 316 345 20 321 341
159 222 381 51 303 354
15 263 373 43 257 375
59 298 357 137 241 378
36 312 348 108 264 372
126 250 376 86 280 366
1 331 332 143 236 379
100 270 370 150 230 380
169 213 382 158 223 381
73 289 362 89 278 367
31 315 346 70 291 361
41 274 369 1 281 366
9 327 336 96 273 369
76 287 363 43 308 351
48 305 353 67 293 360
136 242 378 168 214 382
185 246 373 202 229 375
79 285 364 149 231 380
11 326 337 38 311 349
24 319 343 157 224 381
125 251 376 64 295 359
5 297 358 90 263 373
190 193 383 53 302 355
190 193 383 82 283 365
190 193 383 130 247 377
190 193 383 167 215 382
190 193 383 13 325 338
53 302 355 82 283 365
53 302 355 130 247 377
53 302 355 167 215 382
53 302 355 13 325 338
82 283 365 130 247 377
82 283 365 167 215 382
82 283 365 13 325 338
130 247 377 167 215 382
130 247 377 13 325 338
167 215 382 13 325 338
188 195 383 107 265 372
187 196 383 103 268 371
33 314 347 61 297 358
33 314 347 111 262 373
33 314 347 186 197 383
61 297 358 111 262 373
61 297 358 186 197 383
111 262 373 186 197 383
15 324 339 156 225 381
166 216 382 26 318 344
99 271 370 85 281 366
183 200 383 45 307 352
159 175 388 63 241 380
58 299 357 182 201 383
141 220 383 33 284 365
95 274 369 155 226 381
25 213 386 87 190 389
88 279 367 129 248 377
177 205 383 23 317 345
147 233 380 180 203 383
147 233 380 28 317 345
147 233 380 35 313 348
180 203 383 28 317 345
180 203 383 35 313 348
28 317 345 35 313 348
69 292 361 179 204 383
140 239 379 55 301 356
78 286 364 106 266 372
78 286 364 134 244 378
106 266 372 134 244 378
178 205 383 110 263 373
154 227 381 102 269 371
141 294 358 174 258 371
42 309 351 21 321 342
47 306 353 163 219 382
47 306 353 2 331 333
47 306 353 177 206 383
163 219 382 2 331 333
163 219 382 177 206 383
2 331 333 177 206 383
30 316 346 114 260 374
30 316 346 4 330 334
30 316 346 146 234 380
114 260 374 4 330 334
114 260 374 146 234 380
4 330 334 146 234 380
123 253 376 176 207 383
123 253 376 37 312 349
123 253 376 128 249 377
176 207 383 37 312 349
176 207 383 128 249 377
37 312 349 128 249 377
181 262 369 141 313 346
162 220 382 60 298 358
175 208 383 23 320 343
118 257 375 10 327 337
118 257 375 133 245 378
10 327 337 133 245 378
32 315 347 87 280 367
57 300 357 105 267 372
152 229 381 109 264 373
49 305 354 101 270 371
49 305 354 14 325 339
49 305 354 39 311 350
101 270 371 14 325 339
101 270 371 39 311 350
14 325 339 39 311 350
138 241 379 71 291 362
138 241 379 74 289 363
138 241 379 113 261 374
71 291 362 74 289 363
71 291 362 113 261 374
74 289 363 113 261 374
68 293 361 77 287 364
68 293 361 172 211 383
77 287 364 172 211 383
160 222 382 90 278 368
96 214 386 74 226 384
144 236 380 16 324 340
223 321 326 246 277 349
65 295 360 80 285 365
54 302 356 34 314 348
117 258 375 27 318 345
82 257 376 128 226 383
83 283 366 62 297 359
83 283 366 159 223 382
83 283 366 18 323 341
62 297 359 159 223 382
62 297 359 18 323 341
159 223 382 18 323 341
46 307 353 137 242 379
143 237 380 108 265 373
51 304 355 121 255 376
59 299 358 29 317 346
59 299 358 86 281 367
59 299 358 169 214 383
29 317 346 86 281 367
29 317 346 169 214 383
86 281 367 169 214 383
112 262 374 158 224 382
142 224 383 98 257 376
38 241 381 137 186 389
89 279 368 136 243 379
89 279 368 191 193 384
89 279 368 56 301 357
89 279 368 149 232 381
89 279 368 7 329 336
136 243 379 191 193 384
136 243 379 56 301 357
136 243 379 149 232 381
136 243 379 7 329 336
191 193 384 56 301 357
191 193 384 149 232 381
191 193 384 7 329 336
56 301 357 149 232 381
56 301 357 7 329 336
149 232 381 7 329 336
190 194 384 96 274 370
157 225 382 73 290 363
142 238 380 70 292 362
188 196 384 76 288 364
43 309 352 187 197 384
43 309 352 9 328 337
43 309 352 167 216 383
187 197 384 9 328 337
187 197 384 167 216 383
9 328 337 167 216 383
186 198 384 48 306 354
130 248 378 38 312 350
24 320 344 184 200 384
24 320 344 120 256 376
24 320 344 64 296 360
184 200 384 120 256 376
184 200 384 64 296 360
120 256 376 64 296 360
166 217 383 107 266 373
82 284 366 156 226 382
92 277 369 53 303 356
92 277 369 148 233 381
92 277 369 103 269 372
53 303 356 148 233 381
53 303 356 103 269 372
148 233 381 103 269 372
111 263 374 13 326 339
141 239 380 135 244 379
99 272 371 181 203 384
165 218 383 85 282 367
15 325 340 115 260 375
179 205 384 40 311 351
147 234 381 129 249 378
164 219 383 17 324 341
50 305 355 95 275 370
35 314 349 134 245 379
154 228 382 28 318 346
177 207 384 72 291 363
69 293 362 106 267 373
69 293 362 19 323 342
106 267 373 19 323 342
78 287 365 55 302 357
160 278 366 128 330 334
146 235 381 66 295 361
81 285 366 114 261 375
74 318 346 186 214 382
42 310 352 128 250 378
153 229 382 162 221 383
153 229 382 98 273 371
153 229 382 21 322 343
153 229 382 47 307 354
153 229 382 123 254 377
162 221 383 98 273 371
162 221 383 21 322 343
162 221 383 47 307 354
162 221 383 123 254 377
98 273 371 21 322 343
98 273 371 47 307 354
98 273 371 123 254 377
21 322 343 47 307 354
21 322 343 123 254 377
47 307 354 123 254 377
4 331 335 139 241 380
174 210 384 6 330 336
145 236 381 60 299 359
173 211 384 23 321 344
10 328 338 152 230 382
32 316 348 172 212 384
123 261 375 45 327 339
57 301 358 127 251 378
101 271 372 44 309 353
147 305 353 217 227 375
122 255 377 113 262 375
135 163 392 40 217 387
144 237 381 39 312 351
144 237 381 171 213 384
39 312 351 171 213 384
74 290 364 14 326 340
132 247 379 71 292 363
159 224 383 117 259 376
80 286 366 170 214 384
16 325 341 65 296 361
150 232 382 62 298 360
18 324 342 126 252 378
93 277 370 158 225 383
46 308 354 108 266 374
35 265 375 115 225 385
121 256 377 41 311 352
121 256 377 104 269 373
121 256 377 131 248 379
41 311 352 104 269 373
41 311 352 131 248 379
104 269 373 131 248 379
112 263 375 192 193 385
189 196 385 59 300 359
189 196 385 51 305 356
59 300 359 51 305 356
20 323 343 188 197 385
157 226 383 149 233 382
60 318 347 165 228 382
136 244 380 116 260 376
1 333 334 142 239 381
164 328 334 178 296 356
5 331 336 184 201 385
5 331 336 89 280 369
5 331 336 96 275 371
184 201 385 89 280 369
184 201 385 96 275 371
89 280 369 96 275 371
22 322 344 56 302 358
183 202 385 70 293 363
183 202 385 125 253 378
183 202 385 7 330 337
70 293 363 125 253 378
70 293 363 7 330 337
125 253 378 7 330 337
156 227 383 31 317 348
43 310 353 182 203 385
43 310 353 67 295 362
182 203 385 67 295 362
9 329 338 79 287 366
120 257 377 48 307 355
107 267 374 38 313 351
64 297 361 11 328 339
82 285 367 103 270 373
141 240 381 24 321 345
141 240 381 111 264 375
141 240 381 165 219 384
24 321 345 111 264 375
24 321 345 165 219 384
111 264 375 165 219 384
135 245 380 180 205 385
185 317 341 205 283 359
155 228 383 13 327 340
115 261 376 61 299 360
147 235 382 178 207 385
129 250 379 15 326 341
95 276 371 140 241 381
154 229 383 58 301 359
88 281 369 163 221 384
50 306 356 134 246 380
146 236 382 106 268 374
87 254 379 137 219 386
75 290 365 110 265 375
75 290 365 175 210 385
75 290 365 35 315 350
110 265 375 175 210 385
110 265 375 35 315 350
175 210 385 35 315 350
18 319 347 137 242 381
162 222 384 78 288 366
153 230 383 55 303 358
114 262 376 66 296 362
91 279 370 174 211 385
139 242 381 81 286 367
42 311 353 63 298 361
133 247 380 47 308 355
133 247 380 173 212 385
47 308 355 173 212 385
161 223 384 21 323 344
2 333 335 145 237 382
84 284 368 4 332 336
37 314 351 6 331 337
25 223 387 145 157 393
52 305 357 172 213 385
87 282 369 138 243 381
171 214 385 10 329 339
171 214 385 105 269 374
171 214 385 109 266 375
10 329 339 105 269 374
10 329 339 109 266 375
105 269 374 109 266 375
144 238 382 122 256 378
32 317 349 151 232 383
32 317 349 113 263 376
32 317 349 101 272 373
151 232 383 113 263 376
151 232 383 101 272 373
113 263 376 101 272 373
12 328 340 132 248 380
74 291 365 25 321 346
49 307 356 71 293 364
77 289 366 14 327 341
117 260 377 97 275 372
117 260 377 68 295 363
97 275 372 68 295 363
150 233 383 65 297 362
109 203 390 47 234 385
193 193 386 143 239 382
54 304 358 16 326 342
54 304 358 158 226 384
54 304 358 192 194 386
16 326 342 158 226 384
16 326 342 192 194 386
158 226 384 192 194 386
190 196 386 34 316 350
126 253 379 189 197 386
27 320 347 168 217 385
27 320 347 83 285 368
168 217 385 83 285 368
62 299 361 187 199 386
93 278 371 121 257 378
104 270 374 186 200 386
46 309 355 185 201 386
41 312 353 157 227 384
149 234 383 86 283 369
42 254 380 142 196 390
136 245 381 59 301 360
116 261 377 29 319 348
172 300 356 220 244 372
96 276 372 156 228 384
89 281 370 125 254 379
89 281 370 181 205 386
89 281 370 1 334 335
125 254 379 181 205 386
125 254 379 1 334 335
181 205 386 1 334 335
73 292 365 148 235 383
73 292 365 5 332 337
148 235 383 5 332 337
76 290 366 180 206 386
76 290 366 70 294 364
180 206 386 70 294 364
79 288 367 67 296 363
31 318 349 141 241 382
31 318 349 43 311 354
31 318 349 179 207 386
141 241 382 43 311 354
141 241 382 179 207 386
43 311 354 179 207 386
9 330 339 135 246 381
111 265 376 155 229 384
82 286 368 178 208 386
82 286 368 38 314 352
82 286 368 64 298 362
178 208 386 38 314 352
178 208 386 64 298 362
38 314 352 64 298 362
11 329 340 164 221 385
53 305 358 115 262 377
177 209 386 99 274 373
57 329 340 193 204 385
85 284 369 129 251 380
85 284 369 61 300 361
85 284 369 124 255 379
129 251 380 61 300 361
129 251 380 124 255 379
61 300 361 124 255 379
154 230 384 176 210 386
33 317 350 163 222 385
26 321 347 119 259 378
26 321 347 134 247 381
119 259 378 134 247 381
88 282 370 58 302 360
50 307 357 162 223 385
123 180 393 15 228 387
35 316 351 69 295 364
128 252 380 28 320 348
173 213 386 78 289 367
173 213 386 114 263 377
173 213 386 139 243 382
78 289 367 114 263 377
78 289 367 139 243 382
114 263 377 139 243 382
91 280 371 161 224 385
91 280 371 19 325 344
91 280 371 55 304 359
161 224 385 19 325 344
161 224 385 55 304 359
19 325 344 55 304 359
81 287 368 133 248 381
98 275 373 145 238 383
21 324 345 84 285 369
171 215 386 30 319 349
94 278 372 6 332 338
94 278 372 138 244 382
94 278 372 52 306 358
6 332 338 138 244 382
6 332 338 52 306 358
138 244 382 52 306 358
159 257 377 113 303 359
72 224 388 124 192 392
8 331 339 151 233 384
8 331 339 144 239 383
8 331 339 109 267 376
151 233 384 144 239 383
151 233 384 109 267 376
144 239 383 109 267 376
23 323 346 122 257 379
98 249 382 74 263 378
192 195 387 57 303 360
191 196 387 12 329 341
117 261 378 189 198 387
71 294 365 90 281 371
97 276 373 49 308 357
97 276 373 188 199 387
49 308 357 188 199 387
137 245 382 77 290 367
137 245 382 25 322 347
137 245 382 158 227 385
77 290 367 25 322 347
77 290 367 158 227 385
25 322 347 158 227 385
143 240 383 187 200 387
168 218 386 14 328 342
65 298 363 185 202 387
159 277 370 123 334 335
54 305 359 131 250 381
184 203 387 16 327 343
83 286 369 167 219 386
83 286 369 34 317 351
83 286 369 121 258 379
167 219 386 34 317 351
167 219 386 121 258 379
34 317 351 121 258 379
183 204 387 93 279 372
183 204 387 27 321 348
93 279 372 27 321 348
149 235 384 104 271 375
213 279 362 243 246 367
18 326 344 136 246 382
86 284 370 100 274 374
86 284 370 46 310 356
86 284 370 166 220 386
100 274 374 46 310 356
100 274 374 166 220 386
46 310 356 166 220 386
41 313 354 181 206 387
125 255 380 20 325 345
36 316 352 148 236 384
130 251 381 165 221 386
96 277 373 179 208 387
120 259 379 1 335 336
3 334 337 141 242 383
3 334 337 73 293 366
3 334 337 178 209 387
141 242 383 73 293 366
141 242 383 178 209 387
73 293 366 178 209 387
70 295 365 155 230 385
5 333 338 135 247 382
164 222 386 22 324 346
107 269 376 79 289 368
7 332 339 67 297 364
103 272 375 43 312 355
147 237 384 48 309 357
176 211 387 64 299 363
115 263 378 38 315 353
99 275 374 154 231 385
99 275 374 11 330 341
154 231 385 11 330 341
175 212 387 140 243 383
56 218 390 120 182 394
33 318 351 174 213 387
162 224 386 146 238 384
198 209 385 77 330 341
15 328 343 153 232 385
45 288 369 144 225 387
173 214 387 58 303 361
106 270 376 40 314 354
17 327 344 128 253 381
72 294 366 114 264 378
123 257 380 75 292 367
123 257 380 172 215 387
75 292 367 172 215 387
145 239 384 69 296 365
152 233 385 35 317 352
91 281 372 28 321 349
98 276 374 66 298 364
81 288 369 171 216 387
53 247 384 123 208 391
170 217 387 138 245 383
170 217 387 42 313 355
170 217 387 47 310 357
138 245 383 42 313 355
138 245 383 47 310 357
42 313 355 47 310 357
151 234 385 21 325 346
159 227 386 94 279 373
159 227 386 127 254 381
94 279 373 127 254 381
194 194 388 4 334 338
52 307 359 109 268 377
52 307 359 191 197 388
52 307 359 37 316 353
109 268 377 191 197 388
109 268 377 37 316 353
191 197 388 37 316 353
60 302 362 190 198 388
60 302 362 132 250 382
60 302 362 122 258 380
190 198 388 132 250 382
190 198 388 122 258 380
132 250 382 122 258 380
189 199 388 87 284 371
188 200 388 8 332 340
23 324 347 187 201 388
25 304 361 179 200 389
186 202 388 158 228 386
117 262 379 137 246 383
32 319 351 57 304 361
32 319 351 143 241 384
57 304 361 143 241 384
90 282 372 12 330 342
74 293 367 97 277 374
44 312 356 184 204 388
25 323 348 183 205 388
25 323 348 167 220 387
25 323 348 68 297 365
183 205 388 167 220 387
183 205 388 68 297 365
167 220 387 68 297 365
126 255 381 39 315 354
157 229 386 131 251 382
157 229 386 14 329 343
131 251 382 14 329 343
65 299 364 121 259 380
65 299 364 149 236 385
121 259 380 149 236 385
181 207 388 108 269 377
16 328 344 104 272 376
34 318 352 112 266 378
34 318 352 142 242 384
112 266 378 142 242 384
137 318 350 182 262 375
27 322 349 62 301 363
116 263 379 179 209 388
18 327 345 165 222 387
130 252 382 178 210 388
164 332 336 196 276 368
29 321 350 155 231 386
164 223 387 89 283 372
164 223 387 177 211 388
164 223 387 36 317 353
89 283 372 177 211 388
89 283 372 36 317 353
177 211 388 36 317 353
158 174 394 54 242 386
76 292 368 176 212 388
107 270 377 3 335 338
107 270 377 147 238 385
3 335 338 147 238 385
79 290 369 5 334 339
163 224 387 103 273 376
22 325 347 67 298 365
7 333 340 175 213 388
43 313 356 92 281 373
115 264 379 31 320 351
48 310 358 82 288 370
9 332 341 124 257 381
64 300 364 140 244 384
174 214 388 38 316 354
134 249 383 11 331 342
85 286 371 146 239 385
201 290 361 191 305 354
153 233 386 61 302 363
112 309 358 203 218 384
139 335 336 224 225 379
172 216 388 88 284 372
15 329 344 139 245 384
106 271 377 26 323 349
128 254 382 58 304 362
40 315 355 145 240 385
152 234 386 102 274 376
114 265 379 50 309 359
160 227 387 17 328 345
160 227 387 75 293 368
160 227 387 72 295 367
17 328 345 75 293 368
17 328 345 72 295 367
75 293 368 72 295 367
69 297 366 78 291 369
35 318 353 98 277 375
118 262 380 170 218 388
118 262 380 28 322 350
170 218 388 28 322 350
194 195 389 55 306 361
194 195 389 81 289 370
194 195 389 66 299 365
55 306 361 81 289 370
55 306 361 66 299 365
81 289 370 66 299 365
191 198 389 19 327 346
151 235 386 190 199 389
189 200 389 144 241 385
169 219 388 84 287 371
169 219 388 63 301 364
169 219 388 188 201 389
84 287 371 63 301 364
84 287 371 188 201 389
63 301 364 188 201 389
187 202 389 47 311 358
109 269 378 122 259 381
109 269 378 186 203 389
109 269 378 21 326 347
122 259 381 186 203 389
122 259 381 21 326 347
186 203 389 21 326 347
4 335 339 185 204 389
52 308 360 168 220 388
37 317 354 158 229 387
60 303 363 87 285 372
84 322 350 140 266 378
150 236 386 6 334 340
184 205 389 101 275 376
132 226 389 66 268 379
58 335 339 75 311 358
137 247 384 8 333 341
23 325 348 117 263 380
138 230 388 100 258 382
59 249 385 95 231 389
90 283 373 97 278 375
90 283 373 57 305 362
90 283 373 157 230 387
97 278 375 57 305 362
97 278 375 157 230 387
57 305 362 157 230 387
74 294 368 126 256 382
71 296 367 181 208 389
77 292 369 44 313 357
77 292 369 12 331 343
77 292 369 131 252 383
44 313 357 12 331 343
44 313 357 131 252 383
12 331 343 131 252 383
166 222 388 68 298 366
54 233 389 117 199 394
57 178 397 87 163 398
121 260 381 180 209 389
121 260 381 39 316 355
121 260 381 25 324 349
180 209 389 39 316 355
180 209 389 25 324 349
39 316 355 25 324 349
112 267 379 83 288 371
112 267 379 104 273 377
83 288 371 104 273 377
54 307 361 93 281 374
178 211 389 34 319 353
141 261 380 75 324 349
62 302 364 148 238 386
116 264 380 100 276 376
130 253 383 125 257 382
46 312 358 18 328 346
41 315 356 141 244 385
146 225 389 41 291 370
176 213 389 59 304 363
190 244 381 125 316 354
120 261 381 135 249 384
120 261 381 96 279 375
120 261 381 51 309 360
135 249 384 96 279 375
135 249 384 51 309 360
96 279 375 51 309 360
29 322 351 147 239 386
20 327 347 163 225 388
154 233 387 107 271 378
111 268 379 76 293 369
179 265 376 151 296 365
1 337 338 103 274 377
174 215 389 79 291 370
129 254 383 67 299 366
115 265 380 140 245 385
115 265 380 5 335 340
140 245 385 5 335 340
22 326 348 124 258 382
22 326 348 162 226 388
22 326 348 92 282 374
124 258 382 162 226 388
124 258 382 92 282 374
162 226 388 92 282 374
82 289 371 7 334 341
48 311 359 99 277 376
48 311 359 31 321 352
48 311 359 173 216 389
99 277 376 31 321 352
99 277 376 173 216 389
31 321 352 173 216 389
134 250 384 146 240 386
153 234 387 9 333 342
172 217 389 161 227 388
172 217 389 11 332 343
172 217 389 53 308 361
161 227 388 11 332 343
161 227 388 53 308 361
11 332 343 53 308 361
164 261 379 109 324 349
152 235 387 88 285 373
152 235 387 128 255 383
152 235 387 33 320 353
88 285 373 128 255 383
88 285 373 33 320 353
128 255 383 33 320 353
62 160 399 113 126 400
145 241 386 110 269 379
195 195 390 15 330 345
114 266 380 194 196 390
114 266 380 26 324 350
194 196 390 26 324 350
45 313 358 193 197 390
45 313 358 58 305 363
45 313 358 102 275 377
193 197 390 58 305 363
193 197 390 102 275 377
58 305 363 102 275 377
170 219 389 191 199 390
184 333 335 216 275 367
190 200 390 50 310 360
189 201 390 75 294 369
91 283 374 17 329 346
78 292 370 188 202 390
118 263 381 69 298 367
151 236 387 159 229 388
138 247 385 187 203 390
35 319 354 81 290 371
186 204 390 66 300 366
103 214 393 58 237 389
127 256 383 19 328 347
84 288 372 132 252 384
122 260 382 158 230 388
94 281 375 109 270 379
105 208 394 56 233 390
105 273 378 150 237 387
105 273 378 42 315 357
105 273 378 183 207 390
150 237 387 42 315 357
150 237 387 183 207 390
42 315 357 183 207 390
180 186 393 36 282 375
182 208 390 30 322 352
167 222 389 87 286 373
167 222 389 2 337 339
167 222 389 143 243 386
87 286 373 2 337 339
87 286 373 143 243 386
2 337 339 143 243 386
24 250 386 120 206 394
101 276 377 52 309 361
4 336 340 60 304 364
6 335 341 181 209 390
65 309 361 39 335 341
41 291 371 139 231 389
157 240 386 64 318 355
166 223 389 23 326 349
126 257 383 149 238 387
97 279 376 131 253 384
108 142 400 32 180 398
179 211 390 74 295 369
71 297 368 32 321 353
44 314 358 142 244 386
12 332 344 156 232 388
49 311 360 136 249 385
49 311 360 80 291 371
49 311 360 165 224 389
136 249 385 80 291 371
136 249 385 165 224 389
80 291 371 165 224 389
86 250 386 166 190 394
39 317 356 108 271 379
14 331 345 65 301 366
148 239 387 83 289 372
93 282 375 177 213 390
116 265 381 164 225 389
100 277 377 155 233 388
34 320 354 16 330 346
34 320 354 130 254 384
34 320 354 176 214 390
16 330 346 130 254 384
16 330 346 176 214 390
130 254 384 176 214 390
62 303 365 125 258 383
175 215 390 135 250 385
163 226 389 46 313 359
237 277 362 218 303 353
51 310 361 89 285 374
201 203 389 103 291 371
107 272 379 29 323 352
111 269 380 36 319 355
76 294 370 140 246 386
103 275 378 173 217 390
79 292 371 124 259 383
1 338 339 146 241 387
153 235 388 67 300 367
153 235 388 92 283 375
153 235 388 3 337 340
67 300 367 92 283 375
67 300 367 3 337 340
92 283 375 3 337 340
82 290 372 172 218 390
99 278 377 22 327 349
7 335 342 43 315 358
31 322 353 119 263 382
45 322 353 98 283 375
64 274 379 104 251 386
139 247 386 194 197 391
53 309 362 193 198 391
192 199 391 11 333 344
61 304 365 160 229 389
61 304 365 191 200 391
61 304 365 95 281 376
160 229 389 191 200 391
160 229 389 95 281 376
191 200 391 95 281 376
14 282 376 168 194 394
170 220 390 110 270 380
189 202 391 106 273 379
133 252 385 13 332 345
133 252 385 123 260 383
13 332 345 123 260 383
114 267 381 33 321 354
2 211 395 89 185 398
159 230 389 186 205 391
159 230 389 15 331 346
159 230 389 45 314 359
159 230 389 169 221 390
159 230 389 26 325 351
186 205 391 15 331 346
186 205 391 45 314 359
186 205 391 169 221 390
186 205 391 26 325 351
15 331 346 45 314 359
15 331 346 169 221 390
15 331 346 26 325 351
45 314 359 169 221 390
45 314 359 26 325 351
169 221 390 26 325 351
130 274 378 78 326 350
50 311 361 185 206 391
118 264 382 138 248 386
72 297 369 144 243 387
64 314 359 106 281 376
98 279 377 78 293 371
184 207 391 69 299 368
183 208 391 127 257 384
158 231 389 66 301 367
55 308 363 132 253 385
84 289 373 19 329 348
181 210 391 105 274 379
143 244 387 113 268 381
101 277 378 87 287 374
117 265 382 30 323 353
2 338 340 52 310 362
4 337 341 179 212 391
4 337 341 37 319 356
4 337 341 149 239 388
179 212 391 37 319 356
179 212 391 149 239 388
37 319 356 149 239 388
126 258 384 6 336 342
97 280 377 8 335 343
200 244 382 130 332 344
90 285 375 165 225 390
142 245 387 23 327 350
200 236 384 160 276 376
10 334 344 136 250 386
10 334 344 74 296 370
136 250 386 74 296 370
71 298 369 77 294 371
71 298 369 177 214 391
77 294 371 177 214 391
148 240 388 108 272 380
148 240 388 68 300 368
148 240 388 80 292 372
108 272 380 68 300 368
108 272 380 80 292 372
68 300 368 80 292 372
112 269 381 49 312 361
165 258 382 102 330 347
104 275 379 176 215 391
25 326 351 155 234 389
65 302 367 83 290 373
116 266 382 14 332 346
122 302 366 166 258 382
69 333 345 135 267 381
125 259 384 175 216 391
54 309 363 141 246 387
84 248 388 116 228 392
62 304 366 86 288 374
34 321 355 135 251 386
27 325 352 120 263 383
162 228 390 18 330 348
173 218 391 41 317 358
89 286 375 59 306 365
181 254 382 118 331 346
140 247 387 107 273 380
103 276 379 153 236 389
103 276 379 29 324 353
103 276 379 172 219 391
153 236 389 29 324 353
153 236 389 172 219 391
29 324 353 172 219 391
124 260 384 36 320 356
73 297 370 115 267 382
20 329 349 76 295 371
161 229 390 70 299 369
56 308 364 92 284 376
56 308 364 196 196 392
92 284 376 196 196 392
67 301 368 193 199 392
1 339 340 171 220 391
41 303 367 191 193 393
3 338 341 82 291 373
119 264 383 191 201 392
22 328 350 190 202 392
48 313 361 7 336 343
48 313 361 64 303 367
48 313 361 189 203 392
48 313 361 152 237 389
48 313 361 139 248 387
7 336 343 64 303 367
7 336 343 189 203 392
7 336 343 152 237 389
7 336 343 139 248 387
64 303 367 189 203 392
64 303 367 152 237 389
64 303 367 139 248 387
189 203 392 152 237 389
189 203 392 139 248 387
152 237 389 139 248 387
170 221 391 85 289 374
187 205 392 128 257 385
53 310 363 95 282 377
61 305 366 11 334 345
61 305 366 110 271 381
11 334 345 110 271 381
24 327 351 123 261 384
88 287 375 185 207 392
102 277 379 13 333 346
18 290 374 74 270 382
183 209 392 168 223 391
58 307 365 118 265 383
91 285 376 75 296 371
50 312 362 98 280 378
50 312 362 182 210 392
50 312 362 40 318 358
50 312 362 72 298 370
50 312 362 158 232 390
98 280 378 182 210 392
98 280 378 40 318 358
98 280 378 72 298 370
98 280 378 158 232 390
182 210 392 40 318 358
182 210 392 72 298 370
182 210 392 158 232 390
40 318 358 72 298 370
40 318 358 158 232 390
72 298 370 158 232 390
167 224 391 181 211 392
17 331 348 81 292 373
122 262 384 66 302 368
55 309 364 35 321 356
143 245 388 28 325 353
137 250 387 157 233 390
94 283 377 113 269 382
19 330 349 166 225 391
179 213 392 63 304 367
47 314 361 101 278 379
117 266 383 42 317 359
165 226 391 131 255 386
165 226 391 126 259 385
165 226 391 21 329 350
131 255 386 126 259 385
131 255 386 21 329 350
126 259 385 21 329 350
60 306 366 30 324 354
60 306 366 156 234 390
30 324 354 156 234 390
177 215 392 37 320 357
142 246 388 4 338 342
97 281 378 6 337 343
136 251 387 121 263 384
176 216 392 8 336 344
148 241 389 164 227 391
77 295 372 57 308 365
155 235 390 10 335 345
175 217 392 32 323 355
175 217 392 80 293 373
32 323 355 80 293 373
44 316 360 104 276 380
141 247 388 163 228 391
141 247 388 116 267 383
141 247 388 93 284 377
163 228 391 116 267 383
163 228 391 93 284 377
116 267 383 93 284 377
83 291 374 39 319 358
65 303 368 25 327 352
14 333 347 147 242 389
72 313 362 58 327 352
80 202 398 118 178 400
54 310 364 154 236 390
140 248 388 172 220 392
153 237 390 195 198 393
146 243 389 129 257 386
146 243 389 107 274 381
146 243 389 18 331 349
146 243 389 41 318 359
146 243 389 194 199 393
146 243 389 59 307 366
146 243 389 111 271 382
129 257 386 107 274 381
129 257 386 18 331 349
129 257 386 41 318 359
129 257 386 194 199 393
129 257 386 59 307 366
129 257 386 111 271 382
107 274 381 18 331 349
107 274 381 41 318 359
107 274 381 194 199 393
107 274 381 59 307 366
107 274 381 111 271 382
18 331 349 41 318 359
18 331 349 194 199 393
18 331 349 59 307 366
18 331 349 111 271 382
41 318 359 194 199 393
41 318 359 59 307 366
41 318 359 111 271 382
194 199 393 59 307 366
194 199 393 111 271 382
59 307 366 111 271 382
51 312 363 192 201 393
134 253 387 191 202 393
115 268 383 103 277 380
172 240 388 80 332 348
36 321 357 189 204 393
70 300 370 20 330 350
188 205 393 92 285 377
160 231 391 99 280 379
160 231 391 56 309 365
160 231 391 119 265 384
99 280 379 56 309 365
99 280 379 119 265 384
56 309 365 119 265 384
152 238 390 170 222 392
187 206 393 67 302 369
1 340 341 145 244 389
186 207 393 3 339 342
43 317 360 185 208 393
128 258 386 48 314 362
7 337 344 169 223 392
184 209 393 159 232 391
123 262 385 95 283 378
18 262 386 158 186 398
28 262 386 164 182 398
110 272 382 38 320 358
211 268 375 180 307 361
106 275 381 151 239 390
61 306 367 114 269 383
168 224 392 88 288 376
168 224 392 24 328 352
88 288 376 24 328 352
152 168 400 8 240 392
138 250 388 102 278 380
141 203 397 43 259 387
214 244 382 146 332 346
13 334 347 158 233 391
181 212 393 33 323 356
98 281 379 127 259 386
98 281 379 91 286 377
127 259 386 91 286 377
180 213 393 132 255 387
180 213 393 75 297 372
180 213 393 15 333 348
132 255 387 75 297 372
132 255 387 15 333 348
75 297 372 15 333 348
50 313 363 78 295 373
179 214 393 81 293 374
179 214 393 143 246 389
179 214 393 157 234 391
81 293 374 143 246 389
81 293 374 157 234 391
143 246 389 157 234 391
137 251 388 17 332 349
178 215 393 35 322 357
178 215 393 113 270 383
35 322 357 113 270 383
105 276 381 84 291 375
28 326 354 94 284 378
63 305 368 165 227 392
117 267 384 177 216 393
101 279 380 156 235 391
87 289 376 131 256 387
183 309 360 216 267 375
136 252 388 52 312 364
136 252 388 164 228 392
52 312 364 164 228 392
2 340 342 148 242 390
125 228 394 20 278 381
97 282 379 37 321 358
175 218 393 90 287 377
125 217 396 4 267 385
74 298 372 108 274 382
112 271 383 23 329 352
112 271 383 77 296 373
112 271 383 163 229 392
23 329 352 77 296 373
23 329 352 163 229 392
77 296 373 163 229 392
57 309 366 174 219 393
93 227 395 115 213 397
141 248 389 104 277 381
80 294 374 10 336 346
32 324 356 116 268 384
233 321 341 267 271 359
147 243 390 93 285 378
49 314 363 154 237 391
12 335 347 135 253 388
12 335 347 173 220 393
12 335 347 83 292 375
135 253 388 173 220 393
135 253 388 83 292 375
173 220 393 83 292 375
39 320 359 65 304 369
196 198 394 14 334 348
195 199 394 54 311 365
194 200 394 86 290 376
192 202 394 62 306 368
34 323 357 153 238 391
96 283 379 16 333 349
96 283 379 161 231 392
16 333 349 161 231 392
190 204 394 146 244 390
27 327 354 171 222 393
27 327 354 129 258 387
171 222 393 129 258 387
89 288 377 111 272 383
124 262 386 46 316 362
124 262 386 134 254 388
124 262 386 188 206 394
46 316 362 134 254 388
46 316 362 188 206 394
134 254 388 188 206 394
115 269 384 41 319 360
103 278 381 187 207 394
73 299 372 76 297 373
70 301 371 119 266 385
70 301 371 139 250 389
70 301 371 29 326 355
70 301 371 79 295 374
70 301 371 185 209 394
119 266 385 139 250 389
119 266 385 29 326 355
119 266 385 79 295 374
119 266 385 185 209 394
139 250 389 29 326 355
139 250 389 79 295 374
139 250 389 185 209 394
29 326 355 79 295 374
29 326 355 185 209 394
79 295 374 185 209 394
92 286 378 36 322 358
99 281 380 20 331 351
184 210 394 56 310 366
67 303 370 82 293 375
123 333 348 213 228 387
128 259 387 159 233 392
183 211 394 1 341 342
3 340 343 133 255 388
5 339 344 85 291 376
5 339 344 151 240 391
5 339 344 64 305 369
85 291 376 151 240 391
85 291 376 64 305 369
151 240 391 64 305 369
43 318 361 123 263 386
48 315 363 168 225 393
110 273 383 7 338 345
31 325 356 95 284 379
114 270 384 144 246 390
138 251 389 9 337 346
138 251 389 181 213 394
138 251 389 38 321 359
9 337 346 181 213 394
9 337 346 38 321 359
181 213 394 38 321 359
88 289 377 61 307 368
11 336 347 24 329 353
127 260 387 13 335 348
166 227 393 91 287 378
166 227 393 58 309 367
91 287 378 58 309 367
45 317 362 75 298 373
45 317 362 143 247 390
75 298 373 143 247 390
26 328 354 178 216 394
26 328 354 122 264 386
26 328 354 78 296 374
178 216 394 122 264 386
178 216 394 78 296 374
122 264 386 78 296 374
55 246 392 154 183 400
111 327 354 123 309 366
117 311 365 195 233 389
109 274 383 149 242 391
172 292 372 148 332 348
105 277 382 17 333 350
156 236 392 84 292 376
94 285 379 55 311 366
117 268 385 28 327 355
63 306 369 126 261 387
19 332 351 164 229 393
111 326 355 201 230 389
148 243 391 47 316 363
5 295 375 145 225 395
23 279 382 146 213 397
52 313 365 97 283 380
30 326 356 174 220 394
2 341 343 37 322 359
229 329 337 251 287 359
6 339 345 141 249 390
173 221 394 74 299 373
154 238 392 104 278 382
154 238 392 8 338 346
104 278 382 8 338 346
147 244 391 71 301 372
57 310 367 23 330 353
57 310 367 125 262 387
57 310 367 197 198 395
23 330 353 125 262 387
23 330 353 197 198 395
125 262 387 197 198 395
116 269 385 196 199 395
80 295 375 195 200 395
135 254 389 194 201 395
10 337 347 193 202 395
32 325 357 192 203 395
44 318 362 172 222 394
49 315 364 100 281 381
49 315 364 191 204 395
100 281 381 191 204 395
190 205 395 65 305 370
189 206 395 25 329 354
153 239 392 161 232 393
171 223 394 86 291 377
201 203 394 86 303 371
146 245 391 14 335 349
171 316 359 236 239 381
186 209 395 134 255 389
16 334 350 170 224 394
124 263 387 107 276 383
160 233 393 27 328 355
194 210 394 54 334 350
185 210 395 115 270 385
46 317 363 103 279 382
184 211 395 41 320 361
145 246 391 139 251 390
145 246 391 51 314 365
145 246 391 169 225 394
139 251 390 51 314 365
139 251 390 169 225 394
51 314 365 169 225 394
183 212 395 73 300 373
159 234 393 99 282 381
29 327 356 36 323 359
81 300 373 45 327 356
128 260 388 20 332 352
82 294 376 168 226 394
151 241 392 56 311 367
151 241 392 133 256 389
151 241 392 67 304 371
56 311 367 133 256 389
56 311 367 67 304 371
133 256 389 67 304 371
144 247 391 3 341 344
110 274 384 64 306 370
180 215 395 95 285 380
180 215 395 5 340 345
95 285 380 5 340 345
106 277 383 22 331 353
106 277 383 43 319 362
106 277 383 167 227 394
22 331 353 43 319 362
22 331 353 167 227 394
43 319 362 167 227 394
7 339 346 31 326 357
102 280 382 150 242 392
102 280 382 38 322 360
102 280 382 88 290 378
150 242 392 38 322 360
150 242 392 88 290 378
38 322 360 88 290 378
9 338 347 53 313 366
127 261 388 11 337 348
127 261 388 157 236 393
127 261 388 132 257 389
11 337 348 157 236 393
11 337 348 132 257 389
157 236 393 132 257 389
87 267 387 123 243 393
13 336 349 91 288 379
122 265 387 137 253 390
122 265 387 177 218 395
122 265 387 33 325 358
137 253 390 177 218 395
137 253 390 33 325 358
177 218 395 33 325 358
165 229 394 75 299 374
149 243 392 72 301 373
45 318 363 78 297 375
106 241 394 46 271 386
15 335 350 50 315 365
156 237 393 69 303 372
109 275 384 81 295 376
109 275 384 40 321 361
109 275 384 176 219 395
81 295 376 40 321 361
81 295 376 176 219 395
40 321 361 176 219 395
61 265 388 113 236 395
20 282 382 150 212 398
92 322 360 190 228 392
94 286 380 164 230 394
142 249 391 17 334 351
142 249 391 131 258 389
142 249 391 117 269 386
17 334 351 131 258 389
17 334 351 117 269 386
131 258 389 117 269 386
62 282 382 178 198 398
28 328 356 148 244 392
63 307 370 155 238 393
121 266 387 163 231 394
197 199 396 97 284 381
60 309 369 195 201 396
52 314 366 194 202 396
141 250 391 90 289 379
3 332 353 123 263 388
21 332 353 193 203 396
192 204 396 108 276 384
147 245 392 37 323 360
147 245 392 112 273 385
37 323 360 112 273 385
162 232 394 2 342 344
191 205 396 4 341 345
125 263 388 172 223 395
116 270 386 6 340 346
116 270 386 190 206 396
116 270 386 74 300 374
6 340 346 190 206 396
6 340 346 74 300 374
190 206 396 74 300 374
8 339 347 57 311 368
68 304 372 188 208 396
10 338 348 100 282 382
120 267 387 153 240 393
187 209 396 44 319 363
49 316 365 140 251 391
25 330 355 170 225 395
129 260 389 185 211 396
160 234 394 134 256 390
160 234 394 14 336 350
134 256 390 14 336 350
184 212 396 124 264 388
107 277 384 152 241 393
169 226 395 115 271 386
169 226 395 89 290 379
169 226 395 34 325 359
115 271 386 89 290 379
115 271 386 34 325 359
89 290 379 34 325 359
145 247 392 103 280 383
139 252 391 27 329 356
46 318 364 182 214 396
59 310 369 159 235 394
181 215 396 76 299 375
151 242 393 99 283 382
79 297 376 128 261 389
70 303 373 133 257 390
180 216 396 36 324 360
167 228 395 67 305 372
167 228 395 20 333 353
167 228 395 123 265 388
67 305 372 20 333 353
67 305 372 123 265 388
20 333 353 123 265 388
144 248 392 56 312 368
114 272 386 106 278 384
64 307 371 1 343 344
3 342 345 150 243 393
125 218 399 70 251 393
43 320 363 48 317 365
166 229 395 5 341 346
178 218 396 22 332 354
118 269 387 31 327 358
118 269 387 102 281 383
118 269 387 157 237 394
31 327 358 102 281 383
31 327 358 157 237 394
102 281 383 157 237 394
53 314 367 38 323 361
53 314 367 127 262 389
38 323 361 127 262 389
9 339 348 177 219 396
11 338 349 137 254 391
98 284 382 122 266 388
78 218 400 48 230 398
58 311 369 33 326 359
72 302 374 78 298 376
175 221 396 45 319 364
175 221 396 164 231 395
175 221 396 109 276 385
45 319 364 164 231 395
45 319 364 109 276 385
164 231 395 109 276 385
69 304 373 81 296 377
50 316 366 26 330 356
15 336 351 105 279 384
40 322 362 142 250 392
94 287 381 126 263 389
84 294 378 66 306 372
84 294 378 174 222 396
66 306 372 174 222 396
198 199 397 101 282 383
17 335 352 163 232 395
17 335 352 197 200 397
17 335 352 55 313 368
163 232 395 197 200 397
163 232 395 55 313 368
197 200 397 55 313 368
28 329 357 193 204 397
28 329 357 121 267 388
28 329 357 63 308 371
28 329 357 87 292 379
28 329 357 173 223 396
193 204 397 121 267 388
193 204 397 63 308 371
193 204 397 87 292 379
193 204 397 173 223 396
121 267 388 63 308 371
121 267 388 87 292 379
121 267 388 173 223 396
63 308 371 87 292 379
63 308 371 173 223 396
87 292 379 173 223 396
191 206 397 19 334 353
146 264 388 88 316 366
162 233 395 97 285 382
162 233 395 47 318 365
162 233 395 190 207 397
97 285 382 47 318 365
97 285 382 190 207 397
47 318 365 190 207 397
147 246 393 42 321 363
90 290 380 130 260 390
90 290 380 60 310 370
130 260 390 60 310 370
108 277 385 52 315 367
125 264 389 135 256 391
37 324 361 116 271 387
187 210 397 2 343 345
27 305 373 157 225 397
161 234 395 74 301 375
153 241 394 6 341 347
153 241 394 71 303 374
153 241 394 186 211 397
6 341 347 71 303 374
6 341 347 186 211 397
71 303 374 186 211 397
57 312 369 93 288 381
8 340 348 120 268 388
8 340 348 140 252 392
120 268 388 140 252 392
23 332 355 68 305 373
23 332 355 185 212 397
23 332 355 100 283 383
68 305 373 185 212 397
68 305 373 100 283 383
185 212 397 100 283 383
2 327 359 37 317 366
32 327 359 184 213 397
86 293 379 134 257 391
39 323 362 183 214 397
124 265 389 25 331 356
96 286 382 54 314 368
182 215 397 107 278 385
62 309 371 14 337 351
145 248 393 115 272 387
89 291 380 159 236 395
181 216 397 103 281 384
59 311 370 46 319 365
41 322 363 133 258 391
51 316 367 92 289 381
51 316 367 99 284 383
51 316 367 167 229 396
92 289 381 99 284 383
92 289 381 167 229 396
99 284 383 167 229 396
47 285 383 135 233 397
73 302 375 18 335 353
73 302 375 158 237 395
18 335 353 158 237 395
79 298 377 179 218 397
191 233 393 97 327 359
138 254 392 82 296 378
67 306 373 178 219 397
166 230 396 110 276 386
166 230 396 20 334 354
166 230 396 150 244 394
110 276 386 20 334 354
110 276 386 150 244 394
20 334 354 150 244 394
123 336 351 171 273 384
106 279 385 85 294 379
157 238 395 95 287 382
129 304 373 177 256 389
48 318 366 102 282 384
43 321 364 132 259 391
143 250 393 127 263 390
143 250 393 22 333 355
143 250 393 5 342 347
127 263 390 22 333 355
127 263 390 5 342 347
22 333 355 5 342 347
176 221 397 31 328 359
185 216 397 45 328 359
182 229 395 65 343 346
53 315 368 137 255 392
61 310 371 149 245 394
9 340 349 156 239 395
98 285 383 175 222 397
164 232 396 24 332 356
91 290 381 11 339 350
109 277 386 199 199 398
58 312 370 198 200 398
197 201 398 174 223 397
197 201 398 113 274 387
197 201 398 142 251 393
197 201 398 13 338 351
197 201 398 78 299 377
174 223 397 113 274 387
174 223 397 142 251 393
174 223 397 13 338 351
174 223 397 78 299 377
113 274 387 142 251 393
113 274 387 13 338 351
113 274 387 78 299 377
142 251 393 13 338 351
142 251 393 78 299 377
13 338 351 78 299 377
72 303 375 33 327 360
155 240 395 45 320 365
155 240 395 105 280 385
45 320 365 105 280 385
194 204 398 148 246 394
117 271 388 163 233 396
50 317 367 193 205 398
15 337 352 40 323 363
192 206 398 94 288 382
63 291 381 171 213 399
191 207 398 66 307 373
70 284 384 186 196 400
87 293 380 172 225 397
154 241 395 35 326 361
141 252 393 63 309 372
28 330 358 188 210 398
187 211 398 97 286 383
130 261 391 19 335 354
171 226 397 47 319 366
135 257 392 112 275 387
186 212 398 108 278 386
186 212 398 42 322 364
108 278 386 42 322 364
60 311 371 161 235 396
116 272 388 52 316 368
153 242 395 185 213 398
30 329 359 21 334 355
170 227 397 37 325 362
184 214 398 146 248 394
184 214 398 74 302 376
184 214 398 2 344 346
146 248 394 74 302 376
146 248 394 2 344 346
74 302 376 2 344 346
77 300 377 140 253 393
71 304 375 120 269 389
100 284 384 160 236 396
183 215 398 57 313 370
83 296 379 8 341 349
169 228 397 23 333 356
75 325 362 145 263 390
134 258 392 182 216 398
86 294 380 124 266 390
12 339 351 111 276 387
12 339 351 39 324 363
12 339 351 159 237 396
111 276 387 39 324 363
111 276 387 159 237 396
39 324 363 159 237 396
168 229 397 96 287 383
107 279 386 139 254 393
25 332 357 115 273 388
62 310 372 180 218 398
179 219 398 34 327 361
133 259 392 128 263 391
133 259 392 16 337 353
128 263 391 16 337 353
46 320 366 144 250 394
92 290 382 178 220 398
41 323 364 76 301 377
73 303 376 51 317 368
123 267 390 138 255 393
79 299 378 166 231 397
70 305 375 150 245 395
177 221 398 82 297 379
114 274 388 36 326 362
106 280 386 56 314 370
85 295 380 20 335 355
165 232 397 95 288 383
143 251 394 118 271 389
64 309 373 127 264 391
1 345 346 149 246 395
48 319 367 137 256 393
48 319 367 3 344 347
48 319 367 88 293 381
137 256 393 3 344 347
137 256 393 88 293 381
3 344 347 88 293 381
43 322 365 175 223 398
199 200 399 31 329 360
197 202 399 7 342 349
61 311 372 196 203 399
61 311 372 53 316 369
196 203 399 53 316 369
174 224 398 98 286 384
9 341 350 194 205 399
193 206 399 91 291 382
192 207 399 24 333 357
155 241 396 11 340 351
109 278 387 163 234 397
148 247 395 113 275 388
131 261 392 191 208 399
75 302 377 173 225 398
105 281 386 126 265 391
105 281 386 190 209 399
126 265 391 190 209 399
13 339 352 117 272 389
13 339 352 33 328 361
13 339 352 136 257 393
117 272 389 33 328 361
117 272 389 136 257 393
33 328 361 136 257 393
21 321 366 174 219 399
189 210 399 45 321 366
189 210 399 69 306 375
45 321 366 69 306 375
26 332 358 172 226 398
84 296 380 40 324 364
162 235 397 15 338 353
154 242 396 66 308 374
186 213 399 87 294 381
17 337 354 171 227 398
35 327 362 63 310 373
28 331 359 161 236 397
108 279 387 153 243 396
184 215 399 19 336 355
170 228 398 90 292 382
120 270 390 30 330 360
77 301 378 74 303 377
77 301 378 37 326 363
77 301 378 182 217 399
74 303 377 37 326 363
74 303 377 182 217 399
37 326 363 182 217 399
2 345 347 93 290 383
71 305 376 80 299 379
152 244 396 4 344 348
57 314 371 134 259 393
57 314 371 181 218 399
57 314 371 6 343 349
134 259 393 181 218 399
134 259 393 6 343 349
181 218 399 6 343 349
68 307 375 83 297 380
8 342 350 168 230 398
23 334 357 159 238 397
65 309 374 86 295 381
65 309 374 10 341 351
65 309 374 139 255 394
86 295 381 10 341 351
86 295 381 139 255 394
10 341 351 139 255 394
49 319 368 32 329 361
202 210 398 62 342 350
39 325 364 179 220 399
39 325 364 151 245 396
179 220 399 151 245 396
89 293 382 158 239 397
89 293 382 62 311 373
89 293 382 103 283 386
158 239 397 62 311 373
158 239 397 103 283 386
62 311 373 103 283 386
14 339 353 178 221 399
57 298 380 10 313 372
166 232 398 34 328 362
16 338 354 138 256 394
27 332 359 92 291 383
27 332 359 123 268 391
27 332 359 59 313 372
92 291 383 123 268 391
92 291 383 59 313 372
123 268 391 59 313 372
79 300 379 41 324 365
11 337 355 113 275 389
18 337 355 165 233 398
82 298 380 110 278 388
67 308 375 143 252 395
36 327 363 132 261 393
29 331 360 95 289 384
29 331 360 175 224 399
29 331 360 85 296 381
29 331 360 56 315 371
29 331 360 199 201 400
95 289 384 175 224 399
95 289 384 85 296 381
95 289 384 56 315 371
95 289 384 199 201 400
175 224 399 85 296 381
175 224 399 56 315 371
175 224 399 199 201 400
85 296 381 56 315 371
85 296 381 199 201 400
56 315 371 199 201 400
118 272 390 198 202 400
197 203 400 127 265 392
149 247 396 156 241 397
20 336 356 196 204 400
102 284 386 164 234 398
64 310 374 194 206 400
122 269 391 1 346 347
48 320 368 192 208 400
5 344 349 191 209 400
7 343 350 155 242 397
7 343 350 163 235 398
7 343 350 142 253 395
7 343 350 98 287 385
7 343 350 53 317 370
155 242 397 163 235 398
155 242 397 142 253 395
155 242 397 98 287 385
155 242 397 53 317 370
163 235 398 142 253 395
163 235 398 98 287 385
163 235 398 53 317 370
142 253 395 98 287 385
142 253 395 53 317 370
98 287 385 53 317 370
113 276 389 109 279 388
126 266 392 24 334 358
126 266 392 136 258 394
24 334 358 136 258 394
105 282 387 75 303 378
105 282 387 117 273 390
75 303 378 117 273 390
72 305 377 187 213 400
58 314 372 162 236 398
154 243 397 33 329 362
94 290 384 186 214 400
121 270 391 101 285 386
121 270 391 50 319 369
121 270 391 141 254 395
101 285 386 50 319 369
101 285 386 141 254 395
50 319 369 141 254 395
171 228 399 84 297 381
171 228 399 147 249 396
84 297 381 147 249 396
185 215 400 40 325 365
15 339 354 66 309 375
87 295 382 130 263 393
63 291 384 144 237 399
135 259 394 170 229 399
97 288 385 125 267 392
97 288 385 35 328 363
97 288 385 183 217 400
125 267 392 35 328 363
125 267 392 183 217 400
35 328 363 183 217 400
28 332 360 108 280 388
116 274 390 146 250 396
182 218 400 160 238 398
47 321 368 104 283 387
20 306 377 135 244 398
120 271 391 181 219 400
129 264 393 168 231 399
129 264 393 21 336 357
129 264 393 93 291 384
168 231 399 21 336 357
168 231 399 93 291 384
21 336 357 93 291 384
134 260 394 100 286 386
180 220 400 80 300 380
159 239 398 71 306 377
145 251 396 4 345 349
68 308 376 124 268 392
139 256 395 179 221 400
167 232 399 8 343 351
151 246 397 111 278 389
65 310 375 115 275 390
107 281 388 44 323 367
49 320 369 96 289 385
10 342 352 178 222 400
10 342 352 32 330 362
10 342 352 158 240 398
178 222 400 32 330 362
178 222 400 158 240 398
32 330 362 158 240 398
184 285 382 157 320 366
103 284 387 12 341 353
166 233 399 54 317 371
166 233 399 89 294 383
166 233 399 133 261 394
54 317 371 89 294 383
54 317 371 133 261 394
89 294 383 133 261 394
177 223 400 128 265 393
150 247 397 138 257 395
34 329 363 99 287 386
15 322 368 113 270 392
110 279 389 41 325 366
110 279 389 51 319 370
41 325 366 51 319 370
109 306 377 201 221 398
202 236 395 139 298 380
156 242 398 106 282 388
156 242 398 132 262 394
156 242 398 18 338 356
106 282 388 132 262 394
106 282 388 18 338 356
132 262 394 18 338 356
73 339 355 135 277 389
118 273 391 127 266 393
137 258 395 85 297 382
56 316 372 36 328 364
173 227 400 88 295 383
148 249 397 43 324 367
148 249 397 1 347 348
43 324 367 1 347 348
98 288 386 22 336 358
25 304 379 80 281 389
61 313 374 131 263 394
61 313 374 31 331 362
131 263 394 31 331 362
7 344 351 91 293 384
113 277 390 38 327 365
109 280 389 136 259 395
126 267 393 162 237 399
75 304 379 171 229 400
75 304 379 24 335 359
171 229 400 24 335 359
58 315 373 147 250 397
15 294 384 120 246 399
141 255 396 81 300 381
101 286 387 13 341 354
101 286 387 161 238 399
13 341 354 161 238 399
50 320 370 170 230 400
130 264 394 40 326 366
130 264 394 26 334 360
130 264 394 66 310 376
40 326 366 26 334 360
40 326 366 66 310 376
26 334 360 66 310 376
15 340 355 135 260 395
168 257 394 128 294 383
55 317 372 125 268 393
169 231 400 160 239 399
146 251 397 97 289 386
108 281 389 17 339 356
244 258 382 206 302 372
35 329 364 116 275 391
12 305 379 71 285 388
168 232 400 120 272 392
47 322 369 19 338 357
129 265 394 134 261 395
100 287 387 93 292 385
100 287 387 145 252 397
100 287 387 77 303 380
93 292 385 145 252 397
93 292 385 77 303 380
145 252 397 77 303 380
21 337 358 71 307 378
167 233 400 37 328 365
139 257 396 124 269 393
151 247 398 83 299 382
151 247 398 2 347 349
83 299 382 2 347 349
68 309 377 57 316 373
6 345 351 111 279 390
107 282 389 86 297 383
166 234 400 96 290 386
119 273 392 32 331 363
119 273 392 144 253 397
32 331 363 144 253 397
10 343 353 133 262 395
138 258 396 54 318 372
138 258 396 12 342 354
54 318 372 12 342 354
25 335 360 165 235 400
225 318 359 243 291 370
76 304 380 164 236 400
76 304 380 16 340 356
164 236 400 16 340 356
46 323 369 73 306 379
46 323 369 27 334 361
46 323 369 149 249 398
46 323 369 114 277 391
46 323 369 79 302 381
73 306 379 27 334 361
73 306 379 149 249 398
73 306 379 114 277 391
73 306 379 79 302 381
27 334 361 149 249 398
27 334 361 114 277 391
27 334 361 79 302 381
149 249 398 114 277 391
149 249 398 79 302 381
114 277 391 79 302 381
106 283 389 41 326 367
70 308 378 82 300 382
67 310 377 85 298 383
155 244 399 36 329 365
122 271 393 29 333 362
148 250 398 20 338 358
88 296 384 64 312 376
48 322 370 162 238 400
113 278 391 22 337 359
109 281 390 61 314 375
109 281 390 91 294 385
109 281 390 154 245 399
109 281 390 5 346 351
61 314 375 91 294 385
61 314 375 154 245 399
61 314 375 5 346 351
91 294 385 154 245 399
91 294 385 5 346 351
154 245 399 5 346 351
31 332 363 53 319 372
7 345 352 117 275 392
141 256 397 9 344 353
121 272 393 72 307 379
11 343 354 81 301 382
94 292 386 58 316 374
69 309 378 153 246 399
33 331 364 84 299 383
134 326 366 206 246 394
135 261 396 45 324 369
26 335 361 125 269 394
97 290 387 55 318 373
71 327 367 137 271 393
152 247 399 63 313 376
35 330 365 90 295 385
104 285 389 159 241 400
47 323 370 145 253 398
52 320 372 100 288 388
93 293 386 139 258 397
151 248 399 77 304 381
74 306 380 124 270 394
8 310 378 90 278 392
80 302 382 158 242 400
21 338 359 37 329 366
200 265 390 160 310 375
2 348 350 68 310 378
86 298 384 144 254 398
86 298 384 6 346 352
144 254 398 6 346 352
128 267 395 8 345 353
128 267 395 23 337 360
128 267 395 65 312 377
128 267 395 157 243 400
8 345 353 23 337 360
8 345 353 65 312 377
8 345 353 157 243 400
23 337 360 65 312 377
23 337 360 157 243 400
65 312 377 157 243 400
227 242 392 157 322 368
49 322 371 103 286 389
123 271 394 54 319 373
14 342 356 92 294 386
110 281 391 34 331 365
76 305 381 59 316 375
127 268 395 137 260 397
127 268 395 73 307 380
137 260 397 73 307 380
46 324 370 106 284 390
118 275 393 27 335 362
102 287 389 67 311 378
122 272 394 142 256 398
20 339 359 131 265 396
48 323 371 113 279 392
109 282 391 43 326 369
91 295 386 1 349 350
117 276 393 3 348 351
117 276 393 147 252 399
3 348 351 147 252 399
53 320 373 5 347 352
38 329 367 7 346 353
156 290 386 186 260 394
9 345 354 75 306 381
4 317 375 108 271 395
81 302 383 94 293 387
24 337 361 101 288 389
58 317 375 135 262 397
191 262 393 134 327 367
125 270 395 45 325 370
50 322 372 140 258 398
112 280 392 40 328 368
112 280 392 152 248 400
40 328 368 152 248 400
116 277 393 108 283 391
116 277 393 97 291 388
108 283 391 97 291 388
78 343 356 169 252 398
104 286 390 120 274 394
104 286 390 90 296 386
120 274 394 90 296 386
17 341 358 134 263 397
35 331 366 145 254 399
19 340 359 124 271 395
19 340 359 100 289 389
124 271 395 100 289 389
42 327 369 93 294 387
111 281 392 83 301 384
37 330 367 115 278 393
144 255 399 21 339 360
68 311 379 107 284 391
119 275 394 86 299 385
128 268 396 4 348 352
128 268 396 96 292 388
4 348 352 96 292 388
65 313 378 103 287 390
123 272 395 32 333 365
118 329 367 122 323 371
143 256 399 39 329 368
205 233 399 135 301 383
132 265 397 92 295 387
137 261 398 14 343 357
76 306 382 34 332 366
76 306 382 118 276 394
34 332 366 118 276 394
59 317 376 79 304 383
82 302 384 16 342 358
142 257 399 51 322 373
164 270 394 100 346 354
88 298 386 136 262 398
147 253 400 113 280 393
105 286 391 1 350 351
22 339 361 53 321 374
31 334 365 121 274 395
135 263 398 78 305 383
135 263 398 75 307 382
135 263 398 130 267 397
78 305 383 75 307 382
78 305 383 130 267 397
75 307 382 130 267 397
9 346 355 101 289 390
72 309 381 81 303 384
24 338 362 58 318 376
140 259 399 11 345 356
140 259 399 125 271 396
140 259 399 69 311 380
140 259 399 84 301 385
11 345 356 125 271 396
11 345 356 69 311 380
11 345 356 84 301 385
125 271 396 69 311 380
125 271 396 84 301 385
69 311 380 84 301 385
13 344 357 112 281 393
87 299 386 66 313 379
120 275 395 145 255 400
120 275 395 55 320 375
145 255 400 55 320 375
95 339 361 109 319 375
90 297 387 63 315 378
28 336 364 124 272 396
47 325 372 60 317 377
47 325 372 93 295 388
60 317 377 93 295 388
52 322 374 74 308 382
144 256 400 80 304 384
71 310 381 115 279 394
133 265 398 83 302 385
37 331 368 128 269 397
119 276 395 21 340 361
57 319 376 96 293 389
89 298 387 23 339 362
143 257 400 8 347 355
44 327 371 49 324 373
54 321 375 99 291 390
54 321 375 39 330 369
99 291 390 39 330 369
62 316 378 132 266 398
110 283 393 127 270 397
110 283 393 25 338 363
127 270 397 25 338 363
14 344 358 106 286 392
73 309 382 34 333 367
73 309 382 59 318 377
34 333 367 59 318 377
46 326 372 122 274 396
70 311 381 95 294 389
102 289 391 51 323 374
85 301 386 41 329 370
188 326 366 246 254 388
141 259 400 29 336 365
141 259 400 64 315 379
29 336 365 64 315 379
48 325 373 105 287 392
3 350 353 53 322 375
22 340 362 130 268 398
5 349 354 31 335 366
7 348 355 75 308 383
94 295 389 101 290 391
69 312 381 24 339 363
87 300 387 108 285 393
87 300 387 45 327 372
108 285 393 45 327 372
50 324 374 66 314 380
97 293 390 13 345 358
139 261 400 15 344 359
139 261 400 55 321 376
15 344 359 55 321 376
35 333 368 17 343 360
147 301 385 203 245 399
111 283 394 42 329 371
111 283 394 74 309 383
111 283 394 133 266 399
111 283 394 19 342 361
42 329 371 74 309 383
42 329 371 133 266 399
42 329 371 19 342 361
74 309 383 133 266 399
74 309 383 19 342 361
133 266 399 19 342 361
80 305 385 115 280 395
138 262 400 128 270 398
83 303 386 107 286 393
30 336 366 96 294 390
68 313 381 37 332 369
86 301 387 21 341 362
2 351 353 123 274 397
44 328 372 8 348 356
137 263 400 32 335 367
10 308 384 108 266 400
62 317 379 127 271 398
39 331 370 114 281 395
118 278 396 12 346 358
79 306 385 14 345 359
73 310 383 122 275 397
175 259 399 105 329 371
82 304 386 34 334 368
70 312 382 102 290 392
16 344 360 136 264 400
85 302 387 27 338 365
36 333 369 117 279 396
224 255 394 186 296 385
53 323 376 1 352 353
31 336 367 101 291 392
78 307 385 125 273 398
84 303 387 9 348 357
24 340 364 116 280 396
120 277 397 45 328 373
120 277 397 33 335 368
45 328 373 33 335 368
129 270 399 66 315 381
26 339 365 90 299 389
60 319 379 115 281 396
60 319 379 111 284 395
115 281 396 111 284 395
74 310 384 80 306 386
107 287 394 19 343 362
107 287 394 119 278 397
19 343 362 119 278 397
71 312 383 83 304 387
86 302 388 68 314 382
103 290 393 37 333 370
103 290 393 30 337 367
103 290 393 123 275 398
37 333 370 30 337 367
37 333 370 123 275 398
30 337 367 123 275 398
57 321 378 21 342 363
65 316 381 89 300 389
65 316 381 4 351 355
89 300 389 4 351 355
23 341 364 44 329 373
8 349 357 99 293 392
8 349 357 127 272 399
99 293 392 127 272 399
62 318 380 10 348 358
62 318 380 92 298 390
10 348 358 92 298 390
54 323 377 118 279 397
95 296 391 131 269 400
95 296 391 59 320 379
131 269 400 59 320 379
16 345 361 51 325 376
126 273 399 27 339 366
220 262 394 194 290 388
56 322 378 98 294 392
56 322 378 18 344 362
98 294 392 18 344 362
121 277 398 29 338 367
91 299 390 105 289 394
101 292 393 53 324 377
1 353 354 94 297 391
78 308 386 22 342 364
253 262 387 202 327 367
84 304 388 112 284 396
69 314 383 9 349 358
69 314 383 58 321 379
9 349 358 58 321 379
24 341 365 129 271 400
50 326 376 104 290 394
207 322 370 218 305 378
115 282 397 17 345 362
77 309 386 119 279 398
107 288 395 47 328 375
107 288 395 80 307 387
47 328 375 80 307 387
83 305 388 52 325 377
71 313 384 19 344 363
103 291 394 86 303 389
2 353 355 65 317 382
99 294 393 6 351 357
110 286 396 44 330 374
118 280 398 8 350 358
10 349 359 106 289 395
73 312 385 95 297 392
102 292 394 82 306 388
70 314 384 34 336 370
70 314 384 126 274 400
34 336 370 126 274 400
41 332 373 113 284 397
41 332 373 67 316 383
113 284 397 67 316 383
36 335 371 91 300 391
43 331 374 101 293 394
75 311 386 1 354 355
3 353 356 81 307 388
5 352 357 112 285 397
5 352 357 72 313 385
112 285 397 72 313 385
116 282 398 38 334 372
69 315 384 120 279 399
222 249 399 147 339 366
104 291 395 11 349 360
33 337 370 50 327 377
35 336 371 119 280 399
28 340 368 80 308 388
52 326 378 42 332 374
37 335 372 57 323 380
114 284 398 2 354 356
62 320 382 32 338 370
62 320 382 122 278 400
32 338 370 122 278 400
177 269 400 127 320 381
12 349 361 76 311 387
12 349 361 79 309 388
76 311 387 79 309 388
102 293 395 25 342 367
102 293 395 95 298 393
25 342 367 95 298 393
82 307 389 73 313 386
85 305 390 70 315 385
117 282 399 51 327 378
27 341 368 88 303 391
27 341 368 16 347 363
27 341 368 67 317 384
27 341 368 109 288 397
88 303 391 16 347 363
88 303 391 67 317 384
88 303 391 109 288 397
16 347 363 67 317 384
16 347 363 109 288 397
67 317 384 109 288 397
64 319 383 91 301 392
113 335 372 148 295 393
61 321 382 94 299 393
116 283 399 81 308 389
72 314 386 22 344 366
5 353 358 38 335 373
58 323 381 97 297 394
90 302 392 50 328 378
254 255 392 210 304 383
55 325 380 100 295 395
15 348 363 93 300 393
77 311 388 17 347 364
83 307 390 47 330 377
103 293 396 52 327 379
19 346 365 86 305 391
37 336 373 89 303 392
21 345 366 114 285 399
86 330 377 135 286 398
99 296 395 65 319 384
110 288 398 118 282 400
106 291 397 49 329 378
106 291 397 6 353 359
49 329 378 6 353 359
39 335 374 10 351 361
95 299 394 79 310 389
82 308 390 12 350 362
190 336 367 239 270 392
113 286 399 14 349 363
109 289 398 46 331 377
67 318 385 98 297 395
155 306 389 131 339 370
229 301 382 206 343 359
20 346 366 94 300 394
112 287 399 43 333 376
75 313 388 53 327 380
1 356 357 84 307 391
22 345 367 3 355 358
97 334 375 141 290 397
87 305 392 7 353 360
224 259 399 161 336 371
40 335 375 115 285 400
111 288 399 63 321 384
93 301 394 26 343 369
17 348 365 60 323 383
103 294 397 47 331 378
42 334 376 86 306 392
30 341 371 110 289 399
174 305 389 151 339 370
92 302 394 2 356 358
92 302 394 106 292 398
2 356 358 106 292 398
85 307 392 113 287 400
46 332 378 98 298 396
105 293 398 27 343 370
41 335 376 16 349 365
61 323 384 48 331 379
81 310 391 75 314 389
72 316 388 84 308 392
3 356 359 31 341 372
3 356 359 97 299 396
31 341 372 97 299 396
87 306 393 69 318 387
90 304 394 66 320 386
249 307 376 232 339 359
100 297 397 33 340 373
63 322 385 55 327 382
63 322 385 93 302 395
55 327 382 93 302 395
35 339 374 74 315 389
60 324 384 96 300 396
28 343 371 71 317 388
28 343 371 47 332 379
71 317 388 47 332 379
68 319 387 19 348 367
57 326 383 99 298 397
8 354 362 54 328 382
8 354 362 102 296 398
54 328 382 102 296 398
79 312 391 39 337 376
59 325 384 109 291 400
105 294 399 51 330 381
27 344 371 41 336 377
18 349 367 101 297 398
48 332 380 108 292 400
48 332 380 20 348 368
108 292 400 20 348 368
22 347 369 87 307 394
22 347 369 31 342 373
87 307 394 31 342 373
9 354 363 66 321 387
45 334 379 50 331 381
40 337 377 13 352 365
40 337 377 107 293 400
40 337 377 55 328 383
13 352 365 107 293 400
13 352 365 55 328 383
107 293 400 55 328 383
103 296 399 96 301 397
35 340 375 60 325 385
166 334 376 194 296 394
30 343 373 65 322 387
49 332 381 4 357 361
6 356 362 62 324 386
95 302 397 23 347 370
39 338 377 82 311 393
106 320 388 80 356 362
59 326 385 25 346 371
59 326 385 70 319 389
25 346 371 70 319 389
81 312 393 48 333 381
75 316 391 20 349 369
1 359 360 69 320 389
3 358 361 38 339 377
58 327 385 5 357 362
9 355 364 100 299 399
103 297 400 15 352 367
103 297 400 77 315 392
103 297 400 80 313 393
15 352 367 77 315 392
15 352 367 80 313 393
77 315 392 80 313 393
83 311 394 74 317 391
71 319 390 86 309 395
89 307 396 68 321 389
37 340 377 65 323 388
37 340 377 92 305 397
65 323 388 92 305 397
62 325 387 95 303 398
8 356 364 76 316 392
85 310 395 10 355 365
98 301 399 59 327 386
173 291 400 127 359 360
67 322 389 14 353 367
229 290 393 205 321 382
56 329 385 101 299 400
147 319 389 129 347 371
61 326 387 81 313 394
72 319 391 53 331 384
1 360 361 31 344 375
5 358 363 90 307 397
93 305 398 50 333 383
177 341 373 191 317 387
15 353 368 83 312 395
68 322 390 42 338 380
4 359 363 44 337 381
79 315 394 54 331 385
76 317 393 23 349 372
85 311 396 39 340 379
59 328 387 88 309 397
25 348 373 12 355 367
57 355 367 95 317 393
91 307 398 34 343 377
14 354 368 46 336 382
81 314 395 29 346 375
97 303 400 48 335 383
38 341 379 1 361 362
22 350 372 90 308 398
93 306 399 9 357 366
200 337 375 235 288 395
28 347 375 52 333 385
107 358 365 118 335 383
62 327 389 2 361 363
82 314 396 76 318 394
82 314 396 54 332 386
76 318 394 54 332 386
73 320 393 85 312 397
73 320 393 32 345 377
85 312 397 32 345 377
88 310 398 70 322 392
67 324 391 91 308 399
14 355 369 51 334 385
16 354 370 64 326 390
16 354 370 94 306 400
64 326 390 94 306 400
21 321 393 57 309 399
61 328 389 29 347 376
43 339 382 87 311 398
43 339 382 53 333 386
87 311 398 53 333 386
38 342 380 58 330 388
22 351 373 1 362 363
63 327 390 33 345 378
108 353 371 123 329 388
28 348 376 68 324 392
19 353 372 57 331 388
44 339 383 79 317 396
4 361 365 76 319 395
55 339 383 33 361 365
23 351 374 73 321 394
34 345 379 51 335 386
64 327 391 27 349 376
110 311 399 66 355 371
18 354 372 78 318 396
20 353 373 43 340 383
31 347 378 38 343 381
24 351 375 45 339 384
33 346 379 11 358 369
13 357 370 83 315 398
68 325 393 17 355 372
68 325 393 52 335 387
17 355 372 52 335 387
62 329 391 49 337 386
76 320 396 44 340 384
54 334 388 4 362 366
162 348 375 180 318 393
8 360 368 88 312 400
59 331 390 10 359 369
78 319 397 81 317 398
36 345 381 75 321 396
36 345 381 84 315 399
75 321 396 84 315 399
72 323 395 87 313 400
3 363 366 66 327 393
55 334 389 11 359 370
40 343 383 77 320 397
71 324 395 60 331 391
82 317 399 49 338 387
4 363 367 73 323 396
39 344 383 8 361 369
64 329 393 41 343 384
36 346 382 18 356 374
66 328 394 22 354 376
192 359 365 233 291 400
9 361 370 45 341 386
11 360 371 80 319 399
148 318 398 122 358 372
47 340 387 68 327 395
135 325 395 115 355 375
21 355 376 79 320 399
46 341 387 51 338 389
129 317 400 96 365 367
41 344 385 56 335 391
36 347 383 61 332 393
31 350 381 66 329 395
9 362 371 63 331 394
77 322 399 33 349 382
71 326 397 26 353 379
21 356 377 76 323 399
23 355 378 70 327 397
18 358 376 72 326 398
29 352 381 48 341 389
43 344 387 69 328 397
63 332 395 45 343 388
77 323 400 55 337 392
84 366 369 114 324 399
26 354 380 60 334 394
67 330 397 10 363 373
28 354 382 42 346 388
21 358 379 49 342 391
14 362 376 56 338 394
125 334 396 110 356 381
7 366 373 63 334 397
55 339 394 9 365 374
164 324 400 144 356 380
42 347 389 17 361 378
65 333 398 57 338 395
44 346 390 54 340 394
6 367 373 23 358 381
59 337 396 39 349 388
34 352 386 64 334 398
29 355 384 69 331 400
50 343 393 63 335 398
11 365 376 40 349 389
47 345 392 35 352 387
59 338 397 23 359 382
6 368 374 32 354 386
67 333 400 8 367 375
45 347 392 7 368 375
24 359 383 9 367 376
52 343 395 35 353 388
17 363 380 28 357 385
17 363 380 57 340 397
28 357 385 57 340 397
23 360 383 32 355 387
39 351 390 6 369 375
51 344 395 25 359 384
14 365 379 41 350 391
214 362 372 236 318 398
249 332 387 276 297 397
20 362 382 58 340 398
50 345 395 5 370 375
87 356 387 81 372 373
54 343 397 21 362 383
59 340 399 4 371 375
39 352 391 23 361 384
61 339 400 16 365 381
7 370 377 55 343 398
52 345 397 47 348 395
57 342 399 42 351 393
39 353 392 32 357 389
46 349 395 25 361 386
53 345 398 18 365 383
259 360 367 291 305 392
21 364 385 44 351 395
15 368 383 35 357 392
283 313 393 257 363 367
271 321 395 251 359 375
49 350 399 30 361 391
4 375 379 39 356 395
33 361 394 9 374 383
19 369 388 37 359 396
249 362 377 267 326 397
46 354 400 10 374 384
43 356 399 29 364 393
263 363 373 297 307 397
39 359 398 2 379 381
34 362 396 12 374 386
245 359 384 261 329 400
40 359 399 9 376 385
13 374 387 26 367 393
32 366 398 2 382 384
40 367 399 24 383 385
4 383 387 23 373 396
