tau,t,Z_fem,identity_plus_elliptic,H_geodesic_prediction,Z_minus_id_ell_H,err_eigenvalues,err_tail,H_length_truncation
0.0,0.0025,1.3410968884407316e+02,1.3410968884407197e+02,8.747605e-301,1.194e-12,2.157e-11,6.046e-17,0.000e+00
0.0,0.002559099,1.3103049865377048e+02,1.3103049865376929e+02,7.847954e-294,1.194e-12,2.107e-11,2.181e-17,0.000e+00
0.0,0.002619595078,1.2802241671780305e+02,1.2802241671780189e+02,4.863389e-287,1.165e-12,2.059e-11,7.683e-18,0.000e+00
0.0,0.002681521258,1.2508380084860957e+02,1.2508380084860842e+02,2.099654e-280,1.151e-12,2.011e-11,2.644e-18,0.000e+00
0.0,0.002744911348,1.2221304678192126e+02,1.2221304678192014e+02,6.368065e-274,1.123e-12,1.965e-11,8.879e-19,0.000e+00
0.0,0.002809799955,1.1940858730095513e+02,1.1940858730095407e+02,1.367917e-267,1.066e-12,1.919e-11,2.909e-19,0.000e+00
0.0,0.002876222502,1.1666889138083161e+02,1.1666889138083056e+02,2.097801e-261,1.052e-12,1.875e-11,9.288e-20,0.000e+00
0.0,0.002944215252,1.1399246335274938e+02,1.1399246335274835e+02,2.314732e-255,1.037e-12,1.831e-11,2.890e-20,0.000e+00
0.0,0.003013815324,1.1137784208746321e+02,1.1137784208746220e+02,1.851700e-249,1.009e-12,1.789e-11,8.756e-21,0.000e+00
0.0,0.003085060713,1.0882360019761776e+02,1.0882360019761680e+02,1.081930e-243,9.663e-13,1.748e-11,2.581e-21,0.000e+00
0.0,0.003157990315,1.0632834325850092e+02,1.0632834325849998e+02,4.650910e-238,9.379e-13,1.707e-11,7.400e-22,0.000e+00
0.0,0.003232643943,1.0389070904679349e+02,1.0389070904679252e+02,1.481373e-232,9.663e-13,1.668e-11,2.062e-22,0.000e+00
0.0,0.003309062353,1.0150936679689764e+02,1.0150936679689670e+02,3.520352e-227,9.379e-13,1.629e-11,5.580e-23,0.000e+00
0.0,0.003387287264,9.9183016474440052e+01,9.9183016474439128e+01,6.284060e-222,9.237e-13,1.591e-11,1.465e-23,0.000e+00
0.0,0.003467361381,9.6910388066550411e+01,9.6910388066549530e+01,8.481976e-217,8.811e-13,1.554e-11,3.732e-24,0.000e+00
0.0,0.003549328418,9.4690240888530795e+01,9.4690240888529914e+01,8.712838e-212,8.811e-13,1.518e-11,9.214e-25,0.000e+00
0.0,0.003633233122,9.2521362906535998e+01,9.2521362906535188e+01,6.854362e-207,8.100e-13,1.483e-11,2.203e-25,0.000e+00
0.0,0.003719121301,9.0402570075894161e+01,9.0402570075893308e+01,4.155225e-202,8.527e-13,1.449e-11,5.096e-26,0.000e+00
0.0,0.003807039841,8.8332705694708324e+01,8.8332705694707542e+01,1.952793e-197,7.816e-13,1.415e-11,1.140e-26,0.000e+00
0.0,0.003897036741,8.6310639772385315e+01,8.6310639772384533e+01,7.156570e-193,7.816e-13,1.383e-11,2.464e-27,0.000e+00
0.0,0.003989161131,8.4335268412746046e+01,8.4335268412745265e+01,2.057006e-188,7.816e-13,1.351e-11,5.142e-28,0.000e+00
0.0,0.004083463305,8.2405513211382299e+01,8.2405513211381574e+01,4.663206e-184,7.248e-13,1.319e-11,1.035e-28,0.000e+00
0.0,0.004179994745,8.0520320666930360e+01,8.0520320666929663e+01,8.383641e-180,6.963e-13,1.289e-11,2.008e-29,0.000e+00
0.0,0.00427880815,7.8678661605938899e+01,7.8678661605938188e+01,1.201726e-175,7.105e-13,1.259e-11,3.751e-30,0.000e+00
0.0,0.004379957463,7.6879530621019072e+01,7.6879530621018347e+01,1.380621e-171,7.248e-13,1.230e-11,6.742e-31,0.000e+00
0.0,0.004483497907,7.5121945521969053e+01,7.5121945521968399e+01,1.277789e-167,6.537e-13,1.201e-11,1.165e-31,0.000e+00
0.0,0.004589486004,7.3404946799573011e+01,7.3404946799572329e+01,9.574764e-164,6.821e-13,1.173e-11,1.932e-32,0.000e+00
0.0,0.004697979618,7.1727597101782663e+01,7.1727597101782052e+01,5.837123e-160,6.111e-13,1.146e-11,3.075e-33,0.000e+00
0.0,0.004809037978,7.0088980721995071e+01,7.0088980721994460e+01,2.908979e-156,6.111e-13,1.120e-11,4.692e-34,0.000e+00
0.0,0.004922721713,6.8488203099147398e+01,6.8488203099146801e+01,1.190625e-152,5.969e-13,1.094e-11,6.852e-35,0.000e+00
0.0,0.005039092886,6.6924390329355035e+01,6.6924390329354424e+01,4.020465e-149,6.111e-13,1.068e-11,9.573e-36,0.000e+00
0.0,0.005158215027,6.5396688688828078e+01,6.5396688688827496e+01,1.125055e-145,5.826e-13,1.043e-11,1.278e-36,0.000e+00
0.0,0.005280153168,6.3904264167803817e+01,6.3904264167803234e+01,2.620306e-142,5.826e-13,1.019e-11,1.628e-37,0.000e+00
0.0,0.005404973878,6.2446302015242210e+01,6.2446302015241642e+01,5.100961e-139,5.684e-13,9.957e-12,1.977e-38,0.000e+00
0.0,0.005532745299,6.1022006294035130e+01,6.1022006294034590e+01,8.334358e-136,5.400e-13,9.726e-12,2.287e-39,0.000e+00
0.0,0.005663537186,5.9630599446487018e+01,5.9630599446486492e+01,1.147544e-132,5.258e-13,9.500e-12,2.516e-40,0.000e+00
0.0,0.00579742094,5.8271321869828753e+01,5.8271321869828256e+01,1.336781e-129,4.974e-13,9.280e-12,2.630e-41,0.000e+00
0.0,0.005934469654,5.6943431501534377e+01,5.6943431501533858e+01,1.322577e-126,5.187e-13,9.065e-12,2.608e-42,0.000e+00
0.0,0.006074758143,5.5646203414213439e+01,5.5646203414212941e+01,1.115553e-123,4.974e-13,8.855e-12,2.452e-43,0.000e+00
0.0,0.006218362997,5.4378929419857606e+01,5.4378929419857116e+01,8.051337e-121,4.903e-13,8.649e-12,2.181e-44,0.000e+00
0.0,0.006365362612,5.3140917683226256e+01,5.3140917683225780e+01,4.990192e-118,4.761e-13,8.449e-12,1.834e-45,0.000e+00
0.0,0.006515837239,5.1931492344159764e+01,5.1931492344159302e+01,2.665418e-115,4.619e-13,8.253e-12,1.456e-46,0.000e+00
0.0,0.006669869026,5.0749993148613413e+01,5.0749993148612965e+01,1.231131e-112,4.476e-13,8.062e-12,1.090e-47,0.000e+00
0.0,0.006827542063,4.9595775088211894e+01,4.9595775088211454e+01,4.933907e-110,4.405e-13,7.875e-12,7.677e-49,0.000e+00
0.0,0.006988942427,4.8468208048126968e+01,4.8468208048126520e+01,1.721272e-107,4.476e-13,7.692e-12,5.084e-50,0.000e+00
0.0,0.007154158232,4.7366676463085440e+01,4.7366676463085021e+01,5.244099e-105,4.192e-13,7.514e-12,3.160e-51,0.000e+00
0.0,0.007323279672,4.6290578981321033e+01,4.6290578981320635e+01,1.399631e-102,3.979e-13,7.340e-12,1.841e-52,0.000e+00
0.0,0.007496399075,4.5239328136285422e+01,4.5239328136285010e+01,3.282503e-100,4.121e-13,7.170e-12,1.004e-53,0.000e+00
0.0,0.007673610952,4.4212350025940140e+01,4.4212350025939735e+01,6.784881e-98,4.050e-13,7.003e-12,5.114e-55,0.000e+00
0.0,0.007855012047,4.3209083999453462e+01,4.3209083999453085e+01,1.239629e-95,3.766e-13,6.841e-12,2.430e-56,0.000e+00
0.0,0.008040701391,4.2228982351132238e+01,4.2228982351131869e+01,2.007663e-93,3.695e-13,6.683e-12,1.075e-57,0.000e+00
0.0,0.008230780357,4.1271510021420376e+01,4.1271510021420013e+01,2.890338e-91,3.624e-13,6.528e-12,4.423e-59,0.000e+00
0.0,0.008425352714,4.0336144304801934e+01,4.0336144304801586e+01,3.708910e-89,3.482e-13,6.376e-12,1.689e-60,0.000e+00
0.0,0.008624524683,3.9422374564448575e+01,3.9422374564448219e+01,4.253413e-87,3.553e-13,6.229e-12,5.974e-62,0.000e+00
0.0,0.008828404998,3.8529701953455991e+01,3.8529701953455650e+01,4.370683e-85,3.411e-13,6.084e-12,1.954e-63,0.000e+00
0.0,0.009037104963,3.7657639142516786e+01,3.7657639142516466e+01,4.034435e-83,3.197e-13,5.943e-12,5.901e-65,0.000e+00
0.0,0.009250738511,3.6805710053881768e+01,3.6805710053881448e+01,3.353617e-81,3.197e-13,5.806e-12,1.641e-66,0.000e+00
0.0,0.00946942227,3.5973449601463585e+01,3.5973449601463287e+01,2.516474e-79,2.984e-13,5.671e-12,4.198e-68,0.000e+00
0.0,0.009693275626,3.5160403436941642e+01,3.5160403436941344e+01,1.708622e-77,2.984e-13,5.540e-12,9.854e-70,0.000e+00
0.0,0.009922420787,3.4366127701729091e+01,3.4366127701728786e+01,1.052148e-75,3.055e-13,5.412e-12,2.118e-71,0.000e+00
0.0,0.01015698285,3.3590188784667077e+01,3.3590188784666793e+01,5.889318e-74,2.842e-13,5.286e-12,4.161e-73,0.000e+00
0.0,0.01039708986,3.2832163085313191e+01,3.2832163085312899e+01,3.003083e-72,2.913e-13,5.164e-12,7.454e-75,0.000e+00
0.0,0.01064287291,3.2091636782695751e+01,3.2091636782695474e+01,1.398037e-70,2.771e-13,5.044e-12,1.215e-76,0.000e+00
0.0,0.01089446617,3.1368205609407205e+01,3.1368205609406942e+01,5.954326e-69,2.629e-13,4.928e-12,1.798e-78,0.000e+00
0.0,0.01115200699,3.0661474630913389e+01,3.0661474630913130e+01,2.324883e-67,2.593e-13,4.813e-12,2.410e-80,0.000e+00
0.0,0.01141563598,2.9971058029958197e+01,2.9971058029957945e+01,8.338657e-66,2.522e-13,4.702e-12,2.920e-82,0.000e+00
0.0,0.01168549705,2.9296578895946183e+01,2.9296578895945938e+01,2.752764e-64,2.451e-13,4.593e-12,3.188e-84,0.000e+00
0.0,0.01196173753,2.8637669019187832e+01,2.8637669019187584e+01,8.380143e-63,2.487e-13,4.487e-12,3.131e-86,0.000e+00
0.0,0.01224450822,2.7993968689895272e+01,2.7993968689895038e+01,2.356983e-61,2.345e-13,4.383e-12,2.758e-88,0.000e+00
0.0,0.0125339635,2.7365126501818963e+01,2.7365126501818736e+01,6.135889e-60,2.274e-13,4.282e-12,2.174e-90,0.000e+00
0.0,0.01283026138,2.6750799160417770e+01,2.6750799160417547e+01,1.481121e-58,2.238e-13,4.182e-12,1.529e-92,0.000e+00
0.0,0.01313356363,2.6150651295457994e+01,2.6150651295457777e+01,3.320877e-57,2.167e-13,4.086e-12,9.568e-95,0.000e+00
0.0,0.01344403582,2.5564355277939093e+01,2.5564355277938873e+01,6.927948e-56,2.203e-13,3.991e-12,5.314e-97,0.000e+00
0.0,0.01376184746,2.4991591041245968e+01,2.4991591041245755e+01,1.347005e-54,2.132e-13,3.899e-12,2.612e-99,0.000e+00
0.0,0.01408717203,2.4432045906430321e+01,2.4432045906430123e+01,2.444851e-53,1.990e-13,3.808e-12,1.133e-101,0.000e+00
0.0,0.01442018714,2.3885414411525812e+01,2.3885414411525620e+01,4.149013e-52,1.918e-13,3.720e-12,4.322e-104,1.969e-316
0.0,0.0147610746,2.3351398144803664e+01,2.3351398144803468e+01,6.593562e-51,1.954e-13,3.634e-12,1.446e-106,4.321e-309
0.0,0.0151100205,2.2829705581877818e+01,2.2829705581877636e+01,9.827362e-50,1.812e-13,3.550e-12,4.231e-109,6.415e-302
0.0,0.01546721534,2.2320051926570734e+01,2.2320051926570557e+01,1.375747e-48,1.776e-13,3.468e-12,1.079e-111,6.502e-295
0.0,0.01583285413,2.1822158955453080e+01,2.1822158955452906e+01,1.811564e-47,1.741e-13,3.388e-12,2.390e-114,4.539e-288
0.0,0.01620713647,2.1335754865972149e+01,2.1335754865971975e+01,2.246964e-46,1.741e-13,3.309e-12,4.584e-117,2.202e-281
0.0,0.0165902667,2.0860574128086498e+01,2.0860574128086334e+01,2.628848e-45,1.634e-13,3.233e-12,7.586e-120,7.483e-275
0.0,0.01698245397,2.0396357339325704e+01,2.0396357339325540e+01,2.905011e-44,1.634e-13,3.158e-12,1.079e-122,1.796e-268
0.0,0.01738391239,1.9942851083195933e+01,1.9942851083195769e+01,3.036095e-43,1.634e-13,3.085e-12,1.316e-125,3.071e-262
0.0,0.01779486113,1.9499807790854444e+01,1.9499807790854284e+01,3.004882e-42,1.599e-13,3.013e-12,1.369e-128,3.767e-256
0.0,0.01821552453,1.9066985605977209e+01,1.9066985605977059e+01,2.819877e-41,1.492e-13,2.943e-12,1.212e-131,3.343e-250
0.0,0.01864613225,1.8644148252746074e+01,1.8644148252745929e+01,2.512218e-40,1.457e-13,2.875e-12,9.086e-135,2.161e-244
0.0,0.01908691936,1.8231064906883368e+01,1.8231064906883226e+01,2.127307e-39,1.421e-13,2.809e-12,5.748e-138,1.026e-238
0.0,0.0195381265,1.7827510069663642e+01,1.7827510069663507e+01,1.714185e-38,1.350e-13,2.744e-12,3.056e-141,3.598e-233
0.0,0.02,1.7433263444833770e+01,1.7433263444833639e+01,1.315945e-37,1.315e-13,2.680e-12,1.360e-144,9.396e-228
0.0,0.02055729891,1.6981132464256891e+01,1.6981132464256756e+01,1.362061e-36,1.350e-13,2.608e-12,1.229e-148,1.530e-221
0.0,0.02113012692,1.6541242100331417e+01,1.6541242100331289e+01,1.322741e-35,1.279e-13,2.537e-12,8.572e-153,1.691e-215
0.0,0.02171891675,1.6113260084540755e+01,1.6113260084540631e+01,1.207322e-34,1.243e-13,2.468e-12,4.580e-157,1.281e-209
0.0,0.02232411318,1.5696863145425951e+01,1.5696863145425832e+01,1.037461e-33,1.190e-13,2.401e-12,1.861e-161,6.717e-204
0.0,0.02294617338,1.5291736764455781e+01,1.5291736764455669e+01,8.406799e-33,1.119e-13,2.336e-12,5.708e-166,2.464e-198
0.0,0.02358556724,1.4897574938512225e+01,1.4897574938512113e+01,6.434142e-32,1.119e-13,2.272e-12,1.311e-170,6.385e-193
0.0,0.02424277779,1.4514079948811977e+01,1.4514079948811869e+01,4.658263e-31,1.084e-13,2.210e-12,2.236e-175,1.180e-187
0.0,0.02491830147,1.4140962136089726e+01,1.4140962136089618e+01,3.195102e-30,1.084e-13,2.150e-12,2.809e-180,1.568e-182
0.0,0.02561264858,1.3777939681873308e+01,1.3777939681873208e+01,2.079260e-29,9.948e-14,2.092e-12,2.577e-185,1.514e-177
0.0,0.02632634363,1.3424738395685852e+01,1.3424738395685750e+01,1.285629e-28,1.013e-13,2.035e-12,1.712e-190,1.070e-172
0.0,0.02705992576,1.3081091508014177e+01,1.3081091508014083e+01,7.563225e-28,9.415e-14,1.980e-12,8.160e-196,5.584e-168
0.0,0.02781394911,1.2746739468887405e+01,1.2746739468887307e+01,4.239054e-27,9.770e-14,1.926e-12,2.765e-201,2.170e-163
0.0,0.02858898329,1.2421429751913561e+01,1.2421429751913468e+01,2.266582e-26,9.237e-14,1.874e-12,6.596e-207,6.332e-159
0.0,0.02938561374,1.2104916663626511e+01,1.2104916663626422e+01,1.157628e-25,8.882e-14,1.823e-12,1.097e-212,1.397e-154
0.0,0.03020444227,1.1796961157999277e+01,1.1796961157999188e+01,5.654591e-25,8.882e-14,1.774e-12,1.260e-218,2.351e-150
0.0,0.0310460874,1.1497330655983854e+01,1.1497330655983772e+01,2.644799e-24,8.171e-14,1.726e-12,9.886e-225,3.036e-146
0.0,0.03191118493,1.1205798869941372e+01,1.1205798869941294e+01,1.185917e-23,7.816e-14,1.679e-12,5.243e-231,3.033e-142
0.0,0.03280038836,1.0922145632830180e+01,1.0922145632830102e+01,5.103670e-23,7.816e-14,1.634e-12,1.859e-237,2.359e-138
0.0,0.03371436939,1.0646156732023002e+01,1.0646156732022924e+01,2.110382e-22,7.816e-14,1.589e-12,4.360e-244,1.439e-134
0.0,0.03465381845,1.0377623747627881e+01,1.0377623747627812e+01,8.393823e-22,6.928e-14,1.546e-12,6.682e-251,6.928e-131
0.0,0.03561944521,1.0116343895190958e+01,1.0116343895190882e+01,3.214670e-21,7.638e-14,1.504e-12,6.614e-258,2.649e-127
0.0,0.0366119791,9.8621198726624062e+00,9.8621198726623351e+00,1.186686e-20,7.105e-14,1.464e-12,4.178e-265,8.097e-124
0.0,0.0376321699,9.6147597115103469e+00,9.6147597115102776e+00,4.226596e-20,6.928e-14,1.424e-12,1.663e-272,1.990e-120
0.0,0.03868078826,9.3740766318702402e+00,9.3740766318701727e+00,1.453861e-19,6.750e-14,1.386e-12,4.117e-280,3.957e-117
0.0,0.03975862631,9.1398889016207452e+00,9.1398889016206812e+00,4.834391e-19,6.395e-14,1.348e-12,6.258e-288,6.401e-114
0.0,0.04086649826,8.9120196992797798e+00,8.9120196992797176e+00,1.555415e-18,6.217e-14,1.312e-12,5.761e-296,8.472e-111
0.0,0.04200524101,8.6902969806174006e+00,8.6902969806173402e+00,4.846453e-18,6.039e-14,1.276e-12,3.167e-304,9.224e-108
0.0,0.04317571475,8.4745533488850864e+00,8.4745533488850278e+00,1.463702e-17,5.861e-14,1.242e-12,1.025e-312,8.305e-105
0.0,0.04437880369,8.2646259285635306e+00,8.2646259285634756e+00,4.288437e-17,5.502e-14,1.208e-12,1.887e-321,6.216e-102
0.0,0.04561541663,8.0603562425339206e+00,8.0603562425338637e+00,1.219889e-16,5.672e-14,1.176e-12,0.000e+00,3.887e-99
0.0,0.04688648772,7.8615900925801130e+00,7.8615900925800588e+00,3.371821e-16,5.384e-14,1.144e-12,0.000e+00,2.041e-96
0.0,0.04819297714,7.6681774431317278e+00,7.6681774431316772e+00,9.062940e-16,4.972e-14,1.113e-12,0.000e+00,9.035e-94
0.0,0.04953587182,7.4799723081606029e+00,7.4799723081605505e+00,2.370627e-15,5.003e-14,1.083e-12,0.000e+00,3.390e-91
0.0,0.05091618618,7.2968326411454072e+00,7.2968326411453539e+00,6.039025e-15,4.725e-14,1.054e-12,0.000e+00,1.083e-88
0.0,0.05233496293,7.1186202280216122e+00,7.1186202280215518e+00,1.499309e-14,4.540e-14,1.026e-12,0.000e+00,2.957e-86
0.0,0.05379327381,6.9452005830362102e+00,6.9452005830361294e+00,3.630272e-14,4.452e-14,9.981e-13,0.000e+00,6.933e-84
0.0,0.05529222045,6.7764428474287470e+00,6.7764428474286156e+00,8.578384e-14,4.567e-14,9.713e-13,0.000e+00,1.401e-81
0.0,0.05683293515,6.6122196908624744e+00,6.6122196908622310e+00,1.979597e-13,4.540e-14,9.451e-13,0.000e+00,2.452e-79
0.0,0.05841658179,6.4524072155314256e+00,6.4524072155309398e+00,4.464080e-13,3.943e-14,9.197e-13,0.000e+00,3.728e-77
0.0,0.06004435665,6.2968848628712655e+00,6.2968848628702414e+00,9.843338e-13,3.974e-14,8.950e-13,0.000e+00,4.945e-75
0.0,0.06171748937,6.1455353228037115e+00,6.1455353228015506e+00,2.123597e-12,3.734e-14,8.710e-13,0.000e+00,5.743e-73
0.0,0.06343724384,5.9982444454463835e+00,5.9982444454418600e+00,4.485162e-12,3.833e-14,8.476e-13,0.000e+00,5.861e-71
0.0,0.06520491918,5.8549011552216044e+00,5.8549011552122883e+00,9.279196e-12,3.691e-14,8.249e-13,0.000e+00,5.274e-69
0.0,0.06702185069,5.7153973672997820e+00,5.7153973672809313e+00,1.881534e-11,3.536e-14,8.028e-13,0.000e+00,4.199e-67
0.0,0.0688894109,5.5796279063145944e+00,5.5796279062771470e+00,3.741276e-11,3.462e-14,7.812e-13,0.000e+00,2.968e-65
0.0,0.07080901057,5.4474904272892211e+00,5.4474904272161968e+00,7.299011e-11,3.415e-14,7.603e-13,0.000e+00,1.868e-63
0.0,0.07278209978,5.3188853387145860e+00,5.3188853385747663e+00,1.397877e-10,3.203e-14,7.400e-13,0.000e+00,1.051e-61
0.0,0.07481016902,5.1937157277224886e+00,5.1937157274595194e+00,2.629376e-10,3.160e-14,7.202e-13,0.000e+00,5.296e-60
0.0,0.0768947503,5.0718872872985301e+00,5.0718872868125091e+00,4.859904e-10,3.056e-14,7.009e-13,0.000e+00,2.399e-58
0.0,0.07903741831,4.9533082454817468e+00,4.9533082445986354e+00,8.830814e-10,2.994e-14,6.822e-13,0.000e+00,9.798e-57
0.0,0.08123979166,4.8378892965002747e+00,4.8378892949220056e+00,1.578240e-09,2.910e-14,6.640e-13,0.000e+00,3.617e-55
0.0,0.08350353402,4.7255435337949345e+00,4.7255435310194089e+00,2.775496e-09,2.981e-14,6.463e-13,0.000e+00,1.210e-53
0.0,0.08583035543,4.6161863848855686e+00,4.6161863800805332e+00,4.805009e-09,2.660e-14,6.291e-13,0.000e+00,3.680e-52
0.0,0.0882220136,4.5097355480385577e+00,4.5097355398459680e+00,8.192563e-09,2.703e-14,6.123e-13,0.000e+00,1.020e-50
0.0,0.09068031519,4.4061109306979276e+00,4.4061109169353694e+00,1.376253e-08,2.601e-14,5.960e-13,0.000e+00,2.582e-49
0.0,0.09320711722,4.3052345896474309e+00,4.3052345668594016e+00,2.278800e-08,2.509e-14,5.802e-13,0.000e+00,5.985e-48
0.0,0.09580432845,4.2070306728766571e+00,4.2070306356704226e+00,3.720621e-08,2.359e-14,5.648e-13,0.000e+00,1.274e-46
0.0,0.09847391083,4.1114253631310476e+00,4.1114253032080610e+00,5.992296e-08,2.462e-14,5.498e-13,0.000e+00,2.493e-45
0.0,0.101217881,4.0183468231334567e+00,4.0183467278970291e+00,9.523640e-08,2.342e-14,5.353e-13,0.000e+00,4.502e-44
0.0,0.1040383117,3.9277251424739994e+00,3.9277249930557105e+00,1.494183e-07,2.114e-14,5.211e-13,0.000e+00,7.511e-43
0.0,0.1069373336,3.8394922861749032e+00,3.8394920546751421e+00,2.314997e-07,2.170e-14,5.074e-13,0.000e+00,1.161e-41
0.0,0.1099171365,3.7535820449483945e+00,3.7535816906291939e+00,3.543192e-07,2.094e-14,4.940e-13,0.000e+00,1.665e-40
0.0,0.1129799716,3.6699299871776017e+00,3.6699294512777092e+00,5.358999e-07,2.077e-14,4.810e-13,0.000e+00,2.220e-39
0.0,0.1161281523,3.5884734126631601e+00,3.5884726114255332e+00,8.012376e-07,2.092e-14,4.684e-13,0.000e+00,2.759e-38
0.0,0.1193640569,3.5091513081910453e+00,3.5091501236012581e+00,1.184590e-06,1.942e-14,4.561e-13,0.000e+00,3.202e-37
0.0,0.1226901298,3.4319043049898381e+00,3.4319025726205883e+00,1.732369e-06,1.997e-14,4.442e-13,0.000e+00,3.474e-36
0.0,0.1261088836,3.3566746381573376e+00,3.3566721314001366e+00,2.506757e-06,1.916e-14,4.326e-13,0.000e+00,3.533e-35
0.0,0.1296229008,3.2834061081467838e+00,3.2834025179883879e+00,3.590158e-06,1.746e-14,4.214e-13,0.000e+00,3.372e-34
0.0,0.1332348358,3.2120440444110283e+00,3.2120389537815446e+00,5.090629e-06,1.766e-14,4.105e-13,0.000e+00,3.026e-33
0.0,0.1369474172,3.1425352713080437e+00,3.1425281228927382e+00,7.148415e-06,1.768e-14,3.998e-13,0.000e+00,2.558e-32
0.0,0.1407634495,3.0748280763727491e+00,3.0748181326440602e+00,9.943729e-06,1.683e-14,3.895e-13,0.000e+00,2.040e-31
0.0,0.1446858154,3.0088721810571202e+00,3.0088584751516243e+00,1.370591e-05,1.625e-14,3.795e-13,0.000e+00,1.537e-30
0.0,0.1487174777,2.9446187140327855e+00,2.9445999899747211e+00,1.872406e-05,1.603e-14,3.698e-13,0.000e+00,1.096e-29
0.0,0.1528614821,2.8820201871370732e+00,2.8819948278008924e+00,2.535934e-05,1.456e-14,3.603e-13,0.000e+00,7.405e-29
0.0,0.157120959,2.8210304740245729e+00,2.8209964151395477e+00,3.405889e-05,1.570e-14,3.511e-13,0.000e+00,4.750e-28
0.0,0.1614991259,2.7616047915614721e+00,2.7615594199974716e+00,4.537156e-05,1.506e-14,3.422e-13,0.000e+00,2.895e-27
0.0,0.1659992902,2.7036996839694649e+00,2.7036397185102921e+00,5.996546e-05,1.525e-14,3.335e-13,0.000e+00,1.680e-26
0.0,0.1706248514,2.6472730096899162e+00,2.6471943625047176e+00,7.864719e-05,1.411e-14,3.251e-13,0.000e+00,9.288e-26
0.0,0.1753793036,2.5922839308979122e+00,2.5921815479669936e+00,1.023829e-04,1.359e-14,3.169e-13,0.000e+00,4.901e-25
0.0,0.1802662383,2.5386929055502647e+00,2.5385605843937533e+00,1.323212e-04,1.416e-14,3.090e-13,0.000e+00,2.471e-24
0.0,0.1852893472,2.4864616818023748e+00,2.4862918650020314e+00,1.698168e-04,1.379e-14,3.013e-13,0.000e+00,1.192e-23
0.0,0.1904524247,2.4355532945770664e+00,2.4353368377758775e+00,2.164568e-04,1.285e-14,2.937e-13,0.000e+00,5.506e-23
0.0,0.1957593711,2.3859320640151105e+00,2.3856579773276234e+00,2.740867e-04,1.261e-14,2.864e-13,0.000e+00,2.439e-22
0.0,0.2012141953,2.3375635954834362e+00,2.3372187575524337e+00,3.448379e-04,1.278e-14,2.793e-13,0.000e+00,1.037e-21
0.0,0.2068210179,2.2904147807642872e+00,2.2899836250553767e+00,4.311557e-04,1.222e-14,2.724e-13,0.000e+00,4.240e-21
0.0,0.2125840742,2.2444537999981677e+00,2.2439179733308077e+00,5.358267e-04,1.183e-14,2.657e-13,0.000e+00,1.668e-20
0.0,0.2185077179,2.1996501239068138e+00,2.1989881176744093e+00,6.620062e-04,1.107e-14,2.591e-13,0.000e+00,6.316e-20
0.0,0.2245964235,2.1559745157811414e+00,2.1551612708087777e+00,8.132450e-04,1.125e-14,2.527e-13,0.000e+00,2.307e-19
0.0,0.2308547906,2.1133990326845447e+00,2.1124055192039535e+00,9.935135e-04,1.159e-14,2.465e-13,0.000e+00,8.129e-19
0.0,0.2372875467,2.0718970252956654e+00,2.0706898000748266e+00,1.207225e-03,1.161e-14,2.404e-13,0.000e+00,2.767e-18
0.0,0.2438995512,2.0314431357980363e+00,2.0299838790378146e+00,1.459257e-03,1.139e-14,2.344e-13,0.000e+00,9.108e-18
0.0,0.2506957989,1.9920132932182593e+00,1.9902583284097073e+00,1.754965e-03,1.025e-14,2.286e-13,0.000e+00,2.901e-17
0.0,0.2576814237,1.9535847056206379e+00,1.9514845061320425e+00,2.100199e-03,1.021e-14,2.229e-13,0.000e+00,8.952e-17
0.0,0.2648617025,1.9161358485852857e+00,1.9136345353048361e+00,2.501313e-03,1.012e-14,2.173e-13,0.000e+00,2.678e-16
0.0,0.2722420593,1.8796464494293286e+00,1.8766812843139113e+00,2.965165e-03,1.054e-14,2.119e-13,0.000e+00,7.772e-16
0.0,0.2798280694,1.8440974666770475e+00,1.8405983475365282e+00,3.499119e-03,1.041e-14,2.065e-13,0.000e+00,2.190e-15
0.0,0.2876254633,1.8094710643445722e+00,1.8053600266104231e+00,4.111038e-03,1.027e-14,2.013e-13,0.000e+00,6.000e-15
0.0,0.2956401311,1.7757505806773000e+00,1.7709413122517801e+00,4.809268e-03,9.623e-15,1.961e-13,0.000e+00,1.598e-14
0.0,0.3038781273,1.7429204910626048e+00,1.7373178666080376e+00,5.602624e-03,1.011e-14,1.910e-13,0.000e+00,4.144e-14
0.0,0.3123456747,1.7109663649350035e+00,1.7044660061318424e+00,6.500359e-03,1.131e-14,1.860e-13,0.000e+00,1.047e-13
0.0,0.3210491698,1.6798748165938442e+00,1.6723626849628193e+00,7.512132e-03,1.555e-14,1.810e-13,0.000e+00,2.576e-13
0.0,0.3299951874,1.6496334499623797e+00,1.6409854788041929e+00,8.647971e-03,2.481e-14,1.761e-13,0.000e+00,6.186e-13
0.0,0.3391904853,1.6202307974292502e+00,1.6103125692816511e+00,9.918228e-03,4.714e-14,1.713e-13,0.000e+00,1.450e-12
0.0,0.3486420097,1.5916562530259883e+00,1.5803227287721813e+00,1.133352e-02,9.979e-14,1.665e-13,0.000e+00,3.319e-12
0.0,0.3583569002,1.5639000003043768e+00,1.5509953056909507e+00,1.290469e-02,2.175e-13,1.618e-13,0.000e+00,7.424e-12
0.0,0.3683424957,1.5369529353823637e+00,1.5223102102245958e+00,1.464273e-02,4.782e-13,1.571e-13,0.000e+00,1.624e-11
0.0,0.3786063392,1.5108065857241504e+00,1.4942479004996339e+00,1.655869e-02,1.040e-12,1.525e-13,0.000e+00,3.477e-11
0.0,0.3891561842,1.4854530253065479e+00,1.4667893691749794e+00,1.866366e-02,2.228e-12,1.479e-13,0.000e+00,7.287e-11
0.0,0.4,1.4608847868976615e+00,1.4399161304478609e+00,2.096866e-02,4.685e-12,1.433e-13,0.000e+00,1.496e-10
0.4,0.0025,1.3410968884407313e+02,1.3410968884407197e+02,1.793905e-210,1.165e-12,2.154e-11,6.261e-17,0.000e+00
0.4,0.002559099,1.3103049865377042e+02,1.3103049865376929e+02,1.302799e-205,1.137e-12,2.104e-11,2.262e-17,0.000e+00
0.4,0.002619595078,1.2802241671780305e+02,1.2802241671780189e+02,7.304286e-201,1.165e-12,2.055e-11,7.985e-18,0.000e+00
0.4,0.002681521258,1.2508380084860953e+02,1.2508380084860842e+02,3.180503e-196,1.108e-12,2.008e-11,2.753e-18,0.000e+00
0.4,0.002744911348,1.2221304678192124e+02,1.2221304678192014e+02,1.081849e-191,1.094e-12,1.961e-11,9.263e-19,0.000e+00
0.4,0.002809799955,1.1940858730095511e+02,1.1940858730095407e+02,2.891126e-187,1.037e-12,1.916e-11,3.040e-19,0.000e+00
0.4,0.002876222502,1.1666889138083160e+02,1.1666889138083056e+02,6.104029e-183,1.037e-12,1.872e-11,9.730e-20,0.000e+00
0.4,0.002944215252,1.1399246335274935e+02,1.1399246335274835e+02,1.023714e-178,1.009e-12,1.828e-11,3.034e-20,0.000e+00
0.4,0.003013815324,1.1137784208746319e+02,1.1137784208746220e+02,1.371080e-174,9.948e-13,1.786e-11,9.212e-21,0.000e+00
0.4,0.003085060713,1.0882360019761776e+02,1.0882360019761680e+02,1.474092e-170,9.663e-13,1.745e-11,2.722e-21,0.000e+00
0.4,0.003157990315,1.0632834325850091e+02,1.0632834325849998e+02,1.278696e-166,9.237e-13,1.704e-11,7.823e-22,0.000e+00
0.4,0.003232643943,1.0389070904679345e+02,1.0389070904679252e+02,8.993822e-163,9.237e-13,1.665e-11,2.185e-22,0.000e+00
0.4,0.003309062353,1.0150936679689762e+02,1.0150936679689670e+02,5.154163e-159,9.237e-13,1.627e-11,5.928e-23,0.000e+00
0.4,0.003387287264,9.9183016474440024e+01,9.9183016474439128e+01,2.418040e-155,8.953e-13,1.589e-11,1.561e-23,0.000e+00
0.4,0.003467361381,9.6910388066550382e+01,9.6910388066549530e+01,9.329691e-152,8.527e-13,1.552e-11,3.987e-24,0.000e+00
0.4,0.003549328418,9.4690240888530781e+01,9.4690240888529914e+01,2.973927e-148,8.669e-13,1.516e-11,9.870e-25,0.000e+00
0.4,0.003633233122,9.2521362906535984e+01,9.2521362906535188e+01,7.866252e-145,7.958e-13,1.481e-11,2.366e-25,0.000e+00
0.4,0.003719121301,9.0402570075894147e+01,9.0402570075893308e+01,1.734008e-141,8.384e-13,1.447e-11,5.491e-26,0.000e+00
0.4,0.003807039841,8.8332705694708309e+01,8.8332705694707542e+01,3.198956e-138,7.674e-13,1.414e-11,1.232e-26,0.000e+00
0.4,0.003897036741,8.6310639772385329e+01,8.6310639772384533e+01,4.959349e-135,7.958e-13,1.381e-11,2.672e-27,0.000e+00
0.4,0.003989161131,8.4335268412746032e+01,8.4335268412745265e+01,6.487018e-132,7.674e-13,1.349e-11,5.593e-28,0.000e+00
0.4,0.004083463305,8.2405513211382299e+01,8.2405513211381574e+01,7.187430e-129,7.248e-13,1.318e-11,1.129e-28,0.000e+00
0.4,0.004179994745,8.0520320666930360e+01,8.0520320666929663e+01,6.771349e-126,6.963e-13,1.287e-11,2.199e-29,0.000e+00
0.4,0.00427880815,7.8678661605938899e+01,7.8678661605938188e+01,5.444727e-123,7.105e-13,1.258e-11,4.121e-30,0.000e+00
0.4,0.004379957463,7.6879530621019043e+01,7.6879530621018347e+01,3.750294e-120,6.963e-13,1.228e-11,7.434e-31,0.000e+00
0.4,0.004483497907,7.5121945521969067e+01,7.5121945521968399e+01,2.220726e-117,6.679e-13,1.200e-11,1.289e-31,0.000e+00
0.4,0.004589486004,7.3404946799573011e+01,7.3404946799572329e+01,1.134439e-114,6.821e-13,1.172e-11,2.146e-32,0.000e+00
0.4,0.004697979618,7.1727597101782678e+01,7.1727597101782052e+01,5.016556e-112,6.253e-13,1.145e-11,3.429e-33,0.000e+00
0.4,0.004809037978,7.0088980721995085e+01,7.0088980721994460e+01,1.926705e-109,6.253e-13,1.119e-11,5.251e-34,0.000e+00
0.4,0.004922721713,6.8488203099147398e+01,6.8488203099146801e+01,6.447975e-107,5.969e-13,1.093e-11,7.700e-35,0.000e+00
0.4,0.005039092886,6.6924390329355035e+01,6.6924390329354424e+01,1.886302e-104,6.111e-13,1.068e-11,1.080e-35,0.000e+00
0.4,0.005158215027,6.5396688688828092e+01,6.5396688688827496e+01,4.838695e-102,5.969e-13,1.043e-11,1.448e-36,0.000e+00
0.4,0.005280153168,6.3904264167803817e+01,6.3904264167803234e+01,1.091671e-99,5.826e-13,1.019e-11,1.852e-37,0.000e+00
0.4,0.005404973878,6.2446302015242210e+01,6.2446302015241642e+01,2.172652e-97,5.684e-13,9.952e-12,2.259e-38,0.000e+00
0.4,0.005532745299,6.1022006294035130e+01,6.1022006294034590e+01,3.825432e-95,5.400e-13,9.722e-12,2.624e-39,0.000e+00
0.4,0.005663537186,5.9630599446487025e+01,5.9630599446486492e+01,5.975741e-93,5.329e-13,9.497e-12,2.900e-40,0.000e+00
0.4,0.00579742094,5.8271321869828760e+01,5.8271321869828256e+01,8.304708e-91,5.045e-13,9.277e-12,3.045e-41,0.000e+00
0.4,0.005934469654,5.6943431501534377e+01,5.6943431501533858e+01,1.029558e-88,5.187e-13,9.063e-12,3.034e-42,0.000e+00
0.4,0.006074758143,5.5646203414213446e+01,5.5646203414212941e+01,1.141608e-86,5.045e-13,8.853e-12,2.865e-43,0.000e+00
0.4,0.006218362997,5.4378929419857606e+01,5.4378929419857116e+01,1.135120e-84,4.903e-13,8.648e-12,2.561e-44,0.000e+00
0.4,0.006365362612,5.3140917683226270e+01,5.3140917683225780e+01,1.014655e-82,4.903e-13,8.448e-12,2.164e-45,0.000e+00
0.4,0.006515837239,5.1931492344159778e+01,5.1931492344159302e+01,8.173631e-81,4.761e-13,8.253e-12,1.726e-46,0.000e+00
0.4,0.006669869026,5.0749993148613420e+01,5.0749993148612965e+01,5.948054e-79,4.547e-13,8.062e-12,1.298e-47,0.000e+00
0.4,0.006827542063,4.9595775088211894e+01,4.9595775088211454e+01,3.919380e-77,4.405e-13,7.876e-12,9.193e-49,0.000e+00
0.4,0.006988942427,4.8468208048126968e+01,4.8468208048126520e+01,2.343895e-75,4.476e-13,7.694e-12,6.119e-50,0.000e+00
0.4,0.007154158232,4.7366676463085454e+01,4.7366676463085021e+01,1.274999e-73,4.334e-13,7.516e-12,3.824e-51,0.000e+00
0.4,0.007323279672,4.6290578981321048e+01,4.6290578981320635e+01,6.322412e-72,4.121e-13,7.342e-12,2.239e-52,0.000e+00
0.4,0.007496399075,4.5239328136285422e+01,4.5239328136285010e+01,2.864082e-70,4.121e-13,7.172e-12,1.227e-53,0.000e+00
0.4,0.007673610952,4.4212350025940140e+01,4.4212350025939735e+01,1.187748e-68,4.050e-13,7.006e-12,6.286e-55,0.000e+00
0.4,0.007855012047,4.3209083999453469e+01,4.3209083999453085e+01,4.518413e-67,3.837e-13,6.845e-12,3.003e-56,0.000e+00
0.4,0.008040701391,4.2228982351132245e+01,4.2228982351131869e+01,1.579920e-65,3.766e-13,6.686e-12,1.336e-57,0.000e+00
0.4,0.008230780357,4.1271510021420383e+01,4.1271510021420013e+01,5.087657e-64,3.695e-13,6.532e-12,5.529e-59,0.000e+00
0.4,0.008425352714,4.0336144304801948e+01,4.0336144304801586e+01,1.511680e-62,3.624e-13,6.381e-12,2.123e-60,0.000e+00
0.4,0.008624524683,3.9422374564448582e+01,3.9422374564448219e+01,4.152102e-61,3.624e-13,6.233e-12,7.553e-62,0.000e+00
0.4,0.008828404998,3.8529701953455998e+01,3.8529701953455650e+01,1.056162e-59,3.482e-13,6.089e-12,2.485e-63,0.000e+00
0.4,0.009037104963,3.7657639142516793e+01,3.7657639142516466e+01,2.492400e-58,3.268e-13,5.949e-12,7.547e-65,0.000e+00
0.4,0.009250738511,3.6805710053881768e+01,3.6805710053881448e+01,5.466152e-57,3.197e-13,5.811e-12,2.112e-66,0.000e+00
0.4,0.00946942227,3.5973449601463606e+01,3.5973449601463287e+01,1.115982e-55,3.197e-13,5.677e-12,5.435e-68,0.000e+00
0.4,0.009693275626,3.5160403436941642e+01,3.5160403436941344e+01,2.124528e-54,2.984e-13,5.546e-12,1.284e-69,0.000e+00
0.4,0.009922420787,3.4366127701729098e+01,3.4366127701728786e+01,3.777447e-53,3.126e-13,5.418e-12,2.776e-71,0.000e+00
0.4,0.01015698285,3.3590188784667092e+01,3.3590188784666793e+01,6.282761e-52,2.984e-13,5.292e-12,5.488e-73,0.000e+00
0.4,0.01039708986,3.2832163085313198e+01,3.2832163085312899e+01,9.790119e-51,2.984e-13,5.170e-12,9.894e-75,0.000e+00
0.4,0.01064287291,3.2091636782695765e+01,3.2091636782695474e+01,1.431412e-49,2.913e-13,5.051e-12,1.623e-76,0.000e+00
0.4,0.01089446617,3.1368205609407223e+01,3.1368205609406942e+01,1.966615e-48,2.807e-13,4.934e-12,2.418e-78,0.000e+00
0.4,0.01115200699,3.0661474630913403e+01,3.0661474630913130e+01,2.542588e-47,2.736e-13,4.820e-12,3.263e-80,0.000e+00
0.4,0.01141563598,2.9971058029958204e+01,2.9971058029957945e+01,3.097736e-46,2.593e-13,4.709e-12,3.979e-82,0.000e+00
0.4,0.01168549705,2.9296578895946190e+01,2.9296578895945938e+01,3.561392e-45,2.522e-13,4.600e-12,4.375e-84,0.000e+00
0.4,0.01196173753,2.8637669019187840e+01,2.8637669019187584e+01,3.868869e-44,2.558e-13,4.494e-12,4.326e-86,0.000e+00
0.4,0.01224450822,2.7993968689895283e+01,2.7993968689895038e+01,3.976542e-43,2.451e-13,4.390e-12,3.838e-88,0.000e+00
0.4,0.0125339635,2.7365126501818978e+01,2.7365126501818736e+01,3.872037e-42,2.416e-13,4.289e-12,3.046e-90,0.000e+00
0.4,0.01283026138,2.6750799160417778e+01,2.6750799160417547e+01,3.576253e-41,2.309e-13,4.190e-12,2.158e-92,0.000e+00
0.4,0.01313356363,2.6150651295458008e+01,2.6150651295457777e+01,3.136906e-40,2.309e-13,4.093e-12,1.361e-94,0.000e+00
0.4,0.01344403582,2.5564355277939104e+01,2.5564355277938873e+01,2.616237e-39,2.309e-13,3.999e-12,7.615e-97,0.000e+00
0.4,0.01376184746,2.4991591041245979e+01,2.4991591041245755e+01,2.077116e-38,2.238e-13,3.907e-12,3.771e-99,0.000e+00
0.4,0.01408717203,2.4432045906430332e+01,2.4432045906430123e+01,1.571615e-37,2.096e-13,3.817e-12,1.648e-101,0.000e+00
0.4,0.01442018714,2.3885414411525829e+01,2.3885414411525620e+01,1.134530e-36,2.096e-13,3.728e-12,6.340e-104,1.613e-316
0.4,0.0147610746,2.3351398144803682e+01,2.3351398144803468e+01,7.822435e-36,2.132e-13,3.642e-12,2.139e-106,3.539e-309
0.4,0.0151100205,2.2829705581877832e+01,2.2829705581877636e+01,5.156847e-35,1.954e-13,3.558e-12,6.310e-109,5.254e-302
0.4,0.01546721534,2.2320051926570748e+01,2.2320051926570557e+01,3.253816e-34,1.918e-13,3.476e-12,1.623e-111,5.325e-295
0.4,0.01583285413,2.1822158955453094e+01,2.1822158955452906e+01,1.967014e-33,1.883e-13,3.396e-12,3.626e-114,3.718e-288
0.4,0.01620713647,2.1335754865972159e+01,2.1335754865971975e+01,1.140400e-32,1.847e-13,3.318e-12,7.015e-117,1.803e-281
0.4,0.0165902667,2.0860574128086512e+01,2.0860574128086334e+01,6.346903e-32,1.776e-13,3.241e-12,1.171e-119,6.129e-275
0.4,0.01698245397,2.0396357339325714e+01,2.0396357339325540e+01,3.394148e-31,1.741e-13,3.167e-12,1.682e-122,1.471e-268
0.4,0.01738391239,1.9942851083195951e+01,1.9942851083195769e+01,1.745680e-30,1.812e-13,3.094e-12,2.070e-125,2.515e-262
0.4,0.01779486113,1.9499807790854462e+01,1.9499807790854284e+01,8.642791e-30,1.776e-13,3.022e-12,2.175e-128,3.086e-256
0.4,0.01821552453,1.9066985605977226e+01,1.9066985605977059e+01,4.122696e-29,1.670e-13,2.953e-12,1.944e-131,2.738e-250
0.4,0.01864613225,1.8644148252746088e+01,1.8644148252745929e+01,1.896355e-28,1.599e-13,2.885e-12,1.472e-134,1.770e-244
0.4,0.01908691936,1.8231064906883379e+01,1.8231064906883226e+01,8.418477e-28,1.528e-13,2.818e-12,9.411e-138,8.400e-239
0.4,0.0195381265,1.7827510069663660e+01,1.7827510069663507e+01,3.609767e-27,1.528e-13,2.753e-12,5.056e-141,2.947e-233
0.4,0.02,1.7433263444833784e+01,1.7433263444833639e+01,1.496251e-26,1.457e-13,2.690e-12,2.275e-144,7.696e-228
0.4,0.02055729891,1.6981132464256913e+01,1.6981132464256756e+01,7.638719e-26,1.563e-13,2.617e-12,2.083e-148,1.253e-221
0.4,0.02113012692,1.6541242100331434e+01,1.6541242100331289e+01,3.729730e-25,1.457e-13,2.547e-12,1.472e-152,1.385e-215
0.4,0.02171891675,1.6113260084540773e+01,1.6113260084540631e+01,1.743813e-24,1.421e-13,2.478e-12,7.975e-157,1.049e-209
0.4,0.02232411318,1.5696863145425969e+01,1.5696863145425832e+01,7.816253e-24,1.368e-13,2.411e-12,3.287e-161,5.501e-204
0.4,0.02294617338,1.5291736764455798e+01,1.5291736764455669e+01,3.362560e-23,1.297e-13,2.346e-12,1.023e-165,2.018e-198
0.4,0.02358556724,1.4897574938512243e+01,1.4897574938512113e+01,1.389944e-22,1.297e-13,2.282e-12,2.384e-170,5.230e-193
0.4,0.02424277779,1.4514079948811997e+01,1.4514079948811869e+01,5.526508e-22,1.279e-13,2.221e-12,4.129e-175,9.662e-188
0.4,0.02491830147,1.4140962136089740e+01,1.4140962136089618e+01,2.115863e-21,1.226e-13,2.161e-12,5.271e-180,1.284e-182
0.4,0.02561264858,1.3777939681873328e+01,1.3777939681873208e+01,7.808232e-21,1.190e-13,2.102e-12,4.916e-185,1.240e-177
0.4,0.02632634363,1.3424738395685868e+01,1.3424738395685750e+01,2.780219e-20,1.172e-13,2.046e-12,3.321e-190,8.762e-173
0.4,0.02705992576,1.3081091508014197e+01,1.3081091508014083e+01,9.560655e-20,1.137e-13,1.991e-12,1.610e-195,4.573e-168
0.4,0.02781394911,1.2746739468887423e+01,1.2746739468887307e+01,3.178252e-19,1.155e-13,1.937e-12,5.554e-201,1.778e-163
0.4,0.02858898329,1.2421429751913577e+01,1.2421429751913468e+01,1.022303e-18,1.084e-13,1.885e-12,1.349e-206,5.186e-159
0.4,0.02938561374,1.2104916663626531e+01,1.2104916663626422e+01,3.184560e-18,1.084e-13,1.834e-12,2.287e-212,1.145e-154
0.4,0.03020444227,1.1796961157999295e+01,1.1796961157999188e+01,9.615566e-18,1.066e-13,1.784e-12,2.678e-218,1.925e-150
0.4,0.0310460874,1.1497330655983870e+01,1.1497330655983772e+01,2.816587e-17,9.767e-14,1.736e-12,2.143e-224,2.487e-146
0.4,0.03191118493,1.1205798869941392e+01,1.1205798869941294e+01,8.010344e-17,9.762e-14,1.690e-12,1.160e-230,2.484e-142
0.4,0.03280038836,1.0922145632830199e+01,1.0922145632830102e+01,2.213638e-16,9.748e-14,1.644e-12,4.201e-237,1.933e-138
0.4,0.03371436939,1.0646156732023021e+01,1.0646156732022924e+01,5.948769e-16,9.710e-14,1.600e-12,1.007e-243,1.179e-134
0.4,0.03465381845,1.0377623747627903e+01,1.0377623747627812e+01,1.555757e-15,8.904e-14,1.557e-12,1.577e-250,5.674e-131
0.4,0.03561944521,1.0116343895190980e+01,1.0116343895190882e+01,3.962511e-15,9.374e-14,1.515e-12,1.597e-257,2.170e-127
0.4,0.0366119791,9.8621198726624364e+00,9.8621198726623351e+00,9.836131e-15,9.142e-14,1.474e-12,1.033e-264,6.632e-124
0.4,0.0376321699,9.6147597115103913e+00,9.6147597115102776e+00,2.381256e-14,8.987e-14,1.435e-12,4.211e-272,1.630e-120
0.4,0.03868078826,9.3740766318703166e+00,9.3740766318701727e+00,5.626139e-14,8.762e-14,1.396e-12,1.069e-279,3.241e-117
0.4,0.03975862631,9.1398889016208926e+00,9.1398889016206812e+00,1.298147e-13,8.157e-14,1.359e-12,1.666e-287,5.243e-114
0.4,0.04086649826,8.9120196992800924e+00,8.9120196992797176e+00,2.927018e-13,8.211e-14,1.322e-12,1.575e-295,6.939e-111
0.4,0.04200524101,8.6902969806180650e+00,8.6902969806173402e+00,6.453362e-13,7.942e-14,1.287e-12,8.893e-304,7.555e-108
0.4,0.04317571475,8.4745533488864950e+00,8.4745533488850278e+00,1.392098e-12,7.517e-14,1.252e-12,2.959e-312,6.803e-105
0.4,0.04437880369,8.2646259285664918e+00,8.2646259285634756e+00,2.939904e-12,7.635e-14,1.219e-12,5.741e-321,5.091e-102
0.4,0.04561541663,8.0603562425400206e+00,8.0603562425338637e+00,6.081718e-12,7.514e-14,1.186e-12,0.000e+00,3.184e-99
0.4,0.04688648772,7.8615900925924604e+00,7.8615900925800588e+00,1.233082e-11,7.082e-14,1.154e-12,0.000e+00,1.671e-96
0.4,0.04819297714,7.6681774431562628e+00,7.6681774431316772e+00,2.451694e-11,6.872e-14,1.123e-12,0.000e+00,7.400e-94
0.4,0.04953587182,7.4799723082084455e+00,7.4799723081605505e+00,4.782773e-11,6.729e-14,1.093e-12,0.000e+00,2.777e-91
0.4,0.05091618618,7.2968326412370104e+00,7.2968326411453539e+00,9.159165e-11,6.481e-14,1.064e-12,0.000e+00,8.870e-89
0.4,0.05233496293,7.1186202281938860e+00,7.1186202280215518e+00,1.722711e-10,6.309e-14,1.035e-12,0.000e+00,2.422e-86
0.4,0.05379327381,6.9452005833545822e+00,6.9452005830361294e+00,3.183911e-10,6.175e-14,1.008e-12,0.000e+00,5.679e-84
0.4,0.05529222045,6.7764428480071848e+00,6.7764428474286156e+00,5.785056e-10,6.360e-14,9.808e-13,0.000e+00,1.148e-81
0.4,0.05683293515,6.6122196918961311e+00,6.6122196908622310e+00,1.033839e-09,6.125e-14,9.545e-13,0.000e+00,2.008e-79
0.4,0.05841658179,6.4524072173489877e+00,6.4524072155309398e+00,1.817991e-09,5.699e-14,9.290e-13,0.000e+00,3.054e-77
0.4,0.06004435665,6.2968848660174235e+00,6.2968848628702414e+00,3.147124e-09,5.758e-14,9.042e-13,0.000e+00,4.051e-75
0.4,0.06171748937,6.1455353281670293e+00,6.1455353228015506e+00,5.365424e-09,5.463e-14,8.800e-13,0.000e+00,4.704e-73
0.4,0.06343724384,5.9982444544543396e+00,5.9982444454418600e+00,9.012426e-09,5.351e-14,8.565e-13,0.000e+00,4.800e-71
0.4,0.06520491918,5.8549011701334699e+00,5.8549011552122883e+00,1.492113e-08,5.343e-14,8.336e-13,0.000e+00,4.319e-69
0.4,0.06702185069,5.7153973916396739e+00,5.7153973672809313e+00,2.435869e-08,5.303e-14,8.114e-13,0.000e+00,3.439e-67
0.4,0.0688894109,5.5796279455022884e+00,5.5796279062771470e+00,3.922509e-08,5.132e-14,7.897e-13,0.000e+00,2.431e-65
0.4,0.07080901057,5.4474904895456211e+00,5.4474904272161968e+00,6.232937e-08,5.207e-14,7.686e-13,0.000e+00,1.530e-63
0.4,0.07278209978,5.3188854363428781e+00,5.3188853385747663e+00,9.776806e-08,4.761e-14,7.481e-13,0.000e+00,8.606e-62
0.4,0.07481016902,5.1937158788956053e+00,5.1937157274595194e+00,1.514360e-07,4.997e-14,7.282e-13,0.000e+00,4.338e-60
0.4,0.0768947503,5.0718875185188486e+00,5.0718872868125091e+00,2.317063e-07,4.745e-14,7.088e-13,0.000e+00,1.965e-58
0.4,0.07903741831,4.9533085949205757e+00,4.9533082445986354e+00,3.503219e-07,4.578e-14,6.899e-13,0.000e+00,8.025e-57
0.4,0.08123979166,4.8378898184721564e+00,4.8378892949220056e+00,5.235501e-07,4.502e-14,6.715e-13,0.000e+00,2.962e-55
0.4,0.08350353402,4.7255443046750898e+00,4.7255435310194089e+00,7.736556e-07,4.473e-14,6.536e-13,0.000e+00,9.912e-54
0.4,0.08583035543,4.6161875108367676e+00,4.6161863800805332e+00,1.130756e-06,4.194e-14,6.362e-13,0.000e+00,3.014e-52
0.4,0.0882220136,4.5097371749748989e+00,4.5097355398459680e+00,1.635129e-06,4.254e-14,6.193e-13,0.000e+00,8.353e-51
0.4,0.09068031519,4.4061132569754173e+00,4.4061109169353694e+00,2.340040e-06,4.049e-14,6.028e-13,0.000e+00,2.115e-49
0.4,0.09320711722,4.3052378820320136e+00,4.3052345668594016e+00,3.315173e-06,3.918e-14,5.868e-13,0.000e+00,4.902e-48
0.4,0.09580432845,4.2070352863961133e+00,4.2070306356704226e+00,4.650726e-06,3.885e-14,5.713e-13,0.000e+00,1.043e-46
0.4,0.09847391083,4.1114317654639452e+00,4.1114253032080610e+00,6.462256e-06,3.916e-14,5.561e-13,0.000e+00,2.042e-45
0.4,0.101217881,4.0183556242216403e+00,4.0183467278970291e+00,8.896325e-06,3.854e-14,5.414e-13,0.000e+00,3.687e-44
0.4,0.1040383117,3.9277371300600779e+00,3.9277249930557105e+00,1.213700e-05,3.630e-14,5.271e-13,0.000e+00,6.152e-43
0.4,0.1069373336,3.8395084679580922e+00,3.8394920546751421e+00,1.641328e-05,3.621e-14,5.131e-13,0.000e+00,9.507e-42
0.4,0.1099171365,3.7536036980160241e+00,3.7535816906291939e+00,2.200739e-05,3.563e-14,4.996e-13,0.000e+00,1.364e-40
0.4,0.1129799716,3.6699587153014548e+00,3.6699294512777092e+00,2.926402e-05,3.511e-14,4.864e-13,0.000e+00,1.819e-39
0.4,0.1161281523,3.5885112119460789e+00,3.5884726114255332e+00,3.860052e-05,3.433e-14,4.736e-13,0.000e+00,2.260e-38
0.4,0.1193640569,3.5092006414075247e+00,3.5091501236012581e+00,5.051781e-05,3.377e-14,4.611e-13,0.000e+00,2.622e-37
0.4,0.1226901298,3.4319681847836594e+00,3.4319025726205883e+00,6.561216e-05,3.396e-14,4.490e-13,0.000e+00,2.846e-36
0.4,0.1261088836,3.3567567190403360e+00,3.3566721314001366e+00,8.458764e-05,3.197e-14,4.372e-13,0.000e+00,2.894e-35
0.4,0.1296229008,3.2835107869879332e+00,3.2834025179883879e+00,1.082690e-04,3.194e-14,4.258e-13,0.000e+00,2.762e-34
0.4,0.1332348358,3.2121765688185140e+00,3.2120389537815446e+00,1.376150e-04,3.106e-14,4.146e-13,0.000e+00,2.479e-33
0.4,0.1369474172,3.1427018549950470e+00,3.1425281228927382e+00,1.737321e-04,2.999e-14,4.038e-13,0.000e+00,2.095e-32
0.4,0.1407634495,3.0750360202679752e+00,3.0748181326440602e+00,2.178876e-04,2.944e-14,3.933e-13,0.000e+00,1.671e-31
0.4,0.1446858154,3.0091299985831981e+00,3.0088584751516243e+00,2.715234e-04,2.963e-14,3.830e-13,0.000e+00,1.259e-30
0.4,0.1487174777,2.9449362586399093e+00,2.9445999899747211e+00,3.362687e-04,2.886e-14,3.730e-13,0.000e+00,8.976e-30
0.4,0.1528614821,2.8824087798569358e+00,2.8819948278008924e+00,4.139521e-04,2.769e-14,3.633e-13,0.000e+00,6.065e-29
0.4,0.157120959,2.8215030285123022e+00,2.8209964151395477e+00,5.066134e-04,2.778e-14,3.539e-13,0.000e+00,3.890e-28
0.4,0.1614991259,2.7621759338323519e+00,2.7615594199974716e+00,6.165138e-04,2.651e-14,3.447e-13,0.000e+00,2.371e-27
0.4,0.1659992902,2.7043858638233407e+00,2.7036397185102921e+00,7.461453e-04,2.731e-14,3.358e-13,0.000e+00,1.376e-26
0.4,0.1706248514,2.6480926006590915e+00,2.6471943625047176e+00,8.982382e-04,2.586e-14,3.271e-13,0.000e+00,7.608e-26
0.4,0.1753793036,2.5932573154621483e+00,2.5921815479669936e+00,1.075767e-03,2.475e-14,3.186e-13,0.000e+00,4.014e-25
0.4,0.1802662383,2.5398425423415767e+00,2.5385605843937533e+00,1.281958e-03,2.479e-14,3.103e-13,0.000e+00,2.024e-24
0.4,0.1852893472,2.4878121515771148e+00,2.4862918650020314e+00,1.520287e-03,2.473e-14,3.023e-13,0.000e+00,9.762e-24
0.4,0.1904524247,2.4371313218655213e+00,2.4353368377758775e+00,1.794484e-03,2.366e-14,2.944e-13,0.000e+00,4.510e-23
0.4,0.1957593711,2.3877665115696729e+00,2.3856579773276234e+00,2.108534e-03,2.350e-14,2.868e-13,0.000e+00,1.998e-22
0.4,0.2012141953,2.3396854289333269e+00,2.3372187575524337e+00,2.466671e-03,2.293e-14,2.793e-13,0.000e+00,8.497e-22
0.4,0.2068210179,2.2928570012439327e+00,2.2899836250553767e+00,2.873376e-03,2.208e-14,2.720e-13,0.000e+00,3.473e-21
0.4,0.2125840742,2.2472513429418814e+00,2.2439179733308077e+00,3.333370e-03,2.196e-14,2.649e-13,0.000e+00,1.366e-20
0.4,0.2185077179,2.2028397226871586e+00,2.1989881176744093e+00,3.851605e-03,2.145e-14,2.580e-13,0.000e+00,5.173e-20
0.4,0.2245964235,2.1595945294035856e+00,2.1551612708087777e+00,4.433259e-03,2.072e-14,2.512e-13,0.000e+00,1.889e-19
0.4,0.2308547906,2.1174892373270549e+00,2.1124055192039535e+00,5.083718e-03,1.998e-14,2.446e-13,0.000e+00,6.658e-19
0.4,0.2372875467,2.0764983700880832e+00,2.0706898000748266e+00,5.808570e-03,2.013e-14,2.381e-13,0.000e+00,2.266e-18
0.4,0.2438995512,2.0365974638612432e+00,2.0299838790378146e+00,6.613585e-03,1.921e-14,2.318e-13,0.000e+00,7.460e-18
0.4,0.2506957989,1.9977630296155493e+00,1.9902583284097073e+00,7.504701e-03,1.905e-14,2.256e-13,0.000e+00,2.376e-17
0.4,0.2576814237,1.9599725145014155e+00,1.9514845061320425e+00,8.488008e-03,1.884e-14,2.195e-13,0.000e+00,7.332e-17
0.4,0.2648617025,1.9232042624123105e+00,1.9136345353048361e+00,9.569727e-03,1.887e-14,2.135e-13,0.000e+00,2.193e-16
0.4,0.2722420593,1.8874374737632460e+00,1.8766812843139113e+00,1.075619e-02,1.805e-14,2.077e-13,0.000e+00,6.366e-16
0.4,0.2798280694,1.8526521645344958e+00,1.8405983475365282e+00,1.205382e-02,1.776e-14,2.020e-13,0.000e+00,1.794e-15
0.4,0.2876254633,1.8188291246375985e+00,1.8053600266104231e+00,1.346910e-02,1.803e-14,1.964e-13,0.000e+00,4.914e-15
0.4,0.2956401311,1.7859498756720056e+00,1.7709413122517801e+00,1.500856e-02,1.723e-14,1.909e-13,0.000e+00,1.309e-14
0.4,0.3038781273,1.7539966281544419e+00,1.7373178666080376e+00,1.667876e-02,1.826e-14,1.855e-13,0.000e+00,3.394e-14
0.4,0.3123456747,1.7229522383188540e+00,1.7044660061318424e+00,1.848623e-02,2.114e-14,1.802e-13,0.000e+00,8.572e-14
0.4,0.3210491698,1.6928001646021476e+00,1.6723626849628193e+00,2.043748e-02,2.911e-14,1.750e-13,0.000e+00,2.110e-13
0.4,0.3299951874,1.6635244239489200e+00,1.6409854788041929e+00,2.253895e-02,4.753e-14,1.699e-13,0.000e+00,5.067e-13
0.4,0.3391904853,1.6351095480863371e+00,1.6103125692816511e+00,2.479698e-02,9.178e-14,1.649e-13,0.000e+00,1.187e-12
0.4,0.3486420097,1.6075405399371328e+00,1.5803227287721813e+00,2.721781e-02,1.937e-13,1.600e-13,0.000e+00,2.718e-12
0.4,0.3583569002,1.5808028303536164e+00,1.5509953056909507e+00,2.980752e-02,4.218e-13,1.551e-13,0.000e+00,6.081e-12
0.4,0.3683424957,1.5548822353675908e+00,1.5223102102245958e+00,3.257203e-02,9.211e-13,1.504e-13,0.000e+00,1.330e-11
0.4,0.3786063392,1.5297649141596559e+00,1.4942479004996339e+00,3.551701e-02,1.991e-12,1.457e-13,0.000e+00,2.848e-11
0.4,0.3891561842,1.5054373279558217e+00,1.4667893691749794e+00,3.864796e-02,4.231e-12,1.411e-13,0.000e+00,5.968e-11
0.4,0.4,1.4818862000595243e+00,1.4399161304478609e+00,4.197007e-02,8.828e-12,1.365e-13,0.000e+00,1.225e-10
0.8,0.0025,1.3410968884407310e+02,1.3410968884407197e+02,2.213518e-145,1.137e-12,2.153e-11,6.599e-17,0.000e+00
0.8,0.002559099,1.3103049865377039e+02,1.3103049865376929e+02,5.053023e-142,1.108e-12,2.103e-11,2.390e-17,0.000e+00
0.8,0.002619595078,1.2802241671780303e+02,1.2802241671780189e+02,9.645897e-139,1.137e-12,2.054e-11,8.459e-18,0.000e+00
0.8,0.002681521258,1.2508380084860949e+02,1.2508380084860842e+02,1.546148e-135,1.066e-12,2.006e-11,2.924e-18,0.000e+00
0.8,0.002744911348,1.2221304678192122e+02,1.2221304678192014e+02,2.089434e-132,1.080e-12,1.960e-11,9.866e-19,0.000e+00
0.8,0.002809799955,1.1940858730095511e+02,1.1940858730095407e+02,2.389945e-129,1.037e-12,1.915e-11,3.248e-19,0.000e+00
0.8,0.002876222502,1.1666889138083157e+02,1.1666889138083056e+02,2.322740e-126,1.009e-12,1.870e-11,1.043e-19,0.000e+00
0.8,0.002944215252,1.1399246335274934e+02,1.1399246335274835e+02,1.925312e-123,9.948e-13,1.827e-11,3.261e-20,0.000e+00
0.8,0.003013815324,1.1137784208746318e+02,1.1137784208746220e+02,1.366108e-120,9.805e-13,1.785e-11,9.933e-21,0.000e+00
0.8,0.003085060713,1.0882360019761775e+02,1.0882360019761680e+02,8.327445e-118,9.521e-13,1.743e-11,2.945e-21,0.000e+00
0.8,0.003157990315,1.0632834325850089e+02,1.0632834325849998e+02,4.376274e-115,9.095e-13,1.703e-11,8.492e-22,0.000e+00
0.8,0.003232643943,1.0389070904679342e+02,1.0389070904679252e+02,1.989533e-112,8.953e-13,1.663e-11,2.380e-22,0.000e+00
0.8,0.003309062353,1.0150936679689760e+02,1.0150936679689670e+02,7.850649e-110,8.953e-13,1.625e-11,6.481e-23,0.000e+00
0.8,0.003387287264,9.9183016474440009e+01,9.9183016474439128e+01,2.697662e-107,8.811e-13,1.587e-11,1.713e-23,0.000e+00
0.8,0.003467361381,9.6910388066550368e+01,9.6910388066549530e+01,8.098128e-105,8.384e-13,1.550e-11,4.392e-24,0.000e+00
0.8,0.003549328418,9.4690240888530752e+01,9.4690240888529914e+01,2.130354e-102,8.384e-13,1.515e-11,1.091e-24,0.000e+00
0.8,0.003633233122,9.2521362906535956e+01,9.2521362906535188e+01,4.926214e-100,7.674e-13,1.479e-11,2.628e-25,0.000e+00
0.8,0.003719121301,9.0402570075894104e+01,9.0402570075893308e+01,1.004297e-97,7.958e-13,1.445e-11,6.122e-26,0.000e+00
0.8,0.003807039841,8.8332705694708281e+01,8.8332705694707542e+01,1.810349e-95,7.390e-13,1.412e-11,1.380e-26,0.000e+00
0.8,0.003897036741,8.6310639772385301e+01,8.6310639772384533e+01,2.893661e-93,7.674e-13,1.379e-11,3.004e-27,0.000e+00
0.8,0.003989161131,8.4335268412745990e+01,8.4335268412745265e+01,4.112673e-91,7.248e-13,1.347e-11,6.318e-28,0.000e+00
0.8,0.004083463305,8.2405513211382271e+01,8.2405513211381574e+01,5.211585e-89,6.963e-13,1.316e-11,1.282e-28,0.000e+00
0.8,0.004179994745,8.0520320666930331e+01,8.0520320666929663e+01,5.903852e-87,6.679e-13,1.285e-11,2.507e-29,0.000e+00
0.8,0.00427880815,7.8678661605938856e+01,7.8678661605938188e+01,5.994393e-85,6.679e-13,1.256e-11,4.721e-30,0.000e+00
0.8,0.004379957463,7.6879530621019029e+01,7.6879530621018347e+01,5.468866e-83,6.821e-13,1.226e-11,8.558e-31,0.000e+00
0.8,0.004483497907,7.5121945521969025e+01,7.5121945521968399e+01,4.494326e-81,6.253e-13,1.198e-11,1.491e-31,0.000e+00
0.8,0.004589486004,7.3404946799572969e+01,7.3404946799572329e+01,3.334995e-79,6.395e-13,1.170e-11,2.496e-32,0.000e+00
0.8,0.004697979618,7.1727597101782649e+01,7.1727597101782052e+01,2.239819e-77,5.969e-13,1.143e-11,4.008e-33,0.000e+00
0.8,0.004809037978,7.0088980721995043e+01,7.0088980721994460e+01,1.364640e-75,5.826e-13,1.117e-11,6.170e-34,0.000e+00
0.8,0.004922721713,6.8488203099147370e+01,6.8488203099146801e+01,7.559408e-74,5.684e-13,1.091e-11,9.096e-35,0.000e+00
0.8,0.005039092886,6.6924390329355006e+01,6.6924390329354424e+01,3.815721e-72,5.826e-13,1.066e-11,1.283e-35,0.000e+00
0.8,0.005158215027,6.5396688688828050e+01,6.5396688688827496e+01,1.758803e-70,5.542e-13,1.041e-11,1.729e-36,0.000e+00
0.8,0.005280153168,6.3904264167803788e+01,6.3904264167803234e+01,7.418573e-69,5.542e-13,1.017e-11,2.225e-37,0.000e+00
0.8,0.005404973878,6.2446302015242175e+01,6.2446302015241642e+01,2.869301e-67,5.329e-13,9.932e-12,2.729e-38,0.000e+00
0.8,0.005532745299,6.1022006294035094e+01,6.1022006294034590e+01,1.019657e-65,5.045e-13,9.701e-12,3.189e-39,0.000e+00
0.8,0.005663537186,5.9630599446486983e+01,5.9630599446486492e+01,3.335824e-64,4.903e-13,9.477e-12,3.545e-40,0.000e+00
0.8,0.00579742094,5.8271321869828732e+01,5.8271321869828256e+01,1.006592e-62,4.761e-13,9.257e-12,3.745e-41,0.000e+00
0.8,0.005934469654,5.6943431501534349e+01,5.6943431501533858e+01,2.806823e-61,4.903e-13,9.043e-12,3.754e-42,0.000e+00
0.8,0.006074758143,5.5646203414213410e+01,5.5646203414212941e+01,7.245699e-60,4.690e-13,8.833e-12,3.567e-43,0.000e+00
0.8,0.006218362997,5.4378929419857577e+01,5.4378929419857116e+01,1.734692e-58,4.619e-13,8.628e-12,3.209e-44,0.000e+00
0.8,0.006365362612,5.3140917683226235e+01,5.3140917683225780e+01,3.858311e-57,4.547e-13,8.428e-12,2.729e-45,0.000e+00
0.8,0.006515837239,5.1931492344159736e+01,5.1931492344159302e+01,7.986250e-56,4.334e-13,8.233e-12,2.191e-46,0.000e+00
0.8,0.006669869026,5.0749993148613385e+01,5.0749993148612965e+01,1.540922e-54,4.192e-13,8.042e-12,1.659e-47,0.000e+00
0.8,0.006827542063,4.9595775088211873e+01,4.9595775088211454e+01,2.775971e-53,4.192e-13,7.856e-12,1.183e-48,0.000e+00
0.8,0.006988942427,4.8468208048126940e+01,4.8468208048126520e+01,4.676641e-52,4.192e-13,7.674e-12,7.926e-50,0.000e+00
0.8,0.007154158232,4.7366676463085426e+01,4.7366676463085021e+01,7.379219e-51,4.050e-13,7.496e-12,4.987e-51,0.000e+00
0.8,0.007323279672,4.6290578981321019e+01,4.6290578981320635e+01,1.092196e-49,3.837e-13,7.323e-12,2.941e-52,0.000e+00
0.8,0.007496399075,4.5239328136285401e+01,4.5239328136285010e+01,1.518611e-48,3.908e-13,7.153e-12,1.623e-53,0.000e+00
0.8,0.007673610952,4.4212350025940118e+01,4.4212350025939735e+01,1.986439e-47,3.837e-13,6.988e-12,8.375e-55,0.000e+00
0.8,0.007855012047,4.3209083999453441e+01,4.3209083999453085e+01,2.447928e-46,3.553e-13,6.826e-12,4.030e-56,0.000e+00
0.8,0.008040701391,4.2228982351132217e+01,4.2228982351131869e+01,2.845870e-45,3.482e-13,6.668e-12,1.807e-57,0.000e+00
0.8,0.008230780357,4.1271510021420362e+01,4.1271510021420013e+01,3.125425e-44,3.482e-13,6.513e-12,7.531e-59,0.000e+00
0.8,0.008425352714,4.0336144304801920e+01,4.0336144304801586e+01,3.246769e-43,3.340e-13,6.363e-12,2.914e-60,0.000e+00
0.8,0.008624524683,3.9422374564448560e+01,3.9422374564448219e+01,3.194479e-42,3.411e-13,6.215e-12,1.045e-61,0.000e+00
0.8,0.008828404998,3.8529701953455969e+01,3.8529701953455650e+01,2.980571e-41,3.197e-13,6.071e-12,3.464e-63,0.000e+00
0.8,0.009037104963,3.7657639142516764e+01,3.7657639142516466e+01,2.640477e-40,2.984e-13,5.931e-12,1.060e-64,0.000e+00
0.8,0.009250738511,3.6805710053881754e+01,3.6805710053881448e+01,2.223660e-39,3.055e-13,5.794e-12,2.992e-66,0.000e+00
0.8,0.00946942227,3.5973449601463578e+01,3.5973449601463287e+01,1.782237e-38,2.913e-13,5.660e-12,7.761e-68,0.000e+00
0.8,0.009693275626,3.5160403436941628e+01,3.5160403436941344e+01,1.361038e-37,2.842e-13,5.529e-12,1.848e-69,0.000e+00
0.8,0.009922420787,3.4366127701729077e+01,3.4366127701728786e+01,9.914413e-37,2.913e-13,5.401e-12,4.031e-71,0.000e+00
0.8,0.01015698285,3.3590188784667063e+01,3.3590188784666793e+01,6.896513e-36,2.700e-13,5.276e-12,8.036e-73,0.000e+00
0.8,0.01039708986,3.2832163085313184e+01,3.2832163085312899e+01,4.585857e-35,2.842e-13,5.154e-12,1.461e-74,0.000e+00
0.8,0.01064287291,3.2091636782695737e+01,3.2091636782695474e+01,2.918044e-34,2.629e-13,5.035e-12,2.419e-76,0.000e+00
0.8,0.01089446617,3.1368205609407198e+01,3.1368205609406942e+01,1.778628e-33,2.558e-13,4.918e-12,3.635e-78,0.000e+00
0.8,0.01115200699,3.0661474630913379e+01,3.0661474630913130e+01,1.039516e-32,2.487e-13,4.805e-12,4.950e-80,0.000e+00
0.8,0.01141563598,2.9971058029958186e+01,2.9971058029957945e+01,5.831124e-32,2.416e-13,4.694e-12,6.092e-82,0.000e+00
0.8,0.01168549705,2.9296578895946173e+01,2.9296578895945938e+01,3.142384e-31,2.345e-13,4.585e-12,6.762e-84,0.000e+00
0.8,0.01196173753,2.8637669019187815e+01,2.8637669019187584e+01,1.628376e-30,2.309e-13,4.479e-12,6.750e-86,0.000e+00
0.8,0.01224450822,2.7993968689895269e+01,2.7993968689895038e+01,8.121403e-30,2.309e-13,4.376e-12,6.047e-88,0.000e+00
0.8,0.0125339635,2.7365126501818956e+01,2.7365126501818736e+01,3.901866e-29,2.203e-13,4.275e-12,4.847e-90,0.000e+00
0.8,0.01283026138,2.6750799160417763e+01,2.6750799160417547e+01,1.807397e-28,2.167e-13,4.176e-12,3.469e-92,0.000e+00
0.8,0.01313356363,2.6150651295457987e+01,2.6150651295457777e+01,8.078682e-28,2.096e-13,4.079e-12,2.210e-94,0.000e+00
0.8,0.01344403582,2.5564355277939086e+01,2.5564355277938873e+01,3.487316e-27,2.132e-13,3.985e-12,1.249e-96,0.000e+00
0.8,0.01376184746,2.4991591041245957e+01,2.4991591041245755e+01,1.454975e-26,2.025e-13,3.893e-12,6.254e-99,0.000e+00
0.8,0.01408717203,2.4432045906430318e+01,2.4432045906430123e+01,5.871842e-26,1.954e-13,3.803e-12,2.764e-101,0.000e+00
0.8,0.01442018714,2.3885414411525812e+01,2.3885414411525620e+01,2.293937e-25,1.918e-13,3.716e-12,1.075e-103,1.694e-316
0.8,0.0147610746,2.3351398144803664e+01,2.3351398144803468e+01,8.681661e-25,1.954e-13,3.630e-12,3.667e-106,3.717e-309
0.8,0.0151100205,2.2829705581877814e+01,2.2829705581877636e+01,3.185346e-24,1.776e-13,3.546e-12,1.094e-108,5.519e-302
0.8,0.01546721534,2.2320051926570727e+01,2.2320051926570557e+01,1.133845e-23,1.705e-13,3.465e-12,2.847e-111,5.594e-295
0.8,0.01583285413,2.1822158955453080e+01,2.1822158955452906e+01,3.918305e-23,1.741e-13,3.385e-12,6.439e-114,3.905e-288
0.8,0.01620713647,2.1335754865972149e+01,2.1335754865971975e+01,1.315487e-22,1.741e-13,3.307e-12,1.261e-116,1.894e-281
0.8,0.0165902667,2.0860574128086494e+01,2.0860574128086334e+01,4.293476e-22,1.599e-13,3.230e-12,2.133e-119,6.438e-275
0.8,0.01698245397,2.0396357339325704e+01,2.0396357339325540e+01,1.363165e-21,1.634e-13,3.156e-12,3.102e-122,1.545e-268
0.8,0.01738391239,1.9942851083195933e+01,1.9942851083195769e+01,4.212907e-21,1.634e-13,3.083e-12,3.868e-125,2.642e-262
0.8,0.01779486113,1.9499807790854447e+01,1.9499807790854284e+01,1.268176e-20,1.634e-13,3.012e-12,4.120e-128,3.241e-256
0.8,0.01821552453,1.9066985605977212e+01,1.9066985605977059e+01,3.720532e-20,1.528e-13,2.943e-12,3.733e-131,2.876e-250
0.8,0.01864613225,1.8644148252746074e+01,1.8644148252745929e+01,1.064429e-19,1.457e-13,2.875e-12,2.867e-134,1.859e-244
0.8,0.01908691936,1.8231064906883368e+01,1.8231064906883226e+01,2.971438e-19,1.421e-13,2.809e-12,1.859e-137,8.824e-239
0.8,0.0195381265,1.7827510069663646e+01,1.7827510069663507e+01,8.098432e-19,1.386e-13,2.744e-12,1.014e-140,3.095e-233
0.8,0.02,1.7433263444833770e+01,1.7433263444833639e+01,2.156055e-18,1.314e-13,2.681e-12,4.629e-144,8.084e-228
0.8,0.02055729891,1.6981132464256898e+01,1.6981132464256756e+01,6.625028e-18,1.421e-13,2.609e-12,4.316e-148,1.317e-221
0.8,0.02113012692,1.6541242100331424e+01,1.6541242100331289e+01,1.973939e-17,1.350e-13,2.538e-12,3.109e-152,1.455e-215
0.8,0.02171891675,1.6113260084540762e+01,1.6113260084540631e+01,5.707694e-17,1.314e-13,2.470e-12,1.717e-156,1.102e-209
0.8,0.02232411318,1.5696863145425958e+01,1.5696863145425832e+01,1.602955e-16,1.260e-13,2.403e-12,7.218e-161,5.779e-204
0.8,0.02294617338,1.5291736764455790e+01,1.5291736764455669e+01,4.375817e-16,1.204e-13,2.338e-12,2.292e-165,2.120e-198
0.8,0.02358556724,1.4897574938512234e+01,1.4897574938512113e+01,1.162005e-15,1.196e-13,2.275e-12,5.456e-170,5.494e-193
0.8,0.02424277779,1.4514079948811990e+01,1.4514079948811869e+01,3.003949e-15,1.178e-13,2.214e-12,9.655e-175,1.015e-187
0.8,0.02491830147,1.4140962136089737e+01,1.4140962136089618e+01,7.565355e-15,1.115e-13,2.154e-12,1.260e-179,1.349e-182
0.8,0.02561264858,1.3777939681873333e+01,1.3777939681873208e+01,1.857486e-14,1.058e-13,2.096e-12,1.202e-184,1.302e-177
0.8,0.02632634363,1.3424738395685901e+01,1.3424738395685750e+01,4.449185e-14,1.065e-13,2.039e-12,8.313e-190,9.203e-173
0.8,0.02705992576,1.3081091508014289e+01,1.3081091508014083e+01,1.040364e-13,1.020e-13,1.984e-12,4.129e-195,4.804e-168
0.8,0.02781394911,1.2746739468887649e+01,1.2746739468887307e+01,2.376419e-13,1.034e-13,1.931e-12,1.460e-200,1.867e-163
0.8,0.02858898329,1.2421429751914099e+01,1.2421429751913468e+01,5.306025e-13,1.000e-13,1.879e-12,3.638e-206,5.448e-159
0.8,0.02938561374,1.2104916663627680e+01,1.2104916663626422e+01,1.158756e-12,9.890e-14,1.828e-12,6.331e-212,1.202e-154
0.8,0.03020444227,1.1796961158001761e+01,1.1796961157999188e+01,2.476579e-12,9.559e-14,1.779e-12,7.614e-218,2.022e-150
0.8,0.0310460874,1.1497330655989042e+01,1.1497330655983772e+01,5.183263e-12,8.719e-14,1.731e-12,6.264e-224,2.612e-146
0.8,0.03191118493,1.1205798869952011e+01,1.1205798869941294e+01,1.062899e-11,8.777e-14,1.684e-12,3.488e-230,2.609e-142
0.8,0.03280038836,1.0922145632851556e+01,1.0922145632830102e+01,2.136775e-11,8.709e-14,1.639e-12,1.301e-236,2.030e-138
0.8,0.03371436939,1.0646156732065142e+01,1.0646156732022924e+01,4.213441e-11,8.426e-14,1.594e-12,3.212e-243,1.238e-134
0.8,0.03465381845,1.0377623747709428e+01,1.0377623747627812e+01,8.153683e-11,7.966e-14,1.551e-12,5.190e-250,5.960e-131
0.8,0.03561944521,1.0116343895345892e+01,1.0116343895190882e+01,1.549282e-10,8.199e-14,1.510e-12,5.425e-257,2.279e-127
0.8,0.0366119791,9.8621198729516024e+00,9.8621198726623351e+00,2.891893e-10,7.794e-14,1.469e-12,3.624e-264,6.966e-124
0.8,0.0376321699,9.6147597120408967e+00,9.6147597115102776e+00,5.305400e-10,7.907e-14,1.429e-12,1.528e-271,1.712e-120
0.8,0.03868078826,9.3740766328273128e+00,9.3740766318701727e+00,9.570659e-10,7.426e-14,1.391e-12,4.015e-279,3.404e-117
0.8,0.03975862631,9.1398889033191981e+00,9.1398889016206812e+00,1.698444e-09,7.239e-14,1.353e-12,6.485e-287,5.507e-114
0.8,0.04086649826,8.9120197022462548e+00,8.9120196992797176e+00,2.966466e-09,7.100e-14,1.317e-12,6.355e-295,7.289e-111
0.8,0.04200524101,8.6902969857188594e+00,8.6902969806173402e+00,5.101448e-09,7.133e-14,1.281e-12,3.726e-303,7.936e-108
0.8,0.04317571475,8.4745533575267249e+00,8.4745533488850278e+00,8.641634e-09,6.331e-14,1.247e-12,1.288e-311,7.145e-105
0.8,0.04437880369,8.2646259429888147e+00,8.2646259285634756e+00,1.442527e-08,6.579e-14,1.213e-12,2.585e-320,5.348e-102
0.8,0.04561541663,8.0603562662722847e+00,8.0603562425338637e+00,2.373836e-08,6.508e-14,1.180e-12,0.000e+00,3.344e-99
0.8,0.04688648772,7.8615901311051992e+00,7.8615900925800588e+00,3.852508e-08,6.122e-14,1.149e-12,0.000e+00,1.756e-96
0.8,0.04819297714,7.6681775048148264e+00,7.6681774431316772e+00,6.168309e-08,5.853e-14,1.118e-12,0.000e+00,7.774e-94
0.8,0.04953587182,7.4799724056320356e+00,7.4799723081605505e+00,9.747143e-08,5.699e-14,1.088e-12,0.000e+00,2.917e-91
0.8,0.05091618618,7.2968327932112835e+00,7.2968326411453539e+00,1.520659e-07,5.390e-14,1.058e-12,0.000e+00,9.317e-89
0.8,0.05233496293,7.1186204623256932e+00,7.1186202280215518e+00,2.343041e-07,5.456e-14,1.030e-12,0.000e+00,2.544e-86
0.8,0.05379327381,6.9452009397073136e+00,6.9452005830361294e+00,3.566711e-07,5.235e-14,1.002e-12,0.000e+00,5.965e-84
0.8,0.05529222045,6.7764433840135414e+00,6.7764428474286156e+00,5.365849e-07,5.212e-14,9.752e-13,0.000e+00,1.206e-81
0.8,0.05683293515,6.6122204889116709e+00,6.6122196908622310e+00,7.980494e-07,5.037e-14,9.490e-13,0.000e+00,2.110e-79
0.8,0.05841658179,6.4524083892840638e+00,6.4524072155309398e+00,1.173753e-06,4.778e-14,9.234e-13,0.000e+00,3.208e-77
0.8,0.06004435665,6.2968865705658352e+00,6.2968848628702414e+00,1.707696e-06,4.658e-14,8.986e-13,0.000e+00,4.255e-75
0.8,0.06171748937,6.1455377812348626e+00,6.1455353228015506e+00,2.458433e-06,4.506e-14,8.744e-13,0.000e+00,4.941e-73
0.8,0.06343724384,5.9982479484792828e+00,5.9982444454418600e+00,3.503037e-06,4.577e-14,8.509e-13,0.000e+00,5.042e-71
0.8,0.06520491918,5.8549060970699029e+00,5.8549011552122883e+00,4.941858e-06,4.353e-14,8.281e-13,0.000e+00,4.537e-69
0.8,0.06702185069,5.7154042714634157e+00,5.7153973672809313e+00,6.904182e-06,4.157e-14,8.058e-13,0.000e+00,3.612e-67
0.8,0.0688894109,5.5796374611559623e+00,5.5796279062771470e+00,9.554879e-06,4.010e-14,7.842e-13,0.000e+00,2.553e-65
0.8,0.07080901057,5.4475035292954468e+00,5.4474904272161968e+00,1.310208e-05,4.244e-14,7.631e-13,0.000e+00,1.607e-63
0.8,0.07278209978,5.3189031445440147e+00,5.3188853385747663e+00,1.780597e-05,3.706e-14,7.426e-13,0.000e+00,9.040e-62
0.8,0.07481016902,5.1937397161597394e+00,5.1937157274595194e+00,2.398870e-05,3.826e-14,7.227e-13,0.000e+00,4.556e-60
0.8,0.0768947503,5.0719193322383678e+00,5.0718872868125091e+00,3.204543e-05,3.696e-14,7.033e-13,0.000e+00,2.064e-58
0.8,0.07903741831,4.9533507010229556e+00,4.9533082445986354e+00,4.245642e-05,3.481e-14,6.845e-13,0.000e+00,8.429e-57
0.8,0.08123979166,4.8379450951515643e+00,4.8378892949220056e+00,5.580023e-05,3.483e-14,6.661e-13,0.000e+00,3.112e-55
0.8,0.08350353402,4.7256162986724579e+00,4.7255435310194089e+00,7.276765e-05,3.334e-14,6.483e-13,0.000e+00,1.041e-53
0.8,0.08583035543,4.6162805566135372e+00,4.6161863800805332e+00,9.417653e-05,3.119e-14,6.309e-13,0.000e+00,3.166e-52
0.8,0.0882220136,4.5098565268498518e+00,4.5097355398459680e+00,1.209870e-04,3.103e-14,6.140e-13,0.000e+00,8.774e-51
0.8,0.09068031519,4.4062652339718387e+00,4.4061109169353694e+00,1.543170e-04,3.203e-14,5.976e-13,0.000e+00,2.221e-49
0.8,0.09320711722,4.3054300248193007e+00,4.3052345668594016e+00,1.954580e-04,2.938e-14,5.816e-13,0.000e+00,5.149e-48
0.8,0.09580432845,4.2072765253143238e+00,4.2070306356704226e+00,2.458896e-04,2.867e-14,5.660e-13,0.000e+00,1.096e-46
0.8,0.09847391083,4.1117325982019279e+00,4.1114253032080610e+00,3.072950e-04,2.789e-14,5.509e-13,0.000e+00,2.145e-45
0.8,0.101217881,4.0187283012924073e+00,4.0183467278970291e+00,3.815734e-04,2.851e-14,5.361e-13,0.000e+00,3.873e-44
0.8,0.1040383117,3.9281958457950781e+00,3.9277249930557105e+00,4.708527e-04,2.577e-14,5.217e-13,0.000e+00,6.462e-43
0.8,0.1069373336,3.8400695543408543e+00,3.8394920546751421e+00,5.774997e-04,2.589e-14,5.078e-13,0.000e+00,9.986e-42
0.8,0.1099171365,3.7542858183110819e+00,3.7535816906291939e+00,7.041277e-04,2.474e-14,4.941e-13,0.000e+00,1.432e-40
0.8,0.1129799716,3.6707830541224848e+00,3.6699294512777092e+00,8.536028e-04,2.398e-14,4.809e-13,0.000e+00,1.910e-39
0.8,0.1161281523,3.5895016581622556e+00,3.5884726114255332e+00,1.029047e-03,2.389e-14,4.679e-13,0.000e+00,2.374e-38
0.8,0.1193640569,3.5103839601220965e+00,3.5091501236012581e+00,1.233837e-03,2.333e-14,4.553e-13,0.000e+00,2.755e-37
0.8,0.1226901298,3.4333741745437623e+00,3.4319025726205883e+00,1.471602e-03,2.185e-14,4.431e-13,0.000e+00,2.989e-36
0.8,0.1261088836,3.3584183504589662e+00,3.3566721314001366e+00,1.746219e-03,2.128e-14,4.311e-13,0.000e+00,3.040e-35
0.8,0.1296229008,3.2854643190809187e+00,3.2834025179883879e+00,2.061801e-03,2.081e-14,4.194e-13,0.000e+00,2.901e-34
0.8,0.1332348358,3.2144616395804477e+00,3.2120389537815446e+00,2.422686e-03,2.003e-14,4.080e-13,0.000e+00,2.604e-33
0.8,0.1369474172,3.1453615430532400e+00,3.1425281228927382e+00,2.833420e-03,1.894e-14,3.969e-13,0.000e+00,2.201e-32
0.8,0.1407634495,3.0781168748537411e+00,3.0748181326440602e+00,3.298742e-03,1.825e-14,3.861e-13,0.000e+00,1.755e-31
0.8,0.1446858154,3.0126820355323431e+00,3.0088584751516243e+00,3.823560e-03,1.824e-14,3.755e-13,0.000e+00,1.322e-30
0.8,0.1487174777,2.9490129206635158e+00,2.9445999899747211e+00,4.412931e-03,1.782e-14,3.652e-13,0.000e+00,9.428e-30
0.8,0.1528614821,2.8870668598912594e+00,2.8819948278008924e+00,5.072032e-03,1.696e-14,3.551e-13,0.000e+00,6.371e-29
0.8,0.157120959,2.8268025555433303e+00,2.8209964151395477e+00,5.806140e-03,1.598e-14,3.453e-13,0.000e+00,4.086e-28
0.8,0.1614991259,2.7681800211762355e+00,2.7615594199974716e+00,6.620601e-03,1.552e-14,3.356e-13,0.000e+00,2.491e-27
0.8,0.1659992902,2.7111605204089440e+00,2.7036397185102921e+00,7.520802e-03,1.626e-14,3.262e-13,0.000e+00,1.445e-26
0.8,0.1706248514,2.6557065063852892e+00,2.6471943625047176e+00,8.512144e-03,1.434e-14,3.170e-13,0.000e+00,7.991e-26
0.8,0.1753793036,2.6017815621743585e+00,2.5921815479669936e+00,9.600014e-03,1.414e-14,3.080e-13,0.000e+00,4.217e-25
0.8,0.1802662383,2.5493503423767625e+00,2.5385605843937533e+00,1.078976e-02,1.344e-14,2.993e-13,0.000e+00,2.126e-24
0.8,0.1852893472,2.4983785161550478e+00,2.4862918650020314e+00,1.208665e-02,1.275e-14,2.907e-13,0.000e+00,1.025e-23
0.8,0.1904524247,2.4488327118513542e+00,2.4353368377758775e+00,1.349587e-02,1.191e-14,2.823e-13,0.000e+00,4.737e-23
0.8,0.1957593711,2.4006804632979941e+00,2.3856579773276234e+00,1.502249e-02,1.178e-14,2.740e-13,0.000e+00,2.099e-22
0.8,0.2012141953,2.3538901578699098e+00,2.3372187575524337e+00,1.667140e-02,1.113e-14,2.660e-13,0.000e+00,8.925e-22
0.8,0.2068210179,2.3084309862752126e+00,2.2899836250553767e+00,1.844736e-02,1.058e-14,2.581e-13,0.000e+00,3.648e-21
0.8,0.2125840742,2.2642728940339056e+00,2.2439179733308077e+00,2.035492e-02,9.680e-15,2.504e-13,0.000e+00,1.435e-20
0.8,0.2185077179,2.2213865345580532e+00,2.1989881176744093e+00,2.239842e-02,9.718e-15,2.429e-13,0.000e+00,5.434e-20
0.8,0.2245964235,2.1797432237209451e+00,2.1551612708087777e+00,2.458195e-02,9.256e-15,2.355e-13,0.000e+00,1.984e-19
0.8,0.2308547906,2.1393148957896906e+00,2.1124055192039535e+00,2.690938e-02,8.223e-15,2.283e-13,0.000e+00,6.993e-19
0.8,0.2372875467,2.1000740605958481e+00,2.0706898000748266e+00,2.938426e-02,8.521e-15,2.213e-13,0.000e+00,2.381e-18
0.8,0.2438995512,2.0619937618322242e+00,2.0299838790378146e+00,3.200988e-02,8.139e-15,2.144e-13,0.000e+00,7.836e-18
0.8,0.2506957989,2.0250475363903417e+00,1.9902583284097073e+00,3.478921e-02,7.404e-15,2.076e-13,0.000e+00,2.496e-17
0.8,0.2576814237,1.9892093746909212e+00,1.9514845061320425e+00,3.772487e-02,7.473e-15,2.010e-13,0.000e+00,7.702e-17
0.8,0.2648617025,1.9544536820073994e+00,1.9136345353048361e+00,4.081915e-02,7.196e-15,1.946e-13,0.000e+00,2.304e-16
0.8,0.2722420593,1.9207552408376694e+00,1.8766812843139113e+00,4.407396e-02,6.523e-15,1.883e-13,0.000e+00,6.686e-16
0.8,0.2798280694,1.8880891744393065e+00,1.8405983475365282e+00,4.749083e-02,6.072e-15,1.821e-13,0.000e+00,1.885e-15
0.8,0.2876254633,1.8564309117056990e+00,1.8053600266104231e+00,5.107089e-02,6.016e-15,1.761e-13,0.000e+00,5.162e-15
0.8,0.2956401311,1.8257561536217324e+00,1.7709413122517801e+00,5.481484e-02,5.815e-15,1.703e-13,0.000e+00,1.375e-14
0.8,0.3038781273,1.7960408415950537e+00,1.7373178666080376e+00,5.872297e-02,6.509e-15,1.646e-13,0.000e+00,3.565e-14
0.8,0.3123456747,1.7672611280096668e+00,1.7044660061318424e+00,6.279512e-02,8.799e-15,1.590e-13,0.000e+00,9.004e-14
0.8,0.3210491698,1.7393933493900577e+00,1.6723626849628193e+00,6.703066e-02,1.416e-14,1.535e-13,0.000e+00,2.217e-13
0.8,0.3299951874,1.7124140025940073e+00,1.6409854788041929e+00,7.142852e-02,2.845e-14,1.482e-13,0.000e+00,5.322e-13
0.8,0.3391904853,1.6862997244688276e+00,1.6103125692816511e+00,7.598716e-02,6.198e-14,1.431e-13,0.000e+00,1.247e-12
0.8,0.3486420097,1.6610272754076387e+00,1.5803227287721813e+00,8.070455e-02,1.402e-13,1.381e-13,0.000e+00,2.855e-12
0.8,0.3583569002,1.6365735272284836e+00,1.5509953056909507e+00,8.557822e-02,3.159e-13,1.332e-13,0.000e+00,6.387e-12
0.8,0.3683424957,1.6129154557692560e+00,1.5223102102245958e+00,9.060525e-02,7.014e-13,1.285e-13,0.000e+00,1.397e-11
0.8,0.3786063392,1.5900301385456990e+00,1.4942479004996339e+00,9.578224e-02,1.529e-12,1.239e-13,0.000e+00,2.991e-11
0.8,0.3891561842,1.5678947577586813e+00,1.4667893691749794e+00,1.011054e-01,3.270e-12,1.194e-13,0.000e+00,6.269e-11
0.8,0.4,1.5464866088617395e+00,1.4399161304478609e+00,1.065705e-01,6.854e-12,1.151e-13,0.000e+00,1.287e-10
1.2,0.0025,1.3410968884407313e+02,1.3410968884407197e+02,1.713545e-99,1.165e-12,2.162e-11,6.996e-17,0.000e+00
1.2,0.002559099,1.3103049865377042e+02,1.3103049865376929e+02,3.412277e-97,1.137e-12,2.112e-11,2.541e-17,0.000e+00
1.2,0.002619595078,1.2802241671780303e+02,1.2802241671780189e+02,6.011457e-95,1.137e-12,2.063e-11,9.019e-18,0.000e+00
1.2,0.002681521258,1.2508380084860954e+02,1.2508380084860842e+02,9.395738e-93,1.123e-12,2.015e-11,3.127e-18,0.000e+00
1.2,0.002744911348,1.2221304678192124e+02,1.2221304678192014e+02,1.306466e-90,1.094e-12,1.969e-11,1.058e-18,0.000e+00
1.2,0.002809799955,1.1940858730095513e+02,1.1940858730095407e+02,1.620520e-88,1.066e-12,1.923e-11,3.495e-19,0.000e+00
1.2,0.002876222502,1.1666889138083160e+02,1.1666889138083056e+02,1.797815e-86,1.037e-12,1.879e-11,1.125e-19,0.000e+00
1.2,0.002944215252,1.1399246335274935e+02,1.1399246335274835e+02,1.788503e-84,1.009e-12,1.835e-11,3.532e-20,0.000e+00
1.2,0.003013815324,1.1137784208746322e+02,1.1137784208746220e+02,1.599490e-82,1.023e-12,1.793e-11,1.080e-20,0.000e+00
1.2,0.003085060713,1.0882360019761776e+02,1.0882360019761680e+02,1.289106e-80,9.663e-13,1.752e-11,3.213e-21,0.000e+00
1.2,0.003157990315,1.0632834325850094e+02,1.0632834325849998e+02,9.385443e-79,9.521e-13,1.711e-11,9.299e-22,0.000e+00
1.2,0.003232643943,1.0389070904679346e+02,1.0389070904679252e+02,6.187269e-77,9.379e-13,1.671e-11,2.617e-22,0.000e+00
1.2,0.003309062353,1.0150936679689762e+02,1.0150936679689670e+02,3.701837e-75,9.237e-13,1.633e-11,7.153e-23,0.000e+00
1.2,0.003387287264,9.9183016474440024e+01,9.9183016474439128e+01,2.014570e-73,8.953e-13,1.595e-11,1.898e-23,0.000e+00
1.2,0.003467361381,9.6910388066550382e+01,9.6910388066549530e+01,9.994126e-72,8.527e-13,1.558e-11,4.887e-24,0.000e+00
1.2,0.003549328418,9.4690240888530766e+01,9.4690240888529914e+01,4.529318e-70,8.527e-13,1.522e-11,1.220e-24,0.000e+00
1.2,0.003633233122,9.2521362906535998e+01,9.2521362906535188e+01,1.879116e-68,8.100e-13,1.487e-11,2.950e-25,0.000e+00
1.2,0.003719121301,9.0402570075894118e+01,9.0402570075893308e+01,7.151430e-67,8.100e-13,1.453e-11,6.904e-26,0.000e+00
1.2,0.003807039841,8.8332705694708324e+01,8.8332705694707542e+01,2.501592e-65,7.816e-13,1.419e-11,1.563e-26,0.000e+00
1.2,0.003897036741,8.6310639772385301e+01,8.6310639772384533e+01,8.058792e-64,7.674e-13,1.386e-11,3.420e-27,0.000e+00
1.2,0.003989161131,8.4335268412746018e+01,8.4335268412745265e+01,2.395407e-62,7.532e-13,1.354e-11,7.227e-28,0.000e+00
1.2,0.004083463305,8.2405513211382285e+01,8.2405513211381574e+01,6.581902e-61,7.105e-13,1.323e-11,1.474e-28,0.000e+00
1.2,0.004179994745,8.0520320666930346e+01,8.0520320666929663e+01,1.674846e-59,6.821e-13,1.292e-11,2.897e-29,0.000e+00
1.2,0.00427880815,7.8678661605938871e+01,7.8678661605938188e+01,3.953844e-58,6.821e-13,1.262e-11,5.484e-30,0.000e+00
1.2,0.004379957463,7.6879530621019043e+01,7.6879530621018347e+01,8.674368e-57,6.963e-13,1.233e-11,9.994e-31,0.000e+00
1.2,0.004483497907,7.5121945521969039e+01,7.5121945521968399e+01,1.771597e-55,6.395e-13,1.204e-11,1.751e-31,0.000e+00
1.2,0.004589486004,7.3404946799572997e+01,7.3404946799572329e+01,3.373794e-54,6.679e-13,1.177e-11,2.947e-32,0.000e+00
1.2,0.004697979618,7.1727597101782663e+01,7.1727597101782052e+01,6.000679e-53,6.111e-13,1.149e-11,4.760e-33,0.000e+00
1.2,0.004809037978,7.0088980721995057e+01,7.0088980721994460e+01,9.983791e-52,5.969e-13,1.123e-11,7.370e-34,0.000e+00
1.2,0.004922721713,6.8488203099147384e+01,6.8488203099146801e+01,1.556228e-50,5.826e-13,1.097e-11,1.093e-34,0.000e+00
1.2,0.005039092886,6.6924390329355020e+01,6.6924390329354424e+01,2.276081e-49,5.969e-13,1.071e-11,1.551e-35,0.000e+00
1.2,0.005158215027,6.5396688688828078e+01,6.5396688688827496e+01,3.128078e-48,5.826e-13,1.047e-11,2.104e-36,0.000e+00
1.2,0.005280153168,6.3904264167803802e+01,6.3904264167803234e+01,4.045452e-47,5.684e-13,1.022e-11,2.724e-37,0.000e+00
1.2,0.005404973878,6.2446302015242196e+01,6.2446302015241642e+01,4.930213e-46,5.542e-13,9.986e-12,3.363e-38,0.000e+00
1.2,0.005532745299,6.1022006294035108e+01,6.1022006294034590e+01,5.669818e-45,5.187e-13,9.755e-12,3.956e-39,0.000e+00
1.2,0.005663537186,5.9630599446487004e+01,5.9630599446486492e+01,6.161114e-44,5.116e-13,9.529e-12,4.428e-40,0.000e+00
1.2,0.00579742094,5.8271321869828746e+01,5.8271321869828256e+01,6.334384e-43,4.903e-13,9.308e-12,4.710e-41,0.000e+00
1.2,0.005934469654,5.6943431501534363e+01,5.6943431501533858e+01,6.169641e-42,5.045e-13,9.092e-12,4.755e-42,0.000e+00
1.2,0.006074758143,5.5646203414213439e+01,5.5646203414212941e+01,5.699911e-41,4.974e-13,8.882e-12,4.551e-43,0.000e+00
1.2,0.006218362997,5.4378929419857577e+01,5.4378929419857116e+01,5.001025e-40,4.619e-13,8.676e-12,4.124e-44,0.000e+00
1.2,0.006365362612,5.3140917683226242e+01,5.3140917683225780e+01,4.172057e-39,4.619e-13,8.475e-12,3.534e-45,0.000e+00
1.2,0.006515837239,5.1931492344159750e+01,5.1931492344159302e+01,3.313200e-38,4.476e-13,8.278e-12,2.859e-46,0.000e+00
1.2,0.006669869026,5.0749993148613392e+01,5.0749993148612965e+01,2.507524e-37,4.263e-13,8.086e-12,2.182e-47,0.000e+00
1.2,0.006827542063,4.9595775088211873e+01,4.9595775088211454e+01,1.810612e-36,4.192e-13,7.899e-12,1.568e-48,0.000e+00
1.2,0.006988942427,4.8468208048126947e+01,4.8468208048126520e+01,1.248705e-35,4.263e-13,7.716e-12,1.059e-49,0.000e+00
1.2,0.007154158232,4.7366676463085433e+01,4.7366676463085021e+01,8.233969e-35,4.121e-13,7.537e-12,6.721e-51,0.000e+00
1.2,0.007323279672,4.6290578981321026e+01,4.6290578981320635e+01,5.196649e-34,3.908e-13,7.362e-12,3.998e-52,0.000e+00
1.2,0.007496399075,4.5239328136285401e+01,4.5239328136285010e+01,3.142259e-33,3.908e-13,7.191e-12,2.226e-53,0.000e+00
1.2,0.007673610952,4.4212350025940118e+01,4.4212350025939735e+01,1.822193e-32,3.837e-13,7.024e-12,1.159e-54,0.000e+00
1.2,0.007855012047,4.3209083999453441e+01,4.3209083999453085e+01,1.014379e-31,3.553e-13,6.861e-12,5.627e-56,0.000e+00
1.2,0.008040701391,4.2228982351132224e+01,4.2228982351131869e+01,5.425866e-31,3.553e-13,6.702e-12,2.546e-57,0.000e+00
1.2,0.008230780357,4.1271510021420362e+01,4.1271510021420013e+01,2.791267e-30,3.482e-13,6.546e-12,1.071e-58,0.000e+00
1.2,0.008425352714,4.0336144304801927e+01,4.0336144304801586e+01,1.382256e-29,3.411e-13,6.394e-12,4.186e-60,0.000e+00
1.2,0.008624524683,3.9422374564448553e+01,3.9422374564448219e+01,6.594957e-29,3.340e-13,6.246e-12,1.516e-61,0.000e+00
1.2,0.008828404998,3.8529701953455984e+01,3.8529701953455650e+01,3.034209e-28,3.340e-13,6.101e-12,5.078e-63,0.000e+00
1.2,0.009037104963,3.7657639142516771e+01,3.7657639142516466e+01,1.347267e-27,3.055e-13,5.959e-12,1.571e-64,0.000e+00
1.2,0.009250738511,3.6805710053881761e+01,3.6805710053881448e+01,5.778197e-27,3.126e-13,5.821e-12,4.478e-66,0.000e+00
1.2,0.00946942227,3.5973449601463571e+01,3.5973449601463287e+01,2.395576e-26,2.842e-13,5.686e-12,1.175e-67,0.000e+00
1.2,0.009693275626,3.5160403436941621e+01,3.5160403436941344e+01,9.608289e-26,2.771e-13,5.554e-12,2.828e-69,0.000e+00
1.2,0.009922420787,3.4366127701729077e+01,3.4366127701728786e+01,3.731067e-25,2.913e-13,5.425e-12,6.239e-71,0.000e+00
1.2,0.01015698285,3.3590188784667056e+01,3.3590188784666793e+01,1.403767e-24,2.629e-13,5.299e-12,1.258e-72,0.000e+00
1.2,0.01039708986,3.2832163085313184e+01,3.2832163085312899e+01,5.120936e-24,2.842e-13,5.175e-12,2.316e-74,0.000e+00
1.2,0.01064287291,3.2091636782695744e+01,3.2091636782695474e+01,1.812614e-23,2.700e-13,5.055e-12,3.880e-76,0.000e+00
1.2,0.01089446617,3.1368205609407202e+01,3.1368205609406942e+01,6.229676e-23,2.593e-13,4.938e-12,5.904e-78,0.000e+00
1.2,0.01115200699,3.0661474630913379e+01,3.0661474630913130e+01,2.080297e-22,2.487e-13,4.823e-12,8.143e-80,0.000e+00
1.2,0.01141563598,2.9971058029958179e+01,2.9971058029957945e+01,6.754191e-22,2.345e-13,4.711e-12,1.015e-81,0.000e+00
1.2,0.01168549705,2.9296578895946173e+01,2.9296578895945938e+01,2.133495e-21,2.345e-13,4.601e-12,1.142e-83,0.000e+00
1.2,0.01196173753,2.8637669019187818e+01,2.8637669019187584e+01,6.560785e-21,2.345e-13,4.494e-12,1.156e-85,0.000e+00
1.2,0.01224450822,2.7993968689895258e+01,2.7993968689895038e+01,1.965327e-20,2.203e-13,4.390e-12,1.050e-87,0.000e+00
1.2,0.0125339635,2.7365126501818953e+01,2.7365126501818736e+01,5.738408e-20,2.167e-13,4.288e-12,8.540e-90,0.000e+00
1.2,0.01283026138,2.6750799160417756e+01,2.6750799160417547e+01,1.634115e-19,2.096e-13,4.188e-12,6.201e-92,0.000e+00
1.2,0.01313356363,2.6150651295457980e+01,2.6150651295457777e+01,4.541083e-19,2.025e-13,4.091e-12,4.010e-94,0.000e+00
1.2,0.01344403582,2.5564355277939079e+01,2.5564355277938873e+01,1.232159e-18,2.061e-13,3.996e-12,2.303e-96,0.000e+00
1.2,0.01376184746,2.4991591041245954e+01,2.4991591041245755e+01,3.266209e-18,1.989e-13,3.903e-12,1.171e-98,0.000e+00
1.2,0.01408717203,2.4432045906430307e+01,2.4432045906430123e+01,8.463016e-18,1.847e-13,3.812e-12,5.258e-101,0.000e+00
1.2,0.01442018714,2.3885414411525801e+01,2.3885414411525620e+01,2.144562e-17,1.812e-13,3.724e-12,2.079e-103,1.669e-316
1.2,0.0147610746,2.3351398144803653e+01,2.3351398144803468e+01,5.317504e-17,1.847e-13,3.637e-12,7.214e-106,3.662e-309
1.2,0.0151100205,2.2829705581877807e+01,2.2829705581877636e+01,1.290775e-16,1.704e-13,3.553e-12,2.191e-108,5.437e-302
1.2,0.01546721534,2.2320051926570724e+01,2.2320051926570557e+01,3.068882e-16,1.667e-13,3.470e-12,5.802e-111,5.511e-295
1.2,0.01583285413,2.1822158955453073e+01,2.1822158955452906e+01,7.149974e-16,1.663e-13,3.390e-12,1.336e-113,3.847e-288
1.2,0.01620713647,2.1335754865972142e+01,2.1335754865971975e+01,1.633153e-15,1.653e-13,3.311e-12,2.667e-116,1.866e-281
1.2,0.0165902667,2.0860574128086490e+01,2.0860574128086334e+01,3.658862e-15,1.527e-13,3.234e-12,4.596e-119,6.342e-275
1.2,0.01698245397,2.0396357339325700e+01,2.0396357339325540e+01,8.043701e-15,1.518e-13,3.159e-12,6.818e-122,1.522e-268
1.2,0.01738391239,1.9942851083195944e+01,1.9942851083195769e+01,1.735985e-14,1.567e-13,3.085e-12,8.674e-125,2.603e-262
1.2,0.01779486113,1.9499807790854472e+01,1.9499807790854284e+01,3.679608e-14,1.515e-13,3.014e-12,9.428e-128,3.193e-256
1.2,0.01821552453,1.9066985605977276e+01,1.9066985605977059e+01,7.663082e-14,1.401e-13,2.944e-12,8.725e-131,2.833e-250
1.2,0.01864613225,1.8644148252746223e+01,1.8644148252745929e+01,1.568658e-13,1.380e-13,2.875e-12,6.847e-134,1.832e-244
1.2,0.01908691936,1.8231064906883674e+01,1.8231064906883226e+01,3.157540e-13,1.319e-13,2.808e-12,4.539e-137,8.692e-239
1.2,0.0195381265,1.7827510069664260e+01,1.7827510069663507e+01,6.252212e-13,1.280e-13,2.743e-12,2.532e-140,3.049e-233
1.2,0.02,1.7433263444834978e+01,1.7433263444833639e+01,1.218281e-12,1.211e-13,2.680e-12,1.183e-143,7.963e-228
1.2,0.02055729891,1.6981132464259503e+01,1.6981132464256756e+01,2.617183e-12,1.291e-13,2.606e-12,1.134e-147,1.297e-221
1.2,0.02113012692,1.6541242100336916e+01,1.6541242100331289e+01,5.504945e-12,1.226e-13,2.535e-12,8.409e-152,1.433e-215
1.2,0.02171891675,1.6113260084552092e+01,1.6113260084540631e+01,1.134364e-11,1.174e-13,2.466e-12,4.783e-156,1.085e-209
1.2,0.02232411318,1.5696863145448859e+01,1.5696863145425832e+01,2.291259e-11,1.143e-13,2.399e-12,2.073e-160,5.693e-204
1.2,0.02294617338,1.5291736764501167e+01,1.5291736764455669e+01,4.538929e-11,1.085e-13,2.334e-12,6.792e-165,2.089e-198
1.2,0.02358556724,1.4897574938600449e+01,1.4897574938512113e+01,8.823052e-11,1.059e-13,2.270e-12,1.670e-169,5.412e-193
1.2,0.02424277779,1.4514079948980351e+01,1.4514079948811869e+01,1.683810e-10,1.011e-13,2.208e-12,3.054e-174,9.999e-188
1.2,0.02491830147,1.4140962136405360e+01,1.4140962136089618e+01,3.156405e-10,1.016e-13,2.148e-12,4.123e-179,1.329e-182
1.2,0.02561264858,1.3777939682454774e+01,1.3777939681873208e+01,5.814713e-10,9.369e-14,2.089e-12,4.074e-184,1.283e-177
1.2,0.02632634363,1.3424738396739031e+01,1.3424738395685750e+01,1.053185e-09,9.471e-14,2.032e-12,2.921e-189,9.067e-173
1.2,0.02705992576,1.3081091509890557e+01,1.3081091508014083e+01,1.876384e-09,9.018e-14,1.977e-12,1.506e-194,4.733e-168
1.2,0.02781394911,1.2746739472177225e+01,1.2746739468887307e+01,3.289825e-09,9.218e-14,1.923e-12,5.529e-200,1.839e-163
1.2,0.02858898329,1.2421429757592227e+01,1.2421429751913468e+01,5.678675e-09,8.348e-14,1.870e-12,1.433e-205,5.367e-159
1.2,0.02938561374,1.2104916673280963e+01,1.2104916663626422e+01,9.654456e-09,8.384e-14,1.819e-12,2.596e-211,1.184e-154
1.2,0.03020444227,1.1796961174172392e+01,1.1796961157999188e+01,1.617312e-08,8.196e-14,1.770e-12,3.254e-217,1.992e-150
1.2,0.0310460874,1.1497330682690464e+01,1.1497330655983772e+01,2.670662e-08,7.646e-14,1.721e-12,2.793e-223,2.573e-146
1.2,0.03191118493,1.1205798913429614e+01,1.1205798869941294e+01,4.348825e-08,7.213e-14,1.674e-12,1.625e-229,2.571e-142
1.2,0.03280038836,1.0922145702688391e+01,1.0922145632830102e+01,6.985822e-08,7.317e-14,1.629e-12,6.339e-236,2.000e-138
1.2,0.03371436939,1.0646156842765823e+01,1.0646156732022924e+01,1.107428e-07,7.449e-14,1.584e-12,1.639e-242,1.220e-134
1.2,0.03465381845,1.0377623920937186e+01,1.0377623747627812e+01,1.733093e-07,6.666e-14,1.541e-12,2.778e-249,5.872e-131
1.2,0.03561944521,1.0116344163038578e+01,1.0116343895190882e+01,2.678476e-07,6.974e-14,1.499e-12,3.049e-256,2.245e-127
1.2,0.0366119791,9.8621202816034206e+00,9.8621198726623351e+00,4.089410e-07,6.778e-14,1.458e-12,2.142e-263,6.862e-124
1.2,0.0376321699,9.6147603285084529e+00,9.6147597115102776e+00,6.169981e-07,6.721e-14,1.418e-12,9.509e-271,1.687e-120
1.2,0.03868078826,9.3740775521009407e+00,9.3740766318701727e+00,9.202307e-07,6.356e-14,1.379e-12,2.634e-278,3.354e-117
1.2,0.03975862631,9.1398902587930593e+00,9.1398889016206812e+00,1.357172e-06,6.069e-14,1.341e-12,4.495e-286,5.425e-114
1.2,0.04086649826,8.9120216791221942e+00,8.9120196992797176e+00,1.979842e-06,5.845e-14,1.305e-12,4.659e-294,7.180e-111
1.2,0.04200524101,8.6902998382869523e+00,8.6902969806173402e+00,2.857670e-06,5.693e-14,1.269e-12,2.894e-302,7.818e-108
1.2,0.04317571475,8.4745574311769154e+00,8.4745533488850278e+00,4.082292e-06,5.343e-14,1.234e-12,1.062e-310,7.039e-105
1.2,0.04437880369,8.2646317019184963e+00,8.2646259285634756e+00,5.773355e-06,5.155e-14,1.200e-12,2.267e-319,5.269e-102
1.2,0.04561541663,8.0603643279590500e+00,8.0603562425338637e+00,8.085425e-06,5.168e-14,1.167e-12,0.000e+00,3.294e-99
1.2,0.04688648772,7.8616013087054224e+00,7.8615900925800588e+00,1.121613e-05,4.858e-14,1.135e-12,0.000e+00,1.729e-96
1.2,0.04819297714,7.6681928587206603e+00,7.6681774431316772e+00,1.541559e-05,4.623e-14,1.104e-12,0.000e+00,7.658e-94
1.2,0.04953587182,7.4799933054632923e+00,7.4799723081605505e+00,2.099730e-05,4.294e-14,1.074e-12,0.000e+00,2.873e-91
1.2,0.05091618618,7.2968609915267395e+00,7.2968326411453539e+00,2.835038e-05,4.282e-14,1.044e-12,0.000e+00,9.178e-89
1.2,0.05233496293,7.1186581813021963e+00,7.1186202280215518e+00,3.795328e-05,4.133e-14,1.016e-12,0.000e+00,2.506e-86
1.2,0.05379327381,6.9452509719472593e+00,6.9452005830361294e+00,5.038891e-05,4.002e-14,9.879e-13,0.000e+00,5.876e-84
1.2,0.05529222045,6.7765092084947751e+00,6.7764428474286156e+00,6.636107e-05,4.012e-14,9.607e-13,0.000e+00,1.188e-81
1.2,0.05683293515,6.6123064028839416e+00,6.6122196908622310e+00,8.671202e-05,3.853e-14,9.343e-13,0.000e+00,2.078e-79
1.2,0.05841658179,6.4525196566392049e+00,6.4524072155309398e+00,1.124411e-04,3.622e-14,9.087e-13,0.000e+00,3.160e-77
1.2,0.06004435665,6.2970295868644115e+00,6.2968848628702414e+00,1.447240e-04,3.401e-14,8.837e-13,0.000e+00,4.191e-75
1.2,0.06171748937,6.1457202551620878e+00,6.1455353228015506e+00,1.849324e-04,3.300e-14,8.593e-13,0.000e+00,4.868e-73
1.2,0.06343724384,5.9984790990327861e+00,5.9982444454418600e+00,2.346536e-04,3.223e-14,8.357e-13,0.000e+00,4.967e-71
1.2,0.06520491918,5.8551968652599538e+00,5.8549011552122883e+00,2.957100e-04,3.223e-14,8.127e-13,0.000e+00,4.470e-69
1.2,0.06702185069,5.7157675447440477e+00,5.7153973672809313e+00,3.701775e-04,3.119e-14,7.903e-13,0.000e+00,3.559e-67
1.2,0.0688894109,5.5800883082180901e+00,5.5796279062771470e+00,4.604019e-04,2.858e-14,7.685e-13,0.000e+00,2.515e-65
1.2,0.07080901057,5.4480594422577946e+00,5.4474904272161968e+00,5.690150e-04,2.985e-14,7.473e-13,0.000e+00,1.583e-63
1.2,0.07278209978,5.3195842849944075e+00,5.3188853385747663e+00,6.989464e-04,2.702e-14,7.266e-13,0.000e+00,8.906e-62
1.2,0.07481016902,5.1945691609492490e+00,5.1937157274595194e+00,8.534335e-04,2.799e-14,7.065e-13,0.000e+00,4.489e-60
1.2,0.0768947503,5.0729233144361201e+00,5.0718872868125091e+00,1.036028e-03,2.627e-14,6.870e-13,0.000e+00,2.033e-58
1.2,0.07903741831,4.9545588410219370e+00,4.9533082445986354e+00,1.250596e-03,2.429e-14,6.679e-13,0.000e+00,8.304e-57
1.2,0.08123979166,4.8393906165966820e+00,4.8378892949220056e+00,1.501322e-03,2.337e-14,6.494e-13,0.000e+00,3.065e-55
1.2,0.08350353402,4.7273362236802665e+00,4.7255435310194089e+00,1.792693e-03,2.482e-14,6.314e-13,0.000e+00,1.026e-53
1.2,0.08583035543,4.6183158746845558e+00,4.6161863800805332e+00,2.129495e-03,2.033e-14,6.138e-13,0.000e+00,3.119e-52
1.2,0.0882220136,4.5122523319518049e+00,4.5097355398459680e+00,2.516792e-03,2.088e-14,5.966e-13,0.000e+00,8.644e-51
1.2,0.09068031519,4.4090708245030781e+00,4.4061109169353694e+00,2.959908e-03,2.083e-14,5.800e-13,0.000e+00,2.188e-49
1.2,0.09320711722,4.3086989615494540e+00,4.3052345668594016e+00,3.464395e-03,1.988e-14,5.637e-13,0.000e+00,5.072e-48
1.2,0.09580432845,4.2110666429409473e+00,4.2070306356704226e+00,4.036007e-03,1.934e-14,5.479e-13,0.000e+00,1.079e-46
1.2,0.09847391083,4.1161059668499762e+00,4.1114253032080610e+00,4.680664e-03,1.860e-14,5.324e-13,0.000e+00,2.113e-45
1.2,0.101217881,4.0237511351038266e+00,4.0183467278970291e+00,5.404407e-03,1.841e-14,5.174e-13,0.000e+00,3.815e-44
1.2,0.1040383117,3.9339383566902848e+00,3.9277249930557105e+00,6.213364e-03,1.670e-14,5.027e-13,0.000e+00,6.366e-43
1.2,0.1069373336,3.8466057500586937e+00,3.8394920546751421e+00,7.113695e-03,1.595e-14,4.884e-13,0.000e+00,9.838e-42
1.2,0.1099171365,3.7616932449218585e+00,3.7535816906291939e+00,8.111554e-03,1.616e-14,4.744e-13,0.000e+00,1.411e-40
1.2,0.1129799716,3.6791424843292697e+00,3.6699294512777092e+00,9.213033e-03,1.521e-14,4.608e-13,0.000e+00,1.882e-39
1.2,0.1161281523,3.5988967278267951e+00,3.5884726114255332e+00,1.042412e-02,1.570e-14,4.476e-13,0.000e+00,2.339e-38
1.2,0.1193640569,3.5209007565399708e+00,3.5091501236012581e+00,1.175063e-02,1.392e-14,4.346e-13,0.000e+00,2.714e-37
1.2,0.1226901298,3.4451007810165879e+00,3.4319025726205883e+00,1.319821e-02,1.420e-14,4.220e-13,0.000e+00,2.945e-36
1.2,0.1261088836,3.3714443526383584e+00,3.3566721314001366e+00,1.477222e-02,1.232e-14,4.097e-13,0.000e+00,2.994e-35
1.2,0.1296229008,3.2998802793619264e+00,3.2834025179883879e+00,1.647776e-02,1.253e-14,3.977e-13,0.000e+00,2.858e-34
1.2,0.1332348358,3.2303585464770816e+00,3.2120389537815446e+00,1.831959e-02,1.174e-14,3.860e-13,0.000e+00,2.565e-33
1.2,0.1369474172,3.1628302429768964e+00,3.1425281228927382e+00,2.030212e-02,1.135e-14,3.745e-13,0.000e+00,2.168e-32
1.2,0.1407634495,3.0972474940232426e+00,3.0748181326440602e+00,2.242936e-02,1.081e-14,3.634e-13,0.000e+00,1.729e-31
1.2,0.1446858154,3.0335633998650811e+00,3.0088584751516243e+00,2.470492e-02,1.080e-14,3.525e-13,0.000e+00,1.303e-30
1.2,0.1487174777,2.9717319814299366e+00,2.9445999899747211e+00,2.713199e-02,1.036e-14,3.420e-13,0.000e+00,9.288e-30
1.2,0.1528614821,2.9117081326653786e+00,2.8819948278008924e+00,2.971330e-02,8.389e-15,3.316e-13,0.000e+00,6.276e-29
1.2,0.157120959,2.8534475795616565e+00,2.8209964151395477e+00,3.245116e-02,9.555e-15,3.216e-13,0.000e+00,4.025e-28
1.2,0.1614991259,2.7969068456434321e+00,2.7615594199974716e+00,3.534743e-02,9.458e-15,3.118e-13,0.000e+00,2.454e-27
1.2,0.1659992902,2.7420432235824928e+00,2.7036397185102921e+00,3.840351e-02,8.986e-15,3.022e-13,0.000e+00,1.424e-26
1.2,0.1706248514,2.6888147524584176e+00,2.6471943625047176e+00,4.162039e-02,7.466e-15,2.929e-13,0.000e+00,7.872e-26
1.2,0.1753793036,2.6371802000844538e+00,2.5921815479669936e+00,4.499865e-02,7.015e-15,2.839e-13,0.000e+00,4.154e-25
1.2,0.1802662383,2.5870990497244524e+00,2.5385605843937533e+00,4.853847e-02,7.015e-15,2.751e-13,0.000e+00,2.094e-24
1.2,0.1852893472,2.5385314904561858e+00,2.4862918650020314e+00,5.223963e-02,6.599e-15,2.665e-13,0.000e+00,1.010e-23
1.2,0.1904524247,2.4914384103885752e+00,2.4353368377758775e+00,5.610157e-02,5.912e-15,2.581e-13,0.000e+00,4.667e-23
1.2,0.1957593711,2.4457813919162699e+00,2.3856579773276234e+00,6.012341e-02,5.572e-15,2.500e-13,0.000e+00,2.067e-22
1.2,0.2012141953,2.4015227081947939e+00,2.3372187575524337e+00,6.430395e-02,5.398e-15,2.421e-13,0.000e+00,8.793e-22
1.2,0.2068210179,2.3586253200425817e+00,2.2899836250553767e+00,6.864169e-02,5.260e-15,2.344e-13,0.000e+00,3.594e-21
1.2,0.2125840742,2.3170528725212622e+00,2.2439179733308077e+00,7.313490e-02,5.093e-15,2.270e-13,0.000e+00,1.413e-20
1.2,0.2185077179,2.2767696905105987e+00,2.1989881176744093e+00,7.778157e-02,4.871e-15,2.197e-13,0.000e+00,5.353e-20
1.2,0.2245964235,2.2377407726770695e+00,2.1551612708087777e+00,8.257950e-02,4.760e-15,2.127e-13,0.000e+00,1.955e-19
1.2,0.2308547906,2.1999317833322323e+00,2.1124055192039535e+00,8.752626e-02,4.968e-15,2.058e-13,0.000e+00,6.889e-19
1.2,0.2372875467,2.1633090417856735e+00,2.0706898000748266e+00,9.261924e-02,5.204e-15,1.992e-13,0.000e+00,2.345e-18
1.2,0.2438995512,2.1278395089140956e+00,2.0299838790378146e+00,9.785563e-02,5.135e-15,1.928e-13,0.000e+00,7.719e-18
1.2,0.2506957989,2.0934907707897001e+00,1.9902583284097073e+00,1.032324e-01,4.080e-15,1.865e-13,0.000e+00,2.459e-17
1.2,0.2576814237,2.0602310193342288e+00,1.9514845061320425e+00,1.087465e-01,4.427e-15,1.804e-13,0.000e+00,7.587e-17
1.2,0.2648617025,2.0280290300867398e+00,1.9136345353048361e+00,1.143945e-01,4.455e-15,1.746e-13,0.000e+00,2.270e-16
1.2,0.2722420593,1.9968541372907154e+00,1.8766812843139113e+00,1.201729e-01,3.747e-15,1.688e-13,0.000e+00,6.587e-16
1.2,0.2798280694,1.9666762066168351e+00,1.8405983475365282e+00,1.260779e-01,3.941e-15,1.633e-13,0.000e+00,1.856e-15
1.2,0.2876254633,1.9374656059396245e+00,1.8053600266104231e+00,1.321056e-01,3.997e-15,1.580e-13,0.000e+00,5.085e-15
1.2,0.2956401311,1.9091931746773210e+00,1.7709413122517801e+00,1.382519e-01,2.970e-15,1.528e-13,0.000e+00,1.355e-14
1.2,0.3038781273,1.8818301922831204e+00,1.7373178666080376e+00,1.445123e-01,3.803e-15,1.478e-13,0.000e+00,3.512e-14
1.2,0.3123456747,1.8553483465413039e+00,1.7044660061318424e+00,1.508823e-01,4.219e-15,1.429e-13,0.000e+00,8.870e-14
1.2,0.3210491698,1.8297197023725522e+00,1.6723626849628193e+00,1.573570e-01,6.828e-15,1.382e-13,0.000e+00,2.184e-13
1.2,0.3299951874,1.8049166718881453e+00,1.6409854788041929e+00,1.639312e-01,1.149e-14,1.337e-13,0.000e+00,5.243e-13
1.2,0.3391904853,1.7809119864522549e+00,1.6103125692816511e+00,1.705994e-01,2.301e-14,1.293e-13,0.000e+00,1.229e-12
1.2,0.3486420097,1.7576786715144743e+00,1.5803227287721813e+00,1.773559e-01,5.218e-14,1.251e-13,0.000e+00,2.813e-12
1.2,0.3583569002,1.7351900249608896e+00,1.5509953056909507e+00,1.841947e-01,1.201e-13,1.211e-13,0.000e+00,6.292e-12
1.2,0.3683424957,1.7134195997010253e+00,1.5223102102245958e+00,1.911094e-01,2.728e-13,1.172e-13,0.000e+00,1.376e-11
1.2,0.3786063392,1.6923411911599289e+00,1.4942479004996339e+00,1.980933e-01,6.126e-13,1.134e-13,0.000e+00,2.947e-11
1.2,0.3891561842,1.6719288302794850e+00,1.4667893691749794e+00,2.051395e-01,1.351e-12,1.098e-13,0.000e+00,6.176e-11
1.2,0.4,1.6521567825512735e+00,1.4399161304478609e+00,2.122407e-01,2.918e-12,1.063e-13,0.000e+00,1.268e-10
1.6,0.0025,1.3410968884407310e+02,1.3410968884407197e+02,1.315845e-67,1.137e-12,2.157e-11,7.657e-17,0.000e+00
1.6,0.002559099,1.3103049865377037e+02,1.3103049865376929e+02,4.811735e-66,1.080e-12,2.107e-11,2.788e-17,0.000e+00
1.6,0.002619595078,1.2802241671780300e+02,1.2802241671780189e+02,1.618764e-64,1.108e-12,2.059e-11,9.924e-18,0.000e+00
1.6,0.002681521258,1.2508380084860950e+02,1.2508380084860842e+02,5.019804e-63,1.080e-12,2.011e-11,3.450e-18,0.000e+00
1.6,0.002744911348,1.2221304678192119e+02,1.2221304678192014e+02,1.437567e-61,1.052e-12,1.965e-11,1.171e-18,0.000e+00
1.6,0.002809799955,1.1940858730095506e+02,1.1940858730095407e+02,3.808956e-60,9.948e-13,1.919e-11,3.879e-19,0.000e+00
1.6,0.002876222502,1.1666889138083154e+02,1.1666889138083056e+02,9.354053e-59,9.805e-13,1.875e-11,1.253e-19,0.000e+00
1.6,0.002944215252,1.1399246335274931e+02,1.1399246335274835e+02,2.132905e-57,9.663e-13,1.831e-11,3.945e-20,0.000e+00
1.6,0.003013815324,1.1137784208746316e+02,1.1137784208746220e+02,4.523402e-56,9.663e-13,1.789e-11,1.210e-20,0.000e+00
1.6,0.003085060713,1.0882360019761774e+02,1.0882360019761680e+02,8.937327e-55,9.379e-13,1.748e-11,3.611e-21,0.000e+00
1.6,0.003157990315,1.0632834325850088e+02,1.0632834325849998e+02,1.647818e-53,8.953e-13,1.707e-11,1.049e-21,0.000e+00
1.6,0.003232643943,1.0389070904679342e+02,1.0389070904679252e+02,2.839641e-52,8.953e-13,1.668e-11,2.960e-22,0.000e+00
1.6,0.003309062353,1.0150936679689760e+02,1.0150936679689670e+02,4.580872e-51,8.953e-13,1.629e-11,8.118e-23,0.000e+00
1.6,0.003387287264,9.9183016474439981e+01,9.9183016474439128e+01,6.928281e-50,8.527e-13,1.592e-11,2.162e-23,0.000e+00
1.6,0.003467361381,9.6910388066550340e+01,9.6910388066549530e+01,9.838801e-49,8.100e-13,1.555e-11,5.584e-24,0.000e+00
1.6,0.003549328418,9.4690240888530738e+01,9.4690240888529914e+01,1.313802e-47,8.242e-13,1.519e-11,1.399e-24,0.000e+00
1.6,0.003633233122,9.2521362906535927e+01,9.2521362906535188e+01,1.651986e-46,7.390e-13,1.484e-11,3.393e-25,0.000e+00
1.6,0.003719121301,9.0402570075894076e+01,9.0402570075893308e+01,1.958728e-45,7.674e-13,1.449e-11,7.970e-26,0.000e+00
1.6,0.003807039841,8.8332705694708281e+01,8.8332705694707542e+01,2.192919e-44,7.390e-13,1.416e-11,1.811e-26,0.000e+00
1.6,0.003897036741,8.6310639772385272e+01,8.6310639772384533e+01,2.321276e-43,7.390e-13,1.383e-11,3.976e-27,0.000e+00
1.6,0.003989161131,8.4335268412746004e+01,8.4335268412745265e+01,2.326212e-42,7.390e-13,1.351e-11,8.431e-28,0.000e+00
1.6,0.004083463305,8.2405513211382242e+01,8.2405513211381574e+01,2.209730e-41,6.679e-13,1.320e-11,1.725e-28,0.000e+00
1.6,0.004179994745,8.0520320666930303e+01,8.0520320666929663e+01,1.992201e-40,6.395e-13,1.289e-11,3.403e-29,0.000e+00
1.6,0.00427880815,7.8678661605938828e+01,7.8678661605938188e+01,1.706691e-39,6.395e-13,1.260e-11,6.466e-30,0.000e+00
1.6,0.004379957463,7.6879530621019001e+01,7.6879530621018347e+01,1.390967e-38,6.537e-13,1.230e-11,1.182e-30,0.000e+00
1.6,0.004483497907,7.5121945521969025e+01,7.5121945521968399e+01,1.079739e-37,6.253e-13,1.202e-11,2.079e-31,0.000e+00
1.6,0.004589486004,7.3404946799572969e+01,7.3404946799572329e+01,7.991898e-37,6.395e-13,1.174e-11,3.511e-32,0.000e+00
1.6,0.004697979618,7.1727597101782635e+01,7.1727597101782052e+01,5.646603e-36,5.826e-13,1.147e-11,5.692e-33,0.000e+00
1.6,0.004809037978,7.0088980721995043e+01,7.0088980721994460e+01,3.812388e-35,5.826e-13,1.121e-11,8.845e-34,0.000e+00
1.6,0.004922721713,6.8488203099147370e+01,6.8488203099146801e+01,2.462267e-34,5.684e-13,1.095e-11,1.316e-34,0.000e+00
1.6,0.005039092886,6.6924390329354992e+01,6.6924390329354424e+01,1.522812e-33,5.684e-13,1.069e-11,1.874e-35,0.000e+00
1.6,0.005158215027,6.5396688688828036e+01,6.5396688688827496e+01,9.027456e-33,5.400e-13,1.045e-11,2.551e-36,0.000e+00
1.6,0.005280153168,6.3904264167803781e+01,6.3904264167803234e+01,5.134725e-32,5.471e-13,1.021e-11,3.314e-37,0.000e+00
1.6,0.005404973878,6.2446302015242168e+01,6.2446302015241642e+01,2.804895e-31,5.258e-13,9.971e-12,4.107e-38,0.000e+00
1.6,0.005532745299,6.1022006294035080e+01,6.1022006294034590e+01,1.472886e-30,4.903e-13,9.740e-12,4.847e-39,0.000e+00
1.6,0.005663537186,5.9630599446486976e+01,5.9630599446486492e+01,7.441669e-30,4.832e-13,9.515e-12,5.443e-40,0.000e+00
1.6,0.00579742094,5.8271321869828718e+01,5.8271321869828256e+01,3.620823e-29,4.619e-13,9.296e-12,5.809e-41,0.000e+00
1.6,0.005934469654,5.6943431501534342e+01,5.6943431501533858e+01,1.698079e-28,4.832e-13,9.081e-12,5.884e-42,0.000e+00
1.6,0.006074758143,5.5646203414213403e+01,5.5646203414212941e+01,7.682304e-28,4.619e-13,8.872e-12,5.650e-43,0.000e+00
1.6,0.006218362997,5.4378929419857556e+01,5.4378929419857116e+01,3.355586e-27,4.405e-13,8.667e-12,5.136e-44,0.000e+00
1.6,0.006365362612,5.3140917683226220e+01,5.3140917683225780e+01,1.416254e-26,4.405e-13,8.467e-12,4.415e-45,0.000e+00
1.6,0.006515837239,5.1931492344159729e+01,5.1931492344159302e+01,5.780343e-26,4.263e-13,8.271e-12,3.584e-46,0.000e+00
1.6,0.006669869026,5.0749993148613385e+01,5.0749993148612965e+01,2.283192e-25,4.192e-13,8.081e-12,2.743e-47,0.000e+00
1.6,0.006827542063,4.9595775088211859e+01,4.9595775088211454e+01,8.734454e-25,4.050e-13,7.894e-12,1.977e-48,0.000e+00
1.6,0.006988942427,4.8468208048126925e+01,4.8468208048126520e+01,3.238580e-24,4.050e-13,7.712e-12,1.340e-49,0.000e+00
1.6,0.007154158232,4.7366676463085419e+01,4.7366676463085021e+01,1.164696e-23,3.979e-13,7.534e-12,8.524e-51,0.000e+00
1.6,0.007323279672,4.6290578981321019e+01,4.6290578981320635e+01,4.065515e-23,3.837e-13,7.361e-12,5.085e-52,0.000e+00
1.6,0.007496399075,4.5239328136285387e+01,4.5239328136285010e+01,1.378361e-22,3.766e-13,7.191e-12,2.840e-53,0.000e+00
1.6,0.007673610952,4.4212350025940118e+01,4.4212350025939735e+01,4.541998e-22,3.837e-13,7.025e-12,1.482e-54,0.000e+00
1.6,0.007855012047,4.3209083999453441e+01,4.3209083999453085e+01,1.455637e-21,3.553e-13,6.863e-12,7.216e-56,0.000e+00
1.6,0.008040701391,4.2228982351132210e+01,4.2228982351131869e+01,4.540045e-21,3.411e-13,6.705e-12,3.274e-57,0.000e+00
1.6,0.008230780357,4.1271510021420355e+01,4.1271510021420013e+01,1.378925e-20,3.411e-13,6.551e-12,1.381e-58,0.000e+00
1.6,0.008425352714,4.0336144304801920e+01,4.0336144304801586e+01,4.080945e-20,3.340e-13,6.400e-12,5.409e-60,0.000e+00
1.6,0.008624524683,3.9422374564448560e+01,3.9422374564448219e+01,1.177553e-19,3.411e-13,6.252e-12,1.963e-61,0.000e+00
1.6,0.008828404998,3.8529701953455969e+01,3.8529701953455650e+01,3.314775e-19,3.197e-13,6.108e-12,6.593e-63,0.000e+00
1.6,0.009037104963,3.7657639142516757e+01,3.7657639142516466e+01,9.108131e-19,2.913e-13,5.968e-12,2.044e-64,0.000e+00
1.6,0.009250738511,3.6805710053881747e+01,3.6805710053881448e+01,2.444268e-18,2.984e-13,5.830e-12,5.841e-66,0.000e+00
1.6,0.00946942227,3.5973449601463571e+01,3.5973449601463287e+01,6.409871e-18,2.842e-13,5.696e-12,1.535e-67,0.000e+00
1.6,0.009693275626,3.5160403436941621e+01,3.5160403436941344e+01,1.643471e-17,2.771e-13,5.565e-12,3.704e-69,0.000e+00
1.6,0.009922420787,3.4366127701729084e+01,3.4366127701728786e+01,4.122052e-17,2.984e-13,5.437e-12,8.188e-71,0.000e+00
1.6,0.01015698285,3.3590188784667056e+01,3.3590188784666793e+01,1.011868e-16,2.628e-13,5.312e-12,1.655e-72,0.000e+00
1.6,0.01039708986,3.2832163085313177e+01,3.2832163085312899e+01,2.432256e-16,2.769e-13,5.190e-12,3.051e-74,0.000e+00
1.6,0.01064287291,3.2091636782695737e+01,3.2091636782695474e+01,5.727699e-16,2.623e-13,5.070e-12,5.121e-76,0.000e+00
1.6,0.01089446617,3.1368205609407198e+01,3.1368205609406942e+01,1.322034e-15,2.545e-13,4.954e-12,7.808e-78,0.000e+00
1.6,0.01115200699,3.0661474630913382e+01,3.0661474630913130e+01,2.992247e-15,2.493e-13,4.840e-12,1.079e-79,0.000e+00
1.6,0.01141563598,2.9971058029958193e+01,2.9971058029957945e+01,6.644176e-15,2.420e-13,4.729e-12,1.347e-81,0.000e+00
1.6,0.01168549705,2.9296578895946187e+01,2.9296578895945938e+01,1.447991e-14,2.342e-13,4.620e-12,1.518e-83,0.000e+00
1.6,0.01196173753,2.8637669019187854e+01,2.8637669019187584e+01,3.098551e-14,2.390e-13,4.514e-12,1.539e-85,0.000e+00
1.6,0.01224450822,2.7993968689895329e+01,2.7993968689895038e+01,6.513328e-14,2.262e-13,4.410e-12,1.400e-87,0.000e+00
1.6,0.0125339635,2.7365126501819091e+01,2.7365126501818736e+01,1.345481e-13,2.207e-13,4.309e-12,1.141e-89,0.000e+00
1.6,0.01283026138,2.6750799160418040e+01,2.6750799160417547e+01,2.732483e-13,2.206e-13,4.210e-12,8.297e-92,0.000e+00
1.6,0.01313356363,2.6150651295458534e+01,2.6150651295457777e+01,5.457745e-13,2.110e-13,4.113e-12,5.374e-94,0.000e+00
1.6,0.01344403582,2.5564355277940155e+01,2.5564355277938873e+01,1.072535e-12,2.100e-13,4.018e-12,3.091e-96,0.000e+00
1.6,0.01376184746,2.4991591041248039e+01,2.4991591041245755e+01,2.074510e-12,2.099e-13,3.926e-12,1.574e-98,0.000e+00
1.6,0.01408717203,2.4432045906434265e+01,2.4432045906430123e+01,3.950794e-12,1.917e-13,3.836e-12,7.082e-101,0.000e+00
1.6,0.01442018714,2.3885414411533219e+01,2.3885414411525620e+01,7.410942e-12,1.883e-13,3.748e-12,2.804e-103,1.540e-316
1.6,0.0147610746,2.3351398144817360e+01,2.3351398144803468e+01,1.369729e-11,1.938e-13,3.662e-12,9.748e-106,3.379e-309
1.6,0.0151100205,2.2829705581902768e+01,2.2829705581877636e+01,2.495264e-11,1.793e-13,3.578e-12,2.965e-108,5.016e-302
1.6,0.01546721534,2.2320051926615555e+01,2.2320051926570557e+01,4.481919e-11,1.795e-13,3.496e-12,7.868e-111,5.084e-295
1.6,0.01583285413,2.1822158955532483e+01,2.1822158955452906e+01,7.939967e-11,1.776e-13,3.415e-12,1.815e-113,3.550e-288
1.6,0.01620713647,2.1335754866110928e+01,2.1335754865971975e+01,1.387775e-10,1.763e-13,3.337e-12,3.629e-116,1.722e-281
1.6,0.0165902667,2.0860574128325883e+01,2.0860574128086334e+01,2.393866e-10,1.622e-13,3.261e-12,6.267e-119,5.851e-275
1.6,0.01698245397,2.0396357339733360e+01,2.0396357339325540e+01,4.076557e-10,1.638e-13,3.186e-12,9.316e-122,1.405e-268
1.6,0.01738391239,1.9942851083881475e+01,1.9942851083195769e+01,6.855339e-10,1.718e-13,3.113e-12,1.188e-124,2.401e-262
1.6,0.01779486113,1.9499807791993206e+01,1.9499807790854284e+01,1.138760e-09,1.622e-13,3.041e-12,1.294e-127,2.946e-256
1.6,0.01821552453,1.9066985607846284e+01,1.9066985605977059e+01,1.869072e-09,1.526e-13,2.971e-12,1.200e-130,2.614e-250
1.6,0.01864613225,1.8644148255778092e+01,1.8644148252745929e+01,3.032013e-09,1.496e-13,2.903e-12,9.439e-134,1.690e-244
1.6,0.01908691936,1.8231064911745928e+01,1.8231064906883226e+01,4.862557e-09,1.450e-13,2.837e-12,6.273e-137,8.020e-239
1.6,0.0195381265,1.7827510077375198e+01,1.7827510069663507e+01,7.711549e-09,1.416e-13,2.772e-12,3.508e-140,2.813e-233
1.6,0.02,1.7433263456930671e+01,1.7433263444833639e+01,1.209690e-08,1.362e-13,2.708e-12,1.644e-143,7.347e-228
1.6,0.02055729891,1.6981132484522277e+01,1.6981132464256756e+01,2.026538e-08,1.412e-13,2.635e-12,1.582e-147,1.197e-221
1.6,0.02113012692,1.6541242133796800e+01,1.6541242100331289e+01,3.346537e-08,1.377e-13,2.564e-12,1.177e-151,1.322e-215
1.6,0.02171891675,1.6113260139036917e+01,1.6113260084540631e+01,5.449615e-08,1.350e-13,2.495e-12,6.720e-156,1.001e-209
1.6,0.02232411318,1.5696863232970628e+01,1.5696863145425832e+01,8.754467e-08,1.294e-13,2.428e-12,2.924e-160,5.252e-204
1.6,0.02294617338,1.5291736903242310e+01,1.5291736764455669e+01,1.387865e-07,1.234e-13,2.362e-12,9.623e-165,1.927e-198
1.6,0.02358556724,1.4897575155719460e+01,1.4897574938512113e+01,2.172072e-07,1.243e-13,2.299e-12,2.376e-169,4.993e-193
1.6,0.02424277779,1.4514080284520308e+01,1.4514079948811869e+01,3.357083e-07,1.196e-13,2.237e-12,4.368e-174,9.225e-188
1.6,0.02491830147,1.4140962648665594e+01,1.4140962136089618e+01,5.125759e-07,1.189e-13,2.177e-12,5.928e-179,1.226e-182
1.6,0.02561264858,1.3777940455276122e+01,1.3777939681873208e+01,7.734028e-07,1.109e-13,2.118e-12,5.889e-184,1.184e-177
1.6,0.02632634363,1.3424739549256909e+01,1.3424738395685750e+01,1.153571e-06,1.124e-13,2.061e-12,4.246e-189,8.365e-173
1.6,0.02705992576,1.3081093209426772e+01,1.3081091508014083e+01,1.701413e-06,1.086e-13,2.005e-12,2.201e-194,4.366e-168
1.6,0.02781394911,1.2746741951069371e+01,1.2746739468887307e+01,2.482182e-06,1.095e-13,1.951e-12,8.135e-200,1.697e-163
1.6,0.02858898329,1.2421433334896033e+01,1.2421429751913468e+01,3.582982e-06,1.013e-13,1.899e-12,2.122e-205,4.951e-159
1.6,0.02938561374,1.2104921782421959e+01,1.2104916663626422e+01,5.118795e-06,1.001e-13,1.848e-12,3.871e-211,1.093e-154
1.6,0.03020444227,1.1796968397763578e+01,1.1796961157999188e+01,7.239764e-06,1.033e-13,1.798e-12,4.887e-217,1.838e-150
1.6,0.0310460874,1.1497340795865368e+01,1.1497330655983772e+01,1.013988e-05,9.517e-14,1.749e-12,4.227e-223,2.374e-146
1.6,0.03191118493,1.1205812937157638e+01,1.1205798869941294e+01,1.406722e-05,9.141e-14,1.702e-12,2.478e-229,2.372e-142
1.6,0.03280038836,1.0922164968632075e+01,1.0922145632830102e+01,1.933580e-05,9.327e-14,1.656e-12,9.746e-236,1.845e-138
1.6,0.03371436939,1.0646183071298294e+01,1.0646156732022924e+01,2.633928e-05,9.047e-14,1.612e-12,2.541e-242,1.125e-134
1.6,0.03465381845,1.0377659313951884e+01,1.0377623747627812e+01,3.556632e-05,8.640e-14,1.568e-12,4.345e-249,5.417e-131
1.6,0.03561944521,1.0116391513142039e+01,1.0116343895190882e+01,4.761795e-05,8.799e-14,1.526e-12,4.813e-256,2.072e-127
1.6,0.0366119791,9.8621830991761481e+00,9.8621198726623351e+00,6.322651e-05,8.291e-14,1.485e-12,3.413e-263,6.332e-124
1.6,0.0376321699,9.6148429879395181e+00,9.6147597115102776e+00,8.327643e-05,8.342e-14,1.445e-12,1.530e-270,1.556e-120
1.6,0.03868078826,9.3741854582427546e+00,9.3740766318701727e+00,1.088264e-04,8.184e-14,1.406e-12,4.283e-278,3.094e-117
1.6,0.03975862631,9.1400300343391994e+00,9.1398889016206812e+00,1.411327e-04,7.922e-14,1.368e-12,7.384e-286,5.005e-114
1.6,0.04086649826,8.9122013731819560e+00,8.9120196992797176e+00,1.816739e-04,7.628e-14,1.331e-12,7.738e-294,6.625e-111
1.6,0.04200524101,8.6905291559176892e+00,8.6902969806173402e+00,2.321753e-04,7.412e-14,1.295e-12,4.860e-302,7.213e-108
1.6,0.04317571475,8.4748479830452421e+00,8.4745533488850278e+00,2.946342e-04,7.101e-14,1.260e-12,1.804e-310,6.495e-105
1.6,0.04437880369,8.2649972726040666e+00,8.2646259285634756e+00,3.713440e-04,6.999e-14,1.226e-12,3.898e-319,4.861e-102
1.6,0.04561541663,8.0608211607039379e+00,8.0603562425338637e+00,4.649182e-04,6.902e-14,1.193e-12,0.000e+00,3.040e-99
1.6,0.04688648772,7.8621684036659802e+00,7.8615900925800588e+00,5.783111e-04,6.705e-14,1.160e-12,0.000e+00,1.596e-96
1.6,0.04819297714,7.6688922810182607e+00,7.6681774431316772e+00,7.148379e-04,6.414e-14,1.129e-12,0.000e+00,7.065e-94
1.6,0.04953587182,7.4808504985796933e+00,7.4799723081605505e+00,8.781904e-04,6.065e-14,1.098e-12,0.000e+00,2.651e-91
1.6,0.05091618618,7.2979050908746848e+00,7.2968326411453539e+00,1.072450e-03,6.106e-14,1.069e-12,0.000e+00,8.468e-89
1.6,0.05233496293,7.1199223221494199e+00,7.1186202280215518e+00,1.302094e-03,5.945e-14,1.040e-12,0.000e+00,2.312e-86
1.6,0.05379327381,6.9467725853090956e+00,6.9452005830361294e+00,1.572002e-03,5.536e-14,1.011e-12,0.000e+00,5.422e-84
1.6,0.05529222045,6.7783302981629063e+00,6.7764428474286156e+00,1.887451e-03,5.803e-14,9.838e-13,0.000e+00,1.096e-81
1.6,0.05683293515,6.6144737964498912e+00,6.6122196908622310e+00,2.254106e-03,5.663e-14,9.570e-13,0.000e+00,1.917e-79
1.6,0.05841658179,6.4550852232214044e+00,6.4524072155309398e+00,2.678008e-03,5.246e-14,9.309e-13,0.000e+00,2.916e-77
1.6,0.06004435665,6.3000504142726967e+00,6.2968848628702414e+00,3.165551e-03,5.116e-14,9.054e-13,0.000e+00,3.867e-75
1.6,0.06171748937,6.1492587794445086e+00,6.1455353228015506e+00,3.723457e-03,5.021e-14,8.806e-13,0.000e+00,4.491e-73
1.6,0.06343724384,6.0026031797518637e+00,5.9982444454418600e+00,4.358734e-03,4.917e-14,8.564e-13,0.000e+00,4.583e-71
1.6,0.06520491918,5.8599798004382171e+00,5.8549011552122883e+00,5.078645e-03,4.702e-14,8.329e-13,0.000e+00,4.124e-69
1.6,0.06702185069,5.7212880201951890e+00,5.7153973672809313e+00,5.890653e-03,4.592e-14,8.099e-13,0.000e+00,3.283e-67
1.6,0.0688894109,5.5864302769274872e+00,5.5796279062771470e+00,6.802371e-03,4.465e-14,7.875e-13,0.000e+00,2.321e-65
1.6,0.07080901057,5.4553119305761752e+00,5.4474904272161968e+00,7.821503e-03,4.654e-14,7.657e-13,0.000e+00,1.461e-63
1.6,0.07278209978,5.3278411236375280e+00,5.3188853385747663e+00,8.955785e-03,4.206e-14,7.444e-13,0.000e+00,8.217e-62
1.6,0.07481016902,5.2039286401269331e+00,5.1937157274595194e+00,1.021291e-02,4.188e-14,7.236e-13,0.000e+00,4.141e-60
1.6,0.0768947503,5.0834877638346860e+00,5.0718872868125091e+00,1.160048e-02,4.051e-14,7.034e-13,0.000e+00,1.876e-58
1.6,0.07903741831,4.9664341368014302e+00,4.9533082445986354e+00,1.312589e-02,4.016e-14,6.836e-13,0.000e+00,7.661e-57
1.6,0.08123979166,4.8526856190034868e+00,4.8378892949220056e+00,1.479632e-02,3.621e-14,6.643e-13,0.000e+00,2.828e-55
1.6,0.08350353402,4.7421621502815041e+00,4.7255435310194089e+00,1.661862e-02,3.846e-14,6.455e-13,0.000e+00,9.463e-54
1.6,0.08583035543,4.6347856155686360e+00,4.6161863800805332e+00,1.859924e-02,3.427e-14,6.272e-13,0.000e+00,2.878e-52
1.6,0.0882220136,4.5304797144771740e+00,4.5097355398459680e+00,2.074417e-02,3.461e-14,6.093e-13,0.000e+00,7.975e-51
1.6,0.09068031519,4.4291698362842018e+00,4.4061109169353694e+00,2.305892e-02,3.629e-14,5.918e-13,0.000e+00,2.019e-49
1.6,0.09320711722,4.3307829413189047e+00,4.3052345668594016e+00,2.554837e-02,3.214e-14,5.748e-13,0.000e+00,4.680e-48
1.6,0.09580432845,4.2352474496963968e+00,4.2070306356704226e+00,2.821681e-02,3.170e-14,5.582e-13,0.000e+00,9.959e-47
1.6,0.09847391083,4.1424931382665378e+00,4.1114253032080610e+00,3.106784e-02,3.174e-14,5.420e-13,0.000e+00,1.950e-45
1.6,0.101217881,4.0524510465525241e+00,4.0183467278970291e+00,3.410432e-02,3.018e-14,5.262e-13,0.000e+00,3.520e-44
1.6,0.1040383117,3.9650533923438847e+00,3.9277249930557105e+00,3.732840e-02,2.814e-14,5.108e-13,0.000e+00,5.874e-43
1.6,0.1069373336,3.8802334974838444e+00,3.8394920546751421e+00,4.074144e-02,2.824e-14,4.958e-13,0.000e+00,9.077e-42
1.6,0.1099171365,3.7979257242535445e+00,3.7535816906291939e+00,4.434403e-02,2.792e-14,4.812e-13,0.000e+00,1.302e-40
1.6,0.1129799716,3.7180654226071135e+00,3.6699294512777092e+00,4.813597e-02,2.728e-14,4.670e-13,0.000e+00,1.736e-39
1.6,0.1161281523,3.6405888883546695e+00,3.5884726114255332e+00,5.211628e-02,2.625e-14,4.531e-13,0.000e+00,2.158e-38
1.6,0.1193640569,3.5654333322271907e+00,3.5091501236012581e+00,5.628321e-02,2.468e-14,4.396e-13,0.000e+00,2.504e-37
1.6,0.1226901298,3.4925368595908908e+00,3.4319025726205883e+00,6.063429e-02,2.498e-14,4.265e-13,0.000e+00,2.717e-36
1.6,0.1261088836,3.4218384604120002e+00,3.3566721314001366e+00,6.516633e-02,2.480e-14,4.137e-13,0.000e+00,2.763e-35
1.6,0.1296229008,3.3532780089091099e+00,3.2834025179883879e+00,6.987549e-02,2.322e-14,4.013e-13,0.000e+00,2.637e-34
1.6,0.1332348358,3.2867962721727570e+00,3.2120389537815446e+00,7.475732e-02,2.248e-14,3.892e-13,0.000e+00,2.367e-33
1.6,0.1369474172,3.2223349268840304e+00,3.1425281228927382e+00,7.980680e-02,2.140e-14,3.775e-13,0.000e+00,2.000e-32
1.6,0.1407634495,3.1598365831294366e+00,3.0748181326440602e+00,8.501845e-02,2.104e-14,3.661e-13,0.000e+00,1.595e-31
1.6,0.1446858154,3.0992448141909508e+00,3.0088584751516243e+00,9.038634e-02,1.975e-14,3.550e-13,0.000e+00,1.202e-30
1.6,0.1487174777,3.0405041910916384e+00,2.9445999899747211e+00,9.590420e-02,1.965e-14,3.442e-13,0.000e+00,8.570e-30
1.6,0.1528614821,2.9835603206009256e+00,2.8819948278008924e+00,1.015655e-01,1.905e-14,3.338e-13,0.000e+00,5.791e-29
1.6,0.157120959,2.9283598853521666e+00,2.8209964151395477e+00,1.073635e-01,1.839e-14,3.237e-13,0.000e+00,3.714e-28
1.6,0.1614991259,2.8748506847001409e+00,2.7615594199974716e+00,1.132913e-01,1.778e-14,3.139e-13,0.000e+00,2.264e-27
1.6,0.1659992902,2.8229816749489403e+00,2.7036397185102921e+00,1.193420e-01,1.774e-14,3.043e-13,0.000e+00,1.314e-26
1.6,0.1706248514,2.7727030076118067e+00,2.6471943625047176e+00,1.255086e-01,1.651e-14,2.951e-13,0.000e+00,7.263e-26
1.6,0.1753793036,2.7239660644235939e+00,2.5921815479669936e+00,1.317845e-01,1.574e-14,2.861e-13,0.000e+00,3.832e-25
1.6,0.1802662383,2.6767234879128137e+00,2.5385605843937533e+00,1.381629e-01,1.579e-14,2.774e-13,0.000e+00,1.932e-24
1.6,0.1852893472,2.6309292064519028e+00,2.4862918650020314e+00,1.446373e-01,1.593e-14,2.690e-13,0.000e+00,9.320e-24
1.6,0.1904524247,2.5865384528391639e+00,2.4353368377758775e+00,1.512016e-01,1.427e-14,2.608e-13,0.000e+00,4.306e-23
1.6,0.1957593711,2.5435077756207569e+00,2.3856579773276234e+00,1.578498e-01,1.391e-14,2.529e-13,0.000e+00,1.907e-22
1.6,0.2012141953,2.5017950425326272e+00,2.3372187575524337e+00,1.645763e-01,1.427e-14,2.452e-13,0.000e+00,8.112e-22
1.6,0.2068210179,2.4613594356266124e+00,2.2899836250553767e+00,1.713758e-01,1.343e-14,2.378e-13,0.000e+00,3.316e-21
1.6,0.2125840742,2.4221614378377261e+00,2.2439179733308077e+00,1.782435e-01,1.274e-14,2.306e-13,0.000e+00,1.304e-20
1.6,0.2185077179,2.3841628109465716e+00,2.1989881176744093e+00,1.851747e-01,1.232e-14,2.236e-13,0.000e+00,4.939e-20
1.6,0.2245964235,2.3473265650875166e+00,2.1551612708087777e+00,1.921653e-01,1.124e-14,2.168e-13,0.000e+00,1.804e-19
1.6,0.2308547906,2.3116169201452159e+00,2.1124055192039535e+00,1.992114e-01,1.146e-14,2.102e-13,0.000e+00,6.356e-19
1.6,0.2372875467,2.2769992595651845e+00,2.0706898000748266e+00,2.063095e-01,1.105e-14,2.038e-13,0.000e+00,2.164e-18
1.6,0.2438995512,2.2434400772744301e+00,2.0299838790378146e+00,2.134562e-01,1.141e-14,1.976e-13,0.000e+00,7.122e-18
1.6,0.2506957989,2.2109069185619945e+00,1.9902583284097073e+00,2.206486e-01,1.024e-14,1.916e-13,0.000e+00,2.269e-17
1.6,0.2576814237,2.1793683159036079e+00,1.9514845061320425e+00,2.278838e-01,9.936e-15,1.858e-13,0.000e+00,7.000e-17
1.6,0.2648617025,2.1487937208265677e+00,1.9136345353048361e+00,2.351592e-01,1.021e-14,1.801e-13,0.000e+00,2.094e-16
1.6,0.2722420593,2.1191534329984196e+00,1.8766812843139113e+00,2.424721e-01,9.992e-15,1.746e-13,0.000e+00,6.077e-16
1.6,0.2798280694,2.0904185277841854e+00,1.8405983475365282e+00,2.498202e-01,9.270e-15,1.693e-13,0.000e+00,1.713e-15
1.6,0.2876254633,2.0625607835506514e+00,1.8053600266104231e+00,2.572008e-01,9.159e-15,1.642e-13,0.000e+00,4.691e-15
1.6,0.2956401311,2.0355526100020009e+00,1.7709413122517801e+00,2.646113e-01,8.715e-15,1.592e-13,0.000e+00,1.250e-14
1.6,0.3038781273,2.0093669788087984e+00,1.7373178666080376e+00,2.720491e-01,9.104e-15,1.543e-13,0.000e+00,3.240e-14
1.6,0.3123456747,1.9839773577425417e+00,1.7044660061318424e+00,2.795114e-01,1.021e-14,1.496e-13,0.000e+00,8.184e-14
1.6,0.3210491698,1.9593576494518306e+00,1.6723626849628193e+00,2.869950e-01,1.477e-14,1.451e-13,0.000e+00,2.015e-13
1.6,0.3299951874,1.9354821359152738e+00,1.6409854788041929e+00,2.944967e-01,2.431e-14,1.407e-13,0.000e+00,4.837e-13
1.6,0.3391904853,1.9123254294829100e+00,1.6103125692816511e+00,3.020129e-01,4.780e-14,1.365e-13,0.000e+00,1.134e-12
1.6,0.3486420097,1.8898624312748178e+00,1.5803227287721813e+00,3.095397e-01,1.038e-13,1.324e-13,0.000e+00,2.595e-12
1.6,0.3583569002,1.8680682975461584e+00,1.5509953056909507e+00,3.170730e-01,2.285e-13,1.284e-13,0.000e+00,5.805e-12
1.6,0.3683424957,1.8469184144557738e+00,1.5223102102245958e+00,3.246082e-01,5.067e-13,1.246e-13,0.000e+00,1.270e-11
1.6,0.3786063392,1.8263883814948867e+00,1.4942479004996339e+00,3.321405e-01,1.109e-12,1.209e-13,0.000e+00,2.719e-11
1.6,0.3891561842,1.8064540036478856e+00,1.4667893691749794e+00,3.396646e-01,2.381e-12,1.174e-13,0.000e+00,5.698e-11
1.6,0.4,1.7870912921732161e+00,1.4399161304478609e+00,3.471752e-01,5.021e-12,1.140e-13,0.000e+00,1.170e-10
2.0,0.0025,1.3410968884407305e+02,1.3410968884407197e+02,1.088400e-45,1.080e-12,2.156e-11,8.762e-17,0.000e+00
2.0,0.002559099,1.3103049865377037e+02,1.3103049865376929e+02,1.241465e-44,1.080e-12,2.106e-11,3.209e-17,0.000e+00
2.0,0.002619595078,1.2802241671780300e+02,1.2802241671780189e+02,1.338287e-43,1.108e-12,2.057e-11,1.149e-17,0.000e+00
2.0,0.002681521258,1.2508380084860949e+02,1.2508380084860842e+02,1.365212e-42,1.066e-12,2.010e-11,4.018e-18,0.000e+00
2.0,0.002744911348,1.2221304678192121e+02,1.2221304678192014e+02,1.319592e-41,1.066e-12,1.963e-11,1.372e-18,0.000e+00
2.0,0.002809799955,1.1940858730095508e+02,1.1940858730095407e+02,1.210067e-40,1.009e-12,1.918e-11,4.575e-19,0.000e+00
2.0,0.002876222502,1.1666889138083158e+02,1.1666889138083056e+02,1.053990e-39,1.023e-12,1.873e-11,1.487e-19,0.000e+00
2.0,0.002944215252,1.1399246335274933e+02,1.1399246335274835e+02,8.730471e-39,9.805e-13,1.830e-11,4.714e-20,0.000e+00
2.0,0.003013815324,1.1137784208746316e+02,1.1137784208746220e+02,6.885201e-38,9.663e-13,1.788e-11,1.455e-20,0.000e+00
2.0,0.003085060713,1.0882360019761771e+02,1.0882360019761680e+02,5.175661e-37,9.095e-13,1.746e-11,4.375e-21,0.000e+00
2.0,0.003157990315,1.0632834325850089e+02,1.0632834325849998e+02,3.712499e-36,9.095e-13,1.706e-11,1.280e-21,0.000e+00
2.0,0.003232643943,1.0389070904679342e+02,1.0389070904679252e+02,2.543830e-35,8.953e-13,1.667e-11,3.639e-22,0.000e+00
2.0,0.003309062353,1.0150936679689760e+02,1.0150936679689670e+02,1.666825e-34,8.953e-13,1.628e-11,1.006e-22,0.000e+00
2.0,0.003387287264,9.9183016474440009e+01,9.9183016474439128e+01,1.045492e-33,8.811e-13,1.590e-11,2.699e-23,0.000e+00
2.0,0.003467361381,9.6910388066550340e+01,9.6910388066549530e+01,6.283739e-33,8.100e-13,1.554e-11,7.028e-24,0.000e+00
2.0,0.003549328418,9.4690240888530752e+01,9.4690240888529914e+01,3.622517e-32,8.384e-13,1.518e-11,1.775e-24,0.000e+00
2.0,0.003633233122,9.2521362906535956e+01,9.2521362906535188e+01,2.005006e-31,7.674e-13,1.483e-11,4.341e-25,0.000e+00
2.0,0.003719121301,9.0402570075894104e+01,9.0402570075893308e+01,1.066454e-30,7.958e-13,1.448e-11,1.028e-25,0.000e+00
2.0,0.003807039841,8.8332705694708295e+01,8.8332705694707542e+01,5.456188e-30,7.532e-13,1.415e-11,2.357e-26,0.000e+00
2.0,0.003897036741,8.6310639772385272e+01,8.6310639772384533e+01,2.687488e-29,7.390e-13,1.382e-11,5.221e-27,0.000e+00
2.0,0.003989161131,8.4335268412746004e+01,8.4335268412745265e+01,1.275542e-28,7.390e-13,1.350e-11,1.117e-27,0.000e+00
2.0,0.004083463305,8.2405513211382271e+01,8.2405513211381574e+01,5.838563e-28,6.963e-13,1.319e-11,2.307e-28,0.000e+00
2.0,0.004179994745,8.0520320666930331e+01,8.0520320666929663e+01,2.579548e-27,6.679e-13,1.288e-11,4.593e-29,0.000e+00
2.0,0.00427880815,7.8678661605938871e+01,7.8678661605938188e+01,1.100937e-26,6.821e-13,1.259e-11,8.812e-30,0.000e+00
2.0,0.004379957463,7.6879530621019029e+01,7.6879530621018347e+01,4.542657e-26,6.821e-13,1.230e-11,1.627e-30,0.000e+00
2.0,0.004483497907,7.5121945521969039e+01,7.5121945521968399e+01,1.813528e-25,6.395e-13,1.201e-11,2.890e-31,0.000e+00
2.0,0.004589486004,7.3404946799572969e+01,7.3404946799572329e+01,7.010303e-25,6.395e-13,1.173e-11,4.930e-32,0.000e+00
2.0,0.004697979618,7.1727597101782649e+01,7.1727597101782052e+01,2.625854e-24,5.969e-13,1.146e-11,8.075e-33,0.000e+00
2.0,0.004809037978,7.0088980721995043e+01,7.0088980721994460e+01,9.537658e-24,5.826e-13,1.120e-11,1.268e-33,0.000e+00
2.0,0.004922721713,6.8488203099147370e+01,6.8488203099146801e+01,3.361698e-23,5.684e-13,1.094e-11,1.907e-34,0.000e+00
2.0,0.005039092886,6.6924390329354992e+01,6.6924390329354424e+01,1.150596e-22,5.684e-13,1.069e-11,2.746e-35,0.000e+00
2.0,0.005158215027,6.5396688688828050e+01,6.5396688688827496e+01,3.826742e-22,5.542e-13,1.044e-11,3.779e-36,0.000e+00
2.0,0.005280153168,6.3904264167803795e+01,6.3904264167803234e+01,1.237556e-21,5.613e-13,1.020e-11,4.965e-37,0.000e+00
2.0,0.005404973878,6.2446302015242182e+01,6.2446302015241642e+01,3.894134e-21,5.400e-13,9.964e-12,6.224e-38,0.000e+00
2.0,0.005532745299,6.1022006294035108e+01,6.1022006294034590e+01,1.193005e-20,5.187e-13,9.734e-12,7.432e-39,0.000e+00
2.0,0.005663537186,5.9630599446486990e+01,5.9630599446486492e+01,3.560629e-20,4.974e-13,9.509e-12,8.447e-40,0.000e+00
2.0,0.00579742094,5.8271321869828725e+01,5.8271321869828256e+01,1.035921e-19,4.690e-13,9.290e-12,9.124e-41,0.000e+00
2.0,0.005934469654,5.6943431501534342e+01,5.6943431501533858e+01,2.939665e-19,4.832e-13,9.075e-12,9.358e-42,0.000e+00
2.0,0.006074758143,5.5646203414213417e+01,5.5646203414212941e+01,8.141238e-19,4.761e-13,8.866e-12,9.100e-43,0.000e+00
2.0,0.006218362997,5.4378929419857585e+01,5.4378929419857116e+01,2.201652e-18,4.690e-13,8.661e-12,8.380e-44,0.000e+00
2.0,0.006365362612,5.3140917683226235e+01,5.3140917683225780e+01,5.817163e-18,4.547e-13,8.462e-12,7.298e-45,0.000e+00
2.0,0.006515837239,5.1931492344159743e+01,5.1931492344159302e+01,1.502489e-17,4.405e-13,8.267e-12,6.003e-46,0.000e+00
2.0,0.006669869026,5.0749993148613385e+01,5.0749993148612965e+01,3.795564e-17,4.192e-13,8.076e-12,4.658e-47,0.000e+00
2.0,0.006827542063,4.9595775088211880e+01,4.9595775088211454e+01,9.382727e-17,4.262e-13,7.890e-12,3.404e-48,0.000e+00
2.0,0.006988942427,4.8468208048126940e+01,4.8468208048126520e+01,2.270842e-16,4.190e-13,7.708e-12,2.340e-49,0.000e+00
2.0,0.007154158232,4.7366676463085426e+01,4.7366676463085021e+01,5.383466e-16,4.045e-13,7.530e-12,1.510e-50,0.000e+00
2.0,0.007323279672,4.6290578981321019e+01,4.6290578981320635e+01,1.250725e-15,3.824e-13,7.357e-12,9.143e-52,0.000e+00
2.0,0.007496399075,4.5239328136285394e+01,4.5239328136285010e+01,2.848978e-15,3.808e-13,7.187e-12,5.183e-53,0.000e+00
2.0,0.007673610952,4.4212350025940133e+01,4.4212350025939735e+01,6.365633e-15,3.915e-13,7.022e-12,2.746e-54,0.000e+00
2.0,0.007855012047,4.3209083999453448e+01,4.3209083999453085e+01,1.395767e-14,3.484e-13,6.860e-12,1.358e-55,0.000e+00
2.0,0.008040701391,4.2228982351132260e+01,4.2228982351131869e+01,3.004636e-14,3.608e-13,6.702e-12,6.261e-57,0.000e+00
2.0,0.008230780357,4.1271510021420426e+01,4.1271510021420013e+01,6.352767e-14,3.486e-13,6.548e-12,2.685e-58,0.000e+00
2.0,0.008425352714,4.0336144304802048e+01,4.0336144304801586e+01,1.319795e-13,3.299e-13,6.397e-12,1.069e-59,0.000e+00
2.0,0.008624524683,3.9422374564448830e+01,3.9422374564448219e+01,2.695248e-13,3.415e-13,6.250e-12,3.947e-61,0.000e+00
2.0,0.008828404998,3.8529701953456517e+01,3.8529701953455650e+01,5.412670e-13,3.256e-13,6.106e-12,1.348e-62,0.000e+00
2.0,0.009037104963,3.7657639142517837e+01,3.7657639142516466e+01,1.069333e-12,3.020e-13,5.965e-12,4.255e-64,0.000e+00
2.0,0.009250738511,3.6805710053883828e+01,3.6805710053881448e+01,2.079063e-12,3.013e-13,5.828e-12,1.238e-65,0.000e+00
2.0,0.00946942227,3.5973449601467557e+01,3.5973449601463287e+01,3.979564e-12,2.908e-13,5.694e-12,3.314e-67,0.000e+00
2.0,0.009693275626,3.5160403436949125e+01,3.5160403436941344e+01,7.501937e-12,2.785e-13,5.563e-12,8.148e-69,0.000e+00
2.0,0.009922420787,3.4366127701743011e+01,3.4366127701728786e+01,1.393267e-11,2.924e-13,5.435e-12,1.836e-70,0.000e+00
2.0,0.01015698285,3.3590188784692572e+01,3.3590188784666793e+01,2.550164e-11,2.768e-13,5.310e-12,3.784e-72,0.000e+00
2.0,0.01039708986,3.2832163085359198e+01,3.2832163085312899e+01,4.601725e-11,2.817e-13,5.188e-12,7.119e-74,0.000e+00
2.0,0.01064287291,3.2091636782777634e+01,3.2091636782695474e+01,8.189072e-11,2.693e-13,5.068e-12,1.220e-75,0.000e+00
2.0,0.01089446617,3.1368205609550966e+01,3.1368205609406942e+01,1.437638e-10,2.596e-13,4.952e-12,1.899e-77,0.000e+00
2.0,0.01115200699,3.0661474631162442e+01,3.0661474630913130e+01,2.490586e-10,2.530e-13,4.838e-12,2.680e-79,0.000e+00
2.0,0.01141563598,2.9971058030384107e+01,2.9971058029957945e+01,4.259159e-10,2.464e-13,4.726e-12,3.422e-81,0.000e+00
2.0,0.01168549705,2.9296578896665366e+01,2.9296578895945938e+01,7.191942e-10,2.339e-13,4.618e-12,3.944e-83,0.000e+00
2.0,0.01196173753,2.8637669020387310e+01,2.8637669019187584e+01,1.199487e-09,2.392e-13,4.512e-12,4.091e-85,0.000e+00
2.0,0.01224450822,2.7993968691871764e+01,2.7993968689895038e+01,1.976498e-09,2.286e-13,4.408e-12,3.811e-87,0.000e+00
2.0,0.0125339635,2.7365126505037580e+01,2.7365126501818736e+01,3.218618e-09,2.263e-13,4.306e-12,3.180e-89,0.000e+00
2.0,0.01283026138,2.6750799165598998e+01,2.6750799160417547e+01,5.181233e-09,2.182e-13,4.207e-12,2.370e-91,0.000e+00
2.0,0.01313356363,2.6150651303705125e+01,2.6150651295457777e+01,8.247140e-09,2.081e-13,4.111e-12,1.574e-93,0.000e+00
2.0,0.01344403582,2.5564355290922617e+01,2.5564355277938873e+01,1.298353e-08,2.105e-13,4.016e-12,9.291e-96,0.000e+00
2.0,0.01376184746,2.4991591061467407e+01,2.4991591041245755e+01,2.022145e-08,2.068e-13,3.924e-12,4.859e-98,0.000e+00
2.0,0.01408717203,2.4432045937595447e+01,2.4432045906430123e+01,3.116514e-08,1.883e-13,3.834e-12,2.245e-100,0.000e+00
2.0,0.01442018714,2.3885414459066855e+01,2.3885414411525620e+01,4.754105e-08,1.871e-13,3.745e-12,9.139e-103,1.881e-316
2.0,0.0147610746,2.3351398216601979e+01,2.3351398144803468e+01,7.179831e-08,1.975e-13,3.659e-12,3.268e-105,4.128e-309
2.0,0.0151100205,2.2829705689253515e+01,2.2829705581877636e+01,1.073757e-07,1.776e-13,3.575e-12,1.023e-107,6.128e-302
2.0,0.01546721534,2.2320052085623882e+01,2.2320051926570557e+01,1.590531e-07,1.782e-13,3.493e-12,2.797e-110,6.212e-295
2.0,0.01583285413,2.1822159188862795e+01,2.1822158955452906e+01,2.334097e-07,1.770e-13,3.413e-12,6.651e-113,4.337e-288
2.0,0.01620713647,2.1335755205386096e+01,2.1335754865971975e+01,3.394140e-07,1.709e-13,3.334e-12,1.372e-115,2.104e-281
2.0,0.0165902667,2.0860574617263588e+01,2.0860574128086334e+01,4.891771e-07,1.628e-13,3.258e-12,2.445e-118,7.149e-275
2.0,0.01698245397,2.0396358038229838e+01,2.0396357339325540e+01,6.989041e-07,1.588e-13,3.183e-12,3.755e-121,1.716e-268
2.0,0.01738391239,1.9942852073278832e+01,1.9942851083195769e+01,9.900829e-07,1.640e-13,3.109e-12,4.949e-124,2.934e-262
2.0,0.01779486113,1.9499809181810122e+01,1.9499807790854284e+01,1.390956e-06,1.567e-13,3.038e-12,5.579e-127,3.599e-256
2.0,0.01821552453,1.9066987544300364e+01,1.9066985605977059e+01,1.938323e-06,1.488e-13,2.968e-12,5.358e-130,3.194e-250
2.0,0.01864613225,1.8644150932480020e+01,1.8644148252745929e+01,2.679734e-06,1.442e-13,2.900e-12,4.369e-133,2.065e-244
2.0,0.01908691936,1.8231068583000468e+01,1.8231064906883226e+01,3.676117e-06,1.399e-13,2.833e-12,3.012e-136,9.798e-239
2.0,0.0195381265,1.7827515074580713e+01,1.7827510069663507e+01,5.004917e-06,1.352e-13,2.768e-12,1.749e-139,3.437e-233
2.0,0.02,1.7433270208625892e+01,1.7433263444833639e+01,6.763792e-06,1.322e-13,2.704e-12,8.516e-143,8.977e-228
2.0,0.02055729891,1.6981142014828315e+01,1.6981132464256756e+01,9.550571e-06,1.379e-13,2.631e-12,8.583e-147,1.462e-221
2.0,0.02113012692,1.6541255455250955e+01,1.6541242100331289e+01,1.335492e-05,1.281e-13,2.560e-12,6.697e-151,1.615e-215
2.0,0.02171891675,1.6113278583211109e+01,1.6113260084540631e+01,1.849867e-05,1.265e-13,2.491e-12,4.017e-155,1.223e-209
2.0,0.02232411318,1.5696888534009206e+01,1.5696863145425832e+01,2.538858e-05,1.244e-13,2.424e-12,1.838e-159,6.417e-204
2.0,0.02294617338,1.5291771298187543e+01,1.5291736764455669e+01,3.453373e-05,1.164e-13,2.358e-12,6.372e-164,2.354e-198
2.0,0.02358556724,1.4897621503670257e+01,1.4897574938512113e+01,4.656516e-05,1.172e-13,2.295e-12,1.660e-168,6.101e-193
2.0,0.02424277779,1.4514142206609053e+01,1.4514079948811869e+01,6.225780e-05,1.092e-13,2.233e-12,3.223e-173,1.127e-187
2.0,0.02491830147,1.4141044690695196e+01,1.4140962136089618e+01,8.255461e-05,1.110e-13,2.172e-12,4.628e-178,1.498e-182
2.0,0.02561264858,1.3778048274623611e+01,1.3777939681873208e+01,1.085928e-04,1.067e-13,2.114e-12,4.872e-183,1.446e-177
2.0,0.02632634363,1.3424880127313628e+01,1.3424738395685750e+01,1.417316e-04,1.047e-13,2.057e-12,3.729e-188,1.022e-172
2.0,0.02705992576,1.3081275090402972e+01,1.3081091508014083e+01,1.835824e-04,9.784e-14,2.001e-12,2.056e-193,5.335e-168
2.0,0.02781394911,1.2746975507441920e+01,1.2746739468887307e+01,2.360386e-04,1.020e-13,1.947e-12,8.093e-199,2.074e-163
2.0,0.02858898329,1.2421731059125245e+01,1.2421429751913468e+01,3.013072e-04,9.591e-14,1.894e-12,2.253e-204,6.049e-159
2.0,0.02938561374,1.2105298603815223e+01,1.2104916663626422e+01,3.819402e-04,9.480e-14,1.843e-12,4.393e-210,1.335e-154
2.0,0.03020444227,1.1797442022532509e+01,1.1796961157999188e+01,4.808645e-04,9.337e-14,1.793e-12,5.939e-216,2.246e-150
2.0,0.0310460874,1.1497932067527753e+01,1.1497330655983772e+01,6.014115e-04,8.541e-14,1.744e-12,5.513e-222,2.901e-146
2.0,0.03191118493,1.1206546213498067e+01,1.1205798869941294e+01,7.473436e-04,8.403e-14,1.697e-12,3.476e-228,2.898e-142
2.0,0.03280038836,1.0923068510482842e+01,1.0922145632830102e+01,9.228777e-04,8.492e-14,1.651e-12,1.473e-234,2.254e-138
2.0,0.03371436939,1.0647289437464893e+01,1.0646156732022924e+01,1.132705e-03,8.279e-14,1.606e-12,4.147e-241,1.375e-134
2.0,0.03465381845,1.0379005755717706e+01,1.0377623747627812e+01,1.382008e-03,7.458e-14,1.562e-12,7.672e-248,6.619e-131
2.0,0.03561944521,1.0118020360978589e+01,1.0116343895190882e+01,1.676466e-03,7.933e-14,1.520e-12,9.217e-255,2.531e-127
2.0,0.0366119791,9.8641421335911232e+00,9.8621198726623351e+00,2.022261e-03,7.710e-14,1.478e-12,7.105e-262,7.736e-124
2.0,0.0376321699,9.6171857858478393e+00,9.6147597115102776e+00,2.426074e-03,7.488e-14,1.438e-12,3.471e-269,1.901e-120
2.0,0.03868078826,9.3769717058734035e+00,9.3740766318701727e+00,2.895074e-03,7.177e-14,1.399e-12,1.061e-276,3.780e-117
2.0,0.03975862631,9.1433257975183349e+00,9.1398889016206812e+00,3.436896e-03,6.836e-14,1.360e-12,2.002e-284,6.116e-114
2.0,0.04086649826,8.9160793158793190e+00,8.9120196992797176e+00,4.059617e-03,6.557e-14,1.323e-12,2.303e-292,8.094e-111
2.0,0.04200524101,8.6950686982212417e+00,8.6902969806173402e+00,4.771718e-03,6.382e-14,1.287e-12,1.592e-300,8.813e-108
2.0,0.04317571475,8.4801353902439569e+00,8.4745533488850278e+00,5.582041e-03,6.107e-14,1.251e-12,6.521e-309,7.935e-105
2.0,0.04437880369,8.2711256678086116e+00,8.2646259285634756e+00,6.499739e-03,5.994e-14,1.216e-12,1.560e-317,5.939e-102
2.0,0.04561541663,8.0678904544099339e+00,8.0603562425338637e+00,7.534212e-03,6.085e-14,1.183e-12,0.000e+00,3.714e-99
2.0,0.04688648772,7.8702851348472178e+00,7.8615900925800588e+00,8.695042e-03,5.829e-14,1.150e-12,0.000e+00,1.949e-96
2.0,0.04819297714,7.6781693657035657e+00,7.6681774431316772e+00,9.991923e-03,5.652e-14,1.118e-12,0.000e+00,8.632e-94
2.0,0.04953587182,7.4914068833864169e+00,7.4799723081605505e+00,1.143458e-02,5.222e-14,1.086e-12,0.000e+00,3.239e-91
2.0,0.05091618618,7.3098653106087017e+00,7.2968326411453539e+00,1.303267e-02,5.136e-14,1.056e-12,0.000e+00,1.035e-88
2.0,0.05233496293,7.1334159622963220e+00,7.1186202280215518e+00,1.479573e-02,4.880e-14,1.026e-12,0.000e+00,2.825e-86
2.0,0.05379327381,6.9619336519921555e+00,6.9452005830361294e+00,1.673307e-02,4.873e-14,9.970e-13,0.000e+00,6.624e-84
2.0,0.05529222045,6.7952964998871384e+00,6.7764428474286156e+00,1.885365e-02,4.842e-14,9.687e-13,0.000e+00,1.339e-81
2.0,0.05683293515,6.6333857436456594e+00,6.6122196908622310e+00,2.116605e-02,4.868e-14,9.411e-13,0.000e+00,2.343e-79
2.0,0.05841658179,6.4760855532042969e+00,6.4524072155309398e+00,2.367834e-02,4.406e-14,9.141e-13,0.000e+00,3.562e-77
2.0,0.06004435665,6.3232828507115393e+00,6.2968848628702414e+00,2.639799e-02,4.228e-14,8.878e-13,0.000e+00,4.725e-75
2.0,0.06171748937,6.1748671367423240e+00,6.1455353228015506e+00,2.933181e-02,4.070e-14,8.622e-13,0.000e+00,5.487e-73
2.0,0.06343724384,6.0307303238673065e+00,5.9982444454418600e+00,3.248588e-02,3.933e-14,8.372e-13,0.000e+00,5.599e-71
2.0,0.06520491918,5.8907665785847234e+00,5.8549011552122883e+00,3.586542e-02,3.728e-14,8.129e-13,0.000e+00,5.038e-69
2.0,0.06702185069,5.7548721725355625e+00,5.7153973672809313e+00,3.947481e-02,3.705e-14,7.891e-13,0.000e+00,4.012e-67
2.0,0.0688894109,5.6229453438229715e+00,5.5796279062771470e+00,4.331744e-02,3.461e-14,7.660e-13,0.000e+00,2.835e-65
2.0,0.07080901057,5.4948861691477431e+00,5.4474904272161968e+00,4.739574e-02,3.544e-14,7.434e-13,0.000e+00,1.785e-63
2.0,0.07278209978,5.3705964473555632e+00,5.3188853385747663e+00,5.171111e-02,3.486e-14,7.214e-13,0.000e+00,1.004e-61
2.0,0.07481016902,5.2499795948717374e+00,5.1937157274595194e+00,5.626387e-02,3.413e-14,7.000e-13,0.000e+00,5.060e-60
2.0,0.0768947503,5.1329405533771411e+00,5.0718872868125091e+00,6.105327e-02,3.049e-14,6.792e-13,0.000e+00,2.292e-58
2.0,0.07903741831,5.0193857099572847e+00,4.9533082445986354e+00,6.607747e-02,3.111e-14,6.589e-13,0.000e+00,9.360e-57
2.0,0.08123979166,4.9092228298363008e+00,4.8378892949220056e+00,7.133353e-02,2.752e-14,6.392e-13,0.000e+00,3.455e-55
2.0,0.08350353402,4.8023610016903016e+00,4.7255435310194089e+00,7.681747e-02,2.905e-14,6.200e-13,0.000e+00,1.156e-53
2.0,0.08583035543,4.6987105954202955e+00,4.6161863800805332e+00,8.252422e-02,2.663e-14,6.014e-13,0.000e+00,3.516e-52
2.0,0.0882220136,4.5981832321547333e+00,4.5097355398459680e+00,8.844769e-02,2.565e-14,5.833e-13,0.000e+00,9.744e-51
2.0,0.09068031519,4.5006917661446391e+00,4.4061109169353694e+00,9.458085e-02,2.610e-14,5.657e-13,0.000e+00,2.467e-49
2.0,0.09320711722,4.4061502781108288e+00,4.3052345668594016e+00,1.009157e-01,2.431e-14,5.486e-13,0.000e+00,5.718e-48
2.0,0.09580432845,4.3144740795020065e+00,4.2070306356704226e+00,1.074434e-01,2.372e-14,5.320e-13,0.000e+00,1.217e-46
2.0,0.09847391083,4.2255797270242184e+00,4.1114253032080610e+00,1.141544e-01,2.383e-14,5.159e-13,0.000e+00,2.382e-45
2.0,0.101217881,4.1393850467061837e+00,4.0183467278970291e+00,1.210383e-01,2.263e-14,5.003e-13,0.000e+00,4.301e-44
2.0,0.1040383117,4.0558091666711622e+00,3.9277249930557105e+00,1.280842e-01,2.087e-14,4.852e-13,0.000e+00,7.176e-43
2.0,0.1069373336,3.9747725576946400e+00,3.8394920546751421e+00,1.352805e-01,2.146e-14,4.706e-13,0.000e+00,1.109e-41
2.0,0.1099171365,3.8961970805390838e+00,3.7535816906291939e+00,1.426154e-01,2.101e-14,4.564e-13,0.000e+00,1.590e-40
2.0,0.1129799716,3.8200060389732147e+00,3.6699294512777092e+00,1.500766e-01,1.946e-14,4.427e-13,0.000e+00,2.121e-39
2.0,0.1161281523,3.7461242373055810e+00,3.5884726114255332e+00,1.576516e-01,2.012e-14,4.294e-13,0.000e+00,2.636e-38
2.0,0.1193640569,3.6744780411923910e+00,3.5091501236012581e+00,1.653279e-01,1.865e-14,4.166e-13,0.000e+00,3.059e-37
2.0,0.1226901298,3.6049954404202871e+00,3.4319025726205883e+00,1.730929e-01,1.837e-14,4.042e-13,0.000e+00,3.319e-36
2.0,0.1261088836,3.5376061123180866e+00,3.3566721314001366e+00,1.809340e-01,1.732e-14,3.922e-13,0.000e+00,3.375e-35
2.0,0.1296229008,3.4722414844206293e+00,3.2834025179883879e+00,1.888390e-01,1.610e-14,3.807e-13,0.000e+00,3.222e-34
2.0,0.1332348358,3.4088347949950051e+00,3.2120389537815446e+00,1.967958e-01,1.513e-14,3.695e-13,0.000e+00,2.891e-33
2.0,0.1369474172,3.3473211500469922e+00,3.1425281228927382e+00,2.047930e-01,1.563e-14,3.587e-13,0.000e+00,2.444e-32
2.0,0.1407634495,3.2876375754557201e+00,3.0748181326440602e+00,2.128194e-01,1.468e-14,3.483e-13,0.000e+00,1.949e-31
2.0,0.1446858154,3.2297230629385534e+00,3.0088584751516243e+00,2.208646e-01,1.352e-14,3.382e-13,0.000e+00,1.468e-30
2.0,0.1487174777,3.1735186086269729e+00,2.9445999899747211e+00,2.289186e-01,1.316e-14,3.285e-13,0.000e+00,1.047e-29
2.0,0.1528614821,3.1189672431378752e+00,2.8819948278008924e+00,2.369724e-01,1.271e-14,3.191e-13,0.000e+00,7.075e-29
2.0,0.157120959,3.0660140521524788e+00,2.8209964151395477e+00,2.450176e-01,1.238e-14,3.101e-13,0.000e+00,4.538e-28
2.0,0.1614991259,3.0146061866653553e+00,2.7615594199974716e+00,2.530468e-01,1.288e-14,3.013e-13,0.000e+00,2.766e-27
2.0,0.1659992902,2.9646928622367481e+00,2.7036397185102921e+00,2.610531e-01,1.266e-14,2.929e-13,0.000e+00,1.605e-26
2.0,0.1706248514,2.9162253467692656e+00,2.6471943625047176e+00,2.690310e-01,1.149e-14,2.847e-13,0.000e+00,8.874e-26
2.0,0.1753793036,2.8691569365313985e+00,2.5921815479669936e+00,2.769754e-01,1.121e-14,2.769e-13,0.000e+00,4.682e-25
2.0,0.1802662383,2.8234429203611442e+00,2.5385605843937533e+00,2.848823e-01,1.127e-14,2.692e-13,0.000e+00,2.361e-24
2.0,0.1852893472,2.7790405321985143e+00,2.4862918650020314e+00,2.927487e-01,1.016e-14,2.619e-13,0.000e+00,1.139e-23
2.0,0.1904524247,2.7359088923112265e+00,2.4353368377758775e+00,3.005721e-01,8.826e-15,2.548e-13,0.000e+00,5.260e-23
2.0,0.1957593711,2.6940089377885039e+00,2.3856579773276234e+00,3.083510e-01,1.038e-14,2.479e-13,0.000e+00,2.330e-22
2.0,0.2012141953,2.6533033430788877e+00,2.3372187575524337e+00,3.160846e-01,9.936e-15,2.412e-13,0.000e+00,9.911e-22
2.0,0.2068210179,2.6137564315348913e+00,2.2899836250553767e+00,3.237728e-01,9.492e-15,2.347e-13,0.000e+00,4.051e-21
2.0,0.2125840742,2.5753340790958545e+00,2.2439179733308077e+00,3.314161e-01,9.159e-15,2.285e-13,0.000e+00,1.593e-20
2.0,0.2185077179,2.5380036113871380e+00,2.1989881176744093e+00,3.390155e-01,9.603e-15,2.224e-13,0.000e+00,6.035e-20
2.0,0.2245964235,2.5017336956354956e+00,2.1551612708087777e+00,3.465724e-01,8.715e-15,2.165e-13,0.000e+00,2.204e-19
2.0,0.2308547906,2.4664942288947374e+00,2.1124055192039535e+00,3.540887e-01,8.327e-15,2.108e-13,0.000e+00,7.766e-19
2.0,0.2372875467,2.4322562241408061e+00,2.0706898000748266e+00,3.615664e-01,9.048e-15,2.053e-13,0.000e+00,2.644e-18
2.0,0.2438995512,2.3989916958299906e+00,2.0299838790378146e+00,3.690078e-01,9.326e-15,1.999e-13,0.000e+00,8.702e-18
2.0,0.2506957989,2.3666735465176769e+00,1.9902583284097073e+00,3.764152e-01,7.938e-15,1.947e-13,0.000e+00,2.772e-17
2.0,0.2576814237,2.3352754561079507e+00,1.9514845061320425e+00,3.837909e-01,8.604e-15,1.897e-13,0.000e+00,8.553e-17
2.0,0.2648617025,2.3047717752472323e+00,1.9136345353048361e+00,3.911372e-01,9.215e-15,1.848e-13,0.000e+00,2.558e-16
2.0,0.2722420593,2.2751374242893094e+00,1.8766812843139113e+00,3.984561e-01,7.772e-15,1.800e-13,0.000e+00,7.425e-16
2.0,0.2798280694,2.2463477991463785e+00,1.8405983475365282e+00,4.057495e-01,7.494e-15,1.754e-13,0.000e+00,2.093e-15
2.0,0.2876254633,2.2183786852034326e+00,1.8053600266104231e+00,4.130187e-01,8.271e-15,1.709e-13,0.000e+00,5.732e-15
2.0,0.2956401311,2.1912061803142726e+00,1.7709413122517801e+00,4.202649e-01,7.327e-15,1.666e-13,0.000e+00,1.527e-14
2.0,0.3038781273,2.1648066277197255e+00,1.7373178666080376e+00,4.274888e-01,8.271e-15,1.624e-13,0.000e+00,3.959e-14
2.0,0.3123456747,2.1391565595358752e+00,1.7044660061318424e+00,4.346906e-01,8.771e-15,1.583e-13,0.000e+00,9.999e-14
2.0,0.3210491698,2.1142326512561849e+00,1.6723626849628193e+00,4.418700e-01,1.282e-14,1.544e-13,0.000e+00,2.461e-13
2.0,0.3299951874,2.0900116875002315e+00,1.6409854788041929e+00,4.490262e-01,1.954e-14,1.506e-13,0.000e+00,5.910e-13
2.0,0.3391904853,2.0664705390279829e+00,1.6103125692816511e+00,4.561580e-01,3.558e-14,1.469e-13,0.000e+00,1.385e-12
2.0,0.3486420097,2.0435861508262549e+00,1.5803227287721813e+00,4.632634e-01,7.433e-14,1.434e-13,0.000e+00,3.171e-12
2.0,0.3583569002,2.0213355408679954e+00,1.5509953056909507e+00,4.703402e-01,1.614e-13,1.400e-13,0.000e+00,7.093e-12
2.0,0.3683424957,1.9996958089495505e+00,1.5223102102245958e+00,4.773856e-01,3.564e-13,1.367e-13,0.000e+00,1.552e-11
2.0,0.3786063392,1.9786441548305513e+00,1.4942479004996339e+00,4.843963e-01,7.790e-13,1.336e-13,0.000e+00,3.322e-11
2.0,0.3891561842,1.9581579047394966e+00,1.4667893691749794e+00,4.913685e-01,1.678e-12,1.306e-13,0.000e+00,6.962e-11
2.0,0.4,1.9382145451691690e+00,1.4399161304478609e+00,4.982984e-01,3.548e-12,1.277e-13,0.000e+00,1.429e-10
2.4,0.0025,1.3410968884407310e+02,1.3410968884407197e+02,9.683317e-31,1.137e-12,2.161e-11,9.712e-17,0.000e+00
2.4,0.002559099,1.3103049865377039e+02,1.3103049865376929e+02,4.989752e-30,1.108e-12,2.111e-11,3.574e-17,0.000e+00
2.4,0.002619595078,1.2802241671780303e+02,1.2802241671780189e+02,2.474983e-29,1.137e-12,2.062e-11,1.286e-17,0.000e+00
2.4,0.002681521258,1.2508380084860951e+02,1.2508380084860842e+02,1.182733e-28,1.094e-12,2.014e-11,4.521e-18,0.000e+00
2.4,0.002744911348,1.2221304678192121e+02,1.2221304678192014e+02,5.449990e-28,1.066e-12,1.968e-11,1.552e-18,0.000e+00
2.4,0.002809799955,1.1940858730095512e+02,1.1940858730095407e+02,2.423619e-27,1.052e-12,1.922e-11,5.203e-19,0.000e+00
2.4,0.002876222502,1.1666889138083155e+02,1.1666889138083056e+02,1.040997e-26,9.948e-13,1.878e-11,1.701e-19,0.000e+00
2.4,0.002944215252,1.1399246335274935e+02,1.1399246335274835e+02,4.322139e-26,1.009e-12,1.835e-11,5.422e-20,0.000e+00
2.4,0.003013815324,1.1137784208746315e+02,1.1137784208746220e+02,1.736013e-25,9.521e-13,1.792e-11,1.684e-20,0.000e+00
2.4,0.003085060713,1.0882360019761775e+02,1.0882360019761680e+02,6.750635e-25,9.521e-13,1.751e-11,5.092e-21,0.000e+00
2.4,0.003157990315,1.0632834325850091e+02,1.0632834325849998e+02,2.543304e-24,9.237e-13,1.711e-11,1.498e-21,0.000e+00
2.4,0.003232643943,1.0389070904679343e+02,1.0389070904679252e+02,9.290328e-24,9.095e-13,1.671e-11,4.288e-22,0.000e+00
2.4,0.003309062353,1.0150936679689760e+02,1.0150936679689670e+02,3.292707e-23,8.953e-13,1.632e-11,1.192e-22,0.000e+00
2.4,0.003387287264,9.9183016474440038e+01,9.9183016474439128e+01,1.133097e-22,9.095e-13,1.595e-11,3.220e-23,0.000e+00
2.4,0.003467361381,9.6910388066550368e+01,9.6910388066549530e+01,3.788513e-22,8.384e-13,1.558e-11,8.441e-24,0.000e+00
2.4,0.003549328418,9.4690240888530752e+01,9.4690240888529914e+01,1.231536e-21,8.384e-13,1.522e-11,2.145e-24,0.000e+00
2.4,0.003633233122,9.2521362906535984e+01,9.2521362906535188e+01,3.894795e-21,7.958e-13,1.487e-11,5.284e-25,0.000e+00
2.4,0.003719121301,9.0402570075894118e+01,9.0402570075893308e+01,1.199104e-20,8.100e-13,1.453e-11,1.260e-25,0.000e+00
2.4,0.003807039841,8.8332705694708295e+01,8.8332705694707542e+01,3.596109e-20,7.532e-13,1.419e-11,2.908e-26,0.000e+00
2.4,0.003897036741,8.6310639772385287e+01,8.6310639772384533e+01,1.051178e-19,7.532e-13,1.386e-11,6.488e-27,0.000e+00
2.4,0.003989161131,8.4335268412746018e+01,8.4335268412745265e+01,2.996705e-19,7.532e-13,1.354e-11,1.398e-27,0.000e+00
2.4,0.004083463305,8.2405513211382271e+01,8.2405513211381574e+01,8.336568e-19,6.963e-13,1.323e-11,2.908e-28,0.000e+00
2.4,0.004179994745,8.0520320666930360e+01,8.0520320666929663e+01,2.264391e-18,6.963e-13,1.293e-11,5.833e-29,0.000e+00
2.4,0.00427880815,7.8678661605938856e+01,7.8678661605938188e+01,6.008638e-18,6.679e-13,1.263e-11,1.127e-29,0.000e+00
2.4,0.004379957463,7.6879530621019043e+01,7.6879530621018347e+01,1.558459e-17,6.963e-13,1.234e-11,2.097e-30,0.000e+00
2.4,0.004483497907,7.5121945521969039e+01,7.5121945521968399e+01,3.953102e-17,6.394e-13,1.205e-11,3.753e-31,0.000e+00
2.4,0.004589486004,7.3404946799572997e+01,7.3404946799572329e+01,9.811322e-17,6.678e-13,1.178e-11,6.453e-32,0.000e+00
2.4,0.004697979618,7.1727597101782663e+01,7.1727597101782052e+01,2.383868e-16,6.108e-13,1.150e-11,1.065e-32,0.000e+00
2.4,0.004809037978,7.0088980721995057e+01,7.0088980721994460e+01,5.673033e-16,5.963e-13,1.124e-11,1.686e-33,0.000e+00
2.4,0.004922721713,6.8488203099147398e+01,6.8488203099146801e+01,1.322925e-15,5.955e-13,1.098e-11,2.556e-34,0.000e+00
2.4,0.005039092886,6.6924390329355020e+01,6.6924390329354424e+01,3.024442e-15,5.938e-13,1.073e-11,3.709e-35,0.000e+00
2.4,0.005158215027,6.5396688688828078e+01,6.5396688688827496e+01,6.781791e-15,5.759e-13,1.048e-11,5.146e-36,0.000e+00
2.4,0.005280153168,6.3904264167803824e+01,6.3904264167803234e+01,1.492199e-14,5.748e-13,1.024e-11,6.818e-37,0.000e+00
2.4,0.005404973878,6.2446302015242225e+01,6.2446302015241642e+01,3.223164e-14,5.504e-13,1.000e-11,8.618e-38,0.000e+00
2.4,0.005532745299,6.1022006294035180e+01,6.1022006294034590e+01,6.837482e-14,5.214e-13,9.771e-12,1.038e-38,0.000e+00
2.4,0.005663537186,5.9630599446487153e+01,5.9630599446486492e+01,1.425114e-13,5.183e-13,9.546e-12,1.190e-39,0.000e+00
2.4,0.00579742094,5.8271321869829052e+01,5.8271321869828256e+01,2.919573e-13,5.039e-13,9.326e-12,1.296e-40,0.000e+00
2.4,0.005934469654,5.6943431501534960e+01,5.6943431501533858e+01,5.881366e-13,5.132e-13,9.111e-12,1.341e-41,0.000e+00
2.4,0.006074758143,5.5646203414214597e+01,5.5646203414212941e+01,1.165454e-12,4.901e-13,8.901e-12,1.316e-42,0.000e+00
2.4,0.006218362997,5.4378929419859858e+01,5.4378929419857116e+01,2.272662e-12,4.700e-13,8.696e-12,1.223e-43,0.000e+00
2.4,0.006365362612,5.3140917683230619e+01,5.3140917683225780e+01,4.362734e-12,4.761e-13,8.495e-12,1.075e-44,0.000e+00
2.4,0.006515837239,5.1931492344168014e+01,5.1931492344159302e+01,8.247530e-12,4.637e-13,8.300e-12,8.923e-46,0.000e+00
2.4,0.006669869026,5.0749993148628768e+01,5.0749993148612965e+01,1.535976e-11,4.427e-13,8.108e-12,6.988e-47,0.000e+00
2.4,0.006827542063,4.9595775088240089e+01,4.9595775088211454e+01,2.818967e-11,4.452e-13,7.921e-12,5.156e-48,0.000e+00
2.4,0.006988942427,4.8468208048177978e+01,4.8468208048126520e+01,5.100208e-11,4.554e-13,7.739e-12,3.579e-49,0.000e+00
2.4,0.007154158232,4.7366676463176439e+01,4.7366676463085021e+01,9.099577e-11,4.227e-13,7.560e-12,2.333e-50,0.000e+00
2.4,0.007323279672,4.6290578981481190e+01,4.6290578981320635e+01,1.601511e-10,4.031e-13,7.386e-12,1.426e-51,0.000e+00
2.4,0.007496399075,4.5239328136563543e+01,4.5239328136285010e+01,2.781320e-10,4.007e-13,7.216e-12,8.168e-53,0.000e+00
2.4,0.007673610952,4.4212350026416921e+01,4.4212350025939735e+01,4.767800e-10,4.063e-13,7.050e-12,4.373e-54,0.000e+00
2.4,0.007855012047,4.3209084000260439e+01,4.3209083999453085e+01,8.069775e-10,3.767e-13,6.887e-12,2.186e-55,0.000e+00
2.4,0.008040701391,4.2228982352481232e+01,4.2228982351131869e+01,1.348990e-09,3.729e-13,6.728e-12,1.018e-56,0.000e+00
2.4,0.008230780357,4.1271510023648226e+01,4.1271510021420013e+01,2.227845e-09,3.678e-13,6.573e-12,4.414e-58,0.000e+00
2.4,0.008425352714,4.0336144308437838e+01,4.0336144304801586e+01,3.635894e-09,3.581e-13,6.422e-12,1.777e-59,0.000e+00
2.4,0.008624524683,3.9422374570314098e+01,3.9422374564448219e+01,5.865523e-09,3.550e-13,6.273e-12,6.635e-61,0.000e+00
2.4,0.008828404998,3.8529701962811934e+01,3.8529701953455650e+01,9.355946e-09,3.388e-13,6.129e-12,2.293e-62,0.000e+00
2.4,0.009037104963,3.7657639157276151e+01,3.7657639142516466e+01,1.475936e-08,3.272e-13,5.987e-12,7.320e-64,0.000e+00
2.4,0.009250738511,3.6805710076915112e+01,3.6805710053881448e+01,2.303334e-08,3.236e-13,5.849e-12,2.155e-65,0.000e+00
2.4,0.00946942227,3.5973449637032004e+01,3.5973449601463287e+01,3.556840e-08,3.146e-13,5.714e-12,5.840e-67,0.000e+00
2.4,0.009693275626,3.5160403491303668e+01,3.5160403436941344e+01,5.436202e-08,3.042e-13,5.582e-12,1.454e-68,0.000e+00
2.4,0.009922420787,3.4366127783982513e+01,3.4366127701728786e+01,8.225341e-08,3.139e-13,5.454e-12,3.317e-70,0.000e+00
2.4,0.01015698285,3.3590188907903865e+01,3.3590188784666793e+01,1.232368e-07,2.892e-13,5.328e-12,6.924e-72,0.000e+00
2.4,0.01039708986,3.2832163268187834e+01,3.2832163085312899e+01,1.828746e-07,2.955e-13,5.205e-12,1.320e-73,0.000e+00
2.4,0.01064287291,3.2091637051533148e+01,3.2091636782695474e+01,2.688374e-07,2.853e-13,5.085e-12,2.291e-75,0.000e+00
2.4,0.01089446617,3.1368206001007536e+01,3.1368205609406942e+01,3.916003e-07,2.785e-13,4.967e-12,3.616e-77,0.000e+00
2.4,0.01115200699,3.0661475196247945e+01,3.0661474630913130e+01,5.653345e-07,2.697e-13,4.852e-12,5.175e-79,0.000e+00
2.4,0.01141563598,2.9971058838992565e+01,2.9971058029957945e+01,8.090344e-07,2.581e-13,4.740e-12,6.702e-81,0.000e+00
2.4,0.01168549705,2.9296580043875419e+01,2.9296578895945938e+01,1.147929e-06,2.571e-13,4.631e-12,7.835e-83,0.000e+00
2.4,0.01196173753,2.8637670634422701e+01,2.8637669019187584e+01,1.615235e-06,2.544e-13,4.524e-12,8.248e-85,0.000e+00
2.4,0.01224450822,2.7993970944198917e+01,2.7993968689895038e+01,2.254304e-06,2.420e-13,4.419e-12,7.799e-87,0.000e+00
2.4,0.0125339635,2.7365129623058628e+01,2.7365126501818736e+01,3.121240e-06,2.393e-13,4.317e-12,6.608e-89,0.000e+00
2.4,0.01283026138,2.6750803448466474e+01,2.6750799160417547e+01,4.288049e-06,2.348e-13,4.217e-12,5.004e-91,0.000e+00
2.4,0.01313356363,2.6150657141854428e+01,2.6150651295457777e+01,5.846396e-06,2.210e-13,4.120e-12,3.377e-93,0.000e+00
2.4,0.01344403582,2.5564363189989393e+01,2.5564355277938873e+01,7.912050e-06,2.328e-13,4.025e-12,2.026e-95,0.000e+00
2.4,0.01376184746,2.4991601671326364e+01,2.4991591041245755e+01,1.063008e-05,2.286e-13,3.932e-12,1.077e-97,0.000e+00
2.4,0.01408717203,2.4432060087323084e+01,2.4432045906430123e+01,1.418089e-05,2.074e-13,3.841e-12,5.063e-100,0.000e+00
2.4,0.01442018714,2.3885433198689228e+01,2.3885414411525620e+01,1.878716e-05,2.038e-13,3.752e-12,2.097e-102,1.857e-316
2.4,0.0147610746,2.3351422866537593e+01,2.3351398144803468e+01,2.472173e-05,2.132e-13,3.665e-12,7.634e-105,4.075e-309
2.4,0.0151100205,2.2829737898396594e+01,2.2829705581877636e+01,3.231652e-05,1.917e-13,3.580e-12,2.434e-107,6.050e-302
2.4,0.01546721534,2.2320093899031221e+01,2.2320051926570557e+01,4.197246e-05,1.854e-13,3.497e-12,6.778e-110,6.133e-295
2.4,0.01583285413,2.1822213126004332e+01,2.1822158955452906e+01,5.417055e-05,1.890e-13,3.416e-12,1.643e-112,4.282e-288
2.4,0.01620713647,2.1335824349891446e+01,2.1335754865971975e+01,6.948392e-05,1.911e-13,3.337e-12,3.455e-115,2.077e-281
2.4,0.0165902667,2.0860662719041027e+01,2.0860574128086334e+01,8.859095e-05,1.696e-13,3.260e-12,6.283e-118,7.058e-275
2.4,0.01698245397,2.0396469628747209e+01,2.0396357339325540e+01,1.122894e-04,1.748e-13,3.184e-12,9.847e-121,1.694e-268
2.4,0.01738391239,1.9942992594674848e+01,1.9942851083195769e+01,1.415115e-04,1.768e-13,3.111e-12,1.325e-123,2.896e-262
2.4,0.01779486113,1.9499985130349060e+01,1.9499807790854284e+01,1.773395e-04,1.730e-13,3.038e-12,1.526e-126,3.554e-256
2.4,0.01821552453,1.9067206628490290e+01,1.9066985605977059e+01,2.210225e-04,1.649e-13,2.968e-12,1.498e-129,3.153e-250
2.4,0.01864613225,1.8644422245946586e+01,1.8644148252745929e+01,2.739932e-04,1.569e-13,2.899e-12,1.249e-132,2.039e-244
2.4,0.01908691936,1.8231402791944756e+01,1.8231064906883226e+01,3.378851e-04,1.527e-13,2.832e-12,8.809e-136,9.674e-239
2.4,0.0195381265,1.7827924619353684e+01,1.7827510069663507e+01,4.145497e-04,1.510e-13,2.766e-12,5.236e-139,3.394e-233
2.4,0.02,1.7433769518627219e+01,1.7433263444833639e+01,5.060738e-04,1.399e-13,2.702e-12,2.612e-142,8.863e-228
2.4,0.02055729891,1.6981768403148038e+01,1.6981132464256756e+01,6.359389e-04,1.548e-13,2.628e-12,2.710e-146,1.444e-221
2.4,0.02113012692,1.6542035994290533e+01,1.6541242100331289e+01,7.938940e-04,1.455e-13,2.557e-12,2.178e-150,1.595e-215
2.4,0.02171891675,1.6114244849244265e+01,1.6113260084540631e+01,9.847647e-04,1.398e-13,2.487e-12,1.347e-154,1.208e-209
2.4,0.02232411318,1.5698077094607950e+01,1.5696863145425832e+01,1.213949e-03,1.335e-13,2.419e-12,6.363e-159,6.335e-204
2.4,0.02294617338,1.5293224205449231e+01,1.5291736764455669e+01,1.487441e-03,1.288e-13,2.353e-12,2.278e-163,2.324e-198
2.4,0.02358556724,1.4899386784828415e+01,1.4897574938512113e+01,1.811846e-03,1.270e-13,2.288e-12,6.135e-168,6.023e-193
2.4,0.02424277779,1.4516274342636541e+01,1.4514079948811869e+01,2.194394e-03,1.238e-13,2.225e-12,1.233e-172,1.113e-187
2.4,0.02491830147,1.4143605072685727e+01,1.4140962136089618e+01,2.642937e-03,1.227e-13,2.164e-12,1.834e-177,1.479e-182
2.4,0.02561264858,1.3781105627105951e+01,1.3777939681873208e+01,3.165945e-03,1.154e-13,2.105e-12,2.003e-182,1.428e-177
2.4,0.02632634363,1.3428510887245825e+01,1.3424738395685750e+01,3.772492e-03,1.146e-13,2.047e-12,1.591e-187,1.009e-172
2.4,0.02705992576,1.3085563730441383e+01,1.3081091508014083e+01,4.472222e-03,1.062e-13,1.991e-12,9.118e-193,5.267e-168
2.4,0.02781394911,1.2752014792203122e+01,1.2746739468887307e+01,5.275323e-03,1.080e-13,1.936e-12,3.734e-198,2.047e-163
2.4,0.02858898329,1.2427622223571802e+01,1.2421429751913468e+01,6.192472e-03,1.062e-13,1.882e-12,1.083e-203,5.973e-159
2.4,0.02938561374,1.2112151443603604e+01,1.2104916663626422e+01,7.234780e-03,1.016e-13,1.830e-12,2.202e-209,1.318e-154
2.4,0.03020444227,1.1805374887158369e+01,1.1796961157999188e+01,8.413729e-03,1.010e-13,1.779e-12,3.110e-215,2.217e-150
2.4,0.0310460874,1.1507071748375736e+01,1.1497330655983772e+01,9.741092e-03,9.539e-14,1.729e-12,3.019e-221,2.864e-146
2.4,0.03191118493,1.1217027720427243e+01,1.1205798869941294e+01,1.122885e-02,8.997e-14,1.681e-12,1.993e-227,2.861e-142
2.4,0.03280038836,1.0935034732322398e+01,1.0922145632830102e+01,1.288910e-02,9.122e-14,1.634e-12,8.852e-234,2.226e-138
2.4,0.03371436939,1.0660890683718584e+01,1.0646156732022924e+01,1.473395e-02,9.024e-14,1.588e-12,2.617e-240,1.357e-134
2.4,0.03465381845,1.0394399178834426e+01,1.0377623747627812e+01,1.677543e-02,8.408e-14,1.543e-12,5.091e-247,6.535e-131
2.4,0.03561944521,1.0135369260689943e+01,1.0116343895190882e+01,1.902537e-02,8.857e-14,1.499e-12,6.440e-254,2.499e-127
2.4,0.0366119791,9.8836151469925380e+00,9.8621198726623351e+00,2.149527e-02,8.406e-14,1.457e-12,5.236e-261,7.637e-124
2.4,0.0376321699,9.6389559690535194e+00,9.6147597115102776e+00,2.419626e-02,8.126e-14,1.415e-12,2.701e-268,1.877e-120
2.4,0.03868078826,9.4012155151544210e+00,9.3740766318701727e+00,2.713888e-02,7.780e-14,1.374e-12,8.736e-276,3.732e-117
2.4,0.03975862631,9.1702219797867617e+00,9.1398889016206812e+00,3.033308e-02,7.514e-14,1.335e-12,1.747e-283,6.038e-114
2.4,0.04086649826,8.9458077201631152e+00,8.9120196992797176e+00,3.378802e-02,7.500e-14,1.296e-12,2.134e-291,7.991e-111
2.4,0.04200524101,8.7278090213436617e+00,8.6902969806173402e+00,3.751204e-02,7.308e-14,1.259e-12,1.568e-299,8.701e-108
2.4,0.04317571475,8.5160658712430877e+00,8.4745533488850278e+00,4.151252e-02,6.808e-14,1.222e-12,6.842e-308,7.834e-105
2.4,0.04437880369,8.3104217466802304e+00,8.2646259285634756e+00,4.579582e-02,6.731e-14,1.186e-12,1.746e-316,5.864e-102
2.4,0.04561541663,8.1107234115111311e+00,8.0603562425338637e+00,5.036717e-02,6.578e-14,1.152e-12,0.000e+00,3.666e-99
2.4,0.04688648772,7.9168207277482487e+00,7.8615900925800588e+00,5.523064e-02,6.312e-14,1.118e-12,0.000e+00,1.925e-96
2.4,0.04819297714,7.7285664804181398e+00,7.6681774431316772e+00,6.038904e-02,6.050e-14,1.085e-12,0.000e+00,8.523e-94
2.4,0.04953587182,7.5458162167512430e+00,7.4799723081605505e+00,6.584391e-02,5.845e-14,1.052e-12,0.000e+00,3.198e-91
2.4,0.05091618618,7.3684281001333440e+00,7.2968326411453539e+00,7.159546e-02,5.519e-14,1.021e-12,0.000e+00,1.021e-88
2.4,0.05233496293,7.1962627790829776e+00,7.1186202280215518e+00,7.764255e-02,5.373e-14,9.905e-13,0.000e+00,2.789e-86
2.4,0.05379327381,7.0291832713553744e+00,6.9452005830361294e+00,8.398269e-02,5.103e-14,9.607e-13,0.000e+00,6.540e-84
2.4,0.05529222045,6.8670548631144337e+00,6.7764428474286156e+00,9.061202e-02,5.293e-14,9.318e-13,0.000e+00,1.322e-81
2.4,0.05683293515,6.7097450229624878e+00,6.6122196908622310e+00,9.752533e-02,5.189e-14,9.036e-13,0.000e+00,2.313e-79
2.4,0.05841658179,6.5571233304752603e+00,6.4524072155309398e+00,1.047161e-01,4.677e-14,8.762e-13,0.000e+00,3.517e-77
2.4,0.06004435665,6.4090614187582551e+00,6.2968848628702414e+00,1.121766e-01,4.478e-14,8.496e-13,0.000e+00,4.665e-75
2.4,0.06171748937,6.2654329304225822e+00,6.1455353228015506e+00,1.198976e-01,4.330e-14,8.237e-13,0.000e+00,5.417e-73
2.4,0.06343724384,6.1261134862737601e+00,5.9982444454418600e+00,1.278690e-01,4.335e-14,7.985e-13,0.000e+00,5.528e-71
2.4,0.06520491918,5.9909806659171130e+00,5.8549011552122883e+00,1.360795e-01,4.183e-14,7.741e-13,0.000e+00,4.974e-69
2.4,0.06702185069,5.8599139994086347e+00,5.7153973672809313e+00,1.445166e-01,4.102e-14,7.503e-13,0.000e+00,3.961e-67
2.4,0.0688894109,5.7327949690203290e+00,5.5796279062771470e+00,1.531671e-01,3.877e-14,7.273e-13,0.000e+00,2.799e-65
2.4,0.07080901057,5.6095070201443287e+00,5.4474904272161968e+00,1.620166e-01,3.986e-14,7.050e-13,0.000e+00,1.762e-63
2.4,0.07278209978,5.4899355803294494e+00,5.3188853385747663e+00,1.710502e-01,3.589e-14,6.833e-13,0.000e+00,9.911e-62
2.4,0.07481016902,5.3739680854270757e+00,5.1937157274595194e+00,1.802524e-01,3.514e-14,6.623e-13,0.000e+00,4.996e-60
2.4,0.0768947503,5.2614940118188143e+00,5.0718872868125091e+00,1.896067e-01,3.250e-14,6.419e-13,0.000e+00,2.263e-58
2.4,0.07903741831,5.1524049137053289e+00,4.9533082445986354e+00,1.990967e-01,3.214e-14,6.222e-13,0.000e+00,9.242e-57
2.4,0.08123979166,5.0465944644524816e+00,4.8378892949220056e+00,2.087052e-01,3.139e-14,6.031e-13,0.000e+00,3.411e-55
2.4,0.08350353402,4.9439585010159126e+00,4.7255435310194089e+00,2.184150e-01,3.111e-14,5.846e-13,0.000e+00,1.142e-53
2.4,0.08583035543,4.8443950704965539e+00,4.6161863800805332e+00,2.282087e-01,2.690e-14,5.667e-13,0.000e+00,3.471e-52
2.4,0.0882220136,4.7478044779159188e+00,4.5097355398459680e+00,2.380689e-01,2.734e-14,5.494e-13,0.000e+00,9.620e-51
2.4,0.09068031519,4.6540893343391909e+00,4.4061109169353694e+00,2.479784e-01,2.667e-14,5.327e-13,0.000e+00,2.435e-49
2.4,0.09320711722,4.5631546045150095e+00,4.3052345668594016e+00,2.579200e-01,2.642e-14,5.165e-13,0.000e+00,5.645e-48
2.4,0.09580432845,4.4749076532416057e+00,4.2070306356704226e+00,2.678770e-01,2.359e-14,5.008e-13,0.000e+00,1.201e-46
2.4,0.09847391083,4.3892582897088213e+00,4.1114253032080610e+00,2.778330e-01,2.415e-14,4.857e-13,0.000e+00,2.352e-45
2.4,0.101217881,4.3061188091033227e+00,4.0183467278970291e+00,2.877721e-01,2.309e-14,4.711e-13,0.000e+00,4.246e-44
2.4,0.1040383117,4.2254040308000249e+00,3.9277249930557105e+00,2.976790e-01,2.043e-14,4.569e-13,0.000e+00,7.085e-43
2.4,0.1069373336,4.1470313324957129e+00,3.8394920546751421e+00,3.075393e-01,2.065e-14,4.433e-13,0.000e+00,1.095e-41
2.4,0.1099171365,4.0709206796720387e+00,3.7535816906291939e+00,3.173390e-01,1.965e-14,4.301e-13,0.000e+00,1.570e-40
2.4,0.1129799716,3.9969946498046784e+00,3.6699294512777092e+00,3.270652e-01,1.937e-14,4.173e-13,0.000e+00,2.094e-39
2.4,0.1161281523,3.9251784507647822e+00,3.5884726114255332e+00,3.367058e-01,1.865e-14,4.050e-13,0.000e+00,2.603e-38
2.4,0.1193640569,3.8553999328891191e+00,3.5091501236012581e+00,3.462498e-01,1.649e-14,3.931e-13,0.000e+00,3.020e-37
2.4,0.1226901298,3.7875895942280273e+00,3.4319025726205883e+00,3.556870e-01,1.715e-14,3.816e-13,0.000e+00,3.277e-36
2.4,0.1261088836,3.7216805785169038e+00,3.3566721314001366e+00,3.650084e-01,1.504e-14,3.705e-13,0.000e+00,3.332e-35
2.4,0.1296229008,3.6576086654591657e+00,3.2834025179883879e+00,3.742061e-01,1.482e-14,3.598e-13,0.000e+00,3.181e-34
2.4,0.1332348358,3.5953122529576107e+00,3.2120389537815446e+00,3.832733e-01,1.399e-14,3.494e-13,0.000e+00,2.855e-33
2.4,0.1369474172,3.5347323309882084e+00,3.1425281228927382e+00,3.922042e-01,1.349e-14,3.393e-13,0.000e+00,2.413e-32
2.4,0.1407634495,3.4758124468763500e+00,3.0748181326440602e+00,4.009943e-01,1.310e-14,3.296e-13,0.000e+00,1.924e-31
2.4,0.1446858154,3.4184986618109274e+00,3.0088584751516243e+00,4.096402e-01,1.305e-14,3.201e-13,0.000e+00,1.450e-30
2.4,0.1487174777,3.3627394985163939e+00,2.9445999899747211e+00,4.181395e-01,1.188e-14,3.110e-13,0.000e+00,1.034e-29
2.4,0.1528614821,3.3084858800967312e+00,2.8819948278008924e+00,4.264911e-01,1.038e-14,3.022e-13,0.000e+00,6.985e-29
2.4,0.157120959,3.2556910601671682e+00,2.8209964151395477e+00,4.346946e-01,1.016e-14,2.936e-13,0.000e+00,4.480e-28
2.4,0.1614991259,3.2043105444982807e+00,2.7615594199974716e+00,4.427511e-01,9.104e-15,2.852e-13,0.000e+00,2.731e-27
2.4,0.1659992902,3.1543020045110706e+00,2.7036397185102921e+00,4.506623e-01,1.038e-14,2.771e-13,0.000e+00,1.584e-26
2.4,0.1706248514,3.1056251830787853e+00,2.6471943625047176e+00,4.584308e-01,7.605e-15,2.692e-13,0.000e+00,8.761e-26
2.4,0.1753793036,3.0582417932093895e+00,2.5921815479669936e+00,4.660602e-01,7.716e-15,2.616e-13,0.000e+00,4.623e-25
2.4,0.1802662383,3.0121154102991374e+00,2.5385605843937533e+00,4.735548e-01,7.105e-15,2.541e-13,0.000e+00,2.331e-24
2.4,0.1852893472,2.9672113587603905e+00,2.4862918650020314e+00,4.809195e-01,6.828e-15,2.469e-13,0.000e+00,1.124e-23
2.4,0.1904524247,2.9234965939326831e+00,2.4353368377758775e+00,4.881598e-01,5.773e-15,2.398e-13,0.000e+00,5.194e-23
2.4,0.1957593711,2.8809395802829521e+00,2.3856579773276234e+00,4.952816e-01,5.773e-15,2.329e-13,0.000e+00,2.301e-22
2.4,0.2012141953,2.8395101669859995e+00,2.3372187575524337e+00,5.022914e-01,5.662e-15,2.262e-13,0.000e+00,9.785e-22
2.4,0.2068210179,2.7991794620476704e+00,2.2899836250553767e+00,5.091958e-01,4.552e-15,2.197e-13,0.000e+00,4.000e-21
2.4,0.2125840742,2.7599197061885627e+00,2.2439179733308077e+00,5.160017e-01,3.442e-15,2.133e-13,0.000e+00,1.573e-20
2.4,0.2185077179,2.7217041477436776e+00,2.1989881176744093e+00,5.227160e-01,4.774e-15,2.070e-13,0.000e+00,5.958e-20
2.4,0.2245964235,2.6845069198516138e+00,2.1551612708087777e+00,5.293456e-01,4.108e-15,2.009e-13,0.000e+00,2.176e-19
2.4,0.2308547906,2.6483029212044982e+00,2.1124055192039535e+00,5.358974e-01,2.109e-15,1.950e-13,0.000e+00,7.667e-19
2.4,0.2372875467,2.6130677016058703e+00,2.0706898000748266e+00,5.423779e-01,2.665e-15,1.892e-13,0.000e+00,2.610e-18
2.4,0.2438995512,2.5787773535377609e+00,2.0299838790378146e+00,5.487935e-01,2.220e-15,1.835e-13,0.000e+00,8.591e-18
2.4,0.2506957989,2.5454084108701065e+00,1.9902583284097073e+00,5.551501e-01,1.332e-15,1.779e-13,0.000e+00,2.737e-17
2.4,0.2576814237,2.5129377557557029e+00,1.9514845061320425e+00,5.614532e-01,1.221e-15,1.725e-13,0.000e+00,8.444e-17
2.4,0.2648617025,2.4813425346430629e+00,1.9136345353048361e+00,5.677080e-01,1.554e-15,1.672e-13,0.000e+00,2.526e-16
2.4,0.2722420593,2.4506000842090616e+00,1.8766812843139113e+00,5.739188e-01,3.331e-16,1.621e-13,0.000e+00,7.331e-16
2.4,0.2798280694,2.4206878678650261e+00,1.8405983475365282e+00,5.800895e-01,1.110e-16,1.570e-13,0.000e+00,2.066e-15
2.4,0.2876254633,2.3915834233262756e+00,1.8053600266104231e+00,5.862234e-01,1.110e-16,1.521e-13,0.000e+00,5.659e-15
2.4,0.2956401311,2.3632643215589999e+00,1.7709413122517801e+00,5.923230e-01,-9.992e-16,1.473e-13,0.000e+00,1.508e-14
2.4,0.3038781273,2.3357081372329924e+00,1.7373178666080376e+00,5.983903e-01,0.000e+00,1.427e-13,0.000e+00,3.909e-14
2.4,0.3123456747,2.3088924306179637e+00,1.7044660061318424e+00,6.044264e-01,4.441e-16,1.382e-13,0.000e+00,9.872e-14
2.4,0.3210491698,2.2827947406690217e+00,1.6723626849628193e+00,6.104321e-01,4.663e-15,1.338e-13,0.000e+00,2.430e-13
2.4,0.3299951874,2.2573925888575617e+00,1.6409854788041929e+00,6.164071e-01,1.177e-14,1.295e-13,0.000e+00,5.835e-13
2.4,0.3391904853,2.2326634931218856e+00,1.6103125692816511e+00,6.223509e-01,2.864e-14,1.253e-13,0.000e+00,1.368e-12
2.4,0.3486420097,2.2085849911415028e+00,1.5803227287721813e+00,6.282623e-01,7.139e-14,1.213e-13,0.000e+00,3.130e-12
2.4,0.3583569002,2.1851346719845890e+00,1.5509953056909507e+00,6.341394e-01,1.688e-13,1.174e-13,0.000e+00,7.003e-12
2.4,0.3683424957,2.1622902150433263e+00,1.5223102102245958e+00,6.399800e-01,3.831e-13,1.137e-13,0.000e+00,1.532e-11
2.4,0.3786063392,2.1400294350602671e+00,1.4942479004996339e+00,6.457815e-01,8.502e-13,1.100e-13,0.000e+00,3.279e-11
2.4,0.3891561842,2.1183303319632465e+00,1.4667893691749794e+00,6.515410e-01,1.839e-12,1.065e-13,0.000e+00,6.873e-11
2.4,0.4,2.0971711441690446e+00,1.4399161304478609e+00,6.572550e-01,3.895e-12,1.031e-13,0.000e+00,1.411e-10
2.8,0.0025,1.3410968884407313e+02,1.3410968884407197e+02,1.338584e-20,1.165e-12,2.162e-11,1.183e-16,0.000e+00
2.8,0.002559099,1.3103049865377042e+02,1.3103049865376929e+02,4.023581e-20,1.137e-12,2.112e-11,4.384e-17,0.000e+00
2.8,0.002619595078,1.2802241671780303e+02,1.2802241671780189e+02,1.178757e-19,1.137e-12,2.063e-11,1.588e-17,0.000e+00
2.8,0.002681521258,1.2508380084860953e+02,1.2508380084860842e+02,3.367738e-19,1.108e-12,2.016e-11,5.623e-18,0.000e+00
2.8,0.002744911348,1.2221304678192122e+02,1.2221304678192014e+02,9.388708e-19,1.080e-12,1.969e-11,1.945e-18,0.000e+00
2.8,0.002809799955,1.1940858730095511e+02,1.1940858730095407e+02,2.555483e-18,1.037e-12,1.923e-11,6.565e-19,0.000e+00
2.8,0.002876222502,1.1666889138083160e+02,1.1666889138083056e+02,6.794854e-18,1.037e-12,1.879e-11,2.162e-19,0.000e+00
2.8,0.002944215252,1.1399246335274935e+02,1.1399246335274835e+02,1.765882e-17,1.009e-12,1.836e-11,6.945e-20,0.000e+00
2.8,0.003013815324,1.1137784208746319e+02,1.1137784208746220e+02,4.487937e-17,9.947e-13,1.793e-11,2.174e-20,0.000e+00
2.8,0.003085060713,1.0882360019761776e+02,1.0882360019761680e+02,1.115988e-16,9.662e-13,1.752e-11,6.626e-21,0.000e+00
2.8,0.003157990315,1.0632834325850091e+02,1.0632834325849998e+02,2.716556e-16,9.234e-13,1.711e-11,1.966e-21,0.000e+00
2.8,0.003232643943,1.0389070904679345e+02,1.0389070904679252e+02,6.476460e-16,9.231e-13,1.672e-11,5.672e-22,0.000e+00
2.8,0.003309062353,1.0150936679689762e+02,1.0150936679689670e+02,1.512953e-15,9.222e-13,1.633e-11,1.591e-22,0.000e+00
2.8,0.003387287264,9.9183016474440038e+01,9.9183016474439128e+01,3.464863e-15,9.060e-13,1.595e-11,4.333e-23,0.000e+00
2.8,0.003467361381,9.6910388066550382e+01,9.6910388066549530e+01,7.782489e-15,8.449e-13,1.558e-11,1.146e-23,0.000e+00
2.8,0.003549328418,9.4690240888530781e+01,9.4690240888529914e+01,1.715211e-14,8.497e-13,1.522e-11,2.938e-24,0.000e+00
2.8,0.003633233122,9.2521362906536012e+01,9.2521362906535188e+01,3.710849e-14,7.871e-13,1.487e-11,7.303e-25,0.000e+00
2.8,0.003719121301,9.0402570075894204e+01,9.0402570075893308e+01,7.884451e-14,8.164e-13,1.453e-11,1.758e-25,0.000e+00
2.8,0.003807039841,8.8332705694708494e+01,8.8332705694707542e+01,1.645862e-13,7.875e-13,1.419e-11,4.095e-26,0.000e+00
2.8,0.003897036741,8.6310639772385628e+01,8.6310639772384533e+01,3.376888e-13,7.565e-13,1.386e-11,9.224e-27,0.000e+00
2.8,0.003989161131,8.4335268412746700e+01,8.4335268412745265e+01,6.812620e-13,7.540e-13,1.354e-11,2.007e-27,0.000e+00
2.8,0.004083463305,8.2405513211383649e+01,8.2405513211381574e+01,1.351933e-12,7.229e-13,1.323e-11,4.217e-28,0.000e+00
2.8,0.004179994745,8.0520320666932975e+01,8.0520320666929663e+01,2.640006e-12,6.711e-13,1.292e-11,8.546e-29,0.000e+00
2.8,0.00427880815,7.8678661605943944e+01,7.8678661605938188e+01,5.074868e-12,6.805e-13,1.262e-11,1.669e-29,0.000e+00
2.8,0.004379957463,7.6879530621028664e+01,7.6879530621018347e+01,9.606661e-12,7.104e-13,1.233e-11,3.138e-30,0.000e+00
2.8,0.004483497907,7.5121945521986945e+01,7.5121945521968399e+01,1.791440e-11,6.308e-13,1.204e-11,5.676e-31,0.000e+00
2.8,0.004589486004,7.3404946799605924e+01,7.3404946799572329e+01,3.292034e-11,6.741e-13,1.177e-11,9.867e-32,0.000e+00
2.8,0.004697979618,7.1727597101842292e+01,7.1727597101782052e+01,5.963566e-11,6.041e-13,1.149e-11,1.647e-32,0.000e+00
2.8,0.004809037978,7.0088980722101596e+01,7.0088980721994460e+01,1.065298e-10,6.059e-13,1.123e-11,2.637e-33,0.000e+00
2.8,0.004922721713,6.8488203099335109e+01,6.8488203099146801e+01,1.877151e-10,5.929e-13,1.097e-11,4.045e-34,0.000e+00
2.8,0.005039092886,6.6924390329681415e+01,6.6924390329354424e+01,3.263834e-10,6.083e-13,1.071e-11,5.941e-35,0.000e+00
2.8,0.005158215027,6.5396688689388213e+01,6.5396688688827496e+01,5.601334e-10,5.843e-13,1.047e-11,8.343e-36,0.000e+00
2.8,0.005280153168,6.3904264168752924e+01,6.3904264167803234e+01,9.491178e-10,5.723e-13,1.022e-11,1.119e-36,0.000e+00
2.8,0.005404973878,6.2446302016830522e+01,6.2446302015241642e+01,1.588334e-09,5.459e-13,9.987e-12,1.432e-37,0.000e+00
2.8,0.005532745299,6.1022006296661047e+01,6.1022006294034590e+01,2.625921e-09,5.366e-13,9.756e-12,1.748e-38,0.000e+00
2.8,0.005663537186,5.9630599450777055e+01,5.9630599446486492e+01,4.290039e-09,5.236e-13,9.530e-12,2.030e-39,0.000e+00
2.8,0.00579742094,5.8271321876756623e+01,5.8271321869828256e+01,6.927873e-09,4.940e-13,9.309e-12,2.242e-40,0.000e+00
2.8,0.005934469654,5.6943431512595865e+01,5.6943431501533858e+01,1.106150e-08,5.045e-13,9.094e-12,2.351e-41,0.000e+00
2.8,0.006074758143,5.5646203431680398e+01,5.5646203414212941e+01,1.746696e-08,4.923e-13,8.883e-12,2.339e-42,0.000e+00
2.8,0.006218362997,5.4378929447142411e+01,5.4378929419857116e+01,2.728482e-08,4.792e-13,8.678e-12,2.205e-43,0.000e+00
2.8,0.006365362612,5.3140917725399134e+01,5.3140917683225780e+01,4.217290e-08,4.596e-13,8.477e-12,1.967e-44,0.000e+00
2.8,0.006515837239,5.1931492408674742e+01,5.1931492344159302e+01,6.451498e-08,4.583e-13,8.281e-12,1.658e-45,0.000e+00
2.8,0.006669869026,5.0749993246315995e+01,5.0749993148612965e+01,9.770259e-08,4.359e-13,8.089e-12,1.318e-46,0.000e+00
2.8,0.006827542063,4.9595775234723192e+01,4.9595775088211454e+01,1.465113e-07,4.357e-13,7.902e-12,9.879e-48,0.000e+00
2.8,0.006988942427,4.8468208265724762e+01,4.8468208048126520e+01,2.175978e-07,4.332e-13,7.719e-12,6.966e-49,0.000e+00
2.8,0.007154158232,4.7366676783234929e+01,4.7366676463085021e+01,3.201495e-07,4.213e-13,7.540e-12,4.616e-50,0.000e+00
2.8,0.007323279672,4.6290579448045250e+01,4.6290578981320635e+01,4.667242e-07,4.048e-13,7.366e-12,2.870e-51,0.000e+00
2.8,0.007496399075,4.5239328810610338e+01,4.5239328136285010e+01,6.743249e-07,4.003e-13,7.195e-12,1.672e-52,0.000e+00
2.8,0.007673610952,4.4212350991700724e+01,4.4212350025939735e+01,9.657606e-07,3.961e-13,7.029e-12,9.108e-54,0.000e+00
2.8,0.007855012047,4.3209085370805823e+01,4.3209083999453085e+01,1.371352e-06,3.682e-13,6.866e-12,4.634e-55,0.000e+00
2.8,0.008040701391,4.2228984282183752e+01,4.2228982351131869e+01,1.931052e-06,3.677e-13,6.707e-12,2.199e-56,0.000e+00
2.8,0.008230780357,4.1271512718462908e+01,4.1271510021420013e+01,2.697043e-06,3.648e-13,6.552e-12,9.709e-58,0.000e+00
2.8,0.008425352714,4.0336148041713727e+01,4.0336144304801586e+01,3.736912e-06,3.493e-13,6.400e-12,3.984e-59,0.000e+00
2.8,0.008624524683,3.9422379701916235e+01,3.9422374564448219e+01,5.137468e-06,3.490e-13,6.252e-12,1.517e-60,0.000e+00
2.8,0.008828404998,3.8529708962758377e+01,3.8529701953455650e+01,7.009302e-06,3.423e-13,6.108e-12,5.347e-62,0.000e+00
2.8,0.009037104963,3.7657648634705396e+01,3.7657639142516466e+01,9.492189e-06,3.146e-13,5.967e-12,1.742e-63,0.000e+00
2.8,0.009250738511,3.6805722815285691e+01,3.6805710053881448e+01,1.276140e-05,3.303e-13,5.829e-12,5.238e-65,0.000e+00
2.8,0.00946942227,3.5973466636537459e+01,3.5973449601463287e+01,1.703507e-05,3.021e-13,5.694e-12,1.450e-66,0.000e+00
2.8,0.009693275626,3.5160426019560887e+01,3.5160403436941344e+01,2.258262e-05,2.977e-13,5.562e-12,3.689e-68,0.000e+00
2.8,0.009922420787,3.4366157436112374e+01,3.4366127701728786e+01,2.973438e-05,3.029e-13,5.433e-12,8.608e-70,0.000e+00
2.8,0.01015698285,3.3590227677169736e+01,3.3590188784666793e+01,3.889250e-05,2.837e-13,5.308e-12,1.839e-71,0.000e+00
2.8,0.01039708986,3.2832213628381716e+01,3.2832163085312899e+01,5.054307e-05,2.899e-13,5.185e-12,3.587e-73,0.000e+00
2.8,0.01064287291,3.2091702052299105e+01,3.2091636782695474e+01,6.526960e-05,2.752e-13,5.065e-12,6.379e-75,0.000e+00
2.8,0.01089446617,3.1368289377261348e+01,3.1368205609406942e+01,8.376785e-05,2.791e-13,4.948e-12,1.032e-76,0.000e+00
2.8,0.01115200699,3.0661581492787171e+01,3.0661474630913130e+01,1.068619e-04,2.684e-13,4.834e-12,1.514e-78,0.000e+00
2.8,0.01141563598,2.9971193551288660e+01,2.9971058029957945e+01,1.355213e-04,2.571e-13,4.722e-12,2.012e-80,0.000e+00
2.8,0.01168549705,2.9296749775895293e+01,2.9296578895945938e+01,1.708799e-04,2.564e-13,4.613e-12,2.415e-82,0.000e+00
2.8,0.01196173753,2.8637883274139902e+01,2.8637669019187584e+01,2.142550e-04,2.492e-13,4.506e-12,2.611e-84,0.000e+00
2.8,0.01224450822,2.7994235857222456e+01,2.7993968689895038e+01,2.671673e-04,2.428e-13,4.402e-12,2.538e-86,0.000e+00
2.8,0.0125339635,2.7365457864530509e+01,2.7365126501818736e+01,3.313627e-04,2.381e-13,4.300e-12,2.212e-88,0.000e+00
2.8,0.01283026138,2.6751207993058969e+01,2.6750799160417547e+01,4.088326e-04,2.285e-13,4.201e-12,1.724e-90,0.000e+00
2.8,0.01313356363,2.6151153131337114e+01,2.6150651295457777e+01,5.018359e-04,2.244e-13,4.104e-12,1.198e-92,0.000e+00
2.8,0.01344403582,2.5564968197438823e+01,2.5564355277938873e+01,6.129195e-04,2.275e-13,4.009e-12,7.410e-95,0.000e+00
2.8,0.01376184746,2.4992335980623821e+01,2.4991591041245755e+01,7.449394e-04,2.205e-13,3.916e-12,4.064e-97,0.000e+00
2.8,0.01408717203,2.4432946986134628e+01,2.4432045906430123e+01,9.010797e-04,2.071e-13,3.826e-12,1.972e-99,0.000e+00
2.8,0.01442018714,2.3886499282656967e+01,2.3885414411525620e+01,1.084871e-03,2.059e-13,3.737e-12,8.437e-102,1.945e-316
2.8,0.0147610746,2.3352698351940763e+01,2.3351398144803468e+01,1.300207e-03,2.133e-13,3.651e-12,3.175e-104,4.267e-309
2.8,0.0151100205,2.2831256940076585e+01,2.2829705581877636e+01,1.551358e-03,1.970e-13,3.566e-12,1.047e-106,6.334e-302
2.8,0.01546721534,2.2321894909927821e+01,2.2320051926570557e+01,1.842983e-03,1.847e-13,3.484e-12,3.019e-109,6.420e-295
2.8,0.01583285413,2.1824339094233068e+01,2.1822158955452906e+01,2.180139e-03,1.921e-13,3.403e-12,7.584e-112,4.483e-288
2.8,0.01620713647,2.1338323148915489e+01,2.1335754865971975e+01,2.568283e-03,1.858e-13,3.324e-12,1.654e-114,2.174e-281
2.8,0.0165902667,2.0863587406168314e+01,2.0860574128086334e+01,3.013278e-03,1.741e-13,3.247e-12,3.123e-117,7.389e-275
2.8,0.01698245397,2.0399878726924051e+01,2.0396357339325540e+01,3.521388e-03,1.734e-13,3.172e-12,5.085e-120,1.774e-268
2.8,0.01738391239,1.9946950352362919e+01,1.9942851083195769e+01,4.099269e-03,1.769e-13,3.098e-12,7.116e-123,3.032e-262
2.8,0.01779486113,1.9504561754170339e+01,1.9499807790854284e+01,4.753963e-03,1.744e-13,3.026e-12,8.529e-126,3.720e-256
2.8,0.01821552453,1.9072478483313105e+01,1.9066985605977059e+01,5.492877e-03,1.633e-13,2.956e-12,8.723e-129,3.301e-250
2.8,0.01864613225,1.8650472017169292e+01,1.8644148252745929e+01,6.323764e-03,1.654e-13,2.887e-12,7.585e-132,2.134e-244
2.8,0.01908691936,1.8238319604915596e+01,1.8231064906883226e+01,7.254698e-03,1.527e-13,2.820e-12,5.585e-135,1.013e-238
2.8,0.0195381265,1.7835804111147144e+01,1.7827510069663507e+01,8.294041e-03,1.511e-13,2.754e-12,3.469e-138,3.553e-233
2.8,0.02,1.7442713857776365e+01,1.7433263444833639e+01,9.450413e-03,1.442e-13,2.689e-12,1.810e-141,9.278e-228
2.8,0.02055729891,1.6992104900059630e+01,1.6981132464256756e+01,1.097244e-02,1.466e-13,2.615e-12,1.983e-145,1.511e-221
2.8,0.02113012692,1.6553925394947608e+01,1.6541242100331289e+01,1.268329e-02,1.431e-13,2.543e-12,1.686e-149,1.670e-215
2.8,0.02171891675,1.6127857969197454e+01,1.6113260084540631e+01,1.459788e-02,1.430e-13,2.473e-12,1.104e-153,1.265e-209
2.8,0.02232411318,1.5713594350506696e+01,1.5696863145425832e+01,1.673121e-02,1.363e-13,2.405e-12,5.532e-158,6.633e-204
2.8,0.02294617338,1.5310834998999011e+01,1.5291736764455669e+01,1.909823e-02,1.306e-13,2.338e-12,2.105e-162,2.433e-198
2.8,0.02358556724,1.4919288739240782e+01,1.4897574938512113e+01,2.171380e-02,1.256e-13,2.273e-12,6.034e-167,6.305e-193
2.8,0.02424277779,1.4538672394308705e+01,1.4514079948811869e+01,2.459245e-02,1.238e-13,2.210e-12,1.293e-171,1.165e-187
2.8,0.02491830147,1.4168710423533993e+01,1.4140962136089618e+01,2.774829e-02,1.227e-13,2.148e-12,2.055e-176,1.549e-182
2.8,0.02561264858,1.3809134565616707e+01,1.3777939681873208e+01,3.119488e-02,1.126e-13,2.088e-12,2.401e-181,1.495e-177
2.8,0.02632634363,1.3459683488833933e+01,1.3424738395685750e+01,3.494509e-02,1.143e-13,2.030e-12,2.045e-186,1.056e-172
2.8,0.02705992576,1.3120102450057999e+01,1.3081091508014083e+01,3.901094e-02,1.079e-13,1.972e-12,1.259e-191,5.514e-168
2.8,0.02781394911,1.2790142964257909e+01,1.2746739468887307e+01,4.340350e-02,1.112e-13,1.917e-12,5.553e-197,2.143e-163
2.8,0.02858898329,1.2469562486079859e+01,1.2421429751913468e+01,4.813273e-02,1.067e-13,1.862e-12,1.737e-202,6.253e-159
2.8,0.02938561374,1.2158124104995762e+01,1.2104916663626422e+01,5.320744e-02,1.008e-13,1.809e-12,3.819e-208,1.380e-154
2.8,0.03020444227,1.1855596255374293e+01,1.1796961157999188e+01,5.863510e-02,1.002e-13,1.758e-12,5.843e-214,2.321e-150
2.8,0.0310460874,1.1561752442672258e+01,1.1497330655983772e+01,6.442179e-02,9.678e-14,1.707e-12,6.159e-220,2.998e-146
2.8,0.03191118493,1.1276370986768955e+01,1.1205798869941294e+01,7.057212e-02,9.187e-14,1.658e-12,4.425e-226,2.995e-142
2.8,0.03280038836,1.0999234783277293e+01,1.0922145632830102e+01,7.708915e-02,9.294e-14,1.611e-12,2.145e-232,2.330e-138
2.8,0.03371436939,1.0730131083467048e+01,1.0646156732022924e+01,8.397435e-02,9.243e-14,1.564e-12,6.935e-239,1.421e-134
2.8,0.03465381845,1.0468851293232404e+01,1.0377623747627812e+01,9.122755e-02,8.255e-14,1.519e-12,1.479e-245,6.841e-131
2.8,0.03561944521,1.0215190791331255e+01,1.0116343895190882e+01,9.884690e-02,8.597e-14,1.475e-12,2.057e-252,2.616e-127
2.8,0.0366119791,9.9689487669218178e+00,9.8621198726623351e+00,1.068289e-01,8.604e-14,1.432e-12,1.843e-259,7.996e-124
2.8,0.0376321699,9.7299280762260736e+00,9.6147597115102776e+00,1.151684e-01,8.250e-14,1.390e-12,1.051e-266,1.965e-120
2.8,0.03868078826,9.4979351179616440e+00,9.3740766318701727e+00,1.238585e-01,8.045e-14,1.349e-12,3.767e-274,3.907e-117
2.8,0.03975862631,9.2727797270071122e+00,9.1398889016206812e+00,1.328908e-01,7.555e-14,1.310e-12,8.377e-282,6.321e-114
2.8,0.04086649826,9.0542750856018692e+00,8.9120196992797176e+00,1.422554e-01,7.525e-14,1.271e-12,1.140e-289,8.366e-111
2.8,0.04200524101,8.8422376512316880e+00,8.6902969806173402e+00,1.519407e-01,7.380e-14,1.234e-12,9.373e-298,9.109e-108
2.8,0.04317571475,8.6364871002172503e+00,8.4745533488850278e+00,1.619338e-01,6.914e-14,1.198e-12,4.588e-306,8.201e-105
2.8,0.04437880369,8.4368462859045934e+00,8.2646259285634756e+00,1.722204e-01,7.000e-14,1.162e-12,1.318e-314,6.138e-102
2.8,0.04561541663,8.2431412102555139e+00,8.0603562425338637e+00,1.827850e-01,6.656e-14,1.128e-12,7.411e-323,3.838e-99
2.8,0.04688648772,8.0552010075521778e+00,7.8615900925800588e+00,1.936109e-01,6.467e-14,1.095e-12,0.000e+00,2.015e-96
2.8,0.04819297714,7.8728579388636426e+00,7.6681774431316772e+00,2.046805e-01,6.178e-14,1.062e-12,0.000e+00,8.922e-94
2.8,0.04953587182,7.6959473958737927e+00,7.4799723081605505e+00,2.159751e-01,6.020e-14,1.031e-12,0.000e+00,3.348e-91
2.8,0.05091618618,7.5243079126391192e+00,7.2968326411453539e+00,2.274753e-01,5.607e-14,1.000e-12,0.000e+00,1.069e-88
2.8,0.05233496293,7.3577811838320342e+00,7.1186202280215518e+00,2.391610e-01,5.709e-14,9.710e-13,0.000e+00,2.920e-86
2.8,0.05379327381,7.1962120880302392e+00,6.9452005830361294e+00,2.510115e-01,5.618e-14,9.424e-13,0.000e+00,6.846e-84
2.8,0.05529222045,7.0394487146352640e+00,6.7764428474286156e+00,2.630059e-01,5.496e-14,9.147e-13,0.000e+00,1.384e-81
2.8,0.05683293515,6.8873423930433937e+00,6.6122196908622310e+00,2.751227e-01,5.507e-14,8.879e-13,0.000e+00,2.421e-79
2.8,0.05841658179,6.7397477227493665e+00,6.4524072155309398e+00,2.873405e-01,5.101e-14,8.619e-13,0.000e+00,3.682e-77
2.8,0.06004435665,6.5965226031370179e+00,6.2968848628702414e+00,2.996377e-01,5.024e-14,8.367e-13,0.000e+00,4.883e-75
2.8,0.06171748937,6.4575282618004595e+00,6.1455353228015506e+00,3.119929e-01,4.813e-14,8.124e-13,0.000e+00,5.671e-73
2.8,0.06343724384,6.3226292803435999e+00,5.9982444454418600e+00,3.243848e-01,4.768e-14,7.888e-13,0.000e+00,5.787e-71
2.8,0.06520491918,6.1916936167229686e+00,5.8549011552122883e+00,3.367925e-01,4.607e-14,7.660e-13,0.000e+00,5.208e-69
2.8,0.06702185069,6.0645926233275569e+00,5.7153973672809313e+00,3.491953e-01,4.569e-14,7.440e-13,0.000e+00,4.146e-67
2.8,0.0688894109,5.9412010601269847e+00,5.5796279062771470e+00,3.615732e-01,4.446e-14,7.227e-13,0.000e+00,2.931e-65
2.8,0.07080901057,5.8213971023636732e+00,5.4474904272161968e+00,3.739067e-01,4.347e-14,7.021e-13,0.000e+00,1.845e-63
2.8,0.07278209978,5.7050623424123268e+00,5.3188853385747663e+00,3.861770e-01,3.958e-14,6.822e-13,0.000e+00,1.038e-61
2.8,0.07481016902,5.5920817855780660e+00,5.1937157274595194e+00,3.983661e-01,4.247e-14,6.630e-13,0.000e+00,5.230e-60
2.8,0.0768947503,5.4823438397491984e+00,5.0718872868125091e+00,4.104566e-01,3.914e-14,6.444e-13,0.000e+00,2.369e-58
2.8,0.07903741831,5.3757402989583483e+00,4.9533082445986354e+00,4.224321e-01,3.963e-14,6.264e-13,0.000e+00,9.675e-57
2.8,0.08123979166,5.2721663210326328e+00,4.8378892949220056e+00,4.342770e-01,3.864e-14,6.091e-13,0.000e+00,3.571e-55
2.8,0.08350353402,5.1715203996266927e+00,4.7255435310194089e+00,4.459769e-01,3.797e-14,5.923e-13,0.000e+00,1.195e-53
2.8,0.08583035543,5.0737043310277388e+00,4.6161863800805332e+00,4.575180e-01,3.475e-14,5.761e-13,0.000e+00,3.634e-52
2.8,0.0882220136,4.9786231761973605e+00,4.5097355398459680e+00,4.688876e-01,3.431e-14,5.604e-13,0.000e+00,1.007e-50
2.8,0.09068031519,4.8861852185678343e+00,4.4061109169353694e+00,4.800743e-01,3.481e-14,5.453e-13,0.000e+00,2.549e-49
2.8,0.09320711722,4.7963019181400384e+00,4.3052345668594016e+00,4.910674e-01,3.375e-14,5.307e-13,0.000e+00,5.910e-48
2.8,0.09580432845,4.7088878624350752e+00,4.2070306356704226e+00,5.018572e-01,3.297e-14,5.166e-13,0.000e+00,1.258e-46
2.8,0.09847391083,4.6238607148325945e+00,4.1114253032080610e+00,5.124354e-01,3.164e-14,5.029e-13,0.000e+00,2.462e-45
2.8,0.101217881,4.5411411607870136e+00,4.0183467278970291e+00,5.227944e-01,3.286e-14,4.897e-13,0.000e+00,4.445e-44
2.8,0.1040383117,4.4606528523503650e+00,3.9277249930557105e+00,5.329279e-01,2.853e-14,4.770e-13,0.000e+00,7.417e-43
2.8,0.1069373336,4.3823223513506102e+00,3.8394920546751421e+00,5.428303e-01,3.053e-14,4.646e-13,0.000e+00,1.146e-41
2.8,0.1099171365,4.3060790714805117e+00,3.7535816906291939e+00,5.524974e-01,2.975e-14,4.527e-13,0.000e+00,1.644e-40
2.8,0.1129799716,4.2318552194494137e+00,3.6699294512777092e+00,5.619258e-01,2.942e-14,4.411e-13,0.000e+00,2.193e-39
2.8,0.1161281523,4.1595857352428549e+00,3.5884726114255332e+00,5.711131e-01,2.920e-14,4.299e-13,0.000e+00,2.725e-38
2.8,0.1193640569,4.0892082314284632e+00,3.5091501236012581e+00,5.800581e-01,2.687e-14,4.191e-13,0.000e+00,3.162e-37
2.8,0.1226901298,4.0206629313458073e+00,3.4319025726205883e+00,5.887604e-01,2.820e-14,4.086e-13,0.000e+00,3.431e-36
2.8,0.1261088836,3.9538926059277610e+00,3.3566721314001366e+00,5.972205e-01,2.631e-14,3.984e-13,0.000e+00,3.489e-35
2.8,0.1296229008,3.8888425088260252e+00,3.2834025179883879e+00,6.054400e-01,2.542e-14,3.886e-13,0.000e+00,3.330e-34
2.8,0.1332348358,3.8254603094573323e+00,3.2120389537815446e+00,6.134214e-01,2.565e-14,3.790e-13,0.000e+00,2.988e-33
2.8,0.1369474172,3.7636960235527344e+00,3.1425281228927382e+00,6.211679e-01,2.520e-14,3.697e-13,0.000e+00,2.526e-32
2.8,0.1407634495,3.7035019407822896e+00,3.0748181326440602e+00,6.286838e-01,2.454e-14,3.607e-13,0.000e+00,2.014e-31
2.8,0.1446858154,3.6448325490424107e+00,3.0088584751516243e+00,6.359741e-01,2.465e-14,3.520e-13,0.000e+00,1.518e-30
2.8,0.1487174777,3.5876444550333941e+00,2.9445999899747211e+00,6.430445e-01,2.398e-14,3.435e-13,0.000e+00,1.082e-29
2.8,0.1528614821,3.5318963008191564e+00,2.8819948278008924e+00,6.499015e-01,2.254e-14,3.352e-13,0.000e+00,7.313e-29
2.8,0.157120959,3.4775486761481376e+00,2.8209964151395477e+00,6.565523e-01,2.176e-14,3.271e-13,0.000e+00,4.690e-28
2.8,0.1614991259,3.4245640264209700e+00,2.7615594199974716e+00,6.630046e-01,2.232e-14,3.193e-13,0.000e+00,2.859e-27
2.8,0.1659992902,3.3729065563134011e+00,2.7036397185102921e+00,6.692668e-01,2.209e-14,3.117e-13,0.000e+00,1.659e-26
2.8,0.1706248514,3.3225421291980988e+00,2.6471943625047176e+00,6.753478e-01,2.076e-14,3.042e-13,0.000e+00,9.172e-26
2.8,0.1753793036,3.2734381626518116e+00,2.5921815479669936e+00,6.812566e-01,2.065e-14,2.970e-13,0.000e+00,4.840e-25
2.8,0.1802662383,3.2255635204803679e+00,2.5385605843937533e+00,6.870029e-01,2.121e-14,2.899e-13,0.000e+00,2.440e-24
2.8,0.1852893472,3.1788884018381847e+00,2.4862918650020314e+00,6.925965e-01,1.987e-14,2.830e-13,0.000e+00,1.177e-23
2.8,0.1904524247,3.1333842281567814e+00,2.4353368377758775e+00,6.980474e-01,1.987e-14,2.763e-13,0.000e+00,5.437e-23
2.8,0.1957593711,3.0890235287235597e+00,2.3856579773276234e+00,7.033656e-01,1.876e-14,2.697e-13,0.000e+00,2.409e-22
2.8,0.2012141953,3.0457798258638218e+00,2.3372187575524337e+00,7.085611e-01,1.998e-14,2.633e-13,0.000e+00,1.024e-21
2.8,0.2068210179,3.0036275207716869e+00,2.2899836250553767e+00,7.136439e-01,1.799e-14,2.570e-13,0.000e+00,4.187e-21
2.8,0.2125840742,2.9625417811062986e+00,2.2439179733308077e+00,7.186238e-01,1.799e-14,2.509e-13,0.000e+00,1.647e-20
2.8,0.2185077179,2.9224984315155371e+00,2.1989881176744093e+00,7.235103e-01,1.787e-14,2.449e-13,0.000e+00,6.237e-20
2.8,0.2245964235,2.8834738482688689e+00,2.1551612708087777e+00,7.283126e-01,1.832e-14,2.391e-13,0.000e+00,2.278e-19
2.8,0.2308547906,2.8454448591722650e+00,2.1124055192039535e+00,7.330393e-01,1.743e-14,2.334e-13,0.000e+00,8.027e-19
2.8,0.2372875467,2.8083886499012292e+00,2.0706898000748266e+00,7.376988e-01,1.732e-14,2.278e-13,0.000e+00,2.732e-18
2.8,0.2438995512,2.7722826778228065e+00,2.0299838790378146e+00,7.422988e-01,1.721e-14,2.224e-13,0.000e+00,8.994e-18
2.8,0.2506957989,2.7371045942852534e+00,1.9902583284097073e+00,7.468463e-01,1.688e-14,2.171e-13,0.000e+00,2.865e-17
2.8,0.2576814237,2.7028321762363476e+00,1.9514845061320425e+00,7.513477e-01,1.665e-14,2.120e-13,0.000e+00,8.840e-17
2.8,0.2648617025,2.6694432678906681e+00,1.9136345353048361e+00,7.558087e-01,1.676e-14,2.070e-13,0.000e+00,2.644e-16
2.8,0.2722420593,2.6369157330055315e+00,1.8766812843139113e+00,7.602344e-01,1.610e-14,2.021e-13,0.000e+00,7.675e-16
2.8,0.2798280694,2.6052274181484099e+00,1.8405983475365282e+00,7.646291e-01,1.543e-14,1.974e-13,0.000e+00,2.163e-15
2.8,0.2876254633,2.5743561271495659e+00,1.8053600266104231e+00,7.689961e-01,1.632e-14,1.928e-13,0.000e+00,5.924e-15
2.8,0.2956401311,2.5442796067369842e+00,1.7709413122517801e+00,7.733383e-01,1.477e-14,1.884e-13,0.000e+00,1.578e-14
2.8,0.3038781273,2.5149755431512326e+00,1.7373178666080376e+00,7.776577e-01,1.599e-14,1.841e-13,0.000e+00,4.092e-14
2.8,0.3123456747,2.4864215693404939e+00,1.7044660061318424e+00,7.819556e-01,1.654e-14,1.800e-13,0.000e+00,1.033e-13
2.8,0.3210491698,2.4585952821458976e+00,1.6723626849628193e+00,7.862326e-01,1.921e-14,1.760e-13,0.000e+00,2.544e-13
2.8,0.3299951874,2.4314742687088766e+00,1.6409854788041929e+00,7.904888e-01,2.431e-14,1.721e-13,0.000e+00,6.109e-13
2.8,0.3391904853,2.4050361411704735e+00,1.6103125692816511e+00,7.947236e-01,3.753e-14,1.684e-13,0.000e+00,1.432e-12
2.8,0.3486420097,2.3792585785911387e+00,1.5803227287721813e+00,7.989358e-01,6.928e-14,1.648e-13,0.000e+00,3.277e-12
2.8,0.3583569002,2.3541193749023064e+00,1.5509953056909507e+00,8.031241e-01,1.410e-13,1.614e-13,0.000e+00,7.331e-12
2.8,0.3683424957,2.3295964916106442e+00,1.5223102102245958e+00,8.072863e-01,3.043e-13,1.582e-13,0.000e+00,1.604e-11
2.8,0.3786063392,2.3056681139145638e+00,1.4942479004996339e+00,8.114202e-01,6.580e-13,1.550e-13,0.000e+00,3.433e-11
2.8,0.3891561842,2.2823127088616557e+00,1.4667893691749794e+00,8.155233e-01,1.415e-12,1.521e-13,0.000e+00,7.195e-11
2.8,0.4,2.2595090841754768e+00,1.4399161304478609e+00,8.195930e-01,3.003e-12,1.492e-13,0.000e+00,1.477e-10
