tau_i,tau_j,t,D_measured,D_predicted_Hi_minus_Hj,leading_term_shorter_systole,error_budget,H_length_truncation,bound_thm3.4c_t1_0.4
0.0,0.4,0.0025,2.842171e-14,-1.793905e-210,-1.793905e-210,4.311e-11,0.000e+00,2.351e-210
0.0,0.4,0.002559099,5.684342e-14,-1.302799e-205,-1.302799e-205,4.211e-11,0.000e+00,1.707e-205
0.0,0.4,0.002619595078,0.000000e+00,-7.304286e-201,-7.304286e-201,4.114e-11,0.000e+00,9.572e-201
0.0,0.4,0.002681521258,4.263256e-14,-3.180503e-196,-3.180503e-196,4.019e-11,0.000e+00,4.168e-196
0.0,0.4,0.002744911348,2.842171e-14,-1.081849e-191,-1.081849e-191,3.926e-11,0.000e+00,1.418e-191
0.0,0.4,0.002809799955,2.842171e-14,-2.891126e-187,-2.891126e-187,3.835e-11,0.000e+00,3.789e-187
0.0,0.4,0.002876222502,1.421085e-14,-6.104029e-183,-6.104029e-183,3.746e-11,0.000e+00,7.999e-183
0.0,0.4,0.002944215252,2.842171e-14,-1.023714e-178,-1.023714e-178,3.660e-11,0.000e+00,1.342e-178
0.0,0.4,0.003013815324,1.421085e-14,-1.371080e-174,-1.371080e-174,3.575e-11,0.000e+00,1.797e-174
0.0,0.4,0.003085060713,0.000000e+00,-1.474092e-170,-1.474092e-170,3.492e-11,0.000e+00,1.932e-170
0.0,0.4,0.003157990315,1.421085e-14,-1.278696e-166,-1.278696e-166,3.412e-11,0.000e+00,1.676e-166
0.0,0.4,0.003232643943,4.263256e-14,-8.993822e-163,-8.993822e-163,3.333e-11,0.000e+00,1.179e-162
0.0,0.4,0.003309062353,1.421085e-14,-5.154163e-159,-5.154163e-159,3.256e-11,0.000e+00,6.754e-159
0.0,0.4,0.003387287264,2.842171e-14,-2.418040e-155,-2.418040e-155,3.180e-11,0.000e+00,3.169e-155
0.0,0.4,0.003467361381,2.842171e-14,-9.329691e-152,-9.329691e-152,3.107e-11,0.000e+00,1.223e-151
0.0,0.4,0.003549328418,1.421085e-14,-2.973927e-148,-2.973927e-148,3.035e-11,0.000e+00,3.897e-148
0.0,0.4,0.003633233122,1.421085e-14,-7.866252e-145,-7.866252e-145,2.965e-11,0.000e+00,1.031e-144
0.0,0.4,0.003719121301,1.421085e-14,-1.734008e-141,-1.734008e-141,2.896e-11,0.000e+00,2.272e-141
0.0,0.4,0.003807039841,1.421085e-14,-3.198956e-138,-3.198956e-138,2.829e-11,0.000e+00,4.192e-138
0.0,0.4,0.003897036741,-1.421085e-14,-4.959349e-135,-4.959349e-135,2.763e-11,0.000e+00,6.499e-135
0.0,0.4,0.003989161131,1.421085e-14,-6.487018e-132,-6.487018e-132,2.700e-11,0.000e+00,8.501e-132
0.0,0.4,0.004083463305,0.000000e+00,-7.187430e-129,-7.187430e-129,2.637e-11,0.000e+00,9.419e-129
0.0,0.4,0.004179994745,0.000000e+00,-6.771349e-126,-6.771349e-126,2.576e-11,0.000e+00,8.874e-126
0.0,0.4,0.00427880815,0.000000e+00,-5.444727e-123,-5.444727e-123,2.516e-11,0.000e+00,7.135e-123
0.0,0.4,0.004379957463,2.842171e-14,-3.750294e-120,-3.750294e-120,2.458e-11,0.000e+00,4.915e-120
0.0,0.4,0.004483497907,-1.421085e-14,-2.220726e-117,-2.220726e-117,2.401e-11,0.000e+00,2.910e-117
0.0,0.4,0.004589486004,0.000000e+00,-1.134439e-114,-1.134439e-114,2.346e-11,0.000e+00,1.487e-114
0.0,0.4,0.004697979618,-1.421085e-14,-5.016556e-112,-5.016556e-112,2.291e-11,0.000e+00,6.574e-112
0.0,0.4,0.004809037978,-1.421085e-14,-1.926705e-109,-1.926705e-109,2.238e-11,0.000e+00,2.525e-109
0.0,0.4,0.004922721713,0.000000e+00,-6.447975e-107,-6.447975e-107,2.186e-11,0.000e+00,8.450e-107
0.0,0.4,0.005039092886,0.000000e+00,-1.886302e-104,-1.886302e-104,2.136e-11,0.000e+00,2.472e-104
0.0,0.4,0.005158215027,-1.421085e-14,-4.838695e-102,-4.838695e-102,2.086e-11,0.000e+00,6.341e-102
0.0,0.4,0.005280153168,0.000000e+00,-1.091671e-99,-1.091671e-99,2.038e-11,0.000e+00,1.431e-99
0.0,0.4,0.005404973878,0.000000e+00,-2.172652e-97,-2.172652e-97,1.991e-11,0.000e+00,2.847e-97
0.0,0.4,0.005532745299,0.000000e+00,-3.825432e-95,-3.825432e-95,1.945e-11,0.000e+00,5.013e-95
0.0,0.4,0.005663537186,-7.105427e-15,-5.975741e-93,-5.975741e-93,1.900e-11,0.000e+00,7.831e-93
0.0,0.4,0.00579742094,-7.105427e-15,-8.304708e-91,-8.304708e-91,1.856e-11,0.000e+00,1.088e-90
0.0,0.4,0.005934469654,0.000000e+00,-1.029558e-88,-1.029558e-88,1.813e-11,0.000e+00,1.349e-88
0.0,0.4,0.006074758143,-7.105427e-15,-1.141608e-86,-1.141608e-86,1.771e-11,0.000e+00,1.496e-86
0.0,0.4,0.006218362997,0.000000e+00,-1.135120e-84,-1.135120e-84,1.730e-11,0.000e+00,1.488e-84
0.0,0.4,0.006365362612,-1.421085e-14,-1.014655e-82,-1.014655e-82,1.690e-11,0.000e+00,1.330e-82
0.0,0.4,0.006515837239,-1.421085e-14,-8.173631e-81,-8.173631e-81,1.651e-11,0.000e+00,1.071e-80
0.0,0.4,0.006669869026,-7.105427e-15,-5.948054e-79,-5.948054e-79,1.612e-11,0.000e+00,7.795e-79
0.0,0.4,0.006827542063,0.000000e+00,-3.919380e-77,-3.919380e-77,1.575e-11,0.000e+00,5.136e-77
0.0,0.4,0.006988942427,0.000000e+00,-2.343895e-75,-2.343895e-75,1.539e-11,0.000e+00,3.072e-75
0.0,0.4,0.007154158232,-1.421085e-14,-1.274999e-73,-1.274999e-73,1.503e-11,0.000e+00,1.671e-73
0.0,0.4,0.007323279672,-1.421085e-14,-6.322412e-72,-6.322412e-72,1.468e-11,0.000e+00,8.285e-72
0.0,0.4,0.007496399075,0.000000e+00,-2.864082e-70,-2.864082e-70,1.434e-11,0.000e+00,3.753e-70
0.0,0.4,0.007673610952,0.000000e+00,-1.187748e-68,-1.187748e-68,1.401e-11,0.000e+00,1.557e-68
0.0,0.4,0.007855012047,-7.105427e-15,-4.518413e-67,-4.518413e-67,1.369e-11,0.000e+00,5.921e-67
0.0,0.4,0.008040701391,-7.105427e-15,-1.579920e-65,-1.579920e-65,1.337e-11,0.000e+00,2.070e-65
0.0,0.4,0.008230780357,-7.105427e-15,-5.087657e-64,-5.087657e-64,1.306e-11,0.000e+00,6.667e-64
0.0,0.4,0.008425352714,-1.421085e-14,-1.511680e-62,-1.511680e-62,1.276e-11,0.000e+00,1.981e-62
0.0,0.4,0.008624524683,-7.105427e-15,-4.152102e-61,-4.152102e-61,1.246e-11,0.000e+00,5.441e-61
0.0,0.4,0.008828404998,-7.105427e-15,-1.056162e-59,-1.056162e-59,1.217e-11,0.000e+00,1.384e-59
0.0,0.4,0.009037104963,-7.105427e-15,-2.492400e-58,-2.492400e-58,1.189e-11,0.000e+00,3.266e-58
0.0,0.4,0.009250738511,0.000000e+00,-5.466152e-57,-5.466152e-57,1.162e-11,0.000e+00,7.163e-57
0.0,0.4,0.00946942227,-2.131628e-14,-1.115982e-55,-1.115982e-55,1.135e-11,0.000e+00,1.462e-55
0.0,0.4,0.009693275626,0.000000e+00,-2.124528e-54,-2.124528e-54,1.109e-11,0.000e+00,2.784e-54
0.0,0.4,0.009922420787,-7.105427e-15,-3.777447e-53,-3.777447e-53,1.083e-11,0.000e+00,4.950e-53
0.0,0.4,0.01015698285,-1.421085e-14,-6.282761e-52,-6.282761e-52,1.058e-11,0.000e+00,8.234e-52
0.0,0.4,0.01039708986,-7.105427e-15,-9.790119e-51,-9.790119e-51,1.033e-11,0.000e+00,1.283e-50
0.0,0.4,0.01064287291,-1.421085e-14,-1.431412e-49,-1.431412e-49,1.010e-11,0.000e+00,1.876e-49
0.0,0.4,0.01089446617,-1.776357e-14,-1.966615e-48,-1.966615e-48,9.862e-12,0.000e+00,2.577e-48
0.0,0.4,0.01115200699,-1.421085e-14,-2.542588e-47,-2.542588e-47,9.634e-12,0.000e+00,3.332e-47
0.0,0.4,0.01141563598,-7.105427e-15,-3.097736e-46,-3.097736e-46,9.411e-12,0.000e+00,4.060e-46
0.0,0.4,0.01168549705,-7.105427e-15,-3.561392e-45,-3.561392e-45,9.193e-12,0.000e+00,4.667e-45
0.0,0.4,0.01196173753,-7.105427e-15,-3.868869e-44,-3.868869e-44,8.981e-12,0.000e+00,5.070e-44
0.0,0.4,0.01224450822,-1.065814e-14,-3.976542e-43,-3.976542e-43,8.773e-12,0.000e+00,5.211e-43
0.0,0.4,0.0125339635,-1.421085e-14,-3.872037e-42,-3.872037e-42,8.571e-12,0.000e+00,5.074e-42
0.0,0.4,0.01283026138,-7.105427e-15,-3.576253e-41,-3.576253e-41,8.372e-12,0.000e+00,4.687e-41
0.0,0.4,0.01313356363,-1.421085e-14,-3.136906e-40,-3.136906e-40,8.179e-12,0.000e+00,4.111e-40
0.0,0.4,0.01344403582,-1.065814e-14,-2.616237e-39,-2.616237e-39,7.990e-12,0.000e+00,3.429e-39
0.0,0.4,0.01376184746,-1.065814e-14,-2.077116e-38,-2.077116e-38,7.805e-12,0.000e+00,2.722e-38
0.0,0.4,0.01408717203,-1.065814e-14,-1.571615e-37,-1.571615e-37,7.625e-12,0.000e+00,2.060e-37
0.0,0.4,0.01442018714,-1.776357e-14,-1.134530e-36,-1.134530e-36,7.449e-12,3.582e-316,1.487e-36
0.0,0.4,0.0147610746,-1.776357e-14,-7.822435e-36,-7.822435e-36,7.277e-12,7.860e-309,1.025e-35
0.0,0.4,0.0151100205,-1.421085e-14,-5.156847e-35,-5.156847e-35,7.108e-12,1.167e-301,6.758e-35
0.0,0.4,0.01546721534,-1.421085e-14,-3.253816e-34,-3.253816e-34,6.944e-12,1.183e-294,4.264e-34
0.0,0.4,0.01583285413,-1.421085e-14,-1.967014e-33,-1.967014e-33,6.784e-12,8.257e-288,2.578e-33
0.0,0.4,0.01620713647,-1.065814e-14,-1.140400e-32,-1.140400e-32,6.627e-12,4.005e-281,1.494e-32
0.0,0.4,0.0165902667,-1.421085e-14,-6.346903e-32,-6.346903e-32,6.474e-12,1.361e-274,8.318e-32
0.0,0.4,0.01698245397,-1.065814e-14,-3.394148e-31,-3.394148e-31,6.324e-12,3.268e-268,4.448e-31
0.0,0.4,0.01738391239,-1.776357e-14,-1.745680e-30,-1.745680e-30,6.178e-12,5.586e-262,2.288e-30
0.0,0.4,0.01779486113,-1.776357e-14,-8.642791e-30,-8.642791e-30,6.036e-12,6.853e-256,1.133e-29
0.0,0.4,0.01821552453,-1.776357e-14,-4.122696e-29,-4.122696e-29,5.896e-12,6.081e-250,5.403e-29
0.0,0.4,0.01864613225,-1.421085e-14,-1.896355e-28,-1.896355e-28,5.760e-12,3.931e-244,2.485e-28
0.0,0.4,0.01908691936,-1.065814e-14,-8.418477e-28,-8.418477e-28,5.627e-12,1.866e-238,1.103e-27
0.0,0.4,0.0195381265,-1.776357e-14,-3.609767e-27,-3.609767e-27,5.497e-12,6.545e-233,4.731e-27
0.0,0.4,0.02,-1.421085e-14,-1.496251e-26,-1.496251e-26,5.370e-12,1.709e-227,1.961e-26
0.0,0.4,0.02055729891,-2.131628e-14,-7.638719e-26,-7.638719e-26,5.225e-12,2.784e-221,1.001e-25
0.0,0.4,0.02113012692,-1.776357e-14,-3.729730e-25,-3.729730e-25,5.083e-12,3.076e-215,4.888e-25
0.0,0.4,0.02171891675,-1.776357e-14,-1.743813e-24,-1.743813e-24,4.946e-12,2.329e-209,2.285e-24
0.0,0.4,0.02232411318,-1.776357e-14,-7.816253e-24,-7.816253e-24,4.812e-12,1.222e-203,1.024e-23
0.0,0.4,0.02294617338,-1.776357e-14,-3.362560e-23,-3.362560e-23,4.681e-12,4.483e-198,4.407e-23
0.0,0.4,0.02358556724,-1.776357e-14,-1.389944e-22,-1.389944e-22,4.554e-12,1.162e-192,1.822e-22
0.0,0.4,0.02424277779,-1.953993e-14,-5.526508e-22,-5.526508e-22,4.431e-12,2.146e-187,7.242e-22
0.0,0.4,0.02491830147,-1.421085e-14,-2.115863e-21,-2.115863e-21,4.311e-12,2.853e-182,2.773e-21
0.0,0.4,0.02561264858,-1.953993e-14,-7.808232e-21,-7.808232e-21,4.195e-12,2.753e-177,1.023e-20
0.0,0.4,0.02632634363,-1.598721e-14,-2.780219e-20,-2.780219e-20,4.081e-12,1.946e-172,3.643e-20
0.0,0.4,0.02705992576,-1.953993e-14,-9.560655e-20,-9.560655e-20,3.971e-12,1.016e-167,1.253e-19
0.0,0.4,0.02781394911,-1.776357e-14,-3.178252e-19,-3.178252e-19,3.863e-12,3.948e-163,4.165e-19
0.0,0.4,0.02858898329,-1.598721e-14,-1.022303e-18,-1.022303e-18,3.759e-12,1.152e-158,1.340e-18
0.0,0.4,0.02938561374,-1.953993e-14,-3.184560e-18,-3.184560e-18,3.657e-12,2.542e-154,4.173e-18
0.0,0.4,0.03020444227,-1.776357e-14,-9.615566e-18,-9.615566e-18,3.558e-12,4.276e-150,1.260e-17
0.0,0.4,0.0310460874,-1.598721e-14,-2.816586e-17,-2.816587e-17,3.462e-12,5.523e-146,3.691e-17
0.0,0.4,0.03191118493,-1.953993e-14,-8.010343e-17,-8.010344e-17,3.369e-12,5.517e-142,1.050e-16
0.0,0.4,0.03280038836,-1.953993e-14,-2.213637e-16,-2.213638e-16,3.278e-12,4.292e-138,2.901e-16
0.0,0.4,0.03371436939,-1.953993e-14,-5.948767e-16,-5.948769e-16,3.189e-12,2.618e-134,7.796e-16
0.0,0.4,0.03465381845,-2.131628e-14,-1.555756e-15,-1.555757e-15,3.103e-12,1.260e-130,2.039e-15
0.0,0.4,0.03561944521,-2.131628e-14,-3.962508e-15,-3.962511e-15,3.020e-12,4.819e-127,5.193e-15
0.0,0.4,0.0366119791,-3.019807e-14,-9.836119e-15,-9.836131e-15,2.938e-12,1.473e-123,1.289e-14
0.0,0.4,0.0376321699,-4.440892e-14,-2.381252e-14,-2.381256e-14,2.859e-12,3.620e-120,3.121e-14
0.0,0.4,0.03868078826,-7.638334e-14,-5.626125e-14,-5.626139e-14,2.782e-12,7.198e-117,7.373e-14
0.0,0.4,0.03975862631,-1.474376e-13,-1.298143e-13,-1.298147e-13,2.707e-12,1.164e-113,1.701e-13
0.0,0.4,0.04086649826,-3.126388e-13,-2.927003e-13,-2.927018e-13,2.634e-12,1.541e-110,3.836e-13
0.0,0.4,0.04200524101,-6.643575e-13,-6.453314e-13,-6.453362e-13,2.563e-12,1.678e-107,8.457e-13
0.0,0.4,0.04317571475,-1.408651e-12,-1.392083e-12,-1.392098e-12,2.494e-12,1.511e-104,1.824e-12
0.0,0.4,0.04437880369,-2.961187e-12,-2.939862e-12,-2.939904e-12,2.427e-12,1.131e-101,3.853e-12
0.0,0.4,0.04561541663,-6.100009e-12,-6.081596e-12,-6.081717e-12,2.362e-12,7.071e-99,7.970e-12
0.0,0.4,0.04688648772,-1.234746e-11,-1.233048e-11,-1.233081e-11,2.298e-12,3.712e-96,1.616e-11
0.0,0.4,0.04819297714,-2.453504e-11,-2.451604e-11,-2.451694e-11,2.237e-12,1.644e-93,3.213e-11
0.0,0.4,0.04953587182,-4.784262e-11,-4.782536e-11,-4.782772e-11,2.176e-12,6.167e-91,6.268e-11
0.0,0.4,0.05091618618,-9.160317e-11,-9.158561e-11,-9.159161e-11,2.118e-12,1.970e-88,1.200e-10
0.0,0.4,0.05233496293,-1.722738e-10,-1.722561e-10,-1.722709e-10,2.061e-12,5.379e-86,2.258e-10
0.0,0.4,0.05379327381,-3.183720e-10,-3.183548e-10,-3.183908e-10,2.006e-12,1.261e-83,4.172e-10
0.0,0.4,0.05529222045,-5.784377e-10,-5.784198e-10,-5.785048e-10,1.952e-12,2.549e-81,7.581e-10
0.0,0.4,0.05683293515,-1.033657e-09,-1.033641e-09,-1.033837e-09,1.900e-12,4.461e-79,1.355e-09
0.0,0.4,0.05841658179,-1.817562e-09,-1.817545e-09,-1.817985e-09,1.849e-12,6.782e-77,2.382e-09
0.0,0.4,0.06004435665,-3.146158e-09,-3.146140e-09,-3.147111e-09,1.799e-12,8.996e-75,4.124e-09
0.0,0.4,0.06171748937,-5.363318e-09,-5.363301e-09,-5.365391e-09,1.751e-12,1.045e-72,7.031e-09
0.0,0.4,0.06343724384,-9.007956e-09,-9.007941e-09,-9.012347e-09,1.704e-12,1.066e-70,1.181e-08
0.0,0.4,0.06520491918,-1.491187e-08,-1.491185e-08,-1.492095e-08,1.659e-12,9.593e-69,1.955e-08
0.0,0.4,0.06702185069,-2.433989e-08,-2.433987e-08,-2.435828e-08,1.614e-12,7.638e-67,3.192e-08
0.0,0.4,0.0688894109,-3.918769e-08,-3.918768e-08,-3.922419e-08,1.571e-12,5.399e-65,5.140e-08
0.0,0.4,0.07080901057,-6.225640e-08,-6.225638e-08,-6.232743e-08,1.529e-12,3.399e-63,8.168e-08
0.0,0.4,0.07278209978,-9.762829e-08,-9.762828e-08,-9.776396e-08,1.488e-12,1.911e-61,1.281e-07
0.0,0.4,0.07481016902,-1.511731e-07,-1.511731e-07,-1.514276e-07,1.448e-12,9.634e-60,1.984e-07
0.0,0.4,0.0768947503,-2.312203e-07,-2.312203e-07,-2.316891e-07,1.410e-12,4.364e-58,3.036e-07
0.0,0.4,0.07903741831,-3.494388e-07,-3.494388e-07,-3.502877e-07,1.372e-12,1.782e-56,4.590e-07
0.0,0.4,0.08123979166,-5.219719e-07,-5.219719e-07,-5.234834e-07,1.335e-12,6.579e-55,6.860e-07
0.0,0.4,0.08350353402,-7.708802e-07,-7.708801e-07,-7.735280e-07,1.300e-12,2.201e-53,1.014e-06
0.0,0.4,0.08583035543,-1.125951e-06,-1.125951e-06,-1.130516e-06,1.265e-12,6.695e-52,1.482e-06
0.0,0.4,0.0882220136,-1.626936e-06,-1.626936e-06,-1.634685e-06,1.232e-12,1.855e-50,2.142e-06
0.0,0.4,0.09068031519,-2.326277e-06,-2.326277e-06,-2.339234e-06,1.199e-12,4.696e-49,3.066e-06
0.0,0.4,0.09320711722,-3.292385e-06,-3.292385e-06,-3.313732e-06,1.167e-12,1.089e-47,4.343e-06
0.0,0.4,0.09580432845,-4.613519e-06,-4.613519e-06,-4.648193e-06,1.136e-12,2.317e-46,6.091e-06
0.0,0.4,0.09847391083,-6.402333e-06,-6.402333e-06,-6.457872e-06,1.106e-12,4.536e-45,8.463e-06
0.0,0.4,0.101217881,-8.801088e-06,-8.801088e-06,-8.888849e-06,1.077e-12,8.189e-44,1.165e-05
0.0,0.4,0.1040383117,-1.198759e-05,-1.198759e-05,-1.212445e-05,1.048e-12,1.366e-42,1.589e-05
0.0,0.4,0.1069373336,-1.618178e-05,-1.618178e-05,-1.639248e-05,1.021e-12,2.111e-41,2.148e-05
0.0,0.4,0.1099171365,-2.165307e-05,-2.165307e-05,-2.197342e-05,9.936e-13,3.028e-40,2.880e-05
0.0,0.4,0.1129799716,-2.872812e-05,-2.872812e-05,-2.920931e-05,9.674e-13,4.039e-39,3.828e-05
0.0,0.4,0.1161281523,-3.779928e-05,-3.779928e-05,-3.851354e-05,9.420e-13,5.020e-38,5.047e-05
0.0,0.4,0.1193640569,-4.933322e-05,-4.933322e-05,-5.038130e-05,9.173e-13,5.824e-37,6.602e-05
0.0,0.4,0.1226901298,-6.387979e-05,-6.387979e-05,-6.540059e-05,8.932e-13,6.320e-36,8.571e-05
0.0,0.4,0.1261088836,-8.208088e-05,-8.208088e-05,-8.426369e-05,8.699e-13,6.427e-35,1.104e-04
0.0,0.4,0.1296229008,-1.046788e-04,-1.046788e-04,-1.077788e-04,8.472e-13,6.134e-34,1.412e-04
0.0,0.4,0.1332348358,-1.325244e-04,-1.325244e-04,-1.368819e-04,8.251e-13,5.505e-33,1.794e-04
0.0,0.4,0.1369474172,-1.665837e-04,-1.665837e-04,-1.726476e-04,8.036e-13,4.653e-32,2.263e-04
0.0,0.4,0.1407634495,-2.079439e-04,-2.079439e-04,-2.163009e-04,7.828e-13,3.711e-31,2.835e-04
0.0,0.4,0.1446858154,-2.578175e-04,-2.578175e-04,-2.692264e-04,7.625e-13,2.796e-30,3.528e-04
0.0,0.4,0.1487174777,-3.175446e-04,-3.175446e-04,-3.329773e-04,7.428e-13,1.993e-29,4.364e-04
0.0,0.4,0.1528614821,-3.885927e-04,-3.885927e-04,-4.092830e-04,7.237e-13,1.347e-28,5.364e-04
0.0,0.4,0.157120959,-4.725545e-04,-4.725545e-04,-5.000540e-04,7.050e-13,8.640e-28,6.553e-04
0.0,0.4,0.1614991259,-5.711423e-04,-5.711423e-04,-6.073857e-04,6.869e-13,5.267e-27,7.960e-04
0.0,0.4,0.1659992902,-6.861799e-04,-6.861799e-04,-7.335589e-04,6.693e-13,3.056e-26,9.613e-04
0.0,0.4,0.1706248514,-8.195910e-04,-8.195910e-04,-8.810379e-04,6.522e-13,1.690e-25,1.155e-03
0.0,0.4,0.1753793036,-9.733846e-04,-9.733846e-04,-1.052466e-03,6.355e-13,8.915e-25,1.379e-03
0.0,0.4,0.1802662383,-1.149637e-03,-1.149637e-03,-1.250656e-03,6.193e-13,4.495e-24,1.639e-03
0.0,0.4,0.1852893472,-1.350470e-03,-1.350470e-03,-1.478583e-03,6.035e-13,2.168e-23,1.938e-03
0.0,0.4,0.1904524247,-1.578027e-03,-1.578027e-03,-1.739364e-03,5.882e-13,1.002e-22,2.279e-03
0.0,0.4,0.1957593711,-1.834448e-03,-1.834448e-03,-2.036246e-03,5.732e-13,4.437e-22,2.668e-03
0.0,0.4,0.2012141953,-2.121833e-03,-2.121833e-03,-2.372582e-03,5.586e-13,1.887e-21,3.109e-03
0.0,0.4,0.2068210179,-2.442220e-03,-2.442220e-03,-2.751808e-03,5.444e-13,7.714e-21,3.606e-03
0.0,0.4,0.2125840742,-2.797543e-03,-2.797543e-03,-3.177414e-03,5.306e-13,3.034e-20,4.164e-03
0.0,0.4,0.2185077179,-3.189599e-03,-3.189599e-03,-3.652921e-03,5.171e-13,1.149e-19,4.787e-03
0.0,0.4,0.2245964235,-3.620014e-03,-3.620014e-03,-4.181842e-03,5.039e-13,4.196e-19,5.480e-03
0.0,0.4,0.2308547906,-4.090205e-03,-4.090205e-03,-4.767655e-03,4.911e-13,1.479e-18,6.248e-03
0.0,0.4,0.2372875467,-4.601345e-03,-4.601345e-03,-5.413764e-03,4.785e-13,5.034e-18,7.095e-03
0.0,0.4,0.2438995512,-5.154328e-03,-5.154328e-03,-6.123465e-03,4.662e-13,1.657e-17,8.025e-03
0.0,0.4,0.2506957989,-5.749736e-03,-5.749736e-03,-6.899914e-03,4.542e-13,5.278e-17,9.042e-03
0.0,0.4,0.2576814237,-6.387809e-03,-6.387809e-03,-7.746085e-03,4.424e-13,1.628e-16,1.015e-02
0.0,0.4,0.2648617025,-7.068414e-03,-7.068414e-03,-8.664736e-03,4.309e-13,4.871e-16,1.136e-02
0.0,0.4,0.2722420593,-7.791024e-03,-7.791024e-03,-9.658380e-03,4.196e-13,1.414e-15,1.266e-02
0.0,0.4,0.2798280694,-8.554698e-03,-8.554698e-03,-1.072925e-02,4.085e-13,3.984e-15,1.406e-02
0.0,0.4,0.2876254633,-9.358060e-03,-9.358060e-03,-1.187925e-02,3.977e-13,1.091e-14,1.557e-02
0.0,0.4,0.2956401311,-1.019929e-02,-1.019929e-02,-1.310998e-02,3.870e-13,2.907e-14,1.718e-02
0.0,0.4,0.3038781273,-1.107614e-02,-1.107614e-02,-1.442263e-02,3.765e-13,7.538e-14,1.890e-02
0.0,0.4,0.3123456747,-1.198587e-02,-1.198587e-02,-1.581803e-02,3.662e-13,1.904e-13,2.073e-02
0.0,0.4,0.3210491698,-1.292535e-02,-1.292535e-02,-1.729661e-02,3.561e-13,4.687e-13,2.267e-02
0.0,0.4,0.3299951874,-1.389097e-02,-1.389097e-02,-1.885834e-02,3.461e-13,1.125e-12,2.471e-02
0.0,0.4,0.3391904853,-1.487875e-02,-1.487875e-02,-2.050280e-02,3.362e-13,2.637e-12,2.687e-02
0.0,0.4,0.3486420097,-1.588429e-02,-1.588429e-02,-2.222910e-02,3.265e-13,6.037e-12,2.913e-02
0.0,0.4,0.3583569002,-1.690283e-02,-1.690283e-02,-2.403591e-02,3.169e-13,1.350e-11,3.150e-02
0.0,0.4,0.3683424957,-1.792930e-02,-1.792930e-02,-2.592145e-02,3.075e-13,2.954e-11,3.397e-02
0.0,0.4,0.3786063392,-1.895833e-02,-1.895833e-02,-2.788352e-02,2.982e-13,6.324e-11,3.654e-02
0.0,0.4,0.3891561842,-1.998430e-02,-1.998430e-02,-2.991946e-02,2.890e-13,1.325e-10,3.921e-02
0.0,0.4,0.4,-2.100141e-02,-2.100141e-02,-3.202621e-02,2.799e-13,2.722e-10,4.197e-02
0.0,0.8,0.0025,5.684342e-14,-2.213518e-145,-2.213518e-145,4.310e-11,0.000e+00,2.724e-145
0.0,0.8,0.002559099,8.526513e-14,-5.053023e-142,-5.053023e-142,4.210e-11,0.000e+00,6.217e-142
0.0,0.8,0.002619595078,2.842171e-14,-9.645897e-139,-9.645897e-139,4.113e-11,0.000e+00,1.187e-138
0.0,0.8,0.002681521258,8.526513e-14,-1.546148e-135,-1.546148e-135,4.017e-11,0.000e+00,1.902e-135
0.0,0.8,0.002744911348,4.263256e-14,-2.089434e-132,-2.089434e-132,3.924e-11,0.000e+00,2.571e-132
0.0,0.8,0.002809799955,2.842171e-14,-2.389945e-129,-2.389945e-129,3.834e-11,0.000e+00,2.941e-129
0.0,0.8,0.002876222502,4.263256e-14,-2.322740e-126,-2.322740e-126,3.745e-11,0.000e+00,2.858e-126
0.0,0.8,0.002944215252,4.263256e-14,-1.925312e-123,-1.925312e-123,3.658e-11,0.000e+00,2.369e-123
0.0,0.8,0.003013815324,2.842171e-14,-1.366108e-120,-1.366108e-120,3.574e-11,0.000e+00,1.681e-120
0.0,0.8,0.003085060713,1.421085e-14,-8.327445e-118,-8.327445e-118,3.491e-11,0.000e+00,1.025e-117
0.0,0.8,0.003157990315,2.842171e-14,-4.376274e-115,-4.376274e-115,3.410e-11,0.000e+00,5.385e-115
0.0,0.8,0.003232643943,7.105427e-14,-1.989533e-112,-1.989533e-112,3.331e-11,0.000e+00,2.448e-112
0.0,0.8,0.003309062353,4.263256e-14,-7.850649e-110,-7.850649e-110,3.254e-11,0.000e+00,9.659e-110
0.0,0.8,0.003387287264,4.263256e-14,-2.697662e-107,-2.697662e-107,3.179e-11,0.000e+00,3.319e-107
0.0,0.8,0.003467361381,4.263256e-14,-8.098128e-105,-8.098128e-105,3.105e-11,0.000e+00,9.964e-105
0.0,0.8,0.003549328418,4.263256e-14,-2.130354e-102,-2.130354e-102,3.033e-11,0.000e+00,2.621e-102
0.0,0.8,0.003633233122,4.263256e-14,-4.926214e-100,-4.926214e-100,2.963e-11,0.000e+00,6.061e-100
0.0,0.8,0.003719121301,5.684342e-14,-1.004297e-97,-1.004297e-97,2.894e-11,0.000e+00,1.236e-97
0.0,0.8,0.003807039841,4.263256e-14,-1.810349e-95,-1.810349e-95,2.827e-11,0.000e+00,2.227e-95
0.0,0.8,0.003897036741,1.421085e-14,-2.893661e-93,-2.893661e-93,2.762e-11,0.000e+00,3.560e-93
0.0,0.8,0.003989161131,5.684342e-14,-4.112673e-91,-4.112673e-91,2.698e-11,0.000e+00,5.060e-91
0.0,0.8,0.004083463305,2.842171e-14,-5.211585e-89,-5.211585e-89,2.635e-11,0.000e+00,6.412e-89
0.0,0.8,0.004179994745,2.842171e-14,-5.903852e-87,-5.903852e-87,2.574e-11,0.000e+00,7.264e-87
0.0,0.8,0.00427880815,4.263256e-14,-5.994393e-85,-5.994393e-85,2.514e-11,0.000e+00,7.376e-85
0.0,0.8,0.004379957463,4.263256e-14,-5.468866e-83,-5.468866e-83,2.456e-11,0.000e+00,6.729e-83
0.0,0.8,0.004483497907,2.842171e-14,-4.494326e-81,-4.494326e-81,2.399e-11,0.000e+00,5.530e-81
0.0,0.8,0.004589486004,4.263256e-14,-3.334995e-79,-3.334995e-79,2.344e-11,0.000e+00,4.103e-79
0.0,0.8,0.004697979618,1.421085e-14,-2.239819e-77,-2.239819e-77,2.289e-11,0.000e+00,2.756e-77
0.0,0.8,0.004809037978,2.842171e-14,-1.364640e-75,-1.364640e-75,2.236e-11,0.000e+00,1.679e-75
0.0,0.8,0.004922721713,2.842171e-14,-7.559408e-74,-7.559408e-74,2.184e-11,0.000e+00,9.301e-74
0.0,0.8,0.005039092886,2.842171e-14,-3.815721e-72,-3.815721e-72,2.134e-11,0.000e+00,4.695e-72
0.0,0.8,0.005158215027,2.842171e-14,-1.758803e-70,-1.758803e-70,2.084e-11,0.000e+00,2.164e-70
0.0,0.8,0.005280153168,2.842171e-14,-7.418573e-69,-7.418573e-69,2.036e-11,0.000e+00,9.128e-69
0.0,0.8,0.005404973878,3.552714e-14,-2.869301e-67,-2.869301e-67,1.989e-11,0.000e+00,3.530e-67
0.0,0.8,0.005532745299,3.552714e-14,-1.019657e-65,-1.019657e-65,1.943e-11,0.000e+00,1.255e-65
0.0,0.8,0.005663537186,3.552714e-14,-3.335824e-64,-3.335824e-64,1.898e-11,0.000e+00,4.104e-64
0.0,0.8,0.00579742094,2.131628e-14,-1.006592e-62,-1.006592e-62,1.854e-11,0.000e+00,1.239e-62
0.0,0.8,0.005934469654,2.842171e-14,-2.806823e-61,-2.806823e-61,1.811e-11,0.000e+00,3.454e-61
0.0,0.8,0.006074758143,2.842171e-14,-7.245699e-60,-7.245699e-60,1.769e-11,0.000e+00,8.915e-60
0.0,0.8,0.006218362997,2.842171e-14,-1.734692e-58,-1.734692e-58,1.728e-11,0.000e+00,2.134e-58
0.0,0.8,0.006365362612,2.131628e-14,-3.858311e-57,-3.858311e-57,1.688e-11,0.000e+00,4.747e-57
0.0,0.8,0.006515837239,2.842171e-14,-7.986250e-56,-7.986250e-56,1.649e-11,0.000e+00,9.826e-56
0.0,0.8,0.006669869026,2.842171e-14,-1.540922e-54,-1.540922e-54,1.610e-11,0.000e+00,1.896e-54
0.0,0.8,0.006827542063,2.131628e-14,-2.775971e-53,-2.775971e-53,1.573e-11,0.000e+00,3.416e-53
0.0,0.8,0.006988942427,2.842171e-14,-4.676641e-52,-4.676641e-52,1.537e-11,0.000e+00,5.754e-52
0.0,0.8,0.007154158232,1.421085e-14,-7.379219e-51,-7.379219e-51,1.501e-11,0.000e+00,9.079e-51
0.0,0.8,0.007323279672,1.421085e-14,-1.092196e-49,-1.092196e-49,1.466e-11,0.000e+00,1.344e-49
0.0,0.8,0.007496399075,2.131628e-14,-1.518611e-48,-1.518611e-48,1.432e-11,0.000e+00,1.869e-48
0.0,0.8,0.007673610952,2.131628e-14,-1.986439e-47,-1.986439e-47,1.399e-11,0.000e+00,2.444e-47
0.0,0.8,0.007855012047,2.131628e-14,-2.447928e-46,-2.447928e-46,1.367e-11,0.000e+00,3.012e-46
0.0,0.8,0.008040701391,2.131628e-14,-2.845870e-45,-2.845870e-45,1.335e-11,0.000e+00,3.502e-45
0.0,0.8,0.008230780357,1.421085e-14,-3.125425e-44,-3.125425e-44,1.304e-11,0.000e+00,3.846e-44
0.0,0.8,0.008425352714,1.421085e-14,-3.246769e-43,-3.246769e-43,1.274e-11,0.000e+00,3.995e-43
0.0,0.8,0.008624524683,1.421085e-14,-3.194479e-42,-3.194479e-42,1.244e-11,0.000e+00,3.930e-42
0.0,0.8,0.008828404998,2.131628e-14,-2.980571e-41,-2.980571e-41,1.216e-11,0.000e+00,3.667e-41
0.0,0.8,0.009037104963,2.131628e-14,-2.640477e-40,-2.640477e-40,1.187e-11,0.000e+00,3.249e-40
0.0,0.8,0.009250738511,1.421085e-14,-2.223660e-39,-2.223660e-39,1.160e-11,0.000e+00,2.736e-39
0.0,0.8,0.00946942227,7.105427e-15,-1.782237e-38,-1.782237e-38,1.133e-11,0.000e+00,2.193e-38
0.0,0.8,0.009693275626,1.421085e-14,-1.361038e-37,-1.361038e-37,1.107e-11,0.000e+00,1.675e-37
0.0,0.8,0.009922420787,1.421085e-14,-9.914413e-37,-9.914413e-37,1.081e-11,0.000e+00,1.220e-36
0.0,0.8,0.01015698285,1.421085e-14,-6.896513e-36,-6.896513e-36,1.056e-11,0.000e+00,8.485e-36
0.0,0.8,0.01039708986,7.105427e-15,-4.585857e-35,-4.585857e-35,1.032e-11,0.000e+00,5.642e-35
0.0,0.8,0.01064287291,1.421085e-14,-2.918044e-34,-2.918044e-34,1.008e-11,0.000e+00,3.590e-34
0.0,0.8,0.01089446617,7.105427e-15,-1.778628e-33,-1.778628e-33,9.846e-12,0.000e+00,2.188e-33
0.0,0.8,0.01115200699,1.065814e-14,-1.039516e-32,-1.039516e-32,9.618e-12,0.000e+00,1.279e-32
0.0,0.8,0.01141563598,1.065814e-14,-5.831124e-32,-5.831124e-32,9.396e-12,0.000e+00,7.175e-32
0.0,0.8,0.01168549705,1.065814e-14,-3.142384e-31,-3.142384e-31,9.178e-12,0.000e+00,3.866e-31
0.0,0.8,0.01196173753,1.776357e-14,-1.628376e-30,-1.628376e-30,8.966e-12,0.000e+00,2.004e-30
0.0,0.8,0.01224450822,3.552714e-15,-8.121403e-30,-8.121403e-30,8.759e-12,0.000e+00,9.993e-30
0.0,0.8,0.0125339635,7.105427e-15,-3.901866e-29,-3.901866e-29,8.556e-12,0.000e+00,4.801e-29
0.0,0.8,0.01283026138,7.105427e-15,-1.807397e-28,-1.807397e-28,8.358e-12,0.000e+00,2.224e-28
0.0,0.8,0.01313356363,7.105427e-15,-8.078682e-28,-8.078682e-28,8.165e-12,0.000e+00,9.940e-28
0.0,0.8,0.01344403582,7.105427e-15,-3.487316e-27,-3.487316e-27,7.976e-12,0.000e+00,4.291e-27
0.0,0.8,0.01376184746,1.065814e-14,-1.454975e-26,-1.454975e-26,7.792e-12,0.000e+00,1.790e-26
0.0,0.8,0.01408717203,3.552714e-15,-5.871842e-26,-5.871842e-26,7.612e-12,0.000e+00,7.225e-26
0.0,0.8,0.01442018714,0.000000e+00,-2.293937e-25,-2.293937e-25,7.436e-12,3.663e-316,2.822e-25
0.0,0.8,0.0147610746,0.000000e+00,-8.681661e-25,-8.681661e-25,7.264e-12,8.038e-309,1.068e-24
0.0,0.8,0.0151100205,3.552714e-15,-3.185346e-24,-3.185346e-24,7.096e-12,1.193e-301,3.919e-24
0.0,0.8,0.01546721534,7.105427e-15,-1.133845e-23,-1.133845e-23,6.932e-12,1.210e-294,1.395e-23
0.0,0.8,0.01583285413,0.000000e+00,-3.918305e-23,-3.918305e-23,6.772e-12,8.445e-288,4.821e-23
0.0,0.8,0.01620713647,0.000000e+00,-1.315487e-22,-1.315487e-22,6.616e-12,4.096e-281,1.619e-22
0.0,0.8,0.0165902667,3.552714e-15,-4.293476e-22,-4.293476e-22,6.463e-12,1.392e-274,5.283e-22
0.0,0.8,0.01698245397,0.000000e+00,-1.363165e-21,-1.363165e-21,6.314e-12,3.342e-268,1.677e-21
0.0,0.8,0.01738391239,0.000000e+00,-4.212907e-21,-4.212907e-21,6.168e-12,5.713e-262,5.184e-21
0.0,0.8,0.01779486113,-3.552714e-15,-1.268176e-20,-1.268176e-20,6.025e-12,7.009e-256,1.560e-20
0.0,0.8,0.01821552453,-3.552714e-15,-3.720532e-20,-3.720532e-20,5.886e-12,6.219e-250,4.578e-20
0.0,0.8,0.01864613225,0.000000e+00,-1.064429e-19,-1.064429e-19,5.750e-12,4.021e-244,1.310e-19
0.0,0.8,0.01908691936,0.000000e+00,-2.971438e-19,-2.971438e-19,5.618e-12,1.908e-238,3.656e-19
0.0,0.8,0.0195381265,-3.552714e-15,-8.098432e-19,-8.098432e-19,5.488e-12,6.693e-233,9.964e-19
0.0,0.8,0.02,0.000000e+00,-2.156055e-18,-2.156055e-18,5.361e-12,1.748e-227,2.653e-18
0.0,0.8,0.02055729891,-7.105427e-15,-6.625028e-18,-6.625028e-18,5.216e-12,2.847e-221,8.151e-18
0.0,0.8,0.02113012692,-7.105427e-15,-1.973939e-17,-1.973939e-17,5.075e-12,3.146e-215,2.429e-17
0.0,0.8,0.02171891675,-7.105427e-15,-5.707694e-17,-5.707694e-17,4.937e-12,2.382e-209,7.023e-17
0.0,0.8,0.02232411318,-7.105427e-15,-1.602955e-16,-1.602955e-16,4.804e-12,1.250e-203,1.972e-16
0.0,0.8,0.02294617338,-8.881784e-15,-4.375817e-16,-4.375817e-16,4.674e-12,4.584e-198,5.384e-16
0.0,0.8,0.02358556724,-8.881784e-15,-1.162005e-15,-1.162005e-15,4.547e-12,1.188e-192,1.430e-15
0.0,0.8,0.02424277779,-1.243450e-14,-3.003949e-15,-3.003949e-15,4.424e-12,2.195e-187,3.696e-15
0.0,0.8,0.02491830147,-1.065814e-14,-7.565355e-15,-7.565355e-15,4.304e-12,2.917e-182,9.308e-15
0.0,0.8,0.02561264858,-2.486900e-14,-1.857486e-14,-1.857486e-14,4.188e-12,2.816e-177,2.285e-14
0.0,0.8,0.02632634363,-4.973799e-14,-4.449185e-14,-4.449185e-14,4.074e-12,1.990e-172,5.474e-14
0.0,0.8,0.02705992576,-1.119105e-13,-1.040364e-13,-1.040364e-13,3.964e-12,1.039e-167,1.280e-13
0.0,0.8,0.02781394911,-2.433609e-13,-2.376419e-13,-2.376419e-13,3.857e-12,4.038e-163,2.924e-13
0.0,0.8,0.02858898329,-5.382361e-13,-5.306025e-13,-5.306025e-13,3.753e-12,1.178e-158,6.529e-13
0.0,0.8,0.02938561374,-1.168843e-12,-1.158756e-12,-1.158756e-12,3.651e-12,2.600e-154,1.426e-12
0.0,0.8,0.03020444227,-2.483347e-12,-2.476579e-12,-2.476579e-12,3.552e-12,4.373e-150,3.047e-12
0.0,0.8,0.0310460874,-5.188738e-12,-5.183263e-12,-5.183263e-12,3.456e-12,5.649e-146,6.377e-12
0.0,0.8,0.03191118493,-1.063860e-11,-1.062899e-11,-1.062899e-11,3.363e-12,5.643e-142,1.308e-11
0.0,0.8,0.03280038836,-2.137668e-11,-2.136775e-11,-2.136775e-11,3.272e-12,4.389e-138,2.629e-11
0.0,0.8,0.03371436939,-4.214051e-11,-4.213441e-11,-4.213441e-11,3.184e-12,2.677e-134,5.184e-11
0.0,0.8,0.03465381845,-8.154721e-11,-8.153683e-11,-8.153683e-11,3.098e-12,1.289e-130,1.003e-10
0.0,0.8,0.03561944521,-1.549338e-10,-1.549282e-10,-1.549282e-10,3.014e-12,4.928e-127,1.906e-10
0.0,0.8,0.0366119791,-2.891962e-10,-2.891893e-10,-2.891893e-10,2.933e-12,1.506e-123,3.558e-10
0.0,0.8,0.0376321699,-5.305498e-10,-5.305400e-10,-5.305400e-10,2.853e-12,3.702e-120,6.528e-10
0.0,0.8,0.03868078826,-9.570726e-10,-9.570659e-10,-9.570659e-10,2.776e-12,7.361e-117,1.178e-09
0.0,0.8,0.03975862631,-1.698453e-09,-1.698444e-09,-1.698444e-09,2.701e-12,1.191e-113,2.090e-09
0.0,0.8,0.04086649826,-2.966475e-09,-2.966466e-09,-2.966466e-09,2.629e-12,1.576e-110,3.650e-09
0.0,0.8,0.04200524101,-5.101459e-09,-5.101448e-09,-5.101448e-09,2.558e-12,1.716e-107,6.277e-09
0.0,0.8,0.04317571475,-8.641639e-09,-8.641634e-09,-8.641634e-09,2.489e-12,1.545e-104,1.063e-08
0.0,0.8,0.04437880369,-1.442528e-08,-1.442527e-08,-1.442527e-08,2.422e-12,1.156e-101,1.775e-08
0.0,0.8,0.04561541663,-2.373836e-08,-2.373836e-08,-2.373836e-08,2.356e-12,7.231e-99,2.921e-08
0.0,0.8,0.04688648772,-3.852509e-08,-3.852508e-08,-3.852508e-08,2.293e-12,3.796e-96,4.740e-08
0.0,0.8,0.04819297714,-6.168310e-08,-6.168309e-08,-6.168309e-08,2.231e-12,1.681e-93,7.589e-08
0.0,0.8,0.04953587182,-9.747143e-08,-9.747143e-08,-9.747142e-08,2.171e-12,6.307e-91,1.199e-07
0.0,0.8,0.05091618618,-1.520659e-07,-1.520659e-07,-1.520658e-07,2.112e-12,2.015e-88,1.871e-07
0.0,0.8,0.05233496293,-2.343041e-07,-2.343041e-07,-2.343040e-07,2.056e-12,5.501e-86,2.883e-07
0.0,0.8,0.05379327381,-3.566711e-07,-3.566711e-07,-3.566710e-07,2.000e-12,1.290e-83,4.388e-07
0.0,0.8,0.05529222045,-5.365848e-07,-5.365848e-07,-5.365845e-07,1.946e-12,2.607e-81,6.602e-07
0.0,0.8,0.05683293515,-7.980492e-07,-7.980492e-07,-7.980486e-07,1.894e-12,4.562e-79,9.819e-07
0.0,0.8,0.05841658179,-1.173753e-06,-1.173753e-06,-1.173751e-06,1.843e-12,6.936e-77,1.444e-06
0.0,0.8,0.06004435665,-1.707695e-06,-1.707695e-06,-1.707692e-06,1.794e-12,9.200e-75,2.101e-06
0.0,0.8,0.06171748937,-2.458431e-06,-2.458431e-06,-2.458426e-06,1.745e-12,1.068e-72,3.025e-06
0.0,0.8,0.06343724384,-3.503033e-06,-3.503033e-06,-3.503022e-06,1.699e-12,1.090e-70,4.310e-06
0.0,0.8,0.06520491918,-4.941848e-06,-4.941848e-06,-4.941827e-06,1.653e-12,9.811e-69,6.080e-06
0.0,0.8,0.06702185069,-6.904164e-06,-6.904164e-06,-6.904122e-06,1.609e-12,7.811e-67,8.495e-06
0.0,0.8,0.0688894109,-9.554841e-06,-9.554841e-06,-9.554762e-06,1.565e-12,5.521e-65,1.176e-05
0.0,0.8,0.07080901057,-1.310201e-05,-1.310201e-05,-1.310186e-05,1.523e-12,3.476e-63,1.612e-05
0.0,0.8,0.07278209978,-1.780583e-05,-1.780583e-05,-1.780556e-05,1.483e-12,1.955e-61,2.191e-05
0.0,0.8,0.07481016902,-2.398844e-05,-2.398844e-05,-2.398795e-05,1.443e-12,9.853e-60,2.951e-05
0.0,0.8,0.0768947503,-3.204494e-05,-3.204494e-05,-3.204408e-05,1.404e-12,4.463e-58,3.943e-05
0.0,0.8,0.07903741831,-4.245554e-05,-4.245554e-05,-4.245404e-05,1.367e-12,1.823e-56,5.224e-05
0.0,0.8,0.08123979166,-5.579865e-05,-5.579865e-05,-5.579609e-05,1.330e-12,6.728e-55,6.865e-05
0.0,0.8,0.08350353402,-7.276488e-05,-7.276488e-05,-7.276055e-05,1.295e-12,2.251e-53,8.952e-05
0.0,0.8,0.08583035543,-9.417173e-05,-9.417173e-05,-9.416454e-05,1.260e-12,6.847e-52,1.159e-04
0.0,0.8,0.0882220136,-1.209788e-04,-1.209788e-04,-1.209671e-04,1.226e-12,1.897e-50,1.488e-04
0.0,0.8,0.09068031519,-1.543033e-04,-1.543033e-04,-1.542843e-04,1.194e-12,4.803e-49,1.898e-04
0.0,0.8,0.09320711722,-1.954352e-04,-1.954352e-04,-1.954050e-04,1.162e-12,1.113e-47,2.404e-04
0.0,0.8,0.09580432845,-2.458524e-04,-2.458524e-04,-2.458052e-04,1.131e-12,2.369e-46,3.024e-04
0.0,0.8,0.09847391083,-3.072351e-04,-3.072351e-04,-3.071620e-04,1.101e-12,4.639e-45,3.779e-04
0.0,0.8,0.101217881,-3.814782e-04,-3.814782e-04,-3.813665e-04,1.071e-12,8.375e-44,4.692e-04
0.0,0.8,0.1040383117,-4.707033e-04,-4.707033e-04,-4.705349e-04,1.043e-12,1.397e-42,5.789e-04
0.0,0.8,0.1069373336,-5.772682e-04,-5.772682e-04,-5.770172e-04,1.015e-12,2.159e-41,7.100e-04
0.0,0.8,0.1099171365,-7.037734e-04,-7.037734e-04,-7.034040e-04,9.882e-13,3.097e-40,8.655e-04
0.0,0.8,0.1129799716,-8.530669e-04,-8.530669e-04,-8.525295e-04,9.619e-13,4.131e-39,1.049e-03
0.0,0.8,0.1161281523,-1.028245e-03,-1.028245e-03,-1.027472e-03,9.363e-13,5.134e-38,1.264e-03
0.0,0.8,0.1193640569,-1.232652e-03,-1.232652e-03,-1.231552e-03,9.115e-13,5.956e-37,1.515e-03
0.0,0.8,0.1226901298,-1.469870e-03,-1.469870e-03,-1.468322e-03,8.873e-13,6.464e-36,1.807e-03
0.0,0.8,0.1261088836,-1.743712e-03,-1.743712e-03,-1.741558e-03,8.637e-13,6.573e-35,2.143e-03
0.0,0.8,0.1296229008,-2.058211e-03,-2.058211e-03,-2.055242e-03,8.408e-13,6.273e-34,2.529e-03
0.0,0.8,0.1332348358,-2.417595e-03,-2.417595e-03,-2.413545e-03,8.185e-13,5.630e-33,2.970e-03
0.0,0.8,0.1369474172,-2.826272e-03,-2.826272e-03,-2.820801e-03,7.968e-13,4.759e-32,3.471e-03
0.0,0.8,0.1407634495,-3.288798e-03,-3.288798e-03,-3.281480e-03,7.756e-13,3.795e-31,4.038e-03
0.0,0.8,0.1446858154,-3.809854e-03,-3.809854e-03,-3.800157e-03,7.550e-13,2.859e-30,4.676e-03
0.0,0.8,0.1487174777,-4.394207e-03,-4.394207e-03,-4.381475e-03,7.350e-13,2.039e-29,5.391e-03
0.0,0.8,0.1528614821,-5.046673e-03,-5.046673e-03,-5.030110e-03,7.154e-13,1.378e-28,6.189e-03
0.0,0.8,0.157120959,-5.772082e-03,-5.772082e-03,-5.750725e-03,6.964e-13,8.836e-28,7.076e-03
0.0,0.8,0.1614991259,-6.575230e-03,-6.575230e-03,-6.547933e-03,6.778e-13,5.386e-27,8.057e-03
0.0,0.8,0.1659992902,-7.460836e-03,-7.460836e-03,-7.426248e-03,6.598e-13,3.125e-26,9.137e-03
0.0,0.8,0.1706248514,-8.433497e-03,-8.433497e-03,-8.390041e-03,6.422e-13,1.728e-25,1.032e-02
0.0,0.8,0.1753793036,-9.497631e-03,-9.497631e-03,-9.443493e-03,6.250e-13,9.118e-25,1.162e-02
0.0,0.8,0.1802662383,-1.065744e-02,-1.065744e-02,-1.059055e-02,6.082e-13,4.597e-24,1.303e-02
0.0,0.8,0.1852893472,-1.191683e-02,-1.191683e-02,-1.183488e-02,5.919e-13,2.217e-23,1.456e-02
0.0,0.8,0.1904524247,-1.327942e-02,-1.327942e-02,-1.317981e-02,5.760e-13,1.024e-22,1.622e-02
0.0,0.8,0.1957593711,-1.474840e-02,-1.474840e-02,-1.462833e-02,5.605e-13,4.538e-22,1.800e-02
0.0,0.8,0.2012141953,-1.632656e-02,-1.632656e-02,-1.618301e-02,5.453e-13,1.930e-21,1.991e-02
0.0,0.8,0.2068210179,-1.801621e-02,-1.801621e-02,-1.784598e-02,5.305e-13,7.889e-21,2.196e-02
0.0,0.8,0.2125840742,-1.981909e-02,-1.981909e-02,-1.961890e-02,5.161e-13,3.102e-20,2.414e-02
0.0,0.8,0.2185077179,-2.173641e-02,-2.173641e-02,-2.150292e-02,5.020e-13,1.175e-19,2.646e-02
0.0,0.8,0.2245964235,-2.376871e-02,-2.376871e-02,-2.349868e-02,4.882e-13,4.291e-19,2.891e-02
0.0,0.8,0.2308547906,-2.591586e-02,-2.591586e-02,-2.560628e-02,4.748e-13,1.512e-18,3.151e-02
0.0,0.8,0.2372875467,-2.817704e-02,-2.817704e-02,-2.782525e-02,4.616e-13,5.148e-18,3.424e-02
0.0,0.8,0.2438995512,-3.055063e-02,-3.055063e-02,-3.015456e-02,4.488e-13,1.694e-17,3.710e-02
0.0,0.8,0.2506957989,-3.303424e-02,-3.303424e-02,-3.259261e-02,4.362e-13,5.397e-17,4.010e-02
0.0,0.8,0.2576814237,-3.562467e-02,-3.562467e-02,-3.513723e-02,4.240e-13,1.665e-16,4.323e-02
0.0,0.8,0.2648617025,-3.831783e-02,-3.831783e-02,-3.778570e-02,4.119e-13,4.982e-16,4.649e-02
0.0,0.8,0.2722420593,-4.110879e-02,-4.110879e-02,-4.053471e-02,4.002e-13,1.446e-15,4.987e-02
0.0,0.8,0.2798280694,-4.399171e-02,-4.399171e-02,-4.338045e-02,3.887e-13,4.075e-15,5.338e-02
0.0,0.8,0.2876254633,-4.695985e-02,-4.695985e-02,-4.631857e-02,3.774e-13,1.116e-14,5.699e-02
0.0,0.8,0.2956401311,-5.000557e-02,-5.000557e-02,-4.934422e-02,3.664e-13,2.973e-14,6.071e-02
0.0,0.8,0.3038781273,-5.312035e-02,-5.312035e-02,-5.245210e-02,3.556e-13,7.709e-14,6.454e-02
0.0,0.8,0.3123456747,-5.629476e-02,-5.629476e-02,-5.563644e-02,3.450e-13,1.947e-13,6.846e-02
0.0,0.8,0.3210491698,-5.951853e-02,-5.951853e-02,-5.889108e-02,3.346e-13,4.793e-13,7.246e-02
0.0,0.8,0.3299951874,-6.278055e-02,-6.278055e-02,-6.220949e-02,3.244e-13,1.151e-12,7.654e-02
0.0,0.8,0.3391904853,-6.606893e-02,-6.606893e-02,-6.558480e-02,3.144e-13,2.697e-12,8.070e-02
0.0,0.8,0.3486420097,-6.937102e-02,-6.937102e-02,-6.900984e-02,3.046e-13,6.174e-12,8.491e-02
0.0,0.8,0.3583569002,-7.267353e-02,-7.267353e-02,-7.247718e-02,2.950e-13,1.381e-11,8.918e-02
0.0,0.8,0.3683424957,-7.596252e-02,-7.596252e-02,-7.597918e-02,2.856e-13,3.021e-11,9.348e-02
0.0,0.8,0.3786063392,-7.922355e-02,-7.922355e-02,-7.950802e-02,2.764e-13,6.468e-11,9.783e-02
0.0,0.8,0.3891561842,-8.244173e-02,-8.244173e-02,-8.305576e-02,2.673e-13,1.356e-10,1.022e-01
0.0,0.8,0.4,-8.560182e-02,-8.560182e-02,-8.661435e-02,2.584e-13,2.783e-10,1.066e-01
0.0,1.2,0.0025,2.842171e-14,-1.713545e-99,-1.713545e-99,4.319e-11,0.000e+00,2.081e-99
0.0,1.2,0.002559099,5.684342e-14,-3.412277e-97,-3.412277e-97,4.219e-11,0.000e+00,4.143e-97
0.0,1.2,0.002619595078,2.842171e-14,-6.011457e-95,-6.011457e-95,4.122e-11,0.000e+00,7.299e-95
0.0,1.2,0.002681521258,2.842171e-14,-9.395738e-93,-9.395738e-93,4.026e-11,0.000e+00,1.141e-92
0.0,1.2,0.002744911348,2.842171e-14,-1.306466e-90,-1.306466e-90,3.933e-11,0.000e+00,1.586e-90
0.0,1.2,0.002809799955,0.000000e+00,-1.620520e-88,-1.620520e-88,3.842e-11,0.000e+00,1.968e-88
0.0,1.2,0.002876222502,1.421085e-14,-1.797815e-86,-1.797815e-86,3.753e-11,0.000e+00,2.183e-86
0.0,1.2,0.002944215252,2.842171e-14,-1.788503e-84,-1.788503e-84,3.667e-11,0.000e+00,2.172e-84
0.0,1.2,0.003013815324,-1.421085e-14,-1.599490e-82,-1.599490e-82,3.582e-11,0.000e+00,1.942e-82
0.0,1.2,0.003085060713,0.000000e+00,-1.289106e-80,-1.289106e-80,3.499e-11,0.000e+00,1.565e-80
0.0,1.2,0.003157990315,-1.421085e-14,-9.385443e-79,-9.385443e-79,3.418e-11,0.000e+00,1.140e-78
0.0,1.2,0.003232643943,2.842171e-14,-6.187269e-77,-6.187269e-77,3.339e-11,0.000e+00,7.512e-77
0.0,1.2,0.003309062353,1.421085e-14,-3.701837e-75,-3.701837e-75,3.262e-11,0.000e+00,4.495e-75
0.0,1.2,0.003387287264,2.842171e-14,-2.014570e-73,-2.014570e-73,3.186e-11,0.000e+00,2.446e-73
0.0,1.2,0.003467361381,2.842171e-14,-9.994126e-72,-9.994126e-72,3.113e-11,0.000e+00,1.213e-71
0.0,1.2,0.003549328418,2.842171e-14,-4.529318e-70,-4.529318e-70,3.041e-11,0.000e+00,5.499e-70
0.0,1.2,0.003633233122,0.000000e+00,-1.879116e-68,-1.879116e-68,2.970e-11,0.000e+00,2.282e-68
0.0,1.2,0.003719121301,4.263256e-14,-7.151430e-67,-7.151430e-67,2.901e-11,0.000e+00,8.683e-67
0.0,1.2,0.003807039841,0.000000e+00,-2.501592e-65,-2.501592e-65,2.834e-11,0.000e+00,3.037e-65
0.0,1.2,0.003897036741,1.421085e-14,-8.058792e-64,-8.058792e-64,2.769e-11,0.000e+00,9.785e-64
0.0,1.2,0.003989161131,2.842171e-14,-2.395407e-62,-2.395407e-62,2.705e-11,0.000e+00,2.908e-62
0.0,1.2,0.004083463305,1.421085e-14,-6.581902e-61,-6.581902e-61,2.642e-11,0.000e+00,7.992e-61
0.0,1.2,0.004179994745,1.421085e-14,-1.674846e-59,-1.674846e-59,2.581e-11,0.000e+00,2.034e-59
0.0,1.2,0.00427880815,2.842171e-14,-3.953844e-58,-3.953844e-58,2.521e-11,0.000e+00,4.801e-58
0.0,1.2,0.004379957463,2.842171e-14,-8.674368e-57,-8.674368e-57,2.463e-11,0.000e+00,1.053e-56
0.0,1.2,0.004483497907,1.421085e-14,-1.771597e-55,-1.771597e-55,2.406e-11,0.000e+00,2.151e-55
0.0,1.2,0.004589486004,1.421085e-14,-3.373794e-54,-3.373794e-54,2.350e-11,0.000e+00,4.096e-54
0.0,1.2,0.004697979618,0.000000e+00,-6.000679e-53,-6.000679e-53,2.295e-11,0.000e+00,7.286e-53
0.0,1.2,0.004809037978,1.421085e-14,-9.983791e-52,-9.983791e-52,2.242e-11,0.000e+00,1.212e-51
0.0,1.2,0.004922721713,1.421085e-14,-1.556228e-50,-1.556228e-50,2.190e-11,0.000e+00,1.890e-50
0.0,1.2,0.005039092886,1.421085e-14,-2.276081e-49,-2.276081e-49,2.140e-11,0.000e+00,2.764e-49
0.0,1.2,0.005158215027,0.000000e+00,-3.128078e-48,-3.128078e-48,2.090e-11,0.000e+00,3.798e-48
0.0,1.2,0.005280153168,1.421085e-14,-4.045452e-47,-4.045452e-47,2.042e-11,0.000e+00,4.912e-47
0.0,1.2,0.005404973878,1.421085e-14,-4.930213e-46,-4.930213e-46,1.994e-11,0.000e+00,5.986e-46
0.0,1.2,0.005532745299,2.131628e-14,-5.669818e-45,-5.669818e-45,1.948e-11,0.000e+00,6.884e-45
0.0,1.2,0.005663537186,1.421085e-14,-6.161114e-44,-6.161114e-44,1.903e-11,0.000e+00,7.481e-44
0.0,1.2,0.00579742094,7.105427e-15,-6.334384e-43,-6.334384e-43,1.859e-11,0.000e+00,7.691e-43
0.0,1.2,0.005934469654,1.421085e-14,-6.169641e-42,-6.169641e-42,1.816e-11,0.000e+00,7.491e-42
0.0,1.2,0.006074758143,0.000000e+00,-5.699911e-41,-5.699911e-41,1.774e-11,0.000e+00,6.921e-41
0.0,1.2,0.006218362997,2.842171e-14,-5.001025e-40,-5.001025e-40,1.733e-11,0.000e+00,6.072e-40
0.0,1.2,0.006365362612,1.421085e-14,-4.172057e-39,-4.172057e-39,1.692e-11,0.000e+00,5.066e-39
0.0,1.2,0.006515837239,1.421085e-14,-3.313200e-38,-3.313200e-38,1.653e-11,0.000e+00,4.023e-38
0.0,1.2,0.006669869026,2.131628e-14,-2.507524e-37,-2.507524e-37,1.615e-11,0.000e+00,3.045e-37
0.0,1.2,0.006827542063,2.131628e-14,-1.810612e-36,-1.810612e-36,1.577e-11,0.000e+00,2.198e-36
0.0,1.2,0.006988942427,2.131628e-14,-1.248705e-35,-1.248705e-35,1.541e-11,0.000e+00,1.516e-35
0.0,1.2,0.007154158232,7.105427e-15,-8.233969e-35,-8.233969e-35,1.505e-11,0.000e+00,9.997e-35
0.0,1.2,0.007323279672,7.105427e-15,-5.196649e-34,-5.196649e-34,1.470e-11,0.000e+00,6.310e-34
0.0,1.2,0.007496399075,2.131628e-14,-3.142259e-33,-3.142259e-33,1.436e-11,0.000e+00,3.815e-33
0.0,1.2,0.007673610952,2.131628e-14,-1.822193e-32,-1.822193e-32,1.403e-11,0.000e+00,2.212e-32
0.0,1.2,0.007855012047,2.131628e-14,-1.014379e-31,-1.014379e-31,1.370e-11,0.000e+00,1.232e-31
0.0,1.2,0.008040701391,1.421085e-14,-5.425866e-31,-5.425866e-31,1.338e-11,0.000e+00,6.588e-31
0.0,1.2,0.008230780357,1.421085e-14,-2.791267e-30,-2.791267e-30,1.307e-11,0.000e+00,3.389e-30
0.0,1.2,0.008425352714,7.105427e-15,-1.382256e-29,-1.382256e-29,1.277e-11,0.000e+00,1.678e-29
0.0,1.2,0.008624524683,2.131628e-14,-6.594957e-29,-6.594957e-29,1.247e-11,0.000e+00,8.007e-29
0.0,1.2,0.008828404998,7.105427e-15,-3.034209e-28,-3.034209e-28,1.219e-11,0.000e+00,3.684e-28
0.0,1.2,0.009037104963,1.421085e-14,-1.347267e-27,-1.347267e-27,1.190e-11,0.000e+00,1.636e-27
0.0,1.2,0.009250738511,7.105427e-15,-5.778197e-27,-5.778197e-27,1.163e-11,0.000e+00,7.016e-27
0.0,1.2,0.00946942227,1.421085e-14,-2.395576e-26,-2.395576e-26,1.136e-11,0.000e+00,2.909e-26
0.0,1.2,0.009693275626,2.131628e-14,-9.608289e-26,-9.608289e-26,1.109e-11,0.000e+00,1.167e-25
0.0,1.2,0.009922420787,1.421085e-14,-3.731067e-25,-3.731067e-25,1.084e-11,0.000e+00,4.530e-25
0.0,1.2,0.01015698285,2.131628e-14,-1.403767e-24,-1.403767e-24,1.058e-11,0.000e+00,1.704e-24
0.0,1.2,0.01039708986,7.105427e-15,-5.120936e-24,-5.120936e-24,1.034e-11,0.000e+00,6.218e-24
0.0,1.2,0.01064287291,7.105427e-15,-1.812614e-23,-1.812614e-23,1.010e-11,0.000e+00,2.201e-23
0.0,1.2,0.01089446617,3.552714e-15,-6.229676e-23,-6.229676e-23,9.865e-12,0.000e+00,7.564e-23
0.0,1.2,0.01115200699,1.065814e-14,-2.080297e-22,-2.080297e-22,9.636e-12,0.000e+00,2.526e-22
0.0,1.2,0.01141563598,1.776357e-14,-6.754191e-22,-6.754191e-22,9.413e-12,0.000e+00,8.201e-22
0.0,1.2,0.01168549705,1.065814e-14,-2.133495e-21,-2.133495e-21,9.195e-12,0.000e+00,2.590e-21
0.0,1.2,0.01196173753,1.421085e-14,-6.560785e-21,-6.560785e-21,8.981e-12,0.000e+00,7.966e-21
0.0,1.2,0.01224450822,1.421085e-14,-1.965327e-20,-1.965327e-20,8.773e-12,0.000e+00,2.386e-20
0.0,1.2,0.0125339635,1.065814e-14,-5.738408e-20,-5.738408e-20,8.570e-12,0.000e+00,6.967e-20
0.0,1.2,0.01283026138,1.421085e-14,-1.634115e-19,-1.634115e-19,8.371e-12,0.000e+00,1.984e-19
0.0,1.2,0.01313356363,1.421085e-14,-4.541083e-19,-4.541083e-19,8.177e-12,0.000e+00,5.514e-19
0.0,1.2,0.01344403582,1.421085e-14,-1.232159e-18,-1.232159e-18,7.987e-12,0.000e+00,1.496e-18
0.0,1.2,0.01376184746,1.421085e-14,-3.266209e-18,-3.266209e-18,7.802e-12,0.000e+00,3.966e-18
0.0,1.2,0.01408717203,1.421085e-14,-8.463016e-18,-8.463016e-18,7.621e-12,0.000e+00,1.028e-17
0.0,1.2,0.01442018714,1.065814e-14,-2.144562e-17,-2.144562e-17,7.444e-12,3.638e-316,2.604e-17
0.0,1.2,0.0147610746,1.065814e-14,-5.317504e-17,-5.317504e-17,7.271e-12,7.983e-309,6.456e-17
0.0,1.2,0.0151100205,1.065814e-14,-1.290775e-16,-1.290775e-16,7.103e-12,1.185e-301,1.567e-16
0.0,1.2,0.01546721534,1.065814e-14,-3.068882e-16,-3.068882e-16,6.938e-12,1.201e-294,3.726e-16
0.0,1.2,0.01583285413,7.105427e-15,-7.149974e-16,-7.149974e-16,6.777e-12,8.387e-288,8.681e-16
0.0,1.2,0.01620713647,7.105427e-15,-1.633153e-15,-1.633153e-15,6.620e-12,4.068e-281,1.983e-15
0.0,1.2,0.0165902667,7.105427e-15,-3.658862e-15,-3.658862e-15,6.466e-12,1.382e-274,4.442e-15
0.0,1.2,0.01698245397,3.552714e-15,-8.043701e-15,-8.043701e-15,6.316e-12,3.319e-268,9.766e-15
0.0,1.2,0.01738391239,-1.065814e-14,-1.735985e-14,-1.735985e-14,6.170e-12,5.673e-262,2.108e-14
0.0,1.2,0.01779486113,-2.842171e-14,-3.679608e-14,-3.679608e-14,6.027e-12,6.960e-256,4.468e-14
0.0,1.2,0.01821552453,-6.750156e-14,-7.663082e-14,-7.663082e-14,5.887e-12,6.176e-250,9.304e-14
0.0,1.2,0.01864613225,-1.492140e-13,-1.568658e-13,-1.568658e-13,5.751e-12,3.993e-244,1.905e-13
0.0,1.2,0.01908691936,-3.055334e-13,-3.157540e-13,-3.157540e-13,5.617e-12,1.895e-238,3.834e-13
0.0,1.2,0.0195381265,-6.181722e-13,-6.252212e-13,-6.252212e-13,5.487e-12,6.647e-233,7.591e-13
0.0,1.2,0.02,-1.207923e-12,-1.218281e-12,-1.218281e-12,5.360e-12,1.736e-227,1.479e-12
0.0,1.2,0.02055729891,-2.611245e-12,-2.617183e-12,-2.617183e-12,5.214e-12,2.827e-221,3.178e-12
0.0,1.2,0.02113012692,-5.499601e-12,-5.504945e-12,-5.504945e-12,5.072e-12,3.124e-215,6.684e-12
0.0,1.2,0.02171891675,-1.133671e-11,-1.134364e-11,-1.134364e-11,4.934e-12,2.366e-209,1.377e-11
0.0,1.2,0.02232411318,-2.290790e-11,-2.291259e-11,-2.291259e-11,4.800e-12,1.241e-203,2.782e-11
0.0,1.2,0.02294617338,-4.538592e-11,-4.538929e-11,-4.538929e-11,4.669e-12,4.553e-198,5.511e-11
0.0,1.2,0.02358556724,-8.822454e-11,-8.823052e-11,-8.823052e-11,4.542e-12,1.180e-192,1.071e-10
0.0,1.2,0.02424277779,-1.683738e-10,-1.683810e-10,-1.683810e-10,4.418e-12,2.180e-187,2.044e-10
0.0,1.2,0.02491830147,-3.156337e-10,-3.156405e-10,-3.156405e-10,4.298e-12,2.897e-182,3.832e-10
0.0,1.2,0.02561264858,-5.814655e-10,-5.814713e-10,-5.814713e-10,4.181e-12,2.796e-177,7.060e-10
0.0,1.2,0.02632634363,-1.053179e-09,-1.053185e-09,-1.053185e-09,4.068e-12,1.976e-172,1.279e-09
0.0,1.2,0.02705992576,-1.876380e-09,-1.876384e-09,-1.876384e-09,3.957e-12,1.032e-167,2.278e-09
0.0,1.2,0.02781394911,-3.289820e-09,-3.289825e-09,-3.289825e-09,3.849e-12,4.010e-163,3.994e-09
0.0,1.2,0.02858898329,-5.678666e-09,-5.678675e-09,-5.678675e-09,3.745e-12,1.170e-158,6.895e-09
0.0,1.2,0.02938561374,-9.654451e-09,-9.654456e-09,-9.654456e-09,3.643e-12,2.582e-154,1.172e-08
0.0,1.2,0.03020444227,-1.617311e-08,-1.617312e-08,-1.617312e-08,3.544e-12,4.343e-150,1.964e-08
0.0,1.2,0.0310460874,-2.670661e-08,-2.670662e-08,-2.670662e-08,3.447e-12,5.610e-146,3.243e-08
0.0,1.2,0.03191118493,-4.348824e-08,-4.348825e-08,-4.348825e-08,3.353e-12,5.604e-142,5.280e-08
0.0,1.2,0.03280038836,-6.985821e-08,-6.985822e-08,-6.985822e-08,3.262e-12,4.359e-138,8.482e-08
0.0,1.2,0.03371436939,-1.107428e-07,-1.107428e-07,-1.107428e-07,3.173e-12,2.659e-134,1.345e-07
0.0,1.2,0.03465381845,-1.733093e-07,-1.733093e-07,-1.733093e-07,3.087e-12,1.280e-130,2.104e-07
0.0,1.2,0.03561944521,-2.678476e-07,-2.678476e-07,-2.678476e-07,3.003e-12,4.894e-127,3.252e-07
0.0,1.2,0.0366119791,-4.089410e-07,-4.089410e-07,-4.089410e-07,2.921e-12,1.496e-123,4.965e-07
0.0,1.2,0.0376321699,-6.169981e-07,-6.169981e-07,-6.169981e-07,2.842e-12,3.677e-120,7.491e-07
0.0,1.2,0.03868078826,-9.202307e-07,-9.202307e-07,-9.202307e-07,2.765e-12,7.311e-117,1.117e-06
0.0,1.2,0.03975862631,-1.357172e-06,-1.357172e-06,-1.357172e-06,2.690e-12,1.183e-113,1.648e-06
0.0,1.2,0.04086649826,-1.979842e-06,-1.979842e-06,-1.979842e-06,2.616e-12,1.565e-110,2.404e-06
0.0,1.2,0.04200524101,-2.857670e-06,-2.857670e-06,-2.857670e-06,2.545e-12,1.704e-107,3.470e-06
0.0,1.2,0.04317571475,-4.082292e-06,-4.082292e-06,-4.082292e-06,2.476e-12,1.534e-104,4.957e-06
0.0,1.2,0.04437880369,-5.773355e-06,-5.773355e-06,-5.773355e-06,2.409e-12,1.148e-101,7.010e-06
0.0,1.2,0.04561541663,-8.085425e-06,-8.085425e-06,-8.085425e-06,2.343e-12,7.182e-99,9.817e-06
0.0,1.2,0.04688648772,-1.121613e-05,-1.121613e-05,-1.121613e-05,2.279e-12,3.770e-96,1.362e-05
0.0,1.2,0.04819297714,-1.541559e-05,-1.541559e-05,-1.541559e-05,2.217e-12,1.669e-93,1.872e-05
0.0,1.2,0.04953587182,-2.099730e-05,-2.099730e-05,-2.099730e-05,2.157e-12,6.264e-91,2.549e-05
0.0,1.2,0.05091618618,-2.835038e-05,-2.835038e-05,-2.835038e-05,2.099e-12,2.001e-88,3.442e-05
0.0,1.2,0.05233496293,-3.795328e-05,-3.795328e-05,-3.795327e-05,2.041e-12,5.463e-86,4.608e-05
0.0,1.2,0.05379327381,-5.038891e-05,-5.038891e-05,-5.038890e-05,1.986e-12,1.281e-83,6.118e-05
0.0,1.2,0.05529222045,-6.636107e-05,-6.636107e-05,-6.636104e-05,1.932e-12,2.589e-81,8.057e-05
0.0,1.2,0.05683293515,-8.671202e-05,-8.671202e-05,-8.671197e-05,1.879e-12,4.530e-79,1.053e-04
0.0,1.2,0.05841658179,-1.124411e-04,-1.124411e-04,-1.124410e-04,1.828e-12,6.889e-77,1.365e-04
0.0,1.2,0.06004435665,-1.447240e-04,-1.447240e-04,-1.447238e-04,1.779e-12,9.137e-75,1.757e-04
0.0,1.2,0.06171748937,-1.849324e-04,-1.849324e-04,-1.849320e-04,1.730e-12,1.061e-72,2.245e-04
0.0,1.2,0.06343724384,-2.346536e-04,-2.346536e-04,-2.346530e-04,1.683e-12,1.083e-70,2.849e-04
0.0,1.2,0.06520491918,-2.957100e-04,-2.957100e-04,-2.957089e-04,1.638e-12,9.743e-69,3.590e-04
0.0,1.2,0.06702185069,-3.701774e-04,-3.701774e-04,-3.701755e-04,1.593e-12,7.758e-67,4.495e-04
0.0,1.2,0.0688894109,-4.604019e-04,-4.604019e-04,-4.603984e-04,1.550e-12,5.483e-65,5.590e-04
0.0,1.2,0.07080901057,-5.690150e-04,-5.690150e-04,-5.690090e-04,1.508e-12,3.452e-63,6.909e-04
0.0,1.2,0.07278209978,-6.989463e-04,-6.989463e-04,-6.989361e-04,1.467e-12,1.941e-61,8.486e-04
0.0,1.2,0.07481016902,-8.534332e-04,-8.534332e-04,-8.534163e-04,1.427e-12,9.785e-60,1.036e-03
0.0,1.2,0.0768947503,-1.036027e-03,-1.036027e-03,-1.035999e-03,1.388e-12,4.433e-58,1.258e-03
0.0,1.2,0.07903741831,-1.250596e-03,-1.250596e-03,-1.250550e-03,1.350e-12,1.810e-56,1.518e-03
0.0,1.2,0.08123979166,-1.501320e-03,-1.501320e-03,-1.501247e-03,1.313e-12,6.682e-55,1.823e-03
0.0,1.2,0.08350353402,-1.792690e-03,-1.792690e-03,-1.792574e-03,1.278e-12,2.236e-53,2.176e-03
0.0,1.2,0.08583035543,-2.129490e-03,-2.129490e-03,-2.129309e-03,1.243e-12,6.800e-52,2.585e-03
0.0,1.2,0.0882220136,-2.516784e-03,-2.516784e-03,-2.516506e-03,1.209e-12,1.884e-50,3.055e-03
0.0,1.2,0.09068031519,-2.959894e-03,-2.959894e-03,-2.959470e-03,1.176e-12,4.770e-49,3.593e-03
0.0,1.2,0.09320711722,-3.464372e-03,-3.464372e-03,-3.463735e-03,1.144e-12,1.106e-47,4.206e-03
0.0,1.2,0.09580432845,-4.035970e-03,-4.035970e-03,-4.035023e-03,1.113e-12,2.353e-46,4.899e-03
0.0,1.2,0.09847391083,-4.680604e-03,-4.680604e-03,-4.679211e-03,1.082e-12,4.607e-45,5.681e-03
0.0,1.2,0.101217881,-5.404312e-03,-5.404312e-03,-5.402288e-03,1.053e-12,8.317e-44,6.559e-03
0.0,1.2,0.1040383117,-6.213214e-03,-6.213214e-03,-6.210304e-03,1.024e-12,1.388e-42,7.540e-03
0.0,1.2,0.1069373336,-7.113464e-03,-7.113464e-03,-7.109323e-03,9.958e-13,2.145e-41,8.632e-03
0.0,1.2,0.1099171365,-8.111200e-03,-8.111200e-03,-8.105370e-03,9.685e-13,3.076e-40,9.841e-03
0.0,1.2,0.1129799716,-9.212497e-03,-9.212497e-03,-9.204371e-03,9.419e-13,4.102e-39,1.118e-02
0.0,1.2,0.1161281523,-1.042332e-02,-1.042332e-02,-1.041210e-02,9.160e-13,5.098e-38,1.264e-02
0.0,1.2,0.1193640569,-1.174945e-02,-1.174945e-02,-1.173411e-02,8.908e-13,5.915e-37,1.425e-02
0.0,1.2,0.1226901298,-1.319648e-02,-1.319648e-02,-1.317571e-02,8.662e-13,6.419e-36,1.600e-02
0.0,1.2,0.1261088836,-1.476971e-02,-1.476971e-02,-1.474184e-02,8.423e-13,6.527e-35,1.790e-02
0.0,1.2,0.1296229008,-1.647417e-02,-1.647417e-02,-1.643709e-02,8.191e-13,6.230e-34,1.996e-02
0.0,1.2,0.1332348358,-1.831450e-02,-1.831450e-02,-1.826559e-02,7.964e-13,5.591e-33,2.218e-02
0.0,1.2,0.1369474172,-2.029497e-02,-2.029497e-02,-2.023100e-02,7.744e-13,4.726e-32,2.456e-02
0.0,1.2,0.1407634495,-2.241942e-02,-2.241942e-02,-2.233643e-02,7.529e-13,3.769e-31,2.712e-02
0.0,1.2,0.1446858154,-2.469122e-02,-2.469122e-02,-2.458443e-02,7.321e-13,2.840e-30,2.985e-02
0.0,1.2,0.1487174777,-2.711327e-02,-2.711327e-02,-2.697691e-02,7.117e-13,2.025e-29,3.275e-02
0.0,1.2,0.1528614821,-2.968795e-02,-2.968795e-02,-2.951516e-02,6.920e-13,1.368e-28,3.584e-02
0.0,1.2,0.157120959,-3.241711e-02,-3.241711e-02,-3.219977e-02,6.727e-13,8.775e-28,3.910e-02
0.0,1.2,0.1614991259,-3.530205e-02,-3.530205e-02,-3.503065e-02,6.540e-13,5.349e-27,4.253e-02
0.0,1.2,0.1659992902,-3.834354e-02,-3.834354e-02,-3.800700e-02,6.358e-13,3.103e-26,4.615e-02
0.0,1.2,0.1706248514,-4.154174e-02,-4.154174e-02,-4.112731e-02,6.181e-13,1.716e-25,4.994e-02
0.0,1.2,0.1753793036,-4.489627e-02,-4.489627e-02,-4.438934e-02,6.008e-13,9.055e-25,5.390e-02
0.0,1.2,0.1802662383,-4.840614e-02,-4.840614e-02,-4.779013e-02,5.841e-13,4.565e-24,5.803e-02
0.0,1.2,0.1852893472,-5.206981e-02,-5.206981e-02,-5.132603e-02,5.677e-13,2.202e-23,6.232e-02
0.0,1.2,0.1904524247,-5.588512e-02,-5.588512e-02,-5.499269e-02,5.519e-13,1.017e-22,6.677e-02
0.0,1.2,0.1957593711,-5.984933e-02,-5.984933e-02,-5.878511e-02,5.365e-13,4.507e-22,7.137e-02
0.0,1.2,0.2012141953,-6.395911e-02,-6.395911e-02,-6.269761e-02,5.214e-13,1.917e-21,7.613e-02
0.0,1.2,0.2068210179,-6.821054e-02,-6.821054e-02,-6.672394e-02,5.068e-13,7.834e-21,8.101e-02
0.0,1.2,0.2125840742,-7.259907e-02,-7.259907e-02,-7.085726e-02,4.926e-13,3.081e-20,8.603e-02
0.0,1.2,0.2185077179,-7.711957e-02,-7.711957e-02,-7.509019e-02,4.788e-13,1.167e-19,9.117e-02
0.0,1.2,0.2245964235,-8.176626e-02,-8.176626e-02,-7.941486e-02,4.654e-13,4.261e-19,9.642e-02
0.0,1.2,0.2308547906,-8.653275e-02,-8.653275e-02,-8.382295e-02,4.523e-13,1.502e-18,1.018e-01
0.0,1.2,0.2372875467,-9.141202e-02,-9.141202e-02,-8.830574e-02,4.396e-13,5.112e-18,1.072e-01
0.0,1.2,0.2438995512,-9.639637e-02,-9.639637e-02,-9.285416e-02,4.272e-13,1.683e-17,1.127e-01
0.0,1.2,0.2506957989,-1.014775e-01,-1.014775e-01,-9.745884e-02,4.151e-13,5.360e-17,1.183e-01
0.0,1.2,0.2576814237,-1.066463e-01,-1.066463e-01,-1.021101e-01,4.034e-13,1.654e-16,1.240e-01
0.0,1.2,0.2648617025,-1.118932e-01,-1.118932e-01,-1.067983e-01,3.919e-13,4.947e-16,1.297e-01
0.0,1.2,0.2722420593,-1.172077e-01,-1.172077e-01,-1.115132e-01,3.807e-13,1.436e-15,1.354e-01
0.0,1.2,0.2798280694,-1.225787e-01,-1.225787e-01,-1.162449e-01,3.699e-13,4.047e-15,1.411e-01
0.0,1.2,0.2876254633,-1.279945e-01,-1.279945e-01,-1.209832e-01,3.592e-13,1.108e-14,1.469e-01
0.0,1.2,0.2956401311,-1.334426e-01,-1.334426e-01,-1.257181e-01,3.489e-13,2.953e-14,1.526e-01
0.0,1.2,0.3038781273,-1.389097e-01,-1.389097e-01,-1.304394e-01,3.388e-13,7.656e-14,1.584e-01
0.0,1.2,0.3123456747,-1.443820e-01,-1.443820e-01,-1.351371e-01,3.289e-13,1.934e-13,1.641e-01
0.0,1.2,0.3210491698,-1.498449e-01,-1.498449e-01,-1.398015e-01,3.193e-13,4.760e-13,1.697e-01
0.0,1.2,0.3299951874,-1.552832e-01,-1.552832e-01,-1.444228e-01,3.099e-13,1.143e-12,1.754e-01
0.0,1.2,0.3391904853,-1.606812e-01,-1.606812e-01,-1.489915e-01,3.007e-13,2.679e-12,1.809e-01
0.0,1.2,0.3486420097,-1.660224e-01,-1.660224e-01,-1.534984e-01,2.917e-13,6.131e-12,1.864e-01
0.0,1.2,0.3583569002,-1.712900e-01,-1.712900e-01,-1.579345e-01,2.829e-13,1.372e-11,1.918e-01
0.0,1.2,0.3683424957,-1.764667e-01,-1.764667e-01,-1.622913e-01,2.743e-13,3.001e-11,1.970e-01
0.0,1.2,0.3786063392,-1.815346e-01,-1.815346e-01,-1.665603e-01,2.659e-13,6.423e-11,2.022e-01
0.0,1.2,0.3891561842,-1.864758e-01,-1.864758e-01,-1.707336e-01,2.577e-13,1.346e-10,2.073e-01
0.0,1.2,0.4,-1.912720e-01,-1.912720e-01,-1.748037e-01,2.497e-13,2.764e-10,2.122e-01
0.0,1.6,0.0025,5.684342e-14,-1.315845e-67,-1.315845e-67,4.315e-11,0.000e+00,1.604e-67
0.0,1.6,0.002559099,1.136868e-13,-4.811735e-66,-4.811735e-66,4.215e-11,0.000e+00,5.864e-66
0.0,1.6,0.002619595078,5.684342e-14,-1.618764e-64,-1.618764e-64,4.117e-11,0.000e+00,1.973e-64
0.0,1.6,0.002681521258,7.105427e-14,-5.019804e-63,-5.019804e-63,4.022e-11,0.000e+00,6.118e-63
0.0,1.6,0.002744911348,7.105427e-14,-1.437567e-61,-1.437567e-61,3.929e-11,0.000e+00,1.752e-61
0.0,1.6,0.002809799955,7.105427e-14,-3.808956e-60,-3.808956e-60,3.838e-11,0.000e+00,4.642e-60
0.0,1.6,0.002876222502,7.105427e-14,-9.354053e-59,-9.354053e-59,3.749e-11,0.000e+00,1.140e-58
0.0,1.6,0.002944215252,7.105427e-14,-2.132905e-57,-2.132905e-57,3.663e-11,0.000e+00,2.600e-57
0.0,1.6,0.003013815324,4.263256e-14,-4.523402e-56,-4.523402e-56,3.578e-11,0.000e+00,5.513e-56
0.0,1.6,0.003085060713,2.842171e-14,-8.937327e-55,-8.937327e-55,3.495e-11,0.000e+00,1.089e-54
0.0,1.6,0.003157990315,4.263256e-14,-1.647818e-53,-1.647818e-53,3.414e-11,0.000e+00,2.008e-53
0.0,1.6,0.003232643943,7.105427e-14,-2.839641e-52,-2.839641e-52,3.335e-11,0.000e+00,3.461e-52
0.0,1.6,0.003309062353,4.263256e-14,-4.580872e-51,-4.580872e-51,3.258e-11,0.000e+00,5.583e-51
0.0,1.6,0.003387287264,7.105427e-14,-6.928281e-50,-6.928281e-50,3.183e-11,0.000e+00,8.444e-50
0.0,1.6,0.003467361381,7.105427e-14,-9.838801e-49,-9.838801e-49,3.109e-11,0.000e+00,1.199e-48
0.0,1.6,0.003549328418,5.684342e-14,-1.313802e-47,-1.313802e-47,3.037e-11,0.000e+00,1.601e-47
0.0,1.6,0.003633233122,7.105427e-14,-1.651986e-46,-1.651986e-46,2.967e-11,0.000e+00,2.013e-46
0.0,1.6,0.003719121301,8.526513e-14,-1.958728e-45,-1.958728e-45,2.898e-11,0.000e+00,2.387e-45
0.0,1.6,0.003807039841,4.263256e-14,-2.192919e-44,-2.192919e-44,2.831e-11,0.000e+00,2.673e-44
0.0,1.6,0.003897036741,4.263256e-14,-2.321276e-43,-2.321276e-43,2.766e-11,0.000e+00,2.829e-43
0.0,1.6,0.003989161131,4.263256e-14,-2.326212e-42,-2.326212e-42,2.702e-11,0.000e+00,2.835e-42
0.0,1.6,0.004083463305,5.684342e-14,-2.209730e-41,-2.209730e-41,2.639e-11,0.000e+00,2.693e-41
0.0,1.6,0.004179994745,5.684342e-14,-1.992201e-40,-1.992201e-40,2.578e-11,0.000e+00,2.428e-40
0.0,1.6,0.00427880815,7.105427e-14,-1.706691e-39,-1.706691e-39,2.518e-11,0.000e+00,2.080e-39
0.0,1.6,0.004379957463,7.105427e-14,-1.390967e-38,-1.390967e-38,2.460e-11,0.000e+00,1.695e-38
0.0,1.6,0.004483497907,2.842171e-14,-1.079739e-37,-1.079739e-37,2.403e-11,0.000e+00,1.316e-37
0.0,1.6,0.004589486004,4.263256e-14,-7.991898e-37,-7.991898e-37,2.348e-11,0.000e+00,9.740e-37
0.0,1.6,0.004697979618,2.842171e-14,-5.646603e-36,-5.646603e-36,2.293e-11,0.000e+00,6.882e-36
0.0,1.6,0.004809037978,2.842171e-14,-3.812388e-35,-3.812388e-35,2.240e-11,0.000e+00,4.646e-35
0.0,1.6,0.004922721713,2.842171e-14,-2.462267e-34,-2.462267e-34,2.188e-11,0.000e+00,3.001e-34
0.0,1.6,0.005039092886,4.263256e-14,-1.522812e-33,-1.522812e-33,2.138e-11,0.000e+00,1.856e-33
0.0,1.6,0.005158215027,4.263256e-14,-9.027456e-33,-9.027456e-33,2.088e-11,0.000e+00,1.100e-32
0.0,1.6,0.005280153168,3.552714e-14,-5.134725e-32,-5.134725e-32,2.040e-11,0.000e+00,6.258e-32
0.0,1.6,0.005404973878,4.263256e-14,-2.804895e-31,-2.804895e-31,1.993e-11,0.000e+00,3.419e-31
0.0,1.6,0.005532745299,4.973799e-14,-1.472886e-30,-1.472886e-30,1.947e-11,0.000e+00,1.795e-30
0.0,1.6,0.005663537186,4.263256e-14,-7.441669e-30,-7.441669e-30,1.902e-11,0.000e+00,9.070e-30
0.0,1.6,0.00579742094,3.552714e-14,-3.620823e-29,-3.620823e-29,1.858e-11,0.000e+00,4.413e-29
0.0,1.6,0.005934469654,3.552714e-14,-1.698079e-28,-1.698079e-28,1.815e-11,0.000e+00,2.070e-28
0.0,1.6,0.006074758143,3.552714e-14,-7.682304e-28,-7.682304e-28,1.773e-11,0.000e+00,9.363e-28
0.0,1.6,0.006218362997,4.973799e-14,-3.355586e-27,-3.355586e-27,1.732e-11,0.000e+00,4.090e-27
0.0,1.6,0.006365362612,3.552714e-14,-1.416254e-26,-1.416254e-26,1.692e-11,0.000e+00,1.726e-26
0.0,1.6,0.006515837239,3.552714e-14,-5.780343e-26,-5.780343e-26,1.652e-11,0.000e+00,7.045e-26
0.0,1.6,0.006669869026,2.842171e-14,-2.283192e-25,-2.283192e-25,1.614e-11,0.000e+00,2.783e-25
0.0,1.6,0.006827542063,3.552714e-14,-8.734454e-25,-8.734454e-25,1.577e-11,0.000e+00,1.065e-24
0.0,1.6,0.006988942427,4.263256e-14,-3.238580e-24,-3.238580e-24,1.540e-11,0.000e+00,3.947e-24
0.0,1.6,0.007154158232,2.131628e-14,-1.164696e-23,-1.164696e-23,1.505e-11,0.000e+00,1.420e-23
0.0,1.6,0.007323279672,1.421085e-14,-4.065515e-23,-4.065515e-23,1.470e-11,0.000e+00,4.955e-23
0.0,1.6,0.007496399075,3.552714e-14,-1.378361e-22,-1.378361e-22,1.436e-11,0.000e+00,1.680e-22
0.0,1.6,0.007673610952,2.131628e-14,-4.541998e-22,-4.541998e-22,1.403e-11,0.000e+00,5.536e-22
0.0,1.6,0.007855012047,2.131628e-14,-1.455637e-21,-1.455637e-21,1.370e-11,0.000e+00,1.774e-21
0.0,1.6,0.008040701391,2.842171e-14,-4.540045e-21,-4.540045e-21,1.339e-11,0.000e+00,5.533e-21
0.0,1.6,0.008230780357,2.131628e-14,-1.378925e-20,-1.378925e-20,1.308e-11,0.000e+00,1.681e-20
0.0,1.6,0.008425352714,1.421085e-14,-4.080945e-20,-4.080945e-20,1.278e-11,0.000e+00,4.974e-20
0.0,1.6,0.008624524683,1.421085e-14,-1.177553e-19,-1.177553e-19,1.248e-11,0.000e+00,1.435e-19
0.0,1.6,0.008828404998,2.131628e-14,-3.314775e-19,-3.314775e-19,1.219e-11,0.000e+00,4.040e-19
0.0,1.6,0.009037104963,2.842171e-14,-9.108131e-19,-9.108131e-19,1.191e-11,0.000e+00,1.110e-18
0.0,1.6,0.009250738511,2.131628e-14,-2.444268e-18,-2.444268e-18,1.164e-11,0.000e+00,2.979e-18
0.0,1.6,0.00946942227,1.421085e-14,-6.409871e-18,-6.409871e-18,1.137e-11,0.000e+00,7.812e-18
0.0,1.6,0.009693275626,2.131628e-14,-1.643471e-17,-1.643471e-17,1.110e-11,0.000e+00,2.003e-17
0.0,1.6,0.009922420787,7.105427e-15,-4.122052e-17,-4.122052e-17,1.085e-11,0.000e+00,5.024e-17
0.0,1.6,0.01015698285,2.131628e-14,-1.011868e-16,-1.011868e-16,1.060e-11,0.000e+00,1.233e-16
0.0,1.6,0.01039708986,1.421085e-14,-2.432256e-16,-2.432256e-16,1.035e-11,0.000e+00,2.964e-16
0.0,1.6,0.01064287291,1.421085e-14,-5.727699e-16,-5.727699e-16,1.011e-11,0.000e+00,6.981e-16
0.0,1.6,0.01089446617,7.105427e-15,-1.322034e-15,-1.322034e-15,9.881e-12,0.000e+00,1.611e-15
0.0,1.6,0.01115200699,7.105427e-15,-2.992247e-15,-2.992247e-15,9.653e-12,0.000e+00,3.647e-15
0.0,1.6,0.01141563598,3.552714e-15,-6.644176e-15,-6.644176e-15,9.431e-12,0.000e+00,8.098e-15
0.0,1.6,0.01168549705,-3.552714e-15,-1.447991e-14,-1.447991e-14,9.213e-12,0.000e+00,1.765e-14
0.0,1.6,0.01196173753,-2.131628e-14,-3.098551e-14,-3.098551e-14,9.000e-12,0.000e+00,3.776e-14
0.0,1.6,0.01224450822,-5.684342e-14,-6.513328e-14,-6.513328e-14,8.793e-12,0.000e+00,7.938e-14
0.0,1.6,0.0125339635,-1.278977e-13,-1.345481e-13,-1.345481e-13,8.590e-12,0.000e+00,1.640e-13
0.0,1.6,0.01283026138,-2.700062e-13,-2.732483e-13,-2.732483e-13,8.392e-12,0.000e+00,3.330e-13
0.0,1.6,0.01313356363,-5.400125e-13,-5.457745e-13,-5.457745e-13,8.199e-12,0.000e+00,6.652e-13
0.0,1.6,0.01344403582,-1.062261e-12,-1.072535e-12,-1.072535e-12,8.009e-12,0.000e+00,1.307e-12
0.0,1.6,0.01376184746,-2.071232e-12,-2.074510e-12,-2.074510e-12,7.825e-12,0.000e+00,2.528e-12
0.0,1.6,0.01408717203,-3.943512e-12,-3.950794e-12,-3.950794e-12,7.644e-12,0.000e+00,4.815e-12
0.0,1.6,0.01442018714,-7.407408e-12,-7.410942e-12,-7.410942e-12,7.468e-12,3.509e-316,9.032e-12
0.0,1.6,0.0147610746,-1.369571e-11,-1.369729e-11,-1.369729e-11,7.296e-12,7.699e-309,1.669e-11
0.0,1.6,0.0151100205,-2.495071e-11,-2.495264e-11,-2.495264e-11,7.128e-12,1.143e-301,3.041e-11
0.0,1.6,0.01546721534,-4.482104e-11,-4.481919e-11,-4.481919e-11,6.964e-12,1.159e-294,5.462e-11
0.0,1.6,0.01583285413,-7.940315e-11,-7.939967e-11,-7.939967e-11,6.803e-12,8.089e-288,9.677e-11
0.0,1.6,0.01620713647,-1.387797e-10,-1.387775e-10,-1.387775e-10,6.646e-12,3.924e-281,1.691e-10
0.0,1.6,0.0165902667,-2.393854e-10,-2.393866e-10,-2.393866e-10,6.493e-12,1.333e-274,2.918e-10
0.0,1.6,0.01698245397,-4.076561e-10,-4.076557e-10,-4.076557e-10,6.343e-12,3.201e-268,4.968e-10
0.0,1.6,0.01738391239,-6.855423e-10,-6.855339e-10,-6.855339e-10,6.197e-12,5.472e-262,8.355e-10
0.0,1.6,0.01779486113,-1.138762e-09,-1.138760e-09,-1.138760e-09,6.054e-12,6.713e-256,1.388e-09
0.0,1.6,0.01821552453,-1.869076e-09,-1.869072e-09,-1.869072e-09,5.915e-12,5.957e-250,2.278e-09
0.0,1.6,0.01864613225,-3.032017e-09,-3.032013e-09,-3.032013e-09,5.779e-12,3.851e-244,3.695e-09
0.0,1.6,0.01908691936,-4.862560e-09,-4.862557e-09,-4.862557e-09,5.645e-12,1.828e-238,5.926e-09
0.0,1.6,0.0195381265,-7.711556e-09,-7.711549e-09,-7.711549e-09,5.515e-12,6.411e-233,9.399e-09
0.0,1.6,0.02,-1.209690e-08,-1.209690e-08,-1.209690e-08,5.388e-12,1.674e-227,1.474e-08
0.0,1.6,0.02055729891,-2.026539e-08,-2.026538e-08,-2.026538e-08,5.243e-12,2.727e-221,2.470e-08
0.0,1.6,0.02113012692,-3.346538e-08,-3.346537e-08,-3.346537e-08,5.101e-12,3.013e-215,4.079e-08
0.0,1.6,0.02171891675,-5.449616e-08,-5.449615e-08,-5.449615e-08,4.963e-12,2.282e-209,6.642e-08
0.0,1.6,0.02232411318,-8.754468e-08,-8.754467e-08,-8.754467e-08,4.829e-12,1.197e-203,1.067e-07
0.0,1.6,0.02294617338,-1.387865e-07,-1.387865e-07,-1.387865e-07,4.698e-12,4.391e-198,1.691e-07
0.0,1.6,0.02358556724,-2.172072e-07,-2.172072e-07,-2.172072e-07,4.571e-12,1.138e-192,2.647e-07
0.0,1.6,0.02424277779,-3.357083e-07,-3.357083e-07,-3.357083e-07,4.447e-12,2.102e-187,4.092e-07
0.0,1.6,0.02491830147,-5.125759e-07,-5.125759e-07,-5.125759e-07,4.327e-12,2.795e-182,6.247e-07
0.0,1.6,0.02561264858,-7.734028e-07,-7.734028e-07,-7.734028e-07,4.210e-12,2.697e-177,9.426e-07
0.0,1.6,0.02632634363,-1.153571e-06,-1.153571e-06,-1.153571e-06,4.096e-12,1.906e-172,1.406e-06
0.0,1.6,0.02705992576,-1.701413e-06,-1.701413e-06,-1.701413e-06,3.985e-12,9.950e-168,2.074e-06
0.0,1.6,0.02781394911,-2.482182e-06,-2.482182e-06,-2.482182e-06,3.878e-12,3.868e-163,3.025e-06
0.0,1.6,0.02858898329,-3.582982e-06,-3.582982e-06,-3.582982e-06,3.773e-12,1.128e-158,4.367e-06
0.0,1.6,0.02938561374,-5.118795e-06,-5.118795e-06,-5.118795e-06,3.671e-12,2.490e-154,6.239e-06
0.0,1.6,0.03020444227,-7.239764e-06,-7.239764e-06,-7.239764e-06,3.572e-12,4.189e-150,8.824e-06
0.0,1.6,0.0310460874,-1.013988e-05,-1.013988e-05,-1.013988e-05,3.475e-12,5.411e-146,1.236e-05
0.0,1.6,0.03191118493,-1.406722e-05,-1.406722e-05,-1.406722e-05,3.381e-12,5.405e-142,1.714e-05
0.0,1.6,0.03280038836,-1.933580e-05,-1.933580e-05,-1.933580e-05,3.290e-12,4.205e-138,2.357e-05
0.0,1.6,0.03371436939,-2.633928e-05,-2.633928e-05,-2.633928e-05,3.201e-12,2.564e-134,3.210e-05
0.0,1.6,0.03465381845,-3.556632e-05,-3.556632e-05,-3.556632e-05,3.114e-12,1.235e-130,4.335e-05
0.0,1.6,0.03561944521,-4.761795e-05,-4.761795e-05,-4.761795e-05,3.030e-12,4.721e-127,5.804e-05
0.0,1.6,0.0366119791,-6.322651e-05,-6.322651e-05,-6.322651e-05,2.948e-12,1.443e-123,7.706e-05
0.0,1.6,0.0376321699,-8.327643e-05,-8.327643e-05,-8.327643e-05,2.869e-12,3.546e-120,1.015e-04
0.0,1.6,0.03868078826,-1.088264e-04,-1.088264e-04,-1.088264e-04,2.791e-12,7.051e-117,1.326e-04
0.0,1.6,0.03975862631,-1.411327e-04,-1.411327e-04,-1.411327e-04,2.716e-12,1.141e-113,1.720e-04
0.0,1.6,0.04086649826,-1.816739e-04,-1.816739e-04,-1.816739e-04,2.643e-12,1.510e-110,2.214e-04
0.0,1.6,0.04200524101,-2.321753e-04,-2.321753e-04,-2.321753e-04,2.571e-12,1.644e-107,2.830e-04
0.0,1.6,0.04317571475,-2.946342e-04,-2.946342e-04,-2.946342e-04,2.502e-12,1.480e-104,3.591e-04
0.0,1.6,0.04437880369,-3.713440e-04,-3.713440e-04,-3.713440e-04,2.434e-12,1.108e-101,4.526e-04
0.0,1.6,0.04561541663,-4.649182e-04,-4.649182e-04,-4.649182e-04,2.368e-12,6.927e-99,5.666e-04
0.0,1.6,0.04688648772,-5.783111e-04,-5.783111e-04,-5.783111e-04,2.304e-12,3.636e-96,7.048e-04
0.0,1.6,0.04819297714,-7.148379e-04,-7.148379e-04,-7.148379e-04,2.242e-12,1.610e-93,8.712e-04
0.0,1.6,0.04953587182,-8.781904e-04,-8.781904e-04,-8.781904e-04,2.182e-12,6.042e-91,1.070e-03
0.0,1.6,0.05091618618,-1.072450e-03,-1.072450e-03,-1.072450e-03,2.123e-12,1.930e-88,1.307e-03
0.0,1.6,0.05233496293,-1.302094e-03,-1.302094e-03,-1.302094e-03,2.065e-12,5.270e-86,1.587e-03
0.0,1.6,0.05379327381,-1.572002e-03,-1.572002e-03,-1.572002e-03,2.009e-12,1.235e-83,1.916e-03
0.0,1.6,0.05529222045,-1.887451e-03,-1.887451e-03,-1.887450e-03,1.955e-12,2.497e-81,2.300e-03
0.0,1.6,0.05683293515,-2.254106e-03,-2.254106e-03,-2.254105e-03,1.902e-12,4.370e-79,2.747e-03
0.0,1.6,0.05841658179,-2.678008e-03,-2.678008e-03,-2.678006e-03,1.851e-12,6.644e-77,3.264e-03
0.0,1.6,0.06004435665,-3.165551e-03,-3.165551e-03,-3.165549e-03,1.800e-12,8.812e-75,3.858e-03
0.0,1.6,0.06171748937,-3.723457e-03,-3.723457e-03,-3.723452e-03,1.752e-12,1.023e-72,4.538e-03
0.0,1.6,0.06343724384,-4.358734e-03,-4.358734e-03,-4.358726e-03,1.704e-12,1.044e-70,5.312e-03
0.0,1.6,0.06520491918,-5.078645e-03,-5.078645e-03,-5.078632e-03,1.658e-12,9.398e-69,6.190e-03
0.0,1.6,0.06702185069,-5.890653e-03,-5.890653e-03,-5.890631e-03,1.613e-12,7.482e-67,7.179e-03
0.0,1.6,0.0688894109,-6.802371e-03,-6.802371e-03,-6.802334e-03,1.569e-12,5.289e-65,8.291e-03
0.0,1.6,0.07080901057,-7.821503e-03,-7.821503e-03,-7.821444e-03,1.526e-12,3.329e-63,9.533e-03
0.0,1.6,0.07278209978,-8.955785e-03,-8.955785e-03,-8.955689e-03,1.484e-12,1.872e-61,1.091e-02
0.0,1.6,0.07481016902,-1.021291e-02,-1.021291e-02,-1.021276e-02,1.444e-12,9.437e-60,1.245e-02
0.0,1.6,0.0768947503,-1.160048e-02,-1.160048e-02,-1.160024e-02,1.404e-12,4.275e-58,1.414e-02
0.0,1.6,0.07903741831,-1.312589e-02,-1.312589e-02,-1.312553e-02,1.366e-12,1.746e-56,1.600e-02
0.0,1.6,0.08123979166,-1.479632e-02,-1.479632e-02,-1.479577e-02,1.328e-12,6.445e-55,1.803e-02
0.0,1.6,0.08350353402,-1.661862e-02,-1.661862e-02,-1.661779e-02,1.292e-12,2.157e-53,2.025e-02
0.0,1.6,0.08583035543,-1.859923e-02,-1.859923e-02,-1.859800e-02,1.256e-12,6.558e-52,2.267e-02
0.0,1.6,0.0882220136,-2.074417e-02,-2.074417e-02,-2.074236e-02,1.222e-12,1.817e-50,2.528e-02
0.0,1.6,0.09068031519,-2.305891e-02,-2.305891e-02,-2.305627e-02,1.188e-12,4.600e-49,2.810e-02
0.0,1.6,0.09320711722,-2.554835e-02,-2.554835e-02,-2.554457e-02,1.155e-12,1.066e-47,3.113e-02
0.0,1.6,0.09580432845,-2.821678e-02,-2.821678e-02,-2.821139e-02,1.123e-12,2.269e-46,3.438e-02
0.0,1.6,0.09847391083,-3.106778e-02,-3.106778e-02,-3.106017e-02,1.092e-12,4.443e-45,3.786e-02
0.0,1.6,0.101217881,-3.410422e-02,-3.410422e-02,-3.409361e-02,1.061e-12,8.022e-44,4.155e-02
0.0,1.6,0.1040383117,-3.732825e-02,-3.732825e-02,-3.731358e-02,1.032e-12,1.338e-42,4.548e-02
0.0,1.6,0.1069373336,-4.074121e-02,-4.074121e-02,-4.072111e-02,1.003e-12,2.068e-41,4.963e-02
0.0,1.6,0.1099171365,-4.434368e-02,-4.434368e-02,-4.431639e-02,9.752e-13,2.967e-40,5.401e-02
0.0,1.6,0.1129799716,-4.813544e-02,-4.813544e-02,-4.809870e-02,9.480e-13,3.957e-39,5.862e-02
0.0,1.6,0.1161281523,-5.211548e-02,-5.211548e-02,-5.206646e-02,9.215e-13,4.917e-38,6.346e-02
0.0,1.6,0.1193640569,-5.628202e-02,-5.628202e-02,-5.621716e-02,8.958e-13,5.705e-37,6.852e-02
0.0,1.6,0.1226901298,-6.063255e-02,-6.063255e-02,-6.054742e-02,8.707e-13,6.191e-36,7.379e-02
0.0,1.6,0.1261088836,-6.516382e-02,-6.516382e-02,-6.505297e-02,8.464e-13,6.296e-35,7.928e-02
0.0,1.6,0.1296229008,-6.987190e-02,-6.987190e-02,-6.972866e-02,8.227e-13,6.009e-34,8.498e-02
0.0,1.6,0.1332348358,-7.475223e-02,-7.475223e-02,-7.456852e-02,7.997e-13,5.393e-33,9.088e-02
0.0,1.6,0.1369474172,-7.979966e-02,-7.979966e-02,-7.956578e-02,7.773e-13,4.559e-32,9.697e-02
0.0,1.6,0.1407634495,-8.500851e-02,-8.500851e-02,-8.471289e-02,7.556e-13,3.635e-31,1.032e-01
0.0,1.6,0.1446858154,-9.037263e-02,-9.037263e-02,-9.000156e-02,7.345e-13,2.739e-30,1.097e-01
0.0,1.6,0.1487174777,-9.588548e-02,-9.588548e-02,-9.542286e-02,7.140e-13,1.953e-29,1.163e-01
0.0,1.6,0.1528614821,-1.015401e-01,-1.015401e-01,-1.009672e-01,6.941e-13,1.320e-28,1.231e-01
0.0,1.6,0.157120959,-1.073294e-01,-1.073294e-01,-1.066244e-01,6.748e-13,8.464e-28,1.300e-01
0.0,1.6,0.1614991259,-1.132459e-01,-1.132459e-01,-1.123839e-01,6.561e-13,5.159e-27,1.370e-01
0.0,1.6,0.1659992902,-1.192820e-01,-1.192820e-01,-1.182345e-01,6.379e-13,2.993e-26,1.441e-01
0.0,1.6,0.1706248514,-1.254300e-01,-1.254300e-01,-1.241647e-01,6.202e-13,1.655e-25,1.513e-01
0.0,1.6,0.1753793036,-1.316821e-01,-1.316821e-01,-1.301626e-01,6.030e-13,8.733e-25,1.586e-01
0.0,1.6,0.1802662383,-1.380306e-01,-1.380306e-01,-1.362163e-01,5.864e-13,4.403e-24,1.660e-01
0.0,1.6,0.1852893472,-1.444675e-01,-1.444675e-01,-1.423133e-01,5.702e-13,2.124e-23,1.734e-01
0.0,1.6,0.1904524247,-1.509852e-01,-1.509852e-01,-1.484413e-01,5.546e-13,9.812e-23,1.809e-01
0.0,1.6,0.1957593711,-1.575757e-01,-1.575757e-01,-1.545877e-01,5.393e-13,4.347e-22,1.884e-01
0.0,1.6,0.2012141953,-1.642314e-01,-1.642314e-01,-1.607401e-01,5.245e-13,1.849e-21,1.959e-01
0.0,1.6,0.2068210179,-1.709447e-01,-1.709447e-01,-1.668858e-01,5.102e-13,7.556e-21,2.034e-01
0.0,1.6,0.2125840742,-1.777076e-01,-1.777076e-01,-1.730126e-01,4.962e-13,2.972e-20,2.109e-01
0.0,1.6,0.2185077179,-1.845127e-01,-1.845127e-01,-1.791082e-01,4.827e-13,1.126e-19,2.183e-01
0.0,1.6,0.2245964235,-1.913520e-01,-1.913520e-01,-1.851604e-01,4.695e-13,4.110e-19,2.257e-01
0.0,1.6,0.2308547906,-1.982179e-01,-1.982179e-01,-1.911576e-01,4.567e-13,1.448e-18,2.330e-01
0.0,1.6,0.2372875467,-2.051022e-01,-2.051022e-01,-1.970881e-01,4.442e-13,4.931e-18,2.402e-01
0.0,1.6,0.2438995512,-2.119969e-01,-2.119969e-01,-2.029409e-01,4.320e-13,1.623e-17,2.473e-01
0.0,1.6,0.2506957989,-2.188936e-01,-2.188936e-01,-2.087050e-01,4.202e-13,5.170e-17,2.544e-01
0.0,1.6,0.2576814237,-2.257836e-01,-2.257836e-01,-2.143700e-01,4.087e-13,1.595e-16,2.613e-01
0.0,1.6,0.2648617025,-2.326579e-01,-2.326579e-01,-2.199259e-01,3.975e-13,4.772e-16,2.680e-01
0.0,1.6,0.2722420593,-2.395070e-01,-2.395070e-01,-2.253631e-01,3.865e-13,1.385e-15,2.747e-01
0.0,1.6,0.2798280694,-2.463211e-01,-2.463211e-01,-2.306726e-01,3.759e-13,3.903e-15,2.811e-01
0.0,1.6,0.2876254633,-2.530897e-01,-2.530897e-01,-2.358456e-01,3.654e-13,1.069e-14,2.874e-01
0.0,1.6,0.2956401311,-2.598020e-01,-2.598020e-01,-2.408741e-01,3.553e-13,2.848e-14,2.936e-01
0.0,1.6,0.3038781273,-2.664465e-01,-2.664465e-01,-2.457506e-01,3.453e-13,7.385e-14,2.995e-01
0.0,1.6,0.3123456747,-2.730110e-01,-2.730110e-01,-2.504679e-01,3.356e-13,1.865e-13,3.053e-01
0.0,1.6,0.3210491698,-2.794828e-01,-2.794828e-01,-2.550195e-01,3.261e-13,4.591e-13,3.108e-01
0.0,1.6,0.3299951874,-2.858487e-01,-2.858487e-01,-2.593993e-01,3.169e-13,1.102e-12,3.161e-01
0.0,1.6,0.3391904853,-2.920946e-01,-2.920946e-01,-2.636020e-01,3.078e-13,2.583e-12,3.213e-01
0.0,1.6,0.3486420097,-2.982062e-01,-2.982062e-01,-2.676225e-01,2.989e-13,5.914e-12,3.262e-01
0.0,1.6,0.3583569002,-3.041683e-01,-3.041683e-01,-2.714564e-01,2.902e-13,1.323e-11,3.308e-01
0.0,1.6,0.3683424957,-3.099655e-01,-3.099655e-01,-2.750999e-01,2.817e-13,2.894e-11,3.353e-01
0.0,1.6,0.3786063392,-3.155818e-01,-3.155818e-01,-2.785494e-01,2.734e-13,6.195e-11,3.395e-01
0.0,1.6,0.3891561842,-3.210010e-01,-3.210010e-01,-2.818022e-01,2.653e-13,1.298e-10,3.435e-01
0.0,1.6,0.4,-3.262065e-01,-3.262065e-01,-2.848558e-01,2.573e-13,2.666e-10,3.472e-01
0.0,2.0,0.0025,1.136868e-13,-1.088400e-45,-1.088400e-45,4.313e-11,0.000e+00,1.361e-45
0.0,2.0,0.002559099,1.136868e-13,-1.241465e-44,-1.241465e-44,4.213e-11,0.000e+00,1.552e-44
0.0,2.0,0.002619595078,5.684342e-14,-1.338287e-43,-1.338287e-43,4.116e-11,0.000e+00,1.673e-43
0.0,2.0,0.002681521258,8.526513e-14,-1.365212e-42,-1.365212e-42,4.021e-11,0.000e+00,1.707e-42
0.0,2.0,0.002744911348,5.684342e-14,-1.319592e-41,-1.319592e-41,3.928e-11,0.000e+00,1.650e-41
0.0,2.0,0.002809799955,5.684342e-14,-1.210067e-40,-1.210067e-40,3.837e-11,0.000e+00,1.513e-40
0.0,2.0,0.002876222502,2.842171e-14,-1.053990e-39,-1.053990e-39,3.748e-11,0.000e+00,1.318e-39
0.0,2.0,0.002944215252,5.684342e-14,-8.730471e-39,-8.730471e-39,3.661e-11,0.000e+00,1.092e-38
0.0,2.0,0.003013815324,4.263256e-14,-6.885201e-38,-6.885201e-38,3.577e-11,0.000e+00,8.608e-38
0.0,2.0,0.003085060713,5.684342e-14,-5.175661e-37,-5.175661e-37,3.494e-11,0.000e+00,6.471e-37
0.0,2.0,0.003157990315,2.842171e-14,-3.712499e-36,-3.712499e-36,3.413e-11,0.000e+00,4.642e-36
0.0,2.0,0.003232643943,7.105427e-14,-2.543830e-35,-2.543830e-35,3.334e-11,0.000e+00,3.180e-35
0.0,2.0,0.003309062353,4.263256e-14,-1.666825e-34,-1.666825e-34,3.257e-11,0.000e+00,2.084e-34
0.0,2.0,0.003387287264,4.263256e-14,-1.045492e-33,-1.045492e-33,3.182e-11,0.000e+00,1.307e-33
0.0,2.0,0.003467361381,7.105427e-14,-6.283739e-33,-6.283739e-33,3.108e-11,0.000e+00,7.856e-33
0.0,2.0,0.003549328418,4.263256e-14,-3.622517e-32,-3.622517e-32,3.036e-11,0.000e+00,4.529e-32
0.0,2.0,0.003633233122,4.263256e-14,-2.005006e-31,-2.005006e-31,2.966e-11,0.000e+00,2.507e-31
0.0,2.0,0.003719121301,5.684342e-14,-1.066454e-30,-1.066454e-30,2.897e-11,0.000e+00,1.333e-30
0.0,2.0,0.003807039841,2.842171e-14,-5.456188e-30,-5.456188e-30,2.830e-11,0.000e+00,6.822e-30
0.0,2.0,0.003897036741,4.263256e-14,-2.687488e-29,-2.687488e-29,2.765e-11,0.000e+00,3.360e-29
0.0,2.0,0.003989161131,4.263256e-14,-1.275542e-28,-1.275542e-28,2.701e-11,0.000e+00,1.595e-28
0.0,2.0,0.004083463305,2.842171e-14,-5.838563e-28,-5.838563e-28,2.638e-11,0.000e+00,7.300e-28
0.0,2.0,0.004179994745,2.842171e-14,-2.579548e-27,-2.579548e-27,2.577e-11,0.000e+00,3.225e-27
0.0,2.0,0.00427880815,2.842171e-14,-1.100937e-26,-1.100937e-26,2.518e-11,0.000e+00,1.376e-26
0.0,2.0,0.004379957463,4.263256e-14,-4.542657e-26,-4.542657e-26,2.459e-11,0.000e+00,5.680e-26
0.0,2.0,0.004483497907,1.421085e-14,-1.813528e-25,-1.813528e-25,2.402e-11,0.000e+00,2.267e-25
0.0,2.0,0.004589486004,4.263256e-14,-7.010303e-25,-7.010303e-25,2.347e-11,0.000e+00,8.765e-25
0.0,2.0,0.004697979618,1.421085e-14,-2.625854e-24,-2.625854e-24,2.292e-11,0.000e+00,3.283e-24
0.0,2.0,0.004809037978,2.842171e-14,-9.537658e-24,-9.537658e-24,2.239e-11,0.000e+00,1.192e-23
0.0,2.0,0.004922721713,2.842171e-14,-3.361698e-23,-3.361698e-23,2.188e-11,0.000e+00,4.203e-23
0.0,2.0,0.005039092886,4.263256e-14,-1.150596e-22,-1.150596e-22,2.137e-11,0.000e+00,1.439e-22
0.0,2.0,0.005158215027,2.842171e-14,-3.826742e-22,-3.826742e-22,2.088e-11,0.000e+00,4.784e-22
0.0,2.0,0.005280153168,2.131628e-14,-1.237556e-21,-1.237556e-21,2.039e-11,0.000e+00,1.547e-21
0.0,2.0,0.005404973878,2.842171e-14,-3.894134e-21,-3.894134e-21,1.992e-11,0.000e+00,4.869e-21
0.0,2.0,0.005532745299,2.131628e-14,-1.193005e-20,-1.193005e-20,1.946e-11,0.000e+00,1.492e-20
0.0,2.0,0.005663537186,2.842171e-14,-3.560629e-20,-3.560629e-20,1.901e-11,0.000e+00,4.452e-20
0.0,2.0,0.00579742094,2.842171e-14,-1.035921e-19,-1.035921e-19,1.857e-11,0.000e+00,1.295e-19
0.0,2.0,0.005934469654,3.552714e-14,-2.939665e-19,-2.939665e-19,1.814e-11,0.000e+00,3.675e-19
0.0,2.0,0.006074758143,2.131628e-14,-8.141238e-19,-8.141238e-19,1.772e-11,0.000e+00,1.018e-18
0.0,2.0,0.006218362997,2.131628e-14,-2.201652e-18,-2.201652e-18,1.731e-11,0.000e+00,2.753e-18
0.0,2.0,0.006365362612,2.131628e-14,-5.817163e-18,-5.817163e-18,1.691e-11,0.000e+00,7.273e-18
0.0,2.0,0.006515837239,2.131628e-14,-1.502489e-17,-1.502489e-17,1.652e-11,0.000e+00,1.879e-17
0.0,2.0,0.006669869026,2.842171e-14,-3.795564e-17,-3.795564e-17,1.614e-11,0.000e+00,4.745e-17
0.0,2.0,0.006827542063,1.421085e-14,-9.382727e-17,-9.382727e-17,1.576e-11,0.000e+00,1.173e-16
0.0,2.0,0.006988942427,2.842171e-14,-2.270842e-16,-2.270842e-16,1.540e-11,0.000e+00,2.839e-16
0.0,2.0,0.007154158232,1.421085e-14,-5.383466e-16,-5.383466e-16,1.504e-11,0.000e+00,6.731e-16
0.0,2.0,0.007323279672,1.421085e-14,-1.250725e-15,-1.250725e-15,1.470e-11,0.000e+00,1.564e-15
0.0,2.0,0.007496399075,2.842171e-14,-2.848978e-15,-2.848978e-15,1.436e-11,0.000e+00,3.562e-15
0.0,2.0,0.007673610952,7.105427e-15,-6.365633e-15,-6.365633e-15,1.403e-11,0.000e+00,7.959e-15
0.0,2.0,0.007855012047,1.421085e-14,-1.395767e-14,-1.395767e-14,1.370e-11,0.000e+00,1.745e-14
0.0,2.0,0.008040701391,-2.131628e-14,-3.004636e-14,-3.004636e-14,1.338e-11,0.000e+00,3.757e-14
0.0,2.0,0.008230780357,-4.973799e-14,-6.352767e-14,-6.352767e-14,1.308e-11,0.000e+00,7.943e-14
0.0,2.0,0.008425352714,-1.136868e-13,-1.319795e-13,-1.319795e-13,1.277e-11,0.000e+00,1.650e-13
0.0,2.0,0.008624524683,-2.557954e-13,-2.695248e-13,-2.695248e-13,1.248e-11,0.000e+00,3.370e-13
0.0,2.0,0.008828404998,-5.258016e-13,-5.412670e-13,-5.412670e-13,1.219e-11,0.000e+00,6.767e-13
0.0,2.0,0.009037104963,-1.051603e-12,-1.069333e-12,-1.069333e-12,1.191e-11,0.000e+00,1.337e-12
0.0,2.0,0.009250738511,-2.060574e-12,-2.079063e-12,-2.079063e-12,1.163e-11,0.000e+00,2.599e-12
0.0,2.0,0.00946942227,-3.971934e-12,-3.979564e-12,-3.979564e-12,1.137e-11,0.000e+00,4.975e-12
0.0,2.0,0.009693275626,-7.482015e-12,-7.501937e-12,-7.501937e-12,1.110e-11,0.000e+00,9.379e-12
0.0,2.0,0.009922420787,-1.391953e-11,-1.393267e-11,-1.393267e-11,1.085e-11,0.000e+00,1.742e-11
0.0,2.0,0.01015698285,-2.549427e-11,-2.550164e-11,-2.550164e-11,1.060e-11,0.000e+00,3.188e-11
0.0,2.0,0.01039708986,-4.600764e-11,-4.601725e-11,-4.601725e-11,1.035e-11,0.000e+00,5.753e-11
0.0,2.0,0.01064287291,-8.188294e-11,-8.189072e-11,-8.189072e-11,1.011e-11,0.000e+00,1.024e-10
0.0,2.0,0.01089446617,-1.437606e-10,-1.437638e-10,-1.437638e-10,9.879e-12,0.000e+00,1.797e-10
0.0,2.0,0.01115200699,-2.490523e-10,-2.490586e-10,-2.490586e-10,9.651e-12,0.000e+00,3.114e-10
0.0,2.0,0.01141563598,-4.259100e-10,-4.259159e-10,-4.259159e-10,9.428e-12,0.000e+00,5.325e-10
0.0,2.0,0.01168549705,-7.191829e-10,-7.191942e-10,-7.191942e-10,9.211e-12,0.000e+00,8.992e-10
0.0,2.0,0.01196173753,-1.199478e-09,-1.199487e-09,-1.199487e-09,8.998e-12,0.000e+00,1.500e-09
0.0,2.0,0.01224450822,-1.976492e-09,-1.976498e-09,-1.976498e-09,8.791e-12,0.000e+00,2.471e-09
0.0,2.0,0.0125339635,-3.218616e-09,-3.218618e-09,-3.218618e-09,8.588e-12,0.000e+00,4.024e-09
0.0,2.0,0.01283026138,-5.181228e-09,-5.181233e-09,-5.181233e-09,8.390e-12,0.000e+00,6.478e-09
0.0,2.0,0.01313356363,-8.247131e-09,-8.247140e-09,-8.247140e-09,8.196e-12,0.000e+00,1.031e-08
0.0,2.0,0.01344403582,-1.298352e-08,-1.298353e-08,-1.298353e-08,8.007e-12,0.000e+00,1.623e-08
0.0,2.0,0.01376184746,-2.022144e-08,-2.022145e-08,-2.022145e-08,7.822e-12,0.000e+00,2.528e-08
0.0,2.0,0.01408717203,-3.116513e-08,-3.116514e-08,-3.116514e-08,7.642e-12,0.000e+00,3.896e-08
0.0,2.0,0.01442018714,-4.754104e-08,-4.754105e-08,-4.754105e-08,7.466e-12,3.851e-316,5.944e-08
0.0,2.0,0.0147610746,-7.179831e-08,-7.179831e-08,-7.179831e-08,7.293e-12,8.449e-309,8.977e-08
0.0,2.0,0.0151100205,-1.073757e-07,-1.073757e-07,-1.073757e-07,7.125e-12,1.254e-301,1.342e-07
0.0,2.0,0.01546721534,-1.590531e-07,-1.590531e-07,-1.590531e-07,6.961e-12,1.271e-294,1.989e-07
0.0,2.0,0.01583285413,-2.334097e-07,-2.334097e-07,-2.334097e-07,6.800e-12,8.876e-288,2.918e-07
0.0,2.0,0.01620713647,-3.394139e-07,-3.394140e-07,-3.394140e-07,6.643e-12,4.305e-281,4.244e-07
0.0,2.0,0.0165902667,-4.891771e-07,-4.891771e-07,-4.891771e-07,6.490e-12,1.463e-274,6.116e-07
0.0,2.0,0.01698245397,-6.989041e-07,-6.989041e-07,-6.989041e-07,6.340e-12,3.512e-268,8.738e-07
0.0,2.0,0.01738391239,-9.900829e-07,-9.900829e-07,-9.900829e-07,6.194e-12,6.004e-262,1.238e-06
0.0,2.0,0.01779486113,-1.390956e-06,-1.390956e-06,-1.390956e-06,6.051e-12,7.367e-256,1.739e-06
0.0,2.0,0.01821552453,-1.938323e-06,-1.938323e-06,-1.938323e-06,5.912e-12,6.536e-250,2.423e-06
0.0,2.0,0.01864613225,-2.679734e-06,-2.679734e-06,-2.679734e-06,5.775e-12,4.226e-244,3.350e-06
0.0,2.0,0.01908691936,-3.676117e-06,-3.676117e-06,-3.676117e-06,5.642e-12,2.005e-238,4.596e-06
0.0,2.0,0.0195381265,-5.004917e-06,-5.004917e-06,-5.004917e-06,5.512e-12,7.035e-233,6.257e-06
0.0,2.0,0.02,-6.763792e-06,-6.763792e-06,-6.763792e-06,5.385e-12,1.837e-227,8.456e-06
0.0,2.0,0.02055729891,-9.550571e-06,-9.550571e-06,-9.550571e-06,5.239e-12,2.993e-221,1.194e-05
0.0,2.0,0.02113012692,-1.335492e-05,-1.335492e-05,-1.335492e-05,5.097e-12,3.306e-215,1.670e-05
0.0,2.0,0.02171891675,-1.849867e-05,-1.849867e-05,-1.849867e-05,4.959e-12,2.504e-209,2.313e-05
0.0,2.0,0.02232411318,-2.538858e-05,-2.538858e-05,-2.538858e-05,4.825e-12,1.313e-203,3.174e-05
0.0,2.0,0.02294617338,-3.453373e-05,-3.453373e-05,-3.453373e-05,4.694e-12,4.818e-198,4.318e-05
0.0,2.0,0.02358556724,-4.656516e-05,-4.656516e-05,-4.656516e-05,4.567e-12,1.249e-192,5.822e-05
0.0,2.0,0.02424277779,-6.225780e-05,-6.225780e-05,-6.225780e-05,4.443e-12,2.307e-187,7.784e-05
0.0,2.0,0.02491830147,-8.255461e-05,-8.255461e-05,-8.255461e-05,4.323e-12,3.067e-182,1.032e-04
0.0,2.0,0.02561264858,-1.085928e-04,-1.085928e-04,-1.085928e-04,4.206e-12,2.960e-177,1.358e-04
0.0,2.0,0.02632634363,-1.417316e-04,-1.417316e-04,-1.417316e-04,4.092e-12,2.092e-172,1.772e-04
0.0,2.0,0.02705992576,-1.835824e-04,-1.835824e-04,-1.835824e-04,3.981e-12,1.092e-167,2.295e-04
0.0,2.0,0.02781394911,-2.360386e-04,-2.360386e-04,-2.360386e-04,3.873e-12,4.244e-163,2.951e-04
0.0,2.0,0.02858898329,-3.013072e-04,-3.013072e-04,-3.013072e-04,3.768e-12,1.238e-158,3.767e-04
0.0,2.0,0.02938561374,-3.819402e-04,-3.819402e-04,-3.819402e-04,3.666e-12,2.733e-154,4.775e-04
0.0,2.0,0.03020444227,-4.808645e-04,-4.808645e-04,-4.808645e-04,3.567e-12,4.597e-150,6.012e-04
0.0,2.0,0.0310460874,-6.014115e-04,-6.014115e-04,-6.014115e-04,3.470e-12,5.937e-146,7.519e-04
0.0,2.0,0.03191118493,-7.473436e-04,-7.473436e-04,-7.473436e-04,3.376e-12,5.931e-142,9.344e-04
0.0,2.0,0.03280038836,-9.228777e-04,-9.228777e-04,-9.228777e-04,3.285e-12,4.614e-138,1.154e-03
0.0,2.0,0.03371436939,-1.132705e-03,-1.132705e-03,-1.132705e-03,3.196e-12,2.814e-134,1.416e-03
0.0,2.0,0.03465381845,-1.382008e-03,-1.382008e-03,-1.382008e-03,3.109e-12,1.355e-130,1.728e-03
0.0,2.0,0.03561944521,-1.676466e-03,-1.676466e-03,-1.676466e-03,3.024e-12,5.180e-127,2.096e-03
0.0,2.0,0.0366119791,-2.022261e-03,-2.022261e-03,-2.022261e-03,2.942e-12,1.583e-123,2.528e-03
0.0,2.0,0.0376321699,-2.426074e-03,-2.426074e-03,-2.426074e-03,2.862e-12,3.891e-120,3.033e-03
0.0,2.0,0.03868078826,-2.895074e-03,-2.895074e-03,-2.895074e-03,2.784e-12,7.737e-117,3.620e-03
0.0,2.0,0.03975862631,-3.436896e-03,-3.436896e-03,-3.436896e-03,2.709e-12,1.252e-113,4.297e-03
0.0,2.0,0.04086649826,-4.059617e-03,-4.059617e-03,-4.059617e-03,2.635e-12,1.657e-110,5.076e-03
0.0,2.0,0.04200524101,-4.771718e-03,-4.771718e-03,-4.771718e-03,2.563e-12,1.804e-107,5.966e-03
0.0,2.0,0.04317571475,-5.582041e-03,-5.582041e-03,-5.582041e-03,2.493e-12,1.624e-104,6.979e-03
0.0,2.0,0.04437880369,-6.499739e-03,-6.499739e-03,-6.499739e-03,2.425e-12,1.216e-101,8.126e-03
0.0,2.0,0.04561541663,-7.534212e-03,-7.534212e-03,-7.534212e-03,2.359e-12,7.601e-99,9.420e-03
0.0,2.0,0.04688648772,-8.695042e-03,-8.695042e-03,-8.695042e-03,2.294e-12,3.990e-96,1.087e-02
0.0,2.0,0.04819297714,-9.991923e-03,-9.991923e-03,-9.991922e-03,2.231e-12,1.767e-93,1.249e-02
0.0,2.0,0.04953587182,-1.143458e-02,-1.143458e-02,-1.143457e-02,2.170e-12,6.629e-91,1.430e-02
0.0,2.0,0.05091618618,-1.303267e-02,-1.303267e-02,-1.303267e-02,2.110e-12,2.117e-88,1.629e-02
0.0,2.0,0.05233496293,-1.479573e-02,-1.479573e-02,-1.479573e-02,2.052e-12,5.782e-86,1.850e-02
0.0,2.0,0.05379327381,-1.673307e-02,-1.673307e-02,-1.673306e-02,1.995e-12,1.356e-83,2.092e-02
0.0,2.0,0.05529222045,-1.885365e-02,-1.885365e-02,-1.885364e-02,1.940e-12,2.740e-81,2.357e-02
0.0,2.0,0.05683293515,-2.116605e-02,-2.116605e-02,-2.116604e-02,1.886e-12,4.795e-79,2.646e-02
0.0,2.0,0.05841658179,-2.367834e-02,-2.367834e-02,-2.367831e-02,1.834e-12,7.291e-77,2.960e-02
0.0,2.0,0.06004435665,-2.639799e-02,-2.639799e-02,-2.639795e-02,1.783e-12,9.670e-75,3.300e-02
0.0,2.0,0.06171748937,-2.933181e-02,-2.933181e-02,-2.933175e-02,1.733e-12,1.123e-72,3.667e-02
0.0,2.0,0.06343724384,-3.248588e-02,-3.248588e-02,-3.248578e-02,1.685e-12,1.146e-70,4.062e-02
0.0,2.0,0.06520491918,-3.586542e-02,-3.586542e-02,-3.586527e-02,1.638e-12,1.031e-68,4.484e-02
0.0,2.0,0.06702185069,-3.947481e-02,-3.947481e-02,-3.947456e-02,1.592e-12,8.210e-67,4.935e-02
0.0,2.0,0.0688894109,-4.331744e-02,-4.331744e-02,-4.331707e-02,1.547e-12,5.803e-65,5.416e-02
0.0,2.0,0.07080901057,-4.739574e-02,-4.739574e-02,-4.739518e-02,1.504e-12,3.653e-63,5.926e-02
0.0,2.0,0.07278209978,-5.171111e-02,-5.171111e-02,-5.171026e-02,1.461e-12,2.055e-61,6.465e-02
0.0,2.0,0.07481016902,-5.626387e-02,-5.626387e-02,-5.626260e-02,1.420e-12,1.036e-59,7.034e-02
0.0,2.0,0.0768947503,-6.105327e-02,-6.105327e-02,-6.105140e-02,1.380e-12,4.691e-58,7.633e-02
0.0,2.0,0.07903741831,-6.607746e-02,-6.607746e-02,-6.607474e-02,1.341e-12,1.916e-56,8.261e-02
0.0,2.0,0.08123979166,-7.133353e-02,-7.133353e-02,-7.132960e-02,1.303e-12,7.072e-55,8.918e-02
0.0,2.0,0.08350353402,-7.681747e-02,-7.681747e-02,-7.681185e-02,1.266e-12,2.366e-53,9.603e-02
0.0,2.0,0.08583035543,-8.252421e-02,-8.252421e-02,-8.251626e-02,1.230e-12,7.196e-52,1.032e-01
0.0,2.0,0.0882220136,-8.844768e-02,-8.844768e-02,-8.843655e-02,1.196e-12,1.994e-50,1.106e-01
0.0,2.0,0.09068031519,-9.458084e-02,-9.458084e-02,-9.456538e-02,1.162e-12,5.048e-49,1.182e-01
0.0,2.0,0.09320711722,-1.009157e-01,-1.009157e-01,-1.008944e-01,1.129e-12,1.170e-47,1.261e-01
0.0,2.0,0.09580432845,-1.074434e-01,-1.074434e-01,-1.074144e-01,1.097e-12,2.490e-46,1.343e-01
0.0,2.0,0.09847391083,-1.141544e-01,-1.141544e-01,-1.141152e-01,1.066e-12,4.876e-45,1.427e-01
0.0,2.0,0.101217881,-1.210382e-01,-1.210382e-01,-1.209857e-01,1.036e-12,8.803e-44,1.513e-01
0.0,2.0,0.1040383117,-1.280840e-01,-1.280840e-01,-1.280143e-01,1.006e-12,1.469e-42,1.601e-01
0.0,2.0,0.1069373336,-1.352803e-01,-1.352803e-01,-1.351883e-01,9.780e-13,2.270e-41,1.690e-01
0.0,2.0,0.1099171365,-1.426150e-01,-1.426150e-01,-1.424947e-01,9.504e-13,3.255e-40,1.782e-01
0.0,2.0,0.1129799716,-1.500761e-01,-1.500761e-01,-1.499198e-01,9.237e-13,4.342e-39,1.874e-01
0.0,2.0,0.1161281523,-1.576508e-01,-1.576508e-01,-1.574495e-01,8.979e-13,5.396e-38,1.969e-01
0.0,2.0,0.1193640569,-1.653267e-01,-1.653267e-01,-1.650692e-01,8.728e-13,6.260e-37,2.064e-01
0.0,2.0,0.1226901298,-1.730911e-01,-1.730911e-01,-1.727640e-01,8.484e-13,6.794e-36,2.160e-01
0.0,2.0,0.1261088836,-1.809315e-01,-1.809315e-01,-1.805188e-01,8.249e-13,6.908e-35,2.257e-01
0.0,2.0,0.1296229008,-1.888354e-01,-1.888354e-01,-1.883182e-01,8.020e-13,6.594e-34,2.354e-01
0.0,2.0,0.1332348358,-1.967908e-01,-1.967908e-01,-1.961470e-01,7.799e-13,5.918e-33,2.452e-01
0.0,2.0,0.1369474172,-2.047859e-01,-2.047859e-01,-2.039895e-01,7.585e-13,5.002e-32,2.550e-01
0.0,2.0,0.1407634495,-2.128095e-01,-2.128095e-01,-2.118306e-01,7.378e-13,3.989e-31,2.648e-01
0.0,2.0,0.1446858154,-2.208509e-01,-2.208509e-01,-2.196549e-01,7.177e-13,3.005e-30,2.746e-01
0.0,2.0,0.1487174777,-2.288999e-01,-2.288999e-01,-2.274473e-01,6.983e-13,2.143e-29,2.844e-01
0.0,2.0,0.1528614821,-2.369471e-01,-2.369471e-01,-2.351930e-01,6.794e-13,1.448e-28,2.941e-01
0.0,2.0,0.157120959,-2.449836e-01,-2.449836e-01,-2.428774e-01,6.612e-13,9.287e-28,3.037e-01
0.0,2.0,0.1614991259,-2.530014e-01,-2.530014e-01,-2.504865e-01,6.435e-13,5.661e-27,3.132e-01
0.0,2.0,0.1659992902,-2.609932e-01,-2.609932e-01,-2.580063e-01,6.264e-13,3.285e-26,3.226e-01
0.0,2.0,0.1706248514,-2.689523e-01,-2.689523e-01,-2.654235e-01,6.099e-13,1.816e-25,3.318e-01
0.0,2.0,0.1753793036,-2.768730e-01,-2.768730e-01,-2.727252e-01,5.938e-13,9.583e-25,3.410e-01
0.0,2.0,0.1802662383,-2.847500e-01,-2.847500e-01,-2.798991e-01,5.782e-13,4.832e-24,3.499e-01
0.0,2.0,0.1852893472,-2.925789e-01,-2.925789e-01,-2.869335e-01,5.631e-13,2.330e-23,3.587e-01
0.0,2.0,0.1904524247,-3.003556e-01,-3.003556e-01,-2.938170e-01,5.485e-13,1.077e-22,3.673e-01
0.0,2.0,0.1957593711,-3.080769e-01,-3.080769e-01,-3.005390e-01,5.343e-13,4.770e-22,3.758e-01
0.0,2.0,0.2012141953,-3.157397e-01,-3.157397e-01,-3.070895e-01,5.205e-13,2.029e-21,3.839e-01
0.0,2.0,0.2068210179,-3.233417e-01,-3.233417e-01,-3.134591e-01,5.072e-13,8.292e-21,3.919e-01
0.0,2.0,0.2125840742,-3.308803e-01,-3.308803e-01,-3.196390e-01,4.942e-13,3.261e-20,3.996e-01
0.0,2.0,0.2185077179,-3.383535e-01,-3.383535e-01,-3.256212e-01,4.815e-13,1.235e-19,4.071e-01
0.0,2.0,0.2245964235,-3.457592e-01,-3.457592e-01,-3.313982e-01,4.692e-13,4.510e-19,4.143e-01
0.0,2.0,0.2308547906,-3.530952e-01,-3.530952e-01,-3.369632e-01,4.573e-13,1.589e-18,4.213e-01
0.0,2.0,0.2372875467,-3.603592e-01,-3.603592e-01,-3.423100e-01,4.457e-13,5.411e-18,4.280e-01
0.0,2.0,0.2438995512,-3.675486e-01,-3.675486e-01,-3.474330e-01,4.344e-13,1.781e-17,4.344e-01
0.0,2.0,0.2506957989,-3.746603e-01,-3.746603e-01,-3.523274e-01,4.233e-13,5.673e-17,4.405e-01
0.0,2.0,0.2576814237,-3.816908e-01,-3.816908e-01,-3.569889e-01,4.126e-13,1.750e-16,4.463e-01
0.0,2.0,0.2648617025,-3.886359e-01,-3.886359e-01,-3.614139e-01,4.021e-13,5.236e-16,4.519e-01
0.0,2.0,0.2722420593,-3.954910e-01,-3.954910e-01,-3.655992e-01,3.919e-13,1.520e-15,4.571e-01
0.0,2.0,0.2798280694,-4.022503e-01,-4.022503e-01,-3.695424e-01,3.819e-13,4.283e-15,4.620e-01
0.0,2.0,0.2876254633,-4.089076e-01,-4.089076e-01,-3.732414e-01,3.722e-13,1.173e-14,4.666e-01
0.0,2.0,0.2956401311,-4.154556e-01,-4.154556e-01,-3.766950e-01,3.627e-13,3.125e-14,4.710e-01
0.0,2.0,0.3038781273,-4.218861e-01,-4.218861e-01,-3.799022e-01,3.534e-13,8.103e-14,4.750e-01
0.0,2.0,0.3123456747,-4.281902e-01,-4.281902e-01,-3.828627e-01,3.443e-13,2.046e-13,4.787e-01
0.0,2.0,0.3210491698,-4.343578e-01,-4.343578e-01,-3.855764e-01,3.354e-13,5.038e-13,4.821e-01
0.0,2.0,0.3299951874,-4.403782e-01,-4.403782e-01,-3.880441e-01,3.267e-13,1.210e-12,4.852e-01
0.0,2.0,0.3391904853,-4.462397e-01,-4.462397e-01,-3.902665e-01,3.182e-13,2.835e-12,4.879e-01
0.0,2.0,0.3486420097,-4.519299e-01,-4.519299e-01,-3.922452e-01,3.099e-13,6.489e-12,4.904e-01
0.0,2.0,0.3583569002,-4.574355e-01,-4.574355e-01,-3.939819e-01,3.018e-13,1.452e-11,4.926e-01
0.0,2.0,0.3683424957,-4.627429e-01,-4.627429e-01,-3.954787e-01,2.939e-13,3.176e-11,4.945e-01
0.0,2.0,0.3786063392,-4.678376e-01,-4.678376e-01,-3.967381e-01,2.861e-13,6.798e-11,4.960e-01
0.0,2.0,0.3891561842,-4.727049e-01,-4.727049e-01,-3.977628e-01,2.785e-13,1.425e-10,4.973e-01
0.0,2.0,0.4,-4.773298e-01,-4.773298e-01,-3.985560e-01,2.710e-13,2.925e-10,4.983e-01
0.0,2.4,0.0025,5.684342e-14,-9.683317e-31,-9.683317e-31,4.318e-11,0.000e+00,1.270e-30
0.0,2.4,0.002559099,8.526513e-14,-4.989752e-30,-4.989752e-30,4.218e-11,0.000e+00,6.543e-30
0.0,2.4,0.002619595078,2.842171e-14,-2.474983e-29,-2.474983e-29,4.121e-11,0.000e+00,3.246e-29
0.0,2.4,0.002681521258,5.684342e-14,-1.182733e-28,-1.182733e-28,4.025e-11,0.000e+00,1.551e-28
0.0,2.4,0.002744911348,5.684342e-14,-5.449990e-28,-5.449990e-28,3.932e-11,0.000e+00,7.147e-28
0.0,2.4,0.002809799955,1.421085e-14,-2.423619e-27,-2.423619e-27,3.841e-11,0.000e+00,3.178e-27
0.0,2.4,0.002876222502,5.684342e-14,-1.040997e-26,-1.040997e-26,3.753e-11,0.000e+00,1.365e-26
0.0,2.4,0.002944215252,2.842171e-14,-4.322139e-26,-4.322139e-26,3.666e-11,0.000e+00,5.668e-26
0.0,2.4,0.003013815324,5.684342e-14,-1.736013e-25,-1.736013e-25,3.581e-11,0.000e+00,2.276e-25
0.0,2.4,0.003085060713,1.421085e-14,-6.750635e-25,-6.750635e-25,3.498e-11,0.000e+00,8.852e-25
0.0,2.4,0.003157990315,1.421085e-14,-2.543304e-24,-2.543304e-24,3.418e-11,0.000e+00,3.335e-24
0.0,2.4,0.003232643943,5.684342e-14,-9.290328e-24,-9.290328e-24,3.339e-11,0.000e+00,1.218e-23
0.0,2.4,0.003309062353,4.263256e-14,-3.292707e-23,-3.292707e-23,3.261e-11,0.000e+00,4.318e-23
0.0,2.4,0.003387287264,1.421085e-14,-1.133097e-22,-1.133097e-22,3.186e-11,0.000e+00,1.486e-22
0.0,2.4,0.003467361381,4.263256e-14,-3.788513e-22,-3.788513e-22,3.112e-11,0.000e+00,4.968e-22
0.0,2.4,0.003549328418,4.263256e-14,-1.231536e-21,-1.231536e-21,3.041e-11,0.000e+00,1.615e-21
0.0,2.4,0.003633233122,1.421085e-14,-3.894795e-21,-3.894795e-21,2.970e-11,0.000e+00,5.107e-21
0.0,2.4,0.003719121301,4.263256e-14,-1.199104e-20,-1.199104e-20,2.902e-11,0.000e+00,1.572e-20
0.0,2.4,0.003807039841,2.842171e-14,-3.596109e-20,-3.596109e-20,2.835e-11,0.000e+00,4.716e-20
0.0,2.4,0.003897036741,2.842171e-14,-1.051178e-19,-1.051178e-19,2.769e-11,0.000e+00,1.378e-19
0.0,2.4,0.003989161131,2.842171e-14,-2.996705e-19,-2.996705e-19,2.705e-11,0.000e+00,3.930e-19
0.0,2.4,0.004083463305,2.842171e-14,-8.336568e-19,-8.336568e-19,2.642e-11,0.000e+00,1.093e-18
0.0,2.4,0.004179994745,0.000000e+00,-2.264391e-18,-2.264391e-18,2.581e-11,0.000e+00,2.969e-18
0.0,2.4,0.00427880815,4.263256e-14,-6.008638e-18,-6.008638e-18,2.522e-11,0.000e+00,7.879e-18
0.0,2.4,0.004379957463,2.842171e-14,-1.558459e-17,-1.558459e-17,2.463e-11,0.000e+00,2.044e-17
0.0,2.4,0.004483497907,1.421085e-14,-3.953102e-17,-3.953102e-17,2.406e-11,0.000e+00,5.184e-17
0.0,2.4,0.004589486004,1.421085e-14,-9.811322e-17,-9.811322e-17,2.351e-11,0.000e+00,1.287e-16
0.0,2.4,0.004697979618,0.000000e+00,-2.383868e-16,-2.383868e-16,2.296e-11,0.000e+00,3.126e-16
0.0,2.4,0.004809037978,1.421085e-14,-5.673033e-16,-5.673033e-16,2.243e-11,0.000e+00,7.439e-16
0.0,2.4,0.004922721713,0.000000e+00,-1.322925e-15,-1.322925e-15,2.192e-11,0.000e+00,1.735e-15
0.0,2.4,0.005039092886,1.421085e-14,-3.024442e-15,-3.024442e-15,2.141e-11,0.000e+00,3.966e-15
0.0,2.4,0.005158215027,0.000000e+00,-6.781791e-15,-6.781791e-15,2.091e-11,0.000e+00,8.893e-15
0.0,2.4,0.005280153168,-7.105427e-15,-1.492199e-14,-1.492199e-14,2.043e-11,0.000e+00,1.957e-14
0.0,2.4,0.005404973878,-1.421085e-14,-3.223164e-14,-3.223164e-14,1.996e-11,0.000e+00,4.227e-14
0.0,2.4,0.005532745299,-4.973799e-14,-6.837482e-14,-6.837482e-14,1.950e-11,0.000e+00,8.966e-14
0.0,2.4,0.005663537186,-1.350031e-13,-1.425114e-13,-1.425114e-13,1.905e-11,0.000e+00,1.869e-13
0.0,2.4,0.00579742094,-2.984279e-13,-2.919573e-13,-2.919573e-13,1.861e-11,0.000e+00,3.829e-13
0.0,2.4,0.005934469654,-5.826450e-13,-5.881366e-13,-5.881366e-13,1.818e-11,0.000e+00,7.712e-13
0.0,2.4,0.006074758143,-1.158185e-12,-1.165454e-12,-1.165454e-12,1.776e-11,0.000e+00,1.528e-12
0.0,2.4,0.006218362997,-2.252420e-12,-2.272662e-12,-2.272662e-12,1.735e-11,0.000e+00,2.980e-12
0.0,2.4,0.006365362612,-4.362732e-12,-4.362734e-12,-4.362734e-12,1.694e-11,0.000e+00,5.721e-12
0.0,2.4,0.006515837239,-8.249401e-12,-8.247530e-12,-8.247530e-12,1.655e-11,0.000e+00,1.082e-11
0.0,2.4,0.006669869026,-1.535483e-11,-1.535976e-11,-1.535976e-11,1.617e-11,0.000e+00,2.014e-11
0.0,2.4,0.006827542063,-2.819434e-11,-2.818967e-11,-2.818967e-11,1.580e-11,0.000e+00,3.697e-11
0.0,2.4,0.006988942427,-5.100986e-11,-5.100208e-11,-5.100208e-11,1.543e-11,0.000e+00,6.688e-11
0.0,2.4,0.007154158232,-9.099921e-11,-9.099577e-11,-9.099577e-11,1.507e-11,0.000e+00,1.193e-10
0.0,2.4,0.007323279672,-1.601563e-10,-1.601511e-10,-1.601511e-10,1.473e-11,0.000e+00,2.100e-10
0.0,2.4,0.007496399075,-2.781206e-10,-2.781320e-10,-2.781320e-10,1.439e-11,0.000e+00,3.647e-10
0.0,2.4,0.007673610952,-4.767813e-10,-4.767800e-10,-4.767800e-10,1.405e-11,0.000e+00,6.252e-10
0.0,2.4,0.007855012047,-8.069776e-10,-8.069775e-10,-8.069775e-10,1.373e-11,0.000e+00,1.058e-09
0.0,2.4,0.008040701391,-1.348994e-09,-1.348990e-09,-1.348990e-09,1.341e-11,0.000e+00,1.769e-09
0.0,2.4,0.008230780357,-2.227850e-09,-2.227845e-09,-2.227845e-09,1.310e-11,0.000e+00,2.921e-09
0.0,2.4,0.008425352714,-3.635904e-09,-3.635894e-09,-3.635894e-09,1.280e-11,0.000e+00,4.768e-09
0.0,2.4,0.008624524683,-5.865523e-09,-5.865523e-09,-5.865523e-09,1.250e-11,0.000e+00,7.692e-09
0.0,2.4,0.008828404998,-9.355944e-09,-9.355946e-09,-9.355946e-09,1.221e-11,0.000e+00,1.227e-08
0.0,2.4,0.009037104963,-1.475937e-08,-1.475936e-08,-1.475936e-08,1.193e-11,0.000e+00,1.935e-08
0.0,2.4,0.009250738511,-2.303334e-08,-2.303334e-08,-2.303334e-08,1.166e-11,0.000e+00,3.020e-08
0.0,2.4,0.00946942227,-3.556842e-08,-3.556840e-08,-3.556840e-08,1.139e-11,0.000e+00,4.664e-08
0.0,2.4,0.009693275626,-5.436203e-08,-5.436202e-08,-5.436202e-08,1.112e-11,0.000e+00,7.129e-08
0.0,2.4,0.009922420787,-8.225342e-08,-8.225341e-08,-8.225341e-08,1.087e-11,0.000e+00,1.079e-07
0.0,2.4,0.01015698285,-1.232368e-07,-1.232368e-07,-1.232368e-07,1.061e-11,0.000e+00,1.616e-07
0.0,2.4,0.01039708986,-1.828746e-07,-1.828746e-07,-1.828746e-07,1.037e-11,0.000e+00,2.398e-07
0.0,2.4,0.01064287291,-2.688374e-07,-2.688374e-07,-2.688374e-07,1.013e-11,0.000e+00,3.525e-07
0.0,2.4,0.01089446617,-3.916003e-07,-3.916003e-07,-3.916003e-07,9.895e-12,0.000e+00,5.135e-07
0.0,2.4,0.01115200699,-5.653346e-07,-5.653345e-07,-5.653345e-07,9.666e-12,0.000e+00,7.413e-07
0.0,2.4,0.01141563598,-8.090344e-07,-8.090344e-07,-8.090344e-07,9.442e-12,0.000e+00,1.061e-06
0.0,2.4,0.01168549705,-1.147929e-06,-1.147929e-06,-1.147929e-06,9.224e-12,0.000e+00,1.505e-06
0.0,2.4,0.01196173753,-1.615235e-06,-1.615235e-06,-1.615235e-06,9.011e-12,0.000e+00,2.118e-06
0.0,2.4,0.01224450822,-2.254304e-06,-2.254304e-06,-2.254304e-06,8.802e-12,0.000e+00,2.956e-06
0.0,2.4,0.0125339635,-3.121240e-06,-3.121240e-06,-3.121240e-06,8.599e-12,0.000e+00,4.093e-06
0.0,2.4,0.01283026138,-4.288049e-06,-4.288049e-06,-4.288049e-06,8.400e-12,0.000e+00,5.623e-06
0.0,2.4,0.01313356363,-5.846396e-06,-5.846396e-06,-5.846396e-06,8.205e-12,0.000e+00,7.667e-06
0.0,2.4,0.01344403582,-7.912050e-06,-7.912050e-06,-7.912050e-06,8.016e-12,0.000e+00,1.038e-05
0.0,2.4,0.01376184746,-1.063008e-05,-1.063008e-05,-1.063008e-05,7.830e-12,0.000e+00,1.394e-05
0.0,2.4,0.01408717203,-1.418089e-05,-1.418089e-05,-1.418089e-05,7.649e-12,0.000e+00,1.860e-05
0.0,2.4,0.01442018714,-1.878716e-05,-1.878716e-05,-1.878716e-05,7.472e-12,3.827e-316,2.464e-05
0.0,2.4,0.0147610746,-2.472173e-05,-2.472173e-05,-2.472173e-05,7.299e-12,8.396e-309,3.242e-05
0.0,2.4,0.0151100205,-3.231652e-05,-3.231652e-05,-3.231652e-05,7.130e-12,1.246e-301,4.238e-05
0.0,2.4,0.01546721534,-4.197246e-05,-4.197246e-05,-4.197246e-05,6.965e-12,1.263e-294,5.504e-05
0.0,2.4,0.01583285413,-5.417055e-05,-5.417055e-05,-5.417055e-05,6.804e-12,8.821e-288,7.104e-05
0.0,2.4,0.01620713647,-6.948392e-05,-6.948392e-05,-6.948392e-05,6.646e-12,4.279e-281,9.112e-05
0.0,2.4,0.0165902667,-8.859095e-05,-8.859095e-05,-8.859095e-05,6.492e-12,1.454e-274,1.162e-04
0.0,2.4,0.01698245397,-1.122894e-04,-1.122894e-04,-1.122894e-04,6.342e-12,3.491e-268,1.472e-04
0.0,2.4,0.01738391239,-1.415115e-04,-1.415115e-04,-1.415115e-04,6.195e-12,5.967e-262,1.856e-04
0.0,2.4,0.01779486113,-1.773395e-04,-1.773395e-04,-1.773395e-04,6.052e-12,7.321e-256,2.326e-04
0.0,2.4,0.01821552453,-2.210225e-04,-2.210225e-04,-2.210225e-04,5.912e-12,6.496e-250,2.898e-04
0.0,2.4,0.01864613225,-2.739932e-04,-2.739932e-04,-2.739932e-04,5.775e-12,4.200e-244,3.593e-04
0.0,2.4,0.01908691936,-3.378851e-04,-3.378851e-04,-3.378851e-04,5.641e-12,1.993e-238,4.431e-04
0.0,2.4,0.0195381265,-4.145497e-04,-4.145497e-04,-4.145497e-04,5.510e-12,6.992e-233,5.436e-04
0.0,2.4,0.02,-5.060738e-04,-5.060738e-04,-5.060738e-04,5.382e-12,1.826e-227,6.636e-04
0.0,2.4,0.02055729891,-6.359389e-04,-6.359389e-04,-6.359389e-04,5.236e-12,2.974e-221,8.339e-04
0.0,2.4,0.02113012692,-7.938940e-04,-7.938940e-04,-7.938940e-04,5.093e-12,3.286e-215,1.041e-03
0.0,2.4,0.02171891675,-9.847647e-04,-9.847647e-04,-9.847647e-04,4.955e-12,2.488e-209,1.291e-03
0.0,2.4,0.02232411318,-1.213949e-03,-1.213949e-03,-1.213949e-03,4.820e-12,1.305e-203,1.592e-03
0.0,2.4,0.02294617338,-1.487441e-03,-1.487441e-03,-1.487441e-03,4.688e-12,4.789e-198,1.951e-03
0.0,2.4,0.02358556724,-1.811846e-03,-1.811846e-03,-1.811846e-03,4.560e-12,1.241e-192,2.376e-03
0.0,2.4,0.02424277779,-2.194394e-03,-2.194394e-03,-2.194394e-03,4.436e-12,2.292e-187,2.878e-03
0.0,2.4,0.02491830147,-2.642937e-03,-2.642937e-03,-2.642937e-03,4.315e-12,3.048e-182,3.466e-03
0.0,2.4,0.02561264858,-3.165945e-03,-3.165945e-03,-3.165945e-03,4.197e-12,2.941e-177,4.152e-03
0.0,2.4,0.02632634363,-3.772492e-03,-3.772492e-03,-3.772492e-03,4.082e-12,2.079e-172,4.947e-03
0.0,2.4,0.02705992576,-4.472222e-03,-4.472222e-03,-4.472222e-03,3.971e-12,1.085e-167,5.865e-03
0.0,2.4,0.02781394911,-5.275323e-03,-5.275323e-03,-5.275323e-03,3.862e-12,4.218e-163,6.918e-03
0.0,2.4,0.02858898329,-6.192472e-03,-6.192472e-03,-6.192472e-03,3.756e-12,1.230e-158,8.120e-03
0.0,2.4,0.02938561374,-7.234780e-03,-7.234780e-03,-7.234780e-03,3.653e-12,2.716e-154,9.487e-03
0.0,2.4,0.03020444227,-8.413729e-03,-8.413729e-03,-8.413729e-03,3.553e-12,4.568e-150,1.103e-02
0.0,2.4,0.0310460874,-9.741092e-03,-9.741092e-03,-9.741092e-03,3.455e-12,5.900e-146,1.277e-02
0.0,2.4,0.03191118493,-1.122885e-02,-1.122885e-02,-1.122885e-02,3.360e-12,5.894e-142,1.472e-02
0.0,2.4,0.03280038836,-1.288910e-02,-1.288910e-02,-1.288910e-02,3.267e-12,4.585e-138,1.690e-02
0.0,2.4,0.03371436939,-1.473395e-02,-1.473395e-02,-1.473395e-02,3.177e-12,2.797e-134,1.932e-02
0.0,2.4,0.03465381845,-1.677543e-02,-1.677543e-02,-1.677543e-02,3.089e-12,1.346e-130,2.200e-02
0.0,2.4,0.03561944521,-1.902537e-02,-1.902537e-02,-1.902536e-02,3.004e-12,5.148e-127,2.495e-02
0.0,2.4,0.0366119791,-2.149527e-02,-2.149527e-02,-2.149527e-02,2.920e-12,1.573e-123,2.819e-02
0.0,2.4,0.0376321699,-2.419626e-02,-2.419626e-02,-2.419625e-02,2.839e-12,3.867e-120,3.173e-02
0.0,2.4,0.03868078826,-2.713888e-02,-2.713888e-02,-2.713887e-02,2.760e-12,7.689e-117,3.559e-02
0.0,2.4,0.03975862631,-3.033308e-02,-3.033308e-02,-3.033306e-02,2.683e-12,1.244e-113,3.978e-02
0.0,2.4,0.04086649826,-3.378802e-02,-3.378802e-02,-3.378799e-02,2.608e-12,1.646e-110,4.431e-02
0.0,2.4,0.04200524101,-3.751204e-02,-3.751204e-02,-3.751199e-02,2.535e-12,1.792e-107,4.919e-02
0.0,2.4,0.04317571475,-4.151252e-02,-4.151252e-02,-4.151245e-02,2.464e-12,1.614e-104,5.444e-02
0.0,2.4,0.04437880369,-4.579582e-02,-4.579582e-02,-4.579570e-02,2.395e-12,1.208e-101,6.005e-02
0.0,2.4,0.04561541663,-5.036717e-02,-5.036717e-02,-5.036699e-02,2.327e-12,7.554e-99,6.605e-02
0.0,2.4,0.04688648772,-5.523064e-02,-5.523064e-02,-5.523036e-02,2.262e-12,3.965e-96,7.243e-02
0.0,2.4,0.04819297714,-6.038904e-02,-6.038904e-02,-6.038863e-02,2.198e-12,1.756e-93,7.919e-02
0.0,2.4,0.04953587182,-6.584391e-02,-6.584391e-02,-6.584331e-02,2.136e-12,6.588e-91,8.634e-02
0.0,2.4,0.05091618618,-7.159546e-02,-7.159546e-02,-7.159458e-02,2.075e-12,2.104e-88,9.388e-02
0.0,2.4,0.05233496293,-7.764255e-02,-7.764255e-02,-7.764128e-02,2.016e-12,5.746e-86,1.018e-01
0.0,2.4,0.05379327381,-8.398269e-02,-8.398269e-02,-8.398088e-02,1.959e-12,1.347e-83,1.101e-01
0.0,2.4,0.05529222045,-9.061202e-02,-9.061202e-02,-9.060945e-02,1.903e-12,2.723e-81,1.188e-01
0.0,2.4,0.05683293515,-9.752533e-02,-9.752533e-02,-9.752174e-02,1.849e-12,4.765e-79,1.279e-01
0.0,2.4,0.05841658179,-1.047161e-01,-1.047161e-01,-1.047111e-01,1.796e-12,7.245e-77,1.373e-01
0.0,2.4,0.06004435665,-1.121766e-01,-1.121766e-01,-1.121697e-01,1.745e-12,9.610e-75,1.471e-01
0.0,2.4,0.06171748937,-1.198976e-01,-1.198976e-01,-1.198883e-01,1.695e-12,1.116e-72,1.572e-01
0.0,2.4,0.06343724384,-1.278690e-01,-1.278690e-01,-1.278564e-01,1.646e-12,1.139e-70,1.677e-01
0.0,2.4,0.06520491918,-1.360795e-01,-1.360795e-01,-1.360626e-01,1.599e-12,1.025e-68,1.784e-01
0.0,2.4,0.06702185069,-1.445166e-01,-1.445166e-01,-1.444941e-01,1.553e-12,8.160e-67,1.895e-01
0.0,2.4,0.0688894109,-1.531671e-01,-1.531671e-01,-1.531373e-01,1.509e-12,5.767e-65,2.008e-01
0.0,2.4,0.07080901057,-1.620166e-01,-1.620166e-01,-1.619776e-01,1.465e-12,3.631e-63,2.124e-01
0.0,2.4,0.07278209978,-1.710502e-01,-1.710502e-01,-1.709995e-01,1.423e-12,2.042e-61,2.242e-01
0.0,2.4,0.07481016902,-1.802524e-01,-1.802524e-01,-1.801869e-01,1.382e-12,1.029e-59,2.363e-01
0.0,2.4,0.0768947503,-1.896067e-01,-1.896067e-01,-1.895228e-01,1.343e-12,4.662e-58,2.485e-01
0.0,2.4,0.07903741831,-1.990967e-01,-1.990967e-01,-1.989897e-01,1.304e-12,1.904e-56,2.609e-01
0.0,2.4,0.08123979166,-2.087052e-01,-2.087052e-01,-2.085698e-01,1.267e-12,7.028e-55,2.735e-01
0.0,2.4,0.08350353402,-2.184150e-01,-2.184150e-01,-2.182447e-01,1.231e-12,2.352e-53,2.862e-01
0.0,2.4,0.08583035543,-2.282087e-01,-2.282087e-01,-2.279957e-01,1.196e-12,7.152e-52,2.990e-01
0.0,2.4,0.0882220136,-2.380689e-01,-2.380689e-01,-2.378042e-01,1.162e-12,1.982e-50,3.118e-01
0.0,2.4,0.09068031519,-2.479784e-01,-2.479784e-01,-2.476511e-01,1.129e-12,5.017e-49,3.248e-01
0.0,2.4,0.09320711722,-2.579200e-01,-2.579200e-01,-2.575176e-01,1.097e-12,1.163e-47,3.377e-01
0.0,2.4,0.09580432845,-2.678770e-01,-2.678770e-01,-2.673848e-01,1.066e-12,2.475e-46,3.506e-01
0.0,2.4,0.09847391083,-2.778329e-01,-2.778329e-01,-2.772341e-01,1.036e-12,4.845e-45,3.635e-01
0.0,2.4,0.101217881,-2.877720e-01,-2.877720e-01,-2.870469e-01,1.006e-12,8.748e-44,3.764e-01
0.0,2.4,0.1040383117,-2.976789e-01,-2.976789e-01,-2.968051e-01,9.781e-13,1.460e-42,3.892e-01
0.0,2.4,0.1069373336,-3.075390e-01,-3.075390e-01,-3.064910e-01,9.507e-13,2.256e-41,4.019e-01
0.0,2.4,0.1099171365,-3.173386e-01,-3.173386e-01,-3.160871e-01,9.241e-13,3.235e-40,4.145e-01
0.0,2.4,0.1129799716,-3.270647e-01,-3.270647e-01,-3.255768e-01,8.984e-13,4.315e-39,4.269e-01
0.0,2.4,0.1161281523,-3.367050e-01,-3.367050e-01,-3.349436e-01,8.734e-13,5.362e-38,4.392e-01
0.0,2.4,0.1193640569,-3.462486e-01,-3.462486e-01,-3.441719e-01,8.493e-13,6.222e-37,4.513e-01
0.0,2.4,0.1226901298,-3.556853e-01,-3.556853e-01,-3.532466e-01,8.259e-13,6.752e-36,4.632e-01
0.0,2.4,0.1261088836,-3.650059e-01,-3.650059e-01,-3.621534e-01,8.032e-13,6.865e-35,4.749e-01
0.0,2.4,0.1296229008,-3.742026e-01,-3.742026e-01,-3.708786e-01,7.812e-13,6.553e-34,4.863e-01
0.0,2.4,0.1332348358,-3.832682e-01,-3.832682e-01,-3.794093e-01,7.598e-13,5.881e-33,4.975e-01
0.0,2.4,0.1369474172,-3.921971e-01,-3.921971e-01,-3.877332e-01,7.392e-13,4.971e-32,5.084e-01
0.0,2.4,0.1407634495,-4.009844e-01,-4.009844e-01,-3.958391e-01,7.191e-13,3.964e-31,5.191e-01
0.0,2.4,0.1446858154,-4.096265e-01,-4.096265e-01,-4.037161e-01,6.997e-13,2.987e-30,5.294e-01
0.0,2.4,0.1487174777,-4.181208e-01,-4.181208e-01,-4.113546e-01,6.808e-13,2.130e-29,5.394e-01
0.0,2.4,0.1528614821,-4.264657e-01,-4.264657e-01,-4.187454e-01,6.625e-13,1.439e-28,5.491e-01
0.0,2.4,0.157120959,-4.346606e-01,-4.346606e-01,-4.258803e-01,6.447e-13,9.230e-28,5.585e-01
0.0,2.4,0.1614991259,-4.427058e-01,-4.427058e-01,-4.327519e-01,6.274e-13,5.626e-27,5.675e-01
0.0,2.4,0.1659992902,-4.506023e-01,-4.506023e-01,-4.393534e-01,6.107e-13,3.264e-26,5.761e-01
0.0,2.4,0.1706248514,-4.583522e-01,-4.583522e-01,-4.456790e-01,5.944e-13,1.805e-25,5.844e-01
0.0,2.4,0.1753793036,-4.659579e-01,-4.659579e-01,-4.517234e-01,5.785e-13,9.524e-25,5.924e-01
0.0,2.4,0.1802662383,-4.734225e-01,-4.734225e-01,-4.574823e-01,5.631e-13,4.802e-24,5.999e-01
0.0,2.4,0.1852893472,-4.807497e-01,-4.807497e-01,-4.629518e-01,5.482e-13,2.316e-23,6.071e-01
0.0,2.4,0.1904524247,-4.879433e-01,-4.879433e-01,-4.681291e-01,5.336e-13,1.070e-22,6.139e-01
0.0,2.4,0.1957593711,-4.950075e-01,-4.950075e-01,-4.730118e-01,5.194e-13,4.740e-22,6.203e-01
0.0,2.4,0.2012141953,-5.019466e-01,-5.019466e-01,-4.775982e-01,5.056e-13,2.016e-21,6.263e-01
0.0,2.4,0.2068210179,-5.087647e-01,-5.087647e-01,-4.818872e-01,4.921e-13,8.240e-21,6.319e-01
0.0,2.4,0.2125840742,-5.154659e-01,-5.154659e-01,-4.858784e-01,4.789e-13,3.241e-20,6.371e-01
0.0,2.4,0.2185077179,-5.220540e-01,-5.220540e-01,-4.895720e-01,4.661e-13,1.227e-19,6.420e-01
0.0,2.4,0.2245964235,-5.285324e-01,-5.285324e-01,-4.929685e-01,4.536e-13,4.482e-19,6.464e-01
0.0,2.4,0.2308547906,-5.349039e-01,-5.349039e-01,-4.960691e-01,4.414e-13,1.580e-18,6.505e-01
0.0,2.4,0.2372875467,-5.411707e-01,-5.411707e-01,-4.988757e-01,4.295e-13,5.377e-18,6.542e-01
0.0,2.4,0.2438995512,-5.473342e-01,-5.473342e-01,-5.013902e-01,4.179e-13,1.770e-17,6.575e-01
0.0,2.4,0.2506957989,-5.533951e-01,-5.533951e-01,-5.036152e-01,4.065e-13,5.638e-17,6.604e-01
0.0,2.4,0.2576814237,-5.593531e-01,-5.593531e-01,-5.055538e-01,3.954e-13,1.740e-16,6.630e-01
0.0,2.4,0.2648617025,-5.652067e-01,-5.652067e-01,-5.072093e-01,3.846e-13,5.204e-16,6.651e-01
0.0,2.4,0.2722420593,-5.709536e-01,-5.709536e-01,-5.085855e-01,3.740e-13,1.510e-15,6.669e-01
0.0,2.4,0.2798280694,-5.765904e-01,-5.765904e-01,-5.096862e-01,3.636e-13,4.257e-15,6.684e-01
0.0,2.4,0.2876254633,-5.821124e-01,-5.821124e-01,-5.105160e-01,3.534e-13,1.166e-14,6.695e-01
0.0,2.4,0.2956401311,-5.875137e-01,-5.875137e-01,-5.110793e-01,3.434e-13,3.106e-14,6.702e-01
0.0,2.4,0.3038781273,-5.927876e-01,-5.927876e-01,-5.113810e-01,3.337e-13,8.053e-14,6.706e-01
0.0,2.4,0.3123456747,-5.979261e-01,-5.979261e-01,-5.114263e-01,3.241e-13,2.034e-13,6.707e-01
0.0,2.4,0.3210491698,-6.029199e-01,-6.029199e-01,-5.112203e-01,3.148e-13,5.006e-13,6.704e-01
0.0,2.4,0.3299951874,-6.077591e-01,-6.077591e-01,-5.107686e-01,3.056e-13,1.202e-12,6.698e-01
0.0,2.4,0.3391904853,-6.124327e-01,-6.124327e-01,-5.100767e-01,2.967e-13,2.817e-12,6.689e-01
0.0,2.4,0.3486420097,-6.169287e-01,-6.169287e-01,-5.091503e-01,2.879e-13,6.449e-12,6.677e-01
0.0,2.4,0.3583569002,-6.212347e-01,-6.212347e-01,-5.079954e-01,2.792e-13,1.443e-11,6.662e-01
0.0,2.4,0.3683424957,-6.253373e-01,-6.253373e-01,-5.066179e-01,2.708e-13,3.156e-11,6.643e-01
0.0,2.4,0.3786063392,-6.292228e-01,-6.292228e-01,-5.050237e-01,2.625e-13,6.756e-11,6.623e-01
0.0,2.4,0.3891561842,-6.328773e-01,-6.328773e-01,-5.032191e-01,2.544e-13,1.416e-10,6.599e-01
0.0,2.4,0.4,-6.362864e-01,-6.362864e-01,-5.012102e-01,2.464e-13,2.907e-10,6.573e-01
0.0,2.8,0.0025,2.842171e-14,-1.338584e-20,-1.338584e-20,4.319e-11,0.000e+00,1.874e-20
0.0,2.8,0.002559099,5.684342e-14,-4.023581e-20,-4.023581e-20,4.220e-11,0.000e+00,5.632e-20
0.0,2.8,0.002619595078,2.842171e-14,-1.178757e-19,-1.178757e-19,4.122e-11,0.000e+00,1.650e-19
0.0,2.8,0.002681521258,4.263256e-14,-3.367738e-19,-3.367738e-19,4.027e-11,0.000e+00,4.714e-19
0.0,2.8,0.002744911348,4.263256e-14,-9.388708e-19,-9.388708e-19,3.934e-11,0.000e+00,1.314e-18
0.0,2.8,0.002809799955,2.842171e-14,-2.555483e-18,-2.555483e-18,3.843e-11,0.000e+00,3.577e-18
0.0,2.8,0.002876222502,1.421085e-14,-6.794854e-18,-6.794854e-18,3.754e-11,0.000e+00,9.511e-18
0.0,2.8,0.002944215252,2.842171e-14,-1.765882e-17,-1.765882e-17,3.667e-11,0.000e+00,2.472e-17
0.0,2.8,0.003013815324,1.421085e-14,-4.487937e-17,-4.487937e-17,3.582e-11,0.000e+00,6.282e-17
0.0,2.8,0.003085060713,0.000000e+00,-1.115988e-16,-1.115988e-16,3.499e-11,0.000e+00,1.562e-16
0.0,2.8,0.003157990315,1.421085e-14,-2.716556e-16,-2.716556e-16,3.418e-11,0.000e+00,3.802e-16
0.0,2.8,0.003232643943,4.263256e-14,-6.476460e-16,-6.476460e-16,3.339e-11,0.000e+00,9.065e-16
0.0,2.8,0.003309062353,1.421085e-14,-1.512953e-15,-1.512953e-15,3.262e-11,0.000e+00,2.118e-15
0.0,2.8,0.003387287264,1.421085e-14,-3.464863e-15,-3.464863e-15,3.186e-11,0.000e+00,4.850e-15
0.0,2.8,0.003467361381,2.842171e-14,-7.782489e-15,-7.782489e-15,3.113e-11,0.000e+00,1.089e-14
0.0,2.8,0.003549328418,1.421085e-14,-1.715211e-14,-1.715211e-14,3.041e-11,0.000e+00,2.401e-14
0.0,2.8,0.003633233122,-1.421085e-14,-3.710849e-14,-3.710849e-14,2.970e-11,0.000e+00,5.194e-14
0.0,2.8,0.003719121301,-4.263256e-14,-7.884451e-14,-7.884451e-14,2.902e-11,0.000e+00,1.104e-13
0.0,2.8,0.003807039841,-1.705303e-13,-1.645862e-13,-1.645862e-13,2.834e-11,0.000e+00,2.304e-13
0.0,2.8,0.003897036741,-3.126388e-13,-3.376888e-13,-3.376888e-13,2.769e-11,0.000e+00,4.727e-13
0.0,2.8,0.003989161131,-6.536993e-13,-6.812620e-13,-6.812620e-13,2.705e-11,0.000e+00,9.536e-13
0.0,2.8,0.004083463305,-1.350031e-12,-1.351933e-12,-1.351933e-12,2.642e-11,0.000e+00,1.892e-12
0.0,2.8,0.004179994745,-2.614797e-12,-2.640006e-12,-2.640006e-12,2.581e-11,0.000e+00,3.695e-12
0.0,2.8,0.00427880815,-5.044853e-12,-5.074868e-12,-5.074868e-12,2.521e-11,0.000e+00,7.103e-12
0.0,2.8,0.004379957463,-9.592327e-12,-9.606661e-12,-9.606661e-12,2.463e-11,0.000e+00,1.345e-11
0.0,2.8,0.004483497907,-1.789147e-11,-1.791440e-11,-1.791440e-11,2.406e-11,0.000e+00,2.508e-11
0.0,2.8,0.004589486004,-3.291234e-11,-3.292034e-11,-3.292034e-11,2.350e-11,0.000e+00,4.608e-11
0.0,2.8,0.004697979618,-5.962875e-11,-5.963566e-11,-5.963566e-11,2.295e-11,0.000e+00,8.347e-11
0.0,2.8,0.004809037978,-1.065246e-10,-1.065298e-10,-1.065298e-10,2.242e-11,0.000e+00,1.491e-10
0.0,2.8,0.004922721713,-1.877112e-10,-1.877151e-10,-1.877151e-10,2.190e-11,0.000e+00,2.628e-10
0.0,2.8,0.005039092886,-3.263807e-10,-3.263834e-10,-3.263834e-10,2.140e-11,0.000e+00,4.568e-10
0.0,2.8,0.005158215027,-5.601350e-10,-5.601334e-10,-5.601334e-10,2.090e-11,0.000e+00,7.840e-10
0.0,2.8,0.005280153168,-9.491075e-10,-9.491178e-10,-9.491178e-10,2.042e-11,0.000e+00,1.329e-09
0.0,2.8,0.005404973878,-1.588312e-09,-1.588334e-09,-1.588334e-09,1.994e-11,0.000e+00,2.223e-09
0.0,2.8,0.005532745299,-2.625917e-09,-2.625921e-09,-2.625921e-09,1.948e-11,0.000e+00,3.676e-09
0.0,2.8,0.005663537186,-4.290037e-09,-4.290039e-09,-4.290039e-09,1.903e-11,0.000e+00,6.005e-09
0.0,2.8,0.00579742094,-6.927870e-09,-6.927873e-09,-6.927873e-09,1.859e-11,0.000e+00,9.697e-09
0.0,2.8,0.005934469654,-1.106149e-08,-1.106150e-08,-1.106150e-08,1.816e-11,0.000e+00,1.548e-08
0.0,2.8,0.006074758143,-1.746696e-08,-1.746696e-08,-1.746696e-08,1.774e-11,0.000e+00,2.445e-08
0.0,2.8,0.006218362997,-2.728481e-08,-2.728482e-08,-2.728482e-08,1.733e-11,0.000e+00,3.819e-08
0.0,2.8,0.006365362612,-4.217288e-08,-4.217290e-08,-4.217290e-08,1.693e-11,0.000e+00,5.903e-08
0.0,2.8,0.006515837239,-6.451498e-08,-6.451498e-08,-6.451498e-08,1.653e-11,0.000e+00,9.030e-08
0.0,2.8,0.006669869026,-9.770258e-08,-9.770259e-08,-9.770259e-08,1.615e-11,0.000e+00,1.368e-07
0.0,2.8,0.006827542063,-1.465113e-07,-1.465113e-07,-1.465113e-07,1.578e-11,0.000e+00,2.051e-07
0.0,2.8,0.006988942427,-2.175978e-07,-2.175978e-07,-2.175978e-07,1.541e-11,0.000e+00,3.046e-07
0.0,2.8,0.007154158232,-3.201495e-07,-3.201495e-07,-3.201495e-07,1.505e-11,0.000e+00,4.481e-07
0.0,2.8,0.007323279672,-4.667242e-07,-4.667242e-07,-4.667242e-07,1.471e-11,0.000e+00,6.533e-07
0.0,2.8,0.007496399075,-6.743249e-07,-6.743249e-07,-6.743249e-07,1.436e-11,0.000e+00,9.439e-07
0.0,2.8,0.007673610952,-9.657606e-07,-9.657606e-07,-9.657606e-07,1.403e-11,0.000e+00,1.352e-06
0.0,2.8,0.007855012047,-1.371352e-06,-1.371352e-06,-1.371352e-06,1.371e-11,0.000e+00,1.920e-06
0.0,2.8,0.008040701391,-1.931052e-06,-1.931052e-06,-1.931052e-06,1.339e-11,0.000e+00,2.703e-06
0.0,2.8,0.008230780357,-2.697043e-06,-2.697043e-06,-2.697043e-06,1.308e-11,0.000e+00,3.775e-06
0.0,2.8,0.008425352714,-3.736912e-06,-3.736912e-06,-3.736912e-06,1.278e-11,0.000e+00,5.231e-06
0.0,2.8,0.008624524683,-5.137468e-06,-5.137468e-06,-5.137468e-06,1.248e-11,0.000e+00,7.191e-06
0.0,2.8,0.008828404998,-7.009302e-06,-7.009302e-06,-7.009302e-06,1.219e-11,0.000e+00,9.811e-06
0.0,2.8,0.009037104963,-9.492189e-06,-9.492189e-06,-9.492189e-06,1.191e-11,0.000e+00,1.329e-05
0.0,2.8,0.009250738511,-1.276140e-05,-1.276140e-05,-1.276140e-05,1.163e-11,0.000e+00,1.786e-05
0.0,2.8,0.00946942227,-1.703507e-05,-1.703507e-05,-1.703507e-05,1.137e-11,0.000e+00,2.384e-05
0.0,2.8,0.009693275626,-2.258262e-05,-2.258262e-05,-2.258262e-05,1.110e-11,0.000e+00,3.161e-05
0.0,2.8,0.009922420787,-2.973438e-05,-2.973438e-05,-2.973438e-05,1.085e-11,0.000e+00,4.162e-05
0.0,2.8,0.01015698285,-3.889250e-05,-3.889250e-05,-3.889250e-05,1.059e-11,0.000e+00,5.444e-05
0.0,2.8,0.01039708986,-5.054307e-05,-5.054307e-05,-5.054307e-05,1.035e-11,0.000e+00,7.075e-05
0.0,2.8,0.01064287291,-6.526960e-05,-6.526960e-05,-6.526960e-05,1.011e-11,0.000e+00,9.136e-05
0.0,2.8,0.01089446617,-8.376785e-05,-8.376785e-05,-8.376785e-05,9.876e-12,0.000e+00,1.173e-04
0.0,2.8,0.01115200699,-1.068619e-04,-1.068619e-04,-1.068619e-04,9.647e-12,0.000e+00,1.496e-04
0.0,2.8,0.01141563598,-1.355213e-04,-1.355213e-04,-1.355213e-04,9.424e-12,0.000e+00,1.897e-04
0.0,2.8,0.01168549705,-1.708799e-04,-1.708799e-04,-1.708799e-04,9.206e-12,0.000e+00,2.392e-04
0.0,2.8,0.01196173753,-2.142550e-04,-2.142550e-04,-2.142550e-04,8.993e-12,0.000e+00,2.999e-04
0.0,2.8,0.01224450822,-2.671673e-04,-2.671673e-04,-2.671673e-04,8.785e-12,0.000e+00,3.740e-04
0.0,2.8,0.0125339635,-3.313627e-04,-3.313627e-04,-3.313627e-04,8.582e-12,0.000e+00,4.638e-04
0.0,2.8,0.01283026138,-4.088326e-04,-4.088326e-04,-4.088326e-04,8.383e-12,0.000e+00,5.723e-04
0.0,2.8,0.01313356363,-5.018359e-04,-5.018359e-04,-5.018359e-04,8.189e-12,0.000e+00,7.024e-04
0.0,2.8,0.01344403582,-6.129195e-04,-6.129195e-04,-6.129195e-04,8.000e-12,0.000e+00,8.579e-04
0.0,2.8,0.01376184746,-7.449394e-04,-7.449394e-04,-7.449394e-04,7.815e-12,0.000e+00,1.043e-03
0.0,2.8,0.01408717203,-9.010797e-04,-9.010797e-04,-9.010797e-04,7.634e-12,0.000e+00,1.261e-03
0.0,2.8,0.01442018714,-1.084871e-03,-1.084871e-03,-1.084871e-03,7.457e-12,3.914e-316,1.519e-03
0.0,2.8,0.0147610746,-1.300207e-03,-1.300207e-03,-1.300207e-03,7.285e-12,8.587e-309,1.820e-03
0.0,2.8,0.0151100205,-1.551358e-03,-1.551358e-03,-1.551358e-03,7.116e-12,1.275e-301,2.171e-03
0.0,2.8,0.01546721534,-1.842983e-03,-1.842983e-03,-1.842983e-03,6.951e-12,1.292e-294,2.580e-03
0.0,2.8,0.01583285413,-2.180139e-03,-2.180139e-03,-2.180139e-03,6.791e-12,9.022e-288,3.052e-03
0.0,2.8,0.01620713647,-2.568283e-03,-2.568283e-03,-2.568283e-03,6.633e-12,4.376e-281,3.595e-03
0.0,2.8,0.0165902667,-3.013278e-03,-3.013278e-03,-3.013278e-03,6.480e-12,1.487e-274,4.218e-03
0.0,2.8,0.01698245397,-3.521388e-03,-3.521388e-03,-3.521388e-03,6.329e-12,3.570e-268,4.929e-03
0.0,2.8,0.01738391239,-4.099269e-03,-4.099269e-03,-4.099269e-03,6.183e-12,6.103e-262,5.738e-03
0.0,2.8,0.01779486113,-4.753963e-03,-4.753963e-03,-4.753963e-03,6.039e-12,7.488e-256,6.654e-03
0.0,2.8,0.01821552453,-5.492877e-03,-5.492877e-03,-5.492877e-03,5.899e-12,6.644e-250,7.689e-03
0.0,2.8,0.01864613225,-6.323764e-03,-6.323764e-03,-6.323764e-03,5.762e-12,4.295e-244,8.852e-03
0.0,2.8,0.01908691936,-7.254698e-03,-7.254698e-03,-7.254698e-03,5.628e-12,2.038e-238,1.015e-02
0.0,2.8,0.0195381265,-8.294041e-03,-8.294041e-03,-8.294041e-03,5.498e-12,7.151e-233,1.161e-02
0.0,2.8,0.02,-9.450413e-03,-9.450413e-03,-9.450413e-03,5.370e-12,1.867e-227,1.323e-02
0.0,2.8,0.02055729891,-1.097244e-02,-1.097244e-02,-1.097244e-02,5.223e-12,3.042e-221,1.536e-02
0.0,2.8,0.02113012692,-1.268329e-02,-1.268329e-02,-1.268329e-02,5.080e-12,3.360e-215,1.775e-02
0.0,2.8,0.02171891675,-1.459788e-02,-1.459788e-02,-1.459788e-02,4.941e-12,2.545e-209,2.043e-02
0.0,2.8,0.02232411318,-1.673121e-02,-1.673121e-02,-1.673120e-02,4.806e-12,1.335e-203,2.342e-02
0.0,2.8,0.02294617338,-1.909823e-02,-1.909823e-02,-1.909823e-02,4.674e-12,4.898e-198,2.673e-02
0.0,2.8,0.02358556724,-2.171380e-02,-2.171380e-02,-2.171380e-02,4.545e-12,1.269e-192,3.039e-02
0.0,2.8,0.02424277779,-2.459245e-02,-2.459245e-02,-2.459244e-02,4.420e-12,2.345e-187,3.442e-02
0.0,2.8,0.02491830147,-2.774829e-02,-2.774829e-02,-2.774828e-02,4.299e-12,3.117e-182,3.884e-02
0.0,2.8,0.02561264858,-3.119488e-02,-3.119488e-02,-3.119487e-02,4.180e-12,3.008e-177,4.366e-02
0.0,2.8,0.02632634363,-3.494509e-02,-3.494509e-02,-3.494508e-02,4.065e-12,2.126e-172,4.891e-02
0.0,2.8,0.02705992576,-3.901094e-02,-3.901094e-02,-3.901091e-02,3.952e-12,1.110e-167,5.460e-02
0.0,2.8,0.02781394911,-4.340350e-02,-4.340350e-02,-4.340345e-02,3.843e-12,4.314e-163,6.075e-02
0.0,2.8,0.02858898329,-4.813273e-02,-4.813273e-02,-4.813266e-02,3.736e-12,1.258e-158,6.737e-02
0.0,2.8,0.02938561374,-5.320744e-02,-5.320744e-02,-5.320733e-02,3.633e-12,2.777e-154,7.448e-02
0.0,2.8,0.03020444227,-5.863510e-02,-5.863510e-02,-5.863492e-02,3.532e-12,4.672e-150,8.207e-02
0.0,2.8,0.0310460874,-6.442179e-02,-6.442179e-02,-6.442152e-02,3.433e-12,6.035e-146,9.017e-02
0.0,2.8,0.03191118493,-7.057212e-02,-7.057212e-02,-7.057171e-02,3.337e-12,6.028e-142,9.878e-02
0.0,2.8,0.03280038836,-7.708915e-02,-7.708915e-02,-7.708855e-02,3.244e-12,4.689e-138,1.079e-01
0.0,2.8,0.03371436939,-8.397435e-02,-8.397435e-02,-8.397347e-02,3.154e-12,2.860e-134,1.175e-01
0.0,2.8,0.03465381845,-9.122755e-02,-9.122755e-02,-9.122627e-02,3.065e-12,1.377e-130,1.277e-01
0.0,2.8,0.03561944521,-9.884690e-02,-9.884690e-02,-9.884506e-02,2.979e-12,5.265e-127,1.384e-01
0.0,2.8,0.0366119791,-1.068289e-01,-1.068289e-01,-1.068263e-01,2.896e-12,1.609e-123,1.495e-01
0.0,2.8,0.0376321699,-1.151684e-01,-1.151684e-01,-1.151647e-01,2.814e-12,3.955e-120,1.612e-01
0.0,2.8,0.03868078826,-1.238585e-01,-1.238585e-01,-1.238534e-01,2.735e-12,7.864e-117,1.734e-01
0.0,2.8,0.03975862631,-1.328908e-01,-1.328908e-01,-1.328837e-01,2.658e-12,1.272e-113,1.860e-01
0.0,2.8,0.04086649826,-1.422554e-01,-1.422554e-01,-1.422457e-01,2.583e-12,1.684e-110,1.991e-01
0.0,2.8,0.04200524101,-1.519407e-01,-1.519407e-01,-1.519275e-01,2.510e-12,1.833e-107,2.127e-01
0.0,2.8,0.04317571475,-1.619338e-01,-1.619338e-01,-1.619160e-01,2.439e-12,1.651e-104,2.266e-01
0.0,2.8,0.04437880369,-1.722204e-01,-1.722204e-01,-1.721967e-01,2.371e-12,1.235e-101,2.410e-01
0.0,2.8,0.04561541663,-1.827850e-01,-1.827850e-01,-1.827536e-01,2.304e-12,7.725e-99,2.558e-01
0.0,2.8,0.04688648772,-1.936109e-01,-1.936109e-01,-1.935698e-01,2.239e-12,4.055e-96,2.709e-01
0.0,2.8,0.04819297714,-2.046805e-01,-2.046805e-01,-2.046269e-01,2.176e-12,1.796e-93,2.864e-01
0.0,2.8,0.04953587182,-2.159751e-01,-2.159751e-01,-2.159058e-01,2.114e-12,6.738e-91,3.022e-01
0.0,2.8,0.05091618618,-2.274753e-01,-2.274753e-01,-2.273863e-01,2.055e-12,2.152e-88,3.183e-01
0.0,2.8,0.05233496293,-2.391610e-01,-2.391610e-01,-2.390476e-01,1.997e-12,5.877e-86,3.346e-01
0.0,2.8,0.05379327381,-2.510115e-01,-2.510115e-01,-2.508681e-01,1.941e-12,1.378e-83,3.511e-01
0.0,2.8,0.05529222045,-2.630059e-01,-2.630059e-01,-2.628256e-01,1.886e-12,2.785e-81,3.679e-01
0.0,2.8,0.05683293515,-2.751227e-01,-2.751227e-01,-2.748976e-01,1.833e-12,4.874e-79,3.848e-01
0.0,2.8,0.05841658179,-2.873405e-01,-2.873405e-01,-2.870613e-01,1.782e-12,7.410e-77,4.018e-01
0.0,2.8,0.06004435665,-2.996377e-01,-2.996377e-01,-2.992934e-01,1.732e-12,9.829e-75,4.189e-01
0.0,2.8,0.06171748937,-3.119929e-01,-3.119929e-01,-3.115710e-01,1.683e-12,1.141e-72,4.361e-01
0.0,2.8,0.06343724384,-3.243848e-01,-3.243848e-01,-3.238707e-01,1.636e-12,1.165e-70,4.533e-01
0.0,2.8,0.06520491918,-3.367925e-01,-3.367925e-01,-3.361696e-01,1.591e-12,1.048e-68,4.705e-01
0.0,2.8,0.06702185069,-3.491953e-01,-3.491953e-01,-3.484449e-01,1.547e-12,8.345e-67,4.877e-01
0.0,2.8,0.0688894109,-3.615732e-01,-3.615732e-01,-3.606740e-01,1.504e-12,5.899e-65,5.048e-01
0.0,2.8,0.07080901057,-3.739067e-01,-3.739067e-01,-3.728349e-01,1.462e-12,3.713e-63,5.219e-01
0.0,2.8,0.07278209978,-3.861770e-01,-3.861770e-01,-3.849059e-01,1.422e-12,2.088e-61,5.388e-01
0.0,2.8,0.07481016902,-3.983661e-01,-3.983661e-01,-3.968660e-01,1.383e-12,1.053e-59,5.555e-01
0.0,2.8,0.0768947503,-4.104566e-01,-4.104566e-01,-4.086947e-01,1.345e-12,4.768e-58,5.721e-01
0.0,2.8,0.07903741831,-4.224321e-01,-4.224321e-01,-4.203724e-01,1.309e-12,1.947e-56,5.884e-01
0.0,2.8,0.08123979166,-4.342770e-01,-4.342770e-01,-4.318799e-01,1.273e-12,7.188e-55,6.045e-01
0.0,2.8,0.08350353402,-4.459769e-01,-4.459769e-01,-4.431992e-01,1.239e-12,2.405e-53,6.204e-01
0.0,2.8,0.08583035543,-4.575179e-01,-4.575179e-01,-4.543129e-01,1.205e-12,7.315e-52,6.359e-01
0.0,2.8,0.0882220136,-4.688876e-01,-4.688876e-01,-4.652044e-01,1.173e-12,2.027e-50,6.512e-01
0.0,2.8,0.09068031519,-4.800743e-01,-4.800743e-01,-4.758583e-01,1.141e-12,5.131e-49,6.661e-01
0.0,2.8,0.09320711722,-4.910673e-01,-4.910673e-01,-4.862598e-01,1.111e-12,1.189e-47,6.806e-01
0.0,2.8,0.09580432845,-5.018572e-01,-5.018572e-01,-4.963953e-01,1.081e-12,2.531e-46,6.948e-01
0.0,2.8,0.09847391083,-5.124354e-01,-5.124354e-01,-5.062521e-01,1.053e-12,4.956e-45,7.086e-01
0.0,2.8,0.101217881,-5.227943e-01,-5.227943e-01,-5.158183e-01,1.025e-12,8.947e-44,7.220e-01
0.0,2.8,0.1040383117,-5.329277e-01,-5.329277e-01,-5.250831e-01,9.981e-13,1.493e-42,7.350e-01
0.0,2.8,0.1069373336,-5.428301e-01,-5.428301e-01,-5.340368e-01,9.720e-13,2.307e-41,7.475e-01
0.0,2.8,0.1099171365,-5.524970e-01,-5.524970e-01,-5.426704e-01,9.467e-13,3.309e-40,7.596e-01
0.0,2.8,0.1129799716,-5.619252e-01,-5.619252e-01,-5.509760e-01,9.221e-13,4.413e-39,7.712e-01
0.0,2.8,0.1161281523,-5.711123e-01,-5.711123e-01,-5.589466e-01,8.983e-13,5.484e-38,7.824e-01
0.0,2.8,0.1193640569,-5.800569e-01,-5.800569e-01,-5.665762e-01,8.752e-13,6.363e-37,7.931e-01
0.0,2.8,0.1226901298,-5.887586e-01,-5.887586e-01,-5.738595e-01,8.528e-13,6.905e-36,8.032e-01
0.0,2.8,0.1261088836,-5.972180e-01,-5.972180e-01,-5.807922e-01,8.311e-13,7.022e-35,8.130e-01
0.0,2.8,0.1296229008,-6.054364e-01,-6.054364e-01,-5.873709e-01,8.100e-13,6.702e-34,8.222e-01
0.0,2.8,0.1332348358,-6.134163e-01,-6.134163e-01,-5.935929e-01,7.895e-13,6.015e-33,8.309e-01
0.0,2.8,0.1369474172,-6.211608e-01,-6.211608e-01,-5.994564e-01,7.696e-13,5.084e-32,8.391e-01
0.0,2.8,0.1407634495,-6.286739e-01,-6.286739e-01,-6.049602e-01,7.502e-13,4.054e-31,8.468e-01
0.0,2.8,0.1446858154,-6.359604e-01,-6.359604e-01,-6.101039e-01,7.315e-13,3.055e-30,8.540e-01
0.0,2.8,0.1487174777,-6.430257e-01,-6.430257e-01,-6.148879e-01,7.132e-13,2.178e-29,8.607e-01
0.0,2.8,0.1528614821,-6.498761e-01,-6.498761e-01,-6.193131e-01,6.955e-13,1.472e-28,8.669e-01
0.0,2.8,0.157120959,-6.565182e-01,-6.565182e-01,-6.233811e-01,6.783e-13,9.440e-28,8.726e-01
0.0,2.8,0.1614991259,-6.629592e-01,-6.629592e-01,-6.270940e-01,6.615e-13,5.754e-27,8.778e-01
0.0,2.8,0.1659992902,-6.692069e-01,-6.692069e-01,-6.304547e-01,6.452e-13,3.339e-26,8.825e-01
0.0,2.8,0.1706248514,-6.752691e-01,-6.752691e-01,-6.334664e-01,6.293e-13,1.846e-25,8.867e-01
0.0,2.8,0.1753793036,-6.811542e-01,-6.811542e-01,-6.361327e-01,6.139e-13,9.741e-25,8.904e-01
0.0,2.8,0.1802662383,-6.868706e-01,-6.868706e-01,-6.384578e-01,5.989e-13,4.911e-24,8.937e-01
0.0,2.8,0.1852893472,-6.924267e-01,-6.924267e-01,-6.404465e-01,5.843e-13,2.369e-23,8.965e-01
0.0,2.8,0.1904524247,-6.978309e-01,-6.978309e-01,-6.421035e-01,5.700e-13,1.094e-22,8.988e-01
0.0,2.8,0.1957593711,-7.030915e-01,-7.030915e-01,-6.434343e-01,5.561e-13,4.848e-22,9.006e-01
0.0,2.8,0.2012141953,-7.082162e-01,-7.082162e-01,-6.444446e-01,5.426e-13,2.062e-21,9.020e-01
0.0,2.8,0.2068210179,-7.132127e-01,-7.132127e-01,-6.451402e-01,5.294e-13,8.428e-21,9.030e-01
0.0,2.8,0.2125840742,-7.180880e-01,-7.180880e-01,-6.455274e-01,5.165e-13,3.314e-20,9.036e-01
0.0,2.8,0.2185077179,-7.228483e-01,-7.228483e-01,-6.456126e-01,5.040e-13,1.255e-19,9.037e-01
0.0,2.8,0.2245964235,-7.274993e-01,-7.274993e-01,-6.454025e-01,4.918e-13,4.584e-19,9.034e-01
0.0,2.8,0.2308547906,-7.320458e-01,-7.320458e-01,-6.449038e-01,4.798e-13,1.616e-18,9.027e-01
0.0,2.8,0.2372875467,-7.364916e-01,-7.364916e-01,-6.441236e-01,4.682e-13,5.500e-18,9.016e-01
0.0,2.8,0.2438995512,-7.408395e-01,-7.408395e-01,-6.430689e-01,4.568e-13,1.810e-17,9.001e-01
0.0,2.8,0.2506957989,-7.450913e-01,-7.450913e-01,-6.417471e-01,4.457e-13,5.766e-17,8.983e-01
0.0,2.8,0.2576814237,-7.492475e-01,-7.492475e-01,-6.401653e-01,4.349e-13,1.779e-16,8.961e-01
0.0,2.8,0.2648617025,-7.533074e-01,-7.533074e-01,-6.383310e-01,4.243e-13,5.322e-16,8.935e-01
0.0,2.8,0.2722420593,-7.572693e-01,-7.572693e-01,-6.362516e-01,4.140e-13,1.545e-15,8.906e-01
0.0,2.8,0.2798280694,-7.611300e-01,-7.611300e-01,-6.339346e-01,4.039e-13,4.353e-15,8.873e-01
0.0,2.8,0.2876254633,-7.648851e-01,-7.648851e-01,-6.313873e-01,3.941e-13,1.192e-14,8.838e-01
0.0,2.8,0.2956401311,-7.685290e-01,-7.685290e-01,-6.286173e-01,3.845e-13,3.176e-14,8.799e-01
0.0,2.8,0.3038781273,-7.720551e-01,-7.720551e-01,-6.256320e-01,3.751e-13,8.236e-14,8.757e-01
0.0,2.8,0.3123456747,-7.754552e-01,-7.754552e-01,-6.224388e-01,3.659e-13,2.080e-13,8.712e-01
0.0,2.8,0.3210491698,-7.787205e-01,-7.787205e-01,-6.190450e-01,3.570e-13,5.120e-13,8.665e-01
0.0,2.8,0.3299951874,-7.818408e-01,-7.818408e-01,-6.154581e-01,3.483e-13,1.229e-12,8.615e-01
0.0,2.8,0.3391904853,-7.848053e-01,-7.848053e-01,-6.116852e-01,3.397e-13,2.881e-12,8.562e-01
0.0,2.8,0.3486420097,-7.876023e-01,-7.876023e-01,-6.077335e-01,3.314e-13,6.596e-12,8.507e-01
0.0,2.8,0.3583569002,-7.902194e-01,-7.902194e-01,-6.036101e-01,3.232e-13,1.475e-11,8.449e-01
0.0,2.8,0.3683424957,-7.926436e-01,-7.926436e-01,-5.993219e-01,3.153e-13,3.228e-11,8.389e-01
0.0,2.8,0.3786063392,-7.948615e-01,-7.948615e-01,-5.948759e-01,3.075e-13,6.910e-11,8.327e-01
0.0,2.8,0.3891561842,-7.968597e-01,-7.968597e-01,-5.902788e-01,3.000e-13,1.448e-10,8.262e-01
0.0,2.8,0.4,-7.986243e-01,-7.986243e-01,-5.855374e-01,2.925e-13,2.973e-10,8.196e-01
0.4,0.8,0.0025,2.842171e-14,-2.213518e-145,-2.213518e-145,4.306e-11,0.000e+00,2.724e-145
0.4,0.8,0.002559099,2.842171e-14,-5.053023e-142,-5.053023e-142,4.207e-11,0.000e+00,6.217e-142
0.4,0.8,0.002619595078,2.842171e-14,-9.645897e-139,-9.645897e-139,4.109e-11,0.000e+00,1.187e-138
0.4,0.8,0.002681521258,4.263256e-14,-1.546148e-135,-1.546148e-135,4.014e-11,0.000e+00,1.902e-135
0.4,0.8,0.002744911348,1.421085e-14,-2.089434e-132,-2.089434e-132,3.921e-11,0.000e+00,2.571e-132
0.4,0.8,0.002809799955,0.000000e+00,-2.389945e-129,-2.389945e-129,3.831e-11,0.000e+00,2.941e-129
0.4,0.8,0.002876222502,2.842171e-14,-2.322740e-126,-2.322740e-126,3.742e-11,0.000e+00,2.858e-126
0.4,0.8,0.002944215252,1.421085e-14,-1.925312e-123,-1.925312e-123,3.655e-11,0.000e+00,2.369e-123
0.4,0.8,0.003013815324,1.421085e-14,-1.366108e-120,-1.366108e-120,3.571e-11,0.000e+00,1.681e-120
0.4,0.8,0.003085060713,1.421085e-14,-8.327445e-118,-8.327445e-118,3.488e-11,0.000e+00,1.025e-117
0.4,0.8,0.003157990315,1.421085e-14,-4.376274e-115,-4.376274e-115,3.407e-11,0.000e+00,5.385e-115
0.4,0.8,0.003232643943,2.842171e-14,-1.989533e-112,-1.989533e-112,3.328e-11,0.000e+00,2.448e-112
0.4,0.8,0.003309062353,2.842171e-14,-7.850649e-110,-7.850649e-110,3.251e-11,0.000e+00,9.659e-110
0.4,0.8,0.003387287264,1.421085e-14,-2.697662e-107,-2.697662e-107,3.176e-11,0.000e+00,3.319e-107
0.4,0.8,0.003467361381,1.421085e-14,-8.098128e-105,-8.098128e-105,3.103e-11,0.000e+00,9.964e-105
0.4,0.8,0.003549328418,2.842171e-14,-2.130354e-102,-2.130354e-102,3.031e-11,0.000e+00,2.621e-102
0.4,0.8,0.003633233122,2.842171e-14,-4.926214e-100,-4.926214e-100,2.961e-11,0.000e+00,6.061e-100
0.4,0.8,0.003719121301,4.263256e-14,-1.004297e-97,-1.004297e-97,2.892e-11,0.000e+00,1.236e-97
0.4,0.8,0.003807039841,2.842171e-14,-1.810349e-95,-1.810349e-95,2.825e-11,0.000e+00,2.227e-95
0.4,0.8,0.003897036741,2.842171e-14,-2.893661e-93,-2.893661e-93,2.760e-11,0.000e+00,3.560e-93
0.4,0.8,0.003989161131,4.263256e-14,-4.112673e-91,-4.112673e-91,2.696e-11,0.000e+00,5.060e-91
0.4,0.8,0.004083463305,2.842171e-14,-5.211585e-89,-5.211585e-89,2.634e-11,0.000e+00,6.412e-89
0.4,0.8,0.004179994745,2.842171e-14,-5.903852e-87,-5.903852e-87,2.573e-11,0.000e+00,7.264e-87
0.4,0.8,0.00427880815,4.263256e-14,-5.994393e-85,-5.994393e-85,2.513e-11,0.000e+00,7.376e-85
0.4,0.8,0.004379957463,1.421085e-14,-5.468866e-83,-5.468866e-83,2.455e-11,0.000e+00,6.729e-83
0.4,0.8,0.004483497907,4.263256e-14,-4.494326e-81,-4.494326e-81,2.398e-11,0.000e+00,5.530e-81
0.4,0.8,0.004589486004,4.263256e-14,-3.334995e-79,-3.334995e-79,2.343e-11,0.000e+00,4.103e-79
0.4,0.8,0.004697979618,2.842171e-14,-2.239819e-77,-2.239819e-77,2.288e-11,0.000e+00,2.756e-77
0.4,0.8,0.004809037978,4.263256e-14,-1.364640e-75,-1.364640e-75,2.235e-11,0.000e+00,1.679e-75
0.4,0.8,0.004922721713,2.842171e-14,-7.559408e-74,-7.559408e-74,2.184e-11,0.000e+00,9.301e-74
0.4,0.8,0.005039092886,2.842171e-14,-3.815721e-72,-3.815721e-72,2.133e-11,0.000e+00,4.695e-72
0.4,0.8,0.005158215027,4.263256e-14,-1.758803e-70,-1.758803e-70,2.084e-11,0.000e+00,2.164e-70
0.4,0.8,0.005280153168,2.842171e-14,-7.418573e-69,-7.418573e-69,2.035e-11,0.000e+00,9.128e-69
0.4,0.8,0.005404973878,3.552714e-14,-2.869301e-67,-2.869301e-67,1.988e-11,0.000e+00,3.530e-67
0.4,0.8,0.005532745299,3.552714e-14,-1.019657e-65,-1.019657e-65,1.942e-11,0.000e+00,1.255e-65
0.4,0.8,0.005663537186,4.263256e-14,-3.335824e-64,-3.335824e-64,1.897e-11,0.000e+00,4.104e-64
0.4,0.8,0.00579742094,2.842171e-14,-1.006592e-62,-1.006592e-62,1.853e-11,0.000e+00,1.239e-62
0.4,0.8,0.005934469654,2.842171e-14,-2.806823e-61,-2.806823e-61,1.811e-11,0.000e+00,3.454e-61
0.4,0.8,0.006074758143,3.552714e-14,-7.245699e-60,-7.245699e-60,1.769e-11,0.000e+00,8.915e-60
0.4,0.8,0.006218362997,2.842171e-14,-1.734692e-58,-1.734692e-58,1.728e-11,0.000e+00,2.134e-58
0.4,0.8,0.006365362612,3.552714e-14,-3.858311e-57,-3.858311e-57,1.688e-11,0.000e+00,4.747e-57
0.4,0.8,0.006515837239,4.263256e-14,-7.986250e-56,-7.986250e-56,1.649e-11,0.000e+00,9.826e-56
0.4,0.8,0.006669869026,3.552714e-14,-1.540922e-54,-1.540922e-54,1.610e-11,0.000e+00,1.896e-54
0.4,0.8,0.006827542063,2.131628e-14,-2.775971e-53,-2.775971e-53,1.573e-11,0.000e+00,3.416e-53
0.4,0.8,0.006988942427,2.842171e-14,-4.676641e-52,-4.676641e-52,1.537e-11,0.000e+00,5.754e-52
0.4,0.8,0.007154158232,2.842171e-14,-7.379219e-51,-7.379219e-51,1.501e-11,0.000e+00,9.079e-51
0.4,0.8,0.007323279672,2.842171e-14,-1.092196e-49,-1.092196e-49,1.466e-11,0.000e+00,1.344e-49
0.4,0.8,0.007496399075,2.131628e-14,-1.518611e-48,-1.518611e-48,1.433e-11,0.000e+00,1.869e-48
0.4,0.8,0.007673610952,2.131628e-14,-1.986439e-47,-1.986439e-47,1.399e-11,0.000e+00,2.444e-47
0.4,0.8,0.007855012047,2.842171e-14,-2.447928e-46,-2.447928e-46,1.367e-11,0.000e+00,3.012e-46
0.4,0.8,0.008040701391,2.842171e-14,-2.845870e-45,-2.845870e-45,1.335e-11,0.000e+00,3.502e-45
0.4,0.8,0.008230780357,2.131628e-14,-3.125425e-44,-3.125425e-44,1.305e-11,0.000e+00,3.846e-44
0.4,0.8,0.008425352714,2.842171e-14,-3.246769e-43,-3.246769e-43,1.274e-11,0.000e+00,3.995e-43
0.4,0.8,0.008624524683,2.131628e-14,-3.194479e-42,-3.194479e-42,1.245e-11,0.000e+00,3.930e-42
0.4,0.8,0.008828404998,2.842171e-14,-2.980571e-41,-2.980571e-41,1.216e-11,0.000e+00,3.667e-41
0.4,0.8,0.009037104963,2.842171e-14,-2.640477e-40,-2.640477e-40,1.188e-11,0.000e+00,3.249e-40
0.4,0.8,0.009250738511,1.421085e-14,-2.223660e-39,-2.223660e-39,1.160e-11,0.000e+00,2.736e-39
0.4,0.8,0.00946942227,2.842171e-14,-1.782237e-38,-1.782237e-38,1.134e-11,0.000e+00,2.193e-38
0.4,0.8,0.009693275626,1.421085e-14,-1.361038e-37,-1.361038e-37,1.107e-11,0.000e+00,1.675e-37
0.4,0.8,0.009922420787,2.131628e-14,-9.914413e-37,-9.914413e-37,1.082e-11,0.000e+00,1.220e-36
0.4,0.8,0.01015698285,2.842171e-14,-6.896513e-36,-6.896513e-36,1.057e-11,0.000e+00,8.485e-36
0.4,0.8,0.01039708986,1.421085e-14,-4.585857e-35,-4.585857e-35,1.032e-11,0.000e+00,5.642e-35
0.4,0.8,0.01064287291,2.842171e-14,-2.918044e-34,-2.918044e-34,1.009e-11,0.000e+00,3.590e-34
0.4,0.8,0.01089446617,2.486900e-14,-1.778628e-33,-1.778628e-33,9.852e-12,0.000e+00,2.188e-33
0.4,0.8,0.01115200699,2.486900e-14,-1.039516e-32,-1.039516e-32,9.625e-12,0.000e+00,1.279e-32
0.4,0.8,0.01141563598,1.776357e-14,-5.831124e-32,-5.831124e-32,9.403e-12,0.000e+00,7.175e-32
0.4,0.8,0.01168549705,1.776357e-14,-3.142384e-31,-3.142384e-31,9.185e-12,0.000e+00,3.866e-31
0.4,0.8,0.01196173753,2.486900e-14,-1.628376e-30,-1.628376e-30,8.973e-12,0.000e+00,2.004e-30
0.4,0.8,0.01224450822,1.421085e-14,-8.121403e-30,-8.121403e-30,8.766e-12,0.000e+00,9.993e-30
0.4,0.8,0.0125339635,2.131628e-14,-3.901866e-29,-3.901866e-29,8.564e-12,0.000e+00,4.801e-29
0.4,0.8,0.01283026138,1.421085e-14,-1.807397e-28,-1.807397e-28,8.366e-12,0.000e+00,2.224e-28
0.4,0.8,0.01313356363,2.131628e-14,-8.078682e-28,-8.078682e-28,8.173e-12,0.000e+00,9.940e-28
0.4,0.8,0.01344403582,1.776357e-14,-3.487316e-27,-3.487316e-27,7.984e-12,0.000e+00,4.291e-27
0.4,0.8,0.01376184746,2.131628e-14,-1.454975e-26,-1.454975e-26,7.800e-12,0.000e+00,1.790e-26
0.4,0.8,0.01408717203,1.421085e-14,-5.871842e-26,-5.871842e-26,7.620e-12,0.000e+00,7.225e-26
0.4,0.8,0.01442018714,1.776357e-14,-2.293937e-25,-2.293937e-25,7.444e-12,3.307e-316,2.822e-25
0.4,0.8,0.0147610746,1.776357e-14,-8.681661e-25,-8.681661e-25,7.273e-12,7.256e-309,1.068e-24
0.4,0.8,0.0151100205,1.776357e-14,-3.185346e-24,-3.185346e-24,7.105e-12,1.077e-301,3.919e-24
0.4,0.8,0.01546721534,2.131628e-14,-1.133845e-23,-1.133845e-23,6.941e-12,1.092e-294,1.395e-23
0.4,0.8,0.01583285413,1.421085e-14,-3.918305e-23,-3.918305e-23,6.781e-12,7.623e-288,4.821e-23
0.4,0.8,0.01620713647,1.065814e-14,-1.315487e-22,-1.315487e-22,6.625e-12,3.698e-281,1.619e-22
0.4,0.8,0.0165902667,1.776357e-14,-4.293476e-22,-4.293476e-22,6.472e-12,1.257e-274,5.283e-22
0.4,0.8,0.01698245397,1.065814e-14,-1.363165e-21,-1.363165e-21,6.323e-12,3.017e-268,1.677e-21
0.4,0.8,0.01738391239,1.776357e-14,-4.212907e-21,-4.212907e-21,6.177e-12,5.157e-262,5.184e-21
0.4,0.8,0.01779486113,1.421085e-14,-1.268176e-20,-1.268176e-20,6.035e-12,6.327e-256,1.560e-20
0.4,0.8,0.01821552453,1.421085e-14,-3.720532e-20,-3.720532e-20,5.896e-12,5.614e-250,4.578e-20
0.4,0.8,0.01864613225,1.421085e-14,-1.064429e-19,-1.064429e-19,5.760e-12,3.629e-244,1.310e-19
0.4,0.8,0.01908691936,1.065814e-14,-2.971438e-19,-2.971438e-19,5.627e-12,1.722e-238,3.656e-19
0.4,0.8,0.0195381265,1.421085e-14,-8.098431e-19,-8.098432e-19,5.498e-12,6.042e-233,9.964e-19
0.4,0.8,0.02,1.421085e-14,-2.156055e-18,-2.156055e-18,5.371e-12,1.578e-227,2.653e-18
0.4,0.8,0.02055729891,1.421085e-14,-6.625027e-18,-6.625028e-18,5.226e-12,2.570e-221,8.151e-18
0.4,0.8,0.02113012692,1.065814e-14,-1.973939e-17,-1.973939e-17,5.085e-12,2.840e-215,2.429e-17
0.4,0.8,0.02171891675,1.065814e-14,-5.707694e-17,-5.707694e-17,4.947e-12,2.151e-209,7.023e-17
0.4,0.8,0.02232411318,1.065814e-14,-1.602955e-16,-1.602955e-16,4.814e-12,1.128e-203,1.972e-16
0.4,0.8,0.02294617338,8.881784e-15,-4.375817e-16,-4.375817e-16,4.684e-12,4.138e-198,5.384e-16
0.4,0.8,0.02358556724,8.881784e-15,-1.162005e-15,-1.162005e-15,4.557e-12,1.072e-192,1.430e-15
0.4,0.8,0.02424277779,7.105427e-15,-3.003949e-15,-3.003949e-15,4.434e-12,1.981e-187,3.696e-15
0.4,0.8,0.02491830147,3.552714e-15,-7.565353e-15,-7.565355e-15,4.315e-12,2.634e-182,9.308e-15
0.4,0.8,0.02561264858,-5.329071e-15,-1.857485e-14,-1.857486e-14,4.198e-12,2.542e-177,2.285e-14
0.4,0.8,0.02632634363,-3.375078e-14,-4.449183e-14,-4.449185e-14,4.085e-12,1.797e-172,5.474e-14
0.4,0.8,0.02705992576,-9.237056e-14,-1.040363e-13,-1.040364e-13,3.975e-12,9.378e-168,1.280e-13
0.4,0.8,0.02781394911,-2.255973e-13,-2.376416e-13,-2.376419e-13,3.867e-12,3.645e-163,2.924e-13
0.4,0.8,0.02858898329,-5.222489e-13,-5.306015e-13,-5.306025e-13,3.763e-12,1.063e-158,6.529e-13
0.4,0.8,0.02938561374,-1.149303e-12,-1.158753e-12,-1.158756e-12,3.662e-12,2.347e-154,1.426e-12
0.4,0.8,0.03020444227,-2.465583e-12,-2.476569e-12,-2.476579e-12,3.563e-12,3.948e-150,3.047e-12
0.4,0.8,0.0310460874,-5.172751e-12,-5.183235e-12,-5.183263e-12,3.467e-12,5.099e-146,6.377e-12
0.4,0.8,0.03191118493,-1.061906e-11,-1.062891e-11,-1.062899e-11,3.374e-12,5.094e-142,1.308e-11
0.4,0.8,0.03280038836,-2.135714e-11,-2.136753e-11,-2.136775e-11,3.283e-12,3.962e-138,2.629e-11
0.4,0.8,0.03371436939,-4.212097e-11,-4.213381e-11,-4.213441e-11,3.194e-12,2.417e-134,5.184e-11
0.4,0.8,0.03465381845,-8.152590e-11,-8.153527e-11,-8.153683e-11,3.108e-12,1.163e-130,1.003e-10
0.4,0.8,0.03561944521,-1.549125e-10,-1.549243e-10,-1.549282e-10,3.025e-12,4.449e-127,1.906e-10
0.4,0.8,0.0366119791,-2.891660e-10,-2.891795e-10,-2.891893e-10,2.943e-12,1.360e-123,3.558e-10
0.4,0.8,0.0376321699,-5.305054e-10,-5.305162e-10,-5.305400e-10,2.864e-12,3.342e-120,6.528e-10
0.4,0.8,0.03868078826,-9.569963e-10,-9.570096e-10,-9.570659e-10,2.787e-12,6.645e-117,1.178e-09
0.4,0.8,0.03975862631,-1.698305e-09,-1.698315e-09,-1.698444e-09,2.712e-12,1.075e-113,2.090e-09
0.4,0.8,0.04086649826,-2.966162e-09,-2.966174e-09,-2.966466e-09,2.639e-12,1.423e-110,3.650e-09
0.4,0.8,0.04200524101,-5.100794e-09,-5.100803e-09,-5.101448e-09,2.568e-12,1.549e-107,6.277e-09
0.4,0.8,0.04317571475,-8.640230e-09,-8.640242e-09,-8.641634e-09,2.499e-12,1.395e-104,1.063e-08
0.4,0.8,0.04437880369,-1.442232e-08,-1.442233e-08,-1.442527e-08,2.432e-12,1.044e-101,1.775e-08
0.4,0.8,0.04561541663,-2.373226e-08,-2.373227e-08,-2.373836e-08,2.366e-12,6.528e-99,2.921e-08
0.4,0.8,0.04688648772,-3.851274e-08,-3.851275e-08,-3.852508e-08,2.303e-12,3.427e-96,4.740e-08
0.4,0.8,0.04819297714,-6.165856e-08,-6.165857e-08,-6.168309e-08,2.241e-12,1.517e-93,7.589e-08
0.4,0.8,0.04953587182,-9.742359e-08,-9.742360e-08,-9.747142e-08,2.181e-12,5.694e-91,1.199e-07
0.4,0.8,0.05091618618,-1.519743e-07,-1.519743e-07,-1.520658e-07,2.122e-12,1.819e-88,1.871e-07
0.4,0.8,0.05233496293,-2.341318e-07,-2.341318e-07,-2.343040e-07,2.065e-12,4.966e-86,2.883e-07
0.4,0.8,0.05379327381,-3.563527e-07,-3.563527e-07,-3.566710e-07,2.010e-12,1.164e-83,4.388e-07
0.4,0.8,0.05529222045,-5.360064e-07,-5.360064e-07,-5.365845e-07,1.956e-12,2.354e-81,6.602e-07
0.4,0.8,0.05683293515,-7.970155e-07,-7.970156e-07,-7.980486e-07,1.903e-12,4.118e-79,9.819e-07
0.4,0.8,0.05841658179,-1.171935e-06,-1.171935e-06,-1.173751e-06,1.852e-12,6.262e-77,1.444e-06
0.4,0.8,0.06004435665,-1.704548e-06,-1.704548e-06,-1.707692e-06,1.803e-12,8.305e-75,2.101e-06
0.4,0.8,0.06171748937,-2.453068e-06,-2.453068e-06,-2.458426e-06,1.754e-12,9.645e-73,3.025e-06
0.4,0.8,0.06343724384,-3.494025e-06,-3.494025e-06,-3.503022e-06,1.707e-12,9.842e-71,4.310e-06
0.4,0.8,0.06520491918,-4.926936e-06,-4.926936e-06,-4.941827e-06,1.662e-12,8.857e-69,6.080e-06
0.4,0.8,0.06702185069,-6.879824e-06,-6.879824e-06,-6.904122e-06,1.617e-12,7.052e-67,8.495e-06
0.4,0.8,0.0688894109,-9.515654e-06,-9.515654e-06,-9.554762e-06,1.574e-12,4.984e-65,1.176e-05
0.4,0.8,0.07080901057,-1.303975e-05,-1.303975e-05,-1.310186e-05,1.532e-12,3.138e-63,1.612e-05
0.4,0.8,0.07278209978,-1.770820e-05,-1.770820e-05,-1.780556e-05,1.491e-12,1.765e-61,2.191e-05
0.4,0.8,0.07481016902,-2.383726e-05,-2.383726e-05,-2.398795e-05,1.451e-12,8.894e-60,2.951e-05
0.4,0.8,0.0768947503,-3.181372e-05,-3.181372e-05,-3.204408e-05,1.412e-12,4.029e-58,3.943e-05
0.4,0.8,0.07903741831,-4.210610e-05,-4.210610e-05,-4.245404e-05,1.374e-12,1.645e-56,5.224e-05
0.4,0.8,0.08123979166,-5.527668e-05,-5.527668e-05,-5.579609e-05,1.338e-12,6.074e-55,6.865e-05
0.4,0.8,0.08350353402,-7.199400e-05,-7.199400e-05,-7.276055e-05,1.302e-12,2.032e-53,8.952e-05
0.4,0.8,0.08583035543,-9.304578e-05,-9.304578e-05,-9.416454e-05,1.267e-12,6.181e-52,1.159e-04
0.4,0.8,0.0882220136,-1.193519e-04,-1.193519e-04,-1.209671e-04,1.233e-12,1.713e-50,1.488e-04
0.4,0.8,0.09068031519,-1.519770e-04,-1.519770e-04,-1.542843e-04,1.200e-12,4.336e-49,1.898e-04
0.4,0.8,0.09320711722,-1.921428e-04,-1.921428e-04,-1.954050e-04,1.168e-12,1.005e-47,2.404e-04
0.4,0.8,0.09580432845,-2.412389e-04,-2.412389e-04,-2.458052e-04,1.137e-12,2.139e-46,3.024e-04
0.4,0.8,0.09847391083,-3.008327e-04,-3.008327e-04,-3.071620e-04,1.107e-12,4.187e-45,3.779e-04
0.4,0.8,0.101217881,-3.726771e-04,-3.726771e-04,-3.813665e-04,1.077e-12,7.560e-44,4.692e-04
0.4,0.8,0.1040383117,-4.587157e-04,-4.587157e-04,-4.705349e-04,1.049e-12,1.261e-42,5.789e-04
0.4,0.8,0.1069373336,-5.610864e-04,-5.610864e-04,-5.770172e-04,1.021e-12,1.949e-41,7.100e-04
0.4,0.8,0.1099171365,-6.821203e-04,-6.821203e-04,-7.034040e-04,9.937e-13,2.796e-40,8.655e-04
0.4,0.8,0.1129799716,-8.243388e-04,-8.243388e-04,-8.525295e-04,9.673e-13,3.729e-39,1.049e-03
0.4,0.8,0.1161281523,-9.904462e-04,-9.904462e-04,-1.027472e-03,9.415e-13,4.634e-38,1.264e-03
0.4,0.8,0.1193640569,-1.183319e-03,-1.183319e-03,-1.231552e-03,9.165e-13,5.377e-37,1.515e-03
0.4,0.8,0.1226901298,-1.405990e-03,-1.405990e-03,-1.468322e-03,8.921e-13,5.835e-36,1.807e-03
0.4,0.8,0.1261088836,-1.661631e-03,-1.661631e-03,-1.741558e-03,8.683e-13,5.933e-35,2.143e-03
0.4,0.8,0.1296229008,-1.953532e-03,-1.953532e-03,-2.055242e-03,8.452e-13,5.663e-34,2.529e-03
0.4,0.8,0.1332348358,-2.285071e-03,-2.285071e-03,-2.413545e-03,8.227e-13,5.082e-33,2.970e-03
0.4,0.8,0.1369474172,-2.659688e-03,-2.659688e-03,-2.820801e-03,8.007e-13,4.296e-32,3.471e-03
0.4,0.8,0.1407634495,-3.080855e-03,-3.080855e-03,-3.281480e-03,7.794e-13,3.426e-31,4.038e-03
0.4,0.8,0.1446858154,-3.552037e-03,-3.552037e-03,-3.800157e-03,7.585e-13,2.581e-30,4.676e-03
0.4,0.8,0.1487174777,-4.076662e-03,-4.076662e-03,-4.381475e-03,7.382e-13,1.840e-29,5.391e-03
0.4,0.8,0.1528614821,-4.658080e-03,-4.658080e-03,-5.030110e-03,7.184e-13,1.244e-28,6.189e-03
0.4,0.8,0.157120959,-5.299527e-03,-5.299527e-03,-5.750725e-03,6.992e-13,7.976e-28,7.076e-03
0.4,0.8,0.1614991259,-6.004087e-03,-6.004087e-03,-6.547933e-03,6.803e-13,4.862e-27,8.057e-03
0.4,0.8,0.1659992902,-6.774657e-03,-6.774657e-03,-7.426248e-03,6.620e-13,2.821e-26,9.137e-03
0.4,0.8,0.1706248514,-7.613906e-03,-7.613906e-03,-8.390041e-03,6.441e-13,1.560e-25,1.032e-02
0.4,0.8,0.1753793036,-8.524247e-03,-8.524247e-03,-9.443493e-03,6.266e-13,8.231e-25,1.162e-02
0.4,0.8,0.1802662383,-9.507800e-03,-9.507800e-03,-1.059055e-02,6.096e-13,4.150e-24,1.303e-02
0.4,0.8,0.1852893472,-1.056636e-02,-1.056636e-02,-1.183488e-02,5.929e-13,2.002e-23,1.456e-02
0.4,0.8,0.1904524247,-1.170139e-02,-1.170139e-02,-1.317981e-02,5.767e-13,9.247e-23,1.622e-02
0.4,0.8,0.1957593711,-1.291395e-02,-1.291395e-02,-1.462833e-02,5.608e-13,4.096e-22,1.800e-02
0.4,0.8,0.2012141953,-1.420473e-02,-1.420473e-02,-1.618301e-02,5.453e-13,1.742e-21,1.991e-02
0.4,0.8,0.2068210179,-1.557399e-02,-1.557399e-02,-1.784598e-02,5.302e-13,7.121e-21,2.196e-02
0.4,0.8,0.2125840742,-1.702155e-02,-1.702155e-02,-1.961890e-02,5.154e-13,2.801e-20,2.414e-02
0.4,0.8,0.2185077179,-1.854681e-02,-1.854681e-02,-2.150292e-02,5.009e-13,1.061e-19,2.646e-02
0.4,0.8,0.2245964235,-2.014869e-02,-2.014869e-02,-2.349868e-02,4.867e-13,3.874e-19,2.891e-02
0.4,0.8,0.2308547906,-2.182566e-02,-2.182566e-02,-2.560628e-02,4.729e-13,1.365e-18,3.151e-02
0.4,0.8,0.2372875467,-2.357569e-02,-2.357569e-02,-2.782525e-02,4.594e-13,4.647e-18,3.424e-02
0.4,0.8,0.2438995512,-2.539630e-02,-2.539630e-02,-3.015456e-02,4.461e-13,1.530e-17,3.710e-02
0.4,0.8,0.2506957989,-2.728451e-02,-2.728451e-02,-3.259261e-02,4.332e-13,4.872e-17,4.010e-02
0.4,0.8,0.2576814237,-2.923686e-02,-2.923686e-02,-3.513723e-02,4.205e-13,1.503e-16,4.323e-02
0.4,0.8,0.2648617025,-3.124942e-02,-3.124942e-02,-3.778570e-02,4.081e-13,4.497e-16,4.649e-02
0.4,0.8,0.2722420593,-3.331777e-02,-3.331777e-02,-4.053471e-02,3.960e-13,1.305e-15,4.987e-02
0.4,0.8,0.2798280694,-3.543701e-02,-3.543701e-02,-4.338045e-02,3.842e-13,3.679e-15,5.338e-02
0.4,0.8,0.2876254633,-3.760179e-02,-3.760179e-02,-4.631857e-02,3.725e-13,1.008e-14,5.699e-02
0.4,0.8,0.2956401311,-3.980628e-02,-3.980628e-02,-4.934422e-02,3.612e-13,2.684e-14,6.071e-02
0.4,0.8,0.3038781273,-4.204421e-02,-4.204421e-02,-5.245210e-02,3.501e-13,6.959e-14,6.454e-02
0.4,0.8,0.3123456747,-4.430889e-02,-4.430889e-02,-5.563644e-02,3.392e-13,1.758e-13,6.846e-02
0.4,0.8,0.3210491698,-4.659318e-02,-4.659318e-02,-5.889108e-02,3.286e-13,4.327e-13,7.246e-02
0.4,0.8,0.3299951874,-4.888958e-02,-4.888958e-02,-6.220949e-02,3.182e-13,1.039e-12,7.654e-02
0.4,0.8,0.3391904853,-5.119018e-02,-5.119018e-02,-6.558480e-02,3.080e-13,2.435e-12,8.070e-02
0.4,0.8,0.3486420097,-5.348674e-02,-5.348674e-02,-6.900984e-02,2.980e-13,5.573e-12,8.491e-02
0.4,0.8,0.3583569002,-5.577070e-02,-5.577070e-02,-7.247718e-02,2.883e-13,1.247e-11,8.918e-02
0.4,0.8,0.3683424957,-5.803322e-02,-5.803322e-02,-7.597918e-02,2.788e-13,2.727e-11,9.348e-02
0.4,0.8,0.3786063392,-6.026522e-02,-6.026522e-02,-7.950802e-02,2.695e-13,5.839e-11,9.783e-02
0.4,0.8,0.3891561842,-6.245743e-02,-6.245743e-02,-8.305576e-02,2.605e-13,1.224e-10,1.022e-01
0.4,0.8,0.4,-6.460041e-02,-6.460041e-02,-8.661435e-02,2.516e-13,2.513e-10,1.066e-01
0.4,1.2,0.0025,0.000000e+00,-1.713545e-99,-1.713545e-99,4.315e-11,0.000e+00,2.081e-99
0.4,1.2,0.002559099,0.000000e+00,-3.412277e-97,-3.412277e-97,4.216e-11,0.000e+00,4.143e-97
0.4,1.2,0.002619595078,2.842171e-14,-6.011457e-95,-6.011457e-95,4.118e-11,0.000e+00,7.299e-95
0.4,1.2,0.002681521258,-1.421085e-14,-9.395738e-93,-9.395738e-93,4.023e-11,0.000e+00,1.141e-92
0.4,1.2,0.002744911348,0.000000e+00,-1.306466e-90,-1.306466e-90,3.930e-11,0.000e+00,1.586e-90
0.4,1.2,0.002809799955,-2.842171e-14,-1.620520e-88,-1.620520e-88,3.839e-11,0.000e+00,1.968e-88
0.4,1.2,0.002876222502,0.000000e+00,-1.797815e-86,-1.797815e-86,3.750e-11,0.000e+00,2.183e-86
0.4,1.2,0.002944215252,0.000000e+00,-1.788503e-84,-1.788503e-84,3.664e-11,0.000e+00,2.172e-84
0.4,1.2,0.003013815324,-2.842171e-14,-1.599490e-82,-1.599490e-82,3.579e-11,0.000e+00,1.942e-82
0.4,1.2,0.003085060713,0.000000e+00,-1.289106e-80,-1.289106e-80,3.496e-11,0.000e+00,1.565e-80
0.4,1.2,0.003157990315,-2.842171e-14,-9.385443e-79,-9.385443e-79,3.415e-11,0.000e+00,1.140e-78
0.4,1.2,0.003232643943,-1.421085e-14,-6.187269e-77,-6.187269e-77,3.337e-11,0.000e+00,7.512e-77
0.4,1.2,0.003309062353,0.000000e+00,-3.701837e-75,-3.701837e-75,3.259e-11,0.000e+00,4.495e-75
0.4,1.2,0.003387287264,0.000000e+00,-2.014570e-73,-2.014570e-73,3.184e-11,0.000e+00,2.446e-73
0.4,1.2,0.003467361381,0.000000e+00,-9.994126e-72,-9.994126e-72,3.110e-11,0.000e+00,1.213e-71
0.4,1.2,0.003549328418,1.421085e-14,-4.529318e-70,-4.529318e-70,3.038e-11,0.000e+00,5.499e-70
0.4,1.2,0.003633233122,-1.421085e-14,-1.879116e-68,-1.879116e-68,2.968e-11,0.000e+00,2.282e-68
0.4,1.2,0.003719121301,2.842171e-14,-7.151430e-67,-7.151430e-67,2.900e-11,0.000e+00,8.683e-67
0.4,1.2,0.003807039841,-1.421085e-14,-2.501592e-65,-2.501592e-65,2.833e-11,0.000e+00,3.037e-65
0.4,1.2,0.003897036741,2.842171e-14,-8.058792e-64,-8.058792e-64,2.767e-11,0.000e+00,9.785e-64
0.4,1.2,0.003989161131,1.421085e-14,-2.395407e-62,-2.395407e-62,2.703e-11,0.000e+00,2.908e-62
0.4,1.2,0.004083463305,1.421085e-14,-6.581902e-61,-6.581902e-61,2.640e-11,0.000e+00,7.992e-61
0.4,1.2,0.004179994745,1.421085e-14,-1.674846e-59,-1.674846e-59,2.579e-11,0.000e+00,2.034e-59
0.4,1.2,0.00427880815,2.842171e-14,-3.953844e-58,-3.953844e-58,2.520e-11,0.000e+00,4.801e-58
0.4,1.2,0.004379957463,0.000000e+00,-8.674368e-57,-8.674368e-57,2.461e-11,0.000e+00,1.053e-56
0.4,1.2,0.004483497907,2.842171e-14,-1.771597e-55,-1.771597e-55,2.404e-11,0.000e+00,2.151e-55
0.4,1.2,0.004589486004,1.421085e-14,-3.373794e-54,-3.373794e-54,2.349e-11,0.000e+00,4.096e-54
0.4,1.2,0.004697979618,1.421085e-14,-6.000679e-53,-6.000679e-53,2.295e-11,0.000e+00,7.286e-53
0.4,1.2,0.004809037978,2.842171e-14,-9.983791e-52,-9.983791e-52,2.241e-11,0.000e+00,1.212e-51
0.4,1.2,0.004922721713,1.421085e-14,-1.556228e-50,-1.556228e-50,2.190e-11,0.000e+00,1.890e-50
0.4,1.2,0.005039092886,1.421085e-14,-2.276081e-49,-2.276081e-49,2.139e-11,0.000e+00,2.764e-49
0.4,1.2,0.005158215027,1.421085e-14,-3.128078e-48,-3.128078e-48,2.089e-11,0.000e+00,3.798e-48
0.4,1.2,0.005280153168,1.421085e-14,-4.045452e-47,-4.045452e-47,2.041e-11,0.000e+00,4.912e-47
0.4,1.2,0.005404973878,1.421085e-14,-4.930213e-46,-4.930213e-46,1.994e-11,0.000e+00,5.986e-46
0.4,1.2,0.005532745299,2.131628e-14,-5.669818e-45,-5.669818e-45,1.948e-11,0.000e+00,6.884e-45
0.4,1.2,0.005663537186,2.131628e-14,-6.161114e-44,-6.161114e-44,1.903e-11,0.000e+00,7.481e-44
0.4,1.2,0.00579742094,1.421085e-14,-6.334384e-43,-6.334384e-43,1.859e-11,0.000e+00,7.691e-43
0.4,1.2,0.005934469654,1.421085e-14,-6.169641e-42,-6.169641e-42,1.815e-11,0.000e+00,7.491e-42
0.4,1.2,0.006074758143,7.105427e-15,-5.699911e-41,-5.699911e-41,1.773e-11,0.000e+00,6.921e-41
0.4,1.2,0.006218362997,2.842171e-14,-5.001025e-40,-5.001025e-40,1.732e-11,0.000e+00,6.072e-40
0.4,1.2,0.006365362612,2.842171e-14,-4.172057e-39,-4.172057e-39,1.692e-11,0.000e+00,5.066e-39
0.4,1.2,0.006515837239,2.842171e-14,-3.313200e-38,-3.313200e-38,1.653e-11,0.000e+00,4.023e-38
0.4,1.2,0.006669869026,2.842171e-14,-2.507524e-37,-2.507524e-37,1.615e-11,0.000e+00,3.045e-37
0.4,1.2,0.006827542063,2.131628e-14,-1.810612e-36,-1.810612e-36,1.577e-11,0.000e+00,2.198e-36
0.4,1.2,0.006988942427,2.131628e-14,-1.248705e-35,-1.248705e-35,1.541e-11,0.000e+00,1.516e-35
0.4,1.2,0.007154158232,2.131628e-14,-8.233969e-35,-8.233969e-35,1.505e-11,0.000e+00,9.997e-35
0.4,1.2,0.007323279672,2.131628e-14,-5.196649e-34,-5.196649e-34,1.470e-11,0.000e+00,6.310e-34
0.4,1.2,0.007496399075,2.131628e-14,-3.142259e-33,-3.142259e-33,1.436e-11,0.000e+00,3.815e-33
0.4,1.2,0.007673610952,2.131628e-14,-1.822193e-32,-1.822193e-32,1.403e-11,0.000e+00,2.212e-32
0.4,1.2,0.007855012047,2.842171e-14,-1.014379e-31,-1.014379e-31,1.371e-11,0.000e+00,1.232e-31
0.4,1.2,0.008040701391,2.131628e-14,-5.425866e-31,-5.425866e-31,1.339e-11,0.000e+00,6.588e-31
0.4,1.2,0.008230780357,2.131628e-14,-2.791267e-30,-2.791267e-30,1.308e-11,0.000e+00,3.389e-30
0.4,1.2,0.008425352714,2.131628e-14,-1.382256e-29,-1.382256e-29,1.278e-11,0.000e+00,1.678e-29
0.4,1.2,0.008624524683,2.842171e-14,-6.594957e-29,-6.594957e-29,1.248e-11,0.000e+00,8.007e-29
0.4,1.2,0.008828404998,1.421085e-14,-3.034209e-28,-3.034209e-28,1.219e-11,0.000e+00,3.684e-28
0.4,1.2,0.009037104963,2.131628e-14,-1.347267e-27,-1.347267e-27,1.191e-11,0.000e+00,1.636e-27
0.4,1.2,0.009250738511,7.105427e-15,-5.778197e-27,-5.778197e-27,1.163e-11,0.000e+00,7.016e-27
0.4,1.2,0.00946942227,3.552714e-14,-2.395576e-26,-2.395576e-26,1.136e-11,0.000e+00,2.909e-26
0.4,1.2,0.009693275626,2.131628e-14,-9.608289e-26,-9.608289e-26,1.110e-11,0.000e+00,1.167e-25
0.4,1.2,0.009922420787,2.131628e-14,-3.731067e-25,-3.731067e-25,1.084e-11,0.000e+00,4.530e-25
0.4,1.2,0.01015698285,3.552714e-14,-1.403767e-24,-1.403767e-24,1.059e-11,0.000e+00,1.704e-24
0.4,1.2,0.01039708986,1.421085e-14,-5.120936e-24,-5.120936e-24,1.035e-11,0.000e+00,6.218e-24
0.4,1.2,0.01064287291,2.131628e-14,-1.812614e-23,-1.812614e-23,1.011e-11,0.000e+00,2.201e-23
0.4,1.2,0.01089446617,2.131628e-14,-6.229676e-23,-6.229676e-23,9.872e-12,0.000e+00,7.564e-23
0.4,1.2,0.01115200699,2.486900e-14,-2.080297e-22,-2.080297e-22,9.643e-12,0.000e+00,2.526e-22
0.4,1.2,0.01141563598,2.486900e-14,-6.754191e-22,-6.754191e-22,9.420e-12,0.000e+00,8.201e-22
0.4,1.2,0.01168549705,1.776357e-14,-2.133495e-21,-2.133495e-21,9.202e-12,0.000e+00,2.590e-21
0.4,1.2,0.01196173753,2.131628e-14,-6.560785e-21,-6.560785e-21,8.989e-12,0.000e+00,7.966e-21
0.4,1.2,0.01224450822,2.486900e-14,-1.965327e-20,-1.965327e-20,8.780e-12,0.000e+00,2.386e-20
0.4,1.2,0.0125339635,2.486900e-14,-5.738408e-20,-5.738408e-20,8.577e-12,0.000e+00,6.967e-20
0.4,1.2,0.01283026138,2.131628e-14,-1.634115e-19,-1.634115e-19,8.378e-12,0.000e+00,1.984e-19
0.4,1.2,0.01313356363,2.842171e-14,-4.541083e-19,-4.541083e-19,8.184e-12,0.000e+00,5.514e-19
0.4,1.2,0.01344403582,2.486900e-14,-1.232159e-18,-1.232159e-18,7.995e-12,0.000e+00,1.496e-18
0.4,1.2,0.01376184746,2.486900e-14,-3.266209e-18,-3.266209e-18,7.810e-12,0.000e+00,3.966e-18
0.4,1.2,0.01408717203,2.486900e-14,-8.463016e-18,-8.463016e-18,7.629e-12,0.000e+00,1.028e-17
0.4,1.2,0.01442018714,2.842171e-14,-2.144562e-17,-2.144562e-17,7.452e-12,3.282e-316,2.604e-17
0.4,1.2,0.0147610746,2.842171e-14,-5.317504e-17,-5.317504e-17,7.280e-12,7.201e-309,6.456e-17
0.4,1.2,0.0151100205,2.486900e-14,-1.290775e-16,-1.290775e-16,7.111e-12,1.069e-301,1.567e-16
0.4,1.2,0.01546721534,2.486900e-14,-3.068882e-16,-3.068882e-16,6.947e-12,1.084e-294,3.726e-16
0.4,1.2,0.01583285413,2.131628e-14,-7.149974e-16,-7.149974e-16,6.786e-12,7.565e-288,8.681e-16
0.4,1.2,0.01620713647,1.776357e-14,-1.633153e-15,-1.633153e-15,6.629e-12,3.670e-281,1.983e-15
0.4,1.2,0.0165902667,2.131628e-14,-3.658862e-15,-3.658862e-15,6.475e-12,1.247e-274,4.442e-15
0.4,1.2,0.01698245397,1.421085e-14,-8.043701e-15,-8.043701e-15,6.325e-12,2.994e-268,9.766e-15
0.4,1.2,0.01738391239,7.105427e-15,-1.735985e-14,-1.735985e-14,6.179e-12,5.118e-262,2.108e-14
0.4,1.2,0.01779486113,-1.065814e-14,-3.679608e-14,-3.679608e-14,6.036e-12,6.279e-256,4.468e-14
0.4,1.2,0.01821552453,-4.973799e-14,-7.663082e-14,-7.663082e-14,5.896e-12,5.571e-250,9.304e-14
0.4,1.2,0.01864613225,-1.350031e-13,-1.568658e-13,-1.568658e-13,5.760e-12,3.602e-244,1.905e-13
0.4,1.2,0.01908691936,-2.948752e-13,-3.157540e-13,-3.157540e-13,5.627e-12,1.709e-238,3.834e-13
0.4,1.2,0.0195381265,-6.004086e-13,-6.252212e-13,-6.252212e-13,5.497e-12,5.996e-233,7.591e-13
0.4,1.2,0.02,-1.193712e-12,-1.218281e-12,-1.218281e-12,5.370e-12,1.566e-227,1.479e-12
0.4,1.2,0.02055729891,-2.589928e-12,-2.617183e-12,-2.617183e-12,5.224e-12,2.551e-221,3.178e-12
0.4,1.2,0.02113012692,-5.481837e-12,-5.504945e-12,-5.504945e-12,5.082e-12,2.818e-215,6.684e-12
0.4,1.2,0.02171891675,-1.131895e-11,-1.134364e-11,-1.134364e-11,4.944e-12,2.134e-209,1.377e-11
0.4,1.2,0.02232411318,-2.289013e-11,-2.291259e-11,-2.291259e-11,4.810e-12,1.119e-203,2.782e-11
0.4,1.2,0.02294617338,-4.536815e-11,-4.538929e-11,-4.538929e-11,4.679e-12,4.107e-198,5.511e-11
0.4,1.2,0.02358556724,-8.820678e-11,-8.823052e-11,-8.823052e-11,4.552e-12,1.064e-192,1.071e-10
0.4,1.2,0.02424277779,-1.683542e-10,-1.683810e-10,-1.683810e-10,4.429e-12,1.966e-187,2.044e-10
0.4,1.2,0.02491830147,-3.156195e-10,-3.156405e-10,-3.156405e-10,4.309e-12,2.614e-182,3.832e-10
0.4,1.2,0.02561264858,-5.814460e-10,-5.814713e-10,-5.814713e-10,4.192e-12,2.522e-177,7.060e-10
0.4,1.2,0.02632634363,-1.053163e-09,-1.053185e-09,-1.053185e-09,4.078e-12,1.783e-172,1.279e-09
0.4,1.2,0.02705992576,-1.876360e-09,-1.876384e-09,-1.876384e-09,3.967e-12,9.306e-168,2.278e-09
0.4,1.2,0.02781394911,-3.289802e-09,-3.289825e-09,-3.289825e-09,3.860e-12,3.617e-163,3.994e-09
0.4,1.2,0.02858898329,-5.678650e-09,-5.678675e-09,-5.678675e-09,3.755e-12,1.055e-158,6.895e-09
0.4,1.2,0.02938561374,-9.654432e-09,-9.654456e-09,-9.654456e-09,3.653e-12,2.329e-154,1.172e-08
0.4,1.2,0.03020444227,-1.617310e-08,-1.617312e-08,-1.617312e-08,3.554e-12,3.918e-150,1.964e-08
0.4,1.2,0.0310460874,-2.670659e-08,-2.670662e-08,-2.670662e-08,3.458e-12,5.060e-146,3.243e-08
0.4,1.2,0.03191118493,-4.348822e-08,-4.348825e-08,-4.348825e-08,3.364e-12,5.055e-142,5.280e-08
0.4,1.2,0.03280038836,-6.985819e-08,-6.985822e-08,-6.985822e-08,3.273e-12,3.932e-138,8.482e-08
0.4,1.2,0.03371436939,-1.107428e-07,-1.107428e-07,-1.107428e-07,3.184e-12,2.398e-134,1.345e-07
0.4,1.2,0.03465381845,-1.733093e-07,-1.733093e-07,-1.733093e-07,3.098e-12,1.155e-130,2.104e-07
0.4,1.2,0.03561944521,-2.678476e-07,-2.678476e-07,-2.678476e-07,3.014e-12,4.415e-127,3.252e-07
0.4,1.2,0.0366119791,-4.089410e-07,-4.089410e-07,-4.089410e-07,2.932e-12,1.349e-123,4.965e-07
0.4,1.2,0.0376321699,-6.169981e-07,-6.169981e-07,-6.169981e-07,2.853e-12,3.317e-120,7.491e-07
0.4,1.2,0.03868078826,-9.202306e-07,-9.202306e-07,-9.202307e-07,2.775e-12,6.595e-117,1.117e-06
0.4,1.2,0.03975862631,-1.357172e-06,-1.357172e-06,-1.357172e-06,2.700e-12,1.067e-113,1.648e-06
0.4,1.2,0.04086649826,-1.979842e-06,-1.979842e-06,-1.979842e-06,2.627e-12,1.412e-110,2.404e-06
0.4,1.2,0.04200524101,-2.857669e-06,-2.857669e-06,-2.857670e-06,2.556e-12,1.537e-107,3.470e-06
0.4,1.2,0.04317571475,-4.082290e-06,-4.082290e-06,-4.082292e-06,2.486e-12,1.384e-104,4.957e-06
0.4,1.2,0.04437880369,-5.773352e-06,-5.773352e-06,-5.773355e-06,2.419e-12,1.036e-101,7.010e-06
0.4,1.2,0.04561541663,-8.085419e-06,-8.085419e-06,-8.085425e-06,2.353e-12,6.478e-99,9.817e-06
0.4,1.2,0.04688648772,-1.121611e-05,-1.121611e-05,-1.121613e-05,2.290e-12,3.401e-96,1.362e-05
0.4,1.2,0.04819297714,-1.541556e-05,-1.541556e-05,-1.541559e-05,2.227e-12,1.506e-93,1.872e-05
0.4,1.2,0.04953587182,-2.099725e-05,-2.099725e-05,-2.099730e-05,2.167e-12,5.650e-91,2.549e-05
0.4,1.2,0.05091618618,-2.835029e-05,-2.835029e-05,-2.835038e-05,2.108e-12,1.805e-88,3.442e-05
0.4,1.2,0.05233496293,-3.795311e-05,-3.795311e-05,-3.795327e-05,2.051e-12,4.928e-86,4.608e-05
0.4,1.2,0.05379327381,-5.038859e-05,-5.038859e-05,-5.038890e-05,1.996e-12,1.155e-83,6.118e-05
0.4,1.2,0.05529222045,-6.636049e-05,-6.636049e-05,-6.636104e-05,1.942e-12,2.336e-81,8.057e-05
0.4,1.2,0.05683293515,-8.671099e-05,-8.671099e-05,-8.671197e-05,1.889e-12,4.087e-79,1.053e-04
0.4,1.2,0.05841658179,-1.124393e-04,-1.124393e-04,-1.124410e-04,1.838e-12,6.214e-77,1.365e-04
0.4,1.2,0.06004435665,-1.447208e-04,-1.447208e-04,-1.447238e-04,1.788e-12,8.242e-75,1.757e-04
0.4,1.2,0.06171748937,-1.849270e-04,-1.849270e-04,-1.849320e-04,1.739e-12,9.571e-73,2.245e-04
0.4,1.2,0.06343724384,-2.346446e-04,-2.346446e-04,-2.346530e-04,1.692e-12,9.767e-71,2.849e-04
0.4,1.2,0.06520491918,-2.956951e-04,-2.956951e-04,-2.957089e-04,1.646e-12,8.789e-69,3.590e-04
0.4,1.2,0.06702185069,-3.701531e-04,-3.701531e-04,-3.701755e-04,1.602e-12,6.998e-67,4.495e-04
0.4,1.2,0.0688894109,-4.603627e-04,-4.603627e-04,-4.603984e-04,1.558e-12,4.946e-65,5.590e-04
0.4,1.2,0.07080901057,-5.689527e-04,-5.689527e-04,-5.690090e-04,1.516e-12,3.114e-63,6.909e-04
0.4,1.2,0.07278209978,-6.988487e-04,-6.988487e-04,-6.989361e-04,1.475e-12,1.751e-61,8.486e-04
0.4,1.2,0.07481016902,-8.532821e-04,-8.532821e-04,-8.534163e-04,1.435e-12,8.826e-60,1.036e-03
0.4,1.2,0.0768947503,-1.035796e-03,-1.035796e-03,-1.035999e-03,1.396e-12,3.999e-58,1.258e-03
0.4,1.2,0.07903741831,-1.250246e-03,-1.250246e-03,-1.250550e-03,1.358e-12,1.633e-56,1.518e-03
0.4,1.2,0.08123979166,-1.500798e-03,-1.500798e-03,-1.501247e-03,1.321e-12,6.028e-55,1.823e-03
0.4,1.2,0.08350353402,-1.791919e-03,-1.791919e-03,-1.792574e-03,1.285e-12,2.017e-53,2.176e-03
0.4,1.2,0.08583035543,-2.128364e-03,-2.128364e-03,-2.129309e-03,1.250e-12,6.134e-52,2.585e-03
0.4,1.2,0.0882220136,-2.515157e-03,-2.515157e-03,-2.516506e-03,1.216e-12,1.700e-50,3.055e-03
0.4,1.2,0.09068031519,-2.957568e-03,-2.957568e-03,-2.959470e-03,1.183e-12,4.303e-49,3.593e-03
0.4,1.2,0.09320711722,-3.461080e-03,-3.461080e-03,-3.463735e-03,1.151e-12,9.974e-48,4.206e-03
0.4,1.2,0.09580432845,-4.031357e-03,-4.031357e-03,-4.035023e-03,1.119e-12,2.122e-46,4.899e-03
0.4,1.2,0.09847391083,-4.674201e-03,-4.674201e-03,-4.679211e-03,1.089e-12,4.155e-45,5.681e-03
0.4,1.2,0.101217881,-5.395511e-03,-5.395511e-03,-5.402288e-03,1.059e-12,7.502e-44,6.559e-03
0.4,1.2,0.1040383117,-6.201227e-03,-6.201227e-03,-6.210304e-03,1.030e-12,1.252e-42,7.540e-03
0.4,1.2,0.1069373336,-7.097282e-03,-7.097282e-03,-7.109323e-03,1.002e-12,1.935e-41,8.632e-03
0.4,1.2,0.1099171365,-8.089547e-03,-8.089547e-03,-8.105370e-03,9.740e-13,2.774e-40,9.841e-03
0.4,1.2,0.1129799716,-9.183769e-03,-9.183769e-03,-9.204371e-03,9.472e-13,3.701e-39,1.118e-02
0.4,1.2,0.1161281523,-1.038552e-02,-1.038552e-02,-1.041210e-02,9.212e-13,4.599e-38,1.264e-02
0.4,1.2,0.1193640569,-1.170012e-02,-1.170012e-02,-1.173411e-02,8.958e-13,5.336e-37,1.425e-02
0.4,1.2,0.1226901298,-1.313260e-02,-1.313260e-02,-1.317571e-02,8.710e-13,5.790e-36,1.600e-02
0.4,1.2,0.1261088836,-1.468763e-02,-1.468763e-02,-1.474184e-02,8.469e-13,5.888e-35,1.790e-02
0.4,1.2,0.1296229008,-1.636949e-02,-1.636949e-02,-1.643709e-02,8.235e-13,5.620e-34,1.996e-02
0.4,1.2,0.1332348358,-1.818198e-02,-1.818198e-02,-1.826559e-02,8.006e-13,5.044e-33,2.218e-02
0.4,1.2,0.1369474172,-2.012839e-02,-2.012839e-02,-2.023100e-02,7.784e-13,4.263e-32,2.456e-02
0.4,1.2,0.1407634495,-2.221147e-02,-2.221147e-02,-2.233643e-02,7.567e-13,3.400e-31,2.712e-02
0.4,1.2,0.1446858154,-2.443340e-02,-2.443340e-02,-2.458443e-02,7.356e-13,2.562e-30,2.985e-02
0.4,1.2,0.1487174777,-2.679572e-02,-2.679572e-02,-2.697691e-02,7.150e-13,1.826e-29,3.275e-02
0.4,1.2,0.1528614821,-2.929935e-02,-2.929935e-02,-2.951516e-02,6.950e-13,1.234e-28,3.584e-02
0.4,1.2,0.157120959,-3.194455e-02,-3.194455e-02,-3.219977e-02,6.755e-13,7.916e-28,3.910e-02
0.4,1.2,0.1614991259,-3.473091e-02,-3.473091e-02,-3.503065e-02,6.565e-13,4.825e-27,4.253e-02
0.4,1.2,0.1659992902,-3.765736e-02,-3.765736e-02,-3.800700e-02,6.380e-13,2.800e-26,4.615e-02
0.4,1.2,0.1706248514,-4.072215e-02,-4.072215e-02,-4.112731e-02,6.200e-13,1.548e-25,4.994e-02
0.4,1.2,0.1753793036,-4.392288e-02,-4.392288e-02,-4.438934e-02,6.025e-13,8.168e-25,5.390e-02
0.4,1.2,0.1802662383,-4.725651e-02,-4.725651e-02,-4.779013e-02,5.854e-13,4.118e-24,5.803e-02
0.4,1.2,0.1852893472,-5.071934e-02,-5.071934e-02,-5.132603e-02,5.688e-13,1.986e-23,6.232e-02
0.4,1.2,0.1904524247,-5.430709e-02,-5.430709e-02,-5.499269e-02,5.526e-13,9.176e-23,6.677e-02
0.4,1.2,0.1957593711,-5.801488e-02,-5.801488e-02,-5.878511e-02,5.368e-13,4.065e-22,7.137e-02
0.4,1.2,0.2012141953,-6.183728e-02,-6.183728e-02,-6.269761e-02,5.214e-13,1.729e-21,7.613e-02
0.4,1.2,0.2068210179,-6.576832e-02,-6.576832e-02,-6.672394e-02,5.065e-13,7.067e-21,8.101e-02
0.4,1.2,0.2125840742,-6.980153e-02,-6.980153e-02,-7.085726e-02,4.919e-13,2.779e-20,8.603e-02
0.4,1.2,0.2185077179,-7.392997e-02,-7.392997e-02,-7.509019e-02,4.777e-13,1.053e-19,9.117e-02
0.4,1.2,0.2245964235,-7.814624e-02,-7.814624e-02,-7.941486e-02,4.639e-13,3.844e-19,9.642e-02
0.4,1.2,0.2308547906,-8.244255e-02,-8.244255e-02,-8.382295e-02,4.504e-13,1.355e-18,1.018e-01
0.4,1.2,0.2372875467,-8.681067e-02,-8.681067e-02,-8.830574e-02,4.373e-13,4.612e-18,1.072e-01
0.4,1.2,0.2438995512,-9.124205e-02,-9.124205e-02,-9.285416e-02,4.245e-13,1.518e-17,1.127e-01
0.4,1.2,0.2506957989,-9.572774e-02,-9.572774e-02,-9.745884e-02,4.121e-13,4.835e-17,1.183e-01
0.4,1.2,0.2576814237,-1.002585e-01,-1.002585e-01,-1.021101e-01,3.999e-13,1.492e-16,1.240e-01
0.4,1.2,0.2648617025,-1.048248e-01,-1.048248e-01,-1.067983e-01,3.881e-13,4.463e-16,1.297e-01
0.4,1.2,0.2722420593,-1.094167e-01,-1.094167e-01,-1.115132e-01,3.766e-13,1.295e-15,1.354e-01
0.4,1.2,0.2798280694,-1.140240e-01,-1.140240e-01,-1.162449e-01,3.653e-13,3.651e-15,1.411e-01
0.4,1.2,0.2876254633,-1.186365e-01,-1.186365e-01,-1.209832e-01,3.544e-13,9.999e-15,1.469e-01
0.4,1.2,0.2956401311,-1.232433e-01,-1.232433e-01,-1.257181e-01,3.437e-13,2.664e-14,1.526e-01
0.4,1.2,0.3038781273,-1.278336e-01,-1.278336e-01,-1.304394e-01,3.333e-13,6.906e-14,1.584e-01
0.4,1.2,0.3123456747,-1.323961e-01,-1.323961e-01,-1.351371e-01,3.231e-13,1.744e-13,1.641e-01
0.4,1.2,0.3210491698,-1.369195e-01,-1.369195e-01,-1.398015e-01,3.133e-13,4.294e-13,1.697e-01
0.4,1.2,0.3299951874,-1.413922e-01,-1.413922e-01,-1.444228e-01,3.036e-13,1.031e-12,1.754e-01
0.4,1.2,0.3391904853,-1.458024e-01,-1.458024e-01,-1.489915e-01,2.942e-13,2.416e-12,1.809e-01
0.4,1.2,0.3486420097,-1.501381e-01,-1.501381e-01,-1.534984e-01,2.851e-13,5.531e-12,1.864e-01
0.4,1.2,0.3583569002,-1.543872e-01,-1.543872e-01,-1.579345e-01,2.762e-13,1.237e-11,1.918e-01
0.4,1.2,0.3683424957,-1.585374e-01,-1.585374e-01,-1.622913e-01,2.675e-13,2.707e-11,1.970e-01
0.4,1.2,0.3786063392,-1.625763e-01,-1.625763e-01,-1.665603e-01,2.591e-13,5.794e-11,2.022e-01
0.4,1.2,0.3891561842,-1.664915e-01,-1.664915e-01,-1.707336e-01,2.509e-13,1.214e-10,2.073e-01
0.4,1.2,0.4,-1.702706e-01,-1.702706e-01,-1.748037e-01,2.429e-13,2.493e-10,2.122e-01
0.4,1.6,0.0025,2.842171e-14,-1.315845e-67,-1.315845e-67,4.311e-11,0.000e+00,1.604e-67
0.4,1.6,0.002559099,5.684342e-14,-4.811735e-66,-4.811735e-66,4.211e-11,0.000e+00,5.864e-66
0.4,1.6,0.002619595078,5.684342e-14,-1.618764e-64,-1.618764e-64,4.114e-11,0.000e+00,1.973e-64
0.4,1.6,0.002681521258,2.842171e-14,-5.019804e-63,-5.019804e-63,4.019e-11,0.000e+00,6.118e-63
0.4,1.6,0.002744911348,4.263256e-14,-1.437567e-61,-1.437567e-61,3.926e-11,0.000e+00,1.752e-61
0.4,1.6,0.002809799955,4.263256e-14,-3.808956e-60,-3.808956e-60,3.835e-11,0.000e+00,4.642e-60
0.4,1.6,0.002876222502,5.684342e-14,-9.354053e-59,-9.354053e-59,3.746e-11,0.000e+00,1.140e-58
0.4,1.6,0.002944215252,4.263256e-14,-2.132905e-57,-2.132905e-57,3.660e-11,0.000e+00,2.600e-57
0.4,1.6,0.003013815324,2.842171e-14,-4.523402e-56,-4.523402e-56,3.575e-11,0.000e+00,5.513e-56
0.4,1.6,0.003085060713,2.842171e-14,-8.937327e-55,-8.937327e-55,3.492e-11,0.000e+00,1.089e-54
0.4,1.6,0.003157990315,2.842171e-14,-1.647818e-53,-1.647818e-53,3.412e-11,0.000e+00,2.008e-53
0.4,1.6,0.003232643943,2.842171e-14,-2.839641e-52,-2.839641e-52,3.333e-11,0.000e+00,3.461e-52
0.4,1.6,0.003309062353,2.842171e-14,-4.580872e-51,-4.580872e-51,3.256e-11,0.000e+00,5.583e-51
0.4,1.6,0.003387287264,4.263256e-14,-6.928281e-50,-6.928281e-50,3.180e-11,0.000e+00,8.444e-50
0.4,1.6,0.003467361381,4.263256e-14,-9.838801e-49,-9.838801e-49,3.107e-11,0.000e+00,1.199e-48
0.4,1.6,0.003549328418,4.263256e-14,-1.313802e-47,-1.313802e-47,3.035e-11,0.000e+00,1.601e-47
0.4,1.6,0.003633233122,5.684342e-14,-1.651986e-46,-1.651986e-46,2.965e-11,0.000e+00,2.013e-46
0.4,1.6,0.003719121301,7.105427e-14,-1.958728e-45,-1.958728e-45,2.896e-11,0.000e+00,2.387e-45
0.4,1.6,0.003807039841,2.842171e-14,-2.192919e-44,-2.192919e-44,2.829e-11,0.000e+00,2.673e-44
0.4,1.6,0.003897036741,5.684342e-14,-2.321276e-43,-2.321276e-43,2.764e-11,0.000e+00,2.829e-43
0.4,1.6,0.003989161131,2.842171e-14,-2.326212e-42,-2.326212e-42,2.700e-11,0.000e+00,2.835e-42
0.4,1.6,0.004083463305,5.684342e-14,-2.209730e-41,-2.209730e-41,2.638e-11,0.000e+00,2.693e-41
0.4,1.6,0.004179994745,5.684342e-14,-1.992201e-40,-1.992201e-40,2.577e-11,0.000e+00,2.428e-40
0.4,1.6,0.00427880815,7.105427e-14,-1.706691e-39,-1.706691e-39,2.517e-11,0.000e+00,2.080e-39
0.4,1.6,0.004379957463,4.263256e-14,-1.390967e-38,-1.390967e-38,2.459e-11,0.000e+00,1.695e-38
0.4,1.6,0.004483497907,4.263256e-14,-1.079739e-37,-1.079739e-37,2.402e-11,0.000e+00,1.316e-37
0.4,1.6,0.004589486004,4.263256e-14,-7.991898e-37,-7.991898e-37,2.347e-11,0.000e+00,9.740e-37
0.4,1.6,0.004697979618,4.263256e-14,-5.646603e-36,-5.646603e-36,2.292e-11,0.000e+00,6.882e-36
0.4,1.6,0.004809037978,4.263256e-14,-3.812388e-35,-3.812388e-35,2.239e-11,0.000e+00,4.646e-35
0.4,1.6,0.004922721713,2.842171e-14,-2.462267e-34,-2.462267e-34,2.188e-11,0.000e+00,3.001e-34
0.4,1.6,0.005039092886,4.263256e-14,-1.522812e-33,-1.522812e-33,2.137e-11,0.000e+00,1.856e-33
0.4,1.6,0.005158215027,5.684342e-14,-9.027456e-33,-9.027456e-33,2.088e-11,0.000e+00,1.100e-32
0.4,1.6,0.005280153168,3.552714e-14,-5.134725e-32,-5.134725e-32,2.039e-11,0.000e+00,6.258e-32
0.4,1.6,0.005404973878,4.263256e-14,-2.804895e-31,-2.804895e-31,1.992e-11,0.000e+00,3.419e-31
0.4,1.6,0.005532745299,4.973799e-14,-1.472886e-30,-1.472886e-30,1.946e-11,0.000e+00,1.795e-30
0.4,1.6,0.005663537186,4.973799e-14,-7.441669e-30,-7.441669e-30,1.901e-11,0.000e+00,9.070e-30
0.4,1.6,0.00579742094,4.263256e-14,-3.620823e-29,-3.620823e-29,1.857e-11,0.000e+00,4.413e-29
0.4,1.6,0.005934469654,3.552714e-14,-1.698079e-28,-1.698079e-28,1.814e-11,0.000e+00,2.070e-28
0.4,1.6,0.006074758143,4.263256e-14,-7.682304e-28,-7.682304e-28,1.772e-11,0.000e+00,9.363e-28
0.4,1.6,0.006218362997,4.973799e-14,-3.355586e-27,-3.355586e-27,1.732e-11,0.000e+00,4.090e-27
0.4,1.6,0.006365362612,4.973799e-14,-1.416254e-26,-1.416254e-26,1.692e-11,0.000e+00,1.726e-26
0.4,1.6,0.006515837239,4.973799e-14,-5.780343e-26,-5.780343e-26,1.652e-11,0.000e+00,7.045e-26
0.4,1.6,0.006669869026,3.552714e-14,-2.283192e-25,-2.283192e-25,1.614e-11,0.000e+00,2.783e-25
0.4,1.6,0.006827542063,3.552714e-14,-8.734454e-25,-8.734454e-25,1.577e-11,0.000e+00,1.065e-24
0.4,1.6,0.006988942427,4.263256e-14,-3.238580e-24,-3.238580e-24,1.541e-11,0.000e+00,3.947e-24
0.4,1.6,0.007154158232,3.552714e-14,-1.164696e-23,-1.164696e-23,1.505e-11,0.000e+00,1.420e-23
0.4,1.6,0.007323279672,2.842171e-14,-4.065515e-23,-4.065515e-23,1.470e-11,0.000e+00,4.955e-23
0.4,1.6,0.007496399075,3.552714e-14,-1.378361e-22,-1.378361e-22,1.436e-11,0.000e+00,1.680e-22
0.4,1.6,0.007673610952,2.131628e-14,-4.541998e-22,-4.541998e-22,1.403e-11,0.000e+00,5.536e-22
0.4,1.6,0.007855012047,2.842171e-14,-1.455637e-21,-1.455637e-21,1.371e-11,0.000e+00,1.774e-21
0.4,1.6,0.008040701391,3.552714e-14,-4.540045e-21,-4.540045e-21,1.339e-11,0.000e+00,5.533e-21
0.4,1.6,0.008230780357,2.842171e-14,-1.378925e-20,-1.378925e-20,1.308e-11,0.000e+00,1.681e-20
0.4,1.6,0.008425352714,2.842171e-14,-4.080945e-20,-4.080945e-20,1.278e-11,0.000e+00,4.974e-20
0.4,1.6,0.008624524683,2.131628e-14,-1.177553e-19,-1.177553e-19,1.249e-11,0.000e+00,1.435e-19
0.4,1.6,0.008828404998,2.842171e-14,-3.314775e-19,-3.314775e-19,1.220e-11,0.000e+00,4.040e-19
0.4,1.6,0.009037104963,3.552714e-14,-9.108131e-19,-9.108131e-19,1.192e-11,0.000e+00,1.110e-18
0.4,1.6,0.009250738511,2.131628e-14,-2.444268e-18,-2.444268e-18,1.164e-11,0.000e+00,2.979e-18
0.4,1.6,0.00946942227,3.552714e-14,-6.409871e-18,-6.409871e-18,1.137e-11,0.000e+00,7.812e-18
0.4,1.6,0.009693275626,2.131628e-14,-1.643471e-17,-1.643471e-17,1.111e-11,0.000e+00,2.003e-17
0.4,1.6,0.009922420787,1.421085e-14,-4.122052e-17,-4.122052e-17,1.085e-11,0.000e+00,5.024e-17
0.4,1.6,0.01015698285,3.552714e-14,-1.011868e-16,-1.011868e-16,1.060e-11,0.000e+00,1.233e-16
0.4,1.6,0.01039708986,2.131628e-14,-2.432256e-16,-2.432256e-16,1.036e-11,0.000e+00,2.964e-16
0.4,1.6,0.01064287291,2.842171e-14,-5.727699e-16,-5.727699e-16,1.012e-11,0.000e+00,6.981e-16
0.4,1.6,0.01089446617,2.486900e-14,-1.322034e-15,-1.322034e-15,9.888e-12,0.000e+00,1.611e-15
0.4,1.6,0.01115200699,2.131628e-14,-2.992247e-15,-2.992247e-15,9.660e-12,0.000e+00,3.647e-15
0.4,1.6,0.01141563598,1.065814e-14,-6.644176e-15,-6.644176e-15,9.438e-12,0.000e+00,8.098e-15
0.4,1.6,0.01168549705,3.552714e-15,-1.447991e-14,-1.447991e-14,9.220e-12,0.000e+00,1.765e-14
0.4,1.6,0.01196173753,-1.421085e-14,-3.098551e-14,-3.098551e-14,9.008e-12,0.000e+00,3.776e-14
0.4,1.6,0.01224450822,-4.618528e-14,-6.513328e-14,-6.513328e-14,8.800e-12,0.000e+00,7.938e-14
0.4,1.6,0.0125339635,-1.136868e-13,-1.345481e-13,-1.345481e-13,8.598e-12,0.000e+00,1.640e-13
0.4,1.6,0.01283026138,-2.629008e-13,-2.732483e-13,-2.732483e-13,8.400e-12,0.000e+00,3.330e-13
0.4,1.6,0.01313356363,-5.258016e-13,-5.457745e-13,-5.457745e-13,8.206e-12,0.000e+00,6.652e-13
0.4,1.6,0.01344403582,-1.051603e-12,-1.072535e-12,-1.072535e-12,8.017e-12,0.000e+00,1.307e-12
0.4,1.6,0.01376184746,-2.060574e-12,-2.074510e-12,-2.074510e-12,7.833e-12,0.000e+00,2.528e-12
0.4,1.6,0.01408717203,-3.932854e-12,-3.950794e-12,-3.950794e-12,7.653e-12,0.000e+00,4.815e-12
0.4,1.6,0.01442018714,-7.389644e-12,-7.410942e-12,-7.410942e-12,7.476e-12,3.153e-316,9.032e-12
0.4,1.6,0.0147610746,-1.367795e-11,-1.369729e-11,-1.369729e-11,7.304e-12,6.917e-309,1.669e-11
0.4,1.6,0.0151100205,-2.493650e-11,-2.495264e-11,-2.495264e-11,7.136e-12,1.027e-301,3.041e-11
0.4,1.6,0.01546721534,-4.480682e-11,-4.481919e-11,-4.481919e-11,6.972e-12,1.041e-294,5.462e-11
0.4,1.6,0.01583285413,-7.938894e-11,-7.939967e-11,-7.939967e-11,6.812e-12,7.268e-288,9.677e-11
0.4,1.6,0.01620713647,-1.387690e-10,-1.387775e-10,-1.387775e-10,6.655e-12,3.525e-281,1.691e-10
0.4,1.6,0.0165902667,-2.393712e-10,-2.393866e-10,-2.393866e-10,6.502e-12,1.198e-274,2.918e-10
0.4,1.6,0.01698245397,-4.076455e-10,-4.076557e-10,-4.076557e-10,6.352e-12,2.876e-268,4.968e-10
0.4,1.6,0.01738391239,-6.855245e-10,-6.855339e-10,-6.855339e-10,6.206e-12,4.916e-262,8.355e-10
0.4,1.6,0.01779486113,-1.138744e-09,-1.138760e-09,-1.138760e-09,6.064e-12,6.032e-256,1.388e-09
0.4,1.6,0.01821552453,-1.869058e-09,-1.869072e-09,-1.869072e-09,5.924e-12,5.352e-250,2.278e-09
0.4,1.6,0.01864613225,-3.032003e-09,-3.032013e-09,-3.032013e-09,5.788e-12,3.460e-244,3.695e-09
0.4,1.6,0.01908691936,-4.862549e-09,-4.862557e-09,-4.862557e-09,5.655e-12,1.642e-238,5.926e-09
0.4,1.6,0.0195381265,-7.711538e-09,-7.711549e-09,-7.711549e-09,5.525e-12,5.760e-233,9.399e-09
0.4,1.6,0.02,-1.209689e-08,-1.209690e-08,-1.209690e-08,5.398e-12,1.504e-227,1.474e-08
0.4,1.6,0.02055729891,-2.026536e-08,-2.026538e-08,-2.026538e-08,5.252e-12,2.450e-221,2.470e-08
0.4,1.6,0.02113012692,-3.346537e-08,-3.346537e-08,-3.346537e-08,5.111e-12,2.707e-215,4.079e-08
0.4,1.6,0.02171891675,-5.449614e-08,-5.449615e-08,-5.449615e-08,4.973e-12,2.050e-209,6.642e-08
0.4,1.6,0.02232411318,-8.754466e-08,-8.754467e-08,-8.754467e-08,4.839e-12,1.075e-203,1.067e-07
0.4,1.6,0.02294617338,-1.387865e-07,-1.387865e-07,-1.387865e-07,4.708e-12,3.945e-198,1.691e-07
0.4,1.6,0.02358556724,-2.172072e-07,-2.172072e-07,-2.172072e-07,4.581e-12,1.022e-192,2.647e-07
0.4,1.6,0.02424277779,-3.357083e-07,-3.357083e-07,-3.357083e-07,4.458e-12,1.889e-187,4.092e-07
0.4,1.6,0.02491830147,-5.125759e-07,-5.125759e-07,-5.125759e-07,4.337e-12,2.511e-182,6.247e-07
0.4,1.6,0.02561264858,-7.734028e-07,-7.734028e-07,-7.734028e-07,4.220e-12,2.423e-177,9.426e-07
0.4,1.6,0.02632634363,-1.153571e-06,-1.153571e-06,-1.153571e-06,4.107e-12,1.713e-172,1.406e-06
0.4,1.6,0.02705992576,-1.701413e-06,-1.701413e-06,-1.701413e-06,3.996e-12,8.940e-168,2.074e-06
0.4,1.6,0.02781394911,-2.482182e-06,-2.482182e-06,-2.482182e-06,3.888e-12,3.475e-163,3.025e-06
0.4,1.6,0.02858898329,-3.582982e-06,-3.582982e-06,-3.582982e-06,3.783e-12,1.014e-158,4.367e-06
0.4,1.6,0.02938561374,-5.118795e-06,-5.118795e-06,-5.118795e-06,3.681e-12,2.237e-154,6.239e-06
0.4,1.6,0.03020444227,-7.239764e-06,-7.239764e-06,-7.239764e-06,3.582e-12,3.764e-150,8.824e-06
0.4,1.6,0.0310460874,-1.013988e-05,-1.013988e-05,-1.013988e-05,3.486e-12,4.861e-146,1.236e-05
0.4,1.6,0.03191118493,-1.406722e-05,-1.406722e-05,-1.406722e-05,3.392e-12,4.856e-142,1.714e-05
0.4,1.6,0.03280038836,-1.933580e-05,-1.933580e-05,-1.933580e-05,3.300e-12,3.778e-138,2.357e-05
0.4,1.6,0.03371436939,-2.633928e-05,-2.633928e-05,-2.633928e-05,3.212e-12,2.304e-134,3.210e-05
0.4,1.6,0.03465381845,-3.556632e-05,-3.556632e-05,-3.556632e-05,3.125e-12,1.109e-130,4.335e-05
0.4,1.6,0.03561944521,-4.761795e-05,-4.761795e-05,-4.761795e-05,3.041e-12,4.241e-127,5.804e-05
0.4,1.6,0.0366119791,-6.322651e-05,-6.322651e-05,-6.322651e-05,2.959e-12,1.296e-123,7.706e-05
0.4,1.6,0.0376321699,-8.327643e-05,-8.327643e-05,-8.327643e-05,2.879e-12,3.186e-120,1.015e-04
0.4,1.6,0.03868078826,-1.088264e-04,-1.088264e-04,-1.088264e-04,2.802e-12,6.335e-117,1.326e-04
0.4,1.6,0.03975862631,-1.411327e-04,-1.411327e-04,-1.411327e-04,2.726e-12,1.025e-113,1.720e-04
0.4,1.6,0.04086649826,-1.816739e-04,-1.816739e-04,-1.816739e-04,2.653e-12,1.356e-110,2.214e-04
0.4,1.6,0.04200524101,-2.321753e-04,-2.321753e-04,-2.321753e-04,2.582e-12,1.477e-107,2.830e-04
0.4,1.6,0.04317571475,-2.946342e-04,-2.946342e-04,-2.946342e-04,2.512e-12,1.330e-104,3.591e-04
0.4,1.6,0.04437880369,-3.713440e-04,-3.713440e-04,-3.713440e-04,2.444e-12,9.952e-102,4.526e-04
0.4,1.6,0.04561541663,-4.649182e-04,-4.649182e-04,-4.649182e-04,2.379e-12,6.223e-99,5.666e-04
0.4,1.6,0.04688648772,-5.783111e-04,-5.783111e-04,-5.783111e-04,2.315e-12,3.267e-96,7.048e-04
0.4,1.6,0.04819297714,-7.148379e-04,-7.148379e-04,-7.148379e-04,2.252e-12,1.447e-93,8.712e-04
0.4,1.6,0.04953587182,-8.781904e-04,-8.781904e-04,-8.781904e-04,2.192e-12,5.428e-91,1.070e-03
0.4,1.6,0.05091618618,-1.072450e-03,-1.072450e-03,-1.072450e-03,2.132e-12,1.734e-88,1.307e-03
0.4,1.6,0.05233496293,-1.302094e-03,-1.302094e-03,-1.302094e-03,2.075e-12,4.734e-86,1.587e-03
0.4,1.6,0.05379327381,-1.572002e-03,-1.572002e-03,-1.572002e-03,2.019e-12,1.110e-83,1.916e-03
0.4,1.6,0.05529222045,-1.887450e-03,-1.887450e-03,-1.887450e-03,1.965e-12,2.244e-81,2.300e-03
0.4,1.6,0.05683293515,-2.254105e-03,-2.254105e-03,-2.254105e-03,1.912e-12,3.926e-79,2.747e-03
0.4,1.6,0.05841658179,-2.678006e-03,-2.678006e-03,-2.678006e-03,1.860e-12,5.969e-77,3.264e-03
0.4,1.6,0.06004435665,-3.165548e-03,-3.165548e-03,-3.165549e-03,1.810e-12,7.918e-75,3.858e-03
0.4,1.6,0.06171748937,-3.723451e-03,-3.723451e-03,-3.723452e-03,1.761e-12,9.195e-73,4.538e-03
0.4,1.6,0.06343724384,-4.358725e-03,-4.358725e-03,-4.358726e-03,1.713e-12,9.383e-71,5.312e-03
0.4,1.6,0.06520491918,-5.078630e-03,-5.078630e-03,-5.078632e-03,1.667e-12,8.443e-69,6.190e-03
0.4,1.6,0.06702185069,-5.890629e-03,-5.890629e-03,-5.890631e-03,1.621e-12,6.723e-67,7.179e-03
0.4,1.6,0.0688894109,-6.802331e-03,-6.802331e-03,-6.802334e-03,1.577e-12,4.752e-65,8.291e-03
0.4,1.6,0.07080901057,-7.821441e-03,-7.821441e-03,-7.821444e-03,1.534e-12,2.991e-63,9.533e-03
0.4,1.6,0.07278209978,-8.955687e-03,-8.955687e-03,-8.955689e-03,1.493e-12,1.682e-61,1.091e-02
0.4,1.6,0.07481016902,-1.021276e-02,-1.021276e-02,-1.021276e-02,1.452e-12,8.479e-60,1.245e-02
0.4,1.6,0.0768947503,-1.160025e-02,-1.160025e-02,-1.160024e-02,1.412e-12,3.841e-58,1.414e-02
0.4,1.6,0.07903741831,-1.312554e-02,-1.312554e-02,-1.312553e-02,1.373e-12,1.569e-56,1.600e-02
0.4,1.6,0.08123979166,-1.479580e-02,-1.479580e-02,-1.479577e-02,1.336e-12,5.790e-55,1.803e-02
0.4,1.6,0.08350353402,-1.661785e-02,-1.661785e-02,-1.661779e-02,1.299e-12,1.938e-53,2.025e-02
0.4,1.6,0.08583035543,-1.859810e-02,-1.859810e-02,-1.859800e-02,1.263e-12,5.892e-52,2.267e-02
0.4,1.6,0.0882220136,-2.074254e-02,-2.074254e-02,-2.074236e-02,1.229e-12,1.633e-50,2.528e-02
0.4,1.6,0.09068031519,-2.305658e-02,-2.305658e-02,-2.305627e-02,1.195e-12,4.133e-49,2.810e-02
0.4,1.6,0.09320711722,-2.554506e-02,-2.554506e-02,-2.554457e-02,1.162e-12,9.582e-48,3.113e-02
0.4,1.6,0.09580432845,-2.821216e-02,-2.821216e-02,-2.821139e-02,1.129e-12,2.039e-46,3.438e-02
0.4,1.6,0.09847391083,-3.106137e-02,-3.106137e-02,-3.106017e-02,1.098e-12,3.992e-45,3.786e-02
0.4,1.6,0.101217881,-3.409542e-02,-3.409542e-02,-3.409361e-02,1.068e-12,7.207e-44,4.155e-02
0.4,1.6,0.1040383117,-3.731626e-02,-3.731626e-02,-3.731358e-02,1.038e-12,1.203e-42,4.548e-02
0.4,1.6,0.1069373336,-4.072503e-02,-4.072503e-02,-4.072111e-02,1.009e-12,1.858e-41,4.963e-02
0.4,1.6,0.1099171365,-4.432203e-02,-4.432203e-02,-4.431639e-02,9.808e-13,2.665e-40,5.401e-02
0.4,1.6,0.1129799716,-4.810671e-02,-4.810671e-02,-4.809870e-02,9.534e-13,3.555e-39,5.862e-02
0.4,1.6,0.1161281523,-5.207768e-02,-5.207768e-02,-5.206646e-02,9.267e-13,4.418e-38,6.346e-02
0.4,1.6,0.1193640569,-5.623269e-02,-5.623269e-02,-5.621716e-02,9.007e-13,5.126e-37,6.852e-02
0.4,1.6,0.1226901298,-6.056867e-02,-6.056867e-02,-6.054742e-02,8.755e-13,5.563e-36,7.379e-02
0.4,1.6,0.1261088836,-6.508174e-02,-6.508174e-02,-6.505297e-02,8.509e-13,5.656e-35,7.928e-02
0.4,1.6,0.1296229008,-6.976722e-02,-6.976722e-02,-6.972866e-02,8.271e-13,5.399e-34,8.498e-02
0.4,1.6,0.1332348358,-7.461970e-02,-7.461970e-02,-7.456852e-02,8.039e-13,4.845e-33,9.088e-02
0.4,1.6,0.1369474172,-7.963307e-02,-7.963307e-02,-7.956578e-02,7.813e-13,4.096e-32,9.697e-02
0.4,1.6,0.1407634495,-8.480056e-02,-8.480056e-02,-8.471289e-02,7.593e-13,3.266e-31,1.032e-01
0.4,1.6,0.1446858154,-9.011482e-02,-9.011482e-02,-9.000156e-02,7.380e-13,2.461e-30,1.097e-01
0.4,1.6,0.1487174777,-9.556793e-02,-9.556793e-02,-9.542286e-02,7.173e-13,1.755e-29,1.163e-01
0.4,1.6,0.1528614821,-1.011515e-01,-1.011515e-01,-1.009672e-01,6.971e-13,1.186e-28,1.231e-01
0.4,1.6,0.157120959,-1.068569e-01,-1.068569e-01,-1.066244e-01,6.776e-13,7.604e-28,1.300e-01
0.4,1.6,0.1614991259,-1.126748e-01,-1.126748e-01,-1.123839e-01,6.586e-13,4.635e-27,1.370e-01
0.4,1.6,0.1659992902,-1.185958e-01,-1.185958e-01,-1.182345e-01,6.401e-13,2.689e-26,1.441e-01
0.4,1.6,0.1706248514,-1.246104e-01,-1.246104e-01,-1.241647e-01,6.221e-13,1.487e-25,1.513e-01
0.4,1.6,0.1753793036,-1.307087e-01,-1.307087e-01,-1.301626e-01,6.047e-13,7.847e-25,1.586e-01
0.4,1.6,0.1802662383,-1.368809e-01,-1.368809e-01,-1.362163e-01,5.877e-13,3.956e-24,1.660e-01
0.4,1.6,0.1852893472,-1.431171e-01,-1.431171e-01,-1.423133e-01,5.713e-13,1.908e-23,1.734e-01
0.4,1.6,0.1904524247,-1.494071e-01,-1.494071e-01,-1.484413e-01,5.553e-13,8.815e-23,1.809e-01
0.4,1.6,0.1957593711,-1.557413e-01,-1.557413e-01,-1.545877e-01,5.397e-13,3.905e-22,1.884e-01
0.4,1.6,0.2012141953,-1.621096e-01,-1.621096e-01,-1.607401e-01,5.245e-13,1.661e-21,1.959e-01
0.4,1.6,0.2068210179,-1.685024e-01,-1.685024e-01,-1.668858e-01,5.098e-13,6.789e-21,2.034e-01
0.4,1.6,0.2125840742,-1.749101e-01,-1.749101e-01,-1.730126e-01,4.955e-13,2.670e-20,2.109e-01
0.4,1.6,0.2185077179,-1.813231e-01,-1.813231e-01,-1.791082e-01,4.816e-13,1.011e-19,2.183e-01
0.4,1.6,0.2245964235,-1.877320e-01,-1.877320e-01,-1.851604e-01,4.680e-13,3.693e-19,2.257e-01
0.4,1.6,0.2308547906,-1.941277e-01,-1.941277e-01,-1.911576e-01,4.548e-13,1.301e-18,2.330e-01
0.4,1.6,0.2372875467,-2.005009e-01,-2.005009e-01,-1.970881e-01,4.419e-13,4.430e-18,2.402e-01
0.4,1.6,0.2438995512,-2.068426e-01,-2.068426e-01,-2.029409e-01,4.294e-13,1.458e-17,2.473e-01
0.4,1.6,0.2506957989,-2.131439e-01,-2.131439e-01,-2.087050e-01,4.172e-13,4.645e-17,2.544e-01
0.4,1.6,0.2576814237,-2.193958e-01,-2.193958e-01,-2.143700e-01,4.053e-13,1.433e-16,2.613e-01
0.4,1.6,0.2648617025,-2.255895e-01,-2.255895e-01,-2.199259e-01,3.937e-13,4.287e-16,2.680e-01
0.4,1.6,0.2722420593,-2.317160e-01,-2.317160e-01,-2.253631e-01,3.824e-13,1.244e-15,2.747e-01
0.4,1.6,0.2798280694,-2.377664e-01,-2.377664e-01,-2.306726e-01,3.713e-13,3.507e-15,2.811e-01
0.4,1.6,0.2876254633,-2.437317e-01,-2.437317e-01,-2.358456e-01,3.606e-13,9.605e-15,2.874e-01
0.4,1.6,0.2956401311,-2.496027e-01,-2.496027e-01,-2.408741e-01,3.501e-13,2.559e-14,2.936e-01
0.4,1.6,0.3038781273,-2.553704e-01,-2.553704e-01,-2.457506e-01,3.398e-13,6.635e-14,2.995e-01
0.4,1.6,0.3123456747,-2.610251e-01,-2.610251e-01,-2.504679e-01,3.299e-13,1.676e-13,3.053e-01
0.4,1.6,0.3210491698,-2.665575e-01,-2.665575e-01,-2.550195e-01,3.201e-13,4.125e-13,3.108e-01
0.4,1.6,0.3299951874,-2.719577e-01,-2.719577e-01,-2.593993e-01,3.106e-13,9.904e-13,3.161e-01
0.4,1.6,0.3391904853,-2.772159e-01,-2.772159e-01,-2.636020e-01,3.014e-13,2.321e-12,3.213e-01
0.4,1.6,0.3486420097,-2.823219e-01,-2.823219e-01,-2.676225e-01,2.923e-13,5.313e-12,3.262e-01
0.4,1.6,0.3583569002,-2.872655e-01,-2.872655e-01,-2.714564e-01,2.835e-13,1.189e-11,3.308e-01
0.4,1.6,0.3683424957,-2.920362e-01,-2.920362e-01,-2.750999e-01,2.749e-13,2.600e-11,3.353e-01
0.4,1.6,0.3786063392,-2.966235e-01,-2.966235e-01,-2.785494e-01,2.666e-13,5.566e-11,3.395e-01
0.4,1.6,0.3891561842,-3.010167e-01,-3.010167e-01,-2.818022e-01,2.584e-13,1.167e-10,3.435e-01
0.4,1.6,0.4,-3.052051e-01,-3.052051e-01,-2.848558e-01,2.505e-13,2.395e-10,3.472e-01
0.4,2.0,0.0025,8.526513e-14,-1.088400e-45,-1.088400e-45,4.310e-11,0.000e+00,1.361e-45
0.4,2.0,0.002559099,5.684342e-14,-1.241465e-44,-1.241465e-44,4.210e-11,0.000e+00,1.552e-44
0.4,2.0,0.002619595078,5.684342e-14,-1.338287e-43,-1.338287e-43,4.113e-11,0.000e+00,1.673e-43
0.4,2.0,0.002681521258,4.263256e-14,-1.365212e-42,-1.365212e-42,4.017e-11,0.000e+00,1.707e-42
0.4,2.0,0.002744911348,2.842171e-14,-1.319592e-41,-1.319592e-41,3.924e-11,0.000e+00,1.650e-41
0.4,2.0,0.002809799955,2.842171e-14,-1.210067e-40,-1.210067e-40,3.834e-11,0.000e+00,1.513e-40
0.4,2.0,0.002876222502,1.421085e-14,-1.053990e-39,-1.053990e-39,3.745e-11,0.000e+00,1.318e-39
0.4,2.0,0.002944215252,2.842171e-14,-8.730471e-39,-8.730471e-39,3.658e-11,0.000e+00,1.092e-38
0.4,2.0,0.003013815324,2.842171e-14,-6.885201e-38,-6.885201e-38,3.574e-11,0.000e+00,8.608e-38
0.4,2.0,0.003085060713,5.684342e-14,-5.175661e-37,-5.175661e-37,3.491e-11,0.000e+00,6.471e-37
0.4,2.0,0.003157990315,1.421085e-14,-3.712499e-36,-3.712499e-36,3.411e-11,0.000e+00,4.642e-36
0.4,2.0,0.003232643943,2.842171e-14,-2.543830e-35,-2.543830e-35,3.332e-11,0.000e+00,3.180e-35
0.4,2.0,0.003309062353,2.842171e-14,-1.666825e-34,-1.666825e-34,3.255e-11,0.000e+00,2.084e-34
0.4,2.0,0.003387287264,1.421085e-14,-1.045492e-33,-1.045492e-33,3.179e-11,0.000e+00,1.307e-33
0.4,2.0,0.003467361381,4.263256e-14,-6.283739e-33,-6.283739e-33,3.106e-11,0.000e+00,7.856e-33
0.4,2.0,0.003549328418,2.842171e-14,-3.622517e-32,-3.622517e-32,3.034e-11,0.000e+00,4.529e-32
0.4,2.0,0.003633233122,2.842171e-14,-2.005006e-31,-2.005006e-31,2.964e-11,0.000e+00,2.507e-31
0.4,2.0,0.003719121301,4.263256e-14,-1.066454e-30,-1.066454e-30,2.895e-11,0.000e+00,1.333e-30
0.4,2.0,0.003807039841,1.421085e-14,-5.456188e-30,-5.456188e-30,2.828e-11,0.000e+00,6.822e-30
0.4,2.0,0.003897036741,5.684342e-14,-2.687488e-29,-2.687488e-29,2.763e-11,0.000e+00,3.360e-29
0.4,2.0,0.003989161131,2.842171e-14,-1.275542e-28,-1.275542e-28,2.699e-11,0.000e+00,1.595e-28
0.4,2.0,0.004083463305,2.842171e-14,-5.838563e-28,-5.838563e-28,2.637e-11,0.000e+00,7.300e-28
0.4,2.0,0.004179994745,2.842171e-14,-2.579548e-27,-2.579548e-27,2.576e-11,0.000e+00,3.225e-27
0.4,2.0,0.00427880815,2.842171e-14,-1.100937e-26,-1.100937e-26,2.516e-11,0.000e+00,1.376e-26
0.4,2.0,0.004379957463,1.421085e-14,-4.542657e-26,-4.542657e-26,2.458e-11,0.000e+00,5.680e-26
0.4,2.0,0.004483497907,2.842171e-14,-1.813528e-25,-1.813528e-25,2.401e-11,0.000e+00,2.267e-25
0.4,2.0,0.004589486004,4.263256e-14,-7.010303e-25,-7.010303e-25,2.346e-11,0.000e+00,8.765e-25
0.4,2.0,0.004697979618,2.842171e-14,-2.625854e-24,-2.625854e-24,2.291e-11,0.000e+00,3.283e-24
0.4,2.0,0.004809037978,4.263256e-14,-9.537658e-24,-9.537658e-24,2.239e-11,0.000e+00,1.192e-23
0.4,2.0,0.004922721713,2.842171e-14,-3.361698e-23,-3.361698e-23,2.187e-11,0.000e+00,4.203e-23
0.4,2.0,0.005039092886,4.263256e-14,-1.150596e-22,-1.150596e-22,2.136e-11,0.000e+00,1.439e-22
0.4,2.0,0.005158215027,4.263256e-14,-3.826742e-22,-3.826742e-22,2.087e-11,0.000e+00,4.784e-22
0.4,2.0,0.005280153168,2.131628e-14,-1.237556e-21,-1.237556e-21,2.039e-11,0.000e+00,1.547e-21
0.4,2.0,0.005404973878,2.842171e-14,-3.894134e-21,-3.894134e-21,1.992e-11,0.000e+00,4.869e-21
0.4,2.0,0.005532745299,2.131628e-14,-1.193005e-20,-1.193005e-20,1.946e-11,0.000e+00,1.492e-20
0.4,2.0,0.005663537186,3.552714e-14,-3.560629e-20,-3.560629e-20,1.901e-11,0.000e+00,4.452e-20
0.4,2.0,0.00579742094,3.552714e-14,-1.035921e-19,-1.035921e-19,1.857e-11,0.000e+00,1.295e-19
0.4,2.0,0.005934469654,3.552714e-14,-2.939665e-19,-2.939665e-19,1.814e-11,0.000e+00,3.675e-19
0.4,2.0,0.006074758143,2.842171e-14,-8.141238e-19,-8.141238e-19,1.772e-11,0.000e+00,1.018e-18
0.4,2.0,0.006218362997,2.131628e-14,-2.201652e-18,-2.201652e-18,1.731e-11,0.000e+00,2.753e-18
0.4,2.0,0.006365362612,3.552714e-14,-5.817163e-18,-5.817163e-18,1.691e-11,0.000e+00,7.273e-18
0.4,2.0,0.006515837239,3.552714e-14,-1.502489e-17,-1.502489e-17,1.652e-11,0.000e+00,1.879e-17
0.4,2.0,0.006669869026,3.552714e-14,-3.795564e-17,-3.795564e-17,1.614e-11,0.000e+00,4.745e-17
0.4,2.0,0.006827542063,1.421085e-14,-9.382727e-17,-9.382727e-17,1.577e-11,0.000e+00,1.173e-16
0.4,2.0,0.006988942427,2.842171e-14,-2.270842e-16,-2.270842e-16,1.540e-11,0.000e+00,2.839e-16
0.4,2.0,0.007154158232,2.842171e-14,-5.383466e-16,-5.383466e-16,1.505e-11,0.000e+00,6.731e-16
0.4,2.0,0.007323279672,2.842171e-14,-1.250725e-15,-1.250725e-15,1.470e-11,0.000e+00,1.564e-15
0.4,2.0,0.007496399075,2.842171e-14,-2.848978e-15,-2.848978e-15,1.436e-11,0.000e+00,3.562e-15
0.4,2.0,0.007673610952,7.105427e-15,-6.365633e-15,-6.365633e-15,1.403e-11,0.000e+00,7.959e-15
0.4,2.0,0.007855012047,2.131628e-14,-1.395767e-14,-1.395767e-14,1.370e-11,0.000e+00,1.745e-14
0.4,2.0,0.008040701391,-1.421085e-14,-3.004636e-14,-3.004636e-14,1.339e-11,0.000e+00,3.757e-14
0.4,2.0,0.008230780357,-4.263256e-14,-6.352767e-14,-6.352767e-14,1.308e-11,0.000e+00,7.943e-14
0.4,2.0,0.008425352714,-9.947598e-14,-1.319795e-13,-1.319795e-13,1.278e-11,0.000e+00,1.650e-13
0.4,2.0,0.008624524683,-2.486900e-13,-2.695248e-13,-2.695248e-13,1.248e-11,0.000e+00,3.370e-13
0.4,2.0,0.008828404998,-5.186962e-13,-5.412670e-13,-5.412670e-13,1.219e-11,0.000e+00,6.767e-13
0.4,2.0,0.009037104963,-1.044498e-12,-1.069333e-12,-1.069333e-12,1.191e-11,0.000e+00,1.337e-12
0.4,2.0,0.009250738511,-2.060574e-12,-2.079063e-12,-2.079063e-12,1.164e-11,0.000e+00,2.599e-12
0.4,2.0,0.00946942227,-3.950618e-12,-3.979564e-12,-3.979564e-12,1.137e-11,0.000e+00,4.975e-12
0.4,2.0,0.009693275626,-7.482015e-12,-7.501937e-12,-7.501937e-12,1.111e-11,0.000e+00,9.379e-12
0.4,2.0,0.009922420787,-1.391243e-11,-1.393267e-11,-1.393267e-11,1.085e-11,0.000e+00,1.742e-11
0.4,2.0,0.01015698285,-2.548006e-11,-2.550164e-11,-2.550164e-11,1.060e-11,0.000e+00,3.188e-11
0.4,2.0,0.01039708986,-4.600054e-11,-4.601725e-11,-4.601725e-11,1.036e-11,0.000e+00,5.753e-11
0.4,2.0,0.01064287291,-8.186873e-11,-8.189072e-11,-8.189072e-11,1.012e-11,0.000e+00,1.024e-10
0.4,2.0,0.01089446617,-1.437428e-10,-1.437638e-10,-1.437638e-10,9.886e-12,0.000e+00,1.797e-10
0.4,2.0,0.01115200699,-2.490381e-10,-2.490586e-10,-2.490586e-10,9.658e-12,0.000e+00,3.114e-10
0.4,2.0,0.01141563598,-4.259029e-10,-4.259159e-10,-4.259159e-10,9.435e-12,0.000e+00,5.325e-10
0.4,2.0,0.01168549705,-7.191758e-10,-7.191942e-10,-7.191942e-10,9.218e-12,0.000e+00,8.992e-10
0.4,2.0,0.01196173753,-1.199471e-09,-1.199487e-09,-1.199487e-09,9.006e-12,0.000e+00,1.500e-09
0.4,2.0,0.01224450822,-1.976481e-09,-1.976498e-09,-1.976498e-09,8.798e-12,0.000e+00,2.471e-09
0.4,2.0,0.0125339635,-3.218602e-09,-3.218618e-09,-3.218618e-09,8.595e-12,0.000e+00,4.024e-09
0.4,2.0,0.01283026138,-5.181221e-09,-5.181233e-09,-5.181233e-09,8.397e-12,0.000e+00,6.478e-09
0.4,2.0,0.01313356363,-8.247117e-09,-8.247140e-09,-8.247140e-09,8.204e-12,0.000e+00,1.031e-08
0.4,2.0,0.01344403582,-1.298351e-08,-1.298353e-08,-1.298353e-08,8.015e-12,0.000e+00,1.623e-08
0.4,2.0,0.01376184746,-2.022143e-08,-2.022145e-08,-2.022145e-08,7.830e-12,0.000e+00,2.528e-08
0.4,2.0,0.01408717203,-3.116511e-08,-3.116514e-08,-3.116514e-08,7.650e-12,0.000e+00,3.896e-08
0.4,2.0,0.01442018714,-4.754103e-08,-4.754105e-08,-4.754105e-08,7.474e-12,3.494e-316,5.944e-08
0.4,2.0,0.0147610746,-7.179830e-08,-7.179831e-08,-7.179831e-08,7.302e-12,7.667e-309,8.977e-08
0.4,2.0,0.0151100205,-1.073757e-07,-1.073757e-07,-1.073757e-07,7.134e-12,1.138e-301,1.342e-07
0.4,2.0,0.01546721534,-1.590531e-07,-1.590531e-07,-1.590531e-07,6.969e-12,1.154e-294,1.989e-07
0.4,2.0,0.01583285413,-2.334097e-07,-2.334097e-07,-2.334097e-07,6.809e-12,8.055e-288,2.918e-07
0.4,2.0,0.01620713647,-3.394139e-07,-3.394140e-07,-3.394140e-07,6.652e-12,3.907e-281,4.244e-07
0.4,2.0,0.0165902667,-4.891771e-07,-4.891771e-07,-4.891771e-07,6.499e-12,1.328e-274,6.116e-07
0.4,2.0,0.01698245397,-6.989041e-07,-6.989041e-07,-6.989041e-07,6.349e-12,3.187e-268,8.738e-07
0.4,2.0,0.01738391239,-9.900829e-07,-9.900829e-07,-9.900829e-07,6.203e-12,5.449e-262,1.238e-06
0.4,2.0,0.01779486113,-1.390956e-06,-1.390956e-06,-1.390956e-06,6.060e-12,6.685e-256,1.739e-06
0.4,2.0,0.01821552453,-1.938323e-06,-1.938323e-06,-1.938323e-06,5.921e-12,5.932e-250,2.423e-06
0.4,2.0,0.01864613225,-2.679734e-06,-2.679734e-06,-2.679734e-06,5.785e-12,3.835e-244,3.350e-06
0.4,2.0,0.01908691936,-3.676117e-06,-3.676117e-06,-3.676117e-06,5.652e-12,1.820e-238,4.596e-06
0.4,2.0,0.0195381265,-5.004917e-06,-5.004917e-06,-5.004917e-06,5.521e-12,6.384e-233,6.257e-06
0.4,2.0,0.02,-6.763792e-06,-6.763792e-06,-6.763792e-06,5.394e-12,1.667e-227,8.456e-06
0.4,2.0,0.02055729891,-9.550571e-06,-9.550571e-06,-9.550571e-06,5.249e-12,2.716e-221,1.194e-05
0.4,2.0,0.02113012692,-1.335492e-05,-1.335492e-05,-1.335492e-05,5.107e-12,3.000e-215,1.670e-05
0.4,2.0,0.02171891675,-1.849867e-05,-1.849867e-05,-1.849867e-05,4.969e-12,2.272e-209,2.313e-05
0.4,2.0,0.02232411318,-2.538858e-05,-2.538858e-05,-2.538858e-05,4.835e-12,1.192e-203,3.174e-05
0.4,2.0,0.02294617338,-3.453373e-05,-3.453373e-05,-3.453373e-05,4.704e-12,4.373e-198,4.318e-05
0.4,2.0,0.02358556724,-4.656516e-05,-4.656516e-05,-4.656516e-05,4.577e-12,1.133e-192,5.822e-05
0.4,2.0,0.02424277779,-6.225780e-05,-6.225780e-05,-6.225780e-05,4.454e-12,2.093e-187,7.784e-05
0.4,2.0,0.02491830147,-8.255461e-05,-8.255461e-05,-8.255461e-05,4.333e-12,2.783e-182,1.032e-04
0.4,2.0,0.02561264858,-1.085928e-04,-1.085928e-04,-1.085928e-04,4.216e-12,2.686e-177,1.358e-04
0.4,2.0,0.02632634363,-1.417316e-04,-1.417316e-04,-1.417316e-04,4.102e-12,1.898e-172,1.772e-04
0.4,2.0,0.02705992576,-1.835824e-04,-1.835824e-04,-1.835824e-04,3.992e-12,9.908e-168,2.295e-04
0.4,2.0,0.02781394911,-2.360386e-04,-2.360386e-04,-2.360386e-04,3.884e-12,3.851e-163,2.951e-04
0.4,2.0,0.02858898329,-3.013072e-04,-3.013072e-04,-3.013072e-04,3.779e-12,1.124e-158,3.767e-04
0.4,2.0,0.02938561374,-3.819402e-04,-3.819402e-04,-3.819402e-04,3.677e-12,2.480e-154,4.775e-04
0.4,2.0,0.03020444227,-4.808645e-04,-4.808645e-04,-4.808645e-04,3.578e-12,4.171e-150,6.012e-04
0.4,2.0,0.0310460874,-6.014115e-04,-6.014115e-04,-6.014115e-04,3.481e-12,5.388e-146,7.519e-04
0.4,2.0,0.03191118493,-7.473436e-04,-7.473436e-04,-7.473436e-04,3.387e-12,5.382e-142,9.344e-04
0.4,2.0,0.03280038836,-9.228777e-04,-9.228777e-04,-9.228777e-04,3.295e-12,4.187e-138,1.154e-03
0.4,2.0,0.03371436939,-1.132705e-03,-1.132705e-03,-1.132705e-03,3.206e-12,2.554e-134,1.416e-03
0.4,2.0,0.03465381845,-1.382008e-03,-1.382008e-03,-1.382008e-03,3.119e-12,1.229e-130,1.728e-03
0.4,2.0,0.03561944521,-1.676466e-03,-1.676466e-03,-1.676466e-03,3.035e-12,4.701e-127,2.096e-03
0.4,2.0,0.0366119791,-2.022261e-03,-2.022261e-03,-2.022261e-03,2.953e-12,1.437e-123,2.528e-03
0.4,2.0,0.0376321699,-2.426074e-03,-2.426074e-03,-2.426074e-03,2.873e-12,3.531e-120,3.033e-03
0.4,2.0,0.03868078826,-2.895074e-03,-2.895074e-03,-2.895074e-03,2.795e-12,7.021e-117,3.620e-03
0.4,2.0,0.03975862631,-3.436896e-03,-3.436896e-03,-3.436896e-03,2.719e-12,1.136e-113,4.297e-03
0.4,2.0,0.04086649826,-4.059617e-03,-4.059617e-03,-4.059617e-03,2.645e-12,1.503e-110,5.076e-03
0.4,2.0,0.04200524101,-4.771718e-03,-4.771718e-03,-4.771718e-03,2.573e-12,1.637e-107,5.966e-03
0.4,2.0,0.04317571475,-5.582041e-03,-5.582041e-03,-5.582041e-03,2.503e-12,1.474e-104,6.979e-03
0.4,2.0,0.04437880369,-6.499739e-03,-6.499739e-03,-6.499739e-03,2.435e-12,1.103e-101,8.126e-03
0.4,2.0,0.04561541663,-7.534212e-03,-7.534212e-03,-7.534212e-03,2.369e-12,6.897e-99,9.420e-03
0.4,2.0,0.04688648772,-8.695042e-03,-8.695042e-03,-8.695042e-03,2.304e-12,3.621e-96,1.087e-02
0.4,2.0,0.04819297714,-9.991923e-03,-9.991923e-03,-9.991922e-03,2.241e-12,1.603e-93,1.249e-02
0.4,2.0,0.04953587182,-1.143458e-02,-1.143458e-02,-1.143457e-02,2.180e-12,6.016e-91,1.430e-02
0.4,2.0,0.05091618618,-1.303267e-02,-1.303267e-02,-1.303267e-02,2.120e-12,1.922e-88,1.629e-02
0.4,2.0,0.05233496293,-1.479573e-02,-1.479573e-02,-1.479573e-02,2.062e-12,5.247e-86,1.850e-02
0.4,2.0,0.05379327381,-1.673307e-02,-1.673307e-02,-1.673306e-02,2.005e-12,1.230e-83,2.092e-02
0.4,2.0,0.05529222045,-1.885365e-02,-1.885365e-02,-1.885364e-02,1.949e-12,2.487e-81,2.357e-02
0.4,2.0,0.05683293515,-2.116605e-02,-2.116605e-02,-2.116604e-02,1.896e-12,4.351e-79,2.646e-02
0.4,2.0,0.05841658179,-2.367834e-02,-2.367834e-02,-2.367831e-02,1.843e-12,6.616e-77,2.960e-02
0.4,2.0,0.06004435665,-2.639798e-02,-2.639798e-02,-2.639795e-02,1.792e-12,8.775e-75,3.300e-02
0.4,2.0,0.06171748937,-2.933181e-02,-2.933181e-02,-2.933175e-02,1.742e-12,1.019e-72,3.667e-02
0.4,2.0,0.06343724384,-3.248587e-02,-3.248587e-02,-3.248578e-02,1.694e-12,1.040e-70,4.062e-02
0.4,2.0,0.06520491918,-3.586541e-02,-3.586541e-02,-3.586527e-02,1.646e-12,9.358e-69,4.484e-02
0.4,2.0,0.06702185069,-3.947478e-02,-3.947478e-02,-3.947456e-02,1.600e-12,7.451e-67,4.935e-02
0.4,2.0,0.0688894109,-4.331740e-02,-4.331740e-02,-4.331707e-02,1.556e-12,5.266e-65,5.416e-02
0.4,2.0,0.07080901057,-4.739568e-02,-4.739568e-02,-4.739518e-02,1.512e-12,3.315e-63,5.926e-02
0.4,2.0,0.07278209978,-5.171101e-02,-5.171101e-02,-5.171026e-02,1.470e-12,1.865e-61,6.465e-02
0.4,2.0,0.07481016902,-5.626372e-02,-5.626372e-02,-5.626260e-02,1.428e-12,9.398e-60,7.034e-02
0.4,2.0,0.0768947503,-6.105303e-02,-6.105303e-02,-6.105140e-02,1.388e-12,4.257e-58,7.633e-02
0.4,2.0,0.07903741831,-6.607712e-02,-6.607712e-02,-6.607474e-02,1.349e-12,1.739e-56,8.261e-02
0.4,2.0,0.08123979166,-7.133301e-02,-7.133301e-02,-7.132960e-02,1.311e-12,6.418e-55,8.918e-02
0.4,2.0,0.08350353402,-7.681670e-02,-7.681670e-02,-7.681185e-02,1.274e-12,2.147e-53,9.603e-02
0.4,2.0,0.08583035543,-8.252308e-02,-8.252308e-02,-8.251626e-02,1.238e-12,6.530e-52,1.032e-01
0.4,2.0,0.0882220136,-8.844606e-02,-8.844606e-02,-8.843655e-02,1.203e-12,1.810e-50,1.106e-01
0.4,2.0,0.09068031519,-9.457851e-02,-9.457851e-02,-9.456538e-02,1.169e-12,4.581e-49,1.182e-01
0.4,2.0,0.09320711722,-1.009124e-01,-1.009124e-01,-1.008944e-01,1.135e-12,1.062e-47,1.261e-01
0.4,2.0,0.09580432845,-1.074388e-01,-1.074388e-01,-1.074144e-01,1.103e-12,2.260e-46,1.343e-01
0.4,2.0,0.09847391083,-1.141480e-01,-1.141480e-01,-1.141152e-01,1.072e-12,4.424e-45,1.427e-01
0.4,2.0,0.101217881,-1.210294e-01,-1.210294e-01,-1.209857e-01,1.042e-12,7.988e-44,1.513e-01
0.4,2.0,0.1040383117,-1.280720e-01,-1.280720e-01,-1.280143e-01,1.012e-12,1.333e-42,1.601e-01
0.4,2.0,0.1069373336,-1.352641e-01,-1.352641e-01,-1.351883e-01,9.837e-13,2.060e-41,1.690e-01
0.4,2.0,0.1099171365,-1.425934e-01,-1.425934e-01,-1.424947e-01,9.560e-13,2.954e-40,1.782e-01
0.4,2.0,0.1129799716,-1.500473e-01,-1.500473e-01,-1.499198e-01,9.291e-13,3.940e-39,1.874e-01
0.4,2.0,0.1161281523,-1.576130e-01,-1.576130e-01,-1.574495e-01,9.030e-13,4.897e-38,1.969e-01
0.4,2.0,0.1193640569,-1.652774e-01,-1.652774e-01,-1.650692e-01,8.777e-13,5.681e-37,2.064e-01
0.4,2.0,0.1226901298,-1.730273e-01,-1.730273e-01,-1.727640e-01,8.532e-13,6.165e-36,2.160e-01
0.4,2.0,0.1261088836,-1.808494e-01,-1.808494e-01,-1.805188e-01,8.295e-13,6.269e-35,2.257e-01
0.4,2.0,0.1296229008,-1.887307e-01,-1.887307e-01,-1.883182e-01,8.064e-13,5.984e-34,2.354e-01
0.4,2.0,0.1332348358,-1.966582e-01,-1.966582e-01,-1.961470e-01,7.841e-13,5.370e-33,2.452e-01
0.4,2.0,0.1369474172,-2.046193e-01,-2.046193e-01,-2.039895e-01,7.625e-13,4.539e-32,2.550e-01
0.4,2.0,0.1407634495,-2.126016e-01,-2.126016e-01,-2.118306e-01,7.415e-13,3.620e-31,2.648e-01
0.4,2.0,0.1446858154,-2.205931e-01,-2.205931e-01,-2.196549e-01,7.212e-13,2.727e-30,2.746e-01
0.4,2.0,0.1487174777,-2.285823e-01,-2.285823e-01,-2.274473e-01,7.015e-13,1.945e-29,2.844e-01
0.4,2.0,0.1528614821,-2.365585e-01,-2.365585e-01,-2.351930e-01,6.825e-13,1.314e-28,2.941e-01
0.4,2.0,0.157120959,-2.445110e-01,-2.445110e-01,-2.428774e-01,6.640e-13,8.428e-28,3.037e-01
0.4,2.0,0.1614991259,-2.524303e-01,-2.524303e-01,-2.504865e-01,6.460e-13,5.137e-27,3.132e-01
0.4,2.0,0.1659992902,-2.603070e-01,-2.603070e-01,-2.580063e-01,6.287e-13,2.981e-26,3.226e-01
0.4,2.0,0.1706248514,-2.681327e-01,-2.681327e-01,-2.654235e-01,6.118e-13,1.648e-25,3.318e-01
0.4,2.0,0.1753793036,-2.758996e-01,-2.758996e-01,-2.727252e-01,5.954e-13,8.697e-25,3.410e-01
0.4,2.0,0.1802662383,-2.836004e-01,-2.836004e-01,-2.798991e-01,5.796e-13,4.385e-24,3.499e-01
0.4,2.0,0.1852893472,-2.912284e-01,-2.912284e-01,-2.869335e-01,5.642e-13,2.115e-23,3.587e-01
0.4,2.0,0.1904524247,-2.987776e-01,-2.987776e-01,-2.938170e-01,5.492e-13,9.770e-23,3.673e-01
0.4,2.0,0.1957593711,-3.062424e-01,-3.062424e-01,-3.005390e-01,5.347e-13,4.328e-22,3.758e-01
0.4,2.0,0.2012141953,-3.136179e-01,-3.136179e-01,-3.070895e-01,5.205e-13,1.841e-21,3.839e-01
0.4,2.0,0.2068210179,-3.208994e-01,-3.208994e-01,-3.134591e-01,5.068e-13,7.524e-21,3.919e-01
0.4,2.0,0.2125840742,-3.280827e-01,-3.280827e-01,-3.196390e-01,4.934e-13,2.959e-20,3.996e-01
0.4,2.0,0.2185077179,-3.351639e-01,-3.351639e-01,-3.256212e-01,4.804e-13,1.121e-19,4.071e-01
0.4,2.0,0.2245964235,-3.421392e-01,-3.421392e-01,-3.313982e-01,4.678e-13,4.093e-19,4.143e-01
0.4,2.0,0.2308547906,-3.490050e-01,-3.490050e-01,-3.369632e-01,4.554e-13,1.442e-18,4.213e-01
0.4,2.0,0.2372875467,-3.557579e-01,-3.557579e-01,-3.423100e-01,4.434e-13,4.910e-18,4.280e-01
0.4,2.0,0.2438995512,-3.623942e-01,-3.623942e-01,-3.474330e-01,4.317e-13,1.616e-17,4.344e-01
0.4,2.0,0.2506957989,-3.689105e-01,-3.689105e-01,-3.523274e-01,4.203e-13,5.148e-17,4.405e-01
0.4,2.0,0.2576814237,-3.753029e-01,-3.753029e-01,-3.569889e-01,4.092e-13,1.588e-16,4.463e-01
0.4,2.0,0.2648617025,-3.815675e-01,-3.815675e-01,-3.614139e-01,3.983e-13,4.752e-16,4.519e-01
0.4,2.0,0.2722420593,-3.877000e-01,-3.877000e-01,-3.655992e-01,3.877e-13,1.379e-15,4.571e-01
0.4,2.0,0.2798280694,-3.936956e-01,-3.936956e-01,-3.695424e-01,3.774e-13,3.887e-15,4.620e-01
0.4,2.0,0.2876254633,-3.995496e-01,-3.995496e-01,-3.732414e-01,3.673e-13,1.065e-14,4.666e-01
0.4,2.0,0.2956401311,-4.052563e-01,-4.052563e-01,-3.766950e-01,3.575e-13,2.836e-14,4.710e-01
0.4,2.0,0.3038781273,-4.108100e-01,-4.108100e-01,-3.799022e-01,3.479e-13,7.353e-14,4.750e-01
0.4,2.0,0.3123456747,-4.162043e-01,-4.162043e-01,-3.828627e-01,3.385e-13,1.857e-13,4.787e-01
0.4,2.0,0.3210491698,-4.214325e-01,-4.214325e-01,-3.855764e-01,3.294e-13,4.572e-13,4.821e-01
0.4,2.0,0.3299951874,-4.264873e-01,-4.264873e-01,-3.880441e-01,3.205e-13,1.098e-12,4.852e-01
0.4,2.0,0.3391904853,-4.313610e-01,-4.313610e-01,-3.902665e-01,3.118e-13,2.573e-12,4.879e-01
0.4,2.0,0.3486420097,-4.360456e-01,-4.360456e-01,-3.922452e-01,3.034e-13,5.889e-12,4.904e-01
0.4,2.0,0.3583569002,-4.405327e-01,-4.405327e-01,-3.939819e-01,2.951e-13,1.317e-11,4.926e-01
0.4,2.0,0.3683424957,-4.448136e-01,-4.448136e-01,-3.954787e-01,2.871e-13,2.882e-11,4.945e-01
0.4,2.0,0.3786063392,-4.488792e-01,-4.488792e-01,-3.967381e-01,2.793e-13,6.169e-11,4.960e-01
0.4,2.0,0.3891561842,-4.527206e-01,-4.527206e-01,-3.977628e-01,2.716e-13,1.293e-10,4.973e-01
0.4,2.0,0.4,-4.563283e-01,-4.563283e-01,-3.985560e-01,2.642e-13,2.655e-10,4.983e-01
0.4,2.4,0.0025,2.842171e-14,-9.683317e-31,-9.683317e-31,4.314e-11,0.000e+00,1.270e-30
0.4,2.4,0.002559099,2.842171e-14,-4.989752e-30,-4.989752e-30,4.215e-11,0.000e+00,6.543e-30
0.4,2.4,0.002619595078,2.842171e-14,-2.474983e-29,-2.474983e-29,4.117e-11,0.000e+00,3.246e-29
0.4,2.4,0.002681521258,1.421085e-14,-1.182733e-28,-1.182733e-28,4.022e-11,0.000e+00,1.551e-28
0.4,2.4,0.002744911348,2.842171e-14,-5.449990e-28,-5.449990e-28,3.929e-11,0.000e+00,7.147e-28
0.4,2.4,0.002809799955,-1.421085e-14,-2.423619e-27,-2.423619e-27,3.838e-11,0.000e+00,3.178e-27
0.4,2.4,0.002876222502,4.263256e-14,-1.040997e-26,-1.040997e-26,3.750e-11,0.000e+00,1.365e-26
0.4,2.4,0.002944215252,0.000000e+00,-4.322139e-26,-4.322139e-26,3.663e-11,0.000e+00,5.668e-26
0.4,2.4,0.003013815324,4.263256e-14,-1.736013e-25,-1.736013e-25,3.578e-11,0.000e+00,2.276e-25
0.4,2.4,0.003085060713,1.421085e-14,-6.750635e-25,-6.750635e-25,3.496e-11,0.000e+00,8.852e-25
0.4,2.4,0.003157990315,0.000000e+00,-2.543304e-24,-2.543304e-24,3.415e-11,0.000e+00,3.335e-24
0.4,2.4,0.003232643943,1.421085e-14,-9.290328e-24,-9.290328e-24,3.336e-11,0.000e+00,1.218e-23
0.4,2.4,0.003309062353,2.842171e-14,-3.292707e-23,-3.292707e-23,3.259e-11,0.000e+00,4.318e-23
0.4,2.4,0.003387287264,-1.421085e-14,-1.133097e-22,-1.133097e-22,3.184e-11,0.000e+00,1.486e-22
0.4,2.4,0.003467361381,1.421085e-14,-3.788513e-22,-3.788513e-22,3.110e-11,0.000e+00,4.968e-22
0.4,2.4,0.003549328418,2.842171e-14,-1.231536e-21,-1.231536e-21,3.038e-11,0.000e+00,1.615e-21
0.4,2.4,0.003633233122,0.000000e+00,-3.894795e-21,-3.894795e-21,2.968e-11,0.000e+00,5.107e-21
0.4,2.4,0.003719121301,2.842171e-14,-1.199104e-20,-1.199104e-20,2.900e-11,0.000e+00,1.572e-20
0.4,2.4,0.003807039841,1.421085e-14,-3.596109e-20,-3.596109e-20,2.833e-11,0.000e+00,4.716e-20
0.4,2.4,0.003897036741,4.263256e-14,-1.051178e-19,-1.051178e-19,2.767e-11,0.000e+00,1.378e-19
0.4,2.4,0.003989161131,1.421085e-14,-2.996705e-19,-2.996705e-19,2.703e-11,0.000e+00,3.930e-19
0.4,2.4,0.004083463305,2.842171e-14,-8.336568e-19,-8.336568e-19,2.641e-11,0.000e+00,1.093e-18
0.4,2.4,0.004179994745,0.000000e+00,-2.264391e-18,-2.264391e-18,2.580e-11,0.000e+00,2.969e-18
0.4,2.4,0.00427880815,4.263256e-14,-6.008638e-18,-6.008638e-18,2.520e-11,0.000e+00,7.879e-18
0.4,2.4,0.004379957463,0.000000e+00,-1.558459e-17,-1.558459e-17,2.462e-11,0.000e+00,2.044e-17
0.4,2.4,0.004483497907,2.842171e-14,-3.953102e-17,-3.953102e-17,2.405e-11,0.000e+00,5.184e-17
0.4,2.4,0.004589486004,1.421085e-14,-9.811322e-17,-9.811322e-17,2.350e-11,0.000e+00,1.287e-16
0.4,2.4,0.004697979618,1.421085e-14,-2.383868e-16,-2.383868e-16,2.296e-11,0.000e+00,3.126e-16
0.4,2.4,0.004809037978,2.842171e-14,-5.673033e-16,-5.673033e-16,2.243e-11,0.000e+00,7.439e-16
0.4,2.4,0.004922721713,0.000000e+00,-1.322925e-15,-1.322925e-15,2.191e-11,0.000e+00,1.735e-15
0.4,2.4,0.005039092886,1.421085e-14,-3.024442e-15,-3.024442e-15,2.140e-11,0.000e+00,3.966e-15
0.4,2.4,0.005158215027,1.421085e-14,-6.781791e-15,-6.781791e-15,2.091e-11,0.000e+00,8.893e-15
0.4,2.4,0.005280153168,-7.105427e-15,-1.492199e-14,-1.492199e-14,2.042e-11,0.000e+00,1.957e-14
0.4,2.4,0.005404973878,-1.421085e-14,-3.223164e-14,-3.223164e-14,1.995e-11,0.000e+00,4.227e-14
0.4,2.4,0.005532745299,-4.973799e-14,-6.837482e-14,-6.837482e-14,1.949e-11,0.000e+00,8.966e-14
0.4,2.4,0.005663537186,-1.278977e-13,-1.425114e-13,-1.425114e-13,1.904e-11,0.000e+00,1.869e-13
0.4,2.4,0.00579742094,-2.913225e-13,-2.919573e-13,-2.919573e-13,1.860e-11,0.000e+00,3.829e-13
0.4,2.4,0.005934469654,-5.826450e-13,-5.881366e-13,-5.881366e-13,1.817e-11,0.000e+00,7.712e-13
0.4,2.4,0.006074758143,-1.151079e-12,-1.165454e-12,-1.165454e-12,1.775e-11,0.000e+00,1.528e-12
0.4,2.4,0.006218362997,-2.252420e-12,-2.272662e-12,-2.272662e-12,1.734e-11,0.000e+00,2.980e-12
0.4,2.4,0.006365362612,-4.348522e-12,-4.362734e-12,-4.362734e-12,1.694e-11,0.000e+00,5.721e-12
0.4,2.4,0.006515837239,-8.235190e-12,-8.247530e-12,-8.247530e-12,1.655e-11,0.000e+00,1.082e-11
0.4,2.4,0.006669869026,-1.534772e-11,-1.535976e-11,-1.535976e-11,1.617e-11,0.000e+00,2.014e-11
0.4,2.4,0.006827542063,-2.819434e-11,-2.818967e-11,-2.818967e-11,1.580e-11,0.000e+00,3.697e-11
0.4,2.4,0.006988942427,-5.100986e-11,-5.100208e-11,-5.100208e-11,1.543e-11,0.000e+00,6.688e-11
0.4,2.4,0.007154158232,-9.098500e-11,-9.099577e-11,-9.099577e-11,1.508e-11,0.000e+00,1.193e-10
0.4,2.4,0.007323279672,-1.601421e-10,-1.601511e-10,-1.601511e-10,1.473e-11,0.000e+00,2.100e-10
0.4,2.4,0.007496399075,-2.781206e-10,-2.781320e-10,-2.781320e-10,1.439e-11,0.000e+00,3.647e-10
0.4,2.4,0.007673610952,-4.767813e-10,-4.767800e-10,-4.767800e-10,1.406e-11,0.000e+00,6.252e-10
0.4,2.4,0.007855012047,-8.069705e-10,-8.069775e-10,-8.069775e-10,1.373e-11,0.000e+00,1.058e-09
0.4,2.4,0.008040701391,-1.348987e-09,-1.348990e-09,-1.348990e-09,1.341e-11,0.000e+00,1.769e-09
0.4,2.4,0.008230780357,-2.227843e-09,-2.227845e-09,-2.227845e-09,1.310e-11,0.000e+00,2.921e-09
0.4,2.4,0.008425352714,-3.635890e-09,-3.635894e-09,-3.635894e-09,1.280e-11,0.000e+00,4.768e-09
0.4,2.4,0.008624524683,-5.865516e-09,-5.865523e-09,-5.865523e-09,1.251e-11,0.000e+00,7.692e-09
0.4,2.4,0.008828404998,-9.355936e-09,-9.355946e-09,-9.355946e-09,1.222e-11,0.000e+00,1.227e-08
0.4,2.4,0.009037104963,-1.475936e-08,-1.475936e-08,-1.475936e-08,1.194e-11,0.000e+00,1.935e-08
0.4,2.4,0.009250738511,-2.303334e-08,-2.303334e-08,-2.303334e-08,1.166e-11,0.000e+00,3.020e-08
0.4,2.4,0.00946942227,-3.556840e-08,-3.556840e-08,-3.556840e-08,1.139e-11,0.000e+00,4.664e-08
0.4,2.4,0.009693275626,-5.436203e-08,-5.436202e-08,-5.436202e-08,1.113e-11,0.000e+00,7.129e-08
0.4,2.4,0.009922420787,-8.225341e-08,-8.225341e-08,-8.225341e-08,1.087e-11,0.000e+00,1.079e-07
0.4,2.4,0.01015698285,-1.232368e-07,-1.232368e-07,-1.232368e-07,1.062e-11,0.000e+00,1.616e-07
0.4,2.4,0.01039708986,-1.828746e-07,-1.828746e-07,-1.828746e-07,1.038e-11,0.000e+00,2.398e-07
0.4,2.4,0.01064287291,-2.688374e-07,-2.688374e-07,-2.688374e-07,1.014e-11,0.000e+00,3.525e-07
0.4,2.4,0.01089446617,-3.916003e-07,-3.916003e-07,-3.916003e-07,9.901e-12,0.000e+00,5.135e-07
0.4,2.4,0.01115200699,-5.653345e-07,-5.653345e-07,-5.653345e-07,9.673e-12,0.000e+00,7.413e-07
0.4,2.4,0.01141563598,-8.090344e-07,-8.090344e-07,-8.090344e-07,9.449e-12,0.000e+00,1.061e-06
0.4,2.4,0.01168549705,-1.147929e-06,-1.147929e-06,-1.147929e-06,9.231e-12,0.000e+00,1.505e-06
0.4,2.4,0.01196173753,-1.615235e-06,-1.615235e-06,-1.615235e-06,9.018e-12,0.000e+00,2.118e-06
0.4,2.4,0.01224450822,-2.254304e-06,-2.254304e-06,-2.254304e-06,8.810e-12,0.000e+00,2.956e-06
0.4,2.4,0.0125339635,-3.121240e-06,-3.121240e-06,-3.121240e-06,8.606e-12,0.000e+00,4.093e-06
0.4,2.4,0.01283026138,-4.288049e-06,-4.288049e-06,-4.288049e-06,8.407e-12,0.000e+00,5.623e-06
0.4,2.4,0.01313356363,-5.846396e-06,-5.846396e-06,-5.846396e-06,8.213e-12,0.000e+00,7.667e-06
0.4,2.4,0.01344403582,-7.912050e-06,-7.912050e-06,-7.912050e-06,8.024e-12,0.000e+00,1.038e-05
0.4,2.4,0.01376184746,-1.063008e-05,-1.063008e-05,-1.063008e-05,7.838e-12,0.000e+00,1.394e-05
0.4,2.4,0.01408717203,-1.418089e-05,-1.418089e-05,-1.418089e-05,7.657e-12,0.000e+00,1.860e-05
0.4,2.4,0.01442018714,-1.878716e-05,-1.878716e-05,-1.878716e-05,7.480e-12,3.470e-316,2.464e-05
0.4,2.4,0.0147610746,-2.472173e-05,-2.472173e-05,-2.472173e-05,7.307e-12,7.614e-309,3.242e-05
0.4,2.4,0.0151100205,-3.231652e-05,-3.231652e-05,-3.231652e-05,7.139e-12,1.130e-301,4.238e-05
0.4,2.4,0.01546721534,-4.197246e-05,-4.197246e-05,-4.197246e-05,6.974e-12,1.146e-294,5.504e-05
0.4,2.4,0.01583285413,-5.417055e-05,-5.417055e-05,-5.417055e-05,6.813e-12,8.000e-288,7.104e-05
0.4,2.4,0.01620713647,-6.948392e-05,-6.948392e-05,-6.948392e-05,6.655e-12,3.880e-281,9.112e-05
0.4,2.4,0.0165902667,-8.859095e-05,-8.859095e-05,-8.859095e-05,6.501e-12,1.319e-274,1.162e-04
0.4,2.4,0.01698245397,-1.122894e-04,-1.122894e-04,-1.122894e-04,6.351e-12,3.166e-268,1.472e-04
0.4,2.4,0.01738391239,-1.415115e-04,-1.415115e-04,-1.415115e-04,6.204e-12,5.412e-262,1.856e-04
0.4,2.4,0.01779486113,-1.773395e-04,-1.773395e-04,-1.773395e-04,6.061e-12,6.639e-256,2.326e-04
0.4,2.4,0.01821552453,-2.210225e-04,-2.210225e-04,-2.210225e-04,5.921e-12,5.891e-250,2.898e-04
0.4,2.4,0.01864613225,-2.739932e-04,-2.739932e-04,-2.739932e-04,5.784e-12,3.809e-244,3.593e-04
0.4,2.4,0.01908691936,-3.378851e-04,-3.378851e-04,-3.378851e-04,5.650e-12,1.807e-238,4.431e-04
0.4,2.4,0.0195381265,-4.145497e-04,-4.145497e-04,-4.145497e-04,5.520e-12,6.340e-233,5.436e-04
0.4,2.4,0.02,-5.060738e-04,-5.060738e-04,-5.060738e-04,5.392e-12,1.656e-227,6.636e-04
0.4,2.4,0.02055729891,-6.359389e-04,-6.359389e-04,-6.359389e-04,5.246e-12,2.697e-221,8.339e-04
0.4,2.4,0.02113012692,-7.938940e-04,-7.938940e-04,-7.938940e-04,5.103e-12,2.980e-215,1.041e-03
0.4,2.4,0.02171891675,-9.847647e-04,-9.847647e-04,-9.847647e-04,4.965e-12,2.257e-209,1.291e-03
0.4,2.4,0.02232411318,-1.213949e-03,-1.213949e-03,-1.213949e-03,4.830e-12,1.184e-203,1.592e-03
0.4,2.4,0.02294617338,-1.487441e-03,-1.487441e-03,-1.487441e-03,4.698e-12,4.343e-198,1.951e-03
0.4,2.4,0.02358556724,-1.811846e-03,-1.811846e-03,-1.811846e-03,4.571e-12,1.125e-192,2.376e-03
0.4,2.4,0.02424277779,-2.194394e-03,-2.194394e-03,-2.194394e-03,4.446e-12,2.079e-187,2.878e-03
0.4,2.4,0.02491830147,-2.642937e-03,-2.642937e-03,-2.642937e-03,4.325e-12,2.764e-182,3.466e-03
0.4,2.4,0.02561264858,-3.165945e-03,-3.165945e-03,-3.165945e-03,4.207e-12,2.667e-177,4.152e-03
0.4,2.4,0.02632634363,-3.772492e-03,-3.772492e-03,-3.772492e-03,4.093e-12,1.885e-172,4.947e-03
0.4,2.4,0.02705992576,-4.472222e-03,-4.472222e-03,-4.472222e-03,3.981e-12,9.840e-168,5.865e-03
0.4,2.4,0.02781394911,-5.275323e-03,-5.275323e-03,-5.275323e-03,3.872e-12,3.825e-163,6.918e-03
0.4,2.4,0.02858898329,-6.192472e-03,-6.192472e-03,-6.192472e-03,3.767e-12,1.116e-158,8.120e-03
0.4,2.4,0.02938561374,-7.234780e-03,-7.234780e-03,-7.234780e-03,3.664e-12,2.463e-154,9.487e-03
0.4,2.4,0.03020444227,-8.413729e-03,-8.413729e-03,-8.413729e-03,3.563e-12,4.143e-150,1.103e-02
0.4,2.4,0.0310460874,-9.741092e-03,-9.741092e-03,-9.741092e-03,3.466e-12,5.351e-146,1.277e-02
0.4,2.4,0.03191118493,-1.122885e-02,-1.122885e-02,-1.122885e-02,3.370e-12,5.345e-142,1.472e-02
0.4,2.4,0.03280038836,-1.288910e-02,-1.288910e-02,-1.288910e-02,3.278e-12,4.158e-138,1.690e-02
0.4,2.4,0.03371436939,-1.473395e-02,-1.473395e-02,-1.473395e-02,3.188e-12,2.536e-134,1.932e-02
0.4,2.4,0.03465381845,-1.677543e-02,-1.677543e-02,-1.677543e-02,3.100e-12,1.221e-130,2.200e-02
0.4,2.4,0.03561944521,-1.902537e-02,-1.902537e-02,-1.902536e-02,3.014e-12,4.669e-127,2.495e-02
0.4,2.4,0.0366119791,-2.149527e-02,-2.149527e-02,-2.149527e-02,2.931e-12,1.427e-123,2.819e-02
0.4,2.4,0.0376321699,-2.419626e-02,-2.419626e-02,-2.419625e-02,2.850e-12,3.507e-120,3.173e-02
0.4,2.4,0.03868078826,-2.713888e-02,-2.713888e-02,-2.713887e-02,2.771e-12,6.973e-117,3.559e-02
0.4,2.4,0.03975862631,-3.033308e-02,-3.033308e-02,-3.033306e-02,2.694e-12,1.128e-113,3.978e-02
0.4,2.4,0.04086649826,-3.378802e-02,-3.378802e-02,-3.378799e-02,2.619e-12,1.493e-110,4.431e-02
0.4,2.4,0.04200524101,-3.751204e-02,-3.751204e-02,-3.751199e-02,2.546e-12,1.626e-107,4.919e-02
0.4,2.4,0.04317571475,-4.151252e-02,-4.151252e-02,-4.151245e-02,2.474e-12,1.464e-104,5.444e-02
0.4,2.4,0.04437880369,-4.579582e-02,-4.579582e-02,-4.579570e-02,2.405e-12,1.096e-101,6.005e-02
0.4,2.4,0.04561541663,-5.036717e-02,-5.036717e-02,-5.036699e-02,2.338e-12,6.850e-99,6.605e-02
0.4,2.4,0.04688648772,-5.523064e-02,-5.523064e-02,-5.523036e-02,2.272e-12,3.596e-96,7.243e-02
0.4,2.4,0.04819297714,-6.038904e-02,-6.038904e-02,-6.038863e-02,2.208e-12,1.592e-93,7.919e-02
0.4,2.4,0.04953587182,-6.584391e-02,-6.584391e-02,-6.584331e-02,2.146e-12,5.975e-91,8.634e-02
0.4,2.4,0.05091618618,-7.159546e-02,-7.159546e-02,-7.159458e-02,2.085e-12,1.908e-88,9.388e-02
0.4,2.4,0.05233496293,-7.764255e-02,-7.764255e-02,-7.764128e-02,2.026e-12,5.211e-86,1.018e-01
0.4,2.4,0.05379327381,-8.398269e-02,-8.398269e-02,-8.398088e-02,1.968e-12,1.222e-83,1.101e-01
0.4,2.4,0.05529222045,-9.061202e-02,-9.061202e-02,-9.060945e-02,1.913e-12,2.470e-81,1.188e-01
0.4,2.4,0.05683293515,-9.752533e-02,-9.752533e-02,-9.752174e-02,1.858e-12,4.321e-79,1.279e-01
0.4,2.4,0.05841658179,-1.047161e-01,-1.047161e-01,-1.047111e-01,1.805e-12,6.571e-77,1.373e-01
0.4,2.4,0.06004435665,-1.121766e-01,-1.121766e-01,-1.121697e-01,1.754e-12,8.715e-75,1.471e-01
0.4,2.4,0.06171748937,-1.198976e-01,-1.198976e-01,-1.198883e-01,1.704e-12,1.012e-72,1.572e-01
0.4,2.4,0.06343724384,-1.278690e-01,-1.278690e-01,-1.278564e-01,1.655e-12,1.033e-70,1.677e-01
0.4,2.4,0.06520491918,-1.360795e-01,-1.360795e-01,-1.360626e-01,1.608e-12,9.294e-69,1.784e-01
0.4,2.4,0.06702185069,-1.445166e-01,-1.445166e-01,-1.444941e-01,1.562e-12,7.400e-67,1.895e-01
0.4,2.4,0.0688894109,-1.531670e-01,-1.531670e-01,-1.531373e-01,1.517e-12,5.230e-65,2.008e-01
0.4,2.4,0.07080901057,-1.620165e-01,-1.620165e-01,-1.619776e-01,1.474e-12,3.293e-63,2.124e-01
0.4,2.4,0.07278209978,-1.710501e-01,-1.710501e-01,-1.709995e-01,1.431e-12,1.852e-61,2.242e-01
0.4,2.4,0.07481016902,-1.802522e-01,-1.802522e-01,-1.801869e-01,1.390e-12,9.333e-60,2.363e-01
0.4,2.4,0.0768947503,-1.896065e-01,-1.896065e-01,-1.895228e-01,1.351e-12,4.228e-58,2.485e-01
0.4,2.4,0.07903741831,-1.990963e-01,-1.990963e-01,-1.989897e-01,1.312e-12,1.727e-56,2.609e-01
0.4,2.4,0.08123979166,-2.087046e-01,-2.087046e-01,-2.085698e-01,1.275e-12,6.374e-55,2.735e-01
0.4,2.4,0.08350353402,-2.184142e-01,-2.184142e-01,-2.182447e-01,1.238e-12,2.133e-53,2.862e-01
0.4,2.4,0.08583035543,-2.282076e-01,-2.282076e-01,-2.279957e-01,1.203e-12,6.486e-52,2.990e-01
0.4,2.4,0.0882220136,-2.380673e-01,-2.380673e-01,-2.378042e-01,1.169e-12,1.797e-50,3.118e-01
0.4,2.4,0.09068031519,-2.479761e-01,-2.479761e-01,-2.476511e-01,1.136e-12,4.550e-49,3.248e-01
0.4,2.4,0.09320711722,-2.579167e-01,-2.579167e-01,-2.575176e-01,1.103e-12,1.055e-47,3.377e-01
0.4,2.4,0.09580432845,-2.678724e-01,-2.678724e-01,-2.673848e-01,1.072e-12,2.244e-46,3.506e-01
0.4,2.4,0.09847391083,-2.778265e-01,-2.778265e-01,-2.772341e-01,1.042e-12,4.394e-45,3.635e-01
0.4,2.4,0.101217881,-2.877632e-01,-2.877632e-01,-2.870469e-01,1.012e-12,7.933e-44,3.764e-01
0.4,2.4,0.1040383117,-2.976669e-01,-2.976669e-01,-2.968051e-01,9.840e-13,1.324e-42,3.892e-01
0.4,2.4,0.1069373336,-3.075229e-01,-3.075229e-01,-3.064910e-01,9.564e-13,2.046e-41,4.019e-01
0.4,2.4,0.1099171365,-3.173170e-01,-3.173170e-01,-3.160871e-01,9.297e-13,2.934e-40,4.145e-01
0.4,2.4,0.1129799716,-3.270359e-01,-3.270359e-01,-3.255768e-01,9.038e-13,3.913e-39,4.269e-01
0.4,2.4,0.1161281523,-3.366672e-01,-3.366672e-01,-3.349436e-01,8.786e-13,4.863e-38,4.392e-01
0.4,2.4,0.1193640569,-3.461993e-01,-3.461993e-01,-3.441719e-01,8.543e-13,5.642e-37,4.513e-01
0.4,2.4,0.1226901298,-3.556214e-01,-3.556214e-01,-3.532466e-01,8.307e-13,6.123e-36,4.632e-01
0.4,2.4,0.1261088836,-3.649239e-01,-3.649239e-01,-3.621534e-01,8.078e-13,6.226e-35,4.749e-01
0.4,2.4,0.1296229008,-3.740979e-01,-3.740979e-01,-3.708786e-01,7.855e-13,5.943e-34,4.863e-01
0.4,2.4,0.1332348358,-3.831357e-01,-3.831357e-01,-3.794093e-01,7.640e-13,5.333e-33,4.975e-01
0.4,2.4,0.1369474172,-3.920305e-01,-3.920305e-01,-3.877332e-01,7.431e-13,4.508e-32,5.084e-01
0.4,2.4,0.1407634495,-4.007764e-01,-4.007764e-01,-3.958391e-01,7.228e-13,3.595e-31,5.191e-01
0.4,2.4,0.1446858154,-4.093687e-01,-4.093687e-01,-4.037161e-01,7.032e-13,2.709e-30,5.294e-01
0.4,2.4,0.1487174777,-4.178032e-01,-4.178032e-01,-4.113546e-01,6.841e-13,1.931e-29,5.394e-01
0.4,2.4,0.1528614821,-4.260771e-01,-4.260771e-01,-4.187454e-01,6.655e-13,1.305e-28,5.491e-01
0.4,2.4,0.157120959,-4.341880e-01,-4.341880e-01,-4.258803e-01,6.475e-13,8.370e-28,5.585e-01
0.4,2.4,0.1614991259,-4.421346e-01,-4.421346e-01,-4.327519e-01,6.299e-13,5.102e-27,5.675e-01
0.4,2.4,0.1659992902,-4.499161e-01,-4.499161e-01,-4.393534e-01,6.129e-13,2.960e-26,5.761e-01
0.4,2.4,0.1706248514,-4.575326e-01,-4.575326e-01,-4.456790e-01,5.963e-13,1.637e-25,5.844e-01
0.4,2.4,0.1753793036,-4.649845e-01,-4.649845e-01,-4.517234e-01,5.802e-13,8.637e-25,5.924e-01
0.4,2.4,0.1802662383,-4.722729e-01,-4.722729e-01,-4.574823e-01,5.645e-13,4.355e-24,5.999e-01
0.4,2.4,0.1852893472,-4.793992e-01,-4.793992e-01,-4.629518e-01,5.492e-13,2.100e-23,6.071e-01
0.4,2.4,0.1904524247,-4.863653e-01,-4.863653e-01,-4.681291e-01,5.343e-13,9.703e-23,6.139e-01
0.4,2.4,0.1957593711,-4.931731e-01,-4.931731e-01,-4.730118e-01,5.197e-13,4.299e-22,6.203e-01
0.4,2.4,0.2012141953,-4.998247e-01,-4.998247e-01,-4.775982e-01,5.056e-13,1.828e-21,6.263e-01
0.4,2.4,0.2068210179,-5.063225e-01,-5.063225e-01,-4.818872e-01,4.917e-13,7.473e-21,6.319e-01
0.4,2.4,0.2125840742,-5.126684e-01,-5.126684e-01,-4.858784e-01,4.782e-13,2.939e-20,6.371e-01
0.4,2.4,0.2185077179,-5.188644e-01,-5.188644e-01,-4.895720e-01,4.650e-13,1.113e-19,6.420e-01
0.4,2.4,0.2245964235,-5.249124e-01,-5.249124e-01,-4.929685e-01,4.522e-13,4.065e-19,6.464e-01
0.4,2.4,0.2308547906,-5.308137e-01,-5.308137e-01,-4.960691e-01,4.396e-13,1.432e-18,6.505e-01
0.4,2.4,0.2372875467,-5.365693e-01,-5.365693e-01,-4.988757e-01,4.273e-13,4.877e-18,6.542e-01
0.4,2.4,0.2438995512,-5.421799e-01,-5.421799e-01,-5.013902e-01,4.153e-13,1.605e-17,6.575e-01
0.4,2.4,0.2506957989,-5.476454e-01,-5.476454e-01,-5.036152e-01,4.035e-13,5.113e-17,6.604e-01
0.4,2.4,0.2576814237,-5.529652e-01,-5.529652e-01,-5.055538e-01,3.920e-13,1.578e-16,6.630e-01
0.4,2.4,0.2648617025,-5.581383e-01,-5.581383e-01,-5.072093e-01,3.808e-13,4.719e-16,6.651e-01
0.4,2.4,0.2722420593,-5.631626e-01,-5.631626e-01,-5.085855e-01,3.698e-13,1.370e-15,6.669e-01
0.4,2.4,0.2798280694,-5.680357e-01,-5.680357e-01,-5.096862e-01,3.590e-13,3.860e-15,6.684e-01
0.4,2.4,0.2876254633,-5.727543e-01,-5.727543e-01,-5.105160e-01,3.485e-13,1.057e-14,6.695e-01
0.4,2.4,0.2956401311,-5.773144e-01,-5.773144e-01,-5.110793e-01,3.383e-13,2.817e-14,6.702e-01
0.4,2.4,0.3038781273,-5.817115e-01,-5.817115e-01,-5.113810e-01,3.282e-13,7.303e-14,6.706e-01
0.4,2.4,0.3123456747,-5.859402e-01,-5.859402e-01,-5.114263e-01,3.184e-13,1.844e-13,6.707e-01
0.4,2.4,0.3210491698,-5.899946e-01,-5.899946e-01,-5.112203e-01,3.088e-13,4.540e-13,6.704e-01
0.4,2.4,0.3299951874,-5.938682e-01,-5.938682e-01,-5.107686e-01,2.994e-13,1.090e-12,6.698e-01
0.4,2.4,0.3391904853,-5.975539e-01,-5.975539e-01,-5.100767e-01,2.902e-13,2.555e-12,6.689e-01
0.4,2.4,0.3486420097,-6.010445e-01,-6.010445e-01,-5.091503e-01,2.813e-13,5.848e-12,6.677e-01
0.4,2.4,0.3583569002,-6.043318e-01,-6.043318e-01,-5.079954e-01,2.725e-13,1.308e-11,6.662e-01
0.4,2.4,0.3683424957,-6.074080e-01,-6.074080e-01,-5.066179e-01,2.640e-13,2.862e-11,6.643e-01
0.4,2.4,0.3786063392,-6.102645e-01,-6.102645e-01,-5.050237e-01,2.557e-13,6.127e-11,6.623e-01
0.4,2.4,0.3891561842,-6.128930e-01,-6.128930e-01,-5.032191e-01,2.475e-13,1.284e-10,6.599e-01
0.4,2.4,0.4,-6.152849e-01,-6.152849e-01,-5.012102e-01,2.396e-13,2.637e-10,6.573e-01
0.4,2.8,0.0025,0.000000e+00,-1.338584e-20,-1.338584e-20,4.316e-11,0.000e+00,1.874e-20
0.4,2.8,0.002559099,0.000000e+00,-4.023581e-20,-4.023581e-20,4.216e-11,0.000e+00,5.632e-20
0.4,2.8,0.002619595078,2.842171e-14,-1.178757e-19,-1.178757e-19,4.119e-11,0.000e+00,1.650e-19
0.4,2.8,0.002681521258,0.000000e+00,-3.367738e-19,-3.367738e-19,4.023e-11,0.000e+00,4.714e-19
0.4,2.8,0.002744911348,1.421085e-14,-9.388708e-19,-9.388708e-19,3.930e-11,0.000e+00,1.314e-18
0.4,2.8,0.002809799955,0.000000e+00,-2.555483e-18,-2.555483e-18,3.839e-11,0.000e+00,3.577e-18
0.4,2.8,0.002876222502,0.000000e+00,-6.794854e-18,-6.794854e-18,3.751e-11,0.000e+00,9.511e-18
0.4,2.8,0.002944215252,0.000000e+00,-1.765882e-17,-1.765882e-17,3.664e-11,0.000e+00,2.472e-17
0.4,2.8,0.003013815324,0.000000e+00,-4.487937e-17,-4.487937e-17,3.579e-11,0.000e+00,6.282e-17
0.4,2.8,0.003085060713,0.000000e+00,-1.115988e-16,-1.115988e-16,3.496e-11,0.000e+00,1.562e-16
0.4,2.8,0.003157990315,0.000000e+00,-2.716556e-16,-2.716556e-16,3.416e-11,0.000e+00,3.802e-16
0.4,2.8,0.003232643943,0.000000e+00,-6.476460e-16,-6.476460e-16,3.337e-11,0.000e+00,9.065e-16
0.4,2.8,0.003309062353,0.000000e+00,-1.512953e-15,-1.512953e-15,3.259e-11,0.000e+00,2.118e-15
0.4,2.8,0.003387287264,-1.421085e-14,-3.464863e-15,-3.464863e-15,3.184e-11,0.000e+00,4.850e-15
0.4,2.8,0.003467361381,0.000000e+00,-7.782489e-15,-7.782489e-15,3.110e-11,0.000e+00,1.089e-14
0.4,2.8,0.003549328418,0.000000e+00,-1.715211e-14,-1.715211e-14,3.039e-11,0.000e+00,2.401e-14
0.4,2.8,0.003633233122,-2.842171e-14,-3.710849e-14,-3.710849e-14,2.968e-11,0.000e+00,5.194e-14
0.4,2.8,0.003719121301,-5.684342e-14,-7.884451e-14,-7.884451e-14,2.900e-11,0.000e+00,1.104e-13
0.4,2.8,0.003807039841,-1.847411e-13,-1.645862e-13,-1.645862e-13,2.833e-11,0.000e+00,2.304e-13
0.4,2.8,0.003897036741,-2.984279e-13,-3.376888e-13,-3.376888e-13,2.767e-11,0.000e+00,4.727e-13
0.4,2.8,0.003989161131,-6.679102e-13,-6.812620e-13,-6.812620e-13,2.703e-11,0.000e+00,9.536e-13
0.4,2.8,0.004083463305,-1.350031e-12,-1.351933e-12,-1.351933e-12,2.640e-11,0.000e+00,1.892e-12
0.4,2.8,0.004179994745,-2.614797e-12,-2.640006e-12,-2.640006e-12,2.579e-11,0.000e+00,3.695e-12
0.4,2.8,0.00427880815,-5.044853e-12,-5.074868e-12,-5.074868e-12,2.520e-11,0.000e+00,7.103e-12
0.4,2.8,0.004379957463,-9.620749e-12,-9.606661e-12,-9.606661e-12,2.461e-11,0.000e+00,1.345e-11
0.4,2.8,0.004483497907,-1.787726e-11,-1.791440e-11,-1.791440e-11,2.404e-11,0.000e+00,2.508e-11
0.4,2.8,0.004589486004,-3.291234e-11,-3.292034e-11,-3.292034e-11,2.349e-11,0.000e+00,4.608e-11
0.4,2.8,0.004697979618,-5.961454e-11,-5.963566e-11,-5.963566e-11,2.295e-11,0.000e+00,8.347e-11
0.4,2.8,0.004809037978,-1.065104e-10,-1.065298e-10,-1.065298e-10,2.241e-11,0.000e+00,1.491e-10
0.4,2.8,0.004922721713,-1.877112e-10,-1.877151e-10,-1.877151e-10,2.190e-11,0.000e+00,2.628e-10
0.4,2.8,0.005039092886,-3.263807e-10,-3.263834e-10,-3.263834e-10,2.139e-11,0.000e+00,4.568e-10
0.4,2.8,0.005158215027,-5.601208e-10,-5.601334e-10,-5.601334e-10,2.089e-11,0.000e+00,7.840e-10
0.4,2.8,0.005280153168,-9.491075e-10,-9.491178e-10,-9.491178e-10,2.041e-11,0.000e+00,1.329e-09
0.4,2.8,0.005404973878,-1.588312e-09,-1.588334e-09,-1.588334e-09,1.994e-11,0.000e+00,2.223e-09
0.4,2.8,0.005532745299,-2.625917e-09,-2.625921e-09,-2.625921e-09,1.948e-11,0.000e+00,3.676e-09
0.4,2.8,0.005663537186,-4.290030e-09,-4.290039e-09,-4.290039e-09,1.903e-11,0.000e+00,6.005e-09
0.4,2.8,0.00579742094,-6.927863e-09,-6.927873e-09,-6.927873e-09,1.859e-11,0.000e+00,9.697e-09
0.4,2.8,0.005934469654,-1.106149e-08,-1.106150e-08,-1.106150e-08,1.816e-11,0.000e+00,1.548e-08
0.4,2.8,0.006074758143,-1.746695e-08,-1.746696e-08,-1.746696e-08,1.774e-11,0.000e+00,2.445e-08
0.4,2.8,0.006218362997,-2.728481e-08,-2.728482e-08,-2.728482e-08,1.733e-11,0.000e+00,3.819e-08
0.4,2.8,0.006365362612,-4.217286e-08,-4.217290e-08,-4.217290e-08,1.693e-11,0.000e+00,5.903e-08
0.4,2.8,0.006515837239,-6.451496e-08,-6.451498e-08,-6.451498e-08,1.653e-11,0.000e+00,9.030e-08
0.4,2.8,0.006669869026,-9.770257e-08,-9.770259e-08,-9.770259e-08,1.615e-11,0.000e+00,1.368e-07
0.4,2.8,0.006827542063,-1.465113e-07,-1.465113e-07,-1.465113e-07,1.578e-11,0.000e+00,2.051e-07
0.4,2.8,0.006988942427,-2.175978e-07,-2.175978e-07,-2.175978e-07,1.541e-11,0.000e+00,3.046e-07
0.4,2.8,0.007154158232,-3.201495e-07,-3.201495e-07,-3.201495e-07,1.506e-11,0.000e+00,4.481e-07
0.4,2.8,0.007323279672,-4.667242e-07,-4.667242e-07,-4.667242e-07,1.471e-11,0.000e+00,6.533e-07
0.4,2.8,0.007496399075,-6.743249e-07,-6.743249e-07,-6.743249e-07,1.437e-11,0.000e+00,9.439e-07
0.4,2.8,0.007673610952,-9.657606e-07,-9.657606e-07,-9.657606e-07,1.404e-11,0.000e+00,1.352e-06
0.4,2.8,0.007855012047,-1.371352e-06,-1.371352e-06,-1.371352e-06,1.371e-11,0.000e+00,1.920e-06
0.4,2.8,0.008040701391,-1.931052e-06,-1.931052e-06,-1.931052e-06,1.339e-11,0.000e+00,2.703e-06
0.4,2.8,0.008230780357,-2.697043e-06,-2.697043e-06,-2.697043e-06,1.308e-11,0.000e+00,3.775e-06
0.4,2.8,0.008425352714,-3.736912e-06,-3.736912e-06,-3.736912e-06,1.278e-11,0.000e+00,5.231e-06
0.4,2.8,0.008624524683,-5.137468e-06,-5.137468e-06,-5.137468e-06,1.249e-11,0.000e+00,7.191e-06
0.4,2.8,0.008828404998,-7.009302e-06,-7.009302e-06,-7.009302e-06,1.220e-11,0.000e+00,9.811e-06
0.4,2.8,0.009037104963,-9.492189e-06,-9.492189e-06,-9.492189e-06,1.192e-11,0.000e+00,1.329e-05
0.4,2.8,0.009250738511,-1.276140e-05,-1.276140e-05,-1.276140e-05,1.164e-11,0.000e+00,1.786e-05
0.4,2.8,0.00946942227,-1.703507e-05,-1.703507e-05,-1.703507e-05,1.137e-11,0.000e+00,2.384e-05
0.4,2.8,0.009693275626,-2.258262e-05,-2.258262e-05,-2.258262e-05,1.111e-11,0.000e+00,3.161e-05
0.4,2.8,0.009922420787,-2.973438e-05,-2.973438e-05,-2.973438e-05,1.085e-11,0.000e+00,4.162e-05
0.4,2.8,0.01015698285,-3.889250e-05,-3.889250e-05,-3.889250e-05,1.060e-11,0.000e+00,5.444e-05
0.4,2.8,0.01039708986,-5.054307e-05,-5.054307e-05,-5.054307e-05,1.036e-11,0.000e+00,7.075e-05
0.4,2.8,0.01064287291,-6.526960e-05,-6.526960e-05,-6.526960e-05,1.012e-11,0.000e+00,9.136e-05
0.4,2.8,0.01089446617,-8.376785e-05,-8.376785e-05,-8.376785e-05,9.882e-12,0.000e+00,1.173e-04
0.4,2.8,0.01115200699,-1.068619e-04,-1.068619e-04,-1.068619e-04,9.654e-12,0.000e+00,1.496e-04
0.4,2.8,0.01141563598,-1.355213e-04,-1.355213e-04,-1.355213e-04,9.431e-12,0.000e+00,1.897e-04
0.4,2.8,0.01168549705,-1.708799e-04,-1.708799e-04,-1.708799e-04,9.213e-12,0.000e+00,2.392e-04
0.4,2.8,0.01196173753,-2.142550e-04,-2.142550e-04,-2.142550e-04,9.000e-12,0.000e+00,2.999e-04
0.4,2.8,0.01224450822,-2.671673e-04,-2.671673e-04,-2.671673e-04,8.792e-12,0.000e+00,3.740e-04
0.4,2.8,0.0125339635,-3.313627e-04,-3.313627e-04,-3.313627e-04,8.589e-12,0.000e+00,4.638e-04
0.4,2.8,0.01283026138,-4.088326e-04,-4.088326e-04,-4.088326e-04,8.391e-12,0.000e+00,5.723e-04
0.4,2.8,0.01313356363,-5.018359e-04,-5.018359e-04,-5.018359e-04,8.197e-12,0.000e+00,7.024e-04
0.4,2.8,0.01344403582,-6.129195e-04,-6.129195e-04,-6.129195e-04,8.008e-12,0.000e+00,8.579e-04
0.4,2.8,0.01376184746,-7.449394e-04,-7.449394e-04,-7.449394e-04,7.823e-12,0.000e+00,1.043e-03
0.4,2.8,0.01408717203,-9.010797e-04,-9.010797e-04,-9.010797e-04,7.642e-12,0.000e+00,1.261e-03
0.4,2.8,0.01442018714,-1.084871e-03,-1.084871e-03,-1.084871e-03,7.466e-12,3.557e-316,1.519e-03
0.4,2.8,0.0147610746,-1.300207e-03,-1.300207e-03,-1.300207e-03,7.293e-12,7.805e-309,1.820e-03
0.4,2.8,0.0151100205,-1.551358e-03,-1.551358e-03,-1.551358e-03,7.125e-12,1.159e-301,2.171e-03
0.4,2.8,0.01546721534,-1.842983e-03,-1.842983e-03,-1.842983e-03,6.960e-12,1.175e-294,2.580e-03
0.4,2.8,0.01583285413,-2.180139e-03,-2.180139e-03,-2.180139e-03,6.799e-12,8.201e-288,3.052e-03
0.4,2.8,0.01620713647,-2.568283e-03,-2.568283e-03,-2.568283e-03,6.642e-12,3.978e-281,3.595e-03
0.4,2.8,0.0165902667,-3.013278e-03,-3.013278e-03,-3.013278e-03,6.489e-12,1.352e-274,4.218e-03
0.4,2.8,0.01698245397,-3.521388e-03,-3.521388e-03,-3.521388e-03,6.338e-12,3.245e-268,4.929e-03
0.4,2.8,0.01738391239,-4.099269e-03,-4.099269e-03,-4.099269e-03,6.192e-12,5.547e-262,5.738e-03
0.4,2.8,0.01779486113,-4.753963e-03,-4.753963e-03,-4.753963e-03,6.049e-12,6.806e-256,6.654e-03
0.4,2.8,0.01821552453,-5.492877e-03,-5.492877e-03,-5.492877e-03,5.908e-12,6.039e-250,7.689e-03
0.4,2.8,0.01864613225,-6.323764e-03,-6.323764e-03,-6.323764e-03,5.772e-12,3.904e-244,8.852e-03
0.4,2.8,0.01908691936,-7.254698e-03,-7.254698e-03,-7.254698e-03,5.638e-12,1.853e-238,1.015e-02
0.4,2.8,0.0195381265,-8.294041e-03,-8.294041e-03,-8.294041e-03,5.507e-12,6.500e-233,1.161e-02
0.4,2.8,0.02,-9.450413e-03,-9.450413e-03,-9.450413e-03,5.379e-12,1.697e-227,1.323e-02
0.4,2.8,0.02055729891,-1.097244e-02,-1.097244e-02,-1.097244e-02,5.233e-12,2.765e-221,1.536e-02
0.4,2.8,0.02113012692,-1.268329e-02,-1.268329e-02,-1.268329e-02,5.090e-12,3.055e-215,1.775e-02
0.4,2.8,0.02171891675,-1.459788e-02,-1.459788e-02,-1.459788e-02,4.951e-12,2.313e-209,2.043e-02
0.4,2.8,0.02232411318,-1.673121e-02,-1.673121e-02,-1.673120e-02,4.816e-12,1.213e-203,2.342e-02
0.4,2.8,0.02294617338,-1.909823e-02,-1.909823e-02,-1.909823e-02,4.684e-12,4.452e-198,2.673e-02
0.4,2.8,0.02358556724,-2.171380e-02,-2.171380e-02,-2.171380e-02,4.556e-12,1.154e-192,3.039e-02
0.4,2.8,0.02424277779,-2.459245e-02,-2.459245e-02,-2.459244e-02,4.431e-12,2.131e-187,3.442e-02
0.4,2.8,0.02491830147,-2.774829e-02,-2.774829e-02,-2.774828e-02,4.309e-12,2.833e-182,3.884e-02
0.4,2.8,0.02561264858,-3.119488e-02,-3.119488e-02,-3.119487e-02,4.191e-12,2.734e-177,4.366e-02
0.4,2.8,0.02632634363,-3.494509e-02,-3.494509e-02,-3.494508e-02,4.075e-12,1.933e-172,4.891e-02
0.4,2.8,0.02705992576,-3.901094e-02,-3.901094e-02,-3.901091e-02,3.963e-12,1.009e-167,5.460e-02
0.4,2.8,0.02781394911,-4.340350e-02,-4.340350e-02,-4.340345e-02,3.854e-12,3.921e-163,6.075e-02
0.4,2.8,0.02858898329,-4.813273e-02,-4.813273e-02,-4.813266e-02,3.747e-12,1.144e-158,6.737e-02
0.4,2.8,0.02938561374,-5.320744e-02,-5.320744e-02,-5.320733e-02,3.643e-12,2.525e-154,7.448e-02
0.4,2.8,0.03020444227,-5.863510e-02,-5.863510e-02,-5.863492e-02,3.542e-12,4.247e-150,8.207e-02
0.4,2.8,0.0310460874,-6.442179e-02,-6.442179e-02,-6.442152e-02,3.444e-12,5.485e-146,9.017e-02
0.4,2.8,0.03191118493,-7.057212e-02,-7.057212e-02,-7.057171e-02,3.348e-12,5.479e-142,9.878e-02
0.4,2.8,0.03280038836,-7.708915e-02,-7.708915e-02,-7.708855e-02,3.255e-12,4.262e-138,1.079e-01
0.4,2.8,0.03371436939,-8.397435e-02,-8.397435e-02,-8.397347e-02,3.164e-12,2.600e-134,1.175e-01
0.4,2.8,0.03465381845,-9.122755e-02,-9.122755e-02,-9.122627e-02,3.076e-12,1.252e-130,1.277e-01
0.4,2.8,0.03561944521,-9.884690e-02,-9.884690e-02,-9.884506e-02,2.990e-12,4.786e-127,1.384e-01
0.4,2.8,0.0366119791,-1.068289e-01,-1.068289e-01,-1.068263e-01,2.906e-12,1.463e-123,1.495e-01
0.4,2.8,0.0376321699,-1.151684e-01,-1.151684e-01,-1.151647e-01,2.825e-12,3.595e-120,1.612e-01
0.4,2.8,0.03868078826,-1.238585e-01,-1.238585e-01,-1.238534e-01,2.746e-12,7.148e-117,1.734e-01
0.4,2.8,0.03975862631,-1.328908e-01,-1.328908e-01,-1.328837e-01,2.668e-12,1.156e-113,1.860e-01
0.4,2.8,0.04086649826,-1.422554e-01,-1.422554e-01,-1.422457e-01,2.594e-12,1.530e-110,1.991e-01
0.4,2.8,0.04200524101,-1.519407e-01,-1.519407e-01,-1.519275e-01,2.521e-12,1.666e-107,2.127e-01
0.4,2.8,0.04317571475,-1.619338e-01,-1.619338e-01,-1.619160e-01,2.450e-12,1.500e-104,2.266e-01
0.4,2.8,0.04437880369,-1.722204e-01,-1.722204e-01,-1.721967e-01,2.381e-12,1.123e-101,2.410e-01
0.4,2.8,0.04561541663,-1.827850e-01,-1.827850e-01,-1.827536e-01,2.314e-12,7.022e-99,2.558e-01
0.4,2.8,0.04688648772,-1.936109e-01,-1.936109e-01,-1.935698e-01,2.249e-12,3.686e-96,2.709e-01
0.4,2.8,0.04819297714,-2.046805e-01,-2.046805e-01,-2.046269e-01,2.186e-12,1.632e-93,2.864e-01
0.4,2.8,0.04953587182,-2.159751e-01,-2.159751e-01,-2.159058e-01,2.124e-12,6.125e-91,3.022e-01
0.4,2.8,0.05091618618,-2.274753e-01,-2.274753e-01,-2.273863e-01,2.064e-12,1.956e-88,3.183e-01
0.4,2.8,0.05233496293,-2.391610e-01,-2.391610e-01,-2.390476e-01,2.006e-12,5.342e-86,3.346e-01
0.4,2.8,0.05379327381,-2.510115e-01,-2.510115e-01,-2.508681e-01,1.950e-12,1.253e-83,3.511e-01
0.4,2.8,0.05529222045,-2.630059e-01,-2.630059e-01,-2.628256e-01,1.895e-12,2.532e-81,3.679e-01
0.4,2.8,0.05683293515,-2.751227e-01,-2.751227e-01,-2.748976e-01,1.842e-12,4.430e-79,3.848e-01
0.4,2.8,0.05841658179,-2.873405e-01,-2.873405e-01,-2.870613e-01,1.791e-12,6.736e-77,4.018e-01
0.4,2.8,0.06004435665,-2.996377e-01,-2.996377e-01,-2.992934e-01,1.741e-12,8.934e-75,4.189e-01
0.4,2.8,0.06171748937,-3.119929e-01,-3.119929e-01,-3.115710e-01,1.692e-12,1.038e-72,4.361e-01
0.4,2.8,0.06343724384,-3.243848e-01,-3.243848e-01,-3.238707e-01,1.645e-12,1.059e-70,4.533e-01
0.4,2.8,0.06520491918,-3.367924e-01,-3.367924e-01,-3.361696e-01,1.600e-12,9.527e-69,4.705e-01
0.4,2.8,0.06702185069,-3.491952e-01,-3.491952e-01,-3.484449e-01,1.555e-12,7.585e-67,4.877e-01
0.4,2.8,0.0688894109,-3.615731e-01,-3.615731e-01,-3.606740e-01,1.512e-12,5.362e-65,5.048e-01
0.4,2.8,0.07080901057,-3.739066e-01,-3.739066e-01,-3.728349e-01,1.471e-12,3.375e-63,5.219e-01
0.4,2.8,0.07278209978,-3.861769e-01,-3.861769e-01,-3.849059e-01,1.430e-12,1.898e-61,5.388e-01
0.4,2.8,0.07481016902,-3.983659e-01,-3.983659e-01,-3.968660e-01,1.391e-12,9.568e-60,5.555e-01
0.4,2.8,0.0768947503,-4.104563e-01,-4.104563e-01,-4.086947e-01,1.353e-12,4.334e-58,5.721e-01
0.4,2.8,0.07903741831,-4.224317e-01,-4.224317e-01,-4.203724e-01,1.316e-12,1.770e-56,5.884e-01
0.4,2.8,0.08123979166,-4.342765e-01,-4.342765e-01,-4.318799e-01,1.281e-12,6.534e-55,6.045e-01
0.4,2.8,0.08350353402,-4.459761e-01,-4.459761e-01,-4.431992e-01,1.246e-12,2.186e-53,6.204e-01
0.4,2.8,0.08583035543,-4.575168e-01,-4.575168e-01,-4.543129e-01,1.212e-12,6.649e-52,6.359e-01
0.4,2.8,0.0882220136,-4.688860e-01,-4.688860e-01,-4.652044e-01,1.180e-12,1.842e-50,6.512e-01
0.4,2.8,0.09068031519,-4.800720e-01,-4.800720e-01,-4.758583e-01,1.148e-12,4.664e-49,6.661e-01
0.4,2.8,0.09320711722,-4.910640e-01,-4.910640e-01,-4.862598e-01,1.118e-12,1.081e-47,6.806e-01
0.4,2.8,0.09580432845,-5.018526e-01,-5.018526e-01,-4.963953e-01,1.088e-12,2.301e-46,6.948e-01
0.4,2.8,0.09847391083,-5.124289e-01,-5.124289e-01,-5.062521e-01,1.059e-12,4.504e-45,7.086e-01
0.4,2.8,0.101217881,-5.227855e-01,-5.227855e-01,-5.158183e-01,1.031e-12,8.132e-44,7.220e-01
0.4,2.8,0.1040383117,-5.329157e-01,-5.329157e-01,-5.250831e-01,1.004e-12,1.357e-42,7.350e-01
0.4,2.8,0.1069373336,-5.428139e-01,-5.428139e-01,-5.340368e-01,9.777e-13,2.097e-41,7.475e-01
0.4,2.8,0.1099171365,-5.524754e-01,-5.524754e-01,-5.426704e-01,9.522e-13,3.007e-40,7.596e-01
0.4,2.8,0.1129799716,-5.618965e-01,-5.618965e-01,-5.509760e-01,9.275e-13,4.011e-39,7.712e-01
0.4,2.8,0.1161281523,-5.710745e-01,-5.710745e-01,-5.589466e-01,9.035e-13,4.985e-38,7.824e-01
0.4,2.8,0.1193640569,-5.800076e-01,-5.800076e-01,-5.665762e-01,8.802e-13,5.784e-37,7.931e-01
0.4,2.8,0.1226901298,-5.886947e-01,-5.886947e-01,-5.738595e-01,8.576e-13,6.277e-36,8.032e-01
0.4,2.8,0.1261088836,-5.971359e-01,-5.971359e-01,-5.807922e-01,8.357e-13,6.382e-35,8.130e-01
0.4,2.8,0.1296229008,-6.053317e-01,-6.053317e-01,-5.873709e-01,8.143e-13,6.092e-34,8.222e-01
0.4,2.8,0.1332348358,-6.132837e-01,-6.132837e-01,-5.935929e-01,7.936e-13,5.467e-33,8.309e-01
0.4,2.8,0.1369474172,-6.209942e-01,-6.209942e-01,-5.994564e-01,7.735e-13,4.621e-32,8.391e-01
0.4,2.8,0.1407634495,-6.284659e-01,-6.284659e-01,-6.049602e-01,7.540e-13,3.685e-31,8.468e-01
0.4,2.8,0.1446858154,-6.357026e-01,-6.357026e-01,-6.101039e-01,7.350e-13,2.777e-30,8.540e-01
0.4,2.8,0.1487174777,-6.427082e-01,-6.427082e-01,-6.148879e-01,7.165e-13,1.980e-29,8.607e-01
0.4,2.8,0.1528614821,-6.494875e-01,-6.494875e-01,-6.193131e-01,6.985e-13,1.338e-28,8.669e-01
0.4,2.8,0.157120959,-6.560456e-01,-6.560456e-01,-6.233811e-01,6.810e-13,8.580e-28,8.726e-01
0.4,2.8,0.1614991259,-6.623881e-01,-6.623881e-01,-6.270940e-01,6.640e-13,5.230e-27,8.778e-01
0.4,2.8,0.1659992902,-6.685207e-01,-6.685207e-01,-6.304547e-01,6.474e-13,3.035e-26,8.825e-01
0.4,2.8,0.1706248514,-6.744495e-01,-6.744495e-01,-6.334664e-01,6.313e-13,1.678e-25,8.867e-01
0.4,2.8,0.1753793036,-6.801808e-01,-6.801808e-01,-6.361327e-01,6.156e-13,8.854e-25,8.904e-01
0.4,2.8,0.1802662383,-6.857210e-01,-6.857210e-01,-6.384578e-01,6.002e-13,4.464e-24,8.937e-01
0.4,2.8,0.1852893472,-6.910763e-01,-6.910763e-01,-6.404465e-01,5.853e-13,2.153e-23,8.965e-01
0.4,2.8,0.1904524247,-6.962529e-01,-6.962529e-01,-6.421035e-01,5.707e-13,9.947e-23,8.988e-01
0.4,2.8,0.1957593711,-7.012570e-01,-7.012570e-01,-6.434343e-01,5.565e-13,4.407e-22,9.006e-01
0.4,2.8,0.2012141953,-7.060944e-01,-7.060944e-01,-6.444446e-01,5.426e-13,1.874e-21,9.020e-01
0.4,2.8,0.2068210179,-7.107705e-01,-7.107705e-01,-6.451402e-01,5.290e-13,7.660e-21,9.030e-01
0.4,2.8,0.2125840742,-7.152904e-01,-7.152904e-01,-6.455274e-01,5.158e-13,3.013e-20,9.036e-01
0.4,2.8,0.2185077179,-7.196587e-01,-7.196587e-01,-6.456126e-01,5.029e-13,1.141e-19,9.037e-01
0.4,2.8,0.2245964235,-7.238793e-01,-7.238793e-01,-6.454025e-01,4.903e-13,4.167e-19,9.034e-01
0.4,2.8,0.2308547906,-7.279556e-01,-7.279556e-01,-6.449038e-01,4.779e-13,1.468e-18,9.027e-01
0.4,2.8,0.2372875467,-7.318903e-01,-7.318903e-01,-6.441236e-01,4.659e-13,4.999e-18,9.016e-01
0.4,2.8,0.2438995512,-7.356852e-01,-7.356852e-01,-6.430689e-01,4.542e-13,1.645e-17,9.001e-01
0.4,2.8,0.2506957989,-7.393416e-01,-7.393416e-01,-6.417471e-01,4.427e-13,5.241e-17,8.983e-01
0.4,2.8,0.2576814237,-7.428597e-01,-7.428597e-01,-6.401653e-01,4.315e-13,1.617e-16,8.961e-01
0.4,2.8,0.2648617025,-7.462390e-01,-7.462390e-01,-6.383310e-01,4.205e-13,4.837e-16,8.935e-01
0.4,2.8,0.2722420593,-7.494783e-01,-7.494783e-01,-6.362516e-01,4.098e-13,1.404e-15,8.906e-01
0.4,2.8,0.2798280694,-7.525753e-01,-7.525753e-01,-6.339346e-01,3.994e-13,3.957e-15,8.873e-01
0.4,2.8,0.2876254633,-7.555270e-01,-7.555270e-01,-6.313873e-01,3.892e-13,1.084e-14,8.838e-01
0.4,2.8,0.2956401311,-7.583297e-01,-7.583297e-01,-6.286173e-01,3.793e-13,2.887e-14,8.799e-01
0.4,2.8,0.3038781273,-7.609789e-01,-7.609789e-01,-6.256320e-01,3.696e-13,7.486e-14,8.757e-01
0.4,2.8,0.3123456747,-7.634693e-01,-7.634693e-01,-6.224388e-01,3.602e-13,1.891e-13,8.712e-01
0.4,2.8,0.3210491698,-7.657951e-01,-7.657951e-01,-6.190450e-01,3.510e-13,4.654e-13,8.665e-01
0.4,2.8,0.3299951874,-7.679498e-01,-7.679498e-01,-6.154581e-01,3.420e-13,1.118e-12,8.615e-01
0.4,2.8,0.3391904853,-7.699266e-01,-7.699266e-01,-6.116852e-01,3.333e-13,2.619e-12,8.562e-01
0.4,2.8,0.3486420097,-7.717180e-01,-7.717180e-01,-6.077335e-01,3.248e-13,5.995e-12,8.507e-01
0.4,2.8,0.3583569002,-7.733165e-01,-7.733165e-01,-6.036101e-01,3.166e-13,1.341e-11,8.449e-01
0.4,2.8,0.3683424957,-7.747143e-01,-7.747143e-01,-5.993219e-01,3.085e-13,2.934e-11,8.389e-01
0.4,2.8,0.3786063392,-7.759032e-01,-7.759032e-01,-5.948759e-01,3.007e-13,6.281e-11,8.327e-01
0.4,2.8,0.3891561842,-7.768754e-01,-7.768754e-01,-5.902788e-01,2.931e-13,1.316e-10,8.262e-01
0.4,2.8,0.4,-7.776229e-01,-7.776229e-01,-5.855374e-01,2.858e-13,2.703e-10,8.196e-01
0.8,1.2,0.0025,-2.842171e-14,-1.713545e-99,-1.713545e-99,4.314e-11,0.000e+00,2.081e-99
0.8,1.2,0.002559099,-2.842171e-14,-3.412277e-97,-3.412277e-97,4.214e-11,0.000e+00,4.143e-97
0.8,1.2,0.002619595078,0.000000e+00,-6.011457e-95,-6.011457e-95,4.117e-11,0.000e+00,7.299e-95
0.8,1.2,0.002681521258,-5.684342e-14,-9.395738e-93,-9.395738e-93,4.022e-11,0.000e+00,1.141e-92
0.8,1.2,0.002744911348,-1.421085e-14,-1.306466e-90,-1.306466e-90,3.929e-11,0.000e+00,1.586e-90
0.8,1.2,0.002809799955,-2.842171e-14,-1.620520e-88,-1.620520e-88,3.838e-11,0.000e+00,1.968e-88
0.8,1.2,0.002876222502,-2.842171e-14,-1.797815e-86,-1.797815e-86,3.749e-11,0.000e+00,2.183e-86
0.8,1.2,0.002944215252,-1.421085e-14,-1.788503e-84,-1.788503e-84,3.662e-11,0.000e+00,2.172e-84
0.8,1.2,0.003013815324,-4.263256e-14,-1.599490e-82,-1.599490e-82,3.578e-11,0.000e+00,1.942e-82
0.8,1.2,0.003085060713,-1.421085e-14,-1.289106e-80,-1.289106e-80,3.495e-11,0.000e+00,1.565e-80
0.8,1.2,0.003157990315,-4.263256e-14,-9.385443e-79,-9.385443e-79,3.414e-11,0.000e+00,1.140e-78
0.8,1.2,0.003232643943,-4.263256e-14,-6.187269e-77,-6.187269e-77,3.335e-11,0.000e+00,7.512e-77
0.8,1.2,0.003309062353,-2.842171e-14,-3.701837e-75,-3.701837e-75,3.258e-11,0.000e+00,4.495e-75
0.8,1.2,0.003387287264,-1.421085e-14,-2.014570e-73,-2.014570e-73,3.182e-11,0.000e+00,2.446e-73
0.8,1.2,0.003467361381,-1.421085e-14,-9.994126e-72,-9.994126e-72,3.109e-11,0.000e+00,1.213e-71
0.8,1.2,0.003549328418,-1.421085e-14,-4.529318e-70,-4.529318e-70,3.037e-11,0.000e+00,5.499e-70
0.8,1.2,0.003633233122,-4.263256e-14,-1.879116e-68,-1.879116e-68,2.966e-11,0.000e+00,2.282e-68
0.8,1.2,0.003719121301,-1.421085e-14,-7.151430e-67,-7.151430e-67,2.898e-11,0.000e+00,8.683e-67
0.8,1.2,0.003807039841,-4.263256e-14,-2.501592e-65,-2.501592e-65,2.831e-11,0.000e+00,3.037e-65
0.8,1.2,0.003897036741,0.000000e+00,-8.058792e-64,-8.058792e-64,2.765e-11,0.000e+00,9.785e-64
0.8,1.2,0.003989161131,-2.842171e-14,-2.395407e-62,-2.395407e-62,2.701e-11,0.000e+00,2.908e-62
0.8,1.2,0.004083463305,-1.421085e-14,-6.581902e-61,-6.581902e-61,2.639e-11,0.000e+00,7.992e-61
0.8,1.2,0.004179994745,-1.421085e-14,-1.674846e-59,-1.674846e-59,2.577e-11,0.000e+00,2.034e-59
0.8,1.2,0.00427880815,-1.421085e-14,-3.953844e-58,-3.953844e-58,2.518e-11,0.000e+00,4.801e-58
0.8,1.2,0.004379957463,-1.421085e-14,-8.674368e-57,-8.674368e-57,2.459e-11,0.000e+00,1.053e-56
0.8,1.2,0.004483497907,-1.421085e-14,-1.771597e-55,-1.771597e-55,2.403e-11,0.000e+00,2.151e-55
0.8,1.2,0.004589486004,-2.842171e-14,-3.373794e-54,-3.373794e-54,2.347e-11,0.000e+00,4.096e-54
0.8,1.2,0.004697979618,-1.421085e-14,-6.000679e-53,-6.000679e-53,2.293e-11,0.000e+00,7.286e-53
0.8,1.2,0.004809037978,-1.421085e-14,-9.983791e-52,-9.983791e-52,2.239e-11,0.000e+00,1.212e-51
0.8,1.2,0.004922721713,-1.421085e-14,-1.556228e-50,-1.556228e-50,2.188e-11,0.000e+00,1.890e-50
0.8,1.2,0.005039092886,-1.421085e-14,-2.276081e-49,-2.276081e-49,2.137e-11,0.000e+00,2.764e-49
0.8,1.2,0.005158215027,-2.842171e-14,-3.128078e-48,-3.128078e-48,2.087e-11,0.000e+00,3.798e-48
0.8,1.2,0.005280153168,-1.421085e-14,-4.045452e-47,-4.045452e-47,2.039e-11,0.000e+00,4.912e-47
0.8,1.2,0.005404973878,-2.131628e-14,-4.930213e-46,-4.930213e-46,1.992e-11,0.000e+00,5.986e-46
0.8,1.2,0.005532745299,-1.421085e-14,-5.669818e-45,-5.669818e-45,1.946e-11,0.000e+00,6.884e-45
0.8,1.2,0.005663537186,-2.131628e-14,-6.161114e-44,-6.161114e-44,1.901e-11,0.000e+00,7.481e-44
0.8,1.2,0.00579742094,-1.421085e-14,-6.334384e-43,-6.334384e-43,1.857e-11,0.000e+00,7.691e-43
0.8,1.2,0.005934469654,-1.421085e-14,-6.169641e-42,-6.169641e-42,1.813e-11,0.000e+00,7.491e-42
0.8,1.2,0.006074758143,-2.842171e-14,-5.699911e-41,-5.699911e-41,1.771e-11,0.000e+00,6.921e-41
0.8,1.2,0.006218362997,0.000000e+00,-5.001025e-40,-5.001025e-40,1.730e-11,0.000e+00,6.072e-40
0.8,1.2,0.006365362612,-7.105427e-15,-4.172057e-39,-4.172057e-39,1.690e-11,0.000e+00,5.066e-39
0.8,1.2,0.006515837239,-1.421085e-14,-3.313200e-38,-3.313200e-38,1.651e-11,0.000e+00,4.023e-38
0.8,1.2,0.006669869026,-7.105427e-15,-2.507524e-37,-2.507524e-37,1.613e-11,0.000e+00,3.045e-37
0.8,1.2,0.006827542063,0.000000e+00,-1.810612e-36,-1.810612e-36,1.575e-11,0.000e+00,2.198e-36
0.8,1.2,0.006988942427,-7.105427e-15,-1.248705e-35,-1.248705e-35,1.539e-11,0.000e+00,1.516e-35
0.8,1.2,0.007154158232,-7.105427e-15,-8.233969e-35,-8.233969e-35,1.503e-11,0.000e+00,9.997e-35
0.8,1.2,0.007323279672,-7.105427e-15,-5.196649e-34,-5.196649e-34,1.468e-11,0.000e+00,6.310e-34
0.8,1.2,0.007496399075,0.000000e+00,-3.142259e-33,-3.142259e-33,1.434e-11,0.000e+00,3.815e-33
0.8,1.2,0.007673610952,0.000000e+00,-1.822193e-32,-1.822193e-32,1.401e-11,0.000e+00,2.212e-32
0.8,1.2,0.007855012047,0.000000e+00,-1.014379e-31,-1.014379e-31,1.369e-11,0.000e+00,1.232e-31
0.8,1.2,0.008040701391,-7.105427e-15,-5.425866e-31,-5.425866e-31,1.337e-11,0.000e+00,6.588e-31
0.8,1.2,0.008230780357,0.000000e+00,-2.791267e-30,-2.791267e-30,1.306e-11,0.000e+00,3.389e-30
0.8,1.2,0.008425352714,-7.105427e-15,-1.382256e-29,-1.382256e-29,1.276e-11,0.000e+00,1.678e-29
0.8,1.2,0.008624524683,7.105427e-15,-6.594957e-29,-6.594957e-29,1.246e-11,0.000e+00,8.007e-29
0.8,1.2,0.008828404998,-1.421085e-14,-3.034209e-28,-3.034209e-28,1.217e-11,0.000e+00,3.684e-28
0.8,1.2,0.009037104963,-7.105427e-15,-1.347267e-27,-1.347267e-27,1.189e-11,0.000e+00,1.636e-27
0.8,1.2,0.009250738511,-7.105427e-15,-5.778197e-27,-5.778197e-27,1.161e-11,0.000e+00,7.016e-27
0.8,1.2,0.00946942227,7.105427e-15,-2.395576e-26,-2.395576e-26,1.135e-11,0.000e+00,2.909e-26
0.8,1.2,0.009693275626,7.105427e-15,-9.608289e-26,-9.608289e-26,1.108e-11,0.000e+00,1.167e-25
0.8,1.2,0.009922420787,0.000000e+00,-3.731067e-25,-3.731067e-25,1.083e-11,0.000e+00,4.530e-25
0.8,1.2,0.01015698285,7.105427e-15,-1.403767e-24,-1.403767e-24,1.057e-11,0.000e+00,1.704e-24
0.8,1.2,0.01039708986,0.000000e+00,-5.120936e-24,-5.120936e-24,1.033e-11,0.000e+00,6.218e-24
0.8,1.2,0.01064287291,-7.105427e-15,-1.812614e-23,-1.812614e-23,1.009e-11,0.000e+00,2.201e-23
0.8,1.2,0.01089446617,-3.552714e-15,-6.229676e-23,-6.229676e-23,9.856e-12,0.000e+00,7.564e-23
0.8,1.2,0.01115200699,0.000000e+00,-2.080297e-22,-2.080297e-22,9.628e-12,0.000e+00,2.526e-22
0.8,1.2,0.01141563598,7.105427e-15,-6.754191e-22,-6.754191e-22,9.404e-12,0.000e+00,8.201e-22
0.8,1.2,0.01168549705,0.000000e+00,-2.133495e-21,-2.133495e-21,9.186e-12,0.000e+00,2.590e-21
0.8,1.2,0.01196173753,-3.552714e-15,-6.560785e-21,-6.560785e-21,8.974e-12,0.000e+00,7.966e-21
0.8,1.2,0.01224450822,1.065814e-14,-1.965327e-20,-1.965327e-20,8.766e-12,0.000e+00,2.386e-20
0.8,1.2,0.0125339635,3.552714e-15,-5.738408e-20,-5.738408e-20,8.563e-12,0.000e+00,6.967e-20
0.8,1.2,0.01283026138,7.105427e-15,-1.634115e-19,-1.634115e-19,8.364e-12,0.000e+00,1.984e-19
0.8,1.2,0.01313356363,7.105427e-15,-4.541083e-19,-4.541083e-19,8.171e-12,0.000e+00,5.514e-19
0.8,1.2,0.01344403582,7.105427e-15,-1.232159e-18,-1.232159e-18,7.981e-12,0.000e+00,1.496e-18
0.8,1.2,0.01376184746,3.552714e-15,-3.266209e-18,-3.266209e-18,7.796e-12,0.000e+00,3.966e-18
0.8,1.2,0.01408717203,1.065814e-14,-8.463016e-18,-8.463016e-18,7.616e-12,0.000e+00,1.028e-17
0.8,1.2,0.01442018714,1.065814e-14,-2.144562e-17,-2.144562e-17,7.440e-12,3.363e-316,2.604e-17
0.8,1.2,0.0147610746,1.065814e-14,-5.317504e-17,-5.317504e-17,7.267e-12,7.379e-309,6.456e-17
0.8,1.2,0.0151100205,7.105427e-15,-1.290775e-16,-1.290775e-16,7.099e-12,1.096e-301,1.567e-16
0.8,1.2,0.01546721534,3.552714e-15,-3.068882e-16,-3.068882e-16,6.935e-12,1.110e-294,3.726e-16
0.8,1.2,0.01583285413,7.105427e-15,-7.149973e-16,-7.149974e-16,6.774e-12,7.753e-288,8.681e-16
0.8,1.2,0.01620713647,7.105427e-15,-1.633153e-15,-1.633153e-15,6.617e-12,3.761e-281,1.983e-15
0.8,1.2,0.0165902667,3.552714e-15,-3.658861e-15,-3.658862e-15,6.464e-12,1.278e-274,4.442e-15
0.8,1.2,0.01698245397,3.552714e-15,-8.043699e-15,-8.043701e-15,6.315e-12,3.068e-268,9.766e-15
0.8,1.2,0.01738391239,-1.065814e-14,-1.735985e-14,-1.735985e-14,6.169e-12,5.244e-262,2.108e-14
0.8,1.2,0.01779486113,-2.486900e-14,-3.679607e-14,-3.679608e-14,6.026e-12,6.434e-256,4.468e-14
0.8,1.2,0.01821552453,-6.394885e-14,-7.663079e-14,-7.663082e-14,5.887e-12,5.709e-250,9.304e-14
0.8,1.2,0.01864613225,-1.492140e-13,-1.568657e-13,-1.568658e-13,5.750e-12,3.691e-244,1.905e-13
0.8,1.2,0.01908691936,-3.055334e-13,-3.157537e-13,-3.157540e-13,5.617e-12,1.752e-238,3.834e-13
0.8,1.2,0.0195381265,-6.146195e-13,-6.252204e-13,-6.252212e-13,5.487e-12,6.145e-233,7.591e-13
0.8,1.2,0.02,-1.207923e-12,-1.218279e-12,-1.218281e-12,5.361e-12,1.605e-227,1.479e-12
0.8,1.2,0.02055729891,-2.604139e-12,-2.617177e-12,-2.617183e-12,5.215e-12,2.614e-221,3.178e-12
0.8,1.2,0.02113012692,-5.492495e-12,-5.504925e-12,-5.504945e-12,5.074e-12,2.888e-215,6.684e-12
0.8,1.2,0.02171891675,-1.132960e-11,-1.134358e-11,-1.134364e-11,4.936e-12,2.187e-209,1.377e-11
0.8,1.2,0.02232411318,-2.290079e-11,-2.291243e-11,-2.291259e-11,4.802e-12,1.147e-203,2.782e-11
0.8,1.2,0.02294617338,-4.537704e-11,-4.538885e-11,-4.538929e-11,4.672e-12,4.209e-198,5.511e-11
0.8,1.2,0.02358556724,-8.821566e-11,-8.822936e-11,-8.823052e-11,4.545e-12,1.091e-192,1.071e-10
0.8,1.2,0.02424277779,-1.683613e-10,-1.683780e-10,-1.683810e-10,4.422e-12,2.015e-187,2.044e-10
0.8,1.2,0.02491830147,-3.156231e-10,-3.156329e-10,-3.156405e-10,4.302e-12,2.678e-182,3.832e-10
0.8,1.2,0.02561264858,-5.814407e-10,-5.814528e-10,-5.814713e-10,4.185e-12,2.585e-177,7.060e-10
0.8,1.2,0.02632634363,-1.053129e-09,-1.053141e-09,-1.053185e-09,4.071e-12,1.827e-172,1.279e-09
0.8,1.2,0.02705992576,-1.876268e-09,-1.876280e-09,-1.876384e-09,3.961e-12,9.537e-168,2.278e-09
0.8,1.2,0.02781394911,-3.289577e-09,-3.289588e-09,-3.289825e-09,3.853e-12,3.707e-163,3.994e-09
0.8,1.2,0.02858898329,-5.678128e-09,-5.678145e-09,-5.678675e-09,3.749e-12,1.081e-158,6.895e-09
0.8,1.2,0.02938561374,-9.653283e-09,-9.653298e-09,-9.654456e-09,3.647e-12,2.387e-154,1.172e-08
0.8,1.2,0.03020444227,-1.617063e-08,-1.617064e-08,-1.617312e-08,3.548e-12,4.015e-150,1.964e-08
0.8,1.2,0.0310460874,-2.670142e-08,-2.670143e-08,-2.670662e-08,3.452e-12,5.186e-146,3.243e-08
0.8,1.2,0.03191118493,-4.347760e-08,-4.347762e-08,-4.348825e-08,3.358e-12,5.180e-142,5.280e-08
0.8,1.2,0.03280038836,-6.983683e-08,-6.983685e-08,-6.985822e-08,3.267e-12,4.030e-138,8.482e-08
0.8,1.2,0.03371436939,-1.107007e-07,-1.107007e-07,-1.107428e-07,3.178e-12,2.458e-134,1.345e-07
0.8,1.2,0.03465381845,-1.732278e-07,-1.732278e-07,-1.733093e-07,3.092e-12,1.183e-130,2.104e-07
0.8,1.2,0.03561944521,-2.676927e-07,-2.676927e-07,-2.678476e-07,3.008e-12,4.524e-127,3.252e-07
0.8,1.2,0.0366119791,-4.086518e-07,-4.086518e-07,-4.089410e-07,2.927e-12,1.383e-123,4.965e-07
0.8,1.2,0.0376321699,-6.164676e-07,-6.164676e-07,-6.169981e-07,2.847e-12,3.399e-120,7.491e-07
0.8,1.2,0.03868078826,-9.192736e-07,-9.192736e-07,-9.202307e-07,2.770e-12,6.758e-117,1.117e-06
0.8,1.2,0.03975862631,-1.355474e-06,-1.355474e-06,-1.357172e-06,2.695e-12,1.093e-113,1.648e-06
0.8,1.2,0.04086649826,-1.976876e-06,-1.976876e-06,-1.979842e-06,2.621e-12,1.447e-110,2.404e-06
0.8,1.2,0.04200524101,-2.852568e-06,-2.852568e-06,-2.857670e-06,2.550e-12,1.575e-107,3.470e-06
0.8,1.2,0.04317571475,-4.073650e-06,-4.073650e-06,-4.082292e-06,2.481e-12,1.418e-104,4.957e-06
0.8,1.2,0.04437880369,-5.758930e-06,-5.758930e-06,-5.773355e-06,2.413e-12,1.062e-101,7.010e-06
0.8,1.2,0.04561541663,-8.061687e-06,-8.061687e-06,-8.085425e-06,2.348e-12,6.639e-99,9.817e-06
0.8,1.2,0.04688648772,-1.117760e-05,-1.117760e-05,-1.121613e-05,2.284e-12,3.485e-96,1.362e-05
0.8,1.2,0.04819297714,-1.535391e-05,-1.535391e-05,-1.541559e-05,2.222e-12,1.543e-93,1.872e-05
0.8,1.2,0.04953587182,-2.089983e-05,-2.089983e-05,-2.099730e-05,2.162e-12,5.790e-91,2.549e-05
0.8,1.2,0.05091618618,-2.819832e-05,-2.819832e-05,-2.835038e-05,2.103e-12,1.849e-88,3.442e-05
0.8,1.2,0.05233496293,-3.771898e-05,-3.771898e-05,-3.795327e-05,2.046e-12,5.050e-86,4.608e-05
0.8,1.2,0.05379327381,-5.003224e-05,-5.003224e-05,-5.038890e-05,1.990e-12,1.184e-83,6.118e-05
0.8,1.2,0.05529222045,-6.582448e-05,-6.582448e-05,-6.636104e-05,1.936e-12,2.394e-81,8.057e-05
0.8,1.2,0.05683293515,-8.591397e-05,-8.591397e-05,-8.671197e-05,1.883e-12,4.188e-79,1.053e-04
0.8,1.2,0.05841658179,-1.112674e-04,-1.112674e-04,-1.124410e-04,1.832e-12,6.368e-77,1.365e-04
0.8,1.2,0.06004435665,-1.430163e-04,-1.430163e-04,-1.447238e-04,1.782e-12,8.446e-75,1.757e-04
0.8,1.2,0.06171748937,-1.824739e-04,-1.824739e-04,-1.849320e-04,1.734e-12,9.809e-73,2.245e-04
0.8,1.2,0.06343724384,-2.311506e-04,-2.311506e-04,-2.346530e-04,1.687e-12,1.001e-70,2.849e-04
0.8,1.2,0.06520491918,-2.907682e-04,-2.907682e-04,-2.957089e-04,1.641e-12,9.007e-69,3.590e-04
0.8,1.2,0.06702185069,-3.632733e-04,-3.632733e-04,-3.701755e-04,1.596e-12,7.171e-67,4.495e-04
0.8,1.2,0.0688894109,-4.508471e-04,-4.508471e-04,-4.603984e-04,1.553e-12,5.069e-65,5.590e-04
0.8,1.2,0.07080901057,-5.559130e-04,-5.559130e-04,-5.690090e-04,1.510e-12,3.191e-63,6.909e-04
0.8,1.2,0.07278209978,-6.811405e-04,-6.811405e-04,-6.989361e-04,1.469e-12,1.795e-61,8.486e-04
0.8,1.2,0.07481016902,-8.294448e-04,-8.294448e-04,-8.534163e-04,1.429e-12,9.045e-60,1.036e-03
0.8,1.2,0.0768947503,-1.003982e-03,-1.003982e-03,-1.035999e-03,1.390e-12,4.098e-58,1.258e-03
0.8,1.2,0.07903741831,-1.208140e-03,-1.208140e-03,-1.250550e-03,1.352e-12,1.673e-56,1.518e-03
0.8,1.2,0.08123979166,-1.445521e-03,-1.445521e-03,-1.501247e-03,1.316e-12,6.177e-55,1.823e-03
0.8,1.2,0.08350353402,-1.719925e-03,-1.719925e-03,-1.792574e-03,1.280e-12,2.067e-53,2.176e-03
0.8,1.2,0.08583035543,-2.035318e-03,-2.035318e-03,-2.129309e-03,1.245e-12,6.286e-52,2.585e-03
0.8,1.2,0.0882220136,-2.395805e-03,-2.395805e-03,-2.516506e-03,1.211e-12,1.742e-50,3.055e-03
0.8,1.2,0.09068031519,-2.805591e-03,-2.805591e-03,-2.959470e-03,1.178e-12,4.409e-49,3.593e-03
0.8,1.2,0.09320711722,-3.268937e-03,-3.268937e-03,-3.463735e-03,1.145e-12,1.022e-47,4.206e-03
0.8,1.2,0.09580432845,-3.790118e-03,-3.790118e-03,-4.035023e-03,1.114e-12,2.175e-46,4.899e-03
0.8,1.2,0.09847391083,-4.373369e-03,-4.373369e-03,-4.679211e-03,1.083e-12,4.258e-45,5.681e-03
0.8,1.2,0.101217881,-5.022834e-03,-5.022834e-03,-5.402288e-03,1.053e-12,7.688e-44,6.559e-03
0.8,1.2,0.1040383117,-5.742511e-03,-5.742511e-03,-6.210304e-03,1.024e-12,1.283e-42,7.540e-03
0.8,1.2,0.1069373336,-6.536196e-03,-6.536196e-03,-7.109323e-03,9.961e-13,1.982e-41,8.632e-03
0.8,1.2,0.1099171365,-7.407427e-03,-7.407427e-03,-8.105370e-03,9.686e-13,2.843e-40,9.841e-03
0.8,1.2,0.1129799716,-8.359430e-03,-8.359430e-03,-9.204371e-03,9.417e-13,3.792e-39,1.118e-02
0.8,1.2,0.1161281523,-9.395070e-03,-9.395070e-03,-1.041210e-02,9.155e-13,4.713e-38,1.264e-02
0.8,1.2,0.1193640569,-1.051680e-02,-1.051680e-02,-1.173411e-02,8.900e-13,5.468e-37,1.425e-02
0.8,1.2,0.1226901298,-1.172661e-02,-1.172661e-02,-1.317571e-02,8.651e-13,5.934e-36,1.600e-02
0.8,1.2,0.1261088836,-1.302600e-02,-1.302600e-02,-1.474184e-02,8.408e-13,6.034e-35,1.790e-02
0.8,1.2,0.1296229008,-1.441596e-02,-1.441596e-02,-1.643709e-02,8.171e-13,5.759e-34,1.996e-02
0.8,1.2,0.1332348358,-1.589691e-02,-1.589691e-02,-1.826559e-02,7.940e-13,5.169e-33,2.218e-02
0.8,1.2,0.1369474172,-1.746870e-02,-1.746870e-02,-2.023100e-02,7.715e-13,4.369e-32,2.456e-02
0.8,1.2,0.1407634495,-1.913062e-02,-1.913062e-02,-2.233643e-02,7.495e-13,3.484e-31,2.712e-02
0.8,1.2,0.1446858154,-2.088136e-02,-2.088136e-02,-2.458443e-02,7.281e-13,2.625e-30,2.985e-02
0.8,1.2,0.1487174777,-2.271906e-02,-2.271906e-02,-2.697691e-02,7.072e-13,1.872e-29,3.275e-02
0.8,1.2,0.1528614821,-2.464127e-02,-2.464127e-02,-2.951516e-02,6.867e-13,1.265e-28,3.584e-02
0.8,1.2,0.157120959,-2.664502e-02,-2.664502e-02,-3.219977e-02,6.668e-13,8.112e-28,3.910e-02
0.8,1.2,0.1614991259,-2.872682e-02,-2.872682e-02,-3.503065e-02,6.474e-13,4.945e-27,4.253e-02
0.8,1.2,0.1659992902,-3.088270e-02,-3.088270e-02,-3.800700e-02,6.285e-13,2.869e-26,4.615e-02
0.8,1.2,0.1706248514,-3.310825e-02,-3.310825e-02,-4.112731e-02,6.100e-13,1.586e-25,4.994e-02
0.8,1.2,0.1753793036,-3.539864e-02,-3.539864e-02,-4.438934e-02,5.919e-13,8.370e-25,5.390e-02
0.8,1.2,0.1802662383,-3.774871e-02,-3.774871e-02,-4.779013e-02,5.743e-13,4.220e-24,5.803e-02
0.8,1.2,0.1852893472,-4.015297e-02,-4.015297e-02,-5.132603e-02,5.571e-13,2.035e-23,6.232e-02
0.8,1.2,0.1904524247,-4.260570e-02,-4.260570e-02,-5.499269e-02,5.404e-13,9.404e-23,6.677e-02
0.8,1.2,0.1957593711,-4.510093e-02,-4.510093e-02,-5.878511e-02,5.240e-13,4.166e-22,7.137e-02
0.8,1.2,0.2012141953,-4.763255e-02,-4.763255e-02,-6.269761e-02,5.081e-13,1.772e-21,7.613e-02
0.8,1.2,0.2068210179,-5.019433e-02,-5.019433e-02,-6.672394e-02,4.926e-13,7.242e-21,8.101e-02
0.8,1.2,0.2125840742,-5.277998e-02,-5.277998e-02,-7.085726e-02,4.774e-13,2.848e-20,8.603e-02
0.8,1.2,0.2185077179,-5.538316e-02,-5.538316e-02,-7.509019e-02,4.626e-13,1.079e-19,9.117e-02
0.8,1.2,0.2245964235,-5.799755e-02,-5.799755e-02,-7.941486e-02,4.482e-13,3.939e-19,9.642e-02
0.8,1.2,0.2308547906,-6.061689e-02,-6.061689e-02,-8.382295e-02,4.342e-13,1.388e-18,1.018e-01
0.8,1.2,0.2372875467,-6.323498e-02,-6.323498e-02,-8.830574e-02,4.205e-13,4.726e-18,1.072e-01
0.8,1.2,0.2438995512,-6.584575e-02,-6.584575e-02,-9.285416e-02,4.071e-13,1.556e-17,1.127e-01
0.8,1.2,0.2506957989,-6.844323e-02,-6.844323e-02,-9.745884e-02,3.941e-13,4.955e-17,1.183e-01
0.8,1.2,0.2576814237,-7.102164e-02,-7.102164e-02,-1.021101e-01,3.815e-13,1.529e-16,1.240e-01
0.8,1.2,0.2648617025,-7.357535e-02,-7.357535e-02,-1.067983e-01,3.692e-13,4.573e-16,1.297e-01
0.8,1.2,0.2722420593,-7.609890e-02,-7.609890e-02,-1.115132e-01,3.571e-13,1.327e-15,1.354e-01
0.8,1.2,0.2798280694,-7.858703e-02,-7.858703e-02,-1.162449e-01,3.455e-13,3.741e-15,1.411e-01
0.8,1.2,0.2876254633,-8.103469e-02,-8.103469e-02,-1.209832e-01,3.341e-13,1.025e-14,1.469e-01
0.8,1.2,0.2956401311,-8.343702e-02,-8.343702e-02,-1.257181e-01,3.231e-13,2.730e-14,1.526e-01
0.8,1.2,0.3038781273,-8.578935e-02,-8.578935e-02,-1.304394e-01,3.123e-13,7.078e-14,1.584e-01
0.8,1.2,0.3123456747,-8.808722e-02,-8.808722e-02,-1.351371e-01,3.019e-13,1.787e-13,1.641e-01
0.8,1.2,0.3210491698,-9.032635e-02,-9.032635e-02,-1.398015e-01,2.918e-13,4.400e-13,1.697e-01
0.8,1.2,0.3299951874,-9.250267e-02,-9.250267e-02,-1.444228e-01,2.820e-13,1.057e-12,1.754e-01
0.8,1.2,0.3391904853,-9.461226e-02,-9.461226e-02,-1.489915e-01,2.724e-13,2.476e-12,1.809e-01
0.8,1.2,0.3486420097,-9.665140e-02,-9.665140e-02,-1.534984e-01,2.632e-13,5.668e-12,1.864e-01
0.8,1.2,0.3583569002,-9.861650e-02,-9.861650e-02,-1.579345e-01,2.543e-13,1.268e-11,1.918e-01
0.8,1.2,0.3683424957,-1.005041e-01,-1.005041e-01,-1.622913e-01,2.456e-13,2.774e-11,1.970e-01
0.8,1.2,0.3786063392,-1.023111e-01,-1.023111e-01,-1.665603e-01,2.373e-13,5.938e-11,2.022e-01
0.8,1.2,0.3891561842,-1.040341e-01,-1.040341e-01,-1.707336e-01,2.292e-13,1.244e-10,2.073e-01
0.8,1.2,0.4,-1.056702e-01,-1.056702e-01,-1.748037e-01,2.214e-13,2.555e-10,2.122e-01
0.8,1.6,0.0025,0.000000e+00,-1.315845e-67,-1.315845e-67,4.310e-11,0.000e+00,1.604e-67
0.8,1.6,0.002559099,2.842171e-14,-4.811735e-66,-4.811735e-66,4.210e-11,0.000e+00,5.864e-66
0.8,1.6,0.002619595078,2.842171e-14,-1.618764e-64,-1.618764e-64,4.113e-11,0.000e+00,1.973e-64
0.8,1.6,0.002681521258,-1.421085e-14,-5.019804e-63,-5.019804e-63,4.017e-11,0.000e+00,6.118e-63
0.8,1.6,0.002744911348,2.842171e-14,-1.437567e-61,-1.437567e-61,3.925e-11,0.000e+00,1.752e-61
0.8,1.6,0.002809799955,4.263256e-14,-3.808956e-60,-3.808956e-60,3.834e-11,0.000e+00,4.642e-60
0.8,1.6,0.002876222502,2.842171e-14,-9.354053e-59,-9.354053e-59,3.745e-11,0.000e+00,1.140e-58
0.8,1.6,0.002944215252,2.842171e-14,-2.132905e-57,-2.132905e-57,3.658e-11,0.000e+00,2.600e-57
0.8,1.6,0.003013815324,1.421085e-14,-4.523402e-56,-4.523402e-56,3.574e-11,0.000e+00,5.513e-56
0.8,1.6,0.003085060713,1.421085e-14,-8.937327e-55,-8.937327e-55,3.491e-11,0.000e+00,1.089e-54
0.8,1.6,0.003157990315,1.421085e-14,-1.647818e-53,-1.647818e-53,3.410e-11,0.000e+00,2.008e-53
0.8,1.6,0.003232643943,0.000000e+00,-2.839641e-52,-2.839641e-52,3.331e-11,0.000e+00,3.461e-52
0.8,1.6,0.003309062353,0.000000e+00,-4.580872e-51,-4.580872e-51,3.254e-11,0.000e+00,5.583e-51
0.8,1.6,0.003387287264,2.842171e-14,-6.928281e-50,-6.928281e-50,3.179e-11,0.000e+00,8.444e-50
0.8,1.6,0.003467361381,2.842171e-14,-9.838801e-49,-9.838801e-49,3.105e-11,0.000e+00,1.199e-48
0.8,1.6,0.003549328418,1.421085e-14,-1.313802e-47,-1.313802e-47,3.033e-11,0.000e+00,1.601e-47
0.8,1.6,0.003633233122,2.842171e-14,-1.651986e-46,-1.651986e-46,2.963e-11,0.000e+00,2.013e-46
0.8,1.6,0.003719121301,2.842171e-14,-1.958728e-45,-1.958728e-45,2.895e-11,0.000e+00,2.387e-45
0.8,1.6,0.003807039841,0.000000e+00,-2.192919e-44,-2.192919e-44,2.828e-11,0.000e+00,2.673e-44
0.8,1.6,0.003897036741,2.842171e-14,-2.321276e-43,-2.321276e-43,2.762e-11,0.000e+00,2.829e-43
0.8,1.6,0.003989161131,-1.421085e-14,-2.326212e-42,-2.326212e-42,2.698e-11,0.000e+00,2.835e-42
0.8,1.6,0.004083463305,2.842171e-14,-2.209730e-41,-2.209730e-41,2.636e-11,0.000e+00,2.693e-41
0.8,1.6,0.004179994745,2.842171e-14,-1.992201e-40,-1.992201e-40,2.575e-11,0.000e+00,2.428e-40
0.8,1.6,0.00427880815,2.842171e-14,-1.706691e-39,-1.706691e-39,2.515e-11,0.000e+00,2.080e-39
0.8,1.6,0.004379957463,2.842171e-14,-1.390967e-38,-1.390967e-38,2.457e-11,0.000e+00,1.695e-38
0.8,1.6,0.004483497907,0.000000e+00,-1.079739e-37,-1.079739e-37,2.400e-11,0.000e+00,1.316e-37
0.8,1.6,0.004589486004,0.000000e+00,-7.991898e-37,-7.991898e-37,2.345e-11,0.000e+00,9.740e-37
0.8,1.6,0.004697979618,1.421085e-14,-5.646603e-36,-5.646603e-36,2.290e-11,0.000e+00,6.882e-36
0.8,1.6,0.004809037978,0.000000e+00,-3.812388e-35,-3.812388e-35,2.237e-11,0.000e+00,4.646e-35
0.8,1.6,0.004922721713,0.000000e+00,-2.462267e-34,-2.462267e-34,2.186e-11,0.000e+00,3.001e-34
0.8,1.6,0.005039092886,1.421085e-14,-1.522812e-33,-1.522812e-33,2.135e-11,0.000e+00,1.856e-33
0.8,1.6,0.005158215027,1.421085e-14,-9.027456e-33,-9.027456e-33,2.086e-11,0.000e+00,1.100e-32
0.8,1.6,0.005280153168,7.105427e-15,-5.134725e-32,-5.134725e-32,2.037e-11,0.000e+00,6.258e-32
0.8,1.6,0.005404973878,7.105427e-15,-2.804895e-31,-2.804895e-31,1.990e-11,0.000e+00,3.419e-31
0.8,1.6,0.005532745299,1.421085e-14,-1.472886e-30,-1.472886e-30,1.944e-11,0.000e+00,1.795e-30
0.8,1.6,0.005663537186,7.105427e-15,-7.441669e-30,-7.441669e-30,1.899e-11,0.000e+00,9.070e-30
0.8,1.6,0.00579742094,1.421085e-14,-3.620823e-29,-3.620823e-29,1.855e-11,0.000e+00,4.413e-29
0.8,1.6,0.005934469654,7.105427e-15,-1.698079e-28,-1.698079e-28,1.812e-11,0.000e+00,2.070e-28
0.8,1.6,0.006074758143,7.105427e-15,-7.682304e-28,-7.682304e-28,1.770e-11,0.000e+00,9.363e-28
0.8,1.6,0.006218362997,2.131628e-14,-3.355586e-27,-3.355586e-27,1.730e-11,0.000e+00,4.090e-27
0.8,1.6,0.006365362612,1.421085e-14,-1.416254e-26,-1.416254e-26,1.690e-11,0.000e+00,1.726e-26
0.8,1.6,0.006515837239,7.105427e-15,-5.780343e-26,-5.780343e-26,1.650e-11,0.000e+00,7.045e-26
0.8,1.6,0.006669869026,0.000000e+00,-2.283192e-25,-2.283192e-25,1.612e-11,0.000e+00,2.783e-25
0.8,1.6,0.006827542063,1.421085e-14,-8.734454e-25,-8.734454e-25,1.575e-11,0.000e+00,1.065e-24
0.8,1.6,0.006988942427,1.421085e-14,-3.238580e-24,-3.238580e-24,1.539e-11,0.000e+00,3.947e-24
0.8,1.6,0.007154158232,7.105427e-15,-1.164696e-23,-1.164696e-23,1.503e-11,0.000e+00,1.420e-23
0.8,1.6,0.007323279672,0.000000e+00,-4.065515e-23,-4.065515e-23,1.468e-11,0.000e+00,4.955e-23
0.8,1.6,0.007496399075,1.421085e-14,-1.378361e-22,-1.378361e-22,1.434e-11,0.000e+00,1.680e-22
0.8,1.6,0.007673610952,0.000000e+00,-4.541998e-22,-4.541998e-22,1.401e-11,0.000e+00,5.536e-22
0.8,1.6,0.007855012047,0.000000e+00,-1.455637e-21,-1.455637e-21,1.369e-11,0.000e+00,1.774e-21
0.8,1.6,0.008040701391,7.105427e-15,-4.540045e-21,-4.540045e-21,1.337e-11,0.000e+00,5.533e-21
0.8,1.6,0.008230780357,7.105427e-15,-1.378925e-20,-1.378925e-20,1.306e-11,0.000e+00,1.681e-20
0.8,1.6,0.008425352714,0.000000e+00,-4.080945e-20,-4.080945e-20,1.276e-11,0.000e+00,4.974e-20
0.8,1.6,0.008624524683,0.000000e+00,-1.177553e-19,-1.177553e-19,1.247e-11,0.000e+00,1.435e-19
0.8,1.6,0.008828404998,0.000000e+00,-3.314775e-19,-3.314775e-19,1.218e-11,0.000e+00,4.040e-19
0.8,1.6,0.009037104963,7.105427e-15,-9.108131e-19,-9.108131e-19,1.190e-11,0.000e+00,1.110e-18
0.8,1.6,0.009250738511,7.105427e-15,-2.444268e-18,-2.444268e-18,1.162e-11,0.000e+00,2.979e-18
0.8,1.6,0.00946942227,7.105427e-15,-6.409871e-18,-6.409871e-18,1.136e-11,0.000e+00,7.812e-18
0.8,1.6,0.009693275626,7.105427e-15,-1.643471e-17,-1.643471e-17,1.109e-11,0.000e+00,2.003e-17
0.8,1.6,0.009922420787,-7.105427e-15,-4.122052e-17,-4.122052e-17,1.084e-11,0.000e+00,5.024e-17
0.8,1.6,0.01015698285,7.105427e-15,-1.011868e-16,-1.011868e-16,1.059e-11,0.000e+00,1.233e-16
0.8,1.6,0.01039708986,7.105427e-15,-2.432256e-16,-2.432256e-16,1.034e-11,0.000e+00,2.964e-16
0.8,1.6,0.01064287291,0.000000e+00,-5.727699e-16,-5.727699e-16,1.010e-11,0.000e+00,6.981e-16
0.8,1.6,0.01089446617,0.000000e+00,-1.322034e-15,-1.322034e-15,9.872e-12,0.000e+00,1.611e-15
0.8,1.6,0.01115200699,-3.552714e-15,-2.992247e-15,-2.992247e-15,9.644e-12,0.000e+00,3.647e-15
0.8,1.6,0.01141563598,-7.105427e-15,-6.644176e-15,-6.644176e-15,9.422e-12,0.000e+00,8.098e-15
0.8,1.6,0.01168549705,-1.421085e-14,-1.447991e-14,-1.447991e-14,9.205e-12,0.000e+00,1.765e-14
0.8,1.6,0.01196173753,-3.907985e-14,-3.098551e-14,-3.098551e-14,8.993e-12,0.000e+00,3.776e-14
0.8,1.6,0.01224450822,-6.039613e-14,-6.513328e-14,-6.513328e-14,8.786e-12,0.000e+00,7.938e-14
0.8,1.6,0.0125339635,-1.350031e-13,-1.345481e-13,-1.345481e-13,8.583e-12,0.000e+00,1.640e-13
0.8,1.6,0.01283026138,-2.771117e-13,-2.732483e-13,-2.732483e-13,8.386e-12,0.000e+00,3.330e-13
0.8,1.6,0.01313356363,-5.471179e-13,-5.457745e-13,-5.457745e-13,8.192e-12,0.000e+00,6.652e-13
0.8,1.6,0.01344403582,-1.069367e-12,-1.072535e-12,-1.072535e-12,8.004e-12,0.000e+00,1.307e-12
0.8,1.6,0.01376184746,-2.081890e-12,-2.074510e-12,-2.074510e-12,7.820e-12,0.000e+00,2.528e-12
0.8,1.6,0.01408717203,-3.947065e-12,-3.950794e-12,-3.950794e-12,7.640e-12,0.000e+00,4.815e-12
0.8,1.6,0.01442018714,-7.407408e-12,-7.410942e-12,-7.410942e-12,7.464e-12,3.234e-316,9.032e-12
0.8,1.6,0.0147610746,-1.369571e-11,-1.369729e-11,-1.369729e-11,7.292e-12,7.096e-309,1.669e-11
0.8,1.6,0.0151100205,-2.495426e-11,-2.495264e-11,-2.495264e-11,7.124e-12,1.053e-301,3.041e-11
0.8,1.6,0.01546721534,-4.482814e-11,-4.481919e-11,-4.481919e-11,6.960e-12,1.068e-294,5.462e-11
0.8,1.6,0.01583285413,-7.940315e-11,-7.939967e-11,-7.939967e-11,6.800e-12,7.455e-288,9.677e-11
0.8,1.6,0.01620713647,-1.387797e-10,-1.387775e-10,-1.387775e-10,6.644e-12,3.616e-281,1.691e-10
0.8,1.6,0.0165902667,-2.393890e-10,-2.393866e-10,-2.393866e-10,6.491e-12,1.229e-274,2.918e-10
0.8,1.6,0.01698245397,-4.076561e-10,-4.076557e-10,-4.076557e-10,6.342e-12,2.950e-268,4.968e-10
0.8,1.6,0.01738391239,-6.855423e-10,-6.855339e-10,-6.855339e-10,6.196e-12,5.043e-262,8.355e-10
0.8,1.6,0.01779486113,-1.138758e-09,-1.138760e-09,-1.138760e-09,6.053e-12,6.187e-256,1.388e-09
0.8,1.6,0.01821552453,-1.869072e-09,-1.869072e-09,-1.869072e-09,5.914e-12,5.490e-250,2.278e-09
0.8,1.6,0.01864613225,-3.032017e-09,-3.032013e-09,-3.032013e-09,5.778e-12,3.549e-244,3.695e-09
0.8,1.6,0.01908691936,-4.862560e-09,-4.862557e-09,-4.862557e-09,5.646e-12,1.684e-238,5.926e-09
0.8,1.6,0.0195381265,-7.711552e-09,-7.711549e-09,-7.711549e-09,5.516e-12,5.909e-233,9.399e-09
0.8,1.6,0.02,-1.209690e-08,-1.209690e-08,-1.209690e-08,5.389e-12,1.543e-227,1.474e-08
0.8,1.6,0.02055729891,-2.026538e-08,-2.026538e-08,-2.026538e-08,5.244e-12,2.513e-221,2.470e-08
0.8,1.6,0.02113012692,-3.346538e-08,-3.346537e-08,-3.346537e-08,5.102e-12,2.777e-215,4.079e-08
0.8,1.6,0.02171891675,-5.449616e-08,-5.449615e-08,-5.449615e-08,4.965e-12,2.103e-209,6.642e-08
0.8,1.6,0.02232411318,-8.754467e-08,-8.754467e-08,-8.754467e-08,4.831e-12,1.103e-203,1.067e-07
0.8,1.6,0.02294617338,-1.387865e-07,-1.387865e-07,-1.387865e-07,4.700e-12,4.047e-198,1.691e-07
0.8,1.6,0.02358556724,-2.172072e-07,-2.172072e-07,-2.172072e-07,4.574e-12,1.049e-192,2.647e-07
0.8,1.6,0.02424277779,-3.357083e-07,-3.357083e-07,-3.357083e-07,4.450e-12,1.937e-187,4.092e-07
0.8,1.6,0.02491830147,-5.125759e-07,-5.125758e-07,-5.125759e-07,4.330e-12,2.576e-182,6.247e-07
0.8,1.6,0.02561264858,-7.734028e-07,-7.734028e-07,-7.734028e-07,4.214e-12,2.486e-177,9.426e-07
0.8,1.6,0.02632634363,-1.153571e-06,-1.153571e-06,-1.153571e-06,4.100e-12,1.757e-172,1.406e-06
0.8,1.6,0.02705992576,-1.701412e-06,-1.701412e-06,-1.701413e-06,3.989e-12,9.170e-168,2.074e-06
0.8,1.6,0.02781394911,-2.482182e-06,-2.482182e-06,-2.482182e-06,3.882e-12,3.564e-163,3.025e-06
0.8,1.6,0.02858898329,-3.582982e-06,-3.582982e-06,-3.582982e-06,3.777e-12,1.040e-158,4.367e-06
0.8,1.6,0.02938561374,-5.118794e-06,-5.118794e-06,-5.118795e-06,3.675e-12,2.295e-154,6.239e-06
0.8,1.6,0.03020444227,-7.239762e-06,-7.239762e-06,-7.239764e-06,3.576e-12,3.861e-150,8.824e-06
0.8,1.6,0.0310460874,-1.013988e-05,-1.013988e-05,-1.013988e-05,3.480e-12,4.987e-146,1.236e-05
0.8,1.6,0.03191118493,-1.406721e-05,-1.406721e-05,-1.406722e-05,3.386e-12,4.981e-142,1.714e-05
0.8,1.6,0.03280038836,-1.933578e-05,-1.933578e-05,-1.933580e-05,3.295e-12,3.875e-138,2.357e-05
0.8,1.6,0.03371436939,-2.633923e-05,-2.633923e-05,-2.633928e-05,3.206e-12,2.364e-134,3.210e-05
0.8,1.6,0.03465381845,-3.556624e-05,-3.556624e-05,-3.556632e-05,3.119e-12,1.138e-130,4.335e-05
0.8,1.6,0.03561944521,-4.761780e-05,-4.761780e-05,-4.761795e-05,3.035e-12,4.351e-127,5.804e-05
0.8,1.6,0.0366119791,-6.322622e-05,-6.322622e-05,-6.322651e-05,2.953e-12,1.330e-123,7.706e-05
0.8,1.6,0.0376321699,-8.327590e-05,-8.327590e-05,-8.327643e-05,2.874e-12,3.268e-120,1.015e-04
0.8,1.6,0.03868078826,-1.088254e-04,-1.088254e-04,-1.088264e-04,2.796e-12,6.499e-117,1.326e-04
0.8,1.6,0.03975862631,-1.411310e-04,-1.411310e-04,-1.411327e-04,2.721e-12,1.051e-113,1.720e-04
0.8,1.6,0.04086649826,-1.816709e-04,-1.816709e-04,-1.816739e-04,2.648e-12,1.391e-110,2.214e-04
0.8,1.6,0.04200524101,-2.321702e-04,-2.321702e-04,-2.321753e-04,2.576e-12,1.515e-107,2.830e-04
0.8,1.6,0.04317571475,-2.946255e-04,-2.946255e-04,-2.946342e-04,2.507e-12,1.364e-104,3.591e-04
0.8,1.6,0.04437880369,-3.713296e-04,-3.713296e-04,-3.713440e-04,2.439e-12,1.021e-101,4.526e-04
0.8,1.6,0.04561541663,-4.648944e-04,-4.648944e-04,-4.649182e-04,2.373e-12,6.384e-99,5.666e-04
0.8,1.6,0.04688648772,-5.782726e-04,-5.782726e-04,-5.783111e-04,2.309e-12,3.351e-96,7.048e-04
0.8,1.6,0.04819297714,-7.147762e-04,-7.147762e-04,-7.148379e-04,2.247e-12,1.484e-93,8.712e-04
0.8,1.6,0.04953587182,-8.780929e-04,-8.780929e-04,-8.781904e-04,2.186e-12,5.568e-91,1.070e-03
0.8,1.6,0.05091618618,-1.072298e-03,-1.072298e-03,-1.072450e-03,2.127e-12,1.778e-88,1.307e-03
0.8,1.6,0.05233496293,-1.301860e-03,-1.301860e-03,-1.302094e-03,2.069e-12,4.857e-86,1.587e-03
0.8,1.6,0.05379327381,-1.571646e-03,-1.571646e-03,-1.572002e-03,2.013e-12,1.139e-83,1.916e-03
0.8,1.6,0.05529222045,-1.886914e-03,-1.886914e-03,-1.887450e-03,1.959e-12,2.302e-81,2.300e-03
0.8,1.6,0.05683293515,-2.253308e-03,-2.253308e-03,-2.254105e-03,1.906e-12,4.027e-79,2.747e-03
0.8,1.6,0.05841658179,-2.676834e-03,-2.676834e-03,-2.678006e-03,1.854e-12,6.123e-77,3.264e-03
0.8,1.6,0.06004435665,-3.163844e-03,-3.163844e-03,-3.165549e-03,1.804e-12,8.122e-75,3.858e-03
0.8,1.6,0.06171748937,-3.720998e-03,-3.720998e-03,-3.723452e-03,1.755e-12,9.432e-73,4.538e-03
0.8,1.6,0.06343724384,-4.355231e-03,-4.355231e-03,-4.358726e-03,1.707e-12,9.625e-71,5.312e-03
0.8,1.6,0.06520491918,-5.073703e-03,-5.073703e-03,-5.078632e-03,1.661e-12,8.661e-69,6.190e-03
0.8,1.6,0.06702185069,-5.883749e-03,-5.883749e-03,-5.890631e-03,1.616e-12,6.896e-67,7.179e-03
0.8,1.6,0.0688894109,-6.792816e-03,-6.792816e-03,-6.802334e-03,1.572e-12,4.874e-65,8.291e-03
0.8,1.6,0.07080901057,-7.808401e-03,-7.808401e-03,-7.821444e-03,1.529e-12,3.068e-63,9.533e-03
0.8,1.6,0.07278209978,-8.937979e-03,-8.937979e-03,-8.955689e-03,1.487e-12,1.726e-61,1.091e-02
0.8,1.6,0.07481016902,-1.018892e-02,-1.018892e-02,-1.021276e-02,1.446e-12,8.698e-60,1.245e-02
0.8,1.6,0.0768947503,-1.156843e-02,-1.156843e-02,-1.160024e-02,1.407e-12,3.940e-58,1.414e-02
0.8,1.6,0.07903741831,-1.308344e-02,-1.308344e-02,-1.312553e-02,1.368e-12,1.609e-56,1.600e-02
0.8,1.6,0.08123979166,-1.474052e-02,-1.474052e-02,-1.479577e-02,1.330e-12,5.940e-55,1.803e-02
0.8,1.6,0.08350353402,-1.654585e-02,-1.654585e-02,-1.661779e-02,1.294e-12,1.988e-53,2.025e-02
0.8,1.6,0.08583035543,-1.850506e-02,-1.850506e-02,-1.859800e-02,1.258e-12,6.044e-52,2.267e-02
0.8,1.6,0.0882220136,-2.062319e-02,-2.062319e-02,-2.074236e-02,1.223e-12,1.675e-50,2.528e-02
0.8,1.6,0.09068031519,-2.290460e-02,-2.290460e-02,-2.305627e-02,1.189e-12,4.240e-49,2.810e-02
0.8,1.6,0.09320711722,-2.535292e-02,-2.535292e-02,-2.554457e-02,1.156e-12,9.829e-48,3.113e-02
0.8,1.6,0.09580432845,-2.797092e-02,-2.797092e-02,-2.821139e-02,1.124e-12,2.092e-46,3.438e-02
0.8,1.6,0.09847391083,-3.076054e-02,-3.076054e-02,-3.106017e-02,1.093e-12,4.095e-45,3.786e-02
0.8,1.6,0.101217881,-3.372275e-02,-3.372275e-02,-3.409361e-02,1.062e-12,7.393e-44,4.155e-02
0.8,1.6,0.1040383117,-3.685755e-02,-3.685755e-02,-3.731358e-02,1.033e-12,1.234e-42,4.548e-02
0.8,1.6,0.1069373336,-4.016394e-02,-4.016394e-02,-4.072111e-02,1.004e-12,1.906e-41,4.963e-02
0.8,1.6,0.1099171365,-4.363991e-02,-4.363991e-02,-4.431639e-02,9.753e-13,2.734e-40,5.401e-02
0.8,1.6,0.1129799716,-4.728237e-02,-4.728237e-02,-4.809870e-02,9.478e-13,3.647e-39,5.862e-02
0.8,1.6,0.1161281523,-5.108723e-02,-5.108723e-02,-5.206646e-02,9.210e-13,4.532e-38,6.346e-02
0.8,1.6,0.1193640569,-5.504937e-02,-5.504937e-02,-5.621716e-02,8.949e-13,5.258e-37,6.852e-02
0.8,1.6,0.1226901298,-5.916269e-02,-5.916269e-02,-6.054742e-02,8.695e-13,5.706e-36,7.379e-02
0.8,1.6,0.1261088836,-6.342011e-02,-6.342011e-02,-6.505297e-02,8.448e-13,5.802e-35,7.928e-02
0.8,1.6,0.1296229008,-6.781369e-02,-6.781369e-02,-6.972866e-02,8.207e-13,5.538e-34,8.498e-02
0.8,1.6,0.1332348358,-7.233463e-02,-7.233463e-02,-7.456852e-02,7.973e-13,4.970e-33,9.088e-02
0.8,1.6,0.1369474172,-7.697338e-02,-7.697338e-02,-7.956578e-02,7.744e-13,4.201e-32,9.697e-02
0.8,1.6,0.1407634495,-8.171971e-02,-8.171971e-02,-8.471289e-02,7.522e-13,3.350e-31,1.032e-01
0.8,1.6,0.1446858154,-8.656278e-02,-8.656278e-02,-9.000156e-02,7.305e-13,2.524e-30,1.097e-01
0.8,1.6,0.1487174777,-9.149127e-02,-9.149127e-02,-9.542286e-02,7.094e-13,1.800e-29,1.163e-01
0.8,1.6,0.1528614821,-9.649346e-02,-9.649346e-02,-1.009672e-01,6.889e-13,1.216e-28,1.231e-01
0.8,1.6,0.157120959,-1.015573e-01,-1.015573e-01,-1.066244e-01,6.689e-13,7.800e-28,1.300e-01
0.8,1.6,0.1614991259,-1.066707e-01,-1.066707e-01,-1.123839e-01,6.495e-13,4.755e-27,1.370e-01
0.8,1.6,0.1659992902,-1.118212e-01,-1.118212e-01,-1.182345e-01,6.305e-13,2.759e-26,1.441e-01
0.8,1.6,0.1706248514,-1.169965e-01,-1.169965e-01,-1.241647e-01,6.121e-13,1.525e-25,1.513e-01
0.8,1.6,0.1753793036,-1.221845e-01,-1.221845e-01,-1.301626e-01,5.941e-13,8.049e-25,1.586e-01
0.8,1.6,0.1802662383,-1.273731e-01,-1.273731e-01,-1.362163e-01,5.767e-13,4.058e-24,1.660e-01
0.8,1.6,0.1852893472,-1.325507e-01,-1.325507e-01,-1.423133e-01,5.596e-13,1.957e-23,1.734e-01
0.8,1.6,0.1904524247,-1.377057e-01,-1.377057e-01,-1.484413e-01,5.431e-13,9.043e-23,1.809e-01
0.8,1.6,0.1957593711,-1.428273e-01,-1.428273e-01,-1.545877e-01,5.269e-13,4.006e-22,1.884e-01
0.8,1.6,0.2012141953,-1.479049e-01,-1.479049e-01,-1.607401e-01,5.112e-13,1.704e-21,1.959e-01
0.8,1.6,0.2068210179,-1.529284e-01,-1.529284e-01,-1.668858e-01,4.959e-13,6.964e-21,2.034e-01
0.8,1.6,0.2125840742,-1.578885e-01,-1.578885e-01,-1.730126e-01,4.810e-13,2.739e-20,2.109e-01
0.8,1.6,0.2185077179,-1.627763e-01,-1.627763e-01,-1.791082e-01,4.665e-13,1.037e-19,2.183e-01
0.8,1.6,0.2245964235,-1.675833e-01,-1.675833e-01,-1.851604e-01,4.523e-13,3.788e-19,2.257e-01
0.8,1.6,0.2308547906,-1.723020e-01,-1.723020e-01,-1.911576e-01,4.385e-13,1.335e-18,2.330e-01
0.8,1.6,0.2372875467,-1.769252e-01,-1.769252e-01,-1.970881e-01,4.251e-13,4.544e-18,2.402e-01
0.8,1.6,0.2438995512,-1.814463e-01,-1.814463e-01,-2.029409e-01,4.120e-13,1.496e-17,2.473e-01
0.8,1.6,0.2506957989,-1.858594e-01,-1.858594e-01,-2.087050e-01,3.992e-13,4.765e-17,2.544e-01
0.8,1.6,0.2576814237,-1.901589e-01,-1.901589e-01,-2.143700e-01,3.868e-13,1.470e-16,2.613e-01
0.8,1.6,0.2648617025,-1.943400e-01,-1.943400e-01,-2.199259e-01,3.747e-13,4.398e-16,2.680e-01
0.8,1.6,0.2722420593,-1.983982e-01,-1.983982e-01,-2.253631e-01,3.629e-13,1.276e-15,2.747e-01
0.8,1.6,0.2798280694,-2.023294e-01,-2.023294e-01,-2.306726e-01,3.515e-13,3.597e-15,2.811e-01
0.8,1.6,0.2876254633,-2.061299e-01,-2.061299e-01,-2.358456e-01,3.403e-13,9.853e-15,2.874e-01
0.8,1.6,0.2956401311,-2.097965e-01,-2.097965e-01,-2.408741e-01,3.295e-13,2.625e-14,2.936e-01
0.8,1.6,0.3038781273,-2.133261e-01,-2.133261e-01,-2.457506e-01,3.189e-13,6.806e-14,2.995e-01
0.8,1.6,0.3123456747,-2.167162e-01,-2.167162e-01,-2.504679e-01,3.086e-13,1.719e-13,3.053e-01
0.8,1.6,0.3210491698,-2.199643e-01,-2.199643e-01,-2.550195e-01,2.986e-13,4.231e-13,3.108e-01
0.8,1.6,0.3299951874,-2.230681e-01,-2.230681e-01,-2.593993e-01,2.889e-13,1.016e-12,3.161e-01
0.8,1.6,0.3391904853,-2.260257e-01,-2.260257e-01,-2.636020e-01,2.795e-13,2.381e-12,3.213e-01
0.8,1.6,0.3486420097,-2.288352e-01,-2.288352e-01,-2.676225e-01,2.704e-13,5.450e-12,3.262e-01
0.8,1.6,0.3583569002,-2.314948e-01,-2.314948e-01,-2.714564e-01,2.616e-13,1.219e-11,3.308e-01
0.8,1.6,0.3683424957,-2.340030e-01,-2.340030e-01,-2.750999e-01,2.530e-13,2.667e-11,3.353e-01
0.8,1.6,0.3786063392,-2.363582e-01,-2.363582e-01,-2.785494e-01,2.448e-13,5.710e-11,3.395e-01
0.8,1.6,0.3891561842,-2.385592e-01,-2.385592e-01,-2.818022e-01,2.368e-13,1.197e-10,3.435e-01
0.8,1.6,0.4,-2.406047e-01,-2.406047e-01,-2.848558e-01,2.291e-13,2.457e-10,3.472e-01
0.8,2.0,0.0025,5.684342e-14,-1.088400e-45,-1.088400e-45,4.309e-11,0.000e+00,1.361e-45
0.8,2.0,0.002559099,2.842171e-14,-1.241465e-44,-1.241465e-44,4.209e-11,0.000e+00,1.552e-44
0.8,2.0,0.002619595078,2.842171e-14,-1.338287e-43,-1.338287e-43,4.111e-11,0.000e+00,1.673e-43
0.8,2.0,0.002681521258,0.000000e+00,-1.365212e-42,-1.365212e-42,4.016e-11,0.000e+00,1.707e-42
0.8,2.0,0.002744911348,1.421085e-14,-1.319592e-41,-1.319592e-41,3.923e-11,0.000e+00,1.650e-41
0.8,2.0,0.002809799955,2.842171e-14,-1.210067e-40,-1.210067e-40,3.832e-11,0.000e+00,1.513e-40
0.8,2.0,0.002876222502,-1.421085e-14,-1.053990e-39,-1.053990e-39,3.744e-11,0.000e+00,1.318e-39
0.8,2.0,0.002944215252,1.421085e-14,-8.730471e-39,-8.730471e-39,3.657e-11,0.000e+00,1.092e-38
0.8,2.0,0.003013815324,1.421085e-14,-6.885201e-38,-6.885201e-38,3.572e-11,0.000e+00,8.608e-38
0.8,2.0,0.003085060713,4.263256e-14,-5.175661e-37,-5.175661e-37,3.490e-11,0.000e+00,6.471e-37
0.8,2.0,0.003157990315,0.000000e+00,-3.712499e-36,-3.712499e-36,3.409e-11,0.000e+00,4.642e-36
0.8,2.0,0.003232643943,0.000000e+00,-2.543830e-35,-2.543830e-35,3.330e-11,0.000e+00,3.180e-35
0.8,2.0,0.003309062353,0.000000e+00,-1.666825e-34,-1.666825e-34,3.253e-11,0.000e+00,2.084e-34
0.8,2.0,0.003387287264,0.000000e+00,-1.045492e-33,-1.045492e-33,3.178e-11,0.000e+00,1.307e-33
0.8,2.0,0.003467361381,2.842171e-14,-6.283739e-33,-6.283739e-33,3.104e-11,0.000e+00,7.856e-33
0.8,2.0,0.003549328418,0.000000e+00,-3.622517e-32,-3.622517e-32,3.032e-11,0.000e+00,4.529e-32
0.8,2.0,0.003633233122,0.000000e+00,-2.005006e-31,-2.005006e-31,2.962e-11,0.000e+00,2.507e-31
0.8,2.0,0.003719121301,0.000000e+00,-1.066454e-30,-1.066454e-30,2.893e-11,0.000e+00,1.333e-30
0.8,2.0,0.003807039841,-1.421085e-14,-5.456188e-30,-5.456188e-30,2.827e-11,0.000e+00,6.822e-30
0.8,2.0,0.003897036741,2.842171e-14,-2.687488e-29,-2.687488e-29,2.761e-11,0.000e+00,3.360e-29
0.8,2.0,0.003989161131,-1.421085e-14,-1.275542e-28,-1.275542e-28,2.697e-11,0.000e+00,1.595e-28
0.8,2.0,0.004083463305,0.000000e+00,-5.838563e-28,-5.838563e-28,2.635e-11,0.000e+00,7.300e-28
0.8,2.0,0.004179994745,0.000000e+00,-2.579548e-27,-2.579548e-27,2.574e-11,0.000e+00,3.225e-27
0.8,2.0,0.00427880815,-1.421085e-14,-1.100937e-26,-1.100937e-26,2.514e-11,0.000e+00,1.376e-26
0.8,2.0,0.004379957463,0.000000e+00,-4.542657e-26,-4.542657e-26,2.456e-11,0.000e+00,5.680e-26
0.8,2.0,0.004483497907,-1.421085e-14,-1.813528e-25,-1.813528e-25,2.399e-11,0.000e+00,2.267e-25
0.8,2.0,0.004589486004,0.000000e+00,-7.010303e-25,-7.010303e-25,2.344e-11,0.000e+00,8.765e-25
0.8,2.0,0.004697979618,0.000000e+00,-2.625854e-24,-2.625854e-24,2.289e-11,0.000e+00,3.283e-24
0.8,2.0,0.004809037978,0.000000e+00,-9.537658e-24,-9.537658e-24,2.237e-11,0.000e+00,1.192e-23
0.8,2.0,0.004922721713,0.000000e+00,-3.361698e-23,-3.361698e-23,2.185e-11,0.000e+00,4.203e-23
0.8,2.0,0.005039092886,1.421085e-14,-1.150596e-22,-1.150596e-22,2.134e-11,0.000e+00,1.439e-22
0.8,2.0,0.005158215027,0.000000e+00,-3.826742e-22,-3.826742e-22,2.085e-11,0.000e+00,4.784e-22
0.8,2.0,0.005280153168,-7.105427e-15,-1.237556e-21,-1.237556e-21,2.037e-11,0.000e+00,1.547e-21
0.8,2.0,0.005404973878,-7.105427e-15,-3.894134e-21,-3.894134e-21,1.990e-11,0.000e+00,4.869e-21
0.8,2.0,0.005532745299,-1.421085e-14,-1.193005e-20,-1.193005e-20,1.944e-11,0.000e+00,1.492e-20
0.8,2.0,0.005663537186,-7.105427e-15,-3.560629e-20,-3.560629e-20,1.899e-11,0.000e+00,4.452e-20
0.8,2.0,0.00579742094,7.105427e-15,-1.035921e-19,-1.035921e-19,1.855e-11,0.000e+00,1.295e-19
0.8,2.0,0.005934469654,7.105427e-15,-2.939665e-19,-2.939665e-19,1.812e-11,0.000e+00,3.675e-19
0.8,2.0,0.006074758143,-7.105427e-15,-8.141238e-19,-8.141238e-19,1.770e-11,0.000e+00,1.018e-18
0.8,2.0,0.006218362997,-7.105427e-15,-2.201652e-18,-2.201652e-18,1.729e-11,0.000e+00,2.753e-18
0.8,2.0,0.006365362612,0.000000e+00,-5.817163e-18,-5.817163e-18,1.689e-11,0.000e+00,7.273e-18
0.8,2.0,0.006515837239,-7.105427e-15,-1.502489e-17,-1.502489e-17,1.650e-11,0.000e+00,1.879e-17
0.8,2.0,0.006669869026,0.000000e+00,-3.795564e-17,-3.795564e-17,1.612e-11,0.000e+00,4.745e-17
0.8,2.0,0.006827542063,-7.105427e-15,-9.382727e-17,-9.382727e-17,1.575e-11,0.000e+00,1.173e-16
0.8,2.0,0.006988942427,0.000000e+00,-2.270842e-16,-2.270842e-16,1.538e-11,0.000e+00,2.839e-16
0.8,2.0,0.007154158232,0.000000e+00,-5.383466e-16,-5.383466e-16,1.503e-11,0.000e+00,6.731e-16
0.8,2.0,0.007323279672,0.000000e+00,-1.250725e-15,-1.250725e-15,1.468e-11,0.000e+00,1.564e-15
0.8,2.0,0.007496399075,7.105427e-15,-2.848978e-15,-2.848978e-15,1.434e-11,0.000e+00,3.562e-15
0.8,2.0,0.007673610952,-1.421085e-14,-6.365633e-15,-6.365633e-15,1.401e-11,0.000e+00,7.959e-15
0.8,2.0,0.007855012047,-7.105427e-15,-1.395767e-14,-1.395767e-14,1.369e-11,0.000e+00,1.745e-14
0.8,2.0,0.008040701391,-4.263256e-14,-3.004636e-14,-3.004636e-14,1.337e-11,0.000e+00,3.757e-14
0.8,2.0,0.008230780357,-6.394885e-14,-6.352767e-14,-6.352767e-14,1.306e-11,0.000e+00,7.943e-14
0.8,2.0,0.008425352714,-1.278977e-13,-1.319795e-13,-1.319795e-13,1.276e-11,0.000e+00,1.650e-13
0.8,2.0,0.008624524683,-2.700062e-13,-2.695248e-13,-2.695248e-13,1.246e-11,0.000e+00,3.370e-13
0.8,2.0,0.008828404998,-5.471179e-13,-5.412670e-13,-5.412670e-13,1.218e-11,0.000e+00,6.767e-13
0.8,2.0,0.009037104963,-1.072920e-12,-1.069333e-12,-1.069333e-12,1.190e-11,0.000e+00,1.337e-12
0.8,2.0,0.009250738511,-2.074785e-12,-2.079063e-12,-2.079063e-12,1.162e-11,0.000e+00,2.599e-12
0.8,2.0,0.00946942227,-3.979039e-12,-3.979564e-12,-3.979564e-12,1.135e-11,0.000e+00,4.975e-12
0.8,2.0,0.009693275626,-7.496226e-12,-7.501937e-12,-7.501937e-12,1.109e-11,0.000e+00,9.379e-12
0.8,2.0,0.009922420787,-1.393374e-11,-1.393267e-11,-1.393267e-11,1.084e-11,0.000e+00,1.742e-11
0.8,2.0,0.01015698285,-2.550848e-11,-2.550164e-11,-2.550164e-11,1.059e-11,0.000e+00,3.188e-11
0.8,2.0,0.01039708986,-4.601475e-11,-4.601725e-11,-4.601725e-11,1.034e-11,0.000e+00,5.753e-11
0.8,2.0,0.01064287291,-8.189716e-11,-8.189072e-11,-8.189072e-11,1.010e-11,0.000e+00,1.024e-10
0.8,2.0,0.01089446617,-1.437677e-10,-1.437638e-10,-1.437638e-10,9.870e-12,0.000e+00,1.797e-10
0.8,2.0,0.01115200699,-2.490630e-10,-2.490586e-10,-2.490586e-10,9.642e-12,0.000e+00,3.114e-10
0.8,2.0,0.01141563598,-4.259206e-10,-4.259159e-10,-4.259159e-10,9.420e-12,0.000e+00,5.325e-10
0.8,2.0,0.01168549705,-7.191936e-10,-7.191942e-10,-7.191942e-10,9.203e-12,0.000e+00,8.992e-10
0.8,2.0,0.01196173753,-1.199496e-09,-1.199487e-09,-1.199487e-09,8.991e-12,0.000e+00,1.500e-09
0.8,2.0,0.01224450822,-1.976495e-09,-1.976498e-09,-1.976498e-09,8.783e-12,0.000e+00,2.471e-09
0.8,2.0,0.0125339635,-3.218624e-09,-3.218618e-09,-3.218618e-09,8.581e-12,0.000e+00,4.024e-09
0.8,2.0,0.01283026138,-5.181235e-09,-5.181233e-09,-5.181233e-09,8.383e-12,0.000e+00,6.478e-09
0.8,2.0,0.01313356363,-8.247138e-09,-8.247140e-09,-8.247140e-09,8.190e-12,0.000e+00,1.031e-08
0.8,2.0,0.01344403582,-1.298353e-08,-1.298353e-08,-1.298353e-08,8.001e-12,0.000e+00,1.623e-08
0.8,2.0,0.01376184746,-2.022145e-08,-2.022145e-08,-2.022145e-08,7.817e-12,0.000e+00,2.528e-08
0.8,2.0,0.01408717203,-3.116513e-08,-3.116514e-08,-3.116514e-08,7.637e-12,0.000e+00,3.896e-08
0.8,2.0,0.01442018714,-4.754104e-08,-4.754105e-08,-4.754105e-08,7.461e-12,3.575e-316,5.944e-08
0.8,2.0,0.0147610746,-7.179831e-08,-7.179831e-08,-7.179831e-08,7.289e-12,7.845e-309,8.977e-08
0.8,2.0,0.0151100205,-1.073757e-07,-1.073757e-07,-1.073757e-07,7.121e-12,1.165e-301,1.342e-07
0.8,2.0,0.01546721534,-1.590532e-07,-1.590531e-07,-1.590531e-07,6.958e-12,1.181e-294,1.989e-07
0.8,2.0,0.01583285413,-2.334097e-07,-2.334097e-07,-2.334097e-07,6.797e-12,8.242e-288,2.918e-07
0.8,2.0,0.01620713647,-3.394139e-07,-3.394140e-07,-3.394140e-07,6.641e-12,3.998e-281,4.244e-07
0.8,2.0,0.0165902667,-4.891771e-07,-4.891771e-07,-4.891771e-07,6.488e-12,1.359e-274,6.116e-07
0.8,2.0,0.01698245397,-6.989041e-07,-6.989041e-07,-6.989041e-07,6.339e-12,3.262e-268,8.738e-07
0.8,2.0,0.01738391239,-9.900829e-07,-9.900829e-07,-9.900829e-07,6.193e-12,5.576e-262,1.238e-06
0.8,2.0,0.01779486113,-1.390956e-06,-1.390956e-06,-1.390956e-06,6.050e-12,6.841e-256,1.739e-06
0.8,2.0,0.01821552453,-1.938323e-06,-1.938323e-06,-1.938323e-06,5.911e-12,6.070e-250,2.423e-06
0.8,2.0,0.01864613225,-2.679734e-06,-2.679734e-06,-2.679734e-06,5.775e-12,3.924e-244,3.350e-06
0.8,2.0,0.01908691936,-3.676117e-06,-3.676117e-06,-3.676117e-06,5.642e-12,1.862e-238,4.596e-06
0.8,2.0,0.0195381265,-5.004917e-06,-5.004917e-06,-5.004917e-06,5.512e-12,6.533e-233,6.257e-06
0.8,2.0,0.02,-6.763792e-06,-6.763792e-06,-6.763792e-06,5.385e-12,1.706e-227,8.456e-06
0.8,2.0,0.02055729891,-9.550571e-06,-9.550571e-06,-9.550571e-06,5.240e-12,2.779e-221,1.194e-05
0.8,2.0,0.02113012692,-1.335492e-05,-1.335492e-05,-1.335492e-05,5.099e-12,3.070e-215,1.670e-05
0.8,2.0,0.02171891675,-1.849867e-05,-1.849867e-05,-1.849867e-05,4.961e-12,2.325e-209,2.313e-05
0.8,2.0,0.02232411318,-2.538858e-05,-2.538858e-05,-2.538858e-05,4.827e-12,1.220e-203,3.174e-05
0.8,2.0,0.02294617338,-3.453373e-05,-3.453373e-05,-3.453373e-05,4.697e-12,4.474e-198,4.318e-05
0.8,2.0,0.02358556724,-4.656516e-05,-4.656516e-05,-4.656516e-05,4.570e-12,1.159e-192,5.822e-05
0.8,2.0,0.02424277779,-6.225780e-05,-6.225780e-05,-6.225780e-05,4.446e-12,2.142e-187,7.784e-05
0.8,2.0,0.02491830147,-8.255461e-05,-8.255461e-05,-8.255461e-05,4.326e-12,2.848e-182,1.032e-04
0.8,2.0,0.02561264858,-1.085928e-04,-1.085928e-04,-1.085928e-04,4.209e-12,2.748e-177,1.358e-04
0.8,2.0,0.02632634363,-1.417316e-04,-1.417316e-04,-1.417316e-04,4.096e-12,1.942e-172,1.772e-04
0.8,2.0,0.02705992576,-1.835824e-04,-1.835824e-04,-1.835824e-04,3.985e-12,1.014e-167,2.295e-04
0.8,2.0,0.02781394911,-2.360386e-04,-2.360386e-04,-2.360386e-04,3.877e-12,3.941e-163,2.951e-04
0.8,2.0,0.02858898329,-3.013072e-04,-3.013072e-04,-3.013072e-04,3.773e-12,1.150e-158,3.767e-04
0.8,2.0,0.02938561374,-3.819402e-04,-3.819402e-04,-3.819402e-04,3.671e-12,2.537e-154,4.775e-04
0.8,2.0,0.03020444227,-4.808645e-04,-4.808645e-04,-4.808645e-04,3.572e-12,4.268e-150,6.012e-04
0.8,2.0,0.0310460874,-6.014115e-04,-6.014115e-04,-6.014115e-04,3.475e-12,5.513e-146,7.519e-04
0.8,2.0,0.03191118493,-7.473435e-04,-7.473435e-04,-7.473436e-04,3.381e-12,5.507e-142,9.344e-04
0.8,2.0,0.03280038836,-9.228776e-04,-9.228776e-04,-9.228777e-04,3.290e-12,4.284e-138,1.154e-03
0.8,2.0,0.03371436939,-1.132705e-03,-1.132705e-03,-1.132705e-03,3.200e-12,2.613e-134,1.416e-03
0.8,2.0,0.03465381845,-1.382008e-03,-1.382008e-03,-1.382008e-03,3.114e-12,1.258e-130,1.728e-03
0.8,2.0,0.03561944521,-1.676466e-03,-1.676466e-03,-1.676466e-03,3.029e-12,4.810e-127,2.096e-03
0.8,2.0,0.0366119791,-2.022261e-03,-2.022261e-03,-2.022261e-03,2.947e-12,1.470e-123,2.528e-03
0.8,2.0,0.0376321699,-2.426074e-03,-2.426074e-03,-2.426074e-03,2.867e-12,3.614e-120,3.033e-03
0.8,2.0,0.03868078826,-2.895073e-03,-2.895073e-03,-2.895074e-03,2.789e-12,7.185e-117,3.620e-03
0.8,2.0,0.03975862631,-3.436894e-03,-3.436894e-03,-3.436896e-03,2.714e-12,1.162e-113,4.297e-03
0.8,2.0,0.04086649826,-4.059614e-03,-4.059614e-03,-4.059617e-03,2.640e-12,1.538e-110,5.076e-03
0.8,2.0,0.04200524101,-4.771713e-03,-4.771713e-03,-4.771718e-03,2.568e-12,1.675e-107,5.966e-03
0.8,2.0,0.04317571475,-5.582033e-03,-5.582033e-03,-5.582041e-03,2.498e-12,1.508e-104,6.979e-03
0.8,2.0,0.04437880369,-6.499725e-03,-6.499725e-03,-6.499739e-03,2.430e-12,1.129e-101,8.126e-03
0.8,2.0,0.04561541663,-7.534188e-03,-7.534188e-03,-7.534212e-03,2.363e-12,7.058e-99,9.420e-03
0.8,2.0,0.04688648772,-8.695004e-03,-8.695004e-03,-8.695042e-03,2.298e-12,3.705e-96,1.087e-02
0.8,2.0,0.04819297714,-9.991861e-03,-9.991861e-03,-9.991922e-03,2.235e-12,1.641e-93,1.249e-02
0.8,2.0,0.04953587182,-1.143448e-02,-1.143448e-02,-1.143457e-02,2.174e-12,6.156e-91,1.430e-02
0.8,2.0,0.05091618618,-1.303252e-02,-1.303252e-02,-1.303267e-02,2.114e-12,1.966e-88,1.629e-02
0.8,2.0,0.05233496293,-1.479550e-02,-1.479550e-02,-1.479573e-02,2.056e-12,5.369e-86,1.850e-02
0.8,2.0,0.05379327381,-1.673271e-02,-1.673271e-02,-1.673306e-02,1.999e-12,1.259e-83,2.092e-02
0.8,2.0,0.05529222045,-1.885312e-02,-1.885312e-02,-1.885364e-02,1.944e-12,2.545e-81,2.357e-02
0.8,2.0,0.05683293515,-2.116525e-02,-2.116525e-02,-2.116604e-02,1.890e-12,4.452e-79,2.646e-02
0.8,2.0,0.05841658179,-2.367716e-02,-2.367716e-02,-2.367831e-02,1.838e-12,6.770e-77,2.960e-02
0.8,2.0,0.06004435665,-2.639628e-02,-2.639628e-02,-2.639795e-02,1.786e-12,8.979e-75,3.300e-02
0.8,2.0,0.06171748937,-2.932936e-02,-2.932936e-02,-2.933175e-02,1.737e-12,1.043e-72,3.667e-02
0.8,2.0,0.06343724384,-3.248238e-02,-3.248238e-02,-3.248578e-02,1.688e-12,1.064e-70,4.062e-02
0.8,2.0,0.06520491918,-3.586048e-02,-3.586048e-02,-3.586527e-02,1.641e-12,9.576e-69,4.484e-02
0.8,2.0,0.06702185069,-3.946790e-02,-3.946790e-02,-3.947456e-02,1.595e-12,7.624e-67,4.935e-02
0.8,2.0,0.0688894109,-4.330788e-02,-4.330788e-02,-4.331707e-02,1.550e-12,5.389e-65,5.416e-02
0.8,2.0,0.07080901057,-4.738264e-02,-4.738264e-02,-4.739518e-02,1.507e-12,3.392e-63,5.926e-02
0.8,2.0,0.07278209978,-5.169330e-02,-5.169330e-02,-5.171026e-02,1.464e-12,1.908e-61,6.465e-02
0.8,2.0,0.07481016902,-5.623988e-02,-5.623988e-02,-5.626260e-02,1.423e-12,9.616e-60,7.034e-02
0.8,2.0,0.0768947503,-6.102122e-02,-6.102122e-02,-6.105140e-02,1.383e-12,4.356e-58,7.633e-02
0.8,2.0,0.07903741831,-6.603501e-02,-6.603501e-02,-6.607474e-02,1.343e-12,1.779e-56,8.261e-02
0.8,2.0,0.08123979166,-7.127773e-02,-7.127773e-02,-7.132960e-02,1.305e-12,6.567e-55,8.918e-02
0.8,2.0,0.08350353402,-7.674470e-02,-7.674470e-02,-7.681185e-02,1.268e-12,2.197e-53,9.603e-02
0.8,2.0,0.08583035543,-8.243004e-02,-8.243004e-02,-8.251626e-02,1.232e-12,6.682e-52,1.032e-01
0.8,2.0,0.0882220136,-8.832671e-02,-8.832671e-02,-8.843655e-02,1.197e-12,1.852e-50,1.106e-01
0.8,2.0,0.09068031519,-9.442653e-02,-9.442653e-02,-9.456538e-02,1.163e-12,4.688e-49,1.182e-01
0.8,2.0,0.09320711722,-1.007203e-01,-1.007203e-01,-1.008944e-01,1.130e-12,1.087e-47,1.261e-01
0.8,2.0,0.09580432845,-1.071976e-01,-1.071976e-01,-1.074144e-01,1.098e-12,2.312e-46,1.343e-01
0.8,2.0,0.09847391083,-1.138471e-01,-1.138471e-01,-1.141152e-01,1.067e-12,4.527e-45,1.427e-01
0.8,2.0,0.101217881,-1.206567e-01,-1.206567e-01,-1.209857e-01,1.036e-12,8.174e-44,1.513e-01
0.8,2.0,0.1040383117,-1.276133e-01,-1.276133e-01,-1.280143e-01,1.007e-12,1.364e-42,1.601e-01
0.8,2.0,0.1069373336,-1.347030e-01,-1.347030e-01,-1.351883e-01,9.783e-13,2.108e-41,1.690e-01
0.8,2.0,0.1099171365,-1.419113e-01,-1.419113e-01,-1.424947e-01,9.506e-13,3.023e-40,1.782e-01
0.8,2.0,0.1129799716,-1.492230e-01,-1.492230e-01,-1.499198e-01,9.236e-13,4.032e-39,1.874e-01
0.8,2.0,0.1161281523,-1.566226e-01,-1.566226e-01,-1.574495e-01,8.974e-13,5.010e-38,1.969e-01
0.8,2.0,0.1193640569,-1.640941e-01,-1.640941e-01,-1.650692e-01,8.720e-13,5.813e-37,2.064e-01
0.8,2.0,0.1226901298,-1.716213e-01,-1.716213e-01,-1.727640e-01,8.473e-13,6.309e-36,2.160e-01
0.8,2.0,0.1261088836,-1.791878e-01,-1.791878e-01,-1.805188e-01,8.233e-13,6.415e-35,2.257e-01
0.8,2.0,0.1296229008,-1.867772e-01,-1.867772e-01,-1.883182e-01,8.001e-13,6.123e-34,2.354e-01
0.8,2.0,0.1332348358,-1.943732e-01,-1.943732e-01,-1.961470e-01,7.775e-13,5.495e-33,2.452e-01
0.8,2.0,0.1369474172,-2.019596e-01,-2.019596e-01,-2.039895e-01,7.556e-13,4.645e-32,2.550e-01
0.8,2.0,0.1407634495,-2.095207e-01,-2.095207e-01,-2.118306e-01,7.344e-13,3.704e-31,2.648e-01
0.8,2.0,0.1446858154,-2.170410e-01,-2.170410e-01,-2.196549e-01,7.137e-13,2.791e-30,2.746e-01
0.8,2.0,0.1487174777,-2.245057e-01,-2.245057e-01,-2.274473e-01,6.937e-13,1.990e-29,2.844e-01
0.8,2.0,0.1528614821,-2.319004e-01,-2.319004e-01,-2.351930e-01,6.742e-13,1.345e-28,2.941e-01
0.8,2.0,0.157120959,-2.392115e-01,-2.392115e-01,-2.428774e-01,6.553e-13,8.624e-28,3.037e-01
0.8,2.0,0.1614991259,-2.464262e-01,-2.464262e-01,-2.504865e-01,6.369e-13,5.257e-27,3.132e-01
0.8,2.0,0.1659992902,-2.535323e-01,-2.535323e-01,-2.580063e-01,6.191e-13,3.050e-26,3.226e-01
0.8,2.0,0.1706248514,-2.605188e-01,-2.605188e-01,-2.654235e-01,6.018e-13,1.686e-25,3.318e-01
0.8,2.0,0.1753793036,-2.673754e-01,-2.673754e-01,-2.727252e-01,5.849e-13,8.899e-25,3.410e-01
0.8,2.0,0.1802662383,-2.740926e-01,-2.740926e-01,-2.798991e-01,5.685e-13,4.487e-24,3.499e-01
0.8,2.0,0.1852893472,-2.806620e-01,-2.806620e-01,-2.869335e-01,5.525e-13,2.164e-23,3.587e-01
0.8,2.0,0.1904524247,-2.870762e-01,-2.870762e-01,-2.938170e-01,5.370e-13,9.997e-23,3.673e-01
0.8,2.0,0.1957593711,-2.933285e-01,-2.933285e-01,-3.005390e-01,5.219e-13,4.429e-22,3.758e-01
0.8,2.0,0.2012141953,-2.994132e-01,-2.994132e-01,-3.070895e-01,5.072e-13,1.884e-21,3.839e-01
0.8,2.0,0.2068210179,-3.053254e-01,-3.053254e-01,-3.134591e-01,4.929e-13,7.699e-21,3.919e-01
0.8,2.0,0.2125840742,-3.110612e-01,-3.110612e-01,-3.196390e-01,4.789e-13,3.028e-20,3.996e-01
0.8,2.0,0.2185077179,-3.166171e-01,-3.166171e-01,-3.256212e-01,4.653e-13,1.147e-19,4.071e-01
0.8,2.0,0.2245964235,-3.219905e-01,-3.219905e-01,-3.313982e-01,4.521e-13,4.188e-19,4.143e-01
0.8,2.0,0.2308547906,-3.271793e-01,-3.271793e-01,-3.369632e-01,4.392e-13,1.476e-18,4.213e-01
0.8,2.0,0.2372875467,-3.321822e-01,-3.321822e-01,-3.423100e-01,4.266e-13,5.024e-18,4.280e-01
0.8,2.0,0.2438995512,-3.369979e-01,-3.369979e-01,-3.474330e-01,4.143e-13,1.654e-17,4.344e-01
0.8,2.0,0.2506957989,-3.416260e-01,-3.416260e-01,-3.523274e-01,4.024e-13,5.268e-17,4.405e-01
0.8,2.0,0.2576814237,-3.460661e-01,-3.460661e-01,-3.569889e-01,3.907e-13,1.625e-16,4.463e-01
0.8,2.0,0.2648617025,-3.503181e-01,-3.503181e-01,-3.614139e-01,3.794e-13,4.862e-16,4.519e-01
0.8,2.0,0.2722420593,-3.543822e-01,-3.543822e-01,-3.655992e-01,3.683e-13,1.411e-15,4.571e-01
0.8,2.0,0.2798280694,-3.582586e-01,-3.582586e-01,-3.695424e-01,3.575e-13,3.977e-15,4.620e-01
0.8,2.0,0.2876254633,-3.619478e-01,-3.619478e-01,-3.732414e-01,3.471e-13,1.089e-14,4.666e-01
0.8,2.0,0.2956401311,-3.654500e-01,-3.654500e-01,-3.766950e-01,3.369e-13,2.902e-14,4.710e-01
0.8,2.0,0.3038781273,-3.687658e-01,-3.687658e-01,-3.799022e-01,3.269e-13,7.524e-14,4.750e-01
0.8,2.0,0.3123456747,-3.718954e-01,-3.718954e-01,-3.828627e-01,3.173e-13,1.900e-13,4.787e-01
0.8,2.0,0.3210491698,-3.748393e-01,-3.748393e-01,-3.855764e-01,3.079e-13,4.678e-13,4.821e-01
0.8,2.0,0.3299951874,-3.775977e-01,-3.775977e-01,-3.880441e-01,2.988e-13,1.123e-12,4.852e-01
0.8,2.0,0.3391904853,-3.801708e-01,-3.801708e-01,-3.902665e-01,2.900e-13,2.632e-12,4.879e-01
0.8,2.0,0.3486420097,-3.825589e-01,-3.825589e-01,-3.922452e-01,2.815e-13,6.026e-12,4.904e-01
0.8,2.0,0.3583569002,-3.847620e-01,-3.847620e-01,-3.939819e-01,2.732e-13,1.348e-11,4.926e-01
0.8,2.0,0.3683424957,-3.867804e-01,-3.867804e-01,-3.954787e-01,2.652e-13,2.949e-11,4.945e-01
0.8,2.0,0.3786063392,-3.886140e-01,-3.886140e-01,-3.967381e-01,2.574e-13,6.313e-11,4.960e-01
0.8,2.0,0.3891561842,-3.902631e-01,-3.902631e-01,-3.977628e-01,2.500e-13,1.323e-10,4.973e-01
0.8,2.0,0.4,-3.917279e-01,-3.917279e-01,-3.985560e-01,2.428e-13,2.717e-10,4.983e-01
0.8,2.4,0.0025,0.000000e+00,-9.683317e-31,-9.683317e-31,4.313e-11,0.000e+00,1.270e-30
0.8,2.4,0.002559099,0.000000e+00,-4.989752e-30,-4.989752e-30,4.213e-11,0.000e+00,6.543e-30
0.8,2.4,0.002619595078,0.000000e+00,-2.474983e-29,-2.474983e-29,4.116e-11,0.000e+00,3.246e-29
0.8,2.4,0.002681521258,-2.842171e-14,-1.182733e-28,-1.182733e-28,4.021e-11,0.000e+00,1.551e-28
0.8,2.4,0.002744911348,1.421085e-14,-5.449990e-28,-5.449990e-28,3.928e-11,0.000e+00,7.147e-28
0.8,2.4,0.002809799955,-1.421085e-14,-2.423619e-27,-2.423619e-27,3.837e-11,0.000e+00,3.178e-27
0.8,2.4,0.002876222502,1.421085e-14,-1.040997e-26,-1.040997e-26,3.748e-11,0.000e+00,1.365e-26
0.8,2.4,0.002944215252,-1.421085e-14,-4.322139e-26,-4.322139e-26,3.662e-11,0.000e+00,5.668e-26
0.8,2.4,0.003013815324,2.842171e-14,-1.736013e-25,-1.736013e-25,3.577e-11,0.000e+00,2.276e-25
0.8,2.4,0.003085060713,0.000000e+00,-6.750635e-25,-6.750635e-25,3.494e-11,0.000e+00,8.852e-25
0.8,2.4,0.003157990315,-1.421085e-14,-2.543304e-24,-2.543304e-24,3.413e-11,0.000e+00,3.335e-24
0.8,2.4,0.003232643943,-1.421085e-14,-9.290328e-24,-9.290328e-24,3.334e-11,0.000e+00,1.218e-23
0.8,2.4,0.003309062353,0.000000e+00,-3.292707e-23,-3.292707e-23,3.257e-11,0.000e+00,4.318e-23
0.8,2.4,0.003387287264,-2.842171e-14,-1.133097e-22,-1.133097e-22,3.182e-11,0.000e+00,1.486e-22
0.8,2.4,0.003467361381,0.000000e+00,-3.788513e-22,-3.788513e-22,3.108e-11,0.000e+00,4.968e-22
0.8,2.4,0.003549328418,0.000000e+00,-1.231536e-21,-1.231536e-21,3.037e-11,0.000e+00,1.615e-21
0.8,2.4,0.003633233122,-2.842171e-14,-3.894795e-21,-3.894795e-21,2.966e-11,0.000e+00,5.107e-21
0.8,2.4,0.003719121301,-1.421085e-14,-1.199104e-20,-1.199104e-20,2.898e-11,0.000e+00,1.572e-20
0.8,2.4,0.003807039841,-1.421085e-14,-3.596109e-20,-3.596109e-20,2.831e-11,0.000e+00,4.716e-20
0.8,2.4,0.003897036741,1.421085e-14,-1.051178e-19,-1.051178e-19,2.765e-11,0.000e+00,1.378e-19
0.8,2.4,0.003989161131,-2.842171e-14,-2.996705e-19,-2.996705e-19,2.701e-11,0.000e+00,3.930e-19
0.8,2.4,0.004083463305,0.000000e+00,-8.336568e-19,-8.336568e-19,2.639e-11,0.000e+00,1.093e-18
0.8,2.4,0.004179994745,-2.842171e-14,-2.264391e-18,-2.264391e-18,2.578e-11,0.000e+00,2.969e-18
0.8,2.4,0.00427880815,0.000000e+00,-6.008638e-18,-6.008638e-18,2.518e-11,0.000e+00,7.879e-18
0.8,2.4,0.004379957463,-1.421085e-14,-1.558459e-17,-1.558459e-17,2.460e-11,0.000e+00,2.044e-17
0.8,2.4,0.004483497907,-1.421085e-14,-3.953102e-17,-3.953102e-17,2.403e-11,0.000e+00,5.184e-17
0.8,2.4,0.004589486004,-2.842171e-14,-9.811322e-17,-9.811322e-17,2.348e-11,0.000e+00,1.287e-16
0.8,2.4,0.004697979618,-1.421085e-14,-2.383868e-16,-2.383868e-16,2.294e-11,0.000e+00,3.126e-16
0.8,2.4,0.004809037978,-1.421085e-14,-5.673033e-16,-5.673033e-16,2.241e-11,0.000e+00,7.439e-16
0.8,2.4,0.004922721713,-2.842171e-14,-1.322925e-15,-1.322925e-15,2.189e-11,0.000e+00,1.735e-15
0.8,2.4,0.005039092886,-1.421085e-14,-3.024442e-15,-3.024442e-15,2.138e-11,0.000e+00,3.966e-15
0.8,2.4,0.005158215027,-2.842171e-14,-6.781791e-15,-6.781791e-15,2.089e-11,0.000e+00,8.893e-15
0.8,2.4,0.005280153168,-3.552714e-14,-1.492199e-14,-1.492199e-14,2.040e-11,0.000e+00,1.957e-14
0.8,2.4,0.005404973878,-4.973799e-14,-3.223164e-14,-3.223164e-14,1.993e-11,0.000e+00,4.227e-14
0.8,2.4,0.005532745299,-8.526513e-14,-6.837482e-14,-6.837482e-14,1.947e-11,0.000e+00,8.966e-14
0.8,2.4,0.005663537186,-1.705303e-13,-1.425114e-13,-1.425114e-13,1.902e-11,0.000e+00,1.869e-13
0.8,2.4,0.00579742094,-3.197442e-13,-2.919573e-13,-2.919573e-13,1.858e-11,0.000e+00,3.829e-13
0.8,2.4,0.005934469654,-6.110668e-13,-5.881366e-13,-5.881366e-13,1.815e-11,0.000e+00,7.712e-13
0.8,2.4,0.006074758143,-1.186606e-12,-1.165454e-12,-1.165454e-12,1.773e-11,0.000e+00,1.528e-12
0.8,2.4,0.006218362997,-2.280842e-12,-2.272662e-12,-2.272662e-12,1.732e-11,0.000e+00,2.980e-12
0.8,2.4,0.006365362612,-4.384049e-12,-4.362734e-12,-4.362734e-12,1.692e-11,0.000e+00,5.721e-12
0.8,2.4,0.006515837239,-8.277823e-12,-8.247530e-12,-8.247530e-12,1.653e-11,0.000e+00,1.082e-11
0.8,2.4,0.006669869026,-1.538325e-11,-1.535976e-11,-1.535976e-11,1.615e-11,0.000e+00,2.014e-11
0.8,2.4,0.006827542063,-2.821565e-11,-2.818967e-11,-2.818967e-11,1.578e-11,0.000e+00,3.697e-11
0.8,2.4,0.006988942427,-5.103828e-11,-5.100208e-11,-5.100208e-11,1.541e-11,0.000e+00,6.688e-11
0.8,2.4,0.007154158232,-9.101342e-11,-9.099577e-11,-9.099577e-11,1.506e-11,0.000e+00,1.193e-10
0.8,2.4,0.007323279672,-1.601705e-10,-1.601511e-10,-1.601511e-10,1.471e-11,0.000e+00,2.100e-10
0.8,2.4,0.007496399075,-2.781420e-10,-2.781320e-10,-2.781320e-10,1.437e-11,0.000e+00,3.647e-10
0.8,2.4,0.007673610952,-4.768026e-10,-4.767800e-10,-4.767800e-10,1.404e-11,0.000e+00,6.252e-10
0.8,2.4,0.007855012047,-8.069989e-10,-8.069775e-10,-8.069775e-10,1.371e-11,0.000e+00,1.058e-09
0.8,2.4,0.008040701391,-1.349015e-09,-1.348990e-09,-1.348990e-09,1.340e-11,0.000e+00,1.769e-09
0.8,2.4,0.008230780357,-2.227864e-09,-2.227845e-09,-2.227845e-09,1.309e-11,0.000e+00,2.921e-09
0.8,2.4,0.008425352714,-3.635918e-09,-3.635894e-09,-3.635894e-09,1.278e-11,0.000e+00,4.768e-09
0.8,2.4,0.008624524683,-5.865537e-09,-5.865523e-09,-5.865523e-09,1.249e-11,0.000e+00,7.692e-09
0.8,2.4,0.008828404998,-9.355965e-09,-9.355946e-09,-9.355946e-09,1.220e-11,0.000e+00,1.227e-08
0.8,2.4,0.009037104963,-1.475939e-08,-1.475936e-08,-1.475936e-08,1.192e-11,0.000e+00,1.935e-08
0.8,2.4,0.009250738511,-2.303336e-08,-2.303334e-08,-2.303334e-08,1.164e-11,0.000e+00,3.020e-08
0.8,2.4,0.00946942227,-3.556843e-08,-3.556840e-08,-3.556840e-08,1.137e-11,0.000e+00,4.664e-08
0.8,2.4,0.009693275626,-5.436204e-08,-5.436202e-08,-5.436202e-08,1.111e-11,0.000e+00,7.129e-08
0.8,2.4,0.009922420787,-8.225344e-08,-8.225341e-08,-8.225341e-08,1.085e-11,0.000e+00,1.079e-07
0.8,2.4,0.01015698285,-1.232368e-07,-1.232368e-07,-1.232368e-07,1.060e-11,0.000e+00,1.616e-07
0.8,2.4,0.01039708986,-1.828747e-07,-1.828746e-07,-1.828746e-07,1.036e-11,0.000e+00,2.398e-07
0.8,2.4,0.01064287291,-2.688374e-07,-2.688374e-07,-2.688374e-07,1.012e-11,0.000e+00,3.525e-07
0.8,2.4,0.01089446617,-3.916003e-07,-3.916003e-07,-3.916003e-07,9.885e-12,0.000e+00,5.135e-07
0.8,2.4,0.01115200699,-5.653346e-07,-5.653345e-07,-5.653345e-07,9.657e-12,0.000e+00,7.413e-07
0.8,2.4,0.01141563598,-8.090344e-07,-8.090344e-07,-8.090344e-07,9.434e-12,0.000e+00,1.061e-06
0.8,2.4,0.01168549705,-1.147929e-06,-1.147929e-06,-1.147929e-06,9.216e-12,0.000e+00,1.505e-06
0.8,2.4,0.01196173753,-1.615235e-06,-1.615235e-06,-1.615235e-06,9.003e-12,0.000e+00,2.118e-06
0.8,2.4,0.01224450822,-2.254304e-06,-2.254304e-06,-2.254304e-06,8.795e-12,0.000e+00,2.956e-06
0.8,2.4,0.0125339635,-3.121240e-06,-3.121240e-06,-3.121240e-06,8.592e-12,0.000e+00,4.093e-06
0.8,2.4,0.01283026138,-4.288049e-06,-4.288049e-06,-4.288049e-06,8.393e-12,0.000e+00,5.623e-06
0.8,2.4,0.01313356363,-5.846396e-06,-5.846396e-06,-5.846396e-06,8.199e-12,0.000e+00,7.667e-06
0.8,2.4,0.01344403582,-7.912050e-06,-7.912050e-06,-7.912050e-06,8.010e-12,0.000e+00,1.038e-05
0.8,2.4,0.01376184746,-1.063008e-05,-1.063008e-05,-1.063008e-05,7.825e-12,0.000e+00,1.394e-05
0.8,2.4,0.01408717203,-1.418089e-05,-1.418089e-05,-1.418089e-05,7.644e-12,0.000e+00,1.860e-05
0.8,2.4,0.01442018714,-1.878716e-05,-1.878716e-05,-1.878716e-05,7.467e-12,3.552e-316,2.464e-05
0.8,2.4,0.0147610746,-2.472173e-05,-2.472173e-05,-2.472173e-05,7.295e-12,7.793e-309,3.242e-05
0.8,2.4,0.0151100205,-3.231652e-05,-3.231652e-05,-3.231652e-05,7.126e-12,1.157e-301,4.238e-05
0.8,2.4,0.01546721534,-4.197246e-05,-4.197246e-05,-4.197246e-05,6.962e-12,1.173e-294,5.504e-05
0.8,2.4,0.01583285413,-5.417055e-05,-5.417055e-05,-5.417055e-05,6.801e-12,8.187e-288,7.104e-05
0.8,2.4,0.01620713647,-6.948392e-05,-6.948392e-05,-6.948392e-05,6.644e-12,3.971e-281,9.112e-05
0.8,2.4,0.0165902667,-8.859095e-05,-8.859095e-05,-8.859095e-05,6.490e-12,1.350e-274,1.162e-04
0.8,2.4,0.01698245397,-1.122894e-04,-1.122894e-04,-1.122894e-04,6.340e-12,3.240e-268,1.472e-04
0.8,2.4,0.01738391239,-1.415115e-04,-1.415115e-04,-1.415115e-04,6.194e-12,5.538e-262,1.856e-04
0.8,2.4,0.01779486113,-1.773395e-04,-1.773395e-04,-1.773395e-04,6.051e-12,6.795e-256,2.326e-04
0.8,2.4,0.01821552453,-2.210225e-04,-2.210225e-04,-2.210225e-04,5.911e-12,6.029e-250,2.898e-04
0.8,2.4,0.01864613225,-2.739932e-04,-2.739932e-04,-2.739932e-04,5.774e-12,3.898e-244,3.593e-04
0.8,2.4,0.01908691936,-3.378851e-04,-3.378851e-04,-3.378851e-04,5.641e-12,1.850e-238,4.431e-04
0.8,2.4,0.0195381265,-4.145497e-04,-4.145497e-04,-4.145497e-04,5.510e-12,6.489e-233,5.436e-04
0.8,2.4,0.02,-5.060738e-04,-5.060738e-04,-5.060738e-04,5.383e-12,1.695e-227,6.636e-04
0.8,2.4,0.02055729891,-6.359389e-04,-6.359389e-04,-6.359389e-04,5.237e-12,2.760e-221,8.339e-04
0.8,2.4,0.02113012692,-7.938940e-04,-7.938940e-04,-7.938940e-04,5.095e-12,3.050e-215,1.041e-03
0.8,2.4,0.02171891675,-9.847647e-04,-9.847647e-04,-9.847647e-04,4.956e-12,2.310e-209,1.291e-03
0.8,2.4,0.02232411318,-1.213949e-03,-1.213949e-03,-1.213949e-03,4.822e-12,1.211e-203,1.592e-03
0.8,2.4,0.02294617338,-1.487441e-03,-1.487441e-03,-1.487441e-03,4.691e-12,4.444e-198,1.951e-03
0.8,2.4,0.02358556724,-1.811846e-03,-1.811846e-03,-1.811846e-03,4.563e-12,1.152e-192,2.376e-03
0.8,2.4,0.02424277779,-2.194394e-03,-2.194394e-03,-2.194394e-03,4.439e-12,2.128e-187,2.878e-03
0.8,2.4,0.02491830147,-2.642937e-03,-2.642937e-03,-2.642937e-03,4.318e-12,2.829e-182,3.466e-03
0.8,2.4,0.02561264858,-3.165945e-03,-3.165945e-03,-3.165945e-03,4.201e-12,2.730e-177,4.152e-03
0.8,2.4,0.02632634363,-3.772492e-03,-3.772492e-03,-3.772492e-03,4.086e-12,1.929e-172,4.947e-03
0.8,2.4,0.02705992576,-4.472222e-03,-4.472222e-03,-4.472222e-03,3.975e-12,1.007e-167,5.865e-03
0.8,2.4,0.02781394911,-5.275323e-03,-5.275323e-03,-5.275323e-03,3.866e-12,3.914e-163,6.918e-03
0.8,2.4,0.02858898329,-6.192472e-03,-6.192472e-03,-6.192472e-03,3.760e-12,1.142e-158,8.120e-03
0.8,2.4,0.02938561374,-7.234780e-03,-7.234780e-03,-7.234780e-03,3.658e-12,2.520e-154,9.487e-03
0.8,2.4,0.03020444227,-8.413729e-03,-8.413729e-03,-8.413729e-03,3.557e-12,4.240e-150,1.103e-02
0.8,2.4,0.0310460874,-9.741092e-03,-9.741092e-03,-9.741092e-03,3.460e-12,5.476e-146,1.277e-02
0.8,2.4,0.03191118493,-1.122885e-02,-1.122885e-02,-1.122885e-02,3.365e-12,5.470e-142,1.472e-02
0.8,2.4,0.03280038836,-1.288910e-02,-1.288910e-02,-1.288910e-02,3.272e-12,4.256e-138,1.690e-02
0.8,2.4,0.03371436939,-1.473395e-02,-1.473395e-02,-1.473395e-02,3.182e-12,2.596e-134,1.932e-02
0.8,2.4,0.03465381845,-1.677543e-02,-1.677543e-02,-1.677543e-02,3.094e-12,1.250e-130,2.200e-02
0.8,2.4,0.03561944521,-1.902537e-02,-1.902537e-02,-1.902536e-02,3.009e-12,4.778e-127,2.495e-02
0.8,2.4,0.0366119791,-2.149527e-02,-2.149527e-02,-2.149527e-02,2.925e-12,1.460e-123,2.819e-02
0.8,2.4,0.0376321699,-2.419626e-02,-2.419626e-02,-2.419625e-02,2.844e-12,3.589e-120,3.173e-02
0.8,2.4,0.03868078826,-2.713888e-02,-2.713888e-02,-2.713887e-02,2.765e-12,7.137e-117,3.559e-02
0.8,2.4,0.03975862631,-3.033308e-02,-3.033308e-02,-3.033306e-02,2.688e-12,1.155e-113,3.978e-02
0.8,2.4,0.04086649826,-3.378802e-02,-3.378802e-02,-3.378799e-02,2.613e-12,1.528e-110,4.431e-02
0.8,2.4,0.04200524101,-3.751204e-02,-3.751204e-02,-3.751199e-02,2.540e-12,1.664e-107,4.919e-02
0.8,2.4,0.04317571475,-4.151251e-02,-4.151251e-02,-4.151245e-02,2.469e-12,1.498e-104,5.444e-02
0.8,2.4,0.04437880369,-4.579580e-02,-4.579580e-02,-4.579570e-02,2.400e-12,1.121e-101,6.005e-02
0.8,2.4,0.04561541663,-5.036715e-02,-5.036715e-02,-5.036699e-02,2.332e-12,7.011e-99,6.605e-02
0.8,2.4,0.04688648772,-5.523060e-02,-5.523060e-02,-5.523036e-02,2.266e-12,3.680e-96,7.243e-02
0.8,2.4,0.04819297714,-6.038898e-02,-6.038898e-02,-6.038863e-02,2.202e-12,1.630e-93,7.919e-02
0.8,2.4,0.04953587182,-6.584381e-02,-6.584381e-02,-6.584331e-02,2.140e-12,6.115e-91,8.634e-02
0.8,2.4,0.05091618618,-7.159531e-02,-7.159531e-02,-7.159458e-02,2.079e-12,1.953e-88,9.388e-02
0.8,2.4,0.05233496293,-7.764232e-02,-7.764232e-02,-7.764128e-02,2.020e-12,5.333e-86,1.018e-01
0.8,2.4,0.05379327381,-8.398233e-02,-8.398233e-02,-8.398088e-02,1.963e-12,1.250e-83,1.101e-01
0.8,2.4,0.05529222045,-9.061148e-02,-9.061148e-02,-9.060945e-02,1.907e-12,2.528e-81,1.188e-01
0.8,2.4,0.05683293515,-9.752453e-02,-9.752453e-02,-9.752174e-02,1.853e-12,4.423e-79,1.279e-01
0.8,2.4,0.05841658179,-1.047149e-01,-1.047149e-01,-1.047111e-01,1.800e-12,6.725e-77,1.373e-01
0.8,2.4,0.06004435665,-1.121748e-01,-1.121748e-01,-1.121697e-01,1.748e-12,8.919e-75,1.471e-01
0.8,2.4,0.06171748937,-1.198951e-01,-1.198951e-01,-1.198883e-01,1.698e-12,1.036e-72,1.572e-01
0.8,2.4,0.06343724384,-1.278655e-01,-1.278655e-01,-1.278564e-01,1.649e-12,1.057e-70,1.677e-01
0.8,2.4,0.06520491918,-1.360746e-01,-1.360746e-01,-1.360626e-01,1.602e-12,9.512e-69,1.784e-01
0.8,2.4,0.06702185069,-1.445097e-01,-1.445097e-01,-1.444941e-01,1.556e-12,7.573e-67,1.895e-01
0.8,2.4,0.0688894109,-1.531575e-01,-1.531575e-01,-1.531373e-01,1.511e-12,5.353e-65,2.008e-01
0.8,2.4,0.07080901057,-1.620035e-01,-1.620035e-01,-1.619776e-01,1.468e-12,3.370e-63,2.124e-01
0.8,2.4,0.07278209978,-1.710324e-01,-1.710324e-01,-1.709995e-01,1.426e-12,1.895e-61,2.242e-01
0.8,2.4,0.07481016902,-1.802284e-01,-1.802284e-01,-1.801869e-01,1.385e-12,9.552e-60,2.363e-01
0.8,2.4,0.0768947503,-1.895747e-01,-1.895747e-01,-1.895228e-01,1.345e-12,4.327e-58,2.485e-01
0.8,2.4,0.07903741831,-1.990542e-01,-1.990542e-01,-1.989897e-01,1.307e-12,1.767e-56,2.609e-01
0.8,2.4,0.08123979166,-2.086494e-01,-2.086494e-01,-2.085698e-01,1.269e-12,6.523e-55,2.735e-01
0.8,2.4,0.08350353402,-2.183422e-01,-2.183422e-01,-2.182447e-01,1.233e-12,2.183e-53,2.862e-01
0.8,2.4,0.08583035543,-2.281145e-01,-2.281145e-01,-2.279957e-01,1.198e-12,6.638e-52,2.990e-01
0.8,2.4,0.0882220136,-2.379480e-01,-2.379480e-01,-2.378042e-01,1.163e-12,1.839e-50,3.118e-01
0.8,2.4,0.09068031519,-2.478241e-01,-2.478241e-01,-2.476511e-01,1.130e-12,4.656e-49,3.248e-01
0.8,2.4,0.09320711722,-2.577246e-01,-2.577246e-01,-2.575176e-01,1.098e-12,1.079e-47,3.377e-01
0.8,2.4,0.09580432845,-2.676311e-01,-2.676311e-01,-2.673848e-01,1.067e-12,2.297e-46,3.506e-01
0.8,2.4,0.09847391083,-2.775257e-01,-2.775257e-01,-2.772341e-01,1.037e-12,4.497e-45,3.635e-01
0.8,2.4,0.101217881,-2.873905e-01,-2.873905e-01,-2.870469e-01,1.007e-12,8.119e-44,3.764e-01
0.8,2.4,0.1040383117,-2.972082e-01,-2.972082e-01,-2.968051e-01,9.787e-13,1.355e-42,3.892e-01
0.8,2.4,0.1069373336,-3.069618e-01,-3.069618e-01,-3.064910e-01,9.510e-13,2.094e-41,4.019e-01
0.8,2.4,0.1099171365,-3.166349e-01,-3.166349e-01,-3.160871e-01,9.242e-13,3.003e-40,4.145e-01
0.8,2.4,0.1129799716,-3.262116e-01,-3.262116e-01,-3.255768e-01,8.982e-13,4.005e-39,4.269e-01
0.8,2.4,0.1161281523,-3.356768e-01,-3.356768e-01,-3.349436e-01,8.730e-13,4.977e-38,4.392e-01
0.8,2.4,0.1193640569,-3.450160e-01,-3.450160e-01,-3.441719e-01,8.485e-13,5.775e-37,4.513e-01
0.8,2.4,0.1226901298,-3.542154e-01,-3.542154e-01,-3.532466e-01,8.247e-13,6.266e-36,4.632e-01
0.8,2.4,0.1261088836,-3.632622e-01,-3.632622e-01,-3.621534e-01,8.016e-13,6.372e-35,4.749e-01
0.8,2.4,0.1296229008,-3.721443e-01,-3.721443e-01,-3.708786e-01,7.792e-13,6.082e-34,4.863e-01
0.8,2.4,0.1332348358,-3.808506e-01,-3.808506e-01,-3.794093e-01,7.574e-13,5.458e-33,4.975e-01
0.8,2.4,0.1369474172,-3.893708e-01,-3.893708e-01,-3.877332e-01,7.362e-13,4.614e-32,5.084e-01
0.8,2.4,0.1407634495,-3.976956e-01,-3.976956e-01,-3.958391e-01,7.157e-13,3.679e-31,5.191e-01
0.8,2.4,0.1446858154,-4.058166e-01,-4.058166e-01,-4.037161e-01,6.957e-13,2.772e-30,5.294e-01
0.8,2.4,0.1487174777,-4.137266e-01,-4.137266e-01,-4.113546e-01,6.762e-13,1.977e-29,5.394e-01
0.8,2.4,0.1528614821,-4.214190e-01,-4.214190e-01,-4.187454e-01,6.573e-13,1.336e-28,5.491e-01
0.8,2.4,0.157120959,-4.288885e-01,-4.288885e-01,-4.258803e-01,6.388e-13,8.566e-28,5.585e-01
0.8,2.4,0.1614991259,-4.361305e-01,-4.361305e-01,-4.327519e-01,6.208e-13,5.222e-27,5.675e-01
0.8,2.4,0.1659992902,-4.431415e-01,-4.431415e-01,-4.393534e-01,6.033e-13,3.030e-26,5.761e-01
0.8,2.4,0.1706248514,-4.499187e-01,-4.499187e-01,-4.456790e-01,5.863e-13,1.675e-25,5.844e-01
0.8,2.4,0.1753793036,-4.564602e-01,-4.564602e-01,-4.517234e-01,5.696e-13,8.839e-25,5.924e-01
0.8,2.4,0.1802662383,-4.627651e-01,-4.627651e-01,-4.574823e-01,5.534e-13,4.457e-24,5.999e-01
0.8,2.4,0.1852893472,-4.688328e-01,-4.688328e-01,-4.629518e-01,5.376e-13,2.150e-23,6.071e-01
0.8,2.4,0.1904524247,-4.746639e-01,-4.746639e-01,-4.681291e-01,5.221e-13,9.931e-23,6.139e-01
0.8,2.4,0.1957593711,-4.802591e-01,-4.802591e-01,-4.730118e-01,5.070e-13,4.399e-22,6.203e-01
0.8,2.4,0.2012141953,-4.856200e-01,-4.856200e-01,-4.775982e-01,4.922e-13,1.871e-21,6.263e-01
0.8,2.4,0.2068210179,-4.907485e-01,-4.907485e-01,-4.818872e-01,4.778e-13,7.648e-21,6.319e-01
0.8,2.4,0.2125840742,-4.956468e-01,-4.956468e-01,-4.858784e-01,4.637e-13,3.008e-20,6.371e-01
0.8,2.4,0.2185077179,-5.003176e-01,-5.003176e-01,-4.895720e-01,4.499e-13,1.139e-19,6.420e-01
0.8,2.4,0.2245964235,-5.047637e-01,-5.047637e-01,-4.929685e-01,4.365e-13,4.160e-19,6.464e-01
0.8,2.4,0.2308547906,-5.089880e-01,-5.089880e-01,-4.960691e-01,4.233e-13,1.466e-18,6.505e-01
0.8,2.4,0.2372875467,-5.129936e-01,-5.129936e-01,-4.988757e-01,4.104e-13,4.991e-18,6.542e-01
0.8,2.4,0.2438995512,-5.167836e-01,-5.167836e-01,-5.013902e-01,3.979e-13,1.643e-17,6.575e-01
0.8,2.4,0.2506957989,-5.203609e-01,-5.203609e-01,-5.036152e-01,3.856e-13,5.233e-17,6.604e-01
0.8,2.4,0.2576814237,-5.237284e-01,-5.237284e-01,-5.055538e-01,3.736e-13,1.615e-16,6.630e-01
0.8,2.4,0.2648617025,-5.268889e-01,-5.268889e-01,-5.072093e-01,3.618e-13,4.830e-16,6.651e-01
0.8,2.4,0.2722420593,-5.298448e-01,-5.298448e-01,-5.085855e-01,3.504e-13,1.402e-15,6.669e-01
0.8,2.4,0.2798280694,-5.325987e-01,-5.325987e-01,-5.096862e-01,3.392e-13,3.951e-15,6.684e-01
0.8,2.4,0.2876254633,-5.351525e-01,-5.351525e-01,-5.105160e-01,3.283e-13,1.082e-14,6.695e-01
0.8,2.4,0.2956401311,-5.375082e-01,-5.375082e-01,-5.110793e-01,3.176e-13,2.883e-14,6.702e-01
0.8,2.4,0.3038781273,-5.396673e-01,-5.396673e-01,-5.113810e-01,3.072e-13,7.474e-14,6.706e-01
0.8,2.4,0.3123456747,-5.416313e-01,-5.416313e-01,-5.114263e-01,2.971e-13,1.888e-13,6.707e-01
0.8,2.4,0.3210491698,-5.434014e-01,-5.434014e-01,-5.112203e-01,2.873e-13,4.647e-13,6.704e-01
0.8,2.4,0.3299951874,-5.449786e-01,-5.449786e-01,-5.107686e-01,2.777e-13,1.116e-12,6.698e-01
0.8,2.4,0.3391904853,-5.463638e-01,-5.463638e-01,-5.100767e-01,2.684e-13,2.615e-12,6.689e-01
0.8,2.4,0.3486420097,-5.475577e-01,-5.475577e-01,-5.091503e-01,2.594e-13,5.985e-12,6.677e-01
0.8,2.4,0.3583569002,-5.485611e-01,-5.485611e-01,-5.079954e-01,2.506e-13,1.339e-11,6.662e-01
0.8,2.4,0.3683424957,-5.493748e-01,-5.493748e-01,-5.066179e-01,2.421e-13,2.929e-11,6.643e-01
0.8,2.4,0.3786063392,-5.499993e-01,-5.499993e-01,-5.050237e-01,2.339e-13,6.270e-11,6.623e-01
0.8,2.4,0.3891561842,-5.504356e-01,-5.504356e-01,-5.032191e-01,2.259e-13,1.314e-10,6.599e-01
0.8,2.4,0.4,-5.506845e-01,-5.506845e-01,-5.012102e-01,2.182e-13,2.698e-10,6.573e-01
0.8,2.8,0.0025,-2.842171e-14,-1.338584e-20,-1.338584e-20,4.315e-11,0.000e+00,1.874e-20
0.8,2.8,0.002559099,-2.842171e-14,-4.023581e-20,-4.023581e-20,4.215e-11,0.000e+00,5.632e-20
0.8,2.8,0.002619595078,0.000000e+00,-1.178757e-19,-1.178757e-19,4.117e-11,0.000e+00,1.650e-19
0.8,2.8,0.002681521258,-4.263256e-14,-3.367738e-19,-3.367738e-19,4.022e-11,0.000e+00,4.714e-19
0.8,2.8,0.002744911348,0.000000e+00,-9.388708e-19,-9.388708e-19,3.929e-11,0.000e+00,1.314e-18
0.8,2.8,0.002809799955,0.000000e+00,-2.555483e-18,-2.555483e-18,3.838e-11,0.000e+00,3.577e-18
0.8,2.8,0.002876222502,-2.842171e-14,-6.794854e-18,-6.794854e-18,3.749e-11,0.000e+00,9.511e-18
0.8,2.8,0.002944215252,-1.421085e-14,-1.765882e-17,-1.765882e-17,3.662e-11,0.000e+00,2.472e-17
0.8,2.8,0.003013815324,-1.421085e-14,-4.487937e-17,-4.487937e-17,3.578e-11,0.000e+00,6.282e-17
0.8,2.8,0.003085060713,-1.421085e-14,-1.115988e-16,-1.115988e-16,3.495e-11,0.000e+00,1.562e-16
0.8,2.8,0.003157990315,-1.421085e-14,-2.716556e-16,-2.716556e-16,3.414e-11,0.000e+00,3.802e-16
0.8,2.8,0.003232643943,-2.842171e-14,-6.476460e-16,-6.476460e-16,3.335e-11,0.000e+00,9.065e-16
0.8,2.8,0.003309062353,-2.842171e-14,-1.512953e-15,-1.512953e-15,3.258e-11,0.000e+00,2.118e-15
0.8,2.8,0.003387287264,-2.842171e-14,-3.464863e-15,-3.464863e-15,3.182e-11,0.000e+00,4.850e-15
0.8,2.8,0.003467361381,-1.421085e-14,-7.782489e-15,-7.782489e-15,3.109e-11,0.000e+00,1.089e-14
0.8,2.8,0.003549328418,-2.842171e-14,-1.715211e-14,-1.715211e-14,3.037e-11,0.000e+00,2.401e-14
0.8,2.8,0.003633233122,-5.684342e-14,-3.710849e-14,-3.710849e-14,2.966e-11,0.000e+00,5.194e-14
0.8,2.8,0.003719121301,-9.947598e-14,-7.884451e-14,-7.884451e-14,2.898e-11,0.000e+00,1.104e-13
0.8,2.8,0.003807039841,-2.131628e-13,-1.645862e-13,-1.645862e-13,2.831e-11,0.000e+00,2.304e-13
0.8,2.8,0.003897036741,-3.268497e-13,-3.376888e-13,-3.376888e-13,2.765e-11,0.000e+00,4.727e-13
0.8,2.8,0.003989161131,-7.105427e-13,-6.812620e-13,-6.812620e-13,2.701e-11,0.000e+00,9.536e-13
0.8,2.8,0.004083463305,-1.378453e-12,-1.351933e-12,-1.351933e-12,2.639e-11,0.000e+00,1.892e-12
0.8,2.8,0.004179994745,-2.643219e-12,-2.640006e-12,-2.640006e-12,2.577e-11,0.000e+00,3.695e-12
0.8,2.8,0.00427880815,-5.087486e-12,-5.074868e-12,-5.074868e-12,2.518e-11,0.000e+00,7.103e-12
0.8,2.8,0.004379957463,-9.634959e-12,-9.606661e-12,-9.606661e-12,2.459e-11,0.000e+00,1.345e-11
0.8,2.8,0.004483497907,-1.791989e-11,-1.791440e-11,-1.791440e-11,2.402e-11,0.000e+00,2.508e-11
0.8,2.8,0.004589486004,-3.295497e-11,-3.292034e-11,-3.292034e-11,2.347e-11,0.000e+00,4.608e-11
0.8,2.8,0.004697979618,-5.964296e-11,-5.963566e-11,-5.963566e-11,2.293e-11,0.000e+00,8.347e-11
0.8,2.8,0.004809037978,-1.065530e-10,-1.065298e-10,-1.065298e-10,2.239e-11,0.000e+00,1.491e-10
0.8,2.8,0.004922721713,-1.877396e-10,-1.877151e-10,-1.877151e-10,2.188e-11,0.000e+00,2.628e-10
0.8,2.8,0.005039092886,-3.264091e-10,-3.263834e-10,-3.263834e-10,2.137e-11,0.000e+00,4.568e-10
0.8,2.8,0.005158215027,-5.601635e-10,-5.601334e-10,-5.601334e-10,2.087e-11,0.000e+00,7.840e-10
0.8,2.8,0.005280153168,-9.491359e-10,-9.491178e-10,-9.491178e-10,2.039e-11,0.000e+00,1.329e-09
0.8,2.8,0.005404973878,-1.588347e-09,-1.588334e-09,-1.588334e-09,1.992e-11,0.000e+00,2.223e-09
0.8,2.8,0.005532745299,-2.625953e-09,-2.625921e-09,-2.625921e-09,1.946e-11,0.000e+00,3.676e-09
0.8,2.8,0.005663537186,-4.290072e-09,-4.290039e-09,-4.290039e-09,1.901e-11,0.000e+00,6.005e-09
0.8,2.8,0.00579742094,-6.927891e-09,-6.927873e-09,-6.927873e-09,1.857e-11,0.000e+00,9.697e-09
0.8,2.8,0.005934469654,-1.106152e-08,-1.106150e-08,-1.106150e-08,1.814e-11,0.000e+00,1.548e-08
0.8,2.8,0.006074758143,-1.746699e-08,-1.746696e-08,-1.746696e-08,1.772e-11,0.000e+00,2.445e-08
0.8,2.8,0.006218362997,-2.728483e-08,-2.728482e-08,-2.728482e-08,1.731e-11,0.000e+00,3.819e-08
0.8,2.8,0.006365362612,-4.217290e-08,-4.217290e-08,-4.217290e-08,1.691e-11,0.000e+00,5.903e-08
0.8,2.8,0.006515837239,-6.451501e-08,-6.451498e-08,-6.451498e-08,1.651e-11,0.000e+00,9.030e-08
0.8,2.8,0.006669869026,-9.770261e-08,-9.770259e-08,-9.770259e-08,1.613e-11,0.000e+00,1.368e-07
0.8,2.8,0.006827542063,-1.465113e-07,-1.465113e-07,-1.465113e-07,1.576e-11,0.000e+00,2.051e-07
0.8,2.8,0.006988942427,-2.175978e-07,-2.175978e-07,-2.175978e-07,1.539e-11,0.000e+00,3.046e-07
0.8,2.8,0.007154158232,-3.201495e-07,-3.201495e-07,-3.201495e-07,1.504e-11,0.000e+00,4.481e-07
0.8,2.8,0.007323279672,-4.667242e-07,-4.667242e-07,-4.667242e-07,1.469e-11,0.000e+00,6.533e-07
0.8,2.8,0.007496399075,-6.743249e-07,-6.743249e-07,-6.743249e-07,1.435e-11,0.000e+00,9.439e-07
0.8,2.8,0.007673610952,-9.657606e-07,-9.657606e-07,-9.657606e-07,1.402e-11,0.000e+00,1.352e-06
0.8,2.8,0.007855012047,-1.371352e-06,-1.371352e-06,-1.371352e-06,1.369e-11,0.000e+00,1.920e-06
0.8,2.8,0.008040701391,-1.931052e-06,-1.931052e-06,-1.931052e-06,1.337e-11,0.000e+00,2.703e-06
0.8,2.8,0.008230780357,-2.697043e-06,-2.697043e-06,-2.697043e-06,1.307e-11,0.000e+00,3.775e-06
0.8,2.8,0.008425352714,-3.736912e-06,-3.736912e-06,-3.736912e-06,1.276e-11,0.000e+00,5.231e-06
0.8,2.8,0.008624524683,-5.137468e-06,-5.137468e-06,-5.137468e-06,1.247e-11,0.000e+00,7.191e-06
0.8,2.8,0.008828404998,-7.009302e-06,-7.009302e-06,-7.009302e-06,1.218e-11,0.000e+00,9.811e-06
0.8,2.8,0.009037104963,-9.492189e-06,-9.492189e-06,-9.492189e-06,1.190e-11,0.000e+00,1.329e-05
0.8,2.8,0.009250738511,-1.276140e-05,-1.276140e-05,-1.276140e-05,1.162e-11,0.000e+00,1.786e-05
0.8,2.8,0.00946942227,-1.703507e-05,-1.703507e-05,-1.703507e-05,1.135e-11,0.000e+00,2.384e-05
0.8,2.8,0.009693275626,-2.258262e-05,-2.258262e-05,-2.258262e-05,1.109e-11,0.000e+00,3.161e-05
0.8,2.8,0.009922420787,-2.973438e-05,-2.973438e-05,-2.973438e-05,1.083e-11,0.000e+00,4.162e-05
0.8,2.8,0.01015698285,-3.889250e-05,-3.889250e-05,-3.889250e-05,1.058e-11,0.000e+00,5.444e-05
0.8,2.8,0.01039708986,-5.054307e-05,-5.054307e-05,-5.054307e-05,1.034e-11,0.000e+00,7.075e-05
0.8,2.8,0.01064287291,-6.526960e-05,-6.526960e-05,-6.526960e-05,1.010e-11,0.000e+00,9.136e-05
0.8,2.8,0.01089446617,-8.376785e-05,-8.376785e-05,-8.376785e-05,9.866e-12,0.000e+00,1.173e-04
0.8,2.8,0.01115200699,-1.068619e-04,-1.068619e-04,-1.068619e-04,9.638e-12,0.000e+00,1.496e-04
0.8,2.8,0.01141563598,-1.355213e-04,-1.355213e-04,-1.355213e-04,9.416e-12,0.000e+00,1.897e-04
0.8,2.8,0.01168549705,-1.708799e-04,-1.708799e-04,-1.708799e-04,9.198e-12,0.000e+00,2.392e-04
0.8,2.8,0.01196173753,-2.142550e-04,-2.142550e-04,-2.142550e-04,8.985e-12,0.000e+00,2.999e-04
0.8,2.8,0.01224450822,-2.671673e-04,-2.671673e-04,-2.671673e-04,8.778e-12,0.000e+00,3.740e-04
0.8,2.8,0.0125339635,-3.313627e-04,-3.313627e-04,-3.313627e-04,8.575e-12,0.000e+00,4.638e-04
0.8,2.8,0.01283026138,-4.088326e-04,-4.088326e-04,-4.088326e-04,8.377e-12,0.000e+00,5.723e-04
0.8,2.8,0.01313356363,-5.018359e-04,-5.018359e-04,-5.018359e-04,8.183e-12,0.000e+00,7.024e-04
0.8,2.8,0.01344403582,-6.129195e-04,-6.129195e-04,-6.129195e-04,7.994e-12,0.000e+00,8.579e-04
0.8,2.8,0.01376184746,-7.449394e-04,-7.449394e-04,-7.449394e-04,7.810e-12,0.000e+00,1.043e-03
0.8,2.8,0.01408717203,-9.010797e-04,-9.010797e-04,-9.010797e-04,7.629e-12,0.000e+00,1.261e-03
0.8,2.8,0.01442018714,-1.084871e-03,-1.084871e-03,-1.084871e-03,7.453e-12,3.639e-316,1.519e-03
0.8,2.8,0.0147610746,-1.300207e-03,-1.300207e-03,-1.300207e-03,7.281e-12,7.984e-309,1.820e-03
0.8,2.8,0.0151100205,-1.551358e-03,-1.551358e-03,-1.551358e-03,7.113e-12,1.185e-301,2.171e-03
0.8,2.8,0.01546721534,-1.842983e-03,-1.842983e-03,-1.842983e-03,6.948e-12,1.201e-294,2.580e-03
0.8,2.8,0.01583285413,-2.180139e-03,-2.180139e-03,-2.180139e-03,6.788e-12,8.388e-288,3.052e-03
0.8,2.8,0.01620713647,-2.568283e-03,-2.568283e-03,-2.568283e-03,6.631e-12,4.069e-281,3.595e-03
0.8,2.8,0.0165902667,-3.013278e-03,-3.013278e-03,-3.013278e-03,6.477e-12,1.383e-274,4.218e-03
0.8,2.8,0.01698245397,-3.521388e-03,-3.521388e-03,-3.521388e-03,6.328e-12,3.319e-268,4.929e-03
0.8,2.8,0.01738391239,-4.099269e-03,-4.099269e-03,-4.099269e-03,6.181e-12,5.674e-262,5.738e-03
0.8,2.8,0.01779486113,-4.753963e-03,-4.753963e-03,-4.753963e-03,6.038e-12,6.961e-256,6.654e-03
0.8,2.8,0.01821552453,-5.492877e-03,-5.492877e-03,-5.492877e-03,5.899e-12,6.177e-250,7.689e-03
0.8,2.8,0.01864613225,-6.323764e-03,-6.323764e-03,-6.323764e-03,5.762e-12,3.993e-244,8.852e-03
0.8,2.8,0.01908691936,-7.254698e-03,-7.254698e-03,-7.254698e-03,5.628e-12,1.895e-238,1.015e-02
0.8,2.8,0.0195381265,-8.294041e-03,-8.294041e-03,-8.294041e-03,5.498e-12,6.648e-233,1.161e-02
0.8,2.8,0.02,-9.450413e-03,-9.450413e-03,-9.450413e-03,5.370e-12,1.736e-227,1.323e-02
0.8,2.8,0.02055729891,-1.097244e-02,-1.097244e-02,-1.097244e-02,5.224e-12,2.828e-221,1.536e-02
0.8,2.8,0.02113012692,-1.268329e-02,-1.268329e-02,-1.268329e-02,5.082e-12,3.124e-215,1.775e-02
0.8,2.8,0.02171891675,-1.459788e-02,-1.459788e-02,-1.459788e-02,4.943e-12,2.366e-209,2.043e-02
0.8,2.8,0.02232411318,-1.673121e-02,-1.673121e-02,-1.673120e-02,4.808e-12,1.241e-203,2.342e-02
0.8,2.8,0.02294617338,-1.909823e-02,-1.909823e-02,-1.909823e-02,4.676e-12,4.553e-198,2.673e-02
0.8,2.8,0.02358556724,-2.171380e-02,-2.171380e-02,-2.171380e-02,4.548e-12,1.180e-192,3.039e-02
0.8,2.8,0.02424277779,-2.459245e-02,-2.459245e-02,-2.459244e-02,4.424e-12,2.180e-187,3.442e-02
0.8,2.8,0.02491830147,-2.774829e-02,-2.774829e-02,-2.774828e-02,4.302e-12,2.898e-182,3.884e-02
0.8,2.8,0.02561264858,-3.119488e-02,-3.119488e-02,-3.119487e-02,4.184e-12,2.797e-177,4.366e-02
0.8,2.8,0.02632634363,-3.494509e-02,-3.494509e-02,-3.494508e-02,4.069e-12,1.977e-172,4.891e-02
0.8,2.8,0.02705992576,-3.901094e-02,-3.901094e-02,-3.901091e-02,3.956e-12,1.032e-167,5.460e-02
0.8,2.8,0.02781394911,-4.340350e-02,-4.340350e-02,-4.340345e-02,3.847e-12,4.010e-163,6.075e-02
0.8,2.8,0.02858898329,-4.813273e-02,-4.813273e-02,-4.813266e-02,3.741e-12,1.170e-158,6.737e-02
0.8,2.8,0.02938561374,-5.320744e-02,-5.320744e-02,-5.320733e-02,3.637e-12,2.582e-154,7.448e-02
0.8,2.8,0.03020444227,-5.863510e-02,-5.863510e-02,-5.863492e-02,3.536e-12,4.344e-150,8.207e-02
0.8,2.8,0.0310460874,-6.442179e-02,-6.442179e-02,-6.442152e-02,3.438e-12,5.611e-146,9.017e-02
0.8,2.8,0.03191118493,-7.057212e-02,-7.057212e-02,-7.057171e-02,3.342e-12,5.605e-142,9.878e-02
0.8,2.8,0.03280038836,-7.708915e-02,-7.708915e-02,-7.708855e-02,3.249e-12,4.360e-138,1.079e-01
0.8,2.8,0.03371436939,-8.397435e-02,-8.397435e-02,-8.397347e-02,3.159e-12,2.659e-134,1.175e-01
0.8,2.8,0.03465381845,-9.122755e-02,-9.122755e-02,-9.122627e-02,3.070e-12,1.280e-130,1.277e-01
0.8,2.8,0.03561944521,-9.884690e-02,-9.884690e-02,-9.884506e-02,2.984e-12,4.895e-127,1.384e-01
0.8,2.8,0.0366119791,-1.068289e-01,-1.068289e-01,-1.068263e-01,2.901e-12,1.496e-123,1.495e-01
0.8,2.8,0.0376321699,-1.151684e-01,-1.151684e-01,-1.151647e-01,2.819e-12,3.677e-120,1.612e-01
0.8,2.8,0.03868078826,-1.238585e-01,-1.238585e-01,-1.238534e-01,2.740e-12,7.312e-117,1.734e-01
0.8,2.8,0.03975862631,-1.328908e-01,-1.328908e-01,-1.328837e-01,2.663e-12,1.183e-113,1.860e-01
0.8,2.8,0.04086649826,-1.422554e-01,-1.422554e-01,-1.422457e-01,2.588e-12,1.565e-110,1.991e-01
0.8,2.8,0.04200524101,-1.519407e-01,-1.519407e-01,-1.519275e-01,2.515e-12,1.704e-107,2.127e-01
0.8,2.8,0.04317571475,-1.619337e-01,-1.619337e-01,-1.619160e-01,2.444e-12,1.535e-104,2.266e-01
0.8,2.8,0.04437880369,-1.722203e-01,-1.722203e-01,-1.721967e-01,2.375e-12,1.149e-101,2.410e-01
0.8,2.8,0.04561541663,-1.827849e-01,-1.827849e-01,-1.827536e-01,2.308e-12,7.183e-99,2.558e-01
0.8,2.8,0.04688648772,-1.936109e-01,-1.936109e-01,-1.935698e-01,2.243e-12,3.770e-96,2.709e-01
0.8,2.8,0.04819297714,-2.046804e-01,-2.046804e-01,-2.046269e-01,2.180e-12,1.670e-93,2.864e-01
0.8,2.8,0.04953587182,-2.159750e-01,-2.159750e-01,-2.159058e-01,2.119e-12,6.265e-91,3.022e-01
0.8,2.8,0.05091618618,-2.274751e-01,-2.274751e-01,-2.273863e-01,2.059e-12,2.001e-88,3.183e-01
0.8,2.8,0.05233496293,-2.391607e-01,-2.391607e-01,-2.390476e-01,2.001e-12,5.464e-86,3.346e-01
0.8,2.8,0.05379327381,-2.510111e-01,-2.510111e-01,-2.508681e-01,1.945e-12,1.281e-83,3.511e-01
0.8,2.8,0.05529222045,-2.630053e-01,-2.630053e-01,-2.628256e-01,1.890e-12,2.590e-81,3.679e-01
0.8,2.8,0.05683293515,-2.751219e-01,-2.751219e-01,-2.748976e-01,1.837e-12,4.531e-79,3.848e-01
0.8,2.8,0.05841658179,-2.873393e-01,-2.873393e-01,-2.870613e-01,1.785e-12,6.890e-77,4.018e-01
0.8,2.8,0.06004435665,-2.996360e-01,-2.996360e-01,-2.992934e-01,1.735e-12,9.138e-75,4.189e-01
0.8,2.8,0.06171748937,-3.119905e-01,-3.119905e-01,-3.115710e-01,1.687e-12,1.061e-72,4.361e-01
0.8,2.8,0.06343724384,-3.243813e-01,-3.243813e-01,-3.238707e-01,1.640e-12,1.083e-70,4.533e-01
0.8,2.8,0.06520491918,-3.367875e-01,-3.367875e-01,-3.361696e-01,1.594e-12,9.745e-69,4.705e-01
0.8,2.8,0.06702185069,-3.491884e-01,-3.491884e-01,-3.484449e-01,1.550e-12,7.759e-67,4.877e-01
0.8,2.8,0.0688894109,-3.615636e-01,-3.615636e-01,-3.606740e-01,1.507e-12,5.484e-65,5.048e-01
0.8,2.8,0.07080901057,-3.738936e-01,-3.738936e-01,-3.728349e-01,1.465e-12,3.452e-63,5.219e-01
0.8,2.8,0.07278209978,-3.861592e-01,-3.861592e-01,-3.849059e-01,1.425e-12,1.942e-61,5.388e-01
0.8,2.8,0.07481016902,-3.983421e-01,-3.983421e-01,-3.968660e-01,1.386e-12,9.786e-60,5.555e-01
0.8,2.8,0.0768947503,-4.104245e-01,-4.104245e-01,-4.086947e-01,1.348e-12,4.433e-58,5.721e-01
0.8,2.8,0.07903741831,-4.223896e-01,-4.223896e-01,-4.203724e-01,1.311e-12,1.810e-56,5.884e-01
0.8,2.8,0.08123979166,-4.342212e-01,-4.342212e-01,-4.318799e-01,1.275e-12,6.683e-55,6.045e-01
0.8,2.8,0.08350353402,-4.459041e-01,-4.459041e-01,-4.431992e-01,1.241e-12,2.236e-53,6.204e-01
0.8,2.8,0.08583035543,-4.574238e-01,-4.574238e-01,-4.543129e-01,1.207e-12,6.801e-52,6.359e-01
0.8,2.8,0.0882220136,-4.687666e-01,-4.687666e-01,-4.652044e-01,1.174e-12,1.885e-50,6.512e-01
0.8,2.8,0.09068031519,-4.799200e-01,-4.799200e-01,-4.758583e-01,1.143e-12,4.771e-49,6.661e-01
0.8,2.8,0.09320711722,-4.908719e-01,-4.908719e-01,-4.862598e-01,1.112e-12,1.106e-47,6.806e-01
0.8,2.8,0.09580432845,-5.016113e-01,-5.016113e-01,-4.963953e-01,1.083e-12,2.353e-46,6.948e-01
0.8,2.8,0.09847391083,-5.121281e-01,-5.121281e-01,-5.062521e-01,1.054e-12,4.607e-45,7.086e-01
0.8,2.8,0.101217881,-5.224129e-01,-5.224129e-01,-5.158183e-01,1.026e-12,8.318e-44,7.220e-01
0.8,2.8,0.1040383117,-5.324570e-01,-5.324570e-01,-5.250831e-01,9.987e-13,1.388e-42,7.350e-01
0.8,2.8,0.1069373336,-5.422528e-01,-5.422528e-01,-5.340368e-01,9.724e-13,2.145e-41,7.475e-01
0.8,2.8,0.1099171365,-5.517933e-01,-5.517933e-01,-5.426704e-01,9.468e-13,3.076e-40,7.596e-01
0.8,2.8,0.1129799716,-5.610722e-01,-5.610722e-01,-5.509760e-01,9.220e-13,4.103e-39,7.712e-01
0.8,2.8,0.1161281523,-5.700841e-01,-5.700841e-01,-5.589466e-01,8.979e-13,5.099e-38,7.824e-01
0.8,2.8,0.1193640569,-5.788243e-01,-5.788243e-01,-5.665762e-01,8.744e-13,5.916e-37,7.931e-01
0.8,2.8,0.1226901298,-5.872888e-01,-5.872888e-01,-5.738595e-01,8.517e-13,6.420e-36,8.032e-01
0.8,2.8,0.1261088836,-5.954743e-01,-5.954743e-01,-5.807922e-01,8.295e-13,6.528e-35,8.130e-01
0.8,2.8,0.1296229008,-6.033782e-01,-6.033782e-01,-5.873709e-01,8.080e-13,6.231e-34,8.222e-01
0.8,2.8,0.1332348358,-6.109987e-01,-6.109987e-01,-5.935929e-01,7.870e-13,5.592e-33,8.309e-01
0.8,2.8,0.1369474172,-6.183345e-01,-6.183345e-01,-5.994564e-01,7.667e-13,4.727e-32,8.391e-01
0.8,2.8,0.1407634495,-6.253851e-01,-6.253851e-01,-6.049602e-01,7.468e-13,3.769e-31,8.468e-01
0.8,2.8,0.1446858154,-6.321505e-01,-6.321505e-01,-6.101039e-01,7.275e-13,2.840e-30,8.540e-01
0.8,2.8,0.1487174777,-6.386315e-01,-6.386315e-01,-6.148879e-01,7.086e-13,2.025e-29,8.607e-01
0.8,2.8,0.1528614821,-6.448294e-01,-6.448294e-01,-6.193131e-01,6.903e-13,1.368e-28,8.669e-01
0.8,2.8,0.157120959,-6.507461e-01,-6.507461e-01,-6.233811e-01,6.724e-13,8.776e-28,8.726e-01
0.8,2.8,0.1614991259,-6.563840e-01,-6.563840e-01,-6.270940e-01,6.549e-13,5.350e-27,8.778e-01
0.8,2.8,0.1659992902,-6.617460e-01,-6.617460e-01,-6.304547e-01,6.379e-13,3.104e-26,8.825e-01
0.8,2.8,0.1706248514,-6.668356e-01,-6.668356e-01,-6.334664e-01,6.213e-13,1.716e-25,8.867e-01
0.8,2.8,0.1753793036,-6.716566e-01,-6.716566e-01,-6.361327e-01,6.050e-13,9.056e-25,8.904e-01
0.8,2.8,0.1802662383,-6.762132e-01,-6.762132e-01,-6.384578e-01,5.891e-13,4.566e-24,8.937e-01
0.8,2.8,0.1852893472,-6.805099e-01,-6.805099e-01,-6.404465e-01,5.737e-13,2.202e-23,8.965e-01
0.8,2.8,0.1904524247,-6.845515e-01,-6.845515e-01,-6.421035e-01,5.585e-13,1.017e-22,8.988e-01
0.8,2.8,0.1957593711,-6.883431e-01,-6.883431e-01,-6.434343e-01,5.437e-13,4.507e-22,9.006e-01
0.8,2.8,0.2012141953,-6.918897e-01,-6.918897e-01,-6.444446e-01,5.292e-13,1.917e-21,9.020e-01
0.8,2.8,0.2068210179,-6.951965e-01,-6.951965e-01,-6.451402e-01,5.151e-13,7.836e-21,9.030e-01
0.8,2.8,0.2125840742,-6.982689e-01,-6.982689e-01,-6.455274e-01,5.013e-13,3.081e-20,9.036e-01
0.8,2.8,0.2185077179,-7.011119e-01,-7.011119e-01,-6.456126e-01,4.878e-13,1.167e-19,9.037e-01
0.8,2.8,0.2245964235,-7.037306e-01,-7.037306e-01,-6.454025e-01,4.746e-13,4.262e-19,9.034e-01
0.8,2.8,0.2308547906,-7.061300e-01,-7.061300e-01,-6.449038e-01,4.617e-13,1.502e-18,9.027e-01
0.8,2.8,0.2372875467,-7.083146e-01,-7.083146e-01,-6.441236e-01,4.491e-13,5.113e-18,9.016e-01
0.8,2.8,0.2438995512,-7.102889e-01,-7.102889e-01,-6.430689e-01,4.368e-13,1.683e-17,9.001e-01
0.8,2.8,0.2506957989,-7.120571e-01,-7.120571e-01,-6.417471e-01,4.247e-13,5.361e-17,8.983e-01
0.8,2.8,0.2576814237,-7.136228e-01,-7.136228e-01,-6.401653e-01,4.130e-13,1.654e-16,8.961e-01
0.8,2.8,0.2648617025,-7.149896e-01,-7.149896e-01,-6.383310e-01,4.016e-13,4.948e-16,8.935e-01
0.8,2.8,0.2722420593,-7.161605e-01,-7.161605e-01,-6.362516e-01,3.904e-13,1.436e-15,8.906e-01
0.8,2.8,0.2798280694,-7.171382e-01,-7.171382e-01,-6.339346e-01,3.795e-13,4.047e-15,8.873e-01
0.8,2.8,0.2876254633,-7.179252e-01,-7.179252e-01,-6.313873e-01,3.690e-13,1.109e-14,8.838e-01
0.8,2.8,0.2956401311,-7.185235e-01,-7.185235e-01,-6.286173e-01,3.587e-13,2.953e-14,8.799e-01
0.8,2.8,0.3038781273,-7.189347e-01,-7.189347e-01,-6.256320e-01,3.487e-13,7.657e-14,8.757e-01
0.8,2.8,0.3123456747,-7.191604e-01,-7.191604e-01,-6.224388e-01,3.389e-13,1.934e-13,8.712e-01
0.8,2.8,0.3210491698,-7.192019e-01,-7.192019e-01,-6.190450e-01,3.295e-13,4.761e-13,8.665e-01
0.8,2.8,0.3299951874,-7.190603e-01,-7.190603e-01,-6.154581e-01,3.203e-13,1.143e-12,8.615e-01
0.8,2.8,0.3391904853,-7.187364e-01,-7.187364e-01,-6.116852e-01,3.115e-13,2.679e-12,8.562e-01
0.8,2.8,0.3486420097,-7.182313e-01,-7.182313e-01,-6.077335e-01,3.029e-13,6.132e-12,8.507e-01
0.8,2.8,0.3583569002,-7.175458e-01,-7.175458e-01,-6.036101e-01,2.946e-13,1.372e-11,8.449e-01
0.8,2.8,0.3683424957,-7.166810e-01,-7.166810e-01,-5.993219e-01,2.866e-13,3.001e-11,8.389e-01
0.8,2.8,0.3786063392,-7.156380e-01,-7.156380e-01,-5.948759e-01,2.789e-13,6.424e-11,8.327e-01
0.8,2.8,0.3891561842,-7.144180e-01,-7.144180e-01,-5.902788e-01,2.715e-13,1.346e-10,8.262e-01
0.8,2.8,0.4,-7.130225e-01,-7.130225e-01,-5.855374e-01,2.643e-13,2.765e-10,8.196e-01
1.2,1.6,0.0025,2.842171e-14,-1.315845e-67,-1.315845e-67,4.319e-11,0.000e+00,1.604e-67
1.2,1.6,0.002559099,5.684342e-14,-4.811735e-66,-4.811735e-66,4.219e-11,0.000e+00,5.864e-66
1.2,1.6,0.002619595078,2.842171e-14,-1.618764e-64,-1.618764e-64,4.122e-11,0.000e+00,1.973e-64
1.2,1.6,0.002681521258,4.263256e-14,-5.019804e-63,-5.019804e-63,4.026e-11,0.000e+00,6.118e-63
1.2,1.6,0.002744911348,4.263256e-14,-1.437567e-61,-1.437567e-61,3.933e-11,0.000e+00,1.752e-61
1.2,1.6,0.002809799955,7.105427e-14,-3.808956e-60,-3.808956e-60,3.842e-11,0.000e+00,4.642e-60
1.2,1.6,0.002876222502,5.684342e-14,-9.354053e-59,-9.354053e-59,3.754e-11,0.000e+00,1.140e-58
1.2,1.6,0.002944215252,4.263256e-14,-2.132905e-57,-2.132905e-57,3.667e-11,0.000e+00,2.600e-57
1.2,1.6,0.003013815324,5.684342e-14,-4.523402e-56,-4.523402e-56,3.582e-11,0.000e+00,5.513e-56
1.2,1.6,0.003085060713,2.842171e-14,-8.937327e-55,-8.937327e-55,3.499e-11,0.000e+00,1.089e-54
1.2,1.6,0.003157990315,5.684342e-14,-1.647818e-53,-1.647818e-53,3.418e-11,0.000e+00,2.008e-53
1.2,1.6,0.003232643943,4.263256e-14,-2.839641e-52,-2.839641e-52,3.339e-11,0.000e+00,3.461e-52
1.2,1.6,0.003309062353,2.842171e-14,-4.580872e-51,-4.580872e-51,3.262e-11,0.000e+00,5.583e-51
1.2,1.6,0.003387287264,4.263256e-14,-6.928281e-50,-6.928281e-50,3.187e-11,0.000e+00,8.444e-50
1.2,1.6,0.003467361381,4.263256e-14,-9.838801e-49,-9.838801e-49,3.113e-11,0.000e+00,1.199e-48
1.2,1.6,0.003549328418,2.842171e-14,-1.313802e-47,-1.313802e-47,3.041e-11,0.000e+00,1.601e-47
1.2,1.6,0.003633233122,7.105427e-14,-1.651986e-46,-1.651986e-46,2.971e-11,0.000e+00,2.013e-46
1.2,1.6,0.003719121301,4.263256e-14,-1.958728e-45,-1.958728e-45,2.902e-11,0.000e+00,2.387e-45
1.2,1.6,0.003807039841,4.263256e-14,-2.192919e-44,-2.192919e-44,2.835e-11,0.000e+00,2.673e-44
1.2,1.6,0.003897036741,2.842171e-14,-2.321276e-43,-2.321276e-43,2.769e-11,0.000e+00,2.829e-43
1.2,1.6,0.003989161131,1.421085e-14,-2.326212e-42,-2.326212e-42,2.705e-11,0.000e+00,2.835e-42
1.2,1.6,0.004083463305,4.263256e-14,-2.209730e-41,-2.209730e-41,2.643e-11,0.000e+00,2.693e-41
1.2,1.6,0.004179994745,4.263256e-14,-1.992201e-40,-1.992201e-40,2.582e-11,0.000e+00,2.428e-40
1.2,1.6,0.00427880815,4.263256e-14,-1.706691e-39,-1.706691e-39,2.522e-11,0.000e+00,2.080e-39
1.2,1.6,0.004379957463,4.263256e-14,-1.390967e-38,-1.390967e-38,2.464e-11,0.000e+00,1.695e-38
1.2,1.6,0.004483497907,1.421085e-14,-1.079739e-37,-1.079739e-37,2.407e-11,0.000e+00,1.316e-37
1.2,1.6,0.004589486004,2.842171e-14,-7.991898e-37,-7.991898e-37,2.351e-11,0.000e+00,9.740e-37
1.2,1.6,0.004697979618,2.842171e-14,-5.646603e-36,-5.646603e-36,2.297e-11,0.000e+00,6.882e-36
1.2,1.6,0.004809037978,1.421085e-14,-3.812388e-35,-3.812388e-35,2.243e-11,0.000e+00,4.646e-35
1.2,1.6,0.004922721713,1.421085e-14,-2.462267e-34,-2.462267e-34,2.192e-11,0.000e+00,3.001e-34
1.2,1.6,0.005039092886,2.842171e-14,-1.522812e-33,-1.522812e-33,2.141e-11,0.000e+00,1.856e-33
1.2,1.6,0.005158215027,4.263256e-14,-9.027456e-33,-9.027456e-33,2.091e-11,0.000e+00,1.100e-32
1.2,1.6,0.005280153168,2.131628e-14,-5.134725e-32,-5.134725e-32,2.043e-11,0.000e+00,6.258e-32
1.2,1.6,0.005404973878,2.842171e-14,-2.804895e-31,-2.804895e-31,1.996e-11,0.000e+00,3.419e-31
1.2,1.6,0.005532745299,2.842171e-14,-1.472886e-30,-1.472886e-30,1.950e-11,0.000e+00,1.795e-30
1.2,1.6,0.005663537186,2.842171e-14,-7.441669e-30,-7.441669e-30,1.904e-11,0.000e+00,9.070e-30
1.2,1.6,0.00579742094,2.842171e-14,-3.620823e-29,-3.620823e-29,1.860e-11,0.000e+00,4.413e-29
1.2,1.6,0.005934469654,2.131628e-14,-1.698079e-28,-1.698079e-28,1.817e-11,0.000e+00,2.070e-28
1.2,1.6,0.006074758143,3.552714e-14,-7.682304e-28,-7.682304e-28,1.775e-11,0.000e+00,9.363e-28
1.2,1.6,0.006218362997,2.131628e-14,-3.355586e-27,-3.355586e-27,1.734e-11,0.000e+00,4.090e-27
1.2,1.6,0.006365362612,2.131628e-14,-1.416254e-26,-1.416254e-26,1.694e-11,0.000e+00,1.726e-26
1.2,1.6,0.006515837239,2.131628e-14,-5.780343e-26,-5.780343e-26,1.655e-11,0.000e+00,7.045e-26
1.2,1.6,0.006669869026,7.105427e-15,-2.283192e-25,-2.283192e-25,1.617e-11,0.000e+00,2.783e-25
1.2,1.6,0.006827542063,1.421085e-14,-8.734454e-25,-8.734454e-25,1.579e-11,0.000e+00,1.065e-24
1.2,1.6,0.006988942427,2.131628e-14,-3.238580e-24,-3.238580e-24,1.543e-11,0.000e+00,3.947e-24
1.2,1.6,0.007154158232,1.421085e-14,-1.164696e-23,-1.164696e-23,1.507e-11,0.000e+00,1.420e-23
1.2,1.6,0.007323279672,7.105427e-15,-4.065515e-23,-4.065515e-23,1.472e-11,0.000e+00,4.955e-23
1.2,1.6,0.007496399075,1.421085e-14,-1.378361e-22,-1.378361e-22,1.438e-11,0.000e+00,1.680e-22
1.2,1.6,0.007673610952,0.000000e+00,-4.541998e-22,-4.541998e-22,1.405e-11,0.000e+00,5.536e-22
1.2,1.6,0.007855012047,0.000000e+00,-1.455637e-21,-1.455637e-21,1.372e-11,0.000e+00,1.774e-21
1.2,1.6,0.008040701391,1.421085e-14,-4.540045e-21,-4.540045e-21,1.341e-11,0.000e+00,5.533e-21
1.2,1.6,0.008230780357,7.105427e-15,-1.378925e-20,-1.378925e-20,1.310e-11,0.000e+00,1.681e-20
1.2,1.6,0.008425352714,7.105427e-15,-4.080945e-20,-4.080945e-20,1.279e-11,0.000e+00,4.974e-20
1.2,1.6,0.008624524683,-7.105427e-15,-1.177553e-19,-1.177553e-19,1.250e-11,0.000e+00,1.435e-19
1.2,1.6,0.008828404998,1.421085e-14,-3.314775e-19,-3.314775e-19,1.221e-11,0.000e+00,4.040e-19
1.2,1.6,0.009037104963,1.421085e-14,-9.108131e-19,-9.108131e-19,1.193e-11,0.000e+00,1.110e-18
1.2,1.6,0.009250738511,1.421085e-14,-2.444268e-18,-2.444268e-18,1.165e-11,0.000e+00,2.979e-18
1.2,1.6,0.00946942227,0.000000e+00,-6.409871e-18,-6.409871e-18,1.138e-11,0.000e+00,7.812e-18
1.2,1.6,0.009693275626,0.000000e+00,-1.643471e-17,-1.643471e-17,1.112e-11,0.000e+00,2.003e-17
1.2,1.6,0.009922420787,-7.105427e-15,-4.122052e-17,-4.122052e-17,1.086e-11,0.000e+00,5.024e-17
1.2,1.6,0.01015698285,0.000000e+00,-1.011868e-16,-1.011868e-16,1.061e-11,0.000e+00,1.233e-16
1.2,1.6,0.01039708986,7.105427e-15,-2.432256e-16,-2.432256e-16,1.037e-11,0.000e+00,2.964e-16
1.2,1.6,0.01064287291,7.105427e-15,-5.727699e-16,-5.727699e-16,1.013e-11,0.000e+00,6.981e-16
1.2,1.6,0.01089446617,3.552714e-15,-1.322034e-15,-1.322034e-15,9.891e-12,0.000e+00,1.611e-15
1.2,1.6,0.01115200699,-3.552714e-15,-2.992246e-15,-2.992247e-15,9.663e-12,0.000e+00,3.647e-15
1.2,1.6,0.01141563598,-1.421085e-14,-6.644175e-15,-6.644176e-15,9.439e-12,0.000e+00,8.098e-15
1.2,1.6,0.01168549705,-1.421085e-14,-1.447990e-14,-1.447991e-14,9.221e-12,0.000e+00,1.765e-14
1.2,1.6,0.01196173753,-3.552714e-14,-3.098550e-14,-3.098551e-14,9.008e-12,0.000e+00,3.776e-14
1.2,1.6,0.01224450822,-7.105427e-14,-6.513326e-14,-6.513328e-14,8.800e-12,0.000e+00,7.938e-14
1.2,1.6,0.0125339635,-1.385558e-13,-1.345481e-13,-1.345481e-13,8.597e-12,0.000e+00,1.640e-13
1.2,1.6,0.01283026138,-2.842171e-13,-2.732482e-13,-2.732483e-13,8.398e-12,0.000e+00,3.330e-13
1.2,1.6,0.01313356363,-5.542233e-13,-5.457740e-13,-5.457745e-13,8.204e-12,0.000e+00,6.652e-13
1.2,1.6,0.01344403582,-1.076472e-12,-1.072534e-12,-1.072535e-12,8.014e-12,0.000e+00,1.307e-12
1.2,1.6,0.01376184746,-2.085443e-12,-2.074507e-12,-2.074510e-12,7.829e-12,0.000e+00,2.528e-12
1.2,1.6,0.01408717203,-3.957723e-12,-3.950785e-12,-3.950794e-12,7.648e-12,0.000e+00,4.815e-12
1.2,1.6,0.01442018714,-7.418066e-12,-7.410921e-12,-7.410942e-12,7.472e-12,3.209e-316,9.032e-12
1.2,1.6,0.0147610746,-1.370637e-11,-1.369724e-11,-1.369729e-11,7.299e-12,7.041e-309,1.669e-11
1.2,1.6,0.0151100205,-2.496137e-11,-2.495252e-11,-2.495264e-11,7.131e-12,1.045e-301,3.041e-11
1.2,1.6,0.01546721534,-4.483169e-11,-4.481889e-11,-4.481919e-11,6.966e-12,1.059e-294,5.462e-11
1.2,1.6,0.01583285413,-7.941026e-11,-7.939896e-11,-7.939967e-11,6.805e-12,7.397e-288,9.677e-11
1.2,1.6,0.01620713647,-1.387868e-10,-1.387758e-10,-1.387775e-10,6.648e-12,3.588e-281,1.691e-10
1.2,1.6,0.0165902667,-2.393925e-10,-2.393829e-10,-2.393866e-10,6.494e-12,1.219e-274,2.918e-10
1.2,1.6,0.01698245397,-4.076597e-10,-4.076477e-10,-4.076557e-10,6.344e-12,2.927e-268,4.968e-10
1.2,1.6,0.01738391239,-6.855316e-10,-6.855165e-10,-6.855339e-10,6.198e-12,5.004e-262,8.355e-10
1.2,1.6,0.01779486113,-1.138734e-09,-1.138723e-09,-1.138760e-09,6.055e-12,6.139e-256,1.388e-09
1.2,1.6,0.01821552453,-1.869008e-09,-1.868996e-09,-1.869072e-09,5.915e-12,5.447e-250,2.278e-09
1.2,1.6,0.01864613225,-3.031868e-09,-3.031857e-09,-3.032013e-09,5.778e-12,3.522e-244,3.695e-09
1.2,1.6,0.01908691936,-4.862255e-09,-4.862241e-09,-4.862557e-09,5.645e-12,1.671e-238,5.926e-09
1.2,1.6,0.0195381265,-7.710938e-09,-7.710924e-09,-7.711549e-09,5.515e-12,5.863e-233,9.399e-09
1.2,1.6,0.02,-1.209569e-08,-1.209568e-08,-1.209690e-08,5.387e-12,1.531e-227,1.474e-08
1.2,1.6,0.02055729891,-2.026277e-08,-2.026276e-08,-2.026538e-08,5.241e-12,2.494e-221,2.470e-08
1.2,1.6,0.02113012692,-3.345988e-08,-3.345987e-08,-3.346537e-08,5.099e-12,2.755e-215,4.079e-08
1.2,1.6,0.02171891675,-5.448483e-08,-5.448481e-08,-5.449615e-08,4.961e-12,2.087e-209,6.642e-08
1.2,1.6,0.02232411318,-8.752177e-08,-8.752175e-08,-8.754467e-08,4.827e-12,1.094e-203,1.067e-07
1.2,1.6,0.02294617338,-1.387411e-07,-1.387411e-07,-1.387865e-07,4.696e-12,4.015e-198,1.691e-07
1.2,1.6,0.02358556724,-2.171190e-07,-2.171190e-07,-2.172072e-07,4.569e-12,1.041e-192,2.647e-07
1.2,1.6,0.02424277779,-3.355400e-07,-3.355399e-07,-3.357083e-07,4.445e-12,1.922e-187,4.092e-07
1.2,1.6,0.02491830147,-5.122602e-07,-5.122602e-07,-5.125759e-07,4.324e-12,2.555e-182,6.247e-07
1.2,1.6,0.02561264858,-7.728213e-07,-7.728213e-07,-7.734028e-07,4.207e-12,2.466e-177,9.426e-07
1.2,1.6,0.02632634363,-1.152518e-06,-1.152518e-06,-1.153571e-06,4.093e-12,1.743e-172,1.406e-06
1.2,1.6,0.02705992576,-1.699536e-06,-1.699536e-06,-1.701413e-06,3.982e-12,9.099e-168,2.074e-06
1.2,1.6,0.02781394911,-2.478892e-06,-2.478892e-06,-2.482182e-06,3.874e-12,3.537e-163,3.025e-06
1.2,1.6,0.02858898329,-3.577304e-06,-3.577304e-06,-3.582982e-06,3.769e-12,1.032e-158,4.367e-06
1.2,1.6,0.02938561374,-5.109141e-06,-5.109141e-06,-5.118795e-06,3.667e-12,2.277e-154,6.239e-06
1.2,1.6,0.03020444227,-7.223591e-06,-7.223591e-06,-7.239764e-06,3.567e-12,3.831e-150,8.824e-06
1.2,1.6,0.0310460874,-1.011317e-05,-1.011317e-05,-1.013988e-05,3.471e-12,4.948e-146,1.236e-05
1.2,1.6,0.03191118493,-1.402373e-05,-1.402373e-05,-1.406722e-05,3.376e-12,4.942e-142,1.714e-05
1.2,1.6,0.03280038836,-1.926594e-05,-1.926594e-05,-1.933580e-05,3.285e-12,3.845e-138,2.357e-05
1.2,1.6,0.03371436939,-2.622853e-05,-2.622853e-05,-2.633928e-05,3.196e-12,2.345e-134,3.210e-05
1.2,1.6,0.03465381845,-3.539301e-05,-3.539301e-05,-3.556632e-05,3.109e-12,1.129e-130,4.335e-05
1.2,1.6,0.03561944521,-4.735010e-05,-4.735010e-05,-4.761795e-05,3.025e-12,4.317e-127,5.804e-05
1.2,1.6,0.0366119791,-6.281757e-05,-6.281757e-05,-6.322651e-05,2.942e-12,1.319e-123,7.706e-05
1.2,1.6,0.0376321699,-8.265943e-05,-8.265943e-05,-8.327643e-05,2.862e-12,3.243e-120,1.015e-04
1.2,1.6,0.03868078826,-1.079061e-04,-1.079061e-04,-1.088264e-04,2.785e-12,6.448e-117,1.326e-04
1.2,1.6,0.03975862631,-1.397755e-04,-1.397755e-04,-1.411327e-04,2.709e-12,1.043e-113,1.720e-04
1.2,1.6,0.04086649826,-1.796941e-04,-1.796941e-04,-1.816739e-04,2.635e-12,1.381e-110,2.214e-04
1.2,1.6,0.04200524101,-2.293176e-04,-2.293176e-04,-2.321753e-04,2.564e-12,1.503e-107,2.830e-04
1.2,1.6,0.04317571475,-2.905519e-04,-2.905519e-04,-2.946342e-04,2.494e-12,1.353e-104,3.591e-04
1.2,1.6,0.04437880369,-3.655707e-04,-3.655707e-04,-3.713440e-04,2.426e-12,1.013e-101,4.526e-04
1.2,1.6,0.04561541663,-4.568327e-04,-4.568327e-04,-4.649182e-04,2.360e-12,6.334e-99,5.666e-04
1.2,1.6,0.04688648772,-5.670950e-04,-5.670950e-04,-5.783111e-04,2.296e-12,3.325e-96,7.048e-04
1.2,1.6,0.04819297714,-6.994223e-04,-6.994223e-04,-7.148379e-04,2.233e-12,1.472e-93,8.712e-04
1.2,1.6,0.04953587182,-8.571931e-04,-8.571931e-04,-8.781904e-04,2.172e-12,5.525e-91,1.070e-03
1.2,1.6,0.05091618618,-1.044099e-03,-1.044099e-03,-1.072450e-03,2.113e-12,1.765e-88,1.307e-03
1.2,1.6,0.05233496293,-1.264141e-03,-1.264141e-03,-1.302094e-03,2.055e-12,4.819e-86,1.587e-03
1.2,1.6,0.05379327381,-1.521613e-03,-1.521613e-03,-1.572002e-03,1.999e-12,1.130e-83,1.916e-03
1.2,1.6,0.05529222045,-1.821090e-03,-1.821090e-03,-1.887450e-03,1.945e-12,2.284e-81,2.300e-03
1.2,1.6,0.05683293515,-2.167394e-03,-2.167394e-03,-2.254105e-03,1.891e-12,3.996e-79,2.747e-03
1.2,1.6,0.05841658179,-2.565567e-03,-2.565567e-03,-2.678006e-03,1.840e-12,6.076e-77,3.264e-03
1.2,1.6,0.06004435665,-3.020827e-03,-3.020827e-03,-3.165549e-03,1.789e-12,8.059e-75,3.858e-03
1.2,1.6,0.06171748937,-3.538524e-03,-3.538524e-03,-3.723452e-03,1.740e-12,9.359e-73,4.538e-03
1.2,1.6,0.06343724384,-4.124081e-03,-4.124081e-03,-4.358726e-03,1.692e-12,9.550e-71,5.312e-03
1.2,1.6,0.06520491918,-4.782935e-03,-4.782935e-03,-5.078632e-03,1.646e-12,8.594e-69,6.190e-03
1.2,1.6,0.06702185069,-5.520475e-03,-5.520475e-03,-5.890631e-03,1.600e-12,6.842e-67,7.179e-03
1.2,1.6,0.0688894109,-6.341969e-03,-6.341969e-03,-6.802334e-03,1.556e-12,4.836e-65,8.291e-03
1.2,1.6,0.07080901057,-7.252488e-03,-7.252488e-03,-7.821444e-03,1.513e-12,3.044e-63,9.533e-03
1.2,1.6,0.07278209978,-8.256839e-03,-8.256839e-03,-8.955689e-03,1.471e-12,1.712e-61,1.091e-02
1.2,1.6,0.07481016902,-9.359479e-03,-9.359479e-03,-1.021276e-02,1.430e-12,8.630e-60,1.245e-02
1.2,1.6,0.0768947503,-1.056445e-02,-1.056445e-02,-1.160024e-02,1.390e-12,3.910e-58,1.414e-02
1.2,1.6,0.07903741831,-1.187530e-02,-1.187530e-02,-1.312553e-02,1.352e-12,1.597e-56,1.600e-02
1.2,1.6,0.08123979166,-1.329500e-02,-1.329500e-02,-1.479577e-02,1.314e-12,5.894e-55,1.803e-02
1.2,1.6,0.08350353402,-1.482593e-02,-1.482593e-02,-1.661779e-02,1.277e-12,1.972e-53,2.025e-02
1.2,1.6,0.08583035543,-1.646974e-02,-1.646974e-02,-1.859800e-02,1.241e-12,5.997e-52,2.267e-02
1.2,1.6,0.0882220136,-1.822738e-02,-1.822738e-02,-2.074236e-02,1.206e-12,1.662e-50,2.528e-02
1.2,1.6,0.09068031519,-2.009901e-02,-2.009901e-02,-2.305627e-02,1.172e-12,4.207e-49,2.810e-02
1.2,1.6,0.09320711722,-2.208398e-02,-2.208398e-02,-2.554457e-02,1.138e-12,9.752e-48,3.113e-02
1.2,1.6,0.09580432845,-2.418081e-02,-2.418081e-02,-2.821139e-02,1.106e-12,2.075e-46,3.438e-02
1.2,1.6,0.09847391083,-2.638717e-02,-2.638717e-02,-3.106017e-02,1.074e-12,4.063e-45,3.786e-02
1.2,1.6,0.101217881,-2.869991e-02,-2.869991e-02,-3.409361e-02,1.044e-12,7.336e-44,4.155e-02
1.2,1.6,0.1040383117,-3.111504e-02,-3.111504e-02,-3.731358e-02,1.013e-12,1.224e-42,4.548e-02
1.2,1.6,0.1069373336,-3.362775e-02,-3.362775e-02,-4.072111e-02,9.842e-13,1.891e-41,4.963e-02
1.2,1.6,0.1099171365,-3.623248e-02,-3.623248e-02,-4.431639e-02,9.556e-13,2.713e-40,5.401e-02
1.2,1.6,0.1129799716,-3.892294e-02,-3.892294e-02,-4.809870e-02,9.278e-13,3.618e-39,5.862e-02
1.2,1.6,0.1161281523,-4.169216e-02,-4.169216e-02,-5.206646e-02,9.007e-13,4.497e-38,6.346e-02
1.2,1.6,0.1193640569,-4.453258e-02,-4.453258e-02,-5.621716e-02,8.742e-13,5.217e-37,6.852e-02
1.2,1.6,0.1226901298,-4.743608e-02,-4.743608e-02,-6.054742e-02,8.485e-13,5.662e-36,7.379e-02
1.2,1.6,0.1261088836,-5.039411e-02,-5.039411e-02,-6.505297e-02,8.234e-13,5.757e-35,7.928e-02
1.2,1.6,0.1296229008,-5.339773e-02,-5.339773e-02,-6.972866e-02,7.990e-13,5.495e-34,8.498e-02
1.2,1.6,0.1332348358,-5.643773e-02,-5.643773e-02,-7.456852e-02,7.752e-13,4.932e-33,9.088e-02
1.2,1.6,0.1369474172,-5.950468e-02,-5.950468e-02,-7.956578e-02,7.520e-13,4.169e-32,9.697e-02
1.2,1.6,0.1407634495,-6.258909e-02,-6.258909e-02,-8.471289e-02,7.295e-13,3.324e-31,1.032e-01
1.2,1.6,0.1446858154,-6.568141e-02,-6.568141e-02,-9.000156e-02,7.075e-13,2.505e-30,1.097e-01
1.2,1.6,0.1487174777,-6.877221e-02,-6.877221e-02,-9.542286e-02,6.862e-13,1.786e-29,1.163e-01
1.2,1.6,0.1528614821,-7.185219e-02,-7.185219e-02,-1.009672e-01,6.654e-13,1.207e-28,1.231e-01
1.2,1.6,0.157120959,-7.491231e-02,-7.491231e-02,-1.066244e-01,6.453e-13,7.740e-28,1.300e-01
1.2,1.6,0.1614991259,-7.794384e-02,-7.794384e-02,-1.123839e-01,6.256e-13,4.718e-27,1.370e-01
1.2,1.6,0.1659992902,-8.093845e-02,-8.093845e-02,-1.182345e-01,6.066e-13,2.737e-26,1.441e-01
1.2,1.6,0.1706248514,-8.388826e-02,-8.388826e-02,-1.241647e-01,5.880e-13,1.514e-25,1.513e-01
1.2,1.6,0.1753793036,-8.678586e-02,-8.678586e-02,-1.301626e-01,5.700e-13,7.986e-25,1.586e-01
1.2,1.6,0.1802662383,-8.962444e-02,-8.962444e-02,-1.362163e-01,5.525e-13,4.026e-24,1.660e-01
1.2,1.6,0.1852893472,-9.239772e-02,-9.239772e-02,-1.423133e-01,5.355e-13,1.942e-23,1.734e-01
1.2,1.6,0.1904524247,-9.510004e-02,-9.510004e-02,-1.484413e-01,5.190e-13,8.972e-23,1.809e-01
1.2,1.6,0.1957593711,-9.772638e-02,-9.772638e-02,-1.545877e-01,5.029e-13,3.975e-22,1.884e-01
1.2,1.6,0.2012141953,-1.002723e-01,-1.002723e-01,-1.607401e-01,4.873e-13,1.690e-21,1.959e-01
1.2,1.6,0.2068210179,-1.027341e-01,-1.027341e-01,-1.668858e-01,4.722e-13,6.910e-21,2.034e-01
1.2,1.6,0.2125840742,-1.051086e-01,-1.051086e-01,-1.730126e-01,4.575e-13,2.717e-20,2.109e-01
1.2,1.6,0.2185077179,-1.073931e-01,-1.073931e-01,-1.791082e-01,4.433e-13,1.029e-19,2.183e-01
1.2,1.6,0.2245964235,-1.095858e-01,-1.095858e-01,-1.851604e-01,4.295e-13,3.759e-19,2.257e-01
1.2,1.6,0.2308547906,-1.116851e-01,-1.116851e-01,-1.911576e-01,4.160e-13,1.325e-18,2.330e-01
1.2,1.6,0.2372875467,-1.136902e-01,-1.136902e-01,-1.970881e-01,4.030e-13,4.509e-18,2.402e-01
1.2,1.6,0.2438995512,-1.156006e-01,-1.156006e-01,-2.029409e-01,3.904e-13,1.484e-17,2.473e-01
1.2,1.6,0.2506957989,-1.174161e-01,-1.174161e-01,-2.087050e-01,3.781e-13,4.728e-17,2.544e-01
1.2,1.6,0.2576814237,-1.191373e-01,-1.191373e-01,-2.143700e-01,3.662e-13,1.459e-16,2.613e-01
1.2,1.6,0.2648617025,-1.207647e-01,-1.207647e-01,-2.199259e-01,3.547e-13,4.363e-16,2.680e-01
1.2,1.6,0.2722420593,-1.222993e-01,-1.222993e-01,-2.253631e-01,3.435e-13,1.266e-15,2.747e-01
1.2,1.6,0.2798280694,-1.237423e-01,-1.237423e-01,-2.306726e-01,3.326e-13,3.569e-15,2.811e-01
1.2,1.6,0.2876254633,-1.250952e-01,-1.250952e-01,-2.358456e-01,3.221e-13,9.776e-15,2.874e-01
1.2,1.6,0.2956401311,-1.263594e-01,-1.263594e-01,-2.408741e-01,3.120e-13,2.604e-14,2.936e-01
1.2,1.6,0.3038781273,-1.275368e-01,-1.275368e-01,-2.457506e-01,3.021e-13,6.753e-14,2.995e-01
1.2,1.6,0.3123456747,-1.286290e-01,-1.286290e-01,-2.504679e-01,2.926e-13,1.705e-13,3.053e-01
1.2,1.6,0.3210491698,-1.296379e-01,-1.296379e-01,-2.550195e-01,2.833e-13,4.198e-13,3.108e-01
1.2,1.6,0.3299951874,-1.305655e-01,-1.305655e-01,-2.593993e-01,2.744e-13,1.008e-12,3.161e-01
1.2,1.6,0.3391904853,-1.314134e-01,-1.314134e-01,-2.636020e-01,2.658e-13,2.362e-12,3.213e-01
1.2,1.6,0.3486420097,-1.321838e-01,-1.321838e-01,-2.676225e-01,2.575e-13,5.408e-12,3.262e-01
1.2,1.6,0.3583569002,-1.328783e-01,-1.328783e-01,-2.714564e-01,2.495e-13,1.210e-11,3.308e-01
1.2,1.6,0.3683424957,-1.334988e-01,-1.334988e-01,-2.750999e-01,2.417e-13,2.646e-11,3.353e-01
1.2,1.6,0.3786063392,-1.340472e-01,-1.340472e-01,-2.785494e-01,2.343e-13,5.665e-11,3.395e-01
1.2,1.6,0.3891561842,-1.345252e-01,-1.345252e-01,-2.818022e-01,2.272e-13,1.187e-10,3.435e-01
1.2,1.6,0.4,-1.349345e-01,-1.349345e-01,-2.848558e-01,2.203e-13,2.438e-10,3.472e-01
1.2,2.0,0.0025,8.526513e-14,-1.088400e-45,-1.088400e-45,4.318e-11,0.000e+00,1.361e-45
1.2,2.0,0.002559099,5.684342e-14,-1.241465e-44,-1.241465e-44,4.218e-11,0.000e+00,1.552e-44
1.2,2.0,0.002619595078,2.842171e-14,-1.338287e-43,-1.338287e-43,4.120e-11,0.000e+00,1.673e-43
1.2,2.0,0.002681521258,5.684342e-14,-1.365212e-42,-1.365212e-42,4.025e-11,0.000e+00,1.707e-42
1.2,2.0,0.002744911348,2.842171e-14,-1.319592e-41,-1.319592e-41,3.932e-11,0.000e+00,1.650e-41
1.2,2.0,0.002809799955,5.684342e-14,-1.210067e-40,-1.210067e-40,3.841e-11,0.000e+00,1.513e-40
1.2,2.0,0.002876222502,1.421085e-14,-1.053990e-39,-1.053990e-39,3.752e-11,0.000e+00,1.318e-39
1.2,2.0,0.002944215252,2.842171e-14,-8.730471e-39,-8.730471e-39,3.665e-11,0.000e+00,1.092e-38
1.2,2.0,0.003013815324,5.684342e-14,-6.885201e-38,-6.885201e-38,3.581e-11,0.000e+00,8.608e-38
1.2,2.0,0.003085060713,5.684342e-14,-5.175661e-37,-5.175661e-37,3.498e-11,0.000e+00,6.471e-37
1.2,2.0,0.003157990315,4.263256e-14,-3.712499e-36,-3.712499e-36,3.417e-11,0.000e+00,4.642e-36
1.2,2.0,0.003232643943,4.263256e-14,-2.543830e-35,-2.543830e-35,3.338e-11,0.000e+00,3.180e-35
1.2,2.0,0.003309062353,2.842171e-14,-1.666825e-34,-1.666825e-34,3.261e-11,0.000e+00,2.084e-34
1.2,2.0,0.003387287264,1.421085e-14,-1.045492e-33,-1.045492e-33,3.185e-11,0.000e+00,1.307e-33
1.2,2.0,0.003467361381,4.263256e-14,-6.283739e-33,-6.283739e-33,3.112e-11,0.000e+00,7.856e-33
1.2,2.0,0.003549328418,1.421085e-14,-3.622517e-32,-3.622517e-32,3.040e-11,0.000e+00,4.529e-32
1.2,2.0,0.003633233122,4.263256e-14,-2.005006e-31,-2.005006e-31,2.970e-11,0.000e+00,2.507e-31
1.2,2.0,0.003719121301,1.421085e-14,-1.066454e-30,-1.066454e-30,2.901e-11,0.000e+00,1.333e-30
1.2,2.0,0.003807039841,2.842171e-14,-5.456188e-30,-5.456188e-30,2.834e-11,0.000e+00,6.822e-30
1.2,2.0,0.003897036741,2.842171e-14,-2.687488e-29,-2.687488e-29,2.768e-11,0.000e+00,3.360e-29
1.2,2.0,0.003989161131,1.421085e-14,-1.275542e-28,-1.275542e-28,2.704e-11,0.000e+00,1.595e-28
1.2,2.0,0.004083463305,1.421085e-14,-5.838563e-28,-5.838563e-28,2.642e-11,0.000e+00,7.300e-28
1.2,2.0,0.004179994745,1.421085e-14,-2.579548e-27,-2.579548e-27,2.581e-11,0.000e+00,3.225e-27
1.2,2.0,0.00427880815,0.000000e+00,-1.100937e-26,-1.100937e-26,2.521e-11,0.000e+00,1.376e-26
1.2,2.0,0.004379957463,1.421085e-14,-4.542657e-26,-4.542657e-26,2.463e-11,0.000e+00,5.680e-26
1.2,2.0,0.004483497907,0.000000e+00,-1.813528e-25,-1.813528e-25,2.406e-11,0.000e+00,2.267e-25
1.2,2.0,0.004589486004,2.842171e-14,-7.010303e-25,-7.010303e-25,2.350e-11,0.000e+00,8.765e-25
1.2,2.0,0.004697979618,1.421085e-14,-2.625854e-24,-2.625854e-24,2.296e-11,0.000e+00,3.283e-24
1.2,2.0,0.004809037978,1.421085e-14,-9.537658e-24,-9.537658e-24,2.243e-11,0.000e+00,1.192e-23
1.2,2.0,0.004922721713,1.421085e-14,-3.361698e-23,-3.361698e-23,2.191e-11,0.000e+00,4.203e-23
1.2,2.0,0.005039092886,2.842171e-14,-1.150596e-22,-1.150596e-22,2.140e-11,0.000e+00,1.439e-22
1.2,2.0,0.005158215027,2.842171e-14,-3.826742e-22,-3.826742e-22,2.091e-11,0.000e+00,4.784e-22
1.2,2.0,0.005280153168,7.105427e-15,-1.237556e-21,-1.237556e-21,2.042e-11,0.000e+00,1.547e-21
1.2,2.0,0.005404973878,1.421085e-14,-3.894134e-21,-3.894134e-21,1.995e-11,0.000e+00,4.869e-21
1.2,2.0,0.005532745299,0.000000e+00,-1.193005e-20,-1.193005e-20,1.949e-11,0.000e+00,1.492e-20
1.2,2.0,0.005663537186,1.421085e-14,-3.560629e-20,-3.560629e-20,1.904e-11,0.000e+00,4.452e-20
1.2,2.0,0.00579742094,2.131628e-14,-1.035921e-19,-1.035921e-19,1.860e-11,0.000e+00,1.295e-19
1.2,2.0,0.005934469654,2.131628e-14,-2.939665e-19,-2.939665e-19,1.817e-11,0.000e+00,3.675e-19
1.2,2.0,0.006074758143,2.131628e-14,-8.141238e-19,-8.141238e-19,1.775e-11,0.000e+00,1.018e-18
1.2,2.0,0.006218362997,-7.105427e-15,-2.201652e-18,-2.201652e-18,1.734e-11,0.000e+00,2.753e-18
1.2,2.0,0.006365362612,7.105427e-15,-5.817163e-18,-5.817163e-18,1.694e-11,0.000e+00,7.273e-18
1.2,2.0,0.006515837239,7.105427e-15,-1.502489e-17,-1.502489e-17,1.654e-11,0.000e+00,1.879e-17
1.2,2.0,0.006669869026,7.105427e-15,-3.795564e-17,-3.795564e-17,1.616e-11,0.000e+00,4.745e-17
1.2,2.0,0.006827542063,-7.105427e-15,-9.382727e-17,-9.382727e-17,1.579e-11,0.000e+00,1.173e-16
1.2,2.0,0.006988942427,7.105427e-15,-2.270842e-16,-2.270842e-16,1.542e-11,0.000e+00,2.839e-16
1.2,2.0,0.007154158232,7.105427e-15,-5.383466e-16,-5.383466e-16,1.507e-11,0.000e+00,6.731e-16
1.2,2.0,0.007323279672,7.105427e-15,-1.250725e-15,-1.250725e-15,1.472e-11,0.000e+00,1.564e-15
1.2,2.0,0.007496399075,7.105427e-15,-2.848978e-15,-2.848978e-15,1.438e-11,0.000e+00,3.562e-15
1.2,2.0,0.007673610952,-1.421085e-14,-6.365633e-15,-6.365633e-15,1.405e-11,0.000e+00,7.959e-15
1.2,2.0,0.007855012047,-7.105427e-15,-1.395767e-14,-1.395767e-14,1.372e-11,0.000e+00,1.745e-14
1.2,2.0,0.008040701391,-3.552714e-14,-3.004636e-14,-3.004636e-14,1.340e-11,0.000e+00,3.757e-14
1.2,2.0,0.008230780357,-6.394885e-14,-6.352767e-14,-6.352767e-14,1.309e-11,0.000e+00,7.943e-14
1.2,2.0,0.008425352714,-1.207923e-13,-1.319795e-13,-1.319795e-13,1.279e-11,0.000e+00,1.650e-13
1.2,2.0,0.008624524683,-2.771117e-13,-2.695248e-13,-2.695248e-13,1.250e-11,0.000e+00,3.370e-13
1.2,2.0,0.008828404998,-5.329071e-13,-5.412670e-13,-5.412670e-13,1.221e-11,0.000e+00,6.767e-13
1.2,2.0,0.009037104963,-1.065814e-12,-1.069333e-12,-1.069333e-12,1.192e-11,0.000e+00,1.337e-12
1.2,2.0,0.009250738511,-2.067679e-12,-2.079063e-12,-2.079063e-12,1.165e-11,0.000e+00,2.599e-12
1.2,2.0,0.00946942227,-3.986145e-12,-3.979564e-12,-3.979564e-12,1.138e-11,0.000e+00,4.975e-12
1.2,2.0,0.009693275626,-7.503331e-12,-7.501937e-12,-7.501937e-12,1.112e-11,0.000e+00,9.379e-12
1.2,2.0,0.009922420787,-1.393374e-11,-1.393267e-11,-1.393267e-11,1.086e-11,0.000e+00,1.742e-11
1.2,2.0,0.01015698285,-2.551559e-11,-2.550164e-11,-2.550164e-11,1.061e-11,0.000e+00,3.188e-11
1.2,2.0,0.01039708986,-4.601475e-11,-4.601725e-11,-4.601725e-11,1.036e-11,0.000e+00,5.753e-11
1.2,2.0,0.01064287291,-8.189005e-11,-8.189072e-11,-8.189072e-11,1.012e-11,0.000e+00,1.024e-10
1.2,2.0,0.01089446617,-1.437641e-10,-1.437638e-10,-1.437638e-10,9.889e-12,0.000e+00,1.797e-10
1.2,2.0,0.01115200699,-2.490630e-10,-2.490586e-10,-2.490586e-10,9.661e-12,0.000e+00,3.114e-10
1.2,2.0,0.01141563598,-4.259277e-10,-4.259159e-10,-4.259159e-10,9.437e-12,0.000e+00,5.325e-10
1.2,2.0,0.01168549705,-7.191936e-10,-7.191942e-10,-7.191942e-10,9.219e-12,0.000e+00,8.992e-10
1.2,2.0,0.01196173753,-1.199492e-09,-1.199487e-09,-1.199487e-09,9.006e-12,0.000e+00,1.500e-09
1.2,2.0,0.01224450822,-1.976506e-09,-1.976498e-09,-1.976498e-09,8.798e-12,0.000e+00,2.471e-09
1.2,2.0,0.0125339635,-3.218627e-09,-3.218618e-09,-3.218618e-09,8.594e-12,0.000e+00,4.024e-09
1.2,2.0,0.01283026138,-5.181242e-09,-5.181233e-09,-5.181233e-09,8.396e-12,0.000e+00,6.478e-09
1.2,2.0,0.01313356363,-8.247145e-09,-8.247140e-09,-8.247140e-09,8.202e-12,0.000e+00,1.031e-08
1.2,2.0,0.01344403582,-1.298354e-08,-1.298353e-08,-1.298353e-08,8.012e-12,0.000e+00,1.623e-08
1.2,2.0,0.01376184746,-2.022145e-08,-2.022145e-08,-2.022145e-08,7.827e-12,0.000e+00,2.528e-08
1.2,2.0,0.01408717203,-3.116514e-08,-3.116514e-08,-3.116514e-08,7.646e-12,0.000e+00,3.896e-08
1.2,2.0,0.01442018714,-4.754105e-08,-4.754105e-08,-4.754105e-08,7.469e-12,3.550e-316,5.944e-08
1.2,2.0,0.0147610746,-7.179833e-08,-7.179831e-08,-7.179831e-08,7.297e-12,7.790e-309,8.977e-08
1.2,2.0,0.0151100205,-1.073757e-07,-1.073757e-07,-1.073757e-07,7.128e-12,1.156e-301,1.342e-07
1.2,2.0,0.01546721534,-1.590532e-07,-1.590531e-07,-1.590531e-07,6.963e-12,1.172e-294,1.989e-07
1.2,2.0,0.01583285413,-2.334097e-07,-2.334097e-07,-2.334097e-07,6.802e-12,8.184e-288,2.918e-07
1.2,2.0,0.01620713647,-3.394140e-07,-3.394139e-07,-3.394140e-07,6.645e-12,3.970e-281,4.244e-07
1.2,2.0,0.0165902667,-4.891771e-07,-4.891771e-07,-4.891771e-07,6.491e-12,1.349e-274,6.116e-07
1.2,2.0,0.01698245397,-6.989041e-07,-6.989041e-07,-6.989041e-07,6.341e-12,3.239e-268,8.738e-07
1.2,2.0,0.01738391239,-9.900829e-07,-9.900829e-07,-9.900829e-07,6.195e-12,5.536e-262,1.238e-06
1.2,2.0,0.01779486113,-1.390956e-06,-1.390956e-06,-1.390956e-06,6.052e-12,6.792e-256,1.739e-06
1.2,2.0,0.01821552453,-1.938323e-06,-1.938323e-06,-1.938323e-06,5.912e-12,6.027e-250,2.423e-06
1.2,2.0,0.01864613225,-2.679734e-06,-2.679734e-06,-2.679734e-06,5.775e-12,3.896e-244,3.350e-06
1.2,2.0,0.01908691936,-3.676117e-06,-3.676117e-06,-3.676117e-06,5.642e-12,1.849e-238,4.596e-06
1.2,2.0,0.0195381265,-5.004916e-06,-5.004916e-06,-5.004917e-06,5.511e-12,6.487e-233,6.257e-06
1.2,2.0,0.02,-6.763791e-06,-6.763791e-06,-6.763792e-06,5.384e-12,1.694e-227,8.456e-06
1.2,2.0,0.02055729891,-9.550569e-06,-9.550569e-06,-9.550571e-06,5.238e-12,2.759e-221,1.194e-05
1.2,2.0,0.02113012692,-1.335491e-05,-1.335491e-05,-1.335492e-05,5.096e-12,3.048e-215,1.670e-05
1.2,2.0,0.02171891675,-1.849866e-05,-1.849866e-05,-1.849867e-05,4.957e-12,2.309e-209,2.313e-05
1.2,2.0,0.02232411318,-2.538856e-05,-2.538856e-05,-2.538858e-05,4.823e-12,1.211e-203,3.174e-05
1.2,2.0,0.02294617338,-3.453369e-05,-3.453369e-05,-3.453373e-05,4.692e-12,4.443e-198,4.318e-05
1.2,2.0,0.02358556724,-4.656507e-05,-4.656507e-05,-4.656516e-05,4.565e-12,1.151e-192,5.822e-05
1.2,2.0,0.02424277779,-6.225763e-05,-6.225763e-05,-6.225780e-05,4.441e-12,2.127e-187,7.784e-05
1.2,2.0,0.02491830147,-8.255429e-05,-8.255429e-05,-8.255461e-05,4.320e-12,2.827e-182,1.032e-04
1.2,2.0,0.02561264858,-1.085922e-04,-1.085922e-04,-1.085928e-04,4.203e-12,2.729e-177,1.358e-04
1.2,2.0,0.02632634363,-1.417306e-04,-1.417306e-04,-1.417316e-04,4.089e-12,1.929e-172,1.772e-04
1.2,2.0,0.02705992576,-1.835805e-04,-1.835805e-04,-1.835824e-04,3.978e-12,1.007e-167,2.295e-04
1.2,2.0,0.02781394911,-2.360353e-04,-2.360353e-04,-2.360386e-04,3.870e-12,3.913e-163,2.951e-04
1.2,2.0,0.02858898329,-3.013015e-04,-3.013015e-04,-3.013072e-04,3.765e-12,1.142e-158,3.767e-04
1.2,2.0,0.02938561374,-3.819305e-04,-3.819305e-04,-3.819402e-04,3.662e-12,2.520e-154,4.775e-04
1.2,2.0,0.03020444227,-4.808484e-04,-4.808484e-04,-4.808645e-04,3.563e-12,4.238e-150,6.012e-04
1.2,2.0,0.0310460874,-6.013848e-04,-6.013848e-04,-6.014115e-04,3.466e-12,5.474e-146,7.519e-04
1.2,2.0,0.03191118493,-7.473001e-04,-7.473001e-04,-7.473436e-04,3.371e-12,5.468e-142,9.344e-04
1.2,2.0,0.03280038836,-9.228078e-04,-9.228078e-04,-9.228777e-04,3.280e-12,4.254e-138,1.154e-03
1.2,2.0,0.03371436939,-1.132595e-03,-1.132595e-03,-1.132705e-03,3.190e-12,2.595e-134,1.416e-03
1.2,2.0,0.03465381845,-1.381835e-03,-1.381835e-03,-1.382008e-03,3.103e-12,1.249e-130,1.728e-03
1.2,2.0,0.03561944521,-1.676198e-03,-1.676198e-03,-1.676466e-03,3.019e-12,4.776e-127,2.096e-03
1.2,2.0,0.0366119791,-2.021852e-03,-2.021852e-03,-2.022261e-03,2.936e-12,1.460e-123,2.528e-03
1.2,2.0,0.0376321699,-2.425457e-03,-2.425457e-03,-2.426074e-03,2.856e-12,3.588e-120,3.033e-03
1.2,2.0,0.03868078826,-2.894154e-03,-2.894154e-03,-2.895074e-03,2.778e-12,7.134e-117,3.620e-03
1.2,2.0,0.03975862631,-3.435539e-03,-3.435539e-03,-3.436896e-03,2.702e-12,1.154e-113,4.297e-03
1.2,2.0,0.04086649826,-4.057637e-03,-4.057637e-03,-4.059617e-03,2.628e-12,1.527e-110,5.076e-03
1.2,2.0,0.04200524101,-4.768860e-03,-4.768860e-03,-4.771718e-03,2.555e-12,1.663e-107,5.966e-03
1.2,2.0,0.04317571475,-5.577959e-03,-5.577959e-03,-5.582041e-03,2.485e-12,1.497e-104,6.979e-03
1.2,2.0,0.04437880369,-6.493966e-03,-6.493966e-03,-6.499739e-03,2.417e-12,1.121e-101,8.126e-03
1.2,2.0,0.04561541663,-7.526126e-03,-7.526126e-03,-7.534212e-03,2.350e-12,7.008e-99,9.420e-03
1.2,2.0,0.04688648772,-8.683826e-03,-8.683826e-03,-8.695042e-03,2.285e-12,3.679e-96,1.087e-02
1.2,2.0,0.04819297714,-9.976507e-03,-9.976507e-03,-9.991922e-03,2.222e-12,1.629e-93,1.249e-02
1.2,2.0,0.04953587182,-1.141358e-02,-1.141358e-02,-1.143457e-02,2.160e-12,6.113e-91,1.430e-02
1.2,2.0,0.05091618618,-1.300432e-02,-1.300432e-02,-1.303267e-02,2.100e-12,1.952e-88,1.629e-02
1.2,2.0,0.05233496293,-1.475778e-02,-1.475778e-02,-1.479573e-02,2.042e-12,5.331e-86,1.850e-02
1.2,2.0,0.05379327381,-1.668268e-02,-1.668268e-02,-1.673306e-02,1.985e-12,1.250e-83,2.092e-02
1.2,2.0,0.05529222045,-1.878729e-02,-1.878729e-02,-1.885364e-02,1.929e-12,2.527e-81,2.357e-02
1.2,2.0,0.05683293515,-2.107934e-02,-2.107934e-02,-2.116604e-02,1.875e-12,4.421e-79,2.646e-02
1.2,2.0,0.05841658179,-2.356590e-02,-2.356590e-02,-2.367831e-02,1.823e-12,6.722e-77,2.960e-02
1.2,2.0,0.06004435665,-2.625326e-02,-2.625326e-02,-2.639795e-02,1.772e-12,8.916e-75,3.300e-02
1.2,2.0,0.06171748937,-2.914688e-02,-2.914688e-02,-2.933175e-02,1.722e-12,1.035e-72,3.667e-02
1.2,2.0,0.06343724384,-3.225122e-02,-3.225122e-02,-3.248578e-02,1.673e-12,1.057e-70,4.062e-02
1.2,2.0,0.06520491918,-3.556971e-02,-3.556971e-02,-3.586527e-02,1.626e-12,9.508e-69,4.484e-02
1.2,2.0,0.06702185069,-3.910463e-02,-3.910463e-02,-3.947456e-02,1.579e-12,7.570e-67,4.935e-02
1.2,2.0,0.0688894109,-4.285704e-02,-4.285704e-02,-4.331707e-02,1.534e-12,5.351e-65,5.416e-02
1.2,2.0,0.07080901057,-4.682673e-02,-4.682673e-02,-4.739518e-02,1.491e-12,3.368e-63,5.926e-02
1.2,2.0,0.07278209978,-5.101216e-02,-5.101216e-02,-5.171026e-02,1.448e-12,1.894e-61,6.465e-02
1.2,2.0,0.07481016902,-5.541043e-02,-5.541043e-02,-5.626260e-02,1.407e-12,9.548e-60,7.034e-02
1.2,2.0,0.0768947503,-6.001724e-02,-6.001724e-02,-6.105140e-02,1.366e-12,4.326e-58,7.633e-02
1.2,2.0,0.07903741831,-6.482687e-02,-6.482687e-02,-6.607474e-02,1.327e-12,1.766e-56,8.261e-02
1.2,2.0,0.08123979166,-6.983221e-02,-6.983221e-02,-7.132960e-02,1.289e-12,6.521e-55,8.918e-02
1.2,2.0,0.08350353402,-7.502478e-02,-7.502478e-02,-7.681185e-02,1.251e-12,2.182e-53,9.603e-02
1.2,2.0,0.08583035543,-8.039472e-02,-8.039472e-02,-8.251626e-02,1.215e-12,6.635e-52,1.032e-01
1.2,2.0,0.0882220136,-8.593090e-02,-8.593090e-02,-8.843655e-02,1.180e-12,1.839e-50,1.106e-01
1.2,2.0,0.09068031519,-9.162094e-02,-9.162094e-02,-9.456538e-02,1.146e-12,4.655e-49,1.182e-01
1.2,2.0,0.09320711722,-9.745132e-02,-9.745132e-02,-1.008944e-01,1.112e-12,1.079e-47,1.261e-01
1.2,2.0,0.09580432845,-1.034074e-01,-1.034074e-01,-1.074144e-01,1.080e-12,2.296e-46,1.343e-01
1.2,2.0,0.09847391083,-1.094738e-01,-1.094738e-01,-1.141152e-01,1.048e-12,4.495e-45,1.427e-01
1.2,2.0,0.101217881,-1.156339e-01,-1.156339e-01,-1.209857e-01,1.018e-12,8.116e-44,1.513e-01
1.2,2.0,0.1040383117,-1.218708e-01,-1.218708e-01,-1.280143e-01,9.879e-13,1.354e-42,1.601e-01
1.2,2.0,0.1069373336,-1.281668e-01,-1.281668e-01,-1.351883e-01,9.590e-13,2.093e-41,1.690e-01
1.2,2.0,0.1099171365,-1.345038e-01,-1.345038e-01,-1.424947e-01,9.309e-13,3.001e-40,1.782e-01
1.2,2.0,0.1129799716,-1.408636e-01,-1.408636e-01,-1.499198e-01,9.035e-13,4.003e-39,1.874e-01
1.2,2.0,0.1161281523,-1.472275e-01,-1.472275e-01,-1.574495e-01,8.770e-13,4.975e-38,1.969e-01
1.2,2.0,0.1193640569,-1.535773e-01,-1.535773e-01,-1.650692e-01,8.512e-13,5.772e-37,2.064e-01
1.2,2.0,0.1226901298,-1.598947e-01,-1.598947e-01,-1.727640e-01,8.262e-13,6.264e-36,2.160e-01
1.2,2.0,0.1261088836,-1.661618e-01,-1.661618e-01,-1.805188e-01,8.019e-13,6.370e-35,2.257e-01
1.2,2.0,0.1296229008,-1.723612e-01,-1.723612e-01,-1.883182e-01,7.783e-13,6.080e-34,2.354e-01
1.2,2.0,0.1332348358,-1.784762e-01,-1.784762e-01,-1.961470e-01,7.554e-13,5.456e-33,2.452e-01
1.2,2.0,0.1369474172,-1.844909e-01,-1.844909e-01,-2.039895e-01,7.332e-13,4.612e-32,2.550e-01
1.2,2.0,0.1407634495,-1.903901e-01,-1.903901e-01,-2.118306e-01,7.117e-13,3.678e-31,2.648e-01
1.2,2.0,0.1446858154,-1.961597e-01,-1.961597e-01,-2.196549e-01,6.907e-13,2.771e-30,2.746e-01
1.2,2.0,0.1487174777,-2.017866e-01,-2.017866e-01,-2.274473e-01,6.704e-13,1.976e-29,2.844e-01
1.2,2.0,0.1528614821,-2.072591e-01,-2.072591e-01,-2.351930e-01,6.507e-13,1.335e-28,2.941e-01
1.2,2.0,0.157120959,-2.125665e-01,-2.125665e-01,-2.428774e-01,6.316e-13,8.563e-28,3.037e-01
1.2,2.0,0.1614991259,-2.176993e-01,-2.176993e-01,-2.504865e-01,6.131e-13,5.220e-27,3.132e-01
1.2,2.0,0.1659992902,-2.226496e-01,-2.226496e-01,-2.580063e-01,5.951e-13,3.029e-26,3.226e-01
1.2,2.0,0.1706248514,-2.274106e-01,-2.274106e-01,-2.654235e-01,5.777e-13,1.675e-25,3.318e-01
1.2,2.0,0.1753793036,-2.319767e-01,-2.319767e-01,-2.727252e-01,5.607e-13,8.836e-25,3.410e-01
1.2,2.0,0.1802662383,-2.363439e-01,-2.363439e-01,-2.798991e-01,5.443e-13,4.455e-24,3.499e-01
1.2,2.0,0.1852893472,-2.405090e-01,-2.405090e-01,-2.869335e-01,5.284e-13,2.149e-23,3.587e-01
1.2,2.0,0.1904524247,-2.444705e-01,-2.444705e-01,-2.938170e-01,5.129e-13,9.927e-23,3.673e-01
1.2,2.0,0.1957593711,-2.482275e-01,-2.482275e-01,-3.005390e-01,4.979e-13,4.398e-22,3.758e-01
1.2,2.0,0.2012141953,-2.517806e-01,-2.517806e-01,-3.070895e-01,4.833e-13,1.870e-21,3.839e-01
1.2,2.0,0.2068210179,-2.551311e-01,-2.551311e-01,-3.134591e-01,4.692e-13,7.645e-21,3.919e-01
1.2,2.0,0.2125840742,-2.582812e-01,-2.582812e-01,-3.196390e-01,4.555e-13,3.007e-20,3.996e-01
1.2,2.0,0.2185077179,-2.612339e-01,-2.612339e-01,-3.256212e-01,4.422e-13,1.139e-19,4.071e-01
1.2,2.0,0.2245964235,-2.639929e-01,-2.639929e-01,-3.313982e-01,4.292e-13,4.159e-19,4.143e-01
1.2,2.0,0.2308547906,-2.665624e-01,-2.665624e-01,-3.369632e-01,4.167e-13,1.466e-18,4.213e-01
1.2,2.0,0.2372875467,-2.689472e-01,-2.689472e-01,-3.423100e-01,4.045e-13,4.989e-18,4.280e-01
1.2,2.0,0.2438995512,-2.711522e-01,-2.711522e-01,-3.474330e-01,3.927e-13,1.642e-17,4.344e-01
1.2,2.0,0.2506957989,-2.731828e-01,-2.731828e-01,-3.523274e-01,3.812e-13,5.231e-17,4.405e-01
1.2,2.0,0.2576814237,-2.750444e-01,-2.750444e-01,-3.569889e-01,3.701e-13,1.614e-16,4.463e-01
1.2,2.0,0.2648617025,-2.767427e-01,-2.767427e-01,-3.614139e-01,3.593e-13,4.828e-16,4.519e-01
1.2,2.0,0.2722420593,-2.782833e-01,-2.782833e-01,-3.655992e-01,3.489e-13,1.401e-15,4.571e-01
1.2,2.0,0.2798280694,-2.796716e-01,-2.796716e-01,-3.695424e-01,3.387e-13,3.949e-15,4.620e-01
1.2,2.0,0.2876254633,-2.809131e-01,-2.809131e-01,-3.732414e-01,3.289e-13,1.082e-14,4.666e-01
1.2,2.0,0.2956401311,-2.820130e-01,-2.820130e-01,-3.766950e-01,3.194e-13,2.882e-14,4.710e-01
1.2,2.0,0.3038781273,-2.829764e-01,-2.829764e-01,-3.799022e-01,3.102e-13,7.471e-14,4.750e-01
1.2,2.0,0.3123456747,-2.838082e-01,-2.838082e-01,-3.828627e-01,3.012e-13,1.887e-13,4.787e-01
1.2,2.0,0.3210491698,-2.845129e-01,-2.845129e-01,-3.855764e-01,2.926e-13,4.645e-13,4.821e-01
1.2,2.0,0.3299951874,-2.850950e-01,-2.850950e-01,-3.880441e-01,2.843e-13,1.115e-12,4.852e-01
1.2,2.0,0.3391904853,-2.855586e-01,-2.855586e-01,-3.902665e-01,2.763e-13,2.614e-12,4.879e-01
1.2,2.0,0.3486420097,-2.859075e-01,-2.859075e-01,-3.922452e-01,2.685e-13,5.983e-12,4.904e-01
1.2,2.0,0.3583569002,-2.861455e-01,-2.861455e-01,-3.939819e-01,2.611e-13,1.338e-11,4.926e-01
1.2,2.0,0.3683424957,-2.862762e-01,-2.862762e-01,-3.954787e-01,2.539e-13,2.928e-11,4.945e-01
1.2,2.0,0.3786063392,-2.863030e-01,-2.863030e-01,-3.967381e-01,2.470e-13,6.268e-11,4.960e-01
1.2,2.0,0.3891561842,-2.862291e-01,-2.862291e-01,-3.977628e-01,2.404e-13,1.314e-10,4.973e-01
1.2,2.0,0.4,-2.860578e-01,-2.860578e-01,-3.985560e-01,2.340e-13,2.697e-10,4.983e-01
1.2,2.4,0.0025,2.842171e-14,-9.683317e-31,-9.683317e-31,4.322e-11,0.000e+00,1.270e-30
1.2,2.4,0.002559099,2.842171e-14,-4.989752e-30,-4.989752e-30,4.222e-11,0.000e+00,6.543e-30
1.2,2.4,0.002619595078,0.000000e+00,-2.474983e-29,-2.474983e-29,4.125e-11,0.000e+00,3.246e-29
1.2,2.4,0.002681521258,2.842171e-14,-1.182733e-28,-1.182733e-28,4.030e-11,0.000e+00,1.551e-28
1.2,2.4,0.002744911348,2.842171e-14,-5.449990e-28,-5.449990e-28,3.937e-11,0.000e+00,7.147e-28
1.2,2.4,0.002809799955,1.421085e-14,-2.423619e-27,-2.423619e-27,3.846e-11,0.000e+00,3.178e-27
1.2,2.4,0.002876222502,4.263256e-14,-1.040997e-26,-1.040997e-26,3.757e-11,0.000e+00,1.365e-26
1.2,2.4,0.002944215252,0.000000e+00,-4.322139e-26,-4.322139e-26,3.670e-11,0.000e+00,5.668e-26
1.2,2.4,0.003013815324,7.105427e-14,-1.736013e-25,-1.736013e-25,3.585e-11,0.000e+00,2.276e-25
1.2,2.4,0.003085060713,1.421085e-14,-6.750635e-25,-6.750635e-25,3.502e-11,0.000e+00,8.852e-25
1.2,2.4,0.003157990315,2.842171e-14,-2.543304e-24,-2.543304e-24,3.422e-11,0.000e+00,3.335e-24
1.2,2.4,0.003232643943,2.842171e-14,-9.290328e-24,-9.290328e-24,3.343e-11,0.000e+00,1.218e-23
1.2,2.4,0.003309062353,2.842171e-14,-3.292707e-23,-3.292707e-23,3.265e-11,0.000e+00,4.318e-23
1.2,2.4,0.003387287264,-1.421085e-14,-1.133097e-22,-1.133097e-22,3.190e-11,0.000e+00,1.486e-22
1.2,2.4,0.003467361381,1.421085e-14,-3.788513e-22,-3.788513e-22,3.116e-11,0.000e+00,4.968e-22
1.2,2.4,0.003549328418,1.421085e-14,-1.231536e-21,-1.231536e-21,3.044e-11,0.000e+00,1.615e-21
1.2,2.4,0.003633233122,1.421085e-14,-3.894795e-21,-3.894795e-21,2.974e-11,0.000e+00,5.107e-21
1.2,2.4,0.003719121301,0.000000e+00,-1.199104e-20,-1.199104e-20,2.905e-11,0.000e+00,1.572e-20
1.2,2.4,0.003807039841,2.842171e-14,-3.596109e-20,-3.596109e-20,2.838e-11,0.000e+00,4.716e-20
1.2,2.4,0.003897036741,1.421085e-14,-1.051178e-19,-1.051178e-19,2.773e-11,0.000e+00,1.378e-19
1.2,2.4,0.003989161131,0.000000e+00,-2.996705e-19,-2.996705e-19,2.708e-11,0.000e+00,3.930e-19
1.2,2.4,0.004083463305,1.421085e-14,-8.336568e-19,-8.336568e-19,2.646e-11,0.000e+00,1.093e-18
1.2,2.4,0.004179994745,-1.421085e-14,-2.264391e-18,-2.264391e-18,2.585e-11,0.000e+00,2.969e-18
1.2,2.4,0.00427880815,1.421085e-14,-6.008638e-18,-6.008638e-18,2.525e-11,0.000e+00,7.879e-18
1.2,2.4,0.004379957463,0.000000e+00,-1.558459e-17,-1.558459e-17,2.467e-11,0.000e+00,2.044e-17
1.2,2.4,0.004483497907,0.000000e+00,-3.953102e-17,-3.953102e-17,2.410e-11,0.000e+00,5.184e-17
1.2,2.4,0.004589486004,0.000000e+00,-9.811322e-17,-9.811322e-17,2.354e-11,0.000e+00,1.287e-16
1.2,2.4,0.004697979618,0.000000e+00,-2.383868e-16,-2.383868e-16,2.300e-11,0.000e+00,3.126e-16
1.2,2.4,0.004809037978,0.000000e+00,-5.673033e-16,-5.673033e-16,2.247e-11,0.000e+00,7.439e-16
1.2,2.4,0.004922721713,-1.421085e-14,-1.322925e-15,-1.322925e-15,2.195e-11,0.000e+00,1.735e-15
1.2,2.4,0.005039092886,0.000000e+00,-3.024442e-15,-3.024442e-15,2.144e-11,0.000e+00,3.966e-15
1.2,2.4,0.005158215027,0.000000e+00,-6.781791e-15,-6.781791e-15,2.094e-11,0.000e+00,8.893e-15
1.2,2.4,0.005280153168,-2.131628e-14,-1.492199e-14,-1.492199e-14,2.046e-11,0.000e+00,1.957e-14
1.2,2.4,0.005404973878,-2.842171e-14,-3.223164e-14,-3.223164e-14,1.999e-11,0.000e+00,4.227e-14
1.2,2.4,0.005532745299,-7.105427e-14,-6.837482e-14,-6.837482e-14,1.953e-11,0.000e+00,8.966e-14
1.2,2.4,0.005663537186,-1.492140e-13,-1.425114e-13,-1.425114e-13,1.907e-11,0.000e+00,1.869e-13
1.2,2.4,0.00579742094,-3.055334e-13,-2.919573e-13,-2.919573e-13,1.863e-11,0.000e+00,3.829e-13
1.2,2.4,0.005934469654,-5.968559e-13,-5.881366e-13,-5.881366e-13,1.820e-11,0.000e+00,7.712e-13
1.2,2.4,0.006074758143,-1.158185e-12,-1.165454e-12,-1.165454e-12,1.778e-11,0.000e+00,1.528e-12
1.2,2.4,0.006218362997,-2.280842e-12,-2.272662e-12,-2.272662e-12,1.737e-11,0.000e+00,2.980e-12
1.2,2.4,0.006365362612,-4.376943e-12,-4.362734e-12,-4.362734e-12,1.697e-11,0.000e+00,5.721e-12
1.2,2.4,0.006515837239,-8.263612e-12,-8.247530e-12,-8.247530e-12,1.658e-11,0.000e+00,1.082e-11
1.2,2.4,0.006669869026,-1.537614e-11,-1.535976e-11,-1.535976e-11,1.619e-11,0.000e+00,2.014e-11
1.2,2.4,0.006827542063,-2.821565e-11,-2.818967e-11,-2.818967e-11,1.582e-11,0.000e+00,3.697e-11
1.2,2.4,0.006988942427,-5.103118e-11,-5.100208e-11,-5.100208e-11,1.545e-11,0.000e+00,6.688e-11
1.2,2.4,0.007154158232,-9.100631e-11,-9.099577e-11,-9.099577e-11,1.510e-11,0.000e+00,1.193e-10
1.2,2.4,0.007323279672,-1.601634e-10,-1.601511e-10,-1.601511e-10,1.475e-11,0.000e+00,2.100e-10
1.2,2.4,0.007496399075,-2.781420e-10,-2.781320e-10,-2.781320e-10,1.441e-11,0.000e+00,3.647e-10
1.2,2.4,0.007673610952,-4.768026e-10,-4.767800e-10,-4.767800e-10,1.407e-11,0.000e+00,6.252e-10
1.2,2.4,0.007855012047,-8.069989e-10,-8.069775e-10,-8.069775e-10,1.375e-11,0.000e+00,1.058e-09
1.2,2.4,0.008040701391,-1.349008e-09,-1.348990e-09,-1.348990e-09,1.343e-11,0.000e+00,1.769e-09
1.2,2.4,0.008230780357,-2.227864e-09,-2.227845e-09,-2.227845e-09,1.312e-11,0.000e+00,2.921e-09
1.2,2.4,0.008425352714,-3.635911e-09,-3.635894e-09,-3.635894e-09,1.282e-11,0.000e+00,4.768e-09
1.2,2.4,0.008624524683,-5.865544e-09,-5.865523e-09,-5.865523e-09,1.252e-11,0.000e+00,7.692e-09
1.2,2.4,0.008828404998,-9.355951e-09,-9.355946e-09,-9.355946e-09,1.223e-11,0.000e+00,1.227e-08
1.2,2.4,0.009037104963,-1.475938e-08,-1.475936e-08,-1.475936e-08,1.195e-11,0.000e+00,1.935e-08
1.2,2.4,0.009250738511,-2.303335e-08,-2.303334e-08,-2.303334e-08,1.167e-11,0.000e+00,3.020e-08
1.2,2.4,0.00946942227,-3.556843e-08,-3.556840e-08,-3.556840e-08,1.140e-11,0.000e+00,4.664e-08
1.2,2.4,0.009693275626,-5.436205e-08,-5.436202e-08,-5.436202e-08,1.114e-11,0.000e+00,7.129e-08
1.2,2.4,0.009922420787,-8.225344e-08,-8.225341e-08,-8.225341e-08,1.088e-11,0.000e+00,1.079e-07
1.2,2.4,0.01015698285,-1.232368e-07,-1.232368e-07,-1.232368e-07,1.063e-11,0.000e+00,1.616e-07
1.2,2.4,0.01039708986,-1.828747e-07,-1.828746e-07,-1.828746e-07,1.038e-11,0.000e+00,2.398e-07
1.2,2.4,0.01064287291,-2.688374e-07,-2.688374e-07,-2.688374e-07,1.014e-11,0.000e+00,3.525e-07
1.2,2.4,0.01089446617,-3.916003e-07,-3.916003e-07,-3.916003e-07,9.905e-12,0.000e+00,5.135e-07
1.2,2.4,0.01115200699,-5.653346e-07,-5.653345e-07,-5.653345e-07,9.675e-12,0.000e+00,7.413e-07
1.2,2.4,0.01141563598,-8.090344e-07,-8.090344e-07,-8.090344e-07,9.451e-12,0.000e+00,1.061e-06
1.2,2.4,0.01168549705,-1.147929e-06,-1.147929e-06,-1.147929e-06,9.232e-12,0.000e+00,1.505e-06
1.2,2.4,0.01196173753,-1.615235e-06,-1.615235e-06,-1.615235e-06,9.018e-12,0.000e+00,2.118e-06
1.2,2.4,0.01224450822,-2.254304e-06,-2.254304e-06,-2.254304e-06,8.809e-12,0.000e+00,2.956e-06
1.2,2.4,0.0125339635,-3.121240e-06,-3.121240e-06,-3.121240e-06,8.605e-12,0.000e+00,4.093e-06
1.2,2.4,0.01283026138,-4.288049e-06,-4.288049e-06,-4.288049e-06,8.406e-12,0.000e+00,5.623e-06
1.2,2.4,0.01313356363,-5.846396e-06,-5.846396e-06,-5.846396e-06,8.211e-12,0.000e+00,7.667e-06
1.2,2.4,0.01344403582,-7.912050e-06,-7.912050e-06,-7.912050e-06,8.021e-12,0.000e+00,1.038e-05
1.2,2.4,0.01376184746,-1.063008e-05,-1.063008e-05,-1.063008e-05,7.835e-12,0.000e+00,1.394e-05
1.2,2.4,0.01408717203,-1.418089e-05,-1.418089e-05,-1.418089e-05,7.653e-12,0.000e+00,1.860e-05
1.2,2.4,0.01442018714,-1.878716e-05,-1.878716e-05,-1.878716e-05,7.476e-12,3.526e-316,2.464e-05
1.2,2.4,0.0147610746,-2.472173e-05,-2.472173e-05,-2.472173e-05,7.302e-12,7.737e-309,3.242e-05
1.2,2.4,0.0151100205,-3.231652e-05,-3.231652e-05,-3.231652e-05,7.133e-12,1.149e-301,4.238e-05
1.2,2.4,0.01546721534,-4.197246e-05,-4.197246e-05,-4.197246e-05,6.967e-12,1.164e-294,5.504e-05
1.2,2.4,0.01583285413,-5.417055e-05,-5.417055e-05,-5.417055e-05,6.806e-12,8.129e-288,7.104e-05
1.2,2.4,0.01620713647,-6.948392e-05,-6.948392e-05,-6.948392e-05,6.648e-12,3.943e-281,9.112e-05
1.2,2.4,0.0165902667,-8.859095e-05,-8.859095e-05,-8.859095e-05,6.494e-12,1.340e-274,1.162e-04
1.2,2.4,0.01698245397,-1.122894e-04,-1.122894e-04,-1.122894e-04,6.343e-12,3.217e-268,1.472e-04
1.2,2.4,0.01738391239,-1.415115e-04,-1.415115e-04,-1.415115e-04,6.196e-12,5.499e-262,1.856e-04
1.2,2.4,0.01779486113,-1.773395e-04,-1.773395e-04,-1.773395e-04,6.052e-12,6.747e-256,2.326e-04
1.2,2.4,0.01821552453,-2.210225e-04,-2.210225e-04,-2.210225e-04,5.912e-12,5.986e-250,2.898e-04
1.2,2.4,0.01864613225,-2.739932e-04,-2.739932e-04,-2.739932e-04,5.774e-12,3.870e-244,3.593e-04
1.2,2.4,0.01908691936,-3.378851e-04,-3.378851e-04,-3.378851e-04,5.640e-12,1.837e-238,4.431e-04
1.2,2.4,0.0195381265,-4.145497e-04,-4.145497e-04,-4.145497e-04,5.509e-12,6.443e-233,5.436e-04
1.2,2.4,0.02,-5.060738e-04,-5.060738e-04,-5.060738e-04,5.381e-12,1.683e-227,6.636e-04
1.2,2.4,0.02055729891,-6.359389e-04,-6.359389e-04,-6.359389e-04,5.235e-12,2.741e-221,8.339e-04
1.2,2.4,0.02113012692,-7.938940e-04,-7.938940e-04,-7.938940e-04,5.092e-12,3.028e-215,1.041e-03
1.2,2.4,0.02171891675,-9.847647e-04,-9.847647e-04,-9.847647e-04,4.953e-12,2.293e-209,1.291e-03
1.2,2.4,0.02232411318,-1.213949e-03,-1.213949e-03,-1.213949e-03,4.818e-12,1.203e-203,1.592e-03
1.2,2.4,0.02294617338,-1.487441e-03,-1.487441e-03,-1.487441e-03,4.686e-12,4.413e-198,1.951e-03
1.2,2.4,0.02358556724,-1.811846e-03,-1.811846e-03,-1.811846e-03,4.558e-12,1.143e-192,2.376e-03
1.2,2.4,0.02424277779,-2.194394e-03,-2.194394e-03,-2.194394e-03,4.434e-12,2.113e-187,2.878e-03
1.2,2.4,0.02491830147,-2.642936e-03,-2.642936e-03,-2.642937e-03,4.312e-12,2.808e-182,3.466e-03
1.2,2.4,0.02561264858,-3.165945e-03,-3.165945e-03,-3.165945e-03,4.194e-12,2.710e-177,4.152e-03
1.2,2.4,0.02632634363,-3.772491e-03,-3.772491e-03,-3.772492e-03,4.079e-12,1.916e-172,4.947e-03
1.2,2.4,0.02705992576,-4.472221e-03,-4.472221e-03,-4.472222e-03,3.967e-12,1.000e-167,5.865e-03
1.2,2.4,0.02781394911,-5.275320e-03,-5.275320e-03,-5.275323e-03,3.858e-12,3.887e-163,6.918e-03
1.2,2.4,0.02858898329,-6.192466e-03,-6.192466e-03,-6.192472e-03,3.752e-12,1.134e-158,8.120e-03
1.2,2.4,0.02938561374,-7.234770e-03,-7.234770e-03,-7.234780e-03,3.649e-12,2.503e-154,9.487e-03
1.2,2.4,0.03020444227,-8.413713e-03,-8.413713e-03,-8.413729e-03,3.548e-12,4.210e-150,1.103e-02
1.2,2.4,0.0310460874,-9.741066e-03,-9.741066e-03,-9.741092e-03,3.451e-12,5.438e-146,1.277e-02
1.2,2.4,0.03191118493,-1.122881e-02,-1.122881e-02,-1.122885e-02,3.355e-12,5.432e-142,1.472e-02
1.2,2.4,0.03280038836,-1.288903e-02,-1.288903e-02,-1.288910e-02,3.262e-12,4.225e-138,1.690e-02
1.2,2.4,0.03371436939,-1.473384e-02,-1.473384e-02,-1.473395e-02,3.172e-12,2.577e-134,1.932e-02
1.2,2.4,0.03465381845,-1.677526e-02,-1.677526e-02,-1.677543e-02,3.084e-12,1.241e-130,2.200e-02
1.2,2.4,0.03561944521,-1.902510e-02,-1.902510e-02,-1.902536e-02,2.998e-12,4.744e-127,2.495e-02
1.2,2.4,0.0366119791,-2.149487e-02,-2.149487e-02,-2.149527e-02,2.914e-12,1.450e-123,2.819e-02
1.2,2.4,0.0376321699,-2.419564e-02,-2.419564e-02,-2.419625e-02,2.833e-12,3.564e-120,3.173e-02
1.2,2.4,0.03868078826,-2.713796e-02,-2.713796e-02,-2.713887e-02,2.754e-12,7.086e-117,3.559e-02
1.2,2.4,0.03975862631,-3.033172e-02,-3.033172e-02,-3.033306e-02,2.676e-12,1.146e-113,3.978e-02
1.2,2.4,0.04086649826,-3.378604e-02,-3.378604e-02,-3.378799e-02,2.601e-12,1.517e-110,4.431e-02
1.2,2.4,0.04200524101,-3.750918e-02,-3.750918e-02,-3.751199e-02,2.528e-12,1.652e-107,4.919e-02
1.2,2.4,0.04317571475,-4.150844e-02,-4.150844e-02,-4.151245e-02,2.456e-12,1.487e-104,5.444e-02
1.2,2.4,0.04437880369,-4.579004e-02,-4.579004e-02,-4.579570e-02,2.387e-12,1.113e-101,6.005e-02
1.2,2.4,0.04561541663,-5.035908e-02,-5.035908e-02,-5.036699e-02,2.319e-12,6.961e-99,6.605e-02
1.2,2.4,0.04688648772,-5.521942e-02,-5.521942e-02,-5.523036e-02,2.253e-12,3.654e-96,7.243e-02
1.2,2.4,0.04819297714,-6.037362e-02,-6.037362e-02,-6.038863e-02,2.189e-12,1.618e-93,7.919e-02
1.2,2.4,0.04953587182,-6.582291e-02,-6.582291e-02,-6.584331e-02,2.126e-12,6.071e-91,8.634e-02
1.2,2.4,0.05091618618,-7.156711e-02,-7.156711e-02,-7.159458e-02,2.065e-12,1.939e-88,9.388e-02
1.2,2.4,0.05233496293,-7.760460e-02,-7.760460e-02,-7.764128e-02,2.006e-12,5.296e-86,1.018e-01
1.2,2.4,0.05379327381,-8.393230e-02,-8.393230e-02,-8.398088e-02,1.949e-12,1.242e-83,1.101e-01
1.2,2.4,0.05529222045,-9.054565e-02,-9.054565e-02,-9.060945e-02,1.893e-12,2.510e-81,1.188e-01
1.2,2.4,0.05683293515,-9.743862e-02,-9.743862e-02,-9.752174e-02,1.838e-12,4.391e-79,1.279e-01
1.2,2.4,0.05841658179,-1.046037e-01,-1.046037e-01,-1.047111e-01,1.785e-12,6.677e-77,1.373e-01
1.2,2.4,0.06004435665,-1.120318e-01,-1.120318e-01,-1.121697e-01,1.733e-12,8.856e-75,1.471e-01
1.2,2.4,0.06171748937,-1.197127e-01,-1.197127e-01,-1.198883e-01,1.683e-12,1.028e-72,1.572e-01
1.2,2.4,0.06343724384,-1.276344e-01,-1.276344e-01,-1.278564e-01,1.634e-12,1.050e-70,1.677e-01
1.2,2.4,0.06520491918,-1.357838e-01,-1.357838e-01,-1.360626e-01,1.587e-12,9.444e-69,1.784e-01
1.2,2.4,0.06702185069,-1.441465e-01,-1.441465e-01,-1.444941e-01,1.541e-12,7.519e-67,1.895e-01
1.2,2.4,0.0688894109,-1.527067e-01,-1.527067e-01,-1.531373e-01,1.496e-12,5.315e-65,2.008e-01
1.2,2.4,0.07080901057,-1.614476e-01,-1.614476e-01,-1.619776e-01,1.452e-12,3.346e-63,2.124e-01
1.2,2.4,0.07278209978,-1.703513e-01,-1.703513e-01,-1.709995e-01,1.410e-12,1.882e-61,2.242e-01
1.2,2.4,0.07481016902,-1.793989e-01,-1.793989e-01,-1.801869e-01,1.369e-12,9.484e-60,2.363e-01
1.2,2.4,0.0768947503,-1.885707e-01,-1.885707e-01,-1.895228e-01,1.329e-12,4.297e-58,2.485e-01
1.2,2.4,0.07903741831,-1.978461e-01,-1.978461e-01,-1.989897e-01,1.290e-12,1.755e-56,2.609e-01
1.2,2.4,0.08123979166,-2.072038e-01,-2.072038e-01,-2.085698e-01,1.253e-12,6.477e-55,2.735e-01
1.2,2.4,0.08350353402,-2.166223e-01,-2.166223e-01,-2.182447e-01,1.216e-12,2.167e-53,2.862e-01
1.2,2.4,0.08583035543,-2.260792e-01,-2.260792e-01,-2.279957e-01,1.180e-12,6.591e-52,2.990e-01
1.2,2.4,0.0882220136,-2.355521e-01,-2.355521e-01,-2.378042e-01,1.146e-12,1.826e-50,3.118e-01
1.2,2.4,0.09068031519,-2.450185e-01,-2.450185e-01,-2.476511e-01,1.113e-12,4.623e-49,3.248e-01
1.2,2.4,0.09320711722,-2.544556e-01,-2.544556e-01,-2.575176e-01,1.080e-12,1.072e-47,3.377e-01
1.2,2.4,0.09580432845,-2.638410e-01,-2.638410e-01,-2.673848e-01,1.049e-12,2.281e-46,3.506e-01
1.2,2.4,0.09847391083,-2.731523e-01,-2.731523e-01,-2.772341e-01,1.018e-12,4.465e-45,3.635e-01
1.2,2.4,0.101217881,-2.823677e-01,-2.823677e-01,-2.870469e-01,9.884e-13,8.062e-44,3.764e-01
1.2,2.4,0.1040383117,-2.914657e-01,-2.914657e-01,-2.968051e-01,9.596e-13,1.345e-42,3.892e-01
1.2,2.4,0.1069373336,-3.004256e-01,-3.004256e-01,-3.064910e-01,9.317e-13,2.079e-41,4.019e-01
1.2,2.4,0.1099171365,-3.092274e-01,-3.092274e-01,-3.160871e-01,9.045e-13,2.981e-40,4.145e-01
1.2,2.4,0.1129799716,-3.178522e-01,-3.178522e-01,-3.255768e-01,8.782e-13,3.976e-39,4.269e-01
1.2,2.4,0.1161281523,-3.262817e-01,-3.262817e-01,-3.349436e-01,8.526e-13,4.942e-38,4.392e-01
1.2,2.4,0.1193640569,-3.344992e-01,-3.344992e-01,-3.441719e-01,8.278e-13,5.734e-37,4.513e-01
1.2,2.4,0.1226901298,-3.424888e-01,-3.424888e-01,-3.532466e-01,8.036e-13,6.222e-36,4.632e-01
1.2,2.4,0.1261088836,-3.502362e-01,-3.502362e-01,-3.621534e-01,7.802e-13,6.327e-35,4.749e-01
1.2,2.4,0.1296229008,-3.577284e-01,-3.577284e-01,-3.708786e-01,7.575e-13,6.039e-34,4.863e-01
1.2,2.4,0.1332348358,-3.649537e-01,-3.649537e-01,-3.794093e-01,7.353e-13,5.420e-33,4.975e-01
1.2,2.4,0.1369474172,-3.719021e-01,-3.719021e-01,-3.877332e-01,7.139e-13,4.581e-32,5.084e-01
1.2,2.4,0.1407634495,-3.785650e-01,-3.785650e-01,-3.958391e-01,6.930e-13,3.653e-31,5.191e-01
1.2,2.4,0.1446858154,-3.849353e-01,-3.849353e-01,-4.037161e-01,6.727e-13,2.752e-30,5.294e-01
1.2,2.4,0.1487174777,-3.910075e-01,-3.910075e-01,-4.113546e-01,6.530e-13,1.963e-29,5.394e-01
1.2,2.4,0.1528614821,-3.967777e-01,-3.967777e-01,-4.187454e-01,6.338e-13,1.326e-28,5.491e-01
1.2,2.4,0.157120959,-4.022435e-01,-4.022435e-01,-4.258803e-01,6.151e-13,8.506e-28,5.585e-01
1.2,2.4,0.1614991259,-4.074037e-01,-4.074037e-01,-4.327519e-01,5.970e-13,5.185e-27,5.675e-01
1.2,2.4,0.1659992902,-4.122588e-01,-4.122588e-01,-4.393534e-01,5.794e-13,3.008e-26,5.761e-01
1.2,2.4,0.1706248514,-4.168104e-01,-4.168104e-01,-4.456790e-01,5.622e-13,1.663e-25,5.844e-01
1.2,2.4,0.1753793036,-4.210616e-01,-4.210616e-01,-4.517234e-01,5.455e-13,8.777e-25,5.924e-01
1.2,2.4,0.1802662383,-4.250164e-01,-4.250164e-01,-4.574823e-01,5.292e-13,4.425e-24,5.999e-01
1.2,2.4,0.1852893472,-4.286799e-01,-4.286799e-01,-4.629518e-01,5.134e-13,2.134e-23,6.071e-01
1.2,2.4,0.1904524247,-4.320582e-01,-4.320582e-01,-4.681291e-01,4.980e-13,9.860e-23,6.139e-01
1.2,2.4,0.1957593711,-4.351582e-01,-4.351582e-01,-4.730118e-01,4.830e-13,4.368e-22,6.203e-01
1.2,2.4,0.2012141953,-4.379875e-01,-4.379875e-01,-4.775982e-01,4.683e-13,1.858e-21,6.263e-01
1.2,2.4,0.2068210179,-4.405541e-01,-4.405541e-01,-4.818872e-01,4.541e-13,7.594e-21,6.319e-01
1.2,2.4,0.2125840742,-4.428668e-01,-4.428668e-01,-4.858784e-01,4.403e-13,2.986e-20,6.371e-01
1.2,2.4,0.2185077179,-4.449345e-01,-4.449345e-01,-4.895720e-01,4.268e-13,1.131e-19,6.420e-01
1.2,2.4,0.2245964235,-4.467661e-01,-4.467661e-01,-4.929685e-01,4.136e-13,4.131e-19,6.464e-01
1.2,2.4,0.2308547906,-4.483711e-01,-4.483711e-01,-4.960691e-01,4.008e-13,1.456e-18,6.505e-01
1.2,2.4,0.2372875467,-4.497587e-01,-4.497587e-01,-4.988757e-01,3.884e-13,4.955e-18,6.542e-01
1.2,2.4,0.2438995512,-4.509378e-01,-4.509378e-01,-5.013902e-01,3.762e-13,1.631e-17,6.575e-01
1.2,2.4,0.2506957989,-4.519176e-01,-4.519176e-01,-5.036152e-01,3.644e-13,5.196e-17,6.604e-01
1.2,2.4,0.2576814237,-4.527067e-01,-4.527067e-01,-5.055538e-01,3.530e-13,1.603e-16,6.630e-01
1.2,2.4,0.2648617025,-4.533135e-01,-4.533135e-01,-5.072093e-01,3.418e-13,4.795e-16,6.651e-01
1.2,2.4,0.2722420593,-4.537459e-01,-4.537459e-01,-5.085855e-01,3.309e-13,1.392e-15,6.669e-01
1.2,2.4,0.2798280694,-4.540117e-01,-4.540117e-01,-5.096862e-01,3.204e-13,3.923e-15,6.684e-01
1.2,2.4,0.2876254633,-4.541178e-01,-4.541178e-01,-5.105160e-01,3.101e-13,1.074e-14,6.695e-01
1.2,2.4,0.2956401311,-4.540711e-01,-4.540711e-01,-5.110793e-01,3.001e-13,2.862e-14,6.702e-01
1.2,2.4,0.3038781273,-4.538779e-01,-4.538779e-01,-5.113810e-01,2.905e-13,7.421e-14,6.706e-01
1.2,2.4,0.3123456747,-4.535441e-01,-4.535441e-01,-5.114263e-01,2.811e-13,1.874e-13,6.707e-01
1.2,2.4,0.3210491698,-4.530750e-01,-4.530750e-01,-5.112203e-01,2.720e-13,4.614e-13,6.704e-01
1.2,2.4,0.3299951874,-4.524759e-01,-4.524759e-01,-5.107686e-01,2.632e-13,1.108e-12,6.698e-01
1.2,2.4,0.3391904853,-4.517515e-01,-4.517515e-01,-5.100767e-01,2.547e-13,2.596e-12,6.689e-01
1.2,2.4,0.3486420097,-4.509063e-01,-4.509063e-01,-5.091503e-01,2.464e-13,5.943e-12,6.677e-01
1.2,2.4,0.3583569002,-4.499446e-01,-4.499446e-01,-5.079954e-01,2.385e-13,1.329e-11,6.662e-01
1.2,2.4,0.3683424957,-4.488706e-01,-4.488706e-01,-5.066179e-01,2.308e-13,2.908e-11,6.643e-01
1.2,2.4,0.3786063392,-4.476882e-01,-4.476882e-01,-5.050237e-01,2.234e-13,6.226e-11,6.623e-01
1.2,2.4,0.3891561842,-4.464015e-01,-4.464015e-01,-5.032191e-01,2.163e-13,1.305e-10,6.599e-01
1.2,2.4,0.4,-4.450144e-01,-4.450144e-01,-5.012102e-01,2.094e-13,2.679e-10,6.573e-01
1.2,2.8,0.0025,0.000000e+00,-1.338584e-20,-1.338584e-20,4.324e-11,0.000e+00,1.874e-20
1.2,2.8,0.002559099,0.000000e+00,-4.023581e-20,-4.023581e-20,4.224e-11,0.000e+00,5.632e-20
1.2,2.8,0.002619595078,0.000000e+00,-1.178757e-19,-1.178757e-19,4.126e-11,0.000e+00,1.650e-19
1.2,2.8,0.002681521258,1.421085e-14,-3.367738e-19,-3.367738e-19,4.031e-11,0.000e+00,4.714e-19
1.2,2.8,0.002744911348,1.421085e-14,-9.388708e-19,-9.388708e-19,3.938e-11,0.000e+00,1.314e-18
1.2,2.8,0.002809799955,2.842171e-14,-2.555483e-18,-2.555483e-18,3.847e-11,0.000e+00,3.577e-18
1.2,2.8,0.002876222502,0.000000e+00,-6.794854e-18,-6.794854e-18,3.758e-11,0.000e+00,9.511e-18
1.2,2.8,0.002944215252,0.000000e+00,-1.765882e-17,-1.765882e-17,3.671e-11,0.000e+00,2.472e-17
1.2,2.8,0.003013815324,2.842171e-14,-4.487937e-17,-4.487937e-17,3.586e-11,0.000e+00,6.282e-17
1.2,2.8,0.003085060713,0.000000e+00,-1.115988e-16,-1.115988e-16,3.503e-11,0.000e+00,1.562e-16
1.2,2.8,0.003157990315,2.842171e-14,-2.716556e-16,-2.716556e-16,3.422e-11,0.000e+00,3.802e-16
1.2,2.8,0.003232643943,1.421085e-14,-6.476460e-16,-6.476460e-16,3.343e-11,0.000e+00,9.065e-16
1.2,2.8,0.003309062353,0.000000e+00,-1.512953e-15,-1.512953e-15,3.266e-11,0.000e+00,2.118e-15
1.2,2.8,0.003387287264,-1.421085e-14,-3.464863e-15,-3.464863e-15,3.190e-11,0.000e+00,4.850e-15
1.2,2.8,0.003467361381,0.000000e+00,-7.782489e-15,-7.782489e-15,3.116e-11,0.000e+00,1.089e-14
1.2,2.8,0.003549328418,-1.421085e-14,-1.715211e-14,-1.715211e-14,3.044e-11,0.000e+00,2.401e-14
1.2,2.8,0.003633233122,-1.421085e-14,-3.710849e-14,-3.710849e-14,2.974e-11,0.000e+00,5.194e-14
1.2,2.8,0.003719121301,-8.526513e-14,-7.884451e-14,-7.884451e-14,2.905e-11,0.000e+00,1.104e-13
1.2,2.8,0.003807039841,-1.705303e-13,-1.645862e-13,-1.645862e-13,2.838e-11,0.000e+00,2.304e-13
1.2,2.8,0.003897036741,-3.268497e-13,-3.376888e-13,-3.376888e-13,2.772e-11,0.000e+00,4.727e-13
1.2,2.8,0.003989161131,-6.821210e-13,-6.812620e-13,-6.812620e-13,2.708e-11,0.000e+00,9.536e-13
1.2,2.8,0.004083463305,-1.364242e-12,-1.351933e-12,-1.351933e-12,2.645e-11,0.000e+00,1.892e-12
1.2,2.8,0.004179994745,-2.629008e-12,-2.640006e-12,-2.640006e-12,2.584e-11,0.000e+00,3.695e-12
1.2,2.8,0.00427880815,-5.073275e-12,-5.074868e-12,-5.074868e-12,2.524e-11,0.000e+00,7.103e-12
1.2,2.8,0.004379957463,-9.620749e-12,-9.606661e-12,-9.606661e-12,2.466e-11,0.000e+00,1.345e-11
1.2,2.8,0.004483497907,-1.790568e-11,-1.791440e-11,-1.791440e-11,2.409e-11,0.000e+00,2.508e-11
1.2,2.8,0.004589486004,-3.292655e-11,-3.292034e-11,-3.292034e-11,2.353e-11,0.000e+00,4.608e-11
1.2,2.8,0.004697979618,-5.962875e-11,-5.963566e-11,-5.963566e-11,2.299e-11,0.000e+00,8.347e-11
1.2,2.8,0.004809037978,-1.065388e-10,-1.065298e-10,-1.065298e-10,2.245e-11,0.000e+00,1.491e-10
1.2,2.8,0.004922721713,-1.877254e-10,-1.877151e-10,-1.877151e-10,2.194e-11,0.000e+00,2.628e-10
1.2,2.8,0.005039092886,-3.263949e-10,-3.263834e-10,-3.263834e-10,2.143e-11,0.000e+00,4.568e-10
1.2,2.8,0.005158215027,-5.601350e-10,-5.601334e-10,-5.601334e-10,2.093e-11,0.000e+00,7.840e-10
1.2,2.8,0.005280153168,-9.491217e-10,-9.491178e-10,-9.491178e-10,2.045e-11,0.000e+00,1.329e-09
1.2,2.8,0.005404973878,-1.588326e-09,-1.588334e-09,-1.588334e-09,1.997e-11,0.000e+00,2.223e-09
1.2,2.8,0.005532745299,-2.625939e-09,-2.625921e-09,-2.625921e-09,1.951e-11,0.000e+00,3.676e-09
1.2,2.8,0.005663537186,-4.290051e-09,-4.290039e-09,-4.290039e-09,1.906e-11,0.000e+00,6.005e-09
1.2,2.8,0.00579742094,-6.927877e-09,-6.927873e-09,-6.927873e-09,1.862e-11,0.000e+00,9.697e-09
1.2,2.8,0.005934469654,-1.106150e-08,-1.106150e-08,-1.106150e-08,1.819e-11,0.000e+00,1.548e-08
1.2,2.8,0.006074758143,-1.746696e-08,-1.746696e-08,-1.746696e-08,1.776e-11,0.000e+00,2.445e-08
1.2,2.8,0.006218362997,-2.728483e-08,-2.728482e-08,-2.728482e-08,1.735e-11,0.000e+00,3.819e-08
1.2,2.8,0.006365362612,-4.217289e-08,-4.217290e-08,-4.217290e-08,1.695e-11,0.000e+00,5.903e-08
1.2,2.8,0.006515837239,-6.451499e-08,-6.451498e-08,-6.451498e-08,1.656e-11,0.000e+00,9.030e-08
1.2,2.8,0.006669869026,-9.770260e-08,-9.770259e-08,-9.770259e-08,1.618e-11,0.000e+00,1.368e-07
1.2,2.8,0.006827542063,-1.465113e-07,-1.465113e-07,-1.465113e-07,1.580e-11,0.000e+00,2.051e-07
1.2,2.8,0.006988942427,-2.175978e-07,-2.175978e-07,-2.175978e-07,1.543e-11,0.000e+00,3.046e-07
1.2,2.8,0.007154158232,-3.201495e-07,-3.201495e-07,-3.201495e-07,1.508e-11,0.000e+00,4.481e-07
1.2,2.8,0.007323279672,-4.667242e-07,-4.667242e-07,-4.667242e-07,1.473e-11,0.000e+00,6.533e-07
1.2,2.8,0.007496399075,-6.743249e-07,-6.743249e-07,-6.743249e-07,1.439e-11,0.000e+00,9.439e-07
1.2,2.8,0.007673610952,-9.657606e-07,-9.657606e-07,-9.657606e-07,1.405e-11,0.000e+00,1.352e-06
1.2,2.8,0.007855012047,-1.371352e-06,-1.371352e-06,-1.371352e-06,1.373e-11,0.000e+00,1.920e-06
1.2,2.8,0.008040701391,-1.931052e-06,-1.931052e-06,-1.931052e-06,1.341e-11,0.000e+00,2.703e-06
1.2,2.8,0.008230780357,-2.697043e-06,-2.697043e-06,-2.697043e-06,1.310e-11,0.000e+00,3.775e-06
1.2,2.8,0.008425352714,-3.736912e-06,-3.736912e-06,-3.736912e-06,1.279e-11,0.000e+00,5.231e-06
1.2,2.8,0.008624524683,-5.137468e-06,-5.137468e-06,-5.137468e-06,1.250e-11,0.000e+00,7.191e-06
1.2,2.8,0.008828404998,-7.009302e-06,-7.009302e-06,-7.009302e-06,1.221e-11,0.000e+00,9.811e-06
1.2,2.8,0.009037104963,-9.492189e-06,-9.492189e-06,-9.492189e-06,1.193e-11,0.000e+00,1.329e-05
1.2,2.8,0.009250738511,-1.276140e-05,-1.276140e-05,-1.276140e-05,1.165e-11,0.000e+00,1.786e-05
1.2,2.8,0.00946942227,-1.703507e-05,-1.703507e-05,-1.703507e-05,1.138e-11,0.000e+00,2.384e-05
1.2,2.8,0.009693275626,-2.258262e-05,-2.258262e-05,-2.258262e-05,1.112e-11,0.000e+00,3.161e-05
1.2,2.8,0.009922420787,-2.973438e-05,-2.973438e-05,-2.973438e-05,1.086e-11,0.000e+00,4.162e-05
1.2,2.8,0.01015698285,-3.889250e-05,-3.889250e-05,-3.889250e-05,1.061e-11,0.000e+00,5.444e-05
1.2,2.8,0.01039708986,-5.054307e-05,-5.054307e-05,-5.054307e-05,1.036e-11,0.000e+00,7.075e-05
1.2,2.8,0.01064287291,-6.526960e-05,-6.526960e-05,-6.526960e-05,1.012e-11,0.000e+00,9.136e-05
1.2,2.8,0.01089446617,-8.376785e-05,-8.376785e-05,-8.376785e-05,9.886e-12,0.000e+00,1.173e-04
1.2,2.8,0.01115200699,-1.068619e-04,-1.068619e-04,-1.068619e-04,9.657e-12,0.000e+00,1.496e-04
1.2,2.8,0.01141563598,-1.355213e-04,-1.355213e-04,-1.355213e-04,9.433e-12,0.000e+00,1.897e-04
1.2,2.8,0.01168549705,-1.708799e-04,-1.708799e-04,-1.708799e-04,9.214e-12,0.000e+00,2.392e-04
1.2,2.8,0.01196173753,-2.142550e-04,-2.142550e-04,-2.142550e-04,9.001e-12,0.000e+00,2.999e-04
1.2,2.8,0.01224450822,-2.671673e-04,-2.671673e-04,-2.671673e-04,8.792e-12,0.000e+00,3.740e-04
1.2,2.8,0.0125339635,-3.313627e-04,-3.313627e-04,-3.313627e-04,8.588e-12,0.000e+00,4.638e-04
1.2,2.8,0.01283026138,-4.088326e-04,-4.088326e-04,-4.088326e-04,8.389e-12,0.000e+00,5.723e-04
1.2,2.8,0.01313356363,-5.018359e-04,-5.018359e-04,-5.018359e-04,8.195e-12,0.000e+00,7.024e-04
1.2,2.8,0.01344403582,-6.129195e-04,-6.129195e-04,-6.129195e-04,8.005e-12,0.000e+00,8.579e-04
1.2,2.8,0.01376184746,-7.449394e-04,-7.449394e-04,-7.449394e-04,7.819e-12,0.000e+00,1.043e-03
1.2,2.8,0.01408717203,-9.010797e-04,-9.010797e-04,-9.010797e-04,7.638e-12,0.000e+00,1.261e-03
1.2,2.8,0.01442018714,-1.084871e-03,-1.084871e-03,-1.084871e-03,7.461e-12,3.613e-316,1.519e-03
1.2,2.8,0.0147610746,-1.300207e-03,-1.300207e-03,-1.300207e-03,7.288e-12,7.929e-309,1.820e-03
1.2,2.8,0.0151100205,-1.551358e-03,-1.551358e-03,-1.551358e-03,7.119e-12,1.177e-301,2.171e-03
1.2,2.8,0.01546721534,-1.842983e-03,-1.842983e-03,-1.842983e-03,6.954e-12,1.193e-294,2.580e-03
1.2,2.8,0.01583285413,-2.180139e-03,-2.180139e-03,-2.180139e-03,6.793e-12,8.330e-288,3.052e-03
1.2,2.8,0.01620713647,-2.568283e-03,-2.568283e-03,-2.568283e-03,6.635e-12,4.040e-281,3.595e-03
1.2,2.8,0.0165902667,-3.013278e-03,-3.013278e-03,-3.013278e-03,6.481e-12,1.373e-274,4.218e-03
1.2,2.8,0.01698245397,-3.521388e-03,-3.521388e-03,-3.521388e-03,6.330e-12,3.296e-268,4.929e-03
1.2,2.8,0.01738391239,-4.099269e-03,-4.099269e-03,-4.099269e-03,6.183e-12,5.635e-262,5.738e-03
1.2,2.8,0.01779486113,-4.753963e-03,-4.753963e-03,-4.753963e-03,6.040e-12,6.913e-256,6.654e-03
1.2,2.8,0.01821552453,-5.492877e-03,-5.492877e-03,-5.492877e-03,5.899e-12,6.134e-250,7.689e-03
1.2,2.8,0.01864613225,-6.323764e-03,-6.323764e-03,-6.323764e-03,5.762e-12,3.966e-244,8.852e-03
1.2,2.8,0.01908691936,-7.254698e-03,-7.254698e-03,-7.254698e-03,5.628e-12,1.882e-238,1.015e-02
1.2,2.8,0.0195381265,-8.294041e-03,-8.294041e-03,-8.294041e-03,5.497e-12,6.602e-233,1.161e-02
1.2,2.8,0.02,-9.450413e-03,-9.450413e-03,-9.450413e-03,5.369e-12,1.724e-227,1.323e-02
1.2,2.8,0.02055729891,-1.097244e-02,-1.097244e-02,-1.097244e-02,5.222e-12,2.808e-221,1.536e-02
1.2,2.8,0.02113012692,-1.268329e-02,-1.268329e-02,-1.268329e-02,5.079e-12,3.103e-215,1.775e-02
1.2,2.8,0.02171891675,-1.459788e-02,-1.459788e-02,-1.459788e-02,4.940e-12,2.350e-209,2.043e-02
1.2,2.8,0.02232411318,-1.673121e-02,-1.673121e-02,-1.673120e-02,4.804e-12,1.233e-203,2.342e-02
1.2,2.8,0.02294617338,-1.909823e-02,-1.909823e-02,-1.909823e-02,4.672e-12,4.522e-198,2.673e-02
1.2,2.8,0.02358556724,-2.171380e-02,-2.171380e-02,-2.171380e-02,4.543e-12,1.172e-192,3.039e-02
1.2,2.8,0.02424277779,-2.459245e-02,-2.459245e-02,-2.459244e-02,4.418e-12,2.165e-187,3.442e-02
1.2,2.8,0.02491830147,-2.774829e-02,-2.774829e-02,-2.774828e-02,4.296e-12,2.878e-182,3.884e-02
1.2,2.8,0.02561264858,-3.119488e-02,-3.119488e-02,-3.119487e-02,4.177e-12,2.777e-177,4.366e-02
1.2,2.8,0.02632634363,-3.494509e-02,-3.494509e-02,-3.494508e-02,4.062e-12,1.963e-172,4.891e-02
1.2,2.8,0.02705992576,-3.901094e-02,-3.901094e-02,-3.901091e-02,3.949e-12,1.025e-167,5.460e-02
1.2,2.8,0.02781394911,-4.340349e-02,-4.340349e-02,-4.340345e-02,3.839e-12,3.983e-163,6.075e-02
1.2,2.8,0.02858898329,-4.813273e-02,-4.813273e-02,-4.813266e-02,3.733e-12,1.162e-158,6.737e-02
1.2,2.8,0.02938561374,-5.320743e-02,-5.320743e-02,-5.320733e-02,3.629e-12,2.564e-154,7.448e-02
1.2,2.8,0.03020444227,-5.863508e-02,-5.863508e-02,-5.863492e-02,3.527e-12,4.314e-150,8.207e-02
1.2,2.8,0.0310460874,-6.442176e-02,-6.442176e-02,-6.442152e-02,3.429e-12,5.572e-146,9.017e-02
1.2,2.8,0.03191118493,-7.057207e-02,-7.057207e-02,-7.057171e-02,3.333e-12,5.566e-142,9.878e-02
1.2,2.8,0.03280038836,-7.708908e-02,-7.708908e-02,-7.708855e-02,3.239e-12,4.330e-138,1.079e-01
1.2,2.8,0.03371436939,-8.397424e-02,-8.397424e-02,-8.397347e-02,3.148e-12,2.641e-134,1.175e-01
1.2,2.8,0.03465381845,-9.122737e-02,-9.122737e-02,-9.122627e-02,3.060e-12,1.271e-130,1.277e-01
1.2,2.8,0.03561944521,-9.884663e-02,-9.884663e-02,-9.884506e-02,2.973e-12,4.861e-127,1.384e-01
1.2,2.8,0.0366119791,-1.068285e-01,-1.068285e-01,-1.068263e-01,2.890e-12,1.486e-123,1.495e-01
1.2,2.8,0.0376321699,-1.151677e-01,-1.151677e-01,-1.151647e-01,2.808e-12,3.652e-120,1.612e-01
1.2,2.8,0.03868078826,-1.238576e-01,-1.238576e-01,-1.238534e-01,2.728e-12,7.261e-117,1.734e-01
1.2,2.8,0.03975862631,-1.328895e-01,-1.328895e-01,-1.328837e-01,2.651e-12,1.175e-113,1.860e-01
1.2,2.8,0.04086649826,-1.422534e-01,-1.422534e-01,-1.422457e-01,2.576e-12,1.555e-110,1.991e-01
1.2,2.8,0.04200524101,-1.519378e-01,-1.519378e-01,-1.519275e-01,2.503e-12,1.693e-107,2.127e-01
1.2,2.8,0.04317571475,-1.619297e-01,-1.619297e-01,-1.619160e-01,2.432e-12,1.524e-104,2.266e-01
1.2,2.8,0.04437880369,-1.722146e-01,-1.722146e-01,-1.721967e-01,2.363e-12,1.141e-101,2.410e-01
1.2,2.8,0.04561541663,-1.827769e-01,-1.827769e-01,-1.827536e-01,2.295e-12,7.133e-99,2.558e-01
1.2,2.8,0.04688648772,-1.935997e-01,-1.935997e-01,-1.935698e-01,2.230e-12,3.744e-96,2.709e-01
1.2,2.8,0.04819297714,-2.046651e-01,-2.046651e-01,-2.046269e-01,2.167e-12,1.658e-93,2.864e-01
1.2,2.8,0.04953587182,-2.159541e-01,-2.159541e-01,-2.159058e-01,2.105e-12,6.221e-91,3.022e-01
1.2,2.8,0.05091618618,-2.274469e-01,-2.274469e-01,-2.273863e-01,2.045e-12,1.987e-88,3.183e-01
1.2,2.8,0.05233496293,-2.391230e-01,-2.391230e-01,-2.390476e-01,1.987e-12,5.426e-86,3.346e-01
1.2,2.8,0.05379327381,-2.509611e-01,-2.509611e-01,-2.508681e-01,1.930e-12,1.272e-83,3.511e-01
1.2,2.8,0.05529222045,-2.629395e-01,-2.629395e-01,-2.628256e-01,1.875e-12,2.572e-81,3.679e-01
1.2,2.8,0.05683293515,-2.750360e-01,-2.750360e-01,-2.748976e-01,1.822e-12,4.500e-79,3.848e-01
1.2,2.8,0.05841658179,-2.872281e-01,-2.872281e-01,-2.870613e-01,1.771e-12,6.842e-77,4.018e-01
1.2,2.8,0.06004435665,-2.994930e-01,-2.994930e-01,-2.992934e-01,1.720e-12,9.075e-75,4.189e-01
1.2,2.8,0.06171748937,-3.118080e-01,-3.118080e-01,-3.115710e-01,1.672e-12,1.054e-72,4.361e-01
1.2,2.8,0.06343724384,-3.241502e-01,-3.241502e-01,-3.238707e-01,1.625e-12,1.075e-70,4.533e-01
1.2,2.8,0.06520491918,-3.364968e-01,-3.364968e-01,-3.361696e-01,1.579e-12,9.677e-69,4.705e-01
1.2,2.8,0.06702185069,-3.488251e-01,-3.488251e-01,-3.484449e-01,1.534e-12,7.705e-67,4.877e-01
1.2,2.8,0.0688894109,-3.611128e-01,-3.611128e-01,-3.606740e-01,1.491e-12,5.446e-65,5.048e-01
1.2,2.8,0.07080901057,-3.733377e-01,-3.733377e-01,-3.728349e-01,1.449e-12,3.428e-63,5.219e-01
1.2,2.8,0.07278209978,-3.854781e-01,-3.854781e-01,-3.849059e-01,1.409e-12,1.928e-61,5.388e-01
1.2,2.8,0.07481016902,-3.975126e-01,-3.975126e-01,-3.968660e-01,1.370e-12,9.718e-60,5.555e-01
1.2,2.8,0.0768947503,-4.094205e-01,-4.094205e-01,-4.086947e-01,1.331e-12,4.403e-58,5.721e-01
1.2,2.8,0.07903741831,-4.211815e-01,-4.211815e-01,-4.203724e-01,1.294e-12,1.798e-56,5.884e-01
1.2,2.8,0.08123979166,-4.327757e-01,-4.327757e-01,-4.318799e-01,1.258e-12,6.637e-55,6.045e-01
1.2,2.8,0.08350353402,-4.441842e-01,-4.441842e-01,-4.431992e-01,1.224e-12,2.221e-53,6.204e-01
1.2,2.8,0.08583035543,-4.553885e-01,-4.553885e-01,-4.543129e-01,1.190e-12,6.753e-52,6.359e-01
1.2,2.8,0.0882220136,-4.663708e-01,-4.663708e-01,-4.652044e-01,1.157e-12,1.871e-50,6.512e-01
1.2,2.8,0.09068031519,-4.771144e-01,-4.771144e-01,-4.758583e-01,1.125e-12,4.737e-49,6.661e-01
1.2,2.8,0.09320711722,-4.876030e-01,-4.876030e-01,-4.862598e-01,1.094e-12,1.098e-47,6.806e-01
1.2,2.8,0.09580432845,-4.978212e-01,-4.978212e-01,-4.963953e-01,1.064e-12,2.337e-46,6.948e-01
1.2,2.8,0.09847391083,-5.077547e-01,-5.077547e-01,-5.062521e-01,1.035e-12,4.575e-45,7.086e-01
1.2,2.8,0.101217881,-5.173900e-01,-5.173900e-01,-5.158183e-01,1.007e-12,8.261e-44,7.220e-01
1.2,2.8,0.1040383117,-5.267145e-01,-5.267145e-01,-5.250831e-01,9.797e-13,1.378e-42,7.350e-01
1.2,2.8,0.1069373336,-5.357166e-01,-5.357166e-01,-5.340368e-01,9.530e-13,2.130e-41,7.475e-01
1.2,2.8,0.1099171365,-5.443858e-01,-5.443858e-01,-5.426704e-01,9.271e-13,3.055e-40,7.596e-01
1.2,2.8,0.1129799716,-5.527127e-01,-5.527127e-01,-5.509760e-01,9.019e-13,4.074e-39,7.712e-01
1.2,2.8,0.1161281523,-5.606890e-01,-5.606890e-01,-5.589466e-01,8.775e-13,5.064e-38,7.824e-01
1.2,2.8,0.1193640569,-5.683075e-01,-5.683075e-01,-5.665762e-01,8.537e-13,5.875e-37,7.931e-01
1.2,2.8,0.1226901298,-5.755622e-01,-5.755622e-01,-5.738595e-01,8.306e-13,6.376e-36,8.032e-01
1.2,2.8,0.1261088836,-5.824483e-01,-5.824483e-01,-5.807922e-01,8.081e-13,6.483e-35,8.130e-01
1.2,2.8,0.1296229008,-5.889622e-01,-5.889622e-01,-5.873709e-01,7.863e-13,6.188e-34,8.222e-01
1.2,2.8,0.1332348358,-5.951018e-01,-5.951018e-01,-5.935929e-01,7.650e-13,5.553e-33,8.309e-01
1.2,2.8,0.1369474172,-6.008658e-01,-6.008658e-01,-5.994564e-01,7.443e-13,4.694e-32,8.391e-01
1.2,2.8,0.1407634495,-6.062544e-01,-6.062544e-01,-6.049602e-01,7.241e-13,3.743e-31,8.468e-01
1.2,2.8,0.1446858154,-6.112691e-01,-6.112691e-01,-6.101039e-01,7.045e-13,2.820e-30,8.540e-01
1.2,2.8,0.1487174777,-6.159125e-01,-6.159125e-01,-6.148879e-01,6.854e-13,2.011e-29,8.607e-01
1.2,2.8,0.1528614821,-6.201882e-01,-6.201882e-01,-6.193131e-01,6.668e-13,1.359e-28,8.669e-01
1.2,2.8,0.157120959,-6.241011e-01,-6.241011e-01,-6.233811e-01,6.487e-13,8.716e-28,8.726e-01
1.2,2.8,0.1614991259,-6.276572e-01,-6.276572e-01,-6.270940e-01,6.311e-13,5.313e-27,8.778e-01
1.2,2.8,0.1659992902,-6.308633e-01,-6.308633e-01,-6.304547e-01,6.139e-13,3.082e-26,8.825e-01
1.2,2.8,0.1706248514,-6.337274e-01,-6.337274e-01,-6.334664e-01,5.972e-13,1.704e-25,8.867e-01
1.2,2.8,0.1753793036,-6.362580e-01,-6.362580e-01,-6.361327e-01,5.808e-13,8.993e-25,8.904e-01
1.2,2.8,0.1802662383,-6.384645e-01,-6.384645e-01,-6.384578e-01,5.650e-13,4.534e-24,8.937e-01
1.2,2.8,0.1852893472,-6.403569e-01,-6.403569e-01,-6.404465e-01,5.495e-13,2.187e-23,8.965e-01
1.2,2.8,0.1904524247,-6.419458e-01,-6.419458e-01,-6.421035e-01,5.344e-13,1.010e-22,8.988e-01
1.2,2.8,0.1957593711,-6.432421e-01,-6.432421e-01,-6.434343e-01,5.197e-13,4.476e-22,9.006e-01
1.2,2.8,0.2012141953,-6.442571e-01,-6.442571e-01,-6.444446e-01,5.054e-13,1.904e-21,9.020e-01
1.2,2.8,0.2068210179,-6.450022e-01,-6.450022e-01,-6.451402e-01,4.914e-13,7.781e-21,9.030e-01
1.2,2.8,0.2125840742,-6.454889e-01,-6.454889e-01,-6.455274e-01,4.779e-13,3.060e-20,9.036e-01
1.2,2.8,0.2185077179,-6.457287e-01,-6.457287e-01,-6.456126e-01,4.646e-13,1.159e-19,9.037e-01
1.2,2.8,0.2245964235,-6.457331e-01,-6.457331e-01,-6.454025e-01,4.517e-13,4.233e-19,9.034e-01
1.2,2.8,0.2308547906,-6.455131e-01,-6.455131e-01,-6.449038e-01,4.392e-13,1.492e-18,9.027e-01
1.2,2.8,0.2372875467,-6.450796e-01,-6.450796e-01,-6.441236e-01,4.270e-13,5.078e-18,9.016e-01
1.2,2.8,0.2438995512,-6.444432e-01,-6.444432e-01,-6.430689e-01,4.151e-13,1.671e-17,9.001e-01
1.2,2.8,0.2506957989,-6.436138e-01,-6.436138e-01,-6.417471e-01,4.036e-13,5.324e-17,8.983e-01
1.2,2.8,0.2576814237,-6.426012e-01,-6.426012e-01,-6.401653e-01,3.924e-13,1.643e-16,8.961e-01
1.2,2.8,0.2648617025,-6.414142e-01,-6.414142e-01,-6.383310e-01,3.815e-13,4.914e-16,8.935e-01
1.2,2.8,0.2722420593,-6.400616e-01,-6.400616e-01,-6.362516e-01,3.710e-13,1.426e-15,8.906e-01
1.2,2.8,0.2798280694,-6.385512e-01,-6.385512e-01,-6.339346e-01,3.607e-13,4.019e-15,8.873e-01
1.2,2.8,0.2876254633,-6.368905e-01,-6.368905e-01,-6.313873e-01,3.508e-13,1.101e-14,8.838e-01
1.2,2.8,0.2956401311,-6.350864e-01,-6.350864e-01,-6.286173e-01,3.412e-13,2.933e-14,8.799e-01
1.2,2.8,0.3038781273,-6.331454e-01,-6.331454e-01,-6.256320e-01,3.319e-13,7.604e-14,8.757e-01
1.2,2.8,0.3123456747,-6.310732e-01,-6.310732e-01,-6.224388e-01,3.229e-13,1.921e-13,8.712e-01
1.2,2.8,0.3210491698,-6.288756e-01,-6.288756e-01,-6.190450e-01,3.142e-13,4.728e-13,8.665e-01
1.2,2.8,0.3299951874,-6.265576e-01,-6.265576e-01,-6.154581e-01,3.058e-13,1.135e-12,8.615e-01
1.2,2.8,0.3391904853,-6.241242e-01,-6.241242e-01,-6.116852e-01,2.977e-13,2.660e-12,8.562e-01
1.2,2.8,0.3486420097,-6.215799e-01,-6.215799e-01,-6.077335e-01,2.900e-13,6.090e-12,8.507e-01
1.2,2.8,0.3583569002,-6.189293e-01,-6.189293e-01,-6.036101e-01,2.825e-13,1.362e-11,8.449e-01
1.2,2.8,0.3683424957,-6.161769e-01,-6.161769e-01,-5.993219e-01,2.753e-13,2.980e-11,8.389e-01
1.2,2.8,0.3786063392,-6.133269e-01,-6.133269e-01,-5.948759e-01,2.684e-13,6.380e-11,8.327e-01
1.2,2.8,0.3891561842,-6.103839e-01,-6.103839e-01,-5.902788e-01,2.618e-13,1.337e-10,8.262e-01
1.2,2.8,0.4,-6.073523e-01,-6.073523e-01,-5.855374e-01,2.555e-13,2.745e-10,8.196e-01
1.6,2.0,0.0025,5.684342e-14,-1.088400e-45,-1.088400e-45,4.313e-11,0.000e+00,1.361e-45
1.6,2.0,0.002559099,0.000000e+00,-1.241465e-44,-1.241465e-44,4.214e-11,0.000e+00,1.552e-44
1.6,2.0,0.002619595078,0.000000e+00,-1.338287e-43,-1.338287e-43,4.116e-11,0.000e+00,1.673e-43
1.6,2.0,0.002681521258,1.421085e-14,-1.365212e-42,-1.365212e-42,4.021e-11,0.000e+00,1.707e-42
1.6,2.0,0.002744911348,-1.421085e-14,-1.319592e-41,-1.319592e-41,3.928e-11,0.000e+00,1.650e-41
1.6,2.0,0.002809799955,-1.421085e-14,-1.210067e-40,-1.210067e-40,3.837e-11,0.000e+00,1.513e-40
1.6,2.0,0.002876222502,-4.263256e-14,-1.053990e-39,-1.053990e-39,3.748e-11,0.000e+00,1.318e-39
1.6,2.0,0.002944215252,-1.421085e-14,-8.730471e-39,-8.730471e-39,3.661e-11,0.000e+00,1.092e-38
1.6,2.0,0.003013815324,0.000000e+00,-6.885201e-38,-6.885201e-38,3.577e-11,0.000e+00,8.608e-38
1.6,2.0,0.003085060713,2.842171e-14,-5.175661e-37,-5.175661e-37,3.494e-11,0.000e+00,6.471e-37
1.6,2.0,0.003157990315,-1.421085e-14,-3.712499e-36,-3.712499e-36,3.413e-11,0.000e+00,4.642e-36
1.6,2.0,0.003232643943,0.000000e+00,-2.543830e-35,-2.543830e-35,3.334e-11,0.000e+00,3.180e-35
1.6,2.0,0.003309062353,0.000000e+00,-1.666825e-34,-1.666825e-34,3.257e-11,0.000e+00,2.084e-34
1.6,2.0,0.003387287264,-2.842171e-14,-1.045492e-33,-1.045492e-33,3.182e-11,0.000e+00,1.307e-33
1.6,2.0,0.003467361381,0.000000e+00,-6.283739e-33,-6.283739e-33,3.108e-11,0.000e+00,7.856e-33
1.6,2.0,0.003549328418,-1.421085e-14,-3.622517e-32,-3.622517e-32,3.036e-11,0.000e+00,4.529e-32
1.6,2.0,0.003633233122,-2.842171e-14,-2.005006e-31,-2.005006e-31,2.966e-11,0.000e+00,2.507e-31
1.6,2.0,0.003719121301,-2.842171e-14,-1.066454e-30,-1.066454e-30,2.898e-11,0.000e+00,1.333e-30
1.6,2.0,0.003807039841,-1.421085e-14,-5.456188e-30,-5.456188e-30,2.831e-11,0.000e+00,6.822e-30
1.6,2.0,0.003897036741,0.000000e+00,-2.687488e-29,-2.687488e-29,2.765e-11,0.000e+00,3.360e-29
1.6,2.0,0.003989161131,0.000000e+00,-1.275542e-28,-1.275542e-28,2.701e-11,0.000e+00,1.595e-28
1.6,2.0,0.004083463305,-2.842171e-14,-5.838563e-28,-5.838563e-28,2.639e-11,0.000e+00,7.300e-28
1.6,2.0,0.004179994745,-2.842171e-14,-2.579548e-27,-2.579548e-27,2.578e-11,0.000e+00,3.225e-27
1.6,2.0,0.00427880815,-4.263256e-14,-1.100937e-26,-1.100937e-26,2.518e-11,0.000e+00,1.376e-26
1.6,2.0,0.004379957463,-2.842171e-14,-4.542657e-26,-4.542657e-26,2.460e-11,0.000e+00,5.680e-26
1.6,2.0,0.004483497907,-1.421085e-14,-1.813528e-25,-1.813528e-25,2.403e-11,0.000e+00,2.267e-25
1.6,2.0,0.004589486004,0.000000e+00,-7.010303e-25,-7.010303e-25,2.348e-11,0.000e+00,8.765e-25
1.6,2.0,0.004697979618,-1.421085e-14,-2.625854e-24,-2.625854e-24,2.293e-11,0.000e+00,3.283e-24
1.6,2.0,0.004809037978,0.000000e+00,-9.537658e-24,-9.537658e-24,2.240e-11,0.000e+00,1.192e-23
1.6,2.0,0.004922721713,0.000000e+00,-3.361698e-23,-3.361698e-23,2.189e-11,0.000e+00,4.203e-23
1.6,2.0,0.005039092886,0.000000e+00,-1.150596e-22,-1.150596e-22,2.138e-11,0.000e+00,1.439e-22
1.6,2.0,0.005158215027,-1.421085e-14,-3.826742e-22,-3.826742e-22,2.089e-11,0.000e+00,4.784e-22
1.6,2.0,0.005280153168,-1.421085e-14,-1.237556e-21,-1.237556e-21,2.041e-11,0.000e+00,1.547e-21
1.6,2.0,0.005404973878,-1.421085e-14,-3.894134e-21,-3.894134e-21,1.993e-11,0.000e+00,4.869e-21
1.6,2.0,0.005532745299,-2.842171e-14,-1.193005e-20,-1.193005e-20,1.947e-11,0.000e+00,1.492e-20
1.6,2.0,0.005663537186,-1.421085e-14,-3.560629e-20,-3.560629e-20,1.902e-11,0.000e+00,4.452e-20
1.6,2.0,0.00579742094,-7.105427e-15,-1.035921e-19,-1.035921e-19,1.859e-11,0.000e+00,1.295e-19
1.6,2.0,0.005934469654,0.000000e+00,-2.939665e-19,-2.939665e-19,1.816e-11,0.000e+00,3.675e-19
1.6,2.0,0.006074758143,-1.421085e-14,-8.141238e-19,-8.141238e-19,1.774e-11,0.000e+00,1.018e-18
1.6,2.0,0.006218362997,-2.842171e-14,-2.201652e-18,-2.201652e-18,1.733e-11,0.000e+00,2.753e-18
1.6,2.0,0.006365362612,-1.421085e-14,-5.817163e-18,-5.817163e-18,1.693e-11,0.000e+00,7.273e-18
1.6,2.0,0.006515837239,-1.421085e-14,-1.502489e-17,-1.502489e-17,1.654e-11,0.000e+00,1.879e-17
1.6,2.0,0.006669869026,0.000000e+00,-3.795564e-17,-3.795564e-17,1.616e-11,0.000e+00,4.745e-17
1.6,2.0,0.006827542063,-2.131628e-14,-9.382727e-17,-9.382727e-17,1.578e-11,0.000e+00,1.173e-16
1.6,2.0,0.006988942427,-1.421085e-14,-2.270842e-16,-2.270842e-16,1.542e-11,0.000e+00,2.839e-16
1.6,2.0,0.007154158232,-7.105427e-15,-5.383466e-16,-5.383466e-16,1.506e-11,0.000e+00,6.731e-16
1.6,2.0,0.007323279672,0.000000e+00,-1.250725e-15,-1.250725e-15,1.472e-11,0.000e+00,1.564e-15
1.6,2.0,0.007496399075,-7.105427e-15,-2.848978e-15,-2.848978e-15,1.438e-11,0.000e+00,3.562e-15
1.6,2.0,0.007673610952,-1.421085e-14,-6.365633e-15,-6.365633e-15,1.405e-11,0.000e+00,7.959e-15
1.6,2.0,0.007855012047,-7.105427e-15,-1.395767e-14,-1.395767e-14,1.372e-11,0.000e+00,1.745e-14
1.6,2.0,0.008040701391,-4.973799e-14,-3.004635e-14,-3.004636e-14,1.341e-11,0.000e+00,3.757e-14
1.6,2.0,0.008230780357,-7.105427e-14,-6.352766e-14,-6.352767e-14,1.310e-11,0.000e+00,7.943e-14
1.6,2.0,0.008425352714,-1.278977e-13,-1.319795e-13,-1.319795e-13,1.280e-11,0.000e+00,1.650e-13
1.6,2.0,0.008624524683,-2.700062e-13,-2.695247e-13,-2.695248e-13,1.250e-11,0.000e+00,3.370e-13
1.6,2.0,0.008828404998,-5.471179e-13,-5.412667e-13,-5.412670e-13,1.221e-11,0.000e+00,6.767e-13
1.6,2.0,0.009037104963,-1.080025e-12,-1.069332e-12,-1.069333e-12,1.193e-11,0.000e+00,1.337e-12
1.6,2.0,0.009250738511,-2.081890e-12,-2.079061e-12,-2.079063e-12,1.166e-11,0.000e+00,2.599e-12
1.6,2.0,0.00946942227,-3.986145e-12,-3.979558e-12,-3.979564e-12,1.139e-11,0.000e+00,4.975e-12
1.6,2.0,0.009693275626,-7.503331e-12,-7.501921e-12,-7.501937e-12,1.113e-11,0.000e+00,9.379e-12
1.6,2.0,0.009922420787,-1.392664e-11,-1.393263e-11,-1.393267e-11,1.087e-11,0.000e+00,1.742e-11
1.6,2.0,0.01015698285,-2.551559e-11,-2.550154e-11,-2.550164e-11,1.062e-11,0.000e+00,3.188e-11
1.6,2.0,0.01039708986,-4.602185e-11,-4.601701e-11,-4.601725e-11,1.038e-11,0.000e+00,5.753e-11
1.6,2.0,0.01064287291,-8.189716e-11,-8.189014e-11,-8.189072e-11,1.014e-11,0.000e+00,1.024e-10
1.6,2.0,0.01089446617,-1.437677e-10,-1.437625e-10,-1.437638e-10,9.905e-12,0.000e+00,1.797e-10
1.6,2.0,0.01115200699,-2.490594e-10,-2.490556e-10,-2.490586e-10,9.677e-12,0.000e+00,3.114e-10
1.6,2.0,0.01141563598,-4.259135e-10,-4.259092e-10,-4.259159e-10,9.455e-12,0.000e+00,5.325e-10
1.6,2.0,0.01168549705,-7.191794e-10,-7.191797e-10,-7.191942e-10,9.238e-12,0.000e+00,8.992e-10
1.6,2.0,0.01196173753,-1.199457e-09,-1.199456e-09,-1.199487e-09,9.025e-12,0.000e+00,1.500e-09
1.6,2.0,0.01224450822,-1.976435e-09,-1.976433e-09,-1.976498e-09,8.818e-12,0.000e+00,2.471e-09
1.6,2.0,0.0125339635,-3.218489e-09,-3.218483e-09,-3.218618e-09,8.615e-12,0.000e+00,4.024e-09
1.6,2.0,0.01283026138,-5.180958e-09,-5.180960e-09,-5.181233e-09,8.417e-12,0.000e+00,6.478e-09
1.6,2.0,0.01313356363,-8.246591e-09,-8.246594e-09,-8.247140e-09,8.224e-12,0.000e+00,1.031e-08
1.6,2.0,0.01344403582,-1.298246e-08,-1.298246e-08,-1.298353e-08,8.035e-12,0.000e+00,1.623e-08
1.6,2.0,0.01376184746,-2.021937e-08,-2.021937e-08,-2.022145e-08,7.850e-12,0.000e+00,2.528e-08
1.6,2.0,0.01408717203,-3.116118e-08,-3.116119e-08,-3.116514e-08,7.670e-12,0.000e+00,3.896e-08
1.6,2.0,0.01442018714,-4.753364e-08,-4.753364e-08,-4.754105e-08,7.493e-12,3.421e-316,5.944e-08
1.6,2.0,0.0147610746,-7.178462e-08,-7.178462e-08,-7.179831e-08,7.321e-12,7.507e-309,8.977e-08
1.6,2.0,0.0151100205,-1.073507e-07,-1.073507e-07,-1.073757e-07,7.153e-12,1.114e-301,1.342e-07
1.6,2.0,0.01546721534,-1.590083e-07,-1.590083e-07,-1.590531e-07,6.989e-12,1.130e-294,1.989e-07
1.6,2.0,0.01583285413,-2.333303e-07,-2.333303e-07,-2.334097e-07,6.828e-12,7.887e-288,2.918e-07
1.6,2.0,0.01620713647,-3.392752e-07,-3.392752e-07,-3.394140e-07,6.671e-12,3.825e-281,4.244e-07
1.6,2.0,0.0165902667,-4.889377e-07,-4.889377e-07,-4.891771e-07,6.518e-12,1.300e-274,6.116e-07
1.6,2.0,0.01698245397,-6.984965e-07,-6.984965e-07,-6.989041e-07,6.368e-12,3.121e-268,8.738e-07
1.6,2.0,0.01738391239,-9.893974e-07,-9.893974e-07,-9.900829e-07,6.222e-12,5.335e-262,1.238e-06
1.6,2.0,0.01779486113,-1.389817e-06,-1.389817e-06,-1.390956e-06,6.079e-12,6.545e-256,1.739e-06
1.6,2.0,0.01821552453,-1.936454e-06,-1.936454e-06,-1.938323e-06,5.940e-12,5.808e-250,2.423e-06
1.6,2.0,0.01864613225,-2.676702e-06,-2.676702e-06,-2.679734e-06,5.803e-12,3.755e-244,3.350e-06
1.6,2.0,0.01908691936,-3.671255e-06,-3.671255e-06,-3.676117e-06,5.670e-12,1.782e-238,4.596e-06
1.6,2.0,0.0195381265,-4.997206e-06,-4.997206e-06,-5.004917e-06,5.540e-12,6.251e-233,6.257e-06
1.6,2.0,0.02,-6.751695e-06,-6.751695e-06,-6.763792e-06,5.412e-12,1.632e-227,8.456e-06
1.6,2.0,0.02055729891,-9.530306e-06,-9.530306e-06,-9.550571e-06,5.266e-12,2.659e-221,1.194e-05
1.6,2.0,0.02113012692,-1.332145e-05,-1.332145e-05,-1.335492e-05,5.124e-12,2.938e-215,1.670e-05
1.6,2.0,0.02171891675,-1.844417e-05,-1.844417e-05,-1.849867e-05,4.986e-12,2.225e-209,2.313e-05
1.6,2.0,0.02232411318,-2.530104e-05,-2.530104e-05,-2.538858e-05,4.852e-12,1.167e-203,3.174e-05
1.6,2.0,0.02294617338,-3.439495e-05,-3.439495e-05,-3.453373e-05,4.721e-12,4.281e-198,4.318e-05
1.6,2.0,0.02358556724,-4.634795e-05,-4.634795e-05,-4.656516e-05,4.594e-12,1.109e-192,5.822e-05
1.6,2.0,0.02424277779,-6.192209e-05,-6.192209e-05,-6.225780e-05,4.470e-12,2.050e-187,7.784e-05
1.6,2.0,0.02491830147,-8.204203e-05,-8.204203e-05,-8.255461e-05,4.349e-12,2.725e-182,1.032e-04
1.6,2.0,0.02561264858,-1.078193e-04,-1.078193e-04,-1.085928e-04,4.232e-12,2.630e-177,1.358e-04
1.6,2.0,0.02632634363,-1.405781e-04,-1.405781e-04,-1.417316e-04,4.118e-12,1.859e-172,1.772e-04
1.6,2.0,0.02705992576,-1.818810e-04,-1.818810e-04,-1.835824e-04,4.006e-12,9.701e-168,2.295e-04
1.6,2.0,0.02781394911,-2.335564e-04,-2.335564e-04,-2.360386e-04,3.898e-12,3.771e-163,2.951e-04
1.6,2.0,0.02858898329,-2.977242e-04,-2.977242e-04,-3.013072e-04,3.793e-12,1.100e-158,3.767e-04
1.6,2.0,0.02938561374,-3.768214e-04,-3.768214e-04,-3.819402e-04,3.690e-12,2.428e-154,4.775e-04
1.6,2.0,0.03020444227,-4.736248e-04,-4.736248e-04,-4.808645e-04,3.591e-12,4.084e-150,6.012e-04
1.6,2.0,0.0310460874,-5.912717e-04,-5.912717e-04,-6.014115e-04,3.494e-12,5.275e-146,7.519e-04
1.6,2.0,0.03191118493,-7.332763e-04,-7.332763e-04,-7.473436e-04,3.399e-12,5.269e-142,9.344e-04
1.6,2.0,0.03280038836,-9.035419e-04,-9.035419e-04,-9.228777e-04,3.307e-12,4.099e-138,1.154e-03
1.6,2.0,0.03371436939,-1.106366e-03,-1.106366e-03,-1.132705e-03,3.218e-12,2.500e-134,1.416e-03
1.6,2.0,0.03465381845,-1.346442e-03,-1.346442e-03,-1.382008e-03,3.131e-12,1.204e-130,1.728e-03
1.6,2.0,0.03561944521,-1.628848e-03,-1.628848e-03,-1.676466e-03,3.046e-12,4.602e-127,2.096e-03
1.6,2.0,0.0366119791,-1.959034e-03,-1.959034e-03,-2.022261e-03,2.963e-12,1.407e-123,2.528e-03
1.6,2.0,0.0376321699,-2.342798e-03,-2.342798e-03,-2.426074e-03,2.883e-12,3.458e-120,3.033e-03
1.6,2.0,0.03868078826,-2.786248e-03,-2.786248e-03,-2.895074e-03,2.804e-12,6.875e-117,3.620e-03
1.6,2.0,0.03975862631,-3.295763e-03,-3.295763e-03,-3.436896e-03,2.728e-12,1.112e-113,4.297e-03
1.6,2.0,0.04086649826,-3.877943e-03,-3.877943e-03,-4.059617e-03,2.654e-12,1.472e-110,5.076e-03
1.6,2.0,0.04200524101,-4.539542e-03,-4.539542e-03,-4.771718e-03,2.581e-12,1.603e-107,5.966e-03
1.6,2.0,0.04317571475,-5.287407e-03,-5.287407e-03,-5.582041e-03,2.511e-12,1.443e-104,6.979e-03
1.6,2.0,0.04437880369,-6.128395e-03,-6.128395e-03,-6.499739e-03,2.442e-12,1.080e-101,8.126e-03
1.6,2.0,0.04561541663,-7.069294e-03,-7.069294e-03,-7.534212e-03,2.375e-12,6.753e-99,9.420e-03
1.6,2.0,0.04688648772,-8.116731e-03,-8.116731e-03,-8.695042e-03,2.310e-12,3.545e-96,1.087e-02
1.6,2.0,0.04819297714,-9.277085e-03,-9.277085e-03,-9.991922e-03,2.247e-12,1.570e-93,1.249e-02
1.6,2.0,0.04953587182,-1.055638e-02,-1.055638e-02,-1.143457e-02,2.185e-12,5.890e-91,1.430e-02
1.6,2.0,0.05091618618,-1.196022e-02,-1.196022e-02,-1.303267e-02,2.124e-12,1.881e-88,1.629e-02
1.6,2.0,0.05233496293,-1.349364e-02,-1.349364e-02,-1.479573e-02,2.066e-12,5.138e-86,1.850e-02
1.6,2.0,0.05379327381,-1.516107e-02,-1.516107e-02,-1.673306e-02,2.008e-12,1.205e-83,2.092e-02
1.6,2.0,0.05529222045,-1.696620e-02,-1.696620e-02,-1.885364e-02,1.952e-12,2.435e-81,2.357e-02
1.6,2.0,0.05683293515,-1.891195e-02,-1.891195e-02,-2.116604e-02,1.898e-12,4.260e-79,2.646e-02
1.6,2.0,0.05841658179,-2.100033e-02,-2.100033e-02,-2.367831e-02,1.845e-12,6.478e-77,2.960e-02
1.6,2.0,0.06004435665,-2.323244e-02,-2.323244e-02,-2.639795e-02,1.793e-12,8.592e-75,3.300e-02
1.6,2.0,0.06171748937,-2.560836e-02,-2.560836e-02,-2.933175e-02,1.743e-12,9.978e-73,3.667e-02
1.6,2.0,0.06343724384,-2.812714e-02,-2.812714e-02,-3.248578e-02,1.694e-12,1.018e-70,4.062e-02
1.6,2.0,0.06520491918,-3.078678e-02,-3.078678e-02,-3.586527e-02,1.646e-12,9.162e-69,4.484e-02
1.6,2.0,0.06702185069,-3.358415e-02,-3.358415e-02,-3.947456e-02,1.599e-12,7.295e-67,4.935e-02
1.6,2.0,0.0688894109,-3.651507e-02,-3.651507e-02,-4.331707e-02,1.553e-12,5.156e-65,5.416e-02
1.6,2.0,0.07080901057,-3.957424e-02,-3.957424e-02,-4.739518e-02,1.509e-12,3.246e-63,5.926e-02
1.6,2.0,0.07278209978,-4.275532e-02,-4.275532e-02,-5.171026e-02,1.466e-12,1.826e-61,6.465e-02
1.6,2.0,0.07481016902,-4.605095e-02,-4.605095e-02,-5.626260e-02,1.424e-12,9.201e-60,7.034e-02
1.6,2.0,0.0768947503,-4.945279e-02,-4.945279e-02,-6.105140e-02,1.383e-12,4.168e-58,7.633e-02
1.6,2.0,0.07903741831,-5.295157e-02,-5.295157e-02,-6.607474e-02,1.343e-12,1.702e-56,8.261e-02
1.6,2.0,0.08123979166,-5.653721e-02,-5.653721e-02,-7.132960e-02,1.304e-12,6.284e-55,8.918e-02
1.6,2.0,0.08350353402,-6.019885e-02,-6.019885e-02,-7.681185e-02,1.266e-12,2.103e-53,9.603e-02
1.6,2.0,0.08583035543,-6.392498e-02,-6.392498e-02,-8.251626e-02,1.229e-12,6.394e-52,1.032e-01
1.6,2.0,0.0882220136,-6.770352e-02,-6.770352e-02,-8.843655e-02,1.193e-12,1.772e-50,1.106e-01
1.6,2.0,0.09068031519,-7.152193e-02,-7.152193e-02,-9.456538e-02,1.157e-12,4.485e-49,1.182e-01
1.6,2.0,0.09320711722,-7.536734e-02,-7.536734e-02,-1.008944e-01,1.123e-12,1.040e-47,1.261e-01
1.6,2.0,0.09580432845,-7.922663e-02,-7.922663e-02,-1.074144e-01,1.090e-12,2.213e-46,1.343e-01
1.6,2.0,0.09847391083,-8.308659e-02,-8.308659e-02,-1.141152e-01,1.058e-12,4.332e-45,1.427e-01
1.6,2.0,0.101217881,-8.693400e-02,-8.693400e-02,-1.209857e-01,1.027e-12,7.821e-44,1.513e-01
1.6,2.0,0.1040383117,-9.075577e-02,-9.075577e-02,-1.280143e-01,9.960e-13,1.305e-42,1.601e-01
1.6,2.0,0.1069373336,-9.453906e-02,-9.453906e-02,-1.351883e-01,9.664e-13,2.017e-41,1.690e-01
1.6,2.0,0.1099171365,-9.827136e-02,-9.827136e-02,-1.424947e-01,9.376e-13,2.892e-40,1.782e-01
1.6,2.0,0.1129799716,-1.019406e-01,-1.019406e-01,-1.499198e-01,9.097e-13,3.858e-39,1.874e-01
1.6,2.0,0.1161281523,-1.055353e-01,-1.055353e-01,-1.574495e-01,8.825e-13,4.794e-38,1.969e-01
1.6,2.0,0.1193640569,-1.090447e-01,-1.090447e-01,-1.650692e-01,8.562e-13,5.562e-37,2.064e-01
1.6,2.0,0.1226901298,-1.124586e-01,-1.124586e-01,-1.727640e-01,8.307e-13,6.036e-36,2.160e-01
1.6,2.0,0.1261088836,-1.157677e-01,-1.157677e-01,-1.805188e-01,8.059e-13,6.138e-35,2.257e-01
1.6,2.0,0.1296229008,-1.189635e-01,-1.189635e-01,-1.883182e-01,7.819e-13,5.859e-34,2.354e-01
1.6,2.0,0.1332348358,-1.220385e-01,-1.220385e-01,-1.961470e-01,7.587e-13,5.258e-33,2.452e-01
1.6,2.0,0.1369474172,-1.249862e-01,-1.249862e-01,-2.039895e-01,7.362e-13,4.444e-32,2.550e-01
1.6,2.0,0.1407634495,-1.278010e-01,-1.278010e-01,-2.118306e-01,7.143e-13,3.544e-31,2.648e-01
1.6,2.0,0.1446858154,-1.304782e-01,-1.304782e-01,-2.196549e-01,6.932e-13,2.670e-30,2.746e-01
1.6,2.0,0.1487174777,-1.330144e-01,-1.330144e-01,-2.274473e-01,6.727e-13,1.904e-29,2.844e-01
1.6,2.0,0.1528614821,-1.354069e-01,-1.354069e-01,-2.351930e-01,6.529e-13,1.287e-28,2.941e-01
1.6,2.0,0.157120959,-1.376542e-01,-1.376542e-01,-2.428774e-01,6.337e-13,8.252e-28,3.037e-01
1.6,2.0,0.1614991259,-1.397555e-01,-1.397555e-01,-2.504865e-01,6.152e-13,5.030e-27,3.132e-01
1.6,2.0,0.1659992902,-1.417112e-01,-1.417112e-01,-2.580063e-01,5.972e-13,2.918e-26,3.226e-01
1.6,2.0,0.1706248514,-1.435223e-01,-1.435223e-01,-2.654235e-01,5.798e-13,1.614e-25,3.318e-01
1.6,2.0,0.1753793036,-1.451909e-01,-1.451909e-01,-2.727252e-01,5.630e-13,8.515e-25,3.410e-01
1.6,2.0,0.1802662383,-1.467194e-01,-1.467194e-01,-2.798991e-01,5.467e-13,4.293e-24,3.499e-01
1.6,2.0,0.1852893472,-1.481113e-01,-1.481113e-01,-2.869335e-01,5.309e-13,2.071e-23,3.587e-01
1.6,2.0,0.1904524247,-1.493704e-01,-1.493704e-01,-2.938170e-01,5.156e-13,9.566e-23,3.673e-01
1.6,2.0,0.1957593711,-1.505012e-01,-1.505012e-01,-3.005390e-01,5.008e-13,4.238e-22,3.758e-01
1.6,2.0,0.2012141953,-1.515083e-01,-1.515083e-01,-3.070895e-01,4.864e-13,1.802e-21,3.839e-01
1.6,2.0,0.2068210179,-1.523970e-01,-1.523970e-01,-3.134591e-01,4.725e-13,7.367e-21,3.919e-01
1.6,2.0,0.2125840742,-1.531726e-01,-1.531726e-01,-3.196390e-01,4.590e-13,2.897e-20,3.996e-01
1.6,2.0,0.2185077179,-1.538408e-01,-1.538408e-01,-3.256212e-01,4.460e-13,1.097e-19,4.071e-01
1.6,2.0,0.2245964235,-1.544071e-01,-1.544071e-01,-3.313982e-01,4.333e-13,4.007e-19,4.143e-01
1.6,2.0,0.2308547906,-1.548773e-01,-1.548773e-01,-3.369632e-01,4.210e-13,1.412e-18,4.213e-01
1.6,2.0,0.2372875467,-1.552570e-01,-1.552570e-01,-3.423100e-01,4.091e-13,4.807e-18,4.280e-01
1.6,2.0,0.2438995512,-1.555516e-01,-1.555516e-01,-3.474330e-01,3.976e-13,1.582e-17,4.344e-01
1.6,2.0,0.2506957989,-1.557666e-01,-1.557666e-01,-3.523274e-01,3.863e-13,5.041e-17,4.405e-01
1.6,2.0,0.2576814237,-1.559071e-01,-1.559071e-01,-3.569889e-01,3.755e-13,1.555e-16,4.463e-01
1.6,2.0,0.2648617025,-1.559781e-01,-1.559781e-01,-3.614139e-01,3.649e-13,4.652e-16,4.519e-01
1.6,2.0,0.2722420593,-1.559840e-01,-1.559840e-01,-3.655992e-01,3.547e-13,1.350e-15,4.571e-01
1.6,2.0,0.2798280694,-1.559293e-01,-1.559293e-01,-3.695424e-01,3.447e-13,3.806e-15,4.620e-01
1.6,2.0,0.2876254633,-1.558179e-01,-1.558179e-01,-3.732414e-01,3.351e-13,1.042e-14,4.666e-01
1.6,2.0,0.2956401311,-1.556536e-01,-1.556536e-01,-3.766950e-01,3.258e-13,2.777e-14,4.710e-01
1.6,2.0,0.3038781273,-1.554396e-01,-1.554396e-01,-3.799022e-01,3.167e-13,7.200e-14,4.750e-01
1.6,2.0,0.3123456747,-1.551792e-01,-1.551792e-01,-3.828627e-01,3.080e-13,1.818e-13,4.787e-01
1.6,2.0,0.3210491698,-1.548750e-01,-1.548750e-01,-3.855764e-01,2.995e-13,4.476e-13,4.821e-01
1.6,2.0,0.3299951874,-1.545296e-01,-1.545296e-01,-3.880441e-01,2.913e-13,1.075e-12,4.852e-01
1.6,2.0,0.3391904853,-1.541451e-01,-1.541451e-01,-3.902665e-01,2.834e-13,2.519e-12,4.879e-01
1.6,2.0,0.3486420097,-1.537237e-01,-1.537237e-01,-3.922452e-01,2.758e-13,5.766e-12,4.904e-01
1.6,2.0,0.3583569002,-1.532672e-01,-1.532672e-01,-3.939819e-01,2.684e-13,1.290e-11,4.926e-01
1.6,2.0,0.3683424957,-1.527774e-01,-1.527774e-01,-3.954787e-01,2.613e-13,2.822e-11,4.945e-01
1.6,2.0,0.3786063392,-1.522558e-01,-1.522558e-01,-3.967381e-01,2.545e-13,6.040e-11,4.960e-01
1.6,2.0,0.3891561842,-1.517039e-01,-1.517039e-01,-3.977628e-01,2.480e-13,1.266e-10,4.973e-01
1.6,2.0,0.4,-1.511233e-01,-1.511233e-01,-3.985560e-01,2.417e-13,2.599e-10,4.983e-01
1.6,2.4,0.0025,0.000000e+00,-9.683317e-31,-9.683317e-31,4.318e-11,0.000e+00,1.270e-30
1.6,2.4,0.002559099,-2.842171e-14,-4.989752e-30,-4.989752e-30,4.218e-11,0.000e+00,6.543e-30
1.6,2.4,0.002619595078,-2.842171e-14,-2.474983e-29,-2.474983e-29,4.121e-11,0.000e+00,3.246e-29
1.6,2.4,0.002681521258,-1.421085e-14,-1.182733e-28,-1.182733e-28,4.025e-11,0.000e+00,1.551e-28
1.6,2.4,0.002744911348,-1.421085e-14,-5.449990e-28,-5.449990e-28,3.932e-11,0.000e+00,7.147e-28
1.6,2.4,0.002809799955,-5.684342e-14,-2.423619e-27,-2.423619e-27,3.842e-11,0.000e+00,3.178e-27
1.6,2.4,0.002876222502,-1.421085e-14,-1.040997e-26,-1.040997e-26,3.753e-11,0.000e+00,1.365e-26
1.6,2.4,0.002944215252,-4.263256e-14,-4.322139e-26,-4.322139e-26,3.666e-11,0.000e+00,5.668e-26
1.6,2.4,0.003013815324,1.421085e-14,-1.736013e-25,-1.736013e-25,3.581e-11,0.000e+00,2.276e-25
1.6,2.4,0.003085060713,-1.421085e-14,-6.750635e-25,-6.750635e-25,3.499e-11,0.000e+00,8.852e-25
1.6,2.4,0.003157990315,-2.842171e-14,-2.543304e-24,-2.543304e-24,3.418e-11,0.000e+00,3.335e-24
1.6,2.4,0.003232643943,-1.421085e-14,-9.290328e-24,-9.290328e-24,3.339e-11,0.000e+00,1.218e-23
1.6,2.4,0.003309062353,0.000000e+00,-3.292707e-23,-3.292707e-23,3.262e-11,0.000e+00,4.318e-23
1.6,2.4,0.003387287264,-5.684342e-14,-1.133097e-22,-1.133097e-22,3.186e-11,0.000e+00,1.486e-22
1.6,2.4,0.003467361381,-2.842171e-14,-3.788513e-22,-3.788513e-22,3.113e-11,0.000e+00,4.968e-22
1.6,2.4,0.003549328418,-1.421085e-14,-1.231536e-21,-1.231536e-21,3.041e-11,0.000e+00,1.615e-21
1.6,2.4,0.003633233122,-5.684342e-14,-3.894795e-21,-3.894795e-21,2.971e-11,0.000e+00,5.107e-21
1.6,2.4,0.003719121301,-4.263256e-14,-1.199104e-20,-1.199104e-20,2.902e-11,0.000e+00,1.572e-20
1.6,2.4,0.003807039841,-1.421085e-14,-3.596109e-20,-3.596109e-20,2.835e-11,0.000e+00,4.716e-20
1.6,2.4,0.003897036741,-1.421085e-14,-1.051178e-19,-1.051178e-19,2.770e-11,0.000e+00,1.378e-19
1.6,2.4,0.003989161131,-1.421085e-14,-2.996705e-19,-2.996705e-19,2.706e-11,0.000e+00,3.930e-19
1.6,2.4,0.004083463305,-2.842171e-14,-8.336568e-19,-8.336568e-19,2.643e-11,0.000e+00,1.093e-18
1.6,2.4,0.004179994745,-5.684342e-14,-2.264391e-18,-2.264391e-18,2.582e-11,0.000e+00,2.969e-18
1.6,2.4,0.00427880815,-2.842171e-14,-6.008638e-18,-6.008638e-18,2.522e-11,0.000e+00,7.879e-18
1.6,2.4,0.004379957463,-4.263256e-14,-1.558459e-17,-1.558459e-17,2.464e-11,0.000e+00,2.044e-17
1.6,2.4,0.004483497907,-1.421085e-14,-3.953102e-17,-3.953102e-17,2.407e-11,0.000e+00,5.184e-17
1.6,2.4,0.004589486004,-2.842171e-14,-9.811322e-17,-9.811322e-17,2.352e-11,0.000e+00,1.287e-16
1.6,2.4,0.004697979618,-2.842171e-14,-2.383868e-16,-2.383868e-16,2.298e-11,0.000e+00,3.126e-16
1.6,2.4,0.004809037978,-1.421085e-14,-5.673033e-16,-5.673033e-16,2.244e-11,0.000e+00,7.439e-16
1.6,2.4,0.004922721713,-2.842171e-14,-1.322925e-15,-1.322925e-15,2.193e-11,0.000e+00,1.735e-15
1.6,2.4,0.005039092886,-2.842171e-14,-3.024442e-15,-3.024442e-15,2.142e-11,0.000e+00,3.966e-15
1.6,2.4,0.005158215027,-4.263256e-14,-6.781791e-15,-6.781791e-15,2.093e-11,0.000e+00,8.893e-15
1.6,2.4,0.005280153168,-4.263256e-14,-1.492199e-14,-1.492199e-14,2.044e-11,0.000e+00,1.957e-14
1.6,2.4,0.005404973878,-5.684342e-14,-3.223164e-14,-3.223164e-14,1.997e-11,0.000e+00,4.227e-14
1.6,2.4,0.005532745299,-9.947598e-14,-6.837482e-14,-6.837482e-14,1.951e-11,0.000e+00,8.966e-14
1.6,2.4,0.005663537186,-1.776357e-13,-1.425114e-13,-1.425114e-13,1.906e-11,0.000e+00,1.869e-13
1.6,2.4,0.00579742094,-3.339551e-13,-2.919573e-13,-2.919573e-13,1.862e-11,0.000e+00,3.829e-13
1.6,2.4,0.005934469654,-6.181722e-13,-5.881366e-13,-5.881366e-13,1.819e-11,0.000e+00,7.712e-13
1.6,2.4,0.006074758143,-1.193712e-12,-1.165454e-12,-1.165454e-12,1.777e-11,0.000e+00,1.528e-12
1.6,2.4,0.006218362997,-2.302158e-12,-2.272662e-12,-2.272662e-12,1.736e-11,0.000e+00,2.980e-12
1.6,2.4,0.006365362612,-4.398260e-12,-4.362734e-12,-4.362734e-12,1.696e-11,0.000e+00,5.721e-12
1.6,2.4,0.006515837239,-8.284928e-12,-8.247530e-12,-8.247530e-12,1.657e-11,0.000e+00,1.082e-11
1.6,2.4,0.006669869026,-1.538325e-11,-1.535976e-11,-1.535976e-11,1.619e-11,0.000e+00,2.014e-11
1.6,2.4,0.006827542063,-2.822986e-11,-2.818967e-11,-2.818967e-11,1.582e-11,0.000e+00,3.697e-11
1.6,2.4,0.006988942427,-5.105250e-11,-5.100208e-11,-5.100208e-11,1.545e-11,0.000e+00,6.688e-11
1.6,2.4,0.007154158232,-9.102052e-11,-9.099577e-11,-9.099577e-11,1.509e-11,0.000e+00,1.193e-10
1.6,2.4,0.007323279672,-1.601705e-10,-1.601511e-10,-1.601511e-10,1.475e-11,0.000e+00,2.100e-10
1.6,2.4,0.007496399075,-2.781562e-10,-2.781320e-10,-2.781320e-10,1.441e-11,0.000e+00,3.647e-10
1.6,2.4,0.007673610952,-4.768026e-10,-4.767800e-10,-4.767800e-10,1.407e-11,0.000e+00,6.252e-10
1.6,2.4,0.007855012047,-8.069989e-10,-8.069775e-10,-8.069775e-10,1.375e-11,0.000e+00,1.058e-09
1.6,2.4,0.008040701391,-1.349022e-09,-1.348990e-09,-1.348990e-09,1.343e-11,0.000e+00,1.769e-09
1.6,2.4,0.008230780357,-2.227871e-09,-2.227845e-09,-2.227845e-09,1.312e-11,0.000e+00,2.921e-09
1.6,2.4,0.008425352714,-3.635918e-09,-3.635894e-09,-3.635894e-09,1.282e-11,0.000e+00,4.768e-09
1.6,2.4,0.008624524683,-5.865537e-09,-5.865523e-09,-5.865523e-09,1.253e-11,0.000e+00,7.692e-09
1.6,2.4,0.008828404998,-9.355965e-09,-9.355946e-09,-9.355946e-09,1.224e-11,0.000e+00,1.227e-08
1.6,2.4,0.009037104963,-1.475939e-08,-1.475936e-08,-1.475936e-08,1.196e-11,0.000e+00,1.935e-08
1.6,2.4,0.009250738511,-2.303337e-08,-2.303334e-08,-2.303334e-08,1.168e-11,0.000e+00,3.020e-08
1.6,2.4,0.00946942227,-3.556843e-08,-3.556840e-08,-3.556840e-08,1.141e-11,0.000e+00,4.664e-08
1.6,2.4,0.009693275626,-5.436205e-08,-5.436202e-08,-5.436202e-08,1.115e-11,0.000e+00,7.129e-08
1.6,2.4,0.009922420787,-8.225343e-08,-8.225341e-08,-8.225341e-08,1.089e-11,0.000e+00,1.079e-07
1.6,2.4,0.01015698285,-1.232368e-07,-1.232368e-07,-1.232368e-07,1.064e-11,0.000e+00,1.616e-07
1.6,2.4,0.01039708986,-1.828747e-07,-1.828746e-07,-1.828746e-07,1.039e-11,0.000e+00,2.398e-07
1.6,2.4,0.01064287291,-2.688374e-07,-2.688374e-07,-2.688374e-07,1.015e-11,0.000e+00,3.525e-07
1.6,2.4,0.01089446617,-3.916003e-07,-3.916003e-07,-3.916003e-07,9.921e-12,0.000e+00,5.135e-07
1.6,2.4,0.01115200699,-5.653346e-07,-5.653345e-07,-5.653345e-07,9.692e-12,0.000e+00,7.413e-07
1.6,2.4,0.01141563598,-8.090344e-07,-8.090344e-07,-8.090344e-07,9.469e-12,0.000e+00,1.061e-06
1.6,2.4,0.01168549705,-1.147929e-06,-1.147929e-06,-1.147929e-06,9.251e-12,0.000e+00,1.505e-06
1.6,2.4,0.01196173753,-1.615235e-06,-1.615235e-06,-1.615235e-06,9.038e-12,0.000e+00,2.118e-06
1.6,2.4,0.01224450822,-2.254304e-06,-2.254304e-06,-2.254304e-06,8.829e-12,0.000e+00,2.956e-06
1.6,2.4,0.0125339635,-3.121240e-06,-3.121240e-06,-3.121240e-06,8.626e-12,0.000e+00,4.093e-06
1.6,2.4,0.01283026138,-4.288048e-06,-4.288048e-06,-4.288049e-06,8.427e-12,0.000e+00,5.623e-06
1.6,2.4,0.01313356363,-5.846396e-06,-5.846396e-06,-5.846396e-06,8.233e-12,0.000e+00,7.667e-06
1.6,2.4,0.01344403582,-7.912049e-06,-7.912049e-06,-7.912050e-06,8.043e-12,0.000e+00,1.038e-05
1.6,2.4,0.01376184746,-1.063008e-05,-1.063008e-05,-1.063008e-05,7.858e-12,0.000e+00,1.394e-05
1.6,2.4,0.01408717203,-1.418089e-05,-1.418089e-05,-1.418089e-05,7.677e-12,0.000e+00,1.860e-05
1.6,2.4,0.01442018714,-1.878716e-05,-1.878716e-05,-1.878716e-05,7.500e-12,3.397e-316,2.464e-05
1.6,2.4,0.0147610746,-2.472172e-05,-2.472172e-05,-2.472173e-05,7.327e-12,7.454e-309,3.242e-05
1.6,2.4,0.0151100205,-3.231649e-05,-3.231649e-05,-3.231652e-05,7.158e-12,1.107e-301,4.238e-05
1.6,2.4,0.01546721534,-4.197242e-05,-4.197242e-05,-4.197246e-05,6.993e-12,1.122e-294,5.504e-05
1.6,2.4,0.01583285413,-5.417047e-05,-5.417047e-05,-5.417055e-05,6.832e-12,7.831e-288,7.104e-05
1.6,2.4,0.01620713647,-6.948378e-05,-6.948378e-05,-6.948392e-05,6.674e-12,3.799e-281,9.112e-05
1.6,2.4,0.0165902667,-8.859072e-05,-8.859072e-05,-8.859095e-05,6.520e-12,1.291e-274,1.162e-04
1.6,2.4,0.01698245397,-1.122890e-04,-1.122890e-04,-1.122894e-04,6.370e-12,3.099e-268,1.472e-04
1.6,2.4,0.01738391239,-1.415108e-04,-1.415108e-04,-1.415115e-04,6.223e-12,5.298e-262,1.856e-04
1.6,2.4,0.01779486113,-1.773384e-04,-1.773384e-04,-1.773395e-04,6.080e-12,6.500e-256,2.326e-04
1.6,2.4,0.01821552453,-2.210206e-04,-2.210206e-04,-2.210225e-04,5.939e-12,5.767e-250,2.898e-04
1.6,2.4,0.01864613225,-2.739902e-04,-2.739902e-04,-2.739932e-04,5.802e-12,3.729e-244,3.593e-04
1.6,2.4,0.01908691936,-3.378802e-04,-3.378802e-04,-3.378851e-04,5.669e-12,1.769e-238,4.431e-04
1.6,2.4,0.0195381265,-4.145420e-04,-4.145420e-04,-4.145497e-04,5.538e-12,6.207e-233,5.436e-04
1.6,2.4,0.02,-5.060617e-04,-5.060617e-04,-5.060738e-04,5.410e-12,1.621e-227,6.636e-04
1.6,2.4,0.02055729891,-6.359186e-04,-6.359186e-04,-6.359389e-04,5.263e-12,2.640e-221,8.339e-04
1.6,2.4,0.02113012692,-7.938605e-04,-7.938605e-04,-7.938940e-04,5.121e-12,2.917e-215,1.041e-03
1.6,2.4,0.02171891675,-9.847102e-04,-9.847102e-04,-9.847647e-04,4.982e-12,2.209e-209,1.291e-03
1.6,2.4,0.02232411318,-1.213862e-03,-1.213862e-03,-1.213949e-03,4.847e-12,1.159e-203,1.592e-03
1.6,2.4,0.02294617338,-1.487302e-03,-1.487302e-03,-1.487441e-03,4.715e-12,4.251e-198,1.951e-03
1.6,2.4,0.02358556724,-1.811629e-03,-1.811629e-03,-1.811846e-03,4.587e-12,1.102e-192,2.376e-03
1.6,2.4,0.02424277779,-2.194058e-03,-2.194058e-03,-2.194394e-03,4.462e-12,2.035e-187,2.878e-03
1.6,2.4,0.02491830147,-2.642424e-03,-2.642424e-03,-2.642937e-03,4.341e-12,2.706e-182,3.466e-03
1.6,2.4,0.02561264858,-3.165172e-03,-3.165172e-03,-3.165945e-03,4.223e-12,2.611e-177,4.152e-03
1.6,2.4,0.02632634363,-3.771338e-03,-3.771338e-03,-3.772492e-03,4.108e-12,1.846e-172,4.947e-03
1.6,2.4,0.02705992576,-4.470521e-03,-4.470521e-03,-4.472222e-03,3.996e-12,9.633e-168,5.865e-03
1.6,2.4,0.02781394911,-5.272841e-03,-5.272841e-03,-5.275323e-03,3.887e-12,3.744e-163,6.918e-03
1.6,2.4,0.02858898329,-6.188889e-03,-6.188889e-03,-6.192472e-03,3.781e-12,1.092e-158,8.120e-03
1.6,2.4,0.02938561374,-7.229661e-03,-7.229661e-03,-7.234780e-03,3.677e-12,2.411e-154,9.487e-03
1.6,2.4,0.03020444227,-8.406489e-03,-8.406489e-03,-8.413729e-03,3.577e-12,4.056e-150,1.103e-02
1.6,2.4,0.0310460874,-9.730953e-03,-9.730953e-03,-9.741092e-03,3.478e-12,5.238e-146,1.277e-02
1.6,2.4,0.03191118493,-1.121478e-02,-1.121478e-02,-1.122885e-02,3.383e-12,5.233e-142,1.472e-02
1.6,2.4,0.03280038836,-1.286976e-02,-1.286976e-02,-1.288910e-02,3.290e-12,4.071e-138,1.690e-02
1.6,2.4,0.03371436939,-1.470761e-02,-1.470761e-02,-1.473395e-02,3.199e-12,2.483e-134,1.932e-02
1.6,2.4,0.03465381845,-1.673986e-02,-1.673986e-02,-1.677543e-02,3.111e-12,1.195e-130,2.200e-02
1.6,2.4,0.03561944521,-1.897775e-02,-1.897775e-02,-1.902536e-02,3.025e-12,4.570e-127,2.495e-02
1.6,2.4,0.0366119791,-2.143205e-02,-2.143205e-02,-2.149527e-02,2.941e-12,1.397e-123,2.819e-02
1.6,2.4,0.0376321699,-2.411298e-02,-2.411298e-02,-2.419625e-02,2.860e-12,3.433e-120,3.173e-02
1.6,2.4,0.03868078826,-2.703006e-02,-2.703006e-02,-2.713887e-02,2.780e-12,6.827e-117,3.559e-02
1.6,2.4,0.03975862631,-3.019195e-02,-3.019195e-02,-3.033306e-02,2.703e-12,1.104e-113,3.978e-02
1.6,2.4,0.04086649826,-3.360635e-02,-3.360635e-02,-3.378799e-02,2.627e-12,1.462e-110,4.431e-02
1.6,2.4,0.04200524101,-3.727987e-02,-3.727987e-02,-3.751199e-02,2.554e-12,1.591e-107,4.919e-02
1.6,2.4,0.04317571475,-4.121789e-02,-4.121789e-02,-4.151245e-02,2.482e-12,1.433e-104,5.444e-02
1.6,2.4,0.04437880369,-4.542447e-02,-4.542447e-02,-4.579570e-02,2.412e-12,1.072e-101,6.005e-02
1.6,2.4,0.04561541663,-4.990225e-02,-4.990225e-02,-5.036699e-02,2.344e-12,6.706e-99,6.605e-02
1.6,2.4,0.04688648772,-5.465232e-02,-5.465232e-02,-5.523036e-02,2.278e-12,3.520e-96,7.243e-02
1.6,2.4,0.04819297714,-5.967420e-02,-5.967420e-02,-6.038863e-02,2.214e-12,1.559e-93,7.919e-02
1.6,2.4,0.04953587182,-6.496572e-02,-6.496572e-02,-6.584331e-02,2.151e-12,5.849e-91,8.634e-02
1.6,2.4,0.05091618618,-7.052301e-02,-7.052301e-02,-7.159458e-02,2.090e-12,1.868e-88,9.388e-02
1.6,2.4,0.05233496293,-7.634046e-02,-7.634046e-02,-7.764128e-02,2.030e-12,5.102e-86,1.018e-01
1.6,2.4,0.05379327381,-8.241069e-02,-8.241069e-02,-8.398088e-02,1.972e-12,1.196e-83,1.101e-01
1.6,2.4,0.05529222045,-8.872456e-02,-8.872456e-02,-9.060945e-02,1.916e-12,2.418e-81,1.188e-01
1.6,2.4,0.05683293515,-9.527123e-02,-9.527123e-02,-9.752174e-02,1.861e-12,4.230e-79,1.279e-01
1.6,2.4,0.05841658179,-1.020381e-01,-1.020381e-01,-1.047111e-01,1.807e-12,6.432e-77,1.373e-01
1.6,2.4,0.06004435665,-1.090110e-01,-1.090110e-01,-1.121697e-01,1.755e-12,8.532e-75,1.471e-01
1.6,2.4,0.06171748937,-1.161742e-01,-1.161742e-01,-1.198883e-01,1.704e-12,9.908e-73,1.572e-01
1.6,2.4,0.06343724384,-1.235103e-01,-1.235103e-01,-1.278564e-01,1.655e-12,1.011e-70,1.677e-01
1.6,2.4,0.06520491918,-1.310009e-01,-1.310009e-01,-1.360626e-01,1.607e-12,9.098e-69,1.784e-01
1.6,2.4,0.06702185069,-1.386260e-01,-1.386260e-01,-1.444941e-01,1.560e-12,7.244e-67,1.895e-01
1.6,2.4,0.0688894109,-1.463647e-01,-1.463647e-01,-1.531373e-01,1.515e-12,5.120e-65,2.008e-01
1.6,2.4,0.07080901057,-1.541951e-01,-1.541951e-01,-1.619776e-01,1.471e-12,3.223e-63,2.124e-01
1.6,2.4,0.07278209978,-1.620945e-01,-1.620945e-01,-1.709995e-01,1.428e-12,1.813e-61,2.242e-01
1.6,2.4,0.07481016902,-1.700394e-01,-1.700394e-01,-1.801869e-01,1.386e-12,9.137e-60,2.363e-01
1.6,2.4,0.0768947503,-1.780062e-01,-1.780062e-01,-1.895228e-01,1.345e-12,4.139e-58,2.485e-01
1.6,2.4,0.07903741831,-1.859708e-01,-1.859708e-01,-1.989897e-01,1.306e-12,1.690e-56,2.609e-01
1.6,2.4,0.08123979166,-1.939088e-01,-1.939088e-01,-2.085698e-01,1.267e-12,6.240e-55,2.735e-01
1.6,2.4,0.08350353402,-2.017964e-01,-2.017964e-01,-2.182447e-01,1.230e-12,2.088e-53,2.862e-01
1.6,2.4,0.08583035543,-2.096095e-01,-2.096095e-01,-2.279957e-01,1.194e-12,6.349e-52,2.990e-01
1.6,2.4,0.0882220136,-2.173248e-01,-2.173248e-01,-2.378042e-01,1.159e-12,1.759e-50,3.118e-01
1.6,2.4,0.09068031519,-2.249195e-01,-2.249195e-01,-2.476511e-01,1.124e-12,4.454e-49,3.248e-01
1.6,2.4,0.09320711722,-2.323717e-01,-2.323717e-01,-2.575176e-01,1.091e-12,1.033e-47,3.377e-01
1.6,2.4,0.09580432845,-2.396602e-01,-2.396602e-01,-2.673848e-01,1.059e-12,2.197e-46,3.506e-01
1.6,2.4,0.09847391083,-2.467652e-01,-2.467652e-01,-2.772341e-01,1.028e-12,4.302e-45,3.635e-01
1.6,2.4,0.101217881,-2.536678e-01,-2.536678e-01,-2.870469e-01,9.972e-13,7.766e-44,3.764e-01
1.6,2.4,0.1040383117,-2.603506e-01,-2.603506e-01,-2.968051e-01,9.677e-13,1.296e-42,3.892e-01
1.6,2.4,0.1069373336,-2.667978e-01,-2.667978e-01,-3.064910e-01,9.391e-13,2.003e-41,4.019e-01
1.6,2.4,0.1099171365,-2.729950e-01,-2.729950e-01,-3.160871e-01,9.113e-13,2.872e-40,4.145e-01
1.6,2.4,0.1129799716,-2.789292e-01,-2.789292e-01,-3.255768e-01,8.843e-13,3.831e-39,4.269e-01
1.6,2.4,0.1161281523,-2.845896e-01,-2.845896e-01,-3.349436e-01,8.581e-13,4.761e-38,4.392e-01
1.6,2.4,0.1193640569,-2.899666e-01,-2.899666e-01,-3.441719e-01,8.327e-13,5.524e-37,4.513e-01
1.6,2.4,0.1226901298,-2.950527e-01,-2.950527e-01,-3.532466e-01,8.081e-13,5.994e-36,4.632e-01
1.6,2.4,0.1261088836,-2.998421e-01,-2.998421e-01,-3.621534e-01,7.842e-13,6.095e-35,4.749e-01
1.6,2.4,0.1296229008,-3.043307e-01,-3.043307e-01,-3.708786e-01,7.611e-13,5.818e-34,4.863e-01
1.6,2.4,0.1332348358,-3.085160e-01,-3.085160e-01,-3.794093e-01,7.386e-13,5.221e-33,4.975e-01
1.6,2.4,0.1369474172,-3.123974e-01,-3.123974e-01,-3.877332e-01,7.168e-13,4.413e-32,5.084e-01
1.6,2.4,0.1407634495,-3.159759e-01,-3.159759e-01,-3.958391e-01,6.956e-13,3.519e-31,5.191e-01
1.6,2.4,0.1446858154,-3.192538e-01,-3.192538e-01,-4.037161e-01,6.751e-13,2.652e-30,5.294e-01
1.6,2.4,0.1487174777,-3.222353e-01,-3.222353e-01,-4.113546e-01,6.553e-13,1.891e-29,5.394e-01
1.6,2.4,0.1528614821,-3.249256e-01,-3.249256e-01,-4.187454e-01,6.360e-13,1.278e-28,5.491e-01
1.6,2.4,0.157120959,-3.273312e-01,-3.273312e-01,-4.258803e-01,6.172e-13,8.194e-28,5.585e-01
1.6,2.4,0.1614991259,-3.294599e-01,-3.294599e-01,-4.327519e-01,5.991e-13,4.995e-27,5.675e-01
1.6,2.4,0.1659992902,-3.313203e-01,-3.313203e-01,-4.393534e-01,5.814e-13,2.898e-26,5.761e-01
1.6,2.4,0.1706248514,-3.329222e-01,-3.329222e-01,-4.456790e-01,5.643e-13,1.602e-25,5.844e-01
1.6,2.4,0.1753793036,-3.342757e-01,-3.342757e-01,-4.517234e-01,5.477e-13,8.455e-25,5.924e-01
1.6,2.4,0.1802662383,-3.353919e-01,-3.353919e-01,-4.574823e-01,5.316e-13,4.263e-24,5.999e-01
1.6,2.4,0.1852893472,-3.362822e-01,-3.362822e-01,-4.629518e-01,5.159e-13,2.056e-23,6.071e-01
1.6,2.4,0.1904524247,-3.369581e-01,-3.369581e-01,-4.681291e-01,5.007e-13,9.499e-23,6.139e-01
1.6,2.4,0.1957593711,-3.374318e-01,-3.374318e-01,-4.730118e-01,4.858e-13,4.208e-22,6.203e-01
1.6,2.4,0.2012141953,-3.377151e-01,-3.377151e-01,-4.775982e-01,4.715e-13,1.790e-21,6.263e-01
1.6,2.4,0.2068210179,-3.378200e-01,-3.378200e-01,-4.818872e-01,4.575e-13,7.316e-21,6.319e-01
1.6,2.4,0.2125840742,-3.377583e-01,-3.377583e-01,-4.858784e-01,4.438e-13,2.877e-20,6.371e-01
1.6,2.4,0.2185077179,-3.375413e-01,-3.375413e-01,-4.895720e-01,4.306e-13,1.090e-19,6.420e-01
1.6,2.4,0.2245964235,-3.371804e-01,-3.371804e-01,-4.929685e-01,4.177e-13,3.979e-19,6.464e-01
1.6,2.4,0.2308547906,-3.366860e-01,-3.366860e-01,-4.960691e-01,4.052e-13,1.402e-18,6.505e-01
1.6,2.4,0.2372875467,-3.360684e-01,-3.360684e-01,-4.988757e-01,3.930e-13,4.774e-18,6.542e-01
1.6,2.4,0.2438995512,-3.353373e-01,-3.353373e-01,-5.013902e-01,3.811e-13,1.571e-17,6.575e-01
1.6,2.4,0.2506957989,-3.345015e-01,-3.345015e-01,-5.036152e-01,3.695e-13,5.005e-17,6.604e-01
1.6,2.4,0.2576814237,-3.335694e-01,-3.335694e-01,-5.055538e-01,3.583e-13,1.544e-16,6.630e-01
1.6,2.4,0.2648617025,-3.325488e-01,-3.325488e-01,-5.072093e-01,3.474e-13,4.620e-16,6.651e-01
1.6,2.4,0.2722420593,-3.314467e-01,-3.314467e-01,-5.085855e-01,3.367e-13,1.341e-15,6.669e-01
1.6,2.4,0.2798280694,-3.302693e-01,-3.302693e-01,-5.096862e-01,3.264e-13,3.779e-15,6.684e-01
1.6,2.4,0.2876254633,-3.290226e-01,-3.290226e-01,-5.105160e-01,3.163e-13,1.035e-14,6.695e-01
1.6,2.4,0.2956401311,-3.277117e-01,-3.277117e-01,-5.110793e-01,3.065e-13,2.757e-14,6.702e-01
1.6,2.4,0.3038781273,-3.263412e-01,-3.263412e-01,-5.113810e-01,2.970e-13,7.149e-14,6.706e-01
1.6,2.4,0.3123456747,-3.249151e-01,-3.249151e-01,-5.114263e-01,2.878e-13,1.806e-13,6.707e-01
1.6,2.4,0.3210491698,-3.234371e-01,-3.234371e-01,-5.112203e-01,2.789e-13,4.445e-13,6.704e-01
1.6,2.4,0.3299951874,-3.219105e-01,-3.219105e-01,-5.107686e-01,2.702e-13,1.067e-12,6.698e-01
1.6,2.4,0.3391904853,-3.203381e-01,-3.203381e-01,-5.100767e-01,2.618e-13,2.501e-12,6.689e-01
1.6,2.4,0.3486420097,-3.187226e-01,-3.187226e-01,-5.091503e-01,2.537e-13,5.725e-12,6.677e-01
1.6,2.4,0.3583569002,-3.170664e-01,-3.170664e-01,-5.079954e-01,2.458e-13,1.281e-11,6.662e-01
1.6,2.4,0.3683424957,-3.153718e-01,-3.153718e-01,-5.066179e-01,2.382e-13,2.802e-11,6.643e-01
1.6,2.4,0.3786063392,-3.136411e-01,-3.136411e-01,-5.050237e-01,2.309e-13,5.998e-11,6.623e-01
1.6,2.4,0.3891561842,-3.118763e-01,-3.118763e-01,-5.032191e-01,2.239e-13,1.257e-10,6.599e-01
1.6,2.4,0.4,-3.100799e-01,-3.100799e-01,-5.012102e-01,2.171e-13,2.581e-10,6.573e-01
1.6,2.8,0.0025,-2.842171e-14,-1.338584e-20,-1.338584e-20,4.319e-11,0.000e+00,1.874e-20
1.6,2.8,0.002559099,-5.684342e-14,-4.023581e-20,-4.023581e-20,4.220e-11,0.000e+00,5.632e-20
1.6,2.8,0.002619595078,-2.842171e-14,-1.178757e-19,-1.178757e-19,4.122e-11,0.000e+00,1.650e-19
1.6,2.8,0.002681521258,-2.842171e-14,-3.367738e-19,-3.367738e-19,4.027e-11,0.000e+00,4.714e-19
1.6,2.8,0.002744911348,-2.842171e-14,-9.388708e-19,-9.388708e-19,3.934e-11,0.000e+00,1.314e-18
1.6,2.8,0.002809799955,-4.263256e-14,-2.555483e-18,-2.555483e-18,3.843e-11,0.000e+00,3.577e-18
1.6,2.8,0.002876222502,-5.684342e-14,-6.794854e-18,-6.794854e-18,3.754e-11,0.000e+00,9.511e-18
1.6,2.8,0.002944215252,-4.263256e-14,-1.765882e-17,-1.765882e-17,3.667e-11,0.000e+00,2.472e-17
1.6,2.8,0.003013815324,-2.842171e-14,-4.487937e-17,-4.487937e-17,3.582e-11,0.000e+00,6.282e-17
1.6,2.8,0.003085060713,-2.842171e-14,-1.115988e-16,-1.115988e-16,3.499e-11,0.000e+00,1.562e-16
1.6,2.8,0.003157990315,-2.842171e-14,-2.716556e-16,-2.716556e-16,3.418e-11,0.000e+00,3.802e-16
1.6,2.8,0.003232643943,-2.842171e-14,-6.476460e-16,-6.476460e-16,3.339e-11,0.000e+00,9.065e-16
1.6,2.8,0.003309062353,-2.842171e-14,-1.512953e-15,-1.512953e-15,3.262e-11,0.000e+00,2.118e-15
1.6,2.8,0.003387287264,-5.684342e-14,-3.464863e-15,-3.464863e-15,3.187e-11,0.000e+00,4.850e-15
1.6,2.8,0.003467361381,-4.263256e-14,-7.782489e-15,-7.782489e-15,3.113e-11,0.000e+00,1.089e-14
1.6,2.8,0.003549328418,-4.263256e-14,-1.715211e-14,-1.715211e-14,3.041e-11,0.000e+00,2.401e-14
1.6,2.8,0.003633233122,-8.526513e-14,-3.710849e-14,-3.710849e-14,2.971e-11,0.000e+00,5.194e-14
1.6,2.8,0.003719121301,-1.278977e-13,-7.884451e-14,-7.884451e-14,2.902e-11,0.000e+00,1.104e-13
1.6,2.8,0.003807039841,-2.131628e-13,-1.645862e-13,-1.645862e-13,2.835e-11,0.000e+00,2.304e-13
1.6,2.8,0.003897036741,-3.552714e-13,-3.376888e-13,-3.376888e-13,2.769e-11,0.000e+00,4.727e-13
1.6,2.8,0.003989161131,-6.963319e-13,-6.812620e-13,-6.812620e-13,2.705e-11,0.000e+00,9.536e-13
1.6,2.8,0.004083463305,-1.406875e-12,-1.351933e-12,-1.351933e-12,2.643e-11,0.000e+00,1.892e-12
1.6,2.8,0.004179994745,-2.671641e-12,-2.640006e-12,-2.640006e-12,2.582e-11,0.000e+00,3.695e-12
1.6,2.8,0.00427880815,-5.115908e-12,-5.074868e-12,-5.074868e-12,2.522e-11,0.000e+00,7.103e-12
1.6,2.8,0.004379957463,-9.663381e-12,-9.606661e-12,-9.606661e-12,2.463e-11,0.000e+00,1.345e-11
1.6,2.8,0.004483497907,-1.791989e-11,-1.791440e-11,-1.791440e-11,2.407e-11,0.000e+00,2.508e-11
1.6,2.8,0.004589486004,-3.295497e-11,-3.292034e-11,-3.292034e-11,2.351e-11,0.000e+00,4.608e-11
1.6,2.8,0.004697979618,-5.965717e-11,-5.963566e-11,-5.963566e-11,2.297e-11,0.000e+00,8.347e-11
1.6,2.8,0.004809037978,-1.065530e-10,-1.065298e-10,-1.065298e-10,2.243e-11,0.000e+00,1.491e-10
1.6,2.8,0.004922721713,-1.877396e-10,-1.877151e-10,-1.877151e-10,2.192e-11,0.000e+00,2.628e-10
1.6,2.8,0.005039092886,-3.264233e-10,-3.263834e-10,-3.263834e-10,2.141e-11,0.000e+00,4.568e-10
1.6,2.8,0.005158215027,-5.601777e-10,-5.601334e-10,-5.601334e-10,2.091e-11,0.000e+00,7.840e-10
1.6,2.8,0.005280153168,-9.491430e-10,-9.491178e-10,-9.491178e-10,2.043e-11,0.000e+00,1.329e-09
1.6,2.8,0.005404973878,-1.588354e-09,-1.588334e-09,-1.588334e-09,1.996e-11,0.000e+00,2.223e-09
1.6,2.8,0.005532745299,-2.625967e-09,-2.625921e-09,-2.625921e-09,1.950e-11,0.000e+00,3.676e-09
1.6,2.8,0.005663537186,-4.290079e-09,-4.290039e-09,-4.290039e-09,1.905e-11,0.000e+00,6.005e-09
1.6,2.8,0.00579742094,-6.927905e-09,-6.927873e-09,-6.927873e-09,1.861e-11,0.000e+00,9.697e-09
1.6,2.8,0.005934469654,-1.106152e-08,-1.106150e-08,-1.106150e-08,1.817e-11,0.000e+00,1.548e-08
1.6,2.8,0.006074758143,-1.746699e-08,-1.746696e-08,-1.746696e-08,1.775e-11,0.000e+00,2.445e-08
1.6,2.8,0.006218362997,-2.728486e-08,-2.728482e-08,-2.728482e-08,1.734e-11,0.000e+00,3.819e-08
1.6,2.8,0.006365362612,-4.217291e-08,-4.217290e-08,-4.217290e-08,1.694e-11,0.000e+00,5.903e-08
1.6,2.8,0.006515837239,-6.451501e-08,-6.451498e-08,-6.451498e-08,1.655e-11,0.000e+00,9.030e-08
1.6,2.8,0.006669869026,-9.770261e-08,-9.770259e-08,-9.770259e-08,1.617e-11,0.000e+00,1.368e-07
1.6,2.8,0.006827542063,-1.465113e-07,-1.465113e-07,-1.465113e-07,1.580e-11,0.000e+00,2.051e-07
1.6,2.8,0.006988942427,-2.175978e-07,-2.175978e-07,-2.175978e-07,1.543e-11,0.000e+00,3.046e-07
1.6,2.8,0.007154158232,-3.201495e-07,-3.201495e-07,-3.201495e-07,1.507e-11,0.000e+00,4.481e-07
1.6,2.8,0.007323279672,-4.667242e-07,-4.667242e-07,-4.667242e-07,1.473e-11,0.000e+00,6.533e-07
1.6,2.8,0.007496399075,-6.743250e-07,-6.743249e-07,-6.743249e-07,1.439e-11,0.000e+00,9.439e-07
1.6,2.8,0.007673610952,-9.657606e-07,-9.657606e-07,-9.657606e-07,1.405e-11,0.000e+00,1.352e-06
1.6,2.8,0.007855012047,-1.371352e-06,-1.371352e-06,-1.371352e-06,1.373e-11,0.000e+00,1.920e-06
1.6,2.8,0.008040701391,-1.931052e-06,-1.931052e-06,-1.931052e-06,1.341e-11,0.000e+00,2.703e-06
1.6,2.8,0.008230780357,-2.697043e-06,-2.697043e-06,-2.697043e-06,1.310e-11,0.000e+00,3.775e-06
1.6,2.8,0.008425352714,-3.736912e-06,-3.736912e-06,-3.736912e-06,1.280e-11,0.000e+00,5.231e-06
1.6,2.8,0.008624524683,-5.137468e-06,-5.137468e-06,-5.137468e-06,1.250e-11,0.000e+00,7.191e-06
1.6,2.8,0.008828404998,-7.009302e-06,-7.009302e-06,-7.009302e-06,1.222e-11,0.000e+00,9.811e-06
1.6,2.8,0.009037104963,-9.492189e-06,-9.492189e-06,-9.492189e-06,1.193e-11,0.000e+00,1.329e-05
1.6,2.8,0.009250738511,-1.276140e-05,-1.276140e-05,-1.276140e-05,1.166e-11,0.000e+00,1.786e-05
1.6,2.8,0.00946942227,-1.703507e-05,-1.703507e-05,-1.703507e-05,1.139e-11,0.000e+00,2.384e-05
1.6,2.8,0.009693275626,-2.258262e-05,-2.258262e-05,-2.258262e-05,1.113e-11,0.000e+00,3.161e-05
1.6,2.8,0.009922420787,-2.973438e-05,-2.973438e-05,-2.973438e-05,1.087e-11,0.000e+00,4.162e-05
1.6,2.8,0.01015698285,-3.889250e-05,-3.889250e-05,-3.889250e-05,1.062e-11,0.000e+00,5.444e-05
1.6,2.8,0.01039708986,-5.054307e-05,-5.054307e-05,-5.054307e-05,1.037e-11,0.000e+00,7.075e-05
1.6,2.8,0.01064287291,-6.526960e-05,-6.526960e-05,-6.526960e-05,1.014e-11,0.000e+00,9.136e-05
1.6,2.8,0.01089446617,-8.376785e-05,-8.376785e-05,-8.376785e-05,9.902e-12,0.000e+00,1.173e-04
1.6,2.8,0.01115200699,-1.068619e-04,-1.068619e-04,-1.068619e-04,9.674e-12,0.000e+00,1.496e-04
1.6,2.8,0.01141563598,-1.355213e-04,-1.355213e-04,-1.355213e-04,9.451e-12,0.000e+00,1.897e-04
1.6,2.8,0.01168549705,-1.708799e-04,-1.708799e-04,-1.708799e-04,9.233e-12,0.000e+00,2.392e-04
1.6,2.8,0.01196173753,-2.142550e-04,-2.142550e-04,-2.142550e-04,9.020e-12,0.000e+00,2.999e-04
1.6,2.8,0.01224450822,-2.671673e-04,-2.671673e-04,-2.671673e-04,8.812e-12,0.000e+00,3.740e-04
1.6,2.8,0.0125339635,-3.313627e-04,-3.313627e-04,-3.313627e-04,8.609e-12,0.000e+00,4.638e-04
1.6,2.8,0.01283026138,-4.088326e-04,-4.088326e-04,-4.088326e-04,8.411e-12,0.000e+00,5.723e-04
1.6,2.8,0.01313356363,-5.018359e-04,-5.018359e-04,-5.018359e-04,8.217e-12,0.000e+00,7.024e-04
1.6,2.8,0.01344403582,-6.129195e-04,-6.129195e-04,-6.129195e-04,8.027e-12,0.000e+00,8.579e-04
1.6,2.8,0.01376184746,-7.449394e-04,-7.449394e-04,-7.449394e-04,7.842e-12,0.000e+00,1.043e-03
1.6,2.8,0.01408717203,-9.010797e-04,-9.010797e-04,-9.010797e-04,7.662e-12,0.000e+00,1.261e-03
1.6,2.8,0.01442018714,-1.084871e-03,-1.084871e-03,-1.084871e-03,7.485e-12,3.484e-316,1.519e-03
1.6,2.8,0.0147610746,-1.300207e-03,-1.300207e-03,-1.300207e-03,7.313e-12,7.645e-309,1.820e-03
1.6,2.8,0.0151100205,-1.551358e-03,-1.551358e-03,-1.551358e-03,7.144e-12,1.135e-301,2.171e-03
1.6,2.8,0.01546721534,-1.842983e-03,-1.842983e-03,-1.842983e-03,6.979e-12,1.150e-294,2.580e-03
1.6,2.8,0.01583285413,-2.180139e-03,-2.180139e-03,-2.180139e-03,6.818e-12,8.032e-288,3.052e-03
1.6,2.8,0.01620713647,-2.568283e-03,-2.568283e-03,-2.568283e-03,6.661e-12,3.896e-281,3.595e-03
1.6,2.8,0.0165902667,-3.013278e-03,-3.013278e-03,-3.013278e-03,6.508e-12,1.324e-274,4.218e-03
1.6,2.8,0.01698245397,-3.521387e-03,-3.521387e-03,-3.521388e-03,6.357e-12,3.178e-268,4.929e-03
1.6,2.8,0.01738391239,-4.099268e-03,-4.099268e-03,-4.099269e-03,6.211e-12,5.433e-262,5.738e-03
1.6,2.8,0.01779486113,-4.753962e-03,-4.753962e-03,-4.753963e-03,6.067e-12,6.666e-256,6.654e-03
1.6,2.8,0.01821552453,-5.492875e-03,-5.492875e-03,-5.492877e-03,5.927e-12,5.915e-250,7.689e-03
1.6,2.8,0.01864613225,-6.323761e-03,-6.323761e-03,-6.323764e-03,5.790e-12,3.824e-244,8.852e-03
1.6,2.8,0.01908691936,-7.254693e-03,-7.254693e-03,-7.254698e-03,5.656e-12,1.815e-238,1.015e-02
1.6,2.8,0.0195381265,-8.294034e-03,-8.294034e-03,-8.294041e-03,5.525e-12,6.366e-233,1.161e-02
1.6,2.8,0.02,-9.450401e-03,-9.450401e-03,-9.450413e-03,5.397e-12,1.663e-227,1.323e-02
1.6,2.8,0.02055729891,-1.097242e-02,-1.097242e-02,-1.097244e-02,5.250e-12,2.708e-221,1.536e-02
1.6,2.8,0.02113012692,-1.268326e-02,-1.268326e-02,-1.268329e-02,5.107e-12,2.992e-215,1.775e-02
1.6,2.8,0.02171891675,-1.459783e-02,-1.459783e-02,-1.459788e-02,4.968e-12,2.266e-209,2.043e-02
1.6,2.8,0.02232411318,-1.673112e-02,-1.673112e-02,-1.673120e-02,4.833e-12,1.188e-203,2.342e-02
1.6,2.8,0.02294617338,-1.909810e-02,-1.909810e-02,-1.909823e-02,4.701e-12,4.360e-198,2.673e-02
1.6,2.8,0.02358556724,-2.171358e-02,-2.171358e-02,-2.171380e-02,4.572e-12,1.130e-192,3.039e-02
1.6,2.8,0.02424277779,-2.459211e-02,-2.459211e-02,-2.459244e-02,4.447e-12,2.087e-187,3.442e-02
1.6,2.8,0.02491830147,-2.774777e-02,-2.774777e-02,-2.774828e-02,4.325e-12,2.775e-182,3.884e-02
1.6,2.8,0.02561264858,-3.119411e-02,-3.119411e-02,-3.119487e-02,4.206e-12,2.678e-177,4.366e-02
1.6,2.8,0.02632634363,-3.494394e-02,-3.494394e-02,-3.494508e-02,4.090e-12,1.893e-172,4.891e-02
1.6,2.8,0.02705992576,-3.900924e-02,-3.900924e-02,-3.901091e-02,3.978e-12,9.880e-168,5.460e-02
1.6,2.8,0.02781394911,-4.340101e-02,-4.340101e-02,-4.340345e-02,3.868e-12,3.840e-163,6.075e-02
1.6,2.8,0.02858898329,-4.812915e-02,-4.812915e-02,-4.813266e-02,3.761e-12,1.120e-158,6.737e-02
1.6,2.8,0.02938561374,-5.320232e-02,-5.320232e-02,-5.320733e-02,3.657e-12,2.473e-154,7.448e-02
1.6,2.8,0.03020444227,-5.862786e-02,-5.862786e-02,-5.863492e-02,3.555e-12,4.160e-150,8.207e-02
1.6,2.8,0.0310460874,-6.441165e-02,-6.441165e-02,-6.442152e-02,3.457e-12,5.373e-146,9.017e-02
1.6,2.8,0.03191118493,-7.055805e-02,-7.055805e-02,-7.057171e-02,3.361e-12,5.367e-142,9.878e-02
1.6,2.8,0.03280038836,-7.706981e-02,-7.706981e-02,-7.708855e-02,3.267e-12,4.175e-138,1.079e-01
1.6,2.8,0.03371436939,-8.394801e-02,-8.394801e-02,-8.397347e-02,3.176e-12,2.546e-134,1.175e-01
1.6,2.8,0.03465381845,-9.119198e-02,-9.119198e-02,-9.122627e-02,3.087e-12,1.226e-130,1.277e-01
1.6,2.8,0.03561944521,-9.879928e-02,-9.879928e-02,-9.884506e-02,3.001e-12,4.688e-127,1.384e-01
1.6,2.8,0.0366119791,-1.067657e-01,-1.067657e-01,-1.068263e-01,2.916e-12,1.433e-123,1.495e-01
1.6,2.8,0.0376321699,-1.150851e-01,-1.150851e-01,-1.151647e-01,2.835e-12,3.521e-120,1.612e-01
1.6,2.8,0.03868078826,-1.237497e-01,-1.237497e-01,-1.238534e-01,2.755e-12,7.002e-117,1.734e-01
1.6,2.8,0.03975862631,-1.327497e-01,-1.327497e-01,-1.328837e-01,2.677e-12,1.133e-113,1.860e-01
1.6,2.8,0.04086649826,-1.420737e-01,-1.420737e-01,-1.422457e-01,2.602e-12,1.499e-110,1.991e-01
1.6,2.8,0.04200524101,-1.517085e-01,-1.517085e-01,-1.519275e-01,2.529e-12,1.632e-107,2.127e-01
1.6,2.8,0.04317571475,-1.616391e-01,-1.616391e-01,-1.619160e-01,2.457e-12,1.470e-104,2.266e-01
1.6,2.8,0.04437880369,-1.718490e-01,-1.718490e-01,-1.721967e-01,2.388e-12,1.100e-101,2.410e-01
1.6,2.8,0.04561541663,-1.823200e-01,-1.823200e-01,-1.827536e-01,2.321e-12,6.878e-99,2.558e-01
1.6,2.8,0.04688648772,-1.930326e-01,-1.930326e-01,-1.935698e-01,2.255e-12,3.611e-96,2.709e-01
1.6,2.8,0.04819297714,-2.039657e-01,-2.039657e-01,-2.046269e-01,2.191e-12,1.599e-93,2.864e-01
1.6,2.8,0.04953587182,-2.150969e-01,-2.150969e-01,-2.159058e-01,2.129e-12,5.999e-91,3.022e-01
1.6,2.8,0.05091618618,-2.264028e-01,-2.264028e-01,-2.273863e-01,2.069e-12,1.916e-88,3.183e-01
1.6,2.8,0.05233496293,-2.378589e-01,-2.378589e-01,-2.390476e-01,2.011e-12,5.232e-86,3.346e-01
1.6,2.8,0.05379327381,-2.494395e-01,-2.494395e-01,-2.508681e-01,1.954e-12,1.227e-83,3.511e-01
1.6,2.8,0.05529222045,-2.611184e-01,-2.611184e-01,-2.628256e-01,1.898e-12,2.480e-81,3.679e-01
1.6,2.8,0.05683293515,-2.728686e-01,-2.728686e-01,-2.748976e-01,1.845e-12,4.339e-79,3.848e-01
1.6,2.8,0.05841658179,-2.846625e-01,-2.846625e-01,-2.870613e-01,1.793e-12,6.597e-77,4.018e-01
1.6,2.8,0.06004435665,-2.964722e-01,-2.964722e-01,-2.992934e-01,1.742e-12,8.751e-75,4.189e-01
1.6,2.8,0.06171748937,-3.082695e-01,-3.082695e-01,-3.115710e-01,1.693e-12,1.016e-72,4.361e-01
1.6,2.8,0.06343724384,-3.200261e-01,-3.200261e-01,-3.238707e-01,1.645e-12,1.037e-70,4.533e-01
1.6,2.8,0.06520491918,-3.317138e-01,-3.317138e-01,-3.361696e-01,1.599e-12,9.332e-69,4.705e-01
1.6,2.8,0.06702185069,-3.433046e-01,-3.433046e-01,-3.484449e-01,1.554e-12,7.430e-67,4.877e-01
1.6,2.8,0.0688894109,-3.547708e-01,-3.547708e-01,-3.606740e-01,1.510e-12,5.252e-65,5.048e-01
1.6,2.8,0.07080901057,-3.660852e-01,-3.660852e-01,-3.728349e-01,1.468e-12,3.306e-63,5.219e-01
1.6,2.8,0.07278209978,-3.772212e-01,-3.772212e-01,-3.849059e-01,1.427e-12,1.859e-61,5.388e-01
1.6,2.8,0.07481016902,-3.881531e-01,-3.881531e-01,-3.968660e-01,1.387e-12,9.371e-60,5.555e-01
1.6,2.8,0.0768947503,-3.988561e-01,-3.988561e-01,-4.086947e-01,1.348e-12,4.245e-58,5.721e-01
1.6,2.8,0.07903741831,-4.093062e-01,-4.093062e-01,-4.203724e-01,1.310e-12,1.734e-56,5.884e-01
1.6,2.8,0.08123979166,-4.194807e-01,-4.194807e-01,-4.318799e-01,1.273e-12,6.400e-55,6.045e-01
1.6,2.8,0.08350353402,-4.293582e-01,-4.293582e-01,-4.431992e-01,1.238e-12,2.141e-53,6.204e-01
1.6,2.8,0.08583035543,-4.389187e-01,-4.389187e-01,-4.543129e-01,1.203e-12,6.512e-52,6.359e-01
1.6,2.8,0.0882220136,-4.481435e-01,-4.481435e-01,-4.652044e-01,1.170e-12,1.805e-50,6.512e-01
1.6,2.8,0.09068031519,-4.570154e-01,-4.570154e-01,-4.758583e-01,1.137e-12,4.568e-49,6.661e-01
1.6,2.8,0.09320711722,-4.655190e-01,-4.655190e-01,-4.862598e-01,1.105e-12,1.059e-47,6.806e-01
1.6,2.8,0.09580432845,-4.736404e-01,-4.736404e-01,-4.963953e-01,1.075e-12,2.253e-46,6.948e-01
1.6,2.8,0.09847391083,-4.813676e-01,-4.813676e-01,-5.062521e-01,1.045e-12,4.412e-45,7.086e-01
1.6,2.8,0.101217881,-4.886901e-01,-4.886901e-01,-5.158183e-01,1.016e-12,7.966e-44,7.220e-01
1.6,2.8,0.1040383117,-4.955995e-01,-4.955995e-01,-5.250831e-01,9.877e-13,1.329e-42,7.350e-01
1.6,2.8,0.1069373336,-5.020889e-01,-5.020889e-01,-5.340368e-01,9.604e-13,2.054e-41,7.475e-01
1.6,2.8,0.1099171365,-5.081533e-01,-5.081533e-01,-5.426704e-01,9.339e-13,2.946e-40,7.596e-01
1.6,2.8,0.1129799716,-5.137898e-01,-5.137898e-01,-5.509760e-01,9.081e-13,3.929e-39,7.712e-01
1.6,2.8,0.1161281523,-5.189968e-01,-5.189968e-01,-5.589466e-01,8.830e-13,4.883e-38,7.824e-01
1.6,2.8,0.1193640569,-5.237749e-01,-5.237749e-01,-5.665762e-01,8.587e-13,5.665e-37,7.931e-01
1.6,2.8,0.1226901298,-5.281261e-01,-5.281261e-01,-5.738595e-01,8.351e-13,6.148e-36,8.032e-01
1.6,2.8,0.1261088836,-5.320541e-01,-5.320541e-01,-5.807922e-01,8.121e-13,6.251e-35,8.130e-01
1.6,2.8,0.1296229008,-5.355645e-01,-5.355645e-01,-5.873709e-01,7.899e-13,5.967e-34,8.222e-01
1.6,2.8,0.1332348358,-5.386640e-01,-5.386640e-01,-5.935929e-01,7.682e-13,5.355e-33,8.309e-01
1.6,2.8,0.1369474172,-5.413611e-01,-5.413611e-01,-5.994564e-01,7.472e-13,4.527e-32,8.391e-01
1.6,2.8,0.1407634495,-5.436654e-01,-5.436654e-01,-6.049602e-01,7.268e-13,3.610e-31,8.468e-01
1.6,2.8,0.1446858154,-5.455877e-01,-5.455877e-01,-6.101039e-01,7.070e-13,2.720e-30,8.540e-01
1.6,2.8,0.1487174777,-5.471403e-01,-5.471403e-01,-6.148879e-01,6.877e-13,1.939e-29,8.607e-01
1.6,2.8,0.1528614821,-5.483360e-01,-5.483360e-01,-6.193131e-01,6.690e-13,1.310e-28,8.669e-01
1.6,2.8,0.157120959,-5.491888e-01,-5.491888e-01,-6.233811e-01,6.508e-13,8.404e-28,8.726e-01
1.6,2.8,0.1614991259,-5.497133e-01,-5.497133e-01,-6.270940e-01,6.331e-13,5.123e-27,8.778e-01
1.6,2.8,0.1659992902,-5.499249e-01,-5.499249e-01,-6.304547e-01,6.160e-13,2.972e-26,8.825e-01
1.6,2.8,0.1706248514,-5.498391e-01,-5.498391e-01,-6.334664e-01,5.993e-13,1.644e-25,8.867e-01
1.6,2.8,0.1753793036,-5.494721e-01,-5.494721e-01,-6.361327e-01,5.831e-13,8.672e-25,8.904e-01
1.6,2.8,0.1802662383,-5.488400e-01,-5.488400e-01,-6.384578e-01,5.673e-13,4.372e-24,8.937e-01
1.6,2.8,0.1852893472,-5.479592e-01,-5.479592e-01,-6.404465e-01,5.520e-13,2.109e-23,8.965e-01
1.6,2.8,0.1904524247,-5.468458e-01,-5.468458e-01,-6.421035e-01,5.371e-13,9.743e-23,8.988e-01
1.6,2.8,0.1957593711,-5.455158e-01,-5.455158e-01,-6.434343e-01,5.226e-13,4.316e-22,9.006e-01
1.6,2.8,0.2012141953,-5.439848e-01,-5.439848e-01,-6.444446e-01,5.085e-13,1.836e-21,9.020e-01
1.6,2.8,0.2068210179,-5.422681e-01,-5.422681e-01,-6.451402e-01,4.948e-13,7.503e-21,9.030e-01
1.6,2.8,0.2125840742,-5.403803e-01,-5.403803e-01,-6.455274e-01,4.814e-13,2.951e-20,9.036e-01
1.6,2.8,0.2185077179,-5.383356e-01,-5.383356e-01,-6.456126e-01,4.685e-13,1.118e-19,9.037e-01
1.6,2.8,0.2245964235,-5.361473e-01,-5.361473e-01,-6.454025e-01,4.558e-13,4.081e-19,9.034e-01
1.6,2.8,0.2308547906,-5.338279e-01,-5.338279e-01,-6.449038e-01,4.436e-13,1.438e-18,9.027e-01
1.6,2.8,0.2372875467,-5.313894e-01,-5.313894e-01,-6.441236e-01,4.316e-13,4.896e-18,9.016e-01
1.6,2.8,0.2438995512,-5.288426e-01,-5.288426e-01,-6.430689e-01,4.200e-13,1.612e-17,9.001e-01
1.6,2.8,0.2506957989,-5.261977e-01,-5.261977e-01,-6.417471e-01,4.087e-13,5.134e-17,8.983e-01
1.6,2.8,0.2576814237,-5.234639e-01,-5.234639e-01,-6.401653e-01,3.978e-13,1.584e-16,8.961e-01
1.6,2.8,0.2648617025,-5.206495e-01,-5.206495e-01,-6.383310e-01,3.871e-13,4.738e-16,8.935e-01
1.6,2.8,0.2722420593,-5.177623e-01,-5.177623e-01,-6.362516e-01,3.768e-13,1.375e-15,8.906e-01
1.6,2.8,0.2798280694,-5.148089e-01,-5.148089e-01,-6.339346e-01,3.667e-13,3.876e-15,8.873e-01
1.6,2.8,0.2876254633,-5.117953e-01,-5.117953e-01,-6.313873e-01,3.570e-13,1.062e-14,8.838e-01
1.6,2.8,0.2956401311,-5.087270e-01,-5.087270e-01,-6.286173e-01,3.476e-13,2.828e-14,8.799e-01
1.6,2.8,0.3038781273,-5.056086e-01,-5.056086e-01,-6.256320e-01,3.384e-13,7.333e-14,8.757e-01
1.6,2.8,0.3123456747,-5.024442e-01,-5.024442e-01,-6.224388e-01,3.296e-13,1.852e-13,8.712e-01
1.6,2.8,0.3210491698,-4.992376e-01,-4.992376e-01,-6.190450e-01,3.211e-13,4.559e-13,8.665e-01
1.6,2.8,0.3299951874,-4.959921e-01,-4.959921e-01,-6.154581e-01,3.128e-13,1.095e-12,8.615e-01
1.6,2.8,0.3391904853,-4.927107e-01,-4.927107e-01,-6.116852e-01,3.049e-13,2.565e-12,8.562e-01
1.6,2.8,0.3486420097,-4.893961e-01,-4.893961e-01,-6.077335e-01,2.972e-13,5.872e-12,8.507e-01
1.6,2.8,0.3583569002,-4.860511e-01,-4.860511e-01,-6.036101e-01,2.898e-13,1.314e-11,8.449e-01
1.6,2.8,0.3683424957,-4.826781e-01,-4.826781e-01,-5.993219e-01,2.828e-13,2.874e-11,8.389e-01
1.6,2.8,0.3786063392,-4.792797e-01,-4.792797e-01,-5.948759e-01,2.760e-13,6.152e-11,8.327e-01
1.6,2.8,0.3891561842,-4.758587e-01,-4.758587e-01,-5.902788e-01,2.694e-13,1.289e-10,8.262e-01
1.6,2.8,0.4,-4.724178e-01,-4.724178e-01,-5.855374e-01,2.632e-13,2.647e-10,8.196e-01
2.0,2.4,0.0025,-5.684342e-14,-9.683317e-31,-9.683317e-31,4.317e-11,0.000e+00,1.270e-30
2.0,2.4,0.002559099,-2.842171e-14,-4.989752e-30,-4.989752e-30,4.217e-11,0.000e+00,6.543e-30
2.0,2.4,0.002619595078,-2.842171e-14,-2.474983e-29,-2.474983e-29,4.119e-11,0.000e+00,3.246e-29
2.0,2.4,0.002681521258,-2.842171e-14,-1.182733e-28,-1.182733e-28,4.024e-11,0.000e+00,1.551e-28
2.0,2.4,0.002744911348,0.000000e+00,-5.449990e-28,-5.449990e-28,3.931e-11,0.000e+00,7.147e-28
2.0,2.4,0.002809799955,-4.263256e-14,-2.423619e-27,-2.423619e-27,3.840e-11,0.000e+00,3.178e-27
2.0,2.4,0.002876222502,2.842171e-14,-1.040997e-26,-1.040997e-26,3.751e-11,0.000e+00,1.365e-26
2.0,2.4,0.002944215252,-2.842171e-14,-4.322139e-26,-4.322139e-26,3.665e-11,0.000e+00,5.668e-26
2.0,2.4,0.003013815324,1.421085e-14,-1.736013e-25,-1.736013e-25,3.580e-11,0.000e+00,2.276e-25
2.0,2.4,0.003085060713,-4.263256e-14,-6.750635e-25,-6.750635e-25,3.497e-11,0.000e+00,8.852e-25
2.0,2.4,0.003157990315,-1.421085e-14,-2.543304e-24,-2.543304e-24,3.417e-11,0.000e+00,3.335e-24
2.0,2.4,0.003232643943,-1.421085e-14,-9.290328e-24,-9.290328e-24,3.338e-11,0.000e+00,1.218e-23
2.0,2.4,0.003309062353,0.000000e+00,-3.292707e-23,-3.292707e-23,3.261e-11,0.000e+00,4.318e-23
2.0,2.4,0.003387287264,-2.842171e-14,-1.133097e-22,-1.133097e-22,3.185e-11,0.000e+00,1.486e-22
2.0,2.4,0.003467361381,-2.842171e-14,-3.788513e-22,-3.788513e-22,3.112e-11,0.000e+00,4.968e-22
2.0,2.4,0.003549328418,0.000000e+00,-1.231536e-21,-1.231536e-21,3.040e-11,0.000e+00,1.615e-21
2.0,2.4,0.003633233122,-2.842171e-14,-3.894795e-21,-3.894795e-21,2.970e-11,0.000e+00,5.107e-21
2.0,2.4,0.003719121301,-1.421085e-14,-1.199104e-20,-1.199104e-20,2.901e-11,0.000e+00,1.572e-20
2.0,2.4,0.003807039841,0.000000e+00,-3.596109e-20,-3.596109e-20,2.834e-11,0.000e+00,4.716e-20
2.0,2.4,0.003897036741,-1.421085e-14,-1.051178e-19,-1.051178e-19,2.769e-11,0.000e+00,1.378e-19
2.0,2.4,0.003989161131,-1.421085e-14,-2.996705e-19,-2.996705e-19,2.705e-11,0.000e+00,3.930e-19
2.0,2.4,0.004083463305,0.000000e+00,-8.336568e-19,-8.336568e-19,2.642e-11,0.000e+00,1.093e-18
2.0,2.4,0.004179994745,-2.842171e-14,-2.264391e-18,-2.264391e-18,2.581e-11,0.000e+00,2.969e-18
2.0,2.4,0.00427880815,1.421085e-14,-6.008638e-18,-6.008638e-18,2.522e-11,0.000e+00,7.879e-18
2.0,2.4,0.004379957463,-1.421085e-14,-1.558459e-17,-1.558459e-17,2.463e-11,0.000e+00,2.044e-17
2.0,2.4,0.004483497907,0.000000e+00,-3.953102e-17,-3.953102e-17,2.406e-11,0.000e+00,5.184e-17
2.0,2.4,0.004589486004,-2.842171e-14,-9.811322e-17,-9.811322e-17,2.351e-11,0.000e+00,1.287e-16
2.0,2.4,0.004697979618,-1.421085e-14,-2.383868e-16,-2.383868e-16,2.297e-11,0.000e+00,3.126e-16
2.0,2.4,0.004809037978,-1.421085e-14,-5.673033e-16,-5.673033e-16,2.244e-11,0.000e+00,7.439e-16
2.0,2.4,0.004922721713,-2.842171e-14,-1.322925e-15,-1.322925e-15,2.192e-11,0.000e+00,1.735e-15
2.0,2.4,0.005039092886,-2.842171e-14,-3.024442e-15,-3.024442e-15,2.141e-11,0.000e+00,3.966e-15
2.0,2.4,0.005158215027,-2.842171e-14,-6.781790e-15,-6.781791e-15,2.092e-11,0.000e+00,8.893e-15
2.0,2.4,0.005280153168,-2.842171e-14,-1.492199e-14,-1.492199e-14,2.044e-11,0.000e+00,1.957e-14
2.0,2.4,0.005404973878,-4.263256e-14,-3.223163e-14,-3.223164e-14,1.997e-11,0.000e+00,4.227e-14
2.0,2.4,0.005532745299,-7.105427e-14,-6.837481e-14,-6.837482e-14,1.950e-11,0.000e+00,8.966e-14
2.0,2.4,0.005663537186,-1.634248e-13,-1.425114e-13,-1.425114e-13,1.905e-11,0.000e+00,1.869e-13
2.0,2.4,0.00579742094,-3.268497e-13,-2.919572e-13,-2.919573e-13,1.862e-11,0.000e+00,3.829e-13
2.0,2.4,0.005934469654,-6.181722e-13,-5.881363e-13,-5.881366e-13,1.819e-11,0.000e+00,7.712e-13
2.0,2.4,0.006074758143,-1.179501e-12,-1.165453e-12,-1.165454e-12,1.777e-11,0.000e+00,1.528e-12
2.0,2.4,0.006218362997,-2.273737e-12,-2.272660e-12,-2.272662e-12,1.736e-11,0.000e+00,2.980e-12
2.0,2.4,0.006365362612,-4.384049e-12,-4.362728e-12,-4.362734e-12,1.696e-11,0.000e+00,5.721e-12
2.0,2.4,0.006515837239,-8.270717e-12,-8.247515e-12,-8.247530e-12,1.657e-11,0.000e+00,1.082e-11
2.0,2.4,0.006669869026,-1.538325e-11,-1.535972e-11,-1.535976e-11,1.618e-11,0.000e+00,2.014e-11
2.0,2.4,0.006827542063,-2.820855e-11,-2.818958e-11,-2.818967e-11,1.581e-11,0.000e+00,3.697e-11
2.0,2.4,0.006988942427,-5.103828e-11,-5.100186e-11,-5.100208e-11,1.545e-11,0.000e+00,6.688e-11
2.0,2.4,0.007154158232,-9.101342e-11,-9.099523e-11,-9.099577e-11,1.509e-11,0.000e+00,1.193e-10
2.0,2.4,0.007323279672,-1.601705e-10,-1.601499e-10,-1.601511e-10,1.474e-11,0.000e+00,2.100e-10
2.0,2.4,0.007496399075,-2.781491e-10,-2.781292e-10,-2.781320e-10,1.440e-11,0.000e+00,3.647e-10
2.0,2.4,0.007673610952,-4.767884e-10,-4.767736e-10,-4.767800e-10,1.407e-11,0.000e+00,6.252e-10
2.0,2.4,0.007855012047,-8.069918e-10,-8.069635e-10,-8.069775e-10,1.375e-11,0.000e+00,1.058e-09
2.0,2.4,0.008040701391,-1.348972e-09,-1.348960e-09,-1.348990e-09,1.343e-11,0.000e+00,1.769e-09
2.0,2.4,0.008230780357,-2.227800e-09,-2.227781e-09,-2.227845e-09,1.312e-11,0.000e+00,2.921e-09
2.0,2.4,0.008425352714,-3.635790e-09,-3.635762e-09,-3.635894e-09,1.282e-11,0.000e+00,4.768e-09
2.0,2.4,0.008624524683,-5.865267e-09,-5.865254e-09,-5.865523e-09,1.252e-11,0.000e+00,7.692e-09
2.0,2.4,0.008828404998,-9.355418e-09,-9.355405e-09,-9.355946e-09,1.223e-11,0.000e+00,1.227e-08
2.0,2.4,0.009037104963,-1.475831e-08,-1.475829e-08,-1.475936e-08,1.195e-11,0.000e+00,1.935e-08
2.0,2.4,0.009250738511,-2.303128e-08,-2.303126e-08,-2.303334e-08,1.168e-11,0.000e+00,3.020e-08
2.0,2.4,0.00946942227,-3.556445e-08,-3.556442e-08,-3.556840e-08,1.141e-11,0.000e+00,4.664e-08
2.0,2.4,0.009693275626,-5.435454e-08,-5.435452e-08,-5.436202e-08,1.115e-11,0.000e+00,7.129e-08
2.0,2.4,0.009922420787,-8.223950e-08,-8.223948e-08,-8.225341e-08,1.089e-11,0.000e+00,1.079e-07
2.0,2.4,0.01015698285,-1.232113e-07,-1.232113e-07,-1.232368e-07,1.064e-11,0.000e+00,1.616e-07
2.0,2.4,0.01039708986,-1.828286e-07,-1.828286e-07,-1.828746e-07,1.039e-11,0.000e+00,2.398e-07
2.0,2.4,0.01064287291,-2.687555e-07,-2.687555e-07,-2.688374e-07,1.015e-11,0.000e+00,3.525e-07
2.0,2.4,0.01089446617,-3.914566e-07,-3.914566e-07,-3.916003e-07,9.919e-12,0.000e+00,5.135e-07
2.0,2.4,0.01115200699,-5.650855e-07,-5.650855e-07,-5.653345e-07,9.690e-12,0.000e+00,7.413e-07
2.0,2.4,0.01141563598,-8.086085e-07,-8.086084e-07,-8.090344e-07,9.467e-12,0.000e+00,1.061e-06
2.0,2.4,0.01168549705,-1.147210e-06,-1.147210e-06,-1.147929e-06,9.249e-12,0.000e+00,1.505e-06
2.0,2.4,0.01196173753,-1.614035e-06,-1.614035e-06,-1.615235e-06,9.035e-12,0.000e+00,2.118e-06
2.0,2.4,0.01224450822,-2.252327e-06,-2.252327e-06,-2.254304e-06,8.827e-12,0.000e+00,2.956e-06
2.0,2.4,0.0125339635,-3.118021e-06,-3.118021e-06,-3.121240e-06,8.624e-12,0.000e+00,4.093e-06
2.0,2.4,0.01283026138,-4.282867e-06,-4.282867e-06,-4.288049e-06,8.425e-12,0.000e+00,5.623e-06
2.0,2.4,0.01313356363,-5.838149e-06,-5.838149e-06,-5.846396e-06,8.231e-12,0.000e+00,7.667e-06
2.0,2.4,0.01344403582,-7.899067e-06,-7.899067e-06,-7.912050e-06,8.041e-12,0.000e+00,1.038e-05
2.0,2.4,0.01376184746,-1.060986e-05,-1.060986e-05,-1.063008e-05,7.855e-12,0.000e+00,1.394e-05
2.0,2.4,0.01408717203,-1.414973e-05,-1.414973e-05,-1.418089e-05,7.674e-12,0.000e+00,1.860e-05
2.0,2.4,0.01442018714,-1.873962e-05,-1.873962e-05,-1.878716e-05,7.497e-12,3.739e-316,2.464e-05
2.0,2.4,0.0147610746,-2.464994e-05,-2.464994e-05,-2.472173e-05,7.324e-12,8.203e-309,3.242e-05
2.0,2.4,0.0151100205,-3.220914e-05,-3.220914e-05,-3.231652e-05,7.155e-12,1.218e-301,4.238e-05
2.0,2.4,0.01546721534,-4.181341e-05,-4.181341e-05,-4.197246e-05,6.990e-12,1.234e-294,5.504e-05
2.0,2.4,0.01583285413,-5.393714e-05,-5.393714e-05,-5.417055e-05,6.829e-12,8.619e-288,7.104e-05
2.0,2.4,0.01620713647,-6.914451e-05,-6.914451e-05,-6.948392e-05,6.671e-12,4.181e-281,9.112e-05
2.0,2.4,0.0165902667,-8.810178e-05,-8.810178e-05,-8.859095e-05,6.517e-12,1.421e-274,1.162e-04
2.0,2.4,0.01698245397,-1.115905e-04,-1.115905e-04,-1.122894e-04,6.367e-12,3.411e-268,1.472e-04
2.0,2.4,0.01738391239,-1.405214e-04,-1.405214e-04,-1.415115e-04,6.220e-12,5.830e-262,1.856e-04
2.0,2.4,0.01779486113,-1.759485e-04,-1.759485e-04,-1.773395e-04,6.076e-12,7.153e-256,2.326e-04
2.0,2.4,0.01821552453,-2.190842e-04,-2.190842e-04,-2.210225e-04,5.936e-12,6.347e-250,2.898e-04
2.0,2.4,0.01864613225,-2.713135e-04,-2.713135e-04,-2.739932e-04,5.799e-12,4.103e-244,3.593e-04
2.0,2.4,0.01908691936,-3.342089e-04,-3.342089e-04,-3.378851e-04,5.665e-12,1.947e-238,4.431e-04
2.0,2.4,0.0195381265,-4.095448e-04,-4.095448e-04,-4.145497e-04,5.534e-12,6.831e-233,5.436e-04
2.0,2.4,0.02,-4.993100e-04,-4.993100e-04,-5.060738e-04,5.406e-12,1.784e-227,6.636e-04
2.0,2.4,0.02055729891,-6.263883e-04,-6.263883e-04,-6.359389e-04,5.260e-12,2.906e-221,8.339e-04
2.0,2.4,0.02113012692,-7.805390e-04,-7.805390e-04,-7.938940e-04,5.117e-12,3.210e-215,1.041e-03
2.0,2.4,0.02171891675,-9.662660e-04,-9.662660e-04,-9.847647e-04,4.978e-12,2.431e-209,1.291e-03
2.0,2.4,0.02232411318,-1.188561e-03,-1.188561e-03,-1.213949e-03,4.843e-12,1.275e-203,1.592e-03
2.0,2.4,0.02294617338,-1.452907e-03,-1.452907e-03,-1.487441e-03,4.711e-12,4.679e-198,1.951e-03
2.0,2.4,0.02358556724,-1.765281e-03,-1.765281e-03,-1.811846e-03,4.583e-12,1.212e-192,2.376e-03
2.0,2.4,0.02424277779,-2.132136e-03,-2.132136e-03,-2.194394e-03,4.458e-12,2.240e-187,2.878e-03
2.0,2.4,0.02491830147,-2.560382e-03,-2.560382e-03,-2.642937e-03,4.337e-12,2.978e-182,3.466e-03
2.0,2.4,0.02561264858,-3.057352e-03,-3.057352e-03,-3.165945e-03,4.219e-12,2.874e-177,4.152e-03
2.0,2.4,0.02632634363,-3.630760e-03,-3.630760e-03,-3.772492e-03,4.104e-12,2.031e-172,4.947e-03
2.0,2.4,0.02705992576,-4.288640e-03,-4.288640e-03,-4.472222e-03,3.992e-12,1.060e-167,5.865e-03
2.0,2.4,0.02781394911,-5.039285e-03,-5.039285e-03,-5.275323e-03,3.882e-12,4.121e-163,6.918e-03
2.0,2.4,0.02858898329,-5.891164e-03,-5.891164e-03,-6.192472e-03,3.776e-12,1.202e-158,8.120e-03
2.0,2.4,0.02938561374,-6.852840e-03,-6.852840e-03,-7.234780e-03,3.673e-12,2.653e-154,9.487e-03
2.0,2.4,0.03020444227,-7.932865e-03,-7.932865e-03,-8.413729e-03,3.572e-12,4.463e-150,1.103e-02
2.0,2.4,0.0310460874,-9.139681e-03,-9.139681e-03,-9.741092e-03,3.474e-12,5.765e-146,1.277e-02
2.0,2.4,0.03191118493,-1.048151e-02,-1.048151e-02,-1.122885e-02,3.378e-12,5.759e-142,1.472e-02
2.0,2.4,0.03280038836,-1.196622e-02,-1.196622e-02,-1.288910e-02,3.285e-12,4.480e-138,1.690e-02
2.0,2.4,0.03371436939,-1.360125e-02,-1.360125e-02,-1.473395e-02,3.194e-12,2.732e-134,1.932e-02
2.0,2.4,0.03465381845,-1.539342e-02,-1.539342e-02,-1.677543e-02,3.105e-12,1.315e-130,2.200e-02
2.0,2.4,0.03561944521,-1.734890e-02,-1.734890e-02,-1.902536e-02,3.019e-12,5.030e-127,2.495e-02
2.0,2.4,0.0366119791,-1.947301e-02,-1.947301e-02,-2.149527e-02,2.935e-12,1.537e-123,2.819e-02
2.0,2.4,0.0376321699,-2.177018e-02,-2.177018e-02,-2.419625e-02,2.853e-12,3.779e-120,3.173e-02
2.0,2.4,0.03868078826,-2.424381e-02,-2.424381e-02,-2.713887e-02,2.773e-12,7.513e-117,3.559e-02
2.0,2.4,0.03975862631,-2.689618e-02,-2.689618e-02,-3.033306e-02,2.695e-12,1.215e-113,3.978e-02
2.0,2.4,0.04086649826,-2.972840e-02,-2.972840e-02,-3.378799e-02,2.619e-12,1.609e-110,4.431e-02
2.0,2.4,0.04200524101,-3.274032e-02,-3.274032e-02,-3.751199e-02,2.545e-12,1.751e-107,4.919e-02
2.0,2.4,0.04317571475,-3.593048e-02,-3.593048e-02,-4.151245e-02,2.473e-12,1.577e-104,5.444e-02
2.0,2.4,0.04437880369,-3.929608e-02,-3.929608e-02,-4.579570e-02,2.403e-12,1.180e-101,6.005e-02
2.0,2.4,0.04561541663,-4.283296e-02,-4.283296e-02,-5.036699e-02,2.334e-12,7.380e-99,6.605e-02
2.0,2.4,0.04688648772,-4.653559e-02,-4.653559e-02,-5.523036e-02,2.267e-12,3.874e-96,7.243e-02
2.0,2.4,0.04819297714,-5.039711e-02,-5.039711e-02,-6.038863e-02,2.202e-12,1.715e-93,7.919e-02
2.0,2.4,0.04953587182,-5.440933e-02,-5.440933e-02,-6.584331e-02,2.139e-12,6.437e-91,8.634e-02
2.0,2.4,0.05091618618,-5.856279e-02,-5.856279e-02,-7.159458e-02,2.077e-12,2.056e-88,9.388e-02
2.0,2.4,0.05233496293,-6.284682e-02,-6.284682e-02,-7.764128e-02,2.017e-12,5.615e-86,1.018e-01
2.0,2.4,0.05379327381,-6.724962e-02,-6.724962e-02,-8.398088e-02,1.958e-12,1.316e-83,1.101e-01
2.0,2.4,0.05529222045,-7.175836e-02,-7.175836e-02,-9.060945e-02,1.900e-12,2.661e-81,1.188e-01
2.0,2.4,0.05683293515,-7.635928e-02,-7.635928e-02,-9.752174e-02,1.845e-12,4.656e-79,1.279e-01
2.0,2.4,0.05841658179,-8.103778e-02,-8.103778e-02,-1.047111e-01,1.790e-12,7.079e-77,1.373e-01
2.0,2.4,0.06004435665,-8.577857e-02,-8.577857e-02,-1.121697e-01,1.737e-12,9.389e-75,1.471e-01
2.0,2.4,0.06171748937,-9.056579e-02,-9.056579e-02,-1.198883e-01,1.686e-12,1.090e-72,1.572e-01
2.0,2.4,0.06343724384,-9.538316e-02,-9.538316e-02,-1.278564e-01,1.636e-12,1.113e-70,1.677e-01
2.0,2.4,0.06520491918,-1.002141e-01,-1.002141e-01,-1.360626e-01,1.587e-12,1.001e-68,1.784e-01
2.0,2.4,0.06702185069,-1.050418e-01,-1.050418e-01,-1.444941e-01,1.539e-12,7.972e-67,1.895e-01
2.0,2.4,0.0688894109,-1.098496e-01,-1.098496e-01,-1.531373e-01,1.493e-12,5.635e-65,2.008e-01
2.0,2.4,0.07080901057,-1.146209e-01,-1.146209e-01,-1.619776e-01,1.448e-12,3.547e-63,2.124e-01
2.0,2.4,0.07278209978,-1.193391e-01,-1.193391e-01,-1.709995e-01,1.405e-12,1.995e-61,2.242e-01
2.0,2.4,0.07481016902,-1.239885e-01,-1.239885e-01,-1.801869e-01,1.362e-12,1.006e-59,2.363e-01
2.0,2.4,0.0768947503,-1.285535e-01,-1.285535e-01,-1.895228e-01,1.321e-12,4.555e-58,2.485e-01
2.0,2.4,0.07903741831,-1.330192e-01,-1.330192e-01,-1.989897e-01,1.281e-12,1.860e-56,2.609e-01
2.0,2.4,0.08123979166,-1.373716e-01,-1.373716e-01,-2.085698e-01,1.242e-12,6.867e-55,2.735e-01
2.0,2.4,0.08350353402,-1.415975e-01,-1.415975e-01,-2.182447e-01,1.205e-12,2.298e-53,2.862e-01
2.0,2.4,0.08583035543,-1.456845e-01,-1.456845e-01,-2.279957e-01,1.168e-12,6.988e-52,2.990e-01
2.0,2.4,0.0882220136,-1.496212e-01,-1.496212e-01,-2.378042e-01,1.133e-12,1.936e-50,3.118e-01
2.0,2.4,0.09068031519,-1.533976e-01,-1.533976e-01,-2.476511e-01,1.098e-12,4.902e-49,3.248e-01
2.0,2.4,0.09320711722,-1.570043e-01,-1.570043e-01,-2.575176e-01,1.065e-12,1.136e-47,3.377e-01
2.0,2.4,0.09580432845,-1.604336e-01,-1.604336e-01,-2.673848e-01,1.033e-12,2.418e-46,3.506e-01
2.0,2.4,0.09847391083,-1.636786e-01,-1.636786e-01,-2.772341e-01,1.002e-12,4.734e-45,3.635e-01
2.0,2.4,0.101217881,-1.667338e-01,-1.667338e-01,-2.870469e-01,9.714e-13,8.547e-44,3.764e-01
2.0,2.4,0.1040383117,-1.695949e-01,-1.695949e-01,-2.968051e-01,9.422e-13,1.426e-42,3.892e-01
2.0,2.4,0.1069373336,-1.722588e-01,-1.722588e-01,-3.064910e-01,9.139e-13,2.204e-41,4.019e-01
2.0,2.4,0.1099171365,-1.747236e-01,-1.747236e-01,-3.160871e-01,8.865e-13,3.161e-40,4.145e-01
2.0,2.4,0.1129799716,-1.769886e-01,-1.769886e-01,-3.255768e-01,8.601e-13,4.216e-39,4.269e-01
2.0,2.4,0.1161281523,-1.790542e-01,-1.790542e-01,-3.349436e-01,8.345e-13,5.239e-38,4.392e-01
2.0,2.4,0.1193640569,-1.809219e-01,-1.809219e-01,-3.441719e-01,8.097e-13,6.079e-37,4.513e-01
2.0,2.4,0.1226901298,-1.825942e-01,-1.825942e-01,-3.532466e-01,7.858e-13,6.597e-36,4.632e-01
2.0,2.4,0.1261088836,-1.840745e-01,-1.840745e-01,-3.621534e-01,7.628e-13,6.708e-35,4.749e-01
2.0,2.4,0.1296229008,-1.853672e-01,-1.853672e-01,-3.708786e-01,7.404e-13,6.402e-34,4.863e-01
2.0,2.4,0.1332348358,-1.864775e-01,-1.864775e-01,-3.794093e-01,7.188e-13,5.746e-33,4.975e-01
2.0,2.4,0.1369474172,-1.874112e-01,-1.874112e-01,-3.877332e-01,6.980e-13,4.857e-32,5.084e-01
2.0,2.4,0.1407634495,-1.881749e-01,-1.881749e-01,-3.958391e-01,6.778e-13,3.873e-31,5.191e-01
2.0,2.4,0.1446858154,-1.887756e-01,-1.887756e-01,-4.037161e-01,6.583e-13,2.918e-30,5.294e-01
2.0,2.4,0.1487174777,-1.892209e-01,-1.892209e-01,-4.113546e-01,6.395e-13,2.081e-29,5.394e-01
2.0,2.4,0.1528614821,-1.895186e-01,-1.895186e-01,-4.187454e-01,6.213e-13,1.406e-28,5.491e-01
2.0,2.4,0.157120959,-1.896770e-01,-1.896770e-01,-4.258803e-01,6.036e-13,9.018e-28,5.585e-01
2.0,2.4,0.1614991259,-1.897044e-01,-1.897044e-01,-4.327519e-01,5.865e-13,5.497e-27,5.675e-01
2.0,2.4,0.1659992902,-1.896091e-01,-1.896091e-01,-4.393534e-01,5.700e-13,3.189e-26,5.761e-01
2.0,2.4,0.1706248514,-1.893998e-01,-1.893998e-01,-4.456790e-01,5.540e-13,1.763e-25,5.844e-01
2.0,2.4,0.1753793036,-1.890849e-01,-1.890849e-01,-4.517234e-01,5.384e-13,9.305e-25,5.924e-01
2.0,2.4,0.1802662383,-1.886725e-01,-1.886725e-01,-4.574823e-01,5.234e-13,4.691e-24,5.999e-01
2.0,2.4,0.1852893472,-1.881708e-01,-1.881708e-01,-4.629518e-01,5.088e-13,2.263e-23,6.071e-01
2.0,2.4,0.1904524247,-1.875877e-01,-1.875877e-01,-4.681291e-01,4.946e-13,1.045e-22,6.139e-01
2.0,2.4,0.1957593711,-1.869306e-01,-1.869306e-01,-4.730118e-01,4.808e-13,4.631e-22,6.203e-01
2.0,2.4,0.2012141953,-1.862068e-01,-1.862068e-01,-4.775982e-01,4.674e-13,1.970e-21,6.263e-01
2.0,2.4,0.2068210179,-1.854230e-01,-1.854230e-01,-4.818872e-01,4.544e-13,8.051e-21,6.319e-01
2.0,2.4,0.2125840742,-1.845856e-01,-1.845856e-01,-4.858784e-01,4.418e-13,3.166e-20,6.371e-01
2.0,2.4,0.2185077179,-1.837005e-01,-1.837005e-01,-4.895720e-01,4.295e-13,1.199e-19,6.420e-01
2.0,2.4,0.2245964235,-1.827732e-01,-1.827732e-01,-4.929685e-01,4.175e-13,4.379e-19,6.464e-01
2.0,2.4,0.2308547906,-1.818087e-01,-1.818087e-01,-4.960691e-01,4.058e-13,1.543e-18,6.505e-01
2.0,2.4,0.2372875467,-1.808115e-01,-1.808115e-01,-4.988757e-01,3.945e-13,5.254e-18,6.542e-01
2.0,2.4,0.2438995512,-1.797857e-01,-1.797857e-01,-5.013902e-01,3.834e-13,1.729e-17,6.575e-01
2.0,2.4,0.2506957989,-1.787349e-01,-1.787349e-01,-5.036152e-01,3.727e-13,5.509e-17,6.604e-01
2.0,2.4,0.2576814237,-1.776623e-01,-1.776623e-01,-5.055538e-01,3.622e-13,1.700e-16,6.630e-01
2.0,2.4,0.2648617025,-1.765708e-01,-1.765708e-01,-5.072093e-01,3.520e-13,5.084e-16,6.651e-01
2.0,2.4,0.2722420593,-1.754627e-01,-1.754627e-01,-5.085855e-01,3.421e-13,1.476e-15,6.669e-01
2.0,2.4,0.2798280694,-1.743401e-01,-1.743401e-01,-5.096862e-01,3.324e-13,4.159e-15,6.684e-01
2.0,2.4,0.2876254633,-1.732047e-01,-1.732047e-01,-5.105160e-01,3.230e-13,1.139e-14,6.695e-01
2.0,2.4,0.2956401311,-1.720581e-01,-1.720581e-01,-5.110793e-01,3.139e-13,3.034e-14,6.702e-01
2.0,2.4,0.3038781273,-1.709015e-01,-1.709015e-01,-5.113810e-01,3.051e-13,7.868e-14,6.706e-01
2.0,2.4,0.3123456747,-1.697359e-01,-1.697359e-01,-5.114263e-01,2.965e-13,1.987e-13,6.707e-01
2.0,2.4,0.3210491698,-1.685621e-01,-1.685621e-01,-5.112203e-01,2.881e-13,4.892e-13,6.704e-01
2.0,2.4,0.3299951874,-1.673809e-01,-1.673809e-01,-5.107686e-01,2.801e-13,1.175e-12,6.698e-01
2.0,2.4,0.3391904853,-1.661930e-01,-1.661930e-01,-5.100767e-01,2.723e-13,2.753e-12,6.689e-01
2.0,2.4,0.3486420097,-1.649988e-01,-1.649988e-01,-5.091503e-01,2.647e-13,6.301e-12,6.677e-01
2.0,2.4,0.3583569002,-1.637991e-01,-1.637991e-01,-5.079954e-01,2.574e-13,1.410e-11,6.662e-01
2.0,2.4,0.3683424957,-1.625944e-01,-1.625944e-01,-5.066179e-01,2.504e-13,3.084e-11,6.643e-01
2.0,2.4,0.3786063392,-1.613853e-01,-1.613853e-01,-5.050237e-01,2.436e-13,6.601e-11,6.623e-01
2.0,2.4,0.3891561842,-1.601724e-01,-1.601724e-01,-5.032191e-01,2.371e-13,1.383e-10,6.599e-01
2.0,2.4,0.4,-1.589566e-01,-1.589566e-01,-5.012102e-01,2.308e-13,2.841e-10,6.573e-01
2.0,2.8,0.0025,-8.526513e-14,-1.338584e-20,-1.338584e-20,4.318e-11,0.000e+00,1.874e-20
2.0,2.8,0.002559099,-5.684342e-14,-4.023581e-20,-4.023581e-20,4.218e-11,0.000e+00,5.632e-20
2.0,2.8,0.002619595078,-2.842171e-14,-1.178757e-19,-1.178757e-19,4.121e-11,0.000e+00,1.650e-19
2.0,2.8,0.002681521258,-4.263256e-14,-3.367738e-19,-3.367738e-19,4.025e-11,0.000e+00,4.714e-19
2.0,2.8,0.002744911348,-1.421085e-14,-9.388708e-19,-9.388708e-19,3.932e-11,0.000e+00,1.314e-18
2.0,2.8,0.002809799955,-2.842171e-14,-2.555483e-18,-2.555483e-18,3.841e-11,0.000e+00,3.577e-18
2.0,2.8,0.002876222502,-1.421085e-14,-6.794854e-18,-6.794854e-18,3.752e-11,0.000e+00,9.511e-18
2.0,2.8,0.002944215252,-2.842171e-14,-1.765882e-17,-1.765882e-17,3.666e-11,0.000e+00,2.472e-17
2.0,2.8,0.003013815324,-2.842171e-14,-4.487937e-17,-4.487937e-17,3.581e-11,0.000e+00,6.282e-17
2.0,2.8,0.003085060713,-5.684342e-14,-1.115988e-16,-1.115988e-16,3.498e-11,0.000e+00,1.562e-16
2.0,2.8,0.003157990315,-1.421085e-14,-2.716556e-16,-2.716556e-16,3.417e-11,0.000e+00,3.802e-16
2.0,2.8,0.003232643943,-2.842171e-14,-6.476460e-16,-6.476460e-16,3.338e-11,0.000e+00,9.065e-16
2.0,2.8,0.003309062353,-2.842171e-14,-1.512953e-15,-1.512953e-15,3.261e-11,0.000e+00,2.118e-15
2.0,2.8,0.003387287264,-2.842171e-14,-3.464863e-15,-3.464863e-15,3.186e-11,0.000e+00,4.850e-15
2.0,2.8,0.003467361381,-4.263256e-14,-7.782489e-15,-7.782489e-15,3.112e-11,0.000e+00,1.089e-14
2.0,2.8,0.003549328418,-2.842171e-14,-1.715211e-14,-1.715211e-14,3.040e-11,0.000e+00,2.401e-14
2.0,2.8,0.003633233122,-5.684342e-14,-3.710849e-14,-3.710849e-14,2.970e-11,0.000e+00,5.194e-14
2.0,2.8,0.003719121301,-9.947598e-14,-7.884451e-14,-7.884451e-14,2.901e-11,0.000e+00,1.104e-13
2.0,2.8,0.003807039841,-1.989520e-13,-1.645862e-13,-1.645862e-13,2.834e-11,0.000e+00,2.304e-13
2.0,2.8,0.003897036741,-3.552714e-13,-3.376888e-13,-3.376888e-13,2.768e-11,0.000e+00,4.727e-13
2.0,2.8,0.003989161131,-6.963319e-13,-6.812620e-13,-6.812620e-13,2.704e-11,0.000e+00,9.536e-13
2.0,2.8,0.004083463305,-1.378453e-12,-1.351933e-12,-1.351933e-12,2.642e-11,0.000e+00,1.892e-12
2.0,2.8,0.004179994745,-2.643219e-12,-2.640006e-12,-2.640006e-12,2.581e-11,0.000e+00,3.695e-12
2.0,2.8,0.00427880815,-5.073275e-12,-5.074868e-12,-5.074868e-12,2.521e-11,0.000e+00,7.103e-12
2.0,2.8,0.004379957463,-9.634959e-12,-9.606661e-12,-9.606661e-12,2.463e-11,0.000e+00,1.345e-11
2.0,2.8,0.004483497907,-1.790568e-11,-1.791440e-11,-1.791440e-11,2.406e-11,0.000e+00,2.508e-11
2.0,2.8,0.004589486004,-3.295497e-11,-3.292034e-11,-3.292034e-11,2.350e-11,0.000e+00,4.608e-11
2.0,2.8,0.004697979618,-5.964296e-11,-5.963566e-11,-5.963566e-11,2.296e-11,0.000e+00,8.347e-11
2.0,2.8,0.004809037978,-1.065530e-10,-1.065298e-10,-1.065298e-10,2.243e-11,0.000e+00,1.491e-10
2.0,2.8,0.004922721713,-1.877396e-10,-1.877151e-10,-1.877151e-10,2.191e-11,0.000e+00,2.628e-10
2.0,2.8,0.005039092886,-3.264233e-10,-3.263834e-10,-3.263834e-10,2.140e-11,0.000e+00,4.568e-10
2.0,2.8,0.005158215027,-5.601635e-10,-5.601334e-10,-5.601334e-10,2.091e-11,0.000e+00,7.840e-10
2.0,2.8,0.005280153168,-9.491288e-10,-9.491178e-10,-9.491178e-10,2.042e-11,0.000e+00,1.329e-09
2.0,2.8,0.005404973878,-1.588340e-09,-1.588334e-09,-1.588334e-09,1.995e-11,0.000e+00,2.223e-09
2.0,2.8,0.005532745299,-2.625939e-09,-2.625921e-09,-2.625921e-09,1.949e-11,0.000e+00,3.676e-09
2.0,2.8,0.005663537186,-4.290065e-09,-4.290039e-09,-4.290039e-09,1.904e-11,0.000e+00,6.005e-09
2.0,2.8,0.00579742094,-6.927898e-09,-6.927873e-09,-6.927873e-09,1.860e-11,0.000e+00,9.697e-09
2.0,2.8,0.005934469654,-1.106152e-08,-1.106150e-08,-1.106150e-08,1.817e-11,0.000e+00,1.548e-08
2.0,2.8,0.006074758143,-1.746698e-08,-1.746696e-08,-1.746696e-08,1.775e-11,0.000e+00,2.445e-08
2.0,2.8,0.006218362997,-2.728483e-08,-2.728482e-08,-2.728482e-08,1.734e-11,0.000e+00,3.819e-08
2.0,2.8,0.006365362612,-4.217290e-08,-4.217290e-08,-4.217290e-08,1.694e-11,0.000e+00,5.903e-08
2.0,2.8,0.006515837239,-6.451500e-08,-6.451498e-08,-6.451498e-08,1.655e-11,0.000e+00,9.030e-08
2.0,2.8,0.006669869026,-9.770261e-08,-9.770259e-08,-9.770259e-08,1.616e-11,0.000e+00,1.368e-07
2.0,2.8,0.006827542063,-1.465113e-07,-1.465113e-07,-1.465113e-07,1.579e-11,0.000e+00,2.051e-07
2.0,2.8,0.006988942427,-2.175978e-07,-2.175978e-07,-2.175978e-07,1.543e-11,0.000e+00,3.046e-07
2.0,2.8,0.007154158232,-3.201495e-07,-3.201495e-07,-3.201495e-07,1.507e-11,0.000e+00,4.481e-07
2.0,2.8,0.007323279672,-4.667242e-07,-4.667242e-07,-4.667242e-07,1.472e-11,0.000e+00,6.533e-07
2.0,2.8,0.007496399075,-6.743249e-07,-6.743249e-07,-6.743249e-07,1.438e-11,0.000e+00,9.439e-07
2.0,2.8,0.007673610952,-9.657606e-07,-9.657606e-07,-9.657606e-07,1.405e-11,0.000e+00,1.352e-06
2.0,2.8,0.007855012047,-1.371352e-06,-1.371352e-06,-1.371352e-06,1.373e-11,0.000e+00,1.920e-06
2.0,2.8,0.008040701391,-1.931051e-06,-1.931051e-06,-1.931052e-06,1.341e-11,0.000e+00,2.703e-06
2.0,2.8,0.008230780357,-2.697042e-06,-2.697042e-06,-2.697043e-06,1.310e-11,0.000e+00,3.775e-06
2.0,2.8,0.008425352714,-3.736912e-06,-3.736912e-06,-3.736912e-06,1.280e-11,0.000e+00,5.231e-06
2.0,2.8,0.008624524683,-5.137467e-06,-5.137467e-06,-5.137468e-06,1.250e-11,0.000e+00,7.191e-06
2.0,2.8,0.008828404998,-7.009302e-06,-7.009302e-06,-7.009302e-06,1.221e-11,0.000e+00,9.811e-06
2.0,2.8,0.009037104963,-9.492188e-06,-9.492188e-06,-9.492189e-06,1.193e-11,0.000e+00,1.329e-05
2.0,2.8,0.009250738511,-1.276140e-05,-1.276140e-05,-1.276140e-05,1.166e-11,0.000e+00,1.786e-05
2.0,2.8,0.00946942227,-1.703507e-05,-1.703507e-05,-1.703507e-05,1.139e-11,0.000e+00,2.384e-05
2.0,2.8,0.009693275626,-2.258261e-05,-2.258261e-05,-2.258262e-05,1.112e-11,0.000e+00,3.161e-05
2.0,2.8,0.009922420787,-2.973437e-05,-2.973437e-05,-2.973438e-05,1.087e-11,0.000e+00,4.162e-05
2.0,2.8,0.01015698285,-3.889248e-05,-3.889248e-05,-3.889250e-05,1.062e-11,0.000e+00,5.444e-05
2.0,2.8,0.01039708986,-5.054302e-05,-5.054302e-05,-5.054307e-05,1.037e-11,0.000e+00,7.075e-05
2.0,2.8,0.01064287291,-6.526952e-05,-6.526952e-05,-6.526960e-05,1.013e-11,0.000e+00,9.136e-05
2.0,2.8,0.01089446617,-8.376771e-05,-8.376771e-05,-8.376785e-05,9.900e-12,0.000e+00,1.173e-04
2.0,2.8,0.01115200699,-1.068616e-04,-1.068616e-04,-1.068619e-04,9.671e-12,0.000e+00,1.496e-04
2.0,2.8,0.01141563598,-1.355209e-04,-1.355209e-04,-1.355213e-04,9.448e-12,0.000e+00,1.897e-04
2.0,2.8,0.01168549705,-1.708792e-04,-1.708792e-04,-1.708799e-04,9.231e-12,0.000e+00,2.392e-04
2.0,2.8,0.01196173753,-2.142538e-04,-2.142538e-04,-2.142550e-04,9.018e-12,0.000e+00,2.999e-04
2.0,2.8,0.01224450822,-2.671654e-04,-2.671654e-04,-2.671673e-04,8.810e-12,0.000e+00,3.740e-04
2.0,2.8,0.0125339635,-3.313595e-04,-3.313595e-04,-3.313627e-04,8.607e-12,0.000e+00,4.638e-04
2.0,2.8,0.01283026138,-4.088275e-04,-4.088275e-04,-4.088326e-04,8.408e-12,0.000e+00,5.723e-04
2.0,2.8,0.01313356363,-5.018276e-04,-5.018276e-04,-5.018359e-04,8.214e-12,0.000e+00,7.024e-04
2.0,2.8,0.01344403582,-6.129065e-04,-6.129065e-04,-6.129195e-04,8.025e-12,0.000e+00,8.579e-04
2.0,2.8,0.01376184746,-7.449192e-04,-7.449192e-04,-7.449394e-04,7.840e-12,0.000e+00,1.043e-03
2.0,2.8,0.01408717203,-9.010485e-04,-9.010485e-04,-9.010797e-04,7.659e-12,0.000e+00,1.261e-03
2.0,2.8,0.01442018714,-1.084824e-03,-1.084824e-03,-1.084871e-03,7.483e-12,3.826e-316,1.519e-03
2.0,2.8,0.0147610746,-1.300135e-03,-1.300135e-03,-1.300207e-03,7.310e-12,8.394e-309,1.820e-03
2.0,2.8,0.0151100205,-1.551251e-03,-1.551251e-03,-1.551358e-03,7.141e-12,1.246e-301,2.171e-03
2.0,2.8,0.01546721534,-1.842824e-03,-1.842824e-03,-1.842983e-03,6.977e-12,1.263e-294,2.580e-03
2.0,2.8,0.01583285413,-2.179905e-03,-2.179905e-03,-2.180139e-03,6.816e-12,8.819e-288,3.052e-03
2.0,2.8,0.01620713647,-2.567944e-03,-2.567944e-03,-2.568283e-03,6.658e-12,4.278e-281,3.595e-03
2.0,2.8,0.0165902667,-3.012789e-03,-3.012789e-03,-3.013278e-03,6.505e-12,1.454e-274,4.218e-03
2.0,2.8,0.01698245397,-3.520689e-03,-3.520689e-03,-3.521388e-03,6.354e-12,3.490e-268,4.929e-03
2.0,2.8,0.01738391239,-4.098279e-03,-4.098279e-03,-4.099269e-03,6.208e-12,5.966e-262,5.738e-03
2.0,2.8,0.01779486113,-4.752572e-03,-4.752572e-03,-4.753963e-03,6.064e-12,7.320e-256,6.654e-03
2.0,2.8,0.01821552453,-5.490939e-03,-5.490939e-03,-5.492877e-03,5.924e-12,6.495e-250,7.689e-03
2.0,2.8,0.01864613225,-6.321085e-03,-6.321085e-03,-6.323764e-03,5.787e-12,4.199e-244,8.852e-03
2.0,2.8,0.01908691936,-7.251022e-03,-7.251022e-03,-7.254698e-03,5.653e-12,1.993e-238,1.015e-02
2.0,2.8,0.0195381265,-8.289037e-03,-8.289037e-03,-8.294041e-03,5.522e-12,6.990e-233,1.161e-02
2.0,2.8,0.02,-9.443649e-03,-9.443649e-03,-9.450413e-03,5.394e-12,1.826e-227,1.323e-02
2.0,2.8,0.02055729891,-1.096289e-02,-1.096289e-02,-1.097244e-02,5.247e-12,2.973e-221,1.536e-02
2.0,2.8,0.02113012692,-1.266994e-02,-1.266994e-02,-1.268329e-02,5.104e-12,3.285e-215,1.775e-02
2.0,2.8,0.02171891675,-1.457939e-02,-1.457939e-02,-1.459788e-02,4.964e-12,2.488e-209,2.043e-02
2.0,2.8,0.02232411318,-1.670582e-02,-1.670582e-02,-1.673120e-02,4.829e-12,1.305e-203,2.342e-02
2.0,2.8,0.02294617338,-1.906370e-02,-1.906370e-02,-1.909823e-02,4.697e-12,4.788e-198,2.673e-02
2.0,2.8,0.02358556724,-2.166724e-02,-2.166724e-02,-2.171380e-02,4.568e-12,1.241e-192,3.039e-02
2.0,2.8,0.02424277779,-2.453019e-02,-2.453019e-02,-2.459244e-02,4.443e-12,2.292e-187,3.442e-02
2.0,2.8,0.02491830147,-2.766573e-02,-2.766573e-02,-2.774828e-02,4.321e-12,3.047e-182,3.884e-02
2.0,2.8,0.02561264858,-3.108629e-02,-3.108629e-02,-3.119487e-02,4.202e-12,2.941e-177,4.366e-02
2.0,2.8,0.02632634363,-3.480336e-02,-3.480336e-02,-3.494508e-02,4.086e-12,2.078e-172,4.891e-02
2.0,2.8,0.02705992576,-3.882736e-02,-3.882736e-02,-3.901091e-02,3.973e-12,1.085e-167,5.460e-02
2.0,2.8,0.02781394911,-4.316746e-02,-4.316746e-02,-4.340345e-02,3.864e-12,4.217e-163,6.075e-02
2.0,2.8,0.02858898329,-4.783143e-02,-4.783143e-02,-4.813266e-02,3.757e-12,1.230e-158,6.737e-02
2.0,2.8,0.02938561374,-5.282550e-02,-5.282550e-02,-5.320733e-02,3.652e-12,2.715e-154,7.448e-02
2.0,2.8,0.03020444227,-5.815423e-02,-5.815423e-02,-5.863492e-02,3.551e-12,4.567e-150,8.207e-02
2.0,2.8,0.0310460874,-6.382038e-02,-6.382038e-02,-6.442152e-02,3.452e-12,5.899e-146,9.017e-02
2.0,2.8,0.03191118493,-6.982477e-02,-6.982477e-02,-7.057171e-02,3.356e-12,5.893e-142,9.878e-02
2.0,2.8,0.03280038836,-7.616627e-02,-7.616627e-02,-7.708855e-02,3.262e-12,4.584e-138,1.079e-01
2.0,2.8,0.03371436939,-8.284165e-02,-8.284165e-02,-8.397347e-02,3.170e-12,2.796e-134,1.175e-01
2.0,2.8,0.03465381845,-8.984554e-02,-8.984554e-02,-9.122627e-02,3.081e-12,1.346e-130,1.277e-01
2.0,2.8,0.03561944521,-9.717043e-02,-9.717043e-02,-9.884506e-02,2.995e-12,5.147e-127,1.384e-01
2.0,2.8,0.0366119791,-1.048066e-01,-1.048066e-01,-1.068263e-01,2.910e-12,1.573e-123,1.495e-01
2.0,2.8,0.0376321699,-1.127423e-01,-1.127423e-01,-1.151647e-01,2.828e-12,3.867e-120,1.612e-01
2.0,2.8,0.03868078826,-1.209634e-01,-1.209634e-01,-1.238534e-01,2.748e-12,7.688e-117,1.734e-01
2.0,2.8,0.03975862631,-1.294539e-01,-1.294539e-01,-1.328837e-01,2.670e-12,1.244e-113,1.860e-01
2.0,2.8,0.04086649826,-1.381958e-01,-1.381958e-01,-1.422457e-01,2.594e-12,1.646e-110,1.991e-01
2.0,2.8,0.04200524101,-1.471690e-01,-1.471690e-01,-1.519275e-01,2.520e-12,1.792e-107,2.127e-01
2.0,2.8,0.04317571475,-1.563517e-01,-1.563517e-01,-1.619160e-01,2.449e-12,1.614e-104,2.266e-01
2.0,2.8,0.04437880369,-1.657206e-01,-1.657206e-01,-1.721967e-01,2.379e-12,1.208e-101,2.410e-01
2.0,2.8,0.04561541663,-1.752508e-01,-1.752508e-01,-1.827536e-01,2.311e-12,7.552e-99,2.558e-01
2.0,2.8,0.04688648772,-1.849159e-01,-1.849159e-01,-1.935698e-01,2.244e-12,3.964e-96,2.709e-01
2.0,2.8,0.04819297714,-1.946886e-01,-1.946886e-01,-2.046269e-01,2.180e-12,1.755e-93,2.864e-01
2.0,2.8,0.04953587182,-2.045405e-01,-2.045405e-01,-2.159058e-01,2.117e-12,6.587e-91,3.022e-01
2.0,2.8,0.05091618618,-2.144426e-01,-2.144426e-01,-2.273863e-01,2.056e-12,2.104e-88,3.183e-01
2.0,2.8,0.05233496293,-2.243652e-01,-2.243652e-01,-2.390476e-01,1.997e-12,5.745e-86,3.346e-01
2.0,2.8,0.05379327381,-2.342784e-01,-2.342784e-01,-2.508681e-01,1.939e-12,1.347e-83,3.511e-01
2.0,2.8,0.05529222045,-2.441522e-01,-2.441522e-01,-2.628256e-01,1.883e-12,2.723e-81,3.679e-01
2.0,2.8,0.05683293515,-2.539566e-01,-2.539566e-01,-2.748976e-01,1.829e-12,4.764e-79,3.848e-01
2.0,2.8,0.05841658179,-2.636622e-01,-2.636622e-01,-2.870613e-01,1.776e-12,7.244e-77,4.018e-01
2.0,2.8,0.06004435665,-2.732398e-01,-2.732398e-01,-2.992934e-01,1.725e-12,9.608e-75,4.189e-01
2.0,2.8,0.06171748937,-2.826611e-01,-2.826611e-01,-3.115710e-01,1.675e-12,1.116e-72,4.361e-01
2.0,2.8,0.06343724384,-2.918990e-01,-2.918990e-01,-3.238707e-01,1.626e-12,1.139e-70,4.533e-01
2.0,2.8,0.06520491918,-3.009270e-01,-3.009270e-01,-3.361696e-01,1.579e-12,1.025e-68,4.705e-01
2.0,2.8,0.06702185069,-3.097205e-01,-3.097205e-01,-3.484449e-01,1.533e-12,8.158e-67,4.877e-01
2.0,2.8,0.0688894109,-3.182557e-01,-3.182557e-01,-3.606740e-01,1.489e-12,5.766e-65,5.048e-01
2.0,2.8,0.07080901057,-3.265109e-01,-3.265109e-01,-3.728349e-01,1.446e-12,3.630e-63,5.219e-01
2.0,2.8,0.07278209978,-3.344659e-01,-3.344659e-01,-3.849059e-01,1.404e-12,2.042e-61,5.388e-01
2.0,2.8,0.07481016902,-3.421022e-01,-3.421022e-01,-3.968660e-01,1.363e-12,1.029e-59,5.555e-01
2.0,2.8,0.0768947503,-3.494033e-01,-3.494033e-01,-4.086947e-01,1.324e-12,4.661e-58,5.721e-01
2.0,2.8,0.07903741831,-3.563546e-01,-3.563546e-01,-4.203724e-01,1.285e-12,1.904e-56,5.884e-01
2.0,2.8,0.08123979166,-3.629435e-01,-3.629435e-01,-4.318799e-01,1.248e-12,7.027e-55,6.045e-01
2.0,2.8,0.08350353402,-3.691594e-01,-3.691594e-01,-4.431992e-01,1.212e-12,2.351e-53,6.204e-01
2.0,2.8,0.08583035543,-3.749937e-01,-3.749937e-01,-4.543129e-01,1.177e-12,7.150e-52,6.359e-01
2.0,2.8,0.0882220136,-3.804399e-01,-3.804399e-01,-4.652044e-01,1.144e-12,1.981e-50,6.512e-01
2.0,2.8,0.09068031519,-3.854935e-01,-3.854935e-01,-4.758583e-01,1.111e-12,5.016e-49,6.661e-01
2.0,2.8,0.09320711722,-3.901516e-01,-3.901516e-01,-4.862598e-01,1.079e-12,1.163e-47,6.806e-01
2.0,2.8,0.09580432845,-3.944138e-01,-3.944138e-01,-4.963953e-01,1.049e-12,2.474e-46,6.948e-01
2.0,2.8,0.09847391083,-3.982810e-01,-3.982810e-01,-5.062521e-01,1.019e-12,4.844e-45,7.086e-01
2.0,2.8,0.101217881,-4.017561e-01,-4.017561e-01,-5.158183e-01,9.900e-13,8.746e-44,7.220e-01
2.0,2.8,0.1040383117,-4.048437e-01,-4.048437e-01,-5.250831e-01,9.622e-13,1.459e-42,7.350e-01
2.0,2.8,0.1069373336,-4.075498e-01,-4.075498e-01,-5.340368e-01,9.352e-13,2.255e-41,7.475e-01
2.0,2.8,0.1099171365,-4.098820e-01,-4.098820e-01,-5.426704e-01,9.091e-13,3.234e-40,7.596e-01
2.0,2.8,0.1129799716,-4.118492e-01,-4.118492e-01,-5.509760e-01,8.838e-13,4.314e-39,7.712e-01
2.0,2.8,0.1161281523,-4.134615e-01,-4.134615e-01,-5.589466e-01,8.594e-13,5.361e-38,7.824e-01
2.0,2.8,0.1193640569,-4.147302e-01,-4.147302e-01,-5.665762e-01,8.357e-13,6.220e-37,7.931e-01
2.0,2.8,0.1226901298,-4.156675e-01,-4.156675e-01,-5.738595e-01,8.128e-13,6.750e-36,8.032e-01
2.0,2.8,0.1261088836,-4.162865e-01,-4.162865e-01,-5.807922e-01,7.907e-13,6.864e-35,8.130e-01
2.0,2.8,0.1296229008,-4.166010e-01,-4.166010e-01,-5.873709e-01,7.692e-13,6.552e-34,8.222e-01
2.0,2.8,0.1332348358,-4.166255e-01,-4.166255e-01,-5.935929e-01,7.485e-13,5.880e-33,8.309e-01
2.0,2.8,0.1369474172,-4.163749e-01,-4.163749e-01,-5.994564e-01,7.284e-13,4.970e-32,8.391e-01
2.0,2.8,0.1407634495,-4.158644e-01,-4.158644e-01,-6.049602e-01,7.090e-13,3.963e-31,8.468e-01
2.0,2.8,0.1446858154,-4.151095e-01,-4.151095e-01,-6.101039e-01,6.902e-13,2.986e-30,8.540e-01
2.0,2.8,0.1487174777,-4.141258e-01,-4.141258e-01,-6.148879e-01,6.719e-13,2.129e-29,8.607e-01
2.0,2.8,0.1528614821,-4.129291e-01,-4.129291e-01,-6.193131e-01,6.543e-13,1.439e-28,8.669e-01
2.0,2.8,0.157120959,-4.115346e-01,-4.115346e-01,-6.233811e-01,6.372e-13,9.228e-28,8.726e-01
2.0,2.8,0.1614991259,-4.099578e-01,-4.099578e-01,-6.270940e-01,6.206e-13,5.625e-27,8.778e-01
2.0,2.8,0.1659992902,-4.082137e-01,-4.082137e-01,-6.304547e-01,6.045e-13,3.264e-26,8.825e-01
2.0,2.8,0.1706248514,-4.063168e-01,-4.063168e-01,-6.334664e-01,5.890e-13,1.805e-25,8.867e-01
2.0,2.8,0.1753793036,-4.042812e-01,-4.042812e-01,-6.361327e-01,5.738e-13,9.522e-25,8.904e-01
2.0,2.8,0.1802662383,-4.021206e-01,-4.021206e-01,-6.384578e-01,5.591e-13,4.801e-24,8.937e-01
2.0,2.8,0.1852893472,-3.998479e-01,-3.998479e-01,-6.404465e-01,5.449e-13,2.316e-23,8.965e-01
2.0,2.8,0.1904524247,-3.974753e-01,-3.974753e-01,-6.421035e-01,5.310e-13,1.070e-22,8.988e-01
2.0,2.8,0.1957593711,-3.950146e-01,-3.950146e-01,-6.434343e-01,5.176e-13,4.739e-22,9.006e-01
2.0,2.8,0.2012141953,-3.924765e-01,-3.924765e-01,-6.444446e-01,5.045e-13,2.016e-21,9.020e-01
2.0,2.8,0.2068210179,-3.898711e-01,-3.898711e-01,-6.451402e-01,4.917e-13,8.239e-21,9.030e-01
2.0,2.8,0.2125840742,-3.872077e-01,-3.872077e-01,-6.455274e-01,4.794e-13,3.240e-20,9.036e-01
2.0,2.8,0.2185077179,-3.844948e-01,-3.844948e-01,-6.456126e-01,4.673e-13,1.227e-19,9.037e-01
2.0,2.8,0.2245964235,-3.817402e-01,-3.817402e-01,-6.454025e-01,4.556e-13,4.481e-19,9.034e-01
2.0,2.8,0.2308547906,-3.789506e-01,-3.789506e-01,-6.449038e-01,4.442e-13,1.579e-18,9.027e-01
2.0,2.8,0.2372875467,-3.761324e-01,-3.761324e-01,-6.441236e-01,4.331e-13,5.376e-18,9.016e-01
2.0,2.8,0.2438995512,-3.732910e-01,-3.732910e-01,-6.430689e-01,4.223e-13,1.770e-17,9.001e-01
2.0,2.8,0.2506957989,-3.704310e-01,-3.704310e-01,-6.417471e-01,4.118e-13,5.637e-17,8.983e-01
2.0,2.8,0.2576814237,-3.675567e-01,-3.675567e-01,-6.401653e-01,4.016e-13,1.739e-16,8.961e-01
2.0,2.8,0.2648617025,-3.646715e-01,-3.646715e-01,-6.383310e-01,3.917e-13,5.203e-16,8.935e-01
2.0,2.8,0.2722420593,-3.617783e-01,-3.617783e-01,-6.362516e-01,3.821e-13,1.510e-15,8.906e-01
2.0,2.8,0.2798280694,-3.588796e-01,-3.588796e-01,-6.339346e-01,3.728e-13,4.256e-15,8.873e-01
2.0,2.8,0.2876254633,-3.559774e-01,-3.559774e-01,-6.313873e-01,3.637e-13,1.166e-14,8.838e-01
2.0,2.8,0.2956401311,-3.530734e-01,-3.530734e-01,-6.286173e-01,3.550e-13,3.105e-14,8.799e-01
2.0,2.8,0.3038781273,-3.501689e-01,-3.501689e-01,-6.256320e-01,3.465e-13,8.051e-14,8.757e-01
2.0,2.8,0.3123456747,-3.472650e-01,-3.472650e-01,-6.224388e-01,3.383e-13,2.033e-13,8.712e-01
2.0,2.8,0.3210491698,-3.443626e-01,-3.443626e-01,-6.190450e-01,3.303e-13,5.005e-13,8.665e-01
2.0,2.8,0.3299951874,-3.414626e-01,-3.414626e-01,-6.154581e-01,3.227e-13,1.202e-12,8.615e-01
2.0,2.8,0.3391904853,-3.385656e-01,-3.385656e-01,-6.116852e-01,3.153e-13,2.817e-12,8.562e-01
2.0,2.8,0.3486420097,-3.356724e-01,-3.356724e-01,-6.077335e-01,3.082e-13,6.448e-12,8.507e-01
2.0,2.8,0.3583569002,-3.327838e-01,-3.327838e-01,-6.036101e-01,3.014e-13,1.442e-11,8.449e-01
2.0,2.8,0.3683424957,-3.299007e-01,-3.299007e-01,-5.993219e-01,2.949e-13,3.155e-11,8.389e-01
2.0,2.8,0.3786063392,-3.270240e-01,-3.270240e-01,-5.948759e-01,2.886e-13,6.755e-11,8.327e-01
2.0,2.8,0.3891561842,-3.241548e-01,-3.241548e-01,-5.902788e-01,2.826e-13,1.416e-10,8.262e-01
2.0,2.8,0.4,-3.212945e-01,-3.212945e-01,-5.855374e-01,2.769e-13,2.907e-10,8.196e-01
2.4,2.8,0.0025,-2.842171e-14,-1.338584e-20,-1.338584e-20,4.323e-11,0.000e+00,1.874e-20
2.4,2.8,0.002559099,-2.842171e-14,-4.023581e-20,-4.023581e-20,4.223e-11,0.000e+00,5.632e-20
2.4,2.8,0.002619595078,0.000000e+00,-1.178757e-19,-1.178757e-19,4.125e-11,0.000e+00,1.650e-19
2.4,2.8,0.002681521258,-1.421085e-14,-3.367738e-19,-3.367738e-19,4.030e-11,0.000e+00,4.714e-19
2.4,2.8,0.002744911348,-1.421085e-14,-9.388708e-19,-9.388708e-19,3.937e-11,0.000e+00,1.314e-18
2.4,2.8,0.002809799955,1.421085e-14,-2.555483e-18,-2.555483e-18,3.846e-11,0.000e+00,3.577e-18
2.4,2.8,0.002876222502,-4.263256e-14,-6.794854e-18,-6.794854e-18,3.757e-11,0.000e+00,9.511e-18
2.4,2.8,0.002944215252,0.000000e+00,-1.765882e-17,-1.765882e-17,3.670e-11,0.000e+00,2.472e-17
2.4,2.8,0.003013815324,-4.263256e-14,-4.487937e-17,-4.487937e-17,3.585e-11,0.000e+00,6.282e-17
2.4,2.8,0.003085060713,-1.421085e-14,-1.115988e-16,-1.115988e-16,3.503e-11,0.000e+00,1.562e-16
2.4,2.8,0.003157990315,0.000000e+00,-2.716556e-16,-2.716556e-16,3.422e-11,0.000e+00,3.802e-16
2.4,2.8,0.003232643943,-1.421085e-14,-6.476460e-16,-6.476460e-16,3.343e-11,0.000e+00,9.065e-16
2.4,2.8,0.003309062353,-2.842171e-14,-1.512953e-15,-1.512953e-15,3.265e-11,0.000e+00,2.118e-15
2.4,2.8,0.003387287264,0.000000e+00,-3.464863e-15,-3.464863e-15,3.190e-11,0.000e+00,4.850e-15
2.4,2.8,0.003467361381,-1.421085e-14,-7.782489e-15,-7.782489e-15,3.116e-11,0.000e+00,1.089e-14
2.4,2.8,0.003549328418,-2.842171e-14,-1.715211e-14,-1.715211e-14,3.044e-11,0.000e+00,2.401e-14
2.4,2.8,0.003633233122,-2.842171e-14,-3.710849e-14,-3.710849e-14,2.974e-11,0.000e+00,5.194e-14
2.4,2.8,0.003719121301,-8.526513e-14,-7.884450e-14,-7.884451e-14,2.905e-11,0.000e+00,1.104e-13
2.4,2.8,0.003807039841,-1.989520e-13,-1.645862e-13,-1.645862e-13,2.838e-11,0.000e+00,2.304e-13
2.4,2.8,0.003897036741,-3.410605e-13,-3.376887e-13,-3.376888e-13,2.773e-11,0.000e+00,4.727e-13
2.4,2.8,0.003989161131,-6.821210e-13,-6.812617e-13,-6.812620e-13,2.708e-11,0.000e+00,9.536e-13
2.4,2.8,0.004083463305,-1.378453e-12,-1.351932e-12,-1.351933e-12,2.646e-11,0.000e+00,1.892e-12
2.4,2.8,0.004179994745,-2.614797e-12,-2.640003e-12,-2.640006e-12,2.585e-11,0.000e+00,3.695e-12
2.4,2.8,0.00427880815,-5.087486e-12,-5.074862e-12,-5.074868e-12,2.525e-11,0.000e+00,7.103e-12
2.4,2.8,0.004379957463,-9.620749e-12,-9.606645e-12,-9.606661e-12,2.467e-11,0.000e+00,1.345e-11
2.4,2.8,0.004483497907,-1.790568e-11,-1.791436e-11,-1.791440e-11,2.410e-11,0.000e+00,2.508e-11
2.4,2.8,0.004589486004,-3.292655e-11,-3.292025e-11,-3.292034e-11,2.354e-11,0.000e+00,4.608e-11
2.4,2.8,0.004697979618,-5.962875e-11,-5.963543e-11,-5.963566e-11,2.300e-11,0.000e+00,8.347e-11
2.4,2.8,0.004809037978,-1.065388e-10,-1.065292e-10,-1.065298e-10,2.247e-11,0.000e+00,1.491e-10
2.4,2.8,0.004922721713,-1.877112e-10,-1.877138e-10,-1.877151e-10,2.195e-11,0.000e+00,2.628e-10
2.4,2.8,0.005039092886,-3.263949e-10,-3.263804e-10,-3.263834e-10,2.144e-11,0.000e+00,4.568e-10
2.4,2.8,0.005158215027,-5.601350e-10,-5.601266e-10,-5.601334e-10,2.094e-11,0.000e+00,7.840e-10
2.4,2.8,0.005280153168,-9.491004e-10,-9.491029e-10,-9.491178e-10,2.046e-11,0.000e+00,1.329e-09
2.4,2.8,0.005404973878,-1.588297e-09,-1.588302e-09,-1.588334e-09,1.999e-11,0.000e+00,2.223e-09
2.4,2.8,0.005532745299,-2.625868e-09,-2.625852e-09,-2.625921e-09,1.953e-11,0.000e+00,3.676e-09
2.4,2.8,0.005663537186,-4.289902e-09,-4.289896e-09,-4.290039e-09,1.908e-11,0.000e+00,6.005e-09
2.4,2.8,0.00579742094,-6.927571e-09,-6.927581e-09,-6.927873e-09,1.863e-11,0.000e+00,9.697e-09
2.4,2.8,0.005934469654,-1.106091e-08,-1.106091e-08,-1.106150e-08,1.820e-11,0.000e+00,1.548e-08
2.4,2.8,0.006074758143,-1.746580e-08,-1.746580e-08,-1.746696e-08,1.778e-11,0.000e+00,2.445e-08
2.4,2.8,0.006218362997,-2.728255e-08,-2.728254e-08,-2.728482e-08,1.737e-11,0.000e+00,3.819e-08
2.4,2.8,0.006365362612,-4.216852e-08,-4.216853e-08,-4.217290e-08,1.697e-11,0.000e+00,5.903e-08
2.4,2.8,0.006515837239,-6.450673e-08,-6.450673e-08,-6.451498e-08,1.658e-11,0.000e+00,9.030e-08
2.4,2.8,0.006669869026,-9.768723e-08,-9.768723e-08,-9.770259e-08,1.620e-11,0.000e+00,1.368e-07
2.4,2.8,0.006827542063,-1.464831e-07,-1.464831e-07,-1.465113e-07,1.582e-11,0.000e+00,2.051e-07
2.4,2.8,0.006988942427,-2.175468e-07,-2.175468e-07,-2.175978e-07,1.546e-11,0.000e+00,3.046e-07
2.4,2.8,0.007154158232,-3.200585e-07,-3.200585e-07,-3.201495e-07,1.510e-11,0.000e+00,4.481e-07
2.4,2.8,0.007323279672,-4.665641e-07,-4.665641e-07,-4.667242e-07,1.475e-11,0.000e+00,6.533e-07
2.4,2.8,0.007496399075,-6.740468e-07,-6.740468e-07,-6.743249e-07,1.441e-11,0.000e+00,9.439e-07
2.4,2.8,0.007673610952,-9.652838e-07,-9.652838e-07,-9.657606e-07,1.408e-11,0.000e+00,1.352e-06
2.4,2.8,0.007855012047,-1.370545e-06,-1.370545e-06,-1.371352e-06,1.375e-11,0.000e+00,1.920e-06
2.4,2.8,0.008040701391,-1.929703e-06,-1.929703e-06,-1.931052e-06,1.344e-11,0.000e+00,2.703e-06
2.4,2.8,0.008230780357,-2.694815e-06,-2.694815e-06,-2.697043e-06,1.313e-11,0.000e+00,3.775e-06
2.4,2.8,0.008425352714,-3.733276e-06,-3.733276e-06,-3.736912e-06,1.282e-11,0.000e+00,5.231e-06
2.4,2.8,0.008624524683,-5.131602e-06,-5.131602e-06,-5.137468e-06,1.253e-11,0.000e+00,7.191e-06
2.4,2.8,0.008828404998,-6.999946e-06,-6.999946e-06,-7.009302e-06,1.224e-11,0.000e+00,9.811e-06
2.4,2.8,0.009037104963,-9.477429e-06,-9.477429e-06,-9.492189e-06,1.195e-11,0.000e+00,1.329e-05
2.4,2.8,0.009250738511,-1.273837e-05,-1.273837e-05,-1.276140e-05,1.168e-11,0.000e+00,1.786e-05
2.4,2.8,0.00946942227,-1.699951e-05,-1.699951e-05,-1.703507e-05,1.141e-11,0.000e+00,2.384e-05
2.4,2.8,0.009693275626,-2.252826e-05,-2.252826e-05,-2.258262e-05,1.114e-11,0.000e+00,3.161e-05
2.4,2.8,0.009922420787,-2.965213e-05,-2.965213e-05,-2.973438e-05,1.089e-11,0.000e+00,4.162e-05
2.4,2.8,0.01015698285,-3.876927e-05,-3.876927e-05,-3.889250e-05,1.064e-11,0.000e+00,5.444e-05
2.4,2.8,0.01039708986,-5.036019e-05,-5.036019e-05,-5.054307e-05,1.039e-11,0.000e+00,7.075e-05
2.4,2.8,0.01064287291,-6.500077e-05,-6.500077e-05,-6.526960e-05,1.015e-11,0.000e+00,9.136e-05
2.4,2.8,0.01089446617,-8.337625e-05,-8.337625e-05,-8.376785e-05,9.915e-12,0.000e+00,1.173e-04
2.4,2.8,0.01115200699,-1.062965e-04,-1.062965e-04,-1.068619e-04,9.686e-12,0.000e+00,1.496e-04
2.4,2.8,0.01141563598,-1.347123e-04,-1.347123e-04,-1.355213e-04,9.462e-12,0.000e+00,1.897e-04
2.4,2.8,0.01168549705,-1.697320e-04,-1.697320e-04,-1.708799e-04,9.244e-12,0.000e+00,2.392e-04
2.4,2.8,0.01196173753,-2.126397e-04,-2.126397e-04,-2.142550e-04,9.030e-12,0.000e+00,2.999e-04
2.4,2.8,0.01224450822,-2.649130e-04,-2.649130e-04,-2.671673e-04,8.821e-12,0.000e+00,3.740e-04
2.4,2.8,0.0125339635,-3.282415e-04,-3.282415e-04,-3.313627e-04,8.618e-12,0.000e+00,4.638e-04
2.4,2.8,0.01283026138,-4.045446e-04,-4.045446e-04,-4.088326e-04,8.418e-12,0.000e+00,5.723e-04
2.4,2.8,0.01313356363,-4.959895e-04,-4.959895e-04,-5.018359e-04,8.224e-12,0.000e+00,7.024e-04
2.4,2.8,0.01344403582,-6.050074e-04,-6.050074e-04,-6.129195e-04,8.034e-12,0.000e+00,8.579e-04
2.4,2.8,0.01376184746,-7.343093e-04,-7.343093e-04,-7.449394e-04,7.848e-12,0.000e+00,1.043e-03
2.4,2.8,0.01408717203,-8.868988e-04,-8.868988e-04,-9.010797e-04,7.666e-12,0.000e+00,1.261e-03
2.4,2.8,0.01442018714,-1.066084e-03,-1.066084e-03,-1.084871e-03,7.489e-12,3.802e-316,1.519e-03
2.4,2.8,0.0147610746,-1.275485e-03,-1.275485e-03,-1.300207e-03,7.316e-12,8.342e-309,1.820e-03
2.4,2.8,0.0151100205,-1.519042e-03,-1.519042e-03,-1.551358e-03,7.146e-12,1.238e-301,2.171e-03
2.4,2.8,0.01546721534,-1.801011e-03,-1.801011e-03,-1.842983e-03,6.981e-12,1.255e-294,2.580e-03
2.4,2.8,0.01583285413,-2.125968e-03,-2.125968e-03,-2.180139e-03,6.819e-12,8.764e-288,3.052e-03
2.4,2.8,0.01620713647,-2.498799e-03,-2.498799e-03,-2.568283e-03,6.661e-12,4.251e-281,3.595e-03
2.4,2.8,0.0165902667,-2.924687e-03,-2.924687e-03,-3.013278e-03,6.507e-12,1.445e-274,4.218e-03
2.4,2.8,0.01698245397,-3.409098e-03,-3.409098e-03,-3.521388e-03,6.356e-12,3.468e-268,4.929e-03
2.4,2.8,0.01738391239,-3.957758e-03,-3.957758e-03,-4.099269e-03,6.209e-12,5.929e-262,5.738e-03
2.4,2.8,0.01779486113,-4.576624e-03,-4.576624e-03,-4.753963e-03,6.065e-12,7.274e-256,6.654e-03
2.4,2.8,0.01821552453,-5.271855e-03,-5.271855e-03,-5.492877e-03,5.924e-12,6.454e-250,7.689e-03
2.4,2.8,0.01864613225,-6.049771e-03,-6.049771e-03,-6.323764e-03,5.786e-12,4.173e-244,8.852e-03
2.4,2.8,0.01908691936,-6.916813e-03,-6.916813e-03,-7.254698e-03,5.651e-12,1.980e-238,1.015e-02
2.4,2.8,0.0195381265,-7.879492e-03,-7.879492e-03,-8.294041e-03,5.520e-12,6.946e-233,1.161e-02
2.4,2.8,0.02,-8.944339e-03,-8.944339e-03,-9.450413e-03,5.391e-12,1.814e-227,1.323e-02
2.4,2.8,0.02055729891,-1.033650e-02,-1.033650e-02,-1.097244e-02,5.244e-12,2.955e-221,1.536e-02
2.4,2.8,0.02113012692,-1.188940e-02,-1.188940e-02,-1.268329e-02,5.100e-12,3.265e-215,1.775e-02
2.4,2.8,0.02171891675,-1.361312e-02,-1.361312e-02,-1.459788e-02,4.960e-12,2.472e-209,2.043e-02
2.4,2.8,0.02232411318,-1.551726e-02,-1.551726e-02,-1.673120e-02,4.824e-12,1.297e-203,2.342e-02
2.4,2.8,0.02294617338,-1.761079e-02,-1.761079e-02,-1.909823e-02,4.691e-12,4.758e-198,2.673e-02
2.4,2.8,0.02358556724,-1.990195e-02,-1.990195e-02,-2.171380e-02,4.562e-12,1.233e-192,3.039e-02
2.4,2.8,0.02424277779,-2.239805e-02,-2.239805e-02,-2.459244e-02,4.436e-12,2.278e-187,3.442e-02
2.4,2.8,0.02491830147,-2.510535e-02,-2.510535e-02,-2.774828e-02,4.313e-12,3.028e-182,3.884e-02
2.4,2.8,0.02561264858,-2.802894e-02,-2.802894e-02,-3.119487e-02,4.193e-12,2.922e-177,4.366e-02
2.4,2.8,0.02632634363,-3.117260e-02,-3.117260e-02,-3.494508e-02,4.076e-12,2.065e-172,4.891e-02
2.4,2.8,0.02705992576,-3.453872e-02,-3.453872e-02,-3.901091e-02,3.963e-12,1.078e-167,5.460e-02
2.4,2.8,0.02781394911,-3.812817e-02,-3.812817e-02,-4.340345e-02,3.852e-12,4.190e-163,6.075e-02
2.4,2.8,0.02858898329,-4.194026e-02,-4.194026e-02,-4.813266e-02,3.744e-12,1.223e-158,6.737e-02
2.4,2.8,0.02938561374,-4.597266e-02,-4.597266e-02,-5.320733e-02,3.639e-12,2.698e-154,7.448e-02
2.4,2.8,0.03020444227,-5.022137e-02,-5.022137e-02,-5.863492e-02,3.537e-12,4.539e-150,8.207e-02
2.4,2.8,0.0310460874,-5.468069e-02,-5.468069e-02,-6.442152e-02,3.437e-12,5.862e-146,9.017e-02
2.4,2.8,0.03191118493,-5.934327e-02,-5.934327e-02,-7.057171e-02,3.339e-12,5.856e-142,9.878e-02
2.4,2.8,0.03280038836,-6.420005e-02,-6.420005e-02,-7.708855e-02,3.244e-12,4.556e-138,1.079e-01
2.4,2.8,0.03371436939,-6.924040e-02,-6.924040e-02,-8.397347e-02,3.152e-12,2.779e-134,1.175e-01
2.4,2.8,0.03465381845,-7.445211e-02,-7.445211e-02,-9.122627e-02,3.062e-12,1.338e-130,1.277e-01
2.4,2.8,0.03561944521,-7.982153e-02,-7.982153e-02,-9.884506e-02,2.974e-12,5.115e-127,1.384e-01
2.4,2.8,0.0366119791,-8.533362e-02,-8.533362e-02,-1.068263e-01,2.888e-12,1.563e-123,1.495e-01
2.4,2.8,0.0376321699,-9.097211e-02,-9.097211e-02,-1.151647e-01,2.805e-12,3.842e-120,1.612e-01
2.4,2.8,0.03868078826,-9.671960e-02,-9.671960e-02,-1.238534e-01,2.724e-12,7.640e-117,1.734e-01
2.4,2.8,0.03975862631,-1.025577e-01,-1.025577e-01,-1.328837e-01,2.645e-12,1.236e-113,1.860e-01
2.4,2.8,0.04086649826,-1.084674e-01,-1.084674e-01,-1.422457e-01,2.568e-12,1.636e-110,1.991e-01
2.4,2.8,0.04200524101,-1.144286e-01,-1.144286e-01,-1.519275e-01,2.493e-12,1.781e-107,2.127e-01
2.4,2.8,0.04317571475,-1.204212e-01,-1.204212e-01,-1.619160e-01,2.420e-12,1.604e-104,2.266e-01
2.4,2.8,0.04437880369,-1.264245e-01,-1.264245e-01,-1.721967e-01,2.349e-12,1.200e-101,2.410e-01
2.4,2.8,0.04561541663,-1.324178e-01,-1.324178e-01,-1.827536e-01,2.280e-12,7.505e-99,2.558e-01
2.4,2.8,0.04688648772,-1.383803e-01,-1.383803e-01,-1.935698e-01,2.212e-12,3.940e-96,2.709e-01
2.4,2.8,0.04819297714,-1.442915e-01,-1.442915e-01,-2.046269e-01,2.147e-12,1.744e-93,2.864e-01
2.4,2.8,0.04953587182,-1.501312e-01,-1.501312e-01,-2.159058e-01,2.083e-12,6.546e-91,3.022e-01
2.4,2.8,0.05091618618,-1.558798e-01,-1.558798e-01,-2.273863e-01,2.022e-12,2.091e-88,3.183e-01
2.4,2.8,0.05233496293,-1.615184e-01,-1.615184e-01,-2.390476e-01,1.961e-12,5.709e-86,3.346e-01
2.4,2.8,0.05379327381,-1.670288e-01,-1.670288e-01,-2.508681e-01,1.903e-12,1.339e-83,3.511e-01
2.4,2.8,0.05529222045,-1.723939e-01,-1.723939e-01,-2.628256e-01,1.846e-12,2.706e-81,3.679e-01
2.4,2.8,0.05683293515,-1.775974e-01,-1.775974e-01,-2.748976e-01,1.791e-12,4.734e-79,3.848e-01
2.4,2.8,0.05841658179,-1.826244e-01,-1.826244e-01,-2.870613e-01,1.738e-12,7.199e-77,4.018e-01
2.4,2.8,0.06004435665,-1.874612e-01,-1.874612e-01,-2.992934e-01,1.686e-12,9.548e-75,4.189e-01
2.4,2.8,0.06171748937,-1.920953e-01,-1.920953e-01,-3.115710e-01,1.636e-12,1.109e-72,4.361e-01
2.4,2.8,0.06343724384,-1.965158e-01,-1.965158e-01,-3.238707e-01,1.587e-12,1.132e-70,4.533e-01
2.4,2.8,0.06520491918,-2.007130e-01,-2.007130e-01,-3.361696e-01,1.540e-12,1.018e-68,4.705e-01
2.4,2.8,0.06702185069,-2.046786e-01,-2.046786e-01,-3.484449e-01,1.494e-12,8.107e-67,4.877e-01
2.4,2.8,0.0688894109,-2.084061e-01,-2.084061e-01,-3.606740e-01,1.450e-12,5.730e-65,5.048e-01
2.4,2.8,0.07080901057,-2.118901e-01,-2.118901e-01,-3.728349e-01,1.407e-12,3.607e-63,5.219e-01
2.4,2.8,0.07278209978,-2.151268e-01,-2.151268e-01,-3.849059e-01,1.366e-12,2.029e-61,5.388e-01
2.4,2.8,0.07481016902,-2.181137e-01,-2.181137e-01,-3.968660e-01,1.325e-12,1.023e-59,5.555e-01
2.4,2.8,0.0768947503,-2.208498e-01,-2.208498e-01,-4.086947e-01,1.286e-12,4.632e-58,5.721e-01
2.4,2.8,0.07903741831,-2.233354e-01,-2.233354e-01,-4.203724e-01,1.249e-12,1.892e-56,5.884e-01
2.4,2.8,0.08123979166,-2.255719e-01,-2.255719e-01,-4.318799e-01,1.212e-12,6.983e-55,6.045e-01
2.4,2.8,0.08350353402,-2.275619e-01,-2.275619e-01,-4.431992e-01,1.177e-12,2.337e-53,6.204e-01
2.4,2.8,0.08583035543,-2.293093e-01,-2.293093e-01,-4.543129e-01,1.143e-12,7.106e-52,6.359e-01
2.4,2.8,0.0882220136,-2.308187e-01,-2.308187e-01,-4.652044e-01,1.110e-12,1.969e-50,6.512e-01
2.4,2.8,0.09068031519,-2.320959e-01,-2.320959e-01,-4.758583e-01,1.078e-12,4.985e-49,6.661e-01
2.4,2.8,0.09320711722,-2.331473e-01,-2.331473e-01,-4.862598e-01,1.047e-12,1.156e-47,6.806e-01
2.4,2.8,0.09580432845,-2.339802e-01,-2.339802e-01,-4.963953e-01,1.017e-12,2.459e-46,6.948e-01
2.4,2.8,0.09847391083,-2.346024e-01,-2.346024e-01,-5.062521e-01,9.886e-13,4.814e-45,7.086e-01
2.4,2.8,0.101217881,-2.350224e-01,-2.350224e-01,-5.158183e-01,9.608e-13,8.692e-44,7.220e-01
2.4,2.8,0.1040383117,-2.352488e-01,-2.352488e-01,-5.250831e-01,9.339e-13,1.450e-42,7.350e-01
2.4,2.8,0.1069373336,-2.352910e-01,-2.352910e-01,-5.340368e-01,9.079e-13,2.241e-41,7.475e-01
2.4,2.8,0.1099171365,-2.351584e-01,-2.351584e-01,-5.426704e-01,8.828e-13,3.214e-40,7.596e-01
2.4,2.8,0.1129799716,-2.348606e-01,-2.348606e-01,-5.509760e-01,8.585e-13,4.287e-39,7.712e-01
2.4,2.8,0.1161281523,-2.344073e-01,-2.344073e-01,-5.589466e-01,8.350e-13,5.328e-38,7.824e-01
2.4,2.8,0.1193640569,-2.338083e-01,-2.338083e-01,-5.665762e-01,8.122e-13,6.182e-37,7.931e-01
2.4,2.8,0.1226901298,-2.330733e-01,-2.330733e-01,-5.738595e-01,7.902e-13,6.708e-36,8.032e-01
2.4,2.8,0.1261088836,-2.322120e-01,-2.322120e-01,-5.807922e-01,7.689e-13,6.821e-35,8.130e-01
2.4,2.8,0.1296229008,-2.312338e-01,-2.312338e-01,-5.873709e-01,7.483e-13,6.511e-34,8.222e-01
2.4,2.8,0.1332348358,-2.301481e-01,-2.301481e-01,-5.935929e-01,7.284e-13,5.843e-33,8.309e-01
2.4,2.8,0.1369474172,-2.289637e-01,-2.289637e-01,-5.994564e-01,7.090e-13,4.939e-32,8.391e-01
2.4,2.8,0.1407634495,-2.276895e-01,-2.276895e-01,-6.049602e-01,6.903e-13,3.939e-31,8.468e-01
2.4,2.8,0.1446858154,-2.263339e-01,-2.263339e-01,-6.101039e-01,6.721e-13,2.968e-30,8.540e-01
2.4,2.8,0.1487174777,-2.249050e-01,-2.249050e-01,-6.148879e-01,6.545e-13,2.116e-29,8.607e-01
2.4,2.8,0.1528614821,-2.234104e-01,-2.234104e-01,-6.193131e-01,6.373e-13,1.430e-28,8.669e-01
2.4,2.8,0.157120959,-2.218576e-01,-2.218576e-01,-6.233811e-01,6.207e-13,9.170e-28,8.726e-01
2.4,2.8,0.1614991259,-2.202535e-01,-2.202535e-01,-6.270940e-01,6.045e-13,5.590e-27,8.778e-01
2.4,2.8,0.1659992902,-2.186046e-01,-2.186046e-01,-6.304547e-01,5.888e-13,3.243e-26,8.825e-01
2.4,2.8,0.1706248514,-2.169169e-01,-2.169169e-01,-6.334664e-01,5.735e-13,1.793e-25,8.867e-01
2.4,2.8,0.1753793036,-2.151964e-01,-2.151964e-01,-6.361327e-01,5.586e-13,9.463e-25,8.904e-01
2.4,2.8,0.1802662383,-2.134481e-01,-2.134481e-01,-6.384578e-01,5.440e-13,4.771e-24,8.937e-01
2.4,2.8,0.1852893472,-2.116770e-01,-2.116770e-01,-6.404465e-01,5.299e-13,2.301e-23,8.965e-01
2.4,2.8,0.1904524247,-2.098876e-01,-2.098876e-01,-6.421035e-01,5.161e-13,1.063e-22,8.988e-01
2.4,2.8,0.1957593711,-2.080839e-01,-2.080839e-01,-6.434343e-01,5.026e-13,4.709e-22,9.006e-01
2.4,2.8,0.2012141953,-2.062697e-01,-2.062697e-01,-6.444446e-01,4.895e-13,2.003e-21,9.020e-01
2.4,2.8,0.2068210179,-2.044481e-01,-2.044481e-01,-6.451402e-01,4.767e-13,8.187e-21,9.030e-01
2.4,2.8,0.2125840742,-2.026221e-01,-2.026221e-01,-6.455274e-01,4.641e-13,3.220e-20,9.036e-01
2.4,2.8,0.2185077179,-2.007943e-01,-2.007943e-01,-6.456126e-01,4.519e-13,1.220e-19,9.037e-01
2.4,2.8,0.2245964235,-1.989669e-01,-1.989669e-01,-6.454025e-01,4.400e-13,4.453e-19,9.034e-01
2.4,2.8,0.2308547906,-1.971419e-01,-1.971419e-01,-6.449038e-01,4.283e-13,1.569e-18,9.027e-01
2.4,2.8,0.2372875467,-1.953209e-01,-1.953209e-01,-6.441236e-01,4.170e-13,5.343e-18,9.016e-01
2.4,2.8,0.2438995512,-1.935053e-01,-1.935053e-01,-6.430689e-01,4.059e-13,1.759e-17,9.001e-01
2.4,2.8,0.2506957989,-1.916962e-01,-1.916962e-01,-6.417471e-01,3.950e-13,5.602e-17,8.983e-01
2.4,2.8,0.2576814237,-1.898944e-01,-1.898944e-01,-6.401653e-01,3.845e-13,1.728e-16,8.961e-01
2.4,2.8,0.2648617025,-1.881007e-01,-1.881007e-01,-6.383310e-01,3.742e-13,5.170e-16,8.935e-01
2.4,2.8,0.2722420593,-1.863156e-01,-1.863156e-01,-6.362516e-01,3.642e-13,1.501e-15,8.906e-01
2.4,2.8,0.2798280694,-1.845396e-01,-1.845396e-01,-6.339346e-01,3.544e-13,4.229e-15,8.873e-01
2.4,2.8,0.2876254633,-1.827727e-01,-1.827727e-01,-6.313873e-01,3.449e-13,1.158e-14,8.838e-01
2.4,2.8,0.2956401311,-1.810153e-01,-1.810153e-01,-6.286173e-01,3.357e-13,3.086e-14,8.799e-01
2.4,2.8,0.3038781273,-1.792674e-01,-1.792674e-01,-6.256320e-01,3.268e-13,8.001e-14,8.757e-01
2.4,2.8,0.3123456747,-1.775291e-01,-1.775291e-01,-6.224388e-01,3.181e-13,2.021e-13,8.712e-01
2.4,2.8,0.3210491698,-1.758005e-01,-1.758005e-01,-6.190450e-01,3.097e-13,4.974e-13,8.665e-01
2.4,2.8,0.3299951874,-1.740817e-01,-1.740817e-01,-6.154581e-01,3.016e-13,1.194e-12,8.615e-01
2.4,2.8,0.3391904853,-1.723726e-01,-1.723726e-01,-6.116852e-01,2.937e-13,2.799e-12,8.562e-01
2.4,2.8,0.3486420097,-1.706736e-01,-1.706736e-01,-6.077335e-01,2.862e-13,6.407e-12,8.507e-01
2.4,2.8,0.3583569002,-1.689847e-01,-1.689847e-01,-6.036101e-01,2.789e-13,1.433e-11,8.449e-01
2.4,2.8,0.3683424957,-1.673063e-01,-1.673063e-01,-5.993219e-01,2.718e-13,3.136e-11,8.389e-01
2.4,2.8,0.3786063392,-1.656387e-01,-1.656387e-01,-5.948759e-01,2.650e-13,6.712e-11,8.327e-01
2.4,2.8,0.3891561842,-1.639824e-01,-1.639824e-01,-5.902788e-01,2.585e-13,1.407e-10,8.262e-01
2.4,2.8,0.4,-1.623379e-01,-1.623379e-01,-5.855374e-01,2.523e-13,2.889e-10,8.196e-01
