triangle,bc,index,lambda_prod_h0.05_p10,err_estimate,diff_h0.1_p10,diff_h0.07_p10,diff_h0.07_p8_vs_p12,diff_h0.07_p10_vs_p12
2-8-8,N,0,0,0.00e+00,2.89e-15,1.55e-14,3.77e-15,1.55e-14
2-8-8,N,1,3.83888725884213,5.88e-13,3.02e-14,8.53e-14,5.88e-13,5.03e-13
2-8-8,N,2,8.24955481520056,1.33e-12,5.33e-15,8.53e-14,1.39e-12,1.24e-12
2-8-8,N,3,18.65881962726,2.93e-12,2.13e-14,6.39e-14,3.24e-12,2.87e-12
2-8-8,N,4,23.0785584813814,3.63e-12,0.00e+00,3.91e-14,4.07e-12,3.59e-12
2-8-8,N,5,36.2383916821526,5.90e-12,9.95e-14,1.85e-13,6.38e-12,5.72e-12
2-8-8,N,6,44.0171329398748,7.13e-12,3.27e-13,1.71e-13,7.76e-12,6.96e-12
2-8-8,N,7,61.0263113847418,9.42e-12,1.78e-13,7.82e-14,1.06e-11,9.50e-12
2-8-8,N,8,67.610531948049,1.04e-11,3.13e-13,9.95e-14,1.17e-11,1.05e-11
2-8-8,N,9,74.9267083976922,1.19e-11,2.84e-14,1.71e-13,1.34e-11,1.21e-11
2-8-8,N,10,86.7093046887215,1.35e-11,7.11e-14,1.71e-13,1.51e-11,1.37e-11
2-8-8,N,11,111.003768499269,1.81e-11,7.25e-13,4.12e-13,2.03e-11,1.85e-11
2-8-8,N,12,115.206442566369,1.75e-11,7.67e-13,2.70e-13,1.93e-11,1.77e-11
2-8-8,N,13,116.602517755461,1.67e-11,5.54e-13,3.55e-13,1.88e-11,1.71e-11
2-8-8,N,14,146.339627451238,2.24e-11,6.82e-13,1.14e-13,2.50e-11,2.23e-11
2-8-8,N,15,148.439073097178,2.38e-11,3.41e-13,5.68e-14,2.64e-11,2.38e-11
2-8-8,N,16,167.998616718252,2.43e-11,5.12e-13,3.41e-13,2.72e-11,2.46e-11
2-8-8,N,17,169.204494001393,2.64e-11,5.68e-13,4.26e-13,2.92e-11,2.68e-11
2-8-8,N,18,185.202025216253,2.69e-11,3.69e-13,5.12e-13,3.06e-11,2.74e-11
2-8-8,N,19,200.566930077457,3.21e-11,9.38e-13,1.65e-12,3.72e-11,3.37e-11
2-8-8,N,20,223.648572075428,3.42e-11,1.05e-12,1.28e-12,3.81e-11,3.55e-11
2-8-8,N,21,223.920844691082,3.55e-11,3.98e-13,4.83e-13,3.91e-11,3.60e-11
2-8-8,N,22,237.665383165751,3.36e-11,1.28e-12,4.83e-13,3.76e-11,3.41e-11
2-8-8,N,23,256.692804800594,3.96e-11,3.41e-13,5.68e-13,4.36e-11,4.02e-11
2-8-8,N,24,265.47933256075,4.24e-11,5.12e-13,6.25e-13,4.72e-11,4.18e-11
2-8-8,N,25,281.540793911201,4.42e-11,6.82e-13,1.31e-12,4.96e-11,4.55e-11
2-8-8,N,26,290.0713898483,4.27e-11,6.25e-13,8.53e-13,4.63e-11,4.35e-11
2-8-8,N,27,306.680232814119,4.55e-11,2.27e-13,1.71e-13,4.89e-11,4.57e-11
2-8-8,N,28,318.921828034772,4.37e-11,1.82e-12,2.44e-12,4.88e-11,4.62e-11
2-8-8,N,29,327.940697372976,5.25e-11,1.59e-12,1.14e-13,5.61e-11,5.24e-11
2-8-8,N,30,344.241527253695,5.49e-11,8.53e-13,5.68e-14,6.06e-11,5.49e-11
2-8-8,N,31,364.348855424847,5.64e-11,1.19e-12,1.14e-13,6.19e-11,5.63e-11
2-8-8,N,32,386.647244698126,5.51e-11,2.16e-12,7.39e-13,6.03e-11,5.58e-11
2-8-8,N,33,387.143859049014,5.86e-11,4.55e-13,3.41e-13,6.39e-11,5.83e-11
2-8-8,N,34,389.702245045258,6.00e-11,1.99e-12,1.14e-12,6.69e-11,6.12e-11
2-8-8,N,35,415.42259814233,5.98e-11,1.14e-13,6.82e-13,6.62e-11,6.05e-11
2-8-8,N,36,428.600317519441,6.82e-11,3.41e-13,6.82e-13,7.53e-11,6.88e-11
2-8-8,N,37,442.84854162868,7.02e-11,9.09e-13,1.71e-13,7.58e-11,7.00e-11
2-8-8,N,38,452.57104322035,7.36e-11,6.82e-13,2.16e-12,7.99e-11,7.14e-11
2-8-8,N,39,465.306121481071,6.88e-11,5.68e-13,1.59e-12,7.46e-11,7.04e-11
2-8-8,N,40,482.009499819812,6.97e-11,2.22e-12,1.08e-12,7.54e-11,7.08e-11
2-8-8,N,41,500.66248122531,7.53e-11,3.41e-13,6.82e-13,8.19e-11,7.60e-11
2-8-8,N,42,508.626284329119,7.76e-11,3.35e-12,6.82e-13,8.65e-11,7.83e-11
2-8-8,N,43,527.603869313826,8.23e-11,1.14e-13,9.09e-13,9.02e-11,8.14e-11
2-8-8,N,44,535.495448097883,7.89e-11,7.96e-13,4.55e-13,8.65e-11,7.94e-11
2-8-8,N,45,549.082406971226,8.66e-11,6.82e-13,1.59e-12,9.06e-11,8.50e-11
2-8-8,N,46,570.215635023257,7.64e-11,6.82e-13,1.02e-12,7.98e-11,7.74e-11
2-8-8,N,47,588.712362725292,9.53e-11,4.32e-12,5.68e-13,1.04e-10,9.58e-11
2-8-8,N,48,590.72868315688,9.03e-11,1.59e-12,6.82e-13,9.52e-11,8.96e-11
2-8-8,N,49,602.338148902689,8.92e-11,5.68e-13,1.14e-13,9.37e-11,8.94e-11
2-8-8,N,50,632.208025169622,9.49e-11,3.18e-12,2.96e-12,1.03e-10,9.79e-11
2-8-8,N,51,637.147348245865,1.02e-10,3.18e-12,3.64e-12,1.05e-10,9.82e-11
2-8-8,N,52,637.289972052773,9.55e-11,1.71e-12,4.32e-12,1.01e-10,9.98e-11
2-8-8,N,53,667.586760622161,1.01e-10,3.41e-13,1.93e-12,1.02e-10,9.92e-11
2-8-8,N,54,684.39311513161,1.08e-10,6.82e-13,9.09e-13,1.05e-10,1.07e-10
2-8-8,N,55,689.641414234679,9.08e-11,9.09e-13,1.71e-12,6.33e-11,9.25e-11
2-8-8,N,56,692.080777503183,1.07e-10,2.16e-12,9.09e-13,1.15e-10,1.08e-10
2-8-8,N,57,722.531554959824,1.06e-10,4.55e-13,1.93e-12,9.48e-11,1.04e-10
2-8-8,N,58,729.610779002327,1.14e-10,6.82e-13,3.30e-12,1.16e-10,1.17e-10
2-8-8,N,59,757.24599441074,1.11e-10,0.00e+00,2.27e-13,8.13e-11,1.11e-10
2-8-8,N,60,780.934331771581,1.18e-10,1.14e-12,2.39e-12,1.18e-10,1.21e-10
2-8-8,N,61,783.936470384108,1.19e-10,3.07e-12,3.41e-13,1.07e-10,1.19e-10
2-8-8,N,62,793.005714123364,1.17e-10,3.87e-12,2.96e-12,6.66e-11,1.20e-10
2-8-8,N,63,793.15628263611,1.17e-10,1.14e-13,1.14e-12,7.46e-11,1.16e-10
2-8-8,N,64,821.845451159849,1.31e-10,3.98e-12,1.93e-12,8.72e-11,1.29e-10
2-8-8,N,65,824.929347778698,1.21e-10,2.96e-12,1.14e-13,1.93e-12,1.21e-10
2-8-8,N,66,847.393129637214,1.30e-10,4.09e-12,1.25e-12,1.12e-10,1.31e-10
2-8-8,N,67,850.469787750087,1.28e-10,1.36e-12,1.59e-12,4.18e-11,1.30e-10
2-8-8,N,68,888.48577755934,1.35e-10,1.93e-12,3.98e-12,1.24e-10,1.31e-10
2-8-8,N,69,892.539639158209,1.32e-10,6.48e-12,6.82e-13,9.07e-11,1.31e-10
2-8-8,N,70,911.754187266579,1.30e-10,3.87e-12,2.50e-12,3.78e-10,1.32e-10
2-8-8,N,71,920.64817495583,1.41e-10,9.09e-13,3.41e-13,2.64e-11,1.41e-10
2-8-8,N,72,946.015543430365,1.41e-10,4.89e-12,7.96e-13,7.76e-11,1.41e-10
2-8-8,N,73,946.223310576891,1.39e-10,6.59e-12,1.59e-12,8.72e-11,1.40e-10
2-8-8,N,74,948.134163383506,1.56e-10,8.75e-12,4.89e-12,5.71e-11,1.51e-10
2-8-8,N,75,966.973935319101,1.38e-10,5.68e-13,1.25e-12,1.34e-10,1.39e-10
2-8-8,N,76,998.050919986213,1.48e-10,5.23e-12,3.30e-12,6.66e-11,1.51e-10
2-8-8,N,77,1005.64820364345,1.50e-10,3.07e-12,5.00e-12,6.57e-11,1.55e-10
2-8-8,N,78,1015.55874600752,1.46e-10,1.24e-11,9.09e-13,6.55e-10,1.45e-10
2-8-8,N,79,1054.8870456441,1.57e-10,9.09e-12,1.36e-12,1.03e-09,1.58e-10
2-8-8,N,80,1055.74768543937,1.59e-10,8.87e-12,2.27e-13,3.89e-10,1.59e-10
2-8-8,N,81,1069.38736754295,1.65e-10,1.25e-11,6.82e-13,8.07e-10,1.64e-10
2-8-8,N,82,1072.78799781971,1.60e-10,8.41e-12,3.41e-12,7.80e-11,1.63e-10
2-8-8,N,83,1093.89170477249,1.58e-10,9.78e-12,6.82e-13,1.35e-09,1.58e-10
2-8-8,N,84,1107.50352080558,1.67e-10,1.23e-11,4.09e-12,1.39e-10,1.71e-10
2-8-8,N,85,1110.75520183357,1.70e-10,1.02e-11,1.14e-12,3.34e-11,1.71e-10
2-8-8,N,86,1128.09313447767,1.73e-10,1.18e-11,2.73e-12,4.62e-10,1.75e-10
2-8-8,N,87,1150.71771487977,1.76e-10,1.34e-11,3.64e-12,9.21e-11,1.73e-10
2-8-8,N,88,1169.32354252063,1.81e-10,1.36e-11,4.09e-12,9.26e-10,1.77e-10
2-8-8,N,89,1178.43105626009,1.71e-10,2.41e-11,4.55e-13,4.44e-09,1.70e-10
2-8-8,N,90,1196.30454579394,1.81e-10,1.05e-11,1.36e-12,3.14e-10,1.82e-10
2-8-8,N,91,1209.01025659281,1.80e-10,2.82e-11,4.09e-12,4.85e-09,1.76e-10
2-8-8,N,92,1217.86993013543,1.94e-10,2.14e-11,2.73e-12,3.48e-10,1.91e-10
2-8-8,N,93,1232.52043559789,1.78e-10,1.48e-11,5.46e-12,2.11e-09,1.84e-10
2-8-8,N,94,1271.69134907409,2.01e-10,3.84e-11,5.23e-12,4.99e-10,1.96e-10
2-8-8,N,95,1278.27311775066,1.94e-10,3.05e-11,6.82e-13,2.78e-09,1.95e-10
2-8-8,N,96,1280.09378449638,1.88e-10,3.59e-11,1.59e-12,5.06e-09,1.86e-10
2-8-8,N,97,1291.73117487961,2.01e-10,3.98e-11,2.27e-12,8.76e-10,1.99e-10
2-8-8,N,98,1292.67456885069,1.97e-10,3.16e-11,9.09e-13,5.80e-10,1.98e-10
2-8-8,N,99,1347.43043486147,2.01e-10,5.53e-11,7.50e-12,1.22e-08,1.94e-10
2-8-8,N,100,1350.84270124633,2.12e-10,3.68e-11,1.59e-12,5.12e-10,2.14e-10
2-8-8,N,101,1353.20709222833,2.05e-10,4.46e-11,6.59e-12,6.95e-09,1.99e-10
2-8-8,N,102,1367.30150102519,2.07e-10,4.84e-11,6.82e-13,5.27e-09,2.08e-10
2-8-8,N,103,1371.04948203218,2.14e-10,4.71e-11,5.00e-12,5.86e-09,2.09e-10
2-8-8,N,104,1392.10253258927,2.28e-10,5.50e-11,3.64e-12,3.28e-09,2.24e-10
2-8-8,N,105,1403.25328708614,2.18e-10,5.68e-11,4.55e-13,1.65e-09,2.18e-10
2-8-8,N,106,1421.88622410851,2.16e-10,5.50e-11,2.27e-13,2.00e-09,2.16e-10
2-8-8,N,107,1444.81508353802,2.19e-10,8.41e-11,1.14e-12,4.98e-09,2.18e-10
2-8-8,N,108,1468.17754633262,2.28e-10,1.05e-10,1.21e-11,2.38e-08,2.16e-10
2-8-8,N,109,1476.92014633585,2.24e-10,1.10e-10,2.96e-12,6.40e-09,2.21e-10
2-8-8,N,110,1496.02367015873,2.29e-10,7.71e-11,7.28e-12,2.19e-09,2.37e-10
2-8-8,N,111,1509.02223687253,2.32e-10,1.24e-10,3.64e-12,8.60e-09,2.28e-10
2-8-8,N,112,1521.72575347204,2.44e-10,1.19e-10,2.05e-12,3.61e-09,2.41e-10
2-8-8,N,113,1523.70744211692,2.28e-10,2.33e-10,5.00e-12,2.63e-08,2.23e-10
2-8-8,N,114,1530.51060635954,2.26e-10,1.32e-10,3.87e-12,2.42e-09,2.30e-10
2-8-8,N,115,1536.67179718885,2.29e-10,1.27e-10,3.18e-12,1.34e-08,2.26e-10
2-8-8,N,116,1583.0648261758,2.38e-10,2.19e-10,6.82e-12,2.47e-08,2.31e-10
2-8-8,N,117,1590.11401963302,2.46e-10,1.51e-10,3.64e-12,7.05e-09,2.43e-10
2-8-8,N,118,1597.57984292942,2.41e-10,1.71e-10,2.27e-12,9.73e-09,2.43e-10
2-8-8,N,119,1631.32276256922,2.60e-10,2.00e-10,2.27e-12,6.30e-09,2.58e-10
2-8-8,N,120,1641.53174681413,2.58e-10,2.58e-10,4.55e-12,1.10e-08,2.62e-10
2-8-8,N,121,1658.9510910458,2.53e-10,4.36e-10,1.21e-11,3.54e-08,2.41e-10
2-8-8,N,122,1672.50382094859,2.47e-10,5.02e-10,7.05e-12,4.29e-08,2.40e-10
2-8-8,N,123,1673.49649207487,2.53e-10,5.16e-10,8.87e-12,1.35e-08,2.44e-10
2-8-8,N,124,1694.95333601305,2.63e-10,4.70e-10,9.32e-12,2.46e-08,2.53e-10
2-8-8,N,125,1709.41612669525,2.79e-10,2.54e-10,2.96e-12,1.37e-08,2.76e-10
2-8-8,N,126,1713.47400260186,2.64e-10,5.44e-10,4.77e-12,3.15e-08,2.59e-10
2-8-8,N,127,1723.97073359787,2.66e-10,5.42e-10,1.82e-12,1.08e-08,2.67e-10
2-8-8,N,128,1745.40698987814,2.88e-10,3.27e-10,1.09e-11,1.11e-08,2.77e-10
2-8-8,N,129,1766.88931355155,2.83e-10,4.96e-10,7.73e-12,1.90e-08,2.75e-10
2-8-8,N,130,1776.14537997261,2.94e-10,4.63e-10,1.05e-11,1.83e-08,2.83e-10
2-8-8,N,131,1792.92883478057,2.68e-10,1.20e-09,2.30e-11,6.04e-08,2.45e-10
2-8-8,N,132,1799.40671534815,2.56e-10,1.10e-09,1.82e-12,3.42e-08,2.55e-10
2-8-8,N,133,1832.12922119313,2.98e-10,7.23e-10,1.34e-11,1.79e-08,2.85e-10
2-8-8,N,134,1853.60687864362,2.80e-10,1.96e-09,1.89e-11,9.44e-08,2.61e-10
2-8-8,N,135,1859.6996601747,2.93e-10,1.05e-09,6.82e-12,3.51e-08,2.86e-10
2-8-8,N,136,1876.65573899081,2.98e-10,9.61e-10,1.96e-11,6.99e-08,2.79e-10
2-8-8,N,137,1885.91992995074,2.95e-10,1.60e-09,9.78e-12,4.11e-08,2.85e-10
2-8-8,N,138,1893.85673660633,3.10e-10,1.23e-09,1.43e-11,2.22e-08,2.96e-10
2-8-8,N,139,1910.8986773682,3.13e-10,1.92e-09,1.75e-11,5.61e-08,2.95e-10
2-8-8,N,140,1928.92246853764,3.10e-10,2.07e-09,1.14e-11,4.71e-08,2.99e-10
2-8-8,N,141,1934.89367491221,3.06e-10,2.95e-09,1.73e-11,5.24e-08,2.89e-10
2-8-8,N,142,1954.14584108845,3.19e-10,2.22e-09,2.07e-11,4.66e-08,2.98e-10
2-8-8,N,143,1972.79869328891,2.90e-10,1.33e-09,2.50e-12,2.58e-08,2.88e-10
2-8-8,N,144,2003.87216297516,3.37e-10,2.93e-09,2.05e-11,5.68e-08,3.17e-10
2-8-8,N,145,2015.41165328655,3.18e-10,1.51e-09,7.96e-12,4.27e-08,3.10e-10
2-8-8,N,146,2018.27190684162,3.06e-10,8.85e-09,8.71e-11,2.28e-07,2.19e-10
2-8-8,N,147,2025.05166402195,3.25e-10,3.63e-09,3.07e-11,1.07e-07,2.94e-10
2-8-8,N,148,2056.6341628224,3.16e-10,2.72e-09,2.00e-11,6.91e-08,2.96e-10
2-8-8,N,149,2065.4972398053,3.45e-10,1.80e-09,2.09e-11,8.47e-08,3.24e-10
2-8-8,N,150,2066.66989273391,3.29e-10,3.69e-09,2.64e-11,1.13e-07,3.03e-10
2-8-8,N,151,2078.56088763416,3.19e-10,3.01e-09,1.18e-11,4.62e-08,3.07e-10
2-8-8,N,152,2105.46906516148,3.39e-10,4.40e-09,1.73e-11,6.56e-08,3.22e-10
2-8-8,N,153,2122.30661014365,3.42e-10,1.19e-08,7.14e-11,1.90e-07,2.71e-10
2-8-8,N,154,2160.49111070259,3.43e-10,9.99e-09,3.73e-11,1.12e-07,3.06e-10
2-8-8,N,155,2160.70550859894,3.53e-10,5.90e-09,2.32e-11,6.71e-08,3.30e-10
2-8-8,N,156,2161.49468125177,3.63e-10,7.12e-09,3.82e-11,1.08e-07,3.25e-10
2-8-8,N,157,2162.64923636452,3.31e-10,6.55e-09,7.55e-11,2.06e-07,2.56e-10
2-8-8,N,158,2163.62254369394,3.67e-10,7.73e-09,5.64e-11,1.62e-07,3.11e-10
2-8-8,N,159,2228.49335128872,3.37e-10,2.35e-08,2.16e-10,4.82e-07,1.21e-10
2-8-8,N,160,2237.74065491332,3.67e-10,1.13e-08,8.00e-11,2.45e-07,2.87e-10
2-8-8,N,161,2252.48295906577,3.69e-10,1.16e-08,2.18e-11,8.78e-08,3.47e-10
2-8-8,N,162,2254.41791408025,3.66e-10,1.25e-08,6.18e-11,1.94e-07,3.04e-10
2-8-8,N,163,2268.80263382112,3.57e-10,7.72e-09,5.28e-11,1.59e-07,3.05e-10
2-8-8,N,164,2284.68351763124,3.82e-10,1.32e-08,7.64e-11,1.99e-07,3.05e-10
2-8-8,N,165,2299.41940402116,3.80e-10,8.67e-09,5.00e-11,1.99e-07,3.30e-10
2-8-8,N,166,2309.49178030163,3.75e-10,1.43e-08,6.05e-11,1.80e-07,3.15e-10
2-8-8,N,167,2311.30088666193,3.88e-10,1.15e-08,9.96e-11,2.90e-07,2.89e-10
2-8-8,N,168,2355.84503415522,3.84e-10,1.61e-08,5.55e-11,1.51e-07,3.29e-10
2-8-8,N,169,2366.37797530591,3.97e-10,4.68e-08,3.22e-10,6.55e-07,7.59e-11
2-8-8,N,170,2379.56698764481,4.19e-10,2.34e-08,1.11e-10,2.62e-07,3.08e-10
2-8-8,N,171,2399.60138616129,3.97e-10,4.66e-08,4.09e-10,8.40e-07,1.27e-11
2-8-8,N,172,2406.83381268247,4.13e-10,1.53e-08,3.05e-11,1.32e-07,3.83e-10
2-8-8,N,173,2413.36139679281,4.23e-10,3.71e-08,2.17e-10,5.39e-07,2.06e-10
2-8-8,N,174,2449.16898288946,3.93e-10,1.77e-08,9.60e-11,2.42e-07,2.97e-10
2-8-8,N,175,2457.07536384684,4.15e-10,1.92e-08,1.13e-10,2.77e-07,3.02e-10
2-8-8,N,176,2465.09180397498,3.87e-10,1.74e-08,5.78e-11,2.55e-07,3.29e-10
2-8-8,N,177,2465.7624591698,4.00e-10,5.14e-08,2.81e-10,7.01e-07,1.20e-10
2-8-8,N,178,2482.22630766987,4.47e-10,1.51e-08,1.00e-10,4.25e-07,3.46e-10
2-8-8,N,179,2506.42188971527,4.72e-10,1.47e-08,4.64e-11,1.23e-07,4.25e-10
2-8-8,N,180,2517.77831486051,4.37e-10,5.66e-08,5.79e-10,1.16e-06,1.42e-10
2-8-8,N,181,2535.70616120527,3.97e-10,4.64e-08,2.74e-10,6.72e-07,1.23e-10
2-8-8,N,182,2552.72794443785,4.42e-10,2.54e-08,7.46e-11,2.73e-07,3.67e-10
2-8-8,N,183,2579.10257328145,4.13e-10,4.26e-08,2.54e-10,6.19e-07,1.59e-10
2-8-8,N,184,2585.25923651646,4.23e-10,7.63e-08,9.15e-10,1.60e-06,4.92e-10
2-8-8,N,185,2600.6715332268,4.28e-10,4.89e-08,1.43e-10,5.13e-07,2.86e-10
2-8-8,N,186,2613.95004813116,4.44e-10,5.83e-08,2.69e-10,5.51e-07,1.76e-10
2-8-8,N,187,2630.26641437411,4.67e-10,4.51e-08,1.45e-10,3.99e-07,3.22e-10
2-8-8,N,188,2649.47966767638,4.64e-10,8.51e-08,9.09e-10,1.63e-06,4.45e-10
2-8-8,N,189,2660.32892111155,4.49e-10,8.94e-08,5.76e-10,1.26e-06,1.27e-10
2-8-8,N,190,2664.24640203378,4.32e-10,1.26e-07,6.12e-10,1.27e-06,1.81e-10
2-8-8,N,191,2691.70402553679,4.14e-10,6.68e-08,2.04e-10,7.79e-07,2.10e-10
2-8-8,N,192,2702.91457666653,4.69e-10,6.71e-08,1.31e-10,4.75e-07,3.38e-10
2-8-8,N,193,2711.60582710634,4.43e-10,3.42e-08,1.01e-10,4.66e-07,3.42e-10
2-8-8,N,194,2745.91863690899,4.98e-10,4.67e-08,4.97e-10,1.14e-06,1.36e-12
2-8-8,N,195,2751.43533716645,4.53e-10,9.38e-08,1.08e-09,1.95e-06,6.28e-10
2-8-8,N,196,2758.98797568279,4.95e-10,4.37e-08,1.06e-10,4.23e-07,3.88e-10
2-8-8,N,197,2792.65990490657,4.87e-10,3.92e-08,9.73e-11,3.93e-07,3.89e-10
2-8-8,N,198,2797.73726323446,5.27e-10,1.33e-07,4.96e-10,1.03e-06,3.09e-11
2-8-8,N,199,2799.87905113192,4.53e-10,1.56e-07,2.46e-09,4.23e-06,2.01e-09
2-8-8,N,200,2834.85045065225,4.66e-10,8.52e-08,1.14e-09,1.95e-06,6.75e-10
2-8-8,N,201,2840.49793617405,5.08e-10,8.10e-08,1.67e-10,6.28e-07,3.41e-10
2-8-8,N,202,2849.29245847706,5.09e-10,1.67e-07,1.71e-09,2.71e-06,1.20e-09
2-8-8,N,203,2871.91998177253,4.89e-10,7.29e-08,1.11e-10,4.80e-07,3.78e-10
2-8-8,N,204,2891.01122531249,4.90e-10,1.64e-07,2.68e-10,8.63e-07,2.21e-10
2-8-8,N,205,2893.72348264235,5.01e-10,1.20e-07,7.19e-10,1.36e-06,2.18e-10
2-8-8,N,206,2920.63555306377,4.86e-10,1.26e-07,2.06e-10,8.07e-07,2.80e-10
2-8-8,N,207,2924.88625708893,4.87e-10,1.23e-07,1.23e-09,2.31e-06,7.38e-10
2-8-8,N,208,2932.43086364013,5.14e-10,1.39e-07,3.76e-10,1.36e-06,1.38e-10
2-8-8,N,209,2952.047022574,4.90e-10,1.76e-07,2.68e-09,4.86e-06,2.19e-09
2-8-8,N,210,2978.93626603447,5.18e-10,1.61e-07,7.03e-10,1.63e-06,1.85e-10
2-8-8,N,211,2985.72946487943,5.35e-10,1.71e-07,7.01e-10,1.78e-06,1.66e-10
2-8-8,N,212,2986.81045207431,5.15e-10,1.44e-07,2.38e-10,7.69e-07,2.77e-10
2-8-8,N,213,3021.92803902408,4.82e-10,1.83e-07,3.83e-09,5.67e-06,3.35e-09
2-8-8,N,214,3034.7164300571,5.34e-10,1.60e-07,8.65e-10,1.58e-06,3.31e-10
2-8-8,N,215,3049.77474080546,4.81e-10,1.58e-07,1.58e-09,2.60e-06,1.10e-09
2-8-8,N,216,3081.18871106396,5.11e-10,1.64e-07,1.29e-09,2.27e-06,7.78e-10
2-8-8,N,217,3092.07653120886,5.44e-10,1.85e-07,3.09e-09,4.90e-06,2.54e-09
2-8-8,N,218,3095.76276230259,5.43e-10,2.06e-07,1.45e-09,2.44e-06,9.05e-10
2-8-8,N,219,3114.31885341152,5.30e-10,2.22e-07,7.38e-10,1.71e-06,2.07e-10
2-8-8,N,220,3115.52939362364,5.14e-10,1.99e-07,1.12e-09,2.66e-06,6.01e-10
2-8-8,N,221,3125.79740152756,5.28e-10,1.87e-07,1.09e-09,2.08e-06,5.65e-10
2-8-8,N,222,3164.81198683778,5.63e-10,3.62e-07,9.36e-10,2.61e-06,3.73e-10
2-8-8,N,223,3167.32500576733,5.63e-10,4.41e-07,7.50e-10,2.32e-06,1.87e-10
2-8-8,N,224,3194.22970402941,5.53e-10,2.38e-07,1.46e-09,2.95e-06,9.12e-10
2-8-8,N,225,3214.38253041404,5.36e-10,5.07e-07,1.16e-09,2.55e-06,6.21e-10
2-8-8,N,226,3220.24127521469,5.13e-10,2.63e-07,2.88e-09,4.56e-06,2.36e-09
2-8-8,N,227,3221.6674243608,5.38e-10,4.64e-07,3.86e-09,5.94e-06,3.33e-09
2-8-8,N,228,3227.85057012991,5.11e-10,2.45e-07,2.11e-09,4.33e-06,1.60e-09
2-8-8,N,229,3264.55819443555,5.65e-10,2.86e-07,7.05e-10,2.17e-06,1.40e-10
2-8-8,N,230,3275.39434627277,4.93e-10,3.60e-07,2.37e-09,3.28e-06,1.88e-09
2-8-8,N,231,3291.50452066766,5.75e-10,2.80e-07,1.54e-09,3.97e-06,9.60e-10
2-8-8,N,232,3294.82878986131,5.50e-10,5.03e-07,6.25e-09,8.76e-06,5.70e-09
2-8-8,N,233,3313.95950822669,5.57e-10,2.93e-07,1.53e-09,3.05e-06,9.71e-10
2-8-8,N,234,3348.84957763334,5.74e-10,5.14e-07,2.33e-09,3.19e-06,1.76e-09
2-8-8,N,235,3349.71528540138,5.63e-10,5.38e-07,3.76e-09,5.41e-06,3.20e-09
2-8-8,N,236,3374.2414914164,5.51e-10,4.10e-07,6.61e-10,1.91e-06,1.10e-10
2-8-8,N,237,3390.99869656146,5.48e-10,4.98e-07,2.12e-09,3.32e-06,1.57e-09
2-8-8,N,238,3395.62564162121,5.75e-10,3.92e-07,2.56e-09,5.07e-06,1.98e-09
2-8-8,N,239,3427.21137846242,5.73e-10,5.77e-07,1.55e-09,3.67e-06,9.75e-10
2-8-8,N,240,3429.08597948702,5.42e-10,7.83e-07,1.74e-09,4.27e-06,1.20e-09
2-8-8,N,241,3434.41692869713,5.95e-10,6.61e-07,4.12e-09,8.20e-06,3.52e-09
2-8-8,N,242,3442.40935371099,6.05e-10,6.69e-07,1.59e-09,3.62e-06,9.82e-10
2-8-8,N,243,3456.41793213018,5.59e-10,5.77e-07,3.31e-09,6.13e-06,2.75e-09
2-8-8,N,244,3482.80131698739,6.05e-10,8.85e-07,2.23e-09,5.24e-06,1.63e-09
2-8-8,N,245,3506.20407025449,5.81e-10,1.33e-06,1.00e-08,1.26e-05,9.46e-09
2-8-8,N,246,3511.12882326872,5.63e-10,9.11e-07,3.32e-09,5.14e-06,2.76e-09
2-8-8,N,247,3518.00526723986,5.93e-10,1.08e-06,3.03e-09,5.95e-06,2.44e-09
2-8-8,N,248,3557.00671160637,5.77e-10,1.61e-06,1.93e-09,4.70e-06,1.35e-09
2-8-8,N,249,3562.38257904712,6.11e-10,7.88e-07,1.46e-09,4.19e-06,8.52e-10
2-8-8,N,250,3584.45647068131,5.74e-10,1.95e-06,1.14e-08,1.09e-05,1.08e-08
2-8-8,N,251,3600.64548715693,5.68e-10,8.52e-07,1.83e-09,4.80e-06,1.27e-09
2-8-8,N,252,3603.25097146182,6.08e-10,8.72e-07,2.59e-09,5.94e-06,1.98e-09
2-8-8,N,253,3629.02856654897,5.59e-10,1.66e-06,7.88e-09,1.05e-05,7.33e-09
2-8-8,N,254,3629.0764154844,5.58e-10,9.26e-07,2.69e-09,5.78e-06,2.14e-09
2-8-8,N,255,3631.4194802043,5.98e-10,1.21e-06,1.85e-09,4.70e-06,1.25e-09
2-8-8,N,256,3692.56484671361,6.15e-10,1.98e-06,9.77e-09,1.58e-05,9.15e-09
2-8-8,N,257,3699.39737487868,5.79e-10,1.47e-06,5.41e-09,9.58e-06,4.83e-09
2-8-8,N,258,3706.95137754051,6.06e-10,9.95e-07,3.44e-09,6.04e-06,2.83e-09
2-8-8,N,259,3711.53100597672,5.98e-10,1.86e-06,3.17e-09,6.47e-06,2.57e-09
2-8-8,N,260,3717.28153321894,6.33e-10,1.51e-06,5.68e-09,9.03e-06,5.05e-09
2-8-8,N,261,3754.36745341993,6.31e-10,2.82e-06,7.11e-09,1.01e-05,6.48e-09
2-8-8,N,262,3772.86429652662,6.43e-10,3.55e-06,4.27e-09,8.73e-06,3.63e-09
2-8-8,N,263,3779.63716433295,6.33e-10,2.96e-06,8.77e-09,1.00e-05,8.14e-09
2-8-8,N,264,3785.80122212695,6.68e-10,1.34e-06,1.53e-09,4.89e-06,8.59e-10
2-8-8,N,265,3800.43471701843,5.58e-10,2.37e-06,4.73e-09,8.87e-06,4.17e-09
2-8-8,N,266,3825.34882079617,6.69e-10,4.27e-06,1.63e-08,2.01e-05,1.56e-08
2-8-8,N,267,3826.38557747218,5.83e-10,3.17e-06,8.86e-09,1.16e-05,8.27e-09
2-8-8,N,268,3840.22869779961,6.13e-10,2.21e-06,4.62e-09,8.82e-06,4.00e-09
2-8-8,N,269,3840.86229273761,6.28e-10,2.93e-06,5.52e-09,6.91e-06,4.90e-09
2-8-8,N,270,3885.04868910863,6.57e-10,3.59e-06,9.62e-09,1.47e-05,8.96e-09
2-8-8,N,271,3889.62008626916,6.10e-10,3.97e-06,1.74e-08,1.76e-05,1.68e-08
2-8-8,N,272,3891.62200499147,6.23e-10,3.11e-06,7.75e-09,1.16e-05,7.12e-09
2-8-8,N,273,3925.50497392771,6.21e-10,3.23e-06,9.27e-09,1.47e-05,8.65e-09
2-8-8,N,274,3955.60181827881,6.83e-10,4.05e-06,2.06e-08,2.24e-05,2.00e-08
2-8-8,N,275,3962.33830436473,6.27e-10,2.74e-06,1.26e-08,1.63e-05,1.20e-08
2-8-8,N,276,3974.14598834154,6.98e-10,2.82e-06,1.14e-08,1.46e-05,1.08e-08
2-8-8,N,277,3986.75501641847,6.44e-10,5.37e-06,1.07e-08,1.52e-05,1.01e-08
2-8-8,N,278,4000.62469389206,6.48e-10,5.86e-06,1.07e-08,1.54e-05,1.00e-08
2-8-8,N,279,4016.85258076294,6.67e-10,3.76e-06,2.24e-08,2.40e-05,2.18e-08
2-8-8,N,280,4035.59117002189,6.40e-10,6.57e-06,1.29e-08,1.51e-05,1.23e-08
2-8-8,N,281,4054.23325072579,6.63e-10,7.87e-06,2.07e-08,2.66e-05,2.00e-08
2-8-8,N,282,4074.59407848019,6.98e-10,3.95e-06,6.78e-09,1.20e-05,6.08e-09
2-8-8,N,283,4078.93818175033,6.26e-10,3.16e-06,5.23e-09,1.02e-05,4.60e-09
2-8-8,N,284,4079.92939620378,6.52e-10,8.73e-06,2.12e-08,2.10e-05,2.05e-08
2-8-8,N,285,4084.26336189158,6.61e-10,6.88e-06,2.63e-08,2.53e-05,2.56e-08
2-8-8,N,286,4125.67967107844,6.70e-10,9.33e-06,1.26e-08,2.00e-05,1.19e-08
2-8-8,N,287,4135.12966529627,6.88e-10,5.27e-06,2.16e-08,2.09e-05,2.09e-08
2-8-8,N,288,4174.01996238,7.39e-10,6.22e-06,4.42e-08,4.04e-05,4.34e-08
2-8-8,N,289,4176.92983065267,7.69e-10,8.81e-06,6.95e-08,5.65e-05,6.88e-08
2-8-8,N,290,4180.22523232823,6.92e-10,1.02e-05,2.08e-08,2.85e-05,2.01e-08
2-8-8,N,291,4191.04337919284,6.15e-10,4.58e-06,1.62e-08,2.12e-05,1.56e-08
2-8-8,N,292,4217.67796143127,7.17e-10,1.15e-05,6.25e-08,5.29e-05,6.18e-08
2-8-8,N,293,4223.14651758027,7.13e-10,8.82e-06,4.65e-08,4.02e-05,4.58e-08
2-8-8,N,294,4241.14971948769,7.09e-10,1.23e-05,5.10e-08,4.25e-05,5.03e-08
2-8-8,N,295,4260.53937990444,6.57e-10,1.30e-05,2.79e-08,3.23e-05,2.73e-08
2-8-8,N,296,4266.95991454254,6.46e-10,8.24e-06,2.34e-08,2.78e-05,2.28e-08
2-8-8,N,297,4299.39516593894,7.33e-10,7.18e-06,3.21e-08,3.31e-05,3.14e-08
2-8-8,N,298,4302.74831396512,7.10e-10,6.64e-06,2.37e-08,2.51e-05,2.29e-08
2-8-8,N,299,4316.37780428057,6.89e-10,6.74e-06,8.55e-09,1.72e-05,7.86e-09
2-8-8,N,300,4334.52049625426,7.23e-10,1.71e-05,5.44e-08,5.00e-05,5.37e-08
2-8-8,N,301,4368.14361659325,7.12e-10,1.70e-05,7.90e-08,6.35e-05,7.83e-08
2-8-8,N,302,4375.27587431368,7.11e-10,7.91e-06,3.46e-08,3.42e-05,3.39e-08
2-8-8,N,303,4376.98618280814,7.44e-10,6.11e-06,2.71e-08,2.98e-05,2.64e-08
2-8-8,N,304,4378.4986411402,8.25e-10,9.92e-06,9.65e-08,7.09e-05,9.57e-08
2-8-8,N,305,4424.92727774128,8.80e-10,3.07e-05,2.42e-07,1.59e-04,2.41e-07
2-8-8,N,306,4438.5661139706,6.97e-10,1.60e-05,7.59e-08,7.02e-05,7.52e-08
2-8-8,N,307,4440.91213557435,7.43e-10,8.90e-06,2.72e-08,2.97e-05,2.64e-08
2-8-8,N,308,4453.96862800183,7.29e-10,9.18e-06,4.70e-08,4.55e-05,4.63e-08
2-8-8,N,309,4456.57798896109,7.04e-10,1.21e-05,5.07e-08,5.14e-05,5.00e-08
2-8-8,N,310,4474.50645642946,7.23e-10,1.02e-05,5.47e-08,5.15e-05,5.40e-08
2-8-8,N,311,4492.86766209389,8.17e-10,1.82e-05,1.32e-07,8.80e-05,1.31e-07
2-8-8,N,312,4528.68069652928,9.53e-10,3.78e-05,2.74e-07,1.71e-04,2.73e-07
2-8-8,N,313,4538.93932463934,7.29e-10,1.35e-05,4.37e-08,5.15e-05,4.29e-08
2-8-8,N,314,4554.75364335908,7.58e-10,1.06e-05,4.18e-08,4.18e-05,4.11e-08
2-8-8,N,315,4564.98939947977,7.94e-10,2.16e-05,1.08e-07,8.68e-05,1.07e-07
2-8-8,N,316,4565.9242407349,8.09e-10,2.12e-05,1.17e-07,8.11e-05,1.17e-07
2-8-8,N,317,4586.06629931709,7.33e-10,2.05e-05,1.30e-07,1.10e-04,1.30e-07
2-8-8,N,318,4593.17061844159,7.38e-10,1.81e-05,8.13e-08,6.96e-05,8.05e-08
2-8-8,N,319,4623.37435298735,1.01e-09,2.35e-05,3.03e-07,1.84e-04,3.02e-07
2-8-8,N,320,4633.71582267327,7.40e-10,1.02e-05,3.55e-08,4.15e-05,3.48e-08
2-8-8,N,321,4660.10666127181,8.07e-10,2.41e-05,1.92e-07,1.33e-04,1.91e-07
2-8-8,N,322,4671.47826072357,8.28e-10,1.96e-05,1.43e-07,1.08e-04,1.42e-07
2-8-8,N,323,4688.33507107561,7.43e-10,2.36e-05,3.27e-08,4.39e-05,3.20e-08
2-8-8,N,324,4696.63287139945,9.18e-10,3.71e-05,2.70e-07,1.69e-04,2.70e-07
2-8-8,N,325,4722.63166461482,1.14e-09,3.36e-05,3.90e-07,2.24e-04,3.89e-07
2-8-8,N,326,4739.8309034734,8.48e-10,2.14e-05,1.19e-07,8.71e-05,1.18e-07
2-8-8,N,327,4755.63213855753,8.80e-10,1.67e-05,1.43e-07,1.02e-04,1.43e-07
2-8-8,N,328,4772.07426290816,8.24e-10,2.32e-05,1.18e-07,9.61e-05,1.18e-07
2-8-8,N,329,4787.66589761532,1.23e-09,5.11e-05,5.90e-07,3.35e-04,5.88e-07
2-8-8,N,330,4802.54994826793,9.16e-10,2.65e-05,2.45e-07,1.68e-04,2.44e-07
2-8-8,N,331,4806.23177760833,1.40e-09,7.49e-05,7.07e-07,3.85e-04,7.05e-07
2-8-8,N,332,4823.24302277938,9.31e-10,4.94e-05,2.59e-07,1.74e-04,2.58e-07
2-8-8,N,333,4840.86582942701,9.78e-10,2.53e-05,2.03e-07,1.25e-04,2.02e-07
2-8-8,N,334,4863.69265354383,8.17e-10,2.84e-05,1.01e-07,8.55e-05,9.99e-08
2-8-8,N,335,4865.20219120643,9.01e-10,3.81e-05,2.28e-07,1.48e-04,2.27e-07
2-8-8,N,336,4865.22921867222,9.14e-10,3.31e-05,2.10e-07,1.38e-04,2.09e-07
2-8-8,N,337,4886.27098934142,7.99e-10,4.08e-05,1.87e-07,1.49e-04,1.86e-07
2-8-8,N,338,4902.81616537641,7.69e-10,1.86e-05,9.86e-08,9.26e-05,9.78e-08
2-8-8,N,339,4908.08253751555,1.13e-09,4.07e-05,4.36e-07,2.51e-04,4.35e-07
2-8-8,N,340,4936.48736333064,9.23e-10,4.18e-05,2.59e-07,1.82e-04,2.58e-07
2-8-8,N,341,4955.96444731714,9.78e-10,3.87e-05,2.92e-07,1.75e-04,2.91e-07
2-8-8,N,342,4990.19026062791,1.14e-09,4.60e-05,4.23e-07,2.36e-04,4.22e-07
2-8-8,N,343,4996.80821873732,1.27e-09,5.38e-05,6.04e-07,3.25e-04,6.02e-07
2-8-8,N,344,5005.04348827278,8.89e-10,3.12e-05,1.70e-07,1.32e-04,1.69e-07
2-8-8,N,345,5007.30845857228,1.19e-09,4.61e-05,4.48e-07,2.46e-04,4.46e-07
2-8-8,N,346,5041.25304599607,2.30e-09,1.04e-04,1.54e-06,7.38e-04,1.53e-06
2-8-8,N,347,5046.33666475899,1.84e-09,7.08e-05,1.11e-06,5.56e-04,1.11e-06
2-8-8,N,348,5048.73039231469,1.17e-09,5.39e-05,4.76e-07,2.63e-04,4.75e-07
2-8-8,N,349,5087.60381219219,1.48e-09,6.27e-05,7.44e-07,3.91e-04,7.42e-07
2-8-8,N,350,5133.53819622445,1.36e-09,6.32e-05,6.08e-07,3.22e-04,6.07e-07
2-8-8,N,351,5136.02867294595,1.23e-09,7.71e-05,5.13e-07,2.80e-04,5.11e-07
2-8-8,N,352,5137.54806192705,1.16e-09,5.09e-05,4.25e-07,2.52e-04,4.24e-07
2-8-8,N,353,5138.45464236452,1.05e-09,6.35e-05,3.60e-07,2.34e-04,3.58e-07
2-8-8,N,354,5146.26539665653,8.84e-10,7.50e-05,2.49e-07,2.09e-04,2.48e-07
2-8-8,N,355,5154.18069715964,1.72e-09,6.79e-05,9.88e-07,5.08e-04,9.86e-07
2-8-8,N,356,5158.54442265808,1.24e-09,6.66e-05,5.56e-07,3.16e-04,5.55e-07
2-8-8,N,357,5199.92018246401,1.03e-09,1.33e-04,4.14e-07,2.70e-04,4.13e-07
2-8-8,N,358,5215.16111527772,8.35e-10,3.96e-05,1.13e-07,1.06e-04,1.12e-07
2-8-8,N,359,5257.64474266001,2.99e-09,1.76e-04,2.11e-06,9.40e-04,2.10e-06
2-8-8,N,360,5265.08609780672,2.00e-09,1.07e-04,1.25e-06,6.29e-04,1.25e-06
2-8-8,N,361,5269.74364460064,2.85e-09,1.23e-04,1.96e-06,8.88e-04,1.96e-06
2-8-8,N,362,5273.05141574717,1.09e-09,6.04e-05,3.86e-07,2.27e-04,3.85e-07
2-8-8,N,363,5282.47687785975,8.86e-10,4.44e-05,1.14e-07,1.22e-04,1.13e-07
2-8-8,N,364,5295.80338986775,1.55e-09,6.22e-05,8.32e-07,4.19e-04,8.30e-07
2-8-8,N,365,5312.15775344198,1.15e-09,7.45e-05,5.26e-07,3.06e-04,5.25e-07
2-8-8,N,366,5341.89371734746,8.41e-10,7.80e-05,1.70e-07,1.42e-04,1.69e-07
2-8-8,N,367,5358.54003100302,1.22e-09,9.41e-05,4.62e-07,3.05e-04,4.61e-07
2-8-8,N,368,5365.2270173438,4.95e-09,2.04e-04,3.76e-06,1.58e-03,3.75e-06
2-8-8,N,369,5384.85070162344,1.31e-09,6.17e-05,5.19e-07,2.86e-04,5.18e-07
2-8-8,N,370,5419.21264431133,3.84e-09,1.84e-04,2.79e-06,1.23e-03,2.79e-06
2-8-8,N,371,5434.49100354211,2.37e-09,8.27e-05,1.56e-06,7.13e-04,1.55e-06
2-8-8,N,372,5436.49192368238,3.07e-09,1.19e-04,2.03e-06,9.00e-04,2.03e-06
2-8-8,N,373,5441.7075409948,2.71e-09,1.33e-04,1.75e-06,7.90e-04,1.75e-06
2-8-8,N,374,5487.44900180394,2.13e-09,1.50e-04,1.36e-06,6.80e-04,1.36e-06
2-8-8,N,375,5495.70002120899,1.40e-09,2.12e-04,7.89e-07,4.65e-04,7.87e-07
2-8-8,N,376,5496.71719440264,1.50e-09,1.20e-04,7.05e-07,3.87e-04,7.04e-07
2-8-8,N,377,5508.6799943246,2.12e-09,1.08e-04,1.29e-06,6.22e-04,1.29e-06
2-8-8,N,378,5511.73617871991,1.14e-09,1.25e-04,4.74e-07,3.11e-04,4.73e-07
2-8-8,N,379,5521.07620095453,3.06e-09,1.64e-04,2.18e-06,9.54e-04,2.17e-06
2-8-8,N,380,5554.49241169859,1.04e-09,9.88e-05,2.66e-07,1.88e-04,2.65e-07
2-8-8,N,381,5558.61163235091,1.46e-09,1.06e-04,7.39e-07,4.21e-04,7.38e-07
2-8-8,N,382,5561.69263121367,1.59e-09,1.30e-04,7.26e-07,3.94e-04,7.24e-07
2-8-8,N,383,5582.57034720593,1.10e-09,1.31e-04,4.76e-07,3.12e-04,4.74e-07
2-8-8,N,384,5628.09169257339,8.47e-09,3.22e-04,6.58e-06,2.54e-03,6.57e-06
2-8-8,N,385,5648.94319507291,5.07e-09,1.91e-04,3.69e-06,1.48e-03,3.69e-06
2-8-8,N,386,5650.97222818495,3.11e-09,2.58e-04,2.11e-06,9.19e-04,2.11e-06
2-8-8,N,387,5654.69568083552,1.25e-09,9.79e-05,5.92e-07,3.56e-04,5.90e-07
2-8-8,N,388,5655.70704005966,3.48e-09,1.05e-04,2.33e-06,1.01e-03,2.33e-06
2-8-8,N,389,5700.74295031132,8.18e-09,2.54e-04,6.12e-06,2.33e-03,6.11e-06
2-8-8,N,390,5712.17772436589,1.88e-09,1.56e-04,9.76e-07,4.85e-04,9.75e-07
2-8-8,N,391,5720.79919271208,3.02e-09,2.63e-04,2.09e-06,9.62e-04,2.08e-06
2-8-8,N,392,5746.17201325991,1.98e-09,1.44e-04,1.17e-06,6.29e-04,1.16e-06
2-8-8,N,393,5751.35263630358,6.99e-09,2.69e-04,5.22e-06,2.10e-03,5.22e-06
2-8-8,N,394,5765.67008049943,3.63e-09,1.88e-04,2.37e-06,9.98e-04,2.37e-06
2-8-8,N,395,5779.07454886259,4.12e-09,2.22e-04,2.92e-06,1.24e-03,2.92e-06
2-8-8,N,396,5800.94456757315,8.31e-10,1.83e-04,2.80e-07,2.62e-04,2.79e-07
2-8-8,N,397,5807.41645844453,2.34e-09,2.47e-04,1.52e-06,6.97e-04,1.51e-06
2-8-8,N,398,5826.1245656124,1.69e-09,1.46e-04,8.41e-07,4.26e-04,8.39e-07
2-8-8,N,399,5858.234988917,1.71e-09,1.32e-04,8.68e-07,4.46e-04,8.67e-07
2-8-8,N,400,5860.22496963856,2.65e-09,3.31e-04,1.83e-06,8.61e-04,1.83e-06
2-8-8,N,401,5862.23962272613,6.08e-09,2.79e-04,4.52e-06,1.80e-03,4.52e-06
2-8-8,N,402,5897.33610801574,6.40e-09,3.09e-04,4.71e-06,1.88e-03,4.70e-06
2-8-8,N,403,5902.44142891273,3.89e-09,3.75e-04,2.79e-06,1.24e-03,2.79e-06
2-8-8,N,404,5920.9669688529,1.05e-08,3.15e-04,7.65e-06,2.77e-03,7.64e-06
2-8-8,N,405,5946.67022734823,1.13e-08,4.13e-04,8.46e-06,3.12e-03,8.45e-06
2-8-8,N,406,5947.97200988498,9.62e-10,1.61e-04,2.47e-07,2.79e-04,2.47e-07
2-8-8,N,407,5973.22976613414,4.43e-09,2.88e-04,2.94e-06,1.19e-03,2.93e-06
2-8-8,N,408,5990.3684590232,5.77e-09,3.87e-04,4.12e-06,1.69e-03,4.12e-06
2-8-8,N,409,6008.69325333546,7.96e-09,1.93e-04,5.42e-06,1.92e-03,5.41e-06
2-8-8,N,410,6011.24263754886,8.90e-10,1.92e-04,3.65e-07,3.33e-04,3.64e-07
2-8-8,N,411,6040.61014281072,4.56e-09,2.79e-04,3.15e-06,1.30e-03,3.15e-06
2-8-8,N,412,6050.86547265557,1.21e-08,3.17e-04,8.46e-06,2.93e-03,8.45e-06
2-8-8,N,413,6063.20872158678,1.24e-08,3.25e-04,8.96e-06,3.16e-03,8.94e-06
2-8-8,N,414,6077.74053394617,7.07e-09,4.68e-04,4.92e-06,1.90e-03,4.91e-06
2-8-8,N,415,6088.04319700155,1.97e-09,2.96e-04,1.14e-06,6.13e-04,1.13e-06
2-8-8,N,416,6098.55879413813,4.55e-09,2.02e-04,3.17e-06,1.29e-03,3.16e-06
2-8-8,N,417,6109.42021302096,3.25e-09,5.16e-04,2.29e-06,1.13e-03,2.29e-06
2-8-8,N,418,6111.72623213511,3.59e-09,3.99e-04,2.53e-06,1.22e-03,2.53e-06
2-8-8,N,419,6146.50369228366,2.35e-09,2.07e-04,1.48e-06,7.02e-04,1.48e-06
2-8-8,N,420,6178.59821563075,1.31e-08,3.40e-04,9.65e-06,3.43e-03,9.63e-06
2-8-8,N,421,6187.74792563249,1.18e-08,3.93e-04,8.17e-06,2.84e-03,8.16e-06
2-8-8,N,422,6191.18615068181,8.09e-09,3.81e-04,5.53e-06,2.07e-03,5.53e-06
2-8-8,N,423,6207.60516929305,7.87e-09,3.69e-04,5.67e-06,2.11e-03,5.66e-06
2-8-8,N,424,6208.38623361289,6.31e-09,3.50e-04,4.39e-06,1.72e-03,4.38e-06
2-8-8,N,425,6237.24321029544,8.03e-10,3.32e-04,4.07e-07,4.31e-04,4.06e-07
2-8-8,N,426,6266.623964563,8.52e-09,4.03e-04,5.85e-06,2.14e-03,5.84e-06
2-8-8,N,427,6269.43356206117,1.05e-08,4.55e-04,7.30e-06,2.63e-03,7.29e-06
2-8-8,N,428,6304.64114139221,6.88e-09,3.93e-04,5.01e-06,1.97e-03,5.00e-06
2-8-8,N,429,6310.76453605221,9.48e-09,2.15e-04,6.21e-06,2.12e-03,6.20e-06
2-8-8,N,430,6320.17801647343,5.04e-09,3.71e-04,3.37e-06,1.41e-03,3.37e-06
2-8-8,N,431,6339.81653712355,1.13e-08,4.11e-04,7.86e-06,2.95e-03,7.84e-06
2-8-8,N,432,6357.78864573196,2.53e-08,5.65e-04,1.71e-05,5.44e-03,1.71e-05
2-8-8,N,433,6358.83067017798,1.91e-08,4.76e-04,1.27e-05,4.13e-03,1.27e-05
2-8-8,N,434,6379.42553975245,3.10e-09,3.42e-04,2.11e-06,1.06e-03,2.10e-06
2-8-8,N,435,6390.07502446243,1.60e-08,6.81e-04,1.05e-05,3.40e-03,1.04e-05
2-8-8,N,436,6407.81385515756,6.16e-09,4.67e-04,4.13e-06,1.63e-03,4.12e-06
2-8-8,N,437,6422.51110024504,2.21e-09,3.99e-04,1.62e-06,8.93e-04,1.61e-06
2-8-8,N,438,6434.41077169765,7.22e-09,3.30e-04,4.67e-06,1.74e-03,4.67e-06
2-8-8,N,439,6453.64188068765,3.32e-08,9.43e-04,2.25e-05,7.20e-03,2.25e-05
2-8-8,N,440,6479.33619074281,2.82e-09,4.28e-04,2.27e-06,1.26e-03,2.27e-06
2-8-8,N,441,6488.93575772529,7.01e-09,4.41e-04,4.98e-06,1.93e-03,4.97e-06
2-8-8,N,442,6512.80387647231,2.38e-08,5.54e-04,1.55e-05,4.67e-03,1.54e-05
2-8-8,N,443,6512.81855371721,7.27e-09,6.94e-04,5.38e-06,2.43e-03,5.37e-06
2-8-8,N,444,6542.14183449432,1.21e-08,6.99e-04,8.14e-06,2.85e-03,8.13e-06
2-8-8,N,445,6554.16327443565,4.41e-09,2.48e-04,2.87e-06,1.22e-03,2.87e-06
2-8-8,N,446,6556.58834754175,1.10e-09,3.93e-04,8.64e-07,7.32e-04,8.63e-07
2-8-8,N,447,6570.9783070173,2.08e-08,5.36e-04,1.36e-05,4.30e-03,1.36e-05
2-8-8,N,448,6604.62472394258,8.69e-09,6.42e-04,5.80e-06,2.13e-03,5.79e-06
2-8-8,N,449,6618.495048634,5.22e-09,4.71e-04,3.20e-06,1.27e-03,3.20e-06
2-8-8,N,450,6623.83663738012,7.65e-09,3.77e-04,5.36e-06,2.10e-03,5.35e-06
2-8-8,N,451,6648.21819871682,2.63e-08,7.31e-04,1.64e-05,5.00e-03,1.64e-05
2-8-8,N,452,6654.32327329538,2.80e-08,4.71e-04,1.76e-05,5.21e-03,1.76e-05
2-8-8,N,453,6656.2963867129,3.10e-08,6.52e-04,2.03e-05,6.24e-03,2.02e-05
2-8-8,N,454,6679.44962541336,2.27e-08,8.33e-04,1.43e-05,4.44e-03,1.43e-05
2-8-8,N,455,6736.60107273942,4.03e-08,9.16e-04,2.45e-05,7.05e-03,2.44e-05
2-8-8,N,456,6748.55084770277,1.26e-08,1.31e-03,8.22e-06,3.03e-03,8.21e-06
2-8-8,N,457,6754.90401306401,1.54e-08,1.13e-03,1.01e-05,3.39e-03,1.01e-05
2-8-8,N,458,6755.04297395005,7.30e-09,6.04e-04,4.93e-06,2.02e-03,4.92e-06
2-8-8,N,459,6766.43205734064,6.36e-09,1.36e-03,5.08e-06,2.43e-03,5.07e-06
2-8-8,N,460,6772.48972413259,2.43e-08,7.18e-04,1.53e-05,4.77e-03,1.52e-05
2-8-8,N,461,6774.16203409833,3.43e-08,7.20e-04,2.07e-05,5.97e-03,2.07e-05
2-8-8,N,462,6783.44151796458,3.71e-09,5.98e-04,2.81e-06,1.38e-03,2.81e-06
2-8-8,N,463,6805.47529829052,1.46e-08,6.11e-04,8.71e-06,2.89e-03,8.70e-06
2-8-8,N,464,6819.57899835467,1.27e-08,7.82e-04,7.53e-06,2.46e-03,7.52e-06
2-8-8,N,465,6853.97247673041,3.62e-08,9.92e-04,2.42e-05,7.67e-03,2.41e-05
2-8-8,N,466,6893.11253498888,1.46e-08,1.06e-03,9.18e-06,3.04e-03,9.17e-06
2-8-8,N,467,6902.56170076837,1.65e-08,8.42e-04,1.00e-05,3.08e-03,9.99e-06
2-8-8,N,468,6903.75705923916,2.22e-09,5.39e-04,1.59e-06,1.00e-03,1.59e-06
2-8-8,N,469,6905.65717611377,3.34e-08,1.34e-03,2.00e-05,5.92e-03,2.00e-05
2-8-8,N,470,6935.81211671536,4.90e-08,1.30e-03,2.84e-05,8.00e-03,2.84e-05
2-8-8,N,471,6947.44416424264,2.63e-08,1.00e-03,1.51e-05,4.40e-03,1.51e-05
2-8-8,N,472,6962.17892362178,3.15e-08,8.09e-04,1.96e-05,5.84e-03,1.96e-05
2-8-8,N,473,6971.65732918138,8.62e-09,7.71e-04,5.83e-06,2.25e-03,5.82e-06
2-8-8,N,474,6994.36229644353,1.00e-09,8.52e-04,1.17e-06,1.08e-03,1.16e-06
2-8-8,N,475,6997.31201962274,2.91e-09,7.71e-04,2.32e-06,1.44e-03,2.31e-06
2-8-8,N,476,7019.05077569567,2.28e-08,8.71e-04,1.27e-05,3.91e-03,1.26e-05
2-8-8,N,477,7039.05852423293,5.22e-08,1.03e-03,3.00e-05,8.14e-03,2.99e-05
2-8-8,N,478,7052.38607982035,1.11e-07,2.31e-03,6.29e-05,1.62e-02,6.28e-05
2-8-8,N,479,7083.4650876129,3.02e-08,1.33e-03,1.85e-05,5.58e-03,1.85e-05
2-8-8,N,480,7098.05765347226,2.04e-08,1.24e-03,1.19e-05,3.78e-03,1.19e-05
2-8-8,N,481,7115.87109836066,1.79e-09,1.44e-03,1.81e-06,1.27e-03,1.81e-06
2-8-8,N,482,7132.36305023061,5.15e-08,1.46e-03,2.81e-05,7.73e-03,2.80e-05
2-8-8,N,483,7135.16309619171,3.39e-09,1.18e-03,3.09e-06,1.74e-03,3.09e-06
2-8-8,N,484,7141.44199712431,1.54e-08,1.40e-03,1.03e-05,3.88e-03,1.03e-05
2-8-8,N,485,7163.51741297816,7.24e-08,2.06e-03,3.89e-05,9.99e-03,3.88e-05
2-8-8,N,486,7165.99178770671,1.19e-07,2.07e-03,6.43e-05,1.61e-02,6.42e-05
2-8-8,N,487,7207.84485230436,1.58e-08,1.75e-03,1.00e-05,3.62e-03,9.99e-06
2-8-8,N,488,7216.1757554998,5.67e-09,1.06e-03,4.44e-06,2.13e-03,4.43e-06
2-8-8,N,489,7217.76457800579,9.32e-09,1.51e-03,6.12e-06,2.47e-03,6.11e-06
2-8-8,N,490,7218.02676446008,2.29e-08,2.24e-03,1.36e-05,4.51e-03,1.35e-05
2-8-8,N,491,7237.32560262071,9.08e-09,9.87e-04,7.21e-06,3.21e-03,7.20e-06
2-8-8,N,492,7270.99176097338,9.20e-08,1.69e-03,4.91e-05,1.21e-02,4.90e-05
2-8-8,N,493,7274.90209509655,4.85e-08,1.68e-03,2.60e-05,6.84e-03,2.59e-05
2-8-8,N,494,7308.03711177653,1.52e-08,2.53e-03,1.01e-05,3.80e-03,1.01e-05
2-8-8,N,495,7323.5395304647,5.34e-08,3.21e-03,2.67e-05,7.03e-03,2.66e-05
2-8-8,N,496,7344.00293993617,2.24e-08,2.03e-03,1.31e-05,4.30e-03,1.31e-05
2-8-8,N,497,7344.46288480485,3.91e-08,2.14e-03,2.44e-05,7.53e-03,2.44e-05
2-8-8,N,498,7387.33644762796,3.55e-08,1.73e-03,1.92e-05,5.49e-03,1.91e-05
2-8-8,N,499,7389.18043942946,2.02e-08,1.58e-03,1.05e-05,3.14e-03,1.05e-05
2-8-8,N,500,7400.91903961344,2.83e-08,2.33e-03,1.38e-05,4.32e-03,1.37e-05
2-8-8,N,501,7415.93275810168,1.40e-07,2.53e-03,7.33e-05,1.75e-02,7.31e-05
2-8-8,N,502,7427.58909671428,2.14e-07,2.94e-03,1.06e-04,2.39e-02,1.06e-04
2-8-8,N,503,7442.26171897358,4.16e-08,1.46e-03,2.18e-05,5.92e-03,2.18e-05
2-8-8,N,504,7453.5449857101,3.74e-09,1.15e-03,3.62e-06,2.22e-03,3.62e-06
2-8-8,N,505,7478.17345621761,3.11e-08,2.63e-03,1.52e-05,4.54e-03,1.52e-05
2-8-8,N,506,7482.77821336747,3.72e-08,2.08e-03,2.07e-05,5.92e-03,2.07e-05
2-8-8,N,507,7493.73081392673,5.74e-09,1.75e-03,5.93e-06,3.10e-03,5.93e-06
2-8-8,N,508,7501.4792675361,6.50e-08,1.85e-03,3.33e-05,8.38e-03,3.32e-05
2-8-8,N,509,7532.82664823028,9.19e-08,2.04e-03,4.68e-05,1.12e-02,4.67e-05
2-8-8,N,510,7533.96618136793,2.11e-07,3.66e-03,1.01e-04,2.27e-02,1.01e-04
2-8-8,N,511,7558.83755063375,1.50e-08,2.47e-03,9.30e-06,3.80e-03,9.28e-06
2-8-8,N,512,7597.23197928069,3.78e-08,4.28e-03,1.85e-05,5.64e-03,1.85e-05
2-8-8,N,513,7597.76127572933,6.22e-08,2.35e-03,3.23e-05,8.20e-03,3.23e-05
2-8-8,N,514,7601.71349272837,5.15e-08,3.34e-03,2.56e-05,7.05e-03,2.55e-05
2-8-8,N,515,7613.14882690765,2.77e-08,3.46e-03,1.70e-05,5.58e-03,1.70e-05
2-8-8,N,516,7627.45196463078,4.33e-08,4.84e-03,2.65e-05,8.20e-03,2.65e-05
2-8-8,N,517,7651.34109634466,6.18e-08,2.46e-03,2.86e-05,7.18e-03,2.85e-05
2-8-8,N,518,7667.07361353611,1.35e-07,2.69e-03,6.03e-05,1.35e-02,6.02e-05
2-8-8,N,519,7692.18768760599,1.05e-07,2.90e-03,5.16e-05,1.24e-02,5.15e-05
2-8-8,N,520,7697.73537150881,6.47e-08,2.07e-03,3.04e-05,7.75e-03,3.04e-05
2-8-8,N,521,7713.28536964666,8.89e-08,5.49e-03,4.00e-05,1.02e-02,3.99e-05
2-8-8,N,522,7744.44290222852,2.50e-08,3.12e-03,1.40e-05,4.60e-03,1.40e-05
2-8-8,N,523,7748.76021599704,5.68e-08,5.45e-03,3.00e-05,7.88e-03,2.99e-05
2-8-8,N,524,7765.17380495134,1.38e-08,2.09e-03,9.57e-06,4.24e-03,9.56e-06
2-8-8,N,525,7781.80086806847,4.17e-07,4.02e-03,1.92e-04,3.94e-02,1.91e-04
2-8-8,N,526,7785.76717952089,2.43e-08,3.21e-03,1.08e-05,3.54e-03,1.08e-05
2-8-8,N,527,7789.73697181221,9.89e-08,2.74e-03,4.76e-05,1.13e-02,4.75e-05
2-8-8,N,528,7840.18007519633,9.33e-08,3.91e-03,4.73e-05,1.17e-02,4.73e-05
2-8-8,N,529,7849.38312528635,2.86e-07,5.79e-03,1.24e-04,2.59e-02,1.24e-04
2-8-8,N,530,7854.13135144392,6.50e-08,2.60e-03,3.29e-05,8.78e-03,3.28e-05
2-8-8,N,531,7857.81115786993,3.19e-08,3.36e-03,1.82e-05,5.93e-03,1.81e-05
2-8-8,N,532,7892.12883646597,3.22e-07,6.12e-03,1.41e-04,2.84e-02,1.41e-04
2-8-8,N,533,7906.05406627845,2.64e-08,2.47e-03,1.38e-05,4.69e-03,1.37e-05
2-8-8,N,534,7930.67832841116,1.92e-07,5.51e-03,7.84e-05,1.63e-02,7.82e-05
2-8-8,N,535,7935.45648914715,8.90e-08,6.82e-03,4.75e-05,1.25e-02,4.74e-05
2-8-8,N,536,7952.41793480821,2.80e-08,4.66e-03,1.44e-05,4.66e-03,1.44e-05
2-8-8,N,537,7957.14501412005,1.58e-07,4.94e-03,6.50e-05,1.37e-02,6.48e-05
2-8-8,N,538,7980.26583297566,2.42e-07,5.04e-03,9.75e-05,1.91e-02,9.73e-05
2-8-8,N,539,8007.90593617751,2.92e-08,3.48e-03,1.70e-05,6.30e-03,1.70e-05
2-8-8,N,540,8010.66715623211,9.33e-08,7.18e-03,4.68e-05,1.17e-02,4.67e-05
2-8-8,N,541,8012.93796307909,3.95e-08,2.45e-03,1.85e-05,5.53e-03,1.84e-05
2-8-8,N,542,8034.76275470159,6.13e-08,5.93e-03,2.46e-05,6.60e-03,2.46e-05
2-8-8,N,543,8065.92168741025,1.93e-07,4.44e-03,8.86e-05,1.86e-02,8.84e-05
2-8-8,N,544,8076.53841122873,3.27e-07,6.32e-03,1.34e-04,2.63e-02,1.34e-04
2-8-8,N,545,8093.00724376036,1.45e-07,4.13e-03,6.37e-05,1.43e-02,6.35e-05
2-8-8,N,546,8108.38089376129,9.94e-08,5.30e-03,4.00e-05,9.27e-03,3.99e-05
2-8-8,N,547,8110.24853857433,2.73e-07,1.13e-02,1.19e-04,2.50e-02,1.18e-04
2-8-8,N,548,8114.2231119588,2.14e-08,5.13e-03,1.65e-05,6.36e-03,1.64e-05
2-8-8,N,549,8160.94644446608,2.37e-07,5.44e-03,9.84e-05,2.03e-02,9.82e-05
2-8-8,N,550,8176.3951840937,2.30e-07,4.31e-03,9.91e-05,2.03e-02,9.88e-05
2-8-8,N,551,8177.05036222413,5.06e-08,6.57e-03,2.38e-05,7.47e-03,2.37e-05
2-8-8,N,552,8182.46241193242,3.30e-07,6.63e-03,1.42e-04,2.83e-02,1.41e-04
2-8-8,N,553,8183.29440034319,4.99e-08,3.48e-03,2.77e-05,8.04e-03,2.76e-05
2-8-8,N,554,8250.39287604311,1.59e-07,9.49e-03,6.00e-05,1.29e-02,5.98e-05
2-8-8,N,555,8250.53067033892,2.45e-08,5.01e-03,1.16e-05,4.24e-03,1.16e-05
2-8-8,N,556,8253.15063511332,8.01e-07,1.03e-02,3.12e-04,5.62e-02,3.11e-04
2-8-8,N,557,8259.60274718677,1.19e-07,6.53e-03,5.46e-05,1.35e-02,5.45e-05
2-8-8,N,558,8268.67500865441,1.87e-08,4.17e-03,1.75e-05,7.02e-03,1.74e-05
2-8-8,N,559,8284.1594368704,9.25e-07,8.33e-03,3.51e-04,6.11e-02,3.50e-04
2-8-8,N,560,8324.78729528304,4.20e-08,5.34e-03,2.41e-05,7.57e-03,2.41e-05
2-8-8,N,561,8327.06509110856,2.26e-07,9.95e-03,8.47e-05,1.79e-02,8.45e-05
2-8-8,N,562,8339.41656535464,1.82e-07,5.66e-03,7.78e-05,1.61e-02,7.77e-05
2-8-8,N,563,8376.30062054382,8.64e-08,9.91e-03,3.94e-05,1.09e-02,3.93e-05
2-8-8,N,564,8392.77717598474,1.27e-07,5.47e-03,5.52e-05,1.22e-02,5.51e-05
2-8-8,N,565,8411.77155143813,3.91e-07,5.63e-03,1.52e-04,2.84e-02,1.52e-04
2-8-8,N,566,8430.08617893922,2.33e-07,9.76e-03,7.65e-05,1.49e-02,7.63e-05
2-8-8,N,567,8434.40825037091,2.64e-07,7.00e-03,1.11e-04,2.23e-02,1.11e-04
2-8-8,N,568,8437.27411442787,5.69e-08,5.56e-03,3.00e-05,9.23e-03,2.99e-05
2-8-8,N,569,8447.94763243865,4.59e-07,8.01e-03,1.81e-04,1.73e-02,1.81e-04
2-8-8,N,570,8447.9657157759,2.79e-07,6.15e-03,1.09e-04,3.73e-02,1.08e-04
2-8-8,N,571,8452.00548454054,2.72e-07,1.30e-02,8.65e-05,1.60e-02,8.63e-05
2-8-8,N,572,8519.45543574278,2.47e-07,1.16e-02,8.53e-05,1.69e-02,8.51e-05
2-8-8,N,573,8535.1513571623,1.79e-07,7.56e-03,7.53e-05,1.57e-02,7.51e-05
2-8-8,N,574,8553.8251402483,6.12e-08,1.14e-02,2.78e-05,7.87e-03,2.77e-05
2-8-8,N,575,8555.05438639708,1.68e-07,5.00e-03,6.94e-05,1.50e-02,6.92e-05
2-8-8,N,576,8556.17033997938,6.07e-07,1.35e-02,2.31e-04,4.21e-02,2.31e-04
2-8-8,N,577,8578.33595633819,1.42e-07,6.28e-03,5.17e-05,1.15e-02,5.15e-05
2-8-8,N,578,8588.77512220511,7.99e-07,1.03e-02,3.06e-04,5.35e-02,3.06e-04
2-8-8,N,579,8602.02084839112,1.26e-06,1.02e-02,4.66e-04,7.66e-02,4.64e-04
2-8-8,N,580,8622.24461248513,4.07e-07,9.62e-03,1.59e-04,3.02e-02,1.59e-04
2-8-8,N,581,8623.26894575963,1.62e-07,7.01e-03,7.05e-05,1.59e-02,7.03e-05
2-8-8,N,582,8639.50584831049,2.93e-07,9.88e-03,1.22e-04,2.50e-02,1.22e-04
2-8-8,N,583,8667.13347753344,5.21e-07,7.67e-03,2.00e-04,3.69e-02,1.99e-04
2-8-8,N,584,8675.46403969471,1.08e-07,1.43e-02,5.52e-05,1.54e-02,5.51e-05
2-8-8,N,585,8715.27584168981,4.53e-07,1.65e-02,1.43e-04,2.51e-02,1.42e-04
2-8-8,N,586,8719.30066266025,2.40e-07,1.11e-02,7.91e-05,1.54e-02,7.89e-05
2-8-8,N,587,8725.05226924812,1.73e-07,8.16e-03,6.67e-05,1.53e-02,6.65e-05
2-8-8,N,588,8757.85049866114,1.54e-06,1.79e-02,5.07e-04,7.75e-02,5.06e-04
2-8-8,N,589,8779.78411111453,7.85e-08,8.85e-03,3.48e-05,9.73e-03,3.47e-05
2-8-8,N,590,8786.70056345195,6.71e-07,1.26e-02,2.09e-04,3.32e-02,2.09e-04
2-8-8,N,591,8793.21021314096,5.76e-07,1.38e-02,2.14e-04,3.73e-02,2.14e-04
2-8-8,N,592,8830.30022651504,7.77e-08,8.06e-03,4.36e-05,1.30e-02,4.36e-05
2-8-8,N,593,8844.16730039804,9.32e-07,1.82e-02,3.22e-04,5.28e-02,3.22e-04
2-8-8,N,594,8849.54483548612,6.64e-07,8.37e-03,2.36e-04,3.89e-02,2.36e-04
2-8-8,N,595,8865.8059136532,1.61e-07,1.02e-02,6.64e-05,1.61e-02,6.62e-05
2-8-8,N,596,8867.80176523734,2.27e-07,8.81e-03,8.76e-05,1.87e-02,8.74e-05
2-8-8,N,597,8889.37036562374,2.39e-08,1.16e-02,2.40e-05,9.56e-03,2.40e-05
2-8-8,N,598,8894.38070498603,7.36e-07,1.12e-02,2.47e-04,4.01e-02,2.46e-04
2-8-8,N,599,8926.8738845822,5.70e-07,1.22e-02,2.09e-04,3.75e-02,2.09e-04
2-8-8,N,600,8939.30778890551,3.90e-07,1.34e-02,1.29e-04,2.40e-02,1.28e-04
2-8-8,N,601,8948.56194053313,1.34e-07,9.11e-03,6.67e-05,1.71e-02,6.66e-05
2-8-8,N,602,8965.22870345956,1.75e-07,1.01e-02,6.96e-05,1.74e-02,6.94e-05
2-8-8,N,603,8973.53451689717,1.35e-06,1.25e-02,4.62e-04,7.21e-02,4.61e-04
2-8-8,N,604,9005.60488906023,1.52e-07,1.23e-02,6.94e-05,1.69e-02,6.93e-05
2-8-8,N,605,9011.8996884703,3.31e-07,2.07e-02,1.35e-04,2.82e-02,1.34e-04
2-8-8,N,606,9013.56914588414,4.87e-07,8.30e-03,1.75e-04,3.07e-02,1.75e-04
2-8-8,N,607,9014.60572742603,3.99e-07,1.84e-02,1.58e-04,3.22e-02,1.58e-04
2-8-8,N,608,9047.13585200346,3.15e-06,2.35e-02,1.00e-03,1.43e-01,1.00e-03
2-8-8,N,609,9086.37387153039,2.02e-06,2.11e-02,6.21e-04,8.83e-02,6.19e-04
2-8-8,N,610,9088.25975395278,4.57e-08,9.88e-03,3.74e-05,1.32e-02,3.73e-05
2-8-8,N,611,9103.55375923878,1.89e-07,1.35e-02,7.39e-05,1.85e-02,7.37e-05
2-8-8,N,612,9125.32479426819,1.13e-07,9.72e-03,5.28e-05,1.48e-02,5.27e-05
2-8-8,N,613,9138.59179942864,8.95e-07,2.05e-02,2.84e-04,4.58e-02,2.83e-04
2-8-8,N,614,9149.77921126984,1.01e-06,1.40e-02,3.21e-04,5.03e-02,3.20e-04
2-8-8,N,615,9161.79010312889,8.62e-07,1.27e-02,2.89e-04,4.59e-02,2.88e-04
2-8-8,N,616,9166.33698417887,2.92e-07,1.46e-02,1.23e-04,2.77e-02,1.23e-04
2-8-8,N,617,9173.43330869911,3.23e-07,1.03e-02,1.18e-04,2.27e-02,1.18e-04
2-8-8,N,618,9193.86218044451,5.80e-07,1.39e-02,1.89e-04,3.12e-02,1.89e-04
2-8-8,N,619,9230.8429887461,6.52e-07,1.59e-02,2.05e-04,3.54e-02,2.04e-04
2-8-8,N,620,9252.81922255355,1.74e-07,1.36e-02,8.54e-05,2.26e-02,8.53e-05
2-8-8,N,621,9258.23770120822,3.99e-07,1.44e-02,1.33e-04,2.68e-02,1.33e-04
2-8-8,N,622,9286.09558936809,2.92e-06,1.68e-02,8.65e-04,1.16e-01,8.62e-04
2-8-8,N,623,9293.68681591555,4.32e-07,1.62e-02,1.45e-04,2.63e-02,1.45e-04
2-8-8,N,624,9306.18215875848,9.76e-07,2.42e-02,3.43e-04,5.87e-02,3.42e-04
2-8-8,N,625,9313.89172571361,6.17e-07,1.54e-02,2.02e-04,3.63e-02,2.02e-04
2-8-8,N,626,9329.54773885849,2.99e-07,1.58e-02,1.21e-04,2.56e-02,1.21e-04
2-8-8,N,627,9332.32229000873,6.01e-07,1.35e-02,1.98e-04,3.40e-02,1.97e-04
2-8-8,N,628,9391.77606776911,6.80e-07,2.13e-02,2.49e-04,4.54e-02,2.49e-04
2-8-8,N,629,9400.10893732846,2.12e-06,1.60e-02,6.45e-04,8.95e-02,6.42e-04
2-8-8,N,630,9421.41382933065,5.82e-07,1.25e-02,1.95e-04,3.28e-02,1.94e-04
2-8-8,N,631,9425.74288656671,2.85e-06,1.82e-02,8.47e-04,1.14e-01,8.44e-04
2-8-8,N,632,9427.36238951542,4.27e-07,2.07e-02,2.00e-04,4.47e-02,2.00e-04
2-8-8,N,633,9443.8127589379,3.89e-07,1.68e-02,1.43e-04,3.04e-02,1.43e-04
2-8-8,N,634,9448.06415923051,4.49e-08,2.62e-02,3.35e-05,1.20e-02,3.35e-05
2-8-8,N,635,9461.44412239898,2.18e-06,2.04e-02,6.24e-04,8.52e-02,6.22e-04
2-8-8,N,636,9494.25856494338,2.28e-06,1.59e-02,6.94e-04,9.56e-02,6.92e-04
2-8-8,N,637,9505.33893026959,2.37e-07,2.59e-02,1.04e-04,2.41e-02,1.04e-04
2-8-8,N,638,9526.92897360446,3.96e-07,1.24e-02,1.54e-04,3.03e-02,1.54e-04
2-8-8,N,639,9536.72792356619,4.66e-07,1.79e-02,1.76e-04,3.71e-02,1.76e-04
2-8-8,N,640,9558.80230564613,6.71e-07,1.41e-02,2.17e-04,3.69e-02,2.16e-04
2-8-8,N,641,9563.28085782672,8.25e-07,2.30e-02,2.54e-04,4.22e-02,2.53e-04
2-8-8,N,642,9580.04188872979,1.11e-06,1.98e-02,3.33e-04,5.38e-02,3.32e-04
2-8-8,N,643,9585.00574474835,3.29e-06,3.02e-02,9.22e-04,1.22e-01,9.19e-04
2-8-8,N,644,9592.74830206564,7.43e-07,2.91e-02,2.63e-04,4.53e-02,2.62e-04
2-8-8,N,645,9642.490493204,1.77e-06,1.99e-02,5.14e-04,7.41e-02,5.12e-04
2-8-8,N,646,9645.90482763046,2.16e-07,1.36e-02,8.77e-05,2.31e-02,8.74e-05
2-8-8,N,647,9654.32779036601,4.52e-07,2.45e-02,1.63e-04,3.37e-02,1.62e-04
2-8-8,N,648,9669.85893387537,3.51e-07,1.70e-02,1.39e-04,3.25e-02,1.39e-04
2-8-8,N,649,9702.6879503207,5.69e-07,2.46e-02,1.75e-04,3.15e-02,1.74e-04
2-8-8,N,650,9712.05772356406,2.52e-06,2.35e-02,7.22e-04,9.31e-02,7.20e-04
2-8-8,N,651,9713.5728175082,9.44e-07,1.95e-02,2.85e-04,4.82e-02,2.84e-04
2-8-8,N,652,9741.20714229716,5.99e-07,2.45e-02,2.42e-04,4.76e-02,2.41e-04
2-8-8,N,653,9754.0044165169,7.32e-07,2.09e-02,2.34e-04,3.96e-02,2.33e-04
2-8-8,N,654,9784.0724099384,2.02e-06,2.17e-02,6.18e-04,8.73e-02,6.16e-04
2-8-8,N,655,9790.51351872896,2.96e-07,2.98e-02,1.04e-04,2.54e-02,1.04e-04
2-8-8,N,656,9806.06778013219,1.37e-07,1.75e-02,9.80e-05,2.84e-02,9.79e-05
2-8-8,N,657,9808.11539184785,5.41e-06,2.35e-02,1.53e-03,1.93e-01,1.53e-03
2-8-8,N,658,9813.99326382387,6.35e-07,2.28e-02,2.48e-04,4.86e-02,2.48e-04
2-8-8,N,659,9839.5347069188,2.47e-06,1.98e-02,6.99e-04,9.52e-02,6.96e-04
2-8-8,N,660,9842.05876933959,4.43e-07,2.65e-02,1.50e-04,3.14e-02,1.49e-04
2-8-8,N,661,9870.01746818374,1.04e-06,2.27e-02,3.39e-04,5.49e-02,3.38e-04
2-8-8,N,662,9884.49683676647,5.36e-07,2.62e-02,1.88e-04,3.86e-02,1.88e-04
2-8-8,N,663,9906.31074038751,1.88e-07,3.88e-02,1.06e-04,3.09e-02,1.06e-04
2-8-8,N,664,9936.46477890104,3.15e-06,3.36e-02,8.57e-04,1.11e-01,8.54e-04
2-8-8,N,665,9949.78877743952,1.25e-06,2.32e-02,3.84e-04,6.09e-02,3.82e-04
2-8-8,N,666,9959.12411526893,1.83e-06,3.80e-02,5.41e-04,7.99e-02,5.39e-04
2-8-8,N,667,9961.94212534837,2.64e-06,3.01e-02,7.32e-04,9.51e-02,7.30e-04
2-8-8,N,668,9984.48449468855,4.54e-06,2.19e-02,1.25e-03,1.55e-01,1.25e-03
2-8-8,N,669,9995.9628916187,1.25e-06,3.26e-02,3.31e-04,5.40e-02,3.30e-04
2-8-8,N,670,10016.0507487713,2.80e-07,1.56e-02,1.12e-04,2.81e-02,1.12e-04
2-8-8,N,671,10025.6374775167,3.02e-07,2.99e-02,1.29e-04,3.06e-02,1.28e-04
2-8-8,N,672,10054.6058129775,1.11e-06,2.90e-02,3.54e-04,6.10e-02,3.53e-04
2-8-8,N,673,10087.6034568034,1.89e-06,3.99e-02,5.63e-04,8.40e-02,5.61e-04
2-8-8,N,674,10089.6210509828,4.60e-07,2.56e-02,1.53e-04,3.38e-02,1.53e-04
2-8-8,N,675,10089.6397498844,1.13e-07,3.30e-02,7.42e-05,2.49e-02,7.41e-05
2-8-8,N,676,10105.0402267391,1.33e-06,2.57e-02,4.19e-04,6.69e-02,4.18e-04
2-8-8,N,677,10133.1290325334,1.06e-06,3.02e-02,3.35e-04,5.86e-02,3.34e-04
2-8-8,N,678,10133.2532084187,4.78e-07,2.88e-02,2.16e-04,4.77e-02,2.15e-04
2-8-8,N,679,10137.5376398564,4.53e-07,3.67e-02,1.76e-04,3.86e-02,1.75e-04
2-8-8,N,680,10148.3878924365,1.98e-06,2.24e-02,5.45e-04,7.70e-02,5.43e-04
2-8-8,N,681,10172.0220850173,1.07e-06,3.11e-02,3.40e-04,5.27e-02,3.39e-04
2-8-8,N,682,10195.2487860064,5.13e-07,4.84e-02,1.87e-04,4.24e-02,1.86e-04
2-8-8,N,683,10221.4590220397,2.55e-06,2.97e-02,7.20e-04,1.00e-01,7.18e-04
2-8-8,N,684,10231.39426928,5.85e-06,3.56e-02,1.58e-03,1.92e-01,1.57e-03
2-8-8,N,685,10234.3807054096,4.40e-07,2.71e-02,1.80e-04,3.76e-02,1.80e-04
2-8-8,N,686,10237.6364058184,1.30e-06,5.05e-02,4.08e-04,7.12e-02,4.07e-04
2-8-8,N,687,10265.9012952486,1.42e-06,3.29e-02,4.84e-04,7.68e-02,4.83e-04
2-8-8,N,688,10292.4676910349,4.01e-06,3.13e-02,1.08e-03,1.37e-01,1.08e-03
2-8-8,N,689,10323.049583964,3.17e-06,4.88e-02,9.01e-04,1.23e-01,8.97e-04
2-8-8,N,690,10334.4445161952,5.83e-07,4.20e-02,2.31e-04,5.03e-02,2.31e-04
2-8-8,N,691,10355.4097265864,4.29e-06,3.41e-02,1.16e-03,1.42e-01,1.15e-03
2-8-8,N,692,10377.1228637967,1.11e-06,4.64e-02,3.11e-04,5.52e-02,3.10e-04
2-8-8,N,693,10377.2329397784,6.50e-07,6.19e-02,1.94e-04,3.95e-02,1.93e-04
2-8-8,N,694,10378.2777495418,3.81e-06,4.15e-02,1.02e-03,1.33e-01,1.02e-03
2-8-8,N,695,10404.5441010187,9.32e-07,2.97e-02,2.91e-04,5.65e-02,2.90e-04
2-8-8,N,696,10428.3859394053,1.27e-06,4.15e-02,3.62e-04,5.95e-02,3.61e-04
2-8-8,N,697,10450.5056998046,1.53e-06,5.06e-02,5.06e-04,8.24e-02,5.05e-04
2-8-8,N,698,10469.9657899569,1.59e-06,4.06e-02,4.24e-04,6.54e-02,4.23e-04
2-8-8,N,699,10472.5916066889,1.62e-06,4.33e-02,4.48e-04,6.72e-02,4.47e-04
2-8-8,N,700,10493.8734526047,2.63e-07,4.38e-02,1.89e-04,4.57e-02,1.89e-04
2-8-8,N,701,10500.0868864119,1.53e-06,4.40e-02,3.87e-04,6.48e-02,3.86e-04
2-8-8,N,702,10505.4905606291,3.55e-07,4.26e-02,2.07e-04,5.08e-02,2.07e-04
2-8-8,N,703,10508.2671244151,4.76e-07,3.89e-02,2.05e-04,4.82e-02,2.05e-04
2-8-8,N,704,10512.6201217429,4.28e-07,5.89e-02,1.81e-04,4.63e-02,1.81e-04
2-8-8,N,705,10558.6263754539,7.91e-07,5.44e-02,2.91e-04,6.11e-02,2.90e-04
2-8-8,N,706,10599.7148447753,1.75e-06,6.28e-02,5.09e-04,7.54e-02,5.07e-04
2-8-8,N,707,10600.4488474923,3.04e-06,3.67e-02,7.95e-04,1.10e-01,7.92e-04
2-8-8,N,708,10606.5486373855,2.20e-06,5.94e-02,7.11e-04,1.09e-01,7.09e-04
2-8-8,N,709,10613.8383860074,2.22e-06,4.81e-02,6.48e-04,9.79e-02,6.46e-04
2-8-8,N,710,10618.1878020444,4.59e-06,5.79e-02,1.21e-03,1.57e-01,1.20e-03
2-8-8,N,711,10645.7287707053,2.64e-07,5.31e-02,1.83e-04,4.45e-02,1.83e-04
2-8-8,N,712,10647.4681890744,3.42e-06,5.10e-02,1.01e-03,1.39e-01,1.00e-03
2-8-8,N,713,10658.7991310776,3.18e-07,4.58e-02,1.77e-04,4.81e-02,1.76e-04
2-8-8,N,714,10664.2096180509,1.65e-06,6.53e-02,5.45e-04,9.72e-02,5.43e-04
2-8-8,N,715,10707.2785351056,7.56e-07,3.58e-02,2.79e-04,5.71e-02,2.78e-04
2-8-8,N,716,10734.0570321179,2.94e-06,5.30e-02,8.80e-04,1.25e-01,8.77e-04
2-8-8,N,717,10737.0901549257,4.11e-07,6.80e-02,2.38e-04,5.36e-02,2.37e-04
2-8-8,N,718,10764.1113168933,7.21e-06,5.64e-02,1.87e-03,2.18e-01,1.86e-03
2-8-8,N,719,10778.9759993657,3.19e-06,5.83e-02,8.61e-04,1.26e-01,8.57e-04
2-8-8,N,720,10801.6577833133,9.31e-07,5.15e-02,2.79e-04,5.86e-02,2.78e-04
2-8-8,N,721,10807.1781762826,4.10e-06,9.32e-02,1.07e-03,1.45e-01,1.07e-03
2-8-8,N,722,10813.2003524626,1.61e-06,5.05e-02,4.82e-04,7.52e-02,4.80e-04
2-8-8,N,723,10817.9739545188,2.89e-07,5.34e-02,1.81e-04,5.64e-02,1.81e-04
2-8-8,N,724,10830.4856697549,1.31e-06,9.01e-02,3.89e-04,7.21e-02,3.88e-04
2-8-8,N,725,10867.8699733809,9.31e-07,8.71e-02,4.01e-04,8.06e-02,4.00e-04
2-8-8,N,726,10895.4283994232,2.16e-06,7.74e-02,5.73e-04,8.96e-02,5.71e-04
2-8-8,N,727,10906.7582682908,5.06e-07,5.49e-02,2.33e-04,5.83e-02,2.33e-04
2-8-8,N,728,10910.6207404959,2.12e-06,5.18e-02,5.59e-04,9.13e-02,5.57e-04
2-8-8,N,729,10929.0903521012,1.94e-06,7.29e-02,5.86e-04,8.54e-02,5.84e-04
2-8-8,N,730,10952.6622040862,5.25e-07,6.97e-02,2.71e-04,6.58e-02,2.70e-04
2-8-8,N,731,10953.3155972469,2.76e-07,6.82e-02,2.40e-04,5.97e-02,2.40e-04
2-8-8,N,732,10981.8237213603,3.32e-06,6.71e-02,7.82e-04,1.19e-01,7.78e-04
2-8-8,N,733,10998.1272949746,9.56e-07,6.14e-02,2.84e-04,6.53e-02,2.83e-04
2-8-8,N,734,11017.685867636,1.29e-06,1.12e-01,4.93e-04,9.92e-02,4.92e-04
2-8-8,N,735,11022.3561959822,5.66e-06,1.04e-01,1.51e-03,1.98e-01,1.51e-03
2-8-8,N,736,11025.8411585824,3.13e-06,9.56e-02,9.38e-04,1.36e-01,9.35e-04
2-8-8,N,737,11054.1654348366,8.17e-07,7.81e-02,3.27e-04,7.20e-02,3.26e-04
2-8-8,N,738,11071.8170765029,2.24e-06,1.04e-01,7.83e-04,1.25e-01,7.81e-04
2-8-8,N,739,11082.3344373971,1.75e-06,1.32e-01,6.16e-04,1.15e-01,6.14e-04
2-8-8,N,740,11094.8424309645,1.90e-06,1.23e-01,6.29e-04,1.04e-01,6.28e-04
2-8-8,N,741,11120.0093081831,9.17e-07,6.33e-02,3.68e-04,7.68e-02,3.67e-04
2-8-8,N,742,11133.3146273483,9.72e-09,5.64e-02,1.50e-04,5.16e-02,1.50e-04
2-8-8,N,743,11143.1233778266,3.70e-06,1.27e-01,1.05e-03,1.62e-01,1.05e-03
2-8-8,N,744,11147.9932919858,3.79e-07,7.25e-02,2.32e-04,5.80e-02,2.32e-04
2-8-8,N,745,11193.439358175,1.74e-06,8.65e-02,6.10e-04,1.07e-01,6.08e-04
2-8-8,N,746,11195.0942628707,7.06e-06,8.03e-02,1.85e-03,2.29e-01,1.84e-03
2-8-8,N,747,11196.1858687417,3.00e-06,1.55e-01,8.12e-04,1.29e-01,8.09e-04
2-8-8,N,748,11210.9386604081,5.71e-06,1.01e-01,1.54e-03,2.10e-01,1.54e-03
2-8-8,N,749,11226.9799752758,1.44e-06,1.02e-01,4.32e-04,8.29e-02,4.30e-04
2-8-8,N,750,11247.1234913853,1.46e-06,5.00e-02,5.01e-04,9.41e-02,5.00e-04
2-8-8,N,751,11277.5152168452,1.72e-06,8.82e-02,4.69e-04,8.44e-02,4.67e-04
2-8-8,N,752,11279.3125029761,2.34e-06,9.22e-02,6.83e-04,1.21e-01,6.81e-04
2-8-8,N,753,11303.6785463471,2.87e-06,1.74e-01,9.22e-04,1.48e-01,9.19e-04
2-8-8,N,754,11304.7265742188,9.94e-07,1.22e-01,3.83e-04,8.49e-02,3.82e-04
2-8-8,N,755,11333.0599397257,1.51e-06,1.14e-01,6.54e-04,1.17e-01,6.53e-04
2-8-8,N,756,11364.2596446423,2.01e-06,9.56e-02,5.92e-04,1.05e-01,5.90e-04
2-8-8,N,757,11383.5507844097,5.30e-07,8.98e-02,3.67e-04,9.36e-02,3.66e-04
2-8-8,N,758,11396.9918423105,3.20e-06,1.56e-01,7.81e-04,1.29e-01,7.77e-04
2-8-8,N,759,11398.5198692338,1.65e-06,1.07e-01,5.92e-04,1.13e-01,5.90e-04
2-8-8,N,760,11399.973454533,2.12e-06,1.59e-01,5.95e-04,1.01e-01,5.93e-04
2-8-8,N,761,11417.1863047821,4.91e-06,1.34e-01,1.34e-03,1.98e-01,1.33e-03
2-8-8,N,762,11428.8713476642,8.77e-07,1.67e-01,4.10e-04,9.13e-02,4.09e-04
2-8-8,N,763,11449.4473078491,2.80e-06,1.12e-01,7.02e-04,1.12e-01,6.99e-04
2-8-8,N,764,11456.3911048019,3.11e-06,1.42e-01,9.48e-04,1.71e-01,9.45e-04
2-8-8,N,765,11460.9365296298,1.68e-06,1.15e-01,5.09e-04,1.01e-01,5.07e-04
2-8-8,N,766,11500.478052062,2.22e-06,1.14e-01,7.02e-04,1.25e-01,6.99e-04
2-8-8,N,767,11536.5821171501,1.80e-06,1.15e-01,6.40e-04,1.27e-01,6.38e-04
2-8-8,N,768,11562.215224431,1.95e-06,1.13e-01,5.72e-04,1.07e-01,5.70e-04
2-8-8,N,769,11567.0360932074,2.20e-06,1.92e-01,9.10e-04,1.53e-01,9.08e-04
2-8-8,N,770,11569.0360725863,2.17e-06,8.43e-02,7.72e-04,1.39e-01,7.70e-04
2-8-8,N,771,11576.2021469344,2.98e-06,1.35e-01,1.02e-03,1.76e-01,1.02e-03
2-8-8,N,772,11580.9654448507,2.00e-06,9.85e-02,6.53e-04,1.11e-01,6.51e-04
2-8-8,N,773,11602.4152771307,3.76e-06,2.01e-01,1.05e-03,1.69e-01,1.05e-03
2-8-8,N,774,11610.2019138611,9.43e-06,2.02e-01,2.20e-03,2.73e-01,2.19e-03
2-8-8,N,775,11616.1328379878,3.56e-06,1.63e-01,8.95e-04,1.47e-01,8.91e-04
2-8-8,N,776,11626.4982164048,1.74e-06,1.26e-01,4.90e-04,1.02e-01,4.88e-04
2-8-8,N,777,11669.0248708294,1.39e-06,1.93e-01,5.12e-04,1.16e-01,5.11e-04
2-8-8,N,778,11686.8009215726,7.36e-06,1.43e-01,2.02e-03,2.61e-01,2.02e-03
2-8-8,N,779,11727.9867299483,7.22e-07,1.78e-01,3.99e-04,9.35e-02,3.99e-04
2-8-8,N,780,11728.8319782691,5.72e-06,1.54e-01,1.61e-03,2.30e-01,1.60e-03
2-8-8,N,781,11758.6008940404,4.62e-06,2.33e-01,1.31e-03,2.08e-01,1.31e-03
2-8-8,N,782,11765.4525213336,2.68e-06,1.11e-01,9.57e-04,1.79e-01,9.55e-04
2-8-8,N,783,11767.9655870094,1.39e-06,1.12e-01,5.38e-04,1.15e-01,5.36e-04
2-8-8,N,784,11769.6159816326,4.55e-06,1.64e-01,9.97e-04,1.59e-01,9.93e-04
2-8-8,N,785,11787.8450740833,2.36e-06,2.05e-01,7.57e-04,1.40e-01,7.55e-04
2-8-8,N,786,11788.9759661855,2.14e-06,1.55e-01,7.39e-04,1.40e-01,7.37e-04
2-8-8,N,787,11806.5949250769,6.28e-06,2.22e-01,1.41e-03,1.98e-01,1.40e-03
2-8-8,N,788,11852.2065141039,4.63e-06,1.83e-01,1.03e-03,1.72e-01,1.03e-03
2-8-8,N,789,11852.3520683057,3.98e-07,1.39e-01,5.77e-04,1.33e-01,5.77e-04
2-8-8,N,790,11864.4909869387,1.91e-06,1.19e-01,5.13e-04,1.08e-01,5.11e-04
2-8-8,N,791,11892.126653926,1.61e-06,1.88e-01,6.71e-04,1.27e-01,6.70e-04
2-8-8,N,792,11894.542886183,2.86e-06,2.42e-01,7.70e-04,1.37e-01,7.67e-04
2-8-8,N,793,11898.0268264101,4.02e-06,1.51e-01,8.57e-04,1.49e-01,8.53e-04
2-8-8,N,794,11932.9346914373,2.52e-06,1.52e-01,6.60e-04,1.28e-01,6.58e-04
2-8-8,N,795,11960.8509982859,2.35e-06,1.24e-01,8.14e-04,1.48e-01,8.12e-04
2-8-8,N,796,11984.4973016734,1.00e-05,2.48e-01,2.59e-03,3.27e-01,2.58e-03
2-8-8,N,797,11985.4174612456,1.20e-05,3.04e-01,2.20e-03,2.74e-01,2.18e-03
2-8-8,N,798,11993.2792681479,5.73e-06,2.08e-01,1.38e-03,2.04e-01,1.37e-03
2-8-8,N,799,12029.642254441,5.82e-06,1.94e-01,1.64e-03,2.35e-01,1.63e-03
2-8-8,N,800,12039.173997799,3.18e-06,1.62e-01,9.91e-04,1.79e-01,9.88e-04
2-8-8,N,801,12046.7690380297,4.23e-06,1.71e-01,1.10e-03,1.79e-01,1.09e-03
2-8-8,N,802,12069.629434683,6.26e-06,2.12e-01,1.82e-03,2.62e-01,1.82e-03
2-8-8,N,803,12070.7344413197,6.99e-06,2.10e-01,1.53e-03,2.36e-01,1.52e-03
2-8-8,N,804,12089.0827758515,3.74e-06,1.79e-01,1.08e-03,2.01e-01,1.08e-03
2-8-8,N,805,12092.6939808631,2.44e-06,3.73e-01,7.91e-04,1.49e-01,7.89e-04
2-8-8,N,806,12114.8835323818,6.12e-06,2.63e-01,1.65e-03,2.38e-01,1.64e-03
2-8-8,N,807,12124.0637174239,4.14e-06,1.88e-01,1.14e-03,1.92e-01,1.14e-03
2-8-8,N,808,12162.3134753026,4.10e-06,1.98e-01,1.09e-03,1.78e-01,1.08e-03
2-8-8,N,809,12168.6191261728,9.56e-06,2.49e-01,1.58e-03,1.86e-01,1.57e-03
2-8-8,N,810,12177.4101281658,1.17e-05,2.48e-01,2.62e-03,3.17e-01,2.61e-03
2-8-8,N,811,12199.8049232265,4.61e-06,2.48e-01,1.09e-03,1.77e-01,1.09e-03
2-8-8,N,812,12223.2550927458,5.65e-06,1.73e-01,1.54e-03,2.31e-01,1.54e-03
2-8-8,N,813,12243.4964923659,6.75e-06,1.92e-01,1.25e-03,1.87e-01,1.24e-03
2-8-8,N,814,12245.5249573844,1.24e-06,2.23e-01,7.56e-04,1.67e-01,7.55e-04
2-8-8,N,815,12276.0088700547,6.80e-06,3.58e-01,2.05e-03,3.07e-01,2.04e-03
2-8-8,N,816,12286.1944013606,7.34e-06,2.43e-01,1.61e-03,2.45e-01,1.60e-03
2-8-8,N,817,12290.7993327548,3.53e-06,3.13e-01,8.24e-04,1.47e-01,8.21e-04
2-8-8,N,818,12300.0247475867,1.47e-05,2.61e-01,2.66e-03,3.19e-01,2.64e-03
2-8-8,N,819,12321.5391751491,5.95e-06,1.52e-01,1.54e-03,2.30e-01,1.54e-03
2-8-8,N,820,12354.6951702842,4.50e-06,2.74e-01,1.22e-03,2.11e-01,1.21e-03
2-8-8,N,821,12364.7085953493,5.64e-06,2.69e-01,1.44e-03,2.31e-01,1.43e-03
2-8-8,N,822,12370.5789729388,3.30e-06,2.33e-01,9.85e-04,1.69e-01,9.82e-04
2-8-8,N,823,12378.9502504047,6.74e-06,2.24e-01,1.39e-03,2.19e-01,1.38e-03
2-8-8,N,824,12390.7969927513,5.83e-06,1.83e-01,1.54e-03,2.42e-01,1.53e-03
2-8-8,N,825,12407.7773256809,3.11e-06,2.23e-01,1.01e-03,1.92e-01,1.01e-03
2-8-8,N,826,12424.2610704565,9.73e-06,2.59e-01,2.03e-03,2.55e-01,2.02e-03
2-8-8,N,827,12425.8364152448,6.43e-06,2.19e-01,1.65e-03,2.36e-01,1.65e-03
2-8-8,N,828,12459.4597419367,2.36e-05,4.63e-01,4.03e-03,4.16e-01,4.01e-03
2-8-8,N,829,12462.0248211667,1.23e-05,2.33e-01,2.10e-03,2.58e-01,2.09e-03
2-8-8,N,830,12480.2822208673,9.25e-06,2.99e-01,1.71e-03,2.36e-01,1.70e-03
2-8-8,N,831,12515.9041581417,2.14e-05,3.99e-01,2.96e-03,2.96e-01,2.94e-03
2-8-8,N,832,12522.1019525586,5.28e-06,2.48e-01,1.25e-03,1.90e-01,1.24e-03
2-8-8,N,833,12538.7379345428,7.26e-06,2.84e-01,1.83e-03,2.74e-01,1.82e-03
2-8-8,N,834,12547.3536596101,2.13e-05,3.26e-01,3.29e-03,3.43e-01,3.27e-03
2-8-8,N,835,12567.646295899,6.09e-06,2.01e-01,1.79e-03,2.67e-01,1.79e-03
2-8-8,N,836,12574.7248496037,4.57e-06,2.41e-01,1.46e-03,2.32e-01,1.46e-03
2-8-8,N,837,12598.5894114805,4.18e-06,3.21e-01,1.45e-03,2.49e-01,1.45e-03
2-8-8,N,838,12615.8927179705,8.35e-06,2.67e-01,2.19e-03,3.07e-01,2.19e-03
2-8-8,N,839,12645.6661555213,3.55e-05,5.41e-01,4.72e-03,4.00e-01,4.68e-03
2-8-8,N,840,12665.2446987738,1.37e-05,2.36e-01,2.93e-03,3.54e-01,2.91e-03
2-8-8,N,841,12669.1676724526,1.14e-05,2.67e-01,2.83e-03,3.92e-01,2.82e-03
2-8-8,N,842,12681.6318951346,3.38e-06,2.97e-01,1.08e-03,2.12e-01,1.08e-03
2-8-8,N,843,12699.9864859769,6.11e-06,3.03e-01,1.76e-03,3.09e-01,1.76e-03
2-8-8,N,844,12716.1160628219,2.06e-05,3.11e-01,3.30e-03,3.45e-01,3.28e-03
2-8-8,N,845,12749.7500098022,6.36e-06,3.44e-01,1.91e-03,2.75e-01,1.91e-03
2-8-8,N,846,12754.2958803984,3.65e-06,2.43e-01,1.23e-03,2.43e-01,1.23e-03
2-8-8,N,847,12755.2680863347,5.42e-06,2.48e-01,1.48e-03,2.52e-01,1.48e-03
2-8-8,N,848,12763.3496332203,1.58e-06,2.26e-01,7.66e-04,1.74e-01,7.64e-04
2-8-8,N,849,12770.3645479146,1.73e-05,3.85e-01,3.30e-03,3.71e-01,3.29e-03
2-8-8,N,850,12805.5413987673,4.07e-06,2.29e-01,1.06e-03,1.98e-01,1.05e-03
2-8-8,N,851,12820.2217771237,1.84e-05,5.10e-01,3.08e-03,3.48e-01,3.06e-03
2-8-8,N,852,12827.2299251791,1.85e-05,5.69e-01,2.83e-03,3.07e-01,2.81e-03
2-8-8,N,853,12844.3641005701,4.28e-06,4.44e-01,1.55e-03,2.61e-01,1.55e-03
2-8-8,N,854,12848.0953610366,6.05e-05,4.90e-01,7.78e-03,5.61e-01,7.72e-03
2-8-8,N,855,12852.3408879243,5.43e-06,2.97e-01,1.63e-03,2.71e-01,1.62e-03
2-8-8,N,856,12906.4393658902,1.86e-05,4.77e-01,2.65e-03,2.94e-01,2.64e-03
2-8-8,N,857,12928.9598064612,2.41e-05,3.84e-01,3.15e-03,3.17e-01,3.12e-03
2-8-8,N,858,12933.7904727106,3.64e-05,4.81e-01,4.82e-03,4.35e-01,4.78e-03
2-8-8,N,859,12943.0950619132,1.13e-05,2.43e-01,2.33e-03,3.10e-01,2.32e-03
2-8-8,N,860,12962.2439012732,2.08e-05,3.87e-01,3.38e-03,3.41e-01,3.36e-03
2-8-8,N,861,13006.8286310521,2.67e-06,3.40e-01,1.26e-03,2.78e-01,1.26e-03
2-8-8,N,862,13012.784911819,1.32e-05,2.73e-01,2.80e-03,3.39e-01,2.79e-03
2-8-8,N,863,13016.7061296338,2.14e-05,4.65e-01,4.55e-03,4.97e-01,4.53e-03
2-8-8,N,864,13017.4628561332,5.06e-05,5.54e-01,7.29e-03,6.03e-01,7.24e-03
2-8-8,N,865,13023.6282040722,6.83e-06,3.54e-01,1.73e-03,2.76e-01,1.72e-03
2-8-8,N,866,13023.6454195317,1.28e-05,4.10e-01,2.46e-03,3.48e-01,2.44e-03
2-8-8,N,867,13026.1973372156,1.23e-05,3.91e-01,2.60e-03,3.47e-01,2.59e-03
2-8-8,N,868,13084.0442688248,4.14e-06,2.80e-01,1.15e-03,2.04e-01,1.14e-03
2-8-8,N,869,13124.2665941742,5.82e-05,6.21e-01,7.79e-03,5.94e-01,7.73e-03
2-8-8,N,870,13133.5235638663,9.31e-06,3.19e-01,2.31e-03,3.37e-01,2.30e-03
2-8-8,N,871,13134.8453303272,2.82e-05,5.35e-01,4.12e-03,4.13e-01,4.10e-03
2-8-8,N,872,13150.5161650615,1.13e-05,2.78e-01,2.52e-03,3.46e-01,2.50e-03
2-8-8,N,873,13158.4220308989,5.37e-06,3.36e-01,1.50e-03,2.81e-01,1.50e-03
2-8-8,N,874,13159.2441506745,5.40e-05,6.88e-01,7.17e-03,5.57e-01,7.11e-03
2-8-8,N,875,13208.2559461997,4.52e-05,5.85e-01,6.54e-03,5.57e-01,6.50e-03
2-8-8,N,876,13210.3900375637,8.33e-06,3.82e-01,1.57e-03,2.43e-01,1.56e-03
2-8-8,N,877,13232.9716519663,7.82e-06,3.71e-01,1.84e-03,2.73e-01,1.83e-03
2-8-8,N,878,13246.2991923218,7.91e-06,5.92e-01,1.57e-03,2.48e-01,1.56e-03
2-8-8,N,879,13250.1664095269,3.24e-05,3.65e-01,4.99e-03,4.71e-01,4.96e-03
2-8-8,N,880,13255.5941015908,1.22e-05,4.82e-01,2.42e-03,2.99e-01,2.41e-03
2-8-8,N,881,13298.4307777218,1.89e-06,4.19e-01,9.81e-04,2.22e-01,9.79e-04
2-8-8,N,882,13306.5750979595,4.60e-05,7.89e-01,5.64e-03,4.87e-01,5.60e-03
2-8-8,N,883,13311.1810643928,5.06e-05,4.94e-01,6.53e-03,5.21e-01,6.48e-03
2-8-8,N,884,13330.630047088,1.06e-05,4.84e-01,2.84e-03,4.23e-01,2.83e-03
2-8-8,N,885,13335.6220149843,2.29e-05,5.95e-01,4.50e-03,5.16e-01,4.48e-03
2-8-8,N,886,13358.0341203058,2.36e-06,4.08e-01,1.11e-03,2.36e-01,1.10e-03
2-8-8,N,887,13360.2528661616,5.23e-05,6.32e-01,6.10e-03,4.71e-01,6.04e-03
2-8-8,N,888,13394.8893287266,1.22e-05,3.32e-01,2.65e-03,3.57e-01,2.64e-03
2-8-8,N,889,13394.9526883266,3.45e-05,5.53e-01,5.58e-03,5.46e-01,5.55e-03
2-8-8,N,890,13439.7494365073,1.50e-05,4.31e-01,2.09e-03,2.68e-01,2.08e-03
2-8-8,N,891,13440.5096905655,2.65e-05,5.03e-01,4.65e-03,4.93e-01,4.62e-03
2-8-8,N,892,13457.3522516358,1.50e-04,8.23e-01,1.60e-02,8.64e-01,1.58e-02
2-8-8,N,893,13466.2922391638,3.59e-05,5.66e-01,5.64e-03,5.58e-01,5.61e-03
2-8-8,N,894,13469.8664837094,1.42e-05,3.60e-01,2.95e-03,3.92e-01,2.93e-03
2-8-8,N,895,13485.276556711,6.56e-05,7.21e-01,8.66e-03,6.46e-01,8.59e-03
2-8-8,N,896,13498.3739067059,4.23e-05,4.42e-01,5.46e-03,4.34e-01,5.42e-03
2-8-8,N,897,13544.3347008071,1.80e-05,8.00e-01,3.47e-03,4.25e-01,3.45e-03
2-8-8,N,898,13566.8864144905,2.66e-06,5.31e-01,1.28e-03,2.77e-01,1.28e-03
2-8-8,N,899,13582.2281757415,3.01e-05,5.35e-01,5.48e-03,5.69e-01,5.45e-03
2-8-8,N,900,13591.5339509212,5.51e-05,5.87e-01,7.09e-03,5.17e-01,7.04e-03
2-8-8,N,901,13599.8564983062,9.37e-05,6.38e-01,1.16e-02,6.92e-01,1.15e-02
2-8-8,N,902,13600.2153222139,7.10e-06,4.96e-01,1.99e-03,4.78e-01,1.98e-03
2-8-8,N,903,13605.1097591917,1.38e-05,4.93e-01,3.03e-03,3.89e-01,3.02e-03
2-8-8,N,904,13639.2571981375,8.02e-06,6.36e-01,2.25e-03,3.74e-01,2.24e-03
2-8-8,N,905,13655.3664050008,4.35e-05,6.03e-01,5.54e-03,4.42e-01,5.49e-03
2-8-8,N,906,13672.6189849877,7.09e-05,7.86e-01,8.32e-03,6.03e-01,8.25e-03
2-8-8,N,907,13705.3859457856,2.00e-05,5.47e-01,3.84e-03,4.58e-01,3.82e-03
2-8-8,N,908,13713.8544838349,3.00e-05,4.33e-01,4.37e-03,4.83e-01,4.34e-03
2-8-8,N,909,13718.49537307,1.56e-05,5.71e-01,2.93e-03,3.59e-01,2.91e-03
2-8-8,N,910,13740.2942098623,7.35e-05,6.75e-01,8.70e-03,5.48e-01,8.62e-03
2-8-8,N,911,13740.4946086446,1.93e-05,8.09e-01,3.24e-03,4.97e-01,3.22e-03
2-8-8,N,912,13743.2711852104,9.26e-06,6.40e-01,2.44e-03,3.55e-01,2.43e-03
2-8-8,N,913,13786.1401532888,3.62e-05,7.05e-01,6.10e-03,6.00e-01,6.07e-03
2-8-8,N,914,13803.839355007,1.06e-04,6.99e-01,1.16e-02,3.82e-01,1.15e-02
2-8-8,N,915,13803.860229057,1.96e-05,8.68e-01,3.86e-03,8.22e-01,3.84e-03
2-8-8,N,916,13833.5526524333,1.44e-05,5.00e-01,2.85e-03,3.58e-01,2.84e-03
2-8-8,N,917,13849.2276323533,8.27e-05,6.91e-01,9.77e-03,6.18e-01,9.69e-03
2-8-8,N,918,13865.9612198847,1.57e-04,1.04e+00,1.75e-02,9.91e-01,1.74e-02
2-8-8,N,919,13906.7636162834,1.51e-05,7.02e-01,2.99e-03,3.74e-01,2.97e-03
2-8-8,N,920,13907.7575801853,6.77e-05,6.91e-01,8.21e-03,6.20e-01,8.14e-03
2-8-8,N,921,13924.6672056991,8.58e-05,6.65e-01,9.31e-03,5.07e-01,9.23e-03
2-8-8,N,922,13924.8694271342,1.12e-04,7.65e-01,1.39e-02,1.08e+00,1.38e-02
2-8-8,N,923,13930.6174968975,1.45e-05,5.55e-01,2.81e-03,4.03e-01,2.79e-03
2-8-8,N,924,13933.5385634259,2.13e-05,6.28e-01,4.73e-03,6.20e-01,4.71e-03
2-8-8,N,925,13942.2149985963,2.34e-05,6.84e-01,3.38e-03,4.08e-01,3.36e-03
2-8-8,N,926,13946.596717054,6.99e-06,5.77e-01,2.56e-03,4.60e-01,2.55e-03
2-8-8,N,927,13976.0231205656,1.93e-04,8.50e-01,2.05e-02,1.13e+00,2.03e-02
2-8-8,N,928,14030.459258486,1.10e-05,7.39e-01,2.13e-03,3.33e-01,2.12e-03
2-8-8,N,929,14048.5023613259,1.78e-05,1.35e+00,3.54e-03,4.45e-01,3.52e-03
2-8-8,N,930,14073.4861235494,4.60e-05,6.76e-01,5.89e-03,4.81e-01,5.84e-03
2-8-8,N,931,14074.3580617423,5.89e-05,7.70e-01,7.54e-03,6.41e-01,7.49e-03
2-8-8,N,932,14082.1229629388,7.86e-05,8.08e-01,9.28e-03,7.02e-01,9.20e-03
2-8-8,N,933,14090.28400222,3.51e-05,9.08e-01,6.13e-03,6.94e-01,6.10e-03
2-8-8,N,934,14098.453546992,1.69e-04,7.08e-01,1.96e-02,1.13e+00,1.95e-02
2-8-8,N,935,14125.539517691,4.09e-05,9.60e-01,6.82e-03,6.74e-01,6.78e-03
2-8-8,N,936,14143.2484217934,4.73e-05,7.96e-01,6.20e-03,5.53e-01,6.15e-03
2-8-8,N,937,14156.7354994805,7.33e-05,8.32e-01,1.08e-02,8.64e-01,1.07e-02
2-8-8,N,938,14160.9541795318,1.78e-05,1.02e+00,3.15e-03,4.23e-01,3.13e-03
2-8-8,N,939,14198.5191749881,6.03e-05,1.01e+00,8.45e-03,7.06e-01,8.39e-03
2-8-8,N,940,14199.0445912025,1.30e-05,9.98e-01,3.46e-03,5.04e-01,3.45e-03
2-8-8,N,941,14227.4946251415,2.64e-05,6.10e-01,4.30e-03,4.60e-01,4.27e-03
2-8-8,N,942,14227.6369129378,8.76e-05,7.34e-01,1.15e-02,9.35e-01,1.14e-02
2-8-8,N,943,14245.1562993485,2.16e-05,7.03e-01,3.36e-03,4.09e-01,3.34e-03
2-8-8,N,944,14258.2225787659,3.09e-05,9.90e-01,4.58e-03,5.12e-01,4.55e-03
2-8-8,N,945,14266.6438526247,4.00e-05,6.88e-01,5.26e-03,4.92e-01,5.22e-03
2-8-8,N,946,14286.9780591293,2.00e-04,1.01e+00,2.12e-02,1.18e+00,2.10e-02
2-8-8,N,947,14297.565796104,9.43e-05,1.35e+00,1.09e-02,7.60e-01,1.08e-02
2-8-8,N,948,14315.4345531875,1.44e-04,6.11e-01,1.51e-02,8.70e-01,1.49e-02
2-8-8,N,949,14361.2427960213,1.66e-04,8.66e-01,1.67e-02,8.32e-01,1.65e-02
2-8-8,N,950,14362.5779744214,5.98e-05,1.01e+00,7.66e-03,6.88e-01,7.60e-03
2-8-8,N,951,14383.53734773,5.51e-05,6.46e-01,6.92e-03,5.59e-01,6.87e-03
2-8-8,N,952,14386.6585557638,1.07e-04,7.78e-01,1.25e-02,8.88e-01,1.24e-02
2-8-8,N,953,14388.8432922574,1.60e-04,9.17e-01,1.71e-02,1.02e+00,1.70e-02
2-8-8,N,954,14411.9760534614,3.27e-05,1.00e+00,5.39e-03,6.14e-01,5.36e-03
2-8-8,N,955,14442.3682263349,6.89e-05,8.87e-01,8.17e-03,6.87e-01,8.10e-03
2-8-8,N,956,14465.6772345739,1.08e-04,1.10e+00,1.44e-02,1.01e+00,1.43e-02
2-8-8,N,957,14474.98718295,2.55e-05,8.46e-01,4.97e-03,5.55e-01,4.95e-03
2-8-8,N,958,14488.9964401329,7.93e-05,9.69e-01,1.10e-02,8.95e-01,1.09e-02
2-8-8,N,959,14512.7812494312,5.86e-05,9.11e-01,7.72e-03,7.24e-01,7.66e-03
2-8-8,N,960,14518.6767379532,4.80e-05,8.83e-01,6.09e-03,5.89e-01,6.04e-03
2-8-8,N,961,14530.9760864387,1.40e-04,1.23e+00,1.66e-02,1.10e+00,1.64e-02
2-8-8,N,962,14543.7542989329,4.85e-05,9.28e-01,6.59e-03,6.51e-01,6.55e-03
2-8-8,N,963,14549.9829084842,1.36e-04,9.11e-01,1.39e-02,8.50e-01,1.38e-02
2-8-8,N,964,14559.8433228421,7.67e-05,1.15e+00,1.03e-02,8.51e-01,1.02e-02
2-8-8,N,965,14568.7842142245,1.63e-04,1.03e+00,1.80e-02,1.13e+00,1.78e-02
2-8-8,N,966,14582.9857830616,4.62e-05,1.34e+00,7.07e-03,7.32e-01,7.02e-03
2-8-8,N,967,14589.0206784491,7.80e-05,9.53e-01,9.34e-03,7.30e-01,9.26e-03
2-8-8,N,968,14626.4148354462,2.70e-04,8.57e-01,2.84e-02,1.60e+00,2.81e-02
2-8-8,N,969,14644.136772386,6.20e-05,1.21e+00,8.96e-03,8.06e-01,8.90e-03
2-8-8,N,970,14665.3619851806,2.34e-05,8.52e-01,4.44e-03,5.63e-01,4.42e-03
2-8-8,N,971,14695.4052152166,2.79e-05,1.19e+00,5.25e-03,6.33e-01,5.22e-03
2-8-8,N,972,14711.8300160736,1.71e-05,8.60e-01,3.42e-03,4.52e-01,3.41e-03
2-8-8,N,973,14716.6627450557,1.37e-04,1.58e+00,1.67e-02,1.11e+00,1.65e-02
2-8-8,N,974,14719.598580909,2.34e-05,1.06e+00,5.01e-03,6.67e-01,4.98e-03
2-8-8,N,975,14736.70553903,2.38e-04,1.63e+00,2.51e-02,1.37e+00,2.49e-02
2-8-8,N,976,14763.5456067661,1.01e-04,1.21e+00,1.30e-02,9.60e-01,1.29e-02
2-8-8,N,977,14798.1864136239,9.86e-05,9.68e-01,1.15e-02,7.94e-01,1.14e-02
2-8-8,N,978,14804.4216523832,1.06e-04,1.41e+00,1.39e-02,1.00e+00,1.37e-02
2-8-8,N,979,14819.5852333328,4.57e-05,1.71e+00,7.60e-03,8.02e-01,7.55e-03
2-8-8,N,980,14822.7057460268,3.31e-04,1.06e+00,3.32e-02,1.70e+00,3.28e-02
2-8-8,N,981,14846.4383150144,1.40e-04,1.06e+00,1.45e-02,9.31e-01,1.43e-02
2-8-8,N,982,14856.6439107431,8.78e-05,1.09e+00,1.08e-02,8.47e-01,1.07e-02
2-8-8,N,983,14866.5135918102,9.06e-05,7.12e-01,1.03e-02,8.38e-01,1.02e-02
2-8-8,N,984,14883.2076759954,1.08e-04,1.24e+00,1.21e-02,8.56e-01,1.20e-02
2-8-8,N,985,14917.6638393329,1.09e-04,1.59e+00,1.37e-02,1.01e+00,1.36e-02
2-8-8,N,986,14923.9070098228,1.49e-04,1.57e+00,1.62e-02,1.07e+00,1.61e-02
2-8-8,N,987,14935.4572300477,1.13e-04,1.06e+00,1.29e-02,9.31e-01,1.28e-02
2-8-8,N,988,14937.7094186319,2.29e-04,8.64e-01,2.28e-02,1.34e+00,2.25e-02
2-8-8,N,989,14960.1389487342,5.01e-05,1.21e+00,6.90e-03,6.91e-01,6.85e-03
2-8-8,N,990,14968.4431927306,5.21e-05,8.32e-01,7.88e-03,8.70e-01,7.83e-03
2-8-8,N,991,14991.578570184,4.12e-04,1.47e+00,3.89e-02,1.79e+00,3.85e-02
2-8-8,N,992,15003.3501201215,6.47e-05,1.07e+00,9.45e-03,8.62e-01,9.39e-03
2-8-8,N,993,15042.7851952043,1.50e-04,1.59e+00,1.81e-02,1.22e+00,1.80e-02
2-8-8,N,994,15058.886893158,1.04e-04,1.34e+00,1.20e-02,9.18e-01,1.19e-02
2-8-8,N,995,15061.0967966052,1.31e-04,1.52e+00,1.72e-02,1.29e+00,1.71e-02
2-8-8,N,996,15073.0066657287,5.42e-05,1.40e+00,8.32e-03,8.12e-01,8.27e-03
2-8-8,N,997,15082.9383985757,2.85e-04,1.53e+00,2.80e-02,1.42e+00,2.77e-02
2-8-8,N,998,15094.3479000086,7.68e-05,1.12e+00,9.94e-03,8.61e-01,9.86e-03
2-8-8,N,999,15124.6732163923,1.81e-04,1.15e+00,2.02e-02,1.32e+00,2.00e-02
2-8-8,N,1000,15137.4478651986,6.76e-05,1.39e+00,1.03e-02,9.48e-01,1.03e-02
2-8-8,N,1001,15168.1660226868,1.39e-04,1.34e+00,1.67e-02,1.12e+00,1.66e-02
2-8-8,N,1002,15173.6504072528,1.41e-04,1.56e+00,1.58e-02,1.09e+00,1.57e-02
2-8-8,N,1003,15185.0748604008,4.68e-05,1.23e+00,7.29e-03,7.85e-01,7.25e-03
2-8-8,N,1004,15193.9094690438,9.76e-05,9.88e-01,1.14e-02,8.87e-01,1.13e-02
2-8-8,N,1005,15205.9394786902,2.06e-04,2.14e+00,2.33e-02,1.49e+00,2.31e-02
2-8-8,N,1006,15249.403725926,1.46e-04,1.32e+00,1.53e-02,8.78e-01,1.52e-02
2-8-8,N,1007,15249.8573354056,4.18e-05,1.12e+00,9.06e-03,9.95e-01,9.01e-03
2-8-8,N,1008,15249.9363386569,1.80e-04,1.41e+00,1.90e-02,1.34e+00,1.89e-02
2-8-8,N,1009,15257.0868753624,1.44e-04,1.52e+00,1.60e-02,1.13e+00,1.58e-02
2-8-8,N,1010,15258.8687897843,1.24e-04,1.47e+00,1.53e-02,1.15e+00,1.52e-02
2-8-8,N,1011,15314.442001436,2.18e-04,1.79e+00,2.52e-02,1.47e+00,2.49e-02
2-8-8,N,1012,15323.4261559853,3.19e-04,1.61e+00,3.06e-02,1.54e+00,3.03e-02
2-8-8,N,1013,15326.5470364812,1.13e-04,1.77e+00,1.42e-02,1.17e+00,1.41e-02
2-8-8,N,1014,15345.0737901615,1.52e-04,1.09e+00,1.82e-02,1.26e+00,1.81e-02
2-8-8,N,1015,15358.5352289587,2.23e-04,1.32e+00,2.17e-02,1.18e+00,2.15e-02
2-8-8,N,1016,15364.4694043146,2.45e-04,1.66e+00,2.67e-02,1.65e+00,2.65e-02
2-8-8,N,1017,15377.1037856779,1.17e-05,1.39e+00,3.42e-03,5.90e-01,3.40e-03
2-8-8,N,1018,15380.0197048267,9.18e-05,1.31e+00,1.00e-02,8.27e-01,9.96e-03
2-8-8,N,1019,15448.8451070221,1.06e-04,1.61e+00,1.27e-02,1.07e+00,1.26e-02
2-8-8,N,1020,15466.9329147236,3.38e-04,1.55e+00,3.47e-02,1.69e+00,3.43e-02
2-8-8,N,1021,15470.1996870479,3.69e-04,1.70e+00,3.70e-02,1.94e+00,3.66e-02
2-8-8,N,1022,15474.7960146186,2.64e-04,1.31e+00,2.57e-02,1.57e+00,2.55e-02
2-8-8,N,1023,15491.3684295589,6.92e-05,1.35e+00,9.25e-03,9.35e-01,9.18e-03
2-8-8,N,1024,15509.8100204369,3.07e-04,1.60e+00,2.93e-02,1.60e+00,2.90e-02
2-8-8,N,1025,15522.3537982992,8.28e-05,1.40e+00,1.02e-02,9.41e-01,1.01e-02
2-8-8,N,1026,15533.6297317936,4.62e-04,1.69e+00,4.62e-02,2.47e+00,4.57e-02
2-8-8,N,1027,15567.8327183286,2.50e-04,1.87e+00,2.65e-02,1.64e+00,2.63e-02
2-8-8,N,1028,15573.7710295179,2.35e-04,2.25e+00,2.35e-02,1.46e+00,2.33e-02
2-8-8,N,1029,15601.6090130681,6.74e-05,1.50e+00,9.25e-03,8.86e-01,9.18e-03
2-8-8,N,1030,15605.2754984253,1.79e-04,1.91e+00,1.98e-02,1.24e+00,1.96e-02
2-8-8,N,1031,15637.9094952517,8.67e-05,1.44e+00,1.21e-02,1.12e+00,1.20e-02
2-8-8,N,1032,15640.7637001927,2.59e-04,1.89e+00,2.64e-02,1.64e+00,2.61e-02
2-8-8,N,1033,15654.187092585,3.96e-05,1.59e+00,6.67e-03,7.34e-01,6.63e-03
2-8-8,N,1034,15663.7554826423,1.57e-04,1.56e+00,1.78e-02,1.21e+00,1.77e-02
2-8-8,N,1035,15674.2266503319,2.36e-04,1.37e+00,2.54e-02,1.57e+00,2.52e-02
2-8-8,N,1036,15694.6945079751,3.25e-04,2.03e+00,3.07e-02,1.71e+00,3.04e-02
2-8-8,N,1037,15706.4806208628,1.34e-04,2.74e+00,1.57e-02,1.19e+00,1.55e-02
2-8-8,N,1038,15716.2779972418,1.97e-04,1.85e+00,2.37e-02,1.57e+00,2.35e-02
2-8-8,N,1039,15729.5534653947,3.10e-04,1.66e+00,3.14e-02,1.75e+00,3.11e-02
2-8-8,N,1040,15734.8232753977,8.56e-05,1.79e+00,1.32e-02,1.23e+00,1.31e-02
2-8-8,N,1041,15785.1721709996,1.79e-04,1.77e+00,1.96e-02,1.40e+00,1.94e-02
2-8-8,N,1042,15788.1859947744,1.53e-04,1.57e+00,1.82e-02,1.28e+00,1.81e-02
2-8-8,N,1043,15794.1703599434,1.36e-04,1.88e+00,1.58e-02,1.15e+00,1.56e-02
2-8-8,N,1044,15807.3660295922,1.27e-04,1.95e+00,1.51e-02,1.13e+00,1.50e-02
2-8-8,N,1045,15821.3015879632,3.94e-04,2.47e+00,4.13e-02,2.27e+00,4.10e-02
2-8-8,N,1046,15866.6821110271,5.45e-04,2.76e+00,5.11e-02,2.36e+00,5.05e-02
2-8-8,N,1047,15888.5683031792,3.36e-04,1.86e+00,3.00e-02,1.35e+00,2.97e-02
2-8-8,N,1048,15888.8814221434,3.90e-04,3.29e+00,3.65e-02,2.06e+00,3.61e-02
2-8-8,N,1049,15897.1476925933,1.68e-04,1.76e+00,2.00e-02,1.52e+00,1.98e-02
2-8-8,N,1050,15902.4290333532,1.48e-04,2.02e+00,1.71e-02,1.31e+00,1.70e-02
2-8-8,N,1051,15915.4865683822,3.39e-04,1.75e+00,3.19e-02,1.87e+00,3.15e-02
2-8-8,N,1052,15927.2258760777,1.68e-04,1.99e+00,1.84e-02,1.35e+00,1.82e-02
2-8-8,N,1053,15967.5448008474,1.19e-04,1.56e+00,1.66e-02,1.46e+00,1.65e-02
2-8-8,N,1054,15971.3775137271,1.82e-04,1.56e+00,2.02e-02,1.46e+00,2.00e-02
2-8-8,N,1055,15993.3976294617,2.70e-04,2.51e+00,2.94e-02,1.83e+00,2.92e-02
2-8-8,N,1056,16017.0854468489,3.80e-04,2.24e+00,3.69e-02,1.97e+00,3.65e-02
2-8-8,N,1057,16024.762568855,5.64e-04,2.04e+00,4.99e-02,2.24e+00,4.93e-02
2-8-8,N,1058,16027.9854802667,1.08e-04,2.29e+00,1.43e-02,1.34e+00,1.42e-02
2-8-8,N,1059,16063.3121582594,3.18e-04,2.22e+00,3.10e-02,1.73e+00,3.06e-02
2-8-8,N,1060,16068.3799218055,1.48e-04,1.72e+00,1.62e-02,1.20e+00,1.60e-02
2-8-8,N,1061,16081.8775948757,1.03e-04,2.94e+00,1.60e-02,1.51e+00,1.59e-02
2-8-8,N,1062,16092.1605755595,4.27e-04,2.73e+00,3.90e-02,2.03e+00,3.85e-02
2-8-8,N,1063,16116.5660516732,3.53e-04,2.40e+00,3.21e-02,1.60e+00,3.18e-02
2-8-8,N,1064,16124.2533366729,6.84e-04,2.20e+00,5.82e-02,2.79e+00,5.76e-02
2-8-8,N,1065,16166.2033684829,1.50e-04,2.31e+00,1.99e-02,1.55e+00,1.97e-02
2-8-8,N,1066,16170.21960372,2.19e-04,2.18e+00,2.32e-02,1.61e+00,2.30e-02
2-8-8,N,1067,16182.7818487522,6.02e-04,3.24e+00,5.34e-02,2.60e+00,5.28e-02
2-8-8,N,1068,16211.8970151576,4.88e-04,2.65e+00,4.39e-02,2.16e+00,4.34e-02
2-8-8,N,1069,16224.7497422428,1.92e-04,2.84e+00,2.09e-02,1.48e+00,2.07e-02
2-8-8,N,1070,16234.9881655634,3.54e-04,2.64e+00,3.48e-02,2.15e+00,3.45e-02
2-8-8,N,1071,16253.1887975706,3.06e-04,2.11e+00,3.13e-02,1.90e+00,3.10e-02
2-8-8,N,1072,16261.8261779855,1.46e-04,2.27e+00,1.72e-02,1.36e+00,1.71e-02
2-8-8,N,1073,16265.3481368576,1.64e-04,2.21e+00,1.80e-02,1.32e+00,1.78e-02
2-8-8,N,1074,16270.8915528102,2.94e-04,3.76e+00,3.55e-02,2.18e+00,3.52e-02
2-8-8,N,1075,16273.1597074253,2.98e-04,2.79e+00,3.02e-02,2.04e+00,3.00e-02
2-8-8,N,1076,16278.047934399,2.05e-04,2.38e+00,2.04e-02,1.38e+00,2.02e-02
2-8-8,N,1077,16297.6833635748,2.43e-04,2.55e+00,2.75e-02,1.88e+00,2.73e-02
2-8-8,N,1078,16371.1900925829,8.38e-04,2.80e+00,7.32e-02,3.10e+00,7.24e-02
2-8-8,N,1079,16390.8979868248,2.57e-05,3.20e+00,7.16e-03,1.02e+00,7.14e-03
2-8-8,N,1080,16398.9427998903,1.57e-04,2.28e+00,2.06e-02,1.71e+00,2.05e-02
2-8-8,N,1081,16407.7027567828,1.84e-04,2.78e+00,2.10e-02,1.64e+00,2.08e-02
2-8-8,N,1082,16415.018528876,2.35e-04,3.07e+00,2.56e-02,1.64e+00,2.54e-02
2-8-8,N,1083,16431.6866632165,7.21e-05,2.09e+00,1.23e-02,1.34e+00,1.22e-02
2-8-8,N,1084,16437.6208119965,8.48e-04,3.94e+00,7.23e-02,2.94e+00,7.15e-02
2-8-8,N,1085,16450.826256885,9.73e-04,2.86e+00,7.80e-02,3.32e+00,7.70e-02
2-8-8,N,1086,16473.4369696324,8.42e-05,2.52e+00,1.23e-02,1.28e+00,1.23e-02
2-8-8,N,1087,16482.3731624987,7.70e-04,3.00e+00,6.15e-02,2.61e+00,6.07e-02
2-8-8,N,1088,16492.8945512587,4.98e-04,3.48e+00,4.37e-02,2.18e+00,4.32e-02
2-8-8,N,1089,16494.7507379889,2.27e-04,3.19e+00,2.28e-02,1.78e+00,2.26e-02
2-8-8,N,1090,16545.0782644556,5.26e-04,3.21e+00,4.53e-02,2.30e+00,4.48e-02
2-8-8,N,1091,16560.3139790513,2.01e-04,2.07e+00,2.19e-02,1.60e+00,2.17e-02
2-8-8,N,1092,16570.9107969402,7.55e-04,3.41e+00,6.17e-02,2.53e+00,6.10e-02
2-8-8,N,1093,16571.9241235181,3.64e-04,3.70e+00,3.81e-02,2.53e+00,3.77e-02
2-8-8,N,1094,16593.1109151142,1.02e-04,2.22e+00,1.50e-02,1.51e+00,1.49e-02
2-8-8,N,1095,16612.2024133749,2.52e-04,2.43e+00,2.70e-02,1.95e+00,2.68e-02
2-8-8,N,1096,16624.9568670285,3.12e-04,3.44e+00,2.79e-02,1.61e+00,2.76e-02
2-8-8,N,1097,16630.424568786,5.37e-04,3.59e+00,4.76e-02,2.53e+00,4.71e-02
2-8-8,N,1098,16642.4940581219,3.45e-04,3.47e+00,3.29e-02,2.03e+00,3.25e-02
2-8-8,N,1099,16679.8924944907,4.73e-04,2.88e+00,4.18e-02,2.08e+00,4.13e-02
2-8-8,N,1100,16687.4474700767,7.78e-04,3.19e+00,6.78e-02,3.06e+00,6.70e-02
2-8-8,N,1101,16691.9444624298,3.22e-04,2.60e+00,2.96e-02,2.01e+00,2.92e-02
2-8-8,N,1102,16694.676386587,3.71e-04,4.16e+00,3.83e-02,2.40e+00,3.79e-02
2-8-8,N,1103,16761.2122931198,1.11e-03,6.07e+00,8.94e-02,3.43e+00,8.83e-02
2-8-8,N,1104,16774.397024097,8.03e-04,3.41e+00,6.64e-02,3.20e+00,6.56e-02
2-8-8,N,1105,16788.4521563493,3.92e-04,3.02e+00,3.35e-02,1.94e+00,3.31e-02
2-8-8,N,1106,16788.6853695474,1.17e-03,3.59e+00,8.90e-02,1.96e+00,8.78e-02
2-8-8,N,1107,16789.0546149666,3.69e-04,3.98e+00,3.66e-02,3.64e+00,3.63e-02
2-8-8,N,1108,16814.820278648,2.15e-04,3.63e+00,2.56e-02,1.94e+00,2.54e-02
2-8-8,N,1109,16834.1584404616,2.51e-04,3.11e+00,2.46e-02,1.64e+00,2.43e-02
2-8-8,N,1110,16857.1791233432,1.20e-04,2.57e+00,1.66e-02,1.69e+00,1.65e-02
2-8-8,N,1111,16872.3893924033,4.08e-04,2.65e+00,3.66e-02,1.92e+00,3.62e-02
2-8-8,N,1112,16874.7478579523,5.58e-04,3.32e+00,5.03e-02,2.69e+00,4.98e-02
2-8-8,N,1113,16875.9153682932,5.26e-04,4.81e+00,4.15e-02,2.23e+00,4.09e-02
2-8-8,N,1114,16884.0243422675,9.27e-04,4.14e+00,7.12e-02,3.16e+00,7.02e-02
2-8-8,N,1115,16934.7869155514,5.71e-04,3.52e+00,4.59e-02,1.68e+00,4.53e-02
2-8-8,N,1116,16935.3645306553,9.66e-04,4.13e+00,7.54e-02,3.49e+00,7.44e-02
2-8-8,N,1117,16941.8554015051,6.27e-04,4.80e+00,6.36e-02,3.87e+00,6.30e-02
2-8-8,N,1118,16982.9966523766,2.54e-04,3.64e+00,2.82e-02,2.08e+00,2.79e-02
2-8-8,N,1119,16988.1342028578,4.92e-04,4.24e+00,4.73e-02,2.78e+00,4.68e-02
2-8-8,N,1120,17007.2010282326,1.04e-03,4.73e+00,7.90e-02,3.22e+00,7.80e-02
2-8-8,N,1121,17032.737496144,2.16e-04,2.64e+00,2.55e-02,1.82e+00,2.53e-02
2-8-8,N,1122,17033.0467492319,2.33e-04,4.00e+00,2.54e-02,1.90e+00,2.52e-02
2-8-8,N,1123,17033.1939130915,3.20e-04,3.90e+00,2.86e-02,1.91e+00,2.83e-02
2-8-8,N,1124,17114.1834597564,1.46e-03,3.59e+00,1.00e-01,2.48e+00,9.87e-02
2-8-8,N,1125,17115.2866826356,1.11e-03,5.16e+00,8.85e-02,4.56e+00,8.74e-02
2-8-8,N,1126,17122.9739094453,4.82e-04,4.13e+00,4.34e-02,2.37e+00,4.29e-02
2-8-8,N,1127,17126.8379412584,3.93e-04,6.78e+00,3.36e-02,2.22e+00,3.32e-02
2-8-8,N,1128,17146.0576185401,1.35e-03,4.47e+00,9.80e-02,3.61e+00,9.67e-02
2-8-8,N,1129,17149.7546175873,4.38e-04,4.65e+00,4.14e-02,2.61e+00,4.10e-02
2-8-8,N,1130,17168.5980005896,1.86e-04,4.26e+00,2.55e-02,2.06e+00,2.53e-02
2-8-8,N,1131,17173.7822424184,1.84e-03,4.64e+00,1.32e-01,3.83e+00,1.30e-01
2-8-8,N,1132,17175.9866532166,1.33e-04,4.50e+00,2.10e-02,2.95e+00,2.09e-02
2-8-8,N,1133,17191.0330250513,1.51e-04,3.42e+00,2.03e-02,2.02e+00,2.02e-02
2-8-8,N,1134,17202.3920630291,2.75e-04,4.08e+00,2.52e-02,1.76e+00,2.49e-02
2-8-8,N,1135,17211.7323525909,1.05e-03,4.99e+00,7.73e-02,3.22e+00,7.63e-02
2-8-8,N,1136,17253.8505383529,7.68e-04,4.71e+00,5.99e-02,2.60e+00,5.91e-02
2-8-8,N,1137,17255.4709389463,5.20e-04,4.05e+00,4.27e-02,2.65e+00,4.22e-02
2-8-8,N,1138,17271.9526027131,1.80e-03,5.54e+00,1.25e-01,4.32e+00,1.24e-01
2-8-8,N,1139,17294.4608540558,9.10e-04,3.41e+00,7.02e-02,2.71e+00,6.93e-02
2-8-8,N,1140,17295.3974394907,7.68e-04,4.69e+00,6.53e-02,4.18e+00,6.45e-02
2-8-8,N,1141,17345.0065321702,1.11e-03,5.81e+00,8.79e-02,3.95e+00,8.68e-02
2-8-8,N,1142,17349.5176723576,1.29e-04,3.45e+00,2.27e-02,2.17e+00,2.25e-02
2-8-8,N,1143,17365.4654549821,4.16e-04,3.93e+00,3.83e-02,2.38e+00,3.79e-02
2-8-8,N,1144,17368.76680316,6.30e-04,6.19e+00,5.73e-02,3.12e+00,5.67e-02
2-8-8,N,1145,17375.6205672371,8.53e-04,4.76e+00,6.40e-02,2.93e+00,6.32e-02
2-8-8,N,1146,17378.5966118804,1.39e-03,4.34e+00,9.78e-02,3.89e+00,9.64e-02
2-8-8,N,1147,17402.5536690201,2.84e-04,5.28e+00,3.72e-02,2.94e+00,3.69e-02
2-8-8,N,1148,17429.2944632224,5.06e-04,4.57e+00,4.40e-02,2.60e+00,4.35e-02
2-8-8,N,1149,17434.9460562057,2.05e-03,6.49e+00,1.40e-01,4.96e+00,1.38e-01
2-8-8,N,1150,17474.8867574267,5.08e-04,4.06e+00,4.18e-02,2.35e+00,4.13e-02
2-8-8,N,1151,17495.5655875968,1.20e-03,4.93e+00,8.98e-02,3.54e+00,8.86e-02
2-8-8,N,1152,17522.9117680927,1.33e-03,4.80e+00,9.01e-02,3.18e+00,8.87e-02
2-8-8,N,1153,17524.4588491678,9.80e-04,4.52e+00,7.43e-02,3.56e+00,7.33e-02
2-8-8,N,1154,17553.0040074139,4.66e-04,3.69e+00,4.03e-02,2.43e+00,3.98e-02
2-8-8,N,1155,17553.7759595534,4.84e-04,4.14e+00,3.78e-02,2.11e+00,3.74e-02
2-8-8,N,1156,17554.3883133297,1.66e-03,5.66e+00,1.18e-01,4.74e+00,1.16e-01
2-8-8,N,1157,17571.0225978279,8.21e-04,5.70e+00,6.70e-02,3.27e+00,6.62e-02
2-8-8,N,1158,17598.9225813955,1.86e-03,6.45e+00,1.27e-01,4.18e+00,1.25e-01
2-8-8,N,1159,17606.3381078568,1.86e-03,5.10e+00,1.20e-01,4.54e+00,1.18e-01
2-8-8,N,1160,17651.5426227264,3.52e-04,4.34e+00,3.38e-02,2.45e+00,3.34e-02
2-8-8,N,1161,17654.0343489321,1.74e-03,6.67e+00,1.20e-01,4.47e+00,1.18e-01
2-8-8,N,1162,17675.9883603658,9.38e-04,4.86e+00,6.42e-02,2.57e+00,6.32e-02
2-8-8,N,1163,17680.6391073083,1.32e-03,5.97e+00,8.97e-02,3.55e+00,8.84e-02
2-8-8,N,1164,17693.7955402157,8.80e-04,5.87e+00,6.47e-02,3.00e+00,6.38e-02
2-8-8,N,1165,17700.0602128367,2.06e-04,3.90e+00,2.99e-02,2.85e+00,2.97e-02
2-8-8,N,1166,17705.3953691223,5.90e-04,5.98e+00,5.18e-02,2.96e+00,5.12e-02
2-8-8,N,1167,17718.9723052222,1.46e-03,5.92e+00,1.01e-01,4.03e+00,9.99e-02
2-8-8,N,1168,17729.285786393,1.83e-03,7.09e+00,1.24e-01,5.07e+00,1.22e-01
2-8-8,N,1169,17770.5957893696,1.06e-03,5.91e+00,8.41e-02,4.21e+00,8.30e-02
2-8-8,N,1170,17797.5488163989,8.69e-04,4.43e+00,6.61e-02,2.94e+00,6.52e-02
2-8-8,N,1171,17806.238808192,1.62e-03,5.19e+00,1.07e-01,3.86e+00,1.05e-01
2-8-8,N,1172,17812.7112027328,6.22e-04,5.12e+00,5.24e-02,3.04e+00,5.18e-02
2-8-8,N,1173,17824.9774545199,6.55e-04,4.44e+00,5.44e-02,3.07e+00,5.38e-02
2-8-8,N,1174,17844.7823357265,2.41e-03,6.39e+00,1.56e-01,5.20e+00,1.54e-01
2-8-8,N,1175,17879.1006952973,5.14e-04,6.51e+00,5.77e-02,3.55e+00,5.72e-02
2-8-8,N,1176,17879.698426724,2.37e-03,7.11e+00,1.46e-01,4.47e+00,1.44e-01
2-8-8,N,1177,17905.1773556772,1.53e-03,4.66e+00,9.62e-02,3.09e+00,9.46e-02
2-8-8,N,1178,17906.1222378835,2.70e-03,7.18e+00,1.73e-01,5.40e+00,1.70e-01
2-8-8,N,1179,17910.4427181955,5.90e-04,5.73e+00,4.85e-02,3.49e+00,4.80e-02
2-8-8,N,1180,17914.6247847434,2.31e-04,3.95e+00,2.99e-02,3.08e+00,2.96e-02
2-8-8,N,1181,17936.5021985276,6.89e-04,4.52e+00,5.56e-02,3.10e+00,5.50e-02
2-8-8,N,1182,17949.181508918,1.61e-03,8.87e+00,1.18e-01,4.58e+00,1.16e-01
2-8-8,N,1183,17981.10405597,2.18e-03,6.05e+00,1.34e-01,4.12e+00,1.32e-01
2-8-8,N,1184,18011.8364857214,1.94e-03,6.09e+00,1.27e-01,4.44e+00,1.25e-01
2-8-8,N,1185,18017.8867029521,1.74e-03,5.25e+00,1.15e-01,3.29e+00,1.13e-01
2-8-8,N,1186,18019.6097592784,1.09e-03,5.38e+00,7.64e-02,4.31e+00,7.53e-02
2-8-8,N,1187,18024.0749132095,4.41e-03,7.52e+00,2.66e-01,8.01e+00,2.62e-01
2-8-8,N,1188,18055.8774569883,1.18e-03,8.66e+00,9.49e-02,4.71e+00,9.37e-02
2-8-8,N,1189,18080.1090137366,6.79e-04,5.75e+00,5.27e-02,2.99e+00,5.20e-02
2-8-8,N,1190,18101.4683249278,1.15e-03,6.52e+00,8.14e-02,3.92e+00,8.02e-02
2-8-8,N,1191,18122.1607246807,2.15e-03,6.75e+00,1.36e-01,4.83e+00,1.34e-01
2-8-8,N,1192,18130.9731098546,3.01e-03,6.47e+00,1.80e-01,5.19e+00,1.77e-01
2-8-8,N,1193,18148.3086755841,1.55e-03,6.22e+00,1.10e-01,4.33e+00,1.09e-01
2-8-8,N,1194,18158.418598551,1.02e-03,4.65e+00,7.71e-02,3.74e+00,7.60e-02
2-8-8,N,1195,18160.9987249732,5.40e-04,5.81e+00,4.14e-02,2.63e+00,4.08e-02
2-8-8,N,1196,18189.9374999828,6.12e-04,6.15e+00,5.24e-02,3.34e+00,5.18e-02
2-8-8,N,1197,18203.7291826639,1.47e-03,9.15e+00,1.02e-01,4.37e+00,1.01e-01
2-8-8,N,1198,18223.9344596858,2.87e-03,7.19e+00,1.76e-01,5.16e+00,1.73e-01
2-8-8,N,1199,18227.6686489757,2.16e-03,6.38e+00,1.34e-01,5.05e+00,1.32e-01
2-8-8,N,1200,18245.7938374301,6.26e-04,4.95e+00,5.21e-02,3.24e+00,5.15e-02
2-8-8,N,1201,18274.6937684749,2.10e-03,7.08e+00,1.35e-01,4.68e+00,1.32e-01
2-8-8,N,1202,18286.8101791212,8.96e-04,6.24e+00,6.95e-02,3.63e+00,6.86e-02
2-8-8,N,1203,18304.044389731,9.87e-04,6.49e+00,7.52e-02,4.05e+00,7.42e-02
2-8-8,N,1204,18306.2157996446,3.73e-03,6.24e+00,2.22e-01,7.19e+00,2.18e-01
2-8-8,N,1205,18364.4331157857,4.61e-03,8.81e+00,2.73e-01,6.84e+00,2.68e-01
2-8-8,N,1206,18380.7421133607,1.77e-03,7.40e+00,1.19e-01,4.29e+00,1.17e-01
2-8-8,N,1207,18386.1865835035,6.69e-04,7.04e+00,5.22e-02,3.22e+00,5.15e-02
2-8-8,N,1208,18389.919455305,2.66e-03,7.81e+00,1.55e-01,5.01e+00,1.53e-01
2-8-8,N,1209,18401.8188951564,3.45e-03,7.33e+00,2.08e-01,5.47e+00,2.05e-01
2-8-8,N,1210,18403.5995885099,1.63e-03,8.58e+00,1.12e-01,5.61e+00,1.10e-01
2-8-8,N,1211,18408.5616379931,3.79e-04,6.61e+00,3.67e-02,2.84e+00,3.63e-02
2-8-8,N,1212,18432.0168567487,2.46e-03,6.73e+00,1.46e-01,3.84e+00,1.43e-01
2-8-8,N,1213,18434.759877655,2.63e-03,9.74e+00,1.70e-01,7.33e+00,1.67e-01
2-8-8,N,1214,18451.3044638225,2.65e-03,9.22e+00,1.59e-01,6.05e+00,1.56e-01
2-8-8,N,1215,18475.3291690104,2.26e-03,6.21e+00,1.40e-01,4.93e+00,1.38e-01
2-8-8,N,1216,18508.1631849881,3.43e-03,8.18e+00,1.96e-01,5.17e+00,1.93e-01
2-8-8,N,1217,18513.9786997191,2.50e-03,7.65e+00,1.50e-01,4.57e+00,1.47e-01
2-8-8,N,1218,18514.4202397407,2.74e-03,8.12e+00,1.73e-01,6.25e+00,1.70e-01
2-8-8,N,1219,18543.4158147509,3.50e-03,9.23e+00,2.24e-01,6.84e+00,2.20e-01
2-8-8,N,1220,18549.8439042425,1.05e-03,5.79e+00,7.46e-02,4.26e+00,7.36e-02
2-8-8,N,1221,18588.0014414362,1.69e-03,7.65e+00,1.13e-01,4.59e+00,1.11e-01
2-8-8,N,1222,18593.2245486502,8.38e-04,7.13e+00,7.49e-02,3.95e+00,7.41e-02
2-8-8,N,1223,18595.7156362988,1.14e-03,7.08e+00,7.72e-02,4.01e+00,7.60e-02
2-8-8,N,1224,18611.5230908498,2.48e-03,5.42e+00,1.47e-01,5.46e+00,1.44e-01
2-8-8,N,1225,18614.9948241213,2.09e-03,6.91e+00,1.31e-01,5.14e+00,1.29e-01
2-8-8,N,1226,18633.913185534,1.53e-03,7.47e+00,1.00e-01,4.35e+00,9.86e-02
2-8-8,N,1227,18657.6305920797,5.29e-03,7.41e+00,2.80e-01,7.43e+00,2.75e-01
2-8-8,N,1228,18700.3318378396,2.15e-03,8.09e+00,1.44e-01,4.86e+00,1.42e-01
2-8-8,N,1229,18707.602491092,3.18e-03,7.78e+00,1.94e-01,6.62e+00,1.91e-01
2-8-8,N,1230,18725.4234869319,2.43e-03,7.36e+00,1.54e-01,4.76e+00,1.51e-01
2-8-8,N,1231,18736.2831996811,3.42e-03,6.70e+00,1.86e-01,5.42e+00,1.82e-01
2-8-8,N,1232,18746.740931184,3.73e-03,7.25e+00,2.22e-01,6.46e+00,2.18e-01
2-8-8,N,1233,18751.7629892056,1.67e-03,6.54e+00,1.07e-01,4.86e+00,1.05e-01
2-8-8,N,1234,18761.27732594,3.53e-03,8.58e+00,2.06e-01,6.95e+00,2.03e-01
2-8-8,N,1235,18770.9789544744,2.13e-03,8.24e+00,1.37e-01,5.50e+00,1.35e-01
2-8-8,N,1236,18837.7611221892,5.58e-03,9.07e+00,2.95e-01,6.79e+00,2.89e-01
2-8-8,N,1237,18856.98123246,2.00e-03,7.24e+00,1.31e-01,5.43e+00,1.29e-01
2-8-8,N,1238,18859.8061176163,1.16e-03,6.65e+00,8.73e-02,4.96e+00,8.62e-02
2-8-8,N,1239,18866.7989301678,5.30e-04,8.86e+00,5.74e-02,4.00e+00,5.69e-02
2-8-8,N,1240,18873.0902369991,3.90e-03,7.54e+00,1.90e-01,3.63e+00,1.86e-01
2-8-8,N,1241,18874.2737433725,3.51e-03,1.04e+01,2.25e-01,8.47e+00,2.22e-01
2-8-8,N,1242,18912.5586519039,5.76e-03,9.24e+00,3.15e-01,8.66e+00,3.09e-01
2-8-8,N,1243,18918.8410702643,1.13e-03,8.06e+00,9.19e-02,5.05e+00,9.08e-02
2-8-8,N,1244,18927.7603303488,7.39e-04,6.64e+00,6.20e-02,4.00e+00,6.12e-02
2-8-8,N,1245,18949.0511760574,5.77e-04,9.26e+00,5.57e-02,3.69e+00,5.51e-02
2-8-8,N,1246,18958.4176604941,4.63e-03,1.00e+01,2.73e-01,8.17e+00,2.68e-01
2-8-8,N,1247,18994.8309558741,4.17e-03,7.78e+00,2.20e-01,5.84e+00,2.16e-01
2-8-8,N,1248,19000.4156367263,1.03e-02,1.11e+01,5.39e-01,1.12e+01,5.29e-01
2-8-8,N,1249,19023.0460383173,4.04e-03,7.62e+00,2.18e-01,7.54e+00,2.14e-01
2-8-8,N,1250,19046.8230527016,2.24e-03,7.59e+00,1.45e-01,5.17e+00,1.43e-01
2-8-8,N,1251,19056.2241848533,4.53e-03,1.03e+01,2.65e-01,7.14e+00,2.60e-01
2-8-8,N,1252,19063.6101462799,6.79e-04,8.12e+00,5.11e-02,3.49e+00,5.05e-02
2-8-8,N,1253,19072.85197572,3.66e-04,8.59e+00,6.16e-02,5.16e+00,6.12e-02
2-8-8,N,1254,19090.4907664783,2.14e-03,6.88e+00,1.26e-01,4.88e+00,1.23e-01
2-8-8,N,1255,19098.0469254157,8.48e-03,1.19e+01,4.40e-01,7.36e+00,4.31e-01
2-8-8,N,1256,19104.969654408,6.08e-03,9.08e+00,3.30e-01,8.58e+00,3.23e-01
2-8-8,N,1257,19112.04053187,2.06e-03,8.51e+00,1.29e-01,7.57e+00,1.27e-01
2-8-8,N,1258,19124.5364702002,2.45e-03,1.09e+01,1.75e-01,7.62e+00,1.73e-01
2-8-8,N,1259,19173.4141592985,6.12e-03,8.37e+00,3.24e-01,8.20e+00,3.17e-01
2-8-8,N,1260,19224.051143432,9.15e-04,8.70e+00,7.51e-02,4.46e+00,7.42e-02
2-8-8,N,1261,19225.3537538992,6.14e-03,9.10e+00,3.44e-01,8.41e+00,3.38e-01
2-8-8,N,1262,19234.5327709954,5.20e-03,8.96e+00,2.80e-01,7.15e+00,2.74e-01
2-8-8,N,1263,19239.117258908,1.79e-03,8.72e+00,1.11e-01,5.37e+00,1.09e-01
2-8-8,N,1264,19241.2302643445,7.84e-03,1.05e+01,3.95e-01,7.48e+00,3.87e-01
2-8-8,N,1265,19244.0893424682,1.83e-03,1.37e+01,1.28e-01,7.81e+00,1.27e-01
2-8-8,N,1266,19252.7946306699,1.53e-03,9.79e+00,9.87e-02,6.05e+00,9.72e-02
2-8-8,N,1267,19305.6540595584,7.29e-03,1.09e+01,3.90e-01,9.50e+00,3.83e-01
2-8-8,N,1268,19322.862244078,5.31e-03,9.74e+00,2.69e-01,7.30e+00,2.64e-01
2-8-8,N,1269,19333.6799585857,1.76e-03,8.20e+00,1.13e-01,5.18e+00,1.11e-01
2-8-8,N,1270,19344.9768449536,1.72e-03,7.28e+00,1.04e-01,4.61e+00,1.02e-01
2-8-8,N,1271,19375.3977162591,2.30e-03,7.53e+00,1.42e-01,5.54e+00,1.40e-01
2-8-8,N,1272,19386.258596232,3.39e-03,9.27e+00,1.87e-01,6.08e+00,1.84e-01
2-8-8,N,1273,19410.4600112421,6.14e-03,9.18e+00,3.08e-01,6.28e+00,3.02e-01
2-8-8,N,1274,19413.6536539995,8.45e-03,1.31e+01,4.98e-01,1.39e+01,4.89e-01
2-8-8,N,1275,19427.7524803053,1.93e-03,8.74e+00,1.33e-01,6.59e+00,1.31e-01
2-8-8,N,1276,19443.5215708819,4.88e-03,8.53e+00,2.49e-01,6.47e+00,2.44e-01
2-8-8,N,1277,19449.0566537431,2.46e-03,1.05e+01,1.45e-01,5.11e+00,1.43e-01
2-8-8,N,1278,19452.6221538842,8.00e-04,9.10e+00,8.86e-02,5.83e+00,8.78e-02
2-8-8,N,1279,19466.4242685668,3.12e-03,9.35e+00,1.79e-01,6.75e+00,1.76e-01
2-8-8,N,1280,19494.0486756812,1.04e-02,1.30e+01,5.31e-01,1.16e+01,5.21e-01
2-8-8,N,1281,19502.0419049508,4.72e-04,9.10e+00,5.10e-02,4.67e+00,5.06e-02
2-8-8,N,1282,19531.140904348,4.16e-03,9.57e+00,2.40e-01,7.68e+00,2.36e-01
2-8-8,N,1283,19539.3849915959,5.72e-03,1.06e+01,3.04e-01,8.22e+00,2.98e-01
2-8-8,N,1284,19547.2177052318,1.38e-03,9.30e+00,1.13e-01,6.42e+00,1.11e-01
2-8-8,N,1285,19566.1522171481,1.92e-03,1.09e+01,1.37e-01,6.23e+00,1.35e-01
2-8-8,N,1286,19584.4133235414,8.53e-03,1.35e+01,4.35e-01,1.03e+01,4.26e-01
2-8-8,N,1287,19620.6283743797,6.09e-03,9.14e+00,2.97e-01,7.08e+00,2.91e-01
2-8-8,N,1288,19638.0665334386,3.08e-03,8.32e+00,1.77e-01,5.89e+00,1.74e-01
2-8-8,N,1289,19639.2896292237,5.69e-03,1.05e+01,2.92e-01,7.75e+00,2.86e-01
2-8-8,N,1290,19645.3463196882,5.43e-03,9.94e+00,2.80e-01,8.45e+00,2.74e-01
2-8-8,N,1291,19648.6383994662,7.78e-03,1.30e+01,4.00e-01,1.01e+01,3.92e-01
2-8-8,N,1292,19673.5467037333,3.79e-03,9.54e+00,2.02e-01,5.94e+00,1.99e-01
2-8-8,N,1293,19676.8647901247,6.31e-03,1.03e+01,3.31e-01,9.38e+00,3.24e-01
2-8-8,N,1294,19712.8168013459,1.35e-02,1.32e+01,6.60e-01,1.27e+01,6.47e-01
2-8-8,N,1295,19731.2209865145,8.19e-03,9.92e+00,4.20e-01,1.10e+01,4.12e-01
2-8-8,N,1296,19759.7367831947,1.07e-02,1.13e+01,5.25e-01,8.86e+00,5.14e-01
2-8-8,N,1297,19766.8491468603,4.26e-03,1.21e+01,2.40e-01,1.22e+01,2.36e-01
2-8-8,N,1298,19794.8087841241,5.28e-03,1.05e+01,2.96e-01,8.37e+00,2.91e-01
2-8-8,N,1299,19798.4988195345,4.96e-03,9.80e+00,2.77e-01,8.94e+00,2.72e-01
2-8-8,N,1300,19802.1788794952,1.12e-03,1.21e+01,9.51e-02,6.25e+00,9.39e-02
2-8-8,N,1301,19818.6490432454,3.52e-03,1.15e+01,2.00e-01,7.22e+00,1.96e-01
2-8-8,N,1302,19830.5032184572,4.58e-03,9.06e+00,2.54e-01,8.54e+00,2.49e-01
2-8-8,N,1303,19853.8869638643,6.78e-04,8.96e+00,6.95e-02,5.24e+00,6.88e-02
2-8-8,N,1304,19873.8838154674,7.65e-03,1.11e+01,4.01e-01,1.09e+01,3.93e-01
2-8-8,N,1305,19906.3098130222,5.76e-03,9.77e+00,2.92e-01,6.97e+00,2.87e-01
2-8-8,N,1306,19910.1345392282,6.09e-03,1.19e+01,3.38e-01,1.06e+01,3.32e-01
2-8-8,N,1307,19925.8942476699,8.42e-04,1.02e+01,8.39e-02,5.52e+00,8.31e-02
2-8-8,N,1308,19937.2785718578,4.61e-03,1.36e+01,2.42e-01,7.41e+00,2.38e-01
2-8-8,N,1309,19952.1317702165,1.13e-02,1.12e+01,5.28e-01,1.02e+01,5.17e-01
2-8-8,N,1310,19958.9006301815,7.08e-03,1.19e+01,3.61e-01,9.31e+00,3.54e-01
2-8-8,N,1311,19974.2523657474,5.92e-03,1.43e+01,3.06e-01,1.08e+01,3.01e-01
2-8-8,N,1312,20003.9702719105,3.27e-03,1.02e+01,2.10e-01,6.67e+00,2.06e-01
2-8-8,N,1313,20004.8508726349,1.55e-03,1.15e+01,1.23e-01,7.95e+00,1.22e-01
2-8-8,N,1314,20043.1778372319,3.07e-03,1.33e+01,1.85e-01,7.43e+00,1.82e-01
2-8-8,N,1315,20058.0256770618,9.89e-04,1.19e+01,8.37e-02,5.25e+00,8.27e-02
2-8-8,N,1316,20066.6036064251,1.38e-03,1.12e+01,9.73e-02,5.28e+00,9.59e-02
2-8-8,N,1317,20067.3370539531,1.06e-02,1.42e+01,5.27e-01,1.16e+01,5.17e-01
2-8-8,N,1318,20097.1622695153,7.71e-03,1.15e+01,3.99e-01,1.04e+01,3.92e-01
2-8-8,N,1319,20128.4582133116,8.66e-03,1.32e+01,3.86e-01,6.31e+00,3.78e-01
2-8-8,N,1320,20132.2081722735,4.37e-03,1.21e+01,2.20e-01,6.30e+00,2.16e-01
2-8-8,N,1321,20132.5657055306,1.21e-02,1.25e+01,5.63e-01,1.47e+01,5.51e-01
2-8-8,N,1322,20138.1654832362,1.28e-02,1.59e+01,6.60e-01,1.53e+01,6.47e-01
2-8-8,N,1323,20171.8135328445,5.59e-04,1.10e+01,6.27e-02,5.07e+00,6.22e-02
2-8-8,N,1324,20185.0099023274,1.25e-02,1.35e+01,5.21e-01,7.38e+00,5.08e-01
2-8-8,N,1325,20185.4436187244,1.43e-03,1.43e+01,2.10e-01,1.42e+01,2.08e-01
2-8-8,N,1326,20220.2951458081,3.13e-03,8.96e+00,1.04e-01,5.19e+00,1.01e-01
2-8-8,N,1327,20220.7037300821,1.41e-02,1.17e+01,7.13e-01,1.29e+01,6.99e-01
2-8-8,N,1328,20229.2495631229,1.42e-02,1.37e+01,7.00e-01,1.66e+01,6.86e-01
2-8-8,N,1329,20246.0379430676,8.23e-04,1.10e+01,9.75e-02,7.72e+00,9.67e-02
2-8-8,N,1330,20260.2209070464,2.83e-03,1.32e+01,1.87e-01,9.02e+00,1.85e-01
2-8-8,N,1331,20290.3539238429,1.77e-02,1.43e+01,7.54e-01,8.63e+00,7.36e-01
2-8-8,N,1332,20293.3146663928,6.01e-03,1.26e+01,3.56e-01,1.45e+01,3.50e-01
2-8-8,N,1333,20317.061336374,8.00e-03,1.37e+01,4.09e-01,1.17e+01,4.01e-01
2-8-8,N,1334,20353.5105408058,7.85e-03,1.17e+01,3.76e-01,9.91e+00,3.69e-01
2-8-8,N,1335,20376.775270693,1.10e-02,1.52e+01,5.29e-01,1.13e+01,5.18e-01
2-8-8,N,1336,20384.9958056995,5.11e-03,1.26e+01,2.71e-01,8.56e+00,2.66e-01
2-8-8,N,1337,20395.9752324333,9.12e-03,1.27e+01,4.32e-01,1.19e+01,4.23e-01
2-8-8,N,1338,20408.1273950002,3.94e-03,1.43e+01,2.12e-01,8.02e+00,2.08e-01
2-8-8,N,1339,20428.0280365924,9.07e-03,1.43e+01,4.36e-01,8.94e+00,4.27e-01
2-8-8,N,1340,20432.5234507651,7.57e-03,1.13e+01,3.88e-01,1.25e+01,3.81e-01
2-8-8,N,1341,20441.3265810193,3.27e-03,1.26e+01,1.92e-01,8.70e+00,1.88e-01
2-8-8,N,1342,20458.851109688,7.69e-03,1.42e+01,3.48e-01,8.13e+00,3.41e-01
2-8-8,N,1343,20460.5298656781,6.44e-03,1.47e+01,3.85e-01,1.44e+01,3.79e-01
2-8-8,N,1344,20499.6866632084,3.24e-03,1.47e+01,2.09e-01,8.73e+00,2.06e-01
2-8-8,N,1345,20507.7438918794,1.88e-03,1.50e+01,1.29e-01,7.32e+00,1.27e-01
2-8-8,N,1346,20561.1310212845,4.38e-03,1.76e+01,2.30e-01,7.81e+00,2.26e-01
2-8-8,N,1347,20570.1102470933,6.24e-03,1.33e+01,2.98e-01,8.27e+00,2.91e-01
2-8-8,N,1348,20583.0053911529,1.67e-02,1.66e+01,8.06e-01,1.58e+01,7.89e-01
2-8-8,N,1349,20603.7204681493,5.88e-04,1.48e+01,9.16e-02,7.19e+00,9.10e-02
2-8-8,N,1350,20605.1723894238,2.50e-03,1.67e+01,1.63e-01,7.42e+00,1.61e-01
2-8-8,N,1351,20612.4379032612,9.31e-03,1.28e+01,4.46e-01,1.14e+01,4.37e-01
2-8-8,N,1352,20631.853481661,1.26e-02,1.57e+01,2.70e-01,6.95e+00,2.57e-01
2-8-8,N,1353,20632.4154330679,1.63e-02,1.76e+01,1.04e+00,1.19e+01,1.02e+00
2-8-8,N,1354,20639.8557198658,6.34e-03,1.71e+01,3.76e-01,9.78e+00,3.70e-01
2-8-8,N,1355,20642.6627766316,1.75e-03,1.84e+01,1.24e-01,1.99e+01,1.22e-01
2-8-8,N,1356,20673.2267674455,1.08e-02,1.59e+01,5.23e-01,1.26e+01,5.13e-01
2-8-8,N,1357,20700.5117800448,6.35e-03,2.11e+01,3.33e-01,1.12e+01,3.26e-01
2-8-8,N,1358,20721.192087955,7.51e-03,1.54e+01,4.03e-01,1.22e+01,3.96e-01
2-8-8,N,1359,20747.9256438101,7.60e-03,1.41e+01,3.62e-01,9.14e+00,3.55e-01
2-8-8,N,1360,20757.318449442,2.20e-03,1.39e+01,1.51e-01,8.01e+00,1.48e-01
2-8-8,N,1361,20758.183675663,1.67e-02,1.44e+01,7.15e-01,1.14e+01,6.99e-01
2-8-8,N,1362,20772.2480913237,2.23e-02,1.46e+01,1.02e+00,2.17e+01,9.97e-01
2-8-8,N,1363,20798.1692764343,3.50e-03,1.46e+01,2.03e-01,8.47e+00,1.99e-01
2-8-8,N,1364,20805.4174581212,5.12e-03,1.60e+01,2.43e-01,7.77e+00,2.38e-01
2-8-8,N,1365,20807.3678765037,1.03e-02,1.89e+01,5.18e-01,1.57e+01,5.08e-01
2-8-8,N,1366,20845.9920662331,6.89e-03,1.18e+01,3.10e-01,9.04e+00,3.03e-01
2-8-8,N,1367,20846.2596735648,2.28e-03,1.67e+01,2.24e-01,1.16e+01,2.22e-01
2-8-8,N,1368,20882.8712309564,1.59e-03,1.52e+01,1.24e-01,6.76e+00,1.23e-01
2-8-8,N,1369,20890.2053409656,1.33e-02,1.52e+01,5.61e-01,1.04e+01,5.48e-01
2-8-8,N,1370,20892.4583239684,1.04e-02,1.63e+01,4.83e-01,8.54e+00,4.73e-01
2-8-8,N,1371,20894.9168112545,5.24e-03,1.57e+01,3.08e-01,1.48e+01,3.03e-01
2-8-8,N,1372,20918.4793162252,3.24e-03,1.43e+01,1.95e-01,8.73e+00,1.92e-01
2-8-8,N,1373,20919.667397478,1.43e-02,1.89e+01,6.55e-01,1.56e+01,6.40e-01
2-8-8,N,1374,20975.5726551909,8.10e-03,1.75e+01,3.83e-01,9.54e+00,3.75e-01
2-8-8,N,1375,20991.12111326,8.82e-03,1.57e+01,4.06e-01,1.09e+01,3.97e-01
2-8-8,N,1376,21001.4154106868,2.27e-02,1.67e+01,8.57e-01,1.01e+01,8.35e-01
2-8-8,N,1377,21004.18910305,1.15e-02,1.63e+01,6.47e-01,2.18e+01,6.35e-01
2-8-8,N,1378,21019.1057923002,1.74e-02,1.70e+01,7.89e-01,1.55e+01,7.72e-01
2-8-8,N,1379,21025.9856752631,9.11e-04,1.41e+01,1.14e-01,1.00e+01,1.14e-01
2-8-8,N,1380,21061.7087147624,5.80e-03,1.70e+01,3.00e-01,9.73e+00,2.94e-01
2-8-8,N,1381,21080.0169947644,2.29e-02,1.76e+01,8.75e-01,1.13e+01,8.52e-01
2-8-8,N,1382,21084.4403744182,1.95e-02,1.99e+01,9.54e-01,2.48e+01,9.35e-01
2-8-8,N,1383,21106.1806872636,4.32e-03,1.31e+01,2.67e-01,1.28e+01,2.62e-01
2-8-8,N,1384,21119.6559047852,2.43e-03,1.93e+01,1.66e-01,8.69e+00,1.63e-01
2-8-8,N,1385,21129.4905548087,6.46e-03,2.01e+01,3.57e-01,1.31e+01,3.50e-01
2-8-8,N,1386,21138.2573631645,3.19e-03,1.65e+01,2.05e-01,1.25e+01,2.01e-01
2-8-8,N,1387,21185.1058932932,1.04e-02,1.47e+01,4.91e-01,1.22e+01,4.80e-01
2-8-8,N,1388,21206.6627630918,2.51e-03,1.75e+01,1.96e-01,9.68e+00,1.93e-01
2-8-8,N,1389,21229.2405843574,7.98e-03,1.97e+01,3.41e-01,6.06e+00,3.33e-01
2-8-8,N,1390,21230.3096642879,2.51e-03,2.01e+01,2.05e-01,9.51e+00,2.02e-01
2-8-8,N,1391,21232.200882046,1.91e-03,2.13e+01,1.67e-01,1.20e+01,1.65e-01
2-8-8,N,1392,21256.7367359561,7.49e-04,1.80e+01,1.08e-01,8.39e+00,1.08e-01
2-8-8,N,1393,21269.2493748871,5.98e-03,1.72e+01,3.15e-01,9.08e+00,3.09e-01
2-8-8,N,1394,21274.6622868288,1.30e-02,1.75e+01,6.40e-01,1.59e+01,6.27e-01
2-8-8,N,1395,21295.4768762687,4.60e-03,1.88e+01,2.63e-01,9.84e+00,2.58e-01
2-8-8,N,1396,21301.0568457873,1.47e-02,1.76e+01,6.05e-01,1.04e+01,5.90e-01
2-8-8,N,1397,21307.7296845816,1.90e-02,2.82e+01,8.61e-01,1.93e+01,8.42e-01
2-8-8,N,1398,21329.1452124766,1.42e-02,1.78e+01,6.59e-01,1.77e+01,6.45e-01
2-8-8,N,1399,21362.3235188717,3.08e-03,1.91e+01,1.93e-01,9.19e+00,1.89e-01
2-8-8,N,1400,21373.1802482806,2.11e-02,1.96e+01,8.79e-01,1.54e+01,8.58e-01
2-8-8,N,1401,21389.5025212161,1.18e-02,2.15e+01,5.64e-01,1.66e+01,5.52e-01
2-8-8,N,1402,21404.8500169581,2.28e-02,2.09e+01,9.47e-01,1.69e+01,9.25e-01
2-8-8,N,1403,21427.3470744579,5.97e-03,1.66e+01,3.21e-01,1.22e+01,3.16e-01
2-8-8,N,1404,21432.6360782368,2.82e-03,1.76e+01,1.97e-01,9.70e+00,1.94e-01
2-8-8,N,1405,21456.9391282577,9.70e-03,2.78e+01,4.39e-01,1.14e+01,4.29e-01
2-8-8,N,1406,21475.0408987514,1.23e-02,2.08e+01,4.06e-01,9.95e+00,3.94e-01
2-8-8,N,1407,21478.1413299318,3.94e-02,2.19e+01,1.68e+00,2.14e+01,1.64e+00
2-8-8,N,1408,21482.3445885032,1.15e-02,2.08e+01,6.02e-01,2.44e+01,5.91e-01
2-8-8,N,1409,21510.6685830477,5.58e-03,2.24e+01,2.95e-01,1.16e+01,2.89e-01
2-8-8,N,1410,21518.4546305546,4.45e-03,2.14e+01,2.73e-01,1.39e+01,2.68e-01
2-8-8,N,1411,21557.8535088317,2.13e-02,1.73e+01,8.47e-01,1.47e+01,8.26e-01
2-8-8,N,1412,21562.6249323833,1.05e-03,1.78e+01,1.41e-01,1.13e+01,1.40e-01
2-8-8,N,1413,21576.3977303084,4.57e-03,1.99e+01,2.74e-01,1.16e+01,2.69e-01
2-8-8,N,1414,21584.913909432,4.74e-03,2.44e+01,2.81e-01,1.15e+01,2.77e-01
2-8-8,N,1415,21596.0797255828,7.87e-03,2.18e+01,4.13e-01,1.27e+01,4.05e-01
2-8-8,N,1416,21601.780668072,1.08e-02,2.16e+01,4.80e-01,1.33e+01,4.69e-01
2-8-8,N,1417,21651.1104332076,3.29e-02,2.13e+01,1.18e+00,1.49e+01,1.14e+00
2-8-8,N,1418,21654.2075395585,1.38e-02,1.91e+01,7.34e-01,2.04e+01,7.20e-01
2-8-8,N,1419,21672.7465385681,8.48e-03,2.05e+01,4.23e-01,1.23e+01,4.15e-01
2-8-8,N,1420,21680.2916141918,8.36e-03,1.93e+01,4.46e-01,1.92e+01,4.38e-01
2-8-8,N,1421,21697.0503736993,7.59e-04,1.93e+01,1.13e-01,8.93e+00,1.12e-01
2-8-8,N,1422,21717.7978857225,1.22e-02,2.32e+01,5.86e-01,1.48e+01,5.74e-01
2-8-8,N,1423,21726.7392996806,5.13e-03,2.21e+01,2.75e-01,1.03e+01,2.69e-01
2-8-8,N,1424,21735.9715054523,1.03e-02,2.12e+01,4.61e-01,1.49e+01,4.51e-01
2-8-8,D,0,40.1158921302439,7.20e-12,1.35e-13,7.11e-14,7.74e-12,7.13e-12
2-8-8,D,1,73.6638118340411,1.29e-11,1.71e-13,1.42e-13,1.41e-11,1.30e-11
2-8-8,D,2,97.8777139391009,1.77e-11,6.54e-13,5.26e-13,1.90e-11,1.72e-11
2-8-8,D,3,126.537514040984,2.18e-11,5.68e-13,6.25e-13,2.39e-11,2.12e-11
2-8-8,D,4,135.941291123652,2.50e-11,7.39e-13,1.71e-13,2.75e-11,2.49e-11
2-8-8,D,5,175.228987745441,3.19e-11,1.31e-12,5.97e-13,3.48e-11,3.13e-11
2-8-8,D,6,189.53391468608,3.24e-11,1.11e-12,9.95e-13,3.53e-11,3.14e-11
2-8-8,D,7,211.425387277068,3.72e-11,8.53e-13,1.39e-12,4.13e-11,3.58e-11
2-8-8,D,8,222.371124207113,4.01e-11,8.53e-14,6.25e-13,4.41e-11,3.94e-11
2-8-8,D,9,257.309064034594,4.92e-11,7.96e-13,5.68e-14,5.37e-11,4.92e-11
2-8-8,D,10,276.783858314193,4.98e-11,5.68e-14,2.84e-13,5.41e-11,4.95e-11
2-8-8,D,11,284.499496361392,4.92e-11,0.00e+00,1.48e-12,5.34e-11,4.77e-11
2-8-8,D,12,320.949890416255,5.91e-11,6.25e-13,3.41e-13,6.40e-11,5.95e-11
2-8-8,D,13,327.178103374452,5.82e-11,1.48e-12,7.96e-13,6.24e-11,5.74e-11
2-8-8,D,14,359.686417597647,6.58e-11,3.98e-13,3.98e-13,7.33e-11,6.62e-11
2-8-8,D,15,368.772031767114,6.34e-11,1.08e-12,3.41e-13,6.82e-11,6.30e-11
2-8-8,D,16,394.57776644567,7.54e-11,2.22e-12,1.14e-12,8.17e-11,7.43e-11
2-8-8,D,17,395.187768050599,6.96e-11,1.59e-12,1.99e-12,7.62e-11,6.76e-11
2-8-8,D,18,440.148043539426,7.57e-11,5.12e-13,7.39e-13,8.45e-11,7.64e-11
2-8-8,D,19,445.082288179722,8.15e-11,4.55e-13,9.09e-13,9.03e-11,8.05e-11
2-8-8,D,20,484.83297677993,8.69e-11,6.82e-13,5.12e-13,9.67e-11,8.64e-11
2-8-8,D,21,485.790359645095,7.82e-11,5.12e-13,1.76e-12,8.79e-11,8.00e-11
2-8-8,D,22,501.965246873981,9.12e-11,1.42e-12,2.27e-12,9.72e-11,8.90e-11
2-8-8,D,23,515.891771635996,9.49e-11,1.14e-12,1.25e-12,1.03e-10,9.37e-11
2-8-8,D,24,540.377518139275,9.56e-11,3.41e-12,2.05e-12,1.03e-10,9.36e-11
2-8-8,D,25,573.776623375237,1.02e-10,3.75e-12,1.82e-12,1.12e-10,1.00e-10
2-8-8,D,26,583.472804370834,1.08e-10,1.02e-12,3.07e-12,1.16e-10,1.05e-10
2-8-8,D,27,599.952618008175,1.02e-10,2.27e-12,5.68e-13,1.13e-10,1.01e-10
2-8-8,D,28,607.08933376625,1.12e-10,2.27e-13,2.27e-13,1.23e-10,1.12e-10
2-8-8,D,29,647.703989139562,1.11e-10,1.71e-12,7.96e-13,1.20e-10,1.10e-10
2-8-8,D,30,657.271129847098,1.21e-10,2.73e-12,1.14e-13,1.30e-10,1.21e-10
2-8-8,D,31,667.39817221753,1.22e-10,1.14e-12,1.14e-13,1.31e-10,1.21e-10
2-8-8,D,32,703.040229699262,1.23e-10,1.82e-12,2.39e-12,1.31e-10,1.21e-10
2-8-8,D,33,722.75226730217,1.29e-10,4.55e-13,1.59e-12,1.37e-10,1.31e-10
2-8-8,D,34,722.802543307965,1.28e-10,2.84e-12,9.09e-13,1.36e-10,1.29e-10
2-8-8,D,35,743.770197515325,1.34e-10,6.82e-13,6.82e-13,1.46e-10,1.34e-10
2-8-8,D,36,758.152806667274,1.34e-10,9.09e-13,4.55e-13,1.41e-10,1.33e-10
2-8-8,D,37,785.012287812515,1.35e-10,1.71e-12,2.84e-12,1.44e-10,1.38e-10
2-8-8,D,38,805.780063278254,1.46e-10,4.43e-12,4.55e-13,1.48e-10,1.45e-10
2-8-8,D,39,821.131957844432,1.45e-10,2.96e-12,9.09e-13,1.47e-10,1.46e-10
2-8-8,D,40,842.955492196291,1.57e-10,6.82e-13,3.52e-12,1.52e-10,1.53e-10
2-8-8,D,41,855.806677029586,1.43e-10,6.82e-13,6.82e-13,1.46e-10,1.44e-10
2-8-8,D,42,876.255790293765,1.54e-10,2.16e-12,2.50e-12,1.49e-10,1.51e-10
2-8-8,D,43,898.3132048528,1.53e-10,3.64e-12,3.18e-12,1.36e-10,1.56e-10
2-8-8,D,44,918.61240694884,1.72e-10,5.68e-13,3.30e-12,1.44e-10,1.69e-10
2-8-8,D,45,932.383401321954,1.67e-10,2.27e-13,2.05e-12,1.52e-10,1.65e-10
2-8-8,D,46,948.125820318539,1.58e-10,3.18e-12,0.00e+00,1.36e-10,1.58e-10
2-8-8,D,47,960.664261546815,1.64e-10,4.89e-12,4.66e-12,1.26e-10,1.69e-10
2-8-8,D,48,986.385869626089,1.74e-10,6.82e-13,4.89e-12,1.31e-10,1.69e-10
2-8-8,D,49,996.920671817665,1.76e-10,6.48e-12,4.55e-12,5.45e-11,1.81e-10
2-8-8,D,50,1023.83174904343,1.81e-10,4.77e-12,9.09e-13,1.47e-10,1.82e-10
2-8-8,D,51,1029.03919633313,1.85e-10,2.50e-12,6.82e-13,3.43e-11,1.86e-10
2-8-8,D,52,1064.94877331555,1.85e-10,2.96e-12,1.59e-12,1.11e-10,1.83e-10
2-8-8,D,53,1077.94044667976,1.92e-10,1.36e-12,3.18e-12,1.08e-10,1.89e-10
2-8-8,D,54,1093.09806265198,1.99e-10,1.59e-12,6.82e-13,2.43e-10,2.00e-10
2-8-8,D,55,1102.16199265805,1.89e-10,3.64e-12,1.36e-12,2.20e-10,1.91e-10
2-8-8,D,56,1129.22474559551,2.06e-10,2.05e-12,2.05e-12,2.19e-10,2.03e-10
2-8-8,D,57,1141.50707533253,1.99e-10,2.27e-12,9.09e-13,1.65e-10,1.98e-10
2-8-8,D,58,1181.14656676483,2.06e-10,9.55e-12,1.36e-12,6.26e-10,2.04e-10
2-8-8,D,59,1183.45063293852,2.01e-10,4.55e-13,2.27e-13,5.93e-11,2.00e-10
2-8-8,D,60,1203.83446889018,2.11e-10,8.19e-12,4.32e-12,2.32e-10,2.06e-10
2-8-8,D,61,1211.44261960666,2.21e-10,1.64e-11,2.05e-12,1.62e-09,2.24e-10
2-8-8,D,62,1237.40715541744,2.16e-10,2.48e-11,4.55e-13,1.19e-09,2.16e-10
2-8-8,D,63,1248.60918267286,2.20e-10,1.09e-11,2.27e-13,6.42e-10,2.20e-10
2-8-8,D,64,1252.39882158784,2.22e-10,5.00e-12,4.77e-12,6.43e-10,2.18e-10
2-8-8,D,65,1304.5760216555,2.25e-10,3.12e-11,2.27e-12,2.88e-09,2.23e-10
2-8-8,D,66,1311.6402343575,2.19e-10,1.86e-11,4.09e-12,1.46e-09,2.23e-10
2-8-8,D,67,1317.58906227514,2.36e-10,4.12e-11,1.82e-12,3.19e-09,2.37e-10
2-8-8,D,68,1332.98913430995,2.26e-10,3.12e-11,4.55e-13,2.08e-09,2.26e-10
2-8-8,D,69,1351.59335999829,2.32e-10,2.59e-11,3.18e-12,2.19e-09,2.35e-10
2-8-8,D,70,1389.71619359578,2.61e-10,9.05e-11,3.18e-12,3.90e-09,2.58e-10
2-8-8,D,71,1405.44793417187,2.43e-10,7.62e-11,5.00e-12,1.33e-09,2.38e-10
2-8-8,D,72,1406.13422614645,2.35e-10,1.17e-10,9.09e-13,8.54e-09,2.36e-10
2-8-8,D,73,1433.47283452181,2.41e-10,1.80e-10,9.09e-13,1.30e-08,2.42e-10
2-8-8,D,74,1438.10669204326,2.45e-10,5.39e-11,2.27e-13,2.14e-09,2.45e-10
2-8-8,D,75,1448.62892948652,2.52e-10,1.20e-10,2.73e-12,5.16e-09,2.49e-10
2-8-8,D,76,1501.63533617105,2.66e-10,1.13e-10,2.05e-12,6.52e-09,2.64e-10
2-8-8,D,77,1515.40722303193,2.75e-10,3.67e-10,4.77e-12,2.60e-08,2.70e-10
2-8-8,D,78,1522.64437595719,2.58e-10,9.87e-11,4.55e-13,4.72e-09,2.59e-10
2-8-8,D,79,1527.99134504665,2.70e-10,9.71e-11,4.09e-12,3.29e-09,2.66e-10
2-8-8,D,80,1561.04173969106,2.76e-10,3.33e-10,3.87e-12,2.30e-08,2.80e-10
2-8-8,D,81,1565.5182911868,2.64e-10,2.46e-10,6.82e-13,1.40e-08,2.65e-10
2-8-8,D,82,1574.80828954474,2.71e-10,3.71e-10,5.68e-12,1.60e-08,2.65e-10
2-8-8,D,83,1600.4185345329,2.77e-10,4.98e-10,2.27e-12,1.68e-08,2.79e-10
2-8-8,D,84,1610.13008417745,2.74e-10,1.67e-10,3.64e-12,2.70e-09,2.71e-10
2-8-8,D,85,1647.07355676429,2.82e-10,5.60e-10,3.41e-12,3.82e-08,2.79e-10
2-8-8,D,86,1653.2539779772,2.93e-10,7.27e-10,1.05e-11,4.65e-08,2.82e-10
2-8-8,D,87,1679.51436524025,2.91e-10,8.05e-10,7.05e-12,5.38e-08,2.84e-10
2-8-8,D,88,1695.3557003803,2.76e-10,2.55e-10,2.05e-12,8.44e-09,2.78e-10
2-8-8,D,89,1719.42330581143,3.01e-10,1.00e-09,8.19e-12,6.29e-08,2.93e-10
2-8-8,D,90,1726.8607585815,2.88e-10,4.35e-10,5.00e-12,1.43e-08,2.83e-10
2-8-8,D,91,1754.96694723043,3.08e-10,8.58e-10,7.05e-12,2.93e-08,3.01e-10
2-8-8,D,92,1772.49827902776,3.07e-10,7.46e-10,6.82e-12,4.83e-08,3.00e-10
2-8-8,D,93,1786.06127347481,3.20e-10,2.10e-09,3.02e-11,1.33e-07,2.90e-10
2-8-8,D,94,1788.03810130031,3.08e-10,1.10e-09,5.00e-12,1.81e-08,3.03e-10
2-8-8,D,95,1793.42207485291,2.95e-10,1.50e-09,6.14e-12,5.78e-08,2.89e-10
2-8-8,D,96,1844.13430440272,3.10e-10,8.64e-10,7.96e-12,4.51e-08,3.02e-10
2-8-8,D,97,1849.03386761734,3.30e-10,2.08e-09,2.75e-11,9.14e-08,3.03e-10
2-8-8,D,98,1875.23694439636,3.05e-10,1.90e-09,1.30e-11,1.06e-07,2.92e-10
2-8-8,D,99,1875.34360428687,3.09e-10,8.75e-10,2.73e-12,4.78e-08,3.06e-10
2-8-8,D,100,1903.85502351003,3.32e-10,2.62e-09,3.55e-11,1.51e-07,2.97e-10
2-8-8,D,101,1934.78086635074,3.19e-10,2.35e-09,2.36e-11,1.04e-07,2.95e-10
2-8-8,D,102,1939.16046163761,3.08e-10,1.55e-09,5.23e-12,5.91e-08,3.03e-10
2-8-8,D,103,1941.71019209147,3.33e-10,2.72e-09,4.68e-11,2.10e-07,2.86e-10
2-8-8,D,104,1963.35994765356,3.40e-10,2.75e-09,3.77e-11,1.46e-07,3.02e-10
2-8-8,D,105,1987.24638933882,3.46e-10,3.24e-09,5.23e-12,5.16e-08,3.41e-10
2-8-8,D,106,2014.39805738342,3.23e-10,3.90e-09,3.59e-11,1.44e-07,2.87e-10
2-8-8,D,107,2028.39447590192,3.42e-10,2.73e-09,2.50e-11,1.14e-07,3.17e-10
2-8-8,D,108,2045.88551328238,3.49e-10,4.01e-09,6.43e-11,2.56e-07,2.85e-10
2-8-8,D,109,2046.93747422807,3.52e-10,5.25e-09,6.64e-11,2.31e-07,2.86e-10
2-8-8,D,110,2063.45044371075,3.45e-10,6.08e-09,7.14e-11,2.59e-07,2.73e-10
2-8-8,D,111,2111.98755347813,3.41e-10,4.02e-09,6.46e-11,2.60e-07,2.76e-10
2-8-8,D,112,2112.31947607997,3.42e-10,5.15e-09,2.18e-11,1.32e-07,3.20e-10
2-8-8,D,113,2119.52796276551,3.37e-10,6.78e-09,2.77e-11,1.47e-07,3.09e-10
2-8-8,D,114,2133.08567644467,3.50e-10,6.19e-09,1.43e-10,4.65e-07,2.07e-10
2-8-8,D,115,2182.86578655266,3.46e-10,4.65e-09,5.55e-11,2.18e-07,2.91e-10
2-8-8,D,116,2190.46651669313,3.71e-10,5.21e-09,1.34e-10,4.53e-07,2.37e-10
2-8-8,D,117,2212.37091168695,3.66e-10,9.99e-09,1.69e-10,5.73e-07,1.97e-10
2-8-8,D,118,2218.73870507768,3.57e-10,9.34e-09,1.86e-11,1.10e-07,3.39e-10
2-8-8,D,119,2219.57935831028,3.82e-10,9.82e-09,9.78e-11,3.05e-07,2.84e-10
2-8-8,D,120,2233.66862226356,3.44e-10,5.65e-09,7.19e-11,2.71e-07,2.72e-10
2-8-8,D,121,2268.46615526334,3.48e-10,7.79e-09,3.09e-11,1.71e-07,3.17e-10
2-8-8,D,122,2284.68212773562,3.78e-10,1.34e-08,7.19e-11,2.55e-07,3.06e-10
2-8-8,D,123,2302.08108246149,3.61e-10,1.11e-08,2.67e-10,7.61e-07,9.37e-11
2-8-8,D,124,2317.45986715002,3.68e-10,2.07e-08,1.66e-10,5.11e-07,2.02e-10
2-8-8,D,125,2326.93039657169,3.80e-10,8.00e-09,2.75e-10,8.14e-07,1.05e-10
2-8-8,D,126,2357.79490668134,3.76e-10,1.04e-08,1.53e-10,5.13e-07,2.23e-10
2-8-8,D,127,2361.60381833087,3.43e-10,2.27e-08,1.13e-10,3.97e-07,2.30e-10
2-8-8,D,128,2382.68349189505,3.68e-10,1.10e-08,1.82e-11,1.67e-07,3.50e-10
2-8-8,D,129,2386.53955163852,3.85e-10,1.78e-08,3.90e-10,1.11e-06,5.00e-12
2-8-8,D,130,2419.02061312409,3.89e-10,1.55e-08,3.37e-10,8.55e-07,5.14e-11
2-8-8,D,131,2455.93051351792,4.01e-10,1.91e-08,3.34e-10,8.37e-07,6.73e-11
2-8-8,D,132,2477.54921876782,3.97e-10,3.16e-08,1.66e-10,5.35e-07,2.31e-10
2-8-8,D,133,2489.7426366336,4.02e-10,3.82e-08,4.38e-10,1.19e-06,3.68e-11
2-8-8,D,134,2493.23699631578,3.95e-10,1.65e-08,3.11e-10,7.89e-07,8.46e-11
2-8-8,D,135,2505.25287153573,3.89e-10,3.27e-08,2.56e-10,6.94e-07,1.33e-10
2-8-8,D,136,2508.29070774289,4.22e-10,3.46e-08,4.38e-10,1.14e-06,1.59e-11
2-8-8,D,137,2555.38899488961,3.80e-10,1.90e-08,1.71e-10,4.90e-07,2.09e-10
2-8-8,D,138,2557.24020546824,3.93e-10,6.33e-08,5.31e-10,1.40e-06,1.38e-10
2-8-8,D,139,2564.76686089003,4.07e-10,5.62e-08,6.96e-11,3.94e-07,3.37e-10
2-8-8,D,140,2584.39413603573,4.19e-10,4.68e-08,1.08e-09,2.42e-06,6.65e-10
2-8-8,D,141,2599.3381937077,4.44e-10,5.09e-08,5.28e-10,1.19e-06,8.37e-11
2-8-8,D,142,2635.37864637527,3.98e-10,6.94e-08,4.94e-10,1.20e-06,9.64e-11
2-8-8,D,143,2644.30582159102,3.98e-10,3.40e-08,4.43e-10,1.12e-06,4.50e-11
2-8-8,D,144,2677.00435416067,4.02e-10,5.79e-08,1.19e-09,2.53e-06,7.89e-10
2-8-8,D,145,2686.31332315142,4.28e-10,8.23e-08,1.01e-09,2.24e-06,5.78e-10
2-8-8,D,146,2688.26588394005,4.26e-10,7.70e-08,3.92e-10,9.11e-07,3.41e-11
2-8-8,D,147,2712.74605215888,3.77e-10,5.38e-08,6.08e-10,1.42e-06,2.31e-10
2-8-8,D,148,2734.29512236772,3.89e-10,5.74e-08,2.97e-10,8.49e-07,9.19e-11
2-8-8,D,149,2753.05026045711,4.14e-10,1.05e-07,1.33e-09,2.74e-06,9.12e-10
2-8-8,D,150,2776.43599181847,4.62e-10,1.94e-07,1.04e-09,2.25e-06,5.82e-10
2-8-8,D,151,2784.50165220058,4.47e-10,1.62e-07,9.79e-10,1.92e-06,5.31e-10
2-8-8,D,152,2796.52796811178,4.20e-10,1.43e-07,3.39e-10,9.16e-07,8.05e-11
2-8-8,D,153,2802.20894340799,3.79e-10,1.07e-07,2.50e-09,4.87e-06,2.12e-09
2-8-8,D,154,2819.08335336532,4.37e-10,1.65e-07,2.49e-09,4.92e-06,2.05e-09
2-8-8,D,155,2831.16853830391,4.17e-10,9.58e-08,2.66e-10,8.60e-07,1.51e-10
2-8-8,D,156,2881.28272912488,4.41e-10,2.37e-07,4.85e-10,1.20e-06,4.37e-11
2-8-8,D,157,2896.12654678321,4.28e-10,1.77e-07,3.48e-09,6.29e-06,3.05e-09
2-8-8,D,158,2897.47553335825,4.23e-10,7.37e-08,1.00e-10,5.05e-07,3.22e-10
2-8-8,D,159,2909.36452781158,4.50e-10,3.01e-07,1.80e-09,3.02e-06,1.35e-09
2-8-8,D,160,2951.09624106004,4.66e-10,2.44e-07,6.26e-10,1.28e-06,1.60e-10
2-8-8,D,161,2953.2013098864,4.83e-10,2.74e-07,7.61e-09,1.31e-05,7.13e-09
2-8-8,D,162,2991.09979766378,4.93e-10,3.54e-07,2.88e-09,4.84e-06,2.38e-09
2-8-8,D,163,2995.9280318429,4.61e-10,1.68e-07,7.90e-10,1.83e-06,3.30e-10
2-8-8,D,164,2998.2868975193,4.56e-10,2.85e-07,1.42e-09,2.71e-06,9.61e-10
2-8-8,D,165,3025.25068044418,4.43e-10,3.02e-07,3.59e-09,6.22e-06,3.15e-09
2-8-8,D,166,3046.35764791951,4.83e-10,5.79e-07,3.96e-09,6.86e-06,3.48e-09
2-8-8,D,167,3058.74472153198,4.99e-10,4.06e-07,1.80e-09,3.40e-06,1.30e-09
2-8-8,D,168,3060.74542955901,5.16e-10,2.92e-07,3.98e-09,6.67e-06,3.46e-09
2-8-8,D,169,3084.80220826411,4.43e-10,4.68e-07,2.40e-09,4.21e-06,1.96e-09
2-8-8,D,170,3115.45387361612,4.82e-10,4.21e-07,9.71e-09,1.46e-05,9.23e-09
2-8-8,D,171,3119.14666064098,4.98e-10,6.82e-07,2.23e-09,3.35e-06,1.73e-09
2-8-8,D,172,3135.0801536454,4.81e-10,3.08e-07,3.07e-09,5.11e-06,2.59e-09
2-8-8,D,173,3143.57497871552,5.39e-10,7.33e-07,2.56e-09,4.33e-06,2.02e-09
2-8-8,D,174,3165.23632607579,5.12e-10,3.18e-07,2.41e-09,4.02e-06,1.90e-09
2-8-8,D,175,3217.73031747785,5.12e-10,5.13e-07,3.05e-09,5.42e-06,2.54e-09
2-8-8,D,176,3219.21730201383,5.12e-10,8.91e-07,2.00e-08,2.77e-05,1.95e-08
2-8-8,D,177,3223.44168130338,4.55e-10,4.88e-07,1.04e-08,1.54e-05,9.94e-09
2-8-8,D,178,3236.64605753079,5.03e-10,4.97e-07,2.58e-09,4.10e-06,2.08e-09
2-8-8,D,179,3249.56772106369,5.36e-10,7.35e-07,6.81e-09,1.06e-05,6.27e-09
2-8-8,D,180,3275.20494225565,5.64e-10,1.13e-06,7.89e-09,1.05e-05,7.32e-09
2-8-8,D,181,3303.86262653335,5.36e-10,9.79e-07,2.64e-09,4.38e-06,2.11e-09
2-8-8,D,182,3311.8057131669,5.77e-10,7.02e-07,7.66e-09,1.18e-05,7.08e-09
2-8-8,D,183,3340.53585709645,5.16e-10,1.44e-06,1.97e-08,2.63e-05,1.92e-08
2-8-8,D,184,3340.53932304276,5.22e-10,1.04e-06,3.15e-09,4.80e-06,2.63e-09
2-8-8,D,185,3355.29257726445,5.17e-10,1.30e-06,1.85e-08,2.42e-05,1.80e-08
2-8-8,D,186,3379.29418726753,5.30e-10,8.67e-07,3.36e-09,4.86e-06,2.83e-09
2-8-8,D,187,3402.25518316291,5.59e-10,4.45e-07,5.61e-09,8.33e-06,5.05e-09
2-8-8,D,188,3423.05277193746,5.68e-10,1.62e-06,3.52e-08,4.47e-05,3.46e-08
2-8-8,D,189,3423.44665983618,5.67e-10,1.31e-06,7.65e-09,1.10e-05,7.08e-09
2-8-8,D,190,3466.18244728089,5.48e-10,1.10e-06,2.48e-09,4.91e-06,1.93e-09
2-8-8,D,191,3471.91521206775,5.29e-10,1.53e-06,6.76e-09,1.00e-05,6.23e-09
2-8-8,D,192,3475.21772106795,5.69e-10,1.28e-06,1.54e-08,1.87e-05,1.48e-08
2-8-8,D,193,3501.52807161795,5.80e-10,1.20e-06,2.89e-08,3.54e-05,2.84e-08
2-8-8,D,194,3506.76461051824,5.90e-10,2.28e-06,4.71e-08,5.27e-05,4.65e-08
2-8-8,D,195,3524.67181094464,6.03e-10,1.42e-06,5.82e-09,9.19e-06,5.21e-09
2-8-8,D,196,3557.40132464863,5.92e-10,8.71e-07,7.79e-09,1.04e-05,7.20e-09
2-8-8,D,197,3576.45655424679,5.66e-10,1.54e-06,4.26e-08,4.98e-05,4.21e-08
2-8-8,D,198,3586.29852597342,5.85e-10,1.31e-06,2.00e-08,2.57e-05,1.94e-08
2-8-8,D,199,3587.33449897933,5.22e-10,1.43e-06,6.38e-09,9.06e-06,5.86e-09
2-8-8,D,200,3622.8990843307,6.20e-10,2.87e-06,3.07e-08,3.34e-05,3.01e-08
2-8-8,D,201,3632.18955780963,5.56e-10,2.84e-06,7.21e-09,1.14e-05,6.66e-09
2-8-8,D,202,3648.79437889032,6.08e-10,1.53e-06,4.43e-08,4.99e-05,4.37e-08
2-8-8,D,203,3656.67234467819,6.21e-10,2.68e-06,1.29e-08,1.70e-05,1.23e-08
2-8-8,D,204,3708.6192147709,6.39e-10,3.36e-06,7.17e-08,7.30e-05,7.10e-08
2-8-8,D,205,3711.23474696602,6.20e-10,1.91e-06,3.66e-08,3.81e-05,3.60e-08
2-8-8,D,206,3726.22869672219,6.26e-10,2.09e-06,4.79e-08,5.31e-05,4.72e-08
2-8-8,D,207,3735.22022157297,6.09e-10,2.46e-06,3.25e-08,3.81e-05,3.19e-08
2-8-8,D,208,3756.24165502876,5.85e-10,1.76e-06,2.28e-08,2.82e-05,2.22e-08
2-8-8,D,209,3760.69635756033,6.20e-10,2.04e-06,5.17e-08,5.63e-05,5.10e-08
2-8-8,D,210,3763.69573656375,6.27e-10,2.72e-06,8.65e-09,1.26e-05,8.03e-09
2-8-8,D,211,3801.84900033465,6.52e-10,2.35e-06,2.33e-08,2.60e-05,2.27e-08
2-8-8,D,212,3826.34579164054,6.39e-10,2.61e-06,4.57e-08,4.54e-05,4.51e-08
2-8-8,D,213,3829.44581295066,6.25e-10,2.79e-06,1.78e-08,2.21e-05,1.72e-08
2-8-8,D,214,3849.96185915429,6.92e-10,4.53e-06,1.53e-07,1.46e-04,1.52e-07
2-8-8,D,215,3881.61070424774,6.28e-10,3.28e-06,2.85e-08,3.31e-05,2.79e-08
2-8-8,D,216,3896.9691675965,6.50e-10,3.06e-06,2.73e-08,2.85e-05,2.66e-08
2-8-8,D,217,3916.02044775011,6.88e-10,2.48e-06,5.39e-08,5.60e-05,5.32e-08
2-8-8,D,218,3927.37212564291,7.08e-10,7.06e-06,1.42e-07,1.35e-04,1.41e-07
2-8-8,D,219,3963.07605861812,6.75e-10,3.72e-06,5.80e-08,5.90e-05,5.73e-08
2-8-8,D,220,3967.25230825525,6.83e-10,2.84e-06,3.10e-08,3.35e-05,3.04e-08
2-8-8,D,221,3975.88572848019,6.10e-10,3.93e-06,1.34e-08,1.91e-05,1.28e-08
2-8-8,D,222,3982.24151064338,6.60e-10,4.07e-06,5.78e-08,5.94e-05,5.72e-08
2-8-8,D,223,4001.89694399212,6.76e-10,3.06e-06,2.10e-08,2.46e-05,2.04e-08
2-8-8,D,224,4024.98329773583,7.74e-10,8.47e-06,2.18e-07,1.95e-04,2.17e-07
2-8-8,D,225,4047.49871911309,6.72e-10,2.76e-06,1.30e-08,1.96e-05,1.23e-08
2-8-8,D,226,4054.97451176288,6.88e-10,5.18e-06,1.28e-07,1.18e-04,1.27e-07
2-8-8,D,227,4079.89342693821,8.46e-10,6.56e-06,2.42e-07,2.07e-04,2.41e-07
2-8-8,D,228,4080.24373929395,6.85e-10,3.39e-06,3.33e-08,3.63e-05,3.26e-08
2-8-8,D,229,4098.48310300136,7.14e-10,3.08e-06,3.85e-08,4.18e-05,3.77e-08
2-8-8,D,230,4133.79229419451,6.73e-10,3.62e-06,5.55e-08,5.49e-05,5.48e-08
2-8-8,D,231,4138.49342793064,7.00e-10,7.25e-06,4.25e-08,4.44e-05,4.18e-08
2-8-8,D,232,4156.21631050833,7.33e-10,4.04e-06,2.64e-08,3.11e-05,2.56e-08
2-8-8,D,233,4189.12627962675,6.98e-10,4.99e-06,1.77e-08,2.29e-05,1.70e-08
2-8-8,D,234,4198.65262389916,7.29e-10,4.92e-06,4.34e-08,4.52e-05,4.27e-08
2-8-8,D,235,4210.45644305887,9.19e-10,1.16e-05,4.07e-07,3.27e-04,4.06e-07
2-8-8,D,236,4213.50253781534,8.00e-10,6.89e-06,2.23e-07,1.83e-04,2.22e-07
2-8-8,D,237,4247.97216094592,7.38e-10,7.75e-06,8.81e-08,8.19e-05,8.73e-08
2-8-8,D,238,4270.86009795274,7.90e-10,1.14e-05,1.84e-07,1.58e-04,1.83e-07
2-8-8,D,239,4281.95855812916,7.47e-10,6.07e-06,4.60e-08,4.96e-05,4.53e-08
2-8-8,D,240,4293.16974282525,8.15e-10,4.84e-06,9.18e-08,7.96e-05,9.10e-08
2-8-8,D,241,4323.1686821093,7.84e-10,1.20e-05,7.19e-08,7.42e-05,7.11e-08
2-8-8,D,242,4330.49123162882,7.62e-10,8.69e-06,1.52e-07,1.24e-04,1.51e-07
2-8-8,D,243,4344.17609230894,8.94e-10,1.58e-05,3.78e-07,3.03e-04,3.78e-07
2-8-8,D,244,4346.42949956431,7.64e-10,8.68e-06,9.29e-08,9.20e-05,9.22e-08
2-8-8,D,245,4377.89902192227,7.46e-10,9.29e-06,3.34e-08,4.02e-05,3.27e-08
2-8-8,D,246,4401.07350910338,8.77e-10,1.16e-05,2.36e-07,1.83e-04,2.35e-07
2-8-8,D,247,4423.9855920254,9.40e-10,1.08e-05,3.43e-07,2.57e-04,3.42e-07
2-8-8,D,248,4431.28830838482,7.19e-10,9.96e-06,3.92e-08,4.07e-05,3.85e-08
2-8-8,D,249,4434.7693473042,7.81e-10,1.21e-05,6.97e-08,6.66e-05,6.89e-08
2-8-8,D,250,4462.18478416883,8.01e-10,1.18e-05,1.05e-07,9.02e-05,1.05e-07
2-8-8,D,251,4482.12382941871,8.76e-10,9.25e-06,2.96e-07,2.15e-04,2.95e-07
2-8-8,D,252,4511.1909599611,8.28e-10,1.29e-05,1.65e-07,1.38e-04,1.64e-07
2-8-8,D,253,4531.14908688791,1.12e-09,1.39e-05,6.21e-07,4.49e-04,6.20e-07
2-8-8,D,254,4533.02422585393,7.76e-10,1.72e-05,2.14e-08,3.98e-05,2.06e-08
2-8-8,D,255,4574.25378467248,9.70e-10,1.52e-05,3.90e-07,2.81e-04,3.89e-07
2-8-8,D,256,4583.3804720741,8.29e-10,2.25e-05,1.37e-07,1.14e-04,1.36e-07
2-8-8,D,257,4586.02886065386,8.42e-10,1.90e-05,4.79e-08,6.22e-05,4.70e-08
2-8-8,D,258,4598.83083975506,9.09e-10,1.85e-05,1.52e-07,1.21e-04,1.51e-07
2-8-8,D,259,4602.14318547048,1.01e-09,1.56e-05,3.53e-07,2.55e-04,3.52e-07
2-8-8,D,260,4610.53800776124,8.67e-10,1.53e-05,1.50e-07,1.39e-04,1.49e-07
2-8-8,D,261,4654.13681212311,8.27e-10,1.95e-05,5.50e-08,6.33e-05,5.41e-08
2-8-8,D,262,4655.23657454311,9.15e-10,2.40e-05,2.40e-07,1.75e-04,2.39e-07
2-8-8,D,263,4667.62879768755,8.63e-10,2.77e-05,1.02e-07,1.14e-04,1.01e-07
2-8-8,D,264,4707.29733304508,1.36e-09,2.07e-05,8.43e-07,5.58e-04,8.41e-07
2-8-8,D,265,4710.791012462,1.00e-09,1.73e-05,3.00e-07,2.15e-04,2.99e-07
2-8-8,D,266,4722.87180968831,8.26e-10,1.33e-05,7.15e-08,7.84e-05,7.07e-08
2-8-8,D,267,4756.78225729771,9.72e-10,2.58e-05,2.35e-07,1.78e-04,2.34e-07
2-8-8,D,268,4771.02090746405,9.65e-10,3.18e-05,2.62e-07,2.05e-04,2.61e-07
2-8-8,D,269,4802.54329097764,1.08e-09,3.48e-05,3.83e-07,2.65e-04,3.82e-07
2-8-8,D,270,4804.24764815049,8.24e-10,1.52e-05,5.85e-08,7.46e-05,5.76e-08
2-8-8,D,271,4808.07612145499,1.16e-09,2.19e-05,5.27e-07,3.53e-04,5.26e-07
2-8-8,D,272,4855.78905451463,1.15e-09,2.20e-05,4.90e-07,3.19e-04,4.89e-07
2-8-8,D,273,4872.17695274565,1.12e-09,2.98e-05,4.90e-07,3.26e-04,4.89e-07
2-8-8,D,274,4874.6356592662,8.82e-10,3.02e-05,2.44e-07,1.96e-04,2.43e-07
2-8-8,D,275,4875.19554013138,9.30e-10,2.06e-05,1.71e-07,1.51e-04,1.70e-07
2-8-8,D,276,4890.03728513202,1.15e-09,3.58e-05,4.74e-07,3.19e-04,4.73e-07
2-8-8,D,277,4905.95328164275,8.82e-10,2.41e-05,9.54e-08,1.05e-04,9.45e-08
2-8-8,D,278,4951.66846669583,8.24e-10,3.89e-05,7.00e-08,9.06e-05,6.92e-08
2-8-8,D,279,4952.01726278446,1.21e-09,2.17e-05,5.19e-07,3.45e-04,5.17e-07
2-8-8,D,280,4971.98793764585,1.61e-09,3.83e-05,1.04e-06,6.42e-04,1.03e-06
2-8-8,D,281,4995.705637984,8.89e-10,4.08e-05,1.44e-07,1.58e-04,1.43e-07
2-8-8,D,282,4997.5303830569,9.45e-10,4.32e-05,9.72e-08,1.01e-04,9.63e-08
2-8-8,D,283,4997.86720648876,9.45e-10,3.76e-05,1.92e-07,1.93e-04,1.91e-07
2-8-8,D,284,5032.29363800125,1.28e-09,8.24e-05,6.23e-07,4.06e-04,6.22e-07
2-8-8,D,285,5071.84700781856,1.10e-09,3.56e-05,3.56e-07,2.48e-04,3.55e-07
2-8-8,D,286,5081.83406789439,8.97e-10,4.63e-05,1.30e-07,1.12e-04,1.29e-07
2-8-8,D,287,5083.09076066609,1.42e-09,5.63e-05,7.52e-07,4.79e-04,7.50e-07
2-8-8,D,288,5102.2393606538,9.88e-10,2.14e-05,1.86e-07,1.48e-04,1.85e-07
2-8-8,D,289,5132.60873106961,1.41e-09,3.45e-05,7.27e-07,4.37e-04,7.25e-07
2-8-8,D,290,5148.05911960419,1.64e-09,3.52e-05,1.05e-06,6.63e-04,1.05e-06
2-8-8,D,291,5168.24363873318,1.32e-09,3.92e-05,5.39e-07,3.37e-04,5.37e-07
2-8-8,D,292,5194.57053371852,1.23e-09,3.85e-05,5.35e-07,3.63e-04,5.34e-07
2-8-8,D,293,5202.73293076372,9.40e-10,5.16e-05,1.57e-07,1.72e-04,1.56e-07
2-8-8,D,294,5209.00072062641,1.04e-09,7.35e-05,3.56e-07,2.93e-04,3.55e-07
2-8-8,D,295,5214.94949701908,1.28e-09,4.35e-05,5.82e-07,4.06e-04,5.81e-07
2-8-8,D,296,5215.78106238965,1.01e-09,3.94e-05,1.20e-07,1.37e-04,1.19e-07
2-8-8,D,297,5221.48709716104,1.01e-09,6.78e-05,1.92e-07,1.57e-04,1.91e-07
2-8-8,D,298,5284.75029485514,1.69e-09,4.84e-05,7.83e-07,4.57e-04,7.81e-07
2-8-8,D,299,5287.54589608812,1.09e-09,8.21e-05,2.98e-07,2.44e-04,2.97e-07
2-8-8,D,300,5298.59097370446,1.02e-09,4.58e-05,3.19e-07,2.42e-04,3.18e-07
2-8-8,D,301,5327.65642843014,1.74e-09,7.39e-05,9.75e-07,5.77e-04,9.74e-07
2-8-8,D,302,5350.18314637608,1.27e-09,9.61e-05,4.73e-07,3.02e-04,4.72e-07
2-8-8,D,303,5371.70371097533,2.15e-09,5.03e-05,1.46e-06,8.37e-04,1.46e-06
2-8-8,D,304,5377.21767966968,1.09e-09,8.31e-05,2.82e-07,2.74e-04,2.81e-07
2-8-8,D,305,5380.38521604601,1.11e-09,5.59e-05,3.45e-07,2.68e-04,3.44e-07
2-8-8,D,306,5391.91386331173,1.17e-09,8.77e-05,3.32e-07,2.67e-04,3.30e-07
2-8-8,D,307,5422.28820908672,1.16e-09,6.87e-05,4.22e-07,3.18e-04,4.21e-07
2-8-8,D,308,5428.54539727558,1.07e-09,1.02e-04,3.82e-07,3.20e-04,3.81e-07
2-8-8,D,309,5466.17997771562,1.35e-09,1.16e-04,4.78e-07,3.15e-04,4.77e-07
2-8-8,D,310,5475.4355638479,9.75e-10,7.88e-05,1.84e-07,1.82e-04,1.83e-07
2-8-8,D,311,5490.11087465039,2.58e-09,1.06e-04,1.92e-06,1.07e-03,1.92e-06
2-8-8,D,312,5519.85723261541,1.95e-09,1.09e-04,1.26e-06,7.78e-04,1.25e-06
2-8-8,D,313,5522.0496235486,1.06e-09,6.28e-05,2.54e-07,2.78e-04,2.53e-07
2-8-8,D,314,5539.35598400248,2.30e-09,1.42e-04,1.16e-06,6.24e-04,1.16e-06
2-8-8,D,315,5576.96028112669,1.15e-09,1.33e-04,3.75e-07,2.81e-04,3.74e-07
2-8-8,D,316,5578.49146413475,1.30e-09,7.03e-05,4.37e-07,3.27e-04,4.35e-07
2-8-8,D,317,5597.62232421479,1.09e-09,6.45e-05,2.43e-07,2.32e-04,2.42e-07
2-8-8,D,318,5622.29983147031,1.16e-09,7.27e-05,3.16e-07,2.89e-04,3.15e-07
2-8-8,D,319,5623.22849775657,9.87e-10,1.19e-04,2.38e-07,1.93e-04,2.37e-07
2-8-8,D,320,5639.82629098494,2.60e-09,1.29e-04,1.61e-06,8.93e-04,1.61e-06
2-8-8,D,321,5657.41556751018,1.67e-09,9.16e-05,1.05e-06,6.78e-04,1.05e-06
2-8-8,D,322,5660.82147671126,1.36e-09,1.59e-04,5.65e-07,3.59e-04,5.64e-07
2-8-8,D,323,5704.83063665013,2.85e-09,2.27e-04,1.54e-06,7.40e-04,1.54e-06
2-8-8,D,324,5705.39978962048,1.43e-09,1.46e-04,5.96e-07,3.95e-04,5.94e-07
2-8-8,D,325,5748.23490492598,1.59e-09,1.12e-04,5.51e-07,3.61e-04,5.49e-07
2-8-8,D,326,5757.01145025763,9.41e-10,1.11e-04,1.48e-07,1.93e-04,1.47e-07
2-8-8,D,327,5758.82115819768,2.05e-09,2.32e-04,1.26e-06,7.18e-04,1.26e-06
2-8-8,D,328,5766.17231301922,1.58e-09,1.17e-04,6.80e-07,4.83e-04,6.78e-07
2-8-8,D,329,5790.7815604185,2.74e-09,3.64e-04,1.78e-06,1.01e-03,1.78e-06
2-8-8,D,330,5807.59275342654,1.97e-09,1.15e-04,9.91e-07,5.83e-04,9.89e-07
2-8-8,D,331,5849.37492628053,1.32e-09,1.26e-04,4.99e-07,3.91e-04,4.98e-07
2-8-8,D,332,5852.79431855335,2.06e-09,2.17e-04,1.24e-06,7.12e-04,1.24e-06
2-8-8,D,333,5852.96310938631,1.33e-09,1.25e-04,7.54e-07,6.15e-04,7.53e-07
2-8-8,D,334,5867.20980664352,1.78e-09,1.57e-04,1.27e-06,8.17e-04,1.27e-06
2-8-8,D,335,5872.34720859883,2.48e-09,2.13e-04,1.24e-06,6.12e-04,1.24e-06
2-8-8,D,336,5897.93639288588,1.10e-09,1.35e-04,6.50e-07,5.35e-04,6.48e-07
2-8-8,D,337,5925.09898673161,2.11e-09,2.10e-04,1.02e-06,6.09e-04,1.02e-06
2-8-8,D,338,5938.79204512035,3.81e-09,3.35e-04,1.89e-06,8.82e-04,1.89e-06
2-8-8,D,339,5956.79638089716,1.32e-09,1.43e-04,6.02e-07,4.11e-04,6.01e-07
2-8-8,D,340,5963.38357175849,4.03e-09,2.70e-04,1.94e-06,8.14e-04,1.94e-06
2-8-8,D,341,5999.44775684798,3.44e-09,2.75e-04,1.46e-06,6.33e-04,1.46e-06
2-8-8,D,342,6032.68061567276,1.20e-09,2.00e-04,6.75e-07,5.71e-04,6.73e-07
2-8-8,D,343,6054.12087747207,2.10e-09,2.22e-04,9.56e-07,5.21e-04,9.54e-07
2-8-8,D,344,6063.84065177251,3.36e-09,3.31e-04,2.11e-06,1.10e-03,2.10e-06
2-8-8,D,345,6070.46047058224,3.55e-09,3.54e-04,1.72e-06,7.95e-04,1.71e-06
2-8-8,D,346,6077.1255891622,1.47e-09,3.41e-04,1.09e-06,7.50e-04,1.09e-06
2-8-8,D,347,6087.92937607962,3.06e-09,3.05e-04,2.11e-06,1.14e-03,2.11e-06
2-8-8,D,348,6095.08285109347,1.54e-09,3.36e-04,1.01e-06,5.98e-04,1.01e-06
2-8-8,D,349,6147.18712369176,2.50e-09,2.98e-04,1.28e-06,7.52e-04,1.27e-06
2-8-8,D,350,6157.76992503169,2.93e-09,4.84e-04,1.72e-06,8.56e-04,1.71e-06
2-8-8,D,351,6162.18158934299,6.29e-09,5.65e-04,3.27e-06,1.22e-03,3.26e-06
2-8-8,D,352,6175.35692873382,3.30e-09,5.73e-04,2.23e-06,1.27e-03,2.23e-06
2-8-8,D,353,6183.21879334382,3.70e-09,3.68e-04,1.82e-06,8.40e-04,1.82e-06
2-8-8,D,354,6190.83714702735,1.48e-09,3.21e-04,9.58e-07,7.40e-04,9.56e-07
2-8-8,D,355,6222.30307876677,1.18e-09,2.02e-04,9.96e-07,7.67e-04,9.95e-07
2-8-8,D,356,6254.11590781435,2.50e-09,3.90e-04,1.99e-06,1.21e-03,1.99e-06
2-8-8,D,357,6256.61905679062,3.39e-09,6.89e-04,1.99e-06,1.07e-03,1.99e-06
2-8-8,D,358,6274.82667609289,9.61e-09,6.83e-04,4.77e-06,1.58e-03,4.76e-06
2-8-8,D,359,6298.68521598215,4.65e-09,4.20e-04,2.18e-06,9.55e-04,2.18e-06
2-8-8,D,360,6323.02558903738,2.06e-09,2.07e-04,1.52e-06,9.25e-04,1.52e-06
2-8-8,D,361,6326.14115540275,2.56e-09,5.76e-04,1.40e-06,7.61e-04,1.40e-06
2-8-8,D,362,6348.1490481039,2.52e-09,6.05e-04,2.49e-06,1.36e-03,2.48e-06
2-8-8,D,363,6388.28531261215,1.04e-08,9.73e-04,4.94e-06,1.65e-03,4.93e-06
2-8-8,D,364,6393.65773582107,5.25e-09,3.67e-04,3.32e-06,1.30e-03,3.31e-06
2-8-8,D,365,6401.45114548592,1.11e-08,8.60e-04,5.03e-06,1.51e-03,5.02e-06
2-8-8,D,366,6403.49248583646,2.35e-09,6.04e-04,1.59e-06,9.37e-04,1.59e-06
2-8-8,D,367,6418.61960565565,4.87e-09,4.67e-04,2.65e-06,1.15e-03,2.64e-06
2-8-8,D,368,6455.63105887973,3.06e-09,6.04e-04,2.74e-06,1.54e-03,2.74e-06
2-8-8,D,369,6485.30149676258,3.53e-09,8.59e-04,2.71e-06,1.58e-03,2.70e-06
2-8-8,D,370,6490.07436797383,6.17e-09,7.36e-04,3.10e-06,1.23e-03,3.09e-06
2-8-8,D,371,6493.99064582075,2.69e-09,6.01e-04,2.42e-06,1.44e-03,2.41e-06
2-8-8,D,372,6513.48944776061,1.84e-09,5.34e-04,1.15e-06,6.83e-04,1.15e-06
2-8-8,D,373,6549.0717822234,7.75e-09,5.69e-04,5.10e-06,2.11e-03,5.10e-06
2-8-8,D,374,6564.03879373762,7.49e-09,9.70e-04,3.94e-06,1.58e-03,3.94e-06
2-8-8,D,375,6565.0691726108,1.78e-09,7.21e-04,1.45e-06,1.03e-03,1.44e-06
2-8-8,D,376,6569.34097384186,5.47e-09,7.14e-04,3.03e-06,1.30e-03,3.03e-06
2-8-8,D,377,6577.58286586133,9.20e-09,1.33e-03,4.62e-06,1.60e-03,4.61e-06
2-8-8,D,378,6588.12282970751,1.57e-08,1.11e-03,9.00e-06,3.02e-03,8.99e-06
2-8-8,D,379,6604.81616811788,2.26e-09,5.56e-04,2.11e-06,1.35e-03,2.11e-06
2-8-8,D,380,6619.718536613,1.26e-08,8.39e-04,7.07e-06,2.38e-03,7.06e-06
2-8-8,D,381,6667.26074374087,3.58e-09,4.62e-04,3.66e-06,2.15e-03,3.66e-06
2-8-8,D,382,6700.84590269063,2.49e-10,9.82e-04,1.18e-06,9.17e-04,1.18e-06
2-8-8,D,383,6704.59997020963,1.04e-09,6.41e-04,1.23e-06,1.05e-03,1.23e-06
2-8-8,D,384,6710.48160222551,3.08e-08,1.75e-03,1.55e-05,4.32e-03,1.55e-05
2-8-8,D,385,6719.33610245693,2.22e-08,1.42e-03,1.09e-05,3.18e-03,1.08e-05
2-8-8,D,386,6719.81542701633,1.79e-09,6.74e-04,1.25e-06,8.58e-04,1.25e-06
2-8-8,D,387,6788.58656714937,3.11e-08,1.86e-03,1.46e-05,3.91e-03,1.46e-05
2-8-8,D,388,6814.65392025184,3.24e-09,1.28e-03,3.25e-06,1.67e-03,3.24e-06
2-8-8,D,389,6817.35291151347,7.77e-09,5.93e-04,5.45e-06,2.45e-03,5.44e-06
2-8-8,D,390,6840.95255129623,2.79e-09,1.07e-03,2.39e-06,1.33e-03,2.38e-06
2-8-8,D,391,6846.83849346411,7.44e-09,9.57e-04,5.08e-06,2.10e-03,5.07e-06
2-8-8,D,392,6851.43311741438,7.50e-09,1.02e-03,6.09e-06,2.87e-03,6.08e-06
2-8-8,D,393,6860.83562868685,1.98e-08,1.23e-03,1.03e-05,3.33e-03,1.03e-05
2-8-8,D,394,6869.4166812864,7.54e-09,8.01e-04,5.06e-06,2.18e-03,5.06e-06
2-8-8,D,395,6883.78969515824,1.84e-09,1.62e-03,3.32e-06,1.94e-03,3.32e-06
2-8-8,D,396,6908.81486777074,4.54e-09,1.11e-03,3.67e-06,1.94e-03,3.66e-06
2-8-8,D,397,6920.16799441149,3.52e-08,1.62e-03,1.73e-05,4.68e-03,1.73e-05
2-8-8,D,398,6944.31663583215,6.84e-09,1.46e-03,5.27e-06,2.73e-03,5.26e-06
2-8-8,D,399,6963.88686160573,1.38e-09,9.08e-04,1.68e-06,1.07e-03,1.67e-06
2-8-8,D,400,6988.3479442681,4.90e-08,2.61e-03,2.32e-05,6.23e-03,2.32e-05
2-8-8,D,401,7025.46764882646,2.45e-08,1.98e-03,1.25e-05,3.63e-03,1.25e-05
2-8-8,D,402,7025.87682578647,3.96e-09,1.21e-03,5.27e-06,2.73e-03,5.27e-06
2-8-8,D,403,7027.23244669829,4.96e-08,2.26e-03,2.41e-05,6.16e-03,2.40e-05
2-8-8,D,404,7039.22741329626,7.33e-09,9.54e-04,5.58e-06,2.20e-03,5.57e-06
2-8-8,D,405,7071.50088751489,4.59e-09,1.29e-03,3.66e-06,2.06e-03,3.66e-06
2-8-8,D,406,7085.88654551647,1.20e-08,8.36e-04,7.48e-06,2.93e-03,7.47e-06
2-8-8,D,407,7100.74004043337,8.22e-09,2.45e-03,6.44e-06,2.90e-03,6.43e-06
2-8-8,D,408,7106.89823102697,1.04e-08,9.36e-04,8.55e-06,3.37e-03,8.54e-06
2-8-8,D,409,7120.20133609323,7.62e-09,8.89e-04,4.88e-06,1.94e-03,4.88e-06
2-8-8,D,410,7131.10249458907,5.97e-09,9.99e-04,5.74e-06,3.25e-03,5.74e-06
2-8-8,D,411,7165.37820896423,4.94e-08,2.45e-03,2.40e-05,6.19e-03,2.40e-05
2-8-8,D,412,7170.72728663343,5.43e-08,2.28e-03,2.52e-05,6.42e-03,2.52e-05
2-8-8,D,413,7210.611692062,7.15e-10,8.37e-04,1.90e-06,1.29e-03,1.90e-06
2-8-8,D,414,7228.87825542404,3.36e-08,2.77e-03,1.67e-05,5.16e-03,1.67e-05
2-8-8,D,415,7232.61237786623,1.52e-08,1.46e-03,8.45e-06,3.09e-03,8.43e-06
2-8-8,D,416,7260.41531444407,2.51e-08,1.97e-03,1.50e-05,4.70e-03,1.50e-05
2-8-8,D,417,7270.28408919633,6.58e-08,2.44e-03,3.11e-05,7.87e-03,3.10e-05
2-8-8,D,418,7281.2289719027,1.57e-08,2.28e-03,9.89e-06,3.76e-03,9.88e-06
2-8-8,D,419,7283.95420344588,2.49e-08,2.80e-03,1.77e-05,6.10e-03,1.76e-05
2-8-8,D,420,7329.21666726034,1.42e-08,1.71e-03,9.08e-06,3.72e-03,9.07e-06
2-8-8,D,421,7337.82480647606,2.83e-09,2.12e-03,6.66e-06,3.39e-03,6.66e-06
2-8-8,D,422,7365.5705776188,9.93e-09,1.34e-03,7.50e-06,3.21e-03,7.49e-06
2-8-8,D,423,7370.59999828144,1.09e-08,1.57e-03,8.90e-06,4.18e-03,8.89e-06
2-8-8,D,424,7387.32180609114,9.32e-09,1.41e-03,7.52e-06,3.05e-03,7.52e-06
2-8-8,D,425,7387.58784043467,2.56e-08,2.04e-03,1.29e-05,3.93e-03,1.29e-05
2-8-8,D,426,7390.36410082287,9.25e-08,2.36e-03,3.98e-05,8.62e-03,3.97e-05
2-8-8,D,427,7411.7806657339,7.34e-08,2.15e-03,3.16e-05,7.56e-03,3.15e-05
2-8-8,D,428,7452.06098154494,3.94e-08,2.11e-03,1.83e-05,4.83e-03,1.83e-05
2-8-8,D,429,7459.24529481039,2.86e-08,2.94e-03,1.91e-05,6.11e-03,1.91e-05
2-8-8,D,430,7492.0891630345,1.90e-09,3.29e-03,7.25e-06,3.89e-03,7.25e-06
2-8-8,D,431,7497.61656182702,3.58e-08,1.92e-03,2.08e-05,6.34e-03,2.08e-05
2-8-8,D,432,7510.62094099842,7.33e-08,2.60e-03,3.43e-05,8.66e-03,3.42e-05
2-8-8,D,433,7545.74890532274,1.66e-08,2.90e-03,1.05e-05,4.16e-03,1.05e-05
2-8-8,D,434,7561.11377303676,1.41e-07,3.75e-03,6.43e-05,1.46e-02,6.41e-05
2-8-8,D,435,7581.32059119195,2.39e-08,3.22e-03,1.64e-05,6.06e-03,1.64e-05
2-8-8,D,436,7586.43323181057,9.26e-09,2.44e-03,8.77e-06,3.59e-03,8.76e-06
2-8-8,D,437,7587.78002454622,9.03e-09,2.62e-03,9.29e-06,4.33e-03,9.28e-06
2-8-8,D,438,7634.03828820411,8.80e-09,3.51e-03,7.74e-06,4.02e-03,7.73e-06
2-8-8,D,439,7634.41896142641,9.95e-09,2.96e-03,9.27e-06,4.07e-03,9.26e-06
2-8-8,D,440,7653.94638508854,2.90e-08,2.17e-03,1.56e-05,4.69e-03,1.56e-05
2-8-8,D,441,7658.62895289939,6.70e-08,2.35e-03,2.86e-05,7.52e-03,2.85e-05
2-8-8,D,442,7675.63223891091,7.50e-09,3.57e-03,7.23e-06,3.74e-03,7.22e-06
2-8-8,D,443,7699.23651628685,1.60e-07,3.24e-03,7.14e-05,1.54e-02,7.13e-05
2-8-8,D,444,7705.33857446121,1.13e-08,1.91e-03,9.63e-06,4.25e-03,9.61e-06
2-8-8,D,445,7734.58294305754,2.91e-08,2.04e-03,1.45e-05,4.49e-03,1.45e-05
2-8-8,D,446,7739.3109334718,7.16e-08,4.48e-03,4.04e-05,1.08e-02,4.03e-05
2-8-8,D,447,7748.37267112918,1.54e-07,2.96e-03,6.78e-05,1.49e-02,6.77e-05
2-8-8,D,448,7802.37014722189,7.29e-08,2.99e-03,3.04e-05,7.17e-03,3.03e-05
2-8-8,D,449,7827.41941666586,1.55e-08,4.63e-03,1.49e-05,6.11e-03,1.49e-05
2-8-8,D,450,7829.00821701704,3.07e-08,3.88e-03,2.07e-05,7.49e-03,2.07e-05
2-8-8,D,451,7838.68800831492,5.65e-08,3.56e-03,2.68e-05,8.13e-03,2.67e-05
2-8-8,D,452,7862.55886416541,1.82e-08,2.66e-03,1.44e-05,5.00e-03,1.44e-05
2-8-8,D,453,7869.34664522034,8.33e-08,3.83e-03,3.69e-05,9.66e-03,3.68e-05
2-8-8,D,454,7874.86327184991,6.86e-09,2.47e-03,1.08e-05,4.96e-03,1.08e-05
2-8-8,D,455,7892.22176080475,6.02e-08,4.99e-03,3.26e-05,9.15e-03,3.26e-05
2-8-8,D,456,7905.1756690286,1.93e-08,3.71e-03,1.31e-05,5.35e-03,1.31e-05
2-8-8,D,457,7927.88429571714,1.25e-07,2.77e-03,5.24e-05,1.16e-02,5.22e-05
2-8-8,D,458,7947.51435490186,1.39e-07,3.44e-03,6.29e-05,1.40e-02,6.28e-05
2-8-8,D,459,7988.04004427899,2.20e-08,5.20e-03,1.95e-05,7.67e-03,1.94e-05
2-8-8,D,460,7989.87784319799,2.29e-08,6.09e-03,1.60e-05,6.16e-03,1.60e-05
2-8-8,D,461,7989.99227601908,3.49e-08,4.41e-03,1.71e-05,5.79e-03,1.71e-05
2-8-8,D,462,8012.88828950774,2.05e-07,4.02e-03,8.50e-05,1.76e-02,8.48e-05
2-8-8,D,463,8013.14828691367,2.06e-08,3.73e-03,1.47e-05,5.78e-03,1.46e-05
2-8-8,D,464,8025.81040938219,8.10e-08,3.99e-03,4.42e-05,1.24e-02,4.41e-05
2-8-8,D,465,8063.12005291853,5.05e-08,6.31e-03,2.93e-05,9.20e-03,2.93e-05
2-8-8,D,466,8070.67781422579,1.45e-08,3.41e-03,1.22e-05,5.31e-03,1.22e-05
2-8-8,D,467,8095.37816056673,8.56e-08,2.42e-03,3.46e-05,7.98e-03,3.45e-05
2-8-8,D,468,8106.20286077446,1.74e-08,4.80e-03,1.54e-05,6.46e-03,1.54e-05
2-8-8,D,469,8135.10774231832,2.23e-07,4.85e-03,8.58e-05,1.86e-02,8.56e-05
2-8-8,D,470,8146.87717160396,1.28e-07,5.14e-03,5.92e-05,1.45e-02,5.91e-05
2-8-8,D,471,8167.95689158017,2.91e-08,4.37e-03,2.02e-05,7.05e-03,2.01e-05
2-8-8,D,472,8184.13725562032,1.69e-07,5.95e-03,8.10e-05,1.82e-02,8.08e-05
2-8-8,D,473,8225.79507732594,1.43e-07,4.75e-03,5.45e-05,1.23e-02,5.44e-05
2-8-8,D,474,8242.25084259726,5.82e-08,3.44e-03,3.10e-05,9.23e-03,3.10e-05
2-8-8,D,475,8244.66727605881,6.02e-08,6.62e-03,3.78e-05,1.08e-02,3.78e-05
2-8-8,D,476,8251.01209313644,1.59e-07,6.44e-03,6.58e-05,1.44e-02,6.57e-05
2-8-8,D,477,8253.47610531104,4.32e-09,3.46e-03,1.00e-05,4.94e-03,1.00e-05
2-8-8,D,478,8269.8617622466,1.63e-08,7.07e-03,1.77e-05,7.51e-03,1.77e-05
2-8-8,D,479,8292.89262705507,1.04e-07,6.07e-03,4.32e-05,1.11e-02,4.31e-05
2-8-8,D,480,8338.12772693875,1.06e-07,8.60e-03,4.75e-05,1.28e-02,4.74e-05
2-8-8,D,481,8352.13136332899,1.78e-07,7.86e-03,8.15e-05,1.86e-02,8.13e-05
2-8-8,D,482,8353.29594598007,1.18e-07,5.04e-03,5.32e-05,1.32e-02,5.31e-05
2-8-8,D,483,8362.35399841013,5.53e-08,6.06e-03,2.60e-05,8.16e-03,2.59e-05
2-8-8,D,484,8363.26175066706,1.04e-07,7.72e-03,4.69e-05,1.27e-02,4.68e-05
2-8-8,D,485,8411.12577682043,2.84e-08,1.15e-02,2.54e-05,9.43e-03,2.53e-05
2-8-8,D,486,8418.35756754856,1.23e-08,6.04e-03,1.98e-05,7.67e-03,1.97e-05
2-8-8,D,487,8440.85838647271,2.47e-07,8.56e-03,1.03e-04,2.25e-02,1.03e-04
2-8-8,D,488,8463.77645290384,1.57e-07,9.63e-03,6.31e-05,1.47e-02,6.29e-05
2-8-8,D,489,8466.92473733854,1.20e-07,9.66e-03,6.10e-05,1.60e-02,6.09e-05
2-8-8,D,490,8476.63945598883,8.46e-08,5.52e-03,3.68e-05,9.96e-03,3.67e-05
2-8-8,D,491,8485.71707203007,7.42e-08,4.58e-03,4.09e-05,1.23e-02,4.08e-05
2-8-8,D,492,8488.45740923582,1.16e-07,8.60e-03,5.06e-05,1.23e-02,5.04e-05
2-8-8,D,493,8515.11497392151,1.72e-07,6.27e-03,6.32e-05,1.45e-02,6.30e-05
2-8-8,D,494,8518.47606568171,1.51e-07,7.03e-03,7.00e-05,1.67e-02,6.99e-05
2-8-8,D,495,8585.89483919118,2.01e-08,7.24e-03,1.94e-05,7.28e-03,1.94e-05
2-8-8,D,496,8604.59506560123,5.72e-08,5.19e-03,2.58e-05,7.98e-03,2.58e-05
2-8-8,D,497,8613.9225189593,1.37e-07,6.42e-03,6.47e-05,1.56e-02,6.45e-05
2-8-8,D,498,8618.52510641825,2.53e-07,7.91e-03,8.77e-05,1.79e-02,8.75e-05
2-8-8,D,499,8635.54166630635,2.11e-07,8.71e-03,8.30e-05,1.84e-02,8.28e-05
2-8-8,D,500,8642.49660833464,4.35e-08,6.38e-03,2.29e-05,8.09e-03,2.28e-05
2-8-8,D,501,8645.92761563804,1.68e-07,1.09e-02,8.11e-05,1.97e-02,8.09e-05
2-8-8,D,502,8667.3602575067,3.46e-07,1.30e-02,1.23e-04,2.52e-02,1.22e-04
2-8-8,D,503,8724.43552199215,9.83e-08,1.00e-02,4.65e-05,1.20e-02,4.64e-05
2-8-8,D,504,8728.35962338802,8.38e-08,1.25e-02,4.22e-05,1.26e-02,4.21e-05
2-8-8,D,505,8746.5480320509,1.54e-07,1.20e-02,6.75e-05,1.62e-02,6.74e-05
2-8-8,D,506,8746.72711311023,1.01e-07,1.08e-02,4.74e-05,1.34e-02,4.73e-05
2-8-8,D,507,8759.96928673114,3.10e-07,1.10e-02,1.27e-04,2.66e-02,1.26e-04
2-8-8,D,508,8774.34977475325,1.27e-07,1.16e-02,6.93e-05,1.91e-02,6.92e-05
2-8-8,D,509,8798.75157576909,1.38e-07,1.26e-02,5.56e-05,1.50e-02,5.55e-05
2-8-8,D,510,8809.47278495165,1.66e-07,1.11e-02,7.24e-05,1.88e-02,7.23e-05
2-8-8,D,511,8815.2370935414,2.94e-07,1.41e-02,1.16e-04,2.47e-02,1.16e-04
2-8-8,D,512,8853.08740026038,1.37e-07,1.72e-02,5.57e-05,1.38e-02,5.55e-05
2-8-8,D,513,8862.42164870545,2.25e-07,1.35e-02,8.29e-05,1.90e-02,8.26e-05
2-8-8,D,514,8879.20101751064,1.74e-07,1.06e-02,6.67e-05,1.57e-02,6.65e-05
2-8-8,D,515,8894.01686361038,5.49e-08,9.56e-03,3.24e-05,1.02e-02,3.23e-05
2-8-8,D,516,8896.85441397613,3.02e-07,9.72e-03,1.00e-04,2.06e-02,9.99e-05
2-8-8,D,517,8935.6143135997,8.52e-08,1.12e-02,4.85e-05,1.50e-02,4.84e-05
2-8-8,D,518,8959.06637454924,2.42e-07,1.30e-02,1.08e-04,2.43e-02,1.07e-04
2-8-8,D,519,8972.79979056108,2.03e-07,9.07e-03,8.31e-05,1.85e-02,8.29e-05
2-8-8,D,520,8975.89973526645,2.83e-07,1.26e-02,9.30e-05,1.85e-02,9.28e-05
2-8-8,D,521,8983.12354488977,9.35e-08,1.37e-02,4.84e-05,1.50e-02,4.83e-05
2-8-8,D,522,9010.5124111735,1.87e-07,1.83e-02,8.40e-05,1.99e-02,8.38e-05
2-8-8,D,523,9024.65349788215,1.97e-07,1.47e-02,9.02e-05,2.27e-02,9.00e-05
2-8-8,D,524,9040.20701169109,1.03e-06,1.83e-02,3.19e-04,5.09e-02,3.18e-04
2-8-8,D,525,9064.72741728735,2.15e-07,1.38e-02,7.96e-05,1.88e-02,7.94e-05
2-8-8,D,526,9074.00197035159,3.81e-07,1.46e-02,1.18e-04,2.09e-02,1.17e-04
2-8-8,D,527,9121.27307326312,2.34e-07,1.45e-02,8.25e-05,2.00e-02,8.23e-05
2-8-8,D,528,9125.18746581445,3.17e-07,2.84e-02,1.11e-04,2.29e-02,1.10e-04
2-8-8,D,529,9150.10665086934,2.70e-07,2.00e-02,9.40e-05,2.01e-02,9.37e-05
2-8-8,D,530,9151.01763749792,2.64e-07,2.90e-02,1.19e-04,2.89e-02,1.18e-04
2-8-8,D,531,9164.97964121887,6.31e-08,1.16e-02,3.82e-05,1.21e-02,3.81e-05
2-8-8,D,532,9187.28393710814,4.89e-07,2.22e-02,1.57e-04,2.97e-02,1.57e-04
2-8-8,D,533,9209.98019645494,1.65e-07,1.78e-02,7.46e-05,1.93e-02,7.44e-05
2-8-8,D,534,9228.0589446958,2.49e-07,2.89e-02,1.05e-04,2.51e-02,1.05e-04
2-8-8,D,535,9237.67401620959,3.65e-07,3.06e-02,1.31e-04,2.77e-02,1.30e-04
2-8-8,D,536,9241.66067274214,2.00e-08,1.13e-02,2.94e-05,1.35e-02,2.94e-05
2-8-8,D,537,9251.00350122664,1.04e-06,2.07e-02,3.12e-04,4.80e-02,3.11e-04
2-8-8,D,538,9279.72145456444,8.76e-09,1.10e-02,2.48e-05,1.15e-02,2.48e-05
2-8-8,D,539,9286.02403890669,4.97e-08,2.63e-02,4.62e-05,1.79e-02,4.62e-05
2-8-8,D,540,9316.83154535572,7.58e-07,2.01e-02,2.28e-04,3.86e-02,2.27e-04
2-8-8,D,541,9329.77086023322,2.56e-07,2.12e-02,9.01e-05,2.02e-02,8.98e-05
2-8-8,D,542,9330.57781235003,1.22e-06,2.39e-02,3.58e-04,5.54e-02,3.57e-04
2-8-8,D,543,9360.55581956665,3.98e-07,1.77e-02,1.25e-04,2.34e-02,1.25e-04
2-8-8,D,544,9361.47359775985,5.69e-07,2.82e-02,1.91e-04,3.63e-02,1.90e-04
2-8-8,D,545,9366.6754161275,3.64e-07,2.58e-02,1.29e-04,2.64e-02,1.28e-04
2-8-8,D,546,9431.34784669943,3.01e-07,1.55e-02,9.87e-05,2.09e-02,9.84e-05
2-8-8,D,547,9448.66510580654,1.71e-07,2.69e-02,8.40e-05,2.43e-02,8.38e-05
2-8-8,D,548,9451.12841786997,8.75e-07,3.58e-02,2.69e-04,4.72e-02,2.68e-04
2-8-8,D,549,9458.74124993924,7.95e-07,2.42e-02,2.26e-04,3.51e-02,2.25e-04
2-8-8,D,550,9465.23779953319,1.24e-07,2.54e-02,6.93e-05,2.11e-02,6.91e-05
2-8-8,D,551,9502.78131899074,6.17e-08,1.77e-02,4.76e-05,1.80e-02,4.76e-05
2-8-8,D,552,9506.62610531149,1.45e-07,2.24e-02,7.29e-05,2.04e-02,7.28e-05
2-8-8,D,553,9524.87345225594,1.44e-06,4.08e-02,3.88e-04,5.62e-02,3.87e-04
2-8-8,D,554,9568.39403204866,6.89e-07,2.61e-02,1.93e-04,3.07e-02,1.92e-04
2-8-8,D,555,9572.45009826761,2.04e-06,2.96e-02,5.43e-04,7.10e-02,5.41e-04
2-8-8,D,556,9590.83343973054,1.38e-06,4.71e-02,3.92e-04,6.04e-02,3.91e-04
2-8-8,D,557,9607.7792958122,7.24e-07,3.12e-02,2.14e-04,3.59e-02,2.14e-04
2-8-8,D,558,9610.47319014305,5.02e-07,2.45e-02,1.58e-04,3.16e-02,1.58e-04
2-8-8,D,559,9618.97874881585,3.80e-07,3.61e-02,1.35e-04,3.18e-02,1.35e-04
2-8-8,D,560,9619.42875645336,1.20e-06,3.16e-02,3.34e-04,4.96e-02,3.33e-04
2-8-8,D,561,9649.64471228165,3.24e-07,2.29e-02,1.27e-04,3.01e-02,1.26e-04
2-8-8,D,562,9675.76803093391,8.04e-07,3.00e-02,2.25e-04,3.49e-02,2.24e-04
2-8-8,D,563,9680.04939869072,6.78e-08,3.00e-02,6.38e-05,2.51e-02,6.37e-05
2-8-8,D,564,9720.77343209954,4.99e-07,6.33e-02,1.79e-04,4.09e-02,1.79e-04
2-8-8,D,565,9730.32553215092,6.19e-07,4.13e-02,2.11e-04,4.11e-02,2.10e-04
2-8-8,D,566,9737.85111853838,1.07e-06,4.44e-02,3.02e-04,4.56e-02,3.01e-04
2-8-8,D,567,9762.36862528453,1.53e-06,4.43e-02,4.07e-04,5.67e-02,4.06e-04
2-8-8,D,568,9771.40004285301,1.20e-07,1.50e-02,5.68e-05,1.84e-02,5.67e-05
2-8-8,D,569,9805.33183280533,1.67e-06,4.43e-02,4.48e-04,6.56e-02,4.46e-04
2-8-8,D,570,9812.92385592907,1.66e-06,5.11e-02,4.60e-04,7.03e-02,4.59e-04
2-8-8,D,571,9828.45598983399,7.35e-07,2.43e-02,2.04e-04,3.45e-02,2.03e-04
2-8-8,D,572,9841.06161235815,2.78e-07,2.24e-02,9.91e-05,2.40e-02,9.89e-05
2-8-8,D,573,9850.85456927946,2.42e-06,4.32e-02,6.09e-04,7.87e-02,6.06e-04
2-8-8,D,574,9858.02653340009,1.69e-06,4.11e-02,4.38e-04,6.03e-02,4.37e-04
2-8-8,D,575,9927.07421036961,1.15e-06,4.71e-02,3.45e-04,5.81e-02,3.44e-04
2-8-8,D,576,9928.80708062836,3.57e-06,6.82e-02,8.79e-04,1.08e-01,8.76e-04
2-8-8,D,577,9930.45131313451,1.35e-06,3.61e-02,3.50e-04,5.00e-02,3.49e-04
2-8-8,D,578,9951.26843974691,7.70e-07,4.72e-02,2.19e-04,3.85e-02,2.18e-04
2-8-8,D,579,9952.71867986571,1.15e-06,3.31e-02,2.99e-04,4.60e-02,2.98e-04
2-8-8,D,580,9980.10475468136,1.41e-06,4.01e-02,3.49e-04,4.83e-02,3.48e-04
2-8-8,D,581,9996.50612595531,2.49e-06,6.82e-02,6.34e-04,8.73e-02,6.32e-04
2-8-8,D,582,10003.9667747852,1.64e-06,4.80e-02,4.14e-04,5.99e-02,4.12e-04
2-8-8,D,583,10024.0802852688,5.54e-07,5.51e-02,2.03e-04,4.46e-02,2.02e-04
2-8-8,D,584,10076.2897184868,5.37e-07,8.14e-02,2.05e-04,4.42e-02,2.04e-04
2-8-8,D,585,10076.7383812437,1.94e-07,2.94e-02,1.03e-04,3.06e-02,1.03e-04
2-8-8,D,586,10077.0182340364,2.28e-06,6.60e-02,6.01e-04,8.74e-02,5.99e-04
2-8-8,D,587,10090.0528844568,8.22e-07,3.12e-02,2.26e-04,4.19e-02,2.26e-04
2-8-8,D,588,10092.5372023142,1.95e-06,4.68e-02,4.98e-04,6.61e-02,4.96e-04
2-8-8,D,589,10126.5646753517,1.73e-06,3.67e-02,4.47e-04,5.91e-02,4.45e-04
2-8-8,D,590,10127.829079075,5.44e-06,5.79e-02,1.24e-03,1.38e-01,1.23e-03
2-8-8,D,591,10160.9060782912,5.26e-06,6.23e-02,1.20e-03,1.37e-01,1.19e-03
2-8-8,D,592,10179.5140822905,9.57e-07,5.93e-02,2.69e-04,4.78e-02,2.68e-04
2-8-8,D,593,10188.015770135,1.08e-06,6.72e-02,3.32e-04,5.96e-02,3.31e-04
2-8-8,D,594,10188.3546237295,1.12e-06,2.69e-02,2.84e-04,4.52e-02,2.83e-04
2-8-8,D,595,10227.1478353035,2.17e-06,4.38e-02,5.47e-04,7.34e-02,5.44e-04
2-8-8,D,596,10240.8517483926,4.72e-07,4.23e-02,1.74e-04,3.81e-02,1.74e-04
2-8-8,D,597,10255.701124824,8.68e-07,5.17e-02,2.52e-04,4.93e-02,2.51e-04
2-8-8,D,598,10266.5256700025,3.02e-07,5.72e-02,1.69e-04,4.39e-02,1.68e-04
2-8-8,D,599,10306.3251159785,8.61e-06,9.47e-02,1.93e-03,1.99e-01,1.92e-03
2-8-8,D,600,10314.8236083431,1.78e-06,6.48e-02,4.49e-04,6.76e-02,4.48e-04
2-8-8,D,601,10318.632452009,3.64e-06,7.31e-02,8.59e-04,1.10e-01,8.56e-04
2-8-8,D,602,10327.4801803213,4.15e-06,7.10e-02,9.43e-04,1.07e-01,9.39e-04
2-8-8,D,603,10332.8155897403,4.67e-06,6.59e-02,1.03e-03,1.17e-01,1.03e-03
2-8-8,D,604,10382.4576282707,1.16e-06,3.79e-02,2.95e-04,4.74e-02,2.94e-04
2-8-8,D,605,10401.6284858505,3.45e-06,7.72e-02,8.21e-04,1.01e-01,8.17e-04
2-8-8,D,606,10423.1523326445,4.02e-07,4.92e-02,1.58e-04,3.99e-02,1.58e-04
2-8-8,D,607,10446.4888936894,4.84e-06,8.98e-02,1.10e-03,1.32e-01,1.10e-03
2-8-8,D,608,10447.8337157292,2.70e-06,7.49e-02,6.64e-04,8.82e-02,6.61e-04
2-8-8,D,609,10453.6094283412,3.59e-06,6.66e-02,8.51e-04,1.06e-01,8.47e-04
2-8-8,D,610,10463.799609342,1.79e-06,5.38e-02,4.67e-04,7.13e-02,4.66e-04
2-8-8,D,611,10483.6186138773,7.65e-06,1.02e-01,1.60e-03,1.60e-01,1.60e-03
2-8-8,D,612,10497.161593465,4.25e-06,9.88e-02,9.55e-04,1.13e-01,9.51e-04
2-8-8,D,613,10518.7154458307,1.46e-06,5.83e-02,3.96e-04,6.95e-02,3.95e-04
2-8-8,D,614,10534.2071580021,3.79e-06,8.86e-02,8.70e-04,1.06e-01,8.66e-04
2-8-8,D,615,10561.1402389107,8.07e-06,8.35e-02,1.76e-03,1.82e-01,1.75e-03
2-8-8,D,616,10576.110405693,1.24e-06,6.73e-02,3.92e-04,6.96e-02,3.91e-04
2-8-8,D,617,10593.7553999543,5.89e-06,8.27e-02,1.27e-03,1.39e-01,1.26e-03
2-8-8,D,618,10601.2440262031,3.72e-06,5.97e-02,8.21e-04,9.67e-02,8.17e-04
2-8-8,D,619,10614.4297721928,4.30e-06,9.31e-02,9.78e-04,1.20e-01,9.74e-04
2-8-8,D,620,10648.1655980716,2.56e-06,6.54e-02,6.38e-04,8.75e-02,6.36e-04
2-8-8,D,621,10662.8787629733,9.96e-06,8.37e-02,2.04e-03,1.95e-01,2.03e-03
2-8-8,D,622,10665.0066756815,3.67e-06,6.14e-02,8.17e-04,9.98e-02,8.13e-04
2-8-8,D,623,10693.6890952643,2.35e-06,5.54e-02,5.92e-04,8.61e-02,5.90e-04
2-8-8,D,624,10706.0102991852,1.46e-06,6.57e-02,3.98e-04,7.02e-02,3.96e-04
2-8-8,D,625,10725.3078446397,5.24e-07,8.62e-02,1.75e-04,4.04e-02,1.74e-04
2-8-8,D,626,10727.7738388293,2.93e-06,6.31e-02,6.62e-04,8.33e-02,6.59e-04
2-8-8,D,627,10773.5945488514,5.77e-06,8.34e-02,1.27e-03,1.42e-01,1.26e-03
2-8-8,D,628,10776.1907069716,1.46e-05,1.44e-01,2.87e-03,2.66e-01,2.86e-03
2-8-8,D,629,10789.1683809441,6.84e-06,1.06e-01,1.52e-03,1.68e-01,1.52e-03
2-8-8,D,630,10811.9458294323,5.11e-06,1.07e-01,1.11e-03,1.24e-01,1.10e-03
2-8-8,D,631,10836.6715668411,9.11e-06,9.41e-02,1.84e-03,1.76e-01,1.83e-03
2-8-8,D,632,10845.6663394822,1.04e-05,1.31e-01,2.08e-03,1.99e-01,2.07e-03
2-8-8,D,633,10848.4716159038,3.89e-06,6.66e-02,8.38e-04,9.98e-02,8.34e-04
2-8-8,D,634,10871.5397098973,1.43e-06,7.83e-02,4.75e-04,8.88e-02,4.73e-04
2-8-8,D,635,10886.6222714166,1.40e-05,1.15e-01,2.78e-03,2.64e-01,2.77e-03
2-8-8,D,636,10905.9967015903,7.49e-06,9.79e-02,1.57e-03,1.72e-01,1.56e-03
2-8-8,D,637,10927.724813432,3.53e-06,1.08e-01,8.29e-04,1.08e-01,8.26e-04
2-8-8,D,638,10946.1166745457,3.51e-06,8.78e-02,7.87e-04,1.02e-01,7.83e-04
2-8-8,D,639,10953.3539640919,1.50e-05,1.33e-01,3.10e-03,2.90e-01,3.08e-03
2-8-8,D,640,10972.9356259994,8.62e-06,1.23e-01,1.73e-03,1.65e-01,1.72e-03
2-8-8,D,641,10973.3933160372,3.04e-06,8.36e-02,7.30e-04,1.03e-01,7.27e-04
2-8-8,D,642,10985.0543872668,3.20e-06,7.57e-02,8.21e-04,1.20e-01,8.18e-04
2-8-8,D,643,11006.3082732162,3.80e-06,7.04e-02,8.54e-04,1.12e-01,8.50e-04
2-8-8,D,644,11037.9583779035,6.75e-06,1.04e-01,1.33e-03,1.35e-01,1.32e-03
2-8-8,D,645,11067.071690101,5.91e-06,9.99e-02,1.30e-03,1.48e-01,1.29e-03
2-8-8,D,646,11073.3734072869,5.53e-06,9.76e-02,1.06e-03,1.08e-01,1.06e-03
2-8-8,D,647,11090.4555521657,1.21e-06,9.26e-02,3.74e-04,7.63e-02,3.73e-04
2-8-8,D,648,11103.3171056597,1.48e-06,7.27e-02,3.72e-04,6.28e-02,3.71e-04
2-8-8,D,649,11107.9833257287,2.13e-05,1.43e-01,4.00e-03,3.41e-01,3.98e-03
2-8-8,D,650,11137.2712106254,1.87e-05,1.30e-01,3.59e-03,3.22e-01,3.58e-03
2-8-8,D,651,11160.9293511964,4.42e-06,1.14e-01,9.32e-04,1.08e-01,9.28e-04
2-8-8,D,652,11168.608997382,2.06e-05,1.41e-01,3.86e-03,3.30e-01,3.83e-03
2-8-8,D,653,11179.5236060056,4.97e-06,1.08e-01,1.06e-03,1.25e-01,1.05e-03
2-8-8,D,654,11199.8858206792,7.64e-06,8.78e-02,1.54e-03,1.64e-01,1.54e-03
2-8-8,D,655,11209.7536122966,7.70e-06,7.89e-02,1.54e-03,1.56e-01,1.53e-03
2-8-8,D,656,11224.2631823464,1.96e-05,1.38e-01,3.57e-03,3.00e-01,3.55e-03
2-8-8,D,657,11263.3382092821,3.14e-06,1.06e-01,6.84e-04,9.12e-02,6.81e-04
2-8-8,D,658,11273.697432354,1.34e-05,1.38e-01,2.70e-03,2.62e-01,2.69e-03
2-8-8,D,659,11291.1489681957,4.75e-06,8.52e-02,1.03e-03,1.27e-01,1.02e-03
2-8-8,D,660,11305.107162343,4.70e-06,7.14e-02,9.81e-04,1.21e-01,9.76e-04
2-8-8,D,661,11332.029189849,2.17e-05,1.38e-01,4.01e-03,3.31e-01,3.99e-03
2-8-8,D,662,11344.7986645492,3.61e-05,2.30e-01,6.77e-03,5.61e-01,6.74e-03
2-8-8,D,663,11351.6806209982,4.48e-06,7.90e-02,9.13e-04,1.11e-01,9.09e-04
2-8-8,D,664,11378.5183142683,8.55e-06,1.22e-01,1.66e-03,1.71e-01,1.65e-03
2-8-8,D,665,11382.6361890261,5.59e-06,8.93e-02,1.16e-03,1.34e-01,1.15e-03
2-8-8,D,666,11396.7611843958,4.72e-06,9.12e-02,1.07e-03,1.34e-01,1.07e-03
2-8-8,D,667,11405.8794483982,4.10e-06,8.48e-02,9.12e-04,1.17e-01,9.08e-04
2-8-8,D,668,11419.8799436835,5.78e-06,1.74e-01,1.18e-03,1.39e-01,1.17e-03
2-8-8,D,669,11430.5193830194,2.53e-05,1.69e-01,4.47e-03,3.57e-01,4.45e-03
2-8-8,D,670,11487.5359353413,4.52e-06,8.91e-02,9.27e-04,1.12e-01,9.23e-04
2-8-8,D,671,11499.2024596596,2.34e-05,1.78e-01,4.25e-03,3.42e-01,4.23e-03
2-8-8,D,672,11502.3448606457,4.28e-06,9.37e-02,9.55e-04,1.33e-01,9.51e-04
2-8-8,D,673,11519.7638000101,1.31e-05,1.42e-01,2.37e-03,1.75e-01,2.36e-03
2-8-8,D,674,11519.8842988535,4.63e-05,1.82e-01,8.08e-03,6.47e-01,8.03e-03
2-8-8,D,675,11522.3178155269,6.37e-06,1.47e-01,1.37e-03,1.77e-01,1.37e-03
2-8-8,D,676,11524.597190453,3.99e-06,8.42e-02,9.13e-04,1.19e-01,9.09e-04
2-8-8,D,677,11578.8499529882,1.11e-05,1.22e-01,2.11e-03,2.05e-01,2.10e-03
2-8-8,D,678,11625.4011053666,1.27e-05,1.29e-01,2.36e-03,2.12e-01,2.35e-03
2-8-8,D,679,11627.7888323582,1.30e-05,2.14e-01,2.57e-03,2.58e-01,2.56e-03
2-8-8,D,680,11641.0049063454,1.92e-05,1.41e-01,3.47e-03,2.99e-01,3.45e-03
2-8-8,D,681,11648.8715710495,6.98e-06,1.54e-01,1.38e-03,1.51e-01,1.38e-03
2-8-8,D,682,11682.987353044,2.82e-05,1.50e-01,4.85e-03,3.43e-01,4.83e-03
2-8-8,D,683,11683.9220953434,7.88e-06,1.18e-01,1.48e-03,1.70e-01,1.47e-03
2-8-8,D,684,11686.7778658736,1.43e-05,1.43e-01,2.53e-03,2.32e-01,2.51e-03
2-8-8,D,685,11718.8790298274,2.16e-05,2.07e-01,3.92e-03,3.31e-01,3.90e-03
2-8-8,D,686,11756.1009433693,3.76e-05,2.43e-01,6.23e-03,4.41e-01,6.20e-03
2-8-8,D,687,11758.8751162863,2.34e-05,1.54e-01,4.03e-03,3.35e-01,4.01e-03
2-8-8,D,688,11778.4339805676,5.40e-06,9.54e-02,1.06e-03,1.30e-01,1.05e-03
2-8-8,D,689,11791.0210487444,2.70e-05,1.85e-01,4.55e-03,3.55e-01,4.53e-03
2-8-8,D,690,11808.9791714692,4.18e-05,2.29e-01,7.26e-03,5.39e-01,7.22e-03
2-8-8,D,691,11831.8089868922,2.85e-05,2.10e-01,4.97e-03,3.95e-01,4.94e-03
2-8-8,D,692,11846.0303985704,1.60e-05,1.74e-01,2.87e-03,2.59e-01,2.86e-03
2-8-8,D,693,11861.2660198515,6.67e-06,1.55e-01,1.31e-03,1.47e-01,1.30e-03
2-8-8,D,694,11864.2767669966,8.04e-06,1.32e-01,1.61e-03,1.75e-01,1.60e-03
2-8-8,D,695,11888.1230533173,2.71e-06,1.43e-01,8.85e-04,1.55e-01,8.82e-04
2-8-8,D,696,11895.2644099669,2.90e-05,2.12e-01,4.94e-03,3.76e-01,4.91e-03
2-8-8,D,697,11896.1013041021,1.52e-05,1.97e-01,2.79e-03,2.70e-01,2.77e-03
2-8-8,D,698,11906.0917315743,6.21e-06,1.53e-01,1.24e-03,1.55e-01,1.24e-03
2-8-8,D,699,11922.0134119178,2.02e-05,1.96e-01,3.65e-03,3.20e-01,3.63e-03
2-8-8,D,700,11953.0106572042,3.09e-06,1.70e-01,7.87e-04,1.26e-01,7.84e-04
2-8-8,D,701,11956.450924453,1.10e-05,1.47e-01,2.00e-03,1.92e-01,1.99e-03
2-8-8,D,702,11980.6233494913,2.62e-05,2.11e-01,4.67e-03,3.88e-01,4.64e-03
2-8-8,D,703,11996.6913369568,2.69e-05,2.04e-01,4.53e-03,3.58e-01,4.50e-03
2-8-8,D,704,12014.5589072362,1.58e-05,1.27e-01,2.80e-03,2.48e-01,2.79e-03
2-8-8,D,705,12055.4047955863,1.32e-05,1.72e-01,2.42e-03,2.31e-01,2.41e-03
2-8-8,D,706,12071.3360229179,9.13e-06,2.04e-01,1.83e-03,2.00e-01,1.82e-03
2-8-8,D,707,12077.3783920064,5.87e-05,2.00e-01,9.49e-03,6.54e-01,9.43e-03
2-8-8,D,708,12086.4115962204,5.99e-05,3.07e-01,9.55e-03,6.65e-01,9.49e-03
2-8-8,D,709,12107.5577247898,4.52e-05,1.98e-01,7.31e-03,5.37e-01,7.26e-03
2-8-8,D,710,12109.5395203472,3.79e-06,1.69e-01,8.29e-04,1.17e-01,8.25e-04
2-8-8,D,711,12149.9310126918,1.60e-05,1.43e-01,2.75e-03,2.49e-01,2.73e-03
2-8-8,D,712,12186.4048449603,3.75e-05,2.23e-01,6.01e-03,4.27e-01,5.97e-03
2-8-8,D,713,12202.1172206416,8.01e-06,2.48e-01,1.53e-03,1.78e-01,1.53e-03
2-8-8,D,714,12210.5972403363,4.58e-06,1.65e-01,1.05e-03,1.32e-01,1.05e-03
2-8-8,D,715,12217.4026283087,6.62e-05,3.14e-01,1.07e-02,7.33e-01,1.06e-02
2-8-8,D,716,12230.6189531109,2.18e-05,2.77e-01,3.70e-03,3.00e-01,3.68e-03
2-8-8,D,717,12234.4158354161,3.00e-05,1.72e-01,4.89e-03,3.92e-01,4.86e-03
2-8-8,D,718,12275.3100791129,1.78e-05,1.86e-01,3.07e-03,2.63e-01,3.05e-03
2-8-8,D,719,12281.1703158152,4.26e-05,2.37e-01,7.02e-03,4.18e-01,6.97e-03
2-8-8,D,720,12281.6313306953,5.54e-05,2.01e-01,8.73e-03,7.16e-01,8.68e-03
2-8-8,D,721,12294.7933982246,1.45e-05,2.26e-01,2.61e-03,2.48e-01,2.59e-03
2-8-8,D,722,12324.2114206624,3.29e-05,2.61e-01,5.41e-03,4.07e-01,5.37e-03
2-8-8,D,723,12348.6889772403,1.72e-05,3.88e-01,3.21e-03,3.08e-01,3.20e-03
2-8-8,D,724,12359.253179827,2.05e-05,2.81e-01,3.54e-03,3.10e-01,3.52e-03
2-8-8,D,725,12392.5397295343,2.92e-05,2.34e-01,4.78e-03,3.65e-01,4.75e-03
2-8-8,D,726,12408.9874379071,4.79e-05,2.44e-01,7.74e-03,5.67e-01,7.69e-03
2-8-8,D,727,12419.8206772494,9.34e-06,2.13e-01,1.70e-03,1.85e-01,1.69e-03
2-8-8,D,728,12422.969086984,8.50e-05,3.88e-01,1.31e-02,8.79e-01,1.30e-02
2-8-8,D,729,12435.136438169,1.91e-06,2.34e-01,7.13e-04,1.46e-01,7.12e-04
2-8-8,D,730,12459.0948745188,1.36e-05,2.08e-01,2.27e-03,2.20e-01,2.25e-03
2-8-8,D,731,12472.2529999245,1.38e-07,2.20e-01,4.61e-04,1.20e-01,4.61e-04
2-8-8,D,732,12493.9385344119,4.15e-05,3.19e-01,6.57e-03,4.69e-01,6.52e-03
2-8-8,D,733,12503.9982441251,2.56e-05,2.27e-01,4.25e-03,3.51e-01,4.22e-03
2-8-8,D,734,12508.0819245314,1.72e-05,3.04e-01,3.12e-03,2.90e-01,3.10e-03
2-8-8,D,735,12541.5172306158,4.56e-05,2.31e-01,7.03e-03,4.79e-01,6.98e-03
2-8-8,D,736,12551.7524033477,2.35e-05,3.34e-01,4.13e-03,3.65e-01,4.11e-03
2-8-8,D,737,12567.0716204206,7.71e-05,4.33e-01,1.19e-02,8.09e-01,1.18e-02
2-8-8,D,738,12586.6086287891,1.27e-05,2.69e-01,2.38e-03,2.36e-01,2.36e-03
2-8-8,D,739,12588.6877361835,6.03e-05,2.66e-01,9.31e-03,6.38e-01,9.25e-03
2-8-8,D,740,12651.8533720641,4.73e-05,2.42e-01,7.32e-03,5.28e-01,7.27e-03
2-8-8,D,741,12659.7211795529,2.11e-05,2.58e-01,3.36e-03,2.65e-01,3.34e-03
2-8-8,D,742,12663.6220960314,3.07e-05,3.75e-01,5.28e-03,4.19e-01,5.25e-03
2-8-8,D,743,12666.9864900567,4.60e-05,3.10e-01,7.24e-03,5.45e-01,7.20e-03
2-8-8,D,744,12682.4565931209,1.94e-05,1.97e-01,3.31e-03,2.92e-01,3.29e-03
2-8-8,D,745,12701.4251303728,7.23e-05,3.17e-01,1.13e-02,7.75e-01,1.12e-02
2-8-8,D,746,12715.9373215134,4.35e-05,4.13e-01,6.58e-03,4.84e-01,6.53e-03
2-8-8,D,747,12749.891784123,6.58e-05,3.52e-01,9.89e-03,6.38e-01,9.83e-03
2-8-8,D,748,12764.8482809854,6.94e-05,5.19e-01,1.05e-02,7.28e-01,1.05e-02
2-8-8,D,749,12784.4898686188,1.68e-05,3.81e-01,2.93e-03,2.86e-01,2.91e-03
2-8-8,D,750,12803.4830016151,2.33e-05,2.96e-01,3.83e-03,2.60e-01,3.81e-03
2-8-8,D,751,12804.003910602,2.63e-05,3.61e-01,4.31e-03,4.16e-01,4.28e-03
2-8-8,D,752,12808.1532135972,1.07e-04,4.10e-01,1.57e-02,1.05e+00,1.56e-02
2-8-8,D,753,12848.3785871821,9.82e-05,3.94e-01,1.45e-02,9.48e-01,1.44e-02
2-8-8,D,754,12851.3318335703,3.28e-06,2.43e-01,1.07e-03,1.78e-01,1.07e-03
2-8-8,D,755,12861.1473631882,2.36e-05,3.19e-01,4.13e-03,3.85e-01,4.10e-03
2-8-8,D,756,12902.4045518861,2.36e-05,3.84e-01,4.15e-03,3.81e-01,4.13e-03
2-8-8,D,757,12910.2860565259,3.87e-05,3.36e-01,6.09e-03,4.74e-01,6.05e-03
2-8-8,D,758,12940.3818036406,4.10e-05,3.12e-01,6.31e-03,4.56e-01,6.27e-03
2-8-8,D,759,12964.4569753215,3.73e-05,3.03e-01,5.74e-03,3.78e-01,5.71e-03
2-8-8,D,760,12965.8119439021,1.54e-05,4.01e-01,2.70e-03,2.88e-01,2.69e-03
2-8-8,D,761,12967.5839494749,3.02e-05,3.46e-01,5.36e-03,4.58e-01,5.33e-03
2-8-8,D,762,12975.5225420367,4.95e-05,4.37e-01,7.86e-03,5.96e-01,7.81e-03
2-8-8,D,763,12994.3061350385,5.54e-06,2.66e-01,1.43e-03,1.91e-01,1.42e-03
2-8-8,D,764,12994.5695240323,1.10e-04,3.74e-01,1.56e-02,9.84e-01,1.55e-02
2-8-8,D,765,13001.1300986058,1.53e-05,4.11e-01,3.18e-03,3.36e-01,3.16e-03
2-8-8,D,766,13043.2239189873,8.32e-05,5.14e-01,1.18e-02,8.04e-01,1.18e-02
2-8-8,D,767,13056.7530885477,1.75e-05,3.83e-01,2.97e-03,2.99e-01,2.95e-03
2-8-8,D,768,13094.3536831798,2.32e-05,4.08e-01,4.61e-03,4.60e-01,4.59e-03
2-8-8,D,769,13106.5000894128,8.29e-05,4.64e-01,1.27e-02,8.37e-01,1.26e-02
2-8-8,D,770,13127.0018094603,3.83e-05,2.85e-01,5.58e-03,3.82e-01,5.55e-03
2-8-8,D,771,13133.5538244115,8.97e-05,3.56e-01,1.29e-02,8.16e-01,1.29e-02
2-8-8,D,772,13142.5716805146,3.78e-05,4.24e-01,5.92e-03,4.82e-01,5.89e-03
2-8-8,D,773,13165.7547145553,1.00e-04,3.94e-01,1.42e-02,8.88e-01,1.41e-02
2-8-8,D,774,13185.3099154361,8.61e-05,5.01e-01,1.25e-02,8.39e-01,1.24e-02
2-8-8,D,775,13198.612927394,5.99e-05,4.88e-01,8.87e-03,6.30e-01,8.81e-03
2-8-8,D,776,13209.514773507,5.60e-05,4.71e-01,8.31e-03,6.15e-01,8.26e-03
2-8-8,D,777,13252.2588290744,2.21e-04,5.89e-01,3.02e-02,1.61e+00,2.99e-02
2-8-8,D,778,13255.4725976226,3.12e-05,4.82e-01,5.11e-03,5.75e-01,5.08e-03
2-8-8,D,779,13294.6385497673,4.83e-05,5.49e-01,7.13e-03,5.22e-01,7.09e-03
2-8-8,D,780,13300.305570439,5.79e-05,3.13e-01,9.06e-03,6.59e-01,9.01e-03
2-8-8,D,781,13301.9422564214,5.42e-05,4.18e-01,8.02e-03,6.17e-01,7.96e-03
2-8-8,D,782,13311.0364107143,1.12e-05,3.13e-01,2.56e-03,3.36e-01,2.55e-03
2-8-8,D,783,13324.9120361913,3.75e-05,3.17e-01,5.82e-03,4.76e-01,5.78e-03
2-8-8,D,784,13334.1684173025,5.32e-05,6.05e-01,7.79e-03,6.06e-01,7.73e-03
2-8-8,D,785,13362.5316914178,2.52e-05,4.53e-01,4.92e-03,5.00e-01,4.90e-03
2-8-8,D,786,13396.1593736502,3.14e-05,5.81e-01,5.90e-03,5.57e-01,5.87e-03
2-8-8,D,787,13401.6869180784,7.78e-05,6.24e-01,1.13e-02,7.59e-01,1.12e-02
2-8-8,D,788,13412.2203413234,1.71e-05,4.16e-01,3.04e-03,3.28e-01,3.02e-03
2-8-8,D,789,13435.3694606965,6.17e-05,6.49e-01,9.08e-03,6.31e-01,9.02e-03
2-8-8,D,790,13436.1818070897,1.18e-04,5.40e-01,1.61e-02,1.00e+00,1.60e-02
2-8-8,D,791,13444.9662333357,1.33e-04,4.30e-01,1.87e-02,1.22e+00,1.86e-02
2-8-8,D,792,13499.464133025,7.69e-05,8.67e-01,1.18e-02,8.30e-01,1.17e-02
2-8-8,D,793,13503.817722272,4.42e-05,4.39e-01,6.83e-03,5.33e-01,6.79e-03
2-8-8,D,794,13508.3632250234,2.31e-05,4.97e-01,4.09e-03,4.21e-01,4.06e-03
2-8-8,D,795,13542.6385383829,6.56e-05,6.17e-01,8.79e-03,6.19e-01,8.72e-03
2-8-8,D,796,13548.5692112414,2.19e-05,4.61e-01,4.27e-03,4.53e-01,4.25e-03
2-8-8,D,797,13596.9581170199,3.77e-05,6.50e-01,5.65e-03,4.85e-01,5.61e-03
2-8-8,D,798,13607.024746433,4.80e-05,6.42e-01,8.42e-03,6.98e-01,8.37e-03
2-8-8,D,799,13611.6946926758,1.15e-05,3.50e-01,2.52e-03,3.35e-01,2.51e-03
2-8-8,D,800,13620.9856075288,2.95e-04,7.83e-01,3.66e-02,1.64e+00,3.63e-02
2-8-8,D,801,13629.2749088101,2.45e-04,6.16e-01,3.22e-02,2.01e+00,3.20e-02
2-8-8,D,802,13646.0437846943,2.02e-05,5.27e-01,4.42e-03,4.85e-01,4.40e-03
2-8-8,D,803,13662.0292730123,6.15e-06,4.58e-01,2.29e-03,3.48e-01,2.29e-03
2-8-8,D,804,13690.1362788045,2.83e-05,5.49e-01,5.29e-03,5.34e-01,5.26e-03
2-8-8,D,805,13692.9213326481,2.36e-05,4.23e-01,4.08e-03,4.09e-01,4.06e-03
2-8-8,D,806,13696.1817452396,9.93e-05,5.69e-01,1.34e-02,8.67e-01,1.33e-02
2-8-8,D,807,13701.1902818605,1.18e-05,5.99e-01,3.00e-03,4.02e-01,2.99e-03
2-8-8,D,808,13731.2981923899,3.70e-04,6.79e-01,4.66e-02,2.48e+00,4.62e-02
2-8-8,D,809,13810.2503147168,2.89e-05,5.60e-01,5.51e-03,5.54e-01,5.48e-03
2-8-8,D,810,13814.0667715055,6.73e-05,8.54e-01,1.02e-02,7.21e-01,1.01e-02
2-8-8,D,811,13815.2713205111,1.20e-05,5.19e-01,2.95e-03,4.38e-01,2.94e-03
2-8-8,D,812,13820.1856453622,9.70e-05,5.24e-01,1.29e-02,7.81e-01,1.28e-02
2-8-8,D,813,13834.3815503447,1.45e-04,6.35e-01,1.90e-02,9.73e-01,1.89e-02
2-8-8,D,814,13835.5541406385,7.30e-05,5.99e-01,9.90e-03,8.91e-01,9.82e-03
2-8-8,D,815,13839.7897593479,5.82e-05,5.04e-01,7.86e-03,6.09e-01,7.80e-03
2-8-8,D,816,13846.0538930513,7.86e-05,7.94e-01,1.06e-02,8.32e-01,1.05e-02
2-8-8,D,817,13847.07240768,4.69e-05,8.58e-01,8.11e-03,7.43e-01,8.06e-03
2-8-8,D,818,13869.4456911625,5.61e-05,6.17e-01,9.50e-03,7.85e-01,9.44e-03
2-8-8,D,819,13892.819240568,5.70e-05,7.56e-01,9.71e-03,8.80e-01,9.66e-03
2-8-8,D,820,13969.3175973285,7.19e-05,7.39e-01,9.69e-03,7.13e-01,9.62e-03
2-8-8,D,821,13979.8560283375,4.68e-04,8.23e-01,5.47e-02,2.68e+00,5.43e-02
2-8-8,D,822,13990.2060001212,3.69e-05,5.93e-01,7.77e-03,7.65e-01,7.73e-03
2-8-8,D,823,14009.3712431769,3.51e-05,5.24e-01,6.04e-03,5.63e-01,6.00e-03
2-8-8,D,824,14011.8496357313,6.10e-06,4.84e-01,2.12e-03,3.45e-01,2.12e-03
2-8-8,D,825,14044.8554666656,9.88e-06,7.35e-01,3.44e-03,4.98e-01,3.43e-03
2-8-8,D,826,14045.9864680511,2.06e-04,8.52e-01,2.58e-02,1.40e+00,2.56e-02
2-8-8,D,827,14060.319884262,9.49e-07,7.33e-01,2.19e-03,3.89e-01,2.19e-03
2-8-8,D,828,14061.8259014086,1.48e-04,7.90e-01,1.95e-02,1.12e+00,1.94e-02
2-8-8,D,829,14067.2544934201,1.20e-04,7.91e-01,1.55e-02,1.09e+00,1.54e-02
2-8-8,D,830,14086.277146805,2.45e-05,6.74e-01,4.24e-03,4.58e-01,4.21e-03
2-8-8,D,831,14136.4878401177,2.83e-05,5.36e-01,2.95e-03,2.95e-01,2.92e-03
2-8-8,D,832,14136.5023126176,1.57e-04,6.37e-01,2.18e-02,1.31e+00,2.16e-02
2-8-8,D,833,14158.394656137,1.91e-04,1.18e+00,2.28e-02,1.39e+00,2.26e-02
2-8-8,D,834,14170.476561311,1.26e-04,1.02e+00,1.75e-02,1.14e+00,1.74e-02
2-8-8,D,835,14205.2268358703,1.64e-04,9.49e-01,2.20e-02,1.31e+00,2.18e-02
2-8-8,D,836,14242.4596438721,3.49e-05,6.88e-01,6.07e-03,6.19e-01,6.04e-03
2-8-8,D,837,14251.802451129,2.31e-04,8.35e-01,4.56e-03,3.89e-01,4.33e-03
2-8-8,D,838,14251.8051792292,1.89e-05,1.01e+00,2.63e-02,1.34e+00,2.62e-02
2-8-8,D,839,14260.9793104432,3.97e-04,8.90e-01,4.54e-02,2.38e+00,4.50e-02
2-8-8,D,840,14288.4915193489,7.35e-05,6.76e-01,1.04e-02,7.14e-01,1.03e-02
2-8-8,D,841,14289.2418267433,2.30e-04,1.19e+00,2.73e-02,1.68e+00,2.71e-02
2-8-8,D,842,14311.8694575162,2.50e-04,1.02e+00,2.95e-02,1.68e+00,2.92e-02
2-8-8,D,843,14339.5044978265,1.75e-04,1.04e+00,2.07e-02,1.25e+00,2.05e-02
2-8-8,D,844,14349.4909661179,1.60e-05,8.02e-01,3.93e-03,4.96e-01,3.91e-03
2-8-8,D,845,14360.5568675365,9.31e-05,7.25e-01,1.38e-02,9.19e-01,1.37e-02
2-8-8,D,846,14360.9395577979,1.72e-05,1.10e+00,4.86e-03,7.69e-01,4.84e-03
2-8-8,D,847,14366.7793526614,2.38e-05,6.25e-01,5.65e-03,6.33e-01,5.62e-03
2-8-8,D,848,14371.254063728,7.09e-05,7.15e-01,9.91e-03,7.93e-01,9.84e-03
2-8-8,D,849,14396.5461458254,1.48e-04,7.08e-01,1.80e-02,1.12e+00,1.78e-02
2-8-8,D,850,14447.1001322227,3.13e-05,7.41e-01,6.32e-03,6.80e-01,6.29e-03
2-8-8,D,851,14453.2468081599,2.87e-04,1.17e+00,3.49e-02,1.85e+00,3.46e-02
2-8-8,D,852,14470.1870256577,8.86e-05,1.18e+00,1.24e-02,9.26e-01,1.23e-02
2-8-8,D,853,14472.1795182293,2.38e-05,8.17e-01,4.98e-03,6.22e-01,4.95e-03
2-8-8,D,854,14488.8560826556,6.11e-05,1.13e+00,9.13e-03,8.39e-01,9.07e-03
2-8-8,D,855,14535.0043060536,7.94e-05,8.35e-01,1.06e-02,7.28e-01,1.05e-02
2-8-8,D,856,14538.6294529383,1.52e-04,1.15e+00,1.75e-02,1.01e+00,1.74e-02
2-8-8,D,857,14545.4846953071,6.22e-05,1.28e+00,9.05e-03,8.52e-01,8.99e-03
2-8-8,D,858,14577.5718670019,9.43e-05,9.62e-01,1.21e-02,7.78e-01,1.20e-02
2-8-8,D,859,14582.3875412139,3.65e-04,1.41e+00,3.96e-02,1.91e+00,3.93e-02
2-8-8,D,860,14609.4533697429,5.21e-04,1.13e+00,5.63e-02,2.62e+00,5.58e-02
2-8-8,D,861,14620.9739049401,3.61e-05,7.89e-01,8.25e-03,8.95e-01,8.21e-03
2-8-8,D,862,14631.6363424859,2.82e-04,9.96e-01,3.25e-02,1.90e+00,3.22e-02
2-8-8,D,863,14685.7040098864,5.29e-05,1.21e+00,7.18e-03,6.87e-01,7.13e-03
2-8-8,D,864,14701.4367131236,2.62e-04,1.06e+00,2.82e-02,1.41e+00,2.79e-02
2-8-8,D,865,14707.6682535412,5.78e-05,1.09e+00,8.51e-03,7.76e-01,8.46e-03
2-8-8,D,866,14709.9796099109,1.01e-04,8.89e-01,1.27e-02,8.99e-01,1.26e-02
2-8-8,D,867,14734.3979834559,3.58e-04,1.37e+00,4.08e-02,1.73e+00,4.05e-02
2-8-8,D,868,14738.8792194415,1.41e-04,1.19e+00,1.70e-02,1.17e+00,1.68e-02
2-8-8,D,869,14744.2089394895,4.92e-05,1.21e+00,8.19e-03,7.83e-01,8.14e-03
2-8-8,D,870,14754.0502258259,5.30e-04,1.25e+00,5.75e-02,2.84e+00,5.70e-02
2-8-8,D,871,14768.4680188887,1.50e-04,1.16e+00,1.91e-02,1.38e+00,1.89e-02
2-8-8,D,872,14770.6440046714,3.80e-05,1.27e+00,6.01e-03,6.65e-01,5.97e-03
2-8-8,D,873,14843.7504654225,1.22e-04,9.64e-01,1.56e-02,1.12e+00,1.55e-02
2-8-8,D,874,14847.0122110426,9.87e-05,1.14e+00,1.50e-02,1.21e+00,1.49e-02
2-8-8,D,875,14859.2314137083,7.72e-05,1.43e+00,1.09e-02,8.76e-01,1.08e-02
2-8-8,D,876,14864.3637818297,4.66e-04,1.91e+00,4.74e-02,2.36e+00,4.69e-02
2-8-8,D,877,14882.4380518045,5.48e-05,9.29e-01,7.83e-03,7.46e-01,7.77e-03
2-8-8,D,878,14899.3215601705,2.45e-04,1.02e+00,2.78e-02,1.51e+00,2.75e-02
2-8-8,D,879,14904.6989898122,9.59e-05,1.54e+00,1.35e-02,1.18e+00,1.34e-02
2-8-8,D,880,14923.7708182752,1.49e-04,2.04e+00,1.65e-02,1.16e+00,1.63e-02
2-8-8,D,881,14941.2107721042,7.24e-05,1.55e+00,1.03e-02,9.38e-01,1.02e-02
2-8-8,D,882,14961.1418444602,3.25e-04,1.10e+00,3.49e-02,1.77e+00,3.46e-02
2-8-8,D,883,14982.88768215,2.84e-05,7.14e-01,5.18e-03,6.34e-01,5.15e-03
2-8-8,D,884,15014.5727550668,2.15e-04,1.02e+00,2.24e-02,1.24e+00,2.22e-02
2-8-8,D,885,15017.7176014016,2.87e-05,1.43e+00,6.31e-03,7.17e-01,6.28e-03
2-8-8,D,886,15024.3402288347,3.70e-04,1.33e+00,3.94e-02,1.91e+00,3.91e-02
2-8-8,D,887,15041.8102084469,8.89e-05,1.24e+00,1.23e-02,9.90e-01,1.22e-02
2-8-8,D,888,15047.0073879016,5.14e-05,1.40e+00,9.16e-03,9.05e-01,9.11e-03
2-8-8,D,889,15061.1755741801,7.38e-04,1.31e+00,7.36e-02,3.20e+00,7.29e-02
2-8-8,D,890,15099.9110585313,2.74e-05,8.75e-01,5.52e-03,6.87e-01,5.49e-03
2-8-8,D,891,15110.7500371765,5.14e-04,1.15e+00,5.22e-02,2.42e+00,5.17e-02
2-8-8,D,892,15128.5744177523,1.44e-04,1.09e+00,1.66e-02,1.12e+00,1.64e-02
2-8-8,D,893,15150.9614993297,3.13e-04,1.41e+00,3.33e-02,1.53e+00,3.30e-02
2-8-8,D,894,15154.5086449434,2.68e-04,2.21e+00,2.92e-02,1.94e+00,2.90e-02
2-8-8,D,895,15166.4260338851,6.77e-05,2.85e+00,1.06e-02,9.93e-01,1.06e-02
2-8-8,D,896,15175.2661528376,2.33e-05,1.36e+00,5.19e-03,6.55e-01,5.17e-03
2-8-8,D,897,15217.3296338594,1.71e-04,1.55e+00,1.80e-02,1.18e+00,1.79e-02
2-8-8,D,898,15255.7387982068,3.30e-04,1.81e+00,3.37e-02,1.66e+00,3.34e-02
2-8-8,D,899,15263.1561918119,2.05e-04,1.92e+00,2.19e-02,1.17e+00,2.17e-02
2-8-8,D,900,15265.5750125455,2.82e-04,1.07e+00,2.93e-02,1.65e+00,2.90e-02
2-8-8,D,901,15276.6802407947,1.06e-04,1.53e+00,1.51e-02,1.15e+00,1.50e-02
2-8-8,D,902,15302.9894876115,9.95e-04,1.56e+00,9.50e-02,3.52e+00,9.40e-02
2-8-8,D,903,15309.3244003624,3.23e-04,1.52e+00,3.64e-02,2.51e+00,3.60e-02
2-8-8,D,904,15337.564403023,1.81e-04,1.47e+00,1.81e-02,1.20e+00,1.79e-02
2-8-8,D,905,15352.1172223312,1.58e-04,1.35e+00,1.82e-02,1.23e+00,1.81e-02
2-8-8,D,906,15364.3683776544,6.46e-04,2.01e+00,6.35e-02,3.07e+00,6.29e-02
2-8-8,D,907,15386.3882901528,1.19e-04,1.83e+00,1.41e-02,1.00e+00,1.40e-02
2-8-8,D,908,15401.5940865931,5.60e-04,1.61e+00,5.20e-02,2.52e+00,5.14e-02
2-8-8,D,909,15407.0805936877,5.85e-05,2.24e+00,1.22e-02,1.25e+00,1.22e-02
2-8-8,D,910,15428.389871375,4.10e-04,1.60e+00,4.15e-02,2.24e+00,4.11e-02
2-8-8,D,911,15461.610224343,2.58e-04,2.43e+00,2.68e-02,1.53e+00,2.65e-02
2-8-8,D,912,15484.4209836072,4.20e-05,1.50e+00,8.14e-03,9.05e-01,8.10e-03
2-8-8,D,913,15495.6007413406,1.64e-04,1.66e+00,1.87e-02,1.24e+00,1.85e-02
2-8-8,D,914,15498.639131138,4.56e-05,2.43e+00,8.17e-03,8.45e-01,8.13e-03
2-8-8,D,915,15506.2054813957,2.94e-04,1.50e+00,3.19e-02,1.86e+00,3.16e-02
2-8-8,D,916,15510.9901446763,2.37e-05,1.84e+00,7.31e-03,9.52e-01,7.28e-03
2-8-8,D,917,15548.8747823499,1.29e-04,1.65e+00,1.71e-02,1.27e+00,1.69e-02
2-8-8,D,918,15552.6316705938,1.28e-04,1.44e+00,1.51e-02,1.05e+00,1.50e-02
2-8-8,D,919,15560.6230783825,9.89e-05,1.99e+00,1.27e-02,1.03e+00,1.26e-02
2-8-8,D,920,15565.2188139405,2.24e-04,3.21e+00,2.12e-02,1.40e+00,2.09e-02
2-8-8,D,921,15599.0208046971,5.74e-04,2.28e+00,4.91e-02,1.97e+00,4.85e-02
2-8-8,D,922,15611.70582074,1.15e-03,1.76e+00,1.05e-01,4.27e+00,1.04e-01
2-8-8,D,923,15646.0454360762,4.78e-04,2.18e+00,4.89e-02,2.63e+00,4.85e-02
2-8-8,D,924,15662.2256722467,1.21e-04,2.28e+00,1.70e-02,1.38e+00,1.69e-02
2-8-8,D,925,15672.3376112991,1.06e-04,1.47e+00,1.35e-02,1.14e+00,1.34e-02
2-8-8,D,926,15714.3468885664,1.77e-04,1.97e+00,2.03e-02,1.35e+00,2.01e-02
2-8-8,D,927,15721.2537181362,7.77e-05,1.98e+00,9.85e-03,8.93e-01,9.77e-03
2-8-8,D,928,15722.7970002975,5.57e-04,2.65e+00,5.12e-02,2.31e+00,5.06e-02
2-8-8,D,929,15729.7968638274,3.12e-04,1.80e+00,3.27e-02,1.87e+00,3.24e-02
2-8-8,D,930,15732.364586801,8.02e-05,1.81e+00,9.82e-03,9.43e-01,9.74e-03
2-8-8,D,931,15771.0340390938,3.02e-04,1.62e+00,2.88e-02,1.55e+00,2.85e-02
2-8-8,D,932,15787.4120027385,9.68e-04,1.57e+00,8.65e-02,3.10e+00,8.55e-02
2-8-8,D,933,15806.7274578287,1.13e-03,2.00e+00,9.96e-02,4.26e+00,9.85e-02
2-8-8,D,934,15835.6171304708,2.59e-04,2.08e+00,2.67e-02,1.50e+00,2.64e-02
2-8-8,D,935,15844.7256645384,1.58e-04,1.76e+00,1.91e-02,1.48e+00,1.89e-02
2-8-8,D,936,15854.5876561925,2.73e-04,2.31e+00,2.97e-02,1.78e+00,2.94e-02
2-8-8,D,937,15865.9034256297,9.10e-04,2.69e+00,8.40e-02,3.76e+00,8.31e-02
2-8-8,D,938,15898.0354077992,1.77e-04,2.09e+00,1.90e-02,1.39e+00,1.88e-02
2-8-8,D,939,15920.984054316,3.69e-04,3.17e+00,4.01e-02,2.34e+00,3.97e-02
2-8-8,D,940,15936.2055988521,7.22e-04,2.66e+00,5.84e-02,2.20e+00,5.76e-02
2-8-8,D,941,15938.445477596,9.86e-05,1.96e+00,1.46e-02,1.45e+00,1.45e-02
2-8-8,D,942,15938.8908753157,1.33e-04,3.70e+00,1.96e-02,1.86e+00,1.95e-02
2-8-8,D,943,15969.188629367,1.07e-04,1.84e+00,1.54e-02,1.41e+00,1.52e-02
2-8-8,D,944,15981.1966243767,1.86e-04,2.17e+00,1.95e-02,1.41e+00,1.94e-02
2-8-8,D,945,15993.616437596,4.36e-04,1.49e+00,4.06e-02,1.99e+00,4.01e-02
2-8-8,D,946,16013.5126962977,2.85e-04,1.57e+00,2.65e-02,1.50e+00,2.62e-02
2-8-8,D,947,16045.0645652942,4.68e-04,2.09e+00,4.54e-02,2.27e+00,4.50e-02
2-8-8,D,948,16045.9060241747,1.63e-04,2.41e+00,1.99e-02,1.64e+00,1.98e-02
2-8-8,D,949,16061.7591045807,4.28e-04,2.50e+00,3.76e-02,1.96e+00,3.72e-02
2-8-8,D,950,16068.3328604225,4.90e-04,2.92e+00,4.22e-02,2.10e+00,4.17e-02
2-8-8,D,951,16092.1100874285,2.83e-04,2.16e+00,2.70e-02,1.48e+00,2.67e-02
2-8-8,D,952,16102.78143359,9.27e-04,2.29e+00,8.48e-02,3.64e+00,8.39e-02
2-8-8,D,953,16151.528645693,1.20e-04,1.84e+00,1.28e-02,1.09e+00,1.27e-02
2-8-8,D,954,16153.2311010745,5.28e-04,2.39e+00,4.42e-02,2.12e+00,4.37e-02
2-8-8,D,955,16175.137213661,1.21e-03,3.03e+00,1.00e-01,2.84e+00,9.91e-02
2-8-8,D,956,16177.1769111335,2.43e-04,2.15e+00,2.66e-02,2.75e+00,2.64e-02
2-8-8,D,957,16184.9269773238,4.19e-04,2.19e+00,3.88e-02,2.21e+00,3.84e-02
2-8-8,D,958,16214.0193460787,3.39e-05,2.21e+00,7.59e-03,9.54e-01,7.56e-03
2-8-8,D,959,16257.8095637413,9.23e-04,2.44e+00,8.32e-02,3.19e+00,8.23e-02
2-8-8,D,960,16270.2413490111,2.43e-04,2.64e+00,2.75e-02,1.90e+00,2.72e-02
2-8-8,D,961,16284.073256171,8.19e-04,2.66e+00,7.16e-02,2.08e+00,7.08e-02
2-8-8,D,962,16285.6790716552,3.40e-04,2.65e+00,3.52e-02,2.99e+00,3.49e-02
2-8-8,D,963,16301.4485634432,7.11e-04,3.53e+00,5.92e-02,2.68e+00,5.85e-02
2-8-8,D,964,16312.7202362381,3.11e-04,2.64e+00,3.61e-02,2.45e+00,3.58e-02
2-8-8,D,965,16334.9385377083,3.39e-04,2.44e+00,2.80e-02,1.12e+00,2.76e-02
2-8-8,D,966,16336.1877111249,6.66e-04,2.26e+00,5.72e-02,1.80e+00,5.66e-02
2-8-8,D,967,16337.2309816169,3.67e-04,3.52e+00,3.89e-02,3.52e+00,3.85e-02
2-8-8,D,968,16373.2402152229,1.27e-04,2.43e+00,1.56e-02,1.19e+00,1.55e-02
2-8-8,D,969,16385.4926227155,2.98e-04,2.50e+00,2.60e-02,1.64e+00,2.57e-02
2-8-8,D,970,16419.9393489651,1.45e-03,2.21e+00,1.25e-01,4.86e+00,1.23e-01
2-8-8,D,971,16481.0144082123,1.29e-03,2.37e+00,5.43e-02,1.39e+00,5.30e-02
2-8-8,D,972,16481.0590019609,1.81e-04,2.92e+00,6.72e-02,3.00e+00,6.70e-02
2-8-8,D,973,16483.490615036,3.45e-04,3.02e+00,3.83e-02,3.06e+00,3.79e-02
2-8-8,D,974,16491.9337971776,5.11e-05,1.84e+00,1.07e-02,1.26e+00,1.07e-02
2-8-8,D,975,16503.6393120216,3.85e-04,2.85e+00,3.73e-02,2.05e+00,3.69e-02
2-8-8,D,976,16505.3237891774,3.59e-04,3.97e+00,3.91e-02,2.67e+00,3.87e-02
2-8-8,D,977,16514.2474151984,6.46e-04,3.03e+00,5.10e-02,2.45e+00,5.03e-02
2-8-8,D,978,16516.2554727835,1.25e-03,2.92e+00,1.01e-01,4.12e+00,9.95e-02
2-8-8,D,979,16546.843287192,1.32e-03,2.52e+00,1.02e-01,3.30e+00,1.01e-01
2-8-8,D,980,16548.6936306085,1.51e-04,2.64e+00,2.18e-02,2.67e+00,2.16e-02
2-8-8,D,981,16593.0428032753,2.47e-04,2.16e+00,2.45e-02,1.57e+00,2.42e-02
2-8-8,D,982,16633.4783492347,1.60e-04,2.70e+00,2.15e-02,1.73e+00,2.14e-02
2-8-8,D,983,16636.0452018089,6.21e-04,2.49e+00,5.75e-02,2.88e+00,5.68e-02
2-8-8,D,984,16663.1811334278,2.88e-04,2.66e+00,3.08e-02,1.96e+00,3.05e-02
2-8-8,D,985,16681.5852618518,5.99e-04,2.47e+00,5.46e-02,2.22e+00,5.40e-02
2-8-8,D,986,16682.8089004583,1.09e-04,3.66e+00,1.68e-02,2.02e+00,1.67e-02
2-8-8,D,987,16689.5906312472,3.75e-04,3.89e+00,4.02e-02,2.55e+00,3.98e-02
2-8-8,D,988,16702.4205311379,1.92e-03,3.07e+00,1.49e-01,5.55e+00,1.47e-01
2-8-8,D,989,16717.7340845003,7.18e-05,2.15e+00,1.11e-02,1.21e+00,1.10e-02
2-8-8,D,990,16726.9147153918,1.40e-04,3.27e+00,1.72e-02,1.46e+00,1.71e-02
2-8-8,D,991,16739.3891051459,4.40e-04,2.42e+00,4.20e-02,2.51e+00,4.15e-02
2-8-8,D,992,16807.4506776611,6.08e-04,2.48e+00,4.76e-02,2.07e+00,4.70e-02
2-8-8,D,993,16808.0883722861,5.84e-04,3.10e+00,5.20e-02,2.87e+00,5.14e-02
2-8-8,D,994,16824.4759650811,2.70e-04,2.84e+00,2.77e-02,1.97e+00,2.75e-02
2-8-8,D,995,16824.5737081893,1.26e-03,4.47e+00,1.02e-01,3.60e+00,1.01e-01
2-8-8,D,996,16838.0553149803,3.22e-04,2.64e+00,3.00e-02,1.81e+00,2.97e-02
2-8-8,D,997,16839.1285177509,2.68e-04,3.21e+00,2.99e-02,2.04e+00,2.96e-02
2-8-8,D,998,16846.4685889612,1.60e-03,3.28e+00,1.20e-01,4.63e+00,1.19e-01
2-8-8,D,999,16893.2388474224,1.52e-04,3.27e+00,2.12e-02,1.69e+00,2.11e-02
2-8-8,D,1000,16910.2465215859,9.95e-04,3.30e+00,8.19e-02,3.49e+00,8.09e-02
2-8-8,D,1001,16949.246947588,1.95e-03,3.00e+00,1.56e-01,4.51e+00,1.54e-01
2-8-8,D,1002,16952.2519943813,7.95e-04,4.00e+00,6.75e-02,3.23e+00,6.67e-02
2-8-8,D,1003,16957.073962983,1.11e-03,3.59e+00,1.01e-01,5.01e+00,9.99e-02
2-8-8,D,1004,16978.2866070898,1.64e-04,3.34e+00,2.31e-02,1.84e+00,2.29e-02
2-8-8,D,1005,16979.6656219876,1.67e-03,4.42e+00,1.28e-01,5.58e+00,1.26e-01
2-8-8,D,1006,17004.1338166587,4.88e-04,2.91e+00,4.75e-02,2.81e+00,4.70e-02
2-8-8,D,1007,17026.4719209889,8.14e-04,3.14e+00,7.15e-02,3.60e+00,7.07e-02
2-8-8,D,1008,17041.4142265597,5.58e-05,2.24e+00,1.28e-02,1.53e+00,1.27e-02
2-8-8,D,1009,17067.1863227097,1.09e-04,2.79e+00,1.89e-02,1.82e+00,1.88e-02
2-8-8,D,1010,17082.8914827302,3.95e-04,3.86e+00,4.71e-02,2.90e+00,4.67e-02
2-8-8,D,1011,17087.7989899539,4.38e-04,3.07e+00,4.19e-02,2.68e+00,4.15e-02
2-8-8,D,1012,17094.5371715475,3.57e-04,3.19e+00,3.76e-02,2.50e+00,3.72e-02
2-8-8,D,1013,17103.1636235712,5.52e-04,3.23e+00,4.46e-02,2.45e+00,4.41e-02
2-8-8,D,1014,17124.874269395,6.95e-04,3.29e+00,5.28e-02,2.56e+00,5.21e-02
2-8-8,D,1015,17131.1978483159,7.08e-04,3.54e+00,5.85e-02,3.08e+00,5.78e-02
2-8-8,D,1016,17176.3768138574,5.82e-04,3.32e+00,5.09e-02,2.72e+00,5.03e-02
2-8-8,D,1017,17191.3573388619,1.46e-03,2.64e+00,1.11e-01,2.85e+00,1.09e-01
2-8-8,D,1018,17193.5039228138,5.92e-04,3.28e+00,5.46e-02,3.97e+00,5.40e-02
2-8-8,D,1019,17206.9457755741,6.58e-04,3.08e+00,5.58e-02,2.94e+00,5.51e-02
2-8-8,D,1020,17216.8255597025,8.18e-04,3.54e+00,6.18e-02,2.80e+00,6.10e-02
2-8-8,D,1021,17262.1739689896,2.11e-04,3.72e+00,2.92e-02,2.31e+00,2.90e-02
2-8-8,D,1022,17293.5880359229,7.94e-04,3.09e+00,6.06e-02,2.20e+00,5.98e-02
2-8-8,D,1023,17298.6338496953,1.66e-03,3.70e+00,1.30e-01,4.73e+00,1.28e-01
2-8-8,D,1024,17308.4513325459,1.55e-04,2.93e+00,2.53e-02,2.20e+00,2.52e-02
2-8-8,D,1025,17316.4684047807,6.34e-04,4.22e+00,5.71e-02,2.85e+00,5.64e-02
2-8-8,D,1026,17329.9691648279,9.45e-04,4.66e+00,8.24e-02,3.55e+00,8.14e-02
2-8-8,D,1027,17334.521304653,1.61e-03,3.75e+00,1.17e-01,5.33e+00,1.16e-01
2-8-8,D,1028,17387.5085567759,4.57e-04,3.78e+00,4.80e-02,2.68e+00,4.75e-02
2-8-8,D,1029,17392.5182821741,5.17e-04,3.92e+00,5.29e-02,2.97e+00,5.23e-02
2-8-8,D,1030,17418.7918343086,1.24e-04,3.48e+00,2.19e-02,2.07e+00,2.17e-02
2-8-8,D,1031,17423.5929563079,2.86e-03,4.27e+00,2.15e-01,7.13e+00,2.12e-01
2-8-8,D,1032,17435.4985373552,7.74e-04,6.30e+00,7.09e-02,3.99e+00,7.01e-02
2-8-8,D,1033,17447.8825489397,8.36e-05,3.31e+00,1.53e-02,1.69e+00,1.52e-02
2-8-8,D,1034,17467.3490812599,6.64e-04,4.38e+00,6.60e-02,3.22e+00,6.53e-02
2-8-8,D,1035,17470.7928751574,5.76e-04,4.24e+00,5.71e-02,3.85e+00,5.66e-02
2-8-8,D,1036,17498.1943268979,3.24e-04,4.12e+00,3.75e-02,2.58e+00,3.72e-02
2-8-8,D,1037,17499.4915411266,3.12e-04,4.76e+00,3.36e-02,2.48e+00,3.33e-02
2-8-8,D,1038,17552.7735841159,1.17e-03,3.49e+00,8.93e-02,3.27e+00,8.81e-02
2-8-8,D,1039,17559.9767974675,1.45e-03,5.27e+00,9.84e-02,3.78e+00,9.70e-02
2-8-8,D,1040,17574.2147330183,6.11e-04,6.28e+00,6.09e-02,3.37e+00,6.03e-02
2-8-8,D,1041,17581.3740891127,2.36e-04,4.26e+00,3.14e-02,2.53e+00,3.12e-02
2-8-8,D,1042,17597.3626789649,1.65e-03,4.81e+00,1.33e-01,4.96e+00,1.31e-01
2-8-8,D,1043,17613.482252517,3.00e-03,4.81e+00,2.21e-01,4.70e+00,2.18e-01
2-8-8,D,1044,17616.1796114862,9.79e-04,3.99e+00,8.25e-02,7.44e+00,8.15e-02
2-8-8,D,1045,17644.2751232256,5.64e-04,4.26e+00,5.67e-02,3.74e+00,5.61e-02
2-8-8,D,1046,17684.5687598355,3.32e-04,3.75e+00,4.37e-02,3.17e+00,4.33e-02
2-8-8,D,1047,17689.7993730971,1.84e-04,3.83e+00,2.59e-02,2.13e+00,2.57e-02
2-8-8,D,1048,17703.0453440885,3.41e-04,3.67e+00,3.66e-02,2.78e+00,3.62e-02
2-8-8,D,1049,17728.9215683706,8.56e-04,5.09e+00,8.01e-02,4.04e+00,7.92e-02
2-8-8,D,1050,17733.7468492191,6.83e-05,3.46e+00,1.31e-02,1.62e+00,1.31e-02
2-8-8,D,1051,17739.3354111904,2.03e-03,5.09e+00,1.48e-01,5.51e+00,1.46e-01
2-8-8,D,1052,17771.0359793381,8.52e-04,4.29e+00,7.76e-02,3.45e+00,7.67e-02
2-8-8,D,1053,17775.352260964,3.76e-04,4.90e+00,4.51e-02,2.84e+00,4.48e-02
2-8-8,D,1054,17777.2045280982,1.00e-03,4.76e+00,8.67e-02,4.98e+00,8.57e-02
2-8-8,D,1055,17825.1116906125,4.02e-04,5.28e+00,3.41e-02,2.20e+00,3.37e-02
2-8-8,D,1056,17829.3806656294,3.19e-04,3.79e+00,3.97e-02,2.97e+00,3.94e-02
2-8-8,D,1057,17829.3914179498,5.86e-04,4.97e+00,5.59e-02,3.59e+00,5.54e-02
2-8-8,D,1058,17856.5296466465,1.50e-03,5.83e+00,1.25e-01,5.21e+00,1.24e-01
2-8-8,D,1059,17871.9392135196,1.04e-04,3.47e+00,2.03e-02,2.14e+00,2.02e-02
2-8-8,D,1060,17897.3281692309,3.22e-04,4.56e+00,4.22e-02,3.23e+00,4.19e-02
2-8-8,D,1061,17918.4656203992,6.50e-04,4.67e+00,5.38e-02,2.84e+00,5.31e-02
2-8-8,D,1062,17925.8690919651,4.32e-04,4.81e+00,4.21e-02,2.91e+00,4.17e-02
2-8-8,D,1063,17928.3950123942,9.22e-04,5.23e+00,7.51e-02,3.36e+00,7.41e-02
2-8-8,D,1064,17952.7463797032,2.48e-03,6.49e+00,1.96e-01,7.13e+00,1.93e-01
2-8-8,D,1065,17983.8270380835,1.38e-03,4.55e+00,1.18e-01,4.91e+00,1.16e-01
2-8-8,D,1066,17989.795459507,2.16e-03,5.57e+00,1.48e-01,4.42e+00,1.46e-01
2-8-8,D,1067,17994.8272399669,8.97e-04,5.14e+00,7.44e-02,5.04e+00,7.35e-02
2-8-8,D,1068,18020.0099793519,5.85e-04,4.87e+00,6.11e-02,3.80e+00,6.05e-02
2-8-8,D,1069,18056.908161919,7.30e-04,6.56e+00,6.99e-02,3.79e+00,6.92e-02
2-8-8,D,1070,18076.4110869111,3.66e-04,4.72e+00,4.60e-02,2.95e+00,4.56e-02
2-8-8,D,1071,18078.1430403405,1.09e-03,7.00e+00,1.06e-01,4.79e+00,1.05e-01
2-8-8,D,1072,18093.8215261042,5.10e-04,6.01e+00,6.16e-02,3.66e+00,6.11e-02
2-8-8,D,1073,18099.96833299,1.67e-03,6.64e+00,1.33e-01,6.05e+00,1.31e-01
2-8-8,D,1074,18118.9385331112,1.55e-03,5.92e+00,1.18e-01,4.94e+00,1.16e-01
2-8-8,D,1075,18171.8530685072,1.07e-03,5.31e+00,8.31e-02,2.71e+00,8.21e-02
2-8-8,D,1076,18173.1473259096,1.45e-03,4.68e+00,1.03e-01,3.23e+00,1.02e-01
2-8-8,D,1077,18173.6375610019,1.65e-03,6.52e+00,1.50e-01,9.31e+00,1.48e-01
2-8-8,D,1078,18186.689997681,7.45e-04,4.96e+00,7.27e-02,3.63e+00,7.20e-02
2-8-8,D,1079,18186.8725376557,4.89e-04,5.71e+00,5.54e-02,4.26e+00,5.49e-02
2-8-8,D,1080,18226.6700078041,5.29e-04,6.09e+00,5.73e-02,3.65e+00,5.67e-02
2-8-8,D,1081,18232.8943601986,1.66e-04,7.45e+00,2.31e-02,2.23e+00,2.29e-02
2-8-8,D,1082,18255.558685195,7.41e-04,5.31e+00,6.84e-02,4.47e+00,6.76e-02
2-8-8,D,1083,18275.8434262001,4.55e-04,4.56e+00,5.24e-02,3.44e+00,5.19e-02
2-8-8,D,1084,18283.103475701,7.56e-04,6.55e+00,7.46e-02,4.32e+00,7.39e-02
2-8-8,D,1085,18298.3501162838,6.19e-04,5.05e+00,6.14e-02,3.55e+00,6.07e-02
2-8-8,D,1086,18299.1010862905,9.73e-04,8.83e+00,7.56e-02,4.19e+00,7.47e-02
2-8-8,D,1087,18315.9351122825,1.01e-03,5.56e+00,8.94e-02,4.81e+00,8.84e-02
2-8-8,D,1088,18358.9663931492,1.53e-03,7.20e+00,1.36e-01,4.84e+00,1.35e-01
2-8-8,D,1089,18360.8706414107,7.10e-04,6.46e+00,7.47e-02,5.76e+00,7.40e-02
2-8-8,D,1090,18392.8017542226,7.95e-04,5.32e+00,6.94e-02,3.63e+00,6.86e-02
2-8-8,D,1091,18393.4532584788,3.74e-04,5.41e+00,4.85e-02,3.68e+00,4.81e-02
2-8-8,D,1092,18407.6933993093,4.22e-04,6.53e+00,4.40e-02,2.89e+00,4.36e-02
2-8-8,D,1093,18431.9998361333,3.29e-04,5.25e+00,4.08e-02,3.06e+00,4.05e-02
2-8-8,D,1094,18460.7682367902,3.63e-03,7.77e+00,2.66e-01,8.19e+00,2.62e-01
2-8-8,D,1095,18480.8882835369,1.19e-03,6.36e+00,1.05e-01,5.36e+00,1.04e-01
2-8-8,D,1096,18490.0488411113,1.17e-03,7.31e+00,1.03e-01,5.28e+00,1.02e-01
2-8-8,D,1097,18497.6967642473,5.27e-04,6.71e+00,5.80e-02,4.05e+00,5.75e-02
2-8-8,D,1098,18503.3638956274,8.05e-04,4.87e+00,7.73e-02,4.72e+00,7.65e-02
2-8-8,D,1099,18527.7359310005,3.77e-04,5.19e+00,4.15e-02,3.14e+00,4.11e-02
2-8-8,D,1100,18558.3615539025,5.89e-04,6.57e+00,6.32e-02,3.89e+00,6.26e-02
2-8-8,D,1101,18591.0286685543,1.24e-03,8.72e+00,1.24e-01,5.87e+00,1.23e-01
2-8-8,D,1102,18605.5497474319,4.99e-04,5.66e+00,5.73e-02,3.87e+00,5.68e-02
2-8-8,D,1103,18612.4913658603,2.38e-03,8.81e+00,1.72e-01,6.15e+00,1.69e-01
2-8-8,D,1104,18627.2532598445,4.59e-04,6.32e+00,5.27e-02,3.87e+00,5.23e-02
2-8-8,D,1105,18638.8150076398,1.20e-03,8.75e+00,1.10e-01,5.24e+00,1.09e-01
2-8-8,D,1106,18658.3438106066,1.15e-03,5.80e+00,9.27e-02,4.38e+00,9.15e-02
2-8-8,D,1107,18668.1592537781,6.26e-04,6.12e+00,6.57e-02,4.71e+00,6.50e-02
2-8-8,D,1108,18697.8801284881,1.16e-03,6.34e+00,1.05e-01,3.95e+00,1.03e-01
2-8-8,D,1109,18705.4475861058,2.12e-03,8.86e+00,1.89e-01,8.88e+00,1.87e-01
2-8-8,D,1110,18716.1443228158,1.28e-03,7.99e+00,9.66e-02,4.63e+00,9.53e-02
2-8-8,D,1111,18729.3459970666,1.12e-03,9.17e+00,1.09e-01,6.37e+00,1.08e-01
2-8-8,D,1112,18761.5933322813,1.60e-03,9.77e+00,1.35e-01,6.88e+00,1.33e-01
2-8-8,D,1113,18777.8709894225,1.21e-03,8.97e+00,1.22e-01,5.14e+00,1.21e-01
2-8-8,D,1114,18782.5564716281,6.18e-04,7.82e+00,7.42e-02,5.72e+00,7.36e-02
2-8-8,D,1115,18788.3255196081,4.46e-04,9.09e+00,5.08e-02,3.97e+00,5.04e-02
2-8-8,D,1116,18801.6878960613,8.36e-04,6.46e+00,7.48e-02,4.14e+00,7.40e-02
2-8-8,D,1117,18851.7326862571,4.39e-04,7.00e+00,5.52e-02,3.18e+00,5.47e-02
2-8-8,D,1118,18852.0489062427,2.45e-04,7.15e+00,4.08e-02,4.39e+00,4.05e-02
2-8-8,D,1119,18857.7103586093,1.12e-03,8.94e+00,9.25e-02,5.00e+00,9.14e-02
2-8-8,D,1120,18861.9241758796,4.82e-04,1.18e+01,5.04e-02,3.56e+00,5.00e-02
2-8-8,D,1121,18879.3459699643,1.61e-04,9.58e+00,3.06e-02,3.12e+00,3.04e-02
2-8-8,D,1122,18895.2837488727,6.11e-04,7.78e+00,7.49e-02,5.18e+00,7.43e-02
2-8-8,D,1123,18931.5299351663,1.38e-03,7.82e+00,1.22e-01,5.95e+00,1.21e-01
2-8-8,D,1124,18952.1671755262,8.72e-04,7.54e+00,8.24e-02,4.67e+00,8.15e-02
2-8-8,D,1125,18968.4662034693,1.28e-03,9.53e+00,1.18e-01,6.17e+00,1.17e-01
2-8-8,D,1126,18984.1624040754,5.16e-04,5.36e+00,6.28e-02,4.16e+00,6.23e-02
2-8-8,D,1127,18987.2555629536,1.87e-03,7.37e+00,1.54e-01,6.68e+00,1.53e-01
2-8-8,D,1128,19014.872212858,9.32e-04,6.67e+00,8.90e-02,4.58e+00,8.81e-02
2-8-8,D,1129,19018.1793891647,8.38e-04,6.93e+00,8.65e-02,4.98e+00,8.57e-02
2-8-8,D,1130,19019.4488882504,1.91e-03,1.08e+01,1.45e-01,7.32e+00,1.43e-01
2-8-8,D,1131,19032.9313010281,6.60e-04,8.81e+00,7.06e-02,4.85e+00,6.99e-02
2-8-8,D,1132,19072.1615384683,1.34e-03,1.10e+01,1.24e-01,5.93e+00,1.23e-01
2-8-8,D,1133,19093.3066126214,6.98e-04,9.96e+00,7.83e-02,4.86e+00,7.76e-02
2-8-8,D,1134,19116.8209354622,7.33e-04,8.33e+00,8.09e-02,5.06e+00,8.01e-02
2-8-8,D,1135,19129.9542295138,1.49e-03,8.20e+00,1.33e-01,6.64e+00,1.32e-01
2-8-8,D,1136,19146.9957484202,6.25e-04,7.64e+00,6.66e-02,4.44e+00,6.60e-02
2-8-8,D,1137,19168.6061791833,7.32e-04,8.25e+00,6.93e-02,4.42e+00,6.86e-02
2-8-8,D,1138,19169.0723678768,1.06e-03,1.03e+01,1.04e-01,5.59e+00,1.03e-01
2-8-8,D,1139,19207.0881142048,2.13e-03,1.30e+01,1.78e-01,6.55e+00,1.76e-01
2-8-8,D,1140,19212.0816750566,2.07e-03,9.21e+00,1.75e-01,9.22e+00,1.73e-01
2-8-8,D,1141,19218.530378452,4.38e-04,8.45e+00,5.22e-02,4.15e+00,5.17e-02
2-8-8,D,1142,19243.755330502,2.27e-03,1.05e+01,1.92e-01,7.53e+00,1.90e-01
2-8-8,D,1143,19257.311931269,8.77e-04,8.91e+00,7.42e-02,4.47e+00,7.33e-02
2-8-8,D,1144,19265.7790171002,1.17e-03,9.98e+00,1.20e-01,6.89e+00,1.19e-01
2-8-8,D,1145,19291.8739806677,6.52e-04,8.72e+00,7.40e-02,4.81e+00,7.33e-02
2-8-8,D,1146,19307.8157054396,9.23e-04,9.51e+00,8.73e-02,5.31e+00,8.63e-02
2-8-8,D,1147,19336.0550173627,1.28e-03,1.00e+01,1.10e-01,5.55e+00,1.09e-01
2-8-8,D,1148,19350.8700827356,5.97e-04,8.50e+00,6.55e-02,4.47e+00,6.49e-02
2-8-8,D,1149,19359.6203696554,1.15e-03,1.11e+01,1.18e-01,6.72e+00,1.17e-01
2-8-8,D,1150,19371.8816961646,2.78e-04,8.10e+00,4.60e-02,4.07e+00,4.57e-02
2-8-8,D,1151,19372.9155561389,2.05e-03,1.21e+01,1.75e-01,9.01e+00,1.73e-01
2-8-8,D,1152,19422.6603179449,1.70e-03,1.08e+01,1.36e-01,6.74e+00,1.34e-01
2-8-8,D,1153,19443.2759811581,1.13e-03,1.10e+01,1.09e-01,4.82e+00,1.08e-01
2-8-8,D,1154,19447.8404411375,1.75e-03,1.25e+01,1.48e-01,8.61e+00,1.46e-01
2-8-8,D,1155,19461.6033359881,7.61e-04,1.10e+01,9.13e-02,6.14e+00,9.05e-02
2-8-8,D,1156,19473.4710782198,9.69e-04,1.37e+01,9.78e-02,6.18e+00,9.68e-02
2-8-8,D,1157,19481.3696760978,5.30e-04,9.40e+00,6.26e-02,4.25e+00,6.21e-02
2-8-8,D,1158,19489.6297922949,2.21e-04,7.29e+00,4.05e-02,3.90e+00,4.03e-02
2-8-8,D,1159,19509.9742431016,4.98e-04,7.29e+00,5.61e-02,4.02e+00,5.56e-02
2-8-8,D,1160,19531.4914282527,2.57e-03,1.43e+01,2.04e-01,8.02e+00,2.02e-01
2-8-8,D,1161,19540.5174198021,6.02e-04,9.36e+00,7.11e-02,5.29e+00,7.05e-02
2-8-8,D,1162,19546.7607779083,6.70e-04,1.03e+01,8.07e-02,5.88e+00,8.01e-02
2-8-8,D,1163,19590.4644658849,1.93e-03,1.10e+01,1.62e-01,6.41e+00,1.60e-01
2-8-8,D,1164,19594.0992493167,9.10e-04,1.16e+01,8.37e-02,6.80e+00,8.28e-02
2-8-8,D,1165,19607.2565113831,1.39e-03,1.04e+01,1.25e-01,6.71e+00,1.23e-01
2-8-8,D,1166,19626.3656969816,7.77e-04,1.24e+01,7.71e-02,4.71e+00,7.63e-02
2-8-8,D,1167,19627.9927879017,6.47e-04,1.55e+01,7.44e-02,5.60e+00,7.37e-02
2-8-8,D,1168,19672.6736050202,1.44e-03,1.11e+01,1.26e-01,6.95e+00,1.24e-01
2-8-8,D,1169,19698.4237441176,1.51e-03,1.12e+01,1.21e-01,6.24e+00,1.20e-01
2-8-8,D,1170,19724.7691777936,3.32e-03,1.17e+01,2.48e-01,6.16e+00,2.45e-01
2-8-8,D,1171,19726.5047926541,1.48e-03,1.14e+01,1.39e-01,7.76e+00,1.37e-01
2-8-8,D,1172,19730.9467347721,1.32e-03,1.02e+01,1.18e-01,6.25e+00,1.16e-01
2-8-8,D,1173,19732.452145616,9.96e-04,1.58e+01,1.02e-01,8.26e+00,1.01e-01
2-8-8,D,1174,19743.3978272743,5.33e-04,9.10e+00,5.78e-02,4.44e+00,5.73e-02
2-8-8,D,1175,19795.068282014,1.29e-03,1.13e+01,1.07e-01,6.27e+00,1.05e-01
2-8-8,D,1176,19814.2437686345,2.25e-03,1.26e+01,1.91e-01,8.15e+00,1.89e-01
2-8-8,D,1177,19825.7650077836,2.07e-03,1.79e+01,1.87e-01,7.94e+00,1.85e-01
2-8-8,D,1178,19835.3295635268,1.22e-03,1.17e+01,1.07e-01,6.34e+00,1.06e-01
2-8-8,D,1179,19836.1659860163,1.40e-03,1.73e+01,1.21e-01,7.96e+00,1.19e-01
2-8-8,D,1180,19866.1198593443,9.33e-04,1.31e+01,1.02e-01,5.92e+00,1.01e-01
2-8-8,D,1181,19884.0543281802,1.38e-04,1.25e+01,3.87e-02,3.82e+00,3.85e-02
2-8-8,D,1182,19894.9089336992,3.10e-03,1.25e+01,2.51e-01,1.01e+01,2.48e-01
2-8-8,D,1183,19938.7993791065,1.84e-03,1.42e+01,1.38e-01,6.07e+00,1.36e-01
2-8-8,D,1184,19942.3902151805,2.41e-03,1.48e+01,1.87e-01,8.88e+00,1.84e-01
2-8-8,D,1185,19958.6060191748,1.19e-03,1.14e+01,1.19e-01,7.08e+00,1.18e-01
2-8-8,D,1186,19972.1647731868,2.26e-03,1.29e+01,1.80e-01,9.12e+00,1.77e-01
2-8-8,D,1187,19986.0873646302,8.04e-04,1.18e+01,8.01e-02,5.77e+00,7.93e-02
2-8-8,D,1188,20003.119096736,1.24e-03,1.18e+01,1.01e-01,6.10e+00,9.94e-02
2-8-8,D,1189,20020.292327135,7.01e-04,1.11e+01,7.83e-02,4.99e+00,7.76e-02
2-8-8,D,1190,20022.8785582536,2.21e-03,1.78e+01,1.79e-01,9.45e+00,1.77e-01
2-8-8,D,1191,20027.5164848999,1.59e-03,1.52e+01,1.43e-01,8.18e+00,1.41e-01
2-8-8,D,1192,20034.4757541618,1.28e-03,1.32e+01,1.15e-01,7.32e+00,1.13e-01
2-8-8,D,1193,20099.7782115621,1.08e-03,1.13e+01,9.28e-02,5.47e+00,9.17e-02
2-8-8,D,1194,20127.5403004965,2.20e-03,1.25e+01,1.75e-01,7.21e+00,1.72e-01
2-8-8,D,1195,20131.4293650609,2.41e-03,1.10e+01,1.61e-01,7.28e+00,1.59e-01
2-8-8,D,1196,20134.1772108866,1.53e-03,1.54e+01,1.27e-01,6.28e+00,1.26e-01
2-8-8,D,1197,20135.727413552,2.20e-03,1.80e+01,1.66e-01,7.12e+00,1.64e-01
2-8-8,D,1198,20137.5602646539,9.17e-04,1.83e+01,8.37e-02,7.59e+00,8.28e-02
2-8-8,D,1199,20184.1525534505,7.60e-04,1.03e+01,8.97e-02,5.65e+00,8.90e-02
2-8-8,D,1200,20201.1307631692,1.75e-03,1.05e+01,1.45e-01,6.96e+00,1.43e-01
2-8-8,D,1201,20201.2205368623,1.11e-03,1.39e+01,1.21e-01,8.04e+00,1.20e-01
2-8-8,D,1202,20211.3937629904,1.82e-03,1.26e+01,1.26e-01,6.85e+00,1.24e-01
2-8-8,D,1203,20212.8142624172,6.30e-04,1.35e+01,7.98e-02,6.09e+00,7.91e-02
2-8-8,D,1204,20242.7977595107,4.38e-03,1.82e+01,3.05e-01,1.25e+01,3.01e-01
2-8-8,D,1205,20265.1035854794,3.08e-03,2.17e+01,2.00e-01,8.43e+00,1.97e-01
2-8-8,D,1206,20305.5935283816,1.11e-03,1.73e+01,9.44e-02,5.90e+00,9.33e-02
2-8-8,D,1207,20344.9335625615,5.20e-04,1.01e+01,7.94e-02,5.84e+00,7.89e-02
2-8-8,D,1208,20346.6165636498,3.27e-03,1.38e+01,2.36e-01,7.81e+00,2.32e-01
2-8-8,D,1209,20350.4016602783,4.69e-04,1.44e+01,6.65e-02,6.01e+00,6.61e-02
2-8-8,D,1210,20356.9744340571,3.73e-03,1.37e+01,2.22e-01,5.44e+00,2.18e-01
2-8-8,D,1211,20357.6066292594,2.43e-03,1.46e+01,1.94e-01,1.09e+01,1.92e-01
2-8-8,D,1212,20360.1015025415,2.56e-03,1.84e+01,2.11e-01,1.10e+01,2.08e-01
2-8-8,D,1213,20364.8605666965,1.89e-03,2.30e+01,1.42e-01,8.70e+00,1.40e-01
2-8-8,D,1214,20399.7422815362,1.34e-03,1.38e+01,1.26e-01,7.51e+00,1.24e-01
2-8-8,D,1215,20414.0552593008,3.28e-03,1.46e+01,2.43e-01,1.02e+01,2.39e-01
2-8-8,D,1216,20440.7271409531,9.72e-04,1.40e+01,9.73e-02,6.31e+00,9.64e-02
2-8-8,D,1217,20493.2572165636,3.94e-03,1.67e+01,2.63e-01,9.11e+00,2.59e-01
2-8-8,D,1218,20498.9794404042,2.45e-03,1.52e+01,1.85e-01,9.40e+00,1.83e-01
2-8-8,D,1219,20508.6174765538,2.03e-03,1.90e+01,1.53e-01,8.02e+00,1.51e-01
2-8-8,D,1220,20524.0957719455,1.00e-03,1.32e+01,9.80e-02,6.39e+00,9.70e-02
2-8-8,D,1221,20542.0018962989,4.00e-03,1.99e+01,2.54e-01,1.04e+01,2.50e-01
2-8-8,D,1222,20559.6808201157,4.18e-03,1.66e+01,2.38e-01,9.48e+00,2.34e-01
2-8-8,D,1223,20574.8449943042,1.46e-03,1.48e+01,1.16e-01,6.39e+00,1.14e-01
2-8-8,D,1224,20597.853292285,5.37e-03,1.60e+01,3.41e-01,1.03e+01,3.36e-01
2-8-8,D,1225,20600.8568817391,4.63e-03,1.73e+01,2.70e-01,1.09e+01,2.65e-01
2-8-8,D,1226,20605.7696088969,1.36e-03,1.67e+01,1.54e-01,9.69e+00,1.53e-01
2-8-8,D,1227,20614.132507339,1.99e-03,1.71e+01,2.01e-01,1.26e+01,1.99e-01
2-8-8,D,1228,20656.6582938551,2.51e-03,1.65e+01,1.82e-01,8.51e+00,1.79e-01
2-8-8,D,1229,20687.8426881561,2.39e-03,1.79e+01,1.42e-01,6.99e+00,1.40e-01
2-8-8,D,1230,20688.7027957544,3.40e-03,1.96e+01,2.06e-01,9.88e+00,2.02e-01
2-8-8,D,1231,20702.4577142201,1.48e-03,1.64e+01,1.18e-01,7.54e+00,1.17e-01
2-8-8,D,1232,20720.8802007456,2.15e-03,1.23e+01,1.58e-01,7.42e+00,1.56e-01
2-8-8,D,1233,20725.2947442615,1.68e-03,1.75e+01,1.50e-01,7.95e+00,1.48e-01
2-8-8,D,1234,20742.6743654904,4.63e-03,2.03e+01,2.41e-01,1.07e+01,2.37e-01
2-8-8,D,1235,20762.0582680456,1.05e-03,1.36e+01,9.33e-02,5.76e+00,9.22e-02
2-8-8,D,1236,20763.0041009239,2.89e-03,1.69e+01,2.10e-01,9.70e+00,2.07e-01
2-8-8,D,1237,20840.5312846088,4.40e-03,1.82e+01,2.56e-01,7.60e+00,2.51e-01
2-8-8,D,1238,20842.0357012914,2.38e-03,1.84e+01,1.98e-01,1.05e+01,1.96e-01
2-8-8,D,1239,20857.8415473898,2.34e-03,1.41e+01,1.71e-01,7.79e+00,1.68e-01
2-8-8,D,1240,20858.6739989439,1.60e-03,1.46e+01,1.31e-01,7.58e+00,1.30e-01
2-8-8,D,1241,20860.0181489204,2.45e-03,1.69e+01,1.89e-01,8.47e+00,1.87e-01
2-8-8,D,1242,20866.4769323801,7.31e-03,2.38e+01,3.56e-01,1.21e+01,3.49e-01
2-8-8,D,1243,20882.8328193044,2.50e-03,1.84e+01,1.80e-01,8.55e+00,1.78e-01
2-8-8,D,1244,20895.7067330551,5.25e-03,2.42e+01,3.56e-01,1.39e+01,3.51e-01
2-8-8,D,1245,20940.6897815424,2.06e-03,1.73e+01,1.48e-01,6.93e+00,1.46e-01
2-8-8,D,1246,20943.093153128,6.64e-03,1.97e+01,3.30e-01,1.17e+01,3.24e-01
2-8-8,D,1247,20973.505276117,2.42e-03,1.61e+01,1.47e-01,8.01e+00,1.45e-01
2-8-8,D,1248,20997.0325116132,2.04e-03,1.49e+01,1.90e-01,9.18e+00,1.88e-01
2-8-8,D,1249,21000.4089587826,8.32e-03,1.87e+01,3.51e-01,1.01e+01,3.42e-01
2-8-8,D,1250,21003.6296657515,1.32e-03,1.94e+01,1.32e-01,9.61e+00,1.31e-01
2-8-8,D,1251,21034.9932801443,3.44e-03,1.80e+01,2.12e-01,8.74e+00,2.08e-01
2-8-8,D,1252,21036.1879728486,1.89e-03,2.58e+01,1.66e-01,8.59e+00,1.65e-01
2-8-8,D,1253,21050.8079586374,8.70e-03,1.80e+01,5.01e-01,1.55e+01,4.92e-01
2-8-8,D,1254,21068.5766607033,8.63e-03,3.17e+01,4.50e-01,1.49e+01,4.41e-01
2-8-8,D,1255,21093.0477503994,2.59e-03,1.47e+01,1.57e-01,8.33e+00,1.54e-01
2-8-8,D,1256,21120.6384142261,1.92e-03,1.70e+01,1.63e-01,9.20e+00,1.61e-01
2-8-8,D,1257,21134.2154146017,5.67e-03,2.59e+01,3.39e-01,1.11e+01,3.34e-01
2-8-8,D,1258,21146.5654019325,3.78e-03,2.48e+01,2.96e-01,1.35e+01,2.93e-01
2-8-8,D,1259,21166.8357295492,4.87e-03,2.12e+01,2.78e-01,1.17e+01,2.73e-01
2-8-8,D,1260,21202.2034939376,6.46e-03,2.10e+01,3.91e-01,1.24e+01,3.85e-01
2-8-8,D,1261,21216.4382324773,4.74e-03,1.87e+01,2.72e-01,1.05e+01,2.67e-01
2-8-8,D,1262,21225.2552491258,2.57e-03,1.67e+01,2.01e-01,8.21e+00,1.98e-01
2-8-8,D,1263,21226.6932183608,7.94e-04,1.97e+01,1.07e-01,1.11e+01,1.06e-01
2-8-8,D,1264,21229.7255688254,2.27e-03,2.77e+01,1.65e-01,8.96e+00,1.63e-01
2-8-8,D,1265,21257.6063124521,2.21e-03,1.87e+01,1.66e-01,9.37e+00,1.64e-01
2-8-8,D,1266,21267.5253263355,8.17e-03,1.94e+01,3.40e-01,1.02e+01,3.32e-01
2-8-8,D,1267,21268.8315319834,3.87e-03,2.31e+01,2.77e-01,1.29e+01,2.73e-01
2-8-8,D,1268,21274.0644023406,7.38e-04,1.93e+01,1.07e-01,7.94e+00,1.06e-01
2-8-8,D,1269,21347.1438525909,3.59e-03,1.65e+01,2.03e-01,9.77e+00,1.99e-01
2-8-8,D,1270,21350.9093489727,6.42e-03,2.06e+01,3.90e-01,1.42e+01,3.84e-01
2-8-8,D,1271,21363.483587954,8.48e-03,2.12e+01,3.91e-01,1.25e+01,3.82e-01
2-8-8,D,1272,21369.8514187456,5.93e-03,2.21e+01,3.52e-01,1.22e+01,3.46e-01
2-8-8,D,1273,21380.2657387309,4.02e-03,1.82e+01,2.78e-01,1.28e+01,2.74e-01
2-8-8,D,1274,21382.4636697799,1.09e-02,2.48e+01,5.12e-01,1.54e+01,5.01e-01
2-8-8,D,1275,21418.8224217573,4.18e-03,1.93e+01,2.35e-01,9.90e+00,2.31e-01
2-8-8,D,1276,21427.3752510377,5.39e-03,1.69e+01,2.76e-01,1.08e+01,2.71e-01
2-8-8,D,1277,21456.6873993599,3.91e-03,2.21e+01,2.78e-01,1.05e+01,2.74e-01
2-8-8,D,1278,21472.2922033132,1.02e-02,2.00e+01,3.26e-01,8.40e+00,3.15e-01
2-8-8,D,1279,21473.3209477339,1.11e-02,2.62e+01,5.34e-01,1.72e+01,5.23e-01
2-8-8,D,1280,21493.805489078,2.42e-03,2.00e+01,1.89e-01,1.03e+01,1.86e-01
2-8-8,D,1281,21502.4103193839,3.68e-03,2.01e+01,2.29e-01,1.00e+01,2.25e-01
2-8-8,D,1282,21516.6812541023,3.56e-03,2.31e+01,2.08e-01,9.91e+00,2.04e-01
2-8-8,D,1283,21558.5477991829,4.04e-03,2.28e+01,2.37e-01,1.07e+01,2.33e-01
2-8-8,D,1284,21585.8817392266,1.49e-02,2.31e+01,6.22e-01,1.60e+01,6.07e-01
2-8-8,D,1285,21594.7422703473,1.06e-03,2.36e+01,1.15e-01,8.49e+00,1.14e-01
2-8-8,D,1286,21605.2242306845,1.20e-02,2.87e+01,6.59e-01,1.73e+01,6.47e-01
2-8-8,D,1287,21637.2400553669,1.50e-02,2.57e+01,6.99e-01,1.93e+01,6.84e-01
2-8-8,D,1288,21653.2110148985,5.64e-03,1.58e+01,3.03e-01,1.08e+01,2.98e-01
2-8-8,D,1289,21653.6762636818,2.30e-03,2.31e+01,2.03e-01,1.19e+01,2.01e-01
2-8-8,D,1290,21691.2778917239,9.15e-03,2.14e+01,4.35e-01,1.11e+01,4.26e-01
2-8-8,D,1291,21695.8509710609,1.92e-03,2.04e+01,1.55e-01,1.14e+01,1.53e-01
2-8-8,D,1292,21722.3747471041,2.58e-03,2.17e+01,1.85e-01,9.16e+00,1.82e-01
2-8-8,D,1293,21723.7819871508,2.77e-03,3.05e+01,2.17e-01,1.15e+01,2.14e-01
2-8-8,D,1294,21752.0406067369,6.81e-03,2.42e+01,3.31e-01,1.02e+01,3.24e-01
2-8-8,D,1295,21753.8298688198,3.57e-03,2.66e+01,2.49e-01,8.92e+00,2.46e-01
2-8-8,D,1296,21755.7026354231,8.82e-03,3.05e+01,5.06e-01,2.08e+01,4.97e-01
2-8-8,D,1297,21782.4013868054,1.87e-02,2.99e+01,7.53e-01,1.90e+01,7.35e-01
2-8-8,D,1298,21810.2549627619,4.19e-03,2.41e+01,2.81e-01,1.16e+01,2.77e-01
2-8-8,D,1299,21819.4449342448,2.72e-03,2.80e+01,2.33e-01,1.12e+01,2.30e-01
2-8-8,D,1300,21827.1651146382,4.68e-03,2.26e+01,3.00e-01,1.23e+01,2.96e-01
2-8-8,D,1301,21843.2066917269,4.80e-03,2.67e+01,2.48e-01,1.06e+01,2.43e-01
2-8-8,D,1302,21844.4010029386,8.65e-03,3.09e+01,4.12e-01,1.48e+01,4.03e-01
2-8-8,D,1303,21878.3681377864,2.29e-03,1.56e+01,2.37e-01,1.24e+01,2.35e-01
2-8-8,D,1304,21881.820001513,3.65e-03,2.08e+01,2.45e-01,1.40e+01,2.41e-01
2-8-8,D,1305,21891.5747811574,1.33e-02,2.41e+01,5.67e-01,1.44e+01,5.54e-01
2-8-8,D,1306,21893.700109185,1.48e-02,2.69e+01,5.98e-01,1.79e+01,5.83e-01
2-8-8,D,1307,21949.6672897096,1.41e-02,2.53e+01,5.98e-01,1.74e+01,5.84e-01
2-8-8,D,1308,21978.6491138463,8.12e-03,2.46e+01,3.28e-01,1.12e+01,3.20e-01
2-8-8,D,1309,21994.5130992204,1.36e-02,2.09e+01,2.68e-01,1.06e+01,2.54e-01
2-8-8,D,1310,21994.5817699498,5.47e-03,2.51e+01,5.40e-01,1.34e+01,5.35e-01
2-8-8,D,1311,22002.8360486362,1.40e-02,2.28e+01,5.29e-01,1.63e+01,5.15e-01
2-8-8,D,1312,22004.7249979371,3.58e-03,3.42e+01,3.31e-01,1.86e+01,3.27e-01
2-8-8,D,1313,22036.4812649422,8.30e-03,2.92e+01,4.71e-01,1.57e+01,4.63e-01
2-8-8,D,1314,22043.3044280696,2.21e-03,3.14e+01,1.66e-01,9.86e+00,1.64e-01
2-8-8,D,1315,22094.6319243061,5.27e-03,2.49e+01,3.49e-01,1.27e+01,3.43e-01
2-8-8,D,1316,22105.2286290403,1.32e-02,2.29e+01,6.26e-01,1.66e+01,6.13e-01
2-8-8,D,1317,22117.739552266,5.33e-03,2.09e+01,2.94e-01,1.27e+01,2.89e-01
2-8-8,D,1318,22121.9284048448,8.79e-03,2.29e+01,4.60e-01,1.59e+01,4.52e-01
2-8-8,D,1319,22146.46806484,5.00e-03,2.17e+01,3.18e-01,1.42e+01,3.13e-01
2-8-8,D,1320,22162.7359552334,1.48e-02,3.14e+01,6.56e-01,1.80e+01,6.41e-01
2-8-8,D,1321,22191.0648236169,2.07e-02,2.39e+01,6.19e-01,1.17e+01,5.98e-01
2-8-8,D,1322,22192.6094588098,1.65e-02,3.39e+01,8.29e-01,2.12e+01,8.13e-01
2-8-8,D,1323,22205.4969247893,6.01e-03,2.27e+01,3.57e-01,1.21e+01,3.51e-01
2-8-8,D,1324,22207.131465701,1.30e-02,2.56e+01,5.65e-01,1.74e+01,5.52e-01
2-8-8,D,1325,22214.7110685847,1.77e-02,3.28e+01,6.34e-01,1.93e+01,6.16e-01
2-8-8,D,1326,22301.0949756541,5.18e-03,2.29e+01,2.66e-01,1.06e+01,2.61e-01
2-8-8,D,1327,22309.27308075,4.28e-03,2.56e+01,3.21e-01,1.49e+01,3.16e-01
2-8-8,D,1328,22316.6861363524,1.87e-02,2.86e+01,6.44e-01,1.30e+01,6.25e-01
2-8-8,D,1329,22320.0420183274,1.50e-02,3.15e+01,6.60e-01,1.97e+01,6.45e-01
2-8-8,D,1330,22332.9209285067,4.88e-03,2.63e+01,2.67e-01,1.31e+01,2.62e-01
2-8-8,D,1331,22359.061182509,1.44e-02,2.77e+01,6.03e-01,1.49e+01,5.89e-01
2-8-8,D,1332,22366.183113632,8.67e-03,2.50e+01,4.94e-01,1.66e+01,4.85e-01
2-8-8,D,1333,22372.0002288868,5.22e-03,2.79e+01,3.54e-01,1.31e+01,3.49e-01
2-8-8,D,1334,22374.2474163818,3.54e-03,3.64e+01,2.68e-01,1.60e+01,2.64e-01
2-8-8,D,1335,22389.8185465878,1.25e-02,3.54e+01,5.48e-01,1.21e+01,5.35e-01
2-8-8,D,1336,22400.5745297769,2.08e-02,3.13e+01,9.05e-01,2.89e+01,8.84e-01
2-8-8,D,1337,22434.1887732374,5.92e-03,3.25e+01,2.97e-01,1.29e+01,2.91e-01
2-8-8,D,1338,22472.5218054303,1.92e-02,2.80e+01,6.32e-01,1.40e+01,6.13e-01
2-8-8,D,1339,22474.8801085924,9.16e-03,3.55e+01,4.89e-01,1.93e+01,4.80e-01
2-8-8,D,1340,22510.0212200232,5.26e-03,2.75e+01,3.77e-01,1.77e+01,3.72e-01
2-8-8,D,1341,22516.8691321872,3.20e-03,2.76e+01,3.20e-01,1.30e+01,3.16e-01
2-8-8,D,1342,22518.3188923105,9.27e-03,2.98e+01,4.02e-01,1.74e+01,3.93e-01
2-8-8,D,1343,22547.0161110121,1.29e-02,2.89e+01,5.74e-01,1.34e+01,5.61e-01
2-8-8,D,1344,22549.9226970088,8.39e-03,3.12e+01,5.24e-01,2.26e+01,5.16e-01
2-8-8,D,1345,22586.410799576,1.11e-02,2.69e+01,4.73e-01,1.48e+01,4.62e-01
2-8-8,D,1346,22599.0007540957,3.66e-02,2.77e+01,9.46e-01,1.48e+01,9.10e-01
2-8-8,D,1347,22599.8600511954,1.19e-02,3.07e+01,6.72e-01,1.54e+01,6.60e-01
2-8-8,D,1348,22601.3343222593,1.30e-02,3.53e+01,7.44e-01,1.71e+01,7.31e-01
2-8-8,D,1349,22605.2241979819,7.34e-03,3.54e+01,3.64e-01,2.54e+01,3.57e-01
2-8-8,D,1350,22626.4767324102,6.46e-03,3.79e+01,3.84e-01,1.66e+01,3.78e-01
2-8-8,D,1351,22669.5339892548,1.76e-02,2.55e+01,6.54e-01,1.93e+01,6.37e-01
2-8-8,D,1352,22700.8561535477,1.19e-02,2.67e+01,4.29e-01,1.35e+01,4.17e-01
2-8-8,D,1353,22701.9828700235,1.67e-02,3.37e+01,8.36e-01,2.10e+01,8.19e-01
2-8-8,D,1354,22724.3155543169,7.79e-03,2.47e+01,4.39e-01,1.71e+01,4.31e-01
2-8-8,D,1355,22727.9214614054,2.92e-03,2.57e+01,2.43e-01,1.58e+01,2.40e-01
2-8-8,D,1356,22757.0352047616,4.48e-03,2.39e+01,2.98e-01,1.46e+01,2.94e-01
2-8-8,D,1357,22765.5264398836,5.63e-03,2.78e+01,3.48e-01,1.42e+01,3.42e-01
2-8-8,D,1358,22767.6447639337,2.70e-02,2.86e+01,8.03e-01,1.65e+01,7.76e-01
2-8-8,D,1359,22771.0580346625,9.81e-03,3.20e+01,5.33e-01,1.86e+01,5.23e-01
2-8-8,D,1360,22796.7465609283,1.89e-02,3.80e+01,7.29e-01,1.75e+01,7.10e-01
2-8-8,D,1361,22819.3496555549,3.81e-02,3.07e+01,1.14e+00,1.82e+01,1.11e+00
2-8-8,D,1362,22831.9128942867,1.53e-02,3.36e+01,5.79e-01,1.56e+01,5.63e-01
2-8-8,D,1363,22844.1038461559,2.60e-02,3.33e+01,1.04e+00,2.43e+01,1.01e+00
2-8-8,D,1364,22860.3079421285,1.72e-02,3.41e+01,7.65e-01,2.52e+01,7.48e-01
2-8-8,D,1365,22876.1228644356,9.44e-03,3.83e+01,4.49e-01,1.79e+01,4.39e-01
2-8-8,D,1366,22928.0819286579,6.48e-03,3.05e+01,4.03e-01,1.61e+01,3.96e-01
2-8-8,D,1367,22934.2572326454,1.20e-02,3.10e+01,5.72e-01,1.63e+01,5.60e-01
2-8-8,D,1368,22956.1708682878,8.55e-03,2.72e+01,4.74e-01,1.86e+01,4.66e-01
2-8-8,D,1369,22983.5361211416,6.18e-03,2.69e+01,3.51e-01,1.44e+01,3.45e-01
2-8-8,D,1370,22989.6155795042,1.53e-02,3.54e+01,6.32e-01,1.36e+01,6.16e-01
2-8-8,D,1371,22994.5211299246,2.42e-02,3.74e+01,1.02e+00,2.54e+01,1.00e+00
2-8-8,D,1372,22999.3860211542,4.34e-02,3.33e+01,1.41e+00,2.95e+01,1.36e+00
2-8-8,D,1373,23027.0345309304,1.31e-02,3.38e+01,5.79e-01,2.06e+01,5.66e-01
2-8-8,D,1374,23050.8834741878,3.08e-03,3.42e+01,2.29e-01,1.25e+01,2.26e-01
2-8-8,D,1375,23070.4566586375,2.45e-02,3.94e+01,1.03e+00,2.70e+01,1.01e+00
2-8-8,D,1376,23102.0792258938,9.78e-03,3.54e+01,4.95e-01,1.96e+01,4.85e-01
2-8-8,D,1377,23122.5672887939,1.28e-02,3.28e+01,5.17e-01,1.61e+01,5.04e-01
2-8-8,D,1378,23122.9695971541,1.27e-02,3.61e+01,6.08e-01,2.07e+01,5.95e-01
2-8-8,D,1379,23132.945346101,3.06e-02,4.08e+01,1.01e+00,2.02e+01,9.82e-01
2-8-8,D,1380,23150.5837760771,8.25e-03,2.94e+01,3.49e-01,1.35e+01,3.41e-01
2-8-8,D,1381,23152.8737199761,1.59e-02,3.84e+01,7.04e-01,2.10e+01,6.88e-01
2-8-8,D,1382,23159.0961341359,4.63e-03,4.41e+01,4.30e-01,2.58e+01,4.25e-01
2-8-8,D,1383,23177.8207999781,8.24e-03,3.25e+01,4.04e-01,1.47e+01,3.96e-01
2-8-8,D,1384,23189.9943303062,3.13e-02,4.37e+01,1.14e+00,2.92e+01,1.11e+00
2-8-8,D,1385,23241.7493167062,1.13e-02,2.73e+01,5.31e-01,1.91e+01,5.19e-01
2-8-8,D,1386,23247.4867822951,1.23e-02,3.29e+01,6.07e-01,2.01e+01,5.95e-01
2-8-8,D,1387,23251.8154590247,3.47e-02,4.33e+01,1.16e+00,2.33e+01,1.13e+00
2-8-8,D,1388,23290.4600653153,4.72e-03,3.52e+01,2.63e-01,1.34e+01,2.58e-01
2-8-8,D,1389,23312.0332572147,2.26e-02,3.62e+01,7.22e-01,1.78e+01,6.99e-01
2-8-8,D,1390,23330.7037988974,3.00e-02,3.44e+01,1.00e+00,1.95e+01,9.74e-01
2-8-8,D,1391,23333.3286587829,9.36e-03,3.36e+01,4.84e-01,2.16e+01,4.74e-01
2-8-8,D,1392,23359.0059638656,1.96e-02,3.55e+01,8.66e-01,1.94e+01,8.46e-01
2-8-8,D,1393,23364.6363710145,5.93e-02,3.35e+01,1.63e+00,2.35e+01,1.57e+00
2-8-8,D,1394,23365.8977972357,6.10e-03,3.92e+01,7.26e-01,2.92e+01,7.20e-01
2-8-8,D,1395,23378.0755029419,1.45e-02,3.80e+01,6.78e-01,2.38e+01,6.63e-01
2-8-8,D,1396,23402.0626652677,3.61e-02,4.04e+01,1.13e+00,1.87e+01,1.09e+00
2-8-8,D,1397,23403.806551169,6.21e-03,4.26e+01,4.38e-01,2.50e+01,4.31e-01
2-8-8,D,1398,23437.4083430788,1.12e-02,3.83e+01,5.05e-01,1.69e+01,4.94e-01
2-8-8,D,1399,23444.2012339973,1.40e-02,3.80e+01,5.36e-01,1.61e+01,5.22e-01
2-8-8,D,1400,23446.9672333577,1.38e-02,3.82e+01,6.23e-01,1.77e+01,6.09e-01
2-8-8,D,1401,23449.0127701772,3.02e-02,4.40e+01,1.14e+00,2.47e+01,1.11e+00
2-8-8,D,1402,23452.2578991214,2.08e-02,4.69e+01,7.38e-01,2.89e+01,7.18e-01
2-8-8,D,1403,23489.7207979498,6.49e-03,3.78e+01,4.24e-01,1.95e+01,4.17e-01
2-8-8,D,1404,23581.4897430922,2.48e-02,3.91e+01,9.69e-01,2.12e+01,9.44e-01
2-8-8,D,1405,23608.2463702861,1.40e-02,3.53e+01,5.34e-01,1.82e+01,5.20e-01
2-8-8,D,1406,23613.7211308283,6.12e-02,3.47e+01,1.47e+00,1.64e+01,1.41e+00
2-8-8,D,1407,23614.7367581603,1.16e-02,3.74e+01,1.03e+00,2.06e+01,1.01e+00
2-8-8,D,1408,23621.833880326,7.85e-03,3.44e+01,4.02e-01,1.70e+01,3.94e-01
2-8-8,D,1409,23622.4873798438,9.86e-03,4.14e+01,6.86e-01,2.27e+01,6.76e-01
2-8-8,D,1410,23623.263143555,1.81e-02,4.41e+01,7.36e-01,2.60e+01,7.18e-01
2-8-8,D,1411,23628.2503553441,2.91e-02,4.50e+01,8.59e-01,2.55e+01,8.30e-01
2-8-8,D,1412,23630.1802356767,2.09e-02,4.52e+01,1.00e+00,3.75e+01,9.82e-01
2-8-8,D,1413,23657.2480236839,2.59e-02,5.22e+01,9.25e-01,2.32e+01,8.99e-01
2-8-8,D,1414,23677.5548823762,2.65e-02,3.96e+01,1.02e+00,2.82e+01,9.89e-01
2-8-8,D,1415,23718.2089464254,3.06e-02,5.00e+01,9.42e-01,2.05e+01,9.11e-01
2-8-8,D,1416,23720.8983604851,3.21e-02,5.56e+01,1.22e+00,3.39e+01,1.19e+00
2-8-8,D,1417,23758.9946952832,1.31e-02,4.26e+01,5.42e-01,1.78e+01,5.29e-01
2-8-8,D,1418,23797.0381850461,1.03e-02,3.87e+01,5.43e-01,1.93e+01,5.33e-01
2-8-8,D,1419,23808.4155075698,5.51e-03,3.39e+01,4.79e-01,2.57e+01,4.74e-01
3-3-12,N,0,0,0.00e+00,1.69e-14,0.00e+00,0.00e+00,0.00e+00
3-3-12,N,1,3.49984694789844,5.52e-13,7.28e-14,4.80e-14,5.80e-13,6.00e-13
3-3-12,N,2,11.5698245252122,1.85e-12,9.06e-14,1.60e-14,2.07e-12,1.83e-12
3-3-12,N,3,14.9386861492782,2.31e-12,7.11e-15,3.55e-14,2.56e-12,2.35e-12
3-3-12,N,4,24.1182383230268,3.92e-12,2.27e-13,7.11e-14,4.26e-12,3.84e-12
3-3-12,N,5,40.4239257079174,6.64e-12,1.92e-13,4.97e-14,7.19e-12,6.59e-12
3-3-12,N,6,48.2111675987627,7.16e-12,6.39e-14,1.07e-13,8.03e-12,7.27e-12
3-3-12,N,7,53.2070623530982,8.24e-12,6.39e-14,1.78e-13,9.23e-12,8.42e-12
3-3-12,N,8,66.2795269087726,1.04e-11,1.14e-13,3.13e-13,1.15e-11,1.07e-11
3-3-12,N,9,81.2779838299175,1.23e-11,5.12e-13,2.84e-14,1.32e-11,1.23e-11
3-3-12,N,10,90.6365010749011,1.43e-11,1.85e-13,4.55e-13,1.60e-11,1.48e-11
3-3-12,N,11,109.570347345001,1.60e-11,3.27e-13,5.12e-13,1.79e-11,1.65e-11
3-3-12,N,12,114.215670313149,1.86e-11,3.27e-13,5.68e-14,2.12e-11,1.85e-11
3-3-12,N,13,128.705567187366,2.05e-11,8.53e-14,4.55e-13,2.27e-11,2.01e-11
3-3-12,N,14,130.442087889958,1.87e-11,3.41e-13,2.84e-13,2.05e-11,1.84e-11
3-3-12,N,15,156.359556097369,2.56e-11,4.83e-13,1.14e-13,2.75e-11,2.54e-11
3-3-12,N,16,166.719454963282,2.43e-11,2.56e-13,2.84e-14,2.62e-11,2.43e-11
3-3-12,N,17,173.608760267718,2.83e-11,1.14e-13,2.56e-13,3.13e-11,2.85e-11
3-3-12,N,18,202.559887681836,3.23e-11,3.41e-13,2.27e-13,3.55e-11,3.25e-11
3-3-12,N,19,202.958052085533,3.12e-11,1.22e-12,7.67e-13,3.45e-11,3.19e-11
3-3-12,N,20,206.682902323319,3.19e-11,5.97e-13,1.99e-13,3.45e-11,3.17e-11
3-3-12,N,21,229.760868691854,3.48e-11,1.42e-12,6.82e-13,3.89e-11,3.55e-11
3-3-12,N,22,239.44031342905,3.65e-11,3.41e-13,5.97e-13,4.06e-11,3.71e-11
3-3-12,N,23,261.196467246279,4.33e-11,1.14e-13,1.71e-13,4.70e-11,4.31e-11
3-3-12,N,24,262.875885630773,3.82e-11,1.08e-12,4.55e-13,4.21e-11,3.87e-11
3-3-12,N,25,286.879855902237,4.08e-11,6.82e-13,8.53e-13,4.55e-11,4.16e-11
3-3-12,N,26,290.870001489196,4.50e-11,2.84e-13,1.25e-12,5.03e-11,4.62e-11
3-3-12,N,27,310.173076781108,5.16e-11,3.41e-13,2.27e-13,5.74e-11,5.14e-11
3-3-12,N,28,325.414653411094,4.48e-11,2.27e-13,1.53e-12,5.00e-11,4.64e-11
3-3-12,N,29,338.973351709106,4.88e-11,3.98e-13,1.14e-12,5.49e-11,4.76e-11
3-3-12,N,30,347.389495707339,5.46e-11,9.09e-13,2.84e-13,5.93e-11,5.49e-11
3-3-12,N,31,355.40792419913,5.56e-11,5.68e-13,6.25e-13,5.80e-11,5.63e-11
3-3-12,N,32,376.897375479849,5.54e-11,2.27e-13,5.68e-14,5.89e-11,5.55e-11
3-3-12,N,33,385.450909478758,5.89e-11,1.93e-12,2.05e-12,6.51e-11,6.09e-11
3-3-12,N,34,412.328617775184,6.21e-11,1.19e-12,5.68e-13,6.78e-11,6.27e-11
3-3-12,N,35,415.832018706855,5.96e-11,7.96e-13,9.09e-13,6.54e-11,6.05e-11
3-3-12,N,36,425.3898267293,6.63e-11,1.59e-12,1.82e-12,7.51e-11,6.82e-11
3-3-12,N,37,447.383015259626,6.54e-11,2.33e-12,5.12e-13,7.29e-11,6.59e-11
3-3-12,N,38,459.481908239099,7.09e-11,1.71e-13,1.36e-12,7.63e-11,6.95e-11
3-3-12,N,39,470.820662242033,6.27e-11,2.22e-12,1.14e-12,7.20e-11,6.38e-11
3-3-12,N,40,484.327199041045,7.73e-11,2.56e-12,1.31e-12,8.42e-11,7.86e-11
3-3-12,N,41,504.306579000134,8.19e-11,2.27e-13,6.82e-13,9.13e-11,8.26e-11
3-3-12,N,42,517.740451399648,7.19e-11,7.96e-13,7.96e-13,7.97e-11,7.26e-11
3-3-12,N,43,526.363244241378,8.17e-11,2.27e-13,3.41e-13,8.92e-11,8.21e-11
3-3-12,N,44,540.747791338402,8.11e-11,1.14e-12,9.09e-13,9.13e-11,8.20e-11
3-3-12,N,45,552.012378649973,7.91e-11,1.14e-13,3.41e-13,8.74e-11,7.95e-11
3-3-12,N,46,555.633494276877,9.06e-11,1.02e-12,7.96e-13,9.91e-11,8.98e-11
3-3-12,N,47,592.331164556744,7.98e-11,6.82e-13,7.96e-13,8.75e-11,8.06e-11
3-3-12,N,48,595.051908986281,9.09e-11,4.09e-12,2.05e-12,1.03e-10,9.30e-11
3-3-12,N,49,617.328701820127,9.69e-11,0.00e+00,6.82e-13,1.08e-10,9.75e-11
3-3-12,N,50,633.114583484838,8.95e-11,1.02e-12,3.07e-12,9.75e-11,9.25e-11
3-3-12,N,51,634.65197036812,9.82e-11,2.27e-13,7.96e-13,1.06e-10,9.74e-11
3-3-12,N,52,659.710216386406,1.02e-10,4.55e-13,3.41e-13,1.09e-10,1.02e-10
3-3-12,N,53,660.587954268829,9.95e-11,1.14e-13,2.27e-13,1.07e-10,9.92e-11
3-3-12,N,54,678.697803465396,1.04e-10,2.61e-12,1.14e-13,1.12e-10,1.04e-10
3-3-12,N,55,704.846078988151,1.12e-10,1.82e-12,2.39e-12,1.20e-10,1.14e-10
3-3-12,N,56,711.929311889747,1.12e-10,3.30e-12,9.09e-13,1.23e-10,1.13e-10
3-3-12,N,57,717.028237434383,1.00e-10,4.66e-12,1.02e-12,1.03e-10,1.01e-10
3-3-12,N,58,735.846617368909,1.13e-10,1.14e-12,1.02e-12,1.22e-10,1.12e-10
3-3-12,N,59,756.693567687694,1.09e-10,3.41e-12,2.05e-12,1.18e-10,1.11e-10
3-3-12,N,60,758.810478377154,1.18e-10,9.09e-13,3.18e-12,1.25e-10,1.22e-10
3-3-12,N,61,779.85544394983,1.06e-10,5.00e-12,2.16e-12,1.02e-10,1.04e-10
3-3-12,N,62,799.671332550307,1.25e-10,2.27e-13,1.25e-12,1.28e-10,1.27e-10
3-3-12,N,63,801.258401373694,1.25e-10,1.71e-12,1.71e-12,1.29e-10,1.26e-10
3-3-12,N,64,837.579607476186,1.17e-10,9.09e-13,1.48e-12,1.17e-10,1.19e-10
3-3-12,N,65,838.594211206821,1.19e-10,3.64e-12,7.96e-13,1.16e-10,1.20e-10
3-3-12,N,66,854.024881612788,1.32e-10,1.59e-12,2.16e-12,1.34e-10,1.34e-10
3-3-12,N,67,883.220085264947,1.29e-10,1.36e-12,1.59e-12,1.27e-10,1.28e-10
3-3-12,N,68,889.054149659851,1.37e-10,2.05e-12,6.82e-13,1.39e-10,1.37e-10
3-3-12,N,69,891.156116994866,1.34e-10,2.05e-12,1.36e-12,1.30e-10,1.35e-10
3-3-12,N,70,902.027789983953,1.32e-10,6.71e-12,1.25e-12,1.15e-10,1.33e-10
3-3-12,N,71,908.626014549755,1.43e-10,0.00e+00,1.93e-12,1.43e-10,1.41e-10
3-3-12,N,72,932.779927408709,1.31e-10,5.12e-12,9.09e-13,1.18e-10,1.32e-10
3-3-12,N,73,946.854965629645,1.45e-10,4.77e-12,2.50e-12,1.18e-10,1.42e-10
3-3-12,N,74,973.329638093574,1.35e-10,5.00e-12,4.77e-12,7.51e-11,1.40e-10
3-3-12,N,75,989.599677216993,1.55e-10,7.84e-12,1.93e-12,1.07e-10,1.53e-10
3-3-12,N,76,999.770137486966,1.49e-10,7.84e-12,2.61e-12,1.27e-10,1.47e-10
3-3-12,N,77,1013.79461723503,1.43e-10,2.39e-12,4.89e-12,7.82e-11,1.48e-10
3-3-12,N,78,1022.26372518335,1.59e-10,3.64e-12,1.36e-12,1.31e-10,1.58e-10
3-3-12,N,79,1026.15275409401,1.56e-10,5.00e-12,3.64e-12,1.09e-10,1.59e-10
3-3-12,N,80,1065.4860467354,1.54e-10,2.71e-11,9.09e-13,6.82e-13,1.53e-10
3-3-12,N,81,1076.32797637863,1.66e-10,5.23e-12,6.82e-13,1.04e-10,1.65e-10
3-3-12,N,82,1083.36038882625,1.66e-10,5.00e-12,4.55e-13,1.08e-10,1.66e-10
3-3-12,N,83,1110.63873636742,1.61e-10,4.50e-11,1.82e-12,1.91e-11,1.59e-10
3-3-12,N,84,1115.75808327539,1.83e-10,1.27e-11,3.18e-12,1.41e-11,1.86e-10
3-3-12,N,85,1115.76881688512,1.67e-10,1.23e-11,4.55e-13,1.22e-10,1.66e-10
3-3-12,N,86,1146.76830555852,1.70e-10,1.91e-11,1.82e-12,2.27e-11,1.72e-10
3-3-12,N,87,1159.77353743781,1.81e-10,1.34e-11,6.82e-13,5.93e-11,1.82e-10
3-3-12,N,88,1162.57166122723,1.61e-10,1.06e-10,1.59e-12,1.71e-10,1.62e-10
3-3-12,N,89,1167.96046522059,1.73e-10,2.34e-11,1.36e-12,7.53e-11,1.72e-10
3-3-12,N,90,1187.81613034537,1.78e-10,1.64e-11,1.59e-12,1.02e-11,1.76e-10
3-3-12,N,91,1215.87334166533,1.95e-10,1.75e-11,2.27e-12,2.35e-10,1.98e-10
3-3-12,N,92,1225.58030657518,1.68e-10,3.14e-10,6.82e-13,5.68e-10,1.67e-10
3-3-12,N,93,1253.15202830233,1.92e-10,2.14e-11,2.50e-12,4.28e-10,1.89e-10
3-3-12,N,94,1260.20484958722,1.79e-10,8.89e-11,2.27e-12,1.45e-10,1.81e-10
3-3-12,N,95,1277.96459851769,1.94e-10,2.96e-11,1.36e-12,3.43e-10,1.93e-10
3-3-12,N,96,1290.14555451216,1.91e-10,2.29e-10,6.82e-13,3.20e-10,1.92e-10
3-3-12,N,97,1301.47204871594,2.11e-10,3.18e-11,3.41e-12,3.40e-10,2.08e-10
3-3-12,N,98,1314.72783633771,1.91e-10,7.51e-10,2.27e-13,1.16e-09,1.91e-10
3-3-12,N,99,1337.14074607451,2.03e-10,3.23e-11,4.55e-12,2.01e-10,2.08e-10
3-3-12,N,100,1358.8556555622,1.97e-10,1.68e-10,1.14e-12,2.33e-10,1.96e-10
3-3-12,N,101,1362.15002432561,2.17e-10,5.68e-11,2.27e-13,1.24e-09,2.16e-10
3-3-12,N,102,1374.55771637369,2.08e-10,6.64e-10,6.82e-13,1.13e-09,2.08e-10
3-3-12,N,103,1387.69489245839,2.17e-10,6.68e-11,4.55e-13,1.64e-09,2.17e-10
3-3-12,N,104,1401.59834646339,2.02e-10,2.01e-10,1.59e-12,5.62e-10,2.00e-10
3-3-12,N,105,1409.44185449571,2.10e-10,4.18e-11,3.87e-12,4.81e-10,2.14e-10
3-3-12,N,106,1414.73301787267,2.03e-10,1.55e-09,1.59e-12,2.28e-09,2.01e-10
3-3-12,N,107,1440.21508154186,2.16e-10,6.53e-11,3.18e-12,6.51e-10,2.19e-10
3-3-12,N,108,1478.69011176669,2.23e-10,1.72e-09,2.73e-12,2.52e-09,2.21e-10
3-3-12,N,109,1484.0545427278,2.36e-10,1.41e-10,5.00e-12,4.03e-09,2.31e-10
3-3-12,N,110,1484.55228414986,2.17e-10,1.32e-09,2.27e-13,2.32e-09,2.18e-10
3-3-12,N,111,1496.83271625462,2.33e-10,9.55e-11,1.82e-12,1.54e-09,2.34e-10
3-3-12,N,112,1521.50174538135,2.39e-10,1.18e-10,3.18e-12,3.90e-09,2.36e-10
3-3-12,N,113,1544.52603366113,2.23e-10,1.92e-09,2.73e-12,3.61e-09,2.26e-10
3-3-12,N,114,1553.59322385805,2.35e-10,1.39e-09,3.18e-12,2.43e-09,2.32e-10
3-3-12,N,115,1571.88388232534,2.56e-10,1.51e-10,2.27e-12,2.26e-09,2.53e-10
3-3-12,N,116,1583.27025830352,2.49e-10,2.39e-10,4.09e-12,4.40e-09,2.45e-10
3-3-12,N,117,1588.72868638947,2.27e-10,2.80e-09,2.73e-12,4.72e-09,2.29e-10
3-3-12,N,118,1618.63249954139,2.47e-10,1.50e-10,2.27e-13,3.38e-09,2.48e-10
3-3-12,N,119,1645.28549639693,2.33e-10,3.35e-09,3.41e-12,6.55e-09,2.37e-10
3-3-12,N,120,1646.36219155299,2.77e-10,5.41e-10,4.32e-12,1.07e-08,2.73e-10
3-3-12,N,121,1651.57655994234,2.48e-10,7.72e-10,9.09e-13,2.10e-09,2.49e-10
3-3-12,N,122,1654.43172589411,2.57e-10,1.83e-10,5.23e-12,3.25e-09,2.52e-10
3-3-12,N,123,1689.4882600498,2.37e-10,5.94e-10,2.50e-12,2.93e-09,2.39e-10
3-3-12,N,124,1693.76695282582,2.65e-10,2.81e-10,9.09e-13,2.08e-09,2.64e-10
3-3-12,N,125,1697.03735956586,2.66e-10,3.51e-10,2.73e-12,5.31e-09,2.64e-10
3-3-12,N,126,1704.36793471139,2.43e-10,4.29e-09,4.09e-12,1.01e-08,2.39e-10
3-3-12,N,127,1756.48177568103,2.70e-10,1.65e-09,9.09e-13,5.79e-09,2.71e-10
3-3-12,N,128,1760.25303468455,2.79e-10,5.53e-10,2.27e-12,8.74e-09,2.77e-10
3-3-12,N,129,1771.6907294911,2.87e-10,1.27e-09,8.87e-12,1.51e-08,2.78e-10
3-3-12,N,130,1787.30066739975,2.97e-10,8.82e-10,5.91e-12,9.49e-09,2.91e-10
3-3-12,N,131,1792.0614395373,2.62e-10,4.11e-09,4.77e-12,1.39e-08,2.57e-10
3-3-12,N,132,1813.58731400327,2.62e-10,1.67e-09,2.27e-12,7.73e-09,2.64e-10
3-3-12,N,133,1833.64777125823,2.90e-10,5.06e-10,7.96e-12,6.95e-09,2.82e-10
3-3-12,N,134,1863.00652036902,3.02e-10,1.41e-09,4.09e-12,1.50e-08,2.98e-10
3-3-12,N,135,1872.66388822144,2.68e-10,2.46e-09,9.09e-13,1.00e-08,2.69e-10
3-3-12,N,136,1881.51833587084,2.82e-10,4.63e-09,5.91e-12,1.61e-08,2.76e-10
3-3-12,N,137,1886.44476359073,2.83e-10,9.67e-10,3.18e-12,3.94e-09,2.80e-10
3-3-12,N,138,1909.74635358514,3.06e-10,1.37e-09,1.14e-12,1.18e-08,3.08e-10
3-3-12,N,139,1911.66694855502,3.18e-10,3.91e-09,8.41e-12,2.70e-08,3.09e-10
3-3-12,N,140,1955.67232651831,3.18e-10,1.77e-09,7.05e-12,1.47e-08,3.11e-10
3-3-12,N,141,1956.00831448864,2.94e-10,9.79e-09,2.05e-12,1.84e-08,2.92e-10
3-3-12,N,142,1964.49110143227,3.19e-10,1.48e-09,8.19e-12,1.43e-08,3.11e-10
3-3-12,N,143,1965.54602147705,2.91e-10,2.15e-09,9.09e-13,1.25e-08,2.91e-10
3-3-12,N,144,1993.54809652053,3.12e-10,2.23e-09,1.05e-11,1.77e-08,3.01e-10
3-3-12,N,145,2001.08992216829,3.02e-10,4.43e-09,2.73e-12,1.26e-08,2.99e-10
3-3-12,N,146,2007.84149395236,3.10e-10,1.16e-08,4.32e-12,2.11e-08,3.05e-10
3-3-12,N,147,2031.62892485402,3.21e-10,2.04e-09,2.96e-12,1.80e-08,3.24e-10
3-3-12,N,148,2058.57424209134,3.52e-10,9.53e-09,1.32e-11,4.80e-08,3.38e-10
3-3-12,N,149,2067.56154829314,3.18e-10,1.55e-08,2.27e-12,2.25e-08,3.16e-10
3-3-12,N,150,2093.15770303451,3.62e-10,6.03e-09,1.64e-11,4.14e-08,3.45e-10
3-3-12,N,151,2095.14042848485,3.18e-10,3.81e-08,9.55e-12,3.81e-08,3.08e-10
3-3-12,N,152,2124.12898586029,3.49e-10,4.34e-09,7.73e-12,2.67e-08,3.42e-10
3-3-12,N,153,2126.85104508024,3.23e-10,4.88e-09,3.64e-12,1.92e-08,3.20e-10
3-3-12,N,154,2139.80102849087,3.44e-10,2.67e-09,7.28e-12,2.51e-08,3.37e-10
3-3-12,N,155,2149.48479988507,3.28e-10,6.89e-09,5.00e-12,3.27e-08,3.23e-10
3-3-12,N,156,2180.82261106516,3.29e-10,7.64e-08,1.41e-11,6.56e-08,3.15e-10
3-3-12,N,157,2201.04634049443,3.58e-10,4.19e-09,6.82e-12,4.18e-08,3.52e-10
3-3-12,N,158,2210.61199625719,3.58e-10,1.17e-08,1.46e-11,6.59e-08,3.44e-10
3-3-12,N,159,2217.7059998812,3.59e-10,1.39e-08,1.50e-11,7.72e-08,3.44e-10
3-3-12,N,160,2234.76614042363,3.68e-10,3.08e-09,8.19e-12,3.38e-08,3.60e-10
3-3-12,N,161,2236.34143223412,3.38e-10,3.78e-08,1.64e-11,5.77e-08,3.22e-10
3-3-12,N,162,2259.97965583955,3.56e-10,6.66e-08,1.82e-11,7.95e-08,3.38e-10
3-3-12,N,163,2288.71414226846,3.71e-10,1.12e-08,1.68e-11,6.44e-08,3.54e-10
3-3-12,N,164,2312.18603393348,3.59e-10,4.77e-08,1.91e-11,8.98e-08,3.40e-10
3-3-12,N,165,2318.41327363718,3.57e-10,4.77e-08,1.05e-11,7.26e-08,3.46e-10
3-3-12,N,166,2320.55193393119,4.01e-10,6.57e-09,1.05e-11,6.90e-08,3.90e-10
3-3-12,N,167,2324.67325320448,3.69e-10,3.11e-08,1.32e-11,7.03e-08,3.56e-10
3-3-12,N,168,2339.19053113528,3.82e-10,1.53e-08,2.68e-11,9.97e-08,3.55e-10
3-3-12,N,169,2371.07893386055,4.26e-10,1.98e-08,4.27e-11,1.35e-07,3.83e-10
3-3-12,N,170,2372.14802302855,3.76e-10,6.04e-08,3.05e-11,1.20e-07,3.45e-10
3-3-12,N,171,2372.30298899999,4.27e-10,1.33e-08,4.09e-11,1.24e-07,3.87e-10
3-3-12,N,172,2400.63994823718,4.14e-10,1.05e-07,5.46e-11,2.06e-07,3.60e-10
3-3-12,N,173,2427.63989753313,4.13e-10,2.64e-08,4.59e-11,1.79e-07,3.67e-10
3-3-12,N,174,2454.27826471534,4.37e-10,1.48e-08,3.46e-11,1.10e-07,4.02e-10
3-3-12,N,175,2457.63271613647,4.04e-10,1.40e-07,8.32e-11,3.00e-07,3.21e-10
3-3-12,N,176,2487.37709699067,4.42e-10,1.94e-08,5.50e-11,1.95e-07,3.87e-10
3-3-12,N,177,2499.6403831625,4.20e-10,1.71e-08,3.23e-11,1.48e-07,3.88e-10
3-3-12,N,178,2503.68822451764,4.09e-10,1.16e-08,2.14e-11,1.26e-07,3.88e-10
3-3-12,N,179,2523.12894301631,4.25e-10,1.53e-08,3.55e-11,8.98e-08,3.89e-10
3-3-12,N,180,2534.51817905528,4.10e-10,1.27e-07,1.14e-10,4.29e-07,2.96e-10
3-3-12,N,181,2546.78783722661,4.52e-10,8.69e-08,1.01e-10,4.21e-07,3.51e-10
3-3-12,N,182,2553.49549336584,4.51e-10,1.84e-08,3.59e-11,1.41e-07,4.15e-10
3-3-12,N,183,2575.13283203936,4.10e-10,5.75e-08,6.55e-11,2.39e-07,3.44e-10
3-3-12,N,184,2578.80489293167,4.52e-10,4.63e-08,7.59e-11,2.56e-07,3.77e-10
3-3-12,N,185,2615.10434397123,4.32e-10,4.26e-08,4.00e-11,1.80e-07,3.92e-10
3-3-12,N,186,2626.17845831023,4.63e-10,2.20e-08,3.77e-11,1.78e-07,4.25e-10
3-3-12,N,187,2637.83693613749,4.12e-10,8.28e-08,1.35e-10,5.53e-07,2.77e-10
3-3-12,N,188,2655.35882052205,4.52e-10,5.98e-08,1.00e-10,3.77e-07,3.52e-10
3-3-12,N,189,2672.50766086483,4.67e-10,6.32e-08,5.14e-11,2.14e-07,4.15e-10
3-3-12,N,190,2694.68100685075,4.68e-10,4.11e-08,6.18e-11,2.79e-07,4.07e-10
3-3-12,N,191,2696.64057289006,4.57e-10,1.46e-07,7.59e-11,3.53e-07,3.81e-10
3-3-12,N,192,2696.88105431394,4.23e-10,1.24e-07,2.33e-10,8.46e-07,1.91e-10
3-3-12,N,193,2703.26467081464,4.80e-10,1.81e-07,8.91e-11,3.74e-07,3.91e-10
3-3-12,N,194,2755.36161562237,4.91e-10,7.04e-08,4.55e-11,1.86e-07,4.46e-10
3-3-12,N,195,2760.42429464959,5.05e-10,1.34e-07,6.78e-11,2.82e-07,4.37e-10
3-3-12,N,196,2777.72789673796,4.46e-10,1.02e-07,1.93e-10,7.52e-07,2.53e-10
3-3-12,N,197,2789.47111948961,4.88e-10,4.10e-08,6.23e-11,2.90e-07,4.26e-10
3-3-12,N,198,2790.78672422709,4.78e-10,1.23e-07,2.03e-10,6.91e-07,2.75e-10
3-3-12,N,199,2793.8722738252,4.36e-10,1.37e-07,1.76e-10,6.65e-07,2.60e-10
3-3-12,N,200,2844.94800283915,4.87e-10,8.94e-08,6.73e-11,2.92e-07,4.20e-10
3-3-12,N,201,2849.44186705886,5.14e-10,8.58e-07,1.51e-10,6.40e-07,3.62e-10
3-3-12,N,202,2860.92150071579,4.66e-10,1.14e-07,2.41e-10,9.82e-07,2.24e-10
3-3-12,N,203,2887.12744529061,4.64e-10,2.23e-07,2.37e-10,8.31e-07,2.27e-10
3-3-12,N,204,2896.12309954949,5.13e-10,1.48e-07,6.37e-11,2.91e-07,4.49e-10
3-3-12,N,205,2899.41764447582,4.81e-10,3.67e-07,3.85e-10,1.30e-06,9.55e-11
3-3-12,N,206,2916.53658149337,4.81e-10,1.02e-06,1.34e-10,5.94e-07,3.47e-10
3-3-12,N,207,2940.64449196444,4.86e-10,1.47e-07,1.56e-10,6.23e-07,3.30e-10
3-3-12,N,208,2949.37022191069,4.98e-10,2.46e-07,9.73e-11,4.30e-07,4.01e-10
3-3-12,N,209,2987.13702857621,5.12e-10,5.53e-08,5.64e-11,3.21e-07,4.56e-10
3-3-12,N,210,2997.8923732104,4.74e-10,5.03e-07,5.11e-10,1.76e-06,3.73e-11
3-3-12,N,211,3008.37583737693,5.25e-10,5.31e-07,4.45e-10,1.54e-06,8.00e-11
3-3-12,N,212,3009.99426371421,5.32e-10,1.13e-07,1.03e-10,5.02e-07,4.28e-10
3-3-12,N,213,3011.97162838605,5.53e-10,1.22e-06,1.56e-10,6.32e-07,3.97e-10
3-3-12,N,214,3049.40953147859,5.03e-10,1.55e-06,1.46e-10,5.91e-07,3.57e-10
3-3-12,N,215,3059.40911000269,5.18e-10,1.78e-07,4.07e-10,1.51e-06,1.11e-10
3-3-12,N,216,3071.16598651103,4.88e-10,7.97e-07,3.68e-10,1.11e-06,1.20e-10
3-3-12,N,217,3074.52074739371,5.39e-10,2.01e-06,1.96e-10,8.21e-07,3.44e-10
3-3-12,N,218,3091.55596573439,5.15e-10,4.87e-07,3.50e-10,1.23e-06,1.65e-10
3-3-12,N,219,3092.74452977998,5.07e-10,2.28e-06,1.94e-10,7.43e-07,3.13e-10
3-3-12,N,220,3153.26483241988,5.01e-10,1.27e-06,6.16e-10,1.88e-06,1.15e-10
3-3-12,N,221,3162.74652684292,5.54e-10,3.50e-07,1.67e-10,8.13e-07,3.87e-10
3-3-12,N,222,3165.9341893611,5.34e-10,2.06e-07,1.93e-10,8.36e-07,3.42e-10
3-3-12,N,223,3168.24781822249,5.57e-10,1.80e-07,1.92e-10,9.18e-07,3.65e-10
3-3-12,N,224,3196.95370237676,5.21e-10,3.13e-07,8.82e-10,3.07e-06,3.62e-10
3-3-12,N,225,3215.08551607619,5.11e-10,1.50e-06,8.26e-10,2.30e-06,3.16e-10
3-3-12,N,226,3221.57495282763,5.65e-10,7.43e-06,4.85e-10,1.51e-06,8.05e-11
3-3-12,N,227,3222.46621738337,5.36e-10,4.62e-06,3.47e-10,1.18e-06,1.88e-10
3-3-12,N,228,3267.00425545707,5.43e-10,1.53e-06,2.25e-10,9.98e-07,3.19e-10
3-3-12,N,229,3292.69593757328,5.71e-10,4.02e-07,2.81e-10,1.06e-06,2.91e-10
3-3-12,N,230,3293.52526932354,5.33e-10,3.45e-07,9.79e-10,3.40e-06,4.45e-10
3-3-12,N,231,3296.15112610589,5.41e-10,1.11e-06,3.19e-10,1.31e-06,2.22e-10
3-3-12,N,232,3297.81616145609,5.28e-10,1.65e-06,7.50e-10,1.79e-06,2.22e-10
3-3-12,N,233,3301.07608540472,6.18e-10,3.82e-06,3.53e-10,1.19e-06,2.65e-10
3-3-12,N,234,3340.94398263825,5.78e-10,2.10e-06,2.93e-10,1.21e-06,2.85e-10
3-3-12,N,235,3358.6015337739,5.11e-10,1.02e-06,6.66e-10,2.01e-06,1.55e-10
3-3-12,N,236,3378.49784930425,5.86e-10,8.11e-06,9.02e-10,3.01e-06,3.16e-10
3-3-12,N,237,3390.69571236448,5.58e-10,1.15e-06,1.19e-09,3.36e-06,6.35e-10
3-3-12,N,238,3421.46835537244,5.68e-10,6.91e-07,1.36e-09,4.50e-06,7.97e-10
3-3-12,N,239,3423.77867509338,5.67e-10,1.55e-05,9.75e-10,2.96e-06,4.07e-10
3-3-12,N,240,3452.86764090282,5.38e-10,1.48e-06,1.31e-09,3.33e-06,7.72e-10
3-3-12,N,241,3460.0563372124,5.77e-10,1.79e-06,5.28e-10,2.14e-06,4.82e-11
3-3-12,N,242,3462.8577456627,6.20e-10,7.07e-06,5.48e-10,1.97e-06,7.23e-11
3-3-12,N,243,3466.18267098069,5.60e-10,9.64e-07,8.89e-10,2.45e-06,3.28e-10
3-3-12,N,244,3492.23619440753,6.03e-10,7.94e-06,6.17e-10,2.08e-06,1.46e-11
3-3-12,N,245,3509.0721213231,6.39e-10,1.02e-06,7.24e-10,2.13e-06,8.50e-11
3-3-12,N,246,3533.86058852147,6.08e-10,4.94e-06,5.72e-10,2.16e-06,3.55e-11
3-3-12,N,247,3537.40810102507,5.60e-10,9.23e-07,1.18e-09,3.26e-06,6.23e-10
3-3-12,N,248,3540.939810471,6.04e-10,4.95e-07,6.02e-10,2.40e-06,1.82e-12
3-3-12,N,249,3583.56538547998,5.86e-10,1.26e-06,1.68e-09,4.00e-06,1.09e-09
3-3-12,N,250,3584.85273120604,5.90e-10,1.06e-05,9.24e-10,3.24e-06,3.33e-10
3-3-12,N,251,3598.45936968385,5.93e-10,1.91e-06,2.15e-09,5.52e-06,1.56e-09
3-3-12,N,252,3619.86841761753,6.79e-10,2.27e-05,1.20e-09,3.66e-06,5.22e-10
3-3-12,N,253,3620.17818474865,5.60e-10,2.18e-06,2.74e-09,7.66e-06,2.18e-09
3-3-12,N,254,3638.26799010112,5.83e-10,2.22e-05,1.16e-09,3.63e-06,5.80e-10
3-3-12,N,255,3661.33942257902,6.12e-10,8.48e-07,7.71e-10,3.03e-06,1.60e-10
3-3-12,N,256,3670.32764316405,6.10e-10,1.31e-06,1.35e-09,3.08e-06,7.42e-10
3-3-12,N,257,3697.73680410982,6.00e-10,2.32e-06,6.18e-10,2.53e-06,1.82e-11
3-3-12,N,258,3724.67994021346,5.90e-10,3.16e-06,3.81e-09,8.49e-06,3.22e-09
3-3-12,N,259,3724.89429252321,6.20e-10,7.27e-06,9.30e-10,3.40e-06,3.09e-10
3-3-12,N,260,3734.98313988443,6.14e-10,2.89e-06,2.78e-09,6.07e-06,2.17e-09
3-3-12,N,261,3752.21011139733,6.01e-10,5.46e-06,9.75e-10,3.55e-06,3.73e-10
3-3-12,N,262,3770.97555028974,6.31e-10,1.20e-06,1.30e-09,3.84e-06,6.71e-10
3-3-12,N,263,3791.71746253002,6.73e-10,2.57e-05,2.05e-09,5.98e-06,1.38e-09
3-3-12,N,264,3801.38288729018,5.95e-10,3.50e-06,2.78e-09,7.49e-06,2.19e-09
3-3-12,N,265,3805.58193009867,6.19e-10,1.49e-05,1.26e-09,4.15e-06,6.42e-10
3-3-12,N,266,3830.78390236081,5.76e-10,2.93e-06,2.35e-09,6.51e-06,1.77e-09
3-3-12,N,267,3834.55892438873,6.30e-10,2.57e-05,1.71e-09,5.11e-06,1.08e-09
3-3-12,N,268,3847.17743779271,6.15e-10,6.16e-06,6.60e-09,1.23e-05,5.98e-09
3-3-12,N,269,3886.02187033377,6.33e-10,3.12e-06,1.12e-09,4.04e-06,4.84e-10
3-3-12,N,270,3887.41529699047,6.40e-10,2.91e-06,1.12e-09,4.07e-06,4.77e-10
3-3-12,N,271,3902.53945300599,6.29e-10,4.90e-06,4.14e-09,9.90e-06,3.51e-09
3-3-12,N,272,3927.76520384386,6.46e-10,5.97e-06,4.51e-09,8.90e-06,3.87e-09
3-3-12,N,273,3937.35399305076,6.58e-10,1.96e-05,2.58e-09,7.05e-06,1.92e-09
3-3-12,N,274,3966.28442602278,6.53e-10,4.84e-06,3.10e-09,6.97e-06,2.45e-09
3-3-12,N,275,3974.50692203257,6.90e-10,8.50e-06,2.31e-09,7.25e-06,1.62e-09
3-3-12,N,276,3979.9383966981,6.55e-10,1.31e-06,1.08e-09,4.18e-06,4.20e-10
3-3-12,N,277,3993.7563439295,7.46e-10,2.03e-05,2.56e-09,6.68e-06,1.81e-09
3-3-12,N,278,4008.77542599233,6.13e-10,9.75e-06,7.09e-09,1.37e-05,6.48e-09
3-3-12,N,279,4021.94077028142,6.10e-10,8.96e-06,7.37e-09,1.43e-05,6.76e-09
3-3-12,N,280,4041.09638027799,6.26e-10,5.84e-06,4.88e-09,1.12e-05,4.25e-09
3-3-12,N,281,4043.16315148222,6.49e-10,2.45e-05,4.63e-09,1.11e-05,3.98e-09
3-3-12,N,282,4074.86600640865,6.45e-10,7.51e-06,5.94e-09,1.13e-05,5.29e-09
3-3-12,N,283,4076.01967933836,6.46e-10,9.37e-06,2.99e-09,8.31e-06,2.34e-09
3-3-12,N,284,4109.83394873484,6.96e-10,6.95e-06,3.55e-09,1.02e-05,2.86e-09
3-3-12,N,285,4119.02665654765,6.53e-10,8.49e-06,5.77e-09,1.17e-05,5.11e-09
3-3-12,N,286,4128.92797563411,6.40e-10,8.55e-06,6.05e-09,1.26e-05,5.41e-09
3-3-12,N,287,4130.72069489626,6.75e-10,4.33e-06,1.98e-09,6.60e-06,1.31e-09
3-3-12,N,288,4163.69412286189,6.64e-10,8.72e-06,7.32e-09,1.41e-05,6.66e-09
3-3-12,N,289,4169.78315776999,7.19e-10,8.24e-06,3.24e-09,8.90e-06,2.52e-09
3-3-12,N,290,4196.55135612461,6.48e-10,6.63e-06,4.47e-09,1.30e-05,3.82e-09
3-3-12,N,291,4214.91485043124,6.44e-10,1.75e-05,1.54e-08,2.51e-05,1.48e-08
3-3-12,N,292,4230.78759789856,7.19e-10,2.84e-05,1.09e-08,2.17e-05,1.01e-08
3-3-12,N,293,4234.90224651102,6.48e-10,2.15e-05,1.61e-08,2.78e-05,1.54e-08
3-3-12,N,294,4253.8327567136,6.83e-10,6.70e-06,3.83e-09,1.08e-05,3.15e-09
3-3-12,N,295,4280.67879860928,6.70e-10,7.08e-06,6.52e-09,1.52e-05,5.85e-09
3-3-12,N,296,4289.25689108631,6.91e-10,1.63e-05,1.30e-08,2.17e-05,1.23e-08
3-3-12,N,297,4292.87844624142,6.65e-10,6.05e-06,4.76e-09,1.35e-05,4.10e-09
3-3-12,N,298,4297.93418763913,7.19e-10,5.85e-06,4.30e-09,1.24e-05,3.58e-09
3-3-12,N,299,4343.62265952747,6.70e-10,1.30e-05,1.31e-08,2.46e-05,1.25e-08
3-3-12,N,300,4352.85743875922,7.06e-10,5.48e-06,3.80e-09,1.18e-05,3.10e-09
3-3-12,N,301,4357.77740930264,7.02e-10,1.48e-05,9.76e-09,1.67e-05,9.06e-09
3-3-12,N,302,4384.03904227375,7.49e-10,2.16e-05,8.33e-09,1.91e-05,7.58e-09
3-3-12,N,303,4392.48002138204,7.39e-10,1.14e-05,8.65e-09,1.74e-05,7.92e-09
3-3-12,N,304,4416.78525643127,6.76e-10,3.78e-05,3.10e-08,4.66e-05,3.04e-08
3-3-12,N,305,4417.13200202904,7.14e-10,3.59e-05,8.48e-09,1.90e-05,7.77e-09
3-3-12,N,306,4440.27553458679,7.33e-10,7.55e-06,4.95e-09,1.35e-05,4.21e-09
3-3-12,N,307,4464.17640123574,6.86e-10,4.00e-05,1.15e-08,2.49e-05,1.08e-08
3-3-12,N,308,4470.59789080969,7.33e-10,5.90e-06,6.11e-09,1.75e-05,5.38e-09
3-3-12,N,309,4481.79316689643,6.56e-10,1.93e-05,1.92e-08,3.36e-05,1.86e-08
3-3-12,N,310,4495.66678357762,7.41e-10,2.65e-05,1.81e-08,2.94e-05,1.73e-08
3-3-12,N,311,4497.49898713773,6.78e-10,1.19e-05,6.98e-09,1.77e-05,6.30e-09
3-3-12,N,312,4499.57841267132,6.72e-10,2.71e-05,2.25e-08,3.55e-05,2.19e-08
3-3-12,N,313,4562.73291727329,6.68e-10,4.04e-05,2.99e-08,4.60e-05,2.92e-08
3-3-12,N,314,4566.3368692327,7.12e-10,2.86e-05,5.93e-09,1.65e-05,5.22e-09
3-3-12,N,315,4569.49086180174,7.26e-10,9.58e-06,1.02e-08,2.47e-05,9.47e-09
3-3-12,N,316,4578.68902666915,7.18e-10,7.62e-05,1.14e-08,2.58e-05,1.07e-08
3-3-12,N,317,4581.31992532057,7.30e-10,1.11e-05,7.63e-09,1.94e-05,6.90e-09
3-3-12,N,318,4607.79273680053,5.90e-10,1.34e-05,1.84e-08,2.99e-05,1.78e-08
3-3-12,N,319,4658.45130760611,7.56e-10,1.18e-04,1.13e-08,2.55e-05,1.06e-08
3-3-12,N,320,4659.72912249865,6.88e-10,4.89e-05,3.23e-08,4.95e-05,3.16e-08
3-3-12,N,321,4662.79411332788,7.02e-10,5.73e-05,1.07e-08,2.55e-05,9.95e-09
3-3-12,N,322,4677.08605728151,6.36e-10,5.09e-05,2.93e-08,4.34e-05,2.87e-08
3-3-12,N,323,4679.96634969885,7.25e-10,1.13e-04,1.66e-08,3.49e-05,1.59e-08
3-3-12,N,324,4712.46404477568,7.03e-10,1.09e-04,5.74e-08,8.49e-05,5.67e-08
3-3-12,N,325,4718.59667175663,7.68e-10,1.13e-05,1.06e-08,2.67e-05,9.79e-09
3-3-12,N,326,4746.44326148757,7.44e-10,1.04e-05,1.24e-08,3.09e-05,1.17e-08
3-3-12,N,327,4767.35386024438,7.29e-10,1.76e-05,9.08e-09,2.38e-05,8.35e-09
3-3-12,N,328,4770.50701999191,7.18e-10,1.50e-04,1.72e-08,3.70e-05,1.64e-08
3-3-12,N,329,4774.48715071868,5.95e-10,2.81e-05,2.70e-08,3.71e-05,2.64e-08
3-3-12,N,330,4818.1749721478,7.08e-10,4.18e-05,2.48e-08,3.78e-05,2.41e-08
3-3-12,N,331,4820.51922380296,7.56e-10,5.79e-05,1.04e-08,2.68e-05,9.61e-09
3-3-12,N,332,4835.90270523598,7.54e-10,5.23e-05,1.19e-08,2.84e-05,1.11e-08
3-3-12,N,333,4838.44827815152,6.61e-10,1.14e-04,4.57e-08,7.06e-05,4.51e-08
3-3-12,N,334,4871.41872142079,7.27e-10,4.38e-04,2.77e-08,5.10e-05,2.70e-08
3-3-12,N,335,4895.91130150273,8.00e-10,2.29e-04,1.74e-08,3.54e-05,1.66e-08
3-3-12,N,336,4905.2132323557,6.58e-10,4.90e-05,2.86e-08,4.18e-05,2.80e-08
3-3-12,N,337,4916.80947191315,6.93e-10,1.47e-04,4.22e-08,6.49e-05,4.15e-08
3-3-12,N,338,4917.39187763857,6.83e-10,9.02e-05,3.65e-08,5.55e-05,3.58e-08
3-3-12,N,339,4936.00818212269,7.61e-10,6.68e-05,1.85e-08,4.26e-05,1.78e-08
3-3-12,N,340,4948.71226456005,7.56e-10,1.02e-04,2.15e-08,4.46e-05,2.07e-08
3-3-12,N,341,4973.11189012489,6.49e-10,1.23e-04,4.09e-08,6.12e-05,4.02e-08
3-3-12,N,342,4982.51632251205,7.64e-10,2.24e-05,1.79e-08,3.70e-05,1.72e-08
3-3-12,N,343,4998.41679359572,5.91e-10,4.56e-05,3.15e-08,4.26e-05,3.09e-08
3-3-12,N,344,5004.09528371179,6.44e-10,6.09e-05,3.03e-08,4.70e-05,2.97e-08
3-3-12,N,345,5022.59183651585,7.34e-10,6.47e-05,2.22e-08,4.59e-05,2.14e-08
3-3-12,N,346,5058.82007385275,7.85e-10,9.92e-05,1.98e-08,4.17e-05,1.90e-08
3-3-12,N,347,5064.59359720822,7.83e-10,7.65e-04,5.57e-08,8.63e-05,5.49e-08
3-3-12,N,348,5078.1932723499,6.54e-10,2.57e-04,3.77e-08,6.44e-05,3.70e-08
3-3-12,N,349,5088.09161312181,5.58e-10,1.34e-04,4.99e-08,6.66e-05,4.94e-08
3-3-12,N,350,5099.50096647535,6.38e-10,7.85e-05,3.20e-08,4.74e-05,3.14e-08
3-3-12,N,351,5105.75644174412,8.15e-10,1.99e-04,3.22e-08,6.01e-05,3.13e-08
3-3-12,N,352,5139.53256403139,3.63e-10,7.33e-05,7.66e-08,9.54e-05,7.63e-08
3-3-12,N,353,5148.85612662547,7.69e-10,4.05e-04,4.22e-08,7.31e-05,4.15e-08
3-3-12,N,354,5156.63114847884,7.49e-10,5.55e-05,2.37e-08,4.84e-05,2.29e-08
3-3-12,N,355,5168.8908933304,7.76e-10,5.27e-05,2.44e-08,5.04e-05,2.36e-08
3-3-12,N,356,5188.42874243947,7.13e-10,4.82e-04,3.76e-08,6.66e-05,3.69e-08
3-3-12,N,357,5230.9276587281,4.47e-10,1.22e-04,7.57e-08,9.49e-05,7.52e-08
3-3-12,N,358,5238.08451260112,5.73e-10,1.75e-04,5.89e-08,8.19e-05,5.83e-08
3-3-12,N,359,5248.64857140266,7.96e-10,5.04e-04,7.90e-08,1.14e-04,7.82e-08
3-3-12,N,360,5260.48323646832,7.67e-10,9.37e-05,4.85e-08,9.25e-05,4.78e-08
3-3-12,N,361,5278.98490883076,8.25e-10,7.74e-05,5.01e-08,8.75e-05,4.93e-08
3-3-12,N,362,5297.48943489006,2.67e-10,1.45e-04,9.65e-08,1.13e-04,9.63e-08
3-3-12,N,363,5303.1909571547,7.61e-10,1.34e-04,3.72e-08,7.35e-05,3.64e-08
3-3-12,N,364,5316.08744117389,7.91e-10,5.22e-04,7.81e-08,1.09e-04,7.73e-08
3-3-12,N,365,5367.86484299742,8.09e-10,5.42e-04,8.05e-08,1.10e-04,7.96e-08
3-3-12,N,366,5371.01447032058,6.40e-10,3.40e-04,5.32e-08,7.77e-05,5.26e-08
3-3-12,N,367,5375.88549994841,7.79e-10,1.94e-04,5.59e-08,8.97e-05,5.51e-08
3-3-12,N,368,5377.68040285373,7.49e-10,5.99e-04,5.68e-08,7.83e-05,5.61e-08
3-3-12,N,369,5383.43253966112,5.38e-11,1.23e-04,1.17e-07,1.35e-04,1.17e-07
3-3-12,N,370,5413.35209793718,8.20e-10,1.74e-04,5.57e-08,9.47e-05,5.49e-08
3-3-12,N,371,5438.67225396658,7.79e-10,1.13e-04,3.16e-08,6.26e-05,3.08e-08
3-3-12,N,372,5445.33785657719,7.80e-10,6.03e-05,4.20e-08,6.59e-05,4.13e-08
3-3-12,N,373,5463.08484638105,4.32e-10,5.80e-04,1.12e-07,1.35e-04,1.11e-07
3-3-12,N,374,5470.38263341231,7.87e-10,3.04e-05,4.86e-08,9.01e-05,4.78e-08
3-3-12,N,375,5472.42690650908,8.85e-10,1.10e-04,1.03e-07,1.34e-04,1.02e-07
3-3-12,N,376,5500.27160476996,4.88e-10,2.38e-04,1.79e-07,1.95e-04,1.80e-07
3-3-12,N,377,5513.51968852387,7.99e-10,2.77e-04,7.78e-08,1.07e-04,7.70e-08
3-3-12,N,378,5544.72918342432,7.67e-10,5.90e-05,4.04e-08,8.05e-05,3.96e-08
3-3-12,N,379,5548.27992459631,8.32e-10,1.84e-04,1.21e-07,1.47e-04,1.20e-07
3-3-12,N,380,5563.43686631639,5.99e-10,8.95e-05,5.06e-08,8.57e-05,5.00e-08
3-3-12,N,381,5570.47370219071,8.31e-10,6.06e-04,1.98e-07,1.90e-04,1.97e-07
3-3-12,N,382,5596.33407010486,4.04e-10,1.37e-03,2.35e-07,2.44e-04,2.35e-07
3-3-12,N,383,5611.00360414953,8.44e-10,2.13e-04,1.13e-07,1.50e-04,1.12e-07
3-3-12,N,384,5616.65115333634,7.64e-10,6.12e-05,6.30e-08,1.13e-04,6.23e-08
3-3-12,N,385,5644.34304809167,9.32e-10,1.24e-04,1.39e-07,1.59e-04,1.38e-07
3-3-12,N,386,5645.76052195881,4.31e-10,5.44e-04,2.08e-07,2.17e-04,2.09e-07
3-3-12,N,387,5647.05388198817,4.09e-10,3.79e-04,1.08e-07,1.40e-04,1.08e-07
3-3-12,N,388,5696.64196023351,9.17e-10,8.96e-05,1.50e-07,1.76e-04,1.49e-07
3-3-12,N,389,5718.15847449202,5.73e-11,1.44e-04,1.17e-07,1.53e-04,1.17e-07
3-3-12,N,390,5728.6472909398,8.85e-10,2.08e-04,2.40e-07,2.40e-04,2.39e-07
3-3-12,N,391,5739.43917274755,2.49e-10,3.74e-04,1.32e-07,1.68e-04,1.31e-07
3-3-12,N,392,5757.0077812412,7.83e-10,1.26e-03,2.54e-07,2.62e-04,2.54e-07
3-3-12,N,393,5758.24852451988,9.19e-10,2.82e-04,3.18e-07,2.91e-04,3.17e-07
3-3-12,N,394,5761.39449308343,6.92e-10,8.43e-05,4.20e-08,8.97e-05,4.13e-08
3-3-12,N,395,5799.41728108009,9.49e-10,1.96e-04,2.26e-07,2.13e-04,2.25e-07
3-3-12,N,396,5819.86696311319,8.34e-10,7.89e-05,1.16e-07,1.72e-04,1.15e-07
3-3-12,N,397,5821.52015462507,1.07e-09,5.04e-04,2.31e-07,2.59e-04,2.32e-07
3-3-12,N,398,5831.14879496125,9.95e-10,3.53e-04,4.03e-07,3.40e-04,4.02e-07
3-3-12,N,399,5857.50968758443,3.01e-10,8.15e-04,2.75e-07,3.04e-04,2.75e-07
3-3-12,N,400,5890.77789841957,6.85e-10,1.50e-03,3.01e-07,3.02e-04,3.01e-07
3-3-12,N,401,5894.33708013741,1.03e-09,1.64e-04,3.24e-07,3.05e-04,3.23e-07
3-3-12,N,402,5898.67013834021,8.98e-10,8.93e-05,2.19e-07,2.64e-04,2.19e-07
3-3-12,N,403,5916.59201283189,8.93e-10,2.45e-04,2.82e-07,2.53e-04,2.81e-07
3-3-12,N,404,5928.52454527749,4.85e-10,1.06e-03,2.82e-07,3.10e-04,2.81e-07
3-3-12,N,405,5974.61759254213,5.97e-11,6.13e-04,1.97e-07,2.37e-04,1.97e-07
3-3-12,N,406,5981.01556728982,8.90e-10,4.94e-04,1.85e-07,2.09e-04,1.86e-07
3-3-12,N,407,5982.9464368858,1.02e-09,4.60e-04,4.06e-07,3.45e-04,4.05e-07
3-3-12,N,408,6005.39969833384,1.15e-09,3.85e-04,5.68e-07,4.54e-04,5.66e-07
3-3-12,N,409,6006.50952626364,8.55e-11,7.14e-04,2.08e-07,2.37e-04,2.08e-07
3-3-12,N,410,6026.12294174945,9.36e-10,2.20e-04,2.97e-07,3.02e-04,2.96e-07
3-3-12,N,411,6032.25194459777,9.62e-10,4.22e-04,3.73e-07,3.12e-04,3.72e-07
3-3-12,N,412,6062.72569062305,3.64e-10,5.15e-04,1.81e-07,2.27e-04,1.82e-07
3-3-12,N,413,6077.28312636774,7.61e-10,7.90e-04,2.20e-07,2.76e-04,2.20e-07
3-3-12,N,414,6083.05019113143,7.27e-10,5.07e-04,1.82e-07,2.52e-04,1.82e-07
3-3-12,N,415,6086.80877164577,1.31e-09,1.11e-03,1.10e-06,7.70e-04,1.10e-06
3-3-12,N,416,6110.1390577955,6.38e-10,1.41e-04,1.89e-07,2.43e-04,1.88e-07
3-3-12,N,417,6122.18806672713,1.09e-09,6.36e-04,4.25e-07,3.63e-04,4.24e-07
3-3-12,N,418,6139.48429133923,5.14e-10,2.96e-03,4.87e-07,4.82e-04,4.87e-07
3-3-12,N,419,6149.48301216568,9.58e-10,1.08e-03,2.99e-07,3.13e-04,3.00e-07
3-3-12,N,420,6158.13094059855,4.67e-10,4.96e-04,2.39e-07,2.97e-04,2.40e-07
3-3-12,N,421,6185.34514108285,1.03e-09,4.98e-04,4.95e-07,4.24e-04,4.93e-07
3-3-12,N,422,6185.39434695339,1.18e-09,2.93e-04,6.00e-07,4.94e-04,5.99e-07
3-3-12,N,423,6213.98883012887,7.48e-10,2.78e-04,1.94e-07,2.30e-04,1.95e-07
3-3-12,N,424,6261.41767248593,2.05e-10,2.47e-03,3.90e-07,4.15e-04,3.90e-07
3-3-12,N,425,6269.68048242703,1.02e-09,3.81e-04,5.14e-07,4.51e-04,5.13e-07
3-3-12,N,426,6276.05733519409,1.92e-09,2.06e-03,1.83e-06,1.15e-03,1.83e-06
3-3-12,N,427,6292.5102517338,3.39e-10,5.97e-04,3.51e-07,4.09e-04,3.52e-07
3-3-12,N,428,6301.30755030349,1.67e-09,2.33e-03,1.50e-06,9.28e-04,1.50e-06
3-3-12,N,429,6302.52650151396,8.38e-10,1.98e-04,2.32e-07,2.71e-04,2.31e-07
3-3-12,N,430,6341.26944904166,1.80e-09,4.81e-04,4.57e-07,4.19e-04,4.59e-07
3-3-12,N,431,6361.73657938545,1.34e-09,1.65e-03,9.60e-07,6.44e-04,9.58e-07
3-3-12,N,432,6365.6787577637,8.00e-11,3.55e-03,4.01e-07,4.52e-04,4.01e-07
3-3-12,N,433,6386.92360725067,1.10e-09,4.91e-04,6.89e-07,5.46e-04,6.88e-07
3-3-12,N,434,6390.31628023666,8.17e-10,2.06e-04,1.64e-07,2.37e-04,1.63e-07
3-3-12,N,435,6396.79267234406,6.28e-10,1.30e-03,3.45e-07,4.00e-04,3.44e-07
3-3-12,N,436,6427.62426277309,1.22e-09,1.01e-03,4.31e-07,3.51e-04,4.33e-07
3-3-12,N,437,6464.15430549106,1.84e-09,9.28e-04,1.63e-06,1.10e-03,1.63e-06
3-3-12,N,438,6464.66139671754,3.00e-10,1.15e-03,2.51e-07,3.16e-04,2.51e-07
3-3-12,N,439,6474.2901253179,1.08e-09,1.07e-03,6.36e-07,4.81e-04,6.35e-07
3-3-12,N,440,6481.85946779177,2.72e-10,8.62e-04,3.58e-07,4.07e-04,3.58e-07
3-3-12,N,441,6498.16036511563,1.62e-10,1.06e-03,3.43e-07,3.25e-04,3.43e-07
3-3-12,N,442,6508.41567213774,1.99e-09,2.21e-03,1.97e-06,1.21e-03,1.97e-06
3-3-12,N,443,6538.99882925309,5.84e-10,1.87e-03,5.19e-07,5.01e-04,5.20e-07
3-3-12,N,444,6544.89080941947,1.62e-09,1.16e-03,1.33e-06,8.73e-04,1.32e-06
3-3-12,N,445,6549.65825638221,2.45e-09,3.96e-03,2.60e-06,1.44e-03,2.60e-06
3-3-12,N,446,6560.28181884418,1.19e-09,1.35e-03,9.79e-07,7.00e-04,9.78e-07
3-3-12,N,447,6597.29269088926,1.37e-09,1.11e-03,8.93e-07,6.53e-04,8.94e-07
3-3-12,N,448,6605.72369221693,6.61e-11,1.52e-03,5.12e-07,5.19e-04,5.12e-07
3-3-12,N,449,6649.46361086371,8.05e-10,6.30e-04,3.91e-07,4.16e-04,3.91e-07
3-3-12,N,450,6657.91101576175,1.76e-09,5.39e-04,1.47e-06,1.00e-03,1.47e-06
3-3-12,N,451,6662.26089376644,1.52e-09,1.54e-03,1.61e-06,1.07e-03,1.61e-06
3-3-12,N,452,6666.30707501322,3.25e-10,3.07e-03,6.42e-07,6.28e-04,6.42e-07
3-3-12,N,453,6679.63085316677,1.46e-09,2.08e-03,1.44e-06,9.85e-04,1.44e-06
3-3-12,N,454,6686.92549051644,1.42e-09,1.44e-03,1.60e-06,1.04e-03,1.60e-06
3-3-12,N,455,6693.06800702144,1.04e-09,8.95e-04,8.97e-07,7.59e-04,8.96e-07
3-3-12,N,456,6716.17818973334,5.12e-10,6.66e-04,9.93e-07,7.49e-04,9.93e-07
3-3-12,N,457,6735.61688418869,3.77e-10,3.02e-03,5.83e-07,6.23e-04,5.84e-07
3-3-12,N,458,6752.25577166992,2.04e-10,6.13e-04,8.95e-07,7.01e-04,8.96e-07
3-3-12,N,459,6788.6986850364,2.98e-09,2.21e-03,3.28e-06,1.86e-03,3.27e-06
3-3-12,N,460,6809.2489870597,3.22e-09,3.09e-03,3.54e-06,1.92e-03,3.54e-06
3-3-12,N,461,6813.11743743726,1.75e-10,4.01e-04,7.49e-07,6.78e-04,7.49e-07
3-3-12,N,462,6818.51212214754,1.02e-09,4.79e-04,8.21e-07,7.04e-04,8.20e-07
3-3-12,N,463,6826.97592308333,3.41e-09,3.36e-03,4.15e-06,2.29e-03,4.15e-06
3-3-12,N,464,6832.89458471085,6.83e-11,5.76e-04,9.20e-07,7.13e-04,9.20e-07
3-3-12,N,465,6857.61704623239,1.20e-09,1.03e-03,1.18e-06,9.14e-04,1.18e-06
3-3-12,N,466,6876.32010898476,6.83e-10,3.09e-03,8.92e-07,7.85e-04,8.93e-07
3-3-12,N,467,6895.37833124778,2.38e-09,2.18e-03,3.71e-06,2.18e-03,3.71e-06
3-3-12,N,468,6924.23886296164,5.04e-10,1.44e-03,1.14e-06,8.24e-04,1.14e-06
3-3-12,N,469,6931.7368141658,1.36e-10,1.06e-03,1.86e-06,1.39e-03,1.86e-06
3-3-12,N,470,6946.59148656979,1.30e-10,1.38e-03,7.93e-07,6.75e-04,7.93e-07
3-3-12,N,471,6971.32152349166,2.61e-09,1.49e-03,2.73e-06,1.73e-03,2.73e-06
3-3-12,N,472,6993.75295602876,1.63e-09,8.15e-04,1.59e-06,1.12e-03,1.59e-06
3-3-12,N,473,6995.75100951355,3.09e-10,1.34e-03,1.12e-06,8.95e-04,1.12e-06
3-3-12,N,474,7003.03638172477,2.57e-09,1.78e-03,3.36e-06,1.91e-03,3.36e-06
3-3-12,N,475,7017.77379797224,4.47e-10,1.38e-03,1.31e-06,9.74e-04,1.31e-06
3-3-12,N,476,7075.85984301408,5.97e-09,3.29e-03,7.68e-06,3.83e-03,7.67e-06
3-3-12,N,477,7077.78583461711,3.54e-10,5.84e-04,8.78e-07,8.33e-04,8.78e-07
3-3-12,N,478,7081.8420342502,1.92e-09,1.15e-03,2.41e-06,1.50e-03,2.41e-06
3-3-12,N,479,7083.55556190702,1.94e-09,1.19e-03,2.25e-06,1.50e-03,2.25e-06
3-3-12,N,480,7099.62138049657,1.51e-10,1.71e-03,1.36e-06,1.07e-03,1.36e-06
3-3-12,N,481,7105.25510201614,4.73e-09,2.06e-03,5.90e-06,3.04e-03,5.90e-06
3-3-12,N,482,7132.7412648813,1.26e-09,1.91e-03,1.54e-06,1.19e-03,1.54e-06
3-3-12,N,483,7142.4309123152,7.14e-11,8.82e-04,9.88e-07,8.55e-04,9.88e-07
3-3-12,N,484,7162.0564891512,1.38e-09,7.87e-04,1.73e-06,1.27e-03,1.72e-06
3-3-12,N,485,7179.60825812819,8.06e-10,8.88e-04,1.44e-06,1.11e-03,1.44e-06
3-3-12,N,486,7183.11066415206,7.18e-11,1.01e-03,1.64e-06,1.23e-03,1.64e-06
3-3-12,N,487,7194.13057682076,7.61e-10,1.09e-03,1.74e-06,1.35e-03,1.74e-06
3-3-12,N,488,7208.60427025209,1.03e-09,1.03e-03,1.56e-06,1.10e-03,1.56e-06
3-3-12,N,489,7212.49619059165,4.71e-10,3.59e-03,2.37e-06,1.61e-03,2.37e-06
3-3-12,N,490,7264.42082532104,6.16e-09,1.85e-03,7.47e-06,3.90e-03,7.47e-06
3-3-12,N,491,7283.16776201482,2.40e-09,1.85e-03,4.03e-06,2.16e-03,4.02e-06
3-3-12,N,492,7293.06974912668,7.40e-10,1.53e-03,1.59e-06,1.33e-03,1.59e-06
3-3-12,N,493,7294.6127681614,1.35e-09,1.36e-03,1.63e-06,1.36e-03,1.63e-06
3-3-12,N,494,7315.04615777732,3.28e-10,1.62e-03,1.28e-06,1.04e-03,1.28e-06
3-3-12,N,495,7331.77760990052,3.24e-09,1.87e-03,2.09e-06,1.51e-03,2.09e-06
3-3-12,N,496,7344.49093504392,6.00e-09,3.14e-03,8.82e-06,4.34e-03,8.81e-06
3-3-12,N,497,7346.29292839862,3.62e-10,3.34e-03,2.12e-06,1.55e-03,2.12e-06
3-3-12,N,498,7350.16827228846,3.10e-09,1.86e-03,5.24e-06,2.88e-03,5.24e-06
3-3-12,N,499,7375.6758438741,2.09e-09,1.73e-03,4.18e-06,2.48e-03,4.18e-06
3-3-12,N,500,7394.45359300817,4.60e-10,2.17e-03,1.35e-06,1.23e-03,1.35e-06
3-3-12,N,501,7424.28699610461,1.39e-09,2.22e-03,4.35e-06,2.54e-03,4.34e-06
3-3-12,N,502,7459.88336047863,2.92e-09,2.41e-03,1.72e-06,1.36e-03,1.72e-06
3-3-12,N,503,7463.00240449793,4.73e-10,2.90e-03,2.03e-06,1.55e-03,2.03e-06
3-3-12,N,504,7488.06706631813,4.19e-09,2.11e-03,6.01e-06,3.37e-03,6.00e-06
3-3-12,N,505,7490.2155467091,2.96e-10,1.79e-03,2.06e-06,1.47e-03,2.06e-06
3-3-12,N,506,7503.71110277207,1.04e-09,5.33e-03,2.35e-06,1.79e-03,2.35e-06
3-3-12,N,507,7510.66417875923,3.05e-09,3.33e-03,5.96e-06,3.12e-03,5.96e-06
3-3-12,N,508,7519.76581127928,1.48e-09,2.68e-03,2.99e-06,2.17e-03,2.99e-06
3-3-12,N,509,7534.94471910271,1.58e-09,5.60e-03,2.44e-06,1.84e-03,2.44e-06
3-3-12,N,510,7564.71914879052,3.87e-09,1.77e-03,2.61e-06,1.97e-03,2.61e-06
3-3-12,N,511,7582.47000343574,1.62e-09,2.48e-03,2.73e-06,1.85e-03,2.73e-06
3-3-12,N,512,7594.0023159302,1.20e-09,1.59e-03,2.75e-06,1.98e-03,2.75e-06
3-3-12,N,513,7599.73144806867,4.06e-09,5.65e-03,7.77e-06,4.02e-03,7.77e-06
3-3-12,N,514,7634.12518184961,1.44e-09,3.50e-03,2.05e-06,1.70e-03,2.06e-06
3-3-12,N,515,7640.13204357124,2.34e-09,5.66e-03,6.51e-06,3.42e-03,6.51e-06
3-3-12,N,516,7645.68789364289,4.38e-09,3.86e-03,6.19e-06,3.59e-03,6.18e-06
3-3-12,N,517,7673.71219686108,4.07e-09,9.56e-03,2.56e-06,1.99e-03,2.57e-06
3-3-12,N,518,7692.65455143481,3.01e-09,5.58e-03,6.46e-06,3.53e-03,6.45e-06
3-3-12,N,519,7718.99390785334,7.73e-10,2.40e-03,3.40e-06,2.23e-03,3.40e-06
3-3-12,N,520,7723.21157897793,7.35e-09,1.75e-03,1.52e-06,1.25e-03,1.53e-06
3-3-12,N,521,7724.76208549269,1.77e-09,4.68e-03,2.58e-06,2.20e-03,2.58e-06
3-3-12,N,522,7728.53012735127,6.45e-10,5.34e-03,5.03e-06,3.02e-03,5.03e-06
3-3-12,N,523,7758.56057845758,1.22e-09,1.86e-02,3.57e-06,2.60e-03,3.57e-06
3-3-12,N,524,7788.32495791618,2.53e-09,4.41e-03,1.62e-06,1.42e-03,1.62e-06
3-3-12,N,525,7799.31782421463,2.90e-09,2.92e-03,4.08e-06,2.79e-03,4.08e-06
3-3-12,N,526,7808.78871851948,8.45e-10,3.30e-03,3.86e-06,2.52e-03,3.86e-06
3-3-12,N,527,7810.21849323192,6.73e-10,4.79e-03,2.57e-06,1.92e-03,2.58e-06
3-3-12,N,528,7853.80959969015,3.27e-10,3.89e-03,2.93e-06,2.16e-03,2.93e-06
3-3-12,N,529,7861.00857420291,3.40e-09,1.58e-02,2.59e-06,2.18e-03,2.59e-06
3-3-12,N,530,7862.78281161937,7.53e-09,3.15e-03,4.22e-06,2.83e-03,4.23e-06
3-3-12,N,531,7894.34531175685,5.57e-10,1.73e-02,1.07e-05,5.52e-03,1.07e-05
3-3-12,N,532,7904.39170439018,4.03e-10,9.06e-03,7.03e-06,4.13e-03,7.03e-06
3-3-12,N,533,7907.6229905975,1.18e-09,7.80e-03,5.98e-06,3.63e-03,5.98e-06
3-3-12,N,534,7908.05630641615,3.79e-09,3.86e-03,2.13e-06,1.69e-03,2.13e-06
3-3-12,N,535,7957.25860144652,9.83e-09,1.47e-02,4.34e-06,2.78e-03,4.35e-06
3-3-12,N,536,7958.45026466289,2.94e-09,3.87e-03,5.48e-06,3.58e-03,5.47e-06
3-3-12,N,537,7965.88793943569,1.26e-09,1.29e-02,2.31e-06,1.88e-03,2.31e-06
3-3-12,N,538,7978.06897543883,5.07e-10,5.62e-03,3.72e-06,2.68e-03,3.72e-06
3-3-12,N,539,8002.62904996817,1.26e-09,5.06e-03,2.30e-06,1.80e-03,2.30e-06
3-3-12,N,540,8002.64977249997,5.87e-09,7.49e-03,2.81e-06,2.21e-03,2.81e-06
3-3-12,N,541,8039.91235063732,5.96e-10,3.36e-03,2.71e-06,2.21e-03,2.71e-06
3-3-12,N,542,8045.82333031014,1.20e-08,2.76e-02,3.95e-06,2.67e-03,3.96e-06
3-3-12,N,543,8062.7217170196,5.98e-09,1.88e-02,4.26e-06,2.83e-03,4.27e-06
3-3-12,N,544,8092.11481230211,2.20e-09,1.88e-02,8.88e-06,5.13e-03,8.88e-06
3-3-12,N,545,8098.34369962217,4.71e-09,4.82e-03,4.30e-06,3.07e-03,4.30e-06
3-3-12,N,546,8099.01529395863,3.71e-09,7.88e-03,8.39e-06,5.37e-03,8.39e-06
3-3-12,N,547,8164.01665256112,1.24e-08,2.42e-02,5.20e-06,2.89e-03,5.21e-06
3-3-12,N,548,8173.37818517407,1.22e-08,1.01e-02,3.89e-06,2.43e-03,3.90e-06
3-3-12,N,549,8177.94733221677,1.38e-09,5.17e-03,5.79e-06,3.96e-03,5.79e-06
3-3-12,N,550,8184.31489807464,7.70e-09,2.49e-02,9.33e-06,5.02e-03,9.33e-06
3-3-12,N,551,8185.61816842924,1.14e-09,8.04e-03,5.27e-06,3.44e-03,5.27e-06
3-3-12,N,552,8190.04503596798,7.56e-09,3.23e-03,5.32e-06,3.29e-03,5.33e-06
3-3-12,N,553,8218.32283722561,2.17e-09,4.13e-02,5.34e-06,3.38e-03,5.34e-06
3-3-12,N,554,8237.6780320097,3.87e-09,7.66e-03,6.55e-06,4.13e-03,6.56e-06
3-3-12,N,555,8248.17253500385,1.16e-10,4.70e-03,4.25e-06,3.38e-03,4.25e-06
3-3-12,N,556,8265.00382843721,2.46e-09,5.50e-03,5.12e-06,3.52e-03,5.12e-06
3-3-12,N,557,8284.44144440421,2.26e-08,5.51e-03,7.16e-06,3.67e-03,7.18e-06
3-3-12,N,558,8327.52325016443,1.33e-09,3.46e-03,5.14e-06,3.65e-03,5.14e-06
3-3-12,N,559,8336.02597989846,8.34e-11,1.73e-02,9.37e-06,4.97e-03,9.37e-06
3-3-12,N,560,8336.77453059818,1.83e-09,9.90e-03,6.33e-06,3.79e-03,6.33e-06
3-3-12,N,561,8339.34023049979,8.29e-09,2.50e-02,4.68e-06,2.97e-03,4.69e-06
3-3-12,N,562,8357.74175484579,1.54e-09,5.23e-03,5.15e-06,3.51e-03,5.15e-06
3-3-12,N,563,8365.43175366198,4.68e-09,8.69e-02,8.28e-06,4.64e-03,8.29e-06
3-3-12,N,564,8400.26760100439,1.63e-08,4.03e-03,7.58e-06,4.08e-03,7.60e-06
3-3-12,N,565,8409.50349676798,2.65e-08,2.25e-02,8.45e-06,4.06e-03,8.48e-06
3-3-12,N,566,8429.58762851323,9.66e-10,3.47e-03,6.79e-06,4.41e-03,6.79e-06
3-3-12,N,567,8436.35030755663,1.18e-09,8.49e-03,6.17e-06,3.86e-03,6.17e-06
3-3-12,N,568,8457.41822003915,4.33e-09,1.53e-02,9.21e-06,5.18e-03,9.22e-06
3-3-12,N,569,8463.13497300405,4.14e-09,7.03e-03,1.31e-05,7.26e-03,1.31e-05
3-3-12,N,570,8491.86465251379,4.84e-10,1.48e-02,1.26e-05,5.95e-03,1.26e-05
3-3-12,N,571,8498.01092494924,8.73e-11,7.81e-03,9.29e-06,5.05e-03,9.29e-06
3-3-12,N,572,8517.01926262609,5.96e-09,4.58e-02,6.24e-06,3.73e-03,6.25e-06
3-3-12,N,573,8522.49766184573,2.35e-09,4.70e-03,5.32e-06,3.97e-03,5.32e-06
3-3-12,N,574,8536.31694844516,6.52e-09,1.65e-02,6.97e-06,4.08e-03,6.97e-06
3-3-12,N,575,8556.58240211477,8.57e-09,1.75e-02,1.53e-05,6.88e-03,1.53e-05
3-3-12,N,576,8583.23725428281,4.47e-08,7.59e-03,1.24e-05,5.74e-03,1.24e-05
3-3-12,N,577,8585.52310670357,2.58e-08,6.16e-02,1.05e-05,5.20e-03,1.05e-05
3-3-12,N,578,8613.54857597237,1.58e-09,1.17e-02,1.13e-05,5.66e-03,1.13e-05
3-3-12,N,579,8625.28490535087,7.64e-10,8.04e-03,7.65e-06,4.42e-03,7.65e-06
3-3-12,N,580,8650.24550068744,1.09e-08,5.49e-02,8.42e-06,4.85e-03,8.43e-06
3-3-12,N,581,8672.06368061731,3.93e-09,5.34e-03,4.78e-06,3.54e-03,4.79e-06
3-3-12,N,582,8672.87768730098,3.86e-10,5.36e-03,9.98e-06,6.00e-03,9.98e-06
3-3-12,N,583,8678.46449044756,7.35e-10,7.19e-03,6.67e-06,4.46e-03,6.67e-06
3-3-12,N,584,8678.79766718991,2.00e-08,6.28e-02,1.34e-05,6.65e-03,1.34e-05
3-3-12,N,585,8721.8595373078,3.31e-09,1.26e-02,1.87e-05,9.06e-03,1.87e-05
3-3-12,N,586,8735.9774857784,7.01e-09,1.26e-02,1.64e-05,7.00e-03,1.64e-05
3-3-12,N,587,8751.28282074606,4.47e-10,1.43e-02,2.30e-05,9.04e-03,2.30e-05
3-3-12,N,588,8756.39790289879,3.02e-08,1.29e-02,1.68e-05,8.04e-03,1.68e-05
3-3-12,N,589,8778.56821815437,1.46e-08,1.27e-02,1.78e-05,8.15e-03,1.78e-05
3-3-12,N,590,8794.67125988305,2.18e-08,4.39e-02,1.13e-05,6.26e-03,1.13e-05
3-3-12,N,591,8797.51726394925,2.87e-10,6.12e-03,9.63e-06,5.77e-03,9.63e-06
3-3-12,N,592,8810.39427388825,1.01e-08,1.32e-02,2.12e-05,8.43e-03,2.12e-05
3-3-12,N,593,8845.85176596376,4.91e-08,1.09e-02,1.38e-05,6.79e-03,1.38e-05
3-3-12,N,594,8860.24508222521,1.30e-08,9.45e-02,1.47e-05,7.81e-03,1.48e-05
3-3-12,N,595,8882.07603311224,2.70e-08,1.88e-02,2.72e-05,1.05e-02,2.72e-05
3-3-12,N,596,8887.60220906903,5.80e-09,1.21e-02,1.54e-05,6.74e-03,1.54e-05
3-3-12,N,597,8899.32290184443,1.05e-08,1.51e-02,1.87e-05,8.94e-03,1.87e-05
3-3-12,N,598,8921.71345714174,4.41e-09,1.66e-02,8.79e-06,5.13e-03,8.79e-06
3-3-12,N,599,8931.08639041577,4.37e-09,6.24e-03,7.24e-06,5.17e-03,7.24e-06
3-3-12,N,600,8958.29670430862,8.51e-09,6.82e-03,9.82e-06,5.59e-03,9.83e-06
3-3-12,N,601,8969.84418258842,2.40e-08,6.17e-02,1.57e-05,8.13e-03,1.57e-05
3-3-12,N,602,8975.22884097668,4.61e-08,7.39e-03,1.16e-05,6.57e-03,1.17e-05
3-3-12,N,603,9006.49556440517,2.64e-08,1.57e-02,3.41e-05,1.17e-02,3.41e-05
3-3-12,N,604,9032.93425722155,2.50e-08,7.89e-02,2.24e-05,1.00e-02,2.24e-05
3-3-12,N,605,9033.04595306344,2.02e-08,1.40e-02,2.81e-05,1.05e-02,2.81e-05
3-3-12,N,606,9036.40451796607,5.43e-09,1.21e-02,1.56e-05,7.81e-03,1.56e-05
3-3-12,N,607,9051.06326077553,2.70e-08,8.00e-03,2.44e-05,1.08e-02,2.44e-05
3-3-12,N,608,9070.1458967629,3.29e-09,1.07e-02,1.24e-05,6.79e-03,1.24e-05
3-3-12,N,609,9085.40351024087,6.30e-09,1.00e-02,1.85e-05,8.57e-03,1.85e-05
3-3-12,N,610,9093.64546996198,5.39e-08,2.92e-02,4.98e-05,1.69e-02,4.98e-05
3-3-12,N,611,9095.51910465388,4.38e-08,2.54e-02,4.62e-05,1.63e-02,4.62e-05
3-3-12,N,612,9129.82139072735,6.95e-09,3.20e-02,2.55e-05,1.12e-02,2.55e-05
3-3-12,N,613,9135.04747891771,1.44e-08,4.62e-02,2.31e-05,1.07e-02,2.31e-05
3-3-12,N,614,9203.51215004388,5.17e-08,9.13e-03,1.12e-05,6.71e-03,1.13e-05
3-3-12,N,615,9204.37944184354,3.11e-09,9.94e-03,1.44e-05,6.90e-03,1.44e-05
3-3-12,N,616,9214.58991299661,3.40e-08,2.71e-02,1.40e-05,7.51e-03,1.41e-05
3-3-12,N,617,9214.83686114289,1.34e-09,8.42e-03,1.64e-05,9.38e-03,1.64e-05
3-3-12,N,618,9220.48983214856,5.06e-08,2.57e-02,5.29e-05,1.67e-02,5.28e-05
3-3-12,N,619,9231.17701580924,1.34e-08,1.86e-02,2.24e-05,9.47e-03,2.23e-05
3-3-12,N,620,9247.77474689428,6.11e-08,2.90e-02,2.23e-05,1.02e-02,2.23e-05
3-3-12,N,621,9255.19892524247,1.51e-08,5.06e-02,1.59e-05,8.00e-03,1.59e-05
3-3-12,N,622,9260.91827675009,1.62e-08,2.03e-02,2.77e-05,1.06e-02,2.77e-05
3-3-12,N,623,9306.58216324916,5.98e-09,4.73e-02,2.48e-05,1.12e-02,2.48e-05
3-3-12,N,624,9326.18520662185,5.28e-08,2.80e-02,5.35e-05,1.76e-02,5.35e-05
3-3-12,N,625,9348.26542985051,1.43e-08,1.29e-02,4.64e-05,1.76e-02,4.64e-05
3-3-12,N,626,9367.14834776738,1.79e-09,4.23e-02,2.22e-05,9.92e-03,2.22e-05
3-3-12,N,627,9373.06780728777,5.32e-09,1.09e-02,1.33e-05,8.21e-03,1.33e-05
3-3-12,N,628,9382.98975759731,3.12e-08,2.96e-02,3.85e-05,1.41e-02,3.84e-05
3-3-12,N,629,9388.23327226686,6.67e-08,3.65e-02,6.12e-05,1.86e-02,6.11e-05
3-3-12,N,630,9409.94257594367,7.26e-08,4.57e-02,6.84e-05,2.14e-02,6.83e-05
3-3-12,N,631,9424.84469278102,9.22e-08,1.57e-02,7.63e-05,2.59e-02,7.62e-05
3-3-12,N,632,9435.97098566451,4.45e-08,1.21e-02,1.62e-05,8.45e-03,1.63e-05
3-3-12,N,633,9452.99065141342,7.00e-09,1.04e-02,1.73e-05,8.45e-03,1.73e-05
3-3-12,N,634,9463.67197801515,2.87e-08,2.45e-02,4.55e-05,1.52e-02,4.55e-05
3-3-12,N,635,9485.89988529755,1.22e-08,1.98e-02,2.50e-05,1.17e-02,2.50e-05
3-3-12,N,636,9496.21936395124,2.82e-08,2.95e-02,4.01e-05,1.60e-02,4.00e-05
3-3-12,N,637,9509.84338717168,5.83e-09,7.07e-02,4.31e-05,1.63e-02,4.31e-05
3-3-12,N,638,9513.26661105921,6.35e-08,2.23e-02,1.67e-05,8.29e-03,1.68e-05
3-3-12,N,639,9567.00689193816,4.52e-08,1.68e-02,4.56e-05,1.67e-02,4.55e-05
3-3-12,N,640,9577.72871190562,8.74e-09,1.82e-02,2.65e-05,1.23e-02,2.65e-05
3-3-12,N,641,9582.80976032712,8.05e-08,4.05e-02,7.62e-05,2.36e-02,7.61e-05
3-3-12,N,642,9594.49567611761,1.84e-08,3.29e-02,2.34e-05,1.12e-02,2.35e-05
3-3-12,N,643,9608.04226375592,2.48e-08,2.30e-02,2.74e-05,1.12e-02,2.75e-05
3-3-12,N,644,9665.36067310513,1.81e-08,2.82e-02,4.09e-05,1.58e-02,4.09e-05
3-3-12,N,645,9667.87566343782,6.22e-08,3.54e-02,5.66e-05,1.77e-02,5.66e-05
3-3-12,N,646,9673.0378581768,2.43e-08,2.45e-02,2.19e-05,9.76e-03,2.19e-05
3-3-12,N,647,9682.87014560684,8.96e-08,1.36e-02,7.20e-05,2.36e-02,7.19e-05
3-3-12,N,648,9688.44529224416,7.87e-08,3.88e-02,7.48e-05,2.37e-02,7.47e-05
3-3-12,N,649,9701.54058274092,1.16e-07,7.83e-02,1.01e-04,2.91e-02,1.01e-04
3-3-12,N,650,9705.19049121563,6.79e-08,4.48e-02,8.85e-05,2.94e-02,8.85e-05
3-3-12,N,651,9722.06069278965,1.04e-08,3.18e-02,2.78e-05,1.28e-02,2.78e-05
3-3-12,N,652,9757.44213688634,2.79e-08,3.07e-02,7.21e-05,1.89e-02,7.21e-05
3-3-12,N,653,9757.47554397425,6.98e-08,2.70e-02,6.64e-05,2.74e-02,6.63e-05
3-3-12,N,654,9791.71892439868,1.97e-08,1.75e-02,3.43e-05,1.45e-02,3.42e-05
3-3-12,N,655,9796.06958981648,7.65e-09,3.17e-02,2.86e-05,1.37e-02,2.85e-05
3-3-12,N,656,9808.25709336334,4.34e-09,2.77e-02,3.60e-05,1.40e-02,3.60e-05
3-3-12,N,657,9813.50075895016,9.56e-09,4.47e-02,4.08e-05,1.64e-02,4.08e-05
3-3-12,N,658,9829.3847658017,7.75e-08,7.70e-02,8.21e-05,2.62e-02,8.20e-05
3-3-12,N,659,9869.84220117948,4.91e-09,2.69e-02,4.02e-05,1.57e-02,4.02e-05
3-3-12,N,660,9880.21526958613,7.46e-08,4.09e-02,7.22e-05,2.35e-02,7.22e-05
3-3-12,N,661,9886.86491920029,3.63e-08,4.37e-02,5.66e-05,1.91e-02,5.66e-05
3-3-12,N,662,9912.90648287055,1.76e-08,2.45e-02,3.77e-05,1.74e-02,3.77e-05
3-3-12,N,663,9941.30903270711,2.13e-07,7.02e-02,1.62e-04,4.77e-02,1.61e-04
3-3-12,N,664,9952.88217553843,2.91e-08,4.09e-02,5.55e-05,1.90e-02,5.55e-05
3-3-12,N,665,9960.45486911832,1.62e-07,7.13e-02,1.35e-04,3.73e-02,1.35e-04
3-3-12,N,666,9973.49468659102,1.76e-08,2.13e-02,2.51e-05,1.10e-02,2.51e-05
3-3-12,N,667,9988.81306862956,9.07e-09,3.17e-02,2.45e-05,1.30e-02,2.46e-05
3-3-12,N,668,9991.44729790557,1.08e-08,3.25e-02,2.86e-05,1.19e-02,2.86e-05
3-3-12,N,669,10010.7861796347,3.45e-08,4.26e-02,5.67e-05,1.93e-02,5.67e-05
3-3-12,N,670,10018.4257427762,6.73e-08,1.03e-01,7.13e-05,2.44e-02,7.13e-05
3-3-12,N,671,10038.1979156814,3.81e-08,5.86e-02,5.66e-05,2.28e-02,5.66e-05
3-3-12,N,672,10056.004184858,1.18e-07,8.74e-02,1.16e-04,3.37e-02,1.16e-04
3-3-12,N,673,10069.8559596701,1.46e-07,2.61e-02,1.08e-04,3.36e-02,1.08e-04
3-3-12,N,674,10097.4926526835,2.37e-07,2.62e-02,1.59e-04,4.55e-02,1.59e-04
3-3-12,N,675,10135.2422741282,3.25e-08,3.33e-02,6.93e-05,2.25e-02,6.93e-05
3-3-12,N,676,10137.4983590333,1.95e-08,2.58e-02,5.00e-05,1.90e-02,5.00e-05
3-3-12,N,677,10148.1674318091,1.95e-07,1.37e-01,1.45e-04,4.26e-02,1.45e-04
3-3-12,N,678,10158.4409127563,9.76e-09,2.70e-02,4.20e-05,1.85e-02,4.20e-05
3-3-12,N,679,10160.3879824501,4.06e-08,2.74e-02,5.44e-05,2.22e-02,5.44e-05
3-3-12,N,680,10170.0684053935,1.02e-07,1.04e-01,9.39e-05,2.99e-02,9.38e-05
3-3-12,N,681,10196.3415387034,2.67e-08,5.21e-02,5.49e-05,2.01e-02,5.49e-05
3-3-12,N,682,10211.8089646315,9.95e-10,3.07e-02,3.74e-05,1.38e-02,3.74e-05
3-3-12,N,683,10217.37873267,1.37e-07,1.42e-01,1.04e-04,3.20e-02,1.04e-04
3-3-12,N,684,10246.030597053,3.45e-08,3.28e-02,5.33e-05,1.96e-02,5.32e-05
3-3-12,N,685,10257.5785827659,4.49e-08,3.47e-02,6.10e-05,2.24e-02,6.10e-05
3-3-12,N,686,10260.1606491984,3.39e-09,5.26e-02,5.27e-05,2.19e-02,5.27e-05
3-3-12,N,687,10276.9380001815,1.47e-07,1.87e-01,1.13e-04,3.41e-02,1.13e-04
3-3-12,N,688,10303.7919055486,9.86e-08,7.28e-02,1.37e-04,3.94e-02,1.36e-04
3-3-12,N,689,10327.3932758758,1.81e-08,3.11e-02,6.33e-05,2.51e-02,6.33e-05
3-3-12,N,690,10347.2425434914,2.74e-08,2.32e-02,5.69e-05,2.25e-02,5.69e-05
3-3-12,N,691,10373.3329073654,3.13e-07,5.48e-02,2.23e-04,6.15e-02,2.22e-04
3-3-12,N,692,10380.1830801755,1.51e-07,1.08e-01,1.49e-04,4.37e-02,1.48e-04
3-3-12,N,693,10384.8437270168,2.78e-07,6.86e-02,1.89e-04,5.33e-02,1.88e-04
3-3-12,N,694,10391.9552113426,4.83e-08,4.27e-02,8.09e-05,2.76e-02,8.08e-05
3-3-12,N,695,10418.2742694088,2.47e-08,8.03e-02,5.40e-05,2.16e-02,5.40e-05
3-3-12,N,696,10434.9637091296,2.02e-07,2.25e-01,1.44e-04,4.02e-02,1.43e-04
3-3-12,N,697,10464.8400502681,1.41e-08,5.20e-02,6.06e-05,2.44e-02,6.06e-05
3-3-12,N,698,10469.378417416,1.65e-08,7.42e-02,6.03e-05,2.14e-02,6.03e-05
3-3-12,N,699,10485.5626421747,8.44e-09,3.41e-02,5.89e-05,2.34e-02,5.89e-05
3-3-12,N,700,10490.7289792322,9.11e-08,1.30e-01,9.31e-05,3.17e-02,9.30e-05
3-3-12,N,701,10497.6972339946,3.74e-07,3.05e-01,2.26e-04,6.07e-02,2.26e-04
3-3-12,N,702,10527.0519279818,1.09e-07,5.56e-02,1.06e-04,3.66e-02,1.05e-04
3-3-12,N,703,10545.522181194,1.35e-07,7.44e-02,1.40e-04,4.33e-02,1.40e-04
3-3-12,N,704,10546.5293963332,1.76e-08,2.11e-02,3.75e-05,1.58e-02,3.75e-05
3-3-12,N,705,10589.755488351,3.10e-08,6.34e-02,9.28e-05,2.98e-02,9.28e-05
3-3-12,N,706,10598.4475714163,5.53e-09,8.49e-02,9.29e-05,3.08e-02,9.29e-05
3-3-12,N,707,10606.2050730039,2.08e-07,2.75e-01,1.44e-04,3.99e-02,1.44e-04
3-3-12,N,708,10630.5707293425,7.36e-09,5.52e-02,6.76e-05,2.88e-02,6.75e-05
3-3-12,N,709,10651.2101077446,1.09e-08,5.99e-02,9.64e-05,3.45e-02,9.64e-05
3-3-12,N,710,10652.7200495134,9.55e-09,1.02e-01,1.04e-04,3.41e-02,1.04e-04
3-3-12,N,711,10656.4055288039,7.44e-08,8.88e-02,1.26e-04,3.70e-02,1.26e-04
3-3-12,N,712,10662.8362539354,1.45e-07,8.45e-02,1.54e-04,4.80e-02,1.54e-04
3-3-12,N,713,10697.122778681,1.52e-07,1.20e-01,1.31e-04,3.90e-02,1.31e-04
3-3-12,N,714,10707.8503551681,1.48e-07,1.12e-01,1.32e-04,4.11e-02,1.32e-04
3-3-12,N,715,10737.7434602393,1.87e-07,1.18e-01,1.68e-04,4.97e-02,1.68e-04
3-3-12,N,716,10738.4668940526,7.14e-08,6.03e-02,1.01e-04,3.33e-02,1.01e-04
3-3-12,N,717,10764.1109151844,1.27e-07,2.04e-01,1.17e-04,3.46e-02,1.17e-04
3-3-12,N,718,10783.1888076906,4.00e-08,8.12e-02,8.65e-05,3.12e-02,8.64e-05
3-3-12,N,719,10783.9787936281,4.50e-07,4.42e-01,2.49e-04,6.21e-02,2.48e-04
3-3-12,N,720,10809.4613855336,8.69e-08,4.72e-02,7.45e-05,2.73e-02,7.46e-05
3-3-12,N,721,10809.677081352,3.34e-07,1.48e-01,2.46e-04,7.07e-02,2.46e-04
3-3-12,N,722,10822.2174815847,4.52e-08,9.64e-02,7.68e-05,2.94e-02,7.68e-05
3-3-12,N,723,10836.6420068976,3.62e-08,7.14e-02,7.80e-05,2.86e-02,7.81e-05
3-3-12,N,724,10858.4873978111,1.56e-07,1.41e-01,1.55e-04,4.99e-02,1.55e-04
3-3-12,N,725,10889.6109598692,2.71e-08,1.05e-01,7.76e-05,2.86e-02,7.76e-05
3-3-12,N,726,10892.5242304023,1.09e-08,1.08e-01,1.41e-04,4.43e-02,1.41e-04
3-3-12,N,727,10916.5616800032,1.86e-08,1.54e-01,1.22e-04,3.81e-02,1.22e-04
3-3-12,N,728,10931.074556645,4.52e-07,3.56e-01,2.92e-04,6.91e-02,2.92e-04
3-3-12,N,729,10947.0885235756,4.22e-08,7.10e-02,8.49e-05,3.32e-02,8.49e-05
3-3-12,N,730,10954.0371743825,2.01e-07,1.25e-01,1.69e-04,5.16e-02,1.69e-04
3-3-12,N,731,10974.1335817025,1.43e-07,5.71e-02,1.71e-04,5.50e-02,1.70e-04
3-3-12,N,732,10986.7066046842,1.13e-08,1.47e-01,1.40e-04,4.34e-02,1.40e-04
3-3-12,N,733,11013.3218427684,1.16e-07,1.93e-01,1.67e-04,5.04e-02,1.67e-04
3-3-12,N,734,11013.80738068,3.25e-07,3.16e-01,2.75e-04,7.38e-02,2.74e-04
3-3-12,N,735,11050.0300180405,2.89e-07,2.09e-01,1.95e-04,5.29e-02,1.95e-04
3-3-12,N,736,11060.2194043475,1.37e-08,6.74e-02,1.10e-04,3.91e-02,1.10e-04
3-3-12,N,737,11061.1794192599,5.36e-09,1.87e-01,1.09e-04,3.78e-02,1.09e-04
3-3-12,N,738,11071.5282388532,5.00e-08,1.17e-01,1.12e-04,3.59e-02,1.12e-04
3-3-12,N,739,11102.6932341856,1.27e-08,7.72e-02,1.28e-04,4.50e-02,1.28e-04
3-3-12,N,740,11114.6731713855,5.21e-08,2.45e-01,1.72e-04,5.30e-02,1.72e-04
3-3-12,N,741,11116.9592576237,1.67e-07,1.94e-01,1.93e-04,5.77e-02,1.93e-04
3-3-12,N,742,11128.2707823524,8.20e-09,9.04e-02,1.29e-04,4.53e-02,1.29e-04
3-3-12,N,743,11182.7021349955,3.50e-07,2.45e-01,2.38e-04,5.87e-02,2.37e-04
3-3-12,N,744,11190.1817743881,2.59e-07,6.99e-02,1.03e-04,3.79e-02,1.03e-04
3-3-12,N,745,11200.5223278676,6.88e-08,3.00e-01,1.70e-04,5.13e-02,1.70e-04
3-3-12,N,746,11211.8167966546,3.58e-09,2.81e-01,1.83e-04,5.34e-02,1.83e-04
3-3-12,N,747,11228.5518648331,7.12e-08,7.54e-02,1.47e-04,5.01e-02,1.47e-04
3-3-12,N,748,11231.0209732571,3.61e-07,2.01e-01,2.57e-04,6.87e-02,2.57e-04
3-3-12,N,749,11233.2040295747,6.10e-07,3.37e-01,3.51e-04,8.14e-02,3.50e-04
3-3-12,N,750,11242.0085954147,5.12e-07,1.87e-01,3.85e-04,1.03e-01,3.85e-04
3-3-12,N,751,11280.4357538614,3.24e-08,1.41e-01,1.87e-04,5.69e-02,1.87e-04
3-3-12,N,752,11304.9937007243,1.81e-07,9.59e-02,1.02e-04,3.88e-02,1.03e-04
3-3-12,N,753,11333.5642393245,2.51e-07,3.14e-01,2.78e-04,6.80e-02,2.79e-04
3-3-12,N,754,11335.9908587294,1.78e-07,8.72e-02,2.14e-04,6.56e-02,2.14e-04
3-3-12,N,755,11336.1416005512,1.01e-07,1.75e-01,2.08e-04,5.98e-02,2.08e-04
3-3-12,N,756,11371.9409980382,1.00e-07,8.29e-02,1.08e-04,3.95e-02,1.08e-04
3-3-12,N,757,11377.7746162062,2.00e-07,1.73e-01,1.69e-04,4.80e-02,1.69e-04
3-3-12,N,758,11406.882344321,4.59e-09,5.03e-01,1.25e-04,4.48e-02,1.25e-04
3-3-12,N,759,11430.3640729838,4.93e-09,1.82e-01,2.11e-04,6.77e-02,2.11e-04
3-3-12,N,760,11438.9669660675,1.05e-06,3.45e-01,5.45e-04,1.14e-01,5.44e-04
3-3-12,N,761,11446.6761711583,4.44e-07,1.45e-01,3.37e-04,9.06e-02,3.36e-04
3-3-12,N,762,11457.615836029,2.87e-08,1.30e-01,1.50e-04,4.60e-02,1.50e-04
3-3-12,N,763,11472.2424263923,3.61e-08,5.23e-01,1.91e-04,6.02e-02,1.91e-04
3-3-12,N,764,11494.497869211,1.79e-07,1.05e-01,8.94e-05,3.53e-02,8.95e-05
3-3-12,N,765,11508.1886282268,7.47e-08,3.43e-01,1.87e-04,6.05e-02,1.86e-04
3-3-12,N,766,11538.6543298266,5.39e-07,2.02e-01,3.10e-04,7.62e-02,3.10e-04
3-3-12,N,767,11540.7332759594,2.80e-07,2.50e-01,2.83e-04,8.06e-02,2.83e-04
3-3-12,N,768,11553.6353502123,1.14e-07,7.34e-02,1.03e-04,4.26e-02,1.03e-04
3-3-12,N,769,11555.9177579874,6.44e-07,2.17e-01,4.07e-04,9.03e-02,4.06e-04
3-3-12,N,770,11576.1653233728,9.13e-08,1.40e-01,2.97e-04,7.56e-02,2.97e-04
3-3-12,N,771,11585.0189150947,1.39e-07,1.00e-01,1.54e-04,4.79e-02,1.54e-04
3-3-12,N,772,11587.7987314894,1.23e-07,1.80e-01,5.41e-04,1.17e-01,5.41e-04
3-3-12,N,773,11622.8226657133,4.90e-08,1.31e-01,2.00e-04,5.56e-02,2.00e-04
3-3-12,N,774,11637.485267275,9.88e-08,3.81e-01,2.41e-04,6.58e-02,2.41e-04
3-3-12,N,775,11644.5227778686,9.51e-10,1.30e-01,1.53e-04,5.04e-02,1.53e-04
3-3-12,N,776,11674.8440234414,1.48e-08,1.20e-01,2.21e-04,6.15e-02,2.21e-04
3-3-12,N,777,11688.5667162997,1.24e-08,1.20e-01,2.55e-04,6.94e-02,2.55e-04
3-3-12,N,778,11695.412492956,3.58e-08,5.62e-01,2.35e-04,7.34e-02,2.35e-04
3-3-12,N,779,11713.3080947165,2.35e-08,1.11e-01,2.04e-04,6.71e-02,2.04e-04
3-3-12,N,780,11714.1210337613,8.22e-07,2.56e-01,4.41e-04,9.87e-02,4.40e-04
3-3-12,N,781,11723.6808486211,1.13e-06,1.66e-01,8.69e-04,1.93e-01,8.68e-04
3-3-12,N,782,11742.1917700916,7.99e-08,1.21e-01,2.90e-04,7.53e-02,2.90e-04
3-3-12,N,783,11778.6208378276,5.56e-07,2.95e-01,2.99e-04,7.54e-02,2.98e-04
3-3-12,N,784,11799.5894976981,7.00e-07,2.03e-01,4.20e-04,9.25e-02,4.19e-04
3-3-12,N,785,11800.0768763603,3.35e-07,1.28e+00,3.49e-04,9.16e-02,3.49e-04
3-3-12,N,786,11847.7230136584,1.33e-06,2.57e-01,6.68e-04,1.31e-01,6.67e-04
3-3-12,N,787,11848.0583630659,1.76e-09,4.21e-01,2.24e-04,6.92e-02,2.24e-04
3-3-12,N,788,11886.2297420843,4.10e-07,2.14e-01,4.78e-04,1.18e-01,4.78e-04
3-3-12,N,789,11888.0421576728,2.24e-07,1.32e-01,2.36e-04,6.80e-02,2.36e-04
3-3-12,N,790,11903.9142124189,4.33e-07,1.31e-01,4.94e-04,1.27e-01,4.93e-04
3-3-12,N,791,11906.413120788,4.86e-07,2.87e-01,3.24e-04,8.14e-02,3.23e-04
3-3-12,N,792,11914.9520130051,4.39e-07,2.60e-01,3.93e-04,9.19e-02,3.94e-04
3-3-12,N,793,11932.1831588335,8.73e-08,3.35e-01,6.16e-04,1.34e-01,6.16e-04
3-3-12,N,794,11948.2883009451,1.14e-08,1.52e-01,3.13e-04,7.45e-02,3.13e-04
3-3-12,N,795,11968.2284143459,2.33e-07,1.20e-01,2.40e-04,6.46e-02,2.40e-04
3-3-12,N,796,11979.6483059325,4.06e-07,5.04e-01,4.86e-04,1.17e-01,4.86e-04
3-3-12,N,797,11985.8279356466,1.29e-06,2.26e-01,6.63e-04,1.34e-01,6.62e-04
3-3-12,N,798,11992.2098319645,1.30e-06,3.28e-01,6.18e-04,1.27e-01,6.16e-04
3-3-12,N,799,12048.4378678876,2.33e-08,1.46e-01,2.37e-04,6.74e-02,2.37e-04
3-3-12,N,800,12074.7057905353,1.74e-06,3.54e-01,1.01e-03,2.34e-01,1.01e-03
3-3-12,N,801,12087.3878926058,1.34e-07,1.48e-01,1.98e-04,6.71e-02,1.98e-04
3-3-12,N,802,12088.824390167,7.91e-07,6.21e-01,6.35e-04,1.28e-01,6.36e-04
3-3-12,N,803,12095.4073430537,2.49e-07,2.64e-01,4.22e-04,1.13e-01,4.22e-04
3-3-12,N,804,12095.4615275298,7.48e-07,8.12e-01,4.45e-04,1.00e-01,4.45e-04
3-3-12,N,805,12106.1153647241,2.71e-07,1.06e-01,2.30e-04,6.67e-02,2.30e-04
3-3-12,N,806,12120.3423435313,1.01e-07,2.90e-01,3.66e-04,9.35e-02,3.66e-04
3-3-12,N,807,12157.0948175437,1.49e-06,4.46e-01,6.49e-04,1.33e-01,6.48e-04
3-3-12,N,808,12171.2981368245,1.42e-07,2.13e-01,3.42e-04,7.90e-02,3.41e-04
3-3-12,N,809,12195.7368526997,8.14e-07,2.45e-01,7.74e-04,1.78e-01,7.73e-04
3-3-12,N,810,12205.3441417543,4.35e-07,2.31e-01,3.57e-04,8.05e-02,3.56e-04
3-3-12,N,811,12215.0742000699,2.36e-06,5.10e-01,1.07e-03,1.91e-01,1.07e-03
3-3-12,N,812,12219.4629483493,1.82e-06,5.10e-01,8.38e-04,1.65e-01,8.36e-04
3-3-12,N,813,12241.7283012596,4.68e-07,1.70e-01,7.75e-04,9.69e-02,7.76e-04
3-3-12,N,814,12241.782894293,1.15e-07,1.88e+00,5.04e-04,1.88e-01,5.03e-04
3-3-12,N,815,12298.5778661472,3.36e-07,1.91e-01,4.21e-04,1.15e-01,4.20e-04
3-3-12,N,816,12317.6926588987,8.32e-07,3.42e-01,4.74e-04,9.85e-02,4.73e-04
3-3-12,N,817,12317.8054436837,2.08e-06,3.33e-01,7.57e-04,1.56e-01,7.59e-04
3-3-12,N,818,12338.9369957023,1.29e-06,3.89e-01,8.08e-04,1.50e-01,8.06e-04
3-3-12,N,819,12339.1347993983,3.67e-07,5.96e-01,6.82e-04,1.57e-01,6.83e-04
3-3-12,N,820,12373.9677745541,2.30e-07,1.92e-01,3.20e-04,8.42e-02,3.20e-04
3-3-12,N,821,12380.9304720938,1.29e-06,2.21e-01,8.36e-04,1.92e-01,8.34e-04
3-3-12,N,822,12381.5984956016,1.37e-07,1.79e-01,2.72e-04,7.41e-02,2.72e-04
3-3-12,N,823,12383.3200293266,6.59e-07,2.69e-01,3.64e-04,9.14e-02,3.63e-04
3-3-12,N,824,12384.2520347666,1.59e-06,1.97e-01,7.68e-04,1.58e-01,7.70e-04
3-3-12,N,825,12438.5571743346,2.53e-07,2.84e-01,4.28e-04,1.03e-01,4.28e-04
3-3-12,N,826,12448.0611545625,2.14e-07,4.58e-01,3.79e-04,1.12e-01,3.79e-04
3-3-12,N,827,12474.3113134816,1.19e-07,2.31e-01,3.94e-04,1.04e-01,3.94e-04
3-3-12,N,828,12486.644650265,2.87e-06,6.73e-01,1.21e-03,2.14e-01,1.21e-03
3-3-12,N,829,12489.6728765581,2.04e-07,7.60e-01,1.31e-03,2.62e-01,1.31e-03
3-3-12,N,830,12490.5799399426,1.18e-06,4.41e-01,5.98e-04,1.31e-01,5.97e-04
3-3-12,N,831,12513.4970661237,1.48e-08,1.27e+00,4.04e-04,1.05e-01,4.04e-04
3-3-12,N,832,12515.8922957243,2.31e-06,7.71e-01,1.04e-03,1.88e-01,1.04e-03
3-3-12,N,833,12556.4230787711,7.52e-08,1.52e-01,4.05e-04,1.23e-01,4.05e-04
3-3-12,N,834,12589.3417312507,3.84e-07,6.15e-01,5.43e-04,1.36e-01,5.43e-04
3-3-12,N,835,12589.657770393,2.21e-06,1.50e+00,9.77e-04,1.84e-01,9.75e-04
3-3-12,N,836,12596.1072774791,1.08e-06,4.93e-01,8.10e-04,1.56e-01,8.09e-04
3-3-12,N,837,12618.5663634129,1.93e-07,4.13e-01,1.11e-03,2.31e-01,1.11e-03
3-3-12,N,838,12631.6954353001,1.51e-06,5.97e-01,7.97e-04,1.60e-01,7.95e-04
3-3-12,N,839,12643.502658164,1.17e-06,4.77e-01,5.61e-04,1.23e-01,5.60e-04
3-3-12,N,840,12647.7959252195,2.00e-06,6.10e-01,7.13e-04,1.54e-01,7.15e-04
3-3-12,N,841,12656.1700214961,8.37e-08,3.82e-01,8.77e-04,1.98e-01,8.77e-04
3-3-12,N,842,12686.3723511922,6.60e-06,4.84e-01,1.12e-03,2.14e-01,1.13e-03
3-3-12,N,843,12717.1473731298,4.98e-07,3.05e-01,5.05e-04,1.19e-01,5.05e-04
3-3-12,N,844,12736.9591527214,2.51e-06,7.38e-01,1.10e-03,1.97e-01,1.10e-03
3-3-12,N,845,12741.6171426612,1.52e-06,2.45e-01,9.03e-04,2.10e-01,9.01e-04
3-3-12,N,846,12748.7617780872,3.56e-07,6.62e-01,4.11e-04,1.17e-01,4.12e-04
3-3-12,N,847,12767.2642987865,1.25e-08,3.03e-01,3.65e-04,9.93e-02,3.65e-04
3-3-12,N,848,12810.2748418148,2.71e-06,1.10e+00,1.29e-03,2.42e-01,1.29e-03
3-3-12,N,849,12819.6533162349,3.53e-07,3.71e-01,5.06e-04,1.18e-01,5.06e-04
3-3-12,N,850,12842.7341786257,1.44e-06,5.78e-01,7.83e-04,1.58e-01,7.82e-04
3-3-12,N,851,12843.3686848882,6.29e-07,1.07e+00,5.45e-04,1.40e-01,5.46e-04
3-3-12,N,852,12857.128646018,2.29e-06,4.52e-01,1.31e-03,2.66e-01,1.32e-03
3-3-12,N,853,12866.1196237621,1.23e-06,1.42e+00,5.29e-04,1.35e-01,5.30e-04
3-3-12,N,854,12898.2110041367,1.09e-06,2.37e-01,7.79e-04,1.94e-01,7.78e-04
3-3-12,N,855,12916.7738520941,3.17e-06,1.07e+00,1.25e-03,2.19e-01,1.24e-03
3-3-12,N,856,12926.4296019304,1.79e-06,1.06e+00,1.07e-03,2.05e-01,1.07e-03
3-3-12,N,857,12933.4270909226,9.86e-07,5.15e-01,6.59e-04,1.52e-01,6.58e-04
3-3-12,N,858,12958.5907092196,3.05e-08,1.31e+00,1.36e-03,2.67e-01,1.36e-03
3-3-12,N,859,12962.1646633106,4.66e-07,2.32e-01,6.04e-04,1.58e-01,6.04e-04
3-3-12,N,860,12980.6703007785,5.25e-07,3.02e-01,6.61e-04,1.55e-01,6.62e-04
3-3-12,N,861,12982.3540944983,2.14e-06,7.50e-01,1.19e-03,2.25e-01,1.19e-03
3-3-12,N,862,12992.3790760416,8.08e-06,1.20e+00,7.14e-04,1.60e-01,7.22e-04
3-3-12,N,863,13019.8976575547,3.75e-06,3.36e-01,6.43e-04,1.68e-01,6.47e-04
3-3-12,N,864,13023.1893996504,1.15e-06,7.97e-01,7.92e-04,1.69e-01,7.91e-04
3-3-12,N,865,13080.0683859465,2.15e-06,9.64e-01,1.04e-03,1.93e-01,1.04e-03
3-3-12,N,866,13092.2936841995,1.49e-06,6.79e-01,8.71e-04,1.84e-01,8.69e-04
3-3-12,N,867,13106.455060687,8.16e-07,8.78e-01,8.05e-04,1.64e-01,8.04e-04
3-3-12,N,868,13113.5228790571,7.63e-07,3.40e-01,2.64e-04,9.03e-02,2.64e-04
3-3-12,N,869,13114.4045547858,6.05e-06,3.00e-01,6.05e-04,1.39e-01,6.11e-04
3-3-12,N,870,13114.4373890199,6.66e-08,7.78e-01,3.61e-04,1.20e-01,3.61e-04
3-3-12,N,871,13119.2568963815,8.76e-07,1.06e+00,7.31e-04,1.76e-01,7.32e-04
3-3-12,N,872,13153.4053276061,2.93e-06,2.30e-01,1.55e-03,3.13e-01,1.55e-03
3-3-12,N,873,13176.2313249978,3.52e-06,5.86e-01,1.24e-03,2.46e-01,1.24e-03
3-3-12,N,874,13191.3050624076,1.26e-06,7.48e-01,8.59e-04,2.01e-01,8.58e-04
3-3-12,N,875,13204.5053094153,1.36e-06,4.70e-01,4.91e-04,1.38e-01,4.92e-04
3-3-12,N,876,13217.8675128346,1.81e-06,8.23e-01,1.03e-03,2.16e-01,1.03e-03
3-3-12,N,877,13227.7307917995,7.53e-07,6.44e-01,8.42e-04,1.86e-01,8.42e-04
3-3-12,N,878,13270.9108591772,7.02e-08,2.70e-01,6.37e-04,1.79e-01,6.37e-04
3-3-12,N,879,13273.6934669083,1.92e-06,9.55e-01,1.14e-03,2.38e-01,1.14e-03
3-3-12,N,880,13276.5900425477,3.87e-06,1.28e+00,4.91e-04,1.37e-01,4.94e-04
3-3-12,N,881,13310.5809616022,1.31e-06,1.00e+00,1.07e-03,2.30e-01,1.07e-03
3-3-12,N,882,13324.4018503637,2.32e-06,1.69e+00,1.73e-03,3.35e-01,1.73e-03
3-3-12,N,883,13331.5687530079,1.65e-06,1.00e+00,1.08e-03,2.22e-01,1.08e-03
3-3-12,N,884,13354.3560023149,2.96e-06,1.27e+00,1.70e-03,3.20e-01,1.70e-03
3-3-12,N,885,13356.2822304752,2.15e-06,3.34e-01,1.04e-03,2.47e-01,1.04e-03
3-3-12,N,886,13359.9080725138,6.26e-06,7.11e-01,5.57e-04,1.47e-01,5.63e-04
3-3-12,N,887,13362.6076004961,8.65e-06,9.64e-01,6.37e-04,1.62e-01,6.46e-04
3-3-12,N,888,13375.0666905511,2.10e-06,1.71e+00,1.39e-03,2.66e-01,1.39e-03
3-3-12,N,889,13430.0367252173,2.84e-06,4.23e-01,1.13e-03,2.39e-01,1.13e-03
3-3-12,N,890,13464.1538111134,4.29e-06,2.78e-01,2.04e-03,3.85e-01,2.04e-03
3-3-12,N,891,13465.1200995142,1.30e-05,6.04e-01,7.88e-04,1.73e-01,8.01e-04
3-3-12,N,892,13469.0311907934,1.58e-07,3.43e-01,4.58e-04,1.44e-01,4.59e-04
3-3-12,N,893,13487.0642019448,3.30e-07,3.92e-01,5.55e-04,1.55e-01,5.55e-04
3-3-12,N,894,13496.9955766759,2.55e-07,3.86e-01,5.38e-04,1.54e-01,5.38e-04
3-3-12,N,895,13520.527535887,2.03e-06,9.90e-01,1.36e-03,2.74e-01,1.35e-03
3-3-12,N,896,13550.7888848453,1.25e-06,8.37e-01,5.78e-04,1.63e-01,5.79e-04
3-3-12,N,897,13563.3411379541,8.75e-07,7.68e-01,9.64e-04,2.35e-01,9.64e-04
3-3-12,N,898,13563.8281199002,1.06e-06,4.56e-01,5.09e-04,1.50e-01,5.10e-04
3-3-12,N,899,13588.3795040002,3.44e-06,5.97e-01,1.14e-03,2.26e-01,1.14e-03
3-3-12,N,900,13621.914621395,3.12e-06,1.24e+00,1.87e-03,3.67e-01,1.86e-03
3-3-12,N,901,13626.4445195599,1.67e-06,1.69e+00,1.16e-03,2.56e-01,1.15e-03
3-3-12,N,902,13630.2958745318,1.59e-06,7.65e-01,2.45e-03,4.28e-01,2.45e-03
3-3-12,N,903,13636.500668263,9.48e-07,1.32e+00,7.19e-04,1.84e-01,7.20e-04
3-3-12,N,904,13644.6032853874,1.33e-06,1.09e+00,1.13e-03,2.41e-01,1.13e-03
3-3-12,N,905,13673.0523978695,2.29e-09,5.41e-01,9.16e-04,2.26e-01,9.16e-04
3-3-12,N,906,13693.5173200038,5.99e-07,1.12e+00,9.43e-04,2.15e-01,9.43e-04
3-3-12,N,907,13703.0128905805,9.71e-07,1.12e+00,9.30e-04,2.22e-01,9.29e-04
3-3-12,N,908,13729.9788258465,3.50e-06,1.21e+00,1.05e-03,2.32e-01,1.05e-03
3-3-12,N,909,13732.7311344038,2.08e-05,5.83e-01,1.82e-03,3.10e-01,1.84e-03
3-3-12,N,910,13749.3743578971,1.18e-06,8.83e-01,1.22e-03,2.63e-01,1.21e-03
3-3-12,N,911,13778.6860362676,5.77e-06,6.12e-01,1.05e-03,2.23e-01,1.06e-03
3-3-12,N,912,13787.2975019218,7.25e-07,9.27e-01,1.15e-03,2.65e-01,1.15e-03
3-3-12,N,913,13798.3489304865,1.76e-06,5.75e-01,1.96e-03,3.52e-01,1.96e-03
3-3-12,N,914,13812.5402891322,2.13e-06,4.63e-01,2.03e-03,3.69e-01,2.03e-03
3-3-12,N,915,13833.5262942329,2.16e-07,5.32e-01,8.67e-04,2.03e-01,8.67e-04
3-3-12,N,916,13854.4501752757,1.80e-06,1.81e+00,1.41e-03,3.01e-01,1.41e-03
3-3-12,N,917,13867.946617178,1.15e-07,6.34e-01,7.92e-04,1.84e-01,7.92e-04
3-3-12,N,918,13898.4583930417,4.99e-07,7.67e-01,8.44e-04,2.06e-01,8.44e-04
3-3-12,N,919,13906.2440263482,7.89e-07,1.26e+00,1.35e-03,2.82e-01,1.35e-03
3-3-12,N,920,13915.6670464685,3.29e-06,3.81e-01,1.16e-03,2.45e-01,1.17e-03
3-3-12,N,921,13938.603393251,7.36e-06,8.14e-01,1.47e-03,2.78e-01,1.47e-03
3-3-12,N,922,13950.0904491658,2.48e-06,5.02e-01,1.98e-03,3.65e-01,1.98e-03
3-3-12,N,923,13951.1120906971,5.47e-08,5.00e-01,5.06e-04,1.47e-01,5.06e-04
3-3-12,N,924,13969.0295052082,3.26e-06,8.25e-01,1.90e-03,3.34e-01,1.90e-03
3-3-12,N,925,14007.2631080643,2.45e-06,1.10e+00,1.56e-03,2.98e-01,1.56e-03
3-3-12,N,926,14011.5845924253,8.79e-07,7.89e-01,8.23e-04,2.01e-01,8.22e-04
3-3-12,N,927,14016.9930604647,1.83e-06,9.75e-01,1.59e-03,3.32e-01,1.59e-03
3-3-12,N,928,14033.9490144447,5.47e-07,1.01e+00,1.31e-03,2.64e-01,1.31e-03
3-3-12,N,929,14036.0794234557,9.93e-07,9.07e-01,1.23e-03,2.89e-01,1.23e-03
3-3-12,N,930,14046.6820243812,1.73e-06,2.06e+00,1.57e-03,3.27e-01,1.57e-03
3-3-12,N,931,14063.472619254,1.18e-08,1.06e+00,7.94e-04,2.00e-01,7.94e-04
3-3-12,N,932,14084.8931152862,2.01e-05,1.05e+00,2.58e-03,3.97e-01,2.60e-03
3-3-12,N,933,14089.8708418803,7.52e-06,1.03e+00,1.79e-03,3.50e-01,1.80e-03
3-3-12,N,934,14114.9885648172,1.03e-05,5.44e-01,4.10e-03,6.56e-01,4.09e-03
3-3-12,N,935,14121.5973404516,2.36e-06,1.23e+00,1.49e-03,3.08e-01,1.49e-03
3-3-12,N,936,14165.150795984,2.24e-06,2.83e+00,1.38e-03,3.01e-01,1.38e-03
3-3-12,N,937,14177.1804615511,2.95e-06,1.19e+00,2.19e-03,4.08e-01,2.19e-03
3-3-12,N,938,14188.8248682554,9.80e-06,7.27e-01,1.62e-03,3.01e-01,1.63e-03
3-3-12,N,939,14201.5124033995,6.63e-07,8.47e-01,1.45e-03,2.96e-01,1.45e-03
3-3-12,N,940,14211.7672124315,1.63e-07,7.40e-01,1.13e-03,2.49e-01,1.13e-03
3-3-12,N,941,14217.7153816204,1.44e-06,8.23e-01,1.31e-03,2.58e-01,1.31e-03
3-3-12,N,942,14245.0868769885,2.91e-06,1.55e+00,1.69e-03,3.34e-01,1.69e-03
3-3-12,N,943,14253.4686905208,5.75e-06,6.36e-01,1.41e-03,2.67e-01,1.41e-03
3-3-12,N,944,14277.9403299449,1.61e-06,6.88e-01,1.31e-03,2.56e-01,1.31e-03
3-3-12,N,945,14289.1102147374,3.86e-06,4.92e-01,3.00e-03,5.07e-01,3.00e-03
3-3-12,N,946,14307.0056873272,1.12e-06,1.33e+00,1.80e-03,3.25e-01,1.80e-03
3-3-12,N,947,14309.3590400893,1.92e-06,1.00e+00,1.41e-03,2.85e-01,1.41e-03
3-3-12,N,948,14345.7864714882,1.77e-06,8.23e-01,4.06e-03,6.07e-01,4.06e-03
3-3-12,N,949,14394.415962003,1.88e-06,1.01e+00,1.37e-03,2.81e-01,1.37e-03
3-3-12,N,950,14408.8232342024,2.13e-06,1.91e+00,1.27e-03,2.69e-01,1.27e-03
3-3-12,N,951,14424.4603270786,6.27e-06,9.13e-01,3.15e-03,5.26e-01,3.16e-03
3-3-12,N,952,14424.8419313558,2.64e-06,8.92e-01,1.81e-03,3.40e-01,1.81e-03
3-3-12,N,953,14429.3303094435,7.97e-06,2.56e+00,3.61e-03,6.00e-01,3.60e-03
3-3-12,N,954,14434.8989106085,1.15e-06,9.03e-01,1.27e-03,2.81e-01,1.27e-03
3-3-12,N,955,14443.7092264995,5.97e-06,7.98e-01,1.46e-03,2.94e-01,1.46e-03
3-3-12,N,956,14450.4171632483,7.89e-06,2.56e+00,3.08e-03,5.16e-01,3.07e-03
3-3-12,N,957,14460.3291625053,3.18e-06,2.55e+00,2.53e-03,4.41e-01,2.53e-03
3-3-12,N,958,14486.6112872401,4.28e-06,2.95e+00,2.10e-03,3.76e-01,2.09e-03
3-3-12,N,959,14506.9790965116,2.07e-06,9.47e-01,2.31e-03,4.29e-01,2.31e-03
3-3-12,N,960,14541.312213211,1.33e-05,1.35e+00,3.68e-03,5.28e-01,3.69e-03
3-3-12,N,961,14560.0222737493,1.44e-05,1.06e+00,2.97e-03,4.37e-01,2.98e-03
3-3-12,N,962,14562.5459177558,2.53e-06,1.13e+00,1.98e-03,3.31e-01,1.98e-03
3-3-12,N,963,14578.6570610586,2.18e-06,1.48e+00,1.48e-03,3.04e-01,1.48e-03
3-3-12,N,964,14602.9250109132,6.81e-07,9.75e-01,1.22e-03,2.83e-01,1.22e-03
3-3-12,N,965,14624.4930153019,8.76e-07,8.35e-01,1.46e-03,2.91e-01,1.46e-03
3-3-12,N,966,14626.0757484811,4.86e-06,9.40e-01,3.91e-03,5.89e-01,3.90e-03
3-3-12,N,967,14637.4955833182,6.56e-06,2.18e+00,2.60e-03,4.37e-01,2.59e-03
3-3-12,N,968,14643.8917981928,7.56e-06,2.32e+00,3.01e-03,5.07e-01,3.00e-03
3-3-12,N,969,14677.3228845416,2.21e-07,4.20e-01,9.01e-04,2.36e-01,9.01e-04
3-3-12,N,970,14697.4678753002,1.19e-06,1.06e+00,3.03e-03,5.06e-01,3.03e-03
3-3-12,N,971,14705.3588619142,4.63e-06,9.64e-01,3.32e-03,5.79e-01,3.32e-03
3-3-12,N,972,14719.1156377001,4.59e-06,2.34e+00,2.63e-03,4.26e-01,2.63e-03
3-3-12,N,973,14743.4912892333,2.63e-06,1.07e+00,1.96e-03,3.79e-01,1.95e-03
3-3-12,N,974,14781.0476348699,1.23e-06,1.48e+00,1.41e-03,3.07e-01,1.41e-03
3-3-12,N,975,14784.2874525888,8.84e-06,2.09e+00,3.29e-03,4.76e-01,3.28e-03
3-3-12,N,976,14793.2636507255,2.31e-06,1.85e+00,1.53e-03,3.19e-01,1.53e-03
3-3-12,N,977,14801.3189970271,4.09e-07,6.76e-01,1.85e-03,4.36e-01,1.86e-03
3-3-12,N,978,14805.6960493413,9.13e-06,1.74e+00,3.40e-03,5.01e-01,3.39e-03
3-3-12,N,979,14812.5330296341,1.01e-05,4.16e+00,4.05e-03,5.92e-01,4.06e-03
3-3-12,N,980,14838.9357031136,3.50e-06,1.23e+00,2.27e-03,3.91e-01,2.26e-03
3-3-12,N,981,14853.2620321813,1.67e-05,5.42e+00,4.84e-03,6.29e-01,4.82e-03
3-3-12,N,982,14873.0188256953,1.14e-05,9.47e-01,2.80e-03,4.59e-01,2.81e-03
3-3-12,N,983,14884.4455503644,1.26e-05,2.59e+00,4.21e-03,6.19e-01,4.20e-03
3-3-12,N,984,14888.0931552834,1.35e-05,2.02e+00,3.16e-03,4.60e-01,3.17e-03
3-3-12,N,985,14896.8189008733,5.58e-07,1.19e+00,4.01e-03,6.31e-01,4.01e-03
3-3-12,N,986,14949.2029650817,9.13e-06,2.04e+00,3.47e-03,5.16e-01,3.46e-03
3-3-12,N,987,14951.6114017192,3.58e-06,1.21e+00,2.03e-03,3.73e-01,2.03e-03
3-3-12,N,988,14952.6085949314,1.07e-05,1.07e+00,4.18e-03,6.89e-01,4.17e-03
3-3-12,N,989,14972.4360211061,3.35e-06,1.33e+00,2.52e-03,4.71e-01,2.52e-03
3-3-12,N,990,14974.9883788819,4.07e-07,1.29e+00,1.75e-03,3.47e-01,1.75e-03
3-3-12,N,991,14989.3049562832,7.79e-07,2.31e+00,1.98e-03,4.23e-01,1.98e-03
3-3-12,N,992,15006.5158520579,6.20e-06,1.67e+00,2.62e-03,4.24e-01,2.61e-03
3-3-12,N,993,15047.2701510217,5.45e-06,1.67e+00,2.05e-03,4.19e-01,2.05e-03
3-3-12,N,994,15069.8748661953,1.64e-05,2.60e+00,4.71e-03,6.40e-01,4.69e-03
3-3-12,N,995,15081.6890562194,1.54e-05,4.64e+00,5.29e-03,7.10e-01,5.28e-03
3-3-12,N,996,15094.4128271088,9.33e-06,1.21e+00,2.70e-03,4.71e-01,2.71e-03
3-3-12,N,997,15115.0430396049,6.01e-06,9.95e-01,3.26e-03,5.05e-01,3.25e-03
3-3-12,N,998,15115.2683469519,1.50e-06,1.25e+00,2.37e-03,4.96e-01,2.37e-03
3-3-12,N,999,15144.1769070944,1.04e-05,2.22e+00,4.78e-03,7.88e-01,4.76e-03
3-3-12,N,1000,15155.1732068223,1.74e-05,1.90e+00,5.25e-03,7.04e-01,5.23e-03
3-3-12,N,1001,15156.9292653178,1.16e-06,1.31e+00,1.89e-03,3.58e-01,1.89e-03
3-3-12,N,1002,15183.8477435134,1.62e-06,5.13e+00,2.12e-03,4.31e-01,2.12e-03
3-3-12,N,1003,15206.0567070712,1.37e-05,1.25e+00,4.00e-03,6.26e-01,4.01e-03
3-3-12,N,1004,15225.9736531148,3.43e-06,3.00e+00,3.15e-03,4.78e-01,3.15e-03
3-3-12,N,1005,15242.8026597542,2.59e-05,2.68e+00,6.82e-03,8.17e-01,6.80e-03
3-3-12,N,1006,15256.5798485769,2.21e-05,4.28e+00,6.63e-03,8.31e-01,6.61e-03
3-3-12,N,1007,15257.5271597348,6.71e-06,3.49e+00,5.26e-03,8.16e-01,5.26e-03
3-3-12,N,1008,15270.9581545233,4.11e-07,8.44e-01,2.17e-03,4.74e-01,2.17e-03
3-3-12,N,1009,15271.2928089369,2.90e-06,9.39e-01,2.35e-03,4.71e-01,2.35e-03
3-3-12,N,1010,15301.6854573804,7.00e-06,2.84e+00,2.51e-03,4.55e-01,2.52e-03
3-3-12,N,1011,15339.374958306,1.21e-06,1.67e+00,2.67e-03,4.97e-01,2.67e-03
3-3-12,N,1012,15344.1059715509,3.48e-05,2.34e+00,8.47e-03,9.41e-01,8.44e-03
3-3-12,N,1013,15346.201052243,9.21e-06,2.51e+00,3.27e-03,5.35e-01,3.26e-03
3-3-12,N,1014,15367.0714740661,2.10e-05,4.66e+00,6.51e-03,8.20e-01,6.49e-03
3-3-12,N,1015,15403.4647894655,3.44e-07,1.92e+00,2.22e-03,4.87e-01,2.22e-03
3-3-12,N,1016,15423.9686158477,6.49e-06,2.62e+00,3.98e-03,5.95e-01,3.97e-03
3-3-12,N,1017,15424.2378026312,4.63e-06,3.96e+00,4.17e-03,6.99e-01,4.17e-03
3-3-12,N,1018,15430.8387843338,1.87e-05,1.80e+00,3.55e-03,5.97e-01,3.57e-03
3-3-12,N,1019,15447.0245314723,8.27e-07,2.22e+00,2.09e-03,4.65e-01,2.09e-03
3-3-12,N,1020,15454.7642595188,4.07e-06,1.12e+00,3.28e-03,5.30e-01,3.28e-03
3-3-12,N,1021,15479.5474727775,9.69e-06,1.18e+00,3.93e-03,6.60e-01,3.92e-03
3-3-12,N,1022,15495.8639064023,1.99e-05,1.96e+00,5.23e-03,6.34e-01,5.21e-03
3-3-12,N,1023,15503.9252146315,7.54e-06,1.17e+00,3.64e-03,6.70e-01,3.63e-03
3-3-12,N,1024,15528.7639813624,2.45e-05,1.86e+00,6.30e-03,7.45e-01,6.28e-03
3-3-12,N,1025,15540.8404251839,1.47e-07,2.31e+00,1.87e-03,3.63e-01,1.87e-03
3-3-12,N,1026,15551.9400014418,6.01e-06,2.97e+00,4.38e-03,7.50e-01,4.38e-03
3-3-12,N,1027,15617.7231534201,2.96e-06,2.52e+00,3.67e-03,6.29e-01,3.67e-03
3-3-12,N,1028,15624.7679699784,6.19e-06,2.76e+00,3.11e-03,5.76e-01,3.11e-03
3-3-12,N,1029,15626.1302629846,6.20e-05,2.61e+00,1.24e-02,1.15e+00,1.24e-02
3-3-12,N,1030,15629.9338139428,9.83e-06,7.12e+00,5.35e-03,7.60e-01,5.36e-03
3-3-12,N,1031,15638.1365429592,1.04e-05,1.73e+00,4.56e-03,8.13e-01,4.55e-03
3-3-12,N,1032,15664.1177920359,5.31e-05,2.01e+00,1.28e-02,1.34e+00,1.27e-02
3-3-12,N,1033,15668.8298091831,9.46e-06,4.55e+00,5.07e-03,7.67e-01,5.06e-03
3-3-12,N,1034,15680.0818621934,1.42e-05,2.02e+00,5.34e-03,7.37e-01,5.32e-03
3-3-12,N,1035,15691.2617634826,1.06e-05,7.72e+00,5.20e-03,7.43e-01,5.19e-03
3-3-12,N,1036,15701.1032033987,1.00e-05,1.36e+00,4.39e-03,6.52e-01,4.38e-03
3-3-12,N,1037,15710.9122123893,4.95e-06,1.40e+00,1.86e-03,4.07e-01,1.86e-03
3-3-12,N,1038,15733.9376059917,1.24e-05,1.90e+00,3.16e-03,5.38e-01,3.17e-03
3-3-12,N,1039,15737.4522847041,6.34e-06,3.32e+00,3.77e-03,6.68e-01,3.76e-03
3-3-12,N,1040,15760.1458315747,2.16e-06,1.25e+00,2.50e-03,4.70e-01,2.50e-03
3-3-12,N,1041,15782.1538120433,1.79e-06,3.01e+00,2.86e-03,5.83e-01,2.86e-03
3-3-12,N,1042,15806.1536891921,9.04e-06,1.75e+00,5.59e-03,8.60e-01,5.58e-03
3-3-12,N,1043,15819.0985124696,3.93e-05,2.63e+00,9.37e-03,9.36e-01,9.33e-03
3-3-12,N,1044,15860.4511031835,1.31e-05,1.60e+00,5.22e-03,8.36e-01,5.21e-03
3-3-12,N,1045,15860.9816045439,3.85e-05,2.58e+00,9.39e-03,1.02e+00,9.35e-03
3-3-12,N,1046,15864.6722224853,1.10e-06,2.56e+00,2.41e-03,5.28e-01,2.41e-03
3-3-12,N,1047,15867.3026387026,1.76e-05,1.79e+00,5.79e-03,7.47e-01,5.78e-03
3-3-12,N,1048,15896.4514276856,1.04e-05,2.51e+00,3.84e-03,5.57e-01,3.82e-03
3-3-12,N,1049,15930.0180159875,5.24e-06,2.99e+00,3.08e-03,5.40e-01,3.07e-03
3-3-12,N,1050,15946.2262788777,3.19e-06,3.68e+00,3.84e-03,6.34e-01,3.84e-03
3-3-12,N,1051,15953.9824853984,1.90e-05,2.04e+00,6.31e-03,8.68e-01,6.29e-03
3-3-12,N,1052,15954.4963395472,7.54e-05,3.91e+00,1.61e-02,1.52e+00,1.60e-02
3-3-12,N,1053,15977.0020484457,4.20e-06,3.32e+00,5.40e-03,8.69e-01,5.40e-03
3-3-12,N,1054,15985.4503838042,4.51e-06,3.71e+00,3.87e-03,6.67e-01,3.87e-03
3-3-12,N,1055,16014.8890357727,5.49e-05,3.30e+00,1.25e-02,1.24e+00,1.25e-02
3-3-12,N,1056,16019.9139256813,9.09e-06,5.18e+00,5.25e-03,8.21e-01,5.24e-03
3-3-12,N,1057,16025.9445595601,1.05e-05,3.19e+00,5.98e-03,8.74e-01,5.97e-03
3-3-12,N,1058,16058.5213291873,6.58e-07,1.88e+00,3.99e-03,6.91e-01,3.99e-03
3-3-12,N,1059,16063.3336176598,1.22e-05,2.90e+00,5.67e-03,8.20e-01,5.66e-03
3-3-12,N,1060,16079.8875717567,5.43e-05,2.89e+00,1.22e-02,1.25e+00,1.21e-02
3-3-12,N,1061,16101.7559070461,1.01e-05,2.07e+00,6.58e-03,8.78e-01,6.57e-03
3-3-12,N,1062,16103.8436215142,3.67e-05,3.41e+00,9.41e-03,1.06e+00,9.37e-03
3-3-12,N,1063,16123.11449276,3.01e-05,2.19e+00,8.65e-03,1.06e+00,8.62e-03
3-3-12,N,1064,16136.0827256315,3.71e-05,5.47e+00,9.85e-03,1.13e+00,9.81e-03
3-3-12,N,1065,16154.8361375042,1.65e-05,3.67e+00,6.33e-03,9.40e-01,6.32e-03
3-3-12,N,1066,16173.4143437923,1.26e-05,3.43e+00,5.24e-03,8.47e-01,5.23e-03
3-3-12,N,1067,16213.3955747472,1.99e-05,3.38e+00,6.94e-03,8.72e-01,6.92e-03
3-3-12,N,1068,16226.3593050661,1.85e-05,1.61e+00,5.87e-03,7.81e-01,5.85e-03
3-3-12,N,1069,16250.2276470516,1.43e-05,3.11e+00,7.04e-03,1.00e+00,7.03e-03
3-3-12,N,1070,16254.3134679275,2.42e-06,2.43e+00,3.83e-03,6.96e-01,3.83e-03
3-3-12,N,1071,16265.6127680532,9.17e-05,2.77e+00,1.74e-02,1.44e+00,1.74e-02
3-3-12,N,1072,16276.7164997883,6.58e-05,5.88e+00,1.49e-02,1.46e+00,1.48e-02
3-3-12,N,1073,16288.2379441829,3.49e-05,2.19e+00,8.90e-03,1.15e+00,8.87e-03
3-3-12,N,1074,16307.8849929918,6.80e-06,2.24e+00,4.45e-03,7.38e-01,4.44e-03
3-3-12,N,1075,16345.5655027954,5.14e-05,1.87e+00,1.30e-02,1.33e+00,1.29e-02
3-3-12,N,1076,16348.1609846388,1.08e-05,2.35e+00,4.95e-03,8.21e-01,4.94e-03
3-3-12,N,1077,16354.7741352228,1.57e-06,2.90e+00,4.71e-03,8.41e-01,4.71e-03
3-3-12,N,1078,16361.1718432599,2.55e-05,4.59e+00,7.26e-03,9.62e-01,7.24e-03
3-3-12,N,1079,16400.0553585087,3.54e-05,5.91e+00,1.08e-02,1.24e+00,1.07e-02
3-3-12,N,1080,16404.8554808856,1.84e-05,2.15e+00,6.62e-03,8.46e-01,6.60e-03
3-3-12,N,1081,16405.62524597,4.85e-06,4.86e+00,3.91e-03,7.27e-01,3.91e-03
3-3-12,N,1082,16417.5789755516,8.66e-06,2.50e+00,4.81e-03,8.30e-01,4.80e-03
3-3-12,N,1083,16434.6300830963,2.42e-05,3.07e+00,9.08e-03,1.12e+00,9.06e-03
3-3-12,N,1084,16470.3667921014,1.47e-04,3.23e+00,2.72e-02,2.05e+00,2.71e-02
3-3-12,N,1085,16480.3219698677,6.22e-05,3.84e+00,1.46e-02,1.56e+00,1.46e-02
3-3-12,N,1086,16530.9171631668,2.07e-05,4.43e+00,7.26e-03,9.42e-01,7.24e-03
3-3-12,N,1087,16533.1256374895,5.19e-05,2.40e+00,1.16e-02,1.22e+00,1.15e-02
3-3-12,N,1088,16535.0200882652,5.01e-05,2.85e+00,1.18e-02,1.44e+00,1.18e-02
3-3-12,N,1089,16550.3108134912,7.35e-05,1.98e+00,1.79e-02,1.81e+00,1.79e-02
3-3-12,N,1090,16554.2191748409,4.92e-05,8.53e+00,1.30e-02,1.60e+00,1.29e-02
3-3-12,N,1091,16566.5816883651,5.46e-06,3.90e+00,4.99e-03,7.98e-01,4.98e-03
3-3-12,N,1092,16586.149008611,8.89e-06,2.27e+00,3.81e-03,6.46e-01,3.80e-03
3-3-12,N,1093,16593.0602947529,1.53e-05,2.92e+00,6.36e-03,9.24e-01,6.34e-03
3-3-12,N,1094,16601.9651194775,5.04e-06,1.85e+00,3.78e-03,6.96e-01,3.77e-03
3-3-12,N,1095,16618.4550418282,6.09e-05,3.32e+00,1.26e-02,1.19e+00,1.25e-02
3-3-12,N,1096,16630.9728743278,1.05e-05,5.50e+00,6.79e-03,1.02e+00,6.78e-03
3-3-12,N,1097,16633.6780666636,3.06e-05,4.20e+00,8.81e-03,1.04e+00,8.78e-03
3-3-12,N,1098,16662.9377543111,5.48e-05,1.88e+00,1.36e-02,1.37e+00,1.35e-02
3-3-12,N,1099,16691.6617627638,6.22e-05,2.64e+00,1.41e-02,1.39e+00,1.40e-02
3-3-12,N,1100,16693.3854959433,1.06e-05,2.71e+00,5.62e-03,9.28e-01,5.61e-03
3-3-12,N,1101,16732.9013466937,4.79e-05,3.08e+00,1.21e-02,1.37e+00,1.21e-02
3-3-12,N,1102,16764.8461672419,4.09e-05,4.12e+00,1.14e-02,1.23e+00,1.14e-02
3-3-12,N,1103,16767.8965803018,7.42e-05,7.65e+00,1.55e-02,1.48e+00,1.55e-02
3-3-12,N,1104,16787.4687661995,1.09e-05,3.04e+00,6.08e-03,9.73e-01,6.07e-03
3-3-12,N,1105,16797.746832364,8.77e-05,4.20e+00,1.77e-02,1.71e+00,1.76e-02
3-3-12,N,1106,16803.8708503686,4.87e-05,3.96e+00,1.28e-02,1.49e+00,1.28e-02
3-3-12,N,1107,16809.1674260701,2.68e-05,3.60e+00,8.18e-03,1.01e+00,8.15e-03
3-3-12,N,1108,16819.3540751979,1.28e-04,3.73e+00,2.49e-02,2.02e+00,2.48e-02
3-3-12,N,1109,16829.4121605267,1.81e-05,4.47e+00,7.41e-03,1.09e+00,7.40e-03
3-3-12,N,1110,16891.1393218652,5.36e-05,3.91e+00,1.36e-02,1.40e+00,1.35e-02
3-3-12,N,1111,16902.7700619739,6.08e-06,3.91e+00,5.80e-03,9.97e-01,5.80e-03
3-3-12,N,1112,16915.5040861566,1.56e-04,4.26e+00,3.10e-02,2.63e+00,3.08e-02
3-3-12,N,1113,16925.2338045544,4.38e-05,3.65e+00,1.22e-02,1.36e+00,1.21e-02
3-3-12,N,1114,16928.7858970807,1.35e-05,3.84e+00,5.79e-03,9.11e-01,5.78e-03
3-3-12,N,1115,16941.1194564721,5.85e-05,6.49e+00,1.42e-02,1.51e+00,1.42e-02
3-3-12,N,1116,16950.1640407669,3.44e-05,2.38e+00,9.62e-03,1.06e+00,9.58e-03
3-3-12,N,1117,16954.4048586142,4.93e-05,4.92e+00,1.19e-02,1.29e+00,1.18e-02
3-3-12,N,1118,16962.8388064117,2.65e-05,8.44e+00,9.86e-03,1.19e+00,9.83e-03
3-3-12,N,1119,17014.7805897656,1.18e-04,2.81e+00,2.61e-02,2.52e+00,2.60e-02
3-3-12,N,1120,17021.7625058879,5.80e-05,3.53e+00,1.43e-02,1.49e+00,1.43e-02
3-3-12,N,1121,17034.4972944451,5.44e-05,3.72e+00,1.32e-02,1.60e+00,1.31e-02
3-3-12,N,1122,17056.4025383779,8.54e-06,3.66e+00,5.65e-03,9.25e-01,5.64e-03
3-3-12,N,1123,17067.4473998734,2.68e-05,2.61e+00,8.91e-03,1.18e+00,8.88e-03
3-3-12,N,1124,17098.2942589067,4.03e-05,3.10e+00,1.14e-02,1.41e+00,1.14e-02
3-3-12,N,1125,17106.4263937058,9.65e-06,2.19e+00,5.73e-03,9.60e-01,5.72e-03
3-3-12,N,1126,17126.6791203273,2.23e-05,2.75e+00,8.63e-03,1.04e+00,8.61e-03
3-3-12,N,1127,17130.5040528038,2.24e-04,7.35e+00,4.31e-02,3.23e+00,4.28e-02
3-3-12,N,1128,17136.8323386238,2.89e-05,4.55e+00,9.16e-03,1.19e+00,9.13e-03
3-3-12,N,1129,17148.2544184622,3.19e-05,5.84e+00,1.12e-02,1.50e+00,1.11e-02
3-3-12,N,1130,17177.1973277716,3.09e-05,6.37e+00,1.07e-02,1.36e+00,1.07e-02
3-3-12,N,1131,17202.8409167628,4.66e-05,2.60e+00,1.28e-02,1.41e+00,1.28e-02
3-3-12,N,1132,17219.502506078,4.45e-05,3.45e+00,1.26e-02,1.56e+00,1.26e-02
3-3-12,N,1133,17227.5212574127,6.88e-05,4.03e+00,1.88e-02,1.87e+00,1.87e-02
3-3-12,N,1134,17230.0183820866,1.18e-05,3.10e+00,6.03e-03,9.66e-01,6.02e-03
3-3-12,N,1135,17257.2303190977,1.40e-04,4.46e+00,2.95e-02,2.51e+00,2.93e-02
3-3-12,N,1136,17266.3234596369,2.44e-05,5.02e+00,9.72e-03,1.17e+00,9.69e-03
3-3-12,N,1137,17284.5300185947,4.97e-05,6.34e+00,1.35e-02,1.49e+00,1.34e-02
3-3-12,N,1138,17310.8767432964,4.43e-05,8.44e+00,1.40e-02,1.63e+00,1.39e-02
3-3-12,N,1139,17316.0753864325,3.70e-05,5.41e+00,1.36e-02,1.55e+00,1.36e-02
3-3-12,N,1140,17327.0524207428,8.79e-06,4.57e+00,7.85e-03,1.23e+00,7.84e-03
3-3-12,N,1141,17356.7955670814,3.99e-05,3.94e+00,1.26e-02,1.46e+00,1.26e-02
3-3-12,N,1142,17363.2158996594,1.06e-04,6.15e+00,2.39e-02,2.05e+00,2.38e-02
3-3-12,N,1143,17368.4560282799,5.74e-05,4.53e+00,1.48e-02,1.60e+00,1.47e-02
3-3-12,N,1144,17418.7607044392,1.00e-04,4.35e+00,2.18e-02,1.77e+00,2.17e-02
3-3-12,N,1145,17418.9328372708,9.40e-05,4.54e+00,2.28e-02,2.41e+00,2.27e-02
3-3-12,N,1146,17423.3789575764,1.38e-04,8.16e+00,3.01e-02,3.11e+00,2.99e-02
3-3-12,N,1147,17439.3370375867,3.40e-05,3.27e+00,1.20e-02,1.42e+00,1.19e-02
3-3-12,N,1148,17492.1904872332,4.48e-05,5.67e+00,1.61e-02,1.79e+00,1.61e-02
3-3-12,N,1149,17502.0934341884,1.40e-05,4.18e+00,7.96e-03,1.22e+00,7.95e-03
3-3-12,N,1150,17510.8337841746,8.62e-05,5.36e+00,2.17e-02,2.06e+00,2.16e-02
3-3-12,N,1151,17520.3786632963,4.53e-06,3.01e+00,5.80e-03,1.10e+00,5.79e-03
3-3-12,N,1152,17524.3034808619,3.32e-05,3.50e+00,1.20e-02,1.50e+00,1.20e-02
3-3-12,N,1153,17544.4011570572,2.92e-05,2.91e+00,1.02e-02,1.35e+00,1.02e-02
3-3-12,N,1154,17545.6702941012,2.97e-05,4.71e+00,1.05e-02,1.28e+00,1.04e-02
3-3-12,N,1155,17565.8929307058,3.72e-05,6.36e+00,1.46e-02,1.60e+00,1.45e-02
3-3-12,N,1156,17597.3332058223,3.11e-05,3.69e+00,1.68e-02,1.69e+00,1.68e-02
3-3-12,N,1157,17600.429369924,5.25e-05,4.32e+00,1.64e-02,2.06e+00,1.64e-02
3-3-12,N,1158,17606.04653427,3.76e-05,7.37e+00,1.25e-02,1.59e+00,1.25e-02
3-3-12,N,1159,17625.0351722242,5.30e-05,4.54e+00,1.51e-02,1.65e+00,1.51e-02
3-3-12,N,1160,17651.3558267503,1.81e-05,3.26e+00,1.03e-02,1.50e+00,1.02e-02
3-3-12,N,1161,17653.1067495701,7.47e-05,9.34e+00,2.20e-02,2.12e+00,2.19e-02
3-3-12,N,1162,17663.3023956916,1.96e-05,6.09e+00,1.28e-02,1.50e+00,1.27e-02
3-3-12,N,1163,17678.948605522,4.28e-06,3.05e+00,5.92e-03,9.69e-01,5.91e-03
3-3-12,N,1164,17679.8492259404,2.68e-05,4.12e+00,1.19e-02,1.47e+00,1.18e-02
3-3-12,N,1165,17708.0936786025,4.08e-05,7.37e+00,1.80e-02,1.86e+00,1.79e-02
3-3-12,N,1166,17753.0813764415,2.16e-05,4.41e+00,1.64e-02,1.89e+00,1.64e-02
3-3-12,N,1167,17767.2283600587,4.09e-05,5.22e+00,1.49e-02,1.80e+00,1.49e-02
3-3-12,N,1168,17771.8868206527,7.98e-05,4.31e+00,2.20e-02,2.22e+00,2.19e-02
3-3-12,N,1169,17781.0480831494,9.11e-05,7.29e+00,3.05e-02,2.74e+00,3.04e-02
3-3-12,N,1170,17782.8288092497,2.38e-05,6.95e+00,1.15e-02,1.80e+00,1.15e-02
3-3-12,N,1171,17783.8935177273,2.45e-05,8.16e+00,1.15e-02,1.43e+00,1.14e-02
3-3-12,N,1172,17830.546168999,3.18e-06,5.38e+00,1.11e-02,1.46e+00,1.11e-02
3-3-12,N,1173,17849.3147450428,4.29e-05,9.53e+00,1.51e-02,1.76e+00,1.51e-02
3-3-12,N,1174,17897.0135673971,4.76e-05,4.84e+00,1.62e-02,1.93e+00,1.61e-02
3-3-12,N,1175,17900.2487307967,4.10e-05,4.70e+00,1.46e-02,1.78e+00,1.46e-02
3-3-12,N,1176,17900.6152166177,4.89e-05,8.62e+00,1.53e-02,1.92e+00,1.52e-02
3-3-12,N,1177,17922.9142693143,6.85e-06,7.02e+00,1.52e-02,1.81e+00,1.52e-02
3-3-12,N,1178,17927.4129212921,4.47e-05,3.50e+00,1.76e-02,1.89e+00,1.76e-02
3-3-12,N,1179,17928.0740924791,6.27e-05,6.06e+00,1.95e-02,2.28e+00,1.94e-02
3-3-12,N,1180,17934.8988972696,2.40e-05,6.42e+00,1.65e-02,2.04e+00,1.65e-02
3-3-12,N,1181,17975.9290355499,6.08e-05,6.39e+00,2.19e-02,2.37e+00,2.18e-02
3-3-12,N,1182,17977.2479833505,6.23e-06,6.10e+00,1.17e-02,1.60e+00,1.17e-02
3-3-12,N,1183,18006.1616152242,8.71e-06,5.00e+00,1.13e-02,1.62e+00,1.13e-02
3-3-12,N,1184,18034.4962240928,2.22e-05,5.92e+00,1.26e-02,1.80e+00,1.26e-02
3-3-12,N,1185,18038.7627612345,6.59e-06,4.35e+00,1.27e-02,1.71e+00,1.28e-02
3-3-12,N,1186,18082.1084044669,5.22e-06,4.76e+00,9.74e-03,1.45e+00,9.75e-03
3-3-12,N,1187,18089.0298228961,1.70e-05,6.01e+00,2.25e-02,2.08e+00,2.25e-02
3-3-12,N,1188,18090.2535802798,1.53e-05,6.88e+00,1.09e-02,1.70e+00,1.08e-02
3-3-12,N,1189,18100.518550356,3.13e-05,1.04e+01,1.62e-02,2.11e+00,1.63e-02
3-3-12,N,1190,18127.0252474094,1.73e-05,4.47e+00,1.36e-02,1.88e+00,1.36e-02
3-3-12,N,1191,18128.3618149146,1.01e-05,4.87e+00,9.94e-03,1.42e+00,9.93e-03
3-3-12,N,1192,18144.6668686333,5.88e-05,5.37e+00,1.77e-02,2.17e+00,1.77e-02
3-3-12,N,1193,18150.84442967,1.52e-05,9.90e+00,2.10e-02,2.25e+00,2.11e-02
3-3-12,N,1194,18158.0851021657,2.46e-06,5.92e+00,1.13e-02,1.61e+00,1.13e-02
3-3-12,N,1195,18165.2865395427,6.26e-06,1.28e+01,1.41e-02,1.99e+00,1.41e-02
3-3-12,N,1196,18207.4489182996,2.91e-05,7.69e+00,1.25e-02,1.71e+00,1.25e-02
3-3-12,N,1197,18223.4053562774,6.24e-05,5.40e+00,1.23e-02,1.58e+00,1.23e-02
3-3-12,N,1198,18241.1690177593,2.00e-05,8.45e+00,1.22e-02,1.65e+00,1.21e-02
3-3-12,N,1199,18257.2309710646,2.61e-05,6.63e+00,1.60e-02,2.09e+00,1.60e-02
3-3-12,N,1200,18263.7338570037,5.34e-05,7.98e+00,2.01e-02,2.16e+00,2.00e-02
3-3-12,N,1201,18269.2356867274,7.08e-05,5.83e+00,2.20e-02,2.58e+00,2.19e-02
3-3-12,N,1202,18330.0114936435,2.86e-06,6.48e+00,1.27e-02,1.75e+00,1.27e-02
3-3-12,N,1203,18338.4615939555,1.64e-06,5.89e+00,1.61e-02,2.06e+00,1.61e-02
3-3-12,N,1204,18344.0117105638,7.95e-06,6.03e+00,1.16e-02,1.77e+00,1.16e-02
3-3-12,N,1205,18346.0620649169,1.39e-05,5.22e+00,1.42e-02,1.91e+00,1.42e-02
3-3-12,N,1206,18353.5268599872,2.60e-05,7.59e+00,1.51e-02,2.00e+00,1.51e-02
3-3-12,N,1207,18362.6719812781,1.65e-05,8.41e+00,1.54e-02,1.98e+00,1.54e-02
3-3-12,N,1208,18394.5417231544,1.35e-05,5.46e+00,1.44e-02,2.09e+00,1.44e-02
3-3-12,N,1209,18414.8082655265,1.96e-05,6.98e+00,1.89e-02,2.14e+00,1.88e-02
3-3-12,N,1210,18415.0920780198,6.21e-06,1.15e+01,1.97e-02,2.46e+00,1.97e-02
3-3-12,N,1211,18458.6161968324,5.84e-06,5.64e+00,1.12e-02,1.59e+00,1.12e-02
3-3-12,N,1212,18469.1282227933,4.10e-05,5.65e+00,1.61e-02,2.09e+00,1.60e-02
3-3-12,N,1213,18473.861880223,7.44e-05,1.17e+01,2.63e-02,2.94e+00,2.62e-02
3-3-12,N,1214,18486.1543546583,8.28e-05,6.56e+00,1.21e-02,1.79e+00,1.22e-02
3-3-12,N,1215,18512.665733675,8.28e-05,7.31e+00,1.37e-02,1.93e+00,1.38e-02
3-3-12,N,1216,18513.8288137974,5.61e-05,1.31e+01,1.97e-02,2.18e+00,1.98e-02
3-3-12,N,1217,18520.4150986847,6.16e-05,9.64e+00,2.45e-02,2.77e+00,2.44e-02
3-3-12,N,1218,18568.2714702062,9.66e-06,9.74e+00,2.15e-02,2.42e+00,2.16e-02
3-3-12,N,1219,18581.3311520882,6.97e-06,9.96e+00,1.60e-02,2.02e+00,1.60e-02
3-3-12,N,1220,18591.945184226,1.46e-05,8.62e+00,1.68e-02,2.05e+00,1.68e-02
3-3-12,N,1221,18594.8630744904,2.47e-05,7.45e+00,1.38e-02,2.10e+00,1.38e-02
3-3-12,N,1222,18599.5390568889,4.21e-06,6.21e+00,1.50e-02,1.86e+00,1.50e-02
3-3-12,N,1223,18609.6927307497,4.76e-05,1.27e+01,1.90e-02,2.35e+00,1.90e-02
3-3-12,N,1224,18620.0600994029,8.34e-05,8.47e+00,1.36e-02,1.86e+00,1.37e-02
3-3-12,N,1225,18707.5638086166,2.10e-05,6.58e+00,1.50e-02,1.92e+00,1.50e-02
3-3-12,N,1226,18708.6507102262,1.03e-05,6.55e+00,1.34e-02,1.87e+00,1.33e-02
3-3-12,N,1227,18711.8779012225,2.26e-05,6.31e+00,1.54e-02,1.96e+00,1.54e-02
3-3-12,N,1228,18713.9219389464,1.85e-05,6.48e+00,1.13e-02,1.63e+00,1.12e-02
3-3-12,N,1229,18721.974203103,3.56e-05,1.39e+01,2.08e-02,2.46e+00,2.08e-02
3-3-12,N,1230,18737.2231229622,3.93e-05,9.74e+00,2.12e-02,2.39e+00,2.13e-02
3-3-12,N,1231,18750.3791566517,8.90e-05,8.49e+00,2.29e-02,2.43e+00,2.28e-02
3-3-12,N,1232,18750.9734225412,3.59e-06,9.24e+00,2.22e-02,2.59e+00,2.22e-02
3-3-12,N,1233,18772.2506300751,3.72e-05,7.30e+00,1.94e-02,2.51e+00,1.94e-02
3-3-12,N,1234,18783.5771991394,2.85e-05,8.24e+00,3.11e-02,3.24e+00,3.11e-02
3-3-12,N,1235,18807.2031947934,6.63e-05,1.18e+01,2.16e-02,2.37e+00,2.15e-02
3-3-12,N,1236,18851.0624416024,4.09e-05,6.02e+00,1.81e-02,2.48e+00,1.80e-02
3-3-12,N,1237,18854.9611958269,3.68e-05,8.42e+00,2.05e-02,2.52e+00,2.04e-02
3-3-12,N,1238,18858.5828718472,1.91e-05,1.35e+01,2.31e-02,2.46e+00,2.31e-02
3-3-12,N,1239,18879.7842768078,2.20e-05,5.16e+00,1.33e-02,1.85e+00,1.33e-02
3-3-12,N,1240,18888.6739669124,8.03e-05,1.03e+01,2.62e-02,2.58e+00,2.62e-02
3-3-12,N,1241,18914.7505942552,9.59e-06,7.63e+00,2.89e-02,2.80e+00,2.89e-02
3-3-12,N,1242,18924.7941862327,6.27e-05,8.80e+00,2.08e-02,2.32e+00,2.08e-02
3-3-12,N,1243,18929.6987590681,1.44e-04,8.27e+00,3.05e-02,3.38e+00,3.07e-02
3-3-12,N,1244,18948.9085733528,4.60e-05,1.03e+01,2.53e-02,2.68e+00,2.54e-02
3-3-12,N,1245,18949.3659323838,2.44e-05,1.09e+01,2.09e-02,2.59e+00,2.08e-02
3-3-12,N,1246,19011.9968115944,8.62e-05,1.39e+01,2.55e-02,2.85e+00,2.55e-02
3-3-12,N,1247,19020.6043485636,1.54e-05,7.34e+00,1.64e-02,2.07e+00,1.64e-02
3-3-12,N,1248,19033.1745837474,4.44e-05,9.06e+00,1.98e-02,2.52e+00,1.97e-02
3-3-12,N,1249,19037.1135217278,4.08e-05,1.54e+01,3.20e-02,3.14e+00,3.20e-02
3-3-12,N,1250,19053.6077888378,6.85e-05,7.41e+00,1.85e-02,2.22e+00,1.84e-02
3-3-12,N,1251,19063.3348852098,2.40e-05,7.75e+00,2.64e-02,2.83e+00,2.64e-02
3-3-12,N,1252,19089.9410845605,4.51e-05,7.39e+00,1.64e-02,2.01e+00,1.63e-02
3-3-12,N,1253,19096.3308954998,3.47e-05,8.92e+00,1.94e-02,2.19e+00,1.93e-02
3-3-12,N,1254,19099.54922477,4.50e-05,7.37e+00,2.12e-02,2.59e+00,2.12e-02
3-3-12,N,1255,19100.2996331452,8.78e-05,8.91e+00,3.59e-02,3.47e+00,3.60e-02
3-3-12,N,1256,19116.4818065321,2.81e-04,1.63e+01,5.60e-02,4.37e+00,5.57e-02
3-3-12,N,1257,19141.7159044941,1.30e-05,8.73e+00,2.29e-02,2.61e+00,2.29e-02
3-3-12,N,1258,19165.466759395,7.00e-05,1.52e+01,3.17e-02,3.06e+00,3.16e-02
3-3-12,N,1259,19180.1340481197,3.70e-05,1.56e+01,3.38e-02,3.27e+00,3.37e-02
3-3-12,N,1260,19205.8898092802,1.15e-04,8.98e+00,3.09e-02,2.78e+00,3.07e-02
3-3-12,N,1261,19208.2715411858,1.36e-05,1.02e+01,1.61e-02,2.22e+00,1.61e-02
3-3-12,N,1262,19265.7287486511,2.16e-05,7.58e+00,2.05e-02,2.77e+00,2.05e-02
3-3-12,N,1263,19266.8217123223,1.03e-04,6.56e+00,2.67e-02,2.99e+00,2.66e-02
3-3-12,N,1264,19299.0912508048,1.14e-04,8.88e+00,3.77e-02,3.23e+00,3.76e-02
3-3-12,N,1265,19310.5496166028,5.36e-05,1.05e+01,2.31e-02,2.57e+00,2.30e-02
3-3-12,N,1266,19313.7107881554,2.27e-04,1.11e+01,4.19e-02,3.96e+00,4.17e-02
3-3-12,N,1267,19338.747860531,1.05e-04,7.83e+00,3.06e-02,3.20e+00,3.05e-02
3-3-12,N,1268,19340.6022430088,1.10e-04,1.76e+01,4.50e-02,3.99e+00,4.49e-02
3-3-12,N,1269,19362.1231395136,3.44e-05,5.90e+00,2.21e-02,2.41e+00,2.21e-02
3-3-12,N,1270,19363.448644402,6.44e-05,1.14e+01,3.78e-02,3.41e+00,3.77e-02
3-3-12,N,1271,19372.6305014748,1.83e-05,9.92e+00,5.33e-02,4.39e+00,5.33e-02
3-3-12,N,1272,19378.6465314777,2.98e-05,7.70e+00,3.04e-02,3.32e+00,3.04e-02
3-3-12,N,1273,19410.0754313114,1.73e-04,9.30e+00,4.14e-02,3.41e+00,4.12e-02
3-3-12,N,1274,19415.9008877964,8.19e-05,1.02e+01,2.75e-02,3.03e+00,2.76e-02
3-3-12,N,1275,19459.5833364907,1.14e-04,1.61e+01,3.58e-02,3.51e+00,3.57e-02
3-3-12,N,1276,19471.5437950824,2.88e-05,1.04e+01,2.34e-02,2.61e+00,2.33e-02
3-3-12,N,1277,19477.9982385916,2.99e-04,1.10e+01,5.64e-02,4.29e+00,5.61e-02
3-3-12,N,1278,19480.9226266951,4.28e-05,1.30e+01,1.86e-02,2.51e+00,1.85e-02
3-3-12,N,1279,19494.4180441795,8.42e-05,9.49e+00,3.17e-02,3.00e+00,3.16e-02
3-3-12,N,1280,19519.4481068165,5.23e-05,1.36e+01,2.95e-02,3.05e+00,2.94e-02
3-3-12,N,1281,19536.5666009472,1.36e-05,8.04e+00,2.98e-02,3.24e+00,2.98e-02
3-3-12,N,1282,19541.1224243692,3.05e-05,1.19e+01,2.32e-02,2.87e+00,2.31e-02
3-3-12,N,1283,19547.177297785,3.88e-05,7.12e+00,2.53e-02,3.05e+00,2.53e-02
3-3-12,N,1284,19570.9318698631,1.52e-04,1.64e+01,4.89e-02,4.10e+00,4.88e-02
3-3-12,N,1285,19582.771988792,2.02e-04,1.43e+01,5.51e-02,4.21e+00,5.49e-02
3-3-12,N,1286,19590.9303647631,6.27e-05,1.26e+01,4.02e-02,3.52e+00,4.01e-02
3-3-12,N,1287,19634.2497878866,2.63e-05,1.92e+01,2.69e-02,2.93e+00,2.69e-02
3-3-12,N,1288,19650.5857180688,5.97e-05,1.20e+01,2.58e-02,2.78e+00,2.58e-02
3-3-12,N,1289,19664.2479237557,1.07e-04,1.24e+01,3.31e-02,3.46e+00,3.30e-02
3-3-12,N,1290,19683.7372411467,1.75e-04,9.65e+00,4.27e-02,3.88e+00,4.25e-02
3-3-12,N,1291,19695.28224228,1.71e-04,1.25e+01,3.87e-02,3.69e+00,3.85e-02
3-3-12,N,1292,19713.8173926542,3.91e-04,8.93e+00,6.77e-02,3.74e+00,6.73e-02
3-3-12,N,1293,19717.4864400097,2.17e-04,1.17e+01,4.62e-02,4.76e+00,4.60e-02
3-3-12,N,1294,19752.5594682974,1.48e-04,9.06e+00,3.38e-02,3.24e+00,3.37e-02
3-3-12,N,1295,19772.4195319854,1.21e-04,8.29e+00,4.91e-02,3.99e+00,4.92e-02
3-3-12,N,1296,19773.6579871937,2.36e-04,1.57e+01,4.59e-02,4.24e+00,4.57e-02
3-3-12,N,1297,19784.3167322708,2.12e-04,1.40e+01,6.37e-02,4.41e+00,6.35e-02
3-3-12,N,1298,19808.2120167399,2.23e-04,1.40e+01,5.24e-02,4.22e+00,5.22e-02
3-3-12,N,1299,19815.062870876,1.92e-04,1.38e+01,5.14e-02,4.13e+00,5.12e-02
3-3-12,N,1300,19827.1571940949,8.12e-05,1.10e+01,4.18e-02,3.45e+00,4.17e-02
3-3-12,N,1301,19828.1445703458,1.07e-04,1.57e+01,6.23e-02,5.89e+00,6.22e-02
3-3-12,N,1302,19868.5168209618,3.21e-05,1.42e+01,2.80e-02,3.12e+00,2.80e-02
3-3-12,N,1303,19888.8146733344,1.94e-04,1.28e+01,4.91e-02,4.42e+00,4.89e-02
3-3-12,N,1304,19901.6588963037,3.33e-05,1.02e+01,5.16e-02,4.24e+00,5.17e-02
3-3-12,N,1305,19927.0275091837,1.80e-04,1.05e+01,4.98e-02,3.95e+00,4.96e-02
3-3-12,N,1306,19944.4303708492,1.42e-04,1.28e+01,3.60e-02,3.54e+00,3.58e-02
3-3-12,N,1307,19949.169269709,2.68e-05,1.75e+01,3.61e-02,3.60e+00,3.61e-02
3-3-12,N,1308,19955.1798392746,1.31e-04,1.62e+01,3.35e-02,3.56e+00,3.34e-02
3-3-12,N,1309,19962.7559799018,7.78e-05,1.47e+01,3.00e-02,3.54e+00,2.99e-02
3-3-12,N,1310,19967.6253305605,1.29e-04,1.35e+01,3.20e-02,3.51e+00,3.19e-02
3-3-12,N,1311,19994.439801571,2.90e-04,1.14e+01,6.50e-02,4.75e+00,6.47e-02
3-3-12,N,1312,19996.7018162319,2.24e-04,1.30e+01,4.62e-02,4.42e+00,4.60e-02
3-3-12,N,1313,20051.4998344403,2.22e-04,1.77e+01,7.00e-02,5.55e+00,6.98e-02
3-3-12,N,1314,20061.7893158354,8.81e-05,9.70e+00,3.48e-02,3.47e+00,3.48e-02
3-3-12,N,1315,20063.8953119974,3.58e-07,1.03e+01,2.50e-02,3.05e+00,2.50e-02
3-3-12,N,1316,20079.9895992112,2.62e-04,1.30e+01,6.37e-02,4.83e+00,6.35e-02
3-3-12,N,1317,20101.3372754762,3.86e-04,1.04e+01,6.60e-02,4.77e+00,6.56e-02
3-3-12,N,1318,20115.0801329746,4.16e-04,2.11e+01,8.62e-02,6.06e+00,8.57e-02
3-3-12,N,1319,20123.8610392335,3.28e-05,1.82e+01,3.65e-02,3.50e+00,3.65e-02
3-3-12,N,1320,20141.2785992864,1.43e-04,1.07e+01,4.41e-02,4.36e+00,4.39e-02
3-3-12,N,1321,20146.008688323,2.87e-05,1.09e+01,1.82e-02,2.66e+00,1.81e-02
3-3-12,N,1322,20167.2215356659,2.50e-05,1.42e+01,2.32e-02,2.94e+00,2.32e-02
3-3-12,N,1323,20176.5802311157,1.92e-04,1.43e+01,4.61e-02,3.97e+00,4.59e-02
3-3-12,N,1324,20177.8963144998,2.12e-04,1.62e+01,5.88e-02,5.10e+00,5.86e-02
3-3-12,N,1325,20194.8966687703,4.76e-06,1.14e+01,3.75e-02,3.83e+00,3.75e-02
3-3-12,N,1326,20240.3650344485,1.70e-04,1.69e+01,5.08e-02,3.95e+00,5.07e-02
3-3-12,N,1327,20264.7617843348,2.67e-04,1.63e+01,7.99e-02,5.70e+00,7.96e-02
3-3-12,N,1328,20271.8389606696,5.85e-04,1.37e+01,1.11e-01,6.43e+00,1.10e-01
3-3-12,N,1329,20283.858379287,4.48e-04,1.43e+01,7.74e-02,5.73e+00,7.70e-02
3-3-12,N,1330,20286.6811648208,9.71e-05,2.25e+01,6.32e-02,5.83e+00,6.33e-02
3-3-12,N,1331,20302.6694115549,8.57e-04,1.25e+01,1.14e-01,7.56e+00,1.13e-01
3-3-12,N,1332,20349.2031540497,1.81e-04,1.48e+01,4.49e-02,4.65e+00,4.48e-02
3-3-12,N,1333,20371.4916226112,1.01e-05,9.63e+00,3.99e-02,3.76e+00,3.99e-02
3-3-12,N,1334,20373.360337599,5.78e-04,1.58e+01,1.17e-01,7.01e+00,1.16e-01
3-3-12,N,1335,20388.4789530131,1.62e-04,1.18e+01,4.05e-02,3.68e+00,4.03e-02
3-3-12,N,1336,20391.3793450978,3.02e-05,1.35e+01,3.21e-02,3.92e+00,3.21e-02
3-3-12,N,1337,20406.5126830052,2.22e-05,1.49e+01,3.89e-02,3.58e+00,3.89e-02
3-3-12,N,1338,20406.6212878632,1.00e-05,1.86e+01,3.02e-02,3.95e+00,3.02e-02
3-3-12,N,1339,20449.2561779332,1.61e-04,1.59e+01,4.61e-02,4.60e+00,4.60e-02
3-3-12,N,1340,20486.4466985053,4.31e-06,1.82e+01,3.83e-02,3.95e+00,3.83e-02
3-3-12,N,1341,20500.862572171,3.30e-04,1.45e+01,7.28e-02,5.75e+00,7.25e-02
3-3-12,N,1342,20505.2209381884,1.90e-04,2.26e+01,5.93e-02,4.61e+00,5.91e-02
3-3-12,N,1343,20516.8297633845,4.63e-04,1.54e+01,8.62e-02,5.95e+00,8.58e-02
3-3-12,N,1344,20531.7202118112,5.40e-06,1.76e+01,5.94e-02,5.38e+00,5.94e-02
3-3-12,N,1345,20536.6544623231,1.39e-04,1.83e+01,5.58e-02,4.69e+00,5.56e-02
3-3-12,N,1346,20546.3542880308,5.67e-05,1.60e+01,2.99e-02,3.63e+00,2.99e-02
3-3-12,N,1347,20548.155650897,1.45e-04,1.66e+01,3.71e-02,4.04e+00,3.70e-02
3-3-12,N,1348,20559.4507926987,1.59e-04,2.49e+01,5.69e-02,5.25e+00,5.68e-02
3-3-12,N,1349,20594.7678605014,6.13e-05,1.29e+01,3.34e-02,3.98e+00,3.33e-02
3-3-12,N,1350,20610.9856116022,5.03e-04,2.50e+01,7.98e-02,5.52e+00,7.93e-02
3-3-12,N,1351,20634.2842984818,4.58e-05,1.27e+01,3.56e-02,4.06e+00,3.56e-02
3-3-12,N,1352,20651.1384766999,5.69e-04,1.42e+01,1.03e-01,6.40e+00,1.03e-01
3-3-12,N,1353,20656.1764939541,3.14e-04,1.98e+01,6.65e-02,5.80e+00,6.62e-02
3-3-12,N,1354,20692.3840473204,2.96e-05,1.46e+01,7.43e-02,5.85e+00,7.43e-02
3-3-12,N,1355,20695.5816431322,7.85e-05,1.53e+01,4.13e-02,4.57e+00,4.12e-02
3-3-12,N,1356,20723.5446947865,2.04e-04,1.01e+01,4.77e-02,3.48e+00,4.75e-02
3-3-12,N,1357,20724.9122534416,4.79e-04,1.87e+01,1.04e-01,5.68e+00,1.04e-01
3-3-12,N,1358,20729.4190629151,6.00e-04,2.02e+01,1.13e-01,8.69e+00,1.12e-01
3-3-12,N,1359,20737.3117842538,9.85e-04,1.55e+01,1.31e-01,7.84e+00,1.30e-01
3-3-12,N,1360,20757.0817057625,1.20e-04,1.99e+01,8.74e-02,6.71e+00,8.72e-02
3-3-12,N,1361,20800.0408895346,3.59e-04,1.80e+01,7.42e-02,5.85e+00,7.39e-02
3-3-12,N,1362,20807.7457230482,4.03e-05,1.50e+01,4.56e-02,4.28e+00,4.55e-02
3-3-12,N,1363,20810.2597802169,1.17e-04,2.02e+01,3.66e-02,3.90e+00,3.65e-02
3-3-12,N,1364,20835.3896209756,3.48e-04,2.25e+01,7.56e-02,5.92e+00,7.52e-02
3-3-12,N,1365,20858.145654579,1.20e-04,1.62e+01,4.39e-02,4.75e+00,4.38e-02
3-3-12,N,1366,20874.0439993604,1.41e-04,1.36e+01,4.84e-02,4.45e+00,4.83e-02
3-3-12,N,1367,20875.1532949201,3.65e-04,2.46e+01,8.55e-02,6.37e+00,8.51e-02
3-3-12,N,1368,20884.1034607717,3.76e-04,2.15e+01,7.17e-02,5.70e+00,7.13e-02
3-3-12,N,1369,20893.4315292844,3.12e-04,2.42e+01,7.29e-02,6.05e+00,7.26e-02
3-3-12,N,1370,20895.6527129801,3.53e-04,3.04e+01,9.47e-02,6.31e+00,9.44e-02
3-3-12,N,1371,20933.2022772489,5.36e-04,2.26e+01,9.66e-02,6.60e+00,9.61e-02
3-3-12,N,1372,20977.5061085245,5.24e-05,1.68e+01,5.10e-02,5.05e+00,5.10e-02
3-3-12,N,1373,20980.9895783136,5.76e-05,1.59e+01,3.22e-02,3.88e+00,3.22e-02
3-3-12,N,1374,20983.3415881571,1.13e-04,1.45e+01,4.06e-02,4.77e+00,4.05e-02
3-3-12,N,1375,21013.1001435603,2.61e-04,1.66e+01,6.47e-02,5.59e+00,6.44e-02
3-3-12,N,1376,21017.293452832,2.94e-04,2.91e+01,8.44e-02,5.99e+00,8.41e-02
3-3-12,N,1377,21032.4829884626,1.30e-04,1.87e+01,5.52e-02,5.32e+00,5.51e-02
3-3-12,N,1378,21053.5977207417,2.74e-04,1.61e+01,7.01e-02,6.08e+00,6.98e-02
3-3-12,N,1379,21088.8827319464,6.60e-04,1.61e+01,1.05e-01,7.27e+00,1.05e-01
3-3-12,N,1380,21092.4423053219,4.05e-04,1.64e+01,6.99e-02,5.01e+00,6.95e-02
3-3-12,N,1381,21094.0631123487,6.71e-04,2.10e+01,1.53e-01,6.55e+00,1.52e-01
3-3-12,N,1382,21095.512133129,3.94e-05,2.82e+01,4.59e-02,7.25e+00,4.58e-02
3-3-12,N,1383,21140.694703326,1.83e-04,1.82e+01,5.37e-02,5.24e+00,5.35e-02
3-3-12,N,1384,21147.7763799688,8.03e-04,1.75e+01,1.11e-01,7.33e+00,1.11e-01
3-3-12,N,1385,21156.9236607288,2.07e-04,2.14e+01,7.60e-02,6.68e+00,7.57e-02
3-3-12,N,1386,21158.2039100041,2.88e-04,2.24e+01,8.16e-02,6.49e+00,8.13e-02
3-3-12,N,1387,21185.495593389,1.15e-04,1.93e+01,8.88e-02,5.75e+00,8.87e-02
3-3-12,N,1388,21186.0204439288,3.87e-04,2.17e+01,7.01e-02,6.43e+00,6.97e-02
3-3-12,N,1389,21200.2214505131,1.93e-04,2.05e+01,7.72e-02,6.74e+00,7.70e-02
3-3-12,N,1390,21206.7027590605,9.35e-04,3.37e+01,1.30e-01,8.48e+00,1.29e-01
3-3-12,N,1391,21263.9015183701,9.15e-04,1.61e+01,1.25e-01,7.82e+00,1.25e-01
3-3-12,N,1392,21272.1983954792,6.09e-04,2.27e+01,8.83e-02,6.50e+00,8.77e-02
3-3-12,N,1393,21291.4690027417,2.85e-04,1.98e+01,6.33e-02,5.81e+00,6.30e-02
3-3-12,N,1394,21302.5341556767,3.86e-04,1.95e+01,1.32e-01,7.93e+00,1.32e-01
3-3-12,N,1395,21314.9317042547,9.63e-04,2.42e+01,1.31e-01,8.27e+00,1.30e-01
3-3-12,N,1396,21319.4111952755,3.02e-04,2.34e+01,7.50e-02,6.75e+00,7.47e-02
3-3-12,N,1397,21328.9837931487,2.05e-04,2.07e+01,7.52e-02,6.24e+00,7.50e-02
3-3-12,N,1398,21377.2655949846,3.82e-04,1.57e+01,8.39e-02,5.82e+00,8.36e-02
3-3-12,N,1399,21379.2738233696,2.32e-04,2.79e+01,8.05e-02,6.83e+00,8.02e-02
3-3-12,N,1400,21388.0536203581,5.27e-04,3.04e+01,9.89e-02,6.99e+00,9.84e-02
3-3-12,N,1401,21407.4676028435,2.97e-04,1.84e+01,6.39e-02,5.65e+00,6.36e-02
3-3-12,N,1402,21422.6695827057,7.05e-04,1.96e+01,9.73e-02,7.30e+00,9.66e-02
3-3-12,N,1403,21444.3662457747,3.99e-04,2.28e+01,9.01e-02,7.02e+00,8.97e-02
3-3-12,N,1404,21492.5703592951,1.99e-04,1.62e+01,1.35e-01,6.43e+00,1.34e-01
3-3-12,N,1405,21493.3759392447,3.47e-04,2.82e+01,6.83e-02,7.61e+00,6.80e-02
3-3-12,N,1406,21504.4418310548,6.85e-04,2.44e+01,1.15e-01,8.21e+00,1.14e-01
3-3-12,N,1407,21510.2761296571,1.56e-04,2.72e+01,6.02e-02,5.91e+00,6.00e-02
3-3-12,N,1408,21520.0448901955,6.76e-04,3.16e+01,1.17e-01,8.31e+00,1.17e-01
3-3-12,N,1409,21552.1807917712,1.42e-04,1.76e+01,5.84e-02,5.59e+00,5.83e-02
3-3-12,N,1410,21561.3014761412,9.48e-04,2.75e+01,1.29e-01,8.05e+00,1.28e-01
3-3-12,N,1411,21564.9861151543,7.21e-04,3.52e+01,1.15e-01,8.26e+00,1.14e-01
3-3-12,N,1412,21588.6156716776,8.62e-04,2.14e+01,1.23e-01,8.40e+00,1.22e-01
3-3-12,N,1413,21592.1193789187,2.10e-04,2.78e+01,9.37e-02,7.06e+00,9.35e-02
3-3-12,N,1414,21622.223634851,3.59e-04,2.13e+01,8.40e-02,6.85e+00,8.36e-02
3-3-12,N,1415,21629.4303598376,6.48e-04,2.22e+01,9.87e-02,7.19e+00,9.81e-02
3-3-12,N,1416,21632.6339522526,2.13e-04,2.28e+01,8.28e-02,7.30e+00,8.26e-02
3-3-12,N,1417,21675.0176337211,1.00e-03,1.88e+01,1.41e-01,6.32e+00,1.40e-01
3-3-12,N,1418,21675.3816520287,1.53e-04,2.24e+01,6.43e-02,7.62e+00,6.41e-02
3-3-12,N,1419,21676.900727851,1.14e-03,2.85e+01,1.37e-01,9.59e+00,1.36e-01
3-3-12,N,1420,21683.7279523728,2.22e-05,4.10e+01,1.26e-01,9.01e+00,1.26e-01
3-3-12,N,1421,21724.3795739883,1.16e-03,1.79e+01,1.67e-01,9.52e+00,1.66e-01
3-3-12,N,1422,21739.9318028442,4.04e-04,2.41e+01,8.25e-02,6.90e+00,8.21e-02
3-3-12,N,1423,21750.6004847402,6.25e-04,3.06e+01,1.07e-01,7.73e+00,1.06e-01
3-3-12,N,1424,21768.4022459506,6.11e-04,2.43e+01,1.27e-01,8.93e+00,1.27e-01
3-3-12,N,1425,21785.0966689764,7.57e-04,2.85e+01,1.06e-01,7.29e+00,1.05e-01
3-3-12,N,1426,21791.691854032,7.53e-04,2.51e+01,1.07e-01,7.46e+00,1.06e-01
3-3-12,N,1427,21848.9669176428,2.88e-04,2.35e+01,1.12e-01,7.61e+00,1.12e-01
3-3-12,N,1428,21855.5037523147,7.64e-04,2.47e+01,1.12e-01,7.77e+00,1.11e-01
3-3-12,N,1429,21859.518091002,2.64e-04,2.45e+01,6.48e-02,5.71e+00,6.45e-02
3-3-12,N,1430,21871.7596431226,1.30e-03,2.19e+01,1.75e-01,1.02e+01,1.74e-01
3-3-12,N,1431,21876.2783502032,5.90e-04,3.04e+01,1.48e-01,9.97e+00,1.48e-01
3-3-12,N,1432,21890.6180585211,1.07e-03,2.65e+01,1.32e-01,7.54e+00,1.31e-01
3-3-12,N,1433,21893.1332781038,9.44e-04,3.73e+01,1.21e-01,9.52e+00,1.20e-01
3-3-12,D,0,37.8222258709131,6.83e-12,1.56e-13,1.42e-13,7.32e-12,6.69e-12
3-3-12,D,1,72.3651583374884,1.29e-11,2.13e-13,2.13e-13,1.40e-11,1.27e-11
3-3-12,D,2,97.9987371193606,1.78e-11,6.25e-13,2.13e-13,1.93e-11,1.76e-11
3-3-12,D,3,111.368137574083,2.01e-11,3.13e-13,4.26e-14,2.17e-11,2.00e-11
3-3-12,D,4,154.694898219523,2.84e-11,5.68e-13,4.55e-13,3.06e-11,2.79e-11
3-3-12,D,5,161.538502647848,2.74e-11,5.40e-13,5.97e-13,3.01e-11,2.68e-11
3-3-12,D,6,181.698971820638,3.24e-11,3.98e-13,5.68e-14,3.52e-11,3.23e-11
3-3-12,D,7,204.771871101121,3.66e-11,3.98e-13,4.26e-13,4.05e-11,3.70e-11
3-3-12,D,8,227.273216642847,3.73e-11,2.84e-14,9.95e-13,4.14e-11,3.83e-11
3-3-12,D,9,255.788123420772,4.67e-11,1.53e-12,5.12e-13,5.06e-11,4.62e-11
3-3-12,D,10,277.315469575785,4.89e-11,1.25e-12,5.68e-13,5.24e-11,4.83e-11
3-3-12,D,11,283.912356646715,5.05e-11,1.76e-12,7.96e-13,5.43e-11,4.97e-11
3-3-12,D,12,304.639892335274,5.05e-11,1.71e-12,1.59e-12,5.34e-11,4.89e-11
3-3-12,D,13,316.31387689177,5.99e-11,3.30e-12,5.12e-13,6.42e-11,5.93e-11
3-3-12,D,14,363.357596658659,6.79e-11,1.71e-13,1.19e-12,7.38e-11,6.67e-11
3-3-12,D,15,371.929922541437,6.43e-11,1.65e-12,7.96e-13,7.01e-11,6.36e-11
3-3-12,D,16,383.696687933022,7.47e-11,2.39e-12,1.36e-12,7.90e-11,7.34e-11
3-3-12,D,17,415.035918722831,7.45e-11,2.10e-12,9.09e-13,8.22e-11,7.36e-11
3-3-12,D,18,419.129277738924,7.29e-11,3.69e-12,5.68e-13,7.93e-11,7.24e-11
3-3-12,D,19,444.916551405434,8.16e-11,1.02e-12,2.16e-12,8.99e-11,7.94e-11
3-3-12,D,20,457.492091378514,7.80e-11,2.39e-12,3.01e-12,8.40e-11,7.50e-11
3-3-12,D,21,473.952143004988,8.38e-11,1.31e-12,1.71e-13,9.09e-11,8.37e-11
3-3-12,D,22,518.419583025379,9.21e-11,1.14e-12,1.25e-12,9.98e-11,9.33e-11
3-3-12,D,23,520.394691089796,1.01e-10,1.48e-12,1.71e-12,1.07e-10,9.91e-11
3-3-12,D,24,550.734760142048,8.99e-11,1.02e-12,1.82e-12,9.99e-11,9.17e-11
3-3-12,D,25,553.301996136767,1.00e-10,4.55e-13,4.55e-13,1.09e-10,9.96e-11
3-3-12,D,26,580.900575496441,1.01e-10,1.71e-12,2.27e-13,1.10e-10,1.01e-10
3-3-12,D,27,591.640393444987,1.07e-10,1.02e-12,1.14e-13,1.15e-10,1.07e-10
3-3-12,D,28,604.700831857197,1.10e-10,1.71e-12,1.48e-12,1.21e-10,1.08e-10
3-3-12,D,29,623.978284763452,1.02e-10,3.41e-13,1.02e-12,1.10e-10,1.03e-10
3-3-12,D,30,661.950775306836,1.23e-10,1.25e-12,1.25e-12,1.33e-10,1.24e-10
3-3-12,D,31,668.880155366292,1.15e-10,1.48e-12,1.25e-12,1.26e-10,1.17e-10
3-3-12,D,32,688.610070393301,1.32e-10,1.36e-12,4.32e-12,1.36e-10,1.28e-10
3-3-12,D,33,715.962242966986,1.25e-10,2.27e-13,3.52e-12,1.38e-10,1.28e-10
3-3-12,D,34,725.998084494768,1.20e-10,1.14e-13,1.59e-12,1.30e-10,1.22e-10
3-3-12,D,35,750.305680877124,1.39e-10,7.96e-13,7.96e-13,1.48e-10,1.40e-10
3-3-12,D,36,761.45475267655,1.40e-10,1.93e-12,2.05e-12,1.45e-10,1.38e-10
3-3-12,D,37,770.051312933783,1.38e-10,4.77e-12,1.25e-12,1.48e-10,1.40e-10
3-3-12,D,38,799.29238559249,1.46e-10,5.68e-13,9.09e-13,1.53e-10,1.47e-10
3-3-12,D,39,803.594919277486,1.32e-10,1.14e-13,3.07e-12,1.39e-10,1.29e-10
3-3-12,D,40,839.135527067605,1.37e-10,1.14e-13,4.55e-13,1.45e-10,1.38e-10
3-3-12,D,41,857.07666295926,1.62e-10,3.30e-12,1.14e-12,1.58e-10,1.61e-10
3-3-12,D,42,867.619729944369,1.63e-10,6.82e-13,1.48e-12,1.65e-10,1.65e-10
3-3-12,D,43,883.29090295502,1.55e-10,1.93e-12,5.68e-13,1.64e-10,1.56e-10
3-3-12,D,44,923.05693611313,1.56e-10,3.41e-13,0.00e+00,1.58e-10,1.56e-10
3-3-12,D,45,924.94246069802,1.65e-10,5.23e-12,5.68e-13,1.58e-10,1.66e-10
3-3-12,D,46,955.936621610139,1.65e-10,2.50e-12,3.07e-12,1.61e-10,1.62e-10
3-3-12,D,47,960.410528544363,1.78e-10,2.44e-11,5.68e-13,1.52e-10,1.78e-10
3-3-12,D,48,967.132299054221,1.79e-10,1.39e-11,4.55e-13,1.73e-10,1.79e-10
3-3-12,D,49,995.819217724009,1.74e-10,4.55e-12,2.73e-12,1.78e-10,1.77e-10
3-3-12,D,50,1011.05152838326,1.83e-10,1.08e-11,2.27e-13,1.60e-10,1.83e-10
3-3-12,D,51,1021.52507220243,1.78e-10,4.09e-12,7.50e-12,1.50e-10,1.70e-10
3-3-12,D,52,1060.57656736099,2.00e-10,1.08e-10,3.64e-12,8.78e-11,2.04e-10
3-3-12,D,53,1067.43377175803,1.85e-10,1.14e-12,6.82e-13,1.48e-10,1.85e-10
3-3-12,D,54,1080.2909739545,1.91e-10,1.59e-11,4.09e-12,1.36e-10,1.95e-10
3-3-12,D,55,1115.62878374579,1.98e-10,5.46e-12,9.09e-13,1.75e-10,1.97e-10
3-3-12,D,56,1125.48433693279,2.02e-10,2.27e-13,1.82e-12,1.68e-10,2.00e-10
3-3-12,D,57,1140.42729891588,2.03e-10,6.84e-11,4.55e-13,7.37e-11,2.02e-10
3-3-12,D,58,1150.84536174757,1.93e-10,2.96e-12,4.55e-13,1.01e-10,1.93e-10
3-3-12,D,59,1176.05042859169,2.23e-10,2.24e-10,4.09e-12,6.43e-11,2.19e-10
3-3-12,D,60,1203.96475248064,2.22e-10,9.32e-12,9.09e-13,8.98e-11,2.21e-10
3-3-12,D,61,1214.00781292481,2.06e-10,3.41e-12,6.82e-13,1.50e-10,2.06e-10
3-3-12,D,62,1216.43380057135,2.06e-10,2.27e-12,6.82e-13,9.12e-11,2.06e-10
3-3-12,D,63,1251.41978411761,2.24e-10,4.41e-11,9.09e-13,2.68e-11,2.24e-10
3-3-12,D,64,1269.29623150916,2.28e-10,2.04e-10,9.09e-13,8.98e-11,2.27e-10
3-3-12,D,65,1281.6592447356,2.10e-10,2.73e-12,2.27e-12,4.66e-11,2.12e-10
3-3-12,D,66,1296.54141586325,2.33e-10,2.09e-10,1.59e-12,1.42e-10,2.34e-10
3-3-12,D,67,1300.70349409998,2.32e-10,1.41e-11,5.23e-12,2.98e-11,2.27e-10
3-3-12,D,68,1328.33898494233,2.44e-10,4.23e-11,1.36e-12,1.25e-10,2.45e-10
3-3-12,D,69,1366.33506689721,2.33e-10,2.09e-11,6.82e-13,1.47e-10,2.33e-10
3-3-12,D,70,1378.81302553895,2.30e-10,1.61e-11,5.23e-12,1.16e-10,2.35e-10
3-3-12,D,71,1385.81585047602,2.49e-10,3.44e-10,9.09e-13,6.45e-10,2.50e-10
3-3-12,D,72,1409.55707670817,2.55e-10,2.09e-10,2.73e-12,4.64e-10,2.58e-10
3-3-12,D,73,1423.70341873369,2.34e-10,6.55e-11,6.37e-12,6.55e-10,2.40e-10
3-3-12,D,74,1444.20810916022,2.53e-10,2.86e-11,1.59e-12,3.76e-10,2.52e-10
3-3-12,D,75,1444.73004267732,2.56e-10,1.93e-10,9.09e-13,5.28e-10,2.55e-10
3-3-12,D,76,1494.09752894298,2.55e-10,4.59e-11,4.55e-13,1.23e-10,2.56e-10
3-3-12,D,77,1495.89583161552,2.54e-10,1.25e-10,2.27e-12,1.06e-09,2.52e-10
3-3-12,D,78,1499.79934916547,2.74e-10,7.87e-11,3.87e-12,6.86e-10,2.70e-10
3-3-12,D,79,1518.62733501129,2.70e-10,1.63e-09,6.82e-12,3.51e-09,2.76e-10
3-3-12,D,80,1541.35909625752,2.51e-10,2.64e-10,3.41e-12,2.52e-09,2.48e-10
3-3-12,D,81,1581.33841366578,2.77e-10,7.44e-11,4.55e-13,8.89e-10,2.77e-10
3-3-12,D,82,1584.06764253388,2.93e-10,9.54e-10,4.55e-13,2.50e-09,2.92e-10
3-3-12,D,83,1594.59029072077,2.68e-10,1.62e-10,3.64e-12,1.68e-09,2.71e-10
3-3-12,D,84,1612.88538708181,2.91e-10,6.89e-10,4.55e-12,1.65e-09,2.86e-10
3-3-12,D,85,1637.86909124158,2.68e-10,5.08e-10,5.91e-12,5.30e-09,2.74e-10
3-3-12,D,86,1644.87865829089,2.95e-10,4.09e-09,2.27e-12,8.03e-09,2.92e-10
3-3-12,D,87,1657.31211597727,3.00e-10,2.30e-09,5.23e-12,4.32e-09,2.95e-10
3-3-12,D,88,1682.21241188367,2.98e-10,2.04e-09,1.82e-12,4.50e-09,2.96e-10
3-3-12,D,89,1693.26391936224,2.72e-10,1.07e-09,4.77e-12,1.06e-08,2.77e-10
3-3-12,D,90,1744.76118982275,3.18e-10,3.63e-09,2.27e-12,6.86e-09,3.16e-10
3-3-12,D,91,1753.88073503972,3.00e-10,4.94e-10,6.82e-13,4.40e-09,3.01e-10
3-3-12,D,92,1764.48978335986,2.89e-10,8.24e-10,9.09e-13,7.68e-09,2.88e-10
3-3-12,D,93,1770.49502376311,3.15e-10,1.16e-08,1.14e-12,1.70e-08,3.16e-10
3-3-12,D,94,1788.78284788666,3.14e-10,7.52e-09,5.46e-12,1.39e-08,3.09e-10
3-3-12,D,95,1802.99045640456,3.01e-10,2.10e-09,4.55e-12,1.53e-08,3.05e-10
3-3-12,D,96,1820.38266480017,3.10e-10,4.80e-09,2.05e-12,9.05e-09,3.08e-10
3-3-12,D,97,1823.95962021845,3.18e-10,1.68e-09,3.18e-12,1.26e-08,3.21e-10
3-3-12,D,98,1862.71619437764,3.27e-10,8.94e-09,3.41e-12,1.68e-08,3.24e-10
3-3-12,D,99,1875.76312569036,3.28e-10,2.96e-09,2.27e-12,1.94e-08,3.26e-10
3-3-12,D,100,1914.25666638796,3.33e-10,1.51e-08,3.18e-12,2.95e-08,3.36e-10
3-3-12,D,101,1920.58422472775,3.41e-10,2.75e-08,6.37e-12,5.15e-08,3.35e-10
3-3-12,D,102,1929.17762206661,3.22e-10,5.12e-10,1.82e-12,5.33e-09,3.20e-10
3-3-12,D,103,1933.47082342936,3.07e-10,7.61e-09,5.23e-12,4.07e-08,3.01e-10
3-3-12,D,104,1951.12286880037,3.42e-10,1.26e-09,5.00e-12,9.44e-09,3.37e-10
3-3-12,D,105,1994.96635702446,3.14e-10,1.22e-08,1.36e-12,5.19e-08,3.13e-10
3-3-12,D,106,1996.20701484337,3.34e-10,1.10e-08,2.50e-12,3.06e-08,3.32e-10
3-3-12,D,107,1997.68600107027,3.40e-10,1.22e-09,2.50e-12,8.51e-09,3.42e-10
3-3-12,D,108,2034.89425819684,3.69e-10,2.24e-08,1.41e-11,6.73e-08,3.55e-10
3-3-12,D,109,2067.8620685913,3.46e-10,9.82e-09,4.55e-12,3.51e-08,3.42e-10
3-3-12,D,110,2071.08860513787,3.90e-10,3.63e-08,1.86e-11,1.24e-07,3.72e-10
3-3-12,D,111,2097.50746798577,3.09e-10,2.29e-08,4.55e-12,7.15e-08,3.13e-10
3-3-12,D,112,2099.77782468925,3.60e-10,3.02e-09,3.18e-12,1.23e-08,3.63e-10
3-3-12,D,113,2112.31723759622,3.49e-10,1.28e-08,1.36e-12,3.75e-08,3.48e-10
3-3-12,D,114,2150.41895209114,3.60e-10,1.35e-08,4.55e-12,7.01e-08,3.56e-10
3-3-12,D,115,2150.74557392924,3.93e-10,2.98e-09,1.82e-12,1.85e-08,3.91e-10
3-3-12,D,116,2185.33999665453,3.57e-10,4.77e-08,6.82e-12,9.06e-08,3.50e-10
3-3-12,D,117,2187.63431923723,3.78e-10,6.00e-09,0.00e+00,2.20e-08,3.78e-10
3-3-12,D,118,2188.38006462958,3.73e-10,2.13e-08,1.77e-11,1.31e-07,3.56e-10
3-3-12,D,119,2218.40420881005,3.94e-10,2.00e-08,2.55e-11,1.37e-07,3.68e-10
3-3-12,D,120,2239.50418664914,3.83e-10,1.22e-08,7.28e-12,7.73e-08,3.76e-10
3-3-12,D,121,2266.64702867272,3.45e-10,5.80e-08,4.55e-13,8.79e-08,3.45e-10
3-3-12,D,122,2270.26310785179,3.62e-10,6.63e-08,7.28e-12,8.51e-08,3.55e-10
3-3-12,D,123,2286.34507184371,3.89e-10,1.05e-08,4.09e-12,6.12e-08,3.85e-10
3-3-12,D,124,2289.29320011779,3.71e-10,2.26e-08,1.36e-12,4.42e-08,3.70e-10
3-3-12,D,125,2326.85296487384,3.98e-10,3.12e-08,2.41e-11,2.01e-07,3.74e-10
3-3-12,D,126,2354.29269988059,4.09e-10,3.44e-08,3.37e-11,1.74e-07,3.76e-10
3-3-12,D,127,2373.62007423482,3.57e-10,2.08e-07,5.46e-12,1.52e-07,3.52e-10
3-3-12,D,128,2389.87957572352,3.70e-10,3.87e-08,7.28e-12,1.55e-07,3.63e-10
3-3-12,D,129,2400.92221807565,3.84e-10,1.61e-08,1.36e-12,5.68e-08,3.83e-10
3-3-12,D,130,2402.69195836811,3.84e-10,2.26e-08,8.19e-12,9.75e-08,3.76e-10
3-3-12,D,131,2444.87631758843,3.72e-10,2.24e-07,3.18e-12,1.34e-07,3.69e-10
3-3-12,D,132,2453.44371809372,3.90e-10,1.72e-08,1.82e-12,8.68e-08,3.88e-10
3-3-12,D,133,2453.65707439486,3.94e-10,4.75e-08,0.00e+00,7.85e-08,3.94e-10
3-3-12,D,134,2483.90698913131,3.93e-10,1.25e-07,3.82e-11,2.91e-07,3.55e-10
3-3-12,D,135,2496.15576823462,3.82e-10,1.91e-07,2.73e-12,1.28e-07,3.79e-10
3-3-12,D,136,2511.99831412162,4.14e-10,1.41e-07,3.32e-11,2.63e-07,3.81e-10
3-3-12,D,137,2542.32723631986,3.91e-10,1.05e-07,1.36e-12,7.53e-08,3.89e-10
3-3-12,D,138,2549.47062203778,3.99e-10,1.29e-07,3.05e-11,2.39e-07,3.69e-10
3-3-12,D,139,2573.17079678735,3.97e-10,4.76e-07,2.50e-11,1.88e-07,3.72e-10
3-3-12,D,140,2585.19112029033,3.99e-10,2.35e-08,7.73e-12,1.35e-07,4.07e-10
3-3-12,D,141,2594.57090509332,3.80e-10,2.18e-07,3.64e-12,1.40e-07,3.84e-10
3-3-12,D,142,2603.60818920354,3.88e-10,5.03e-08,1.68e-11,2.32e-07,3.72e-10
3-3-12,D,143,2647.22894426848,3.83e-10,1.36e-07,2.73e-12,1.71e-07,3.80e-10
3-3-12,D,144,2649.37757456019,3.50e-10,4.06e-07,6.82e-12,2.08e-07,3.43e-10
3-3-12,D,145,2653.81238630873,4.39e-10,5.18e-07,1.15e-10,5.50e-07,3.24e-10
3-3-12,D,146,2677.76952317256,4.26e-10,5.58e-08,9.09e-13,1.32e-07,4.25e-10
3-3-12,D,147,2707.99204839205,4.36e-10,2.87e-07,7.59e-11,4.42e-07,3.60e-10
3-3-12,D,148,2723.42958195457,3.90e-10,1.12e-06,8.28e-11,4.27e-07,3.07e-10
3-3-12,D,149,2747.56948317487,4.12e-10,3.42e-08,1.59e-11,1.18e-07,4.27e-10
3-3-12,D,150,2757.91150280234,4.20e-10,1.84e-07,4.55e-11,3.60e-07,3.74e-10
3-3-12,D,151,2789.70773122815,4.18e-10,1.03e-06,9.37e-11,4.78e-07,3.24e-10
3-3-12,D,152,2799.80239435289,4.53e-10,8.34e-08,8.32e-11,5.86e-07,3.70e-10
3-3-12,D,153,2827.52939641588,4.54e-10,5.28e-07,1.52e-10,5.76e-07,3.02e-10
3-3-12,D,154,2831.07155709056,4.11e-10,5.26e-07,4.00e-11,3.29e-07,3.71e-10
3-3-12,D,155,2842.71963600515,4.36e-10,9.30e-08,3.41e-11,3.02e-07,4.02e-10
3-3-12,D,156,2844.36635062687,4.41e-10,4.69e-07,1.43e-10,5.57e-07,2.98e-10
3-3-12,D,157,2865.27146467736,4.26e-10,8.33e-08,6.37e-12,2.59e-07,4.19e-10
3-3-12,D,158,2883.96017166944,4.16e-10,1.11e-06,9.41e-11,5.00e-07,3.22e-10
3-3-12,D,159,2915.52553556781,4.88e-10,1.99e-07,1.42e-10,6.77e-07,3.46e-10
3-3-12,D,160,2925.81995622957,4.72e-10,1.17e-06,1.26e-10,5.65e-07,3.46e-10
3-3-12,D,161,2951.84843899483,4.93e-10,2.28e-07,1.54e-10,7.08e-07,3.39e-10
3-3-12,D,162,2966.13268581571,4.47e-10,1.48e-06,1.53e-10,7.18e-07,2.94e-10
3-3-12,D,163,2974.108581306,4.71e-10,2.65e-07,2.09e-10,8.58e-07,2.61e-10
3-3-12,D,164,2989.24052128705,4.74e-10,1.82e-07,1.52e-10,7.20e-07,3.22e-10
3-3-12,D,165,3003.96051198528,4.54e-10,1.57e-07,3.50e-11,3.97e-07,4.19e-10
3-3-12,D,166,3012.7558485303,4.94e-10,5.22e-07,4.64e-10,1.49e-06,2.96e-11
3-3-12,D,167,3048.58365091165,4.77e-10,1.23e-06,1.70e-10,8.14e-07,3.07e-10
3-3-12,D,168,3055.47991115638,4.92e-10,3.38e-07,4.41e-10,1.57e-06,5.09e-11
3-3-12,D,169,3065.4770207188,4.65e-10,1.56e-06,2.01e-10,9.61e-07,2.64e-10
3-3-12,D,170,3107.01562646446,4.92e-10,1.16e-07,1.22e-10,6.98e-07,3.70e-10
3-3-12,D,171,3134.15869118565,4.51e-10,7.70e-07,1.08e-10,6.91e-07,3.42e-10
3-3-12,D,172,3145.12635523503,4.77e-10,1.96e-06,2.96e-10,1.29e-06,1.80e-10
3-3-12,D,173,3161.94624031665,5.35e-10,6.52e-07,1.07e-09,3.04e-06,5.32e-10
3-3-12,D,174,3169.53547795328,5.39e-10,2.14e-07,2.66e-10,1.12e-06,2.73e-10
3-3-12,D,175,3175.0993215632,5.03e-10,4.95e-07,7.27e-10,2.45e-06,2.24e-10
3-3-12,D,176,3221.7348504712,4.98e-10,8.83e-07,2.01e-10,1.09e-06,2.97e-10
3-3-12,D,177,3222.1383746773,5.33e-10,4.70e-07,6.99e-10,2.21e-06,1.66e-10
3-3-12,D,178,3224.79481196626,4.92e-10,4.68e-07,1.13e-10,7.43e-07,3.80e-10
3-3-12,D,179,3238.38022188889,5.15e-10,7.37e-07,1.16e-10,7.11e-07,3.98e-10
3-3-12,D,180,3281.0402575925,5.71e-10,6.64e-07,1.03e-09,3.14e-06,4.57e-10
3-3-12,D,181,3287.06361122305,5.10e-10,2.12e-06,3.86e-10,1.66e-06,1.24e-10
3-3-12,D,182,3290.9621966268,5.27e-10,2.25e-07,1.42e-10,7.28e-07,3.84e-10
3-3-12,D,183,3310.50150482693,5.03e-10,6.67e-07,1.50e-10,9.66e-07,3.53e-10
3-3-12,D,184,3349.9500284585,5.58e-10,1.28e-06,1.50e-09,4.20e-06,9.43e-10
3-3-12,D,185,3359.48637688614,5.45e-10,8.07e-07,2.36e-10,1.22e-06,3.08e-10
3-3-12,D,186,3363.12670302155,5.49e-10,1.60e-06,1.91e-09,5.19e-06,1.36e-09
3-3-12,D,187,3369.3771658778,5.86e-10,6.46e-07,1.11e-09,3.29e-06,5.21e-10
3-3-12,D,188,3395.89198377758,4.88e-10,1.42e-06,3.40e-10,1.56e-06,1.48e-10
3-3-12,D,189,3429.45760656575,5.51e-10,5.34e-07,6.60e-10,2.28e-06,1.10e-10
3-3-12,D,190,3440.75011643914,5.48e-10,1.58e-06,4.56e-10,1.88e-06,9.19e-11
3-3-12,D,191,3448.21533177239,5.24e-10,6.78e-07,2.17e-10,1.24e-06,3.06e-10
3-3-12,D,192,3449.01665348573,5.76e-10,1.74e-06,1.85e-09,5.07e-06,1.28e-09
3-3-12,D,193,3499.46138940315,5.73e-10,6.96e-07,8.19e-10,2.78e-06,2.46e-10
3-3-12,D,194,3507.26646073725,5.51e-10,5.97e-07,2.97e-10,1.66e-06,2.54e-10
3-3-12,D,195,3519.86972694499,5.48e-10,3.58e-06,9.41e-10,2.93e-06,3.93e-10
3-3-12,D,196,3543.48245793171,6.04e-10,5.31e-06,3.76e-09,9.35e-06,3.15e-09
3-3-12,D,197,3553.25502686449,6.03e-10,1.71e-06,4.45e-09,1.08e-05,3.84e-09
3-3-12,D,198,3582.29731820593,5.96e-10,1.03e-06,3.02e-10,1.53e-06,2.94e-10
3-3-12,D,199,3605.39137009126,5.94e-10,1.31e-06,1.05e-09,3.56e-06,4.59e-10
3-3-12,D,200,3633.54151113003,5.68e-10,5.11e-06,1.02e-09,3.18e-06,4.53e-10
3-3-12,D,201,3638.94391400999,6.01e-10,1.20e-06,2.50e-09,6.40e-06,1.89e-09
3-3-12,D,202,3645.15999583606,5.81e-10,1.94e-06,6.11e-10,2.61e-06,2.96e-11
3-3-12,D,203,3659.25764438245,5.69e-10,6.63e-06,1.49e-09,4.52e-06,9.23e-10
3-3-12,D,204,3662.53365667506,5.90e-10,2.20e-06,2.16e-09,5.52e-06,1.57e-09
3-3-12,D,205,3685.02794942817,6.14e-10,1.48e-06,1.05e-09,3.48e-06,4.31e-10
3-3-12,D,206,3722.48548879516,5.61e-10,3.21e-06,2.67e-09,6.80e-06,2.11e-09
3-3-12,D,207,3740.22320534383,6.34e-10,3.28e-06,3.08e-09,7.67e-06,2.45e-09
3-3-12,D,208,3744.55069515718,5.81e-10,1.02e-05,1.42e-09,4.03e-06,8.39e-10
3-3-12,D,209,3751.37509154933,6.56e-10,3.30e-06,5.99e-09,1.34e-05,5.33e-09
3-3-12,D,210,3753.19642984023,5.69e-10,1.46e-06,6.75e-10,2.92e-06,1.06e-10
3-3-12,D,211,3771.29835940304,5.81e-10,9.83e-06,1.39e-09,4.10e-06,8.07e-10
3-3-12,D,212,3815.13010139586,6.27e-10,4.27e-06,8.11e-09,1.75e-05,7.48e-09
3-3-12,D,213,3825.4076338752,6.04e-10,1.32e-06,1.31e-09,4.75e-06,7.06e-10
3-3-12,D,214,3835.48069057263,5.66e-10,7.49e-06,1.22e-09,4.29e-06,6.50e-10
3-3-12,D,215,3866.52794888389,6.06e-10,3.14e-05,3.87e-09,9.58e-06,3.26e-09
3-3-12,D,216,3885.53084030425,6.52e-10,2.27e-06,1.07e-09,4.39e-06,4.19e-10
3-3-12,D,217,3891.59022396696,5.87e-10,3.87e-06,3.03e-09,7.47e-06,2.44e-09
3-3-12,D,218,3912.25172879967,6.39e-10,2.39e-05,2.41e-09,6.58e-06,1.77e-09
3-3-12,D,219,3933.70726644033,6.28e-10,5.20e-06,5.02e-09,1.10e-05,4.39e-09
3-3-12,D,220,3944.20100330485,6.53e-10,3.50e-06,7.81e-09,1.64e-05,7.16e-09
3-3-12,D,221,3965.82402114739,6.80e-10,3.42e-06,1.01e-08,2.15e-05,9.43e-09
3-3-12,D,222,3994.80206773793,6.45e-10,5.12e-05,4.15e-09,1.03e-05,3.50e-09
3-3-12,D,223,4003.11964757552,6.39e-10,1.37e-06,1.28e-09,4.69e-06,6.38e-10
3-3-12,D,224,4010.80575004713,6.13e-10,7.89e-06,2.13e-09,7.06e-06,1.52e-09
3-3-12,D,225,4043.5260929254,6.30e-10,2.84e-05,2.48e-09,6.82e-06,1.85e-09
3-3-12,D,226,4049.76194280274,6.48e-10,3.84e-06,4.44e-09,1.03e-05,3.79e-09
3-3-12,D,227,4066.30656520612,6.94e-10,7.04e-06,1.06e-08,2.17e-05,9.91e-09
3-3-12,D,228,4091.21678259449,6.38e-10,7.73e-05,5.62e-09,1.27e-05,4.98e-09
3-3-12,D,229,4098.58852221095,6.81e-10,8.52e-06,3.19e-09,8.94e-06,2.50e-09
3-3-12,D,230,4104.11157510658,6.08e-10,3.69e-06,4.42e-09,1.03e-05,3.82e-09
3-3-12,D,231,4148.00949403262,6.26e-10,8.80e-06,1.32e-08,2.21e-05,1.26e-08
3-3-12,D,232,4148.95252567377,5.93e-10,3.23e-05,3.37e-09,9.04e-06,2.77e-09
3-3-12,D,233,4163.29504676842,6.96e-10,4.09e-05,3.84e-09,9.88e-06,3.14e-09
3-3-12,D,234,4188.28281512445,6.79e-10,8.12e-06,9.75e-09,2.16e-05,9.07e-09
3-3-12,D,235,4198.82676389702,6.93e-10,7.35e-06,9.66e-09,2.23e-05,8.97e-09
3-3-12,D,236,4221.36677544218,6.50e-10,6.95e-05,5.47e-09,1.19e-05,4.82e-09
3-3-12,D,237,4234.52593717783,6.81e-10,1.01e-05,2.34e-09,7.90e-06,1.66e-09
3-3-12,D,238,4254.31730559455,7.05e-10,9.28e-05,8.08e-09,1.68e-05,7.38e-09
3-3-12,D,239,4257.33428342974,6.65e-10,9.48e-06,1.00e-08,1.99e-05,9.38e-09
3-3-12,D,240,4261.07937184702,7.13e-10,3.41e-06,2.46e-09,7.52e-06,1.75e-09
3-3-12,D,241,4318.25987848553,6.58e-10,1.12e-05,1.10e-08,1.98e-05,1.03e-08
3-3-12,D,242,4320.03510621838,6.39e-10,1.15e-05,1.19e-08,2.04e-05,1.12e-08
3-3-12,D,243,4324.00129749916,6.96e-10,1.11e-04,1.34e-08,2.52e-05,1.27e-08
3-3-12,D,244,4330.82690054139,6.91e-10,8.62e-05,1.21e-08,2.45e-05,1.14e-08
3-3-12,D,245,4371.75205888599,6.88e-10,1.25e-05,9.82e-09,1.79e-05,9.13e-09
3-3-12,D,246,4380.98231338274,7.40e-10,2.42e-05,1.82e-08,3.68e-05,1.75e-08
3-3-12,D,247,4386.81454882121,6.98e-10,6.21e-06,4.22e-09,1.31e-05,3.52e-09
3-3-12,D,248,4432.79263519938,7.48e-10,1.68e-04,1.92e-08,3.19e-05,1.85e-08
3-3-12,D,249,4447.6140541975,7.20e-10,7.14e-06,6.92e-09,1.81e-05,6.20e-09
3-3-12,D,250,4466.83469004719,7.30e-10,2.23e-05,1.87e-08,3.37e-05,1.80e-08
3-3-12,D,251,4477.09249666591,7.00e-10,1.10e-04,1.61e-08,2.81e-05,1.54e-08
3-3-12,D,252,4490.87257851479,7.43e-10,5.95e-05,1.65e-08,3.19e-05,1.58e-08
3-3-12,D,253,4519.85446575139,6.53e-10,2.71e-05,2.24e-08,3.47e-05,2.18e-08
3-3-12,D,254,4529.96577862728,7.20e-10,5.89e-05,1.47e-08,2.72e-05,1.39e-08
3-3-12,D,255,4556.90264911982,6.38e-10,1.79e-05,1.31e-08,2.27e-05,1.24e-08
3-3-12,D,256,4559.80406992439,7.23e-10,1.04e-05,7.16e-09,1.60e-05,6.44e-09
3-3-12,D,257,4576.7194904286,6.90e-10,3.85e-05,2.37e-08,3.90e-05,2.30e-08
3-3-12,D,258,4585.55959838135,7.22e-10,1.47e-04,2.61e-08,4.10e-05,2.54e-08
3-3-12,D,259,4594.04943251757,7.91e-10,7.50e-05,2.72e-08,4.52e-05,2.64e-08
3-3-12,D,260,4601.06340387067,7.21e-10,8.17e-06,1.23e-08,2.85e-05,1.16e-08
3-3-12,D,261,4630.56598755103,7.99e-10,2.45e-05,1.34e-08,2.73e-05,1.26e-08
3-3-12,D,262,4639.42758539427,7.53e-10,3.04e-05,1.72e-08,2.89e-05,1.64e-08
3-3-12,D,263,4677.52381248632,7.34e-10,1.26e-04,3.26e-08,5.01e-05,3.19e-08
3-3-12,D,264,4695.33157002418,7.60e-10,1.43e-05,8.43e-09,1.93e-05,7.67e-09
3-3-12,D,265,4717.51861805561,6.18e-10,2.93e-05,3.92e-08,5.67e-05,3.86e-08
3-3-12,D,266,4728.78455824633,7.57e-10,1.83e-04,5.79e-08,7.86e-05,5.72e-08
3-3-12,D,267,4728.79147491517,7.75e-10,2.58e-05,2.84e-08,5.32e-05,2.77e-08
3-3-12,D,268,4746.29002113103,6.84e-10,3.75e-05,3.15e-08,4.85e-05,3.08e-08
3-3-12,D,269,4787.98709097346,8.05e-10,2.60e-05,4.37e-08,7.21e-05,4.28e-08
3-3-12,D,270,4799.11569739378,7.79e-10,3.11e-05,1.90e-08,3.52e-05,1.83e-08
3-3-12,D,271,4804.81672041241,7.27e-10,6.85e-05,4.53e-08,6.29e-05,4.46e-08
3-3-12,D,272,4816.21826884429,7.51e-10,7.59e-05,4.65e-08,6.89e-05,4.58e-08
3-3-12,D,273,4822.06448349824,7.65e-10,2.43e-05,2.88e-08,5.11e-05,2.81e-08
3-3-12,D,274,4852.04136101618,8.08e-10,5.50e-05,3.73e-08,5.89e-05,3.65e-08
3-3-12,D,275,4890.27695663385,8.96e-10,5.57e-05,5.31e-08,6.61e-05,5.22e-08
3-3-12,D,276,4894.52920692843,7.90e-10,5.67e-05,5.35e-08,7.72e-05,5.27e-08
3-3-12,D,277,4897.88112949723,7.84e-10,7.18e-05,4.57e-08,6.21e-05,4.49e-08
3-3-12,D,278,4928.74480728265,7.02e-10,2.78e-05,5.47e-08,7.81e-05,5.40e-08
3-3-12,D,279,4944.78124904,8.19e-10,4.19e-05,4.62e-08,7.17e-05,4.53e-08
3-3-12,D,280,4969.63886714111,6.06e-10,3.64e-05,5.06e-08,8.12e-05,5.00e-08
3-3-12,D,281,4975.84333315393,7.59e-10,2.20e-05,1.16e-08,3.16e-05,1.08e-08
3-3-12,D,282,4996.75895140572,8.35e-10,9.12e-05,1.29e-07,1.65e-04,1.28e-07
3-3-12,D,283,5003.11029095208,7.76e-10,5.70e-05,5.86e-08,8.20e-05,5.78e-08
3-3-12,D,284,5012.97551650527,8.39e-10,3.60e-05,8.11e-08,1.16e-04,8.03e-08
3-3-12,D,285,5057.82322982362,8.21e-10,6.00e-05,7.35e-08,9.35e-05,7.27e-08
3-3-12,D,286,5075.73947434513,8.81e-10,7.77e-05,8.56e-08,1.10e-04,8.47e-08
3-3-12,D,287,5087.64210241187,8.47e-10,6.98e-05,1.02e-07,1.22e-04,1.01e-07
3-3-12,D,288,5093.45256515437,8.19e-10,3.07e-05,2.00e-08,4.12e-05,1.91e-08
3-3-12,D,289,5099.0570457698,8.91e-10,3.15e-05,8.18e-08,1.26e-04,8.09e-08
3-3-12,D,290,5139.56146297972,8.58e-10,1.30e-04,1.41e-07,1.56e-04,1.40e-07
3-3-12,D,291,5154.31603269112,9.08e-10,5.51e-05,5.74e-08,7.59e-05,5.65e-08
3-3-12,D,292,5166.71085254458,7.06e-10,7.43e-05,8.73e-08,1.12e-04,8.66e-08
3-3-12,D,293,5170.79369997337,7.78e-10,3.65e-05,2.37e-08,4.43e-05,2.29e-08
3-3-12,D,294,5191.50455905165,8.27e-10,8.04e-05,7.00e-08,8.94e-05,6.91e-08
3-3-12,D,295,5207.71212044204,6.48e-10,5.34e-05,7.03e-08,1.03e-04,6.96e-08
3-3-12,D,296,5223.30510305363,8.69e-10,4.67e-05,6.26e-08,9.03e-05,6.17e-08
3-3-12,D,297,5225.33591199117,7.76e-10,6.15e-05,2.43e-08,4.71e-05,2.35e-08
3-3-12,D,298,5242.88823139574,9.10e-10,9.10e-05,2.51e-07,3.14e-04,2.50e-07
3-3-12,D,299,5275.86302277388,9.27e-10,1.25e-04,1.70e-07,1.92e-04,1.69e-07
3-3-12,D,300,5290.56143546374,8.49e-10,1.19e-04,1.06e-07,1.30e-04,1.06e-07
3-3-12,D,301,5319.27185763562,8.76e-10,3.08e-04,2.00e-07,2.13e-04,1.99e-07
3-3-12,D,302,5344.1425956027,8.68e-10,8.65e-05,4.35e-08,7.19e-05,4.26e-08
3-3-12,D,303,5347.989130795,8.59e-10,1.12e-04,2.01e-07,2.48e-04,2.00e-07
3-3-12,D,304,5349.19979403377,8.48e-10,1.07e-04,1.07e-07,1.31e-04,1.06e-07
3-3-12,D,305,5361.05492782964,9.04e-10,8.44e-05,1.03e-07,1.30e-04,1.02e-07
3-3-12,D,306,5403.52113449689,8.02e-10,1.44e-04,1.20e-07,1.49e-04,1.19e-07
3-3-12,D,307,5426.08924016436,9.38e-10,6.24e-04,3.72e-07,3.83e-04,3.71e-07
3-3-12,D,308,5449.24843451993,7.79e-10,8.59e-05,7.29e-08,9.81e-05,7.21e-08
3-3-12,D,309,5449.29366758872,8.74e-10,2.43e-04,1.45e-07,1.73e-04,1.44e-07
3-3-12,D,310,5454.80988049556,7.90e-10,1.14e-04,9.39e-08,1.15e-04,9.31e-08
3-3-12,D,311,5480.43572769462,8.75e-10,3.06e-05,7.10e-08,1.14e-04,7.02e-08
3-3-12,D,312,5509.08909332349,1.00e-09,1.30e-04,2.61e-07,3.10e-04,2.60e-07
3-3-12,D,313,5513.18332694516,8.71e-10,8.11e-05,7.27e-08,1.00e-04,7.18e-08
3-3-12,D,314,5524.68428365143,9.24e-10,9.14e-05,6.39e-08,1.00e-04,6.30e-08
3-3-12,D,315,5540.40198736559,9.82e-10,6.01e-04,4.16e-07,4.41e-04,4.15e-07
3-3-12,D,316,5565.33066093633,9.53e-10,1.11e-04,1.65e-07,2.12e-04,1.64e-07
3-3-12,D,317,5572.0868347024,9.50e-10,2.76e-04,2.08e-07,2.41e-04,2.07e-07
3-3-12,D,318,5598.55244045307,8.31e-10,1.02e-04,6.49e-08,1.00e-04,6.41e-08
3-3-12,D,319,5617.06378984331,9.17e-10,1.28e-03,4.56e-07,4.40e-04,4.55e-07
3-3-12,D,320,5618.15064655487,7.78e-10,2.20e-04,1.89e-07,2.07e-04,1.88e-07
3-3-12,D,321,5646.13141783516,8.69e-10,3.35e-04,2.38e-07,2.76e-04,2.37e-07
3-3-12,D,322,5664.13553102656,8.30e-10,2.71e-04,1.76e-07,2.08e-04,1.75e-07
3-3-12,D,323,5710.63986886027,8.87e-10,1.17e-04,6.02e-08,1.03e-04,5.93e-08
3-3-12,D,324,5714.80636868317,9.76e-10,6.01e-05,1.62e-07,2.12e-04,1.61e-07
3-3-12,D,325,5723.86471849998,7.72e-10,1.72e-04,1.16e-07,1.43e-04,1.15e-07
3-3-12,D,326,5724.83621017324,8.09e-10,2.42e-04,1.77e-07,2.03e-04,1.76e-07
3-3-12,D,327,5724.88673420035,9.94e-10,1.20e-03,5.17e-07,5.13e-04,5.16e-07
3-3-12,D,328,5763.19828277078,1.06e-09,2.25e-04,4.22e-07,4.58e-04,4.21e-07
3-3-12,D,329,5773.58723125771,9.33e-10,6.22e-04,2.33e-07,2.58e-04,2.32e-07
3-3-12,D,330,5808.88080327323,8.53e-10,1.53e-04,9.94e-08,1.50e-04,9.86e-08
3-3-12,D,331,5820.94424581387,1.05e-09,1.29e-04,3.21e-07,3.70e-04,3.20e-07
3-3-12,D,332,5827.68225341302,8.00e-10,5.17e-04,1.39e-07,1.97e-04,1.39e-07
3-3-12,D,333,5846.30784065589,9.26e-10,1.71e-03,6.27e-07,5.90e-04,6.26e-07
3-3-12,D,334,5859.79767178422,7.98e-10,3.91e-04,1.42e-07,1.82e-04,1.41e-07
3-3-12,D,335,5872.44519812188,7.05e-10,2.25e-04,2.92e-07,2.80e-04,2.91e-07
3-3-12,D,336,5886.17573218141,9.53e-10,6.41e-04,3.48e-07,3.77e-04,3.47e-07
3-3-12,D,337,5906.89693035865,7.43e-10,2.31e-04,2.21e-07,2.21e-04,2.20e-07
3-3-12,D,338,5944.52128710019,9.66e-10,1.15e-03,4.38e-07,4.38e-04,4.37e-07
3-3-12,D,339,5944.9318237951,7.81e-10,1.81e-04,1.90e-07,2.23e-04,1.89e-07
3-3-12,D,340,5955.46914403995,8.76e-10,7.35e-04,5.14e-07,5.26e-04,5.14e-07
3-3-12,D,341,5986.86679362862,7.78e-10,3.05e-04,1.97e-07,2.35e-04,1.96e-07
3-3-12,D,342,6017.07307396597,7.90e-10,8.16e-04,1.92e-07,2.23e-04,1.91e-07
3-3-12,D,343,6029.44118583416,1.07e-09,1.13e-04,2.66e-07,3.16e-04,2.65e-07
3-3-12,D,344,6040.05689254565,9.36e-10,1.44e-03,6.61e-07,6.32e-04,6.60e-07
3-3-12,D,345,6040.09536171219,1.18e-09,1.96e-04,6.20e-07,6.44e-04,6.19e-07
3-3-12,D,346,6079.94005694586,7.61e-10,3.75e-04,1.38e-07,1.81e-04,1.37e-07
3-3-12,D,347,6084.51416606544,7.19e-10,9.56e-04,2.69e-07,2.78e-04,2.69e-07
3-3-12,D,348,6087.08382792635,1.04e-09,6.13e-04,5.58e-07,5.75e-04,5.57e-07
3-3-12,D,349,6108.07836631976,2.80e-10,2.35e-04,4.46e-07,3.94e-04,4.46e-07
3-3-12,D,350,6124.23683211265,8.21e-10,1.13e-03,5.41e-07,5.35e-04,5.40e-07
3-3-12,D,351,6146.90670926218,3.37e-10,3.72e-04,4.01e-07,3.78e-04,4.00e-07
3-3-12,D,352,6157.60615572463,8.44e-10,1.01e-03,5.17e-07,5.14e-04,5.17e-07
3-3-12,D,353,6197.58228655294,1.57e-10,1.35e-03,5.71e-07,5.10e-04,5.71e-07
3-3-12,D,354,6201.02470428505,1.07e-09,3.75e-04,5.38e-07,5.48e-04,5.37e-07
3-3-12,D,355,6215.0238457413,7.96e-10,2.75e-04,1.92e-07,2.56e-04,1.91e-07
3-3-12,D,356,6251.20597800435,9.28e-10,8.64e-04,9.09e-07,8.70e-04,9.08e-07
3-3-12,D,357,6251.95568675227,6.19e-10,4.42e-04,2.95e-07,3.36e-04,2.94e-07
3-3-12,D,358,6283.5902437839,8.32e-10,6.29e-04,4.08e-07,4.57e-04,4.07e-07
3-3-12,D,359,6283.84414506195,6.42e-10,4.05e-04,2.34e-07,2.85e-04,2.34e-07
3-3-12,D,360,6310.78175259682,1.15e-09,5.96e-04,9.39e-07,8.94e-04,9.38e-07
3-3-12,D,361,6314.89173576773,9.30e-10,7.28e-04,6.69e-07,6.71e-04,6.68e-07
3-3-12,D,362,6331.4655534625,8.75e-10,3.04e-03,6.59e-07,5.49e-04,6.58e-07
3-3-12,D,363,6340.00219421204,3.39e-10,9.17e-04,4.19e-07,4.32e-04,4.19e-07
3-3-12,D,364,6371.48185022774,3.97e-10,9.37e-04,5.73e-07,5.54e-04,5.74e-07
3-3-12,D,365,6371.57643394244,8.26e-10,4.78e-04,4.82e-07,5.31e-04,4.81e-07
3-3-12,D,366,6387.2052767827,1.51e-09,8.36e-04,8.51e-07,7.96e-04,8.52e-07
3-3-12,D,367,6390.69228867913,1.09e-09,4.52e-04,9.05e-07,8.71e-04,9.04e-07
3-3-12,D,368,6435.78686109038,4.27e-10,1.01e-03,8.88e-07,8.70e-04,8.88e-07
3-3-12,D,369,6472.90192820463,8.27e-10,6.77e-04,3.08e-07,3.81e-04,3.07e-07
3-3-12,D,370,6475.95028776096,3.89e-10,1.52e-03,4.43e-07,4.38e-04,4.43e-07
3-3-12,D,371,6482.13956599059,7.23e-10,6.53e-04,5.83e-07,6.39e-04,5.84e-07
3-3-12,D,372,6498.11393741082,6.85e-10,3.58e-04,2.57e-07,3.32e-04,2.56e-07
3-3-12,D,373,6514.13589938814,8.51e-10,3.90e-04,9.87e-07,9.31e-04,9.86e-07
3-3-12,D,374,6550.65689165706,1.06e-09,5.50e-04,9.86e-07,9.11e-04,9.85e-07
3-3-12,D,375,6551.66705539201,9.41e-10,2.81e-03,6.00e-07,5.57e-04,5.99e-07
3-3-12,D,376,6577.78148416731,3.27e-10,3.85e-03,7.75e-07,6.70e-04,7.75e-07
3-3-12,D,377,6591.15683558659,4.73e-10,1.43e-03,1.68e-06,1.52e-03,1.67e-06
3-3-12,D,378,6595.81862055987,9.95e-10,1.53e-03,7.24e-07,7.53e-04,7.25e-07
3-3-12,D,379,6595.96185099528,1.03e-09,3.15e-04,4.80e-07,5.13e-04,4.79e-07
3-3-12,D,380,6621.40378223425,3.28e-09,2.99e-03,8.57e-07,8.14e-04,8.61e-07
3-3-12,D,381,6648.04917589763,4.31e-10,1.09e-03,4.13e-07,4.87e-04,4.13e-07
3-3-12,D,382,6651.46553028508,4.57e-10,1.06e-03,8.38e-07,8.13e-04,8.37e-07
3-3-12,D,383,6703.66515195894,3.89e-09,2.90e-03,8.45e-07,7.62e-04,8.49e-07
3-3-12,D,384,6713.7861826742,6.53e-10,3.45e-03,7.28e-07,7.13e-04,7.28e-07
3-3-12,D,385,6720.98867852797,7.75e-10,3.27e-04,2.95e-07,4.05e-04,2.94e-07
3-3-12,D,386,6730.33673083229,9.10e-10,7.22e-04,1.05e-06,9.72e-04,1.05e-06
3-3-12,D,387,6746.38760813024,7.52e-10,5.91e-04,7.32e-07,7.49e-04,7.31e-07
3-3-12,D,388,6764.05991085123,7.85e-10,2.67e-03,1.22e-06,1.12e-03,1.23e-06
3-3-12,D,389,6766.28736160895,3.98e-10,5.78e-04,4.05e-07,5.13e-04,4.05e-07
3-3-12,D,390,6806.70205374647,1.48e-09,3.20e-03,7.84e-07,7.60e-04,7.86e-07
3-3-12,D,391,6849.16139429188,1.38e-09,1.19e-03,1.71e-06,1.43e-03,1.71e-06
3-3-12,D,392,6859.18884363076,1.81e-09,6.36e-04,7.88e-07,8.44e-04,7.90e-07
3-3-12,D,393,6862.01000475067,9.90e-10,1.65e-02,1.52e-06,1.21e-03,1.53e-06
3-3-12,D,394,6879.01319207085,9.16e-10,2.13e-03,1.73e-06,1.46e-03,1.73e-06
3-3-12,D,395,6885.65322837107,6.91e-09,1.98e-03,7.54e-07,6.92e-04,7.61e-07
3-3-12,D,396,6892.54621356868,1.17e-10,2.48e-03,6.09e-07,6.75e-04,6.09e-07
3-3-12,D,397,6912.8581636736,9.47e-10,4.80e-03,1.60e-06,1.32e-03,1.60e-06
3-3-12,D,398,6929.45999021378,7.30e-10,1.21e-03,6.77e-07,6.99e-04,6.76e-07
3-3-12,D,399,6954.43920198887,5.15e-09,2.15e-03,8.95e-07,8.57e-04,9.01e-07
3-3-12,D,400,6970.47169955756,3.70e-10,8.49e-04,4.95e-07,6.18e-04,4.96e-07
3-3-12,D,401,6971.72214620454,6.87e-10,6.90e-04,4.25e-07,5.28e-04,4.25e-07
3-3-12,D,402,6982.64180443592,8.98e-10,6.02e-04,5.79e-07,6.39e-04,5.78e-07
3-3-12,D,403,7003.40387304509,7.00e-11,6.05e-03,1.24e-06,1.14e-03,1.24e-06
3-3-12,D,404,7050.23672864886,1.05e-09,6.43e-03,1.77e-06,1.32e-03,1.77e-06
3-3-12,D,405,7052.05632881489,5.02e-09,8.89e-03,1.18e-06,1.07e-03,1.19e-06
3-3-12,D,406,7053.3894348533,1.50e-09,1.43e-03,1.77e-06,1.49e-03,1.77e-06
3-3-12,D,407,7111.28612010429,2.90e-10,3.06e-03,9.98e-07,8.38e-04,9.98e-07
3-3-12,D,408,7124.3336476426,1.59e-09,1.37e-02,1.03e-06,9.91e-04,1.04e-06
3-3-12,D,409,7128.75247732458,3.29e-09,2.36e-03,1.40e-06,1.25e-03,1.40e-06
3-3-12,D,410,7130.03269312599,1.45e-09,3.37e-03,2.46e-06,1.87e-03,2.45e-06
3-3-12,D,411,7147.85379864035,7.64e-09,9.18e-03,2.10e-06,1.59e-03,2.11e-06
3-3-12,D,412,7164.17273212026,3.41e-10,4.92e-03,2.29e-06,1.67e-03,2.29e-06
3-3-12,D,413,7176.07467549292,7.54e-09,7.30e-04,1.35e-06,1.10e-03,1.36e-06
3-3-12,D,414,7176.94837827452,7.18e-11,2.94e-03,1.42e-06,1.17e-03,1.42e-06
3-3-12,D,415,7192.03838627627,1.32e-09,1.14e-02,1.07e-06,1.01e-03,1.07e-06
3-3-12,D,416,7228.35417123434,4.14e-10,4.10e-03,1.50e-06,1.14e-03,1.51e-06
3-3-12,D,417,7270.93673295127,5.01e-10,5.53e-03,1.21e-06,1.14e-03,1.22e-06
3-3-12,D,418,7276.53589418045,5.50e-09,1.45e-03,2.22e-06,1.65e-03,2.23e-06
3-3-12,D,419,7281.23295015935,5.07e-10,4.32e-03,1.70e-06,1.23e-03,1.70e-06
3-3-12,D,420,7290.16080001969,5.85e-10,7.11e-03,3.33e-06,2.13e-03,3.33e-06
3-3-12,D,421,7298.55176346745,3.30e-09,8.71e-03,9.73e-07,9.04e-04,9.76e-07
3-3-12,D,422,7358.88408813902,5.94e-10,4.66e-03,2.67e-06,1.87e-03,2.67e-06
3-3-12,D,423,7364.23588537208,1.34e-09,3.96e-03,1.97e-06,1.61e-03,1.97e-06
3-3-12,D,424,7380.42775948743,1.35e-09,4.66e-03,2.84e-06,1.82e-03,2.84e-06
3-3-12,D,425,7413.39685217805,9.29e-09,3.92e-02,3.22e-06,2.22e-03,3.23e-06
3-3-12,D,426,7414.40163137185,7.96e-09,7.02e-03,2.00e-06,1.40e-03,2.00e-06
3-3-12,D,427,7427.17867317871,8.57e-09,1.36e-03,3.48e-06,2.30e-03,3.49e-06
3-3-12,D,428,7429.41095415928,3.89e-10,8.98e-03,5.03e-06,2.74e-03,5.02e-06
3-3-12,D,429,7460.90161633067,5.68e-10,6.20e-03,4.07e-06,2.41e-03,4.07e-06
3-3-12,D,430,7463.95768298713,2.54e-09,3.41e-03,2.76e-06,1.99e-03,2.75e-06
3-3-12,D,431,7481.23176144842,5.83e-09,1.35e-03,2.23e-06,1.71e-03,2.24e-06
3-3-12,D,432,7490.34135973999,2.76e-10,3.89e-03,2.19e-06,1.38e-03,2.19e-06
3-3-12,D,433,7492.00413121377,1.05e-09,1.62e-03,2.15e-06,1.72e-03,2.15e-06
3-3-12,D,434,7540.50030381881,9.28e-11,1.21e-03,8.58e-07,9.75e-04,8.58e-07
3-3-12,D,435,7557.99052546302,1.09e-10,6.40e-03,2.19e-06,1.81e-03,2.19e-06
3-3-12,D,436,7579.39960794894,5.81e-10,8.49e-03,6.45e-06,3.03e-03,6.44e-06
3-3-12,D,437,7582.78472368269,8.29e-09,1.95e-02,2.81e-06,1.88e-03,2.81e-06
3-3-12,D,438,7598.1734162863,5.68e-09,4.67e-03,3.03e-06,1.97e-03,3.04e-06
3-3-12,D,439,7615.05423096647,3.53e-09,5.86e-03,4.58e-06,2.62e-03,4.58e-06
3-3-12,D,440,7632.94859262166,1.42e-09,6.65e-03,5.73e-06,2.93e-03,5.73e-06
3-3-12,D,441,7647.26443375788,2.86e-09,6.66e-03,4.22e-06,2.70e-03,4.22e-06
3-3-12,D,442,7694.0117681468,1.02e-08,9.38e-03,5.10e-06,2.90e-03,5.11e-06
3-3-12,D,443,7698.95711205488,3.29e-09,2.38e-02,3.40e-06,2.19e-03,3.40e-06
3-3-12,D,444,7701.09028301525,4.40e-09,7.73e-03,5.94e-06,3.40e-03,5.94e-06
3-3-12,D,445,7705.04213906784,5.01e-10,7.63e-03,1.00e-05,4.41e-03,1.00e-05
3-3-12,D,446,7705.13175215855,8.36e-09,2.25e-03,4.50e-06,2.67e-03,4.51e-06
3-3-12,D,447,7768.89213581073,6.97e-09,1.71e-02,3.27e-06,2.15e-03,3.28e-06
3-3-12,D,448,7779.48823902504,5.32e-09,7.12e-03,6.66e-06,3.52e-03,6.66e-06
3-3-12,D,449,7782.11152346406,2.61e-09,5.59e-03,7.94e-06,3.71e-03,7.93e-06
3-3-12,D,450,7791.91650654901,3.22e-09,6.73e-03,3.81e-06,2.55e-03,3.81e-06
3-3-12,D,451,7813.76300722793,9.35e-10,1.60e-03,6.22e-06,3.67e-03,6.22e-06
3-3-12,D,452,7831.31126812959,8.75e-10,6.32e-03,3.48e-06,2.39e-03,3.48e-06
3-3-12,D,453,7831.79968839429,1.56e-10,3.50e-03,4.57e-06,2.69e-03,4.57e-06
3-3-12,D,454,7838.54555619109,2.09e-09,5.02e-03,8.01e-06,3.54e-03,8.01e-06
3-3-12,D,455,7891.70072488339,5.94e-09,5.84e-03,3.04e-06,2.17e-03,3.05e-06
3-3-12,D,456,7917.7838127981,4.33e-09,7.32e-03,4.95e-06,2.64e-03,4.94e-06
3-3-12,D,457,7926.37369176646,2.02e-09,4.23e-03,1.07e-05,4.69e-03,1.07e-05
3-3-12,D,458,7941.14708246162,3.18e-09,1.83e-02,6.09e-06,3.60e-03,6.09e-06
3-3-12,D,459,7951.60425864656,6.12e-09,7.44e-03,1.60e-05,6.71e-03,1.60e-05
3-3-12,D,460,7954.32554798166,1.25e-08,6.40e-03,7.81e-06,4.53e-03,7.83e-06
3-3-12,D,461,7981.75263314265,8.44e-09,2.81e-02,8.12e-06,4.37e-03,8.13e-06
3-3-12,D,462,7995.89732761354,1.93e-09,3.71e-03,1.31e-05,6.92e-03,1.31e-05
3-3-12,D,463,8002.29277263834,1.09e-08,1.52e-02,1.07e-05,4.87e-03,1.07e-05
3-3-12,D,464,8041.66568919428,3.13e-09,6.62e-03,2.22e-05,8.25e-03,2.22e-05
3-3-12,D,465,8065.75779489783,3.62e-09,9.71e-03,6.62e-06,3.49e-03,6.61e-06
3-3-12,D,466,8105.49194414856,3.15e-09,5.07e-03,1.00e-05,5.05e-03,1.00e-05
3-3-12,D,467,8109.23811228045,2.69e-09,7.54e-03,6.19e-06,3.85e-03,6.19e-06
3-3-12,D,468,8115.54841349983,4.67e-10,2.41e-03,4.19e-06,2.88e-03,4.19e-06
3-3-12,D,469,8118.59986145573,7.37e-09,1.43e-02,7.51e-06,4.46e-03,7.52e-06
3-3-12,D,470,8141.1704706009,2.34e-09,2.77e-03,3.94e-06,2.70e-03,3.94e-06
3-3-12,D,471,8160.64858526696,3.95e-10,3.89e-03,2.65e-06,2.27e-03,2.65e-06
3-3-12,D,472,8163.54555126171,1.96e-09,8.59e-03,9.39e-06,5.08e-03,9.39e-06
3-3-12,D,473,8180.9459275874,5.55e-09,8.98e-03,2.21e-05,8.10e-03,2.21e-05
3-3-12,D,474,8186.33934369543,5.61e-09,9.95e-03,1.08e-05,4.84e-03,1.08e-05
3-3-12,D,475,8236.60759159315,9.97e-09,1.55e-02,1.33e-05,6.27e-03,1.33e-05
3-3-12,D,476,8245.8405510316,8.95e-09,4.04e-03,5.97e-06,3.90e-03,5.98e-06
3-3-12,D,477,8255.40838443733,3.69e-09,6.09e-03,1.86e-05,6.94e-03,1.86e-05
3-3-12,D,478,8257.99327936767,4.58e-09,3.18e-03,5.27e-06,3.79e-03,5.27e-06
3-3-12,D,479,8267.61048458596,1.50e-08,2.11e-02,5.85e-06,3.65e-03,5.86e-06
3-3-12,D,480,8271.73552497089,9.77e-09,1.01e-02,9.18e-06,5.30e-03,9.19e-06
3-3-12,D,481,8289.62684210409,1.41e-08,2.27e-02,2.08e-05,8.38e-03,2.08e-05
3-3-12,D,482,8322.70999168009,2.14e-08,4.98e-03,2.32e-05,1.07e-02,2.32e-05
3-3-12,D,483,8350.94541787374,1.07e-09,7.12e-03,1.31e-05,5.73e-03,1.31e-05
3-3-12,D,484,8354.02605921151,1.15e-08,1.32e-02,5.09e-06,3.54e-03,5.10e-06
3-3-12,D,485,8380.5816384042,9.03e-09,2.75e-02,2.95e-05,1.12e-02,2.95e-05
3-3-12,D,486,8409.24769657943,5.88e-10,1.31e-02,1.60e-05,7.27e-03,1.60e-05
3-3-12,D,487,8410.03261288756,8.22e-10,8.00e-03,7.52e-06,3.92e-03,7.52e-06
3-3-12,D,488,8452.0888879004,2.84e-09,8.15e-03,7.90e-06,4.82e-03,7.90e-06
3-3-12,D,489,8462.53961983937,7.59e-09,4.73e-03,1.90e-05,9.28e-03,1.90e-05
3-3-12,D,490,8466.84786048615,8.47e-11,6.27e-03,7.84e-06,4.95e-03,7.84e-06
3-3-12,D,491,8475.11611913342,4.62e-09,9.04e-03,1.24e-05,5.39e-03,1.24e-05
3-3-12,D,492,8508.2147539861,3.69e-10,1.50e-02,1.99e-05,8.34e-03,1.99e-05
3-3-12,D,493,8528.50739799426,5.79e-09,1.03e-02,6.95e-06,4.58e-03,6.96e-06
3-3-12,D,494,8530.80728502614,6.25e-09,2.08e-02,1.26e-05,6.27e-03,1.26e-05
3-3-12,D,495,8549.7781027997,1.20e-08,2.15e-02,8.87e-06,5.31e-03,8.88e-06
3-3-12,D,496,8574.4175007839,8.47e-09,6.30e-03,2.37e-05,1.13e-02,2.37e-05
3-3-12,D,497,8580.82671380323,6.98e-09,3.04e-02,4.60e-05,1.59e-02,4.60e-05
3-3-12,D,498,8581.16159866848,6.93e-09,2.84e-02,1.61e-05,7.50e-03,1.61e-05
3-3-12,D,499,8596.79867015657,2.40e-09,4.96e-03,3.50e-06,2.94e-03,3.51e-06
3-3-12,D,500,8629.41425165453,4.86e-09,3.81e-02,1.90e-05,8.90e-03,1.90e-05
3-3-12,D,501,8640.48781143649,1.86e-09,1.59e-02,1.57e-05,7.72e-03,1.57e-05
3-3-12,D,502,8670.35281427336,1.00e-08,5.78e-03,1.58e-05,7.64e-03,1.58e-05
3-3-12,D,503,8680.14448161302,1.31e-08,1.57e-02,2.00e-05,8.89e-03,2.00e-05
3-3-12,D,504,8727.3181612156,5.05e-09,1.80e-02,1.45e-05,6.92e-03,1.45e-05
3-3-12,D,505,8730.25479376101,1.21e-08,6.94e-03,2.06e-05,9.52e-03,2.05e-05
3-3-12,D,506,8741.31696158399,2.63e-09,1.53e-02,1.10e-05,6.01e-03,1.10e-05
3-3-12,D,507,8762.91146371574,1.44e-09,9.85e-03,8.34e-06,5.38e-03,8.35e-06
3-3-12,D,508,8763.31409467152,1.56e-08,4.94e-02,3.94e-05,1.42e-02,3.94e-05
3-3-12,D,509,8794.2519527908,1.42e-08,1.86e-02,2.55e-05,1.13e-02,2.55e-05
3-3-12,D,510,8796.86829928989,9.24e-09,2.42e-02,2.24e-05,9.69e-03,2.24e-05
3-3-12,D,511,8828.98333381161,8.69e-09,1.32e-02,8.08e-06,4.40e-03,8.09e-06
3-3-12,D,512,8835.01406107474,3.55e-09,2.61e-02,1.63e-05,7.95e-03,1.63e-05
3-3-12,D,513,8866.63765297606,6.17e-09,8.06e-03,9.33e-06,5.46e-03,9.33e-06
3-3-12,D,514,8869.51870270268,1.70e-09,2.81e-02,1.48e-05,6.99e-03,1.48e-05
3-3-12,D,515,8890.35580247356,1.01e-08,1.38e-02,1.98e-05,8.98e-03,1.98e-05
3-3-12,D,516,8891.95263606099,8.06e-09,4.41e-02,2.27e-05,1.01e-02,2.27e-05
3-3-12,D,517,8908.01728589831,1.96e-08,4.57e-02,2.87e-05,1.21e-02,2.88e-05
3-3-12,D,518,8910.56108744953,1.42e-09,3.48e-02,1.34e-05,7.63e-03,1.34e-05
3-3-12,D,519,8929.85791547375,4.36e-08,5.62e-02,3.67e-05,1.33e-02,3.67e-05
3-3-12,D,520,8963.52587290377,9.55e-09,2.81e-02,2.08e-05,9.26e-03,2.08e-05
3-3-12,D,521,8997.48195391851,3.64e-08,2.50e-02,2.28e-05,9.72e-03,2.28e-05
3-3-12,D,522,9004.05524753947,4.14e-09,6.06e-03,1.19e-05,7.01e-03,1.19e-05
3-3-12,D,523,9013.28734583614,2.77e-08,8.12e-03,3.46e-05,1.49e-02,3.46e-05
3-3-12,D,524,9017.36385593469,6.40e-09,2.01e-02,7.12e-06,4.94e-03,7.13e-06
3-3-12,D,525,9043.94321579837,1.65e-08,5.48e-02,1.61e-05,8.48e-03,1.61e-05
3-3-12,D,526,9050.78037030682,8.01e-09,2.01e-02,2.07e-05,9.53e-03,2.07e-05
3-3-12,D,527,9067.77885061688,9.32e-09,1.01e-02,1.04e-05,6.69e-03,1.05e-05
3-3-12,D,528,9106.18963973947,7.10e-09,1.62e-02,2.55e-05,1.09e-02,2.55e-05
3-3-12,D,529,9119.46881389573,2.11e-08,5.98e-02,3.15e-05,1.30e-02,3.15e-05
3-3-12,D,530,9123.59196760968,1.34e-07,4.57e-02,4.73e-05,1.69e-02,4.74e-05
3-3-12,D,531,9128.09500066359,9.13e-11,6.68e-02,1.79e-05,8.62e-03,1.79e-05
3-3-12,D,532,9166.55481223844,4.01e-09,4.52e-02,1.87e-05,9.80e-03,1.87e-05
3-3-12,D,533,9191.48341976183,3.69e-08,7.47e-02,2.38e-05,1.14e-02,2.39e-05
3-3-12,D,534,9195.23469228341,5.42e-10,2.69e-02,1.84e-05,9.44e-03,1.84e-05
3-3-12,D,535,9203.92691015709,3.42e-08,1.68e-02,4.67e-05,1.90e-02,4.67e-05
3-3-12,D,536,9221.64363933362,3.89e-08,6.81e-02,2.33e-05,1.10e-02,2.34e-05
3-3-12,D,537,9229.97893038544,1.49e-09,3.98e-02,1.75e-05,8.94e-03,1.75e-05
3-3-12,D,538,9252.6394122842,4.27e-09,7.22e-02,2.22e-05,1.06e-02,2.22e-05
3-3-12,D,539,9300.893121275,9.29e-08,4.88e-02,2.53e-05,1.14e-02,2.54e-05
3-3-12,D,540,9314.36454660052,9.43e-08,2.45e-02,2.21e-05,1.06e-02,2.22e-05
3-3-12,D,541,9329.46862403096,4.73e-08,9.59e-03,5.28e-05,2.16e-02,5.28e-05
3-3-12,D,542,9333.27214775114,1.06e-08,5.94e-02,1.39e-05,7.54e-03,1.39e-05
3-3-12,D,543,9338.675947673,3.35e-09,9.19e-02,3.36e-05,1.35e-02,3.36e-05
3-3-12,D,544,9351.53498569386,5.88e-08,2.56e-02,1.57e-05,8.45e-03,1.57e-05
3-3-12,D,545,9411.13578250056,2.82e-09,4.06e-02,2.58e-05,1.24e-02,2.58e-05
3-3-12,D,546,9418.57339528616,2.02e-08,1.70e-02,4.52e-05,1.78e-02,4.53e-05
3-3-12,D,547,9428.51064629274,1.27e-07,6.07e-02,2.58e-05,1.15e-02,2.59e-05
3-3-12,D,548,9437.68379470089,2.14e-08,4.10e-02,2.08e-05,1.09e-02,2.08e-05
3-3-12,D,549,9466.49018666903,5.18e-10,1.31e-01,3.19e-05,1.48e-02,3.19e-05
3-3-12,D,550,9469.36033776708,4.25e-09,5.31e-02,3.36e-05,1.41e-02,3.36e-05
3-3-12,D,551,9489.6688942866,9.06e-08,5.23e-02,2.32e-05,1.05e-02,2.33e-05
3-3-12,D,552,9495.20820064345,3.89e-08,2.06e-02,2.03e-05,1.13e-02,2.03e-05
3-3-12,D,553,9518.87230407703,1.03e-07,5.98e-02,2.81e-05,1.25e-02,2.82e-05
3-3-12,D,554,9533.45029229611,5.70e-09,1.34e-01,2.63e-05,1.27e-02,2.63e-05
3-3-12,D,555,9537.109532236,9.54e-11,1.63e-02,2.85e-05,1.32e-02,2.85e-05
3-3-12,D,556,9550.6304753378,9.97e-09,1.63e-02,3.18e-05,1.49e-02,3.18e-05
3-3-12,D,557,9561.0056523403,9.48e-08,7.21e-02,2.41e-05,1.03e-02,2.42e-05
3-3-12,D,558,9565.53007581342,2.26e-09,7.69e-02,3.11e-05,1.39e-02,3.11e-05
3-3-12,D,559,9592.20121413447,5.37e-08,1.20e-01,3.48e-05,1.37e-02,3.49e-05
3-3-12,D,560,9625.43908125757,1.27e-08,3.10e-02,1.51e-05,9.33e-03,1.51e-05
3-3-12,D,561,9639.91890727348,9.69e-08,5.33e-02,3.20e-05,1.42e-02,3.21e-05
3-3-12,D,562,9662.02278183074,9.66e-11,2.46e-02,3.95e-05,1.84e-02,3.95e-05
3-3-12,D,563,9676.27301141899,3.10e-08,1.09e-01,4.07e-05,1.60e-02,4.07e-05
3-3-12,D,564,9710.74029994182,9.24e-09,2.12e-02,4.79e-05,2.09e-02,4.79e-05
3-3-12,D,565,9712.15371438993,2.86e-07,3.77e-02,3.77e-05,1.58e-02,3.80e-05
3-3-12,D,566,9748.60603659972,6.97e-08,4.02e-02,3.82e-05,1.74e-02,3.83e-05
3-3-12,D,567,9752.09779345582,1.77e-07,4.04e-02,3.35e-05,1.47e-02,3.36e-05
3-3-12,D,568,9760.22256387424,4.98e-08,2.21e-02,3.35e-05,1.53e-02,3.36e-05
3-3-12,D,569,9761.85827073217,1.50e-08,9.80e-02,3.75e-05,1.54e-02,3.75e-05
3-3-12,D,570,9769.9622387691,1.32e-08,2.75e-01,3.69e-05,1.62e-02,3.70e-05
3-3-12,D,571,9831.58680166139,5.49e-09,6.51e-02,3.09e-05,1.52e-02,3.09e-05
3-3-12,D,572,9841.46426257931,5.01e-09,1.48e-01,4.90e-05,1.78e-02,4.90e-05
3-3-12,D,573,9845.84594972443,2.22e-08,5.01e-02,3.32e-05,1.63e-02,3.32e-05
3-3-12,D,574,9859.9178345285,9.64e-08,7.95e-02,4.34e-05,1.69e-02,4.35e-05
3-3-12,D,575,9862.45772947984,3.08e-07,4.08e-02,4.25e-05,1.66e-02,4.28e-05
3-3-12,D,576,9895.72770335931,1.11e-09,1.94e-02,4.06e-05,1.96e-02,4.06e-05
3-3-12,D,577,9907.08724838601,6.41e-08,8.61e-02,4.13e-05,1.84e-02,4.13e-05
3-3-12,D,578,9908.22249103096,3.98e-08,1.46e-01,3.45e-05,1.56e-02,3.45e-05
3-3-12,D,579,9917.46196339339,1.27e-09,4.38e-02,2.77e-05,1.47e-02,2.76e-05
3-3-12,D,580,9944.88021984142,1.06e-07,7.27e-02,3.99e-05,1.75e-02,4.00e-05
3-3-12,D,581,9972.53110501855,1.17e-07,1.35e-01,6.56e-05,2.26e-02,6.57e-05
3-3-12,D,582,9994.08492472829,9.21e-08,6.49e-02,4.08e-05,1.59e-02,4.09e-05
3-3-12,D,583,10019.5688687029,7.51e-08,2.12e-02,6.00e-05,2.49e-02,6.01e-05
3-3-12,D,584,10031.520334159,3.50e-07,6.01e-02,5.86e-05,1.98e-02,5.90e-05
3-3-12,D,585,10065.9326707262,5.38e-08,9.51e-02,4.43e-05,2.05e-02,4.44e-05
3-3-12,D,586,10071.5137439291,1.41e-07,2.53e-02,5.20e-05,2.36e-02,5.22e-05
3-3-12,D,587,10072.3302533934,4.10e-08,1.35e-01,3.83e-05,1.70e-02,3.84e-05
3-3-12,D,588,10107.0518277007,9.41e-08,9.20e-02,6.00e-05,2.22e-02,6.01e-05
3-3-12,D,589,10122.6758061349,2.60e-07,2.17e-01,1.03e-04,3.24e-02,1.03e-04
3-3-12,D,590,10134.5591047876,5.32e-08,1.89e-01,5.02e-05,2.06e-02,5.02e-05
3-3-12,D,591,10151.312627706,1.00e-07,3.55e-02,4.01e-05,1.87e-02,4.02e-05
3-3-12,D,592,10171.3876078053,9.46e-08,5.00e-02,3.61e-05,1.81e-02,3.62e-05
3-3-12,D,593,10183.8181865107,2.42e-08,9.16e-02,3.40e-05,1.57e-02,3.41e-05
3-3-12,D,594,10188.3018492785,3.05e-07,6.39e-02,6.77e-05,2.32e-02,6.80e-05
3-3-12,D,595,10208.2518943592,2.32e-08,1.65e-01,5.30e-05,2.10e-02,5.30e-05
3-3-12,D,596,10246.5658492754,7.43e-09,2.66e-02,5.90e-05,2.49e-02,5.90e-05
3-3-12,D,597,10252.9323455271,2.39e-08,1.91e-01,5.94e-05,2.11e-02,5.94e-05
3-3-12,D,598,10257.8836683323,1.74e-08,2.48e-02,4.13e-05,1.88e-02,4.13e-05
3-3-12,D,599,10268.533409478,4.59e-07,7.54e-02,9.73e-05,2.80e-02,9.78e-05
3-3-12,D,600,10279.7477533456,1.89e-08,3.16e-02,2.29e-05,1.38e-02,2.29e-05
3-3-12,D,601,10310.1801932587,2.23e-07,1.02e-01,6.55e-05,2.66e-02,6.57e-05
3-3-12,D,602,10312.8083819428,1.98e-09,1.12e-01,6.75e-05,2.57e-02,6.75e-05
3-3-12,D,603,10345.3941410664,7.14e-09,2.97e-02,3.98e-05,2.04e-02,3.98e-05
3-3-12,D,604,10369.8407636079,6.44e-08,3.90e-02,2.47e-05,1.29e-02,2.48e-05
3-3-12,D,605,10381.188891286,1.49e-07,7.99e-02,6.72e-05,2.66e-02,6.73e-05
3-3-12,D,606,10383.8173434033,4.00e-07,1.03e-01,1.16e-04,3.26e-02,1.16e-04
3-3-12,D,607,10392.253331808,5.49e-09,1.47e-01,9.64e-05,3.20e-02,9.64e-05
3-3-12,D,608,10395.3155698602,1.19e-07,3.50e-02,4.04e-05,2.07e-02,4.05e-05
3-3-12,D,609,10404.102467,5.15e-07,1.68e-01,1.45e-04,3.86e-02,1.45e-04
3-3-12,D,610,10456.1458440252,4.65e-08,4.76e-02,9.90e-05,3.22e-02,9.89e-05
3-3-12,D,611,10487.8552363725,1.01e-07,9.44e-02,6.55e-05,2.69e-02,6.56e-05
3-3-12,D,612,10493.9428022253,9.02e-08,2.07e-01,7.07e-05,2.64e-02,7.07e-05
3-3-12,D,613,10495.0426013346,6.75e-08,2.23e-01,5.60e-05,2.48e-02,5.61e-05
3-3-12,D,614,10512.2676723301,1.61e-07,1.68e-01,9.73e-05,3.60e-02,9.75e-05
3-3-12,D,615,10539.5557806369,3.35e-10,7.35e-02,6.36e-05,2.69e-02,6.36e-05
3-3-12,D,616,10558.1444567856,6.81e-08,5.32e-02,5.26e-05,2.21e-02,5.27e-05
3-3-12,D,617,10558.4393106346,6.83e-07,1.27e-01,2.14e-04,5.13e-02,2.15e-04
3-3-12,D,618,10603.2958075599,1.24e-07,4.06e-02,1.10e-04,3.45e-02,1.10e-04
3-3-12,D,619,10619.8448676093,2.06e-08,5.45e-02,4.56e-05,2.10e-02,4.57e-05
3-3-12,D,620,10623.5120033959,1.15e-07,3.96e-02,5.94e-05,2.51e-02,5.95e-05
3-3-12,D,621,10631.9159664201,3.74e-07,2.90e-01,1.28e-04,3.93e-02,1.28e-04
3-3-12,D,622,10668.0995143011,1.31e-07,4.72e-02,7.73e-05,2.81e-02,7.75e-05
3-3-12,D,623,10678.9958402919,1.17e-07,5.17e-02,1.18e-04,3.88e-02,1.18e-04
3-3-12,D,624,10683.976129939,3.41e-07,1.62e-01,1.41e-04,3.93e-02,1.41e-04
3-3-12,D,625,10698.6874168217,1.94e-07,4.99e-02,1.60e-04,4.62e-02,1.60e-04
3-3-12,D,626,10715.6953009788,5.09e-08,7.34e-02,1.18e-04,3.89e-02,1.18e-04
3-3-12,D,627,10741.8555730671,9.05e-08,1.66e-01,1.35e-04,4.60e-02,1.35e-04
3-3-12,D,628,10748.7575800666,2.66e-07,8.09e-02,9.61e-05,3.07e-02,9.63e-05
3-3-12,D,629,10766.9761908525,4.97e-07,8.67e-02,1.95e-04,5.05e-02,1.95e-04
3-3-12,D,630,10813.4150939728,4.48e-07,2.65e-01,1.55e-04,4.29e-02,1.56e-04
3-3-12,D,631,10815.012069815,5.78e-08,1.04e-01,7.38e-05,3.12e-02,7.38e-05
3-3-12,D,632,10830.6624910606,1.70e-07,1.70e-01,7.35e-05,2.78e-02,7.37e-05
3-3-12,D,633,10853.4257771237,3.73e-07,6.51e-02,2.25e-04,5.69e-02,2.24e-04
3-3-12,D,634,10858.4406092383,1.28e-08,8.04e-02,1.25e-04,3.96e-02,1.24e-04
3-3-12,D,635,10865.4749257124,5.41e-08,8.46e-02,6.29e-05,2.78e-02,6.30e-05
3-3-12,D,636,10872.9002675241,4.93e-07,2.92e-01,1.78e-04,4.99e-02,1.78e-04
3-3-12,D,637,10880.7363154425,1.13e-08,5.35e-02,7.18e-05,3.11e-02,7.18e-05
3-3-12,D,638,10961.911226393,2.45e-07,2.56e-01,1.18e-04,3.78e-02,1.18e-04
3-3-12,D,639,10962.4224664946,4.21e-07,5.70e-02,1.42e-04,3.85e-02,1.42e-04
3-3-12,D,640,10964.1697433424,2.77e-07,8.09e-02,1.17e-04,3.55e-02,1.18e-04
3-3-12,D,641,10970.6874684078,9.49e-08,1.52e-01,9.93e-05,3.66e-02,9.94e-05
3-3-12,D,642,10981.057892944,9.06e-08,7.57e-02,1.85e-04,5.24e-02,1.85e-04
3-3-12,D,643,10985.6536854457,1.66e-07,7.14e-02,1.34e-04,4.16e-02,1.34e-04
3-3-12,D,644,11035.418273189,9.92e-07,9.44e-02,3.14e-04,7.20e-02,3.15e-04
3-3-12,D,645,11041.8224520761,5.64e-07,1.42e-01,3.47e-04,8.19e-02,3.47e-04
3-3-12,D,646,11055.5090690452,1.12e-07,7.15e-02,1.99e-04,5.76e-02,1.99e-04
3-3-12,D,647,11060.348360624,9.00e-08,5.43e-02,5.46e-05,2.78e-02,5.47e-05
3-3-12,D,648,11071.3623730181,1.96e-07,1.88e-01,9.72e-05,3.46e-02,9.74e-05
3-3-12,D,649,11086.4977021124,3.32e-08,2.26e-01,1.20e-04,4.03e-02,1.20e-04
3-3-12,D,650,11104.1893852639,5.34e-09,7.79e-02,7.65e-05,3.02e-02,7.65e-05
3-3-12,D,651,11130.5696614166,5.71e-07,2.84e-01,2.26e-04,5.87e-02,2.26e-04
3-3-12,D,652,11139.1254577334,1.35e-08,1.46e-01,1.17e-04,4.25e-02,1.17e-04
3-3-12,D,653,11166.2963967963,3.70e-07,7.30e-02,1.40e-04,3.98e-02,1.40e-04
3-3-12,D,654,11197.7713923154,1.72e-07,2.64e-01,2.13e-04,5.93e-02,2.13e-04
3-3-12,D,655,11206.6203130974,5.98e-07,1.64e-01,3.41e-04,8.08e-02,3.40e-04
3-3-12,D,656,11218.0685129694,2.02e-09,2.42e-01,1.62e-04,4.97e-02,1.62e-04
3-3-12,D,657,11236.4194406999,9.04e-07,2.40e-01,2.80e-04,6.81e-02,2.81e-04
3-3-12,D,658,11244.5100572603,1.95e-07,1.16e-01,2.19e-04,5.92e-02,2.19e-04
3-3-12,D,659,11271.3703498682,4.97e-07,1.07e-01,1.97e-04,5.30e-02,1.97e-04
3-3-12,D,660,11283.5168189051,1.48e-07,7.81e-02,1.50e-04,4.55e-02,1.50e-04
3-3-12,D,661,11295.4517348499,9.43e-08,1.52e-01,1.11e-04,4.31e-02,1.11e-04
3-3-12,D,662,11305.5247999266,5.33e-08,1.04e-01,8.18e-05,3.61e-02,8.19e-05
3-3-12,D,663,11322.2439708121,6.57e-08,1.06e-01,2.02e-04,5.87e-02,2.02e-04
3-3-12,D,664,11352.7442253848,8.08e-07,2.07e-01,2.81e-04,6.99e-02,2.82e-04
3-3-12,D,665,11366.7093400299,9.15e-07,1.14e-01,5.08e-04,1.13e-01,5.07e-04
3-3-12,D,666,11393.0374840949,9.62e-08,1.04e-01,8.82e-05,3.45e-02,8.83e-05
3-3-12,D,667,11395.6762972307,3.89e-08,1.20e-01,1.32e-04,4.27e-02,1.31e-04
3-3-12,D,668,11409.0451029182,1.77e-07,6.02e-01,2.14e-04,6.39e-02,2.14e-04
3-3-12,D,669,11429.503798251,1.15e-06,2.00e-01,2.77e-04,6.77e-02,2.78e-04
3-3-12,D,670,11450.6288308669,8.98e-07,2.48e-01,4.60e-04,1.02e-01,4.59e-04
3-3-12,D,671,11460.9096258712,1.24e-06,1.93e-01,2.84e-04,6.81e-02,2.85e-04
3-3-12,D,672,11464.9695749144,3.13e-08,1.64e-01,1.13e-04,4.51e-02,1.13e-04
3-3-12,D,673,11521.3830688818,6.59e-08,1.63e-01,1.27e-04,4.36e-02,1.27e-04
3-3-12,D,674,11536.5892898081,6.27e-07,3.06e-01,3.57e-04,8.39e-02,3.56e-04
3-3-12,D,675,11551.1946801556,1.80e-09,8.25e-02,1.00e-04,4.10e-02,1.00e-04
3-3-12,D,676,11555.7661573607,2.80e-07,2.32e-01,2.57e-04,6.87e-02,2.56e-04
3-3-12,D,677,11558.8238922427,2.59e-07,2.42e-01,2.30e-04,6.57e-02,2.30e-04
3-3-12,D,678,11573.1602662696,2.06e-07,3.04e-01,3.21e-04,8.38e-02,3.21e-04
3-3-12,D,679,11609.4473617639,1.95e-07,9.00e-02,1.73e-04,5.55e-02,1.73e-04
3-3-12,D,680,11620.2662484255,1.81e-06,3.03e-01,3.47e-04,8.08e-02,3.49e-04
3-3-12,D,681,11624.3587670165,4.53e-07,1.87e-01,3.18e-04,8.10e-02,3.17e-04
3-3-12,D,682,11651.6884153064,7.85e-07,1.41e-01,4.68e-04,1.09e-01,4.68e-04
3-3-12,D,683,11673.2529452779,3.36e-07,1.09e-01,3.29e-04,8.79e-02,3.28e-04
3-3-12,D,684,11697.5016797043,1.62e-06,2.18e-01,2.79e-04,6.97e-02,2.81e-04
3-3-12,D,685,11704.2600669767,1.65e-07,4.70e-01,2.02e-04,6.42e-02,2.02e-04
3-3-12,D,686,11708.609735308,1.90e-07,8.06e-02,8.55e-05,3.80e-02,8.57e-05
3-3-12,D,687,11730.7297016071,3.14e-07,2.38e-01,2.66e-04,7.36e-02,2.66e-04
3-3-12,D,688,11744.1224285206,5.62e-07,5.01e-01,3.50e-04,8.45e-02,3.49e-04
3-3-12,D,689,11768.1578863008,4.01e-07,2.62e-01,1.95e-04,5.87e-02,1.95e-04
3-3-12,D,690,11779.479642449,1.73e-07,1.07e-01,1.81e-04,5.58e-02,1.81e-04
3-3-12,D,691,11796.3246102286,2.12e-07,2.30e-01,1.90e-04,5.88e-02,1.90e-04
3-3-12,D,692,11810.0274545838,6.44e-07,2.75e-01,3.75e-04,9.17e-02,3.74e-04
3-3-12,D,693,11844.4701315257,2.14e-06,2.37e-01,3.15e-04,7.89e-02,3.17e-04
3-3-12,D,694,11844.6264232707,5.85e-07,3.09e-01,3.51e-04,8.87e-02,3.50e-04
3-3-12,D,695,11854.6080385244,3.56e-07,1.76e-01,3.25e-04,8.55e-02,3.25e-04
3-3-12,D,696,11861.2386922415,7.44e-07,7.55e-01,4.37e-04,1.05e-01,4.36e-04
3-3-12,D,697,11887.2549080992,5.82e-07,3.11e-01,2.54e-04,7.25e-02,2.55e-04
3-3-12,D,698,11898.1919370484,4.06e-07,1.34e-01,1.12e-04,4.44e-02,1.12e-04
3-3-12,D,699,11943.4299095057,1.83e-07,1.61e-01,2.11e-04,6.39e-02,2.11e-04
3-3-12,D,700,11948.0208545448,5.13e-07,2.48e-01,4.74e-04,1.10e-01,4.74e-04
3-3-12,D,701,11969.5169981164,1.40e-06,3.17e-01,3.03e-04,7.97e-02,3.05e-04
3-3-12,D,702,11989.8225105849,1.44e-07,1.38e-01,1.74e-04,6.56e-02,1.74e-04
3-3-12,D,703,11990.7654151179,4.11e-07,1.84e-01,3.48e-04,9.02e-02,3.47e-04
3-3-12,D,704,11998.9364176738,1.76e-07,1.88e-01,3.56e-04,9.42e-02,3.56e-04
3-3-12,D,705,12010.4215883103,1.38e-07,2.44e-01,2.82e-04,7.68e-02,2.82e-04
3-3-12,D,706,12038.0426956514,6.35e-07,1.99e-01,4.67e-04,1.15e-01,4.67e-04
3-3-12,D,707,12063.7583695908,8.36e-07,1.58e-01,1.73e-04,5.75e-02,1.74e-04
3-3-12,D,708,12079.6445429092,1.34e-06,3.14e-01,2.46e-04,6.95e-02,2.48e-04
3-3-12,D,709,12087.133558557,1.16e-06,2.53e-01,2.92e-04,7.91e-02,2.93e-04
3-3-12,D,710,12093.1245245547,1.01e-06,9.60e-01,5.40e-04,1.22e-01,5.39e-04
3-3-12,D,711,12117.2869353249,6.64e-07,5.22e-01,4.07e-04,9.80e-02,4.06e-04
3-3-12,D,712,12127.7103042201,6.93e-07,3.23e-01,4.43e-04,1.14e-01,4.42e-04
3-3-12,D,713,12166.1476698313,6.24e-07,3.30e-01,3.13e-04,8.62e-02,3.13e-04
3-3-12,D,714,12197.6111014432,2.03e-07,2.50e-01,2.74e-04,7.63e-02,2.74e-04
3-3-12,D,715,12204.8627529409,4.54e-07,3.53e-01,3.37e-04,8.71e-02,3.36e-04
3-3-12,D,716,12206.9487469184,1.04e-07,2.02e-01,2.83e-04,8.13e-02,2.83e-04
3-3-12,D,717,12231.2398904733,5.52e-07,2.11e-01,2.30e-04,7.58e-02,2.31e-04
3-3-12,D,718,12246.8839097645,1.88e-06,4.78e-01,3.43e-04,8.53e-02,3.45e-04
3-3-12,D,719,12258.9812594016,9.49e-07,4.31e-01,5.22e-04,1.18e-01,5.21e-04
3-3-12,D,720,12275.8112048773,2.29e-07,2.12e-01,3.92e-04,1.08e-01,3.92e-04
3-3-12,D,721,12306.6759991864,4.39e-07,2.97e-01,1.99e-04,6.48e-02,2.00e-04
3-3-12,D,722,12316.1474500942,1.47e-07,2.01e-01,3.12e-04,9.20e-02,3.12e-04
3-3-12,D,723,12330.4629721009,1.10e-06,4.36e-01,3.93e-04,9.88e-02,3.94e-04
3-3-12,D,724,12337.9339592902,5.34e-07,1.85e-01,4.12e-04,9.79e-02,4.12e-04
3-3-12,D,725,12356.3273254424,4.02e-07,2.42e-01,4.05e-04,1.03e-01,4.05e-04
3-3-12,D,726,12364.4031400211,5.51e-08,2.57e-01,4.81e-04,1.09e-01,4.81e-04
3-3-12,D,727,12406.1832921332,1.21e-06,6.33e-01,6.87e-04,1.48e-01,6.86e-04
3-3-12,D,728,12408.2023778359,1.03e-07,2.95e-01,3.05e-04,9.30e-02,3.05e-04
3-3-12,D,729,12427.1220484957,7.48e-07,2.57e-01,5.05e-04,1.31e-01,5.04e-04
3-3-12,D,730,12445.1443088663,1.25e-06,2.62e-01,2.94e-04,8.46e-02,2.95e-04
3-3-12,D,731,12446.433212644,5.66e-07,2.16e-01,3.86e-04,9.12e-02,3.87e-04
3-3-12,D,732,12467.0960299907,5.17e-07,4.95e-01,4.40e-04,1.08e-01,4.41e-04
3-3-12,D,733,12494.7069182092,1.19e-08,1.94e-01,2.70e-04,9.06e-02,2.70e-04
3-3-12,D,734,12508.2093805357,2.71e-06,8.10e-01,1.05e-03,1.83e-01,1.05e-03
3-3-12,D,735,12528.4888455572,4.52e-08,2.35e-01,3.34e-04,8.37e-02,3.34e-04
3-3-12,D,736,12549.8903285563,9.29e-07,5.08e-01,3.34e-04,9.12e-02,3.35e-04
3-3-12,D,737,12570.3413469708,7.39e-07,3.22e-01,5.24e-04,1.30e-01,5.24e-04
3-3-12,D,738,12571.3292974019,3.80e-07,2.99e-01,3.67e-04,1.01e-01,3.68e-04
3-3-12,D,739,12576.4010379404,1.19e-06,4.22e-01,6.22e-04,1.22e-01,6.21e-04
3-3-12,D,740,12585.9203306291,6.10e-07,3.10e-01,4.23e-04,1.02e-01,4.22e-04
3-3-12,D,741,12631.8167620583,7.42e-07,5.32e-01,3.77e-04,1.01e-01,3.78e-04
3-3-12,D,742,12647.7883104452,6.08e-07,2.35e-01,4.74e-04,1.32e-01,4.73e-04
3-3-12,D,743,12650.5700988102,5.27e-07,2.81e-01,6.11e-04,1.22e-01,6.12e-04
3-3-12,D,744,12675.6615167234,1.38e-08,2.18e-01,4.00e-04,1.09e-01,4.00e-04
3-3-12,D,745,12686.2531966088,3.34e-07,8.06e-01,4.16e-04,1.14e-01,4.16e-04
3-3-12,D,746,12697.531477814,2.50e-07,2.23e-01,4.62e-04,1.13e-01,4.62e-04
3-3-12,D,747,12705.1762439039,2.50e-06,3.54e-01,1.11e-03,2.08e-01,1.11e-03
3-3-12,D,748,12744.6876224104,3.76e-07,2.93e-01,7.40e-04,1.45e-01,7.40e-04
3-3-12,D,749,12766.41711683,5.55e-07,4.37e-01,7.07e-04,1.66e-01,7.06e-04
3-3-12,D,750,12784.8331660489,3.10e-07,4.76e-01,5.41e-04,1.23e-01,5.41e-04
3-3-12,D,751,12787.0680402682,1.88e-06,3.83e-01,7.54e-04,1.39e-01,7.53e-04
3-3-12,D,752,12796.2065349424,2.22e-06,4.80e-01,9.62e-04,1.74e-01,9.59e-04
3-3-12,D,753,12833.7794568293,2.96e-07,2.89e-01,7.07e-04,1.37e-01,7.07e-04
3-3-12,D,754,12847.0578780966,2.92e-06,4.04e-01,1.08e-03,1.77e-01,1.08e-03
3-3-12,D,755,12847.6474532327,1.86e-06,4.53e-01,8.84e-04,1.70e-01,8.82e-04
3-3-12,D,756,12850.5625606729,1.00e-06,3.68e-01,6.39e-04,1.68e-01,6.38e-04
3-3-12,D,757,12858.9762704292,1.16e-06,5.80e-01,7.97e-04,1.57e-01,7.96e-04
3-3-12,D,758,12883.7598378814,6.19e-08,4.04e-01,4.20e-04,1.08e-01,4.20e-04
3-3-12,D,759,12952.2456215105,1.00e-06,2.05e-01,6.71e-04,1.53e-01,6.70e-04
3-3-12,D,760,12952.7287393011,9.00e-08,8.20e-01,7.79e-04,1.59e-01,7.79e-04
3-3-12,D,761,12956.0778432765,5.67e-07,3.60e-01,4.88e-04,1.27e-01,4.87e-04
3-3-12,D,762,12969.1767487207,1.90e-07,6.08e-01,4.99e-04,1.17e-01,4.99e-04
3-3-12,D,763,12973.2093639882,7.69e-07,2.51e-01,7.89e-04,1.70e-01,7.88e-04
3-3-12,D,764,12976.0741849644,2.69e-07,2.32e-01,6.11e-04,1.45e-01,6.10e-04
3-3-12,D,765,12998.5536466374,5.04e-06,6.50e-01,1.67e-03,2.69e-01,1.67e-03
3-3-12,D,766,13017.4134088573,7.49e-07,1.01e+00,1.09e-03,1.99e-01,1.09e-03
3-3-12,D,767,13082.991901361,1.42e-06,5.26e-01,1.05e-03,1.99e-01,1.05e-03
3-3-12,D,768,13090.6192525683,9.93e-07,2.81e-01,1.07e-03,2.21e-01,1.07e-03
3-3-12,D,769,13097.5448252439,3.51e-06,5.54e-01,1.30e-03,2.14e-01,1.30e-03
3-3-12,D,770,13099.7669527031,2.70e-06,3.70e-01,1.17e-03,2.16e-01,1.17e-03
3-3-12,D,771,13107.6821805195,6.50e-07,8.91e-01,6.25e-04,1.47e-01,6.25e-04
3-3-12,D,772,13115.5822307727,2.54e-06,4.90e-01,1.66e-03,2.70e-01,1.66e-03
3-3-12,D,773,13123.4403750246,2.11e-07,2.45e-01,4.44e-04,1.22e-01,4.44e-04
3-3-12,D,774,13169.7250490921,2.61e-06,5.65e-01,1.07e-03,1.98e-01,1.07e-03
3-3-12,D,775,13215.9722412607,1.16e-05,9.66e-01,3.22e-03,3.99e-01,3.21e-03
3-3-12,D,776,13220.8892615238,1.38e-06,1.12e+00,9.71e-04,1.92e-01,9.70e-04
3-3-12,D,777,13222.9916262598,9.29e-07,4.24e-01,9.52e-04,1.77e-01,9.51e-04
3-3-12,D,778,13226.5805924938,9.41e-07,3.43e-01,6.45e-04,1.58e-01,6.44e-04
3-3-12,D,779,13242.6448738094,1.29e-06,4.49e-01,7.25e-04,1.60e-01,7.24e-04
3-3-12,D,780,13276.5129606069,1.16e-06,9.67e-01,9.78e-04,1.93e-01,9.77e-04
3-3-12,D,781,13286.5349180864,4.52e-06,6.26e-01,1.49e-03,2.38e-01,1.49e-03
3-3-12,D,782,13306.8316241664,3.10e-06,5.45e-01,1.48e-03,2.49e-01,1.47e-03
3-3-12,D,783,13309.3725460779,1.05e-06,4.02e-01,5.73e-04,1.29e-01,5.72e-04
3-3-12,D,784,13317.1776965445,2.09e-06,3.96e-01,9.52e-04,1.71e-01,9.50e-04
3-3-12,D,785,13323.1239831707,1.91e-06,7.63e-01,1.36e-03,2.48e-01,1.36e-03
3-3-12,D,786,13377.7011027247,3.90e-07,2.78e-01,9.51e-04,2.05e-01,9.51e-04
3-3-12,D,787,13393.7880972185,1.72e-08,1.66e+00,6.87e-04,1.56e-01,6.87e-04
3-3-12,D,788,13405.3391823799,1.84e-06,3.61e-01,9.18e-04,1.69e-01,9.16e-04
3-3-12,D,789,13406.4479613468,2.21e-06,1.16e+00,1.20e-03,2.42e-01,1.20e-03
3-3-12,D,790,13426.8501176269,5.11e-06,7.64e-01,1.73e-03,2.60e-01,1.72e-03
3-3-12,D,791,13467.5431322484,2.50e-06,1.31e+00,1.40e-03,2.51e-01,1.39e-03
3-3-12,D,792,13481.3906680538,3.45e-06,4.44e-01,1.83e-03,2.86e-01,1.83e-03
3-3-12,D,793,13487.7082032563,3.74e-06,7.07e-01,1.58e-03,2.61e-01,1.58e-03
3-3-12,D,794,13492.3776725636,6.92e-06,9.15e-01,2.16e-03,2.97e-01,2.16e-03
3-3-12,D,795,13501.6998282547,1.92e-06,7.75e-01,1.38e-03,2.53e-01,1.38e-03
3-3-12,D,796,13533.8689377833,1.68e-06,9.07e-01,1.12e-03,2.14e-01,1.12e-03
3-3-12,D,797,13539.6953371283,8.79e-06,1.05e+00,2.56e-03,3.40e-01,2.55e-03
3-3-12,D,798,13546.1893692815,5.20e-06,3.66e-01,1.89e-03,3.17e-01,1.88e-03
3-3-12,D,799,13581.1488380208,2.65e-06,4.77e-01,1.04e-03,1.85e-01,1.03e-03
3-3-12,D,800,13587.9547569042,2.77e-07,3.93e-01,4.11e-04,1.22e-01,4.12e-04
3-3-12,D,801,13593.9215710219,7.72e-06,1.04e+00,2.33e-03,3.08e-01,2.32e-03
3-3-12,D,802,13628.1398676034,4.14e-06,5.51e-01,1.64e-03,2.67e-01,1.63e-03
3-3-12,D,803,13639.9098092805,1.69e-06,5.52e-01,1.18e-03,2.52e-01,1.17e-03
3-3-12,D,804,13651.2184191945,8.69e-06,9.75e-01,2.68e-03,3.77e-01,2.67e-03
3-3-12,D,805,13668.3924613305,8.67e-07,1.68e+00,1.19e-03,2.29e-01,1.19e-03
3-3-12,D,806,13681.7519725999,1.53e-06,2.73e+00,1.34e-03,2.53e-01,1.34e-03
3-3-12,D,807,13710.6329456691,9.06e-06,1.07e+00,2.64e-03,3.72e-01,2.64e-03
3-3-12,D,808,13740.4623848338,8.13e-06,9.34e-01,2.54e-03,3.30e-01,2.53e-03
3-3-12,D,809,13759.1825545924,3.38e-06,1.05e+00,1.92e-03,3.20e-01,1.92e-03
3-3-12,D,810,13766.3529060597,1.96e-06,1.40e+00,1.27e-03,2.29e-01,1.27e-03
3-3-12,D,811,13779.181324531,4.35e-07,4.49e-01,1.13e-03,2.50e-01,1.13e-03
3-3-12,D,812,13802.867347189,1.30e-06,5.45e-01,1.28e-03,2.46e-01,1.28e-03
3-3-12,D,813,13826.5407485254,4.28e-06,3.38e-01,1.67e-03,2.95e-01,1.67e-03
3-3-12,D,814,13831.32968854,1.79e-06,2.19e+00,1.38e-03,2.62e-01,1.38e-03
3-3-12,D,815,13851.7425125981,1.02e-05,1.27e+00,3.04e-03,4.09e-01,3.03e-03
3-3-12,D,816,13868.6041402605,8.77e-07,5.03e-01,8.26e-04,1.96e-01,8.25e-04
3-3-12,D,817,13882.4278733042,1.67e-06,2.20e+00,1.16e-03,2.32e-01,1.16e-03
3-3-12,D,818,13885.0911485058,5.21e-06,9.88e-01,2.06e-03,3.28e-01,2.05e-03
3-3-12,D,819,13895.4238803302,2.93e-06,6.91e-01,1.49e-03,2.59e-01,1.49e-03
3-3-12,D,820,13905.6942230995,4.09e-06,7.09e-01,1.70e-03,3.00e-01,1.70e-03
3-3-12,D,821,13942.3014939853,2.68e-05,2.15e+00,6.44e-03,6.89e-01,6.41e-03
3-3-12,D,822,13951.2098166956,8.17e-07,5.96e-01,1.05e-03,2.42e-01,1.05e-03
3-3-12,D,823,13974.558597445,4.50e-06,7.02e-01,1.85e-03,3.22e-01,1.85e-03
3-3-12,D,824,13976.2890971549,3.07e-06,8.80e-01,2.31e-03,3.72e-01,2.31e-03
3-3-12,D,825,13996.8985096879,9.26e-06,8.83e-01,2.65e-03,3.60e-01,2.64e-03
3-3-12,D,826,14033.8226642975,1.51e-06,1.51e+00,1.39e-03,3.02e-01,1.39e-03
3-3-12,D,827,14040.5677788187,8.46e-06,1.10e+00,2.75e-03,3.85e-01,2.74e-03
3-3-12,D,828,14053.7378301869,1.26e-05,1.01e+00,3.65e-03,4.83e-01,3.64e-03
3-3-12,D,829,14061.5708084438,7.59e-06,1.21e+00,3.08e-03,4.73e-01,3.07e-03
3-3-12,D,830,14070.3875362445,6.52e-07,2.91e+00,8.01e-04,2.06e-01,8.02e-04
3-3-12,D,831,14108.8448298578,1.33e-06,5.37e-01,1.10e-03,2.35e-01,1.10e-03
3-3-12,D,832,14141.5272038663,1.35e-06,1.14e+00,4.74e-04,1.44e-01,4.76e-04
3-3-12,D,833,14147.4413111978,1.63e-06,1.15e+00,1.16e-03,2.45e-01,1.16e-03
3-3-12,D,834,14168.0765795347,2.20e-07,9.73e-01,1.91e-03,3.29e-01,1.91e-03
3-3-12,D,835,14169.5035556602,2.36e-06,3.70e+00,2.09e-03,3.60e-01,2.09e-03
3-3-12,D,836,14176.8276553625,3.24e-08,5.60e-01,1.61e-03,3.54e-01,1.61e-03
3-3-12,D,837,14218.5398255232,4.78e-06,8.47e-01,2.24e-03,3.87e-01,2.23e-03
3-3-12,D,838,14218.8248670627,3.73e-06,6.86e-01,1.87e-03,3.33e-01,1.87e-03
3-3-12,D,839,14234.6010290338,2.44e-05,2.44e+00,5.89e-03,6.25e-01,5.87e-03
3-3-12,D,840,14252.0308600578,3.26e-06,6.08e-01,1.81e-03,3.20e-01,1.81e-03
3-3-12,D,841,14272.5455804769,9.11e-06,1.45e+00,3.00e-03,4.53e-01,3.00e-03
3-3-12,D,842,14310.3695146084,9.64e-06,9.48e-01,2.85e-03,3.95e-01,2.84e-03
3-3-12,D,843,14315.1905646429,2.37e-07,1.50e+00,1.66e-03,3.04e-01,1.66e-03
3-3-12,D,844,14322.601969409,2.76e-05,1.91e+00,6.61e-03,7.15e-01,6.58e-03
3-3-12,D,845,14331.2670835894,1.21e-06,2.32e+00,1.29e-03,2.93e-01,1.29e-03
3-3-12,D,846,14346.4728268699,8.97e-06,1.29e+00,3.07e-03,4.48e-01,3.07e-03
3-3-12,D,847,14365.2594354471,2.52e-06,1.02e+00,1.77e-03,3.36e-01,1.77e-03
3-3-12,D,848,14419.2577133147,1.83e-05,1.14e+00,5.01e-03,6.03e-01,4.99e-03
3-3-12,D,849,14421.8085053955,7.43e-06,1.35e+00,2.73e-03,4.45e-01,2.72e-03
3-3-12,D,850,14432.6569823154,2.72e-06,6.14e-01,1.74e-03,3.46e-01,1.74e-03
3-3-12,D,851,14446.8685473901,1.03e-06,8.95e-01,1.00e-03,2.28e-01,1.00e-03
3-3-12,D,852,14462.7362980927,2.47e-06,1.01e+00,1.38e-03,2.89e-01,1.38e-03
3-3-12,D,853,14475.0638562392,5.95e-07,6.09e-01,1.36e-03,2.83e-01,1.36e-03
3-3-12,D,854,14485.5954522571,3.33e-06,9.15e-01,1.69e-03,3.00e-01,1.69e-03
3-3-12,D,855,14497.7688752241,9.01e-06,9.28e-01,2.94e-03,3.42e-01,2.93e-03
3-3-12,D,856,14498.2164533879,1.59e-05,1.35e+00,4.36e-03,6.27e-01,4.35e-03
3-3-12,D,857,14501.1825474231,1.50e-07,2.79e+00,1.86e-03,3.41e-01,1.86e-03
3-3-12,D,858,14513.4060474508,1.32e-06,3.99e+00,1.79e-03,3.54e-01,1.79e-03
3-3-12,D,859,14553.7658154482,2.90e-06,8.66e-01,2.58e-03,4.82e-01,2.58e-03
3-3-12,D,860,14577.5922801703,1.61e-06,7.10e-01,1.63e-03,3.23e-01,1.62e-03
3-3-12,D,861,14594.7123607367,5.25e-06,1.09e+00,2.30e-03,3.67e-01,2.30e-03
3-3-12,D,862,14606.0029865914,7.31e-07,2.21e+00,1.91e-03,3.52e-01,1.91e-03
3-3-12,D,863,14634.1519763413,1.87e-05,1.43e+00,5.32e-03,6.54e-01,5.30e-03
3-3-12,D,864,14660.3066808658,1.25e-06,1.84e+00,1.86e-03,3.32e-01,1.85e-03
3-3-12,D,865,14661.2514840158,6.23e-06,1.53e+00,2.52e-03,4.19e-01,2.52e-03
3-3-12,D,866,14690.5120185827,8.25e-07,1.08e+00,2.03e-03,3.57e-01,2.03e-03
3-3-12,D,867,14694.8414351136,1.32e-05,1.47e+00,4.92e-03,6.53e-01,4.90e-03
3-3-12,D,868,14726.9315130617,2.13e-05,1.35e+00,5.41e-03,6.10e-01,5.39e-03
3-3-12,D,869,14741.2332920538,4.31e-05,2.11e+00,9.89e-03,9.89e-01,9.85e-03
3-3-12,D,870,14753.5773047113,1.04e-05,1.96e+00,3.47e-03,5.00e-01,3.46e-03
3-3-12,D,871,14755.3798390886,2.71e-06,1.18e+00,2.14e-03,4.45e-01,2.14e-03
3-3-12,D,872,14788.6368002546,1.57e-06,1.05e+00,2.43e-03,4.17e-01,2.43e-03
3-3-12,D,873,14791.1420741711,1.08e-05,1.67e+00,3.87e-03,5.68e-01,3.86e-03
3-3-12,D,874,14811.8663167951,1.99e-06,1.41e+00,9.52e-04,2.33e-01,9.54e-04
3-3-12,D,875,14844.1861265052,5.29e-06,7.60e-01,2.84e-03,4.55e-01,2.83e-03
3-3-12,D,876,14857.6842005503,5.51e-06,7.12e-01,2.74e-03,4.95e-01,2.73e-03
3-3-12,D,877,14860.96092218,9.81e-07,1.42e+00,2.57e-03,4.48e-01,2.57e-03
3-3-12,D,878,14873.0123285812,2.45e-06,1.20e+00,2.56e-03,4.80e-01,2.55e-03
3-3-12,D,879,14891.5204650802,3.66e-06,2.98e+00,2.63e-03,4.33e-01,2.62e-03
3-3-12,D,880,14918.8974725468,3.29e-06,1.98e+00,2.78e-03,4.34e-01,2.78e-03
3-3-12,D,881,14951.325136993,1.95e-05,1.83e+00,5.70e-03,7.40e-01,5.68e-03
3-3-12,D,882,14959.8368121452,6.54e-06,9.17e-01,2.92e-03,5.07e-01,2.92e-03
3-3-12,D,883,14968.8445160303,6.01e-06,1.20e+00,2.32e-03,4.10e-01,2.33e-03
3-3-12,D,884,14968.9855612985,9.49e-07,3.03e+00,1.73e-03,3.50e-01,1.74e-03
3-3-12,D,885,14972.5743952375,5.98e-06,1.10e+00,1.88e-03,3.48e-01,1.88e-03
3-3-12,D,886,14993.9697707493,1.74e-05,1.05e+00,4.88e-03,6.22e-01,4.86e-03
3-3-12,D,887,15022.7582683427,1.88e-05,1.62e+00,5.05e-03,6.09e-01,5.03e-03
3-3-12,D,888,15051.3525524939,7.02e-06,1.13e+00,3.07e-03,4.55e-01,3.06e-03
3-3-12,D,889,15056.3464223744,7.38e-06,1.13e+00,3.16e-03,5.06e-01,3.15e-03
3-3-12,D,890,15063.1714487021,8.59e-06,1.85e+00,3.43e-03,5.25e-01,3.42e-03
3-3-12,D,891,15081.859913148,2.77e-05,1.02e+00,6.95e-03,7.90e-01,6.93e-03
3-3-12,D,892,15118.0655805013,8.25e-06,1.39e+00,3.22e-03,4.86e-01,3.21e-03
3-3-12,D,893,15132.862776191,1.14e-05,1.37e+00,3.21e-03,4.58e-01,3.22e-03
3-3-12,D,894,15155.4660545651,4.53e-06,1.90e+00,3.48e-03,5.47e-01,3.48e-03
3-3-12,D,895,15155.7846235533,5.02e-05,3.66e+00,1.17e-02,1.14e+00,1.17e-02
3-3-12,D,896,15180.2237016082,5.07e-06,1.67e+00,3.00e-03,5.65e-01,3.00e-03
3-3-12,D,897,15215.1611003796,2.90e-05,1.11e+00,7.62e-03,8.80e-01,7.59e-03
3-3-12,D,898,15228.044052036,1.09e-05,1.63e+00,4.34e-03,6.79e-01,4.33e-03
3-3-12,D,899,15233.6230760964,5.37e-06,1.15e+00,2.31e-03,4.13e-01,2.32e-03
3-3-12,D,900,15242.3299663292,8.04e-06,1.63e+00,3.61e-03,5.92e-01,3.60e-03
3-3-12,D,901,15258.0940722175,5.47e-06,3.11e+00,3.43e-03,5.24e-01,3.43e-03
3-3-12,D,902,15261.1629827681,9.38e-06,1.61e+00,2.56e-03,4.07e-01,2.57e-03
3-3-12,D,903,15266.1704325779,6.23e-06,1.76e+00,3.48e-03,5.91e-01,3.47e-03
3-3-12,D,904,15325.1140915188,1.63e-05,1.81e+00,5.22e-03,6.99e-01,5.21e-03
3-3-12,D,905,15342.457920653,1.93e-05,1.76e+00,5.70e-03,7.05e-01,5.69e-03
3-3-12,D,906,15373.1311231737,2.75e-06,1.16e+00,4.48e-03,5.94e-01,4.47e-03
3-3-12,D,907,15375.9729667992,3.31e-06,2.93e+00,4.66e-03,6.39e-01,4.66e-03
3-3-12,D,908,15382.1933731806,2.70e-06,1.33e+00,2.02e-03,3.90e-01,2.01e-03
3-3-12,D,909,15391.9881422354,5.05e-06,2.23e+00,2.61e-03,4.48e-01,2.61e-03
3-3-12,D,910,15397.2834579858,1.08e-06,1.38e+00,1.55e-03,3.76e-01,1.55e-03
3-3-12,D,911,15413.5875758148,1.92e-05,1.72e+00,6.51e-03,9.06e-01,6.49e-03
3-3-12,D,912,15419.5363904381,5.72e-06,2.09e+00,3.14e-03,5.39e-01,3.14e-03
3-3-12,D,913,15442.0959403573,2.34e-06,1.69e+00,3.24e-03,4.58e-01,3.24e-03
3-3-12,D,914,15493.1850374822,7.30e-07,1.11e+00,1.81e-03,4.34e-01,1.81e-03
3-3-12,D,915,15506.0771742116,3.36e-05,2.27e+00,9.12e-03,9.82e-01,9.09e-03
3-3-12,D,916,15507.1472549572,4.02e-05,1.45e+00,1.01e-02,1.06e+00,1.00e-02
3-3-12,D,917,15510.635331057,3.72e-05,3.52e+00,1.02e-02,1.15e+00,1.02e-02
3-3-12,D,918,15517.9060218685,9.75e-06,2.02e+00,3.99e-03,5.46e-01,4.00e-03
3-3-12,D,919,15551.8994792644,5.94e-06,1.73e+00,2.97e-03,4.86e-01,2.98e-03
3-3-12,D,920,15560.5479697323,7.97e-06,1.15e+00,4.64e-03,6.27e-01,4.63e-03
3-3-12,D,921,15569.5093220529,9.39e-06,2.91e+00,4.32e-03,6.61e-01,4.31e-03
3-3-12,D,922,15608.3314060562,1.08e-05,1.50e+00,4.41e-03,6.74e-01,4.40e-03
3-3-12,D,923,15621.0603525894,1.35e-05,2.48e+00,5.15e-03,7.55e-01,5.13e-03
3-3-12,D,924,15625.4974031836,1.21e-05,1.70e+00,4.63e-03,6.73e-01,4.62e-03
3-3-12,D,925,15647.4226010771,4.66e-06,2.71e+00,7.01e-03,8.25e-01,7.01e-03
3-3-12,D,926,15666.7889684205,7.91e-06,1.62e+00,3.88e-03,6.54e-01,3.88e-03
3-3-12,D,927,15675.6685320536,1.10e-06,2.43e+00,4.69e-03,6.71e-01,4.68e-03
3-3-12,D,928,15693.2478514845,5.51e-07,2.04e+00,4.52e-03,6.66e-01,4.52e-03
3-3-12,D,929,15733.7768637898,8.70e-06,2.11e+00,4.33e-03,7.05e-01,4.32e-03
3-3-12,D,930,15738.5334396217,2.30e-05,3.01e+00,7.64e-03,9.32e-01,7.62e-03
3-3-12,D,931,15753.0332057537,2.07e-05,1.94e+00,5.76e-03,7.04e-01,5.79e-03
3-3-12,D,932,15773.6471693992,1.40e-05,2.04e+00,5.56e-03,8.05e-01,5.54e-03
3-3-12,D,933,15790.9479179184,3.84e-06,2.70e+00,3.09e-03,5.73e-01,3.09e-03
3-3-12,D,934,15795.8899447917,1.30e-05,2.85e+00,5.27e-03,7.51e-01,5.26e-03
3-3-12,D,935,15804.8540476999,7.93e-06,2.46e+00,3.66e-03,5.99e-01,3.66e-03
3-3-12,D,936,15813.0851047083,2.15e-05,4.43e+00,7.17e-03,9.28e-01,7.15e-03
3-3-12,D,937,15835.319861043,1.86e-05,2.01e+00,6.84e-03,1.01e+00,6.82e-03
3-3-12,D,938,15851.3523661226,2.76e-05,2.01e+00,6.33e-03,7.61e-01,6.36e-03
3-3-12,D,939,15911.9441490299,1.70e-05,3.59e+00,6.28e-03,8.18e-01,6.27e-03
3-3-12,D,940,15940.7336997528,4.62e-05,1.89e+00,1.15e-02,1.20e+00,1.15e-02
3-3-12,D,941,15943.6602349136,2.57e-05,3.31e+00,8.10e-03,1.01e+00,8.08e-03
3-3-12,D,942,15947.477755651,1.44e-07,2.60e+00,3.88e-03,6.72e-01,3.88e-03
3-3-12,D,943,15952.6342426888,1.13e-05,1.59e+00,8.76e-03,6.70e-01,8.75e-03
3-3-12,D,944,15952.7544555805,1.43e-05,2.82e+00,3.67e-03,9.56e-01,3.69e-03
3-3-12,D,945,15965.0293517585,1.67e-05,3.00e+00,6.33e-03,8.65e-01,6.31e-03
3-3-12,D,946,16001.701614624,4.19e-06,1.95e+00,3.97e-03,6.43e-01,3.96e-03
3-3-12,D,947,16029.3070478342,2.35e-05,5.17e+00,7.90e-03,9.64e-01,7.88e-03
3-3-12,D,948,16060.8439880052,1.76e-05,1.93e+00,7.66e-03,9.14e-01,7.68e-03
3-3-12,D,949,16063.6416336096,2.15e-05,3.50e+00,5.29e-03,8.22e-01,5.31e-03
3-3-12,D,950,16070.9342748873,5.92e-06,2.03e+00,4.66e-03,6.84e-01,4.66e-03
3-3-12,D,951,16074.3584407609,1.15e-05,2.07e+00,5.67e-03,8.85e-01,5.66e-03
3-3-12,D,952,16075.1539619228,1.00e-05,1.78e+00,5.32e-03,8.30e-01,5.31e-03
3-3-12,D,953,16100.1501590435,2.10e-07,4.23e+00,5.05e-03,7.34e-01,5.05e-03
3-3-12,D,954,16109.2739112525,1.15e-05,2.43e+00,5.70e-03,8.69e-01,5.69e-03
3-3-12,D,955,16151.9204827901,1.24e-05,4.57e+00,5.42e-03,7.27e-01,5.41e-03
3-3-12,D,956,16167.9566444413,1.68e-06,3.25e+00,3.42e-03,6.05e-01,3.42e-03
3-3-12,D,957,16192.973848737,1.30e-05,1.86e+00,6.24e-03,8.61e-01,6.23e-03
3-3-12,D,958,16201.8694047614,1.30e-05,2.07e+00,5.89e-03,8.87e-01,5.87e-03
3-3-12,D,959,16213.955316736,5.38e-05,2.14e+00,7.68e-03,9.60e-01,7.74e-03
3-3-12,D,960,16244.6743564123,2.48e-05,5.36e+00,8.93e-03,1.12e+00,8.90e-03
3-3-12,D,961,16264.5803758801,1.46e-05,3.22e+00,6.30e-03,9.54e-01,6.28e-03
3-3-12,D,962,16267.5581716248,3.20e-06,4.81e+00,4.27e-03,6.89e-01,4.26e-03
3-3-12,D,963,16280.6087100882,9.13e-06,4.34e+00,5.18e-03,7.54e-01,5.18e-03
3-3-12,D,964,16319.7292479126,1.92e-06,2.18e+00,3.56e-03,6.21e-01,3.56e-03
3-3-12,D,965,16320.6291685784,4.48e-05,2.51e+00,7.32e-03,8.97e-01,7.37e-03
3-3-12,D,966,16328.9648832441,1.81e-05,3.28e+00,7.32e-03,9.91e-01,7.30e-03
3-3-12,D,967,16329.2529083664,1.50e-05,4.63e+00,1.15e-02,1.37e+00,1.15e-02
3-3-12,D,968,16334.3012015863,1.82e-05,3.64e+00,7.14e-03,9.33e-01,7.12e-03
3-3-12,D,969,16335.6380012765,1.06e-05,2.74e+00,4.77e-03,7.33e-01,4.78e-03
3-3-12,D,970,16390.4343570617,1.97e-05,5.19e+00,8.51e-03,1.04e+00,8.49e-03
3-3-12,D,971,16402.2511823741,2.72e-06,2.70e+00,4.37e-03,7.59e-01,4.36e-03
3-3-12,D,972,16425.273887835,1.12e-05,2.70e+00,6.80e-03,9.71e-01,6.79e-03
3-3-12,D,973,16449.4837247998,3.50e-05,5.65e+00,1.17e-02,1.42e+00,1.16e-02
3-3-12,D,974,16461.9601526026,3.84e-06,2.66e+00,4.43e-03,7.45e-01,4.43e-03
3-3-12,D,975,16491.4273264028,6.54e-06,3.14e+00,5.11e-03,8.44e-01,5.10e-03
3-3-12,D,976,16506.7695316588,2.48e-06,3.61e+00,5.82e-03,8.51e-01,5.82e-03
3-3-12,D,977,16513.3193967272,7.66e-06,3.08e+00,4.82e-03,7.55e-01,4.83e-03
3-3-12,D,978,16519.5341098048,4.40e-05,2.25e+00,6.61e-03,9.30e-01,6.65e-03
3-3-12,D,979,16530.9095256894,9.84e-06,3.36e+00,6.72e-03,1.01e+00,6.71e-03
3-3-12,D,980,16531.2746419406,7.37e-05,3.56e+00,8.68e-03,1.11e+00,8.76e-03
3-3-12,D,981,16556.4136273389,7.24e-06,4.97e+00,6.33e-03,9.14e-01,6.34e-03
3-3-12,D,982,16561.7286241149,1.82e-05,6.63e+00,9.13e-03,1.20e+00,9.12e-03
3-3-12,D,983,16598.7295321301,1.80e-05,3.31e+00,7.78e-03,1.09e+00,7.77e-03
3-3-12,D,984,16625.2686088289,1.24e-05,4.07e+00,7.48e-03,1.05e+00,7.47e-03
3-3-12,D,985,16674.4660674228,9.09e-06,4.40e+00,6.05e-03,9.70e-01,6.04e-03
3-3-12,D,986,16682.2252450363,1.27e-05,3.17e+00,8.70e-03,1.20e+00,8.68e-03
3-3-12,D,987,16686.3673091691,1.21e-06,3.14e+00,4.84e-03,8.23e-01,4.84e-03
3-3-12,D,988,16710.8911692045,1.10e-05,3.12e+00,6.04e-03,9.92e-01,6.05e-03
3-3-12,D,989,16718.3575908875,2.17e-05,3.06e+00,6.86e-03,9.83e-01,6.88e-03
3-3-12,D,990,16726.9707039754,1.35e-05,3.58e+00,7.03e-03,1.03e+00,7.02e-03
3-3-12,D,991,16731.4089805886,9.56e-06,4.40e+00,7.78e-03,1.09e+00,7.79e-03
3-3-12,D,992,16733.4822637886,2.68e-06,3.24e+00,4.48e-03,8.01e-01,4.48e-03
3-3-12,D,993,16758.2439181754,3.09e-05,5.81e+00,1.23e-02,1.51e+00,1.23e-02
3-3-12,D,994,16759.0441840334,3.16e-05,5.95e+00,1.05e-02,1.26e+00,1.05e-02
3-3-12,D,995,16779.7779781407,9.03e-05,5.69e+00,9.38e-03,1.15e+00,9.47e-03
3-3-12,D,996,16816.8968753276,1.43e-05,4.12e+00,7.43e-03,1.07e+00,7.42e-03
3-3-12,D,997,16817.2612598354,1.21e-05,4.98e+00,7.06e-03,1.02e+00,7.07e-03
3-3-12,D,998,16855.7078492756,3.93e-06,4.81e+00,5.87e-03,9.53e-01,5.88e-03
3-3-12,D,999,16858.3492656763,2.82e-05,4.59e+00,1.09e-02,1.39e+00,1.09e-02
3-3-12,D,1000,16873.9430579436,6.67e-07,5.41e+00,7.68e-03,1.20e+00,7.68e-03
3-3-12,D,1001,16938.167895753,1.31e-05,3.61e+00,7.80e-03,1.16e+00,7.78e-03
3-3-12,D,1002,16943.7356384136,2.18e-06,5.38e+00,8.84e-03,1.15e+00,8.84e-03
3-3-12,D,1003,16948.3089566371,8.48e-06,2.41e+00,5.92e-03,9.26e-01,5.91e-03
3-3-12,D,1004,16967.9741318799,6.08e-05,3.66e+00,7.09e-03,9.99e-01,7.15e-03
3-3-12,D,1005,16973.416288151,6.71e-06,3.25e+00,1.29e-02,1.55e+00,1.29e-02
3-3-12,D,1006,16974.1595749945,2.77e-05,9.96e+00,5.34e-03,8.92e-01,5.37e-03
3-3-12,D,1007,17003.6888207791,4.17e-05,7.97e+00,1.38e-02,1.55e+00,1.37e-02
3-3-12,D,1008,17029.7901847963,3.78e-05,4.37e+00,1.13e-02,1.32e+00,1.13e-02
3-3-12,D,1009,17044.7025722511,3.65e-06,4.12e+00,5.71e-03,9.32e-01,5.70e-03
3-3-12,D,1010,17067.5665469289,6.81e-05,2.76e+00,6.60e-03,9.81e-01,6.67e-03
3-3-12,D,1011,17086.8809014923,5.00e-05,3.54e+00,7.44e-03,1.16e+00,7.49e-03
3-3-12,D,1012,17099.7796691733,1.33e-05,4.58e+00,7.40e-03,1.13e+00,7.38e-03
3-3-12,D,1013,17116.0721298,1.51e-05,4.65e+00,9.47e-03,1.25e+00,9.46e-03
3-3-12,D,1014,17118.4531826686,3.91e-06,5.10e+00,6.71e-03,1.05e+00,6.72e-03
3-3-12,D,1015,17120.9028760392,2.83e-05,4.24e+00,8.92e-03,1.19e+00,8.89e-03
3-3-12,D,1016,17155.0969267903,4.25e-05,5.63e+00,1.12e-02,1.23e+00,1.12e-02
3-3-12,D,1017,17171.120018721,6.56e-05,4.51e+00,1.56e-02,1.70e+00,1.56e-02
3-3-12,D,1018,17196.0913196143,2.68e-06,4.80e+00,9.99e-03,1.31e+00,1.00e-02
3-3-12,D,1019,17198.1221016752,4.97e-05,5.62e+00,1.25e-02,1.52e+00,1.24e-02
3-3-12,D,1020,17217.3011695921,2.61e-05,5.40e+00,9.23e-03,1.25e+00,9.20e-03
3-3-12,D,1021,17232.5873368521,3.12e-05,5.61e+00,1.41e-02,1.61e+00,1.41e-02
3-3-12,D,1022,17240.1896348494,1.23e-06,8.81e+00,7.49e-03,1.14e+00,7.49e-03
3-3-12,D,1023,17263.1236772475,1.29e-04,6.02e+00,8.30e-03,1.12e+00,8.43e-03
3-3-12,D,1024,17283.9991170123,7.08e-06,3.62e+00,6.66e-03,9.73e-01,6.65e-03
3-3-12,D,1025,17286.1520783541,1.59e-05,6.70e+00,8.42e-03,1.17e+00,8.40e-03
3-3-12,D,1026,17297.8152073096,2.85e-05,3.99e+00,9.89e-03,1.28e+00,9.92e-03
3-3-12,D,1027,17325.3678757146,9.70e-06,3.84e+00,7.21e-03,1.13e+00,7.20e-03
3-3-12,D,1028,17333.5528872748,4.11e-05,1.02e+01,1.24e-02,1.43e+00,1.24e-02
3-3-12,D,1029,17374.0884795827,7.31e-06,5.88e+00,8.78e-03,1.31e+00,8.79e-03
3-3-12,D,1030,17385.4516986148,1.30e-05,5.03e+00,8.09e-03,1.11e+00,8.07e-03
3-3-12,D,1031,17387.2175208831,1.73e-05,4.91e+00,8.23e-03,1.18e+00,8.21e-03
3-3-12,D,1032,17396.0384285443,3.11e-05,5.53e+00,1.14e-02,1.37e+00,1.15e-02
3-3-12,D,1033,17401.5557073969,6.02e-05,4.47e+00,1.49e-02,1.62e+00,1.49e-02
3-3-12,D,1034,17411.2451512282,1.25e-04,8.64e+00,2.64e-02,2.39e+00,2.63e-02
3-3-12,D,1035,17452.0000049288,2.59e-05,3.75e+00,7.08e-03,1.02e+00,7.11e-03
3-3-12,D,1036,17471.5983290005,3.35e-05,5.55e+00,1.15e-02,1.43e+00,1.14e-02
3-3-12,D,1037,17502.1846232856,1.19e-05,5.86e+00,1.60e-02,1.80e+00,1.60e-02
3-3-12,D,1038,17512.03683647,4.02e-05,9.05e+00,1.23e-02,1.53e+00,1.24e-02
3-3-12,D,1039,17529.3562291998,3.32e-05,3.78e+00,1.06e-02,1.27e+00,1.06e-02
3-3-12,D,1040,17555.1656839798,8.79e-05,4.19e+00,2.08e-02,2.09e+00,2.07e-02
3-3-12,D,1041,17571.1056818847,6.44e-06,4.93e+00,1.02e-02,1.41e+00,1.02e-02
3-3-12,D,1042,17574.3307687128,2.85e-05,1.21e+01,1.39e-02,1.61e+00,1.39e-02
3-3-12,D,1043,17589.4618042683,1.42e-04,5.25e+00,2.76e-02,2.24e+00,2.74e-02
3-3-12,D,1044,17626.6373353494,1.15e-04,6.10e+00,2.11e-02,1.91e+00,2.10e-02
3-3-12,D,1045,17632.275194399,5.18e-05,5.62e+00,1.46e-02,1.73e+00,1.47e-02
3-3-12,D,1046,17646.0977906525,5.58e-05,6.11e+00,1.47e-02,1.65e+00,1.47e-02
3-3-12,D,1047,17668.3377888059,3.86e-05,7.91e+00,1.34e-02,1.60e+00,1.34e-02
3-3-12,D,1048,17682.8340463185,3.13e-05,8.07e+00,1.45e-02,1.68e+00,1.45e-02
3-3-12,D,1049,17688.7193476828,2.37e-05,6.09e+00,1.79e-02,1.89e+00,1.79e-02
3-3-12,D,1050,17691.3453203386,7.98e-05,4.69e+00,1.81e-02,1.81e+00,1.80e-02
3-3-12,D,1051,17699.4108723477,1.05e-04,8.48e+00,2.10e-02,2.09e+00,2.09e-02
3-3-12,D,1052,17711.9349438151,2.59e-05,1.10e+01,1.26e-02,1.57e+00,1.26e-02
3-3-12,D,1053,17772.8420959423,1.26e-04,5.01e+00,2.58e-02,2.39e+00,2.56e-02
3-3-12,D,1054,17792.2912195394,3.00e-05,1.00e+01,1.47e-02,1.76e+00,1.47e-02
3-3-12,D,1055,17803.0797485481,4.02e-06,4.88e+00,1.26e-02,1.54e+00,1.26e-02
3-3-12,D,1056,17814.9514091403,1.90e-05,4.13e+00,2.11e-02,2.10e+00,2.11e-02
3-3-12,D,1057,17819.6264209548,3.92e-05,5.24e+00,1.03e-02,1.25e+00,1.02e-02
3-3-12,D,1058,17827.0226413323,2.21e-05,1.35e+01,1.57e-02,1.65e+00,1.57e-02
3-3-12,D,1059,17863.3285979054,1.08e-04,8.72e+00,2.18e-02,1.86e+00,2.17e-02
3-3-12,D,1060,17872.1014380588,4.23e-05,4.04e+00,1.24e-02,1.62e+00,1.24e-02
3-3-12,D,1061,17874.2234039299,9.03e-06,5.83e+00,1.05e-02,1.28e+00,1.05e-02
3-3-12,D,1062,17895.2021095711,2.28e-04,7.59e+00,3.67e-02,2.63e+00,3.64e-02
3-3-12,D,1063,17930.6283824253,1.57e-04,4.01e+00,3.12e-02,2.82e+00,3.10e-02
3-3-12,D,1064,17942.8905927029,1.57e-04,1.03e+01,2.98e-02,2.53e+00,2.97e-02
3-3-12,D,1065,17955.7934346153,1.22e-04,7.21e+00,2.25e-02,1.96e+00,2.24e-02
3-3-12,D,1066,17977.3920050576,2.12e-05,5.89e+00,1.77e-02,1.87e+00,1.77e-02
3-3-12,D,1067,18009.7552299001,1.52e-04,9.43e+00,2.94e-02,2.41e+00,2.93e-02
3-3-12,D,1068,18030.7139244767,2.03e-05,5.27e+00,1.88e-02,2.04e+00,1.88e-02
3-3-12,D,1069,18036.3830270033,5.27e-05,7.39e+00,1.82e-02,1.84e+00,1.81e-02
3-3-12,D,1070,18039.3279625018,1.57e-05,6.60e+00,8.50e-03,1.23e+00,8.48e-03
3-3-12,D,1071,18073.8798484413,1.49e-04,4.01e+00,2.86e-02,2.47e+00,2.85e-02
3-3-12,D,1072,18078.2918749546,1.40e-04,1.47e+01,2.90e-02,2.40e+00,2.88e-02
3-3-12,D,1073,18089.3744988054,1.91e-04,1.10e+01,3.29e-02,2.76e+00,3.28e-02
3-3-12,D,1074,18109.1611021431,2.23e-04,1.11e+01,4.20e-02,3.34e+00,4.17e-02
3-3-12,D,1075,18121.3676257168,6.47e-05,6.11e+00,2.50e-02,2.33e+00,2.49e-02
3-3-12,D,1076,18139.3696995752,1.27e-04,8.26e+00,2.69e-02,2.39e+00,2.67e-02
3-3-12,D,1077,18164.2621880804,3.11e-05,5.00e+00,1.20e-02,1.63e+00,1.20e-02
3-3-12,D,1078,18167.6070367741,2.97e-05,5.74e+00,1.98e-02,1.96e+00,1.98e-02
3-3-12,D,1079,18189.2130088382,1.08e-04,6.26e+00,2.19e-02,2.08e+00,2.17e-02
3-3-12,D,1080,18199.6376169731,8.19e-05,9.80e+00,2.03e-02,2.00e+00,2.02e-02
3-3-12,D,1081,18208.2663842258,1.30e-04,8.51e+00,2.55e-02,2.18e+00,2.54e-02
3-3-12,D,1082,18215.2899493304,1.36e-04,1.04e+01,2.58e-02,2.43e+00,2.57e-02
3-3-12,D,1083,18240.058044028,1.09e-04,5.93e+00,2.08e-02,1.94e+00,2.07e-02
3-3-12,D,1084,18259.686560339,8.16e-05,4.99e+00,1.63e-02,1.65e+00,1.63e-02
3-3-12,D,1085,18274.4127580606,1.12e-04,1.01e+01,2.98e-02,2.73e+00,2.97e-02
3-3-12,D,1086,18277.8437143961,8.09e-05,8.84e+00,1.89e-02,1.91e+00,1.88e-02
3-3-12,D,1087,18281.0288614432,2.91e-05,1.20e+01,1.87e-02,1.87e+00,1.87e-02
3-3-12,D,1088,18328.3498912889,1.05e-04,5.34e+00,3.11e-02,2.61e+00,3.10e-02
3-3-12,D,1089,18349.8677420055,3.40e-04,6.43e+00,5.32e-02,3.43e+00,5.28e-02
3-3-12,D,1090,18358.7416624127,1.96e-04,6.07e+00,3.65e-02,3.40e+00,3.63e-02
3-3-12,D,1091,18362.8462543407,7.60e-05,8.07e+00,2.38e-02,2.44e+00,2.38e-02
3-3-12,D,1092,18408.973448099,1.58e-04,9.88e+00,2.98e-02,2.52e+00,2.96e-02
3-3-12,D,1093,18412.1033471509,4.43e-04,9.67e+00,6.23e-02,3.84e+00,6.18e-02
3-3-12,D,1094,18451.3535641126,1.27e-04,7.49e+00,2.93e-02,2.53e+00,2.92e-02
3-3-12,D,1095,18451.999658082,4.37e-05,1.17e+01,2.10e-02,2.27e+00,2.10e-02
3-3-12,D,1096,18464.446198216,4.89e-05,7.10e+00,1.57e-02,1.93e+00,1.57e-02
3-3-12,D,1097,18474.3978436834,1.23e-04,5.87e+00,3.31e-02,2.82e+00,3.30e-02
3-3-12,D,1098,18500.9450559802,3.04e-04,1.33e+01,4.86e-02,3.48e+00,4.83e-02
3-3-12,D,1099,18516.3130600056,3.76e-05,7.69e+00,1.56e-02,1.91e+00,1.56e-02
3-3-12,D,1100,18536.6159188852,5.19e-05,7.99e+00,1.98e-02,2.29e+00,1.98e-02
3-3-12,D,1101,18541.9541873017,1.75e-04,7.13e+00,3.33e-02,2.63e+00,3.31e-02
3-3-12,D,1102,18543.3010752169,1.39e-04,8.66e+00,2.91e-02,2.74e+00,2.90e-02
3-3-12,D,1103,18561.1486782942,2.05e-04,1.13e+01,4.13e-02,3.30e+00,4.10e-02
3-3-12,D,1104,18599.6705871994,2.92e-04,1.04e+01,5.73e-02,3.85e+00,5.70e-02
3-3-12,D,1105,18605.5229271151,1.17e-04,1.03e+01,2.39e-02,2.37e+00,2.38e-02
3-3-12,D,1106,18606.1096986187,2.37e-04,2.00e+01,4.70e-02,4.44e+00,4.68e-02
3-3-12,D,1107,18646.867449074,2.05e-04,1.09e+01,3.70e-02,3.00e+00,3.68e-02
3-3-12,D,1108,18654.4270691722,1.70e-04,5.65e+00,3.04e-02,2.63e+00,3.02e-02
3-3-12,D,1109,18679.0175909099,1.36e-04,1.11e+01,3.18e-02,2.80e+00,3.16e-02
3-3-12,D,1110,18689.2597905436,6.24e-05,4.93e+00,3.49e-02,2.90e+00,3.49e-02
3-3-12,D,1111,18709.0310761721,1.09e-04,5.96e+00,2.35e-02,2.41e+00,2.34e-02
3-3-12,D,1112,18746.9681921997,1.34e-04,1.03e+01,2.66e-02,2.47e+00,2.64e-02
3-3-12,D,1113,18757.5234301384,2.05e-05,6.69e+00,1.12e-02,1.75e+00,1.12e-02
3-3-12,D,1114,18758.2950087608,6.25e-04,1.20e+01,8.52e-02,4.97e+00,8.46e-02
3-3-12,D,1115,18765.6718992753,3.45e-05,1.49e+01,2.07e-02,2.31e+00,2.06e-02
3-3-12,D,1116,18811.0981511787,2.84e-04,4.97e+00,4.92e-02,3.70e+00,4.89e-02
3-3-12,D,1117,18826.9127107603,9.61e-05,8.48e+00,2.44e-02,2.00e+00,2.43e-02
3-3-12,D,1118,18827.4982714902,2.42e-04,9.41e+00,3.89e-02,3.47e+00,3.87e-02
3-3-12,D,1119,18831.362295689,1.57e-04,6.42e+00,3.31e-02,2.80e+00,3.30e-02
3-3-12,D,1120,18835.5780992047,1.99e-04,9.56e+00,4.02e-02,3.63e+00,4.00e-02
3-3-12,D,1121,18849.8803482847,1.52e-04,1.08e+01,3.81e-02,3.24e+00,3.79e-02
3-3-12,D,1122,18875.730379617,1.39e-04,1.01e+01,2.78e-02,2.55e+00,2.77e-02
3-3-12,D,1123,18919.9221760419,1.88e-04,8.86e+00,4.23e-02,3.42e+00,4.21e-02
3-3-12,D,1124,18934.8761247008,2.21e-04,1.10e+01,4.33e-02,3.46e+00,4.31e-02
3-3-12,D,1125,18968.7228577052,2.00e-04,8.06e+00,3.79e-02,2.66e+00,3.77e-02
3-3-12,D,1126,18969.0264186566,3.63e-04,2.47e+01,6.61e-02,5.64e+00,6.58e-02
3-3-12,D,1127,19011.4227038294,2.28e-04,1.10e+01,4.25e-02,3.34e+00,4.22e-02
3-3-12,D,1128,19012.9639005532,3.56e-04,1.31e+01,5.69e-02,3.90e+00,5.65e-02
3-3-12,D,1129,19017.530592916,1.16e-04,1.88e+01,2.85e-02,3.01e+00,2.84e-02
3-3-12,D,1130,19031.2907200997,1.39e-04,9.54e+00,3.27e-02,2.99e+00,3.26e-02
3-3-12,D,1131,19033.7261337138,2.26e-04,1.03e+01,4.44e-02,3.97e+00,4.41e-02
3-3-12,D,1132,19046.9537685804,7.22e-05,7.68e+00,2.41e-02,2.51e+00,2.41e-02
3-3-12,D,1133,19070.0770558118,1.52e-04,7.03e+00,3.20e-02,3.05e+00,3.19e-02
3-3-12,D,1134,19078.2766838752,1.44e-04,1.50e+01,3.48e-02,3.25e+00,3.46e-02
3-3-12,D,1135,19094.4480212011,5.76e-05,1.32e+01,1.83e-02,2.26e+00,1.82e-02
3-3-12,D,1136,19124.7099701028,1.34e-04,1.12e+01,2.92e-02,2.78e+00,2.91e-02
3-3-12,D,1137,19132.6812305711,3.92e-04,1.03e+01,5.96e-02,3.99e+00,5.92e-02
3-3-12,D,1138,19164.5419235461,1.71e-04,1.39e+01,3.94e-02,3.32e+00,3.92e-02
3-3-12,D,1139,19171.3755497984,1.41e-04,1.38e+01,3.22e-02,2.98e+00,3.21e-02
3-3-12,D,1140,19196.7290634574,4.35e-05,7.47e+00,2.25e-02,2.34e+00,2.25e-02
3-3-12,D,1141,19204.9144973432,1.89e-04,1.00e+01,3.61e-02,3.04e+00,3.60e-02
3-3-12,D,1142,19213.9444202574,3.68e-04,1.25e+01,5.79e-02,4.31e+00,5.75e-02
3-3-12,D,1143,19233.4602733174,3.12e-05,8.17e+00,1.69e-02,2.14e+00,1.69e-02
3-3-12,D,1144,19238.924861552,9.61e-05,1.57e+01,2.66e-02,2.87e+00,2.65e-02
3-3-12,D,1145,19263.9218502029,7.18e-05,9.41e+00,2.38e-02,2.34e+00,2.37e-02
3-3-12,D,1146,19267.1168117807,3.78e-04,7.26e+00,6.30e-02,4.83e+00,6.27e-02
3-3-12,D,1147,19294.2890128229,5.65e-04,1.26e+01,8.22e-02,4.78e+00,8.16e-02
3-3-12,D,1148,19311.3484816719,2.17e-04,1.64e+01,4.19e-02,3.63e+00,4.17e-02
3-3-12,D,1149,19319.3221494804,1.25e-04,1.25e+01,2.91e-02,2.91e+00,2.90e-02
3-3-12,D,1150,19350.2926216316,9.31e-05,9.55e+00,3.31e-02,3.01e+00,3.30e-02
3-3-12,D,1151,19356.8355755961,1.15e-04,9.13e+00,3.16e-02,3.30e+00,3.15e-02
3-3-12,D,1152,19359.205025431,2.65e-04,9.18e+00,4.82e-02,4.02e+00,4.79e-02
3-3-12,D,1153,19373.4256346848,1.57e-04,1.55e+01,3.12e-02,2.89e+00,3.10e-02
3-3-12,D,1154,19428.0412984035,3.30e-05,1.82e+01,2.56e-02,2.98e+00,2.55e-02
3-3-12,D,1155,19443.6755745254,2.97e-04,1.37e+01,5.59e-02,4.39e+00,5.56e-02
3-3-12,D,1156,19465.4268079129,3.50e-04,7.18e+00,5.95e-02,4.46e+00,5.91e-02
3-3-12,D,1157,19467.0672608664,1.55e-04,1.76e+01,3.95e-02,4.15e+00,3.94e-02
3-3-12,D,1158,19474.5826541635,4.04e-04,1.21e+01,6.06e-02,3.11e+00,6.02e-02
3-3-12,D,1159,19475.4973743427,3.22e-04,2.04e+01,6.38e-02,6.28e+00,6.34e-02
3-3-12,D,1160,19498.8852937104,7.30e-05,1.56e+01,2.50e-02,2.90e+00,2.49e-02
3-3-12,D,1161,19529.967317053,3.07e-04,1.17e+01,5.45e-02,4.17e+00,5.42e-02
3-3-12,D,1162,19535.2253364331,2.47e-04,1.52e+01,4.55e-02,3.71e+00,4.53e-02
3-3-12,D,1163,19540.8113077168,1.94e-04,1.89e+01,4.20e-02,3.70e+00,4.18e-02
3-3-12,D,1164,19583.1491204506,5.35e-05,1.43e+01,2.42e-02,2.59e+00,2.41e-02
3-3-12,D,1165,19601.3784901266,2.23e-04,1.58e+01,4.60e-02,4.12e+00,4.58e-02
3-3-12,D,1166,19607.3380538403,1.43e-04,1.66e+01,4.20e-02,3.52e+00,4.18e-02
3-3-12,D,1167,19623.4309738905,3.02e-04,2.24e+01,5.11e-02,4.08e+00,5.08e-02
3-3-12,D,1168,19637.8290405156,2.95e-04,1.29e+01,5.74e-02,4.49e+00,5.71e-02
3-3-12,D,1169,19660.4928258238,1.76e-04,1.31e+01,3.96e-02,3.66e+00,3.95e-02
3-3-12,D,1170,19680.1662216594,1.57e-04,1.29e+01,3.58e-02,3.39e+00,3.57e-02
3-3-12,D,1171,19681.4548008695,2.83e-04,1.81e+01,5.16e-02,4.19e+00,5.13e-02
3-3-12,D,1172,19739.0172463466,6.76e-04,1.06e+01,1.04e-01,3.54e+00,1.04e-01
3-3-12,D,1173,19739.3836242242,1.88e-04,1.41e+01,3.56e-02,6.60e+00,3.54e-02
3-3-12,D,1174,19776.8886980373,3.33e-04,7.45e+00,5.44e-02,4.09e+00,5.41e-02
3-3-12,D,1175,19777.4614007798,1.22e-04,1.36e+01,3.43e-02,3.80e+00,3.42e-02
3-3-12,D,1176,19795.4425157304,4.25e-05,9.36e+00,2.75e-02,3.19e+00,2.74e-02
3-3-12,D,1177,19797.1870730829,1.30e-04,1.23e+01,3.21e-02,3.18e+00,3.20e-02
3-3-12,D,1178,19800.8120112161,1.77e-04,1.39e+01,3.98e-02,3.43e+00,3.96e-02
3-3-12,D,1179,19820.5255663215,1.56e-04,1.43e+01,3.83e-02,3.45e+00,3.82e-02
3-3-12,D,1180,19834.8047752654,2.12e-04,1.16e+01,4.99e-02,4.26e+00,4.97e-02
3-3-12,D,1181,19873.4530057927,2.63e-04,1.87e+01,5.65e-02,4.67e+00,5.63e-02
3-3-12,D,1182,19893.0543804132,2.25e-04,1.05e+01,4.95e-02,4.28e+00,4.93e-02
3-3-12,D,1183,19894.3656230825,4.42e-04,1.82e+01,6.98e-02,5.01e+00,6.93e-02
3-3-12,D,1184,19908.8062688928,2.72e-04,1.72e+01,5.44e-02,4.59e+00,5.41e-02
3-3-12,D,1185,19912.5424603312,8.84e-05,2.05e+01,3.02e-02,3.34e+00,3.01e-02
3-3-12,D,1186,19939.343230634,8.00e-04,1.68e+01,1.10e-01,6.39e+00,1.10e-01
3-3-12,D,1187,19952.308264228,3.13e-04,1.44e+01,5.70e-02,4.04e+00,5.67e-02
3-3-12,D,1188,19956.3838816719,2.11e-04,2.10e+01,4.40e-02,4.67e+00,4.38e-02
3-3-12,D,1189,19966.8462764239,2.44e-04,2.82e+01,5.14e-02,4.44e+00,5.12e-02
3-3-12,D,1190,19999.874334005,1.04e-04,1.63e+01,3.03e-02,3.18e+00,3.02e-02
3-3-12,D,1191,20008.9034686039,2.25e-04,1.29e+01,4.58e-02,4.34e+00,4.56e-02
3-3-12,D,1192,20050.7339098401,1.80e-04,1.40e+01,3.98e-02,3.45e+00,3.96e-02
3-3-12,D,1193,20071.9454316231,1.65e-04,1.82e+01,4.35e-02,4.34e+00,4.34e-02
3-3-12,D,1194,20101.7604353054,1.02e-04,1.20e+01,3.86e-02,3.34e+00,3.85e-02
3-3-12,D,1195,20102.3748633612,1.60e-04,1.97e+01,4.46e-02,4.00e+00,4.44e-02
3-3-12,D,1196,20125.4818704568,8.52e-04,1.66e+01,1.22e-01,7.69e+00,1.21e-01
3-3-12,D,1197,20136.8730808631,1.06e-04,1.22e+01,3.16e-02,3.34e+00,3.15e-02
3-3-12,D,1198,20139.5108080831,3.96e-04,1.49e+01,7.59e-02,5.90e+00,7.55e-02
3-3-12,D,1199,20145.4244411494,4.93e-04,2.77e+01,7.12e-02,5.11e+00,7.07e-02
3-3-12,D,1200,20178.3787402378,6.18e-05,1.66e+01,2.86e-02,2.83e+00,2.86e-02
3-3-12,D,1201,20181.0555446292,1.59e-04,1.51e+01,3.75e-02,3.69e+00,3.73e-02
3-3-12,D,1202,20200.1815205727,3.68e-04,1.75e+01,6.66e-02,5.02e+00,6.62e-02
3-3-12,D,1203,20212.3842200592,2.06e-04,1.04e+01,4.73e-02,4.42e+00,4.71e-02
3-3-12,D,1204,20214.6300598135,2.06e-04,2.04e+01,5.81e-02,5.01e+00,5.79e-02
3-3-12,D,1205,20227.3364064877,4.76e-04,2.00e+01,7.11e-02,4.95e+00,7.06e-02
3-3-12,D,1206,20254.5535818875,2.59e-04,1.21e+01,5.06e-02,4.35e+00,5.04e-02
3-3-12,D,1207,20256.5096139202,2.32e-04,1.20e+01,5.35e-02,4.56e+00,5.33e-02
3-3-12,D,1208,20283.8486641329,2.61e-04,2.34e+01,5.38e-02,4.80e+00,5.35e-02
3-3-12,D,1209,20353.4033455232,2.58e-04,1.11e+01,5.61e-02,4.79e+00,5.58e-02
3-3-12,D,1210,20379.2033241232,7.91e-05,1.34e+01,3.30e-02,3.53e+00,3.29e-02
3-3-12,D,1211,20385.0396071736,4.29e-04,1.57e+01,6.83e-02,5.03e+00,6.79e-02
3-3-12,D,1212,20389.4138095947,2.03e-04,1.41e+01,5.15e-02,3.88e+00,5.13e-02
3-3-12,D,1213,20392.0987358333,1.73e-04,1.82e+01,4.84e-02,4.67e+00,4.82e-02
3-3-12,D,1214,20401.2709504131,1.06e-04,1.64e+01,3.79e-02,3.92e+00,3.78e-02
3-3-12,D,1215,20404.4032733127,7.48e-04,1.50e+01,1.15e-01,7.31e+00,1.15e-01
3-3-12,D,1216,20407.354337282,5.16e-04,1.81e+01,7.93e-02,5.24e+00,7.88e-02
3-3-12,D,1217,20419.5595909499,4.81e-04,1.89e+01,6.44e-02,3.60e+00,6.39e-02
3-3-12,D,1218,20419.8405703546,6.36e-04,2.49e+01,1.10e-01,8.84e+00,1.10e-01
3-3-12,D,1219,20440.8339198742,5.05e-04,2.20e+01,8.59e-02,6.56e+00,8.54e-02
3-3-12,D,1220,20448.1421349867,9.32e-04,4.72e+01,1.27e-01,8.15e+00,1.26e-01
3-3-12,D,1221,20531.8104545629,1.20e-04,1.27e+01,4.11e-02,4.14e+00,4.09e-02
3-3-12,D,1222,20535.4106932943,1.22e-04,1.16e+01,3.71e-02,3.84e+00,3.70e-02
3-3-12,D,1223,20540.5431663129,2.26e-04,2.28e+01,6.58e-02,5.81e+00,6.56e-02
3-3-12,D,1224,20564.0486406097,2.09e-04,2.26e+01,5.58e-02,5.02e+00,5.56e-02
3-3-12,D,1225,20597.1569723757,7.95e-04,2.24e+01,1.04e-01,6.36e+00,1.03e-01
3-3-12,D,1226,20615.0505139867,3.85e-04,1.32e+01,7.32e-02,5.38e+00,7.28e-02
3-3-12,D,1227,20622.3076845409,1.58e-04,1.87e+01,5.63e-02,5.25e+00,5.61e-02
3-3-12,D,1228,20636.1094188195,2.31e-04,1.35e+01,6.28e-02,4.62e+00,6.25e-02
3-3-12,D,1229,20640.1169706016,5.14e-04,1.97e+01,8.03e-02,5.56e+00,7.98e-02
3-3-12,D,1230,20658.4721003184,2.39e-04,1.73e+01,5.22e-02,4.51e+00,5.19e-02
3-3-12,D,1231,20676.4719983502,6.93e-04,1.98e+01,9.98e-02,6.76e+00,9.91e-02
3-3-12,D,1232,20683.1061096366,2.64e-04,1.46e+01,6.69e-02,6.14e+00,6.66e-02
3-3-12,D,1233,20695.7076148405,5.64e-04,2.55e+01,8.87e-02,6.04e+00,8.81e-02
3-3-12,D,1234,20721.7325801131,2.05e-04,1.74e+01,5.67e-02,5.27e+00,5.65e-02
3-3-12,D,1235,20740.058609878,1.72e-04,1.76e+01,4.74e-02,4.44e+00,4.72e-02
3-3-12,D,1236,20749.0409286049,9.53e-04,2.26e+01,1.27e-01,7.48e+00,1.26e-01
3-3-12,D,1237,20763.4454532719,2.16e-04,1.66e+01,5.47e-02,5.02e+00,5.45e-02
3-3-12,D,1238,20780.0853041013,1.79e-04,2.12e+01,5.19e-02,4.87e+00,5.17e-02
3-3-12,D,1239,20819.3951508897,4.99e-04,2.00e+01,9.34e-02,6.65e+00,9.29e-02
3-3-12,D,1240,20824.5745112186,2.20e-04,1.82e+01,5.28e-02,4.67e+00,5.26e-02
3-3-12,D,1241,20858.4316481052,3.32e-04,1.98e+01,7.47e-02,6.22e+00,7.44e-02
3-3-12,D,1242,20889.68937785,1.26e-03,1.43e+01,1.78e-01,6.42e+00,1.77e-01
3-3-12,D,1243,20893.4744130637,1.05e-03,1.86e+01,1.38e-01,7.52e+00,1.37e-01
3-3-12,D,1244,20896.6539354515,1.57e-04,2.33e+01,4.64e-02,8.22e+00,4.62e-02
3-3-12,D,1245,20905.8183764191,9.10e-04,3.46e+01,1.17e-01,7.66e+00,1.16e-01
3-3-12,D,1246,20928.7951412449,8.93e-04,3.91e+01,1.48e-01,9.51e+00,1.47e-01
3-3-12,D,1247,20966.0798312589,1.71e-04,1.19e+01,5.35e-02,4.89e+00,5.33e-02
3-3-12,D,1248,20969.0124671602,1.35e-04,1.53e+01,4.63e-02,4.92e+00,4.62e-02
3-3-12,D,1249,20969.8719832541,2.03e-04,2.82e+01,5.58e-02,5.42e+00,5.55e-02
3-3-12,D,1250,20998.650174645,5.17e-04,1.73e+01,8.10e-02,5.36e+00,8.05e-02
3-3-12,D,1251,21020.4422031678,1.53e-04,1.69e+01,6.55e-02,5.24e+00,6.54e-02
3-3-12,D,1252,21029.7142615558,9.76e-04,2.56e+01,1.16e-01,7.09e+00,1.15e-01
3-3-12,D,1253,21038.2810740237,2.23e-04,2.58e+01,5.47e-02,4.77e+00,5.44e-02
3-3-12,D,1254,21053.4776202385,2.71e-04,1.54e+01,6.37e-02,5.11e+00,6.34e-02
3-3-12,D,1255,21068.4358875434,4.63e-04,2.31e+01,9.17e-02,6.52e+00,9.12e-02
3-3-12,D,1256,21072.4484411581,4.28e-04,2.30e+01,7.40e-02,5.32e+00,7.36e-02
3-3-12,D,1257,21082.2145380959,5.75e-04,2.19e+01,9.57e-02,7.32e+00,9.51e-02
3-3-12,D,1258,21127.808897543,4.57e-04,1.55e+01,8.49e-02,6.46e+00,8.44e-02
3-3-12,D,1259,21136.3848713732,1.48e-04,1.51e+01,5.09e-02,5.18e+00,5.07e-02
3-3-12,D,1260,21158.1391603861,8.03e-04,2.02e+01,1.38e-01,8.45e+00,1.38e-01
3-3-12,D,1261,21193.5547690991,1.32e-04,1.87e+01,4.96e-02,5.02e+00,4.95e-02
3-3-12,D,1262,21197.1574868923,6.00e-04,2.20e+01,1.14e-01,6.84e+00,1.13e-01
3-3-12,D,1263,21214.3533807697,3.80e-04,1.49e+01,7.49e-02,6.29e+00,7.45e-02
3-3-12,D,1264,21221.643145347,2.07e-04,2.22e+01,5.52e-02,5.30e+00,5.50e-02
3-3-12,D,1265,21237.9055972286,2.54e-05,1.59e+01,3.45e-02,4.11e+00,3.45e-02
3-3-12,D,1266,21241.4245126869,5.70e-04,1.85e+01,9.64e-02,5.80e+00,9.58e-02
3-3-12,D,1267,21254.8628669802,6.11e-04,2.23e+01,8.52e-02,5.72e+00,8.46e-02
3-3-12,D,1268,21256.110022606,7.45e-04,4.21e+01,9.78e-02,6.82e+00,9.71e-02
3-3-12,D,1269,21293.5695259859,4.56e-04,1.70e+01,9.51e-02,7.06e+00,9.47e-02
3-3-12,D,1270,21312.588870076,1.55e-04,3.07e+01,5.64e-02,5.26e+00,5.62e-02
3-3-12,D,1271,21341.2516209033,1.12e-03,1.65e+01,2.00e-01,5.86e+00,1.99e-01
3-3-12,D,1272,21342.3667291163,3.26e-04,2.23e+01,6.56e-02,9.95e+00,6.53e-02
3-3-12,D,1273,21376.7264163491,1.55e-03,1.85e+01,2.02e-01,8.52e+00,2.00e-01
3-3-12,D,1274,21379.8409567695,3.53e-04,1.91e+01,6.85e-02,7.44e+00,6.82e-02
3-3-12,D,1275,21381.8749700525,9.37e-04,3.72e+01,1.35e-01,9.82e+00,1.34e-01
3-3-12,D,1276,21400.4570142192,7.79e-04,3.23e+01,1.15e-01,8.31e+00,1.15e-01
3-3-12,D,1277,21408.2641466656,6.33e-04,3.18e+01,1.07e-01,7.59e+00,1.06e-01
3-3-12,D,1278,21437.4097726516,6.69e-04,2.01e+01,9.58e-02,7.16e+00,9.52e-02
3-3-12,D,1279,21466.1971702187,9.86e-04,2.78e+01,1.39e-01,8.24e+00,1.38e-01
3-3-12,D,1280,21477.8728396687,3.25e-04,2.83e+01,8.11e-02,6.87e+00,8.07e-02
3-3-12,D,1281,21490.3601725283,5.33e-05,2.34e+01,5.43e-02,4.60e+00,5.43e-02
3-3-12,D,1282,21502.4115285756,3.84e-04,2.65e+01,7.40e-02,5.86e+00,7.36e-02
3-3-12,D,1283,21516.8834309863,4.25e-04,2.68e+01,1.26e-01,8.36e+00,1.26e-01
3-3-12,D,1284,21544.2951609063,9.95e-04,3.20e+01,1.39e-01,8.71e+00,1.38e-01
3-3-12,D,1285,21564.7160063309,7.69e-04,2.62e+01,1.18e-01,7.41e+00,1.17e-01
3-3-12,D,1286,21577.0317068605,2.06e-04,1.79e+01,5.47e-02,5.30e+00,5.45e-02
3-3-12,D,1287,21586.0853912065,6.78e-04,2.15e+01,1.00e-01,7.46e+00,9.98e-02
3-3-12,D,1288,21635.4286139007,4.15e-04,1.58e+01,8.05e-02,6.78e+00,8.01e-02
3-3-12,D,1289,21648.8945991959,5.50e-04,2.01e+01,1.05e-01,7.03e+00,1.05e-01
3-3-12,D,1290,21650.6135492798,9.91e-04,2.68e+01,1.47e-01,9.14e+00,1.46e-01
3-3-12,D,1291,21684.6406344123,2.84e-04,2.05e+01,7.54e-02,5.85e+00,7.51e-02
3-3-12,D,1292,21686.9609955355,8.04e-04,2.01e+01,1.35e-01,9.44e+00,1.35e-01
3-3-12,D,1293,21693.2099648863,8.96e-04,2.01e+01,1.49e-01,8.16e+00,1.49e-01
3-3-12,D,1294,21694.9195879355,1.47e-04,3.52e+01,9.33e-02,7.64e+00,9.34e-02
3-3-12,D,1295,21716.7914721731,1.81e-03,2.95e+01,2.13e-01,1.14e+01,2.11e-01
3-3-12,D,1296,21723.4348245665,1.24e-04,4.07e+01,6.94e-02,6.50e+00,6.93e-02
3-3-12,D,1297,21760.2951158232,1.40e-04,1.59e+01,4.97e-02,5.04e+00,4.96e-02
3-3-12,D,1298,21782.9591436561,5.54e-04,2.01e+01,9.82e-02,7.34e+00,9.77e-02
3-3-12,D,1299,21801.0100576642,4.03e-04,1.99e+01,9.48e-02,6.90e+00,9.44e-02
3-3-12,D,1300,21837.4245846509,7.54e-04,3.65e+01,1.28e-01,8.09e+00,1.27e-01
3-3-12,D,1301,21853.6677406989,4.27e-04,2.22e+01,8.22e-02,5.85e+00,8.17e-02
3-3-12,D,1302,21856.0512661051,1.41e-03,2.51e+01,2.00e-01,1.07e+01,1.98e-01
3-3-12,D,1303,21866.274567159,7.78e-04,2.35e+01,1.11e-01,7.15e+00,1.11e-01
3-3-12,D,1304,21867.947839607,5.87e-04,2.62e+01,9.64e-02,8.02e+00,9.58e-02
3-3-12,D,1305,21879.2500902129,5.86e-04,2.09e+01,1.40e-01,8.65e+00,1.39e-01
3-3-12,D,1306,21882.8662587802,1.00e-03,4.51e+01,1.46e-01,1.11e+01,1.45e-01
3-3-12,D,1307,21921.0120247333,3.40e-04,2.69e+01,9.12e-02,7.24e+00,9.09e-02
3-3-12,D,1308,21923.7673784072,1.10e-04,4.06e+01,8.41e-02,6.85e+00,8.40e-02
3-3-12,D,1309,21952.6143796271,3.71e-04,2.23e+01,6.86e-02,5.33e+00,6.82e-02
3-3-12,D,1310,21970.7909572279,8.41e-04,3.05e+01,1.71e-01,9.91e+00,1.70e-01
3-3-12,D,1311,21974.6899102687,2.34e-03,2.96e+01,2.45e-01,1.12e+01,2.43e-01
3-3-12,D,1312,21992.8869985605,4.54e-04,2.63e+01,9.04e-02,7.32e+00,8.99e-02
3-3-12,D,1313,22013.3054266039,4.79e-04,1.86e+01,8.60e-02,6.74e+00,8.56e-02
3-3-12,D,1314,22023.6970340349,2.27e-03,2.25e+01,3.34e-01,1.24e+01,3.32e-01
3-3-12,D,1315,22027.0543232859,9.04e-04,4.18e+01,1.40e-01,1.48e+01,1.39e-01
3-3-12,D,1316,22088.3560585343,9.80e-04,2.27e+01,1.30e-01,8.53e+00,1.30e-01
3-3-12,D,1317,22099.8057209315,1.79e-04,3.72e+01,7.34e-02,6.57e+00,7.32e-02
3-3-12,D,1318,22115.2345838007,6.05e-04,2.25e+01,9.59e-02,7.50e+00,9.53e-02
3-3-12,D,1319,22138.7832129626,1.01e-03,2.25e+01,1.46e-01,8.87e+00,1.45e-01
3-3-12,D,1320,22156.1854464265,4.97e-05,2.13e+01,5.10e-02,5.41e+00,5.09e-02
3-3-12,D,1321,22164.9296427824,6.96e-04,2.53e+01,1.29e-01,8.96e+00,1.29e-01
3-3-12,D,1322,22169.3561429889,3.26e-04,2.78e+01,1.08e-01,7.98e+00,1.08e-01
3-3-12,D,1323,22187.2521423601,3.73e-04,2.69e+01,9.43e-02,7.65e+00,9.39e-02
3-3-12,D,1324,22198.5122729386,3.90e-04,3.06e+01,1.70e-01,1.03e+01,1.70e-01
3-3-12,D,1325,22201.1134969824,2.16e-04,3.50e+01,1.22e-01,8.60e+00,1.22e-01
3-3-12,D,1326,22270.8577947162,1.42e-03,2.50e+01,1.95e-01,9.66e+00,1.93e-01
3-3-12,D,1327,22274.1432495511,1.07e-03,2.88e+01,1.48e-01,7.14e+00,1.47e-01
3-3-12,D,1328,22274.9280631397,6.49e-04,3.19e+01,1.00e-01,9.70e+00,9.95e-02
3-3-12,D,1329,22290.9144451709,1.06e-03,2.92e+01,1.59e-01,1.09e+01,1.58e-01
3-3-12,D,1330,22303.6690034732,1.55e-03,2.88e+01,1.92e-01,9.85e+00,1.90e-01
3-3-12,D,1331,22321.1120029236,8.61e-04,2.75e+01,1.14e-01,7.82e+00,1.13e-01
3-3-12,D,1332,22326.050745247,4.28e-04,3.25e+01,1.01e-01,6.92e+00,1.00e-01
3-3-12,D,1333,22336.6792622817,1.84e-03,3.82e+01,2.85e-01,1.45e+01,2.83e-01
3-3-12,D,1334,22375.2812501734,1.72e-03,3.10e+01,2.58e-01,1.66e+01,2.57e-01
3-3-12,D,1335,22386.6700121644,5.08e-04,3.55e+01,1.17e-01,8.61e+00,1.16e-01
3-3-12,D,1336,22399.0913431372,2.95e-04,4.21e+01,1.03e-01,8.62e+00,1.03e-01
3-3-12,D,1337,22422.0909398811,8.39e-05,2.28e+01,7.50e-02,6.26e+00,7.51e-02
3-3-12,D,1338,22422.3766383287,8.17e-04,3.05e+01,1.05e-01,7.34e+00,1.04e-01
3-3-12,D,1339,22426.4172232726,2.83e-04,4.10e+01,8.26e-02,7.72e+00,8.23e-02
3-3-12,D,1340,22433.3941458588,1.78e-03,4.17e+01,2.10e-01,1.12e+01,2.08e-01
3-3-12,D,1341,22489.9843423935,2.87e-03,2.77e+01,2.88e-01,1.01e+01,2.86e-01
3-3-12,D,1342,22490.9468653331,1.04e-03,3.30e+01,1.71e-01,1.40e+01,1.70e-01
3-3-12,D,1343,22503.1623063011,7.43e-04,2.67e+01,1.22e-01,9.02e+00,1.21e-01
3-3-12,D,1344,22507.9339271482,2.61e-04,3.43e+01,1.40e-01,9.98e+00,1.40e-01
3-3-12,D,1345,22519.7638460764,9.47e-04,3.99e+01,1.64e-01,1.06e+01,1.63e-01
3-3-12,D,1346,22573.4909355712,1.13e-03,2.37e+01,1.57e-01,8.78e+00,1.56e-01
3-3-12,D,1347,22590.9241234584,3.56e-04,2.54e+01,1.41e-01,9.59e+00,1.42e-01
3-3-12,D,1348,22594.0519311365,1.37e-03,2.94e+01,1.74e-01,9.10e+00,1.73e-01
3-3-12,D,1349,22599.0642799216,8.61e-04,2.98e+01,1.30e-01,9.24e+00,1.29e-01
3-3-12,D,1350,22602.9414071803,6.88e-04,2.95e+01,1.18e-01,9.59e+00,1.17e-01
3-3-12,D,1351,22606.1331437493,2.08e-03,4.15e+01,2.67e-01,1.57e+01,2.65e-01
3-3-12,D,1352,22642.1878128903,9.15e-04,5.33e+01,1.54e-01,1.09e+01,1.53e-01
3-3-12,D,1353,22684.6931698883,1.59e-03,2.46e+01,1.87e-01,1.07e+01,1.85e-01
3-3-12,D,1354,22693.7073086323,1.01e-05,3.14e+01,8.32e-02,6.87e+00,8.32e-02
3-3-12,D,1355,22717.7483020394,1.66e-03,2.70e+01,1.86e-01,1.09e+01,1.85e-01
3-3-12,D,1356,22732.8015112704,1.12e-03,2.52e+01,2.11e-01,1.33e+01,2.10e-01
3-3-12,D,1357,22749.108291349,2.32e-04,5.06e+01,1.30e-01,1.02e+01,1.30e-01
3-3-12,D,1358,22774.9538588625,1.59e-03,2.69e+01,2.17e-01,1.14e+01,2.16e-01
3-3-12,D,1359,22783.9290861166,6.50e-04,3.17e+01,1.80e-01,1.06e+01,1.79e-01
3-3-12,D,1360,22789.4862439387,1.97e-04,3.88e+01,9.84e-02,7.08e+00,9.82e-02
3-3-12,D,1361,22793.1684304474,2.60e-03,4.17e+01,3.44e-01,1.79e+01,3.41e-01
3-3-12,D,1362,22801.697506635,4.45e-04,5.88e+01,1.16e-01,1.10e+01,1.15e-01
3-3-12,D,1363,22872.9579452583,8.10e-04,3.98e+01,1.59e-01,1.01e+01,1.58e-01
3-3-12,D,1364,22874.2500852328,1.01e-03,4.38e+01,1.60e-01,1.07e+01,1.59e-01
3-3-12,D,1365,22898.2250951729,9.50e-04,2.85e+01,1.99e-01,8.64e+00,1.98e-01
3-3-12,D,1366,22903.0703523156,2.15e-03,3.37e+01,2.63e-01,1.42e+01,2.61e-01
3-3-12,D,1367,22905.4361615671,2.14e-03,5.20e+01,2.22e-01,1.60e+01,2.20e-01
3-3-12,D,1368,22931.0176248258,2.54e-03,3.91e+01,2.51e-01,1.14e+01,2.49e-01
3-3-12,D,1369,22931.4531684114,2.49e-03,4.72e+01,3.29e-01,1.77e+01,3.26e-01
3-3-12,D,1370,22945.5092914079,1.15e-03,3.45e+01,1.75e-01,1.13e+01,1.74e-01
3-3-12,D,1371,22950.5847262711,1.00e-03,4.81e+01,1.74e-01,1.14e+01,1.73e-01
3-3-12,D,1372,22972.0435745378,1.58e-03,4.09e+01,2.71e-01,1.60e+01,2.69e-01
3-3-12,D,1373,23013.9199654332,1.52e-03,2.69e+01,1.89e-01,1.14e+01,1.87e-01
3-3-12,D,1374,23023.1940325595,6.86e-04,3.98e+01,1.37e-01,9.60e+00,1.36e-01
3-3-12,D,1375,23058.1179105982,5.60e-04,3.52e+01,1.25e-01,9.46e+00,1.24e-01
3-3-12,D,1376,23066.8345786906,4.80e-04,3.25e+01,1.10e-01,8.69e+00,1.10e-01
3-3-12,D,1377,23074.0897833897,1.85e-03,3.07e+01,2.00e-01,1.19e+01,1.98e-01
3-3-12,D,1378,23092.4473983634,8.16e-04,3.21e+01,1.42e-01,1.04e+01,1.41e-01
3-3-12,D,1379,23103.0760114932,2.51e-04,4.30e+01,1.11e-01,8.73e+00,1.10e-01
3-3-12,D,1380,23131.1157681911,3.85e-04,3.23e+01,1.19e-01,9.74e+00,1.19e-01
3-3-12,D,1381,23136.7310575887,1.21e-03,3.18e+01,1.80e-01,1.14e+01,1.78e-01
3-3-12,D,1382,23146.2782178738,1.90e-03,3.02e+01,2.69e-01,1.25e+01,2.67e-01
3-3-12,D,1383,23148.4113118105,1.02e-03,5.37e+01,1.61e-01,1.27e+01,1.60e-01
3-3-12,D,1384,23159.3782712847,9.20e-04,5.31e+01,2.30e-01,1.48e+01,2.29e-01
3-3-12,D,1385,23195.9752640107,1.50e-03,3.52e+01,2.23e-01,1.31e+01,2.22e-01
3-3-12,D,1386,23199.1276985048,2.15e-03,4.14e+01,2.41e-01,1.29e+01,2.39e-01
3-3-12,D,1387,23220.2223474711,1.50e-03,3.64e+01,2.20e-01,1.46e+01,2.18e-01
3-3-12,D,1388,23263.3910570291,1.41e-03,4.21e+01,2.19e-01,1.28e+01,2.17e-01
3-3-12,D,1389,23272.3728374714,1.94e-03,3.37e+01,2.23e-01,1.16e+01,2.21e-01
3-3-12,D,1390,23303.3806049373,9.64e-04,3.50e+01,1.88e-01,1.21e+01,1.87e-01
3-3-12,D,1391,23308.3132569004,3.30e-03,3.69e+01,3.93e-01,1.19e+01,3.90e-01
3-3-12,D,1392,23309.4602778877,8.06e-04,5.06e+01,1.63e-01,1.50e+01,1.62e-01
3-3-12,D,1393,23319.3110620627,1.43e-03,5.30e+01,1.92e-01,1.29e+01,1.91e-01
3-3-12,D,1394,23325.114732926,1.49e-03,7.93e+01,2.27e-01,1.48e+01,2.25e-01
3-3-12,D,1395,23344.3439800383,1.01e-03,7.34e+01,1.67e-01,1.17e+01,1.66e-01
3-3-12,D,1396,23422.1416889168,4.19e-03,3.73e+01,4.80e-01,1.09e+01,4.76e-01
3-3-12,D,1397,23425.1378193671,2.08e-03,3.76e+01,2.45e-01,1.74e+01,2.43e-01
3-3-12,D,1398,23431.4451853569,3.02e-03,4.07e+01,3.48e-01,1.50e+01,3.45e-01
3-3-12,D,1399,23433.5454073312,1.29e-03,4.47e+01,1.72e-01,1.63e+01,1.70e-01
3-3-12,D,1400,23438.6584400342,1.87e-03,4.57e+01,2.37e-01,1.55e+01,2.35e-01
3-3-12,D,1401,23441.5362771252,7.47e-04,4.83e+01,1.54e-01,1.36e+01,1.53e-01
3-3-12,D,1402,23458.8299681464,6.87e-04,4.56e+01,1.36e-01,1.02e+01,1.35e-01
3-3-12,D,1403,23493.0705161208,6.46e-04,5.52e+01,2.12e-01,1.29e+01,2.11e-01
3-3-12,D,1404,23508.9904716948,1.59e-03,4.41e+01,2.16e-01,1.28e+01,2.14e-01
3-3-12,D,1405,23528.1307176489,1.06e-03,5.26e+01,1.69e-01,1.17e+01,1.68e-01
3-3-12,D,1406,23542.6446342642,1.50e-03,4.59e+01,2.27e-01,1.27e+01,2.25e-01
3-3-12,D,1407,23552.8339157798,1.68e-03,4.41e+01,2.13e-01,1.31e+01,2.12e-01
3-3-12,D,1408,23577.2975259825,2.80e-03,4.42e+01,3.36e-01,1.77e+01,3.33e-01
3-3-12,D,1409,23615.4181416384,1.48e-03,4.17e+01,2.15e-01,1.41e+01,2.14e-01
3-3-12,D,1410,23616.8338930284,4.63e-04,4.93e+01,1.71e-01,1.30e+01,1.70e-01
3-3-12,D,1411,23628.7054839091,1.68e-03,4.01e+01,2.41e-01,1.45e+01,2.40e-01
3-3-12,D,1412,23655.9844445326,1.03e-03,4.58e+01,1.89e-01,1.25e+01,1.88e-01
3-3-12,D,1413,23665.9349310917,1.25e-03,3.75e+01,1.87e-01,1.15e+01,1.86e-01
3-3-12,D,1414,23667.5873754925,6.94e-04,4.03e+01,1.73e-01,1.29e+01,1.72e-01
3-3-12,D,1415,23669.9258764571,1.01e-03,4.53e+01,2.00e-01,1.24e+01,1.99e-01
3-3-12,D,1416,23671.6492967391,1.05e-03,7.15e+01,1.88e-01,1.33e+01,1.87e-01
3-3-12,D,1417,23713.4523959534,3.39e-03,3.96e+01,3.81e-01,1.87e+01,3.78e-01
3-3-12,D,1418,23758.9660803539,1.27e-03,3.58e+01,1.88e-01,1.24e+01,1.87e-01
3-3-12,D,1419,23775.3597522012,2.22e-03,3.58e+01,2.26e-01,1.22e+01,2.24e-01
