orbifold,M,t,gap,nearest,log10_H_bound,N_C1,N_C2,N_obs,N_rule
"O(2,8,8)",12,1.000000e-05,2.082594e-05,"(0, (3, 3, 12))",-55286.992,,,,
"O(2,8,8)",12,1.017818e-05,2.119688e-05,"(0, (3, 3, 12))",-54318.975,,,,
"O(2,8,8)",12,1.035953e-05,2.157443e-05,"(0, (3, 3, 12))",-53367.903,,,,
"O(2,8,8)",12,1.054412e-05,2.195870e-05,"(0, (3, 3, 12))",-52433.481,,,,
"O(2,8,8)",12,1.073199e-05,2.234981e-05,"(0, (3, 3, 12))",-51515.417,,,,
"O(2,8,8)",12,1.092322e-05,2.274788e-05,"(0, (3, 3, 12))",-50613.425,,,,
"O(2,8,8)",12,1.111784e-05,2.315304e-05,"(0, (3, 3, 12))",-49727.223,,,,
"O(2,8,8)",12,1.131594e-05,2.356541e-05,"(0, (3, 3, 12))",-48856.535,,,,
"O(2,8,8)",12,1.151757e-05,2.398513e-05,"(0, (3, 3, 12))",-48001.089,,,,
"O(2,8,8)",12,1.172279e-05,2.441231e-05,"(0, (3, 3, 12))",-47160.619,,,,
"O(2,8,8)",12,1.193166e-05,2.484711e-05,"(0, (3, 3, 12))",-46334.862,,,,
"O(2,8,8)",12,1.214426e-05,2.528964e-05,"(0, (3, 3, 12))",-45523.561,,,,
"O(2,8,8)",12,1.236065e-05,2.574006e-05,"(0, (3, 3, 12))",-44726.463,,,,
"O(2,8,8)",12,1.258089e-05,2.619848e-05,"(0, (3, 3, 12))",-43943.319,,,,
"O(2,8,8)",12,1.280505e-05,2.666507e-05,"(0, (3, 3, 12))",-43173.884,,,,
"O(2,8,8)",12,1.303321e-05,2.713997e-05,"(0, (3, 3, 12))",-42417.919,,,,
"O(2,8,8)",12,1.326544e-05,2.762332e-05,"(0, (3, 3, 12))",-41675.189,,,,
"O(2,8,8)",12,1.350180e-05,2.811528e-05,"(0, (3, 3, 12))",-40945.461,,,,
"O(2,8,8)",12,1.374238e-05,2.861599e-05,"(0, (3, 3, 12))",-40228.507,,,,
"O(2,8,8)",12,1.398724e-05,2.912561e-05,"(0, (3, 3, 12))",-39524.104,,,,
"O(2,8,8)",12,1.423646e-05,2.964431e-05,"(0, (3, 3, 12))",-38832.033,,,,
"O(2,8,8)",12,1.449012e-05,3.017224e-05,"(0, (3, 3, 12))",-38152.078,,,,
"O(2,8,8)",12,1.474831e-05,3.070957e-05,"(0, (3, 3, 12))",-37484.025,,,,
"O(2,8,8)",12,1.501109e-05,3.125646e-05,"(0, (3, 3, 12))",-36827.668,,,,
"O(2,8,8)",12,1.527856e-05,3.181308e-05,"(0, (3, 3, 12))",-36182.801,,,,
"O(2,8,8)",12,1.555079e-05,3.237961e-05,"(0, (3, 3, 12))",-35549.223,,,,
"O(2,8,8)",12,1.582787e-05,3.295622e-05,"(0, (3, 3, 12))",-34926.736,,,,
"O(2,8,8)",12,1.610989e-05,3.354310e-05,"(0, (3, 3, 12))",-34315.147,,,,
"O(2,8,8)",12,1.639694e-05,3.414042e-05,"(0, (3, 3, 12))",-33714.265,,,,
"O(2,8,8)",12,1.668910e-05,3.474837e-05,"(0, (3, 3, 12))",-33123.901,,,,
"O(2,8,8)",12,1.698646e-05,3.536714e-05,"(0, (3, 3, 12))",-32543.873,,,,
"O(2,8,8)",12,1.728913e-05,3.599693e-05,"(0, (3, 3, 12))",-31973.998,,,,
"O(2,8,8)",12,1.759718e-05,3.663792e-05,"(0, (3, 3, 12))",-31414.100,,,,
"O(2,8,8)",12,1.791073e-05,3.729032e-05,"(0, (3, 3, 12))",-30864.004,,,,
"O(2,8,8)",12,1.822986e-05,3.795432e-05,"(0, (3, 3, 12))",-30323.538,,,,
"O(2,8,8)",12,1.855468e-05,3.863014e-05,"(0, (3, 3, 12))",-29792.533,,,,
"O(2,8,8)",12,1.888529e-05,3.931799e-05,"(0, (3, 3, 12))",-29270.824,,,,
"O(2,8,8)",12,1.922178e-05,4.001808e-05,"(0, (3, 3, 12))",-28758.248,,,,
"O(2,8,8)",12,1.956428e-05,4.073063e-05,"(0, (3, 3, 12))",-28254.645,,,,
"O(2,8,8)",12,1.991287e-05,4.145585e-05,"(0, (3, 3, 12))",-27759.858,,,,
"O(2,8,8)",12,2.026768e-05,4.219398e-05,"(0, (3, 3, 12))",-27273.734,,,,
"O(2,8,8)",12,2.062881e-05,4.294523e-05,"(0, (3, 3, 12))",-26796.119,,,,
"O(2,8,8)",12,2.099637e-05,4.370986e-05,"(0, (3, 3, 12))",-26326.866,,,,
"O(2,8,8)",12,2.137048e-05,4.448809e-05,"(0, (3, 3, 12))",-25865.827,,,,
"O(2,8,8)",12,2.175126e-05,4.528016e-05,"(0, (3, 3, 12))",-25412.859,,,,
"O(2,8,8)",12,2.213882e-05,4.608633e-05,"(0, (3, 3, 12))",-24967.822,,,,
"O(2,8,8)",12,2.253329e-05,4.690684e-05,"(0, (3, 3, 12))",-24530.575,,,,
"O(2,8,8)",12,2.293479e-05,4.774194e-05,"(0, (3, 3, 12))",-24100.982,,,,
"O(2,8,8)",12,2.334344e-05,4.859190e-05,"(0, (3, 3, 12))",-23678.910,,,,
"O(2,8,8)",12,2.375937e-05,4.945698e-05,"(0, (3, 3, 12))",-23264.227,,,,
"O(2,8,8)",12,2.418271e-05,5.033744e-05,"(0, (3, 3, 12))",-22856.804,,,,
"O(2,8,8)",12,2.461360e-05,5.123357e-05,"(0, (3, 3, 12))",-22456.513,,,,
"O(2,8,8)",12,2.505216e-05,5.214564e-05,"(0, (3, 3, 12))",-22063.229,,,,
"O(2,8,8)",12,2.549854e-05,5.307392e-05,"(0, (3, 3, 12))",-21676.831,,,,
"O(2,8,8)",12,2.595287e-05,5.401872e-05,"(0, (3, 3, 12))",-21297.196,,,,
"O(2,8,8)",12,2.641530e-05,5.498032e-05,"(0, (3, 3, 12))",-20924.208,,,,
"O(2,8,8)",12,2.688596e-05,5.595902e-05,"(0, (3, 3, 12))",-20557.749,,,,
"O(2,8,8)",12,2.736502e-05,5.695513e-05,"(0, (3, 3, 12))",-20197.706,,,,
"O(2,8,8)",12,2.785260e-05,5.796895e-05,"(0, (3, 3, 12))",-19843.966,,,,
"O(2,8,8)",12,2.834888e-05,5.900080e-05,"(0, (3, 3, 12))",-19496.418,,,,
"O(2,8,8)",12,2.885400e-05,6.005100e-05,"(0, (3, 3, 12))",-19154.954,,,,
"O(2,8,8)",12,2.936812e-05,6.111987e-05,"(0, (3, 3, 12))",-18819.469,,,,
"O(2,8,8)",12,2.989140e-05,6.220775e-05,"(0, (3, 3, 12))",-18489.856,,,,
"O(2,8,8)",12,3.042400e-05,6.331496e-05,"(0, (3, 3, 12))",-18166.013,,,,
"O(2,8,8)",12,3.096609e-05,6.444187e-05,"(0, (3, 3, 12))",-17847.840,,,,
"O(2,8,8)",12,3.151784e-05,6.558881e-05,"(0, (3, 3, 12))",-17535.237,,,,
"O(2,8,8)",12,3.207943e-05,6.675613e-05,"(0, (3, 3, 12))",-17228.106,,,,
"O(2,8,8)",12,3.265102e-05,6.794421e-05,"(0, (3, 3, 12))",-16926.353,,,,
"O(2,8,8)",12,3.323279e-05,6.915341e-05,"(0, (3, 3, 12))",-16629.881,,,,
"O(2,8,8)",12,3.382493e-05,7.038411e-05,"(0, (3, 3, 12))",-16338.600,,,,
"O(2,8,8)",12,3.442762e-05,7.163668e-05,"(0, (3, 3, 12))",-16052.418,,,,
"O(2,8,8)",12,3.504105e-05,7.291151e-05,"(0, (3, 3, 12))",-15771.246,,,,
"O(2,8,8)",12,3.566541e-05,7.420900e-05,"(0, (3, 3, 12))",-15494.996,,,,
"O(2,8,8)",12,3.630089e-05,7.552955e-05,"(0, (3, 3, 12))",-15223.582,,,,
"O(2,8,8)",12,3.694770e-05,7.687357e-05,"(0, (3, 3, 12))",-14956.920,,,,
"O(2,8,8)",12,3.760603e-05,7.824147e-05,"(0, (3, 3, 12))",-14694.926,,,,
"O(2,8,8)",12,3.827609e-05,7.963368e-05,"(0, (3, 3, 12))",-14437.519,,,,
"O(2,8,8)",12,3.895809e-05,8.105063e-05,"(0, (3, 3, 12))",-14184.617,,,,
"O(2,8,8)",12,3.965225e-05,8.249276e-05,"(0, (3, 3, 12))",-13936.144,,,,
"O(2,8,8)",12,4.035877e-05,8.396051e-05,"(0, (3, 3, 12))",-13692.020,,,,
"O(2,8,8)",12,4.107788e-05,8.545434e-05,"(0, (3, 3, 12))",-13452.169,,,,
"O(2,8,8)",12,4.180980e-05,8.697470e-05,"(0, (3, 3, 12))",-13216.518,,,,
"O(2,8,8)",12,4.255477e-05,8.852207e-05,"(0, (3, 3, 12))",-12984.992,,,,
"O(2,8,8)",12,4.331300e-05,9.009694e-05,"(0, (3, 3, 12))",-12757.519,,,,
"O(2,8,8)",12,4.408475e-05,9.169977e-05,"(0, (3, 3, 12))",-12534.028,,,,
"O(2,8,8)",12,4.487025e-05,9.333107e-05,"(0, (3, 3, 12))",-12314.450,,,,
"O(2,8,8)",12,4.566975e-05,9.499135e-05,"(0, (3, 3, 12))",-12098.716,,,,
"O(2,8,8)",12,4.648349e-05,9.668111e-05,"(0, (3, 3, 12))",-11886.759,,,,
"O(2,8,8)",12,4.731173e-05,9.840089e-05,"(0, (3, 3, 12))",-11678.512,,,,
"O(2,8,8)",12,4.815472e-05,1.001512e-04,"(0, (3, 3, 12))",-11473.911,,,,
"O(2,8,8)",12,4.901274e-05,1.019326e-04,"(0, (3, 3, 12))",-11272.891,,,,
"O(2,8,8)",12,4.988605e-05,1.037456e-04,"(0, (3, 3, 12))",-11075.391,,,,
"O(2,8,8)",12,5.077491e-05,1.055908e-04,"(0, (3, 3, 12))",-10881.348,,,,
"O(2,8,8)",12,5.167962e-05,1.074688e-04,"(0, (3, 3, 12))",-10690.703,,,,
"O(2,8,8)",12,5.260044e-05,1.093801e-04,"(0, (3, 3, 12))",-10503.394,,,,
"O(2,8,8)",12,5.353767e-05,1.113253e-04,"(0, (3, 3, 12))",-10319.365,,,,
"O(2,8,8)",12,5.449160e-05,1.133051e-04,"(0, (3, 3, 12))",-10138.558,,,,
"O(2,8,8)",12,5.546253e-05,1.153200e-04,"(0, (3, 3, 12))",-9960.916,,,,
"O(2,8,8)",12,5.645076e-05,1.173706e-04,"(0, (3, 3, 12))",-9786.383,,,,
"O(2,8,8)",12,5.745660e-05,1.194577e-04,"(0, (3, 3, 12))",-9614.906,,,,
"O(2,8,8)",12,5.848035e-05,1.215818e-04,"(0, (3, 3, 12))",-9446.432,,,,
"O(2,8,8)",12,5.952235e-05,1.237435e-04,"(0, (3, 3, 12))",-9280.906,,,,
"O(2,8,8)",12,6.058292e-05,1.259437e-04,"(0, (3, 3, 12))",-9118.278,,,,
"O(2,8,8)",12,6.166238e-05,1.281828e-04,"(0, (3, 3, 12))",-8958.497,,,,
"O(2,8,8)",12,6.276108e-05,1.304617e-04,"(0, (3, 3, 12))",-8801.514,,,,
"O(2,8,8)",12,6.387935e-05,1.327810e-04,"(0, (3, 3, 12))",-8647.279,,,,
"O(2,8,8)",12,6.501755e-05,1.351415e-04,"(0, (3, 3, 12))",-8495.743,,,,
"O(2,8,8)",12,6.617603e-05,1.375438e-04,"(0, (3, 3, 12))",-8346.861,,,,
"O(2,8,8)",12,6.735515e-05,1.399887e-04,"(0, (3, 3, 12))",-8200.585,,,,
"O(2,8,8)",12,6.855528e-05,1.424769e-04,"(0, (3, 3, 12))",-8056.870,,,,
"O(2,8,8)",12,6.977679e-05,1.450093e-04,"(0, (3, 3, 12))",-7915.671,,,,
"O(2,8,8)",12,7.102007e-05,1.475866e-04,"(0, (3, 3, 12))",-7776.943,,,,
"O(2,8,8)",12,7.228550e-05,1.502095e-04,"(0, (3, 3, 12))",-7640.645,,,,
"O(2,8,8)",12,7.357348e-05,1.528790e-04,"(0, (3, 3, 12))",-7506.732,,,,
"O(2,8,8)",12,7.488441e-05,1.555958e-04,"(0, (3, 3, 12))",-7375.164,,,,
"O(2,8,8)",12,7.621869e-05,1.583607e-04,"(0, (3, 3, 12))",-7245.899,,,,
"O(2,8,8)",12,7.757675e-05,1.611746e-04,"(0, (3, 3, 12))",-7118.897,,,,
"O(2,8,8)",12,7.895901e-05,1.640384e-04,"(0, (3, 3, 12))",-6994.118,,,,
"O(2,8,8)",12,8.036590e-05,1.669529e-04,"(0, (3, 3, 12))",-6871.524,,,,
"O(2,8,8)",12,8.179785e-05,1.699191e-04,"(0, (3, 3, 12))",-6751.076,,,,
"O(2,8,8)",12,8.325532e-05,1.729378e-04,"(0, (3, 3, 12))",-6632.737,,,,
"O(2,8,8)",12,8.473876e-05,1.760099e-04,"(0, (3, 3, 12))",-6516.469,,,,
"O(2,8,8)",12,8.624863e-05,1.791365e-04,"(0, (3, 3, 12))",-6402.237,,,,
"O(2,8,8)",12,8.778540e-05,1.823185e-04,"(0, (3, 3, 12))",-6290.005,,,,
"O(2,8,8)",12,8.934956e-05,1.855567e-04,"(0, (3, 3, 12))",-6179.737,,,,
"O(2,8,8)",12,9.094158e-05,1.888523e-04,"(0, (3, 3, 12))",-6071.400,,,,
"O(2,8,8)",12,9.256197e-05,1.922063e-04,"(0, (3, 3, 12))",-5964.959,,,,
"O(2,8,8)",12,9.421124e-05,1.956196e-04,"(0, (3, 3, 12))",-5860.382,,,,
"O(2,8,8)",12,9.588989e-05,1.990934e-04,"(0, (3, 3, 12))",-5757.636,,,,
"O(2,8,8)",12,9.759844e-05,2.026286e-04,"(0, (3, 3, 12))",-5656.688,,,,
"O(2,8,8)",12,9.933745e-05,2.062263e-04,"(0, (3, 3, 12))",-5557.508,,,,
"O(2,8,8)",12,1.011074e-04,2.098877e-04,"(0, (3, 3, 12))",-5460.064,,,,
"O(2,8,8)",12,1.029090e-04,2.136139e-04,"(0, (3, 3, 12))",-5364.326,,,,
"O(2,8,8)",12,1.047426e-04,2.174060e-04,"(0, (3, 3, 12))",-5270.264,,,,
"O(2,8,8)",12,1.066089e-04,2.212651e-04,"(0, (3, 3, 12))",-5177.849,,,,
"O(2,8,8)",12,1.085084e-04,2.251925e-04,"(0, (3, 3, 12))",-5087.051,,,,
"O(2,8,8)",12,1.104418e-04,2.291893e-04,"(0, (3, 3, 12))",-4997.844,,,,
"O(2,8,8)",12,1.124097e-04,2.332568e-04,"(0, (3, 3, 12))",-4910.198,,,,
"O(2,8,8)",12,1.144126e-04,2.373962e-04,"(0, (3, 3, 12))",-4824.086,,,,
"O(2,8,8)",12,1.164512e-04,2.416087e-04,"(0, (3, 3, 12))",-4739.482,,,,
"O(2,8,8)",12,1.185261e-04,2.458957e-04,"(0, (3, 3, 12))",-4656.359,,,,
"O(2,8,8)",12,1.206380e-04,2.502584e-04,"(0, (3, 3, 12))",-4574.691,,,,
"O(2,8,8)",12,1.227875e-04,2.546981e-04,"(0, (3, 3, 12))",-4494.453,,,,
"O(2,8,8)",12,1.249753e-04,2.592163e-04,"(0, (3, 3, 12))",-4415.620,,,,
"O(2,8,8)",12,1.272021e-04,2.638143e-04,"(0, (3, 3, 12))",-4338.167,,,,
"O(2,8,8)",12,1.294686e-04,2.684934e-04,"(0, (3, 3, 12))",-4262.069,,,,
"O(2,8,8)",12,1.317755e-04,2.732552e-04,"(0, (3, 3, 12))",-4187.304,,,,
"O(2,8,8)",12,1.341234e-04,2.781010e-04,"(0, (3, 3, 12))",-4113.848,,,,
"O(2,8,8)",12,1.365132e-04,2.830324e-04,"(0, (3, 3, 12))",-4041.678,,,,
"O(2,8,8)",12,1.389456e-04,2.880507e-04,"(0, (3, 3, 12))",-3970.771,,,,
"O(2,8,8)",12,1.414214e-04,2.931576e-04,"(0, (3, 3, 12))",-3901.106,,,,
"O(2,8,8)",12,1.439412e-04,2.983546e-04,"(0, (3, 3, 12))",-3832.661,,,,
"O(2,8,8)",12,1.465059e-04,3.036432e-04,"(0, (3, 3, 12))",-3765.413,,,,
"O(2,8,8)",12,1.491164e-04,3.090251e-04,"(0, (3, 3, 12))",-3699.343,,,,
"O(2,8,8)",12,1.517733e-04,3.145018e-04,"(0, (3, 3, 12))",-3634.430,,,,
"O(2,8,8)",12,1.544776e-04,3.200751e-04,"(0, (3, 3, 12))",-3570.653,,,,
"O(2,8,8)",12,1.572301e-04,3.257466e-04,"(0, (3, 3, 12))",-3507.993,,,,
"O(2,8,8)",12,1.600316e-04,3.315180e-04,"(0, (3, 3, 12))",-3446.429,,,,
"O(2,8,8)",12,1.628830e-04,3.373911e-04,"(0, (3, 3, 12))",-3385.944,,,,
"O(2,8,8)",12,1.657853e-04,3.433676e-04,"(0, (3, 3, 12))",-3326.517,,,,
"O(2,8,8)",12,1.687392e-04,3.494494e-04,"(0, (3, 3, 12))",-3268.131,,,,
"O(2,8,8)",12,1.717458e-04,3.556382e-04,"(0, (3, 3, 12))",-3210.767,,,,
"O(2,8,8)",12,1.748059e-04,3.619360e-04,"(0, (3, 3, 12))",-3154.407,,,,
"O(2,8,8)",12,1.779206e-04,3.683445e-04,"(0, (3, 3, 12))",-3099.034,,,,
"O(2,8,8)",12,1.810908e-04,3.748659e-04,"(0, (3, 3, 12))",-3044.630,,,,
"O(2,8,8)",12,1.843175e-04,3.815019e-04,"(0, (3, 3, 12))",-2991.179,,,,
"O(2,8,8)",12,1.876016e-04,3.882546e-04,"(0, (3, 3, 12))",-2938.663,,,,
"O(2,8,8)",12,1.909443e-04,3.951261e-04,"(0, (3, 3, 12))",-2887.067,,,,
"O(2,8,8)",12,1.943465e-04,4.021183e-04,"(0, (3, 3, 12))",-2836.375,,,,
"O(2,8,8)",12,1.978094e-04,4.092334e-04,"(0, (3, 3, 12))",-2786.569,,,,
"O(2,8,8)",12,2.013339e-04,4.164735e-04,"(0, (3, 3, 12))",-2737.636,,,,
"O(2,8,8)",12,2.049213e-04,4.238408e-04,"(0, (3, 3, 12))",-2689.560,,,,
"O(2,8,8)",12,2.085726e-04,4.313374e-04,"(0, (3, 3, 12))",-2642.325,,,,
"O(2,8,8)",12,2.122889e-04,4.389657e-04,"(0, (3, 3, 12))",-2595.917,,,,
"O(2,8,8)",12,2.160715e-04,4.467278e-04,"(0, (3, 3, 12))",-2550.321,,,,
"O(2,8,8)",12,2.199214e-04,4.546261e-04,"(0, (3, 3, 12))",-2505.524,,,,
"O(2,8,8)",12,2.238399e-04,4.626629e-04,"(0, (3, 3, 12))",-2461.511,,,,
"O(2,8,8)",12,2.278283e-04,4.708407e-04,"(0, (3, 3, 12))",-2418.269,,,,
"O(2,8,8)",12,2.318877e-04,4.791618e-04,"(0, (3, 3, 12))",-2375.784,,,,
"O(2,8,8)",12,2.360195e-04,4.876288e-04,"(0, (3, 3, 12))",-2334.042,,,,
"O(2,8,8)",12,2.402249e-04,4.962442e-04,"(0, (3, 3, 12))",-2293.032,,,,
"O(2,8,8)",12,2.445052e-04,5.050104e-04,"(0, (3, 3, 12))",-2252.739,,,,
"O(2,8,8)",12,2.488618e-04,5.139301e-04,"(0, (3, 3, 12))",-2213.152,,,,
"O(2,8,8)",12,2.532960e-04,5.230060e-04,"(0, (3, 3, 12))",-2174.258,,,,
"O(2,8,8)",12,2.578092e-04,5.322407e-04,"(0, (3, 3, 12))",-2136.045,,,,
"O(2,8,8)",12,2.624028e-04,5.416369e-04,"(0, (3, 3, 12))",-2098.500,,,,
"O(2,8,8)",12,2.670783e-04,5.511975e-04,"(0, (3, 3, 12))",-2061.614,,,,
"O(2,8,8)",12,2.718371e-04,5.609252e-04,"(0, (3, 3, 12))",-2025.373,,,,
"O(2,8,8)",12,2.766807e-04,5.708229e-04,"(0, (3, 3, 12))",-1989.766,,,,
"O(2,8,8)",12,2.816105e-04,5.808935e-04,"(0, (3, 3, 12))",-1954.783,,,,
"O(2,8,8)",12,2.866283e-04,5.911400e-04,"(0, (3, 3, 12))",-1920.412,,,,
"O(2,8,8)",12,2.917354e-04,6.015654e-04,"(0, (3, 3, 12))",-1886.643,,,,
"O(2,8,8)",12,2.969335e-04,6.121727e-04,"(0, (3, 3, 12))",-1853.466,,,,
"O(2,8,8)",12,3.022242e-04,6.229651e-04,"(0, (3, 3, 12))",-1820.869,,,,
"O(2,8,8)",12,3.076093e-04,6.339457e-04,"(0, (3, 3, 12))",-1788.843,,,,
"O(2,8,8)",12,3.130902e-04,6.451177e-04,"(0, (3, 3, 12))",-1757.377,,,,
"O(2,8,8)",12,3.186688e-04,6.564844e-04,"(0, (3, 3, 12))",-1726.463,,,,
"O(2,8,8)",12,3.243469e-04,6.680490e-04,"(0, (3, 3, 12))",-1696.090,,,,
"O(2,8,8)",12,3.301261e-04,6.798151e-04,"(0, (3, 3, 12))",-1666.248,,,,
"O(2,8,8)",12,3.360082e-04,6.917859e-04,"(0, (3, 3, 12))",-1636.929,,,,
"O(2,8,8)",12,3.419952e-04,7.039650e-04,"(0, (3, 3, 12))",-1608.124,,,,
"O(2,8,8)",12,3.480888e-04,7.163558e-04,"(0, (3, 3, 12))",-1579.822,,,,
"O(2,8,8)",12,3.542911e-04,7.289621e-04,"(0, (3, 3, 12))",-1552.017,,,,
"O(2,8,8)",12,3.606038e-04,7.417873e-04,"(0, (3, 3, 12))",-1524.698,,,,
"O(2,8,8)",12,3.670290e-04,7.548354e-04,"(0, (3, 3, 12))",-1497.857,,,,
"O(2,8,8)",12,3.735687e-04,7.681099e-04,"(0, (3, 3, 12))",-1471.486,,,,
"O(2,8,8)",12,3.802249e-04,7.816147e-04,"(0, (3, 3, 12))",-1445.577,,,,
"O(2,8,8)",12,3.869998e-04,7.953538e-04,"(0, (3, 3, 12))",-1420.122,,,,
"O(2,8,8)",12,3.938953e-04,8.093311e-04,"(0, (3, 3, 12))",-1395.112,,,,
"O(2,8,8)",12,4.009137e-04,8.235505e-04,"(0, (3, 3, 12))",-1370.541,,,,
"O(2,8,8)",12,4.080572e-04,8.380161e-04,"(0, (3, 3, 12))",-1346.399,,,,
"O(2,8,8)",12,4.153279e-04,8.527322e-04,"(0, (3, 3, 12))",-1322.680,,,,
"O(2,8,8)",12,4.227282e-04,8.677028e-04,"(0, (3, 3, 12))",-1299.377,,,,
"O(2,8,8)",12,4.302603e-04,8.829323e-04,"(0, (3, 3, 12))",-1276.481,,,,
"O(2,8,8)",12,4.379267e-04,8.984250e-04,"(0, (3, 3, 12))",-1253.986,,,,
"O(2,8,8)",12,4.457296e-04,9.141854e-04,"(0, (3, 3, 12))",-1231.886,,,,
"O(2,8,8)",12,4.536716e-04,9.302177e-04,"(0, (3, 3, 12))",-1210.172,,,,
"O(2,8,8)",12,4.617551e-04,9.465267e-04,"(0, (3, 3, 12))",-1188.838,,,,
"O(2,8,8)",12,4.699826e-04,9.631170e-04,"(0, (3, 3, 12))",-1167.878,,,,
"O(2,8,8)",12,4.783567e-04,9.799931e-04,"(0, (3, 3, 12))",-1147.285,,,,
"O(2,8,8)",12,4.868801e-04,9.971600e-04,"(0, (3, 3, 12))",-1127.052,,,,
"O(2,8,8)",12,4.955553e-04,1.014622e-03,"(0, (3, 3, 12))",-1107.174,,,,
"O(2,8,8)",12,5.043850e-04,1.032385e-03,"(0, (3, 3, 12))",-1087.644,,,,
"O(2,8,8)",12,5.133721e-04,1.050453e-03,"(0, (3, 3, 12))",-1068.455,,,,
"O(2,8,8)",12,5.225194e-04,1.068832e-03,"(0, (3, 3, 12))",-1049.603,,,,
"O(2,8,8)",12,5.318296e-04,1.087526e-03,"(0, (3, 3, 12))",-1031.081,,,,
"O(2,8,8)",12,5.413057e-04,1.106541e-03,"(0, (3, 3, 12))",-1012.883,,,,
"O(2,8,8)",12,5.509506e-04,1.125882e-03,"(0, (3, 3, 12))",-995.004,,,,
"O(2,8,8)",12,5.607674e-04,1.145554e-03,"(0, (3, 3, 12))",-977.437,,,,
"O(2,8,8)",12,5.707592e-04,1.165563e-03,"(0, (3, 3, 12))",-960.179,,,,
"O(2,8,8)",12,5.809289e-04,1.185915e-03,"(0, (3, 3, 12))",-943.222,,,,
"O(2,8,8)",12,5.912799e-04,1.206615e-03,"(0, (3, 3, 12))",-926.563,,,,
"O(2,8,8)",12,6.018153e-04,1.227668e-03,"(0, (3, 3, 12))",-910.195,,,,
"O(2,8,8)",12,6.125384e-04,1.249081e-03,"(0, (3, 3, 12))",-894.114,,,,
"O(2,8,8)",12,6.234525e-04,1.270860e-03,"(0, (3, 3, 12))",-878.314,,,,
"O(2,8,8)",12,6.345612e-04,1.293009e-03,"(0, (3, 3, 12))",-862.791,,,,
"O(2,8,8)",12,6.458677e-04,1.315536e-03,"(0, (3, 3, 12))",-847.540,,,,
"O(2,8,8)",12,6.573758e-04,1.338447e-03,"(0, (3, 3, 12))",-832.556,,,,
"O(2,8,8)",12,6.690889e-04,1.361747e-03,"(0, (3, 3, 12))",-817.834,,,,
"O(2,8,8)",12,6.810106e-04,1.385443e-03,"(0, (3, 3, 12))",-803.370,,,,
"O(2,8,8)",12,6.931448e-04,1.409542e-03,"(0, (3, 3, 12))",-789.160,,,,
"O(2,8,8)",12,7.054953e-04,1.434049e-03,"(0, (3, 3, 12))",-775.198,,,,
"O(2,8,8)",12,7.180657e-04,1.458972e-03,"(0, (3, 3, 12))",-761.481,,,,
"O(2,8,8)",12,7.308602e-04,1.484317e-03,"(0, (3, 3, 12))",-748.004,,,,
"O(2,8,8)",12,7.438826e-04,1.510091e-03,"(0, (3, 3, 12))",-734.762,,,,
"O(2,8,8)",12,7.571370e-04,1.536301e-03,"(0, (3, 3, 12))",-721.753,,,,
"O(2,8,8)",12,7.706277e-04,1.562953e-03,"(0, (3, 3, 12))",-708.972,,,1988,1988
"O(2,8,8)",12,7.843587e-04,1.590056e-03,"(0, (3, 3, 12))",-696.414,,,1948,1948
"O(2,8,8)",12,7.983343e-04,1.617615e-03,"(0, (3, 3, 12))",-684.076,,,1908,1908
"O(2,8,8)",12,8.125590e-04,1.645638e-03,"(0, (3, 3, 12))",-671.955,,,1869,1869
"O(2,8,8)",12,8.270371e-04,1.674133e-03,"(0, (3, 3, 12))",-660.045,,,1831,1831
"O(2,8,8)",12,8.417732e-04,1.703107e-03,"(0, (3, 3, 12))",-648.344,,,1794,1794
"O(2,8,8)",12,8.567719e-04,1.732568e-03,"(0, (3, 3, 12))",-636.848,,,1758,1758
"O(2,8,8)",12,8.720378e-04,1.762523e-03,"(0, (3, 3, 12))",-625.554,,,1722,1722
"O(2,8,8)",12,8.875757e-04,1.792979e-03,"(0, (3, 3, 12))",-614.457,,,1687,1687
"O(2,8,8)",12,9.033905e-04,1.823946e-03,"(0, (3, 3, 12))",-603.554,,,1653,1653
"O(2,8,8)",12,9.194870e-04,1.855430e-03,"(0, (3, 3, 12))",-592.843,,,1619,1619
"O(2,8,8)",12,9.358704e-04,1.887441e-03,"(0, (3, 3, 12))",-582.319,1996,,1586,1586
"O(2,8,8)",12,9.525456e-04,1.919985e-03,"(0, (3, 3, 12))",-571.979,1954,,1554,1554
"O(2,8,8)",12,9.695180e-04,1.953072e-03,"(0, (3, 3, 12))",-561.820,1913,,1522,1522
"O(2,8,8)",12,9.867929e-04,1.986709e-03,"(0, (3, 3, 12))",-551.840,1876,1972,1491,1491
"O(2,8,8)",12,1.004375e-03,2.020906e-03,"(0, (3, 3, 12))",-542.034,1835,1930,1461,1461
"O(2,8,8)",12,1.022271e-03,2.055670e-03,"(0, (3, 3, 12))",-532.399,1803,1891,1431,1431
"O(2,8,8)",12,1.040486e-03,2.091012e-03,"(0, (3, 3, 12))",-522.934,1766,1852,1402,1402
"O(2,8,8)",12,1.059025e-03,2.126938e-03,"(0, (3, 3, 12))",-513.634,1729,1814,1373,1373
"O(2,8,8)",12,1.077895e-03,2.163459e-03,"(0, (3, 3, 12))",-504.497,1694,1777,1345,1345
"O(2,8,8)",12,1.097101e-03,2.200583e-03,"(0, (3, 3, 12))",-495.521,1660,1745,1318,1318
"O(2,8,8)",12,1.116649e-03,2.238320e-03,"(0, (3, 3, 12))",-486.701,1628,1708,1291,1291
"O(2,8,8)",12,1.136545e-03,2.276679e-03,"(0, (3, 3, 12))",-478.036,1592,1674,1264,1264
"O(2,8,8)",12,1.156796e-03,2.315668e-03,"(0, (3, 3, 12))",-469.522,1563,1639,1238,1238
"O(2,8,8)",12,1.177408e-03,2.355299e-03,"(0, (3, 3, 12))",-461.158,1531,1609,1213,1213
"O(2,8,8)",12,1.198387e-03,2.395580e-03,"(0, (3, 3, 12))",-452.940,1502,1577,1188,1188
"O(2,8,8)",12,1.219740e-03,2.436521e-03,"(0, (3, 3, 12))",-444.866,1467,1543,1164,1164
"O(2,8,8)",12,1.241473e-03,2.478131e-03,"(0, (3, 3, 12))",-436.934,1440,1515,1140,1140
"O(2,8,8)",12,1.263594e-03,2.520422e-03,"(0, (3, 3, 12))",-429.140,1412,1483,1117,1117
"O(2,8,8)",12,1.286108e-03,2.563402e-03,"(0, (3, 3, 12))",-421.483,1383,1454,1094,1094
"O(2,8,8)",12,1.309024e-03,2.607083e-03,"(0, (3, 3, 12))",-413.960,1357,1424,1072,1072
"O(2,8,8)",12,1.332348e-03,2.651474e-03,"(0, (3, 3, 12))",-406.569,1331,1396,1050,1050
"O(2,8,8)",12,1.356088e-03,2.696585e-03,"(0, (3, 3, 12))",-399.308,1302,1368,1028,1028
"O(2,8,8)",12,1.380250e-03,2.742428e-03,"(0, (3, 3, 12))",-392.173,1278,1341,1007,1007
"O(2,8,8)",12,1.404844e-03,2.789013e-03,"(0, (3, 3, 12))",-385.163,1250,1315,986,986
"O(2,8,8)",12,1.429875e-03,2.836350e-03,"(0, (3, 3, 12))",-378.277,1225,1288,966,966
"O(2,8,8)",12,1.455352e-03,2.884451e-03,"(0, (3, 3, 12))",-371.511,1202,1261,946,946
"O(2,8,8)",12,1.481284e-03,2.933327e-03,"(0, (3, 3, 12))",-364.863,1176,1238,927,927
"O(2,8,8)",12,1.507677e-03,2.982988e-03,"(0, (3, 3, 12))",-358.332,1153,1213,908,908
"O(2,8,8)",12,1.534541e-03,3.033446e-03,"(0, (3, 3, 12))",-351.915,1132,1188,889,889
"O(2,8,8)",12,1.561883e-03,3.084711e-03,"(0, (3, 3, 12))",-345.611,1106,1164,871,871
"O(2,8,8)",12,1.589713e-03,3.136797e-03,"(0, (3, 3, 12))",-339.417,1087,1139,853,853
"O(2,8,8)",12,1.618038e-03,3.189713e-03,"(0, (3, 3, 12))",-333.331,1065,1118,835,835
"O(2,8,8)",12,1.646868e-03,3.243472e-03,"(0, (3, 3, 12))",-327.352,1040,1096,818,818
"O(2,8,8)",12,1.676212e-03,3.298086e-03,"(0, (3, 3, 12))",-321.478,1020,1073,801,801
"O(2,8,8)",12,1.706079e-03,3.353565e-03,"(0, (3, 3, 12))",-315.707,1001,1051,785,785
"O(2,8,8)",12,1.736478e-03,3.409923e-03,"(0, (3, 3, 12))",-310.037,979,1029,769,769
"O(2,8,8)",12,1.767418e-03,3.467172e-03,"(0, (3, 3, 12))",-304.466,961,1012,753,753
"O(2,8,8)",12,1.798910e-03,3.525323e-03,"(0, (3, 3, 12))",-298.993,942,991,737,737
"O(2,8,8)",12,1.830963e-03,3.584388e-03,"(0, (3, 3, 12))",-293.615,920,972,722,722
"O(2,8,8)",12,1.863587e-03,3.644381e-03,"(0, (3, 3, 12))",-288.332,903,953,707,707
"O(2,8,8)",12,1.896792e-03,3.705314e-03,"(0, (3, 3, 12))",-283.142,884,932,693,693
"O(2,8,8)",12,1.930589e-03,3.767198e-03,"(0, (3, 3, 12))",-278.042,868,914,678,678
"O(2,8,8)",12,1.964988e-03,3.830048e-03,"(0, (3, 3, 12))",-273.032,850,896,664,664
"O(2,8,8)",12,2.000000e-03,3.893875e-03,"(0, (3, 3, 12))",-268.109,833,877,650,650
"O(2,8,8)",12,2.031395e-03,3.950987e-03,"(0, (3, 3, 12))",-263.840,817,862,638,638
"O(2,8,8)",12,2.063282e-03,4.008878e-03,"(0, (3, 3, 12))",-259.636,804,846,627,627
"O(2,8,8)",12,2.095671e-03,4.067558e-03,"(0, (3, 3, 12))",-255.498,788,832,615,615
"O(2,8,8)",12,2.128567e-03,4.127034e-03,"(0, (3, 3, 12))",-251.423,776,817,604,604
"O(2,8,8)",12,2.161980e-03,4.187317e-03,"(0, (3, 3, 12))",-247.411,761,804,593,593
"O(2,8,8)",12,2.195917e-03,4.248416e-03,"(0, (3, 3, 12))",-243.462,748,787,582,582
"O(2,8,8)",12,2.230388e-03,4.310339e-03,"(0, (3, 3, 12))",-239.574,735,775,572,572
"O(2,8,8)",12,2.265399e-03,4.373096e-03,"(0, (3, 3, 12))",-235.745,720,760,561,561
"O(2,8,8)",12,2.300960e-03,4.436697e-03,"(0, (3, 3, 12))",-231.976,708,748,551,551
"O(2,8,8)",12,2.337079e-03,4.501149e-03,"(0, (3, 3, 12))",-228.266,695,734,541,541
"O(2,8,8)",12,2.373765e-03,4.566464e-03,"(0, (3, 3, 12))",-224.612,683,720,531,531
"O(2,8,8)",12,2.411027e-03,4.632650e-03,"(0, (3, 3, 12))",-221.016,670,708,521,521
"O(2,8,8)",12,2.448874e-03,4.699716e-03,"(0, (3, 3, 12))",-217.474,658,695,512,512
"O(2,8,8)",12,2.487314e-03,4.767672e-03,"(0, (3, 3, 12))",-213.988,648,683,502,502
"O(2,8,8)",12,2.526359e-03,4.836528e-03,"(0, (3, 3, 12))",-210.556,635,670,493,493
"O(2,8,8)",12,2.566016e-03,4.906294e-03,"(0, (3, 3, 12))",-207.176,623,658,484,484
"O(2,8,8)",12,2.606296e-03,4.976978e-03,"(0, (3, 3, 12))",-203.849,615,648,475,475
"O(2,8,8)",12,2.647208e-03,5.048590e-03,"(0, (3, 3, 12))",-200.573,602,635,466,466
"O(2,8,8)",12,2.688762e-03,5.121140e-03,"(0, (3, 3, 12))",-197.349,591,623,458,458
"O(2,8,8)",12,2.730969e-03,5.194639e-03,"(0, (3, 3, 12))",-194.174,581,615,449,449
"O(2,8,8)",12,2.773838e-03,5.269094e-03,"(0, (3, 3, 12))",-191.048,569,604,441,441
"O(2,8,8)",12,2.817380e-03,5.344517e-03,"(0, (3, 3, 12))",-187.970,561,593,433,433
"O(2,8,8)",12,2.861605e-03,5.420917e-03,"(0, (3, 3, 12))",-184.940,551,582,425,425
"O(2,8,8)",12,2.906525e-03,5.498303e-03,"(0, (3, 3, 12))",-181.957,540,570,417,417
"O(2,8,8)",12,2.952150e-03,5.576686e-03,"(0, (3, 3, 12))",-179.020,531,562,410,410
"O(2,8,8)",12,2.998491e-03,5.656075e-03,"(0, (3, 3, 12))",-176.129,520,551,402,402
"O(2,8,8)",12,3.045559e-03,5.736480e-03,"(0, (3, 3, 12))",-173.282,514,541,395,395
"O(2,8,8)",12,3.093367e-03,5.817911e-03,"(0, (3, 3, 12))",-170.479,503,531,387,387
"O(2,8,8)",12,3.141924e-03,5.900378e-03,"(0, (3, 3, 12))",-167.720,493,521,380,380
"O(2,8,8)",12,3.191244e-03,5.983890e-03,"(0, (3, 3, 12))",-165.003,485,515,373,373
"O(2,8,8)",12,3.241339e-03,6.068458e-03,"(0, (3, 3, 12))",-162.329,476,504,366,366
"O(2,8,8)",12,3.292219e-03,6.154091e-03,"(0, (3, 3, 12))",-159.696,468,493,360,360
"O(2,8,8)",12,3.343898e-03,6.240799e-03,"(0, (3, 3, 12))",-157.103,460,485,353,353
"O(2,8,8)",12,3.396389e-03,6.328592e-03,"(0, (3, 3, 12))",-154.551,451,478,346,346
"O(2,8,8)",12,3.449703e-03,6.417480e-03,"(0, (3, 3, 12))",-152.038,444,469,340,340
"O(2,8,8)",12,3.503855e-03,6.507472e-03,"(0, (3, 3, 12))",-149.564,434,460,334,334
"O(2,8,8)",12,3.558856e-03,6.598579e-03,"(0, (3, 3, 12))",-147.128,427,453,328,328
"O(2,8,8)",12,3.614721e-03,6.690809e-03,"(0, (3, 3, 12))",-144.730,419,444,322,322
"O(2,8,8)",12,3.671462e-03,6.784174e-03,"(0, (3, 3, 12))",-142.370,412,437,316,316
"O(2,8,8)",12,3.729095e-03,6.878681e-03,"(0, (3, 3, 12))",-140.045,404,427,310,310
"O(2,8,8)",12,3.787632e-03,6.974342e-03,"(0, (3, 3, 12))",-137.757,396,421,304,304
"O(2,8,8)",12,3.847088e-03,7.071166e-03,"(0, (3, 3, 12))",-135.504,389,413,298,298
"O(2,8,8)",12,3.907477e-03,7.169161e-03,"(0, (3, 3, 12))",-133.286,382,407,293,293
"O(2,8,8)",12,3.968814e-03,7.268339e-03,"(0, (3, 3, 12))",-131.102,376,399,288,288
"O(2,8,8)",12,4.031114e-03,7.368708e-03,"(0, (3, 3, 12))",-128.952,369,393,282,282
"O(2,8,8)",12,4.094392e-03,7.470277e-03,"(0, (3, 3, 12))",-126.836,361,385,277,277
"O(2,8,8)",12,4.158663e-03,7.573057e-03,"(0, (3, 3, 12))",-124.752,356,378,272,272
"O(2,8,8)",12,4.223944e-03,7.677056e-03,"(0, (3, 3, 12))",-122.700,348,372,267,267
"O(2,8,8)",12,4.290249e-03,7.782284e-03,"(0, (3, 3, 12))",-120.680,342,365,262,262
"O(2,8,8)",12,4.357594e-03,7.888749e-03,"(0, (3, 3, 12))",-118.692,336,358,257,257
"O(2,8,8)",12,4.425997e-03,7.996462e-03,"(0, (3, 3, 12))",-116.734,330,352,252,252
"O(2,8,8)",12,4.495474e-03,8.105430e-03,"(0, (3, 3, 12))",-114.806,326,344,247,247
"O(2,8,8)",12,4.566041e-03,8.215664e-03,"(0, (3, 3, 12))",-112.909,319,339,243,243
"O(2,8,8)",12,4.637716e-03,8.327170e-03,"(0, (3, 3, 12))",-111.041,314,333,238,238
"O(2,8,8)",12,4.710516e-03,8.439960e-03,"(0, (3, 3, 12))",-109.201,306,328,234,234
"O(2,8,8)",12,4.784459e-03,8.554040e-03,"(0, (3, 3, 12))",-107.390,302,321,230,230
"O(2,8,8)",12,4.859562e-03,8.669420e-03,"(0, (3, 3, 12))",-105.607,296,317,225,225
"O(2,8,8)",12,4.935845e-03,8.786108e-03,"(0, (3, 3, 12))",-103.852,293,308,221,221
"O(2,8,8)",12,5.013324e-03,8.904112e-03,"(0, (3, 3, 12))",-102.124,286,305,217,217
"O(2,8,8)",12,5.092021e-03,9.023440e-03,"(0, (3, 3, 12))",-100.423,281,298,213,213
"O(2,8,8)",12,5.171952e-03,9.144101e-03,"(0, (3, 3, 12))",-98.748,276,294,209,209
"O(2,8,8)",12,5.253138e-03,9.266103e-03,"(0, (3, 3, 12))",-97.099,269,288,205,205
"O(2,8,8)",12,5.335599e-03,9.389452e-03,"(0, (3, 3, 12))",-95.475,266,282,201,201
"O(2,8,8)",12,5.419354e-03,9.514158e-03,"(0, (3, 3, 12))",-93.877,262,276,198,198
"O(2,8,8)",12,5.504423e-03,9.640226e-03,"(0, (3, 3, 12))",-92.303,256,274,194,194
"O(2,8,8)",12,5.590828e-03,9.767665e-03,"(0, (3, 3, 12))",-90.754,250,268,191,191
"O(2,8,8)",12,5.678590e-03,9.896482e-03,"(0, (3, 3, 12))",-89.229,248,263,187,187
"O(2,8,8)",12,5.767729e-03,1.002668e-02,"(0, (3, 3, 12))",-87.727,242,258,183,183
"O(2,8,8)",12,5.858267e-03,1.015828e-02,"(0, (3, 3, 12))",-86.249,239,253,180,180
"O(2,8,8)",12,5.950227e-03,1.029127e-02,"(0, (3, 3, 12))",-84.794,234,249,177,177
"O(2,8,8)",12,6.043630e-03,1.042566e-02,"(0, (3, 3, 12))",-83.361,229,246,173,173
"O(2,8,8)",12,6.138499e-03,1.056147e-02,"(0, (3, 3, 12))",-81.950,226,240,170,170
"O(2,8,8)",12,6.234857e-03,1.069869e-02,"(0, (3, 3, 12))",-80.561,221,236,167,167
"O(2,8,8)",12,6.332728e-03,1.083734e-02,"(0, (3, 3, 12))",-79.194,219,230,164,164
"O(2,8,8)",12,6.432135e-03,1.097741e-02,"(0, (3, 3, 12))",-77.848,214,229,161,161
"O(2,8,8)",12,6.533103e-03,1.111892e-02,"(0, (3, 3, 12))",-76.522,209,223,158,158
"O(2,8,8)",12,6.635656e-03,1.126187e-02,"(0, (3, 3, 12))",-75.218,205,219,155,155
"O(2,8,8)",12,6.739818e-03,1.140625e-02,"(0, (3, 3, 12))",-73.933,203,215,152,152
"O(2,8,8)",12,6.845616e-03,1.155209e-02,"(0, (3, 3, 12))",-72.669,199,212,149,149
"O(2,8,8)",12,6.953074e-03,1.169938e-02,"(0, (3, 3, 12))",-71.423,196,207,146,146
"O(2,8,8)",12,7.062219e-03,1.184813e-02,"(0, (3, 3, 12))",-70.198,190,204,144,144
"O(2,8,8)",12,7.173078e-03,1.199834e-02,"(0, (3, 3, 12))",-68.991,186,201,141,141
"O(2,8,8)",12,7.285676e-03,1.215001e-02,"(0, (3, 3, 12))",-67.803,184,197,138,138
"O(2,8,8)",12,7.400042e-03,1.230315e-02,"(0, (3, 3, 12))",-66.633,181,195,136,136
"O(2,8,8)",12,7.516204e-03,1.245777e-02,"(0, (3, 3, 12))",-65.482,179,188,133,133
"O(2,8,8)",12,7.634188e-03,1.261385e-02,"(0, (3, 3, 12))",-64.348,174,186,131,131
"O(2,8,8)",12,7.754025e-03,1.277141e-02,"(0, (3, 3, 12))",-63.232,172,184,128,128
"O(2,8,8)",12,7.875743e-03,1.293045e-02,"(0, (3, 3, 12))",-62.133,168,180,126,126
"O(2,8,8)",12,7.999372e-03,1.309097e-02,"(0, (3, 3, 12))",-61.051,165,176,123,123
"O(2,8,8)",12,8.124941e-03,1.325298e-02,"(0, (3, 3, 12))",-59.986,162,174,121,121
"O(2,8,8)",12,8.252481e-03,1.341646e-02,"(0, (3, 3, 12))",-58.938,159,169,119,119
"O(2,8,8)",12,8.382024e-03,1.358143e-02,"(0, (3, 3, 12))",-57.906,157,167,117,117
"O(2,8,8)",12,8.513600e-03,1.374788e-02,"(0, (3, 3, 12))",-56.889,154,164,114,114
"O(2,8,8)",12,8.647241e-03,1.391582e-02,"(0, (3, 3, 12))",-55.889,150,160,112,112
"O(2,8,8)",12,8.782980e-03,1.408524e-02,"(0, (3, 3, 12))",-54.904,147,159,110,110
"O(2,8,8)",12,8.920850e-03,1.425615e-02,"(0, (3, 3, 12))",-53.934,146,155,108,108
"O(2,8,8)",12,9.060884e-03,1.442854e-02,"(0, (3, 3, 12))",-52.980,144,153,106,106
"O(2,8,8)",12,9.203116e-03,1.460241e-02,"(0, (3, 3, 12))",-52.040,141,150,104,104
"O(2,8,8)",12,9.347581e-03,1.477776e-02,"(0, (3, 3, 12))",-51.115,137,146,102,102
"O(2,8,8)",12,9.494314e-03,1.495459e-02,"(0, (3, 3, 12))",-50.204,134,145,100,100
"O(2,8,8)",12,9.643350e-03,1.513290e-02,"(0, (3, 3, 12))",-49.307,131,142,98,98
"O(2,8,8)",12,9.794725e-03,1.531268e-02,"(0, (3, 3, 12))",-48.424,131,140,97,97
"O(2,8,8)",12,9.948477e-03,1.549393e-02,"(0, (3, 3, 12))",-47.555,128,137,95,95
"O(2,8,8)",12,1.010464e-02,1.567664e-02,"(0, (3, 3, 12))",-46.699,125,133,93,93
"O(2,8,8)",12,1.026326e-02,1.586082e-02,"(0, (3, 3, 12))",-45.857,124,131,91,91
"O(2,8,8)",12,1.042436e-02,1.604645e-02,"(0, (3, 3, 12))",-45.027,122,130,90,90
"O(2,8,8)",12,1.058800e-02,1.623353e-02,"(0, (3, 3, 12))",-44.211,118,128,88,88
"O(2,8,8)",12,1.075420e-02,1.642207e-02,"(0, (3, 3, 12))",-43.407,117,125,86,86
"O(2,8,8)",12,1.092302e-02,1.661204e-02,"(0, (3, 3, 12))",-42.616,114,124,85,85
"O(2,8,8)",12,1.109448e-02,1.680345e-02,"(0, (3, 3, 12))",-41.837,111,122,83,83
"O(2,8,8)",12,1.126863e-02,1.699629e-02,"(0, (3, 3, 12))",-41.070,110,118,82,82
"O(2,8,8)",12,1.144552e-02,1.719054e-02,"(0, (3, 3, 12))",-40.315,109,116,80,80
"O(2,8,8)",12,1.162519e-02,1.738621e-02,"(0, (3, 3, 12))",-39.571,106,114,79,79
"O(2,8,8)",12,1.180767e-02,1.758329e-02,"(0, (3, 3, 12))",-38.839,105,111,77,77
"O(2,8,8)",12,1.199302e-02,1.778176e-02,"(0, (3, 3, 12))",-38.119,103,110,76,76
"O(2,8,8)",12,1.218128e-02,1.798162e-02,"(0, (3, 3, 12))",-37.410,102,109,74,74
"O(2,8,8)",12,1.237250e-02,1.818286e-02,"(0, (3, 3, 12))",-36.711,97,106,73,73
"O(2,8,8)",12,1.256671e-02,1.838546e-02,"(0, (3, 3, 12))",-36.024,97,105,71,71
"O(2,8,8)",12,1.276398e-02,1.858942e-02,"(0, (3, 3, 12))",-35.347,95,103,70,70
"O(2,8,8)",12,1.296434e-02,1.879473e-02,"(0, (3, 3, 12))",-34.681,94,100,69,69
"O(2,8,8)",12,1.316784e-02,1.900137e-02,"(0, (3, 3, 12))",-34.025,93,97,67,67
"O(2,8,8)",12,1.337454e-02,1.920933e-02,"(0, (3, 3, 12))",-33.380,90,97,66,66
"O(2,8,8)",12,1.358449e-02,1.941860e-02,"(0, (3, 3, 12))",-32.744,89,95,65,65
"O(2,8,8)",12,1.379773e-02,1.962916e-02,"(0, (3, 3, 12))",-32.118,86,94,64,64
"O(2,8,8)",12,1.401432e-02,1.984101e-02,"(0, (3, 3, 12))",-31.502,86,93,63,63
"O(2,8,8)",12,1.423431e-02,2.005412e-02,"(0, (3, 3, 12))",-30.895,84,90,61,61
"O(2,8,8)",12,1.445775e-02,2.026849e-02,"(0, (3, 3, 12))",-30.298,82,89,60,60
"O(2,8,8)",12,1.468470e-02,2.048409e-02,"(0, (3, 3, 12))",-29.711,80,86,59,59
"O(2,8,8)",12,1.491521e-02,2.070092e-02,"(0, (3, 3, 12))",-29.132,79,86,58,58
"O(2,8,8)",12,1.514934e-02,2.091895e-02,"(0, (3, 3, 12))",-28.562,79,84,57,57
"O(2,8,8)",12,1.538714e-02,2.113816e-02,"(0, (3, 3, 12))",-28.001,77,82,56,56
"O(2,8,8)",12,1.562868e-02,2.135855e-02,"(0, (3, 3, 12))",-27.449,75,80,55,55
"O(2,8,8)",12,1.587401e-02,2.158008e-02,"(0, (3, 3, 12))",-26.906,73,79,54,54
"O(2,8,8)",12,1.612319e-02,2.180275e-02,"(0, (3, 3, 12))",-26.371,71,79,53,53
"O(2,8,8)",12,1.637628e-02,2.202654e-02,"(0, (3, 3, 12))",-25.844,71,77,52,52
"O(2,8,8)",12,1.663335e-02,2.225142e-02,"(0, (3, 3, 12))",-25.325,70,75,51,51
"O(2,8,8)",12,1.689445e-02,2.247737e-02,"(0, (3, 3, 12))",-24.815,69,73,50,50
"O(2,8,8)",12,1.715965e-02,2.270437e-02,"(0, (3, 3, 12))",-24.312,67,71,49,49
"O(2,8,8)",12,1.742901e-02,2.293240e-02,"(0, (3, 3, 12))",-23.818,67,71,48,48
"O(2,8,8)",12,1.770260e-02,2.316144e-02,"(0, (3, 3, 12))",-23.331,65,70,47,47
"O(2,8,8)",12,1.798048e-02,2.339147e-02,"(0, (3, 3, 12))",-22.851,63,69,46,46
"O(2,8,8)",12,1.826273e-02,2.362246e-02,"(0, (3, 3, 12))",-22.379,63,68,45,45
"O(2,8,8)",12,1.854941e-02,2.385438e-02,"(0, (3, 3, 12))",-21.914,60,67,44,44
"O(2,8,8)",12,1.884058e-02,2.408723e-02,"(0, (3, 3, 12))",-21.457,60,66,44,44
"O(2,8,8)",12,1.913633e-02,2.432096e-02,"(0, (3, 3, 12))",-21.007,59,63,43,43
"O(2,8,8)",12,1.943672e-02,2.455555e-02,"(0, (3, 3, 12))",-20.563,59,63,42,42
"O(2,8,8)",12,1.974183e-02,2.479098e-02,"(0, (3, 3, 12))",-20.127,57,60,41,41
"O(2,8,8)",12,2.005172e-02,2.502722e-02,"(0, (3, 3, 12))",-19.697,55,60,41,41
"O(2,8,8)",12,2.036648e-02,2.526425e-02,"(0, (3, 3, 12))",-19.274,55,59,40,40
"O(2,8,8)",12,2.068618e-02,2.550203e-02,"(0, (3, 3, 12))",-18.858,54,59,39,39
"O(2,8,8)",12,2.101090e-02,2.574054e-02,"(0, (3, 3, 12))",-18.448,53,58,38,38
"O(2,8,8)",12,2.134072e-02,2.597975e-02,"(0, (3, 3, 12))",-18.045,53,55,38,38
"O(2,8,8)",12,2.167571e-02,2.621962e-02,"(0, (3, 3, 12))",-17.647,53,55,37,37
"O(2,8,8)",12,2.201596e-02,2.646014e-02,"(0, (3, 3, 12))",-17.256,51,54,36,36
"O(2,8,8)",12,2.236156e-02,2.670126e-02,"(0, (3, 3, 12))",-16.871,48,54,36,36
"O(2,8,8)",12,2.271258e-02,2.694296e-02,"(0, (3, 3, 12))",-16.493,48,53,35,35
"O(2,8,8)",12,2.306910e-02,2.718521e-02,"(0, (3, 3, 12))",-16.119,48,53,34,34
"O(2,8,8)",12,2.343123e-02,2.742797e-02,"(0, (3, 3, 12))",-15.752,46,51,34,34
"O(2,8,8)",12,2.379904e-02,2.767121e-02,"(0, (3, 3, 12))",-15.391,45,48,33,33
"O(2,8,8)",12,2.417262e-02,2.791490e-02,"(0, (3, 3, 12))",-15.035,45,48,32,32
"O(2,8,8)",12,2.455207e-02,2.815900e-02,"(0, (3, 3, 12))",-14.685,44,48,32,32
"O(2,8,8)",12,2.493747e-02,2.840349e-02,"(0, (3, 3, 12))",-14.340,44,47,31,31
"O(2,8,8)",12,2.532892e-02,2.864832e-02,"(0, (3, 3, 12))",-14.000,44,45,31,31
"O(2,8,8)",12,2.572652e-02,2.889346e-02,"(0, (3, 3, 12))",-13.666,42,45,30,30
"O(2,8,8)",12,2.613036e-02,2.913888e-02,"(0, (3, 3, 12))",-13.337,40,45,30,30
"O(2,8,8)",12,2.654054e-02,2.938453e-02,"(0, (3, 3, 12))",-13.013,40,44,29,29
"O(2,8,8)",12,2.695716e-02,2.963039e-02,"(0, (3, 3, 12))",-12.695,39,44,29,29
"O(2,8,8)",12,2.738031e-02,2.987641e-02,"(0, (3, 3, 12))",-12.381,39,42,28,28
"O(2,8,8)",12,2.781011e-02,3.012256e-02,"(0, (3, 3, 12))",-12.072,39,42,27,27
"O(2,8,8)",12,2.824666e-02,3.036880e-02,"(0, (3, 3, 12))",-11.768,38,40,27,27
"O(2,8,8)",12,2.869006e-02,3.061509e-02,"(0, (3, 3, 12))",-11.468,37,40,26,26
"O(2,8,8)",12,2.914042e-02,3.086139e-02,"(0, (3, 3, 12))",-11.174,36,39,26,26
"O(2,8,8)",12,2.959785e-02,3.110767e-02,"(0, (3, 3, 12))",-10.884,35,39,26,26
"O(2,8,8)",12,3.006245e-02,3.135388e-02,"(0, (3, 3, 12))",-10.598,35,39,25,25
"O(2,8,8)",12,3.053436e-02,3.159999e-02,"(0, (3, 3, 12))",-10.317,34,38,25,25
"O(2,8,8)",12,3.101367e-02,3.184595e-02,"(0, (3, 3, 12))",-10.040,34,37,24,24
"O(2,8,8)",12,3.150050e-02,3.209172e-02,"(0, (3, 3, 12))",-9.768,32,36,24,24
"O(2,8,8)",12,3.199498e-02,3.233727e-02,"(0, (3, 3, 12))",-9.500,32,35,23,23
"O(2,8,8)",12,3.249721e-02,3.258254e-02,"(0, (3, 3, 12))",-9.236,32,35,23,23
"O(2,8,8)",12,3.300733e-02,3.282751e-02,"(0, (3, 3, 12))",-8.976,32,34,23,23
"O(2,8,8)",12,3.352546e-02,3.307212e-02,"(0, (3, 3, 12))",-8.721,31,33,22,22
"O(2,8,8)",12,3.405173e-02,3.331634e-02,"(0, (3, 3, 12))",-8.469,31,32,22,22
"O(2,8,8)",12,3.458625e-02,3.356012e-02,"(0, (3, 3, 12))",-8.221,31,32,21,21
"O(2,8,8)",12,3.512916e-02,3.380342e-02,"(0, (3, 3, 12))",-7.977,29,32,21,21
"O(2,8,8)",12,3.568060e-02,3.404620e-02,"(0, (3, 3, 12))",-7.737,28,32,21,21
"O(2,8,8)",12,3.624069e-02,3.428841e-02,"(0, (3, 3, 12))",-7.501,28,31,20,20
"O(2,8,8)",12,3.680957e-02,3.453001e-02,"(0, (3, 3, 12))",-7.268,27,31,20,20
"O(2,8,8)",12,3.738739e-02,3.477095e-02,"(0, (3, 3, 12))",-7.039,27,31,19,19
"O(2,8,8)",12,3.797427e-02,3.501120e-02,"(0, (3, 3, 12))",-6.814,27,28,19,19
"O(2,8,8)",12,3.857037e-02,3.525070e-02,"(0, (3, 3, 12))",-6.592,26,28,19,19
"O(2,8,8)",12,3.917582e-02,3.548941e-02,"(0, (3, 3, 12))",-6.373,26,28,18,18
"O(2,8,8)",12,3.979078e-02,3.572730e-02,"(0, (3, 3, 12))",-6.158,26,27,18,18
"O(2,8,8)",12,4.041539e-02,3.596430e-02,"(0, (3, 3, 12))",-5.947,25,27,18,18
"O(2,8,8)",12,4.104981e-02,3.620039e-02,"(0, (3, 3, 12))",-5.738,24,27,18,18
"O(2,8,8)",12,4.169418e-02,3.643550e-02,"(0, (3, 3, 12))",-5.533,24,26,17,17
"O(2,8,8)",12,4.234867e-02,3.666961e-02,"(0, (3, 3, 12))",-5.331,24,26,17,17
"O(2,8,8)",12,4.301344e-02,3.690266e-02,"(0, (3, 3, 12))",-5.133,23,26,17,17
"O(2,8,8)",12,4.368864e-02,3.713461e-02,"(0, (3, 3, 12))",-4.937,23,25,17,17
"O(2,8,8)",12,4.437443e-02,3.736540e-02,"(0, (3, 3, 12))",-4.745,22,24,16,16
"O(2,8,8)",12,4.507100e-02,3.759501e-02,"(0, (3, 3, 12))",-4.555,21,24,16,16
"O(2,8,8)",12,4.577849e-02,3.782338e-02,"(0, (3, 3, 12))",-4.369,21,24,16,16
"O(2,8,8)",12,4.649710e-02,3.805046e-02,"(0, (3, 3, 12))",-4.185,21,23,15,15
"O(2,8,8)",12,4.722698e-02,3.827621e-02,"(0, (3, 3, 12))",-4.005,21,23,15,15
"O(2,8,8)",12,4.796832e-02,3.850059e-02,"(0, (3, 3, 12))",-3.827,21,22,15,15
"O(2,8,8)",12,4.872130e-02,3.872355e-02,"(0, (3, 3, 12))",-3.652,21,21,14,14
"O(2,8,8)",12,4.948609e-02,3.894505e-02,"(0, (3, 3, 12))",-3.479,20,21,14,14
"O(2,8,8)",12,5.026290e-02,3.916503e-02,"(0, (3, 3, 12))",-3.310,19,21,14,14
"O(2,8,8)",12,5.105189e-02,3.938346e-02,"(0, (3, 3, 12))",-3.143,19,21,14,14
"O(2,8,8)",12,5.185327e-02,3.960029e-02,"(0, (3, 3, 12))",-2.978,19,21,13,13
"O(2,8,8)",12,5.266724e-02,3.981547e-02,"(0, (3, 3, 12))",-2.817,19,21,13,13
"O(2,8,8)",12,5.349397e-02,4.002896e-02,"(0, (3, 3, 12))",-2.657,18,21,13,13
"O(2,8,8)",12,5.433369e-02,4.024072e-02,"(0, (3, 3, 12))",-2.501,18,21,13,13
"O(2,8,8)",12,5.518659e-02,4.045070e-02,"(0, (3, 3, 12))",-2.347,18,20,13,13
"O(2,8,8)",12,5.605287e-02,4.065885e-02,"(0, (3, 3, 12))",-2.195,18,20,12,12
"O(2,8,8)",12,5.693276e-02,4.086514e-02,"(0, (3, 3, 12))",-2.045,18,21,12,12
"O(2,8,8)",12,5.782645e-02,4.106952e-02,"(0, (3, 3, 12))",-1.898,18,21,12,12
"O(2,8,8)",12,5.873418e-02,4.127194e-02,"(0, (3, 3, 12))",-1.753,18,22,12,12
"O(2,8,8)",12,5.965615e-02,4.147236e-02,"(0, (3, 3, 12))",-1.611,18,,12,12
"O(2,8,8)",12,6.059259e-02,4.167075e-02,"(0, (3, 3, 12))",-1.471,20,,12,12
"O(2,8,8)",12,6.154374e-02,4.186705e-02,"(0, (3, 3, 12))",-1.333,,,11,11
"O(2,8,8)",12,6.250982e-02,4.206122e-02,"(0, (3, 3, 12))",-1.197,,,11,11
"O(2,8,8)",12,6.349106e-02,4.225323e-02,"(0, (3, 3, 12))",-1.063,,,11,11
"O(2,8,8)",12,6.448770e-02,4.244303e-02,"(0, (3, 3, 12))",-0.932,,,11,11
"O(2,8,8)",12,6.549999e-02,4.263057e-02,"(0, (3, 3, 12))",-0.802,,,11,11
"O(2,8,8)",12,6.652817e-02,4.281583e-02,"(0, (3, 3, 12))",-0.675,,,10,10
"O(2,8,8)",12,6.757249e-02,4.299875e-02,"(0, (3, 3, 12))",-0.549,,,10,10
"O(2,8,8)",12,6.863320e-02,4.317930e-02,"(0, (3, 3, 12))",-0.426,,,10,10
"O(2,8,8)",12,6.971056e-02,4.335744e-02,"(0, (3, 3, 12))",-0.304,,,10,10
"O(2,8,8)",12,7.080483e-02,4.353313e-02,"(0, (3, 3, 12))",-0.184,,,10,10
"O(2,8,8)",12,7.191628e-02,4.370633e-02,"(0, (3, 3, 12))",-0.067,,,9,9
"O(2,8,8)",12,7.304518e-02,4.387700e-02,"(0, (3, 3, 12))",0.049,,,9,9
"O(2,8,8)",12,7.419180e-02,4.404510e-02,"(0, (3, 3, 12))",0.163,,,9,9
"O(2,8,8)",12,7.535642e-02,4.421060e-02,"(0, (3, 3, 12))",0.276,,,9,9
"O(2,8,8)",12,7.653932e-02,4.437346e-02,"(0, (3, 3, 12))",0.386,,,9,9
"O(2,8,8)",12,7.774078e-02,4.453364e-02,"(0, (3, 3, 12))",0.495,,,9,9
"O(2,8,8)",12,7.896111e-02,4.469112e-02,"(0, (3, 3, 12))",0.602,,,8,8
"O(2,8,8)",12,8.020060e-02,4.484584e-02,"(0, (3, 3, 12))",0.707,,,8,8
"O(2,8,8)",12,8.145954e-02,4.499778e-02,"(0, (3, 3, 12))",0.811,,,8,8
"O(2,8,8)",12,8.273824e-02,4.514691e-02,"(0, (3, 3, 12))",0.913,,,8,8
"O(2,8,8)",12,8.403701e-02,4.529318e-02,"(0, (3, 3, 12))",1.013,,,8,8
"O(2,8,8)",12,8.535617e-02,4.543658e-02,"(0, (3, 3, 12))",1.112,,,8,8
"O(2,8,8)",12,8.669604e-02,4.557706e-02,"(0, (3, 3, 12))",1.209,,,8,8
"O(2,8,8)",12,8.805694e-02,4.571459e-02,"(0, (3, 3, 12))",1.305,,,8,8
"O(2,8,8)",12,8.943921e-02,4.584915e-02,"(0, (3, 3, 12))",1.399,,,8,8
"O(2,8,8)",12,9.084317e-02,4.598070e-02,"(0, (3, 3, 12))",1.492,,,8,8
"O(2,8,8)",12,9.226917e-02,4.610921e-02,"(0, (3, 3, 12))",1.583,,,8,8
"O(2,8,8)",12,9.371756e-02,4.623466e-02,"(0, (3, 3, 12))",1.673,,,8,8
"O(2,8,8)",12,9.518868e-02,4.635701e-02,"(0, (3, 3, 12))",1.761,,,7,7
"O(2,8,8)",12,9.668289e-02,4.647624e-02,"(0, (3, 3, 12))",1.848,,,7,7
"O(2,8,8)",12,9.820056e-02,4.659233e-02,"(0, (3, 3, 12))",1.934,,,7,7
"O(2,8,8)",12,9.974205e-02,4.670523e-02,"(0, (3, 3, 12))",2.018,,,7,7
"O(2,8,8)",12,1.013077e-01,4.681494e-02,"(0, (3, 3, 12))",2.101,,,7,7
"O(2,8,8)",12,1.028980e-01,4.692143e-02,"(0, (3, 3, 12))",2.183,,,7,7
"O(2,8,8)",12,1.045132e-01,4.702467e-02,"(0, (3, 3, 12))",2.263,,,7,7
"O(2,8,8)",12,1.061538e-01,4.712463e-02,"(0, (3, 3, 12))",2.342,,,7,7
"O(2,8,8)",12,1.078202e-01,4.722131e-02,"(0, (3, 3, 12))",2.420,,,7,7
"O(2,8,8)",12,1.095127e-01,4.731467e-02,"(0, (3, 3, 12))",2.496,,,6,6
"O(2,8,8)",12,1.112317e-01,4.740469e-02,"(0, (3, 3, 12))",2.572,,,6,6
"O(2,8,8)",12,1.129778e-01,4.749136e-02,"(0, (3, 3, 12))",2.646,,,6,6
"O(2,8,8)",12,1.147512e-01,4.757465e-02,"(0, (3, 3, 12))",2.719,,,6,6
"O(2,8,8)",12,1.165525e-01,4.765454e-02,"(0, (3, 3, 12))",2.790,,,6,6
"O(2,8,8)",12,1.183821e-01,4.773103e-02,"(0, (3, 3, 12))",2.861,,,6,6
"O(2,8,8)",12,1.202404e-01,4.780409e-02,"(0, (3, 3, 12))",2.931,,,6,6
"O(2,8,8)",12,1.221278e-01,4.787371e-02,"(0, (3, 3, 12))",2.999,,,6,6
"O(2,8,8)",12,1.240449e-01,4.793986e-02,"(0, (3, 3, 12))",3.066,,,5,5
"O(2,8,8)",12,1.259921e-01,4.800254e-02,"(0, (3, 3, 12))",3.133,,,5,5
"O(2,8,8)",12,1.279699e-01,4.806174e-02,"(0, (3, 3, 12))",3.198,,,5,5
"O(2,8,8)",12,1.299786e-01,4.811744e-02,"(0, (3, 3, 12))",3.262,,,5,5
"O(2,8,8)",12,1.320190e-01,4.816962e-02,"(0, (3, 3, 12))",3.325,,,5,5
"O(2,8,8)",12,1.340913e-01,4.821828e-02,"(0, (3, 3, 12))",3.387,,,5,5
"O(2,8,8)",12,1.361962e-01,4.826341e-02,"(0, (3, 3, 12))",3.448,,,5,5
"O(2,8,8)",12,1.383341e-01,4.830499e-02,"(0, (3, 3, 12))",3.509,,,5,5
"O(2,8,8)",12,1.405056e-01,4.834303e-02,"(0, (3, 3, 12))",3.568,,,5,5
"O(2,8,8)",12,1.427112e-01,4.837751e-02,"(0, (3, 3, 12))",3.626,,,5,5
"O(2,8,8)",12,1.449514e-01,4.840842e-02,"(0, (3, 3, 12))",3.684,,,5,5
"O(2,8,8)",12,1.472267e-01,4.843575e-02,"(0, (3, 3, 12))",3.740,,,5,5
"O(2,8,8)",12,1.495378e-01,4.845952e-02,"(0, (3, 3, 12))",3.796,,,5,5
"O(2,8,8)",12,1.518852e-01,4.847970e-02,"(0, (3, 3, 12))",3.850,,,5,5
"O(2,8,8)",12,1.542694e-01,4.849629e-02,"(0, (3, 3, 12))",3.904,,,5,5
"O(2,8,8)",12,1.566910e-01,4.850930e-02,"(0, (3, 3, 12))",3.957,,,5,5
"O(2,8,8)",12,1.591506e-01,4.851872e-02,"(0, (3, 3, 12))",4.009,,,5,5
"O(2,8,8)",12,1.616489e-01,4.852454e-02,"(0, (3, 3, 12))",4.060,,,5,5
"O(2,8,8)",12,1.641863e-01,4.852678e-02,"(0, (3, 3, 12))",4.111,,,5,5
"O(2,8,8)",12,1.667636e-01,4.852542e-02,"(0, (3, 3, 12))",4.160,,,5,5
"O(2,8,8)",12,1.693814e-01,4.852048e-02,"(0, (3, 3, 12))",4.209,,,4,4
"O(2,8,8)",12,1.720402e-01,4.851195e-02,"(0, (3, 3, 12))",4.257,,,4,4
"O(2,8,8)",12,1.747408e-01,4.849984e-02,"(0, (3, 3, 12))",4.305,,,4,4
"O(2,8,8)",12,1.774838e-01,4.848414e-02,"(0, (3, 3, 12))",4.351,,,4,4
"O(2,8,8)",12,1.802698e-01,4.846487e-02,"(0, (3, 3, 12))",4.397,,,4,4
"O(2,8,8)",12,1.830996e-01,4.844203e-02,"(0, (3, 3, 12))",4.442,,,4,4
"O(2,8,8)",12,1.859738e-01,4.841562e-02,"(0, (3, 3, 12))",4.487,,,4,4
"O(2,8,8)",12,1.888931e-01,4.838566e-02,"(0, (3, 3, 12))",4.530,,,4,4
"O(2,8,8)",12,1.918582e-01,4.835215e-02,"(0, (3, 3, 12))",4.573,,,4,4
"O(2,8,8)",12,1.948699e-01,4.831510e-02,"(0, (3, 3, 12))",4.616,,,4,4
"O(2,8,8)",12,1.979288e-01,4.827451e-02,"(0, (3, 3, 12))",4.657,,,4,4
"O(2,8,8)",12,2.010358e-01,4.823041e-02,"(0, (3, 3, 12))",4.698,,,4,4
"O(2,8,8)",12,2.041915e-01,4.818279e-02,"(0, (3, 3, 12))",4.739,,,4,4
"O(2,8,8)",12,2.073968e-01,4.813167e-02,"(0, (3, 3, 12))",4.779,,,4,4
"O(2,8,8)",12,2.106524e-01,4.807707e-02,"(0, (3, 3, 12))",4.818,,,4,4
"O(2,8,8)",12,2.139591e-01,4.801899e-02,"(0, (3, 3, 12))",4.856,,,3,3
"O(2,8,8)",12,2.173177e-01,4.795745e-02,"(0, (3, 3, 12))",4.894,,,3,3
"O(2,8,8)",12,2.207290e-01,4.789246e-02,"(0, (3, 3, 12))",4.931,,,3,3
"O(2,8,8)",12,2.241939e-01,4.782405e-02,"(0, (3, 3, 12))",4.968,,,3,3
"O(2,8,8)",12,2.277131e-01,4.775221e-02,"(0, (3, 3, 12))",5.004,,,3,3
"O(2,8,8)",12,2.312876e-01,4.767698e-02,"(0, (3, 3, 12))",5.040,,,3,3
"O(2,8,8)",12,2.349183e-01,4.759837e-02,"(0, (3, 3, 12))",5.075,,,3,3
"O(2,8,8)",12,2.386059e-01,4.751639e-02,"(0, (3, 3, 12))",5.109,,,3,3
"O(2,8,8)",12,2.423513e-01,4.743106e-02,"(0, (3, 3, 12))",5.143,,,3,3
"O(2,8,8)",12,2.461556e-01,4.734241e-02,"(0, (3, 3, 12))",5.176,,,3,3
"O(2,8,8)",12,2.500196e-01,4.725045e-02,"(0, (3, 3, 12))",5.209,,,3,3
"O(2,8,8)",12,2.539443e-01,4.715521e-02,"(0, (3, 3, 12))",5.241,,,3,3
"O(2,8,8)",12,2.579305e-01,4.705670e-02,"(0, (3, 3, 12))",5.273,,,3,3
"O(2,8,8)",12,2.619794e-01,4.695494e-02,"(0, (3, 3, 12))",5.305,,,3,3
"O(2,8,8)",12,2.660918e-01,4.684996e-02,"(0, (3, 3, 12))",5.335,,,3,3
"O(2,8,8)",12,2.702687e-01,4.674178e-02,"(0, (3, 3, 12))",5.366,,,3,3
"O(2,8,8)",12,2.745112e-01,4.663043e-02,"(0, (3, 3, 12))",5.396,,,3,3
"O(2,8,8)",12,2.788203e-01,4.651592e-02,"(0, (3, 3, 12))",5.425,,,3,3
"O(2,8,8)",12,2.831971e-01,4.639828e-02,"(0, (3, 3, 12))",5.454,,,3,3
"O(2,8,8)",12,2.876426e-01,4.627754e-02,"(0, (3, 3, 12))",5.483,,,3,3
"O(2,8,8)",12,2.921578e-01,4.615372e-02,"(0, (3, 3, 12))",5.511,,,3,3
"O(2,8,8)",12,2.967439e-01,4.602684e-02,"(0, (3, 3, 12))",5.538,,,3,3
"O(2,8,8)",12,3.014020e-01,4.589694e-02,"(0, (3, 3, 12))",5.566,,,3,3
"O(2,8,8)",12,3.061332e-01,4.576404e-02,"(0, (3, 3, 12))",5.592,,,3,3
"O(2,8,8)",12,3.109387e-01,4.562817e-02,"(0, (3, 3, 12))",5.619,,,3,3
"O(2,8,8)",12,3.158196e-01,4.548936e-02,"(0, (3, 3, 12))",5.645,,,3,3
"O(2,8,8)",12,3.207772e-01,4.534762e-02,"(0, (3, 3, 12))",5.670,,,3,3
"O(2,8,8)",12,3.258126e-01,4.520300e-02,"(0, (3, 3, 12))",5.696,,,3,3
"O(2,8,8)",12,3.309270e-01,4.505552e-02,"(0, (3, 3, 12))",5.721,,,3,3
"O(2,8,8)",12,3.361217e-01,4.490522e-02,"(0, (3, 3, 12))",5.745,,,3,3
"O(2,8,8)",12,3.413979e-01,4.475211e-02,"(0, (3, 3, 12))",5.769,,,3,3
"O(2,8,8)",12,3.467569e-01,4.459623e-02,"(0, (3, 3, 12))",5.793,,,,3
"O(2,8,8)",12,3.522001e-01,4.443761e-02,"(0, (3, 3, 12))",5.816,,,,3
"O(2,8,8)",12,3.577287e-01,4.427629e-02,"(0, (3, 3, 12))",5.839,,,,
"O(2,8,8)",12,3.633441e-01,4.411229e-02,"(0, (3, 3, 12))",5.862,,,,
"O(2,8,8)",12,3.690477e-01,4.394564e-02,"(0, (3, 3, 12))",5.885,,,,
"O(2,8,8)",12,3.748408e-01,4.377638e-02,"(0, (3, 3, 12))",5.907,,,,
"O(2,8,8)",12,3.807248e-01,4.360454e-02,"(0, (3, 3, 12))",5.928,,,,
"O(2,8,8)",12,3.867012e-01,4.343015e-02,"(0, (3, 3, 12))",5.950,,,,
"O(2,8,8)",12,3.927714e-01,4.325325e-02,"(0, (3, 3, 12))",5.971,,,,
"O(2,8,8)",12,3.989369e-01,4.307386e-02,"(0, (3, 3, 12))",5.992,,,,
"O(2,8,8)",12,4.051991e-01,4.289202e-02,"(0, (3, 3, 12))",6.012,,,,
"O(2,8,8)",12,4.115597e-01,4.270777e-02,"(0, (3, 3, 12))",6.032,,,,
"O(2,8,8)",12,4.180201e-01,4.252114e-02,"(0, (3, 3, 12))",6.052,,,,
"O(2,8,8)",12,4.245820e-01,4.233215e-02,"(0, (3, 3, 12))",6.072,,,,
"O(2,8,8)",12,4.312468e-01,4.214086e-02,"(0, (3, 3, 12))",6.092,,,,
"O(2,8,8)",12,4.380162e-01,4.194729e-02,"(0, (3, 3, 12))",6.111,,,,
"O(2,8,8)",12,4.448919e-01,4.175147e-02,"(0, (3, 3, 12))",6.130,,,,
"O(2,8,8)",12,4.518756e-01,4.155344e-02,"(0, (3, 3, 12))",6.148,,,,
"O(2,8,8)",12,4.589688e-01,4.135324e-02,"(0, (3, 3, 12))",6.167,,,,
"O(2,8,8)",12,4.661735e-01,4.111317e-02,"(0, (2, 6, 12))",6.185,,,,
"O(2,8,8)",12,4.734912e-01,4.074806e-02,"(0, (2, 6, 12))",6.203,,,,
"O(2,8,8)",12,4.809237e-01,4.038465e-02,"(0, (2, 6, 12))",6.220,,,,
"O(2,8,8)",12,4.884730e-01,4.002293e-02,"(0, (2, 6, 12))",6.238,,,,
"O(2,8,8)",12,4.961407e-01,3.966292e-02,"(0, (2, 6, 12))",6.255,,,,
"O(2,8,8)",12,5.039289e-01,3.930459e-02,"(0, (2, 6, 12))",6.272,,,,
"O(2,8,8)",12,5.118392e-01,3.894797e-02,"(0, (2, 6, 12))",6.289,,,,
"O(2,8,8)",12,5.198738e-01,3.859303e-02,"(0, (2, 6, 12))",6.305,,,,
"O(2,8,8)",12,5.280344e-01,3.823979e-02,"(0, (2, 6, 12))",6.322,,,,
"O(2,8,8)",12,5.363232e-01,3.788823e-02,"(0, (2, 6, 12))",6.338,,,,
"O(2,8,8)",12,5.447421e-01,3.753836e-02,"(0, (2, 6, 12))",6.354,,,,
"O(2,8,8)",12,5.532931e-01,3.719018e-02,"(0, (2, 6, 12))",6.370,,,,
"O(2,8,8)",12,5.619783e-01,3.684368e-02,"(0, (2, 6, 12))",6.385,,,,
"O(2,8,8)",12,5.707999e-01,3.649886e-02,"(0, (2, 6, 12))",6.401,,,,
"O(2,8,8)",12,5.797600e-01,3.615572e-02,"(0, (2, 6, 12))",6.416,,,,
"O(2,8,8)",12,5.888607e-01,3.581426e-02,"(0, (2, 6, 12))",6.431,,,,
"O(2,8,8)",12,5.981043e-01,3.547447e-02,"(0, (2, 6, 12))",6.446,,,,
"O(2,8,8)",12,6.074930e-01,3.513635e-02,"(0, (2, 6, 12))",6.461,,,,
"O(2,8,8)",12,6.170290e-01,3.479990e-02,"(0, (2, 6, 12))",6.475,,,,
"O(2,8,8)",12,6.267148e-01,3.446512e-02,"(0, (2, 6, 12))",6.490,,,,
"O(2,8,8)",12,6.365525e-01,3.413200e-02,"(0, (2, 6, 12))",6.504,,,,
"O(2,8,8)",12,6.465448e-01,3.380054e-02,"(0, (2, 6, 12))",6.519,,,,
"O(2,8,8)",12,6.566938e-01,3.347074e-02,"(0, (2, 6, 12))",6.533,,,,
"O(2,8,8)",12,6.670022e-01,3.314260e-02,"(0, (2, 6, 12))",6.547,,,,
"O(2,8,8)",12,6.774724e-01,3.281611e-02,"(0, (2, 6, 12))",6.560,,,,
"O(2,8,8)",12,6.881069e-01,3.249126e-02,"(0, (2, 6, 12))",6.574,,,,
"O(2,8,8)",12,6.989084e-01,3.216807e-02,"(0, (2, 6, 12))",6.588,,,,
"O(2,8,8)",12,7.098795e-01,3.184652e-02,"(0, (2, 6, 12))",6.601,,,,
"O(2,8,8)",12,7.210227e-01,3.152660e-02,"(0, (2, 6, 12))",6.615,,,,
"O(2,8,8)",12,7.323409e-01,3.120833e-02,"(0, (2, 6, 12))",6.628,,,,
"O(2,8,8)",12,7.438367e-01,3.089169e-02,"(0, (2, 6, 12))",6.641,,,,
"O(2,8,8)",12,7.555130e-01,3.057668e-02,"(0, (2, 6, 12))",6.654,,,,
"O(2,8,8)",12,7.673726e-01,3.026330e-02,"(0, (2, 6, 12))",6.668,,,,
"O(2,8,8)",12,7.794184e-01,2.995155e-02,"(0, (2, 6, 12))",6.681,,,,
"O(2,8,8)",12,7.916532e-01,2.964141e-02,"(0, (2, 6, 12))",7.046,,,,
"O(2,8,8)",12,8.040801e-01,2.933290e-02,"(0, (2, 6, 12))",7.068,,,,
"O(2,8,8)",12,8.167020e-01,2.902600e-02,"(0, (2, 6, 12))",7.092,,,,
"O(2,8,8)",12,8.295221e-01,2.872072e-02,"(0, (2, 6, 12))",7.115,,,,
"O(2,8,8)",12,8.425434e-01,2.841705e-02,"(0, (2, 6, 12))",7.139,,,,
"O(2,8,8)",12,8.557692e-01,2.811498e-02,"(0, (2, 6, 12))",7.164,,,,
"O(2,8,8)",12,8.692025e-01,2.781452e-02,"(0, (2, 6, 12))",7.189,,,,
"O(2,8,8)",12,8.828467e-01,2.751566e-02,"(0, (2, 6, 12))",7.214,,,,
"O(2,8,8)",12,8.967051e-01,2.721840e-02,"(0, (2, 6, 12))",7.239,,,,
"O(2,8,8)",12,9.107810e-01,2.692273e-02,"(0, (2, 6, 12))",7.265,,,,
"O(2,8,8)",12,9.250779e-01,2.662866e-02,"(0, (2, 6, 12))",7.292,,,,
"O(2,8,8)",12,9.395992e-01,2.633618e-02,"(0, (2, 6, 12))",7.319,,,,
"O(2,8,8)",12,9.543485e-01,2.604528e-02,"(0, (2, 6, 12))",7.346,,,,
"O(2,8,8)",12,9.693293e-01,2.575597e-02,"(0, (2, 6, 12))",7.373,,,,
"O(2,8,8)",12,9.845452e-01,2.546825e-02,"(0, (2, 6, 12))",7.402,,,,
"O(2,8,8)",12,1.000000e+00,2.518210e-02,"(0, (2, 6, 12))",7.430,,,,
"O(3,3,12)",12,1.000000e-05,2.082594e-05,"(0, (2, 8, 8))",-37658.754,,,,
"O(3,3,12)",12,1.017818e-05,2.119688e-05,"(0, (2, 8, 8))",-36999.352,,,,
"O(3,3,12)",12,1.035953e-05,2.157443e-05,"(0, (2, 8, 8))",-36351.494,,,,
"O(3,3,12)",12,1.054412e-05,2.195870e-05,"(0, (2, 8, 8))",-35714.977,,,,
"O(3,3,12)",12,1.073199e-05,2.234981e-05,"(0, (2, 8, 8))",-35089.604,,,,
"O(3,3,12)",12,1.092322e-05,2.274788e-05,"(0, (2, 8, 8))",-34475.178,,,,
"O(3,3,12)",12,1.111784e-05,2.315304e-05,"(0, (2, 8, 8))",-33871.508,,,,
"O(3,3,12)",12,1.131594e-05,2.356541e-05,"(0, (2, 8, 8))",-33278.406,,,,
"O(3,3,12)",12,1.151757e-05,2.398513e-05,"(0, (2, 8, 8))",-32695.687,,,,
"O(3,3,12)",12,1.172279e-05,2.441231e-05,"(0, (2, 8, 8))",-32123.169,,,,
"O(3,3,12)",12,1.193166e-05,2.484711e-05,"(0, (2, 8, 8))",-31560.674,,,,
"O(3,3,12)",12,1.214426e-05,2.528964e-05,"(0, (2, 8, 8))",-31008.026,,,,
"O(3,3,12)",12,1.236065e-05,2.574006e-05,"(0, (2, 8, 8))",-30465.053,,,,
"O(3,3,12)",12,1.258089e-05,2.619848e-05,"(0, (2, 8, 8))",-29931.585,,,,
"O(3,3,12)",12,1.280505e-05,2.666507e-05,"(0, (2, 8, 8))",-29407.455,,,,
"O(3,3,12)",12,1.303321e-05,2.713997e-05,"(0, (2, 8, 8))",-28892.502,,,,
"O(3,3,12)",12,1.326544e-05,2.762332e-05,"(0, (2, 8, 8))",-28386.563,,,,
"O(3,3,12)",12,1.350180e-05,2.811528e-05,"(0, (2, 8, 8))",-27889.482,,,,
"O(3,3,12)",12,1.374238e-05,2.861599e-05,"(0, (2, 8, 8))",-27401.102,,,,
"O(3,3,12)",12,1.398724e-05,2.912561e-05,"(0, (2, 8, 8))",-26921.272,,,,
"O(3,3,12)",12,1.423646e-05,2.964431e-05,"(0, (2, 8, 8))",-26449.842,,,,
"O(3,3,12)",12,1.449012e-05,3.017224e-05,"(0, (2, 8, 8))",-25986.665,,,,
"O(3,3,12)",12,1.474831e-05,3.070957e-05,"(0, (2, 8, 8))",-25531.596,,,,
"O(3,3,12)",12,1.501109e-05,3.125646e-05,"(0, (2, 8, 8))",-25084.494,,,,
"O(3,3,12)",12,1.527856e-05,3.181308e-05,"(0, (2, 8, 8))",-24645.219,,,,
"O(3,3,12)",12,1.555079e-05,3.237961e-05,"(0, (2, 8, 8))",-24213.634,,,,
"O(3,3,12)",12,1.582787e-05,3.295622e-05,"(0, (2, 8, 8))",-23789.604,,,,
"O(3,3,12)",12,1.610989e-05,3.354310e-05,"(0, (2, 8, 8))",-23372.997,,,,
"O(3,3,12)",12,1.639694e-05,3.414042e-05,"(0, (2, 8, 8))",-22963.684,,,,
"O(3,3,12)",12,1.668910e-05,3.474837e-05,"(0, (2, 8, 8))",-22561.536,,,,
"O(3,3,12)",12,1.698646e-05,3.536714e-05,"(0, (2, 8, 8))",-22166.428,,,,
"O(3,3,12)",12,1.728913e-05,3.599693e-05,"(0, (2, 8, 8))",-21778.238,,,,
"O(3,3,12)",12,1.759718e-05,3.663792e-05,"(0, (2, 8, 8))",-21396.842,,,,
"O(3,3,12)",12,1.791073e-05,3.729032e-05,"(0, (2, 8, 8))",-21022.124,,,,
"O(3,3,12)",12,1.822986e-05,3.795432e-05,"(0, (2, 8, 8))",-20653.965,,,,
"O(3,3,12)",12,1.855468e-05,3.863014e-05,"(0, (2, 8, 8))",-20292.252,,,,
"O(3,3,12)",12,1.888529e-05,3.931799e-05,"(0, (2, 8, 8))",-19936.871,,,,
"O(3,3,12)",12,1.922178e-05,4.001808e-05,"(0, (2, 8, 8))",-19587.711,,,,
"O(3,3,12)",12,1.956428e-05,4.073063e-05,"(0, (2, 8, 8))",-19244.663,,,,
"O(3,3,12)",12,1.991287e-05,4.145585e-05,"(0, (2, 8, 8))",-18907.621,,,,
"O(3,3,12)",12,2.026768e-05,4.219398e-05,"(0, (2, 8, 8))",-18576.480,,,,
"O(3,3,12)",12,2.062881e-05,4.294523e-05,"(0, (2, 8, 8))",-18251.135,,,,
"O(3,3,12)",12,2.099637e-05,4.370986e-05,"(0, (2, 8, 8))",-17931.486,,,,
"O(3,3,12)",12,2.137048e-05,4.448809e-05,"(0, (2, 8, 8))",-17617.433,,,,
"O(3,3,12)",12,2.175126e-05,4.528016e-05,"(0, (2, 8, 8))",-17308.878,,,,
"O(3,3,12)",12,2.213882e-05,4.608633e-05,"(0, (2, 8, 8))",-17005.724,,,,
"O(3,3,12)",12,2.253329e-05,4.690684e-05,"(0, (2, 8, 8))",-16707.878,,,,
"O(3,3,12)",12,2.293479e-05,4.774194e-05,"(0, (2, 8, 8))",-16415.245,,,,
"O(3,3,12)",12,2.334344e-05,4.859190e-05,"(0, (2, 8, 8))",-16127.736,,,,
"O(3,3,12)",12,2.375937e-05,4.945698e-05,"(0, (2, 8, 8))",-15845.259,,,,
"O(3,3,12)",12,2.418271e-05,5.033744e-05,"(0, (2, 8, 8))",-15567.728,,,,
"O(3,3,12)",12,2.461360e-05,5.123357e-05,"(0, (2, 8, 8))",-15295.056,,,,
"O(3,3,12)",12,2.505216e-05,5.214564e-05,"(0, (2, 8, 8))",-15027.156,,,,
"O(3,3,12)",12,2.549854e-05,5.307392e-05,"(0, (2, 8, 8))",-14763.947,,,,
"O(3,3,12)",12,2.595287e-05,5.401872e-05,"(0, (2, 8, 8))",-14505.346,,,,
"O(3,3,12)",12,2.641530e-05,5.498032e-05,"(0, (2, 8, 8))",-14251.271,,,,
"O(3,3,12)",12,2.688596e-05,5.595902e-05,"(0, (2, 8, 8))",-14001.645,,,,
"O(3,3,12)",12,2.736502e-05,5.695513e-05,"(0, (2, 8, 8))",-13756.389,,,,
"O(3,3,12)",12,2.785260e-05,5.796895e-05,"(0, (2, 8, 8))",-13515.426,,,,
"O(3,3,12)",12,2.834888e-05,5.900080e-05,"(0, (2, 8, 8))",-13278.681,,,,
"O(3,3,12)",12,2.885400e-05,6.005100e-05,"(0, (2, 8, 8))",-13046.081,,,,
"O(3,3,12)",12,2.936812e-05,6.111987e-05,"(0, (2, 8, 8))",-12817.553,,,,
"O(3,3,12)",12,2.989140e-05,6.220775e-05,"(0, (2, 8, 8))",-12593.026,,,,
"O(3,3,12)",12,3.042400e-05,6.331496e-05,"(0, (2, 8, 8))",-12372.429,,,,
"O(3,3,12)",12,3.096609e-05,6.444187e-05,"(0, (2, 8, 8))",-12155.694,,,,
"O(3,3,12)",12,3.151784e-05,6.558881e-05,"(0, (2, 8, 8))",-11942.754,,,,
"O(3,3,12)",12,3.207943e-05,6.675613e-05,"(0, (2, 8, 8))",-11733.541,,,,
"O(3,3,12)",12,3.265102e-05,6.794421e-05,"(0, (2, 8, 8))",-11527.991,,,,
"O(3,3,12)",12,3.323279e-05,6.915341e-05,"(0, (2, 8, 8))",-11326.039,,,,
"O(3,3,12)",12,3.382493e-05,7.038411e-05,"(0, (2, 8, 8))",-11127.623,,,,
"O(3,3,12)",12,3.442762e-05,7.163668e-05,"(0, (2, 8, 8))",-10932.680,,,,
"O(3,3,12)",12,3.504105e-05,7.291151e-05,"(0, (2, 8, 8))",-10741.150,,,,
"O(3,3,12)",12,3.566541e-05,7.420900e-05,"(0, (2, 8, 8))",-10552.973,,,,
"O(3,3,12)",12,3.630089e-05,7.552955e-05,"(0, (2, 8, 8))",-10368.090,,,,
"O(3,3,12)",12,3.694770e-05,7.687357e-05,"(0, (2, 8, 8))",-10186.444,,,,
"O(3,3,12)",12,3.760603e-05,7.824147e-05,"(0, (2, 8, 8))",-10007.978,,,,
"O(3,3,12)",12,3.827609e-05,7.963368e-05,"(0, (2, 8, 8))",-9832.636,,,,
"O(3,3,12)",12,3.895809e-05,8.105063e-05,"(0, (2, 8, 8))",-9660.363,,,,
"O(3,3,12)",12,3.965225e-05,8.249276e-05,"(0, (2, 8, 8))",-9491.107,,,,
"O(3,3,12)",12,4.035877e-05,8.396051e-05,"(0, (2, 8, 8))",-9324.814,,,,
"O(3,3,12)",12,4.107788e-05,8.545434e-05,"(0, (2, 8, 8))",-9161.431,,,,
"O(3,3,12)",12,4.180980e-05,8.697470e-05,"(0, (2, 8, 8))",-9000.910,,,,
"O(3,3,12)",12,4.255477e-05,8.852207e-05,"(0, (2, 8, 8))",-8843.198,,,,
"O(3,3,12)",12,4.331300e-05,9.009694e-05,"(0, (2, 8, 8))",-8688.247,,,,
"O(3,3,12)",12,4.408475e-05,9.169977e-05,"(0, (2, 8, 8))",-8536.009,,,,
"O(3,3,12)",12,4.487025e-05,9.333107e-05,"(0, (2, 8, 8))",-8386.436,,,,
"O(3,3,12)",12,4.566975e-05,9.499135e-05,"(0, (2, 8, 8))",-8239.481,,,,
"O(3,3,12)",12,4.648349e-05,9.668111e-05,"(0, (2, 8, 8))",-8095.100,,,,
"O(3,3,12)",12,4.731173e-05,9.840089e-05,"(0, (2, 8, 8))",-7953.245,,,,
"O(3,3,12)",12,4.815472e-05,1.001512e-04,"(0, (2, 8, 8))",-7813.875,,,,
"O(3,3,12)",12,4.901274e-05,1.019326e-04,"(0, (2, 8, 8))",-7676.944,,,,
"O(3,3,12)",12,4.988605e-05,1.037456e-04,"(0, (2, 8, 8))",-7542.410,,,,
"O(3,3,12)",12,5.077491e-05,1.055908e-04,"(0, (2, 8, 8))",-7410.231,,,,
"O(3,3,12)",12,5.167962e-05,1.074688e-04,"(0, (2, 8, 8))",-7280.367,,,,
"O(3,3,12)",12,5.260044e-05,1.093801e-04,"(0, (2, 8, 8))",-7152.776,,,,
"O(3,3,12)",12,5.353767e-05,1.113253e-04,"(0, (2, 8, 8))",-7027.418,,,,
"O(3,3,12)",12,5.449160e-05,1.133051e-04,"(0, (2, 8, 8))",-6904.255,,,,
"O(3,3,12)",12,5.546253e-05,1.153200e-04,"(0, (2, 8, 8))",-6783.249,,,,
"O(3,3,12)",12,5.645076e-05,1.173706e-04,"(0, (2, 8, 8))",-6664.360,,,,
"O(3,3,12)",12,5.745660e-05,1.194577e-04,"(0, (2, 8, 8))",-6547.553,,,,
"O(3,3,12)",12,5.848035e-05,1.215818e-04,"(0, (2, 8, 8))",-6432.791,,,,
"O(3,3,12)",12,5.952235e-05,1.237435e-04,"(0, (2, 8, 8))",-6320.038,,,,
"O(3,3,12)",12,6.058292e-05,1.259437e-04,"(0, (2, 8, 8))",-6209.259,,,,
"O(3,3,12)",12,6.166238e-05,1.281828e-04,"(0, (2, 8, 8))",-6100.420,,,,
"O(3,3,12)",12,6.276108e-05,1.304617e-04,"(0, (2, 8, 8))",-5993.486,,,,
"O(3,3,12)",12,6.387935e-05,1.327810e-04,"(0, (2, 8, 8))",-5888.423,,,,
"O(3,3,12)",12,6.501755e-05,1.351415e-04,"(0, (2, 8, 8))",-5785.200,,,,
"O(3,3,12)",12,6.617603e-05,1.375438e-04,"(0, (2, 8, 8))",-5683.785,,,,
"O(3,3,12)",12,6.735515e-05,1.399887e-04,"(0, (2, 8, 8))",-5584.144,,,,
"O(3,3,12)",12,6.855528e-05,1.424769e-04,"(0, (2, 8, 8))",-5486.248,,,,
"O(3,3,12)",12,6.977679e-05,1.450093e-04,"(0, (2, 8, 8))",-5390.066,,,,
"O(3,3,12)",12,7.102007e-05,1.475866e-04,"(0, (2, 8, 8))",-5295.568,,,,
"O(3,3,12)",12,7.228550e-05,1.502095e-04,"(0, (2, 8, 8))",-5202.724,,,,
"O(3,3,12)",12,7.357348e-05,1.528790e-04,"(0, (2, 8, 8))",-5111.505,,,,
"O(3,3,12)",12,7.488441e-05,1.555958e-04,"(0, (2, 8, 8))",-5021.884,,,,
"O(3,3,12)",12,7.621869e-05,1.583607e-04,"(0, (2, 8, 8))",-4933.831,,,,
"O(3,3,12)",12,7.757675e-05,1.611746e-04,"(0, (2, 8, 8))",-4847.320,,,,
"O(3,3,12)",12,7.895901e-05,1.640384e-04,"(0, (2, 8, 8))",-4762.323,,,,
"O(3,3,12)",12,8.036590e-05,1.669529e-04,"(0, (2, 8, 8))",-4678.815,,,,
"O(3,3,12)",12,8.179785e-05,1.699191e-04,"(0, (2, 8, 8))",-4596.768,,,,
"O(3,3,12)",12,8.325532e-05,1.729378e-04,"(0, (2, 8, 8))",-4516.158,,,,
"O(3,3,12)",12,8.473876e-05,1.760099e-04,"(0, (2, 8, 8))",-4436.959,,,,
"O(3,3,12)",12,8.624863e-05,1.791365e-04,"(0, (2, 8, 8))",-4359.146,,,,
"O(3,3,12)",12,8.778540e-05,1.823185e-04,"(0, (2, 8, 8))",-4282.696,,,,
"O(3,3,12)",12,8.934956e-05,1.855567e-04,"(0, (2, 8, 8))",-4207.584,,,,
"O(3,3,12)",12,9.094158e-05,1.888523e-04,"(0, (2, 8, 8))",-4133.788,,,,
"O(3,3,12)",12,9.256197e-05,1.922063e-04,"(0, (2, 8, 8))",-4061.283,,,,
"O(3,3,12)",12,9.421124e-05,1.956196e-04,"(0, (2, 8, 8))",-3990.047,,,,
"O(3,3,12)",12,9.588989e-05,1.990934e-04,"(0, (2, 8, 8))",-3920.059,,,,
"O(3,3,12)",12,9.759844e-05,2.026286e-04,"(0, (2, 8, 8))",-3851.296,,,,
"O(3,3,12)",12,9.933745e-05,2.062263e-04,"(0, (2, 8, 8))",-3783.736,,,,
"O(3,3,12)",12,1.011074e-04,2.098877e-04,"(0, (2, 8, 8))",-3717.360,,,,
"O(3,3,12)",12,1.029090e-04,2.136139e-04,"(0, (2, 8, 8))",-3652.145,,,,
"O(3,3,12)",12,1.047426e-04,2.174060e-04,"(0, (2, 8, 8))",-3588.073,,,,
"O(3,3,12)",12,1.066089e-04,2.212651e-04,"(0, (2, 8, 8))",-3525.121,,,,
"O(3,3,12)",12,1.085084e-04,2.251925e-04,"(0, (2, 8, 8))",-3463.273,,,,
"O(3,3,12)",12,1.104418e-04,2.291893e-04,"(0, (2, 8, 8))",-3402.506,,,,
"O(3,3,12)",12,1.124097e-04,2.332568e-04,"(0, (2, 8, 8))",-3342.804,,,,
"O(3,3,12)",12,1.144126e-04,2.373962e-04,"(0, (2, 8, 8))",-3284.147,,,,
"O(3,3,12)",12,1.164512e-04,2.416087e-04,"(0, (2, 8, 8))",-3226.517,,,,
"O(3,3,12)",12,1.185261e-04,2.458957e-04,"(0, (2, 8, 8))",-3169.896,,,,
"O(3,3,12)",12,1.206380e-04,2.502584e-04,"(0, (2, 8, 8))",-3114.266,,,,
"O(3,3,12)",12,1.227875e-04,2.546981e-04,"(0, (2, 8, 8))",-3059.610,,,,
"O(3,3,12)",12,1.249753e-04,2.592163e-04,"(0, (2, 8, 8))",-3005.910,,,,
"O(3,3,12)",12,1.272021e-04,2.638143e-04,"(0, (2, 8, 8))",-2953.151,,,,
"O(3,3,12)",12,1.294686e-04,2.684934e-04,"(0, (2, 8, 8))",-2901.316,,,,
"O(3,3,12)",12,1.317755e-04,2.732552e-04,"(0, (2, 8, 8))",-2850.388,,,,
"O(3,3,12)",12,1.341234e-04,2.781010e-04,"(0, (2, 8, 8))",-2800.352,,,,
"O(3,3,12)",12,1.365132e-04,2.830324e-04,"(0, (2, 8, 8))",-2751.192,,,,
"O(3,3,12)",12,1.389456e-04,2.880507e-04,"(0, (2, 8, 8))",-2702.892,,,,
"O(3,3,12)",12,1.414214e-04,2.931576e-04,"(0, (2, 8, 8))",-2655.438,,,,
"O(3,3,12)",12,1.439412e-04,2.983546e-04,"(0, (2, 8, 8))",-2608.815,,,,
"O(3,3,12)",12,1.465059e-04,3.036432e-04,"(0, (2, 8, 8))",-2563.008,,,,
"O(3,3,12)",12,1.491164e-04,3.090251e-04,"(0, (2, 8, 8))",-2518.003,,,,
"O(3,3,12)",12,1.517733e-04,3.145018e-04,"(0, (2, 8, 8))",-2473.786,,,,
"O(3,3,12)",12,1.544776e-04,3.200751e-04,"(0, (2, 8, 8))",-2430.343,,,,
"O(3,3,12)",12,1.572301e-04,3.257466e-04,"(0, (2, 8, 8))",-2387.661,,,,
"O(3,3,12)",12,1.600316e-04,3.315180e-04,"(0, (2, 8, 8))",-2345.726,,,,
"O(3,3,12)",12,1.628830e-04,3.373911e-04,"(0, (2, 8, 8))",-2304.525,,,,
"O(3,3,12)",12,1.657853e-04,3.433676e-04,"(0, (2, 8, 8))",-2264.045,,,,
"O(3,3,12)",12,1.687392e-04,3.494494e-04,"(0, (2, 8, 8))",-2224.274,,,,
"O(3,3,12)",12,1.717458e-04,3.556382e-04,"(0, (2, 8, 8))",-2185.200,,,,
"O(3,3,12)",12,1.748059e-04,3.619360e-04,"(0, (2, 8, 8))",-2146.809,,,,
"O(3,3,12)",12,1.779206e-04,3.683445e-04,"(0, (2, 8, 8))",-2109.091,,,,
"O(3,3,12)",12,1.810908e-04,3.748659e-04,"(0, (2, 8, 8))",-2072.033,,,,
"O(3,3,12)",12,1.843175e-04,3.815019e-04,"(0, (2, 8, 8))",-2035.624,,,,
"O(3,3,12)",12,1.876016e-04,3.882546e-04,"(0, (2, 8, 8))",-1999.852,,,,
"O(3,3,12)",12,1.909443e-04,3.951261e-04,"(0, (2, 8, 8))",-1964.707,,,,
"O(3,3,12)",12,1.943465e-04,4.021183e-04,"(0, (2, 8, 8))",-1930.177,,,,
"O(3,3,12)",12,1.978094e-04,4.092334e-04,"(0, (2, 8, 8))",-1896.251,,,,
"O(3,3,12)",12,2.013339e-04,4.164735e-04,"(0, (2, 8, 8))",-1862.919,,,,
"O(3,3,12)",12,2.049213e-04,4.238408e-04,"(0, (2, 8, 8))",-1830.171,,,,
"O(3,3,12)",12,2.085726e-04,4.313374e-04,"(0, (2, 8, 8))",-1797.997,,,,
"O(3,3,12)",12,2.122889e-04,4.389657e-04,"(0, (2, 8, 8))",-1766.385,,,,
"O(3,3,12)",12,2.160715e-04,4.467278e-04,"(0, (2, 8, 8))",-1735.328,,,,
"O(3,3,12)",12,2.199214e-04,4.546261e-04,"(0, (2, 8, 8))",-1704.813,,,,
"O(3,3,12)",12,2.238399e-04,4.626629e-04,"(0, (2, 8, 8))",-1674.834,,,,
"O(3,3,12)",12,2.278283e-04,4.708407e-04,"(0, (2, 8, 8))",-1645.379,,,,
"O(3,3,12)",12,2.318877e-04,4.791618e-04,"(0, (2, 8, 8))",-1616.439,,,,
"O(3,3,12)",12,2.360195e-04,4.876288e-04,"(0, (2, 8, 8))",-1588.007,,,,
"O(3,3,12)",12,2.402249e-04,4.962442e-04,"(0, (2, 8, 8))",-1560.072,,,,
"O(3,3,12)",12,2.445052e-04,5.050104e-04,"(0, (2, 8, 8))",-1532.626,,,,
"O(3,3,12)",12,2.488618e-04,5.139301e-04,"(0, (2, 8, 8))",-1505.661,,,,
"O(3,3,12)",12,2.532960e-04,5.230060e-04,"(0, (2, 8, 8))",-1479.168,,,,
"O(3,3,12)",12,2.578092e-04,5.322407e-04,"(0, (2, 8, 8))",-1453.139,,,,
"O(3,3,12)",12,2.624028e-04,5.416369e-04,"(0, (2, 8, 8))",-1427.566,,,,
"O(3,3,12)",12,2.670783e-04,5.511975e-04,"(0, (2, 8, 8))",-1402.440,,,,
"O(3,3,12)",12,2.718371e-04,5.609252e-04,"(0, (2, 8, 8))",-1377.754,,,,
"O(3,3,12)",12,2.766807e-04,5.708229e-04,"(0, (2, 8, 8))",-1353.501,,,,
"O(3,3,12)",12,2.816105e-04,5.808935e-04,"(0, (2, 8, 8))",-1329.672,,,,
"O(3,3,12)",12,2.866283e-04,5.911400e-04,"(0, (2, 8, 8))",-1306.260,,,,
"O(3,3,12)",12,2.917354e-04,6.015654e-04,"(0, (2, 8, 8))",-1283.258,,,,
"O(3,3,12)",12,2.969335e-04,6.121727e-04,"(0, (2, 8, 8))",-1260.659,,,,
"O(3,3,12)",12,3.022242e-04,6.229651e-04,"(0, (2, 8, 8))",-1238.456,,,,
"O(3,3,12)",12,3.076093e-04,6.339457e-04,"(0, (2, 8, 8))",-1216.641,,,,
"O(3,3,12)",12,3.130902e-04,6.451177e-04,"(0, (2, 8, 8))",-1195.209,,,,
"O(3,3,12)",12,3.186688e-04,6.564844e-04,"(0, (2, 8, 8))",-1174.151,,,,
"O(3,3,12)",12,3.243469e-04,6.680490e-04,"(0, (2, 8, 8))",-1153.462,,,,
"O(3,3,12)",12,3.301261e-04,6.798151e-04,"(0, (2, 8, 8))",-1133.136,,,,
"O(3,3,12)",12,3.360082e-04,6.917859e-04,"(0, (2, 8, 8))",-1113.166,,,,
"O(3,3,12)",12,3.419952e-04,7.039650e-04,"(0, (2, 8, 8))",-1093.545,,,,
"O(3,3,12)",12,3.480888e-04,7.163558e-04,"(0, (2, 8, 8))",-1074.267,,,,
"O(3,3,12)",12,3.542911e-04,7.289621e-04,"(0, (2, 8, 8))",-1055.328,,,,
"O(3,3,12)",12,3.606038e-04,7.417873e-04,"(0, (2, 8, 8))",-1036.719,,,,
"O(3,3,12)",12,3.670290e-04,7.548354e-04,"(0, (2, 8, 8))",-1018.437,,,,
"O(3,3,12)",12,3.735687e-04,7.681099e-04,"(0, (2, 8, 8))",-1000.475,,,,
"O(3,3,12)",12,3.802249e-04,7.816147e-04,"(0, (2, 8, 8))",-982.827,,,,
"O(3,3,12)",12,3.869998e-04,7.953538e-04,"(0, (2, 8, 8))",-965.489,,,,
"O(3,3,12)",12,3.938953e-04,8.093311e-04,"(0, (2, 8, 8))",-948.453,,,,
"O(3,3,12)",12,4.009137e-04,8.235505e-04,"(0, (2, 8, 8))",-931.717,,,,
"O(3,3,12)",12,4.080572e-04,8.380161e-04,"(0, (2, 8, 8))",-915.273,,,,
"O(3,3,12)",12,4.153279e-04,8.527322e-04,"(0, (2, 8, 8))",-899.117,,,,
"O(3,3,12)",12,4.227282e-04,8.677028e-04,"(0, (2, 8, 8))",-883.244,,,,
"O(3,3,12)",12,4.302603e-04,8.829323e-04,"(0, (2, 8, 8))",-867.649,,,,
"O(3,3,12)",12,4.379267e-04,8.984250e-04,"(0, (2, 8, 8))",-852.327,,,,
"O(3,3,12)",12,4.457296e-04,9.141854e-04,"(0, (2, 8, 8))",-837.274,,,,
"O(3,3,12)",12,4.536716e-04,9.302177e-04,"(0, (2, 8, 8))",-822.484,,,,1983
"O(3,3,12)",12,4.617551e-04,9.465267e-04,"(0, (2, 8, 8))",-807.953,,,,1944
"O(3,3,12)",12,4.699826e-04,9.631170e-04,"(0, (2, 8, 8))",-793.676,,,,1905
"O(3,3,12)",12,4.783567e-04,9.799931e-04,"(0, (2, 8, 8))",-779.649,,,,1867
"O(3,3,12)",12,4.868801e-04,9.971600e-04,"(0, (2, 8, 8))",-765.868,,,,1830
"O(3,3,12)",12,4.955553e-04,1.014622e-03,"(0, (2, 8, 8))",-752.329,,,,1794
"O(3,3,12)",12,5.043850e-04,1.032385e-03,"(0, (2, 8, 8))",-739.026,,,,1758
"O(3,3,12)",12,5.133721e-04,1.050453e-03,"(0, (2, 8, 8))",-725.957,,,,1723
"O(3,3,12)",12,5.225194e-04,1.068832e-03,"(0, (2, 8, 8))",-713.116,,,,1689
"O(3,3,12)",12,5.318296e-04,1.087526e-03,"(0, (2, 8, 8))",-700.500,,,,1655
"O(3,3,12)",12,5.413057e-04,1.106541e-03,"(0, (2, 8, 8))",-688.105,,,,1622
"O(3,3,12)",12,5.509506e-04,1.125882e-03,"(0, (2, 8, 8))",-675.927,,,,1590
"O(3,3,12)",12,5.607674e-04,1.145554e-03,"(0, (2, 8, 8))",-663.962,,,,1558
"O(3,3,12)",12,5.707592e-04,1.165563e-03,"(0, (2, 8, 8))",-652.207,,,,1527
"O(3,3,12)",12,5.809289e-04,1.185915e-03,"(0, (2, 8, 8))",-640.658,,,,1496
"O(3,3,12)",12,5.912799e-04,1.206615e-03,"(0, (2, 8, 8))",-629.311,,,,1467
"O(3,3,12)",12,6.018153e-04,1.227668e-03,"(0, (2, 8, 8))",-618.162,,,,1437
"O(3,3,12)",12,6.125384e-04,1.249081e-03,"(0, (2, 8, 8))",-607.209,,,,1409
"O(3,3,12)",12,6.234525e-04,1.270860e-03,"(0, (2, 8, 8))",-596.448,,,,1380
"O(3,3,12)",12,6.345612e-04,1.293009e-03,"(0, (2, 8, 8))",-585.875,,,,1353
"O(3,3,12)",12,6.458677e-04,1.315536e-03,"(0, (2, 8, 8))",-575.488,,,,1326
"O(3,3,12)",12,6.573758e-04,1.338447e-03,"(0, (2, 8, 8))",-565.282,,,,1299
"O(3,3,12)",12,6.690889e-04,1.361747e-03,"(0, (2, 8, 8))",-555.255,,,,1273
"O(3,3,12)",12,6.810106e-04,1.385443e-03,"(0, (2, 8, 8))",-545.403,,,,1248
"O(3,3,12)",12,6.931448e-04,1.409542e-03,"(0, (2, 8, 8))",-535.724,,,,1223
"O(3,3,12)",12,7.054953e-04,1.434049e-03,"(0, (2, 8, 8))",-526.215,,,,1198
"O(3,3,12)",12,7.180657e-04,1.458972e-03,"(0, (2, 8, 8))",-516.872,,,,1174
"O(3,3,12)",12,7.308602e-04,1.484317e-03,"(0, (2, 8, 8))",-507.693,,,,1151
"O(3,3,12)",12,7.438826e-04,1.510091e-03,"(0, (2, 8, 8))",-498.674,,,,1128
"O(3,3,12)",12,7.571370e-04,1.536301e-03,"(0, (2, 8, 8))",-489.814,,,,1105
"O(3,3,12)",12,7.706277e-04,1.562953e-03,"(0, (2, 8, 8))",-481.108,,,1988,1083
"O(3,3,12)",12,7.843587e-04,1.590056e-03,"(0, (2, 8, 8))",-472.555,,,1947,1061
"O(3,3,12)",12,7.983343e-04,1.617615e-03,"(0, (2, 8, 8))",-464.152,,,1908,1040
"O(3,3,12)",12,8.125590e-04,1.645638e-03,"(0, (2, 8, 8))",-455.896,,,1869,1019
"O(3,3,12)",12,8.270371e-04,1.674133e-03,"(0, (2, 8, 8))",-447.785,,,1831,999
"O(3,3,12)",12,8.417732e-04,1.703107e-03,"(0, (2, 8, 8))",-439.816,,,1794,979
"O(3,3,12)",12,8.567719e-04,1.732568e-03,"(0, (2, 8, 8))",-431.986,,,1758,959
"O(3,3,12)",12,8.720378e-04,1.762523e-03,"(0, (2, 8, 8))",-424.294,,,1722,940
"O(3,3,12)",12,8.875757e-04,1.792979e-03,"(0, (2, 8, 8))",-416.736,,,1687,921
"O(3,3,12)",12,9.033905e-04,1.823946e-03,"(0, (2, 8, 8))",-409.310,,,1653,902
"O(3,3,12)",12,9.194870e-04,1.855430e-03,"(0, (2, 8, 8))",-402.015,,,1619,884
"O(3,3,12)",12,9.358704e-04,1.887441e-03,"(0, (2, 8, 8))",-394.847,1983,,1586,866
"O(3,3,12)",12,9.525456e-04,1.919985e-03,"(0, (2, 8, 8))",-387.805,1945,,1554,849
"O(3,3,12)",12,9.695180e-04,1.953072e-03,"(0, (2, 8, 8))",-380.886,1904,,1522,832
"O(3,3,12)",12,9.867929e-04,1.986709e-03,"(0, (2, 8, 8))",-374.089,1867,1966,1491,815
"O(3,3,12)",12,1.004375e-03,2.020906e-03,"(0, (2, 8, 8))",-367.410,1830,1925,1461,799
"O(3,3,12)",12,1.022271e-03,2.055670e-03,"(0, (2, 8, 8))",-360.849,1794,1888,1431,783
"O(3,3,12)",12,1.040486e-03,2.091012e-03,"(0, (2, 8, 8))",-354.402,1759,1849,1402,767
"O(3,3,12)",12,1.059025e-03,2.126938e-03,"(0, (2, 8, 8))",-348.069,1722,1814,1373,751
"O(3,3,12)",12,1.077895e-03,2.163459e-03,"(0, (2, 8, 8))",-341.846,1688,1777,1345,736
"O(3,3,12)",12,1.097101e-03,2.200583e-03,"(0, (2, 8, 8))",-335.732,1653,1742,1318,721
"O(3,3,12)",12,1.116649e-03,2.238320e-03,"(0, (2, 8, 8))",-329.726,1619,1709,1291,707
"O(3,3,12)",12,1.136545e-03,2.276679e-03,"(0, (2, 8, 8))",-323.824,1589,1675,1264,693
"O(3,3,12)",12,1.156796e-03,2.315668e-03,"(0, (2, 8, 8))",-318.026,1556,1640,1238,679
"O(3,3,12)",12,1.177408e-03,2.355299e-03,"(0, (2, 8, 8))",-312.330,1523,1608,1213,665
"O(3,3,12)",12,1.198387e-03,2.395580e-03,"(0, (2, 8, 8))",-306.733,1496,1577,1188,651
"O(3,3,12)",12,1.219740e-03,2.436521e-03,"(0, (2, 8, 8))",-301.234,1466,1545,1164,638
"O(3,3,12)",12,1.241473e-03,2.478131e-03,"(0, (2, 8, 8))",-295.832,1437,1514,1140,625
"O(3,3,12)",12,1.263594e-03,2.520422e-03,"(0, (2, 8, 8))",-290.525,1409,1483,1117,613
"O(3,3,12)",12,1.286108e-03,2.563402e-03,"(0, (2, 8, 8))",-285.310,1379,1453,1094,600
"O(3,3,12)",12,1.309024e-03,2.607083e-03,"(0, (2, 8, 8))",-280.187,1350,1424,1072,588
"O(3,3,12)",12,1.332348e-03,2.651474e-03,"(0, (2, 8, 8))",-275.153,1323,1396,1050,576
"O(3,3,12)",12,1.356088e-03,2.696585e-03,"(0, (2, 8, 8))",-270.208,1295,1367,1028,565
"O(3,3,12)",12,1.380250e-03,2.742428e-03,"(0, (2, 8, 8))",-265.349,1270,1342,1007,553
"O(3,3,12)",12,1.404844e-03,2.789013e-03,"(0, (2, 8, 8))",-260.575,1246,1316,986,542
"O(3,3,12)",12,1.429875e-03,2.836350e-03,"(0, (2, 8, 8))",-255.885,1220,1289,966,531
"O(3,3,12)",12,1.455352e-03,2.884451e-03,"(0, (2, 8, 8))",-251.277,1196,1262,946,520
"O(3,3,12)",12,1.481284e-03,2.933327e-03,"(0, (2, 8, 8))",-246.750,1171,1238,927,510
"O(3,3,12)",12,1.507677e-03,2.982988e-03,"(0, (2, 8, 8))",-242.303,1147,1213,908,499
"O(3,3,12)",12,1.534541e-03,3.033446e-03,"(0, (2, 8, 8))",-237.933,1124,1189,889,489
"O(3,3,12)",12,1.561883e-03,3.084711e-03,"(0, (2, 8, 8))",-233.640,1103,1163,871,479
"O(3,3,12)",12,1.589713e-03,3.136797e-03,"(0, (2, 8, 8))",-229.421,1081,1142,853,470
"O(3,3,12)",12,1.618038e-03,3.189713e-03,"(0, (2, 8, 8))",-225.277,1058,1120,835,460
"O(3,3,12)",12,1.646868e-03,3.243472e-03,"(0, (2, 8, 8))",-221.206,1039,1096,818,451
"O(3,3,12)",12,1.676212e-03,3.298086e-03,"(0, (2, 8, 8))",-217.206,1017,1076,801,442
"O(3,3,12)",12,1.706079e-03,3.353565e-03,"(0, (2, 8, 8))",-213.276,996,1054,785,433
"O(3,3,12)",12,1.736478e-03,3.409923e-03,"(0, (2, 8, 8))",-209.414,976,1031,769,424
"O(3,3,12)",12,1.767418e-03,3.467172e-03,"(0, (2, 8, 8))",-205.621,956,1010,753,415
"O(3,3,12)",12,1.798910e-03,3.525323e-03,"(0, (2, 8, 8))",-201.894,936,991,737,407
"O(3,3,12)",12,1.830963e-03,3.584388e-03,"(0, (2, 8, 8))",-198.232,918,970,722,399
"O(3,3,12)",12,1.863587e-03,3.644381e-03,"(0, (2, 8, 8))",-194.634,902,953,707,390
"O(3,3,12)",12,1.896792e-03,3.705314e-03,"(0, (2, 8, 8))",-191.100,880,931,693,383
"O(3,3,12)",12,1.930589e-03,3.767198e-03,"(0, (2, 8, 8))",-187.627,865,916,678,375
"O(3,3,12)",12,1.964988e-03,3.830048e-03,"(0, (2, 8, 8))",-184.215,847,896,664,367
"O(3,3,12)",12,2.000000e-03,3.893875e-03,"(0, (2, 8, 8))",-180.863,829,879,650,360
"O(3,3,12)",12,2.031395e-03,3.950987e-03,"(0, (2, 8, 8))",-177.956,815,862,639,353
"O(3,3,12)",12,2.063282e-03,4.008878e-03,"(0, (2, 8, 8))",-175.094,799,847,627,347
"O(3,3,12)",12,2.095671e-03,4.067558e-03,"(0, (2, 8, 8))",-172.276,784,830,615,341
"O(3,3,12)",12,2.128567e-03,4.127034e-03,"(0, (2, 8, 8))",-169.501,774,817,604,334
"O(3,3,12)",12,2.161980e-03,4.187317e-03,"(0, (2, 8, 8))",-166.770,758,804,593,328
"O(3,3,12)",12,2.195917e-03,4.248416e-03,"(0, (2, 8, 8))",-164.080,743,788,582,323
"O(3,3,12)",12,2.230388e-03,4.310339e-03,"(0, (2, 8, 8))",-161.433,732,774,572,317
"O(3,3,12)",12,2.265399e-03,4.373096e-03,"(0, (2, 8, 8))",-158.826,719,759,561,311
"O(3,3,12)",12,2.300960e-03,4.436697e-03,"(0, (2, 8, 8))",-156.260,706,746,551,305
"O(3,3,12)",12,2.337079e-03,4.501149e-03,"(0, (2, 8, 8))",-153.733,693,735,541,300
"O(3,3,12)",12,2.373765e-03,4.566464e-03,"(0, (2, 8, 8))",-151.246,679,720,531,294
"O(3,3,12)",12,2.411027e-03,4.632650e-03,"(0, (2, 8, 8))",-148.797,667,710,521,289
"O(3,3,12)",12,2.448874e-03,4.699716e-03,"(0, (2, 8, 8))",-146.385,656,696,512,284
"O(3,3,12)",12,2.487314e-03,4.767672e-03,"(0, (2, 8, 8))",-144.012,642,683,502,279
"O(3,3,12)",12,2.526359e-03,4.836528e-03,"(0, (2, 8, 8))",-141.675,631,670,493,274
"O(3,3,12)",12,2.566016e-03,4.906294e-03,"(0, (2, 8, 8))",-139.374,621,660,484,269
"O(3,3,12)",12,2.606296e-03,4.976978e-03,"(0, (2, 8, 8))",-137.108,609,648,475,264
"O(3,3,12)",12,2.647208e-03,5.048590e-03,"(0, (2, 8, 8))",-134.878,599,635,466,259
"O(3,3,12)",12,2.688762e-03,5.121140e-03,"(0, (2, 8, 8))",-132.682,588,625,458,254
"O(3,3,12)",12,2.730969e-03,5.194639e-03,"(0, (2, 8, 8))",-130.521,580,613,449,250
"O(3,3,12)",12,2.773838e-03,5.269094e-03,"(0, (2, 8, 8))",-128.392,567,602,441,245
"O(3,3,12)",12,2.817380e-03,5.344517e-03,"(0, (2, 8, 8))",-126.297,556,592,433,241
"O(3,3,12)",12,2.861605e-03,5.420917e-03,"(0, (2, 8, 8))",-124.234,547,582,425,237
"O(3,3,12)",12,2.906525e-03,5.498303e-03,"(0, (2, 8, 8))",-122.203,537,569,417,232
"O(3,3,12)",12,2.952150e-03,5.576686e-03,"(0, (2, 8, 8))",-120.204,527,560,410,228
"O(3,3,12)",12,2.998491e-03,5.656075e-03,"(0, (2, 8, 8))",-118.235,519,552,402,224
"O(3,3,12)",12,3.045559e-03,5.736480e-03,"(0, (2, 8, 8))",-116.297,509,540,395,220
"O(3,3,12)",12,3.093367e-03,5.817911e-03,"(0, (2, 8, 8))",-114.389,499,532,387,216
"O(3,3,12)",12,3.141924e-03,5.900378e-03,"(0, (2, 8, 8))",-112.510,491,523,380,212
"O(3,3,12)",12,3.191244e-03,5.983890e-03,"(0, (2, 8, 8))",-110.661,483,512,373,208
"O(3,3,12)",12,3.241339e-03,6.068458e-03,"(0, (2, 8, 8))",-108.840,475,504,366,204
"O(3,3,12)",12,3.292219e-03,6.154091e-03,"(0, (2, 8, 8))",-107.048,464,495,360,201
"O(3,3,12)",12,3.343898e-03,6.240799e-03,"(0, (2, 8, 8))",-105.283,457,485,353,197
"O(3,3,12)",12,3.396389e-03,6.328592e-03,"(0, (2, 8, 8))",-103.545,447,477,346,193
"O(3,3,12)",12,3.449703e-03,6.417480e-03,"(0, (2, 8, 8))",-101.835,441,468,340,190
"O(3,3,12)",12,3.503855e-03,6.507472e-03,"(0, (2, 8, 8))",-100.150,431,461,334,187
"O(3,3,12)",12,3.558856e-03,6.598579e-03,"(0, (2, 8, 8))",-98.492,425,451,328,183
"O(3,3,12)",12,3.614721e-03,6.690809e-03,"(0, (2, 8, 8))",-96.860,418,444,322,180
"O(3,3,12)",12,3.671462e-03,6.784174e-03,"(0, (2, 8, 8))",-95.253,408,437,316,177
"O(3,3,12)",12,3.729095e-03,6.878681e-03,"(0, (2, 8, 8))",-93.671,401,427,310,173
"O(3,3,12)",12,3.787632e-03,6.974342e-03,"(0, (2, 8, 8))",-92.113,392,420,304,170
"O(3,3,12)",12,3.847088e-03,7.071166e-03,"(0, (2, 8, 8))",-90.579,388,413,298,167
"O(3,3,12)",12,3.907477e-03,7.169161e-03,"(0, (2, 8, 8))",-89.069,381,407,293,164
"O(3,3,12)",12,3.968814e-03,7.268339e-03,"(0, (2, 8, 8))",-87.583,373,400,288,161
"O(3,3,12)",12,4.031114e-03,7.368708e-03,"(0, (2, 8, 8))",-86.119,367,391,282,158
"O(3,3,12)",12,4.094392e-03,7.470277e-03,"(0, (2, 8, 8))",-84.679,361,385,277,155
"O(3,3,12)",12,4.158663e-03,7.573057e-03,"(0, (2, 8, 8))",-83.260,353,377,272,152
"O(3,3,12)",12,4.223944e-03,7.677056e-03,"(0, (2, 8, 8))",-81.864,347,371,267,150
"O(3,3,12)",12,4.290249e-03,7.782284e-03,"(0, (2, 8, 8))",-80.489,342,365,262,147
"O(3,3,12)",12,4.357594e-03,7.888749e-03,"(0, (2, 8, 8))",-79.135,335,358,257,144
"O(3,3,12)",12,4.425997e-03,7.996462e-03,"(0, (2, 8, 8))",-77.803,329,352,252,142
"O(3,3,12)",12,4.495474e-03,8.105430e-03,"(0, (2, 8, 8))",-76.491,322,344,248,139
"O(3,3,12)",12,4.566041e-03,8.215664e-03,"(0, (2, 8, 8))",-75.199,317,340,243,137
"O(3,3,12)",12,4.637716e-03,8.327170e-03,"(0, (2, 8, 8))",-73.928,310,333,238,134
"O(3,3,12)",12,4.710516e-03,8.439960e-03,"(0, (2, 8, 8))",-72.676,305,327,234,132
"O(3,3,12)",12,4.784459e-03,8.554040e-03,"(0, (2, 8, 8))",-71.443,300,322,230,129
"O(3,3,12)",12,4.859562e-03,8.669420e-03,"(0, (2, 8, 8))",-70.230,295,315,225,127
"O(3,3,12)",12,4.935845e-03,8.786108e-03,"(0, (2, 8, 8))",-69.035,289,310,221,125
"O(3,3,12)",12,5.013324e-03,8.904112e-03,"(0, (2, 8, 8))",-67.859,284,304,217,122
"O(3,3,12)",12,5.092021e-03,9.023440e-03,"(0, (2, 8, 8))",-66.701,280,300,213,120
"O(3,3,12)",12,5.171952e-03,9.144101e-03,"(0, (2, 8, 8))",-65.562,272,294,209,118
"O(3,3,12)",12,5.253138e-03,9.266103e-03,"(0, (2, 8, 8))",-64.439,269,289,205,116
"O(3,3,12)",12,5.335599e-03,9.389452e-03,"(0, (2, 8, 8))",-63.334,265,283,201,114
"O(3,3,12)",12,5.419354e-03,9.514158e-03,"(0, (2, 8, 8))",-62.247,258,277,198,112
"O(3,3,12)",12,5.504423e-03,9.640226e-03,"(0, (2, 8, 8))",-61.176,255,272,194,110
"O(3,3,12)",12,5.590828e-03,9.767665e-03,"(0, (2, 8, 8))",-60.122,249,268,190,108
"O(3,3,12)",12,5.678590e-03,9.896482e-03,"(0, (2, 8, 8))",-59.084,245,261,187,106
"O(3,3,12)",12,5.767729e-03,1.002668e-02,"(0, (2, 8, 8))",-58.062,241,257,183,104
"O(3,3,12)",12,5.858267e-03,1.015828e-02,"(0, (2, 8, 8))",-57.056,236,255,180,102
"O(3,3,12)",12,5.950227e-03,1.029127e-02,"(0, (2, 8, 8))",-56.066,232,249,177,100
"O(3,3,12)",12,6.043630e-03,1.042566e-02,"(0, (2, 8, 8))",-55.091,228,244,173,98
"O(3,3,12)",12,6.138499e-03,1.056147e-02,"(0, (2, 8, 8))",-54.131,224,239,170,96
"O(3,3,12)",12,6.234857e-03,1.069869e-02,"(0, (2, 8, 8))",-53.186,218,235,167,95
"O(3,3,12)",12,6.332728e-03,1.083734e-02,"(0, (2, 8, 8))",-52.255,217,232,164,93
"O(3,3,12)",12,6.432135e-03,1.097741e-02,"(0, (2, 8, 8))",-51.339,212,228,161,91
"O(3,3,12)",12,6.533103e-03,1.111892e-02,"(0, (2, 8, 8))",-50.438,209,224,158,90
"O(3,3,12)",12,6.635656e-03,1.126187e-02,"(0, (2, 8, 8))",-49.550,204,217,155,88
"O(3,3,12)",12,6.739818e-03,1.140625e-02,"(0, (2, 8, 8))",-48.676,201,217,152,86
"O(3,3,12)",12,6.845616e-03,1.155209e-02,"(0, (2, 8, 8))",-47.816,196,211,149,85
"O(3,3,12)",12,6.953074e-03,1.169938e-02,"(0, (2, 8, 8))",-46.969,193,208,146,83
"O(3,3,12)",12,7.062219e-03,1.184813e-02,"(0, (2, 8, 8))",-46.135,191,204,144,82
"O(3,3,12)",12,7.173078e-03,1.199834e-02,"(0, (2, 8, 8))",-45.314,185,201,141,80
"O(3,3,12)",12,7.285676e-03,1.215001e-02,"(0, (2, 8, 8))",-44.505,184,196,138,79
"O(3,3,12)",12,7.400042e-03,1.230315e-02,"(0, (2, 8, 8))",-43.710,181,193,136,77
"O(3,3,12)",12,7.516204e-03,1.245777e-02,"(0, (2, 8, 8))",-42.926,176,191,133,76
"O(3,3,12)",12,7.634188e-03,1.261385e-02,"(0, (2, 8, 8))",-42.155,172,185,131,74
"O(3,3,12)",12,7.754025e-03,1.277141e-02,"(0, (2, 8, 8))",-41.396,169,184,128,73
"O(3,3,12)",12,7.875743e-03,1.293045e-02,"(0, (2, 8, 8))",-40.649,167,181,126,72
"O(3,3,12)",12,7.999372e-03,1.309097e-02,"(0, (2, 8, 8))",-39.913,164,176,123,71
"O(3,3,12)",12,8.124941e-03,1.325298e-02,"(0, (2, 8, 8))",-39.188,160,173,121,69
"O(3,3,12)",12,8.252481e-03,1.341646e-02,"(0, (2, 8, 8))",-38.475,157,169,119,68
"O(3,3,12)",12,8.382024e-03,1.358143e-02,"(0, (2, 8, 8))",-37.773,156,167,117,67
"O(3,3,12)",12,8.513600e-03,1.374788e-02,"(0, (2, 8, 8))",-37.082,152,166,115,66
"O(3,3,12)",12,8.647241e-03,1.391582e-02,"(0, (2, 8, 8))",-36.401,150,161,112,64
"O(3,3,12)",12,8.782980e-03,1.408524e-02,"(0, (2, 8, 8))",-35.732,148,158,110,63
"O(3,3,12)",12,8.920850e-03,1.425615e-02,"(0, (2, 8, 8))",-35.072,144,156,108,62
"O(3,3,12)",12,9.060884e-03,1.442854e-02,"(0, (2, 8, 8))",-34.423,142,152,106,61
"O(3,3,12)",12,9.203116e-03,1.460241e-02,"(0, (2, 8, 8))",-33.784,138,150,104,60
"O(3,3,12)",12,9.347581e-03,1.477776e-02,"(0, (2, 8, 8))",-33.154,136,148,102,59
"O(3,3,12)",12,9.494314e-03,1.495459e-02,"(0, (2, 8, 8))",-32.535,132,144,100,58
"O(3,3,12)",12,9.643350e-03,1.513290e-02,"(0, (2, 8, 8))",-31.925,132,142,98,57
"O(3,3,12)",12,9.794725e-03,1.531268e-02,"(0, (2, 8, 8))",-31.325,129,138,97,56
"O(3,3,12)",12,9.948477e-03,1.549393e-02,"(0, (2, 8, 8))",-30.734,127,138,95,55
"O(3,3,12)",12,1.010464e-02,1.567664e-02,"(0, (2, 8, 8))",-30.152,124,133,93,54
"O(3,3,12)",12,1.026326e-02,1.586082e-02,"(0, (2, 8, 8))",-29.579,122,132,91,53
"O(3,3,12)",12,1.042436e-02,1.604645e-02,"(0, (2, 8, 8))",-29.015,120,131,90,52
"O(3,3,12)",12,1.058800e-02,1.623353e-02,"(0, (2, 8, 8))",-28.460,118,127,88,51
"O(3,3,12)",12,1.075420e-02,1.642207e-02,"(0, (2, 8, 8))",-27.914,116,124,86,50
"O(3,3,12)",12,1.092302e-02,1.661204e-02,"(0, (2, 8, 8))",-27.376,114,123,85,49
"O(3,3,12)",12,1.109448e-02,1.680345e-02,"(0, (2, 8, 8))",-26.846,110,120,83,48
"O(3,3,12)",12,1.126863e-02,1.699629e-02,"(0, (2, 8, 8))",-26.324,109,119,81,47
"O(3,3,12)",12,1.144552e-02,1.719054e-02,"(0, (2, 8, 8))",-25.811,107,116,80,46
"O(3,3,12)",12,1.162519e-02,1.738621e-02,"(0, (2, 8, 8))",-25.306,104,114,78,45
"O(3,3,12)",12,1.180767e-02,1.758329e-02,"(0, (2, 8, 8))",-24.808,104,112,77,44
"O(3,3,12)",12,1.199302e-02,1.778176e-02,"(0, (2, 8, 8))",-24.319,103,110,76,44
"O(3,3,12)",12,1.218128e-02,1.798162e-02,"(0, (2, 8, 8))",-23.837,100,107,74,43
"O(3,3,12)",12,1.237250e-02,1.818286e-02,"(0, (2, 8, 8))",-23.362,99,105,73,42
"O(3,3,12)",12,1.256671e-02,1.838546e-02,"(0, (2, 8, 8))",-22.895,96,104,72,41
"O(3,3,12)",12,1.276398e-02,1.858942e-02,"(0, (2, 8, 8))",-22.435,94,104,70,41
"O(3,3,12)",12,1.296434e-02,1.879473e-02,"(0, (2, 8, 8))",-21.982,93,100,69,40
"O(3,3,12)",12,1.316784e-02,1.900137e-02,"(0, (2, 8, 8))",-21.536,91,99,68,39
"O(3,3,12)",12,1.337454e-02,1.920933e-02,"(0, (2, 8, 8))",-21.097,88,98,66,39
"O(3,3,12)",12,1.358449e-02,1.941860e-02,"(0, (2, 8, 8))",-20.665,88,95,65,38
"O(3,3,12)",12,1.379773e-02,1.962916e-02,"(0, (2, 8, 8))",-20.240,86,94,64,37
"O(3,3,12)",12,1.401432e-02,1.984101e-02,"(0, (2, 8, 8))",-19.822,85,92,62,37
"O(3,3,12)",12,1.423431e-02,2.005412e-02,"(0, (2, 8, 8))",-19.409,82,89,61,36
"O(3,3,12)",12,1.445775e-02,2.026849e-02,"(0, (2, 8, 8))",-19.004,82,88,60,35
"O(3,3,12)",12,1.468470e-02,2.048409e-02,"(0, (2, 8, 8))",-18.604,80,87,59,35
"O(3,3,12)",12,1.491521e-02,2.070092e-02,"(0, (2, 8, 8))",-18.211,78,86,58,34
"O(3,3,12)",12,1.514934e-02,2.091895e-02,"(0, (2, 8, 8))",-17.824,78,82,57,33
"O(3,3,12)",12,1.538714e-02,2.113816e-02,"(0, (2, 8, 8))",-17.443,76,82,56,33
"O(3,3,12)",12,1.562868e-02,2.135855e-02,"(0, (2, 8, 8))",-17.068,74,82,55,32
"O(3,3,12)",12,1.587401e-02,2.158008e-02,"(0, (2, 8, 8))",-16.699,73,80,54,31
"O(3,3,12)",12,1.612319e-02,2.180275e-02,"(0, (2, 8, 8))",-16.335,73,78,53,31
"O(3,3,12)",12,1.637628e-02,2.202654e-02,"(0, (2, 8, 8))",-15.978,70,77,52,30
"O(3,3,12)",12,1.663335e-02,2.225142e-02,"(0, (2, 8, 8))",-15.625,69,74,51,30
"O(3,3,12)",12,1.689445e-02,2.247737e-02,"(0, (2, 8, 8))",-15.279,68,73,50,29
"O(3,3,12)",12,1.715965e-02,2.270437e-02,"(0, (2, 8, 8))",-14.937,67,73,49,29
"O(3,3,12)",12,1.742901e-02,2.293240e-02,"(0, (2, 8, 8))",-14.601,64,73,48,28
"O(3,3,12)",12,1.770260e-02,2.316144e-02,"(0, (2, 8, 8))",-14.271,63,69,47,28
"O(3,3,12)",12,1.798048e-02,2.339147e-02,"(0, (2, 8, 8))",-13.945,63,68,46,27
"O(3,3,12)",12,1.826273e-02,2.362246e-02,"(0, (2, 8, 8))",-13.625,62,68,45,27
"O(3,3,12)",12,1.854941e-02,2.385438e-02,"(0, (2, 8, 8))",-13.309,62,66,44,26
"O(3,3,12)",12,1.884058e-02,2.408723e-02,"(0, (2, 8, 8))",-12.998,60,64,44,26
"O(3,3,12)",12,1.913633e-02,2.432096e-02,"(0, (2, 8, 8))",-12.693,58,63,43,25
"O(3,3,12)",12,1.943672e-02,2.455555e-02,"(0, (2, 8, 8))",-12.392,58,63,42,25
"O(3,3,12)",12,1.974183e-02,2.479098e-02,"(0, (2, 8, 8))",-12.095,56,62,41,25
"O(3,3,12)",12,2.005172e-02,2.502722e-02,"(0, (2, 8, 8))",-11.804,56,61,41,24
"O(3,3,12)",12,2.036648e-02,2.526425e-02,"(0, (2, 8, 8))",-11.517,55,60,40,24
"O(3,3,12)",12,2.068618e-02,2.550203e-02,"(0, (2, 8, 8))",-11.234,54,58,39,23
"O(3,3,12)",12,2.101090e-02,2.574054e-02,"(0, (2, 8, 8))",-10.956,51,58,39,23
"O(3,3,12)",12,2.134072e-02,2.597975e-02,"(0, (2, 8, 8))",-10.682,51,56,38,23
"O(3,3,12)",12,2.167571e-02,2.621962e-02,"(0, (2, 8, 8))",-10.413,51,56,37,22
"O(3,3,12)",12,2.201596e-02,2.646014e-02,"(0, (2, 8, 8))",-10.147,51,55,36,22
"O(3,3,12)",12,2.236156e-02,2.670126e-02,"(0, (2, 8, 8))",-9.886,49,53,36,21
"O(3,3,12)",12,2.271258e-02,2.694296e-02,"(0, (2, 8, 8))",-9.629,47,51,35,21
"O(3,3,12)",12,2.306910e-02,2.718521e-02,"(0, (2, 8, 8))",-9.376,47,51,34,21
"O(3,3,12)",12,2.343123e-02,2.742797e-02,"(0, (2, 8, 8))",-9.127,46,51,34,20
"O(3,3,12)",12,2.379904e-02,2.767121e-02,"(0, (2, 8, 8))",-8.881,45,51,33,20
"O(3,3,12)",12,2.417262e-02,2.791490e-02,"(0, (2, 8, 8))",-8.640,44,49,32,19
"O(3,3,12)",12,2.455207e-02,2.815900e-02,"(0, (2, 8, 8))",-8.402,43,48,32,19
"O(3,3,12)",12,2.493747e-02,2.840349e-02,"(0, (2, 8, 8))",-8.169,43,47,31,19
"O(3,3,12)",12,2.532892e-02,2.864832e-02,"(0, (2, 8, 8))",-7.938,43,46,31,18
"O(3,3,12)",12,2.572652e-02,2.889346e-02,"(0, (2, 8, 8))",-7.712,42,45,30,18
"O(3,3,12)",12,2.613036e-02,2.913888e-02,"(0, (2, 8, 8))",-7.489,41,44,30,18
"O(3,3,12)",12,2.654054e-02,2.938453e-02,"(0, (2, 8, 8))",-7.269,40,44,29,18
"O(3,3,12)",12,2.695716e-02,2.963039e-02,"(0, (2, 8, 8))",-7.053,39,43,29,17
"O(3,3,12)",12,2.738031e-02,2.987641e-02,"(0, (2, 8, 8))",-6.840,39,43,28,17
"O(3,3,12)",12,2.781011e-02,3.012256e-02,"(0, (2, 8, 8))",-6.631,39,42,28,17
"O(3,3,12)",12,2.824666e-02,3.036880e-02,"(0, (2, 8, 8))",-6.424,37,41,27,17
"O(3,3,12)",12,2.869006e-02,3.061509e-02,"(0, (2, 8, 8))",-6.222,36,40,27,16
"O(3,3,12)",12,2.914042e-02,3.086139e-02,"(0, (2, 8, 8))",-6.022,35,39,26,16
"O(3,3,12)",12,2.959785e-02,3.110767e-02,"(0, (2, 8, 8))",-5.825,35,39,25,16
"O(3,3,12)",12,3.006245e-02,3.135388e-02,"(0, (2, 8, 8))",-5.632,35,39,25,15
"O(3,3,12)",12,3.053436e-02,3.159999e-02,"(0, (2, 8, 8))",-5.441,33,38,25,15
"O(3,3,12)",12,3.101367e-02,3.184595e-02,"(0, (2, 8, 8))",-5.254,32,36,24,15
"O(3,3,12)",12,3.150050e-02,3.209172e-02,"(0, (2, 8, 8))",-5.069,32,35,24,15
"O(3,3,12)",12,3.199498e-02,3.233727e-02,"(0, (2, 8, 8))",-4.888,32,35,23,14
"O(3,3,12)",12,3.249721e-02,3.258254e-02,"(0, (2, 8, 8))",-4.709,32,35,23,14
"O(3,3,12)",12,3.300733e-02,3.282751e-02,"(0, (2, 8, 8))",-4.533,31,34,23,14
"O(3,3,12)",12,3.352546e-02,3.307212e-02,"(0, (2, 8, 8))",-4.360,31,33,22,14
"O(3,3,12)",12,3.405173e-02,3.331634e-02,"(0, (2, 8, 8))",-4.189,30,32,22,13
"O(3,3,12)",12,3.458625e-02,3.356012e-02,"(0, (2, 8, 8))",-4.021,29,32,21,13
"O(3,3,12)",12,3.512916e-02,3.380342e-02,"(0, (2, 8, 8))",-3.856,29,32,21,13
"O(3,3,12)",12,3.568060e-02,3.404620e-02,"(0, (2, 8, 8))",-3.693,29,31,21,13
"O(3,3,12)",12,3.624069e-02,3.428841e-02,"(0, (2, 8, 8))",-3.533,29,31,20,12
"O(3,3,12)",12,3.680957e-02,3.453001e-02,"(0, (2, 8, 8))",-3.376,29,31,20,12
"O(3,3,12)",12,3.738739e-02,3.477095e-02,"(0, (2, 8, 8))",-3.221,27,29,19,12
"O(3,3,12)",12,3.797427e-02,3.501120e-02,"(0, (2, 8, 8))",-3.068,25,29,19,12
"O(3,3,12)",12,3.857037e-02,3.525070e-02,"(0, (2, 8, 8))",-2.918,25,29,19,12
"O(3,3,12)",12,3.917582e-02,3.548941e-02,"(0, (2, 8, 8))",-2.770,25,29,18,11
"O(3,3,12)",12,3.979078e-02,3.572730e-02,"(0, (2, 8, 8))",-2.625,25,29,18,11
"O(3,3,12)",12,4.041539e-02,3.596430e-02,"(0, (2, 8, 8))",-2.482,25,29,18,11
"O(3,3,12)",12,4.104981e-02,3.620039e-02,"(0, (2, 8, 8))",-2.341,25,29,18,11
"O(3,3,12)",12,4.169418e-02,3.643550e-02,"(0, (2, 8, 8))",-2.202,25,29,17,11
"O(3,3,12)",12,4.234867e-02,3.666961e-02,"(0, (2, 8, 8))",-2.065,25,29,17,11
"O(3,3,12)",12,4.301344e-02,3.690266e-02,"(0, (2, 8, 8))",-1.931,25,29,17,10
"O(3,3,12)",12,4.368864e-02,3.713461e-02,"(0, (2, 8, 8))",-1.799,25,31,17,10
"O(3,3,12)",12,4.437443e-02,3.736540e-02,"(0, (2, 8, 8))",-1.668,25,,16,10
"O(3,3,12)",12,4.507100e-02,3.759501e-02,"(0, (2, 8, 8))",-1.540,25,,16,10
"O(3,3,12)",12,4.577849e-02,3.782338e-02,"(0, (2, 8, 8))",-1.414,,,16,10
"O(3,3,12)",12,4.649710e-02,3.805046e-02,"(0, (2, 8, 8))",-1.290,,,15,9
"O(3,3,12)",12,4.722698e-02,3.827621e-02,"(0, (2, 8, 8))",-1.168,,,15,9
"O(3,3,12)",12,4.796832e-02,3.850059e-02,"(0, (2, 8, 8))",-1.048,,,15,9
"O(3,3,12)",12,4.872130e-02,3.872355e-02,"(0, (2, 8, 8))",-0.929,,,14,9
"O(3,3,12)",12,4.948609e-02,3.894505e-02,"(0, (2, 8, 8))",-0.813,,,14,9
"O(3,3,12)",12,5.026290e-02,3.916503e-02,"(0, (2, 8, 8))",-0.698,,,14,9
"O(3,3,12)",12,5.105189e-02,3.938346e-02,"(0, (2, 8, 8))",-0.585,,,14,9
"O(3,3,12)",12,5.185327e-02,3.960029e-02,"(0, (2, 8, 8))",-0.474,,,13,9
"O(3,3,12)",12,5.266724e-02,3.981547e-02,"(0, (2, 8, 8))",-0.365,,,13,9
"O(3,3,12)",12,5.349397e-02,4.002896e-02,"(0, (2, 8, 8))",-0.258,,,13,8
"O(3,3,12)",12,5.433369e-02,4.024072e-02,"(0, (2, 8, 8))",-0.152,,,13,8
"O(3,3,12)",12,5.518659e-02,4.045070e-02,"(0, (2, 8, 8))",-0.048,,,12,8
"O(3,3,12)",12,5.605287e-02,4.065885e-02,"(0, (2, 8, 8))",0.055,,,12,8
"O(3,3,12)",12,5.693276e-02,4.086514e-02,"(0, (2, 8, 8))",0.156,,,12,8
"O(3,3,12)",12,5.782645e-02,4.106952e-02,"(0, (2, 8, 8))",0.255,,,12,8
"O(3,3,12)",12,5.873418e-02,4.127194e-02,"(0, (2, 8, 8))",0.353,,,12,8
"O(3,3,12)",12,5.965615e-02,4.147236e-02,"(0, (2, 8, 8))",0.449,,,11,8
"O(3,3,12)",12,6.059259e-02,4.167075e-02,"(0, (2, 8, 8))",0.544,,,11,7
"O(3,3,12)",12,6.154374e-02,4.186705e-02,"(0, (2, 8, 8))",0.637,,,11,7
"O(3,3,12)",12,6.250982e-02,4.206122e-02,"(0, (2, 8, 8))",0.728,,,11,7
"O(3,3,12)",12,6.349106e-02,4.225323e-02,"(0, (2, 8, 8))",0.819,,,11,7
"O(3,3,12)",12,6.448770e-02,4.244303e-02,"(0, (2, 8, 8))",0.907,,,11,7
"O(3,3,12)",12,6.549999e-02,4.263057e-02,"(0, (2, 8, 8))",0.995,,,10,7
"O(3,3,12)",12,6.652817e-02,4.281583e-02,"(0, (2, 8, 8))",1.081,,,10,7
"O(3,3,12)",12,6.757249e-02,4.299875e-02,"(0, (2, 8, 8))",1.165,,,10,7
"O(3,3,12)",12,6.863320e-02,4.317930e-02,"(0, (2, 8, 8))",1.249,,,10,7
"O(3,3,12)",12,6.971056e-02,4.335744e-02,"(0, (2, 8, 8))",1.330,,,10,7
"O(3,3,12)",12,7.080483e-02,4.353313e-02,"(0, (2, 8, 8))",1.411,,,10,6
"O(3,3,12)",12,7.191628e-02,4.370633e-02,"(0, (2, 8, 8))",1.490,,,9,6
"O(3,3,12)",12,7.304518e-02,4.387700e-02,"(0, (2, 8, 8))",1.569,,,9,6
"O(3,3,12)",12,7.419180e-02,4.404510e-02,"(0, (2, 8, 8))",1.645,,,9,6
"O(3,3,12)",12,7.535642e-02,4.421060e-02,"(0, (2, 8, 8))",1.721,,,9,6
"O(3,3,12)",12,7.653932e-02,4.437346e-02,"(0, (2, 8, 8))",1.795,,,9,6
"O(3,3,12)",12,7.774078e-02,4.453364e-02,"(0, (2, 8, 8))",1.869,,,9,6
"O(3,3,12)",12,7.896111e-02,4.469112e-02,"(0, (2, 8, 8))",1.941,,,9,6
"O(3,3,12)",12,8.020060e-02,4.484584e-02,"(0, (2, 8, 8))",2.012,,,9,5
"O(3,3,12)",12,8.145954e-02,4.499778e-02,"(0, (2, 8, 8))",2.081,,,9,5
"O(3,3,12)",12,8.273824e-02,4.514691e-02,"(0, (2, 8, 8))",2.150,,,8,5
"O(3,3,12)",12,8.403701e-02,4.529318e-02,"(0, (2, 8, 8))",2.218,,,8,5
"O(3,3,12)",12,8.535617e-02,4.543658e-02,"(0, (2, 8, 8))",2.284,,,8,5
"O(3,3,12)",12,8.669604e-02,4.557706e-02,"(0, (2, 8, 8))",2.350,,,8,5
"O(3,3,12)",12,8.805694e-02,4.571459e-02,"(0, (2, 8, 8))",2.414,,,8,5
"O(3,3,12)",12,8.943921e-02,4.584915e-02,"(0, (2, 8, 8))",2.477,,,8,5
"O(3,3,12)",12,9.084317e-02,4.598070e-02,"(0, (2, 8, 8))",2.540,,,8,5
"O(3,3,12)",12,9.226917e-02,4.610921e-02,"(0, (2, 8, 8))",2.601,,,8,5
"O(3,3,12)",12,9.371756e-02,4.623466e-02,"(0, (2, 8, 8))",2.662,,,7,5
"O(3,3,12)",12,9.518868e-02,4.635701e-02,"(0, (2, 8, 8))",2.721,,,7,5
"O(3,3,12)",12,9.668289e-02,4.647624e-02,"(0, (2, 8, 8))",2.779,,,7,5
"O(3,3,12)",12,9.820056e-02,4.659233e-02,"(0, (2, 8, 8))",2.837,,,7,5
"O(3,3,12)",12,9.974205e-02,4.670523e-02,"(0, (2, 8, 8))",2.894,,,7,5
"O(3,3,12)",12,1.013077e-01,4.681494e-02,"(0, (2, 8, 8))",2.949,,,7,5
"O(3,3,12)",12,1.028980e-01,4.692143e-02,"(0, (2, 8, 8))",3.004,,,7,5
"O(3,3,12)",12,1.045132e-01,4.702467e-02,"(0, (2, 8, 8))",3.058,,,7,5
"O(3,3,12)",12,1.061538e-01,4.712463e-02,"(0, (2, 8, 8))",3.111,,,7,4
"O(3,3,12)",12,1.078202e-01,4.722131e-02,"(0, (2, 8, 8))",3.163,,,6,4
"O(3,3,12)",12,1.095127e-01,4.731467e-02,"(0, (2, 8, 8))",3.215,,,6,4
"O(3,3,12)",12,1.112317e-01,4.740469e-02,"(0, (2, 8, 8))",3.265,,,6,4
"O(3,3,12)",12,1.129778e-01,4.749136e-02,"(0, (2, 8, 8))",3.315,,,6,4
"O(3,3,12)",12,1.147512e-01,4.757465e-02,"(0, (2, 8, 8))",3.364,,,6,4
"O(3,3,12)",12,1.165525e-01,4.765454e-02,"(0, (2, 8, 8))",3.412,,,6,4
"O(3,3,12)",12,1.183821e-01,4.773103e-02,"(0, (2, 8, 8))",3.460,,,6,4
"O(3,3,12)",12,1.202404e-01,4.780409e-02,"(0, (2, 8, 8))",3.506,,,5,4
"O(3,3,12)",12,1.221278e-01,4.787371e-02,"(0, (2, 8, 8))",3.552,,,5,4
"O(3,3,12)",12,1.240449e-01,4.793986e-02,"(0, (2, 8, 8))",3.598,,,5,4
"O(3,3,12)",12,1.259921e-01,4.800254e-02,"(0, (2, 8, 8))",3.642,,,5,4
"O(3,3,12)",12,1.279699e-01,4.806174e-02,"(0, (2, 8, 8))",3.686,,,5,4
"O(3,3,12)",12,1.299786e-01,4.811744e-02,"(0, (2, 8, 8))",3.729,,,5,4
"O(3,3,12)",12,1.320190e-01,4.816962e-02,"(0, (2, 8, 8))",3.771,,,5,4
"O(3,3,12)",12,1.340913e-01,4.821828e-02,"(0, (2, 8, 8))",3.813,,,5,4
"O(3,3,12)",12,1.361962e-01,4.826341e-02,"(0, (2, 8, 8))",3.854,,,5,4
"O(3,3,12)",12,1.383341e-01,4.830499e-02,"(0, (2, 8, 8))",3.894,,,5,4
"O(3,3,12)",12,1.405056e-01,4.834303e-02,"(0, (2, 8, 8))",3.934,,,5,4
"O(3,3,12)",12,1.427112e-01,4.837751e-02,"(0, (2, 8, 8))",3.973,,,5,4
"O(3,3,12)",12,1.449514e-01,4.840842e-02,"(0, (2, 8, 8))",4.011,,,5,4
"O(3,3,12)",12,1.472267e-01,4.843575e-02,"(0, (2, 8, 8))",4.049,,,5,4
"O(3,3,12)",12,1.495378e-01,4.845952e-02,"(0, (2, 8, 8))",4.087,,,5,4
"O(3,3,12)",12,1.518852e-01,4.847970e-02,"(0, (2, 8, 8))",4.123,,,5,4
"O(3,3,12)",12,1.542694e-01,4.849629e-02,"(0, (2, 8, 8))",4.159,,,5,4
"O(3,3,12)",12,1.566910e-01,4.850930e-02,"(0, (2, 8, 8))",4.195,,,4,4
"O(3,3,12)",12,1.591506e-01,4.851872e-02,"(0, (2, 8, 8))",4.230,,,4,4
"O(3,3,12)",12,1.616489e-01,4.852454e-02,"(0, (2, 8, 8))",4.264,,,4,4
"O(3,3,12)",12,1.641863e-01,4.852678e-02,"(0, (2, 8, 8))",4.298,,,4,3
"O(3,3,12)",12,1.667636e-01,4.852542e-02,"(0, (2, 8, 8))",4.331,,,4,3
"O(3,3,12)",12,1.693814e-01,4.852048e-02,"(0, (2, 8, 8))",4.364,,,4,3
"O(3,3,12)",12,1.720402e-01,4.851195e-02,"(0, (2, 8, 8))",4.396,,,4,3
"O(3,3,12)",12,1.747408e-01,4.849984e-02,"(0, (2, 8, 8))",4.428,,,4,3
"O(3,3,12)",12,1.774838e-01,4.848414e-02,"(0, (2, 8, 8))",4.459,,,4,3
"O(3,3,12)",12,1.802698e-01,4.846487e-02,"(0, (2, 8, 8))",4.490,,,4,3
"O(3,3,12)",12,1.830996e-01,4.844203e-02,"(0, (2, 8, 8))",4.520,,,4,3
"O(3,3,12)",12,1.859738e-01,4.841562e-02,"(0, (2, 8, 8))",4.550,,,4,3
"O(3,3,12)",12,1.888931e-01,4.838566e-02,"(0, (2, 8, 8))",4.579,,,4,3
"O(3,3,12)",12,1.918582e-01,4.835215e-02,"(0, (2, 8, 8))",4.608,,,4,3
"O(3,3,12)",12,1.948699e-01,4.831510e-02,"(0, (2, 8, 8))",4.636,,,4,3
"O(3,3,12)",12,1.979288e-01,4.827451e-02,"(0, (2, 8, 8))",4.664,,,4,3
"O(3,3,12)",12,2.010358e-01,4.823041e-02,"(0, (2, 8, 8))",4.692,,,4,3
"O(3,3,12)",12,2.041915e-01,4.818279e-02,"(0, (2, 8, 8))",4.719,,,4,3
"O(3,3,12)",12,2.073968e-01,4.813167e-02,"(0, (2, 8, 8))",4.745,,,4,3
"O(3,3,12)",12,2.106524e-01,4.807707e-02,"(0, (2, 8, 8))",4.772,,,4,3
"O(3,3,12)",12,2.139591e-01,4.801899e-02,"(0, (2, 8, 8))",4.798,,,4,3
"O(3,3,12)",12,2.173177e-01,4.795745e-02,"(0, (2, 8, 8))",4.823,,,4,3
"O(3,3,12)",12,2.207290e-01,4.789246e-02,"(0, (2, 8, 8))",4.848,,,3,3
"O(3,3,12)",12,2.241939e-01,4.782405e-02,"(0, (2, 8, 8))",4.873,,,3,2
"O(3,3,12)",12,2.277131e-01,4.775221e-02,"(0, (2, 8, 8))",4.897,,,3,2
"O(3,3,12)",12,2.312876e-01,4.767698e-02,"(0, (2, 8, 8))",4.921,,,3,2
"O(3,3,12)",12,2.349183e-01,4.759837e-02,"(0, (2, 8, 8))",4.944,,,,
"O(3,3,12)",12,2.386059e-01,4.751639e-02,"(0, (2, 8, 8))",4.967,,,,
"O(3,3,12)",12,2.423513e-01,4.743106e-02,"(0, (2, 8, 8))",4.990,,,,
"O(3,3,12)",12,2.461556e-01,4.734241e-02,"(0, (2, 8, 8))",5.013,,,,
"O(3,3,12)",12,2.500196e-01,4.725045e-02,"(0, (2, 8, 8))",5.035,,,,
"O(3,3,12)",12,2.539443e-01,4.715521e-02,"(0, (2, 8, 8))",5.056,,,,
"O(3,3,12)",12,2.579305e-01,4.705670e-02,"(0, (2, 8, 8))",5.078,,,,
"O(3,3,12)",12,2.619794e-01,4.695494e-02,"(0, (2, 8, 8))",5.099,,,,
"O(3,3,12)",12,2.660918e-01,4.684996e-02,"(0, (2, 8, 8))",5.120,,,,
"O(3,3,12)",12,2.702687e-01,4.674178e-02,"(0, (2, 8, 8))",5.140,,,,
"O(3,3,12)",12,2.745112e-01,4.663043e-02,"(0, (2, 8, 8))",5.160,,,,
"O(3,3,12)",12,2.788203e-01,4.651592e-02,"(0, (2, 8, 8))",5.180,,,,
"O(3,3,12)",12,2.831971e-01,4.639828e-02,"(0, (2, 8, 8))",5.200,,,,
"O(3,3,12)",12,2.876426e-01,4.627754e-02,"(0, (2, 8, 8))",5.219,,,,
"O(3,3,12)",12,2.921578e-01,4.615372e-02,"(0, (2, 8, 8))",5.238,,,,
"O(3,3,12)",12,2.967439e-01,4.602684e-02,"(0, (2, 8, 8))",5.257,,,,
"O(3,3,12)",12,3.014020e-01,4.589694e-02,"(0, (2, 8, 8))",5.275,,,,
"O(3,3,12)",12,3.061332e-01,4.576404e-02,"(0, (2, 8, 8))",5.294,,,,
"O(3,3,12)",12,3.109387e-01,4.562817e-02,"(0, (2, 8, 8))",5.312,,,,
"O(3,3,12)",12,3.158196e-01,4.548936e-02,"(0, (2, 8, 8))",5.329,,,,
"O(3,3,12)",12,3.207772e-01,4.534762e-02,"(0, (2, 8, 8))",5.347,,,,
"O(3,3,12)",12,3.258126e-01,4.520300e-02,"(0, (2, 8, 8))",5.364,,,,
"O(3,3,12)",12,3.309270e-01,4.505552e-02,"(0, (2, 8, 8))",5.381,,,,
"O(3,3,12)",12,3.361217e-01,4.490522e-02,"(0, (2, 8, 8))",5.398,,,,
"O(3,3,12)",12,3.413979e-01,4.475211e-02,"(0, (2, 8, 8))",5.414,,,,
"O(3,3,12)",12,3.467569e-01,4.459623e-02,"(0, (2, 8, 8))",5.430,,,,
"O(3,3,12)",12,3.522001e-01,4.443761e-02,"(0, (2, 8, 8))",5.446,,,,
"O(3,3,12)",12,3.577287e-01,4.427629e-02,"(0, (2, 8, 8))",5.462,,,,
"O(3,3,12)",12,3.633441e-01,4.411229e-02,"(0, (2, 8, 8))",5.478,,,,
"O(3,3,12)",12,3.690477e-01,4.394564e-02,"(0, (2, 8, 8))",5.493,,,,
"O(3,3,12)",12,3.748408e-01,4.377638e-02,"(0, (2, 8, 8))",5.508,,,,
"O(3,3,12)",12,3.807248e-01,4.360454e-02,"(0, (2, 8, 8))",5.523,,,,
"O(3,3,12)",12,3.867012e-01,4.343015e-02,"(0, (2, 8, 8))",5.538,,,,
"O(3,3,12)",12,3.927714e-01,4.325325e-02,"(0, (2, 8, 8))",5.553,,,,
"O(3,3,12)",12,3.989369e-01,4.307386e-02,"(0, (2, 8, 8))",5.567,,,,
"O(3,3,12)",12,4.051991e-01,4.289202e-02,"(0, (2, 8, 8))",5.582,,,,
"O(3,3,12)",12,4.115597e-01,4.270777e-02,"(0, (2, 8, 8))",5.596,,,,
"O(3,3,12)",12,4.180201e-01,4.252114e-02,"(0, (2, 8, 8))",5.610,,,,
"O(3,3,12)",12,4.245820e-01,4.233215e-02,"(0, (2, 8, 8))",5.623,,,,
"O(3,3,12)",12,4.312468e-01,4.214086e-02,"(0, (2, 8, 8))",5.637,,,,
"O(3,3,12)",12,4.380162e-01,4.194729e-02,"(0, (2, 8, 8))",5.650,,,,
"O(3,3,12)",12,4.448919e-01,4.175147e-02,"(0, (2, 8, 8))",5.664,,,,
"O(3,3,12)",12,4.518756e-01,4.155344e-02,"(0, (2, 8, 8))",5.677,,,,
"O(3,3,12)",12,4.589688e-01,4.135324e-02,"(0, (2, 8, 8))",5.690,,,,
"O(3,3,12)",12,4.661735e-01,4.115089e-02,"(0, (2, 8, 8))",5.703,,,,
"O(3,3,12)",12,4.734912e-01,4.094645e-02,"(0, (2, 8, 8))",5.716,,,,
"O(3,3,12)",12,4.809237e-01,4.073993e-02,"(0, (2, 8, 8))",5.728,,,,
"O(3,3,12)",12,4.884730e-01,4.053139e-02,"(0, (2, 8, 8))",5.741,,,,
"O(3,3,12)",12,4.961407e-01,4.032084e-02,"(0, (2, 8, 8))",5.753,,,,
"O(3,3,12)",12,5.039289e-01,4.010833e-02,"(0, (2, 8, 8))",5.765,,,,
"O(3,3,12)",12,5.118392e-01,3.989390e-02,"(0, (2, 8, 8))",5.777,,,,
"O(3,3,12)",12,5.198738e-01,3.967758e-02,"(0, (2, 8, 8))",5.790,,,,
"O(3,3,12)",12,5.280344e-01,3.945940e-02,"(0, (2, 8, 8))",5.801,,,,
"O(3,3,12)",12,5.363232e-01,3.923941e-02,"(0, (2, 8, 8))",5.813,,,,
"O(3,3,12)",12,5.447421e-01,3.901763e-02,"(0, (2, 8, 8))",5.825,,,,
"O(3,3,12)",12,5.532931e-01,3.879411e-02,"(0, (2, 8, 8))",5.837,,,,
"O(3,3,12)",12,5.619783e-01,3.856888e-02,"(0, (2, 8, 8))",5.848,,,,
"O(3,3,12)",12,5.707999e-01,3.834198e-02,"(0, (2, 8, 8))",5.860,,,,
"O(3,3,12)",12,5.797600e-01,3.811344e-02,"(0, (2, 8, 8))",5.871,,,,
"O(3,3,12)",12,5.888607e-01,3.788330e-02,"(0, (2, 8, 8))",5.883,,,,
"O(3,3,12)",12,5.981043e-01,3.765160e-02,"(0, (2, 8, 8))",5.894,,,,
"O(3,3,12)",12,6.074930e-01,3.741837e-02,"(0, (2, 8, 8))",6.146,,,,
"O(3,3,12)",12,6.170290e-01,3.718365e-02,"(0, (2, 8, 8))",6.163,,,,
"O(3,3,12)",12,6.267148e-01,3.694748e-02,"(0, (2, 8, 8))",6.181,,,,
"O(3,3,12)",12,6.365525e-01,3.670988e-02,"(0, (2, 8, 8))",6.199,,,,
"O(3,3,12)",12,6.465448e-01,3.647091e-02,"(0, (2, 8, 8))",6.218,,,,
"O(3,3,12)",12,6.566938e-01,3.623058e-02,"(0, (2, 8, 8))",6.236,,,,
"O(3,3,12)",12,6.670022e-01,3.598895e-02,"(0, (2, 8, 8))",6.256,,,,
"O(3,3,12)",12,6.774724e-01,3.574605e-02,"(0, (2, 8, 8))",6.275,,,,
"O(3,3,12)",12,6.881069e-01,3.550190e-02,"(0, (2, 8, 8))",6.294,,,,
"O(3,3,12)",12,6.989084e-01,3.525656e-02,"(0, (2, 8, 8))",6.314,,,,
"O(3,3,12)",12,7.098795e-01,3.501005e-02,"(0, (2, 8, 8))",6.335,,,,
"O(3,3,12)",12,7.210227e-01,3.476241e-02,"(0, (2, 8, 8))",6.355,,,,
"O(3,3,12)",12,7.323409e-01,3.451367e-02,"(0, (2, 8, 8))",6.376,,,,
"O(3,3,12)",12,7.438367e-01,3.426388e-02,"(0, (2, 8, 8))",6.397,,,,
"O(3,3,12)",12,7.555130e-01,3.401306e-02,"(0, (2, 8, 8))",6.419,,,,
"O(3,3,12)",12,7.673726e-01,3.376126e-02,"(0, (2, 8, 8))",6.441,,,,
"O(3,3,12)",12,7.794184e-01,3.350850e-02,"(0, (2, 8, 8))",6.463,,,,
"O(3,3,12)",12,7.916532e-01,3.325483e-02,"(0, (2, 8, 8))",6.486,,,,
"O(3,3,12)",12,8.040801e-01,3.300028e-02,"(0, (2, 8, 8))",6.509,,,,
"O(3,3,12)",12,8.167020e-01,3.274488e-02,"(0, (2, 8, 8))",6.532,,,,
"O(3,3,12)",12,8.295221e-01,3.248867e-02,"(0, (2, 8, 8))",6.555,,,,
"O(3,3,12)",12,8.425434e-01,3.223168e-02,"(0, (2, 8, 8))",6.580,,,,
"O(3,3,12)",12,8.557692e-01,3.197395e-02,"(0, (2, 8, 8))",6.604,,,,
"O(3,3,12)",12,8.692025e-01,3.171552e-02,"(0, (2, 8, 8))",6.629,,,,
"O(3,3,12)",12,8.828467e-01,3.145641e-02,"(0, (2, 8, 8))",6.654,,,,
"O(3,3,12)",12,8.967051e-01,3.119666e-02,"(0, (2, 8, 8))",6.679,,,,
"O(3,3,12)",12,9.107810e-01,3.093631e-02,"(0, (2, 8, 8))",6.705,,,,
"O(3,3,12)",12,9.250779e-01,3.067539e-02,"(0, (2, 8, 8))",6.732,,,,
"O(3,3,12)",12,9.395992e-01,3.041394e-02,"(0, (2, 8, 8))",6.759,,,,
"O(3,3,12)",12,9.543485e-01,3.015198e-02,"(0, (2, 8, 8))",6.786,,,,
"O(3,3,12)",12,9.693293e-01,2.988955e-02,"(0, (2, 8, 8))",6.814,,,,
"O(3,3,12)",12,9.845452e-01,2.962669e-02,"(0, (2, 8, 8))",6.842,,,,
"O(3,3,12)",12,1.000000e+00,2.936343e-02,"(0, (2, 8, 8))",6.870,,,,
O_tau=0.0,3,1.000000e-05,1.666647e-01,"(0, (2, 2, 2, 2, 3))",-75314.215,,,,
O_tau=0.0,3,1.017818e-05,1.666647e-01,"(0, (2, 2, 2, 2, 3))",-73995.612,,,,
O_tau=0.0,3,1.035953e-05,1.666647e-01,"(0, (2, 2, 2, 2, 3))",-72700.093,,,,
O_tau=0.0,3,1.054412e-05,1.666646e-01,"(0, (2, 2, 2, 2, 3))",-71427.254,,,,
O_tau=0.0,3,1.073199e-05,1.666646e-01,"(0, (2, 2, 2, 2, 3))",-70176.697,,,,
O_tau=0.0,3,1.092322e-05,1.666645e-01,"(0, (2, 2, 2, 2, 3))",-68948.032,,,,
O_tau=0.0,3,1.111784e-05,1.666645e-01,"(0, (2, 2, 2, 2, 3))",-67740.876,,,,
O_tau=0.0,3,1.131594e-05,1.666645e-01,"(0, (2, 2, 2, 2, 3))",-66554.853,,,,
O_tau=0.0,3,1.151757e-05,1.666644e-01,"(0, (2, 2, 2, 2, 3))",-65389.593,,,,
O_tau=0.0,3,1.172279e-05,1.666644e-01,"(0, (2, 2, 2, 2, 3))",-64244.732,,,,
O_tau=0.0,3,1.193166e-05,1.666643e-01,"(0, (2, 2, 2, 2, 3))",-63119.912,,,,
O_tau=0.0,3,1.214426e-05,1.666643e-01,"(0, (2, 2, 2, 2, 3))",-62014.784,,,,
O_tau=0.0,3,1.236065e-05,1.666643e-01,"(0, (2, 2, 2, 2, 3))",-60929.002,,,,
O_tau=0.0,3,1.258089e-05,1.666642e-01,"(0, (2, 2, 2, 2, 3))",-59862.229,,,,
O_tau=0.0,3,1.280505e-05,1.666642e-01,"(0, (2, 2, 2, 2, 3))",-58814.130,,,,
O_tau=0.0,3,1.303321e-05,1.666641e-01,"(0, (2, 2, 2, 2, 3))",-57784.379,,,,
O_tau=0.0,3,1.326544e-05,1.666641e-01,"(0, (2, 2, 2, 2, 3))",-56772.655,,,,
O_tau=0.0,3,1.350180e-05,1.666640e-01,"(0, (2, 2, 2, 2, 3))",-55778.643,,,,
O_tau=0.0,3,1.374238e-05,1.666640e-01,"(0, (2, 2, 2, 2, 3))",-54802.031,,,,
O_tau=0.0,3,1.398724e-05,1.666639e-01,"(0, (2, 2, 2, 2, 3))",-53842.517,,,,
O_tau=0.0,3,1.423646e-05,1.666639e-01,"(0, (2, 2, 2, 2, 3))",-52899.799,,,,
O_tau=0.0,3,1.449012e-05,1.666638e-01,"(0, (2, 2, 2, 2, 3))",-51973.585,,,,
O_tau=0.0,3,1.474831e-05,1.666638e-01,"(0, (2, 2, 2, 2, 3))",-51063.586,,,,
O_tau=0.0,3,1.501109e-05,1.666637e-01,"(0, (2, 2, 2, 2, 3))",-50169.517,,,,
O_tau=0.0,3,1.527856e-05,1.666637e-01,"(0, (2, 2, 2, 2, 3))",-49291.099,,,,
O_tau=0.0,3,1.555079e-05,1.666636e-01,"(0, (2, 2, 2, 2, 3))",-48428.059,,,,
O_tau=0.0,3,1.582787e-05,1.666636e-01,"(0, (2, 2, 2, 2, 3))",-47580.128,,,,
O_tau=0.0,3,1.610989e-05,1.666635e-01,"(0, (2, 2, 2, 2, 3))",-46747.041,,,,
O_tau=0.0,3,1.639694e-05,1.666635e-01,"(0, (2, 2, 2, 2, 3))",-45928.538,,,,
O_tau=0.0,3,1.668910e-05,1.666634e-01,"(0, (2, 2, 2, 2, 3))",-45124.363,,,,
O_tau=0.0,3,1.698646e-05,1.666634e-01,"(0, (2, 2, 2, 2, 3))",-44334.267,,,,
O_tau=0.0,3,1.728913e-05,1.666633e-01,"(0, (2, 2, 2, 2, 3))",-43558.002,,,,
O_tau=0.0,3,1.759718e-05,1.666632e-01,"(0, (2, 2, 2, 2, 3))",-42795.326,,,,
O_tau=0.0,3,1.791073e-05,1.666632e-01,"(0, (2, 2, 2, 2, 3))",-42046.002,,,,
O_tau=0.0,3,1.822986e-05,1.666631e-01,"(0, (2, 2, 2, 2, 3))",-41309.796,,,,
O_tau=0.0,3,1.855468e-05,1.666631e-01,"(0, (2, 2, 2, 2, 3))",-40586.477,,,,
O_tau=0.0,3,1.888529e-05,1.666630e-01,"(0, (2, 2, 2, 2, 3))",-39875.821,,,,
O_tau=0.0,3,1.922178e-05,1.666629e-01,"(0, (2, 2, 2, 2, 3))",-39177.606,,,,
O_tau=0.0,3,1.956428e-05,1.666629e-01,"(0, (2, 2, 2, 2, 3))",-38491.615,,,,
O_tau=0.0,3,1.991287e-05,1.666628e-01,"(0, (2, 2, 2, 2, 3))",-37817.632,,,,
O_tau=0.0,3,2.026768e-05,1.666627e-01,"(0, (2, 2, 2, 2, 3))",-37155.448,,,,
O_tau=0.0,3,2.062881e-05,1.666627e-01,"(0, (2, 2, 2, 2, 3))",-36504.856,,,,
O_tau=0.0,3,2.099637e-05,1.666626e-01,"(0, (2, 2, 2, 2, 3))",-35865.653,,,,
O_tau=0.0,3,2.137048e-05,1.666625e-01,"(0, (2, 2, 2, 2, 3))",-35237.641,,,,
O_tau=0.0,3,2.175126e-05,1.666624e-01,"(0, (2, 2, 2, 2, 3))",-34620.622,,,,
O_tau=0.0,3,2.213882e-05,1.666624e-01,"(0, (2, 2, 2, 2, 3))",-34014.406,,,,
O_tau=0.0,3,2.253329e-05,1.666623e-01,"(0, (2, 2, 2, 2, 3))",-33418.801,,,,
O_tau=0.0,3,2.293479e-05,1.666622e-01,"(0, (2, 2, 2, 2, 3))",-32833.624,,,,
O_tau=0.0,3,2.334344e-05,1.666621e-01,"(0, (2, 2, 2, 2, 3))",-32258.690,,,,
O_tau=0.0,3,2.375937e-05,1.666620e-01,"(0, (2, 2, 2, 2, 3))",-31693.822,,,,
O_tau=0.0,3,2.418271e-05,1.666620e-01,"(0, (2, 2, 2, 2, 3))",-31138.842,,,,
O_tau=0.0,3,2.461360e-05,1.666619e-01,"(0, (2, 2, 2, 2, 3))",-30593.578,,,,
O_tau=0.0,3,2.505216e-05,1.666618e-01,"(0, (2, 2, 2, 2, 3))",-30057.859,,,,
O_tau=0.0,3,2.549854e-05,1.666617e-01,"(0, (2, 2, 2, 2, 3))",-29531.518,,,,
O_tau=0.0,3,2.595287e-05,1.666616e-01,"(0, (2, 2, 2, 2, 3))",-29014.392,,,,
O_tau=0.0,3,2.641530e-05,1.666615e-01,"(0, (2, 2, 2, 2, 3))",-28506.318,,,,
O_tau=0.0,3,2.688596e-05,1.666614e-01,"(0, (2, 2, 2, 2, 3))",-28007.139,,,,
O_tau=0.0,3,2.736502e-05,1.666613e-01,"(0, (2, 2, 2, 2, 3))",-27516.699,,,,
O_tau=0.0,3,2.785260e-05,1.666613e-01,"(0, (2, 2, 2, 2, 3))",-27034.845,,,,
O_tau=0.0,3,2.834888e-05,1.666612e-01,"(0, (2, 2, 2, 2, 3))",-26561.425,,,,
O_tau=0.0,3,2.885400e-05,1.666611e-01,"(0, (2, 2, 2, 2, 3))",-26096.294,,,,
O_tau=0.0,3,2.936812e-05,1.666610e-01,"(0, (2, 2, 2, 2, 3))",-25639.305,,,,
O_tau=0.0,3,2.989140e-05,1.666609e-01,"(0, (2, 2, 2, 2, 3))",-25190.317,,,,
O_tau=0.0,3,3.042400e-05,1.666608e-01,"(0, (2, 2, 2, 2, 3))",-24749.188,,,,
O_tau=0.0,3,3.096609e-05,1.666606e-01,"(0, (2, 2, 2, 2, 3))",-24315.782,,,,
O_tau=0.0,3,3.151784e-05,1.666605e-01,"(0, (2, 2, 2, 2, 3))",-23889.963,,,,
O_tau=0.0,3,3.207943e-05,1.666604e-01,"(0, (2, 2, 2, 2, 3))",-23471.599,,,,
O_tau=0.0,3,3.265102e-05,1.666603e-01,"(0, (2, 2, 2, 2, 3))",-23060.559,,,,
O_tau=0.0,3,3.323279e-05,1.666602e-01,"(0, (2, 2, 2, 2, 3))",-22656.714,,,,
O_tau=0.0,3,3.382493e-05,1.666601e-01,"(0, (2, 2, 2, 2, 3))",-22259.939,,,,
O_tau=0.0,3,3.442762e-05,1.666600e-01,"(0, (2, 2, 2, 2, 3))",-21870.110,,,,
O_tau=0.0,3,3.504105e-05,1.666599e-01,"(0, (2, 2, 2, 2, 3))",-21487.106,,,,
O_tau=0.0,3,3.566541e-05,1.666597e-01,"(0, (2, 2, 2, 2, 3))",-21110.806,,,,
O_tau=0.0,3,3.630089e-05,1.666596e-01,"(0, (2, 2, 2, 2, 3))",-20741.094,,,,
O_tau=0.0,3,3.694770e-05,1.666595e-01,"(0, (2, 2, 2, 2, 3))",-20377.855,,,,
O_tau=0.0,3,3.760603e-05,1.666594e-01,"(0, (2, 2, 2, 2, 3))",-20020.974,,,,
O_tau=0.0,3,3.827609e-05,1.666592e-01,"(0, (2, 2, 2, 2, 3))",-19670.341,,,,
O_tau=0.0,3,3.895809e-05,1.666591e-01,"(0, (2, 2, 2, 2, 3))",-19325.846,,,,
O_tau=0.0,3,3.965225e-05,1.666590e-01,"(0, (2, 2, 2, 2, 3))",-18987.382,,,,
O_tau=0.0,3,4.035877e-05,1.666588e-01,"(0, (2, 2, 2, 2, 3))",-18654.843,,,,
O_tau=0.0,3,4.107788e-05,1.666587e-01,"(0, (2, 2, 2, 2, 3))",-18328.126,,,,
O_tau=0.0,3,4.180980e-05,1.666585e-01,"(0, (2, 2, 2, 2, 3))",-18007.128,,,,
O_tau=0.0,3,4.255477e-05,1.666584e-01,"(0, (2, 2, 2, 2, 3))",-17691.750,,,,
O_tau=0.0,3,4.331300e-05,1.666582e-01,"(0, (2, 2, 2, 2, 3))",-17381.893,,,,
O_tau=0.0,3,4.408475e-05,1.666581e-01,"(0, (2, 2, 2, 2, 3))",-17077.460,,,,
O_tau=0.0,3,4.487025e-05,1.666579e-01,"(0, (2, 2, 2, 2, 3))",-16778.357,,,,
O_tau=0.0,3,4.566975e-05,1.666578e-01,"(0, (2, 2, 2, 2, 3))",-16484.490,,,,
O_tau=0.0,3,4.648349e-05,1.666576e-01,"(0, (2, 2, 2, 2, 3))",-16195.767,,,,
O_tau=0.0,3,4.731173e-05,1.666575e-01,"(0, (2, 2, 2, 2, 3))",-15912.099,,,,
O_tau=0.0,3,4.815472e-05,1.666573e-01,"(0, (2, 2, 2, 2, 3))",-15633.397,,,,
O_tau=0.0,3,4.901274e-05,1.666571e-01,"(0, (2, 2, 2, 2, 3))",-15359.574,,,,
O_tau=0.0,3,4.988605e-05,1.666570e-01,"(0, (2, 2, 2, 2, 3))",-15090.544,,,,
O_tau=0.0,3,5.077491e-05,1.666568e-01,"(0, (2, 2, 2, 2, 3))",-14826.224,,,,
O_tau=0.0,3,5.167962e-05,1.666566e-01,"(0, (2, 2, 2, 2, 3))",-14566.532,,,,
O_tau=0.0,3,5.260044e-05,1.666564e-01,"(0, (2, 2, 2, 2, 3))",-14311.385,,,,
O_tau=0.0,3,5.353767e-05,1.666563e-01,"(0, (2, 2, 2, 2, 3))",-14060.706,,,,
O_tau=0.0,3,5.449160e-05,1.666561e-01,"(0, (2, 2, 2, 2, 3))",-13814.415,,,,
O_tau=0.0,3,5.546253e-05,1.666559e-01,"(0, (2, 2, 2, 2, 3))",-13572.435,,,,
O_tau=0.0,3,5.645076e-05,1.666557e-01,"(0, (2, 2, 2, 2, 3))",-13334.692,,,,
O_tau=0.0,3,5.745660e-05,1.666555e-01,"(0, (2, 2, 2, 2, 3))",-13101.110,,,,
O_tau=0.0,3,5.848035e-05,1.666553e-01,"(0, (2, 2, 2, 2, 3))",-12871.618,,,,
O_tau=0.0,3,5.952235e-05,1.666551e-01,"(0, (2, 2, 2, 2, 3))",-12646.143,,,,
O_tau=0.0,3,6.058292e-05,1.666549e-01,"(0, (2, 2, 2, 2, 3))",-12424.616,,,,
O_tau=0.0,3,6.166238e-05,1.666547e-01,"(0, (2, 2, 2, 2, 3))",-12206.967,,,,
O_tau=0.0,3,6.276108e-05,1.666545e-01,"(0, (2, 2, 2, 2, 3))",-11993.128,,,,
O_tau=0.0,3,6.387935e-05,1.666542e-01,"(0, (2, 2, 2, 2, 3))",-11783.032,,,,
O_tau=0.0,3,6.501755e-05,1.666540e-01,"(0, (2, 2, 2, 2, 3))",-11576.614,,,,
O_tau=0.0,3,6.617603e-05,1.666538e-01,"(0, (2, 2, 2, 2, 3))",-11373.811,,,,
O_tau=0.0,3,6.735515e-05,1.666536e-01,"(0, (2, 2, 2, 2, 3))",-11174.557,,,,
O_tau=0.0,3,6.855528e-05,1.666533e-01,"(0, (2, 2, 2, 2, 3))",-10978.792,,,,
O_tau=0.0,3,6.977679e-05,1.666531e-01,"(0, (2, 2, 2, 2, 3))",-10786.453,,,,
O_tau=0.0,3,7.102007e-05,1.666529e-01,"(0, (2, 2, 2, 2, 3))",-10597.482,,,,
O_tau=0.0,3,7.228550e-05,1.666526e-01,"(0, (2, 2, 2, 2, 3))",-10411.819,,,,
O_tau=0.0,3,7.357348e-05,1.666524e-01,"(0, (2, 2, 2, 2, 3))",-10229.407,,,,
O_tau=0.0,3,7.488441e-05,1.666521e-01,"(0, (2, 2, 2, 2, 3))",-10050.188,,,,
O_tau=0.0,3,7.621869e-05,1.666518e-01,"(0, (2, 2, 2, 2, 3))",-9874.106,,,,
O_tau=0.0,3,7.757675e-05,1.666516e-01,"(0, (2, 2, 2, 2, 3))",-9701.107,,,,
O_tau=0.0,3,7.895901e-05,1.666513e-01,"(0, (2, 2, 2, 2, 3))",-9531.136,,,,
O_tau=0.0,3,8.036590e-05,1.666510e-01,"(0, (2, 2, 2, 2, 3))",-9364.141,,,,
O_tau=0.0,3,8.179785e-05,1.666508e-01,"(0, (2, 2, 2, 2, 3))",-9200.070,,,,
O_tau=0.0,3,8.325532e-05,1.666505e-01,"(0, (2, 2, 2, 2, 3))",-9038.870,,,,
O_tau=0.0,3,8.473876e-05,1.666502e-01,"(0, (2, 2, 2, 2, 3))",-8880.493,,,,
O_tau=0.0,3,8.624863e-05,1.666499e-01,"(0, (2, 2, 2, 2, 3))",-8724.889,,,,
O_tau=0.0,3,8.778540e-05,1.666496e-01,"(0, (2, 2, 2, 2, 3))",-8572.008,,,,
O_tau=0.0,3,8.934956e-05,1.666493e-01,"(0, (2, 2, 2, 2, 3))",-8421.804,,,,
O_tau=0.0,3,9.094158e-05,1.666490e-01,"(0, (2, 2, 2, 2, 3))",-8274.230,,,,
O_tau=0.0,3,9.256197e-05,1.666487e-01,"(0, (2, 2, 2, 2, 3))",-8129.239,,,,
O_tau=0.0,3,9.421124e-05,1.666484e-01,"(0, (2, 2, 2, 2, 3))",-7986.786,,,,
O_tau=0.0,3,9.588989e-05,1.666480e-01,"(0, (2, 2, 2, 2, 3))",-7846.827,,,,
O_tau=0.0,3,9.759844e-05,1.666477e-01,"(0, (2, 2, 2, 2, 3))",-7709.318,,,,
O_tau=0.0,3,9.933745e-05,1.666474e-01,"(0, (2, 2, 2, 2, 3))",-7574.217,,,,
O_tau=0.0,3,1.011074e-04,1.666470e-01,"(0, (2, 2, 2, 2, 3))",-7441.481,,,,
O_tau=0.0,3,1.029090e-04,1.666467e-01,"(0, (2, 2, 2, 2, 3))",-7311.068,,,,
O_tau=0.0,3,1.047426e-04,1.666463e-01,"(0, (2, 2, 2, 2, 3))",-7182.939,,,,
O_tau=0.0,3,1.066089e-04,1.666459e-01,"(0, (2, 2, 2, 2, 3))",-7057.052,,,,
O_tau=0.0,3,1.085084e-04,1.666456e-01,"(0, (2, 2, 2, 2, 3))",-6933.370,,,,
O_tau=0.0,3,1.104418e-04,1.666452e-01,"(0, (2, 2, 2, 2, 3))",-6811.852,,,,
O_tau=0.0,3,1.124097e-04,1.666448e-01,"(0, (2, 2, 2, 2, 3))",-6692.463,,,,
O_tau=0.0,3,1.144126e-04,1.666444e-01,"(0, (2, 2, 2, 2, 3))",-6575.163,,,,
O_tau=0.0,3,1.164512e-04,1.666440e-01,"(0, (2, 2, 2, 2, 3))",-6459.916,,,,
O_tau=0.0,3,1.185261e-04,1.666436e-01,"(0, (2, 2, 2, 2, 3))",-6346.688,,,,
O_tau=0.0,3,1.206380e-04,1.666432e-01,"(0, (2, 2, 2, 2, 3))",-6235.441,,,,
O_tau=0.0,3,1.227875e-04,1.666428e-01,"(0, (2, 2, 2, 2, 3))",-6126.142,,,,
O_tau=0.0,3,1.249753e-04,1.666424e-01,"(0, (2, 2, 2, 2, 3))",-6018.757,,,,
O_tau=0.0,3,1.272021e-04,1.666419e-01,"(0, (2, 2, 2, 2, 3))",-5913.251,,,,
O_tau=0.0,3,1.294686e-04,1.666415e-01,"(0, (2, 2, 2, 2, 3))",-5809.593,,,,
O_tau=0.0,3,1.317755e-04,1.666410e-01,"(0, (2, 2, 2, 2, 3))",-5707.749,,,,
O_tau=0.0,3,1.341234e-04,1.666406e-01,"(0, (2, 2, 2, 2, 3))",-5607.689,,,,
O_tau=0.0,3,1.365132e-04,1.666401e-01,"(0, (2, 2, 2, 2, 3))",-5509.379,,,,
O_tau=0.0,3,1.389456e-04,1.666397e-01,"(0, (2, 2, 2, 2, 3))",-5412.791,,,,
O_tau=0.0,3,1.414214e-04,1.666392e-01,"(0, (2, 2, 2, 2, 3))",-5317.894,,,,
O_tau=0.0,3,1.439412e-04,1.666387e-01,"(0, (2, 2, 2, 2, 3))",-5224.659,,,,
O_tau=0.0,3,1.465059e-04,1.666382e-01,"(0, (2, 2, 2, 2, 3))",-5133.055,,,,
O_tau=0.0,3,1.491164e-04,1.666377e-01,"(0, (2, 2, 2, 2, 3))",-5043.055,,,,
O_tau=0.0,3,1.517733e-04,1.666372e-01,"(0, (2, 2, 2, 2, 3))",-4954.631,,,,
O_tau=0.0,3,1.544776e-04,1.666366e-01,"(0, (2, 2, 2, 2, 3))",-4867.755,,,,
O_tau=0.0,3,1.572301e-04,1.666361e-01,"(0, (2, 2, 2, 2, 3))",-4782.400,,,,
O_tau=0.0,3,1.600316e-04,1.666356e-01,"(0, (2, 2, 2, 2, 3))",-4698.539,,,,
O_tau=0.0,3,1.628830e-04,1.666350e-01,"(0, (2, 2, 2, 2, 3))",-4616.146,,,,
O_tau=0.0,3,1.657853e-04,1.666344e-01,"(0, (2, 2, 2, 2, 3))",-4535.196,,,,
O_tau=0.0,3,1.687392e-04,1.666339e-01,"(0, (2, 2, 2, 2, 3))",-4455.663,,,,
O_tau=0.0,3,1.717458e-04,1.666333e-01,"(0, (2, 2, 2, 2, 3))",-4377.522,,,,
O_tau=0.0,3,1.748059e-04,1.666327e-01,"(0, (2, 2, 2, 2, 3))",-4300.749,,,,
O_tau=0.0,3,1.779206e-04,1.666321e-01,"(0, (2, 2, 2, 2, 3))",-4225.320,,,,
O_tau=0.0,3,1.810908e-04,1.666315e-01,"(0, (2, 2, 2, 2, 3))",-4151.212,,,,
O_tau=0.0,3,1.843175e-04,1.666308e-01,"(0, (2, 2, 2, 2, 3))",-4078.401,,,,
O_tau=0.0,3,1.876016e-04,1.666302e-01,"(0, (2, 2, 2, 2, 3))",-4006.865,,,,
O_tau=0.0,3,1.909443e-04,1.666296e-01,"(0, (2, 2, 2, 2, 3))",-3936.581,,,,
O_tau=0.0,3,1.943465e-04,1.666289e-01,"(0, (2, 2, 2, 2, 3))",-3867.528,,,,
O_tau=0.0,3,1.978094e-04,1.666282e-01,"(0, (2, 2, 2, 2, 3))",-3799.684,,,,
O_tau=0.0,3,2.013339e-04,1.666275e-01,"(0, (2, 2, 2, 2, 3))",-3733.027,,,,
O_tau=0.0,3,2.049213e-04,1.666268e-01,"(0, (2, 2, 2, 2, 3))",-3667.538,,,,
O_tau=0.0,3,2.085726e-04,1.666261e-01,"(0, (2, 2, 2, 2, 3))",-3603.194,,,,
O_tau=0.0,3,2.122889e-04,1.666254e-01,"(0, (2, 2, 2, 2, 3))",-3539.978,,,,
O_tau=0.0,3,2.160715e-04,1.666247e-01,"(0, (2, 2, 2, 2, 3))",-3477.868,,,,
O_tau=0.0,3,2.199214e-04,1.666239e-01,"(0, (2, 2, 2, 2, 3))",-3416.845,,,,
O_tau=0.0,3,2.238399e-04,1.666232e-01,"(0, (2, 2, 2, 2, 3))",-3356.891,,,,
O_tau=0.0,3,2.278283e-04,1.666224e-01,"(0, (2, 2, 2, 2, 3))",-3297.986,,,,
O_tau=0.0,3,2.318877e-04,1.666216e-01,"(0, (2, 2, 2, 2, 3))",-3240.113,,,,
O_tau=0.0,3,2.360195e-04,1.666208e-01,"(0, (2, 2, 2, 2, 3))",-3183.253,,,,
O_tau=0.0,3,2.402249e-04,1.666200e-01,"(0, (2, 2, 2, 2, 3))",-3127.388,,,,
O_tau=0.0,3,2.445052e-04,1.666191e-01,"(0, (2, 2, 2, 2, 3))",-3072.502,,,,
O_tau=0.0,3,2.488618e-04,1.666183e-01,"(0, (2, 2, 2, 2, 3))",-3018.576,,,,
O_tau=0.0,3,2.532960e-04,1.666174e-01,"(0, (2, 2, 2, 2, 3))",-2965.594,,,,
O_tau=0.0,3,2.578092e-04,1.666166e-01,"(0, (2, 2, 2, 2, 3))",-2913.540,,,,
O_tau=0.0,3,2.624028e-04,1.666157e-01,"(0, (2, 2, 2, 2, 3))",-2862.397,,,,
O_tau=0.0,3,2.670783e-04,1.666148e-01,"(0, (2, 2, 2, 2, 3))",-2812.150,,,,
O_tau=0.0,3,2.718371e-04,1.666138e-01,"(0, (2, 2, 2, 2, 3))",-2762.782,,,,
O_tau=0.0,3,2.766807e-04,1.666129e-01,"(0, (2, 2, 2, 2, 3))",-2714.279,,,,
O_tau=0.0,3,2.816105e-04,1.666119e-01,"(0, (2, 2, 2, 2, 3))",-2666.625,,,,
O_tau=0.0,3,2.866283e-04,1.666110e-01,"(0, (2, 2, 2, 2, 3))",-2619.805,,,,
O_tau=0.0,3,2.917354e-04,1.666100e-01,"(0, (2, 2, 2, 2, 3))",-2573.804,,,,
O_tau=0.0,3,2.969335e-04,1.666090e-01,"(0, (2, 2, 2, 2, 3))",-2528.610,,,,
O_tau=0.0,3,3.022242e-04,1.666079e-01,"(0, (2, 2, 2, 2, 3))",-2484.206,,,,
O_tau=0.0,3,3.076093e-04,1.666069e-01,"(0, (2, 2, 2, 2, 3))",-2440.580,,,,
O_tau=0.0,3,3.130902e-04,1.666058e-01,"(0, (2, 2, 2, 2, 3))",-2397.717,,,,
O_tau=0.0,3,3.186688e-04,1.666047e-01,"(0, (2, 2, 2, 2, 3))",-2355.605,,,,
O_tau=0.0,3,3.243469e-04,1.666036e-01,"(0, (2, 2, 2, 2, 3))",-2314.230,,,,
O_tau=0.0,3,3.301261e-04,1.666025e-01,"(0, (2, 2, 2, 2, 3))",-2273.580,,,,
O_tau=0.0,3,3.360082e-04,1.666014e-01,"(0, (2, 2, 2, 2, 3))",-2233.641,,,,
O_tau=0.0,3,3.419952e-04,1.666002e-01,"(0, (2, 2, 2, 2, 3))",-2194.402,,,,
O_tau=0.0,3,3.480888e-04,1.665990e-01,"(0, (2, 2, 2, 2, 3))",-2155.850,,,,
O_tau=0.0,3,3.542911e-04,1.665978e-01,"(0, (2, 2, 2, 2, 3))",-2117.972,,,,
O_tau=0.0,3,3.606038e-04,1.665966e-01,"(0, (2, 2, 2, 2, 3))",-2080.758,,,,
O_tau=0.0,3,3.670290e-04,1.665953e-01,"(0, (2, 2, 2, 2, 3))",-2044.195,,,,
O_tau=0.0,3,3.735687e-04,1.665941e-01,"(0, (2, 2, 2, 2, 3))",-2008.272,,,,
O_tau=0.0,3,3.802249e-04,1.665928e-01,"(0, (2, 2, 2, 2, 3))",-1972.979,,,,
O_tau=0.0,3,3.869998e-04,1.665915e-01,"(0, (2, 2, 2, 2, 3))",-1938.303,,,,
O_tau=0.0,3,3.938953e-04,1.665901e-01,"(0, (2, 2, 2, 2, 3))",-1904.234,,,,
O_tau=0.0,3,4.009137e-04,1.665888e-01,"(0, (2, 2, 2, 2, 3))",-1870.762,,,,
O_tau=0.0,3,4.080572e-04,1.665874e-01,"(0, (2, 2, 2, 2, 3))",-1837.876,,,,
O_tau=0.0,3,4.153279e-04,1.665860e-01,"(0, (2, 2, 2, 2, 3))",-1805.565,,,,
O_tau=0.0,3,4.227282e-04,1.665845e-01,"(0, (2, 2, 2, 2, 3))",-1773.820,,,,
O_tau=0.0,3,4.302603e-04,1.665831e-01,"(0, (2, 2, 2, 2, 3))",-1742.632,,,,
O_tau=0.0,3,4.379267e-04,1.665816e-01,"(0, (2, 2, 2, 2, 3))",-1711.989,,,,
O_tau=0.0,3,4.457296e-04,1.665801e-01,"(0, (2, 2, 2, 2, 3))",-1681.882,,,,
O_tau=0.0,3,4.536716e-04,1.665785e-01,"(0, (2, 2, 2, 2, 3))",-1652.303,,,,
O_tau=0.0,3,4.617551e-04,1.665769e-01,"(0, (2, 2, 2, 2, 3))",-1623.242,,,,
O_tau=0.0,3,4.699826e-04,1.665754e-01,"(0, (2, 2, 2, 2, 3))",-1594.689,,,,
O_tau=0.0,3,4.783567e-04,1.665737e-01,"(0, (2, 2, 2, 2, 3))",-1566.636,,,,
O_tau=0.0,3,4.868801e-04,1.665721e-01,"(0, (2, 2, 2, 2, 3))",-1539.075,,,,
O_tau=0.0,3,4.955553e-04,1.665704e-01,"(0, (2, 2, 2, 2, 3))",-1511.996,,,,
O_tau=0.0,3,5.043850e-04,1.665687e-01,"(0, (2, 2, 2, 2, 3))",-1485.391,,,,
O_tau=0.0,3,5.133721e-04,1.665669e-01,"(0, (2, 2, 2, 2, 3))",-1459.252,,,,
O_tau=0.0,3,5.225194e-04,1.665652e-01,"(0, (2, 2, 2, 2, 3))",-1433.571,,,,
O_tau=0.0,3,5.318296e-04,1.665633e-01,"(0, (2, 2, 2, 2, 3))",-1408.339,,,,
O_tau=0.0,3,5.413057e-04,1.665615e-01,"(0, (2, 2, 2, 2, 3))",-1383.549,,,,
O_tau=0.0,3,5.509506e-04,1.665596e-01,"(0, (2, 2, 2, 2, 3))",-1359.193,,,,
O_tau=0.0,3,5.607674e-04,1.665577e-01,"(0, (2, 2, 2, 2, 3))",-1335.264,,,,
O_tau=0.0,3,5.707592e-04,1.665558e-01,"(0, (2, 2, 2, 2, 3))",-1311.753,,,,
O_tau=0.0,3,5.809289e-04,1.665538e-01,"(0, (2, 2, 2, 2, 3))",-1288.654,,,,
O_tau=0.0,3,5.912799e-04,1.665518e-01,"(0, (2, 2, 2, 2, 3))",-1265.960,,,,
O_tau=0.0,3,6.018153e-04,1.665498e-01,"(0, (2, 2, 2, 2, 3))",-1243.663,,,,
O_tau=0.0,3,6.125384e-04,1.665477e-01,"(0, (2, 2, 2, 2, 3))",-1221.756,,,,
O_tau=0.0,3,6.234525e-04,1.665456e-01,"(0, (2, 2, 2, 2, 3))",-1200.233,,,,
O_tau=0.0,3,6.345612e-04,1.665434e-01,"(0, (2, 2, 2, 2, 3))",-1179.087,,,,
O_tau=0.0,3,6.458677e-04,1.665412e-01,"(0, (2, 2, 2, 2, 3))",-1158.311,,,,
O_tau=0.0,3,6.573758e-04,1.665390e-01,"(0, (2, 2, 2, 2, 3))",-1137.899,,,4420,4420
O_tau=0.0,3,6.690889e-04,1.665367e-01,"(0, (2, 2, 2, 2, 3))",-1117.844,,,4334,4334
O_tau=0.0,3,6.810106e-04,1.665344e-01,"(0, (2, 2, 2, 2, 3))",-1098.140,,,4249,4249
O_tau=0.0,3,6.931448e-04,1.665320e-01,"(0, (2, 2, 2, 2, 3))",-1078.782,,,4167,4167
O_tau=0.0,3,7.054953e-04,1.665296e-01,"(0, (2, 2, 2, 2, 3))",-1059.762,,,4085,4085
O_tau=0.0,3,7.180657e-04,1.665272e-01,"(0, (2, 2, 2, 2, 3))",-1041.075,,,4006,4006
O_tau=0.0,3,7.308602e-04,1.665247e-01,"(0, (2, 2, 2, 2, 3))",-1022.716,,,3927,3927
O_tau=0.0,3,7.438826e-04,1.665222e-01,"(0, (2, 2, 2, 2, 3))",-1004.678,,,3851,3851
O_tau=0.0,3,7.571370e-04,1.665196e-01,"(0, (2, 2, 2, 2, 3))",-986.956,,,3776,3776
O_tau=0.0,3,7.706277e-04,1.665170e-01,"(0, (2, 2, 2, 2, 3))",-969.544,,,3702,3702
O_tau=0.0,3,7.843587e-04,1.665143e-01,"(0, (2, 2, 2, 2, 3))",-952.437,,,3630,3630
O_tau=0.0,3,7.983343e-04,1.665116e-01,"(0, (2, 2, 2, 2, 3))",-935.629,,,3559,3559
O_tau=0.0,3,8.125590e-04,1.665089e-01,"(0, (2, 2, 2, 2, 3))",-919.116,,,3489,3489
O_tau=0.0,3,8.270371e-04,1.665061e-01,"(0, (2, 2, 2, 2, 3))",-902.892,,,3421,3421
O_tau=0.0,3,8.417732e-04,1.665032e-01,"(0, (2, 2, 2, 2, 3))",-886.952,4444,,3354,3354
O_tau=0.0,3,8.567719e-04,1.665003e-01,"(0, (2, 2, 2, 2, 3))",-871.292,4362,,3289,3289
O_tau=0.0,3,8.720378e-04,1.664973e-01,"(0, (2, 2, 2, 2, 3))",-855.905,4280,,3224,3224
O_tau=0.0,3,8.875757e-04,1.664943e-01,"(0, (2, 2, 2, 2, 3))",-840.788,4192,,3161,3161
O_tau=0.0,3,9.033905e-04,1.664913e-01,"(0, (2, 2, 2, 2, 3))",-825.935,4116,4383,3100,3100
O_tau=0.0,3,9.194870e-04,1.664881e-01,"(0, (2, 2, 2, 2, 3))",-811.343,4036,4298,3039,3039
O_tau=0.0,3,9.358704e-04,1.664850e-01,"(0, (2, 2, 2, 2, 3))",-797.006,3958,4214,2979,2979
O_tau=0.0,3,9.525456e-04,1.664817e-01,"(0, (2, 2, 2, 2, 3))",-782.920,3881,4137,2921,2921
O_tau=0.0,3,9.695180e-04,1.664784e-01,"(0, (2, 2, 2, 2, 3))",-769.081,3806,4055,2864,2864
O_tau=0.0,3,9.867929e-04,1.664751e-01,"(0, (2, 2, 2, 2, 3))",-755.484,3733,3977,2808,2808
O_tau=0.0,3,1.004375e-03,1.664717e-01,"(0, (2, 2, 2, 2, 3))",-742.126,3661,3903,2753,2753
O_tau=0.0,3,1.022271e-03,1.664682e-01,"(0, (2, 2, 2, 2, 3))",-729.001,3592,3830,2699,2699
O_tau=0.0,3,1.040486e-03,1.664647e-01,"(0, (2, 2, 2, 2, 3))",-716.106,3523,3754,2646,2646
O_tau=0.0,3,1.059025e-03,1.664611e-01,"(0, (2, 2, 2, 2, 3))",-703.437,3458,3686,2594,2594
O_tau=0.0,3,1.077895e-03,1.664574e-01,"(0, (2, 2, 2, 2, 3))",-690.990,3389,3609,2543,2543
O_tau=0.0,3,1.097101e-03,1.664537e-01,"(0, (2, 2, 2, 2, 3))",-678.760,3322,3544,2494,2494
O_tau=0.0,3,1.116649e-03,1.664499e-01,"(0, (2, 2, 2, 2, 3))",-666.745,3257,3471,2445,2445
O_tau=0.0,3,1.136545e-03,1.664461e-01,"(0, (2, 2, 2, 2, 3))",-654.940,3193,3412,2397,2397
O_tau=0.0,3,1.156796e-03,1.664422e-01,"(0, (2, 2, 2, 2, 3))",-643.342,3136,3344,2350,2350
O_tau=0.0,3,1.177408e-03,1.664382e-01,"(0, (2, 2, 2, 2, 3))",-631.947,3074,3282,2304,2304
O_tau=0.0,3,1.198387e-03,1.664341e-01,"(0, (2, 2, 2, 2, 3))",-620.752,3017,3220,2258,2258
O_tau=0.0,3,1.219740e-03,1.664300e-01,"(0, (2, 2, 2, 2, 3))",-609.752,2955,3156,2214,2214
O_tau=0.0,3,1.241473e-03,1.664258e-01,"(0, (2, 2, 2, 2, 3))",-598.946,2901,3097,2171,2171
O_tau=0.0,3,1.263594e-03,1.664215e-01,"(0, (2, 2, 2, 2, 3))",-588.328,2845,3034,2128,2128
O_tau=0.0,3,1.286108e-03,1.664171e-01,"(0, (2, 2, 2, 2, 3))",-577.897,2791,2979,2086,2086
O_tau=0.0,3,1.309024e-03,1.664127e-01,"(0, (2, 2, 2, 2, 3))",-567.648,2739,2923,2045,2045
O_tau=0.0,3,1.332348e-03,1.664082e-01,"(0, (2, 2, 2, 2, 3))",-557.579,2683,2863,2005,2005
O_tau=0.0,3,1.356088e-03,1.664036e-01,"(0, (2, 2, 2, 2, 3))",-547.685,2631,2809,1966,1966
O_tau=0.0,3,1.380250e-03,1.663989e-01,"(0, (2, 2, 2, 2, 3))",-537.966,2582,2758,1927,1927
O_tau=0.0,3,1.404844e-03,1.663941e-01,"(0, (2, 2, 2, 2, 3))",-528.416,2534,2702,1889,1889
O_tau=0.0,3,1.429875e-03,1.663893e-01,"(0, (2, 2, 2, 2, 3))",-519.034,2484,2651,1852,1852
O_tau=0.0,3,1.455352e-03,1.663844e-01,"(0, (2, 2, 2, 2, 3))",-509.816,2434,2600,1815,1815
O_tau=0.0,3,1.481284e-03,1.663793e-01,"(0, (2, 2, 2, 2, 3))",-500.759,2387,2552,1780,1780
O_tau=0.0,3,1.507677e-03,1.663742e-01,"(0, (2, 2, 2, 2, 3))",-491.861,2341,2502,1745,1745
O_tau=0.0,3,1.534541e-03,1.663690e-01,"(0, (2, 2, 2, 2, 3))",-483.119,2295,2454,1710,1710
O_tau=0.0,3,1.561883e-03,1.663637e-01,"(0, (2, 2, 2, 2, 3))",-474.530,2252,2409,1677,1677
O_tau=0.0,3,1.589713e-03,1.663584e-01,"(0, (2, 2, 2, 2, 3))",-466.092,2212,2364,1644,1644
O_tau=0.0,3,1.618038e-03,1.663529e-01,"(0, (2, 2, 2, 2, 3))",-457.801,2166,2317,1611,1611
O_tau=0.0,3,1.646868e-03,1.663473e-01,"(0, (2, 2, 2, 2, 3))",-449.655,2121,2275,1580,1580
O_tau=0.0,3,1.676212e-03,1.663416e-01,"(0, (2, 2, 2, 2, 3))",-441.652,2081,2225,1548,1548
O_tau=0.0,3,1.706079e-03,1.663359e-01,"(0, (2, 2, 2, 2, 3))",-433.790,2041,2185,1518,1518
O_tau=0.0,3,1.736478e-03,1.663300e-01,"(0, (2, 2, 2, 2, 3))",-426.064,2001,2142,1488,1488
O_tau=0.0,3,1.767418e-03,1.663240e-01,"(0, (2, 2, 2, 2, 3))",-418.475,1965,2104,1459,1459
O_tau=0.0,3,1.798910e-03,1.663179e-01,"(0, (2, 2, 2, 2, 3))",-411.018,1924,2064,1430,1430
O_tau=0.0,3,1.830963e-03,1.663117e-01,"(0, (2, 2, 2, 2, 3))",-403.692,1893,2023,1401,1401
O_tau=0.0,3,1.863587e-03,1.663054e-01,"(0, (2, 2, 2, 2, 3))",-396.494,1854,1984,1374,1374
O_tau=0.0,3,1.896792e-03,1.662990e-01,"(0, (2, 2, 2, 2, 3))",-389.422,1816,1946,1347,1347
O_tau=0.0,3,1.930589e-03,1.662925e-01,"(0, (2, 2, 2, 2, 3))",-382.474,1781,1906,1320,1320
O_tau=0.0,3,1.964988e-03,1.662858e-01,"(0, (2, 2, 2, 2, 3))",-375.648,1746,1870,1294,1294
O_tau=0.0,3,2.000000e-03,1.662790e-01,"(0, (2, 2, 2, 2, 3))",-368.941,1715,1835,1268,1268
O_tau=0.0,3,2.031395e-03,1.662730e-01,"(0, (2, 2, 2, 2, 3))",-363.124,1682,1803,1246,1246
O_tau=0.0,3,2.063282e-03,1.662668e-01,"(0, (2, 2, 2, 2, 3))",-357.397,1658,1771,1225,1225
O_tau=0.0,3,2.095671e-03,1.662606e-01,"(0, (2, 2, 2, 2, 3))",-351.758,1628,1742,1203,1203
O_tau=0.0,3,2.128567e-03,1.662542e-01,"(0, (2, 2, 2, 2, 3))",-346.207,1598,1715,1182,1182
O_tau=0.0,3,2.161980e-03,1.662478e-01,"(0, (2, 2, 2, 2, 3))",-340.741,1571,1680,1162,1162
O_tau=0.0,3,2.195917e-03,1.662412e-01,"(0, (2, 2, 2, 2, 3))",-335.360,1544,1658,1141,1141
O_tau=0.0,3,2.230388e-03,1.662346e-01,"(0, (2, 2, 2, 2, 3))",-330.062,1521,1628,1121,1121
O_tau=0.0,3,2.265399e-03,1.662278e-01,"(0, (2, 2, 2, 2, 3))",-324.846,1490,1598,1102,1102
O_tau=0.0,3,2.300960e-03,1.662209e-01,"(0, (2, 2, 2, 2, 3))",-319.711,1467,1571,1082,1082
O_tau=0.0,3,2.337079e-03,1.662140e-01,"(0, (2, 2, 2, 2, 3))",-314.655,1440,1544,1064,1064
O_tau=0.0,3,2.373765e-03,1.662069e-01,"(0, (2, 2, 2, 2, 3))",-309.678,1417,1524,1045,1045
O_tau=0.0,3,2.411027e-03,1.661997e-01,"(0, (2, 2, 2, 2, 3))",-304.777,1395,1494,1027,1027
O_tau=0.0,3,2.448874e-03,1.661924e-01,"(0, (2, 2, 2, 2, 3))",-299.952,1367,1467,1009,1009
O_tau=0.0,3,2.487314e-03,1.661850e-01,"(0, (2, 2, 2, 2, 3))",-295.202,1342,1442,991,991
O_tau=0.0,3,2.526359e-03,1.661775e-01,"(0, (2, 2, 2, 2, 3))",-290.525,1323,1419,974,974
O_tau=0.0,3,2.566016e-03,1.661698e-01,"(0, (2, 2, 2, 2, 3))",-285.921,1300,1395,957,957
O_tau=0.0,3,2.606296e-03,1.661620e-01,"(0, (2, 2, 2, 2, 3))",-281.387,1276,1370,940,940
O_tau=0.0,3,2.647208e-03,1.661542e-01,"(0, (2, 2, 2, 2, 3))",-276.924,1255,1345,923,923
O_tau=0.0,3,2.688762e-03,1.661461e-01,"(0, (2, 2, 2, 2, 3))",-272.530,1234,1327,907,907
O_tau=0.0,3,2.730969e-03,1.661380e-01,"(0, (2, 2, 2, 2, 3))",-268.204,1214,1304,891,891
O_tau=0.0,3,2.773838e-03,1.661298e-01,"(0, (2, 2, 2, 2, 3))",-263.945,1192,1278,876,876
O_tau=0.0,3,2.817380e-03,1.661214e-01,"(0, (2, 2, 2, 2, 3))",-259.751,1171,1256,860,860
O_tau=0.0,3,2.861605e-03,1.661128e-01,"(0, (2, 2, 2, 2, 3))",-255.623,1152,1236,845,845
O_tau=0.0,3,2.906525e-03,1.661042e-01,"(0, (2, 2, 2, 2, 3))",-251.558,1134,1218,831,831
O_tau=0.0,3,2.952150e-03,1.660954e-01,"(0, (2, 2, 2, 2, 3))",-247.557,1112,1194,816,816
O_tau=0.0,3,2.998491e-03,1.660865e-01,"(0, (2, 2, 2, 2, 3))",-243.617,1092,1174,802,802
O_tau=0.0,3,3.045559e-03,1.660774e-01,"(0, (2, 2, 2, 2, 3))",-239.738,1076,1156,788,788
O_tau=0.0,3,3.093367e-03,1.660682e-01,"(0, (2, 2, 2, 2, 3))",-235.919,1054,1136,774,774
O_tau=0.0,3,3.141924e-03,1.660589e-01,"(0, (2, 2, 2, 2, 3))",-232.159,1036,1113,760,760
O_tau=0.0,3,3.191244e-03,1.660494e-01,"(0, (2, 2, 2, 2, 3))",-228.457,1022,1095,747,747
O_tau=0.0,3,3.241339e-03,1.660397e-01,"(0, (2, 2, 2, 2, 3))",-224.813,1001,1079,734,734
O_tau=0.0,3,3.292219e-03,1.660299e-01,"(0, (2, 2, 2, 2, 3))",-221.225,985,1056,721,721
O_tau=0.0,3,3.343898e-03,1.660200e-01,"(0, (2, 2, 2, 2, 3))",-217.692,968,1041,708,708
O_tau=0.0,3,3.396389e-03,1.660099e-01,"(0, (2, 2, 2, 2, 3))",-214.214,953,1025,696,696
O_tau=0.0,3,3.449703e-03,1.659997e-01,"(0, (2, 2, 2, 2, 3))",-210.790,935,1008,683,683
O_tau=0.0,3,3.503855e-03,1.659893e-01,"(0, (2, 2, 2, 2, 3))",-207.419,924,987,671,671
O_tau=0.0,3,3.558856e-03,1.659787e-01,"(0, (2, 2, 2, 2, 3))",-204.100,903,971,660,660
O_tau=0.0,3,3.614721e-03,1.659679e-01,"(0, (2, 2, 2, 2, 3))",-200.833,888,954,648,648
O_tau=0.0,3,3.671462e-03,1.659570e-01,"(0, (2, 2, 2, 2, 3))",-197.615,874,941,637,637
O_tau=0.0,3,3.729095e-03,1.659460e-01,"(0, (2, 2, 2, 2, 3))",-194.448,860,926,625,625
O_tau=0.0,3,3.787632e-03,1.659347e-01,"(0, (2, 2, 2, 2, 3))",-191.330,844,907,614,614
O_tau=0.0,3,3.847088e-03,1.659233e-01,"(0, (2, 2, 2, 2, 3))",-188.260,826,891,604,604
O_tau=0.0,3,3.907477e-03,1.659117e-01,"(0, (2, 2, 2, 2, 3))",-185.237,816,875,593,593
O_tau=0.0,3,3.968814e-03,1.658999e-01,"(0, (2, 2, 2, 2, 3))",-182.261,801,862,582,582
O_tau=0.0,3,4.031114e-03,1.658880e-01,"(0, (2, 2, 2, 2, 3))",-179.332,787,848,572,572
O_tau=0.0,3,4.094392e-03,1.658758e-01,"(0, (2, 2, 2, 2, 3))",-176.447,773,831,562,562
O_tau=0.0,3,4.158663e-03,1.658635e-01,"(0, (2, 2, 2, 2, 3))",-173.607,757,818,552,552
O_tau=0.0,3,4.223944e-03,1.658510e-01,"(0, (2, 2, 2, 2, 3))",-170.812,747,803,543,543
O_tau=0.0,3,4.290249e-03,1.658383e-01,"(0, (2, 2, 2, 2, 3))",-168.059,734,791,533,533
O_tau=0.0,3,4.357594e-03,1.658254e-01,"(0, (2, 2, 2, 2, 3))",-165.349,722,778,523,523
O_tau=0.0,3,4.425997e-03,1.658122e-01,"(0, (2, 2, 2, 2, 3))",-162.681,709,765,514,514
O_tau=0.0,3,4.495474e-03,1.657989e-01,"(0, (2, 2, 2, 2, 3))",-160.054,697,749,505,505
O_tau=0.0,3,4.566041e-03,1.657854e-01,"(0, (2, 2, 2, 2, 3))",-157.468,682,736,496,496
O_tau=0.0,3,4.637716e-03,1.657717e-01,"(0, (2, 2, 2, 2, 3))",-154.922,670,723,488,488
O_tau=0.0,3,4.710516e-03,1.657577e-01,"(0, (2, 2, 2, 2, 3))",-152.415,662,714,479,479
O_tau=0.0,3,4.784459e-03,1.657436e-01,"(0, (2, 2, 2, 2, 3))",-149.947,650,698,470,470
O_tau=0.0,3,4.859562e-03,1.657292e-01,"(0, (2, 2, 2, 2, 3))",-147.517,637,688,462,462
O_tau=0.0,3,4.935845e-03,1.657146e-01,"(0, (2, 2, 2, 2, 3))",-145.125,629,676,454,454
O_tau=0.0,3,5.013324e-03,1.656998e-01,"(0, (2, 2, 2, 2, 3))",-142.770,617,667,446,446
O_tau=0.0,3,5.092021e-03,1.656847e-01,"(0, (2, 2, 2, 2, 3))",-140.452,607,655,438,438
O_tau=0.0,3,5.171952e-03,1.656694e-01,"(0, (2, 2, 2, 2, 3))",-138.169,593,639,430,430
O_tau=0.0,3,5.253138e-03,1.656539e-01,"(0, (2, 2, 2, 2, 3))",-135.921,585,633,423,423
O_tau=0.0,3,5.335599e-03,1.656382e-01,"(0, (2, 2, 2, 2, 3))",-133.709,574,622,415,415
O_tau=0.0,3,5.419354e-03,1.656222e-01,"(0, (2, 2, 2, 2, 3))",-131.530,567,612,408,408
O_tau=0.0,3,5.504423e-03,1.656059e-01,"(0, (2, 2, 2, 2, 3))",-129.386,555,599,401,401
O_tau=0.0,3,5.590828e-03,1.655894e-01,"(0, (2, 2, 2, 2, 3))",-127.274,547,590,394,394
O_tau=0.0,3,5.678590e-03,1.655727e-01,"(0, (2, 2, 2, 2, 3))",-125.195,538,580,387,387
O_tau=0.0,3,5.767729e-03,1.655556e-01,"(0, (2, 2, 2, 2, 3))",-123.149,526,568,380,380
O_tau=0.0,3,5.858267e-03,1.655384e-01,"(0, (2, 2, 2, 2, 3))",-121.134,518,563,373,373
O_tau=0.0,3,5.950227e-03,1.655208e-01,"(0, (2, 2, 2, 2, 3))",-119.150,509,551,366,366
O_tau=0.0,3,6.043630e-03,1.655030e-01,"(0, (2, 2, 2, 2, 3))",-117.197,501,538,360,360
O_tau=0.0,3,6.138499e-03,1.654849e-01,"(0, (2, 2, 2, 2, 3))",-115.274,494,532,353,353
O_tau=0.0,3,6.234857e-03,1.654666e-01,"(0, (2, 2, 2, 2, 3))",-113.381,483,523,347,347
O_tau=0.0,3,6.332728e-03,1.654479e-01,"(0, (2, 2, 2, 2, 3))",-111.517,473,513,341,341
O_tau=0.0,3,6.432135e-03,1.654290e-01,"(0, (2, 2, 2, 2, 3))",-109.682,464,505,335,335
O_tau=0.0,3,6.533103e-03,1.654098e-01,"(0, (2, 2, 2, 2, 3))",-107.876,459,497,329,329
O_tau=0.0,3,6.635656e-03,1.653902e-01,"(0, (2, 2, 2, 2, 3))",-106.097,450,489,323,323
O_tau=0.0,3,6.739818e-03,1.653704e-01,"(0, (2, 2, 2, 2, 3))",-104.346,442,476,318,318
O_tau=0.0,3,6.845616e-03,1.653503e-01,"(0, (2, 2, 2, 2, 3))",-102.623,435,472,312,312
O_tau=0.0,3,6.953074e-03,1.653299e-01,"(0, (2, 2, 2, 2, 3))",-100.925,427,461,306,306
O_tau=0.0,3,7.062219e-03,1.653091e-01,"(0, (2, 2, 2, 2, 3))",-99.255,419,456,301,301
O_tau=0.0,3,7.173078e-03,1.652881e-01,"(0, (2, 2, 2, 2, 3))",-97.610,413,449,295,295
O_tau=0.0,3,7.285676e-03,1.652667e-01,"(0, (2, 2, 2, 2, 3))",-95.990,407,439,290,290
O_tau=0.0,3,7.400042e-03,1.652450e-01,"(0, (2, 2, 2, 2, 3))",-94.396,398,433,285,285
O_tau=0.0,3,7.516204e-03,1.652229e-01,"(0, (2, 2, 2, 2, 3))",-92.826,392,423,280,280
O_tau=0.0,3,7.634188e-03,1.652005e-01,"(0, (2, 2, 2, 2, 3))",-91.280,384,415,275,275
O_tau=0.0,3,7.754025e-03,1.651778e-01,"(0, (2, 2, 2, 2, 3))",-89.759,376,408,270,270
O_tau=0.0,3,7.875743e-03,1.651547e-01,"(0, (2, 2, 2, 2, 3))",-88.261,373,405,265,265
O_tau=0.0,3,7.999372e-03,1.651313e-01,"(0, (2, 2, 2, 2, 3))",-86.786,364,396,261,261
O_tau=0.0,3,8.124941e-03,1.651075e-01,"(0, (2, 2, 2, 2, 3))",-85.334,358,388,256,256
O_tau=0.0,3,8.252481e-03,1.650833e-01,"(0, (2, 2, 2, 2, 3))",-83.905,354,381,251,251
O_tau=0.0,3,8.382024e-03,1.650588e-01,"(0, (2, 2, 2, 2, 3))",-82.498,348,375,247,247
O_tau=0.0,3,8.513600e-03,1.650339e-01,"(0, (2, 2, 2, 2, 3))",-81.112,340,371,242,242
O_tau=0.0,3,8.647241e-03,1.650087e-01,"(0, (2, 2, 2, 2, 3))",-79.748,334,361,238,238
O_tau=0.0,3,8.782980e-03,1.649830e-01,"(0, (2, 2, 2, 2, 3))",-78.405,329,358,234,234
O_tau=0.0,3,8.920850e-03,1.649569e-01,"(0, (2, 2, 2, 2, 3))",-77.083,324,351,230,230
O_tau=0.0,3,9.060884e-03,1.649305e-01,"(0, (2, 2, 2, 2, 3))",-75.782,318,344,226,226
O_tau=0.0,3,9.203116e-03,1.649036e-01,"(0, (2, 2, 2, 2, 3))",-74.500,312,339,222,222
O_tau=0.0,3,9.347581e-03,1.648764e-01,"(0, (2, 2, 2, 2, 3))",-73.239,305,333,218,218
O_tau=0.0,3,9.494314e-03,1.648487e-01,"(0, (2, 2, 2, 2, 3))",-71.997,303,329,214,214
O_tau=0.0,3,9.643350e-03,1.648206e-01,"(0, (2, 2, 2, 2, 3))",-70.774,294,321,210,210
O_tau=0.0,3,9.794725e-03,1.647921e-01,"(0, (2, 2, 2, 2, 3))",-69.570,291,315,206,206
O_tau=0.0,3,9.948477e-03,1.647631e-01,"(0, (2, 2, 2, 2, 3))",-68.385,286,311,203,203
O_tau=0.0,3,1.010464e-02,1.647337e-01,"(0, (2, 2, 2, 2, 3))",-67.218,281,305,199,199
O_tau=0.0,3,1.026326e-02,1.647039e-01,"(0, (2, 2, 2, 2, 3))",-66.069,275,301,196,196
O_tau=0.0,3,1.042436e-02,1.646736e-01,"(0, (2, 2, 2, 2, 3))",-64.938,273,293,192,192
O_tau=0.0,3,1.058800e-02,1.646428e-01,"(0, (2, 2, 2, 2, 3))",-63.825,265,291,188,188
O_tau=0.0,3,1.075420e-02,1.646116e-01,"(0, (2, 2, 2, 2, 3))",-62.729,261,286,185,185
O_tau=0.0,3,1.092302e-02,1.645799e-01,"(0, (2, 2, 2, 2, 3))",-61.650,256,279,182,182
O_tau=0.0,3,1.109448e-02,1.645477e-01,"(0, (2, 2, 2, 2, 3))",-60.587,252,274,178,178
O_tau=0.0,3,1.126863e-02,1.645150e-01,"(0, (2, 2, 2, 2, 3))",-59.541,247,269,175,175
O_tau=0.0,3,1.144552e-02,1.644819e-01,"(0, (2, 2, 2, 2, 3))",-58.512,243,265,172,172
O_tau=0.0,3,1.162519e-02,1.644482e-01,"(0, (2, 2, 2, 2, 3))",-57.498,241,261,169,169
O_tau=0.0,3,1.180767e-02,1.644140e-01,"(0, (2, 2, 2, 2, 3))",-56.500,237,256,166,166
O_tau=0.0,3,1.199302e-02,1.643793e-01,"(0, (2, 2, 2, 2, 3))",-55.517,231,251,163,163
O_tau=0.0,3,1.218128e-02,1.643441e-01,"(0, (2, 2, 2, 2, 3))",-54.550,228,247,160,160
O_tau=0.0,3,1.237250e-02,1.643084e-01,"(0, (2, 2, 2, 2, 3))",-53.598,222,243,157,157
O_tau=0.0,3,1.256671e-02,1.642721e-01,"(0, (2, 2, 2, 2, 3))",-52.660,220,240,155,155
O_tau=0.0,3,1.276398e-02,1.642353e-01,"(0, (2, 2, 2, 2, 3))",-51.737,214,236,152,152
O_tau=0.0,3,1.296434e-02,1.641979e-01,"(0, (2, 2, 2, 2, 3))",-50.828,211,231,149,149
O_tau=0.0,3,1.316784e-02,1.641599e-01,"(0, (2, 2, 2, 2, 3))",-49.934,209,228,146,146
O_tau=0.0,3,1.337454e-02,1.641214e-01,"(0, (2, 2, 2, 2, 3))",-49.053,208,220,144,144
O_tau=0.0,3,1.358449e-02,1.640823e-01,"(0, (2, 2, 2, 2, 3))",-48.186,202,219,141,141
O_tau=0.0,3,1.379773e-02,1.640426e-01,"(0, (2, 2, 2, 2, 3))",-47.332,197,212,139,139
O_tau=0.0,3,1.401432e-02,1.640023e-01,"(0, (2, 2, 2, 2, 3))",-46.492,193,211,136,136
O_tau=0.0,3,1.423431e-02,1.639614e-01,"(0, (2, 2, 2, 2, 3))",-45.665,190,209,134,134
O_tau=0.0,3,1.445775e-02,1.639199e-01,"(0, (2, 2, 2, 2, 3))",-44.850,186,208,131,131
O_tau=0.0,3,1.468470e-02,1.638778e-01,"(0, (2, 2, 2, 2, 3))",-44.048,184,198,129,129
O_tau=0.0,3,1.491521e-02,1.638351e-01,"(0, (2, 2, 2, 2, 3))",-43.259,179,197,127,127
O_tau=0.0,3,1.514934e-02,1.637917e-01,"(0, (2, 2, 2, 2, 3))",-42.482,176,193,124,124
O_tau=0.0,3,1.538714e-02,1.637476e-01,"(0, (2, 2, 2, 2, 3))",-41.717,175,190,122,122
O_tau=0.0,3,1.562868e-02,1.637029e-01,"(0, (2, 2, 2, 2, 3))",-40.963,171,186,120,120
O_tau=0.0,3,1.587401e-02,1.636576e-01,"(0, (2, 2, 2, 2, 3))",-40.222,170,184,118,118
O_tau=0.0,3,1.612319e-02,1.636115e-01,"(0, (2, 2, 2, 2, 3))",-39.492,167,179,116,116
O_tau=0.0,3,1.637628e-02,1.635648e-01,"(0, (2, 2, 2, 2, 3))",-38.773,162,176,114,114
O_tau=0.0,3,1.663335e-02,1.635174e-01,"(0, (2, 2, 2, 2, 3))",-38.065,160,175,112,112
O_tau=0.0,3,1.689445e-02,1.634692e-01,"(0, (2, 2, 2, 2, 3))",-37.369,156,171,110,110
O_tau=0.0,3,1.715965e-02,1.634204e-01,"(0, (2, 2, 2, 2, 3))",-36.683,155,170,108,108
O_tau=0.0,3,1.742901e-02,1.633708e-01,"(0, (2, 2, 2, 2, 3))",-36.008,152,167,106,106
O_tau=0.0,3,1.770260e-02,1.633205e-01,"(0, (2, 2, 2, 2, 3))",-35.343,149,162,104,104
O_tau=0.0,3,1.798048e-02,1.632694e-01,"(0, (2, 2, 2, 2, 3))",-34.689,145,160,102,102
O_tau=0.0,3,1.826273e-02,1.632176e-01,"(0, (2, 2, 2, 2, 3))",-34.045,144,156,100,100
O_tau=0.0,3,1.854941e-02,1.631650e-01,"(0, (2, 2, 2, 2, 3))",-33.411,142,155,98,98
O_tau=0.0,3,1.884058e-02,1.631117e-01,"(0, (2, 2, 2, 2, 3))",-32.787,141,152,97,97
O_tau=0.0,3,1.913633e-02,1.630575e-01,"(0, (2, 2, 2, 2, 3))",-32.172,135,149,95,95
O_tau=0.0,3,1.943672e-02,1.630026e-01,"(0, (2, 2, 2, 2, 3))",-31.567,134,145,93,93
O_tau=0.0,3,1.974183e-02,1.629468e-01,"(0, (2, 2, 2, 2, 3))",-30.971,132,144,91,91
O_tau=0.0,3,2.005172e-02,1.628902e-01,"(0, (2, 2, 2, 2, 3))",-30.385,128,142,90,90
O_tau=0.0,3,2.036648e-02,1.628328e-01,"(0, (2, 2, 2, 2, 3))",-29.808,127,141,88,88
O_tau=0.0,3,2.068618e-02,1.627745e-01,"(0, (2, 2, 2, 2, 3))",-29.239,124,136,87,87
O_tau=0.0,3,2.101090e-02,1.627154e-01,"(0, (2, 2, 2, 2, 3))",-28.680,122,135,85,85
O_tau=0.0,3,2.134072e-02,1.626554e-01,"(0, (2, 2, 2, 2, 3))",-28.129,120,132,83,83
O_tau=0.0,3,2.167571e-02,1.625946e-01,"(0, (2, 2, 2, 2, 3))",-27.587,119,130,82,82
O_tau=0.0,3,2.201596e-02,1.625328e-01,"(0, (2, 2, 2, 2, 3))",-27.053,115,127,80,80
O_tau=0.0,3,2.236156e-02,1.624701e-01,"(0, (2, 2, 2, 2, 3))",-26.528,115,124,79,79
O_tau=0.0,3,2.271258e-02,1.624066e-01,"(0, (2, 2, 2, 2, 3))",-26.010,114,124,78,78
O_tau=0.0,3,2.306910e-02,1.623420e-01,"(0, (2, 2, 2, 2, 3))",-25.501,109,120,76,76
O_tau=0.0,3,2.343123e-02,1.622766e-01,"(0, (2, 2, 2, 2, 3))",-25.000,106,120,75,75
O_tau=0.0,3,2.379904e-02,1.622102e-01,"(0, (2, 2, 2, 2, 3))",-24.506,106,116,73,73
O_tau=0.0,3,2.417262e-02,1.621428e-01,"(0, (2, 2, 2, 2, 3))",-24.020,104,115,72,72
O_tau=0.0,3,2.455207e-02,1.620745e-01,"(0, (2, 2, 2, 2, 3))",-23.542,102,115,71,71
O_tau=0.0,3,2.493747e-02,1.620051e-01,"(0, (2, 2, 2, 2, 3))",-23.071,101,111,70,70
O_tau=0.0,3,2.532892e-02,1.619348e-01,"(0, (2, 2, 2, 2, 3))",-22.608,101,108,68,68
O_tau=0.0,3,2.572652e-02,1.618634e-01,"(0, (2, 2, 2, 2, 3))",-22.151,97,106,67,67
O_tau=0.0,3,2.613036e-02,1.617910e-01,"(0, (2, 2, 2, 2, 3))",-21.702,96,106,66,66
O_tau=0.0,3,2.654054e-02,1.617175e-01,"(0, (2, 2, 2, 2, 3))",-21.260,94,102,65,65
O_tau=0.0,3,2.695716e-02,1.616430e-01,"(0, (2, 2, 2, 2, 3))",-20.824,93,101,64,64
O_tau=0.0,3,2.738031e-02,1.615674e-01,"(0, (2, 2, 2, 2, 3))",-20.396,91,101,62,62
O_tau=0.0,3,2.781011e-02,1.614907e-01,"(0, (2, 2, 2, 2, 3))",-19.974,89,100,61,61
O_tau=0.0,3,2.824666e-02,1.614129e-01,"(0, (2, 2, 2, 2, 3))",-19.558,87,97,60,60
O_tau=0.0,3,2.869006e-02,1.613340e-01,"(0, (2, 2, 2, 2, 3))",-19.150,86,94,59,59
O_tau=0.0,3,2.914042e-02,1.612540e-01,"(0, (2, 2, 2, 2, 3))",-18.747,83,93,58,58
O_tau=0.0,3,2.959785e-02,1.611728e-01,"(0, (2, 2, 2, 2, 3))",-18.351,83,91,57,57
O_tau=0.0,3,3.006245e-02,1.610904e-01,"(0, (2, 2, 2, 2, 3))",-17.961,81,89,56,56
O_tau=0.0,3,3.053436e-02,1.610069e-01,"(0, (2, 2, 2, 2, 3))",-17.577,79,88,55,55
O_tau=0.0,3,3.101367e-02,1.609222e-01,"(0, (2, 2, 2, 2, 3))",-17.199,79,86,54,54
O_tau=0.0,3,3.150050e-02,1.608363e-01,"(0, (2, 2, 2, 2, 3))",-16.827,78,83,53,53
O_tau=0.0,3,3.199498e-02,1.607491e-01,"(0, (2, 2, 2, 2, 3))",-16.460,76,83,52,52
O_tau=0.0,3,3.249721e-02,1.606607e-01,"(0, (2, 2, 2, 2, 3))",-16.100,75,81,51,51
O_tau=0.0,3,3.300733e-02,1.605711e-01,"(0, (2, 2, 2, 2, 3))",-15.745,73,81,50,50
O_tau=0.0,3,3.352546e-02,1.604802e-01,"(0, (2, 2, 2, 2, 3))",-15.395,73,79,50,50
O_tau=0.0,3,3.405173e-02,1.603880e-01,"(0, (2, 2, 2, 2, 3))",-15.051,71,79,49,49
O_tau=0.0,3,3.458625e-02,1.602945e-01,"(0, (2, 2, 2, 2, 3))",-14.712,69,78,48,48
O_tau=0.0,3,3.512916e-02,1.601996e-01,"(0, (2, 2, 2, 2, 3))",-14.379,69,76,47,47
O_tau=0.0,3,3.568060e-02,1.601035e-01,"(0, (2, 2, 2, 2, 3))",-14.051,67,73,46,46
O_tau=0.0,3,3.624069e-02,1.600060e-01,"(0, (2, 2, 2, 2, 3))",-13.728,66,73,45,45
O_tau=0.0,3,3.680957e-02,1.599071e-01,"(0, (2, 2, 2, 2, 3))",-13.410,64,73,44,44
O_tau=0.0,3,3.738739e-02,1.598068e-01,"(0, (2, 2, 2, 2, 3))",-13.097,64,70,43,43
O_tau=0.0,3,3.797427e-02,1.597051e-01,"(0, (2, 2, 2, 2, 3))",-12.789,61,69,43,43
O_tau=0.0,3,3.857037e-02,1.596020e-01,"(0, (2, 2, 2, 2, 3))",-12.485,61,69,42,42
O_tau=0.0,3,3.917582e-02,1.594975e-01,"(0, (2, 2, 2, 2, 3))",-12.187,59,67,41,41
O_tau=0.0,3,3.979078e-02,1.593915e-01,"(0, (2, 2, 2, 2, 3))",-11.893,58,65,40,40
O_tau=0.0,3,4.041539e-02,1.592840e-01,"(0, (2, 2, 2, 2, 3))",-11.603,57,64,39,39
O_tau=0.0,3,4.104981e-02,1.591751e-01,"(0, (2, 2, 2, 2, 3))",-11.318,57,63,39,39
O_tau=0.0,3,4.169418e-02,1.590646e-01,"(0, (2, 2, 2, 2, 3))",-11.038,57,61,38,38
O_tau=0.0,3,4.234867e-02,1.589526e-01,"(0, (2, 2, 2, 2, 3))",-10.762,56,61,38,38
O_tau=0.0,3,4.301344e-02,1.588390e-01,"(0, (2, 2, 2, 2, 3))",-10.490,55,59,37,37
O_tau=0.0,3,4.368864e-02,1.587239e-01,"(0, (2, 2, 2, 2, 3))",-10.223,54,58,36,36
O_tau=0.0,3,4.437443e-02,1.586072e-01,"(0, (2, 2, 2, 2, 3))",-9.959,54,57,36,36
O_tau=0.0,3,4.507100e-02,1.584890e-01,"(0, (2, 2, 2, 2, 3))",-9.700,51,57,35,35
O_tau=0.0,3,4.577849e-02,1.583690e-01,"(0, (2, 2, 2, 2, 3))",-9.445,51,57,34,34
O_tau=0.0,3,4.649710e-02,1.582475e-01,"(0, (2, 2, 2, 2, 3))",-9.194,50,56,34,34
O_tau=0.0,3,4.722698e-02,1.581243e-01,"(0, (2, 2, 2, 2, 3))",-8.947,49,55,33,33
O_tau=0.0,3,4.796832e-02,1.579994e-01,"(0, (2, 2, 2, 2, 3))",-8.703,46,54,33,33
O_tau=0.0,3,4.872130e-02,1.578728e-01,"(0, (2, 2, 2, 2, 3))",-8.464,46,54,32,32
O_tau=0.0,3,4.948609e-02,1.577445e-01,"(0, (2, 2, 2, 2, 3))",-8.228,45,51,31,31
O_tau=0.0,3,5.026290e-02,1.576144e-01,"(0, (2, 2, 2, 2, 3))",-7.996,44,51,31,31
O_tau=0.0,3,5.105189e-02,1.574826e-01,"(0, (2, 2, 2, 2, 3))",-7.767,44,50,30,30
O_tau=0.0,3,5.185327e-02,1.573490e-01,"(0, (2, 2, 2, 2, 3))",-7.543,44,46,30,30
O_tau=0.0,3,5.266724e-02,1.572137e-01,"(0, (2, 2, 2, 2, 3))",-7.321,43,46,29,29
O_tau=0.0,3,5.349397e-02,1.570765e-01,"(0, (2, 2, 2, 2, 3))",-7.103,43,46,28,28
O_tau=0.0,3,5.433369e-02,1.569374e-01,"(0, (2, 2, 2, 2, 3))",-6.889,43,45,28,28
O_tau=0.0,3,5.518659e-02,1.567966e-01,"(0, (2, 2, 2, 2, 3))",-6.678,39,44,27,27
O_tau=0.0,3,5.605287e-02,1.566538e-01,"(0, (2, 2, 2, 2, 3))",-6.470,39,44,27,27
O_tau=0.0,3,5.693276e-02,1.565091e-01,"(0, (2, 2, 2, 2, 3))",-6.265,39,44,27,27
O_tau=0.0,3,5.782645e-02,1.563625e-01,"(0, (2, 2, 2, 2, 3))",-6.064,39,43,26,26
O_tau=0.0,3,5.873418e-02,1.562140e-01,"(0, (2, 2, 2, 2, 3))",-5.866,38,43,26,26
O_tau=0.0,3,5.965615e-02,1.560635e-01,"(0, (2, 2, 2, 2, 3))",-5.670,38,43,25,25
O_tau=0.0,3,6.059259e-02,1.559111e-01,"(0, (2, 2, 2, 2, 3))",-5.478,38,39,25,25
O_tau=0.0,3,6.154374e-02,1.557566e-01,"(0, (2, 2, 2, 2, 3))",-5.289,38,39,24,24
O_tau=0.0,3,6.250982e-02,1.556001e-01,"(0, (2, 2, 2, 2, 3))",-5.103,36,39,24,24
O_tau=0.0,3,6.349106e-02,1.554415e-01,"(0, (2, 2, 2, 2, 3))",-4.920,35,39,24,24
O_tau=0.0,3,6.448770e-02,1.552809e-01,"(0, (2, 2, 2, 2, 3))",-4.740,35,38,23,23
O_tau=0.0,3,6.549999e-02,1.551182e-01,"(0, (2, 2, 2, 2, 3))",-4.562,33,38,23,23
O_tau=0.0,3,6.652817e-02,1.549534e-01,"(0, (2, 2, 2, 2, 3))",-4.388,33,38,22,22
O_tau=0.0,3,6.757249e-02,1.547865e-01,"(0, (2, 2, 2, 2, 3))",-4.216,33,38,22,22
O_tau=0.0,3,6.863320e-02,1.546174e-01,"(0, (2, 2, 2, 2, 3))",-4.046,31,36,22,22
O_tau=0.0,3,6.971056e-02,1.544461e-01,"(0, (2, 2, 2, 2, 3))",-3.880,31,35,21,21
O_tau=0.0,3,7.080483e-02,1.542727e-01,"(0, (2, 2, 2, 2, 3))",-3.716,30,35,21,21
O_tau=0.0,3,7.191628e-02,1.540970e-01,"(0, (2, 2, 2, 2, 3))",-3.554,29,33,20,20
O_tau=0.0,3,7.304518e-02,1.539190e-01,"(0, (2, 2, 2, 2, 3))",-3.396,28,33,20,20
O_tau=0.0,3,7.419180e-02,1.537388e-01,"(0, (2, 2, 2, 2, 3))",-3.239,28,33,20,20
O_tau=0.0,3,7.535642e-02,1.535564e-01,"(0, (2, 2, 2, 2, 3))",-3.085,28,32,19,19
O_tau=0.0,3,7.653932e-02,1.533716e-01,"(0, (2, 2, 2, 2, 3))",-2.934,28,31,19,19
O_tau=0.0,3,7.774078e-02,1.531845e-01,"(0, (2, 2, 2, 2, 3))",-2.785,28,31,18,18
O_tau=0.0,3,7.896111e-02,1.529950e-01,"(0, (2, 2, 2, 2, 3))",-2.638,28,29,18,18
O_tau=0.0,3,8.020060e-02,1.528031e-01,"(0, (2, 2, 2, 2, 3))",-2.494,27,28,18,18
O_tau=0.0,3,8.145954e-02,1.526089e-01,"(0, (2, 2, 2, 2, 3))",-2.351,27,28,17,17
O_tau=0.0,3,8.273824e-02,1.524122e-01,"(0, (2, 2, 2, 2, 3))",-2.211,27,28,17,17
O_tau=0.0,3,8.403701e-02,1.522131e-01,"(0, (2, 2, 2, 2, 3))",-2.074,26,28,17,17
O_tau=0.0,3,8.535617e-02,1.520116e-01,"(0, (2, 2, 2, 2, 3))",-1.938,24,28,17,17
O_tau=0.0,3,8.669604e-02,1.518075e-01,"(0, (2, 2, 2, 2, 3))",-1.805,24,28,16,16
O_tau=0.0,3,8.805694e-02,1.516010e-01,"(0, (2, 2, 2, 2, 3))",-1.673,24,28,16,16
O_tau=0.0,3,8.943921e-02,1.513919e-01,"(0, (2, 2, 2, 2, 3))",-1.544,24,28,16,16
O_tau=0.0,3,9.084317e-02,1.511802e-01,"(0, (2, 2, 2, 2, 3))",-1.417,24,28,16,16
O_tau=0.0,3,9.226917e-02,1.509660e-01,"(0, (2, 2, 2, 2, 3))",-1.292,24,28,16,16
O_tau=0.0,3,9.371756e-02,1.507492e-01,"(0, (2, 2, 2, 2, 3))",-1.168,24,35,15,15
O_tau=0.0,3,9.518868e-02,1.505297e-01,"(0, (2, 2, 2, 2, 3))",-1.047,26,,15,15
O_tau=0.0,3,9.668289e-02,1.503077e-01,"(0, (2, 2, 2, 2, 3))",-0.928,28,,15,15
O_tau=0.0,3,9.820056e-02,1.500829e-01,"(0, (2, 2, 2, 2, 3))",-0.810,,,15,15
O_tau=0.0,3,9.974205e-02,1.498555e-01,"(0, (2, 2, 2, 2, 3))",-0.694,,,14,14
O_tau=0.0,3,1.013077e-01,1.496254e-01,"(0, (2, 2, 2, 2, 3))",-0.581,,,14,14
O_tau=0.0,3,1.028980e-01,1.493925e-01,"(0, (2, 2, 2, 2, 3))",-0.469,,,14,14
O_tau=0.0,3,1.045132e-01,1.491569e-01,"(0, (2, 2, 2, 2, 3))",-0.358,,,13,13
O_tau=0.0,3,1.061538e-01,1.489185e-01,"(0, (2, 2, 2, 2, 3))",-0.250,,,13,13
O_tau=0.0,3,1.078202e-01,1.486773e-01,"(0, (2, 2, 2, 2, 3))",-0.143,,,13,13
O_tau=0.0,3,1.095127e-01,1.484333e-01,"(0, (2, 2, 2, 2, 3))",-0.038,,,13,13
O_tau=0.0,3,1.112317e-01,1.481864e-01,"(0, (2, 2, 2, 2, 3))",0.066,,,12,12
O_tau=0.0,3,1.129778e-01,1.479367e-01,"(0, (2, 2, 2, 2, 3))",0.168,,,12,12
O_tau=0.0,3,1.147512e-01,1.476841e-01,"(0, (2, 2, 2, 2, 3))",0.268,,,12,12
O_tau=0.0,3,1.165525e-01,1.474286e-01,"(0, (2, 2, 2, 2, 3))",0.367,,,11,11
O_tau=0.0,3,1.183821e-01,1.471702e-01,"(0, (2, 2, 2, 2, 3))",0.464,,,11,11
O_tau=0.0,3,1.202404e-01,1.469088e-01,"(0, (2, 2, 2, 2, 3))",0.559,,,11,11
O_tau=0.0,3,1.221278e-01,1.466445e-01,"(0, (2, 2, 2, 2, 3))",0.653,,,11,11
O_tau=0.0,3,1.240449e-01,1.463771e-01,"(0, (2, 2, 2, 2, 3))",0.746,,,11,11
O_tau=0.0,3,1.259921e-01,1.461068e-01,"(0, (2, 2, 2, 2, 3))",0.837,,,11,11
O_tau=0.0,3,1.279699e-01,1.458334e-01,"(0, (2, 2, 2, 2, 3))",0.927,,,11,11
O_tau=0.0,3,1.299786e-01,1.455570e-01,"(0, (2, 2, 2, 2, 3))",1.015,,,11,11
O_tau=0.0,3,1.320190e-01,1.452776e-01,"(0, (2, 2, 2, 2, 3))",1.102,,,10,10
O_tau=0.0,3,1.340913e-01,1.449950e-01,"(0, (2, 2, 2, 2, 3))",1.187,,,10,10
O_tau=0.0,3,1.361962e-01,1.447093e-01,"(0, (2, 2, 2, 2, 3))",1.271,,,10,10
O_tau=0.0,3,1.383341e-01,1.444205e-01,"(0, (2, 2, 2, 2, 3))",1.354,,,10,10
O_tau=0.0,3,1.405056e-01,1.441286e-01,"(0, (2, 2, 2, 2, 3))",1.436,,,10,10
O_tau=0.0,3,1.427112e-01,1.438335e-01,"(0, (2, 2, 2, 2, 3))",1.516,,,9,9
O_tau=0.0,3,1.449514e-01,1.435352e-01,"(0, (2, 2, 2, 2, 3))",1.595,,,9,9
O_tau=0.0,3,1.472267e-01,1.432336e-01,"(0, (2, 2, 2, 2, 3))",1.672,,,9,9
O_tau=0.0,3,1.495378e-01,1.429289e-01,"(0, (2, 2, 2, 2, 3))",1.749,,,9,9
O_tau=0.0,3,1.518852e-01,1.426210e-01,"(0, (2, 2, 2, 2, 3))",1.824,,,9,9
O_tau=0.0,3,1.542694e-01,1.423097e-01,"(0, (2, 2, 2, 2, 3))",1.898,,,9,9
O_tau=0.0,3,1.566910e-01,1.419952e-01,"(0, (2, 2, 2, 2, 3))",1.971,,,9,9
O_tau=0.0,3,1.591506e-01,1.416774e-01,"(0, (2, 2, 2, 2, 3))",2.043,,,9,9
O_tau=0.0,3,1.616489e-01,1.413563e-01,"(0, (2, 2, 2, 2, 3))",2.113,,,9,9
O_tau=0.0,3,1.641863e-01,1.410319e-01,"(0, (2, 2, 2, 2, 3))",2.183,,,8,8
O_tau=0.0,3,1.667636e-01,1.407042e-01,"(0, (2, 2, 2, 2, 3))",2.251,,,8,8
O_tau=0.0,3,1.693814e-01,1.403730e-01,"(0, (2, 2, 2, 2, 3))",2.318,,,8,8
O_tau=0.0,3,1.720402e-01,1.400385e-01,"(0, (2, 2, 2, 2, 3))",2.385,,,8,8
O_tau=0.0,3,1.747408e-01,1.397007e-01,"(0, (2, 2, 2, 2, 3))",2.450,,,8,8
O_tau=0.0,3,1.774838e-01,1.393594e-01,"(0, (2, 2, 2, 2, 3))",2.514,,,8,8
O_tau=0.0,3,1.802698e-01,1.390147e-01,"(0, (2, 2, 2, 2, 3))",2.577,,,8,8
O_tau=0.0,3,1.830996e-01,1.386665e-01,"(0, (2, 2, 2, 2, 3))",2.639,,,8,8
O_tau=0.0,3,1.859738e-01,1.383149e-01,"(0, (2, 2, 2, 2, 3))",2.700,,,7,7
O_tau=0.0,3,1.888931e-01,1.379599e-01,"(0, (2, 2, 2, 2, 3))",2.761,,,7,7
O_tau=0.0,3,1.918582e-01,1.376014e-01,"(0, (2, 2, 2, 2, 3))",2.820,,,7,7
O_tau=0.0,3,1.948699e-01,1.372394e-01,"(0, (2, 2, 2, 2, 3))",2.878,,,7,7
O_tau=0.0,3,1.979288e-01,1.368739e-01,"(0, (2, 2, 2, 2, 3))",2.935,,,7,7
O_tau=0.0,3,2.010358e-01,1.365048e-01,"(0, (2, 2, 2, 2, 3))",2.992,,,6,6
O_tau=0.0,3,2.041915e-01,1.361323e-01,"(0, (2, 2, 2, 2, 3))",3.048,,,6,6
O_tau=0.0,3,2.073968e-01,1.357562e-01,"(0, (2, 2, 2, 2, 3))",3.102,,,6,6
O_tau=0.0,3,2.106524e-01,1.353766e-01,"(0, (2, 2, 2, 2, 3))",3.156,,,6,6
O_tau=0.0,3,2.139591e-01,1.349935e-01,"(0, (2, 2, 2, 2, 3))",3.209,,,6,6
O_tau=0.0,3,2.173177e-01,1.346068e-01,"(0, (2, 2, 2, 2, 3))",3.261,,,6,6
O_tau=0.0,3,2.207290e-01,1.342165e-01,"(0, (2, 2, 2, 2, 3))",3.312,,,6,6
O_tau=0.0,3,2.241939e-01,1.338226e-01,"(0, (2, 2, 2, 2, 3))",3.363,,,6,6
O_tau=0.0,3,2.277131e-01,1.334251e-01,"(0, (2, 2, 2, 2, 3))",3.413,,,6,6
O_tau=0.0,3,2.312876e-01,1.330241e-01,"(0, (2, 2, 2, 2, 3))",3.462,,,5,5
O_tau=0.0,3,2.349183e-01,1.326194e-01,"(0, (2, 2, 2, 2, 3))",3.510,,,5,5
O_tau=0.0,3,2.386059e-01,1.322112e-01,"(0, (2, 2, 2, 2, 3))",3.557,,,5,5
O_tau=0.0,3,2.423513e-01,1.317993e-01,"(0, (2, 2, 2, 2, 3))",3.604,,,5,5
O_tau=0.0,3,2.461556e-01,1.313838e-01,"(0, (2, 2, 2, 2, 3))",3.650,,,5,5
O_tau=0.0,3,2.500196e-01,1.309646e-01,"(0, (2, 2, 2, 2, 3))",3.695,,,5,5
O_tau=0.0,3,2.539443e-01,1.305419e-01,"(0, (2, 2, 2, 2, 3))",3.739,,,5,5
O_tau=0.0,3,2.579305e-01,1.301155e-01,"(0, (2, 2, 2, 2, 3))",3.783,,,5,5
O_tau=0.0,3,2.619794e-01,1.296855e-01,"(0, (2, 2, 2, 2, 3))",3.826,,,5,5
O_tau=0.0,3,2.660918e-01,1.292518e-01,"(0, (2, 2, 2, 2, 3))",3.869,,,5,5
O_tau=0.0,3,2.702687e-01,1.288145e-01,"(0, (2, 2, 2, 2, 3))",3.910,,,5,5
O_tau=0.0,3,2.745112e-01,1.283735e-01,"(0, (2, 2, 2, 2, 3))",3.952,,,5,5
O_tau=0.0,3,2.788203e-01,1.279289e-01,"(0, (2, 2, 2, 2, 3))",3.992,,,5,5
O_tau=0.0,3,2.831971e-01,1.274807e-01,"(0, (2, 2, 2, 2, 3))",4.032,,,5,5
O_tau=0.0,3,2.876426e-01,1.270288e-01,"(0, (2, 2, 2, 2, 3))",4.071,,,4,4
O_tau=0.0,3,2.921578e-01,1.265733e-01,"(0, (2, 2, 2, 2, 3))",4.110,,,4,4
O_tau=0.0,3,2.967439e-01,1.261141e-01,"(0, (2, 2, 2, 2, 3))",4.148,,,4,4
O_tau=0.0,3,3.014020e-01,1.256513e-01,"(0, (2, 2, 2, 2, 3))",4.185,,,4,4
O_tau=0.0,3,3.061332e-01,1.251848e-01,"(0, (2, 2, 2, 2, 3))",4.222,,,4,4
O_tau=0.0,3,3.109387e-01,1.247147e-01,"(0, (2, 2, 2, 2, 3))",4.258,,,4,4
O_tau=0.0,3,3.158196e-01,1.242410e-01,"(0, (2, 2, 2, 2, 3))",4.294,,,4,4
O_tau=0.0,3,3.207772e-01,1.237637e-01,"(0, (2, 2, 2, 2, 3))",4.329,,,4,4
O_tau=0.0,3,3.258126e-01,1.232827e-01,"(0, (2, 2, 2, 2, 3))",4.364,,,4,4
O_tau=0.0,3,3.309270e-01,1.227981e-01,"(0, (2, 2, 2, 2, 3))",4.398,,,4,4
O_tau=0.0,3,3.361217e-01,1.223100e-01,"(0, (2, 2, 2, 2, 3))",4.431,,,4,4
O_tau=0.0,3,3.413979e-01,1.218182e-01,"(0, (2, 2, 2, 2, 3))",4.464,,,4,4
O_tau=0.0,3,3.467569e-01,1.213228e-01,"(0, (2, 2, 2, 2, 3))",4.497,,,4,4
O_tau=0.0,3,3.522001e-01,1.208239e-01,"(0, (2, 2, 2, 2, 3))",4.529,,,4,4
O_tau=0.0,3,3.577287e-01,1.203213e-01,"(0, (2, 2, 2, 2, 3))",4.560,,,4,4
O_tau=0.0,3,3.633441e-01,1.198152e-01,"(0, (2, 2, 2, 2, 3))",4.591,,,4,4
O_tau=0.0,3,3.690477e-01,1.193056e-01,"(0, (2, 2, 2, 2, 3))",4.622,,,4,4
O_tau=0.0,3,3.748408e-01,1.187924e-01,"(0, (2, 2, 2, 2, 3))",4.652,,,4,4
O_tau=0.0,3,3.807248e-01,1.182757e-01,"(0, (2, 2, 2, 2, 3))",4.682,,,4,4
O_tau=0.0,3,3.867012e-01,1.177555e-01,"(0, (2, 2, 2, 2, 3))",4.711,,,4,4
O_tau=0.0,3,3.927714e-01,1.172318e-01,"(0, (2, 2, 2, 2, 3))",4.740,,,4,4
O_tau=0.0,3,3.989369e-01,1.167046e-01,"(0, (2, 2, 2, 2, 3))",4.768,,,3,3
O_tau=0.0,3,4.051991e-01,1.161739e-01,"(0, (2, 2, 2, 2, 3))",4.796,,,3,3
O_tau=0.0,3,4.115597e-01,1.156397e-01,"(0, (2, 2, 2, 2, 3))",4.823,,,3,3
O_tau=0.0,3,4.180201e-01,1.151022e-01,"(0, (2, 2, 2, 2, 3))",4.850,,,3,3
O_tau=0.0,3,4.245820e-01,1.145612e-01,"(0, (2, 2, 2, 2, 3))",4.877,,,3,3
O_tau=0.0,3,4.312468e-01,1.140168e-01,"(0, (2, 2, 2, 2, 3))",4.903,,,3,3
O_tau=0.0,3,4.380162e-01,1.134690e-01,"(0, (2, 2, 2, 2, 3))",4.929,,,3,3
O_tau=0.0,3,4.448919e-01,1.129179e-01,"(0, (2, 2, 2, 2, 3))",4.955,,,3,3
O_tau=0.0,3,4.518756e-01,1.123634e-01,"(0, (2, 2, 2, 2, 3))",4.980,,,3,3
O_tau=0.0,3,4.589688e-01,1.118056e-01,"(0, (2, 2, 2, 2, 3))",5.005,,,3,3
O_tau=0.0,3,4.661735e-01,1.112445e-01,"(0, (2, 2, 2, 2, 3))",5.029,,,3,3
O_tau=0.0,3,4.734912e-01,1.106801e-01,"(0, (2, 2, 2, 2, 3))",5.053,,,3,3
O_tau=0.0,3,4.809237e-01,1.101124e-01,"(0, (2, 2, 2, 2, 3))",5.077,,,3,3
O_tau=0.0,3,4.884730e-01,1.095416e-01,"(0, (2, 2, 2, 2, 3))",5.100,,,3,3
O_tau=0.0,3,4.961407e-01,1.089675e-01,"(0, (2, 2, 2, 2, 3))",5.124,,,3,3
O_tau=0.0,3,5.039289e-01,1.083903e-01,"(0, (2, 2, 2, 2, 3))",5.146,,,3,3
O_tau=0.0,3,5.118392e-01,1.078099e-01,"(0, (2, 2, 2, 2, 3))",5.169,,,3,3
O_tau=0.0,3,5.198738e-01,1.072263e-01,"(0, (2, 2, 2, 2, 3))",5.191,,,,3
O_tau=0.0,3,5.280344e-01,1.066397e-01,"(0, (2, 2, 2, 2, 3))",5.213,,,,3
O_tau=0.0,3,5.363232e-01,1.060500e-01,"(0, (2, 2, 2, 2, 3))",5.234,,,,3
O_tau=0.0,3,5.447421e-01,1.054573e-01,"(0, (2, 2, 2, 2, 3))",5.255,,,,3
O_tau=0.0,3,5.532931e-01,1.048615e-01,"(0, (2, 2, 2, 2, 3))",5.276,,,,3
O_tau=0.0,3,5.619783e-01,1.042628e-01,"(0, (2, 2, 2, 2, 3))",5.297,,,,2
O_tau=0.0,3,5.707999e-01,1.036612e-01,"(0, (2, 2, 2, 2, 3))",5.317,,,,2
O_tau=0.0,3,5.797600e-01,1.030566e-01,"(0, (2, 2, 2, 2, 3))",5.337,,,,2
O_tau=0.0,3,5.888607e-01,1.024491e-01,"(0, (2, 2, 2, 2, 3))",5.357,,,,2
O_tau=0.0,3,5.981043e-01,1.018388e-01,"(0, (2, 2, 2, 2, 3))",5.377,,,,2
O_tau=0.0,3,6.074930e-01,1.012257e-01,"(0, (2, 2, 2, 2, 3))",5.396,,,,2
O_tau=0.0,3,6.170290e-01,1.006099e-01,"(0, (2, 2, 2, 2, 3))",5.415,,,,2
O_tau=0.0,3,6.267148e-01,9.999124e-02,"(0, (2, 2, 2, 2, 3))",5.434,,,,2
O_tau=0.0,3,6.365525e-01,9.936993e-02,"(0, (2, 2, 2, 2, 3))",5.453,,,,2
O_tau=0.0,3,6.465448e-01,9.874594e-02,"(0, (2, 2, 2, 2, 3))",5.471,,,,1
O_tau=0.0,3,6.566938e-01,9.811934e-02,"(0, (2, 2, 2, 2, 3))",5.489,,,,1
O_tau=0.0,3,6.670022e-01,9.749015e-02,"(0, (2, 2, 2, 2, 3))",5.507,,,,1
O_tau=0.0,3,6.774724e-01,9.685841e-02,"(0, (2, 2, 2, 2, 3))",5.525,,,,1
O_tau=0.0,3,6.881069e-01,9.622417e-02,"(0, (2, 2, 2, 2, 3))",5.543,,,,1
O_tau=0.0,3,6.989084e-01,9.558747e-02,"(0, (2, 2, 2, 2, 3))",5.560,,,,1
O_tau=0.0,3,7.098795e-01,9.494835e-02,"(0, (2, 2, 2, 2, 3))",5.577,,,,1
O_tau=0.0,3,7.210227e-01,9.430685e-02,"(0, (2, 2, 2, 2, 3))",5.594,,,,1
O_tau=0.0,3,7.323409e-01,9.366302e-02,"(0, (2, 2, 2, 2, 3))",5.611,,,,1
O_tau=0.0,3,7.438367e-01,9.301690e-02,"(0, (2, 2, 2, 2, 3))",5.628,,,,1
O_tau=0.0,3,7.555130e-01,9.236854e-02,"(0, (2, 2, 2, 2, 3))",5.644,,,,1
O_tau=0.0,3,7.673726e-01,9.171798e-02,"(0, (2, 2, 2, 2, 3))",5.660,,,,1
O_tau=0.0,3,7.794184e-01,9.106527e-02,"(0, (2, 2, 2, 2, 3))",5.677,,,,1
O_tau=0.0,3,7.916532e-01,9.041045e-02,"(0, (2, 2, 2, 2, 3))",5.693,,,,1
O_tau=0.0,3,8.040801e-01,8.975358e-02,"(0, (2, 2, 2, 2, 3))",5.708,,,,1
O_tau=0.0,3,8.167020e-01,8.909471e-02,"(0, (2, 2, 2, 2, 3))",5.724,,,,1
O_tau=0.0,3,8.295221e-01,8.843388e-02,"(0, (2, 2, 2, 2, 3))",5.740,,,,1
O_tau=0.0,3,8.425434e-01,8.777114e-02,"(0, (2, 2, 2, 2, 3))",5.755,,,,1
O_tau=0.0,3,8.557692e-01,8.710654e-02,"(0, (2, 2, 2, 2, 3))",5.770,,,,1
O_tau=0.0,3,8.692025e-01,8.644014e-02,"(0, (2, 2, 2, 2, 3))",5.786,,,,1
O_tau=0.0,3,8.828467e-01,8.577199e-02,"(0, (2, 2, 2, 2, 3))",5.801,,,,1
O_tau=0.0,3,8.967051e-01,8.510214e-02,"(0, (2, 2, 2, 2, 3))",5.816,,,,1
O_tau=0.0,3,9.107810e-01,8.443065e-02,"(0, (2, 2, 2, 2, 3))",5.830,,,,1
O_tau=0.0,3,9.250779e-01,8.375756e-02,"(0, (2, 2, 2, 2, 3))",5.845,,,,1
O_tau=0.0,3,9.395992e-01,8.308294e-02,"(0, (2, 2, 2, 2, 3))",5.860,,,,1
O_tau=0.0,3,9.543485e-01,8.240684e-02,"(0, (2, 2, 2, 2, 3))",5.874,,,,1
O_tau=0.0,3,9.693293e-01,8.172931e-02,"(0, (2, 2, 2, 2, 3))",6.362,,,,1
O_tau=0.0,3,9.845452e-01,8.105042e-02,"(0, (2, 2, 2, 2, 3))",6.390,,,,1
O_tau=0.0,3,1.000000e+00,8.037022e-02,"(0, (2, 2, 2, 2, 3))",6.418,,,,1
O_tau=0.0,12,1.000000e-05,8.333153e-02,"(0, (2, 3, 4, 4))",-75314.215,,,,
O_tau=0.0,12,1.017818e-05,8.333150e-02,"(0, (2, 3, 4, 4))",-73995.612,,,,
O_tau=0.0,12,1.035953e-05,8.333146e-02,"(0, (2, 3, 4, 4))",-72700.093,,,,
O_tau=0.0,12,1.054412e-05,8.333143e-02,"(0, (2, 3, 4, 4))",-71427.254,,,,
O_tau=0.0,12,1.073199e-05,8.333140e-02,"(0, (2, 3, 4, 4))",-70176.697,,,,
O_tau=0.0,12,1.092322e-05,8.333136e-02,"(0, (2, 3, 4, 4))",-68948.032,,,,
O_tau=0.0,12,1.111784e-05,8.333133e-02,"(0, (2, 3, 4, 4))",-67740.876,,,,
O_tau=0.0,12,1.131594e-05,8.333129e-02,"(0, (2, 3, 4, 4))",-66554.853,,,,
O_tau=0.0,12,1.151757e-05,8.333125e-02,"(0, (2, 3, 4, 4))",-65389.593,,,,
O_tau=0.0,12,1.172279e-05,8.333122e-02,"(0, (2, 3, 4, 4))",-64244.732,,,,
O_tau=0.0,12,1.193166e-05,8.333118e-02,"(0, (2, 3, 4, 4))",-63119.912,,,,
O_tau=0.0,12,1.214426e-05,8.333114e-02,"(0, (2, 3, 4, 4))",-62014.784,,,,
O_tau=0.0,12,1.236065e-05,8.333110e-02,"(0, (2, 3, 4, 4))",-60929.002,,,,
O_tau=0.0,12,1.258089e-05,8.333106e-02,"(0, (2, 3, 4, 4))",-59862.229,,,,
O_tau=0.0,12,1.280505e-05,8.333102e-02,"(0, (2, 3, 4, 4))",-58814.130,,,,
O_tau=0.0,12,1.303321e-05,8.333098e-02,"(0, (2, 3, 4, 4))",-57784.379,,,,
O_tau=0.0,12,1.326544e-05,8.333094e-02,"(0, (2, 3, 4, 4))",-56772.655,,,,
O_tau=0.0,12,1.350180e-05,8.333090e-02,"(0, (2, 3, 4, 4))",-55778.643,,,,
O_tau=0.0,12,1.374238e-05,8.333085e-02,"(0, (2, 3, 4, 4))",-54802.031,,,,
O_tau=0.0,12,1.398724e-05,8.333081e-02,"(0, (2, 3, 4, 4))",-53842.517,,,,
O_tau=0.0,12,1.423646e-05,8.333076e-02,"(0, (2, 3, 4, 4))",-52899.799,,,,
O_tau=0.0,12,1.449012e-05,8.333072e-02,"(0, (2, 3, 4, 4))",-51973.585,,,,
O_tau=0.0,12,1.474831e-05,8.333067e-02,"(0, (2, 3, 4, 4))",-51063.586,,,,
O_tau=0.0,12,1.501109e-05,8.333062e-02,"(0, (2, 3, 4, 4))",-50169.517,,,,
O_tau=0.0,12,1.527856e-05,8.333057e-02,"(0, (2, 3, 4, 4))",-49291.099,,,,
O_tau=0.0,12,1.555079e-05,8.333053e-02,"(0, (2, 3, 4, 4))",-48428.059,,,,
O_tau=0.0,12,1.582787e-05,8.333048e-02,"(0, (2, 3, 4, 4))",-47580.128,,,,
O_tau=0.0,12,1.610989e-05,8.333042e-02,"(0, (2, 3, 4, 4))",-46747.041,,,,
O_tau=0.0,12,1.639694e-05,8.333037e-02,"(0, (2, 3, 4, 4))",-45928.538,,,,
O_tau=0.0,12,1.668910e-05,8.333032e-02,"(0, (2, 3, 4, 4))",-45124.363,,,,
O_tau=0.0,12,1.698646e-05,8.333027e-02,"(0, (2, 3, 4, 4))",-44334.267,,,,
O_tau=0.0,12,1.728913e-05,8.333021e-02,"(0, (2, 3, 4, 4))",-43558.002,,,,
O_tau=0.0,12,1.759718e-05,8.333016e-02,"(0, (2, 3, 4, 4))",-42795.326,,,,
O_tau=0.0,12,1.791073e-05,8.333010e-02,"(0, (2, 3, 4, 4))",-42046.002,,,,
O_tau=0.0,12,1.822986e-05,8.333004e-02,"(0, (2, 3, 4, 4))",-41309.796,,,,
O_tau=0.0,12,1.855468e-05,8.332998e-02,"(0, (2, 3, 4, 4))",-40586.477,,,,
O_tau=0.0,12,1.888529e-05,8.332992e-02,"(0, (2, 3, 4, 4))",-39875.821,,,,
O_tau=0.0,12,1.922178e-05,8.332986e-02,"(0, (2, 3, 4, 4))",-39177.606,,,,
O_tau=0.0,12,1.956428e-05,8.332980e-02,"(0, (2, 3, 4, 4))",-38491.615,,,,
O_tau=0.0,12,1.991287e-05,8.332974e-02,"(0, (2, 3, 4, 4))",-37817.632,,,,
O_tau=0.0,12,2.026768e-05,8.332967e-02,"(0, (2, 3, 4, 4))",-37155.448,,,,
O_tau=0.0,12,2.062881e-05,8.332961e-02,"(0, (2, 3, 4, 4))",-36504.856,,,,
O_tau=0.0,12,2.099637e-05,8.332954e-02,"(0, (2, 3, 4, 4))",-35865.653,,,,
O_tau=0.0,12,2.137048e-05,8.332948e-02,"(0, (2, 3, 4, 4))",-35237.641,,,,
O_tau=0.0,12,2.175126e-05,8.332941e-02,"(0, (2, 3, 4, 4))",-34620.622,,,,
O_tau=0.0,12,2.213882e-05,8.332934e-02,"(0, (2, 3, 4, 4))",-34014.406,,,,
O_tau=0.0,12,2.253329e-05,8.332927e-02,"(0, (2, 3, 4, 4))",-33418.801,,,,
O_tau=0.0,12,2.293479e-05,8.332919e-02,"(0, (2, 3, 4, 4))",-32833.624,,,,
O_tau=0.0,12,2.334344e-05,8.332912e-02,"(0, (2, 3, 4, 4))",-32258.690,,,,
O_tau=0.0,12,2.375937e-05,8.332904e-02,"(0, (2, 3, 4, 4))",-31693.822,,,,
O_tau=0.0,12,2.418271e-05,8.332897e-02,"(0, (2, 3, 4, 4))",-31138.842,,,,
O_tau=0.0,12,2.461360e-05,8.332889e-02,"(0, (2, 3, 4, 4))",-30593.578,,,,
O_tau=0.0,12,2.505216e-05,8.332881e-02,"(0, (2, 3, 4, 4))",-30057.859,,,,
O_tau=0.0,12,2.549854e-05,8.332873e-02,"(0, (2, 3, 4, 4))",-29531.518,,,,
O_tau=0.0,12,2.595287e-05,8.332865e-02,"(0, (2, 3, 4, 4))",-29014.392,,,,
O_tau=0.0,12,2.641530e-05,8.332856e-02,"(0, (2, 3, 4, 4))",-28506.318,,,,
O_tau=0.0,12,2.688596e-05,8.332848e-02,"(0, (2, 3, 4, 4))",-28007.139,,,,
O_tau=0.0,12,2.736502e-05,8.332839e-02,"(0, (2, 3, 4, 4))",-27516.699,,,,
O_tau=0.0,12,2.785260e-05,8.332830e-02,"(0, (2, 3, 4, 4))",-27034.845,,,,
O_tau=0.0,12,2.834888e-05,8.332822e-02,"(0, (2, 3, 4, 4))",-26561.425,,,,
O_tau=0.0,12,2.885400e-05,8.332812e-02,"(0, (2, 3, 4, 4))",-26096.294,,,,
O_tau=0.0,12,2.936812e-05,8.332803e-02,"(0, (2, 3, 4, 4))",-25639.305,,,,
O_tau=0.0,12,2.989140e-05,8.332794e-02,"(0, (2, 3, 4, 4))",-25190.317,,,,
O_tau=0.0,12,3.042400e-05,8.332784e-02,"(0, (2, 3, 4, 4))",-24749.188,,,,
O_tau=0.0,12,3.096609e-05,8.332774e-02,"(0, (2, 3, 4, 4))",-24315.782,,,,
O_tau=0.0,12,3.151784e-05,8.332764e-02,"(0, (2, 3, 4, 4))",-23889.963,,,,
O_tau=0.0,12,3.207943e-05,8.332754e-02,"(0, (2, 3, 4, 4))",-23471.599,,,,
O_tau=0.0,12,3.265102e-05,8.332744e-02,"(0, (2, 3, 4, 4))",-23060.559,,,,
O_tau=0.0,12,3.323279e-05,8.332733e-02,"(0, (2, 3, 4, 4))",-22656.714,,,,
O_tau=0.0,12,3.382493e-05,8.332723e-02,"(0, (2, 3, 4, 4))",-22259.939,,,,
O_tau=0.0,12,3.442762e-05,8.332712e-02,"(0, (2, 3, 4, 4))",-21870.110,,,,
O_tau=0.0,12,3.504105e-05,8.332701e-02,"(0, (2, 3, 4, 4))",-21487.106,,,,
O_tau=0.0,12,3.566541e-05,8.332689e-02,"(0, (2, 3, 4, 4))",-21110.806,,,,
O_tau=0.0,12,3.630089e-05,8.332678e-02,"(0, (2, 3, 4, 4))",-20741.094,,,,
O_tau=0.0,12,3.694770e-05,8.332666e-02,"(0, (2, 3, 4, 4))",-20377.855,,,,
O_tau=0.0,12,3.760603e-05,8.332654e-02,"(0, (2, 3, 4, 4))",-20020.974,,,,
O_tau=0.0,12,3.827609e-05,8.332642e-02,"(0, (2, 3, 4, 4))",-19670.341,,,,
O_tau=0.0,12,3.895809e-05,8.332630e-02,"(0, (2, 3, 4, 4))",-19325.846,,,,
O_tau=0.0,12,3.965225e-05,8.332617e-02,"(0, (2, 3, 4, 4))",-18987.382,,,,
O_tau=0.0,12,4.035877e-05,8.332605e-02,"(0, (2, 3, 4, 4))",-18654.843,,,,
O_tau=0.0,12,4.107788e-05,8.332592e-02,"(0, (2, 3, 4, 4))",-18328.126,,,,
O_tau=0.0,12,4.180980e-05,8.332579e-02,"(0, (2, 3, 4, 4))",-18007.128,,,,
O_tau=0.0,12,4.255477e-05,8.332565e-02,"(0, (2, 3, 4, 4))",-17691.750,,,,
O_tau=0.0,12,4.331300e-05,8.332551e-02,"(0, (2, 3, 4, 4))",-17381.893,,,,
O_tau=0.0,12,4.408475e-05,8.332537e-02,"(0, (2, 3, 4, 4))",-17077.460,,,,
O_tau=0.0,12,4.487025e-05,8.332523e-02,"(0, (2, 3, 4, 4))",-16778.357,,,,
O_tau=0.0,12,4.566975e-05,8.332509e-02,"(0, (2, 3, 4, 4))",-16484.490,,,,
O_tau=0.0,12,4.648349e-05,8.332494e-02,"(0, (2, 3, 4, 4))",-16195.767,,,,
O_tau=0.0,12,4.731173e-05,8.332479e-02,"(0, (2, 3, 4, 4))",-15912.099,,,,
O_tau=0.0,12,4.815472e-05,8.332464e-02,"(0, (2, 3, 4, 4))",-15633.397,,,,
O_tau=0.0,12,4.901274e-05,8.332449e-02,"(0, (2, 3, 4, 4))",-15359.574,,,,
O_tau=0.0,12,4.988605e-05,8.332433e-02,"(0, (2, 3, 4, 4))",-15090.544,,,,
O_tau=0.0,12,5.077491e-05,8.332417e-02,"(0, (2, 3, 4, 4))",-14826.224,,,,
O_tau=0.0,12,5.167962e-05,8.332400e-02,"(0, (2, 3, 4, 4))",-14566.532,,,,
O_tau=0.0,12,5.260044e-05,8.332384e-02,"(0, (2, 3, 4, 4))",-14311.385,,,,
O_tau=0.0,12,5.353767e-05,8.332367e-02,"(0, (2, 3, 4, 4))",-14060.706,,,,
O_tau=0.0,12,5.449160e-05,8.332350e-02,"(0, (2, 3, 4, 4))",-13814.415,,,,
O_tau=0.0,12,5.546253e-05,8.332332e-02,"(0, (2, 3, 4, 4))",-13572.435,,,,
O_tau=0.0,12,5.645076e-05,8.332314e-02,"(0, (2, 3, 4, 4))",-13334.692,,,,
O_tau=0.0,12,5.745660e-05,8.332296e-02,"(0, (2, 3, 4, 4))",-13101.110,,,,
O_tau=0.0,12,5.848035e-05,8.332278e-02,"(0, (2, 3, 4, 4))",-12871.618,,,,
O_tau=0.0,12,5.952235e-05,8.332259e-02,"(0, (2, 3, 4, 4))",-12646.143,,,,
O_tau=0.0,12,6.058292e-05,8.332240e-02,"(0, (2, 3, 4, 4))",-12424.616,,,,
O_tau=0.0,12,6.166238e-05,8.332220e-02,"(0, (2, 3, 4, 4))",-12206.967,,,,
O_tau=0.0,12,6.276108e-05,8.332200e-02,"(0, (2, 3, 4, 4))",-11993.128,,,,
O_tau=0.0,12,6.387935e-05,8.332180e-02,"(0, (2, 3, 4, 4))",-11783.032,,,,
O_tau=0.0,12,6.501755e-05,8.332160e-02,"(0, (2, 3, 4, 4))",-11576.614,,,,
O_tau=0.0,12,6.617603e-05,8.332139e-02,"(0, (2, 3, 4, 4))",-11373.811,,,,
O_tau=0.0,12,6.735515e-05,8.332117e-02,"(0, (2, 3, 4, 4))",-11174.557,,,,
O_tau=0.0,12,6.855528e-05,8.332096e-02,"(0, (2, 3, 4, 4))",-10978.792,,,,
O_tau=0.0,12,6.977679e-05,8.332074e-02,"(0, (2, 3, 4, 4))",-10786.453,,,,
O_tau=0.0,12,7.102007e-05,8.332051e-02,"(0, (2, 3, 4, 4))",-10597.482,,,,
O_tau=0.0,12,7.228550e-05,8.332029e-02,"(0, (2, 3, 4, 4))",-10411.819,,,,
O_tau=0.0,12,7.357348e-05,8.332005e-02,"(0, (2, 3, 4, 4))",-10229.407,,,,
O_tau=0.0,12,7.488441e-05,8.331982e-02,"(0, (2, 3, 4, 4))",-10050.188,,,,
O_tau=0.0,12,7.621869e-05,8.331958e-02,"(0, (2, 3, 4, 4))",-9874.106,,,,
O_tau=0.0,12,7.757675e-05,8.331933e-02,"(0, (2, 3, 4, 4))",-9701.107,,,,
O_tau=0.0,12,7.895901e-05,8.331908e-02,"(0, (2, 3, 4, 4))",-9531.136,,,,
O_tau=0.0,12,8.036590e-05,8.331883e-02,"(0, (2, 3, 4, 4))",-9364.141,,,,
O_tau=0.0,12,8.179785e-05,8.331857e-02,"(0, (2, 3, 4, 4))",-9200.070,,,,
O_tau=0.0,12,8.325532e-05,8.331831e-02,"(0, (2, 3, 4, 4))",-9038.870,,,,
O_tau=0.0,12,8.473876e-05,8.331804e-02,"(0, (2, 3, 4, 4))",-8880.493,,,,
O_tau=0.0,12,8.624863e-05,8.331777e-02,"(0, (2, 3, 4, 4))",-8724.889,,,,
O_tau=0.0,12,8.778540e-05,8.331749e-02,"(0, (2, 3, 4, 4))",-8572.008,,,,
O_tau=0.0,12,8.934956e-05,8.331721e-02,"(0, (2, 3, 4, 4))",-8421.804,,,,
O_tau=0.0,12,9.094158e-05,8.331692e-02,"(0, (2, 3, 4, 4))",-8274.230,,,,
O_tau=0.0,12,9.256197e-05,8.331663e-02,"(0, (2, 3, 4, 4))",-8129.239,,,,
O_tau=0.0,12,9.421124e-05,8.331633e-02,"(0, (2, 3, 4, 4))",-7986.786,,,,
O_tau=0.0,12,9.588989e-05,8.331603e-02,"(0, (2, 3, 4, 4))",-7846.827,,,,
O_tau=0.0,12,9.759844e-05,8.331572e-02,"(0, (2, 3, 4, 4))",-7709.318,,,,
O_tau=0.0,12,9.933745e-05,8.331540e-02,"(0, (2, 3, 4, 4))",-7574.217,,,,
O_tau=0.0,12,1.011074e-04,8.331508e-02,"(0, (2, 3, 4, 4))",-7441.481,,,,
O_tau=0.0,12,1.029090e-04,8.331476e-02,"(0, (2, 3, 4, 4))",-7311.068,,,,
O_tau=0.0,12,1.047426e-04,8.331443e-02,"(0, (2, 3, 4, 4))",-7182.939,,,,
O_tau=0.0,12,1.066089e-04,8.331409e-02,"(0, (2, 3, 4, 4))",-7057.052,,,,
O_tau=0.0,12,1.085084e-04,8.331375e-02,"(0, (2, 3, 4, 4))",-6933.370,,,,
O_tau=0.0,12,1.104418e-04,8.331340e-02,"(0, (2, 3, 4, 4))",-6811.852,,,,
O_tau=0.0,12,1.124097e-04,8.331304e-02,"(0, (2, 3, 4, 4))",-6692.463,,,,
O_tau=0.0,12,1.144126e-04,8.331268e-02,"(0, (2, 3, 4, 4))",-6575.163,,,,
O_tau=0.0,12,1.164512e-04,8.331232e-02,"(0, (2, 3, 4, 4))",-6459.916,,,,
O_tau=0.0,12,1.185261e-04,8.331194e-02,"(0, (2, 3, 4, 4))",-6346.688,,,,
O_tau=0.0,12,1.206380e-04,8.331156e-02,"(0, (2, 3, 4, 4))",-6235.441,,,,
O_tau=0.0,12,1.227875e-04,8.331117e-02,"(0, (2, 3, 4, 4))",-6126.142,,,,
O_tau=0.0,12,1.249753e-04,8.331078e-02,"(0, (2, 3, 4, 4))",-6018.757,,,,
O_tau=0.0,12,1.272021e-04,8.331038e-02,"(0, (2, 3, 4, 4))",-5913.251,,,,
O_tau=0.0,12,1.294686e-04,8.330997e-02,"(0, (2, 3, 4, 4))",-5809.593,,,,
O_tau=0.0,12,1.317755e-04,8.330955e-02,"(0, (2, 3, 4, 4))",-5707.749,,,,
O_tau=0.0,12,1.341234e-04,8.330913e-02,"(0, (2, 3, 4, 4))",-5607.689,,,,
O_tau=0.0,12,1.365132e-04,8.330870e-02,"(0, (2, 3, 4, 4))",-5509.379,,,,
O_tau=0.0,12,1.389456e-04,8.330826e-02,"(0, (2, 3, 4, 4))",-5412.791,,,,
O_tau=0.0,12,1.414214e-04,8.330781e-02,"(0, (2, 3, 4, 4))",-5317.894,,,,
O_tau=0.0,12,1.439412e-04,8.330736e-02,"(0, (2, 3, 4, 4))",-5224.659,,,,
O_tau=0.0,12,1.465059e-04,8.330689e-02,"(0, (2, 3, 4, 4))",-5133.055,,,,
O_tau=0.0,12,1.491164e-04,8.330642e-02,"(0, (2, 3, 4, 4))",-5043.055,,,,
O_tau=0.0,12,1.517733e-04,8.330594e-02,"(0, (2, 3, 4, 4))",-4954.631,,,,
O_tau=0.0,12,1.544776e-04,8.330546e-02,"(0, (2, 3, 4, 4))",-4867.755,,,,
O_tau=0.0,12,1.572301e-04,8.330496e-02,"(0, (2, 3, 4, 4))",-4782.400,,,,
O_tau=0.0,12,1.600316e-04,8.330445e-02,"(0, (2, 3, 4, 4))",-4698.539,,,,
O_tau=0.0,12,1.628830e-04,8.330394e-02,"(0, (2, 3, 4, 4))",-4616.146,,,,
O_tau=0.0,12,1.657853e-04,8.330342e-02,"(0, (2, 3, 4, 4))",-4535.196,,,,
O_tau=0.0,12,1.687392e-04,8.330288e-02,"(0, (2, 3, 4, 4))",-4455.663,,,,
O_tau=0.0,12,1.717458e-04,8.330234e-02,"(0, (2, 3, 4, 4))",-4377.522,,,,
O_tau=0.0,12,1.748059e-04,8.330179e-02,"(0, (2, 3, 4, 4))",-4300.749,,,,
O_tau=0.0,12,1.779206e-04,8.330123e-02,"(0, (2, 3, 4, 4))",-4225.320,,,,
O_tau=0.0,12,1.810908e-04,8.330066e-02,"(0, (2, 3, 4, 4))",-4151.212,,,,
O_tau=0.0,12,1.843175e-04,8.330007e-02,"(0, (2, 3, 4, 4))",-4078.401,,,,
O_tau=0.0,12,1.876016e-04,8.329948e-02,"(0, (2, 3, 4, 4))",-4006.865,,,,
O_tau=0.0,12,1.909443e-04,8.329888e-02,"(0, (2, 3, 4, 4))",-3936.581,,,,
O_tau=0.0,12,1.943465e-04,8.329827e-02,"(0, (2, 3, 4, 4))",-3867.528,,,,
O_tau=0.0,12,1.978094e-04,8.329764e-02,"(0, (2, 3, 4, 4))",-3799.684,,,,
O_tau=0.0,12,2.013339e-04,8.329701e-02,"(0, (2, 3, 4, 4))",-3733.027,,,,
O_tau=0.0,12,2.049213e-04,8.329636e-02,"(0, (2, 3, 4, 4))",-3667.538,,,,
O_tau=0.0,12,2.085726e-04,8.329570e-02,"(0, (2, 3, 4, 4))",-3603.194,,,,
O_tau=0.0,12,2.122889e-04,8.329503e-02,"(0, (2, 3, 4, 4))",-3539.978,,,,
O_tau=0.0,12,2.160715e-04,8.329435e-02,"(0, (2, 3, 4, 4))",-3477.868,,,,
O_tau=0.0,12,2.199214e-04,8.329366e-02,"(0, (2, 3, 4, 4))",-3416.845,,,,
O_tau=0.0,12,2.238399e-04,8.329295e-02,"(0, (2, 3, 4, 4))",-3356.891,,,,
O_tau=0.0,12,2.278283e-04,8.329223e-02,"(0, (2, 3, 4, 4))",-3297.986,,,,
O_tau=0.0,12,2.318877e-04,8.329150e-02,"(0, (2, 3, 4, 4))",-3240.113,,,,
O_tau=0.0,12,2.360195e-04,8.329075e-02,"(0, (2, 3, 4, 4))",-3183.253,,,,
O_tau=0.0,12,2.402249e-04,8.329000e-02,"(0, (2, 3, 4, 4))",-3127.388,,,,
O_tau=0.0,12,2.445052e-04,8.328922e-02,"(0, (2, 3, 4, 4))",-3072.502,,,,
O_tau=0.0,12,2.488618e-04,8.328844e-02,"(0, (2, 3, 4, 4))",-3018.576,,,,
O_tau=0.0,12,2.532960e-04,8.328764e-02,"(0, (2, 3, 4, 4))",-2965.594,,,,
O_tau=0.0,12,2.578092e-04,8.328683e-02,"(0, (2, 3, 4, 4))",-2913.540,,,,
O_tau=0.0,12,2.624028e-04,8.328600e-02,"(0, (2, 3, 4, 4))",-2862.397,,,,
O_tau=0.0,12,2.670783e-04,8.328515e-02,"(0, (2, 3, 4, 4))",-2812.150,,,,
O_tau=0.0,12,2.718371e-04,8.328430e-02,"(0, (2, 3, 4, 4))",-2762.782,,,,
O_tau=0.0,12,2.766807e-04,8.328342e-02,"(0, (2, 3, 4, 4))",-2714.279,,,,
O_tau=0.0,12,2.816105e-04,8.328254e-02,"(0, (2, 3, 4, 4))",-2666.625,,,,
O_tau=0.0,12,2.866283e-04,8.328163e-02,"(0, (2, 3, 4, 4))",-2619.805,,,,
O_tau=0.0,12,2.917354e-04,8.328071e-02,"(0, (2, 3, 4, 4))",-2573.804,,,,
O_tau=0.0,12,2.969335e-04,8.327977e-02,"(0, (2, 3, 4, 4))",-2528.610,,,,
O_tau=0.0,12,3.022242e-04,8.327882e-02,"(0, (2, 3, 4, 4))",-2484.206,,,,
O_tau=0.0,12,3.076093e-04,8.327785e-02,"(0, (2, 3, 4, 4))",-2440.580,,,,
O_tau=0.0,12,3.130902e-04,8.327686e-02,"(0, (2, 3, 4, 4))",-2397.717,,,,
O_tau=0.0,12,3.186688e-04,8.327586e-02,"(0, (2, 3, 4, 4))",-2355.605,,,,
O_tau=0.0,12,3.243469e-04,8.327484e-02,"(0, (2, 3, 4, 4))",-2314.230,,,,
O_tau=0.0,12,3.301261e-04,8.327379e-02,"(0, (2, 3, 4, 4))",-2273.580,,,,
O_tau=0.0,12,3.360082e-04,8.327273e-02,"(0, (2, 3, 4, 4))",-2233.641,,,,
O_tau=0.0,12,3.419952e-04,8.327166e-02,"(0, (2, 3, 4, 4))",-2194.402,,,,
O_tau=0.0,12,3.480888e-04,8.327056e-02,"(0, (2, 3, 4, 4))",-2155.850,,,,
O_tau=0.0,12,3.542911e-04,8.326944e-02,"(0, (2, 3, 4, 4))",-2117.972,,,,
O_tau=0.0,12,3.606038e-04,8.326830e-02,"(0, (2, 3, 4, 4))",-2080.758,,,,
O_tau=0.0,12,3.670290e-04,8.326715e-02,"(0, (2, 3, 4, 4))",-2044.195,,,,
O_tau=0.0,12,3.735687e-04,8.326597e-02,"(0, (2, 3, 4, 4))",-2008.272,,,,
O_tau=0.0,12,3.802249e-04,8.326477e-02,"(0, (2, 3, 4, 4))",-1972.979,,,,
O_tau=0.0,12,3.869998e-04,8.326355e-02,"(0, (2, 3, 4, 4))",-1938.303,,,,
O_tau=0.0,12,3.938953e-04,8.326231e-02,"(0, (2, 3, 4, 4))",-1904.234,,,,
O_tau=0.0,12,4.009137e-04,8.326105e-02,"(0, (2, 3, 4, 4))",-1870.762,,,,
O_tau=0.0,12,4.080572e-04,8.325976e-02,"(0, (2, 3, 4, 4))",-1837.876,,,,
O_tau=0.0,12,4.153279e-04,8.325845e-02,"(0, (2, 3, 4, 4))",-1805.565,,,,
O_tau=0.0,12,4.227282e-04,8.325712e-02,"(0, (2, 3, 4, 4))",-1773.820,,,,
O_tau=0.0,12,4.302603e-04,8.325576e-02,"(0, (2, 3, 4, 4))",-1742.632,,,,
O_tau=0.0,12,4.379267e-04,8.325438e-02,"(0, (2, 3, 4, 4))",-1711.989,,,,
O_tau=0.0,12,4.457296e-04,8.325298e-02,"(0, (2, 3, 4, 4))",-1681.882,,,,
O_tau=0.0,12,4.536716e-04,8.325155e-02,"(0, (2, 3, 4, 4))",-1652.303,,,,
O_tau=0.0,12,4.617551e-04,8.325009e-02,"(0, (2, 3, 4, 4))",-1623.242,,,,
O_tau=0.0,12,4.699826e-04,8.324861e-02,"(0, (2, 3, 4, 4))",-1594.689,,,,
O_tau=0.0,12,4.783567e-04,8.324710e-02,"(0, (2, 3, 4, 4))",-1566.636,,,,
O_tau=0.0,12,4.868801e-04,8.324557e-02,"(0, (2, 3, 4, 4))",-1539.075,,,,
O_tau=0.0,12,4.955553e-04,8.324401e-02,"(0, (2, 3, 4, 4))",-1511.996,,,,
O_tau=0.0,12,5.043850e-04,8.324242e-02,"(0, (2, 3, 4, 4))",-1485.391,,,,
O_tau=0.0,12,5.133721e-04,8.324080e-02,"(0, (2, 3, 4, 4))",-1459.252,,,,
O_tau=0.0,12,5.225194e-04,8.323916e-02,"(0, (2, 3, 4, 4))",-1433.571,,,,
O_tau=0.0,12,5.318296e-04,8.323748e-02,"(0, (2, 3, 4, 4))",-1408.339,,,,
O_tau=0.0,12,5.413057e-04,8.323578e-02,"(0, (2, 3, 4, 4))",-1383.549,,,,
O_tau=0.0,12,5.509506e-04,8.323404e-02,"(0, (2, 3, 4, 4))",-1359.193,,,,
O_tau=0.0,12,5.607674e-04,8.323228e-02,"(0, (2, 3, 4, 4))",-1335.264,,,,
O_tau=0.0,12,5.707592e-04,8.323048e-02,"(0, (2, 3, 4, 4))",-1311.753,,,,
O_tau=0.0,12,5.809289e-04,8.322865e-02,"(0, (2, 3, 4, 4))",-1288.654,,,,
O_tau=0.0,12,5.912799e-04,8.322679e-02,"(0, (2, 3, 4, 4))",-1265.960,,,,
O_tau=0.0,12,6.018153e-04,8.322490e-02,"(0, (2, 3, 4, 4))",-1243.663,,,,
O_tau=0.0,12,6.125384e-04,8.322297e-02,"(0, (2, 3, 4, 4))",-1221.756,,,,
O_tau=0.0,12,6.234525e-04,8.322101e-02,"(0, (2, 3, 4, 4))",-1200.233,,,,
O_tau=0.0,12,6.345612e-04,8.321901e-02,"(0, (2, 3, 4, 4))",-1179.087,,,,
O_tau=0.0,12,6.458677e-04,8.321698e-02,"(0, (2, 3, 4, 4))",-1158.311,,,,
O_tau=0.0,12,6.573758e-04,8.321491e-02,"(0, (2, 3, 4, 4))",-1137.899,,,,4420
O_tau=0.0,12,6.690889e-04,8.321280e-02,"(0, (2, 3, 4, 4))",-1117.844,,,,4334
O_tau=0.0,12,6.810106e-04,8.321066e-02,"(0, (2, 3, 4, 4))",-1098.140,,,,4249
O_tau=0.0,12,6.931448e-04,8.320848e-02,"(0, (2, 3, 4, 4))",-1078.782,,,,4167
O_tau=0.0,12,7.054953e-04,8.320626e-02,"(0, (2, 3, 4, 4))",-1059.762,,,4413,4085
O_tau=0.0,12,7.180657e-04,8.320400e-02,"(0, (2, 3, 4, 4))",-1041.075,,,4328,4006
O_tau=0.0,12,7.308602e-04,8.320170e-02,"(0, (2, 3, 4, 4))",-1022.716,,,4244,3927
O_tau=0.0,12,7.438826e-04,8.319936e-02,"(0, (2, 3, 4, 4))",-1004.678,,,4162,3851
O_tau=0.0,12,7.571370e-04,8.319698e-02,"(0, (2, 3, 4, 4))",-986.956,,,4081,3776
O_tau=0.0,12,7.706277e-04,8.319456e-02,"(0, (2, 3, 4, 4))",-969.544,,,4002,3702
O_tau=0.0,12,7.843587e-04,8.319209e-02,"(0, (2, 3, 4, 4))",-952.437,,,3925,3630
O_tau=0.0,12,7.983343e-04,8.318958e-02,"(0, (2, 3, 4, 4))",-935.629,,,3848,3559
O_tau=0.0,12,8.125590e-04,8.318703e-02,"(0, (2, 3, 4, 4))",-919.116,,,3774,3489
O_tau=0.0,12,8.270371e-04,8.318443e-02,"(0, (2, 3, 4, 4))",-902.892,,,3701,3421
O_tau=0.0,12,8.417732e-04,8.318178e-02,"(0, (2, 3, 4, 4))",-886.952,,,3629,3354
O_tau=0.0,12,8.567719e-04,8.317909e-02,"(0, (2, 3, 4, 4))",-871.292,,,3559,3289
O_tau=0.0,12,8.720378e-04,8.317635e-02,"(0, (2, 3, 4, 4))",-855.905,,,3490,3224
O_tau=0.0,12,8.875757e-04,8.317356e-02,"(0, (2, 3, 4, 4))",-840.788,,,3422,3161
O_tau=0.0,12,9.033905e-04,8.317072e-02,"(0, (2, 3, 4, 4))",-825.935,4367,,3356,3100
O_tau=0.0,12,9.194870e-04,8.316784e-02,"(0, (2, 3, 4, 4))",-811.343,4289,,3290,3039
O_tau=0.0,12,9.358704e-04,8.316490e-02,"(0, (2, 3, 4, 4))",-797.006,4205,,3227,2979
O_tau=0.0,12,9.525456e-04,8.316190e-02,"(0, (2, 3, 4, 4))",-782.920,4121,4401,3164,2921
O_tau=0.0,12,9.695180e-04,8.315886e-02,"(0, (2, 3, 4, 4))",-769.081,4046,4314,3103,2864
O_tau=0.0,12,9.867929e-04,8.315576e-02,"(0, (2, 3, 4, 4))",-755.484,3969,4236,3042,2808
O_tau=0.0,12,1.004375e-03,8.315261e-02,"(0, (2, 3, 4, 4))",-742.126,3888,4152,2983,2753
O_tau=0.0,12,1.022271e-03,8.314940e-02,"(0, (2, 3, 4, 4))",-729.001,3818,4072,2925,2699
O_tau=0.0,12,1.040486e-03,8.314613e-02,"(0, (2, 3, 4, 4))",-716.106,3743,3993,2868,2646
O_tau=0.0,12,1.059025e-03,8.314281e-02,"(0, (2, 3, 4, 4))",-703.437,3671,3925,2813,2594
O_tau=0.0,12,1.077895e-03,8.313943e-02,"(0, (2, 3, 4, 4))",-690.990,3603,3847,2758,2543
O_tau=0.0,12,1.097101e-03,8.313599e-02,"(0, (2, 3, 4, 4))",-678.760,3535,3774,2704,2494
O_tau=0.0,12,1.116649e-03,8.313248e-02,"(0, (2, 3, 4, 4))",-666.745,3467,3703,2652,2445
O_tau=0.0,12,1.136545e-03,8.312892e-02,"(0, (2, 3, 4, 4))",-654.940,3399,3634,2600,2397
O_tau=0.0,12,1.156796e-03,8.312529e-02,"(0, (2, 3, 4, 4))",-643.342,3335,3563,2550,2350
O_tau=0.0,12,1.177408e-03,8.312160e-02,"(0, (2, 3, 4, 4))",-631.947,3272,3495,2500,2304
O_tau=0.0,12,1.198387e-03,8.311784e-02,"(0, (2, 3, 4, 4))",-620.752,3210,3429,2451,2258
O_tau=0.0,12,1.219740e-03,8.311402e-02,"(0, (2, 3, 4, 4))",-609.752,3144,3362,2404,2214
O_tau=0.0,12,1.241473e-03,8.311013e-02,"(0, (2, 3, 4, 4))",-598.946,3083,3298,2357,2171
O_tau=0.0,12,1.263594e-03,8.310617e-02,"(0, (2, 3, 4, 4))",-588.328,3022,3237,2311,2128
O_tau=0.0,12,1.286108e-03,8.310214e-02,"(0, (2, 3, 4, 4))",-577.897,2968,3177,2266,2086
O_tau=0.0,12,1.309024e-03,8.309803e-02,"(0, (2, 3, 4, 4))",-567.648,2912,3115,2222,2045
O_tau=0.0,12,1.332348e-03,8.309386e-02,"(0, (2, 3, 4, 4))",-557.579,2860,3052,2179,2005
O_tau=0.0,12,1.356088e-03,8.308961e-02,"(0, (2, 3, 4, 4))",-547.685,2800,2998,2136,1966
O_tau=0.0,12,1.380250e-03,8.308529e-02,"(0, (2, 3, 4, 4))",-537.966,2747,2939,2095,1927
O_tau=0.0,12,1.404844e-03,8.308089e-02,"(0, (2, 3, 4, 4))",-528.416,2695,2881,2054,1889
O_tau=0.0,12,1.429875e-03,8.307642e-02,"(0, (2, 3, 4, 4))",-519.034,2645,2827,2014,1852
O_tau=0.0,12,1.455352e-03,8.307186e-02,"(0, (2, 3, 4, 4))",-509.816,2590,2775,1974,1815
O_tau=0.0,12,1.481284e-03,8.306723e-02,"(0, (2, 3, 4, 4))",-500.759,2543,2719,1936,1780
O_tau=0.0,12,1.507677e-03,8.306251e-02,"(0, (2, 3, 4, 4))",-491.861,2495,2668,1898,1745
O_tau=0.0,12,1.534541e-03,8.305771e-02,"(0, (2, 3, 4, 4))",-483.119,2444,2622,1861,1710
O_tau=0.0,12,1.561883e-03,8.305282e-02,"(0, (2, 3, 4, 4))",-474.530,2400,2567,1825,1677
O_tau=0.0,12,1.589713e-03,8.304785e-02,"(0, (2, 3, 4, 4))",-466.092,2351,2521,1789,1644
O_tau=0.0,12,1.618038e-03,8.304279e-02,"(0, (2, 3, 4, 4))",-457.801,2307,2471,1754,1611
O_tau=0.0,12,1.646868e-03,8.303765e-02,"(0, (2, 3, 4, 4))",-449.655,2265,2425,1720,1580
O_tau=0.0,12,1.676212e-03,8.303241e-02,"(0, (2, 3, 4, 4))",-441.652,2222,2378,1686,1548
O_tau=0.0,12,1.706079e-03,8.302708e-02,"(0, (2, 3, 4, 4))",-433.790,2176,2334,1654,1518
O_tau=0.0,12,1.736478e-03,8.302165e-02,"(0, (2, 3, 4, 4))",-426.064,2137,2289,1621,1488
O_tau=0.0,12,1.767418e-03,8.301613e-02,"(0, (2, 3, 4, 4))",-418.475,2096,2244,1590,1459
O_tau=0.0,12,1.798910e-03,8.301051e-02,"(0, (2, 3, 4, 4))",-411.018,2055,2202,1559,1430
O_tau=0.0,12,1.830963e-03,8.300480e-02,"(0, (2, 3, 4, 4))",-403.692,2014,2161,1528,1401
O_tau=0.0,12,1.863587e-03,8.299898e-02,"(0, (2, 3, 4, 4))",-396.494,1975,2116,1498,1374
O_tau=0.0,12,1.896792e-03,8.299306e-02,"(0, (2, 3, 4, 4))",-389.422,1939,2077,1469,1347
O_tau=0.0,12,1.930589e-03,8.298704e-02,"(0, (2, 3, 4, 4))",-382.474,1901,2040,1440,1320
O_tau=0.0,12,1.964988e-03,8.298091e-02,"(0, (2, 3, 4, 4))",-375.648,1867,2001,1412,1294
O_tau=0.0,12,2.000000e-03,8.297467e-02,"(0, (2, 3, 4, 4))",-368.941,1827,1963,1384,1268
O_tau=0.0,12,2.031395e-03,8.296908e-02,"(0, (2, 3, 4, 4))",-363.124,1799,1927,1360,1246
O_tau=0.0,12,2.063282e-03,8.296340e-02,"(0, (2, 3, 4, 4))",-357.397,1768,1899,1337,1225
O_tau=0.0,12,2.095671e-03,8.295764e-02,"(0, (2, 3, 4, 4))",-351.758,1735,1867,1314,1203
O_tau=0.0,12,2.128567e-03,8.295178e-02,"(0, (2, 3, 4, 4))",-346.207,1708,1834,1291,1182
O_tau=0.0,12,2.161980e-03,8.294583e-02,"(0, (2, 3, 4, 4))",-340.741,1678,1802,1269,1162
O_tau=0.0,12,2.195917e-03,8.293980e-02,"(0, (2, 3, 4, 4))",-335.360,1651,1771,1247,1141
O_tau=0.0,12,2.230388e-03,8.293367e-02,"(0, (2, 3, 4, 4))",-330.062,1621,1741,1225,1121
O_tau=0.0,12,2.265399e-03,8.292744e-02,"(0, (2, 3, 4, 4))",-324.846,1597,1715,1204,1102
O_tau=0.0,12,2.300960e-03,8.292112e-02,"(0, (2, 3, 4, 4))",-319.711,1566,1680,1183,1082
O_tau=0.0,12,2.337079e-03,8.291470e-02,"(0, (2, 3, 4, 4))",-314.655,1541,1653,1163,1064
O_tau=0.0,12,2.373765e-03,8.290818e-02,"(0, (2, 3, 4, 4))",-309.678,1517,1628,1143,1045
O_tau=0.0,12,2.411027e-03,8.290156e-02,"(0, (2, 3, 4, 4))",-304.777,1487,1598,1123,1027
O_tau=0.0,12,2.448874e-03,8.289484e-02,"(0, (2, 3, 4, 4))",-299.952,1465,1571,1103,1009
O_tau=0.0,12,2.487314e-03,8.288801e-02,"(0, (2, 3, 4, 4))",-295.202,1438,1544,1084,991
O_tau=0.0,12,2.526359e-03,8.288108e-02,"(0, (2, 3, 4, 4))",-290.525,1415,1524,1066,974
O_tau=0.0,12,2.566016e-03,8.287404e-02,"(0, (2, 3, 4, 4))",-285.921,1394,1496,1047,957
O_tau=0.0,12,2.606296e-03,8.286690e-02,"(0, (2, 3, 4, 4))",-281.387,1365,1469,1029,940
O_tau=0.0,12,2.647208e-03,8.285964e-02,"(0, (2, 3, 4, 4))",-276.924,1338,1444,1011,923
O_tau=0.0,12,2.688762e-03,8.285227e-02,"(0, (2, 3, 4, 4))",-272.530,1318,1420,994,907
O_tau=0.0,12,2.730969e-03,8.284479e-02,"(0, (2, 3, 4, 4))",-268.204,1296,1396,976,891
O_tau=0.0,12,2.773838e-03,8.283719e-02,"(0, (2, 3, 4, 4))",-263.945,1273,1370,959,876
O_tau=0.0,12,2.817380e-03,8.282948e-02,"(0, (2, 3, 4, 4))",-259.751,1255,1351,943,860
O_tau=0.0,12,2.861605e-03,8.282165e-02,"(0, (2, 3, 4, 4))",-255.623,1231,1327,926,845
O_tau=0.0,12,2.906525e-03,8.281369e-02,"(0, (2, 3, 4, 4))",-251.558,1213,1304,910,831
O_tau=0.0,12,2.952150e-03,8.280562e-02,"(0, (2, 3, 4, 4))",-247.557,1188,1279,895,816
O_tau=0.0,12,2.998491e-03,8.279742e-02,"(0, (2, 3, 4, 4))",-243.617,1168,1257,879,802
O_tau=0.0,12,3.045559e-03,8.278909e-02,"(0, (2, 3, 4, 4))",-239.738,1151,1236,864,788
O_tau=0.0,12,3.093367e-03,8.278064e-02,"(0, (2, 3, 4, 4))",-235.919,1131,1220,849,774
O_tau=0.0,12,3.141924e-03,8.277205e-02,"(0, (2, 3, 4, 4))",-232.159,1112,1197,834,760
O_tau=0.0,12,3.191244e-03,8.276334e-02,"(0, (2, 3, 4, 4))",-228.457,1092,1180,819,747
O_tau=0.0,12,3.241339e-03,8.275449e-02,"(0, (2, 3, 4, 4))",-224.813,1076,1158,805,734
O_tau=0.0,12,3.292219e-03,8.274550e-02,"(0, (2, 3, 4, 4))",-221.225,1053,1139,791,721
O_tau=0.0,12,3.343898e-03,8.273638e-02,"(0, (2, 3, 4, 4))",-217.692,1036,1118,778,708
O_tau=0.0,12,3.396389e-03,8.272711e-02,"(0, (2, 3, 4, 4))",-214.214,1022,1097,764,696
O_tau=0.0,12,3.449703e-03,8.271770e-02,"(0, (2, 3, 4, 4))",-210.790,1001,1080,751,683
O_tau=0.0,12,3.503855e-03,8.270815e-02,"(0, (2, 3, 4, 4))",-207.419,985,1057,738,671
O_tau=0.0,12,3.558856e-03,8.269846e-02,"(0, (2, 3, 4, 4))",-204.100,967,1048,725,660
O_tau=0.0,12,3.614721e-03,8.268861e-02,"(0, (2, 3, 4, 4))",-200.833,953,1026,712,648
O_tau=0.0,12,3.671462e-03,8.267862e-02,"(0, (2, 3, 4, 4))",-197.615,935,1009,700,637
O_tau=0.0,12,3.729095e-03,8.266847e-02,"(0, (2, 3, 4, 4))",-194.448,924,993,688,625
O_tau=0.0,12,3.787632e-03,8.265816e-02,"(0, (2, 3, 4, 4))",-191.330,903,975,676,614
O_tau=0.0,12,3.847088e-03,8.264770e-02,"(0, (2, 3, 4, 4))",-188.260,888,957,664,604
O_tau=0.0,12,3.907477e-03,8.263708e-02,"(0, (2, 3, 4, 4))",-185.237,874,943,653,593
O_tau=0.0,12,3.968814e-03,8.262629e-02,"(0, (2, 3, 4, 4))",-182.261,860,926,641,582
O_tau=0.0,12,4.031114e-03,8.261535e-02,"(0, (2, 3, 4, 4))",-179.332,844,909,630,572
O_tau=0.0,12,4.094392e-03,8.260423e-02,"(0, (2, 3, 4, 4))",-176.447,826,895,619,562
O_tau=0.0,12,4.158663e-03,8.259294e-02,"(0, (2, 3, 4, 4))",-173.607,816,879,608,552
O_tau=0.0,12,4.223944e-03,8.258148e-02,"(0, (2, 3, 4, 4))",-170.812,801,864,598,543
O_tau=0.0,12,4.290249e-03,8.256985e-02,"(0, (2, 3, 4, 4))",-168.059,790,852,587,533
O_tau=0.0,12,4.357594e-03,8.255804e-02,"(0, (2, 3, 4, 4))",-165.349,775,836,577,523
O_tau=0.0,12,4.425997e-03,8.254605e-02,"(0, (2, 3, 4, 4))",-162.681,760,821,567,514
O_tau=0.0,12,4.495474e-03,8.253388e-02,"(0, (2, 3, 4, 4))",-160.054,748,806,557,505
O_tau=0.0,12,4.566041e-03,8.252152e-02,"(0, (2, 3, 4, 4))",-157.468,734,793,547,496
O_tau=0.0,12,4.637716e-03,8.250897e-02,"(0, (2, 3, 4, 4))",-154.922,722,783,538,488
O_tau=0.0,12,4.710516e-03,8.249623e-02,"(0, (2, 3, 4, 4))",-152.415,710,767,528,479
O_tau=0.0,12,4.784459e-03,8.248330e-02,"(0, (2, 3, 4, 4))",-149.947,698,753,519,470
O_tau=0.0,12,4.859562e-03,8.247017e-02,"(0, (2, 3, 4, 4))",-147.517,685,742,510,462
O_tau=0.0,12,4.935845e-03,8.245685e-02,"(0, (2, 3, 4, 4))",-145.125,672,729,501,454
O_tau=0.0,12,5.013324e-03,8.244332e-02,"(0, (2, 3, 4, 4))",-142.770,662,717,492,446
O_tau=0.0,12,5.092021e-03,8.242958e-02,"(0, (2, 3, 4, 4))",-140.452,655,705,484,438
O_tau=0.0,12,5.171952e-03,8.241564e-02,"(0, (2, 3, 4, 4))",-138.169,637,692,475,430
O_tau=0.0,12,5.253138e-03,8.240148e-02,"(0, (2, 3, 4, 4))",-135.921,631,682,467,423
O_tau=0.0,12,5.335599e-03,8.238712e-02,"(0, (2, 3, 4, 4))",-133.709,619,670,459,415
O_tau=0.0,12,5.419354e-03,8.237253e-02,"(0, (2, 3, 4, 4))",-131.530,607,659,451,408
O_tau=0.0,12,5.504423e-03,8.235772e-02,"(0, (2, 3, 4, 4))",-129.386,595,647,443,401
O_tau=0.0,12,5.590828e-03,8.234269e-02,"(0, (2, 3, 4, 4))",-127.274,585,634,435,394
O_tau=0.0,12,5.678590e-03,8.232743e-02,"(0, (2, 3, 4, 4))",-125.195,576,624,428,387
O_tau=0.0,12,5.767729e-03,8.231194e-02,"(0, (2, 3, 4, 4))",-123.149,568,614,420,380
O_tau=0.0,12,5.858267e-03,8.229622e-02,"(0, (2, 3, 4, 4))",-121.134,555,605,413,373
O_tau=0.0,12,5.950227e-03,8.228026e-02,"(0, (2, 3, 4, 4))",-119.150,548,593,405,366
O_tau=0.0,12,6.043630e-03,8.226406e-02,"(0, (2, 3, 4, 4))",-117.197,538,584,398,360
O_tau=0.0,12,6.138499e-03,8.224761e-02,"(0, (2, 3, 4, 4))",-115.274,528,571,392,353
O_tau=0.0,12,6.234857e-03,8.223092e-02,"(0, (2, 3, 4, 4))",-113.381,519,567,385,347
O_tau=0.0,12,6.332728e-03,8.221398e-02,"(0, (2, 3, 4, 4))",-111.517,511,552,378,341
O_tau=0.0,12,6.432135e-03,8.219678e-02,"(0, (2, 3, 4, 4))",-109.682,502,547,371,335
O_tau=0.0,12,6.533103e-03,8.217932e-02,"(0, (2, 3, 4, 4))",-107.876,495,536,365,329
O_tau=0.0,12,6.635656e-03,8.216160e-02,"(0, (2, 3, 4, 4))",-106.097,486,523,358,323
O_tau=0.0,12,6.739818e-03,8.214362e-02,"(0, (2, 3, 4, 4))",-104.346,476,517,352,318
O_tau=0.0,12,6.845616e-03,8.212536e-02,"(0, (2, 3, 4, 4))",-102.623,469,509,346,312
O_tau=0.0,12,6.953074e-03,8.210683e-02,"(0, (2, 3, 4, 4))",-100.925,460,501,340,306
O_tau=0.0,12,7.062219e-03,8.208802e-02,"(0, (2, 3, 4, 4))",-99.255,452,494,334,301
O_tau=0.0,12,7.173078e-03,8.206894e-02,"(0, (2, 3, 4, 4))",-97.610,447,483,328,295
O_tau=0.0,12,7.285676e-03,8.204956e-02,"(0, (2, 3, 4, 4))",-95.990,438,473,322,290
O_tau=0.0,12,7.400042e-03,8.202990e-02,"(0, (2, 3, 4, 4))",-94.396,433,464,317,285
O_tau=0.0,12,7.516204e-03,8.200994e-02,"(0, (2, 3, 4, 4))",-92.826,422,459,311,280
O_tau=0.0,12,7.634188e-03,8.198969e-02,"(0, (2, 3, 4, 4))",-91.280,413,452,306,275
O_tau=0.0,12,7.754025e-03,8.196913e-02,"(0, (2, 3, 4, 4))",-89.759,407,443,300,270
O_tau=0.0,12,7.875743e-03,8.194826e-02,"(0, (2, 3, 4, 4))",-88.261,403,436,295,265
O_tau=0.0,12,7.999372e-03,8.192709e-02,"(0, (2, 3, 4, 4))",-86.786,394,428,290,261
O_tau=0.0,12,8.124941e-03,8.190560e-02,"(0, (2, 3, 4, 4))",-85.334,388,419,285,256
O_tau=0.0,12,8.252481e-03,8.188379e-02,"(0, (2, 3, 4, 4))",-83.905,379,413,280,251
O_tau=0.0,12,8.382024e-03,8.186166e-02,"(0, (2, 3, 4, 4))",-82.498,375,407,275,247
O_tau=0.0,12,8.513600e-03,8.183920e-02,"(0, (2, 3, 4, 4))",-81.112,369,400,270,242
O_tau=0.0,12,8.647241e-03,8.181640e-02,"(0, (2, 3, 4, 4))",-79.748,359,393,265,238
O_tau=0.0,12,8.782980e-03,8.179327e-02,"(0, (2, 3, 4, 4))",-78.405,356,388,261,234
O_tau=0.0,12,8.920850e-03,8.176979e-02,"(0, (2, 3, 4, 4))",-77.083,351,378,256,230
O_tau=0.0,12,9.060884e-03,8.174597e-02,"(0, (2, 3, 4, 4))",-75.782,343,375,251,226
O_tau=0.0,12,9.203116e-03,8.172180e-02,"(0, (2, 3, 4, 4))",-74.500,336,365,247,222
O_tau=0.0,12,9.347581e-03,8.169727e-02,"(0, (2, 3, 4, 4))",-73.239,330,359,243,218
O_tau=0.0,12,9.494314e-03,8.167237e-02,"(0, (2, 3, 4, 4))",-71.997,326,355,238,214
O_tau=0.0,12,9.643350e-03,8.164711e-02,"(0, (2, 3, 4, 4))",-70.774,320,349,234,210
O_tau=0.0,12,9.794725e-03,8.162148e-02,"(0, (2, 3, 4, 4))",-69.570,315,341,230,206
O_tau=0.0,12,9.948477e-03,8.159547e-02,"(0, (2, 3, 4, 4))",-68.385,309,334,226,203
O_tau=0.0,12,1.010464e-02,8.156908e-02,"(0, (2, 3, 4, 4))",-67.218,304,330,222,199
O_tau=0.0,12,1.026326e-02,8.154230e-02,"(0, (2, 3, 4, 4))",-66.069,298,326,218,196
O_tau=0.0,12,1.042436e-02,8.151513e-02,"(0, (2, 3, 4, 4))",-64.938,292,320,214,192
O_tau=0.0,12,1.058800e-02,8.148756e-02,"(0, (2, 3, 4, 4))",-63.825,291,315,210,188
O_tau=0.0,12,1.075420e-02,8.145959e-02,"(0, (2, 3, 4, 4))",-62.729,283,309,207,185
O_tau=0.0,12,1.092302e-02,8.143120e-02,"(0, (2, 3, 4, 4))",-61.650,278,304,204,182
O_tau=0.0,12,1.109448e-02,8.140241e-02,"(0, (2, 3, 4, 4))",-60.587,274,296,200,178
O_tau=0.0,12,1.126863e-02,8.137319e-02,"(0, (2, 3, 4, 4))",-59.541,269,292,196,175
O_tau=0.0,12,1.144552e-02,8.134355e-02,"(0, (2, 3, 4, 4))",-58.512,265,291,193,172
O_tau=0.0,12,1.162519e-02,8.131347e-02,"(0, (2, 3, 4, 4))",-57.498,260,283,189,169
O_tau=0.0,12,1.180767e-02,8.128296e-02,"(0, (2, 3, 4, 4))",-56.500,256,278,186,166
O_tau=0.0,12,1.199302e-02,8.125201e-02,"(0, (2, 3, 4, 4))",-55.517,251,274,183,163
O_tau=0.0,12,1.218128e-02,8.122061e-02,"(0, (2, 3, 4, 4))",-54.550,247,269,179,160
O_tau=0.0,12,1.237250e-02,8.118875e-02,"(0, (2, 3, 4, 4))",-53.598,243,265,176,157
O_tau=0.0,12,1.256671e-02,8.115643e-02,"(0, (2, 3, 4, 4))",-52.660,240,260,173,155
O_tau=0.0,12,1.276398e-02,8.112364e-02,"(0, (2, 3, 4, 4))",-51.737,236,256,170,152
O_tau=0.0,12,1.296434e-02,8.109038e-02,"(0, (2, 3, 4, 4))",-50.828,231,251,167,149
O_tau=0.0,12,1.316784e-02,8.105664e-02,"(0, (2, 3, 4, 4))",-49.934,226,247,164,146
O_tau=0.0,12,1.337454e-02,8.102242e-02,"(0, (2, 3, 4, 4))",-49.053,220,243,161,144
O_tau=0.0,12,1.358449e-02,8.098770e-02,"(0, (2, 3, 4, 4))",-48.186,218,240,159,141
O_tau=0.0,12,1.379773e-02,8.095248e-02,"(0, (2, 3, 4, 4))",-47.332,212,236,156,139
O_tau=0.0,12,1.401432e-02,8.091676e-02,"(0, (2, 3, 4, 4))",-46.492,211,231,153,136
O_tau=0.0,12,1.423431e-02,8.088053e-02,"(0, (2, 3, 4, 4))",-45.665,209,226,150,134
O_tau=0.0,12,1.445775e-02,8.084378e-02,"(0, (2, 3, 4, 4))",-44.850,208,220,148,131
O_tau=0.0,12,1.468470e-02,8.080650e-02,"(0, (2, 3, 4, 4))",-44.048,198,219,145,129
O_tau=0.0,12,1.491521e-02,8.076869e-02,"(0, (2, 3, 4, 4))",-43.259,196,212,142,127
O_tau=0.0,12,1.514934e-02,8.073035e-02,"(0, (2, 3, 4, 4))",-42.482,193,211,140,124
O_tau=0.0,12,1.538714e-02,8.069145e-02,"(0, (2, 3, 4, 4))",-41.717,190,209,138,122
O_tau=0.0,12,1.562868e-02,8.065201e-02,"(0, (2, 3, 4, 4))",-40.963,186,208,135,120
O_tau=0.0,12,1.587401e-02,8.061201e-02,"(0, (2, 3, 4, 4))",-40.222,184,200,133,118
O_tau=0.0,12,1.612319e-02,8.057144e-02,"(0, (2, 3, 4, 4))",-39.492,179,197,130,116
O_tau=0.0,12,1.637628e-02,8.053029e-02,"(0, (2, 3, 4, 4))",-38.773,176,193,128,114
O_tau=0.0,12,1.663335e-02,8.048857e-02,"(0, (2, 3, 4, 4))",-38.065,174,190,126,112
O_tau=0.0,12,1.689445e-02,8.044626e-02,"(0, (2, 3, 4, 4))",-37.369,171,186,123,110
O_tau=0.0,12,1.715965e-02,8.040335e-02,"(0, (2, 3, 4, 4))",-36.683,170,184,121,108
O_tau=0.0,12,1.742901e-02,8.035984e-02,"(0, (2, 3, 4, 4))",-36.008,167,179,119,106
O_tau=0.0,12,1.770260e-02,8.031571e-02,"(0, (2, 3, 4, 4))",-35.343,162,178,117,104
O_tau=0.0,12,1.798048e-02,8.027098e-02,"(0, (2, 3, 4, 4))",-34.689,160,176,115,102
O_tau=0.0,12,1.826273e-02,8.022561e-02,"(0, (2, 3, 4, 4))",-34.045,156,171,113,100
O_tau=0.0,12,1.854941e-02,8.017961e-02,"(0, (2, 3, 4, 4))",-33.411,155,171,111,98
O_tau=0.0,12,1.884058e-02,8.013297e-02,"(0, (2, 3, 4, 4))",-32.787,152,167,109,97
O_tau=0.0,12,1.913633e-02,8.008569e-02,"(0, (2, 3, 4, 4))",-32.172,147,162,107,95
O_tau=0.0,12,1.943672e-02,8.003774e-02,"(0, (2, 3, 4, 4))",-31.567,144,160,105,93
O_tau=0.0,12,1.974183e-02,7.998913e-02,"(0, (2, 3, 4, 4))",-30.971,142,156,103,91
O_tau=0.0,12,2.005172e-02,7.993985e-02,"(0, (2, 3, 4, 4))",-30.385,142,156,101,90
O_tau=0.0,12,2.036648e-02,7.988989e-02,"(0, (2, 3, 4, 4))",-29.808,141,152,100,88
O_tau=0.0,12,2.068618e-02,7.983924e-02,"(0, (2, 3, 4, 4))",-29.239,135,149,98,87
O_tau=0.0,12,2.101090e-02,7.978790e-02,"(0, (2, 3, 4, 4))",-28.680,134,145,96,85
O_tau=0.0,12,2.134072e-02,7.973585e-02,"(0, (2, 3, 4, 4))",-28.129,132,144,95,83
O_tau=0.0,12,2.167571e-02,7.968308e-02,"(0, (2, 3, 4, 4))",-27.587,128,142,93,82
O_tau=0.0,12,2.201596e-02,7.962960e-02,"(0, (2, 3, 4, 4))",-27.053,127,142,91,80
O_tau=0.0,12,2.236156e-02,7.957538e-02,"(0, (2, 3, 4, 4))",-26.528,124,138,90,79
O_tau=0.0,12,2.271258e-02,7.952043e-02,"(0, (2, 3, 4, 4))",-26.010,122,135,88,78
O_tau=0.0,12,2.306910e-02,7.946472e-02,"(0, (2, 3, 4, 4))",-25.501,120,133,87,76
O_tau=0.0,12,2.343123e-02,7.940827e-02,"(0, (2, 3, 4, 4))",-25.000,119,131,85,75
O_tau=0.0,12,2.379904e-02,7.935105e-02,"(0, (2, 3, 4, 4))",-24.506,115,128,83,73
O_tau=0.0,12,2.417262e-02,7.929305e-02,"(0, (2, 3, 4, 4))",-24.020,115,125,82,72
O_tau=0.0,12,2.455207e-02,7.923428e-02,"(0, (2, 3, 4, 4))",-23.542,115,124,80,71
O_tau=0.0,12,2.493747e-02,7.917471e-02,"(0, (2, 3, 4, 4))",-23.071,111,121,79,70
O_tau=0.0,12,2.532892e-02,7.911435e-02,"(0, (2, 3, 4, 4))",-22.608,106,120,78,68
O_tau=0.0,12,2.572652e-02,7.905318e-02,"(0, (2, 3, 4, 4))",-22.151,106,119,76,67
O_tau=0.0,12,2.613036e-02,7.899119e-02,"(0, (2, 3, 4, 4))",-21.702,106,115,75,66
O_tau=0.0,12,2.654054e-02,7.892837e-02,"(0, (2, 3, 4, 4))",-21.260,102,115,74,65
O_tau=0.0,12,2.695716e-02,7.886472e-02,"(0, (2, 3, 4, 4))",-20.824,101,112,72,64
O_tau=0.0,12,2.738031e-02,7.880023e-02,"(0, (2, 3, 4, 4))",-20.396,101,109,71,62
O_tau=0.0,12,2.781011e-02,7.873488e-02,"(0, (2, 3, 4, 4))",-19.974,100,106,70,61
O_tau=0.0,12,2.824666e-02,7.866867e-02,"(0, (2, 3, 4, 4))",-19.558,97,106,69,60
O_tau=0.0,12,2.869006e-02,7.860159e-02,"(0, (2, 3, 4, 4))",-19.150,94,104,68,59
O_tau=0.0,12,2.914042e-02,7.853363e-02,"(0, (2, 3, 4, 4))",-18.747,93,101,66,58
O_tau=0.0,12,2.959785e-02,7.846478e-02,"(0, (2, 3, 4, 4))",-18.351,91,101,65,57
O_tau=0.0,12,3.006245e-02,7.839503e-02,"(0, (2, 3, 4, 4))",-17.961,89,101,64,56
O_tau=0.0,12,3.053436e-02,7.832437e-02,"(0, (2, 3, 4, 4))",-17.577,88,97,63,55
O_tau=0.0,12,3.101367e-02,7.825279e-02,"(0, (2, 3, 4, 4))",-17.199,86,96,62,54
O_tau=0.0,12,3.150050e-02,7.818029e-02,"(0, (2, 3, 4, 4))",-16.827,83,94,60,53
O_tau=0.0,12,3.199498e-02,7.810684e-02,"(0, (2, 3, 4, 4))",-16.460,83,93,59,52
O_tau=0.0,12,3.249721e-02,7.803246e-02,"(0, (2, 3, 4, 4))",-16.100,81,91,58,51
O_tau=0.0,12,3.300733e-02,7.795711e-02,"(0, (2, 3, 4, 4))",-15.745,81,89,57,50
O_tau=0.0,12,3.352546e-02,7.788080e-02,"(0, (2, 3, 4, 4))",-15.395,79,88,56,50
O_tau=0.0,12,3.405173e-02,7.780352e-02,"(0, (2, 3, 4, 4))",-15.051,79,86,55,49
O_tau=0.0,12,3.458625e-02,7.772525e-02,"(0, (2, 3, 4, 4))",-14.712,78,83,54,48
O_tau=0.0,12,3.512916e-02,7.764598e-02,"(0, (2, 3, 4, 4))",-14.379,76,83,54,47
O_tau=0.0,12,3.568060e-02,7.756571e-02,"(0, (2, 3, 4, 4))",-14.051,73,81,53,46
O_tau=0.0,12,3.624069e-02,7.748443e-02,"(0, (2, 3, 4, 4))",-13.728,73,80,52,45
O_tau=0.0,12,3.680957e-02,7.740213e-02,"(0, (2, 3, 4, 4))",-13.410,73,79,51,44
O_tau=0.0,12,3.738739e-02,7.731879e-02,"(0, (2, 3, 4, 4))",-13.097,70,79,50,43
O_tau=0.0,12,3.797427e-02,7.723441e-02,"(0, (2, 3, 4, 4))",-12.789,69,76,49,43
O_tau=0.0,12,3.857037e-02,7.714898e-02,"(0, (2, 3, 4, 4))",-12.485,69,76,48,42
O_tau=0.0,12,3.917582e-02,7.706249e-02,"(0, (2, 3, 4, 4))",-12.187,67,73,47,41
O_tau=0.0,12,3.979078e-02,7.697492e-02,"(0, (2, 3, 4, 4))",-11.893,65,73,46,40
O_tau=0.0,12,4.041539e-02,7.688627e-02,"(0, (2, 3, 4, 4))",-11.603,64,71,45,39
O_tau=0.0,12,4.104981e-02,7.679654e-02,"(0, (2, 3, 4, 4))",-11.318,63,70,45,39
O_tau=0.0,12,4.169418e-02,7.670570e-02,"(0, (2, 3, 4, 4))",-11.038,61,69,44,38
O_tau=0.0,12,4.234867e-02,7.661375e-02,"(0, (2, 3, 4, 4))",-10.762,61,69,43,38
O_tau=0.0,12,4.301344e-02,7.652068e-02,"(0, (2, 3, 4, 4))",-10.490,59,67,42,37
O_tau=0.0,12,4.368864e-02,7.642649e-02,"(0, (2, 3, 4, 4))",-10.223,58,65,42,36
O_tau=0.0,12,4.437443e-02,7.633115e-02,"(0, (2, 3, 4, 4))",-9.959,57,64,41,36
O_tau=0.0,12,4.507100e-02,7.623466e-02,"(0, (2, 3, 4, 4))",-9.700,57,63,40,35
O_tau=0.0,12,4.577849e-02,7.613702e-02,"(0, (2, 3, 4, 4))",-9.445,57,61,39,34
O_tau=0.0,12,4.649710e-02,7.603821e-02,"(0, (2, 3, 4, 4))",-9.194,56,61,39,34
O_tau=0.0,12,4.722698e-02,7.593822e-02,"(0, (2, 3, 4, 4))",-8.947,56,59,38,33
O_tau=0.0,12,4.796832e-02,7.583704e-02,"(0, (2, 3, 4, 4))",-8.703,54,58,38,33
O_tau=0.0,12,4.872130e-02,7.573467e-02,"(0, (2, 3, 4, 4))",-8.464,54,57,37,32
O_tau=0.0,12,4.948609e-02,7.563109e-02,"(0, (2, 3, 4, 4))",-8.228,51,57,36,31
O_tau=0.0,12,5.026290e-02,7.552630e-02,"(0, (2, 3, 4, 4))",-7.996,51,57,36,31
O_tau=0.0,12,5.105189e-02,7.542028e-02,"(0, (2, 3, 4, 4))",-7.767,50,56,35,30
O_tau=0.0,12,5.185327e-02,7.531303e-02,"(0, (2, 3, 4, 4))",-7.543,46,56,35,30
O_tau=0.0,12,5.266724e-02,7.520454e-02,"(0, (2, 3, 4, 4))",-7.321,46,55,34,29
O_tau=0.0,12,5.349397e-02,7.509479e-02,"(0, (2, 3, 4, 4))",-7.103,46,54,33,28
O_tau=0.0,12,5.433369e-02,7.498378e-02,"(0, (2, 3, 4, 4))",-6.889,45,53,33,28
O_tau=0.0,12,5.518659e-02,7.487150e-02,"(0, (2, 3, 4, 4))",-6.678,44,51,32,27
O_tau=0.0,12,5.605287e-02,7.475794e-02,"(0, (2, 3, 4, 4))",-6.470,44,50,32,27
O_tau=0.0,12,5.693276e-02,7.464310e-02,"(0, (2, 3, 4, 4))",-6.265,44,50,31,27
O_tau=0.0,12,5.782645e-02,7.452695e-02,"(0, (2, 3, 4, 4))",-6.064,43,46,30,26
O_tau=0.0,12,5.873418e-02,7.440950e-02,"(0, (2, 3, 4, 4))",-5.866,43,46,30,26
O_tau=0.0,12,5.965615e-02,7.429074e-02,"(0, (2, 3, 4, 4))",-5.670,43,45,29,25
O_tau=0.0,12,6.059259e-02,7.417065e-02,"(0, (2, 3, 4, 4))",-5.478,39,45,28,25
O_tau=0.0,12,6.154374e-02,7.404923e-02,"(0, (2, 3, 4, 4))",-5.289,39,44,28,24
O_tau=0.0,12,6.250982e-02,7.392647e-02,"(0, (2, 3, 4, 4))",-5.103,39,44,28,24
O_tau=0.0,12,6.349106e-02,7.380236e-02,"(0, (2, 3, 4, 4))",-4.920,39,43,27,24
O_tau=0.0,12,6.448770e-02,7.367689e-02,"(0, (2, 3, 4, 4))",-4.740,38,43,27,23
O_tau=0.0,12,6.549999e-02,7.355006e-02,"(0, (2, 3, 4, 4))",-4.562,38,43,26,23
O_tau=0.0,12,6.652817e-02,7.342185e-02,"(0, (2, 3, 4, 4))",-4.388,38,41,26,22
O_tau=0.0,12,6.757249e-02,7.329226e-02,"(0, (2, 3, 4, 4))",-4.216,38,39,25,22
O_tau=0.0,12,6.863320e-02,7.316129e-02,"(0, (2, 3, 4, 4))",-4.046,38,39,25,22
O_tau=0.0,12,6.971056e-02,7.302891e-02,"(0, (2, 3, 4, 4))",-3.880,35,39,24,21
O_tau=0.0,12,7.080483e-02,7.289514e-02,"(0, (2, 3, 4, 4))",-3.716,35,38,24,21
O_tau=0.0,12,7.191628e-02,7.275995e-02,"(0, (2, 3, 4, 4))",-3.554,33,38,24,20
O_tau=0.0,12,7.304518e-02,7.262334e-02,"(0, (2, 3, 4, 4))",-3.396,33,38,24,20
O_tau=0.0,12,7.419180e-02,7.248530e-02,"(0, (2, 3, 4, 4))",-3.239,33,38,23,20
O_tau=0.0,12,7.535642e-02,7.234583e-02,"(0, (2, 3, 4, 4))",-3.085,33,38,23,19
O_tau=0.0,12,7.653932e-02,7.220492e-02,"(0, (2, 3, 4, 4))",-2.934,31,36,22,19
O_tau=0.0,12,7.774078e-02,7.206256e-02,"(0, (2, 3, 4, 4))",-2.785,31,35,22,18
O_tau=0.0,12,7.896111e-02,7.191875e-02,"(0, (2, 3, 4, 4))",-2.638,29,35,22,18
O_tau=0.0,12,8.020060e-02,7.177348e-02,"(0, (2, 3, 4, 4))",-2.494,28,35,21,18
O_tau=0.0,12,8.145954e-02,7.162674e-02,"(0, (2, 3, 4, 4))",-2.351,28,33,21,17
O_tau=0.0,12,8.273824e-02,7.147853e-02,"(0, (2, 3, 4, 4))",-2.211,28,33,21,17
O_tau=0.0,12,8.403701e-02,7.132884e-02,"(0, (2, 3, 4, 4))",-2.074,28,33,20,17
O_tau=0.0,12,8.535617e-02,7.117766e-02,"(0, (2, 3, 4, 4))",-1.938,28,33,20,17
O_tau=0.0,12,8.669604e-02,7.102500e-02,"(0, (2, 3, 4, 4))",-1.805,28,33,19,16
O_tau=0.0,12,8.805694e-02,7.087083e-02,"(0, (2, 3, 4, 4))",-1.673,28,35,19,16
O_tau=0.0,12,8.943921e-02,7.071517e-02,"(0, (2, 3, 4, 4))",-1.544,28,38,19,16
O_tau=0.0,12,9.084317e-02,7.055800e-02,"(0, (2, 3, 4, 4))",-1.417,28,,18,16
O_tau=0.0,12,9.226917e-02,7.039931e-02,"(0, (2, 3, 4, 4))",-1.292,31,,18,16
O_tau=0.0,12,9.371756e-02,7.023912e-02,"(0, (2, 3, 4, 4))",-1.168,39,,18,15
O_tau=0.0,12,9.518868e-02,7.007739e-02,"(0, (2, 3, 4, 4))",-1.047,,,17,15
O_tau=0.0,12,9.668289e-02,6.991415e-02,"(0, (2, 3, 4, 4))",-0.928,,,17,15
O_tau=0.0,12,9.820056e-02,6.974937e-02,"(0, (2, 3, 4, 4))",-0.810,,,17,15
O_tau=0.0,12,9.974205e-02,6.958307e-02,"(0, (2, 3, 4, 4))",-0.694,,,16,14
O_tau=0.0,12,1.013077e-01,6.941522e-02,"(0, (2, 3, 4, 4))",-0.581,,,16,14
O_tau=0.0,12,1.028980e-01,6.924583e-02,"(0, (2, 3, 4, 4))",-0.469,,,16,14
O_tau=0.0,12,1.045132e-01,6.907490e-02,"(0, (2, 3, 4, 4))",-0.358,,,16,13
O_tau=0.0,12,1.061538e-01,6.890242e-02,"(0, (2, 3, 4, 4))",-0.250,,,16,13
O_tau=0.0,12,1.078202e-01,6.872839e-02,"(0, (2, 3, 4, 4))",-0.143,,,16,13
O_tau=0.0,12,1.095127e-01,6.855281e-02,"(0, (2, 3, 4, 4))",-0.038,,,15,13
O_tau=0.0,12,1.112317e-01,6.837568e-02,"(0, (2, 3, 4, 4))",0.066,,,15,12
O_tau=0.0,12,1.129778e-01,6.819698e-02,"(0, (2, 3, 4, 4))",0.168,,,15,12
O_tau=0.0,12,1.147512e-01,6.801673e-02,"(0, (2, 3, 4, 4))",0.268,,,15,12
O_tau=0.0,12,1.165525e-01,6.783491e-02,"(0, (2, 3, 4, 4))",0.367,,,14,11
O_tau=0.0,12,1.183821e-01,6.765153e-02,"(0, (2, 3, 4, 4))",0.464,,,14,11
O_tau=0.0,12,1.202404e-01,6.746659e-02,"(0, (2, 3, 4, 4))",0.559,,,14,11
O_tau=0.0,12,1.221278e-01,6.728009e-02,"(0, (2, 3, 4, 4))",0.653,,,13,11
O_tau=0.0,12,1.240449e-01,6.709201e-02,"(0, (2, 3, 4, 4))",0.746,,,13,11
O_tau=0.0,12,1.259921e-01,6.690237e-02,"(0, (2, 3, 4, 4))",0.837,,,13,11
O_tau=0.0,12,1.279699e-01,6.671117e-02,"(0, (2, 3, 4, 4))",0.927,,,13,11
O_tau=0.0,12,1.299786e-01,6.651840e-02,"(0, (2, 3, 4, 4))",1.015,,,12,11
O_tau=0.0,12,1.320190e-01,6.632406e-02,"(0, (2, 3, 4, 4))",1.102,,,12,10
O_tau=0.0,12,1.340913e-01,6.612816e-02,"(0, (2, 3, 4, 4))",1.187,,,12,10
O_tau=0.0,12,1.361962e-01,6.593069e-02,"(0, (2, 3, 4, 4))",1.271,,,12,10
O_tau=0.0,12,1.383341e-01,6.573166e-02,"(0, (2, 3, 4, 4))",1.354,,,11,10
O_tau=0.0,12,1.405056e-01,6.553106e-02,"(0, (2, 3, 4, 4))",1.436,,,11,10
O_tau=0.0,12,1.427112e-01,6.532891e-02,"(0, (2, 3, 4, 4))",1.516,,,11,9
O_tau=0.0,12,1.449514e-01,6.512520e-02,"(0, (2, 3, 4, 4))",1.595,,,11,9
O_tau=0.0,12,1.472267e-01,6.491993e-02,"(0, (2, 3, 4, 4))",1.672,,,11,9
O_tau=0.0,12,1.495378e-01,6.471310e-02,"(0, (2, 3, 4, 4))",1.749,,,11,9
O_tau=0.0,12,1.518852e-01,6.450473e-02,"(0, (2, 3, 4, 4))",1.824,,,11,9
O_tau=0.0,12,1.542694e-01,6.429480e-02,"(0, (2, 3, 4, 4))",1.898,,,11,9
O_tau=0.0,12,1.566910e-01,6.408334e-02,"(0, (2, 3, 4, 4))",1.971,,,10,9
O_tau=0.0,12,1.591506e-01,6.387032e-02,"(0, (2, 3, 4, 4))",2.043,,,10,9
O_tau=0.0,12,1.616489e-01,6.365578e-02,"(0, (2, 3, 4, 4))",2.113,,,10,9
O_tau=0.0,12,1.641863e-01,6.343969e-02,"(0, (2, 3, 4, 4))",2.183,,,10,8
O_tau=0.0,12,1.667636e-01,6.322208e-02,"(0, (2, 3, 4, 4))",2.251,,,10,8
O_tau=0.0,12,1.693814e-01,6.300295e-02,"(0, (2, 3, 4, 4))",2.318,,,9,8
O_tau=0.0,12,1.720402e-01,6.278229e-02,"(0, (2, 3, 4, 4))",2.385,,,9,8
O_tau=0.0,12,1.747408e-01,6.256012e-02,"(0, (2, 3, 4, 4))",2.450,,,9,8
O_tau=0.0,12,1.774838e-01,6.233645e-02,"(0, (2, 3, 4, 4))",2.514,,,9,8
O_tau=0.0,12,1.802698e-01,6.211127e-02,"(0, (2, 3, 4, 4))",2.577,,,9,8
O_tau=0.0,12,1.830996e-01,6.188459e-02,"(0, (2, 3, 4, 4))",2.639,,,9,8
O_tau=0.0,12,1.859738e-01,6.165642e-02,"(0, (2, 3, 4, 4))",2.700,,,9,7
O_tau=0.0,12,1.888931e-01,6.142677e-02,"(0, (2, 3, 4, 4))",2.761,,,9,7
O_tau=0.0,12,1.918582e-01,6.119565e-02,"(0, (2, 3, 4, 4))",2.820,,,9,7
O_tau=0.0,12,1.948699e-01,6.096305e-02,"(0, (2, 3, 4, 4))",2.878,,,9,7
O_tau=0.0,12,1.979288e-01,6.072900e-02,"(0, (2, 3, 4, 4))",2.935,,,8,7
O_tau=0.0,12,2.010358e-01,6.049349e-02,"(0, (2, 3, 4, 4))",2.992,,,8,6
O_tau=0.0,12,2.041915e-01,6.025653e-02,"(0, (2, 3, 4, 4))",3.048,,,8,6
O_tau=0.0,12,2.073968e-01,6.001814e-02,"(0, (2, 3, 4, 4))",3.102,,,8,6
O_tau=0.0,12,2.106524e-01,5.977832e-02,"(0, (2, 3, 4, 4))",3.156,,,8,6
O_tau=0.0,12,2.139591e-01,5.953708e-02,"(0, (2, 3, 4, 4))",3.209,,,8,6
O_tau=0.0,12,2.173177e-01,5.929443e-02,"(0, (2, 3, 4, 4))",3.261,,,8,6
O_tau=0.0,12,2.207290e-01,5.905038e-02,"(0, (2, 3, 4, 4))",3.312,,,7,6
O_tau=0.0,12,2.241939e-01,5.880494e-02,"(0, (2, 3, 4, 4))",3.363,,,7,6
O_tau=0.0,12,2.277131e-01,5.855812e-02,"(0, (2, 3, 4, 4))",3.413,,,7,6
O_tau=0.0,12,2.312876e-01,5.830993e-02,"(0, (2, 3, 4, 4))",3.462,,,7,5
O_tau=0.0,12,2.349183e-01,5.806038e-02,"(0, (2, 3, 4, 4))",3.510,,,7,5
O_tau=0.0,12,2.386059e-01,5.780948e-02,"(0, (2, 3, 4, 4))",3.557,,,6,5
O_tau=0.0,12,2.423513e-01,5.755725e-02,"(0, (2, 3, 4, 4))",3.604,,,6,5
O_tau=0.0,12,2.461556e-01,5.730369e-02,"(0, (2, 3, 4, 4))",3.650,,,6,5
O_tau=0.0,12,2.500196e-01,5.704882e-02,"(0, (2, 3, 4, 4))",3.695,,,6,5
O_tau=0.0,12,2.539443e-01,5.679264e-02,"(0, (2, 3, 4, 4))",3.739,,,6,5
O_tau=0.0,12,2.579305e-01,5.653518e-02,"(0, (2, 3, 4, 4))",3.783,,,6,5
O_tau=0.0,12,2.619794e-01,5.627644e-02,"(0, (2, 3, 4, 4))",3.826,,,6,5
O_tau=0.0,12,2.660918e-01,5.601643e-02,"(0, (2, 3, 4, 4))",3.869,,,6,5
O_tau=0.0,12,2.702687e-01,5.575517e-02,"(0, (2, 3, 4, 4))",3.910,,,6,5
O_tau=0.0,12,2.745112e-01,5.549268e-02,"(0, (2, 3, 4, 4))",3.952,,,5,5
O_tau=0.0,12,2.788203e-01,5.522896e-02,"(0, (2, 3, 4, 4))",3.992,,,5,5
O_tau=0.0,12,2.831971e-01,5.496404e-02,"(0, (2, 3, 4, 4))",4.032,,,5,5
O_tau=0.0,12,2.876426e-01,5.469791e-02,"(0, (2, 3, 4, 4))",4.071,,,5,4
O_tau=0.0,12,2.921578e-01,5.443061e-02,"(0, (2, 3, 4, 4))",4.110,,,5,4
O_tau=0.0,12,2.967439e-01,5.416213e-02,"(0, (2, 3, 4, 4))",4.148,,,5,4
O_tau=0.0,12,3.014020e-01,5.389251e-02,"(0, (2, 3, 4, 4))",4.185,,,5,4
O_tau=0.0,12,3.061332e-01,5.362174e-02,"(0, (2, 3, 4, 4))",4.222,,,5,4
O_tau=0.0,12,3.109387e-01,5.334986e-02,"(0, (2, 3, 4, 4))",4.258,,,5,4
O_tau=0.0,12,3.158196e-01,5.307686e-02,"(0, (2, 3, 4, 4))",4.294,,,5,4
O_tau=0.0,12,3.207772e-01,5.280278e-02,"(0, (2, 3, 4, 4))",4.329,,,5,4
O_tau=0.0,12,3.258126e-01,5.252762e-02,"(0, (2, 3, 4, 4))",4.364,,,5,4
O_tau=0.0,12,3.309270e-01,5.225140e-02,"(0, (2, 3, 4, 4))",4.398,,,5,4
O_tau=0.0,12,3.361217e-01,5.197414e-02,"(0, (2, 3, 4, 4))",4.431,,,4,4
O_tau=0.0,12,3.413979e-01,5.169584e-02,"(0, (2, 3, 4, 4))",4.464,,,4,4
O_tau=0.0,12,3.467569e-01,5.141654e-02,"(0, (2, 3, 4, 4))",4.497,,,4,4
O_tau=0.0,12,3.522001e-01,5.113625e-02,"(0, (2, 3, 4, 4))",4.529,,,4,4
O_tau=0.0,12,3.577287e-01,5.085498e-02,"(0, (2, 3, 4, 4))",4.560,,,4,4
O_tau=0.0,12,3.633441e-01,5.057275e-02,"(0, (2, 3, 4, 4))",4.591,,,4,4
O_tau=0.0,12,3.690477e-01,5.028958e-02,"(0, (2, 3, 4, 4))",4.622,,,4,4
O_tau=0.0,12,3.748408e-01,5.000548e-02,"(0, (2, 3, 4, 4))",4.652,,,4,4
O_tau=0.0,12,3.807248e-01,4.972048e-02,"(0, (2, 3, 4, 4))",4.682,,,4,4
O_tau=0.0,12,3.867012e-01,4.943459e-02,"(0, (2, 3, 4, 4))",4.711,,,4,4
O_tau=0.0,12,3.927714e-01,4.914783e-02,"(0, (2, 3, 4, 4))",4.740,,,4,4
O_tau=0.0,12,3.989369e-01,4.886021e-02,"(0, (2, 3, 4, 4))",4.768,,,4,3
O_tau=0.0,12,4.051991e-01,4.857176e-02,"(0, (2, 3, 4, 4))",4.796,,,4,3
O_tau=0.0,12,4.115597e-01,4.828250e-02,"(0, (2, 3, 4, 4))",4.823,,,4,3
O_tau=0.0,12,4.180201e-01,4.799244e-02,"(0, (2, 3, 4, 4))",4.850,,,,
O_tau=0.0,12,4.245820e-01,4.770160e-02,"(0, (2, 3, 4, 4))",4.877,,,,
O_tau=0.0,12,4.312468e-01,4.741000e-02,"(0, (2, 3, 4, 4))",4.903,,,,
O_tau=0.0,12,4.380162e-01,4.711766e-02,"(0, (2, 3, 4, 4))",4.929,,,,
O_tau=0.0,12,4.448919e-01,4.682460e-02,"(0, (2, 3, 4, 4))",4.955,,,,
O_tau=0.0,12,4.518756e-01,4.653084e-02,"(0, (2, 3, 4, 4))",4.980,,,,
O_tau=0.0,12,4.589688e-01,4.623640e-02,"(0, (2, 3, 4, 4))",5.005,,,,
O_tau=0.0,12,4.661735e-01,4.594129e-02,"(0, (2, 3, 4, 4))",5.029,,,,
O_tau=0.0,12,4.734912e-01,4.564554e-02,"(0, (2, 3, 4, 4))",5.053,,,,
O_tau=0.0,12,4.809237e-01,4.534917e-02,"(0, (2, 3, 4, 4))",5.077,,,,
O_tau=0.0,12,4.884730e-01,4.505220e-02,"(0, (2, 3, 4, 4))",5.100,,,,
O_tau=0.0,12,4.961407e-01,4.475464e-02,"(0, (2, 3, 4, 4))",5.124,,,,
O_tau=0.0,12,5.039289e-01,4.445652e-02,"(0, (2, 3, 4, 4))",5.146,,,,
O_tau=0.0,12,5.118392e-01,4.415785e-02,"(0, (2, 3, 4, 4))",5.169,,,,
O_tau=0.0,12,5.198738e-01,4.385866e-02,"(0, (2, 3, 4, 4))",5.191,,,,
O_tau=0.0,12,5.280344e-01,4.355897e-02,"(0, (2, 3, 4, 4))",5.213,,,,
O_tau=0.0,12,5.363232e-01,4.325880e-02,"(0, (2, 3, 4, 4))",5.234,,,,
O_tau=0.0,12,5.447421e-01,4.295816e-02,"(0, (2, 3, 4, 4))",5.255,,,,
O_tau=0.0,12,5.532931e-01,4.265708e-02,"(0, (2, 3, 4, 4))",5.276,,,,
O_tau=0.0,12,5.619783e-01,4.235559e-02,"(0, (2, 3, 4, 4))",5.297,,,,
O_tau=0.0,12,5.707999e-01,4.205369e-02,"(0, (2, 3, 4, 4))",5.317,,,,
O_tau=0.0,12,5.797600e-01,4.175141e-02,"(0, (2, 3, 4, 4))",5.337,,,,
O_tau=0.0,12,5.888607e-01,4.144877e-02,"(0, (2, 3, 4, 4))",5.357,,,,
O_tau=0.0,12,5.981043e-01,4.114580e-02,"(0, (2, 3, 4, 4))",5.377,,,,
O_tau=0.0,12,6.074930e-01,4.084251e-02,"(0, (2, 3, 4, 4))",5.396,,,,
O_tau=0.0,12,6.170290e-01,4.053892e-02,"(0, (2, 3, 4, 4))",5.415,,,,
O_tau=0.0,12,6.267148e-01,4.023506e-02,"(0, (2, 3, 4, 4))",5.434,,,,
O_tau=0.0,12,6.365525e-01,3.993094e-02,"(0, (2, 3, 4, 4))",5.453,,,,
O_tau=0.0,12,6.465448e-01,3.962659e-02,"(0, (2, 3, 4, 4))",5.471,,,,
O_tau=0.0,12,6.566938e-01,3.932203e-02,"(0, (2, 3, 4, 4))",5.489,,,,
O_tau=0.0,12,6.670022e-01,3.901728e-02,"(0, (2, 3, 4, 4))",5.507,,,,
O_tau=0.0,12,6.774724e-01,3.871235e-02,"(0, (2, 3, 4, 4))",5.525,,,,
O_tau=0.0,12,6.881069e-01,3.840728e-02,"(0, (2, 3, 4, 4))",5.543,,,,
O_tau=0.0,12,6.989084e-01,3.810208e-02,"(0, (2, 3, 4, 4))",5.560,,,,
O_tau=0.0,12,7.098795e-01,3.779677e-02,"(0, (2, 3, 4, 4))",5.577,,,,
O_tau=0.0,12,7.210227e-01,3.749138e-02,"(0, (2, 3, 4, 4))",5.594,,,,
O_tau=0.0,12,7.323409e-01,3.718592e-02,"(0, (2, 3, 4, 4))",5.611,,,,
O_tau=0.0,12,7.438367e-01,3.688042e-02,"(0, (2, 3, 4, 4))",5.628,,,,
O_tau=0.0,12,7.555130e-01,3.657490e-02,"(0, (2, 3, 4, 4))",5.644,,,,
O_tau=0.0,12,7.673726e-01,3.626938e-02,"(0, (2, 3, 4, 4))",5.660,,,,
O_tau=0.0,12,7.794184e-01,3.596388e-02,"(0, (2, 3, 4, 4))",5.677,,,,
O_tau=0.0,12,7.916532e-01,3.565842e-02,"(0, (2, 3, 4, 4))",5.693,,,,
O_tau=0.0,12,8.040801e-01,3.535302e-02,"(0, (2, 3, 4, 4))",5.708,,,,
O_tau=0.0,12,8.167020e-01,3.504770e-02,"(0, (2, 3, 4, 4))",5.724,,,,
O_tau=0.0,12,8.295221e-01,3.474250e-02,"(0, (2, 3, 4, 4))",5.740,,,,
O_tau=0.0,12,8.425434e-01,3.443741e-02,"(0, (2, 3, 4, 4))",5.755,,,,
O_tau=0.0,12,8.557692e-01,3.413248e-02,"(0, (2, 3, 4, 4))",5.770,,,,
O_tau=0.0,12,8.692025e-01,3.382772e-02,"(0, (2, 3, 4, 4))",5.786,,,,
O_tau=0.0,12,8.828467e-01,3.352314e-02,"(0, (2, 3, 4, 4))",5.801,,,,
O_tau=0.0,12,8.967051e-01,3.321878e-02,"(0, (2, 3, 4, 4))",5.816,,,,
O_tau=0.0,12,9.107810e-01,3.291465e-02,"(0, (2, 3, 4, 4))",5.830,,,,
O_tau=0.0,12,9.250779e-01,3.261077e-02,"(0, (2, 3, 4, 4))",5.845,,,,
O_tau=0.0,12,9.395992e-01,3.230717e-02,"(0, (2, 3, 4, 4))",5.860,,,,
O_tau=0.0,12,9.543485e-01,3.200387e-02,"(0, (2, 3, 4, 4))",5.874,,,,
O_tau=0.0,12,9.693293e-01,3.170088e-02,"(0, (2, 3, 4, 4))",6.362,,,,
O_tau=0.0,12,9.845452e-01,3.139823e-02,"(0, (2, 3, 4, 4))",6.390,,,,
O_tau=0.0,12,1.000000e+00,3.109594e-02,"(0, (2, 3, 4, 4))",6.418,,,,
O_tau=0.4,3,1.000000e-05,1.666647e-01,"(0, (2, 2, 2, 2, 3))",-52669.674,,,,
O_tau=0.4,3,1.017818e-05,1.666647e-01,"(0, (2, 2, 2, 2, 3))",-51747.488,,,,
O_tau=0.4,3,1.035953e-05,1.666647e-01,"(0, (2, 2, 2, 2, 3))",-50841.446,,,,
O_tau=0.4,3,1.054412e-05,1.666646e-01,"(0, (2, 2, 2, 2, 3))",-49951.265,,,,
O_tau=0.4,3,1.073199e-05,1.666646e-01,"(0, (2, 2, 2, 2, 3))",-49076.668,,,,
O_tau=0.4,3,1.092322e-05,1.666645e-01,"(0, (2, 2, 2, 2, 3))",-48217.381,,,,
O_tau=0.4,3,1.111784e-05,1.666645e-01,"(0, (2, 2, 2, 2, 3))",-47373.137,,,,
O_tau=0.4,3,1.131594e-05,1.666645e-01,"(0, (2, 2, 2, 2, 3))",-46543.673,,,,
O_tau=0.4,3,1.151757e-05,1.666644e-01,"(0, (2, 2, 2, 2, 3))",-45728.729,,,,
O_tau=0.4,3,1.172279e-05,1.666644e-01,"(0, (2, 2, 2, 2, 3))",-44928.052,,,,
O_tau=0.4,3,1.193166e-05,1.666643e-01,"(0, (2, 2, 2, 2, 3))",-44141.391,,,,
O_tau=0.4,3,1.214426e-05,1.666643e-01,"(0, (2, 2, 2, 2, 3))",-43368.502,,,,
O_tau=0.4,3,1.236065e-05,1.666643e-01,"(0, (2, 2, 2, 2, 3))",-42609.143,,,,
O_tau=0.4,3,1.258089e-05,1.666642e-01,"(0, (2, 2, 2, 2, 3))",-41863.078,,,,
O_tau=0.4,3,1.280505e-05,1.666642e-01,"(0, (2, 2, 2, 2, 3))",-41130.073,,,,
O_tau=0.4,3,1.303321e-05,1.666641e-01,"(0, (2, 2, 2, 2, 3))",-40409.900,,,,
O_tau=0.4,3,1.326544e-05,1.666641e-01,"(0, (2, 2, 2, 2, 3))",-39702.335,,,,
O_tau=0.4,3,1.350180e-05,1.666640e-01,"(0, (2, 2, 2, 2, 3))",-39007.157,,,,
O_tau=0.4,3,1.374238e-05,1.666640e-01,"(0, (2, 2, 2, 2, 3))",-38324.148,,,,
O_tau=0.4,3,1.398724e-05,1.666639e-01,"(0, (2, 2, 2, 2, 3))",-37653.096,,,,
O_tau=0.4,3,1.423646e-05,1.666639e-01,"(0, (2, 2, 2, 2, 3))",-36993.792,,,,
O_tau=0.4,3,1.449012e-05,1.666638e-01,"(0, (2, 2, 2, 2, 3))",-36346.029,,,,
O_tau=0.4,3,1.474831e-05,1.666638e-01,"(0, (2, 2, 2, 2, 3))",-35709.607,,,,
O_tau=0.4,3,1.501109e-05,1.666637e-01,"(0, (2, 2, 2, 2, 3))",-35084.325,,,,
O_tau=0.4,3,1.527856e-05,1.666637e-01,"(0, (2, 2, 2, 2, 3))",-34469.990,,,,
O_tau=0.4,3,1.555079e-05,1.666636e-01,"(0, (2, 2, 2, 2, 3))",-33866.410,,,,
O_tau=0.4,3,1.582787e-05,1.666636e-01,"(0, (2, 2, 2, 2, 3))",-33273.396,,,,
O_tau=0.4,3,1.610989e-05,1.666635e-01,"(0, (2, 2, 2, 2, 3))",-32690.763,,,,
O_tau=0.4,3,1.639694e-05,1.666635e-01,"(0, (2, 2, 2, 2, 3))",-32118.330,,,,
O_tau=0.4,3,1.668910e-05,1.666634e-01,"(0, (2, 2, 2, 2, 3))",-31555.918,,,,
O_tau=0.4,3,1.698646e-05,1.666634e-01,"(0, (2, 2, 2, 2, 3))",-31003.351,,,,
O_tau=0.4,3,1.728913e-05,1.666633e-01,"(0, (2, 2, 2, 2, 3))",-30460.458,,,,
O_tau=0.4,3,1.759718e-05,1.666632e-01,"(0, (2, 2, 2, 2, 3))",-29927.069,,,,
O_tau=0.4,3,1.791073e-05,1.666632e-01,"(0, (2, 2, 2, 2, 3))",-29403.018,,,,
O_tau=0.4,3,1.822986e-05,1.666631e-01,"(0, (2, 2, 2, 2, 3))",-28888.140,,,,
O_tau=0.4,3,1.855468e-05,1.666631e-01,"(0, (2, 2, 2, 2, 3))",-28382.276,,,,
O_tau=0.4,3,1.888529e-05,1.666630e-01,"(0, (2, 2, 2, 2, 3))",-27885.268,,,,
O_tau=0.4,3,1.922178e-05,1.666629e-01,"(0, (2, 2, 2, 2, 3))",-27396.961,,,,
O_tau=0.4,3,1.956428e-05,1.666629e-01,"(0, (2, 2, 2, 2, 3))",-26917.202,,,,
O_tau=0.4,3,1.991287e-05,1.666628e-01,"(0, (2, 2, 2, 2, 3))",-26445.841,,,,
O_tau=0.4,3,2.026768e-05,1.666627e-01,"(0, (2, 2, 2, 2, 3))",-25982.733,,,,
O_tau=0.4,3,2.062881e-05,1.666627e-01,"(0, (2, 2, 2, 2, 3))",-25527.731,,,,
O_tau=0.4,3,2.099637e-05,1.666626e-01,"(0, (2, 2, 2, 2, 3))",-25080.695,,,,
O_tau=0.4,3,2.137048e-05,1.666625e-01,"(0, (2, 2, 2, 2, 3))",-24641.485,,,,
O_tau=0.4,3,2.175126e-05,1.666624e-01,"(0, (2, 2, 2, 2, 3))",-24209.964,,,,
O_tau=0.4,3,2.213882e-05,1.666624e-01,"(0, (2, 2, 2, 2, 3))",-23785.997,,,,
O_tau=0.4,3,2.253329e-05,1.666623e-01,"(0, (2, 2, 2, 2, 3))",-23369.452,,,,
O_tau=0.4,3,2.293479e-05,1.666622e-01,"(0, (2, 2, 2, 2, 3))",-22960.199,,,,
O_tau=0.4,3,2.334344e-05,1.666621e-01,"(0, (2, 2, 2, 2, 3))",-22558.111,,,,
O_tau=0.4,3,2.375937e-05,1.666620e-01,"(0, (2, 2, 2, 2, 3))",-22163.061,,,,
O_tau=0.4,3,2.418271e-05,1.666620e-01,"(0, (2, 2, 2, 2, 3))",-21774.928,,,,
O_tau=0.4,3,2.461360e-05,1.666619e-01,"(0, (2, 2, 2, 2, 3))",-21393.589,,,,
O_tau=0.4,3,2.505216e-05,1.666618e-01,"(0, (2, 2, 2, 2, 3))",-21018.926,,,,
O_tau=0.4,3,2.549854e-05,1.666617e-01,"(0, (2, 2, 2, 2, 3))",-20650.822,,,,
O_tau=0.4,3,2.595287e-05,1.666616e-01,"(0, (2, 2, 2, 2, 3))",-20289.162,,,,
O_tau=0.4,3,2.641530e-05,1.666615e-01,"(0, (2, 2, 2, 2, 3))",-19933.833,,,,
O_tau=0.4,3,2.688596e-05,1.666614e-01,"(0, (2, 2, 2, 2, 3))",-19584.725,,,,
O_tau=0.4,3,2.736502e-05,1.666613e-01,"(0, (2, 2, 2, 2, 3))",-19241.728,,,,
O_tau=0.4,3,2.785260e-05,1.666613e-01,"(0, (2, 2, 2, 2, 3))",-18904.736,,,,
O_tau=0.4,3,2.834888e-05,1.666612e-01,"(0, (2, 2, 2, 2, 3))",-18573.644,,,,
O_tau=0.4,3,2.885400e-05,1.666611e-01,"(0, (2, 2, 2, 2, 3))",-18248.347,,,,
O_tau=0.4,3,2.936812e-05,1.666610e-01,"(0, (2, 2, 2, 2, 3))",-17928.745,,,,
O_tau=0.4,3,2.989140e-05,1.666609e-01,"(0, (2, 2, 2, 2, 3))",-17614.739,,,,
O_tau=0.4,3,3.042400e-05,1.666608e-01,"(0, (2, 2, 2, 2, 3))",-17306.229,,,,
O_tau=0.4,3,3.096609e-05,1.666606e-01,"(0, (2, 2, 2, 2, 3))",-17003.120,,,,
O_tau=0.4,3,3.151784e-05,1.666605e-01,"(0, (2, 2, 2, 2, 3))",-16705.318,,,,
O_tau=0.4,3,3.207943e-05,1.666604e-01,"(0, (2, 2, 2, 2, 3))",-16412.729,,,,
O_tau=0.4,3,3.265102e-05,1.666603e-01,"(0, (2, 2, 2, 2, 3))",-16125.262,,,,
O_tau=0.4,3,3.323279e-05,1.666602e-01,"(0, (2, 2, 2, 2, 3))",-15842.827,,,,
O_tau=0.4,3,3.382493e-05,1.666601e-01,"(0, (2, 2, 2, 2, 3))",-15565.337,,,,
O_tau=0.4,3,3.442762e-05,1.666600e-01,"(0, (2, 2, 2, 2, 3))",-15292.705,,,,
O_tau=0.4,3,3.504105e-05,1.666599e-01,"(0, (2, 2, 2, 2, 3))",-15024.845,,,,
O_tau=0.4,3,3.566541e-05,1.666597e-01,"(0, (2, 2, 2, 2, 3))",-14761.675,,,,
O_tau=0.4,3,3.630089e-05,1.666596e-01,"(0, (2, 2, 2, 2, 3))",-14503.112,,,,
O_tau=0.4,3,3.694770e-05,1.666595e-01,"(0, (2, 2, 2, 2, 3))",-14249.075,,,,
O_tau=0.4,3,3.760603e-05,1.666594e-01,"(0, (2, 2, 2, 2, 3))",-13999.485,,,,
O_tau=0.4,3,3.827609e-05,1.666592e-01,"(0, (2, 2, 2, 2, 3))",-13754.265,,,,
O_tau=0.4,3,3.895809e-05,1.666591e-01,"(0, (2, 2, 2, 2, 3))",-13513.338,,,,
O_tau=0.4,3,3.965225e-05,1.666590e-01,"(0, (2, 2, 2, 2, 3))",-13276.629,,,,
O_tau=0.4,3,4.035877e-05,1.666588e-01,"(0, (2, 2, 2, 2, 3))",-13044.063,,,,
O_tau=0.4,3,4.107788e-05,1.666587e-01,"(0, (2, 2, 2, 2, 3))",-12815.569,,,,
O_tau=0.4,3,4.180980e-05,1.666585e-01,"(0, (2, 2, 2, 2, 3))",-12591.075,,,,
O_tau=0.4,3,4.255477e-05,1.666584e-01,"(0, (2, 2, 2, 2, 3))",-12370.511,,,,
O_tau=0.4,3,4.331300e-05,1.666582e-01,"(0, (2, 2, 2, 2, 3))",-12153.808,,,,
O_tau=0.4,3,4.408475e-05,1.666581e-01,"(0, (2, 2, 2, 2, 3))",-11940.899,,,,
O_tau=0.4,3,4.487025e-05,1.666579e-01,"(0, (2, 2, 2, 2, 3))",-11731.717,,,,
O_tau=0.4,3,4.566975e-05,1.666578e-01,"(0, (2, 2, 2, 2, 3))",-11526.197,,,,
O_tau=0.4,3,4.648349e-05,1.666576e-01,"(0, (2, 2, 2, 2, 3))",-11324.275,,,,
O_tau=0.4,3,4.731173e-05,1.666575e-01,"(0, (2, 2, 2, 2, 3))",-11125.888,,,,
O_tau=0.4,3,4.815472e-05,1.666573e-01,"(0, (2, 2, 2, 2, 3))",-10930.974,,,,
O_tau=0.4,3,4.901274e-05,1.666571e-01,"(0, (2, 2, 2, 2, 3))",-10739.472,,,,
O_tau=0.4,3,4.988605e-05,1.666570e-01,"(0, (2, 2, 2, 2, 3))",-10551.323,,,,
O_tau=0.4,3,5.077491e-05,1.666568e-01,"(0, (2, 2, 2, 2, 3))",-10366.468,,,,
O_tau=0.4,3,5.167962e-05,1.666566e-01,"(0, (2, 2, 2, 2, 3))",-10184.848,,,,
O_tau=0.4,3,5.260044e-05,1.666564e-01,"(0, (2, 2, 2, 2, 3))",-10006.409,,,,
O_tau=0.4,3,5.353767e-05,1.666563e-01,"(0, (2, 2, 2, 2, 3))",-9831.093,,,,
O_tau=0.4,3,5.449160e-05,1.666561e-01,"(0, (2, 2, 2, 2, 3))",-9658.846,,,,
O_tau=0.4,3,5.546253e-05,1.666559e-01,"(0, (2, 2, 2, 2, 3))",-9489.614,,,,
O_tau=0.4,3,5.645076e-05,1.666557e-01,"(0, (2, 2, 2, 2, 3))",-9323.346,,,,
O_tau=0.4,3,5.745660e-05,1.666555e-01,"(0, (2, 2, 2, 2, 3))",-9159.988,,,,
O_tau=0.4,3,5.848035e-05,1.666553e-01,"(0, (2, 2, 2, 2, 3))",-8999.489,,,,
O_tau=0.4,3,5.952235e-05,1.666551e-01,"(0, (2, 2, 2, 2, 3))",-8841.801,,,,
O_tau=0.4,3,6.058292e-05,1.666549e-01,"(0, (2, 2, 2, 2, 3))",-8686.873,,,,
O_tau=0.4,3,6.166238e-05,1.666547e-01,"(0, (2, 2, 2, 2, 3))",-8534.658,,,,
O_tau=0.4,3,6.276108e-05,1.666545e-01,"(0, (2, 2, 2, 2, 3))",-8385.107,,,,
O_tau=0.4,3,6.387935e-05,1.666542e-01,"(0, (2, 2, 2, 2, 3))",-8238.174,,,,
O_tau=0.4,3,6.501755e-05,1.666540e-01,"(0, (2, 2, 2, 2, 3))",-8093.813,,,,
O_tau=0.4,3,6.617603e-05,1.666538e-01,"(0, (2, 2, 2, 2, 3))",-7951.980,,,,
O_tau=0.4,3,6.735515e-05,1.666536e-01,"(0, (2, 2, 2, 2, 3))",-7812.630,,,,
O_tau=0.4,3,6.855528e-05,1.666533e-01,"(0, (2, 2, 2, 2, 3))",-7675.719,,,,
O_tau=0.4,3,6.977679e-05,1.666531e-01,"(0, (2, 2, 2, 2, 3))",-7541.205,,,,
O_tau=0.4,3,7.102007e-05,1.666529e-01,"(0, (2, 2, 2, 2, 3))",-7409.046,,,,
O_tau=0.4,3,7.228550e-05,1.666526e-01,"(0, (2, 2, 2, 2, 3))",-7279.201,,,,
O_tau=0.4,3,7.357348e-05,1.666524e-01,"(0, (2, 2, 2, 2, 3))",-7151.629,,,,
O_tau=0.4,3,7.488441e-05,1.666521e-01,"(0, (2, 2, 2, 2, 3))",-7026.290,,,,
O_tau=0.4,3,7.621869e-05,1.666518e-01,"(0, (2, 2, 2, 2, 3))",-6903.145,,,,
O_tau=0.4,3,7.757675e-05,1.666516e-01,"(0, (2, 2, 2, 2, 3))",-6782.157,,,,
O_tau=0.4,3,7.895901e-05,1.666513e-01,"(0, (2, 2, 2, 2, 3))",-6663.286,,,,
O_tau=0.4,3,8.036590e-05,1.666510e-01,"(0, (2, 2, 2, 2, 3))",-6546.496,,,,
O_tau=0.4,3,8.179785e-05,1.666508e-01,"(0, (2, 2, 2, 2, 3))",-6431.751,,,,
O_tau=0.4,3,8.325532e-05,1.666505e-01,"(0, (2, 2, 2, 2, 3))",-6319.015,,,,
O_tau=0.4,3,8.473876e-05,1.666502e-01,"(0, (2, 2, 2, 2, 3))",-6208.252,,,,
O_tau=0.4,3,8.624863e-05,1.666499e-01,"(0, (2, 2, 2, 2, 3))",-6099.429,,,,
O_tau=0.4,3,8.778540e-05,1.666496e-01,"(0, (2, 2, 2, 2, 3))",-5992.510,,,,
O_tau=0.4,3,8.934956e-05,1.666493e-01,"(0, (2, 2, 2, 2, 3))",-5887.464,,,,
O_tau=0.4,3,9.094158e-05,1.666490e-01,"(0, (2, 2, 2, 2, 3))",-5784.256,,,,
O_tau=0.4,3,9.256197e-05,1.666487e-01,"(0, (2, 2, 2, 2, 3))",-5682.855,,,,
O_tau=0.4,3,9.421124e-05,1.666484e-01,"(0, (2, 2, 2, 2, 3))",-5583.229,,,,
O_tau=0.4,3,9.588989e-05,1.666480e-01,"(0, (2, 2, 2, 2, 3))",-5485.348,,,,
O_tau=0.4,3,9.759844e-05,1.666477e-01,"(0, (2, 2, 2, 2, 3))",-5389.180,,,,
O_tau=0.4,3,9.933745e-05,1.666474e-01,"(0, (2, 2, 2, 2, 3))",-5294.696,,,,
O_tau=0.4,3,1.011074e-04,1.666470e-01,"(0, (2, 2, 2, 2, 3))",-5201.865,,,,
O_tau=0.4,3,1.029090e-04,1.666467e-01,"(0, (2, 2, 2, 2, 3))",-5110.660,,,,
O_tau=0.4,3,1.047426e-04,1.666463e-01,"(0, (2, 2, 2, 2, 3))",-5021.052,,,,
O_tau=0.4,3,1.066089e-04,1.666459e-01,"(0, (2, 2, 2, 2, 3))",-4933.012,,,,
O_tau=0.4,3,1.085084e-04,1.666456e-01,"(0, (2, 2, 2, 2, 3))",-4846.514,,,,
O_tau=0.4,3,1.104418e-04,1.666452e-01,"(0, (2, 2, 2, 2, 3))",-4761.530,,,,
O_tau=0.4,3,1.124097e-04,1.666448e-01,"(0, (2, 2, 2, 2, 3))",-4678.034,,,,
O_tau=0.4,3,1.144126e-04,1.666444e-01,"(0, (2, 2, 2, 2, 3))",-4595.999,,,,
O_tau=0.4,3,1.164512e-04,1.666440e-01,"(0, (2, 2, 2, 2, 3))",-4515.401,,,,
O_tau=0.4,3,1.185261e-04,1.666436e-01,"(0, (2, 2, 2, 2, 3))",-4436.214,,,,
O_tau=0.4,3,1.206380e-04,1.666432e-01,"(0, (2, 2, 2, 2, 3))",-4358.413,,,,
O_tau=0.4,3,1.227875e-04,1.666428e-01,"(0, (2, 2, 2, 2, 3))",-4281.974,,,,
O_tau=0.4,3,1.249753e-04,1.666424e-01,"(0, (2, 2, 2, 2, 3))",-4206.873,,,,
O_tau=0.4,3,1.272021e-04,1.666419e-01,"(0, (2, 2, 2, 2, 3))",-4133.087,,,,
O_tau=0.4,3,1.294686e-04,1.666415e-01,"(0, (2, 2, 2, 2, 3))",-4060.593,,,,
O_tau=0.4,3,1.317755e-04,1.666410e-01,"(0, (2, 2, 2, 2, 3))",-3989.368,,,,
O_tau=0.4,3,1.341234e-04,1.666406e-01,"(0, (2, 2, 2, 2, 3))",-3919.390,,,,
O_tau=0.4,3,1.365132e-04,1.666401e-01,"(0, (2, 2, 2, 2, 3))",-3850.637,,,,
O_tau=0.4,3,1.389456e-04,1.666397e-01,"(0, (2, 2, 2, 2, 3))",-3783.088,,,,
O_tau=0.4,3,1.414214e-04,1.666392e-01,"(0, (2, 2, 2, 2, 3))",-3716.721,,,,
O_tau=0.4,3,1.439412e-04,1.666387e-01,"(0, (2, 2, 2, 2, 3))",-3651.516,,,,
O_tau=0.4,3,1.465059e-04,1.666382e-01,"(0, (2, 2, 2, 2, 3))",-3587.453,,,,
O_tau=0.4,3,1.491164e-04,1.666377e-01,"(0, (2, 2, 2, 2, 3))",-3524.511,,,,
O_tau=0.4,3,1.517733e-04,1.666372e-01,"(0, (2, 2, 2, 2, 3))",-3462.671,,,,
O_tau=0.4,3,1.544776e-04,1.666366e-01,"(0, (2, 2, 2, 2, 3))",-3401.914,,,,
O_tau=0.4,3,1.572301e-04,1.666361e-01,"(0, (2, 2, 2, 2, 3))",-3342.221,,,,
O_tau=0.4,3,1.600316e-04,1.666356e-01,"(0, (2, 2, 2, 2, 3))",-3283.572,,,,
O_tau=0.4,3,1.628830e-04,1.666350e-01,"(0, (2, 2, 2, 2, 3))",-3225.951,,,,
O_tau=0.4,3,1.657853e-04,1.666344e-01,"(0, (2, 2, 2, 2, 3))",-3169.338,,,,
O_tau=0.4,3,1.687392e-04,1.666339e-01,"(0, (2, 2, 2, 2, 3))",-3113.716,,,,
O_tau=0.4,3,1.717458e-04,1.666333e-01,"(0, (2, 2, 2, 2, 3))",-3059.068,,,,
O_tau=0.4,3,1.748059e-04,1.666327e-01,"(0, (2, 2, 2, 2, 3))",-3005.377,,,,
O_tau=0.4,3,1.779206e-04,1.666321e-01,"(0, (2, 2, 2, 2, 3))",-2952.626,,,,
O_tau=0.4,3,1.810908e-04,1.666315e-01,"(0, (2, 2, 2, 2, 3))",-2900.798,,,,
O_tau=0.4,3,1.843175e-04,1.666308e-01,"(0, (2, 2, 2, 2, 3))",-2849.878,,,,
O_tau=0.4,3,1.876016e-04,1.666302e-01,"(0, (2, 2, 2, 2, 3))",-2799.849,,,,
O_tau=0.4,3,1.909443e-04,1.666296e-01,"(0, (2, 2, 2, 2, 3))",-2750.696,,,,
O_tau=0.4,3,1.943465e-04,1.666289e-01,"(0, (2, 2, 2, 2, 3))",-2702.403,,,,
O_tau=0.4,3,1.978094e-04,1.666282e-01,"(0, (2, 2, 2, 2, 3))",-2654.956,,,,
O_tau=0.4,3,2.013339e-04,1.666275e-01,"(0, (2, 2, 2, 2, 3))",-2608.340,,,,
O_tau=0.4,3,2.049213e-04,1.666268e-01,"(0, (2, 2, 2, 2, 3))",-2562.540,,,,
O_tau=0.4,3,2.085726e-04,1.666261e-01,"(0, (2, 2, 2, 2, 3))",-2517.542,,,,
O_tau=0.4,3,2.122889e-04,1.666254e-01,"(0, (2, 2, 2, 2, 3))",-2473.331,,,,
O_tau=0.4,3,2.160715e-04,1.666247e-01,"(0, (2, 2, 2, 2, 3))",-2429.895,,,,
O_tau=0.4,3,2.199214e-04,1.666239e-01,"(0, (2, 2, 2, 2, 3))",-2387.219,,,,
O_tau=0.4,3,2.238399e-04,1.666232e-01,"(0, (2, 2, 2, 2, 3))",-2345.290,,,,
O_tau=0.4,3,2.278283e-04,1.666224e-01,"(0, (2, 2, 2, 2, 3))",-2304.095,,,,
O_tau=0.4,3,2.318877e-04,1.666216e-01,"(0, (2, 2, 2, 2, 3))",-2263.621,,,,
O_tau=0.4,3,2.360195e-04,1.666208e-01,"(0, (2, 2, 2, 2, 3))",-2223.856,,,,
O_tau=0.4,3,2.402249e-04,1.666200e-01,"(0, (2, 2, 2, 2, 3))",-2184.788,,,,
O_tau=0.4,3,2.445052e-04,1.666191e-01,"(0, (2, 2, 2, 2, 3))",-2146.403,,,,
O_tau=0.4,3,2.488618e-04,1.666183e-01,"(0, (2, 2, 2, 2, 3))",-2108.690,,,,
O_tau=0.4,3,2.532960e-04,1.666174e-01,"(0, (2, 2, 2, 2, 3))",-2071.638,,,,
O_tau=0.4,3,2.578092e-04,1.666166e-01,"(0, (2, 2, 2, 2, 3))",-2035.234,,,,
O_tau=0.4,3,2.624028e-04,1.666157e-01,"(0, (2, 2, 2, 2, 3))",-1999.467,,,,
O_tau=0.4,3,2.670783e-04,1.666148e-01,"(0, (2, 2, 2, 2, 3))",-1964.327,,,,
O_tau=0.4,3,2.718371e-04,1.666138e-01,"(0, (2, 2, 2, 2, 3))",-1929.802,,,,
O_tau=0.4,3,2.766807e-04,1.666129e-01,"(0, (2, 2, 2, 2, 3))",-1895.882,,,,
O_tau=0.4,3,2.816105e-04,1.666119e-01,"(0, (2, 2, 2, 2, 3))",-1862.555,,,,
O_tau=0.4,3,2.866283e-04,1.666110e-01,"(0, (2, 2, 2, 2, 3))",-1829.812,,,,
O_tau=0.4,3,2.917354e-04,1.666100e-01,"(0, (2, 2, 2, 2, 3))",-1797.642,,,,
O_tau=0.4,3,2.969335e-04,1.666090e-01,"(0, (2, 2, 2, 2, 3))",-1766.035,,,,
O_tau=0.4,3,3.022242e-04,1.666079e-01,"(0, (2, 2, 2, 2, 3))",-1734.982,,,,
O_tau=0.4,3,3.076093e-04,1.666069e-01,"(0, (2, 2, 2, 2, 3))",-1704.472,,,,
O_tau=0.4,3,3.130902e-04,1.666058e-01,"(0, (2, 2, 2, 2, 3))",-1674.497,,,,
O_tau=0.4,3,3.186688e-04,1.666047e-01,"(0, (2, 2, 2, 2, 3))",-1645.046,,,,
O_tau=0.4,3,3.243469e-04,1.666036e-01,"(0, (2, 2, 2, 2, 3))",-1616.111,,,,
O_tau=0.4,3,3.301261e-04,1.666025e-01,"(0, (2, 2, 2, 2, 3))",-1587.683,,,,
O_tau=0.4,3,3.360082e-04,1.666014e-01,"(0, (2, 2, 2, 2, 3))",-1559.752,,,,
O_tau=0.4,3,3.419952e-04,1.666002e-01,"(0, (2, 2, 2, 2, 3))",-1532.311,,,,
O_tau=0.4,3,3.480888e-04,1.665990e-01,"(0, (2, 2, 2, 2, 3))",-1505.350,,,,
O_tau=0.4,3,3.542911e-04,1.665978e-01,"(0, (2, 2, 2, 2, 3))",-1478.860,,,,
O_tau=0.4,3,3.606038e-04,1.665966e-01,"(0, (2, 2, 2, 2, 3))",-1452.835,,,,
O_tau=0.4,3,3.670290e-04,1.665953e-01,"(0, (2, 2, 2, 2, 3))",-1427.265,,,,
O_tau=0.4,3,3.735687e-04,1.665941e-01,"(0, (2, 2, 2, 2, 3))",-1402.143,,,,
O_tau=0.4,3,3.802249e-04,1.665928e-01,"(0, (2, 2, 2, 2, 3))",-1377.461,,,,
O_tau=0.4,3,3.869998e-04,1.665915e-01,"(0, (2, 2, 2, 2, 3))",-1353.211,,,,
O_tau=0.4,3,3.938953e-04,1.665901e-01,"(0, (2, 2, 2, 2, 3))",-1329.386,,,,
O_tau=0.4,3,4.009137e-04,1.665888e-01,"(0, (2, 2, 2, 2, 3))",-1305.978,,,,
O_tau=0.4,3,4.080572e-04,1.665874e-01,"(0, (2, 2, 2, 2, 3))",-1282.979,,,,
O_tau=0.4,3,4.153279e-04,1.665860e-01,"(0, (2, 2, 2, 2, 3))",-1260.384,,,,
O_tau=0.4,3,4.227282e-04,1.665845e-01,"(0, (2, 2, 2, 2, 3))",-1238.184,,,,
O_tau=0.4,3,4.302603e-04,1.665831e-01,"(0, (2, 2, 2, 2, 3))",-1216.372,,,,
O_tau=0.4,3,4.379267e-04,1.665816e-01,"(0, (2, 2, 2, 2, 3))",-1194.943,,,,
O_tau=0.4,3,4.457296e-04,1.665801e-01,"(0, (2, 2, 2, 2, 3))",-1173.889,,,,
O_tau=0.4,3,4.536716e-04,1.665785e-01,"(0, (2, 2, 2, 2, 3))",-1153.203,,,,
O_tau=0.4,3,4.617551e-04,1.665769e-01,"(0, (2, 2, 2, 2, 3))",-1132.880,,,,
O_tau=0.4,3,4.699826e-04,1.665754e-01,"(0, (2, 2, 2, 2, 3))",-1112.912,,,,
O_tau=0.4,3,4.783567e-04,1.665737e-01,"(0, (2, 2, 2, 2, 3))",-1093.294,,,,
O_tau=0.4,3,4.868801e-04,1.665721e-01,"(0, (2, 2, 2, 2, 3))",-1074.020,,,,
O_tau=0.4,3,4.955553e-04,1.665704e-01,"(0, (2, 2, 2, 2, 3))",-1055.083,,,,
O_tau=0.4,3,5.043850e-04,1.665687e-01,"(0, (2, 2, 2, 2, 3))",-1036.477,,,,
O_tau=0.4,3,5.133721e-04,1.665669e-01,"(0, (2, 2, 2, 2, 3))",-1018.198,,,,
O_tau=0.4,3,5.225194e-04,1.665652e-01,"(0, (2, 2, 2, 2, 3))",-1000.238,,,,
O_tau=0.4,3,5.318296e-04,1.665633e-01,"(0, (2, 2, 2, 2, 3))",-982.593,,,,
O_tau=0.4,3,5.413057e-04,1.665615e-01,"(0, (2, 2, 2, 2, 3))",-965.257,,,,
O_tau=0.4,3,5.509506e-04,1.665596e-01,"(0, (2, 2, 2, 2, 3))",-948.224,,,,
O_tau=0.4,3,5.607674e-04,1.665577e-01,"(0, (2, 2, 2, 2, 3))",-931.490,,,,
O_tau=0.4,3,5.707592e-04,1.665558e-01,"(0, (2, 2, 2, 2, 3))",-915.049,,,,
O_tau=0.4,3,5.809289e-04,1.665538e-01,"(0, (2, 2, 2, 2, 3))",-898.895,,,,
O_tau=0.4,3,5.912799e-04,1.665518e-01,"(0, (2, 2, 2, 2, 3))",-883.025,,,,
O_tau=0.4,3,6.018153e-04,1.665498e-01,"(0, (2, 2, 2, 2, 3))",-867.432,,,,
O_tau=0.4,3,6.125384e-04,1.665477e-01,"(0, (2, 2, 2, 2, 3))",-852.112,,,,
O_tau=0.4,3,6.234525e-04,1.665456e-01,"(0, (2, 2, 2, 2, 3))",-837.061,,,,
O_tau=0.4,3,6.345612e-04,1.665434e-01,"(0, (2, 2, 2, 2, 3))",-822.273,,,,
O_tau=0.4,3,6.458677e-04,1.665412e-01,"(0, (2, 2, 2, 2, 3))",-807.744,,,,
O_tau=0.4,3,6.573758e-04,1.665390e-01,"(0, (2, 2, 2, 2, 3))",-793.470,,,4420,4420
O_tau=0.4,3,6.690889e-04,1.665367e-01,"(0, (2, 2, 2, 2, 3))",-779.445,,,4334,4334
O_tau=0.4,3,6.810106e-04,1.665344e-01,"(0, (2, 2, 2, 2, 3))",-765.666,,,4249,4249
O_tau=0.4,3,6.931448e-04,1.665320e-01,"(0, (2, 2, 2, 2, 3))",-752.129,,,4167,4167
O_tau=0.4,3,7.054953e-04,1.665296e-01,"(0, (2, 2, 2, 2, 3))",-738.828,,,4085,4085
O_tau=0.4,3,7.180657e-04,1.665272e-01,"(0, (2, 2, 2, 2, 3))",-725.760,,,4006,4006
O_tau=0.4,3,7.308602e-04,1.665247e-01,"(0, (2, 2, 2, 2, 3))",-712.921,,,3927,3927
O_tau=0.4,3,7.438826e-04,1.665222e-01,"(0, (2, 2, 2, 2, 3))",-700.307,,,3851,3851
O_tau=0.4,3,7.571370e-04,1.665196e-01,"(0, (2, 2, 2, 2, 3))",-687.914,,,3776,3776
O_tau=0.4,3,7.706277e-04,1.665170e-01,"(0, (2, 2, 2, 2, 3))",-675.738,,,3702,3702
O_tau=0.4,3,7.843587e-04,1.665143e-01,"(0, (2, 2, 2, 2, 3))",-663.775,,,3630,3630
O_tau=0.4,3,7.983343e-04,1.665116e-01,"(0, (2, 2, 2, 2, 3))",-652.022,,,3559,3559
O_tau=0.4,3,8.125590e-04,1.665089e-01,"(0, (2, 2, 2, 2, 3))",-640.474,,,3489,3489
O_tau=0.4,3,8.270371e-04,1.665061e-01,"(0, (2, 2, 2, 2, 3))",-629.129,,,3421,3421
O_tau=0.4,3,8.417732e-04,1.665032e-01,"(0, (2, 2, 2, 2, 3))",-617.982,4446,,3354,3354
O_tau=0.4,3,8.567719e-04,1.665003e-01,"(0, (2, 2, 2, 2, 3))",-607.031,4362,,3289,3289
O_tau=0.4,3,8.720378e-04,1.664973e-01,"(0, (2, 2, 2, 2, 3))",-596.271,4277,,3224,3224
O_tau=0.4,3,8.875757e-04,1.664943e-01,"(0, (2, 2, 2, 2, 3))",-585.700,4193,,3161,3161
O_tau=0.4,3,9.033905e-04,1.664913e-01,"(0, (2, 2, 2, 2, 3))",-575.313,4114,4379,3099,3099
O_tau=0.4,3,9.194870e-04,1.664881e-01,"(0, (2, 2, 2, 2, 3))",-565.109,4036,4296,3039,3039
O_tau=0.4,3,9.358704e-04,1.664850e-01,"(0, (2, 2, 2, 2, 3))",-555.084,3957,4217,2979,2979
O_tau=0.4,3,9.525456e-04,1.664817e-01,"(0, (2, 2, 2, 2, 3))",-545.234,3883,4134,2921,2921
O_tau=0.4,3,9.695180e-04,1.664784e-01,"(0, (2, 2, 2, 2, 3))",-535.556,3808,4052,2864,2864
O_tau=0.4,3,9.867929e-04,1.664751e-01,"(0, (2, 2, 2, 2, 3))",-526.048,3735,3977,2808,2808
O_tau=0.4,3,1.004375e-03,1.664717e-01,"(0, (2, 2, 2, 2, 3))",-516.707,3660,3901,2753,2753
O_tau=0.4,3,1.022271e-03,1.664682e-01,"(0, (2, 2, 2, 2, 3))",-507.529,3592,3829,2699,2699
O_tau=0.4,3,1.040486e-03,1.664647e-01,"(0, (2, 2, 2, 2, 3))",-498.512,3522,3754,2646,2646
O_tau=0.4,3,1.059025e-03,1.664611e-01,"(0, (2, 2, 2, 2, 3))",-489.652,3455,3682,2594,2594
O_tau=0.4,3,1.077895e-03,1.664574e-01,"(0, (2, 2, 2, 2, 3))",-480.948,3390,3613,2543,2543
O_tau=0.4,3,1.097101e-03,1.664537e-01,"(0, (2, 2, 2, 2, 3))",-472.397,3322,3544,2494,2494
O_tau=0.4,3,1.116649e-03,1.664499e-01,"(0, (2, 2, 2, 2, 3))",-463.995,3259,3474,2445,2445
O_tau=0.4,3,1.136545e-03,1.664461e-01,"(0, (2, 2, 2, 2, 3))",-455.740,3195,3410,2397,2397
O_tau=0.4,3,1.156796e-03,1.664422e-01,"(0, (2, 2, 2, 2, 3))",-447.630,3134,3344,2350,2350
O_tau=0.4,3,1.177408e-03,1.664382e-01,"(0, (2, 2, 2, 2, 3))",-439.662,3074,3281,2304,2304
O_tau=0.4,3,1.198387e-03,1.664341e-01,"(0, (2, 2, 2, 2, 3))",-431.833,3014,3218,2258,2258
O_tau=0.4,3,1.219740e-03,1.664300e-01,"(0, (2, 2, 2, 2, 3))",-424.142,2956,3155,2214,2214
O_tau=0.4,3,1.241473e-03,1.664258e-01,"(0, (2, 2, 2, 2, 3))",-416.585,2901,3094,2171,2171
O_tau=0.4,3,1.263594e-03,1.664215e-01,"(0, (2, 2, 2, 2, 3))",-409.161,2847,3037,2128,2128
O_tau=0.4,3,1.286108e-03,1.664171e-01,"(0, (2, 2, 2, 2, 3))",-401.866,2790,2979,2086,2086
O_tau=0.4,3,1.309024e-03,1.664127e-01,"(0, (2, 2, 2, 2, 3))",-394.700,2736,2921,2045,2045
O_tau=0.4,3,1.332348e-03,1.664082e-01,"(0, (2, 2, 2, 2, 3))",-387.659,2684,2865,2005,2005
O_tau=0.4,3,1.356088e-03,1.664036e-01,"(0, (2, 2, 2, 2, 3))",-380.741,2632,2812,1966,1966
O_tau=0.4,3,1.380250e-03,1.663989e-01,"(0, (2, 2, 2, 2, 3))",-373.945,2583,2757,1927,1927
O_tau=0.4,3,1.404844e-03,1.663941e-01,"(0, (2, 2, 2, 2, 3))",-367.267,2532,2704,1889,1889
O_tau=0.4,3,1.429875e-03,1.663893e-01,"(0, (2, 2, 2, 2, 3))",-360.706,2480,2650,1852,1852
O_tau=0.4,3,1.455352e-03,1.663844e-01,"(0, (2, 2, 2, 2, 3))",-354.261,2435,2599,1815,1815
O_tau=0.4,3,1.481284e-03,1.663793e-01,"(0, (2, 2, 2, 2, 3))",-347.928,2389,2551,1780,1780
O_tau=0.4,3,1.507677e-03,1.663742e-01,"(0, (2, 2, 2, 2, 3))",-341.706,2342,2503,1745,1745
O_tau=0.4,3,1.534541e-03,1.663690e-01,"(0, (2, 2, 2, 2, 3))",-335.594,2295,2453,1710,1710
O_tau=0.4,3,1.561883e-03,1.663637e-01,"(0, (2, 2, 2, 2, 3))",-329.588,2252,2406,1677,1677
O_tau=0.4,3,1.589713e-03,1.663584e-01,"(0, (2, 2, 2, 2, 3))",-323.687,2209,2358,1644,1644
O_tau=0.4,3,1.618038e-03,1.663529e-01,"(0, (2, 2, 2, 2, 3))",-317.890,2167,2316,1611,1611
O_tau=0.4,3,1.646868e-03,1.663473e-01,"(0, (2, 2, 2, 2, 3))",-312.195,2125,2274,1579,1579
O_tau=0.4,3,1.676212e-03,1.663416e-01,"(0, (2, 2, 2, 2, 3))",-306.599,2082,2228,1548,1548
O_tau=0.4,3,1.706079e-03,1.663359e-01,"(0, (2, 2, 2, 2, 3))",-301.101,2044,2184,1518,1518
O_tau=0.4,3,1.736478e-03,1.663300e-01,"(0, (2, 2, 2, 2, 3))",-295.699,2004,2142,1488,1488
O_tau=0.4,3,1.767418e-03,1.663240e-01,"(0, (2, 2, 2, 2, 3))",-290.393,1966,2100,1458,1458
O_tau=0.4,3,1.798910e-03,1.663179e-01,"(0, (2, 2, 2, 2, 3))",-285.179,1926,2060,1430,1430
O_tau=0.4,3,1.830963e-03,1.663117e-01,"(0, (2, 2, 2, 2, 3))",-280.056,1891,2020,1402,1402
O_tau=0.4,3,1.863587e-03,1.663054e-01,"(0, (2, 2, 2, 2, 3))",-275.023,1854,1981,1374,1374
O_tau=0.4,3,1.896792e-03,1.662990e-01,"(0, (2, 2, 2, 2, 3))",-270.079,1818,1944,1347,1347
O_tau=0.4,3,1.930589e-03,1.662925e-01,"(0, (2, 2, 2, 2, 3))",-265.221,1782,1908,1320,1320
O_tau=0.4,3,1.964988e-03,1.662858e-01,"(0, (2, 2, 2, 2, 3))",-260.448,1747,1872,1294,1294
O_tau=0.4,3,2.000000e-03,1.662790e-01,"(0, (2, 2, 2, 2, 3))",-255.758,1714,1835,1268,1268
O_tau=0.4,3,2.031395e-03,1.662730e-01,"(0, (2, 2, 2, 2, 3))",-251.691,1681,1804,1246,1246
O_tau=0.4,3,2.063282e-03,1.662668e-01,"(0, (2, 2, 2, 2, 3))",-247.687,1657,1770,1225,1225
O_tau=0.4,3,2.095671e-03,1.662606e-01,"(0, (2, 2, 2, 2, 3))",-243.744,1626,1743,1203,1203
O_tau=0.4,3,2.128567e-03,1.662542e-01,"(0, (2, 2, 2, 2, 3))",-239.863,1601,1713,1182,1182
O_tau=0.4,3,2.161980e-03,1.662478e-01,"(0, (2, 2, 2, 2, 3))",-236.041,1572,1680,1162,1162
O_tau=0.4,3,2.195917e-03,1.662412e-01,"(0, (2, 2, 2, 2, 3))",-232.279,1544,1656,1141,1141
O_tau=0.4,3,2.230388e-03,1.662346e-01,"(0, (2, 2, 2, 2, 3))",-228.575,1517,1626,1121,1121
O_tau=0.4,3,2.265399e-03,1.662278e-01,"(0, (2, 2, 2, 2, 3))",-224.928,1494,1601,1102,1102
O_tau=0.4,3,2.300960e-03,1.662209e-01,"(0, (2, 2, 2, 2, 3))",-221.338,1467,1573,1083,1083
O_tau=0.4,3,2.337079e-03,1.662140e-01,"(0, (2, 2, 2, 2, 3))",-217.803,1441,1544,1063,1063
O_tau=0.4,3,2.373765e-03,1.662069e-01,"(0, (2, 2, 2, 2, 3))",-214.323,1418,1518,1045,1045
O_tau=0.4,3,2.411027e-03,1.661997e-01,"(0, (2, 2, 2, 2, 3))",-210.896,1393,1494,1027,1027
O_tau=0.4,3,2.448874e-03,1.661924e-01,"(0, (2, 2, 2, 2, 3))",-207.523,1369,1469,1009,1009
O_tau=0.4,3,2.487314e-03,1.661850e-01,"(0, (2, 2, 2, 2, 3))",-204.202,1346,1441,991,991
O_tau=0.4,3,2.526359e-03,1.661775e-01,"(0, (2, 2, 2, 2, 3))",-200.932,1325,1420,974,974
O_tau=0.4,3,2.566016e-03,1.661698e-01,"(0, (2, 2, 2, 2, 3))",-197.713,1299,1396,957,957
O_tau=0.4,3,2.606296e-03,1.661620e-01,"(0, (2, 2, 2, 2, 3))",-194.543,1275,1371,940,940
O_tau=0.4,3,2.647208e-03,1.661542e-01,"(0, (2, 2, 2, 2, 3))",-191.423,1257,1348,923,923
O_tau=0.4,3,2.688762e-03,1.661461e-01,"(0, (2, 2, 2, 2, 3))",-188.351,1236,1326,907,907
O_tau=0.4,3,2.730969e-03,1.661380e-01,"(0, (2, 2, 2, 2, 3))",-185.326,1214,1299,891,891
O_tau=0.4,3,2.773838e-03,1.661298e-01,"(0, (2, 2, 2, 2, 3))",-182.349,1191,1278,876,876
O_tau=0.4,3,2.817380e-03,1.661214e-01,"(0, (2, 2, 2, 2, 3))",-179.417,1171,1258,860,860
O_tau=0.4,3,2.861605e-03,1.661128e-01,"(0, (2, 2, 2, 2, 3))",-176.531,1153,1239,845,845
O_tau=0.4,3,2.906525e-03,1.661042e-01,"(0, (2, 2, 2, 2, 3))",-173.689,1133,1216,830,830
O_tau=0.4,3,2.952150e-03,1.660954e-01,"(0, (2, 2, 2, 2, 3))",-170.891,1111,1195,816,816
O_tau=0.4,3,2.998491e-03,1.660865e-01,"(0, (2, 2, 2, 2, 3))",-168.137,1094,1174,802,802
O_tau=0.4,3,3.045559e-03,1.660774e-01,"(0, (2, 2, 2, 2, 3))",-165.425,1074,1153,788,788
O_tau=0.4,3,3.093367e-03,1.660682e-01,"(0, (2, 2, 2, 2, 3))",-162.755,1059,1137,774,774
O_tau=0.4,3,3.141924e-03,1.660589e-01,"(0, (2, 2, 2, 2, 3))",-160.127,1040,1113,760,760
O_tau=0.4,3,3.191244e-03,1.660494e-01,"(0, (2, 2, 2, 2, 3))",-157.539,1020,1099,747,747
O_tau=0.4,3,3.241339e-03,1.660397e-01,"(0, (2, 2, 2, 2, 3))",-154.991,1002,1077,734,734
O_tau=0.4,3,3.292219e-03,1.660299e-01,"(0, (2, 2, 2, 2, 3))",-152.483,987,1061,721,721
O_tau=0.4,3,3.343898e-03,1.660200e-01,"(0, (2, 2, 2, 2, 3))",-150.013,970,1042,708,708
O_tau=0.4,3,3.396389e-03,1.660099e-01,"(0, (2, 2, 2, 2, 3))",-147.582,950,1025,696,696
O_tau=0.4,3,3.449703e-03,1.659997e-01,"(0, (2, 2, 2, 2, 3))",-145.188,935,1005,683,683
O_tau=0.4,3,3.503855e-03,1.659893e-01,"(0, (2, 2, 2, 2, 3))",-142.832,921,991,671,671
O_tau=0.4,3,3.558856e-03,1.659787e-01,"(0, (2, 2, 2, 2, 3))",-140.511,905,972,660,660
O_tau=0.4,3,3.614721e-03,1.659679e-01,"(0, (2, 2, 2, 2, 3))",-138.227,887,954,648,648
O_tau=0.4,3,3.671462e-03,1.659570e-01,"(0, (2, 2, 2, 2, 3))",-135.978,875,940,637,637
O_tau=0.4,3,3.729095e-03,1.659460e-01,"(0, (2, 2, 2, 2, 3))",-133.764,858,924,625,625
O_tau=0.4,3,3.787632e-03,1.659347e-01,"(0, (2, 2, 2, 2, 3))",-131.584,843,909,614,614
O_tau=0.4,3,3.847088e-03,1.659233e-01,"(0, (2, 2, 2, 2, 3))",-129.438,829,893,604,604
O_tau=0.4,3,3.907477e-03,1.659117e-01,"(0, (2, 2, 2, 2, 3))",-127.325,814,876,593,593
O_tau=0.4,3,3.968814e-03,1.658999e-01,"(0, (2, 2, 2, 2, 3))",-125.245,801,863,582,582
O_tau=0.4,3,4.031114e-03,1.658880e-01,"(0, (2, 2, 2, 2, 3))",-123.197,788,844,572,572
O_tau=0.4,3,4.094392e-03,1.658758e-01,"(0, (2, 2, 2, 2, 3))",-121.181,772,833,562,562
O_tau=0.4,3,4.158663e-03,1.658635e-01,"(0, (2, 2, 2, 2, 3))",-119.196,758,818,552,552
O_tau=0.4,3,4.223944e-03,1.658510e-01,"(0, (2, 2, 2, 2, 3))",-117.242,748,804,543,543
O_tau=0.4,3,4.290249e-03,1.658383e-01,"(0, (2, 2, 2, 2, 3))",-115.317,732,792,533,533
O_tau=0.4,3,4.357594e-03,1.658254e-01,"(0, (2, 2, 2, 2, 3))",-113.423,723,775,524,524
O_tau=0.4,3,4.425997e-03,1.658122e-01,"(0, (2, 2, 2, 2, 3))",-111.558,709,763,514,514
O_tau=0.4,3,4.495474e-03,1.657989e-01,"(0, (2, 2, 2, 2, 3))",-109.722,695,752,505,505
O_tau=0.4,3,4.566041e-03,1.657854e-01,"(0, (2, 2, 2, 2, 3))",-107.914,686,738,496,496
O_tau=0.4,3,4.637716e-03,1.657717e-01,"(0, (2, 2, 2, 2, 3))",-106.135,674,725,488,488
O_tau=0.4,3,4.710516e-03,1.657577e-01,"(0, (2, 2, 2, 2, 3))",-104.383,660,713,479,479
O_tau=0.4,3,4.784459e-03,1.657436e-01,"(0, (2, 2, 2, 2, 3))",-102.658,649,701,471,471
O_tau=0.4,3,4.859562e-03,1.657292e-01,"(0, (2, 2, 2, 2, 3))",-100.959,637,690,462,462
O_tau=0.4,3,4.935845e-03,1.657146e-01,"(0, (2, 2, 2, 2, 3))",-99.287,628,676,454,454
O_tau=0.4,3,5.013324e-03,1.656998e-01,"(0, (2, 2, 2, 2, 3))",-97.641,616,665,446,446
O_tau=0.4,3,5.092021e-03,1.656847e-01,"(0, (2, 2, 2, 2, 3))",-96.021,607,653,438,438
O_tau=0.4,3,5.171952e-03,1.656694e-01,"(0, (2, 2, 2, 2, 3))",-94.425,595,643,430,430
O_tau=0.4,3,5.253138e-03,1.656539e-01,"(0, (2, 2, 2, 2, 3))",-92.855,585,632,423,423
O_tau=0.4,3,5.335599e-03,1.656382e-01,"(0, (2, 2, 2, 2, 3))",-91.308,573,621,415,415
O_tau=0.4,3,5.419354e-03,1.656222e-01,"(0, (2, 2, 2, 2, 3))",-89.786,566,610,408,408
O_tau=0.4,3,5.504423e-03,1.656059e-01,"(0, (2, 2, 2, 2, 3))",-88.287,555,599,401,401
O_tau=0.4,3,5.590828e-03,1.655894e-01,"(0, (2, 2, 2, 2, 3))",-86.811,549,590,394,394
O_tau=0.4,3,5.678590e-03,1.655727e-01,"(0, (2, 2, 2, 2, 3))",-85.358,536,579,387,387
O_tau=0.4,3,5.767729e-03,1.655556e-01,"(0, (2, 2, 2, 2, 3))",-83.928,526,570,380,380
O_tau=0.4,3,5.858267e-03,1.655384e-01,"(0, (2, 2, 2, 2, 3))",-82.520,519,561,373,373
O_tau=0.4,3,5.950227e-03,1.655208e-01,"(0, (2, 2, 2, 2, 3))",-81.133,508,549,366,366
O_tau=0.4,3,6.043630e-03,1.655030e-01,"(0, (2, 2, 2, 2, 3))",-79.768,502,541,360,360
O_tau=0.4,3,6.138499e-03,1.654849e-01,"(0, (2, 2, 2, 2, 3))",-78.425,492,530,353,353
O_tau=0.4,3,6.234857e-03,1.654666e-01,"(0, (2, 2, 2, 2, 3))",-77.102,483,523,347,347
O_tau=0.4,3,6.332728e-03,1.654479e-01,"(0, (2, 2, 2, 2, 3))",-75.799,475,512,341,341
O_tau=0.4,3,6.432135e-03,1.654290e-01,"(0, (2, 2, 2, 2, 3))",-74.517,467,506,335,335
O_tau=0.4,3,6.533103e-03,1.654098e-01,"(0, (2, 2, 2, 2, 3))",-73.255,457,495,329,329
O_tau=0.4,3,6.635656e-03,1.653902e-01,"(0, (2, 2, 2, 2, 3))",-72.012,450,487,323,323
O_tau=0.4,3,6.739818e-03,1.653704e-01,"(0, (2, 2, 2, 2, 3))",-70.788,444,479,317,317
O_tau=0.4,3,6.845616e-03,1.653503e-01,"(0, (2, 2, 2, 2, 3))",-69.584,434,470,312,312
O_tau=0.4,3,6.953074e-03,1.653299e-01,"(0, (2, 2, 2, 2, 3))",-68.398,427,462,306,306
O_tau=0.4,3,7.062219e-03,1.653091e-01,"(0, (2, 2, 2, 2, 3))",-67.230,419,454,301,301
O_tau=0.4,3,7.173078e-03,1.652881e-01,"(0, (2, 2, 2, 2, 3))",-66.081,411,446,296,296
O_tau=0.4,3,7.285676e-03,1.652667e-01,"(0, (2, 2, 2, 2, 3))",-64.949,405,440,290,290
O_tau=0.4,3,7.400042e-03,1.652450e-01,"(0, (2, 2, 2, 2, 3))",-63.835,399,431,285,285
O_tau=0.4,3,7.516204e-03,1.652229e-01,"(0, (2, 2, 2, 2, 3))",-62.738,392,426,280,280
O_tau=0.4,3,7.634188e-03,1.652005e-01,"(0, (2, 2, 2, 2, 3))",-61.658,385,416,275,275
O_tau=0.4,3,7.754025e-03,1.651778e-01,"(0, (2, 2, 2, 2, 3))",-60.595,379,411,270,270
O_tau=0.4,3,7.875743e-03,1.651547e-01,"(0, (2, 2, 2, 2, 3))",-59.548,372,403,265,265
O_tau=0.4,3,7.999372e-03,1.651313e-01,"(0, (2, 2, 2, 2, 3))",-58.518,368,396,261,261
O_tau=0.4,3,8.124941e-03,1.651075e-01,"(0, (2, 2, 2, 2, 3))",-57.504,358,389,256,256
O_tau=0.4,3,8.252481e-03,1.650833e-01,"(0, (2, 2, 2, 2, 3))",-56.505,353,380,251,251
O_tau=0.4,3,8.382024e-03,1.650588e-01,"(0, (2, 2, 2, 2, 3))",-55.522,346,375,247,247
O_tau=0.4,3,8.513600e-03,1.650339e-01,"(0, (2, 2, 2, 2, 3))",-54.554,341,368,243,243
O_tau=0.4,3,8.647241e-03,1.650087e-01,"(0, (2, 2, 2, 2, 3))",-53.601,333,361,238,238
O_tau=0.4,3,8.782980e-03,1.649830e-01,"(0, (2, 2, 2, 2, 3))",-52.663,328,358,234,234
O_tau=0.4,3,8.920850e-03,1.649569e-01,"(0, (2, 2, 2, 2, 3))",-51.739,323,352,230,230
O_tau=0.4,3,9.060884e-03,1.649305e-01,"(0, (2, 2, 2, 2, 3))",-50.830,317,344,226,226
O_tau=0.4,3,9.203116e-03,1.649036e-01,"(0, (2, 2, 2, 2, 3))",-49.935,311,340,222,222
O_tau=0.4,3,9.347581e-03,1.648764e-01,"(0, (2, 2, 2, 2, 3))",-49.053,306,333,218,218
O_tau=0.4,3,9.494314e-03,1.648487e-01,"(0, (2, 2, 2, 2, 3))",-48.186,302,327,214,214
O_tau=0.4,3,9.643350e-03,1.648206e-01,"(0, (2, 2, 2, 2, 3))",-47.331,295,322,210,210
O_tau=0.4,3,9.794725e-03,1.647921e-01,"(0, (2, 2, 2, 2, 3))",-46.491,289,317,206,206
O_tau=0.4,3,9.948477e-03,1.647631e-01,"(0, (2, 2, 2, 2, 3))",-45.663,286,307,203,203
O_tau=0.4,3,1.010464e-02,1.647337e-01,"(0, (2, 2, 2, 2, 3))",-44.848,282,306,199,199
O_tau=0.4,3,1.026326e-02,1.647039e-01,"(0, (2, 2, 2, 2, 3))",-44.045,275,300,195,195
O_tau=0.4,3,1.042436e-02,1.646736e-01,"(0, (2, 2, 2, 2, 3))",-43.255,270,294,192,192
O_tau=0.4,3,1.058800e-02,1.646428e-01,"(0, (2, 2, 2, 2, 3))",-42.478,266,289,188,188
O_tau=0.4,3,1.075420e-02,1.646116e-01,"(0, (2, 2, 2, 2, 3))",-41.712,260,286,185,185
O_tau=0.4,3,1.092302e-02,1.645799e-01,"(0, (2, 2, 2, 2, 3))",-40.958,257,280,182,182
O_tau=0.4,3,1.109448e-02,1.645477e-01,"(0, (2, 2, 2, 2, 3))",-40.216,254,274,179,179
O_tau=0.4,3,1.126863e-02,1.645150e-01,"(0, (2, 2, 2, 2, 3))",-39.486,247,270,175,175
O_tau=0.4,3,1.144552e-02,1.644819e-01,"(0, (2, 2, 2, 2, 3))",-38.767,244,264,172,172
O_tau=0.4,3,1.162519e-02,1.644482e-01,"(0, (2, 2, 2, 2, 3))",-38.059,238,259,169,169
O_tau=0.4,3,1.180767e-02,1.644140e-01,"(0, (2, 2, 2, 2, 3))",-37.362,235,257,166,166
O_tau=0.4,3,1.199302e-02,1.643793e-01,"(0, (2, 2, 2, 2, 3))",-36.675,231,254,163,163
O_tau=0.4,3,1.218128e-02,1.643441e-01,"(0, (2, 2, 2, 2, 3))",-36.000,228,247,160,160
O_tau=0.4,3,1.237250e-02,1.643084e-01,"(0, (2, 2, 2, 2, 3))",-35.335,222,244,157,157
O_tau=0.4,3,1.256671e-02,1.642721e-01,"(0, (2, 2, 2, 2, 3))",-34.680,220,238,154,154
O_tau=0.4,3,1.276398e-02,1.642353e-01,"(0, (2, 2, 2, 2, 3))",-34.036,216,234,152,152
O_tau=0.4,3,1.296434e-02,1.641979e-01,"(0, (2, 2, 2, 2, 3))",-33.401,212,230,149,149
O_tau=0.4,3,1.316784e-02,1.641599e-01,"(0, (2, 2, 2, 2, 3))",-32.776,207,227,146,146
O_tau=0.4,3,1.337454e-02,1.641214e-01,"(0, (2, 2, 2, 2, 3))",-32.161,204,222,144,144
O_tau=0.4,3,1.358449e-02,1.640823e-01,"(0, (2, 2, 2, 2, 3))",-31.556,201,220,141,141
O_tau=0.4,3,1.379773e-02,1.640426e-01,"(0, (2, 2, 2, 2, 3))",-30.960,199,216,139,139
O_tau=0.4,3,1.401432e-02,1.640023e-01,"(0, (2, 2, 2, 2, 3))",-30.373,195,212,136,136
O_tau=0.4,3,1.423431e-02,1.639614e-01,"(0, (2, 2, 2, 2, 3))",-29.796,190,207,134,134
O_tau=0.4,3,1.445775e-02,1.639199e-01,"(0, (2, 2, 2, 2, 3))",-29.227,186,203,131,131
O_tau=0.4,3,1.468470e-02,1.638778e-01,"(0, (2, 2, 2, 2, 3))",-28.667,184,201,129,129
O_tau=0.4,3,1.491521e-02,1.638351e-01,"(0, (2, 2, 2, 2, 3))",-28.116,181,198,127,127
O_tau=0.4,3,1.514934e-02,1.637917e-01,"(0, (2, 2, 2, 2, 3))",-27.573,179,194,124,124
O_tau=0.4,3,1.538714e-02,1.637476e-01,"(0, (2, 2, 2, 2, 3))",-27.039,174,190,122,122
O_tau=0.4,3,1.562868e-02,1.637029e-01,"(0, (2, 2, 2, 2, 3))",-26.513,172,186,120,120
O_tau=0.4,3,1.587401e-02,1.636576e-01,"(0, (2, 2, 2, 2, 3))",-25.996,168,184,118,118
O_tau=0.4,3,1.612319e-02,1.636115e-01,"(0, (2, 2, 2, 2, 3))",-25.486,165,181,116,116
O_tau=0.4,3,1.637628e-02,1.635648e-01,"(0, (2, 2, 2, 2, 3))",-24.985,162,179,114,114
O_tau=0.4,3,1.663335e-02,1.635174e-01,"(0, (2, 2, 2, 2, 3))",-24.491,158,173,112,112
O_tau=0.4,3,1.689445e-02,1.634692e-01,"(0, (2, 2, 2, 2, 3))",-24.005,157,172,110,110
O_tau=0.4,3,1.715965e-02,1.634204e-01,"(0, (2, 2, 2, 2, 3))",-23.526,153,168,108,108
O_tau=0.4,3,1.742901e-02,1.633708e-01,"(0, (2, 2, 2, 2, 3))",-23.055,152,165,106,106
O_tau=0.4,3,1.770260e-02,1.633205e-01,"(0, (2, 2, 2, 2, 3))",-22.591,150,162,104,104
O_tau=0.4,3,1.798048e-02,1.632694e-01,"(0, (2, 2, 2, 2, 3))",-22.134,147,158,102,102
O_tau=0.4,3,1.826273e-02,1.632176e-01,"(0, (2, 2, 2, 2, 3))",-21.685,142,157,100,100
O_tau=0.4,3,1.854941e-02,1.631650e-01,"(0, (2, 2, 2, 2, 3))",-21.242,141,153,98,98
O_tau=0.4,3,1.884058e-02,1.631117e-01,"(0, (2, 2, 2, 2, 3))",-20.807,141,152,96,96
O_tau=0.4,3,1.913633e-02,1.630575e-01,"(0, (2, 2, 2, 2, 3))",-20.378,136,151,95,95
O_tau=0.4,3,1.943672e-02,1.630026e-01,"(0, (2, 2, 2, 2, 3))",-19.956,133,147,93,93
O_tau=0.4,3,1.974183e-02,1.629468e-01,"(0, (2, 2, 2, 2, 3))",-19.540,131,142,92,92
O_tau=0.4,3,2.005172e-02,1.628902e-01,"(0, (2, 2, 2, 2, 3))",-19.131,128,141,90,90
O_tau=0.4,3,2.036648e-02,1.628328e-01,"(0, (2, 2, 2, 2, 3))",-18.728,127,141,88,88
O_tau=0.4,3,2.068618e-02,1.627745e-01,"(0, (2, 2, 2, 2, 3))",-18.332,124,138,86,86
O_tau=0.4,3,2.101090e-02,1.627154e-01,"(0, (2, 2, 2, 2, 3))",-17.941,122,133,85,85
O_tau=0.4,3,2.134072e-02,1.626554e-01,"(0, (2, 2, 2, 2, 3))",-17.557,120,131,83,83
O_tau=0.4,3,2.167571e-02,1.625946e-01,"(0, (2, 2, 2, 2, 3))",-17.179,118,131,82,82
O_tau=0.4,3,2.201596e-02,1.625328e-01,"(0, (2, 2, 2, 2, 3))",-16.806,117,127,80,80
O_tau=0.4,3,2.236156e-02,1.624701e-01,"(0, (2, 2, 2, 2, 3))",-16.440,114,125,79,79
O_tau=0.4,3,2.271258e-02,1.624066e-01,"(0, (2, 2, 2, 2, 3))",-16.079,113,122,77,77
O_tau=0.4,3,2.306910e-02,1.623420e-01,"(0, (2, 2, 2, 2, 3))",-15.724,111,120,76,76
O_tau=0.4,3,2.343123e-02,1.622766e-01,"(0, (2, 2, 2, 2, 3))",-15.374,108,118,75,75
O_tau=0.4,3,2.379904e-02,1.622102e-01,"(0, (2, 2, 2, 2, 3))",-15.030,107,117,73,73
O_tau=0.4,3,2.417262e-02,1.621428e-01,"(0, (2, 2, 2, 2, 3))",-14.691,105,115,72,72
O_tau=0.4,3,2.455207e-02,1.620745e-01,"(0, (2, 2, 2, 2, 3))",-14.358,103,114,71,71
O_tau=0.4,3,2.493747e-02,1.620051e-01,"(0, (2, 2, 2, 2, 3))",-14.029,100,112,70,70
O_tau=0.4,3,2.532892e-02,1.619348e-01,"(0, (2, 2, 2, 2, 3))",-13.706,98,109,68,68
O_tau=0.4,3,2.572652e-02,1.618634e-01,"(0, (2, 2, 2, 2, 3))",-13.388,97,107,67,67
O_tau=0.4,3,2.613036e-02,1.617910e-01,"(0, (2, 2, 2, 2, 3))",-13.075,95,106,66,66
O_tau=0.4,3,2.654054e-02,1.617175e-01,"(0, (2, 2, 2, 2, 3))",-12.766,95,104,65,65
O_tau=0.4,3,2.695716e-02,1.616430e-01,"(0, (2, 2, 2, 2, 3))",-12.463,94,100,64,64
O_tau=0.4,3,2.738031e-02,1.615674e-01,"(0, (2, 2, 2, 2, 3))",-12.164,91,98,62,62
O_tau=0.4,3,2.781011e-02,1.614907e-01,"(0, (2, 2, 2, 2, 3))",-11.870,89,97,61,61
O_tau=0.4,3,2.824666e-02,1.614129e-01,"(0, (2, 2, 2, 2, 3))",-11.580,86,96,60,60
O_tau=0.4,3,2.869006e-02,1.613340e-01,"(0, (2, 2, 2, 2, 3))",-11.295,85,95,59,59
O_tau=0.4,3,2.914042e-02,1.612540e-01,"(0, (2, 2, 2, 2, 3))",-11.015,85,95,58,58
O_tau=0.4,3,2.959785e-02,1.611728e-01,"(0, (2, 2, 2, 2, 3))",-10.738,83,93,57,57
O_tau=0.4,3,3.006245e-02,1.610904e-01,"(0, (2, 2, 2, 2, 3))",-10.467,81,89,56,56
O_tau=0.4,3,3.053436e-02,1.610069e-01,"(0, (2, 2, 2, 2, 3))",-10.199,80,88,55,55
O_tau=0.4,3,3.101367e-02,1.609222e-01,"(0, (2, 2, 2, 2, 3))",-9.936,79,85,54,54
O_tau=0.4,3,3.150050e-02,1.608363e-01,"(0, (2, 2, 2, 2, 3))",-9.676,77,85,53,53
O_tau=0.4,3,3.199498e-02,1.607491e-01,"(0, (2, 2, 2, 2, 3))",-9.421,76,84,52,52
O_tau=0.4,3,3.249721e-02,1.606607e-01,"(0, (2, 2, 2, 2, 3))",-9.170,74,82,51,51
O_tau=0.4,3,3.300733e-02,1.605711e-01,"(0, (2, 2, 2, 2, 3))",-8.922,74,80,50,50
O_tau=0.4,3,3.352546e-02,1.604802e-01,"(0, (2, 2, 2, 2, 3))",-8.679,73,80,49,49
O_tau=0.4,3,3.405173e-02,1.603880e-01,"(0, (2, 2, 2, 2, 3))",-8.439,71,78,48,48
O_tau=0.4,3,3.458625e-02,1.602945e-01,"(0, (2, 2, 2, 2, 3))",-8.203,69,77,47,47
O_tau=0.4,3,3.512916e-02,1.601996e-01,"(0, (2, 2, 2, 2, 3))",-7.971,68,76,47,47
O_tau=0.4,3,3.568060e-02,1.601035e-01,"(0, (2, 2, 2, 2, 3))",-7.742,67,74,46,46
O_tau=0.4,3,3.624069e-02,1.600060e-01,"(0, (2, 2, 2, 2, 3))",-7.517,66,73,45,45
O_tau=0.4,3,3.680957e-02,1.599071e-01,"(0, (2, 2, 2, 2, 3))",-7.296,65,73,44,44
O_tau=0.4,3,3.738739e-02,1.598068e-01,"(0, (2, 2, 2, 2, 3))",-7.078,63,69,43,43
O_tau=0.4,3,3.797427e-02,1.597051e-01,"(0, (2, 2, 2, 2, 3))",-6.863,62,69,43,43
O_tau=0.4,3,3.857037e-02,1.596020e-01,"(0, (2, 2, 2, 2, 3))",-6.652,61,68,42,42
O_tau=0.4,3,3.917582e-02,1.594975e-01,"(0, (2, 2, 2, 2, 3))",-6.444,61,67,41,41
O_tau=0.4,3,3.979078e-02,1.593915e-01,"(0, (2, 2, 2, 2, 3))",-6.239,59,66,40,40
O_tau=0.4,3,4.041539e-02,1.592840e-01,"(0, (2, 2, 2, 2, 3))",-6.038,58,64,40,40
O_tau=0.4,3,4.104981e-02,1.591751e-01,"(0, (2, 2, 2, 2, 3))",-5.840,56,62,39,39
O_tau=0.4,3,4.169418e-02,1.590646e-01,"(0, (2, 2, 2, 2, 3))",-5.644,55,62,38,38
O_tau=0.4,3,4.234867e-02,1.589526e-01,"(0, (2, 2, 2, 2, 3))",-5.452,54,61,37,37
O_tau=0.4,3,4.301344e-02,1.588390e-01,"(0, (2, 2, 2, 2, 3))",-5.263,54,60,37,37
O_tau=0.4,3,4.368864e-02,1.587239e-01,"(0, (2, 2, 2, 2, 3))",-5.077,54,59,36,36
O_tau=0.4,3,4.437443e-02,1.586072e-01,"(0, (2, 2, 2, 2, 3))",-4.894,53,58,35,35
O_tau=0.4,3,4.507100e-02,1.584890e-01,"(0, (2, 2, 2, 2, 3))",-4.713,52,56,35,35
O_tau=0.4,3,4.577849e-02,1.583690e-01,"(0, (2, 2, 2, 2, 3))",-4.536,52,54,34,34
O_tau=0.4,3,4.649710e-02,1.582475e-01,"(0, (2, 2, 2, 2, 3))",-4.361,49,54,33,33
O_tau=0.4,3,4.722698e-02,1.581243e-01,"(0, (2, 2, 2, 2, 3))",-4.189,48,54,33,33
O_tau=0.4,3,4.796832e-02,1.579994e-01,"(0, (2, 2, 2, 2, 3))",-4.020,47,54,32,32
O_tau=0.4,3,4.872130e-02,1.578728e-01,"(0, (2, 2, 2, 2, 3))",-3.853,47,53,32,32
O_tau=0.4,3,4.948609e-02,1.577445e-01,"(0, (2, 2, 2, 2, 3))",-3.689,46,52,31,31
O_tau=0.4,3,5.026290e-02,1.576144e-01,"(0, (2, 2, 2, 2, 3))",-3.528,45,52,31,31
O_tau=0.4,3,5.105189e-02,1.574826e-01,"(0, (2, 2, 2, 2, 3))",-3.369,45,49,30,30
O_tau=0.4,3,5.185327e-02,1.573490e-01,"(0, (2, 2, 2, 2, 3))",-3.212,44,47,30,30
O_tau=0.4,3,5.266724e-02,1.572137e-01,"(0, (2, 2, 2, 2, 3))",-3.059,43,47,29,29
O_tau=0.4,3,5.349397e-02,1.570765e-01,"(0, (2, 2, 2, 2, 3))",-2.907,43,47,29,29
O_tau=0.4,3,5.433369e-02,1.569374e-01,"(0, (2, 2, 2, 2, 3))",-2.758,43,46,28,28
O_tau=0.4,3,5.518659e-02,1.567966e-01,"(0, (2, 2, 2, 2, 3))",-2.611,41,45,28,28
O_tau=0.4,3,5.605287e-02,1.566538e-01,"(0, (2, 2, 2, 2, 3))",-2.467,40,45,27,27
O_tau=0.4,3,5.693276e-02,1.565091e-01,"(0, (2, 2, 2, 2, 3))",-2.324,39,45,27,27
O_tau=0.4,3,5.782645e-02,1.563625e-01,"(0, (2, 2, 2, 2, 3))",-2.184,38,44,26,26
O_tau=0.4,3,5.873418e-02,1.562140e-01,"(0, (2, 2, 2, 2, 3))",-2.047,37,43,26,26
O_tau=0.4,3,5.965615e-02,1.560635e-01,"(0, (2, 2, 2, 2, 3))",-1.911,36,43,25,25
O_tau=0.4,3,6.059259e-02,1.559111e-01,"(0, (2, 2, 2, 2, 3))",-1.778,36,43,25,25
O_tau=0.4,3,6.154374e-02,1.557566e-01,"(0, (2, 2, 2, 2, 3))",-1.646,36,43,24,24
O_tau=0.4,3,6.250982e-02,1.556001e-01,"(0, (2, 2, 2, 2, 3))",-1.517,36,43,24,24
O_tau=0.4,3,6.349106e-02,1.554415e-01,"(0, (2, 2, 2, 2, 3))",-1.390,36,43,23,23
O_tau=0.4,3,6.448770e-02,1.552809e-01,"(0, (2, 2, 2, 2, 3))",-1.264,36,45,23,23
O_tau=0.4,3,6.549999e-02,1.551182e-01,"(0, (2, 2, 2, 2, 3))",-1.141,36,54,22,22
O_tau=0.4,3,6.652817e-02,1.549534e-01,"(0, (2, 2, 2, 2, 3))",-1.020,38,,22,22
O_tau=0.4,3,6.757249e-02,1.547865e-01,"(0, (2, 2, 2, 2, 3))",-0.900,43,,22,22
O_tau=0.4,3,6.863320e-02,1.546174e-01,"(0, (2, 2, 2, 2, 3))",-0.783,,,21,21
O_tau=0.4,3,6.971056e-02,1.544461e-01,"(0, (2, 2, 2, 2, 3))",-0.667,,,21,21
O_tau=0.4,3,7.080483e-02,1.542727e-01,"(0, (2, 2, 2, 2, 3))",-0.553,,,21,21
O_tau=0.4,3,7.191628e-02,1.540970e-01,"(0, (2, 2, 2, 2, 3))",-0.441,,,20,20
O_tau=0.4,3,7.304518e-02,1.539190e-01,"(0, (2, 2, 2, 2, 3))",-0.331,,,20,20
O_tau=0.4,3,7.419180e-02,1.537388e-01,"(0, (2, 2, 2, 2, 3))",-0.223,,,20,20
O_tau=0.4,3,7.535642e-02,1.535564e-01,"(0, (2, 2, 2, 2, 3))",-0.116,,,19,19
O_tau=0.4,3,7.653932e-02,1.533716e-01,"(0, (2, 2, 2, 2, 3))",-0.011,,,19,19
O_tau=0.4,3,7.774078e-02,1.531845e-01,"(0, (2, 2, 2, 2, 3))",0.093,,,18,18
O_tau=0.4,3,7.896111e-02,1.529950e-01,"(0, (2, 2, 2, 2, 3))",0.195,,,18,18
O_tau=0.4,3,8.020060e-02,1.528031e-01,"(0, (2, 2, 2, 2, 3))",0.295,,,18,18
O_tau=0.4,3,8.145954e-02,1.526089e-01,"(0, (2, 2, 2, 2, 3))",0.393,,,17,17
O_tau=0.4,3,8.273824e-02,1.524122e-01,"(0, (2, 2, 2, 2, 3))",0.491,,,17,17
O_tau=0.4,3,8.403701e-02,1.522131e-01,"(0, (2, 2, 2, 2, 3))",0.586,,,17,17
O_tau=0.4,3,8.535617e-02,1.520116e-01,"(0, (2, 2, 2, 2, 3))",0.680,,,17,17
O_tau=0.4,3,8.669604e-02,1.518075e-01,"(0, (2, 2, 2, 2, 3))",0.773,,,16,16
O_tau=0.4,3,8.805694e-02,1.516010e-01,"(0, (2, 2, 2, 2, 3))",0.864,,,16,16
O_tau=0.4,3,8.943921e-02,1.513919e-01,"(0, (2, 2, 2, 2, 3))",0.953,,,16,16
O_tau=0.4,3,9.084317e-02,1.511802e-01,"(0, (2, 2, 2, 2, 3))",1.041,,,16,16
O_tau=0.4,3,9.226917e-02,1.509660e-01,"(0, (2, 2, 2, 2, 3))",1.128,,,15,15
O_tau=0.4,3,9.371756e-02,1.507492e-01,"(0, (2, 2, 2, 2, 3))",1.214,,,15,15
O_tau=0.4,3,9.518868e-02,1.505297e-01,"(0, (2, 2, 2, 2, 3))",1.298,,,15,15
O_tau=0.4,3,9.668289e-02,1.503077e-01,"(0, (2, 2, 2, 2, 3))",1.380,,,15,15
O_tau=0.4,3,9.820056e-02,1.500829e-01,"(0, (2, 2, 2, 2, 3))",1.462,,,14,14
O_tau=0.4,3,9.974205e-02,1.498555e-01,"(0, (2, 2, 2, 2, 3))",1.542,,,14,14
O_tau=0.4,3,1.013077e-01,1.496254e-01,"(0, (2, 2, 2, 2, 3))",1.621,,,14,14
O_tau=0.4,3,1.028980e-01,1.493925e-01,"(0, (2, 2, 2, 2, 3))",1.699,,,14,14
O_tau=0.4,3,1.045132e-01,1.491569e-01,"(0, (2, 2, 2, 2, 3))",1.775,,,13,13
O_tau=0.4,3,1.061538e-01,1.489185e-01,"(0, (2, 2, 2, 2, 3))",1.850,,,13,13
O_tau=0.4,3,1.078202e-01,1.486773e-01,"(0, (2, 2, 2, 2, 3))",1.924,,,13,13
O_tau=0.4,3,1.095127e-01,1.484333e-01,"(0, (2, 2, 2, 2, 3))",1.997,,,13,13
O_tau=0.4,3,1.112317e-01,1.481864e-01,"(0, (2, 2, 2, 2, 3))",2.068,,,13,13
O_tau=0.4,3,1.129778e-01,1.479367e-01,"(0, (2, 2, 2, 2, 3))",2.139,,,12,12
O_tau=0.4,3,1.147512e-01,1.476841e-01,"(0, (2, 2, 2, 2, 3))",2.208,,,12,12
O_tau=0.4,3,1.165525e-01,1.474286e-01,"(0, (2, 2, 2, 2, 3))",2.277,,,12,12
O_tau=0.4,3,1.183821e-01,1.471702e-01,"(0, (2, 2, 2, 2, 3))",2.344,,,12,12
O_tau=0.4,3,1.202404e-01,1.469088e-01,"(0, (2, 2, 2, 2, 3))",2.410,,,11,11
O_tau=0.4,3,1.221278e-01,1.466445e-01,"(0, (2, 2, 2, 2, 3))",2.475,,,11,11
O_tau=0.4,3,1.240449e-01,1.463771e-01,"(0, (2, 2, 2, 2, 3))",2.539,,,11,11
O_tau=0.4,3,1.259921e-01,1.461068e-01,"(0, (2, 2, 2, 2, 3))",2.602,,,11,11
O_tau=0.4,3,1.279699e-01,1.458334e-01,"(0, (2, 2, 2, 2, 3))",2.664,,,10,10
O_tau=0.4,3,1.299786e-01,1.455570e-01,"(0, (2, 2, 2, 2, 3))",2.725,,,10,10
O_tau=0.4,3,1.320190e-01,1.452776e-01,"(0, (2, 2, 2, 2, 3))",2.785,,,10,10
O_tau=0.4,3,1.340913e-01,1.449950e-01,"(0, (2, 2, 2, 2, 3))",2.844,,,10,10
O_tau=0.4,3,1.361962e-01,1.447093e-01,"(0, (2, 2, 2, 2, 3))",2.902,,,10,10
O_tau=0.4,3,1.383341e-01,1.444205e-01,"(0, (2, 2, 2, 2, 3))",2.960,,,10,10
O_tau=0.4,3,1.405056e-01,1.441286e-01,"(0, (2, 2, 2, 2, 3))",3.016,,,10,10
O_tau=0.4,3,1.427112e-01,1.438335e-01,"(0, (2, 2, 2, 2, 3))",3.071,,,10,10
O_tau=0.4,3,1.449514e-01,1.435352e-01,"(0, (2, 2, 2, 2, 3))",3.126,,,9,9
O_tau=0.4,3,1.472267e-01,1.432336e-01,"(0, (2, 2, 2, 2, 3))",3.180,,,9,9
O_tau=0.4,3,1.495378e-01,1.429289e-01,"(0, (2, 2, 2, 2, 3))",3.233,,,9,9
O_tau=0.4,3,1.518852e-01,1.426210e-01,"(0, (2, 2, 2, 2, 3))",3.285,,,9,9
O_tau=0.4,3,1.542694e-01,1.423097e-01,"(0, (2, 2, 2, 2, 3))",3.336,,,9,9
O_tau=0.4,3,1.566910e-01,1.419952e-01,"(0, (2, 2, 2, 2, 3))",3.386,,,9,9
O_tau=0.4,3,1.591506e-01,1.416774e-01,"(0, (2, 2, 2, 2, 3))",3.436,,,9,9
O_tau=0.4,3,1.616489e-01,1.413563e-01,"(0, (2, 2, 2, 2, 3))",3.484,,,8,8
O_tau=0.4,3,1.641863e-01,1.410319e-01,"(0, (2, 2, 2, 2, 3))",3.532,,,8,8
O_tau=0.4,3,1.667636e-01,1.407042e-01,"(0, (2, 2, 2, 2, 3))",3.580,,,8,8
O_tau=0.4,3,1.693814e-01,1.403730e-01,"(0, (2, 2, 2, 2, 3))",3.626,,,8,8
O_tau=0.4,3,1.720402e-01,1.400385e-01,"(0, (2, 2, 2, 2, 3))",3.672,,,8,8
O_tau=0.4,3,1.747408e-01,1.397007e-01,"(0, (2, 2, 2, 2, 3))",3.717,,,7,7
O_tau=0.4,3,1.774838e-01,1.393594e-01,"(0, (2, 2, 2, 2, 3))",3.761,,,7,7
O_tau=0.4,3,1.802698e-01,1.390147e-01,"(0, (2, 2, 2, 2, 3))",3.805,,,7,7
O_tau=0.4,3,1.830996e-01,1.386665e-01,"(0, (2, 2, 2, 2, 3))",3.848,,,7,7
O_tau=0.4,3,1.859738e-01,1.383149e-01,"(0, (2, 2, 2, 2, 3))",3.890,,,7,7
O_tau=0.4,3,1.888931e-01,1.379599e-01,"(0, (2, 2, 2, 2, 3))",3.931,,,7,7
O_tau=0.4,3,1.918582e-01,1.376014e-01,"(0, (2, 2, 2, 2, 3))",3.972,,,7,7
O_tau=0.4,3,1.948699e-01,1.372394e-01,"(0, (2, 2, 2, 2, 3))",4.013,,,7,7
O_tau=0.4,3,1.979288e-01,1.368739e-01,"(0, (2, 2, 2, 2, 3))",4.052,,,6,6
O_tau=0.4,3,2.010358e-01,1.365048e-01,"(0, (2, 2, 2, 2, 3))",4.091,,,6,6
O_tau=0.4,3,2.041915e-01,1.361323e-01,"(0, (2, 2, 2, 2, 3))",4.129,,,6,6
O_tau=0.4,3,2.073968e-01,1.357562e-01,"(0, (2, 2, 2, 2, 3))",4.167,,,6,6
O_tau=0.4,3,2.106524e-01,1.353766e-01,"(0, (2, 2, 2, 2, 3))",4.204,,,6,6
O_tau=0.4,3,2.139591e-01,1.349935e-01,"(0, (2, 2, 2, 2, 3))",4.241,,,6,6
O_tau=0.4,3,2.173177e-01,1.346068e-01,"(0, (2, 2, 2, 2, 3))",4.277,,,6,6
O_tau=0.4,3,2.207290e-01,1.342165e-01,"(0, (2, 2, 2, 2, 3))",4.312,,,6,6
O_tau=0.4,3,2.241939e-01,1.338226e-01,"(0, (2, 2, 2, 2, 3))",4.347,,,6,6
O_tau=0.4,3,2.277131e-01,1.334251e-01,"(0, (2, 2, 2, 2, 3))",4.382,,,6,6
O_tau=0.4,3,2.312876e-01,1.330241e-01,"(0, (2, 2, 2, 2, 3))",4.415,,,6,6
O_tau=0.4,3,2.349183e-01,1.326194e-01,"(0, (2, 2, 2, 2, 3))",4.449,,,6,6
O_tau=0.4,3,2.386059e-01,1.322112e-01,"(0, (2, 2, 2, 2, 3))",4.481,,,6,6
O_tau=0.4,3,2.423513e-01,1.317993e-01,"(0, (2, 2, 2, 2, 3))",4.514,,,5,5
O_tau=0.4,3,2.461556e-01,1.313838e-01,"(0, (2, 2, 2, 2, 3))",4.545,,,5,5
O_tau=0.4,3,2.500196e-01,1.309646e-01,"(0, (2, 2, 2, 2, 3))",4.577,,,5,5
O_tau=0.4,3,2.539443e-01,1.305419e-01,"(0, (2, 2, 2, 2, 3))",4.607,,,5,5
O_tau=0.4,3,2.579305e-01,1.301155e-01,"(0, (2, 2, 2, 2, 3))",4.638,,,5,5
O_tau=0.4,3,2.619794e-01,1.296855e-01,"(0, (2, 2, 2, 2, 3))",4.667,,,5,5
O_tau=0.4,3,2.660918e-01,1.292518e-01,"(0, (2, 2, 2, 2, 3))",4.697,,,5,5
O_tau=0.4,3,2.702687e-01,1.288145e-01,"(0, (2, 2, 2, 2, 3))",4.726,,,5,5
O_tau=0.4,3,2.745112e-01,1.283735e-01,"(0, (2, 2, 2, 2, 3))",4.754,,,5,5
O_tau=0.4,3,2.788203e-01,1.279289e-01,"(0, (2, 2, 2, 2, 3))",4.782,,,5,5
O_tau=0.4,3,2.831971e-01,1.274807e-01,"(0, (2, 2, 2, 2, 3))",4.810,,,4,4
O_tau=0.4,3,2.876426e-01,1.270288e-01,"(0, (2, 2, 2, 2, 3))",4.837,,,4,4
O_tau=0.4,3,2.921578e-01,1.265733e-01,"(0, (2, 2, 2, 2, 3))",4.864,,,4,4
O_tau=0.4,3,2.967439e-01,1.261141e-01,"(0, (2, 2, 2, 2, 3))",4.890,,,4,4
O_tau=0.4,3,3.014020e-01,1.256513e-01,"(0, (2, 2, 2, 2, 3))",4.916,,,4,4
O_tau=0.4,3,3.061332e-01,1.251848e-01,"(0, (2, 2, 2, 2, 3))",4.941,,,4,4
O_tau=0.4,3,3.109387e-01,1.247147e-01,"(0, (2, 2, 2, 2, 3))",4.967,,,4,4
O_tau=0.4,3,3.158196e-01,1.242410e-01,"(0, (2, 2, 2, 2, 3))",4.991,,,4,4
O_tau=0.4,3,3.207772e-01,1.237637e-01,"(0, (2, 2, 2, 2, 3))",5.016,,,4,4
O_tau=0.4,3,3.258126e-01,1.232827e-01,"(0, (2, 2, 2, 2, 3))",5.040,,,4,4
O_tau=0.4,3,3.309270e-01,1.227981e-01,"(0, (2, 2, 2, 2, 3))",5.063,,,4,4
O_tau=0.4,3,3.361217e-01,1.223100e-01,"(0, (2, 2, 2, 2, 3))",5.087,,,4,4
O_tau=0.4,3,3.413979e-01,1.218182e-01,"(0, (2, 2, 2, 2, 3))",5.110,,,4,4
O_tau=0.4,3,3.467569e-01,1.213228e-01,"(0, (2, 2, 2, 2, 3))",5.132,,,4,4
O_tau=0.4,3,3.522001e-01,1.208239e-01,"(0, (2, 2, 2, 2, 3))",5.155,,,4,4
O_tau=0.4,3,3.577287e-01,1.203213e-01,"(0, (2, 2, 2, 2, 3))",5.177,,,4,4
O_tau=0.4,3,3.633441e-01,1.198152e-01,"(0, (2, 2, 2, 2, 3))",5.198,,,4,4
O_tau=0.4,3,3.690477e-01,1.193056e-01,"(0, (2, 2, 2, 2, 3))",5.220,,,4,4
O_tau=0.4,3,3.748408e-01,1.187924e-01,"(0, (2, 2, 2, 2, 3))",5.241,,,3,3
O_tau=0.4,3,3.807248e-01,1.182757e-01,"(0, (2, 2, 2, 2, 3))",5.261,,,3,3
O_tau=0.4,3,3.867012e-01,1.177555e-01,"(0, (2, 2, 2, 2, 3))",5.282,,,3,3
O_tau=0.4,3,3.927714e-01,1.172318e-01,"(0, (2, 2, 2, 2, 3))",5.302,,,3,3
O_tau=0.4,3,3.989369e-01,1.167046e-01,"(0, (2, 2, 2, 2, 3))",5.322,,,3,3
O_tau=0.4,3,4.051991e-01,1.161739e-01,"(0, (2, 2, 2, 2, 3))",5.341,,,3,3
O_tau=0.4,3,4.115597e-01,1.156397e-01,"(0, (2, 2, 2, 2, 3))",5.361,,,3,3
O_tau=0.4,3,4.180201e-01,1.151022e-01,"(0, (2, 2, 2, 2, 3))",5.380,,,3,3
O_tau=0.4,3,4.245820e-01,1.145612e-01,"(0, (2, 2, 2, 2, 3))",5.398,,,3,3
O_tau=0.4,3,4.312468e-01,1.140168e-01,"(0, (2, 2, 2, 2, 3))",5.417,,,3,3
O_tau=0.4,3,4.380162e-01,1.134690e-01,"(0, (2, 2, 2, 2, 3))",5.435,,,3,3
O_tau=0.4,3,4.448919e-01,1.129179e-01,"(0, (2, 2, 2, 2, 3))",5.453,,,,3
O_tau=0.4,3,4.518756e-01,1.123634e-01,"(0, (2, 2, 2, 2, 3))",5.471,,,,3
O_tau=0.4,3,4.589688e-01,1.118056e-01,"(0, (2, 2, 2, 2, 3))",5.489,,,,3
O_tau=0.4,3,4.661735e-01,1.112445e-01,"(0, (2, 2, 2, 2, 3))",5.506,,,,2
O_tau=0.4,3,4.734912e-01,1.106801e-01,"(0, (2, 2, 2, 2, 3))",5.523,,,,2
O_tau=0.4,3,4.809237e-01,1.101124e-01,"(0, (2, 2, 2, 2, 3))",5.540,,,,2
O_tau=0.4,3,4.884730e-01,1.095416e-01,"(0, (2, 2, 2, 2, 3))",5.557,,,,2
O_tau=0.4,3,4.961407e-01,1.089675e-01,"(0, (2, 2, 2, 2, 3))",5.573,,,,2
O_tau=0.4,3,5.039289e-01,1.083903e-01,"(0, (2, 2, 2, 2, 3))",5.589,,,,2
O_tau=0.4,3,5.118392e-01,1.078099e-01,"(0, (2, 2, 2, 2, 3))",5.605,,,,2
O_tau=0.4,3,5.198738e-01,1.072263e-01,"(0, (2, 2, 2, 2, 3))",5.621,,,,2
O_tau=0.4,3,5.280344e-01,1.066397e-01,"(0, (2, 2, 2, 2, 3))",5.637,,,,2
O_tau=0.4,3,5.363232e-01,1.060500e-01,"(0, (2, 2, 2, 2, 3))",5.652,,,,2
O_tau=0.4,3,5.447421e-01,1.054573e-01,"(0, (2, 2, 2, 2, 3))",5.668,,,,2
O_tau=0.4,3,5.532931e-01,1.048615e-01,"(0, (2, 2, 2, 2, 3))",5.683,,,,2
O_tau=0.4,3,5.619783e-01,1.042628e-01,"(0, (2, 2, 2, 2, 3))",5.698,,,,2
O_tau=0.4,3,5.707999e-01,1.036612e-01,"(0, (2, 2, 2, 2, 3))",5.713,,,,2
O_tau=0.4,3,5.797600e-01,1.030566e-01,"(0, (2, 2, 2, 2, 3))",5.727,,,,2
O_tau=0.4,3,5.888607e-01,1.024491e-01,"(0, (2, 2, 2, 2, 3))",5.742,,,,2
O_tau=0.4,3,5.981043e-01,1.018388e-01,"(0, (2, 2, 2, 2, 3))",5.756,,,,2
O_tau=0.4,3,6.074930e-01,1.012257e-01,"(0, (2, 2, 2, 2, 3))",5.771,,,,2
O_tau=0.4,3,6.170290e-01,1.006099e-01,"(0, (2, 2, 2, 2, 3))",5.785,,,,2
O_tau=0.4,3,6.267148e-01,9.999124e-02,"(0, (2, 2, 2, 2, 3))",5.799,,,,2
O_tau=0.4,3,6.365525e-01,9.936993e-02,"(0, (2, 2, 2, 2, 3))",5.812,,,,2
O_tau=0.4,3,6.465448e-01,9.874594e-02,"(0, (2, 2, 2, 2, 3))",5.826,,,,1
O_tau=0.4,3,6.566938e-01,9.811934e-02,"(0, (2, 2, 2, 2, 3))",5.840,,,,1
O_tau=0.4,3,6.670022e-01,9.749015e-02,"(0, (2, 2, 2, 2, 3))",5.853,,,,1
O_tau=0.4,3,6.774724e-01,9.685841e-02,"(0, (2, 2, 2, 2, 3))",5.867,,,,1
O_tau=0.4,3,6.881069e-01,9.622417e-02,"(0, (2, 2, 2, 2, 3))",5.880,,,,1
O_tau=0.4,3,6.989084e-01,9.558747e-02,"(0, (2, 2, 2, 2, 3))",5.893,,,,1
O_tau=0.4,3,7.098795e-01,9.494835e-02,"(0, (2, 2, 2, 2, 3))",5.906,,,,1
O_tau=0.4,3,7.210227e-01,9.430685e-02,"(0, (2, 2, 2, 2, 3))",5.919,,,,1
O_tau=0.4,3,7.323409e-01,9.366302e-02,"(0, (2, 2, 2, 2, 3))",5.932,,,,1
O_tau=0.4,3,7.438367e-01,9.301690e-02,"(0, (2, 2, 2, 2, 3))",5.945,,,,1
O_tau=0.4,3,7.555130e-01,9.236854e-02,"(0, (2, 2, 2, 2, 3))",5.958,,,,1
O_tau=0.4,3,7.673726e-01,9.171798e-02,"(0, (2, 2, 2, 2, 3))",6.307,,,,1
O_tau=0.4,3,7.794184e-01,9.106527e-02,"(0, (2, 2, 2, 2, 3))",6.329,,,,1
O_tau=0.4,3,7.916532e-01,9.041045e-02,"(0, (2, 2, 2, 2, 3))",6.352,,,,1
O_tau=0.4,3,8.040801e-01,8.975358e-02,"(0, (2, 2, 2, 2, 3))",6.375,,,,1
O_tau=0.4,3,8.167020e-01,8.909471e-02,"(0, (2, 2, 2, 2, 3))",6.398,,,,1
O_tau=0.4,3,8.295221e-01,8.843388e-02,"(0, (2, 2, 2, 2, 3))",6.422,,,,1
O_tau=0.4,3,8.425434e-01,8.777114e-02,"(0, (2, 2, 2, 2, 3))",6.446,,,,1
O_tau=0.4,3,8.557692e-01,8.710654e-02,"(0, (2, 2, 2, 2, 3))",6.470,,,,1
O_tau=0.4,3,8.692025e-01,8.644014e-02,"(0, (2, 2, 2, 2, 3))",6.495,,,,1
O_tau=0.4,3,8.828467e-01,8.577199e-02,"(0, (2, 2, 2, 2, 3))",6.520,,,,1
O_tau=0.4,3,8.967051e-01,8.510214e-02,"(0, (2, 2, 2, 2, 3))",6.546,,,,1
O_tau=0.4,3,9.107810e-01,8.443065e-02,"(0, (2, 2, 2, 2, 3))",6.572,,,,1
O_tau=0.4,3,9.250779e-01,8.375756e-02,"(0, (2, 2, 2, 2, 3))",6.598,,,,1
O_tau=0.4,3,9.395992e-01,8.308294e-02,"(0, (2, 2, 2, 2, 3))",6.625,,,,1
O_tau=0.4,3,9.543485e-01,8.240684e-02,"(0, (2, 2, 2, 2, 3))",6.652,,,,1
O_tau=0.4,3,9.693293e-01,8.172931e-02,"(0, (2, 2, 2, 2, 3))",6.680,,,,1
O_tau=0.4,3,9.845452e-01,8.105042e-02,"(0, (2, 2, 2, 2, 3))",6.708,,,,1
O_tau=0.4,3,1.000000e+00,8.037022e-02,"(0, (2, 2, 2, 2, 3))",6.736,,,,1
O_tau=0.4,12,1.000000e-05,8.333153e-02,"(0, (2, 3, 4, 4))",-52669.674,,,,
O_tau=0.4,12,1.017818e-05,8.333150e-02,"(0, (2, 3, 4, 4))",-51747.488,,,,
O_tau=0.4,12,1.035953e-05,8.333146e-02,"(0, (2, 3, 4, 4))",-50841.446,,,,
O_tau=0.4,12,1.054412e-05,8.333143e-02,"(0, (2, 3, 4, 4))",-49951.265,,,,
O_tau=0.4,12,1.073199e-05,8.333140e-02,"(0, (2, 3, 4, 4))",-49076.668,,,,
O_tau=0.4,12,1.092322e-05,8.333136e-02,"(0, (2, 3, 4, 4))",-48217.381,,,,
O_tau=0.4,12,1.111784e-05,8.333133e-02,"(0, (2, 3, 4, 4))",-47373.137,,,,
O_tau=0.4,12,1.131594e-05,8.333129e-02,"(0, (2, 3, 4, 4))",-46543.673,,,,
O_tau=0.4,12,1.151757e-05,8.333125e-02,"(0, (2, 3, 4, 4))",-45728.729,,,,
O_tau=0.4,12,1.172279e-05,8.333122e-02,"(0, (2, 3, 4, 4))",-44928.052,,,,
O_tau=0.4,12,1.193166e-05,8.333118e-02,"(0, (2, 3, 4, 4))",-44141.391,,,,
O_tau=0.4,12,1.214426e-05,8.333114e-02,"(0, (2, 3, 4, 4))",-43368.502,,,,
O_tau=0.4,12,1.236065e-05,8.333110e-02,"(0, (2, 3, 4, 4))",-42609.143,,,,
O_tau=0.4,12,1.258089e-05,8.333106e-02,"(0, (2, 3, 4, 4))",-41863.078,,,,
O_tau=0.4,12,1.280505e-05,8.333102e-02,"(0, (2, 3, 4, 4))",-41130.073,,,,
O_tau=0.4,12,1.303321e-05,8.333098e-02,"(0, (2, 3, 4, 4))",-40409.900,,,,
O_tau=0.4,12,1.326544e-05,8.333094e-02,"(0, (2, 3, 4, 4))",-39702.335,,,,
O_tau=0.4,12,1.350180e-05,8.333090e-02,"(0, (2, 3, 4, 4))",-39007.157,,,,
O_tau=0.4,12,1.374238e-05,8.333085e-02,"(0, (2, 3, 4, 4))",-38324.148,,,,
O_tau=0.4,12,1.398724e-05,8.333081e-02,"(0, (2, 3, 4, 4))",-37653.096,,,,
O_tau=0.4,12,1.423646e-05,8.333076e-02,"(0, (2, 3, 4, 4))",-36993.792,,,,
O_tau=0.4,12,1.449012e-05,8.333072e-02,"(0, (2, 3, 4, 4))",-36346.029,,,,
O_tau=0.4,12,1.474831e-05,8.333067e-02,"(0, (2, 3, 4, 4))",-35709.607,,,,
O_tau=0.4,12,1.501109e-05,8.333062e-02,"(0, (2, 3, 4, 4))",-35084.325,,,,
O_tau=0.4,12,1.527856e-05,8.333057e-02,"(0, (2, 3, 4, 4))",-34469.990,,,,
O_tau=0.4,12,1.555079e-05,8.333053e-02,"(0, (2, 3, 4, 4))",-33866.410,,,,
O_tau=0.4,12,1.582787e-05,8.333048e-02,"(0, (2, 3, 4, 4))",-33273.396,,,,
O_tau=0.4,12,1.610989e-05,8.333042e-02,"(0, (2, 3, 4, 4))",-32690.763,,,,
O_tau=0.4,12,1.639694e-05,8.333037e-02,"(0, (2, 3, 4, 4))",-32118.330,,,,
O_tau=0.4,12,1.668910e-05,8.333032e-02,"(0, (2, 3, 4, 4))",-31555.918,,,,
O_tau=0.4,12,1.698646e-05,8.333027e-02,"(0, (2, 3, 4, 4))",-31003.351,,,,
O_tau=0.4,12,1.728913e-05,8.333021e-02,"(0, (2, 3, 4, 4))",-30460.458,,,,
O_tau=0.4,12,1.759718e-05,8.333016e-02,"(0, (2, 3, 4, 4))",-29927.069,,,,
O_tau=0.4,12,1.791073e-05,8.333010e-02,"(0, (2, 3, 4, 4))",-29403.018,,,,
O_tau=0.4,12,1.822986e-05,8.333004e-02,"(0, (2, 3, 4, 4))",-28888.140,,,,
O_tau=0.4,12,1.855468e-05,8.332998e-02,"(0, (2, 3, 4, 4))",-28382.276,,,,
O_tau=0.4,12,1.888529e-05,8.332992e-02,"(0, (2, 3, 4, 4))",-27885.268,,,,
O_tau=0.4,12,1.922178e-05,8.332986e-02,"(0, (2, 3, 4, 4))",-27396.961,,,,
O_tau=0.4,12,1.956428e-05,8.332980e-02,"(0, (2, 3, 4, 4))",-26917.202,,,,
O_tau=0.4,12,1.991287e-05,8.332974e-02,"(0, (2, 3, 4, 4))",-26445.841,,,,
O_tau=0.4,12,2.026768e-05,8.332967e-02,"(0, (2, 3, 4, 4))",-25982.733,,,,
O_tau=0.4,12,2.062881e-05,8.332961e-02,"(0, (2, 3, 4, 4))",-25527.731,,,,
O_tau=0.4,12,2.099637e-05,8.332954e-02,"(0, (2, 3, 4, 4))",-25080.695,,,,
O_tau=0.4,12,2.137048e-05,8.332948e-02,"(0, (2, 3, 4, 4))",-24641.485,,,,
O_tau=0.4,12,2.175126e-05,8.332941e-02,"(0, (2, 3, 4, 4))",-24209.964,,,,
O_tau=0.4,12,2.213882e-05,8.332934e-02,"(0, (2, 3, 4, 4))",-23785.997,,,,
O_tau=0.4,12,2.253329e-05,8.332927e-02,"(0, (2, 3, 4, 4))",-23369.452,,,,
O_tau=0.4,12,2.293479e-05,8.332919e-02,"(0, (2, 3, 4, 4))",-22960.199,,,,
O_tau=0.4,12,2.334344e-05,8.332912e-02,"(0, (2, 3, 4, 4))",-22558.111,,,,
O_tau=0.4,12,2.375937e-05,8.332904e-02,"(0, (2, 3, 4, 4))",-22163.061,,,,
O_tau=0.4,12,2.418271e-05,8.332897e-02,"(0, (2, 3, 4, 4))",-21774.928,,,,
O_tau=0.4,12,2.461360e-05,8.332889e-02,"(0, (2, 3, 4, 4))",-21393.589,,,,
O_tau=0.4,12,2.505216e-05,8.332881e-02,"(0, (2, 3, 4, 4))",-21018.926,,,,
O_tau=0.4,12,2.549854e-05,8.332873e-02,"(0, (2, 3, 4, 4))",-20650.822,,,,
O_tau=0.4,12,2.595287e-05,8.332865e-02,"(0, (2, 3, 4, 4))",-20289.162,,,,
O_tau=0.4,12,2.641530e-05,8.332856e-02,"(0, (2, 3, 4, 4))",-19933.833,,,,
O_tau=0.4,12,2.688596e-05,8.332848e-02,"(0, (2, 3, 4, 4))",-19584.725,,,,
O_tau=0.4,12,2.736502e-05,8.332839e-02,"(0, (2, 3, 4, 4))",-19241.728,,,,
O_tau=0.4,12,2.785260e-05,8.332830e-02,"(0, (2, 3, 4, 4))",-18904.736,,,,
O_tau=0.4,12,2.834888e-05,8.332822e-02,"(0, (2, 3, 4, 4))",-18573.644,,,,
O_tau=0.4,12,2.885400e-05,8.332812e-02,"(0, (2, 3, 4, 4))",-18248.347,,,,
O_tau=0.4,12,2.936812e-05,8.332803e-02,"(0, (2, 3, 4, 4))",-17928.745,,,,
O_tau=0.4,12,2.989140e-05,8.332794e-02,"(0, (2, 3, 4, 4))",-17614.739,,,,
O_tau=0.4,12,3.042400e-05,8.332784e-02,"(0, (2, 3, 4, 4))",-17306.229,,,,
O_tau=0.4,12,3.096609e-05,8.332774e-02,"(0, (2, 3, 4, 4))",-17003.120,,,,
O_tau=0.4,12,3.151784e-05,8.332764e-02,"(0, (2, 3, 4, 4))",-16705.318,,,,
O_tau=0.4,12,3.207943e-05,8.332754e-02,"(0, (2, 3, 4, 4))",-16412.729,,,,
O_tau=0.4,12,3.265102e-05,8.332744e-02,"(0, (2, 3, 4, 4))",-16125.262,,,,
O_tau=0.4,12,3.323279e-05,8.332733e-02,"(0, (2, 3, 4, 4))",-15842.827,,,,
O_tau=0.4,12,3.382493e-05,8.332723e-02,"(0, (2, 3, 4, 4))",-15565.337,,,,
O_tau=0.4,12,3.442762e-05,8.332712e-02,"(0, (2, 3, 4, 4))",-15292.705,,,,
O_tau=0.4,12,3.504105e-05,8.332701e-02,"(0, (2, 3, 4, 4))",-15024.845,,,,
O_tau=0.4,12,3.566541e-05,8.332689e-02,"(0, (2, 3, 4, 4))",-14761.675,,,,
O_tau=0.4,12,3.630089e-05,8.332678e-02,"(0, (2, 3, 4, 4))",-14503.112,,,,
O_tau=0.4,12,3.694770e-05,8.332666e-02,"(0, (2, 3, 4, 4))",-14249.075,,,,
O_tau=0.4,12,3.760603e-05,8.332654e-02,"(0, (2, 3, 4, 4))",-13999.485,,,,
O_tau=0.4,12,3.827609e-05,8.332642e-02,"(0, (2, 3, 4, 4))",-13754.265,,,,
O_tau=0.4,12,3.895809e-05,8.332630e-02,"(0, (2, 3, 4, 4))",-13513.338,,,,
O_tau=0.4,12,3.965225e-05,8.332617e-02,"(0, (2, 3, 4, 4))",-13276.629,,,,
O_tau=0.4,12,4.035877e-05,8.332605e-02,"(0, (2, 3, 4, 4))",-13044.063,,,,
O_tau=0.4,12,4.107788e-05,8.332592e-02,"(0, (2, 3, 4, 4))",-12815.569,,,,
O_tau=0.4,12,4.180980e-05,8.332579e-02,"(0, (2, 3, 4, 4))",-12591.075,,,,
O_tau=0.4,12,4.255477e-05,8.332565e-02,"(0, (2, 3, 4, 4))",-12370.511,,,,
O_tau=0.4,12,4.331300e-05,8.332551e-02,"(0, (2, 3, 4, 4))",-12153.808,,,,
O_tau=0.4,12,4.408475e-05,8.332537e-02,"(0, (2, 3, 4, 4))",-11940.899,,,,
O_tau=0.4,12,4.487025e-05,8.332523e-02,"(0, (2, 3, 4, 4))",-11731.717,,,,
O_tau=0.4,12,4.566975e-05,8.332509e-02,"(0, (2, 3, 4, 4))",-11526.197,,,,
O_tau=0.4,12,4.648349e-05,8.332494e-02,"(0, (2, 3, 4, 4))",-11324.275,,,,
O_tau=0.4,12,4.731173e-05,8.332479e-02,"(0, (2, 3, 4, 4))",-11125.888,,,,
O_tau=0.4,12,4.815472e-05,8.332464e-02,"(0, (2, 3, 4, 4))",-10930.974,,,,
O_tau=0.4,12,4.901274e-05,8.332449e-02,"(0, (2, 3, 4, 4))",-10739.472,,,,
O_tau=0.4,12,4.988605e-05,8.332433e-02,"(0, (2, 3, 4, 4))",-10551.323,,,,
O_tau=0.4,12,5.077491e-05,8.332417e-02,"(0, (2, 3, 4, 4))",-10366.468,,,,
O_tau=0.4,12,5.167962e-05,8.332400e-02,"(0, (2, 3, 4, 4))",-10184.848,,,,
O_tau=0.4,12,5.260044e-05,8.332384e-02,"(0, (2, 3, 4, 4))",-10006.409,,,,
O_tau=0.4,12,5.353767e-05,8.332367e-02,"(0, (2, 3, 4, 4))",-9831.093,,,,
O_tau=0.4,12,5.449160e-05,8.332350e-02,"(0, (2, 3, 4, 4))",-9658.846,,,,
O_tau=0.4,12,5.546253e-05,8.332332e-02,"(0, (2, 3, 4, 4))",-9489.614,,,,
O_tau=0.4,12,5.645076e-05,8.332314e-02,"(0, (2, 3, 4, 4))",-9323.346,,,,
O_tau=0.4,12,5.745660e-05,8.332296e-02,"(0, (2, 3, 4, 4))",-9159.988,,,,
O_tau=0.4,12,5.848035e-05,8.332278e-02,"(0, (2, 3, 4, 4))",-8999.489,,,,
O_tau=0.4,12,5.952235e-05,8.332259e-02,"(0, (2, 3, 4, 4))",-8841.801,,,,
O_tau=0.4,12,6.058292e-05,8.332240e-02,"(0, (2, 3, 4, 4))",-8686.873,,,,
O_tau=0.4,12,6.166238e-05,8.332220e-02,"(0, (2, 3, 4, 4))",-8534.658,,,,
O_tau=0.4,12,6.276108e-05,8.332200e-02,"(0, (2, 3, 4, 4))",-8385.107,,,,
O_tau=0.4,12,6.387935e-05,8.332180e-02,"(0, (2, 3, 4, 4))",-8238.174,,,,
O_tau=0.4,12,6.501755e-05,8.332160e-02,"(0, (2, 3, 4, 4))",-8093.813,,,,
O_tau=0.4,12,6.617603e-05,8.332139e-02,"(0, (2, 3, 4, 4))",-7951.980,,,,
O_tau=0.4,12,6.735515e-05,8.332117e-02,"(0, (2, 3, 4, 4))",-7812.630,,,,
O_tau=0.4,12,6.855528e-05,8.332096e-02,"(0, (2, 3, 4, 4))",-7675.719,,,,
O_tau=0.4,12,6.977679e-05,8.332074e-02,"(0, (2, 3, 4, 4))",-7541.205,,,,
O_tau=0.4,12,7.102007e-05,8.332051e-02,"(0, (2, 3, 4, 4))",-7409.046,,,,
O_tau=0.4,12,7.228550e-05,8.332029e-02,"(0, (2, 3, 4, 4))",-7279.201,,,,
O_tau=0.4,12,7.357348e-05,8.332005e-02,"(0, (2, 3, 4, 4))",-7151.629,,,,
O_tau=0.4,12,7.488441e-05,8.331982e-02,"(0, (2, 3, 4, 4))",-7026.290,,,,
O_tau=0.4,12,7.621869e-05,8.331958e-02,"(0, (2, 3, 4, 4))",-6903.145,,,,
O_tau=0.4,12,7.757675e-05,8.331933e-02,"(0, (2, 3, 4, 4))",-6782.157,,,,
O_tau=0.4,12,7.895901e-05,8.331908e-02,"(0, (2, 3, 4, 4))",-6663.286,,,,
O_tau=0.4,12,8.036590e-05,8.331883e-02,"(0, (2, 3, 4, 4))",-6546.496,,,,
O_tau=0.4,12,8.179785e-05,8.331857e-02,"(0, (2, 3, 4, 4))",-6431.751,,,,
O_tau=0.4,12,8.325532e-05,8.331831e-02,"(0, (2, 3, 4, 4))",-6319.015,,,,
O_tau=0.4,12,8.473876e-05,8.331804e-02,"(0, (2, 3, 4, 4))",-6208.252,,,,
O_tau=0.4,12,8.624863e-05,8.331777e-02,"(0, (2, 3, 4, 4))",-6099.429,,,,
O_tau=0.4,12,8.778540e-05,8.331749e-02,"(0, (2, 3, 4, 4))",-5992.510,,,,
O_tau=0.4,12,8.934956e-05,8.331721e-02,"(0, (2, 3, 4, 4))",-5887.464,,,,
O_tau=0.4,12,9.094158e-05,8.331692e-02,"(0, (2, 3, 4, 4))",-5784.256,,,,
O_tau=0.4,12,9.256197e-05,8.331663e-02,"(0, (2, 3, 4, 4))",-5682.855,,,,
O_tau=0.4,12,9.421124e-05,8.331633e-02,"(0, (2, 3, 4, 4))",-5583.229,,,,
O_tau=0.4,12,9.588989e-05,8.331603e-02,"(0, (2, 3, 4, 4))",-5485.348,,,,
O_tau=0.4,12,9.759844e-05,8.331572e-02,"(0, (2, 3, 4, 4))",-5389.180,,,,
O_tau=0.4,12,9.933745e-05,8.331540e-02,"(0, (2, 3, 4, 4))",-5294.696,,,,
O_tau=0.4,12,1.011074e-04,8.331508e-02,"(0, (2, 3, 4, 4))",-5201.865,,,,
O_tau=0.4,12,1.029090e-04,8.331476e-02,"(0, (2, 3, 4, 4))",-5110.660,,,,
O_tau=0.4,12,1.047426e-04,8.331443e-02,"(0, (2, 3, 4, 4))",-5021.052,,,,
O_tau=0.4,12,1.066089e-04,8.331409e-02,"(0, (2, 3, 4, 4))",-4933.012,,,,
O_tau=0.4,12,1.085084e-04,8.331375e-02,"(0, (2, 3, 4, 4))",-4846.514,,,,
O_tau=0.4,12,1.104418e-04,8.331340e-02,"(0, (2, 3, 4, 4))",-4761.530,,,,
O_tau=0.4,12,1.124097e-04,8.331304e-02,"(0, (2, 3, 4, 4))",-4678.034,,,,
O_tau=0.4,12,1.144126e-04,8.331268e-02,"(0, (2, 3, 4, 4))",-4595.999,,,,
O_tau=0.4,12,1.164512e-04,8.331232e-02,"(0, (2, 3, 4, 4))",-4515.401,,,,
O_tau=0.4,12,1.185261e-04,8.331194e-02,"(0, (2, 3, 4, 4))",-4436.214,,,,
O_tau=0.4,12,1.206380e-04,8.331156e-02,"(0, (2, 3, 4, 4))",-4358.413,,,,
O_tau=0.4,12,1.227875e-04,8.331117e-02,"(0, (2, 3, 4, 4))",-4281.974,,,,
O_tau=0.4,12,1.249753e-04,8.331078e-02,"(0, (2, 3, 4, 4))",-4206.873,,,,
O_tau=0.4,12,1.272021e-04,8.331038e-02,"(0, (2, 3, 4, 4))",-4133.087,,,,
O_tau=0.4,12,1.294686e-04,8.330997e-02,"(0, (2, 3, 4, 4))",-4060.593,,,,
O_tau=0.4,12,1.317755e-04,8.330955e-02,"(0, (2, 3, 4, 4))",-3989.368,,,,
O_tau=0.4,12,1.341234e-04,8.330913e-02,"(0, (2, 3, 4, 4))",-3919.390,,,,
O_tau=0.4,12,1.365132e-04,8.330870e-02,"(0, (2, 3, 4, 4))",-3850.637,,,,
O_tau=0.4,12,1.389456e-04,8.330826e-02,"(0, (2, 3, 4, 4))",-3783.088,,,,
O_tau=0.4,12,1.414214e-04,8.330781e-02,"(0, (2, 3, 4, 4))",-3716.721,,,,
O_tau=0.4,12,1.439412e-04,8.330736e-02,"(0, (2, 3, 4, 4))",-3651.516,,,,
O_tau=0.4,12,1.465059e-04,8.330689e-02,"(0, (2, 3, 4, 4))",-3587.453,,,,
O_tau=0.4,12,1.491164e-04,8.330642e-02,"(0, (2, 3, 4, 4))",-3524.511,,,,
O_tau=0.4,12,1.517733e-04,8.330594e-02,"(0, (2, 3, 4, 4))",-3462.671,,,,
O_tau=0.4,12,1.544776e-04,8.330546e-02,"(0, (2, 3, 4, 4))",-3401.914,,,,
O_tau=0.4,12,1.572301e-04,8.330496e-02,"(0, (2, 3, 4, 4))",-3342.221,,,,
O_tau=0.4,12,1.600316e-04,8.330445e-02,"(0, (2, 3, 4, 4))",-3283.572,,,,
O_tau=0.4,12,1.628830e-04,8.330394e-02,"(0, (2, 3, 4, 4))",-3225.951,,,,
O_tau=0.4,12,1.657853e-04,8.330342e-02,"(0, (2, 3, 4, 4))",-3169.338,,,,
O_tau=0.4,12,1.687392e-04,8.330288e-02,"(0, (2, 3, 4, 4))",-3113.716,,,,
O_tau=0.4,12,1.717458e-04,8.330234e-02,"(0, (2, 3, 4, 4))",-3059.068,,,,
O_tau=0.4,12,1.748059e-04,8.330179e-02,"(0, (2, 3, 4, 4))",-3005.377,,,,
O_tau=0.4,12,1.779206e-04,8.330123e-02,"(0, (2, 3, 4, 4))",-2952.626,,,,
O_tau=0.4,12,1.810908e-04,8.330066e-02,"(0, (2, 3, 4, 4))",-2900.798,,,,
O_tau=0.4,12,1.843175e-04,8.330007e-02,"(0, (2, 3, 4, 4))",-2849.878,,,,
O_tau=0.4,12,1.876016e-04,8.329948e-02,"(0, (2, 3, 4, 4))",-2799.849,,,,
O_tau=0.4,12,1.909443e-04,8.329888e-02,"(0, (2, 3, 4, 4))",-2750.696,,,,
O_tau=0.4,12,1.943465e-04,8.329827e-02,"(0, (2, 3, 4, 4))",-2702.403,,,,
O_tau=0.4,12,1.978094e-04,8.329764e-02,"(0, (2, 3, 4, 4))",-2654.956,,,,
O_tau=0.4,12,2.013339e-04,8.329701e-02,"(0, (2, 3, 4, 4))",-2608.340,,,,
O_tau=0.4,12,2.049213e-04,8.329636e-02,"(0, (2, 3, 4, 4))",-2562.540,,,,
O_tau=0.4,12,2.085726e-04,8.329570e-02,"(0, (2, 3, 4, 4))",-2517.542,,,,
O_tau=0.4,12,2.122889e-04,8.329503e-02,"(0, (2, 3, 4, 4))",-2473.331,,,,
O_tau=0.4,12,2.160715e-04,8.329435e-02,"(0, (2, 3, 4, 4))",-2429.895,,,,
O_tau=0.4,12,2.199214e-04,8.329366e-02,"(0, (2, 3, 4, 4))",-2387.219,,,,
O_tau=0.4,12,2.238399e-04,8.329295e-02,"(0, (2, 3, 4, 4))",-2345.290,,,,
O_tau=0.4,12,2.278283e-04,8.329223e-02,"(0, (2, 3, 4, 4))",-2304.095,,,,
O_tau=0.4,12,2.318877e-04,8.329150e-02,"(0, (2, 3, 4, 4))",-2263.621,,,,
O_tau=0.4,12,2.360195e-04,8.329075e-02,"(0, (2, 3, 4, 4))",-2223.856,,,,
O_tau=0.4,12,2.402249e-04,8.329000e-02,"(0, (2, 3, 4, 4))",-2184.788,,,,
O_tau=0.4,12,2.445052e-04,8.328922e-02,"(0, (2, 3, 4, 4))",-2146.403,,,,
O_tau=0.4,12,2.488618e-04,8.328844e-02,"(0, (2, 3, 4, 4))",-2108.690,,,,
O_tau=0.4,12,2.532960e-04,8.328764e-02,"(0, (2, 3, 4, 4))",-2071.638,,,,
O_tau=0.4,12,2.578092e-04,8.328683e-02,"(0, (2, 3, 4, 4))",-2035.234,,,,
O_tau=0.4,12,2.624028e-04,8.328600e-02,"(0, (2, 3, 4, 4))",-1999.467,,,,
O_tau=0.4,12,2.670783e-04,8.328515e-02,"(0, (2, 3, 4, 4))",-1964.327,,,,
O_tau=0.4,12,2.718371e-04,8.328430e-02,"(0, (2, 3, 4, 4))",-1929.802,,,,
O_tau=0.4,12,2.766807e-04,8.328342e-02,"(0, (2, 3, 4, 4))",-1895.882,,,,
O_tau=0.4,12,2.816105e-04,8.328254e-02,"(0, (2, 3, 4, 4))",-1862.555,,,,
O_tau=0.4,12,2.866283e-04,8.328163e-02,"(0, (2, 3, 4, 4))",-1829.812,,,,
O_tau=0.4,12,2.917354e-04,8.328071e-02,"(0, (2, 3, 4, 4))",-1797.642,,,,
O_tau=0.4,12,2.969335e-04,8.327977e-02,"(0, (2, 3, 4, 4))",-1766.035,,,,
O_tau=0.4,12,3.022242e-04,8.327882e-02,"(0, (2, 3, 4, 4))",-1734.982,,,,
O_tau=0.4,12,3.076093e-04,8.327785e-02,"(0, (2, 3, 4, 4))",-1704.472,,,,
O_tau=0.4,12,3.130902e-04,8.327686e-02,"(0, (2, 3, 4, 4))",-1674.497,,,,
O_tau=0.4,12,3.186688e-04,8.327586e-02,"(0, (2, 3, 4, 4))",-1645.046,,,,
O_tau=0.4,12,3.243469e-04,8.327484e-02,"(0, (2, 3, 4, 4))",-1616.111,,,,
O_tau=0.4,12,3.301261e-04,8.327379e-02,"(0, (2, 3, 4, 4))",-1587.683,,,,
O_tau=0.4,12,3.360082e-04,8.327273e-02,"(0, (2, 3, 4, 4))",-1559.752,,,,
O_tau=0.4,12,3.419952e-04,8.327166e-02,"(0, (2, 3, 4, 4))",-1532.311,,,,
O_tau=0.4,12,3.480888e-04,8.327056e-02,"(0, (2, 3, 4, 4))",-1505.350,,,,
O_tau=0.4,12,3.542911e-04,8.326944e-02,"(0, (2, 3, 4, 4))",-1478.860,,,,
O_tau=0.4,12,3.606038e-04,8.326830e-02,"(0, (2, 3, 4, 4))",-1452.835,,,,
O_tau=0.4,12,3.670290e-04,8.326715e-02,"(0, (2, 3, 4, 4))",-1427.265,,,,
O_tau=0.4,12,3.735687e-04,8.326597e-02,"(0, (2, 3, 4, 4))",-1402.143,,,,
O_tau=0.4,12,3.802249e-04,8.326477e-02,"(0, (2, 3, 4, 4))",-1377.461,,,,
O_tau=0.4,12,3.869998e-04,8.326355e-02,"(0, (2, 3, 4, 4))",-1353.211,,,,
O_tau=0.4,12,3.938953e-04,8.326231e-02,"(0, (2, 3, 4, 4))",-1329.386,,,,
O_tau=0.4,12,4.009137e-04,8.326105e-02,"(0, (2, 3, 4, 4))",-1305.978,,,,
O_tau=0.4,12,4.080572e-04,8.325976e-02,"(0, (2, 3, 4, 4))",-1282.979,,,,
O_tau=0.4,12,4.153279e-04,8.325845e-02,"(0, (2, 3, 4, 4))",-1260.384,,,,
O_tau=0.4,12,4.227282e-04,8.325712e-02,"(0, (2, 3, 4, 4))",-1238.184,,,,
O_tau=0.4,12,4.302603e-04,8.325576e-02,"(0, (2, 3, 4, 4))",-1216.372,,,,
O_tau=0.4,12,4.379267e-04,8.325438e-02,"(0, (2, 3, 4, 4))",-1194.943,,,,
O_tau=0.4,12,4.457296e-04,8.325298e-02,"(0, (2, 3, 4, 4))",-1173.889,,,,
O_tau=0.4,12,4.536716e-04,8.325155e-02,"(0, (2, 3, 4, 4))",-1153.203,,,,
O_tau=0.4,12,4.617551e-04,8.325009e-02,"(0, (2, 3, 4, 4))",-1132.880,,,,
O_tau=0.4,12,4.699826e-04,8.324861e-02,"(0, (2, 3, 4, 4))",-1112.912,,,,
O_tau=0.4,12,4.783567e-04,8.324710e-02,"(0, (2, 3, 4, 4))",-1093.294,,,,
O_tau=0.4,12,4.868801e-04,8.324557e-02,"(0, (2, 3, 4, 4))",-1074.020,,,,
O_tau=0.4,12,4.955553e-04,8.324401e-02,"(0, (2, 3, 4, 4))",-1055.083,,,,
O_tau=0.4,12,5.043850e-04,8.324242e-02,"(0, (2, 3, 4, 4))",-1036.477,,,,
O_tau=0.4,12,5.133721e-04,8.324080e-02,"(0, (2, 3, 4, 4))",-1018.198,,,,
O_tau=0.4,12,5.225194e-04,8.323916e-02,"(0, (2, 3, 4, 4))",-1000.238,,,,
O_tau=0.4,12,5.318296e-04,8.323748e-02,"(0, (2, 3, 4, 4))",-982.593,,,,
O_tau=0.4,12,5.413057e-04,8.323578e-02,"(0, (2, 3, 4, 4))",-965.257,,,,
O_tau=0.4,12,5.509506e-04,8.323404e-02,"(0, (2, 3, 4, 4))",-948.224,,,,
O_tau=0.4,12,5.607674e-04,8.323228e-02,"(0, (2, 3, 4, 4))",-931.490,,,,
O_tau=0.4,12,5.707592e-04,8.323048e-02,"(0, (2, 3, 4, 4))",-915.049,,,,
O_tau=0.4,12,5.809289e-04,8.322865e-02,"(0, (2, 3, 4, 4))",-898.895,,,,
O_tau=0.4,12,5.912799e-04,8.322679e-02,"(0, (2, 3, 4, 4))",-883.025,,,,
O_tau=0.4,12,6.018153e-04,8.322490e-02,"(0, (2, 3, 4, 4))",-867.432,,,,
O_tau=0.4,12,6.125384e-04,8.322297e-02,"(0, (2, 3, 4, 4))",-852.112,,,,
O_tau=0.4,12,6.234525e-04,8.322101e-02,"(0, (2, 3, 4, 4))",-837.061,,,,
O_tau=0.4,12,6.345612e-04,8.321901e-02,"(0, (2, 3, 4, 4))",-822.273,,,,
O_tau=0.4,12,6.458677e-04,8.321698e-02,"(0, (2, 3, 4, 4))",-807.744,,,,
O_tau=0.4,12,6.573758e-04,8.321491e-02,"(0, (2, 3, 4, 4))",-793.470,,,,4420
O_tau=0.4,12,6.690889e-04,8.321280e-02,"(0, (2, 3, 4, 4))",-779.445,,,,4334
O_tau=0.4,12,6.810106e-04,8.321066e-02,"(0, (2, 3, 4, 4))",-765.666,,,,4249
O_tau=0.4,12,6.931448e-04,8.320848e-02,"(0, (2, 3, 4, 4))",-752.129,,,,4167
O_tau=0.4,12,7.054953e-04,8.320626e-02,"(0, (2, 3, 4, 4))",-738.828,,,4413,4085
O_tau=0.4,12,7.180657e-04,8.320400e-02,"(0, (2, 3, 4, 4))",-725.760,,,4328,4006
O_tau=0.4,12,7.308602e-04,8.320170e-02,"(0, (2, 3, 4, 4))",-712.921,,,4244,3927
O_tau=0.4,12,7.438826e-04,8.319936e-02,"(0, (2, 3, 4, 4))",-700.307,,,4162,3851
O_tau=0.4,12,7.571370e-04,8.319698e-02,"(0, (2, 3, 4, 4))",-687.914,,,4081,3776
O_tau=0.4,12,7.706277e-04,8.319456e-02,"(0, (2, 3, 4, 4))",-675.738,,,4002,3702
O_tau=0.4,12,7.843587e-04,8.319209e-02,"(0, (2, 3, 4, 4))",-663.775,,,3925,3630
O_tau=0.4,12,7.983343e-04,8.318958e-02,"(0, (2, 3, 4, 4))",-652.022,,,3848,3559
O_tau=0.4,12,8.125590e-04,8.318703e-02,"(0, (2, 3, 4, 4))",-640.474,,,3774,3489
O_tau=0.4,12,8.270371e-04,8.318443e-02,"(0, (2, 3, 4, 4))",-629.129,,,3701,3421
O_tau=0.4,12,8.417732e-04,8.318178e-02,"(0, (2, 3, 4, 4))",-617.982,,,3629,3354
O_tau=0.4,12,8.567719e-04,8.317909e-02,"(0, (2, 3, 4, 4))",-607.031,,,3559,3289
O_tau=0.4,12,8.720378e-04,8.317635e-02,"(0, (2, 3, 4, 4))",-596.271,,,3490,3224
O_tau=0.4,12,8.875757e-04,8.317356e-02,"(0, (2, 3, 4, 4))",-585.700,,,3422,3161
O_tau=0.4,12,9.033905e-04,8.317072e-02,"(0, (2, 3, 4, 4))",-575.313,4368,,3356,3099
O_tau=0.4,12,9.194870e-04,8.316784e-02,"(0, (2, 3, 4, 4))",-565.109,4285,,3290,3039
O_tau=0.4,12,9.358704e-04,8.316490e-02,"(0, (2, 3, 4, 4))",-555.084,4205,,3227,2979
O_tau=0.4,12,9.525456e-04,8.316190e-02,"(0, (2, 3, 4, 4))",-545.234,4122,4401,3164,2921
O_tau=0.4,12,9.695180e-04,8.315886e-02,"(0, (2, 3, 4, 4))",-535.556,4046,4316,3103,2864
O_tau=0.4,12,9.867929e-04,8.315576e-02,"(0, (2, 3, 4, 4))",-526.048,3968,4234,3042,2808
O_tau=0.4,12,1.004375e-03,8.315261e-02,"(0, (2, 3, 4, 4))",-516.707,3893,4153,2983,2753
O_tau=0.4,12,1.022271e-03,8.314940e-02,"(0, (2, 3, 4, 4))",-507.529,3816,4074,2925,2699
O_tau=0.4,12,1.040486e-03,8.314613e-02,"(0, (2, 3, 4, 4))",-498.512,3742,3998,2868,2646
O_tau=0.4,12,1.059025e-03,8.314281e-02,"(0, (2, 3, 4, 4))",-489.652,3669,3919,2813,2594
O_tau=0.4,12,1.077895e-03,8.313943e-02,"(0, (2, 3, 4, 4))",-480.948,3598,3847,2758,2543
O_tau=0.4,12,1.097101e-03,8.313599e-02,"(0, (2, 3, 4, 4))",-472.397,3535,3773,2704,2494
O_tau=0.4,12,1.116649e-03,8.313248e-02,"(0, (2, 3, 4, 4))",-463.995,3465,3704,2652,2445
O_tau=0.4,12,1.136545e-03,8.312892e-02,"(0, (2, 3, 4, 4))",-455.740,3398,3632,2600,2397
O_tau=0.4,12,1.156796e-03,8.312529e-02,"(0, (2, 3, 4, 4))",-447.630,3332,3562,2550,2350
O_tau=0.4,12,1.177408e-03,8.312160e-02,"(0, (2, 3, 4, 4))",-439.662,3268,3494,2500,2304
O_tau=0.4,12,1.198387e-03,8.311784e-02,"(0, (2, 3, 4, 4))",-431.833,3207,3426,2451,2258
O_tau=0.4,12,1.219740e-03,8.311402e-02,"(0, (2, 3, 4, 4))",-424.142,3147,3362,2404,2214
O_tau=0.4,12,1.241473e-03,8.311013e-02,"(0, (2, 3, 4, 4))",-416.585,3086,3299,2357,2171
O_tau=0.4,12,1.263594e-03,8.310617e-02,"(0, (2, 3, 4, 4))",-409.161,3025,3235,2311,2128
O_tau=0.4,12,1.286108e-03,8.310214e-02,"(0, (2, 3, 4, 4))",-401.866,2971,3175,2266,2086
O_tau=0.4,12,1.309024e-03,8.309803e-02,"(0, (2, 3, 4, 4))",-394.700,2909,3113,2222,2045
O_tau=0.4,12,1.332348e-03,8.309386e-02,"(0, (2, 3, 4, 4))",-387.659,2854,3055,2179,2005
O_tau=0.4,12,1.356088e-03,8.308961e-02,"(0, (2, 3, 4, 4))",-380.741,2804,2998,2136,1966
O_tau=0.4,12,1.380250e-03,8.308529e-02,"(0, (2, 3, 4, 4))",-373.945,2747,2937,2095,1927
O_tau=0.4,12,1.404844e-03,8.308089e-02,"(0, (2, 3, 4, 4))",-367.267,2696,2882,2054,1889
O_tau=0.4,12,1.429875e-03,8.307642e-02,"(0, (2, 3, 4, 4))",-360.706,2643,2828,2014,1852
O_tau=0.4,12,1.455352e-03,8.307186e-02,"(0, (2, 3, 4, 4))",-354.261,2593,2775,1974,1815
O_tau=0.4,12,1.481284e-03,8.306723e-02,"(0, (2, 3, 4, 4))",-347.928,2544,2719,1936,1780
O_tau=0.4,12,1.507677e-03,8.306251e-02,"(0, (2, 3, 4, 4))",-341.706,2495,2670,1898,1745
O_tau=0.4,12,1.534541e-03,8.305771e-02,"(0, (2, 3, 4, 4))",-335.594,2446,2618,1861,1710
O_tau=0.4,12,1.561883e-03,8.305282e-02,"(0, (2, 3, 4, 4))",-329.588,2398,2568,1825,1677
O_tau=0.4,12,1.589713e-03,8.304785e-02,"(0, (2, 3, 4, 4))",-323.687,2354,2521,1789,1644
O_tau=0.4,12,1.618038e-03,8.304279e-02,"(0, (2, 3, 4, 4))",-317.890,2309,2475,1754,1611
O_tau=0.4,12,1.646868e-03,8.303765e-02,"(0, (2, 3, 4, 4))",-312.195,2264,2426,1720,1579
O_tau=0.4,12,1.676212e-03,8.303241e-02,"(0, (2, 3, 4, 4))",-306.599,2220,2380,1687,1548
O_tau=0.4,12,1.706079e-03,8.302708e-02,"(0, (2, 3, 4, 4))",-301.101,2178,2334,1654,1518
O_tau=0.4,12,1.736478e-03,8.302165e-02,"(0, (2, 3, 4, 4))",-295.699,2136,2287,1621,1488
O_tau=0.4,12,1.767418e-03,8.301613e-02,"(0, (2, 3, 4, 4))",-290.393,2097,2244,1590,1458
O_tau=0.4,12,1.798910e-03,8.301051e-02,"(0, (2, 3, 4, 4))",-285.179,2056,2204,1559,1430
O_tau=0.4,12,1.830963e-03,8.300480e-02,"(0, (2, 3, 4, 4))",-280.056,2014,2161,1528,1402
O_tau=0.4,12,1.863587e-03,8.299898e-02,"(0, (2, 3, 4, 4))",-275.023,1976,2118,1498,1374
O_tau=0.4,12,1.896792e-03,8.299306e-02,"(0, (2, 3, 4, 4))",-270.079,1939,2078,1469,1347
O_tau=0.4,12,1.930589e-03,8.298704e-02,"(0, (2, 3, 4, 4))",-265.221,1901,2040,1440,1320
O_tau=0.4,12,1.964988e-03,8.298091e-02,"(0, (2, 3, 4, 4))",-260.448,1866,1998,1412,1294
O_tau=0.4,12,2.000000e-03,8.297467e-02,"(0, (2, 3, 4, 4))",-255.758,1827,1962,1384,1268
O_tau=0.4,12,2.031395e-03,8.296908e-02,"(0, (2, 3, 4, 4))",-251.691,1799,1930,1360,1246
O_tau=0.4,12,2.063282e-03,8.296340e-02,"(0, (2, 3, 4, 4))",-247.687,1766,1895,1337,1225
O_tau=0.4,12,2.095671e-03,8.295764e-02,"(0, (2, 3, 4, 4))",-243.744,1736,1866,1314,1203
O_tau=0.4,12,2.128567e-03,8.295178e-02,"(0, (2, 3, 4, 4))",-239.863,1707,1834,1291,1182
O_tau=0.4,12,2.161980e-03,8.294583e-02,"(0, (2, 3, 4, 4))",-236.041,1678,1802,1269,1162
O_tau=0.4,12,2.195917e-03,8.293980e-02,"(0, (2, 3, 4, 4))",-232.279,1650,1769,1247,1141
O_tau=0.4,12,2.230388e-03,8.293367e-02,"(0, (2, 3, 4, 4))",-228.575,1621,1742,1225,1121
O_tau=0.4,12,2.265399e-03,8.292744e-02,"(0, (2, 3, 4, 4))",-224.928,1594,1710,1204,1102
O_tau=0.4,12,2.300960e-03,8.292112e-02,"(0, (2, 3, 4, 4))",-221.338,1568,1680,1183,1083
O_tau=0.4,12,2.337079e-03,8.291470e-02,"(0, (2, 3, 4, 4))",-217.803,1541,1656,1163,1063
O_tau=0.4,12,2.373765e-03,8.290818e-02,"(0, (2, 3, 4, 4))",-214.323,1514,1626,1143,1045
O_tau=0.4,12,2.411027e-03,8.290156e-02,"(0, (2, 3, 4, 4))",-210.896,1489,1601,1123,1027
O_tau=0.4,12,2.448874e-03,8.289484e-02,"(0, (2, 3, 4, 4))",-207.523,1464,1573,1103,1009
O_tau=0.4,12,2.487314e-03,8.288801e-02,"(0, (2, 3, 4, 4))",-204.202,1437,1544,1084,991
O_tau=0.4,12,2.526359e-03,8.288108e-02,"(0, (2, 3, 4, 4))",-200.932,1414,1520,1065,974
O_tau=0.4,12,2.566016e-03,8.287404e-02,"(0, (2, 3, 4, 4))",-197.713,1391,1495,1047,957
O_tau=0.4,12,2.606296e-03,8.286690e-02,"(0, (2, 3, 4, 4))",-194.543,1365,1469,1029,940
O_tau=0.4,12,2.647208e-03,8.285964e-02,"(0, (2, 3, 4, 4))",-191.423,1342,1444,1011,923
O_tau=0.4,12,2.688762e-03,8.285227e-02,"(0, (2, 3, 4, 4))",-188.351,1322,1420,994,907
O_tau=0.4,12,2.730969e-03,8.284479e-02,"(0, (2, 3, 4, 4))",-185.326,1297,1398,976,891
O_tau=0.4,12,2.773838e-03,8.283719e-02,"(0, (2, 3, 4, 4))",-182.349,1273,1371,959,876
O_tau=0.4,12,2.817380e-03,8.282948e-02,"(0, (2, 3, 4, 4))",-179.417,1254,1349,943,860
O_tau=0.4,12,2.861605e-03,8.282165e-02,"(0, (2, 3, 4, 4))",-176.531,1234,1327,926,845
O_tau=0.4,12,2.906525e-03,8.281369e-02,"(0, (2, 3, 4, 4))",-173.689,1209,1301,910,830
O_tau=0.4,12,2.952150e-03,8.280562e-02,"(0, (2, 3, 4, 4))",-170.891,1190,1282,895,816
O_tau=0.4,12,2.998491e-03,8.279742e-02,"(0, (2, 3, 4, 4))",-168.137,1169,1259,879,802
O_tau=0.4,12,3.045559e-03,8.278909e-02,"(0, (2, 3, 4, 4))",-165.425,1151,1240,864,788
O_tau=0.4,12,3.093367e-03,8.278064e-02,"(0, (2, 3, 4, 4))",-162.755,1133,1219,849,774
O_tau=0.4,12,3.141924e-03,8.277205e-02,"(0, (2, 3, 4, 4))",-160.127,1110,1196,834,760
O_tau=0.4,12,3.191244e-03,8.276334e-02,"(0, (2, 3, 4, 4))",-157.539,1092,1176,820,747
O_tau=0.4,12,3.241339e-03,8.275449e-02,"(0, (2, 3, 4, 4))",-154.991,1074,1155,805,734
O_tau=0.4,12,3.292219e-03,8.274550e-02,"(0, (2, 3, 4, 4))",-152.483,1059,1139,791,721
O_tau=0.4,12,3.343898e-03,8.273638e-02,"(0, (2, 3, 4, 4))",-150.013,1039,1116,778,708
O_tau=0.4,12,3.396389e-03,8.272711e-02,"(0, (2, 3, 4, 4))",-147.582,1020,1101,764,696
O_tau=0.4,12,3.449703e-03,8.271770e-02,"(0, (2, 3, 4, 4))",-145.188,1002,1081,751,683
O_tau=0.4,12,3.503855e-03,8.270815e-02,"(0, (2, 3, 4, 4))",-142.832,987,1061,738,671
O_tau=0.4,12,3.558856e-03,8.269846e-02,"(0, (2, 3, 4, 4))",-140.511,970,1044,725,660
O_tau=0.4,12,3.614721e-03,8.268861e-02,"(0, (2, 3, 4, 4))",-138.227,949,1027,712,648
O_tau=0.4,12,3.671462e-03,8.267862e-02,"(0, (2, 3, 4, 4))",-135.978,935,1009,700,637
O_tau=0.4,12,3.729095e-03,8.266847e-02,"(0, (2, 3, 4, 4))",-133.764,922,993,688,625
O_tau=0.4,12,3.787632e-03,8.265816e-02,"(0, (2, 3, 4, 4))",-131.584,905,974,676,614
O_tau=0.4,12,3.847088e-03,8.264770e-02,"(0, (2, 3, 4, 4))",-129.438,890,958,664,604
O_tau=0.4,12,3.907477e-03,8.263708e-02,"(0, (2, 3, 4, 4))",-127.325,875,941,652,593
O_tau=0.4,12,3.968814e-03,8.262629e-02,"(0, (2, 3, 4, 4))",-125.245,858,926,641,582
O_tau=0.4,12,4.031114e-03,8.261535e-02,"(0, (2, 3, 4, 4))",-123.197,843,909,630,572
O_tau=0.4,12,4.094392e-03,8.260423e-02,"(0, (2, 3, 4, 4))",-121.181,830,894,619,562
O_tau=0.4,12,4.158663e-03,8.259294e-02,"(0, (2, 3, 4, 4))",-119.196,814,879,608,552
O_tau=0.4,12,4.223944e-03,8.258148e-02,"(0, (2, 3, 4, 4))",-117.242,802,866,598,543
O_tau=0.4,12,4.290249e-03,8.256985e-02,"(0, (2, 3, 4, 4))",-115.317,789,850,587,533
O_tau=0.4,12,4.357594e-03,8.255804e-02,"(0, (2, 3, 4, 4))",-113.423,774,836,577,524
O_tau=0.4,12,4.425997e-03,8.254605e-02,"(0, (2, 3, 4, 4))",-111.558,760,822,567,514
O_tau=0.4,12,4.495474e-03,8.253388e-02,"(0, (2, 3, 4, 4))",-109.722,748,806,557,505
O_tau=0.4,12,4.566041e-03,8.252152e-02,"(0, (2, 3, 4, 4))",-107.914,734,793,547,496
O_tau=0.4,12,4.637716e-03,8.250897e-02,"(0, (2, 3, 4, 4))",-106.135,724,782,538,488
O_tau=0.4,12,4.710516e-03,8.249623e-02,"(0, (2, 3, 4, 4))",-104.383,709,766,528,479
O_tau=0.4,12,4.784459e-03,8.248330e-02,"(0, (2, 3, 4, 4))",-102.658,695,754,519,471
O_tau=0.4,12,4.859562e-03,8.247017e-02,"(0, (2, 3, 4, 4))",-100.959,686,742,510,462
O_tau=0.4,12,4.935845e-03,8.245685e-02,"(0, (2, 3, 4, 4))",-99.287,675,730,501,454
O_tau=0.4,12,5.013324e-03,8.244332e-02,"(0, (2, 3, 4, 4))",-97.641,663,718,492,446
O_tau=0.4,12,5.092021e-03,8.242958e-02,"(0, (2, 3, 4, 4))",-96.021,651,703,484,438
O_tau=0.4,12,5.171952e-03,8.241564e-02,"(0, (2, 3, 4, 4))",-94.425,641,691,475,430
O_tau=0.4,12,5.253138e-03,8.240148e-02,"(0, (2, 3, 4, 4))",-92.855,631,683,467,423
O_tau=0.4,12,5.335599e-03,8.238712e-02,"(0, (2, 3, 4, 4))",-91.308,619,670,459,415
O_tau=0.4,12,5.419354e-03,8.237253e-02,"(0, (2, 3, 4, 4))",-89.786,609,656,451,408
O_tau=0.4,12,5.504423e-03,8.235772e-02,"(0, (2, 3, 4, 4))",-88.287,595,646,443,401
O_tau=0.4,12,5.590828e-03,8.234269e-02,"(0, (2, 3, 4, 4))",-86.811,589,636,435,394
O_tau=0.4,12,5.678590e-03,8.232743e-02,"(0, (2, 3, 4, 4))",-85.358,576,625,428,387
O_tau=0.4,12,5.767729e-03,8.231194e-02,"(0, (2, 3, 4, 4))",-83.928,567,614,420,380
O_tau=0.4,12,5.858267e-03,8.229622e-02,"(0, (2, 3, 4, 4))",-82.520,559,605,413,373
O_tau=0.4,12,5.950227e-03,8.228026e-02,"(0, (2, 3, 4, 4))",-81.133,549,591,405,366
O_tau=0.4,12,6.043630e-03,8.226406e-02,"(0, (2, 3, 4, 4))",-79.768,538,583,398,360
O_tau=0.4,12,6.138499e-03,8.224761e-02,"(0, (2, 3, 4, 4))",-78.425,529,572,392,353
O_tau=0.4,12,6.234857e-03,8.223092e-02,"(0, (2, 3, 4, 4))",-77.102,521,563,385,347
O_tau=0.4,12,6.332728e-03,8.221398e-02,"(0, (2, 3, 4, 4))",-75.799,510,555,378,341
O_tau=0.4,12,6.432135e-03,8.219678e-02,"(0, (2, 3, 4, 4))",-74.517,504,545,371,335
O_tau=0.4,12,6.533103e-03,8.217932e-02,"(0, (2, 3, 4, 4))",-73.255,493,536,365,329
O_tau=0.4,12,6.635656e-03,8.216160e-02,"(0, (2, 3, 4, 4))",-72.012,487,525,358,323
O_tau=0.4,12,6.739818e-03,8.214362e-02,"(0, (2, 3, 4, 4))",-70.788,477,517,352,317
O_tau=0.4,12,6.845616e-03,8.212536e-02,"(0, (2, 3, 4, 4))",-69.584,468,508,346,312
O_tau=0.4,12,6.953074e-03,8.210683e-02,"(0, (2, 3, 4, 4))",-68.398,461,501,340,306
O_tau=0.4,12,7.062219e-03,8.208802e-02,"(0, (2, 3, 4, 4))",-67.230,452,492,334,301
O_tau=0.4,12,7.173078e-03,8.206894e-02,"(0, (2, 3, 4, 4))",-66.081,446,483,328,296
O_tau=0.4,12,7.285676e-03,8.204956e-02,"(0, (2, 3, 4, 4))",-64.949,437,475,322,290
O_tau=0.4,12,7.400042e-03,8.202990e-02,"(0, (2, 3, 4, 4))",-63.835,428,467,317,285
O_tau=0.4,12,7.516204e-03,8.200994e-02,"(0, (2, 3, 4, 4))",-62.738,426,457,311,280
O_tau=0.4,12,7.634188e-03,8.198969e-02,"(0, (2, 3, 4, 4))",-61.658,415,451,306,275
O_tau=0.4,12,7.754025e-03,8.196913e-02,"(0, (2, 3, 4, 4))",-60.595,409,444,300,270
O_tau=0.4,12,7.875743e-03,8.194826e-02,"(0, (2, 3, 4, 4))",-59.548,402,437,295,265
O_tau=0.4,12,7.999372e-03,8.192709e-02,"(0, (2, 3, 4, 4))",-58.518,395,428,290,261
O_tau=0.4,12,8.124941e-03,8.190560e-02,"(0, (2, 3, 4, 4))",-57.504,389,422,285,256
O_tau=0.4,12,8.252481e-03,8.188379e-02,"(0, (2, 3, 4, 4))",-56.505,380,414,280,251
O_tau=0.4,12,8.382024e-03,8.186166e-02,"(0, (2, 3, 4, 4))",-55.522,373,406,275,247
O_tau=0.4,12,8.513600e-03,8.183920e-02,"(0, (2, 3, 4, 4))",-54.554,368,400,270,243
O_tau=0.4,12,8.647241e-03,8.181640e-02,"(0, (2, 3, 4, 4))",-53.601,360,394,265,238
O_tau=0.4,12,8.782980e-03,8.179327e-02,"(0, (2, 3, 4, 4))",-52.663,355,387,261,234
O_tau=0.4,12,8.920850e-03,8.176979e-02,"(0, (2, 3, 4, 4))",-51.739,349,380,256,230
O_tau=0.4,12,9.060884e-03,8.174597e-02,"(0, (2, 3, 4, 4))",-50.830,343,373,252,226
O_tau=0.4,12,9.203116e-03,8.172180e-02,"(0, (2, 3, 4, 4))",-49.935,339,368,247,222
O_tau=0.4,12,9.347581e-03,8.169727e-02,"(0, (2, 3, 4, 4))",-49.053,331,359,243,218
O_tau=0.4,12,9.494314e-03,8.167237e-02,"(0, (2, 3, 4, 4))",-48.186,323,354,239,214
O_tau=0.4,12,9.643350e-03,8.164711e-02,"(0, (2, 3, 4, 4))",-47.331,321,349,234,210
O_tau=0.4,12,9.794725e-03,8.162148e-02,"(0, (2, 3, 4, 4))",-46.491,316,342,230,206
O_tau=0.4,12,9.948477e-03,8.159547e-02,"(0, (2, 3, 4, 4))",-45.663,307,338,226,203
O_tau=0.4,12,1.010464e-02,8.156908e-02,"(0, (2, 3, 4, 4))",-44.848,306,331,222,199
O_tau=0.4,12,1.026326e-02,8.154230e-02,"(0, (2, 3, 4, 4))",-44.045,298,323,218,195
O_tau=0.4,12,1.042436e-02,8.151513e-02,"(0, (2, 3, 4, 4))",-43.255,293,321,214,192
O_tau=0.4,12,1.058800e-02,8.148756e-02,"(0, (2, 3, 4, 4))",-42.478,288,316,211,188
O_tau=0.4,12,1.075420e-02,8.145959e-02,"(0, (2, 3, 4, 4))",-41.712,286,307,207,185
O_tau=0.4,12,1.092302e-02,8.143120e-02,"(0, (2, 3, 4, 4))",-40.958,280,304,203,182
O_tau=0.4,12,1.109448e-02,8.140241e-02,"(0, (2, 3, 4, 4))",-40.216,274,298,200,179
O_tau=0.4,12,1.126863e-02,8.137319e-02,"(0, (2, 3, 4, 4))",-39.486,269,293,196,175
O_tau=0.4,12,1.144552e-02,8.134355e-02,"(0, (2, 3, 4, 4))",-38.767,263,287,193,172
O_tau=0.4,12,1.162519e-02,8.131347e-02,"(0, (2, 3, 4, 4))",-38.059,257,286,189,169
O_tau=0.4,12,1.180767e-02,8.128296e-02,"(0, (2, 3, 4, 4))",-37.362,256,280,186,166
O_tau=0.4,12,1.199302e-02,8.125201e-02,"(0, (2, 3, 4, 4))",-36.675,253,274,183,163
O_tau=0.4,12,1.218128e-02,8.122061e-02,"(0, (2, 3, 4, 4))",-36.000,246,269,179,160
O_tau=0.4,12,1.237250e-02,8.118875e-02,"(0, (2, 3, 4, 4))",-35.335,244,263,176,157
O_tau=0.4,12,1.256671e-02,8.115643e-02,"(0, (2, 3, 4, 4))",-34.680,238,257,173,154
O_tau=0.4,12,1.276398e-02,8.112364e-02,"(0, (2, 3, 4, 4))",-34.036,234,256,170,152
O_tau=0.4,12,1.296434e-02,8.109038e-02,"(0, (2, 3, 4, 4))",-33.401,230,253,167,149
O_tau=0.4,12,1.316784e-02,8.105664e-02,"(0, (2, 3, 4, 4))",-32.776,226,246,164,146
O_tau=0.4,12,1.337454e-02,8.102242e-02,"(0, (2, 3, 4, 4))",-32.161,222,244,161,144
O_tau=0.4,12,1.358449e-02,8.098770e-02,"(0, (2, 3, 4, 4))",-31.556,219,238,158,141
O_tau=0.4,12,1.379773e-02,8.095248e-02,"(0, (2, 3, 4, 4))",-30.960,216,234,156,139
O_tau=0.4,12,1.401432e-02,8.091676e-02,"(0, (2, 3, 4, 4))",-30.373,211,230,153,136
O_tau=0.4,12,1.423431e-02,8.088053e-02,"(0, (2, 3, 4, 4))",-29.796,207,227,150,134
O_tau=0.4,12,1.445775e-02,8.084378e-02,"(0, (2, 3, 4, 4))",-29.227,203,222,148,131
O_tau=0.4,12,1.468470e-02,8.080650e-02,"(0, (2, 3, 4, 4))",-28.667,200,220,145,129
O_tau=0.4,12,1.491521e-02,8.076869e-02,"(0, (2, 3, 4, 4))",-28.116,198,216,142,127
O_tau=0.4,12,1.514934e-02,8.073035e-02,"(0, (2, 3, 4, 4))",-27.573,194,212,140,124
O_tau=0.4,12,1.538714e-02,8.069145e-02,"(0, (2, 3, 4, 4))",-27.039,190,207,138,122
O_tau=0.4,12,1.562868e-02,8.065201e-02,"(0, (2, 3, 4, 4))",-26.513,186,203,135,120
O_tau=0.4,12,1.587401e-02,8.061201e-02,"(0, (2, 3, 4, 4))",-25.996,183,201,133,118
O_tau=0.4,12,1.612319e-02,8.057144e-02,"(0, (2, 3, 4, 4))",-25.486,180,199,130,116
O_tau=0.4,12,1.637628e-02,8.053029e-02,"(0, (2, 3, 4, 4))",-24.985,179,195,128,114
O_tau=0.4,12,1.663335e-02,8.048857e-02,"(0, (2, 3, 4, 4))",-24.491,172,190,126,112
O_tau=0.4,12,1.689445e-02,8.044626e-02,"(0, (2, 3, 4, 4))",-24.005,172,186,123,110
O_tau=0.4,12,1.715965e-02,8.040335e-02,"(0, (2, 3, 4, 4))",-23.526,168,184,121,108
O_tau=0.4,12,1.742901e-02,8.035984e-02,"(0, (2, 3, 4, 4))",-23.055,165,181,119,106
O_tau=0.4,12,1.770260e-02,8.031571e-02,"(0, (2, 3, 4, 4))",-22.591,162,179,117,104
O_tau=0.4,12,1.798048e-02,8.027098e-02,"(0, (2, 3, 4, 4))",-22.134,158,176,115,102
O_tau=0.4,12,1.826273e-02,8.022561e-02,"(0, (2, 3, 4, 4))",-21.685,157,172,113,100
O_tau=0.4,12,1.854941e-02,8.017961e-02,"(0, (2, 3, 4, 4))",-21.242,153,169,111,98
O_tau=0.4,12,1.884058e-02,8.013297e-02,"(0, (2, 3, 4, 4))",-20.807,152,166,109,96
O_tau=0.4,12,1.913633e-02,8.008569e-02,"(0, (2, 3, 4, 4))",-20.378,150,163,107,95
O_tau=0.4,12,1.943672e-02,8.003774e-02,"(0, (2, 3, 4, 4))",-19.956,146,159,105,93
O_tau=0.4,12,1.974183e-02,7.998913e-02,"(0, (2, 3, 4, 4))",-19.540,142,157,104,92
O_tau=0.4,12,2.005172e-02,7.993985e-02,"(0, (2, 3, 4, 4))",-19.131,141,154,102,90
O_tau=0.4,12,2.036648e-02,7.988989e-02,"(0, (2, 3, 4, 4))",-18.728,141,152,100,88
O_tau=0.4,12,2.068618e-02,7.983924e-02,"(0, (2, 3, 4, 4))",-18.332,136,151,98,86
O_tau=0.4,12,2.101090e-02,7.978790e-02,"(0, (2, 3, 4, 4))",-17.941,133,148,96,85
O_tau=0.4,12,2.134072e-02,7.973585e-02,"(0, (2, 3, 4, 4))",-17.557,131,144,94,83
O_tau=0.4,12,2.167571e-02,7.968308e-02,"(0, (2, 3, 4, 4))",-17.179,128,142,93,82
O_tau=0.4,12,2.201596e-02,7.962960e-02,"(0, (2, 3, 4, 4))",-16.806,127,141,91,80
O_tau=0.4,12,2.236156e-02,7.957538e-02,"(0, (2, 3, 4, 4))",-16.440,125,138,90,79
O_tau=0.4,12,2.271258e-02,7.952043e-02,"(0, (2, 3, 4, 4))",-16.079,122,135,88,77
O_tau=0.4,12,2.306910e-02,7.946472e-02,"(0, (2, 3, 4, 4))",-15.724,120,131,86,76
O_tau=0.4,12,2.343123e-02,7.940827e-02,"(0, (2, 3, 4, 4))",-15.374,118,131,85,75
O_tau=0.4,12,2.379904e-02,7.935105e-02,"(0, (2, 3, 4, 4))",-15.030,117,127,83,73
O_tau=0.4,12,2.417262e-02,7.929305e-02,"(0, (2, 3, 4, 4))",-14.691,114,127,82,72
O_tau=0.4,12,2.455207e-02,7.923428e-02,"(0, (2, 3, 4, 4))",-14.358,114,122,80,71
O_tau=0.4,12,2.493747e-02,7.917471e-02,"(0, (2, 3, 4, 4))",-14.029,112,121,79,70
O_tau=0.4,12,2.532892e-02,7.911435e-02,"(0, (2, 3, 4, 4))",-13.706,109,120,78,68
O_tau=0.4,12,2.572652e-02,7.905318e-02,"(0, (2, 3, 4, 4))",-13.388,107,117,76,67
O_tau=0.4,12,2.613036e-02,7.899119e-02,"(0, (2, 3, 4, 4))",-13.075,106,117,75,66
O_tau=0.4,12,2.654054e-02,7.892837e-02,"(0, (2, 3, 4, 4))",-12.766,104,114,74,65
O_tau=0.4,12,2.695716e-02,7.886472e-02,"(0, (2, 3, 4, 4))",-12.463,100,113,72,64
O_tau=0.4,12,2.738031e-02,7.880023e-02,"(0, (2, 3, 4, 4))",-12.164,98,111,71,62
O_tau=0.4,12,2.781011e-02,7.873488e-02,"(0, (2, 3, 4, 4))",-11.870,97,108,70,61
O_tau=0.4,12,2.824666e-02,7.866867e-02,"(0, (2, 3, 4, 4))",-11.580,96,106,69,60
O_tau=0.4,12,2.869006e-02,7.860159e-02,"(0, (2, 3, 4, 4))",-11.295,95,104,67,59
O_tau=0.4,12,2.914042e-02,7.853363e-02,"(0, (2, 3, 4, 4))",-11.015,95,102,66,58
O_tau=0.4,12,2.959785e-02,7.846478e-02,"(0, (2, 3, 4, 4))",-10.738,94,99,65,57
O_tau=0.4,12,3.006245e-02,7.839503e-02,"(0, (2, 3, 4, 4))",-10.467,89,98,64,56
O_tau=0.4,12,3.053436e-02,7.832437e-02,"(0, (2, 3, 4, 4))",-10.199,87,97,63,55
O_tau=0.4,12,3.101367e-02,7.825279e-02,"(0, (2, 3, 4, 4))",-9.936,85,95,62,54
O_tau=0.4,12,3.150050e-02,7.818029e-02,"(0, (2, 3, 4, 4))",-9.676,85,95,61,53
O_tau=0.4,12,3.199498e-02,7.810684e-02,"(0, (2, 3, 4, 4))",-9.421,84,94,59,52
O_tau=0.4,12,3.249721e-02,7.803246e-02,"(0, (2, 3, 4, 4))",-9.170,82,91,58,51
O_tau=0.4,12,3.300733e-02,7.795711e-02,"(0, (2, 3, 4, 4))",-8.922,80,89,57,50
O_tau=0.4,12,3.352546e-02,7.788080e-02,"(0, (2, 3, 4, 4))",-8.679,80,86,56,49
O_tau=0.4,12,3.405173e-02,7.780352e-02,"(0, (2, 3, 4, 4))",-8.439,78,85,55,48
O_tau=0.4,12,3.458625e-02,7.772525e-02,"(0, (2, 3, 4, 4))",-8.203,77,85,54,47
O_tau=0.4,12,3.512916e-02,7.764598e-02,"(0, (2, 3, 4, 4))",-7.971,76,84,53,47
O_tau=0.4,12,3.568060e-02,7.756571e-02,"(0, (2, 3, 4, 4))",-7.742,74,81,53,46
O_tau=0.4,12,3.624069e-02,7.748443e-02,"(0, (2, 3, 4, 4))",-7.517,73,80,52,45
O_tau=0.4,12,3.680957e-02,7.740213e-02,"(0, (2, 3, 4, 4))",-7.296,73,79,51,44
O_tau=0.4,12,3.738739e-02,7.731879e-02,"(0, (2, 3, 4, 4))",-7.078,69,77,50,43
O_tau=0.4,12,3.797427e-02,7.723441e-02,"(0, (2, 3, 4, 4))",-6.863,69,76,49,43
O_tau=0.4,12,3.857037e-02,7.714898e-02,"(0, (2, 3, 4, 4))",-6.652,68,75,48,42
O_tau=0.4,12,3.917582e-02,7.706249e-02,"(0, (2, 3, 4, 4))",-6.444,67,74,47,41
O_tau=0.4,12,3.979078e-02,7.697492e-02,"(0, (2, 3, 4, 4))",-6.239,66,73,46,40
O_tau=0.4,12,4.041539e-02,7.688627e-02,"(0, (2, 3, 4, 4))",-6.038,64,73,46,40
O_tau=0.4,12,4.104981e-02,7.679654e-02,"(0, (2, 3, 4, 4))",-5.840,62,69,45,39
O_tau=0.4,12,4.169418e-02,7.670570e-02,"(0, (2, 3, 4, 4))",-5.644,62,69,44,38
O_tau=0.4,12,4.234867e-02,7.661375e-02,"(0, (2, 3, 4, 4))",-5.452,61,68,43,37
O_tau=0.4,12,4.301344e-02,7.652068e-02,"(0, (2, 3, 4, 4))",-5.263,60,67,43,37
O_tau=0.4,12,4.368864e-02,7.642649e-02,"(0, (2, 3, 4, 4))",-5.077,59,66,42,36
O_tau=0.4,12,4.437443e-02,7.633115e-02,"(0, (2, 3, 4, 4))",-4.894,58,64,41,35
O_tau=0.4,12,4.507100e-02,7.623466e-02,"(0, (2, 3, 4, 4))",-4.713,56,62,40,35
O_tau=0.4,12,4.577849e-02,7.613702e-02,"(0, (2, 3, 4, 4))",-4.536,54,62,40,34
O_tau=0.4,12,4.649710e-02,7.603821e-02,"(0, (2, 3, 4, 4))",-4.361,54,61,39,33
O_tau=0.4,12,4.722698e-02,7.593822e-02,"(0, (2, 3, 4, 4))",-4.189,54,60,38,33
O_tau=0.4,12,4.796832e-02,7.583704e-02,"(0, (2, 3, 4, 4))",-4.020,54,59,37,32
O_tau=0.4,12,4.872130e-02,7.573467e-02,"(0, (2, 3, 4, 4))",-3.853,54,58,37,32
O_tau=0.4,12,4.948609e-02,7.563109e-02,"(0, (2, 3, 4, 4))",-3.689,52,56,36,31
O_tau=0.4,12,5.026290e-02,7.552630e-02,"(0, (2, 3, 4, 4))",-3.528,52,54,35,31
O_tau=0.4,12,5.105189e-02,7.542028e-02,"(0, (2, 3, 4, 4))",-3.369,49,54,35,30
O_tau=0.4,12,5.185327e-02,7.531303e-02,"(0, (2, 3, 4, 4))",-3.212,47,54,34,30
O_tau=0.4,12,5.266724e-02,7.520454e-02,"(0, (2, 3, 4, 4))",-3.059,47,54,34,29
O_tau=0.4,12,5.349397e-02,7.509479e-02,"(0, (2, 3, 4, 4))",-2.907,47,54,33,29
O_tau=0.4,12,5.433369e-02,7.498378e-02,"(0, (2, 3, 4, 4))",-2.758,47,53,33,28
O_tau=0.4,12,5.518659e-02,7.487150e-02,"(0, (2, 3, 4, 4))",-2.611,46,52,32,28
O_tau=0.4,12,5.605287e-02,7.475794e-02,"(0, (2, 3, 4, 4))",-2.467,45,52,32,27
O_tau=0.4,12,5.693276e-02,7.464310e-02,"(0, (2, 3, 4, 4))",-2.324,45,50,31,27
O_tau=0.4,12,5.782645e-02,7.452695e-02,"(0, (2, 3, 4, 4))",-2.184,44,49,30,26
O_tau=0.4,12,5.873418e-02,7.440950e-02,"(0, (2, 3, 4, 4))",-2.047,43,48,30,26
O_tau=0.4,12,5.965615e-02,7.429074e-02,"(0, (2, 3, 4, 4))",-1.911,43,48,29,25
O_tau=0.4,12,6.059259e-02,7.417065e-02,"(0, (2, 3, 4, 4))",-1.778,43,49,29,25
O_tau=0.4,12,6.154374e-02,7.404923e-02,"(0, (2, 3, 4, 4))",-1.646,43,52,29,24
O_tau=0.4,12,6.250982e-02,7.392647e-02,"(0, (2, 3, 4, 4))",-1.517,43,54,28,24
O_tau=0.4,12,6.349106e-02,7.380236e-02,"(0, (2, 3, 4, 4))",-1.390,44,,28,23
O_tau=0.4,12,6.448770e-02,7.367689e-02,"(0, (2, 3, 4, 4))",-1.264,46,,27,23
O_tau=0.4,12,6.549999e-02,7.355006e-02,"(0, (2, 3, 4, 4))",-1.141,61,,27,22
O_tau=0.4,12,6.652817e-02,7.342185e-02,"(0, (2, 3, 4, 4))",-1.020,,,26,22
O_tau=0.4,12,6.757249e-02,7.329226e-02,"(0, (2, 3, 4, 4))",-0.900,,,26,22
O_tau=0.4,12,6.863320e-02,7.316129e-02,"(0, (2, 3, 4, 4))",-0.783,,,25,21
O_tau=0.4,12,6.971056e-02,7.302891e-02,"(0, (2, 3, 4, 4))",-0.667,,,25,21
O_tau=0.4,12,7.080483e-02,7.289514e-02,"(0, (2, 3, 4, 4))",-0.553,,,24,21
O_tau=0.4,12,7.191628e-02,7.275995e-02,"(0, (2, 3, 4, 4))",-0.441,,,24,20
O_tau=0.4,12,7.304518e-02,7.262334e-02,"(0, (2, 3, 4, 4))",-0.331,,,23,20
O_tau=0.4,12,7.419180e-02,7.248530e-02,"(0, (2, 3, 4, 4))",-0.223,,,23,20
O_tau=0.4,12,7.535642e-02,7.234583e-02,"(0, (2, 3, 4, 4))",-0.116,,,22,19
O_tau=0.4,12,7.653932e-02,7.220492e-02,"(0, (2, 3, 4, 4))",-0.011,,,22,19
O_tau=0.4,12,7.774078e-02,7.206256e-02,"(0, (2, 3, 4, 4))",0.093,,,22,18
O_tau=0.4,12,7.896111e-02,7.191875e-02,"(0, (2, 3, 4, 4))",0.195,,,21,18
O_tau=0.4,12,8.020060e-02,7.177348e-02,"(0, (2, 3, 4, 4))",0.295,,,21,18
O_tau=0.4,12,8.145954e-02,7.162674e-02,"(0, (2, 3, 4, 4))",0.393,,,21,17
O_tau=0.4,12,8.273824e-02,7.147853e-02,"(0, (2, 3, 4, 4))",0.491,,,20,17
O_tau=0.4,12,8.403701e-02,7.132884e-02,"(0, (2, 3, 4, 4))",0.586,,,20,17
O_tau=0.4,12,8.535617e-02,7.117766e-02,"(0, (2, 3, 4, 4))",0.680,,,20,17
O_tau=0.4,12,8.669604e-02,7.102500e-02,"(0, (2, 3, 4, 4))",0.773,,,19,16
O_tau=0.4,12,8.805694e-02,7.087083e-02,"(0, (2, 3, 4, 4))",0.864,,,19,16
O_tau=0.4,12,8.943921e-02,7.071517e-02,"(0, (2, 3, 4, 4))",0.953,,,19,16
O_tau=0.4,12,9.084317e-02,7.055800e-02,"(0, (2, 3, 4, 4))",1.041,,,18,16
O_tau=0.4,12,9.226917e-02,7.039931e-02,"(0, (2, 3, 4, 4))",1.128,,,18,15
O_tau=0.4,12,9.371756e-02,7.023912e-02,"(0, (2, 3, 4, 4))",1.214,,,18,15
O_tau=0.4,12,9.518868e-02,7.007739e-02,"(0, (2, 3, 4, 4))",1.298,,,17,15
O_tau=0.4,12,9.668289e-02,6.991415e-02,"(0, (2, 3, 4, 4))",1.380,,,17,15
O_tau=0.4,12,9.820056e-02,6.974937e-02,"(0, (2, 3, 4, 4))",1.462,,,17,14
O_tau=0.4,12,9.974205e-02,6.958307e-02,"(0, (2, 3, 4, 4))",1.542,,,17,14
O_tau=0.4,12,1.013077e-01,6.941522e-02,"(0, (2, 3, 4, 4))",1.621,,,16,14
O_tau=0.4,12,1.028980e-01,6.924583e-02,"(0, (2, 3, 4, 4))",1.699,,,16,14
O_tau=0.4,12,1.045132e-01,6.907490e-02,"(0, (2, 3, 4, 4))",1.775,,,16,13
O_tau=0.4,12,1.061538e-01,6.890242e-02,"(0, (2, 3, 4, 4))",1.850,,,16,13
O_tau=0.4,12,1.078202e-01,6.872839e-02,"(0, (2, 3, 4, 4))",1.924,,,15,13
O_tau=0.4,12,1.095127e-01,6.855281e-02,"(0, (2, 3, 4, 4))",1.997,,,15,13
O_tau=0.4,12,1.112317e-01,6.837568e-02,"(0, (2, 3, 4, 4))",2.068,,,15,13
O_tau=0.4,12,1.129778e-01,6.819698e-02,"(0, (2, 3, 4, 4))",2.139,,,15,12
O_tau=0.4,12,1.147512e-01,6.801673e-02,"(0, (2, 3, 4, 4))",2.208,,,14,12
O_tau=0.4,12,1.165525e-01,6.783491e-02,"(0, (2, 3, 4, 4))",2.277,,,14,12
O_tau=0.4,12,1.183821e-01,6.765153e-02,"(0, (2, 3, 4, 4))",2.344,,,14,12
O_tau=0.4,12,1.202404e-01,6.746659e-02,"(0, (2, 3, 4, 4))",2.410,,,14,11
O_tau=0.4,12,1.221278e-01,6.728009e-02,"(0, (2, 3, 4, 4))",2.475,,,13,11
O_tau=0.4,12,1.240449e-01,6.709201e-02,"(0, (2, 3, 4, 4))",2.539,,,13,11
O_tau=0.4,12,1.259921e-01,6.690237e-02,"(0, (2, 3, 4, 4))",2.602,,,13,11
O_tau=0.4,12,1.279699e-01,6.671117e-02,"(0, (2, 3, 4, 4))",2.664,,,13,10
O_tau=0.4,12,1.299786e-01,6.651840e-02,"(0, (2, 3, 4, 4))",2.725,,,13,10
O_tau=0.4,12,1.320190e-01,6.632406e-02,"(0, (2, 3, 4, 4))",2.785,,,12,10
O_tau=0.4,12,1.340913e-01,6.612816e-02,"(0, (2, 3, 4, 4))",2.844,,,12,10
O_tau=0.4,12,1.361962e-01,6.593069e-02,"(0, (2, 3, 4, 4))",2.902,,,12,10
O_tau=0.4,12,1.383341e-01,6.573166e-02,"(0, (2, 3, 4, 4))",2.960,,,12,10
O_tau=0.4,12,1.405056e-01,6.553106e-02,"(0, (2, 3, 4, 4))",3.016,,,11,10
O_tau=0.4,12,1.427112e-01,6.532891e-02,"(0, (2, 3, 4, 4))",3.071,,,11,10
O_tau=0.4,12,1.449514e-01,6.512520e-02,"(0, (2, 3, 4, 4))",3.126,,,11,9
O_tau=0.4,12,1.472267e-01,6.491993e-02,"(0, (2, 3, 4, 4))",3.180,,,11,9
O_tau=0.4,12,1.495378e-01,6.471310e-02,"(0, (2, 3, 4, 4))",3.233,,,10,9
O_tau=0.4,12,1.518852e-01,6.450473e-02,"(0, (2, 3, 4, 4))",3.285,,,10,9
O_tau=0.4,12,1.542694e-01,6.429480e-02,"(0, (2, 3, 4, 4))",3.336,,,10,9
O_tau=0.4,12,1.566910e-01,6.408334e-02,"(0, (2, 3, 4, 4))",3.386,,,10,9
O_tau=0.4,12,1.591506e-01,6.387032e-02,"(0, (2, 3, 4, 4))",3.436,,,10,9
O_tau=0.4,12,1.616489e-01,6.365578e-02,"(0, (2, 3, 4, 4))",3.484,,,10,8
O_tau=0.4,12,1.641863e-01,6.343969e-02,"(0, (2, 3, 4, 4))",3.532,,,10,8
O_tau=0.4,12,1.667636e-01,6.322208e-02,"(0, (2, 3, 4, 4))",3.580,,,10,8
O_tau=0.4,12,1.693814e-01,6.300295e-02,"(0, (2, 3, 4, 4))",3.626,,,10,8
O_tau=0.4,12,1.720402e-01,6.278229e-02,"(0, (2, 3, 4, 4))",3.672,,,9,8
O_tau=0.4,12,1.747408e-01,6.256012e-02,"(0, (2, 3, 4, 4))",3.717,,,9,7
O_tau=0.4,12,1.774838e-01,6.233645e-02,"(0, (2, 3, 4, 4))",3.761,,,9,7
O_tau=0.4,12,1.802698e-01,6.211127e-02,"(0, (2, 3, 4, 4))",3.805,,,9,7
O_tau=0.4,12,1.830996e-01,6.188459e-02,"(0, (2, 3, 4, 4))",3.848,,,9,7
O_tau=0.4,12,1.859738e-01,6.165642e-02,"(0, (2, 3, 4, 4))",3.890,,,9,7
O_tau=0.4,12,1.888931e-01,6.142677e-02,"(0, (2, 3, 4, 4))",3.931,,,9,7
O_tau=0.4,12,1.918582e-01,6.119565e-02,"(0, (2, 3, 4, 4))",3.972,,,8,7
O_tau=0.4,12,1.948699e-01,6.096305e-02,"(0, (2, 3, 4, 4))",4.013,,,8,7
O_tau=0.4,12,1.979288e-01,6.072900e-02,"(0, (2, 3, 4, 4))",4.052,,,8,6
O_tau=0.4,12,2.010358e-01,6.049349e-02,"(0, (2, 3, 4, 4))",4.091,,,8,6
O_tau=0.4,12,2.041915e-01,6.025653e-02,"(0, (2, 3, 4, 4))",4.129,,,8,6
O_tau=0.4,12,2.073968e-01,6.001814e-02,"(0, (2, 3, 4, 4))",4.167,,,7,6
O_tau=0.4,12,2.106524e-01,5.977832e-02,"(0, (2, 3, 4, 4))",4.204,,,7,6
O_tau=0.4,12,2.139591e-01,5.953708e-02,"(0, (2, 3, 4, 4))",4.241,,,7,6
O_tau=0.4,12,2.173177e-01,5.929443e-02,"(0, (2, 3, 4, 4))",4.277,,,7,6
O_tau=0.4,12,2.207290e-01,5.905038e-02,"(0, (2, 3, 4, 4))",4.312,,,7,6
O_tau=0.4,12,2.241939e-01,5.880494e-02,"(0, (2, 3, 4, 4))",4.347,,,7,6
O_tau=0.4,12,2.277131e-01,5.855812e-02,"(0, (2, 3, 4, 4))",4.382,,,7,6
O_tau=0.4,12,2.312876e-01,5.830993e-02,"(0, (2, 3, 4, 4))",4.415,,,6,6
O_tau=0.4,12,2.349183e-01,5.806038e-02,"(0, (2, 3, 4, 4))",4.449,,,6,6
O_tau=0.4,12,2.386059e-01,5.780948e-02,"(0, (2, 3, 4, 4))",4.481,,,6,6
O_tau=0.4,12,2.423513e-01,5.755725e-02,"(0, (2, 3, 4, 4))",4.514,,,6,5
O_tau=0.4,12,2.461556e-01,5.730369e-02,"(0, (2, 3, 4, 4))",4.545,,,6,5
O_tau=0.4,12,2.500196e-01,5.704882e-02,"(0, (2, 3, 4, 4))",4.577,,,6,5
O_tau=0.4,12,2.539443e-01,5.679264e-02,"(0, (2, 3, 4, 4))",4.607,,,6,5
O_tau=0.4,12,2.579305e-01,5.653518e-02,"(0, (2, 3, 4, 4))",4.638,,,6,5
O_tau=0.4,12,2.619794e-01,5.627644e-02,"(0, (2, 3, 4, 4))",4.667,,,6,5
O_tau=0.4,12,2.660918e-01,5.601643e-02,"(0, (2, 3, 4, 4))",4.697,,,6,5
O_tau=0.4,12,2.702687e-01,5.575517e-02,"(0, (2, 3, 4, 4))",4.726,,,6,5
O_tau=0.4,12,2.745112e-01,5.549268e-02,"(0, (2, 3, 4, 4))",4.754,,,6,5
O_tau=0.4,12,2.788203e-01,5.522896e-02,"(0, (2, 3, 4, 4))",4.782,,,6,5
O_tau=0.4,12,2.831971e-01,5.496404e-02,"(0, (2, 3, 4, 4))",4.810,,,5,4
O_tau=0.4,12,2.876426e-01,5.469791e-02,"(0, (2, 3, 4, 4))",4.837,,,5,4
O_tau=0.4,12,2.921578e-01,5.443061e-02,"(0, (2, 3, 4, 4))",4.864,,,5,4
O_tau=0.4,12,2.967439e-01,5.416213e-02,"(0, (2, 3, 4, 4))",4.890,,,5,4
O_tau=0.4,12,3.014020e-01,5.389251e-02,"(0, (2, 3, 4, 4))",4.916,,,5,4
O_tau=0.4,12,3.061332e-01,5.362174e-02,"(0, (2, 3, 4, 4))",4.941,,,5,4
O_tau=0.4,12,3.109387e-01,5.334986e-02,"(0, (2, 3, 4, 4))",4.967,,,5,4
O_tau=0.4,12,3.158196e-01,5.307686e-02,"(0, (2, 3, 4, 4))",4.991,,,5,4
O_tau=0.4,12,3.207772e-01,5.280278e-02,"(0, (2, 3, 4, 4))",5.016,,,4,4
O_tau=0.4,12,3.258126e-01,5.252762e-02,"(0, (2, 3, 4, 4))",5.040,,,4,4
O_tau=0.4,12,3.309270e-01,5.225140e-02,"(0, (2, 3, 4, 4))",5.063,,,4,4
O_tau=0.4,12,3.361217e-01,5.197414e-02,"(0, (2, 3, 4, 4))",5.087,,,4,4
O_tau=0.4,12,3.413979e-01,5.169584e-02,"(0, (2, 3, 4, 4))",5.110,,,4,4
O_tau=0.4,12,3.467569e-01,5.141654e-02,"(0, (2, 3, 4, 4))",5.132,,,,
O_tau=0.4,12,3.522001e-01,5.113625e-02,"(0, (2, 3, 4, 4))",5.155,,,,
O_tau=0.4,12,3.577287e-01,5.085498e-02,"(0, (2, 3, 4, 4))",5.177,,,,
O_tau=0.4,12,3.633441e-01,5.057275e-02,"(0, (2, 3, 4, 4))",5.198,,,,
O_tau=0.4,12,3.690477e-01,5.028958e-02,"(0, (2, 3, 4, 4))",5.220,,,,
O_tau=0.4,12,3.748408e-01,5.000548e-02,"(0, (2, 3, 4, 4))",5.241,,,,
O_tau=0.4,12,3.807248e-01,4.972048e-02,"(0, (2, 3, 4, 4))",5.261,,,,
O_tau=0.4,12,3.867012e-01,4.943459e-02,"(0, (2, 3, 4, 4))",5.282,,,,
O_tau=0.4,12,3.927714e-01,4.914783e-02,"(0, (2, 3, 4, 4))",5.302,,,,
O_tau=0.4,12,3.989369e-01,4.886021e-02,"(0, (2, 3, 4, 4))",5.322,,,,
O_tau=0.4,12,4.051991e-01,4.857176e-02,"(0, (2, 3, 4, 4))",5.341,,,,
O_tau=0.4,12,4.115597e-01,4.828250e-02,"(0, (2, 3, 4, 4))",5.361,,,,
O_tau=0.4,12,4.180201e-01,4.799244e-02,"(0, (2, 3, 4, 4))",5.380,,,,
O_tau=0.4,12,4.245820e-01,4.770160e-02,"(0, (2, 3, 4, 4))",5.398,,,,
O_tau=0.4,12,4.312468e-01,4.741000e-02,"(0, (2, 3, 4, 4))",5.417,,,,
O_tau=0.4,12,4.380162e-01,4.711766e-02,"(0, (2, 3, 4, 4))",5.435,,,,
O_tau=0.4,12,4.448919e-01,4.682460e-02,"(0, (2, 3, 4, 4))",5.453,,,,
O_tau=0.4,12,4.518756e-01,4.653084e-02,"(0, (2, 3, 4, 4))",5.471,,,,
O_tau=0.4,12,4.589688e-01,4.623640e-02,"(0, (2, 3, 4, 4))",5.489,,,,
O_tau=0.4,12,4.661735e-01,4.594129e-02,"(0, (2, 3, 4, 4))",5.506,,,,
O_tau=0.4,12,4.734912e-01,4.564554e-02,"(0, (2, 3, 4, 4))",5.523,,,,
O_tau=0.4,12,4.809237e-01,4.534917e-02,"(0, (2, 3, 4, 4))",5.540,,,,
O_tau=0.4,12,4.884730e-01,4.505220e-02,"(0, (2, 3, 4, 4))",5.557,,,,
O_tau=0.4,12,4.961407e-01,4.475464e-02,"(0, (2, 3, 4, 4))",5.573,,,,
O_tau=0.4,12,5.039289e-01,4.445652e-02,"(0, (2, 3, 4, 4))",5.589,,,,
O_tau=0.4,12,5.118392e-01,4.415785e-02,"(0, (2, 3, 4, 4))",5.605,,,,
O_tau=0.4,12,5.198738e-01,4.385866e-02,"(0, (2, 3, 4, 4))",5.621,,,,
O_tau=0.4,12,5.280344e-01,4.355897e-02,"(0, (2, 3, 4, 4))",5.637,,,,
O_tau=0.4,12,5.363232e-01,4.325880e-02,"(0, (2, 3, 4, 4))",5.652,,,,
O_tau=0.4,12,5.447421e-01,4.295816e-02,"(0, (2, 3, 4, 4))",5.668,,,,
O_tau=0.4,12,5.532931e-01,4.265708e-02,"(0, (2, 3, 4, 4))",5.683,,,,
O_tau=0.4,12,5.619783e-01,4.235559e-02,"(0, (2, 3, 4, 4))",5.698,,,,
O_tau=0.4,12,5.707999e-01,4.205369e-02,"(0, (2, 3, 4, 4))",5.713,,,,
O_tau=0.4,12,5.797600e-01,4.175141e-02,"(0, (2, 3, 4, 4))",5.727,,,,
O_tau=0.4,12,5.888607e-01,4.144877e-02,"(0, (2, 3, 4, 4))",5.742,,,,
O_tau=0.4,12,5.981043e-01,4.114580e-02,"(0, (2, 3, 4, 4))",5.756,,,,
O_tau=0.4,12,6.074930e-01,4.084251e-02,"(0, (2, 3, 4, 4))",5.771,,,,
O_tau=0.4,12,6.170290e-01,4.053892e-02,"(0, (2, 3, 4, 4))",5.785,,,,
O_tau=0.4,12,6.267148e-01,4.023506e-02,"(0, (2, 3, 4, 4))",5.799,,,,
O_tau=0.4,12,6.365525e-01,3.993094e-02,"(0, (2, 3, 4, 4))",5.812,,,,
O_tau=0.4,12,6.465448e-01,3.962659e-02,"(0, (2, 3, 4, 4))",5.826,,,,
O_tau=0.4,12,6.566938e-01,3.932203e-02,"(0, (2, 3, 4, 4))",5.840,,,,
O_tau=0.4,12,6.670022e-01,3.901728e-02,"(0, (2, 3, 4, 4))",5.853,,,,
O_tau=0.4,12,6.774724e-01,3.871235e-02,"(0, (2, 3, 4, 4))",5.867,,,,
O_tau=0.4,12,6.881069e-01,3.840728e-02,"(0, (2, 3, 4, 4))",5.880,,,,
O_tau=0.4,12,6.989084e-01,3.810208e-02,"(0, (2, 3, 4, 4))",5.893,,,,
O_tau=0.4,12,7.098795e-01,3.779677e-02,"(0, (2, 3, 4, 4))",5.906,,,,
O_tau=0.4,12,7.210227e-01,3.749138e-02,"(0, (2, 3, 4, 4))",5.919,,,,
O_tau=0.4,12,7.323409e-01,3.718592e-02,"(0, (2, 3, 4, 4))",5.932,,,,
O_tau=0.4,12,7.438367e-01,3.688042e-02,"(0, (2, 3, 4, 4))",5.945,,,,
O_tau=0.4,12,7.555130e-01,3.657490e-02,"(0, (2, 3, 4, 4))",5.958,,,,
O_tau=0.4,12,7.673726e-01,3.626938e-02,"(0, (2, 3, 4, 4))",6.307,,,,
O_tau=0.4,12,7.794184e-01,3.596388e-02,"(0, (2, 3, 4, 4))",6.329,,,,
O_tau=0.4,12,7.916532e-01,3.565842e-02,"(0, (2, 3, 4, 4))",6.352,,,,
O_tau=0.4,12,8.040801e-01,3.535302e-02,"(0, (2, 3, 4, 4))",6.375,,,,
O_tau=0.4,12,8.167020e-01,3.504770e-02,"(0, (2, 3, 4, 4))",6.398,,,,
O_tau=0.4,12,8.295221e-01,3.474250e-02,"(0, (2, 3, 4, 4))",6.422,,,,
O_tau=0.4,12,8.425434e-01,3.443741e-02,"(0, (2, 3, 4, 4))",6.446,,,,
O_tau=0.4,12,8.557692e-01,3.413248e-02,"(0, (2, 3, 4, 4))",6.470,,,,
O_tau=0.4,12,8.692025e-01,3.382772e-02,"(0, (2, 3, 4, 4))",6.495,,,,
O_tau=0.4,12,8.828467e-01,3.352314e-02,"(0, (2, 3, 4, 4))",6.520,,,,
O_tau=0.4,12,8.967051e-01,3.321878e-02,"(0, (2, 3, 4, 4))",6.546,,,,
O_tau=0.4,12,9.107810e-01,3.291465e-02,"(0, (2, 3, 4, 4))",6.572,,,,
O_tau=0.4,12,9.250779e-01,3.261077e-02,"(0, (2, 3, 4, 4))",6.598,,,,
O_tau=0.4,12,9.395992e-01,3.230717e-02,"(0, (2, 3, 4, 4))",6.625,,,,
O_tau=0.4,12,9.543485e-01,3.200387e-02,"(0, (2, 3, 4, 4))",6.652,,,,
O_tau=0.4,12,9.693293e-01,3.170088e-02,"(0, (2, 3, 4, 4))",6.680,,,,
O_tau=0.4,12,9.845452e-01,3.139823e-02,"(0, (2, 3, 4, 4))",6.708,,,,
O_tau=0.4,12,1.000000e+00,3.109594e-02,"(0, (2, 3, 4, 4))",6.736,,,,
O_tau=0.8,3,1.000000e-05,1.666647e-01,"(0, (2, 2, 2, 2, 3))",-36403.003,,,,
O_tau=0.8,3,1.017818e-05,1.666647e-01,"(0, (2, 2, 2, 2, 3))",-35765.578,,,,
O_tau=0.8,3,1.035953e-05,1.666647e-01,"(0, (2, 2, 2, 2, 3))",-35139.312,,,,
O_tau=0.8,3,1.054412e-05,1.666646e-01,"(0, (2, 2, 2, 2, 3))",-34524.010,,,,
O_tau=0.8,3,1.073199e-05,1.666646e-01,"(0, (2, 2, 2, 2, 3))",-33919.479,,,,
O_tau=0.8,3,1.092322e-05,1.666645e-01,"(0, (2, 2, 2, 2, 3))",-33325.531,,,,
O_tau=0.8,3,1.111784e-05,1.666645e-01,"(0, (2, 2, 2, 2, 3))",-32741.981,,,,
O_tau=0.8,3,1.131594e-05,1.666645e-01,"(0, (2, 2, 2, 2, 3))",-32168.646,,,,
O_tau=0.8,3,1.151757e-05,1.666644e-01,"(0, (2, 2, 2, 2, 3))",-31605.349,,,,
O_tau=0.8,3,1.172279e-05,1.666644e-01,"(0, (2, 2, 2, 2, 3))",-31051.912,,,,
O_tau=0.8,3,1.193166e-05,1.666643e-01,"(0, (2, 2, 2, 2, 3))",-30508.164,,,,
O_tau=0.8,3,1.214426e-05,1.666643e-01,"(0, (2, 2, 2, 2, 3))",-29973.935,,,,
O_tau=0.8,3,1.236065e-05,1.666643e-01,"(0, (2, 2, 2, 2, 3))",-29449.059,,,,
O_tau=0.8,3,1.258089e-05,1.666642e-01,"(0, (2, 2, 2, 2, 3))",-28933.370,,,,
O_tau=0.8,3,1.280505e-05,1.666642e-01,"(0, (2, 2, 2, 2, 3))",-28426.710,,,,
O_tau=0.8,3,1.303321e-05,1.666641e-01,"(0, (2, 2, 2, 2, 3))",-27928.919,,,,
O_tau=0.8,3,1.326544e-05,1.666641e-01,"(0, (2, 2, 2, 2, 3))",-27439.843,,,,
O_tau=0.8,3,1.350180e-05,1.666640e-01,"(0, (2, 2, 2, 2, 3))",-26959.328,,,,
O_tau=0.8,3,1.374238e-05,1.666640e-01,"(0, (2, 2, 2, 2, 3))",-26487.226,,,,
O_tau=0.8,3,1.398724e-05,1.666639e-01,"(0, (2, 2, 2, 2, 3))",-26023.388,,,,
O_tau=0.8,3,1.423646e-05,1.666639e-01,"(0, (2, 2, 2, 2, 3))",-25567.670,,,,
O_tau=0.8,3,1.449012e-05,1.666638e-01,"(0, (2, 2, 2, 2, 3))",-25119.930,,,,
O_tau=0.8,3,1.474831e-05,1.666638e-01,"(0, (2, 2, 2, 2, 3))",-24680.029,,,,
O_tau=0.8,3,1.501109e-05,1.666637e-01,"(0, (2, 2, 2, 2, 3))",-24247.828,,,,
O_tau=0.8,3,1.527856e-05,1.666637e-01,"(0, (2, 2, 2, 2, 3))",-23823.193,,,,
O_tau=0.8,3,1.555079e-05,1.666636e-01,"(0, (2, 2, 2, 2, 3))",-23405.992,,,,
O_tau=0.8,3,1.582787e-05,1.666636e-01,"(0, (2, 2, 2, 2, 3))",-22996.095,,,,
O_tau=0.8,3,1.610989e-05,1.666635e-01,"(0, (2, 2, 2, 2, 3))",-22593.374,,,,
O_tau=0.8,3,1.639694e-05,1.666635e-01,"(0, (2, 2, 2, 2, 3))",-22197.702,,,,
O_tau=0.8,3,1.668910e-05,1.666634e-01,"(0, (2, 2, 2, 2, 3))",-21808.957,,,,
O_tau=0.8,3,1.698646e-05,1.666634e-01,"(0, (2, 2, 2, 2, 3))",-21427.018,,,,
O_tau=0.8,3,1.728913e-05,1.666633e-01,"(0, (2, 2, 2, 2, 3))",-21051.765,,,,
O_tau=0.8,3,1.759718e-05,1.666632e-01,"(0, (2, 2, 2, 2, 3))",-20683.082,,,,
O_tau=0.8,3,1.791073e-05,1.666632e-01,"(0, (2, 2, 2, 2, 3))",-20320.852,,,,
O_tau=0.8,3,1.822986e-05,1.666631e-01,"(0, (2, 2, 2, 2, 3))",-19964.964,,,,
O_tau=0.8,3,1.855468e-05,1.666631e-01,"(0, (2, 2, 2, 2, 3))",-19615.306,,,,
O_tau=0.8,3,1.888529e-05,1.666630e-01,"(0, (2, 2, 2, 2, 3))",-19271.769,,,,
O_tau=0.8,3,1.922178e-05,1.666629e-01,"(0, (2, 2, 2, 2, 3))",-18934.246,,,,
O_tau=0.8,3,1.956428e-05,1.666629e-01,"(0, (2, 2, 2, 2, 3))",-18602.632,,,,
O_tau=0.8,3,1.991287e-05,1.666628e-01,"(0, (2, 2, 2, 2, 3))",-18276.824,,,,
O_tau=0.8,3,2.026768e-05,1.666627e-01,"(0, (2, 2, 2, 2, 3))",-17956.719,,,,
O_tau=0.8,3,2.062881e-05,1.666627e-01,"(0, (2, 2, 2, 2, 3))",-17642.218,,,,
O_tau=0.8,3,2.099637e-05,1.666626e-01,"(0, (2, 2, 2, 2, 3))",-17333.222,,,,
O_tau=0.8,3,2.137048e-05,1.666625e-01,"(0, (2, 2, 2, 2, 3))",-17029.636,,,,
O_tau=0.8,3,2.175126e-05,1.666624e-01,"(0, (2, 2, 2, 2, 3))",-16731.365,,,,
O_tau=0.8,3,2.213882e-05,1.666624e-01,"(0, (2, 2, 2, 2, 3))",-16438.315,,,,
O_tau=0.8,3,2.253329e-05,1.666623e-01,"(0, (2, 2, 2, 2, 3))",-16150.395,,,,
O_tau=0.8,3,2.293479e-05,1.666622e-01,"(0, (2, 2, 2, 2, 3))",-15867.516,,,,
O_tau=0.8,3,2.334344e-05,1.666621e-01,"(0, (2, 2, 2, 2, 3))",-15589.589,,,,
O_tau=0.8,3,2.375937e-05,1.666620e-01,"(0, (2, 2, 2, 2, 3))",-15316.527,,,,
O_tau=0.8,3,2.418271e-05,1.666620e-01,"(0, (2, 2, 2, 2, 3))",-15048.246,,,,
O_tau=0.8,3,2.461360e-05,1.666619e-01,"(0, (2, 2, 2, 2, 3))",-14784.661,,,,
O_tau=0.8,3,2.505216e-05,1.666618e-01,"(0, (2, 2, 2, 2, 3))",-14525.691,,,,
O_tau=0.8,3,2.549854e-05,1.666617e-01,"(0, (2, 2, 2, 2, 3))",-14271.254,,,,
O_tau=0.8,3,2.595287e-05,1.666616e-01,"(0, (2, 2, 2, 2, 3))",-14021.271,,,,
O_tau=0.8,3,2.641530e-05,1.666615e-01,"(0, (2, 2, 2, 2, 3))",-13775.665,,,,
O_tau=0.8,3,2.688596e-05,1.666614e-01,"(0, (2, 2, 2, 2, 3))",-13534.359,,,,
O_tau=0.8,3,2.736502e-05,1.666613e-01,"(0, (2, 2, 2, 2, 3))",-13297.276,,,,
O_tau=0.8,3,2.785260e-05,1.666613e-01,"(0, (2, 2, 2, 2, 3))",-13064.345,,,,
O_tau=0.8,3,2.834888e-05,1.666612e-01,"(0, (2, 2, 2, 2, 3))",-12835.491,,,,
O_tau=0.8,3,2.885400e-05,1.666611e-01,"(0, (2, 2, 2, 2, 3))",-12610.643,,,,
O_tau=0.8,3,2.936812e-05,1.666610e-01,"(0, (2, 2, 2, 2, 3))",-12389.732,,,,
O_tau=0.8,3,2.989140e-05,1.666609e-01,"(0, (2, 2, 2, 2, 3))",-12172.688,,,,
O_tau=0.8,3,3.042400e-05,1.666608e-01,"(0, (2, 2, 2, 2, 3))",-11959.443,,,,
O_tau=0.8,3,3.096609e-05,1.666606e-01,"(0, (2, 2, 2, 2, 3))",-11749.932,,,,
O_tau=0.8,3,3.151784e-05,1.666605e-01,"(0, (2, 2, 2, 2, 3))",-11544.089,,,,
O_tau=0.8,3,3.207943e-05,1.666604e-01,"(0, (2, 2, 2, 2, 3))",-11341.849,,,,
O_tau=0.8,3,3.265102e-05,1.666603e-01,"(0, (2, 2, 2, 2, 3))",-11143.149,,,,
O_tau=0.8,3,3.323279e-05,1.666602e-01,"(0, (2, 2, 2, 2, 3))",-10947.928,,,,
O_tau=0.8,3,3.382493e-05,1.666601e-01,"(0, (2, 2, 2, 2, 3))",-10756.125,,,,
O_tau=0.8,3,3.442762e-05,1.666600e-01,"(0, (2, 2, 2, 2, 3))",-10567.680,,,,
O_tau=0.8,3,3.504105e-05,1.666599e-01,"(0, (2, 2, 2, 2, 3))",-10382.533,,,,
O_tau=0.8,3,3.566541e-05,1.666597e-01,"(0, (2, 2, 2, 2, 3))",-10200.628,,,,
O_tau=0.8,3,3.630089e-05,1.666596e-01,"(0, (2, 2, 2, 2, 3))",-10021.907,,,,
O_tau=0.8,3,3.694770e-05,1.666595e-01,"(0, (2, 2, 2, 2, 3))",-9846.315,,,,
O_tau=0.8,3,3.760603e-05,1.666594e-01,"(0, (2, 2, 2, 2, 3))",-9673.797,,,,
O_tau=0.8,3,3.827609e-05,1.666592e-01,"(0, (2, 2, 2, 2, 3))",-9504.299,,,,
O_tau=0.8,3,3.895809e-05,1.666591e-01,"(0, (2, 2, 2, 2, 3))",-9337.769,,,,
O_tau=0.8,3,3.965225e-05,1.666590e-01,"(0, (2, 2, 2, 2, 3))",-9174.153,,,,
O_tau=0.8,3,4.035877e-05,1.666588e-01,"(0, (2, 2, 2, 2, 3))",-9013.402,,,,
O_tau=0.8,3,4.107788e-05,1.666587e-01,"(0, (2, 2, 2, 2, 3))",-8855.466,,,,
O_tau=0.8,3,4.180980e-05,1.666585e-01,"(0, (2, 2, 2, 2, 3))",-8700.294,,,,
O_tau=0.8,3,4.255477e-05,1.666584e-01,"(0, (2, 2, 2, 2, 3))",-8547.839,,,,
O_tau=0.8,3,4.331300e-05,1.666582e-01,"(0, (2, 2, 2, 2, 3))",-8398.052,,,,
O_tau=0.8,3,4.408475e-05,1.666581e-01,"(0, (2, 2, 2, 2, 3))",-8250.888,,,,
O_tau=0.8,3,4.487025e-05,1.666579e-01,"(0, (2, 2, 2, 2, 3))",-8106.300,,,,
O_tau=0.8,3,4.566975e-05,1.666578e-01,"(0, (2, 2, 2, 2, 3))",-7964.244,,,,
O_tau=0.8,3,4.648349e-05,1.666576e-01,"(0, (2, 2, 2, 2, 3))",-7824.674,,,,
O_tau=0.8,3,4.731173e-05,1.666575e-01,"(0, (2, 2, 2, 2, 3))",-7687.548,,,,
O_tau=0.8,3,4.815472e-05,1.666573e-01,"(0, (2, 2, 2, 2, 3))",-7552.822,,,,
O_tau=0.8,3,4.901274e-05,1.666571e-01,"(0, (2, 2, 2, 2, 3))",-7420.455,,,,
O_tau=0.8,3,4.988605e-05,1.666570e-01,"(0, (2, 2, 2, 2, 3))",-7290.405,,,,
O_tau=0.8,3,5.077491e-05,1.666568e-01,"(0, (2, 2, 2, 2, 3))",-7162.632,,,,
O_tau=0.8,3,5.167962e-05,1.666566e-01,"(0, (2, 2, 2, 2, 3))",-7037.096,,,,
O_tau=0.8,3,5.260044e-05,1.666564e-01,"(0, (2, 2, 2, 2, 3))",-6913.757,,,,
O_tau=0.8,3,5.353767e-05,1.666563e-01,"(0, (2, 2, 2, 2, 3))",-6792.578,,,,
O_tau=0.8,3,5.449160e-05,1.666561e-01,"(0, (2, 2, 2, 2, 3))",-6673.520,,,,
O_tau=0.8,3,5.546253e-05,1.666559e-01,"(0, (2, 2, 2, 2, 3))",-6556.547,,,,
O_tau=0.8,3,5.645076e-05,1.666557e-01,"(0, (2, 2, 2, 2, 3))",-6441.621,,,,
O_tau=0.8,3,5.745660e-05,1.666555e-01,"(0, (2, 2, 2, 2, 3))",-6328.707,,,,
O_tau=0.8,3,5.848035e-05,1.666553e-01,"(0, (2, 2, 2, 2, 3))",-6217.770,,,,
O_tau=0.8,3,5.952235e-05,1.666551e-01,"(0, (2, 2, 2, 2, 3))",-6108.775,,,,
O_tau=0.8,3,6.058292e-05,1.666549e-01,"(0, (2, 2, 2, 2, 3))",-6001.688,,,,
O_tau=0.8,3,6.166238e-05,1.666547e-01,"(0, (2, 2, 2, 2, 3))",-5896.476,,,,
O_tau=0.8,3,6.276108e-05,1.666545e-01,"(0, (2, 2, 2, 2, 3))",-5793.106,,,,
O_tau=0.8,3,6.387935e-05,1.666542e-01,"(0, (2, 2, 2, 2, 3))",-5691.546,,,,
O_tau=0.8,3,6.501755e-05,1.666540e-01,"(0, (2, 2, 2, 2, 3))",-5591.763,,,,
O_tau=0.8,3,6.617603e-05,1.666538e-01,"(0, (2, 2, 2, 2, 3))",-5493.727,,,,
O_tau=0.8,3,6.735515e-05,1.666536e-01,"(0, (2, 2, 2, 2, 3))",-5397.408,,,,
O_tau=0.8,3,6.855528e-05,1.666533e-01,"(0, (2, 2, 2, 2, 3))",-5302.775,,,,
O_tau=0.8,3,6.977679e-05,1.666531e-01,"(0, (2, 2, 2, 2, 3))",-5209.799,,,,
O_tau=0.8,3,7.102007e-05,1.666529e-01,"(0, (2, 2, 2, 2, 3))",-5118.450,,,,
O_tau=0.8,3,7.228550e-05,1.666526e-01,"(0, (2, 2, 2, 2, 3))",-5028.700,,,,
O_tau=0.8,3,7.357348e-05,1.666524e-01,"(0, (2, 2, 2, 2, 3))",-4940.522,,,,
O_tau=0.8,3,7.488441e-05,1.666521e-01,"(0, (2, 2, 2, 2, 3))",-4853.888,,,,
O_tau=0.8,3,7.621869e-05,1.666518e-01,"(0, (2, 2, 2, 2, 3))",-4768.770,,,,
O_tau=0.8,3,7.757675e-05,1.666516e-01,"(0, (2, 2, 2, 2, 3))",-4685.142,,,,
O_tau=0.8,3,7.895901e-05,1.666513e-01,"(0, (2, 2, 2, 2, 3))",-4602.978,,,,
O_tau=0.8,3,8.036590e-05,1.666510e-01,"(0, (2, 2, 2, 2, 3))",-4522.253,,,,
O_tau=0.8,3,8.179785e-05,1.666508e-01,"(0, (2, 2, 2, 2, 3))",-4442.941,,,,
O_tau=0.8,3,8.325532e-05,1.666505e-01,"(0, (2, 2, 2, 2, 3))",-4365.018,,,,
O_tau=0.8,3,8.473876e-05,1.666502e-01,"(0, (2, 2, 2, 2, 3))",-4288.458,,,,
O_tau=0.8,3,8.624863e-05,1.666499e-01,"(0, (2, 2, 2, 2, 3))",-4213.239,,,,
O_tau=0.8,3,8.778540e-05,1.666496e-01,"(0, (2, 2, 2, 2, 3))",-4139.337,,,,
O_tau=0.8,3,8.934956e-05,1.666493e-01,"(0, (2, 2, 2, 2, 3))",-4066.729,,,,
O_tau=0.8,3,9.094158e-05,1.666490e-01,"(0, (2, 2, 2, 2, 3))",-3995.392,,,,
O_tau=0.8,3,9.256197e-05,1.666487e-01,"(0, (2, 2, 2, 2, 3))",-3925.304,,,,
O_tau=0.8,3,9.421124e-05,1.666484e-01,"(0, (2, 2, 2, 2, 3))",-3856.442,,,,
O_tau=0.8,3,9.588989e-05,1.666480e-01,"(0, (2, 2, 2, 2, 3))",-3788.787,,,,
O_tau=0.8,3,9.759844e-05,1.666477e-01,"(0, (2, 2, 2, 2, 3))",-3722.315,,,,
O_tau=0.8,3,9.933745e-05,1.666474e-01,"(0, (2, 2, 2, 2, 3))",-3657.008,,,,
O_tau=0.8,3,1.011074e-04,1.666470e-01,"(0, (2, 2, 2, 2, 3))",-3592.844,,,,
O_tau=0.8,3,1.029090e-04,1.666467e-01,"(0, (2, 2, 2, 2, 3))",-3529.803,,,,
O_tau=0.8,3,1.047426e-04,1.666463e-01,"(0, (2, 2, 2, 2, 3))",-3467.866,,,,
O_tau=0.8,3,1.066089e-04,1.666459e-01,"(0, (2, 2, 2, 2, 3))",-3407.013,,,,
O_tau=0.8,3,1.085084e-04,1.666456e-01,"(0, (2, 2, 2, 2, 3))",-3347.225,,,,
O_tau=0.8,3,1.104418e-04,1.666452e-01,"(0, (2, 2, 2, 2, 3))",-3288.485,,,,
O_tau=0.8,3,1.124097e-04,1.666448e-01,"(0, (2, 2, 2, 2, 3))",-3230.772,,,,
O_tau=0.8,3,1.144126e-04,1.666444e-01,"(0, (2, 2, 2, 2, 3))",-3174.070,,,,
O_tau=0.8,3,1.164512e-04,1.666440e-01,"(0, (2, 2, 2, 2, 3))",-3118.361,,,,
O_tau=0.8,3,1.185261e-04,1.666436e-01,"(0, (2, 2, 2, 2, 3))",-3063.627,,,,
O_tau=0.8,3,1.206380e-04,1.666432e-01,"(0, (2, 2, 2, 2, 3))",-3009.851,,,,
O_tau=0.8,3,1.227875e-04,1.666428e-01,"(0, (2, 2, 2, 2, 3))",-2957.017,,,,
O_tau=0.8,3,1.249753e-04,1.666424e-01,"(0, (2, 2, 2, 2, 3))",-2905.107,,,,
O_tau=0.8,3,1.272021e-04,1.666419e-01,"(0, (2, 2, 2, 2, 3))",-2854.107,,,,
O_tau=0.8,3,1.294686e-04,1.666415e-01,"(0, (2, 2, 2, 2, 3))",-2803.999,,,,
O_tau=0.8,3,1.317755e-04,1.666410e-01,"(0, (2, 2, 2, 2, 3))",-2754.769,,,,
O_tau=0.8,3,1.341234e-04,1.666406e-01,"(0, (2, 2, 2, 2, 3))",-2706.400,,,,
O_tau=0.8,3,1.365132e-04,1.666401e-01,"(0, (2, 2, 2, 2, 3))",-2658.879,,,,
O_tau=0.8,3,1.389456e-04,1.666397e-01,"(0, (2, 2, 2, 2, 3))",-2612.189,,,,
O_tau=0.8,3,1.414214e-04,1.666392e-01,"(0, (2, 2, 2, 2, 3))",-2566.317,,,,
O_tau=0.8,3,1.439412e-04,1.666387e-01,"(0, (2, 2, 2, 2, 3))",-2521.248,,,,
O_tau=0.8,3,1.465059e-04,1.666382e-01,"(0, (2, 2, 2, 2, 3))",-2476.967,,,,
O_tau=0.8,3,1.491164e-04,1.666377e-01,"(0, (2, 2, 2, 2, 3))",-2433.463,,,,
O_tau=0.8,3,1.517733e-04,1.666372e-01,"(0, (2, 2, 2, 2, 3))",-2390.719,,,,
O_tau=0.8,3,1.544776e-04,1.666366e-01,"(0, (2, 2, 2, 2, 3))",-2348.724,,,,
O_tau=0.8,3,1.572301e-04,1.666361e-01,"(0, (2, 2, 2, 2, 3))",-2307.465,,,,
O_tau=0.8,3,1.600316e-04,1.666356e-01,"(0, (2, 2, 2, 2, 3))",-2266.927,,,,
O_tau=0.8,3,1.628830e-04,1.666350e-01,"(0, (2, 2, 2, 2, 3))",-2227.100,,,,
O_tau=0.8,3,1.657853e-04,1.666344e-01,"(0, (2, 2, 2, 2, 3))",-2187.970,,,,
O_tau=0.8,3,1.687392e-04,1.666339e-01,"(0, (2, 2, 2, 2, 3))",-2149.524,,,,
O_tau=0.8,3,1.717458e-04,1.666333e-01,"(0, (2, 2, 2, 2, 3))",-2111.752,,,,
O_tau=0.8,3,1.748059e-04,1.666327e-01,"(0, (2, 2, 2, 2, 3))",-2074.641,,,,
O_tau=0.8,3,1.779206e-04,1.666321e-01,"(0, (2, 2, 2, 2, 3))",-2038.180,,,,
O_tau=0.8,3,1.810908e-04,1.666315e-01,"(0, (2, 2, 2, 2, 3))",-2002.358,,,,
O_tau=0.8,3,1.843175e-04,1.666308e-01,"(0, (2, 2, 2, 2, 3))",-1967.162,,,,
O_tau=0.8,3,1.876016e-04,1.666302e-01,"(0, (2, 2, 2, 2, 3))",-1932.583,,,,
O_tau=0.8,3,1.909443e-04,1.666296e-01,"(0, (2, 2, 2, 2, 3))",-1898.609,,,,
O_tau=0.8,3,1.943465e-04,1.666289e-01,"(0, (2, 2, 2, 2, 3))",-1865.230,,,,
O_tau=0.8,3,1.978094e-04,1.666282e-01,"(0, (2, 2, 2, 2, 3))",-1832.435,,,,
O_tau=0.8,3,2.013339e-04,1.666275e-01,"(0, (2, 2, 2, 2, 3))",-1800.214,,,,
O_tau=0.8,3,2.049213e-04,1.666268e-01,"(0, (2, 2, 2, 2, 3))",-1768.558,,,,
O_tau=0.8,3,2.085726e-04,1.666261e-01,"(0, (2, 2, 2, 2, 3))",-1737.456,,,,
O_tau=0.8,3,2.122889e-04,1.666254e-01,"(0, (2, 2, 2, 2, 3))",-1706.898,,,,
O_tau=0.8,3,2.160715e-04,1.666247e-01,"(0, (2, 2, 2, 2, 3))",-1676.875,,,,
O_tau=0.8,3,2.199214e-04,1.666239e-01,"(0, (2, 2, 2, 2, 3))",-1647.378,,,,
O_tau=0.8,3,2.238399e-04,1.666232e-01,"(0, (2, 2, 2, 2, 3))",-1618.398,,,,
O_tau=0.8,3,2.278283e-04,1.666224e-01,"(0, (2, 2, 2, 2, 3))",-1589.925,,,,
O_tau=0.8,3,2.318877e-04,1.666216e-01,"(0, (2, 2, 2, 2, 3))",-1561.950,,,,
O_tau=0.8,3,2.360195e-04,1.666208e-01,"(0, (2, 2, 2, 2, 3))",-1534.465,,,,
O_tau=0.8,3,2.402249e-04,1.666200e-01,"(0, (2, 2, 2, 2, 3))",-1507.462,,,,
O_tau=0.8,3,2.445052e-04,1.666191e-01,"(0, (2, 2, 2, 2, 3))",-1480.931,,,,
O_tau=0.8,3,2.488618e-04,1.666183e-01,"(0, (2, 2, 2, 2, 3))",-1454.864,,,,
O_tau=0.8,3,2.532960e-04,1.666174e-01,"(0, (2, 2, 2, 2, 3))",-1429.255,,,,
O_tau=0.8,3,2.578092e-04,1.666166e-01,"(0, (2, 2, 2, 2, 3))",-1404.093,,,,
O_tau=0.8,3,2.624028e-04,1.666157e-01,"(0, (2, 2, 2, 2, 3))",-1379.372,,,,
O_tau=0.8,3,2.670783e-04,1.666148e-01,"(0, (2, 2, 2, 2, 3))",-1355.084,,,,
O_tau=0.8,3,2.718371e-04,1.666138e-01,"(0, (2, 2, 2, 2, 3))",-1331.221,,,,
O_tau=0.8,3,2.766807e-04,1.666129e-01,"(0, (2, 2, 2, 2, 3))",-1307.776,,,,
O_tau=0.8,3,2.816105e-04,1.666119e-01,"(0, (2, 2, 2, 2, 3))",-1284.741,,,,
O_tau=0.8,3,2.866283e-04,1.666110e-01,"(0, (2, 2, 2, 2, 3))",-1262.110,,,,
O_tau=0.8,3,2.917354e-04,1.666100e-01,"(0, (2, 2, 2, 2, 3))",-1239.875,,,,
O_tau=0.8,3,2.969335e-04,1.666090e-01,"(0, (2, 2, 2, 2, 3))",-1218.029,,,,
O_tau=0.8,3,3.022242e-04,1.666079e-01,"(0, (2, 2, 2, 2, 3))",-1196.566,,,,
O_tau=0.8,3,3.076093e-04,1.666069e-01,"(0, (2, 2, 2, 2, 3))",-1175.479,,,,
O_tau=0.8,3,3.130902e-04,1.666058e-01,"(0, (2, 2, 2, 2, 3))",-1154.760,,,,
O_tau=0.8,3,3.186688e-04,1.666047e-01,"(0, (2, 2, 2, 2, 3))",-1134.405,,,,
O_tau=0.8,3,3.243469e-04,1.666036e-01,"(0, (2, 2, 2, 2, 3))",-1114.406,,,,
O_tau=0.8,3,3.301261e-04,1.666025e-01,"(0, (2, 2, 2, 2, 3))",-1094.757,,,,
O_tau=0.8,3,3.360082e-04,1.666014e-01,"(0, (2, 2, 2, 2, 3))",-1075.452,,,,
O_tau=0.8,3,3.419952e-04,1.666002e-01,"(0, (2, 2, 2, 2, 3))",-1056.486,,,,
O_tau=0.8,3,3.480888e-04,1.665990e-01,"(0, (2, 2, 2, 2, 3))",-1037.851,,,,
O_tau=0.8,3,3.542911e-04,1.665978e-01,"(0, (2, 2, 2, 2, 3))",-1019.542,,,,
O_tau=0.8,3,3.606038e-04,1.665966e-01,"(0, (2, 2, 2, 2, 3))",-1001.555,,,,
O_tau=0.8,3,3.670290e-04,1.665953e-01,"(0, (2, 2, 2, 2, 3))",-983.882,,,,
O_tau=0.8,3,3.735687e-04,1.665941e-01,"(0, (2, 2, 2, 2, 3))",-966.518,,,,
O_tau=0.8,3,3.802249e-04,1.665928e-01,"(0, (2, 2, 2, 2, 3))",-949.459,,,,
O_tau=0.8,3,3.869998e-04,1.665915e-01,"(0, (2, 2, 2, 2, 3))",-932.698,,,,
O_tau=0.8,3,3.938953e-04,1.665901e-01,"(0, (2, 2, 2, 2, 3))",-916.231,,,,
O_tau=0.8,3,4.009137e-04,1.665888e-01,"(0, (2, 2, 2, 2, 3))",-900.052,,,,
O_tau=0.8,3,4.080572e-04,1.665874e-01,"(0, (2, 2, 2, 2, 3))",-884.157,,,,
O_tau=0.8,3,4.153279e-04,1.665860e-01,"(0, (2, 2, 2, 2, 3))",-868.539,,,,
O_tau=0.8,3,4.227282e-04,1.665845e-01,"(0, (2, 2, 2, 2, 3))",-853.196,,,,
O_tau=0.8,3,4.302603e-04,1.665831e-01,"(0, (2, 2, 2, 2, 3))",-838.120,,,,
O_tau=0.8,3,4.379267e-04,1.665816e-01,"(0, (2, 2, 2, 2, 3))",-823.309,,,,
O_tau=0.8,3,4.457296e-04,1.665801e-01,"(0, (2, 2, 2, 2, 3))",-808.758,,,,
O_tau=0.8,3,4.536716e-04,1.665785e-01,"(0, (2, 2, 2, 2, 3))",-794.461,,,,
O_tau=0.8,3,4.617551e-04,1.665769e-01,"(0, (2, 2, 2, 2, 3))",-780.414,,,,
O_tau=0.8,3,4.699826e-04,1.665754e-01,"(0, (2, 2, 2, 2, 3))",-766.613,,,,
O_tau=0.8,3,4.783567e-04,1.665737e-01,"(0, (2, 2, 2, 2, 3))",-753.054,,,,
O_tau=0.8,3,4.868801e-04,1.665721e-01,"(0, (2, 2, 2, 2, 3))",-739.733,,,,
O_tau=0.8,3,4.955553e-04,1.665704e-01,"(0, (2, 2, 2, 2, 3))",-726.645,,,,
O_tau=0.8,3,5.043850e-04,1.665687e-01,"(0, (2, 2, 2, 2, 3))",-713.785,,,,
O_tau=0.8,3,5.133721e-04,1.665669e-01,"(0, (2, 2, 2, 2, 3))",-701.152,,,,
O_tau=0.8,3,5.225194e-04,1.665652e-01,"(0, (2, 2, 2, 2, 3))",-688.739,,,,
O_tau=0.8,3,5.318296e-04,1.665633e-01,"(0, (2, 2, 2, 2, 3))",-676.544,,,,
O_tau=0.8,3,5.413057e-04,1.665615e-01,"(0, (2, 2, 2, 2, 3))",-664.562,,,,
O_tau=0.8,3,5.509506e-04,1.665596e-01,"(0, (2, 2, 2, 2, 3))",-652.790,,,,
O_tau=0.8,3,5.607674e-04,1.665577e-01,"(0, (2, 2, 2, 2, 3))",-641.224,,,,
O_tau=0.8,3,5.707592e-04,1.665558e-01,"(0, (2, 2, 2, 2, 3))",-629.861,,,,
O_tau=0.8,3,5.809289e-04,1.665538e-01,"(0, (2, 2, 2, 2, 3))",-618.697,,,,
O_tau=0.8,3,5.912799e-04,1.665518e-01,"(0, (2, 2, 2, 2, 3))",-607.728,,,,
O_tau=0.8,3,6.018153e-04,1.665498e-01,"(0, (2, 2, 2, 2, 3))",-596.951,,,,
O_tau=0.8,3,6.125384e-04,1.665477e-01,"(0, (2, 2, 2, 2, 3))",-586.363,,,,
O_tau=0.8,3,6.234525e-04,1.665456e-01,"(0, (2, 2, 2, 2, 3))",-575.961,,,,
O_tau=0.8,3,6.345612e-04,1.665434e-01,"(0, (2, 2, 2, 2, 3))",-565.740,,,,
O_tau=0.8,3,6.458677e-04,1.665412e-01,"(0, (2, 2, 2, 2, 3))",-555.699,,,,
O_tau=0.8,3,6.573758e-04,1.665390e-01,"(0, (2, 2, 2, 2, 3))",-545.834,,,4420,4420
O_tau=0.8,3,6.690889e-04,1.665367e-01,"(0, (2, 2, 2, 2, 3))",-536.141,,,4334,4334
O_tau=0.8,3,6.810106e-04,1.665344e-01,"(0, (2, 2, 2, 2, 3))",-526.618,,,4249,4249
O_tau=0.8,3,6.931448e-04,1.665320e-01,"(0, (2, 2, 2, 2, 3))",-517.262,,,4167,4167
O_tau=0.8,3,7.054953e-04,1.665296e-01,"(0, (2, 2, 2, 2, 3))",-508.069,,,4085,4085
O_tau=0.8,3,7.180657e-04,1.665272e-01,"(0, (2, 2, 2, 2, 3))",-499.038,,,4006,4006
O_tau=0.8,3,7.308602e-04,1.665247e-01,"(0, (2, 2, 2, 2, 3))",-490.165,,,3927,3927
O_tau=0.8,3,7.438826e-04,1.665222e-01,"(0, (2, 2, 2, 2, 3))",-481.447,,,3851,3851
O_tau=0.8,3,7.571370e-04,1.665196e-01,"(0, (2, 2, 2, 2, 3))",-472.882,,,3776,3776
O_tau=0.8,3,7.706277e-04,1.665170e-01,"(0, (2, 2, 2, 2, 3))",-464.467,,,3702,3702
O_tau=0.8,3,7.843587e-04,1.665143e-01,"(0, (2, 2, 2, 2, 3))",-456.199,,,3630,3630
O_tau=0.8,3,7.983343e-04,1.665116e-01,"(0, (2, 2, 2, 2, 3))",-448.076,,,3559,3559
O_tau=0.8,3,8.125590e-04,1.665089e-01,"(0, (2, 2, 2, 2, 3))",-440.095,,,3489,3489
O_tau=0.8,3,8.270371e-04,1.665061e-01,"(0, (2, 2, 2, 2, 3))",-432.255,,,3421,3421
O_tau=0.8,3,8.417732e-04,1.665032e-01,"(0, (2, 2, 2, 2, 3))",-424.551,,,3354,3354
O_tau=0.8,3,8.567719e-04,1.665003e-01,"(0, (2, 2, 2, 2, 3))",-416.982,4361,,3289,3289
O_tau=0.8,3,8.720378e-04,1.664973e-01,"(0, (2, 2, 2, 2, 3))",-409.546,4276,,3224,3224
O_tau=0.8,3,8.875757e-04,1.664943e-01,"(0, (2, 2, 2, 2, 3))",-402.240,4194,,3161,3161
O_tau=0.8,3,9.033905e-04,1.664913e-01,"(0, (2, 2, 2, 2, 3))",-395.063,4116,4382,3100,3100
O_tau=0.8,3,9.194870e-04,1.664881e-01,"(0, (2, 2, 2, 2, 3))",-388.011,4034,4297,3039,3039
O_tau=0.8,3,9.358704e-04,1.664850e-01,"(0, (2, 2, 2, 2, 3))",-381.082,3957,4216,2979,2979
O_tau=0.8,3,9.525456e-04,1.664817e-01,"(0, (2, 2, 2, 2, 3))",-374.275,3879,4135,2921,2921
O_tau=0.8,3,9.695180e-04,1.664784e-01,"(0, (2, 2, 2, 2, 3))",-367.587,3804,4053,2864,2864
O_tau=0.8,3,9.867929e-04,1.664751e-01,"(0, (2, 2, 2, 2, 3))",-361.016,3736,3978,2808,2808
O_tau=0.8,3,1.004375e-03,1.664717e-01,"(0, (2, 2, 2, 2, 3))",-354.560,3662,3902,2753,2753
O_tau=0.8,3,1.022271e-03,1.664682e-01,"(0, (2, 2, 2, 2, 3))",-348.217,3592,3826,2699,2699
O_tau=0.8,3,1.040486e-03,1.664647e-01,"(0, (2, 2, 2, 2, 3))",-341.986,3522,3753,2646,2646
O_tau=0.8,3,1.059025e-03,1.664611e-01,"(0, (2, 2, 2, 2, 3))",-335.863,3456,3681,2594,2594
O_tau=0.8,3,1.077895e-03,1.664574e-01,"(0, (2, 2, 2, 2, 3))",-329.848,3387,3611,2543,2543
O_tau=0.8,3,1.097101e-03,1.664537e-01,"(0, (2, 2, 2, 2, 3))",-323.938,3323,3544,2494,2494
O_tau=0.8,3,1.116649e-03,1.664499e-01,"(0, (2, 2, 2, 2, 3))",-318.132,3258,3475,2445,2445
O_tau=0.8,3,1.136545e-03,1.664461e-01,"(0, (2, 2, 2, 2, 3))",-312.427,3198,3408,2397,2397
O_tau=0.8,3,1.156796e-03,1.664422e-01,"(0, (2, 2, 2, 2, 3))",-306.823,3132,3344,2350,2350
O_tau=0.8,3,1.177408e-03,1.664382e-01,"(0, (2, 2, 2, 2, 3))",-301.316,3071,3280,2304,2304
O_tau=0.8,3,1.198387e-03,1.664341e-01,"(0, (2, 2, 2, 2, 3))",-295.906,3015,3216,2258,2258
O_tau=0.8,3,1.219740e-03,1.664300e-01,"(0, (2, 2, 2, 2, 3))",-290.591,2957,3157,2214,2214
O_tau=0.8,3,1.241473e-03,1.664258e-01,"(0, (2, 2, 2, 2, 3))",-285.369,2900,3097,2171,2171
O_tau=0.8,3,1.263594e-03,1.664215e-01,"(0, (2, 2, 2, 2, 3))",-280.238,2844,3035,2128,2128
O_tau=0.8,3,1.286108e-03,1.664171e-01,"(0, (2, 2, 2, 2, 3))",-275.198,2787,2975,2086,2086
O_tau=0.8,3,1.309024e-03,1.664127e-01,"(0, (2, 2, 2, 2, 3))",-270.245,2737,2922,2045,2045
O_tau=0.8,3,1.332348e-03,1.664082e-01,"(0, (2, 2, 2, 2, 3))",-265.379,2684,2867,2005,2005
O_tau=0.8,3,1.356088e-03,1.664036e-01,"(0, (2, 2, 2, 2, 3))",-260.599,2635,2811,1966,1966
O_tau=0.8,3,1.380250e-03,1.663989e-01,"(0, (2, 2, 2, 2, 3))",-255.902,2580,2759,1927,1927
O_tau=0.8,3,1.404844e-03,1.663941e-01,"(0, (2, 2, 2, 2, 3))",-251.288,2533,2702,1889,1889
O_tau=0.8,3,1.429875e-03,1.663893e-01,"(0, (2, 2, 2, 2, 3))",-246.754,2481,2649,1852,1852
O_tau=0.8,3,1.455352e-03,1.663844e-01,"(0, (2, 2, 2, 2, 3))",-242.300,2434,2603,1815,1815
O_tau=0.8,3,1.481284e-03,1.663793e-01,"(0, (2, 2, 2, 2, 3))",-237.924,2384,2548,1780,1780
O_tau=0.8,3,1.507677e-03,1.663742e-01,"(0, (2, 2, 2, 2, 3))",-233.625,2343,2502,1745,1745
O_tau=0.8,3,1.534541e-03,1.663690e-01,"(0, (2, 2, 2, 2, 3))",-229.401,2296,2454,1710,1710
O_tau=0.8,3,1.561883e-03,1.663637e-01,"(0, (2, 2, 2, 2, 3))",-225.251,2249,2407,1677,1677
O_tau=0.8,3,1.589713e-03,1.663584e-01,"(0, (2, 2, 2, 2, 3))",-221.173,2208,2361,1644,1644
O_tau=0.8,3,1.618038e-03,1.663529e-01,"(0, (2, 2, 2, 2, 3))",-217.168,2166,2319,1611,1611
O_tau=0.8,3,1.646868e-03,1.663473e-01,"(0, (2, 2, 2, 2, 3))",-213.232,2124,2273,1580,1580
O_tau=0.8,3,1.676212e-03,1.663416e-01,"(0, (2, 2, 2, 2, 3))",-209.365,2084,2224,1548,1548
O_tau=0.8,3,1.706079e-03,1.663359e-01,"(0, (2, 2, 2, 2, 3))",-205.566,2041,2185,1518,1518
O_tau=0.8,3,1.736478e-03,1.663300e-01,"(0, (2, 2, 2, 2, 3))",-201.834,2003,2140,1488,1488
O_tau=0.8,3,1.767418e-03,1.663240e-01,"(0, (2, 2, 2, 2, 3))",-198.167,1964,2103,1459,1459
O_tau=0.8,3,1.798910e-03,1.663179e-01,"(0, (2, 2, 2, 2, 3))",-194.564,1926,2062,1430,1430
O_tau=0.8,3,1.830963e-03,1.663117e-01,"(0, (2, 2, 2, 2, 3))",-191.024,1890,2021,1402,1402
O_tau=0.8,3,1.863587e-03,1.663054e-01,"(0, (2, 2, 2, 2, 3))",-187.547,1852,1983,1374,1374
O_tau=0.8,3,1.896792e-03,1.662990e-01,"(0, (2, 2, 2, 2, 3))",-184.130,1817,1946,1347,1347
O_tau=0.8,3,1.930589e-03,1.662925e-01,"(0, (2, 2, 2, 2, 3))",-180.773,1782,1905,1320,1320
O_tau=0.8,3,1.964988e-03,1.662858e-01,"(0, (2, 2, 2, 2, 3))",-177.476,1745,1871,1294,1294
O_tau=0.8,3,2.000000e-03,1.662790e-01,"(0, (2, 2, 2, 2, 3))",-174.235,1716,1837,1268,1268
O_tau=0.8,3,2.031395e-03,1.662730e-01,"(0, (2, 2, 2, 2, 3))",-171.425,1686,1805,1246,1246
O_tau=0.8,3,2.063282e-03,1.662668e-01,"(0, (2, 2, 2, 2, 3))",-168.658,1656,1773,1225,1225
O_tau=0.8,3,2.095671e-03,1.662606e-01,"(0, (2, 2, 2, 2, 3))",-165.934,1630,1743,1203,1203
O_tau=0.8,3,2.128567e-03,1.662542e-01,"(0, (2, 2, 2, 2, 3))",-163.252,1601,1716,1182,1182
O_tau=0.8,3,2.161980e-03,1.662478e-01,"(0, (2, 2, 2, 2, 3))",-160.612,1572,1686,1162,1162
O_tau=0.8,3,2.195917e-03,1.662412e-01,"(0, (2, 2, 2, 2, 3))",-158.012,1546,1656,1141,1141
O_tau=0.8,3,2.230388e-03,1.662346e-01,"(0, (2, 2, 2, 2, 3))",-155.453,1518,1630,1121,1121
O_tau=0.8,3,2.265399e-03,1.662278e-01,"(0, (2, 2, 2, 2, 3))",-152.933,1494,1601,1102,1102
O_tau=0.8,3,2.300960e-03,1.662209e-01,"(0, (2, 2, 2, 2, 3))",-150.453,1467,1572,1083,1083
O_tau=0.8,3,2.337079e-03,1.662140e-01,"(0, (2, 2, 2, 2, 3))",-148.010,1444,1546,1063,1063
O_tau=0.8,3,2.373765e-03,1.662069e-01,"(0, (2, 2, 2, 2, 3))",-145.606,1419,1519,1045,1045
O_tau=0.8,3,2.411027e-03,1.661997e-01,"(0, (2, 2, 2, 2, 3))",-143.239,1393,1494,1027,1027
O_tau=0.8,3,2.448874e-03,1.661924e-01,"(0, (2, 2, 2, 2, 3))",-140.908,1372,1469,1009,1009
O_tau=0.8,3,2.487314e-03,1.661850e-01,"(0, (2, 2, 2, 2, 3))",-138.613,1345,1444,991,991
O_tau=0.8,3,2.526359e-03,1.661775e-01,"(0, (2, 2, 2, 2, 3))",-136.354,1324,1421,974,974
O_tau=0.8,3,2.566016e-03,1.661698e-01,"(0, (2, 2, 2, 2, 3))",-134.130,1300,1395,957,957
O_tau=0.8,3,2.606296e-03,1.661620e-01,"(0, (2, 2, 2, 2, 3))",-131.941,1276,1373,940,940
O_tau=0.8,3,2.647208e-03,1.661542e-01,"(0, (2, 2, 2, 2, 3))",-129.785,1256,1347,923,923
O_tau=0.8,3,2.688762e-03,1.661461e-01,"(0, (2, 2, 2, 2, 3))",-127.662,1232,1324,907,907
O_tau=0.8,3,2.730969e-03,1.661380e-01,"(0, (2, 2, 2, 2, 3))",-125.573,1212,1301,891,891
O_tau=0.8,3,2.773838e-03,1.661298e-01,"(0, (2, 2, 2, 2, 3))",-123.516,1193,1278,876,876
O_tau=0.8,3,2.817380e-03,1.661214e-01,"(0, (2, 2, 2, 2, 3))",-121.490,1174,1258,860,860
O_tau=0.8,3,2.861605e-03,1.661128e-01,"(0, (2, 2, 2, 2, 3))",-119.496,1153,1234,845,845
O_tau=0.8,3,2.906525e-03,1.661042e-01,"(0, (2, 2, 2, 2, 3))",-117.533,1131,1215,830,830
O_tau=0.8,3,2.952150e-03,1.660954e-01,"(0, (2, 2, 2, 2, 3))",-115.600,1109,1195,816,816
O_tau=0.8,3,2.998491e-03,1.660865e-01,"(0, (2, 2, 2, 2, 3))",-113.697,1094,1174,802,802
O_tau=0.8,3,3.045559e-03,1.660774e-01,"(0, (2, 2, 2, 2, 3))",-111.824,1075,1155,788,788
O_tau=0.8,3,3.093367e-03,1.660682e-01,"(0, (2, 2, 2, 2, 3))",-109.980,1058,1133,774,774
O_tau=0.8,3,3.141924e-03,1.660589e-01,"(0, (2, 2, 2, 2, 3))",-108.164,1039,1109,760,760
O_tau=0.8,3,3.191244e-03,1.660494e-01,"(0, (2, 2, 2, 2, 3))",-106.376,1021,1099,747,747
O_tau=0.8,3,3.241339e-03,1.660397e-01,"(0, (2, 2, 2, 2, 3))",-104.616,999,1076,734,734
O_tau=0.8,3,3.292219e-03,1.660299e-01,"(0, (2, 2, 2, 2, 3))",-102.883,985,1062,721,721
O_tau=0.8,3,3.343898e-03,1.660200e-01,"(0, (2, 2, 2, 2, 3))",-101.177,971,1040,708,708
O_tau=0.8,3,3.396389e-03,1.660099e-01,"(0, (2, 2, 2, 2, 3))",-99.498,951,1022,696,696
O_tau=0.8,3,3.449703e-03,1.659997e-01,"(0, (2, 2, 2, 2, 3))",-97.844,934,1009,683,683
O_tau=0.8,3,3.503855e-03,1.659893e-01,"(0, (2, 2, 2, 2, 3))",-96.216,922,989,671,671
O_tau=0.8,3,3.558856e-03,1.659787e-01,"(0, (2, 2, 2, 2, 3))",-94.614,902,974,660,660
O_tau=0.8,3,3.614721e-03,1.659679e-01,"(0, (2, 2, 2, 2, 3))",-93.036,890,953,648,648
O_tau=0.8,3,3.671462e-03,1.659570e-01,"(0, (2, 2, 2, 2, 3))",-91.482,873,940,637,637
O_tau=0.8,3,3.729095e-03,1.659460e-01,"(0, (2, 2, 2, 2, 3))",-89.953,859,924,625,625
O_tau=0.8,3,3.787632e-03,1.659347e-01,"(0, (2, 2, 2, 2, 3))",-88.447,842,907,614,614
O_tau=0.8,3,3.847088e-03,1.659233e-01,"(0, (2, 2, 2, 2, 3))",-86.965,828,892,604,604
O_tau=0.8,3,3.907477e-03,1.659117e-01,"(0, (2, 2, 2, 2, 3))",-85.505,814,877,593,593
O_tau=0.8,3,3.968814e-03,1.658999e-01,"(0, (2, 2, 2, 2, 3))",-84.069,801,861,583,583
O_tau=0.8,3,4.031114e-03,1.658880e-01,"(0, (2, 2, 2, 2, 3))",-82.654,784,845,572,572
O_tau=0.8,3,4.094392e-03,1.658758e-01,"(0, (2, 2, 2, 2, 3))",-81.261,773,833,562,562
O_tau=0.8,3,4.158663e-03,1.658635e-01,"(0, (2, 2, 2, 2, 3))",-79.890,758,821,552,552
O_tau=0.8,3,4.223944e-03,1.658510e-01,"(0, (2, 2, 2, 2, 3))",-78.541,746,803,542,542
O_tau=0.8,3,4.290249e-03,1.658383e-01,"(0, (2, 2, 2, 2, 3))",-77.212,735,791,533,533
O_tau=0.8,3,4.357594e-03,1.658254e-01,"(0, (2, 2, 2, 2, 3))",-75.903,719,779,523,523
O_tau=0.8,3,4.425997e-03,1.658122e-01,"(0, (2, 2, 2, 2, 3))",-74.615,708,764,514,514
O_tau=0.8,3,4.495474e-03,1.657989e-01,"(0, (2, 2, 2, 2, 3))",-73.347,697,750,505,505
O_tau=0.8,3,4.566041e-03,1.657854e-01,"(0, (2, 2, 2, 2, 3))",-72.099,685,739,496,496
O_tau=0.8,3,4.637716e-03,1.657717e-01,"(0, (2, 2, 2, 2, 3))",-70.870,673,723,488,488
O_tau=0.8,3,4.710516e-03,1.657577e-01,"(0, (2, 2, 2, 2, 3))",-69.660,663,714,479,479
O_tau=0.8,3,4.784459e-03,1.657436e-01,"(0, (2, 2, 2, 2, 3))",-68.468,649,701,471,471
O_tau=0.8,3,4.859562e-03,1.657292e-01,"(0, (2, 2, 2, 2, 3))",-67.296,640,687,462,462
O_tau=0.8,3,4.935845e-03,1.657146e-01,"(0, (2, 2, 2, 2, 3))",-66.141,623,677,454,454
O_tau=0.8,3,5.013324e-03,1.656998e-01,"(0, (2, 2, 2, 2, 3))",-65.004,618,665,446,446
O_tau=0.8,3,5.092021e-03,1.656847e-01,"(0, (2, 2, 2, 2, 3))",-63.885,606,653,438,438
O_tau=0.8,3,5.171952e-03,1.656694e-01,"(0, (2, 2, 2, 2, 3))",-62.783,595,641,430,430
O_tau=0.8,3,5.253138e-03,1.656539e-01,"(0, (2, 2, 2, 2, 3))",-61.698,587,632,423,423
O_tau=0.8,3,5.335599e-03,1.656382e-01,"(0, (2, 2, 2, 2, 3))",-60.631,574,621,415,415
O_tau=0.8,3,5.419354e-03,1.656222e-01,"(0, (2, 2, 2, 2, 3))",-59.579,564,608,408,408
O_tau=0.8,3,5.504423e-03,1.656059e-01,"(0, (2, 2, 2, 2, 3))",-58.544,554,601,401,401
O_tau=0.8,3,5.590828e-03,1.655894e-01,"(0, (2, 2, 2, 2, 3))",-57.525,545,588,394,394
O_tau=0.8,3,5.678590e-03,1.655727e-01,"(0, (2, 2, 2, 2, 3))",-56.522,536,578,387,387
O_tau=0.8,3,5.767729e-03,1.655556e-01,"(0, (2, 2, 2, 2, 3))",-55.534,526,572,380,380
O_tau=0.8,3,5.858267e-03,1.655384e-01,"(0, (2, 2, 2, 2, 3))",-54.562,518,557,373,373
O_tau=0.8,3,5.950227e-03,1.655208e-01,"(0, (2, 2, 2, 2, 3))",-53.605,509,551,366,366
O_tau=0.8,3,6.043630e-03,1.655030e-01,"(0, (2, 2, 2, 2, 3))",-52.662,500,541,360,360
O_tau=0.8,3,6.138499e-03,1.654849e-01,"(0, (2, 2, 2, 2, 3))",-51.735,493,531,354,354
O_tau=0.8,3,6.234857e-03,1.654666e-01,"(0, (2, 2, 2, 2, 3))",-50.821,483,523,347,347
O_tau=0.8,3,6.332728e-03,1.654479e-01,"(0, (2, 2, 2, 2, 3))",-49.922,474,515,341,341
O_tau=0.8,3,6.432135e-03,1.654290e-01,"(0, (2, 2, 2, 2, 3))",-49.037,466,501,335,335
O_tau=0.8,3,6.533103e-03,1.654098e-01,"(0, (2, 2, 2, 2, 3))",-48.165,460,497,329,329
O_tau=0.8,3,6.635656e-03,1.653902e-01,"(0, (2, 2, 2, 2, 3))",-47.307,450,486,323,323
O_tau=0.8,3,6.739818e-03,1.653704e-01,"(0, (2, 2, 2, 2, 3))",-46.462,441,483,317,317
O_tau=0.8,3,6.845616e-03,1.653503e-01,"(0, (2, 2, 2, 2, 3))",-45.631,436,468,312,312
O_tau=0.8,3,6.953074e-03,1.653299e-01,"(0, (2, 2, 2, 2, 3))",-44.812,427,463,306,306
O_tau=0.8,3,7.062219e-03,1.653091e-01,"(0, (2, 2, 2, 2, 3))",-44.006,420,456,301,301
O_tau=0.8,3,7.173078e-03,1.652881e-01,"(0, (2, 2, 2, 2, 3))",-43.212,414,448,296,296
O_tau=0.8,3,7.285676e-03,1.652667e-01,"(0, (2, 2, 2, 2, 3))",-42.431,406,436,290,290
O_tau=0.8,3,7.400042e-03,1.652450e-01,"(0, (2, 2, 2, 2, 3))",-41.662,398,433,285,285
O_tau=0.8,3,7.516204e-03,1.652229e-01,"(0, (2, 2, 2, 2, 3))",-40.905,390,424,280,280
O_tau=0.8,3,7.634188e-03,1.652005e-01,"(0, (2, 2, 2, 2, 3))",-40.160,385,416,275,275
O_tau=0.8,3,7.754025e-03,1.651778e-01,"(0, (2, 2, 2, 2, 3))",-39.426,374,410,270,270
O_tau=0.8,3,7.875743e-03,1.651547e-01,"(0, (2, 2, 2, 2, 3))",-38.703,373,403,265,265
O_tau=0.8,3,7.999372e-03,1.651313e-01,"(0, (2, 2, 2, 2, 3))",-37.992,366,397,261,261
O_tau=0.8,3,8.124941e-03,1.651075e-01,"(0, (2, 2, 2, 2, 3))",-37.292,360,388,256,256
O_tau=0.8,3,8.252481e-03,1.650833e-01,"(0, (2, 2, 2, 2, 3))",-36.603,353,385,252,252
O_tau=0.8,3,8.382024e-03,1.650588e-01,"(0, (2, 2, 2, 2, 3))",-35.924,345,373,247,247
O_tau=0.8,3,8.513600e-03,1.650339e-01,"(0, (2, 2, 2, 2, 3))",-35.256,342,369,243,243
O_tau=0.8,3,8.647241e-03,1.650087e-01,"(0, (2, 2, 2, 2, 3))",-34.599,334,362,238,238
O_tau=0.8,3,8.782980e-03,1.649830e-01,"(0, (2, 2, 2, 2, 3))",-33.951,329,358,234,234
O_tau=0.8,3,8.920850e-03,1.649569e-01,"(0, (2, 2, 2, 2, 3))",-33.314,323,349,230,230
O_tau=0.8,3,9.060884e-03,1.649305e-01,"(0, (2, 2, 2, 2, 3))",-32.686,317,344,226,226
O_tau=0.8,3,9.203116e-03,1.649036e-01,"(0, (2, 2, 2, 2, 3))",-32.068,312,339,222,222
O_tau=0.8,3,9.347581e-03,1.648764e-01,"(0, (2, 2, 2, 2, 3))",-31.460,305,333,218,218
O_tau=0.8,3,9.494314e-03,1.648487e-01,"(0, (2, 2, 2, 2, 3))",-30.862,302,328,214,214
O_tau=0.8,3,9.643350e-03,1.648206e-01,"(0, (2, 2, 2, 2, 3))",-30.272,297,318,210,210
O_tau=0.8,3,9.794725e-03,1.647921e-01,"(0, (2, 2, 2, 2, 3))",-29.692,288,314,206,206
O_tau=0.8,3,9.948477e-03,1.647631e-01,"(0, (2, 2, 2, 2, 3))",-29.121,286,312,203,203
O_tau=0.8,3,1.010464e-02,1.647337e-01,"(0, (2, 2, 2, 2, 3))",-28.558,280,305,199,199
O_tau=0.8,3,1.026326e-02,1.647039e-01,"(0, (2, 2, 2, 2, 3))",-28.005,276,301,196,196
O_tau=0.8,3,1.042436e-02,1.646736e-01,"(0, (2, 2, 2, 2, 3))",-27.460,271,294,192,192
O_tau=0.8,3,1.058800e-02,1.646428e-01,"(0, (2, 2, 2, 2, 3))",-26.923,268,288,188,188
O_tau=0.8,3,1.075420e-02,1.646116e-01,"(0, (2, 2, 2, 2, 3))",-26.395,261,285,185,185
O_tau=0.8,3,1.092302e-02,1.645799e-01,"(0, (2, 2, 2, 2, 3))",-25.875,258,280,182,182
O_tau=0.8,3,1.109448e-02,1.645477e-01,"(0, (2, 2, 2, 2, 3))",-25.363,253,273,179,179
O_tau=0.8,3,1.126863e-02,1.645150e-01,"(0, (2, 2, 2, 2, 3))",-24.859,249,270,175,175
O_tau=0.8,3,1.144552e-02,1.644819e-01,"(0, (2, 2, 2, 2, 3))",-24.363,244,266,172,172
O_tau=0.8,3,1.162519e-02,1.644482e-01,"(0, (2, 2, 2, 2, 3))",-23.875,239,259,169,169
O_tau=0.8,3,1.180767e-02,1.644140e-01,"(0, (2, 2, 2, 2, 3))",-23.394,233,256,166,166
O_tau=0.8,3,1.199302e-02,1.643793e-01,"(0, (2, 2, 2, 2, 3))",-22.921,231,253,163,163
O_tau=0.8,3,1.218128e-02,1.643441e-01,"(0, (2, 2, 2, 2, 3))",-22.455,229,249,160,160
O_tau=0.8,3,1.237250e-02,1.643084e-01,"(0, (2, 2, 2, 2, 3))",-21.996,222,243,157,157
O_tau=0.8,3,1.256671e-02,1.642721e-01,"(0, (2, 2, 2, 2, 3))",-21.545,221,238,154,154
O_tau=0.8,3,1.276398e-02,1.642353e-01,"(0, (2, 2, 2, 2, 3))",-21.100,215,232,152,152
O_tau=0.8,3,1.296434e-02,1.641979e-01,"(0, (2, 2, 2, 2, 3))",-20.662,211,231,149,149
O_tau=0.8,3,1.316784e-02,1.641599e-01,"(0, (2, 2, 2, 2, 3))",-20.232,209,229,146,146
O_tau=0.8,3,1.337454e-02,1.641214e-01,"(0, (2, 2, 2, 2, 3))",-19.808,205,222,144,144
O_tau=0.8,3,1.358449e-02,1.640823e-01,"(0, (2, 2, 2, 2, 3))",-19.390,202,220,141,141
O_tau=0.8,3,1.379773e-02,1.640426e-01,"(0, (2, 2, 2, 2, 3))",-18.979,198,212,139,139
O_tau=0.8,3,1.401432e-02,1.640023e-01,"(0, (2, 2, 2, 2, 3))",-18.575,195,211,136,136
O_tau=0.8,3,1.423431e-02,1.639614e-01,"(0, (2, 2, 2, 2, 3))",-18.176,189,209,134,134
O_tau=0.8,3,1.445775e-02,1.639199e-01,"(0, (2, 2, 2, 2, 3))",-17.784,187,205,131,131
O_tau=0.8,3,1.468470e-02,1.638778e-01,"(0, (2, 2, 2, 2, 3))",-17.398,184,202,129,129
O_tau=0.8,3,1.491521e-02,1.638351e-01,"(0, (2, 2, 2, 2, 3))",-17.018,182,198,127,127
O_tau=0.8,3,1.514934e-02,1.637917e-01,"(0, (2, 2, 2, 2, 3))",-16.644,176,194,124,124
O_tau=0.8,3,1.538714e-02,1.637476e-01,"(0, (2, 2, 2, 2, 3))",-16.276,174,188,122,122
O_tau=0.8,3,1.562868e-02,1.637029e-01,"(0, (2, 2, 2, 2, 3))",-15.914,173,187,120,120
O_tau=0.8,3,1.587401e-02,1.636576e-01,"(0, (2, 2, 2, 2, 3))",-15.557,170,184,118,118
O_tau=0.8,3,1.612319e-02,1.636115e-01,"(0, (2, 2, 2, 2, 3))",-15.206,166,182,116,116
O_tau=0.8,3,1.637628e-02,1.635648e-01,"(0, (2, 2, 2, 2, 3))",-14.860,163,176,113,113
O_tau=0.8,3,1.663335e-02,1.635174e-01,"(0, (2, 2, 2, 2, 3))",-14.520,159,174,111,111
O_tau=0.8,3,1.689445e-02,1.634692e-01,"(0, (2, 2, 2, 2, 3))",-14.184,155,173,110,110
O_tau=0.8,3,1.715965e-02,1.634204e-01,"(0, (2, 2, 2, 2, 3))",-13.855,154,170,108,108
O_tau=0.8,3,1.742901e-02,1.633708e-01,"(0, (2, 2, 2, 2, 3))",-13.530,153,166,106,106
O_tau=0.8,3,1.770260e-02,1.633205e-01,"(0, (2, 2, 2, 2, 3))",-13.210,150,163,104,104
O_tau=0.8,3,1.798048e-02,1.632694e-01,"(0, (2, 2, 2, 2, 3))",-12.896,145,159,102,102
O_tau=0.8,3,1.826273e-02,1.632176e-01,"(0, (2, 2, 2, 2, 3))",-12.586,142,155,100,100
O_tau=0.8,3,1.854941e-02,1.631650e-01,"(0, (2, 2, 2, 2, 3))",-12.281,142,154,99,99
O_tau=0.8,3,1.884058e-02,1.631117e-01,"(0, (2, 2, 2, 2, 3))",-11.981,139,153,97,97
O_tau=0.8,3,1.913633e-02,1.630575e-01,"(0, (2, 2, 2, 2, 3))",-11.686,136,150,95,95
O_tau=0.8,3,1.943672e-02,1.630026e-01,"(0, (2, 2, 2, 2, 3))",-11.395,133,145,93,93
O_tau=0.8,3,1.974183e-02,1.629468e-01,"(0, (2, 2, 2, 2, 3))",-11.108,131,144,91,91
O_tau=0.8,3,2.005172e-02,1.628902e-01,"(0, (2, 2, 2, 2, 3))",-10.827,130,142,90,90
O_tau=0.8,3,2.036648e-02,1.628328e-01,"(0, (2, 2, 2, 2, 3))",-10.549,128,140,88,88
O_tau=0.8,3,2.068618e-02,1.627745e-01,"(0, (2, 2, 2, 2, 3))",-10.276,124,136,86,86
O_tau=0.8,3,2.101090e-02,1.627154e-01,"(0, (2, 2, 2, 2, 3))",-10.007,120,133,85,85
O_tau=0.8,3,2.134072e-02,1.626554e-01,"(0, (2, 2, 2, 2, 3))",-9.743,120,132,83,83
O_tau=0.8,3,2.167571e-02,1.625946e-01,"(0, (2, 2, 2, 2, 3))",-9.482,119,130,82,82
O_tau=0.8,3,2.201596e-02,1.625328e-01,"(0, (2, 2, 2, 2, 3))",-9.226,115,128,80,80
O_tau=0.8,3,2.236156e-02,1.624701e-01,"(0, (2, 2, 2, 2, 3))",-8.973,114,125,79,79
O_tau=0.8,3,2.271258e-02,1.624066e-01,"(0, (2, 2, 2, 2, 3))",-8.725,112,120,77,77
O_tau=0.8,3,2.306910e-02,1.623420e-01,"(0, (2, 2, 2, 2, 3))",-8.480,111,120,76,76
O_tau=0.8,3,2.343123e-02,1.622766e-01,"(0, (2, 2, 2, 2, 3))",-8.240,110,120,75,75
O_tau=0.8,3,2.379904e-02,1.622102e-01,"(0, (2, 2, 2, 2, 3))",-8.003,106,116,74,74
O_tau=0.8,3,2.417262e-02,1.621428e-01,"(0, (2, 2, 2, 2, 3))",-7.770,105,114,72,72
O_tau=0.8,3,2.455207e-02,1.620745e-01,"(0, (2, 2, 2, 2, 3))",-7.540,103,112,71,71
O_tau=0.8,3,2.493747e-02,1.620051e-01,"(0, (2, 2, 2, 2, 3))",-7.314,103,111,70,70
O_tau=0.8,3,2.532892e-02,1.619348e-01,"(0, (2, 2, 2, 2, 3))",-7.091,100,110,68,68
O_tau=0.8,3,2.572652e-02,1.618634e-01,"(0, (2, 2, 2, 2, 3))",-6.872,96,106,67,67
O_tau=0.8,3,2.613036e-02,1.617910e-01,"(0, (2, 2, 2, 2, 3))",-6.657,95,105,66,66
O_tau=0.8,3,2.654054e-02,1.617175e-01,"(0, (2, 2, 2, 2, 3))",-6.445,94,103,65,65
O_tau=0.8,3,2.695716e-02,1.616430e-01,"(0, (2, 2, 2, 2, 3))",-6.236,90,103,64,64
O_tau=0.8,3,2.738031e-02,1.615674e-01,"(0, (2, 2, 2, 2, 3))",-6.030,89,100,62,62
O_tau=0.8,3,2.781011e-02,1.614907e-01,"(0, (2, 2, 2, 2, 3))",-5.828,88,98,61,61
O_tau=0.8,3,2.824666e-02,1.614129e-01,"(0, (2, 2, 2, 2, 3))",-5.629,87,96,60,60
O_tau=0.8,3,2.869006e-02,1.613340e-01,"(0, (2, 2, 2, 2, 3))",-5.433,87,94,59,59
O_tau=0.8,3,2.914042e-02,1.612540e-01,"(0, (2, 2, 2, 2, 3))",-5.240,86,92,58,58
O_tau=0.8,3,2.959785e-02,1.611728e-01,"(0, (2, 2, 2, 2, 3))",-5.050,84,90,57,57
O_tau=0.8,3,3.006245e-02,1.610904e-01,"(0, (2, 2, 2, 2, 3))",-4.863,80,89,56,56
O_tau=0.8,3,3.053436e-02,1.610069e-01,"(0, (2, 2, 2, 2, 3))",-4.679,79,87,55,55
O_tau=0.8,3,3.101367e-02,1.609222e-01,"(0, (2, 2, 2, 2, 3))",-4.498,78,87,54,54
O_tau=0.8,3,3.150050e-02,1.608363e-01,"(0, (2, 2, 2, 2, 3))",-4.319,78,87,53,53
O_tau=0.8,3,3.199498e-02,1.607491e-01,"(0, (2, 2, 2, 2, 3))",-4.144,77,85,52,52
O_tau=0.8,3,3.249721e-02,1.606607e-01,"(0, (2, 2, 2, 2, 3))",-3.971,76,81,51,51
O_tau=0.8,3,3.300733e-02,1.605711e-01,"(0, (2, 2, 2, 2, 3))",-3.801,75,80,50,50
O_tau=0.8,3,3.352546e-02,1.604802e-01,"(0, (2, 2, 2, 2, 3))",-3.634,72,79,49,49
O_tau=0.8,3,3.405173e-02,1.603880e-01,"(0, (2, 2, 2, 2, 3))",-3.469,70,78,48,48
O_tau=0.8,3,3.458625e-02,1.602945e-01,"(0, (2, 2, 2, 2, 3))",-3.307,69,77,47,47
O_tau=0.8,3,3.512916e-02,1.601996e-01,"(0, (2, 2, 2, 2, 3))",-3.147,68,77,46,46
O_tau=0.8,3,3.568060e-02,1.601035e-01,"(0, (2, 2, 2, 2, 3))",-2.990,67,76,46,46
O_tau=0.8,3,3.624069e-02,1.600060e-01,"(0, (2, 2, 2, 2, 3))",-2.836,67,74,45,45
O_tau=0.8,3,3.680957e-02,1.599071e-01,"(0, (2, 2, 2, 2, 3))",-2.684,66,70,44,44
O_tau=0.8,3,3.738739e-02,1.598068e-01,"(0, (2, 2, 2, 2, 3))",-2.534,64,70,43,43
O_tau=0.8,3,3.797427e-02,1.597051e-01,"(0, (2, 2, 2, 2, 3))",-2.386,62,69,43,43
O_tau=0.8,3,3.857037e-02,1.596020e-01,"(0, (2, 2, 2, 2, 3))",-2.241,60,68,42,42
O_tau=0.8,3,3.917582e-02,1.594975e-01,"(0, (2, 2, 2, 2, 3))",-2.098,60,67,41,41
O_tau=0.8,3,3.979078e-02,1.593915e-01,"(0, (2, 2, 2, 2, 3))",-1.958,60,67,40,40
O_tau=0.8,3,4.041539e-02,1.592840e-01,"(0, (2, 2, 2, 2, 3))",-1.820,60,67,40,40
O_tau=0.8,3,4.104981e-02,1.591751e-01,"(0, (2, 2, 2, 2, 3))",-1.683,58,67,39,39
O_tau=0.8,3,4.169418e-02,1.590646e-01,"(0, (2, 2, 2, 2, 3))",-1.549,58,67,38,38
O_tau=0.8,3,4.234867e-02,1.589526e-01,"(0, (2, 2, 2, 2, 3))",-1.417,58,67,38,38
O_tau=0.8,3,4.301344e-02,1.588390e-01,"(0, (2, 2, 2, 2, 3))",-1.288,58,69,37,37
O_tau=0.8,3,4.368864e-02,1.587239e-01,"(0, (2, 2, 2, 2, 3))",-1.160,58,77,36,36
O_tau=0.8,3,4.437443e-02,1.586072e-01,"(0, (2, 2, 2, 2, 3))",-1.034,60,,36,36
O_tau=0.8,3,4.507100e-02,1.584890e-01,"(0, (2, 2, 2, 2, 3))",-0.910,64,,35,35
O_tau=0.8,3,4.577849e-02,1.583690e-01,"(0, (2, 2, 2, 2, 3))",-0.789,,,34,34
O_tau=0.8,3,4.649710e-02,1.582475e-01,"(0, (2, 2, 2, 2, 3))",-0.669,,,34,34
O_tau=0.8,3,4.722698e-02,1.581243e-01,"(0, (2, 2, 2, 2, 3))",-0.551,,,33,33
O_tau=0.8,3,4.796832e-02,1.579994e-01,"(0, (2, 2, 2, 2, 3))",-0.435,,,32,32
O_tau=0.8,3,4.872130e-02,1.578728e-01,"(0, (2, 2, 2, 2, 3))",-0.320,,,32,32
O_tau=0.8,3,4.948609e-02,1.577445e-01,"(0, (2, 2, 2, 2, 3))",-0.208,,,31,31
O_tau=0.8,3,5.026290e-02,1.576144e-01,"(0, (2, 2, 2, 2, 3))",-0.097,,,31,31
O_tau=0.8,3,5.105189e-02,1.574826e-01,"(0, (2, 2, 2, 2, 3))",0.012,,,30,30
O_tau=0.8,3,5.185327e-02,1.573490e-01,"(0, (2, 2, 2, 2, 3))",0.119,,,30,30
O_tau=0.8,3,5.266724e-02,1.572137e-01,"(0, (2, 2, 2, 2, 3))",0.225,,,29,29
O_tau=0.8,3,5.349397e-02,1.570765e-01,"(0, (2, 2, 2, 2, 3))",0.328,,,28,28
O_tau=0.8,3,5.433369e-02,1.569374e-01,"(0, (2, 2, 2, 2, 3))",0.431,,,28,28
O_tau=0.8,3,5.518659e-02,1.567966e-01,"(0, (2, 2, 2, 2, 3))",0.531,,,27,27
O_tau=0.8,3,5.605287e-02,1.566538e-01,"(0, (2, 2, 2, 2, 3))",0.630,,,27,27
O_tau=0.8,3,5.693276e-02,1.565091e-01,"(0, (2, 2, 2, 2, 3))",0.728,,,26,26
O_tau=0.8,3,5.782645e-02,1.563625e-01,"(0, (2, 2, 2, 2, 3))",0.824,,,26,26
O_tau=0.8,3,5.873418e-02,1.562140e-01,"(0, (2, 2, 2, 2, 3))",0.918,,,25,25
O_tau=0.8,3,5.965615e-02,1.560635e-01,"(0, (2, 2, 2, 2, 3))",1.011,,,25,25
O_tau=0.8,3,6.059259e-02,1.559111e-01,"(0, (2, 2, 2, 2, 3))",1.102,,,25,25
O_tau=0.8,3,6.154374e-02,1.557566e-01,"(0, (2, 2, 2, 2, 3))",1.192,,,24,24
O_tau=0.8,3,6.250982e-02,1.556001e-01,"(0, (2, 2, 2, 2, 3))",1.281,,,24,24
O_tau=0.8,3,6.349106e-02,1.554415e-01,"(0, (2, 2, 2, 2, 3))",1.368,,,23,23
O_tau=0.8,3,6.448770e-02,1.552809e-01,"(0, (2, 2, 2, 2, 3))",1.454,,,23,23
O_tau=0.8,3,6.549999e-02,1.551182e-01,"(0, (2, 2, 2, 2, 3))",1.538,,,23,23
O_tau=0.8,3,6.652817e-02,1.549534e-01,"(0, (2, 2, 2, 2, 3))",1.621,,,22,22
O_tau=0.8,3,6.757249e-02,1.547865e-01,"(0, (2, 2, 2, 2, 3))",1.703,,,22,22
O_tau=0.8,3,6.863320e-02,1.546174e-01,"(0, (2, 2, 2, 2, 3))",1.783,,,22,22
O_tau=0.8,3,6.971056e-02,1.544461e-01,"(0, (2, 2, 2, 2, 3))",1.862,,,21,21
O_tau=0.8,3,7.080483e-02,1.542727e-01,"(0, (2, 2, 2, 2, 3))",1.940,,,21,21
O_tau=0.8,3,7.191628e-02,1.540970e-01,"(0, (2, 2, 2, 2, 3))",2.017,,,21,21
O_tau=0.8,3,7.304518e-02,1.539190e-01,"(0, (2, 2, 2, 2, 3))",2.092,,,20,20
O_tau=0.8,3,7.419180e-02,1.537388e-01,"(0, (2, 2, 2, 2, 3))",2.166,,,20,20
O_tau=0.8,3,7.535642e-02,1.535564e-01,"(0, (2, 2, 2, 2, 3))",2.239,,,20,20
O_tau=0.8,3,7.653932e-02,1.533716e-01,"(0, (2, 2, 2, 2, 3))",2.311,,,19,19
O_tau=0.8,3,7.774078e-02,1.531845e-01,"(0, (2, 2, 2, 2, 3))",2.382,,,19,19
O_tau=0.8,3,7.896111e-02,1.529950e-01,"(0, (2, 2, 2, 2, 3))",2.451,,,18,18
O_tau=0.8,3,8.020060e-02,1.528031e-01,"(0, (2, 2, 2, 2, 3))",2.520,,,18,18
O_tau=0.8,3,8.145954e-02,1.526089e-01,"(0, (2, 2, 2, 2, 3))",2.587,,,18,18
O_tau=0.8,3,8.273824e-02,1.524122e-01,"(0, (2, 2, 2, 2, 3))",2.654,,,17,17
O_tau=0.8,3,8.403701e-02,1.522131e-01,"(0, (2, 2, 2, 2, 3))",2.719,,,17,17
O_tau=0.8,3,8.535617e-02,1.520116e-01,"(0, (2, 2, 2, 2, 3))",2.783,,,17,17
O_tau=0.8,3,8.669604e-02,1.518075e-01,"(0, (2, 2, 2, 2, 3))",2.846,,,16,16
O_tau=0.8,3,8.805694e-02,1.516010e-01,"(0, (2, 2, 2, 2, 3))",2.908,,,16,16
O_tau=0.8,3,8.943921e-02,1.513919e-01,"(0, (2, 2, 2, 2, 3))",2.970,,,16,16
O_tau=0.8,3,9.084317e-02,1.511802e-01,"(0, (2, 2, 2, 2, 3))",3.030,,,16,16
O_tau=0.8,3,9.226917e-02,1.509660e-01,"(0, (2, 2, 2, 2, 3))",3.089,,,15,15
O_tau=0.8,3,9.371756e-02,1.507492e-01,"(0, (2, 2, 2, 2, 3))",3.147,,,15,15
O_tau=0.8,3,9.518868e-02,1.505297e-01,"(0, (2, 2, 2, 2, 3))",3.205,,,15,15
O_tau=0.8,3,9.668289e-02,1.503077e-01,"(0, (2, 2, 2, 2, 3))",3.261,,,14,14
O_tau=0.8,3,9.820056e-02,1.500829e-01,"(0, (2, 2, 2, 2, 3))",3.317,,,14,14
O_tau=0.8,3,9.974205e-02,1.498555e-01,"(0, (2, 2, 2, 2, 3))",3.371,,,14,14
O_tau=0.8,3,1.013077e-01,1.496254e-01,"(0, (2, 2, 2, 2, 3))",3.425,,,13,13
O_tau=0.8,3,1.028980e-01,1.493925e-01,"(0, (2, 2, 2, 2, 3))",3.478,,,13,13
O_tau=0.8,3,1.045132e-01,1.491569e-01,"(0, (2, 2, 2, 2, 3))",3.530,,,13,13
O_tau=0.8,3,1.061538e-01,1.489185e-01,"(0, (2, 2, 2, 2, 3))",3.581,,,13,13
O_tau=0.8,3,1.078202e-01,1.486773e-01,"(0, (2, 2, 2, 2, 3))",3.632,,,13,13
O_tau=0.8,3,1.095127e-01,1.484333e-01,"(0, (2, 2, 2, 2, 3))",3.681,,,12,12
O_tau=0.8,3,1.112317e-01,1.481864e-01,"(0, (2, 2, 2, 2, 3))",3.730,,,12,12
O_tau=0.8,3,1.129778e-01,1.479367e-01,"(0, (2, 2, 2, 2, 3))",3.778,,,12,12
O_tau=0.8,3,1.147512e-01,1.476841e-01,"(0, (2, 2, 2, 2, 3))",3.825,,,12,12
O_tau=0.8,3,1.165525e-01,1.474286e-01,"(0, (2, 2, 2, 2, 3))",3.872,,,12,12
O_tau=0.8,3,1.183821e-01,1.471702e-01,"(0, (2, 2, 2, 2, 3))",3.918,,,12,12
O_tau=0.8,3,1.202404e-01,1.469088e-01,"(0, (2, 2, 2, 2, 3))",3.963,,,11,11
O_tau=0.8,3,1.221278e-01,1.466445e-01,"(0, (2, 2, 2, 2, 3))",4.007,,,11,11
O_tau=0.8,3,1.240449e-01,1.463771e-01,"(0, (2, 2, 2, 2, 3))",4.051,,,11,11
O_tau=0.8,3,1.259921e-01,1.461068e-01,"(0, (2, 2, 2, 2, 3))",4.094,,,11,11
O_tau=0.8,3,1.279699e-01,1.458334e-01,"(0, (2, 2, 2, 2, 3))",4.136,,,11,11
O_tau=0.8,3,1.299786e-01,1.455570e-01,"(0, (2, 2, 2, 2, 3))",4.177,,,10,10
O_tau=0.8,3,1.320190e-01,1.452776e-01,"(0, (2, 2, 2, 2, 3))",4.218,,,10,10
O_tau=0.8,3,1.340913e-01,1.449950e-01,"(0, (2, 2, 2, 2, 3))",4.259,,,10,10
O_tau=0.8,3,1.361962e-01,1.447093e-01,"(0, (2, 2, 2, 2, 3))",4.298,,,10,10
O_tau=0.8,3,1.383341e-01,1.444205e-01,"(0, (2, 2, 2, 2, 3))",4.337,,,10,10
O_tau=0.8,3,1.405056e-01,1.441286e-01,"(0, (2, 2, 2, 2, 3))",4.375,,,9,9
O_tau=0.8,3,1.427112e-01,1.438335e-01,"(0, (2, 2, 2, 2, 3))",4.413,,,9,9
O_tau=0.8,3,1.449514e-01,1.435352e-01,"(0, (2, 2, 2, 2, 3))",4.450,,,9,9
O_tau=0.8,3,1.472267e-01,1.432336e-01,"(0, (2, 2, 2, 2, 3))",4.487,,,9,9
O_tau=0.8,3,1.495378e-01,1.429289e-01,"(0, (2, 2, 2, 2, 3))",4.523,,,9,9
O_tau=0.8,3,1.518852e-01,1.426210e-01,"(0, (2, 2, 2, 2, 3))",4.558,,,9,9
O_tau=0.8,3,1.542694e-01,1.423097e-01,"(0, (2, 2, 2, 2, 3))",4.593,,,9,9
O_tau=0.8,3,1.566910e-01,1.419952e-01,"(0, (2, 2, 2, 2, 3))",4.627,,,9,9
O_tau=0.8,3,1.591506e-01,1.416774e-01,"(0, (2, 2, 2, 2, 3))",4.661,,,8,8
O_tau=0.8,3,1.616489e-01,1.413563e-01,"(0, (2, 2, 2, 2, 3))",4.694,,,8,8
O_tau=0.8,3,1.641863e-01,1.410319e-01,"(0, (2, 2, 2, 2, 3))",4.727,,,8,8
O_tau=0.8,3,1.667636e-01,1.407042e-01,"(0, (2, 2, 2, 2, 3))",4.759,,,8,8
O_tau=0.8,3,1.693814e-01,1.403730e-01,"(0, (2, 2, 2, 2, 3))",4.790,,,8,8
O_tau=0.8,3,1.720402e-01,1.400385e-01,"(0, (2, 2, 2, 2, 3))",4.822,,,8,8
O_tau=0.8,3,1.747408e-01,1.397007e-01,"(0, (2, 2, 2, 2, 3))",4.852,,,7,7
O_tau=0.8,3,1.774838e-01,1.393594e-01,"(0, (2, 2, 2, 2, 3))",4.882,,,7,7
O_tau=0.8,3,1.802698e-01,1.390147e-01,"(0, (2, 2, 2, 2, 3))",4.912,,,7,7
O_tau=0.8,3,1.830996e-01,1.386665e-01,"(0, (2, 2, 2, 2, 3))",4.941,,,7,7
O_tau=0.8,3,1.859738e-01,1.383149e-01,"(0, (2, 2, 2, 2, 3))",4.970,,,7,7
O_tau=0.8,3,1.888931e-01,1.379599e-01,"(0, (2, 2, 2, 2, 3))",4.998,,,7,7
O_tau=0.8,3,1.918582e-01,1.376014e-01,"(0, (2, 2, 2, 2, 3))",5.026,,,6,6
O_tau=0.8,3,1.948699e-01,1.372394e-01,"(0, (2, 2, 2, 2, 3))",5.053,,,6,6
O_tau=0.8,3,1.979288e-01,1.368739e-01,"(0, (2, 2, 2, 2, 3))",5.080,,,6,6
O_tau=0.8,3,2.010358e-01,1.365048e-01,"(0, (2, 2, 2, 2, 3))",5.107,,,6,6
O_tau=0.8,3,2.041915e-01,1.361323e-01,"(0, (2, 2, 2, 2, 3))",5.133,,,6,6
O_tau=0.8,3,2.073968e-01,1.357562e-01,"(0, (2, 2, 2, 2, 3))",5.159,,,6,6
O_tau=0.8,3,2.106524e-01,1.353766e-01,"(0, (2, 2, 2, 2, 3))",5.184,,,6,6
O_tau=0.8,3,2.139591e-01,1.349935e-01,"(0, (2, 2, 2, 2, 3))",5.209,,,6,6
O_tau=0.8,3,2.173177e-01,1.346068e-01,"(0, (2, 2, 2, 2, 3))",5.233,,,6,6
O_tau=0.8,3,2.207290e-01,1.342165e-01,"(0, (2, 2, 2, 2, 3))",5.258,,,6,6
O_tau=0.8,3,2.241939e-01,1.338226e-01,"(0, (2, 2, 2, 2, 3))",5.281,,,5,5
O_tau=0.8,3,2.277131e-01,1.334251e-01,"(0, (2, 2, 2, 2, 3))",5.305,,,5,5
O_tau=0.8,3,2.312876e-01,1.330241e-01,"(0, (2, 2, 2, 2, 3))",5.328,,,5,5
O_tau=0.8,3,2.349183e-01,1.326194e-01,"(0, (2, 2, 2, 2, 3))",5.351,,,5,5
O_tau=0.8,3,2.386059e-01,1.322112e-01,"(0, (2, 2, 2, 2, 3))",5.373,,,5,5
O_tau=0.8,3,2.423513e-01,1.317993e-01,"(0, (2, 2, 2, 2, 3))",5.395,,,5,5
O_tau=0.8,3,2.461556e-01,1.313838e-01,"(0, (2, 2, 2, 2, 3))",5.417,,,5,5
O_tau=0.8,3,2.500196e-01,1.309646e-01,"(0, (2, 2, 2, 2, 3))",5.438,,,5,5
O_tau=0.8,3,2.539443e-01,1.305419e-01,"(0, (2, 2, 2, 2, 3))",5.459,,,5,5
O_tau=0.8,3,2.579305e-01,1.301155e-01,"(0, (2, 2, 2, 2, 3))",5.480,,,5,5
O_tau=0.8,3,2.619794e-01,1.296855e-01,"(0, (2, 2, 2, 2, 3))",5.500,,,5,5
O_tau=0.8,3,2.660918e-01,1.292518e-01,"(0, (2, 2, 2, 2, 3))",5.520,,,5,5
O_tau=0.8,3,2.702687e-01,1.288145e-01,"(0, (2, 2, 2, 2, 3))",5.540,,,5,5
O_tau=0.8,3,2.745112e-01,1.283735e-01,"(0, (2, 2, 2, 2, 3))",5.559,,,4,4
O_tau=0.8,3,2.788203e-01,1.279289e-01,"(0, (2, 2, 2, 2, 3))",5.579,,,4,4
O_tau=0.8,3,2.831971e-01,1.274807e-01,"(0, (2, 2, 2, 2, 3))",5.598,,,4,4
O_tau=0.8,3,2.876426e-01,1.270288e-01,"(0, (2, 2, 2, 2, 3))",5.616,,,4,4
O_tau=0.8,3,2.921578e-01,1.265733e-01,"(0, (2, 2, 2, 2, 3))",5.635,,,4,4
O_tau=0.8,3,2.967439e-01,1.261141e-01,"(0, (2, 2, 2, 2, 3))",5.653,,,4,4
O_tau=0.8,3,3.014020e-01,1.256513e-01,"(0, (2, 2, 2, 2, 3))",5.671,,,4,4
O_tau=0.8,3,3.061332e-01,1.251848e-01,"(0, (2, 2, 2, 2, 3))",5.688,,,4,4
O_tau=0.8,3,3.109387e-01,1.247147e-01,"(0, (2, 2, 2, 2, 3))",5.706,,,4,4
O_tau=0.8,3,3.158196e-01,1.242410e-01,"(0, (2, 2, 2, 2, 3))",5.723,,,,4
O_tau=0.8,3,3.207772e-01,1.237637e-01,"(0, (2, 2, 2, 2, 3))",5.740,,,,4
O_tau=0.8,3,3.258126e-01,1.232827e-01,"(0, (2, 2, 2, 2, 3))",5.756,,,,4
O_tau=0.8,3,3.309270e-01,1.227981e-01,"(0, (2, 2, 2, 2, 3))",5.773,,,,3
O_tau=0.8,3,3.361217e-01,1.223100e-01,"(0, (2, 2, 2, 2, 3))",5.789,,,,3
O_tau=0.8,3,3.413979e-01,1.218182e-01,"(0, (2, 2, 2, 2, 3))",5.805,,,,3
O_tau=0.8,3,3.467569e-01,1.213228e-01,"(0, (2, 2, 2, 2, 3))",5.820,,,,3
O_tau=0.8,3,3.522001e-01,1.208239e-01,"(0, (2, 2, 2, 2, 3))",5.836,,,,3
O_tau=0.8,3,3.577287e-01,1.203213e-01,"(0, (2, 2, 2, 2, 3))",5.851,,,,3
O_tau=0.8,3,3.633441e-01,1.198152e-01,"(0, (2, 2, 2, 2, 3))",5.866,,,,3
O_tau=0.8,3,3.690477e-01,1.193056e-01,"(0, (2, 2, 2, 2, 3))",5.881,,,,3
O_tau=0.8,3,3.748408e-01,1.187924e-01,"(0, (2, 2, 2, 2, 3))",5.896,,,,2
O_tau=0.8,3,3.807248e-01,1.182757e-01,"(0, (2, 2, 2, 2, 3))",5.911,,,,2
O_tau=0.8,3,3.867012e-01,1.177555e-01,"(0, (2, 2, 2, 2, 3))",5.925,,,,2
O_tau=0.8,3,3.927714e-01,1.172318e-01,"(0, (2, 2, 2, 2, 3))",5.939,,,,2
O_tau=0.8,3,3.989369e-01,1.167046e-01,"(0, (2, 2, 2, 2, 3))",5.953,,,,2
O_tau=0.8,3,4.051991e-01,1.161739e-01,"(0, (2, 2, 2, 2, 3))",5.967,,,,2
O_tau=0.8,3,4.115597e-01,1.156397e-01,"(0, (2, 2, 2, 2, 3))",5.981,,,,2
O_tau=0.8,3,4.180201e-01,1.151022e-01,"(0, (2, 2, 2, 2, 3))",5.994,,,,2
O_tau=0.8,3,4.245820e-01,1.145612e-01,"(0, (2, 2, 2, 2, 3))",6.008,,,,2
O_tau=0.8,3,4.312468e-01,1.140168e-01,"(0, (2, 2, 2, 2, 3))",6.021,,,,2
O_tau=0.8,3,4.380162e-01,1.134690e-01,"(0, (2, 2, 2, 2, 3))",6.034,,,,2
O_tau=0.8,3,4.448919e-01,1.129179e-01,"(0, (2, 2, 2, 2, 3))",6.047,,,,2
O_tau=0.8,3,4.518756e-01,1.123634e-01,"(0, (2, 2, 2, 2, 3))",6.060,,,,2
O_tau=0.8,3,4.589688e-01,1.118056e-01,"(0, (2, 2, 2, 2, 3))",6.072,,,,2
O_tau=0.8,3,4.661735e-01,1.112445e-01,"(0, (2, 2, 2, 2, 3))",6.085,,,,2
O_tau=0.8,3,4.734912e-01,1.106801e-01,"(0, (2, 2, 2, 2, 3))",6.097,,,,2
O_tau=0.8,3,4.809237e-01,1.101124e-01,"(0, (2, 2, 2, 2, 3))",6.109,,,,2
O_tau=0.8,3,4.884730e-01,1.095416e-01,"(0, (2, 2, 2, 2, 3))",6.122,,,,2
O_tau=0.8,3,4.961407e-01,1.089675e-01,"(0, (2, 2, 2, 2, 3))",6.134,,,,2
O_tau=0.8,3,5.039289e-01,1.083903e-01,"(0, (2, 2, 2, 2, 3))",6.146,,,,2
O_tau=0.8,3,5.118392e-01,1.078099e-01,"(0, (2, 2, 2, 2, 3))",6.157,,,,2
O_tau=0.8,3,5.198738e-01,1.072263e-01,"(0, (2, 2, 2, 2, 3))",6.169,,,,2
O_tau=0.8,3,5.280344e-01,1.066397e-01,"(0, (2, 2, 2, 2, 3))",6.181,,,,2
O_tau=0.8,3,5.363232e-01,1.060500e-01,"(0, (2, 2, 2, 2, 3))",6.192,,,,2
O_tau=0.8,3,5.447421e-01,1.054573e-01,"(0, (2, 2, 2, 2, 3))",6.204,,,,2
O_tau=0.8,3,5.532931e-01,1.048615e-01,"(0, (2, 2, 2, 2, 3))",6.215,,,,2
O_tau=0.8,3,5.619783e-01,1.042628e-01,"(0, (2, 2, 2, 2, 3))",6.227,,,,2
O_tau=0.8,3,5.707999e-01,1.036612e-01,"(0, (2, 2, 2, 2, 3))",6.238,,,,2
O_tau=0.8,3,5.797600e-01,1.030566e-01,"(0, (2, 2, 2, 2, 3))",6.249,,,,2
O_tau=0.8,3,5.888607e-01,1.024491e-01,"(0, (2, 2, 2, 2, 3))",6.260,,,,2
O_tau=0.8,3,5.981043e-01,1.018388e-01,"(0, (2, 2, 2, 2, 3))",6.507,,,,2
O_tau=0.8,3,6.074930e-01,1.012257e-01,"(0, (2, 2, 2, 2, 3))",6.524,,,,2
O_tau=0.8,3,6.170290e-01,1.006099e-01,"(0, (2, 2, 2, 2, 3))",6.542,,,,2
O_tau=0.8,3,6.267148e-01,9.999124e-02,"(0, (2, 2, 2, 2, 3))",6.560,,,,2
O_tau=0.8,3,6.365525e-01,9.936993e-02,"(0, (2, 2, 2, 2, 3))",6.578,,,,2
O_tau=0.8,3,6.465448e-01,9.874594e-02,"(0, (2, 2, 2, 2, 3))",6.597,,,,1
O_tau=0.8,3,6.566938e-01,9.811934e-02,"(0, (2, 2, 2, 2, 3))",6.615,,,,1
O_tau=0.8,3,6.670022e-01,9.749015e-02,"(0, (2, 2, 2, 2, 3))",6.634,,,,1
O_tau=0.8,3,6.774724e-01,9.685841e-02,"(0, (2, 2, 2, 2, 3))",6.654,,,,1
O_tau=0.8,3,6.881069e-01,9.622417e-02,"(0, (2, 2, 2, 2, 3))",6.673,,,,1
O_tau=0.8,3,6.989084e-01,9.558747e-02,"(0, (2, 2, 2, 2, 3))",6.693,,,,1
O_tau=0.8,3,7.098795e-01,9.494835e-02,"(0, (2, 2, 2, 2, 3))",6.713,,,,1
O_tau=0.8,3,7.210227e-01,9.430685e-02,"(0, (2, 2, 2, 2, 3))",6.734,,,,1
O_tau=0.8,3,7.323409e-01,9.366302e-02,"(0, (2, 2, 2, 2, 3))",6.755,,,,1
O_tau=0.8,3,7.438367e-01,9.301690e-02,"(0, (2, 2, 2, 2, 3))",6.776,,,,1
O_tau=0.8,3,7.555130e-01,9.236854e-02,"(0, (2, 2, 2, 2, 3))",6.798,,,,1
O_tau=0.8,3,7.673726e-01,9.171798e-02,"(0, (2, 2, 2, 2, 3))",6.820,,,,1
O_tau=0.8,3,7.794184e-01,9.106527e-02,"(0, (2, 2, 2, 2, 3))",6.842,,,,1
O_tau=0.8,3,7.916532e-01,9.041045e-02,"(0, (2, 2, 2, 2, 3))",6.864,,,,1
O_tau=0.8,3,8.040801e-01,8.975358e-02,"(0, (2, 2, 2, 2, 3))",6.887,,,,1
O_tau=0.8,3,8.167020e-01,8.909471e-02,"(0, (2, 2, 2, 2, 3))",6.911,,,,1
O_tau=0.8,3,8.295221e-01,8.843388e-02,"(0, (2, 2, 2, 2, 3))",6.934,,,,1
O_tau=0.8,3,8.425434e-01,8.777114e-02,"(0, (2, 2, 2, 2, 3))",6.958,,,,1
O_tau=0.8,3,8.557692e-01,8.710654e-02,"(0, (2, 2, 2, 2, 3))",6.983,,,,1
O_tau=0.8,3,8.692025e-01,8.644014e-02,"(0, (2, 2, 2, 2, 3))",7.007,,,,1
O_tau=0.8,3,8.828467e-01,8.577199e-02,"(0, (2, 2, 2, 2, 3))",7.033,,,,1
O_tau=0.8,3,8.967051e-01,8.510214e-02,"(0, (2, 2, 2, 2, 3))",7.058,,,,1
O_tau=0.8,3,9.107810e-01,8.443065e-02,"(0, (2, 2, 2, 2, 3))",7.084,,,,1
O_tau=0.8,3,9.250779e-01,8.375756e-02,"(0, (2, 2, 2, 2, 3))",7.111,,,,1
O_tau=0.8,3,9.395992e-01,8.308294e-02,"(0, (2, 2, 2, 2, 3))",7.137,,,,1
O_tau=0.8,3,9.543485e-01,8.240684e-02,"(0, (2, 2, 2, 2, 3))",7.165,,,,1
O_tau=0.8,3,9.693293e-01,8.172931e-02,"(0, (2, 2, 2, 2, 3))",7.192,,,,1
O_tau=0.8,3,9.845452e-01,8.105042e-02,"(0, (2, 2, 2, 2, 3))",7.220,,,,1
O_tau=0.8,3,1.000000e+00,8.037022e-02,"(0, (2, 2, 2, 2, 3))",7.249,,,,1
O_tau=0.8,12,1.000000e-05,8.333153e-02,"(0, (2, 3, 4, 4))",-36403.003,,,,
O_tau=0.8,12,1.017818e-05,8.333150e-02,"(0, (2, 3, 4, 4))",-35765.578,,,,
O_tau=0.8,12,1.035953e-05,8.333146e-02,"(0, (2, 3, 4, 4))",-35139.312,,,,
O_tau=0.8,12,1.054412e-05,8.333143e-02,"(0, (2, 3, 4, 4))",-34524.010,,,,
O_tau=0.8,12,1.073199e-05,8.333140e-02,"(0, (2, 3, 4, 4))",-33919.479,,,,
O_tau=0.8,12,1.092322e-05,8.333136e-02,"(0, (2, 3, 4, 4))",-33325.531,,,,
O_tau=0.8,12,1.111784e-05,8.333133e-02,"(0, (2, 3, 4, 4))",-32741.981,,,,
O_tau=0.8,12,1.131594e-05,8.333129e-02,"(0, (2, 3, 4, 4))",-32168.646,,,,
O_tau=0.8,12,1.151757e-05,8.333125e-02,"(0, (2, 3, 4, 4))",-31605.349,,,,
O_tau=0.8,12,1.172279e-05,8.333122e-02,"(0, (2, 3, 4, 4))",-31051.912,,,,
O_tau=0.8,12,1.193166e-05,8.333118e-02,"(0, (2, 3, 4, 4))",-30508.164,,,,
O_tau=0.8,12,1.214426e-05,8.333114e-02,"(0, (2, 3, 4, 4))",-29973.935,,,,
O_tau=0.8,12,1.236065e-05,8.333110e-02,"(0, (2, 3, 4, 4))",-29449.059,,,,
O_tau=0.8,12,1.258089e-05,8.333106e-02,"(0, (2, 3, 4, 4))",-28933.370,,,,
O_tau=0.8,12,1.280505e-05,8.333102e-02,"(0, (2, 3, 4, 4))",-28426.710,,,,
O_tau=0.8,12,1.303321e-05,8.333098e-02,"(0, (2, 3, 4, 4))",-27928.919,,,,
O_tau=0.8,12,1.326544e-05,8.333094e-02,"(0, (2, 3, 4, 4))",-27439.843,,,,
O_tau=0.8,12,1.350180e-05,8.333090e-02,"(0, (2, 3, 4, 4))",-26959.328,,,,
O_tau=0.8,12,1.374238e-05,8.333085e-02,"(0, (2, 3, 4, 4))",-26487.226,,,,
O_tau=0.8,12,1.398724e-05,8.333081e-02,"(0, (2, 3, 4, 4))",-26023.388,,,,
O_tau=0.8,12,1.423646e-05,8.333076e-02,"(0, (2, 3, 4, 4))",-25567.670,,,,
O_tau=0.8,12,1.449012e-05,8.333072e-02,"(0, (2, 3, 4, 4))",-25119.930,,,,
O_tau=0.8,12,1.474831e-05,8.333067e-02,"(0, (2, 3, 4, 4))",-24680.029,,,,
O_tau=0.8,12,1.501109e-05,8.333062e-02,"(0, (2, 3, 4, 4))",-24247.828,,,,
O_tau=0.8,12,1.527856e-05,8.333057e-02,"(0, (2, 3, 4, 4))",-23823.193,,,,
O_tau=0.8,12,1.555079e-05,8.333053e-02,"(0, (2, 3, 4, 4))",-23405.992,,,,
O_tau=0.8,12,1.582787e-05,8.333048e-02,"(0, (2, 3, 4, 4))",-22996.095,,,,
O_tau=0.8,12,1.610989e-05,8.333042e-02,"(0, (2, 3, 4, 4))",-22593.374,,,,
O_tau=0.8,12,1.639694e-05,8.333037e-02,"(0, (2, 3, 4, 4))",-22197.702,,,,
O_tau=0.8,12,1.668910e-05,8.333032e-02,"(0, (2, 3, 4, 4))",-21808.957,,,,
O_tau=0.8,12,1.698646e-05,8.333027e-02,"(0, (2, 3, 4, 4))",-21427.018,,,,
O_tau=0.8,12,1.728913e-05,8.333021e-02,"(0, (2, 3, 4, 4))",-21051.765,,,,
O_tau=0.8,12,1.759718e-05,8.333016e-02,"(0, (2, 3, 4, 4))",-20683.082,,,,
O_tau=0.8,12,1.791073e-05,8.333010e-02,"(0, (2, 3, 4, 4))",-20320.852,,,,
O_tau=0.8,12,1.822986e-05,8.333004e-02,"(0, (2, 3, 4, 4))",-19964.964,,,,
O_tau=0.8,12,1.855468e-05,8.332998e-02,"(0, (2, 3, 4, 4))",-19615.306,,,,
O_tau=0.8,12,1.888529e-05,8.332992e-02,"(0, (2, 3, 4, 4))",-19271.769,,,,
O_tau=0.8,12,1.922178e-05,8.332986e-02,"(0, (2, 3, 4, 4))",-18934.246,,,,
O_tau=0.8,12,1.956428e-05,8.332980e-02,"(0, (2, 3, 4, 4))",-18602.632,,,,
O_tau=0.8,12,1.991287e-05,8.332974e-02,"(0, (2, 3, 4, 4))",-18276.824,,,,
O_tau=0.8,12,2.026768e-05,8.332967e-02,"(0, (2, 3, 4, 4))",-17956.719,,,,
O_tau=0.8,12,2.062881e-05,8.332961e-02,"(0, (2, 3, 4, 4))",-17642.218,,,,
O_tau=0.8,12,2.099637e-05,8.332954e-02,"(0, (2, 3, 4, 4))",-17333.222,,,,
O_tau=0.8,12,2.137048e-05,8.332948e-02,"(0, (2, 3, 4, 4))",-17029.636,,,,
O_tau=0.8,12,2.175126e-05,8.332941e-02,"(0, (2, 3, 4, 4))",-16731.365,,,,
O_tau=0.8,12,2.213882e-05,8.332934e-02,"(0, (2, 3, 4, 4))",-16438.315,,,,
O_tau=0.8,12,2.253329e-05,8.332927e-02,"(0, (2, 3, 4, 4))",-16150.395,,,,
O_tau=0.8,12,2.293479e-05,8.332919e-02,"(0, (2, 3, 4, 4))",-15867.516,,,,
O_tau=0.8,12,2.334344e-05,8.332912e-02,"(0, (2, 3, 4, 4))",-15589.589,,,,
O_tau=0.8,12,2.375937e-05,8.332904e-02,"(0, (2, 3, 4, 4))",-15316.527,,,,
O_tau=0.8,12,2.418271e-05,8.332897e-02,"(0, (2, 3, 4, 4))",-15048.246,,,,
O_tau=0.8,12,2.461360e-05,8.332889e-02,"(0, (2, 3, 4, 4))",-14784.661,,,,
O_tau=0.8,12,2.505216e-05,8.332881e-02,"(0, (2, 3, 4, 4))",-14525.691,,,,
O_tau=0.8,12,2.549854e-05,8.332873e-02,"(0, (2, 3, 4, 4))",-14271.254,,,,
O_tau=0.8,12,2.595287e-05,8.332865e-02,"(0, (2, 3, 4, 4))",-14021.271,,,,
O_tau=0.8,12,2.641530e-05,8.332856e-02,"(0, (2, 3, 4, 4))",-13775.665,,,,
O_tau=0.8,12,2.688596e-05,8.332848e-02,"(0, (2, 3, 4, 4))",-13534.359,,,,
O_tau=0.8,12,2.736502e-05,8.332839e-02,"(0, (2, 3, 4, 4))",-13297.276,,,,
O_tau=0.8,12,2.785260e-05,8.332830e-02,"(0, (2, 3, 4, 4))",-13064.345,,,,
O_tau=0.8,12,2.834888e-05,8.332822e-02,"(0, (2, 3, 4, 4))",-12835.491,,,,
O_tau=0.8,12,2.885400e-05,8.332812e-02,"(0, (2, 3, 4, 4))",-12610.643,,,,
O_tau=0.8,12,2.936812e-05,8.332803e-02,"(0, (2, 3, 4, 4))",-12389.732,,,,
O_tau=0.8,12,2.989140e-05,8.332794e-02,"(0, (2, 3, 4, 4))",-12172.688,,,,
O_tau=0.8,12,3.042400e-05,8.332784e-02,"(0, (2, 3, 4, 4))",-11959.443,,,,
O_tau=0.8,12,3.096609e-05,8.332774e-02,"(0, (2, 3, 4, 4))",-11749.932,,,,
O_tau=0.8,12,3.151784e-05,8.332764e-02,"(0, (2, 3, 4, 4))",-11544.089,,,,
O_tau=0.8,12,3.207943e-05,8.332754e-02,"(0, (2, 3, 4, 4))",-11341.849,,,,
O_tau=0.8,12,3.265102e-05,8.332744e-02,"(0, (2, 3, 4, 4))",-11143.149,,,,
O_tau=0.8,12,3.323279e-05,8.332733e-02,"(0, (2, 3, 4, 4))",-10947.928,,,,
O_tau=0.8,12,3.382493e-05,8.332723e-02,"(0, (2, 3, 4, 4))",-10756.125,,,,
O_tau=0.8,12,3.442762e-05,8.332712e-02,"(0, (2, 3, 4, 4))",-10567.680,,,,
O_tau=0.8,12,3.504105e-05,8.332701e-02,"(0, (2, 3, 4, 4))",-10382.533,,,,
O_tau=0.8,12,3.566541e-05,8.332689e-02,"(0, (2, 3, 4, 4))",-10200.628,,,,
O_tau=0.8,12,3.630089e-05,8.332678e-02,"(0, (2, 3, 4, 4))",-10021.907,,,,
O_tau=0.8,12,3.694770e-05,8.332666e-02,"(0, (2, 3, 4, 4))",-9846.315,,,,
O_tau=0.8,12,3.760603e-05,8.332654e-02,"(0, (2, 3, 4, 4))",-9673.797,,,,
O_tau=0.8,12,3.827609e-05,8.332642e-02,"(0, (2, 3, 4, 4))",-9504.299,,,,
O_tau=0.8,12,3.895809e-05,8.332630e-02,"(0, (2, 3, 4, 4))",-9337.769,,,,
O_tau=0.8,12,3.965225e-05,8.332617e-02,"(0, (2, 3, 4, 4))",-9174.153,,,,
O_tau=0.8,12,4.035877e-05,8.332605e-02,"(0, (2, 3, 4, 4))",-9013.402,,,,
O_tau=0.8,12,4.107788e-05,8.332592e-02,"(0, (2, 3, 4, 4))",-8855.466,,,,
O_tau=0.8,12,4.180980e-05,8.332579e-02,"(0, (2, 3, 4, 4))",-8700.294,,,,
O_tau=0.8,12,4.255477e-05,8.332565e-02,"(0, (2, 3, 4, 4))",-8547.839,,,,
O_tau=0.8,12,4.331300e-05,8.332551e-02,"(0, (2, 3, 4, 4))",-8398.052,,,,
O_tau=0.8,12,4.408475e-05,8.332537e-02,"(0, (2, 3, 4, 4))",-8250.888,,,,
O_tau=0.8,12,4.487025e-05,8.332523e-02,"(0, (2, 3, 4, 4))",-8106.300,,,,
O_tau=0.8,12,4.566975e-05,8.332509e-02,"(0, (2, 3, 4, 4))",-7964.244,,,,
O_tau=0.8,12,4.648349e-05,8.332494e-02,"(0, (2, 3, 4, 4))",-7824.674,,,,
O_tau=0.8,12,4.731173e-05,8.332479e-02,"(0, (2, 3, 4, 4))",-7687.548,,,,
O_tau=0.8,12,4.815472e-05,8.332464e-02,"(0, (2, 3, 4, 4))",-7552.822,,,,
O_tau=0.8,12,4.901274e-05,8.332449e-02,"(0, (2, 3, 4, 4))",-7420.455,,,,
O_tau=0.8,12,4.988605e-05,8.332433e-02,"(0, (2, 3, 4, 4))",-7290.405,,,,
O_tau=0.8,12,5.077491e-05,8.332417e-02,"(0, (2, 3, 4, 4))",-7162.632,,,,
O_tau=0.8,12,5.167962e-05,8.332400e-02,"(0, (2, 3, 4, 4))",-7037.096,,,,
O_tau=0.8,12,5.260044e-05,8.332384e-02,"(0, (2, 3, 4, 4))",-6913.757,,,,
O_tau=0.8,12,5.353767e-05,8.332367e-02,"(0, (2, 3, 4, 4))",-6792.578,,,,
O_tau=0.8,12,5.449160e-05,8.332350e-02,"(0, (2, 3, 4, 4))",-6673.520,,,,
O_tau=0.8,12,5.546253e-05,8.332332e-02,"(0, (2, 3, 4, 4))",-6556.547,,,,
O_tau=0.8,12,5.645076e-05,8.332314e-02,"(0, (2, 3, 4, 4))",-6441.621,,,,
O_tau=0.8,12,5.745660e-05,8.332296e-02,"(0, (2, 3, 4, 4))",-6328.707,,,,
O_tau=0.8,12,5.848035e-05,8.332278e-02,"(0, (2, 3, 4, 4))",-6217.770,,,,
O_tau=0.8,12,5.952235e-05,8.332259e-02,"(0, (2, 3, 4, 4))",-6108.775,,,,
O_tau=0.8,12,6.058292e-05,8.332240e-02,"(0, (2, 3, 4, 4))",-6001.688,,,,
O_tau=0.8,12,6.166238e-05,8.332220e-02,"(0, (2, 3, 4, 4))",-5896.476,,,,
O_tau=0.8,12,6.276108e-05,8.332200e-02,"(0, (2, 3, 4, 4))",-5793.106,,,,
O_tau=0.8,12,6.387935e-05,8.332180e-02,"(0, (2, 3, 4, 4))",-5691.546,,,,
O_tau=0.8,12,6.501755e-05,8.332160e-02,"(0, (2, 3, 4, 4))",-5591.763,,,,
O_tau=0.8,12,6.617603e-05,8.332139e-02,"(0, (2, 3, 4, 4))",-5493.727,,,,
O_tau=0.8,12,6.735515e-05,8.332117e-02,"(0, (2, 3, 4, 4))",-5397.408,,,,
O_tau=0.8,12,6.855528e-05,8.332096e-02,"(0, (2, 3, 4, 4))",-5302.775,,,,
O_tau=0.8,12,6.977679e-05,8.332074e-02,"(0, (2, 3, 4, 4))",-5209.799,,,,
O_tau=0.8,12,7.102007e-05,8.332051e-02,"(0, (2, 3, 4, 4))",-5118.450,,,,
O_tau=0.8,12,7.228550e-05,8.332029e-02,"(0, (2, 3, 4, 4))",-5028.700,,,,
O_tau=0.8,12,7.357348e-05,8.332005e-02,"(0, (2, 3, 4, 4))",-4940.522,,,,
O_tau=0.8,12,7.488441e-05,8.331982e-02,"(0, (2, 3, 4, 4))",-4853.888,,,,
O_tau=0.8,12,7.621869e-05,8.331958e-02,"(0, (2, 3, 4, 4))",-4768.770,,,,
O_tau=0.8,12,7.757675e-05,8.331933e-02,"(0, (2, 3, 4, 4))",-4685.142,,,,
O_tau=0.8,12,7.895901e-05,8.331908e-02,"(0, (2, 3, 4, 4))",-4602.978,,,,
O_tau=0.8,12,8.036590e-05,8.331883e-02,"(0, (2, 3, 4, 4))",-4522.253,,,,
O_tau=0.8,12,8.179785e-05,8.331857e-02,"(0, (2, 3, 4, 4))",-4442.941,,,,
O_tau=0.8,12,8.325532e-05,8.331831e-02,"(0, (2, 3, 4, 4))",-4365.018,,,,
O_tau=0.8,12,8.473876e-05,8.331804e-02,"(0, (2, 3, 4, 4))",-4288.458,,,,
O_tau=0.8,12,8.624863e-05,8.331777e-02,"(0, (2, 3, 4, 4))",-4213.239,,,,
O_tau=0.8,12,8.778540e-05,8.331749e-02,"(0, (2, 3, 4, 4))",-4139.337,,,,
O_tau=0.8,12,8.934956e-05,8.331721e-02,"(0, (2, 3, 4, 4))",-4066.729,,,,
O_tau=0.8,12,9.094158e-05,8.331692e-02,"(0, (2, 3, 4, 4))",-3995.392,,,,
O_tau=0.8,12,9.256197e-05,8.331663e-02,"(0, (2, 3, 4, 4))",-3925.304,,,,
O_tau=0.8,12,9.421124e-05,8.331633e-02,"(0, (2, 3, 4, 4))",-3856.442,,,,
O_tau=0.8,12,9.588989e-05,8.331603e-02,"(0, (2, 3, 4, 4))",-3788.787,,,,
O_tau=0.8,12,9.759844e-05,8.331572e-02,"(0, (2, 3, 4, 4))",-3722.315,,,,
O_tau=0.8,12,9.933745e-05,8.331540e-02,"(0, (2, 3, 4, 4))",-3657.008,,,,
O_tau=0.8,12,1.011074e-04,8.331508e-02,"(0, (2, 3, 4, 4))",-3592.844,,,,
O_tau=0.8,12,1.029090e-04,8.331476e-02,"(0, (2, 3, 4, 4))",-3529.803,,,,
O_tau=0.8,12,1.047426e-04,8.331443e-02,"(0, (2, 3, 4, 4))",-3467.866,,,,
O_tau=0.8,12,1.066089e-04,8.331409e-02,"(0, (2, 3, 4, 4))",-3407.013,,,,
O_tau=0.8,12,1.085084e-04,8.331375e-02,"(0, (2, 3, 4, 4))",-3347.225,,,,
O_tau=0.8,12,1.104418e-04,8.331340e-02,"(0, (2, 3, 4, 4))",-3288.485,,,,
O_tau=0.8,12,1.124097e-04,8.331304e-02,"(0, (2, 3, 4, 4))",-3230.772,,,,
O_tau=0.8,12,1.144126e-04,8.331268e-02,"(0, (2, 3, 4, 4))",-3174.070,,,,
O_tau=0.8,12,1.164512e-04,8.331232e-02,"(0, (2, 3, 4, 4))",-3118.361,,,,
O_tau=0.8,12,1.185261e-04,8.331194e-02,"(0, (2, 3, 4, 4))",-3063.627,,,,
O_tau=0.8,12,1.206380e-04,8.331156e-02,"(0, (2, 3, 4, 4))",-3009.851,,,,
O_tau=0.8,12,1.227875e-04,8.331117e-02,"(0, (2, 3, 4, 4))",-2957.017,,,,
O_tau=0.8,12,1.249753e-04,8.331078e-02,"(0, (2, 3, 4, 4))",-2905.107,,,,
O_tau=0.8,12,1.272021e-04,8.331038e-02,"(0, (2, 3, 4, 4))",-2854.107,,,,
O_tau=0.8,12,1.294686e-04,8.330997e-02,"(0, (2, 3, 4, 4))",-2803.999,,,,
O_tau=0.8,12,1.317755e-04,8.330955e-02,"(0, (2, 3, 4, 4))",-2754.769,,,,
O_tau=0.8,12,1.341234e-04,8.330913e-02,"(0, (2, 3, 4, 4))",-2706.400,,,,
O_tau=0.8,12,1.365132e-04,8.330870e-02,"(0, (2, 3, 4, 4))",-2658.879,,,,
O_tau=0.8,12,1.389456e-04,8.330826e-02,"(0, (2, 3, 4, 4))",-2612.189,,,,
O_tau=0.8,12,1.414214e-04,8.330781e-02,"(0, (2, 3, 4, 4))",-2566.317,,,,
O_tau=0.8,12,1.439412e-04,8.330736e-02,"(0, (2, 3, 4, 4))",-2521.248,,,,
O_tau=0.8,12,1.465059e-04,8.330689e-02,"(0, (2, 3, 4, 4))",-2476.967,,,,
O_tau=0.8,12,1.491164e-04,8.330642e-02,"(0, (2, 3, 4, 4))",-2433.463,,,,
O_tau=0.8,12,1.517733e-04,8.330594e-02,"(0, (2, 3, 4, 4))",-2390.719,,,,
O_tau=0.8,12,1.544776e-04,8.330546e-02,"(0, (2, 3, 4, 4))",-2348.724,,,,
O_tau=0.8,12,1.572301e-04,8.330496e-02,"(0, (2, 3, 4, 4))",-2307.465,,,,
O_tau=0.8,12,1.600316e-04,8.330445e-02,"(0, (2, 3, 4, 4))",-2266.927,,,,
O_tau=0.8,12,1.628830e-04,8.330394e-02,"(0, (2, 3, 4, 4))",-2227.100,,,,
O_tau=0.8,12,1.657853e-04,8.330342e-02,"(0, (2, 3, 4, 4))",-2187.970,,,,
O_tau=0.8,12,1.687392e-04,8.330288e-02,"(0, (2, 3, 4, 4))",-2149.524,,,,
O_tau=0.8,12,1.717458e-04,8.330234e-02,"(0, (2, 3, 4, 4))",-2111.752,,,,
O_tau=0.8,12,1.748059e-04,8.330179e-02,"(0, (2, 3, 4, 4))",-2074.641,,,,
O_tau=0.8,12,1.779206e-04,8.330123e-02,"(0, (2, 3, 4, 4))",-2038.180,,,,
O_tau=0.8,12,1.810908e-04,8.330066e-02,"(0, (2, 3, 4, 4))",-2002.358,,,,
O_tau=0.8,12,1.843175e-04,8.330007e-02,"(0, (2, 3, 4, 4))",-1967.162,,,,
O_tau=0.8,12,1.876016e-04,8.329948e-02,"(0, (2, 3, 4, 4))",-1932.583,,,,
O_tau=0.8,12,1.909443e-04,8.329888e-02,"(0, (2, 3, 4, 4))",-1898.609,,,,
O_tau=0.8,12,1.943465e-04,8.329827e-02,"(0, (2, 3, 4, 4))",-1865.230,,,,
O_tau=0.8,12,1.978094e-04,8.329764e-02,"(0, (2, 3, 4, 4))",-1832.435,,,,
O_tau=0.8,12,2.013339e-04,8.329701e-02,"(0, (2, 3, 4, 4))",-1800.214,,,,
O_tau=0.8,12,2.049213e-04,8.329636e-02,"(0, (2, 3, 4, 4))",-1768.558,,,,
O_tau=0.8,12,2.085726e-04,8.329570e-02,"(0, (2, 3, 4, 4))",-1737.456,,,,
O_tau=0.8,12,2.122889e-04,8.329503e-02,"(0, (2, 3, 4, 4))",-1706.898,,,,
O_tau=0.8,12,2.160715e-04,8.329435e-02,"(0, (2, 3, 4, 4))",-1676.875,,,,
O_tau=0.8,12,2.199214e-04,8.329366e-02,"(0, (2, 3, 4, 4))",-1647.378,,,,
O_tau=0.8,12,2.238399e-04,8.329295e-02,"(0, (2, 3, 4, 4))",-1618.398,,,,
O_tau=0.8,12,2.278283e-04,8.329223e-02,"(0, (2, 3, 4, 4))",-1589.925,,,,
O_tau=0.8,12,2.318877e-04,8.329150e-02,"(0, (2, 3, 4, 4))",-1561.950,,,,
O_tau=0.8,12,2.360195e-04,8.329075e-02,"(0, (2, 3, 4, 4))",-1534.465,,,,
O_tau=0.8,12,2.402249e-04,8.329000e-02,"(0, (2, 3, 4, 4))",-1507.462,,,,
O_tau=0.8,12,2.445052e-04,8.328922e-02,"(0, (2, 3, 4, 4))",-1480.931,,,,
O_tau=0.8,12,2.488618e-04,8.328844e-02,"(0, (2, 3, 4, 4))",-1454.864,,,,
O_tau=0.8,12,2.532960e-04,8.328764e-02,"(0, (2, 3, 4, 4))",-1429.255,,,,
O_tau=0.8,12,2.578092e-04,8.328683e-02,"(0, (2, 3, 4, 4))",-1404.093,,,,
O_tau=0.8,12,2.624028e-04,8.328600e-02,"(0, (2, 3, 4, 4))",-1379.372,,,,
O_tau=0.8,12,2.670783e-04,8.328515e-02,"(0, (2, 3, 4, 4))",-1355.084,,,,
O_tau=0.8,12,2.718371e-04,8.328430e-02,"(0, (2, 3, 4, 4))",-1331.221,,,,
O_tau=0.8,12,2.766807e-04,8.328342e-02,"(0, (2, 3, 4, 4))",-1307.776,,,,
O_tau=0.8,12,2.816105e-04,8.328254e-02,"(0, (2, 3, 4, 4))",-1284.741,,,,
O_tau=0.8,12,2.866283e-04,8.328163e-02,"(0, (2, 3, 4, 4))",-1262.110,,,,
O_tau=0.8,12,2.917354e-04,8.328071e-02,"(0, (2, 3, 4, 4))",-1239.875,,,,
O_tau=0.8,12,2.969335e-04,8.327977e-02,"(0, (2, 3, 4, 4))",-1218.029,,,,
O_tau=0.8,12,3.022242e-04,8.327882e-02,"(0, (2, 3, 4, 4))",-1196.566,,,,
O_tau=0.8,12,3.076093e-04,8.327785e-02,"(0, (2, 3, 4, 4))",-1175.479,,,,
O_tau=0.8,12,3.130902e-04,8.327686e-02,"(0, (2, 3, 4, 4))",-1154.760,,,,
O_tau=0.8,12,3.186688e-04,8.327586e-02,"(0, (2, 3, 4, 4))",-1134.405,,,,
O_tau=0.8,12,3.243469e-04,8.327484e-02,"(0, (2, 3, 4, 4))",-1114.406,,,,
O_tau=0.8,12,3.301261e-04,8.327379e-02,"(0, (2, 3, 4, 4))",-1094.757,,,,
O_tau=0.8,12,3.360082e-04,8.327273e-02,"(0, (2, 3, 4, 4))",-1075.452,,,,
O_tau=0.8,12,3.419952e-04,8.327166e-02,"(0, (2, 3, 4, 4))",-1056.486,,,,
O_tau=0.8,12,3.480888e-04,8.327056e-02,"(0, (2, 3, 4, 4))",-1037.851,,,,
O_tau=0.8,12,3.542911e-04,8.326944e-02,"(0, (2, 3, 4, 4))",-1019.542,,,,
O_tau=0.8,12,3.606038e-04,8.326830e-02,"(0, (2, 3, 4, 4))",-1001.555,,,,
O_tau=0.8,12,3.670290e-04,8.326715e-02,"(0, (2, 3, 4, 4))",-983.882,,,,
O_tau=0.8,12,3.735687e-04,8.326597e-02,"(0, (2, 3, 4, 4))",-966.518,,,,
O_tau=0.8,12,3.802249e-04,8.326477e-02,"(0, (2, 3, 4, 4))",-949.459,,,,
O_tau=0.8,12,3.869998e-04,8.326355e-02,"(0, (2, 3, 4, 4))",-932.698,,,,
O_tau=0.8,12,3.938953e-04,8.326231e-02,"(0, (2, 3, 4, 4))",-916.231,,,,
O_tau=0.8,12,4.009137e-04,8.326105e-02,"(0, (2, 3, 4, 4))",-900.052,,,,
O_tau=0.8,12,4.080572e-04,8.325976e-02,"(0, (2, 3, 4, 4))",-884.157,,,,
O_tau=0.8,12,4.153279e-04,8.325845e-02,"(0, (2, 3, 4, 4))",-868.539,,,,
O_tau=0.8,12,4.227282e-04,8.325712e-02,"(0, (2, 3, 4, 4))",-853.196,,,,
O_tau=0.8,12,4.302603e-04,8.325576e-02,"(0, (2, 3, 4, 4))",-838.120,,,,
O_tau=0.8,12,4.379267e-04,8.325438e-02,"(0, (2, 3, 4, 4))",-823.309,,,,
O_tau=0.8,12,4.457296e-04,8.325298e-02,"(0, (2, 3, 4, 4))",-808.758,,,,
O_tau=0.8,12,4.536716e-04,8.325155e-02,"(0, (2, 3, 4, 4))",-794.461,,,,
O_tau=0.8,12,4.617551e-04,8.325009e-02,"(0, (2, 3, 4, 4))",-780.414,,,,
O_tau=0.8,12,4.699826e-04,8.324861e-02,"(0, (2, 3, 4, 4))",-766.613,,,,
O_tau=0.8,12,4.783567e-04,8.324710e-02,"(0, (2, 3, 4, 4))",-753.054,,,,
O_tau=0.8,12,4.868801e-04,8.324557e-02,"(0, (2, 3, 4, 4))",-739.733,,,,
O_tau=0.8,12,4.955553e-04,8.324401e-02,"(0, (2, 3, 4, 4))",-726.645,,,,
O_tau=0.8,12,5.043850e-04,8.324242e-02,"(0, (2, 3, 4, 4))",-713.785,,,,
O_tau=0.8,12,5.133721e-04,8.324080e-02,"(0, (2, 3, 4, 4))",-701.152,,,,
O_tau=0.8,12,5.225194e-04,8.323916e-02,"(0, (2, 3, 4, 4))",-688.739,,,,
O_tau=0.8,12,5.318296e-04,8.323748e-02,"(0, (2, 3, 4, 4))",-676.544,,,,
O_tau=0.8,12,5.413057e-04,8.323578e-02,"(0, (2, 3, 4, 4))",-664.562,,,,
O_tau=0.8,12,5.509506e-04,8.323404e-02,"(0, (2, 3, 4, 4))",-652.790,,,,
O_tau=0.8,12,5.607674e-04,8.323228e-02,"(0, (2, 3, 4, 4))",-641.224,,,,
O_tau=0.8,12,5.707592e-04,8.323048e-02,"(0, (2, 3, 4, 4))",-629.861,,,,
O_tau=0.8,12,5.809289e-04,8.322865e-02,"(0, (2, 3, 4, 4))",-618.697,,,,
O_tau=0.8,12,5.912799e-04,8.322679e-02,"(0, (2, 3, 4, 4))",-607.728,,,,
O_tau=0.8,12,6.018153e-04,8.322490e-02,"(0, (2, 3, 4, 4))",-596.951,,,,
O_tau=0.8,12,6.125384e-04,8.322297e-02,"(0, (2, 3, 4, 4))",-586.363,,,,
O_tau=0.8,12,6.234525e-04,8.322101e-02,"(0, (2, 3, 4, 4))",-575.961,,,,
O_tau=0.8,12,6.345612e-04,8.321901e-02,"(0, (2, 3, 4, 4))",-565.740,,,,
O_tau=0.8,12,6.458677e-04,8.321698e-02,"(0, (2, 3, 4, 4))",-555.699,,,,
O_tau=0.8,12,6.573758e-04,8.321491e-02,"(0, (2, 3, 4, 4))",-545.834,,,,4420
O_tau=0.8,12,6.690889e-04,8.321280e-02,"(0, (2, 3, 4, 4))",-536.141,,,,4334
O_tau=0.8,12,6.810106e-04,8.321066e-02,"(0, (2, 3, 4, 4))",-526.618,,,,4249
O_tau=0.8,12,6.931448e-04,8.320848e-02,"(0, (2, 3, 4, 4))",-517.262,,,,4167
O_tau=0.8,12,7.054953e-04,8.320626e-02,"(0, (2, 3, 4, 4))",-508.069,,,4413,4085
O_tau=0.8,12,7.180657e-04,8.320400e-02,"(0, (2, 3, 4, 4))",-499.038,,,4328,4006
O_tau=0.8,12,7.308602e-04,8.320170e-02,"(0, (2, 3, 4, 4))",-490.165,,,4244,3927
O_tau=0.8,12,7.438826e-04,8.319936e-02,"(0, (2, 3, 4, 4))",-481.447,,,4162,3851
O_tau=0.8,12,7.571370e-04,8.319698e-02,"(0, (2, 3, 4, 4))",-472.882,,,4081,3776
O_tau=0.8,12,7.706277e-04,8.319456e-02,"(0, (2, 3, 4, 4))",-464.467,,,4002,3702
O_tau=0.8,12,7.843587e-04,8.319209e-02,"(0, (2, 3, 4, 4))",-456.199,,,3925,3630
O_tau=0.8,12,7.983343e-04,8.318958e-02,"(0, (2, 3, 4, 4))",-448.076,,,3849,3559
O_tau=0.8,12,8.125590e-04,8.318703e-02,"(0, (2, 3, 4, 4))",-440.095,,,3774,3489
O_tau=0.8,12,8.270371e-04,8.318443e-02,"(0, (2, 3, 4, 4))",-432.255,,,3701,3421
O_tau=0.8,12,8.417732e-04,8.318178e-02,"(0, (2, 3, 4, 4))",-424.551,,,3629,3354
O_tau=0.8,12,8.567719e-04,8.317909e-02,"(0, (2, 3, 4, 4))",-416.982,,,3559,3289
O_tau=0.8,12,8.720378e-04,8.317635e-02,"(0, (2, 3, 4, 4))",-409.546,,,3490,3224
O_tau=0.8,12,8.875757e-04,8.317356e-02,"(0, (2, 3, 4, 4))",-402.240,,,3422,3161
O_tau=0.8,12,9.033905e-04,8.317072e-02,"(0, (2, 3, 4, 4))",-395.063,4370,,3356,3100
O_tau=0.8,12,9.194870e-04,8.316784e-02,"(0, (2, 3, 4, 4))",-388.011,4285,,3290,3039
O_tau=0.8,12,9.358704e-04,8.316490e-02,"(0, (2, 3, 4, 4))",-381.082,4205,,3227,2979
O_tau=0.8,12,9.525456e-04,8.316190e-02,"(0, (2, 3, 4, 4))",-374.275,4126,4398,3164,2921
O_tau=0.8,12,9.695180e-04,8.315886e-02,"(0, (2, 3, 4, 4))",-367.587,4047,4316,3103,2864
O_tau=0.8,12,9.867929e-04,8.315576e-02,"(0, (2, 3, 4, 4))",-361.016,3967,4231,3042,2808
O_tau=0.8,12,1.004375e-03,8.315261e-02,"(0, (2, 3, 4, 4))",-354.560,3894,4151,2983,2753
O_tau=0.8,12,1.022271e-03,8.314940e-02,"(0, (2, 3, 4, 4))",-348.217,3816,4074,2925,2699
O_tau=0.8,12,1.040486e-03,8.314613e-02,"(0, (2, 3, 4, 4))",-341.986,3743,3995,2869,2646
O_tau=0.8,12,1.059025e-03,8.314281e-02,"(0, (2, 3, 4, 4))",-335.863,3673,3920,2813,2594
O_tau=0.8,12,1.077895e-03,8.313943e-02,"(0, (2, 3, 4, 4))",-329.848,3601,3847,2758,2543
O_tau=0.8,12,1.097101e-03,8.313599e-02,"(0, (2, 3, 4, 4))",-323.938,3534,3778,2704,2494
O_tau=0.8,12,1.116649e-03,8.313248e-02,"(0, (2, 3, 4, 4))",-318.132,3465,3703,2652,2445
O_tau=0.8,12,1.136545e-03,8.312892e-02,"(0, (2, 3, 4, 4))",-312.427,3399,3633,2600,2397
O_tau=0.8,12,1.156796e-03,8.312529e-02,"(0, (2, 3, 4, 4))",-306.823,3333,3563,2550,2350
O_tau=0.8,12,1.177408e-03,8.312160e-02,"(0, (2, 3, 4, 4))",-301.316,3270,3491,2500,2304
O_tau=0.8,12,1.198387e-03,8.311784e-02,"(0, (2, 3, 4, 4))",-295.906,3207,3428,2452,2258
O_tau=0.8,12,1.219740e-03,8.311402e-02,"(0, (2, 3, 4, 4))",-290.591,3147,3364,2404,2214
O_tau=0.8,12,1.241473e-03,8.311013e-02,"(0, (2, 3, 4, 4))",-285.369,3089,3297,2357,2171
O_tau=0.8,12,1.263594e-03,8.310617e-02,"(0, (2, 3, 4, 4))",-280.238,3027,3235,2311,2128
O_tau=0.8,12,1.286108e-03,8.310214e-02,"(0, (2, 3, 4, 4))",-275.198,2967,3174,2266,2086
O_tau=0.8,12,1.309024e-03,8.309803e-02,"(0, (2, 3, 4, 4))",-270.245,2911,3114,2222,2045
O_tau=0.8,12,1.332348e-03,8.309386e-02,"(0, (2, 3, 4, 4))",-265.379,2853,3053,2179,2005
O_tau=0.8,12,1.356088e-03,8.308961e-02,"(0, (2, 3, 4, 4))",-260.599,2802,2996,2136,1966
O_tau=0.8,12,1.380250e-03,8.308529e-02,"(0, (2, 3, 4, 4))",-255.902,2746,2939,2095,1927
O_tau=0.8,12,1.404844e-03,8.308089e-02,"(0, (2, 3, 4, 4))",-251.288,2696,2880,2054,1889
O_tau=0.8,12,1.429875e-03,8.307642e-02,"(0, (2, 3, 4, 4))",-246.754,2642,2828,2014,1852
O_tau=0.8,12,1.455352e-03,8.307186e-02,"(0, (2, 3, 4, 4))",-242.300,2594,2774,1974,1815
O_tau=0.8,12,1.481284e-03,8.306723e-02,"(0, (2, 3, 4, 4))",-237.924,2540,2720,1936,1780
O_tau=0.8,12,1.507677e-03,8.306251e-02,"(0, (2, 3, 4, 4))",-233.625,2496,2671,1898,1745
O_tau=0.8,12,1.534541e-03,8.305771e-02,"(0, (2, 3, 4, 4))",-229.401,2445,2617,1861,1710
O_tau=0.8,12,1.561883e-03,8.305282e-02,"(0, (2, 3, 4, 4))",-225.251,2397,2569,1825,1677
O_tau=0.8,12,1.589713e-03,8.304785e-02,"(0, (2, 3, 4, 4))",-221.173,2353,2521,1789,1644
O_tau=0.8,12,1.618038e-03,8.304279e-02,"(0, (2, 3, 4, 4))",-217.168,2311,2473,1754,1611
O_tau=0.8,12,1.646868e-03,8.303765e-02,"(0, (2, 3, 4, 4))",-213.232,2266,2427,1720,1580
O_tau=0.8,12,1.676212e-03,8.303241e-02,"(0, (2, 3, 4, 4))",-209.365,2219,2378,1686,1548
O_tau=0.8,12,1.706079e-03,8.302708e-02,"(0, (2, 3, 4, 4))",-205.566,2178,2332,1654,1518
O_tau=0.8,12,1.736478e-03,8.302165e-02,"(0, (2, 3, 4, 4))",-201.834,2134,2289,1621,1488
O_tau=0.8,12,1.767418e-03,8.301613e-02,"(0, (2, 3, 4, 4))",-198.167,2097,2246,1590,1459
O_tau=0.8,12,1.798910e-03,8.301051e-02,"(0, (2, 3, 4, 4))",-194.564,2057,2204,1559,1430
O_tau=0.8,12,1.830963e-03,8.300480e-02,"(0, (2, 3, 4, 4))",-191.024,2014,2161,1528,1402
O_tau=0.8,12,1.863587e-03,8.299898e-02,"(0, (2, 3, 4, 4))",-187.547,1978,2119,1498,1374
O_tau=0.8,12,1.896792e-03,8.299306e-02,"(0, (2, 3, 4, 4))",-184.130,1940,2078,1469,1347
O_tau=0.8,12,1.930589e-03,8.298704e-02,"(0, (2, 3, 4, 4))",-180.773,1900,2039,1440,1320
O_tau=0.8,12,1.964988e-03,8.298091e-02,"(0, (2, 3, 4, 4))",-177.476,1867,2002,1412,1294
O_tau=0.8,12,2.000000e-03,8.297467e-02,"(0, (2, 3, 4, 4))",-174.235,1831,1961,1384,1268
O_tau=0.8,12,2.031395e-03,8.296908e-02,"(0, (2, 3, 4, 4))",-171.425,1800,1928,1360,1246
O_tau=0.8,12,2.063282e-03,8.296340e-02,"(0, (2, 3, 4, 4))",-168.658,1769,1895,1337,1225
O_tau=0.8,12,2.095671e-03,8.295764e-02,"(0, (2, 3, 4, 4))",-165.934,1738,1867,1314,1203
O_tau=0.8,12,2.128567e-03,8.295178e-02,"(0, (2, 3, 4, 4))",-163.252,1705,1833,1291,1182
O_tau=0.8,12,2.161980e-03,8.294583e-02,"(0, (2, 3, 4, 4))",-160.612,1678,1805,1269,1162
O_tau=0.8,12,2.195917e-03,8.293980e-02,"(0, (2, 3, 4, 4))",-158.012,1649,1772,1247,1141
O_tau=0.8,12,2.230388e-03,8.293367e-02,"(0, (2, 3, 4, 4))",-155.453,1623,1741,1225,1121
O_tau=0.8,12,2.265399e-03,8.292744e-02,"(0, (2, 3, 4, 4))",-152.933,1594,1715,1204,1102
O_tau=0.8,12,2.300960e-03,8.292112e-02,"(0, (2, 3, 4, 4))",-150.453,1566,1686,1183,1083
O_tau=0.8,12,2.337079e-03,8.291470e-02,"(0, (2, 3, 4, 4))",-148.010,1539,1654,1163,1063
O_tau=0.8,12,2.373765e-03,8.290818e-02,"(0, (2, 3, 4, 4))",-145.606,1513,1630,1143,1045
O_tau=0.8,12,2.411027e-03,8.290156e-02,"(0, (2, 3, 4, 4))",-143.239,1492,1601,1123,1027
O_tau=0.8,12,2.448874e-03,8.289484e-02,"(0, (2, 3, 4, 4))",-140.908,1463,1572,1103,1009
O_tau=0.8,12,2.487314e-03,8.288801e-02,"(0, (2, 3, 4, 4))",-138.613,1437,1546,1084,991
O_tau=0.8,12,2.526359e-03,8.288108e-02,"(0, (2, 3, 4, 4))",-136.354,1412,1519,1065,974
O_tau=0.8,12,2.566016e-03,8.287404e-02,"(0, (2, 3, 4, 4))",-134.130,1390,1494,1047,957
O_tau=0.8,12,2.606296e-03,8.286690e-02,"(0, (2, 3, 4, 4))",-131.941,1367,1470,1029,940
O_tau=0.8,12,2.647208e-03,8.285964e-02,"(0, (2, 3, 4, 4))",-129.785,1343,1445,1011,923
O_tau=0.8,12,2.688762e-03,8.285227e-02,"(0, (2, 3, 4, 4))",-127.662,1321,1422,994,907
O_tau=0.8,12,2.730969e-03,8.284479e-02,"(0, (2, 3, 4, 4))",-125.573,1299,1395,976,891
O_tau=0.8,12,2.773838e-03,8.283719e-02,"(0, (2, 3, 4, 4))",-123.516,1274,1373,959,876
O_tau=0.8,12,2.817380e-03,8.282948e-02,"(0, (2, 3, 4, 4))",-121.490,1252,1350,943,860
O_tau=0.8,12,2.861605e-03,8.282165e-02,"(0, (2, 3, 4, 4))",-119.496,1229,1325,926,845
O_tau=0.8,12,2.906525e-03,8.281369e-02,"(0, (2, 3, 4, 4))",-117.533,1211,1305,910,830
O_tau=0.8,12,2.952150e-03,8.280562e-02,"(0, (2, 3, 4, 4))",-115.600,1191,1279,895,816
O_tau=0.8,12,2.998491e-03,8.279742e-02,"(0, (2, 3, 4, 4))",-113.697,1172,1260,879,802
O_tau=0.8,12,3.045559e-03,8.278909e-02,"(0, (2, 3, 4, 4))",-111.824,1152,1238,864,788
O_tau=0.8,12,3.093367e-03,8.278064e-02,"(0, (2, 3, 4, 4))",-109.980,1131,1218,849,774
O_tau=0.8,12,3.141924e-03,8.277205e-02,"(0, (2, 3, 4, 4))",-108.164,1109,1198,834,760
O_tau=0.8,12,3.191244e-03,8.276334e-02,"(0, (2, 3, 4, 4))",-106.376,1092,1175,819,747
O_tau=0.8,12,3.241339e-03,8.275449e-02,"(0, (2, 3, 4, 4))",-104.616,1074,1157,805,734
O_tau=0.8,12,3.292219e-03,8.274550e-02,"(0, (2, 3, 4, 4))",-102.883,1058,1138,791,721
O_tau=0.8,12,3.343898e-03,8.273638e-02,"(0, (2, 3, 4, 4))",-101.177,1039,1117,778,708
O_tau=0.8,12,3.396389e-03,8.272711e-02,"(0, (2, 3, 4, 4))",-99.498,1021,1099,764,696
O_tau=0.8,12,3.449703e-03,8.271770e-02,"(0, (2, 3, 4, 4))",-97.844,998,1081,751,683
O_tau=0.8,12,3.503855e-03,8.270815e-02,"(0, (2, 3, 4, 4))",-96.216,985,1062,738,671
O_tau=0.8,12,3.558856e-03,8.269846e-02,"(0, (2, 3, 4, 4))",-94.614,971,1045,725,660
O_tau=0.8,12,3.614721e-03,8.268861e-02,"(0, (2, 3, 4, 4))",-93.036,951,1026,712,648
O_tau=0.8,12,3.671462e-03,8.267862e-02,"(0, (2, 3, 4, 4))",-91.482,934,1011,700,637
O_tau=0.8,12,3.729095e-03,8.266847e-02,"(0, (2, 3, 4, 4))",-89.953,923,992,688,625
O_tau=0.8,12,3.787632e-03,8.265816e-02,"(0, (2, 3, 4, 4))",-88.447,903,974,676,614
O_tau=0.8,12,3.847088e-03,8.264770e-02,"(0, (2, 3, 4, 4))",-86.965,890,956,664,604
O_tau=0.8,12,3.907477e-03,8.263708e-02,"(0, (2, 3, 4, 4))",-85.505,873,942,653,593
O_tau=0.8,12,3.968814e-03,8.262629e-02,"(0, (2, 3, 4, 4))",-84.069,859,925,641,583
O_tau=0.8,12,4.031114e-03,8.261535e-02,"(0, (2, 3, 4, 4))",-82.654,844,910,630,572
O_tau=0.8,12,4.094392e-03,8.260423e-02,"(0, (2, 3, 4, 4))",-81.261,830,895,619,562
O_tau=0.8,12,4.158663e-03,8.259294e-02,"(0, (2, 3, 4, 4))",-79.890,816,879,608,552
O_tau=0.8,12,4.223944e-03,8.258148e-02,"(0, (2, 3, 4, 4))",-78.541,801,863,598,542
O_tau=0.8,12,4.290249e-03,8.256985e-02,"(0, (2, 3, 4, 4))",-77.212,787,849,587,533
O_tau=0.8,12,4.357594e-03,8.255804e-02,"(0, (2, 3, 4, 4))",-75.903,775,837,577,523
O_tau=0.8,12,4.425997e-03,8.254605e-02,"(0, (2, 3, 4, 4))",-74.615,759,822,567,514
O_tau=0.8,12,4.495474e-03,8.253388e-02,"(0, (2, 3, 4, 4))",-73.347,746,809,557,505
O_tau=0.8,12,4.566041e-03,8.252152e-02,"(0, (2, 3, 4, 4))",-72.099,736,795,547,496
O_tau=0.8,12,4.637716e-03,8.250897e-02,"(0, (2, 3, 4, 4))",-70.870,720,781,538,488
O_tau=0.8,12,4.710516e-03,8.249623e-02,"(0, (2, 3, 4, 4))",-69.660,710,767,528,479
O_tau=0.8,12,4.784459e-03,8.248330e-02,"(0, (2, 3, 4, 4))",-68.468,700,756,519,471
O_tau=0.8,12,4.859562e-03,8.247017e-02,"(0, (2, 3, 4, 4))",-67.296,686,741,510,462
O_tau=0.8,12,4.935845e-03,8.245685e-02,"(0, (2, 3, 4, 4))",-66.141,675,731,501,454
O_tau=0.8,12,5.013324e-03,8.244332e-02,"(0, (2, 3, 4, 4))",-65.004,664,717,492,446
O_tau=0.8,12,5.092021e-03,8.242958e-02,"(0, (2, 3, 4, 4))",-63.885,650,704,484,438
O_tau=0.8,12,5.171952e-03,8.241564e-02,"(0, (2, 3, 4, 4))",-62.783,640,691,475,430
O_tau=0.8,12,5.253138e-03,8.240148e-02,"(0, (2, 3, 4, 4))",-61.698,628,682,467,423
O_tau=0.8,12,5.335599e-03,8.238712e-02,"(0, (2, 3, 4, 4))",-60.631,620,669,459,415
O_tau=0.8,12,5.419354e-03,8.237253e-02,"(0, (2, 3, 4, 4))",-59.579,607,661,451,408
O_tau=0.8,12,5.504423e-03,8.235772e-02,"(0, (2, 3, 4, 4))",-58.544,598,645,443,401
O_tau=0.8,12,5.590828e-03,8.234269e-02,"(0, (2, 3, 4, 4))",-57.525,588,637,435,394
O_tau=0.8,12,5.678590e-03,8.232743e-02,"(0, (2, 3, 4, 4))",-56.522,577,623,428,387
O_tau=0.8,12,5.767729e-03,8.231194e-02,"(0, (2, 3, 4, 4))",-55.534,568,616,420,380
O_tau=0.8,12,5.858267e-03,8.229622e-02,"(0, (2, 3, 4, 4))",-54.562,556,605,413,373
O_tau=0.8,12,5.950227e-03,8.228026e-02,"(0, (2, 3, 4, 4))",-53.605,551,595,406,366
O_tau=0.8,12,6.043630e-03,8.226406e-02,"(0, (2, 3, 4, 4))",-52.662,537,587,399,360
O_tau=0.8,12,6.138499e-03,8.224761e-02,"(0, (2, 3, 4, 4))",-51.735,528,573,392,354
O_tau=0.8,12,6.234857e-03,8.223092e-02,"(0, (2, 3, 4, 4))",-50.821,523,563,385,347
O_tau=0.8,12,6.332728e-03,8.221398e-02,"(0, (2, 3, 4, 4))",-49.922,512,553,378,341
O_tau=0.8,12,6.432135e-03,8.219678e-02,"(0, (2, 3, 4, 4))",-49.037,501,544,371,335
O_tau=0.8,12,6.533103e-03,8.217932e-02,"(0, (2, 3, 4, 4))",-48.165,496,536,365,329
O_tau=0.8,12,6.635656e-03,8.216160e-02,"(0, (2, 3, 4, 4))",-47.307,484,526,358,323
O_tau=0.8,12,6.739818e-03,8.214362e-02,"(0, (2, 3, 4, 4))",-46.462,479,518,352,317
O_tau=0.8,12,6.845616e-03,8.212536e-02,"(0, (2, 3, 4, 4))",-45.631,467,509,346,312
O_tau=0.8,12,6.953074e-03,8.210683e-02,"(0, (2, 3, 4, 4))",-44.812,460,499,340,306
O_tau=0.8,12,7.062219e-03,8.208802e-02,"(0, (2, 3, 4, 4))",-44.006,454,492,334,301
O_tau=0.8,12,7.173078e-03,8.206894e-02,"(0, (2, 3, 4, 4))",-43.212,444,483,328,296
O_tau=0.8,12,7.285676e-03,8.204956e-02,"(0, (2, 3, 4, 4))",-42.431,436,474,322,290
O_tau=0.8,12,7.400042e-03,8.202990e-02,"(0, (2, 3, 4, 4))",-41.662,431,466,317,285
O_tau=0.8,12,7.516204e-03,8.200994e-02,"(0, (2, 3, 4, 4))",-40.905,422,460,311,280
O_tau=0.8,12,7.634188e-03,8.198969e-02,"(0, (2, 3, 4, 4))",-40.160,416,451,306,275
O_tau=0.8,12,7.754025e-03,8.196913e-02,"(0, (2, 3, 4, 4))",-39.426,410,441,300,270
O_tau=0.8,12,7.875743e-03,8.194826e-02,"(0, (2, 3, 4, 4))",-38.703,401,436,295,265
O_tau=0.8,12,7.999372e-03,8.192709e-02,"(0, (2, 3, 4, 4))",-37.992,397,428,290,261
O_tau=0.8,12,8.124941e-03,8.190560e-02,"(0, (2, 3, 4, 4))",-37.292,388,420,285,256
O_tau=0.8,12,8.252481e-03,8.188379e-02,"(0, (2, 3, 4, 4))",-36.603,383,416,280,252
O_tau=0.8,12,8.382024e-03,8.186166e-02,"(0, (2, 3, 4, 4))",-35.924,373,406,275,247
O_tau=0.8,12,8.513600e-03,8.183920e-02,"(0, (2, 3, 4, 4))",-35.256,368,399,270,243
O_tau=0.8,12,8.647241e-03,8.181640e-02,"(0, (2, 3, 4, 4))",-34.599,361,393,265,238
O_tau=0.8,12,8.782980e-03,8.179327e-02,"(0, (2, 3, 4, 4))",-33.951,356,385,261,234
O_tau=0.8,12,8.920850e-03,8.176979e-02,"(0, (2, 3, 4, 4))",-33.314,349,377,256,230
O_tau=0.8,12,9.060884e-03,8.174597e-02,"(0, (2, 3, 4, 4))",-32.686,344,373,252,226
O_tau=0.8,12,9.203116e-03,8.172180e-02,"(0, (2, 3, 4, 4))",-32.068,339,368,247,222
O_tau=0.8,12,9.347581e-03,8.169727e-02,"(0, (2, 3, 4, 4))",-31.460,333,361,243,218
O_tau=0.8,12,9.494314e-03,8.167237e-02,"(0, (2, 3, 4, 4))",-30.862,328,355,239,214
O_tau=0.8,12,9.643350e-03,8.164711e-02,"(0, (2, 3, 4, 4))",-30.272,318,348,234,210
O_tau=0.8,12,9.794725e-03,8.162148e-02,"(0, (2, 3, 4, 4))",-29.692,313,344,230,206
O_tau=0.8,12,9.948477e-03,8.159547e-02,"(0, (2, 3, 4, 4))",-29.121,309,338,226,203
O_tau=0.8,12,1.010464e-02,8.156908e-02,"(0, (2, 3, 4, 4))",-28.558,305,330,222,199
O_tau=0.8,12,1.026326e-02,8.154230e-02,"(0, (2, 3, 4, 4))",-28.005,301,327,218,196
O_tau=0.8,12,1.042436e-02,8.151513e-02,"(0, (2, 3, 4, 4))",-27.460,293,318,214,192
O_tau=0.8,12,1.058800e-02,8.148756e-02,"(0, (2, 3, 4, 4))",-26.923,288,313,211,188
O_tau=0.8,12,1.075420e-02,8.145959e-02,"(0, (2, 3, 4, 4))",-26.395,285,309,207,185
O_tau=0.8,12,1.092302e-02,8.143120e-02,"(0, (2, 3, 4, 4))",-25.875,280,305,203,182
O_tau=0.8,12,1.109448e-02,8.140241e-02,"(0, (2, 3, 4, 4))",-25.363,273,300,200,179
O_tau=0.8,12,1.126863e-02,8.137319e-02,"(0, (2, 3, 4, 4))",-24.859,270,293,196,175
O_tau=0.8,12,1.144552e-02,8.134355e-02,"(0, (2, 3, 4, 4))",-24.363,266,288,193,172
O_tau=0.8,12,1.162519e-02,8.131347e-02,"(0, (2, 3, 4, 4))",-23.875,258,284,189,169
O_tau=0.8,12,1.180767e-02,8.128296e-02,"(0, (2, 3, 4, 4))",-23.394,256,280,186,166
O_tau=0.8,12,1.199302e-02,8.125201e-02,"(0, (2, 3, 4, 4))",-22.921,253,273,183,163
O_tau=0.8,12,1.218128e-02,8.122061e-02,"(0, (2, 3, 4, 4))",-22.455,246,270,179,160
O_tau=0.8,12,1.237250e-02,8.118875e-02,"(0, (2, 3, 4, 4))",-21.996,243,266,176,157
O_tau=0.8,12,1.256671e-02,8.115643e-02,"(0, (2, 3, 4, 4))",-21.545,237,258,173,154
O_tau=0.8,12,1.276398e-02,8.112364e-02,"(0, (2, 3, 4, 4))",-21.100,232,256,170,152
O_tau=0.8,12,1.296434e-02,8.109038e-02,"(0, (2, 3, 4, 4))",-20.662,231,253,167,149
O_tau=0.8,12,1.316784e-02,8.105664e-02,"(0, (2, 3, 4, 4))",-20.232,225,247,164,146
O_tau=0.8,12,1.337454e-02,8.102242e-02,"(0, (2, 3, 4, 4))",-19.808,221,243,161,144
O_tau=0.8,12,1.358449e-02,8.098770e-02,"(0, (2, 3, 4, 4))",-19.390,220,238,159,141
O_tau=0.8,12,1.379773e-02,8.095248e-02,"(0, (2, 3, 4, 4))",-18.979,212,232,156,139
O_tau=0.8,12,1.401432e-02,8.091676e-02,"(0, (2, 3, 4, 4))",-18.575,211,231,153,136
O_tau=0.8,12,1.423431e-02,8.088053e-02,"(0, (2, 3, 4, 4))",-18.176,209,228,150,134
O_tau=0.8,12,1.445775e-02,8.084378e-02,"(0, (2, 3, 4, 4))",-17.784,204,222,148,131
O_tau=0.8,12,1.468470e-02,8.080650e-02,"(0, (2, 3, 4, 4))",-17.398,200,220,145,129
O_tau=0.8,12,1.491521e-02,8.076869e-02,"(0, (2, 3, 4, 4))",-17.018,198,212,142,127
O_tau=0.8,12,1.514934e-02,8.073035e-02,"(0, (2, 3, 4, 4))",-16.644,192,211,140,124
O_tau=0.8,12,1.538714e-02,8.069145e-02,"(0, (2, 3, 4, 4))",-16.276,188,209,138,122
O_tau=0.8,12,1.562868e-02,8.065201e-02,"(0, (2, 3, 4, 4))",-15.914,186,205,135,120
O_tau=0.8,12,1.587401e-02,8.061201e-02,"(0, (2, 3, 4, 4))",-15.557,183,202,133,118
O_tau=0.8,12,1.612319e-02,8.057144e-02,"(0, (2, 3, 4, 4))",-15.206,180,198,130,116
O_tau=0.8,12,1.637628e-02,8.053029e-02,"(0, (2, 3, 4, 4))",-14.860,175,195,128,113
O_tau=0.8,12,1.663335e-02,8.048857e-02,"(0, (2, 3, 4, 4))",-14.520,174,188,126,111
O_tau=0.8,12,1.689445e-02,8.044626e-02,"(0, (2, 3, 4, 4))",-14.184,173,187,124,110
O_tau=0.8,12,1.715965e-02,8.040335e-02,"(0, (2, 3, 4, 4))",-13.855,170,184,121,108
O_tau=0.8,12,1.742901e-02,8.035984e-02,"(0, (2, 3, 4, 4))",-13.530,165,182,119,106
O_tau=0.8,12,1.770260e-02,8.031571e-02,"(0, (2, 3, 4, 4))",-13.210,163,176,117,104
O_tau=0.8,12,1.798048e-02,8.027098e-02,"(0, (2, 3, 4, 4))",-12.896,158,174,115,102
O_tau=0.8,12,1.826273e-02,8.022561e-02,"(0, (2, 3, 4, 4))",-12.586,155,173,113,100
O_tau=0.8,12,1.854941e-02,8.017961e-02,"(0, (2, 3, 4, 4))",-12.281,154,170,111,99
O_tau=0.8,12,1.884058e-02,8.013297e-02,"(0, (2, 3, 4, 4))",-11.981,153,166,109,97
O_tau=0.8,12,1.913633e-02,8.008569e-02,"(0, (2, 3, 4, 4))",-11.686,150,163,107,95
O_tau=0.8,12,1.943672e-02,8.003774e-02,"(0, (2, 3, 4, 4))",-11.395,145,161,105,93
O_tau=0.8,12,1.974183e-02,7.998913e-02,"(0, (2, 3, 4, 4))",-11.108,142,157,103,91
O_tau=0.8,12,2.005172e-02,7.993985e-02,"(0, (2, 3, 4, 4))",-10.827,142,155,102,90
O_tau=0.8,12,2.036648e-02,7.988989e-02,"(0, (2, 3, 4, 4))",-10.549,139,153,100,88
O_tau=0.8,12,2.068618e-02,7.983924e-02,"(0, (2, 3, 4, 4))",-10.276,136,150,98,86
O_tau=0.8,12,2.101090e-02,7.978790e-02,"(0, (2, 3, 4, 4))",-10.007,133,146,96,85
O_tau=0.8,12,2.134072e-02,7.973585e-02,"(0, (2, 3, 4, 4))",-9.743,131,144,95,83
O_tau=0.8,12,2.167571e-02,7.968308e-02,"(0, (2, 3, 4, 4))",-9.482,130,142,93,82
O_tau=0.8,12,2.201596e-02,7.962960e-02,"(0, (2, 3, 4, 4))",-9.226,128,142,91,80
O_tau=0.8,12,2.236156e-02,7.957538e-02,"(0, (2, 3, 4, 4))",-8.973,125,138,89,79
O_tau=0.8,12,2.271258e-02,7.952043e-02,"(0, (2, 3, 4, 4))",-8.725,120,134,88,77
O_tau=0.8,12,2.306910e-02,7.946472e-02,"(0, (2, 3, 4, 4))",-8.480,120,132,86,76
O_tau=0.8,12,2.343123e-02,7.940827e-02,"(0, (2, 3, 4, 4))",-8.240,119,131,85,75
O_tau=0.8,12,2.379904e-02,7.935105e-02,"(0, (2, 3, 4, 4))",-8.003,115,129,84,74
O_tau=0.8,12,2.417262e-02,7.929305e-02,"(0, (2, 3, 4, 4))",-7.770,114,126,82,72
O_tau=0.8,12,2.455207e-02,7.923428e-02,"(0, (2, 3, 4, 4))",-7.540,112,124,80,71
O_tau=0.8,12,2.493747e-02,7.917471e-02,"(0, (2, 3, 4, 4))",-7.314,111,120,79,70
O_tau=0.8,12,2.532892e-02,7.911435e-02,"(0, (2, 3, 4, 4))",-7.091,110,120,78,68
O_tau=0.8,12,2.572652e-02,7.905318e-02,"(0, (2, 3, 4, 4))",-6.872,106,119,76,67
O_tau=0.8,12,2.613036e-02,7.899119e-02,"(0, (2, 3, 4, 4))",-6.657,105,114,75,66
O_tau=0.8,12,2.654054e-02,7.892837e-02,"(0, (2, 3, 4, 4))",-6.445,103,114,74,65
O_tau=0.8,12,2.695716e-02,7.886472e-02,"(0, (2, 3, 4, 4))",-6.236,103,112,73,64
O_tau=0.8,12,2.738031e-02,7.880023e-02,"(0, (2, 3, 4, 4))",-6.030,100,111,71,62
O_tau=0.8,12,2.781011e-02,7.873488e-02,"(0, (2, 3, 4, 4))",-5.828,98,110,70,61
O_tau=0.8,12,2.824666e-02,7.866867e-02,"(0, (2, 3, 4, 4))",-5.629,95,106,69,60
O_tau=0.8,12,2.869006e-02,7.860159e-02,"(0, (2, 3, 4, 4))",-5.433,94,104,67,59
O_tau=0.8,12,2.914042e-02,7.853363e-02,"(0, (2, 3, 4, 4))",-5.240,92,103,66,58
O_tau=0.8,12,2.959785e-02,7.846478e-02,"(0, (2, 3, 4, 4))",-5.050,90,103,65,57
O_tau=0.8,12,3.006245e-02,7.839503e-02,"(0, (2, 3, 4, 4))",-4.863,88,99,64,56
O_tau=0.8,12,3.053436e-02,7.832437e-02,"(0, (2, 3, 4, 4))",-4.679,87,96,63,55
O_tau=0.8,12,3.101367e-02,7.825279e-02,"(0, (2, 3, 4, 4))",-4.498,87,95,62,54
O_tau=0.8,12,3.150050e-02,7.818029e-02,"(0, (2, 3, 4, 4))",-4.319,87,94,60,53
O_tau=0.8,12,3.199498e-02,7.810684e-02,"(0, (2, 3, 4, 4))",-4.144,85,90,59,52
O_tau=0.8,12,3.249721e-02,7.803246e-02,"(0, (2, 3, 4, 4))",-3.971,81,90,58,51
O_tau=0.8,12,3.300733e-02,7.795711e-02,"(0, (2, 3, 4, 4))",-3.801,80,88,57,50
O_tau=0.8,12,3.352546e-02,7.788080e-02,"(0, (2, 3, 4, 4))",-3.634,79,87,56,49
O_tau=0.8,12,3.405173e-02,7.780352e-02,"(0, (2, 3, 4, 4))",-3.469,78,87,55,48
O_tau=0.8,12,3.458625e-02,7.772525e-02,"(0, (2, 3, 4, 4))",-3.307,78,87,54,47
O_tau=0.8,12,3.512916e-02,7.764598e-02,"(0, (2, 3, 4, 4))",-3.147,77,84,53,46
O_tau=0.8,12,3.568060e-02,7.756571e-02,"(0, (2, 3, 4, 4))",-2.990,76,81,53,46
O_tau=0.8,12,3.624069e-02,7.748443e-02,"(0, (2, 3, 4, 4))",-2.836,74,80,52,45
O_tau=0.8,12,3.680957e-02,7.740213e-02,"(0, (2, 3, 4, 4))",-2.684,70,79,51,44
O_tau=0.8,12,3.738739e-02,7.731879e-02,"(0, (2, 3, 4, 4))",-2.534,70,78,50,43
O_tau=0.8,12,3.797427e-02,7.723441e-02,"(0, (2, 3, 4, 4))",-2.386,69,78,49,43
O_tau=0.8,12,3.857037e-02,7.714898e-02,"(0, (2, 3, 4, 4))",-2.241,68,77,48,42
O_tau=0.8,12,3.917582e-02,7.706249e-02,"(0, (2, 3, 4, 4))",-2.098,67,77,47,41
O_tau=0.8,12,3.979078e-02,7.697492e-02,"(0, (2, 3, 4, 4))",-1.958,67,77,46,40
O_tau=0.8,12,4.041539e-02,7.688627e-02,"(0, (2, 3, 4, 4))",-1.820,67,77,45,40
O_tau=0.8,12,4.104981e-02,7.679654e-02,"(0, (2, 3, 4, 4))",-1.683,67,78,45,39
O_tau=0.8,12,4.169418e-02,7.670570e-02,"(0, (2, 3, 4, 4))",-1.549,67,80,44,38
O_tau=0.8,12,4.234867e-02,7.661375e-02,"(0, (2, 3, 4, 4))",-1.417,67,120,43,38
O_tau=0.8,12,4.301344e-02,7.652068e-02,"(0, (2, 3, 4, 4))",-1.288,69,,42,37
O_tau=0.8,12,4.368864e-02,7.642649e-02,"(0, (2, 3, 4, 4))",-1.160,78,,42,36
O_tau=0.8,12,4.437443e-02,7.633115e-02,"(0, (2, 3, 4, 4))",-1.034,,,41,36
O_tau=0.8,12,4.507100e-02,7.623466e-02,"(0, (2, 3, 4, 4))",-0.910,,,40,35
O_tau=0.8,12,4.577849e-02,7.613702e-02,"(0, (2, 3, 4, 4))",-0.789,,,40,34
O_tau=0.8,12,4.649710e-02,7.603821e-02,"(0, (2, 3, 4, 4))",-0.669,,,39,34
O_tau=0.8,12,4.722698e-02,7.593822e-02,"(0, (2, 3, 4, 4))",-0.551,,,38,33
O_tau=0.8,12,4.796832e-02,7.583704e-02,"(0, (2, 3, 4, 4))",-0.435,,,38,32
O_tau=0.8,12,4.872130e-02,7.573467e-02,"(0, (2, 3, 4, 4))",-0.320,,,37,32
O_tau=0.8,12,4.948609e-02,7.563109e-02,"(0, (2, 3, 4, 4))",-0.208,,,37,31
O_tau=0.8,12,5.026290e-02,7.552630e-02,"(0, (2, 3, 4, 4))",-0.097,,,36,31
O_tau=0.8,12,5.105189e-02,7.542028e-02,"(0, (2, 3, 4, 4))",0.012,,,35,30
O_tau=0.8,12,5.185327e-02,7.531303e-02,"(0, (2, 3, 4, 4))",0.119,,,35,30
O_tau=0.8,12,5.266724e-02,7.520454e-02,"(0, (2, 3, 4, 4))",0.225,,,34,29
O_tau=0.8,12,5.349397e-02,7.509479e-02,"(0, (2, 3, 4, 4))",0.328,,,33,28
O_tau=0.8,12,5.433369e-02,7.498378e-02,"(0, (2, 3, 4, 4))",0.431,,,33,28
O_tau=0.8,12,5.518659e-02,7.487150e-02,"(0, (2, 3, 4, 4))",0.531,,,32,27
O_tau=0.8,12,5.605287e-02,7.475794e-02,"(0, (2, 3, 4, 4))",0.630,,,32,27
O_tau=0.8,12,5.693276e-02,7.464310e-02,"(0, (2, 3, 4, 4))",0.728,,,31,26
O_tau=0.8,12,5.782645e-02,7.452695e-02,"(0, (2, 3, 4, 4))",0.824,,,30,26
O_tau=0.8,12,5.873418e-02,7.440950e-02,"(0, (2, 3, 4, 4))",0.918,,,30,25
O_tau=0.8,12,5.965615e-02,7.429074e-02,"(0, (2, 3, 4, 4))",1.011,,,29,25
O_tau=0.8,12,6.059259e-02,7.417065e-02,"(0, (2, 3, 4, 4))",1.102,,,28,25
O_tau=0.8,12,6.154374e-02,7.404923e-02,"(0, (2, 3, 4, 4))",1.192,,,28,24
O_tau=0.8,12,6.250982e-02,7.392647e-02,"(0, (2, 3, 4, 4))",1.281,,,28,24
O_tau=0.8,12,6.349106e-02,7.380236e-02,"(0, (2, 3, 4, 4))",1.368,,,27,23
O_tau=0.8,12,6.448770e-02,7.367689e-02,"(0, (2, 3, 4, 4))",1.454,,,26,23
O_tau=0.8,12,6.549999e-02,7.355006e-02,"(0, (2, 3, 4, 4))",1.538,,,26,23
O_tau=0.8,12,6.652817e-02,7.342185e-02,"(0, (2, 3, 4, 4))",1.621,,,26,22
O_tau=0.8,12,6.757249e-02,7.329226e-02,"(0, (2, 3, 4, 4))",1.703,,,25,22
O_tau=0.8,12,6.863320e-02,7.316129e-02,"(0, (2, 3, 4, 4))",1.783,,,25,22
O_tau=0.8,12,6.971056e-02,7.302891e-02,"(0, (2, 3, 4, 4))",1.862,,,24,21
O_tau=0.8,12,7.080483e-02,7.289514e-02,"(0, (2, 3, 4, 4))",1.940,,,24,21
O_tau=0.8,12,7.191628e-02,7.275995e-02,"(0, (2, 3, 4, 4))",2.017,,,24,21
O_tau=0.8,12,7.304518e-02,7.262334e-02,"(0, (2, 3, 4, 4))",2.092,,,23,20
O_tau=0.8,12,7.419180e-02,7.248530e-02,"(0, (2, 3, 4, 4))",2.166,,,23,20
O_tau=0.8,12,7.535642e-02,7.234583e-02,"(0, (2, 3, 4, 4))",2.239,,,23,20
O_tau=0.8,12,7.653932e-02,7.220492e-02,"(0, (2, 3, 4, 4))",2.311,,,22,19
O_tau=0.8,12,7.774078e-02,7.206256e-02,"(0, (2, 3, 4, 4))",2.382,,,22,19
O_tau=0.8,12,7.896111e-02,7.191875e-02,"(0, (2, 3, 4, 4))",2.451,,,22,18
O_tau=0.8,12,8.020060e-02,7.177348e-02,"(0, (2, 3, 4, 4))",2.520,,,21,18
O_tau=0.8,12,8.145954e-02,7.162674e-02,"(0, (2, 3, 4, 4))",2.587,,,21,18
O_tau=0.8,12,8.273824e-02,7.147853e-02,"(0, (2, 3, 4, 4))",2.654,,,21,17
O_tau=0.8,12,8.403701e-02,7.132884e-02,"(0, (2, 3, 4, 4))",2.719,,,20,17
O_tau=0.8,12,8.535617e-02,7.117766e-02,"(0, (2, 3, 4, 4))",2.783,,,20,17
O_tau=0.8,12,8.669604e-02,7.102500e-02,"(0, (2, 3, 4, 4))",2.846,,,20,16
O_tau=0.8,12,8.805694e-02,7.087083e-02,"(0, (2, 3, 4, 4))",2.908,,,19,16
O_tau=0.8,12,8.943921e-02,7.071517e-02,"(0, (2, 3, 4, 4))",2.970,,,19,16
O_tau=0.8,12,9.084317e-02,7.055800e-02,"(0, (2, 3, 4, 4))",3.030,,,19,16
O_tau=0.8,12,9.226917e-02,7.039931e-02,"(0, (2, 3, 4, 4))",3.089,,,18,15
O_tau=0.8,12,9.371756e-02,7.023912e-02,"(0, (2, 3, 4, 4))",3.147,,,18,15
O_tau=0.8,12,9.518868e-02,7.007739e-02,"(0, (2, 3, 4, 4))",3.205,,,18,15
O_tau=0.8,12,9.668289e-02,6.991415e-02,"(0, (2, 3, 4, 4))",3.261,,,17,14
O_tau=0.8,12,9.820056e-02,6.974937e-02,"(0, (2, 3, 4, 4))",3.317,,,17,14
O_tau=0.8,12,9.974205e-02,6.958307e-02,"(0, (2, 3, 4, 4))",3.371,,,17,14
O_tau=0.8,12,1.013077e-01,6.941522e-02,"(0, (2, 3, 4, 4))",3.425,,,16,13
O_tau=0.8,12,1.028980e-01,6.924583e-02,"(0, (2, 3, 4, 4))",3.478,,,16,13
O_tau=0.8,12,1.045132e-01,6.907490e-02,"(0, (2, 3, 4, 4))",3.530,,,16,13
O_tau=0.8,12,1.061538e-01,6.890242e-02,"(0, (2, 3, 4, 4))",3.581,,,15,13
O_tau=0.8,12,1.078202e-01,6.872839e-02,"(0, (2, 3, 4, 4))",3.632,,,15,13
O_tau=0.8,12,1.095127e-01,6.855281e-02,"(0, (2, 3, 4, 4))",3.681,,,15,12
O_tau=0.8,12,1.112317e-01,6.837568e-02,"(0, (2, 3, 4, 4))",3.730,,,14,12
O_tau=0.8,12,1.129778e-01,6.819698e-02,"(0, (2, 3, 4, 4))",3.778,,,14,12
O_tau=0.8,12,1.147512e-01,6.801673e-02,"(0, (2, 3, 4, 4))",3.825,,,14,12
O_tau=0.8,12,1.165525e-01,6.783491e-02,"(0, (2, 3, 4, 4))",3.872,,,13,12
O_tau=0.8,12,1.183821e-01,6.765153e-02,"(0, (2, 3, 4, 4))",3.918,,,13,12
O_tau=0.8,12,1.202404e-01,6.746659e-02,"(0, (2, 3, 4, 4))",3.963,,,13,11
O_tau=0.8,12,1.221278e-01,6.728009e-02,"(0, (2, 3, 4, 4))",4.007,,,13,11
O_tau=0.8,12,1.240449e-01,6.709201e-02,"(0, (2, 3, 4, 4))",4.051,,,13,11
O_tau=0.8,12,1.259921e-01,6.690237e-02,"(0, (2, 3, 4, 4))",4.094,,,12,11
O_tau=0.8,12,1.279699e-01,6.671117e-02,"(0, (2, 3, 4, 4))",4.136,,,12,11
O_tau=0.8,12,1.299786e-01,6.651840e-02,"(0, (2, 3, 4, 4))",4.177,,,12,10
O_tau=0.8,12,1.320190e-01,6.632406e-02,"(0, (2, 3, 4, 4))",4.218,,,12,10
O_tau=0.8,12,1.340913e-01,6.612816e-02,"(0, (2, 3, 4, 4))",4.259,,,12,10
O_tau=0.8,12,1.361962e-01,6.593069e-02,"(0, (2, 3, 4, 4))",4.298,,,12,10
O_tau=0.8,12,1.383341e-01,6.573166e-02,"(0, (2, 3, 4, 4))",4.337,,,11,10
O_tau=0.8,12,1.405056e-01,6.553106e-02,"(0, (2, 3, 4, 4))",4.375,,,11,9
O_tau=0.8,12,1.427112e-01,6.532891e-02,"(0, (2, 3, 4, 4))",4.413,,,11,9
O_tau=0.8,12,1.449514e-01,6.512520e-02,"(0, (2, 3, 4, 4))",4.450,,,11,9
O_tau=0.8,12,1.472267e-01,6.491993e-02,"(0, (2, 3, 4, 4))",4.487,,,11,9
O_tau=0.8,12,1.495378e-01,6.471310e-02,"(0, (2, 3, 4, 4))",4.523,,,11,9
O_tau=0.8,12,1.518852e-01,6.450473e-02,"(0, (2, 3, 4, 4))",4.558,,,10,9
O_tau=0.8,12,1.542694e-01,6.429480e-02,"(0, (2, 3, 4, 4))",4.593,,,10,9
O_tau=0.8,12,1.566910e-01,6.408334e-02,"(0, (2, 3, 4, 4))",4.627,,,10,9
O_tau=0.8,12,1.591506e-01,6.387032e-02,"(0, (2, 3, 4, 4))",4.661,,,10,8
O_tau=0.8,12,1.616489e-01,6.365578e-02,"(0, (2, 3, 4, 4))",4.694,,,9,8
O_tau=0.8,12,1.641863e-01,6.343969e-02,"(0, (2, 3, 4, 4))",4.727,,,9,8
O_tau=0.8,12,1.667636e-01,6.322208e-02,"(0, (2, 3, 4, 4))",4.759,,,9,8
O_tau=0.8,12,1.693814e-01,6.300295e-02,"(0, (2, 3, 4, 4))",4.790,,,9,8
O_tau=0.8,12,1.720402e-01,6.278229e-02,"(0, (2, 3, 4, 4))",4.822,,,9,8
O_tau=0.8,12,1.747408e-01,6.256012e-02,"(0, (2, 3, 4, 4))",4.852,,,9,7
O_tau=0.8,12,1.774838e-01,6.233645e-02,"(0, (2, 3, 4, 4))",4.882,,,9,7
O_tau=0.8,12,1.802698e-01,6.211127e-02,"(0, (2, 3, 4, 4))",4.912,,,9,7
O_tau=0.8,12,1.830996e-01,6.188459e-02,"(0, (2, 3, 4, 4))",4.941,,,8,7
O_tau=0.8,12,1.859738e-01,6.165642e-02,"(0, (2, 3, 4, 4))",4.970,,,8,7
O_tau=0.8,12,1.888931e-01,6.142677e-02,"(0, (2, 3, 4, 4))",4.998,,,8,7
O_tau=0.8,12,1.918582e-01,6.119565e-02,"(0, (2, 3, 4, 4))",5.026,,,8,6
O_tau=0.8,12,1.948699e-01,6.096305e-02,"(0, (2, 3, 4, 4))",5.053,,,8,6
O_tau=0.8,12,1.979288e-01,6.072900e-02,"(0, (2, 3, 4, 4))",5.080,,,7,6
O_tau=0.8,12,2.010358e-01,6.049349e-02,"(0, (2, 3, 4, 4))",5.107,,,7,6
O_tau=0.8,12,2.041915e-01,6.025653e-02,"(0, (2, 3, 4, 4))",5.133,,,7,6
O_tau=0.8,12,2.073968e-01,6.001814e-02,"(0, (2, 3, 4, 4))",5.159,,,7,6
O_tau=0.8,12,2.106524e-01,5.977832e-02,"(0, (2, 3, 4, 4))",5.184,,,7,6
O_tau=0.8,12,2.139591e-01,5.953708e-02,"(0, (2, 3, 4, 4))",5.209,,,7,6
O_tau=0.8,12,2.173177e-01,5.929443e-02,"(0, (2, 3, 4, 4))",5.233,,,6,6
O_tau=0.8,12,2.207290e-01,5.905038e-02,"(0, (2, 3, 4, 4))",5.258,,,6,6
O_tau=0.8,12,2.241939e-01,5.880494e-02,"(0, (2, 3, 4, 4))",5.281,,,6,5
O_tau=0.8,12,2.277131e-01,5.855812e-02,"(0, (2, 3, 4, 4))",5.305,,,6,5
O_tau=0.8,12,2.312876e-01,5.830993e-02,"(0, (2, 3, 4, 4))",5.328,,,6,5
O_tau=0.8,12,2.349183e-01,5.806038e-02,"(0, (2, 3, 4, 4))",5.351,,,6,5
O_tau=0.8,12,2.386059e-01,5.780948e-02,"(0, (2, 3, 4, 4))",5.373,,,,
O_tau=0.8,12,2.423513e-01,5.755725e-02,"(0, (2, 3, 4, 4))",5.395,,,,
O_tau=0.8,12,2.461556e-01,5.730369e-02,"(0, (2, 3, 4, 4))",5.417,,,,
O_tau=0.8,12,2.500196e-01,5.704882e-02,"(0, (2, 3, 4, 4))",5.438,,,,
O_tau=0.8,12,2.539443e-01,5.679264e-02,"(0, (2, 3, 4, 4))",5.459,,,,
O_tau=0.8,12,2.579305e-01,5.653518e-02,"(0, (2, 3, 4, 4))",5.480,,,,
O_tau=0.8,12,2.619794e-01,5.627644e-02,"(0, (2, 3, 4, 4))",5.500,,,,
O_tau=0.8,12,2.660918e-01,5.601643e-02,"(0, (2, 3, 4, 4))",5.520,,,,
O_tau=0.8,12,2.702687e-01,5.575517e-02,"(0, (2, 3, 4, 4))",5.540,,,,
O_tau=0.8,12,2.745112e-01,5.549268e-02,"(0, (2, 3, 4, 4))",5.559,,,,
O_tau=0.8,12,2.788203e-01,5.522896e-02,"(0, (2, 3, 4, 4))",5.579,,,,
O_tau=0.8,12,2.831971e-01,5.496404e-02,"(0, (2, 3, 4, 4))",5.598,,,,
O_tau=0.8,12,2.876426e-01,5.469791e-02,"(0, (2, 3, 4, 4))",5.616,,,,
O_tau=0.8,12,2.921578e-01,5.443061e-02,"(0, (2, 3, 4, 4))",5.635,,,,
O_tau=0.8,12,2.967439e-01,5.416213e-02,"(0, (2, 3, 4, 4))",5.653,,,,
O_tau=0.8,12,3.014020e-01,5.389251e-02,"(0, (2, 3, 4, 4))",5.671,,,,
O_tau=0.8,12,3.061332e-01,5.362174e-02,"(0, (2, 3, 4, 4))",5.688,,,,
O_tau=0.8,12,3.109387e-01,5.334986e-02,"(0, (2, 3, 4, 4))",5.706,,,,
O_tau=0.8,12,3.158196e-01,5.307686e-02,"(0, (2, 3, 4, 4))",5.723,,,,
O_tau=0.8,12,3.207772e-01,5.280278e-02,"(0, (2, 3, 4, 4))",5.740,,,,
O_tau=0.8,12,3.258126e-01,5.252762e-02,"(0, (2, 3, 4, 4))",5.756,,,,
O_tau=0.8,12,3.309270e-01,5.225140e-02,"(0, (2, 3, 4, 4))",5.773,,,,
O_tau=0.8,12,3.361217e-01,5.197414e-02,"(0, (2, 3, 4, 4))",5.789,,,,
O_tau=0.8,12,3.413979e-01,5.169584e-02,"(0, (2, 3, 4, 4))",5.805,,,,
O_tau=0.8,12,3.467569e-01,5.141654e-02,"(0, (2, 3, 4, 4))",5.820,,,,
O_tau=0.8,12,3.522001e-01,5.113625e-02,"(0, (2, 3, 4, 4))",5.836,,,,
O_tau=0.8,12,3.577287e-01,5.085498e-02,"(0, (2, 3, 4, 4))",5.851,,,,
O_tau=0.8,12,3.633441e-01,5.057275e-02,"(0, (2, 3, 4, 4))",5.866,,,,
O_tau=0.8,12,3.690477e-01,5.028958e-02,"(0, (2, 3, 4, 4))",5.881,,,,
O_tau=0.8,12,3.748408e-01,5.000548e-02,"(0, (2, 3, 4, 4))",5.896,,,,
O_tau=0.8,12,3.807248e-01,4.972048e-02,"(0, (2, 3, 4, 4))",5.911,,,,
O_tau=0.8,12,3.867012e-01,4.943459e-02,"(0, (2, 3, 4, 4))",5.925,,,,
O_tau=0.8,12,3.927714e-01,4.914783e-02,"(0, (2, 3, 4, 4))",5.939,,,,
O_tau=0.8,12,3.989369e-01,4.886021e-02,"(0, (2, 3, 4, 4))",5.953,,,,
O_tau=0.8,12,4.051991e-01,4.857176e-02,"(0, (2, 3, 4, 4))",5.967,,,,
O_tau=0.8,12,4.115597e-01,4.828250e-02,"(0, (2, 3, 4, 4))",5.981,,,,
O_tau=0.8,12,4.180201e-01,4.799244e-02,"(0, (2, 3, 4, 4))",5.994,,,,
O_tau=0.8,12,4.245820e-01,4.770160e-02,"(0, (2, 3, 4, 4))",6.008,,,,
O_tau=0.8,12,4.312468e-01,4.741000e-02,"(0, (2, 3, 4, 4))",6.021,,,,
O_tau=0.8,12,4.380162e-01,4.711766e-02,"(0, (2, 3, 4, 4))",6.034,,,,
O_tau=0.8,12,4.448919e-01,4.682460e-02,"(0, (2, 3, 4, 4))",6.047,,,,
O_tau=0.8,12,4.518756e-01,4.653084e-02,"(0, (2, 3, 4, 4))",6.060,,,,
O_tau=0.8,12,4.589688e-01,4.623640e-02,"(0, (2, 3, 4, 4))",6.072,,,,
O_tau=0.8,12,4.661735e-01,4.594129e-02,"(0, (2, 3, 4, 4))",6.085,,,,
O_tau=0.8,12,4.734912e-01,4.564554e-02,"(0, (2, 3, 4, 4))",6.097,,,,
O_tau=0.8,12,4.809237e-01,4.534917e-02,"(0, (2, 3, 4, 4))",6.109,,,,
O_tau=0.8,12,4.884730e-01,4.505220e-02,"(0, (2, 3, 4, 4))",6.122,,,,
O_tau=0.8,12,4.961407e-01,4.475464e-02,"(0, (2, 3, 4, 4))",6.134,,,,
O_tau=0.8,12,5.039289e-01,4.445652e-02,"(0, (2, 3, 4, 4))",6.146,,,,
O_tau=0.8,12,5.118392e-01,4.415785e-02,"(0, (2, 3, 4, 4))",6.157,,,,
O_tau=0.8,12,5.198738e-01,4.385866e-02,"(0, (2, 3, 4, 4))",6.169,,,,
O_tau=0.8,12,5.280344e-01,4.355897e-02,"(0, (2, 3, 4, 4))",6.181,,,,
O_tau=0.8,12,5.363232e-01,4.325880e-02,"(0, (2, 3, 4, 4))",6.192,,,,
O_tau=0.8,12,5.447421e-01,4.295816e-02,"(0, (2, 3, 4, 4))",6.204,,,,
O_tau=0.8,12,5.532931e-01,4.265708e-02,"(0, (2, 3, 4, 4))",6.215,,,,
O_tau=0.8,12,5.619783e-01,4.235559e-02,"(0, (2, 3, 4, 4))",6.227,,,,
O_tau=0.8,12,5.707999e-01,4.205369e-02,"(0, (2, 3, 4, 4))",6.238,,,,
O_tau=0.8,12,5.797600e-01,4.175141e-02,"(0, (2, 3, 4, 4))",6.249,,,,
O_tau=0.8,12,5.888607e-01,4.144877e-02,"(0, (2, 3, 4, 4))",6.260,,,,
O_tau=0.8,12,5.981043e-01,4.114580e-02,"(0, (2, 3, 4, 4))",6.507,,,,
O_tau=0.8,12,6.074930e-01,4.084251e-02,"(0, (2, 3, 4, 4))",6.524,,,,
O_tau=0.8,12,6.170290e-01,4.053892e-02,"(0, (2, 3, 4, 4))",6.542,,,,
O_tau=0.8,12,6.267148e-01,4.023506e-02,"(0, (2, 3, 4, 4))",6.560,,,,
O_tau=0.8,12,6.365525e-01,3.993094e-02,"(0, (2, 3, 4, 4))",6.578,,,,
O_tau=0.8,12,6.465448e-01,3.962659e-02,"(0, (2, 3, 4, 4))",6.597,,,,
O_tau=0.8,12,6.566938e-01,3.932203e-02,"(0, (2, 3, 4, 4))",6.615,,,,
O_tau=0.8,12,6.670022e-01,3.901728e-02,"(0, (2, 3, 4, 4))",6.634,,,,
O_tau=0.8,12,6.774724e-01,3.871235e-02,"(0, (2, 3, 4, 4))",6.654,,,,
O_tau=0.8,12,6.881069e-01,3.840728e-02,"(0, (2, 3, 4, 4))",6.673,,,,
O_tau=0.8,12,6.989084e-01,3.810208e-02,"(0, (2, 3, 4, 4))",6.693,,,,
O_tau=0.8,12,7.098795e-01,3.779677e-02,"(0, (2, 3, 4, 4))",6.713,,,,
O_tau=0.8,12,7.210227e-01,3.749138e-02,"(0, (2, 3, 4, 4))",6.734,,,,
O_tau=0.8,12,7.323409e-01,3.718592e-02,"(0, (2, 3, 4, 4))",6.755,,,,
O_tau=0.8,12,7.438367e-01,3.688042e-02,"(0, (2, 3, 4, 4))",6.776,,,,
O_tau=0.8,12,7.555130e-01,3.657490e-02,"(0, (2, 3, 4, 4))",6.798,,,,
O_tau=0.8,12,7.673726e-01,3.626938e-02,"(0, (2, 3, 4, 4))",6.820,,,,
O_tau=0.8,12,7.794184e-01,3.596388e-02,"(0, (2, 3, 4, 4))",6.842,,,,
O_tau=0.8,12,7.916532e-01,3.565842e-02,"(0, (2, 3, 4, 4))",6.864,,,,
O_tau=0.8,12,8.040801e-01,3.535302e-02,"(0, (2, 3, 4, 4))",6.887,,,,
O_tau=0.8,12,8.167020e-01,3.504770e-02,"(0, (2, 3, 4, 4))",6.911,,,,
O_tau=0.8,12,8.295221e-01,3.474250e-02,"(0, (2, 3, 4, 4))",6.934,,,,
O_tau=0.8,12,8.425434e-01,3.443741e-02,"(0, (2, 3, 4, 4))",6.958,,,,
O_tau=0.8,12,8.557692e-01,3.413248e-02,"(0, (2, 3, 4, 4))",6.983,,,,
O_tau=0.8,12,8.692025e-01,3.382772e-02,"(0, (2, 3, 4, 4))",7.007,,,,
O_tau=0.8,12,8.828467e-01,3.352314e-02,"(0, (2, 3, 4, 4))",7.033,,,,
O_tau=0.8,12,8.967051e-01,3.321878e-02,"(0, (2, 3, 4, 4))",7.058,,,,
O_tau=0.8,12,9.107810e-01,3.291465e-02,"(0, (2, 3, 4, 4))",7.084,,,,
O_tau=0.8,12,9.250779e-01,3.261077e-02,"(0, (2, 3, 4, 4))",7.111,,,,
O_tau=0.8,12,9.395992e-01,3.230717e-02,"(0, (2, 3, 4, 4))",7.137,,,,
O_tau=0.8,12,9.543485e-01,3.200387e-02,"(0, (2, 3, 4, 4))",7.165,,,,
O_tau=0.8,12,9.693293e-01,3.170088e-02,"(0, (2, 3, 4, 4))",7.192,,,,
O_tau=0.8,12,9.845452e-01,3.139823e-02,"(0, (2, 3, 4, 4))",7.220,,,,
O_tau=0.8,12,1.000000e+00,3.109594e-02,"(0, (2, 3, 4, 4))",7.249,,,,
O_tau=1.2,3,1.000000e-05,1.666647e-01,"(0, (2, 2, 2, 2, 3))",-24934.974,,,,
O_tau=1.2,3,1.017818e-05,1.666647e-01,"(0, (2, 2, 2, 2, 3))",-24498.302,,,,
O_tau=1.2,3,1.035953e-05,1.666647e-01,"(0, (2, 2, 2, 2, 3))",-24069.274,,,,
O_tau=1.2,3,1.054412e-05,1.666646e-01,"(0, (2, 2, 2, 2, 3))",-23647.757,,,,
O_tau=1.2,3,1.073199e-05,1.666646e-01,"(0, (2, 2, 2, 2, 3))",-23233.619,,,,
O_tau=1.2,3,1.092322e-05,1.666645e-01,"(0, (2, 2, 2, 2, 3))",-22826.731,,,,
O_tau=1.2,3,1.111784e-05,1.666645e-01,"(0, (2, 2, 2, 2, 3))",-22426.966,,,,
O_tau=1.2,3,1.131594e-05,1.666645e-01,"(0, (2, 2, 2, 2, 3))",-22034.200,,,,
O_tau=1.2,3,1.151757e-05,1.666644e-01,"(0, (2, 2, 2, 2, 3))",-21648.309,,,,
O_tau=1.2,3,1.172279e-05,1.666644e-01,"(0, (2, 2, 2, 2, 3))",-21269.174,,,,
O_tau=1.2,3,1.193166e-05,1.666643e-01,"(0, (2, 2, 2, 2, 3))",-20896.676,,,,
O_tau=1.2,3,1.214426e-05,1.666643e-01,"(0, (2, 2, 2, 2, 3))",-20530.699,,,,
O_tau=1.2,3,1.236065e-05,1.666643e-01,"(0, (2, 2, 2, 2, 3))",-20171.129,,,,
O_tau=1.2,3,1.258089e-05,1.666642e-01,"(0, (2, 2, 2, 2, 3))",-19817.853,,,,
O_tau=1.2,3,1.280505e-05,1.666642e-01,"(0, (2, 2, 2, 2, 3))",-19470.762,,,,
O_tau=1.2,3,1.303321e-05,1.666641e-01,"(0, (2, 2, 2, 2, 3))",-19129.748,,,,
O_tau=1.2,3,1.326544e-05,1.666641e-01,"(0, (2, 2, 2, 2, 3))",-18794.703,,,,
O_tau=1.2,3,1.350180e-05,1.666640e-01,"(0, (2, 2, 2, 2, 3))",-18465.523,,,,
O_tau=1.2,3,1.374238e-05,1.666640e-01,"(0, (2, 2, 2, 2, 3))",-18142.107,,,,
O_tau=1.2,3,1.398724e-05,1.666639e-01,"(0, (2, 2, 2, 2, 3))",-17824.352,,,,
O_tau=1.2,3,1.423646e-05,1.666639e-01,"(0, (2, 2, 2, 2, 3))",-17512.159,,,,
O_tau=1.2,3,1.449012e-05,1.666638e-01,"(0, (2, 2, 2, 2, 3))",-17205.433,,,,
O_tau=1.2,3,1.474831e-05,1.666638e-01,"(0, (2, 2, 2, 2, 3))",-16904.075,,,,
O_tau=1.2,3,1.501109e-05,1.666637e-01,"(0, (2, 2, 2, 2, 3))",-16607.994,,,,
O_tau=1.2,3,1.527856e-05,1.666637e-01,"(0, (2, 2, 2, 2, 3))",-16317.095,,,,
O_tau=1.2,3,1.555079e-05,1.666636e-01,"(0, (2, 2, 2, 2, 3))",-16031.289,,,,
O_tau=1.2,3,1.582787e-05,1.666636e-01,"(0, (2, 2, 2, 2, 3))",-15750.487,,,,
O_tau=1.2,3,1.610989e-05,1.666635e-01,"(0, (2, 2, 2, 2, 3))",-15474.600,,,,
O_tau=1.2,3,1.639694e-05,1.666635e-01,"(0, (2, 2, 2, 2, 3))",-15203.543,,,,
O_tau=1.2,3,1.668910e-05,1.666634e-01,"(0, (2, 2, 2, 2, 3))",-14937.232,,,,
O_tau=1.2,3,1.698646e-05,1.666634e-01,"(0, (2, 2, 2, 2, 3))",-14675.582,,,,
O_tau=1.2,3,1.728913e-05,1.666633e-01,"(0, (2, 2, 2, 2, 3))",-14418.513,,,,
O_tau=1.2,3,1.759718e-05,1.666632e-01,"(0, (2, 2, 2, 2, 3))",-14165.944,,,,
O_tau=1.2,3,1.791073e-05,1.666632e-01,"(0, (2, 2, 2, 2, 3))",-13917.797,,,,
O_tau=1.2,3,1.822986e-05,1.666631e-01,"(0, (2, 2, 2, 2, 3))",-13673.994,,,,
O_tau=1.2,3,1.855468e-05,1.666631e-01,"(0, (2, 2, 2, 2, 3))",-13434.459,,,,
O_tau=1.2,3,1.888529e-05,1.666630e-01,"(0, (2, 2, 2, 2, 3))",-13199.117,,,,
O_tau=1.2,3,1.922178e-05,1.666629e-01,"(0, (2, 2, 2, 2, 3))",-12967.896,,,,
O_tau=1.2,3,1.956428e-05,1.666629e-01,"(0, (2, 2, 2, 2, 3))",-12740.722,,,,
O_tau=1.2,3,1.991287e-05,1.666628e-01,"(0, (2, 2, 2, 2, 3))",-12517.525,,,,
O_tau=1.2,3,2.026768e-05,1.666627e-01,"(0, (2, 2, 2, 2, 3))",-12298.235,,,,
O_tau=1.2,3,2.062881e-05,1.666627e-01,"(0, (2, 2, 2, 2, 3))",-12082.785,,,,
O_tau=1.2,3,2.099637e-05,1.666626e-01,"(0, (2, 2, 2, 2, 3))",-11871.106,,,,
O_tau=1.2,3,2.137048e-05,1.666625e-01,"(0, (2, 2, 2, 2, 3))",-11663.133,,,,
O_tau=1.2,3,2.175126e-05,1.666624e-01,"(0, (2, 2, 2, 2, 3))",-11458.801,,,,
O_tau=1.2,3,2.213882e-05,1.666624e-01,"(0, (2, 2, 2, 2, 3))",-11258.046,,,,
O_tau=1.2,3,2.253329e-05,1.666623e-01,"(0, (2, 2, 2, 2, 3))",-11060.805,,,,
O_tau=1.2,3,2.293479e-05,1.666622e-01,"(0, (2, 2, 2, 2, 3))",-10867.017,,,,
O_tau=1.2,3,2.334344e-05,1.666621e-01,"(0, (2, 2, 2, 2, 3))",-10676.622,,,,
O_tau=1.2,3,2.375937e-05,1.666620e-01,"(0, (2, 2, 2, 2, 3))",-10489.560,,,,
O_tau=1.2,3,2.418271e-05,1.666620e-01,"(0, (2, 2, 2, 2, 3))",-10305.773,,,,
O_tau=1.2,3,2.461360e-05,1.666619e-01,"(0, (2, 2, 2, 2, 3))",-10125.203,,,,
O_tau=1.2,3,2.505216e-05,1.666618e-01,"(0, (2, 2, 2, 2, 3))",-9947.794,,,,
O_tau=1.2,3,2.549854e-05,1.666617e-01,"(0, (2, 2, 2, 2, 3))",-9773.492,,,,
O_tau=1.2,3,2.595287e-05,1.666616e-01,"(0, (2, 2, 2, 2, 3))",-9602.240,,,,
O_tau=1.2,3,2.641530e-05,1.666615e-01,"(0, (2, 2, 2, 2, 3))",-9433.987,,,,
O_tau=1.2,3,2.688596e-05,1.666614e-01,"(0, (2, 2, 2, 2, 3))",-9268.679,,,,
O_tau=1.2,3,2.736502e-05,1.666613e-01,"(0, (2, 2, 2, 2, 3))",-9106.265,,,,
O_tau=1.2,3,2.785260e-05,1.666613e-01,"(0, (2, 2, 2, 2, 3))",-8946.694,,,,
O_tau=1.2,3,2.834888e-05,1.666612e-01,"(0, (2, 2, 2, 2, 3))",-8789.917,,,,
O_tau=1.2,3,2.885400e-05,1.666611e-01,"(0, (2, 2, 2, 2, 3))",-8635.884,,,,
O_tau=1.2,3,2.936812e-05,1.666610e-01,"(0, (2, 2, 2, 2, 3))",-8484.548,,,,
O_tau=1.2,3,2.989140e-05,1.666609e-01,"(0, (2, 2, 2, 2, 3))",-8335.861,,,,
O_tau=1.2,3,3.042400e-05,1.666608e-01,"(0, (2, 2, 2, 2, 3))",-8189.778,,,,
O_tau=1.2,3,3.096609e-05,1.666606e-01,"(0, (2, 2, 2, 2, 3))",-8046.251,,,,
O_tau=1.2,3,3.151784e-05,1.666605e-01,"(0, (2, 2, 2, 2, 3))",-7905.238,,,,
O_tau=1.2,3,3.207943e-05,1.666604e-01,"(0, (2, 2, 2, 2, 3))",-7766.693,,,,
O_tau=1.2,3,3.265102e-05,1.666603e-01,"(0, (2, 2, 2, 2, 3))",-7630.573,,,,
O_tau=1.2,3,3.323279e-05,1.666602e-01,"(0, (2, 2, 2, 2, 3))",-7496.837,,,,
O_tau=1.2,3,3.382493e-05,1.666601e-01,"(0, (2, 2, 2, 2, 3))",-7365.441,,,,
O_tau=1.2,3,3.442762e-05,1.666600e-01,"(0, (2, 2, 2, 2, 3))",-7236.346,,,,
O_tau=1.2,3,3.504105e-05,1.666599e-01,"(0, (2, 2, 2, 2, 3))",-7109.511,,,,
O_tau=1.2,3,3.566541e-05,1.666597e-01,"(0, (2, 2, 2, 2, 3))",-6984.897,,,,
O_tau=1.2,3,3.630089e-05,1.666596e-01,"(0, (2, 2, 2, 2, 3))",-6862.464,,,,
O_tau=1.2,3,3.694770e-05,1.666595e-01,"(0, (2, 2, 2, 2, 3))",-6742.174,,,,
O_tau=1.2,3,3.760603e-05,1.666594e-01,"(0, (2, 2, 2, 2, 3))",-6623.990,,,,
O_tau=1.2,3,3.827609e-05,1.666592e-01,"(0, (2, 2, 2, 2, 3))",-6507.876,,,,
O_tau=1.2,3,3.895809e-05,1.666591e-01,"(0, (2, 2, 2, 2, 3))",-6393.794,,,,
O_tau=1.2,3,3.965225e-05,1.666590e-01,"(0, (2, 2, 2, 2, 3))",-6281.709,,,,
O_tau=1.2,3,4.035877e-05,1.666588e-01,"(0, (2, 2, 2, 2, 3))",-6171.586,,,,
O_tau=1.2,3,4.107788e-05,1.666587e-01,"(0, (2, 2, 2, 2, 3))",-6063.391,,,,
O_tau=1.2,3,4.180980e-05,1.666585e-01,"(0, (2, 2, 2, 2, 3))",-5957.091,,,,
O_tau=1.2,3,4.255477e-05,1.666584e-01,"(0, (2, 2, 2, 2, 3))",-5852.651,,,,
O_tau=1.2,3,4.331300e-05,1.666582e-01,"(0, (2, 2, 2, 2, 3))",-5750.040,,,,
O_tau=1.2,3,4.408475e-05,1.666581e-01,"(0, (2, 2, 2, 2, 3))",-5649.225,,,,
O_tau=1.2,3,4.487025e-05,1.666579e-01,"(0, (2, 2, 2, 2, 3))",-5550.175,,,,
O_tau=1.2,3,4.566975e-05,1.666578e-01,"(0, (2, 2, 2, 2, 3))",-5452.859,,,,
O_tau=1.2,3,4.648349e-05,1.666576e-01,"(0, (2, 2, 2, 2, 3))",-5357.247,,,,
O_tau=1.2,3,4.731173e-05,1.666575e-01,"(0, (2, 2, 2, 2, 3))",-5263.309,,,,
O_tau=1.2,3,4.815472e-05,1.666573e-01,"(0, (2, 2, 2, 2, 3))",-5171.015,,,,
O_tau=1.2,3,4.901274e-05,1.666571e-01,"(0, (2, 2, 2, 2, 3))",-5080.337,,,,
O_tau=1.2,3,4.988605e-05,1.666570e-01,"(0, (2, 2, 2, 2, 3))",-4991.246,,,,
O_tau=1.2,3,5.077491e-05,1.666568e-01,"(0, (2, 2, 2, 2, 3))",-4903.716,,,,
O_tau=1.2,3,5.167962e-05,1.666566e-01,"(0, (2, 2, 2, 2, 3))",-4817.717,,,,
O_tau=1.2,3,5.260044e-05,1.666564e-01,"(0, (2, 2, 2, 2, 3))",-4733.224,,,,
O_tau=1.2,3,5.353767e-05,1.666563e-01,"(0, (2, 2, 2, 2, 3))",-4650.210,,,,
O_tau=1.2,3,5.449160e-05,1.666561e-01,"(0, (2, 2, 2, 2, 3))",-4568.650,,,,
O_tau=1.2,3,5.546253e-05,1.666559e-01,"(0, (2, 2, 2, 2, 3))",-4488.517,,,,
O_tau=1.2,3,5.645076e-05,1.666557e-01,"(0, (2, 2, 2, 2, 3))",-4409.788,,,,
O_tau=1.2,3,5.745660e-05,1.666555e-01,"(0, (2, 2, 2, 2, 3))",-4332.436,,,,
O_tau=1.2,3,5.848035e-05,1.666553e-01,"(0, (2, 2, 2, 2, 3))",-4256.439,,,,
O_tau=1.2,3,5.952235e-05,1.666551e-01,"(0, (2, 2, 2, 2, 3))",-4181.773,,,,
O_tau=1.2,3,6.058292e-05,1.666549e-01,"(0, (2, 2, 2, 2, 3))",-4108.413,,,,
O_tau=1.2,3,6.166238e-05,1.666547e-01,"(0, (2, 2, 2, 2, 3))",-4036.338,,,,
O_tau=1.2,3,6.276108e-05,1.666545e-01,"(0, (2, 2, 2, 2, 3))",-3965.524,,,,
O_tau=1.2,3,6.387935e-05,1.666542e-01,"(0, (2, 2, 2, 2, 3))",-3895.951,,,,
O_tau=1.2,3,6.501755e-05,1.666540e-01,"(0, (2, 2, 2, 2, 3))",-3827.595,,,,
O_tau=1.2,3,6.617603e-05,1.666538e-01,"(0, (2, 2, 2, 2, 3))",-3760.436,,,,
O_tau=1.2,3,6.735515e-05,1.666536e-01,"(0, (2, 2, 2, 2, 3))",-3694.453,,,,
O_tau=1.2,3,6.855528e-05,1.666533e-01,"(0, (2, 2, 2, 2, 3))",-3629.625,,,,
O_tau=1.2,3,6.977679e-05,1.666531e-01,"(0, (2, 2, 2, 2, 3))",-3565.932,,,,
O_tau=1.2,3,7.102007e-05,1.666529e-01,"(0, (2, 2, 2, 2, 3))",-3503.354,,,,
O_tau=1.2,3,7.228550e-05,1.666526e-01,"(0, (2, 2, 2, 2, 3))",-3441.871,,,,
O_tau=1.2,3,7.357348e-05,1.666524e-01,"(0, (2, 2, 2, 2, 3))",-3381.465,,,,
O_tau=1.2,3,7.488441e-05,1.666521e-01,"(0, (2, 2, 2, 2, 3))",-3322.117,,,,
O_tau=1.2,3,7.621869e-05,1.666518e-01,"(0, (2, 2, 2, 2, 3))",-3263.807,,,,
O_tau=1.2,3,7.757675e-05,1.666516e-01,"(0, (2, 2, 2, 2, 3))",-3206.519,,,,
O_tau=1.2,3,7.895901e-05,1.666513e-01,"(0, (2, 2, 2, 2, 3))",-3150.233,,,,
O_tau=1.2,3,8.036590e-05,1.666510e-01,"(0, (2, 2, 2, 2, 3))",-3094.932,,,,
O_tau=1.2,3,8.179785e-05,1.666508e-01,"(0, (2, 2, 2, 2, 3))",-3040.600,,,,
O_tau=1.2,3,8.325532e-05,1.666505e-01,"(0, (2, 2, 2, 2, 3))",-2987.219,,,,
O_tau=1.2,3,8.473876e-05,1.666502e-01,"(0, (2, 2, 2, 2, 3))",-2934.773,,,,
O_tau=1.2,3,8.624863e-05,1.666499e-01,"(0, (2, 2, 2, 2, 3))",-2883.245,,,,
O_tau=1.2,3,8.778540e-05,1.666496e-01,"(0, (2, 2, 2, 2, 3))",-2832.619,,,,
O_tau=1.2,3,8.934956e-05,1.666493e-01,"(0, (2, 2, 2, 2, 3))",-2782.879,,,,
O_tau=1.2,3,9.094158e-05,1.666490e-01,"(0, (2, 2, 2, 2, 3))",-2734.010,,,,
O_tau=1.2,3,9.256197e-05,1.666487e-01,"(0, (2, 2, 2, 2, 3))",-2685.997,,,,
O_tau=1.2,3,9.421124e-05,1.666484e-01,"(0, (2, 2, 2, 2, 3))",-2638.824,,,,
O_tau=1.2,3,9.588989e-05,1.666480e-01,"(0, (2, 2, 2, 2, 3))",-2592.477,,,,
O_tau=1.2,3,9.759844e-05,1.666477e-01,"(0, (2, 2, 2, 2, 3))",-2546.942,,,,
O_tau=1.2,3,9.933745e-05,1.666474e-01,"(0, (2, 2, 2, 2, 3))",-2502.203,,,,
O_tau=1.2,3,1.011074e-04,1.666470e-01,"(0, (2, 2, 2, 2, 3))",-2458.248,,,,
O_tau=1.2,3,1.029090e-04,1.666467e-01,"(0, (2, 2, 2, 2, 3))",-2415.063,,,,
O_tau=1.2,3,1.047426e-04,1.666463e-01,"(0, (2, 2, 2, 2, 3))",-2372.633,,,,
O_tau=1.2,3,1.066089e-04,1.666459e-01,"(0, (2, 2, 2, 2, 3))",-2330.947,,,,
O_tau=1.2,3,1.085084e-04,1.666456e-01,"(0, (2, 2, 2, 2, 3))",-2289.990,,,,
O_tau=1.2,3,1.104418e-04,1.666452e-01,"(0, (2, 2, 2, 2, 3))",-2249.750,,,,
O_tau=1.2,3,1.124097e-04,1.666448e-01,"(0, (2, 2, 2, 2, 3))",-2210.215,,,,
O_tau=1.2,3,1.144126e-04,1.666444e-01,"(0, (2, 2, 2, 2, 3))",-2171.372,,,,
O_tau=1.2,3,1.164512e-04,1.666440e-01,"(0, (2, 2, 2, 2, 3))",-2133.209,,,,
O_tau=1.2,3,1.185261e-04,1.666436e-01,"(0, (2, 2, 2, 2, 3))",-2095.714,,,,
O_tau=1.2,3,1.206380e-04,1.666432e-01,"(0, (2, 2, 2, 2, 3))",-2058.876,,,,
O_tau=1.2,3,1.227875e-04,1.666428e-01,"(0, (2, 2, 2, 2, 3))",-2022.683,,,,
O_tau=1.2,3,1.249753e-04,1.666424e-01,"(0, (2, 2, 2, 2, 3))",-1987.123,,,,
O_tau=1.2,3,1.272021e-04,1.666419e-01,"(0, (2, 2, 2, 2, 3))",-1952.186,,,,
O_tau=1.2,3,1.294686e-04,1.666415e-01,"(0, (2, 2, 2, 2, 3))",-1917.860,,,,
O_tau=1.2,3,1.317755e-04,1.666410e-01,"(0, (2, 2, 2, 2, 3))",-1884.136,,,,
O_tau=1.2,3,1.341234e-04,1.666406e-01,"(0, (2, 2, 2, 2, 3))",-1851.002,,,,
O_tau=1.2,3,1.365132e-04,1.666401e-01,"(0, (2, 2, 2, 2, 3))",-1818.448,,,,
O_tau=1.2,3,1.389456e-04,1.666397e-01,"(0, (2, 2, 2, 2, 3))",-1786.464,,,,
O_tau=1.2,3,1.414214e-04,1.666392e-01,"(0, (2, 2, 2, 2, 3))",-1755.040,,,,
O_tau=1.2,3,1.439412e-04,1.666387e-01,"(0, (2, 2, 2, 2, 3))",-1724.166,,,,
O_tau=1.2,3,1.465059e-04,1.666382e-01,"(0, (2, 2, 2, 2, 3))",-1693.833,,,,
O_tau=1.2,3,1.491164e-04,1.666377e-01,"(0, (2, 2, 2, 2, 3))",-1664.031,,,,
O_tau=1.2,3,1.517733e-04,1.666372e-01,"(0, (2, 2, 2, 2, 3))",-1634.750,,,,
O_tau=1.2,3,1.544776e-04,1.666366e-01,"(0, (2, 2, 2, 2, 3))",-1605.983,,,,
O_tau=1.2,3,1.572301e-04,1.666361e-01,"(0, (2, 2, 2, 2, 3))",-1577.718,,,,
O_tau=1.2,3,1.600316e-04,1.666356e-01,"(0, (2, 2, 2, 2, 3))",-1549.949,,,,
O_tau=1.2,3,1.628830e-04,1.666350e-01,"(0, (2, 2, 2, 2, 3))",-1522.666,,,,
O_tau=1.2,3,1.657853e-04,1.666344e-01,"(0, (2, 2, 2, 2, 3))",-1495.861,,,,
O_tau=1.2,3,1.687392e-04,1.666339e-01,"(0, (2, 2, 2, 2, 3))",-1469.525,,,,
O_tau=1.2,3,1.717458e-04,1.666333e-01,"(0, (2, 2, 2, 2, 3))",-1443.650,,,,
O_tau=1.2,3,1.748059e-04,1.666327e-01,"(0, (2, 2, 2, 2, 3))",-1418.228,,,,
O_tau=1.2,3,1.779206e-04,1.666321e-01,"(0, (2, 2, 2, 2, 3))",-1393.251,,,,
O_tau=1.2,3,1.810908e-04,1.666315e-01,"(0, (2, 2, 2, 2, 3))",-1368.712,,,,
O_tau=1.2,3,1.843175e-04,1.666308e-01,"(0, (2, 2, 2, 2, 3))",-1344.602,,,,
O_tau=1.2,3,1.876016e-04,1.666302e-01,"(0, (2, 2, 2, 2, 3))",-1320.914,,,,
O_tau=1.2,3,1.909443e-04,1.666296e-01,"(0, (2, 2, 2, 2, 3))",-1297.641,,,,
O_tau=1.2,3,1.943465e-04,1.666289e-01,"(0, (2, 2, 2, 2, 3))",-1274.776,,,,
O_tau=1.2,3,1.978094e-04,1.666282e-01,"(0, (2, 2, 2, 2, 3))",-1252.311,,,,
O_tau=1.2,3,2.013339e-04,1.666275e-01,"(0, (2, 2, 2, 2, 3))",-1230.239,,,,
O_tau=1.2,3,2.049213e-04,1.666268e-01,"(0, (2, 2, 2, 2, 3))",-1208.554,,,,
O_tau=1.2,3,2.085726e-04,1.666261e-01,"(0, (2, 2, 2, 2, 3))",-1187.248,,,,
O_tau=1.2,3,2.122889e-04,1.666254e-01,"(0, (2, 2, 2, 2, 3))",-1166.315,,,,
O_tau=1.2,3,2.160715e-04,1.666247e-01,"(0, (2, 2, 2, 2, 3))",-1145.749,,,,
O_tau=1.2,3,2.199214e-04,1.666239e-01,"(0, (2, 2, 2, 2, 3))",-1125.543,,,,
O_tau=1.2,3,2.238399e-04,1.666232e-01,"(0, (2, 2, 2, 2, 3))",-1105.691,,,,
O_tau=1.2,3,2.278283e-04,1.666224e-01,"(0, (2, 2, 2, 2, 3))",-1086.187,,,,
O_tau=1.2,3,2.318877e-04,1.666216e-01,"(0, (2, 2, 2, 2, 3))",-1067.024,,,,
O_tau=1.2,3,2.360195e-04,1.666208e-01,"(0, (2, 2, 2, 2, 3))",-1048.196,,,,
O_tau=1.2,3,2.402249e-04,1.666200e-01,"(0, (2, 2, 2, 2, 3))",-1029.698,,,,
O_tau=1.2,3,2.445052e-04,1.666191e-01,"(0, (2, 2, 2, 2, 3))",-1011.524,,,,
O_tau=1.2,3,2.488618e-04,1.666183e-01,"(0, (2, 2, 2, 2, 3))",-993.669,,,,
O_tau=1.2,3,2.532960e-04,1.666174e-01,"(0, (2, 2, 2, 2, 3))",-976.125,,,,
O_tau=1.2,3,2.578092e-04,1.666166e-01,"(0, (2, 2, 2, 2, 3))",-958.890,,,,
O_tau=1.2,3,2.624028e-04,1.666157e-01,"(0, (2, 2, 2, 2, 3))",-941.955,,,,
O_tau=1.2,3,2.670783e-04,1.666148e-01,"(0, (2, 2, 2, 2, 3))",-925.318,,,,
O_tau=1.2,3,2.718371e-04,1.666138e-01,"(0, (2, 2, 2, 2, 3))",-908.972,,,,
O_tau=1.2,3,2.766807e-04,1.666129e-01,"(0, (2, 2, 2, 2, 3))",-892.911,,,,
O_tau=1.2,3,2.816105e-04,1.666119e-01,"(0, (2, 2, 2, 2, 3))",-877.133,,,,
O_tau=1.2,3,2.866283e-04,1.666110e-01,"(0, (2, 2, 2, 2, 3))",-861.630,,,,
O_tau=1.2,3,2.917354e-04,1.666100e-01,"(0, (2, 2, 2, 2, 3))",-846.399,,,,
O_tau=1.2,3,2.969335e-04,1.666090e-01,"(0, (2, 2, 2, 2, 3))",-831.435,,,,
O_tau=1.2,3,3.022242e-04,1.666079e-01,"(0, (2, 2, 2, 2, 3))",-816.732,,,,
O_tau=1.2,3,3.076093e-04,1.666069e-01,"(0, (2, 2, 2, 2, 3))",-802.287,,,,
O_tau=1.2,3,3.130902e-04,1.666058e-01,"(0, (2, 2, 2, 2, 3))",-788.095,,,,
O_tau=1.2,3,3.186688e-04,1.666047e-01,"(0, (2, 2, 2, 2, 3))",-774.152,,,,
O_tau=1.2,3,3.243469e-04,1.666036e-01,"(0, (2, 2, 2, 2, 3))",-760.453,,,,
O_tau=1.2,3,3.301261e-04,1.666025e-01,"(0, (2, 2, 2, 2, 3))",-746.993,,,,
O_tau=1.2,3,3.360082e-04,1.666014e-01,"(0, (2, 2, 2, 2, 3))",-733.769,,,,
O_tau=1.2,3,3.419952e-04,1.666002e-01,"(0, (2, 2, 2, 2, 3))",-720.777,,,,
O_tau=1.2,3,3.480888e-04,1.665990e-01,"(0, (2, 2, 2, 2, 3))",-708.013,,,,
O_tau=1.2,3,3.542911e-04,1.665978e-01,"(0, (2, 2, 2, 2, 3))",-695.472,,,,
O_tau=1.2,3,3.606038e-04,1.665966e-01,"(0, (2, 2, 2, 2, 3))",-683.150,,,,
O_tau=1.2,3,3.670290e-04,1.665953e-01,"(0, (2, 2, 2, 2, 3))",-671.044,,,,
O_tau=1.2,3,3.735687e-04,1.665941e-01,"(0, (2, 2, 2, 2, 3))",-659.151,,,,
O_tau=1.2,3,3.802249e-04,1.665928e-01,"(0, (2, 2, 2, 2, 3))",-647.465,,,,
O_tau=1.2,3,3.869998e-04,1.665915e-01,"(0, (2, 2, 2, 2, 3))",-635.984,,,,
O_tau=1.2,3,3.938953e-04,1.665901e-01,"(0, (2, 2, 2, 2, 3))",-624.704,,,,
O_tau=1.2,3,4.009137e-04,1.665888e-01,"(0, (2, 2, 2, 2, 3))",-613.622,,,,
O_tau=1.2,3,4.080572e-04,1.665874e-01,"(0, (2, 2, 2, 2, 3))",-602.734,,,,
O_tau=1.2,3,4.153279e-04,1.665860e-01,"(0, (2, 2, 2, 2, 3))",-592.036,,,,
O_tau=1.2,3,4.227282e-04,1.665845e-01,"(0, (2, 2, 2, 2, 3))",-581.526,,,,
O_tau=1.2,3,4.302603e-04,1.665831e-01,"(0, (2, 2, 2, 2, 3))",-571.200,,,,
O_tau=1.2,3,4.379267e-04,1.665816e-01,"(0, (2, 2, 2, 2, 3))",-561.055,,,,
O_tau=1.2,3,4.457296e-04,1.665801e-01,"(0, (2, 2, 2, 2, 3))",-551.087,,,,
O_tau=1.2,3,4.536716e-04,1.665785e-01,"(0, (2, 2, 2, 2, 3))",-541.294,,,,
O_tau=1.2,3,4.617551e-04,1.665769e-01,"(0, (2, 2, 2, 2, 3))",-531.673,,,,
O_tau=1.2,3,4.699826e-04,1.665754e-01,"(0, (2, 2, 2, 2, 3))",-522.220,,,,
O_tau=1.2,3,4.783567e-04,1.665737e-01,"(0, (2, 2, 2, 2, 3))",-512.932,,,,
O_tau=1.2,3,4.868801e-04,1.665721e-01,"(0, (2, 2, 2, 2, 3))",-503.807,,,,
O_tau=1.2,3,4.955553e-04,1.665704e-01,"(0, (2, 2, 2, 2, 3))",-494.842,,,,
O_tau=1.2,3,5.043850e-04,1.665687e-01,"(0, (2, 2, 2, 2, 3))",-486.034,,,,
O_tau=1.2,3,5.133721e-04,1.665669e-01,"(0, (2, 2, 2, 2, 3))",-477.380,,,,
O_tau=1.2,3,5.225194e-04,1.665652e-01,"(0, (2, 2, 2, 2, 3))",-468.878,,,,
O_tau=1.2,3,5.318296e-04,1.665633e-01,"(0, (2, 2, 2, 2, 3))",-460.525,,,,
O_tau=1.2,3,5.413057e-04,1.665615e-01,"(0, (2, 2, 2, 2, 3))",-452.318,,,,
O_tau=1.2,3,5.509506e-04,1.665596e-01,"(0, (2, 2, 2, 2, 3))",-444.255,,,,
O_tau=1.2,3,5.607674e-04,1.665577e-01,"(0, (2, 2, 2, 2, 3))",-436.333,,,,
O_tau=1.2,3,5.707592e-04,1.665558e-01,"(0, (2, 2, 2, 2, 3))",-428.549,,,,
O_tau=1.2,3,5.809289e-04,1.665538e-01,"(0, (2, 2, 2, 2, 3))",-420.902,,,,
O_tau=1.2,3,5.912799e-04,1.665518e-01,"(0, (2, 2, 2, 2, 3))",-413.389,,,,
O_tau=1.2,3,6.018153e-04,1.665498e-01,"(0, (2, 2, 2, 2, 3))",-406.008,,,,
O_tau=1.2,3,6.125384e-04,1.665477e-01,"(0, (2, 2, 2, 2, 3))",-398.756,,,,
O_tau=1.2,3,6.234525e-04,1.665456e-01,"(0, (2, 2, 2, 2, 3))",-391.631,,,,
O_tau=1.2,3,6.345612e-04,1.665434e-01,"(0, (2, 2, 2, 2, 3))",-384.630,,,,
O_tau=1.2,3,6.458677e-04,1.665412e-01,"(0, (2, 2, 2, 2, 3))",-377.753,,,,
O_tau=1.2,3,6.573758e-04,1.665390e-01,"(0, (2, 2, 2, 2, 3))",-370.995,,,4420,4420
O_tau=1.2,3,6.690889e-04,1.665367e-01,"(0, (2, 2, 2, 2, 3))",-364.357,,,4334,4334
O_tau=1.2,3,6.810106e-04,1.665344e-01,"(0, (2, 2, 2, 2, 3))",-357.834,,,4249,4249
O_tau=1.2,3,6.931448e-04,1.665320e-01,"(0, (2, 2, 2, 2, 3))",-351.426,,,4167,4167
O_tau=1.2,3,7.054953e-04,1.665296e-01,"(0, (2, 2, 2, 2, 3))",-345.129,,,4085,4085
O_tau=1.2,3,7.180657e-04,1.665272e-01,"(0, (2, 2, 2, 2, 3))",-338.944,,,4006,4006
O_tau=1.2,3,7.308602e-04,1.665247e-01,"(0, (2, 2, 2, 2, 3))",-332.866,,,3928,3928
O_tau=1.2,3,7.438826e-04,1.665222e-01,"(0, (2, 2, 2, 2, 3))",-326.895,,,3851,3851
O_tau=1.2,3,7.571370e-04,1.665196e-01,"(0, (2, 2, 2, 2, 3))",-321.029,,,3776,3776
O_tau=1.2,3,7.706277e-04,1.665170e-01,"(0, (2, 2, 2, 2, 3))",-315.265,,,3702,3702
O_tau=1.2,3,7.843587e-04,1.665143e-01,"(0, (2, 2, 2, 2, 3))",-309.603,,,3630,3630
O_tau=1.2,3,7.983343e-04,1.665116e-01,"(0, (2, 2, 2, 2, 3))",-304.039,,,3559,3559
O_tau=1.2,3,8.125590e-04,1.665089e-01,"(0, (2, 2, 2, 2, 3))",-298.573,,,3489,3489
O_tau=1.2,3,8.270371e-04,1.665061e-01,"(0, (2, 2, 2, 2, 3))",-293.203,,,3421,3421
O_tau=1.2,3,8.417732e-04,1.665032e-01,"(0, (2, 2, 2, 2, 3))",-287.927,,,3354,3354
O_tau=1.2,3,8.567719e-04,1.665003e-01,"(0, (2, 2, 2, 2, 3))",-282.743,4360,,3289,3289
O_tau=1.2,3,8.720378e-04,1.664973e-01,"(0, (2, 2, 2, 2, 3))",-277.650,4278,,3224,3224
O_tau=1.2,3,8.875757e-04,1.664943e-01,"(0, (2, 2, 2, 2, 3))",-272.646,4196,,3161,3161
O_tau=1.2,3,9.033905e-04,1.664913e-01,"(0, (2, 2, 2, 2, 3))",-267.730,4112,4381,3099,3099
O_tau=1.2,3,9.194870e-04,1.664881e-01,"(0, (2, 2, 2, 2, 3))",-262.900,4034,4298,3039,3039
O_tau=1.2,3,9.358704e-04,1.664850e-01,"(0, (2, 2, 2, 2, 3))",-258.155,3956,4217,2979,2979
O_tau=1.2,3,9.525456e-04,1.664817e-01,"(0, (2, 2, 2, 2, 3))",-253.493,3880,4133,2921,2921
O_tau=1.2,3,9.695180e-04,1.664784e-01,"(0, (2, 2, 2, 2, 3))",-248.912,3806,4058,2864,2864
O_tau=1.2,3,9.867929e-04,1.664751e-01,"(0, (2, 2, 2, 2, 3))",-244.412,3735,3980,2808,2808
O_tau=1.2,3,1.004375e-03,1.664717e-01,"(0, (2, 2, 2, 2, 3))",-239.991,3664,3903,2753,2753
O_tau=1.2,3,1.022271e-03,1.664682e-01,"(0, (2, 2, 2, 2, 3))",-235.647,3591,3826,2699,2699
O_tau=1.2,3,1.040486e-03,1.664647e-01,"(0, (2, 2, 2, 2, 3))",-231.379,3523,3756,2646,2646
O_tau=1.2,3,1.059025e-03,1.664611e-01,"(0, (2, 2, 2, 2, 3))",-227.186,3453,3682,2594,2594
O_tau=1.2,3,1.077895e-03,1.664574e-01,"(0, (2, 2, 2, 2, 3))",-223.066,3389,3611,2543,2543
O_tau=1.2,3,1.097101e-03,1.664537e-01,"(0, (2, 2, 2, 2, 3))",-219.019,3323,3544,2494,2494
O_tau=1.2,3,1.116649e-03,1.664499e-01,"(0, (2, 2, 2, 2, 3))",-215.043,3258,3475,2445,2445
O_tau=1.2,3,1.136545e-03,1.664461e-01,"(0, (2, 2, 2, 2, 3))",-211.136,3200,3411,2397,2397
O_tau=1.2,3,1.156796e-03,1.664422e-01,"(0, (2, 2, 2, 2, 3))",-207.297,3134,3343,2350,2350
O_tau=1.2,3,1.177408e-03,1.664382e-01,"(0, (2, 2, 2, 2, 3))",-203.526,3075,3279,2304,2304
O_tau=1.2,3,1.198387e-03,1.664341e-01,"(0, (2, 2, 2, 2, 3))",-199.821,3016,3215,2258,2258
O_tau=1.2,3,1.219740e-03,1.664300e-01,"(0, (2, 2, 2, 2, 3))",-196.181,2957,3155,2214,2214
O_tau=1.2,3,1.241473e-03,1.664258e-01,"(0, (2, 2, 2, 2, 3))",-192.605,2900,3097,2171,2171
O_tau=1.2,3,1.263594e-03,1.664215e-01,"(0, (2, 2, 2, 2, 3))",-189.092,2847,3037,2128,2128
O_tau=1.2,3,1.286108e-03,1.664171e-01,"(0, (2, 2, 2, 2, 3))",-185.640,2790,2978,2086,2086
O_tau=1.2,3,1.309024e-03,1.664127e-01,"(0, (2, 2, 2, 2, 3))",-182.248,2735,2922,2045,2045
O_tau=1.2,3,1.332348e-03,1.664082e-01,"(0, (2, 2, 2, 2, 3))",-178.916,2685,2865,2005,2005
O_tau=1.2,3,1.356088e-03,1.664036e-01,"(0, (2, 2, 2, 2, 3))",-175.642,2629,2811,1965,1965
O_tau=1.2,3,1.380250e-03,1.663989e-01,"(0, (2, 2, 2, 2, 3))",-172.426,2582,2757,1927,1927
O_tau=1.2,3,1.404844e-03,1.663941e-01,"(0, (2, 2, 2, 2, 3))",-169.266,2531,2705,1889,1889
O_tau=1.2,3,1.429875e-03,1.663893e-01,"(0, (2, 2, 2, 2, 3))",-166.162,2481,2652,1852,1852
O_tau=1.2,3,1.455352e-03,1.663844e-01,"(0, (2, 2, 2, 2, 3))",-163.111,2433,2600,1815,1815
O_tau=1.2,3,1.481284e-03,1.663793e-01,"(0, (2, 2, 2, 2, 3))",-160.115,2387,2550,1780,1780
O_tau=1.2,3,1.507677e-03,1.663742e-01,"(0, (2, 2, 2, 2, 3))",-157.171,2342,2502,1745,1745
O_tau=1.2,3,1.534541e-03,1.663690e-01,"(0, (2, 2, 2, 2, 3))",-154.278,2297,2453,1710,1710
O_tau=1.2,3,1.561883e-03,1.663637e-01,"(0, (2, 2, 2, 2, 3))",-151.436,2252,2406,1677,1677
O_tau=1.2,3,1.589713e-03,1.663584e-01,"(0, (2, 2, 2, 2, 3))",-148.644,2206,2361,1644,1644
O_tau=1.2,3,1.618038e-03,1.663529e-01,"(0, (2, 2, 2, 2, 3))",-145.901,2164,2314,1611,1611
O_tau=1.2,3,1.646868e-03,1.663473e-01,"(0, (2, 2, 2, 2, 3))",-143.206,2125,2271,1579,1579
O_tau=1.2,3,1.676212e-03,1.663416e-01,"(0, (2, 2, 2, 2, 3))",-140.559,2084,2229,1548,1548
O_tau=1.2,3,1.706079e-03,1.663359e-01,"(0, (2, 2, 2, 2, 3))",-137.957,2042,2186,1518,1518
O_tau=1.2,3,1.736478e-03,1.663300e-01,"(0, (2, 2, 2, 2, 3))",-135.401,2003,2142,1488,1488
O_tau=1.2,3,1.767418e-03,1.663240e-01,"(0, (2, 2, 2, 2, 3))",-132.891,1964,2103,1459,1459
O_tau=1.2,3,1.798910e-03,1.663179e-01,"(0, (2, 2, 2, 2, 3))",-130.424,1925,2062,1430,1430
O_tau=1.2,3,1.830963e-03,1.663117e-01,"(0, (2, 2, 2, 2, 3))",-128.000,1888,2022,1401,1401
O_tau=1.2,3,1.863587e-03,1.663054e-01,"(0, (2, 2, 2, 2, 3))",-125.619,1854,1982,1374,1374
O_tau=1.2,3,1.896792e-03,1.662990e-01,"(0, (2, 2, 2, 2, 3))",-123.280,1817,1945,1347,1347
O_tau=1.2,3,1.930589e-03,1.662925e-01,"(0, (2, 2, 2, 2, 3))",-120.981,1779,1906,1320,1320
O_tau=1.2,3,1.964988e-03,1.662858e-01,"(0, (2, 2, 2, 2, 3))",-118.723,1748,1872,1294,1294
O_tau=1.2,3,2.000000e-03,1.662790e-01,"(0, (2, 2, 2, 2, 3))",-116.505,1715,1835,1268,1268
O_tau=1.2,3,2.031395e-03,1.662730e-01,"(0, (2, 2, 2, 2, 3))",-114.580,1684,1800,1246,1246
O_tau=1.2,3,2.063282e-03,1.662668e-01,"(0, (2, 2, 2, 2, 3))",-112.686,1655,1772,1225,1225
O_tau=1.2,3,2.095671e-03,1.662606e-01,"(0, (2, 2, 2, 2, 3))",-110.821,1626,1744,1203,1203
O_tau=1.2,3,2.128567e-03,1.662542e-01,"(0, (2, 2, 2, 2, 3))",-108.985,1599,1714,1182,1182
O_tau=1.2,3,2.161980e-03,1.662478e-01,"(0, (2, 2, 2, 2, 3))",-107.177,1572,1683,1161,1161
O_tau=1.2,3,2.195917e-03,1.662412e-01,"(0, (2, 2, 2, 2, 3))",-105.397,1545,1655,1141,1141
O_tau=1.2,3,2.230388e-03,1.662346e-01,"(0, (2, 2, 2, 2, 3))",-103.645,1517,1626,1121,1121
O_tau=1.2,3,2.265399e-03,1.662278e-01,"(0, (2, 2, 2, 2, 3))",-101.920,1494,1599,1102,1102
O_tau=1.2,3,2.300960e-03,1.662209e-01,"(0, (2, 2, 2, 2, 3))",-100.222,1465,1572,1082,1082
O_tau=1.2,3,2.337079e-03,1.662140e-01,"(0, (2, 2, 2, 2, 3))",-98.550,1443,1545,1063,1063
O_tau=1.2,3,2.373765e-03,1.662069e-01,"(0, (2, 2, 2, 2, 3))",-96.903,1417,1517,1045,1045
O_tau=1.2,3,2.411027e-03,1.661997e-01,"(0, (2, 2, 2, 2, 3))",-95.283,1393,1494,1027,1027
O_tau=1.2,3,2.448874e-03,1.661924e-01,"(0, (2, 2, 2, 2, 3))",-93.687,1370,1469,1009,1009
O_tau=1.2,3,2.487314e-03,1.661850e-01,"(0, (2, 2, 2, 2, 3))",-92.116,1347,1443,991,991
O_tau=1.2,3,2.526359e-03,1.661775e-01,"(0, (2, 2, 2, 2, 3))",-90.570,1321,1418,974,974
O_tau=1.2,3,2.566016e-03,1.661698e-01,"(0, (2, 2, 2, 2, 3))",-89.047,1301,1394,957,957
O_tau=1.2,3,2.606296e-03,1.661620e-01,"(0, (2, 2, 2, 2, 3))",-87.548,1277,1370,940,940
O_tau=1.2,3,2.647208e-03,1.661542e-01,"(0, (2, 2, 2, 2, 3))",-86.072,1258,1350,923,923
O_tau=1.2,3,2.688762e-03,1.661461e-01,"(0, (2, 2, 2, 2, 3))",-84.619,1233,1326,907,907
O_tau=1.2,3,2.730969e-03,1.661380e-01,"(0, (2, 2, 2, 2, 3))",-83.189,1214,1302,891,891
O_tau=1.2,3,2.773838e-03,1.661298e-01,"(0, (2, 2, 2, 2, 3))",-81.781,1193,1278,876,876
O_tau=1.2,3,2.817380e-03,1.661214e-01,"(0, (2, 2, 2, 2, 3))",-80.394,1172,1258,860,860
O_tau=1.2,3,2.861605e-03,1.661128e-01,"(0, (2, 2, 2, 2, 3))",-79.029,1152,1236,845,845
O_tau=1.2,3,2.906525e-03,1.661042e-01,"(0, (2, 2, 2, 2, 3))",-77.685,1132,1216,831,831
O_tau=1.2,3,2.952150e-03,1.660954e-01,"(0, (2, 2, 2, 2, 3))",-76.362,1111,1195,816,816
O_tau=1.2,3,2.998491e-03,1.660865e-01,"(0, (2, 2, 2, 2, 3))",-75.060,1092,1175,802,802
O_tau=1.2,3,3.045559e-03,1.660774e-01,"(0, (2, 2, 2, 2, 3))",-73.778,1074,1156,787,787
O_tau=1.2,3,3.093367e-03,1.660682e-01,"(0, (2, 2, 2, 2, 3))",-72.515,1058,1136,774,774
O_tau=1.2,3,3.141924e-03,1.660589e-01,"(0, (2, 2, 2, 2, 3))",-71.272,1038,1115,760,760
O_tau=1.2,3,3.191244e-03,1.660494e-01,"(0, (2, 2, 2, 2, 3))",-70.049,1021,1097,747,747
O_tau=1.2,3,3.241339e-03,1.660397e-01,"(0, (2, 2, 2, 2, 3))",-68.844,1002,1077,734,734
O_tau=1.2,3,3.292219e-03,1.660299e-01,"(0, (2, 2, 2, 2, 3))",-67.658,986,1061,721,721
O_tau=1.2,3,3.343898e-03,1.660200e-01,"(0, (2, 2, 2, 2, 3))",-66.490,968,1042,708,708
O_tau=1.2,3,3.396389e-03,1.660099e-01,"(0, (2, 2, 2, 2, 3))",-65.341,954,1022,696,696
O_tau=1.2,3,3.449703e-03,1.659997e-01,"(0, (2, 2, 2, 2, 3))",-64.209,936,1003,683,683
O_tau=1.2,3,3.503855e-03,1.659893e-01,"(0, (2, 2, 2, 2, 3))",-63.095,920,989,672,672
O_tau=1.2,3,3.558856e-03,1.659787e-01,"(0, (2, 2, 2, 2, 3))",-61.998,905,973,660,660
O_tau=1.2,3,3.614721e-03,1.659679e-01,"(0, (2, 2, 2, 2, 3))",-60.918,887,957,648,648
O_tau=1.2,3,3.671462e-03,1.659570e-01,"(0, (2, 2, 2, 2, 3))",-59.855,874,939,636,636
O_tau=1.2,3,3.729095e-03,1.659460e-01,"(0, (2, 2, 2, 2, 3))",-58.808,858,922,625,625
O_tau=1.2,3,3.787632e-03,1.659347e-01,"(0, (2, 2, 2, 2, 3))",-57.778,844,907,614,614
O_tau=1.2,3,3.847088e-03,1.659233e-01,"(0, (2, 2, 2, 2, 3))",-56.763,828,891,604,604
O_tau=1.2,3,3.907477e-03,1.659117e-01,"(0, (2, 2, 2, 2, 3))",-55.765,813,877,593,593
O_tau=1.2,3,3.968814e-03,1.658999e-01,"(0, (2, 2, 2, 2, 3))",-54.781,800,862,583,583
O_tau=1.2,3,4.031114e-03,1.658880e-01,"(0, (2, 2, 2, 2, 3))",-53.813,785,848,572,572
O_tau=1.2,3,4.094392e-03,1.658758e-01,"(0, (2, 2, 2, 2, 3))",-52.861,774,832,562,562
O_tau=1.2,3,4.158663e-03,1.658635e-01,"(0, (2, 2, 2, 2, 3))",-51.922,760,816,552,552
O_tau=1.2,3,4.223944e-03,1.658510e-01,"(0, (2, 2, 2, 2, 3))",-50.999,746,804,542,542
O_tau=1.2,3,4.290249e-03,1.658383e-01,"(0, (2, 2, 2, 2, 3))",-50.089,735,790,533,533
O_tau=1.2,3,4.357594e-03,1.658254e-01,"(0, (2, 2, 2, 2, 3))",-49.194,720,778,524,524
O_tau=1.2,3,4.425997e-03,1.658122e-01,"(0, (2, 2, 2, 2, 3))",-48.313,710,764,514,514
O_tau=1.2,3,4.495474e-03,1.657989e-01,"(0, (2, 2, 2, 2, 3))",-47.445,697,750,505,505
O_tau=1.2,3,4.566041e-03,1.657854e-01,"(0, (2, 2, 2, 2, 3))",-46.591,684,738,496,496
O_tau=1.2,3,4.637716e-03,1.657717e-01,"(0, (2, 2, 2, 2, 3))",-45.750,672,725,487,487
O_tau=1.2,3,4.710516e-03,1.657577e-01,"(0, (2, 2, 2, 2, 3))",-44.922,661,713,479,479
O_tau=1.2,3,4.784459e-03,1.657436e-01,"(0, (2, 2, 2, 2, 3))",-44.107,648,702,471,471
O_tau=1.2,3,4.859562e-03,1.657292e-01,"(0, (2, 2, 2, 2, 3))",-43.305,638,687,462,462
O_tau=1.2,3,4.935845e-03,1.657146e-01,"(0, (2, 2, 2, 2, 3))",-42.515,630,676,454,454
O_tau=1.2,3,5.013324e-03,1.656998e-01,"(0, (2, 2, 2, 2, 3))",-41.737,616,665,446,446
O_tau=1.2,3,5.092021e-03,1.656847e-01,"(0, (2, 2, 2, 2, 3))",-40.971,606,654,438,438
O_tau=1.2,3,5.171952e-03,1.656694e-01,"(0, (2, 2, 2, 2, 3))",-40.217,595,642,430,430
O_tau=1.2,3,5.253138e-03,1.656539e-01,"(0, (2, 2, 2, 2, 3))",-39.475,585,632,423,423
O_tau=1.2,3,5.335599e-03,1.656382e-01,"(0, (2, 2, 2, 2, 3))",-38.745,573,621,415,415
O_tau=1.2,3,5.419354e-03,1.656222e-01,"(0, (2, 2, 2, 2, 3))",-38.026,564,609,408,408
O_tau=1.2,3,5.504423e-03,1.656059e-01,"(0, (2, 2, 2, 2, 3))",-37.318,555,601,401,401
O_tau=1.2,3,5.590828e-03,1.655894e-01,"(0, (2, 2, 2, 2, 3))",-36.621,544,590,394,394
O_tau=1.2,3,5.678590e-03,1.655727e-01,"(0, (2, 2, 2, 2, 3))",-35.934,538,579,387,387
O_tau=1.2,3,5.767729e-03,1.655556e-01,"(0, (2, 2, 2, 2, 3))",-35.259,528,569,380,380
O_tau=1.2,3,5.858267e-03,1.655384e-01,"(0, (2, 2, 2, 2, 3))",-34.594,517,560,373,373
O_tau=1.2,3,5.950227e-03,1.655208e-01,"(0, (2, 2, 2, 2, 3))",-33.939,508,550,366,366
O_tau=1.2,3,6.043630e-03,1.655030e-01,"(0, (2, 2, 2, 2, 3))",-33.295,499,540,360,360
O_tau=1.2,3,6.138499e-03,1.654849e-01,"(0, (2, 2, 2, 2, 3))",-32.660,491,530,354,354
O_tau=1.2,3,6.234857e-03,1.654666e-01,"(0, (2, 2, 2, 2, 3))",-32.035,484,523,347,347
O_tau=1.2,3,6.332728e-03,1.654479e-01,"(0, (2, 2, 2, 2, 3))",-31.420,476,514,341,341
O_tau=1.2,3,6.432135e-03,1.654290e-01,"(0, (2, 2, 2, 2, 3))",-30.815,465,503,335,335
O_tau=1.2,3,6.533103e-03,1.654098e-01,"(0, (2, 2, 2, 2, 3))",-30.219,459,496,329,329
O_tau=1.2,3,6.635656e-03,1.653902e-01,"(0, (2, 2, 2, 2, 3))",-29.632,452,487,323,323
O_tau=1.2,3,6.739818e-03,1.653704e-01,"(0, (2, 2, 2, 2, 3))",-29.054,440,479,317,317
O_tau=1.2,3,6.845616e-03,1.653503e-01,"(0, (2, 2, 2, 2, 3))",-28.486,436,470,312,312
O_tau=1.2,3,6.953074e-03,1.653299e-01,"(0, (2, 2, 2, 2, 3))",-27.926,425,464,306,306
O_tau=1.2,3,7.062219e-03,1.653091e-01,"(0, (2, 2, 2, 2, 3))",-27.375,422,454,301,301
O_tau=1.2,3,7.173078e-03,1.652881e-01,"(0, (2, 2, 2, 2, 3))",-26.832,413,445,296,296
O_tau=1.2,3,7.285676e-03,1.652667e-01,"(0, (2, 2, 2, 2, 3))",-26.298,406,438,290,290
O_tau=1.2,3,7.400042e-03,1.652450e-01,"(0, (2, 2, 2, 2, 3))",-25.772,398,431,285,285
O_tau=1.2,3,7.516204e-03,1.652229e-01,"(0, (2, 2, 2, 2, 3))",-25.255,393,424,280,280
O_tau=1.2,3,7.634188e-03,1.652005e-01,"(0, (2, 2, 2, 2, 3))",-24.745,384,417,275,275
O_tau=1.2,3,7.754025e-03,1.651778e-01,"(0, (2, 2, 2, 2, 3))",-24.243,377,409,270,270
O_tau=1.2,3,7.875743e-03,1.651547e-01,"(0, (2, 2, 2, 2, 3))",-23.750,372,404,265,265
O_tau=1.2,3,7.999372e-03,1.651313e-01,"(0, (2, 2, 2, 2, 3))",-23.263,366,396,261,261
O_tau=1.2,3,8.124941e-03,1.651075e-01,"(0, (2, 2, 2, 2, 3))",-22.785,359,391,256,256
O_tau=1.2,3,8.252481e-03,1.650833e-01,"(0, (2, 2, 2, 2, 3))",-22.314,352,380,251,251
O_tau=1.2,3,8.382024e-03,1.650588e-01,"(0, (2, 2, 2, 2, 3))",-21.850,345,374,247,247
O_tau=1.2,3,8.513600e-03,1.650339e-01,"(0, (2, 2, 2, 2, 3))",-21.393,339,370,243,243
O_tau=1.2,3,8.647241e-03,1.650087e-01,"(0, (2, 2, 2, 2, 3))",-20.944,335,363,238,238
O_tau=1.2,3,8.782980e-03,1.649830e-01,"(0, (2, 2, 2, 2, 3))",-20.501,329,356,234,234
O_tau=1.2,3,8.920850e-03,1.649569e-01,"(0, (2, 2, 2, 2, 3))",-20.066,321,351,230,230
O_tau=1.2,3,9.060884e-03,1.649305e-01,"(0, (2, 2, 2, 2, 3))",-19.637,317,345,226,226
O_tau=1.2,3,9.203116e-03,1.649036e-01,"(0, (2, 2, 2, 2, 3))",-19.214,311,338,222,222
O_tau=1.2,3,9.347581e-03,1.648764e-01,"(0, (2, 2, 2, 2, 3))",-18.799,307,332,218,218
O_tau=1.2,3,9.494314e-03,1.648487e-01,"(0, (2, 2, 2, 2, 3))",-18.390,303,327,214,214
O_tau=1.2,3,9.643350e-03,1.648206e-01,"(0, (2, 2, 2, 2, 3))",-17.987,296,320,210,210
O_tau=1.2,3,9.794725e-03,1.647921e-01,"(0, (2, 2, 2, 2, 3))",-17.591,291,315,206,206
O_tau=1.2,3,9.948477e-03,1.647631e-01,"(0, (2, 2, 2, 2, 3))",-17.200,287,310,203,203
O_tau=1.2,3,1.010464e-02,1.647337e-01,"(0, (2, 2, 2, 2, 3))",-16.816,280,306,199,199
O_tau=1.2,3,1.026326e-02,1.647039e-01,"(0, (2, 2, 2, 2, 3))",-16.438,275,300,195,195
O_tau=1.2,3,1.042436e-02,1.646736e-01,"(0, (2, 2, 2, 2, 3))",-16.066,271,293,192,192
O_tau=1.2,3,1.058800e-02,1.646428e-01,"(0, (2, 2, 2, 2, 3))",-15.699,265,290,189,189
O_tau=1.2,3,1.075420e-02,1.646116e-01,"(0, (2, 2, 2, 2, 3))",-15.338,262,284,185,185
O_tau=1.2,3,1.092302e-02,1.645799e-01,"(0, (2, 2, 2, 2, 3))",-14.983,256,279,182,182
O_tau=1.2,3,1.109448e-02,1.645477e-01,"(0, (2, 2, 2, 2, 3))",-14.633,252,274,178,178
O_tau=1.2,3,1.126863e-02,1.645150e-01,"(0, (2, 2, 2, 2, 3))",-14.289,249,271,175,175
O_tau=1.2,3,1.144552e-02,1.644819e-01,"(0, (2, 2, 2, 2, 3))",-13.950,245,264,172,172
O_tau=1.2,3,1.162519e-02,1.644482e-01,"(0, (2, 2, 2, 2, 3))",-13.617,240,259,169,169
O_tau=1.2,3,1.180767e-02,1.644140e-01,"(0, (2, 2, 2, 2, 3))",-13.288,235,256,166,166
O_tau=1.2,3,1.199302e-02,1.643793e-01,"(0, (2, 2, 2, 2, 3))",-12.965,233,251,163,163
O_tau=1.2,3,1.218128e-02,1.643441e-01,"(0, (2, 2, 2, 2, 3))",-12.647,227,249,160,160
O_tau=1.2,3,1.237250e-02,1.643084e-01,"(0, (2, 2, 2, 2, 3))",-12.334,224,243,157,157
O_tau=1.2,3,1.256671e-02,1.642721e-01,"(0, (2, 2, 2, 2, 3))",-12.026,219,239,155,155
O_tau=1.2,3,1.276398e-02,1.642353e-01,"(0, (2, 2, 2, 2, 3))",-11.722,216,234,152,152
O_tau=1.2,3,1.296434e-02,1.641979e-01,"(0, (2, 2, 2, 2, 3))",-11.423,212,232,149,149
O_tau=1.2,3,1.316784e-02,1.641599e-01,"(0, (2, 2, 2, 2, 3))",-11.129,208,226,147,147
O_tau=1.2,3,1.337454e-02,1.641214e-01,"(0, (2, 2, 2, 2, 3))",-10.840,204,224,144,144
O_tau=1.2,3,1.358449e-02,1.640823e-01,"(0, (2, 2, 2, 2, 3))",-10.555,200,219,141,141
O_tau=1.2,3,1.379773e-02,1.640426e-01,"(0, (2, 2, 2, 2, 3))",-10.274,197,215,139,139
O_tau=1.2,3,1.401432e-02,1.640023e-01,"(0, (2, 2, 2, 2, 3))",-9.998,194,211,136,136
O_tau=1.2,3,1.423431e-02,1.639614e-01,"(0, (2, 2, 2, 2, 3))",-9.726,192,208,134,134
O_tau=1.2,3,1.445775e-02,1.639199e-01,"(0, (2, 2, 2, 2, 3))",-9.459,185,204,131,131
O_tau=1.2,3,1.468470e-02,1.638778e-01,"(0, (2, 2, 2, 2, 3))",-9.195,183,200,129,129
O_tau=1.2,3,1.491521e-02,1.638351e-01,"(0, (2, 2, 2, 2, 3))",-8.936,180,197,127,127
O_tau=1.2,3,1.514934e-02,1.637917e-01,"(0, (2, 2, 2, 2, 3))",-8.681,178,194,124,124
O_tau=1.2,3,1.538714e-02,1.637476e-01,"(0, (2, 2, 2, 2, 3))",-8.429,173,192,122,122
O_tau=1.2,3,1.562868e-02,1.637029e-01,"(0, (2, 2, 2, 2, 3))",-8.182,170,185,120,120
O_tau=1.2,3,1.587401e-02,1.636576e-01,"(0, (2, 2, 2, 2, 3))",-7.939,169,183,118,118
O_tau=1.2,3,1.612319e-02,1.636115e-01,"(0, (2, 2, 2, 2, 3))",-7.699,167,180,116,116
O_tau=1.2,3,1.637628e-02,1.635648e-01,"(0, (2, 2, 2, 2, 3))",-7.463,163,178,114,114
O_tau=1.2,3,1.663335e-02,1.635174e-01,"(0, (2, 2, 2, 2, 3))",-7.231,159,173,111,111
O_tau=1.2,3,1.689445e-02,1.634692e-01,"(0, (2, 2, 2, 2, 3))",-7.003,158,170,110,110
O_tau=1.2,3,1.715965e-02,1.634204e-01,"(0, (2, 2, 2, 2, 3))",-6.778,155,169,108,108
O_tau=1.2,3,1.742901e-02,1.633708e-01,"(0, (2, 2, 2, 2, 3))",-6.556,153,167,106,106
O_tau=1.2,3,1.770260e-02,1.633205e-01,"(0, (2, 2, 2, 2, 3))",-6.338,149,164,104,104
O_tau=1.2,3,1.798048e-02,1.632694e-01,"(0, (2, 2, 2, 2, 3))",-6.124,145,159,102,102
O_tau=1.2,3,1.826273e-02,1.632176e-01,"(0, (2, 2, 2, 2, 3))",-5.912,145,158,100,100
O_tau=1.2,3,1.854941e-02,1.631650e-01,"(0, (2, 2, 2, 2, 3))",-5.705,140,155,98,98
O_tau=1.2,3,1.884058e-02,1.631117e-01,"(0, (2, 2, 2, 2, 3))",-5.500,137,153,97,97
O_tau=1.2,3,1.913633e-02,1.630575e-01,"(0, (2, 2, 2, 2, 3))",-5.299,136,150,95,95
O_tau=1.2,3,1.943672e-02,1.630026e-01,"(0, (2, 2, 2, 2, 3))",-5.100,134,146,93,93
O_tau=1.2,3,1.974183e-02,1.629468e-01,"(0, (2, 2, 2, 2, 3))",-4.905,132,145,91,91
O_tau=1.2,3,2.005172e-02,1.628902e-01,"(0, (2, 2, 2, 2, 3))",-4.713,129,140,90,90
O_tau=1.2,3,2.036648e-02,1.628328e-01,"(0, (2, 2, 2, 2, 3))",-4.524,128,137,88,88
O_tau=1.2,3,2.068618e-02,1.627745e-01,"(0, (2, 2, 2, 2, 3))",-4.338,124,136,87,87
O_tau=1.2,3,2.101090e-02,1.627154e-01,"(0, (2, 2, 2, 2, 3))",-4.155,123,134,85,85
O_tau=1.2,3,2.134072e-02,1.626554e-01,"(0, (2, 2, 2, 2, 3))",-3.975,120,133,83,83
O_tau=1.2,3,2.167571e-02,1.625946e-01,"(0, (2, 2, 2, 2, 3))",-3.797,119,130,82,82
O_tau=1.2,3,2.201596e-02,1.625328e-01,"(0, (2, 2, 2, 2, 3))",-3.622,117,128,80,80
O_tau=1.2,3,2.236156e-02,1.624701e-01,"(0, (2, 2, 2, 2, 3))",-3.451,114,124,79,79
O_tau=1.2,3,2.271258e-02,1.624066e-01,"(0, (2, 2, 2, 2, 3))",-3.281,111,123,77,77
O_tau=1.2,3,2.306910e-02,1.623420e-01,"(0, (2, 2, 2, 2, 3))",-3.115,111,120,76,76
O_tau=1.2,3,2.343123e-02,1.622766e-01,"(0, (2, 2, 2, 2, 3))",-2.951,109,119,74,74
O_tau=1.2,3,2.379904e-02,1.622102e-01,"(0, (2, 2, 2, 2, 3))",-2.789,106,118,73,73
O_tau=1.2,3,2.417262e-02,1.621428e-01,"(0, (2, 2, 2, 2, 3))",-2.631,105,116,72,72
O_tau=1.2,3,2.455207e-02,1.620745e-01,"(0, (2, 2, 2, 2, 3))",-2.474,101,113,71,71
O_tau=1.2,3,2.493747e-02,1.620051e-01,"(0, (2, 2, 2, 2, 3))",-2.320,101,111,69,69
O_tau=1.2,3,2.532892e-02,1.619348e-01,"(0, (2, 2, 2, 2, 3))",-2.169,100,111,68,68
O_tau=1.2,3,2.572652e-02,1.618634e-01,"(0, (2, 2, 2, 2, 3))",-2.020,100,109,67,67
O_tau=1.2,3,2.613036e-02,1.617910e-01,"(0, (2, 2, 2, 2, 3))",-1.873,98,108,66,66
O_tau=1.2,3,2.654054e-02,1.617175e-01,"(0, (2, 2, 2, 2, 3))",-1.729,96,107,65,65
O_tau=1.2,3,2.695716e-02,1.616430e-01,"(0, (2, 2, 2, 2, 3))",-1.587,95,106,64,64
O_tau=1.2,3,2.738031e-02,1.615674e-01,"(0, (2, 2, 2, 2, 3))",-1.447,95,108,63,63
O_tau=1.2,3,2.781011e-02,1.614907e-01,"(0, (2, 2, 2, 2, 3))",-1.309,94,111,61,61
O_tau=1.2,3,2.824666e-02,1.614129e-01,"(0, (2, 2, 2, 2, 3))",-1.174,95,120,60,60
O_tau=1.2,3,2.869006e-02,1.613340e-01,"(0, (2, 2, 2, 2, 3))",-1.040,99,,59,59
O_tau=1.2,3,2.914042e-02,1.612540e-01,"(0, (2, 2, 2, 2, 3))",-0.909,102,,58,58
O_tau=1.2,3,2.959785e-02,1.611728e-01,"(0, (2, 2, 2, 2, 3))",-0.780,,,57,57
O_tau=1.2,3,3.006245e-02,1.610904e-01,"(0, (2, 2, 2, 2, 3))",-0.653,,,56,56
O_tau=1.2,3,3.053436e-02,1.610069e-01,"(0, (2, 2, 2, 2, 3))",-0.528,,,55,55
O_tau=1.2,3,3.101367e-02,1.609222e-01,"(0, (2, 2, 2, 2, 3))",-0.405,,,54,54
O_tau=1.2,3,3.150050e-02,1.608363e-01,"(0, (2, 2, 2, 2, 3))",-0.283,,,53,53
O_tau=1.2,3,3.199498e-02,1.607491e-01,"(0, (2, 2, 2, 2, 3))",-0.164,,,52,52
O_tau=1.2,3,3.249721e-02,1.606607e-01,"(0, (2, 2, 2, 2, 3))",-0.047,,,51,51
O_tau=1.2,3,3.300733e-02,1.605711e-01,"(0, (2, 2, 2, 2, 3))",0.069,,,50,50
O_tau=1.2,3,3.352546e-02,1.604802e-01,"(0, (2, 2, 2, 2, 3))",0.183,,,49,49
O_tau=1.2,3,3.405173e-02,1.603880e-01,"(0, (2, 2, 2, 2, 3))",0.294,,,48,48
O_tau=1.2,3,3.458625e-02,1.602945e-01,"(0, (2, 2, 2, 2, 3))",0.405,,,47,47
O_tau=1.2,3,3.512916e-02,1.601996e-01,"(0, (2, 2, 2, 2, 3))",0.513,,,46,46
O_tau=1.2,3,3.568060e-02,1.601035e-01,"(0, (2, 2, 2, 2, 3))",0.620,,,46,46
O_tau=1.2,3,3.624069e-02,1.600060e-01,"(0, (2, 2, 2, 2, 3))",0.725,,,45,45
O_tau=1.2,3,3.680957e-02,1.599071e-01,"(0, (2, 2, 2, 2, 3))",0.828,,,44,44
O_tau=1.2,3,3.738739e-02,1.598068e-01,"(0, (2, 2, 2, 2, 3))",0.930,,,43,43
O_tau=1.2,3,3.797427e-02,1.597051e-01,"(0, (2, 2, 2, 2, 3))",1.030,,,42,42
O_tau=1.2,3,3.857037e-02,1.596020e-01,"(0, (2, 2, 2, 2, 3))",1.128,,,42,42
O_tau=1.2,3,3.917582e-02,1.594975e-01,"(0, (2, 2, 2, 2, 3))",1.225,,,41,41
O_tau=1.2,3,3.979078e-02,1.593915e-01,"(0, (2, 2, 2, 2, 3))",1.320,,,40,40
O_tau=1.2,3,4.041539e-02,1.592840e-01,"(0, (2, 2, 2, 2, 3))",1.414,,,40,40
O_tau=1.2,3,4.104981e-02,1.591751e-01,"(0, (2, 2, 2, 2, 3))",1.507,,,39,39
O_tau=1.2,3,4.169418e-02,1.590646e-01,"(0, (2, 2, 2, 2, 3))",1.598,,,38,38
O_tau=1.2,3,4.234867e-02,1.589526e-01,"(0, (2, 2, 2, 2, 3))",1.687,,,37,37
O_tau=1.2,3,4.301344e-02,1.588390e-01,"(0, (2, 2, 2, 2, 3))",1.775,,,37,37
O_tau=1.2,3,4.368864e-02,1.587239e-01,"(0, (2, 2, 2, 2, 3))",1.862,,,36,36
O_tau=1.2,3,4.437443e-02,1.586072e-01,"(0, (2, 2, 2, 2, 3))",1.947,,,36,36
O_tau=1.2,3,4.507100e-02,1.584890e-01,"(0, (2, 2, 2, 2, 3))",2.031,,,35,35
O_tau=1.2,3,4.577849e-02,1.583690e-01,"(0, (2, 2, 2, 2, 3))",2.113,,,34,34
O_tau=1.2,3,4.649710e-02,1.582475e-01,"(0, (2, 2, 2, 2, 3))",2.195,,,33,33
O_tau=1.2,3,4.722698e-02,1.581243e-01,"(0, (2, 2, 2, 2, 3))",2.275,,,33,33
O_tau=1.2,3,4.796832e-02,1.579994e-01,"(0, (2, 2, 2, 2, 3))",2.353,,,32,32
O_tau=1.2,3,4.872130e-02,1.578728e-01,"(0, (2, 2, 2, 2, 3))",2.431,,,32,32
O_tau=1.2,3,4.948609e-02,1.577445e-01,"(0, (2, 2, 2, 2, 3))",2.507,,,31,31
O_tau=1.2,3,5.026290e-02,1.576144e-01,"(0, (2, 2, 2, 2, 3))",2.582,,,31,31
O_tau=1.2,3,5.105189e-02,1.574826e-01,"(0, (2, 2, 2, 2, 3))",2.656,,,30,30
O_tau=1.2,3,5.185327e-02,1.573490e-01,"(0, (2, 2, 2, 2, 3))",2.728,,,30,30
O_tau=1.2,3,5.266724e-02,1.572137e-01,"(0, (2, 2, 2, 2, 3))",2.800,,,29,29
O_tau=1.2,3,5.349397e-02,1.570765e-01,"(0, (2, 2, 2, 2, 3))",2.870,,,29,29
O_tau=1.2,3,5.433369e-02,1.569374e-01,"(0, (2, 2, 2, 2, 3))",2.939,,,28,28
O_tau=1.2,3,5.518659e-02,1.567966e-01,"(0, (2, 2, 2, 2, 3))",3.007,,,28,28
O_tau=1.2,3,5.605287e-02,1.566538e-01,"(0, (2, 2, 2, 2, 3))",3.074,,,27,27
O_tau=1.2,3,5.693276e-02,1.565091e-01,"(0, (2, 2, 2, 2, 3))",3.140,,,27,27
O_tau=1.2,3,5.782645e-02,1.563625e-01,"(0, (2, 2, 2, 2, 3))",3.205,,,26,26
O_tau=1.2,3,5.873418e-02,1.562140e-01,"(0, (2, 2, 2, 2, 3))",3.269,,,26,26
O_tau=1.2,3,5.965615e-02,1.560635e-01,"(0, (2, 2, 2, 2, 3))",3.331,,,25,25
O_tau=1.2,3,6.059259e-02,1.559111e-01,"(0, (2, 2, 2, 2, 3))",3.393,,,25,25
O_tau=1.2,3,6.154374e-02,1.557566e-01,"(0, (2, 2, 2, 2, 3))",3.454,,,25,25
O_tau=1.2,3,6.250982e-02,1.556001e-01,"(0, (2, 2, 2, 2, 3))",3.514,,,24,24
O_tau=1.2,3,6.349106e-02,1.554415e-01,"(0, (2, 2, 2, 2, 3))",3.573,,,24,24
O_tau=1.2,3,6.448770e-02,1.552809e-01,"(0, (2, 2, 2, 2, 3))",3.631,,,23,23
O_tau=1.2,3,6.549999e-02,1.551182e-01,"(0, (2, 2, 2, 2, 3))",3.688,,,23,23
O_tau=1.2,3,6.652817e-02,1.549534e-01,"(0, (2, 2, 2, 2, 3))",3.744,,,22,22
O_tau=1.2,3,6.757249e-02,1.547865e-01,"(0, (2, 2, 2, 2, 3))",3.799,,,22,22
O_tau=1.2,3,6.863320e-02,1.546174e-01,"(0, (2, 2, 2, 2, 3))",3.853,,,21,21
O_tau=1.2,3,6.971056e-02,1.544461e-01,"(0, (2, 2, 2, 2, 3))",3.906,,,21,21
O_tau=1.2,3,7.080483e-02,1.542727e-01,"(0, (2, 2, 2, 2, 3))",3.959,,,21,21
O_tau=1.2,3,7.191628e-02,1.540970e-01,"(0, (2, 2, 2, 2, 3))",4.011,,,20,20
O_tau=1.2,3,7.304518e-02,1.539190e-01,"(0, (2, 2, 2, 2, 3))",4.062,,,20,20
O_tau=1.2,3,7.419180e-02,1.537388e-01,"(0, (2, 2, 2, 2, 3))",4.112,,,20,20
O_tau=1.2,3,7.535642e-02,1.535564e-01,"(0, (2, 2, 2, 2, 3))",4.161,,,19,19
O_tau=1.2,3,7.653932e-02,1.533716e-01,"(0, (2, 2, 2, 2, 3))",4.209,,,19,19
O_tau=1.2,3,7.774078e-02,1.531845e-01,"(0, (2, 2, 2, 2, 3))",4.257,,,18,18
O_tau=1.2,3,7.896111e-02,1.529950e-01,"(0, (2, 2, 2, 2, 3))",4.304,,,18,18
O_tau=1.2,3,8.020060e-02,1.528031e-01,"(0, (2, 2, 2, 2, 3))",4.350,,,17,17
O_tau=1.2,3,8.145954e-02,1.526089e-01,"(0, (2, 2, 2, 2, 3))",4.396,,,17,17
O_tau=1.2,3,8.273824e-02,1.524122e-01,"(0, (2, 2, 2, 2, 3))",4.440,,,17,17
O_tau=1.2,3,8.403701e-02,1.522131e-01,"(0, (2, 2, 2, 2, 3))",4.484,,,16,16
O_tau=1.2,3,8.535617e-02,1.520116e-01,"(0, (2, 2, 2, 2, 3))",4.527,,,16,16
O_tau=1.2,3,8.669604e-02,1.518075e-01,"(0, (2, 2, 2, 2, 3))",4.570,,,16,16
O_tau=1.2,3,8.805694e-02,1.516010e-01,"(0, (2, 2, 2, 2, 3))",4.612,,,15,15
O_tau=1.2,3,8.943921e-02,1.513919e-01,"(0, (2, 2, 2, 2, 3))",4.653,,,15,15
O_tau=1.2,3,9.084317e-02,1.511802e-01,"(0, (2, 2, 2, 2, 3))",4.694,,,15,15
O_tau=1.2,3,9.226917e-02,1.509660e-01,"(0, (2, 2, 2, 2, 3))",4.733,,,15,15
O_tau=1.2,3,9.371756e-02,1.507492e-01,"(0, (2, 2, 2, 2, 3))",4.773,,,15,15
O_tau=1.2,3,9.518868e-02,1.505297e-01,"(0, (2, 2, 2, 2, 3))",4.811,,,14,14
O_tau=1.2,3,9.668289e-02,1.503077e-01,"(0, (2, 2, 2, 2, 3))",4.849,,,14,14
O_tau=1.2,3,9.820056e-02,1.500829e-01,"(0, (2, 2, 2, 2, 3))",4.887,,,14,14
O_tau=1.2,3,9.974205e-02,1.498555e-01,"(0, (2, 2, 2, 2, 3))",4.923,,,14,14
O_tau=1.2,3,1.013077e-01,1.496254e-01,"(0, (2, 2, 2, 2, 3))",4.960,,,13,13
O_tau=1.2,3,1.028980e-01,1.493925e-01,"(0, (2, 2, 2, 2, 3))",4.995,,,13,13
O_tau=1.2,3,1.045132e-01,1.491569e-01,"(0, (2, 2, 2, 2, 3))",5.030,,,13,13
O_tau=1.2,3,1.061538e-01,1.489185e-01,"(0, (2, 2, 2, 2, 3))",5.065,,,13,13
O_tau=1.2,3,1.078202e-01,1.486773e-01,"(0, (2, 2, 2, 2, 3))",5.098,,,13,13
O_tau=1.2,3,1.095127e-01,1.484333e-01,"(0, (2, 2, 2, 2, 3))",5.132,,,13,13
O_tau=1.2,3,1.112317e-01,1.481864e-01,"(0, (2, 2, 2, 2, 3))",5.165,,,12,12
O_tau=1.2,3,1.129778e-01,1.479367e-01,"(0, (2, 2, 2, 2, 3))",5.197,,,12,12
O_tau=1.2,3,1.147512e-01,1.476841e-01,"(0, (2, 2, 2, 2, 3))",5.229,,,12,12
O_tau=1.2,3,1.165525e-01,1.474286e-01,"(0, (2, 2, 2, 2, 3))",5.260,,,12,12
O_tau=1.2,3,1.183821e-01,1.471702e-01,"(0, (2, 2, 2, 2, 3))",5.291,,,11,11
O_tau=1.2,3,1.202404e-01,1.469088e-01,"(0, (2, 2, 2, 2, 3))",5.321,,,11,11
O_tau=1.2,3,1.221278e-01,1.466445e-01,"(0, (2, 2, 2, 2, 3))",5.351,,,11,11
O_tau=1.2,3,1.240449e-01,1.463771e-01,"(0, (2, 2, 2, 2, 3))",5.380,,,11,11
O_tau=1.2,3,1.259921e-01,1.461068e-01,"(0, (2, 2, 2, 2, 3))",5.409,,,11,11
O_tau=1.2,3,1.279699e-01,1.458334e-01,"(0, (2, 2, 2, 2, 3))",5.437,,,10,10
O_tau=1.2,3,1.299786e-01,1.455570e-01,"(0, (2, 2, 2, 2, 3))",5.465,,,10,10
O_tau=1.2,3,1.320190e-01,1.452776e-01,"(0, (2, 2, 2, 2, 3))",5.493,,,10,10
O_tau=1.2,3,1.340913e-01,1.449950e-01,"(0, (2, 2, 2, 2, 3))",5.520,,,10,10
O_tau=1.2,3,1.361962e-01,1.447093e-01,"(0, (2, 2, 2, 2, 3))",5.546,,,9,9
O_tau=1.2,3,1.383341e-01,1.444205e-01,"(0, (2, 2, 2, 2, 3))",5.572,,,9,9
O_tau=1.2,3,1.405056e-01,1.441286e-01,"(0, (2, 2, 2, 2, 3))",5.598,,,9,9
O_tau=1.2,3,1.427112e-01,1.438335e-01,"(0, (2, 2, 2, 2, 3))",5.623,,,9,9
O_tau=1.2,3,1.449514e-01,1.435352e-01,"(0, (2, 2, 2, 2, 3))",5.648,,,9,9
O_tau=1.2,3,1.472267e-01,1.432336e-01,"(0, (2, 2, 2, 2, 3))",5.673,,,9,9
O_tau=1.2,3,1.495378e-01,1.429289e-01,"(0, (2, 2, 2, 2, 3))",5.697,,,9,9
O_tau=1.2,3,1.518852e-01,1.426210e-01,"(0, (2, 2, 2, 2, 3))",5.721,,,8,8
O_tau=1.2,3,1.542694e-01,1.423097e-01,"(0, (2, 2, 2, 2, 3))",5.744,,,8,8
O_tau=1.2,3,1.566910e-01,1.419952e-01,"(0, (2, 2, 2, 2, 3))",5.767,,,8,8
O_tau=1.2,3,1.591506e-01,1.416774e-01,"(0, (2, 2, 2, 2, 3))",5.790,,,8,8
O_tau=1.2,3,1.616489e-01,1.413563e-01,"(0, (2, 2, 2, 2, 3))",5.812,,,8,8
O_tau=1.2,3,1.641863e-01,1.410319e-01,"(0, (2, 2, 2, 2, 3))",5.834,,,7,7
O_tau=1.2,3,1.667636e-01,1.407042e-01,"(0, (2, 2, 2, 2, 3))",5.856,,,7,7
O_tau=1.2,3,1.693814e-01,1.403730e-01,"(0, (2, 2, 2, 2, 3))",5.877,,,7,7
O_tau=1.2,3,1.720402e-01,1.400385e-01,"(0, (2, 2, 2, 2, 3))",5.898,,,7,7
O_tau=1.2,3,1.747408e-01,1.397007e-01,"(0, (2, 2, 2, 2, 3))",5.918,,,7,7
O_tau=1.2,3,1.774838e-01,1.393594e-01,"(0, (2, 2, 2, 2, 3))",5.939,,,7,7
O_tau=1.2,3,1.802698e-01,1.390147e-01,"(0, (2, 2, 2, 2, 3))",5.959,,,6,6
O_tau=1.2,3,1.830996e-01,1.386665e-01,"(0, (2, 2, 2, 2, 3))",5.978,,,6,6
O_tau=1.2,3,1.859738e-01,1.383149e-01,"(0, (2, 2, 2, 2, 3))",5.998,,,6,6
O_tau=1.2,3,1.888931e-01,1.379599e-01,"(0, (2, 2, 2, 2, 3))",6.017,,,6,6
O_tau=1.2,3,1.918582e-01,1.376014e-01,"(0, (2, 2, 2, 2, 3))",6.035,,,6,6
O_tau=1.2,3,1.948699e-01,1.372394e-01,"(0, (2, 2, 2, 2, 3))",6.054,,,5,5
O_tau=1.2,3,1.979288e-01,1.368739e-01,"(0, (2, 2, 2, 2, 3))",6.072,,,5,5
O_tau=1.2,3,2.010358e-01,1.365048e-01,"(0, (2, 2, 2, 2, 3))",6.090,,,5,5
O_tau=1.2,3,2.041915e-01,1.361323e-01,"(0, (2, 2, 2, 2, 3))",6.108,,,5,5
O_tau=1.2,3,2.073968e-01,1.357562e-01,"(0, (2, 2, 2, 2, 3))",6.125,,,,5
O_tau=1.2,3,2.106524e-01,1.353766e-01,"(0, (2, 2, 2, 2, 3))",6.142,,,,5
O_tau=1.2,3,2.139591e-01,1.349935e-01,"(0, (2, 2, 2, 2, 3))",6.159,,,,5
O_tau=1.2,3,2.173177e-01,1.346068e-01,"(0, (2, 2, 2, 2, 3))",6.175,,,,5
O_tau=1.2,3,2.207290e-01,1.342165e-01,"(0, (2, 2, 2, 2, 3))",6.192,,,,5
O_tau=1.2,3,2.241939e-01,1.338226e-01,"(0, (2, 2, 2, 2, 3))",6.208,,,,5
O_tau=1.2,3,2.277131e-01,1.334251e-01,"(0, (2, 2, 2, 2, 3))",6.224,,,,5
O_tau=1.2,3,2.312876e-01,1.330241e-01,"(0, (2, 2, 2, 2, 3))",6.239,,,,5
O_tau=1.2,3,2.349183e-01,1.326194e-01,"(0, (2, 2, 2, 2, 3))",6.255,,,,5
O_tau=1.2,3,2.386059e-01,1.322112e-01,"(0, (2, 2, 2, 2, 3))",6.270,,,,5
O_tau=1.2,3,2.423513e-01,1.317993e-01,"(0, (2, 2, 2, 2, 3))",6.285,,,,4
O_tau=1.2,3,2.461556e-01,1.313838e-01,"(0, (2, 2, 2, 2, 3))",6.300,,,,4
O_tau=1.2,3,2.500196e-01,1.309646e-01,"(0, (2, 2, 2, 2, 3))",6.314,,,,4
O_tau=1.2,3,2.539443e-01,1.305419e-01,"(0, (2, 2, 2, 2, 3))",6.329,,,,4
O_tau=1.2,3,2.579305e-01,1.301155e-01,"(0, (2, 2, 2, 2, 3))",6.343,,,,4
O_tau=1.2,3,2.619794e-01,1.296855e-01,"(0, (2, 2, 2, 2, 3))",6.357,,,,4
O_tau=1.2,3,2.660918e-01,1.292518e-01,"(0, (2, 2, 2, 2, 3))",6.371,,,,4
O_tau=1.2,3,2.702687e-01,1.288145e-01,"(0, (2, 2, 2, 2, 3))",6.384,,,,4
O_tau=1.2,3,2.745112e-01,1.283735e-01,"(0, (2, 2, 2, 2, 3))",6.398,,,,4
O_tau=1.2,3,2.788203e-01,1.279289e-01,"(0, (2, 2, 2, 2, 3))",6.411,,,,4
O_tau=1.2,3,2.831971e-01,1.274807e-01,"(0, (2, 2, 2, 2, 3))",6.424,,,,3
O_tau=1.2,3,2.876426e-01,1.270288e-01,"(0, (2, 2, 2, 2, 3))",6.437,,,,3
O_tau=1.2,3,2.921578e-01,1.265733e-01,"(0, (2, 2, 2, 2, 3))",6.449,,,,3
O_tau=1.2,3,2.967439e-01,1.261141e-01,"(0, (2, 2, 2, 2, 3))",6.462,,,,3
O_tau=1.2,3,3.014020e-01,1.256513e-01,"(0, (2, 2, 2, 2, 3))",6.474,,,,3
O_tau=1.2,3,3.061332e-01,1.251848e-01,"(0, (2, 2, 2, 2, 3))",6.487,,,,3
O_tau=1.2,3,3.109387e-01,1.247147e-01,"(0, (2, 2, 2, 2, 3))",6.499,,,,3
O_tau=1.2,3,3.158196e-01,1.242410e-01,"(0, (2, 2, 2, 2, 3))",6.511,,,,3
O_tau=1.2,3,3.207772e-01,1.237637e-01,"(0, (2, 2, 2, 2, 3))",6.522,,,,3
O_tau=1.2,3,3.258126e-01,1.232827e-01,"(0, (2, 2, 2, 2, 3))",6.534,,,,2
O_tau=1.2,3,3.309270e-01,1.227981e-01,"(0, (2, 2, 2, 2, 3))",6.546,,,,2
O_tau=1.2,3,3.361217e-01,1.223100e-01,"(0, (2, 2, 2, 2, 3))",6.557,,,,2
O_tau=1.2,3,3.413979e-01,1.218182e-01,"(0, (2, 2, 2, 2, 3))",6.568,,,,2
O_tau=1.2,3,3.467569e-01,1.213228e-01,"(0, (2, 2, 2, 2, 3))",6.579,,,,2
O_tau=1.2,3,3.522001e-01,1.208239e-01,"(0, (2, 2, 2, 2, 3))",6.590,,,,2
O_tau=1.2,3,3.577287e-01,1.203213e-01,"(0, (2, 2, 2, 2, 3))",6.601,,,,2
O_tau=1.2,3,3.633441e-01,1.198152e-01,"(0, (2, 2, 2, 2, 3))",6.612,,,,2
O_tau=1.2,3,3.690477e-01,1.193056e-01,"(0, (2, 2, 2, 2, 3))",6.623,,,,2
O_tau=1.2,3,3.748408e-01,1.187924e-01,"(0, (2, 2, 2, 2, 3))",6.633,,,,2
O_tau=1.2,3,3.807248e-01,1.182757e-01,"(0, (2, 2, 2, 2, 3))",6.644,,,,2
O_tau=1.2,3,3.867012e-01,1.177555e-01,"(0, (2, 2, 2, 2, 3))",6.654,,,,2
O_tau=1.2,3,3.927714e-01,1.172318e-01,"(0, (2, 2, 2, 2, 3))",6.665,,,,2
O_tau=1.2,3,3.989369e-01,1.167046e-01,"(0, (2, 2, 2, 2, 3))",6.675,,,,2
O_tau=1.2,3,4.051991e-01,1.161739e-01,"(0, (2, 2, 2, 2, 3))",6.685,,,,2
O_tau=1.2,3,4.115597e-01,1.156397e-01,"(0, (2, 2, 2, 2, 3))",6.695,,,,2
O_tau=1.2,3,4.180201e-01,1.151022e-01,"(0, (2, 2, 2, 2, 3))",6.705,,,,2
O_tau=1.2,3,4.245820e-01,1.145612e-01,"(0, (2, 2, 2, 2, 3))",6.715,,,,2
O_tau=1.2,3,4.312468e-01,1.140168e-01,"(0, (2, 2, 2, 2, 3))",6.725,,,,2
O_tau=1.2,3,4.380162e-01,1.134690e-01,"(0, (2, 2, 2, 2, 3))",6.735,,,,2
O_tau=1.2,3,4.448919e-01,1.129179e-01,"(0, (2, 2, 2, 2, 3))",6.744,,,,2
O_tau=1.2,3,4.518756e-01,1.123634e-01,"(0, (2, 2, 2, 2, 3))",6.754,,,,2
O_tau=1.2,3,4.589688e-01,1.118056e-01,"(0, (2, 2, 2, 2, 3))",6.930,,,,2
O_tau=1.2,3,4.661735e-01,1.112445e-01,"(0, (2, 2, 2, 2, 3))",6.944,,,,2
O_tau=1.2,3,4.734912e-01,1.106801e-01,"(0, (2, 2, 2, 2, 3))",6.957,,,,2
O_tau=1.2,3,4.809237e-01,1.101124e-01,"(0, (2, 2, 2, 2, 3))",6.971,,,,2
O_tau=1.2,3,4.884730e-01,1.095416e-01,"(0, (2, 2, 2, 2, 3))",6.985,,,,2
O_tau=1.2,3,4.961407e-01,1.089675e-01,"(0, (2, 2, 2, 2, 3))",6.999,,,,2
O_tau=1.2,3,5.039289e-01,1.083903e-01,"(0, (2, 2, 2, 2, 3))",7.013,,,,2
O_tau=1.2,3,5.118392e-01,1.078099e-01,"(0, (2, 2, 2, 2, 3))",7.028,,,,2
O_tau=1.2,3,5.198738e-01,1.072263e-01,"(0, (2, 2, 2, 2, 3))",7.043,,,,2
O_tau=1.2,3,5.280344e-01,1.066397e-01,"(0, (2, 2, 2, 2, 3))",7.058,,,,2
O_tau=1.2,3,5.363232e-01,1.060500e-01,"(0, (2, 2, 2, 2, 3))",7.073,,,,2
O_tau=1.2,3,5.447421e-01,1.054573e-01,"(0, (2, 2, 2, 2, 3))",7.089,,,,2
O_tau=1.2,3,5.532931e-01,1.048615e-01,"(0, (2, 2, 2, 2, 3))",7.105,,,,2
O_tau=1.2,3,5.619783e-01,1.042628e-01,"(0, (2, 2, 2, 2, 3))",7.121,,,,2
O_tau=1.2,3,5.707999e-01,1.036612e-01,"(0, (2, 2, 2, 2, 3))",7.137,,,,2
O_tau=1.2,3,5.797600e-01,1.030566e-01,"(0, (2, 2, 2, 2, 3))",7.153,,,,2
O_tau=1.2,3,5.888607e-01,1.024491e-01,"(0, (2, 2, 2, 2, 3))",7.170,,,,2
O_tau=1.2,3,5.981043e-01,1.018388e-01,"(0, (2, 2, 2, 2, 3))",7.187,,,,2
O_tau=1.2,3,6.074930e-01,1.012257e-01,"(0, (2, 2, 2, 2, 3))",7.205,,,,2
O_tau=1.2,3,6.170290e-01,1.006099e-01,"(0, (2, 2, 2, 2, 3))",7.222,,,,2
O_tau=1.2,3,6.267148e-01,9.999124e-02,"(0, (2, 2, 2, 2, 3))",7.240,,,,2
O_tau=1.2,3,6.365525e-01,9.936993e-02,"(0, (2, 2, 2, 2, 3))",7.258,,,,2
O_tau=1.2,3,6.465448e-01,9.874594e-02,"(0, (2, 2, 2, 2, 3))",7.277,,,,1
O_tau=1.2,3,6.566938e-01,9.811934e-02,"(0, (2, 2, 2, 2, 3))",7.295,,,,1
O_tau=1.2,3,6.670022e-01,9.749015e-02,"(0, (2, 2, 2, 2, 3))",7.314,,,,1
O_tau=1.2,3,6.774724e-01,9.685841e-02,"(0, (2, 2, 2, 2, 3))",7.334,,,,1
O_tau=1.2,3,6.881069e-01,9.622417e-02,"(0, (2, 2, 2, 2, 3))",7.353,,,,1
O_tau=1.2,3,6.989084e-01,9.558747e-02,"(0, (2, 2, 2, 2, 3))",7.373,,,,1
O_tau=1.2,3,7.098795e-01,9.494835e-02,"(0, (2, 2, 2, 2, 3))",7.394,,,,1
O_tau=1.2,3,7.210227e-01,9.430685e-02,"(0, (2, 2, 2, 2, 3))",7.414,,,,1
O_tau=1.2,3,7.323409e-01,9.366302e-02,"(0, (2, 2, 2, 2, 3))",7.435,,,,1
O_tau=1.2,3,7.438367e-01,9.301690e-02,"(0, (2, 2, 2, 2, 3))",7.456,,,,1
O_tau=1.2,3,7.555130e-01,9.236854e-02,"(0, (2, 2, 2, 2, 3))",7.478,,,,1
O_tau=1.2,3,7.673726e-01,9.171798e-02,"(0, (2, 2, 2, 2, 3))",7.500,,,,1
O_tau=1.2,3,7.794184e-01,9.106527e-02,"(0, (2, 2, 2, 2, 3))",7.522,,,,1
O_tau=1.2,3,7.916532e-01,9.041045e-02,"(0, (2, 2, 2, 2, 3))",7.544,,,,1
O_tau=1.2,3,8.040801e-01,8.975358e-02,"(0, (2, 2, 2, 2, 3))",7.567,,,,1
O_tau=1.2,3,8.167020e-01,8.909471e-02,"(0, (2, 2, 2, 2, 3))",7.591,,,,1
O_tau=1.2,3,8.295221e-01,8.843388e-02,"(0, (2, 2, 2, 2, 3))",7.614,,,,1
O_tau=1.2,3,8.425434e-01,8.777114e-02,"(0, (2, 2, 2, 2, 3))",7.638,,,,1
O_tau=1.2,3,8.557692e-01,8.710654e-02,"(0, (2, 2, 2, 2, 3))",7.663,,,,1
O_tau=1.2,3,8.692025e-01,8.644014e-02,"(0, (2, 2, 2, 2, 3))",7.688,,,,1
O_tau=1.2,3,8.828467e-01,8.577199e-02,"(0, (2, 2, 2, 2, 3))",7.713,,,,1
O_tau=1.2,3,8.967051e-01,8.510214e-02,"(0, (2, 2, 2, 2, 3))",7.738,,,,1
O_tau=1.2,3,9.107810e-01,8.443065e-02,"(0, (2, 2, 2, 2, 3))",7.764,,,,1
O_tau=1.2,3,9.250779e-01,8.375756e-02,"(0, (2, 2, 2, 2, 3))",7.791,,,,1
O_tau=1.2,3,9.395992e-01,8.308294e-02,"(0, (2, 2, 2, 2, 3))",7.818,,,,1
O_tau=1.2,3,9.543485e-01,8.240684e-02,"(0, (2, 2, 2, 2, 3))",7.845,,,,1
O_tau=1.2,3,9.693293e-01,8.172931e-02,"(0, (2, 2, 2, 2, 3))",7.872,,,,1
O_tau=1.2,3,9.845452e-01,8.105042e-02,"(0, (2, 2, 2, 2, 3))",7.901,,,,1
O_tau=1.2,3,1.000000e+00,8.037022e-02,"(0, (2, 2, 2, 2, 3))",7.929,,,,1
O_tau=1.2,12,1.000000e-05,8.333153e-02,"(0, (2, 3, 4, 4))",-24934.974,,,,
O_tau=1.2,12,1.017818e-05,8.333150e-02,"(0, (2, 3, 4, 4))",-24498.302,,,,
O_tau=1.2,12,1.035953e-05,8.333146e-02,"(0, (2, 3, 4, 4))",-24069.274,,,,
O_tau=1.2,12,1.054412e-05,8.333143e-02,"(0, (2, 3, 4, 4))",-23647.757,,,,
O_tau=1.2,12,1.073199e-05,8.333140e-02,"(0, (2, 3, 4, 4))",-23233.619,,,,
O_tau=1.2,12,1.092322e-05,8.333136e-02,"(0, (2, 3, 4, 4))",-22826.731,,,,
O_tau=1.2,12,1.111784e-05,8.333133e-02,"(0, (2, 3, 4, 4))",-22426.966,,,,
O_tau=1.2,12,1.131594e-05,8.333129e-02,"(0, (2, 3, 4, 4))",-22034.200,,,,
O_tau=1.2,12,1.151757e-05,8.333125e-02,"(0, (2, 3, 4, 4))",-21648.309,,,,
O_tau=1.2,12,1.172279e-05,8.333122e-02,"(0, (2, 3, 4, 4))",-21269.174,,,,
O_tau=1.2,12,1.193166e-05,8.333118e-02,"(0, (2, 3, 4, 4))",-20896.676,,,,
O_tau=1.2,12,1.214426e-05,8.333114e-02,"(0, (2, 3, 4, 4))",-20530.699,,,,
O_tau=1.2,12,1.236065e-05,8.333110e-02,"(0, (2, 3, 4, 4))",-20171.129,,,,
O_tau=1.2,12,1.258089e-05,8.333106e-02,"(0, (2, 3, 4, 4))",-19817.853,,,,
O_tau=1.2,12,1.280505e-05,8.333102e-02,"(0, (2, 3, 4, 4))",-19470.762,,,,
O_tau=1.2,12,1.303321e-05,8.333098e-02,"(0, (2, 3, 4, 4))",-19129.748,,,,
O_tau=1.2,12,1.326544e-05,8.333094e-02,"(0, (2, 3, 4, 4))",-18794.703,,,,
O_tau=1.2,12,1.350180e-05,8.333090e-02,"(0, (2, 3, 4, 4))",-18465.523,,,,
O_tau=1.2,12,1.374238e-05,8.333085e-02,"(0, (2, 3, 4, 4))",-18142.107,,,,
O_tau=1.2,12,1.398724e-05,8.333081e-02,"(0, (2, 3, 4, 4))",-17824.352,,,,
O_tau=1.2,12,1.423646e-05,8.333076e-02,"(0, (2, 3, 4, 4))",-17512.159,,,,
O_tau=1.2,12,1.449012e-05,8.333072e-02,"(0, (2, 3, 4, 4))",-17205.433,,,,
O_tau=1.2,12,1.474831e-05,8.333067e-02,"(0, (2, 3, 4, 4))",-16904.075,,,,
O_tau=1.2,12,1.501109e-05,8.333062e-02,"(0, (2, 3, 4, 4))",-16607.994,,,,
O_tau=1.2,12,1.527856e-05,8.333057e-02,"(0, (2, 3, 4, 4))",-16317.095,,,,
O_tau=1.2,12,1.555079e-05,8.333053e-02,"(0, (2, 3, 4, 4))",-16031.289,,,,
O_tau=1.2,12,1.582787e-05,8.333048e-02,"(0, (2, 3, 4, 4))",-15750.487,,,,
O_tau=1.2,12,1.610989e-05,8.333042e-02,"(0, (2, 3, 4, 4))",-15474.600,,,,
O_tau=1.2,12,1.639694e-05,8.333037e-02,"(0, (2, 3, 4, 4))",-15203.543,,,,
O_tau=1.2,12,1.668910e-05,8.333032e-02,"(0, (2, 3, 4, 4))",-14937.232,,,,
O_tau=1.2,12,1.698646e-05,8.333027e-02,"(0, (2, 3, 4, 4))",-14675.582,,,,
O_tau=1.2,12,1.728913e-05,8.333021e-02,"(0, (2, 3, 4, 4))",-14418.513,,,,
O_tau=1.2,12,1.759718e-05,8.333016e-02,"(0, (2, 3, 4, 4))",-14165.944,,,,
O_tau=1.2,12,1.791073e-05,8.333010e-02,"(0, (2, 3, 4, 4))",-13917.797,,,,
O_tau=1.2,12,1.822986e-05,8.333004e-02,"(0, (2, 3, 4, 4))",-13673.994,,,,
O_tau=1.2,12,1.855468e-05,8.332998e-02,"(0, (2, 3, 4, 4))",-13434.459,,,,
O_tau=1.2,12,1.888529e-05,8.332992e-02,"(0, (2, 3, 4, 4))",-13199.117,,,,
O_tau=1.2,12,1.922178e-05,8.332986e-02,"(0, (2, 3, 4, 4))",-12967.896,,,,
O_tau=1.2,12,1.956428e-05,8.332980e-02,"(0, (2, 3, 4, 4))",-12740.722,,,,
O_tau=1.2,12,1.991287e-05,8.332974e-02,"(0, (2, 3, 4, 4))",-12517.525,,,,
O_tau=1.2,12,2.026768e-05,8.332967e-02,"(0, (2, 3, 4, 4))",-12298.235,,,,
O_tau=1.2,12,2.062881e-05,8.332961e-02,"(0, (2, 3, 4, 4))",-12082.785,,,,
O_tau=1.2,12,2.099637e-05,8.332954e-02,"(0, (2, 3, 4, 4))",-11871.106,,,,
O_tau=1.2,12,2.137048e-05,8.332948e-02,"(0, (2, 3, 4, 4))",-11663.133,,,,
O_tau=1.2,12,2.175126e-05,8.332941e-02,"(0, (2, 3, 4, 4))",-11458.801,,,,
O_tau=1.2,12,2.213882e-05,8.332934e-02,"(0, (2, 3, 4, 4))",-11258.046,,,,
O_tau=1.2,12,2.253329e-05,8.332927e-02,"(0, (2, 3, 4, 4))",-11060.805,,,,
O_tau=1.2,12,2.293479e-05,8.332919e-02,"(0, (2, 3, 4, 4))",-10867.017,,,,
O_tau=1.2,12,2.334344e-05,8.332912e-02,"(0, (2, 3, 4, 4))",-10676.622,,,,
O_tau=1.2,12,2.375937e-05,8.332904e-02,"(0, (2, 3, 4, 4))",-10489.560,,,,
O_tau=1.2,12,2.418271e-05,8.332897e-02,"(0, (2, 3, 4, 4))",-10305.773,,,,
O_tau=1.2,12,2.461360e-05,8.332889e-02,"(0, (2, 3, 4, 4))",-10125.203,,,,
O_tau=1.2,12,2.505216e-05,8.332881e-02,"(0, (2, 3, 4, 4))",-9947.794,,,,
O_tau=1.2,12,2.549854e-05,8.332873e-02,"(0, (2, 3, 4, 4))",-9773.492,,,,
O_tau=1.2,12,2.595287e-05,8.332865e-02,"(0, (2, 3, 4, 4))",-9602.240,,,,
O_tau=1.2,12,2.641530e-05,8.332856e-02,"(0, (2, 3, 4, 4))",-9433.987,,,,
O_tau=1.2,12,2.688596e-05,8.332848e-02,"(0, (2, 3, 4, 4))",-9268.679,,,,
O_tau=1.2,12,2.736502e-05,8.332839e-02,"(0, (2, 3, 4, 4))",-9106.265,,,,
O_tau=1.2,12,2.785260e-05,8.332830e-02,"(0, (2, 3, 4, 4))",-8946.694,,,,
O_tau=1.2,12,2.834888e-05,8.332822e-02,"(0, (2, 3, 4, 4))",-8789.917,,,,
O_tau=1.2,12,2.885400e-05,8.332812e-02,"(0, (2, 3, 4, 4))",-8635.884,,,,
O_tau=1.2,12,2.936812e-05,8.332803e-02,"(0, (2, 3, 4, 4))",-8484.548,,,,
O_tau=1.2,12,2.989140e-05,8.332794e-02,"(0, (2, 3, 4, 4))",-8335.861,,,,
O_tau=1.2,12,3.042400e-05,8.332784e-02,"(0, (2, 3, 4, 4))",-8189.778,,,,
O_tau=1.2,12,3.096609e-05,8.332774e-02,"(0, (2, 3, 4, 4))",-8046.251,,,,
O_tau=1.2,12,3.151784e-05,8.332764e-02,"(0, (2, 3, 4, 4))",-7905.238,,,,
O_tau=1.2,12,3.207943e-05,8.332754e-02,"(0, (2, 3, 4, 4))",-7766.693,,,,
O_tau=1.2,12,3.265102e-05,8.332744e-02,"(0, (2, 3, 4, 4))",-7630.573,,,,
O_tau=1.2,12,3.323279e-05,8.332733e-02,"(0, (2, 3, 4, 4))",-7496.837,,,,
O_tau=1.2,12,3.382493e-05,8.332723e-02,"(0, (2, 3, 4, 4))",-7365.441,,,,
O_tau=1.2,12,3.442762e-05,8.332712e-02,"(0, (2, 3, 4, 4))",-7236.346,,,,
O_tau=1.2,12,3.504105e-05,8.332701e-02,"(0, (2, 3, 4, 4))",-7109.511,,,,
O_tau=1.2,12,3.566541e-05,8.332689e-02,"(0, (2, 3, 4, 4))",-6984.897,,,,
O_tau=1.2,12,3.630089e-05,8.332678e-02,"(0, (2, 3, 4, 4))",-6862.464,,,,
O_tau=1.2,12,3.694770e-05,8.332666e-02,"(0, (2, 3, 4, 4))",-6742.174,,,,
O_tau=1.2,12,3.760603e-05,8.332654e-02,"(0, (2, 3, 4, 4))",-6623.990,,,,
O_tau=1.2,12,3.827609e-05,8.332642e-02,"(0, (2, 3, 4, 4))",-6507.876,,,,
O_tau=1.2,12,3.895809e-05,8.332630e-02,"(0, (2, 3, 4, 4))",-6393.794,,,,
O_tau=1.2,12,3.965225e-05,8.332617e-02,"(0, (2, 3, 4, 4))",-6281.709,,,,
O_tau=1.2,12,4.035877e-05,8.332605e-02,"(0, (2, 3, 4, 4))",-6171.586,,,,
O_tau=1.2,12,4.107788e-05,8.332592e-02,"(0, (2, 3, 4, 4))",-6063.391,,,,
O_tau=1.2,12,4.180980e-05,8.332579e-02,"(0, (2, 3, 4, 4))",-5957.091,,,,
O_tau=1.2,12,4.255477e-05,8.332565e-02,"(0, (2, 3, 4, 4))",-5852.651,,,,
O_tau=1.2,12,4.331300e-05,8.332551e-02,"(0, (2, 3, 4, 4))",-5750.040,,,,
O_tau=1.2,12,4.408475e-05,8.332537e-02,"(0, (2, 3, 4, 4))",-5649.225,,,,
O_tau=1.2,12,4.487025e-05,8.332523e-02,"(0, (2, 3, 4, 4))",-5550.175,,,,
O_tau=1.2,12,4.566975e-05,8.332509e-02,"(0, (2, 3, 4, 4))",-5452.859,,,,
O_tau=1.2,12,4.648349e-05,8.332494e-02,"(0, (2, 3, 4, 4))",-5357.247,,,,
O_tau=1.2,12,4.731173e-05,8.332479e-02,"(0, (2, 3, 4, 4))",-5263.309,,,,
O_tau=1.2,12,4.815472e-05,8.332464e-02,"(0, (2, 3, 4, 4))",-5171.015,,,,
O_tau=1.2,12,4.901274e-05,8.332449e-02,"(0, (2, 3, 4, 4))",-5080.337,,,,
O_tau=1.2,12,4.988605e-05,8.332433e-02,"(0, (2, 3, 4, 4))",-4991.246,,,,
O_tau=1.2,12,5.077491e-05,8.332417e-02,"(0, (2, 3, 4, 4))",-4903.716,,,,
O_tau=1.2,12,5.167962e-05,8.332400e-02,"(0, (2, 3, 4, 4))",-4817.717,,,,
O_tau=1.2,12,5.260044e-05,8.332384e-02,"(0, (2, 3, 4, 4))",-4733.224,,,,
O_tau=1.2,12,5.353767e-05,8.332367e-02,"(0, (2, 3, 4, 4))",-4650.210,,,,
O_tau=1.2,12,5.449160e-05,8.332350e-02,"(0, (2, 3, 4, 4))",-4568.650,,,,
O_tau=1.2,12,5.546253e-05,8.332332e-02,"(0, (2, 3, 4, 4))",-4488.517,,,,
O_tau=1.2,12,5.645076e-05,8.332314e-02,"(0, (2, 3, 4, 4))",-4409.788,,,,
O_tau=1.2,12,5.745660e-05,8.332296e-02,"(0, (2, 3, 4, 4))",-4332.436,,,,
O_tau=1.2,12,5.848035e-05,8.332278e-02,"(0, (2, 3, 4, 4))",-4256.439,,,,
O_tau=1.2,12,5.952235e-05,8.332259e-02,"(0, (2, 3, 4, 4))",-4181.773,,,,
O_tau=1.2,12,6.058292e-05,8.332240e-02,"(0, (2, 3, 4, 4))",-4108.413,,,,
O_tau=1.2,12,6.166238e-05,8.332220e-02,"(0, (2, 3, 4, 4))",-4036.338,,,,
O_tau=1.2,12,6.276108e-05,8.332200e-02,"(0, (2, 3, 4, 4))",-3965.524,,,,
O_tau=1.2,12,6.387935e-05,8.332180e-02,"(0, (2, 3, 4, 4))",-3895.951,,,,
O_tau=1.2,12,6.501755e-05,8.332160e-02,"(0, (2, 3, 4, 4))",-3827.595,,,,
O_tau=1.2,12,6.617603e-05,8.332139e-02,"(0, (2, 3, 4, 4))",-3760.436,,,,
O_tau=1.2,12,6.735515e-05,8.332117e-02,"(0, (2, 3, 4, 4))",-3694.453,,,,
O_tau=1.2,12,6.855528e-05,8.332096e-02,"(0, (2, 3, 4, 4))",-3629.625,,,,
O_tau=1.2,12,6.977679e-05,8.332074e-02,"(0, (2, 3, 4, 4))",-3565.932,,,,
O_tau=1.2,12,7.102007e-05,8.332051e-02,"(0, (2, 3, 4, 4))",-3503.354,,,,
O_tau=1.2,12,7.228550e-05,8.332029e-02,"(0, (2, 3, 4, 4))",-3441.871,,,,
O_tau=1.2,12,7.357348e-05,8.332005e-02,"(0, (2, 3, 4, 4))",-3381.465,,,,
O_tau=1.2,12,7.488441e-05,8.331982e-02,"(0, (2, 3, 4, 4))",-3322.117,,,,
O_tau=1.2,12,7.621869e-05,8.331958e-02,"(0, (2, 3, 4, 4))",-3263.807,,,,
O_tau=1.2,12,7.757675e-05,8.331933e-02,"(0, (2, 3, 4, 4))",-3206.519,,,,
O_tau=1.2,12,7.895901e-05,8.331908e-02,"(0, (2, 3, 4, 4))",-3150.233,,,,
O_tau=1.2,12,8.036590e-05,8.331883e-02,"(0, (2, 3, 4, 4))",-3094.932,,,,
O_tau=1.2,12,8.179785e-05,8.331857e-02,"(0, (2, 3, 4, 4))",-3040.600,,,,
O_tau=1.2,12,8.325532e-05,8.331831e-02,"(0, (2, 3, 4, 4))",-2987.219,,,,
O_tau=1.2,12,8.473876e-05,8.331804e-02,"(0, (2, 3, 4, 4))",-2934.773,,,,
O_tau=1.2,12,8.624863e-05,8.331777e-02,"(0, (2, 3, 4, 4))",-2883.245,,,,
O_tau=1.2,12,8.778540e-05,8.331749e-02,"(0, (2, 3, 4, 4))",-2832.619,,,,
O_tau=1.2,12,8.934956e-05,8.331721e-02,"(0, (2, 3, 4, 4))",-2782.879,,,,
O_tau=1.2,12,9.094158e-05,8.331692e-02,"(0, (2, 3, 4, 4))",-2734.010,,,,
O_tau=1.2,12,9.256197e-05,8.331663e-02,"(0, (2, 3, 4, 4))",-2685.997,,,,
O_tau=1.2,12,9.421124e-05,8.331633e-02,"(0, (2, 3, 4, 4))",-2638.824,,,,
O_tau=1.2,12,9.588989e-05,8.331603e-02,"(0, (2, 3, 4, 4))",-2592.477,,,,
O_tau=1.2,12,9.759844e-05,8.331572e-02,"(0, (2, 3, 4, 4))",-2546.942,,,,
O_tau=1.2,12,9.933745e-05,8.331540e-02,"(0, (2, 3, 4, 4))",-2502.203,,,,
O_tau=1.2,12,1.011074e-04,8.331508e-02,"(0, (2, 3, 4, 4))",-2458.248,,,,
O_tau=1.2,12,1.029090e-04,8.331476e-02,"(0, (2, 3, 4, 4))",-2415.063,,,,
O_tau=1.2,12,1.047426e-04,8.331443e-02,"(0, (2, 3, 4, 4))",-2372.633,,,,
O_tau=1.2,12,1.066089e-04,8.331409e-02,"(0, (2, 3, 4, 4))",-2330.947,,,,
O_tau=1.2,12,1.085084e-04,8.331375e-02,"(0, (2, 3, 4, 4))",-2289.990,,,,
O_tau=1.2,12,1.104418e-04,8.331340e-02,"(0, (2, 3, 4, 4))",-2249.750,,,,
O_tau=1.2,12,1.124097e-04,8.331304e-02,"(0, (2, 3, 4, 4))",-2210.215,,,,
O_tau=1.2,12,1.144126e-04,8.331268e-02,"(0, (2, 3, 4, 4))",-2171.372,,,,
O_tau=1.2,12,1.164512e-04,8.331232e-02,"(0, (2, 3, 4, 4))",-2133.209,,,,
O_tau=1.2,12,1.185261e-04,8.331194e-02,"(0, (2, 3, 4, 4))",-2095.714,,,,
O_tau=1.2,12,1.206380e-04,8.331156e-02,"(0, (2, 3, 4, 4))",-2058.876,,,,
O_tau=1.2,12,1.227875e-04,8.331117e-02,"(0, (2, 3, 4, 4))",-2022.683,,,,
O_tau=1.2,12,1.249753e-04,8.331078e-02,"(0, (2, 3, 4, 4))",-1987.123,,,,
O_tau=1.2,12,1.272021e-04,8.331038e-02,"(0, (2, 3, 4, 4))",-1952.186,,,,
O_tau=1.2,12,1.294686e-04,8.330997e-02,"(0, (2, 3, 4, 4))",-1917.860,,,,
O_tau=1.2,12,1.317755e-04,8.330955e-02,"(0, (2, 3, 4, 4))",-1884.136,,,,
O_tau=1.2,12,1.341234e-04,8.330913e-02,"(0, (2, 3, 4, 4))",-1851.002,,,,
O_tau=1.2,12,1.365132e-04,8.330870e-02,"(0, (2, 3, 4, 4))",-1818.448,,,,
O_tau=1.2,12,1.389456e-04,8.330826e-02,"(0, (2, 3, 4, 4))",-1786.464,,,,
O_tau=1.2,12,1.414214e-04,8.330781e-02,"(0, (2, 3, 4, 4))",-1755.040,,,,
O_tau=1.2,12,1.439412e-04,8.330736e-02,"(0, (2, 3, 4, 4))",-1724.166,,,,
O_tau=1.2,12,1.465059e-04,8.330689e-02,"(0, (2, 3, 4, 4))",-1693.833,,,,
O_tau=1.2,12,1.491164e-04,8.330642e-02,"(0, (2, 3, 4, 4))",-1664.031,,,,
O_tau=1.2,12,1.517733e-04,8.330594e-02,"(0, (2, 3, 4, 4))",-1634.750,,,,
O_tau=1.2,12,1.544776e-04,8.330546e-02,"(0, (2, 3, 4, 4))",-1605.983,,,,
O_tau=1.2,12,1.572301e-04,8.330496e-02,"(0, (2, 3, 4, 4))",-1577.718,,,,
O_tau=1.2,12,1.600316e-04,8.330445e-02,"(0, (2, 3, 4, 4))",-1549.949,,,,
O_tau=1.2,12,1.628830e-04,8.330394e-02,"(0, (2, 3, 4, 4))",-1522.666,,,,
O_tau=1.2,12,1.657853e-04,8.330342e-02,"(0, (2, 3, 4, 4))",-1495.861,,,,
O_tau=1.2,12,1.687392e-04,8.330288e-02,"(0, (2, 3, 4, 4))",-1469.525,,,,
O_tau=1.2,12,1.717458e-04,8.330234e-02,"(0, (2, 3, 4, 4))",-1443.650,,,,
O_tau=1.2,12,1.748059e-04,8.330179e-02,"(0, (2, 3, 4, 4))",-1418.228,,,,
O_tau=1.2,12,1.779206e-04,8.330123e-02,"(0, (2, 3, 4, 4))",-1393.251,,,,
O_tau=1.2,12,1.810908e-04,8.330066e-02,"(0, (2, 3, 4, 4))",-1368.712,,,,
O_tau=1.2,12,1.843175e-04,8.330007e-02,"(0, (2, 3, 4, 4))",-1344.602,,,,
O_tau=1.2,12,1.876016e-04,8.329948e-02,"(0, (2, 3, 4, 4))",-1320.914,,,,
O_tau=1.2,12,1.909443e-04,8.329888e-02,"(0, (2, 3, 4, 4))",-1297.641,,,,
O_tau=1.2,12,1.943465e-04,8.329827e-02,"(0, (2, 3, 4, 4))",-1274.776,,,,
O_tau=1.2,12,1.978094e-04,8.329764e-02,"(0, (2, 3, 4, 4))",-1252.311,,,,
O_tau=1.2,12,2.013339e-04,8.329701e-02,"(0, (2, 3, 4, 4))",-1230.239,,,,
O_tau=1.2,12,2.049213e-04,8.329636e-02,"(0, (2, 3, 4, 4))",-1208.554,,,,
O_tau=1.2,12,2.085726e-04,8.329570e-02,"(0, (2, 3, 4, 4))",-1187.248,,,,
O_tau=1.2,12,2.122889e-04,8.329503e-02,"(0, (2, 3, 4, 4))",-1166.315,,,,
O_tau=1.2,12,2.160715e-04,8.329435e-02,"(0, (2, 3, 4, 4))",-1145.749,,,,
O_tau=1.2,12,2.199214e-04,8.329366e-02,"(0, (2, 3, 4, 4))",-1125.543,,,,
O_tau=1.2,12,2.238399e-04,8.329295e-02,"(0, (2, 3, 4, 4))",-1105.691,,,,
O_tau=1.2,12,2.278283e-04,8.329223e-02,"(0, (2, 3, 4, 4))",-1086.187,,,,
O_tau=1.2,12,2.318877e-04,8.329150e-02,"(0, (2, 3, 4, 4))",-1067.024,,,,
O_tau=1.2,12,2.360195e-04,8.329075e-02,"(0, (2, 3, 4, 4))",-1048.196,,,,
O_tau=1.2,12,2.402249e-04,8.329000e-02,"(0, (2, 3, 4, 4))",-1029.698,,,,
O_tau=1.2,12,2.445052e-04,8.328922e-02,"(0, (2, 3, 4, 4))",-1011.524,,,,
O_tau=1.2,12,2.488618e-04,8.328844e-02,"(0, (2, 3, 4, 4))",-993.669,,,,
O_tau=1.2,12,2.532960e-04,8.328764e-02,"(0, (2, 3, 4, 4))",-976.125,,,,
O_tau=1.2,12,2.578092e-04,8.328683e-02,"(0, (2, 3, 4, 4))",-958.890,,,,
O_tau=1.2,12,2.624028e-04,8.328600e-02,"(0, (2, 3, 4, 4))",-941.955,,,,
O_tau=1.2,12,2.670783e-04,8.328515e-02,"(0, (2, 3, 4, 4))",-925.318,,,,
O_tau=1.2,12,2.718371e-04,8.328430e-02,"(0, (2, 3, 4, 4))",-908.972,,,,
O_tau=1.2,12,2.766807e-04,8.328342e-02,"(0, (2, 3, 4, 4))",-892.911,,,,
O_tau=1.2,12,2.816105e-04,8.328254e-02,"(0, (2, 3, 4, 4))",-877.133,,,,
O_tau=1.2,12,2.866283e-04,8.328163e-02,"(0, (2, 3, 4, 4))",-861.630,,,,
O_tau=1.2,12,2.917354e-04,8.328071e-02,"(0, (2, 3, 4, 4))",-846.399,,,,
O_tau=1.2,12,2.969335e-04,8.327977e-02,"(0, (2, 3, 4, 4))",-831.435,,,,
O_tau=1.2,12,3.022242e-04,8.327882e-02,"(0, (2, 3, 4, 4))",-816.732,,,,
O_tau=1.2,12,3.076093e-04,8.327785e-02,"(0, (2, 3, 4, 4))",-802.287,,,,
O_tau=1.2,12,3.130902e-04,8.327686e-02,"(0, (2, 3, 4, 4))",-788.095,,,,
O_tau=1.2,12,3.186688e-04,8.327586e-02,"(0, (2, 3, 4, 4))",-774.152,,,,
O_tau=1.2,12,3.243469e-04,8.327484e-02,"(0, (2, 3, 4, 4))",-760.453,,,,
O_tau=1.2,12,3.301261e-04,8.327379e-02,"(0, (2, 3, 4, 4))",-746.993,,,,
O_tau=1.2,12,3.360082e-04,8.327273e-02,"(0, (2, 3, 4, 4))",-733.769,,,,
O_tau=1.2,12,3.419952e-04,8.327166e-02,"(0, (2, 3, 4, 4))",-720.777,,,,
O_tau=1.2,12,3.480888e-04,8.327056e-02,"(0, (2, 3, 4, 4))",-708.013,,,,
O_tau=1.2,12,3.542911e-04,8.326944e-02,"(0, (2, 3, 4, 4))",-695.472,,,,
O_tau=1.2,12,3.606038e-04,8.326830e-02,"(0, (2, 3, 4, 4))",-683.150,,,,
O_tau=1.2,12,3.670290e-04,8.326715e-02,"(0, (2, 3, 4, 4))",-671.044,,,,
O_tau=1.2,12,3.735687e-04,8.326597e-02,"(0, (2, 3, 4, 4))",-659.151,,,,
O_tau=1.2,12,3.802249e-04,8.326477e-02,"(0, (2, 3, 4, 4))",-647.465,,,,
O_tau=1.2,12,3.869998e-04,8.326355e-02,"(0, (2, 3, 4, 4))",-635.984,,,,
O_tau=1.2,12,3.938953e-04,8.326231e-02,"(0, (2, 3, 4, 4))",-624.704,,,,
O_tau=1.2,12,4.009137e-04,8.326105e-02,"(0, (2, 3, 4, 4))",-613.622,,,,
O_tau=1.2,12,4.080572e-04,8.325976e-02,"(0, (2, 3, 4, 4))",-602.734,,,,
O_tau=1.2,12,4.153279e-04,8.325845e-02,"(0, (2, 3, 4, 4))",-592.036,,,,
O_tau=1.2,12,4.227282e-04,8.325712e-02,"(0, (2, 3, 4, 4))",-581.526,,,,
O_tau=1.2,12,4.302603e-04,8.325576e-02,"(0, (2, 3, 4, 4))",-571.200,,,,
O_tau=1.2,12,4.379267e-04,8.325438e-02,"(0, (2, 3, 4, 4))",-561.055,,,,
O_tau=1.2,12,4.457296e-04,8.325298e-02,"(0, (2, 3, 4, 4))",-551.087,,,,
O_tau=1.2,12,4.536716e-04,8.325155e-02,"(0, (2, 3, 4, 4))",-541.294,,,,
O_tau=1.2,12,4.617551e-04,8.325009e-02,"(0, (2, 3, 4, 4))",-531.673,,,,
O_tau=1.2,12,4.699826e-04,8.324861e-02,"(0, (2, 3, 4, 4))",-522.220,,,,
O_tau=1.2,12,4.783567e-04,8.324710e-02,"(0, (2, 3, 4, 4))",-512.932,,,,
O_tau=1.2,12,4.868801e-04,8.324557e-02,"(0, (2, 3, 4, 4))",-503.807,,,,
O_tau=1.2,12,4.955553e-04,8.324401e-02,"(0, (2, 3, 4, 4))",-494.842,,,,
O_tau=1.2,12,5.043850e-04,8.324242e-02,"(0, (2, 3, 4, 4))",-486.034,,,,
O_tau=1.2,12,5.133721e-04,8.324080e-02,"(0, (2, 3, 4, 4))",-477.380,,,,
O_tau=1.2,12,5.225194e-04,8.323916e-02,"(0, (2, 3, 4, 4))",-468.878,,,,
O_tau=1.2,12,5.318296e-04,8.323748e-02,"(0, (2, 3, 4, 4))",-460.525,,,,
O_tau=1.2,12,5.413057e-04,8.323578e-02,"(0, (2, 3, 4, 4))",-452.318,,,,
O_tau=1.2,12,5.509506e-04,8.323404e-02,"(0, (2, 3, 4, 4))",-444.255,,,,
O_tau=1.2,12,5.607674e-04,8.323228e-02,"(0, (2, 3, 4, 4))",-436.333,,,,
O_tau=1.2,12,5.707592e-04,8.323048e-02,"(0, (2, 3, 4, 4))",-428.549,,,,
O_tau=1.2,12,5.809289e-04,8.322865e-02,"(0, (2, 3, 4, 4))",-420.902,,,,
O_tau=1.2,12,5.912799e-04,8.322679e-02,"(0, (2, 3, 4, 4))",-413.389,,,,
O_tau=1.2,12,6.018153e-04,8.322490e-02,"(0, (2, 3, 4, 4))",-406.008,,,,
O_tau=1.2,12,6.125384e-04,8.322297e-02,"(0, (2, 3, 4, 4))",-398.756,,,,
O_tau=1.2,12,6.234525e-04,8.322101e-02,"(0, (2, 3, 4, 4))",-391.631,,,,
O_tau=1.2,12,6.345612e-04,8.321901e-02,"(0, (2, 3, 4, 4))",-384.630,,,,
O_tau=1.2,12,6.458677e-04,8.321698e-02,"(0, (2, 3, 4, 4))",-377.753,,,,
O_tau=1.2,12,6.573758e-04,8.321491e-02,"(0, (2, 3, 4, 4))",-370.995,,,,4420
O_tau=1.2,12,6.690889e-04,8.321280e-02,"(0, (2, 3, 4, 4))",-364.357,,,,4334
O_tau=1.2,12,6.810106e-04,8.321066e-02,"(0, (2, 3, 4, 4))",-357.834,,,,4249
O_tau=1.2,12,6.931448e-04,8.320848e-02,"(0, (2, 3, 4, 4))",-351.426,,,,4167
O_tau=1.2,12,7.054953e-04,8.320626e-02,"(0, (2, 3, 4, 4))",-345.129,,,4413,4085
O_tau=1.2,12,7.180657e-04,8.320400e-02,"(0, (2, 3, 4, 4))",-338.944,,,4328,4006
O_tau=1.2,12,7.308602e-04,8.320170e-02,"(0, (2, 3, 4, 4))",-332.866,,,4244,3928
O_tau=1.2,12,7.438826e-04,8.319936e-02,"(0, (2, 3, 4, 4))",-326.895,,,4162,3851
O_tau=1.2,12,7.571370e-04,8.319698e-02,"(0, (2, 3, 4, 4))",-321.029,,,4081,3776
O_tau=1.2,12,7.706277e-04,8.319456e-02,"(0, (2, 3, 4, 4))",-315.265,,,4002,3702
O_tau=1.2,12,7.843587e-04,8.319209e-02,"(0, (2, 3, 4, 4))",-309.603,,,3925,3630
O_tau=1.2,12,7.983343e-04,8.318958e-02,"(0, (2, 3, 4, 4))",-304.039,,,3849,3559
O_tau=1.2,12,8.125590e-04,8.318703e-02,"(0, (2, 3, 4, 4))",-298.573,,,3774,3489
O_tau=1.2,12,8.270371e-04,8.318443e-02,"(0, (2, 3, 4, 4))",-293.203,,,3701,3421
O_tau=1.2,12,8.417732e-04,8.318178e-02,"(0, (2, 3, 4, 4))",-287.927,,,3629,3354
O_tau=1.2,12,8.567719e-04,8.317909e-02,"(0, (2, 3, 4, 4))",-282.743,,,3559,3289
O_tau=1.2,12,8.720378e-04,8.317635e-02,"(0, (2, 3, 4, 4))",-277.650,,,3490,3224
O_tau=1.2,12,8.875757e-04,8.317356e-02,"(0, (2, 3, 4, 4))",-272.646,,,3422,3161
O_tau=1.2,12,9.033905e-04,8.317072e-02,"(0, (2, 3, 4, 4))",-267.730,4369,,3356,3099
O_tau=1.2,12,9.194870e-04,8.316784e-02,"(0, (2, 3, 4, 4))",-262.900,4287,,3291,3039
O_tau=1.2,12,9.358704e-04,8.316490e-02,"(0, (2, 3, 4, 4))",-258.155,4202,,3227,2979
O_tau=1.2,12,9.525456e-04,8.316190e-02,"(0, (2, 3, 4, 4))",-253.493,4125,4399,3164,2921
O_tau=1.2,12,9.695180e-04,8.315886e-02,"(0, (2, 3, 4, 4))",-248.912,4045,4317,3103,2864
O_tau=1.2,12,9.867929e-04,8.315576e-02,"(0, (2, 3, 4, 4))",-244.412,3965,4233,3042,2808
O_tau=1.2,12,1.004375e-03,8.315261e-02,"(0, (2, 3, 4, 4))",-239.991,3890,4153,2983,2753
O_tau=1.2,12,1.022271e-03,8.314940e-02,"(0, (2, 3, 4, 4))",-235.647,3817,4075,2925,2699
O_tau=1.2,12,1.040486e-03,8.314613e-02,"(0, (2, 3, 4, 4))",-231.379,3742,3995,2868,2646
O_tau=1.2,12,1.059025e-03,8.314281e-02,"(0, (2, 3, 4, 4))",-227.186,3671,3920,2813,2594
O_tau=1.2,12,1.077895e-03,8.313943e-02,"(0, (2, 3, 4, 4))",-223.066,3599,3847,2758,2543
O_tau=1.2,12,1.097101e-03,8.313599e-02,"(0, (2, 3, 4, 4))",-219.019,3534,3774,2704,2494
O_tau=1.2,12,1.116649e-03,8.313248e-02,"(0, (2, 3, 4, 4))",-215.043,3465,3702,2652,2445
O_tau=1.2,12,1.136545e-03,8.312892e-02,"(0, (2, 3, 4, 4))",-211.136,3398,3631,2600,2397
O_tau=1.2,12,1.156796e-03,8.312529e-02,"(0, (2, 3, 4, 4))",-207.297,3334,3561,2550,2350
O_tau=1.2,12,1.177408e-03,8.312160e-02,"(0, (2, 3, 4, 4))",-203.526,3272,3491,2500,2304
O_tau=1.2,12,1.198387e-03,8.311784e-02,"(0, (2, 3, 4, 4))",-199.821,3209,3428,2451,2258
O_tau=1.2,12,1.219740e-03,8.311402e-02,"(0, (2, 3, 4, 4))",-196.181,3147,3366,2404,2214
O_tau=1.2,12,1.241473e-03,8.311013e-02,"(0, (2, 3, 4, 4))",-192.605,3086,3297,2357,2171
O_tau=1.2,12,1.263594e-03,8.310617e-02,"(0, (2, 3, 4, 4))",-189.092,3027,3235,2311,2128
O_tau=1.2,12,1.286108e-03,8.310214e-02,"(0, (2, 3, 4, 4))",-185.640,2968,3174,2266,2086
O_tau=1.2,12,1.309024e-03,8.309803e-02,"(0, (2, 3, 4, 4))",-182.248,2912,3115,2222,2045
O_tau=1.2,12,1.332348e-03,8.309386e-02,"(0, (2, 3, 4, 4))",-178.916,2857,3057,2179,2005
O_tau=1.2,12,1.356088e-03,8.308961e-02,"(0, (2, 3, 4, 4))",-175.642,2800,2994,2136,1965
O_tau=1.2,12,1.380250e-03,8.308529e-02,"(0, (2, 3, 4, 4))",-172.426,2748,2941,2095,1927
O_tau=1.2,12,1.404844e-03,8.308089e-02,"(0, (2, 3, 4, 4))",-169.266,2696,2884,2054,1889
O_tau=1.2,12,1.429875e-03,8.307642e-02,"(0, (2, 3, 4, 4))",-166.162,2644,2828,2014,1852
O_tau=1.2,12,1.455352e-03,8.307186e-02,"(0, (2, 3, 4, 4))",-163.111,2592,2777,1974,1815
O_tau=1.2,12,1.481284e-03,8.306723e-02,"(0, (2, 3, 4, 4))",-160.115,2543,2721,1936,1780
O_tau=1.2,12,1.507677e-03,8.306251e-02,"(0, (2, 3, 4, 4))",-157.171,2492,2668,1898,1745
O_tau=1.2,12,1.534541e-03,8.305771e-02,"(0, (2, 3, 4, 4))",-154.278,2445,2619,1861,1710
O_tau=1.2,12,1.561883e-03,8.305282e-02,"(0, (2, 3, 4, 4))",-151.436,2402,2571,1825,1677
O_tau=1.2,12,1.589713e-03,8.304785e-02,"(0, (2, 3, 4, 4))",-148.644,2354,2519,1789,1644
O_tau=1.2,12,1.618038e-03,8.304279e-02,"(0, (2, 3, 4, 4))",-145.901,2310,2470,1754,1611
O_tau=1.2,12,1.646868e-03,8.303765e-02,"(0, (2, 3, 4, 4))",-143.206,2265,2426,1720,1579
O_tau=1.2,12,1.676212e-03,8.303241e-02,"(0, (2, 3, 4, 4))",-140.559,2219,2377,1687,1548
O_tau=1.2,12,1.706079e-03,8.302708e-02,"(0, (2, 3, 4, 4))",-137.957,2178,2334,1654,1518
O_tau=1.2,12,1.736478e-03,8.302165e-02,"(0, (2, 3, 4, 4))",-135.401,2136,2288,1621,1488
O_tau=1.2,12,1.767418e-03,8.301613e-02,"(0, (2, 3, 4, 4))",-132.891,2096,2245,1590,1459
O_tau=1.2,12,1.798910e-03,8.301051e-02,"(0, (2, 3, 4, 4))",-130.424,2055,2202,1559,1430
O_tau=1.2,12,1.830963e-03,8.300480e-02,"(0, (2, 3, 4, 4))",-128.000,2016,2160,1528,1401
O_tau=1.2,12,1.863587e-03,8.299898e-02,"(0, (2, 3, 4, 4))",-125.619,1978,2119,1498,1374
O_tau=1.2,12,1.896792e-03,8.299306e-02,"(0, (2, 3, 4, 4))",-123.280,1938,2078,1469,1347
O_tau=1.2,12,1.930589e-03,8.298704e-02,"(0, (2, 3, 4, 4))",-120.981,1901,2037,1440,1320
O_tau=1.2,12,1.964988e-03,8.298091e-02,"(0, (2, 3, 4, 4))",-118.723,1866,2001,1412,1294
O_tau=1.2,12,2.000000e-03,8.297467e-02,"(0, (2, 3, 4, 4))",-116.505,1827,1962,1384,1268
O_tau=1.2,12,2.031395e-03,8.296908e-02,"(0, (2, 3, 4, 4))",-114.580,1797,1929,1360,1246
O_tau=1.2,12,2.063282e-03,8.296340e-02,"(0, (2, 3, 4, 4))",-112.686,1768,1896,1337,1225
O_tau=1.2,12,2.095671e-03,8.295764e-02,"(0, (2, 3, 4, 4))",-110.821,1736,1866,1314,1203
O_tau=1.2,12,2.128567e-03,8.295178e-02,"(0, (2, 3, 4, 4))",-108.985,1709,1832,1291,1182
O_tau=1.2,12,2.161980e-03,8.294583e-02,"(0, (2, 3, 4, 4))",-107.177,1680,1800,1269,1161
O_tau=1.2,12,2.195917e-03,8.293980e-02,"(0, (2, 3, 4, 4))",-105.397,1649,1772,1247,1141
O_tau=1.2,12,2.230388e-03,8.293367e-02,"(0, (2, 3, 4, 4))",-103.645,1619,1742,1225,1121
O_tau=1.2,12,2.265399e-03,8.292744e-02,"(0, (2, 3, 4, 4))",-101.920,1594,1712,1204,1102
O_tau=1.2,12,2.300960e-03,8.292112e-02,"(0, (2, 3, 4, 4))",-100.222,1567,1683,1183,1082
O_tau=1.2,12,2.337079e-03,8.291470e-02,"(0, (2, 3, 4, 4))",-98.550,1542,1655,1163,1063
O_tau=1.2,12,2.373765e-03,8.290818e-02,"(0, (2, 3, 4, 4))",-96.903,1515,1626,1143,1045
O_tau=1.2,12,2.411027e-03,8.290156e-02,"(0, (2, 3, 4, 4))",-95.283,1491,1599,1123,1027
O_tau=1.2,12,2.448874e-03,8.289484e-02,"(0, (2, 3, 4, 4))",-93.687,1463,1572,1103,1009
O_tau=1.2,12,2.487314e-03,8.288801e-02,"(0, (2, 3, 4, 4))",-92.116,1438,1545,1084,991
O_tau=1.2,12,2.526359e-03,8.288108e-02,"(0, (2, 3, 4, 4))",-90.570,1413,1517,1065,974
O_tau=1.2,12,2.566016e-03,8.287404e-02,"(0, (2, 3, 4, 4))",-89.047,1390,1495,1047,957
O_tau=1.2,12,2.606296e-03,8.286690e-02,"(0, (2, 3, 4, 4))",-87.548,1368,1469,1029,940
O_tau=1.2,12,2.647208e-03,8.285964e-02,"(0, (2, 3, 4, 4))",-86.072,1343,1443,1011,923
O_tau=1.2,12,2.688762e-03,8.285227e-02,"(0, (2, 3, 4, 4))",-84.619,1321,1418,994,907
O_tau=1.2,12,2.730969e-03,8.284479e-02,"(0, (2, 3, 4, 4))",-83.189,1299,1396,976,891
O_tau=1.2,12,2.773838e-03,8.283719e-02,"(0, (2, 3, 4, 4))",-81.781,1274,1372,959,876
O_tau=1.2,12,2.817380e-03,8.282948e-02,"(0, (2, 3, 4, 4))",-80.394,1254,1350,943,860
O_tau=1.2,12,2.861605e-03,8.282165e-02,"(0, (2, 3, 4, 4))",-79.029,1232,1327,926,845
O_tau=1.2,12,2.906525e-03,8.281369e-02,"(0, (2, 3, 4, 4))",-77.685,1212,1302,910,831
O_tau=1.2,12,2.952150e-03,8.280562e-02,"(0, (2, 3, 4, 4))",-76.362,1192,1279,894,816
O_tau=1.2,12,2.998491e-03,8.279742e-02,"(0, (2, 3, 4, 4))",-75.060,1170,1260,879,802
O_tau=1.2,12,3.045559e-03,8.278909e-02,"(0, (2, 3, 4, 4))",-73.778,1152,1238,864,787
O_tau=1.2,12,3.093367e-03,8.278064e-02,"(0, (2, 3, 4, 4))",-72.515,1132,1218,849,774
O_tau=1.2,12,3.141924e-03,8.277205e-02,"(0, (2, 3, 4, 4))",-71.272,1110,1197,834,760
O_tau=1.2,12,3.191244e-03,8.276334e-02,"(0, (2, 3, 4, 4))",-70.049,1091,1177,820,747
O_tau=1.2,12,3.241339e-03,8.275449e-02,"(0, (2, 3, 4, 4))",-68.844,1073,1157,805,734
O_tau=1.2,12,3.292219e-03,8.274550e-02,"(0, (2, 3, 4, 4))",-67.658,1058,1138,791,721
O_tau=1.2,12,3.343898e-03,8.273638e-02,"(0, (2, 3, 4, 4))",-66.490,1037,1117,777,708
O_tau=1.2,12,3.396389e-03,8.272711e-02,"(0, (2, 3, 4, 4))",-65.341,1021,1098,764,696
O_tau=1.2,12,3.449703e-03,8.271770e-02,"(0, (2, 3, 4, 4))",-64.209,1002,1080,751,683
O_tau=1.2,12,3.503855e-03,8.270815e-02,"(0, (2, 3, 4, 4))",-63.095,986,1062,738,672
O_tau=1.2,12,3.558856e-03,8.269846e-02,"(0, (2, 3, 4, 4))",-61.998,968,1045,725,660
O_tau=1.2,12,3.614721e-03,8.268861e-02,"(0, (2, 3, 4, 4))",-60.918,954,1026,712,648
O_tau=1.2,12,3.671462e-03,8.267862e-02,"(0, (2, 3, 4, 4))",-59.855,936,1010,700,636
O_tau=1.2,12,3.729095e-03,8.266847e-02,"(0, (2, 3, 4, 4))",-58.808,920,991,688,625
O_tau=1.2,12,3.787632e-03,8.265816e-02,"(0, (2, 3, 4, 4))",-57.778,905,977,676,614
O_tau=1.2,12,3.847088e-03,8.264770e-02,"(0, (2, 3, 4, 4))",-56.763,888,959,664,604
O_tau=1.2,12,3.907477e-03,8.263708e-02,"(0, (2, 3, 4, 4))",-55.765,875,940,652,593
O_tau=1.2,12,3.968814e-03,8.262629e-02,"(0, (2, 3, 4, 4))",-54.781,858,926,641,583
O_tau=1.2,12,4.031114e-03,8.261535e-02,"(0, (2, 3, 4, 4))",-53.813,844,910,630,572
O_tau=1.2,12,4.094392e-03,8.260423e-02,"(0, (2, 3, 4, 4))",-52.861,829,893,619,562
O_tau=1.2,12,4.158663e-03,8.259294e-02,"(0, (2, 3, 4, 4))",-51.922,813,881,608,552
O_tau=1.2,12,4.223944e-03,8.258148e-02,"(0, (2, 3, 4, 4))",-50.999,802,864,598,542
O_tau=1.2,12,4.290249e-03,8.256985e-02,"(0, (2, 3, 4, 4))",-50.089,786,851,587,533
O_tau=1.2,12,4.357594e-03,8.255804e-02,"(0, (2, 3, 4, 4))",-49.194,777,836,577,524
O_tau=1.2,12,4.425997e-03,8.254605e-02,"(0, (2, 3, 4, 4))",-48.313,761,821,567,514
O_tau=1.2,12,4.495474e-03,8.253388e-02,"(0, (2, 3, 4, 4))",-47.445,747,809,557,505
O_tau=1.2,12,4.566041e-03,8.252152e-02,"(0, (2, 3, 4, 4))",-46.591,736,792,547,496
O_tau=1.2,12,4.637716e-03,8.250897e-02,"(0, (2, 3, 4, 4))",-45.750,722,780,538,487
O_tau=1.2,12,4.710516e-03,8.249623e-02,"(0, (2, 3, 4, 4))",-44.922,710,768,528,479
O_tau=1.2,12,4.784459e-03,8.248330e-02,"(0, (2, 3, 4, 4))",-44.107,699,753,519,471
O_tau=1.2,12,4.859562e-03,8.247017e-02,"(0, (2, 3, 4, 4))",-43.305,686,741,510,462
O_tau=1.2,12,4.935845e-03,8.245685e-02,"(0, (2, 3, 4, 4))",-42.515,675,728,501,454
O_tau=1.2,12,5.013324e-03,8.244332e-02,"(0, (2, 3, 4, 4))",-41.737,664,715,492,446
O_tau=1.2,12,5.092021e-03,8.242958e-02,"(0, (2, 3, 4, 4))",-40.971,649,704,484,438
O_tau=1.2,12,5.171952e-03,8.241564e-02,"(0, (2, 3, 4, 4))",-40.217,639,690,475,430
O_tau=1.2,12,5.253138e-03,8.240148e-02,"(0, (2, 3, 4, 4))",-39.475,631,682,467,423
O_tau=1.2,12,5.335599e-03,8.238712e-02,"(0, (2, 3, 4, 4))",-38.745,619,667,459,415
O_tau=1.2,12,5.419354e-03,8.237253e-02,"(0, (2, 3, 4, 4))",-38.026,608,655,451,408
O_tau=1.2,12,5.504423e-03,8.235772e-02,"(0, (2, 3, 4, 4))",-37.318,599,645,443,401
O_tau=1.2,12,5.590828e-03,8.234269e-02,"(0, (2, 3, 4, 4))",-36.621,588,635,435,394
O_tau=1.2,12,5.678590e-03,8.232743e-02,"(0, (2, 3, 4, 4))",-35.934,577,625,427,387
O_tau=1.2,12,5.767729e-03,8.231194e-02,"(0, (2, 3, 4, 4))",-35.259,567,613,420,380
O_tau=1.2,12,5.858267e-03,8.229622e-02,"(0, (2, 3, 4, 4))",-34.594,559,606,413,373
O_tau=1.2,12,5.950227e-03,8.228026e-02,"(0, (2, 3, 4, 4))",-33.939,549,594,405,366
O_tau=1.2,12,6.043630e-03,8.226406e-02,"(0, (2, 3, 4, 4))",-33.295,540,584,398,360
O_tau=1.2,12,6.138499e-03,8.224761e-02,"(0, (2, 3, 4, 4))",-32.660,528,572,392,354
O_tau=1.2,12,6.234857e-03,8.223092e-02,"(0, (2, 3, 4, 4))",-32.035,519,563,385,347
O_tau=1.2,12,6.332728e-03,8.221398e-02,"(0, (2, 3, 4, 4))",-31.420,513,554,378,341
O_tau=1.2,12,6.432135e-03,8.219678e-02,"(0, (2, 3, 4, 4))",-30.815,502,544,371,335
O_tau=1.2,12,6.533103e-03,8.217932e-02,"(0, (2, 3, 4, 4))",-30.219,494,537,365,329
O_tau=1.2,12,6.635656e-03,8.216160e-02,"(0, (2, 3, 4, 4))",-29.632,486,527,358,323
O_tau=1.2,12,6.739818e-03,8.214362e-02,"(0, (2, 3, 4, 4))",-29.054,479,516,352,317
O_tau=1.2,12,6.845616e-03,8.212536e-02,"(0, (2, 3, 4, 4))",-28.486,469,508,346,312
O_tau=1.2,12,6.953074e-03,8.210683e-02,"(0, (2, 3, 4, 4))",-27.926,462,498,340,306
O_tau=1.2,12,7.062219e-03,8.208802e-02,"(0, (2, 3, 4, 4))",-27.375,453,491,334,301
O_tau=1.2,12,7.173078e-03,8.206894e-02,"(0, (2, 3, 4, 4))",-26.832,443,484,328,296
O_tau=1.2,12,7.285676e-03,8.204956e-02,"(0, (2, 3, 4, 4))",-26.298,438,476,322,290
O_tau=1.2,12,7.400042e-03,8.202990e-02,"(0, (2, 3, 4, 4))",-25.772,429,465,317,285
O_tau=1.2,12,7.516204e-03,8.200994e-02,"(0, (2, 3, 4, 4))",-25.255,423,460,311,280
O_tau=1.2,12,7.634188e-03,8.198969e-02,"(0, (2, 3, 4, 4))",-24.745,415,452,306,275
O_tau=1.2,12,7.754025e-03,8.196913e-02,"(0, (2, 3, 4, 4))",-24.243,408,441,300,270
O_tau=1.2,12,7.875743e-03,8.194826e-02,"(0, (2, 3, 4, 4))",-23.750,402,437,295,265
O_tau=1.2,12,7.999372e-03,8.192709e-02,"(0, (2, 3, 4, 4))",-23.263,395,427,290,261
O_tau=1.2,12,8.124941e-03,8.190560e-02,"(0, (2, 3, 4, 4))",-22.785,390,422,285,256
O_tau=1.2,12,8.252481e-03,8.188379e-02,"(0, (2, 3, 4, 4))",-22.314,380,414,280,251
O_tau=1.2,12,8.382024e-03,8.186166e-02,"(0, (2, 3, 4, 4))",-21.850,373,406,275,247
O_tau=1.2,12,8.513600e-03,8.183920e-02,"(0, (2, 3, 4, 4))",-21.393,370,401,270,243
O_tau=1.2,12,8.647241e-03,8.181640e-02,"(0, (2, 3, 4, 4))",-20.944,362,395,265,238
O_tau=1.2,12,8.782980e-03,8.179327e-02,"(0, (2, 3, 4, 4))",-20.501,354,387,261,234
O_tau=1.2,12,8.920850e-03,8.176979e-02,"(0, (2, 3, 4, 4))",-20.066,348,379,256,230
O_tau=1.2,12,9.060884e-03,8.174597e-02,"(0, (2, 3, 4, 4))",-19.637,344,372,251,226
O_tau=1.2,12,9.203116e-03,8.172180e-02,"(0, (2, 3, 4, 4))",-19.214,337,368,247,222
O_tau=1.2,12,9.347581e-03,8.169727e-02,"(0, (2, 3, 4, 4))",-18.799,332,361,243,218
O_tau=1.2,12,9.494314e-03,8.167237e-02,"(0, (2, 3, 4, 4))",-18.390,325,354,239,214
O_tau=1.2,12,9.643350e-03,8.164711e-02,"(0, (2, 3, 4, 4))",-17.987,319,348,234,210
O_tau=1.2,12,9.794725e-03,8.162148e-02,"(0, (2, 3, 4, 4))",-17.591,315,342,230,206
O_tau=1.2,12,9.948477e-03,8.159547e-02,"(0, (2, 3, 4, 4))",-17.200,310,337,226,203
O_tau=1.2,12,1.010464e-02,8.156908e-02,"(0, (2, 3, 4, 4))",-16.816,304,332,222,199
O_tau=1.2,12,1.026326e-02,8.154230e-02,"(0, (2, 3, 4, 4))",-16.438,300,325,218,195
O_tau=1.2,12,1.042436e-02,8.151513e-02,"(0, (2, 3, 4, 4))",-16.066,293,319,214,192
O_tau=1.2,12,1.058800e-02,8.148756e-02,"(0, (2, 3, 4, 4))",-15.699,290,315,211,189
O_tau=1.2,12,1.075420e-02,8.145959e-02,"(0, (2, 3, 4, 4))",-15.338,282,310,207,185
O_tau=1.2,12,1.092302e-02,8.143120e-02,"(0, (2, 3, 4, 4))",-14.983,279,304,203,182
O_tau=1.2,12,1.109448e-02,8.140241e-02,"(0, (2, 3, 4, 4))",-14.633,273,299,200,178
O_tau=1.2,12,1.126863e-02,8.137319e-02,"(0, (2, 3, 4, 4))",-14.289,269,293,196,175
O_tau=1.2,12,1.144552e-02,8.134355e-02,"(0, (2, 3, 4, 4))",-13.950,264,290,193,172
O_tau=1.2,12,1.162519e-02,8.131347e-02,"(0, (2, 3, 4, 4))",-13.617,257,282,190,169
O_tau=1.2,12,1.180767e-02,8.128296e-02,"(0, (2, 3, 4, 4))",-13.288,254,279,186,166
O_tau=1.2,12,1.199302e-02,8.125201e-02,"(0, (2, 3, 4, 4))",-12.965,251,273,183,163
O_tau=1.2,12,1.218128e-02,8.122061e-02,"(0, (2, 3, 4, 4))",-12.647,249,269,179,160
O_tau=1.2,12,1.237250e-02,8.118875e-02,"(0, (2, 3, 4, 4))",-12.334,242,264,176,157
O_tau=1.2,12,1.256671e-02,8.115643e-02,"(0, (2, 3, 4, 4))",-12.026,239,257,173,155
O_tau=1.2,12,1.276398e-02,8.112364e-02,"(0, (2, 3, 4, 4))",-11.722,233,254,170,152
O_tau=1.2,12,1.296434e-02,8.109038e-02,"(0, (2, 3, 4, 4))",-11.423,230,251,167,149
O_tau=1.2,12,1.316784e-02,8.105664e-02,"(0, (2, 3, 4, 4))",-11.129,226,249,164,147
O_tau=1.2,12,1.337454e-02,8.102242e-02,"(0, (2, 3, 4, 4))",-10.840,223,243,161,144
O_tau=1.2,12,1.358449e-02,8.098770e-02,"(0, (2, 3, 4, 4))",-10.555,218,239,158,141
O_tau=1.2,12,1.379773e-02,8.095248e-02,"(0, (2, 3, 4, 4))",-10.274,215,234,156,139
O_tau=1.2,12,1.401432e-02,8.091676e-02,"(0, (2, 3, 4, 4))",-9.998,211,231,153,136
O_tau=1.2,12,1.423431e-02,8.088053e-02,"(0, (2, 3, 4, 4))",-9.726,208,226,151,134
O_tau=1.2,12,1.445775e-02,8.084378e-02,"(0, (2, 3, 4, 4))",-9.459,204,223,148,131
O_tau=1.2,12,1.468470e-02,8.080650e-02,"(0, (2, 3, 4, 4))",-9.195,200,219,145,129
O_tau=1.2,12,1.491521e-02,8.076869e-02,"(0, (2, 3, 4, 4))",-8.936,197,215,143,127
O_tau=1.2,12,1.514934e-02,8.073035e-02,"(0, (2, 3, 4, 4))",-8.681,193,211,140,124
O_tau=1.2,12,1.538714e-02,8.069145e-02,"(0, (2, 3, 4, 4))",-8.429,192,208,137,122
O_tau=1.2,12,1.562868e-02,8.065201e-02,"(0, (2, 3, 4, 4))",-8.182,185,204,135,120
O_tau=1.2,12,1.587401e-02,8.061201e-02,"(0, (2, 3, 4, 4))",-7.939,181,200,133,118
O_tau=1.2,12,1.612319e-02,8.057144e-02,"(0, (2, 3, 4, 4))",-7.699,180,197,130,116
O_tau=1.2,12,1.637628e-02,8.053029e-02,"(0, (2, 3, 4, 4))",-7.463,178,194,128,114
O_tau=1.2,12,1.663335e-02,8.048857e-02,"(0, (2, 3, 4, 4))",-7.231,173,192,126,111
O_tau=1.2,12,1.689445e-02,8.044626e-02,"(0, (2, 3, 4, 4))",-7.003,170,185,123,110
O_tau=1.2,12,1.715965e-02,8.040335e-02,"(0, (2, 3, 4, 4))",-6.778,169,184,121,108
O_tau=1.2,12,1.742901e-02,8.035984e-02,"(0, (2, 3, 4, 4))",-6.556,167,180,119,106
O_tau=1.2,12,1.770260e-02,8.031571e-02,"(0, (2, 3, 4, 4))",-6.338,160,178,117,104
O_tau=1.2,12,1.798048e-02,8.027098e-02,"(0, (2, 3, 4, 4))",-6.124,158,174,115,102
O_tau=1.2,12,1.826273e-02,8.022561e-02,"(0, (2, 3, 4, 4))",-5.912,158,170,113,100
O_tau=1.2,12,1.854941e-02,8.017961e-02,"(0, (2, 3, 4, 4))",-5.705,155,169,111,98
O_tau=1.2,12,1.884058e-02,8.013297e-02,"(0, (2, 3, 4, 4))",-5.500,153,168,109,97
O_tau=1.2,12,1.913633e-02,8.008569e-02,"(0, (2, 3, 4, 4))",-5.299,149,164,107,95
O_tau=1.2,12,1.943672e-02,8.003774e-02,"(0, (2, 3, 4, 4))",-5.100,145,159,105,93
O_tau=1.2,12,1.974183e-02,7.998913e-02,"(0, (2, 3, 4, 4))",-4.905,145,158,103,91
O_tau=1.2,12,2.005172e-02,7.993985e-02,"(0, (2, 3, 4, 4))",-4.713,140,156,101,90
O_tau=1.2,12,2.036648e-02,7.988989e-02,"(0, (2, 3, 4, 4))",-4.524,137,154,100,88
O_tau=1.2,12,2.068618e-02,7.983924e-02,"(0, (2, 3, 4, 4))",-4.338,136,151,98,87
O_tau=1.2,12,2.101090e-02,7.978790e-02,"(0, (2, 3, 4, 4))",-4.155,134,147,96,85
O_tau=1.2,12,2.134072e-02,7.973585e-02,"(0, (2, 3, 4, 4))",-3.975,133,145,95,83
O_tau=1.2,12,2.167571e-02,7.968308e-02,"(0, (2, 3, 4, 4))",-3.797,129,141,93,82
O_tau=1.2,12,2.201596e-02,7.962960e-02,"(0, (2, 3, 4, 4))",-3.622,128,137,91,80
O_tau=1.2,12,2.236156e-02,7.957538e-02,"(0, (2, 3, 4, 4))",-3.451,124,137,90,79
O_tau=1.2,12,2.271258e-02,7.952043e-02,"(0, (2, 3, 4, 4))",-3.281,123,134,88,77
O_tau=1.2,12,2.306910e-02,7.946472e-02,"(0, (2, 3, 4, 4))",-3.115,120,134,87,76
O_tau=1.2,12,2.343123e-02,7.940827e-02,"(0, (2, 3, 4, 4))",-2.951,119,131,85,74
O_tau=1.2,12,2.379904e-02,7.935105e-02,"(0, (2, 3, 4, 4))",-2.789,118,128,83,73
O_tau=1.2,12,2.417262e-02,7.929305e-02,"(0, (2, 3, 4, 4))",-2.631,116,128,82,72
O_tau=1.2,12,2.455207e-02,7.923428e-02,"(0, (2, 3, 4, 4))",-2.474,113,124,80,71
O_tau=1.2,12,2.493747e-02,7.917471e-02,"(0, (2, 3, 4, 4))",-2.320,111,123,79,69
O_tau=1.2,12,2.532892e-02,7.911435e-02,"(0, (2, 3, 4, 4))",-2.169,111,123,78,68
O_tau=1.2,12,2.572652e-02,7.905318e-02,"(0, (2, 3, 4, 4))",-2.020,109,122,76,67
O_tau=1.2,12,2.613036e-02,7.899119e-02,"(0, (2, 3, 4, 4))",-1.873,108,122,75,66
O_tau=1.2,12,2.654054e-02,7.892837e-02,"(0, (2, 3, 4, 4))",-1.729,107,123,73,65
O_tau=1.2,12,2.695716e-02,7.886472e-02,"(0, (2, 3, 4, 4))",-1.587,107,126,72,64
O_tau=1.2,12,2.738031e-02,7.880023e-02,"(0, (2, 3, 4, 4))",-1.447,109,141,71,63
O_tau=1.2,12,2.781011e-02,7.873488e-02,"(0, (2, 3, 4, 4))",-1.309,111,,70,61
O_tau=1.2,12,2.824666e-02,7.866867e-02,"(0, (2, 3, 4, 4))",-1.174,122,,68,60
O_tau=1.2,12,2.869006e-02,7.860159e-02,"(0, (2, 3, 4, 4))",-1.040,,,67,59
O_tau=1.2,12,2.914042e-02,7.853363e-02,"(0, (2, 3, 4, 4))",-0.909,,,66,58
O_tau=1.2,12,2.959785e-02,7.846478e-02,"(0, (2, 3, 4, 4))",-0.780,,,65,57
O_tau=1.2,12,3.006245e-02,7.839503e-02,"(0, (2, 3, 4, 4))",-0.653,,,64,56
O_tau=1.2,12,3.053436e-02,7.832437e-02,"(0, (2, 3, 4, 4))",-0.528,,,63,55
O_tau=1.2,12,3.101367e-02,7.825279e-02,"(0, (2, 3, 4, 4))",-0.405,,,62,54
O_tau=1.2,12,3.150050e-02,7.818029e-02,"(0, (2, 3, 4, 4))",-0.283,,,61,53
O_tau=1.2,12,3.199498e-02,7.810684e-02,"(0, (2, 3, 4, 4))",-0.164,,,60,52
O_tau=1.2,12,3.249721e-02,7.803246e-02,"(0, (2, 3, 4, 4))",-0.047,,,59,51
O_tau=1.2,12,3.300733e-02,7.795711e-02,"(0, (2, 3, 4, 4))",0.069,,,58,50
O_tau=1.2,12,3.352546e-02,7.788080e-02,"(0, (2, 3, 4, 4))",0.183,,,57,49
O_tau=1.2,12,3.405173e-02,7.780352e-02,"(0, (2, 3, 4, 4))",0.294,,,56,48
O_tau=1.2,12,3.458625e-02,7.772525e-02,"(0, (2, 3, 4, 4))",0.405,,,55,47
O_tau=1.2,12,3.512916e-02,7.764598e-02,"(0, (2, 3, 4, 4))",0.513,,,53,46
O_tau=1.2,12,3.568060e-02,7.756571e-02,"(0, (2, 3, 4, 4))",0.620,,,53,46
O_tau=1.2,12,3.624069e-02,7.748443e-02,"(0, (2, 3, 4, 4))",0.725,,,52,45
O_tau=1.2,12,3.680957e-02,7.740213e-02,"(0, (2, 3, 4, 4))",0.828,,,51,44
O_tau=1.2,12,3.738739e-02,7.731879e-02,"(0, (2, 3, 4, 4))",0.930,,,50,43
O_tau=1.2,12,3.797427e-02,7.723441e-02,"(0, (2, 3, 4, 4))",1.030,,,49,42
O_tau=1.2,12,3.857037e-02,7.714898e-02,"(0, (2, 3, 4, 4))",1.128,,,48,42
O_tau=1.2,12,3.917582e-02,7.706249e-02,"(0, (2, 3, 4, 4))",1.225,,,47,41
O_tau=1.2,12,3.979078e-02,7.697492e-02,"(0, (2, 3, 4, 4))",1.320,,,46,40
O_tau=1.2,12,4.041539e-02,7.688627e-02,"(0, (2, 3, 4, 4))",1.414,,,45,40
O_tau=1.2,12,4.104981e-02,7.679654e-02,"(0, (2, 3, 4, 4))",1.507,,,45,39
O_tau=1.2,12,4.169418e-02,7.670570e-02,"(0, (2, 3, 4, 4))",1.598,,,44,38
O_tau=1.2,12,4.234867e-02,7.661375e-02,"(0, (2, 3, 4, 4))",1.687,,,43,37
O_tau=1.2,12,4.301344e-02,7.652068e-02,"(0, (2, 3, 4, 4))",1.775,,,42,37
O_tau=1.2,12,4.368864e-02,7.642649e-02,"(0, (2, 3, 4, 4))",1.862,,,42,36
O_tau=1.2,12,4.437443e-02,7.633115e-02,"(0, (2, 3, 4, 4))",1.947,,,41,36
O_tau=1.2,12,4.507100e-02,7.623466e-02,"(0, (2, 3, 4, 4))",2.031,,,40,35
O_tau=1.2,12,4.577849e-02,7.613702e-02,"(0, (2, 3, 4, 4))",2.113,,,40,34
O_tau=1.2,12,4.649710e-02,7.603821e-02,"(0, (2, 3, 4, 4))",2.195,,,39,33
O_tau=1.2,12,4.722698e-02,7.593822e-02,"(0, (2, 3, 4, 4))",2.275,,,38,33
O_tau=1.2,12,4.796832e-02,7.583704e-02,"(0, (2, 3, 4, 4))",2.353,,,38,32
O_tau=1.2,12,4.872130e-02,7.573467e-02,"(0, (2, 3, 4, 4))",2.431,,,37,32
O_tau=1.2,12,4.948609e-02,7.563109e-02,"(0, (2, 3, 4, 4))",2.507,,,36,31
O_tau=1.2,12,5.026290e-02,7.552630e-02,"(0, (2, 3, 4, 4))",2.582,,,36,31
O_tau=1.2,12,5.105189e-02,7.542028e-02,"(0, (2, 3, 4, 4))",2.656,,,35,30
O_tau=1.2,12,5.185327e-02,7.531303e-02,"(0, (2, 3, 4, 4))",2.728,,,34,30
O_tau=1.2,12,5.266724e-02,7.520454e-02,"(0, (2, 3, 4, 4))",2.800,,,34,29
O_tau=1.2,12,5.349397e-02,7.509479e-02,"(0, (2, 3, 4, 4))",2.870,,,33,29
O_tau=1.2,12,5.433369e-02,7.498378e-02,"(0, (2, 3, 4, 4))",2.939,,,32,28
O_tau=1.2,12,5.518659e-02,7.487150e-02,"(0, (2, 3, 4, 4))",3.007,,,32,28
O_tau=1.2,12,5.605287e-02,7.475794e-02,"(0, (2, 3, 4, 4))",3.074,,,31,27
O_tau=1.2,12,5.693276e-02,7.464310e-02,"(0, (2, 3, 4, 4))",3.140,,,31,27
O_tau=1.2,12,5.782645e-02,7.452695e-02,"(0, (2, 3, 4, 4))",3.205,,,30,26
O_tau=1.2,12,5.873418e-02,7.440950e-02,"(0, (2, 3, 4, 4))",3.269,,,30,26
O_tau=1.2,12,5.965615e-02,7.429074e-02,"(0, (2, 3, 4, 4))",3.331,,,29,25
O_tau=1.2,12,6.059259e-02,7.417065e-02,"(0, (2, 3, 4, 4))",3.393,,,29,25
O_tau=1.2,12,6.154374e-02,7.404923e-02,"(0, (2, 3, 4, 4))",3.454,,,28,25
O_tau=1.2,12,6.250982e-02,7.392647e-02,"(0, (2, 3, 4, 4))",3.514,,,28,24
O_tau=1.2,12,6.349106e-02,7.380236e-02,"(0, (2, 3, 4, 4))",3.573,,,27,24
O_tau=1.2,12,6.448770e-02,7.367689e-02,"(0, (2, 3, 4, 4))",3.631,,,27,23
O_tau=1.2,12,6.549999e-02,7.355006e-02,"(0, (2, 3, 4, 4))",3.688,,,27,23
O_tau=1.2,12,6.652817e-02,7.342185e-02,"(0, (2, 3, 4, 4))",3.744,,,26,22
O_tau=1.2,12,6.757249e-02,7.329226e-02,"(0, (2, 3, 4, 4))",3.799,,,26,22
O_tau=1.2,12,6.863320e-02,7.316129e-02,"(0, (2, 3, 4, 4))",3.853,,,25,21
O_tau=1.2,12,6.971056e-02,7.302891e-02,"(0, (2, 3, 4, 4))",3.906,,,25,21
O_tau=1.2,12,7.080483e-02,7.289514e-02,"(0, (2, 3, 4, 4))",3.959,,,24,21
O_tau=1.2,12,7.191628e-02,7.275995e-02,"(0, (2, 3, 4, 4))",4.011,,,24,20
O_tau=1.2,12,7.304518e-02,7.262334e-02,"(0, (2, 3, 4, 4))",4.062,,,24,20
O_tau=1.2,12,7.419180e-02,7.248530e-02,"(0, (2, 3, 4, 4))",4.112,,,23,20
O_tau=1.2,12,7.535642e-02,7.234583e-02,"(0, (2, 3, 4, 4))",4.161,,,23,19
O_tau=1.2,12,7.653932e-02,7.220492e-02,"(0, (2, 3, 4, 4))",4.209,,,22,19
O_tau=1.2,12,7.774078e-02,7.206256e-02,"(0, (2, 3, 4, 4))",4.257,,,22,18
O_tau=1.2,12,7.896111e-02,7.191875e-02,"(0, (2, 3, 4, 4))",4.304,,,21,18
O_tau=1.2,12,8.020060e-02,7.177348e-02,"(0, (2, 3, 4, 4))",4.350,,,21,17
O_tau=1.2,12,8.145954e-02,7.162674e-02,"(0, (2, 3, 4, 4))",4.396,,,20,17
O_tau=1.2,12,8.273824e-02,7.147853e-02,"(0, (2, 3, 4, 4))",4.440,,,20,17
O_tau=1.2,12,8.403701e-02,7.132884e-02,"(0, (2, 3, 4, 4))",4.484,,,20,16
O_tau=1.2,12,8.535617e-02,7.117766e-02,"(0, (2, 3, 4, 4))",4.527,,,19,16
O_tau=1.2,12,8.669604e-02,7.102500e-02,"(0, (2, 3, 4, 4))",4.570,,,19,16
O_tau=1.2,12,8.805694e-02,7.087083e-02,"(0, (2, 3, 4, 4))",4.612,,,19,15
O_tau=1.2,12,8.943921e-02,7.071517e-02,"(0, (2, 3, 4, 4))",4.653,,,18,15
O_tau=1.2,12,9.084317e-02,7.055800e-02,"(0, (2, 3, 4, 4))",4.694,,,18,15
O_tau=1.2,12,9.226917e-02,7.039931e-02,"(0, (2, 3, 4, 4))",4.733,,,17,15
O_tau=1.2,12,9.371756e-02,7.023912e-02,"(0, (2, 3, 4, 4))",4.773,,,17,15
O_tau=1.2,12,9.518868e-02,7.007739e-02,"(0, (2, 3, 4, 4))",4.811,,,17,14
O_tau=1.2,12,9.668289e-02,6.991415e-02,"(0, (2, 3, 4, 4))",4.849,,,16,14
O_tau=1.2,12,9.820056e-02,6.974937e-02,"(0, (2, 3, 4, 4))",4.887,,,16,14
O_tau=1.2,12,9.974205e-02,6.958307e-02,"(0, (2, 3, 4, 4))",4.923,,,16,14
O_tau=1.2,12,1.013077e-01,6.941522e-02,"(0, (2, 3, 4, 4))",4.960,,,15,13
O_tau=1.2,12,1.028980e-01,6.924583e-02,"(0, (2, 3, 4, 4))",4.995,,,15,13
O_tau=1.2,12,1.045132e-01,6.907490e-02,"(0, (2, 3, 4, 4))",5.030,,,15,13
O_tau=1.2,12,1.061538e-01,6.890242e-02,"(0, (2, 3, 4, 4))",5.065,,,15,13
O_tau=1.2,12,1.078202e-01,6.872839e-02,"(0, (2, 3, 4, 4))",5.098,,,14,13
O_tau=1.2,12,1.095127e-01,6.855281e-02,"(0, (2, 3, 4, 4))",5.132,,,14,13
O_tau=1.2,12,1.112317e-01,6.837568e-02,"(0, (2, 3, 4, 4))",5.165,,,14,12
O_tau=1.2,12,1.129778e-01,6.819698e-02,"(0, (2, 3, 4, 4))",5.197,,,14,12
O_tau=1.2,12,1.147512e-01,6.801673e-02,"(0, (2, 3, 4, 4))",5.229,,,13,12
O_tau=1.2,12,1.165525e-01,6.783491e-02,"(0, (2, 3, 4, 4))",5.260,,,13,12
O_tau=1.2,12,1.183821e-01,6.765153e-02,"(0, (2, 3, 4, 4))",5.291,,,13,11
O_tau=1.2,12,1.202404e-01,6.746659e-02,"(0, (2, 3, 4, 4))",5.321,,,13,11
O_tau=1.2,12,1.221278e-01,6.728009e-02,"(0, (2, 3, 4, 4))",5.351,,,13,11
O_tau=1.2,12,1.240449e-01,6.709201e-02,"(0, (2, 3, 4, 4))",5.380,,,12,11
O_tau=1.2,12,1.259921e-01,6.690237e-02,"(0, (2, 3, 4, 4))",5.409,,,12,11
O_tau=1.2,12,1.279699e-01,6.671117e-02,"(0, (2, 3, 4, 4))",5.437,,,12,10
O_tau=1.2,12,1.299786e-01,6.651840e-02,"(0, (2, 3, 4, 4))",5.465,,,12,10
O_tau=1.2,12,1.320190e-01,6.632406e-02,"(0, (2, 3, 4, 4))",5.493,,,11,10
O_tau=1.2,12,1.340913e-01,6.612816e-02,"(0, (2, 3, 4, 4))",5.520,,,11,10
O_tau=1.2,12,1.361962e-01,6.593069e-02,"(0, (2, 3, 4, 4))",5.546,,,11,9
O_tau=1.2,12,1.383341e-01,6.573166e-02,"(0, (2, 3, 4, 4))",5.572,,,11,9
O_tau=1.2,12,1.405056e-01,6.553106e-02,"(0, (2, 3, 4, 4))",5.598,,,11,9
O_tau=1.2,12,1.427112e-01,6.532891e-02,"(0, (2, 3, 4, 4))",5.623,,,10,9
O_tau=1.2,12,1.449514e-01,6.512520e-02,"(0, (2, 3, 4, 4))",5.648,,,10,9
O_tau=1.2,12,1.472267e-01,6.491993e-02,"(0, (2, 3, 4, 4))",5.673,,,10,9
O_tau=1.2,12,1.495378e-01,6.471310e-02,"(0, (2, 3, 4, 4))",5.697,,,9,9
O_tau=1.2,12,1.518852e-01,6.450473e-02,"(0, (2, 3, 4, 4))",5.721,,,9,8
O_tau=1.2,12,1.542694e-01,6.429480e-02,"(0, (2, 3, 4, 4))",5.744,,,9,8
O_tau=1.2,12,1.566910e-01,6.408334e-02,"(0, (2, 3, 4, 4))",5.767,,,,
O_tau=1.2,12,1.591506e-01,6.387032e-02,"(0, (2, 3, 4, 4))",5.790,,,,
O_tau=1.2,12,1.616489e-01,6.365578e-02,"(0, (2, 3, 4, 4))",5.812,,,,
O_tau=1.2,12,1.641863e-01,6.343969e-02,"(0, (2, 3, 4, 4))",5.834,,,,
O_tau=1.2,12,1.667636e-01,6.322208e-02,"(0, (2, 3, 4, 4))",5.856,,,,
O_tau=1.2,12,1.693814e-01,6.300295e-02,"(0, (2, 3, 4, 4))",5.877,,,,
O_tau=1.2,12,1.720402e-01,6.278229e-02,"(0, (2, 3, 4, 4))",5.898,,,,
O_tau=1.2,12,1.747408e-01,6.256012e-02,"(0, (2, 3, 4, 4))",5.918,,,,
O_tau=1.2,12,1.774838e-01,6.233645e-02,"(0, (2, 3, 4, 4))",5.939,,,,
O_tau=1.2,12,1.802698e-01,6.211127e-02,"(0, (2, 3, 4, 4))",5.959,,,,
O_tau=1.2,12,1.830996e-01,6.188459e-02,"(0, (2, 3, 4, 4))",5.978,,,,
O_tau=1.2,12,1.859738e-01,6.165642e-02,"(0, (2, 3, 4, 4))",5.998,,,,
O_tau=1.2,12,1.888931e-01,6.142677e-02,"(0, (2, 3, 4, 4))",6.017,,,,
O_tau=1.2,12,1.918582e-01,6.119565e-02,"(0, (2, 3, 4, 4))",6.035,,,,
O_tau=1.2,12,1.948699e-01,6.096305e-02,"(0, (2, 3, 4, 4))",6.054,,,,
O_tau=1.2,12,1.979288e-01,6.072900e-02,"(0, (2, 3, 4, 4))",6.072,,,,
O_tau=1.2,12,2.010358e-01,6.049349e-02,"(0, (2, 3, 4, 4))",6.090,,,,
O_tau=1.2,12,2.041915e-01,6.025653e-02,"(0, (2, 3, 4, 4))",6.108,,,,
O_tau=1.2,12,2.073968e-01,6.001814e-02,"(0, (2, 3, 4, 4))",6.125,,,,
O_tau=1.2,12,2.106524e-01,5.977832e-02,"(0, (2, 3, 4, 4))",6.142,,,,
O_tau=1.2,12,2.139591e-01,5.953708e-02,"(0, (2, 3, 4, 4))",6.159,,,,
O_tau=1.2,12,2.173177e-01,5.929443e-02,"(0, (2, 3, 4, 4))",6.175,,,,
O_tau=1.2,12,2.207290e-01,5.905038e-02,"(0, (2, 3, 4, 4))",6.192,,,,
O_tau=1.2,12,2.241939e-01,5.880494e-02,"(0, (2, 3, 4, 4))",6.208,,,,
O_tau=1.2,12,2.277131e-01,5.855812e-02,"(0, (2, 3, 4, 4))",6.224,,,,
O_tau=1.2,12,2.312876e-01,5.830993e-02,"(0, (2, 3, 4, 4))",6.239,,,,
O_tau=1.2,12,2.349183e-01,5.806038e-02,"(0, (2, 3, 4, 4))",6.255,,,,
O_tau=1.2,12,2.386059e-01,5.780948e-02,"(0, (2, 3, 4, 4))",6.270,,,,
O_tau=1.2,12,2.423513e-01,5.755725e-02,"(0, (2, 3, 4, 4))",6.285,,,,
O_tau=1.2,12,2.461556e-01,5.730369e-02,"(0, (2, 3, 4, 4))",6.300,,,,
O_tau=1.2,12,2.500196e-01,5.704882e-02,"(0, (2, 3, 4, 4))",6.314,,,,
O_tau=1.2,12,2.539443e-01,5.679264e-02,"(0, (2, 3, 4, 4))",6.329,,,,
O_tau=1.2,12,2.579305e-01,5.653518e-02,"(0, (2, 3, 4, 4))",6.343,,,,
O_tau=1.2,12,2.619794e-01,5.627644e-02,"(0, (2, 3, 4, 4))",6.357,,,,
O_tau=1.2,12,2.660918e-01,5.601643e-02,"(0, (2, 3, 4, 4))",6.371,,,,
O_tau=1.2,12,2.702687e-01,5.575517e-02,"(0, (2, 3, 4, 4))",6.384,,,,
O_tau=1.2,12,2.745112e-01,5.549268e-02,"(0, (2, 3, 4, 4))",6.398,,,,
O_tau=1.2,12,2.788203e-01,5.522896e-02,"(0, (2, 3, 4, 4))",6.411,,,,
O_tau=1.2,12,2.831971e-01,5.496404e-02,"(0, (2, 3, 4, 4))",6.424,,,,
O_tau=1.2,12,2.876426e-01,5.469791e-02,"(0, (2, 3, 4, 4))",6.437,,,,
O_tau=1.2,12,2.921578e-01,5.443061e-02,"(0, (2, 3, 4, 4))",6.449,,,,
O_tau=1.2,12,2.967439e-01,5.416213e-02,"(0, (2, 3, 4, 4))",6.462,,,,
O_tau=1.2,12,3.014020e-01,5.389251e-02,"(0, (2, 3, 4, 4))",6.474,,,,
O_tau=1.2,12,3.061332e-01,5.362174e-02,"(0, (2, 3, 4, 4))",6.487,,,,
O_tau=1.2,12,3.109387e-01,5.334986e-02,"(0, (2, 3, 4, 4))",6.499,,,,
O_tau=1.2,12,3.158196e-01,5.307686e-02,"(0, (2, 3, 4, 4))",6.511,,,,
O_tau=1.2,12,3.207772e-01,5.280278e-02,"(0, (2, 3, 4, 4))",6.522,,,,
O_tau=1.2,12,3.258126e-01,5.252762e-02,"(0, (2, 3, 4, 4))",6.534,,,,
O_tau=1.2,12,3.309270e-01,5.225140e-02,"(0, (2, 3, 4, 4))",6.546,,,,
O_tau=1.2,12,3.361217e-01,5.197414e-02,"(0, (2, 3, 4, 4))",6.557,,,,
O_tau=1.2,12,3.413979e-01,5.169584e-02,"(0, (2, 3, 4, 4))",6.568,,,,
O_tau=1.2,12,3.467569e-01,5.141654e-02,"(0, (2, 3, 4, 4))",6.579,,,,
O_tau=1.2,12,3.522001e-01,5.113625e-02,"(0, (2, 3, 4, 4))",6.590,,,,
O_tau=1.2,12,3.577287e-01,5.085498e-02,"(0, (2, 3, 4, 4))",6.601,,,,
O_tau=1.2,12,3.633441e-01,5.057275e-02,"(0, (2, 3, 4, 4))",6.612,,,,
O_tau=1.2,12,3.690477e-01,5.028958e-02,"(0, (2, 3, 4, 4))",6.623,,,,
O_tau=1.2,12,3.748408e-01,5.000548e-02,"(0, (2, 3, 4, 4))",6.633,,,,
O_tau=1.2,12,3.807248e-01,4.972048e-02,"(0, (2, 3, 4, 4))",6.644,,,,
O_tau=1.2,12,3.867012e-01,4.943459e-02,"(0, (2, 3, 4, 4))",6.654,,,,
O_tau=1.2,12,3.927714e-01,4.914783e-02,"(0, (2, 3, 4, 4))",6.665,,,,
O_tau=1.2,12,3.989369e-01,4.886021e-02,"(0, (2, 3, 4, 4))",6.675,,,,
O_tau=1.2,12,4.051991e-01,4.857176e-02,"(0, (2, 3, 4, 4))",6.685,,,,
O_tau=1.2,12,4.115597e-01,4.828250e-02,"(0, (2, 3, 4, 4))",6.695,,,,
O_tau=1.2,12,4.180201e-01,4.799244e-02,"(0, (2, 3, 4, 4))",6.705,,,,
O_tau=1.2,12,4.245820e-01,4.770160e-02,"(0, (2, 3, 4, 4))",6.715,,,,
O_tau=1.2,12,4.312468e-01,4.741000e-02,"(0, (2, 3, 4, 4))",6.725,,,,
O_tau=1.2,12,4.380162e-01,4.711766e-02,"(0, (2, 3, 4, 4))",6.735,,,,
O_tau=1.2,12,4.448919e-01,4.682460e-02,"(0, (2, 3, 4, 4))",6.744,,,,
O_tau=1.2,12,4.518756e-01,4.653084e-02,"(0, (2, 3, 4, 4))",6.754,,,,
O_tau=1.2,12,4.589688e-01,4.623640e-02,"(0, (2, 3, 4, 4))",6.930,,,,
O_tau=1.2,12,4.661735e-01,4.594129e-02,"(0, (2, 3, 4, 4))",6.944,,,,
O_tau=1.2,12,4.734912e-01,4.564554e-02,"(0, (2, 3, 4, 4))",6.957,,,,
O_tau=1.2,12,4.809237e-01,4.534917e-02,"(0, (2, 3, 4, 4))",6.971,,,,
O_tau=1.2,12,4.884730e-01,4.505220e-02,"(0, (2, 3, 4, 4))",6.985,,,,
O_tau=1.2,12,4.961407e-01,4.475464e-02,"(0, (2, 3, 4, 4))",6.999,,,,
O_tau=1.2,12,5.039289e-01,4.445652e-02,"(0, (2, 3, 4, 4))",7.013,,,,
O_tau=1.2,12,5.118392e-01,4.415785e-02,"(0, (2, 3, 4, 4))",7.028,,,,
O_tau=1.2,12,5.198738e-01,4.385866e-02,"(0, (2, 3, 4, 4))",7.043,,,,
O_tau=1.2,12,5.280344e-01,4.355897e-02,"(0, (2, 3, 4, 4))",7.058,,,,
O_tau=1.2,12,5.363232e-01,4.325880e-02,"(0, (2, 3, 4, 4))",7.073,,,,
O_tau=1.2,12,5.447421e-01,4.295816e-02,"(0, (2, 3, 4, 4))",7.089,,,,
O_tau=1.2,12,5.532931e-01,4.265708e-02,"(0, (2, 3, 4, 4))",7.105,,,,
O_tau=1.2,12,5.619783e-01,4.235559e-02,"(0, (2, 3, 4, 4))",7.121,,,,
O_tau=1.2,12,5.707999e-01,4.205369e-02,"(0, (2, 3, 4, 4))",7.137,,,,
O_tau=1.2,12,5.797600e-01,4.175141e-02,"(0, (2, 3, 4, 4))",7.153,,,,
O_tau=1.2,12,5.888607e-01,4.144877e-02,"(0, (2, 3, 4, 4))",7.170,,,,
O_tau=1.2,12,5.981043e-01,4.114580e-02,"(0, (2, 3, 4, 4))",7.187,,,,
O_tau=1.2,12,6.074930e-01,4.084251e-02,"(0, (2, 3, 4, 4))",7.205,,,,
O_tau=1.2,12,6.170290e-01,4.053892e-02,"(0, (2, 3, 4, 4))",7.222,,,,
O_tau=1.2,12,6.267148e-01,4.023506e-02,"(0, (2, 3, 4, 4))",7.240,,,,
O_tau=1.2,12,6.365525e-01,3.993094e-02,"(0, (2, 3, 4, 4))",7.258,,,,
O_tau=1.2,12,6.465448e-01,3.962659e-02,"(0, (2, 3, 4, 4))",7.277,,,,
O_tau=1.2,12,6.566938e-01,3.932203e-02,"(0, (2, 3, 4, 4))",7.295,,,,
O_tau=1.2,12,6.670022e-01,3.901728e-02,"(0, (2, 3, 4, 4))",7.314,,,,
O_tau=1.2,12,6.774724e-01,3.871235e-02,"(0, (2, 3, 4, 4))",7.334,,,,
O_tau=1.2,12,6.881069e-01,3.840728e-02,"(0, (2, 3, 4, 4))",7.353,,,,
O_tau=1.2,12,6.989084e-01,3.810208e-02,"(0, (2, 3, 4, 4))",7.373,,,,
O_tau=1.2,12,7.098795e-01,3.779677e-02,"(0, (2, 3, 4, 4))",7.394,,,,
O_tau=1.2,12,7.210227e-01,3.749138e-02,"(0, (2, 3, 4, 4))",7.414,,,,
O_tau=1.2,12,7.323409e-01,3.718592e-02,"(0, (2, 3, 4, 4))",7.435,,,,
O_tau=1.2,12,7.438367e-01,3.688042e-02,"(0, (2, 3, 4, 4))",7.456,,,,
O_tau=1.2,12,7.555130e-01,3.657490e-02,"(0, (2, 3, 4, 4))",7.478,,,,
O_tau=1.2,12,7.673726e-01,3.626938e-02,"(0, (2, 3, 4, 4))",7.500,,,,
O_tau=1.2,12,7.794184e-01,3.596388e-02,"(0, (2, 3, 4, 4))",7.522,,,,
O_tau=1.2,12,7.916532e-01,3.565842e-02,"(0, (2, 3, 4, 4))",7.544,,,,
O_tau=1.2,12,8.040801e-01,3.535302e-02,"(0, (2, 3, 4, 4))",7.567,,,,
O_tau=1.2,12,8.167020e-01,3.504770e-02,"(0, (2, 3, 4, 4))",7.591,,,,
O_tau=1.2,12,8.295221e-01,3.474250e-02,"(0, (2, 3, 4, 4))",7.614,,,,
O_tau=1.2,12,8.425434e-01,3.443741e-02,"(0, (2, 3, 4, 4))",7.638,,,,
O_tau=1.2,12,8.557692e-01,3.413248e-02,"(0, (2, 3, 4, 4))",7.663,,,,
O_tau=1.2,12,8.692025e-01,3.382772e-02,"(0, (2, 3, 4, 4))",7.688,,,,
O_tau=1.2,12,8.828467e-01,3.352314e-02,"(0, (2, 3, 4, 4))",7.713,,,,
O_tau=1.2,12,8.967051e-01,3.321878e-02,"(0, (2, 3, 4, 4))",7.738,,,,
O_tau=1.2,12,9.107810e-01,3.291465e-02,"(0, (2, 3, 4, 4))",7.764,,,,
O_tau=1.2,12,9.250779e-01,3.261077e-02,"(0, (2, 3, 4, 4))",7.791,,,,
O_tau=1.2,12,9.395992e-01,3.230717e-02,"(0, (2, 3, 4, 4))",7.818,,,,
O_tau=1.2,12,9.543485e-01,3.200387e-02,"(0, (2, 3, 4, 4))",7.845,,,,
O_tau=1.2,12,9.693293e-01,3.170088e-02,"(0, (2, 3, 4, 4))",7.872,,,,
O_tau=1.2,12,9.845452e-01,3.139823e-02,"(0, (2, 3, 4, 4))",7.901,,,,
O_tau=1.2,12,1.000000e+00,3.109594e-02,"(0, (2, 3, 4, 4))",7.929,,,,
O_tau=1.6,3,1.000000e-05,1.666647e-01,"(0, (2, 2, 2, 2, 3))",-16966.324,,,,
O_tau=1.6,3,1.017818e-05,1.666647e-01,"(0, (2, 2, 2, 2, 3))",-16669.141,,,,
O_tau=1.6,3,1.035953e-05,1.666647e-01,"(0, (2, 2, 2, 2, 3))",-16377.161,,,,
O_tau=1.6,3,1.054412e-05,1.666646e-01,"(0, (2, 2, 2, 2, 3))",-16090.293,,,,
O_tau=1.6,3,1.073199e-05,1.666646e-01,"(0, (2, 2, 2, 2, 3))",-15808.446,,,,
O_tau=1.6,3,1.092322e-05,1.666645e-01,"(0, (2, 2, 2, 2, 3))",-15531.534,,,,
O_tau=1.6,3,1.111784e-05,1.666645e-01,"(0, (2, 2, 2, 2, 3))",-15259.469,,,,
O_tau=1.6,3,1.131594e-05,1.666645e-01,"(0, (2, 2, 2, 2, 3))",-14992.167,,,,
O_tau=1.6,3,1.151757e-05,1.666644e-01,"(0, (2, 2, 2, 2, 3))",-14729.544,,,,
O_tau=1.6,3,1.172279e-05,1.666644e-01,"(0, (2, 2, 2, 2, 3))",-14471.519,,,,
O_tau=1.6,3,1.193166e-05,1.666643e-01,"(0, (2, 2, 2, 2, 3))",-14218.011,,,,
O_tau=1.6,3,1.214426e-05,1.666643e-01,"(0, (2, 2, 2, 2, 3))",-13968.941,,,,
O_tau=1.6,3,1.236065e-05,1.666643e-01,"(0, (2, 2, 2, 2, 3))",-13724.232,,,,
O_tau=1.6,3,1.258089e-05,1.666642e-01,"(0, (2, 2, 2, 2, 3))",-13483.806,,,,
O_tau=1.6,3,1.280505e-05,1.666642e-01,"(0, (2, 2, 2, 2, 3))",-13247.589,,,,
O_tau=1.6,3,1.303321e-05,1.666641e-01,"(0, (2, 2, 2, 2, 3))",-13015.508,,,,
O_tau=1.6,3,1.326544e-05,1.666641e-01,"(0, (2, 2, 2, 2, 3))",-12787.489,,,,
O_tau=1.6,3,1.350180e-05,1.666640e-01,"(0, (2, 2, 2, 2, 3))",-12563.462,,,,
O_tau=1.6,3,1.374238e-05,1.666640e-01,"(0, (2, 2, 2, 2, 3))",-12343.358,,,,
O_tau=1.6,3,1.398724e-05,1.666639e-01,"(0, (2, 2, 2, 2, 3))",-12127.106,,,,
O_tau=1.6,3,1.423646e-05,1.666639e-01,"(0, (2, 2, 2, 2, 3))",-11914.640,,,,
O_tau=1.6,3,1.449012e-05,1.666638e-01,"(0, (2, 2, 2, 2, 3))",-11705.894,,,,
O_tau=1.6,3,1.474831e-05,1.666638e-01,"(0, (2, 2, 2, 2, 3))",-11500.802,,,,
O_tau=1.6,3,1.501109e-05,1.666637e-01,"(0, (2, 2, 2, 2, 3))",-11299.300,,,,
O_tau=1.6,3,1.527856e-05,1.666637e-01,"(0, (2, 2, 2, 2, 3))",-11101.326,,,,
O_tau=1.6,3,1.555079e-05,1.666636e-01,"(0, (2, 2, 2, 2, 3))",-10906.818,,,,
O_tau=1.6,3,1.582787e-05,1.666636e-01,"(0, (2, 2, 2, 2, 3))",-10715.714,,,,
O_tau=1.6,3,1.610989e-05,1.666635e-01,"(0, (2, 2, 2, 2, 3))",-10527.957,,,,
O_tau=1.6,3,1.639694e-05,1.666635e-01,"(0, (2, 2, 2, 2, 3))",-10343.486,,,,
O_tau=1.6,3,1.668910e-05,1.666634e-01,"(0, (2, 2, 2, 2, 3))",-10162.245,,,,
O_tau=1.6,3,1.698646e-05,1.666634e-01,"(0, (2, 2, 2, 2, 3))",-9984.177,,,,
O_tau=1.6,3,1.728913e-05,1.666633e-01,"(0, (2, 2, 2, 2, 3))",-9809.226,,,,
O_tau=1.6,3,1.759718e-05,1.666632e-01,"(0, (2, 2, 2, 2, 3))",-9637.337,,,,
O_tau=1.6,3,1.791073e-05,1.666632e-01,"(0, (2, 2, 2, 2, 3))",-9468.458,,,,
O_tau=1.6,3,1.822986e-05,1.666631e-01,"(0, (2, 2, 2, 2, 3))",-9302.536,,,,
O_tau=1.6,3,1.855468e-05,1.666631e-01,"(0, (2, 2, 2, 2, 3))",-9139.518,,,,
O_tau=1.6,3,1.888529e-05,1.666630e-01,"(0, (2, 2, 2, 2, 3))",-8979.354,,,,
O_tau=1.6,3,1.922178e-05,1.666629e-01,"(0, (2, 2, 2, 2, 3))",-8821.993,,,,
O_tau=1.6,3,1.956428e-05,1.666629e-01,"(0, (2, 2, 2, 2, 3))",-8667.388,,,,
O_tau=1.6,3,1.991287e-05,1.666628e-01,"(0, (2, 2, 2, 2, 3))",-8515.489,,,,
O_tau=1.6,3,2.026768e-05,1.666627e-01,"(0, (2, 2, 2, 2, 3))",-8366.250,,,,
O_tau=1.6,3,2.062881e-05,1.666627e-01,"(0, (2, 2, 2, 2, 3))",-8219.623,,,,
O_tau=1.6,3,2.099637e-05,1.666626e-01,"(0, (2, 2, 2, 2, 3))",-8075.563,,,,
O_tau=1.6,3,2.137048e-05,1.666625e-01,"(0, (2, 2, 2, 2, 3))",-7934.025,,,,
O_tau=1.6,3,2.175126e-05,1.666624e-01,"(0, (2, 2, 2, 2, 3))",-7794.965,,,,
O_tau=1.6,3,2.213882e-05,1.666624e-01,"(0, (2, 2, 2, 2, 3))",-7658.339,,,,
O_tau=1.6,3,2.253329e-05,1.666623e-01,"(0, (2, 2, 2, 2, 3))",-7524.105,,,,
O_tau=1.6,3,2.293479e-05,1.666622e-01,"(0, (2, 2, 2, 2, 3))",-7392.221,,,,
O_tau=1.6,3,2.334344e-05,1.666621e-01,"(0, (2, 2, 2, 2, 3))",-7262.646,,,,
O_tau=1.6,3,2.375937e-05,1.666620e-01,"(0, (2, 2, 2, 2, 3))",-7135.339,,,,
O_tau=1.6,3,2.418271e-05,1.666620e-01,"(0, (2, 2, 2, 2, 3))",-7010.261,,,,
O_tau=1.6,3,2.461360e-05,1.666619e-01,"(0, (2, 2, 2, 2, 3))",-6887.373,,,,
O_tau=1.6,3,2.505216e-05,1.666618e-01,"(0, (2, 2, 2, 2, 3))",-6766.636,,,,
O_tau=1.6,3,2.549854e-05,1.666617e-01,"(0, (2, 2, 2, 2, 3))",-6648.013,,,,
O_tau=1.6,3,2.595287e-05,1.666616e-01,"(0, (2, 2, 2, 2, 3))",-6531.466,,,,
O_tau=1.6,3,2.641530e-05,1.666615e-01,"(0, (2, 2, 2, 2, 3))",-6416.960,,,,
O_tau=1.6,3,2.688596e-05,1.666614e-01,"(0, (2, 2, 2, 2, 3))",-6304.459,,,,
O_tau=1.6,3,2.736502e-05,1.666613e-01,"(0, (2, 2, 2, 2, 3))",-6193.927,,,,
O_tau=1.6,3,2.785260e-05,1.666613e-01,"(0, (2, 2, 2, 2, 3))",-6085.330,,,,
O_tau=1.6,3,2.834888e-05,1.666612e-01,"(0, (2, 2, 2, 2, 3))",-5978.634,,,,
O_tau=1.6,3,2.885400e-05,1.666611e-01,"(0, (2, 2, 2, 2, 3))",-5873.806,,,,
O_tau=1.6,3,2.936812e-05,1.666610e-01,"(0, (2, 2, 2, 2, 3))",-5770.813,,,,
O_tau=1.6,3,2.989140e-05,1.666609e-01,"(0, (2, 2, 2, 2, 3))",-5669.623,,,,
O_tau=1.6,3,3.042400e-05,1.666608e-01,"(0, (2, 2, 2, 2, 3))",-5570.205,,,,
O_tau=1.6,3,3.096609e-05,1.666606e-01,"(0, (2, 2, 2, 2, 3))",-5472.527,,,,
O_tau=1.6,3,3.151784e-05,1.666605e-01,"(0, (2, 2, 2, 2, 3))",-5376.559,,,,
O_tau=1.6,3,3.207943e-05,1.666604e-01,"(0, (2, 2, 2, 2, 3))",-5282.272,,,,
O_tau=1.6,3,3.265102e-05,1.666603e-01,"(0, (2, 2, 2, 2, 3))",-5189.635,,,,
O_tau=1.6,3,3.323279e-05,1.666602e-01,"(0, (2, 2, 2, 2, 3))",-5098.620,,,,
O_tau=1.6,3,3.382493e-05,1.666601e-01,"(0, (2, 2, 2, 2, 3))",-5009.198,,,,
O_tau=1.6,3,3.442762e-05,1.666600e-01,"(0, (2, 2, 2, 2, 3))",-4921.341,,,,
O_tau=1.6,3,3.504105e-05,1.666599e-01,"(0, (2, 2, 2, 2, 3))",-4835.023,,,,
O_tau=1.6,3,3.566541e-05,1.666597e-01,"(0, (2, 2, 2, 2, 3))",-4750.216,,,,
O_tau=1.6,3,3.630089e-05,1.666596e-01,"(0, (2, 2, 2, 2, 3))",-4666.894,,,,
O_tau=1.6,3,3.694770e-05,1.666595e-01,"(0, (2, 2, 2, 2, 3))",-4585.030,,,,
O_tau=1.6,3,3.760603e-05,1.666594e-01,"(0, (2, 2, 2, 2, 3))",-4504.599,,,,
O_tau=1.6,3,3.827609e-05,1.666592e-01,"(0, (2, 2, 2, 2, 3))",-4425.577,,,,
O_tau=1.6,3,3.895809e-05,1.666591e-01,"(0, (2, 2, 2, 2, 3))",-4347.938,,,,
O_tau=1.6,3,3.965225e-05,1.666590e-01,"(0, (2, 2, 2, 2, 3))",-4271.658,,,,
O_tau=1.6,3,4.035877e-05,1.666588e-01,"(0, (2, 2, 2, 2, 3))",-4196.714,,,,
O_tau=1.6,3,4.107788e-05,1.666587e-01,"(0, (2, 2, 2, 2, 3))",-4123.081,,,,
O_tau=1.6,3,4.180980e-05,1.666585e-01,"(0, (2, 2, 2, 2, 3))",-4050.738,,,,
O_tau=1.6,3,4.255477e-05,1.666584e-01,"(0, (2, 2, 2, 2, 3))",-3979.661,,,,
O_tau=1.6,3,4.331300e-05,1.666582e-01,"(0, (2, 2, 2, 2, 3))",-3909.829,,,,
O_tau=1.6,3,4.408475e-05,1.666581e-01,"(0, (2, 2, 2, 2, 3))",-3841.219,,,,
O_tau=1.6,3,4.487025e-05,1.666579e-01,"(0, (2, 2, 2, 2, 3))",-3773.811,,,,
O_tau=1.6,3,4.566975e-05,1.666578e-01,"(0, (2, 2, 2, 2, 3))",-3707.582,,,,
O_tau=1.6,3,4.648349e-05,1.666576e-01,"(0, (2, 2, 2, 2, 3))",-3642.513,,,,
O_tau=1.6,3,4.731173e-05,1.666575e-01,"(0, (2, 2, 2, 2, 3))",-3578.583,,,,
O_tau=1.6,3,4.815472e-05,1.666573e-01,"(0, (2, 2, 2, 2, 3))",-3515.772,,,,
O_tau=1.6,3,4.901274e-05,1.666571e-01,"(0, (2, 2, 2, 2, 3))",-3454.061,,,,
O_tau=1.6,3,4.988605e-05,1.666570e-01,"(0, (2, 2, 2, 2, 3))",-3393.430,,,,
O_tau=1.6,3,5.077491e-05,1.666568e-01,"(0, (2, 2, 2, 2, 3))",-3333.861,,,,
O_tau=1.6,3,5.167962e-05,1.666566e-01,"(0, (2, 2, 2, 2, 3))",-3275.335,,,,
O_tau=1.6,3,5.260044e-05,1.666564e-01,"(0, (2, 2, 2, 2, 3))",-3217.833,,,,
O_tau=1.6,3,5.353767e-05,1.666563e-01,"(0, (2, 2, 2, 2, 3))",-3161.338,,,,
O_tau=1.6,3,5.449160e-05,1.666561e-01,"(0, (2, 2, 2, 2, 3))",-3105.832,,,,
O_tau=1.6,3,5.546253e-05,1.666559e-01,"(0, (2, 2, 2, 2, 3))",-3051.298,,,,
O_tau=1.6,3,5.645076e-05,1.666557e-01,"(0, (2, 2, 2, 2, 3))",-2997.719,,,,
O_tau=1.6,3,5.745660e-05,1.666555e-01,"(0, (2, 2, 2, 2, 3))",-2945.077,,,,
O_tau=1.6,3,5.848035e-05,1.666553e-01,"(0, (2, 2, 2, 2, 3))",-2893.357,,,,
O_tau=1.6,3,5.952235e-05,1.666551e-01,"(0, (2, 2, 2, 2, 3))",-2842.543,,,,
O_tau=1.6,3,6.058292e-05,1.666549e-01,"(0, (2, 2, 2, 2, 3))",-2792.618,,,,
O_tau=1.6,3,6.166238e-05,1.666547e-01,"(0, (2, 2, 2, 2, 3))",-2743.568,,,,
O_tau=1.6,3,6.276108e-05,1.666545e-01,"(0, (2, 2, 2, 2, 3))",-2695.376,,,,
O_tau=1.6,3,6.387935e-05,1.666542e-01,"(0, (2, 2, 2, 2, 3))",-2648.028,,,,
O_tau=1.6,3,6.501755e-05,1.666540e-01,"(0, (2, 2, 2, 2, 3))",-2601.508,,,,
O_tau=1.6,3,6.617603e-05,1.666538e-01,"(0, (2, 2, 2, 2, 3))",-2555.803,,,,
O_tau=1.6,3,6.735515e-05,1.666536e-01,"(0, (2, 2, 2, 2, 3))",-2510.899,,,,
O_tau=1.6,3,6.855528e-05,1.666533e-01,"(0, (2, 2, 2, 2, 3))",-2466.780,,,,
O_tau=1.6,3,6.977679e-05,1.666531e-01,"(0, (2, 2, 2, 2, 3))",-2423.434,,,,
O_tau=1.6,3,7.102007e-05,1.666529e-01,"(0, (2, 2, 2, 2, 3))",-2380.847,,,,
O_tau=1.6,3,7.228550e-05,1.666526e-01,"(0, (2, 2, 2, 2, 3))",-2339.006,,,,
O_tau=1.6,3,7.357348e-05,1.666524e-01,"(0, (2, 2, 2, 2, 3))",-2297.896,,,,
O_tau=1.6,3,7.488441e-05,1.666521e-01,"(0, (2, 2, 2, 2, 3))",-2257.507,,,,
O_tau=1.6,3,7.621869e-05,1.666518e-01,"(0, (2, 2, 2, 2, 3))",-2217.825,,,,
O_tau=1.6,3,7.757675e-05,1.666516e-01,"(0, (2, 2, 2, 2, 3))",-2178.838,,,,
O_tau=1.6,3,7.895901e-05,1.666513e-01,"(0, (2, 2, 2, 2, 3))",-2140.533,,,,
O_tau=1.6,3,8.036590e-05,1.666510e-01,"(0, (2, 2, 2, 2, 3))",-2102.898,,,,
O_tau=1.6,3,8.179785e-05,1.666508e-01,"(0, (2, 2, 2, 2, 3))",-2065.923,,,,
O_tau=1.6,3,8.325532e-05,1.666505e-01,"(0, (2, 2, 2, 2, 3))",-2029.595,,,,
O_tau=1.6,3,8.473876e-05,1.666502e-01,"(0, (2, 2, 2, 2, 3))",-1993.903,,,,
O_tau=1.6,3,8.624863e-05,1.666499e-01,"(0, (2, 2, 2, 2, 3))",-1958.836,,,,
O_tau=1.6,3,8.778540e-05,1.666496e-01,"(0, (2, 2, 2, 2, 3))",-1924.383,,,,
O_tau=1.6,3,8.934956e-05,1.666493e-01,"(0, (2, 2, 2, 2, 3))",-1890.533,,,,
O_tau=1.6,3,9.094158e-05,1.666490e-01,"(0, (2, 2, 2, 2, 3))",-1857.276,,,,
O_tau=1.6,3,9.256197e-05,1.666487e-01,"(0, (2, 2, 2, 2, 3))",-1824.601,,,,
O_tau=1.6,3,9.421124e-05,1.666484e-01,"(0, (2, 2, 2, 2, 3))",-1792.498,,,,
O_tau=1.6,3,9.588989e-05,1.666480e-01,"(0, (2, 2, 2, 2, 3))",-1760.957,,,,
O_tau=1.6,3,9.759844e-05,1.666477e-01,"(0, (2, 2, 2, 2, 3))",-1729.968,,,,
O_tau=1.6,3,9.933745e-05,1.666474e-01,"(0, (2, 2, 2, 2, 3))",-1699.522,,,,
O_tau=1.6,3,1.011074e-04,1.666470e-01,"(0, (2, 2, 2, 2, 3))",-1669.609,,,,
O_tau=1.6,3,1.029090e-04,1.666467e-01,"(0, (2, 2, 2, 2, 3))",-1640.220,,,,
O_tau=1.6,3,1.047426e-04,1.666463e-01,"(0, (2, 2, 2, 2, 3))",-1611.345,,,,
O_tau=1.6,3,1.066089e-04,1.666459e-01,"(0, (2, 2, 2, 2, 3))",-1582.976,,,,
O_tau=1.6,3,1.085084e-04,1.666456e-01,"(0, (2, 2, 2, 2, 3))",-1555.104,,,,
O_tau=1.6,3,1.104418e-04,1.666452e-01,"(0, (2, 2, 2, 2, 3))",-1527.719,,,,
O_tau=1.6,3,1.124097e-04,1.666448e-01,"(0, (2, 2, 2, 2, 3))",-1500.814,,,,
O_tau=1.6,3,1.144126e-04,1.666444e-01,"(0, (2, 2, 2, 2, 3))",-1474.380,,,,
O_tau=1.6,3,1.164512e-04,1.666440e-01,"(0, (2, 2, 2, 2, 3))",-1448.409,,,,
O_tau=1.6,3,1.185261e-04,1.666436e-01,"(0, (2, 2, 2, 2, 3))",-1422.892,,,,
O_tau=1.6,3,1.206380e-04,1.666432e-01,"(0, (2, 2, 2, 2, 3))",-1397.823,,,,
O_tau=1.6,3,1.227875e-04,1.666428e-01,"(0, (2, 2, 2, 2, 3))",-1373.192,,,,
O_tau=1.6,3,1.249753e-04,1.666424e-01,"(0, (2, 2, 2, 2, 3))",-1348.993,,,,
O_tau=1.6,3,1.272021e-04,1.666419e-01,"(0, (2, 2, 2, 2, 3))",-1325.217,,,,
O_tau=1.6,3,1.294686e-04,1.666415e-01,"(0, (2, 2, 2, 2, 3))",-1301.857,,,,
O_tau=1.6,3,1.317755e-04,1.666410e-01,"(0, (2, 2, 2, 2, 3))",-1278.907,,,,
O_tau=1.6,3,1.341234e-04,1.666406e-01,"(0, (2, 2, 2, 2, 3))",-1256.358,,,,
O_tau=1.6,3,1.365132e-04,1.666401e-01,"(0, (2, 2, 2, 2, 3))",-1234.204,,,,
O_tau=1.6,3,1.389456e-04,1.666397e-01,"(0, (2, 2, 2, 2, 3))",-1212.438,,,,
O_tau=1.6,3,1.414214e-04,1.666392e-01,"(0, (2, 2, 2, 2, 3))",-1191.054,,,,
O_tau=1.6,3,1.439412e-04,1.666387e-01,"(0, (2, 2, 2, 2, 3))",-1170.043,,,,
O_tau=1.6,3,1.465059e-04,1.666382e-01,"(0, (2, 2, 2, 2, 3))",-1149.401,,,,
O_tau=1.6,3,1.491164e-04,1.666377e-01,"(0, (2, 2, 2, 2, 3))",-1129.119,,,,
O_tau=1.6,3,1.517733e-04,1.666372e-01,"(0, (2, 2, 2, 2, 3))",-1109.193,,,,
O_tau=1.6,3,1.544776e-04,1.666366e-01,"(0, (2, 2, 2, 2, 3))",-1089.616,,,,
O_tau=1.6,3,1.572301e-04,1.666361e-01,"(0, (2, 2, 2, 2, 3))",-1070.382,,,,
O_tau=1.6,3,1.600316e-04,1.666356e-01,"(0, (2, 2, 2, 2, 3))",-1051.484,,,,
O_tau=1.6,3,1.628830e-04,1.666350e-01,"(0, (2, 2, 2, 2, 3))",-1032.918,,,,
O_tau=1.6,3,1.657853e-04,1.666344e-01,"(0, (2, 2, 2, 2, 3))",-1014.676,,,,
O_tau=1.6,3,1.687392e-04,1.666339e-01,"(0, (2, 2, 2, 2, 3))",-996.754,,,,
O_tau=1.6,3,1.717458e-04,1.666333e-01,"(0, (2, 2, 2, 2, 3))",-979.146,,,,
O_tau=1.6,3,1.748059e-04,1.666327e-01,"(0, (2, 2, 2, 2, 3))",-961.846,,,,
O_tau=1.6,3,1.779206e-04,1.666321e-01,"(0, (2, 2, 2, 2, 3))",-944.849,,,,
O_tau=1.6,3,1.810908e-04,1.666315e-01,"(0, (2, 2, 2, 2, 3))",-928.149,,,,
O_tau=1.6,3,1.843175e-04,1.666308e-01,"(0, (2, 2, 2, 2, 3))",-911.742,,,,
O_tau=1.6,3,1.876016e-04,1.666302e-01,"(0, (2, 2, 2, 2, 3))",-895.622,,,,
O_tau=1.6,3,1.909443e-04,1.666296e-01,"(0, (2, 2, 2, 2, 3))",-879.785,,,,
O_tau=1.6,3,1.943465e-04,1.666289e-01,"(0, (2, 2, 2, 2, 3))",-864.225,,,,
O_tau=1.6,3,1.978094e-04,1.666282e-01,"(0, (2, 2, 2, 2, 3))",-848.937,,,,
O_tau=1.6,3,2.013339e-04,1.666275e-01,"(0, (2, 2, 2, 2, 3))",-833.917,,,,
O_tau=1.6,3,2.049213e-04,1.666268e-01,"(0, (2, 2, 2, 2, 3))",-819.160,,,,
O_tau=1.6,3,2.085726e-04,1.666261e-01,"(0, (2, 2, 2, 2, 3))",-804.661,,,,
O_tau=1.6,3,2.122889e-04,1.666254e-01,"(0, (2, 2, 2, 2, 3))",-790.416,,,,
O_tau=1.6,3,2.160715e-04,1.666247e-01,"(0, (2, 2, 2, 2, 3))",-776.421,,,,
O_tau=1.6,3,2.199214e-04,1.666239e-01,"(0, (2, 2, 2, 2, 3))",-762.671,,,,
O_tau=1.6,3,2.238399e-04,1.666232e-01,"(0, (2, 2, 2, 2, 3))",-749.161,,,,
O_tau=1.6,3,2.278283e-04,1.666224e-01,"(0, (2, 2, 2, 2, 3))",-735.888,,,,
O_tau=1.6,3,2.318877e-04,1.666216e-01,"(0, (2, 2, 2, 2, 3))",-722.848,,,,
O_tau=1.6,3,2.360195e-04,1.666208e-01,"(0, (2, 2, 2, 2, 3))",-710.036,,,,
O_tau=1.6,3,2.402249e-04,1.666200e-01,"(0, (2, 2, 2, 2, 3))",-697.448,,,,
O_tau=1.6,3,2.445052e-04,1.666191e-01,"(0, (2, 2, 2, 2, 3))",-685.081,,,,
O_tau=1.6,3,2.488618e-04,1.666183e-01,"(0, (2, 2, 2, 2, 3))",-672.930,,,,
O_tau=1.6,3,2.532960e-04,1.666174e-01,"(0, (2, 2, 2, 2, 3))",-660.992,,,,
O_tau=1.6,3,2.578092e-04,1.666166e-01,"(0, (2, 2, 2, 2, 3))",-649.263,,,,
O_tau=1.6,3,2.624028e-04,1.666157e-01,"(0, (2, 2, 2, 2, 3))",-637.739,,,,
O_tau=1.6,3,2.670783e-04,1.666148e-01,"(0, (2, 2, 2, 2, 3))",-626.418,,,,
O_tau=1.6,3,2.718371e-04,1.666138e-01,"(0, (2, 2, 2, 2, 3))",-615.294,,,,
O_tau=1.6,3,2.766807e-04,1.666129e-01,"(0, (2, 2, 2, 2, 3))",-604.365,,,,
O_tau=1.6,3,2.816105e-04,1.666119e-01,"(0, (2, 2, 2, 2, 3))",-593.628,,,,
O_tau=1.6,3,2.866283e-04,1.666110e-01,"(0, (2, 2, 2, 2, 3))",-583.079,,,,
O_tau=1.6,3,2.917354e-04,1.666100e-01,"(0, (2, 2, 2, 2, 3))",-572.714,,,,
O_tau=1.6,3,2.969335e-04,1.666090e-01,"(0, (2, 2, 2, 2, 3))",-562.531,,,,
O_tau=1.6,3,3.022242e-04,1.666079e-01,"(0, (2, 2, 2, 2, 3))",-552.527,,,,
O_tau=1.6,3,3.076093e-04,1.666069e-01,"(0, (2, 2, 2, 2, 3))",-542.697,,,,
O_tau=1.6,3,3.130902e-04,1.666058e-01,"(0, (2, 2, 2, 2, 3))",-533.040,,,,
O_tau=1.6,3,3.186688e-04,1.666047e-01,"(0, (2, 2, 2, 2, 3))",-523.552,,,,
O_tau=1.6,3,3.243469e-04,1.666036e-01,"(0, (2, 2, 2, 2, 3))",-514.230,,,,
O_tau=1.6,3,3.301261e-04,1.666025e-01,"(0, (2, 2, 2, 2, 3))",-505.071,,,,
O_tau=1.6,3,3.360082e-04,1.666014e-01,"(0, (2, 2, 2, 2, 3))",-496.072,,,,
O_tau=1.6,3,3.419952e-04,1.666002e-01,"(0, (2, 2, 2, 2, 3))",-487.232,,,,
O_tau=1.6,3,3.480888e-04,1.665990e-01,"(0, (2, 2, 2, 2, 3))",-478.546,,,,
O_tau=1.6,3,3.542911e-04,1.665978e-01,"(0, (2, 2, 2, 2, 3))",-470.012,,,,
O_tau=1.6,3,3.606038e-04,1.665966e-01,"(0, (2, 2, 2, 2, 3))",-461.627,,,,
O_tau=1.6,3,3.670290e-04,1.665953e-01,"(0, (2, 2, 2, 2, 3))",-453.390,,,,
O_tau=1.6,3,3.735687e-04,1.665941e-01,"(0, (2, 2, 2, 2, 3))",-445.297,,,,
O_tau=1.6,3,3.802249e-04,1.665928e-01,"(0, (2, 2, 2, 2, 3))",-437.345,,,,
O_tau=1.6,3,3.869998e-04,1.665915e-01,"(0, (2, 2, 2, 2, 3))",-429.533,,,,
O_tau=1.6,3,3.938953e-04,1.665901e-01,"(0, (2, 2, 2, 2, 3))",-421.858,,,,
O_tau=1.6,3,4.009137e-04,1.665888e-01,"(0, (2, 2, 2, 2, 3))",-414.317,,,,
O_tau=1.6,3,4.080572e-04,1.665874e-01,"(0, (2, 2, 2, 2, 3))",-406.908,,,,
O_tau=1.6,3,4.153279e-04,1.665860e-01,"(0, (2, 2, 2, 2, 3))",-399.629,,,,
O_tau=1.6,3,4.227282e-04,1.665845e-01,"(0, (2, 2, 2, 2, 3))",-392.477,,,,
O_tau=1.6,3,4.302603e-04,1.665831e-01,"(0, (2, 2, 2, 2, 3))",-385.451,,,,
O_tau=1.6,3,4.379267e-04,1.665816e-01,"(0, (2, 2, 2, 2, 3))",-378.547,,,,
O_tau=1.6,3,4.457296e-04,1.665801e-01,"(0, (2, 2, 2, 2, 3))",-371.765,,,,
O_tau=1.6,3,4.536716e-04,1.665785e-01,"(0, (2, 2, 2, 2, 3))",-365.101,,,,
O_tau=1.6,3,4.617551e-04,1.665769e-01,"(0, (2, 2, 2, 2, 3))",-358.554,,,,
O_tau=1.6,3,4.699826e-04,1.665754e-01,"(0, (2, 2, 2, 2, 3))",-352.122,,,,
O_tau=1.6,3,4.783567e-04,1.665737e-01,"(0, (2, 2, 2, 2, 3))",-345.803,,,,
O_tau=1.6,3,4.868801e-04,1.665721e-01,"(0, (2, 2, 2, 2, 3))",-339.594,,,,
O_tau=1.6,3,4.955553e-04,1.665704e-01,"(0, (2, 2, 2, 2, 3))",-333.494,,,,
O_tau=1.6,3,5.043850e-04,1.665687e-01,"(0, (2, 2, 2, 2, 3))",-327.501,,,,
O_tau=1.6,3,5.133721e-04,1.665669e-01,"(0, (2, 2, 2, 2, 3))",-321.612,,,,
O_tau=1.6,3,5.225194e-04,1.665652e-01,"(0, (2, 2, 2, 2, 3))",-315.827,,,,
O_tau=1.6,3,5.318296e-04,1.665633e-01,"(0, (2, 2, 2, 2, 3))",-310.144,,,,
O_tau=1.6,3,5.413057e-04,1.665615e-01,"(0, (2, 2, 2, 2, 3))",-304.559,,,,
O_tau=1.6,3,5.509506e-04,1.665596e-01,"(0, (2, 2, 2, 2, 3))",-299.073,,,,
O_tau=1.6,3,5.607674e-04,1.665577e-01,"(0, (2, 2, 2, 2, 3))",-293.683,,,,
O_tau=1.6,3,5.707592e-04,1.665558e-01,"(0, (2, 2, 2, 2, 3))",-288.387,,,,
O_tau=1.6,3,5.809289e-04,1.665538e-01,"(0, (2, 2, 2, 2, 3))",-283.184,,,,
O_tau=1.6,3,5.912799e-04,1.665518e-01,"(0, (2, 2, 2, 2, 3))",-278.072,,,,
O_tau=1.6,3,6.018153e-04,1.665498e-01,"(0, (2, 2, 2, 2, 3))",-273.050,,,,
O_tau=1.6,3,6.125384e-04,1.665477e-01,"(0, (2, 2, 2, 2, 3))",-268.115,,,,
O_tau=1.6,3,6.234525e-04,1.665456e-01,"(0, (2, 2, 2, 2, 3))",-263.267,,,,
O_tau=1.6,3,6.345612e-04,1.665434e-01,"(0, (2, 2, 2, 2, 3))",-258.505,,,,
O_tau=1.6,3,6.458677e-04,1.665412e-01,"(0, (2, 2, 2, 2, 3))",-253.825,,,,
O_tau=1.6,3,6.573758e-04,1.665390e-01,"(0, (2, 2, 2, 2, 3))",-249.227,,,4420,4420
O_tau=1.6,3,6.690889e-04,1.665367e-01,"(0, (2, 2, 2, 2, 3))",-244.711,,,4334,4334
O_tau=1.6,3,6.810106e-04,1.665344e-01,"(0, (2, 2, 2, 2, 3))",-240.273,,,4249,4249
O_tau=1.6,3,6.931448e-04,1.665320e-01,"(0, (2, 2, 2, 2, 3))",-235.913,,,4167,4167
O_tau=1.6,3,7.054953e-04,1.665296e-01,"(0, (2, 2, 2, 2, 3))",-231.629,,,4085,4085
O_tau=1.6,3,7.180657e-04,1.665272e-01,"(0, (2, 2, 2, 2, 3))",-227.420,,,4006,4006
O_tau=1.6,3,7.308602e-04,1.665247e-01,"(0, (2, 2, 2, 2, 3))",-223.285,,,3927,3927
O_tau=1.6,3,7.438826e-04,1.665222e-01,"(0, (2, 2, 2, 2, 3))",-219.223,,,3851,3851
O_tau=1.6,3,7.571370e-04,1.665196e-01,"(0, (2, 2, 2, 2, 3))",-215.232,,,3776,3776
O_tau=1.6,3,7.706277e-04,1.665170e-01,"(0, (2, 2, 2, 2, 3))",-211.310,,,3702,3702
O_tau=1.6,3,7.843587e-04,1.665143e-01,"(0, (2, 2, 2, 2, 3))",-207.458,,,3630,3630
O_tau=1.6,3,7.983343e-04,1.665116e-01,"(0, (2, 2, 2, 2, 3))",-203.673,,,3559,3559
O_tau=1.6,3,8.125590e-04,1.665089e-01,"(0, (2, 2, 2, 2, 3))",-199.954,,,3489,3489
O_tau=1.6,3,8.270371e-04,1.665061e-01,"(0, (2, 2, 2, 2, 3))",-196.300,,,3421,3421
O_tau=1.6,3,8.417732e-04,1.665032e-01,"(0, (2, 2, 2, 2, 3))",-192.711,,,3354,3354
O_tau=1.6,3,8.567719e-04,1.665003e-01,"(0, (2, 2, 2, 2, 3))",-189.184,4361,,3289,3289
O_tau=1.6,3,8.720378e-04,1.664973e-01,"(0, (2, 2, 2, 2, 3))",-185.719,4278,,3224,3224
O_tau=1.6,3,8.875757e-04,1.664943e-01,"(0, (2, 2, 2, 2, 3))",-182.315,4196,,3161,3161
O_tau=1.6,3,9.033905e-04,1.664913e-01,"(0, (2, 2, 2, 2, 3))",-178.971,4114,4381,3100,3100
O_tau=1.6,3,9.194870e-04,1.664881e-01,"(0, (2, 2, 2, 2, 3))",-175.685,4035,4297,3039,3039
O_tau=1.6,3,9.358704e-04,1.664850e-01,"(0, (2, 2, 2, 2, 3))",-172.457,3957,4213,2979,2979
O_tau=1.6,3,9.525456e-04,1.664817e-01,"(0, (2, 2, 2, 2, 3))",-169.285,3882,4135,2921,2921
O_tau=1.6,3,9.695180e-04,1.664784e-01,"(0, (2, 2, 2, 2, 3))",-166.169,3809,4057,2864,2864
O_tau=1.6,3,9.867929e-04,1.664751e-01,"(0, (2, 2, 2, 2, 3))",-163.107,3734,3979,2808,2808
O_tau=1.6,3,1.004375e-03,1.664717e-01,"(0, (2, 2, 2, 2, 3))",-160.100,3662,3902,2753,2753
O_tau=1.6,3,1.022271e-03,1.664682e-01,"(0, (2, 2, 2, 2, 3))",-157.144,3593,3826,2699,2699
O_tau=1.6,3,1.040486e-03,1.664647e-01,"(0, (2, 2, 2, 2, 3))",-154.241,3520,3753,2646,2646
O_tau=1.6,3,1.059025e-03,1.664611e-01,"(0, (2, 2, 2, 2, 3))",-151.389,3457,3686,2594,2594
O_tau=1.6,3,1.077895e-03,1.664574e-01,"(0, (2, 2, 2, 2, 3))",-148.586,3390,3612,2543,2543
O_tau=1.6,3,1.097101e-03,1.664537e-01,"(0, (2, 2, 2, 2, 3))",-145.833,3325,3547,2494,2494
O_tau=1.6,3,1.116649e-03,1.664499e-01,"(0, (2, 2, 2, 2, 3))",-143.128,3259,3476,2445,2445
O_tau=1.6,3,1.136545e-03,1.664461e-01,"(0, (2, 2, 2, 2, 3))",-140.470,3195,3408,2397,2397
O_tau=1.6,3,1.156796e-03,1.664422e-01,"(0, (2, 2, 2, 2, 3))",-137.859,3138,3342,2350,2350
O_tau=1.6,3,1.177408e-03,1.664382e-01,"(0, (2, 2, 2, 2, 3))",-135.294,3075,3279,2303,2303
O_tau=1.6,3,1.198387e-03,1.664341e-01,"(0, (2, 2, 2, 2, 3))",-132.774,3017,3216,2258,2258
O_tau=1.6,3,1.219740e-03,1.664300e-01,"(0, (2, 2, 2, 2, 3))",-130.298,2958,3154,2214,2214
O_tau=1.6,3,1.241473e-03,1.664258e-01,"(0, (2, 2, 2, 2, 3))",-127.865,2899,3096,2171,2171
O_tau=1.6,3,1.263594e-03,1.664215e-01,"(0, (2, 2, 2, 2, 3))",-125.475,2845,3035,2128,2128
O_tau=1.6,3,1.286108e-03,1.664171e-01,"(0, (2, 2, 2, 2, 3))",-123.127,2788,2975,2086,2086
O_tau=1.6,3,1.309024e-03,1.664127e-01,"(0, (2, 2, 2, 2, 3))",-120.820,2735,2920,2045,2045
O_tau=1.6,3,1.332348e-03,1.664082e-01,"(0, (2, 2, 2, 2, 3))",-118.554,2682,2865,2005,2005
O_tau=1.6,3,1.356088e-03,1.664036e-01,"(0, (2, 2, 2, 2, 3))",-116.327,2631,2813,1965,1965
O_tau=1.6,3,1.380250e-03,1.663989e-01,"(0, (2, 2, 2, 2, 3))",-114.139,2582,2757,1927,1927
O_tau=1.6,3,1.404844e-03,1.663941e-01,"(0, (2, 2, 2, 2, 3))",-111.990,2531,2702,1889,1889
O_tau=1.6,3,1.429875e-03,1.663893e-01,"(0, (2, 2, 2, 2, 3))",-109.878,2482,2649,1852,1852
O_tau=1.6,3,1.455352e-03,1.663844e-01,"(0, (2, 2, 2, 2, 3))",-107.804,2435,2599,1815,1815
O_tau=1.6,3,1.481284e-03,1.663793e-01,"(0, (2, 2, 2, 2, 3))",-105.766,2386,2551,1780,1780
O_tau=1.6,3,1.507677e-03,1.663742e-01,"(0, (2, 2, 2, 2, 3))",-103.763,2341,2502,1745,1745
O_tau=1.6,3,1.534541e-03,1.663690e-01,"(0, (2, 2, 2, 2, 3))",-101.796,2296,2454,1710,1710
O_tau=1.6,3,1.561883e-03,1.663637e-01,"(0, (2, 2, 2, 2, 3))",-99.863,2253,2404,1677,1677
O_tau=1.6,3,1.589713e-03,1.663584e-01,"(0, (2, 2, 2, 2, 3))",-97.964,2208,2359,1644,1644
O_tau=1.6,3,1.618038e-03,1.663529e-01,"(0, (2, 2, 2, 2, 3))",-96.098,2165,2314,1611,1611
O_tau=1.6,3,1.646868e-03,1.663473e-01,"(0, (2, 2, 2, 2, 3))",-94.266,2122,2269,1579,1579
O_tau=1.6,3,1.676212e-03,1.663416e-01,"(0, (2, 2, 2, 2, 3))",-92.465,2082,2230,1548,1548
O_tau=1.6,3,1.706079e-03,1.663359e-01,"(0, (2, 2, 2, 2, 3))",-90.696,2042,2185,1518,1518
O_tau=1.6,3,1.736478e-03,1.663300e-01,"(0, (2, 2, 2, 2, 3))",-88.958,2003,2141,1488,1488
O_tau=1.6,3,1.767418e-03,1.663240e-01,"(0, (2, 2, 2, 2, 3))",-87.250,1965,2102,1459,1459
O_tau=1.6,3,1.798910e-03,1.663179e-01,"(0, (2, 2, 2, 2, 3))",-85.572,1927,2063,1430,1430
O_tau=1.6,3,1.830963e-03,1.663117e-01,"(0, (2, 2, 2, 2, 3))",-83.924,1889,2019,1402,1402
O_tau=1.6,3,1.863587e-03,1.663054e-01,"(0, (2, 2, 2, 2, 3))",-82.305,1852,1981,1374,1374
O_tau=1.6,3,1.896792e-03,1.662990e-01,"(0, (2, 2, 2, 2, 3))",-80.714,1817,1943,1347,1347
O_tau=1.6,3,1.930589e-03,1.662925e-01,"(0, (2, 2, 2, 2, 3))",-79.151,1782,1908,1320,1320
O_tau=1.6,3,1.964988e-03,1.662858e-01,"(0, (2, 2, 2, 2, 3))",-77.615,1747,1867,1294,1294
O_tau=1.6,3,2.000000e-03,1.662790e-01,"(0, (2, 2, 2, 2, 3))",-76.107,1713,1833,1269,1269
O_tau=1.6,3,2.031395e-03,1.662730e-01,"(0, (2, 2, 2, 2, 3))",-74.798,1685,1803,1246,1246
O_tau=1.6,3,2.063282e-03,1.662668e-01,"(0, (2, 2, 2, 2, 3))",-73.510,1654,1774,1225,1225
O_tau=1.6,3,2.095671e-03,1.662606e-01,"(0, (2, 2, 2, 2, 3))",-72.242,1627,1741,1203,1203
O_tau=1.6,3,2.128567e-03,1.662542e-01,"(0, (2, 2, 2, 2, 3))",-70.993,1597,1712,1182,1182
O_tau=1.6,3,2.161980e-03,1.662478e-01,"(0, (2, 2, 2, 2, 3))",-69.764,1572,1685,1162,1162
O_tau=1.6,3,2.195917e-03,1.662412e-01,"(0, (2, 2, 2, 2, 3))",-68.554,1544,1654,1141,1141
O_tau=1.6,3,2.230388e-03,1.662346e-01,"(0, (2, 2, 2, 2, 3))",-67.362,1520,1627,1121,1121
O_tau=1.6,3,2.265399e-03,1.662278e-01,"(0, (2, 2, 2, 2, 3))",-66.189,1493,1597,1102,1102
O_tau=1.6,3,2.300960e-03,1.662209e-01,"(0, (2, 2, 2, 2, 3))",-65.035,1466,1572,1082,1082
O_tau=1.6,3,2.337079e-03,1.662140e-01,"(0, (2, 2, 2, 2, 3))",-63.898,1442,1545,1064,1064
O_tau=1.6,3,2.373765e-03,1.662069e-01,"(0, (2, 2, 2, 2, 3))",-62.779,1419,1520,1045,1045
O_tau=1.6,3,2.411027e-03,1.661997e-01,"(0, (2, 2, 2, 2, 3))",-61.677,1392,1493,1027,1027
O_tau=1.6,3,2.448874e-03,1.661924e-01,"(0, (2, 2, 2, 2, 3))",-60.592,1370,1467,1009,1009
O_tau=1.6,3,2.487314e-03,1.661850e-01,"(0, (2, 2, 2, 2, 3))",-59.524,1344,1443,991,991
O_tau=1.6,3,2.526359e-03,1.661775e-01,"(0, (2, 2, 2, 2, 3))",-58.472,1321,1420,974,974
O_tau=1.6,3,2.566016e-03,1.661698e-01,"(0, (2, 2, 2, 2, 3))",-57.437,1300,1393,957,957
O_tau=1.6,3,2.606296e-03,1.661620e-01,"(0, (2, 2, 2, 2, 3))",-56.418,1278,1372,940,940
O_tau=1.6,3,2.647208e-03,1.661542e-01,"(0, (2, 2, 2, 2, 3))",-55.415,1255,1345,923,923
O_tau=1.6,3,2.688762e-03,1.661461e-01,"(0, (2, 2, 2, 2, 3))",-54.427,1233,1325,907,907
O_tau=1.6,3,2.730969e-03,1.661380e-01,"(0, (2, 2, 2, 2, 3))",-53.455,1214,1301,891,891
O_tau=1.6,3,2.773838e-03,1.661298e-01,"(0, (2, 2, 2, 2, 3))",-52.497,1190,1282,876,876
O_tau=1.6,3,2.817380e-03,1.661214e-01,"(0, (2, 2, 2, 2, 3))",-51.555,1172,1258,861,861
O_tau=1.6,3,2.861605e-03,1.661128e-01,"(0, (2, 2, 2, 2, 3))",-50.627,1153,1236,846,846
O_tau=1.6,3,2.906525e-03,1.661042e-01,"(0, (2, 2, 2, 2, 3))",-49.713,1132,1214,831,831
O_tau=1.6,3,2.952150e-03,1.660954e-01,"(0, (2, 2, 2, 2, 3))",-48.814,1110,1194,816,816
O_tau=1.6,3,2.998491e-03,1.660865e-01,"(0, (2, 2, 2, 2, 3))",-47.929,1092,1174,801,801
O_tau=1.6,3,3.045559e-03,1.660774e-01,"(0, (2, 2, 2, 2, 3))",-47.057,1077,1155,787,787
O_tau=1.6,3,3.093367e-03,1.660682e-01,"(0, (2, 2, 2, 2, 3))",-46.199,1057,1135,774,774
O_tau=1.6,3,3.141924e-03,1.660589e-01,"(0, (2, 2, 2, 2, 3))",-45.354,1038,1115,760,760
O_tau=1.6,3,3.191244e-03,1.660494e-01,"(0, (2, 2, 2, 2, 3))",-44.522,1020,1096,747,747
O_tau=1.6,3,3.241339e-03,1.660397e-01,"(0, (2, 2, 2, 2, 3))",-43.704,1003,1077,734,734
O_tau=1.6,3,3.292219e-03,1.660299e-01,"(0, (2, 2, 2, 2, 3))",-42.898,985,1059,721,721
O_tau=1.6,3,3.343898e-03,1.660200e-01,"(0, (2, 2, 2, 2, 3))",-42.104,966,1042,708,708
O_tau=1.6,3,3.396389e-03,1.660099e-01,"(0, (2, 2, 2, 2, 3))",-41.323,952,1021,696,696
O_tau=1.6,3,3.449703e-03,1.659997e-01,"(0, (2, 2, 2, 2, 3))",-40.554,937,1008,684,684
O_tau=1.6,3,3.503855e-03,1.659893e-01,"(0, (2, 2, 2, 2, 3))",-39.796,920,988,672,672
O_tau=1.6,3,3.558856e-03,1.659787e-01,"(0, (2, 2, 2, 2, 3))",-39.051,905,972,660,660
O_tau=1.6,3,3.614721e-03,1.659679e-01,"(0, (2, 2, 2, 2, 3))",-38.317,886,957,648,648
O_tau=1.6,3,3.671462e-03,1.659570e-01,"(0, (2, 2, 2, 2, 3))",-37.595,874,940,637,637
O_tau=1.6,3,3.729095e-03,1.659460e-01,"(0, (2, 2, 2, 2, 3))",-36.883,857,921,625,625
O_tau=1.6,3,3.787632e-03,1.659347e-01,"(0, (2, 2, 2, 2, 3))",-36.183,845,908,614,614
O_tau=1.6,3,3.847088e-03,1.659233e-01,"(0, (2, 2, 2, 2, 3))",-35.494,827,892,603,603
O_tau=1.6,3,3.907477e-03,1.659117e-01,"(0, (2, 2, 2, 2, 3))",-34.815,813,879,593,593
O_tau=1.6,3,3.968814e-03,1.658999e-01,"(0, (2, 2, 2, 2, 3))",-34.147,801,862,583,583
O_tau=1.6,3,4.031114e-03,1.658880e-01,"(0, (2, 2, 2, 2, 3))",-33.489,786,848,572,572
O_tau=1.6,3,4.094392e-03,1.658758e-01,"(0, (2, 2, 2, 2, 3))",-32.842,772,830,562,562
O_tau=1.6,3,4.158663e-03,1.658635e-01,"(0, (2, 2, 2, 2, 3))",-32.204,760,817,552,552
O_tau=1.6,3,4.223944e-03,1.658510e-01,"(0, (2, 2, 2, 2, 3))",-31.577,747,801,543,543
O_tau=1.6,3,4.290249e-03,1.658383e-01,"(0, (2, 2, 2, 2, 3))",-30.959,734,789,533,533
O_tau=1.6,3,4.357594e-03,1.658254e-01,"(0, (2, 2, 2, 2, 3))",-30.351,721,777,524,524
O_tau=1.6,3,4.425997e-03,1.658122e-01,"(0, (2, 2, 2, 2, 3))",-29.752,709,763,514,514
O_tau=1.6,3,4.495474e-03,1.657989e-01,"(0, (2, 2, 2, 2, 3))",-29.163,697,750,505,505
O_tau=1.6,3,4.566041e-03,1.657854e-01,"(0, (2, 2, 2, 2, 3))",-28.582,685,738,496,496
O_tau=1.6,3,4.637716e-03,1.657717e-01,"(0, (2, 2, 2, 2, 3))",-28.011,672,726,487,487
O_tau=1.6,3,4.710516e-03,1.657577e-01,"(0, (2, 2, 2, 2, 3))",-27.449,660,711,479,479
O_tau=1.6,3,4.784459e-03,1.657436e-01,"(0, (2, 2, 2, 2, 3))",-26.895,649,702,470,470
O_tau=1.6,3,4.859562e-03,1.657292e-01,"(0, (2, 2, 2, 2, 3))",-26.350,638,688,462,462
O_tau=1.6,3,4.935845e-03,1.657146e-01,"(0, (2, 2, 2, 2, 3))",-25.813,626,678,454,454
O_tau=1.6,3,5.013324e-03,1.656998e-01,"(0, (2, 2, 2, 2, 3))",-25.285,618,664,446,446
O_tau=1.6,3,5.092021e-03,1.656847e-01,"(0, (2, 2, 2, 2, 3))",-24.765,607,652,438,438
O_tau=1.6,3,5.171952e-03,1.656694e-01,"(0, (2, 2, 2, 2, 3))",-24.253,596,642,430,430
O_tau=1.6,3,5.253138e-03,1.656539e-01,"(0, (2, 2, 2, 2, 3))",-23.749,586,630,423,423
O_tau=1.6,3,5.335599e-03,1.656382e-01,"(0, (2, 2, 2, 2, 3))",-23.253,576,620,415,415
O_tau=1.6,3,5.419354e-03,1.656222e-01,"(0, (2, 2, 2, 2, 3))",-22.765,565,608,408,408
O_tau=1.6,3,5.504423e-03,1.656059e-01,"(0, (2, 2, 2, 2, 3))",-22.284,558,601,401,401
O_tau=1.6,3,5.590828e-03,1.655894e-01,"(0, (2, 2, 2, 2, 3))",-21.811,545,590,394,394
O_tau=1.6,3,5.678590e-03,1.655727e-01,"(0, (2, 2, 2, 2, 3))",-21.345,537,580,387,387
O_tau=1.6,3,5.767729e-03,1.655556e-01,"(0, (2, 2, 2, 2, 3))",-20.886,527,567,380,380
O_tau=1.6,3,5.858267e-03,1.655384e-01,"(0, (2, 2, 2, 2, 3))",-20.434,518,562,373,373
O_tau=1.6,3,5.950227e-03,1.655208e-01,"(0, (2, 2, 2, 2, 3))",-19.990,509,549,366,366
O_tau=1.6,3,6.043630e-03,1.655030e-01,"(0, (2, 2, 2, 2, 3))",-19.552,498,540,360,360
O_tau=1.6,3,6.138499e-03,1.654849e-01,"(0, (2, 2, 2, 2, 3))",-19.122,491,531,353,353
O_tau=1.6,3,6.234857e-03,1.654666e-01,"(0, (2, 2, 2, 2, 3))",-18.697,483,523,347,347
O_tau=1.6,3,6.332728e-03,1.654479e-01,"(0, (2, 2, 2, 2, 3))",-18.280,476,513,341,341
O_tau=1.6,3,6.432135e-03,1.654290e-01,"(0, (2, 2, 2, 2, 3))",-17.869,467,505,335,335
O_tau=1.6,3,6.533103e-03,1.654098e-01,"(0, (2, 2, 2, 2, 3))",-17.464,458,496,329,329
O_tau=1.6,3,6.635656e-03,1.653902e-01,"(0, (2, 2, 2, 2, 3))",-17.066,451,486,323,323
O_tau=1.6,3,6.739818e-03,1.653704e-01,"(0, (2, 2, 2, 2, 3))",-16.674,444,478,318,318
O_tau=1.6,3,6.845616e-03,1.653503e-01,"(0, (2, 2, 2, 2, 3))",-16.288,435,470,312,312
O_tau=1.6,3,6.953074e-03,1.653299e-01,"(0, (2, 2, 2, 2, 3))",-15.908,428,465,306,306
O_tau=1.6,3,7.062219e-03,1.653091e-01,"(0, (2, 2, 2, 2, 3))",-15.534,420,454,301,301
O_tau=1.6,3,7.173078e-03,1.652881e-01,"(0, (2, 2, 2, 2, 3))",-15.166,411,447,296,296
O_tau=1.6,3,7.285676e-03,1.652667e-01,"(0, (2, 2, 2, 2, 3))",-14.803,405,439,290,290
O_tau=1.6,3,7.400042e-03,1.652450e-01,"(0, (2, 2, 2, 2, 3))",-14.447,398,431,285,285
O_tau=1.6,3,7.516204e-03,1.652229e-01,"(0, (2, 2, 2, 2, 3))",-14.095,392,423,280,280
O_tau=1.6,3,7.634188e-03,1.652005e-01,"(0, (2, 2, 2, 2, 3))",-13.750,384,418,275,275
O_tau=1.6,3,7.754025e-03,1.651778e-01,"(0, (2, 2, 2, 2, 3))",-13.409,378,410,270,270
O_tau=1.6,3,7.875743e-03,1.651547e-01,"(0, (2, 2, 2, 2, 3))",-13.074,371,403,265,265
O_tau=1.6,3,7.999372e-03,1.651313e-01,"(0, (2, 2, 2, 2, 3))",-12.744,363,397,261,261
O_tau=1.6,3,8.124941e-03,1.651075e-01,"(0, (2, 2, 2, 2, 3))",-12.420,359,388,256,256
O_tau=1.6,3,8.252481e-03,1.650833e-01,"(0, (2, 2, 2, 2, 3))",-12.100,354,383,251,251
O_tau=1.6,3,8.382024e-03,1.650588e-01,"(0, (2, 2, 2, 2, 3))",-11.785,346,375,247,247
O_tau=1.6,3,8.513600e-03,1.650339e-01,"(0, (2, 2, 2, 2, 3))",-11.476,341,369,242,242
O_tau=1.6,3,8.647241e-03,1.650087e-01,"(0, (2, 2, 2, 2, 3))",-11.171,335,360,238,238
O_tau=1.6,3,8.782980e-03,1.649830e-01,"(0, (2, 2, 2, 2, 3))",-10.871,328,356,234,234
O_tau=1.6,3,8.920850e-03,1.649569e-01,"(0, (2, 2, 2, 2, 3))",-10.575,324,351,230,230
O_tau=1.6,3,9.060884e-03,1.649305e-01,"(0, (2, 2, 2, 2, 3))",-10.284,319,343,226,226
O_tau=1.6,3,9.203116e-03,1.649036e-01,"(0, (2, 2, 2, 2, 3))",-9.998,311,340,222,222
O_tau=1.6,3,9.347581e-03,1.648764e-01,"(0, (2, 2, 2, 2, 3))",-9.716,305,333,218,218
O_tau=1.6,3,9.494314e-03,1.648487e-01,"(0, (2, 2, 2, 2, 3))",-9.439,301,326,214,214
O_tau=1.6,3,9.643350e-03,1.648206e-01,"(0, (2, 2, 2, 2, 3))",-9.166,294,324,210,210
O_tau=1.6,3,9.794725e-03,1.647921e-01,"(0, (2, 2, 2, 2, 3))",-8.897,291,318,206,206
O_tau=1.6,3,9.948477e-03,1.647631e-01,"(0, (2, 2, 2, 2, 3))",-8.633,286,308,203,203
O_tau=1.6,3,1.010464e-02,1.647337e-01,"(0, (2, 2, 2, 2, 3))",-8.372,281,305,199,199
O_tau=1.6,3,1.026326e-02,1.647039e-01,"(0, (2, 2, 2, 2, 3))",-8.116,276,299,195,195
O_tau=1.6,3,1.042436e-02,1.646736e-01,"(0, (2, 2, 2, 2, 3))",-7.863,271,294,192,192
O_tau=1.6,3,1.058800e-02,1.646428e-01,"(0, (2, 2, 2, 2, 3))",-7.615,267,289,188,188
O_tau=1.6,3,1.075420e-02,1.646116e-01,"(0, (2, 2, 2, 2, 3))",-7.370,262,283,185,185
O_tau=1.6,3,1.092302e-02,1.645799e-01,"(0, (2, 2, 2, 2, 3))",-7.130,258,279,182,182
O_tau=1.6,3,1.109448e-02,1.645477e-01,"(0, (2, 2, 2, 2, 3))",-6.893,253,275,178,178
O_tau=1.6,3,1.126863e-02,1.645150e-01,"(0, (2, 2, 2, 2, 3))",-6.660,247,268,175,175
O_tau=1.6,3,1.144552e-02,1.644819e-01,"(0, (2, 2, 2, 2, 3))",-6.430,243,266,172,172
O_tau=1.6,3,1.162519e-02,1.644482e-01,"(0, (2, 2, 2, 2, 3))",-6.204,239,259,169,169
O_tau=1.6,3,1.180767e-02,1.644140e-01,"(0, (2, 2, 2, 2, 3))",-5.982,235,257,166,166
O_tau=1.6,3,1.199302e-02,1.643793e-01,"(0, (2, 2, 2, 2, 3))",-5.763,233,252,163,163
O_tau=1.6,3,1.218128e-02,1.643441e-01,"(0, (2, 2, 2, 2, 3))",-5.547,228,247,160,160
O_tau=1.6,3,1.237250e-02,1.643084e-01,"(0, (2, 2, 2, 2, 3))",-5.335,224,243,157,157
O_tau=1.6,3,1.256671e-02,1.642721e-01,"(0, (2, 2, 2, 2, 3))",-5.126,220,239,154,154
O_tau=1.6,3,1.276398e-02,1.642353e-01,"(0, (2, 2, 2, 2, 3))",-4.921,216,235,152,152
O_tau=1.6,3,1.296434e-02,1.641979e-01,"(0, (2, 2, 2, 2, 3))",-4.718,212,232,149,149
O_tau=1.6,3,1.316784e-02,1.641599e-01,"(0, (2, 2, 2, 2, 3))",-4.519,207,227,146,146
O_tau=1.6,3,1.337454e-02,1.641214e-01,"(0, (2, 2, 2, 2, 3))",-4.323,202,224,144,144
O_tau=1.6,3,1.358449e-02,1.640823e-01,"(0, (2, 2, 2, 2, 3))",-4.130,201,220,141,141
O_tau=1.6,3,1.379773e-02,1.640426e-01,"(0, (2, 2, 2, 2, 3))",-3.940,197,215,139,139
O_tau=1.6,3,1.401432e-02,1.640023e-01,"(0, (2, 2, 2, 2, 3))",-3.753,191,212,136,136
O_tau=1.6,3,1.423431e-02,1.639614e-01,"(0, (2, 2, 2, 2, 3))",-3.569,190,207,134,134
O_tau=1.6,3,1.445775e-02,1.639199e-01,"(0, (2, 2, 2, 2, 3))",-3.388,187,202,132,132
O_tau=1.6,3,1.468470e-02,1.638778e-01,"(0, (2, 2, 2, 2, 3))",-3.210,185,201,129,129
O_tau=1.6,3,1.491521e-02,1.638351e-01,"(0, (2, 2, 2, 2, 3))",-3.035,180,197,127,127
O_tau=1.6,3,1.514934e-02,1.637917e-01,"(0, (2, 2, 2, 2, 3))",-2.862,178,192,125,125
O_tau=1.6,3,1.538714e-02,1.637476e-01,"(0, (2, 2, 2, 2, 3))",-2.692,176,190,122,122
O_tau=1.6,3,1.562868e-02,1.637029e-01,"(0, (2, 2, 2, 2, 3))",-2.525,173,187,120,120
O_tau=1.6,3,1.587401e-02,1.636576e-01,"(0, (2, 2, 2, 2, 3))",-2.360,170,186,118,118
O_tau=1.6,3,1.612319e-02,1.636115e-01,"(0, (2, 2, 2, 2, 3))",-2.198,164,184,115,115
O_tau=1.6,3,1.637628e-02,1.635648e-01,"(0, (2, 2, 2, 2, 3))",-2.038,163,180,113,113
O_tau=1.6,3,1.663335e-02,1.635174e-01,"(0, (2, 2, 2, 2, 3))",-1.881,162,178,111,111
O_tau=1.6,3,1.689445e-02,1.634692e-01,"(0, (2, 2, 2, 2, 3))",-1.727,160,177,109,109
O_tau=1.6,3,1.715965e-02,1.634204e-01,"(0, (2, 2, 2, 2, 3))",-1.575,160,177,107,107
O_tau=1.6,3,1.742901e-02,1.633708e-01,"(0, (2, 2, 2, 2, 3))",-1.425,157,178,106,106
O_tau=1.6,3,1.770260e-02,1.633205e-01,"(0, (2, 2, 2, 2, 3))",-1.278,157,186,104,104
O_tau=1.6,3,1.798048e-02,1.632694e-01,"(0, (2, 2, 2, 2, 3))",-1.133,160,207,102,102
O_tau=1.6,3,1.826273e-02,1.632176e-01,"(0, (2, 2, 2, 2, 3))",-0.990,163,,100,100
O_tau=1.6,3,1.854941e-02,1.631650e-01,"(0, (2, 2, 2, 2, 3))",-0.850,180,,98,98
O_tau=1.6,3,1.884058e-02,1.631117e-01,"(0, (2, 2, 2, 2, 3))",-0.711,,,97,97
O_tau=1.6,3,1.913633e-02,1.630575e-01,"(0, (2, 2, 2, 2, 3))",-0.575,,,95,95
O_tau=1.6,3,1.943672e-02,1.630026e-01,"(0, (2, 2, 2, 2, 3))",-0.441,,,93,93
O_tau=1.6,3,1.974183e-02,1.629468e-01,"(0, (2, 2, 2, 2, 3))",-0.309,,,92,92
O_tau=1.6,3,2.005172e-02,1.628902e-01,"(0, (2, 2, 2, 2, 3))",-0.180,,,90,90
O_tau=1.6,3,2.036648e-02,1.628328e-01,"(0, (2, 2, 2, 2, 3))",-0.052,,,88,88
O_tau=1.6,3,2.068618e-02,1.627745e-01,"(0, (2, 2, 2, 2, 3))",0.074,,,87,87
O_tau=1.6,3,2.101090e-02,1.627154e-01,"(0, (2, 2, 2, 2, 3))",0.197,,,85,85
O_tau=1.6,3,2.134072e-02,1.626554e-01,"(0, (2, 2, 2, 2, 3))",0.319,,,83,83
O_tau=1.6,3,2.167571e-02,1.625946e-01,"(0, (2, 2, 2, 2, 3))",0.439,,,82,82
O_tau=1.6,3,2.201596e-02,1.625328e-01,"(0, (2, 2, 2, 2, 3))",0.557,,,81,81
O_tau=1.6,3,2.236156e-02,1.624701e-01,"(0, (2, 2, 2, 2, 3))",0.673,,,79,79
O_tau=1.6,3,2.271258e-02,1.624066e-01,"(0, (2, 2, 2, 2, 3))",0.787,,,78,78
O_tau=1.6,3,2.306910e-02,1.623420e-01,"(0, (2, 2, 2, 2, 3))",0.899,,,76,76
O_tau=1.6,3,2.343123e-02,1.622766e-01,"(0, (2, 2, 2, 2, 3))",1.010,,,75,75
O_tau=1.6,3,2.379904e-02,1.622102e-01,"(0, (2, 2, 2, 2, 3))",1.119,,,74,74
O_tau=1.6,3,2.417262e-02,1.621428e-01,"(0, (2, 2, 2, 2, 3))",1.226,,,72,72
O_tau=1.6,3,2.455207e-02,1.620745e-01,"(0, (2, 2, 2, 2, 3))",1.331,,,71,71
O_tau=1.6,3,2.493747e-02,1.620051e-01,"(0, (2, 2, 2, 2, 3))",1.435,,,70,70
O_tau=1.6,3,2.532892e-02,1.619348e-01,"(0, (2, 2, 2, 2, 3))",1.537,,,68,68
O_tau=1.6,3,2.572652e-02,1.618634e-01,"(0, (2, 2, 2, 2, 3))",1.638,,,67,67
O_tau=1.6,3,2.613036e-02,1.617910e-01,"(0, (2, 2, 2, 2, 3))",1.736,,,66,66
O_tau=1.6,3,2.654054e-02,1.617175e-01,"(0, (2, 2, 2, 2, 3))",1.834,,,65,65
O_tau=1.6,3,2.695716e-02,1.616430e-01,"(0, (2, 2, 2, 2, 3))",1.930,,,63,63
O_tau=1.6,3,2.738031e-02,1.615674e-01,"(0, (2, 2, 2, 2, 3))",2.024,,,62,62
O_tau=1.6,3,2.781011e-02,1.614907e-01,"(0, (2, 2, 2, 2, 3))",2.117,,,61,61
O_tau=1.6,3,2.824666e-02,1.614129e-01,"(0, (2, 2, 2, 2, 3))",2.208,,,60,60
O_tau=1.6,3,2.869006e-02,1.613340e-01,"(0, (2, 2, 2, 2, 3))",2.298,,,59,59
O_tau=1.6,3,2.914042e-02,1.612540e-01,"(0, (2, 2, 2, 2, 3))",2.386,,,58,58
O_tau=1.6,3,2.959785e-02,1.611728e-01,"(0, (2, 2, 2, 2, 3))",2.473,,,57,57
O_tau=1.6,3,3.006245e-02,1.610904e-01,"(0, (2, 2, 2, 2, 3))",2.559,,,56,56
O_tau=1.6,3,3.053436e-02,1.610069e-01,"(0, (2, 2, 2, 2, 3))",2.643,,,54,54
O_tau=1.6,3,3.101367e-02,1.609222e-01,"(0, (2, 2, 2, 2, 3))",2.726,,,53,53
O_tau=1.6,3,3.150050e-02,1.608363e-01,"(0, (2, 2, 2, 2, 3))",2.807,,,53,53
O_tau=1.6,3,3.199498e-02,1.607491e-01,"(0, (2, 2, 2, 2, 3))",2.887,,,52,52
O_tau=1.6,3,3.249721e-02,1.606607e-01,"(0, (2, 2, 2, 2, 3))",2.966,,,51,51
O_tau=1.6,3,3.300733e-02,1.605711e-01,"(0, (2, 2, 2, 2, 3))",3.044,,,50,50
O_tau=1.6,3,3.352546e-02,1.604802e-01,"(0, (2, 2, 2, 2, 3))",3.121,,,49,49
O_tau=1.6,3,3.405173e-02,1.603880e-01,"(0, (2, 2, 2, 2, 3))",3.196,,,48,48
O_tau=1.6,3,3.458625e-02,1.602945e-01,"(0, (2, 2, 2, 2, 3))",3.270,,,47,47
O_tau=1.6,3,3.512916e-02,1.601996e-01,"(0, (2, 2, 2, 2, 3))",3.343,,,47,47
O_tau=1.6,3,3.568060e-02,1.601035e-01,"(0, (2, 2, 2, 2, 3))",3.414,,,46,46
O_tau=1.6,3,3.624069e-02,1.600060e-01,"(0, (2, 2, 2, 2, 3))",3.485,,,45,45
O_tau=1.6,3,3.680957e-02,1.599071e-01,"(0, (2, 2, 2, 2, 3))",3.554,,,44,44
O_tau=1.6,3,3.738739e-02,1.598068e-01,"(0, (2, 2, 2, 2, 3))",3.623,,,44,44
O_tau=1.6,3,3.797427e-02,1.597051e-01,"(0, (2, 2, 2, 2, 3))",3.690,,,43,43
O_tau=1.6,3,3.857037e-02,1.596020e-01,"(0, (2, 2, 2, 2, 3))",3.756,,,42,42
O_tau=1.6,3,3.917582e-02,1.594975e-01,"(0, (2, 2, 2, 2, 3))",3.821,,,41,41
O_tau=1.6,3,3.979078e-02,1.593915e-01,"(0, (2, 2, 2, 2, 3))",3.885,,,41,41
O_tau=1.6,3,4.041539e-02,1.592840e-01,"(0, (2, 2, 2, 2, 3))",3.948,,,40,40
O_tau=1.6,3,4.104981e-02,1.591751e-01,"(0, (2, 2, 2, 2, 3))",4.010,,,39,39
O_tau=1.6,3,4.169418e-02,1.590646e-01,"(0, (2, 2, 2, 2, 3))",4.071,,,38,38
O_tau=1.6,3,4.234867e-02,1.589526e-01,"(0, (2, 2, 2, 2, 3))",4.131,,,38,38
O_tau=1.6,3,4.301344e-02,1.588390e-01,"(0, (2, 2, 2, 2, 3))",4.190,,,37,37
O_tau=1.6,3,4.368864e-02,1.587239e-01,"(0, (2, 2, 2, 2, 3))",4.248,,,36,36
O_tau=1.6,3,4.437443e-02,1.586072e-01,"(0, (2, 2, 2, 2, 3))",4.305,,,36,36
O_tau=1.6,3,4.507100e-02,1.584890e-01,"(0, (2, 2, 2, 2, 3))",4.361,,,35,35
O_tau=1.6,3,4.577849e-02,1.583690e-01,"(0, (2, 2, 2, 2, 3))",4.417,,,34,34
O_tau=1.6,3,4.649710e-02,1.582475e-01,"(0, (2, 2, 2, 2, 3))",4.471,,,34,34
O_tau=1.6,3,4.722698e-02,1.581243e-01,"(0, (2, 2, 2, 2, 3))",4.525,,,33,33
O_tau=1.6,3,4.796832e-02,1.579994e-01,"(0, (2, 2, 2, 2, 3))",4.577,,,33,33
O_tau=1.6,3,4.872130e-02,1.578728e-01,"(0, (2, 2, 2, 2, 3))",4.629,,,32,32
O_tau=1.6,3,4.948609e-02,1.577445e-01,"(0, (2, 2, 2, 2, 3))",4.680,,,31,31
O_tau=1.6,3,5.026290e-02,1.576144e-01,"(0, (2, 2, 2, 2, 3))",4.730,,,31,31
O_tau=1.6,3,5.105189e-02,1.574826e-01,"(0, (2, 2, 2, 2, 3))",4.780,,,30,30
O_tau=1.6,3,5.185327e-02,1.573490e-01,"(0, (2, 2, 2, 2, 3))",4.828,,,29,29
O_tau=1.6,3,5.266724e-02,1.572137e-01,"(0, (2, 2, 2, 2, 3))",4.876,,,29,29
O_tau=1.6,3,5.349397e-02,1.570765e-01,"(0, (2, 2, 2, 2, 3))",4.923,,,28,28
O_tau=1.6,3,5.433369e-02,1.569374e-01,"(0, (2, 2, 2, 2, 3))",4.969,,,28,28
O_tau=1.6,3,5.518659e-02,1.567966e-01,"(0, (2, 2, 2, 2, 3))",5.015,,,27,27
O_tau=1.6,3,5.605287e-02,1.566538e-01,"(0, (2, 2, 2, 2, 3))",5.060,,,27,27
O_tau=1.6,3,5.693276e-02,1.565091e-01,"(0, (2, 2, 2, 2, 3))",5.104,,,26,26
O_tau=1.6,3,5.782645e-02,1.563625e-01,"(0, (2, 2, 2, 2, 3))",5.147,,,26,26
O_tau=1.6,3,5.873418e-02,1.562140e-01,"(0, (2, 2, 2, 2, 3))",5.190,,,25,25
O_tau=1.6,3,5.965615e-02,1.560635e-01,"(0, (2, 2, 2, 2, 3))",5.232,,,25,25
O_tau=1.6,3,6.059259e-02,1.559111e-01,"(0, (2, 2, 2, 2, 3))",5.273,,,24,24
O_tau=1.6,3,6.154374e-02,1.557566e-01,"(0, (2, 2, 2, 2, 3))",5.313,,,24,24
O_tau=1.6,3,6.250982e-02,1.556001e-01,"(0, (2, 2, 2, 2, 3))",5.353,,,23,23
O_tau=1.6,3,6.349106e-02,1.554415e-01,"(0, (2, 2, 2, 2, 3))",5.393,,,23,23
O_tau=1.6,3,6.448770e-02,1.552809e-01,"(0, (2, 2, 2, 2, 3))",5.431,,,23,23
O_tau=1.6,3,6.549999e-02,1.551182e-01,"(0, (2, 2, 2, 2, 3))",5.469,,,22,22
O_tau=1.6,3,6.652817e-02,1.549534e-01,"(0, (2, 2, 2, 2, 3))",5.507,,,22,22
O_tau=1.6,3,6.757249e-02,1.547865e-01,"(0, (2, 2, 2, 2, 3))",5.543,,,21,21
O_tau=1.6,3,6.863320e-02,1.546174e-01,"(0, (2, 2, 2, 2, 3))",5.580,,,21,21
O_tau=1.6,3,6.971056e-02,1.544461e-01,"(0, (2, 2, 2, 2, 3))",5.615,,,20,20
O_tau=1.6,3,7.080483e-02,1.542727e-01,"(0, (2, 2, 2, 2, 3))",5.650,,,20,20
O_tau=1.6,3,7.191628e-02,1.540970e-01,"(0, (2, 2, 2, 2, 3))",5.685,,,19,19
O_tau=1.6,3,7.304518e-02,1.539190e-01,"(0, (2, 2, 2, 2, 3))",5.719,,,19,19
O_tau=1.6,3,7.419180e-02,1.537388e-01,"(0, (2, 2, 2, 2, 3))",5.752,,,19,19
O_tau=1.6,3,7.535642e-02,1.535564e-01,"(0, (2, 2, 2, 2, 3))",5.785,,,18,18
O_tau=1.6,3,7.653932e-02,1.533716e-01,"(0, (2, 2, 2, 2, 3))",5.817,,,18,18
O_tau=1.6,3,7.774078e-02,1.531845e-01,"(0, (2, 2, 2, 2, 3))",5.849,,,18,18
O_tau=1.6,3,7.896111e-02,1.529950e-01,"(0, (2, 2, 2, 2, 3))",5.880,,,17,17
O_tau=1.6,3,8.020060e-02,1.528031e-01,"(0, (2, 2, 2, 2, 3))",5.911,,,17,17
O_tau=1.6,3,8.145954e-02,1.526089e-01,"(0, (2, 2, 2, 2, 3))",5.941,,,17,17
O_tau=1.6,3,8.273824e-02,1.524122e-01,"(0, (2, 2, 2, 2, 3))",5.971,,,17,17
O_tau=1.6,3,8.403701e-02,1.522131e-01,"(0, (2, 2, 2, 2, 3))",6.000,,,16,16
O_tau=1.6,3,8.535617e-02,1.520116e-01,"(0, (2, 2, 2, 2, 3))",6.029,,,16,16
O_tau=1.6,3,8.669604e-02,1.518075e-01,"(0, (2, 2, 2, 2, 3))",6.057,,,16,16
O_tau=1.6,3,8.805694e-02,1.516010e-01,"(0, (2, 2, 2, 2, 3))",6.085,,,15,15
O_tau=1.6,3,8.943921e-02,1.513919e-01,"(0, (2, 2, 2, 2, 3))",6.112,,,15,15
O_tau=1.6,3,9.084317e-02,1.511802e-01,"(0, (2, 2, 2, 2, 3))",6.139,,,15,15
O_tau=1.6,3,9.226917e-02,1.509660e-01,"(0, (2, 2, 2, 2, 3))",6.165,,,15,15
O_tau=1.6,3,9.371756e-02,1.507492e-01,"(0, (2, 2, 2, 2, 3))",6.192,,,14,14
O_tau=1.6,3,9.518868e-02,1.505297e-01,"(0, (2, 2, 2, 2, 3))",6.217,,,14,14
O_tau=1.6,3,9.668289e-02,1.503077e-01,"(0, (2, 2, 2, 2, 3))",6.242,,,14,14
O_tau=1.6,3,9.820056e-02,1.500829e-01,"(0, (2, 2, 2, 2, 3))",6.267,,,14,14
O_tau=1.6,3,9.974205e-02,1.498555e-01,"(0, (2, 2, 2, 2, 3))",6.292,,,13,13
O_tau=1.6,3,1.013077e-01,1.496254e-01,"(0, (2, 2, 2, 2, 3))",6.316,,,13,13
O_tau=1.6,3,1.028980e-01,1.493925e-01,"(0, (2, 2, 2, 2, 3))",6.339,,,13,13
O_tau=1.6,3,1.045132e-01,1.491569e-01,"(0, (2, 2, 2, 2, 3))",6.362,,,13,13
O_tau=1.6,3,1.061538e-01,1.489185e-01,"(0, (2, 2, 2, 2, 3))",6.385,,,12,12
O_tau=1.6,3,1.078202e-01,1.486773e-01,"(0, (2, 2, 2, 2, 3))",6.408,,,12,12
O_tau=1.6,3,1.095127e-01,1.484333e-01,"(0, (2, 2, 2, 2, 3))",6.430,,,12,12
O_tau=1.6,3,1.112317e-01,1.481864e-01,"(0, (2, 2, 2, 2, 3))",6.452,,,11,11
O_tau=1.6,3,1.129778e-01,1.479367e-01,"(0, (2, 2, 2, 2, 3))",6.473,,,11,11
O_tau=1.6,3,1.147512e-01,1.476841e-01,"(0, (2, 2, 2, 2, 3))",6.494,,,11,11
O_tau=1.6,3,1.165525e-01,1.474286e-01,"(0, (2, 2, 2, 2, 3))",6.515,,,11,11
O_tau=1.6,3,1.183821e-01,1.471702e-01,"(0, (2, 2, 2, 2, 3))",6.535,,,10,10
O_tau=1.6,3,1.202404e-01,1.469088e-01,"(0, (2, 2, 2, 2, 3))",6.556,,,10,10
O_tau=1.6,3,1.221278e-01,1.466445e-01,"(0, (2, 2, 2, 2, 3))",6.575,,,10,10
O_tau=1.6,3,1.240449e-01,1.463771e-01,"(0, (2, 2, 2, 2, 3))",6.595,,,10,10
O_tau=1.6,3,1.259921e-01,1.461068e-01,"(0, (2, 2, 2, 2, 3))",6.614,,,9,9
O_tau=1.6,3,1.279699e-01,1.458334e-01,"(0, (2, 2, 2, 2, 3))",6.633,,,9,9
O_tau=1.6,3,1.299786e-01,1.455570e-01,"(0, (2, 2, 2, 2, 3))",6.651,,,9,9
O_tau=1.6,3,1.320190e-01,1.452776e-01,"(0, (2, 2, 2, 2, 3))",6.669,,,,9
O_tau=1.6,3,1.340913e-01,1.449950e-01,"(0, (2, 2, 2, 2, 3))",6.687,,,,8
O_tau=1.6,3,1.361962e-01,1.447093e-01,"(0, (2, 2, 2, 2, 3))",6.705,,,,8
O_tau=1.6,3,1.383341e-01,1.444205e-01,"(0, (2, 2, 2, 2, 3))",6.722,,,,8
O_tau=1.6,3,1.405056e-01,1.441286e-01,"(0, (2, 2, 2, 2, 3))",6.740,,,,8
O_tau=1.6,3,1.427112e-01,1.438335e-01,"(0, (2, 2, 2, 2, 3))",6.756,,,,7
O_tau=1.6,3,1.449514e-01,1.435352e-01,"(0, (2, 2, 2, 2, 3))",6.773,,,,7
O_tau=1.6,3,1.472267e-01,1.432336e-01,"(0, (2, 2, 2, 2, 3))",6.789,,,,7
O_tau=1.6,3,1.495378e-01,1.429289e-01,"(0, (2, 2, 2, 2, 3))",6.805,,,,6
O_tau=1.6,3,1.518852e-01,1.426210e-01,"(0, (2, 2, 2, 2, 3))",6.821,,,,6
O_tau=1.6,3,1.542694e-01,1.423097e-01,"(0, (2, 2, 2, 2, 3))",6.837,,,,6
O_tau=1.6,3,1.566910e-01,1.419952e-01,"(0, (2, 2, 2, 2, 3))",6.852,,,,6
O_tau=1.6,3,1.591506e-01,1.416774e-01,"(0, (2, 2, 2, 2, 3))",6.867,,,,6
O_tau=1.6,3,1.616489e-01,1.413563e-01,"(0, (2, 2, 2, 2, 3))",6.882,,,,6
O_tau=1.6,3,1.641863e-01,1.410319e-01,"(0, (2, 2, 2, 2, 3))",6.897,,,,6
O_tau=1.6,3,1.667636e-01,1.407042e-01,"(0, (2, 2, 2, 2, 3))",6.911,,,,6
O_tau=1.6,3,1.693814e-01,1.403730e-01,"(0, (2, 2, 2, 2, 3))",6.925,,,,6
O_tau=1.6,3,1.720402e-01,1.400385e-01,"(0, (2, 2, 2, 2, 3))",6.939,,,,6
O_tau=1.6,3,1.747408e-01,1.397007e-01,"(0, (2, 2, 2, 2, 3))",6.953,,,,5
O_tau=1.6,3,1.774838e-01,1.393594e-01,"(0, (2, 2, 2, 2, 3))",6.967,,,,5
O_tau=1.6,3,1.802698e-01,1.390147e-01,"(0, (2, 2, 2, 2, 3))",6.980,,,,5
O_tau=1.6,3,1.830996e-01,1.386665e-01,"(0, (2, 2, 2, 2, 3))",6.993,,,,5
O_tau=1.6,3,1.859738e-01,1.383149e-01,"(0, (2, 2, 2, 2, 3))",7.006,,,,5
O_tau=1.6,3,1.888931e-01,1.379599e-01,"(0, (2, 2, 2, 2, 3))",7.019,,,,5
O_tau=1.6,3,1.918582e-01,1.376014e-01,"(0, (2, 2, 2, 2, 3))",7.032,,,,5
O_tau=1.6,3,1.948699e-01,1.372394e-01,"(0, (2, 2, 2, 2, 3))",7.044,,,,5
O_tau=1.6,3,1.979288e-01,1.368739e-01,"(0, (2, 2, 2, 2, 3))",7.056,,,,5
O_tau=1.6,3,2.010358e-01,1.365048e-01,"(0, (2, 2, 2, 2, 3))",7.068,,,,5
O_tau=1.6,3,2.041915e-01,1.361323e-01,"(0, (2, 2, 2, 2, 3))",7.080,,,,5
O_tau=1.6,3,2.073968e-01,1.357562e-01,"(0, (2, 2, 2, 2, 3))",7.092,,,,4
O_tau=1.6,3,2.106524e-01,1.353766e-01,"(0, (2, 2, 2, 2, 3))",7.104,,,,4
O_tau=1.6,3,2.139591e-01,1.349935e-01,"(0, (2, 2, 2, 2, 3))",7.115,,,,4
O_tau=1.6,3,2.173177e-01,1.346068e-01,"(0, (2, 2, 2, 2, 3))",7.126,,,,4
O_tau=1.6,3,2.207290e-01,1.342165e-01,"(0, (2, 2, 2, 2, 3))",7.138,,,,4
O_tau=1.6,3,2.241939e-01,1.338226e-01,"(0, (2, 2, 2, 2, 3))",7.149,,,,4
O_tau=1.6,3,2.277131e-01,1.334251e-01,"(0, (2, 2, 2, 2, 3))",7.159,,,,4
O_tau=1.6,3,2.312876e-01,1.330241e-01,"(0, (2, 2, 2, 2, 3))",7.170,,,,3
O_tau=1.6,3,2.349183e-01,1.326194e-01,"(0, (2, 2, 2, 2, 3))",7.181,,,,3
O_tau=1.6,3,2.386059e-01,1.322112e-01,"(0, (2, 2, 2, 2, 3))",7.191,,,,3
O_tau=1.6,3,2.423513e-01,1.317993e-01,"(0, (2, 2, 2, 2, 3))",7.201,,,,3
O_tau=1.6,3,2.461556e-01,1.313838e-01,"(0, (2, 2, 2, 2, 3))",7.212,,,,3
O_tau=1.6,3,2.500196e-01,1.309646e-01,"(0, (2, 2, 2, 2, 3))",7.222,,,,3
O_tau=1.6,3,2.539443e-01,1.305419e-01,"(0, (2, 2, 2, 2, 3))",7.232,,,,3
O_tau=1.6,3,2.579305e-01,1.301155e-01,"(0, (2, 2, 2, 2, 3))",7.241,,,,3
O_tau=1.6,3,2.619794e-01,1.296855e-01,"(0, (2, 2, 2, 2, 3))",7.251,,,,3
O_tau=1.6,3,2.660918e-01,1.292518e-01,"(0, (2, 2, 2, 2, 3))",7.261,,,,3
O_tau=1.6,3,2.702687e-01,1.288145e-01,"(0, (2, 2, 2, 2, 3))",7.270,,,,3
O_tau=1.6,3,2.745112e-01,1.283735e-01,"(0, (2, 2, 2, 2, 3))",7.280,,,,3
O_tau=1.6,3,2.788203e-01,1.279289e-01,"(0, (2, 2, 2, 2, 3))",7.289,,,,3
O_tau=1.6,3,2.831971e-01,1.274807e-01,"(0, (2, 2, 2, 2, 3))",7.298,,,,3
O_tau=1.6,3,2.876426e-01,1.270288e-01,"(0, (2, 2, 2, 2, 3))",7.307,,,,3
O_tau=1.6,3,2.921578e-01,1.265733e-01,"(0, (2, 2, 2, 2, 3))",7.317,,,,2
O_tau=1.6,3,2.967439e-01,1.261141e-01,"(0, (2, 2, 2, 2, 3))",7.325,,,,2
O_tau=1.6,3,3.014020e-01,1.256513e-01,"(0, (2, 2, 2, 2, 3))",7.334,,,,2
O_tau=1.6,3,3.061332e-01,1.251848e-01,"(0, (2, 2, 2, 2, 3))",7.343,,,,2
O_tau=1.6,3,3.109387e-01,1.247147e-01,"(0, (2, 2, 2, 2, 3))",7.352,,,,2
O_tau=1.6,3,3.158196e-01,1.242410e-01,"(0, (2, 2, 2, 2, 3))",7.361,,,,2
O_tau=1.6,3,3.207772e-01,1.237637e-01,"(0, (2, 2, 2, 2, 3))",7.369,,,,2
O_tau=1.6,3,3.258126e-01,1.232827e-01,"(0, (2, 2, 2, 2, 3))",7.378,,,,2
O_tau=1.6,3,3.309270e-01,1.227981e-01,"(0, (2, 2, 2, 2, 3))",7.386,,,,2
O_tau=1.6,3,3.361217e-01,1.223100e-01,"(0, (2, 2, 2, 2, 3))",7.395,,,,2
O_tau=1.6,3,3.413979e-01,1.218182e-01,"(0, (2, 2, 2, 2, 3))",7.403,,,,2
O_tau=1.6,3,3.467569e-01,1.213228e-01,"(0, (2, 2, 2, 2, 3))",7.411,,,,2
O_tau=1.6,3,3.522001e-01,1.208239e-01,"(0, (2, 2, 2, 2, 3))",7.547,,,,2
O_tau=1.6,3,3.577287e-01,1.203213e-01,"(0, (2, 2, 2, 2, 3))",7.557,,,,2
O_tau=1.6,3,3.633441e-01,1.198152e-01,"(0, (2, 2, 2, 2, 3))",7.568,,,,2
O_tau=1.6,3,3.690477e-01,1.193056e-01,"(0, (2, 2, 2, 2, 3))",7.578,,,,2
O_tau=1.6,3,3.748408e-01,1.187924e-01,"(0, (2, 2, 2, 2, 3))",7.589,,,,2
O_tau=1.6,3,3.807248e-01,1.182757e-01,"(0, (2, 2, 2, 2, 3))",7.600,,,,2
O_tau=1.6,3,3.867012e-01,1.177555e-01,"(0, (2, 2, 2, 2, 3))",7.611,,,,2
O_tau=1.6,3,3.927714e-01,1.172318e-01,"(0, (2, 2, 2, 2, 3))",7.622,,,,2
O_tau=1.6,3,3.989369e-01,1.167046e-01,"(0, (2, 2, 2, 2, 3))",7.633,,,,2
O_tau=1.6,3,4.051991e-01,1.161739e-01,"(0, (2, 2, 2, 2, 3))",7.645,,,,2
O_tau=1.6,3,4.115597e-01,1.156397e-01,"(0, (2, 2, 2, 2, 3))",7.657,,,,2
O_tau=1.6,3,4.180201e-01,1.151022e-01,"(0, (2, 2, 2, 2, 3))",7.668,,,,2
O_tau=1.6,3,4.245820e-01,1.145612e-01,"(0, (2, 2, 2, 2, 3))",7.681,,,,2
O_tau=1.6,3,4.312468e-01,1.140168e-01,"(0, (2, 2, 2, 2, 3))",7.693,,,,2
O_tau=1.6,3,4.380162e-01,1.134690e-01,"(0, (2, 2, 2, 2, 3))",7.705,,,,2
O_tau=1.6,3,4.448919e-01,1.129179e-01,"(0, (2, 2, 2, 2, 3))",7.718,,,,2
O_tau=1.6,3,4.518756e-01,1.123634e-01,"(0, (2, 2, 2, 2, 3))",7.731,,,,2
O_tau=1.6,3,4.589688e-01,1.118056e-01,"(0, (2, 2, 2, 2, 3))",7.744,,,,2
O_tau=1.6,3,4.661735e-01,1.112445e-01,"(0, (2, 2, 2, 2, 3))",7.757,,,,2
O_tau=1.6,3,4.734912e-01,1.106801e-01,"(0, (2, 2, 2, 2, 3))",7.771,,,,2
O_tau=1.6,3,4.809237e-01,1.101124e-01,"(0, (2, 2, 2, 2, 3))",7.785,,,,2
O_tau=1.6,3,4.884730e-01,1.095416e-01,"(0, (2, 2, 2, 2, 3))",7.798,,,,2
O_tau=1.6,3,4.961407e-01,1.089675e-01,"(0, (2, 2, 2, 2, 3))",7.813,,,,2
O_tau=1.6,3,5.039289e-01,1.083903e-01,"(0, (2, 2, 2, 2, 3))",7.827,,,,2
O_tau=1.6,3,5.118392e-01,1.078099e-01,"(0, (2, 2, 2, 2, 3))",7.842,,,,2
O_tau=1.6,3,5.198738e-01,1.072263e-01,"(0, (2, 2, 2, 2, 3))",7.856,,,,2
O_tau=1.6,3,5.280344e-01,1.066397e-01,"(0, (2, 2, 2, 2, 3))",7.872,,,,2
O_tau=1.6,3,5.363232e-01,1.060500e-01,"(0, (2, 2, 2, 2, 3))",7.887,,,,2
O_tau=1.6,3,5.447421e-01,1.054573e-01,"(0, (2, 2, 2, 2, 3))",7.902,,,,2
O_tau=1.6,3,5.532931e-01,1.048615e-01,"(0, (2, 2, 2, 2, 3))",7.918,,,,2
O_tau=1.6,3,5.619783e-01,1.042628e-01,"(0, (2, 2, 2, 2, 3))",7.934,,,,2
O_tau=1.6,3,5.707999e-01,1.036612e-01,"(0, (2, 2, 2, 2, 3))",7.950,,,,2
O_tau=1.6,3,5.797600e-01,1.030566e-01,"(0, (2, 2, 2, 2, 3))",7.967,,,,2
O_tau=1.6,3,5.888607e-01,1.024491e-01,"(0, (2, 2, 2, 2, 3))",7.984,,,,2
O_tau=1.6,3,5.981043e-01,1.018388e-01,"(0, (2, 2, 2, 2, 3))",8.001,,,,2
O_tau=1.6,3,6.074930e-01,1.012257e-01,"(0, (2, 2, 2, 2, 3))",8.018,,,,2
O_tau=1.6,3,6.170290e-01,1.006099e-01,"(0, (2, 2, 2, 2, 3))",8.036,,,,2
O_tau=1.6,3,6.267148e-01,9.999124e-02,"(0, (2, 2, 2, 2, 3))",8.054,,,,2
O_tau=1.6,3,6.365525e-01,9.936993e-02,"(0, (2, 2, 2, 2, 3))",8.072,,,,2
O_tau=1.6,3,6.465448e-01,9.874594e-02,"(0, (2, 2, 2, 2, 3))",8.090,,,,1
O_tau=1.6,3,6.566938e-01,9.811934e-02,"(0, (2, 2, 2, 2, 3))",8.109,,,,1
O_tau=1.6,3,6.670022e-01,9.749015e-02,"(0, (2, 2, 2, 2, 3))",8.128,,,,1
O_tau=1.6,3,6.774724e-01,9.685841e-02,"(0, (2, 2, 2, 2, 3))",8.147,,,,1
O_tau=1.6,3,6.881069e-01,9.622417e-02,"(0, (2, 2, 2, 2, 3))",8.167,,,,1
O_tau=1.6,3,6.989084e-01,9.558747e-02,"(0, (2, 2, 2, 2, 3))",8.187,,,,1
O_tau=1.6,3,7.098795e-01,9.494835e-02,"(0, (2, 2, 2, 2, 3))",8.207,,,,1
O_tau=1.6,3,7.210227e-01,9.430685e-02,"(0, (2, 2, 2, 2, 3))",8.228,,,,1
O_tau=1.6,3,7.323409e-01,9.366302e-02,"(0, (2, 2, 2, 2, 3))",8.249,,,,1
O_tau=1.6,3,7.438367e-01,9.301690e-02,"(0, (2, 2, 2, 2, 3))",8.270,,,,1
O_tau=1.6,3,7.555130e-01,9.236854e-02,"(0, (2, 2, 2, 2, 3))",8.291,,,,1
O_tau=1.6,3,7.673726e-01,9.171798e-02,"(0, (2, 2, 2, 2, 3))",8.313,,,,1
O_tau=1.6,3,7.794184e-01,9.106527e-02,"(0, (2, 2, 2, 2, 3))",8.336,,,,1
O_tau=1.6,3,7.916532e-01,9.041045e-02,"(0, (2, 2, 2, 2, 3))",8.358,,,,1
O_tau=1.6,3,8.040801e-01,8.975358e-02,"(0, (2, 2, 2, 2, 3))",8.381,,,,1
O_tau=1.6,3,8.167020e-01,8.909471e-02,"(0, (2, 2, 2, 2, 3))",8.404,,,,1
O_tau=1.6,3,8.295221e-01,8.843388e-02,"(0, (2, 2, 2, 2, 3))",8.428,,,,1
O_tau=1.6,3,8.425434e-01,8.777114e-02,"(0, (2, 2, 2, 2, 3))",8.452,,,,1
O_tau=1.6,3,8.557692e-01,8.710654e-02,"(0, (2, 2, 2, 2, 3))",8.476,,,,1
O_tau=1.6,3,8.692025e-01,8.644014e-02,"(0, (2, 2, 2, 2, 3))",8.501,,,,1
O_tau=1.6,3,8.828467e-01,8.577199e-02,"(0, (2, 2, 2, 2, 3))",8.526,,,,1
O_tau=1.6,3,8.967051e-01,8.510214e-02,"(0, (2, 2, 2, 2, 3))",8.552,,,,1
O_tau=1.6,3,9.107810e-01,8.443065e-02,"(0, (2, 2, 2, 2, 3))",8.578,,,,1
O_tau=1.6,3,9.250779e-01,8.375756e-02,"(0, (2, 2, 2, 2, 3))",8.604,,,,1
O_tau=1.6,3,9.395992e-01,8.308294e-02,"(0, (2, 2, 2, 2, 3))",8.631,,,,1
O_tau=1.6,3,9.543485e-01,8.240684e-02,"(0, (2, 2, 2, 2, 3))",8.658,,,,1
O_tau=1.6,3,9.693293e-01,8.172931e-02,"(0, (2, 2, 2, 2, 3))",8.686,,,,1
O_tau=1.6,3,9.845452e-01,8.105042e-02,"(0, (2, 2, 2, 2, 3))",8.714,,,,1
O_tau=1.6,3,1.000000e+00,8.037022e-02,"(0, (2, 2, 2, 2, 3))",8.743,,,,1
O_tau=1.6,12,1.000000e-05,8.333153e-02,"(0, (2, 3, 4, 4))",-16966.324,,,,
O_tau=1.6,12,1.017818e-05,8.333150e-02,"(0, (2, 3, 4, 4))",-16669.141,,,,
O_tau=1.6,12,1.035953e-05,8.333146e-02,"(0, (2, 3, 4, 4))",-16377.161,,,,
O_tau=1.6,12,1.054412e-05,8.333143e-02,"(0, (2, 3, 4, 4))",-16090.293,,,,
O_tau=1.6,12,1.073199e-05,8.333140e-02,"(0, (2, 3, 4, 4))",-15808.446,,,,
O_tau=1.6,12,1.092322e-05,8.333136e-02,"(0, (2, 3, 4, 4))",-15531.534,,,,
O_tau=1.6,12,1.111784e-05,8.333133e-02,"(0, (2, 3, 4, 4))",-15259.469,,,,
O_tau=1.6,12,1.131594e-05,8.333129e-02,"(0, (2, 3, 4, 4))",-14992.167,,,,
O_tau=1.6,12,1.151757e-05,8.333125e-02,"(0, (2, 3, 4, 4))",-14729.544,,,,
O_tau=1.6,12,1.172279e-05,8.333122e-02,"(0, (2, 3, 4, 4))",-14471.519,,,,
O_tau=1.6,12,1.193166e-05,8.333118e-02,"(0, (2, 3, 4, 4))",-14218.011,,,,
O_tau=1.6,12,1.214426e-05,8.333114e-02,"(0, (2, 3, 4, 4))",-13968.941,,,,
O_tau=1.6,12,1.236065e-05,8.333110e-02,"(0, (2, 3, 4, 4))",-13724.232,,,,
O_tau=1.6,12,1.258089e-05,8.333106e-02,"(0, (2, 3, 4, 4))",-13483.806,,,,
O_tau=1.6,12,1.280505e-05,8.333102e-02,"(0, (2, 3, 4, 4))",-13247.589,,,,
O_tau=1.6,12,1.303321e-05,8.333098e-02,"(0, (2, 3, 4, 4))",-13015.508,,,,
O_tau=1.6,12,1.326544e-05,8.333094e-02,"(0, (2, 3, 4, 4))",-12787.489,,,,
O_tau=1.6,12,1.350180e-05,8.333090e-02,"(0, (2, 3, 4, 4))",-12563.462,,,,
O_tau=1.6,12,1.374238e-05,8.333085e-02,"(0, (2, 3, 4, 4))",-12343.358,,,,
O_tau=1.6,12,1.398724e-05,8.333081e-02,"(0, (2, 3, 4, 4))",-12127.106,,,,
O_tau=1.6,12,1.423646e-05,8.333076e-02,"(0, (2, 3, 4, 4))",-11914.640,,,,
O_tau=1.6,12,1.449012e-05,8.333072e-02,"(0, (2, 3, 4, 4))",-11705.894,,,,
O_tau=1.6,12,1.474831e-05,8.333067e-02,"(0, (2, 3, 4, 4))",-11500.802,,,,
O_tau=1.6,12,1.501109e-05,8.333062e-02,"(0, (2, 3, 4, 4))",-11299.300,,,,
O_tau=1.6,12,1.527856e-05,8.333057e-02,"(0, (2, 3, 4, 4))",-11101.326,,,,
O_tau=1.6,12,1.555079e-05,8.333053e-02,"(0, (2, 3, 4, 4))",-10906.818,,,,
O_tau=1.6,12,1.582787e-05,8.333048e-02,"(0, (2, 3, 4, 4))",-10715.714,,,,
O_tau=1.6,12,1.610989e-05,8.333042e-02,"(0, (2, 3, 4, 4))",-10527.957,,,,
O_tau=1.6,12,1.639694e-05,8.333037e-02,"(0, (2, 3, 4, 4))",-10343.486,,,,
O_tau=1.6,12,1.668910e-05,8.333032e-02,"(0, (2, 3, 4, 4))",-10162.245,,,,
O_tau=1.6,12,1.698646e-05,8.333027e-02,"(0, (2, 3, 4, 4))",-9984.177,,,,
O_tau=1.6,12,1.728913e-05,8.333021e-02,"(0, (2, 3, 4, 4))",-9809.226,,,,
O_tau=1.6,12,1.759718e-05,8.333016e-02,"(0, (2, 3, 4, 4))",-9637.337,,,,
O_tau=1.6,12,1.791073e-05,8.333010e-02,"(0, (2, 3, 4, 4))",-9468.458,,,,
O_tau=1.6,12,1.822986e-05,8.333004e-02,"(0, (2, 3, 4, 4))",-9302.536,,,,
O_tau=1.6,12,1.855468e-05,8.332998e-02,"(0, (2, 3, 4, 4))",-9139.518,,,,
O_tau=1.6,12,1.888529e-05,8.332992e-02,"(0, (2, 3, 4, 4))",-8979.354,,,,
O_tau=1.6,12,1.922178e-05,8.332986e-02,"(0, (2, 3, 4, 4))",-8821.993,,,,
O_tau=1.6,12,1.956428e-05,8.332980e-02,"(0, (2, 3, 4, 4))",-8667.388,,,,
O_tau=1.6,12,1.991287e-05,8.332974e-02,"(0, (2, 3, 4, 4))",-8515.489,,,,
O_tau=1.6,12,2.026768e-05,8.332967e-02,"(0, (2, 3, 4, 4))",-8366.250,,,,
O_tau=1.6,12,2.062881e-05,8.332961e-02,"(0, (2, 3, 4, 4))",-8219.623,,,,
O_tau=1.6,12,2.099637e-05,8.332954e-02,"(0, (2, 3, 4, 4))",-8075.563,,,,
O_tau=1.6,12,2.137048e-05,8.332948e-02,"(0, (2, 3, 4, 4))",-7934.025,,,,
O_tau=1.6,12,2.175126e-05,8.332941e-02,"(0, (2, 3, 4, 4))",-7794.965,,,,
O_tau=1.6,12,2.213882e-05,8.332934e-02,"(0, (2, 3, 4, 4))",-7658.339,,,,
O_tau=1.6,12,2.253329e-05,8.332927e-02,"(0, (2, 3, 4, 4))",-7524.105,,,,
O_tau=1.6,12,2.293479e-05,8.332919e-02,"(0, (2, 3, 4, 4))",-7392.221,,,,
O_tau=1.6,12,2.334344e-05,8.332912e-02,"(0, (2, 3, 4, 4))",-7262.646,,,,
O_tau=1.6,12,2.375937e-05,8.332904e-02,"(0, (2, 3, 4, 4))",-7135.339,,,,
O_tau=1.6,12,2.418271e-05,8.332897e-02,"(0, (2, 3, 4, 4))",-7010.261,,,,
O_tau=1.6,12,2.461360e-05,8.332889e-02,"(0, (2, 3, 4, 4))",-6887.373,,,,
O_tau=1.6,12,2.505216e-05,8.332881e-02,"(0, (2, 3, 4, 4))",-6766.636,,,,
O_tau=1.6,12,2.549854e-05,8.332873e-02,"(0, (2, 3, 4, 4))",-6648.013,,,,
O_tau=1.6,12,2.595287e-05,8.332865e-02,"(0, (2, 3, 4, 4))",-6531.466,,,,
O_tau=1.6,12,2.641530e-05,8.332856e-02,"(0, (2, 3, 4, 4))",-6416.960,,,,
O_tau=1.6,12,2.688596e-05,8.332848e-02,"(0, (2, 3, 4, 4))",-6304.459,,,,
O_tau=1.6,12,2.736502e-05,8.332839e-02,"(0, (2, 3, 4, 4))",-6193.927,,,,
O_tau=1.6,12,2.785260e-05,8.332830e-02,"(0, (2, 3, 4, 4))",-6085.330,,,,
O_tau=1.6,12,2.834888e-05,8.332822e-02,"(0, (2, 3, 4, 4))",-5978.634,,,,
O_tau=1.6,12,2.885400e-05,8.332812e-02,"(0, (2, 3, 4, 4))",-5873.806,,,,
O_tau=1.6,12,2.936812e-05,8.332803e-02,"(0, (2, 3, 4, 4))",-5770.813,,,,
O_tau=1.6,12,2.989140e-05,8.332794e-02,"(0, (2, 3, 4, 4))",-5669.623,,,,
O_tau=1.6,12,3.042400e-05,8.332784e-02,"(0, (2, 3, 4, 4))",-5570.205,,,,
O_tau=1.6,12,3.096609e-05,8.332774e-02,"(0, (2, 3, 4, 4))",-5472.527,,,,
O_tau=1.6,12,3.151784e-05,8.332764e-02,"(0, (2, 3, 4, 4))",-5376.559,,,,
O_tau=1.6,12,3.207943e-05,8.332754e-02,"(0, (2, 3, 4, 4))",-5282.272,,,,
O_tau=1.6,12,3.265102e-05,8.332744e-02,"(0, (2, 3, 4, 4))",-5189.635,,,,
O_tau=1.6,12,3.323279e-05,8.332733e-02,"(0, (2, 3, 4, 4))",-5098.620,,,,
O_tau=1.6,12,3.382493e-05,8.332723e-02,"(0, (2, 3, 4, 4))",-5009.198,,,,
O_tau=1.6,12,3.442762e-05,8.332712e-02,"(0, (2, 3, 4, 4))",-4921.341,,,,
O_tau=1.6,12,3.504105e-05,8.332701e-02,"(0, (2, 3, 4, 4))",-4835.023,,,,
O_tau=1.6,12,3.566541e-05,8.332689e-02,"(0, (2, 3, 4, 4))",-4750.216,,,,
O_tau=1.6,12,3.630089e-05,8.332678e-02,"(0, (2, 3, 4, 4))",-4666.894,,,,
O_tau=1.6,12,3.694770e-05,8.332666e-02,"(0, (2, 3, 4, 4))",-4585.030,,,,
O_tau=1.6,12,3.760603e-05,8.332654e-02,"(0, (2, 3, 4, 4))",-4504.599,,,,
O_tau=1.6,12,3.827609e-05,8.332642e-02,"(0, (2, 3, 4, 4))",-4425.577,,,,
O_tau=1.6,12,3.895809e-05,8.332630e-02,"(0, (2, 3, 4, 4))",-4347.938,,,,
O_tau=1.6,12,3.965225e-05,8.332617e-02,"(0, (2, 3, 4, 4))",-4271.658,,,,
O_tau=1.6,12,4.035877e-05,8.332605e-02,"(0, (2, 3, 4, 4))",-4196.714,,,,
O_tau=1.6,12,4.107788e-05,8.332592e-02,"(0, (2, 3, 4, 4))",-4123.081,,,,
O_tau=1.6,12,4.180980e-05,8.332579e-02,"(0, (2, 3, 4, 4))",-4050.738,,,,
O_tau=1.6,12,4.255477e-05,8.332565e-02,"(0, (2, 3, 4, 4))",-3979.661,,,,
O_tau=1.6,12,4.331300e-05,8.332551e-02,"(0, (2, 3, 4, 4))",-3909.829,,,,
O_tau=1.6,12,4.408475e-05,8.332537e-02,"(0, (2, 3, 4, 4))",-3841.219,,,,
O_tau=1.6,12,4.487025e-05,8.332523e-02,"(0, (2, 3, 4, 4))",-3773.811,,,,
O_tau=1.6,12,4.566975e-05,8.332509e-02,"(0, (2, 3, 4, 4))",-3707.582,,,,
O_tau=1.6,12,4.648349e-05,8.332494e-02,"(0, (2, 3, 4, 4))",-3642.513,,,,
O_tau=1.6,12,4.731173e-05,8.332479e-02,"(0, (2, 3, 4, 4))",-3578.583,,,,
O_tau=1.6,12,4.815472e-05,8.332464e-02,"(0, (2, 3, 4, 4))",-3515.772,,,,
O_tau=1.6,12,4.901274e-05,8.332449e-02,"(0, (2, 3, 4, 4))",-3454.061,,,,
O_tau=1.6,12,4.988605e-05,8.332433e-02,"(0, (2, 3, 4, 4))",-3393.430,,,,
O_tau=1.6,12,5.077491e-05,8.332417e-02,"(0, (2, 3, 4, 4))",-3333.861,,,,
O_tau=1.6,12,5.167962e-05,8.332400e-02,"(0, (2, 3, 4, 4))",-3275.335,,,,
O_tau=1.6,12,5.260044e-05,8.332384e-02,"(0, (2, 3, 4, 4))",-3217.833,,,,
O_tau=1.6,12,5.353767e-05,8.332367e-02,"(0, (2, 3, 4, 4))",-3161.338,,,,
O_tau=1.6,12,5.449160e-05,8.332350e-02,"(0, (2, 3, 4, 4))",-3105.832,,,,
O_tau=1.6,12,5.546253e-05,8.332332e-02,"(0, (2, 3, 4, 4))",-3051.298,,,,
O_tau=1.6,12,5.645076e-05,8.332314e-02,"(0, (2, 3, 4, 4))",-2997.719,,,,
O_tau=1.6,12,5.745660e-05,8.332296e-02,"(0, (2, 3, 4, 4))",-2945.077,,,,
O_tau=1.6,12,5.848035e-05,8.332278e-02,"(0, (2, 3, 4, 4))",-2893.357,,,,
O_tau=1.6,12,5.952235e-05,8.332259e-02,"(0, (2, 3, 4, 4))",-2842.543,,,,
O_tau=1.6,12,6.058292e-05,8.332240e-02,"(0, (2, 3, 4, 4))",-2792.618,,,,
O_tau=1.6,12,6.166238e-05,8.332220e-02,"(0, (2, 3, 4, 4))",-2743.568,,,,
O_tau=1.6,12,6.276108e-05,8.332200e-02,"(0, (2, 3, 4, 4))",-2695.376,,,,
O_tau=1.6,12,6.387935e-05,8.332180e-02,"(0, (2, 3, 4, 4))",-2648.028,,,,
O_tau=1.6,12,6.501755e-05,8.332160e-02,"(0, (2, 3, 4, 4))",-2601.508,,,,
O_tau=1.6,12,6.617603e-05,8.332139e-02,"(0, (2, 3, 4, 4))",-2555.803,,,,
O_tau=1.6,12,6.735515e-05,8.332117e-02,"(0, (2, 3, 4, 4))",-2510.899,,,,
O_tau=1.6,12,6.855528e-05,8.332096e-02,"(0, (2, 3, 4, 4))",-2466.780,,,,
O_tau=1.6,12,6.977679e-05,8.332074e-02,"(0, (2, 3, 4, 4))",-2423.434,,,,
O_tau=1.6,12,7.102007e-05,8.332051e-02,"(0, (2, 3, 4, 4))",-2380.847,,,,
O_tau=1.6,12,7.228550e-05,8.332029e-02,"(0, (2, 3, 4, 4))",-2339.006,,,,
O_tau=1.6,12,7.357348e-05,8.332005e-02,"(0, (2, 3, 4, 4))",-2297.896,,,,
O_tau=1.6,12,7.488441e-05,8.331982e-02,"(0, (2, 3, 4, 4))",-2257.507,,,,
O_tau=1.6,12,7.621869e-05,8.331958e-02,"(0, (2, 3, 4, 4))",-2217.825,,,,
O_tau=1.6,12,7.757675e-05,8.331933e-02,"(0, (2, 3, 4, 4))",-2178.838,,,,
O_tau=1.6,12,7.895901e-05,8.331908e-02,"(0, (2, 3, 4, 4))",-2140.533,,,,
O_tau=1.6,12,8.036590e-05,8.331883e-02,"(0, (2, 3, 4, 4))",-2102.898,,,,
O_tau=1.6,12,8.179785e-05,8.331857e-02,"(0, (2, 3, 4, 4))",-2065.923,,,,
O_tau=1.6,12,8.325532e-05,8.331831e-02,"(0, (2, 3, 4, 4))",-2029.595,,,,
O_tau=1.6,12,8.473876e-05,8.331804e-02,"(0, (2, 3, 4, 4))",-1993.903,,,,
O_tau=1.6,12,8.624863e-05,8.331777e-02,"(0, (2, 3, 4, 4))",-1958.836,,,,
O_tau=1.6,12,8.778540e-05,8.331749e-02,"(0, (2, 3, 4, 4))",-1924.383,,,,
O_tau=1.6,12,8.934956e-05,8.331721e-02,"(0, (2, 3, 4, 4))",-1890.533,,,,
O_tau=1.6,12,9.094158e-05,8.331692e-02,"(0, (2, 3, 4, 4))",-1857.276,,,,
O_tau=1.6,12,9.256197e-05,8.331663e-02,"(0, (2, 3, 4, 4))",-1824.601,,,,
O_tau=1.6,12,9.421124e-05,8.331633e-02,"(0, (2, 3, 4, 4))",-1792.498,,,,
O_tau=1.6,12,9.588989e-05,8.331603e-02,"(0, (2, 3, 4, 4))",-1760.957,,,,
O_tau=1.6,12,9.759844e-05,8.331572e-02,"(0, (2, 3, 4, 4))",-1729.968,,,,
O_tau=1.6,12,9.933745e-05,8.331540e-02,"(0, (2, 3, 4, 4))",-1699.522,,,,
O_tau=1.6,12,1.011074e-04,8.331508e-02,"(0, (2, 3, 4, 4))",-1669.609,,,,
O_tau=1.6,12,1.029090e-04,8.331476e-02,"(0, (2, 3, 4, 4))",-1640.220,,,,
O_tau=1.6,12,1.047426e-04,8.331443e-02,"(0, (2, 3, 4, 4))",-1611.345,,,,
O_tau=1.6,12,1.066089e-04,8.331409e-02,"(0, (2, 3, 4, 4))",-1582.976,,,,
O_tau=1.6,12,1.085084e-04,8.331375e-02,"(0, (2, 3, 4, 4))",-1555.104,,,,
O_tau=1.6,12,1.104418e-04,8.331340e-02,"(0, (2, 3, 4, 4))",-1527.719,,,,
O_tau=1.6,12,1.124097e-04,8.331304e-02,"(0, (2, 3, 4, 4))",-1500.814,,,,
O_tau=1.6,12,1.144126e-04,8.331268e-02,"(0, (2, 3, 4, 4))",-1474.380,,,,
O_tau=1.6,12,1.164512e-04,8.331232e-02,"(0, (2, 3, 4, 4))",-1448.409,,,,
O_tau=1.6,12,1.185261e-04,8.331194e-02,"(0, (2, 3, 4, 4))",-1422.892,,,,
O_tau=1.6,12,1.206380e-04,8.331156e-02,"(0, (2, 3, 4, 4))",-1397.823,,,,
O_tau=1.6,12,1.227875e-04,8.331117e-02,"(0, (2, 3, 4, 4))",-1373.192,,,,
O_tau=1.6,12,1.249753e-04,8.331078e-02,"(0, (2, 3, 4, 4))",-1348.993,,,,
O_tau=1.6,12,1.272021e-04,8.331038e-02,"(0, (2, 3, 4, 4))",-1325.217,,,,
O_tau=1.6,12,1.294686e-04,8.330997e-02,"(0, (2, 3, 4, 4))",-1301.857,,,,
O_tau=1.6,12,1.317755e-04,8.330955e-02,"(0, (2, 3, 4, 4))",-1278.907,,,,
O_tau=1.6,12,1.341234e-04,8.330913e-02,"(0, (2, 3, 4, 4))",-1256.358,,,,
O_tau=1.6,12,1.365132e-04,8.330870e-02,"(0, (2, 3, 4, 4))",-1234.204,,,,
O_tau=1.6,12,1.389456e-04,8.330826e-02,"(0, (2, 3, 4, 4))",-1212.438,,,,
O_tau=1.6,12,1.414214e-04,8.330781e-02,"(0, (2, 3, 4, 4))",-1191.054,,,,
O_tau=1.6,12,1.439412e-04,8.330736e-02,"(0, (2, 3, 4, 4))",-1170.043,,,,
O_tau=1.6,12,1.465059e-04,8.330689e-02,"(0, (2, 3, 4, 4))",-1149.401,,,,
O_tau=1.6,12,1.491164e-04,8.330642e-02,"(0, (2, 3, 4, 4))",-1129.119,,,,
O_tau=1.6,12,1.517733e-04,8.330594e-02,"(0, (2, 3, 4, 4))",-1109.193,,,,
O_tau=1.6,12,1.544776e-04,8.330546e-02,"(0, (2, 3, 4, 4))",-1089.616,,,,
O_tau=1.6,12,1.572301e-04,8.330496e-02,"(0, (2, 3, 4, 4))",-1070.382,,,,
O_tau=1.6,12,1.600316e-04,8.330445e-02,"(0, (2, 3, 4, 4))",-1051.484,,,,
O_tau=1.6,12,1.628830e-04,8.330394e-02,"(0, (2, 3, 4, 4))",-1032.918,,,,
O_tau=1.6,12,1.657853e-04,8.330342e-02,"(0, (2, 3, 4, 4))",-1014.676,,,,
O_tau=1.6,12,1.687392e-04,8.330288e-02,"(0, (2, 3, 4, 4))",-996.754,,,,
O_tau=1.6,12,1.717458e-04,8.330234e-02,"(0, (2, 3, 4, 4))",-979.146,,,,
O_tau=1.6,12,1.748059e-04,8.330179e-02,"(0, (2, 3, 4, 4))",-961.846,,,,
O_tau=1.6,12,1.779206e-04,8.330123e-02,"(0, (2, 3, 4, 4))",-944.849,,,,
O_tau=1.6,12,1.810908e-04,8.330066e-02,"(0, (2, 3, 4, 4))",-928.149,,,,
O_tau=1.6,12,1.843175e-04,8.330007e-02,"(0, (2, 3, 4, 4))",-911.742,,,,
O_tau=1.6,12,1.876016e-04,8.329948e-02,"(0, (2, 3, 4, 4))",-895.622,,,,
O_tau=1.6,12,1.909443e-04,8.329888e-02,"(0, (2, 3, 4, 4))",-879.785,,,,
O_tau=1.6,12,1.943465e-04,8.329827e-02,"(0, (2, 3, 4, 4))",-864.225,,,,
O_tau=1.6,12,1.978094e-04,8.329764e-02,"(0, (2, 3, 4, 4))",-848.937,,,,
O_tau=1.6,12,2.013339e-04,8.329701e-02,"(0, (2, 3, 4, 4))",-833.917,,,,
O_tau=1.6,12,2.049213e-04,8.329636e-02,"(0, (2, 3, 4, 4))",-819.160,,,,
O_tau=1.6,12,2.085726e-04,8.329570e-02,"(0, (2, 3, 4, 4))",-804.661,,,,
O_tau=1.6,12,2.122889e-04,8.329503e-02,"(0, (2, 3, 4, 4))",-790.416,,,,
O_tau=1.6,12,2.160715e-04,8.329435e-02,"(0, (2, 3, 4, 4))",-776.421,,,,
O_tau=1.6,12,2.199214e-04,8.329366e-02,"(0, (2, 3, 4, 4))",-762.671,,,,
O_tau=1.6,12,2.238399e-04,8.329295e-02,"(0, (2, 3, 4, 4))",-749.161,,,,
O_tau=1.6,12,2.278283e-04,8.329223e-02,"(0, (2, 3, 4, 4))",-735.888,,,,
O_tau=1.6,12,2.318877e-04,8.329150e-02,"(0, (2, 3, 4, 4))",-722.848,,,,
O_tau=1.6,12,2.360195e-04,8.329075e-02,"(0, (2, 3, 4, 4))",-710.036,,,,
O_tau=1.6,12,2.402249e-04,8.329000e-02,"(0, (2, 3, 4, 4))",-697.448,,,,
O_tau=1.6,12,2.445052e-04,8.328922e-02,"(0, (2, 3, 4, 4))",-685.081,,,,
O_tau=1.6,12,2.488618e-04,8.328844e-02,"(0, (2, 3, 4, 4))",-672.930,,,,
O_tau=1.6,12,2.532960e-04,8.328764e-02,"(0, (2, 3, 4, 4))",-660.992,,,,
O_tau=1.6,12,2.578092e-04,8.328683e-02,"(0, (2, 3, 4, 4))",-649.263,,,,
O_tau=1.6,12,2.624028e-04,8.328600e-02,"(0, (2, 3, 4, 4))",-637.739,,,,
O_tau=1.6,12,2.670783e-04,8.328515e-02,"(0, (2, 3, 4, 4))",-626.418,,,,
O_tau=1.6,12,2.718371e-04,8.328430e-02,"(0, (2, 3, 4, 4))",-615.294,,,,
O_tau=1.6,12,2.766807e-04,8.328342e-02,"(0, (2, 3, 4, 4))",-604.365,,,,
O_tau=1.6,12,2.816105e-04,8.328254e-02,"(0, (2, 3, 4, 4))",-593.628,,,,
O_tau=1.6,12,2.866283e-04,8.328163e-02,"(0, (2, 3, 4, 4))",-583.079,,,,
O_tau=1.6,12,2.917354e-04,8.328071e-02,"(0, (2, 3, 4, 4))",-572.714,,,,
O_tau=1.6,12,2.969335e-04,8.327977e-02,"(0, (2, 3, 4, 4))",-562.531,,,,
O_tau=1.6,12,3.022242e-04,8.327882e-02,"(0, (2, 3, 4, 4))",-552.527,,,,
O_tau=1.6,12,3.076093e-04,8.327785e-02,"(0, (2, 3, 4, 4))",-542.697,,,,
O_tau=1.6,12,3.130902e-04,8.327686e-02,"(0, (2, 3, 4, 4))",-533.040,,,,
O_tau=1.6,12,3.186688e-04,8.327586e-02,"(0, (2, 3, 4, 4))",-523.552,,,,
O_tau=1.6,12,3.243469e-04,8.327484e-02,"(0, (2, 3, 4, 4))",-514.230,,,,
O_tau=1.6,12,3.301261e-04,8.327379e-02,"(0, (2, 3, 4, 4))",-505.071,,,,
O_tau=1.6,12,3.360082e-04,8.327273e-02,"(0, (2, 3, 4, 4))",-496.072,,,,
O_tau=1.6,12,3.419952e-04,8.327166e-02,"(0, (2, 3, 4, 4))",-487.232,,,,
O_tau=1.6,12,3.480888e-04,8.327056e-02,"(0, (2, 3, 4, 4))",-478.546,,,,
O_tau=1.6,12,3.542911e-04,8.326944e-02,"(0, (2, 3, 4, 4))",-470.012,,,,
O_tau=1.6,12,3.606038e-04,8.326830e-02,"(0, (2, 3, 4, 4))",-461.627,,,,
O_tau=1.6,12,3.670290e-04,8.326715e-02,"(0, (2, 3, 4, 4))",-453.390,,,,
O_tau=1.6,12,3.735687e-04,8.326597e-02,"(0, (2, 3, 4, 4))",-445.297,,,,
O_tau=1.6,12,3.802249e-04,8.326477e-02,"(0, (2, 3, 4, 4))",-437.345,,,,
O_tau=1.6,12,3.869998e-04,8.326355e-02,"(0, (2, 3, 4, 4))",-429.533,,,,
O_tau=1.6,12,3.938953e-04,8.326231e-02,"(0, (2, 3, 4, 4))",-421.858,,,,
O_tau=1.6,12,4.009137e-04,8.326105e-02,"(0, (2, 3, 4, 4))",-414.317,,,,
O_tau=1.6,12,4.080572e-04,8.325976e-02,"(0, (2, 3, 4, 4))",-406.908,,,,
O_tau=1.6,12,4.153279e-04,8.325845e-02,"(0, (2, 3, 4, 4))",-399.629,,,,
O_tau=1.6,12,4.227282e-04,8.325712e-02,"(0, (2, 3, 4, 4))",-392.477,,,,
O_tau=1.6,12,4.302603e-04,8.325576e-02,"(0, (2, 3, 4, 4))",-385.451,,,,
O_tau=1.6,12,4.379267e-04,8.325438e-02,"(0, (2, 3, 4, 4))",-378.547,,,,
O_tau=1.6,12,4.457296e-04,8.325298e-02,"(0, (2, 3, 4, 4))",-371.765,,,,
O_tau=1.6,12,4.536716e-04,8.325155e-02,"(0, (2, 3, 4, 4))",-365.101,,,,
O_tau=1.6,12,4.617551e-04,8.325009e-02,"(0, (2, 3, 4, 4))",-358.554,,,,
O_tau=1.6,12,4.699826e-04,8.324861e-02,"(0, (2, 3, 4, 4))",-352.122,,,,
O_tau=1.6,12,4.783567e-04,8.324710e-02,"(0, (2, 3, 4, 4))",-345.803,,,,
O_tau=1.6,12,4.868801e-04,8.324557e-02,"(0, (2, 3, 4, 4))",-339.594,,,,
O_tau=1.6,12,4.955553e-04,8.324401e-02,"(0, (2, 3, 4, 4))",-333.494,,,,
O_tau=1.6,12,5.043850e-04,8.324242e-02,"(0, (2, 3, 4, 4))",-327.501,,,,
O_tau=1.6,12,5.133721e-04,8.324080e-02,"(0, (2, 3, 4, 4))",-321.612,,,,
O_tau=1.6,12,5.225194e-04,8.323916e-02,"(0, (2, 3, 4, 4))",-315.827,,,,
O_tau=1.6,12,5.318296e-04,8.323748e-02,"(0, (2, 3, 4, 4))",-310.144,,,,
O_tau=1.6,12,5.413057e-04,8.323578e-02,"(0, (2, 3, 4, 4))",-304.559,,,,
O_tau=1.6,12,5.509506e-04,8.323404e-02,"(0, (2, 3, 4, 4))",-299.073,,,,
O_tau=1.6,12,5.607674e-04,8.323228e-02,"(0, (2, 3, 4, 4))",-293.683,,,,
O_tau=1.6,12,5.707592e-04,8.323048e-02,"(0, (2, 3, 4, 4))",-288.387,,,,
O_tau=1.6,12,5.809289e-04,8.322865e-02,"(0, (2, 3, 4, 4))",-283.184,,,,
O_tau=1.6,12,5.912799e-04,8.322679e-02,"(0, (2, 3, 4, 4))",-278.072,,,,
O_tau=1.6,12,6.018153e-04,8.322490e-02,"(0, (2, 3, 4, 4))",-273.050,,,,
O_tau=1.6,12,6.125384e-04,8.322297e-02,"(0, (2, 3, 4, 4))",-268.115,,,,
O_tau=1.6,12,6.234525e-04,8.322101e-02,"(0, (2, 3, 4, 4))",-263.267,,,,
O_tau=1.6,12,6.345612e-04,8.321901e-02,"(0, (2, 3, 4, 4))",-258.505,,,,
O_tau=1.6,12,6.458677e-04,8.321698e-02,"(0, (2, 3, 4, 4))",-253.825,,,,
O_tau=1.6,12,6.573758e-04,8.321491e-02,"(0, (2, 3, 4, 4))",-249.227,,,,4420
O_tau=1.6,12,6.690889e-04,8.321280e-02,"(0, (2, 3, 4, 4))",-244.711,,,,4334
O_tau=1.6,12,6.810106e-04,8.321066e-02,"(0, (2, 3, 4, 4))",-240.273,,,,4249
O_tau=1.6,12,6.931448e-04,8.320848e-02,"(0, (2, 3, 4, 4))",-235.913,,,,4167
O_tau=1.6,12,7.054953e-04,8.320626e-02,"(0, (2, 3, 4, 4))",-231.629,,,4413,4085
O_tau=1.6,12,7.180657e-04,8.320400e-02,"(0, (2, 3, 4, 4))",-227.420,,,4328,4006
O_tau=1.6,12,7.308602e-04,8.320170e-02,"(0, (2, 3, 4, 4))",-223.285,,,4244,3927
O_tau=1.6,12,7.438826e-04,8.319936e-02,"(0, (2, 3, 4, 4))",-219.223,,,4162,3851
O_tau=1.6,12,7.571370e-04,8.319698e-02,"(0, (2, 3, 4, 4))",-215.232,,,4081,3776
O_tau=1.6,12,7.706277e-04,8.319456e-02,"(0, (2, 3, 4, 4))",-211.310,,,4002,3702
O_tau=1.6,12,7.843587e-04,8.319209e-02,"(0, (2, 3, 4, 4))",-207.458,,,3925,3630
O_tau=1.6,12,7.983343e-04,8.318958e-02,"(0, (2, 3, 4, 4))",-203.673,,,3848,3559
O_tau=1.6,12,8.125590e-04,8.318703e-02,"(0, (2, 3, 4, 4))",-199.954,,,3774,3489
O_tau=1.6,12,8.270371e-04,8.318443e-02,"(0, (2, 3, 4, 4))",-196.300,,,3701,3421
O_tau=1.6,12,8.417732e-04,8.318178e-02,"(0, (2, 3, 4, 4))",-192.711,,,3629,3354
O_tau=1.6,12,8.567719e-04,8.317909e-02,"(0, (2, 3, 4, 4))",-189.184,,,3559,3289
O_tau=1.6,12,8.720378e-04,8.317635e-02,"(0, (2, 3, 4, 4))",-185.719,,,3490,3224
O_tau=1.6,12,8.875757e-04,8.317356e-02,"(0, (2, 3, 4, 4))",-182.315,,,3422,3161
O_tau=1.6,12,9.033905e-04,8.317072e-02,"(0, (2, 3, 4, 4))",-178.971,4370,,3356,3100
O_tau=1.6,12,9.194870e-04,8.316784e-02,"(0, (2, 3, 4, 4))",-175.685,4288,,3290,3039
O_tau=1.6,12,9.358704e-04,8.316490e-02,"(0, (2, 3, 4, 4))",-172.457,4203,,3227,2979
O_tau=1.6,12,9.525456e-04,8.316190e-02,"(0, (2, 3, 4, 4))",-169.285,4123,4400,3164,2921
O_tau=1.6,12,9.695180e-04,8.315886e-02,"(0, (2, 3, 4, 4))",-166.169,4044,4315,3103,2864
O_tau=1.6,12,9.867929e-04,8.315576e-02,"(0, (2, 3, 4, 4))",-163.107,3965,4236,3042,2808
O_tau=1.6,12,1.004375e-03,8.315261e-02,"(0, (2, 3, 4, 4))",-160.100,3891,4155,2983,2753
O_tau=1.6,12,1.022271e-03,8.314940e-02,"(0, (2, 3, 4, 4))",-157.144,3817,4072,2925,2699
O_tau=1.6,12,1.040486e-03,8.314613e-02,"(0, (2, 3, 4, 4))",-154.241,3744,4000,2868,2646
O_tau=1.6,12,1.059025e-03,8.314281e-02,"(0, (2, 3, 4, 4))",-151.389,3672,3923,2813,2594
O_tau=1.6,12,1.077895e-03,8.313943e-02,"(0, (2, 3, 4, 4))",-148.586,3603,3848,2758,2543
O_tau=1.6,12,1.097101e-03,8.313599e-02,"(0, (2, 3, 4, 4))",-145.833,3530,3778,2705,2494
O_tau=1.6,12,1.116649e-03,8.313248e-02,"(0, (2, 3, 4, 4))",-143.128,3465,3699,2652,2445
O_tau=1.6,12,1.136545e-03,8.312892e-02,"(0, (2, 3, 4, 4))",-140.470,3400,3631,2600,2397
O_tau=1.6,12,1.156796e-03,8.312529e-02,"(0, (2, 3, 4, 4))",-137.859,3332,3561,2550,2350
O_tau=1.6,12,1.177408e-03,8.312160e-02,"(0, (2, 3, 4, 4))",-135.294,3269,3494,2500,2303
O_tau=1.6,12,1.198387e-03,8.311784e-02,"(0, (2, 3, 4, 4))",-132.774,3207,3429,2452,2258
O_tau=1.6,12,1.219740e-03,8.311402e-02,"(0, (2, 3, 4, 4))",-130.298,3148,3365,2404,2214
O_tau=1.6,12,1.241473e-03,8.311013e-02,"(0, (2, 3, 4, 4))",-127.865,3086,3297,2357,2171
O_tau=1.6,12,1.263594e-03,8.310617e-02,"(0, (2, 3, 4, 4))",-125.475,3027,3237,2311,2128
O_tau=1.6,12,1.286108e-03,8.310214e-02,"(0, (2, 3, 4, 4))",-123.127,2967,3175,2266,2086
O_tau=1.6,12,1.309024e-03,8.309803e-02,"(0, (2, 3, 4, 4))",-120.820,2913,3113,2222,2045
O_tau=1.6,12,1.332348e-03,8.309386e-02,"(0, (2, 3, 4, 4))",-118.554,2859,3054,2179,2005
O_tau=1.6,12,1.356088e-03,8.308961e-02,"(0, (2, 3, 4, 4))",-116.327,2801,2994,2136,1965
O_tau=1.6,12,1.380250e-03,8.308529e-02,"(0, (2, 3, 4, 4))",-114.139,2749,2939,2095,1927
O_tau=1.6,12,1.404844e-03,8.308089e-02,"(0, (2, 3, 4, 4))",-111.990,2695,2881,2054,1889
O_tau=1.6,12,1.429875e-03,8.307642e-02,"(0, (2, 3, 4, 4))",-109.878,2645,2829,2014,1852
O_tau=1.6,12,1.455352e-03,8.307186e-02,"(0, (2, 3, 4, 4))",-107.804,2591,2775,1974,1815
O_tau=1.6,12,1.481284e-03,8.306723e-02,"(0, (2, 3, 4, 4))",-105.766,2543,2723,1936,1780
O_tau=1.6,12,1.507677e-03,8.306251e-02,"(0, (2, 3, 4, 4))",-103.763,2492,2668,1898,1745
O_tau=1.6,12,1.534541e-03,8.305771e-02,"(0, (2, 3, 4, 4))",-101.796,2447,2617,1861,1710
O_tau=1.6,12,1.561883e-03,8.305282e-02,"(0, (2, 3, 4, 4))",-99.863,2398,2570,1825,1677
O_tau=1.6,12,1.589713e-03,8.304785e-02,"(0, (2, 3, 4, 4))",-97.964,2353,2520,1789,1644
O_tau=1.6,12,1.618038e-03,8.304279e-02,"(0, (2, 3, 4, 4))",-96.098,2306,2470,1754,1611
O_tau=1.6,12,1.646868e-03,8.303765e-02,"(0, (2, 3, 4, 4))",-94.266,2265,2425,1720,1579
O_tau=1.6,12,1.676212e-03,8.303241e-02,"(0, (2, 3, 4, 4))",-92.465,2223,2378,1686,1548
O_tau=1.6,12,1.706079e-03,8.302708e-02,"(0, (2, 3, 4, 4))",-90.696,2178,2333,1654,1518
O_tau=1.6,12,1.736478e-03,8.302165e-02,"(0, (2, 3, 4, 4))",-88.958,2136,2290,1621,1488
O_tau=1.6,12,1.767418e-03,8.301613e-02,"(0, (2, 3, 4, 4))",-87.250,2096,2244,1589,1459
O_tau=1.6,12,1.798910e-03,8.301051e-02,"(0, (2, 3, 4, 4))",-85.572,2054,2204,1558,1430
O_tau=1.6,12,1.830963e-03,8.300480e-02,"(0, (2, 3, 4, 4))",-83.924,2014,2160,1528,1402
O_tau=1.6,12,1.863587e-03,8.299898e-02,"(0, (2, 3, 4, 4))",-82.305,1978,2118,1498,1374
O_tau=1.6,12,1.896792e-03,8.299306e-02,"(0, (2, 3, 4, 4))",-80.714,1939,2080,1469,1347
O_tau=1.6,12,1.930589e-03,8.298704e-02,"(0, (2, 3, 4, 4))",-79.151,1900,2039,1440,1320
O_tau=1.6,12,1.964988e-03,8.298091e-02,"(0, (2, 3, 4, 4))",-77.615,1865,2000,1412,1294
O_tau=1.6,12,2.000000e-03,8.297467e-02,"(0, (2, 3, 4, 4))",-76.107,1828,1962,1384,1269
O_tau=1.6,12,2.031395e-03,8.296908e-02,"(0, (2, 3, 4, 4))",-74.798,1800,1930,1360,1246
O_tau=1.6,12,2.063282e-03,8.296340e-02,"(0, (2, 3, 4, 4))",-73.510,1768,1895,1337,1225
O_tau=1.6,12,2.095671e-03,8.295764e-02,"(0, (2, 3, 4, 4))",-72.242,1737,1864,1314,1203
O_tau=1.6,12,2.128567e-03,8.295178e-02,"(0, (2, 3, 4, 4))",-70.993,1706,1831,1291,1182
O_tau=1.6,12,2.161980e-03,8.294583e-02,"(0, (2, 3, 4, 4))",-69.764,1681,1803,1269,1162
O_tau=1.6,12,2.195917e-03,8.293980e-02,"(0, (2, 3, 4, 4))",-68.554,1652,1772,1247,1141
O_tau=1.6,12,2.230388e-03,8.293367e-02,"(0, (2, 3, 4, 4))",-67.362,1624,1740,1225,1121
O_tau=1.6,12,2.265399e-03,8.292744e-02,"(0, (2, 3, 4, 4))",-66.189,1593,1711,1204,1102
O_tau=1.6,12,2.300960e-03,8.292112e-02,"(0, (2, 3, 4, 4))",-65.035,1565,1683,1183,1082
O_tau=1.6,12,2.337079e-03,8.291470e-02,"(0, (2, 3, 4, 4))",-63.898,1542,1653,1163,1064
O_tau=1.6,12,2.373765e-03,8.290818e-02,"(0, (2, 3, 4, 4))",-62.779,1515,1627,1143,1045
O_tau=1.6,12,2.411027e-03,8.290156e-02,"(0, (2, 3, 4, 4))",-61.677,1489,1597,1123,1027
O_tau=1.6,12,2.448874e-03,8.289484e-02,"(0, (2, 3, 4, 4))",-60.592,1463,1572,1103,1009
O_tau=1.6,12,2.487314e-03,8.288801e-02,"(0, (2, 3, 4, 4))",-59.524,1439,1545,1084,991
O_tau=1.6,12,2.526359e-03,8.288108e-02,"(0, (2, 3, 4, 4))",-58.472,1416,1521,1066,974
O_tau=1.6,12,2.566016e-03,8.287404e-02,"(0, (2, 3, 4, 4))",-57.437,1389,1493,1047,957
O_tau=1.6,12,2.606296e-03,8.286690e-02,"(0, (2, 3, 4, 4))",-56.418,1366,1468,1029,940
O_tau=1.6,12,2.647208e-03,8.285964e-02,"(0, (2, 3, 4, 4))",-55.415,1341,1443,1011,923
O_tau=1.6,12,2.688762e-03,8.285227e-02,"(0, (2, 3, 4, 4))",-54.427,1320,1420,994,907
O_tau=1.6,12,2.730969e-03,8.284479e-02,"(0, (2, 3, 4, 4))",-53.455,1298,1393,976,891
O_tau=1.6,12,2.773838e-03,8.283719e-02,"(0, (2, 3, 4, 4))",-52.497,1278,1372,959,876
O_tau=1.6,12,2.817380e-03,8.282948e-02,"(0, (2, 3, 4, 4))",-51.555,1253,1346,943,861
O_tau=1.6,12,2.861605e-03,8.282165e-02,"(0, (2, 3, 4, 4))",-50.627,1232,1326,926,846
O_tau=1.6,12,2.906525e-03,8.281369e-02,"(0, (2, 3, 4, 4))",-49.713,1210,1305,910,831
O_tau=1.6,12,2.952150e-03,8.280562e-02,"(0, (2, 3, 4, 4))",-48.814,1190,1283,895,816
O_tau=1.6,12,2.998491e-03,8.279742e-02,"(0, (2, 3, 4, 4))",-47.929,1170,1260,879,801
O_tau=1.6,12,3.045559e-03,8.278909e-02,"(0, (2, 3, 4, 4))",-47.057,1152,1239,864,787
O_tau=1.6,12,3.093367e-03,8.278064e-02,"(0, (2, 3, 4, 4))",-46.199,1131,1215,849,774
O_tau=1.6,12,3.141924e-03,8.277205e-02,"(0, (2, 3, 4, 4))",-45.354,1110,1198,834,760
O_tau=1.6,12,3.191244e-03,8.276334e-02,"(0, (2, 3, 4, 4))",-44.522,1092,1176,820,747
O_tau=1.6,12,3.241339e-03,8.275449e-02,"(0, (2, 3, 4, 4))",-43.704,1077,1157,805,734
O_tau=1.6,12,3.292219e-03,8.274550e-02,"(0, (2, 3, 4, 4))",-42.898,1057,1136,791,721
O_tau=1.6,12,3.343898e-03,8.273638e-02,"(0, (2, 3, 4, 4))",-42.104,1038,1119,777,708
O_tau=1.6,12,3.396389e-03,8.272711e-02,"(0, (2, 3, 4, 4))",-41.323,1020,1100,764,696
O_tau=1.6,12,3.449703e-03,8.271770e-02,"(0, (2, 3, 4, 4))",-40.554,1002,1082,751,684
O_tau=1.6,12,3.503855e-03,8.270815e-02,"(0, (2, 3, 4, 4))",-39.796,985,1061,738,672
O_tau=1.6,12,3.558856e-03,8.269846e-02,"(0, (2, 3, 4, 4))",-39.051,966,1047,725,660
O_tau=1.6,12,3.614721e-03,8.268861e-02,"(0, (2, 3, 4, 4))",-38.317,952,1027,712,648
O_tau=1.6,12,3.671462e-03,8.267862e-02,"(0, (2, 3, 4, 4))",-37.595,937,1008,700,637
O_tau=1.6,12,3.729095e-03,8.266847e-02,"(0, (2, 3, 4, 4))",-36.883,920,991,688,625
O_tau=1.6,12,3.787632e-03,8.265816e-02,"(0, (2, 3, 4, 4))",-36.183,905,975,676,614
O_tau=1.6,12,3.847088e-03,8.264770e-02,"(0, (2, 3, 4, 4))",-35.494,886,960,664,603
O_tau=1.6,12,3.907477e-03,8.263708e-02,"(0, (2, 3, 4, 4))",-34.815,876,941,652,593
O_tau=1.6,12,3.968814e-03,8.262629e-02,"(0, (2, 3, 4, 4))",-34.147,858,925,641,583
O_tau=1.6,12,4.031114e-03,8.261535e-02,"(0, (2, 3, 4, 4))",-33.489,846,910,630,572
O_tau=1.6,12,4.094392e-03,8.260423e-02,"(0, (2, 3, 4, 4))",-32.842,827,897,619,562
O_tau=1.6,12,4.158663e-03,8.259294e-02,"(0, (2, 3, 4, 4))",-32.204,814,881,608,552
O_tau=1.6,12,4.223944e-03,8.258148e-02,"(0, (2, 3, 4, 4))",-31.577,801,865,598,543
O_tau=1.6,12,4.290249e-03,8.256985e-02,"(0, (2, 3, 4, 4))",-30.959,787,851,587,533
O_tau=1.6,12,4.357594e-03,8.255804e-02,"(0, (2, 3, 4, 4))",-30.351,773,837,577,524
O_tau=1.6,12,4.425997e-03,8.254605e-02,"(0, (2, 3, 4, 4))",-29.752,760,822,567,514
O_tau=1.6,12,4.495474e-03,8.253388e-02,"(0, (2, 3, 4, 4))",-29.163,748,805,557,505
O_tau=1.6,12,4.566041e-03,8.252152e-02,"(0, (2, 3, 4, 4))",-28.582,735,796,547,496
O_tau=1.6,12,4.637716e-03,8.250897e-02,"(0, (2, 3, 4, 4))",-28.011,722,781,538,487
O_tau=1.6,12,4.710516e-03,8.249623e-02,"(0, (2, 3, 4, 4))",-27.449,709,767,528,479
O_tau=1.6,12,4.784459e-03,8.248330e-02,"(0, (2, 3, 4, 4))",-26.895,701,756,519,470
O_tau=1.6,12,4.859562e-03,8.247017e-02,"(0, (2, 3, 4, 4))",-26.350,687,742,510,462
O_tau=1.6,12,4.935845e-03,8.245685e-02,"(0, (2, 3, 4, 4))",-25.813,674,728,501,454
O_tau=1.6,12,5.013324e-03,8.244332e-02,"(0, (2, 3, 4, 4))",-25.285,663,717,492,446
O_tau=1.6,12,5.092021e-03,8.242958e-02,"(0, (2, 3, 4, 4))",-24.765,651,705,484,438
O_tau=1.6,12,5.171952e-03,8.241564e-02,"(0, (2, 3, 4, 4))",-24.253,640,693,475,430
O_tau=1.6,12,5.253138e-03,8.240148e-02,"(0, (2, 3, 4, 4))",-23.749,629,682,467,423
O_tau=1.6,12,5.335599e-03,8.238712e-02,"(0, (2, 3, 4, 4))",-23.253,618,667,459,415
O_tau=1.6,12,5.419354e-03,8.237253e-02,"(0, (2, 3, 4, 4))",-22.765,607,656,451,408
O_tau=1.6,12,5.504423e-03,8.235772e-02,"(0, (2, 3, 4, 4))",-22.284,599,649,443,401
O_tau=1.6,12,5.590828e-03,8.234269e-02,"(0, (2, 3, 4, 4))",-21.811,588,634,435,394
O_tau=1.6,12,5.678590e-03,8.232743e-02,"(0, (2, 3, 4, 4))",-21.345,577,624,428,387
O_tau=1.6,12,5.767729e-03,8.231194e-02,"(0, (2, 3, 4, 4))",-20.886,566,616,420,380
O_tau=1.6,12,5.858267e-03,8.229622e-02,"(0, (2, 3, 4, 4))",-20.434,558,606,413,373
O_tau=1.6,12,5.950227e-03,8.228026e-02,"(0, (2, 3, 4, 4))",-19.990,548,594,406,366
O_tau=1.6,12,6.043630e-03,8.226406e-02,"(0, (2, 3, 4, 4))",-19.552,539,584,398,360
O_tau=1.6,12,6.138499e-03,8.224761e-02,"(0, (2, 3, 4, 4))",-19.122,528,572,392,353
O_tau=1.6,12,6.234857e-03,8.223092e-02,"(0, (2, 3, 4, 4))",-18.697,522,563,385,347
O_tau=1.6,12,6.332728e-03,8.221398e-02,"(0, (2, 3, 4, 4))",-18.280,510,557,378,341
O_tau=1.6,12,6.432135e-03,8.219678e-02,"(0, (2, 3, 4, 4))",-17.869,501,545,371,335
O_tau=1.6,12,6.533103e-03,8.217932e-02,"(0, (2, 3, 4, 4))",-17.464,494,537,365,329
O_tau=1.6,12,6.635656e-03,8.216160e-02,"(0, (2, 3, 4, 4))",-17.066,484,526,358,323
O_tau=1.6,12,6.739818e-03,8.214362e-02,"(0, (2, 3, 4, 4))",-16.674,478,517,352,318
O_tau=1.6,12,6.845616e-03,8.212536e-02,"(0, (2, 3, 4, 4))",-16.288,468,509,346,312
O_tau=1.6,12,6.953074e-03,8.210683e-02,"(0, (2, 3, 4, 4))",-15.908,462,498,340,306
O_tau=1.6,12,7.062219e-03,8.208802e-02,"(0, (2, 3, 4, 4))",-15.534,453,491,334,301
O_tau=1.6,12,7.173078e-03,8.206894e-02,"(0, (2, 3, 4, 4))",-15.166,446,483,328,296
O_tau=1.6,12,7.285676e-03,8.204956e-02,"(0, (2, 3, 4, 4))",-14.803,438,476,322,290
O_tau=1.6,12,7.400042e-03,8.202990e-02,"(0, (2, 3, 4, 4))",-14.447,431,467,317,285
O_tau=1.6,12,7.516204e-03,8.200994e-02,"(0, (2, 3, 4, 4))",-14.095,422,459,311,280
O_tau=1.6,12,7.634188e-03,8.198969e-02,"(0, (2, 3, 4, 4))",-13.750,415,452,306,275
O_tau=1.6,12,7.754025e-03,8.196913e-02,"(0, (2, 3, 4, 4))",-13.409,407,445,300,270
O_tau=1.6,12,7.875743e-03,8.194826e-02,"(0, (2, 3, 4, 4))",-13.074,402,436,295,265
O_tau=1.6,12,7.999372e-03,8.192709e-02,"(0, (2, 3, 4, 4))",-12.744,395,429,290,261
O_tau=1.6,12,8.124941e-03,8.190560e-02,"(0, (2, 3, 4, 4))",-12.420,387,421,285,256
O_tau=1.6,12,8.252481e-03,8.188379e-02,"(0, (2, 3, 4, 4))",-12.100,381,413,280,251
O_tau=1.6,12,8.382024e-03,8.186166e-02,"(0, (2, 3, 4, 4))",-11.785,375,406,275,247
O_tau=1.6,12,8.513600e-03,8.183920e-02,"(0, (2, 3, 4, 4))",-11.476,367,400,270,242
O_tau=1.6,12,8.647241e-03,8.181640e-02,"(0, (2, 3, 4, 4))",-11.171,360,393,265,238
O_tau=1.6,12,8.782980e-03,8.179327e-02,"(0, (2, 3, 4, 4))",-10.871,355,386,261,234
O_tau=1.6,12,8.920850e-03,8.176979e-02,"(0, (2, 3, 4, 4))",-10.575,350,379,256,230
O_tau=1.6,12,9.060884e-03,8.174597e-02,"(0, (2, 3, 4, 4))",-10.284,341,373,252,226
O_tau=1.6,12,9.203116e-03,8.172180e-02,"(0, (2, 3, 4, 4))",-9.998,340,366,247,222
O_tau=1.6,12,9.347581e-03,8.169727e-02,"(0, (2, 3, 4, 4))",-9.716,333,360,243,218
O_tau=1.6,12,9.494314e-03,8.167237e-02,"(0, (2, 3, 4, 4))",-9.439,326,355,238,214
O_tau=1.6,12,9.643350e-03,8.164711e-02,"(0, (2, 3, 4, 4))",-9.166,324,350,234,210
O_tau=1.6,12,9.794725e-03,8.162148e-02,"(0, (2, 3, 4, 4))",-8.897,315,341,230,206
O_tau=1.6,12,9.948477e-03,8.159547e-02,"(0, (2, 3, 4, 4))",-8.633,308,338,226,203
O_tau=1.6,12,1.010464e-02,8.156908e-02,"(0, (2, 3, 4, 4))",-8.372,305,330,222,199
O_tau=1.6,12,1.026326e-02,8.154230e-02,"(0, (2, 3, 4, 4))",-8.116,298,326,219,195
O_tau=1.6,12,1.042436e-02,8.151513e-02,"(0, (2, 3, 4, 4))",-7.863,294,323,215,192
O_tau=1.6,12,1.058800e-02,8.148756e-02,"(0, (2, 3, 4, 4))",-7.615,287,314,211,188
O_tau=1.6,12,1.075420e-02,8.145959e-02,"(0, (2, 3, 4, 4))",-7.370,283,308,207,185
O_tau=1.6,12,1.092302e-02,8.143120e-02,"(0, (2, 3, 4, 4))",-7.130,279,304,203,182
O_tau=1.6,12,1.109448e-02,8.140241e-02,"(0, (2, 3, 4, 4))",-6.893,274,298,200,178
O_tau=1.6,12,1.126863e-02,8.137319e-02,"(0, (2, 3, 4, 4))",-6.660,267,294,196,175
O_tau=1.6,12,1.144552e-02,8.134355e-02,"(0, (2, 3, 4, 4))",-6.430,265,287,193,172
O_tau=1.6,12,1.162519e-02,8.131347e-02,"(0, (2, 3, 4, 4))",-6.204,258,283,189,169
O_tau=1.6,12,1.180767e-02,8.128296e-02,"(0, (2, 3, 4, 4))",-5.982,256,279,186,166
O_tau=1.6,12,1.199302e-02,8.125201e-02,"(0, (2, 3, 4, 4))",-5.763,252,274,183,163
O_tau=1.6,12,1.218128e-02,8.122061e-02,"(0, (2, 3, 4, 4))",-5.547,245,267,179,160
O_tau=1.6,12,1.237250e-02,8.118875e-02,"(0, (2, 3, 4, 4))",-5.335,242,265,176,157
O_tau=1.6,12,1.256671e-02,8.115643e-02,"(0, (2, 3, 4, 4))",-5.126,239,258,173,154
O_tau=1.6,12,1.276398e-02,8.112364e-02,"(0, (2, 3, 4, 4))",-4.921,234,256,170,152
O_tau=1.6,12,1.296434e-02,8.109038e-02,"(0, (2, 3, 4, 4))",-4.718,232,252,167,149
O_tau=1.6,12,1.316784e-02,8.105664e-02,"(0, (2, 3, 4, 4))",-4.519,227,246,164,146
O_tau=1.6,12,1.337454e-02,8.102242e-02,"(0, (2, 3, 4, 4))",-4.323,223,243,161,144
O_tau=1.6,12,1.358449e-02,8.098770e-02,"(0, (2, 3, 4, 4))",-4.130,220,239,158,141
O_tau=1.6,12,1.379773e-02,8.095248e-02,"(0, (2, 3, 4, 4))",-3.940,214,234,156,139
O_tau=1.6,12,1.401432e-02,8.091676e-02,"(0, (2, 3, 4, 4))",-3.753,212,232,153,136
O_tau=1.6,12,1.423431e-02,8.088053e-02,"(0, (2, 3, 4, 4))",-3.569,207,227,150,134
O_tau=1.6,12,1.445775e-02,8.084378e-02,"(0, (2, 3, 4, 4))",-3.388,202,224,148,132
O_tau=1.6,12,1.468470e-02,8.080650e-02,"(0, (2, 3, 4, 4))",-3.210,201,220,145,129
O_tau=1.6,12,1.491521e-02,8.076869e-02,"(0, (2, 3, 4, 4))",-3.035,197,216,143,127
O_tau=1.6,12,1.514934e-02,8.073035e-02,"(0, (2, 3, 4, 4))",-2.862,191,212,140,125
O_tau=1.6,12,1.538714e-02,8.069145e-02,"(0, (2, 3, 4, 4))",-2.692,190,208,138,122
O_tau=1.6,12,1.562868e-02,8.065201e-02,"(0, (2, 3, 4, 4))",-2.525,187,205,135,120
O_tau=1.6,12,1.587401e-02,8.061201e-02,"(0, (2, 3, 4, 4))",-2.360,186,202,133,118
O_tau=1.6,12,1.612319e-02,8.057144e-02,"(0, (2, 3, 4, 4))",-2.198,183,201,131,115
O_tau=1.6,12,1.637628e-02,8.053029e-02,"(0, (2, 3, 4, 4))",-2.038,179,201,128,113
O_tau=1.6,12,1.663335e-02,8.048857e-02,"(0, (2, 3, 4, 4))",-1.881,178,201,126,111
O_tau=1.6,12,1.689445e-02,8.044626e-02,"(0, (2, 3, 4, 4))",-1.727,177,201,124,109
O_tau=1.6,12,1.715965e-02,8.040335e-02,"(0, (2, 3, 4, 4))",-1.575,177,207,121,107
O_tau=1.6,12,1.742901e-02,8.035984e-02,"(0, (2, 3, 4, 4))",-1.425,178,239,119,106
O_tau=1.6,12,1.770260e-02,8.031571e-02,"(0, (2, 3, 4, 4))",-1.278,186,,117,104
O_tau=1.6,12,1.798048e-02,8.027098e-02,"(0, (2, 3, 4, 4))",-1.133,212,,115,102
O_tau=1.6,12,1.826273e-02,8.022561e-02,"(0, (2, 3, 4, 4))",-0.990,,,113,100
O_tau=1.6,12,1.854941e-02,8.017961e-02,"(0, (2, 3, 4, 4))",-0.850,,,111,98
O_tau=1.6,12,1.884058e-02,8.013297e-02,"(0, (2, 3, 4, 4))",-0.711,,,109,97
O_tau=1.6,12,1.913633e-02,8.008569e-02,"(0, (2, 3, 4, 4))",-0.575,,,107,95
O_tau=1.6,12,1.943672e-02,8.003774e-02,"(0, (2, 3, 4, 4))",-0.441,,,105,93
O_tau=1.6,12,1.974183e-02,7.998913e-02,"(0, (2, 3, 4, 4))",-0.309,,,103,92
O_tau=1.6,12,2.005172e-02,7.993985e-02,"(0, (2, 3, 4, 4))",-0.180,,,101,90
O_tau=1.6,12,2.036648e-02,7.988989e-02,"(0, (2, 3, 4, 4))",-0.052,,,100,88
O_tau=1.6,12,2.068618e-02,7.983924e-02,"(0, (2, 3, 4, 4))",0.074,,,98,87
O_tau=1.6,12,2.101090e-02,7.978790e-02,"(0, (2, 3, 4, 4))",0.197,,,96,85
O_tau=1.6,12,2.134072e-02,7.973585e-02,"(0, (2, 3, 4, 4))",0.319,,,95,83
O_tau=1.6,12,2.167571e-02,7.968308e-02,"(0, (2, 3, 4, 4))",0.439,,,93,82
O_tau=1.6,12,2.201596e-02,7.962960e-02,"(0, (2, 3, 4, 4))",0.557,,,91,81
O_tau=1.6,12,2.236156e-02,7.957538e-02,"(0, (2, 3, 4, 4))",0.673,,,90,79
O_tau=1.6,12,2.271258e-02,7.952043e-02,"(0, (2, 3, 4, 4))",0.787,,,88,78
O_tau=1.6,12,2.306910e-02,7.946472e-02,"(0, (2, 3, 4, 4))",0.899,,,87,76
O_tau=1.6,12,2.343123e-02,7.940827e-02,"(0, (2, 3, 4, 4))",1.010,,,85,75
O_tau=1.6,12,2.379904e-02,7.935105e-02,"(0, (2, 3, 4, 4))",1.119,,,84,74
O_tau=1.6,12,2.417262e-02,7.929305e-02,"(0, (2, 3, 4, 4))",1.226,,,82,72
O_tau=1.6,12,2.455207e-02,7.923428e-02,"(0, (2, 3, 4, 4))",1.331,,,81,71
O_tau=1.6,12,2.493747e-02,7.917471e-02,"(0, (2, 3, 4, 4))",1.435,,,79,70
O_tau=1.6,12,2.532892e-02,7.911435e-02,"(0, (2, 3, 4, 4))",1.537,,,78,68
O_tau=1.6,12,2.572652e-02,7.905318e-02,"(0, (2, 3, 4, 4))",1.638,,,77,67
O_tau=1.6,12,2.613036e-02,7.899119e-02,"(0, (2, 3, 4, 4))",1.736,,,75,66
O_tau=1.6,12,2.654054e-02,7.892837e-02,"(0, (2, 3, 4, 4))",1.834,,,74,65
O_tau=1.6,12,2.695716e-02,7.886472e-02,"(0, (2, 3, 4, 4))",1.930,,,73,63
O_tau=1.6,12,2.738031e-02,7.880023e-02,"(0, (2, 3, 4, 4))",2.024,,,71,62
O_tau=1.6,12,2.781011e-02,7.873488e-02,"(0, (2, 3, 4, 4))",2.117,,,70,61
O_tau=1.6,12,2.824666e-02,7.866867e-02,"(0, (2, 3, 4, 4))",2.208,,,69,60
O_tau=1.6,12,2.869006e-02,7.860159e-02,"(0, (2, 3, 4, 4))",2.298,,,68,59
O_tau=1.6,12,2.914042e-02,7.853363e-02,"(0, (2, 3, 4, 4))",2.386,,,66,58
O_tau=1.6,12,2.959785e-02,7.846478e-02,"(0, (2, 3, 4, 4))",2.473,,,65,57
O_tau=1.6,12,3.006245e-02,7.839503e-02,"(0, (2, 3, 4, 4))",2.559,,,64,56
O_tau=1.6,12,3.053436e-02,7.832437e-02,"(0, (2, 3, 4, 4))",2.643,,,62,54
O_tau=1.6,12,3.101367e-02,7.825279e-02,"(0, (2, 3, 4, 4))",2.726,,,61,53
O_tau=1.6,12,3.150050e-02,7.818029e-02,"(0, (2, 3, 4, 4))",2.807,,,60,53
O_tau=1.6,12,3.199498e-02,7.810684e-02,"(0, (2, 3, 4, 4))",2.887,,,59,52
O_tau=1.6,12,3.249721e-02,7.803246e-02,"(0, (2, 3, 4, 4))",2.966,,,58,51
O_tau=1.6,12,3.300733e-02,7.795711e-02,"(0, (2, 3, 4, 4))",3.044,,,57,50
O_tau=1.6,12,3.352546e-02,7.788080e-02,"(0, (2, 3, 4, 4))",3.121,,,56,49
O_tau=1.6,12,3.405173e-02,7.780352e-02,"(0, (2, 3, 4, 4))",3.196,,,55,48
O_tau=1.6,12,3.458625e-02,7.772525e-02,"(0, (2, 3, 4, 4))",3.270,,,54,47
O_tau=1.6,12,3.512916e-02,7.764598e-02,"(0, (2, 3, 4, 4))",3.343,,,53,47
O_tau=1.6,12,3.568060e-02,7.756571e-02,"(0, (2, 3, 4, 4))",3.414,,,52,46
O_tau=1.6,12,3.624069e-02,7.748443e-02,"(0, (2, 3, 4, 4))",3.485,,,51,45
O_tau=1.6,12,3.680957e-02,7.740213e-02,"(0, (2, 3, 4, 4))",3.554,,,51,44
O_tau=1.6,12,3.738739e-02,7.731879e-02,"(0, (2, 3, 4, 4))",3.623,,,50,44
O_tau=1.6,12,3.797427e-02,7.723441e-02,"(0, (2, 3, 4, 4))",3.690,,,49,43
O_tau=1.6,12,3.857037e-02,7.714898e-02,"(0, (2, 3, 4, 4))",3.756,,,48,42
O_tau=1.6,12,3.917582e-02,7.706249e-02,"(0, (2, 3, 4, 4))",3.821,,,47,41
O_tau=1.6,12,3.979078e-02,7.697492e-02,"(0, (2, 3, 4, 4))",3.885,,,46,41
O_tau=1.6,12,4.041539e-02,7.688627e-02,"(0, (2, 3, 4, 4))",3.948,,,46,40
O_tau=1.6,12,4.104981e-02,7.679654e-02,"(0, (2, 3, 4, 4))",4.010,,,45,39
O_tau=1.6,12,4.169418e-02,7.670570e-02,"(0, (2, 3, 4, 4))",4.071,,,44,38
O_tau=1.6,12,4.234867e-02,7.661375e-02,"(0, (2, 3, 4, 4))",4.131,,,44,38
O_tau=1.6,12,4.301344e-02,7.652068e-02,"(0, (2, 3, 4, 4))",4.190,,,43,37
O_tau=1.6,12,4.368864e-02,7.642649e-02,"(0, (2, 3, 4, 4))",4.248,,,42,36
O_tau=1.6,12,4.437443e-02,7.633115e-02,"(0, (2, 3, 4, 4))",4.305,,,41,36
O_tau=1.6,12,4.507100e-02,7.623466e-02,"(0, (2, 3, 4, 4))",4.361,,,41,35
O_tau=1.6,12,4.577849e-02,7.613702e-02,"(0, (2, 3, 4, 4))",4.417,,,40,34
O_tau=1.6,12,4.649710e-02,7.603821e-02,"(0, (2, 3, 4, 4))",4.471,,,39,34
O_tau=1.6,12,4.722698e-02,7.593822e-02,"(0, (2, 3, 4, 4))",4.525,,,38,33
O_tau=1.6,12,4.796832e-02,7.583704e-02,"(0, (2, 3, 4, 4))",4.577,,,37,33
O_tau=1.6,12,4.872130e-02,7.573467e-02,"(0, (2, 3, 4, 4))",4.629,,,37,32
O_tau=1.6,12,4.948609e-02,7.563109e-02,"(0, (2, 3, 4, 4))",4.680,,,36,31
O_tau=1.6,12,5.026290e-02,7.552630e-02,"(0, (2, 3, 4, 4))",4.730,,,36,31
O_tau=1.6,12,5.105189e-02,7.542028e-02,"(0, (2, 3, 4, 4))",4.780,,,35,30
O_tau=1.6,12,5.185327e-02,7.531303e-02,"(0, (2, 3, 4, 4))",4.828,,,34,29
O_tau=1.6,12,5.266724e-02,7.520454e-02,"(0, (2, 3, 4, 4))",4.876,,,34,29
O_tau=1.6,12,5.349397e-02,7.509479e-02,"(0, (2, 3, 4, 4))",4.923,,,33,28
O_tau=1.6,12,5.433369e-02,7.498378e-02,"(0, (2, 3, 4, 4))",4.969,,,33,28
O_tau=1.6,12,5.518659e-02,7.487150e-02,"(0, (2, 3, 4, 4))",5.015,,,32,27
O_tau=1.6,12,5.605287e-02,7.475794e-02,"(0, (2, 3, 4, 4))",5.060,,,31,27
O_tau=1.6,12,5.693276e-02,7.464310e-02,"(0, (2, 3, 4, 4))",5.104,,,31,26
O_tau=1.6,12,5.782645e-02,7.452695e-02,"(0, (2, 3, 4, 4))",5.147,,,30,26
O_tau=1.6,12,5.873418e-02,7.440950e-02,"(0, (2, 3, 4, 4))",5.190,,,29,25
O_tau=1.6,12,5.965615e-02,7.429074e-02,"(0, (2, 3, 4, 4))",5.232,,,29,25
O_tau=1.6,12,6.059259e-02,7.417065e-02,"(0, (2, 3, 4, 4))",5.273,,,28,24
O_tau=1.6,12,6.154374e-02,7.404923e-02,"(0, (2, 3, 4, 4))",5.313,,,28,24
O_tau=1.6,12,6.250982e-02,7.392647e-02,"(0, (2, 3, 4, 4))",5.353,,,27,23
O_tau=1.6,12,6.349106e-02,7.380236e-02,"(0, (2, 3, 4, 4))",5.393,,,27,23
O_tau=1.6,12,6.448770e-02,7.367689e-02,"(0, (2, 3, 4, 4))",5.431,,,26,23
O_tau=1.6,12,6.549999e-02,7.355006e-02,"(0, (2, 3, 4, 4))",5.469,,,26,22
O_tau=1.6,12,6.652817e-02,7.342185e-02,"(0, (2, 3, 4, 4))",5.507,,,25,22
O_tau=1.6,12,6.757249e-02,7.329226e-02,"(0, (2, 3, 4, 4))",5.543,,,25,21
O_tau=1.6,12,6.863320e-02,7.316129e-02,"(0, (2, 3, 4, 4))",5.580,,,24,21
O_tau=1.6,12,6.971056e-02,7.302891e-02,"(0, (2, 3, 4, 4))",5.615,,,24,20
O_tau=1.6,12,7.080483e-02,7.289514e-02,"(0, (2, 3, 4, 4))",5.650,,,23,20
O_tau=1.6,12,7.191628e-02,7.275995e-02,"(0, (2, 3, 4, 4))",5.685,,,23,19
O_tau=1.6,12,7.304518e-02,7.262334e-02,"(0, (2, 3, 4, 4))",5.719,,,22,19
O_tau=1.6,12,7.419180e-02,7.248530e-02,"(0, (2, 3, 4, 4))",5.752,,,22,19
O_tau=1.6,12,7.535642e-02,7.234583e-02,"(0, (2, 3, 4, 4))",5.785,,,21,18
O_tau=1.6,12,7.653932e-02,7.220492e-02,"(0, (2, 3, 4, 4))",5.817,,,21,18
O_tau=1.6,12,7.774078e-02,7.206256e-02,"(0, (2, 3, 4, 4))",5.849,,,20,18
O_tau=1.6,12,7.896111e-02,7.191875e-02,"(0, (2, 3, 4, 4))",5.880,,,20,17
O_tau=1.6,12,8.020060e-02,7.177348e-02,"(0, (2, 3, 4, 4))",5.911,,,19,17
O_tau=1.6,12,8.145954e-02,7.162674e-02,"(0, (2, 3, 4, 4))",5.941,,,19,17
O_tau=1.6,12,8.273824e-02,7.147853e-02,"(0, (2, 3, 4, 4))",5.971,,,18,17
O_tau=1.6,12,8.403701e-02,7.132884e-02,"(0, (2, 3, 4, 4))",6.000,,,18,16
O_tau=1.6,12,8.535617e-02,7.117766e-02,"(0, (2, 3, 4, 4))",6.029,,,18,16
O_tau=1.6,12,8.669604e-02,7.102500e-02,"(0, (2, 3, 4, 4))",6.057,,,17,16
O_tau=1.6,12,8.805694e-02,7.087083e-02,"(0, (2, 3, 4, 4))",6.085,,,17,15
O_tau=1.6,12,8.943921e-02,7.071517e-02,"(0, (2, 3, 4, 4))",6.112,,,17,15
O_tau=1.6,12,9.084317e-02,7.055800e-02,"(0, (2, 3, 4, 4))",6.139,,,17,15
O_tau=1.6,12,9.226917e-02,7.039931e-02,"(0, (2, 3, 4, 4))",6.165,,,16,15
O_tau=1.6,12,9.371756e-02,7.023912e-02,"(0, (2, 3, 4, 4))",6.192,,,16,14
O_tau=1.6,12,9.518868e-02,7.007739e-02,"(0, (2, 3, 4, 4))",6.217,,,16,14
O_tau=1.6,12,9.668289e-02,6.991415e-02,"(0, (2, 3, 4, 4))",6.242,,,15,14
O_tau=1.6,12,9.820056e-02,6.974937e-02,"(0, (2, 3, 4, 4))",6.267,,,15,14
O_tau=1.6,12,9.974205e-02,6.958307e-02,"(0, (2, 3, 4, 4))",6.292,,,15,13
O_tau=1.6,12,1.013077e-01,6.941522e-02,"(0, (2, 3, 4, 4))",6.316,,,14,13
O_tau=1.6,12,1.028980e-01,6.924583e-02,"(0, (2, 3, 4, 4))",6.339,,,,
O_tau=1.6,12,1.045132e-01,6.907490e-02,"(0, (2, 3, 4, 4))",6.362,,,,
O_tau=1.6,12,1.061538e-01,6.890242e-02,"(0, (2, 3, 4, 4))",6.385,,,,
O_tau=1.6,12,1.078202e-01,6.872839e-02,"(0, (2, 3, 4, 4))",6.408,,,,
O_tau=1.6,12,1.095127e-01,6.855281e-02,"(0, (2, 3, 4, 4))",6.430,,,,
O_tau=1.6,12,1.112317e-01,6.837568e-02,"(0, (2, 3, 4, 4))",6.452,,,,
O_tau=1.6,12,1.129778e-01,6.819698e-02,"(0, (2, 3, 4, 4))",6.473,,,,
O_tau=1.6,12,1.147512e-01,6.801673e-02,"(0, (2, 3, 4, 4))",6.494,,,,
O_tau=1.6,12,1.165525e-01,6.783491e-02,"(0, (2, 3, 4, 4))",6.515,,,,
O_tau=1.6,12,1.183821e-01,6.765153e-02,"(0, (2, 3, 4, 4))",6.535,,,,
O_tau=1.6,12,1.202404e-01,6.746659e-02,"(0, (2, 3, 4, 4))",6.556,,,,
O_tau=1.6,12,1.221278e-01,6.728009e-02,"(0, (2, 3, 4, 4))",6.575,,,,
O_tau=1.6,12,1.240449e-01,6.709201e-02,"(0, (2, 3, 4, 4))",6.595,,,,
O_tau=1.6,12,1.259921e-01,6.690237e-02,"(0, (2, 3, 4, 4))",6.614,,,,
O_tau=1.6,12,1.279699e-01,6.671117e-02,"(0, (2, 3, 4, 4))",6.633,,,,
O_tau=1.6,12,1.299786e-01,6.651840e-02,"(0, (2, 3, 4, 4))",6.651,,,,
O_tau=1.6,12,1.320190e-01,6.632406e-02,"(0, (2, 3, 4, 4))",6.669,,,,
O_tau=1.6,12,1.340913e-01,6.612816e-02,"(0, (2, 3, 4, 4))",6.687,,,,
O_tau=1.6,12,1.361962e-01,6.593069e-02,"(0, (2, 3, 4, 4))",6.705,,,,
O_tau=1.6,12,1.383341e-01,6.573166e-02,"(0, (2, 3, 4, 4))",6.722,,,,
O_tau=1.6,12,1.405056e-01,6.553106e-02,"(0, (2, 3, 4, 4))",6.740,,,,
O_tau=1.6,12,1.427112e-01,6.532891e-02,"(0, (2, 3, 4, 4))",6.756,,,,
O_tau=1.6,12,1.449514e-01,6.512520e-02,"(0, (2, 3, 4, 4))",6.773,,,,
O_tau=1.6,12,1.472267e-01,6.491993e-02,"(0, (2, 3, 4, 4))",6.789,,,,
O_tau=1.6,12,1.495378e-01,6.471310e-02,"(0, (2, 3, 4, 4))",6.805,,,,
O_tau=1.6,12,1.518852e-01,6.450473e-02,"(0, (2, 3, 4, 4))",6.821,,,,
O_tau=1.6,12,1.542694e-01,6.429480e-02,"(0, (2, 3, 4, 4))",6.837,,,,
O_tau=1.6,12,1.566910e-01,6.408334e-02,"(0, (2, 3, 4, 4))",6.852,,,,
O_tau=1.6,12,1.591506e-01,6.387032e-02,"(0, (2, 3, 4, 4))",6.867,,,,
O_tau=1.6,12,1.616489e-01,6.365578e-02,"(0, (2, 3, 4, 4))",6.882,,,,
O_tau=1.6,12,1.641863e-01,6.343969e-02,"(0, (2, 3, 4, 4))",6.897,,,,
O_tau=1.6,12,1.667636e-01,6.322208e-02,"(0, (2, 3, 4, 4))",6.911,,,,
O_tau=1.6,12,1.693814e-01,6.300295e-02,"(0, (2, 3, 4, 4))",6.925,,,,
O_tau=1.6,12,1.720402e-01,6.278229e-02,"(0, (2, 3, 4, 4))",6.939,,,,
O_tau=1.6,12,1.747408e-01,6.256012e-02,"(0, (2, 3, 4, 4))",6.953,,,,
O_tau=1.6,12,1.774838e-01,6.233645e-02,"(0, (2, 3, 4, 4))",6.967,,,,
O_tau=1.6,12,1.802698e-01,6.211127e-02,"(0, (2, 3, 4, 4))",6.980,,,,
O_tau=1.6,12,1.830996e-01,6.188459e-02,"(0, (2, 3, 4, 4))",6.993,,,,
O_tau=1.6,12,1.859738e-01,6.165642e-02,"(0, (2, 3, 4, 4))",7.006,,,,
O_tau=1.6,12,1.888931e-01,6.142677e-02,"(0, (2, 3, 4, 4))",7.019,,,,
O_tau=1.6,12,1.918582e-01,6.119565e-02,"(0, (2, 3, 4, 4))",7.032,,,,
O_tau=1.6,12,1.948699e-01,6.096305e-02,"(0, (2, 3, 4, 4))",7.044,,,,
O_tau=1.6,12,1.979288e-01,6.072900e-02,"(0, (2, 3, 4, 4))",7.056,,,,
O_tau=1.6,12,2.010358e-01,6.049349e-02,"(0, (2, 3, 4, 4))",7.068,,,,
O_tau=1.6,12,2.041915e-01,6.025653e-02,"(0, (2, 3, 4, 4))",7.080,,,,
O_tau=1.6,12,2.073968e-01,6.001814e-02,"(0, (2, 3, 4, 4))",7.092,,,,
O_tau=1.6,12,2.106524e-01,5.977832e-02,"(0, (2, 3, 4, 4))",7.104,,,,
O_tau=1.6,12,2.139591e-01,5.953708e-02,"(0, (2, 3, 4, 4))",7.115,,,,
O_tau=1.6,12,2.173177e-01,5.929443e-02,"(0, (2, 3, 4, 4))",7.126,,,,
O_tau=1.6,12,2.207290e-01,5.905038e-02,"(0, (2, 3, 4, 4))",7.138,,,,
O_tau=1.6,12,2.241939e-01,5.880494e-02,"(0, (2, 3, 4, 4))",7.149,,,,
O_tau=1.6,12,2.277131e-01,5.855812e-02,"(0, (2, 3, 4, 4))",7.159,,,,
O_tau=1.6,12,2.312876e-01,5.830993e-02,"(0, (2, 3, 4, 4))",7.170,,,,
O_tau=1.6,12,2.349183e-01,5.806038e-02,"(0, (2, 3, 4, 4))",7.181,,,,
O_tau=1.6,12,2.386059e-01,5.780948e-02,"(0, (2, 3, 4, 4))",7.191,,,,
O_tau=1.6,12,2.423513e-01,5.755725e-02,"(0, (2, 3, 4, 4))",7.201,,,,
O_tau=1.6,12,2.461556e-01,5.730369e-02,"(0, (2, 3, 4, 4))",7.212,,,,
O_tau=1.6,12,2.500196e-01,5.704882e-02,"(0, (2, 3, 4, 4))",7.222,,,,
O_tau=1.6,12,2.539443e-01,5.679264e-02,"(0, (2, 3, 4, 4))",7.232,,,,
O_tau=1.6,12,2.579305e-01,5.653518e-02,"(0, (2, 3, 4, 4))",7.241,,,,
O_tau=1.6,12,2.619794e-01,5.627644e-02,"(0, (2, 3, 4, 4))",7.251,,,,
O_tau=1.6,12,2.660918e-01,5.601643e-02,"(0, (2, 3, 4, 4))",7.261,,,,
O_tau=1.6,12,2.702687e-01,5.575517e-02,"(0, (2, 3, 4, 4))",7.270,,,,
O_tau=1.6,12,2.745112e-01,5.549268e-02,"(0, (2, 3, 4, 4))",7.280,,,,
O_tau=1.6,12,2.788203e-01,5.522896e-02,"(0, (2, 3, 4, 4))",7.289,,,,
O_tau=1.6,12,2.831971e-01,5.496404e-02,"(0, (2, 3, 4, 4))",7.298,,,,
O_tau=1.6,12,2.876426e-01,5.469791e-02,"(0, (2, 3, 4, 4))",7.307,,,,
O_tau=1.6,12,2.921578e-01,5.443061e-02,"(0, (2, 3, 4, 4))",7.317,,,,
O_tau=1.6,12,2.967439e-01,5.416213e-02,"(0, (2, 3, 4, 4))",7.325,,,,
O_tau=1.6,12,3.014020e-01,5.389251e-02,"(0, (2, 3, 4, 4))",7.334,,,,
O_tau=1.6,12,3.061332e-01,5.362174e-02,"(0, (2, 3, 4, 4))",7.343,,,,
O_tau=1.6,12,3.109387e-01,5.334986e-02,"(0, (2, 3, 4, 4))",7.352,,,,
O_tau=1.6,12,3.158196e-01,5.307686e-02,"(0, (2, 3, 4, 4))",7.361,,,,
O_tau=1.6,12,3.207772e-01,5.280278e-02,"(0, (2, 3, 4, 4))",7.369,,,,
O_tau=1.6,12,3.258126e-01,5.252762e-02,"(0, (2, 3, 4, 4))",7.378,,,,
O_tau=1.6,12,3.309270e-01,5.225140e-02,"(0, (2, 3, 4, 4))",7.386,,,,
O_tau=1.6,12,3.361217e-01,5.197414e-02,"(0, (2, 3, 4, 4))",7.395,,,,
O_tau=1.6,12,3.413979e-01,5.169584e-02,"(0, (2, 3, 4, 4))",7.403,,,,
O_tau=1.6,12,3.467569e-01,5.141654e-02,"(0, (2, 3, 4, 4))",7.411,,,,
O_tau=1.6,12,3.522001e-01,5.113625e-02,"(0, (2, 3, 4, 4))",7.547,,,,
O_tau=1.6,12,3.577287e-01,5.085498e-02,"(0, (2, 3, 4, 4))",7.557,,,,
O_tau=1.6,12,3.633441e-01,5.057275e-02,"(0, (2, 3, 4, 4))",7.568,,,,
O_tau=1.6,12,3.690477e-01,5.028958e-02,"(0, (2, 3, 4, 4))",7.578,,,,
O_tau=1.6,12,3.748408e-01,5.000548e-02,"(0, (2, 3, 4, 4))",7.589,,,,
O_tau=1.6,12,3.807248e-01,4.972048e-02,"(0, (2, 3, 4, 4))",7.600,,,,
O_tau=1.6,12,3.867012e-01,4.943459e-02,"(0, (2, 3, 4, 4))",7.611,,,,
O_tau=1.6,12,3.927714e-01,4.914783e-02,"(0, (2, 3, 4, 4))",7.622,,,,
O_tau=1.6,12,3.989369e-01,4.886021e-02,"(0, (2, 3, 4, 4))",7.633,,,,
O_tau=1.6,12,4.051991e-01,4.857176e-02,"(0, (2, 3, 4, 4))",7.645,,,,
O_tau=1.6,12,4.115597e-01,4.828250e-02,"(0, (2, 3, 4, 4))",7.657,,,,
O_tau=1.6,12,4.180201e-01,4.799244e-02,"(0, (2, 3, 4, 4))",7.668,,,,
O_tau=1.6,12,4.245820e-01,4.770160e-02,"(0, (2, 3, 4, 4))",7.681,,,,
O_tau=1.6,12,4.312468e-01,4.741000e-02,"(0, (2, 3, 4, 4))",7.693,,,,
O_tau=1.6,12,4.380162e-01,4.711766e-02,"(0, (2, 3, 4, 4))",7.705,,,,
O_tau=1.6,12,4.448919e-01,4.682460e-02,"(0, (2, 3, 4, 4))",7.718,,,,
O_tau=1.6,12,4.518756e-01,4.653084e-02,"(0, (2, 3, 4, 4))",7.731,,,,
O_tau=1.6,12,4.589688e-01,4.623640e-02,"(0, (2, 3, 4, 4))",7.744,,,,
O_tau=1.6,12,4.661735e-01,4.594129e-02,"(0, (2, 3, 4, 4))",7.757,,,,
O_tau=1.6,12,4.734912e-01,4.564554e-02,"(0, (2, 3, 4, 4))",7.771,,,,
O_tau=1.6,12,4.809237e-01,4.534917e-02,"(0, (2, 3, 4, 4))",7.785,,,,
O_tau=1.6,12,4.884730e-01,4.505220e-02,"(0, (2, 3, 4, 4))",7.798,,,,
O_tau=1.6,12,4.961407e-01,4.475464e-02,"(0, (2, 3, 4, 4))",7.813,,,,
O_tau=1.6,12,5.039289e-01,4.445652e-02,"(0, (2, 3, 4, 4))",7.827,,,,
O_tau=1.6,12,5.118392e-01,4.415785e-02,"(0, (2, 3, 4, 4))",7.842,,,,
O_tau=1.6,12,5.198738e-01,4.385866e-02,"(0, (2, 3, 4, 4))",7.856,,,,
O_tau=1.6,12,5.280344e-01,4.355897e-02,"(0, (2, 3, 4, 4))",7.872,,,,
O_tau=1.6,12,5.363232e-01,4.325880e-02,"(0, (2, 3, 4, 4))",7.887,,,,
O_tau=1.6,12,5.447421e-01,4.295816e-02,"(0, (2, 3, 4, 4))",7.902,,,,
O_tau=1.6,12,5.532931e-01,4.265708e-02,"(0, (2, 3, 4, 4))",7.918,,,,
O_tau=1.6,12,5.619783e-01,4.235559e-02,"(0, (2, 3, 4, 4))",7.934,,,,
O_tau=1.6,12,5.707999e-01,4.205369e-02,"(0, (2, 3, 4, 4))",7.950,,,,
O_tau=1.6,12,5.797600e-01,4.175141e-02,"(0, (2, 3, 4, 4))",7.967,,,,
O_tau=1.6,12,5.888607e-01,4.144877e-02,"(0, (2, 3, 4, 4))",7.984,,,,
O_tau=1.6,12,5.981043e-01,4.114580e-02,"(0, (2, 3, 4, 4))",8.001,,,,
O_tau=1.6,12,6.074930e-01,4.084251e-02,"(0, (2, 3, 4, 4))",8.018,,,,
O_tau=1.6,12,6.170290e-01,4.053892e-02,"(0, (2, 3, 4, 4))",8.036,,,,
O_tau=1.6,12,6.267148e-01,4.023506e-02,"(0, (2, 3, 4, 4))",8.054,,,,
O_tau=1.6,12,6.365525e-01,3.993094e-02,"(0, (2, 3, 4, 4))",8.072,,,,
O_tau=1.6,12,6.465448e-01,3.962659e-02,"(0, (2, 3, 4, 4))",8.090,,,,
O_tau=1.6,12,6.566938e-01,3.932203e-02,"(0, (2, 3, 4, 4))",8.109,,,,
O_tau=1.6,12,6.670022e-01,3.901728e-02,"(0, (2, 3, 4, 4))",8.128,,,,
O_tau=1.6,12,6.774724e-01,3.871235e-02,"(0, (2, 3, 4, 4))",8.147,,,,
O_tau=1.6,12,6.881069e-01,3.840728e-02,"(0, (2, 3, 4, 4))",8.167,,,,
O_tau=1.6,12,6.989084e-01,3.810208e-02,"(0, (2, 3, 4, 4))",8.187,,,,
O_tau=1.6,12,7.098795e-01,3.779677e-02,"(0, (2, 3, 4, 4))",8.207,,,,
O_tau=1.6,12,7.210227e-01,3.749138e-02,"(0, (2, 3, 4, 4))",8.228,,,,
O_tau=1.6,12,7.323409e-01,3.718592e-02,"(0, (2, 3, 4, 4))",8.249,,,,
O_tau=1.6,12,7.438367e-01,3.688042e-02,"(0, (2, 3, 4, 4))",8.270,,,,
O_tau=1.6,12,7.555130e-01,3.657490e-02,"(0, (2, 3, 4, 4))",8.291,,,,
O_tau=1.6,12,7.673726e-01,3.626938e-02,"(0, (2, 3, 4, 4))",8.313,,,,
O_tau=1.6,12,7.794184e-01,3.596388e-02,"(0, (2, 3, 4, 4))",8.336,,,,
O_tau=1.6,12,7.916532e-01,3.565842e-02,"(0, (2, 3, 4, 4))",8.358,,,,
O_tau=1.6,12,8.040801e-01,3.535302e-02,"(0, (2, 3, 4, 4))",8.381,,,,
O_tau=1.6,12,8.167020e-01,3.504770e-02,"(0, (2, 3, 4, 4))",8.404,,,,
O_tau=1.6,12,8.295221e-01,3.474250e-02,"(0, (2, 3, 4, 4))",8.428,,,,
O_tau=1.6,12,8.425434e-01,3.443741e-02,"(0, (2, 3, 4, 4))",8.452,,,,
O_tau=1.6,12,8.557692e-01,3.413248e-02,"(0, (2, 3, 4, 4))",8.476,,,,
O_tau=1.6,12,8.692025e-01,3.382772e-02,"(0, (2, 3, 4, 4))",8.501,,,,
O_tau=1.6,12,8.828467e-01,3.352314e-02,"(0, (2, 3, 4, 4))",8.526,,,,
O_tau=1.6,12,8.967051e-01,3.321878e-02,"(0, (2, 3, 4, 4))",8.552,,,,
O_tau=1.6,12,9.107810e-01,3.291465e-02,"(0, (2, 3, 4, 4))",8.578,,,,
O_tau=1.6,12,9.250779e-01,3.261077e-02,"(0, (2, 3, 4, 4))",8.604,,,,
O_tau=1.6,12,9.395992e-01,3.230717e-02,"(0, (2, 3, 4, 4))",8.631,,,,
O_tau=1.6,12,9.543485e-01,3.200387e-02,"(0, (2, 3, 4, 4))",8.658,,,,
O_tau=1.6,12,9.693293e-01,3.170088e-02,"(0, (2, 3, 4, 4))",8.686,,,,
O_tau=1.6,12,9.845452e-01,3.139823e-02,"(0, (2, 3, 4, 4))",8.714,,,,
O_tau=1.6,12,1.000000e+00,3.109594e-02,"(0, (2, 3, 4, 4))",8.743,,,,
O_tau=2.0,3,1.000000e-05,1.666647e-01,"(0, (2, 2, 2, 2, 3))",-11488.472,,,,
O_tau=2.0,3,1.017818e-05,1.666647e-01,"(0, (2, 2, 2, 2, 3))",-11287.172,,,,
O_tau=2.0,3,1.035953e-05,1.666647e-01,"(0, (2, 2, 2, 2, 3))",-11089.397,,,,
O_tau=2.0,3,1.054412e-05,1.666646e-01,"(0, (2, 2, 2, 2, 3))",-10895.084,,,,
O_tau=2.0,3,1.073199e-05,1.666646e-01,"(0, (2, 2, 2, 2, 3))",-10704.173,,,,
O_tau=2.0,3,1.092322e-05,1.666645e-01,"(0, (2, 2, 2, 2, 3))",-10516.604,,,,
O_tau=2.0,3,1.111784e-05,1.666645e-01,"(0, (2, 2, 2, 2, 3))",-10332.319,,,,
O_tau=2.0,3,1.131594e-05,1.666645e-01,"(0, (2, 2, 2, 2, 3))",-10151.259,,,,
O_tau=2.0,3,1.151757e-05,1.666644e-01,"(0, (2, 2, 2, 2, 3))",-9973.370,,,,
O_tau=2.0,3,1.172279e-05,1.666644e-01,"(0, (2, 2, 2, 2, 3))",-9798.595,,,,
O_tau=2.0,3,1.193166e-05,1.666643e-01,"(0, (2, 2, 2, 2, 3))",-9626.879,,,,
O_tau=2.0,3,1.214426e-05,1.666643e-01,"(0, (2, 2, 2, 2, 3))",-9458.170,,,,
O_tau=2.0,3,1.236065e-05,1.666643e-01,"(0, (2, 2, 2, 2, 3))",-9292.414,,,,
O_tau=2.0,3,1.258089e-05,1.666642e-01,"(0, (2, 2, 2, 2, 3))",-9129.559,,,,
O_tau=2.0,3,1.280505e-05,1.666642e-01,"(0, (2, 2, 2, 2, 3))",-8969.556,,,,
O_tau=2.0,3,1.303321e-05,1.666641e-01,"(0, (2, 2, 2, 2, 3))",-8812.354,,,,
O_tau=2.0,3,1.326544e-05,1.666641e-01,"(0, (2, 2, 2, 2, 3))",-8657.904,,,,
O_tau=2.0,3,1.350180e-05,1.666640e-01,"(0, (2, 2, 2, 2, 3))",-8506.158,,,,
O_tau=2.0,3,1.374238e-05,1.666640e-01,"(0, (2, 2, 2, 2, 3))",-8357.068,,,,
O_tau=2.0,3,1.398724e-05,1.666639e-01,"(0, (2, 2, 2, 2, 3))",-8210.588,,,,
O_tau=2.0,3,1.423646e-05,1.666639e-01,"(0, (2, 2, 2, 2, 3))",-8066.673,,,,
O_tau=2.0,3,1.449012e-05,1.666638e-01,"(0, (2, 2, 2, 2, 3))",-7925.277,,,,
O_tau=2.0,3,1.474831e-05,1.666638e-01,"(0, (2, 2, 2, 2, 3))",-7786.357,,,,
O_tau=2.0,3,1.501109e-05,1.666637e-01,"(0, (2, 2, 2, 2, 3))",-7649.868,,,,
O_tau=2.0,3,1.527856e-05,1.666637e-01,"(0, (2, 2, 2, 2, 3))",-7515.769,,,,
O_tau=2.0,3,1.555079e-05,1.666636e-01,"(0, (2, 2, 2, 2, 3))",-7384.018,,,,
O_tau=2.0,3,1.582787e-05,1.666636e-01,"(0, (2, 2, 2, 2, 3))",-7254.573,,,,
O_tau=2.0,3,1.610989e-05,1.666635e-01,"(0, (2, 2, 2, 2, 3))",-7127.394,,,,
O_tau=2.0,3,1.639694e-05,1.666635e-01,"(0, (2, 2, 2, 2, 3))",-7002.442,,,,
O_tau=2.0,3,1.668910e-05,1.666634e-01,"(0, (2, 2, 2, 2, 3))",-6879.677,,,,
O_tau=2.0,3,1.698646e-05,1.666634e-01,"(0, (2, 2, 2, 2, 3))",-6759.061,,,,
O_tau=2.0,3,1.728913e-05,1.666633e-01,"(0, (2, 2, 2, 2, 3))",-6640.557,,,,
O_tau=2.0,3,1.759718e-05,1.666632e-01,"(0, (2, 2, 2, 2, 3))",-6524.128,,,,
O_tau=2.0,3,1.791073e-05,1.666632e-01,"(0, (2, 2, 2, 2, 3))",-6409.736,,,,
O_tau=2.0,3,1.822986e-05,1.666631e-01,"(0, (2, 2, 2, 2, 3))",-6297.348,,,,
O_tau=2.0,3,1.855468e-05,1.666631e-01,"(0, (2, 2, 2, 2, 3))",-6186.927,,,,
O_tau=2.0,3,1.888529e-05,1.666630e-01,"(0, (2, 2, 2, 2, 3))",-6078.439,,,,
O_tau=2.0,3,1.922178e-05,1.666629e-01,"(0, (2, 2, 2, 2, 3))",-5971.850,,,,
O_tau=2.0,3,1.956428e-05,1.666629e-01,"(0, (2, 2, 2, 2, 3))",-5867.127,,,,
O_tau=2.0,3,1.991287e-05,1.666628e-01,"(0, (2, 2, 2, 2, 3))",-5764.238,,,,
O_tau=2.0,3,2.026768e-05,1.666627e-01,"(0, (2, 2, 2, 2, 3))",-5663.150,,,,
O_tau=2.0,3,2.062881e-05,1.666627e-01,"(0, (2, 2, 2, 2, 3))",-5563.832,,,,
O_tau=2.0,3,2.099637e-05,1.666626e-01,"(0, (2, 2, 2, 2, 3))",-5466.252,,,,
O_tau=2.0,3,2.137048e-05,1.666625e-01,"(0, (2, 2, 2, 2, 3))",-5370.381,,,,
O_tau=2.0,3,2.175126e-05,1.666624e-01,"(0, (2, 2, 2, 2, 3))",-5276.188,,,,
O_tau=2.0,3,2.213882e-05,1.666624e-01,"(0, (2, 2, 2, 2, 3))",-5183.644,,,,
O_tau=2.0,3,2.253329e-05,1.666623e-01,"(0, (2, 2, 2, 2, 3))",-5092.720,,,,
O_tau=2.0,3,2.293479e-05,1.666622e-01,"(0, (2, 2, 2, 2, 3))",-5003.388,,,,
O_tau=2.0,3,2.334344e-05,1.666621e-01,"(0, (2, 2, 2, 2, 3))",-4915.620,,,,
O_tau=2.0,3,2.375937e-05,1.666620e-01,"(0, (2, 2, 2, 2, 3))",-4829.388,,,,
O_tau=2.0,3,2.418271e-05,1.666620e-01,"(0, (2, 2, 2, 2, 3))",-4744.666,,,,
O_tau=2.0,3,2.461360e-05,1.666619e-01,"(0, (2, 2, 2, 2, 3))",-4661.427,,,,
O_tau=2.0,3,2.505216e-05,1.666618e-01,"(0, (2, 2, 2, 2, 3))",-4579.646,,,,
O_tau=2.0,3,2.549854e-05,1.666617e-01,"(0, (2, 2, 2, 2, 3))",-4499.296,,,,
O_tau=2.0,3,2.595287e-05,1.666616e-01,"(0, (2, 2, 2, 2, 3))",-4420.353,,,,
O_tau=2.0,3,2.641530e-05,1.666615e-01,"(0, (2, 2, 2, 2, 3))",-4342.792,,,,
O_tau=2.0,3,2.688596e-05,1.666614e-01,"(0, (2, 2, 2, 2, 3))",-4266.589,,,,
O_tau=2.0,3,2.736502e-05,1.666613e-01,"(0, (2, 2, 2, 2, 3))",-4191.720,,,,
O_tau=2.0,3,2.785260e-05,1.666613e-01,"(0, (2, 2, 2, 2, 3))",-4118.161,,,,
O_tau=2.0,3,2.834888e-05,1.666612e-01,"(0, (2, 2, 2, 2, 3))",-4045.891,,,,
O_tau=2.0,3,2.885400e-05,1.666611e-01,"(0, (2, 2, 2, 2, 3))",-3974.886,,,,
O_tau=2.0,3,2.936812e-05,1.666610e-01,"(0, (2, 2, 2, 2, 3))",-3905.123,,,,
O_tau=2.0,3,2.989140e-05,1.666609e-01,"(0, (2, 2, 2, 2, 3))",-3836.582,,,,
O_tau=2.0,3,3.042400e-05,1.666608e-01,"(0, (2, 2, 2, 2, 3))",-3769.241,,,,
O_tau=2.0,3,3.096609e-05,1.666606e-01,"(0, (2, 2, 2, 2, 3))",-3703.079,,,,
O_tau=2.0,3,3.151784e-05,1.666605e-01,"(0, (2, 2, 2, 2, 3))",-3638.076,,,,
O_tau=2.0,3,3.207943e-05,1.666604e-01,"(0, (2, 2, 2, 2, 3))",-3574.210,,,,
O_tau=2.0,3,3.265102e-05,1.666603e-01,"(0, (2, 2, 2, 2, 3))",-3511.462,,,,
O_tau=2.0,3,3.323279e-05,1.666602e-01,"(0, (2, 2, 2, 2, 3))",-3449.813,,,,
O_tau=2.0,3,3.382493e-05,1.666601e-01,"(0, (2, 2, 2, 2, 3))",-3389.243,,,,
O_tau=2.0,3,3.442762e-05,1.666600e-01,"(0, (2, 2, 2, 2, 3))",-3329.734,,,,
O_tau=2.0,3,3.504105e-05,1.666599e-01,"(0, (2, 2, 2, 2, 3))",-3271.266,,,,
O_tau=2.0,3,3.566541e-05,1.666597e-01,"(0, (2, 2, 2, 2, 3))",-3213.822,,,,
O_tau=2.0,3,3.630089e-05,1.666596e-01,"(0, (2, 2, 2, 2, 3))",-3157.384,,,,
O_tau=2.0,3,3.694770e-05,1.666595e-01,"(0, (2, 2, 2, 2, 3))",-3101.934,,,,
O_tau=2.0,3,3.760603e-05,1.666594e-01,"(0, (2, 2, 2, 2, 3))",-3047.455,,,,
O_tau=2.0,3,3.827609e-05,1.666592e-01,"(0, (2, 2, 2, 2, 3))",-2993.929,,,,
O_tau=2.0,3,3.895809e-05,1.666591e-01,"(0, (2, 2, 2, 2, 3))",-2941.340,,,,
O_tau=2.0,3,3.965225e-05,1.666590e-01,"(0, (2, 2, 2, 2, 3))",-2889.672,,,,
O_tau=2.0,3,4.035877e-05,1.666588e-01,"(0, (2, 2, 2, 2, 3))",-2838.909,,,,
O_tau=2.0,3,4.107788e-05,1.666587e-01,"(0, (2, 2, 2, 2, 3))",-2789.035,,,,
O_tau=2.0,3,4.180980e-05,1.666585e-01,"(0, (2, 2, 2, 2, 3))",-2740.033,,,,
O_tau=2.0,3,4.255477e-05,1.666584e-01,"(0, (2, 2, 2, 2, 3))",-2691.890,,,,
O_tau=2.0,3,4.331300e-05,1.666582e-01,"(0, (2, 2, 2, 2, 3))",-2644.589,,,,
O_tau=2.0,3,4.408475e-05,1.666581e-01,"(0, (2, 2, 2, 2, 3))",-2598.117,,,,
O_tau=2.0,3,4.487025e-05,1.666579e-01,"(0, (2, 2, 2, 2, 3))",-2552.458,,,,
O_tau=2.0,3,4.566975e-05,1.666578e-01,"(0, (2, 2, 2, 2, 3))",-2507.598,,,,
O_tau=2.0,3,4.648349e-05,1.666576e-01,"(0, (2, 2, 2, 2, 3))",-2463.524,,,,
O_tau=2.0,3,4.731173e-05,1.666575e-01,"(0, (2, 2, 2, 2, 3))",-2420.221,,,,
O_tau=2.0,3,4.815472e-05,1.666573e-01,"(0, (2, 2, 2, 2, 3))",-2377.677,,,,
O_tau=2.0,3,4.901274e-05,1.666571e-01,"(0, (2, 2, 2, 2, 3))",-2335.877,,,,
O_tau=2.0,3,4.988605e-05,1.666570e-01,"(0, (2, 2, 2, 2, 3))",-2294.810,,,,
O_tau=2.0,3,5.077491e-05,1.666568e-01,"(0, (2, 2, 2, 2, 3))",-2254.461,,,,
O_tau=2.0,3,5.167962e-05,1.666566e-01,"(0, (2, 2, 2, 2, 3))",-2214.819,,,,
O_tau=2.0,3,5.260044e-05,1.666564e-01,"(0, (2, 2, 2, 2, 3))",-2175.870,,,,
O_tau=2.0,3,5.353767e-05,1.666563e-01,"(0, (2, 2, 2, 2, 3))",-2137.604,,,,
O_tau=2.0,3,5.449160e-05,1.666561e-01,"(0, (2, 2, 2, 2, 3))",-2100.008,,,,
O_tau=2.0,3,5.546253e-05,1.666559e-01,"(0, (2, 2, 2, 2, 3))",-2063.069,,,,
O_tau=2.0,3,5.645076e-05,1.666557e-01,"(0, (2, 2, 2, 2, 3))",-2026.778,,,,
O_tau=2.0,3,5.745660e-05,1.666555e-01,"(0, (2, 2, 2, 2, 3))",-1991.122,,,,
O_tau=2.0,3,5.848035e-05,1.666553e-01,"(0, (2, 2, 2, 2, 3))",-1956.090,,,,
O_tau=2.0,3,5.952235e-05,1.666551e-01,"(0, (2, 2, 2, 2, 3))",-1921.671,,,,
O_tau=2.0,3,6.058292e-05,1.666549e-01,"(0, (2, 2, 2, 2, 3))",-1887.855,,,,
O_tau=2.0,3,6.166238e-05,1.666547e-01,"(0, (2, 2, 2, 2, 3))",-1854.632,,,,
O_tau=2.0,3,6.276108e-05,1.666545e-01,"(0, (2, 2, 2, 2, 3))",-1821.989,,,,
O_tau=2.0,3,6.387935e-05,1.666542e-01,"(0, (2, 2, 2, 2, 3))",-1789.919,,,,
O_tau=2.0,3,6.501755e-05,1.666540e-01,"(0, (2, 2, 2, 2, 3))",-1758.410,,,,
O_tau=2.0,3,6.617603e-05,1.666538e-01,"(0, (2, 2, 2, 2, 3))",-1727.452,,,,
O_tau=2.0,3,6.735515e-05,1.666536e-01,"(0, (2, 2, 2, 2, 3))",-1697.037,,,,
O_tau=2.0,3,6.855528e-05,1.666533e-01,"(0, (2, 2, 2, 2, 3))",-1667.154,,,,
O_tau=2.0,3,6.977679e-05,1.666531e-01,"(0, (2, 2, 2, 2, 3))",-1637.794,,,,
O_tau=2.0,3,7.102007e-05,1.666529e-01,"(0, (2, 2, 2, 2, 3))",-1608.948,,,,
O_tau=2.0,3,7.228550e-05,1.666526e-01,"(0, (2, 2, 2, 2, 3))",-1580.607,,,,
O_tau=2.0,3,7.357348e-05,1.666524e-01,"(0, (2, 2, 2, 2, 3))",-1552.763,,,,
O_tau=2.0,3,7.488441e-05,1.666521e-01,"(0, (2, 2, 2, 2, 3))",-1525.406,,,,
O_tau=2.0,3,7.621869e-05,1.666518e-01,"(0, (2, 2, 2, 2, 3))",-1498.528,,,,
O_tau=2.0,3,7.757675e-05,1.666516e-01,"(0, (2, 2, 2, 2, 3))",-1472.120,,,,
O_tau=2.0,3,7.895901e-05,1.666513e-01,"(0, (2, 2, 2, 2, 3))",-1446.175,,,,
O_tau=2.0,3,8.036590e-05,1.666510e-01,"(0, (2, 2, 2, 2, 3))",-1420.685,,,,
O_tau=2.0,3,8.179785e-05,1.666508e-01,"(0, (2, 2, 2, 2, 3))",-1395.640,,,,
O_tau=2.0,3,8.325532e-05,1.666505e-01,"(0, (2, 2, 2, 2, 3))",-1371.034,,,,
O_tau=2.0,3,8.473876e-05,1.666502e-01,"(0, (2, 2, 2, 2, 3))",-1346.859,,,,
O_tau=2.0,3,8.624863e-05,1.666499e-01,"(0, (2, 2, 2, 2, 3))",-1323.107,,,,
O_tau=2.0,3,8.778540e-05,1.666496e-01,"(0, (2, 2, 2, 2, 3))",-1299.771,,,,
O_tau=2.0,3,8.934956e-05,1.666493e-01,"(0, (2, 2, 2, 2, 3))",-1276.844,,,,
O_tau=2.0,3,9.094158e-05,1.666490e-01,"(0, (2, 2, 2, 2, 3))",-1254.318,,,,
O_tau=2.0,3,9.256197e-05,1.666487e-01,"(0, (2, 2, 2, 2, 3))",-1232.186,,,,
O_tau=2.0,3,9.421124e-05,1.666484e-01,"(0, (2, 2, 2, 2, 3))",-1210.442,,,,
O_tau=2.0,3,9.588989e-05,1.666480e-01,"(0, (2, 2, 2, 2, 3))",-1189.079,,,,
O_tau=2.0,3,9.759844e-05,1.666477e-01,"(0, (2, 2, 2, 2, 3))",-1168.089,,,,
O_tau=2.0,3,9.933745e-05,1.666474e-01,"(0, (2, 2, 2, 2, 3))",-1147.467,,,,
O_tau=2.0,3,1.011074e-04,1.666470e-01,"(0, (2, 2, 2, 2, 3))",-1127.207,,,,
O_tau=2.0,3,1.029090e-04,1.666467e-01,"(0, (2, 2, 2, 2, 3))",-1107.301,,,,
O_tau=2.0,3,1.047426e-04,1.666463e-01,"(0, (2, 2, 2, 2, 3))",-1087.743,,,,
O_tau=2.0,3,1.066089e-04,1.666459e-01,"(0, (2, 2, 2, 2, 3))",-1068.528,,,,
O_tau=2.0,3,1.085084e-04,1.666456e-01,"(0, (2, 2, 2, 2, 3))",-1049.650,,,,
O_tau=2.0,3,1.104418e-04,1.666452e-01,"(0, (2, 2, 2, 2, 3))",-1031.102,,,,
O_tau=2.0,3,1.124097e-04,1.666448e-01,"(0, (2, 2, 2, 2, 3))",-1012.878,,,,
O_tau=2.0,3,1.144126e-04,1.666444e-01,"(0, (2, 2, 2, 2, 3))",-994.974,,,,
O_tau=2.0,3,1.164512e-04,1.666440e-01,"(0, (2, 2, 2, 2, 3))",-977.384,,,,
O_tau=2.0,3,1.185261e-04,1.666436e-01,"(0, (2, 2, 2, 2, 3))",-960.101,,,,
O_tau=2.0,3,1.206380e-04,1.666432e-01,"(0, (2, 2, 2, 2, 3))",-943.121,,,,
O_tau=2.0,3,1.227875e-04,1.666428e-01,"(0, (2, 2, 2, 2, 3))",-926.438,,,,
O_tau=2.0,3,1.249753e-04,1.666424e-01,"(0, (2, 2, 2, 2, 3))",-910.048,,,,
O_tau=2.0,3,1.272021e-04,1.666419e-01,"(0, (2, 2, 2, 2, 3))",-893.944,,,,
O_tau=2.0,3,1.294686e-04,1.666415e-01,"(0, (2, 2, 2, 2, 3))",-878.122,,,,
O_tau=2.0,3,1.317755e-04,1.666410e-01,"(0, (2, 2, 2, 2, 3))",-862.578,,,,
O_tau=2.0,3,1.341234e-04,1.666406e-01,"(0, (2, 2, 2, 2, 3))",-847.305,,,,
O_tau=2.0,3,1.365132e-04,1.666401e-01,"(0, (2, 2, 2, 2, 3))",-832.301,,,,
O_tau=2.0,3,1.389456e-04,1.666397e-01,"(0, (2, 2, 2, 2, 3))",-817.558,,,,
O_tau=2.0,3,1.414214e-04,1.666392e-01,"(0, (2, 2, 2, 2, 3))",-803.074,,,,
O_tau=2.0,3,1.439412e-04,1.666387e-01,"(0, (2, 2, 2, 2, 3))",-788.844,,,,
O_tau=2.0,3,1.465059e-04,1.666382e-01,"(0, (2, 2, 2, 2, 3))",-774.863,,,,
O_tau=2.0,3,1.491164e-04,1.666377e-01,"(0, (2, 2, 2, 2, 3))",-761.126,,,,
O_tau=2.0,3,1.517733e-04,1.666372e-01,"(0, (2, 2, 2, 2, 3))",-747.630,,,,
O_tau=2.0,3,1.544776e-04,1.666366e-01,"(0, (2, 2, 2, 2, 3))",-734.371,,,,
O_tau=2.0,3,1.572301e-04,1.666361e-01,"(0, (2, 2, 2, 2, 3))",-721.343,,,,
O_tau=2.0,3,1.600316e-04,1.666356e-01,"(0, (2, 2, 2, 2, 3))",-708.544,,,,
O_tau=2.0,3,1.628830e-04,1.666350e-01,"(0, (2, 2, 2, 2, 3))",-695.969,,,,
O_tau=2.0,3,1.657853e-04,1.666344e-01,"(0, (2, 2, 2, 2, 3))",-683.614,,,,
O_tau=2.0,3,1.687392e-04,1.666339e-01,"(0, (2, 2, 2, 2, 3))",-671.475,,,,
O_tau=2.0,3,1.717458e-04,1.666333e-01,"(0, (2, 2, 2, 2, 3))",-659.549,,,,
O_tau=2.0,3,1.748059e-04,1.666327e-01,"(0, (2, 2, 2, 2, 3))",-647.832,,,,
O_tau=2.0,3,1.779206e-04,1.666321e-01,"(0, (2, 2, 2, 2, 3))",-636.320,,,,
O_tau=2.0,3,1.810908e-04,1.666315e-01,"(0, (2, 2, 2, 2, 3))",-625.010,,,,
O_tau=2.0,3,1.843175e-04,1.666308e-01,"(0, (2, 2, 2, 2, 3))",-613.898,,,,
O_tau=2.0,3,1.876016e-04,1.666302e-01,"(0, (2, 2, 2, 2, 3))",-602.980,,,,
O_tau=2.0,3,1.909443e-04,1.666296e-01,"(0, (2, 2, 2, 2, 3))",-592.253,,,,
O_tau=2.0,3,1.943465e-04,1.666289e-01,"(0, (2, 2, 2, 2, 3))",-581.715,,,,
O_tau=2.0,3,1.978094e-04,1.666282e-01,"(0, (2, 2, 2, 2, 3))",-571.361,,,,
O_tau=2.0,3,2.013339e-04,1.666275e-01,"(0, (2, 2, 2, 2, 3))",-561.188,,,,
O_tau=2.0,3,2.049213e-04,1.666268e-01,"(0, (2, 2, 2, 2, 3))",-551.193,,,,
O_tau=2.0,3,2.085726e-04,1.666261e-01,"(0, (2, 2, 2, 2, 3))",-541.374,,,,
O_tau=2.0,3,2.122889e-04,1.666254e-01,"(0, (2, 2, 2, 2, 3))",-531.726,,,,
O_tau=2.0,3,2.160715e-04,1.666247e-01,"(0, (2, 2, 2, 2, 3))",-522.247,,,,
O_tau=2.0,3,2.199214e-04,1.666239e-01,"(0, (2, 2, 2, 2, 3))",-512.935,,,,
O_tau=2.0,3,2.238399e-04,1.666232e-01,"(0, (2, 2, 2, 2, 3))",-503.785,,,,
O_tau=2.0,3,2.278283e-04,1.666224e-01,"(0, (2, 2, 2, 2, 3))",-494.796,,,,
O_tau=2.0,3,2.318877e-04,1.666216e-01,"(0, (2, 2, 2, 2, 3))",-485.964,,,,
O_tau=2.0,3,2.360195e-04,1.666208e-01,"(0, (2, 2, 2, 2, 3))",-477.287,,,,
O_tau=2.0,3,2.402249e-04,1.666200e-01,"(0, (2, 2, 2, 2, 3))",-468.761,,,,
O_tau=2.0,3,2.445052e-04,1.666191e-01,"(0, (2, 2, 2, 2, 3))",-460.385,,,,
O_tau=2.0,3,2.488618e-04,1.666183e-01,"(0, (2, 2, 2, 2, 3))",-452.156,,,,
O_tau=2.0,3,2.532960e-04,1.666174e-01,"(0, (2, 2, 2, 2, 3))",-444.071,,,,
O_tau=2.0,3,2.578092e-04,1.666166e-01,"(0, (2, 2, 2, 2, 3))",-436.127,,,,
O_tau=2.0,3,2.624028e-04,1.666157e-01,"(0, (2, 2, 2, 2, 3))",-428.323,,,,
O_tau=2.0,3,2.670783e-04,1.666148e-01,"(0, (2, 2, 2, 2, 3))",-420.655,,,,
O_tau=2.0,3,2.718371e-04,1.666138e-01,"(0, (2, 2, 2, 2, 3))",-413.122,,,,
O_tau=2.0,3,2.766807e-04,1.666129e-01,"(0, (2, 2, 2, 2, 3))",-405.720,,,,
O_tau=2.0,3,2.816105e-04,1.666119e-01,"(0, (2, 2, 2, 2, 3))",-398.449,,,,
O_tau=2.0,3,2.866283e-04,1.666110e-01,"(0, (2, 2, 2, 2, 3))",-391.304,,,,
O_tau=2.0,3,2.917354e-04,1.666100e-01,"(0, (2, 2, 2, 2, 3))",-384.285,,,,
O_tau=2.0,3,2.969335e-04,1.666090e-01,"(0, (2, 2, 2, 2, 3))",-377.389,,,,
O_tau=2.0,3,3.022242e-04,1.666079e-01,"(0, (2, 2, 2, 2, 3))",-370.613,,,,
O_tau=2.0,3,3.076093e-04,1.666069e-01,"(0, (2, 2, 2, 2, 3))",-363.956,,,,
O_tau=2.0,3,3.130902e-04,1.666058e-01,"(0, (2, 2, 2, 2, 3))",-357.416,,,,
O_tau=2.0,3,3.186688e-04,1.666047e-01,"(0, (2, 2, 2, 2, 3))",-350.990,,,,
O_tau=2.0,3,3.243469e-04,1.666036e-01,"(0, (2, 2, 2, 2, 3))",-344.677,,,,
O_tau=2.0,3,3.301261e-04,1.666025e-01,"(0, (2, 2, 2, 2, 3))",-338.474,,,,
O_tau=2.0,3,3.360082e-04,1.666014e-01,"(0, (2, 2, 2, 2, 3))",-332.380,,,,
O_tau=2.0,3,3.419952e-04,1.666002e-01,"(0, (2, 2, 2, 2, 3))",-326.393,,,,
O_tau=2.0,3,3.480888e-04,1.665990e-01,"(0, (2, 2, 2, 2, 3))",-320.511,,,,
O_tau=2.0,3,3.542911e-04,1.665978e-01,"(0, (2, 2, 2, 2, 3))",-314.732,,,,
O_tau=2.0,3,3.606038e-04,1.665966e-01,"(0, (2, 2, 2, 2, 3))",-309.054,,,,
O_tau=2.0,3,3.670290e-04,1.665953e-01,"(0, (2, 2, 2, 2, 3))",-303.475,,,,
O_tau=2.0,3,3.735687e-04,1.665941e-01,"(0, (2, 2, 2, 2, 3))",-297.994,,,,
O_tau=2.0,3,3.802249e-04,1.665928e-01,"(0, (2, 2, 2, 2, 3))",-292.609,,,,
O_tau=2.0,3,3.869998e-04,1.665915e-01,"(0, (2, 2, 2, 2, 3))",-287.319,,,,
O_tau=2.0,3,3.938953e-04,1.665901e-01,"(0, (2, 2, 2, 2, 3))",-282.121,,,,
O_tau=2.0,3,4.009137e-04,1.665888e-01,"(0, (2, 2, 2, 2, 3))",-277.014,,,,
O_tau=2.0,3,4.080572e-04,1.665874e-01,"(0, (2, 2, 2, 2, 3))",-271.997,,,,
O_tau=2.0,3,4.153279e-04,1.665860e-01,"(0, (2, 2, 2, 2, 3))",-267.068,,,,
O_tau=2.0,3,4.227282e-04,1.665845e-01,"(0, (2, 2, 2, 2, 3))",-262.225,,,,
O_tau=2.0,3,4.302603e-04,1.665831e-01,"(0, (2, 2, 2, 2, 3))",-257.467,,,,
O_tau=2.0,3,4.379267e-04,1.665816e-01,"(0, (2, 2, 2, 2, 3))",-252.792,,,,
O_tau=2.0,3,4.457296e-04,1.665801e-01,"(0, (2, 2, 2, 2, 3))",-248.199,,,,
O_tau=2.0,3,4.536716e-04,1.665785e-01,"(0, (2, 2, 2, 2, 3))",-243.686,,,,
O_tau=2.0,3,4.617551e-04,1.665769e-01,"(0, (2, 2, 2, 2, 3))",-239.253,,,,
O_tau=2.0,3,4.699826e-04,1.665754e-01,"(0, (2, 2, 2, 2, 3))",-234.897,,,,
O_tau=2.0,3,4.783567e-04,1.665737e-01,"(0, (2, 2, 2, 2, 3))",-230.618,,,,
O_tau=2.0,3,4.868801e-04,1.665721e-01,"(0, (2, 2, 2, 2, 3))",-226.414,,,,
O_tau=2.0,3,4.955553e-04,1.665704e-01,"(0, (2, 2, 2, 2, 3))",-222.283,,,,
O_tau=2.0,3,5.043850e-04,1.665687e-01,"(0, (2, 2, 2, 2, 3))",-218.224,,,,
O_tau=2.0,3,5.133721e-04,1.665669e-01,"(0, (2, 2, 2, 2, 3))",-214.237,,,,
O_tau=2.0,3,5.225194e-04,1.665652e-01,"(0, (2, 2, 2, 2, 3))",-210.320,,,,
O_tau=2.0,3,5.318296e-04,1.665633e-01,"(0, (2, 2, 2, 2, 3))",-206.471,,,,
O_tau=2.0,3,5.413057e-04,1.665615e-01,"(0, (2, 2, 2, 2, 3))",-202.690,,,,
O_tau=2.0,3,5.509506e-04,1.665596e-01,"(0, (2, 2, 2, 2, 3))",-198.975,,,,
O_tau=2.0,3,5.607674e-04,1.665577e-01,"(0, (2, 2, 2, 2, 3))",-195.325,,,,
O_tau=2.0,3,5.707592e-04,1.665558e-01,"(0, (2, 2, 2, 2, 3))",-191.739,,,,
O_tau=2.0,3,5.809289e-04,1.665538e-01,"(0, (2, 2, 2, 2, 3))",-188.216,,,,
O_tau=2.0,3,5.912799e-04,1.665518e-01,"(0, (2, 2, 2, 2, 3))",-184.755,,,,
O_tau=2.0,3,6.018153e-04,1.665498e-01,"(0, (2, 2, 2, 2, 3))",-181.354,,,,
O_tau=2.0,3,6.125384e-04,1.665477e-01,"(0, (2, 2, 2, 2, 3))",-178.013,,,,
O_tau=2.0,3,6.234525e-04,1.665456e-01,"(0, (2, 2, 2, 2, 3))",-174.730,,,,
O_tau=2.0,3,6.345612e-04,1.665434e-01,"(0, (2, 2, 2, 2, 3))",-171.505,,,,
O_tau=2.0,3,6.458677e-04,1.665412e-01,"(0, (2, 2, 2, 2, 3))",-168.337,,,,
O_tau=2.0,3,6.573758e-04,1.665390e-01,"(0, (2, 2, 2, 2, 3))",-165.224,,,,
O_tau=2.0,3,6.690889e-04,1.665367e-01,"(0, (2, 2, 2, 2, 3))",-162.165,,,4334,4334
O_tau=2.0,3,6.810106e-04,1.665344e-01,"(0, (2, 2, 2, 2, 3))",-159.161,,,4249,4249
O_tau=2.0,3,6.931448e-04,1.665320e-01,"(0, (2, 2, 2, 2, 3))",-156.208,,,4166,4166
O_tau=2.0,3,7.054953e-04,1.665296e-01,"(0, (2, 2, 2, 2, 3))",-153.308,,,4085,4085
O_tau=2.0,3,7.180657e-04,1.665272e-01,"(0, (2, 2, 2, 2, 3))",-150.458,,,4006,4006
O_tau=2.0,3,7.308602e-04,1.665247e-01,"(0, (2, 2, 2, 2, 3))",-147.659,,,3927,3927
O_tau=2.0,3,7.438826e-04,1.665222e-01,"(0, (2, 2, 2, 2, 3))",-144.908,,,3851,3851
O_tau=2.0,3,7.571370e-04,1.665196e-01,"(0, (2, 2, 2, 2, 3))",-142.206,,,3776,3776
O_tau=2.0,3,7.706277e-04,1.665170e-01,"(0, (2, 2, 2, 2, 3))",-139.551,,,3702,3702
O_tau=2.0,3,7.843587e-04,1.665143e-01,"(0, (2, 2, 2, 2, 3))",-136.943,,,3630,3630
O_tau=2.0,3,7.983343e-04,1.665116e-01,"(0, (2, 2, 2, 2, 3))",-134.380,,,3559,3559
O_tau=2.0,3,8.125590e-04,1.665089e-01,"(0, (2, 2, 2, 2, 3))",-131.862,,,3489,3489
O_tau=2.0,3,8.270371e-04,1.665061e-01,"(0, (2, 2, 2, 2, 3))",-129.389,,,3421,3421
O_tau=2.0,3,8.417732e-04,1.665032e-01,"(0, (2, 2, 2, 2, 3))",-126.959,,,3354,3354
O_tau=2.0,3,8.567719e-04,1.665003e-01,"(0, (2, 2, 2, 2, 3))",-124.571,4359,,3289,3289
O_tau=2.0,3,8.720378e-04,1.664973e-01,"(0, (2, 2, 2, 2, 3))",-122.225,4277,,3224,3224
O_tau=2.0,3,8.875757e-04,1.664943e-01,"(0, (2, 2, 2, 2, 3))",-119.921,4194,,3161,3161
O_tau=2.0,3,9.033905e-04,1.664913e-01,"(0, (2, 2, 2, 2, 3))",-117.657,4113,4382,3100,3100
O_tau=2.0,3,9.194870e-04,1.664881e-01,"(0, (2, 2, 2, 2, 3))",-115.432,4035,4299,3039,3039
O_tau=2.0,3,9.358704e-04,1.664850e-01,"(0, (2, 2, 2, 2, 3))",-113.247,3956,4217,2979,2979
O_tau=2.0,3,9.525456e-04,1.664817e-01,"(0, (2, 2, 2, 2, 3))",-111.099,3880,4135,2921,2921
O_tau=2.0,3,9.695180e-04,1.664784e-01,"(0, (2, 2, 2, 2, 3))",-108.990,3807,4055,2864,2864
O_tau=2.0,3,9.867929e-04,1.664751e-01,"(0, (2, 2, 2, 2, 3))",-106.917,3734,3978,2808,2808
O_tau=2.0,3,1.004375e-03,1.664717e-01,"(0, (2, 2, 2, 2, 3))",-104.881,3664,3900,2753,2753
O_tau=2.0,3,1.022271e-03,1.664682e-01,"(0, (2, 2, 2, 2, 3))",-102.881,3591,3827,2699,2699
O_tau=2.0,3,1.040486e-03,1.664647e-01,"(0, (2, 2, 2, 2, 3))",-100.916,3522,3754,2646,2646
O_tau=2.0,3,1.059025e-03,1.664611e-01,"(0, (2, 2, 2, 2, 3))",-98.985,3455,3682,2594,2594
O_tau=2.0,3,1.077895e-03,1.664574e-01,"(0, (2, 2, 2, 2, 3))",-97.088,3387,3611,2543,2543
O_tau=2.0,3,1.097101e-03,1.664537e-01,"(0, (2, 2, 2, 2, 3))",-95.224,3326,3546,2493,2493
O_tau=2.0,3,1.116649e-03,1.664499e-01,"(0, (2, 2, 2, 2, 3))",-93.393,3258,3474,2445,2445
O_tau=2.0,3,1.136545e-03,1.664461e-01,"(0, (2, 2, 2, 2, 3))",-91.594,3196,3409,2397,2397
O_tau=2.0,3,1.156796e-03,1.664422e-01,"(0, (2, 2, 2, 2, 3))",-89.827,3133,3344,2350,2350
O_tau=2.0,3,1.177408e-03,1.664382e-01,"(0, (2, 2, 2, 2, 3))",-88.090,3075,3278,2303,2303
O_tau=2.0,3,1.198387e-03,1.664341e-01,"(0, (2, 2, 2, 2, 3))",-86.384,3015,3218,2258,2258
O_tau=2.0,3,1.219740e-03,1.664300e-01,"(0, (2, 2, 2, 2, 3))",-84.708,2959,3154,2214,2214
O_tau=2.0,3,1.241473e-03,1.664258e-01,"(0, (2, 2, 2, 2, 3))",-83.062,2902,3095,2171,2171
O_tau=2.0,3,1.263594e-03,1.664215e-01,"(0, (2, 2, 2, 2, 3))",-81.444,2845,3035,2128,2128
O_tau=2.0,3,1.286108e-03,1.664171e-01,"(0, (2, 2, 2, 2, 3))",-79.855,2789,2980,2086,2086
O_tau=2.0,3,1.309024e-03,1.664127e-01,"(0, (2, 2, 2, 2, 3))",-78.293,2737,2921,2045,2045
O_tau=2.0,3,1.332348e-03,1.664082e-01,"(0, (2, 2, 2, 2, 3))",-76.759,2682,2865,2005,2005
O_tau=2.0,3,1.356088e-03,1.664036e-01,"(0, (2, 2, 2, 2, 3))",-75.252,2630,2810,1965,1965
O_tau=2.0,3,1.380250e-03,1.663989e-01,"(0, (2, 2, 2, 2, 3))",-73.772,2582,2754,1927,1927
O_tau=2.0,3,1.404844e-03,1.663941e-01,"(0, (2, 2, 2, 2, 3))",-72.317,2530,2703,1889,1889
O_tau=2.0,3,1.429875e-03,1.663893e-01,"(0, (2, 2, 2, 2, 3))",-70.888,2484,2651,1852,1852
O_tau=2.0,3,1.455352e-03,1.663844e-01,"(0, (2, 2, 2, 2, 3))",-69.484,2435,2602,1816,1816
O_tau=2.0,3,1.481284e-03,1.663793e-01,"(0, (2, 2, 2, 2, 3))",-68.105,2386,2551,1780,1780
O_tau=2.0,3,1.507677e-03,1.663742e-01,"(0, (2, 2, 2, 2, 3))",-66.749,2341,2500,1745,1745
O_tau=2.0,3,1.534541e-03,1.663690e-01,"(0, (2, 2, 2, 2, 3))",-65.418,2296,2455,1710,1710
O_tau=2.0,3,1.561883e-03,1.663637e-01,"(0, (2, 2, 2, 2, 3))",-64.110,2252,2407,1676,1676
O_tau=2.0,3,1.589713e-03,1.663584e-01,"(0, (2, 2, 2, 2, 3))",-62.825,2210,2361,1644,1644
O_tau=2.0,3,1.618038e-03,1.663529e-01,"(0, (2, 2, 2, 2, 3))",-61.563,2164,2316,1611,1611
O_tau=2.0,3,1.646868e-03,1.663473e-01,"(0, (2, 2, 2, 2, 3))",-60.322,2127,2272,1579,1579
O_tau=2.0,3,1.676212e-03,1.663416e-01,"(0, (2, 2, 2, 2, 3))",-59.104,2081,2224,1548,1548
O_tau=2.0,3,1.706079e-03,1.663359e-01,"(0, (2, 2, 2, 2, 3))",-57.907,2040,2184,1518,1518
O_tau=2.0,3,1.736478e-03,1.663300e-01,"(0, (2, 2, 2, 2, 3))",-56.730,2003,2143,1488,1488
O_tau=2.0,3,1.767418e-03,1.663240e-01,"(0, (2, 2, 2, 2, 3))",-55.575,1963,2102,1458,1458
O_tau=2.0,3,1.798910e-03,1.663179e-01,"(0, (2, 2, 2, 2, 3))",-54.440,1926,2060,1430,1430
O_tau=2.0,3,1.830963e-03,1.663117e-01,"(0, (2, 2, 2, 2, 3))",-53.325,1889,2021,1401,1401
O_tau=2.0,3,1.863587e-03,1.663054e-01,"(0, (2, 2, 2, 2, 3))",-52.229,1853,1984,1374,1374
O_tau=2.0,3,1.896792e-03,1.662990e-01,"(0, (2, 2, 2, 2, 3))",-51.153,1819,1943,1347,1347
O_tau=2.0,3,1.930589e-03,1.662925e-01,"(0, (2, 2, 2, 2, 3))",-50.095,1784,1907,1320,1320
O_tau=2.0,3,1.964988e-03,1.662858e-01,"(0, (2, 2, 2, 2, 3))",-49.056,1745,1872,1294,1294
O_tau=2.0,3,2.000000e-03,1.662790e-01,"(0, (2, 2, 2, 2, 3))",-48.036,1713,1837,1269,1269
O_tau=2.0,3,2.031395e-03,1.662730e-01,"(0, (2, 2, 2, 2, 3))",-47.150,1684,1804,1247,1247
O_tau=2.0,3,2.063282e-03,1.662668e-01,"(0, (2, 2, 2, 2, 3))",-46.279,1659,1771,1225,1225
O_tau=2.0,3,2.095671e-03,1.662606e-01,"(0, (2, 2, 2, 2, 3))",-45.421,1628,1742,1203,1203
O_tau=2.0,3,2.128567e-03,1.662542e-01,"(0, (2, 2, 2, 2, 3))",-44.576,1599,1713,1182,1182
O_tau=2.0,3,2.161980e-03,1.662478e-01,"(0, (2, 2, 2, 2, 3))",-43.745,1573,1684,1161,1161
O_tau=2.0,3,2.195917e-03,1.662412e-01,"(0, (2, 2, 2, 2, 3))",-42.926,1546,1659,1141,1141
O_tau=2.0,3,2.230388e-03,1.662346e-01,"(0, (2, 2, 2, 2, 3))",-42.120,1520,1628,1121,1121
O_tau=2.0,3,2.265399e-03,1.662278e-01,"(0, (2, 2, 2, 2, 3))",-41.327,1490,1599,1102,1102
O_tau=2.0,3,2.300960e-03,1.662209e-01,"(0, (2, 2, 2, 2, 3))",-40.546,1466,1574,1082,1082
O_tau=2.0,3,2.337079e-03,1.662140e-01,"(0, (2, 2, 2, 2, 3))",-39.777,1443,1548,1064,1064
O_tau=2.0,3,2.373765e-03,1.662069e-01,"(0, (2, 2, 2, 2, 3))",-39.019,1419,1522,1045,1045
O_tau=2.0,3,2.411027e-03,1.661997e-01,"(0, (2, 2, 2, 2, 3))",-38.274,1390,1491,1027,1027
O_tau=2.0,3,2.448874e-03,1.661924e-01,"(0, (2, 2, 2, 2, 3))",-37.540,1370,1466,1009,1009
O_tau=2.0,3,2.487314e-03,1.661850e-01,"(0, (2, 2, 2, 2, 3))",-36.818,1344,1443,991,991
O_tau=2.0,3,2.526359e-03,1.661775e-01,"(0, (2, 2, 2, 2, 3))",-36.107,1322,1419,974,974
O_tau=2.0,3,2.566016e-03,1.661698e-01,"(0, (2, 2, 2, 2, 3))",-35.407,1302,1392,957,957
O_tau=2.0,3,2.606296e-03,1.661620e-01,"(0, (2, 2, 2, 2, 3))",-34.718,1279,1371,940,940
O_tau=2.0,3,2.647208e-03,1.661542e-01,"(0, (2, 2, 2, 2, 3))",-34.039,1257,1347,923,923
O_tau=2.0,3,2.688762e-03,1.661461e-01,"(0, (2, 2, 2, 2, 3))",-33.371,1233,1324,907,907
O_tau=2.0,3,2.730969e-03,1.661380e-01,"(0, (2, 2, 2, 2, 3))",-32.713,1214,1304,891,891
O_tau=2.0,3,2.773838e-03,1.661298e-01,"(0, (2, 2, 2, 2, 3))",-32.066,1190,1281,876,876
O_tau=2.0,3,2.817380e-03,1.661214e-01,"(0, (2, 2, 2, 2, 3))",-31.429,1172,1258,860,860
O_tau=2.0,3,2.861605e-03,1.661128e-01,"(0, (2, 2, 2, 2, 3))",-30.801,1153,1234,845,845
O_tau=2.0,3,2.906525e-03,1.661042e-01,"(0, (2, 2, 2, 2, 3))",-30.184,1133,1215,831,831
O_tau=2.0,3,2.952150e-03,1.660954e-01,"(0, (2, 2, 2, 2, 3))",-29.575,1111,1197,816,816
O_tau=2.0,3,2.998491e-03,1.660865e-01,"(0, (2, 2, 2, 2, 3))",-28.977,1096,1175,802,802
O_tau=2.0,3,3.045559e-03,1.660774e-01,"(0, (2, 2, 2, 2, 3))",-28.387,1077,1156,788,788
O_tau=2.0,3,3.093367e-03,1.660682e-01,"(0, (2, 2, 2, 2, 3))",-27.807,1058,1135,774,774
O_tau=2.0,3,3.141924e-03,1.660589e-01,"(0, (2, 2, 2, 2, 3))",-27.236,1040,1116,760,760
O_tau=2.0,3,3.191244e-03,1.660494e-01,"(0, (2, 2, 2, 2, 3))",-26.674,1023,1097,747,747
O_tau=2.0,3,3.241339e-03,1.660397e-01,"(0, (2, 2, 2, 2, 3))",-26.120,1002,1081,734,734
O_tau=2.0,3,3.292219e-03,1.660299e-01,"(0, (2, 2, 2, 2, 3))",-25.575,986,1060,721,721
O_tau=2.0,3,3.343898e-03,1.660200e-01,"(0, (2, 2, 2, 2, 3))",-25.039,968,1043,708,708
O_tau=2.0,3,3.396389e-03,1.660099e-01,"(0, (2, 2, 2, 2, 3))",-24.511,953,1024,696,696
O_tau=2.0,3,3.449703e-03,1.659997e-01,"(0, (2, 2, 2, 2, 3))",-23.991,934,1008,683,683
O_tau=2.0,3,3.503855e-03,1.659893e-01,"(0, (2, 2, 2, 2, 3))",-23.479,919,987,671,671
O_tau=2.0,3,3.558856e-03,1.659787e-01,"(0, (2, 2, 2, 2, 3))",-22.975,902,972,660,660
O_tau=2.0,3,3.614721e-03,1.659679e-01,"(0, (2, 2, 2, 2, 3))",-22.479,890,956,648,648
O_tau=2.0,3,3.671462e-03,1.659570e-01,"(0, (2, 2, 2, 2, 3))",-21.991,872,938,637,637
O_tau=2.0,3,3.729095e-03,1.659460e-01,"(0, (2, 2, 2, 2, 3))",-21.510,859,924,626,626
O_tau=2.0,3,3.787632e-03,1.659347e-01,"(0, (2, 2, 2, 2, 3))",-21.037,845,907,615,615
O_tau=2.0,3,3.847088e-03,1.659233e-01,"(0, (2, 2, 2, 2, 3))",-20.571,830,892,604,604
O_tau=2.0,3,3.907477e-03,1.659117e-01,"(0, (2, 2, 2, 2, 3))",-20.112,815,875,593,593
O_tau=2.0,3,3.968814e-03,1.658999e-01,"(0, (2, 2, 2, 2, 3))",-19.661,799,862,582,582
O_tau=2.0,3,4.031114e-03,1.658880e-01,"(0, (2, 2, 2, 2, 3))",-19.216,785,847,572,572
O_tau=2.0,3,4.094392e-03,1.658758e-01,"(0, (2, 2, 2, 2, 3))",-18.779,775,832,562,562
O_tau=2.0,3,4.158663e-03,1.658635e-01,"(0, (2, 2, 2, 2, 3))",-18.348,758,820,552,552
O_tau=2.0,3,4.223944e-03,1.658510e-01,"(0, (2, 2, 2, 2, 3))",-17.924,745,803,542,542
O_tau=2.0,3,4.290249e-03,1.658383e-01,"(0, (2, 2, 2, 2, 3))",-17.507,732,790,533,533
O_tau=2.0,3,4.357594e-03,1.658254e-01,"(0, (2, 2, 2, 2, 3))",-17.096,721,778,523,523
O_tau=2.0,3,4.425997e-03,1.658122e-01,"(0, (2, 2, 2, 2, 3))",-16.691,708,762,514,514
O_tau=2.0,3,4.495474e-03,1.657989e-01,"(0, (2, 2, 2, 2, 3))",-16.293,696,750,505,505
O_tau=2.0,3,4.566041e-03,1.657854e-01,"(0, (2, 2, 2, 2, 3))",-15.901,685,740,496,496
O_tau=2.0,3,4.637716e-03,1.657717e-01,"(0, (2, 2, 2, 2, 3))",-15.515,675,724,488,488
O_tau=2.0,3,4.710516e-03,1.657577e-01,"(0, (2, 2, 2, 2, 3))",-15.135,661,712,479,479
O_tau=2.0,3,4.784459e-03,1.657436e-01,"(0, (2, 2, 2, 2, 3))",-14.761,651,701,471,471
O_tau=2.0,3,4.859562e-03,1.657292e-01,"(0, (2, 2, 2, 2, 3))",-14.393,639,688,462,462
O_tau=2.0,3,4.935845e-03,1.657146e-01,"(0, (2, 2, 2, 2, 3))",-14.031,630,677,454,454
O_tau=2.0,3,5.013324e-03,1.656998e-01,"(0, (2, 2, 2, 2, 3))",-13.674,616,665,446,446
O_tau=2.0,3,5.092021e-03,1.656847e-01,"(0, (2, 2, 2, 2, 3))",-13.323,606,654,438,438
O_tau=2.0,3,5.171952e-03,1.656694e-01,"(0, (2, 2, 2, 2, 3))",-12.977,595,643,430,430
O_tau=2.0,3,5.253138e-03,1.656539e-01,"(0, (2, 2, 2, 2, 3))",-12.637,585,632,423,423
O_tau=2.0,3,5.335599e-03,1.656382e-01,"(0, (2, 2, 2, 2, 3))",-12.302,575,622,415,415
O_tau=2.0,3,5.419354e-03,1.656222e-01,"(0, (2, 2, 2, 2, 3))",-11.972,565,610,408,408
O_tau=2.0,3,5.504423e-03,1.656059e-01,"(0, (2, 2, 2, 2, 3))",-11.648,555,597,401,401
O_tau=2.0,3,5.590828e-03,1.655894e-01,"(0, (2, 2, 2, 2, 3))",-11.328,544,589,393,393
O_tau=2.0,3,5.678590e-03,1.655727e-01,"(0, (2, 2, 2, 2, 3))",-11.014,536,580,386,386
O_tau=2.0,3,5.767729e-03,1.655556e-01,"(0, (2, 2, 2, 2, 3))",-10.704,527,569,379,379
O_tau=2.0,3,5.858267e-03,1.655384e-01,"(0, (2, 2, 2, 2, 3))",-10.399,518,559,373,373
O_tau=2.0,3,5.950227e-03,1.655208e-01,"(0, (2, 2, 2, 2, 3))",-10.099,510,549,366,366
O_tau=2.0,3,6.043630e-03,1.655030e-01,"(0, (2, 2, 2, 2, 3))",-9.804,501,540,360,360
O_tau=2.0,3,6.138499e-03,1.654849e-01,"(0, (2, 2, 2, 2, 3))",-9.513,493,532,354,354
O_tau=2.0,3,6.234857e-03,1.654666e-01,"(0, (2, 2, 2, 2, 3))",-9.227,485,523,347,347
O_tau=2.0,3,6.332728e-03,1.654479e-01,"(0, (2, 2, 2, 2, 3))",-8.945,473,514,341,341
O_tau=2.0,3,6.432135e-03,1.654290e-01,"(0, (2, 2, 2, 2, 3))",-8.668,465,505,335,335
O_tau=2.0,3,6.533103e-03,1.654098e-01,"(0, (2, 2, 2, 2, 3))",-8.395,457,496,329,329
O_tau=2.0,3,6.635656e-03,1.653902e-01,"(0, (2, 2, 2, 2, 3))",-8.126,451,488,323,323
O_tau=2.0,3,6.739818e-03,1.653704e-01,"(0, (2, 2, 2, 2, 3))",-7.861,442,480,318,318
O_tau=2.0,3,6.845616e-03,1.653503e-01,"(0, (2, 2, 2, 2, 3))",-7.601,434,473,312,312
O_tau=2.0,3,6.953074e-03,1.653299e-01,"(0, (2, 2, 2, 2, 3))",-7.345,426,463,306,306
O_tau=2.0,3,7.062219e-03,1.653091e-01,"(0, (2, 2, 2, 2, 3))",-7.092,421,454,301,301
O_tau=2.0,3,7.173078e-03,1.652881e-01,"(0, (2, 2, 2, 2, 3))",-6.844,412,448,296,296
O_tau=2.0,3,7.285676e-03,1.652667e-01,"(0, (2, 2, 2, 2, 3))",-6.600,406,438,290,290
O_tau=2.0,3,7.400042e-03,1.652450e-01,"(0, (2, 2, 2, 2, 3))",-6.359,397,432,285,285
O_tau=2.0,3,7.516204e-03,1.652229e-01,"(0, (2, 2, 2, 2, 3))",-6.122,392,424,280,280
O_tau=2.0,3,7.634188e-03,1.652005e-01,"(0, (2, 2, 2, 2, 3))",-5.889,383,418,275,275
O_tau=2.0,3,7.754025e-03,1.651778e-01,"(0, (2, 2, 2, 2, 3))",-5.659,378,408,270,270
O_tau=2.0,3,7.875743e-03,1.651547e-01,"(0, (2, 2, 2, 2, 3))",-5.433,371,404,265,265
O_tau=2.0,3,7.999372e-03,1.651313e-01,"(0, (2, 2, 2, 2, 3))",-5.211,367,394,260,260
O_tau=2.0,3,8.124941e-03,1.651075e-01,"(0, (2, 2, 2, 2, 3))",-4.992,359,389,256,256
O_tau=2.0,3,8.252481e-03,1.650833e-01,"(0, (2, 2, 2, 2, 3))",-4.777,354,381,251,251
O_tau=2.0,3,8.382024e-03,1.650588e-01,"(0, (2, 2, 2, 2, 3))",-4.565,347,377,247,247
O_tau=2.0,3,8.513600e-03,1.650339e-01,"(0, (2, 2, 2, 2, 3))",-4.356,341,371,242,242
O_tau=2.0,3,8.647241e-03,1.650087e-01,"(0, (2, 2, 2, 2, 3))",-4.150,334,363,238,238
O_tau=2.0,3,8.782980e-03,1.649830e-01,"(0, (2, 2, 2, 2, 3))",-3.948,330,359,234,234
O_tau=2.0,3,8.920850e-03,1.649569e-01,"(0, (2, 2, 2, 2, 3))",-3.749,322,349,230,230
O_tau=2.0,3,9.060884e-03,1.649305e-01,"(0, (2, 2, 2, 2, 3))",-3.553,318,345,226,226
O_tau=2.0,3,9.203116e-03,1.649036e-01,"(0, (2, 2, 2, 2, 3))",-3.360,311,339,222,222
O_tau=2.0,3,9.347581e-03,1.648764e-01,"(0, (2, 2, 2, 2, 3))",-3.170,306,332,218,218
O_tau=2.0,3,9.494314e-03,1.648487e-01,"(0, (2, 2, 2, 2, 3))",-2.984,302,329,214,214
O_tau=2.0,3,9.643350e-03,1.648206e-01,"(0, (2, 2, 2, 2, 3))",-2.800,295,322,210,210
O_tau=2.0,3,9.794725e-03,1.647921e-01,"(0, (2, 2, 2, 2, 3))",-2.619,291,317,206,206
O_tau=2.0,3,9.948477e-03,1.647631e-01,"(0, (2, 2, 2, 2, 3))",-2.440,285,311,203,203
O_tau=2.0,3,1.010464e-02,1.647337e-01,"(0, (2, 2, 2, 2, 3))",-2.265,281,308,199,199
O_tau=2.0,3,1.026326e-02,1.647039e-01,"(0, (2, 2, 2, 2, 3))",-2.092,276,305,196,196
O_tau=2.0,3,1.042436e-02,1.646736e-01,"(0, (2, 2, 2, 2, 3))",-1.923,271,301,192,192
O_tau=2.0,3,1.058800e-02,1.646428e-01,"(0, (2, 2, 2, 2, 3))",-1.755,270,297,189,189
O_tau=2.0,3,1.075420e-02,1.646116e-01,"(0, (2, 2, 2, 2, 3))",-1.591,266,296,185,185
O_tau=2.0,3,1.092302e-02,1.645799e-01,"(0, (2, 2, 2, 2, 3))",-1.429,265,301,182,182
O_tau=2.0,3,1.109448e-02,1.645477e-01,"(0, (2, 2, 2, 2, 3))",-1.269,265,310,178,178
O_tau=2.0,3,1.126863e-02,1.645150e-01,"(0, (2, 2, 2, 2, 3))",-1.112,268,362,175,175
O_tau=2.0,3,1.144552e-02,1.644819e-01,"(0, (2, 2, 2, 2, 3))",-0.958,279,,172,172
O_tau=2.0,3,1.162519e-02,1.644482e-01,"(0, (2, 2, 2, 2, 3))",-0.806,334,,169,169
O_tau=2.0,3,1.180767e-02,1.644140e-01,"(0, (2, 2, 2, 2, 3))",-0.656,,,166,166
O_tau=2.0,3,1.199302e-02,1.643793e-01,"(0, (2, 2, 2, 2, 3))",-0.509,,,163,163
O_tau=2.0,3,1.218128e-02,1.643441e-01,"(0, (2, 2, 2, 2, 3))",-0.364,,,160,160
O_tau=2.0,3,1.237250e-02,1.643084e-01,"(0, (2, 2, 2, 2, 3))",-0.221,,,157,157
O_tau=2.0,3,1.256671e-02,1.642721e-01,"(0, (2, 2, 2, 2, 3))",-0.081,,,154,154
O_tau=2.0,3,1.276398e-02,1.642353e-01,"(0, (2, 2, 2, 2, 3))",0.057,,,152,152
O_tau=2.0,3,1.296434e-02,1.641979e-01,"(0, (2, 2, 2, 2, 3))",0.193,,,149,149
O_tau=2.0,3,1.316784e-02,1.641599e-01,"(0, (2, 2, 2, 2, 3))",0.327,,,146,146
O_tau=2.0,3,1.337454e-02,1.641214e-01,"(0, (2, 2, 2, 2, 3))",0.459,,,144,144
O_tau=2.0,3,1.358449e-02,1.640823e-01,"(0, (2, 2, 2, 2, 3))",0.589,,,141,141
O_tau=2.0,3,1.379773e-02,1.640426e-01,"(0, (2, 2, 2, 2, 3))",0.716,,,139,139
O_tau=2.0,3,1.401432e-02,1.640023e-01,"(0, (2, 2, 2, 2, 3))",0.842,,,136,136
O_tau=2.0,3,1.423431e-02,1.639614e-01,"(0, (2, 2, 2, 2, 3))",0.966,,,134,134
O_tau=2.0,3,1.445775e-02,1.639199e-01,"(0, (2, 2, 2, 2, 3))",1.087,,,131,131
O_tau=2.0,3,1.468470e-02,1.638778e-01,"(0, (2, 2, 2, 2, 3))",1.207,,,129,129
O_tau=2.0,3,1.491521e-02,1.638351e-01,"(0, (2, 2, 2, 2, 3))",1.325,,,127,127
O_tau=2.0,3,1.514934e-02,1.637917e-01,"(0, (2, 2, 2, 2, 3))",1.441,,,125,125
O_tau=2.0,3,1.538714e-02,1.637476e-01,"(0, (2, 2, 2, 2, 3))",1.555,,,122,122
O_tau=2.0,3,1.562868e-02,1.637029e-01,"(0, (2, 2, 2, 2, 3))",1.667,,,120,120
O_tau=2.0,3,1.587401e-02,1.636576e-01,"(0, (2, 2, 2, 2, 3))",1.778,,,118,118
O_tau=2.0,3,1.612319e-02,1.636115e-01,"(0, (2, 2, 2, 2, 3))",1.887,,,116,116
O_tau=2.0,3,1.637628e-02,1.635648e-01,"(0, (2, 2, 2, 2, 3))",1.994,,,114,114
O_tau=2.0,3,1.663335e-02,1.635174e-01,"(0, (2, 2, 2, 2, 3))",2.099,,,112,112
O_tau=2.0,3,1.689445e-02,1.634692e-01,"(0, (2, 2, 2, 2, 3))",2.203,,,110,110
O_tau=2.0,3,1.715965e-02,1.634204e-01,"(0, (2, 2, 2, 2, 3))",2.305,,,108,108
O_tau=2.0,3,1.742901e-02,1.633708e-01,"(0, (2, 2, 2, 2, 3))",2.405,,,106,106
O_tau=2.0,3,1.770260e-02,1.633205e-01,"(0, (2, 2, 2, 2, 3))",2.504,,,104,104
O_tau=2.0,3,1.798048e-02,1.632694e-01,"(0, (2, 2, 2, 2, 3))",2.601,,,102,102
O_tau=2.0,3,1.826273e-02,1.632176e-01,"(0, (2, 2, 2, 2, 3))",2.697,,,100,100
O_tau=2.0,3,1.854941e-02,1.631650e-01,"(0, (2, 2, 2, 2, 3))",2.791,,,98,98
O_tau=2.0,3,1.884058e-02,1.631117e-01,"(0, (2, 2, 2, 2, 3))",2.884,,,96,96
O_tau=2.0,3,1.913633e-02,1.630575e-01,"(0, (2, 2, 2, 2, 3))",2.975,,,95,95
O_tau=2.0,3,1.943672e-02,1.630026e-01,"(0, (2, 2, 2, 2, 3))",3.065,,,93,93
O_tau=2.0,3,1.974183e-02,1.629468e-01,"(0, (2, 2, 2, 2, 3))",3.153,,,91,91
O_tau=2.0,3,2.005172e-02,1.628902e-01,"(0, (2, 2, 2, 2, 3))",3.240,,,89,89
O_tau=2.0,3,2.036648e-02,1.628328e-01,"(0, (2, 2, 2, 2, 3))",3.325,,,88,88
O_tau=2.0,3,2.068618e-02,1.627745e-01,"(0, (2, 2, 2, 2, 3))",3.409,,,86,86
O_tau=2.0,3,2.101090e-02,1.627154e-01,"(0, (2, 2, 2, 2, 3))",3.492,,,85,85
O_tau=2.0,3,2.134072e-02,1.626554e-01,"(0, (2, 2, 2, 2, 3))",3.574,,,83,83
O_tau=2.0,3,2.167571e-02,1.625946e-01,"(0, (2, 2, 2, 2, 3))",3.654,,,82,82
O_tau=2.0,3,2.201596e-02,1.625328e-01,"(0, (2, 2, 2, 2, 3))",3.733,,,80,80
O_tau=2.0,3,2.236156e-02,1.624701e-01,"(0, (2, 2, 2, 2, 3))",3.810,,,79,79
O_tau=2.0,3,2.271258e-02,1.624066e-01,"(0, (2, 2, 2, 2, 3))",3.887,,,77,77
O_tau=2.0,3,2.306910e-02,1.623420e-01,"(0, (2, 2, 2, 2, 3))",3.962,,,76,76
O_tau=2.0,3,2.343123e-02,1.622766e-01,"(0, (2, 2, 2, 2, 3))",4.036,,,75,75
O_tau=2.0,3,2.379904e-02,1.622102e-01,"(0, (2, 2, 2, 2, 3))",4.109,,,73,73
O_tau=2.0,3,2.417262e-02,1.621428e-01,"(0, (2, 2, 2, 2, 3))",4.180,,,72,72
O_tau=2.0,3,2.455207e-02,1.620745e-01,"(0, (2, 2, 2, 2, 3))",4.251,,,71,71
O_tau=2.0,3,2.493747e-02,1.620051e-01,"(0, (2, 2, 2, 2, 3))",4.320,,,70,70
O_tau=2.0,3,2.532892e-02,1.619348e-01,"(0, (2, 2, 2, 2, 3))",4.388,,,68,68
O_tau=2.0,3,2.572652e-02,1.618634e-01,"(0, (2, 2, 2, 2, 3))",4.455,,,67,67
O_tau=2.0,3,2.613036e-02,1.617910e-01,"(0, (2, 2, 2, 2, 3))",4.521,,,66,66
O_tau=2.0,3,2.654054e-02,1.617175e-01,"(0, (2, 2, 2, 2, 3))",4.586,,,65,65
O_tau=2.0,3,2.695716e-02,1.616430e-01,"(0, (2, 2, 2, 2, 3))",4.650,,,63,63
O_tau=2.0,3,2.738031e-02,1.615674e-01,"(0, (2, 2, 2, 2, 3))",4.713,,,62,62
O_tau=2.0,3,2.781011e-02,1.614907e-01,"(0, (2, 2, 2, 2, 3))",4.775,,,61,61
O_tau=2.0,3,2.824666e-02,1.614129e-01,"(0, (2, 2, 2, 2, 3))",4.836,,,60,60
O_tau=2.0,3,2.869006e-02,1.613340e-01,"(0, (2, 2, 2, 2, 3))",4.896,,,59,59
O_tau=2.0,3,2.914042e-02,1.612540e-01,"(0, (2, 2, 2, 2, 3))",4.955,,,58,58
O_tau=2.0,3,2.959785e-02,1.611728e-01,"(0, (2, 2, 2, 2, 3))",5.013,,,57,57
O_tau=2.0,3,3.006245e-02,1.610904e-01,"(0, (2, 2, 2, 2, 3))",5.070,,,56,56
O_tau=2.0,3,3.053436e-02,1.610069e-01,"(0, (2, 2, 2, 2, 3))",5.126,,,55,55
O_tau=2.0,3,3.101367e-02,1.609222e-01,"(0, (2, 2, 2, 2, 3))",5.181,,,54,54
O_tau=2.0,3,3.150050e-02,1.608363e-01,"(0, (2, 2, 2, 2, 3))",5.236,,,53,53
O_tau=2.0,3,3.199498e-02,1.607491e-01,"(0, (2, 2, 2, 2, 3))",5.289,,,52,52
O_tau=2.0,3,3.249721e-02,1.606607e-01,"(0, (2, 2, 2, 2, 3))",5.342,,,51,51
O_tau=2.0,3,3.300733e-02,1.605711e-01,"(0, (2, 2, 2, 2, 3))",5.393,,,51,51
O_tau=2.0,3,3.352546e-02,1.604802e-01,"(0, (2, 2, 2, 2, 3))",5.444,,,50,50
O_tau=2.0,3,3.405173e-02,1.603880e-01,"(0, (2, 2, 2, 2, 3))",5.494,,,49,49
O_tau=2.0,3,3.458625e-02,1.602945e-01,"(0, (2, 2, 2, 2, 3))",5.544,,,48,48
O_tau=2.0,3,3.512916e-02,1.601996e-01,"(0, (2, 2, 2, 2, 3))",5.592,,,47,47
O_tau=2.0,3,3.568060e-02,1.601035e-01,"(0, (2, 2, 2, 2, 3))",5.640,,,46,46
O_tau=2.0,3,3.624069e-02,1.600060e-01,"(0, (2, 2, 2, 2, 3))",5.687,,,45,45
O_tau=2.0,3,3.680957e-02,1.599071e-01,"(0, (2, 2, 2, 2, 3))",5.733,,,44,44
O_tau=2.0,3,3.738739e-02,1.598068e-01,"(0, (2, 2, 2, 2, 3))",5.778,,,43,43
O_tau=2.0,3,3.797427e-02,1.597051e-01,"(0, (2, 2, 2, 2, 3))",5.823,,,42,42
O_tau=2.0,3,3.857037e-02,1.596020e-01,"(0, (2, 2, 2, 2, 3))",5.867,,,41,41
O_tau=2.0,3,3.917582e-02,1.594975e-01,"(0, (2, 2, 2, 2, 3))",5.910,,,40,40
O_tau=2.0,3,3.979078e-02,1.593915e-01,"(0, (2, 2, 2, 2, 3))",5.952,,,40,40
O_tau=2.0,3,4.041539e-02,1.592840e-01,"(0, (2, 2, 2, 2, 3))",5.994,,,39,39
O_tau=2.0,3,4.104981e-02,1.591751e-01,"(0, (2, 2, 2, 2, 3))",6.035,,,38,38
O_tau=2.0,3,4.169418e-02,1.590646e-01,"(0, (2, 2, 2, 2, 3))",6.076,,,37,37
O_tau=2.0,3,4.234867e-02,1.589526e-01,"(0, (2, 2, 2, 2, 3))",6.116,,,37,37
O_tau=2.0,3,4.301344e-02,1.588390e-01,"(0, (2, 2, 2, 2, 3))",6.155,,,36,36
O_tau=2.0,3,4.368864e-02,1.587239e-01,"(0, (2, 2, 2, 2, 3))",6.193,,,35,35
O_tau=2.0,3,4.437443e-02,1.586072e-01,"(0, (2, 2, 2, 2, 3))",6.231,,,34,34
O_tau=2.0,3,4.507100e-02,1.584890e-01,"(0, (2, 2, 2, 2, 3))",6.268,,,34,34
O_tau=2.0,3,4.577849e-02,1.583690e-01,"(0, (2, 2, 2, 2, 3))",6.305,,,33,33
O_tau=2.0,3,4.649710e-02,1.582475e-01,"(0, (2, 2, 2, 2, 3))",6.341,,,32,32
O_tau=2.0,3,4.722698e-02,1.581243e-01,"(0, (2, 2, 2, 2, 3))",6.377,,,32,32
O_tau=2.0,3,4.796832e-02,1.579994e-01,"(0, (2, 2, 2, 2, 3))",6.411,,,31,31
O_tau=2.0,3,4.872130e-02,1.578728e-01,"(0, (2, 2, 2, 2, 3))",6.446,,,31,31
O_tau=2.0,3,4.948609e-02,1.577445e-01,"(0, (2, 2, 2, 2, 3))",6.480,,,30,30
O_tau=2.0,3,5.026290e-02,1.576144e-01,"(0, (2, 2, 2, 2, 3))",6.513,,,30,30
O_tau=2.0,3,5.105189e-02,1.574826e-01,"(0, (2, 2, 2, 2, 3))",6.545,,,29,29
O_tau=2.0,3,5.185327e-02,1.573490e-01,"(0, (2, 2, 2, 2, 3))",6.577,,,29,29
O_tau=2.0,3,5.266724e-02,1.572137e-01,"(0, (2, 2, 2, 2, 3))",6.609,,,28,28
O_tau=2.0,3,5.349397e-02,1.570765e-01,"(0, (2, 2, 2, 2, 3))",6.640,,,27,27
O_tau=2.0,3,5.433369e-02,1.569374e-01,"(0, (2, 2, 2, 2, 3))",6.671,,,27,27
O_tau=2.0,3,5.518659e-02,1.567966e-01,"(0, (2, 2, 2, 2, 3))",6.701,,,26,26
O_tau=2.0,3,5.605287e-02,1.566538e-01,"(0, (2, 2, 2, 2, 3))",6.730,,,26,26
O_tau=2.0,3,5.693276e-02,1.565091e-01,"(0, (2, 2, 2, 2, 3))",6.759,,,25,25
O_tau=2.0,3,5.782645e-02,1.563625e-01,"(0, (2, 2, 2, 2, 3))",6.788,,,25,25
O_tau=2.0,3,5.873418e-02,1.562140e-01,"(0, (2, 2, 2, 2, 3))",6.816,,,24,24
O_tau=2.0,3,5.965615e-02,1.560635e-01,"(0, (2, 2, 2, 2, 3))",6.844,,,24,24
O_tau=2.0,3,6.059259e-02,1.559111e-01,"(0, (2, 2, 2, 2, 3))",6.871,,,23,23
O_tau=2.0,3,6.154374e-02,1.557566e-01,"(0, (2, 2, 2, 2, 3))",6.898,,,22,22
O_tau=2.0,3,6.250982e-02,1.556001e-01,"(0, (2, 2, 2, 2, 3))",6.924,,,22,22
O_tau=2.0,3,6.349106e-02,1.554415e-01,"(0, (2, 2, 2, 2, 3))",6.950,,,22,22
O_tau=2.0,3,6.448770e-02,1.552809e-01,"(0, (2, 2, 2, 2, 3))",6.975,,,21,21
O_tau=2.0,3,6.549999e-02,1.551182e-01,"(0, (2, 2, 2, 2, 3))",7.000,,,21,21
O_tau=2.0,3,6.652817e-02,1.549534e-01,"(0, (2, 2, 2, 2, 3))",7.025,,,20,20
O_tau=2.0,3,6.757249e-02,1.547865e-01,"(0, (2, 2, 2, 2, 3))",7.049,,,20,20
O_tau=2.0,3,6.863320e-02,1.546174e-01,"(0, (2, 2, 2, 2, 3))",7.073,,,19,19
O_tau=2.0,3,6.971056e-02,1.544461e-01,"(0, (2, 2, 2, 2, 3))",7.096,,,19,19
O_tau=2.0,3,7.080483e-02,1.542727e-01,"(0, (2, 2, 2, 2, 3))",7.119,,,19,19
O_tau=2.0,3,7.191628e-02,1.540970e-01,"(0, (2, 2, 2, 2, 3))",7.142,,,18,18
O_tau=2.0,3,7.304518e-02,1.539190e-01,"(0, (2, 2, 2, 2, 3))",7.164,,,18,18
O_tau=2.0,3,7.419180e-02,1.537388e-01,"(0, (2, 2, 2, 2, 3))",7.186,,,18,18
O_tau=2.0,3,7.535642e-02,1.535564e-01,"(0, (2, 2, 2, 2, 3))",7.208,,,17,17
O_tau=2.0,3,7.653932e-02,1.533716e-01,"(0, (2, 2, 2, 2, 3))",7.229,,,17,17
O_tau=2.0,3,7.774078e-02,1.531845e-01,"(0, (2, 2, 2, 2, 3))",7.250,,,17,17
O_tau=2.0,3,7.896111e-02,1.529950e-01,"(0, (2, 2, 2, 2, 3))",7.270,,,16,16
O_tau=2.0,3,8.020060e-02,1.528031e-01,"(0, (2, 2, 2, 2, 3))",7.291,,,16,16
O_tau=2.0,3,8.145954e-02,1.526089e-01,"(0, (2, 2, 2, 2, 3))",7.310,,,16,16
O_tau=2.0,3,8.273824e-02,1.524122e-01,"(0, (2, 2, 2, 2, 3))",7.330,,,15,15
O_tau=2.0,3,8.403701e-02,1.522131e-01,"(0, (2, 2, 2, 2, 3))",7.349,,,,15
O_tau=2.0,3,8.535617e-02,1.520116e-01,"(0, (2, 2, 2, 2, 3))",7.368,,,,14
O_tau=2.0,3,8.669604e-02,1.518075e-01,"(0, (2, 2, 2, 2, 3))",7.387,,,,14
O_tau=2.0,3,8.805694e-02,1.516010e-01,"(0, (2, 2, 2, 2, 3))",7.405,,,,14
O_tau=2.0,3,8.943921e-02,1.513919e-01,"(0, (2, 2, 2, 2, 3))",7.423,,,,13
O_tau=2.0,3,9.084317e-02,1.511802e-01,"(0, (2, 2, 2, 2, 3))",7.441,,,,13
O_tau=2.0,3,9.226917e-02,1.509660e-01,"(0, (2, 2, 2, 2, 3))",7.458,,,,12
O_tau=2.0,3,9.371756e-02,1.507492e-01,"(0, (2, 2, 2, 2, 3))",7.475,,,,12
O_tau=2.0,3,9.518868e-02,1.505297e-01,"(0, (2, 2, 2, 2, 3))",7.492,,,,12
O_tau=2.0,3,9.668289e-02,1.503077e-01,"(0, (2, 2, 2, 2, 3))",7.508,,,,12
O_tau=2.0,3,9.820056e-02,1.500829e-01,"(0, (2, 2, 2, 2, 3))",7.525,,,,11
O_tau=2.0,3,9.974205e-02,1.498555e-01,"(0, (2, 2, 2, 2, 3))",7.541,,,,11
O_tau=2.0,3,1.013077e-01,1.496254e-01,"(0, (2, 2, 2, 2, 3))",7.557,,,,11
O_tau=2.0,3,1.028980e-01,1.493925e-01,"(0, (2, 2, 2, 2, 3))",7.572,,,,10
O_tau=2.0,3,1.045132e-01,1.491569e-01,"(0, (2, 2, 2, 2, 3))",7.587,,,,10
O_tau=2.0,3,1.061538e-01,1.489185e-01,"(0, (2, 2, 2, 2, 3))",7.602,,,,10
O_tau=2.0,3,1.078202e-01,1.486773e-01,"(0, (2, 2, 2, 2, 3))",7.617,,,,9
O_tau=2.0,3,1.095127e-01,1.484333e-01,"(0, (2, 2, 2, 2, 3))",7.632,,,,9
O_tau=2.0,3,1.112317e-01,1.481864e-01,"(0, (2, 2, 2, 2, 3))",7.646,,,,9
O_tau=2.0,3,1.129778e-01,1.479367e-01,"(0, (2, 2, 2, 2, 3))",7.660,,,,9
O_tau=2.0,3,1.147512e-01,1.476841e-01,"(0, (2, 2, 2, 2, 3))",7.674,,,,8
O_tau=2.0,3,1.165525e-01,1.474286e-01,"(0, (2, 2, 2, 2, 3))",7.688,,,,8
O_tau=2.0,3,1.183821e-01,1.471702e-01,"(0, (2, 2, 2, 2, 3))",7.701,,,,8
O_tau=2.0,3,1.202404e-01,1.469088e-01,"(0, (2, 2, 2, 2, 3))",7.714,,,,7
O_tau=2.0,3,1.221278e-01,1.466445e-01,"(0, (2, 2, 2, 2, 3))",7.727,,,,7
O_tau=2.0,3,1.240449e-01,1.463771e-01,"(0, (2, 2, 2, 2, 3))",7.740,,,,7
O_tau=2.0,3,1.259921e-01,1.461068e-01,"(0, (2, 2, 2, 2, 3))",7.753,,,,7
O_tau=2.0,3,1.279699e-01,1.458334e-01,"(0, (2, 2, 2, 2, 3))",7.765,,,,7
O_tau=2.0,3,1.299786e-01,1.455570e-01,"(0, (2, 2, 2, 2, 3))",7.777,,,,6
O_tau=2.0,3,1.320190e-01,1.452776e-01,"(0, (2, 2, 2, 2, 3))",7.789,,,,6
O_tau=2.0,3,1.340913e-01,1.449950e-01,"(0, (2, 2, 2, 2, 3))",7.801,,,,6
O_tau=2.0,3,1.361962e-01,1.447093e-01,"(0, (2, 2, 2, 2, 3))",7.813,,,,6
O_tau=2.0,3,1.383341e-01,1.444205e-01,"(0, (2, 2, 2, 2, 3))",7.824,,,,6
O_tau=2.0,3,1.405056e-01,1.441286e-01,"(0, (2, 2, 2, 2, 3))",7.836,,,,6
O_tau=2.0,3,1.427112e-01,1.438335e-01,"(0, (2, 2, 2, 2, 3))",7.847,,,,6
O_tau=2.0,3,1.449514e-01,1.435352e-01,"(0, (2, 2, 2, 2, 3))",7.858,,,,6
O_tau=2.0,3,1.472267e-01,1.432336e-01,"(0, (2, 2, 2, 2, 3))",7.869,,,,6
O_tau=2.0,3,1.495378e-01,1.429289e-01,"(0, (2, 2, 2, 2, 3))",7.879,,,,6
O_tau=2.0,3,1.518852e-01,1.426210e-01,"(0, (2, 2, 2, 2, 3))",7.890,,,,6
O_tau=2.0,3,1.542694e-01,1.423097e-01,"(0, (2, 2, 2, 2, 3))",7.900,,,,6
O_tau=2.0,3,1.566910e-01,1.419952e-01,"(0, (2, 2, 2, 2, 3))",7.911,,,,5
O_tau=2.0,3,1.591506e-01,1.416774e-01,"(0, (2, 2, 2, 2, 3))",7.921,,,,5
O_tau=2.0,3,1.616489e-01,1.413563e-01,"(0, (2, 2, 2, 2, 3))",7.931,,,,5
O_tau=2.0,3,1.641863e-01,1.410319e-01,"(0, (2, 2, 2, 2, 3))",7.940,,,,5
O_tau=2.0,3,1.667636e-01,1.407042e-01,"(0, (2, 2, 2, 2, 3))",7.950,,,,5
O_tau=2.0,3,1.693814e-01,1.403730e-01,"(0, (2, 2, 2, 2, 3))",7.960,,,,5
O_tau=2.0,3,1.720402e-01,1.400385e-01,"(0, (2, 2, 2, 2, 3))",7.969,,,,5
O_tau=2.0,3,1.747408e-01,1.397007e-01,"(0, (2, 2, 2, 2, 3))",7.978,,,,5
O_tau=2.0,3,1.774838e-01,1.393594e-01,"(0, (2, 2, 2, 2, 3))",7.987,,,,5
O_tau=2.0,3,1.802698e-01,1.390147e-01,"(0, (2, 2, 2, 2, 3))",7.997,,,,4
O_tau=2.0,3,1.830996e-01,1.386665e-01,"(0, (2, 2, 2, 2, 3))",8.005,,,,4
O_tau=2.0,3,1.859738e-01,1.383149e-01,"(0, (2, 2, 2, 2, 3))",8.014,,,,4
O_tau=2.0,3,1.888931e-01,1.379599e-01,"(0, (2, 2, 2, 2, 3))",8.023,,,,4
O_tau=2.0,3,1.918582e-01,1.376014e-01,"(0, (2, 2, 2, 2, 3))",8.032,,,,4
O_tau=2.0,3,1.948699e-01,1.372394e-01,"(0, (2, 2, 2, 2, 3))",8.040,,,,4
O_tau=2.0,3,1.979288e-01,1.368739e-01,"(0, (2, 2, 2, 2, 3))",8.049,,,,4
O_tau=2.0,3,2.010358e-01,1.365048e-01,"(0, (2, 2, 2, 2, 3))",8.057,,,,4
O_tau=2.0,3,2.041915e-01,1.361323e-01,"(0, (2, 2, 2, 2, 3))",8.065,,,,3
O_tau=2.0,3,2.073968e-01,1.357562e-01,"(0, (2, 2, 2, 2, 3))",8.073,,,,3
O_tau=2.0,3,2.106524e-01,1.353766e-01,"(0, (2, 2, 2, 2, 3))",8.081,,,,3
O_tau=2.0,3,2.139591e-01,1.349935e-01,"(0, (2, 2, 2, 2, 3))",8.089,,,,3
O_tau=2.0,3,2.173177e-01,1.346068e-01,"(0, (2, 2, 2, 2, 3))",8.097,,,,3
O_tau=2.0,3,2.207290e-01,1.342165e-01,"(0, (2, 2, 2, 2, 3))",8.105,,,,3
O_tau=2.0,3,2.241939e-01,1.338226e-01,"(0, (2, 2, 2, 2, 3))",8.113,,,,3
O_tau=2.0,3,2.277131e-01,1.334251e-01,"(0, (2, 2, 2, 2, 3))",8.120,,,,3
O_tau=2.0,3,2.312876e-01,1.330241e-01,"(0, (2, 2, 2, 2, 3))",8.128,,,,3
O_tau=2.0,3,2.349183e-01,1.326194e-01,"(0, (2, 2, 2, 2, 3))",8.136,,,,3
O_tau=2.0,3,2.386059e-01,1.322112e-01,"(0, (2, 2, 2, 2, 3))",8.143,,,,3
O_tau=2.0,3,2.423513e-01,1.317993e-01,"(0, (2, 2, 2, 2, 3))",8.150,,,,3
O_tau=2.0,3,2.461556e-01,1.313838e-01,"(0, (2, 2, 2, 2, 3))",8.158,,,,3
O_tau=2.0,3,2.500196e-01,1.309646e-01,"(0, (2, 2, 2, 2, 3))",8.165,,,,3
O_tau=2.0,3,2.539443e-01,1.305419e-01,"(0, (2, 2, 2, 2, 3))",8.172,,,,3
O_tau=2.0,3,2.579305e-01,1.301155e-01,"(0, (2, 2, 2, 2, 3))",8.180,,,,3
O_tau=2.0,3,2.619794e-01,1.296855e-01,"(0, (2, 2, 2, 2, 3))",8.294,,,,3
O_tau=2.0,3,2.660918e-01,1.292518e-01,"(0, (2, 2, 2, 2, 3))",8.302,,,,3
O_tau=2.0,3,2.702687e-01,1.288145e-01,"(0, (2, 2, 2, 2, 3))",8.310,,,,3
O_tau=2.0,3,2.745112e-01,1.283735e-01,"(0, (2, 2, 2, 2, 3))",8.317,,,,2
O_tau=2.0,3,2.788203e-01,1.279289e-01,"(0, (2, 2, 2, 2, 3))",8.325,,,,2
O_tau=2.0,3,2.831971e-01,1.274807e-01,"(0, (2, 2, 2, 2, 3))",8.333,,,,2
O_tau=2.0,3,2.876426e-01,1.270288e-01,"(0, (2, 2, 2, 2, 3))",8.342,,,,2
O_tau=2.0,3,2.921578e-01,1.265733e-01,"(0, (2, 2, 2, 2, 3))",8.350,,,,2
O_tau=2.0,3,2.967439e-01,1.261141e-01,"(0, (2, 2, 2, 2, 3))",8.358,,,,2
O_tau=2.0,3,3.014020e-01,1.256513e-01,"(0, (2, 2, 2, 2, 3))",8.367,,,,2
O_tau=2.0,3,3.061332e-01,1.251848e-01,"(0, (2, 2, 2, 2, 3))",8.376,,,,2
O_tau=2.0,3,3.109387e-01,1.247147e-01,"(0, (2, 2, 2, 2, 3))",8.385,,,,2
O_tau=2.0,3,3.158196e-01,1.242410e-01,"(0, (2, 2, 2, 2, 3))",8.394,,,,2
O_tau=2.0,3,3.207772e-01,1.237637e-01,"(0, (2, 2, 2, 2, 3))",8.403,,,,2
O_tau=2.0,3,3.258126e-01,1.232827e-01,"(0, (2, 2, 2, 2, 3))",8.412,,,,2
O_tau=2.0,3,3.309270e-01,1.227981e-01,"(0, (2, 2, 2, 2, 3))",8.421,,,,2
O_tau=2.0,3,3.361217e-01,1.223100e-01,"(0, (2, 2, 2, 2, 3))",8.431,,,,2
O_tau=2.0,3,3.413979e-01,1.218182e-01,"(0, (2, 2, 2, 2, 3))",8.441,,,,2
O_tau=2.0,3,3.467569e-01,1.213228e-01,"(0, (2, 2, 2, 2, 3))",8.451,,,,2
O_tau=2.0,3,3.522001e-01,1.208239e-01,"(0, (2, 2, 2, 2, 3))",8.461,,,,2
O_tau=2.0,3,3.577287e-01,1.203213e-01,"(0, (2, 2, 2, 2, 3))",8.471,,,,2
O_tau=2.0,3,3.633441e-01,1.198152e-01,"(0, (2, 2, 2, 2, 3))",8.481,,,,2
O_tau=2.0,3,3.690477e-01,1.193056e-01,"(0, (2, 2, 2, 2, 3))",8.492,,,,2
O_tau=2.0,3,3.748408e-01,1.187924e-01,"(0, (2, 2, 2, 2, 3))",8.503,,,,2
O_tau=2.0,3,3.807248e-01,1.182757e-01,"(0, (2, 2, 2, 2, 3))",8.513,,,,2
O_tau=2.0,3,3.867012e-01,1.177555e-01,"(0, (2, 2, 2, 2, 3))",8.524,,,,2
O_tau=2.0,3,3.927714e-01,1.172318e-01,"(0, (2, 2, 2, 2, 3))",8.536,,,,2
O_tau=2.0,3,3.989369e-01,1.167046e-01,"(0, (2, 2, 2, 2, 3))",8.547,,,,2
O_tau=2.0,3,4.051991e-01,1.161739e-01,"(0, (2, 2, 2, 2, 3))",8.559,,,,2
O_tau=2.0,3,4.115597e-01,1.156397e-01,"(0, (2, 2, 2, 2, 3))",8.570,,,,2
O_tau=2.0,3,4.180201e-01,1.151022e-01,"(0, (2, 2, 2, 2, 3))",8.582,,,,2
O_tau=2.0,3,4.245820e-01,1.145612e-01,"(0, (2, 2, 2, 2, 3))",8.594,,,,2
O_tau=2.0,3,4.312468e-01,1.140168e-01,"(0, (2, 2, 2, 2, 3))",8.607,,,,2
O_tau=2.0,3,4.380162e-01,1.134690e-01,"(0, (2, 2, 2, 2, 3))",8.619,,,,2
O_tau=2.0,3,4.448919e-01,1.129179e-01,"(0, (2, 2, 2, 2, 3))",8.632,,,,2
O_tau=2.0,3,4.518756e-01,1.123634e-01,"(0, (2, 2, 2, 2, 3))",8.645,,,,2
O_tau=2.0,3,4.589688e-01,1.118056e-01,"(0, (2, 2, 2, 2, 3))",8.658,,,,2
O_tau=2.0,3,4.661735e-01,1.112445e-01,"(0, (2, 2, 2, 2, 3))",8.671,,,,2
O_tau=2.0,3,4.734912e-01,1.106801e-01,"(0, (2, 2, 2, 2, 3))",8.685,,,,2
O_tau=2.0,3,4.809237e-01,1.101124e-01,"(0, (2, 2, 2, 2, 3))",8.698,,,,2
O_tau=2.0,3,4.884730e-01,1.095416e-01,"(0, (2, 2, 2, 2, 3))",8.712,,,,2
O_tau=2.0,3,4.961407e-01,1.089675e-01,"(0, (2, 2, 2, 2, 3))",8.726,,,,2
O_tau=2.0,3,5.039289e-01,1.083903e-01,"(0, (2, 2, 2, 2, 3))",8.741,,,,2
O_tau=2.0,3,5.118392e-01,1.078099e-01,"(0, (2, 2, 2, 2, 3))",8.755,,,,2
O_tau=2.0,3,5.198738e-01,1.072263e-01,"(0, (2, 2, 2, 2, 3))",8.770,,,,2
O_tau=2.0,3,5.280344e-01,1.066397e-01,"(0, (2, 2, 2, 2, 3))",8.785,,,,2
O_tau=2.0,3,5.363232e-01,1.060500e-01,"(0, (2, 2, 2, 2, 3))",8.801,,,,2
O_tau=2.0,3,5.447421e-01,1.054573e-01,"(0, (2, 2, 2, 2, 3))",8.816,,,,2
O_tau=2.0,3,5.532931e-01,1.048615e-01,"(0, (2, 2, 2, 2, 3))",8.832,,,,2
O_tau=2.0,3,5.619783e-01,1.042628e-01,"(0, (2, 2, 2, 2, 3))",8.848,,,,2
O_tau=2.0,3,5.707999e-01,1.036612e-01,"(0, (2, 2, 2, 2, 3))",8.864,,,,2
O_tau=2.0,3,5.797600e-01,1.030566e-01,"(0, (2, 2, 2, 2, 3))",8.881,,,,2
O_tau=2.0,3,5.888607e-01,1.024491e-01,"(0, (2, 2, 2, 2, 3))",8.898,,,,2
O_tau=2.0,3,5.981043e-01,1.018388e-01,"(0, (2, 2, 2, 2, 3))",8.915,,,,2
O_tau=2.0,3,6.074930e-01,1.012257e-01,"(0, (2, 2, 2, 2, 3))",8.932,,,,2
O_tau=2.0,3,6.170290e-01,1.006099e-01,"(0, (2, 2, 2, 2, 3))",8.950,,,,2
O_tau=2.0,3,6.267148e-01,9.999124e-02,"(0, (2, 2, 2, 2, 3))",8.967,,,,2
O_tau=2.0,3,6.365525e-01,9.936993e-02,"(0, (2, 2, 2, 2, 3))",8.986,,,,2
O_tau=2.0,3,6.465448e-01,9.874594e-02,"(0, (2, 2, 2, 2, 3))",9.004,,,,1
O_tau=2.0,3,6.566938e-01,9.811934e-02,"(0, (2, 2, 2, 2, 3))",9.023,,,,1
O_tau=2.0,3,6.670022e-01,9.749015e-02,"(0, (2, 2, 2, 2, 3))",9.042,,,,1
O_tau=2.0,3,6.774724e-01,9.685841e-02,"(0, (2, 2, 2, 2, 3))",9.061,,,,1
O_tau=2.0,3,6.881069e-01,9.622417e-02,"(0, (2, 2, 2, 2, 3))",9.081,,,,1
O_tau=2.0,3,6.989084e-01,9.558747e-02,"(0, (2, 2, 2, 2, 3))",9.101,,,,1
O_tau=2.0,3,7.098795e-01,9.494835e-02,"(0, (2, 2, 2, 2, 3))",9.121,,,,1
O_tau=2.0,3,7.210227e-01,9.430685e-02,"(0, (2, 2, 2, 2, 3))",9.142,,,,1
O_tau=2.0,3,7.323409e-01,9.366302e-02,"(0, (2, 2, 2, 2, 3))",9.162,,,,1
O_tau=2.0,3,7.438367e-01,9.301690e-02,"(0, (2, 2, 2, 2, 3))",9.184,,,,1
O_tau=2.0,3,7.555130e-01,9.236854e-02,"(0, (2, 2, 2, 2, 3))",9.205,,,,1
O_tau=2.0,3,7.673726e-01,9.171798e-02,"(0, (2, 2, 2, 2, 3))",9.227,,,,1
O_tau=2.0,3,7.794184e-01,9.106527e-02,"(0, (2, 2, 2, 2, 3))",9.249,,,,1
O_tau=2.0,3,7.916532e-01,9.041045e-02,"(0, (2, 2, 2, 2, 3))",9.272,,,,1
O_tau=2.0,3,8.040801e-01,8.975358e-02,"(0, (2, 2, 2, 2, 3))",9.295,,,,1
O_tau=2.0,3,8.167020e-01,8.909471e-02,"(0, (2, 2, 2, 2, 3))",9.318,,,,1
O_tau=2.0,3,8.295221e-01,8.843388e-02,"(0, (2, 2, 2, 2, 3))",9.342,,,,1
O_tau=2.0,3,8.425434e-01,8.777114e-02,"(0, (2, 2, 2, 2, 3))",9.366,,,,1
O_tau=2.0,3,8.557692e-01,8.710654e-02,"(0, (2, 2, 2, 2, 3))",9.390,,,,1
O_tau=2.0,3,8.692025e-01,8.644014e-02,"(0, (2, 2, 2, 2, 3))",9.415,,,,1
O_tau=2.0,3,8.828467e-01,8.577199e-02,"(0, (2, 2, 2, 2, 3))",9.440,,,,1
O_tau=2.0,3,8.967051e-01,8.510214e-02,"(0, (2, 2, 2, 2, 3))",9.466,,,,1
O_tau=2.0,3,9.107810e-01,8.443065e-02,"(0, (2, 2, 2, 2, 3))",9.492,,,,1
O_tau=2.0,3,9.250779e-01,8.375756e-02,"(0, (2, 2, 2, 2, 3))",9.518,,,,1
O_tau=2.0,3,9.395992e-01,8.308294e-02,"(0, (2, 2, 2, 2, 3))",9.545,,,,1
O_tau=2.0,3,9.543485e-01,8.240684e-02,"(0, (2, 2, 2, 2, 3))",9.572,,,,1
O_tau=2.0,3,9.693293e-01,8.172931e-02,"(0, (2, 2, 2, 2, 3))",9.600,,,,1
O_tau=2.0,3,9.845452e-01,8.105042e-02,"(0, (2, 2, 2, 2, 3))",9.628,,,,1
O_tau=2.0,3,1.000000e+00,8.037022e-02,"(0, (2, 2, 2, 2, 3))",9.656,,,,1
O_tau=2.0,12,1.000000e-05,8.333153e-02,"(0, (2, 3, 4, 4))",-11488.472,,,,
O_tau=2.0,12,1.017818e-05,8.333150e-02,"(0, (2, 3, 4, 4))",-11287.172,,,,
O_tau=2.0,12,1.035953e-05,8.333146e-02,"(0, (2, 3, 4, 4))",-11089.397,,,,
O_tau=2.0,12,1.054412e-05,8.333143e-02,"(0, (2, 3, 4, 4))",-10895.084,,,,
O_tau=2.0,12,1.073199e-05,8.333140e-02,"(0, (2, 3, 4, 4))",-10704.173,,,,
O_tau=2.0,12,1.092322e-05,8.333136e-02,"(0, (2, 3, 4, 4))",-10516.604,,,,
O_tau=2.0,12,1.111784e-05,8.333133e-02,"(0, (2, 3, 4, 4))",-10332.319,,,,
O_tau=2.0,12,1.131594e-05,8.333129e-02,"(0, (2, 3, 4, 4))",-10151.259,,,,
O_tau=2.0,12,1.151757e-05,8.333125e-02,"(0, (2, 3, 4, 4))",-9973.370,,,,
O_tau=2.0,12,1.172279e-05,8.333122e-02,"(0, (2, 3, 4, 4))",-9798.595,,,,
O_tau=2.0,12,1.193166e-05,8.333118e-02,"(0, (2, 3, 4, 4))",-9626.879,,,,
O_tau=2.0,12,1.214426e-05,8.333114e-02,"(0, (2, 3, 4, 4))",-9458.170,,,,
O_tau=2.0,12,1.236065e-05,8.333110e-02,"(0, (2, 3, 4, 4))",-9292.414,,,,
O_tau=2.0,12,1.258089e-05,8.333106e-02,"(0, (2, 3, 4, 4))",-9129.559,,,,
O_tau=2.0,12,1.280505e-05,8.333102e-02,"(0, (2, 3, 4, 4))",-8969.556,,,,
O_tau=2.0,12,1.303321e-05,8.333098e-02,"(0, (2, 3, 4, 4))",-8812.354,,,,
O_tau=2.0,12,1.326544e-05,8.333094e-02,"(0, (2, 3, 4, 4))",-8657.904,,,,
O_tau=2.0,12,1.350180e-05,8.333090e-02,"(0, (2, 3, 4, 4))",-8506.158,,,,
O_tau=2.0,12,1.374238e-05,8.333085e-02,"(0, (2, 3, 4, 4))",-8357.068,,,,
O_tau=2.0,12,1.398724e-05,8.333081e-02,"(0, (2, 3, 4, 4))",-8210.588,,,,
O_tau=2.0,12,1.423646e-05,8.333076e-02,"(0, (2, 3, 4, 4))",-8066.673,,,,
O_tau=2.0,12,1.449012e-05,8.333072e-02,"(0, (2, 3, 4, 4))",-7925.277,,,,
O_tau=2.0,12,1.474831e-05,8.333067e-02,"(0, (2, 3, 4, 4))",-7786.357,,,,
O_tau=2.0,12,1.501109e-05,8.333062e-02,"(0, (2, 3, 4, 4))",-7649.868,,,,
O_tau=2.0,12,1.527856e-05,8.333057e-02,"(0, (2, 3, 4, 4))",-7515.769,,,,
O_tau=2.0,12,1.555079e-05,8.333053e-02,"(0, (2, 3, 4, 4))",-7384.018,,,,
O_tau=2.0,12,1.582787e-05,8.333048e-02,"(0, (2, 3, 4, 4))",-7254.573,,,,
O_tau=2.0,12,1.610989e-05,8.333042e-02,"(0, (2, 3, 4, 4))",-7127.394,,,,
O_tau=2.0,12,1.639694e-05,8.333037e-02,"(0, (2, 3, 4, 4))",-7002.442,,,,
O_tau=2.0,12,1.668910e-05,8.333032e-02,"(0, (2, 3, 4, 4))",-6879.677,,,,
O_tau=2.0,12,1.698646e-05,8.333027e-02,"(0, (2, 3, 4, 4))",-6759.061,,,,
O_tau=2.0,12,1.728913e-05,8.333021e-02,"(0, (2, 3, 4, 4))",-6640.557,,,,
O_tau=2.0,12,1.759718e-05,8.333016e-02,"(0, (2, 3, 4, 4))",-6524.128,,,,
O_tau=2.0,12,1.791073e-05,8.333010e-02,"(0, (2, 3, 4, 4))",-6409.736,,,,
O_tau=2.0,12,1.822986e-05,8.333004e-02,"(0, (2, 3, 4, 4))",-6297.348,,,,
O_tau=2.0,12,1.855468e-05,8.332998e-02,"(0, (2, 3, 4, 4))",-6186.927,,,,
O_tau=2.0,12,1.888529e-05,8.332992e-02,"(0, (2, 3, 4, 4))",-6078.439,,,,
O_tau=2.0,12,1.922178e-05,8.332986e-02,"(0, (2, 3, 4, 4))",-5971.850,,,,
O_tau=2.0,12,1.956428e-05,8.332980e-02,"(0, (2, 3, 4, 4))",-5867.127,,,,
O_tau=2.0,12,1.991287e-05,8.332974e-02,"(0, (2, 3, 4, 4))",-5764.238,,,,
O_tau=2.0,12,2.026768e-05,8.332967e-02,"(0, (2, 3, 4, 4))",-5663.150,,,,
O_tau=2.0,12,2.062881e-05,8.332961e-02,"(0, (2, 3, 4, 4))",-5563.832,,,,
O_tau=2.0,12,2.099637e-05,8.332954e-02,"(0, (2, 3, 4, 4))",-5466.252,,,,
O_tau=2.0,12,2.137048e-05,8.332948e-02,"(0, (2, 3, 4, 4))",-5370.381,,,,
O_tau=2.0,12,2.175126e-05,8.332941e-02,"(0, (2, 3, 4, 4))",-5276.188,,,,
O_tau=2.0,12,2.213882e-05,8.332934e-02,"(0, (2, 3, 4, 4))",-5183.644,,,,
O_tau=2.0,12,2.253329e-05,8.332927e-02,"(0, (2, 3, 4, 4))",-5092.720,,,,
O_tau=2.0,12,2.293479e-05,8.332919e-02,"(0, (2, 3, 4, 4))",-5003.388,,,,
O_tau=2.0,12,2.334344e-05,8.332912e-02,"(0, (2, 3, 4, 4))",-4915.620,,,,
O_tau=2.0,12,2.375937e-05,8.332904e-02,"(0, (2, 3, 4, 4))",-4829.388,,,,
O_tau=2.0,12,2.418271e-05,8.332897e-02,"(0, (2, 3, 4, 4))",-4744.666,,,,
O_tau=2.0,12,2.461360e-05,8.332889e-02,"(0, (2, 3, 4, 4))",-4661.427,,,,
O_tau=2.0,12,2.505216e-05,8.332881e-02,"(0, (2, 3, 4, 4))",-4579.646,,,,
O_tau=2.0,12,2.549854e-05,8.332873e-02,"(0, (2, 3, 4, 4))",-4499.296,,,,
O_tau=2.0,12,2.595287e-05,8.332865e-02,"(0, (2, 3, 4, 4))",-4420.353,,,,
O_tau=2.0,12,2.641530e-05,8.332856e-02,"(0, (2, 3, 4, 4))",-4342.792,,,,
O_tau=2.0,12,2.688596e-05,8.332848e-02,"(0, (2, 3, 4, 4))",-4266.589,,,,
O_tau=2.0,12,2.736502e-05,8.332839e-02,"(0, (2, 3, 4, 4))",-4191.720,,,,
O_tau=2.0,12,2.785260e-05,8.332830e-02,"(0, (2, 3, 4, 4))",-4118.161,,,,
O_tau=2.0,12,2.834888e-05,8.332822e-02,"(0, (2, 3, 4, 4))",-4045.891,,,,
O_tau=2.0,12,2.885400e-05,8.332812e-02,"(0, (2, 3, 4, 4))",-3974.886,,,,
O_tau=2.0,12,2.936812e-05,8.332803e-02,"(0, (2, 3, 4, 4))",-3905.123,,,,
O_tau=2.0,12,2.989140e-05,8.332794e-02,"(0, (2, 3, 4, 4))",-3836.582,,,,
O_tau=2.0,12,3.042400e-05,8.332784e-02,"(0, (2, 3, 4, 4))",-3769.241,,,,
O_tau=2.0,12,3.096609e-05,8.332774e-02,"(0, (2, 3, 4, 4))",-3703.079,,,,
O_tau=2.0,12,3.151784e-05,8.332764e-02,"(0, (2, 3, 4, 4))",-3638.076,,,,
O_tau=2.0,12,3.207943e-05,8.332754e-02,"(0, (2, 3, 4, 4))",-3574.210,,,,
O_tau=2.0,12,3.265102e-05,8.332744e-02,"(0, (2, 3, 4, 4))",-3511.462,,,,
O_tau=2.0,12,3.323279e-05,8.332733e-02,"(0, (2, 3, 4, 4))",-3449.813,,,,
O_tau=2.0,12,3.382493e-05,8.332723e-02,"(0, (2, 3, 4, 4))",-3389.243,,,,
O_tau=2.0,12,3.442762e-05,8.332712e-02,"(0, (2, 3, 4, 4))",-3329.734,,,,
O_tau=2.0,12,3.504105e-05,8.332701e-02,"(0, (2, 3, 4, 4))",-3271.266,,,,
O_tau=2.0,12,3.566541e-05,8.332689e-02,"(0, (2, 3, 4, 4))",-3213.822,,,,
O_tau=2.0,12,3.630089e-05,8.332678e-02,"(0, (2, 3, 4, 4))",-3157.384,,,,
O_tau=2.0,12,3.694770e-05,8.332666e-02,"(0, (2, 3, 4, 4))",-3101.934,,,,
O_tau=2.0,12,3.760603e-05,8.332654e-02,"(0, (2, 3, 4, 4))",-3047.455,,,,
O_tau=2.0,12,3.827609e-05,8.332642e-02,"(0, (2, 3, 4, 4))",-2993.929,,,,
O_tau=2.0,12,3.895809e-05,8.332630e-02,"(0, (2, 3, 4, 4))",-2941.340,,,,
O_tau=2.0,12,3.965225e-05,8.332617e-02,"(0, (2, 3, 4, 4))",-2889.672,,,,
O_tau=2.0,12,4.035877e-05,8.332605e-02,"(0, (2, 3, 4, 4))",-2838.909,,,,
O_tau=2.0,12,4.107788e-05,8.332592e-02,"(0, (2, 3, 4, 4))",-2789.035,,,,
O_tau=2.0,12,4.180980e-05,8.332579e-02,"(0, (2, 3, 4, 4))",-2740.033,,,,
O_tau=2.0,12,4.255477e-05,8.332565e-02,"(0, (2, 3, 4, 4))",-2691.890,,,,
O_tau=2.0,12,4.331300e-05,8.332551e-02,"(0, (2, 3, 4, 4))",-2644.589,,,,
O_tau=2.0,12,4.408475e-05,8.332537e-02,"(0, (2, 3, 4, 4))",-2598.117,,,,
O_tau=2.0,12,4.487025e-05,8.332523e-02,"(0, (2, 3, 4, 4))",-2552.458,,,,
O_tau=2.0,12,4.566975e-05,8.332509e-02,"(0, (2, 3, 4, 4))",-2507.598,,,,
O_tau=2.0,12,4.648349e-05,8.332494e-02,"(0, (2, 3, 4, 4))",-2463.524,,,,
O_tau=2.0,12,4.731173e-05,8.332479e-02,"(0, (2, 3, 4, 4))",-2420.221,,,,
O_tau=2.0,12,4.815472e-05,8.332464e-02,"(0, (2, 3, 4, 4))",-2377.677,,,,
O_tau=2.0,12,4.901274e-05,8.332449e-02,"(0, (2, 3, 4, 4))",-2335.877,,,,
O_tau=2.0,12,4.988605e-05,8.332433e-02,"(0, (2, 3, 4, 4))",-2294.810,,,,
O_tau=2.0,12,5.077491e-05,8.332417e-02,"(0, (2, 3, 4, 4))",-2254.461,,,,
O_tau=2.0,12,5.167962e-05,8.332400e-02,"(0, (2, 3, 4, 4))",-2214.819,,,,
O_tau=2.0,12,5.260044e-05,8.332384e-02,"(0, (2, 3, 4, 4))",-2175.870,,,,
O_tau=2.0,12,5.353767e-05,8.332367e-02,"(0, (2, 3, 4, 4))",-2137.604,,,,
O_tau=2.0,12,5.449160e-05,8.332350e-02,"(0, (2, 3, 4, 4))",-2100.008,,,,
O_tau=2.0,12,5.546253e-05,8.332332e-02,"(0, (2, 3, 4, 4))",-2063.069,,,,
O_tau=2.0,12,5.645076e-05,8.332314e-02,"(0, (2, 3, 4, 4))",-2026.778,,,,
O_tau=2.0,12,5.745660e-05,8.332296e-02,"(0, (2, 3, 4, 4))",-1991.122,,,,
O_tau=2.0,12,5.848035e-05,8.332278e-02,"(0, (2, 3, 4, 4))",-1956.090,,,,
O_tau=2.0,12,5.952235e-05,8.332259e-02,"(0, (2, 3, 4, 4))",-1921.671,,,,
O_tau=2.0,12,6.058292e-05,8.332240e-02,"(0, (2, 3, 4, 4))",-1887.855,,,,
O_tau=2.0,12,6.166238e-05,8.332220e-02,"(0, (2, 3, 4, 4))",-1854.632,,,,
O_tau=2.0,12,6.276108e-05,8.332200e-02,"(0, (2, 3, 4, 4))",-1821.989,,,,
O_tau=2.0,12,6.387935e-05,8.332180e-02,"(0, (2, 3, 4, 4))",-1789.919,,,,
O_tau=2.0,12,6.501755e-05,8.332160e-02,"(0, (2, 3, 4, 4))",-1758.410,,,,
O_tau=2.0,12,6.617603e-05,8.332139e-02,"(0, (2, 3, 4, 4))",-1727.452,,,,
O_tau=2.0,12,6.735515e-05,8.332117e-02,"(0, (2, 3, 4, 4))",-1697.037,,,,
O_tau=2.0,12,6.855528e-05,8.332096e-02,"(0, (2, 3, 4, 4))",-1667.154,,,,
O_tau=2.0,12,6.977679e-05,8.332074e-02,"(0, (2, 3, 4, 4))",-1637.794,,,,
O_tau=2.0,12,7.102007e-05,8.332051e-02,"(0, (2, 3, 4, 4))",-1608.948,,,,
O_tau=2.0,12,7.228550e-05,8.332029e-02,"(0, (2, 3, 4, 4))",-1580.607,,,,
O_tau=2.0,12,7.357348e-05,8.332005e-02,"(0, (2, 3, 4, 4))",-1552.763,,,,
O_tau=2.0,12,7.488441e-05,8.331982e-02,"(0, (2, 3, 4, 4))",-1525.406,,,,
O_tau=2.0,12,7.621869e-05,8.331958e-02,"(0, (2, 3, 4, 4))",-1498.528,,,,
O_tau=2.0,12,7.757675e-05,8.331933e-02,"(0, (2, 3, 4, 4))",-1472.120,,,,
O_tau=2.0,12,7.895901e-05,8.331908e-02,"(0, (2, 3, 4, 4))",-1446.175,,,,
O_tau=2.0,12,8.036590e-05,8.331883e-02,"(0, (2, 3, 4, 4))",-1420.685,,,,
O_tau=2.0,12,8.179785e-05,8.331857e-02,"(0, (2, 3, 4, 4))",-1395.640,,,,
O_tau=2.0,12,8.325532e-05,8.331831e-02,"(0, (2, 3, 4, 4))",-1371.034,,,,
O_tau=2.0,12,8.473876e-05,8.331804e-02,"(0, (2, 3, 4, 4))",-1346.859,,,,
O_tau=2.0,12,8.624863e-05,8.331777e-02,"(0, (2, 3, 4, 4))",-1323.107,,,,
O_tau=2.0,12,8.778540e-05,8.331749e-02,"(0, (2, 3, 4, 4))",-1299.771,,,,
O_tau=2.0,12,8.934956e-05,8.331721e-02,"(0, (2, 3, 4, 4))",-1276.844,,,,
O_tau=2.0,12,9.094158e-05,8.331692e-02,"(0, (2, 3, 4, 4))",-1254.318,,,,
O_tau=2.0,12,9.256197e-05,8.331663e-02,"(0, (2, 3, 4, 4))",-1232.186,,,,
O_tau=2.0,12,9.421124e-05,8.331633e-02,"(0, (2, 3, 4, 4))",-1210.442,,,,
O_tau=2.0,12,9.588989e-05,8.331603e-02,"(0, (2, 3, 4, 4))",-1189.079,,,,
O_tau=2.0,12,9.759844e-05,8.331572e-02,"(0, (2, 3, 4, 4))",-1168.089,,,,
O_tau=2.0,12,9.933745e-05,8.331540e-02,"(0, (2, 3, 4, 4))",-1147.467,,,,
O_tau=2.0,12,1.011074e-04,8.331508e-02,"(0, (2, 3, 4, 4))",-1127.207,,,,
O_tau=2.0,12,1.029090e-04,8.331476e-02,"(0, (2, 3, 4, 4))",-1107.301,,,,
O_tau=2.0,12,1.047426e-04,8.331443e-02,"(0, (2, 3, 4, 4))",-1087.743,,,,
O_tau=2.0,12,1.066089e-04,8.331409e-02,"(0, (2, 3, 4, 4))",-1068.528,,,,
O_tau=2.0,12,1.085084e-04,8.331375e-02,"(0, (2, 3, 4, 4))",-1049.650,,,,
O_tau=2.0,12,1.104418e-04,8.331340e-02,"(0, (2, 3, 4, 4))",-1031.102,,,,
O_tau=2.0,12,1.124097e-04,8.331304e-02,"(0, (2, 3, 4, 4))",-1012.878,,,,
O_tau=2.0,12,1.144126e-04,8.331268e-02,"(0, (2, 3, 4, 4))",-994.974,,,,
O_tau=2.0,12,1.164512e-04,8.331232e-02,"(0, (2, 3, 4, 4))",-977.384,,,,
O_tau=2.0,12,1.185261e-04,8.331194e-02,"(0, (2, 3, 4, 4))",-960.101,,,,
O_tau=2.0,12,1.206380e-04,8.331156e-02,"(0, (2, 3, 4, 4))",-943.121,,,,
O_tau=2.0,12,1.227875e-04,8.331117e-02,"(0, (2, 3, 4, 4))",-926.438,,,,
O_tau=2.0,12,1.249753e-04,8.331078e-02,"(0, (2, 3, 4, 4))",-910.048,,,,
O_tau=2.0,12,1.272021e-04,8.331038e-02,"(0, (2, 3, 4, 4))",-893.944,,,,
O_tau=2.0,12,1.294686e-04,8.330997e-02,"(0, (2, 3, 4, 4))",-878.122,,,,
O_tau=2.0,12,1.317755e-04,8.330955e-02,"(0, (2, 3, 4, 4))",-862.578,,,,
O_tau=2.0,12,1.341234e-04,8.330913e-02,"(0, (2, 3, 4, 4))",-847.305,,,,
O_tau=2.0,12,1.365132e-04,8.330870e-02,"(0, (2, 3, 4, 4))",-832.301,,,,
O_tau=2.0,12,1.389456e-04,8.330826e-02,"(0, (2, 3, 4, 4))",-817.558,,,,
O_tau=2.0,12,1.414214e-04,8.330781e-02,"(0, (2, 3, 4, 4))",-803.074,,,,
O_tau=2.0,12,1.439412e-04,8.330736e-02,"(0, (2, 3, 4, 4))",-788.844,,,,
O_tau=2.0,12,1.465059e-04,8.330689e-02,"(0, (2, 3, 4, 4))",-774.863,,,,
O_tau=2.0,12,1.491164e-04,8.330642e-02,"(0, (2, 3, 4, 4))",-761.126,,,,
O_tau=2.0,12,1.517733e-04,8.330594e-02,"(0, (2, 3, 4, 4))",-747.630,,,,
O_tau=2.0,12,1.544776e-04,8.330546e-02,"(0, (2, 3, 4, 4))",-734.371,,,,
O_tau=2.0,12,1.572301e-04,8.330496e-02,"(0, (2, 3, 4, 4))",-721.343,,,,
O_tau=2.0,12,1.600316e-04,8.330445e-02,"(0, (2, 3, 4, 4))",-708.544,,,,
O_tau=2.0,12,1.628830e-04,8.330394e-02,"(0, (2, 3, 4, 4))",-695.969,,,,
O_tau=2.0,12,1.657853e-04,8.330342e-02,"(0, (2, 3, 4, 4))",-683.614,,,,
O_tau=2.0,12,1.687392e-04,8.330288e-02,"(0, (2, 3, 4, 4))",-671.475,,,,
O_tau=2.0,12,1.717458e-04,8.330234e-02,"(0, (2, 3, 4, 4))",-659.549,,,,
O_tau=2.0,12,1.748059e-04,8.330179e-02,"(0, (2, 3, 4, 4))",-647.832,,,,
O_tau=2.0,12,1.779206e-04,8.330123e-02,"(0, (2, 3, 4, 4))",-636.320,,,,
O_tau=2.0,12,1.810908e-04,8.330066e-02,"(0, (2, 3, 4, 4))",-625.010,,,,
O_tau=2.0,12,1.843175e-04,8.330007e-02,"(0, (2, 3, 4, 4))",-613.898,,,,
O_tau=2.0,12,1.876016e-04,8.329948e-02,"(0, (2, 3, 4, 4))",-602.980,,,,
O_tau=2.0,12,1.909443e-04,8.329888e-02,"(0, (2, 3, 4, 4))",-592.253,,,,
O_tau=2.0,12,1.943465e-04,8.329827e-02,"(0, (2, 3, 4, 4))",-581.715,,,,
O_tau=2.0,12,1.978094e-04,8.329764e-02,"(0, (2, 3, 4, 4))",-571.361,,,,
O_tau=2.0,12,2.013339e-04,8.329701e-02,"(0, (2, 3, 4, 4))",-561.188,,,,
O_tau=2.0,12,2.049213e-04,8.329636e-02,"(0, (2, 3, 4, 4))",-551.193,,,,
O_tau=2.0,12,2.085726e-04,8.329570e-02,"(0, (2, 3, 4, 4))",-541.374,,,,
O_tau=2.0,12,2.122889e-04,8.329503e-02,"(0, (2, 3, 4, 4))",-531.726,,,,
O_tau=2.0,12,2.160715e-04,8.329435e-02,"(0, (2, 3, 4, 4))",-522.247,,,,
O_tau=2.0,12,2.199214e-04,8.329366e-02,"(0, (2, 3, 4, 4))",-512.935,,,,
O_tau=2.0,12,2.238399e-04,8.329295e-02,"(0, (2, 3, 4, 4))",-503.785,,,,
O_tau=2.0,12,2.278283e-04,8.329223e-02,"(0, (2, 3, 4, 4))",-494.796,,,,
O_tau=2.0,12,2.318877e-04,8.329150e-02,"(0, (2, 3, 4, 4))",-485.964,,,,
O_tau=2.0,12,2.360195e-04,8.329075e-02,"(0, (2, 3, 4, 4))",-477.287,,,,
O_tau=2.0,12,2.402249e-04,8.329000e-02,"(0, (2, 3, 4, 4))",-468.761,,,,
O_tau=2.0,12,2.445052e-04,8.328922e-02,"(0, (2, 3, 4, 4))",-460.385,,,,
O_tau=2.0,12,2.488618e-04,8.328844e-02,"(0, (2, 3, 4, 4))",-452.156,,,,
O_tau=2.0,12,2.532960e-04,8.328764e-02,"(0, (2, 3, 4, 4))",-444.071,,,,
O_tau=2.0,12,2.578092e-04,8.328683e-02,"(0, (2, 3, 4, 4))",-436.127,,,,
O_tau=2.0,12,2.624028e-04,8.328600e-02,"(0, (2, 3, 4, 4))",-428.323,,,,
O_tau=2.0,12,2.670783e-04,8.328515e-02,"(0, (2, 3, 4, 4))",-420.655,,,,
O_tau=2.0,12,2.718371e-04,8.328430e-02,"(0, (2, 3, 4, 4))",-413.122,,,,
O_tau=2.0,12,2.766807e-04,8.328342e-02,"(0, (2, 3, 4, 4))",-405.720,,,,
O_tau=2.0,12,2.816105e-04,8.328254e-02,"(0, (2, 3, 4, 4))",-398.449,,,,
O_tau=2.0,12,2.866283e-04,8.328163e-02,"(0, (2, 3, 4, 4))",-391.304,,,,
O_tau=2.0,12,2.917354e-04,8.328071e-02,"(0, (2, 3, 4, 4))",-384.285,,,,
O_tau=2.0,12,2.969335e-04,8.327977e-02,"(0, (2, 3, 4, 4))",-377.389,,,,
O_tau=2.0,12,3.022242e-04,8.327882e-02,"(0, (2, 3, 4, 4))",-370.613,,,,
O_tau=2.0,12,3.076093e-04,8.327785e-02,"(0, (2, 3, 4, 4))",-363.956,,,,
O_tau=2.0,12,3.130902e-04,8.327686e-02,"(0, (2, 3, 4, 4))",-357.416,,,,
O_tau=2.0,12,3.186688e-04,8.327586e-02,"(0, (2, 3, 4, 4))",-350.990,,,,
O_tau=2.0,12,3.243469e-04,8.327484e-02,"(0, (2, 3, 4, 4))",-344.677,,,,
O_tau=2.0,12,3.301261e-04,8.327379e-02,"(0, (2, 3, 4, 4))",-338.474,,,,
O_tau=2.0,12,3.360082e-04,8.327273e-02,"(0, (2, 3, 4, 4))",-332.380,,,,
O_tau=2.0,12,3.419952e-04,8.327166e-02,"(0, (2, 3, 4, 4))",-326.393,,,,
O_tau=2.0,12,3.480888e-04,8.327056e-02,"(0, (2, 3, 4, 4))",-320.511,,,,
O_tau=2.0,12,3.542911e-04,8.326944e-02,"(0, (2, 3, 4, 4))",-314.732,,,,
O_tau=2.0,12,3.606038e-04,8.326830e-02,"(0, (2, 3, 4, 4))",-309.054,,,,
O_tau=2.0,12,3.670290e-04,8.326715e-02,"(0, (2, 3, 4, 4))",-303.475,,,,
O_tau=2.0,12,3.735687e-04,8.326597e-02,"(0, (2, 3, 4, 4))",-297.994,,,,
O_tau=2.0,12,3.802249e-04,8.326477e-02,"(0, (2, 3, 4, 4))",-292.609,,,,
O_tau=2.0,12,3.869998e-04,8.326355e-02,"(0, (2, 3, 4, 4))",-287.319,,,,
O_tau=2.0,12,3.938953e-04,8.326231e-02,"(0, (2, 3, 4, 4))",-282.121,,,,
O_tau=2.0,12,4.009137e-04,8.326105e-02,"(0, (2, 3, 4, 4))",-277.014,,,,
O_tau=2.0,12,4.080572e-04,8.325976e-02,"(0, (2, 3, 4, 4))",-271.997,,,,
O_tau=2.0,12,4.153279e-04,8.325845e-02,"(0, (2, 3, 4, 4))",-267.068,,,,
O_tau=2.0,12,4.227282e-04,8.325712e-02,"(0, (2, 3, 4, 4))",-262.225,,,,
O_tau=2.0,12,4.302603e-04,8.325576e-02,"(0, (2, 3, 4, 4))",-257.467,,,,
O_tau=2.0,12,4.379267e-04,8.325438e-02,"(0, (2, 3, 4, 4))",-252.792,,,,
O_tau=2.0,12,4.457296e-04,8.325298e-02,"(0, (2, 3, 4, 4))",-248.199,,,,
O_tau=2.0,12,4.536716e-04,8.325155e-02,"(0, (2, 3, 4, 4))",-243.686,,,,
O_tau=2.0,12,4.617551e-04,8.325009e-02,"(0, (2, 3, 4, 4))",-239.253,,,,
O_tau=2.0,12,4.699826e-04,8.324861e-02,"(0, (2, 3, 4, 4))",-234.897,,,,
O_tau=2.0,12,4.783567e-04,8.324710e-02,"(0, (2, 3, 4, 4))",-230.618,,,,
O_tau=2.0,12,4.868801e-04,8.324557e-02,"(0, (2, 3, 4, 4))",-226.414,,,,
O_tau=2.0,12,4.955553e-04,8.324401e-02,"(0, (2, 3, 4, 4))",-222.283,,,,
O_tau=2.0,12,5.043850e-04,8.324242e-02,"(0, (2, 3, 4, 4))",-218.224,,,,
O_tau=2.0,12,5.133721e-04,8.324080e-02,"(0, (2, 3, 4, 4))",-214.237,,,,
O_tau=2.0,12,5.225194e-04,8.323916e-02,"(0, (2, 3, 4, 4))",-210.320,,,,
O_tau=2.0,12,5.318296e-04,8.323748e-02,"(0, (2, 3, 4, 4))",-206.471,,,,
O_tau=2.0,12,5.413057e-04,8.323578e-02,"(0, (2, 3, 4, 4))",-202.690,,,,
O_tau=2.0,12,5.509506e-04,8.323404e-02,"(0, (2, 3, 4, 4))",-198.975,,,,
O_tau=2.0,12,5.607674e-04,8.323228e-02,"(0, (2, 3, 4, 4))",-195.325,,,,
O_tau=2.0,12,5.707592e-04,8.323048e-02,"(0, (2, 3, 4, 4))",-191.739,,,,
O_tau=2.0,12,5.809289e-04,8.322865e-02,"(0, (2, 3, 4, 4))",-188.216,,,,
O_tau=2.0,12,5.912799e-04,8.322679e-02,"(0, (2, 3, 4, 4))",-184.755,,,,
O_tau=2.0,12,6.018153e-04,8.322490e-02,"(0, (2, 3, 4, 4))",-181.354,,,,
O_tau=2.0,12,6.125384e-04,8.322297e-02,"(0, (2, 3, 4, 4))",-178.013,,,,
O_tau=2.0,12,6.234525e-04,8.322101e-02,"(0, (2, 3, 4, 4))",-174.730,,,,
O_tau=2.0,12,6.345612e-04,8.321901e-02,"(0, (2, 3, 4, 4))",-171.505,,,,
O_tau=2.0,12,6.458677e-04,8.321698e-02,"(0, (2, 3, 4, 4))",-168.337,,,,
O_tau=2.0,12,6.573758e-04,8.321491e-02,"(0, (2, 3, 4, 4))",-165.224,,,,
O_tau=2.0,12,6.690889e-04,8.321280e-02,"(0, (2, 3, 4, 4))",-162.165,,,,4334
O_tau=2.0,12,6.810106e-04,8.321066e-02,"(0, (2, 3, 4, 4))",-159.161,,,,4249
O_tau=2.0,12,6.931448e-04,8.320848e-02,"(0, (2, 3, 4, 4))",-156.208,,,,4166
O_tau=2.0,12,7.054953e-04,8.320626e-02,"(0, (2, 3, 4, 4))",-153.308,,,,4085
O_tau=2.0,12,7.180657e-04,8.320400e-02,"(0, (2, 3, 4, 4))",-150.458,,,4328,4006
O_tau=2.0,12,7.308602e-04,8.320170e-02,"(0, (2, 3, 4, 4))",-147.659,,,4244,3927
O_tau=2.0,12,7.438826e-04,8.319936e-02,"(0, (2, 3, 4, 4))",-144.908,,,4162,3851
O_tau=2.0,12,7.571370e-04,8.319698e-02,"(0, (2, 3, 4, 4))",-142.206,,,4081,3776
O_tau=2.0,12,7.706277e-04,8.319456e-02,"(0, (2, 3, 4, 4))",-139.551,,,4002,3702
O_tau=2.0,12,7.843587e-04,8.319209e-02,"(0, (2, 3, 4, 4))",-136.943,,,3925,3630
O_tau=2.0,12,7.983343e-04,8.318958e-02,"(0, (2, 3, 4, 4))",-134.380,,,3848,3559
O_tau=2.0,12,8.125590e-04,8.318703e-02,"(0, (2, 3, 4, 4))",-131.862,,,3774,3489
O_tau=2.0,12,8.270371e-04,8.318443e-02,"(0, (2, 3, 4, 4))",-129.389,,,3701,3421
O_tau=2.0,12,8.417732e-04,8.318178e-02,"(0, (2, 3, 4, 4))",-126.959,,,3629,3354
O_tau=2.0,12,8.567719e-04,8.317909e-02,"(0, (2, 3, 4, 4))",-124.571,,,3559,3289
O_tau=2.0,12,8.720378e-04,8.317635e-02,"(0, (2, 3, 4, 4))",-122.225,,,3490,3224
O_tau=2.0,12,8.875757e-04,8.317356e-02,"(0, (2, 3, 4, 4))",-119.921,,,3422,3161
O_tau=2.0,12,9.033905e-04,8.317072e-02,"(0, (2, 3, 4, 4))",-117.657,4367,,3355,3100
O_tau=2.0,12,9.194870e-04,8.316784e-02,"(0, (2, 3, 4, 4))",-115.432,4285,,3291,3039
O_tau=2.0,12,9.358704e-04,8.316490e-02,"(0, (2, 3, 4, 4))",-113.247,4203,,3227,2979
O_tau=2.0,12,9.525456e-04,8.316190e-02,"(0, (2, 3, 4, 4))",-111.099,4123,4399,3164,2921
O_tau=2.0,12,9.695180e-04,8.315886e-02,"(0, (2, 3, 4, 4))",-108.990,4044,4316,3103,2864
O_tau=2.0,12,9.867929e-04,8.315576e-02,"(0, (2, 3, 4, 4))",-106.917,3966,4234,3042,2808
O_tau=2.0,12,1.004375e-03,8.315261e-02,"(0, (2, 3, 4, 4))",-104.881,3892,4156,2983,2753
O_tau=2.0,12,1.022271e-03,8.314940e-02,"(0, (2, 3, 4, 4))",-102.881,3814,4075,2925,2699
O_tau=2.0,12,1.040486e-03,8.314613e-02,"(0, (2, 3, 4, 4))",-100.916,3745,3997,2868,2646
O_tau=2.0,12,1.059025e-03,8.314281e-02,"(0, (2, 3, 4, 4))",-98.985,3672,3922,2813,2594
O_tau=2.0,12,1.077895e-03,8.313943e-02,"(0, (2, 3, 4, 4))",-97.088,3602,3845,2758,2543
O_tau=2.0,12,1.097101e-03,8.313599e-02,"(0, (2, 3, 4, 4))",-95.224,3531,3775,2704,2493
O_tau=2.0,12,1.116649e-03,8.313248e-02,"(0, (2, 3, 4, 4))",-93.393,3465,3701,2652,2445
O_tau=2.0,12,1.136545e-03,8.312892e-02,"(0, (2, 3, 4, 4))",-91.594,3397,3631,2600,2397
O_tau=2.0,12,1.156796e-03,8.312529e-02,"(0, (2, 3, 4, 4))",-89.827,3335,3563,2550,2350
O_tau=2.0,12,1.177408e-03,8.312160e-02,"(0, (2, 3, 4, 4))",-88.090,3272,3494,2500,2303
O_tau=2.0,12,1.198387e-03,8.311784e-02,"(0, (2, 3, 4, 4))",-86.384,3209,3428,2452,2258
O_tau=2.0,12,1.219740e-03,8.311402e-02,"(0, (2, 3, 4, 4))",-84.708,3145,3362,2404,2214
O_tau=2.0,12,1.241473e-03,8.311013e-02,"(0, (2, 3, 4, 4))",-83.062,3085,3301,2357,2171
O_tau=2.0,12,1.263594e-03,8.310617e-02,"(0, (2, 3, 4, 4))",-81.444,3025,3236,2311,2128
O_tau=2.0,12,1.286108e-03,8.310214e-02,"(0, (2, 3, 4, 4))",-79.855,2969,3175,2266,2086
O_tau=2.0,12,1.309024e-03,8.309803e-02,"(0, (2, 3, 4, 4))",-78.293,2913,3116,2222,2045
O_tau=2.0,12,1.332348e-03,8.309386e-02,"(0, (2, 3, 4, 4))",-76.759,2857,3054,2179,2005
O_tau=2.0,12,1.356088e-03,8.308961e-02,"(0, (2, 3, 4, 4))",-75.252,2802,2995,2136,1965
O_tau=2.0,12,1.380250e-03,8.308529e-02,"(0, (2, 3, 4, 4))",-73.772,2747,2940,2095,1927
O_tau=2.0,12,1.404844e-03,8.308089e-02,"(0, (2, 3, 4, 4))",-72.317,2693,2884,2054,1889
O_tau=2.0,12,1.429875e-03,8.307642e-02,"(0, (2, 3, 4, 4))",-70.888,2643,2829,2014,1852
O_tau=2.0,12,1.455352e-03,8.307186e-02,"(0, (2, 3, 4, 4))",-69.484,2592,2777,1974,1816
O_tau=2.0,12,1.481284e-03,8.306723e-02,"(0, (2, 3, 4, 4))",-68.105,2546,2720,1936,1780
O_tau=2.0,12,1.507677e-03,8.306251e-02,"(0, (2, 3, 4, 4))",-66.749,2493,2671,1898,1745
O_tau=2.0,12,1.534541e-03,8.305771e-02,"(0, (2, 3, 4, 4))",-65.418,2448,2619,1861,1710
O_tau=2.0,12,1.561883e-03,8.305282e-02,"(0, (2, 3, 4, 4))",-64.110,2399,2568,1825,1676
O_tau=2.0,12,1.589713e-03,8.304785e-02,"(0, (2, 3, 4, 4))",-62.825,2352,2519,1789,1644
O_tau=2.0,12,1.618038e-03,8.304279e-02,"(0, (2, 3, 4, 4))",-61.563,2307,2472,1754,1611
O_tau=2.0,12,1.646868e-03,8.303765e-02,"(0, (2, 3, 4, 4))",-60.322,2266,2424,1720,1579
O_tau=2.0,12,1.676212e-03,8.303241e-02,"(0, (2, 3, 4, 4))",-59.104,2220,2379,1686,1548
O_tau=2.0,12,1.706079e-03,8.302708e-02,"(0, (2, 3, 4, 4))",-57.907,2180,2331,1654,1518
O_tau=2.0,12,1.736478e-03,8.302165e-02,"(0, (2, 3, 4, 4))",-56.730,2135,2287,1621,1488
O_tau=2.0,12,1.767418e-03,8.301613e-02,"(0, (2, 3, 4, 4))",-55.575,2096,2245,1590,1458
O_tau=2.0,12,1.798910e-03,8.301051e-02,"(0, (2, 3, 4, 4))",-54.440,2053,2202,1559,1430
O_tau=2.0,12,1.830963e-03,8.300480e-02,"(0, (2, 3, 4, 4))",-53.325,2015,2163,1528,1401
O_tau=2.0,12,1.863587e-03,8.299898e-02,"(0, (2, 3, 4, 4))",-52.229,1975,2120,1498,1374
O_tau=2.0,12,1.896792e-03,8.299306e-02,"(0, (2, 3, 4, 4))",-51.153,1941,2078,1469,1347
O_tau=2.0,12,1.930589e-03,8.298704e-02,"(0, (2, 3, 4, 4))",-50.095,1902,2038,1440,1320
O_tau=2.0,12,1.964988e-03,8.298091e-02,"(0, (2, 3, 4, 4))",-49.056,1866,1998,1412,1294
O_tau=2.0,12,2.000000e-03,8.297467e-02,"(0, (2, 3, 4, 4))",-48.036,1830,1963,1384,1269
O_tau=2.0,12,2.031395e-03,8.296908e-02,"(0, (2, 3, 4, 4))",-47.150,1797,1929,1360,1247
O_tau=2.0,12,2.063282e-03,8.296340e-02,"(0, (2, 3, 4, 4))",-46.279,1766,1895,1337,1225
O_tau=2.0,12,2.095671e-03,8.295764e-02,"(0, (2, 3, 4, 4))",-45.421,1737,1866,1314,1203
O_tau=2.0,12,2.128567e-03,8.295178e-02,"(0, (2, 3, 4, 4))",-44.576,1707,1834,1291,1182
O_tau=2.0,12,2.161980e-03,8.294583e-02,"(0, (2, 3, 4, 4))",-43.745,1678,1802,1269,1161
O_tau=2.0,12,2.195917e-03,8.293980e-02,"(0, (2, 3, 4, 4))",-42.926,1649,1769,1247,1141
O_tau=2.0,12,2.230388e-03,8.293367e-02,"(0, (2, 3, 4, 4))",-42.120,1621,1741,1225,1121
O_tau=2.0,12,2.265399e-03,8.292744e-02,"(0, (2, 3, 4, 4))",-41.327,1594,1710,1204,1102
O_tau=2.0,12,2.300960e-03,8.292112e-02,"(0, (2, 3, 4, 4))",-40.546,1568,1684,1183,1082
O_tau=2.0,12,2.337079e-03,8.291470e-02,"(0, (2, 3, 4, 4))",-39.777,1540,1657,1163,1064
O_tau=2.0,12,2.373765e-03,8.290818e-02,"(0, (2, 3, 4, 4))",-39.019,1513,1628,1143,1045
O_tau=2.0,12,2.411027e-03,8.290156e-02,"(0, (2, 3, 4, 4))",-38.274,1487,1599,1123,1027
O_tau=2.0,12,2.448874e-03,8.289484e-02,"(0, (2, 3, 4, 4))",-37.540,1462,1574,1103,1009
O_tau=2.0,12,2.487314e-03,8.288801e-02,"(0, (2, 3, 4, 4))",-36.818,1437,1548,1084,991
O_tau=2.0,12,2.526359e-03,8.288108e-02,"(0, (2, 3, 4, 4))",-36.107,1416,1522,1066,974
O_tau=2.0,12,2.566016e-03,8.287404e-02,"(0, (2, 3, 4, 4))",-35.407,1390,1492,1047,957
O_tau=2.0,12,2.606296e-03,8.286690e-02,"(0, (2, 3, 4, 4))",-34.718,1366,1467,1029,940
O_tau=2.0,12,2.647208e-03,8.285964e-02,"(0, (2, 3, 4, 4))",-34.039,1343,1443,1011,923
O_tau=2.0,12,2.688762e-03,8.285227e-02,"(0, (2, 3, 4, 4))",-33.371,1318,1420,994,907
O_tau=2.0,12,2.730969e-03,8.284479e-02,"(0, (2, 3, 4, 4))",-32.713,1300,1394,976,891
O_tau=2.0,12,2.773838e-03,8.283719e-02,"(0, (2, 3, 4, 4))",-32.066,1276,1372,959,876
O_tau=2.0,12,2.817380e-03,8.282948e-02,"(0, (2, 3, 4, 4))",-31.429,1256,1348,943,860
O_tau=2.0,12,2.861605e-03,8.282165e-02,"(0, (2, 3, 4, 4))",-30.801,1230,1326,926,845
O_tau=2.0,12,2.906525e-03,8.281369e-02,"(0, (2, 3, 4, 4))",-30.184,1213,1305,910,831
O_tau=2.0,12,2.952150e-03,8.280562e-02,"(0, (2, 3, 4, 4))",-29.575,1189,1282,894,816
O_tau=2.0,12,2.998491e-03,8.279742e-02,"(0, (2, 3, 4, 4))",-28.977,1171,1258,879,802
O_tau=2.0,12,3.045559e-03,8.278909e-02,"(0, (2, 3, 4, 4))",-28.387,1151,1238,864,788
O_tau=2.0,12,3.093367e-03,8.278064e-02,"(0, (2, 3, 4, 4))",-27.807,1130,1216,849,774
O_tau=2.0,12,3.141924e-03,8.277205e-02,"(0, (2, 3, 4, 4))",-27.236,1109,1198,834,760
O_tau=2.0,12,3.191244e-03,8.276334e-02,"(0, (2, 3, 4, 4))",-26.674,1095,1175,820,747
O_tau=2.0,12,3.241339e-03,8.275449e-02,"(0, (2, 3, 4, 4))",-26.120,1077,1158,806,734
O_tau=2.0,12,3.292219e-03,8.274550e-02,"(0, (2, 3, 4, 4))",-25.575,1058,1137,791,721
O_tau=2.0,12,3.343898e-03,8.273638e-02,"(0, (2, 3, 4, 4))",-25.039,1039,1119,778,708
O_tau=2.0,12,3.396389e-03,8.272711e-02,"(0, (2, 3, 4, 4))",-24.511,1023,1098,764,696
O_tau=2.0,12,3.449703e-03,8.271770e-02,"(0, (2, 3, 4, 4))",-23.991,1002,1081,751,683
O_tau=2.0,12,3.503855e-03,8.270815e-02,"(0, (2, 3, 4, 4))",-23.479,986,1062,738,671
O_tau=2.0,12,3.558856e-03,8.269846e-02,"(0, (2, 3, 4, 4))",-22.975,968,1045,725,660
O_tau=2.0,12,3.614721e-03,8.268861e-02,"(0, (2, 3, 4, 4))",-22.479,954,1025,712,648
O_tau=2.0,12,3.671462e-03,8.267862e-02,"(0, (2, 3, 4, 4))",-21.991,934,1010,700,637
O_tau=2.0,12,3.729095e-03,8.266847e-02,"(0, (2, 3, 4, 4))",-21.510,920,990,687,626
O_tau=2.0,12,3.787632e-03,8.265816e-02,"(0, (2, 3, 4, 4))",-21.037,902,974,676,615
O_tau=2.0,12,3.847088e-03,8.264770e-02,"(0, (2, 3, 4, 4))",-20.571,890,960,664,604
O_tau=2.0,12,3.907477e-03,8.263708e-02,"(0, (2, 3, 4, 4))",-20.112,872,944,653,593
O_tau=2.0,12,3.968814e-03,8.262629e-02,"(0, (2, 3, 4, 4))",-19.661,860,926,641,582
O_tau=2.0,12,4.031114e-03,8.261535e-02,"(0, (2, 3, 4, 4))",-19.216,845,909,630,572
O_tau=2.0,12,4.094392e-03,8.260423e-02,"(0, (2, 3, 4, 4))",-18.779,830,895,619,562
O_tau=2.0,12,4.158663e-03,8.259294e-02,"(0, (2, 3, 4, 4))",-18.348,815,879,608,552
O_tau=2.0,12,4.223944e-03,8.258148e-02,"(0, (2, 3, 4, 4))",-17.924,799,869,598,542
O_tau=2.0,12,4.290249e-03,8.256985e-02,"(0, (2, 3, 4, 4))",-17.507,786,852,587,533
O_tau=2.0,12,4.357594e-03,8.255804e-02,"(0, (2, 3, 4, 4))",-17.096,777,836,577,523
O_tau=2.0,12,4.425997e-03,8.254605e-02,"(0, (2, 3, 4, 4))",-16.691,759,823,567,514
O_tau=2.0,12,4.495474e-03,8.253388e-02,"(0, (2, 3, 4, 4))",-16.293,747,808,557,505
O_tau=2.0,12,4.566041e-03,8.252152e-02,"(0, (2, 3, 4, 4))",-15.901,735,794,547,496
O_tau=2.0,12,4.637716e-03,8.250897e-02,"(0, (2, 3, 4, 4))",-15.515,723,780,537,488
O_tau=2.0,12,4.710516e-03,8.249623e-02,"(0, (2, 3, 4, 4))",-15.135,708,764,528,479
O_tau=2.0,12,4.784459e-03,8.248330e-02,"(0, (2, 3, 4, 4))",-14.761,698,755,519,471
O_tau=2.0,12,4.859562e-03,8.247017e-02,"(0, (2, 3, 4, 4))",-14.393,685,741,510,462
O_tau=2.0,12,4.935845e-03,8.245685e-02,"(0, (2, 3, 4, 4))",-14.031,677,728,501,454
O_tau=2.0,12,5.013324e-03,8.244332e-02,"(0, (2, 3, 4, 4))",-13.674,663,716,492,446
O_tau=2.0,12,5.092021e-03,8.242958e-02,"(0, (2, 3, 4, 4))",-13.323,652,704,484,438
O_tau=2.0,12,5.171952e-03,8.241564e-02,"(0, (2, 3, 4, 4))",-12.977,641,690,476,430
O_tau=2.0,12,5.253138e-03,8.240148e-02,"(0, (2, 3, 4, 4))",-12.637,630,682,467,423
O_tau=2.0,12,5.335599e-03,8.238712e-02,"(0, (2, 3, 4, 4))",-12.302,617,672,459,415
O_tau=2.0,12,5.419354e-03,8.237253e-02,"(0, (2, 3, 4, 4))",-11.972,609,658,451,408
O_tau=2.0,12,5.504423e-03,8.235772e-02,"(0, (2, 3, 4, 4))",-11.648,595,647,443,401
O_tau=2.0,12,5.590828e-03,8.234269e-02,"(0, (2, 3, 4, 4))",-11.328,588,634,435,393
O_tau=2.0,12,5.678590e-03,8.232743e-02,"(0, (2, 3, 4, 4))",-11.014,579,626,428,386
O_tau=2.0,12,5.767729e-03,8.231194e-02,"(0, (2, 3, 4, 4))",-10.704,569,614,420,379
O_tau=2.0,12,5.858267e-03,8.229622e-02,"(0, (2, 3, 4, 4))",-10.399,555,605,413,373
O_tau=2.0,12,5.950227e-03,8.228026e-02,"(0, (2, 3, 4, 4))",-10.099,547,593,405,366
O_tau=2.0,12,6.043630e-03,8.226406e-02,"(0, (2, 3, 4, 4))",-9.804,536,583,398,360
O_tau=2.0,12,6.138499e-03,8.224761e-02,"(0, (2, 3, 4, 4))",-9.513,530,574,391,354
O_tau=2.0,12,6.234857e-03,8.223092e-02,"(0, (2, 3, 4, 4))",-9.227,521,562,384,347
O_tau=2.0,12,6.332728e-03,8.221398e-02,"(0, (2, 3, 4, 4))",-8.945,512,553,378,341
O_tau=2.0,12,6.432135e-03,8.219678e-02,"(0, (2, 3, 4, 4))",-8.668,503,544,371,335
O_tau=2.0,12,6.533103e-03,8.217932e-02,"(0, (2, 3, 4, 4))",-8.395,495,536,365,329
O_tau=2.0,12,6.635656e-03,8.216160e-02,"(0, (2, 3, 4, 4))",-8.126,486,526,358,323
O_tau=2.0,12,6.739818e-03,8.214362e-02,"(0, (2, 3, 4, 4))",-7.861,478,517,352,318
O_tau=2.0,12,6.845616e-03,8.212536e-02,"(0, (2, 3, 4, 4))",-7.601,469,509,346,312
O_tau=2.0,12,6.953074e-03,8.210683e-02,"(0, (2, 3, 4, 4))",-7.345,459,501,340,306
O_tau=2.0,12,7.062219e-03,8.208802e-02,"(0, (2, 3, 4, 4))",-7.092,453,493,334,301
O_tau=2.0,12,7.173078e-03,8.206894e-02,"(0, (2, 3, 4, 4))",-6.844,446,485,328,296
O_tau=2.0,12,7.285676e-03,8.204956e-02,"(0, (2, 3, 4, 4))",-6.600,438,473,323,290
O_tau=2.0,12,7.400042e-03,8.202990e-02,"(0, (2, 3, 4, 4))",-6.359,429,465,317,285
O_tau=2.0,12,7.516204e-03,8.200994e-02,"(0, (2, 3, 4, 4))",-6.122,424,458,311,280
O_tau=2.0,12,7.634188e-03,8.198969e-02,"(0, (2, 3, 4, 4))",-5.889,416,452,306,275
O_tau=2.0,12,7.754025e-03,8.196913e-02,"(0, (2, 3, 4, 4))",-5.659,407,444,300,270
O_tau=2.0,12,7.875743e-03,8.194826e-02,"(0, (2, 3, 4, 4))",-5.433,401,435,295,265
O_tau=2.0,12,7.999372e-03,8.192709e-02,"(0, (2, 3, 4, 4))",-5.211,392,426,290,260
O_tau=2.0,12,8.124941e-03,8.190560e-02,"(0, (2, 3, 4, 4))",-4.992,387,422,285,256
O_tau=2.0,12,8.252481e-03,8.188379e-02,"(0, (2, 3, 4, 4))",-4.777,379,414,280,251
O_tau=2.0,12,8.382024e-03,8.186166e-02,"(0, (2, 3, 4, 4))",-4.565,375,406,275,247
O_tau=2.0,12,8.513600e-03,8.183920e-02,"(0, (2, 3, 4, 4))",-4.356,368,399,270,242
O_tau=2.0,12,8.647241e-03,8.181640e-02,"(0, (2, 3, 4, 4))",-4.150,362,392,265,238
O_tau=2.0,12,8.782980e-03,8.179327e-02,"(0, (2, 3, 4, 4))",-3.948,357,387,260,234
O_tau=2.0,12,8.920850e-03,8.176979e-02,"(0, (2, 3, 4, 4))",-3.749,349,378,256,230
O_tau=2.0,12,9.060884e-03,8.174597e-02,"(0, (2, 3, 4, 4))",-3.553,345,374,251,226
O_tau=2.0,12,9.203116e-03,8.172180e-02,"(0, (2, 3, 4, 4))",-3.360,338,368,247,222
O_tau=2.0,12,9.347581e-03,8.169727e-02,"(0, (2, 3, 4, 4))",-3.170,332,362,243,218
O_tau=2.0,12,9.494314e-03,8.167237e-02,"(0, (2, 3, 4, 4))",-2.984,328,357,238,214
O_tau=2.0,12,9.643350e-03,8.164711e-02,"(0, (2, 3, 4, 4))",-2.800,322,349,234,210
O_tau=2.0,12,9.794725e-03,8.162148e-02,"(0, (2, 3, 4, 4))",-2.619,316,345,230,206
O_tau=2.0,12,9.948477e-03,8.159547e-02,"(0, (2, 3, 4, 4))",-2.440,310,341,226,203
O_tau=2.0,12,1.010464e-02,8.156908e-02,"(0, (2, 3, 4, 4))",-2.265,306,336,222,199
O_tau=2.0,12,1.026326e-02,8.154230e-02,"(0, (2, 3, 4, 4))",-2.092,304,332,218,196
O_tau=2.0,12,1.042436e-02,8.151513e-02,"(0, (2, 3, 4, 4))",-1.923,298,332,215,192
O_tau=2.0,12,1.058800e-02,8.148756e-02,"(0, (2, 3, 4, 4))",-1.755,296,332,211,189
O_tau=2.0,12,1.075420e-02,8.145959e-02,"(0, (2, 3, 4, 4))",-1.591,295,344,207,185
O_tau=2.0,12,1.092302e-02,8.143120e-02,"(0, (2, 3, 4, 4))",-1.429,298,387,204,182
O_tau=2.0,12,1.109448e-02,8.140241e-02,"(0, (2, 3, 4, 4))",-1.269,310,,200,178
O_tau=2.0,12,1.126863e-02,8.137319e-02,"(0, (2, 3, 4, 4))",-1.112,368,,196,175
O_tau=2.0,12,1.144552e-02,8.134355e-02,"(0, (2, 3, 4, 4))",-0.958,,,193,172
O_tau=2.0,12,1.162519e-02,8.131347e-02,"(0, (2, 3, 4, 4))",-0.806,,,190,169
O_tau=2.0,12,1.180767e-02,8.128296e-02,"(0, (2, 3, 4, 4))",-0.656,,,186,166
O_tau=2.0,12,1.199302e-02,8.125201e-02,"(0, (2, 3, 4, 4))",-0.509,,,183,163
O_tau=2.0,12,1.218128e-02,8.122061e-02,"(0, (2, 3, 4, 4))",-0.364,,,179,160
O_tau=2.0,12,1.237250e-02,8.118875e-02,"(0, (2, 3, 4, 4))",-0.221,,,176,157
O_tau=2.0,12,1.256671e-02,8.115643e-02,"(0, (2, 3, 4, 4))",-0.081,,,173,154
O_tau=2.0,12,1.276398e-02,8.112364e-02,"(0, (2, 3, 4, 4))",0.057,,,170,152
O_tau=2.0,12,1.296434e-02,8.109038e-02,"(0, (2, 3, 4, 4))",0.193,,,167,149
O_tau=2.0,12,1.316784e-02,8.105664e-02,"(0, (2, 3, 4, 4))",0.327,,,164,146
O_tau=2.0,12,1.337454e-02,8.102242e-02,"(0, (2, 3, 4, 4))",0.459,,,161,144
O_tau=2.0,12,1.358449e-02,8.098770e-02,"(0, (2, 3, 4, 4))",0.589,,,158,141
O_tau=2.0,12,1.379773e-02,8.095248e-02,"(0, (2, 3, 4, 4))",0.716,,,155,139
O_tau=2.0,12,1.401432e-02,8.091676e-02,"(0, (2, 3, 4, 4))",0.842,,,153,136
O_tau=2.0,12,1.423431e-02,8.088053e-02,"(0, (2, 3, 4, 4))",0.966,,,150,134
O_tau=2.0,12,1.445775e-02,8.084378e-02,"(0, (2, 3, 4, 4))",1.087,,,148,131
O_tau=2.0,12,1.468470e-02,8.080650e-02,"(0, (2, 3, 4, 4))",1.207,,,145,129
O_tau=2.0,12,1.491521e-02,8.076869e-02,"(0, (2, 3, 4, 4))",1.325,,,143,127
O_tau=2.0,12,1.514934e-02,8.073035e-02,"(0, (2, 3, 4, 4))",1.441,,,140,125
O_tau=2.0,12,1.538714e-02,8.069145e-02,"(0, (2, 3, 4, 4))",1.555,,,138,122
O_tau=2.0,12,1.562868e-02,8.065201e-02,"(0, (2, 3, 4, 4))",1.667,,,135,120
O_tau=2.0,12,1.587401e-02,8.061201e-02,"(0, (2, 3, 4, 4))",1.778,,,133,118
O_tau=2.0,12,1.612319e-02,8.057144e-02,"(0, (2, 3, 4, 4))",1.887,,,130,116
O_tau=2.0,12,1.637628e-02,8.053029e-02,"(0, (2, 3, 4, 4))",1.994,,,128,114
O_tau=2.0,12,1.663335e-02,8.048857e-02,"(0, (2, 3, 4, 4))",2.099,,,126,112
O_tau=2.0,12,1.689445e-02,8.044626e-02,"(0, (2, 3, 4, 4))",2.203,,,124,110
O_tau=2.0,12,1.715965e-02,8.040335e-02,"(0, (2, 3, 4, 4))",2.305,,,122,108
O_tau=2.0,12,1.742901e-02,8.035984e-02,"(0, (2, 3, 4, 4))",2.405,,,120,106
O_tau=2.0,12,1.770260e-02,8.031571e-02,"(0, (2, 3, 4, 4))",2.504,,,117,104
O_tau=2.0,12,1.798048e-02,8.027098e-02,"(0, (2, 3, 4, 4))",2.601,,,115,102
O_tau=2.0,12,1.826273e-02,8.022561e-02,"(0, (2, 3, 4, 4))",2.697,,,113,100
O_tau=2.0,12,1.854941e-02,8.017961e-02,"(0, (2, 3, 4, 4))",2.791,,,111,98
O_tau=2.0,12,1.884058e-02,8.013297e-02,"(0, (2, 3, 4, 4))",2.884,,,109,96
O_tau=2.0,12,1.913633e-02,8.008569e-02,"(0, (2, 3, 4, 4))",2.975,,,107,95
O_tau=2.0,12,1.943672e-02,8.003774e-02,"(0, (2, 3, 4, 4))",3.065,,,105,93
O_tau=2.0,12,1.974183e-02,7.998913e-02,"(0, (2, 3, 4, 4))",3.153,,,104,91
O_tau=2.0,12,2.005172e-02,7.993985e-02,"(0, (2, 3, 4, 4))",3.240,,,102,89
O_tau=2.0,12,2.036648e-02,7.988989e-02,"(0, (2, 3, 4, 4))",3.325,,,100,88
O_tau=2.0,12,2.068618e-02,7.983924e-02,"(0, (2, 3, 4, 4))",3.409,,,98,86
O_tau=2.0,12,2.101090e-02,7.978790e-02,"(0, (2, 3, 4, 4))",3.492,,,96,85
O_tau=2.0,12,2.134072e-02,7.973585e-02,"(0, (2, 3, 4, 4))",3.574,,,94,83
O_tau=2.0,12,2.167571e-02,7.968308e-02,"(0, (2, 3, 4, 4))",3.654,,,92,82
O_tau=2.0,12,2.201596e-02,7.962960e-02,"(0, (2, 3, 4, 4))",3.733,,,91,80
O_tau=2.0,12,2.236156e-02,7.957538e-02,"(0, (2, 3, 4, 4))",3.810,,,89,79
O_tau=2.0,12,2.271258e-02,7.952043e-02,"(0, (2, 3, 4, 4))",3.887,,,88,77
O_tau=2.0,12,2.306910e-02,7.946472e-02,"(0, (2, 3, 4, 4))",3.962,,,86,76
O_tau=2.0,12,2.343123e-02,7.940827e-02,"(0, (2, 3, 4, 4))",4.036,,,85,75
O_tau=2.0,12,2.379904e-02,7.935105e-02,"(0, (2, 3, 4, 4))",4.109,,,83,73
O_tau=2.0,12,2.417262e-02,7.929305e-02,"(0, (2, 3, 4, 4))",4.180,,,82,72
O_tau=2.0,12,2.455207e-02,7.923428e-02,"(0, (2, 3, 4, 4))",4.251,,,80,71
O_tau=2.0,12,2.493747e-02,7.917471e-02,"(0, (2, 3, 4, 4))",4.320,,,79,70
O_tau=2.0,12,2.532892e-02,7.911435e-02,"(0, (2, 3, 4, 4))",4.388,,,78,68
O_tau=2.0,12,2.572652e-02,7.905318e-02,"(0, (2, 3, 4, 4))",4.455,,,76,67
O_tau=2.0,12,2.613036e-02,7.899119e-02,"(0, (2, 3, 4, 4))",4.521,,,75,66
O_tau=2.0,12,2.654054e-02,7.892837e-02,"(0, (2, 3, 4, 4))",4.586,,,74,65
O_tau=2.0,12,2.695716e-02,7.886472e-02,"(0, (2, 3, 4, 4))",4.650,,,72,63
O_tau=2.0,12,2.738031e-02,7.880023e-02,"(0, (2, 3, 4, 4))",4.713,,,71,62
O_tau=2.0,12,2.781011e-02,7.873488e-02,"(0, (2, 3, 4, 4))",4.775,,,70,61
O_tau=2.0,12,2.824666e-02,7.866867e-02,"(0, (2, 3, 4, 4))",4.836,,,69,60
O_tau=2.0,12,2.869006e-02,7.860159e-02,"(0, (2, 3, 4, 4))",4.896,,,67,59
O_tau=2.0,12,2.914042e-02,7.853363e-02,"(0, (2, 3, 4, 4))",4.955,,,66,58
O_tau=2.0,12,2.959785e-02,7.846478e-02,"(0, (2, 3, 4, 4))",5.013,,,65,57
O_tau=2.0,12,3.006245e-02,7.839503e-02,"(0, (2, 3, 4, 4))",5.070,,,64,56
O_tau=2.0,12,3.053436e-02,7.832437e-02,"(0, (2, 3, 4, 4))",5.126,,,63,55
O_tau=2.0,12,3.101367e-02,7.825279e-02,"(0, (2, 3, 4, 4))",5.181,,,62,54
O_tau=2.0,12,3.150050e-02,7.818029e-02,"(0, (2, 3, 4, 4))",5.236,,,60,53
O_tau=2.0,12,3.199498e-02,7.810684e-02,"(0, (2, 3, 4, 4))",5.289,,,59,52
O_tau=2.0,12,3.249721e-02,7.803246e-02,"(0, (2, 3, 4, 4))",5.342,,,58,51
O_tau=2.0,12,3.300733e-02,7.795711e-02,"(0, (2, 3, 4, 4))",5.393,,,57,51
O_tau=2.0,12,3.352546e-02,7.788080e-02,"(0, (2, 3, 4, 4))",5.444,,,56,50
O_tau=2.0,12,3.405173e-02,7.780352e-02,"(0, (2, 3, 4, 4))",5.494,,,55,49
O_tau=2.0,12,3.458625e-02,7.772525e-02,"(0, (2, 3, 4, 4))",5.544,,,55,48
O_tau=2.0,12,3.512916e-02,7.764598e-02,"(0, (2, 3, 4, 4))",5.592,,,53,47
O_tau=2.0,12,3.568060e-02,7.756571e-02,"(0, (2, 3, 4, 4))",5.640,,,53,46
O_tau=2.0,12,3.624069e-02,7.748443e-02,"(0, (2, 3, 4, 4))",5.687,,,52,45
O_tau=2.0,12,3.680957e-02,7.740213e-02,"(0, (2, 3, 4, 4))",5.733,,,51,44
O_tau=2.0,12,3.738739e-02,7.731879e-02,"(0, (2, 3, 4, 4))",5.778,,,50,43
O_tau=2.0,12,3.797427e-02,7.723441e-02,"(0, (2, 3, 4, 4))",5.823,,,49,42
O_tau=2.0,12,3.857037e-02,7.714898e-02,"(0, (2, 3, 4, 4))",5.867,,,48,41
O_tau=2.0,12,3.917582e-02,7.706249e-02,"(0, (2, 3, 4, 4))",5.910,,,47,40
O_tau=2.0,12,3.979078e-02,7.697492e-02,"(0, (2, 3, 4, 4))",5.952,,,46,40
O_tau=2.0,12,4.041539e-02,7.688627e-02,"(0, (2, 3, 4, 4))",5.994,,,45,39
O_tau=2.0,12,4.104981e-02,7.679654e-02,"(0, (2, 3, 4, 4))",6.035,,,44,38
O_tau=2.0,12,4.169418e-02,7.670570e-02,"(0, (2, 3, 4, 4))",6.076,,,43,37
O_tau=2.0,12,4.234867e-02,7.661375e-02,"(0, (2, 3, 4, 4))",6.116,,,42,37
O_tau=2.0,12,4.301344e-02,7.652068e-02,"(0, (2, 3, 4, 4))",6.155,,,41,36
O_tau=2.0,12,4.368864e-02,7.642649e-02,"(0, (2, 3, 4, 4))",6.193,,,40,35
O_tau=2.0,12,4.437443e-02,7.633115e-02,"(0, (2, 3, 4, 4))",6.231,,,39,34
O_tau=2.0,12,4.507100e-02,7.623466e-02,"(0, (2, 3, 4, 4))",6.268,,,39,34
O_tau=2.0,12,4.577849e-02,7.613702e-02,"(0, (2, 3, 4, 4))",6.305,,,38,33
O_tau=2.0,12,4.649710e-02,7.603821e-02,"(0, (2, 3, 4, 4))",6.341,,,37,32
O_tau=2.0,12,4.722698e-02,7.593822e-02,"(0, (2, 3, 4, 4))",6.377,,,36,32
O_tau=2.0,12,4.796832e-02,7.583704e-02,"(0, (2, 3, 4, 4))",6.411,,,35,31
O_tau=2.0,12,4.872130e-02,7.573467e-02,"(0, (2, 3, 4, 4))",6.446,,,35,31
O_tau=2.0,12,4.948609e-02,7.563109e-02,"(0, (2, 3, 4, 4))",6.480,,,34,30
O_tau=2.0,12,5.026290e-02,7.552630e-02,"(0, (2, 3, 4, 4))",6.513,,,33,30
O_tau=2.0,12,5.105189e-02,7.542028e-02,"(0, (2, 3, 4, 4))",6.545,,,32,29
O_tau=2.0,12,5.185327e-02,7.531303e-02,"(0, (2, 3, 4, 4))",6.577,,,32,29
O_tau=2.0,12,5.266724e-02,7.520454e-02,"(0, (2, 3, 4, 4))",6.609,,,31,28
O_tau=2.0,12,5.349397e-02,7.509479e-02,"(0, (2, 3, 4, 4))",6.640,,,31,27
O_tau=2.0,12,5.433369e-02,7.498378e-02,"(0, (2, 3, 4, 4))",6.671,,,30,27
O_tau=2.0,12,5.518659e-02,7.487150e-02,"(0, (2, 3, 4, 4))",6.701,,,30,26
O_tau=2.0,12,5.605287e-02,7.475794e-02,"(0, (2, 3, 4, 4))",6.730,,,29,26
O_tau=2.0,12,5.693276e-02,7.464310e-02,"(0, (2, 3, 4, 4))",6.759,,,28,25
O_tau=2.0,12,5.782645e-02,7.452695e-02,"(0, (2, 3, 4, 4))",6.788,,,28,25
O_tau=2.0,12,5.873418e-02,7.440950e-02,"(0, (2, 3, 4, 4))",6.816,,,27,24
O_tau=2.0,12,5.965615e-02,7.429074e-02,"(0, (2, 3, 4, 4))",6.844,,,27,24
O_tau=2.0,12,6.059259e-02,7.417065e-02,"(0, (2, 3, 4, 4))",6.871,,,26,23
O_tau=2.0,12,6.154374e-02,7.404923e-02,"(0, (2, 3, 4, 4))",6.898,,,25,22
O_tau=2.0,12,6.250982e-02,7.392647e-02,"(0, (2, 3, 4, 4))",6.924,,,25,22
O_tau=2.0,12,6.349106e-02,7.380236e-02,"(0, (2, 3, 4, 4))",6.950,,,24,22
O_tau=2.0,12,6.448770e-02,7.367689e-02,"(0, (2, 3, 4, 4))",6.975,,,23,21
O_tau=2.0,12,6.549999e-02,7.355006e-02,"(0, (2, 3, 4, 4))",7.000,,,23,21
O_tau=2.0,12,6.652817e-02,7.342185e-02,"(0, (2, 3, 4, 4))",7.025,,,,
O_tau=2.0,12,6.757249e-02,7.329226e-02,"(0, (2, 3, 4, 4))",7.049,,,,
O_tau=2.0,12,6.863320e-02,7.316129e-02,"(0, (2, 3, 4, 4))",7.073,,,,
O_tau=2.0,12,6.971056e-02,7.302891e-02,"(0, (2, 3, 4, 4))",7.096,,,,
O_tau=2.0,12,7.080483e-02,7.289514e-02,"(0, (2, 3, 4, 4))",7.119,,,,
O_tau=2.0,12,7.191628e-02,7.275995e-02,"(0, (2, 3, 4, 4))",7.142,,,,
O_tau=2.0,12,7.304518e-02,7.262334e-02,"(0, (2, 3, 4, 4))",7.164,,,,
O_tau=2.0,12,7.419180e-02,7.248530e-02,"(0, (2, 3, 4, 4))",7.186,,,,
O_tau=2.0,12,7.535642e-02,7.234583e-02,"(0, (2, 3, 4, 4))",7.208,,,,
O_tau=2.0,12,7.653932e-02,7.220492e-02,"(0, (2, 3, 4, 4))",7.229,,,,
O_tau=2.0,12,7.774078e-02,7.206256e-02,"(0, (2, 3, 4, 4))",7.250,,,,
O_tau=2.0,12,7.896111e-02,7.191875e-02,"(0, (2, 3, 4, 4))",7.270,,,,
O_tau=2.0,12,8.020060e-02,7.177348e-02,"(0, (2, 3, 4, 4))",7.291,,,,
O_tau=2.0,12,8.145954e-02,7.162674e-02,"(0, (2, 3, 4, 4))",7.310,,,,
O_tau=2.0,12,8.273824e-02,7.147853e-02,"(0, (2, 3, 4, 4))",7.330,,,,
O_tau=2.0,12,8.403701e-02,7.132884e-02,"(0, (2, 3, 4, 4))",7.349,,,,
O_tau=2.0,12,8.535617e-02,7.117766e-02,"(0, (2, 3, 4, 4))",7.368,,,,
O_tau=2.0,12,8.669604e-02,7.102500e-02,"(0, (2, 3, 4, 4))",7.387,,,,
O_tau=2.0,12,8.805694e-02,7.087083e-02,"(0, (2, 3, 4, 4))",7.405,,,,
O_tau=2.0,12,8.943921e-02,7.071517e-02,"(0, (2, 3, 4, 4))",7.423,,,,
O_tau=2.0,12,9.084317e-02,7.055800e-02,"(0, (2, 3, 4, 4))",7.441,,,,
O_tau=2.0,12,9.226917e-02,7.039931e-02,"(0, (2, 3, 4, 4))",7.458,,,,
O_tau=2.0,12,9.371756e-02,7.023912e-02,"(0, (2, 3, 4, 4))",7.475,,,,
O_tau=2.0,12,9.518868e-02,7.007739e-02,"(0, (2, 3, 4, 4))",7.492,,,,
O_tau=2.0,12,9.668289e-02,6.991415e-02,"(0, (2, 3, 4, 4))",7.508,,,,
O_tau=2.0,12,9.820056e-02,6.974937e-02,"(0, (2, 3, 4, 4))",7.525,,,,
O_tau=2.0,12,9.974205e-02,6.958307e-02,"(0, (2, 3, 4, 4))",7.541,,,,
O_tau=2.0,12,1.013077e-01,6.941522e-02,"(0, (2, 3, 4, 4))",7.557,,,,
O_tau=2.0,12,1.028980e-01,6.924583e-02,"(0, (2, 3, 4, 4))",7.572,,,,
O_tau=2.0,12,1.045132e-01,6.907490e-02,"(0, (2, 3, 4, 4))",7.587,,,,
O_tau=2.0,12,1.061538e-01,6.890242e-02,"(0, (2, 3, 4, 4))",7.602,,,,
O_tau=2.0,12,1.078202e-01,6.872839e-02,"(0, (2, 3, 4, 4))",7.617,,,,
O_tau=2.0,12,1.095127e-01,6.855281e-02,"(0, (2, 3, 4, 4))",7.632,,,,
O_tau=2.0,12,1.112317e-01,6.837568e-02,"(0, (2, 3, 4, 4))",7.646,,,,
O_tau=2.0,12,1.129778e-01,6.819698e-02,"(0, (2, 3, 4, 4))",7.660,,,,
O_tau=2.0,12,1.147512e-01,6.801673e-02,"(0, (2, 3, 4, 4))",7.674,,,,
O_tau=2.0,12,1.165525e-01,6.783491e-02,"(0, (2, 3, 4, 4))",7.688,,,,
O_tau=2.0,12,1.183821e-01,6.765153e-02,"(0, (2, 3, 4, 4))",7.701,,,,
O_tau=2.0,12,1.202404e-01,6.746659e-02,"(0, (2, 3, 4, 4))",7.714,,,,
O_tau=2.0,12,1.221278e-01,6.728009e-02,"(0, (2, 3, 4, 4))",7.727,,,,
O_tau=2.0,12,1.240449e-01,6.709201e-02,"(0, (2, 3, 4, 4))",7.740,,,,
O_tau=2.0,12,1.259921e-01,6.690237e-02,"(0, (2, 3, 4, 4))",7.753,,,,
O_tau=2.0,12,1.279699e-01,6.671117e-02,"(0, (2, 3, 4, 4))",7.765,,,,
O_tau=2.0,12,1.299786e-01,6.651840e-02,"(0, (2, 3, 4, 4))",7.777,,,,
O_tau=2.0,12,1.320190e-01,6.632406e-02,"(0, (2, 3, 4, 4))",7.789,,,,
O_tau=2.0,12,1.340913e-01,6.612816e-02,"(0, (2, 3, 4, 4))",7.801,,,,
O_tau=2.0,12,1.361962e-01,6.593069e-02,"(0, (2, 3, 4, 4))",7.813,,,,
O_tau=2.0,12,1.383341e-01,6.573166e-02,"(0, (2, 3, 4, 4))",7.824,,,,
O_tau=2.0,12,1.405056e-01,6.553106e-02,"(0, (2, 3, 4, 4))",7.836,,,,
O_tau=2.0,12,1.427112e-01,6.532891e-02,"(0, (2, 3, 4, 4))",7.847,,,,
O_tau=2.0,12,1.449514e-01,6.512520e-02,"(0, (2, 3, 4, 4))",7.858,,,,
O_tau=2.0,12,1.472267e-01,6.491993e-02,"(0, (2, 3, 4, 4))",7.869,,,,
O_tau=2.0,12,1.495378e-01,6.471310e-02,"(0, (2, 3, 4, 4))",7.879,,,,
O_tau=2.0,12,1.518852e-01,6.450473e-02,"(0, (2, 3, 4, 4))",7.890,,,,
O_tau=2.0,12,1.542694e-01,6.429480e-02,"(0, (2, 3, 4, 4))",7.900,,,,
O_tau=2.0,12,1.566910e-01,6.408334e-02,"(0, (2, 3, 4, 4))",7.911,,,,
O_tau=2.0,12,1.591506e-01,6.387032e-02,"(0, (2, 3, 4, 4))",7.921,,,,
O_tau=2.0,12,1.616489e-01,6.365578e-02,"(0, (2, 3, 4, 4))",7.931,,,,
O_tau=2.0,12,1.641863e-01,6.343969e-02,"(0, (2, 3, 4, 4))",7.940,,,,
O_tau=2.0,12,1.667636e-01,6.322208e-02,"(0, (2, 3, 4, 4))",7.950,,,,
O_tau=2.0,12,1.693814e-01,6.300295e-02,"(0, (2, 3, 4, 4))",7.960,,,,
O_tau=2.0,12,1.720402e-01,6.278229e-02,"(0, (2, 3, 4, 4))",7.969,,,,
O_tau=2.0,12,1.747408e-01,6.256012e-02,"(0, (2, 3, 4, 4))",7.978,,,,
O_tau=2.0,12,1.774838e-01,6.233645e-02,"(0, (2, 3, 4, 4))",7.987,,,,
O_tau=2.0,12,1.802698e-01,6.211127e-02,"(0, (2, 3, 4, 4))",7.997,,,,
O_tau=2.0,12,1.830996e-01,6.188459e-02,"(0, (2, 3, 4, 4))",8.005,,,,
O_tau=2.0,12,1.859738e-01,6.165642e-02,"(0, (2, 3, 4, 4))",8.014,,,,
O_tau=2.0,12,1.888931e-01,6.142677e-02,"(0, (2, 3, 4, 4))",8.023,,,,
O_tau=2.0,12,1.918582e-01,6.119565e-02,"(0, (2, 3, 4, 4))",8.032,,,,
O_tau=2.0,12,1.948699e-01,6.096305e-02,"(0, (2, 3, 4, 4))",8.040,,,,
O_tau=2.0,12,1.979288e-01,6.072900e-02,"(0, (2, 3, 4, 4))",8.049,,,,
O_tau=2.0,12,2.010358e-01,6.049349e-02,"(0, (2, 3, 4, 4))",8.057,,,,
O_tau=2.0,12,2.041915e-01,6.025653e-02,"(0, (2, 3, 4, 4))",8.065,,,,
O_tau=2.0,12,2.073968e-01,6.001814e-02,"(0, (2, 3, 4, 4))",8.073,,,,
O_tau=2.0,12,2.106524e-01,5.977832e-02,"(0, (2, 3, 4, 4))",8.081,,,,
O_tau=2.0,12,2.139591e-01,5.953708e-02,"(0, (2, 3, 4, 4))",8.089,,,,
O_tau=2.0,12,2.173177e-01,5.929443e-02,"(0, (2, 3, 4, 4))",8.097,,,,
O_tau=2.0,12,2.207290e-01,5.905038e-02,"(0, (2, 3, 4, 4))",8.105,,,,
O_tau=2.0,12,2.241939e-01,5.880494e-02,"(0, (2, 3, 4, 4))",8.113,,,,
O_tau=2.0,12,2.277131e-01,5.855812e-02,"(0, (2, 3, 4, 4))",8.120,,,,
O_tau=2.0,12,2.312876e-01,5.830993e-02,"(0, (2, 3, 4, 4))",8.128,,,,
O_tau=2.0,12,2.349183e-01,5.806038e-02,"(0, (2, 3, 4, 4))",8.136,,,,
O_tau=2.0,12,2.386059e-01,5.780948e-02,"(0, (2, 3, 4, 4))",8.143,,,,
O_tau=2.0,12,2.423513e-01,5.755725e-02,"(0, (2, 3, 4, 4))",8.150,,,,
O_tau=2.0,12,2.461556e-01,5.730369e-02,"(0, (2, 3, 4, 4))",8.158,,,,
O_tau=2.0,12,2.500196e-01,5.704882e-02,"(0, (2, 3, 4, 4))",8.165,,,,
O_tau=2.0,12,2.539443e-01,5.679264e-02,"(0, (2, 3, 4, 4))",8.172,,,,
O_tau=2.0,12,2.579305e-01,5.653518e-02,"(0, (2, 3, 4, 4))",8.180,,,,
O_tau=2.0,12,2.619794e-01,5.627644e-02,"(0, (2, 3, 4, 4))",8.294,,,,
O_tau=2.0,12,2.660918e-01,5.601643e-02,"(0, (2, 3, 4, 4))",8.302,,,,
O_tau=2.0,12,2.702687e-01,5.575517e-02,"(0, (2, 3, 4, 4))",8.310,,,,
O_tau=2.0,12,2.745112e-01,5.549268e-02,"(0, (2, 3, 4, 4))",8.317,,,,
O_tau=2.0,12,2.788203e-01,5.522896e-02,"(0, (2, 3, 4, 4))",8.325,,,,
O_tau=2.0,12,2.831971e-01,5.496404e-02,"(0, (2, 3, 4, 4))",8.333,,,,
O_tau=2.0,12,2.876426e-01,5.469791e-02,"(0, (2, 3, 4, 4))",8.342,,,,
O_tau=2.0,12,2.921578e-01,5.443061e-02,"(0, (2, 3, 4, 4))",8.350,,,,
O_tau=2.0,12,2.967439e-01,5.416213e-02,"(0, (2, 3, 4, 4))",8.358,,,,
O_tau=2.0,12,3.014020e-01,5.389251e-02,"(0, (2, 3, 4, 4))",8.367,,,,
O_tau=2.0,12,3.061332e-01,5.362174e-02,"(0, (2, 3, 4, 4))",8.376,,,,
O_tau=2.0,12,3.109387e-01,5.334986e-02,"(0, (2, 3, 4, 4))",8.385,,,,
O_tau=2.0,12,3.158196e-01,5.307686e-02,"(0, (2, 3, 4, 4))",8.394,,,,
O_tau=2.0,12,3.207772e-01,5.280278e-02,"(0, (2, 3, 4, 4))",8.403,,,,
O_tau=2.0,12,3.258126e-01,5.252762e-02,"(0, (2, 3, 4, 4))",8.412,,,,
O_tau=2.0,12,3.309270e-01,5.225140e-02,"(0, (2, 3, 4, 4))",8.421,,,,
O_tau=2.0,12,3.361217e-01,5.197414e-02,"(0, (2, 3, 4, 4))",8.431,,,,
O_tau=2.0,12,3.413979e-01,5.169584e-02,"(0, (2, 3, 4, 4))",8.441,,,,
O_tau=2.0,12,3.467569e-01,5.141654e-02,"(0, (2, 3, 4, 4))",8.451,,,,
O_tau=2.0,12,3.522001e-01,5.113625e-02,"(0, (2, 3, 4, 4))",8.461,,,,
O_tau=2.0,12,3.577287e-01,5.085498e-02,"(0, (2, 3, 4, 4))",8.471,,,,
O_tau=2.0,12,3.633441e-01,5.057275e-02,"(0, (2, 3, 4, 4))",8.481,,,,
O_tau=2.0,12,3.690477e-01,5.028958e-02,"(0, (2, 3, 4, 4))",8.492,,,,
O_tau=2.0,12,3.748408e-01,5.000548e-02,"(0, (2, 3, 4, 4))",8.503,,,,
O_tau=2.0,12,3.807248e-01,4.972048e-02,"(0, (2, 3, 4, 4))",8.513,,,,
O_tau=2.0,12,3.867012e-01,4.943459e-02,"(0, (2, 3, 4, 4))",8.524,,,,
O_tau=2.0,12,3.927714e-01,4.914783e-02,"(0, (2, 3, 4, 4))",8.536,,,,
O_tau=2.0,12,3.989369e-01,4.886021e-02,"(0, (2, 3, 4, 4))",8.547,,,,
O_tau=2.0,12,4.051991e-01,4.857176e-02,"(0, (2, 3, 4, 4))",8.559,,,,
O_tau=2.0,12,4.115597e-01,4.828250e-02,"(0, (2, 3, 4, 4))",8.570,,,,
O_tau=2.0,12,4.180201e-01,4.799244e-02,"(0, (2, 3, 4, 4))",8.582,,,,
O_tau=2.0,12,4.245820e-01,4.770160e-02,"(0, (2, 3, 4, 4))",8.594,,,,
O_tau=2.0,12,4.312468e-01,4.741000e-02,"(0, (2, 3, 4, 4))",8.607,,,,
O_tau=2.0,12,4.380162e-01,4.711766e-02,"(0, (2, 3, 4, 4))",8.619,,,,
O_tau=2.0,12,4.448919e-01,4.682460e-02,"(0, (2, 3, 4, 4))",8.632,,,,
O_tau=2.0,12,4.518756e-01,4.653084e-02,"(0, (2, 3, 4, 4))",8.645,,,,
O_tau=2.0,12,4.589688e-01,4.623640e-02,"(0, (2, 3, 4, 4))",8.658,,,,
O_tau=2.0,12,4.661735e-01,4.594129e-02,"(0, (2, 3, 4, 4))",8.671,,,,
O_tau=2.0,12,4.734912e-01,4.564554e-02,"(0, (2, 3, 4, 4))",8.685,,,,
O_tau=2.0,12,4.809237e-01,4.534917e-02,"(0, (2, 3, 4, 4))",8.698,,,,
O_tau=2.0,12,4.884730e-01,4.505220e-02,"(0, (2, 3, 4, 4))",8.712,,,,
O_tau=2.0,12,4.961407e-01,4.475464e-02,"(0, (2, 3, 4, 4))",8.726,,,,
O_tau=2.0,12,5.039289e-01,4.445652e-02,"(0, (2, 3, 4, 4))",8.741,,,,
O_tau=2.0,12,5.118392e-01,4.415785e-02,"(0, (2, 3, 4, 4))",8.755,,,,
O_tau=2.0,12,5.198738e-01,4.385866e-02,"(0, (2, 3, 4, 4))",8.770,,,,
O_tau=2.0,12,5.280344e-01,4.355897e-02,"(0, (2, 3, 4, 4))",8.785,,,,
O_tau=2.0,12,5.363232e-01,4.325880e-02,"(0, (2, 3, 4, 4))",8.801,,,,
O_tau=2.0,12,5.447421e-01,4.295816e-02,"(0, (2, 3, 4, 4))",8.816,,,,
O_tau=2.0,12,5.532931e-01,4.265708e-02,"(0, (2, 3, 4, 4))",8.832,,,,
O_tau=2.0,12,5.619783e-01,4.235559e-02,"(0, (2, 3, 4, 4))",8.848,,,,
O_tau=2.0,12,5.707999e-01,4.205369e-02,"(0, (2, 3, 4, 4))",8.864,,,,
O_tau=2.0,12,5.797600e-01,4.175141e-02,"(0, (2, 3, 4, 4))",8.881,,,,
O_tau=2.0,12,5.888607e-01,4.144877e-02,"(0, (2, 3, 4, 4))",8.898,,,,
O_tau=2.0,12,5.981043e-01,4.114580e-02,"(0, (2, 3, 4, 4))",8.915,,,,
O_tau=2.0,12,6.074930e-01,4.084251e-02,"(0, (2, 3, 4, 4))",8.932,,,,
O_tau=2.0,12,6.170290e-01,4.053892e-02,"(0, (2, 3, 4, 4))",8.950,,,,
O_tau=2.0,12,6.267148e-01,4.023506e-02,"(0, (2, 3, 4, 4))",8.967,,,,
O_tau=2.0,12,6.365525e-01,3.993094e-02,"(0, (2, 3, 4, 4))",8.986,,,,
O_tau=2.0,12,6.465448e-01,3.962659e-02,"(0, (2, 3, 4, 4))",9.004,,,,
O_tau=2.0,12,6.566938e-01,3.932203e-02,"(0, (2, 3, 4, 4))",9.023,,,,
O_tau=2.0,12,6.670022e-01,3.901728e-02,"(0, (2, 3, 4, 4))",9.042,,,,
O_tau=2.0,12,6.774724e-01,3.871235e-02,"(0, (2, 3, 4, 4))",9.061,,,,
O_tau=2.0,12,6.881069e-01,3.840728e-02,"(0, (2, 3, 4, 4))",9.081,,,,
O_tau=2.0,12,6.989084e-01,3.810208e-02,"(0, (2, 3, 4, 4))",9.101,,,,
O_tau=2.0,12,7.098795e-01,3.779677e-02,"(0, (2, 3, 4, 4))",9.121,,,,
O_tau=2.0,12,7.210227e-01,3.749138e-02,"(0, (2, 3, 4, 4))",9.142,,,,
O_tau=2.0,12,7.323409e-01,3.718592e-02,"(0, (2, 3, 4, 4))",9.162,,,,
O_tau=2.0,12,7.438367e-01,3.688042e-02,"(0, (2, 3, 4, 4))",9.184,,,,
O_tau=2.0,12,7.555130e-01,3.657490e-02,"(0, (2, 3, 4, 4))",9.205,,,,
O_tau=2.0,12,7.673726e-01,3.626938e-02,"(0, (2, 3, 4, 4))",9.227,,,,
O_tau=2.0,12,7.794184e-01,3.596388e-02,"(0, (2, 3, 4, 4))",9.249,,,,
O_tau=2.0,12,7.916532e-01,3.565842e-02,"(0, (2, 3, 4, 4))",9.272,,,,
O_tau=2.0,12,8.040801e-01,3.535302e-02,"(0, (2, 3, 4, 4))",9.295,,,,
O_tau=2.0,12,8.167020e-01,3.504770e-02,"(0, (2, 3, 4, 4))",9.318,,,,
O_tau=2.0,12,8.295221e-01,3.474250e-02,"(0, (2, 3, 4, 4))",9.342,,,,
O_tau=2.0,12,8.425434e-01,3.443741e-02,"(0, (2, 3, 4, 4))",9.366,,,,
O_tau=2.0,12,8.557692e-01,3.413248e-02,"(0, (2, 3, 4, 4))",9.390,,,,
O_tau=2.0,12,8.692025e-01,3.382772e-02,"(0, (2, 3, 4, 4))",9.415,,,,
O_tau=2.0,12,8.828467e-01,3.352314e-02,"(0, (2, 3, 4, 4))",9.440,,,,
O_tau=2.0,12,8.967051e-01,3.321878e-02,"(0, (2, 3, 4, 4))",9.466,,,,
O_tau=2.0,12,9.107810e-01,3.291465e-02,"(0, (2, 3, 4, 4))",9.492,,,,
O_tau=2.0,12,9.250779e-01,3.261077e-02,"(0, (2, 3, 4, 4))",9.518,,,,
O_tau=2.0,12,9.395992e-01,3.230717e-02,"(0, (2, 3, 4, 4))",9.545,,,,
O_tau=2.0,12,9.543485e-01,3.200387e-02,"(0, (2, 3, 4, 4))",9.572,,,,
O_tau=2.0,12,9.693293e-01,3.170088e-02,"(0, (2, 3, 4, 4))",9.600,,,,
O_tau=2.0,12,9.845452e-01,3.139823e-02,"(0, (2, 3, 4, 4))",9.628,,,,
O_tau=2.0,12,1.000000e+00,3.109594e-02,"(0, (2, 3, 4, 4))",9.656,,,,
O_tau=2.4,3,1.000000e-05,1.666647e-01,"(0, (2, 2, 2, 2, 3))",-7751.923,,,,
O_tau=2.4,3,1.017818e-05,1.666647e-01,"(0, (2, 2, 2, 2, 3))",-7616.022,,,,
O_tau=2.4,3,1.035953e-05,1.666647e-01,"(0, (2, 2, 2, 2, 3))",-7482.500,,,,
O_tau=2.4,3,1.054412e-05,1.666646e-01,"(0, (2, 2, 2, 2, 3))",-7351.316,,,,
O_tau=2.4,3,1.073199e-05,1.666646e-01,"(0, (2, 2, 2, 2, 3))",-7222.429,,,,
O_tau=2.4,3,1.092322e-05,1.666645e-01,"(0, (2, 2, 2, 2, 3))",-7095.797,,,,
O_tau=2.4,3,1.111784e-05,1.666645e-01,"(0, (2, 2, 2, 2, 3))",-6971.383,,,,
O_tau=2.4,3,1.131594e-05,1.666645e-01,"(0, (2, 2, 2, 2, 3))",-6849.147,,,,
O_tau=2.4,3,1.151757e-05,1.666644e-01,"(0, (2, 2, 2, 2, 3))",-6729.050,,,,
O_tau=2.4,3,1.172279e-05,1.666644e-01,"(0, (2, 2, 2, 2, 3))",-6611.057,,,,
O_tau=2.4,3,1.193166e-05,1.666643e-01,"(0, (2, 2, 2, 2, 3))",-6495.128,,,,
O_tau=2.4,3,1.214426e-05,1.666643e-01,"(0, (2, 2, 2, 2, 3))",-6381.230,,,,
O_tau=2.4,3,1.236065e-05,1.666643e-01,"(0, (2, 2, 2, 2, 3))",-6269.325,,,,
O_tau=2.4,3,1.258089e-05,1.666642e-01,"(0, (2, 2, 2, 2, 3))",-6159.379,,,,
O_tau=2.4,3,1.280505e-05,1.666642e-01,"(0, (2, 2, 2, 2, 3))",-6051.358,,,,
O_tau=2.4,3,1.303321e-05,1.666641e-01,"(0, (2, 2, 2, 2, 3))",-5945.229,,,,
O_tau=2.4,3,1.326544e-05,1.666641e-01,"(0, (2, 2, 2, 2, 3))",-5840.957,,,,
O_tau=2.4,3,1.350180e-05,1.666640e-01,"(0, (2, 2, 2, 2, 3))",-5738.510,,,,
O_tau=2.4,3,1.374238e-05,1.666640e-01,"(0, (2, 2, 2, 2, 3))",-5637.858,,,,
O_tau=2.4,3,1.398724e-05,1.666639e-01,"(0, (2, 2, 2, 2, 3))",-5538.967,,,,
O_tau=2.4,3,1.423646e-05,1.666639e-01,"(0, (2, 2, 2, 2, 3))",-5441.807,,,,
O_tau=2.4,3,1.449012e-05,1.666638e-01,"(0, (2, 2, 2, 2, 3))",-5346.349,,,,
O_tau=2.4,3,1.474831e-05,1.666638e-01,"(0, (2, 2, 2, 2, 3))",-5252.561,,,,
O_tau=2.4,3,1.501109e-05,1.666637e-01,"(0, (2, 2, 2, 2, 3))",-5160.416,,,,
O_tau=2.4,3,1.527856e-05,1.666637e-01,"(0, (2, 2, 2, 2, 3))",-5069.884,,,,
O_tau=2.4,3,1.555079e-05,1.666636e-01,"(0, (2, 2, 2, 2, 3))",-4980.936,,,,
O_tau=2.4,3,1.582787e-05,1.666636e-01,"(0, (2, 2, 2, 2, 3))",-4893.546,,,,
O_tau=2.4,3,1.610989e-05,1.666635e-01,"(0, (2, 2, 2, 2, 3))",-4807.686,,,,
O_tau=2.4,3,1.639694e-05,1.666635e-01,"(0, (2, 2, 2, 2, 3))",-4723.328,,,,
O_tau=2.4,3,1.668910e-05,1.666634e-01,"(0, (2, 2, 2, 2, 3))",-4640.448,,,,
O_tau=2.4,3,1.698646e-05,1.666634e-01,"(0, (2, 2, 2, 2, 3))",-4559.019,,,,
O_tau=2.4,3,1.728913e-05,1.666633e-01,"(0, (2, 2, 2, 2, 3))",-4479.015,,,,
O_tau=2.4,3,1.759718e-05,1.666632e-01,"(0, (2, 2, 2, 2, 3))",-4400.412,,,,
O_tau=2.4,3,1.791073e-05,1.666632e-01,"(0, (2, 2, 2, 2, 3))",-4323.185,,,,
O_tau=2.4,3,1.822986e-05,1.666631e-01,"(0, (2, 2, 2, 2, 3))",-4247.310,,,,
O_tau=2.4,3,1.855468e-05,1.666631e-01,"(0, (2, 2, 2, 2, 3))",-4172.763,,,,
O_tau=2.4,3,1.888529e-05,1.666630e-01,"(0, (2, 2, 2, 2, 3))",-4099.521,,,,
O_tau=2.4,3,1.922178e-05,1.666629e-01,"(0, (2, 2, 2, 2, 3))",-4027.562,,,,
O_tau=2.4,3,1.956428e-05,1.666629e-01,"(0, (2, 2, 2, 2, 3))",-3956.862,,,,
O_tau=2.4,3,1.991287e-05,1.666628e-01,"(0, (2, 2, 2, 2, 3))",-3887.400,,,,
O_tau=2.4,3,2.026768e-05,1.666627e-01,"(0, (2, 2, 2, 2, 3))",-3819.154,,,,
O_tau=2.4,3,2.062881e-05,1.666627e-01,"(0, (2, 2, 2, 2, 3))",-3752.103,,,,
O_tau=2.4,3,2.099637e-05,1.666626e-01,"(0, (2, 2, 2, 2, 3))",-3686.226,,,,
O_tau=2.4,3,2.137048e-05,1.666625e-01,"(0, (2, 2, 2, 2, 3))",-3621.502,,,,
O_tau=2.4,3,2.175126e-05,1.666624e-01,"(0, (2, 2, 2, 2, 3))",-3557.912,,,,
O_tau=2.4,3,2.213882e-05,1.666624e-01,"(0, (2, 2, 2, 2, 3))",-3495.434,,,,
O_tau=2.4,3,2.253329e-05,1.666623e-01,"(0, (2, 2, 2, 2, 3))",-3434.051,,,,
O_tau=2.4,3,2.293479e-05,1.666622e-01,"(0, (2, 2, 2, 2, 3))",-3373.742,,,,
O_tau=2.4,3,2.334344e-05,1.666621e-01,"(0, (2, 2, 2, 2, 3))",-3314.488,,,,
O_tau=2.4,3,2.375937e-05,1.666620e-01,"(0, (2, 2, 2, 2, 3))",-3256.273,,,,
O_tau=2.4,3,2.418271e-05,1.666620e-01,"(0, (2, 2, 2, 2, 3))",-3199.076,,,,
O_tau=2.4,3,2.461360e-05,1.666619e-01,"(0, (2, 2, 2, 2, 3))",-3142.881,,,,
O_tau=2.4,3,2.505216e-05,1.666618e-01,"(0, (2, 2, 2, 2, 3))",-3087.669,,,,
O_tau=2.4,3,2.549854e-05,1.666617e-01,"(0, (2, 2, 2, 2, 3))",-3033.424,,,,
O_tau=2.4,3,2.595287e-05,1.666616e-01,"(0, (2, 2, 2, 2, 3))",-2980.129,,,,
O_tau=2.4,3,2.641530e-05,1.666615e-01,"(0, (2, 2, 2, 2, 3))",-2927.767,,,,
O_tau=2.4,3,2.688596e-05,1.666614e-01,"(0, (2, 2, 2, 2, 3))",-2876.322,,,,
O_tau=2.4,3,2.736502e-05,1.666613e-01,"(0, (2, 2, 2, 2, 3))",-2825.777,,,,
O_tau=2.4,3,2.785260e-05,1.666613e-01,"(0, (2, 2, 2, 2, 3))",-2776.117,,,,
O_tau=2.4,3,2.834888e-05,1.666612e-01,"(0, (2, 2, 2, 2, 3))",-2727.327,,,,
O_tau=2.4,3,2.885400e-05,1.666611e-01,"(0, (2, 2, 2, 2, 3))",-2679.390,,,,
O_tau=2.4,3,2.936812e-05,1.666610e-01,"(0, (2, 2, 2, 2, 3))",-2632.294,,,,
O_tau=2.4,3,2.989140e-05,1.666609e-01,"(0, (2, 2, 2, 2, 3))",-2586.021,,,,
O_tau=2.4,3,3.042400e-05,1.666608e-01,"(0, (2, 2, 2, 2, 3))",-2540.559,,,,
O_tau=2.4,3,3.096609e-05,1.666606e-01,"(0, (2, 2, 2, 2, 3))",-2495.892,,,,
O_tau=2.4,3,3.151784e-05,1.666605e-01,"(0, (2, 2, 2, 2, 3))",-2452.008,,,,
O_tau=2.4,3,3.207943e-05,1.666604e-01,"(0, (2, 2, 2, 2, 3))",-2408.892,,,,
O_tau=2.4,3,3.265102e-05,1.666603e-01,"(0, (2, 2, 2, 2, 3))",-2366.531,,,,
O_tau=2.4,3,3.323279e-05,1.666602e-01,"(0, (2, 2, 2, 2, 3))",-2324.911,,,,
O_tau=2.4,3,3.382493e-05,1.666601e-01,"(0, (2, 2, 2, 2, 3))",-2284.020,,,,
O_tau=2.4,3,3.442762e-05,1.666600e-01,"(0, (2, 2, 2, 2, 3))",-2243.845,,,,
O_tau=2.4,3,3.504105e-05,1.666599e-01,"(0, (2, 2, 2, 2, 3))",-2204.374,,,,
O_tau=2.4,3,3.566541e-05,1.666597e-01,"(0, (2, 2, 2, 2, 3))",-2165.593,,,,
O_tau=2.4,3,3.630089e-05,1.666596e-01,"(0, (2, 2, 2, 2, 3))",-2127.491,,,,
O_tau=2.4,3,3.694770e-05,1.666595e-01,"(0, (2, 2, 2, 2, 3))",-2090.057,,,,
O_tau=2.4,3,3.760603e-05,1.666594e-01,"(0, (2, 2, 2, 2, 3))",-2053.278,,,,
O_tau=2.4,3,3.827609e-05,1.666592e-01,"(0, (2, 2, 2, 2, 3))",-2017.142,,,,
O_tau=2.4,3,3.895809e-05,1.666591e-01,"(0, (2, 2, 2, 2, 3))",-1981.640,,,,
O_tau=2.4,3,3.965225e-05,1.666590e-01,"(0, (2, 2, 2, 2, 3))",-1946.759,,,,
O_tau=2.4,3,4.035877e-05,1.666588e-01,"(0, (2, 2, 2, 2, 3))",-1912.489,,,,
O_tau=2.4,3,4.107788e-05,1.666587e-01,"(0, (2, 2, 2, 2, 3))",-1878.818,,,,
O_tau=2.4,3,4.180980e-05,1.666585e-01,"(0, (2, 2, 2, 2, 3))",-1845.737,,,,
O_tau=2.4,3,4.255477e-05,1.666584e-01,"(0, (2, 2, 2, 2, 3))",-1813.236,,,,
O_tau=2.4,3,4.331300e-05,1.666582e-01,"(0, (2, 2, 2, 2, 3))",-1781.303,,,,
O_tau=2.4,3,4.408475e-05,1.666581e-01,"(0, (2, 2, 2, 2, 3))",-1749.930,,,,
O_tau=2.4,3,4.487025e-05,1.666579e-01,"(0, (2, 2, 2, 2, 3))",-1719.105,,,,
O_tau=2.4,3,4.566975e-05,1.666578e-01,"(0, (2, 2, 2, 2, 3))",-1688.821,,,,
O_tau=2.4,3,4.648349e-05,1.666576e-01,"(0, (2, 2, 2, 2, 3))",-1659.067,,,,
O_tau=2.4,3,4.731173e-05,1.666575e-01,"(0, (2, 2, 2, 2, 3))",-1629.833,,,,
O_tau=2.4,3,4.815472e-05,1.666573e-01,"(0, (2, 2, 2, 2, 3))",-1601.112,,,,
O_tau=2.4,3,4.901274e-05,1.666571e-01,"(0, (2, 2, 2, 2, 3))",-1572.893,,,,
O_tau=2.4,3,4.988605e-05,1.666570e-01,"(0, (2, 2, 2, 2, 3))",-1545.168,,,,
O_tau=2.4,3,5.077491e-05,1.666568e-01,"(0, (2, 2, 2, 2, 3))",-1517.929,,,,
O_tau=2.4,3,5.167962e-05,1.666566e-01,"(0, (2, 2, 2, 2, 3))",-1491.167,,,,
O_tau=2.4,3,5.260044e-05,1.666564e-01,"(0, (2, 2, 2, 2, 3))",-1464.873,,,,
O_tau=2.4,3,5.353767e-05,1.666563e-01,"(0, (2, 2, 2, 2, 3))",-1439.040,,,,
O_tau=2.4,3,5.449160e-05,1.666561e-01,"(0, (2, 2, 2, 2, 3))",-1413.659,,,,
O_tau=2.4,3,5.546253e-05,1.666559e-01,"(0, (2, 2, 2, 2, 3))",-1388.722,,,,
O_tau=2.4,3,5.645076e-05,1.666557e-01,"(0, (2, 2, 2, 2, 3))",-1364.222,,,,
O_tau=2.4,3,5.745660e-05,1.666555e-01,"(0, (2, 2, 2, 2, 3))",-1340.151,,,,
O_tau=2.4,3,5.848035e-05,1.666553e-01,"(0, (2, 2, 2, 2, 3))",-1316.502,,,,
O_tau=2.4,3,5.952235e-05,1.666551e-01,"(0, (2, 2, 2, 2, 3))",-1293.266,,,,
O_tau=2.4,3,6.058292e-05,1.666549e-01,"(0, (2, 2, 2, 2, 3))",-1270.437,,,,
O_tau=2.4,3,6.166238e-05,1.666547e-01,"(0, (2, 2, 2, 2, 3))",-1248.008,,,,
O_tau=2.4,3,6.276108e-05,1.666545e-01,"(0, (2, 2, 2, 2, 3))",-1225.972,,,,
O_tau=2.4,3,6.387935e-05,1.666542e-01,"(0, (2, 2, 2, 2, 3))",-1204.322,,,,
O_tau=2.4,3,6.501755e-05,1.666540e-01,"(0, (2, 2, 2, 2, 3))",-1183.050,,,,
O_tau=2.4,3,6.617603e-05,1.666538e-01,"(0, (2, 2, 2, 2, 3))",-1162.151,,,,
O_tau=2.4,3,6.735515e-05,1.666536e-01,"(0, (2, 2, 2, 2, 3))",-1141.618,,,,
O_tau=2.4,3,6.855528e-05,1.666533e-01,"(0, (2, 2, 2, 2, 3))",-1121.445,,,,
O_tau=2.4,3,6.977679e-05,1.666531e-01,"(0, (2, 2, 2, 2, 3))",-1101.625,,,,
O_tau=2.4,3,7.102007e-05,1.666529e-01,"(0, (2, 2, 2, 2, 3))",-1082.151,,,,
O_tau=2.4,3,7.228550e-05,1.666526e-01,"(0, (2, 2, 2, 2, 3))",-1063.019,,,,
O_tau=2.4,3,7.357348e-05,1.666524e-01,"(0, (2, 2, 2, 2, 3))",-1044.222,,,,
O_tau=2.4,3,7.488441e-05,1.666521e-01,"(0, (2, 2, 2, 2, 3))",-1025.754,,,,
O_tau=2.4,3,7.621869e-05,1.666518e-01,"(0, (2, 2, 2, 2, 3))",-1007.609,,,,
O_tau=2.4,3,7.757675e-05,1.666516e-01,"(0, (2, 2, 2, 2, 3))",-989.782,,,,
O_tau=2.4,3,7.895901e-05,1.666513e-01,"(0, (2, 2, 2, 2, 3))",-972.267,,,,
O_tau=2.4,3,8.036590e-05,1.666510e-01,"(0, (2, 2, 2, 2, 3))",-955.059,,,,
O_tau=2.4,3,8.179785e-05,1.666508e-01,"(0, (2, 2, 2, 2, 3))",-938.152,,,,
O_tau=2.4,3,8.325532e-05,1.666505e-01,"(0, (2, 2, 2, 2, 3))",-921.541,,,,
O_tau=2.4,3,8.473876e-05,1.666502e-01,"(0, (2, 2, 2, 2, 3))",-905.221,,,,
O_tau=2.4,3,8.624863e-05,1.666499e-01,"(0, (2, 2, 2, 2, 3))",-889.187,,,,
O_tau=2.4,3,8.778540e-05,1.666496e-01,"(0, (2, 2, 2, 2, 3))",-873.433,,,,
O_tau=2.4,3,8.934956e-05,1.666493e-01,"(0, (2, 2, 2, 2, 3))",-857.956,,,,
O_tau=2.4,3,9.094158e-05,1.666490e-01,"(0, (2, 2, 2, 2, 3))",-842.749,,,,
O_tau=2.4,3,9.256197e-05,1.666487e-01,"(0, (2, 2, 2, 2, 3))",-827.809,,,,
O_tau=2.4,3,9.421124e-05,1.666484e-01,"(0, (2, 2, 2, 2, 3))",-813.130,,,,
O_tau=2.4,3,9.588989e-05,1.666480e-01,"(0, (2, 2, 2, 2, 3))",-798.708,,,,
O_tau=2.4,3,9.759844e-05,1.666477e-01,"(0, (2, 2, 2, 2, 3))",-784.539,,,,
O_tau=2.4,3,9.933745e-05,1.666474e-01,"(0, (2, 2, 2, 2, 3))",-770.618,,,,
O_tau=2.4,3,1.011074e-04,1.666470e-01,"(0, (2, 2, 2, 2, 3))",-756.941,,,,
O_tau=2.4,3,1.029090e-04,1.666467e-01,"(0, (2, 2, 2, 2, 3))",-743.503,,,,
O_tau=2.4,3,1.047426e-04,1.666463e-01,"(0, (2, 2, 2, 2, 3))",-730.300,,,,
O_tau=2.4,3,1.066089e-04,1.666459e-01,"(0, (2, 2, 2, 2, 3))",-717.329,,,,
O_tau=2.4,3,1.085084e-04,1.666456e-01,"(0, (2, 2, 2, 2, 3))",-704.585,,,,
O_tau=2.4,3,1.104418e-04,1.666452e-01,"(0, (2, 2, 2, 2, 3))",-692.064,,,,
O_tau=2.4,3,1.124097e-04,1.666448e-01,"(0, (2, 2, 2, 2, 3))",-679.762,,,,
O_tau=2.4,3,1.144126e-04,1.666444e-01,"(0, (2, 2, 2, 2, 3))",-667.676,,,,
O_tau=2.4,3,1.164512e-04,1.666440e-01,"(0, (2, 2, 2, 2, 3))",-655.801,,,,
O_tau=2.4,3,1.185261e-04,1.666436e-01,"(0, (2, 2, 2, 2, 3))",-644.135,,,,
O_tau=2.4,3,1.206380e-04,1.666432e-01,"(0, (2, 2, 2, 2, 3))",-632.672,,,,
O_tau=2.4,3,1.227875e-04,1.666428e-01,"(0, (2, 2, 2, 2, 3))",-621.411,,,,
O_tau=2.4,3,1.249753e-04,1.666424e-01,"(0, (2, 2, 2, 2, 3))",-610.346,,,,
O_tau=2.4,3,1.272021e-04,1.666419e-01,"(0, (2, 2, 2, 2, 3))",-599.476,,,,
O_tau=2.4,3,1.294686e-04,1.666415e-01,"(0, (2, 2, 2, 2, 3))",-588.795,,,,
O_tau=2.4,3,1.317755e-04,1.666410e-01,"(0, (2, 2, 2, 2, 3))",-578.302,,,,
O_tau=2.4,3,1.341234e-04,1.666406e-01,"(0, (2, 2, 2, 2, 3))",-567.992,,,,
O_tau=2.4,3,1.365132e-04,1.666401e-01,"(0, (2, 2, 2, 2, 3))",-557.863,,,,
O_tau=2.4,3,1.389456e-04,1.666397e-01,"(0, (2, 2, 2, 2, 3))",-547.912,,,,
O_tau=2.4,3,1.414214e-04,1.666392e-01,"(0, (2, 2, 2, 2, 3))",-538.135,,,,
O_tau=2.4,3,1.439412e-04,1.666387e-01,"(0, (2, 2, 2, 2, 3))",-528.528,,,,
O_tau=2.4,3,1.465059e-04,1.666382e-01,"(0, (2, 2, 2, 2, 3))",-519.091,,,,
O_tau=2.4,3,1.491164e-04,1.666377e-01,"(0, (2, 2, 2, 2, 3))",-509.818,,,,
O_tau=2.4,3,1.517733e-04,1.666372e-01,"(0, (2, 2, 2, 2, 3))",-500.708,,,,
O_tau=2.4,3,1.544776e-04,1.666366e-01,"(0, (2, 2, 2, 2, 3))",-491.757,,,,
O_tau=2.4,3,1.572301e-04,1.666361e-01,"(0, (2, 2, 2, 2, 3))",-482.963,,,,
O_tau=2.4,3,1.600316e-04,1.666356e-01,"(0, (2, 2, 2, 2, 3))",-474.324,,,,
O_tau=2.4,3,1.628830e-04,1.666350e-01,"(0, (2, 2, 2, 2, 3))",-465.835,,,,
O_tau=2.4,3,1.657853e-04,1.666344e-01,"(0, (2, 2, 2, 2, 3))",-457.495,,,,
O_tau=2.4,3,1.687392e-04,1.666339e-01,"(0, (2, 2, 2, 2, 3))",-449.301,,,,
O_tau=2.4,3,1.717458e-04,1.666333e-01,"(0, (2, 2, 2, 2, 3))",-441.251,,,,
O_tau=2.4,3,1.748059e-04,1.666327e-01,"(0, (2, 2, 2, 2, 3))",-433.342,,,,
O_tau=2.4,3,1.779206e-04,1.666321e-01,"(0, (2, 2, 2, 2, 3))",-425.571,,,,
O_tau=2.4,3,1.810908e-04,1.666315e-01,"(0, (2, 2, 2, 2, 3))",-417.936,,,,
O_tau=2.4,3,1.843175e-04,1.666308e-01,"(0, (2, 2, 2, 2, 3))",-410.435,,,,
O_tau=2.4,3,1.876016e-04,1.666302e-01,"(0, (2, 2, 2, 2, 3))",-403.066,,,,
O_tau=2.4,3,1.909443e-04,1.666296e-01,"(0, (2, 2, 2, 2, 3))",-395.825,,,,
O_tau=2.4,3,1.943465e-04,1.666289e-01,"(0, (2, 2, 2, 2, 3))",-388.712,,,,
O_tau=2.4,3,1.978094e-04,1.666282e-01,"(0, (2, 2, 2, 2, 3))",-381.723,,,,
O_tau=2.4,3,2.013339e-04,1.666275e-01,"(0, (2, 2, 2, 2, 3))",-374.856,,,,
O_tau=2.4,3,2.049213e-04,1.666268e-01,"(0, (2, 2, 2, 2, 3))",-368.110,,,,
O_tau=2.4,3,2.085726e-04,1.666261e-01,"(0, (2, 2, 2, 2, 3))",-361.481,,,,
O_tau=2.4,3,2.122889e-04,1.666254e-01,"(0, (2, 2, 2, 2, 3))",-354.969,,,,
O_tau=2.4,3,2.160715e-04,1.666247e-01,"(0, (2, 2, 2, 2, 3))",-348.571,,,,
O_tau=2.4,3,2.199214e-04,1.666239e-01,"(0, (2, 2, 2, 2, 3))",-342.285,,,,
O_tau=2.4,3,2.238399e-04,1.666232e-01,"(0, (2, 2, 2, 2, 3))",-336.109,,,,
O_tau=2.4,3,2.278283e-04,1.666224e-01,"(0, (2, 2, 2, 2, 3))",-330.042,,,,
O_tau=2.4,3,2.318877e-04,1.666216e-01,"(0, (2, 2, 2, 2, 3))",-324.080,,,,
O_tau=2.4,3,2.360195e-04,1.666208e-01,"(0, (2, 2, 2, 2, 3))",-318.223,,,,
O_tau=2.4,3,2.402249e-04,1.666200e-01,"(0, (2, 2, 2, 2, 3))",-312.469,,,,
O_tau=2.4,3,2.445052e-04,1.666191e-01,"(0, (2, 2, 2, 2, 3))",-306.815,,,,
O_tau=2.4,3,2.488618e-04,1.666183e-01,"(0, (2, 2, 2, 2, 3))",-301.261,,,,
O_tau=2.4,3,2.532960e-04,1.666174e-01,"(0, (2, 2, 2, 2, 3))",-295.804,,,,
O_tau=2.4,3,2.578092e-04,1.666166e-01,"(0, (2, 2, 2, 2, 3))",-290.442,,,,
O_tau=2.4,3,2.624028e-04,1.666157e-01,"(0, (2, 2, 2, 2, 3))",-285.174,,,,
O_tau=2.4,3,2.670783e-04,1.666148e-01,"(0, (2, 2, 2, 2, 3))",-279.999,,,,
O_tau=2.4,3,2.718371e-04,1.666138e-01,"(0, (2, 2, 2, 2, 3))",-274.914,,,,
O_tau=2.4,3,2.766807e-04,1.666129e-01,"(0, (2, 2, 2, 2, 3))",-269.919,,,,
O_tau=2.4,3,2.816105e-04,1.666119e-01,"(0, (2, 2, 2, 2, 3))",-265.010,,,,
O_tau=2.4,3,2.866283e-04,1.666110e-01,"(0, (2, 2, 2, 2, 3))",-260.188,,,,
O_tau=2.4,3,2.917354e-04,1.666100e-01,"(0, (2, 2, 2, 2, 3))",-255.451,,,,
O_tau=2.4,3,2.969335e-04,1.666090e-01,"(0, (2, 2, 2, 2, 3))",-250.796,,,,
O_tau=2.4,3,3.022242e-04,1.666079e-01,"(0, (2, 2, 2, 2, 3))",-246.223,,,,
O_tau=2.4,3,3.076093e-04,1.666069e-01,"(0, (2, 2, 2, 2, 3))",-241.730,,,,
O_tau=2.4,3,3.130902e-04,1.666058e-01,"(0, (2, 2, 2, 2, 3))",-237.316,,,,
O_tau=2.4,3,3.186688e-04,1.666047e-01,"(0, (2, 2, 2, 2, 3))",-232.979,,,,
O_tau=2.4,3,3.243469e-04,1.666036e-01,"(0, (2, 2, 2, 2, 3))",-228.718,,,,
O_tau=2.4,3,3.301261e-04,1.666025e-01,"(0, (2, 2, 2, 2, 3))",-224.531,,,,
O_tau=2.4,3,3.360082e-04,1.666014e-01,"(0, (2, 2, 2, 2, 3))",-220.418,,,,
O_tau=2.4,3,3.419952e-04,1.666002e-01,"(0, (2, 2, 2, 2, 3))",-216.378,,,,
O_tau=2.4,3,3.480888e-04,1.665990e-01,"(0, (2, 2, 2, 2, 3))",-212.408,,,,
O_tau=2.4,3,3.542911e-04,1.665978e-01,"(0, (2, 2, 2, 2, 3))",-208.507,,,,
O_tau=2.4,3,3.606038e-04,1.665966e-01,"(0, (2, 2, 2, 2, 3))",-204.675,,,,
O_tau=2.4,3,3.670290e-04,1.665953e-01,"(0, (2, 2, 2, 2, 3))",-200.910,,,,
O_tau=2.4,3,3.735687e-04,1.665941e-01,"(0, (2, 2, 2, 2, 3))",-197.211,,,,
O_tau=2.4,3,3.802249e-04,1.665928e-01,"(0, (2, 2, 2, 2, 3))",-193.577,,,,
O_tau=2.4,3,3.869998e-04,1.665915e-01,"(0, (2, 2, 2, 2, 3))",-190.006,,,,
O_tau=2.4,3,3.938953e-04,1.665901e-01,"(0, (2, 2, 2, 2, 3))",-186.498,,,,
O_tau=2.4,3,4.009137e-04,1.665888e-01,"(0, (2, 2, 2, 2, 3))",-183.052,,,,
O_tau=2.4,3,4.080572e-04,1.665874e-01,"(0, (2, 2, 2, 2, 3))",-179.666,,,,
O_tau=2.4,3,4.153279e-04,1.665860e-01,"(0, (2, 2, 2, 2, 3))",-176.339,,,,
O_tau=2.4,3,4.227282e-04,1.665845e-01,"(0, (2, 2, 2, 2, 3))",-173.071,,,,
O_tau=2.4,3,4.302603e-04,1.665831e-01,"(0, (2, 2, 2, 2, 3))",-169.860,,,,
O_tau=2.4,3,4.379267e-04,1.665816e-01,"(0, (2, 2, 2, 2, 3))",-166.705,,,,
O_tau=2.4,3,4.457296e-04,1.665801e-01,"(0, (2, 2, 2, 2, 3))",-163.605,,,,
O_tau=2.4,3,4.536716e-04,1.665785e-01,"(0, (2, 2, 2, 2, 3))",-160.560,,,,
O_tau=2.4,3,4.617551e-04,1.665769e-01,"(0, (2, 2, 2, 2, 3))",-157.568,,,,
O_tau=2.4,3,4.699826e-04,1.665754e-01,"(0, (2, 2, 2, 2, 3))",-154.629,,,,
O_tau=2.4,3,4.783567e-04,1.665737e-01,"(0, (2, 2, 2, 2, 3))",-151.741,,,,
O_tau=2.4,3,4.868801e-04,1.665721e-01,"(0, (2, 2, 2, 2, 3))",-148.904,,,,
O_tau=2.4,3,4.955553e-04,1.665704e-01,"(0, (2, 2, 2, 2, 3))",-146.116,,,,
O_tau=2.4,3,5.043850e-04,1.665687e-01,"(0, (2, 2, 2, 2, 3))",-143.378,,,,
O_tau=2.4,3,5.133721e-04,1.665669e-01,"(0, (2, 2, 2, 2, 3))",-140.687,,,,
O_tau=2.4,3,5.225194e-04,1.665652e-01,"(0, (2, 2, 2, 2, 3))",-138.043,,,,
O_tau=2.4,3,5.318296e-04,1.665633e-01,"(0, (2, 2, 2, 2, 3))",-135.446,,,,
O_tau=2.4,3,5.413057e-04,1.665615e-01,"(0, (2, 2, 2, 2, 3))",-132.895,,,,
O_tau=2.4,3,5.509506e-04,1.665596e-01,"(0, (2, 2, 2, 2, 3))",-130.388,,,,
O_tau=2.4,3,5.607674e-04,1.665577e-01,"(0, (2, 2, 2, 2, 3))",-127.925,,,,
O_tau=2.4,3,5.707592e-04,1.665558e-01,"(0, (2, 2, 2, 2, 3))",-125.505,,,,
O_tau=2.4,3,5.809289e-04,1.665538e-01,"(0, (2, 2, 2, 2, 3))",-123.128,,,,
O_tau=2.4,3,5.912799e-04,1.665518e-01,"(0, (2, 2, 2, 2, 3))",-120.792,,,,
O_tau=2.4,3,6.018153e-04,1.665498e-01,"(0, (2, 2, 2, 2, 3))",-118.498,,,,
O_tau=2.4,3,6.125384e-04,1.665477e-01,"(0, (2, 2, 2, 2, 3))",-116.243,,,,
O_tau=2.4,3,6.234525e-04,1.665456e-01,"(0, (2, 2, 2, 2, 3))",-114.028,,,,
O_tau=2.4,3,6.345612e-04,1.665434e-01,"(0, (2, 2, 2, 2, 3))",-111.852,,,,
O_tau=2.4,3,6.458677e-04,1.665412e-01,"(0, (2, 2, 2, 2, 3))",-109.714,,,,
O_tau=2.4,3,6.573758e-04,1.665390e-01,"(0, (2, 2, 2, 2, 3))",-107.614,,,,
O_tau=2.4,3,6.690889e-04,1.665367e-01,"(0, (2, 2, 2, 2, 3))",-105.551,,,4334,4334
O_tau=2.4,3,6.810106e-04,1.665344e-01,"(0, (2, 2, 2, 2, 3))",-103.523,,,4249,4249
O_tau=2.4,3,6.931448e-04,1.665320e-01,"(0, (2, 2, 2, 2, 3))",-101.531,,,4167,4167
O_tau=2.4,3,7.054953e-04,1.665296e-01,"(0, (2, 2, 2, 2, 3))",-99.574,,,4085,4085
O_tau=2.4,3,7.180657e-04,1.665272e-01,"(0, (2, 2, 2, 2, 3))",-97.652,,,4006,4006
O_tau=2.4,3,7.308602e-04,1.665247e-01,"(0, (2, 2, 2, 2, 3))",-95.763,,,3927,3927
O_tau=2.4,3,7.438826e-04,1.665222e-01,"(0, (2, 2, 2, 2, 3))",-93.907,,,3851,3851
O_tau=2.4,3,7.571370e-04,1.665196e-01,"(0, (2, 2, 2, 2, 3))",-92.084,,,3776,3776
O_tau=2.4,3,7.706277e-04,1.665170e-01,"(0, (2, 2, 2, 2, 3))",-90.293,,,3702,3702
O_tau=2.4,3,7.843587e-04,1.665143e-01,"(0, (2, 2, 2, 2, 3))",-88.533,,,3630,3630
O_tau=2.4,3,7.983343e-04,1.665116e-01,"(0, (2, 2, 2, 2, 3))",-86.804,,,3559,3559
O_tau=2.4,3,8.125590e-04,1.665089e-01,"(0, (2, 2, 2, 2, 3))",-85.106,,,3489,3489
O_tau=2.4,3,8.270371e-04,1.665061e-01,"(0, (2, 2, 2, 2, 3))",-83.437,,,3421,3421
O_tau=2.4,3,8.417732e-04,1.665032e-01,"(0, (2, 2, 2, 2, 3))",-81.798,,,3354,3354
O_tau=2.4,3,8.567719e-04,1.665003e-01,"(0, (2, 2, 2, 2, 3))",-80.187,4360,,3289,3289
O_tau=2.4,3,8.720378e-04,1.664973e-01,"(0, (2, 2, 2, 2, 3))",-78.605,4280,,3224,3224
O_tau=2.4,3,8.875757e-04,1.664943e-01,"(0, (2, 2, 2, 2, 3))",-77.050,4196,,3161,3161
O_tau=2.4,3,9.033905e-04,1.664913e-01,"(0, (2, 2, 2, 2, 3))",-75.523,4112,4382,3100,3100
O_tau=2.4,3,9.194870e-04,1.664881e-01,"(0, (2, 2, 2, 2, 3))",-74.022,4034,4298,3039,3039
O_tau=2.4,3,9.358704e-04,1.664850e-01,"(0, (2, 2, 2, 2, 3))",-72.548,3955,4217,2979,2979
O_tau=2.4,3,9.525456e-04,1.664817e-01,"(0, (2, 2, 2, 2, 3))",-71.099,3881,4134,2921,2921
O_tau=2.4,3,9.695180e-04,1.664784e-01,"(0, (2, 2, 2, 2, 3))",-69.677,3808,4055,2864,2864
O_tau=2.4,3,9.867929e-04,1.664751e-01,"(0, (2, 2, 2, 2, 3))",-68.279,3733,3979,2808,2808
O_tau=2.4,3,1.004375e-03,1.664717e-01,"(0, (2, 2, 2, 2, 3))",-66.905,3663,3901,2753,2753
O_tau=2.4,3,1.022271e-03,1.664682e-01,"(0, (2, 2, 2, 2, 3))",-65.556,3591,3826,2699,2699
O_tau=2.4,3,1.040486e-03,1.664647e-01,"(0, (2, 2, 2, 2, 3))",-64.230,3523,3759,2646,2646
O_tau=2.4,3,1.059025e-03,1.664611e-01,"(0, (2, 2, 2, 2, 3))",-62.928,3454,3681,2594,2594
O_tau=2.4,3,1.077895e-03,1.664574e-01,"(0, (2, 2, 2, 2, 3))",-61.648,3388,3613,2543,2543
O_tau=2.4,3,1.097101e-03,1.664537e-01,"(0, (2, 2, 2, 2, 3))",-60.391,3323,3543,2493,2493
O_tau=2.4,3,1.116649e-03,1.664499e-01,"(0, (2, 2, 2, 2, 3))",-59.156,3262,3473,2444,2444
O_tau=2.4,3,1.136545e-03,1.664461e-01,"(0, (2, 2, 2, 2, 3))",-57.943,3197,3409,2397,2397
O_tau=2.4,3,1.156796e-03,1.664422e-01,"(0, (2, 2, 2, 2, 3))",-56.751,3138,3343,2350,2350
O_tau=2.4,3,1.177408e-03,1.664382e-01,"(0, (2, 2, 2, 2, 3))",-55.580,3075,3280,2304,2304
O_tau=2.4,3,1.198387e-03,1.664341e-01,"(0, (2, 2, 2, 2, 3))",-54.430,3015,3218,2259,2259
O_tau=2.4,3,1.219740e-03,1.664300e-01,"(0, (2, 2, 2, 2, 3))",-53.300,2957,3157,2214,2214
O_tau=2.4,3,1.241473e-03,1.664258e-01,"(0, (2, 2, 2, 2, 3))",-52.189,2900,3093,2171,2171
O_tau=2.4,3,1.263594e-03,1.664215e-01,"(0, (2, 2, 2, 2, 3))",-51.098,2846,3038,2128,2128
O_tau=2.4,3,1.286108e-03,1.664171e-01,"(0, (2, 2, 2, 2, 3))",-50.026,2789,2978,2086,2086
O_tau=2.4,3,1.309024e-03,1.664127e-01,"(0, (2, 2, 2, 2, 3))",-48.974,2738,2923,2045,2045
O_tau=2.4,3,1.332348e-03,1.664082e-01,"(0, (2, 2, 2, 2, 3))",-47.939,2683,2867,2005,2005
O_tau=2.4,3,1.356088e-03,1.664036e-01,"(0, (2, 2, 2, 2, 3))",-46.923,2630,2810,1965,1965
O_tau=2.4,3,1.380250e-03,1.663989e-01,"(0, (2, 2, 2, 2, 3))",-45.925,2579,2755,1927,1927
O_tau=2.4,3,1.404844e-03,1.663941e-01,"(0, (2, 2, 2, 2, 3))",-44.944,2529,2703,1889,1889
O_tau=2.4,3,1.429875e-03,1.663893e-01,"(0, (2, 2, 2, 2, 3))",-43.980,2483,2652,1852,1852
O_tau=2.4,3,1.455352e-03,1.663844e-01,"(0, (2, 2, 2, 2, 3))",-43.034,2435,2599,1816,1816
O_tau=2.4,3,1.481284e-03,1.663793e-01,"(0, (2, 2, 2, 2, 3))",-42.103,2389,2550,1780,1780
O_tau=2.4,3,1.507677e-03,1.663742e-01,"(0, (2, 2, 2, 2, 3))",-41.190,2341,2501,1745,1745
O_tau=2.4,3,1.534541e-03,1.663690e-01,"(0, (2, 2, 2, 2, 3))",-40.292,2299,2453,1710,1710
O_tau=2.4,3,1.561883e-03,1.663637e-01,"(0, (2, 2, 2, 2, 3))",-39.410,2254,2408,1676,1676
O_tau=2.4,3,1.589713e-03,1.663584e-01,"(0, (2, 2, 2, 2, 3))",-38.544,2207,2359,1644,1644
O_tau=2.4,3,1.618038e-03,1.663529e-01,"(0, (2, 2, 2, 2, 3))",-37.693,2166,2315,1611,1611
O_tau=2.4,3,1.646868e-03,1.663473e-01,"(0, (2, 2, 2, 2, 3))",-36.857,2122,2271,1579,1579
O_tau=2.4,3,1.676212e-03,1.663416e-01,"(0, (2, 2, 2, 2, 3))",-36.035,2083,2228,1548,1548
O_tau=2.4,3,1.706079e-03,1.663359e-01,"(0, (2, 2, 2, 2, 3))",-35.228,2040,2184,1518,1518
O_tau=2.4,3,1.736478e-03,1.663300e-01,"(0, (2, 2, 2, 2, 3))",-34.436,2004,2140,1488,1488
O_tau=2.4,3,1.767418e-03,1.663240e-01,"(0, (2, 2, 2, 2, 3))",-33.657,1965,2103,1459,1459
O_tau=2.4,3,1.798910e-03,1.663179e-01,"(0, (2, 2, 2, 2, 3))",-32.892,1927,2060,1430,1430
O_tau=2.4,3,1.830963e-03,1.663117e-01,"(0, (2, 2, 2, 2, 3))",-32.140,1890,2021,1401,1401
O_tau=2.4,3,1.863587e-03,1.663054e-01,"(0, (2, 2, 2, 2, 3))",-31.402,1852,1983,1374,1374
O_tau=2.4,3,1.896792e-03,1.662990e-01,"(0, (2, 2, 2, 2, 3))",-30.676,1817,1946,1347,1347
O_tau=2.4,3,1.930589e-03,1.662925e-01,"(0, (2, 2, 2, 2, 3))",-29.963,1782,1906,1320,1320
O_tau=2.4,3,1.964988e-03,1.662858e-01,"(0, (2, 2, 2, 2, 3))",-29.263,1746,1867,1294,1294
O_tau=2.4,3,2.000000e-03,1.662790e-01,"(0, (2, 2, 2, 2, 3))",-28.575,1714,1836,1268,1268
O_tau=2.4,3,2.031395e-03,1.662730e-01,"(0, (2, 2, 2, 2, 3))",-27.979,1683,1803,1246,1246
O_tau=2.4,3,2.063282e-03,1.662668e-01,"(0, (2, 2, 2, 2, 3))",-27.392,1657,1772,1225,1225
O_tau=2.4,3,2.095671e-03,1.662606e-01,"(0, (2, 2, 2, 2, 3))",-26.813,1628,1743,1203,1203
O_tau=2.4,3,2.128567e-03,1.662542e-01,"(0, (2, 2, 2, 2, 3))",-26.244,1598,1712,1182,1182
O_tau=2.4,3,2.161980e-03,1.662478e-01,"(0, (2, 2, 2, 2, 3))",-25.684,1572,1683,1162,1162
O_tau=2.4,3,2.195917e-03,1.662412e-01,"(0, (2, 2, 2, 2, 3))",-25.132,1547,1657,1141,1141
O_tau=2.4,3,2.230388e-03,1.662346e-01,"(0, (2, 2, 2, 2, 3))",-24.589,1520,1628,1121,1121
O_tau=2.4,3,2.265399e-03,1.662278e-01,"(0, (2, 2, 2, 2, 3))",-24.055,1493,1598,1102,1102
O_tau=2.4,3,2.300960e-03,1.662209e-01,"(0, (2, 2, 2, 2, 3))",-23.528,1466,1572,1082,1082
O_tau=2.4,3,2.337079e-03,1.662140e-01,"(0, (2, 2, 2, 2, 3))",-23.010,1440,1548,1063,1063
O_tau=2.4,3,2.373765e-03,1.662069e-01,"(0, (2, 2, 2, 2, 3))",-22.500,1416,1520,1045,1045
O_tau=2.4,3,2.411027e-03,1.661997e-01,"(0, (2, 2, 2, 2, 3))",-21.998,1394,1493,1027,1027
O_tau=2.4,3,2.448874e-03,1.661924e-01,"(0, (2, 2, 2, 2, 3))",-21.504,1366,1468,1009,1009
O_tau=2.4,3,2.487314e-03,1.661850e-01,"(0, (2, 2, 2, 2, 3))",-21.017,1345,1442,991,991
O_tau=2.4,3,2.526359e-03,1.661775e-01,"(0, (2, 2, 2, 2, 3))",-20.538,1324,1418,974,974
O_tau=2.4,3,2.566016e-03,1.661698e-01,"(0, (2, 2, 2, 2, 3))",-20.067,1300,1395,957,957
O_tau=2.4,3,2.606296e-03,1.661620e-01,"(0, (2, 2, 2, 2, 3))",-19.602,1278,1372,940,940
O_tau=2.4,3,2.647208e-03,1.661542e-01,"(0, (2, 2, 2, 2, 3))",-19.145,1256,1349,924,924
O_tau=2.4,3,2.688762e-03,1.661461e-01,"(0, (2, 2, 2, 2, 3))",-18.696,1234,1325,908,908
O_tau=2.4,3,2.730969e-03,1.661380e-01,"(0, (2, 2, 2, 2, 3))",-18.253,1215,1303,892,892
O_tau=2.4,3,2.773838e-03,1.661298e-01,"(0, (2, 2, 2, 2, 3))",-17.817,1193,1280,876,876
O_tau=2.4,3,2.817380e-03,1.661214e-01,"(0, (2, 2, 2, 2, 3))",-17.387,1171,1260,860,860
O_tau=2.4,3,2.861605e-03,1.661128e-01,"(0, (2, 2, 2, 2, 3))",-16.965,1152,1237,845,845
O_tau=2.4,3,2.906525e-03,1.661042e-01,"(0, (2, 2, 2, 2, 3))",-16.549,1134,1216,830,830
O_tau=2.4,3,2.952150e-03,1.660954e-01,"(0, (2, 2, 2, 2, 3))",-16.140,1113,1196,816,816
O_tau=2.4,3,2.998491e-03,1.660865e-01,"(0, (2, 2, 2, 2, 3))",-15.736,1091,1174,801,801
O_tau=2.4,3,3.045559e-03,1.660774e-01,"(0, (2, 2, 2, 2, 3))",-15.340,1073,1154,787,787
O_tau=2.4,3,3.093367e-03,1.660682e-01,"(0, (2, 2, 2, 2, 3))",-14.949,1056,1136,774,774
O_tau=2.4,3,3.141924e-03,1.660589e-01,"(0, (2, 2, 2, 2, 3))",-14.564,1039,1115,760,760
O_tau=2.4,3,3.191244e-03,1.660494e-01,"(0, (2, 2, 2, 2, 3))",-14.186,1020,1094,747,747
O_tau=2.4,3,3.241339e-03,1.660397e-01,"(0, (2, 2, 2, 2, 3))",-13.813,1003,1080,734,734
O_tau=2.4,3,3.292219e-03,1.660299e-01,"(0, (2, 2, 2, 2, 3))",-13.446,985,1059,721,721
O_tau=2.4,3,3.343898e-03,1.660200e-01,"(0, (2, 2, 2, 2, 3))",-13.085,970,1043,708,708
O_tau=2.4,3,3.396389e-03,1.660099e-01,"(0, (2, 2, 2, 2, 3))",-12.730,951,1023,696,696
O_tau=2.4,3,3.449703e-03,1.659997e-01,"(0, (2, 2, 2, 2, 3))",-12.380,937,1008,684,684
O_tau=2.4,3,3.503855e-03,1.659893e-01,"(0, (2, 2, 2, 2, 3))",-12.036,920,990,672,672
O_tau=2.4,3,3.558856e-03,1.659787e-01,"(0, (2, 2, 2, 2, 3))",-11.696,904,972,660,660
O_tau=2.4,3,3.614721e-03,1.659679e-01,"(0, (2, 2, 2, 2, 3))",-11.363,885,955,648,648
O_tau=2.4,3,3.671462e-03,1.659570e-01,"(0, (2, 2, 2, 2, 3))",-11.034,870,940,637,637
O_tau=2.4,3,3.729095e-03,1.659460e-01,"(0, (2, 2, 2, 2, 3))",-10.711,859,924,625,625
O_tau=2.4,3,3.787632e-03,1.659347e-01,"(0, (2, 2, 2, 2, 3))",-10.392,842,907,614,614
O_tau=2.4,3,3.847088e-03,1.659233e-01,"(0, (2, 2, 2, 2, 3))",-10.079,828,890,603,603
O_tau=2.4,3,3.907477e-03,1.659117e-01,"(0, (2, 2, 2, 2, 3))",-9.770,815,876,593,593
O_tau=2.4,3,3.968814e-03,1.658999e-01,"(0, (2, 2, 2, 2, 3))",-9.466,800,859,582,582
O_tau=2.4,3,4.031114e-03,1.658880e-01,"(0, (2, 2, 2, 2, 3))",-9.167,787,846,572,572
O_tau=2.4,3,4.094392e-03,1.658758e-01,"(0, (2, 2, 2, 2, 3))",-8.873,773,831,562,562
O_tau=2.4,3,4.158663e-03,1.658635e-01,"(0, (2, 2, 2, 2, 3))",-8.583,760,818,552,552
O_tau=2.4,3,4.223944e-03,1.658510e-01,"(0, (2, 2, 2, 2, 3))",-8.298,747,805,542,542
O_tau=2.4,3,4.290249e-03,1.658383e-01,"(0, (2, 2, 2, 2, 3))",-8.017,735,793,533,533
O_tau=2.4,3,4.357594e-03,1.658254e-01,"(0, (2, 2, 2, 2, 3))",-7.741,722,777,524,524
O_tau=2.4,3,4.425997e-03,1.658122e-01,"(0, (2, 2, 2, 2, 3))",-7.469,710,762,514,514
O_tau=2.4,3,4.495474e-03,1.657989e-01,"(0, (2, 2, 2, 2, 3))",-7.201,697,749,505,505
O_tau=2.4,3,4.566041e-03,1.657854e-01,"(0, (2, 2, 2, 2, 3))",-6.938,685,738,496,496
O_tau=2.4,3,4.637716e-03,1.657717e-01,"(0, (2, 2, 2, 2, 3))",-6.678,673,724,488,488
O_tau=2.4,3,4.710516e-03,1.657577e-01,"(0, (2, 2, 2, 2, 3))",-6.423,660,716,479,479
O_tau=2.4,3,4.784459e-03,1.657436e-01,"(0, (2, 2, 2, 2, 3))",-6.171,649,700,471,471
O_tau=2.4,3,4.859562e-03,1.657292e-01,"(0, (2, 2, 2, 2, 3))",-5.924,639,690,462,462
O_tau=2.4,3,4.935845e-03,1.657146e-01,"(0, (2, 2, 2, 2, 3))",-5.680,627,677,454,454
O_tau=2.4,3,5.013324e-03,1.656998e-01,"(0, (2, 2, 2, 2, 3))",-5.441,617,666,446,446
O_tau=2.4,3,5.092021e-03,1.656847e-01,"(0, (2, 2, 2, 2, 3))",-5.205,604,653,438,438
O_tau=2.4,3,5.171952e-03,1.656694e-01,"(0, (2, 2, 2, 2, 3))",-4.972,596,640,430,430
O_tau=2.4,3,5.253138e-03,1.656539e-01,"(0, (2, 2, 2, 2, 3))",-4.744,584,632,423,423
O_tau=2.4,3,5.335599e-03,1.656382e-01,"(0, (2, 2, 2, 2, 3))",-4.518,576,620,415,415
O_tau=2.4,3,5.419354e-03,1.656222e-01,"(0, (2, 2, 2, 2, 3))",-4.297,563,610,408,408
O_tau=2.4,3,5.504423e-03,1.656059e-01,"(0, (2, 2, 2, 2, 3))",-4.079,557,598,400,400
O_tau=2.4,3,5.590828e-03,1.655894e-01,"(0, (2, 2, 2, 2, 3))",-3.864,547,589,393,393
O_tau=2.4,3,5.678590e-03,1.655727e-01,"(0, (2, 2, 2, 2, 3))",-3.653,536,581,386,386
O_tau=2.4,3,5.767729e-03,1.655556e-01,"(0, (2, 2, 2, 2, 3))",-3.445,529,568,379,379
O_tau=2.4,3,5.858267e-03,1.655384e-01,"(0, (2, 2, 2, 2, 3))",-3.240,519,560,373,373
O_tau=2.4,3,5.950227e-03,1.655208e-01,"(0, (2, 2, 2, 2, 3))",-3.039,509,549,366,366
O_tau=2.4,3,6.043630e-03,1.655030e-01,"(0, (2, 2, 2, 2, 3))",-2.840,499,542,360,360
O_tau=2.4,3,6.138499e-03,1.654849e-01,"(0, (2, 2, 2, 2, 3))",-2.645,493,534,353,353
O_tau=2.4,3,6.234857e-03,1.654666e-01,"(0, (2, 2, 2, 2, 3))",-2.453,484,525,347,347
O_tau=2.4,3,6.332728e-03,1.654479e-01,"(0, (2, 2, 2, 2, 3))",-2.264,479,517,341,341
O_tau=2.4,3,6.432135e-03,1.654290e-01,"(0, (2, 2, 2, 2, 3))",-2.077,471,511,335,335
O_tau=2.4,3,6.533103e-03,1.654098e-01,"(0, (2, 2, 2, 2, 3))",-1.894,461,504,329,329
O_tau=2.4,3,6.635656e-03,1.653902e-01,"(0, (2, 2, 2, 2, 3))",-1.714,459,501,324,324
O_tau=2.4,3,6.739818e-03,1.653704e-01,"(0, (2, 2, 2, 2, 3))",-1.536,453,502,318,318
O_tau=2.4,3,6.845616e-03,1.653503e-01,"(0, (2, 2, 2, 2, 3))",-1.362,451,511,312,312
O_tau=2.4,3,6.953074e-03,1.653299e-01,"(0, (2, 2, 2, 2, 3))",-1.190,453,543,307,307
O_tau=2.4,3,7.062219e-03,1.653091e-01,"(0, (2, 2, 2, 2, 3))",-1.020,467,,301,301
O_tau=2.4,3,7.173078e-03,1.652881e-01,"(0, (2, 2, 2, 2, 3))",-0.854,510,,296,296
O_tau=2.4,3,7.285676e-03,1.652667e-01,"(0, (2, 2, 2, 2, 3))",-0.690,,,291,291
O_tau=2.4,3,7.400042e-03,1.652450e-01,"(0, (2, 2, 2, 2, 3))",-0.528,,,285,285
O_tau=2.4,3,7.516204e-03,1.652229e-01,"(0, (2, 2, 2, 2, 3))",-0.369,,,280,280
O_tau=2.4,3,7.634188e-03,1.652005e-01,"(0, (2, 2, 2, 2, 3))",-0.213,,,275,275
O_tau=2.4,3,7.754025e-03,1.651778e-01,"(0, (2, 2, 2, 2, 3))",-0.059,,,270,270
O_tau=2.4,3,7.875743e-03,1.651547e-01,"(0, (2, 2, 2, 2, 3))",0.092,,,265,265
O_tau=2.4,3,7.999372e-03,1.651313e-01,"(0, (2, 2, 2, 2, 3))",0.241,,,261,261
O_tau=2.4,3,8.124941e-03,1.651075e-01,"(0, (2, 2, 2, 2, 3))",0.388,,,256,256
O_tau=2.4,3,8.252481e-03,1.650833e-01,"(0, (2, 2, 2, 2, 3))",0.533,,,251,251
O_tau=2.4,3,8.382024e-03,1.650588e-01,"(0, (2, 2, 2, 2, 3))",0.675,,,247,247
O_tau=2.4,3,8.513600e-03,1.650339e-01,"(0, (2, 2, 2, 2, 3))",0.815,,,242,242
O_tau=2.4,3,8.647241e-03,1.650087e-01,"(0, (2, 2, 2, 2, 3))",0.952,,,238,238
O_tau=2.4,3,8.782980e-03,1.649830e-01,"(0, (2, 2, 2, 2, 3))",1.088,,,234,234
O_tau=2.4,3,8.920850e-03,1.649569e-01,"(0, (2, 2, 2, 2, 3))",1.221,,,229,229
O_tau=2.4,3,9.060884e-03,1.649305e-01,"(0, (2, 2, 2, 2, 3))",1.352,,,225,225
O_tau=2.4,3,9.203116e-03,1.649036e-01,"(0, (2, 2, 2, 2, 3))",1.482,,,221,221
O_tau=2.4,3,9.347581e-03,1.648764e-01,"(0, (2, 2, 2, 2, 3))",1.609,,,218,218
O_tau=2.4,3,9.494314e-03,1.648487e-01,"(0, (2, 2, 2, 2, 3))",1.734,,,214,214
O_tau=2.4,3,9.643350e-03,1.648206e-01,"(0, (2, 2, 2, 2, 3))",1.857,,,210,210
O_tau=2.4,3,9.794725e-03,1.647921e-01,"(0, (2, 2, 2, 2, 3))",1.978,,,206,206
O_tau=2.4,3,9.948477e-03,1.647631e-01,"(0, (2, 2, 2, 2, 3))",2.097,,,203,203
O_tau=2.4,3,1.010464e-02,1.647337e-01,"(0, (2, 2, 2, 2, 3))",2.215,,,199,199
O_tau=2.4,3,1.026326e-02,1.647039e-01,"(0, (2, 2, 2, 2, 3))",2.330,,,196,196
O_tau=2.4,3,1.042436e-02,1.646736e-01,"(0, (2, 2, 2, 2, 3))",2.444,,,192,192
O_tau=2.4,3,1.058800e-02,1.646428e-01,"(0, (2, 2, 2, 2, 3))",2.556,,,189,189
O_tau=2.4,3,1.075420e-02,1.646116e-01,"(0, (2, 2, 2, 2, 3))",2.666,,,186,186
O_tau=2.4,3,1.092302e-02,1.645799e-01,"(0, (2, 2, 2, 2, 3))",2.774,,,182,182
O_tau=2.4,3,1.109448e-02,1.645477e-01,"(0, (2, 2, 2, 2, 3))",2.881,,,179,179
O_tau=2.4,3,1.126863e-02,1.645150e-01,"(0, (2, 2, 2, 2, 3))",2.986,,,176,176
O_tau=2.4,3,1.144552e-02,1.644819e-01,"(0, (2, 2, 2, 2, 3))",3.089,,,172,172
O_tau=2.4,3,1.162519e-02,1.644482e-01,"(0, (2, 2, 2, 2, 3))",3.191,,,169,169
O_tau=2.4,3,1.180767e-02,1.644140e-01,"(0, (2, 2, 2, 2, 3))",3.291,,,166,166
O_tau=2.4,3,1.199302e-02,1.643793e-01,"(0, (2, 2, 2, 2, 3))",3.389,,,163,163
O_tau=2.4,3,1.218128e-02,1.643441e-01,"(0, (2, 2, 2, 2, 3))",3.486,,,161,161
O_tau=2.4,3,1.237250e-02,1.643084e-01,"(0, (2, 2, 2, 2, 3))",3.581,,,158,158
O_tau=2.4,3,1.256671e-02,1.642721e-01,"(0, (2, 2, 2, 2, 3))",3.675,,,155,155
O_tau=2.4,3,1.276398e-02,1.642353e-01,"(0, (2, 2, 2, 2, 3))",3.768,,,152,152
O_tau=2.4,3,1.296434e-02,1.641979e-01,"(0, (2, 2, 2, 2, 3))",3.858,,,149,149
O_tau=2.4,3,1.316784e-02,1.641599e-01,"(0, (2, 2, 2, 2, 3))",3.948,,,146,146
O_tau=2.4,3,1.337454e-02,1.641214e-01,"(0, (2, 2, 2, 2, 3))",4.036,,,144,144
O_tau=2.4,3,1.358449e-02,1.640823e-01,"(0, (2, 2, 2, 2, 3))",4.122,,,141,141
O_tau=2.4,3,1.379773e-02,1.640426e-01,"(0, (2, 2, 2, 2, 3))",4.207,,,138,138
O_tau=2.4,3,1.401432e-02,1.640023e-01,"(0, (2, 2, 2, 2, 3))",4.291,,,136,136
O_tau=2.4,3,1.423431e-02,1.639614e-01,"(0, (2, 2, 2, 2, 3))",4.374,,,133,133
O_tau=2.4,3,1.445775e-02,1.639199e-01,"(0, (2, 2, 2, 2, 3))",4.455,,,131,131
O_tau=2.4,3,1.468470e-02,1.638778e-01,"(0, (2, 2, 2, 2, 3))",4.535,,,129,129
O_tau=2.4,3,1.491521e-02,1.638351e-01,"(0, (2, 2, 2, 2, 3))",4.613,,,126,126
O_tau=2.4,3,1.514934e-02,1.637917e-01,"(0, (2, 2, 2, 2, 3))",4.691,,,124,124
O_tau=2.4,3,1.538714e-02,1.637476e-01,"(0, (2, 2, 2, 2, 3))",4.767,,,122,122
O_tau=2.4,3,1.562868e-02,1.637029e-01,"(0, (2, 2, 2, 2, 3))",4.841,,,120,120
O_tau=2.4,3,1.587401e-02,1.636576e-01,"(0, (2, 2, 2, 2, 3))",4.915,,,118,118
O_tau=2.4,3,1.612319e-02,1.636115e-01,"(0, (2, 2, 2, 2, 3))",4.988,,,115,115
O_tau=2.4,3,1.637628e-02,1.635648e-01,"(0, (2, 2, 2, 2, 3))",5.059,,,113,113
O_tau=2.4,3,1.663335e-02,1.635174e-01,"(0, (2, 2, 2, 2, 3))",5.129,,,112,112
O_tau=2.4,3,1.689445e-02,1.634692e-01,"(0, (2, 2, 2, 2, 3))",5.198,,,110,110
O_tau=2.4,3,1.715965e-02,1.634204e-01,"(0, (2, 2, 2, 2, 3))",5.266,,,108,108
O_tau=2.4,3,1.742901e-02,1.633708e-01,"(0, (2, 2, 2, 2, 3))",5.333,,,106,106
O_tau=2.4,3,1.770260e-02,1.633205e-01,"(0, (2, 2, 2, 2, 3))",5.398,,,104,104
O_tau=2.4,3,1.798048e-02,1.632694e-01,"(0, (2, 2, 2, 2, 3))",5.463,,,102,102
O_tau=2.4,3,1.826273e-02,1.632176e-01,"(0, (2, 2, 2, 2, 3))",5.527,,,100,100
O_tau=2.4,3,1.854941e-02,1.631650e-01,"(0, (2, 2, 2, 2, 3))",5.589,,,98,98
O_tau=2.4,3,1.884058e-02,1.631117e-01,"(0, (2, 2, 2, 2, 3))",5.651,,,96,96
O_tau=2.4,3,1.913633e-02,1.630575e-01,"(0, (2, 2, 2, 2, 3))",5.712,,,95,95
O_tau=2.4,3,1.943672e-02,1.630026e-01,"(0, (2, 2, 2, 2, 3))",5.771,,,93,93
O_tau=2.4,3,1.974183e-02,1.629468e-01,"(0, (2, 2, 2, 2, 3))",5.830,,,92,92
O_tau=2.4,3,2.005172e-02,1.628902e-01,"(0, (2, 2, 2, 2, 3))",5.888,,,90,90
O_tau=2.4,3,2.036648e-02,1.628328e-01,"(0, (2, 2, 2, 2, 3))",5.944,,,88,88
O_tau=2.4,3,2.068618e-02,1.627745e-01,"(0, (2, 2, 2, 2, 3))",6.000,,,87,87
O_tau=2.4,3,2.101090e-02,1.627154e-01,"(0, (2, 2, 2, 2, 3))",6.055,,,85,85
O_tau=2.4,3,2.134072e-02,1.626554e-01,"(0, (2, 2, 2, 2, 3))",6.109,,,84,84
O_tau=2.4,3,2.167571e-02,1.625946e-01,"(0, (2, 2, 2, 2, 3))",6.162,,,82,82
O_tau=2.4,3,2.201596e-02,1.625328e-01,"(0, (2, 2, 2, 2, 3))",6.215,,,81,81
O_tau=2.4,3,2.236156e-02,1.624701e-01,"(0, (2, 2, 2, 2, 3))",6.266,,,79,79
O_tau=2.4,3,2.271258e-02,1.624066e-01,"(0, (2, 2, 2, 2, 3))",6.317,,,78,78
O_tau=2.4,3,2.306910e-02,1.623420e-01,"(0, (2, 2, 2, 2, 3))",6.367,,,77,77
O_tau=2.4,3,2.343123e-02,1.622766e-01,"(0, (2, 2, 2, 2, 3))",6.416,,,75,75
O_tau=2.4,3,2.379904e-02,1.622102e-01,"(0, (2, 2, 2, 2, 3))",6.464,,,74,74
O_tau=2.4,3,2.417262e-02,1.621428e-01,"(0, (2, 2, 2, 2, 3))",6.511,,,72,72
O_tau=2.4,3,2.455207e-02,1.620745e-01,"(0, (2, 2, 2, 2, 3))",6.558,,,71,71
O_tau=2.4,3,2.493747e-02,1.620051e-01,"(0, (2, 2, 2, 2, 3))",6.604,,,69,69
O_tau=2.4,3,2.532892e-02,1.619348e-01,"(0, (2, 2, 2, 2, 3))",6.649,,,68,68
O_tau=2.4,3,2.572652e-02,1.618634e-01,"(0, (2, 2, 2, 2, 3))",6.693,,,66,66
O_tau=2.4,3,2.613036e-02,1.617910e-01,"(0, (2, 2, 2, 2, 3))",6.737,,,65,65
O_tau=2.4,3,2.654054e-02,1.617175e-01,"(0, (2, 2, 2, 2, 3))",6.780,,,64,64
O_tau=2.4,3,2.695716e-02,1.616430e-01,"(0, (2, 2, 2, 2, 3))",6.822,,,62,62
O_tau=2.4,3,2.738031e-02,1.615674e-01,"(0, (2, 2, 2, 2, 3))",6.864,,,61,61
O_tau=2.4,3,2.781011e-02,1.614907e-01,"(0, (2, 2, 2, 2, 3))",6.905,,,60,60
O_tau=2.4,3,2.824666e-02,1.614129e-01,"(0, (2, 2, 2, 2, 3))",6.945,,,59,59
O_tau=2.4,3,2.869006e-02,1.613340e-01,"(0, (2, 2, 2, 2, 3))",6.984,,,58,58
O_tau=2.4,3,2.914042e-02,1.612540e-01,"(0, (2, 2, 2, 2, 3))",7.023,,,57,57
O_tau=2.4,3,2.959785e-02,1.611728e-01,"(0, (2, 2, 2, 2, 3))",7.062,,,56,56
O_tau=2.4,3,3.006245e-02,1.610904e-01,"(0, (2, 2, 2, 2, 3))",7.099,,,55,55
O_tau=2.4,3,3.053436e-02,1.610069e-01,"(0, (2, 2, 2, 2, 3))",7.136,,,54,54
O_tau=2.4,3,3.101367e-02,1.609222e-01,"(0, (2, 2, 2, 2, 3))",7.173,,,52,52
O_tau=2.4,3,3.150050e-02,1.608363e-01,"(0, (2, 2, 2, 2, 3))",7.208,,,51,51
O_tau=2.4,3,3.199498e-02,1.607491e-01,"(0, (2, 2, 2, 2, 3))",7.244,,,50,50
O_tau=2.4,3,3.249721e-02,1.606607e-01,"(0, (2, 2, 2, 2, 3))",7.278,,,49,49
O_tau=2.4,3,3.300733e-02,1.605711e-01,"(0, (2, 2, 2, 2, 3))",7.312,,,48,48
O_tau=2.4,3,3.352546e-02,1.604802e-01,"(0, (2, 2, 2, 2, 3))",7.346,,,47,47
O_tau=2.4,3,3.405173e-02,1.603880e-01,"(0, (2, 2, 2, 2, 3))",7.379,,,46,46
O_tau=2.4,3,3.458625e-02,1.602945e-01,"(0, (2, 2, 2, 2, 3))",7.411,,,45,45
O_tau=2.4,3,3.512916e-02,1.601996e-01,"(0, (2, 2, 2, 2, 3))",7.443,,,44,44
O_tau=2.4,3,3.568060e-02,1.601035e-01,"(0, (2, 2, 2, 2, 3))",7.474,,,43,43
O_tau=2.4,3,3.624069e-02,1.600060e-01,"(0, (2, 2, 2, 2, 3))",7.505,,,42,42
O_tau=2.4,3,3.680957e-02,1.599071e-01,"(0, (2, 2, 2, 2, 3))",7.535,,,42,42
O_tau=2.4,3,3.738739e-02,1.598068e-01,"(0, (2, 2, 2, 2, 3))",7.565,,,41,41
O_tau=2.4,3,3.797427e-02,1.597051e-01,"(0, (2, 2, 2, 2, 3))",7.595,,,40,40
O_tau=2.4,3,3.857037e-02,1.596020e-01,"(0, (2, 2, 2, 2, 3))",7.623,,,39,39
O_tau=2.4,3,3.917582e-02,1.594975e-01,"(0, (2, 2, 2, 2, 3))",7.652,,,38,38
O_tau=2.4,3,3.979078e-02,1.593915e-01,"(0, (2, 2, 2, 2, 3))",7.680,,,37,37
O_tau=2.4,3,4.041539e-02,1.592840e-01,"(0, (2, 2, 2, 2, 3))",7.707,,,36,36
O_tau=2.4,3,4.104981e-02,1.591751e-01,"(0, (2, 2, 2, 2, 3))",7.734,,,36,36
O_tau=2.4,3,4.169418e-02,1.590646e-01,"(0, (2, 2, 2, 2, 3))",7.761,,,35,35
O_tau=2.4,3,4.234867e-02,1.589526e-01,"(0, (2, 2, 2, 2, 3))",7.787,,,35,35
O_tau=2.4,3,4.301344e-02,1.588390e-01,"(0, (2, 2, 2, 2, 3))",7.812,,,34,34
O_tau=2.4,3,4.368864e-02,1.587239e-01,"(0, (2, 2, 2, 2, 3))",7.837,,,33,33
O_tau=2.4,3,4.437443e-02,1.586072e-01,"(0, (2, 2, 2, 2, 3))",7.862,,,32,32
O_tau=2.4,3,4.507100e-02,1.584890e-01,"(0, (2, 2, 2, 2, 3))",7.887,,,32,32
O_tau=2.4,3,4.577849e-02,1.583690e-01,"(0, (2, 2, 2, 2, 3))",7.911,,,31,31
O_tau=2.4,3,4.649710e-02,1.582475e-01,"(0, (2, 2, 2, 2, 3))",7.934,,,30,30
O_tau=2.4,3,4.722698e-02,1.581243e-01,"(0, (2, 2, 2, 2, 3))",7.957,,,30,30
O_tau=2.4,3,4.796832e-02,1.579994e-01,"(0, (2, 2, 2, 2, 3))",7.980,,,29,29
O_tau=2.4,3,4.872130e-02,1.578728e-01,"(0, (2, 2, 2, 2, 3))",8.002,,,28,28
O_tau=2.4,3,4.948609e-02,1.577445e-01,"(0, (2, 2, 2, 2, 3))",8.025,,,28,28
O_tau=2.4,3,5.026290e-02,1.576144e-01,"(0, (2, 2, 2, 2, 3))",8.046,,,27,27
O_tau=2.4,3,5.105189e-02,1.574826e-01,"(0, (2, 2, 2, 2, 3))",8.067,,,27,27
O_tau=2.4,3,5.185327e-02,1.573490e-01,"(0, (2, 2, 2, 2, 3))",8.088,,,26,26
O_tau=2.4,3,5.266724e-02,1.572137e-01,"(0, (2, 2, 2, 2, 3))",8.109,,,,25
O_tau=2.4,3,5.349397e-02,1.570765e-01,"(0, (2, 2, 2, 2, 3))",8.129,,,,24
O_tau=2.4,3,5.433369e-02,1.569374e-01,"(0, (2, 2, 2, 2, 3))",8.149,,,,24
O_tau=2.4,3,5.518659e-02,1.567966e-01,"(0, (2, 2, 2, 2, 3))",8.169,,,,23
O_tau=2.4,3,5.605287e-02,1.566538e-01,"(0, (2, 2, 2, 2, 3))",8.188,,,,23
O_tau=2.4,3,5.693276e-02,1.565091e-01,"(0, (2, 2, 2, 2, 3))",8.207,,,,22
O_tau=2.4,3,5.782645e-02,1.563625e-01,"(0, (2, 2, 2, 2, 3))",8.226,,,,22
O_tau=2.4,3,5.873418e-02,1.562140e-01,"(0, (2, 2, 2, 2, 3))",8.244,,,,21
O_tau=2.4,3,5.965615e-02,1.560635e-01,"(0, (2, 2, 2, 2, 3))",8.262,,,,20
O_tau=2.4,3,6.059259e-02,1.559111e-01,"(0, (2, 2, 2, 2, 3))",8.280,,,,20
O_tau=2.4,3,6.154374e-02,1.557566e-01,"(0, (2, 2, 2, 2, 3))",8.297,,,,20
O_tau=2.4,3,6.250982e-02,1.556001e-01,"(0, (2, 2, 2, 2, 3))",8.314,,,,19
O_tau=2.4,3,6.349106e-02,1.554415e-01,"(0, (2, 2, 2, 2, 3))",8.331,,,,19
O_tau=2.4,3,6.448770e-02,1.552809e-01,"(0, (2, 2, 2, 2, 3))",8.347,,,,18
O_tau=2.4,3,6.549999e-02,1.551182e-01,"(0, (2, 2, 2, 2, 3))",8.364,,,,18
O_tau=2.4,3,6.652817e-02,1.549534e-01,"(0, (2, 2, 2, 2, 3))",8.380,,,,17
O_tau=2.4,3,6.757249e-02,1.547865e-01,"(0, (2, 2, 2, 2, 3))",8.395,,,,17
O_tau=2.4,3,6.863320e-02,1.546174e-01,"(0, (2, 2, 2, 2, 3))",8.411,,,,16
O_tau=2.4,3,6.971056e-02,1.544461e-01,"(0, (2, 2, 2, 2, 3))",8.426,,,,16
O_tau=2.4,3,7.080483e-02,1.542727e-01,"(0, (2, 2, 2, 2, 3))",8.441,,,,15
O_tau=2.4,3,7.191628e-02,1.540970e-01,"(0, (2, 2, 2, 2, 3))",8.456,,,,15
O_tau=2.4,3,7.304518e-02,1.539190e-01,"(0, (2, 2, 2, 2, 3))",8.470,,,,14
O_tau=2.4,3,7.419180e-02,1.537388e-01,"(0, (2, 2, 2, 2, 3))",8.485,,,,14
O_tau=2.4,3,7.535642e-02,1.535564e-01,"(0, (2, 2, 2, 2, 3))",8.498,,,,14
O_tau=2.4,3,7.653932e-02,1.533716e-01,"(0, (2, 2, 2, 2, 3))",8.512,,,,13
O_tau=2.4,3,7.774078e-02,1.531845e-01,"(0, (2, 2, 2, 2, 3))",8.526,,,,13
O_tau=2.4,3,7.896111e-02,1.529950e-01,"(0, (2, 2, 2, 2, 3))",8.539,,,,13
O_tau=2.4,3,8.020060e-02,1.528031e-01,"(0, (2, 2, 2, 2, 3))",8.552,,,,12
O_tau=2.4,3,8.145954e-02,1.526089e-01,"(0, (2, 2, 2, 2, 3))",8.565,,,,12
O_tau=2.4,3,8.273824e-02,1.524122e-01,"(0, (2, 2, 2, 2, 3))",8.578,,,,12
O_tau=2.4,3,8.403701e-02,1.522131e-01,"(0, (2, 2, 2, 2, 3))",8.590,,,,11
O_tau=2.4,3,8.535617e-02,1.520116e-01,"(0, (2, 2, 2, 2, 3))",8.602,,,,11
O_tau=2.4,3,8.669604e-02,1.518075e-01,"(0, (2, 2, 2, 2, 3))",8.615,,,,11
O_tau=2.4,3,8.805694e-02,1.516010e-01,"(0, (2, 2, 2, 2, 3))",8.626,,,,10
O_tau=2.4,3,8.943921e-02,1.513919e-01,"(0, (2, 2, 2, 2, 3))",8.638,,,,10
O_tau=2.4,3,9.084317e-02,1.511802e-01,"(0, (2, 2, 2, 2, 3))",8.650,,,,10
O_tau=2.4,3,9.226917e-02,1.509660e-01,"(0, (2, 2, 2, 2, 3))",8.661,,,,9
O_tau=2.4,3,9.371756e-02,1.507492e-01,"(0, (2, 2, 2, 2, 3))",8.672,,,,9
O_tau=2.4,3,9.518868e-02,1.505297e-01,"(0, (2, 2, 2, 2, 3))",8.683,,,,9
O_tau=2.4,3,9.668289e-02,1.503077e-01,"(0, (2, 2, 2, 2, 3))",8.694,,,,8
O_tau=2.4,3,9.820056e-02,1.500829e-01,"(0, (2, 2, 2, 2, 3))",8.704,,,,8
O_tau=2.4,3,9.974205e-02,1.498555e-01,"(0, (2, 2, 2, 2, 3))",8.715,,,,8
O_tau=2.4,3,1.013077e-01,1.496254e-01,"(0, (2, 2, 2, 2, 3))",8.725,,,,8
O_tau=2.4,3,1.028980e-01,1.493925e-01,"(0, (2, 2, 2, 2, 3))",8.735,,,,7
O_tau=2.4,3,1.045132e-01,1.491569e-01,"(0, (2, 2, 2, 2, 3))",8.745,,,,7
O_tau=2.4,3,1.061538e-01,1.489185e-01,"(0, (2, 2, 2, 2, 3))",8.755,,,,7
O_tau=2.4,3,1.078202e-01,1.486773e-01,"(0, (2, 2, 2, 2, 3))",8.765,,,,7
O_tau=2.4,3,1.095127e-01,1.484333e-01,"(0, (2, 2, 2, 2, 3))",8.774,,,,7
O_tau=2.4,3,1.112317e-01,1.481864e-01,"(0, (2, 2, 2, 2, 3))",8.784,,,,7
O_tau=2.4,3,1.129778e-01,1.479367e-01,"(0, (2, 2, 2, 2, 3))",8.793,,,,7
O_tau=2.4,3,1.147512e-01,1.476841e-01,"(0, (2, 2, 2, 2, 3))",8.802,,,,7
O_tau=2.4,3,1.165525e-01,1.474286e-01,"(0, (2, 2, 2, 2, 3))",8.811,,,,7
O_tau=2.4,3,1.183821e-01,1.471702e-01,"(0, (2, 2, 2, 2, 3))",8.820,,,,6
O_tau=2.4,3,1.202404e-01,1.469088e-01,"(0, (2, 2, 2, 2, 3))",8.828,,,,6
O_tau=2.4,3,1.221278e-01,1.466445e-01,"(0, (2, 2, 2, 2, 3))",8.837,,,,6
O_tau=2.4,3,1.240449e-01,1.463771e-01,"(0, (2, 2, 2, 2, 3))",8.845,,,,6
O_tau=2.4,3,1.259921e-01,1.461068e-01,"(0, (2, 2, 2, 2, 3))",8.854,,,,6
O_tau=2.4,3,1.279699e-01,1.458334e-01,"(0, (2, 2, 2, 2, 3))",8.862,,,,6
O_tau=2.4,3,1.299786e-01,1.455570e-01,"(0, (2, 2, 2, 2, 3))",8.870,,,,6
O_tau=2.4,3,1.320190e-01,1.452776e-01,"(0, (2, 2, 2, 2, 3))",8.878,,,,6
O_tau=2.4,3,1.340913e-01,1.449950e-01,"(0, (2, 2, 2, 2, 3))",8.886,,,,6
O_tau=2.4,3,1.361962e-01,1.447093e-01,"(0, (2, 2, 2, 2, 3))",8.894,,,,6
O_tau=2.4,3,1.383341e-01,1.444205e-01,"(0, (2, 2, 2, 2, 3))",8.901,,,,5
O_tau=2.4,3,1.405056e-01,1.441286e-01,"(0, (2, 2, 2, 2, 3))",8.909,,,,5
O_tau=2.4,3,1.427112e-01,1.438335e-01,"(0, (2, 2, 2, 2, 3))",8.916,,,,5
O_tau=2.4,3,1.449514e-01,1.435352e-01,"(0, (2, 2, 2, 2, 3))",8.924,,,,5
O_tau=2.4,3,1.472267e-01,1.432336e-01,"(0, (2, 2, 2, 2, 3))",8.931,,,,5
O_tau=2.4,3,1.495378e-01,1.429289e-01,"(0, (2, 2, 2, 2, 3))",8.938,,,,5
O_tau=2.4,3,1.518852e-01,1.426210e-01,"(0, (2, 2, 2, 2, 3))",8.945,,,,5
O_tau=2.4,3,1.542694e-01,1.423097e-01,"(0, (2, 2, 2, 2, 3))",8.953,,,,5
O_tau=2.4,3,1.566910e-01,1.419952e-01,"(0, (2, 2, 2, 2, 3))",8.960,,,,4
O_tau=2.4,3,1.591506e-01,1.416774e-01,"(0, (2, 2, 2, 2, 3))",8.966,,,,4
O_tau=2.4,3,1.616489e-01,1.413563e-01,"(0, (2, 2, 2, 2, 3))",8.973,,,,4
O_tau=2.4,3,1.641863e-01,1.410319e-01,"(0, (2, 2, 2, 2, 3))",8.980,,,,4
O_tau=2.4,3,1.667636e-01,1.407042e-01,"(0, (2, 2, 2, 2, 3))",8.987,,,,4
O_tau=2.4,3,1.693814e-01,1.403730e-01,"(0, (2, 2, 2, 2, 3))",8.993,,,,4
O_tau=2.4,3,1.720402e-01,1.400385e-01,"(0, (2, 2, 2, 2, 3))",9.000,,,,4
O_tau=2.4,3,1.747408e-01,1.397007e-01,"(0, (2, 2, 2, 2, 3))",9.006,,,,4
O_tau=2.4,3,1.774838e-01,1.393594e-01,"(0, (2, 2, 2, 2, 3))",9.013,,,,4
O_tau=2.4,3,1.802698e-01,1.390147e-01,"(0, (2, 2, 2, 2, 3))",9.019,,,,4
O_tau=2.4,3,1.830996e-01,1.386665e-01,"(0, (2, 2, 2, 2, 3))",9.025,,,,4
O_tau=2.4,3,1.859738e-01,1.383149e-01,"(0, (2, 2, 2, 2, 3))",9.032,,,,3
O_tau=2.4,3,1.888931e-01,1.379599e-01,"(0, (2, 2, 2, 2, 3))",9.038,,,,3
O_tau=2.4,3,1.918582e-01,1.376014e-01,"(0, (2, 2, 2, 2, 3))",9.044,,,,3
O_tau=2.4,3,1.948699e-01,1.372394e-01,"(0, (2, 2, 2, 2, 3))",9.156,,,,3
O_tau=2.4,3,1.979288e-01,1.368739e-01,"(0, (2, 2, 2, 2, 3))",9.162,,,,3
O_tau=2.4,3,2.010358e-01,1.365048e-01,"(0, (2, 2, 2, 2, 3))",9.168,,,,3
O_tau=2.4,3,2.041915e-01,1.361323e-01,"(0, (2, 2, 2, 2, 3))",9.173,,,,3
O_tau=2.4,3,2.073968e-01,1.357562e-01,"(0, (2, 2, 2, 2, 3))",9.179,,,,3
O_tau=2.4,3,2.106524e-01,1.353766e-01,"(0, (2, 2, 2, 2, 3))",9.185,,,,3
O_tau=2.4,3,2.139591e-01,1.349935e-01,"(0, (2, 2, 2, 2, 3))",9.191,,,,3
O_tau=2.4,3,2.173177e-01,1.346068e-01,"(0, (2, 2, 2, 2, 3))",9.198,,,,3
O_tau=2.4,3,2.207290e-01,1.342165e-01,"(0, (2, 2, 2, 2, 3))",9.204,,,,3
O_tau=2.4,3,2.241939e-01,1.338226e-01,"(0, (2, 2, 2, 2, 3))",9.210,,,,3
O_tau=2.4,3,2.277131e-01,1.334251e-01,"(0, (2, 2, 2, 2, 3))",9.217,,,,3
O_tau=2.4,3,2.312876e-01,1.330241e-01,"(0, (2, 2, 2, 2, 3))",9.223,,,,3
O_tau=2.4,3,2.349183e-01,1.326194e-01,"(0, (2, 2, 2, 2, 3))",9.230,,,,3
O_tau=2.4,3,2.386059e-01,1.322112e-01,"(0, (2, 2, 2, 2, 3))",9.237,,,,3
O_tau=2.4,3,2.423513e-01,1.317993e-01,"(0, (2, 2, 2, 2, 3))",9.244,,,,3
O_tau=2.4,3,2.461556e-01,1.313838e-01,"(0, (2, 2, 2, 2, 3))",9.251,,,,3
O_tau=2.4,3,2.500196e-01,1.309646e-01,"(0, (2, 2, 2, 2, 3))",9.258,,,,3
O_tau=2.4,3,2.539443e-01,1.305419e-01,"(0, (2, 2, 2, 2, 3))",9.265,,,,3
O_tau=2.4,3,2.579305e-01,1.301155e-01,"(0, (2, 2, 2, 2, 3))",9.273,,,,3
O_tau=2.4,3,2.619794e-01,1.296855e-01,"(0, (2, 2, 2, 2, 3))",9.280,,,,3
O_tau=2.4,3,2.660918e-01,1.292518e-01,"(0, (2, 2, 2, 2, 3))",9.288,,,,2
O_tau=2.4,3,2.702687e-01,1.288145e-01,"(0, (2, 2, 2, 2, 3))",9.295,,,,2
O_tau=2.4,3,2.745112e-01,1.283735e-01,"(0, (2, 2, 2, 2, 3))",9.303,,,,2
O_tau=2.4,3,2.788203e-01,1.279289e-01,"(0, (2, 2, 2, 2, 3))",9.311,,,,2
O_tau=2.4,3,2.831971e-01,1.274807e-01,"(0, (2, 2, 2, 2, 3))",9.319,,,,2
O_tau=2.4,3,2.876426e-01,1.270288e-01,"(0, (2, 2, 2, 2, 3))",9.327,,,,2
O_tau=2.4,3,2.921578e-01,1.265733e-01,"(0, (2, 2, 2, 2, 3))",9.336,,,,2
O_tau=2.4,3,2.967439e-01,1.261141e-01,"(0, (2, 2, 2, 2, 3))",9.344,,,,2
O_tau=2.4,3,3.014020e-01,1.256513e-01,"(0, (2, 2, 2, 2, 3))",9.353,,,,2
O_tau=2.4,3,3.061332e-01,1.251848e-01,"(0, (2, 2, 2, 2, 3))",9.362,,,,2
O_tau=2.4,3,3.109387e-01,1.247147e-01,"(0, (2, 2, 2, 2, 3))",9.370,,,,2
O_tau=2.4,3,3.158196e-01,1.242410e-01,"(0, (2, 2, 2, 2, 3))",9.379,,,,2
O_tau=2.4,3,3.207772e-01,1.237637e-01,"(0, (2, 2, 2, 2, 3))",9.389,,,,2
O_tau=2.4,3,3.258126e-01,1.232827e-01,"(0, (2, 2, 2, 2, 3))",9.398,,,,2
O_tau=2.4,3,3.309270e-01,1.227981e-01,"(0, (2, 2, 2, 2, 3))",9.407,,,,2
O_tau=2.4,3,3.361217e-01,1.223100e-01,"(0, (2, 2, 2, 2, 3))",9.417,,,,2
O_tau=2.4,3,3.413979e-01,1.218182e-01,"(0, (2, 2, 2, 2, 3))",9.427,,,,2
O_tau=2.4,3,3.467569e-01,1.213228e-01,"(0, (2, 2, 2, 2, 3))",9.437,,,,2
O_tau=2.4,3,3.522001e-01,1.208239e-01,"(0, (2, 2, 2, 2, 3))",9.447,,,,2
O_tau=2.4,3,3.577287e-01,1.203213e-01,"(0, (2, 2, 2, 2, 3))",9.457,,,,2
O_tau=2.4,3,3.633441e-01,1.198152e-01,"(0, (2, 2, 2, 2, 3))",9.467,,,,2
O_tau=2.4,3,3.690477e-01,1.193056e-01,"(0, (2, 2, 2, 2, 3))",9.478,,,,2
O_tau=2.4,3,3.748408e-01,1.187924e-01,"(0, (2, 2, 2, 2, 3))",9.488,,,,2
O_tau=2.4,3,3.807248e-01,1.182757e-01,"(0, (2, 2, 2, 2, 3))",9.499,,,,2
O_tau=2.4,3,3.867012e-01,1.177555e-01,"(0, (2, 2, 2, 2, 3))",9.510,,,,2
O_tau=2.4,3,3.927714e-01,1.172318e-01,"(0, (2, 2, 2, 2, 3))",9.522,,,,2
O_tau=2.4,3,3.989369e-01,1.167046e-01,"(0, (2, 2, 2, 2, 3))",9.533,,,,2
O_tau=2.4,3,4.051991e-01,1.161739e-01,"(0, (2, 2, 2, 2, 3))",9.544,,,,2
O_tau=2.4,3,4.115597e-01,1.156397e-01,"(0, (2, 2, 2, 2, 3))",9.556,,,,2
O_tau=2.4,3,4.180201e-01,1.151022e-01,"(0, (2, 2, 2, 2, 3))",9.568,,,,2
O_tau=2.4,3,4.245820e-01,1.145612e-01,"(0, (2, 2, 2, 2, 3))",9.580,,,,2
O_tau=2.4,3,4.312468e-01,1.140168e-01,"(0, (2, 2, 2, 2, 3))",9.593,,,,2
O_tau=2.4,3,4.380162e-01,1.134690e-01,"(0, (2, 2, 2, 2, 3))",9.605,,,,2
O_tau=2.4,3,4.448919e-01,1.129179e-01,"(0, (2, 2, 2, 2, 3))",9.618,,,,2
O_tau=2.4,3,4.518756e-01,1.123634e-01,"(0, (2, 2, 2, 2, 3))",9.631,,,,2
O_tau=2.4,3,4.589688e-01,1.118056e-01,"(0, (2, 2, 2, 2, 3))",9.644,,,,2
O_tau=2.4,3,4.661735e-01,1.112445e-01,"(0, (2, 2, 2, 2, 3))",9.657,,,,2
O_tau=2.4,3,4.734912e-01,1.106801e-01,"(0, (2, 2, 2, 2, 3))",9.671,,,,2
O_tau=2.4,3,4.809237e-01,1.101124e-01,"(0, (2, 2, 2, 2, 3))",9.684,,,,2
O_tau=2.4,3,4.884730e-01,1.095416e-01,"(0, (2, 2, 2, 2, 3))",9.698,,,,2
O_tau=2.4,3,4.961407e-01,1.089675e-01,"(0, (2, 2, 2, 2, 3))",9.712,,,,2
O_tau=2.4,3,5.039289e-01,1.083903e-01,"(0, (2, 2, 2, 2, 3))",9.727,,,,2
O_tau=2.4,3,5.118392e-01,1.078099e-01,"(0, (2, 2, 2, 2, 3))",9.741,,,,2
O_tau=2.4,3,5.198738e-01,1.072263e-01,"(0, (2, 2, 2, 2, 3))",9.756,,,,2
O_tau=2.4,3,5.280344e-01,1.066397e-01,"(0, (2, 2, 2, 2, 3))",9.771,,,,2
O_tau=2.4,3,5.363232e-01,1.060500e-01,"(0, (2, 2, 2, 2, 3))",9.786,,,,2
O_tau=2.4,3,5.447421e-01,1.054573e-01,"(0, (2, 2, 2, 2, 3))",9.802,,,,2
O_tau=2.4,3,5.532931e-01,1.048615e-01,"(0, (2, 2, 2, 2, 3))",9.818,,,,2
O_tau=2.4,3,5.619783e-01,1.042628e-01,"(0, (2, 2, 2, 2, 3))",9.834,,,,2
O_tau=2.4,3,5.707999e-01,1.036612e-01,"(0, (2, 2, 2, 2, 3))",9.850,,,,2
O_tau=2.4,3,5.797600e-01,1.030566e-01,"(0, (2, 2, 2, 2, 3))",9.867,,,,2
O_tau=2.4,3,5.888607e-01,1.024491e-01,"(0, (2, 2, 2, 2, 3))",9.883,,,,2
O_tau=2.4,3,5.981043e-01,1.018388e-01,"(0, (2, 2, 2, 2, 3))",9.901,,,,2
O_tau=2.4,3,6.074930e-01,1.012257e-01,"(0, (2, 2, 2, 2, 3))",9.918,,,,2
O_tau=2.4,3,6.170290e-01,1.006099e-01,"(0, (2, 2, 2, 2, 3))",9.935,,,,2
O_tau=2.4,3,6.267148e-01,9.999124e-02,"(0, (2, 2, 2, 2, 3))",9.953,,,,2
O_tau=2.4,3,6.365525e-01,9.936993e-02,"(0, (2, 2, 2, 2, 3))",9.971,,,,2
O_tau=2.4,3,6.465448e-01,9.874594e-02,"(0, (2, 2, 2, 2, 3))",9.990,,,,1
O_tau=2.4,3,6.566938e-01,9.811934e-02,"(0, (2, 2, 2, 2, 3))",10.009,,,,1
O_tau=2.4,3,6.670022e-01,9.749015e-02,"(0, (2, 2, 2, 2, 3))",10.028,,,,1
O_tau=2.4,3,6.774724e-01,9.685841e-02,"(0, (2, 2, 2, 2, 3))",10.047,,,,1
O_tau=2.4,3,6.881069e-01,9.622417e-02,"(0, (2, 2, 2, 2, 3))",10.067,,,,1
O_tau=2.4,3,6.989084e-01,9.558747e-02,"(0, (2, 2, 2, 2, 3))",10.087,,,,1
O_tau=2.4,3,7.098795e-01,9.494835e-02,"(0, (2, 2, 2, 2, 3))",10.107,,,,1
O_tau=2.4,3,7.210227e-01,9.430685e-02,"(0, (2, 2, 2, 2, 3))",10.127,,,,1
O_tau=2.4,3,7.323409e-01,9.366302e-02,"(0, (2, 2, 2, 2, 3))",10.148,,,,1
O_tau=2.4,3,7.438367e-01,9.301690e-02,"(0, (2, 2, 2, 2, 3))",10.169,,,,1
O_tau=2.4,3,7.555130e-01,9.236854e-02,"(0, (2, 2, 2, 2, 3))",10.191,,,,1
O_tau=2.4,3,7.673726e-01,9.171798e-02,"(0, (2, 2, 2, 2, 3))",10.213,,,,1
O_tau=2.4,3,7.794184e-01,9.106527e-02,"(0, (2, 2, 2, 2, 3))",10.235,,,,1
O_tau=2.4,3,7.916532e-01,9.041045e-02,"(0, (2, 2, 2, 2, 3))",10.258,,,,1
O_tau=2.4,3,8.040801e-01,8.975358e-02,"(0, (2, 2, 2, 2, 3))",10.281,,,,1
O_tau=2.4,3,8.167020e-01,8.909471e-02,"(0, (2, 2, 2, 2, 3))",10.304,,,,1
O_tau=2.4,3,8.295221e-01,8.843388e-02,"(0, (2, 2, 2, 2, 3))",10.328,,,,1
O_tau=2.4,3,8.425434e-01,8.777114e-02,"(0, (2, 2, 2, 2, 3))",10.352,,,,1
O_tau=2.4,3,8.557692e-01,8.710654e-02,"(0, (2, 2, 2, 2, 3))",10.376,,,,1
O_tau=2.4,3,8.692025e-01,8.644014e-02,"(0, (2, 2, 2, 2, 3))",10.401,,,,1
O_tau=2.4,3,8.828467e-01,8.577199e-02,"(0, (2, 2, 2, 2, 3))",10.426,,,,1
O_tau=2.4,3,8.967051e-01,8.510214e-02,"(0, (2, 2, 2, 2, 3))",10.452,,,,1
O_tau=2.4,3,9.107810e-01,8.443065e-02,"(0, (2, 2, 2, 2, 3))",10.478,,,,1
O_tau=2.4,3,9.250779e-01,8.375756e-02,"(0, (2, 2, 2, 2, 3))",10.504,,,,1
O_tau=2.4,3,9.395992e-01,8.308294e-02,"(0, (2, 2, 2, 2, 3))",10.531,,,,1
O_tau=2.4,3,9.543485e-01,8.240684e-02,"(0, (2, 2, 2, 2, 3))",10.558,,,,1
O_tau=2.4,3,9.693293e-01,8.172931e-02,"(0, (2, 2, 2, 2, 3))",10.586,,,,1
O_tau=2.4,3,9.845452e-01,8.105042e-02,"(0, (2, 2, 2, 2, 3))",10.614,,,,1
O_tau=2.4,3,1.000000e+00,8.037022e-02,"(0, (2, 2, 2, 2, 3))",10.642,,,,1
O_tau=2.4,12,1.000000e-05,8.333153e-02,"(0, (2, 3, 4, 4))",-7751.923,,,,
O_tau=2.4,12,1.017818e-05,8.333150e-02,"(0, (2, 3, 4, 4))",-7616.022,,,,
O_tau=2.4,12,1.035953e-05,8.333146e-02,"(0, (2, 3, 4, 4))",-7482.500,,,,
O_tau=2.4,12,1.054412e-05,8.333143e-02,"(0, (2, 3, 4, 4))",-7351.316,,,,
O_tau=2.4,12,1.073199e-05,8.333140e-02,"(0, (2, 3, 4, 4))",-7222.429,,,,
O_tau=2.4,12,1.092322e-05,8.333136e-02,"(0, (2, 3, 4, 4))",-7095.797,,,,
O_tau=2.4,12,1.111784e-05,8.333133e-02,"(0, (2, 3, 4, 4))",-6971.383,,,,
O_tau=2.4,12,1.131594e-05,8.333129e-02,"(0, (2, 3, 4, 4))",-6849.147,,,,
O_tau=2.4,12,1.151757e-05,8.333125e-02,"(0, (2, 3, 4, 4))",-6729.050,,,,
O_tau=2.4,12,1.172279e-05,8.333122e-02,"(0, (2, 3, 4, 4))",-6611.057,,,,
O_tau=2.4,12,1.193166e-05,8.333118e-02,"(0, (2, 3, 4, 4))",-6495.128,,,,
O_tau=2.4,12,1.214426e-05,8.333114e-02,"(0, (2, 3, 4, 4))",-6381.230,,,,
O_tau=2.4,12,1.236065e-05,8.333110e-02,"(0, (2, 3, 4, 4))",-6269.325,,,,
O_tau=2.4,12,1.258089e-05,8.333106e-02,"(0, (2, 3, 4, 4))",-6159.379,,,,
O_tau=2.4,12,1.280505e-05,8.333102e-02,"(0, (2, 3, 4, 4))",-6051.358,,,,
O_tau=2.4,12,1.303321e-05,8.333098e-02,"(0, (2, 3, 4, 4))",-5945.229,,,,
O_tau=2.4,12,1.326544e-05,8.333094e-02,"(0, (2, 3, 4, 4))",-5840.957,,,,
O_tau=2.4,12,1.350180e-05,8.333090e-02,"(0, (2, 3, 4, 4))",-5738.510,,,,
O_tau=2.4,12,1.374238e-05,8.333085e-02,"(0, (2, 3, 4, 4))",-5637.858,,,,
O_tau=2.4,12,1.398724e-05,8.333081e-02,"(0, (2, 3, 4, 4))",-5538.967,,,,
O_tau=2.4,12,1.423646e-05,8.333076e-02,"(0, (2, 3, 4, 4))",-5441.807,,,,
O_tau=2.4,12,1.449012e-05,8.333072e-02,"(0, (2, 3, 4, 4))",-5346.349,,,,
O_tau=2.4,12,1.474831e-05,8.333067e-02,"(0, (2, 3, 4, 4))",-5252.561,,,,
O_tau=2.4,12,1.501109e-05,8.333062e-02,"(0, (2, 3, 4, 4))",-5160.416,,,,
O_tau=2.4,12,1.527856e-05,8.333057e-02,"(0, (2, 3, 4, 4))",-5069.884,,,,
O_tau=2.4,12,1.555079e-05,8.333053e-02,"(0, (2, 3, 4, 4))",-4980.936,,,,
O_tau=2.4,12,1.582787e-05,8.333048e-02,"(0, (2, 3, 4, 4))",-4893.546,,,,
O_tau=2.4,12,1.610989e-05,8.333042e-02,"(0, (2, 3, 4, 4))",-4807.686,,,,
O_tau=2.4,12,1.639694e-05,8.333037e-02,"(0, (2, 3, 4, 4))",-4723.328,,,,
O_tau=2.4,12,1.668910e-05,8.333032e-02,"(0, (2, 3, 4, 4))",-4640.448,,,,
O_tau=2.4,12,1.698646e-05,8.333027e-02,"(0, (2, 3, 4, 4))",-4559.019,,,,
O_tau=2.4,12,1.728913e-05,8.333021e-02,"(0, (2, 3, 4, 4))",-4479.015,,,,
O_tau=2.4,12,1.759718e-05,8.333016e-02,"(0, (2, 3, 4, 4))",-4400.412,,,,
O_tau=2.4,12,1.791073e-05,8.333010e-02,"(0, (2, 3, 4, 4))",-4323.185,,,,
O_tau=2.4,12,1.822986e-05,8.333004e-02,"(0, (2, 3, 4, 4))",-4247.310,,,,
O_tau=2.4,12,1.855468e-05,8.332998e-02,"(0, (2, 3, 4, 4))",-4172.763,,,,
O_tau=2.4,12,1.888529e-05,8.332992e-02,"(0, (2, 3, 4, 4))",-4099.521,,,,
O_tau=2.4,12,1.922178e-05,8.332986e-02,"(0, (2, 3, 4, 4))",-4027.562,,,,
O_tau=2.4,12,1.956428e-05,8.332980e-02,"(0, (2, 3, 4, 4))",-3956.862,,,,
O_tau=2.4,12,1.991287e-05,8.332974e-02,"(0, (2, 3, 4, 4))",-3887.400,,,,
O_tau=2.4,12,2.026768e-05,8.332967e-02,"(0, (2, 3, 4, 4))",-3819.154,,,,
O_tau=2.4,12,2.062881e-05,8.332961e-02,"(0, (2, 3, 4, 4))",-3752.103,,,,
O_tau=2.4,12,2.099637e-05,8.332954e-02,"(0, (2, 3, 4, 4))",-3686.226,,,,
O_tau=2.4,12,2.137048e-05,8.332948e-02,"(0, (2, 3, 4, 4))",-3621.502,,,,
O_tau=2.4,12,2.175126e-05,8.332941e-02,"(0, (2, 3, 4, 4))",-3557.912,,,,
O_tau=2.4,12,2.213882e-05,8.332934e-02,"(0, (2, 3, 4, 4))",-3495.434,,,,
O_tau=2.4,12,2.253329e-05,8.332927e-02,"(0, (2, 3, 4, 4))",-3434.051,,,,
O_tau=2.4,12,2.293479e-05,8.332919e-02,"(0, (2, 3, 4, 4))",-3373.742,,,,
O_tau=2.4,12,2.334344e-05,8.332912e-02,"(0, (2, 3, 4, 4))",-3314.488,,,,
O_tau=2.4,12,2.375937e-05,8.332904e-02,"(0, (2, 3, 4, 4))",-3256.273,,,,
O_tau=2.4,12,2.418271e-05,8.332897e-02,"(0, (2, 3, 4, 4))",-3199.076,,,,
O_tau=2.4,12,2.461360e-05,8.332889e-02,"(0, (2, 3, 4, 4))",-3142.881,,,,
O_tau=2.4,12,2.505216e-05,8.332881e-02,"(0, (2, 3, 4, 4))",-3087.669,,,,
O_tau=2.4,12,2.549854e-05,8.332873e-02,"(0, (2, 3, 4, 4))",-3033.424,,,,
O_tau=2.4,12,2.595287e-05,8.332865e-02,"(0, (2, 3, 4, 4))",-2980.129,,,,
O_tau=2.4,12,2.641530e-05,8.332856e-02,"(0, (2, 3, 4, 4))",-2927.767,,,,
O_tau=2.4,12,2.688596e-05,8.332848e-02,"(0, (2, 3, 4, 4))",-2876.322,,,,
O_tau=2.4,12,2.736502e-05,8.332839e-02,"(0, (2, 3, 4, 4))",-2825.777,,,,
O_tau=2.4,12,2.785260e-05,8.332830e-02,"(0, (2, 3, 4, 4))",-2776.117,,,,
O_tau=2.4,12,2.834888e-05,8.332822e-02,"(0, (2, 3, 4, 4))",-2727.327,,,,
O_tau=2.4,12,2.885400e-05,8.332812e-02,"(0, (2, 3, 4, 4))",-2679.390,,,,
O_tau=2.4,12,2.936812e-05,8.332803e-02,"(0, (2, 3, 4, 4))",-2632.294,,,,
O_tau=2.4,12,2.989140e-05,8.332794e-02,"(0, (2, 3, 4, 4))",-2586.021,,,,
O_tau=2.4,12,3.042400e-05,8.332784e-02,"(0, (2, 3, 4, 4))",-2540.559,,,,
O_tau=2.4,12,3.096609e-05,8.332774e-02,"(0, (2, 3, 4, 4))",-2495.892,,,,
O_tau=2.4,12,3.151784e-05,8.332764e-02,"(0, (2, 3, 4, 4))",-2452.008,,,,
O_tau=2.4,12,3.207943e-05,8.332754e-02,"(0, (2, 3, 4, 4))",-2408.892,,,,
O_tau=2.4,12,3.265102e-05,8.332744e-02,"(0, (2, 3, 4, 4))",-2366.531,,,,
O_tau=2.4,12,3.323279e-05,8.332733e-02,"(0, (2, 3, 4, 4))",-2324.911,,,,
O_tau=2.4,12,3.382493e-05,8.332723e-02,"(0, (2, 3, 4, 4))",-2284.020,,,,
O_tau=2.4,12,3.442762e-05,8.332712e-02,"(0, (2, 3, 4, 4))",-2243.845,,,,
O_tau=2.4,12,3.504105e-05,8.332701e-02,"(0, (2, 3, 4, 4))",-2204.374,,,,
O_tau=2.4,12,3.566541e-05,8.332689e-02,"(0, (2, 3, 4, 4))",-2165.593,,,,
O_tau=2.4,12,3.630089e-05,8.332678e-02,"(0, (2, 3, 4, 4))",-2127.491,,,,
O_tau=2.4,12,3.694770e-05,8.332666e-02,"(0, (2, 3, 4, 4))",-2090.057,,,,
O_tau=2.4,12,3.760603e-05,8.332654e-02,"(0, (2, 3, 4, 4))",-2053.278,,,,
O_tau=2.4,12,3.827609e-05,8.332642e-02,"(0, (2, 3, 4, 4))",-2017.142,,,,
O_tau=2.4,12,3.895809e-05,8.332630e-02,"(0, (2, 3, 4, 4))",-1981.640,,,,
O_tau=2.4,12,3.965225e-05,8.332617e-02,"(0, (2, 3, 4, 4))",-1946.759,,,,
O_tau=2.4,12,4.035877e-05,8.332605e-02,"(0, (2, 3, 4, 4))",-1912.489,,,,
O_tau=2.4,12,4.107788e-05,8.332592e-02,"(0, (2, 3, 4, 4))",-1878.818,,,,
O_tau=2.4,12,4.180980e-05,8.332579e-02,"(0, (2, 3, 4, 4))",-1845.737,,,,
O_tau=2.4,12,4.255477e-05,8.332565e-02,"(0, (2, 3, 4, 4))",-1813.236,,,,
O_tau=2.4,12,4.331300e-05,8.332551e-02,"(0, (2, 3, 4, 4))",-1781.303,,,,
O_tau=2.4,12,4.408475e-05,8.332537e-02,"(0, (2, 3, 4, 4))",-1749.930,,,,
O_tau=2.4,12,4.487025e-05,8.332523e-02,"(0, (2, 3, 4, 4))",-1719.105,,,,
O_tau=2.4,12,4.566975e-05,8.332509e-02,"(0, (2, 3, 4, 4))",-1688.821,,,,
O_tau=2.4,12,4.648349e-05,8.332494e-02,"(0, (2, 3, 4, 4))",-1659.067,,,,
O_tau=2.4,12,4.731173e-05,8.332479e-02,"(0, (2, 3, 4, 4))",-1629.833,,,,
O_tau=2.4,12,4.815472e-05,8.332464e-02,"(0, (2, 3, 4, 4))",-1601.112,,,,
O_tau=2.4,12,4.901274e-05,8.332449e-02,"(0, (2, 3, 4, 4))",-1572.893,,,,
O_tau=2.4,12,4.988605e-05,8.332433e-02,"(0, (2, 3, 4, 4))",-1545.168,,,,
O_tau=2.4,12,5.077491e-05,8.332417e-02,"(0, (2, 3, 4, 4))",-1517.929,,,,
O_tau=2.4,12,5.167962e-05,8.332400e-02,"(0, (2, 3, 4, 4))",-1491.167,,,,
O_tau=2.4,12,5.260044e-05,8.332384e-02,"(0, (2, 3, 4, 4))",-1464.873,,,,
O_tau=2.4,12,5.353767e-05,8.332367e-02,"(0, (2, 3, 4, 4))",-1439.040,,,,
O_tau=2.4,12,5.449160e-05,8.332350e-02,"(0, (2, 3, 4, 4))",-1413.659,,,,
O_tau=2.4,12,5.546253e-05,8.332332e-02,"(0, (2, 3, 4, 4))",-1388.722,,,,
O_tau=2.4,12,5.645076e-05,8.332314e-02,"(0, (2, 3, 4, 4))",-1364.222,,,,
O_tau=2.4,12,5.745660e-05,8.332296e-02,"(0, (2, 3, 4, 4))",-1340.151,,,,
O_tau=2.4,12,5.848035e-05,8.332278e-02,"(0, (2, 3, 4, 4))",-1316.502,,,,
O_tau=2.4,12,5.952235e-05,8.332259e-02,"(0, (2, 3, 4, 4))",-1293.266,,,,
O_tau=2.4,12,6.058292e-05,8.332240e-02,"(0, (2, 3, 4, 4))",-1270.437,,,,
O_tau=2.4,12,6.166238e-05,8.332220e-02,"(0, (2, 3, 4, 4))",-1248.008,,,,
O_tau=2.4,12,6.276108e-05,8.332200e-02,"(0, (2, 3, 4, 4))",-1225.972,,,,
O_tau=2.4,12,6.387935e-05,8.332180e-02,"(0, (2, 3, 4, 4))",-1204.322,,,,
O_tau=2.4,12,6.501755e-05,8.332160e-02,"(0, (2, 3, 4, 4))",-1183.050,,,,
O_tau=2.4,12,6.617603e-05,8.332139e-02,"(0, (2, 3, 4, 4))",-1162.151,,,,
O_tau=2.4,12,6.735515e-05,8.332117e-02,"(0, (2, 3, 4, 4))",-1141.618,,,,
O_tau=2.4,12,6.855528e-05,8.332096e-02,"(0, (2, 3, 4, 4))",-1121.445,,,,
O_tau=2.4,12,6.977679e-05,8.332074e-02,"(0, (2, 3, 4, 4))",-1101.625,,,,
O_tau=2.4,12,7.102007e-05,8.332051e-02,"(0, (2, 3, 4, 4))",-1082.151,,,,
O_tau=2.4,12,7.228550e-05,8.332029e-02,"(0, (2, 3, 4, 4))",-1063.019,,,,
O_tau=2.4,12,7.357348e-05,8.332005e-02,"(0, (2, 3, 4, 4))",-1044.222,,,,
O_tau=2.4,12,7.488441e-05,8.331982e-02,"(0, (2, 3, 4, 4))",-1025.754,,,,
O_tau=2.4,12,7.621869e-05,8.331958e-02,"(0, (2, 3, 4, 4))",-1007.609,,,,
O_tau=2.4,12,7.757675e-05,8.331933e-02,"(0, (2, 3, 4, 4))",-989.782,,,,
O_tau=2.4,12,7.895901e-05,8.331908e-02,"(0, (2, 3, 4, 4))",-972.267,,,,
O_tau=2.4,12,8.036590e-05,8.331883e-02,"(0, (2, 3, 4, 4))",-955.059,,,,
O_tau=2.4,12,8.179785e-05,8.331857e-02,"(0, (2, 3, 4, 4))",-938.152,,,,
O_tau=2.4,12,8.325532e-05,8.331831e-02,"(0, (2, 3, 4, 4))",-921.541,,,,
O_tau=2.4,12,8.473876e-05,8.331804e-02,"(0, (2, 3, 4, 4))",-905.221,,,,
O_tau=2.4,12,8.624863e-05,8.331777e-02,"(0, (2, 3, 4, 4))",-889.187,,,,
O_tau=2.4,12,8.778540e-05,8.331749e-02,"(0, (2, 3, 4, 4))",-873.433,,,,
O_tau=2.4,12,8.934956e-05,8.331721e-02,"(0, (2, 3, 4, 4))",-857.956,,,,
O_tau=2.4,12,9.094158e-05,8.331692e-02,"(0, (2, 3, 4, 4))",-842.749,,,,
O_tau=2.4,12,9.256197e-05,8.331663e-02,"(0, (2, 3, 4, 4))",-827.809,,,,
O_tau=2.4,12,9.421124e-05,8.331633e-02,"(0, (2, 3, 4, 4))",-813.130,,,,
O_tau=2.4,12,9.588989e-05,8.331603e-02,"(0, (2, 3, 4, 4))",-798.708,,,,
O_tau=2.4,12,9.759844e-05,8.331572e-02,"(0, (2, 3, 4, 4))",-784.539,,,,
O_tau=2.4,12,9.933745e-05,8.331540e-02,"(0, (2, 3, 4, 4))",-770.618,,,,
O_tau=2.4,12,1.011074e-04,8.331508e-02,"(0, (2, 3, 4, 4))",-756.941,,,,
O_tau=2.4,12,1.029090e-04,8.331476e-02,"(0, (2, 3, 4, 4))",-743.503,,,,
O_tau=2.4,12,1.047426e-04,8.331443e-02,"(0, (2, 3, 4, 4))",-730.300,,,,
O_tau=2.4,12,1.066089e-04,8.331409e-02,"(0, (2, 3, 4, 4))",-717.329,,,,
O_tau=2.4,12,1.085084e-04,8.331375e-02,"(0, (2, 3, 4, 4))",-704.585,,,,
O_tau=2.4,12,1.104418e-04,8.331340e-02,"(0, (2, 3, 4, 4))",-692.064,,,,
O_tau=2.4,12,1.124097e-04,8.331304e-02,"(0, (2, 3, 4, 4))",-679.762,,,,
O_tau=2.4,12,1.144126e-04,8.331268e-02,"(0, (2, 3, 4, 4))",-667.676,,,,
O_tau=2.4,12,1.164512e-04,8.331232e-02,"(0, (2, 3, 4, 4))",-655.801,,,,
O_tau=2.4,12,1.185261e-04,8.331194e-02,"(0, (2, 3, 4, 4))",-644.135,,,,
O_tau=2.4,12,1.206380e-04,8.331156e-02,"(0, (2, 3, 4, 4))",-632.672,,,,
O_tau=2.4,12,1.227875e-04,8.331117e-02,"(0, (2, 3, 4, 4))",-621.411,,,,
O_tau=2.4,12,1.249753e-04,8.331078e-02,"(0, (2, 3, 4, 4))",-610.346,,,,
O_tau=2.4,12,1.272021e-04,8.331038e-02,"(0, (2, 3, 4, 4))",-599.476,,,,
O_tau=2.4,12,1.294686e-04,8.330997e-02,"(0, (2, 3, 4, 4))",-588.795,,,,
O_tau=2.4,12,1.317755e-04,8.330955e-02,"(0, (2, 3, 4, 4))",-578.302,,,,
O_tau=2.4,12,1.341234e-04,8.330913e-02,"(0, (2, 3, 4, 4))",-567.992,,,,
O_tau=2.4,12,1.365132e-04,8.330870e-02,"(0, (2, 3, 4, 4))",-557.863,,,,
O_tau=2.4,12,1.389456e-04,8.330826e-02,"(0, (2, 3, 4, 4))",-547.912,,,,
O_tau=2.4,12,1.414214e-04,8.330781e-02,"(0, (2, 3, 4, 4))",-538.135,,,,
O_tau=2.4,12,1.439412e-04,8.330736e-02,"(0, (2, 3, 4, 4))",-528.528,,,,
O_tau=2.4,12,1.465059e-04,8.330689e-02,"(0, (2, 3, 4, 4))",-519.091,,,,
O_tau=2.4,12,1.491164e-04,8.330642e-02,"(0, (2, 3, 4, 4))",-509.818,,,,
O_tau=2.4,12,1.517733e-04,8.330594e-02,"(0, (2, 3, 4, 4))",-500.708,,,,
O_tau=2.4,12,1.544776e-04,8.330546e-02,"(0, (2, 3, 4, 4))",-491.757,,,,
O_tau=2.4,12,1.572301e-04,8.330496e-02,"(0, (2, 3, 4, 4))",-482.963,,,,
O_tau=2.4,12,1.600316e-04,8.330445e-02,"(0, (2, 3, 4, 4))",-474.324,,,,
O_tau=2.4,12,1.628830e-04,8.330394e-02,"(0, (2, 3, 4, 4))",-465.835,,,,
O_tau=2.4,12,1.657853e-04,8.330342e-02,"(0, (2, 3, 4, 4))",-457.495,,,,
O_tau=2.4,12,1.687392e-04,8.330288e-02,"(0, (2, 3, 4, 4))",-449.301,,,,
O_tau=2.4,12,1.717458e-04,8.330234e-02,"(0, (2, 3, 4, 4))",-441.251,,,,
O_tau=2.4,12,1.748059e-04,8.330179e-02,"(0, (2, 3, 4, 4))",-433.342,,,,
O_tau=2.4,12,1.779206e-04,8.330123e-02,"(0, (2, 3, 4, 4))",-425.571,,,,
O_tau=2.4,12,1.810908e-04,8.330066e-02,"(0, (2, 3, 4, 4))",-417.936,,,,
O_tau=2.4,12,1.843175e-04,8.330007e-02,"(0, (2, 3, 4, 4))",-410.435,,,,
O_tau=2.4,12,1.876016e-04,8.329948e-02,"(0, (2, 3, 4, 4))",-403.066,,,,
O_tau=2.4,12,1.909443e-04,8.329888e-02,"(0, (2, 3, 4, 4))",-395.825,,,,
O_tau=2.4,12,1.943465e-04,8.329827e-02,"(0, (2, 3, 4, 4))",-388.712,,,,
O_tau=2.4,12,1.978094e-04,8.329764e-02,"(0, (2, 3, 4, 4))",-381.723,,,,
O_tau=2.4,12,2.013339e-04,8.329701e-02,"(0, (2, 3, 4, 4))",-374.856,,,,
O_tau=2.4,12,2.049213e-04,8.329636e-02,"(0, (2, 3, 4, 4))",-368.110,,,,
O_tau=2.4,12,2.085726e-04,8.329570e-02,"(0, (2, 3, 4, 4))",-361.481,,,,
O_tau=2.4,12,2.122889e-04,8.329503e-02,"(0, (2, 3, 4, 4))",-354.969,,,,
O_tau=2.4,12,2.160715e-04,8.329435e-02,"(0, (2, 3, 4, 4))",-348.571,,,,
O_tau=2.4,12,2.199214e-04,8.329366e-02,"(0, (2, 3, 4, 4))",-342.285,,,,
O_tau=2.4,12,2.238399e-04,8.329295e-02,"(0, (2, 3, 4, 4))",-336.109,,,,
O_tau=2.4,12,2.278283e-04,8.329223e-02,"(0, (2, 3, 4, 4))",-330.042,,,,
O_tau=2.4,12,2.318877e-04,8.329150e-02,"(0, (2, 3, 4, 4))",-324.080,,,,
O_tau=2.4,12,2.360195e-04,8.329075e-02,"(0, (2, 3, 4, 4))",-318.223,,,,
O_tau=2.4,12,2.402249e-04,8.329000e-02,"(0, (2, 3, 4, 4))",-312.469,,,,
O_tau=2.4,12,2.445052e-04,8.328922e-02,"(0, (2, 3, 4, 4))",-306.815,,,,
O_tau=2.4,12,2.488618e-04,8.328844e-02,"(0, (2, 3, 4, 4))",-301.261,,,,
O_tau=2.4,12,2.532960e-04,8.328764e-02,"(0, (2, 3, 4, 4))",-295.804,,,,
O_tau=2.4,12,2.578092e-04,8.328683e-02,"(0, (2, 3, 4, 4))",-290.442,,,,
O_tau=2.4,12,2.624028e-04,8.328600e-02,"(0, (2, 3, 4, 4))",-285.174,,,,
O_tau=2.4,12,2.670783e-04,8.328515e-02,"(0, (2, 3, 4, 4))",-279.999,,,,
O_tau=2.4,12,2.718371e-04,8.328430e-02,"(0, (2, 3, 4, 4))",-274.914,,,,
O_tau=2.4,12,2.766807e-04,8.328342e-02,"(0, (2, 3, 4, 4))",-269.919,,,,
O_tau=2.4,12,2.816105e-04,8.328254e-02,"(0, (2, 3, 4, 4))",-265.010,,,,
O_tau=2.4,12,2.866283e-04,8.328163e-02,"(0, (2, 3, 4, 4))",-260.188,,,,
O_tau=2.4,12,2.917354e-04,8.328071e-02,"(0, (2, 3, 4, 4))",-255.451,,,,
O_tau=2.4,12,2.969335e-04,8.327977e-02,"(0, (2, 3, 4, 4))",-250.796,,,,
O_tau=2.4,12,3.022242e-04,8.327882e-02,"(0, (2, 3, 4, 4))",-246.223,,,,
O_tau=2.4,12,3.076093e-04,8.327785e-02,"(0, (2, 3, 4, 4))",-241.730,,,,
O_tau=2.4,12,3.130902e-04,8.327686e-02,"(0, (2, 3, 4, 4))",-237.316,,,,
O_tau=2.4,12,3.186688e-04,8.327586e-02,"(0, (2, 3, 4, 4))",-232.979,,,,
O_tau=2.4,12,3.243469e-04,8.327484e-02,"(0, (2, 3, 4, 4))",-228.718,,,,
O_tau=2.4,12,3.301261e-04,8.327379e-02,"(0, (2, 3, 4, 4))",-224.531,,,,
O_tau=2.4,12,3.360082e-04,8.327273e-02,"(0, (2, 3, 4, 4))",-220.418,,,,
O_tau=2.4,12,3.419952e-04,8.327166e-02,"(0, (2, 3, 4, 4))",-216.378,,,,
O_tau=2.4,12,3.480888e-04,8.327056e-02,"(0, (2, 3, 4, 4))",-212.408,,,,
O_tau=2.4,12,3.542911e-04,8.326944e-02,"(0, (2, 3, 4, 4))",-208.507,,,,
O_tau=2.4,12,3.606038e-04,8.326830e-02,"(0, (2, 3, 4, 4))",-204.675,,,,
O_tau=2.4,12,3.670290e-04,8.326715e-02,"(0, (2, 3, 4, 4))",-200.910,,,,
O_tau=2.4,12,3.735687e-04,8.326597e-02,"(0, (2, 3, 4, 4))",-197.211,,,,
O_tau=2.4,12,3.802249e-04,8.326477e-02,"(0, (2, 3, 4, 4))",-193.577,,,,
O_tau=2.4,12,3.869998e-04,8.326355e-02,"(0, (2, 3, 4, 4))",-190.006,,,,
O_tau=2.4,12,3.938953e-04,8.326231e-02,"(0, (2, 3, 4, 4))",-186.498,,,,
O_tau=2.4,12,4.009137e-04,8.326105e-02,"(0, (2, 3, 4, 4))",-183.052,,,,
O_tau=2.4,12,4.080572e-04,8.325976e-02,"(0, (2, 3, 4, 4))",-179.666,,,,
O_tau=2.4,12,4.153279e-04,8.325845e-02,"(0, (2, 3, 4, 4))",-176.339,,,,
O_tau=2.4,12,4.227282e-04,8.325712e-02,"(0, (2, 3, 4, 4))",-173.071,,,,
O_tau=2.4,12,4.302603e-04,8.325576e-02,"(0, (2, 3, 4, 4))",-169.860,,,,
O_tau=2.4,12,4.379267e-04,8.325438e-02,"(0, (2, 3, 4, 4))",-166.705,,,,
O_tau=2.4,12,4.457296e-04,8.325298e-02,"(0, (2, 3, 4, 4))",-163.605,,,,
O_tau=2.4,12,4.536716e-04,8.325155e-02,"(0, (2, 3, 4, 4))",-160.560,,,,
O_tau=2.4,12,4.617551e-04,8.325009e-02,"(0, (2, 3, 4, 4))",-157.568,,,,
O_tau=2.4,12,4.699826e-04,8.324861e-02,"(0, (2, 3, 4, 4))",-154.629,,,,
O_tau=2.4,12,4.783567e-04,8.324710e-02,"(0, (2, 3, 4, 4))",-151.741,,,,
O_tau=2.4,12,4.868801e-04,8.324557e-02,"(0, (2, 3, 4, 4))",-148.904,,,,
O_tau=2.4,12,4.955553e-04,8.324401e-02,"(0, (2, 3, 4, 4))",-146.116,,,,
O_tau=2.4,12,5.043850e-04,8.324242e-02,"(0, (2, 3, 4, 4))",-143.378,,,,
O_tau=2.4,12,5.133721e-04,8.324080e-02,"(0, (2, 3, 4, 4))",-140.687,,,,
O_tau=2.4,12,5.225194e-04,8.323916e-02,"(0, (2, 3, 4, 4))",-138.043,,,,
O_tau=2.4,12,5.318296e-04,8.323748e-02,"(0, (2, 3, 4, 4))",-135.446,,,,
O_tau=2.4,12,5.413057e-04,8.323578e-02,"(0, (2, 3, 4, 4))",-132.895,,,,
O_tau=2.4,12,5.509506e-04,8.323404e-02,"(0, (2, 3, 4, 4))",-130.388,,,,
O_tau=2.4,12,5.607674e-04,8.323228e-02,"(0, (2, 3, 4, 4))",-127.925,,,,
O_tau=2.4,12,5.707592e-04,8.323048e-02,"(0, (2, 3, 4, 4))",-125.505,,,,
O_tau=2.4,12,5.809289e-04,8.322865e-02,"(0, (2, 3, 4, 4))",-123.128,,,,
O_tau=2.4,12,5.912799e-04,8.322679e-02,"(0, (2, 3, 4, 4))",-120.792,,,,
O_tau=2.4,12,6.018153e-04,8.322490e-02,"(0, (2, 3, 4, 4))",-118.498,,,,
O_tau=2.4,12,6.125384e-04,8.322297e-02,"(0, (2, 3, 4, 4))",-116.243,,,,
O_tau=2.4,12,6.234525e-04,8.322101e-02,"(0, (2, 3, 4, 4))",-114.028,,,,
O_tau=2.4,12,6.345612e-04,8.321901e-02,"(0, (2, 3, 4, 4))",-111.852,,,,
O_tau=2.4,12,6.458677e-04,8.321698e-02,"(0, (2, 3, 4, 4))",-109.714,,,,
O_tau=2.4,12,6.573758e-04,8.321491e-02,"(0, (2, 3, 4, 4))",-107.614,,,,
O_tau=2.4,12,6.690889e-04,8.321280e-02,"(0, (2, 3, 4, 4))",-105.551,,,,4334
O_tau=2.4,12,6.810106e-04,8.321066e-02,"(0, (2, 3, 4, 4))",-103.523,,,,4249
O_tau=2.4,12,6.931448e-04,8.320848e-02,"(0, (2, 3, 4, 4))",-101.531,,,,4167
O_tau=2.4,12,7.054953e-04,8.320626e-02,"(0, (2, 3, 4, 4))",-99.574,,,,4085
O_tau=2.4,12,7.180657e-04,8.320400e-02,"(0, (2, 3, 4, 4))",-97.652,,,4328,4006
O_tau=2.4,12,7.308602e-04,8.320170e-02,"(0, (2, 3, 4, 4))",-95.763,,,4244,3927
O_tau=2.4,12,7.438826e-04,8.319936e-02,"(0, (2, 3, 4, 4))",-93.907,,,4162,3851
O_tau=2.4,12,7.571370e-04,8.319698e-02,"(0, (2, 3, 4, 4))",-92.084,,,4081,3776
O_tau=2.4,12,7.706277e-04,8.319456e-02,"(0, (2, 3, 4, 4))",-90.293,,,4002,3702
O_tau=2.4,12,7.843587e-04,8.319209e-02,"(0, (2, 3, 4, 4))",-88.533,,,3924,3630
O_tau=2.4,12,7.983343e-04,8.318958e-02,"(0, (2, 3, 4, 4))",-86.804,,,3848,3559
O_tau=2.4,12,8.125590e-04,8.318703e-02,"(0, (2, 3, 4, 4))",-85.106,,,3774,3489
O_tau=2.4,12,8.270371e-04,8.318443e-02,"(0, (2, 3, 4, 4))",-83.437,,,3701,3421
O_tau=2.4,12,8.417732e-04,8.318178e-02,"(0, (2, 3, 4, 4))",-81.798,,,3629,3354
O_tau=2.4,12,8.567719e-04,8.317909e-02,"(0, (2, 3, 4, 4))",-80.187,,,3559,3289
O_tau=2.4,12,8.720378e-04,8.317635e-02,"(0, (2, 3, 4, 4))",-78.605,,,3490,3224
O_tau=2.4,12,8.875757e-04,8.317356e-02,"(0, (2, 3, 4, 4))",-77.050,,,3422,3161
O_tau=2.4,12,9.033905e-04,8.317072e-02,"(0, (2, 3, 4, 4))",-75.523,4366,,3356,3100
O_tau=2.4,12,9.194870e-04,8.316784e-02,"(0, (2, 3, 4, 4))",-74.022,4285,,3290,3039
O_tau=2.4,12,9.358704e-04,8.316490e-02,"(0, (2, 3, 4, 4))",-72.548,4205,,3227,2979
O_tau=2.4,12,9.525456e-04,8.316190e-02,"(0, (2, 3, 4, 4))",-71.099,4123,,3164,2921
O_tau=2.4,12,9.695180e-04,8.315886e-02,"(0, (2, 3, 4, 4))",-69.677,4044,4315,3103,2864
O_tau=2.4,12,9.867929e-04,8.315576e-02,"(0, (2, 3, 4, 4))",-68.279,3965,4234,3042,2808
O_tau=2.4,12,1.004375e-03,8.315261e-02,"(0, (2, 3, 4, 4))",-66.905,3888,4154,2983,2753
O_tau=2.4,12,1.022271e-03,8.314940e-02,"(0, (2, 3, 4, 4))",-65.556,3819,4076,2925,2699
O_tau=2.4,12,1.040486e-03,8.314613e-02,"(0, (2, 3, 4, 4))",-64.230,3746,3995,2868,2646
O_tau=2.4,12,1.059025e-03,8.314281e-02,"(0, (2, 3, 4, 4))",-62.928,3671,3922,2813,2594
O_tau=2.4,12,1.077895e-03,8.313943e-02,"(0, (2, 3, 4, 4))",-61.648,3603,3846,2758,2543
O_tau=2.4,12,1.097101e-03,8.313599e-02,"(0, (2, 3, 4, 4))",-60.391,3530,3775,2705,2493
O_tau=2.4,12,1.116649e-03,8.313248e-02,"(0, (2, 3, 4, 4))",-59.156,3462,3701,2652,2444
O_tau=2.4,12,1.136545e-03,8.312892e-02,"(0, (2, 3, 4, 4))",-57.943,3402,3631,2600,2397
O_tau=2.4,12,1.156796e-03,8.312529e-02,"(0, (2, 3, 4, 4))",-56.751,3335,3562,2550,2350
O_tau=2.4,12,1.177408e-03,8.312160e-02,"(0, (2, 3, 4, 4))",-55.580,3270,3494,2500,2304
O_tau=2.4,12,1.198387e-03,8.311784e-02,"(0, (2, 3, 4, 4))",-54.430,3208,3428,2451,2259
O_tau=2.4,12,1.219740e-03,8.311402e-02,"(0, (2, 3, 4, 4))",-53.300,3147,3363,2404,2214
O_tau=2.4,12,1.241473e-03,8.311013e-02,"(0, (2, 3, 4, 4))",-52.189,3084,3298,2357,2171
O_tau=2.4,12,1.263594e-03,8.310617e-02,"(0, (2, 3, 4, 4))",-51.098,3025,3236,2311,2128
O_tau=2.4,12,1.286108e-03,8.310214e-02,"(0, (2, 3, 4, 4))",-50.026,2969,3175,2266,2086
O_tau=2.4,12,1.309024e-03,8.309803e-02,"(0, (2, 3, 4, 4))",-48.974,2911,3113,2222,2045
O_tau=2.4,12,1.332348e-03,8.309386e-02,"(0, (2, 3, 4, 4))",-47.939,2854,3055,2179,2005
O_tau=2.4,12,1.356088e-03,8.308961e-02,"(0, (2, 3, 4, 4))",-46.923,2802,2996,2136,1965
O_tau=2.4,12,1.380250e-03,8.308529e-02,"(0, (2, 3, 4, 4))",-45.925,2750,2939,2094,1927
O_tau=2.4,12,1.404844e-03,8.308089e-02,"(0, (2, 3, 4, 4))",-44.944,2694,2880,2054,1889
O_tau=2.4,12,1.429875e-03,8.307642e-02,"(0, (2, 3, 4, 4))",-43.980,2644,2828,2014,1852
O_tau=2.4,12,1.455352e-03,8.307186e-02,"(0, (2, 3, 4, 4))",-43.034,2591,2776,1974,1816
O_tau=2.4,12,1.481284e-03,8.306723e-02,"(0, (2, 3, 4, 4))",-42.103,2539,2720,1936,1780
O_tau=2.4,12,1.507677e-03,8.306251e-02,"(0, (2, 3, 4, 4))",-41.190,2493,2668,1898,1745
O_tau=2.4,12,1.534541e-03,8.305771e-02,"(0, (2, 3, 4, 4))",-40.292,2447,2619,1861,1710
O_tau=2.4,12,1.561883e-03,8.305282e-02,"(0, (2, 3, 4, 4))",-39.410,2401,2568,1825,1676
O_tau=2.4,12,1.589713e-03,8.304785e-02,"(0, (2, 3, 4, 4))",-38.544,2353,2520,1789,1644
O_tau=2.4,12,1.618038e-03,8.304279e-02,"(0, (2, 3, 4, 4))",-37.693,2307,2473,1754,1611
O_tau=2.4,12,1.646868e-03,8.303765e-02,"(0, (2, 3, 4, 4))",-36.857,2265,2424,1720,1579
O_tau=2.4,12,1.676212e-03,8.303241e-02,"(0, (2, 3, 4, 4))",-36.035,2222,2378,1686,1548
O_tau=2.4,12,1.706079e-03,8.302708e-02,"(0, (2, 3, 4, 4))",-35.228,2175,2332,1653,1518
O_tau=2.4,12,1.736478e-03,8.302165e-02,"(0, (2, 3, 4, 4))",-34.436,2135,2292,1621,1488
O_tau=2.4,12,1.767418e-03,8.301613e-02,"(0, (2, 3, 4, 4))",-33.657,2098,2246,1590,1459
O_tau=2.4,12,1.798910e-03,8.301051e-02,"(0, (2, 3, 4, 4))",-32.892,2053,2202,1559,1430
O_tau=2.4,12,1.830963e-03,8.300480e-02,"(0, (2, 3, 4, 4))",-32.140,2014,2158,1528,1401
O_tau=2.4,12,1.863587e-03,8.299898e-02,"(0, (2, 3, 4, 4))",-31.402,1974,2118,1498,1374
O_tau=2.4,12,1.896792e-03,8.299306e-02,"(0, (2, 3, 4, 4))",-30.676,1940,2077,1469,1347
O_tau=2.4,12,1.930589e-03,8.298704e-02,"(0, (2, 3, 4, 4))",-29.963,1903,2037,1440,1320
O_tau=2.4,12,1.964988e-03,8.298091e-02,"(0, (2, 3, 4, 4))",-29.263,1863,2002,1412,1294
O_tau=2.4,12,2.000000e-03,8.297467e-02,"(0, (2, 3, 4, 4))",-28.575,1829,1964,1384,1268
O_tau=2.4,12,2.031395e-03,8.296908e-02,"(0, (2, 3, 4, 4))",-27.979,1798,1930,1360,1246
O_tau=2.4,12,2.063282e-03,8.296340e-02,"(0, (2, 3, 4, 4))",-27.392,1767,1897,1337,1225
O_tau=2.4,12,2.095671e-03,8.295764e-02,"(0, (2, 3, 4, 4))",-26.813,1736,1863,1314,1203
O_tau=2.4,12,2.128567e-03,8.295178e-02,"(0, (2, 3, 4, 4))",-26.244,1707,1832,1291,1182
O_tau=2.4,12,2.161980e-03,8.294583e-02,"(0, (2, 3, 4, 4))",-25.684,1679,1802,1269,1162
O_tau=2.4,12,2.195917e-03,8.293980e-02,"(0, (2, 3, 4, 4))",-25.132,1650,1772,1247,1141
O_tau=2.4,12,2.230388e-03,8.293367e-02,"(0, (2, 3, 4, 4))",-24.589,1624,1742,1226,1121
O_tau=2.4,12,2.265399e-03,8.292744e-02,"(0, (2, 3, 4, 4))",-24.055,1596,1711,1204,1102
O_tau=2.4,12,2.300960e-03,8.292112e-02,"(0, (2, 3, 4, 4))",-23.528,1568,1683,1183,1082
O_tau=2.4,12,2.337079e-03,8.291470e-02,"(0, (2, 3, 4, 4))",-23.010,1541,1657,1163,1063
O_tau=2.4,12,2.373765e-03,8.290818e-02,"(0, (2, 3, 4, 4))",-22.500,1514,1628,1143,1045
O_tau=2.4,12,2.411027e-03,8.290156e-02,"(0, (2, 3, 4, 4))",-21.998,1489,1598,1123,1027
O_tau=2.4,12,2.448874e-03,8.289484e-02,"(0, (2, 3, 4, 4))",-21.504,1459,1572,1103,1009
O_tau=2.4,12,2.487314e-03,8.288801e-02,"(0, (2, 3, 4, 4))",-21.017,1436,1548,1084,991
O_tau=2.4,12,2.526359e-03,8.288108e-02,"(0, (2, 3, 4, 4))",-20.538,1412,1520,1065,974
O_tau=2.4,12,2.566016e-03,8.287404e-02,"(0, (2, 3, 4, 4))",-20.067,1391,1494,1047,957
O_tau=2.4,12,2.606296e-03,8.286690e-02,"(0, (2, 3, 4, 4))",-19.602,1366,1468,1029,940
O_tau=2.4,12,2.647208e-03,8.285964e-02,"(0, (2, 3, 4, 4))",-19.145,1341,1443,1011,924
O_tau=2.4,12,2.688762e-03,8.285227e-02,"(0, (2, 3, 4, 4))",-18.696,1319,1418,994,908
O_tau=2.4,12,2.730969e-03,8.284479e-02,"(0, (2, 3, 4, 4))",-18.253,1297,1396,976,892
O_tau=2.4,12,2.773838e-03,8.283719e-02,"(0, (2, 3, 4, 4))",-17.817,1276,1373,960,876
O_tau=2.4,12,2.817380e-03,8.282948e-02,"(0, (2, 3, 4, 4))",-17.387,1255,1351,943,860
O_tau=2.4,12,2.861605e-03,8.282165e-02,"(0, (2, 3, 4, 4))",-16.965,1233,1327,927,845
O_tau=2.4,12,2.906525e-03,8.281369e-02,"(0, (2, 3, 4, 4))",-16.549,1213,1305,911,830
O_tau=2.4,12,2.952150e-03,8.280562e-02,"(0, (2, 3, 4, 4))",-16.140,1191,1282,895,816
O_tau=2.4,12,2.998491e-03,8.279742e-02,"(0, (2, 3, 4, 4))",-15.736,1169,1261,879,801
O_tau=2.4,12,3.045559e-03,8.278909e-02,"(0, (2, 3, 4, 4))",-15.340,1151,1239,864,787
O_tau=2.4,12,3.093367e-03,8.278064e-02,"(0, (2, 3, 4, 4))",-14.949,1134,1217,849,774
O_tau=2.4,12,3.141924e-03,8.277205e-02,"(0, (2, 3, 4, 4))",-14.564,1113,1196,834,760
O_tau=2.4,12,3.191244e-03,8.276334e-02,"(0, (2, 3, 4, 4))",-14.186,1091,1177,819,747
O_tau=2.4,12,3.241339e-03,8.275449e-02,"(0, (2, 3, 4, 4))",-13.813,1072,1155,805,734
O_tau=2.4,12,3.292219e-03,8.274550e-02,"(0, (2, 3, 4, 4))",-13.446,1055,1136,791,721
O_tau=2.4,12,3.343898e-03,8.273638e-02,"(0, (2, 3, 4, 4))",-13.085,1039,1117,777,708
O_tau=2.4,12,3.396389e-03,8.272711e-02,"(0, (2, 3, 4, 4))",-12.730,1020,1099,764,696
O_tau=2.4,12,3.449703e-03,8.271770e-02,"(0, (2, 3, 4, 4))",-12.380,1003,1080,751,684
O_tau=2.4,12,3.503855e-03,8.270815e-02,"(0, (2, 3, 4, 4))",-12.036,985,1061,738,672
O_tau=2.4,12,3.558856e-03,8.269846e-02,"(0, (2, 3, 4, 4))",-11.696,970,1045,725,660
O_tau=2.4,12,3.614721e-03,8.268861e-02,"(0, (2, 3, 4, 4))",-11.363,951,1025,712,648
O_tau=2.4,12,3.671462e-03,8.267862e-02,"(0, (2, 3, 4, 4))",-11.034,937,1009,700,637
O_tau=2.4,12,3.729095e-03,8.266847e-02,"(0, (2, 3, 4, 4))",-10.711,920,993,688,625
O_tau=2.4,12,3.787632e-03,8.265816e-02,"(0, (2, 3, 4, 4))",-10.392,905,975,676,614
O_tau=2.4,12,3.847088e-03,8.264770e-02,"(0, (2, 3, 4, 4))",-10.079,886,958,664,603
O_tau=2.4,12,3.907477e-03,8.263708e-02,"(0, (2, 3, 4, 4))",-9.770,871,942,653,593
O_tau=2.4,12,3.968814e-03,8.262629e-02,"(0, (2, 3, 4, 4))",-9.466,859,928,641,582
O_tau=2.4,12,4.031114e-03,8.261535e-02,"(0, (2, 3, 4, 4))",-9.167,844,911,630,572
O_tau=2.4,12,4.094392e-03,8.260423e-02,"(0, (2, 3, 4, 4))",-8.873,829,897,619,562
O_tau=2.4,12,4.158663e-03,8.259294e-02,"(0, (2, 3, 4, 4))",-8.583,816,881,608,552
O_tau=2.4,12,4.223944e-03,8.258148e-02,"(0, (2, 3, 4, 4))",-8.298,800,864,597,542
O_tau=2.4,12,4.290249e-03,8.256985e-02,"(0, (2, 3, 4, 4))",-8.017,787,850,587,533
O_tau=2.4,12,4.357594e-03,8.255804e-02,"(0, (2, 3, 4, 4))",-7.741,773,835,577,524
O_tau=2.4,12,4.425997e-03,8.254605e-02,"(0, (2, 3, 4, 4))",-7.469,760,821,567,514
O_tau=2.4,12,4.495474e-03,8.253388e-02,"(0, (2, 3, 4, 4))",-7.201,749,806,557,505
O_tau=2.4,12,4.566041e-03,8.252152e-02,"(0, (2, 3, 4, 4))",-6.938,736,795,547,496
O_tau=2.4,12,4.637716e-03,8.250897e-02,"(0, (2, 3, 4, 4))",-6.678,723,781,538,488
O_tau=2.4,12,4.710516e-03,8.249623e-02,"(0, (2, 3, 4, 4))",-6.423,710,766,528,479
O_tau=2.4,12,4.784459e-03,8.248330e-02,"(0, (2, 3, 4, 4))",-6.171,699,754,519,471
O_tau=2.4,12,4.859562e-03,8.247017e-02,"(0, (2, 3, 4, 4))",-5.924,688,743,510,462
O_tau=2.4,12,4.935845e-03,8.245685e-02,"(0, (2, 3, 4, 4))",-5.680,675,730,501,454
O_tau=2.4,12,5.013324e-03,8.244332e-02,"(0, (2, 3, 4, 4))",-5.441,661,718,492,446
O_tau=2.4,12,5.092021e-03,8.242958e-02,"(0, (2, 3, 4, 4))",-5.205,649,706,484,438
O_tau=2.4,12,5.171952e-03,8.241564e-02,"(0, (2, 3, 4, 4))",-4.972,639,692,476,430
O_tau=2.4,12,5.253138e-03,8.240148e-02,"(0, (2, 3, 4, 4))",-4.744,628,681,467,423
O_tau=2.4,12,5.335599e-03,8.238712e-02,"(0, (2, 3, 4, 4))",-4.518,619,669,459,415
O_tau=2.4,12,5.419354e-03,8.237253e-02,"(0, (2, 3, 4, 4))",-4.297,608,658,451,408
O_tau=2.4,12,5.504423e-03,8.235772e-02,"(0, (2, 3, 4, 4))",-4.079,597,645,443,400
O_tau=2.4,12,5.590828e-03,8.234269e-02,"(0, (2, 3, 4, 4))",-3.864,588,636,435,393
O_tau=2.4,12,5.678590e-03,8.232743e-02,"(0, (2, 3, 4, 4))",-3.653,579,627,428,386
O_tau=2.4,12,5.767729e-03,8.231194e-02,"(0, (2, 3, 4, 4))",-3.445,566,616,420,379
O_tau=2.4,12,5.858267e-03,8.229622e-02,"(0, (2, 3, 4, 4))",-3.240,559,602,412,373
O_tau=2.4,12,5.950227e-03,8.228026e-02,"(0, (2, 3, 4, 4))",-3.039,549,594,405,366
O_tau=2.4,12,6.043630e-03,8.226406e-02,"(0, (2, 3, 4, 4))",-2.840,541,584,398,360
O_tau=2.4,12,6.138499e-03,8.224761e-02,"(0, (2, 3, 4, 4))",-2.645,533,578,391,353
O_tau=2.4,12,6.234857e-03,8.223092e-02,"(0, (2, 3, 4, 4))",-2.453,524,568,384,347
O_tau=2.4,12,6.332728e-03,8.221398e-02,"(0, (2, 3, 4, 4))",-2.264,517,561,378,341
O_tau=2.4,12,6.432135e-03,8.219678e-02,"(0, (2, 3, 4, 4))",-2.077,509,559,371,335
O_tau=2.4,12,6.533103e-03,8.217932e-02,"(0, (2, 3, 4, 4))",-1.894,503,557,365,329
O_tau=2.4,12,6.635656e-03,8.216160e-02,"(0, (2, 3, 4, 4))",-1.714,499,561,358,324
O_tau=2.4,12,6.739818e-03,8.214362e-02,"(0, (2, 3, 4, 4))",-1.536,500,583,352,318
O_tau=2.4,12,6.845616e-03,8.212536e-02,"(0, (2, 3, 4, 4))",-1.362,511,,346,312
O_tau=2.4,12,6.953074e-03,8.210683e-02,"(0, (2, 3, 4, 4))",-1.190,543,,340,307
O_tau=2.4,12,7.062219e-03,8.208802e-02,"(0, (2, 3, 4, 4))",-1.020,,,334,301
O_tau=2.4,12,7.173078e-03,8.206894e-02,"(0, (2, 3, 4, 4))",-0.854,,,328,296
O_tau=2.4,12,7.285676e-03,8.204956e-02,"(0, (2, 3, 4, 4))",-0.690,,,323,291
O_tau=2.4,12,7.400042e-03,8.202990e-02,"(0, (2, 3, 4, 4))",-0.528,,,317,285
O_tau=2.4,12,7.516204e-03,8.200994e-02,"(0, (2, 3, 4, 4))",-0.369,,,312,280
O_tau=2.4,12,7.634188e-03,8.198969e-02,"(0, (2, 3, 4, 4))",-0.213,,,306,275
O_tau=2.4,12,7.754025e-03,8.196913e-02,"(0, (2, 3, 4, 4))",-0.059,,,301,270
O_tau=2.4,12,7.875743e-03,8.194826e-02,"(0, (2, 3, 4, 4))",0.092,,,295,265
O_tau=2.4,12,7.999372e-03,8.192709e-02,"(0, (2, 3, 4, 4))",0.241,,,290,261
O_tau=2.4,12,8.124941e-03,8.190560e-02,"(0, (2, 3, 4, 4))",0.388,,,285,256
O_tau=2.4,12,8.252481e-03,8.188379e-02,"(0, (2, 3, 4, 4))",0.533,,,280,251
O_tau=2.4,12,8.382024e-03,8.186166e-02,"(0, (2, 3, 4, 4))",0.675,,,275,247
O_tau=2.4,12,8.513600e-03,8.183920e-02,"(0, (2, 3, 4, 4))",0.815,,,270,242
O_tau=2.4,12,8.647241e-03,8.181640e-02,"(0, (2, 3, 4, 4))",0.952,,,265,238
O_tau=2.4,12,8.782980e-03,8.179327e-02,"(0, (2, 3, 4, 4))",1.088,,,260,234
O_tau=2.4,12,8.920850e-03,8.176979e-02,"(0, (2, 3, 4, 4))",1.221,,,256,229
O_tau=2.4,12,9.060884e-03,8.174597e-02,"(0, (2, 3, 4, 4))",1.352,,,251,225
O_tau=2.4,12,9.203116e-03,8.172180e-02,"(0, (2, 3, 4, 4))",1.482,,,247,221
O_tau=2.4,12,9.347581e-03,8.169727e-02,"(0, (2, 3, 4, 4))",1.609,,,243,218
O_tau=2.4,12,9.494314e-03,8.167237e-02,"(0, (2, 3, 4, 4))",1.734,,,238,214
O_tau=2.4,12,9.643350e-03,8.164711e-02,"(0, (2, 3, 4, 4))",1.857,,,234,210
O_tau=2.4,12,9.794725e-03,8.162148e-02,"(0, (2, 3, 4, 4))",1.978,,,230,206
O_tau=2.4,12,9.948477e-03,8.159547e-02,"(0, (2, 3, 4, 4))",2.097,,,226,203
O_tau=2.4,12,1.010464e-02,8.156908e-02,"(0, (2, 3, 4, 4))",2.215,,,222,199
O_tau=2.4,12,1.026326e-02,8.154230e-02,"(0, (2, 3, 4, 4))",2.330,,,218,196
O_tau=2.4,12,1.042436e-02,8.151513e-02,"(0, (2, 3, 4, 4))",2.444,,,214,192
O_tau=2.4,12,1.058800e-02,8.148756e-02,"(0, (2, 3, 4, 4))",2.556,,,211,189
O_tau=2.4,12,1.075420e-02,8.145959e-02,"(0, (2, 3, 4, 4))",2.666,,,207,186
O_tau=2.4,12,1.092302e-02,8.143120e-02,"(0, (2, 3, 4, 4))",2.774,,,204,182
O_tau=2.4,12,1.109448e-02,8.140241e-02,"(0, (2, 3, 4, 4))",2.881,,,200,179
O_tau=2.4,12,1.126863e-02,8.137319e-02,"(0, (2, 3, 4, 4))",2.986,,,196,176
O_tau=2.4,12,1.144552e-02,8.134355e-02,"(0, (2, 3, 4, 4))",3.089,,,193,172
O_tau=2.4,12,1.162519e-02,8.131347e-02,"(0, (2, 3, 4, 4))",3.191,,,190,169
O_tau=2.4,12,1.180767e-02,8.128296e-02,"(0, (2, 3, 4, 4))",3.291,,,186,166
O_tau=2.4,12,1.199302e-02,8.125201e-02,"(0, (2, 3, 4, 4))",3.389,,,183,163
O_tau=2.4,12,1.218128e-02,8.122061e-02,"(0, (2, 3, 4, 4))",3.486,,,180,161
O_tau=2.4,12,1.237250e-02,8.118875e-02,"(0, (2, 3, 4, 4))",3.581,,,177,158
O_tau=2.4,12,1.256671e-02,8.115643e-02,"(0, (2, 3, 4, 4))",3.675,,,174,155
O_tau=2.4,12,1.276398e-02,8.112364e-02,"(0, (2, 3, 4, 4))",3.768,,,170,152
O_tau=2.4,12,1.296434e-02,8.109038e-02,"(0, (2, 3, 4, 4))",3.858,,,168,149
O_tau=2.4,12,1.316784e-02,8.105664e-02,"(0, (2, 3, 4, 4))",3.948,,,165,146
O_tau=2.4,12,1.337454e-02,8.102242e-02,"(0, (2, 3, 4, 4))",4.036,,,162,144
O_tau=2.4,12,1.358449e-02,8.098770e-02,"(0, (2, 3, 4, 4))",4.122,,,159,141
O_tau=2.4,12,1.379773e-02,8.095248e-02,"(0, (2, 3, 4, 4))",4.207,,,156,138
O_tau=2.4,12,1.401432e-02,8.091676e-02,"(0, (2, 3, 4, 4))",4.291,,,153,136
O_tau=2.4,12,1.423431e-02,8.088053e-02,"(0, (2, 3, 4, 4))",4.374,,,150,133
O_tau=2.4,12,1.445775e-02,8.084378e-02,"(0, (2, 3, 4, 4))",4.455,,,148,131
O_tau=2.4,12,1.468470e-02,8.080650e-02,"(0, (2, 3, 4, 4))",4.535,,,145,129
O_tau=2.4,12,1.491521e-02,8.076869e-02,"(0, (2, 3, 4, 4))",4.613,,,142,126
O_tau=2.4,12,1.514934e-02,8.073035e-02,"(0, (2, 3, 4, 4))",4.691,,,139,124
O_tau=2.4,12,1.538714e-02,8.069145e-02,"(0, (2, 3, 4, 4))",4.767,,,137,122
O_tau=2.4,12,1.562868e-02,8.065201e-02,"(0, (2, 3, 4, 4))",4.841,,,134,120
O_tau=2.4,12,1.587401e-02,8.061201e-02,"(0, (2, 3, 4, 4))",4.915,,,132,118
O_tau=2.4,12,1.612319e-02,8.057144e-02,"(0, (2, 3, 4, 4))",4.988,,,130,115
O_tau=2.4,12,1.637628e-02,8.053029e-02,"(0, (2, 3, 4, 4))",5.059,,,128,113
O_tau=2.4,12,1.663335e-02,8.048857e-02,"(0, (2, 3, 4, 4))",5.129,,,125,112
O_tau=2.4,12,1.689445e-02,8.044626e-02,"(0, (2, 3, 4, 4))",5.198,,,123,110
O_tau=2.4,12,1.715965e-02,8.040335e-02,"(0, (2, 3, 4, 4))",5.266,,,121,108
O_tau=2.4,12,1.742901e-02,8.035984e-02,"(0, (2, 3, 4, 4))",5.333,,,119,106
O_tau=2.4,12,1.770260e-02,8.031571e-02,"(0, (2, 3, 4, 4))",5.398,,,117,104
O_tau=2.4,12,1.798048e-02,8.027098e-02,"(0, (2, 3, 4, 4))",5.463,,,115,102
O_tau=2.4,12,1.826273e-02,8.022561e-02,"(0, (2, 3, 4, 4))",5.527,,,113,100
O_tau=2.4,12,1.854941e-02,8.017961e-02,"(0, (2, 3, 4, 4))",5.589,,,111,98
O_tau=2.4,12,1.884058e-02,8.013297e-02,"(0, (2, 3, 4, 4))",5.651,,,109,96
O_tau=2.4,12,1.913633e-02,8.008569e-02,"(0, (2, 3, 4, 4))",5.712,,,107,95
O_tau=2.4,12,1.943672e-02,8.003774e-02,"(0, (2, 3, 4, 4))",5.771,,,105,93
O_tau=2.4,12,1.974183e-02,7.998913e-02,"(0, (2, 3, 4, 4))",5.830,,,103,92
O_tau=2.4,12,2.005172e-02,7.993985e-02,"(0, (2, 3, 4, 4))",5.888,,,101,90
O_tau=2.4,12,2.036648e-02,7.988989e-02,"(0, (2, 3, 4, 4))",5.944,,,99,88
O_tau=2.4,12,2.068618e-02,7.983924e-02,"(0, (2, 3, 4, 4))",6.000,,,98,87
O_tau=2.4,12,2.101090e-02,7.978790e-02,"(0, (2, 3, 4, 4))",6.055,,,96,85
O_tau=2.4,12,2.134072e-02,7.973585e-02,"(0, (2, 3, 4, 4))",6.109,,,94,84
O_tau=2.4,12,2.167571e-02,7.968308e-02,"(0, (2, 3, 4, 4))",6.162,,,93,82
O_tau=2.4,12,2.201596e-02,7.962960e-02,"(0, (2, 3, 4, 4))",6.215,,,91,81
O_tau=2.4,12,2.236156e-02,7.957538e-02,"(0, (2, 3, 4, 4))",6.266,,,90,79
O_tau=2.4,12,2.271258e-02,7.952043e-02,"(0, (2, 3, 4, 4))",6.317,,,88,78
O_tau=2.4,12,2.306910e-02,7.946472e-02,"(0, (2, 3, 4, 4))",6.367,,,86,77
O_tau=2.4,12,2.343123e-02,7.940827e-02,"(0, (2, 3, 4, 4))",6.416,,,85,75
O_tau=2.4,12,2.379904e-02,7.935105e-02,"(0, (2, 3, 4, 4))",6.464,,,83,74
O_tau=2.4,12,2.417262e-02,7.929305e-02,"(0, (2, 3, 4, 4))",6.511,,,82,72
O_tau=2.4,12,2.455207e-02,7.923428e-02,"(0, (2, 3, 4, 4))",6.558,,,80,71
O_tau=2.4,12,2.493747e-02,7.917471e-02,"(0, (2, 3, 4, 4))",6.604,,,79,69
O_tau=2.4,12,2.532892e-02,7.911435e-02,"(0, (2, 3, 4, 4))",6.649,,,77,68
O_tau=2.4,12,2.572652e-02,7.905318e-02,"(0, (2, 3, 4, 4))",6.693,,,76,66
O_tau=2.4,12,2.613036e-02,7.899119e-02,"(0, (2, 3, 4, 4))",6.737,,,75,65
O_tau=2.4,12,2.654054e-02,7.892837e-02,"(0, (2, 3, 4, 4))",6.780,,,73,64
O_tau=2.4,12,2.695716e-02,7.886472e-02,"(0, (2, 3, 4, 4))",6.822,,,71,62
O_tau=2.4,12,2.738031e-02,7.880023e-02,"(0, (2, 3, 4, 4))",6.864,,,70,61
O_tau=2.4,12,2.781011e-02,7.873488e-02,"(0, (2, 3, 4, 4))",6.905,,,68,60
O_tau=2.4,12,2.824666e-02,7.866867e-02,"(0, (2, 3, 4, 4))",6.945,,,67,59
O_tau=2.4,12,2.869006e-02,7.860159e-02,"(0, (2, 3, 4, 4))",6.984,,,65,58
O_tau=2.4,12,2.914042e-02,7.853363e-02,"(0, (2, 3, 4, 4))",7.023,,,64,57
O_tau=2.4,12,2.959785e-02,7.846478e-02,"(0, (2, 3, 4, 4))",7.062,,,63,56
O_tau=2.4,12,3.006245e-02,7.839503e-02,"(0, (2, 3, 4, 4))",7.099,,,61,55
O_tau=2.4,12,3.053436e-02,7.832437e-02,"(0, (2, 3, 4, 4))",7.136,,,60,54
O_tau=2.4,12,3.101367e-02,7.825279e-02,"(0, (2, 3, 4, 4))",7.173,,,59,52
O_tau=2.4,12,3.150050e-02,7.818029e-02,"(0, (2, 3, 4, 4))",7.208,,,58,51
O_tau=2.4,12,3.199498e-02,7.810684e-02,"(0, (2, 3, 4, 4))",7.244,,,56,50
O_tau=2.4,12,3.249721e-02,7.803246e-02,"(0, (2, 3, 4, 4))",7.278,,,55,49
O_tau=2.4,12,3.300733e-02,7.795711e-02,"(0, (2, 3, 4, 4))",7.312,,,54,48
O_tau=2.4,12,3.352546e-02,7.788080e-02,"(0, (2, 3, 4, 4))",7.346,,,53,47
O_tau=2.4,12,3.405173e-02,7.780352e-02,"(0, (2, 3, 4, 4))",7.379,,,52,46
O_tau=2.4,12,3.458625e-02,7.772525e-02,"(0, (2, 3, 4, 4))",7.411,,,51,45
O_tau=2.4,12,3.512916e-02,7.764598e-02,"(0, (2, 3, 4, 4))",7.443,,,49,44
O_tau=2.4,12,3.568060e-02,7.756571e-02,"(0, (2, 3, 4, 4))",7.474,,,48,43
O_tau=2.4,12,3.624069e-02,7.748443e-02,"(0, (2, 3, 4, 4))",7.505,,,47,42
O_tau=2.4,12,3.680957e-02,7.740213e-02,"(0, (2, 3, 4, 4))",7.535,,,46,42
O_tau=2.4,12,3.738739e-02,7.731879e-02,"(0, (2, 3, 4, 4))",7.565,,,45,41
O_tau=2.4,12,3.797427e-02,7.723441e-02,"(0, (2, 3, 4, 4))",7.595,,,44,40
O_tau=2.4,12,3.857037e-02,7.714898e-02,"(0, (2, 3, 4, 4))",7.623,,,43,39
O_tau=2.4,12,3.917582e-02,7.706249e-02,"(0, (2, 3, 4, 4))",7.652,,,42,38
O_tau=2.4,12,3.979078e-02,7.697492e-02,"(0, (2, 3, 4, 4))",7.680,,,41,37
O_tau=2.4,12,4.041539e-02,7.688627e-02,"(0, (2, 3, 4, 4))",7.707,,,40,36
O_tau=2.4,12,4.104981e-02,7.679654e-02,"(0, (2, 3, 4, 4))",7.734,,,39,36
O_tau=2.4,12,4.169418e-02,7.670570e-02,"(0, (2, 3, 4, 4))",7.761,,,38,35
O_tau=2.4,12,4.234867e-02,7.661375e-02,"(0, (2, 3, 4, 4))",7.787,,,,
O_tau=2.4,12,4.301344e-02,7.652068e-02,"(0, (2, 3, 4, 4))",7.812,,,,
O_tau=2.4,12,4.368864e-02,7.642649e-02,"(0, (2, 3, 4, 4))",7.837,,,,
O_tau=2.4,12,4.437443e-02,7.633115e-02,"(0, (2, 3, 4, 4))",7.862,,,,
O_tau=2.4,12,4.507100e-02,7.623466e-02,"(0, (2, 3, 4, 4))",7.887,,,,
O_tau=2.4,12,4.577849e-02,7.613702e-02,"(0, (2, 3, 4, 4))",7.911,,,,
O_tau=2.4,12,4.649710e-02,7.603821e-02,"(0, (2, 3, 4, 4))",7.934,,,,
O_tau=2.4,12,4.722698e-02,7.593822e-02,"(0, (2, 3, 4, 4))",7.957,,,,
O_tau=2.4,12,4.796832e-02,7.583704e-02,"(0, (2, 3, 4, 4))",7.980,,,,
O_tau=2.4,12,4.872130e-02,7.573467e-02,"(0, (2, 3, 4, 4))",8.002,,,,
O_tau=2.4,12,4.948609e-02,7.563109e-02,"(0, (2, 3, 4, 4))",8.025,,,,
O_tau=2.4,12,5.026290e-02,7.552630e-02,"(0, (2, 3, 4, 4))",8.046,,,,
O_tau=2.4,12,5.105189e-02,7.542028e-02,"(0, (2, 3, 4, 4))",8.067,,,,
O_tau=2.4,12,5.185327e-02,7.531303e-02,"(0, (2, 3, 4, 4))",8.088,,,,
O_tau=2.4,12,5.266724e-02,7.520454e-02,"(0, (2, 3, 4, 4))",8.109,,,,
O_tau=2.4,12,5.349397e-02,7.509479e-02,"(0, (2, 3, 4, 4))",8.129,,,,
O_tau=2.4,12,5.433369e-02,7.498378e-02,"(0, (2, 3, 4, 4))",8.149,,,,
O_tau=2.4,12,5.518659e-02,7.487150e-02,"(0, (2, 3, 4, 4))",8.169,,,,
O_tau=2.4,12,5.605287e-02,7.475794e-02,"(0, (2, 3, 4, 4))",8.188,,,,
O_tau=2.4,12,5.693276e-02,7.464310e-02,"(0, (2, 3, 4, 4))",8.207,,,,
O_tau=2.4,12,5.782645e-02,7.452695e-02,"(0, (2, 3, 4, 4))",8.226,,,,
O_tau=2.4,12,5.873418e-02,7.440950e-02,"(0, (2, 3, 4, 4))",8.244,,,,
O_tau=2.4,12,5.965615e-02,7.429074e-02,"(0, (2, 3, 4, 4))",8.262,,,,
O_tau=2.4,12,6.059259e-02,7.417065e-02,"(0, (2, 3, 4, 4))",8.280,,,,
O_tau=2.4,12,6.154374e-02,7.404923e-02,"(0, (2, 3, 4, 4))",8.297,,,,
O_tau=2.4,12,6.250982e-02,7.392647e-02,"(0, (2, 3, 4, 4))",8.314,,,,
O_tau=2.4,12,6.349106e-02,7.380236e-02,"(0, (2, 3, 4, 4))",8.331,,,,
O_tau=2.4,12,6.448770e-02,7.367689e-02,"(0, (2, 3, 4, 4))",8.347,,,,
O_tau=2.4,12,6.549999e-02,7.355006e-02,"(0, (2, 3, 4, 4))",8.364,,,,
O_tau=2.4,12,6.652817e-02,7.342185e-02,"(0, (2, 3, 4, 4))",8.380,,,,
O_tau=2.4,12,6.757249e-02,7.329226e-02,"(0, (2, 3, 4, 4))",8.395,,,,
O_tau=2.4,12,6.863320e-02,7.316129e-02,"(0, (2, 3, 4, 4))",8.411,,,,
O_tau=2.4,12,6.971056e-02,7.302891e-02,"(0, (2, 3, 4, 4))",8.426,,,,
O_tau=2.4,12,7.080483e-02,7.289514e-02,"(0, (2, 3, 4, 4))",8.441,,,,
O_tau=2.4,12,7.191628e-02,7.275995e-02,"(0, (2, 3, 4, 4))",8.456,,,,
O_tau=2.4,12,7.304518e-02,7.262334e-02,"(0, (2, 3, 4, 4))",8.470,,,,
O_tau=2.4,12,7.419180e-02,7.248530e-02,"(0, (2, 3, 4, 4))",8.485,,,,
O_tau=2.4,12,7.535642e-02,7.234583e-02,"(0, (2, 3, 4, 4))",8.498,,,,
O_tau=2.4,12,7.653932e-02,7.220492e-02,"(0, (2, 3, 4, 4))",8.512,,,,
O_tau=2.4,12,7.774078e-02,7.206256e-02,"(0, (2, 3, 4, 4))",8.526,,,,
O_tau=2.4,12,7.896111e-02,7.191875e-02,"(0, (2, 3, 4, 4))",8.539,,,,
O_tau=2.4,12,8.020060e-02,7.177348e-02,"(0, (2, 3, 4, 4))",8.552,,,,
O_tau=2.4,12,8.145954e-02,7.162674e-02,"(0, (2, 3, 4, 4))",8.565,,,,
O_tau=2.4,12,8.273824e-02,7.147853e-02,"(0, (2, 3, 4, 4))",8.578,,,,
O_tau=2.4,12,8.403701e-02,7.132884e-02,"(0, (2, 3, 4, 4))",8.590,,,,
O_tau=2.4,12,8.535617e-02,7.117766e-02,"(0, (2, 3, 4, 4))",8.602,,,,
O_tau=2.4,12,8.669604e-02,7.102500e-02,"(0, (2, 3, 4, 4))",8.615,,,,
O_tau=2.4,12,8.805694e-02,7.087083e-02,"(0, (2, 3, 4, 4))",8.626,,,,
O_tau=2.4,12,8.943921e-02,7.071517e-02,"(0, (2, 3, 4, 4))",8.638,,,,
O_tau=2.4,12,9.084317e-02,7.055800e-02,"(0, (2, 3, 4, 4))",8.650,,,,
O_tau=2.4,12,9.226917e-02,7.039931e-02,"(0, (2, 3, 4, 4))",8.661,,,,
O_tau=2.4,12,9.371756e-02,7.023912e-02,"(0, (2, 3, 4, 4))",8.672,,,,
O_tau=2.4,12,9.518868e-02,7.007739e-02,"(0, (2, 3, 4, 4))",8.683,,,,
O_tau=2.4,12,9.668289e-02,6.991415e-02,"(0, (2, 3, 4, 4))",8.694,,,,
O_tau=2.4,12,9.820056e-02,6.974937e-02,"(0, (2, 3, 4, 4))",8.704,,,,
O_tau=2.4,12,9.974205e-02,6.958307e-02,"(0, (2, 3, 4, 4))",8.715,,,,
O_tau=2.4,12,1.013077e-01,6.941522e-02,"(0, (2, 3, 4, 4))",8.725,,,,
O_tau=2.4,12,1.028980e-01,6.924583e-02,"(0, (2, 3, 4, 4))",8.735,,,,
O_tau=2.4,12,1.045132e-01,6.907490e-02,"(0, (2, 3, 4, 4))",8.745,,,,
O_tau=2.4,12,1.061538e-01,6.890242e-02,"(0, (2, 3, 4, 4))",8.755,,,,
O_tau=2.4,12,1.078202e-01,6.872839e-02,"(0, (2, 3, 4, 4))",8.765,,,,
O_tau=2.4,12,1.095127e-01,6.855281e-02,"(0, (2, 3, 4, 4))",8.774,,,,
O_tau=2.4,12,1.112317e-01,6.837568e-02,"(0, (2, 3, 4, 4))",8.784,,,,
O_tau=2.4,12,1.129778e-01,6.819698e-02,"(0, (2, 3, 4, 4))",8.793,,,,
O_tau=2.4,12,1.147512e-01,6.801673e-02,"(0, (2, 3, 4, 4))",8.802,,,,
O_tau=2.4,12,1.165525e-01,6.783491e-02,"(0, (2, 3, 4, 4))",8.811,,,,
O_tau=2.4,12,1.183821e-01,6.765153e-02,"(0, (2, 3, 4, 4))",8.820,,,,
O_tau=2.4,12,1.202404e-01,6.746659e-02,"(0, (2, 3, 4, 4))",8.828,,,,
O_tau=2.4,12,1.221278e-01,6.728009e-02,"(0, (2, 3, 4, 4))",8.837,,,,
O_tau=2.4,12,1.240449e-01,6.709201e-02,"(0, (2, 3, 4, 4))",8.845,,,,
O_tau=2.4,12,1.259921e-01,6.690237e-02,"(0, (2, 3, 4, 4))",8.854,,,,
O_tau=2.4,12,1.279699e-01,6.671117e-02,"(0, (2, 3, 4, 4))",8.862,,,,
O_tau=2.4,12,1.299786e-01,6.651840e-02,"(0, (2, 3, 4, 4))",8.870,,,,
O_tau=2.4,12,1.320190e-01,6.632406e-02,"(0, (2, 3, 4, 4))",8.878,,,,
O_tau=2.4,12,1.340913e-01,6.612816e-02,"(0, (2, 3, 4, 4))",8.886,,,,
O_tau=2.4,12,1.361962e-01,6.593069e-02,"(0, (2, 3, 4, 4))",8.894,,,,
O_tau=2.4,12,1.383341e-01,6.573166e-02,"(0, (2, 3, 4, 4))",8.901,,,,
O_tau=2.4,12,1.405056e-01,6.553106e-02,"(0, (2, 3, 4, 4))",8.909,,,,
O_tau=2.4,12,1.427112e-01,6.532891e-02,"(0, (2, 3, 4, 4))",8.916,,,,
O_tau=2.4,12,1.449514e-01,6.512520e-02,"(0, (2, 3, 4, 4))",8.924,,,,
O_tau=2.4,12,1.472267e-01,6.491993e-02,"(0, (2, 3, 4, 4))",8.931,,,,
O_tau=2.4,12,1.495378e-01,6.471310e-02,"(0, (2, 3, 4, 4))",8.938,,,,
O_tau=2.4,12,1.518852e-01,6.450473e-02,"(0, (2, 3, 4, 4))",8.945,,,,
O_tau=2.4,12,1.542694e-01,6.429480e-02,"(0, (2, 3, 4, 4))",8.953,,,,
O_tau=2.4,12,1.566910e-01,6.408334e-02,"(0, (2, 3, 4, 4))",8.960,,,,
O_tau=2.4,12,1.591506e-01,6.387032e-02,"(0, (2, 3, 4, 4))",8.966,,,,
O_tau=2.4,12,1.616489e-01,6.365578e-02,"(0, (2, 3, 4, 4))",8.973,,,,
O_tau=2.4,12,1.641863e-01,6.343969e-02,"(0, (2, 3, 4, 4))",8.980,,,,
O_tau=2.4,12,1.667636e-01,6.322208e-02,"(0, (2, 3, 4, 4))",8.987,,,,
O_tau=2.4,12,1.693814e-01,6.300295e-02,"(0, (2, 3, 4, 4))",8.993,,,,
O_tau=2.4,12,1.720402e-01,6.278229e-02,"(0, (2, 3, 4, 4))",9.000,,,,
O_tau=2.4,12,1.747408e-01,6.256012e-02,"(0, (2, 3, 4, 4))",9.006,,,,
O_tau=2.4,12,1.774838e-01,6.233645e-02,"(0, (2, 3, 4, 4))",9.013,,,,
O_tau=2.4,12,1.802698e-01,6.211127e-02,"(0, (2, 3, 4, 4))",9.019,,,,
O_tau=2.4,12,1.830996e-01,6.188459e-02,"(0, (2, 3, 4, 4))",9.025,,,,
O_tau=2.4,12,1.859738e-01,6.165642e-02,"(0, (2, 3, 4, 4))",9.032,,,,
O_tau=2.4,12,1.888931e-01,6.142677e-02,"(0, (2, 3, 4, 4))",9.038,,,,
O_tau=2.4,12,1.918582e-01,6.119565e-02,"(0, (2, 3, 4, 4))",9.044,,,,
O_tau=2.4,12,1.948699e-01,6.096305e-02,"(0, (2, 3, 4, 4))",9.156,,,,
O_tau=2.4,12,1.979288e-01,6.072900e-02,"(0, (2, 3, 4, 4))",9.162,,,,
O_tau=2.4,12,2.010358e-01,6.049349e-02,"(0, (2, 3, 4, 4))",9.168,,,,
O_tau=2.4,12,2.041915e-01,6.025653e-02,"(0, (2, 3, 4, 4))",9.173,,,,
O_tau=2.4,12,2.073968e-01,6.001814e-02,"(0, (2, 3, 4, 4))",9.179,,,,
O_tau=2.4,12,2.106524e-01,5.977832e-02,"(0, (2, 3, 4, 4))",9.185,,,,
O_tau=2.4,12,2.139591e-01,5.953708e-02,"(0, (2, 3, 4, 4))",9.191,,,,
O_tau=2.4,12,2.173177e-01,5.929443e-02,"(0, (2, 3, 4, 4))",9.198,,,,
O_tau=2.4,12,2.207290e-01,5.905038e-02,"(0, (2, 3, 4, 4))",9.204,,,,
O_tau=2.4,12,2.241939e-01,5.880494e-02,"(0, (2, 3, 4, 4))",9.210,,,,
O_tau=2.4,12,2.277131e-01,5.855812e-02,"(0, (2, 3, 4, 4))",9.217,,,,
O_tau=2.4,12,2.312876e-01,5.830993e-02,"(0, (2, 3, 4, 4))",9.223,,,,
O_tau=2.4,12,2.349183e-01,5.806038e-02,"(0, (2, 3, 4, 4))",9.230,,,,
O_tau=2.4,12,2.386059e-01,5.780948e-02,"(0, (2, 3, 4, 4))",9.237,,,,
O_tau=2.4,12,2.423513e-01,5.755725e-02,"(0, (2, 3, 4, 4))",9.244,,,,
O_tau=2.4,12,2.461556e-01,5.730369e-02,"(0, (2, 3, 4, 4))",9.251,,,,
O_tau=2.4,12,2.500196e-01,5.704882e-02,"(0, (2, 3, 4, 4))",9.258,,,,
O_tau=2.4,12,2.539443e-01,5.679264e-02,"(0, (2, 3, 4, 4))",9.265,,,,
O_tau=2.4,12,2.579305e-01,5.653518e-02,"(0, (2, 3, 4, 4))",9.273,,,,
O_tau=2.4,12,2.619794e-01,5.627644e-02,"(0, (2, 3, 4, 4))",9.280,,,,
O_tau=2.4,12,2.660918e-01,5.601643e-02,"(0, (2, 3, 4, 4))",9.288,,,,
O_tau=2.4,12,2.702687e-01,5.575517e-02,"(0, (2, 3, 4, 4))",9.295,,,,
O_tau=2.4,12,2.745112e-01,5.549268e-02,"(0, (2, 3, 4, 4))",9.303,,,,
O_tau=2.4,12,2.788203e-01,5.522896e-02,"(0, (2, 3, 4, 4))",9.311,,,,
O_tau=2.4,12,2.831971e-01,5.496404e-02,"(0, (2, 3, 4, 4))",9.319,,,,
O_tau=2.4,12,2.876426e-01,5.469791e-02,"(0, (2, 3, 4, 4))",9.327,,,,
O_tau=2.4,12,2.921578e-01,5.443061e-02,"(0, (2, 3, 4, 4))",9.336,,,,
O_tau=2.4,12,2.967439e-01,5.416213e-02,"(0, (2, 3, 4, 4))",9.344,,,,
O_tau=2.4,12,3.014020e-01,5.389251e-02,"(0, (2, 3, 4, 4))",9.353,,,,
O_tau=2.4,12,3.061332e-01,5.362174e-02,"(0, (2, 3, 4, 4))",9.362,,,,
O_tau=2.4,12,3.109387e-01,5.334986e-02,"(0, (2, 3, 4, 4))",9.370,,,,
O_tau=2.4,12,3.158196e-01,5.307686e-02,"(0, (2, 3, 4, 4))",9.379,,,,
O_tau=2.4,12,3.207772e-01,5.280278e-02,"(0, (2, 3, 4, 4))",9.389,,,,
O_tau=2.4,12,3.258126e-01,5.252762e-02,"(0, (2, 3, 4, 4))",9.398,,,,
O_tau=2.4,12,3.309270e-01,5.225140e-02,"(0, (2, 3, 4, 4))",9.407,,,,
O_tau=2.4,12,3.361217e-01,5.197414e-02,"(0, (2, 3, 4, 4))",9.417,,,,
O_tau=2.4,12,3.413979e-01,5.169584e-02,"(0, (2, 3, 4, 4))",9.427,,,,
O_tau=2.4,12,3.467569e-01,5.141654e-02,"(0, (2, 3, 4, 4))",9.437,,,,
O_tau=2.4,12,3.522001e-01,5.113625e-02,"(0, (2, 3, 4, 4))",9.447,,,,
O_tau=2.4,12,3.577287e-01,5.085498e-02,"(0, (2, 3, 4, 4))",9.457,,,,
O_tau=2.4,12,3.633441e-01,5.057275e-02,"(0, (2, 3, 4, 4))",9.467,,,,
O_tau=2.4,12,3.690477e-01,5.028958e-02,"(0, (2, 3, 4, 4))",9.478,,,,
O_tau=2.4,12,3.748408e-01,5.000548e-02,"(0, (2, 3, 4, 4))",9.488,,,,
O_tau=2.4,12,3.807248e-01,4.972048e-02,"(0, (2, 3, 4, 4))",9.499,,,,
O_tau=2.4,12,3.867012e-01,4.943459e-02,"(0, (2, 3, 4, 4))",9.510,,,,
O_tau=2.4,12,3.927714e-01,4.914783e-02,"(0, (2, 3, 4, 4))",9.522,,,,
O_tau=2.4,12,3.989369e-01,4.886021e-02,"(0, (2, 3, 4, 4))",9.533,,,,
O_tau=2.4,12,4.051991e-01,4.857176e-02,"(0, (2, 3, 4, 4))",9.544,,,,
O_tau=2.4,12,4.115597e-01,4.828250e-02,"(0, (2, 3, 4, 4))",9.556,,,,
O_tau=2.4,12,4.180201e-01,4.799244e-02,"(0, (2, 3, 4, 4))",9.568,,,,
O_tau=2.4,12,4.245820e-01,4.770160e-02,"(0, (2, 3, 4, 4))",9.580,,,,
O_tau=2.4,12,4.312468e-01,4.741000e-02,"(0, (2, 3, 4, 4))",9.593,,,,
O_tau=2.4,12,4.380162e-01,4.711766e-02,"(0, (2, 3, 4, 4))",9.605,,,,
O_tau=2.4,12,4.448919e-01,4.682460e-02,"(0, (2, 3, 4, 4))",9.618,,,,
O_tau=2.4,12,4.518756e-01,4.653084e-02,"(0, (2, 3, 4, 4))",9.631,,,,
O_tau=2.4,12,4.589688e-01,4.623640e-02,"(0, (2, 3, 4, 4))",9.644,,,,
O_tau=2.4,12,4.661735e-01,4.594129e-02,"(0, (2, 3, 4, 4))",9.657,,,,
O_tau=2.4,12,4.734912e-01,4.564554e-02,"(0, (2, 3, 4, 4))",9.671,,,,
O_tau=2.4,12,4.809237e-01,4.534917e-02,"(0, (2, 3, 4, 4))",9.684,,,,
O_tau=2.4,12,4.884730e-01,4.505220e-02,"(0, (2, 3, 4, 4))",9.698,,,,
O_tau=2.4,12,4.961407e-01,4.475464e-02,"(0, (2, 3, 4, 4))",9.712,,,,
O_tau=2.4,12,5.039289e-01,4.445652e-02,"(0, (2, 3, 4, 4))",9.727,,,,
O_tau=2.4,12,5.118392e-01,4.415785e-02,"(0, (2, 3, 4, 4))",9.741,,,,
O_tau=2.4,12,5.198738e-01,4.385866e-02,"(0, (2, 3, 4, 4))",9.756,,,,
O_tau=2.4,12,5.280344e-01,4.355897e-02,"(0, (2, 3, 4, 4))",9.771,,,,
O_tau=2.4,12,5.363232e-01,4.325880e-02,"(0, (2, 3, 4, 4))",9.786,,,,
O_tau=2.4,12,5.447421e-01,4.295816e-02,"(0, (2, 3, 4, 4))",9.802,,,,
O_tau=2.4,12,5.532931e-01,4.265708e-02,"(0, (2, 3, 4, 4))",9.818,,,,
O_tau=2.4,12,5.619783e-01,4.235559e-02,"(0, (2, 3, 4, 4))",9.834,,,,
O_tau=2.4,12,5.707999e-01,4.205369e-02,"(0, (2, 3, 4, 4))",9.850,,,,
O_tau=2.4,12,5.797600e-01,4.175141e-02,"(0, (2, 3, 4, 4))",9.867,,,,
O_tau=2.4,12,5.888607e-01,4.144877e-02,"(0, (2, 3, 4, 4))",9.883,,,,
O_tau=2.4,12,5.981043e-01,4.114580e-02,"(0, (2, 3, 4, 4))",9.901,,,,
O_tau=2.4,12,6.074930e-01,4.084251e-02,"(0, (2, 3, 4, 4))",9.918,,,,
O_tau=2.4,12,6.170290e-01,4.053892e-02,"(0, (2, 3, 4, 4))",9.935,,,,
O_tau=2.4,12,6.267148e-01,4.023506e-02,"(0, (2, 3, 4, 4))",9.953,,,,
O_tau=2.4,12,6.365525e-01,3.993094e-02,"(0, (2, 3, 4, 4))",9.971,,,,
O_tau=2.4,12,6.465448e-01,3.962659e-02,"(0, (2, 3, 4, 4))",9.990,,,,
O_tau=2.4,12,6.566938e-01,3.932203e-02,"(0, (2, 3, 4, 4))",10.009,,,,
O_tau=2.4,12,6.670022e-01,3.901728e-02,"(0, (2, 3, 4, 4))",10.028,,,,
O_tau=2.4,12,6.774724e-01,3.871235e-02,"(0, (2, 3, 4, 4))",10.047,,,,
O_tau=2.4,12,6.881069e-01,3.840728e-02,"(0, (2, 3, 4, 4))",10.067,,,,
O_tau=2.4,12,6.989084e-01,3.810208e-02,"(0, (2, 3, 4, 4))",10.087,,,,
O_tau=2.4,12,7.098795e-01,3.779677e-02,"(0, (2, 3, 4, 4))",10.107,,,,
O_tau=2.4,12,7.210227e-01,3.749138e-02,"(0, (2, 3, 4, 4))",10.127,,,,
O_tau=2.4,12,7.323409e-01,3.718592e-02,"(0, (2, 3, 4, 4))",10.148,,,,
O_tau=2.4,12,7.438367e-01,3.688042e-02,"(0, (2, 3, 4, 4))",10.169,,,,
O_tau=2.4,12,7.555130e-01,3.657490e-02,"(0, (2, 3, 4, 4))",10.191,,,,
O_tau=2.4,12,7.673726e-01,3.626938e-02,"(0, (2, 3, 4, 4))",10.213,,,,
O_tau=2.4,12,7.794184e-01,3.596388e-02,"(0, (2, 3, 4, 4))",10.235,,,,
O_tau=2.4,12,7.916532e-01,3.565842e-02,"(0, (2, 3, 4, 4))",10.258,,,,
O_tau=2.4,12,8.040801e-01,3.535302e-02,"(0, (2, 3, 4, 4))",10.281,,,,
O_tau=2.4,12,8.167020e-01,3.504770e-02,"(0, (2, 3, 4, 4))",10.304,,,,
O_tau=2.4,12,8.295221e-01,3.474250e-02,"(0, (2, 3, 4, 4))",10.328,,,,
O_tau=2.4,12,8.425434e-01,3.443741e-02,"(0, (2, 3, 4, 4))",10.352,,,,
O_tau=2.4,12,8.557692e-01,3.413248e-02,"(0, (2, 3, 4, 4))",10.376,,,,
O_tau=2.4,12,8.692025e-01,3.382772e-02,"(0, (2, 3, 4, 4))",10.401,,,,
O_tau=2.4,12,8.828467e-01,3.352314e-02,"(0, (2, 3, 4, 4))",10.426,,,,
O_tau=2.4,12,8.967051e-01,3.321878e-02,"(0, (2, 3, 4, 4))",10.452,,,,
O_tau=2.4,12,9.107810e-01,3.291465e-02,"(0, (2, 3, 4, 4))",10.478,,,,
O_tau=2.4,12,9.250779e-01,3.261077e-02,"(0, (2, 3, 4, 4))",10.504,,,,
O_tau=2.4,12,9.395992e-01,3.230717e-02,"(0, (2, 3, 4, 4))",10.531,,,,
O_tau=2.4,12,9.543485e-01,3.200387e-02,"(0, (2, 3, 4, 4))",10.558,,,,
O_tau=2.4,12,9.693293e-01,3.170088e-02,"(0, (2, 3, 4, 4))",10.586,,,,
O_tau=2.4,12,9.845452e-01,3.139823e-02,"(0, (2, 3, 4, 4))",10.614,,,,
O_tau=2.4,12,1.000000e+00,3.109594e-02,"(0, (2, 3, 4, 4))",10.642,,,,
O_tau=2.8,3,1.000000e-05,1.666647e-01,"(0, (2, 2, 2, 2, 3))",-5216.965,,,,
O_tau=2.8,3,1.017818e-05,1.666647e-01,"(0, (2, 2, 2, 2, 3))",-5125.426,,,,
O_tau=2.8,3,1.035953e-05,1.666647e-01,"(0, (2, 2, 2, 2, 3))",-5035.490,,,,
O_tau=2.8,3,1.054412e-05,1.666646e-01,"(0, (2, 2, 2, 2, 3))",-4947.128,,,,
O_tau=2.8,3,1.073199e-05,1.666646e-01,"(0, (2, 2, 2, 2, 3))",-4860.313,,,,
O_tau=2.8,3,1.092322e-05,1.666645e-01,"(0, (2, 2, 2, 2, 3))",-4775.018,,,,
O_tau=2.8,3,1.111784e-05,1.666645e-01,"(0, (2, 2, 2, 2, 3))",-4691.217,,,,
O_tau=2.8,3,1.131594e-05,1.666645e-01,"(0, (2, 2, 2, 2, 3))",-4608.882,,,,
O_tau=2.8,3,1.151757e-05,1.666644e-01,"(0, (2, 2, 2, 2, 3))",-4527.989,,,,
O_tau=2.8,3,1.172279e-05,1.666644e-01,"(0, (2, 2, 2, 2, 3))",-4448.512,,,,
O_tau=2.8,3,1.193166e-05,1.666643e-01,"(0, (2, 2, 2, 2, 3))",-4370.427,,,,
O_tau=2.8,3,1.214426e-05,1.666643e-01,"(0, (2, 2, 2, 2, 3))",-4293.708,,,,
O_tau=2.8,3,1.236065e-05,1.666643e-01,"(0, (2, 2, 2, 2, 3))",-4218.333,,,,
O_tau=2.8,3,1.258089e-05,1.666642e-01,"(0, (2, 2, 2, 2, 3))",-4144.277,,,,
O_tau=2.8,3,1.280505e-05,1.666642e-01,"(0, (2, 2, 2, 2, 3))",-4071.517,,,,
O_tau=2.8,3,1.303321e-05,1.666641e-01,"(0, (2, 2, 2, 2, 3))",-4000.032,,,,
O_tau=2.8,3,1.326544e-05,1.666641e-01,"(0, (2, 2, 2, 2, 3))",-3929.798,,,,
O_tau=2.8,3,1.350180e-05,1.666640e-01,"(0, (2, 2, 2, 2, 3))",-3860.793,,,,
O_tau=2.8,3,1.374238e-05,1.666640e-01,"(0, (2, 2, 2, 2, 3))",-3792.997,,,,
O_tau=2.8,3,1.398724e-05,1.666639e-01,"(0, (2, 2, 2, 2, 3))",-3726.387,,,,
O_tau=2.8,3,1.423646e-05,1.666639e-01,"(0, (2, 2, 2, 2, 3))",-3660.944,,,,
O_tau=2.8,3,1.449012e-05,1.666638e-01,"(0, (2, 2, 2, 2, 3))",-3596.646,,,,
O_tau=2.8,3,1.474831e-05,1.666638e-01,"(0, (2, 2, 2, 2, 3))",-3533.474,,,,
O_tau=2.8,3,1.501109e-05,1.666637e-01,"(0, (2, 2, 2, 2, 3))",-3471.408,,,,
O_tau=2.8,3,1.527856e-05,1.666637e-01,"(0, (2, 2, 2, 2, 3))",-3410.429,,,,
O_tau=2.8,3,1.555079e-05,1.666636e-01,"(0, (2, 2, 2, 2, 3))",-3350.517,,,,
O_tau=2.8,3,1.582787e-05,1.666636e-01,"(0, (2, 2, 2, 2, 3))",-3291.654,,,,
O_tau=2.8,3,1.610989e-05,1.666635e-01,"(0, (2, 2, 2, 2, 3))",-3233.821,,,,
O_tau=2.8,3,1.639694e-05,1.666635e-01,"(0, (2, 2, 2, 2, 3))",-3177.001,,,,
O_tau=2.8,3,1.668910e-05,1.666634e-01,"(0, (2, 2, 2, 2, 3))",-3121.176,,,,
O_tau=2.8,3,1.698646e-05,1.666634e-01,"(0, (2, 2, 2, 2, 3))",-3066.328,,,,
O_tau=2.8,3,1.728913e-05,1.666633e-01,"(0, (2, 2, 2, 2, 3))",-3012.441,,,,
O_tau=2.8,3,1.759718e-05,1.666632e-01,"(0, (2, 2, 2, 2, 3))",-2959.497,,,,
O_tau=2.8,3,1.791073e-05,1.666632e-01,"(0, (2, 2, 2, 2, 3))",-2907.479,,,,
O_tau=2.8,3,1.822986e-05,1.666631e-01,"(0, (2, 2, 2, 2, 3))",-2856.373,,,,
O_tau=2.8,3,1.855468e-05,1.666631e-01,"(0, (2, 2, 2, 2, 3))",-2806.161,,,,
O_tau=2.8,3,1.888529e-05,1.666630e-01,"(0, (2, 2, 2, 2, 3))",-2756.828,,,,
O_tau=2.8,3,1.922178e-05,1.666629e-01,"(0, (2, 2, 2, 2, 3))",-2708.359,,,,
O_tau=2.8,3,1.956428e-05,1.666629e-01,"(0, (2, 2, 2, 2, 3))",-2660.738,,,,
O_tau=2.8,3,1.991287e-05,1.666628e-01,"(0, (2, 2, 2, 2, 3))",-2613.951,,,,
O_tau=2.8,3,2.026768e-05,1.666627e-01,"(0, (2, 2, 2, 2, 3))",-2567.984,,,,
O_tau=2.8,3,2.062881e-05,1.666627e-01,"(0, (2, 2, 2, 2, 3))",-2522.821,,,,
O_tau=2.8,3,2.099637e-05,1.666626e-01,"(0, (2, 2, 2, 2, 3))",-2478.449,,,,
O_tau=2.8,3,2.137048e-05,1.666625e-01,"(0, (2, 2, 2, 2, 3))",-2434.853,,,,
O_tau=2.8,3,2.175126e-05,1.666624e-01,"(0, (2, 2, 2, 2, 3))",-2392.021,,,,
O_tau=2.8,3,2.213882e-05,1.666624e-01,"(0, (2, 2, 2, 2, 3))",-2349.939,,,,
O_tau=2.8,3,2.253329e-05,1.666623e-01,"(0, (2, 2, 2, 2, 3))",-2308.593,,,,
O_tau=2.8,3,2.293479e-05,1.666622e-01,"(0, (2, 2, 2, 2, 3))",-2267.972,,,,
O_tau=2.8,3,2.334344e-05,1.666621e-01,"(0, (2, 2, 2, 2, 3))",-2228.061,,,,
O_tau=2.8,3,2.375937e-05,1.666620e-01,"(0, (2, 2, 2, 2, 3))",-2188.849,,,,
O_tau=2.8,3,2.418271e-05,1.666620e-01,"(0, (2, 2, 2, 2, 3))",-2150.324,,,,
O_tau=2.8,3,2.461360e-05,1.666619e-01,"(0, (2, 2, 2, 2, 3))",-2112.473,,,,
O_tau=2.8,3,2.505216e-05,1.666618e-01,"(0, (2, 2, 2, 2, 3))",-2075.285,,,,
O_tau=2.8,3,2.549854e-05,1.666617e-01,"(0, (2, 2, 2, 2, 3))",-2038.748,,,,
O_tau=2.8,3,2.595287e-05,1.666616e-01,"(0, (2, 2, 2, 2, 3))",-2002.851,,,,
O_tau=2.8,3,2.641530e-05,1.666615e-01,"(0, (2, 2, 2, 2, 3))",-1967.582,,,,
O_tau=2.8,3,2.688596e-05,1.666614e-01,"(0, (2, 2, 2, 2, 3))",-1932.931,,,,
O_tau=2.8,3,2.736502e-05,1.666613e-01,"(0, (2, 2, 2, 2, 3))",-1898.887,,,,
O_tau=2.8,3,2.785260e-05,1.666613e-01,"(0, (2, 2, 2, 2, 3))",-1865.438,,,,
O_tau=2.8,3,2.834888e-05,1.666612e-01,"(0, (2, 2, 2, 2, 3))",-1832.575,,,,
O_tau=2.8,3,2.885400e-05,1.666611e-01,"(0, (2, 2, 2, 2, 3))",-1800.287,,,,
O_tau=2.8,3,2.936812e-05,1.666610e-01,"(0, (2, 2, 2, 2, 3))",-1768.565,,,,
O_tau=2.8,3,2.989140e-05,1.666609e-01,"(0, (2, 2, 2, 2, 3))",-1737.398,,,,
O_tau=2.8,3,3.042400e-05,1.666608e-01,"(0, (2, 2, 2, 2, 3))",-1706.777,,,,
O_tau=2.8,3,3.096609e-05,1.666606e-01,"(0, (2, 2, 2, 2, 3))",-1676.692,,,,
O_tau=2.8,3,3.151784e-05,1.666605e-01,"(0, (2, 2, 2, 2, 3))",-1647.134,,,,
O_tau=2.8,3,3.207943e-05,1.666604e-01,"(0, (2, 2, 2, 2, 3))",-1618.093,,,,
O_tau=2.8,3,3.265102e-05,1.666603e-01,"(0, (2, 2, 2, 2, 3))",-1589.560,,,,
O_tau=2.8,3,3.323279e-05,1.666602e-01,"(0, (2, 2, 2, 2, 3))",-1561.527,,,,
O_tau=2.8,3,3.382493e-05,1.666601e-01,"(0, (2, 2, 2, 2, 3))",-1533.985,,,,
O_tau=2.8,3,3.442762e-05,1.666600e-01,"(0, (2, 2, 2, 2, 3))",-1506.926,,,,
O_tau=2.8,3,3.504105e-05,1.666599e-01,"(0, (2, 2, 2, 2, 3))",-1480.340,,,,
O_tau=2.8,3,3.566541e-05,1.666597e-01,"(0, (2, 2, 2, 2, 3))",-1454.219,,,,
O_tau=2.8,3,3.630089e-05,1.666596e-01,"(0, (2, 2, 2, 2, 3))",-1428.556,,,,
O_tau=2.8,3,3.694770e-05,1.666595e-01,"(0, (2, 2, 2, 2, 3))",-1403.342,,,,
O_tau=2.8,3,3.760603e-05,1.666594e-01,"(0, (2, 2, 2, 2, 3))",-1378.570,,,,
O_tau=2.8,3,3.827609e-05,1.666592e-01,"(0, (2, 2, 2, 2, 3))",-1354.231,,,,
O_tau=2.8,3,3.895809e-05,1.666591e-01,"(0, (2, 2, 2, 2, 3))",-1330.318,,,,
O_tau=2.8,3,3.965225e-05,1.666590e-01,"(0, (2, 2, 2, 2, 3))",-1306.824,,,,
O_tau=2.8,3,4.035877e-05,1.666588e-01,"(0, (2, 2, 2, 2, 3))",-1283.742,,,,
O_tau=2.8,3,4.107788e-05,1.666587e-01,"(0, (2, 2, 2, 2, 3))",-1261.064,,,,
O_tau=2.8,3,4.180980e-05,1.666585e-01,"(0, (2, 2, 2, 2, 3))",-1238.782,,,,
O_tau=2.8,3,4.255477e-05,1.666584e-01,"(0, (2, 2, 2, 2, 3))",-1216.891,,,,
O_tau=2.8,3,4.331300e-05,1.666582e-01,"(0, (2, 2, 2, 2, 3))",-1195.383,,,,
O_tau=2.8,3,4.408475e-05,1.666581e-01,"(0, (2, 2, 2, 2, 3))",-1174.252,,,,
O_tau=2.8,3,4.487025e-05,1.666579e-01,"(0, (2, 2, 2, 2, 3))",-1153.491,,,,
O_tau=2.8,3,4.566975e-05,1.666578e-01,"(0, (2, 2, 2, 2, 3))",-1133.093,,,,
O_tau=2.8,3,4.648349e-05,1.666576e-01,"(0, (2, 2, 2, 2, 3))",-1113.052,,,,
O_tau=2.8,3,4.731173e-05,1.666575e-01,"(0, (2, 2, 2, 2, 3))",-1093.363,,,,
O_tau=2.8,3,4.815472e-05,1.666573e-01,"(0, (2, 2, 2, 2, 3))",-1074.018,,,,
O_tau=2.8,3,4.901274e-05,1.666571e-01,"(0, (2, 2, 2, 2, 3))",-1055.011,,,,
O_tau=2.8,3,4.988605e-05,1.666570e-01,"(0, (2, 2, 2, 2, 3))",-1036.338,,,,
O_tau=2.8,3,5.077491e-05,1.666568e-01,"(0, (2, 2, 2, 2, 3))",-1017.991,,,,
O_tau=2.8,3,5.167962e-05,1.666566e-01,"(0, (2, 2, 2, 2, 3))",-999.966,,,,
O_tau=2.8,3,5.260044e-05,1.666564e-01,"(0, (2, 2, 2, 2, 3))",-982.256,,,,
O_tau=2.8,3,5.353767e-05,1.666563e-01,"(0, (2, 2, 2, 2, 3))",-964.857,,,,
O_tau=2.8,3,5.449160e-05,1.666561e-01,"(0, (2, 2, 2, 2, 3))",-947.762,,,,
O_tau=2.8,3,5.546253e-05,1.666559e-01,"(0, (2, 2, 2, 2, 3))",-930.966,,,,
O_tau=2.8,3,5.645076e-05,1.666557e-01,"(0, (2, 2, 2, 2, 3))",-914.465,,,,
O_tau=2.8,3,5.745660e-05,1.666555e-01,"(0, (2, 2, 2, 2, 3))",-898.252,,,,
O_tau=2.8,3,5.848035e-05,1.666553e-01,"(0, (2, 2, 2, 2, 3))",-882.324,,,,
O_tau=2.8,3,5.952235e-05,1.666551e-01,"(0, (2, 2, 2, 2, 3))",-866.674,,,,
O_tau=2.8,3,6.058292e-05,1.666549e-01,"(0, (2, 2, 2, 2, 3))",-851.298,,,,
O_tau=2.8,3,6.166238e-05,1.666547e-01,"(0, (2, 2, 2, 2, 3))",-836.192,,,,
O_tau=2.8,3,6.276108e-05,1.666545e-01,"(0, (2, 2, 2, 2, 3))",-821.350,,,,
O_tau=2.8,3,6.387935e-05,1.666542e-01,"(0, (2, 2, 2, 2, 3))",-806.768,,,,
O_tau=2.8,3,6.501755e-05,1.666540e-01,"(0, (2, 2, 2, 2, 3))",-792.441,,,,
O_tau=2.8,3,6.617603e-05,1.666538e-01,"(0, (2, 2, 2, 2, 3))",-778.365,,,,
O_tau=2.8,3,6.735515e-05,1.666536e-01,"(0, (2, 2, 2, 2, 3))",-764.536,,,,
O_tau=2.8,3,6.855528e-05,1.666533e-01,"(0, (2, 2, 2, 2, 3))",-750.949,,,,
O_tau=2.8,3,6.977679e-05,1.666531e-01,"(0, (2, 2, 2, 2, 3))",-737.600,,,,
O_tau=2.8,3,7.102007e-05,1.666529e-01,"(0, (2, 2, 2, 2, 3))",-724.484,,,,
O_tau=2.8,3,7.228550e-05,1.666526e-01,"(0, (2, 2, 2, 2, 3))",-711.598,,,,
O_tau=2.8,3,7.357348e-05,1.666524e-01,"(0, (2, 2, 2, 2, 3))",-698.938,,,,
O_tau=2.8,3,7.488441e-05,1.666521e-01,"(0, (2, 2, 2, 2, 3))",-686.500,,,,
O_tau=2.8,3,7.621869e-05,1.666518e-01,"(0, (2, 2, 2, 2, 3))",-674.279,,,,
O_tau=2.8,3,7.757675e-05,1.666516e-01,"(0, (2, 2, 2, 2, 3))",-662.272,,,,
O_tau=2.8,3,7.895901e-05,1.666513e-01,"(0, (2, 2, 2, 2, 3))",-650.476,,,,
O_tau=2.8,3,8.036590e-05,1.666510e-01,"(0, (2, 2, 2, 2, 3))",-638.886,,,,
O_tau=2.8,3,8.179785e-05,1.666508e-01,"(0, (2, 2, 2, 2, 3))",-627.499,,,,
O_tau=2.8,3,8.325532e-05,1.666505e-01,"(0, (2, 2, 2, 2, 3))",-616.312,,,,
O_tau=2.8,3,8.473876e-05,1.666502e-01,"(0, (2, 2, 2, 2, 3))",-605.320,,,,
O_tau=2.8,3,8.624863e-05,1.666499e-01,"(0, (2, 2, 2, 2, 3))",-594.521,,,,
O_tau=2.8,3,8.778540e-05,1.666496e-01,"(0, (2, 2, 2, 2, 3))",-583.911,,,,
O_tau=2.8,3,8.934956e-05,1.666493e-01,"(0, (2, 2, 2, 2, 3))",-573.487,,,,
O_tau=2.8,3,9.094158e-05,1.666490e-01,"(0, (2, 2, 2, 2, 3))",-563.245,,,,
O_tau=2.8,3,9.256197e-05,1.666487e-01,"(0, (2, 2, 2, 2, 3))",-553.183,,,,
O_tau=2.8,3,9.421124e-05,1.666484e-01,"(0, (2, 2, 2, 2, 3))",-543.297,,,,
O_tau=2.8,3,9.588989e-05,1.666480e-01,"(0, (2, 2, 2, 2, 3))",-533.584,,,,
O_tau=2.8,3,9.759844e-05,1.666477e-01,"(0, (2, 2, 2, 2, 3))",-524.041,,,,
O_tau=2.8,3,9.933745e-05,1.666474e-01,"(0, (2, 2, 2, 2, 3))",-514.666,,,,
O_tau=2.8,3,1.011074e-04,1.666470e-01,"(0, (2, 2, 2, 2, 3))",-505.454,,,,
O_tau=2.8,3,1.029090e-04,1.666467e-01,"(0, (2, 2, 2, 2, 3))",-496.404,,,,
O_tau=2.8,3,1.047426e-04,1.666463e-01,"(0, (2, 2, 2, 2, 3))",-487.512,,,,
O_tau=2.8,3,1.066089e-04,1.666459e-01,"(0, (2, 2, 2, 2, 3))",-478.776,,,,
O_tau=2.8,3,1.085084e-04,1.666456e-01,"(0, (2, 2, 2, 2, 3))",-470.193,,,,
O_tau=2.8,3,1.104418e-04,1.666452e-01,"(0, (2, 2, 2, 2, 3))",-461.761,,,,
O_tau=2.8,3,1.124097e-04,1.666448e-01,"(0, (2, 2, 2, 2, 3))",-453.476,,,,
O_tau=2.8,3,1.144126e-04,1.666444e-01,"(0, (2, 2, 2, 2, 3))",-445.336,,,,
O_tau=2.8,3,1.164512e-04,1.666440e-01,"(0, (2, 2, 2, 2, 3))",-437.339,,,,
O_tau=2.8,3,1.185261e-04,1.666436e-01,"(0, (2, 2, 2, 2, 3))",-429.482,,,,
O_tau=2.8,3,1.206380e-04,1.666432e-01,"(0, (2, 2, 2, 2, 3))",-421.762,,,,
O_tau=2.8,3,1.227875e-04,1.666428e-01,"(0, (2, 2, 2, 2, 3))",-414.178,,,,
O_tau=2.8,3,1.249753e-04,1.666424e-01,"(0, (2, 2, 2, 2, 3))",-406.726,,,,
O_tau=2.8,3,1.272021e-04,1.666419e-01,"(0, (2, 2, 2, 2, 3))",-399.405,,,,
O_tau=2.8,3,1.294686e-04,1.666415e-01,"(0, (2, 2, 2, 2, 3))",-392.212,,,,
O_tau=2.8,3,1.317755e-04,1.666410e-01,"(0, (2, 2, 2, 2, 3))",-385.145,,,,
O_tau=2.8,3,1.341234e-04,1.666406e-01,"(0, (2, 2, 2, 2, 3))",-378.202,,,,
O_tau=2.8,3,1.365132e-04,1.666401e-01,"(0, (2, 2, 2, 2, 3))",-371.381,,,,
O_tau=2.8,3,1.389456e-04,1.666397e-01,"(0, (2, 2, 2, 2, 3))",-364.679,,,,
O_tau=2.8,3,1.414214e-04,1.666392e-01,"(0, (2, 2, 2, 2, 3))",-358.095,,,,
O_tau=2.8,3,1.439412e-04,1.666387e-01,"(0, (2, 2, 2, 2, 3))",-351.625,,,,
O_tau=2.8,3,1.465059e-04,1.666382e-01,"(0, (2, 2, 2, 2, 3))",-345.269,,,,
O_tau=2.8,3,1.491164e-04,1.666377e-01,"(0, (2, 2, 2, 2, 3))",-339.025,,,,
O_tau=2.8,3,1.517733e-04,1.666372e-01,"(0, (2, 2, 2, 2, 3))",-332.890,,,,
O_tau=2.8,3,1.544776e-04,1.666366e-01,"(0, (2, 2, 2, 2, 3))",-326.862,,,,
O_tau=2.8,3,1.572301e-04,1.666361e-01,"(0, (2, 2, 2, 2, 3))",-320.940,,,,
O_tau=2.8,3,1.600316e-04,1.666356e-01,"(0, (2, 2, 2, 2, 3))",-315.122,,,,
O_tau=2.8,3,1.628830e-04,1.666350e-01,"(0, (2, 2, 2, 2, 3))",-309.405,,,,
O_tau=2.8,3,1.657853e-04,1.666344e-01,"(0, (2, 2, 2, 2, 3))",-303.789,,,,
O_tau=2.8,3,1.687392e-04,1.666339e-01,"(0, (2, 2, 2, 2, 3))",-298.271,,,,
O_tau=2.8,3,1.717458e-04,1.666333e-01,"(0, (2, 2, 2, 2, 3))",-292.850,,,,
O_tau=2.8,3,1.748059e-04,1.666327e-01,"(0, (2, 2, 2, 2, 3))",-287.523,,,,
O_tau=2.8,3,1.779206e-04,1.666321e-01,"(0, (2, 2, 2, 2, 3))",-282.290,,,,
O_tau=2.8,3,1.810908e-04,1.666315e-01,"(0, (2, 2, 2, 2, 3))",-277.149,,,,
O_tau=2.8,3,1.843175e-04,1.666308e-01,"(0, (2, 2, 2, 2, 3))",-272.098,,,,
O_tau=2.8,3,1.876016e-04,1.666302e-01,"(0, (2, 2, 2, 2, 3))",-267.135,,,,
O_tau=2.8,3,1.909443e-04,1.666296e-01,"(0, (2, 2, 2, 2, 3))",-262.259,,,,
O_tau=2.8,3,1.943465e-04,1.666289e-01,"(0, (2, 2, 2, 2, 3))",-257.469,,,,
O_tau=2.8,3,1.978094e-04,1.666282e-01,"(0, (2, 2, 2, 2, 3))",-252.762,,,,
O_tau=2.8,3,2.013339e-04,1.666275e-01,"(0, (2, 2, 2, 2, 3))",-248.138,,,,
O_tau=2.8,3,2.049213e-04,1.666268e-01,"(0, (2, 2, 2, 2, 3))",-243.595,,,,
O_tau=2.8,3,2.085726e-04,1.666261e-01,"(0, (2, 2, 2, 2, 3))",-239.132,,,,
O_tau=2.8,3,2.122889e-04,1.666254e-01,"(0, (2, 2, 2, 2, 3))",-234.747,,,,
O_tau=2.8,3,2.160715e-04,1.666247e-01,"(0, (2, 2, 2, 2, 3))",-230.439,,,,
O_tau=2.8,3,2.199214e-04,1.666239e-01,"(0, (2, 2, 2, 2, 3))",-226.206,,,,
O_tau=2.8,3,2.238399e-04,1.666232e-01,"(0, (2, 2, 2, 2, 3))",-222.047,,,,
O_tau=2.8,3,2.278283e-04,1.666224e-01,"(0, (2, 2, 2, 2, 3))",-217.961,,,,
O_tau=2.8,3,2.318877e-04,1.666216e-01,"(0, (2, 2, 2, 2, 3))",-213.947,,,,
O_tau=2.8,3,2.360195e-04,1.666208e-01,"(0, (2, 2, 2, 2, 3))",-210.003,,,,
O_tau=2.8,3,2.402249e-04,1.666200e-01,"(0, (2, 2, 2, 2, 3))",-206.128,,,,
O_tau=2.8,3,2.445052e-04,1.666191e-01,"(0, (2, 2, 2, 2, 3))",-202.322,,,,
O_tau=2.8,3,2.488618e-04,1.666183e-01,"(0, (2, 2, 2, 2, 3))",-198.581,,,,
O_tau=2.8,3,2.532960e-04,1.666174e-01,"(0, (2, 2, 2, 2, 3))",-194.907,,,,
O_tau=2.8,3,2.578092e-04,1.666166e-01,"(0, (2, 2, 2, 2, 3))",-191.296,,,,
O_tau=2.8,3,2.624028e-04,1.666157e-01,"(0, (2, 2, 2, 2, 3))",-187.750,,,,
O_tau=2.8,3,2.670783e-04,1.666148e-01,"(0, (2, 2, 2, 2, 3))",-184.265,,,,
O_tau=2.8,3,2.718371e-04,1.666138e-01,"(0, (2, 2, 2, 2, 3))",-180.841,,,,
O_tau=2.8,3,2.766807e-04,1.666129e-01,"(0, (2, 2, 2, 2, 3))",-177.477,,,,
O_tau=2.8,3,2.816105e-04,1.666119e-01,"(0, (2, 2, 2, 2, 3))",-174.173,,,,
O_tau=2.8,3,2.866283e-04,1.666110e-01,"(0, (2, 2, 2, 2, 3))",-170.926,,,,
O_tau=2.8,3,2.917354e-04,1.666100e-01,"(0, (2, 2, 2, 2, 3))",-167.736,,,,
O_tau=2.8,3,2.969335e-04,1.666090e-01,"(0, (2, 2, 2, 2, 3))",-164.602,,,,
O_tau=2.8,3,3.022242e-04,1.666079e-01,"(0, (2, 2, 2, 2, 3))",-161.523,,,,
O_tau=2.8,3,3.076093e-04,1.666069e-01,"(0, (2, 2, 2, 2, 3))",-158.497,,,,
O_tau=2.8,3,3.130902e-04,1.666058e-01,"(0, (2, 2, 2, 2, 3))",-155.525,,,,
O_tau=2.8,3,3.186688e-04,1.666047e-01,"(0, (2, 2, 2, 2, 3))",-152.605,,,,
O_tau=2.8,3,3.243469e-04,1.666036e-01,"(0, (2, 2, 2, 2, 3))",-149.737,,,,
O_tau=2.8,3,3.301261e-04,1.666025e-01,"(0, (2, 2, 2, 2, 3))",-146.918,,,,
O_tau=2.8,3,3.360082e-04,1.666014e-01,"(0, (2, 2, 2, 2, 3))",-144.149,,,,
O_tau=2.8,3,3.419952e-04,1.666002e-01,"(0, (2, 2, 2, 2, 3))",-141.428,,,,
O_tau=2.8,3,3.480888e-04,1.665990e-01,"(0, (2, 2, 2, 2, 3))",-138.755,,,,
O_tau=2.8,3,3.542911e-04,1.665978e-01,"(0, (2, 2, 2, 2, 3))",-136.129,,,,
O_tau=2.8,3,3.606038e-04,1.665966e-01,"(0, (2, 2, 2, 2, 3))",-133.549,,,,
O_tau=2.8,3,3.670290e-04,1.665953e-01,"(0, (2, 2, 2, 2, 3))",-131.015,,,,
O_tau=2.8,3,3.735687e-04,1.665941e-01,"(0, (2, 2, 2, 2, 3))",-128.524,,,,
O_tau=2.8,3,3.802249e-04,1.665928e-01,"(0, (2, 2, 2, 2, 3))",-126.078,,,,
O_tau=2.8,3,3.869998e-04,1.665915e-01,"(0, (2, 2, 2, 2, 3))",-123.674,,,,
O_tau=2.8,3,3.938953e-04,1.665901e-01,"(0, (2, 2, 2, 2, 3))",-121.312,,,,
O_tau=2.8,3,4.009137e-04,1.665888e-01,"(0, (2, 2, 2, 2, 3))",-118.992,,,,
O_tau=2.8,3,4.080572e-04,1.665874e-01,"(0, (2, 2, 2, 2, 3))",-116.712,,,,
O_tau=2.8,3,4.153279e-04,1.665860e-01,"(0, (2, 2, 2, 2, 3))",-114.473,,,,
O_tau=2.8,3,4.227282e-04,1.665845e-01,"(0, (2, 2, 2, 2, 3))",-112.273,,,,
O_tau=2.8,3,4.302603e-04,1.665831e-01,"(0, (2, 2, 2, 2, 3))",-110.111,,,,
O_tau=2.8,3,4.379267e-04,1.665816e-01,"(0, (2, 2, 2, 2, 3))",-107.987,,,,
O_tau=2.8,3,4.457296e-04,1.665801e-01,"(0, (2, 2, 2, 2, 3))",-105.901,,,,
O_tau=2.8,3,4.536716e-04,1.665785e-01,"(0, (2, 2, 2, 2, 3))",-103.851,,,,
O_tau=2.8,3,4.617551e-04,1.665769e-01,"(0, (2, 2, 2, 2, 3))",-101.837,,,,
O_tau=2.8,3,4.699826e-04,1.665754e-01,"(0, (2, 2, 2, 2, 3))",-99.858,,,,
O_tau=2.8,3,4.783567e-04,1.665737e-01,"(0, (2, 2, 2, 2, 3))",-97.914,,,,
O_tau=2.8,3,4.868801e-04,1.665721e-01,"(0, (2, 2, 2, 2, 3))",-96.004,,,,
O_tau=2.8,3,4.955553e-04,1.665704e-01,"(0, (2, 2, 2, 2, 3))",-94.128,,,,
O_tau=2.8,3,5.043850e-04,1.665687e-01,"(0, (2, 2, 2, 2, 3))",-92.284,,,,
O_tau=2.8,3,5.133721e-04,1.665669e-01,"(0, (2, 2, 2, 2, 3))",-90.473,,,,
O_tau=2.8,3,5.225194e-04,1.665652e-01,"(0, (2, 2, 2, 2, 3))",-88.694,,,,
O_tau=2.8,3,5.318296e-04,1.665633e-01,"(0, (2, 2, 2, 2, 3))",-86.946,,,,
O_tau=2.8,3,5.413057e-04,1.665615e-01,"(0, (2, 2, 2, 2, 3))",-85.228,,,,
O_tau=2.8,3,5.509506e-04,1.665596e-01,"(0, (2, 2, 2, 2, 3))",-83.541,,,,
O_tau=2.8,3,5.607674e-04,1.665577e-01,"(0, (2, 2, 2, 2, 3))",-81.883,,,,
O_tau=2.8,3,5.707592e-04,1.665558e-01,"(0, (2, 2, 2, 2, 3))",-80.255,,,,
O_tau=2.8,3,5.809289e-04,1.665538e-01,"(0, (2, 2, 2, 2, 3))",-78.655,,,,
O_tau=2.8,3,5.912799e-04,1.665518e-01,"(0, (2, 2, 2, 2, 3))",-77.083,,,,
O_tau=2.8,3,6.018153e-04,1.665498e-01,"(0, (2, 2, 2, 2, 3))",-75.538,,,,
O_tau=2.8,3,6.125384e-04,1.665477e-01,"(0, (2, 2, 2, 2, 3))",-74.021,,,,
O_tau=2.8,3,6.234525e-04,1.665456e-01,"(0, (2, 2, 2, 2, 3))",-72.530,,,,
O_tau=2.8,3,6.345612e-04,1.665434e-01,"(0, (2, 2, 2, 2, 3))",-71.066,,,,
O_tau=2.8,3,6.458677e-04,1.665412e-01,"(0, (2, 2, 2, 2, 3))",-69.627,,,,
O_tau=2.8,3,6.573758e-04,1.665390e-01,"(0, (2, 2, 2, 2, 3))",-68.214,,,,
O_tau=2.8,3,6.690889e-04,1.665367e-01,"(0, (2, 2, 2, 2, 3))",-66.825,,,4334,4334
O_tau=2.8,3,6.810106e-04,1.665344e-01,"(0, (2, 2, 2, 2, 3))",-65.460,,,4249,4249
O_tau=2.8,3,6.931448e-04,1.665320e-01,"(0, (2, 2, 2, 2, 3))",-64.120,,,4167,4167
O_tau=2.8,3,7.054953e-04,1.665296e-01,"(0, (2, 2, 2, 2, 3))",-62.803,,,4085,4085
O_tau=2.8,3,7.180657e-04,1.665272e-01,"(0, (2, 2, 2, 2, 3))",-61.509,,,4006,4006
O_tau=2.8,3,7.308602e-04,1.665247e-01,"(0, (2, 2, 2, 2, 3))",-60.238,,,3928,3928
O_tau=2.8,3,7.438826e-04,1.665222e-01,"(0, (2, 2, 2, 2, 3))",-58.990,,,3851,3851
O_tau=2.8,3,7.571370e-04,1.665196e-01,"(0, (2, 2, 2, 2, 3))",-57.763,,,3776,3776
O_tau=2.8,3,7.706277e-04,1.665170e-01,"(0, (2, 2, 2, 2, 3))",-56.558,,,3702,3702
O_tau=2.8,3,7.843587e-04,1.665143e-01,"(0, (2, 2, 2, 2, 3))",-55.374,,,3629,3629
O_tau=2.8,3,7.983343e-04,1.665116e-01,"(0, (2, 2, 2, 2, 3))",-54.210,,,3559,3559
O_tau=2.8,3,8.125590e-04,1.665089e-01,"(0, (2, 2, 2, 2, 3))",-53.067,,,3489,3489
O_tau=2.8,3,8.270371e-04,1.665061e-01,"(0, (2, 2, 2, 2, 3))",-51.945,,,3421,3421
O_tau=2.8,3,8.417732e-04,1.665032e-01,"(0, (2, 2, 2, 2, 3))",-50.842,,,3354,3354
O_tau=2.8,3,8.567719e-04,1.665003e-01,"(0, (2, 2, 2, 2, 3))",-49.758,,,3289,3289
O_tau=2.8,3,8.720378e-04,1.664973e-01,"(0, (2, 2, 2, 2, 3))",-48.693,4278,,3224,3224
O_tau=2.8,3,8.875757e-04,1.664943e-01,"(0, (2, 2, 2, 2, 3))",-47.647,4197,,3161,3161
O_tau=2.8,3,9.033905e-04,1.664913e-01,"(0, (2, 2, 2, 2, 3))",-46.620,4113,,3099,3099
O_tau=2.8,3,9.194870e-04,1.664881e-01,"(0, (2, 2, 2, 2, 3))",-45.610,4037,4298,3039,3039
O_tau=2.8,3,9.358704e-04,1.664850e-01,"(0, (2, 2, 2, 2, 3))",-44.619,3958,4214,2979,2979
O_tau=2.8,3,9.525456e-04,1.664817e-01,"(0, (2, 2, 2, 2, 3))",-43.644,3881,4135,2921,2921
O_tau=2.8,3,9.695180e-04,1.664784e-01,"(0, (2, 2, 2, 2, 3))",-42.687,3803,4056,2864,2864
O_tau=2.8,3,9.867929e-04,1.664751e-01,"(0, (2, 2, 2, 2, 3))",-41.747,3735,3980,2808,2808
O_tau=2.8,3,1.004375e-03,1.664717e-01,"(0, (2, 2, 2, 2, 3))",-40.823,3660,3900,2753,2753
O_tau=2.8,3,1.022271e-03,1.664682e-01,"(0, (2, 2, 2, 2, 3))",-39.915,3591,3828,2699,2699
O_tau=2.8,3,1.040486e-03,1.664647e-01,"(0, (2, 2, 2, 2, 3))",-39.023,3523,3752,2646,2646
O_tau=2.8,3,1.059025e-03,1.664611e-01,"(0, (2, 2, 2, 2, 3))",-38.147,3454,3682,2594,2594
O_tau=2.8,3,1.077895e-03,1.664574e-01,"(0, (2, 2, 2, 2, 3))",-37.287,3390,3613,2543,2543
O_tau=2.8,3,1.097101e-03,1.664537e-01,"(0, (2, 2, 2, 2, 3))",-36.441,3324,3545,2493,2493
O_tau=2.8,3,1.116649e-03,1.664499e-01,"(0, (2, 2, 2, 2, 3))",-35.611,3258,3478,2444,2444
O_tau=2.8,3,1.136545e-03,1.664461e-01,"(0, (2, 2, 2, 2, 3))",-34.795,3195,3408,2397,2397
O_tau=2.8,3,1.156796e-03,1.664422e-01,"(0, (2, 2, 2, 2, 3))",-33.993,3134,3344,2350,2350
O_tau=2.8,3,1.177408e-03,1.664382e-01,"(0, (2, 2, 2, 2, 3))",-33.206,3074,3280,2304,2304
O_tau=2.8,3,1.198387e-03,1.664341e-01,"(0, (2, 2, 2, 2, 3))",-32.432,3015,3215,2259,2259
O_tau=2.8,3,1.219740e-03,1.664300e-01,"(0, (2, 2, 2, 2, 3))",-31.672,2957,3154,2214,2214
O_tau=2.8,3,1.241473e-03,1.664258e-01,"(0, (2, 2, 2, 2, 3))",-30.925,2903,3095,2171,2171
O_tau=2.8,3,1.263594e-03,1.664215e-01,"(0, (2, 2, 2, 2, 3))",-30.192,2845,3035,2128,2128
O_tau=2.8,3,1.286108e-03,1.664171e-01,"(0, (2, 2, 2, 2, 3))",-29.471,2790,2979,2086,2086
O_tau=2.8,3,1.309024e-03,1.664127e-01,"(0, (2, 2, 2, 2, 3))",-28.763,2737,2921,2045,2045
O_tau=2.8,3,1.332348e-03,1.664082e-01,"(0, (2, 2, 2, 2, 3))",-28.067,2683,2865,2005,2005
O_tau=2.8,3,1.356088e-03,1.664036e-01,"(0, (2, 2, 2, 2, 3))",-27.384,2629,2810,1965,1965
O_tau=2.8,3,1.380250e-03,1.663989e-01,"(0, (2, 2, 2, 2, 3))",-26.713,2579,2756,1927,1927
O_tau=2.8,3,1.404844e-03,1.663941e-01,"(0, (2, 2, 2, 2, 3))",-26.054,2529,2705,1889,1889
O_tau=2.8,3,1.429875e-03,1.663893e-01,"(0, (2, 2, 2, 2, 3))",-25.406,2482,2652,1852,1852
O_tau=2.8,3,1.455352e-03,1.663844e-01,"(0, (2, 2, 2, 2, 3))",-24.769,2434,2598,1816,1816
O_tau=2.8,3,1.481284e-03,1.663793e-01,"(0, (2, 2, 2, 2, 3))",-24.144,2388,2549,1780,1780
O_tau=2.8,3,1.507677e-03,1.663742e-01,"(0, (2, 2, 2, 2, 3))",-23.530,2343,2499,1745,1745
O_tau=2.8,3,1.534541e-03,1.663690e-01,"(0, (2, 2, 2, 2, 3))",-22.927,2297,2453,1710,1710
O_tau=2.8,3,1.561883e-03,1.663637e-01,"(0, (2, 2, 2, 2, 3))",-22.334,2250,2406,1677,1677
O_tau=2.8,3,1.589713e-03,1.663584e-01,"(0, (2, 2, 2, 2, 3))",-21.751,2210,2363,1643,1643
O_tau=2.8,3,1.618038e-03,1.663529e-01,"(0, (2, 2, 2, 2, 3))",-21.179,2166,2317,1611,1611
O_tau=2.8,3,1.646868e-03,1.663473e-01,"(0, (2, 2, 2, 2, 3))",-20.617,2124,2273,1579,1579
O_tau=2.8,3,1.676212e-03,1.663416e-01,"(0, (2, 2, 2, 2, 3))",-20.065,2083,2229,1548,1548
O_tau=2.8,3,1.706079e-03,1.663359e-01,"(0, (2, 2, 2, 2, 3))",-19.523,2043,2183,1518,1518
O_tau=2.8,3,1.736478e-03,1.663300e-01,"(0, (2, 2, 2, 2, 3))",-18.990,2003,2142,1488,1488
O_tau=2.8,3,1.767418e-03,1.663240e-01,"(0, (2, 2, 2, 2, 3))",-18.467,1963,2101,1458,1458
O_tau=2.8,3,1.798910e-03,1.663179e-01,"(0, (2, 2, 2, 2, 3))",-17.953,1926,2061,1430,1430
O_tau=2.8,3,1.830963e-03,1.663117e-01,"(0, (2, 2, 2, 2, 3))",-17.448,1891,2021,1402,1402
O_tau=2.8,3,1.863587e-03,1.663054e-01,"(0, (2, 2, 2, 2, 3))",-16.952,1852,1981,1374,1374
O_tau=2.8,3,1.896792e-03,1.662990e-01,"(0, (2, 2, 2, 2, 3))",-16.464,1817,1945,1347,1347
O_tau=2.8,3,1.930589e-03,1.662925e-01,"(0, (2, 2, 2, 2, 3))",-15.985,1783,1906,1320,1320
O_tau=2.8,3,1.964988e-03,1.662858e-01,"(0, (2, 2, 2, 2, 3))",-15.515,1747,1872,1294,1294
O_tau=2.8,3,2.000000e-03,1.662790e-01,"(0, (2, 2, 2, 2, 3))",-15.053,1713,1835,1268,1268
O_tau=2.8,3,2.031395e-03,1.662730e-01,"(0, (2, 2, 2, 2, 3))",-14.652,1684,1803,1246,1246
O_tau=2.8,3,2.063282e-03,1.662668e-01,"(0, (2, 2, 2, 2, 3))",-14.258,1652,1775,1224,1224
O_tau=2.8,3,2.095671e-03,1.662606e-01,"(0, (2, 2, 2, 2, 3))",-13.869,1626,1741,1203,1203
O_tau=2.8,3,2.128567e-03,1.662542e-01,"(0, (2, 2, 2, 2, 3))",-13.487,1601,1713,1182,1182
O_tau=2.8,3,2.161980e-03,1.662478e-01,"(0, (2, 2, 2, 2, 3))",-13.111,1573,1683,1161,1161
O_tau=2.8,3,2.195917e-03,1.662412e-01,"(0, (2, 2, 2, 2, 3))",-12.740,1544,1652,1141,1141
O_tau=2.8,3,2.230388e-03,1.662346e-01,"(0, (2, 2, 2, 2, 3))",-12.375,1518,1626,1121,1121
O_tau=2.8,3,2.265399e-03,1.662278e-01,"(0, (2, 2, 2, 2, 3))",-12.016,1492,1601,1102,1102
O_tau=2.8,3,2.300960e-03,1.662209e-01,"(0, (2, 2, 2, 2, 3))",-11.663,1466,1573,1082,1082
O_tau=2.8,3,2.337079e-03,1.662140e-01,"(0, (2, 2, 2, 2, 3))",-11.315,1444,1546,1064,1064
O_tau=2.8,3,2.373765e-03,1.662069e-01,"(0, (2, 2, 2, 2, 3))",-10.973,1418,1519,1045,1045
O_tau=2.8,3,2.411027e-03,1.661997e-01,"(0, (2, 2, 2, 2, 3))",-10.636,1393,1493,1027,1027
O_tau=2.8,3,2.448874e-03,1.661924e-01,"(0, (2, 2, 2, 2, 3))",-10.304,1369,1469,1009,1009
O_tau=2.8,3,2.487314e-03,1.661850e-01,"(0, (2, 2, 2, 2, 3))",-9.977,1345,1446,991,991
O_tau=2.8,3,2.526359e-03,1.661775e-01,"(0, (2, 2, 2, 2, 3))",-9.655,1324,1418,974,974
O_tau=2.8,3,2.566016e-03,1.661698e-01,"(0, (2, 2, 2, 2, 3))",-9.339,1299,1396,957,957
O_tau=2.8,3,2.606296e-03,1.661620e-01,"(0, (2, 2, 2, 2, 3))",-9.027,1278,1370,940,940
O_tau=2.8,3,2.647208e-03,1.661542e-01,"(0, (2, 2, 2, 2, 3))",-8.721,1257,1348,924,924
O_tau=2.8,3,2.688762e-03,1.661461e-01,"(0, (2, 2, 2, 2, 3))",-8.419,1232,1326,907,907
O_tau=2.8,3,2.730969e-03,1.661380e-01,"(0, (2, 2, 2, 2, 3))",-8.121,1213,1302,891,891
O_tau=2.8,3,2.773838e-03,1.661298e-01,"(0, (2, 2, 2, 2, 3))",-7.829,1192,1279,875,875
O_tau=2.8,3,2.817380e-03,1.661214e-01,"(0, (2, 2, 2, 2, 3))",-7.541,1172,1259,860,860
O_tau=2.8,3,2.861605e-03,1.661128e-01,"(0, (2, 2, 2, 2, 3))",-7.257,1152,1233,845,845
O_tau=2.8,3,2.906525e-03,1.661042e-01,"(0, (2, 2, 2, 2, 3))",-6.978,1132,1216,830,830
O_tau=2.8,3,2.952150e-03,1.660954e-01,"(0, (2, 2, 2, 2, 3))",-6.703,1113,1195,816,816
O_tau=2.8,3,2.998491e-03,1.660865e-01,"(0, (2, 2, 2, 2, 3))",-6.433,1094,1176,801,801
O_tau=2.8,3,3.045559e-03,1.660774e-01,"(0, (2, 2, 2, 2, 3))",-6.167,1076,1154,787,787
O_tau=2.8,3,3.093367e-03,1.660682e-01,"(0, (2, 2, 2, 2, 3))",-5.905,1057,1135,774,774
O_tau=2.8,3,3.141924e-03,1.660589e-01,"(0, (2, 2, 2, 2, 3))",-5.647,1040,1115,760,760
O_tau=2.8,3,3.191244e-03,1.660494e-01,"(0, (2, 2, 2, 2, 3))",-5.393,1021,1097,747,747
O_tau=2.8,3,3.241339e-03,1.660397e-01,"(0, (2, 2, 2, 2, 3))",-5.143,1001,1080,734,734
O_tau=2.8,3,3.292219e-03,1.660299e-01,"(0, (2, 2, 2, 2, 3))",-4.897,987,1062,721,721
O_tau=2.8,3,3.343898e-03,1.660200e-01,"(0, (2, 2, 2, 2, 3))",-4.655,969,1044,709,709
O_tau=2.8,3,3.396389e-03,1.660099e-01,"(0, (2, 2, 2, 2, 3))",-4.416,950,1024,696,696
O_tau=2.8,3,3.449703e-03,1.659997e-01,"(0, (2, 2, 2, 2, 3))",-4.182,935,1007,684,684
O_tau=2.8,3,3.503855e-03,1.659893e-01,"(0, (2, 2, 2, 2, 3))",-3.951,919,989,672,672
O_tau=2.8,3,3.558856e-03,1.659787e-01,"(0, (2, 2, 2, 2, 3))",-3.723,902,973,660,660
O_tau=2.8,3,3.614721e-03,1.659679e-01,"(0, (2, 2, 2, 2, 3))",-3.500,886,955,648,648
O_tau=2.8,3,3.671462e-03,1.659570e-01,"(0, (2, 2, 2, 2, 3))",-3.279,874,939,637,637
O_tau=2.8,3,3.729095e-03,1.659460e-01,"(0, (2, 2, 2, 2, 3))",-3.063,859,924,625,625
O_tau=2.8,3,3.787632e-03,1.659347e-01,"(0, (2, 2, 2, 2, 3))",-2.849,845,908,614,614
O_tau=2.8,3,3.847088e-03,1.659233e-01,"(0, (2, 2, 2, 2, 3))",-2.639,829,895,603,603
O_tau=2.8,3,3.907477e-03,1.659117e-01,"(0, (2, 2, 2, 2, 3))",-2.432,817,878,592,592
O_tau=2.8,3,3.968814e-03,1.658999e-01,"(0, (2, 2, 2, 2, 3))",-2.229,801,868,582,582
O_tau=2.8,3,4.031114e-03,1.658880e-01,"(0, (2, 2, 2, 2, 3))",-2.029,793,858,572,572
O_tau=2.8,3,4.094392e-03,1.658758e-01,"(0, (2, 2, 2, 2, 3))",-1.831,782,850,562,562
O_tau=2.8,3,4.158663e-03,1.658635e-01,"(0, (2, 2, 2, 2, 3))",-1.637,774,848,552,552
O_tau=2.8,3,4.223944e-03,1.658510e-01,"(0, (2, 2, 2, 2, 3))",-1.446,768,852,542,542
O_tau=2.8,3,4.290249e-03,1.658383e-01,"(0, (2, 2, 2, 2, 3))",-1.258,768,881,533,533
O_tau=2.8,3,4.357594e-03,1.658254e-01,"(0, (2, 2, 2, 2, 3))",-1.073,782,,523,523
O_tau=2.8,3,4.425997e-03,1.658122e-01,"(0, (2, 2, 2, 2, 3))",-0.891,834,,514,514
O_tau=2.8,3,4.495474e-03,1.657989e-01,"(0, (2, 2, 2, 2, 3))",-0.712,,,505,505
O_tau=2.8,3,4.566041e-03,1.657854e-01,"(0, (2, 2, 2, 2, 3))",-0.535,,,496,496
O_tau=2.8,3,4.637716e-03,1.657717e-01,"(0, (2, 2, 2, 2, 3))",-0.361,,,488,488
O_tau=2.8,3,4.710516e-03,1.657577e-01,"(0, (2, 2, 2, 2, 3))",-0.191,,,479,479
O_tau=2.8,3,4.784459e-03,1.657436e-01,"(0, (2, 2, 2, 2, 3))",-0.022,,,471,471
O_tau=2.8,3,4.859562e-03,1.657292e-01,"(0, (2, 2, 2, 2, 3))",0.143,,,463,463
O_tau=2.8,3,4.935845e-03,1.657146e-01,"(0, (2, 2, 2, 2, 3))",0.306,,,455,455
O_tau=2.8,3,5.013324e-03,1.656998e-01,"(0, (2, 2, 2, 2, 3))",0.467,,,446,446
O_tau=2.8,3,5.092021e-03,1.656847e-01,"(0, (2, 2, 2, 2, 3))",0.625,,,438,438
O_tau=2.8,3,5.171952e-03,1.656694e-01,"(0, (2, 2, 2, 2, 3))",0.780,,,431,431
O_tau=2.8,3,5.253138e-03,1.656539e-01,"(0, (2, 2, 2, 2, 3))",0.933,,,423,423
O_tau=2.8,3,5.335599e-03,1.656382e-01,"(0, (2, 2, 2, 2, 3))",1.084,,,415,415
O_tau=2.8,3,5.419354e-03,1.656222e-01,"(0, (2, 2, 2, 2, 3))",1.232,,,408,408
O_tau=2.8,3,5.504423e-03,1.656059e-01,"(0, (2, 2, 2, 2, 3))",1.378,,,401,401
O_tau=2.8,3,5.590828e-03,1.655894e-01,"(0, (2, 2, 2, 2, 3))",1.521,,,393,393
O_tau=2.8,3,5.678590e-03,1.655727e-01,"(0, (2, 2, 2, 2, 3))",1.663,,,386,386
O_tau=2.8,3,5.767729e-03,1.655556e-01,"(0, (2, 2, 2, 2, 3))",1.802,,,379,379
O_tau=2.8,3,5.858267e-03,1.655384e-01,"(0, (2, 2, 2, 2, 3))",1.938,,,373,373
O_tau=2.8,3,5.950227e-03,1.655208e-01,"(0, (2, 2, 2, 2, 3))",2.073,,,366,366
O_tau=2.8,3,6.043630e-03,1.655030e-01,"(0, (2, 2, 2, 2, 3))",2.206,,,359,359
O_tau=2.8,3,6.138499e-03,1.654849e-01,"(0, (2, 2, 2, 2, 3))",2.336,,,353,353
O_tau=2.8,3,6.234857e-03,1.654666e-01,"(0, (2, 2, 2, 2, 3))",2.465,,,347,347
O_tau=2.8,3,6.332728e-03,1.654479e-01,"(0, (2, 2, 2, 2, 3))",2.591,,,341,341
O_tau=2.8,3,6.432135e-03,1.654290e-01,"(0, (2, 2, 2, 2, 3))",2.715,,,335,335
O_tau=2.8,3,6.533103e-03,1.654098e-01,"(0, (2, 2, 2, 2, 3))",2.838,,,329,329
O_tau=2.8,3,6.635656e-03,1.653902e-01,"(0, (2, 2, 2, 2, 3))",2.958,,,323,323
O_tau=2.8,3,6.739818e-03,1.653704e-01,"(0, (2, 2, 2, 2, 3))",3.077,,,317,317
O_tau=2.8,3,6.845616e-03,1.653503e-01,"(0, (2, 2, 2, 2, 3))",3.193,,,312,312
O_tau=2.8,3,6.953074e-03,1.653299e-01,"(0, (2, 2, 2, 2, 3))",3.308,,,306,306
O_tau=2.8,3,7.062219e-03,1.653091e-01,"(0, (2, 2, 2, 2, 3))",3.421,,,301,301
O_tau=2.8,3,7.173078e-03,1.652881e-01,"(0, (2, 2, 2, 2, 3))",3.532,,,296,296
O_tau=2.8,3,7.285676e-03,1.652667e-01,"(0, (2, 2, 2, 2, 3))",3.642,,,290,290
O_tau=2.8,3,7.400042e-03,1.652450e-01,"(0, (2, 2, 2, 2, 3))",3.749,,,285,285
O_tau=2.8,3,7.516204e-03,1.652229e-01,"(0, (2, 2, 2, 2, 3))",3.855,,,280,280
O_tau=2.8,3,7.634188e-03,1.652005e-01,"(0, (2, 2, 2, 2, 3))",3.960,,,275,275
O_tau=2.8,3,7.754025e-03,1.651778e-01,"(0, (2, 2, 2, 2, 3))",4.062,,,271,271
O_tau=2.8,3,7.875743e-03,1.651547e-01,"(0, (2, 2, 2, 2, 3))",4.163,,,266,266
O_tau=2.8,3,7.999372e-03,1.651313e-01,"(0, (2, 2, 2, 2, 3))",4.263,,,261,261
O_tau=2.8,3,8.124941e-03,1.651075e-01,"(0, (2, 2, 2, 2, 3))",4.361,,,257,257
O_tau=2.8,3,8.252481e-03,1.650833e-01,"(0, (2, 2, 2, 2, 3))",4.457,,,252,252
O_tau=2.8,3,8.382024e-03,1.650588e-01,"(0, (2, 2, 2, 2, 3))",4.551,,,247,247
O_tau=2.8,3,8.513600e-03,1.650339e-01,"(0, (2, 2, 2, 2, 3))",4.645,,,243,243
O_tau=2.8,3,8.647241e-03,1.650087e-01,"(0, (2, 2, 2, 2, 3))",4.736,,,238,238
O_tau=2.8,3,8.782980e-03,1.649830e-01,"(0, (2, 2, 2, 2, 3))",4.827,,,234,234
O_tau=2.8,3,8.920850e-03,1.649569e-01,"(0, (2, 2, 2, 2, 3))",4.915,,,230,230
O_tau=2.8,3,9.060884e-03,1.649305e-01,"(0, (2, 2, 2, 2, 3))",5.003,,,226,226
O_tau=2.8,3,9.203116e-03,1.649036e-01,"(0, (2, 2, 2, 2, 3))",5.089,,,222,222
O_tau=2.8,3,9.347581e-03,1.648764e-01,"(0, (2, 2, 2, 2, 3))",5.173,,,218,218
O_tau=2.8,3,9.494314e-03,1.648487e-01,"(0, (2, 2, 2, 2, 3))",5.257,,,214,214
O_tau=2.8,3,9.643350e-03,1.648206e-01,"(0, (2, 2, 2, 2, 3))",5.339,,,210,210
O_tau=2.8,3,9.794725e-03,1.647921e-01,"(0, (2, 2, 2, 2, 3))",5.419,,,206,206
O_tau=2.8,3,9.948477e-03,1.647631e-01,"(0, (2, 2, 2, 2, 3))",5.499,,,202,202
O_tau=2.8,3,1.010464e-02,1.647337e-01,"(0, (2, 2, 2, 2, 3))",5.577,,,199,199
O_tau=2.8,3,1.026326e-02,1.647039e-01,"(0, (2, 2, 2, 2, 3))",5.653,,,195,195
O_tau=2.8,3,1.042436e-02,1.646736e-01,"(0, (2, 2, 2, 2, 3))",5.729,,,191,191
O_tau=2.8,3,1.058800e-02,1.646428e-01,"(0, (2, 2, 2, 2, 3))",5.803,,,188,188
O_tau=2.8,3,1.075420e-02,1.646116e-01,"(0, (2, 2, 2, 2, 3))",5.876,,,185,185
O_tau=2.8,3,1.092302e-02,1.645799e-01,"(0, (2, 2, 2, 2, 3))",5.948,,,181,181
O_tau=2.8,3,1.109448e-02,1.645477e-01,"(0, (2, 2, 2, 2, 3))",6.019,,,178,178
O_tau=2.8,3,1.126863e-02,1.645150e-01,"(0, (2, 2, 2, 2, 3))",6.089,,,175,175
O_tau=2.8,3,1.144552e-02,1.644819e-01,"(0, (2, 2, 2, 2, 3))",6.157,,,172,172
O_tau=2.8,3,1.162519e-02,1.644482e-01,"(0, (2, 2, 2, 2, 3))",6.225,,,169,169
O_tau=2.8,3,1.180767e-02,1.644140e-01,"(0, (2, 2, 2, 2, 3))",6.291,,,166,166
O_tau=2.8,3,1.199302e-02,1.643793e-01,"(0, (2, 2, 2, 2, 3))",6.357,,,163,163
O_tau=2.8,3,1.218128e-02,1.643441e-01,"(0, (2, 2, 2, 2, 3))",6.421,,,160,160
O_tau=2.8,3,1.237250e-02,1.643084e-01,"(0, (2, 2, 2, 2, 3))",6.484,,,157,157
O_tau=2.8,3,1.256671e-02,1.642721e-01,"(0, (2, 2, 2, 2, 3))",6.546,,,154,154
O_tau=2.8,3,1.276398e-02,1.642353e-01,"(0, (2, 2, 2, 2, 3))",6.607,,,152,152
O_tau=2.8,3,1.296434e-02,1.641979e-01,"(0, (2, 2, 2, 2, 3))",6.668,,,149,149
O_tau=2.8,3,1.316784e-02,1.641599e-01,"(0, (2, 2, 2, 2, 3))",6.727,,,146,146
O_tau=2.8,3,1.337454e-02,1.641214e-01,"(0, (2, 2, 2, 2, 3))",6.785,,,144,144
O_tau=2.8,3,1.358449e-02,1.640823e-01,"(0, (2, 2, 2, 2, 3))",6.842,,,141,141
O_tau=2.8,3,1.379773e-02,1.640426e-01,"(0, (2, 2, 2, 2, 3))",6.899,,,139,139
O_tau=2.8,3,1.401432e-02,1.640023e-01,"(0, (2, 2, 2, 2, 3))",6.954,,,136,136
O_tau=2.8,3,1.423431e-02,1.639614e-01,"(0, (2, 2, 2, 2, 3))",7.009,,,134,134
O_tau=2.8,3,1.445775e-02,1.639199e-01,"(0, (2, 2, 2, 2, 3))",7.062,,,131,131
O_tau=2.8,3,1.468470e-02,1.638778e-01,"(0, (2, 2, 2, 2, 3))",7.115,,,129,129
O_tau=2.8,3,1.491521e-02,1.638351e-01,"(0, (2, 2, 2, 2, 3))",7.167,,,127,127
O_tau=2.8,3,1.514934e-02,1.637917e-01,"(0, (2, 2, 2, 2, 3))",7.218,,,125,125
O_tau=2.8,3,1.538714e-02,1.637476e-01,"(0, (2, 2, 2, 2, 3))",7.268,,,122,122
O_tau=2.8,3,1.562868e-02,1.637029e-01,"(0, (2, 2, 2, 2, 3))",7.318,,,120,120
O_tau=2.8,3,1.587401e-02,1.636576e-01,"(0, (2, 2, 2, 2, 3))",7.367,,,118,118
O_tau=2.8,3,1.612319e-02,1.636115e-01,"(0, (2, 2, 2, 2, 3))",7.414,,,116,116
O_tau=2.8,3,1.637628e-02,1.635648e-01,"(0, (2, 2, 2, 2, 3))",7.461,,,114,114
O_tau=2.8,3,1.663335e-02,1.635174e-01,"(0, (2, 2, 2, 2, 3))",7.508,,,111,111
O_tau=2.8,3,1.689445e-02,1.634692e-01,"(0, (2, 2, 2, 2, 3))",7.553,,,109,109
O_tau=2.8,3,1.715965e-02,1.634204e-01,"(0, (2, 2, 2, 2, 3))",7.598,,,107,107
O_tau=2.8,3,1.742901e-02,1.633708e-01,"(0, (2, 2, 2, 2, 3))",7.642,,,105,105
O_tau=2.8,3,1.770260e-02,1.633205e-01,"(0, (2, 2, 2, 2, 3))",7.685,,,103,103
O_tau=2.8,3,1.798048e-02,1.632694e-01,"(0, (2, 2, 2, 2, 3))",7.728,,,101,101
O_tau=2.8,3,1.826273e-02,1.632176e-01,"(0, (2, 2, 2, 2, 3))",7.770,,,99,99
O_tau=2.8,3,1.854941e-02,1.631650e-01,"(0, (2, 2, 2, 2, 3))",7.811,,,97,97
O_tau=2.8,3,1.884058e-02,1.631117e-01,"(0, (2, 2, 2, 2, 3))",7.852,,,95,95
O_tau=2.8,3,1.913633e-02,1.630575e-01,"(0, (2, 2, 2, 2, 3))",7.892,,,93,93
O_tau=2.8,3,1.943672e-02,1.630026e-01,"(0, (2, 2, 2, 2, 3))",7.931,,,91,91
O_tau=2.8,3,1.974183e-02,1.629468e-01,"(0, (2, 2, 2, 2, 3))",7.969,,,89,89
O_tau=2.8,3,2.005172e-02,1.628902e-01,"(0, (2, 2, 2, 2, 3))",8.007,,,88,88
O_tau=2.8,3,2.036648e-02,1.628328e-01,"(0, (2, 2, 2, 2, 3))",8.045,,,86,86
O_tau=2.8,3,2.068618e-02,1.627745e-01,"(0, (2, 2, 2, 2, 3))",8.081,,,84,84
O_tau=2.8,3,2.101090e-02,1.627154e-01,"(0, (2, 2, 2, 2, 3))",8.118,,,82,82
O_tau=2.8,3,2.134072e-02,1.626554e-01,"(0, (2, 2, 2, 2, 3))",8.153,,,81,81
O_tau=2.8,3,2.167571e-02,1.625946e-01,"(0, (2, 2, 2, 2, 3))",8.188,,,79,79
O_tau=2.8,3,2.201596e-02,1.625328e-01,"(0, (2, 2, 2, 2, 3))",8.222,,,77,77
O_tau=2.8,3,2.236156e-02,1.624701e-01,"(0, (2, 2, 2, 2, 3))",8.256,,,76,76
O_tau=2.8,3,2.271258e-02,1.624066e-01,"(0, (2, 2, 2, 2, 3))",8.289,,,74,74
O_tau=2.8,3,2.306910e-02,1.623420e-01,"(0, (2, 2, 2, 2, 3))",8.322,,,73,73
O_tau=2.8,3,2.343123e-02,1.622766e-01,"(0, (2, 2, 2, 2, 3))",8.354,,,71,71
O_tau=2.8,3,2.379904e-02,1.622102e-01,"(0, (2, 2, 2, 2, 3))",8.386,,,69,69
O_tau=2.8,3,2.417262e-02,1.621428e-01,"(0, (2, 2, 2, 2, 3))",8.417,,,68,68
O_tau=2.8,3,2.455207e-02,1.620745e-01,"(0, (2, 2, 2, 2, 3))",8.447,,,66,66
O_tau=2.8,3,2.493747e-02,1.620051e-01,"(0, (2, 2, 2, 2, 3))",8.477,,,65,65
O_tau=2.8,3,2.532892e-02,1.619348e-01,"(0, (2, 2, 2, 2, 3))",8.507,,,64,64
O_tau=2.8,3,2.572652e-02,1.618634e-01,"(0, (2, 2, 2, 2, 3))",8.536,,,62,62
O_tau=2.8,3,2.613036e-02,1.617910e-01,"(0, (2, 2, 2, 2, 3))",8.564,,,61,61
O_tau=2.8,3,2.654054e-02,1.617175e-01,"(0, (2, 2, 2, 2, 3))",8.592,,,60,60
O_tau=2.8,3,2.695716e-02,1.616430e-01,"(0, (2, 2, 2, 2, 3))",8.620,,,59,59
O_tau=2.8,3,2.738031e-02,1.615674e-01,"(0, (2, 2, 2, 2, 3))",8.647,,,57,57
O_tau=2.8,3,2.781011e-02,1.614907e-01,"(0, (2, 2, 2, 2, 3))",8.674,,,56,56
O_tau=2.8,3,2.824666e-02,1.614129e-01,"(0, (2, 2, 2, 2, 3))",8.700,,,55,55
O_tau=2.8,3,2.869006e-02,1.613340e-01,"(0, (2, 2, 2, 2, 3))",8.726,,,54,54
O_tau=2.8,3,2.914042e-02,1.612540e-01,"(0, (2, 2, 2, 2, 3))",8.751,,,52,52
O_tau=2.8,3,2.959785e-02,1.611728e-01,"(0, (2, 2, 2, 2, 3))",8.776,,,51,51
O_tau=2.8,3,3.006245e-02,1.610904e-01,"(0, (2, 2, 2, 2, 3))",8.800,,,50,50
O_tau=2.8,3,3.053436e-02,1.610069e-01,"(0, (2, 2, 2, 2, 3))",8.825,,,49,49
O_tau=2.8,3,3.101367e-02,1.609222e-01,"(0, (2, 2, 2, 2, 3))",8.848,,,48,48
O_tau=2.8,3,3.150050e-02,1.608363e-01,"(0, (2, 2, 2, 2, 3))",8.871,,,47,47
O_tau=2.8,3,3.199498e-02,1.607491e-01,"(0, (2, 2, 2, 2, 3))",8.894,,,46,46
O_tau=2.8,3,3.249721e-02,1.606607e-01,"(0, (2, 2, 2, 2, 3))",8.917,,,45,45
O_tau=2.8,3,3.300733e-02,1.605711e-01,"(0, (2, 2, 2, 2, 3))",8.939,,,44,44
O_tau=2.8,3,3.352546e-02,1.604802e-01,"(0, (2, 2, 2, 2, 3))",8.961,,,,43
O_tau=2.8,3,3.405173e-02,1.603880e-01,"(0, (2, 2, 2, 2, 3))",8.982,,,,41
O_tau=2.8,3,3.458625e-02,1.602945e-01,"(0, (2, 2, 2, 2, 3))",9.003,,,,40
O_tau=2.8,3,3.512916e-02,1.601996e-01,"(0, (2, 2, 2, 2, 3))",9.024,,,,40
O_tau=2.8,3,3.568060e-02,1.601035e-01,"(0, (2, 2, 2, 2, 3))",9.044,,,,39
O_tau=2.8,3,3.624069e-02,1.600060e-01,"(0, (2, 2, 2, 2, 3))",9.064,,,,38
O_tau=2.8,3,3.680957e-02,1.599071e-01,"(0, (2, 2, 2, 2, 3))",9.084,,,,37
O_tau=2.8,3,3.738739e-02,1.598068e-01,"(0, (2, 2, 2, 2, 3))",9.103,,,,36
O_tau=2.8,3,3.797427e-02,1.597051e-01,"(0, (2, 2, 2, 2, 3))",9.122,,,,35
O_tau=2.8,3,3.857037e-02,1.596020e-01,"(0, (2, 2, 2, 2, 3))",9.141,,,,35
O_tau=2.8,3,3.917582e-02,1.594975e-01,"(0, (2, 2, 2, 2, 3))",9.159,,,,34
O_tau=2.8,3,3.979078e-02,1.593915e-01,"(0, (2, 2, 2, 2, 3))",9.177,,,,33
O_tau=2.8,3,4.041539e-02,1.592840e-01,"(0, (2, 2, 2, 2, 3))",9.195,,,,32
O_tau=2.8,3,4.104981e-02,1.591751e-01,"(0, (2, 2, 2, 2, 3))",9.212,,,,31
O_tau=2.8,3,4.169418e-02,1.590646e-01,"(0, (2, 2, 2, 2, 3))",9.229,,,,31
O_tau=2.8,3,4.234867e-02,1.589526e-01,"(0, (2, 2, 2, 2, 3))",9.246,,,,30
O_tau=2.8,3,4.301344e-02,1.588390e-01,"(0, (2, 2, 2, 2, 3))",9.263,,,,29
O_tau=2.8,3,4.368864e-02,1.587239e-01,"(0, (2, 2, 2, 2, 3))",9.279,,,,28
O_tau=2.8,3,4.437443e-02,1.586072e-01,"(0, (2, 2, 2, 2, 3))",9.295,,,,27
O_tau=2.8,3,4.507100e-02,1.584890e-01,"(0, (2, 2, 2, 2, 3))",9.311,,,,27
O_tau=2.8,3,4.577849e-02,1.583690e-01,"(0, (2, 2, 2, 2, 3))",9.326,,,,26
O_tau=2.8,3,4.649710e-02,1.582475e-01,"(0, (2, 2, 2, 2, 3))",9.341,,,,25
O_tau=2.8,3,4.722698e-02,1.581243e-01,"(0, (2, 2, 2, 2, 3))",9.356,,,,24
O_tau=2.8,3,4.796832e-02,1.579994e-01,"(0, (2, 2, 2, 2, 3))",9.371,,,,23
O_tau=2.8,3,4.872130e-02,1.578728e-01,"(0, (2, 2, 2, 2, 3))",9.385,,,,23
O_tau=2.8,3,4.948609e-02,1.577445e-01,"(0, (2, 2, 2, 2, 3))",9.399,,,,22
O_tau=2.8,3,5.026290e-02,1.576144e-01,"(0, (2, 2, 2, 2, 3))",9.413,,,,21
O_tau=2.8,3,5.105189e-02,1.574826e-01,"(0, (2, 2, 2, 2, 3))",9.427,,,,21
O_tau=2.8,3,5.185327e-02,1.573490e-01,"(0, (2, 2, 2, 2, 3))",9.440,,,,20
O_tau=2.8,3,5.266724e-02,1.572137e-01,"(0, (2, 2, 2, 2, 3))",9.454,,,,20
O_tau=2.8,3,5.349397e-02,1.570765e-01,"(0, (2, 2, 2, 2, 3))",9.467,,,,19
O_tau=2.8,3,5.433369e-02,1.569374e-01,"(0, (2, 2, 2, 2, 3))",9.479,,,,19
O_tau=2.8,3,5.518659e-02,1.567966e-01,"(0, (2, 2, 2, 2, 3))",9.492,,,,18
O_tau=2.8,3,5.605287e-02,1.566538e-01,"(0, (2, 2, 2, 2, 3))",9.504,,,,18
O_tau=2.8,3,5.693276e-02,1.565091e-01,"(0, (2, 2, 2, 2, 3))",9.516,,,,17
O_tau=2.8,3,5.782645e-02,1.563625e-01,"(0, (2, 2, 2, 2, 3))",9.528,,,,17
O_tau=2.8,3,5.873418e-02,1.562140e-01,"(0, (2, 2, 2, 2, 3))",9.540,,,,16
O_tau=2.8,3,5.965615e-02,1.560635e-01,"(0, (2, 2, 2, 2, 3))",9.552,,,,16
O_tau=2.8,3,6.059259e-02,1.559111e-01,"(0, (2, 2, 2, 2, 3))",9.563,,,,15
O_tau=2.8,3,6.154374e-02,1.557566e-01,"(0, (2, 2, 2, 2, 3))",9.574,,,,15
O_tau=2.8,3,6.250982e-02,1.556001e-01,"(0, (2, 2, 2, 2, 3))",9.585,,,,15
O_tau=2.8,3,6.349106e-02,1.554415e-01,"(0, (2, 2, 2, 2, 3))",9.596,,,,14
O_tau=2.8,3,6.448770e-02,1.552809e-01,"(0, (2, 2, 2, 2, 3))",9.607,,,,14
O_tau=2.8,3,6.549999e-02,1.551182e-01,"(0, (2, 2, 2, 2, 3))",9.617,,,,14
O_tau=2.8,3,6.652817e-02,1.549534e-01,"(0, (2, 2, 2, 2, 3))",9.627,,,,13
O_tau=2.8,3,6.757249e-02,1.547865e-01,"(0, (2, 2, 2, 2, 3))",9.637,,,,13
O_tau=2.8,3,6.863320e-02,1.546174e-01,"(0, (2, 2, 2, 2, 3))",9.647,,,,12
O_tau=2.8,3,6.971056e-02,1.544461e-01,"(0, (2, 2, 2, 2, 3))",9.657,,,,12
O_tau=2.8,3,7.080483e-02,1.542727e-01,"(0, (2, 2, 2, 2, 3))",9.667,,,,12
O_tau=2.8,3,7.191628e-02,1.540970e-01,"(0, (2, 2, 2, 2, 3))",9.676,,,,11
O_tau=2.8,3,7.304518e-02,1.539190e-01,"(0, (2, 2, 2, 2, 3))",9.685,,,,11
O_tau=2.8,3,7.419180e-02,1.537388e-01,"(0, (2, 2, 2, 2, 3))",9.694,,,,11
O_tau=2.8,3,7.535642e-02,1.535564e-01,"(0, (2, 2, 2, 2, 3))",9.703,,,,11
O_tau=2.8,3,7.653932e-02,1.533716e-01,"(0, (2, 2, 2, 2, 3))",9.712,,,,10
O_tau=2.8,3,7.774078e-02,1.531845e-01,"(0, (2, 2, 2, 2, 3))",9.721,,,,10
O_tau=2.8,3,7.896111e-02,1.529950e-01,"(0, (2, 2, 2, 2, 3))",9.730,,,,10
O_tau=2.8,3,8.020060e-02,1.528031e-01,"(0, (2, 2, 2, 2, 3))",9.738,,,,9
O_tau=2.8,3,8.145954e-02,1.526089e-01,"(0, (2, 2, 2, 2, 3))",9.746,,,,9
O_tau=2.8,3,8.273824e-02,1.524122e-01,"(0, (2, 2, 2, 2, 3))",9.754,,,,9
O_tau=2.8,3,8.403701e-02,1.522131e-01,"(0, (2, 2, 2, 2, 3))",9.762,,,,9
O_tau=2.8,3,8.535617e-02,1.520116e-01,"(0, (2, 2, 2, 2, 3))",9.770,,,,8
O_tau=2.8,3,8.669604e-02,1.518075e-01,"(0, (2, 2, 2, 2, 3))",9.778,,,,8
O_tau=2.8,3,8.805694e-02,1.516010e-01,"(0, (2, 2, 2, 2, 3))",9.786,,,,8
O_tau=2.8,3,8.943921e-02,1.513919e-01,"(0, (2, 2, 2, 2, 3))",9.793,,,,8
O_tau=2.8,3,9.084317e-02,1.511802e-01,"(0, (2, 2, 2, 2, 3))",9.801,,,,8
O_tau=2.8,3,9.226917e-02,1.509660e-01,"(0, (2, 2, 2, 2, 3))",9.808,,,,8
O_tau=2.8,3,9.371756e-02,1.507492e-01,"(0, (2, 2, 2, 2, 3))",9.815,,,,7
O_tau=2.8,3,9.518868e-02,1.505297e-01,"(0, (2, 2, 2, 2, 3))",9.822,,,,7
O_tau=2.8,3,9.668289e-02,1.503077e-01,"(0, (2, 2, 2, 2, 3))",9.830,,,,7
O_tau=2.8,3,9.820056e-02,1.500829e-01,"(0, (2, 2, 2, 2, 3))",9.836,,,,7
O_tau=2.8,3,9.974205e-02,1.498555e-01,"(0, (2, 2, 2, 2, 3))",9.843,,,,7
O_tau=2.8,3,1.013077e-01,1.496254e-01,"(0, (2, 2, 2, 2, 3))",9.850,,,,7
O_tau=2.8,3,1.028980e-01,1.493925e-01,"(0, (2, 2, 2, 2, 3))",9.857,,,,7
O_tau=2.8,3,1.045132e-01,1.491569e-01,"(0, (2, 2, 2, 2, 3))",9.863,,,,7
O_tau=2.8,3,1.061538e-01,1.489185e-01,"(0, (2, 2, 2, 2, 3))",9.870,,,,7
O_tau=2.8,3,1.078202e-01,1.486773e-01,"(0, (2, 2, 2, 2, 3))",9.876,,,,7
O_tau=2.8,3,1.095127e-01,1.484333e-01,"(0, (2, 2, 2, 2, 3))",9.882,,,,6
O_tau=2.8,3,1.112317e-01,1.481864e-01,"(0, (2, 2, 2, 2, 3))",9.888,,,,6
O_tau=2.8,3,1.129778e-01,1.479367e-01,"(0, (2, 2, 2, 2, 3))",9.895,,,,6
O_tau=2.8,3,1.147512e-01,1.476841e-01,"(0, (2, 2, 2, 2, 3))",9.901,,,,6
O_tau=2.8,3,1.165525e-01,1.474286e-01,"(0, (2, 2, 2, 2, 3))",9.907,,,,6
O_tau=2.8,3,1.183821e-01,1.471702e-01,"(0, (2, 2, 2, 2, 3))",9.913,,,,6
O_tau=2.8,3,1.202404e-01,1.469088e-01,"(0, (2, 2, 2, 2, 3))",9.918,,,,6
O_tau=2.8,3,1.221278e-01,1.466445e-01,"(0, (2, 2, 2, 2, 3))",9.924,,,,6
O_tau=2.8,3,1.240449e-01,1.463771e-01,"(0, (2, 2, 2, 2, 3))",9.930,,,,5
O_tau=2.8,3,1.259921e-01,1.461068e-01,"(0, (2, 2, 2, 2, 3))",9.935,,,,5
O_tau=2.8,3,1.279699e-01,1.458334e-01,"(0, (2, 2, 2, 2, 3))",9.941,,,,5
O_tau=2.8,3,1.299786e-01,1.455570e-01,"(0, (2, 2, 2, 2, 3))",9.947,,,,5
O_tau=2.8,3,1.320190e-01,1.452776e-01,"(0, (2, 2, 2, 2, 3))",9.952,,,,5
O_tau=2.8,3,1.340913e-01,1.449950e-01,"(0, (2, 2, 2, 2, 3))",9.958,,,,5
O_tau=2.8,3,1.361962e-01,1.447093e-01,"(0, (2, 2, 2, 2, 3))",9.963,,,,5
O_tau=2.8,3,1.383341e-01,1.444205e-01,"(0, (2, 2, 2, 2, 3))",9.968,,,,5
O_tau=2.8,3,1.405056e-01,1.441286e-01,"(0, (2, 2, 2, 2, 3))",9.974,,,,4
O_tau=2.8,3,1.427112e-01,1.438335e-01,"(0, (2, 2, 2, 2, 3))",10.096,,,,4
O_tau=2.8,3,1.449514e-01,1.435352e-01,"(0, (2, 2, 2, 2, 3))",10.100,,,,4
O_tau=2.8,3,1.472267e-01,1.432336e-01,"(0, (2, 2, 2, 2, 3))",10.104,,,,4
O_tau=2.8,3,1.495378e-01,1.429289e-01,"(0, (2, 2, 2, 2, 3))",10.109,,,,4
O_tau=2.8,3,1.518852e-01,1.426210e-01,"(0, (2, 2, 2, 2, 3))",10.113,,,,4
O_tau=2.8,3,1.542694e-01,1.423097e-01,"(0, (2, 2, 2, 2, 3))",10.117,,,,4
O_tau=2.8,3,1.566910e-01,1.419952e-01,"(0, (2, 2, 2, 2, 3))",10.122,,,,4
O_tau=2.8,3,1.591506e-01,1.416774e-01,"(0, (2, 2, 2, 2, 3))",10.126,,,,4
O_tau=2.8,3,1.616489e-01,1.413563e-01,"(0, (2, 2, 2, 2, 3))",10.131,,,,4
O_tau=2.8,3,1.641863e-01,1.410319e-01,"(0, (2, 2, 2, 2, 3))",10.136,,,,4
O_tau=2.8,3,1.667636e-01,1.407042e-01,"(0, (2, 2, 2, 2, 3))",10.141,,,,4
O_tau=2.8,3,1.693814e-01,1.403730e-01,"(0, (2, 2, 2, 2, 3))",10.145,,,,4
O_tau=2.8,3,1.720402e-01,1.400385e-01,"(0, (2, 2, 2, 2, 3))",10.150,,,,4
O_tau=2.8,3,1.747408e-01,1.397007e-01,"(0, (2, 2, 2, 2, 3))",10.155,,,,3
O_tau=2.8,3,1.774838e-01,1.393594e-01,"(0, (2, 2, 2, 2, 3))",10.160,,,,3
O_tau=2.8,3,1.802698e-01,1.390147e-01,"(0, (2, 2, 2, 2, 3))",10.165,,,,3
O_tau=2.8,3,1.830996e-01,1.386665e-01,"(0, (2, 2, 2, 2, 3))",10.171,,,,3
O_tau=2.8,3,1.859738e-01,1.383149e-01,"(0, (2, 2, 2, 2, 3))",10.176,,,,3
O_tau=2.8,3,1.888931e-01,1.379599e-01,"(0, (2, 2, 2, 2, 3))",10.181,,,,3
O_tau=2.8,3,1.918582e-01,1.376014e-01,"(0, (2, 2, 2, 2, 3))",10.187,,,,3
O_tau=2.8,3,1.948699e-01,1.372394e-01,"(0, (2, 2, 2, 2, 3))",10.192,,,,3
O_tau=2.8,3,1.979288e-01,1.368739e-01,"(0, (2, 2, 2, 2, 3))",10.198,,,,3
O_tau=2.8,3,2.010358e-01,1.365048e-01,"(0, (2, 2, 2, 2, 3))",10.204,,,,3
O_tau=2.8,3,2.041915e-01,1.361323e-01,"(0, (2, 2, 2, 2, 3))",10.210,,,,3
O_tau=2.8,3,2.073968e-01,1.357562e-01,"(0, (2, 2, 2, 2, 3))",10.216,,,,3
O_tau=2.8,3,2.106524e-01,1.353766e-01,"(0, (2, 2, 2, 2, 3))",10.222,,,,3
O_tau=2.8,3,2.139591e-01,1.349935e-01,"(0, (2, 2, 2, 2, 3))",10.228,,,,3
O_tau=2.8,3,2.173177e-01,1.346068e-01,"(0, (2, 2, 2, 2, 3))",10.234,,,,3
O_tau=2.8,3,2.207290e-01,1.342165e-01,"(0, (2, 2, 2, 2, 3))",10.240,,,,3
O_tau=2.8,3,2.241939e-01,1.338226e-01,"(0, (2, 2, 2, 2, 3))",10.247,,,,3
O_tau=2.8,3,2.277131e-01,1.334251e-01,"(0, (2, 2, 2, 2, 3))",10.253,,,,3
O_tau=2.8,3,2.312876e-01,1.330241e-01,"(0, (2, 2, 2, 2, 3))",10.260,,,,3
O_tau=2.8,3,2.349183e-01,1.326194e-01,"(0, (2, 2, 2, 2, 3))",10.266,,,,3
O_tau=2.8,3,2.386059e-01,1.322112e-01,"(0, (2, 2, 2, 2, 3))",10.273,,,,3
O_tau=2.8,3,2.423513e-01,1.317993e-01,"(0, (2, 2, 2, 2, 3))",10.280,,,,3
O_tau=2.8,3,2.461556e-01,1.313838e-01,"(0, (2, 2, 2, 2, 3))",10.287,,,,3
O_tau=2.8,3,2.500196e-01,1.309646e-01,"(0, (2, 2, 2, 2, 3))",10.294,,,,3
O_tau=2.8,3,2.539443e-01,1.305419e-01,"(0, (2, 2, 2, 2, 3))",10.301,,,,3
O_tau=2.8,3,2.579305e-01,1.301155e-01,"(0, (2, 2, 2, 2, 3))",10.309,,,,2
O_tau=2.8,3,2.619794e-01,1.296855e-01,"(0, (2, 2, 2, 2, 3))",10.316,,,,2
O_tau=2.8,3,2.660918e-01,1.292518e-01,"(0, (2, 2, 2, 2, 3))",10.324,,,,2
O_tau=2.8,3,2.702687e-01,1.288145e-01,"(0, (2, 2, 2, 2, 3))",10.332,,,,2
O_tau=2.8,3,2.745112e-01,1.283735e-01,"(0, (2, 2, 2, 2, 3))",10.339,,,,2
O_tau=2.8,3,2.788203e-01,1.279289e-01,"(0, (2, 2, 2, 2, 3))",10.347,,,,2
O_tau=2.8,3,2.831971e-01,1.274807e-01,"(0, (2, 2, 2, 2, 3))",10.355,,,,2
O_tau=2.8,3,2.876426e-01,1.270288e-01,"(0, (2, 2, 2, 2, 3))",10.364,,,,2
O_tau=2.8,3,2.921578e-01,1.265733e-01,"(0, (2, 2, 2, 2, 3))",10.372,,,,2
O_tau=2.8,3,2.967439e-01,1.261141e-01,"(0, (2, 2, 2, 2, 3))",10.380,,,,2
O_tau=2.8,3,3.014020e-01,1.256513e-01,"(0, (2, 2, 2, 2, 3))",10.389,,,,2
O_tau=2.8,3,3.061332e-01,1.251848e-01,"(0, (2, 2, 2, 2, 3))",10.398,,,,2
O_tau=2.8,3,3.109387e-01,1.247147e-01,"(0, (2, 2, 2, 2, 3))",10.407,,,,2
O_tau=2.8,3,3.158196e-01,1.242410e-01,"(0, (2, 2, 2, 2, 3))",10.416,,,,2
O_tau=2.8,3,3.207772e-01,1.237637e-01,"(0, (2, 2, 2, 2, 3))",10.425,,,,2
O_tau=2.8,3,3.258126e-01,1.232827e-01,"(0, (2, 2, 2, 2, 3))",10.434,,,,2
O_tau=2.8,3,3.309270e-01,1.227981e-01,"(0, (2, 2, 2, 2, 3))",10.444,,,,2
O_tau=2.8,3,3.361217e-01,1.223100e-01,"(0, (2, 2, 2, 2, 3))",10.453,,,,2
O_tau=2.8,3,3.413979e-01,1.218182e-01,"(0, (2, 2, 2, 2, 3))",10.463,,,,2
O_tau=2.8,3,3.467569e-01,1.213228e-01,"(0, (2, 2, 2, 2, 3))",10.473,,,,2
O_tau=2.8,3,3.522001e-01,1.208239e-01,"(0, (2, 2, 2, 2, 3))",10.483,,,,2
O_tau=2.8,3,3.577287e-01,1.203213e-01,"(0, (2, 2, 2, 2, 3))",10.493,,,,2
O_tau=2.8,3,3.633441e-01,1.198152e-01,"(0, (2, 2, 2, 2, 3))",10.503,,,,2
O_tau=2.8,3,3.690477e-01,1.193056e-01,"(0, (2, 2, 2, 2, 3))",10.514,,,,2
O_tau=2.8,3,3.748408e-01,1.187924e-01,"(0, (2, 2, 2, 2, 3))",10.525,,,,2
O_tau=2.8,3,3.807248e-01,1.182757e-01,"(0, (2, 2, 2, 2, 3))",10.535,,,,2
O_tau=2.8,3,3.867012e-01,1.177555e-01,"(0, (2, 2, 2, 2, 3))",10.546,,,,2
O_tau=2.8,3,3.927714e-01,1.172318e-01,"(0, (2, 2, 2, 2, 3))",10.558,,,,2
O_tau=2.8,3,3.989369e-01,1.167046e-01,"(0, (2, 2, 2, 2, 3))",10.569,,,,2
O_tau=2.8,3,4.051991e-01,1.161739e-01,"(0, (2, 2, 2, 2, 3))",10.581,,,,2
O_tau=2.8,3,4.115597e-01,1.156397e-01,"(0, (2, 2, 2, 2, 3))",10.592,,,,2
O_tau=2.8,3,4.180201e-01,1.151022e-01,"(0, (2, 2, 2, 2, 3))",10.604,,,,2
O_tau=2.8,3,4.245820e-01,1.145612e-01,"(0, (2, 2, 2, 2, 3))",10.616,,,,2
O_tau=2.8,3,4.312468e-01,1.140168e-01,"(0, (2, 2, 2, 2, 3))",10.629,,,,2
O_tau=2.8,3,4.380162e-01,1.134690e-01,"(0, (2, 2, 2, 2, 3))",10.641,,,,2
O_tau=2.8,3,4.448919e-01,1.129179e-01,"(0, (2, 2, 2, 2, 3))",10.654,,,,2
O_tau=2.8,3,4.518756e-01,1.123634e-01,"(0, (2, 2, 2, 2, 3))",10.667,,,,2
O_tau=2.8,3,4.589688e-01,1.118056e-01,"(0, (2, 2, 2, 2, 3))",10.680,,,,2
O_tau=2.8,3,4.661735e-01,1.112445e-01,"(0, (2, 2, 2, 2, 3))",10.693,,,,2
O_tau=2.8,3,4.734912e-01,1.106801e-01,"(0, (2, 2, 2, 2, 3))",10.707,,,,2
O_tau=2.8,3,4.809237e-01,1.101124e-01,"(0, (2, 2, 2, 2, 3))",10.720,,,,2
O_tau=2.8,3,4.884730e-01,1.095416e-01,"(0, (2, 2, 2, 2, 3))",10.734,,,,2
O_tau=2.8,3,4.961407e-01,1.089675e-01,"(0, (2, 2, 2, 2, 3))",10.748,,,,2
O_tau=2.8,3,5.039289e-01,1.083903e-01,"(0, (2, 2, 2, 2, 3))",10.763,,,,2
O_tau=2.8,3,5.118392e-01,1.078099e-01,"(0, (2, 2, 2, 2, 3))",10.777,,,,2
O_tau=2.8,3,5.198738e-01,1.072263e-01,"(0, (2, 2, 2, 2, 3))",10.792,,,,2
O_tau=2.8,3,5.280344e-01,1.066397e-01,"(0, (2, 2, 2, 2, 3))",10.807,,,,2
O_tau=2.8,3,5.363232e-01,1.060500e-01,"(0, (2, 2, 2, 2, 3))",10.823,,,,2
O_tau=2.8,3,5.447421e-01,1.054573e-01,"(0, (2, 2, 2, 2, 3))",10.838,,,,2
O_tau=2.8,3,5.532931e-01,1.048615e-01,"(0, (2, 2, 2, 2, 3))",10.854,,,,2
O_tau=2.8,3,5.619783e-01,1.042628e-01,"(0, (2, 2, 2, 2, 3))",10.870,,,,2
O_tau=2.8,3,5.707999e-01,1.036612e-01,"(0, (2, 2, 2, 2, 3))",10.886,,,,2
O_tau=2.8,3,5.797600e-01,1.030566e-01,"(0, (2, 2, 2, 2, 3))",10.903,,,,2
O_tau=2.8,3,5.888607e-01,1.024491e-01,"(0, (2, 2, 2, 2, 3))",10.920,,,,2
O_tau=2.8,3,5.981043e-01,1.018388e-01,"(0, (2, 2, 2, 2, 3))",10.937,,,,2
O_tau=2.8,3,6.074930e-01,1.012257e-01,"(0, (2, 2, 2, 2, 3))",10.954,,,,2
O_tau=2.8,3,6.170290e-01,1.006099e-01,"(0, (2, 2, 2, 2, 3))",10.972,,,,2
O_tau=2.8,3,6.267148e-01,9.999124e-02,"(0, (2, 2, 2, 2, 3))",10.989,,,,2
O_tau=2.8,3,6.365525e-01,9.936993e-02,"(0, (2, 2, 2, 2, 3))",11.008,,,,2
O_tau=2.8,3,6.465448e-01,9.874594e-02,"(0, (2, 2, 2, 2, 3))",11.026,,,,1
O_tau=2.8,3,6.566938e-01,9.811934e-02,"(0, (2, 2, 2, 2, 3))",11.045,,,,1
O_tau=2.8,3,6.670022e-01,9.749015e-02,"(0, (2, 2, 2, 2, 3))",11.064,,,,1
O_tau=2.8,3,6.774724e-01,9.685841e-02,"(0, (2, 2, 2, 2, 3))",11.083,,,,1
O_tau=2.8,3,6.881069e-01,9.622417e-02,"(0, (2, 2, 2, 2, 3))",11.103,,,,1
O_tau=2.8,3,6.989084e-01,9.558747e-02,"(0, (2, 2, 2, 2, 3))",11.123,,,,1
O_tau=2.8,3,7.098795e-01,9.494835e-02,"(0, (2, 2, 2, 2, 3))",11.143,,,,1
O_tau=2.8,3,7.210227e-01,9.430685e-02,"(0, (2, 2, 2, 2, 3))",11.164,,,,1
O_tau=2.8,3,7.323409e-01,9.366302e-02,"(0, (2, 2, 2, 2, 3))",11.184,,,,1
O_tau=2.8,3,7.438367e-01,9.301690e-02,"(0, (2, 2, 2, 2, 3))",11.206,,,,1
O_tau=2.8,3,7.555130e-01,9.236854e-02,"(0, (2, 2, 2, 2, 3))",11.227,,,,1
O_tau=2.8,3,7.673726e-01,9.171798e-02,"(0, (2, 2, 2, 2, 3))",11.249,,,,1
O_tau=2.8,3,7.794184e-01,9.106527e-02,"(0, (2, 2, 2, 2, 3))",11.271,,,,1
O_tau=2.8,3,7.916532e-01,9.041045e-02,"(0, (2, 2, 2, 2, 3))",11.294,,,,1
O_tau=2.8,3,8.040801e-01,8.975358e-02,"(0, (2, 2, 2, 2, 3))",11.317,,,,1
O_tau=2.8,3,8.167020e-01,8.909471e-02,"(0, (2, 2, 2, 2, 3))",11.340,,,,1
O_tau=2.8,3,8.295221e-01,8.843388e-02,"(0, (2, 2, 2, 2, 3))",11.364,,,,1
O_tau=2.8,3,8.425434e-01,8.777114e-02,"(0, (2, 2, 2, 2, 3))",11.388,,,,1
O_tau=2.8,3,8.557692e-01,8.710654e-02,"(0, (2, 2, 2, 2, 3))",11.412,,,,1
O_tau=2.8,3,8.692025e-01,8.644014e-02,"(0, (2, 2, 2, 2, 3))",11.437,,,,1
O_tau=2.8,3,8.828467e-01,8.577199e-02,"(0, (2, 2, 2, 2, 3))",11.462,,,,1
O_tau=2.8,3,8.967051e-01,8.510214e-02,"(0, (2, 2, 2, 2, 3))",11.488,,,,1
O_tau=2.8,3,9.107810e-01,8.443065e-02,"(0, (2, 2, 2, 2, 3))",11.514,,,,1
O_tau=2.8,3,9.250779e-01,8.375756e-02,"(0, (2, 2, 2, 2, 3))",11.540,,,,1
O_tau=2.8,3,9.395992e-01,8.308294e-02,"(0, (2, 2, 2, 2, 3))",11.567,,,,1
O_tau=2.8,3,9.543485e-01,8.240684e-02,"(0, (2, 2, 2, 2, 3))",11.594,,,,1
O_tau=2.8,3,9.693293e-01,8.172931e-02,"(0, (2, 2, 2, 2, 3))",11.622,,,,1
O_tau=2.8,3,9.845452e-01,8.105042e-02,"(0, (2, 2, 2, 2, 3))",11.650,,,,1
O_tau=2.8,3,1.000000e+00,8.037022e-02,"(0, (2, 2, 2, 2, 3))",11.678,,,,1
O_tau=2.8,12,1.000000e-05,8.333153e-02,"(0, (2, 3, 4, 4))",-5216.965,,,,
O_tau=2.8,12,1.017818e-05,8.333150e-02,"(0, (2, 3, 4, 4))",-5125.426,,,,
O_tau=2.8,12,1.035953e-05,8.333146e-02,"(0, (2, 3, 4, 4))",-5035.490,,,,
O_tau=2.8,12,1.054412e-05,8.333143e-02,"(0, (2, 3, 4, 4))",-4947.128,,,,
O_tau=2.8,12,1.073199e-05,8.333140e-02,"(0, (2, 3, 4, 4))",-4860.313,,,,
O_tau=2.8,12,1.092322e-05,8.333136e-02,"(0, (2, 3, 4, 4))",-4775.018,,,,
O_tau=2.8,12,1.111784e-05,8.333133e-02,"(0, (2, 3, 4, 4))",-4691.217,,,,
O_tau=2.8,12,1.131594e-05,8.333129e-02,"(0, (2, 3, 4, 4))",-4608.882,,,,
O_tau=2.8,12,1.151757e-05,8.333125e-02,"(0, (2, 3, 4, 4))",-4527.989,,,,
O_tau=2.8,12,1.172279e-05,8.333122e-02,"(0, (2, 3, 4, 4))",-4448.512,,,,
O_tau=2.8,12,1.193166e-05,8.333118e-02,"(0, (2, 3, 4, 4))",-4370.427,,,,
O_tau=2.8,12,1.214426e-05,8.333114e-02,"(0, (2, 3, 4, 4))",-4293.708,,,,
O_tau=2.8,12,1.236065e-05,8.333110e-02,"(0, (2, 3, 4, 4))",-4218.333,,,,
O_tau=2.8,12,1.258089e-05,8.333106e-02,"(0, (2, 3, 4, 4))",-4144.277,,,,
O_tau=2.8,12,1.280505e-05,8.333102e-02,"(0, (2, 3, 4, 4))",-4071.517,,,,
O_tau=2.8,12,1.303321e-05,8.333098e-02,"(0, (2, 3, 4, 4))",-4000.032,,,,
O_tau=2.8,12,1.326544e-05,8.333094e-02,"(0, (2, 3, 4, 4))",-3929.798,,,,
O_tau=2.8,12,1.350180e-05,8.333090e-02,"(0, (2, 3, 4, 4))",-3860.793,,,,
O_tau=2.8,12,1.374238e-05,8.333085e-02,"(0, (2, 3, 4, 4))",-3792.997,,,,
O_tau=2.8,12,1.398724e-05,8.333081e-02,"(0, (2, 3, 4, 4))",-3726.387,,,,
O_tau=2.8,12,1.423646e-05,8.333076e-02,"(0, (2, 3, 4, 4))",-3660.944,,,,
O_tau=2.8,12,1.449012e-05,8.333072e-02,"(0, (2, 3, 4, 4))",-3596.646,,,,
O_tau=2.8,12,1.474831e-05,8.333067e-02,"(0, (2, 3, 4, 4))",-3533.474,,,,
O_tau=2.8,12,1.501109e-05,8.333062e-02,"(0, (2, 3, 4, 4))",-3471.408,,,,
O_tau=2.8,12,1.527856e-05,8.333057e-02,"(0, (2, 3, 4, 4))",-3410.429,,,,
O_tau=2.8,12,1.555079e-05,8.333053e-02,"(0, (2, 3, 4, 4))",-3350.517,,,,
O_tau=2.8,12,1.582787e-05,8.333048e-02,"(0, (2, 3, 4, 4))",-3291.654,,,,
O_tau=2.8,12,1.610989e-05,8.333042e-02,"(0, (2, 3, 4, 4))",-3233.821,,,,
O_tau=2.8,12,1.639694e-05,8.333037e-02,"(0, (2, 3, 4, 4))",-3177.001,,,,
O_tau=2.8,12,1.668910e-05,8.333032e-02,"(0, (2, 3, 4, 4))",-3121.176,,,,
O_tau=2.8,12,1.698646e-05,8.333027e-02,"(0, (2, 3, 4, 4))",-3066.328,,,,
O_tau=2.8,12,1.728913e-05,8.333021e-02,"(0, (2, 3, 4, 4))",-3012.441,,,,
O_tau=2.8,12,1.759718e-05,8.333016e-02,"(0, (2, 3, 4, 4))",-2959.497,,,,
O_tau=2.8,12,1.791073e-05,8.333010e-02,"(0, (2, 3, 4, 4))",-2907.479,,,,
O_tau=2.8,12,1.822986e-05,8.333004e-02,"(0, (2, 3, 4, 4))",-2856.373,,,,
O_tau=2.8,12,1.855468e-05,8.332998e-02,"(0, (2, 3, 4, 4))",-2806.161,,,,
O_tau=2.8,12,1.888529e-05,8.332992e-02,"(0, (2, 3, 4, 4))",-2756.828,,,,
O_tau=2.8,12,1.922178e-05,8.332986e-02,"(0, (2, 3, 4, 4))",-2708.359,,,,
O_tau=2.8,12,1.956428e-05,8.332980e-02,"(0, (2, 3, 4, 4))",-2660.738,,,,
O_tau=2.8,12,1.991287e-05,8.332974e-02,"(0, (2, 3, 4, 4))",-2613.951,,,,
O_tau=2.8,12,2.026768e-05,8.332967e-02,"(0, (2, 3, 4, 4))",-2567.984,,,,
O_tau=2.8,12,2.062881e-05,8.332961e-02,"(0, (2, 3, 4, 4))",-2522.821,,,,
O_tau=2.8,12,2.099637e-05,8.332954e-02,"(0, (2, 3, 4, 4))",-2478.449,,,,
O_tau=2.8,12,2.137048e-05,8.332948e-02,"(0, (2, 3, 4, 4))",-2434.853,,,,
O_tau=2.8,12,2.175126e-05,8.332941e-02,"(0, (2, 3, 4, 4))",-2392.021,,,,
O_tau=2.8,12,2.213882e-05,8.332934e-02,"(0, (2, 3, 4, 4))",-2349.939,,,,
O_tau=2.8,12,2.253329e-05,8.332927e-02,"(0, (2, 3, 4, 4))",-2308.593,,,,
O_tau=2.8,12,2.293479e-05,8.332919e-02,"(0, (2, 3, 4, 4))",-2267.972,,,,
O_tau=2.8,12,2.334344e-05,8.332912e-02,"(0, (2, 3, 4, 4))",-2228.061,,,,
O_tau=2.8,12,2.375937e-05,8.332904e-02,"(0, (2, 3, 4, 4))",-2188.849,,,,
O_tau=2.8,12,2.418271e-05,8.332897e-02,"(0, (2, 3, 4, 4))",-2150.324,,,,
O_tau=2.8,12,2.461360e-05,8.332889e-02,"(0, (2, 3, 4, 4))",-2112.473,,,,
O_tau=2.8,12,2.505216e-05,8.332881e-02,"(0, (2, 3, 4, 4))",-2075.285,,,,
O_tau=2.8,12,2.549854e-05,8.332873e-02,"(0, (2, 3, 4, 4))",-2038.748,,,,
O_tau=2.8,12,2.595287e-05,8.332865e-02,"(0, (2, 3, 4, 4))",-2002.851,,,,
O_tau=2.8,12,2.641530e-05,8.332856e-02,"(0, (2, 3, 4, 4))",-1967.582,,,,
O_tau=2.8,12,2.688596e-05,8.332848e-02,"(0, (2, 3, 4, 4))",-1932.931,,,,
O_tau=2.8,12,2.736502e-05,8.332839e-02,"(0, (2, 3, 4, 4))",-1898.887,,,,
O_tau=2.8,12,2.785260e-05,8.332830e-02,"(0, (2, 3, 4, 4))",-1865.438,,,,
O_tau=2.8,12,2.834888e-05,8.332822e-02,"(0, (2, 3, 4, 4))",-1832.575,,,,
O_tau=2.8,12,2.885400e-05,8.332812e-02,"(0, (2, 3, 4, 4))",-1800.287,,,,
O_tau=2.8,12,2.936812e-05,8.332803e-02,"(0, (2, 3, 4, 4))",-1768.565,,,,
O_tau=2.8,12,2.989140e-05,8.332794e-02,"(0, (2, 3, 4, 4))",-1737.398,,,,
O_tau=2.8,12,3.042400e-05,8.332784e-02,"(0, (2, 3, 4, 4))",-1706.777,,,,
O_tau=2.8,12,3.096609e-05,8.332774e-02,"(0, (2, 3, 4, 4))",-1676.692,,,,
O_tau=2.8,12,3.151784e-05,8.332764e-02,"(0, (2, 3, 4, 4))",-1647.134,,,,
O_tau=2.8,12,3.207943e-05,8.332754e-02,"(0, (2, 3, 4, 4))",-1618.093,,,,
O_tau=2.8,12,3.265102e-05,8.332744e-02,"(0, (2, 3, 4, 4))",-1589.560,,,,
O_tau=2.8,12,3.323279e-05,8.332733e-02,"(0, (2, 3, 4, 4))",-1561.527,,,,
O_tau=2.8,12,3.382493e-05,8.332723e-02,"(0, (2, 3, 4, 4))",-1533.985,,,,
O_tau=2.8,12,3.442762e-05,8.332712e-02,"(0, (2, 3, 4, 4))",-1506.926,,,,
O_tau=2.8,12,3.504105e-05,8.332701e-02,"(0, (2, 3, 4, 4))",-1480.340,,,,
O_tau=2.8,12,3.566541e-05,8.332689e-02,"(0, (2, 3, 4, 4))",-1454.219,,,,
O_tau=2.8,12,3.630089e-05,8.332678e-02,"(0, (2, 3, 4, 4))",-1428.556,,,,
O_tau=2.8,12,3.694770e-05,8.332666e-02,"(0, (2, 3, 4, 4))",-1403.342,,,,
O_tau=2.8,12,3.760603e-05,8.332654e-02,"(0, (2, 3, 4, 4))",-1378.570,,,,
O_tau=2.8,12,3.827609e-05,8.332642e-02,"(0, (2, 3, 4, 4))",-1354.231,,,,
O_tau=2.8,12,3.895809e-05,8.332630e-02,"(0, (2, 3, 4, 4))",-1330.318,,,,
O_tau=2.8,12,3.965225e-05,8.332617e-02,"(0, (2, 3, 4, 4))",-1306.824,,,,
O_tau=2.8,12,4.035877e-05,8.332605e-02,"(0, (2, 3, 4, 4))",-1283.742,,,,
O_tau=2.8,12,4.107788e-05,8.332592e-02,"(0, (2, 3, 4, 4))",-1261.064,,,,
O_tau=2.8,12,4.180980e-05,8.332579e-02,"(0, (2, 3, 4, 4))",-1238.782,,,,
O_tau=2.8,12,4.255477e-05,8.332565e-02,"(0, (2, 3, 4, 4))",-1216.891,,,,
O_tau=2.8,12,4.331300e-05,8.332551e-02,"(0, (2, 3, 4, 4))",-1195.383,,,,
O_tau=2.8,12,4.408475e-05,8.332537e-02,"(0, (2, 3, 4, 4))",-1174.252,,,,
O_tau=2.8,12,4.487025e-05,8.332523e-02,"(0, (2, 3, 4, 4))",-1153.491,,,,
O_tau=2.8,12,4.566975e-05,8.332509e-02,"(0, (2, 3, 4, 4))",-1133.093,,,,
O_tau=2.8,12,4.648349e-05,8.332494e-02,"(0, (2, 3, 4, 4))",-1113.052,,,,
O_tau=2.8,12,4.731173e-05,8.332479e-02,"(0, (2, 3, 4, 4))",-1093.363,,,,
O_tau=2.8,12,4.815472e-05,8.332464e-02,"(0, (2, 3, 4, 4))",-1074.018,,,,
O_tau=2.8,12,4.901274e-05,8.332449e-02,"(0, (2, 3, 4, 4))",-1055.011,,,,
O_tau=2.8,12,4.988605e-05,8.332433e-02,"(0, (2, 3, 4, 4))",-1036.338,,,,
O_tau=2.8,12,5.077491e-05,8.332417e-02,"(0, (2, 3, 4, 4))",-1017.991,,,,
O_tau=2.8,12,5.167962e-05,8.332400e-02,"(0, (2, 3, 4, 4))",-999.966,,,,
O_tau=2.8,12,5.260044e-05,8.332384e-02,"(0, (2, 3, 4, 4))",-982.256,,,,
O_tau=2.8,12,5.353767e-05,8.332367e-02,"(0, (2, 3, 4, 4))",-964.857,,,,
O_tau=2.8,12,5.449160e-05,8.332350e-02,"(0, (2, 3, 4, 4))",-947.762,,,,
O_tau=2.8,12,5.546253e-05,8.332332e-02,"(0, (2, 3, 4, 4))",-930.966,,,,
O_tau=2.8,12,5.645076e-05,8.332314e-02,"(0, (2, 3, 4, 4))",-914.465,,,,
O_tau=2.8,12,5.745660e-05,8.332296e-02,"(0, (2, 3, 4, 4))",-898.252,,,,
O_tau=2.8,12,5.848035e-05,8.332278e-02,"(0, (2, 3, 4, 4))",-882.324,,,,
O_tau=2.8,12,5.952235e-05,8.332259e-02,"(0, (2, 3, 4, 4))",-866.674,,,,
O_tau=2.8,12,6.058292e-05,8.332240e-02,"(0, (2, 3, 4, 4))",-851.298,,,,
O_tau=2.8,12,6.166238e-05,8.332220e-02,"(0, (2, 3, 4, 4))",-836.192,,,,
O_tau=2.8,12,6.276108e-05,8.332200e-02,"(0, (2, 3, 4, 4))",-821.350,,,,
O_tau=2.8,12,6.387935e-05,8.332180e-02,"(0, (2, 3, 4, 4))",-806.768,,,,
O_tau=2.8,12,6.501755e-05,8.332160e-02,"(0, (2, 3, 4, 4))",-792.441,,,,
O_tau=2.8,12,6.617603e-05,8.332139e-02,"(0, (2, 3, 4, 4))",-778.365,,,,
O_tau=2.8,12,6.735515e-05,8.332117e-02,"(0, (2, 3, 4, 4))",-764.536,,,,
O_tau=2.8,12,6.855528e-05,8.332096e-02,"(0, (2, 3, 4, 4))",-750.949,,,,
O_tau=2.8,12,6.977679e-05,8.332074e-02,"(0, (2, 3, 4, 4))",-737.600,,,,
O_tau=2.8,12,7.102007e-05,8.332051e-02,"(0, (2, 3, 4, 4))",-724.484,,,,
O_tau=2.8,12,7.228550e-05,8.332029e-02,"(0, (2, 3, 4, 4))",-711.598,,,,
O_tau=2.8,12,7.357348e-05,8.332005e-02,"(0, (2, 3, 4, 4))",-698.938,,,,
O_tau=2.8,12,7.488441e-05,8.331982e-02,"(0, (2, 3, 4, 4))",-686.500,,,,
O_tau=2.8,12,7.621869e-05,8.331958e-02,"(0, (2, 3, 4, 4))",-674.279,,,,
O_tau=2.8,12,7.757675e-05,8.331933e-02,"(0, (2, 3, 4, 4))",-662.272,,,,
O_tau=2.8,12,7.895901e-05,8.331908e-02,"(0, (2, 3, 4, 4))",-650.476,,,,
O_tau=2.8,12,8.036590e-05,8.331883e-02,"(0, (2, 3, 4, 4))",-638.886,,,,
O_tau=2.8,12,8.179785e-05,8.331857e-02,"(0, (2, 3, 4, 4))",-627.499,,,,
O_tau=2.8,12,8.325532e-05,8.331831e-02,"(0, (2, 3, 4, 4))",-616.312,,,,
O_tau=2.8,12,8.473876e-05,8.331804e-02,"(0, (2, 3, 4, 4))",-605.320,,,,
O_tau=2.8,12,8.624863e-05,8.331777e-02,"(0, (2, 3, 4, 4))",-594.521,,,,
O_tau=2.8,12,8.778540e-05,8.331749e-02,"(0, (2, 3, 4, 4))",-583.911,,,,
O_tau=2.8,12,8.934956e-05,8.331721e-02,"(0, (2, 3, 4, 4))",-573.487,,,,
O_tau=2.8,12,9.094158e-05,8.331692e-02,"(0, (2, 3, 4, 4))",-563.245,,,,
O_tau=2.8,12,9.256197e-05,8.331663e-02,"(0, (2, 3, 4, 4))",-553.183,,,,
O_tau=2.8,12,9.421124e-05,8.331633e-02,"(0, (2, 3, 4, 4))",-543.297,,,,
O_tau=2.8,12,9.588989e-05,8.331603e-02,"(0, (2, 3, 4, 4))",-533.584,,,,
O_tau=2.8,12,9.759844e-05,8.331572e-02,"(0, (2, 3, 4, 4))",-524.041,,,,
O_tau=2.8,12,9.933745e-05,8.331540e-02,"(0, (2, 3, 4, 4))",-514.666,,,,
O_tau=2.8,12,1.011074e-04,8.331508e-02,"(0, (2, 3, 4, 4))",-505.454,,,,
O_tau=2.8,12,1.029090e-04,8.331476e-02,"(0, (2, 3, 4, 4))",-496.404,,,,
O_tau=2.8,12,1.047426e-04,8.331443e-02,"(0, (2, 3, 4, 4))",-487.512,,,,
O_tau=2.8,12,1.066089e-04,8.331409e-02,"(0, (2, 3, 4, 4))",-478.776,,,,
O_tau=2.8,12,1.085084e-04,8.331375e-02,"(0, (2, 3, 4, 4))",-470.193,,,,
O_tau=2.8,12,1.104418e-04,8.331340e-02,"(0, (2, 3, 4, 4))",-461.761,,,,
O_tau=2.8,12,1.124097e-04,8.331304e-02,"(0, (2, 3, 4, 4))",-453.476,,,,
O_tau=2.8,12,1.144126e-04,8.331268e-02,"(0, (2, 3, 4, 4))",-445.336,,,,
O_tau=2.8,12,1.164512e-04,8.331232e-02,"(0, (2, 3, 4, 4))",-437.339,,,,
O_tau=2.8,12,1.185261e-04,8.331194e-02,"(0, (2, 3, 4, 4))",-429.482,,,,
O_tau=2.8,12,1.206380e-04,8.331156e-02,"(0, (2, 3, 4, 4))",-421.762,,,,
O_tau=2.8,12,1.227875e-04,8.331117e-02,"(0, (2, 3, 4, 4))",-414.178,,,,
O_tau=2.8,12,1.249753e-04,8.331078e-02,"(0, (2, 3, 4, 4))",-406.726,,,,
O_tau=2.8,12,1.272021e-04,8.331038e-02,"(0, (2, 3, 4, 4))",-399.405,,,,
O_tau=2.8,12,1.294686e-04,8.330997e-02,"(0, (2, 3, 4, 4))",-392.212,,,,
O_tau=2.8,12,1.317755e-04,8.330955e-02,"(0, (2, 3, 4, 4))",-385.145,,,,
O_tau=2.8,12,1.341234e-04,8.330913e-02,"(0, (2, 3, 4, 4))",-378.202,,,,
O_tau=2.8,12,1.365132e-04,8.330870e-02,"(0, (2, 3, 4, 4))",-371.381,,,,
O_tau=2.8,12,1.389456e-04,8.330826e-02,"(0, (2, 3, 4, 4))",-364.679,,,,
O_tau=2.8,12,1.414214e-04,8.330781e-02,"(0, (2, 3, 4, 4))",-358.095,,,,
O_tau=2.8,12,1.439412e-04,8.330736e-02,"(0, (2, 3, 4, 4))",-351.625,,,,
O_tau=2.8,12,1.465059e-04,8.330689e-02,"(0, (2, 3, 4, 4))",-345.269,,,,
O_tau=2.8,12,1.491164e-04,8.330642e-02,"(0, (2, 3, 4, 4))",-339.025,,,,
O_tau=2.8,12,1.517733e-04,8.330594e-02,"(0, (2, 3, 4, 4))",-332.890,,,,
O_tau=2.8,12,1.544776e-04,8.330546e-02,"(0, (2, 3, 4, 4))",-326.862,,,,
O_tau=2.8,12,1.572301e-04,8.330496e-02,"(0, (2, 3, 4, 4))",-320.940,,,,
O_tau=2.8,12,1.600316e-04,8.330445e-02,"(0, (2, 3, 4, 4))",-315.122,,,,
O_tau=2.8,12,1.628830e-04,8.330394e-02,"(0, (2, 3, 4, 4))",-309.405,,,,
O_tau=2.8,12,1.657853e-04,8.330342e-02,"(0, (2, 3, 4, 4))",-303.789,,,,
O_tau=2.8,12,1.687392e-04,8.330288e-02,"(0, (2, 3, 4, 4))",-298.271,,,,
O_tau=2.8,12,1.717458e-04,8.330234e-02,"(0, (2, 3, 4, 4))",-292.850,,,,
O_tau=2.8,12,1.748059e-04,8.330179e-02,"(0, (2, 3, 4, 4))",-287.523,,,,
O_tau=2.8,12,1.779206e-04,8.330123e-02,"(0, (2, 3, 4, 4))",-282.290,,,,
O_tau=2.8,12,1.810908e-04,8.330066e-02,"(0, (2, 3, 4, 4))",-277.149,,,,
O_tau=2.8,12,1.843175e-04,8.330007e-02,"(0, (2, 3, 4, 4))",-272.098,,,,
O_tau=2.8,12,1.876016e-04,8.329948e-02,"(0, (2, 3, 4, 4))",-267.135,,,,
O_tau=2.8,12,1.909443e-04,8.329888e-02,"(0, (2, 3, 4, 4))",-262.259,,,,
O_tau=2.8,12,1.943465e-04,8.329827e-02,"(0, (2, 3, 4, 4))",-257.469,,,,
O_tau=2.8,12,1.978094e-04,8.329764e-02,"(0, (2, 3, 4, 4))",-252.762,,,,
O_tau=2.8,12,2.013339e-04,8.329701e-02,"(0, (2, 3, 4, 4))",-248.138,,,,
O_tau=2.8,12,2.049213e-04,8.329636e-02,"(0, (2, 3, 4, 4))",-243.595,,,,
O_tau=2.8,12,2.085726e-04,8.329570e-02,"(0, (2, 3, 4, 4))",-239.132,,,,
O_tau=2.8,12,2.122889e-04,8.329503e-02,"(0, (2, 3, 4, 4))",-234.747,,,,
O_tau=2.8,12,2.160715e-04,8.329435e-02,"(0, (2, 3, 4, 4))",-230.439,,,,
O_tau=2.8,12,2.199214e-04,8.329366e-02,"(0, (2, 3, 4, 4))",-226.206,,,,
O_tau=2.8,12,2.238399e-04,8.329295e-02,"(0, (2, 3, 4, 4))",-222.047,,,,
O_tau=2.8,12,2.278283e-04,8.329223e-02,"(0, (2, 3, 4, 4))",-217.961,,,,
O_tau=2.8,12,2.318877e-04,8.329150e-02,"(0, (2, 3, 4, 4))",-213.947,,,,
O_tau=2.8,12,2.360195e-04,8.329075e-02,"(0, (2, 3, 4, 4))",-210.003,,,,
O_tau=2.8,12,2.402249e-04,8.329000e-02,"(0, (2, 3, 4, 4))",-206.128,,,,
O_tau=2.8,12,2.445052e-04,8.328922e-02,"(0, (2, 3, 4, 4))",-202.322,,,,
O_tau=2.8,12,2.488618e-04,8.328844e-02,"(0, (2, 3, 4, 4))",-198.581,,,,
O_tau=2.8,12,2.532960e-04,8.328764e-02,"(0, (2, 3, 4, 4))",-194.907,,,,
O_tau=2.8,12,2.578092e-04,8.328683e-02,"(0, (2, 3, 4, 4))",-191.296,,,,
O_tau=2.8,12,2.624028e-04,8.328600e-02,"(0, (2, 3, 4, 4))",-187.750,,,,
O_tau=2.8,12,2.670783e-04,8.328515e-02,"(0, (2, 3, 4, 4))",-184.265,,,,
O_tau=2.8,12,2.718371e-04,8.328430e-02,"(0, (2, 3, 4, 4))",-180.841,,,,
O_tau=2.8,12,2.766807e-04,8.328342e-02,"(0, (2, 3, 4, 4))",-177.477,,,,
O_tau=2.8,12,2.816105e-04,8.328254e-02,"(0, (2, 3, 4, 4))",-174.173,,,,
O_tau=2.8,12,2.866283e-04,8.328163e-02,"(0, (2, 3, 4, 4))",-170.926,,,,
O_tau=2.8,12,2.917354e-04,8.328071e-02,"(0, (2, 3, 4, 4))",-167.736,,,,
O_tau=2.8,12,2.969335e-04,8.327977e-02,"(0, (2, 3, 4, 4))",-164.602,,,,
O_tau=2.8,12,3.022242e-04,8.327882e-02,"(0, (2, 3, 4, 4))",-161.523,,,,
O_tau=2.8,12,3.076093e-04,8.327785e-02,"(0, (2, 3, 4, 4))",-158.497,,,,
O_tau=2.8,12,3.130902e-04,8.327686e-02,"(0, (2, 3, 4, 4))",-155.525,,,,
O_tau=2.8,12,3.186688e-04,8.327586e-02,"(0, (2, 3, 4, 4))",-152.605,,,,
O_tau=2.8,12,3.243469e-04,8.327484e-02,"(0, (2, 3, 4, 4))",-149.737,,,,
O_tau=2.8,12,3.301261e-04,8.327379e-02,"(0, (2, 3, 4, 4))",-146.918,,,,
O_tau=2.8,12,3.360082e-04,8.327273e-02,"(0, (2, 3, 4, 4))",-144.149,,,,
O_tau=2.8,12,3.419952e-04,8.327166e-02,"(0, (2, 3, 4, 4))",-141.428,,,,
O_tau=2.8,12,3.480888e-04,8.327056e-02,"(0, (2, 3, 4, 4))",-138.755,,,,
O_tau=2.8,12,3.542911e-04,8.326944e-02,"(0, (2, 3, 4, 4))",-136.129,,,,
O_tau=2.8,12,3.606038e-04,8.326830e-02,"(0, (2, 3, 4, 4))",-133.549,,,,
O_tau=2.8,12,3.670290e-04,8.326715e-02,"(0, (2, 3, 4, 4))",-131.015,,,,
O_tau=2.8,12,3.735687e-04,8.326597e-02,"(0, (2, 3, 4, 4))",-128.524,,,,
O_tau=2.8,12,3.802249e-04,8.326477e-02,"(0, (2, 3, 4, 4))",-126.078,,,,
O_tau=2.8,12,3.869998e-04,8.326355e-02,"(0, (2, 3, 4, 4))",-123.674,,,,
O_tau=2.8,12,3.938953e-04,8.326231e-02,"(0, (2, 3, 4, 4))",-121.312,,,,
O_tau=2.8,12,4.009137e-04,8.326105e-02,"(0, (2, 3, 4, 4))",-118.992,,,,
O_tau=2.8,12,4.080572e-04,8.325976e-02,"(0, (2, 3, 4, 4))",-116.712,,,,
O_tau=2.8,12,4.153279e-04,8.325845e-02,"(0, (2, 3, 4, 4))",-114.473,,,,
O_tau=2.8,12,4.227282e-04,8.325712e-02,"(0, (2, 3, 4, 4))",-112.273,,,,
O_tau=2.8,12,4.302603e-04,8.325576e-02,"(0, (2, 3, 4, 4))",-110.111,,,,
O_tau=2.8,12,4.379267e-04,8.325438e-02,"(0, (2, 3, 4, 4))",-107.987,,,,
O_tau=2.8,12,4.457296e-04,8.325298e-02,"(0, (2, 3, 4, 4))",-105.901,,,,
O_tau=2.8,12,4.536716e-04,8.325155e-02,"(0, (2, 3, 4, 4))",-103.851,,,,
O_tau=2.8,12,4.617551e-04,8.325009e-02,"(0, (2, 3, 4, 4))",-101.837,,,,
O_tau=2.8,12,4.699826e-04,8.324861e-02,"(0, (2, 3, 4, 4))",-99.858,,,,
O_tau=2.8,12,4.783567e-04,8.324710e-02,"(0, (2, 3, 4, 4))",-97.914,,,,
O_tau=2.8,12,4.868801e-04,8.324557e-02,"(0, (2, 3, 4, 4))",-96.004,,,,
O_tau=2.8,12,4.955553e-04,8.324401e-02,"(0, (2, 3, 4, 4))",-94.128,,,,
O_tau=2.8,12,5.043850e-04,8.324242e-02,"(0, (2, 3, 4, 4))",-92.284,,,,
O_tau=2.8,12,5.133721e-04,8.324080e-02,"(0, (2, 3, 4, 4))",-90.473,,,,
O_tau=2.8,12,5.225194e-04,8.323916e-02,"(0, (2, 3, 4, 4))",-88.694,,,,
O_tau=2.8,12,5.318296e-04,8.323748e-02,"(0, (2, 3, 4, 4))",-86.946,,,,
O_tau=2.8,12,5.413057e-04,8.323578e-02,"(0, (2, 3, 4, 4))",-85.228,,,,
O_tau=2.8,12,5.509506e-04,8.323404e-02,"(0, (2, 3, 4, 4))",-83.541,,,,
O_tau=2.8,12,5.607674e-04,8.323228e-02,"(0, (2, 3, 4, 4))",-81.883,,,,
O_tau=2.8,12,5.707592e-04,8.323048e-02,"(0, (2, 3, 4, 4))",-80.255,,,,
O_tau=2.8,12,5.809289e-04,8.322865e-02,"(0, (2, 3, 4, 4))",-78.655,,,,
O_tau=2.8,12,5.912799e-04,8.322679e-02,"(0, (2, 3, 4, 4))",-77.083,,,,
O_tau=2.8,12,6.018153e-04,8.322490e-02,"(0, (2, 3, 4, 4))",-75.538,,,,
O_tau=2.8,12,6.125384e-04,8.322297e-02,"(0, (2, 3, 4, 4))",-74.021,,,,
O_tau=2.8,12,6.234525e-04,8.322101e-02,"(0, (2, 3, 4, 4))",-72.530,,,,
O_tau=2.8,12,6.345612e-04,8.321901e-02,"(0, (2, 3, 4, 4))",-71.066,,,,
O_tau=2.8,12,6.458677e-04,8.321698e-02,"(0, (2, 3, 4, 4))",-69.627,,,,
O_tau=2.8,12,6.573758e-04,8.321491e-02,"(0, (2, 3, 4, 4))",-68.214,,,,
O_tau=2.8,12,6.690889e-04,8.321280e-02,"(0, (2, 3, 4, 4))",-66.825,,,,4334
O_tau=2.8,12,6.810106e-04,8.321066e-02,"(0, (2, 3, 4, 4))",-65.460,,,,4249
O_tau=2.8,12,6.931448e-04,8.320848e-02,"(0, (2, 3, 4, 4))",-64.120,,,,4167
O_tau=2.8,12,7.054953e-04,8.320626e-02,"(0, (2, 3, 4, 4))",-62.803,,,,4085
O_tau=2.8,12,7.180657e-04,8.320400e-02,"(0, (2, 3, 4, 4))",-61.509,,,4327,4006
O_tau=2.8,12,7.308602e-04,8.320170e-02,"(0, (2, 3, 4, 4))",-60.238,,,4244,3928
O_tau=2.8,12,7.438826e-04,8.319936e-02,"(0, (2, 3, 4, 4))",-58.990,,,4162,3851
O_tau=2.8,12,7.571370e-04,8.319698e-02,"(0, (2, 3, 4, 4))",-57.763,,,4081,3776
O_tau=2.8,12,7.706277e-04,8.319456e-02,"(0, (2, 3, 4, 4))",-56.558,,,4002,3702
O_tau=2.8,12,7.843587e-04,8.319209e-02,"(0, (2, 3, 4, 4))",-55.374,,,3925,3629
O_tau=2.8,12,7.983343e-04,8.318958e-02,"(0, (2, 3, 4, 4))",-54.210,,,3849,3559
O_tau=2.8,12,8.125590e-04,8.318703e-02,"(0, (2, 3, 4, 4))",-53.067,,,3774,3489
O_tau=2.8,12,8.270371e-04,8.318443e-02,"(0, (2, 3, 4, 4))",-51.945,,,3701,3421
O_tau=2.8,12,8.417732e-04,8.318178e-02,"(0, (2, 3, 4, 4))",-50.842,,,3629,3354
O_tau=2.8,12,8.567719e-04,8.317909e-02,"(0, (2, 3, 4, 4))",-49.758,,,3558,3289
O_tau=2.8,12,8.720378e-04,8.317635e-02,"(0, (2, 3, 4, 4))",-48.693,,,3490,3224
O_tau=2.8,12,8.875757e-04,8.317356e-02,"(0, (2, 3, 4, 4))",-47.647,,,3422,3161
O_tau=2.8,12,9.033905e-04,8.317072e-02,"(0, (2, 3, 4, 4))",-46.620,,,3356,3099
O_tau=2.8,12,9.194870e-04,8.316784e-02,"(0, (2, 3, 4, 4))",-45.610,4285,,3291,3039
O_tau=2.8,12,9.358704e-04,8.316490e-02,"(0, (2, 3, 4, 4))",-44.619,4206,,3227,2979
O_tau=2.8,12,9.525456e-04,8.316190e-02,"(0, (2, 3, 4, 4))",-43.644,4122,,3164,2921
O_tau=2.8,12,9.695180e-04,8.315886e-02,"(0, (2, 3, 4, 4))",-42.687,4044,4314,3102,2864
O_tau=2.8,12,9.867929e-04,8.315576e-02,"(0, (2, 3, 4, 4))",-41.747,3968,4234,3042,2808
O_tau=2.8,12,1.004375e-03,8.315261e-02,"(0, (2, 3, 4, 4))",-40.823,3892,4155,2983,2753
O_tau=2.8,12,1.022271e-03,8.314940e-02,"(0, (2, 3, 4, 4))",-39.915,3817,4074,2925,2699
O_tau=2.8,12,1.040486e-03,8.314613e-02,"(0, (2, 3, 4, 4))",-39.023,3745,4001,2869,2646
O_tau=2.8,12,1.059025e-03,8.314281e-02,"(0, (2, 3, 4, 4))",-38.147,3674,3923,2813,2594
O_tau=2.8,12,1.077895e-03,8.313943e-02,"(0, (2, 3, 4, 4))",-37.287,3602,3843,2758,2543
O_tau=2.8,12,1.097101e-03,8.313599e-02,"(0, (2, 3, 4, 4))",-36.441,3533,3777,2705,2493
O_tau=2.8,12,1.116649e-03,8.313248e-02,"(0, (2, 3, 4, 4))",-35.611,3466,3701,2652,2444
O_tau=2.8,12,1.136545e-03,8.312892e-02,"(0, (2, 3, 4, 4))",-34.795,3399,3629,2600,2397
O_tau=2.8,12,1.156796e-03,8.312529e-02,"(0, (2, 3, 4, 4))",-33.993,3334,3563,2550,2350
O_tau=2.8,12,1.177408e-03,8.312160e-02,"(0, (2, 3, 4, 4))",-33.206,3270,3495,2500,2304
O_tau=2.8,12,1.198387e-03,8.311784e-02,"(0, (2, 3, 4, 4))",-32.432,3206,3425,2451,2259
O_tau=2.8,12,1.219740e-03,8.311402e-02,"(0, (2, 3, 4, 4))",-31.672,3146,3364,2404,2214
O_tau=2.8,12,1.241473e-03,8.311013e-02,"(0, (2, 3, 4, 4))",-30.925,3084,3299,2357,2171
O_tau=2.8,12,1.263594e-03,8.310617e-02,"(0, (2, 3, 4, 4))",-30.192,3027,3233,2311,2128
O_tau=2.8,12,1.286108e-03,8.310214e-02,"(0, (2, 3, 4, 4))",-29.471,2967,3173,2266,2086
O_tau=2.8,12,1.309024e-03,8.309803e-02,"(0, (2, 3, 4, 4))",-28.763,2915,3116,2222,2045
O_tau=2.8,12,1.332348e-03,8.309386e-02,"(0, (2, 3, 4, 4))",-28.067,2855,3055,2179,2005
O_tau=2.8,12,1.356088e-03,8.308961e-02,"(0, (2, 3, 4, 4))",-27.384,2803,2999,2136,1965
O_tau=2.8,12,1.380250e-03,8.308529e-02,"(0, (2, 3, 4, 4))",-26.713,2748,2940,2094,1927
O_tau=2.8,12,1.404844e-03,8.308089e-02,"(0, (2, 3, 4, 4))",-26.054,2693,2886,2054,1889
O_tau=2.8,12,1.429875e-03,8.307642e-02,"(0, (2, 3, 4, 4))",-25.406,2643,2829,2014,1852
O_tau=2.8,12,1.455352e-03,8.307186e-02,"(0, (2, 3, 4, 4))",-24.769,2593,2777,1974,1816
O_tau=2.8,12,1.481284e-03,8.306723e-02,"(0, (2, 3, 4, 4))",-24.144,2547,2721,1936,1780
O_tau=2.8,12,1.507677e-03,8.306251e-02,"(0, (2, 3, 4, 4))",-23.530,2493,2669,1898,1745
O_tau=2.8,12,1.534541e-03,8.305771e-02,"(0, (2, 3, 4, 4))",-22.927,2445,2617,1861,1710
O_tau=2.8,12,1.561883e-03,8.305282e-02,"(0, (2, 3, 4, 4))",-22.334,2401,2571,1825,1677
O_tau=2.8,12,1.589713e-03,8.304785e-02,"(0, (2, 3, 4, 4))",-21.751,2356,2520,1789,1643
O_tau=2.8,12,1.618038e-03,8.304279e-02,"(0, (2, 3, 4, 4))",-21.179,2308,2472,1755,1611
O_tau=2.8,12,1.646868e-03,8.303765e-02,"(0, (2, 3, 4, 4))",-20.617,2265,2424,1720,1579
O_tau=2.8,12,1.676212e-03,8.303241e-02,"(0, (2, 3, 4, 4))",-20.065,2219,2379,1687,1548
O_tau=2.8,12,1.706079e-03,8.302708e-02,"(0, (2, 3, 4, 4))",-19.523,2178,2334,1653,1518
O_tau=2.8,12,1.736478e-03,8.302165e-02,"(0, (2, 3, 4, 4))",-18.990,2135,2290,1621,1488
O_tau=2.8,12,1.767418e-03,8.301613e-02,"(0, (2, 3, 4, 4))",-18.467,2095,2247,1589,1458
O_tau=2.8,12,1.798910e-03,8.301051e-02,"(0, (2, 3, 4, 4))",-17.953,2055,2203,1558,1430
O_tau=2.8,12,1.830963e-03,8.300480e-02,"(0, (2, 3, 4, 4))",-17.448,2015,2161,1528,1402
O_tau=2.8,12,1.863587e-03,8.299898e-02,"(0, (2, 3, 4, 4))",-16.952,1975,2115,1498,1374
O_tau=2.8,12,1.896792e-03,8.299306e-02,"(0, (2, 3, 4, 4))",-16.464,1939,2077,1469,1347
O_tau=2.8,12,1.930589e-03,8.298704e-02,"(0, (2, 3, 4, 4))",-15.985,1902,2040,1440,1320
O_tau=2.8,12,1.964988e-03,8.298091e-02,"(0, (2, 3, 4, 4))",-15.515,1868,1998,1412,1294
O_tau=2.8,12,2.000000e-03,8.297467e-02,"(0, (2, 3, 4, 4))",-15.053,1830,1961,1385,1268
O_tau=2.8,12,2.031395e-03,8.296908e-02,"(0, (2, 3, 4, 4))",-14.652,1799,1929,1361,1246
O_tau=2.8,12,2.063282e-03,8.296340e-02,"(0, (2, 3, 4, 4))",-14.258,1769,1897,1337,1224
O_tau=2.8,12,2.095671e-03,8.295764e-02,"(0, (2, 3, 4, 4))",-13.869,1733,1867,1314,1203
O_tau=2.8,12,2.128567e-03,8.295178e-02,"(0, (2, 3, 4, 4))",-13.487,1710,1833,1291,1182
O_tau=2.8,12,2.161980e-03,8.294583e-02,"(0, (2, 3, 4, 4))",-13.111,1676,1801,1269,1161
O_tau=2.8,12,2.195917e-03,8.293980e-02,"(0, (2, 3, 4, 4))",-12.740,1647,1773,1247,1141
O_tau=2.8,12,2.230388e-03,8.293367e-02,"(0, (2, 3, 4, 4))",-12.375,1620,1740,1225,1121
O_tau=2.8,12,2.265399e-03,8.292744e-02,"(0, (2, 3, 4, 4))",-12.016,1596,1712,1204,1102
O_tau=2.8,12,2.300960e-03,8.292112e-02,"(0, (2, 3, 4, 4))",-11.663,1568,1682,1183,1082
O_tau=2.8,12,2.337079e-03,8.291470e-02,"(0, (2, 3, 4, 4))",-11.315,1541,1652,1163,1064
O_tau=2.8,12,2.373765e-03,8.290818e-02,"(0, (2, 3, 4, 4))",-10.973,1516,1626,1142,1045
O_tau=2.8,12,2.411027e-03,8.290156e-02,"(0, (2, 3, 4, 4))",-10.636,1488,1601,1123,1027
O_tau=2.8,12,2.448874e-03,8.289484e-02,"(0, (2, 3, 4, 4))",-10.304,1464,1573,1103,1009
O_tau=2.8,12,2.487314e-03,8.288801e-02,"(0, (2, 3, 4, 4))",-9.977,1441,1546,1084,991
O_tau=2.8,12,2.526359e-03,8.288108e-02,"(0, (2, 3, 4, 4))",-9.655,1414,1521,1066,974
O_tau=2.8,12,2.566016e-03,8.287404e-02,"(0, (2, 3, 4, 4))",-9.339,1390,1494,1047,957
O_tau=2.8,12,2.606296e-03,8.286690e-02,"(0, (2, 3, 4, 4))",-9.027,1367,1469,1029,940
O_tau=2.8,12,2.647208e-03,8.285964e-02,"(0, (2, 3, 4, 4))",-8.721,1344,1446,1011,924
O_tau=2.8,12,2.688762e-03,8.285227e-02,"(0, (2, 3, 4, 4))",-8.419,1320,1420,994,907
O_tau=2.8,12,2.730969e-03,8.284479e-02,"(0, (2, 3, 4, 4))",-8.121,1298,1396,977,891
O_tau=2.8,12,2.773838e-03,8.283719e-02,"(0, (2, 3, 4, 4))",-7.829,1274,1372,960,875
O_tau=2.8,12,2.817380e-03,8.282948e-02,"(0, (2, 3, 4, 4))",-7.541,1255,1348,943,860
O_tau=2.8,12,2.861605e-03,8.282165e-02,"(0, (2, 3, 4, 4))",-7.257,1231,1326,926,845
O_tau=2.8,12,2.906525e-03,8.281369e-02,"(0, (2, 3, 4, 4))",-6.978,1212,1303,910,830
O_tau=2.8,12,2.952150e-03,8.280562e-02,"(0, (2, 3, 4, 4))",-6.703,1192,1280,894,816
O_tau=2.8,12,2.998491e-03,8.279742e-02,"(0, (2, 3, 4, 4))",-6.433,1171,1260,879,801
O_tau=2.8,12,3.045559e-03,8.278909e-02,"(0, (2, 3, 4, 4))",-6.167,1151,1236,863,787
O_tau=2.8,12,3.093367e-03,8.278064e-02,"(0, (2, 3, 4, 4))",-5.905,1132,1217,848,774
O_tau=2.8,12,3.141924e-03,8.277205e-02,"(0, (2, 3, 4, 4))",-5.647,1112,1198,834,760
O_tau=2.8,12,3.191244e-03,8.276334e-02,"(0, (2, 3, 4, 4))",-5.393,1093,1178,819,747
O_tau=2.8,12,3.241339e-03,8.275449e-02,"(0, (2, 3, 4, 4))",-5.143,1075,1156,805,734
O_tau=2.8,12,3.292219e-03,8.274550e-02,"(0, (2, 3, 4, 4))",-4.897,1057,1136,791,721
O_tau=2.8,12,3.343898e-03,8.273638e-02,"(0, (2, 3, 4, 4))",-4.655,1040,1117,777,709
O_tau=2.8,12,3.396389e-03,8.272711e-02,"(0, (2, 3, 4, 4))",-4.416,1021,1098,764,696
O_tau=2.8,12,3.449703e-03,8.271770e-02,"(0, (2, 3, 4, 4))",-4.182,1001,1081,751,684
O_tau=2.8,12,3.503855e-03,8.270815e-02,"(0, (2, 3, 4, 4))",-3.951,987,1064,738,672
O_tau=2.8,12,3.558856e-03,8.269846e-02,"(0, (2, 3, 4, 4))",-3.723,969,1046,725,660
O_tau=2.8,12,3.614721e-03,8.268861e-02,"(0, (2, 3, 4, 4))",-3.500,950,1027,713,648
O_tau=2.8,12,3.671462e-03,8.267862e-02,"(0, (2, 3, 4, 4))",-3.279,936,1010,700,637
O_tau=2.8,12,3.729095e-03,8.266847e-02,"(0, (2, 3, 4, 4))",-3.063,920,993,688,625
O_tau=2.8,12,3.787632e-03,8.265816e-02,"(0, (2, 3, 4, 4))",-2.849,904,978,676,614
O_tau=2.8,12,3.847088e-03,8.264770e-02,"(0, (2, 3, 4, 4))",-2.639,889,963,664,603
O_tau=2.8,12,3.907477e-03,8.263708e-02,"(0, (2, 3, 4, 4))",-2.432,878,949,653,592
O_tau=2.8,12,3.968814e-03,8.262629e-02,"(0, (2, 3, 4, 4))",-2.229,865,940,641,582
O_tau=2.8,12,4.031114e-03,8.261535e-02,"(0, (2, 3, 4, 4))",-2.029,856,933,630,572
O_tau=2.8,12,4.094392e-03,8.260423e-02,"(0, (2, 3, 4, 4))",-1.831,849,933,619,562
O_tau=2.8,12,4.158663e-03,8.259294e-02,"(0, (2, 3, 4, 4))",-1.637,847,950,608,552
O_tau=2.8,12,4.223944e-03,8.258148e-02,"(0, (2, 3, 4, 4))",-1.446,850,1040,597,542
O_tau=2.8,12,4.290249e-03,8.256985e-02,"(0, (2, 3, 4, 4))",-1.258,878,,587,533
O_tau=2.8,12,4.357594e-03,8.255804e-02,"(0, (2, 3, 4, 4))",-1.073,,,576,523
O_tau=2.8,12,4.425997e-03,8.254605e-02,"(0, (2, 3, 4, 4))",-0.891,,,566,514
O_tau=2.8,12,4.495474e-03,8.253388e-02,"(0, (2, 3, 4, 4))",-0.712,,,557,505
O_tau=2.8,12,4.566041e-03,8.252152e-02,"(0, (2, 3, 4, 4))",-0.535,,,547,496
O_tau=2.8,12,4.637716e-03,8.250897e-02,"(0, (2, 3, 4, 4))",-0.361,,,537,488
O_tau=2.8,12,4.710516e-03,8.249623e-02,"(0, (2, 3, 4, 4))",-0.191,,,528,479
O_tau=2.8,12,4.784459e-03,8.248330e-02,"(0, (2, 3, 4, 4))",-0.022,,,519,471
O_tau=2.8,12,4.859562e-03,8.247017e-02,"(0, (2, 3, 4, 4))",0.143,,,510,463
O_tau=2.8,12,4.935845e-03,8.245685e-02,"(0, (2, 3, 4, 4))",0.306,,,501,455
O_tau=2.8,12,5.013324e-03,8.244332e-02,"(0, (2, 3, 4, 4))",0.467,,,492,446
O_tau=2.8,12,5.092021e-03,8.242958e-02,"(0, (2, 3, 4, 4))",0.625,,,484,438
O_tau=2.8,12,5.171952e-03,8.241564e-02,"(0, (2, 3, 4, 4))",0.780,,,476,431
O_tau=2.8,12,5.253138e-03,8.240148e-02,"(0, (2, 3, 4, 4))",0.933,,,468,423
O_tau=2.8,12,5.335599e-03,8.238712e-02,"(0, (2, 3, 4, 4))",1.084,,,459,415
O_tau=2.8,12,5.419354e-03,8.237253e-02,"(0, (2, 3, 4, 4))",1.232,,,451,408
O_tau=2.8,12,5.504423e-03,8.235772e-02,"(0, (2, 3, 4, 4))",1.378,,,443,401
O_tau=2.8,12,5.590828e-03,8.234269e-02,"(0, (2, 3, 4, 4))",1.521,,,435,393
O_tau=2.8,12,5.678590e-03,8.232743e-02,"(0, (2, 3, 4, 4))",1.663,,,428,386
O_tau=2.8,12,5.767729e-03,8.231194e-02,"(0, (2, 3, 4, 4))",1.802,,,420,379
O_tau=2.8,12,5.858267e-03,8.229622e-02,"(0, (2, 3, 4, 4))",1.938,,,413,373
O_tau=2.8,12,5.950227e-03,8.228026e-02,"(0, (2, 3, 4, 4))",2.073,,,406,366
O_tau=2.8,12,6.043630e-03,8.226406e-02,"(0, (2, 3, 4, 4))",2.206,,,398,359
O_tau=2.8,12,6.138499e-03,8.224761e-02,"(0, (2, 3, 4, 4))",2.336,,,391,353
O_tau=2.8,12,6.234857e-03,8.223092e-02,"(0, (2, 3, 4, 4))",2.465,,,384,347
O_tau=2.8,12,6.332728e-03,8.221398e-02,"(0, (2, 3, 4, 4))",2.591,,,378,341
O_tau=2.8,12,6.432135e-03,8.219678e-02,"(0, (2, 3, 4, 4))",2.715,,,371,335
O_tau=2.8,12,6.533103e-03,8.217932e-02,"(0, (2, 3, 4, 4))",2.838,,,364,329
O_tau=2.8,12,6.635656e-03,8.216160e-02,"(0, (2, 3, 4, 4))",2.958,,,358,323
O_tau=2.8,12,6.739818e-03,8.214362e-02,"(0, (2, 3, 4, 4))",3.077,,,352,317
O_tau=2.8,12,6.845616e-03,8.212536e-02,"(0, (2, 3, 4, 4))",3.193,,,346,312
O_tau=2.8,12,6.953074e-03,8.210683e-02,"(0, (2, 3, 4, 4))",3.308,,,340,306
O_tau=2.8,12,7.062219e-03,8.208802e-02,"(0, (2, 3, 4, 4))",3.421,,,334,301
O_tau=2.8,12,7.173078e-03,8.206894e-02,"(0, (2, 3, 4, 4))",3.532,,,328,296
O_tau=2.8,12,7.285676e-03,8.204956e-02,"(0, (2, 3, 4, 4))",3.642,,,322,290
O_tau=2.8,12,7.400042e-03,8.202990e-02,"(0, (2, 3, 4, 4))",3.749,,,317,285
O_tau=2.8,12,7.516204e-03,8.200994e-02,"(0, (2, 3, 4, 4))",3.855,,,311,280
O_tau=2.8,12,7.634188e-03,8.198969e-02,"(0, (2, 3, 4, 4))",3.960,,,306,275
O_tau=2.8,12,7.754025e-03,8.196913e-02,"(0, (2, 3, 4, 4))",4.062,,,300,271
O_tau=2.8,12,7.875743e-03,8.194826e-02,"(0, (2, 3, 4, 4))",4.163,,,295,266
O_tau=2.8,12,7.999372e-03,8.192709e-02,"(0, (2, 3, 4, 4))",4.263,,,290,261
O_tau=2.8,12,8.124941e-03,8.190560e-02,"(0, (2, 3, 4, 4))",4.361,,,285,257
O_tau=2.8,12,8.252481e-03,8.188379e-02,"(0, (2, 3, 4, 4))",4.457,,,280,252
O_tau=2.8,12,8.382024e-03,8.186166e-02,"(0, (2, 3, 4, 4))",4.551,,,275,247
O_tau=2.8,12,8.513600e-03,8.183920e-02,"(0, (2, 3, 4, 4))",4.645,,,271,243
O_tau=2.8,12,8.647241e-03,8.181640e-02,"(0, (2, 3, 4, 4))",4.736,,,266,238
O_tau=2.8,12,8.782980e-03,8.179327e-02,"(0, (2, 3, 4, 4))",4.827,,,261,234
O_tau=2.8,12,8.920850e-03,8.176979e-02,"(0, (2, 3, 4, 4))",4.915,,,257,230
O_tau=2.8,12,9.060884e-03,8.174597e-02,"(0, (2, 3, 4, 4))",5.003,,,252,226
O_tau=2.8,12,9.203116e-03,8.172180e-02,"(0, (2, 3, 4, 4))",5.089,,,248,222
O_tau=2.8,12,9.347581e-03,8.169727e-02,"(0, (2, 3, 4, 4))",5.173,,,243,218
O_tau=2.8,12,9.494314e-03,8.167237e-02,"(0, (2, 3, 4, 4))",5.257,,,239,214
O_tau=2.8,12,9.643350e-03,8.164711e-02,"(0, (2, 3, 4, 4))",5.339,,,234,210
O_tau=2.8,12,9.794725e-03,8.162148e-02,"(0, (2, 3, 4, 4))",5.419,,,230,206
O_tau=2.8,12,9.948477e-03,8.159547e-02,"(0, (2, 3, 4, 4))",5.499,,,226,202
O_tau=2.8,12,1.010464e-02,8.156908e-02,"(0, (2, 3, 4, 4))",5.577,,,222,199
O_tau=2.8,12,1.026326e-02,8.154230e-02,"(0, (2, 3, 4, 4))",5.653,,,218,195
O_tau=2.8,12,1.042436e-02,8.151513e-02,"(0, (2, 3, 4, 4))",5.729,,,214,191
O_tau=2.8,12,1.058800e-02,8.148756e-02,"(0, (2, 3, 4, 4))",5.803,,,210,188
O_tau=2.8,12,1.075420e-02,8.145959e-02,"(0, (2, 3, 4, 4))",5.876,,,207,185
O_tau=2.8,12,1.092302e-02,8.143120e-02,"(0, (2, 3, 4, 4))",5.948,,,203,181
O_tau=2.8,12,1.109448e-02,8.140241e-02,"(0, (2, 3, 4, 4))",6.019,,,199,178
O_tau=2.8,12,1.126863e-02,8.137319e-02,"(0, (2, 3, 4, 4))",6.089,,,196,175
O_tau=2.8,12,1.144552e-02,8.134355e-02,"(0, (2, 3, 4, 4))",6.157,,,192,172
O_tau=2.8,12,1.162519e-02,8.131347e-02,"(0, (2, 3, 4, 4))",6.225,,,189,169
O_tau=2.8,12,1.180767e-02,8.128296e-02,"(0, (2, 3, 4, 4))",6.291,,,185,166
O_tau=2.8,12,1.199302e-02,8.125201e-02,"(0, (2, 3, 4, 4))",6.357,,,182,163
O_tau=2.8,12,1.218128e-02,8.122061e-02,"(0, (2, 3, 4, 4))",6.421,,,179,160
O_tau=2.8,12,1.237250e-02,8.118875e-02,"(0, (2, 3, 4, 4))",6.484,,,176,157
O_tau=2.8,12,1.256671e-02,8.115643e-02,"(0, (2, 3, 4, 4))",6.546,,,173,154
O_tau=2.8,12,1.276398e-02,8.112364e-02,"(0, (2, 3, 4, 4))",6.607,,,170,152
O_tau=2.8,12,1.296434e-02,8.109038e-02,"(0, (2, 3, 4, 4))",6.668,,,167,149
O_tau=2.8,12,1.316784e-02,8.105664e-02,"(0, (2, 3, 4, 4))",6.727,,,164,146
O_tau=2.8,12,1.337454e-02,8.102242e-02,"(0, (2, 3, 4, 4))",6.785,,,161,144
O_tau=2.8,12,1.358449e-02,8.098770e-02,"(0, (2, 3, 4, 4))",6.842,,,158,141
O_tau=2.8,12,1.379773e-02,8.095248e-02,"(0, (2, 3, 4, 4))",6.899,,,155,139
O_tau=2.8,12,1.401432e-02,8.091676e-02,"(0, (2, 3, 4, 4))",6.954,,,152,136
O_tau=2.8,12,1.423431e-02,8.088053e-02,"(0, (2, 3, 4, 4))",7.009,,,150,134
O_tau=2.8,12,1.445775e-02,8.084378e-02,"(0, (2, 3, 4, 4))",7.062,,,147,131
O_tau=2.8,12,1.468470e-02,8.080650e-02,"(0, (2, 3, 4, 4))",7.115,,,145,129
O_tau=2.8,12,1.491521e-02,8.076869e-02,"(0, (2, 3, 4, 4))",7.167,,,142,127
O_tau=2.8,12,1.514934e-02,8.073035e-02,"(0, (2, 3, 4, 4))",7.218,,,139,125
O_tau=2.8,12,1.538714e-02,8.069145e-02,"(0, (2, 3, 4, 4))",7.268,,,137,122
O_tau=2.8,12,1.562868e-02,8.065201e-02,"(0, (2, 3, 4, 4))",7.318,,,134,120
O_tau=2.8,12,1.587401e-02,8.061201e-02,"(0, (2, 3, 4, 4))",7.367,,,132,118
O_tau=2.8,12,1.612319e-02,8.057144e-02,"(0, (2, 3, 4, 4))",7.414,,,130,116
O_tau=2.8,12,1.637628e-02,8.053029e-02,"(0, (2, 3, 4, 4))",7.461,,,127,114
O_tau=2.8,12,1.663335e-02,8.048857e-02,"(0, (2, 3, 4, 4))",7.508,,,125,111
O_tau=2.8,12,1.689445e-02,8.044626e-02,"(0, (2, 3, 4, 4))",7.553,,,123,109
O_tau=2.8,12,1.715965e-02,8.040335e-02,"(0, (2, 3, 4, 4))",7.598,,,121,107
O_tau=2.8,12,1.742901e-02,8.035984e-02,"(0, (2, 3, 4, 4))",7.642,,,118,105
O_tau=2.8,12,1.770260e-02,8.031571e-02,"(0, (2, 3, 4, 4))",7.685,,,116,103
O_tau=2.8,12,1.798048e-02,8.027098e-02,"(0, (2, 3, 4, 4))",7.728,,,114,101
O_tau=2.8,12,1.826273e-02,8.022561e-02,"(0, (2, 3, 4, 4))",7.770,,,111,99
O_tau=2.8,12,1.854941e-02,8.017961e-02,"(0, (2, 3, 4, 4))",7.811,,,109,97
O_tau=2.8,12,1.884058e-02,8.013297e-02,"(0, (2, 3, 4, 4))",7.852,,,107,95
O_tau=2.8,12,1.913633e-02,8.008569e-02,"(0, (2, 3, 4, 4))",7.892,,,104,93
O_tau=2.8,12,1.943672e-02,8.003774e-02,"(0, (2, 3, 4, 4))",7.931,,,102,91
O_tau=2.8,12,1.974183e-02,7.998913e-02,"(0, (2, 3, 4, 4))",7.969,,,100,89
O_tau=2.8,12,2.005172e-02,7.993985e-02,"(0, (2, 3, 4, 4))",8.007,,,98,88
O_tau=2.8,12,2.036648e-02,7.988989e-02,"(0, (2, 3, 4, 4))",8.045,,,96,86
O_tau=2.8,12,2.068618e-02,7.983924e-02,"(0, (2, 3, 4, 4))",8.081,,,94,84
O_tau=2.8,12,2.101090e-02,7.978790e-02,"(0, (2, 3, 4, 4))",8.118,,,92,82
O_tau=2.8,12,2.134072e-02,7.973585e-02,"(0, (2, 3, 4, 4))",8.153,,,90,81
O_tau=2.8,12,2.167571e-02,7.968308e-02,"(0, (2, 3, 4, 4))",8.188,,,88,79
O_tau=2.8,12,2.201596e-02,7.962960e-02,"(0, (2, 3, 4, 4))",8.222,,,86,77
O_tau=2.8,12,2.236156e-02,7.957538e-02,"(0, (2, 3, 4, 4))",8.256,,,84,76
O_tau=2.8,12,2.271258e-02,7.952043e-02,"(0, (2, 3, 4, 4))",8.289,,,82,74
O_tau=2.8,12,2.306910e-02,7.946472e-02,"(0, (2, 3, 4, 4))",8.322,,,80,73
O_tau=2.8,12,2.343123e-02,7.940827e-02,"(0, (2, 3, 4, 4))",8.354,,,78,71
O_tau=2.8,12,2.379904e-02,7.935105e-02,"(0, (2, 3, 4, 4))",8.386,,,77,69
O_tau=2.8,12,2.417262e-02,7.929305e-02,"(0, (2, 3, 4, 4))",8.417,,,75,68
O_tau=2.8,12,2.455207e-02,7.923428e-02,"(0, (2, 3, 4, 4))",8.447,,,73,66
O_tau=2.8,12,2.493747e-02,7.917471e-02,"(0, (2, 3, 4, 4))",8.477,,,71,65
O_tau=2.8,12,2.532892e-02,7.911435e-02,"(0, (2, 3, 4, 4))",8.507,,,69,64
O_tau=2.8,12,2.572652e-02,7.905318e-02,"(0, (2, 3, 4, 4))",8.536,,,68,62
O_tau=2.8,12,2.613036e-02,7.899119e-02,"(0, (2, 3, 4, 4))",8.564,,,66,61
O_tau=2.8,12,2.654054e-02,7.892837e-02,"(0, (2, 3, 4, 4))",8.592,,,65,60
O_tau=2.8,12,2.695716e-02,7.886472e-02,"(0, (2, 3, 4, 4))",8.620,,,63,59
O_tau=2.8,12,2.738031e-02,7.880023e-02,"(0, (2, 3, 4, 4))",8.647,,,,
O_tau=2.8,12,2.781011e-02,7.873488e-02,"(0, (2, 3, 4, 4))",8.674,,,,
O_tau=2.8,12,2.824666e-02,7.866867e-02,"(0, (2, 3, 4, 4))",8.700,,,,
O_tau=2.8,12,2.869006e-02,7.860159e-02,"(0, (2, 3, 4, 4))",8.726,,,,
O_tau=2.8,12,2.914042e-02,7.853363e-02,"(0, (2, 3, 4, 4))",8.751,,,,
O_tau=2.8,12,2.959785e-02,7.846478e-02,"(0, (2, 3, 4, 4))",8.776,,,,
O_tau=2.8,12,3.006245e-02,7.839503e-02,"(0, (2, 3, 4, 4))",8.800,,,,
O_tau=2.8,12,3.053436e-02,7.832437e-02,"(0, (2, 3, 4, 4))",8.825,,,,
O_tau=2.8,12,3.101367e-02,7.825279e-02,"(0, (2, 3, 4, 4))",8.848,,,,
O_tau=2.8,12,3.150050e-02,7.818029e-02,"(0, (2, 3, 4, 4))",8.871,,,,
O_tau=2.8,12,3.199498e-02,7.810684e-02,"(0, (2, 3, 4, 4))",8.894,,,,
O_tau=2.8,12,3.249721e-02,7.803246e-02,"(0, (2, 3, 4, 4))",8.917,,,,
O_tau=2.8,12,3.300733e-02,7.795711e-02,"(0, (2, 3, 4, 4))",8.939,,,,
O_tau=2.8,12,3.352546e-02,7.788080e-02,"(0, (2, 3, 4, 4))",8.961,,,,
O_tau=2.8,12,3.405173e-02,7.780352e-02,"(0, (2, 3, 4, 4))",8.982,,,,
O_tau=2.8,12,3.458625e-02,7.772525e-02,"(0, (2, 3, 4, 4))",9.003,,,,
O_tau=2.8,12,3.512916e-02,7.764598e-02,"(0, (2, 3, 4, 4))",9.024,,,,
O_tau=2.8,12,3.568060e-02,7.756571e-02,"(0, (2, 3, 4, 4))",9.044,,,,
O_tau=2.8,12,3.624069e-02,7.748443e-02,"(0, (2, 3, 4, 4))",9.064,,,,
O_tau=2.8,12,3.680957e-02,7.740213e-02,"(0, (2, 3, 4, 4))",9.084,,,,
O_tau=2.8,12,3.738739e-02,7.731879e-02,"(0, (2, 3, 4, 4))",9.103,,,,
O_tau=2.8,12,3.797427e-02,7.723441e-02,"(0, (2, 3, 4, 4))",9.122,,,,
O_tau=2.8,12,3.857037e-02,7.714898e-02,"(0, (2, 3, 4, 4))",9.141,,,,
O_tau=2.8,12,3.917582e-02,7.706249e-02,"(0, (2, 3, 4, 4))",9.159,,,,
O_tau=2.8,12,3.979078e-02,7.697492e-02,"(0, (2, 3, 4, 4))",9.177,,,,
O_tau=2.8,12,4.041539e-02,7.688627e-02,"(0, (2, 3, 4, 4))",9.195,,,,
O_tau=2.8,12,4.104981e-02,7.679654e-02,"(0, (2, 3, 4, 4))",9.212,,,,
O_tau=2.8,12,4.169418e-02,7.670570e-02,"(0, (2, 3, 4, 4))",9.229,,,,
O_tau=2.8,12,4.234867e-02,7.661375e-02,"(0, (2, 3, 4, 4))",9.246,,,,
O_tau=2.8,12,4.301344e-02,7.652068e-02,"(0, (2, 3, 4, 4))",9.263,,,,
O_tau=2.8,12,4.368864e-02,7.642649e-02,"(0, (2, 3, 4, 4))",9.279,,,,
O_tau=2.8,12,4.437443e-02,7.633115e-02,"(0, (2, 3, 4, 4))",9.295,,,,
O_tau=2.8,12,4.507100e-02,7.623466e-02,"(0, (2, 3, 4, 4))",9.311,,,,
O_tau=2.8,12,4.577849e-02,7.613702e-02,"(0, (2, 3, 4, 4))",9.326,,,,
O_tau=2.8,12,4.649710e-02,7.603821e-02,"(0, (2, 3, 4, 4))",9.341,,,,
O_tau=2.8,12,4.722698e-02,7.593822e-02,"(0, (2, 3, 4, 4))",9.356,,,,
O_tau=2.8,12,4.796832e-02,7.583704e-02,"(0, (2, 3, 4, 4))",9.371,,,,
O_tau=2.8,12,4.872130e-02,7.573467e-02,"(0, (2, 3, 4, 4))",9.385,,,,
O_tau=2.8,12,4.948609e-02,7.563109e-02,"(0, (2, 3, 4, 4))",9.399,,,,
O_tau=2.8,12,5.026290e-02,7.552630e-02,"(0, (2, 3, 4, 4))",9.413,,,,
O_tau=2.8,12,5.105189e-02,7.542028e-02,"(0, (2, 3, 4, 4))",9.427,,,,
O_tau=2.8,12,5.185327e-02,7.531303e-02,"(0, (2, 3, 4, 4))",9.440,,,,
O_tau=2.8,12,5.266724e-02,7.520454e-02,"(0, (2, 3, 4, 4))",9.454,,,,
O_tau=2.8,12,5.349397e-02,7.509479e-02,"(0, (2, 3, 4, 4))",9.467,,,,
O_tau=2.8,12,5.433369e-02,7.498378e-02,"(0, (2, 3, 4, 4))",9.479,,,,
O_tau=2.8,12,5.518659e-02,7.487150e-02,"(0, (2, 3, 4, 4))",9.492,,,,
O_tau=2.8,12,5.605287e-02,7.475794e-02,"(0, (2, 3, 4, 4))",9.504,,,,
O_tau=2.8,12,5.693276e-02,7.464310e-02,"(0, (2, 3, 4, 4))",9.516,,,,
O_tau=2.8,12,5.782645e-02,7.452695e-02,"(0, (2, 3, 4, 4))",9.528,,,,
O_tau=2.8,12,5.873418e-02,7.440950e-02,"(0, (2, 3, 4, 4))",9.540,,,,
O_tau=2.8,12,5.965615e-02,7.429074e-02,"(0, (2, 3, 4, 4))",9.552,,,,
O_tau=2.8,12,6.059259e-02,7.417065e-02,"(0, (2, 3, 4, 4))",9.563,,,,
O_tau=2.8,12,6.154374e-02,7.404923e-02,"(0, (2, 3, 4, 4))",9.574,,,,
O_tau=2.8,12,6.250982e-02,7.392647e-02,"(0, (2, 3, 4, 4))",9.585,,,,
O_tau=2.8,12,6.349106e-02,7.380236e-02,"(0, (2, 3, 4, 4))",9.596,,,,
O_tau=2.8,12,6.448770e-02,7.367689e-02,"(0, (2, 3, 4, 4))",9.607,,,,
O_tau=2.8,12,6.549999e-02,7.355006e-02,"(0, (2, 3, 4, 4))",9.617,,,,
O_tau=2.8,12,6.652817e-02,7.342185e-02,"(0, (2, 3, 4, 4))",9.627,,,,
O_tau=2.8,12,6.757249e-02,7.329226e-02,"(0, (2, 3, 4, 4))",9.637,,,,
O_tau=2.8,12,6.863320e-02,7.316129e-02,"(0, (2, 3, 4, 4))",9.647,,,,
O_tau=2.8,12,6.971056e-02,7.302891e-02,"(0, (2, 3, 4, 4))",9.657,,,,
O_tau=2.8,12,7.080483e-02,7.289514e-02,"(0, (2, 3, 4, 4))",9.667,,,,
O_tau=2.8,12,7.191628e-02,7.275995e-02,"(0, (2, 3, 4, 4))",9.676,,,,
O_tau=2.8,12,7.304518e-02,7.262334e-02,"(0, (2, 3, 4, 4))",9.685,,,,
O_tau=2.8,12,7.419180e-02,7.248530e-02,"(0, (2, 3, 4, 4))",9.694,,,,
O_tau=2.8,12,7.535642e-02,7.234583e-02,"(0, (2, 3, 4, 4))",9.703,,,,
O_tau=2.8,12,7.653932e-02,7.220492e-02,"(0, (2, 3, 4, 4))",9.712,,,,
O_tau=2.8,12,7.774078e-02,7.206256e-02,"(0, (2, 3, 4, 4))",9.721,,,,
O_tau=2.8,12,7.896111e-02,7.191875e-02,"(0, (2, 3, 4, 4))",9.730,,,,
O_tau=2.8,12,8.020060e-02,7.177348e-02,"(0, (2, 3, 4, 4))",9.738,,,,
O_tau=2.8,12,8.145954e-02,7.162674e-02,"(0, (2, 3, 4, 4))",9.746,,,,
O_tau=2.8,12,8.273824e-02,7.147853e-02,"(0, (2, 3, 4, 4))",9.754,,,,
O_tau=2.8,12,8.403701e-02,7.132884e-02,"(0, (2, 3, 4, 4))",9.762,,,,
O_tau=2.8,12,8.535617e-02,7.117766e-02,"(0, (2, 3, 4, 4))",9.770,,,,
O_tau=2.8,12,8.669604e-02,7.102500e-02,"(0, (2, 3, 4, 4))",9.778,,,,
O_tau=2.8,12,8.805694e-02,7.087083e-02,"(0, (2, 3, 4, 4))",9.786,,,,
O_tau=2.8,12,8.943921e-02,7.071517e-02,"(0, (2, 3, 4, 4))",9.793,,,,
O_tau=2.8,12,9.084317e-02,7.055800e-02,"(0, (2, 3, 4, 4))",9.801,,,,
O_tau=2.8,12,9.226917e-02,7.039931e-02,"(0, (2, 3, 4, 4))",9.808,,,,
O_tau=2.8,12,9.371756e-02,7.023912e-02,"(0, (2, 3, 4, 4))",9.815,,,,
O_tau=2.8,12,9.518868e-02,7.007739e-02,"(0, (2, 3, 4, 4))",9.822,,,,
O_tau=2.8,12,9.668289e-02,6.991415e-02,"(0, (2, 3, 4, 4))",9.830,,,,
O_tau=2.8,12,9.820056e-02,6.974937e-02,"(0, (2, 3, 4, 4))",9.836,,,,
O_tau=2.8,12,9.974205e-02,6.958307e-02,"(0, (2, 3, 4, 4))",9.843,,,,
O_tau=2.8,12,1.013077e-01,6.941522e-02,"(0, (2, 3, 4, 4))",9.850,,,,
O_tau=2.8,12,1.028980e-01,6.924583e-02,"(0, (2, 3, 4, 4))",9.857,,,,
O_tau=2.8,12,1.045132e-01,6.907490e-02,"(0, (2, 3, 4, 4))",9.863,,,,
O_tau=2.8,12,1.061538e-01,6.890242e-02,"(0, (2, 3, 4, 4))",9.870,,,,
O_tau=2.8,12,1.078202e-01,6.872839e-02,"(0, (2, 3, 4, 4))",9.876,,,,
O_tau=2.8,12,1.095127e-01,6.855281e-02,"(0, (2, 3, 4, 4))",9.882,,,,
O_tau=2.8,12,1.112317e-01,6.837568e-02,"(0, (2, 3, 4, 4))",9.888,,,,
O_tau=2.8,12,1.129778e-01,6.819698e-02,"(0, (2, 3, 4, 4))",9.895,,,,
O_tau=2.8,12,1.147512e-01,6.801673e-02,"(0, (2, 3, 4, 4))",9.901,,,,
O_tau=2.8,12,1.165525e-01,6.783491e-02,"(0, (2, 3, 4, 4))",9.907,,,,
O_tau=2.8,12,1.183821e-01,6.765153e-02,"(0, (2, 3, 4, 4))",9.913,,,,
O_tau=2.8,12,1.202404e-01,6.746659e-02,"(0, (2, 3, 4, 4))",9.918,,,,
O_tau=2.8,12,1.221278e-01,6.728009e-02,"(0, (2, 3, 4, 4))",9.924,,,,
O_tau=2.8,12,1.240449e-01,6.709201e-02,"(0, (2, 3, 4, 4))",9.930,,,,
O_tau=2.8,12,1.259921e-01,6.690237e-02,"(0, (2, 3, 4, 4))",9.935,,,,
O_tau=2.8,12,1.279699e-01,6.671117e-02,"(0, (2, 3, 4, 4))",9.941,,,,
O_tau=2.8,12,1.299786e-01,6.651840e-02,"(0, (2, 3, 4, 4))",9.947,,,,
O_tau=2.8,12,1.320190e-01,6.632406e-02,"(0, (2, 3, 4, 4))",9.952,,,,
O_tau=2.8,12,1.340913e-01,6.612816e-02,"(0, (2, 3, 4, 4))",9.958,,,,
O_tau=2.8,12,1.361962e-01,6.593069e-02,"(0, (2, 3, 4, 4))",9.963,,,,
O_tau=2.8,12,1.383341e-01,6.573166e-02,"(0, (2, 3, 4, 4))",9.968,,,,
O_tau=2.8,12,1.405056e-01,6.553106e-02,"(0, (2, 3, 4, 4))",9.974,,,,
O_tau=2.8,12,1.427112e-01,6.532891e-02,"(0, (2, 3, 4, 4))",10.096,,,,
O_tau=2.8,12,1.449514e-01,6.512520e-02,"(0, (2, 3, 4, 4))",10.100,,,,
O_tau=2.8,12,1.472267e-01,6.491993e-02,"(0, (2, 3, 4, 4))",10.104,,,,
O_tau=2.8,12,1.495378e-01,6.471310e-02,"(0, (2, 3, 4, 4))",10.109,,,,
O_tau=2.8,12,1.518852e-01,6.450473e-02,"(0, (2, 3, 4, 4))",10.113,,,,
O_tau=2.8,12,1.542694e-01,6.429480e-02,"(0, (2, 3, 4, 4))",10.117,,,,
O_tau=2.8,12,1.566910e-01,6.408334e-02,"(0, (2, 3, 4, 4))",10.122,,,,
O_tau=2.8,12,1.591506e-01,6.387032e-02,"(0, (2, 3, 4, 4))",10.126,,,,
O_tau=2.8,12,1.616489e-01,6.365578e-02,"(0, (2, 3, 4, 4))",10.131,,,,
O_tau=2.8,12,1.641863e-01,6.343969e-02,"(0, (2, 3, 4, 4))",10.136,,,,
O_tau=2.8,12,1.667636e-01,6.322208e-02,"(0, (2, 3, 4, 4))",10.141,,,,
O_tau=2.8,12,1.693814e-01,6.300295e-02,"(0, (2, 3, 4, 4))",10.145,,,,
O_tau=2.8,12,1.720402e-01,6.278229e-02,"(0, (2, 3, 4, 4))",10.150,,,,
O_tau=2.8,12,1.747408e-01,6.256012e-02,"(0, (2, 3, 4, 4))",10.155,,,,
O_tau=2.8,12,1.774838e-01,6.233645e-02,"(0, (2, 3, 4, 4))",10.160,,,,
O_tau=2.8,12,1.802698e-01,6.211127e-02,"(0, (2, 3, 4, 4))",10.165,,,,
O_tau=2.8,12,1.830996e-01,6.188459e-02,"(0, (2, 3, 4, 4))",10.171,,,,
O_tau=2.8,12,1.859738e-01,6.165642e-02,"(0, (2, 3, 4, 4))",10.176,,,,
O_tau=2.8,12,1.888931e-01,6.142677e-02,"(0, (2, 3, 4, 4))",10.181,,,,
O_tau=2.8,12,1.918582e-01,6.119565e-02,"(0, (2, 3, 4, 4))",10.187,,,,
O_tau=2.8,12,1.948699e-01,6.096305e-02,"(0, (2, 3, 4, 4))",10.192,,,,
O_tau=2.8,12,1.979288e-01,6.072900e-02,"(0, (2, 3, 4, 4))",10.198,,,,
O_tau=2.8,12,2.010358e-01,6.049349e-02,"(0, (2, 3, 4, 4))",10.204,,,,
O_tau=2.8,12,2.041915e-01,6.025653e-02,"(0, (2, 3, 4, 4))",10.210,,,,
O_tau=2.8,12,2.073968e-01,6.001814e-02,"(0, (2, 3, 4, 4))",10.216,,,,
O_tau=2.8,12,2.106524e-01,5.977832e-02,"(0, (2, 3, 4, 4))",10.222,,,,
O_tau=2.8,12,2.139591e-01,5.953708e-02,"(0, (2, 3, 4, 4))",10.228,,,,
O_tau=2.8,12,2.173177e-01,5.929443e-02,"(0, (2, 3, 4, 4))",10.234,,,,
O_tau=2.8,12,2.207290e-01,5.905038e-02,"(0, (2, 3, 4, 4))",10.240,,,,
O_tau=2.8,12,2.241939e-01,5.880494e-02,"(0, (2, 3, 4, 4))",10.247,,,,
O_tau=2.8,12,2.277131e-01,5.855812e-02,"(0, (2, 3, 4, 4))",10.253,,,,
O_tau=2.8,12,2.312876e-01,5.830993e-02,"(0, (2, 3, 4, 4))",10.260,,,,
O_tau=2.8,12,2.349183e-01,5.806038e-02,"(0, (2, 3, 4, 4))",10.266,,,,
O_tau=2.8,12,2.386059e-01,5.780948e-02,"(0, (2, 3, 4, 4))",10.273,,,,
O_tau=2.8,12,2.423513e-01,5.755725e-02,"(0, (2, 3, 4, 4))",10.280,,,,
O_tau=2.8,12,2.461556e-01,5.730369e-02,"(0, (2, 3, 4, 4))",10.287,,,,
O_tau=2.8,12,2.500196e-01,5.704882e-02,"(0, (2, 3, 4, 4))",10.294,,,,
O_tau=2.8,12,2.539443e-01,5.679264e-02,"(0, (2, 3, 4, 4))",10.301,,,,
O_tau=2.8,12,2.579305e-01,5.653518e-02,"(0, (2, 3, 4, 4))",10.309,,,,
O_tau=2.8,12,2.619794e-01,5.627644e-02,"(0, (2, 3, 4, 4))",10.316,,,,
O_tau=2.8,12,2.660918e-01,5.601643e-02,"(0, (2, 3, 4, 4))",10.324,,,,
O_tau=2.8,12,2.702687e-01,5.575517e-02,"(0, (2, 3, 4, 4))",10.332,,,,
O_tau=2.8,12,2.745112e-01,5.549268e-02,"(0, (2, 3, 4, 4))",10.339,,,,
O_tau=2.8,12,2.788203e-01,5.522896e-02,"(0, (2, 3, 4, 4))",10.347,,,,
O_tau=2.8,12,2.831971e-01,5.496404e-02,"(0, (2, 3, 4, 4))",10.355,,,,
O_tau=2.8,12,2.876426e-01,5.469791e-02,"(0, (2, 3, 4, 4))",10.364,,,,
O_tau=2.8,12,2.921578e-01,5.443061e-02,"(0, (2, 3, 4, 4))",10.372,,,,
O_tau=2.8,12,2.967439e-01,5.416213e-02,"(0, (2, 3, 4, 4))",10.380,,,,
O_tau=2.8,12,3.014020e-01,5.389251e-02,"(0, (2, 3, 4, 4))",10.389,,,,
O_tau=2.8,12,3.061332e-01,5.362174e-02,"(0, (2, 3, 4, 4))",10.398,,,,
O_tau=2.8,12,3.109387e-01,5.334986e-02,"(0, (2, 3, 4, 4))",10.407,,,,
O_tau=2.8,12,3.158196e-01,5.307686e-02,"(0, (2, 3, 4, 4))",10.416,,,,
O_tau=2.8,12,3.207772e-01,5.280278e-02,"(0, (2, 3, 4, 4))",10.425,,,,
O_tau=2.8,12,3.258126e-01,5.252762e-02,"(0, (2, 3, 4, 4))",10.434,,,,
O_tau=2.8,12,3.309270e-01,5.225140e-02,"(0, (2, 3, 4, 4))",10.444,,,,
O_tau=2.8,12,3.361217e-01,5.197414e-02,"(0, (2, 3, 4, 4))",10.453,,,,
O_tau=2.8,12,3.413979e-01,5.169584e-02,"(0, (2, 3, 4, 4))",10.463,,,,
O_tau=2.8,12,3.467569e-01,5.141654e-02,"(0, (2, 3, 4, 4))",10.473,,,,
O_tau=2.8,12,3.522001e-01,5.113625e-02,"(0, (2, 3, 4, 4))",10.483,,,,
O_tau=2.8,12,3.577287e-01,5.085498e-02,"(0, (2, 3, 4, 4))",10.493,,,,
O_tau=2.8,12,3.633441e-01,5.057275e-02,"(0, (2, 3, 4, 4))",10.503,,,,
O_tau=2.8,12,3.690477e-01,5.028958e-02,"(0, (2, 3, 4, 4))",10.514,,,,
O_tau=2.8,12,3.748408e-01,5.000548e-02,"(0, (2, 3, 4, 4))",10.525,,,,
O_tau=2.8,12,3.807248e-01,4.972048e-02,"(0, (2, 3, 4, 4))",10.535,,,,
O_tau=2.8,12,3.867012e-01,4.943459e-02,"(0, (2, 3, 4, 4))",10.546,,,,
O_tau=2.8,12,3.927714e-01,4.914783e-02,"(0, (2, 3, 4, 4))",10.558,,,,
O_tau=2.8,12,3.989369e-01,4.886021e-02,"(0, (2, 3, 4, 4))",10.569,,,,
O_tau=2.8,12,4.051991e-01,4.857176e-02,"(0, (2, 3, 4, 4))",10.581,,,,
O_tau=2.8,12,4.115597e-01,4.828250e-02,"(0, (2, 3, 4, 4))",10.592,,,,
O_tau=2.8,12,4.180201e-01,4.799244e-02,"(0, (2, 3, 4, 4))",10.604,,,,
O_tau=2.8,12,4.245820e-01,4.770160e-02,"(0, (2, 3, 4, 4))",10.616,,,,
O_tau=2.8,12,4.312468e-01,4.741000e-02,"(0, (2, 3, 4, 4))",10.629,,,,
O_tau=2.8,12,4.380162e-01,4.711766e-02,"(0, (2, 3, 4, 4))",10.641,,,,
O_tau=2.8,12,4.448919e-01,4.682460e-02,"(0, (2, 3, 4, 4))",10.654,,,,
O_tau=2.8,12,4.518756e-01,4.653084e-02,"(0, (2, 3, 4, 4))",10.667,,,,
O_tau=2.8,12,4.589688e-01,4.623640e-02,"(0, (2, 3, 4, 4))",10.680,,,,
O_tau=2.8,12,4.661735e-01,4.594129e-02,"(0, (2, 3, 4, 4))",10.693,,,,
O_tau=2.8,12,4.734912e-01,4.564554e-02,"(0, (2, 3, 4, 4))",10.707,,,,
O_tau=2.8,12,4.809237e-01,4.534917e-02,"(0, (2, 3, 4, 4))",10.720,,,,
O_tau=2.8,12,4.884730e-01,4.505220e-02,"(0, (2, 3, 4, 4))",10.734,,,,
O_tau=2.8,12,4.961407e-01,4.475464e-02,"(0, (2, 3, 4, 4))",10.748,,,,
O_tau=2.8,12,5.039289e-01,4.445652e-02,"(0, (2, 3, 4, 4))",10.763,,,,
O_tau=2.8,12,5.118392e-01,4.415785e-02,"(0, (2, 3, 4, 4))",10.777,,,,
O_tau=2.8,12,5.198738e-01,4.385866e-02,"(0, (2, 3, 4, 4))",10.792,,,,
O_tau=2.8,12,5.280344e-01,4.355897e-02,"(0, (2, 3, 4, 4))",10.807,,,,
O_tau=2.8,12,5.363232e-01,4.325880e-02,"(0, (2, 3, 4, 4))",10.823,,,,
O_tau=2.8,12,5.447421e-01,4.295816e-02,"(0, (2, 3, 4, 4))",10.838,,,,
O_tau=2.8,12,5.532931e-01,4.265708e-02,"(0, (2, 3, 4, 4))",10.854,,,,
O_tau=2.8,12,5.619783e-01,4.235559e-02,"(0, (2, 3, 4, 4))",10.870,,,,
O_tau=2.8,12,5.707999e-01,4.205369e-02,"(0, (2, 3, 4, 4))",10.886,,,,
O_tau=2.8,12,5.797600e-01,4.175141e-02,"(0, (2, 3, 4, 4))",10.903,,,,
O_tau=2.8,12,5.888607e-01,4.144877e-02,"(0, (2, 3, 4, 4))",10.920,,,,
O_tau=2.8,12,5.981043e-01,4.114580e-02,"(0, (2, 3, 4, 4))",10.937,,,,
O_tau=2.8,12,6.074930e-01,4.084251e-02,"(0, (2, 3, 4, 4))",10.954,,,,
O_tau=2.8,12,6.170290e-01,4.053892e-02,"(0, (2, 3, 4, 4))",10.972,,,,
O_tau=2.8,12,6.267148e-01,4.023506e-02,"(0, (2, 3, 4, 4))",10.989,,,,
O_tau=2.8,12,6.365525e-01,3.993094e-02,"(0, (2, 3, 4, 4))",11.008,,,,
O_tau=2.8,12,6.465448e-01,3.962659e-02,"(0, (2, 3, 4, 4))",11.026,,,,
O_tau=2.8,12,6.566938e-01,3.932203e-02,"(0, (2, 3, 4, 4))",11.045,,,,
O_tau=2.8,12,6.670022e-01,3.901728e-02,"(0, (2, 3, 4, 4))",11.064,,,,
O_tau=2.8,12,6.774724e-01,3.871235e-02,"(0, (2, 3, 4, 4))",11.083,,,,
O_tau=2.8,12,6.881069e-01,3.840728e-02,"(0, (2, 3, 4, 4))",11.103,,,,
O_tau=2.8,12,6.989084e-01,3.810208e-02,"(0, (2, 3, 4, 4))",11.123,,,,
O_tau=2.8,12,7.098795e-01,3.779677e-02,"(0, (2, 3, 4, 4))",11.143,,,,
O_tau=2.8,12,7.210227e-01,3.749138e-02,"(0, (2, 3, 4, 4))",11.164,,,,
O_tau=2.8,12,7.323409e-01,3.718592e-02,"(0, (2, 3, 4, 4))",11.184,,,,
O_tau=2.8,12,7.438367e-01,3.688042e-02,"(0, (2, 3, 4, 4))",11.206,,,,
O_tau=2.8,12,7.555130e-01,3.657490e-02,"(0, (2, 3, 4, 4))",11.227,,,,
O_tau=2.8,12,7.673726e-01,3.626938e-02,"(0, (2, 3, 4, 4))",11.249,,,,
O_tau=2.8,12,7.794184e-01,3.596388e-02,"(0, (2, 3, 4, 4))",11.271,,,,
O_tau=2.8,12,7.916532e-01,3.565842e-02,"(0, (2, 3, 4, 4))",11.294,,,,
O_tau=2.8,12,8.040801e-01,3.535302e-02,"(0, (2, 3, 4, 4))",11.317,,,,
O_tau=2.8,12,8.167020e-01,3.504770e-02,"(0, (2, 3, 4, 4))",11.340,,,,
O_tau=2.8,12,8.295221e-01,3.474250e-02,"(0, (2, 3, 4, 4))",11.364,,,,
O_tau=2.8,12,8.425434e-01,3.443741e-02,"(0, (2, 3, 4, 4))",11.388,,,,
O_tau=2.8,12,8.557692e-01,3.413248e-02,"(0, (2, 3, 4, 4))",11.412,,,,
O_tau=2.8,12,8.692025e-01,3.382772e-02,"(0, (2, 3, 4, 4))",11.437,,,,
O_tau=2.8,12,8.828467e-01,3.352314e-02,"(0, (2, 3, 4, 4))",11.462,,,,
O_tau=2.8,12,8.967051e-01,3.321878e-02,"(0, (2, 3, 4, 4))",11.488,,,,
O_tau=2.8,12,9.107810e-01,3.291465e-02,"(0, (2, 3, 4, 4))",11.514,,,,
O_tau=2.8,12,9.250779e-01,3.261077e-02,"(0, (2, 3, 4, 4))",11.540,,,,
O_tau=2.8,12,9.395992e-01,3.230717e-02,"(0, (2, 3, 4, 4))",11.567,,,,
O_tau=2.8,12,9.543485e-01,3.200387e-02,"(0, (2, 3, 4, 4))",11.594,,,,
O_tau=2.8,12,9.693293e-01,3.170088e-02,"(0, (2, 3, 4, 4))",11.622,,,,
O_tau=2.8,12,9.845452e-01,3.139823e-02,"(0, (2, 3, 4, 4))",11.650,,,,
O_tau=2.8,12,1.000000e+00,3.109594e-02,"(0, (2, 3, 4, 4))",11.678,,,,
