S,R_num,R_den,multiplicity,pair_count,primitive,content,base_sum,triples
18,3,4,2,1,primitive,1,18,"(2,8,8) ; (3,3,12)"
20,1,2,2,1,primitive,1,20,"(4,8,8) ; (5,5,10)"
26,13,30,2,1,primitive,1,26,"(4,10,12) ; (5,6,15)"
31,5,12,2,1,primitive,1,31,"(4,9,18) ; (5,6,20)"
32,11,28,2,1,primitive,1,32,"(4,14,14) ; (5,7,20)"
34,13,42,2,1,primitive,1,34,"(6,14,14) ; (7,9,18)"
35,1,3,2,1,primitive,1,35,"(5,15,15) ; (7,7,21)"
36,3,10,2,1,primitive,1,36,"(6,15,15) ; (8,8,20)"
36,3,8,2,1,scaled,2,18,"(4,16,16) ; (6,6,24)"
37,37,60,2,1,primitive,1,37,"(2,15,20) ; (3,4,30)"
38,19,42,2,1,primitive,1,38,"(3,14,21) ; (4,6,28)"
39,17,63,2,1,primitive,1,39,"(7,14,18) ; (9,9,21)"
40,1,4,2,1,scaled,2,20,"(8,16,16) ; (10,10,20)"
42,7,30,2,1,primitive,1,42,"(9,15,18) ; (10,12,20)"
43,43,120,2,1,primitive,1,43,"(4,15,24) ; (5,8,30)"
45,3,7,2,1,primitive,1,45,"(3,21,21) ; (5,5,35)"
52,13,60,2,1,scaled,2,26,"(8,20,24) ; (10,12,30)"
53,7,20,2,1,primitive,1,53,"(4,14,35) ; (5,8,40)"
53,5,12,2,1,primitive,1,53,"(3,20,30) ; (4,7,42)"
54,1,4,2,1,scaled,3,18,"(6,24,24) ; (9,9,36)"
55,8,35,2,1,primitive,1,55,"(7,20,28) ; (10,10,35)"
56,1,6,2,1,primitive,1,56,"(14,21,21) ; (16,16,24)"
57,47,180,2,1,primitive,1,57,"(6,15,36) ; (8,9,40)"
58,19,90,2,1,primitive,1,58,"(9,14,35) ; (10,12,36)"
60,1,6,2,1,scaled,3,20,"(12,24,24) ; (15,15,30)"
61,22,117,2,1,primitive,1,61,"(9,26,26) ; (12,13,36)"
61,29,105,2,1,primitive,1,61,"(5,21,35) ; (7,9,45)"
62,23,130,2,1,primitive,1,62,"(10,26,26) ; (13,14,35)"
62,5,24,2,1,scaled,2,31,"(8,18,36) ; (10,12,40)"
62,31,140,2,1,primitive,1,62,"(7,20,35) ; (8,14,40)"
63,21,88,2,1,primitive,1,63,"(6,24,33) ; (8,11,44)"
64,11,56,2,1,scaled,2,32,"(8,28,28) ; (10,14,40)"
64,73,360,2,1,primitive,1,64,"(8,20,36) ; (9,15,40)"
64,7,30,2,1,primitive,1,64,"(7,15,42) ; (9,10,45)"
66,1,6,2,1,primitive,1,66,"(11,22,33) ; (12,18,36)"
68,13,84,2,1,scaled,2,34,"(12,28,28) ; (14,18,36)"
69,3,20,2,1,primitive,1,69,"(14,20,35) ; (15,18,36)"
70,1,6,2,1,scaled,2,35,"(10,30,30) ; (14,14,42)"
70,7,22,2,1,primitive,1,70,"(4,22,44) ; (5,10,55)"
71,59,220,2,1,primitive,1,71,"(5,22,44) ; (8,8,55)"
72,3,20,2,1,scaled,2,36,"(12,30,30) ; (16,16,40)"
72,3,16,2,1,scaled,4,18,"(8,32,32) ; (12,12,48)"
73,8,45,2,1,primitive,1,73,"(9,24,40) ; (10,18,45)"
73,73,280,2,1,primitive,1,73,"(5,28,40) ; (7,10,56)"
74,11,60,2,1,primitive,1,74,"(9,20,45) ; (10,16,48)"
74,37,120,2,1,scaled,2,37,"(4,30,40) ; (6,8,60)"
75,31,180,2,1,primitive,1,75,"(9,30,36) ; (10,20,45)"
76,19,84,2,1,scaled,2,38,"(6,28,42) ; (8,12,56)"
77,1,5,2,1,primitive,1,77,"(7,35,35) ; (11,11,55)"
78,17,126,2,1,scaled,2,39,"(14,28,36) ; (18,18,42)"
78,29,210,2,1,primitive,1,78,"(14,24,40) ; (15,21,42)"
78,13,90,2,1,scaled,3,26,"(12,30,36) ; (15,18,45)"
79,2,15,2,1,primitive,1,79,"(14,30,35) ; (15,24,40)"
80,1,8,2,1,scaled,4,20,"(16,32,32) ; (20,20,40)"
82,25,126,2,1,primitive,1,82,"(7,30,45) ; (8,18,56)"
83,26,133,2,1,primitive,1,83,"(7,38,38) ; (8,19,56)"
84,7,60,2,1,scaled,2,42,"(18,30,36) ; (20,24,40)"
84,3,10,2,1,primitive,1,84,"(4,40,40) ; (7,7,70)"
84,7,18,2,1,primitive,1,84,"(3,27,54) ; (4,8,72)"
85,11,35,2,1,primitive,1,85,"(4,21,60) ; (5,10,70)"
86,89,504,2,1,primitive,1,86,"(8,36,42) ; (9,21,56)"
86,43,240,2,1,scaled,2,43,"(8,30,48) ; (10,16,60)"
86,43,198,2,1,primitive,1,86,"(6,36,44) ; (9,11,66)"
86,37,140,2,1,primitive,1,86,"(5,21,60) ; (8,8,70)"
87,9,55,2,1,primitive,1,87,"(9,33,45) ; (10,22,55)"
87,61,315,2,1,primitive,1,87,"(7,35,45) ; (9,15,63)"
88,61,468,2,1,primitive,1,88,"(13,36,39) ; (18,18,52)"
88,5,26,2,1,primitive,1,88,"(7,39,42) ; (10,13,65)"
89,43,252,2,1,primitive,1,89,"(9,24,56) ; (12,14,63)"
89,107,360,2,1,primitive,1,89,"(4,40,45) ; (5,12,72)"
90,3,28,2,1,primitive,1,90,"(20,35,35) ; (24,24,42)"
90,3,20,2,1,scaled,5,18,"(10,40,40) ; (15,15,60)"
90,1,6,2,1,primitive,1,90,"(9,27,54) ; (10,20,60)"
90,3,14,2,1,scaled,2,45,"(6,42,42) ; (10,10,70)"
91,91,240,2,1,primitive,1,91,"(3,40,48) ; (5,6,80)"
92,5,42,2,1,primitive,1,92,"(15,35,42) ; (16,28,48)"
92,19,110,2,1,primitive,1,92,"(8,40,44) ; (11,15,66)"
93,5,36,2,1,scaled,3,31,"(12,27,54) ; (15,18,60)"
93,31,195,2,1,primitive,1,93,"(9,39,45) ; (13,15,65)"
94,37,342,2,1,primitive,1,94,"(18,38,38) ; (19,30,45)"
94,23,182,2,1,primitive,1,94,"(13,39,42) ; (14,28,52)"
94,19,120,2,1,primitive,1,94,"(9,40,45) ; (10,24,60)"
95,19,77,2,1,primitive,1,95,"(5,35,55) ; (7,11,77)"
96,11,84,2,1,scaled,3,32,"(12,42,42) ; (15,21,60)"
97,5,44,2,1,primitive,1,97,"(16,33,48) ; (20,22,55)"
97,97,840,2,1,primitive,1,97,"(15,40,42) ; (20,21,56)"
97,3,16,2,1,primitive,1,97,"(7,42,48) ; (9,16,72)"
98,49,330,2,1,primitive,1,98,"(10,33,55) ; (12,20,66)"
98,53,280,2,1,primitive,1,98,"(7,35,56) ; (8,20,70)"
98,7,36,2,1,primitive,1,98,"(7,28,63) ; (8,18,72)"
98,49,90,2,1,primitive,1,98,"(2,36,60) ; (3,5,90)"
100,1,10,2,1,scaled,5,20,"(20,40,40) ; (25,25,50)"
101,17,45,2,1,primitive,1,101,"(3,35,63) ; (5,6,90)"
102,13,126,2,1,scaled,3,34,"(18,42,42) ; (21,27,54)"
103,103,720,2,1,primitive,1,103,"(10,45,48) ; (15,16,72)"
104,13,120,2,1,scaled,4,26,"(16,40,48) ; (20,24,60)"
104,1,6,2,1,primitive,1,104,"(8,48,48) ; (13,13,78)"
105,7,72,2,1,primitive,1,105,"(20,40,45) ; (24,27,54)"
105,1,9,2,1,scaled,3,35,"(15,45,45) ; (21,21,63)"
106,7,40,2,1,scaled,2,53,"(8,28,70) ; (10,16,80)"
106,5,24,2,1,scaled,2,53,"(6,40,60) ; (8,14,84)"
107,73,440,2,1,primitive,1,107,"(8,44,55) ; (11,16,80)"
107,113,616,2,1,primitive,1,107,"(7,44,56) ; (8,22,77)"
107,89,360,2,1,primitive,1,107,"(5,30,72) ; (8,9,90)"
108,1,10,2,1,scaled,3,36,"(18,45,45) ; (24,24,60)"
108,1,8,2,1,scaled,6,18,"(12,48,48) ; (18,18,72)"
109,31,220,2,1,primitive,1,109,"(10,44,55) ; (11,28,70)"
109,5,33,2,1,primitive,1,109,"(9,45,55) ; (11,21,77)"
110,1,12,2,1,primitive,1,110,"(30,40,40) ; (33,33,44)"
110,4,35,2,1,scaled,2,55,"(14,40,56) ; (20,20,70)"
111,37,180,2,1,scaled,3,37,"(6,45,60) ; (9,12,90)"
112,1,12,2,1,scaled,2,56,"(28,42,42) ; (32,32,48)"
112,79,840,2,1,primitive,1,112,"(21,35,56) ; (24,28,60)"
113,107,616,2,1,primitive,1,113,"(8,28,77) ; (11,14,88)"
114,47,360,2,1,scaled,2,57,"(12,30,72) ; (16,18,80)"
114,19,126,2,1,scaled,3,38,"(9,42,63) ; (12,18,84)"
114,19,66,2,1,primitive,1,114,"(4,44,66) ; (6,9,99)"
116,13,140,2,1,primitive,1,116,"(20,40,56) ; (21,35,60)"
116,19,180,2,1,scaled,2,58,"(18,28,70) ; (20,24,72)"
117,1,12,2,1,primitive,1,117,"(26,39,52) ; (27,36,54)"
117,39,440,2,1,primitive,1,117,"(22,40,55) ; (24,33,60)"
117,17,189,2,1,scaled,3,39,"(21,42,54) ; (27,27,63)"
117,39,160,2,1,primitive,1,117,"(5,32,80) ; (6,15,96)"
118,71,440,2,1,primitive,1,118,"(8,55,55) ; (10,20,88)"
120,1,12,2,1,scaled,6,20,"(24,48,48) ; (30,30,60)"
120,3,22,2,1,primitive,1,120,"(10,55,55) ; (16,16,88)"
121,10,63,2,1,primitive,1,121,"(9,28,84) ; (10,21,90)"
122,11,117,2,1,scaled,2,61,"(18,52,52) ; (24,26,72)"
122,29,210,2,1,scaled,2,61,"(10,42,70) ; (14,18,90)"
122,61,260,2,1,primitive,1,122,"(5,52,65) ; (8,10,104)"
124,23,260,2,1,scaled,2,62,"(20,52,52) ; (26,28,70)"
124,5,48,2,1,scaled,4,31,"(16,36,72) ; (20,24,80)"
124,31,280,2,1,scaled,2,62,"(14,40,70) ; (16,28,80)"
124,31,190,2,1,primitive,1,124,"(8,40,76) ; (10,19,95)"
126,3,40,2,1,primitive,1,126,"(30,48,48) ; (35,35,56)"
126,7,90,2,1,scaled,3,42,"(27,45,54) ; (30,36,60)"
126,3,28,2,1,scaled,7,18,"(14,56,56) ; (21,21,84)"
126,21,176,2,1,scaled,2,63,"(12,48,66) ; (16,22,88)"
126,35,234,2,1,primitive,1,126,"(9,39,78) ; (10,26,90)"
127,85,616,2,1,primitive,1,127,"(10,40,77) ; (11,28,88)"
128,11,112,2,1,scaled,4,32,"(16,56,56) ; (20,28,80)"
128,73,720,2,1,scaled,2,64,"(16,40,72) ; (18,30,80)"
128,367,3276,2,1,primitive,1,128,"(13,52,63) ; (14,36,78)"
128,7,60,2,1,scaled,2,64,"(14,30,84) ; (18,20,90)"
129,43,360,2,1,scaled,3,43,"(12,45,72) ; (15,24,90)"
130,13,150,2,1,scaled,5,26,"(20,50,60) ; (25,30,75)"
130,13,126,2,1,primitive,1,130,"(15,45,70) ; (18,28,84)"
130,181,1680,2,1,primitive,1,130,"(15,35,80) ; (16,30,84)"
130,13,90,2,1,primitive,1,130,"(9,55,66) ; (10,30,90)"
131,1,5,2,1,primitive,1,131,"(6,50,75) ; (10,11,110)"
131,3,8,2,1,primitive,1,131,"(3,32,96) ; (5,6,120)"
132,1,12,2,1,scaled,2,66,"(22,44,66) ; (24,36,72)"
132,37,360,2,1,primitive,1,132,"(15,45,72) ; (16,36,80)"
132,37,210,2,1,primitive,1,132,"(7,50,75) ; (9,18,105)"
132,17,84,2,1,primitive,1,132,"(6,42,84) ; (7,20,105)"
133,7,40,2,1,primitive,1,133,"(7,56,70) ; (8,25,100)"
133,133,360,2,1,primitive,1,133,"(3,40,90) ; (4,9,120)"
134,67,770,2,1,primitive,1,134,"(20,44,70) ; (22,35,77)"
135,1,7,2,1,scaled,3,45,"(9,63,63) ; (15,15,105)"
135,3,20,2,1,primitive,1,135,"(9,36,90) ; (10,25,100)"
135,3,13,2,1,primitive,1,135,"(5,65,65) ; (9,9,117)"
136,13,168,2,1,scaled,4,34,"(24,56,56) ; (28,36,72)"
136,127,1540,2,1,primitive,1,136,"(21,55,60) ; (22,44,70)"
136,1,10,3,3,primitive,1,136,"(15,55,66) ; (16,40,80) ; (17,34,85)"
136,43,420,2,1,primitive,1,136,"(15,44,77) ; (18,28,90)"
136,1,6,2,1,primitive,1,136,"(8,32,96) ; (11,15,110)"
137,17,144,2,1,primitive,1,137,"(12,45,80) ; (16,22,99)"
137,1,7,2,1,primitive,1,137,"(9,56,72) ; (12,20,105)"
138,3,40,2,1,scaled,2,69,"(28,40,70) ; (30,36,72)"
138,47,546,2,1,primitive,1,138,"(21,39,78) ; (26,28,84)"
138,83,630,2,1,primitive,1,138,"(10,56,72) ; (15,18,105)"
139,139,1680,2,1,primitive,1,139,"(21,48,70) ; (24,35,80)"
139,46,465,2,1,primitive,1,139,"(15,62,62) ; (18,31,90)"
139,1,9,2,1,primitive,1,139,"(14,35,90) ; (18,22,99)"
139,59,336,2,1,primitive,1,139,"(7,48,84) ; (9,18,112)"
139,47,168,2,1,primitive,1,139,"(4,63,72) ; (5,14,120)"
140,1,14,2,1,scaled,7,20,"(28,56,56) ; (35,35,70)"
140,1,12,2,1,scaled,4,35,"(20,60,60) ; (28,28,84)"
140,7,60,2,1,primitive,1,140,"(12,48,80) ; (15,25,100)"
140,7,44,2,1,scaled,2,70,"(8,44,88) ; (10,20,110)"
141,19,180,2,1,primitive,1,141,"(15,36,90) ; (20,22,99)"
142,17,210,2,1,primitive,1,142,"(21,55,66) ; (28,30,84)"
142,13,126,2,1,primitive,1,142,"(14,56,72) ; (21,22,99)"
142,59,440,2,1,scaled,2,71,"(10,44,88) ; (16,16,110)"
143,1,15,3,3,primitive,1,143,"(33,55,55) ; (35,45,63) ; (39,39,65)"
143,19,180,2,1,primitive,1,143,"(14,45,84) ; (18,25,100)"
143,1,8,2,1,primitive,1,143,"(11,44,88) ; (13,26,104)"
143,13,99,2,1,primitive,1,143,"(11,33,99) ; (15,18,110)"
144,3,40,2,1,scaled,4,36,"(24,60,60) ; (32,32,80)"
144,3,32,2,1,scaled,8,18,"(16,64,64) ; (24,24,96)"
145,1,12,2,1,primitive,1,145,"(20,50,75) ; (24,33,88)"
146,11,126,2,1,primitive,1,146,"(18,56,72) ; (21,35,90)"
146,4,45,2,1,scaled,2,73,"(18,48,80) ; (20,36,90)"
146,107,880,2,1,primitive,1,146,"(11,55,80) ; (16,20,110)"
146,73,560,2,1,scaled,2,73,"(10,56,80) ; (14,20,112)"
147,5,72,2,1,primitive,1,147,"(28,56,63) ; (30,45,72)"
147,14,195,2,1,primitive,1,147,"(26,55,66) ; (30,39,78)"
147,32,315,2,1,primitive,1,147,"(14,63,70) ; (15,42,90)"
147,7,60,2,1,primitive,1,147,"(12,45,90) ; (14,28,105)"
147,4,33,2,1,primitive,1,147,"(12,36,99) ; (15,22,110)"
148,11,120,2,1,scaled,2,74,"(18,40,90) ; (20,32,96)"
148,37,240,2,1,scaled,4,37,"(8,60,80) ; (12,16,120)"
148,37,130,2,1,primitive,1,148,"(4,40,104) ; (5,13,130)"
149,17,168,2,1,primitive,1,149,"(14,63,72) ; (20,24,105)"
150,31,360,2,1,scaled,2,75,"(18,60,72) ; (20,40,90)"
151,773,5040,2,1,primitive,1,151,"(8,63,80) ; (9,30,112)"
152,59,868,2,1,primitive,1,152,"(28,62,62) ; (31,44,77)"
152,1,12,2,1,primitive,1,152,"(19,57,76) ; (24,32,96)"
152,19,168,2,1,scaled,4,38,"(12,56,84) ; (16,24,112)"
153,211,1560,2,1,primitive,1,153,"(10,39,104) ; (13,20,120)"
154,7,90,2,1,primitive,1,154,"(21,63,70) ; (24,40,90)"
154,1,10,2,1,scaled,2,77,"(14,70,70) ; (22,22,110)"
155,31,504,2,1,primitive,1,155,"(36,56,63) ; (40,45,70)"
155,1,12,2,1,scaled,5,31,"(20,45,90) ; (25,30,100)"
156,17,252,2,1,scaled,4,39,"(28,56,72) ; (36,36,84)"
156,29,420,2,1,scaled,2,78,"(28,48,80) ; (30,42,84)"
156,13,180,2,1,scaled,6,26,"(24,60,72) ; (30,36,90)"
156,13,168,2,1,primitive,1,156,"(21,63,72) ; (28,32,96)"
156,169,1680,2,1,primitive,1,156,"(16,35,105) ; (20,24,112)"
156,3,28,2,1,primitive,1,156,"(13,52,91) ; (16,28,112)"
157,11,180,2,1,primitive,1,157,"(36,55,66) ; (40,45,72)"
157,503,5040,2,1,primitive,1,157,"(14,63,80) ; (16,36,105)"
157,23,180,2,1,primitive,1,157,"(10,63,84) ; (11,36,110)"
157,157,1080,2,1,primitive,1,157,"(9,40,108) ; (10,27,120)"
157,157,924,2,1,primitive,1,157,"(7,66,84) ; (11,14,132)"
158,1,15,2,1,scaled,2,79,"(28,60,70) ; (30,48,80)"
158,79,1092,2,1,primitive,1,158,"(24,56,78) ; (28,39,91)"
158,73,770,2,1,primitive,1,158,"(15,66,77) ; (20,28,110)"
158,47,370,2,1,primitive,1,158,"(10,74,74) ; (11,37,110)"
159,7,60,2,1,scaled,3,53,"(12,42,105) ; (15,24,120)"
159,5,36,2,1,scaled,3,53,"(9,60,90) ; (12,21,126)"
160,1,16,2,1,scaled,8,20,"(32,64,64) ; (40,40,80)"
160,11,140,2,1,scaled,5,32,"(20,70,70) ; (25,35,100)"
161,17,280,2,1,primitive,1,161,"(35,56,70) ; (40,44,77)"
161,31,455,2,1,primitive,1,161,"(26,65,70) ; (35,35,91)"
162,1,12,2,1,scaled,9,18,"(18,72,72) ; (27,27,108)"
162,29,330,2,1,primitive,1,162,"(18,45,99) ; (22,30,110)"
163,11,168,2,1,primitive,1,163,"(28,63,72) ; (33,42,88)"
164,25,252,2,1,scaled,2,82,"(14,60,90) ; (16,36,112)"
165,3,40,2,1,primitive,1,165,"(22,55,88) ; (25,40,100)"
165,8,105,2,1,scaled,3,55,"(21,60,84) ; (30,30,105)"
165,23,168,2,1,primitive,1,165,"(9,72,84) ; (10,35,120)"
166,23,360,2,1,primitive,1,166,"(33,45,88) ; (36,40,90)"
166,11,170,2,1,primitive,1,166,"(28,68,70) ; (30,51,85)"
166,13,133,2,1,scaled,2,83,"(14,76,76) ; (16,38,112)"
167,85,819,2,1,primitive,1,167,"(13,63,91) ; (15,35,117)"
168,1,18,2,1,scaled,3,56,"(42,63,63) ; (48,48,72)"
168,7,120,2,1,scaled,4,42,"(36,60,72) ; (40,48,80)"
168,3,20,2,1,scaled,2,84,"(8,80,80) ; (14,14,140)"
168,7,36,2,1,scaled,2,84,"(6,54,108) ; (8,16,144)"
169,4,55,2,1,primitive,1,169,"(22,70,77) ; (25,44,100)"
169,13,140,2,1,primitive,1,169,"(15,70,84) ; (16,48,105)"
169,169,616,2,1,primitive,1,169,"(4,77,88) ; (7,8,154)"
170,1,18,2,1,primitive,1,170,"(42,56,72) ; (45,50,75)"
170,13,210,2,1,scaled,5,34,"(30,70,70) ; (35,45,90)"
170,1,8,2,1,primitive,1,170,"(10,80,80) ; (17,17,136)"
170,11,70,2,1,scaled,2,85,"(8,42,120) ; (10,20,140)"
170,61,360,2,1,primitive,1,170,"(8,27,135) ; (10,16,144)"
171,47,540,2,1,scaled,3,57,"(18,45,108) ; (24,27,120)"
171,57,595,2,1,primitive,1,171,"(15,51,105) ; (17,35,119)"
171,51,440,2,1,primitive,1,171,"(11,80,80) ; (15,24,132)"
172,89,1008,2,1,scaled,2,86,"(16,72,84) ; (18,42,112)"
172,43,480,2,1,scaled,4,43,"(16,60,96) ; (20,32,120)"
172,43,396,2,1,scaled,2,86,"(12,72,88) ; (18,22,132)"
172,37,280,2,1,scaled,2,86,"(10,42,120) ; (16,16,140)"
172,19,100,2,1,primitive,1,172,"(7,25,140) ; (10,12,150)"
174,19,270,2,1,scaled,3,58,"(27,42,105) ; (30,36,108)"
174,9,110,2,1,scaled,2,87,"(18,66,90) ; (20,44,110)"
174,61,630,2,1,scaled,2,87,"(14,70,90) ; (18,30,126)"
175,7,120,2,1,primitive,1,175,"(35,56,84) ; (40,45,90)"
175,1,15,2,1,scaled,5,35,"(25,75,75) ; (35,35,105)"
175,7,65,2,1,primitive,1,175,"(13,45,117) ; (15,30,130)"
175,53,420,2,1,primitive,1,175,"(10,60,105) ; (14,21,140)"
176,23,408,2,1,primitive,1,176,"(36,68,72) ; (40,51,85)"
176,61,936,2,1,scaled,2,88,"(26,72,78) ; (36,36,104)"
176,1,14,2,1,primitive,1,176,"(22,77,77) ; (32,32,112)"
176,5,52,2,1,scaled,2,88,"(14,78,84) ; (20,26,130)"
176,47,280,2,1,primitive,1,176,"(7,65,104) ; (8,28,140)"
176,29,154,2,1,primitive,1,176,"(7,26,143) ; (11,11,154)"
177,3,56,2,1,primitive,1,177,"(42,63,72) ; (44,56,77)"
177,37,504,2,1,primitive,1,177,"(21,72,84) ; (22,56,99)"
177,139,1008,2,1,primitive,1,177,"(9,56,112) ; (12,21,144)"
178,41,720,2,1,primitive,1,178,"(35,63,80) ; (40,48,90)"
178,43,504,2,1,scaled,2,89,"(18,48,112) ; (24,28,126)"
178,107,720,2,1,scaled,2,89,"(8,80,90) ; (10,24,144)"
179,47,132,2,1,primitive,1,179,"(3,88,88) ; (4,10,165)"
180,3,56,2,1,scaled,2,90,"(40,70,70) ; (48,48,84)"
180,1,18,2,1,scaled,9,20,"(36,72,72) ; (45,45,90)"
180,3,50,2,1,scaled,5,36,"(30,75,75) ; (40,40,100)"
180,73,1050,2,1,primitive,1,180,"(24,56,100) ; (25,50,105)"
180,3,40,2,1,scaled,10,18,"(20,80,80) ; (30,30,120)"
180,1,12,2,1,scaled,2,90,"(18,54,108) ; (20,40,120)"
180,3,28,2,1,scaled,4,45,"(12,84,84) ; (20,20,140)"
180,47,396,2,1,primitive,1,180,"(11,52,117) ; (12,36,132)"
180,131,480,2,1,primitive,1,180,"(4,80,96) ; (5,15,160)"
181,13,168,2,1,primitive,1,181,"(20,56,105) ; (21,48,112)"
181,7,60,2,1,primitive,1,181,"(11,60,110) ; (12,39,130)"
182,1,20,2,1,primitive,1,182,"(52,65,65) ; (56,56,70)"
182,13,210,2,1,scaled,7,26,"(28,70,84) ; (35,42,105)"
182,3,40,2,1,primitive,1,182,"(20,72,90) ; (21,56,105)"
182,91,792,2,1,primitive,1,182,"(11,72,99) ; (16,22,144)"
182,49,418,2,1,primitive,1,182,"(11,57,114) ; (12,38,132)"
182,91,612,2,1,primitive,1,182,"(8,72,102) ; (12,17,153)"
182,91,480,2,1,scaled,2,91,"(6,80,96) ; (10,12,160)"
182,13,66,2,1,primitive,1,182,"(6,44,132) ; (7,21,154)"
183,61,1020,2,1,primitive,1,183,"(30,68,85) ; (36,45,102)"
183,22,351,2,1,scaled,3,61,"(27,78,78) ; (36,39,108)"
183,95,1512,2,1,primitive,1,183,"(27,72,84) ; (35,40,108)"
183,61,840,2,1,primitive,1,183,"(21,72,90) ; (28,35,120)"
183,443,5544,2,1,primitive,1,183,"(18,77,88) ; (24,33,126)"
183,29,315,2,1,scaled,3,61,"(15,63,105) ; (21,27,135)"
184,73,1332,2,1,primitive,1,184,"(36,74,74) ; (37,63,84)"
184,5,84,2,1,scaled,2,92,"(30,70,84) ; (32,56,96)"
184,1,14,2,1,primitive,1,184,"(22,63,99) ; (24,48,112)"
184,19,220,2,1,scaled,2,92,"(16,80,88) ; (22,30,132)"
184,11,120,2,1,primitive,1,184,"(15,65,104) ; (16,48,120)"
185,47,855,2,1,primitive,1,185,"(38,57,90) ; (45,45,95)"
185,37,552,2,1,primitive,1,185,"(24,69,92) ; (30,40,115)"
185,13,144,2,1,primitive,1,185,"(15,80,90) ; (16,52,117)"
185,37,300,2,1,scaled,5,37,"(10,75,100) ; (15,20,150)"
186,17,312,2,1,primitive,1,186,"(36,72,78) ; (39,56,91)"
186,23,390,2,1,scaled,3,62,"(30,78,78) ; (39,42,105)"
186,5,72,2,1,scaled,6,31,"(24,54,108) ; (30,36,120)"
186,31,420,2,1,scaled,3,62,"(21,60,105) ; (24,42,120)"
186,31,390,2,1,scaled,2,93,"(18,78,90) ; (26,30,130)"
186,31,360,2,1,primitive,1,186,"(16,80,90) ; (24,27,135)"
186,53,462,2,1,primitive,1,186,"(11,70,105) ; (12,42,132)"
187,23,440,2,1,primitive,1,187,"(40,70,77) ; (44,55,88)"
187,29,360,2,1,primitive,1,187,"(18,65,104) ; (21,40,126)"
187,1,12,3,3,primitive,1,187,"(17,68,102) ; (18,52,117) ; (22,33,132)"
188,17,336,2,1,primitive,1,188,"(45,63,80) ; (48,56,84)"
188,37,684,2,1,scaled,2,94,"(36,76,76) ; (38,60,90)"
188,23,364,2,1,scaled,2,94,"(26,78,84) ; (28,56,104)"
188,19,240,2,1,scaled,2,94,"(18,80,90) ; (20,48,120)"
188,25,234,2,1,primitive,1,188,"(12,72,104) ; (13,45,130)"
189,3,55,2,1,primitive,1,189,"(35,77,77) ; (45,45,99)"
189,23,420,2,1,primitive,1,189,"(35,70,84) ; (36,63,90)"
189,13,180,2,1,primitive,1,189,"(24,45,120) ; (28,35,126)"
189,7,88,2,1,scaled,3,63,"(18,72,99) ; (24,33,132)"
189,97,1008,2,1,primitive,1,189,"(14,63,112) ; (21,24,144)"
189,2,15,2,1,primitive,1,189,"(9,90,90) ; (13,20,156)"
190,19,390,2,1,primitive,1,190,"(50,65,75) ; (52,60,78)"
190,1,14,2,1,primitive,1,190,"(21,78,91) ; (28,36,126)"
190,61,774,2,1,primitive,1,190,"(18,86,86) ; (21,43,126)"
190,19,210,2,1,scaled,5,38,"(15,70,105) ; (20,30,140)"
190,19,154,2,1,scaled,2,95,"(10,70,110) ; (14,22,154)"
191,1,21,2,1,primitive,1,191,"(55,66,70) ; (56,63,72)"
191,53,880,2,1,primitive,1,191,"(33,48,110) ; (35,44,112)"
191,22,315,2,1,primitive,1,191,"(22,70,99) ; (30,35,126)"
191,1,11,2,1,primitive,1,191,"(15,66,110) ; (22,26,143)"
192,11,168,2,1,scaled,6,32,"(24,84,84) ; (30,42,120)"
192,73,1080,2,1,scaled,3,64,"(24,60,108) ; (27,45,120)"
192,7,90,2,1,scaled,3,64,"(21,45,126) ; (27,30,135)"
193,37,616,2,1,primitive,1,193,"(28,77,88) ; (33,48,112)"
193,5,72,2,1,primitive,1,193,"(22,72,99) ; (24,52,117)"
193,271,1428,2,1,primitive,1,193,"(6,68,119) ; (8,17,168)"
194,5,88,2,1,scaled,2,97,"(32,66,96) ; (40,44,110)"
194,97,1680,2,1,scaled,2,97,"(30,80,84) ; (40,42,112)"
194,3,32,2,1,scaled,2,97,"(14,84,96) ; (18,32,144)"
194,97,350,2,1,primitive,1,194,"(4,50,140) ; (5,14,175)"
195,17,315,2,1,scaled,5,39,"(35,70,90) ; (45,45,105)"
195,13,231,2,1,primitive,1,195,"(33,63,99) ; (35,55,105)"
195,39,176,2,1,primitive,1,195,"(5,80,110) ; (8,11,176)"
196,49,1020,2,1,primitive,1,196,"(48,68,80) ; (51,60,85)"
196,7,130,2,1,primitive,1,196,"(35,70,91) ; (40,52,104)"
196,11,180,2,1,primitive,1,196,"(28,63,105) ; (36,40,120)"
196,49,660,2,1,scaled,2,98,"(20,66,110) ; (24,40,132)"
196,53,560,2,1,scaled,2,98,"(14,70,112) ; (16,40,140)"
196,7,72,2,1,scaled,2,98,"(14,56,126) ; (16,36,144)"
196,49,180,2,1,scaled,2,98,"(4,72,120) ; (6,10,180)"
197,17,280,2,1,primitive,1,197,"(28,65,104) ; (35,42,120)"
197,25,308,2,1,primitive,1,197,"(22,35,140) ; (26,28,143)"
198,1,18,2,1,scaled,3,66,"(33,66,99) ; (36,54,108)"
198,3,44,2,1,scaled,11,18,"(22,88,88) ; (33,33,132)"
198,3,16,2,1,primitive,1,198,"(6,96,96) ; (11,11,176)"
200,1,20,2,1,scaled,10,20,"(40,80,80) ; (50,50,100)"
200,71,1330,2,1,primitive,1,200,"(35,70,95) ; (38,57,105)"
200,23,420,2,1,primitive,1,200,"(35,60,105) ; (40,48,112)"
200,121,1260,2,1,primitive,1,200,"(14,60,126) ; (15,45,140)"
200,49,180,2,1,primitive,1,200,"(4,70,126) ; (5,15,180)"
201,67,1092,2,1,primitive,1,201,"(26,84,91) ; (36,39,126)"
201,67,840,2,1,primitive,1,201,"(18,63,120) ; (21,40,140)"
201,9,80,2,1,primitive,1,201,"(11,80,110) ; (12,45,144)"
201,409,2184,2,1,primitive,1,201,"(6,91,104) ; (7,26,168)"
202,37,220,2,1,primitive,1,202,"(7,55,140) ; (10,16,176)"
202,17,90,2,1,scaled,2,101,"(6,70,126) ; (10,12,180)"
204,13,252,2,1,scaled,6,34,"(36,84,84) ; (42,54,108)"
204,71,1260,2,1,primitive,1,204,"(30,84,90) ; (35,52,117)"
204,97,1638,2,1,primitive,1,204,"(28,72,104) ; (39,39,126)"
204,13,210,2,1,primitive,1,204,"(28,56,120) ; (35,39,130)"
204,19,210,2,1,primitive,1,204,"(15,63,126) ; (16,48,140)"
205,1,21,2,1,primitive,1,205,"(44,77,84) ; (45,70,90)"
205,1,18,2,1,primitive,1,205,"(36,52,117) ; (40,45,120)"
206,103,1638,2,1,primitive,1,206,"(26,63,117) ; (28,52,126)"
206,103,1440,2,1,scaled,2,103,"(20,90,96) ; (30,32,144)"
206,43,330,2,1,primitive,1,206,"(10,42,154) ; (11,30,165)"
207,1,20,2,1,scaled,3,69,"(42,60,105) ; (45,54,108)"
207,37,684,2,1,primitive,1,207,"(36,57,114) ; (38,52,117)"
207,1,15,2,1,primitive,1,207,"(23,69,115) ; (27,45,135)"
208,13,240,2,1,scaled,8,26,"(32,80,96) ; (40,48,120)"
208,83,1064,2,1,primitive,1,208,"(19,56,133) ; (28,28,152)"
208,1,12,2,1,scaled,2,104,"(16,96,96) ; (26,26,156)"
208,1,10,2,1,primitive,1,208,"(13,65,130) ; (16,32,160)"
209,1,20,3,3,primitive,1,209,"(38,76,95) ; (40,65,104) ; (44,55,110)"
209,47,660,2,1,primitive,1,209,"(20,90,99) ; (22,55,132)"
209,1,9,2,1,primitive,1,209,"(11,99,99) ; (19,19,171)"
210,7,150,2,1,scaled,5,42,"(45,75,90) ; (50,60,100)"
210,7,144,2,1,scaled,2,105,"(40,80,90) ; (48,54,108)"
210,1,18,2,1,scaled,6,35,"(30,90,90) ; (42,42,126)"
210,3,52,2,1,primitive,1,210,"(28,91,91) ; (40,40,130)"
210,21,340,2,1,primitive,1,210,"(25,85,100) ; (34,40,136)"
210,7,78,2,1,primitive,1,210,"(15,65,130) ; (18,36,156)"
210,7,66,2,1,scaled,3,70,"(12,66,132) ; (15,30,165)"
211,13,252,2,1,primitive,1,211,"(36,70,105) ; (42,52,117)"
211,16,231,2,1,primitive,1,211,"(22,63,126) ; (26,42,143)"
211,51,520,2,1,primitive,1,211,"(13,78,120) ; (15,40,156)"
211,211,1456,2,1,primitive,1,211,"(8,91,112) ; (13,16,182)"
212,23,520,2,1,primitive,1,212,"(52,80,80) ; (56,65,91)"
212,17,364,2,1,primitive,1,212,"(44,77,91) ; (52,56,104)"
212,83,1720,2,1,primitive,1,212,"(40,86,86) ; (43,65,104)"
212,7,80,2,1,scaled,4,53,"(16,56,140) ; (20,32,160)"
212,5,48,2,1,scaled,4,53,"(12,80,120) ; (16,28,168)"
213,73,1584,2,1,primitive,1,213,"(45,80,88) ; (48,66,99)"
213,20,399,2,1,primitive,1,213,"(38,70,105) ; (42,57,114)"
213,59,660,2,1,scaled,3,71,"(15,66,132) ; (24,24,165)"
214,67,990,2,1,primitive,1,214,"(22,72,120) ; (26,45,143)"
214,83,1200,2,1,primitive,1,214,"(25,45,144) ; (32,32,150)"
214,73,880,2,1,scaled,2,107,"(16,88,110) ; (22,32,160)"
214,113,1232,2,1,scaled,2,107,"(14,88,112) ; (16,44,154)"
214,89,720,2,1,scaled,2,107,"(10,60,144) ; (16,18,180)"
215,43,600,2,1,scaled,5,43,"(20,75,120) ; (25,40,150)"
215,43,348,2,1,primitive,1,215,"(10,60,145) ; (12,29,174)"
216,3,70,2,1,primitive,1,216,"(56,80,80) ; (63,63,90)"
216,1,20,2,1,scaled,6,36,"(36,90,90) ; (48,48,120)"
216,1,16,2,1,scaled,12,18,"(24,96,96) ; (36,36,144)"
217,7,144,2,1,primitive,1,217,"(42,63,112) ; (48,52,117)"
217,217,3960,2,1,primitive,1,217,"(30,88,99) ; (40,45,132)"
217,5,84,2,1,scaled,7,31,"(28,63,126) ; (35,42,140)"
217,109,1540,2,1,primitive,1,217,"(22,55,140) ; (28,35,154)"
217,119,1100,2,1,primitive,1,217,"(12,55,150) ; (16,25,176)"
218,19,360,2,1,primitive,1,218,"(32,90,96) ; (35,63,120)"
218,71,1078,2,1,primitive,1,218,"(22,98,98) ; (26,49,143)"
218,31,440,2,1,scaled,2,109,"(20,88,110) ; (22,56,140)"
218,5,66,2,1,scaled,2,109,"(18,90,110) ; (22,42,154)"
218,109,1190,2,1,primitive,1,218,"(14,85,119) ; (20,28,170)"
218,35,286,2,1,primitive,1,218,"(10,65,143) ; (14,22,182)"
218,233,1584,2,1,primitive,1,218,"(8,66,144) ; (9,33,176)"
219,8,135,2,1,scaled,3,73,"(27,72,120) ; (30,54,135)"
219,73,912,2,1,primitive,1,219,"(18,57,144) ; (19,48,152)"
219,73,840,2,1,scaled,3,73,"(15,84,120) ; (21,30,168)"
219,73,552,2,1,primitive,1,219,"(9,72,138) ; (12,23,184)"
220,1,24,2,1,scaled,2,110,"(60,80,80) ; (66,66,88)"
220,1,22,2,1,scaled,11,20,"(44,88,88) ; (55,55,110)"
220,17,336,2,1,primitive,1,220,"(35,80,105) ; (36,72,112)"
220,2,35,2,1,scaled,4,55,"(28,80,112) ; (40,40,140)"
220,73,1260,2,1,primitive,1,220,"(28,72,120) ; (35,45,140)"
221,1,21,2,1,primitive,1,221,"(39,91,91) ; (51,51,119)"
221,29,480,2,1,primitive,1,221,"(25,96,100) ; (32,45,144)"
222,37,780,2,1,primitive,1,222,"(40,78,104) ; (45,60,117)"
222,193,3696,2,1,primitive,1,222,"(33,77,112) ; (42,48,132)"
222,11,180,2,1,scaled,3,74,"(27,60,135) ; (30,48,144)"
222,111,1190,2,1,primitive,1,222,"(14,68,140) ; (17,35,170)"
222,43,420,2,1,primitive,1,222,"(12,105,105) ; (14,40,168)"
222,37,360,2,1,scaled,6,37,"(12,90,120) ; (18,24,180)"
224,1,24,2,1,scaled,4,56,"(56,84,84) ; (64,64,96)"
224,79,1680,2,1,scaled,2,112,"(42,70,112) ; (48,56,120)"
224,11,196,2,1,scaled,7,32,"(28,98,98) ; (35,49,140)"
224,7,110,2,1,primitive,1,224,"(26,55,143) ; (35,35,154)"
225,3,70,2,1,primitive,1,225,"(56,65,104) ; (60,60,105)"
225,43,840,2,1,primitive,1,225,"(35,70,120) ; (39,56,130)"
225,31,540,2,1,scaled,3,75,"(27,90,108) ; (30,60,135)"
225,3,35,2,1,scaled,5,45,"(15,105,105) ; (25,25,175)"
226,107,1232,2,1,scaled,2,113,"(16,56,154) ; (22,28,176)"
227,31,693,2,1,primitive,1,227,"(44,84,99) ; (45,77,105)"
228,19,462,2,1,primitive,1,228,"(56,84,88) ; (63,66,99)"
228,47,720,2,1,scaled,4,57,"(24,60,144) ; (32,36,160)"
228,23,330,2,1,primitive,1,228,"(20,88,120) ; (30,33,165)"
228,19,252,2,1,scaled,6,38,"(18,84,126) ; (24,36,168)"
228,57,700,2,1,primitive,1,228,"(16,100,112) ; (25,28,175)"
228,19,132,2,1,scaled,2,114,"(8,88,132) ; (12,18,198)"
229,229,4620,2,1,primitive,1,229,"(35,84,110) ; (42,55,132)"
229,11,216,2,1,primitive,1,229,"(33,88,108) ; (40,54,135)"
229,229,1560,2,1,primitive,1,229,"(8,65,156) ; (10,24,195)"
230,1,14,2,1,primitive,1,230,"(20,70,140) ; (23,46,161)"
230,353,4620,2,1,primitive,1,230,"(21,44,165) ; (22,40,168)"
231,13,315,2,1,primitive,1,231,"(55,77,99) ; (63,63,105)"
231,1,15,2,1,scaled,3,77,"(21,105,105) ; (33,33,165)"
232,11,252,2,1,primitive,1,232,"(48,72,112) ; (52,63,117)"
232,13,280,2,1,scaled,2,116,"(40,80,112) ; (42,70,120)"
232,19,360,2,1,scaled,4,58,"(36,56,140) ; (40,48,144)"
233,703,7280,2,1,primitive,1,233,"(13,80,140) ; (16,35,182)"
233,109,792,2,1,primitive,1,233,"(9,48,176) ; (11,24,198)"
234,1,24,2,1,scaled,2,117,"(52,78,104) ; (54,72,108)"
234,39,880,2,1,scaled,2,117,"(44,80,110) ; (48,66,120)"
234,17,378,2,1,scaled,6,39,"(42,84,108) ; (54,54,126)"
234,29,630,2,1,scaled,3,78,"(42,72,120) ; (45,63,126)"
234,13,270,2,1,scaled,9,26,"(36,90,108) ; (45,54,135)"
234,3,52,2,1,scaled,13,18,"(26,104,104) ; (39,39,156)"
234,95,1638,2,1,primitive,1,234,"(26,91,117) ; (36,42,156)"
234,39,320,2,1,scaled,2,117,"(10,64,160) ; (12,30,192)"
234,39,110,2,1,primitive,1,234,"(3,66,165) ; (4,10,220)"
236,71,880,2,1,scaled,2,118,"(16,110,110) ; (20,40,176)"
237,71,1680,2,1,primitive,1,237,"(48,84,105) ; (50,75,112)"
237,2,45,2,1,scaled,3,79,"(42,90,105) ; (45,72,120)"
237,23,336,2,1,primitive,1,237,"(20,105,112) ; (21,72,144)"
237,79,483,2,1,primitive,1,237,"(7,69,161) ; (9,21,207)"
238,13,294,2,1,scaled,7,34,"(42,98,98) ; (49,63,126)"
238,1,18,2,1,primitive,1,238,"(28,84,126) ; (34,51,153)"
238,101,630,2,1,primitive,1,238,"(7,105,126) ; (10,18,210)"
239,53,1260,2,1,primitive,1,239,"(52,70,117) ; (56,63,120)"
239,191,1449,2,1,primitive,1,239,"(9,69,161) ; (14,18,207)"
240,1,24,2,1,scaled,12,20,"(48,96,96) ; (60,60,120)"
240,3,44,2,1,scaled,2,120,"(20,110,110) ; (32,32,176)"
240,49,660,2,1,primitive,1,240,"(18,90,132) ; (20,55,165)"
241,1,24,2,1,primitive,1,241,"(52,72,117) ; (55,66,120)"
241,94,2205,2,1,primitive,1,241,"(45,98,98) ; (49,72,120)"
241,17,360,2,1,primitive,1,241,"(39,72,130) ; (45,56,140)"
241,23,360,2,1,primitive,1,241,"(22,99,120) ; (28,45,168)"
241,241,2145,2,1,primitive,1,241,"(11,65,165) ; (13,33,195)"
242,157,3960,2,1,primitive,1,242,"(55,88,99) ; (60,72,110)"
242,41,720,2,1,primitive,1,242,"(27,80,135) ; (28,70,144)"
242,5,63,2,1,scaled,2,121,"(18,56,168) ; (20,42,180)"
244,11,234,2,1,scaled,4,61,"(36,104,104) ; (48,52,144)"
244,29,420,2,1,scaled,4,61,"(20,84,140) ; (28,36,180)"
244,29,300,2,1,primitive,1,244,"(13,75,156) ; (20,24,200)"
244,61,520,2,1,scaled,2,122,"(10,104,130) ; (16,20,208)"
245,7,176,2,1,primitive,1,245,"(55,80,110) ; (56,77,112)"
245,1,24,2,1,primitive,1,245,"(50,75,120) ; (56,63,126)"
245,1,21,2,1,scaled,7,35,"(35,105,105) ; (49,49,147)"
245,7,120,2,1,primitive,1,245,"(25,100,120) ; (35,42,168)"
245,19,200,2,1,primitive,1,245,"(14,56,175) ; (20,25,200)"
245,49,396,2,1,primitive,1,245,"(10,55,180) ; (11,36,198)"
245,7,32,2,1,primitive,1,245,"(5,80,160) ; (7,14,224)"
246,37,990,2,1,primitive,1,246,"(66,90,90) ; (70,77,99)"
246,25,378,2,1,scaled,3,82,"(21,90,135) ; (24,54,168)"
247,25,504,2,1,primitive,1,247,"(33,88,126) ; (35,72,140)"
247,247,4620,2,1,primitive,1,247,"(30,77,140) ; (33,60,154)"
247,247,2400,2,1,primitive,1,247,"(12,75,160) ; (15,32,200)"
248,23,520,2,1,scaled,4,62,"(40,104,104) ; (52,56,140)"
248,5,96,2,1,scaled,8,31,"(32,72,144) ; (40,48,160)"
248,31,560,2,1,scaled,4,62,"(28,80,140) ; (32,56,160)"
248,31,380,2,1,scaled,2,124,"(16,80,152) ; (20,38,190)"
248,13,60,2,1,primitive,1,248,"(5,108,135) ; (6,22,220)"
248,829,2340,2,1,primitive,1,248,"(3,65,180) ; (4,10,234)"
249,11,240,2,1,primitive,1,249,"(39,80,130) ; (45,60,144)"
249,26,399,2,1,scaled,3,83,"(21,114,114) ; (24,57,168)"
250,67,1540,2,1,primitive,1,250,"(42,88,120) ; (55,55,140)"
252,3,80,2,1,scaled,2,126,"(60,96,96) ; (70,70,112)"
252,7,180,2,1,scaled,6,42,"(54,90,108) ; (60,72,120)"
252,3,70,2,1,scaled,7,36,"(42,105,105) ; (56,56,140)"
252,3,56,2,1,scaled,14,18,"(28,112,112) ; (42,42,168)"
252,21,352,2,1,scaled,4,63,"(24,96,132) ; (32,44,176)"
252,7,114,2,1,primitive,1,252,"(24,76,152) ; (27,54,171)"
252,35,468,2,1,scaled,2,126,"(18,78,156) ; (20,52,180)"
252,3,34,2,1,primitive,1,252,"(14,119,119) ; (24,24,204)"
252,1,10,2,1,scaled,3,84,"(12,120,120) ; (21,21,210)"
252,23,180,2,1,primitive,1,252,"(9,108,135) ; (10,44,198)"
252,7,54,2,1,scaled,3,84,"(9,81,162) ; (12,24,216)"
253,1,28,2,1,primitive,1,253,"(77,88,88) ; (78,84,91)"
253,83,1980,2,1,primitive,1,253,"(44,99,110) ; (45,88,120)"
253,17,120,2,1,primitive,1,253,"(8,105,140) ; (10,27,216)"
254,127,1890,2,1,primitive,1,254,"(20,108,126) ; (30,35,189)"
254,85,1232,2,1,scaled,2,127,"(20,80,154) ; (22,56,176)"
254,809,8190,2,1,primitive,1,254,"(14,45,195) ; (18,26,210)"
254,97,770,2,1,primitive,1,254,"(11,33,210) ; (14,20,220)"
254,127,798,2,1,primitive,1,254,"(7,114,133) ; (12,14,228)"
255,47,1260,2,1,primitive,1,255,"(60,90,105) ; (63,80,112)"
255,1,24,2,1,primitive,1,255,"(45,90,120) ; (51,68,136)"
255,11,252,2,1,primitive,1,255,"(45,70,140) ; (48,63,144)"
255,149,2520,2,1,primitive,1,255,"(24,105,126) ; (35,40,180)"
255,11,117,2,1,primitive,1,255,"(13,99,143) ; (15,45,195)"
255,11,105,2,1,scaled,3,85,"(12,63,180) ; (15,30,210)"
256,11,224,2,1,scaled,8,32,"(32,112,112) ; (40,56,160)"
256,73,1440,2,1,scaled,4,64,"(32,80,144) ; (36,60,160)"
256,367,6552,2,1,scaled,2,128,"(26,104,126) ; (28,72,156)"
256,7,120,2,1,scaled,4,64,"(28,60,168) ; (36,40,180)"
256,73,780,2,1,primitive,1,256,"(13,108,135) ; (14,60,182)"
256,265,1872,2,1,primitive,1,256,"(8,104,144) ; (9,39,208)"
257,2,55,2,1,primitive,1,257,"(65,88,104) ; (70,77,110)"
257,5,102,2,1,primitive,1,257,"(33,88,136) ; (36,68,153)"
257,5,88,2,1,primitive,1,257,"(26,88,143) ; (33,48,176)"
257,74,793,2,1,primitive,1,257,"(13,122,122) ; (14,61,182)"
257,7,60,2,1,primitive,1,257,"(12,35,210) ; (15,22,220)"
257,7,44,2,1,primitive,1,257,"(7,110,140) ; (12,14,231)"
257,17,105,2,1,primitive,1,257,"(7,75,175) ; (11,15,231)"
258,89,1512,2,1,scaled,3,86,"(24,108,126) ; (27,63,168)"
258,43,720,2,1,scaled,6,43,"(24,90,144) ; (30,48,180)"
258,43,594,2,1,scaled,3,86,"(18,108,132) ; (27,33,198)"
258,1,12,2,1,primitive,1,258,"(15,108,135) ; (16,66,176)"
258,43,510,2,1,primitive,1,258,"(15,90,153) ; (20,34,204)"
258,37,420,2,1,scaled,3,86,"(15,63,180) ; (24,24,210)"
258,19,210,2,1,primitive,1,258,"(15,54,189) ; (20,28,210)"
259,41,1155,2,1,primitive,1,259,"(70,90,99) ; (77,77,105)"
259,259,3960,2,1,primitive,1,259,"(22,72,165) ; (24,55,180)"
259,37,420,2,1,scaled,7,37,"(14,105,140) ; (21,28,210)"
259,329,3536,2,1,primitive,1,259,"(16,39,204) ; (17,34,208)"
260,1,26,2,1,scaled,13,20,"(52,104,104) ; (65,65,130)"
260,13,300,2,1,scaled,10,26,"(40,100,120) ; (50,60,150)"
260,41,936,2,1,primitive,1,260,"(39,104,117) ; (40,90,130)"
260,13,264,2,1,primitive,1,260,"(32,96,132) ; (40,55,165)"
260,13,252,2,1,scaled,2,130,"(30,90,140) ; (36,56,168)"
260,181,3360,2,1,scaled,2,130,"(30,70,160) ; (32,60,168)"
260,1,18,2,1,primitive,1,260,"(26,117,117) ; (40,40,180)"
260,13,180,2,1,scaled,2,130,"(18,110,132) ; (20,60,180)"
260,1,12,2,1,primitive,1,260,"(15,105,140) ; (18,44,198)"
260,13,90,2,1,primitive,1,260,"(8,72,180) ; (10,25,225)"
260,13,48,2,1,primitive,1,260,"(4,64,192) ; (5,15,240)"
261,3,55,2,1,scaled,3,87,"(27,99,135) ; (30,66,165)"
261,61,945,2,1,scaled,3,87,"(21,105,135) ; (27,45,189)"
261,5,57,2,1,primitive,1,261,"(14,114,133) ; (19,33,209)"
262,1,10,2,1,scaled,2,131,"(12,100,150) ; (20,22,220)"
262,263,2070,2,1,primitive,1,262,"(9,115,138) ; (10,45,207)"
262,19,138,2,1,primitive,1,262,"(9,46,207) ; (12,20,230)"
262,3,16,2,1,scaled,2,131,"(6,64,192) ; (10,12,240)"
263,21,440,2,1,primitive,1,263,"(33,110,120) ; (42,56,165)"
263,1,15,2,1,primitive,1,263,"(20,108,135) ; (21,77,165)"
263,43,644,2,1,primitive,1,263,"(20,105,138) ; (23,56,184)"
263,97,1400,2,1,primitive,1,263,"(20,75,168) ; (28,35,200)"
263,607,7280,2,1,primitive,1,263,"(16,65,182) ; (20,35,208)"
263,29,312,2,1,primitive,1,263,"(13,120,130) ; (16,39,208)"
263,131,1035,2,1,primitive,1,263,"(10,46,207) ; (15,18,230)"
264,1,24,2,1,scaled,4,66,"(44,88,132) ; (48,72,144)"
264,3,70,2,1,primitive,1,264,"(40,112,112) ; (55,55,154)"
264,61,1404,2,1,scaled,3,88,"(39,108,117) ; (54,54,156)"
264,95,2184,2,1,primitive,1,264,"(39,105,120) ; (52,56,156)"
264,37,720,2,1,scaled,2,132,"(30,90,144) ; (32,72,160)"
264,17,330,2,1,primitive,1,264,"(33,66,165) ; (40,48,176)"
264,13,240,2,1,primitive,1,264,"(33,55,176) ; (36,48,180)"
264,5,78,2,1,scaled,3,88,"(21,117,126) ; (30,39,195)"
264,37,420,2,1,scaled,2,132,"(14,100,150) ; (18,36,210)"
264,17,168,2,1,scaled,2,132,"(12,84,168) ; (14,40,210)"
265,7,100,2,1,scaled,5,53,"(20,70,175) ; (25,40,200)"
265,1,12,2,1,scaled,5,53,"(15,100,150) ; (20,35,210)"
265,8,63,2,1,primitive,1,265,"(9,112,144) ; (10,45,210)"
265,41,308,2,1,primitive,1,265,"(10,35,220) ; (12,22,231)"
265,16,117,2,1,primitive,1,265,"(9,48,208) ; (13,18,234)"
266,1,24,2,1,primitive,1,266,"(42,112,112) ; (57,57,152)"
266,133,3060,2,1,primitive,1,266,"(40,90,136) ; (45,68,153)"
266,19,414,2,1,primitive,1,266,"(36,92,138) ; (42,63,161)"
266,29,630,2,1,primitive,1,266,"(35,105,126) ; (36,90,140)"
266,19,294,2,1,scaled,7,38,"(21,98,147) ; (28,42,196)"
266,7,80,2,1,scaled,2,133,"(14,112,140) ; (16,50,200)"
266,133,1430,2,1,primitive,1,266,"(13,110,143) ; (20,26,220)"
266,133,720,2,1,scaled,2,133,"(6,80,180) ; (8,18,240)"
267,43,756,2,1,scaled,3,89,"(27,72,168) ; (36,42,189)"
267,107,1080,2,1,scaled,3,89,"(12,120,135) ; (15,36,216)"
267,39,308,2,1,primitive,1,267,"(9,126,132) ; (11,32,224)"
268,67,1540,2,1,scaled,2,134,"(40,88,140) ; (44,70,154)"
268,1,18,2,1,primitive,1,268,"(26,99,143) ; (28,72,168)"
268,1543,24024,2,1,primitive,1,268,"(21,104,143) ; (22,78,168)"
268,37,396,2,1,primitive,1,268,"(13,99,156) ; (18,30,220)"
268,1,10,2,1,primitive,1,268,"(12,96,160) ; (18,25,225)"
268,67,660,2,1,primitive,1,268,"(12,80,176) ; (15,33,220)"
268,67,406,2,1,primitive,1,268,"(7,58,203) ; (8,28,232)"
269,73,1872,2,1,primitive,1,269,"(48,104,117) ; (60,65,144)"
269,113,2772,2,1,primitive,1,269,"(44,99,126) ; (48,77,144)"
269,53,945,2,1,primitive,1,269,"(27,77,165) ; (35,45,189)"
269,7,108,2,1,primitive,1,269,"(24,56,189) ; (27,44,198)"
269,163,1287,2,1,primitive,1,269,"(9,117,143) ; (13,22,234)"
270,3,88,2,1,primitive,1,270,"(72,99,99) ; (80,80,110)"
270,1,28,2,1,scaled,3,90,"(60,105,105) ; (72,72,126)"
270,1,20,2,1,scaled,15,18,"(30,120,120) ; (45,45,180)"
270,1,18,2,1,scaled,3,90,"(27,81,162) ; (30,60,180)"
270,1,14,2,1,scaled,6,45,"(18,126,126) ; (30,30,210)"
270,3,40,2,1,scaled,2,135,"(18,72,180) ; (20,50,200)"
270,3,26,2,1,scaled,2,135,"(10,130,130) ; (18,18,234)"
270,191,1650,2,1,primitive,1,270,"(10,110,150) ; (14,25,231)"
271,31,561,2,1,primitive,1,271,"(26,102,143) ; (33,51,187)"
271,271,4680,2,1,primitive,1,271,"(24,117,130) ; (36,40,195)"
271,74,1035,2,1,primitive,1,271,"(18,115,138) ; (24,40,207)"
271,13,168,2,1,primitive,1,271,"(21,40,210) ; (27,28,216)"
271,401,3696,2,1,primitive,1,271,"(11,84,176) ; (16,24,231)"
271,271,1260,2,1,primitive,1,271,"(5,126,140) ; (9,10,252)"
272,1,30,2,1,primitive,1,272,"(80,96,96) ; (85,85,102)"
272,13,336,2,1,scaled,8,34,"(48,112,112) ; (56,72,144)"
272,127,3080,2,1,scaled,2,136,"(42,110,120) ; (44,88,140)"
272,1,20,3,3,scaled,2,136,"(30,110,132) ; (32,80,160) ; (34,68,170)"
272,43,840,2,1,scaled,2,136,"(30,88,154) ; (36,56,180)"
272,1,12,3,3,primitive,1,272,"(16,64,192) ; (17,51,204) ; (22,30,220)"
273,11,315,2,1,primitive,1,273,"(63,105,105) ; (65,91,117)"
273,17,441,2,1,scaled,7,39,"(49,98,126) ; (63,63,147)"
273,13,285,2,1,primitive,1,273,"(35,105,133) ; (45,57,171)"
273,31,660,2,1,primitive,1,273,"(33,120,120) ; (35,84,154)"
273,91,1380,2,1,primitive,1,273,"(20,115,138) ; (30,36,207)"
273,91,720,2,1,scaled,3,91,"(9,120,144) ; (15,18,240)"
273,3,19,2,1,primitive,1,273,"(7,133,133) ; (13,13,247)"
274,29,840,2,1,primitive,1,274,"(65,104,105) ; (70,84,120)"
274,47,1020,2,1,primitive,1,274,"(34,120,120) ; (36,85,153)"
274,17,288,2,1,scaled,2,137,"(24,90,160) ; (32,44,198)"
274,19,306,2,1,primitive,1,274,"(22,99,153) ; (34,36,204)"
274,1,14,2,1,scaled,2,137,"(18,112,144) ; (24,40,210)"
275,8,175,2,1,scaled,5,55,"(35,100,140) ; (50,50,175)"
276,3,80,2,1,scaled,4,69,"(56,80,140) ; (60,72,144)"
276,5,126,2,1,scaled,3,92,"(45,105,126) ; (48,84,144)"
276,47,1092,2,1,scaled,2,138,"(42,78,156) ; (52,56,168)"
276,25,528,2,1,primitive,1,276,"(33,99,144) ; (40,60,176)"
276,139,2790,2,1,primitive,1,276,"(31,90,155) ; (45,45,186)"
276,43,780,2,1,primitive,1,276,"(26,100,150) ; (36,45,195)"
276,19,330,2,1,scaled,3,92,"(24,120,132) ; (33,45,198)"
276,83,1260,2,1,scaled,2,138,"(20,112,144) ; (30,36,210)"
277,277,5460,2,1,primitive,1,277,"(30,91,156) ; (35,60,182)"
277,47,864,2,1,primitive,1,277,"(27,90,160) ; (32,56,189)"
278,139,3360,2,1,scaled,2,139,"(42,96,140) ; (48,70,160)"
278,19,420,2,1,primitive,1,278,"(35,108,135) ; (40,70,168)"
278,139,2970,2,1,primitive,1,278,"(33,110,135) ; (44,54,180)"
278,95,2002,2,1,primitive,1,278,"(35,78,165) ; (44,52,182)"
278,23,465,2,1,scaled,2,139,"(30,124,124) ; (36,62,180)"
278,11,210,2,1,primitive,1,278,"(28,100,150) ; (35,54,189)"
278,397,7280,2,1,primitive,1,278,"(26,112,140) ; (35,48,195)"
278,1,18,2,1,scaled,2,139,"(28,70,180) ; (36,44,198)"
278,7,110,2,1,primitive,1,278,"(22,80,176) ; (33,35,210)"
278,61,858,2,1,primitive,1,278,"(18,117,143) ; (22,48,208)"
278,59,672,2,1,scaled,2,139,"(14,96,168) ; (18,36,224)"
278,47,336,2,1,scaled,2,139,"(8,126,144) ; (10,28,240)"
278,139,630,2,1,primitive,1,278,"(5,63,210) ; (6,20,252)"
279,93,2660,2,1,primitive,1,279,"(60,105,114) ; (70,76,133)"
279,5,108,2,1,scaled,9,31,"(36,81,162) ; (45,54,180)"
279,31,585,2,1,scaled,3,93,"(27,117,135) ; (39,45,195)"
279,93,1120,2,1,primitive,1,279,"(15,96,168) ; (20,35,224)"
279,129,1495,2,1,primitive,1,279,"(15,69,195) ; (23,26,230)"
280,1,30,2,1,scaled,5,56,"(70,105,105) ; (80,80,120)"
280,1,28,2,1,scaled,14,20,"(56,112,112) ; (70,70,140)"
280,1,24,2,1,scaled,8,35,"(40,120,120) ; (56,56,168)"
280,7,120,2,1,scaled,2,140,"(24,96,160) ; (30,50,200)"
280,7,90,2,1,primitive,1,280,"(16,120,144) ; (25,30,225)"
280,7,88,2,1,scaled,4,70,"(16,88,176) ; (20,40,220)"
281,29,589,2,1,primitive,1,281,"(31,95,155) ; (38,57,186)"
281,67,1232,2,1,primitive,1,281,"(26,112,143) ; (28,77,176)"
281,6,91,2,1,primitive,1,281,"(20,105,156) ; (21,78,182)"
282,37,1026,2,1,scaled,3,94,"(54,114,114) ; (57,90,135)"
282,23,546,2,1,scaled,3,94,"(39,117,126) ; (42,84,156)"
282,37,840,2,1,primitive,1,282,"(36,120,126) ; (40,77,165)"
282,137,3060,2,1,primitive,1,282,"(40,72,170) ; (51,51,180)"
282,97,2160,2,1,primitive,1,282,"(35,112,135) ; (48,54,180)"
282,9,182,2,1,primitive,1,282,"(35,65,182) ; (39,54,189)"
282,19,360,3,3,primitive,1,282,"(27,120,135) ; (30,72,180) ; (40,44,198)"
283,443,7524,2,1,primitive,1,283,"(24,88,171) ; (36,38,209)"
283,82,715,2,1,primitive,1,283,"(10,130,143) ; (11,52,220)"
284,17,420,2,1,scaled,2,142,"(42,110,132) ; (56,60,168)"
284,13,252,2,1,scaled,2,142,"(28,112,144) ; (42,44,198)"
284,59,880,2,1,scaled,4,71,"(20,88,176) ; (32,32,220)"
285,19,480,2,1,primitive,1,285,"(45,96,144) ; (50,75,160)"
285,19,420,2,1,primitive,1,285,"(35,100,150) ; (42,63,180)"
285,1,21,2,1,primitive,1,285,"(35,75,175) ; (42,54,189)"
285,47,900,2,1,scaled,5,57,"(30,75,180) ; (40,45,200)"
285,713,12285,2,1,primitive,1,285,"(26,70,189) ; (27,63,195)"
285,19,231,2,1,scaled,3,95,"(15,105,165) ; (21,33,231)"
285,1,12,2,1,primitive,1,285,"(15,90,180) ; (19,38,228)"
286,1,30,3,3,scaled,2,143,"(66,110,110) ; (70,90,126) ; (78,78,130)"
286,19,520,2,1,primitive,1,286,"(52,104,130) ; (55,88,143)"
286,13,330,2,1,scaled,11,26,"(44,110,132) ; (55,66,165)"
286,1,20,2,1,primitive,1,286,"(30,96,160) ; (39,52,195)"
286,19,360,2,1,scaled,2,143,"(28,90,168) ; (36,50,200)"
286,23,390,2,1,primitive,1,286,"(26,65,195) ; (30,48,208)"
286,1,16,2,1,scaled,2,143,"(22,88,176) ; (26,52,208)"
286,13,198,2,1,scaled,2,143,"(22,66,198) ; (30,36,220)"
286,13,190,2,1,primitive,1,286,"(20,76,190) ; (22,55,209)"
287,89,2520,2,1,primitive,1,287,"(56,105,126) ; (63,80,144)"
287,119,2860,2,1,primitive,1,287,"(40,104,143) ; (44,78,165)"
288,3,80,2,1,scaled,8,36,"(48,120,120) ; (64,64,160)"
288,11,252,2,1,scaled,9,32,"(36,126,126) ; (45,63,180)"
288,3,64,2,1,scaled,16,18,"(32,128,128) ; (48,48,192)"
289,181,5005,2,1,primitive,1,289,"(55,91,143) ; (65,70,154)"
289,1,24,2,1,primitive,1,289,"(39,120,130) ; (44,77,168)"
289,61,1365,2,1,primitive,1,289,"(39,75,175) ; (42,65,182)"
289,27,208,2,1,primitive,1,289,"(9,72,208) ; (10,39,240)"
290,1,24,2,1,scaled,2,145,"(40,100,150) ; (48,66,176)"
290,19,450,2,1,scaled,5,58,"(45,70,175) ; (50,60,180)"
290,1,20,2,1,primitive,1,290,"(29,116,145) ; (40,50,200)"
290,263,3120,2,1,primitive,1,290,"(15,80,195) ; (24,26,240)"
291,5,132,2,1,scaled,3,97,"(48,99,144) ; (60,66,165)"
291,97,2520,2,1,scaled,3,97,"(45,120,126) ; (60,63,168)"
291,157,3255,2,1,primitive,1,291,"(31,105,155) ; (35,70,186)"
291,74,1365,2,1,primitive,1,291,"(35,48,208) ; (39,42,210)"
291,1,16,2,1,scaled,3,97,"(21,126,144) ; (27,48,216)"
291,263,4200,2,1,primitive,1,291,"(21,120,150) ; (25,56,210)"
291,9,140,2,1,primitive,1,291,"(21,90,180) ; (32,35,224)"
291,97,1200,2,1,primitive,1,291,"(16,75,200) ; (18,48,225)"
292,73,2310,2,1,primitive,1,292,"(77,105,110) ; (84,88,120)"
292,3,70,2,1,primitive,1,292,"(40,84,168) ; (42,75,175)"
292,11,252,2,1,scaled,2,146,"(36,112,144) ; (42,70,180)"
292,2,45,2,1,scaled,4,73,"(36,96,160) ; (40,72,180)"
292,107,1760,2,1,scaled,2,146,"(22,110,160) ; (32,40,220)"
292,73,1120,2,1,scaled,4,73,"(20,112,160) ; (28,40,224)"
293,53,756,2,1,primitive,1,293,"(18,135,140) ; (21,56,216)"
293,883,5544,2,1,primitive,1,293,"(7,88,198) ; (8,33,252)"
294,1,30,2,1,scaled,7,42,"(63,105,126) ; (70,84,140)"
294,5,144,2,1,scaled,2,147,"(56,112,126) ; (60,90,144)"
294,7,198,2,1,primitive,1,294,"(54,108,132) ; (63,77,154)"
294,7,195,2,1,scaled,2,147,"(52,110,132) ; (60,78,156)"
294,49,990,2,1,scaled,3,98,"(30,99,165) ; (36,60,198)"
294,16,315,2,1,scaled,2,147,"(28,126,140) ; (30,84,180)"
294,7,120,2,1,scaled,2,147,"(24,90,180) ; (28,56,210)"
294,2,33,2,1,scaled,2,147,"(24,72,198) ; (30,44,220)"
294,53,840,2,1,scaled,3,98,"(21,105,168) ; (24,60,210)"
294,7,108,2,1,scaled,3,98,"(21,84,189) ; (24,54,216)"
294,91,1254,2,1,primitive,1,294,"(19,66,209) ; (22,44,228)"
294,49,270,2,1,scaled,3,98,"(6,108,180) ; (9,15,270)"
295,4,99,2,1,primitive,1,295,"(42,99,154) ; (55,60,180)"
295,13,315,2,1,primitive,1,295,"(39,126,130) ; (45,75,175)"
296,11,240,2,1,scaled,4,74,"(36,80,180) ; (40,64,192)"
296,37,480,2,1,scaled,8,37,"(16,120,160) ; (24,32,240)"
296,37,260,2,1,scaled,2,148,"(8,80,208) ; (10,26,260)"
296,79,504,2,1,primitive,1,296,"(7,136,153) ; (8,36,252)"
297,59,1848,2,1,primitive,1,297,"(72,99,126) ; (77,88,132)"
297,3,91,2,1,primitive,1,297,"(63,117,117) ; (77,77,143)"
297,37,264,2,1,primitive,1,297,"(8,102,187) ; (11,22,264)"
298,31,840,2,1,primitive,1,298,"(56,77,165) ; (60,70,168)"
298,97,2310,2,1,primitive,1,298,"(42,80,176) ; (54,55,189)"
298,17,336,2,1,scaled,2,149,"(28,126,144) ; (40,48,210)"
298,409,5850,2,1,primitive,1,298,"(18,130,150) ; (25,39,234)"
298,1,8,2,1,primitive,1,298,"(9,136,153) ; (10,48,240)"
299,1,24,3,3,primitive,1,299,"(39,104,156) ; (46,69,184) ; (54,56,189)"
299,1,11,2,1,primitive,1,299,"(13,143,143) ; (23,23,253)"
299,65,616,2,1,primitive,1,299,"(11,112,176) ; (12,56,231)"
299,31,260,2,1,primitive,1,299,"(10,68,221) ; (13,26,260)"
300,1,30,2,1,scaled,15,20,"(60,120,120) ; (75,75,150)"
300,97,2640,2,1,primitive,1,300,"(48,120,132) ; (55,80,165)"
300,13,330,2,1,primitive,1,300,"(44,96,160) ; (45,90,165)"
300,61,1530,2,1,primitive,1,300,"(42,105,153) ; (45,85,170)"
300,31,720,2,1,scaled,4,75,"(36,120,144) ; (40,80,180)"
300,311,5940,2,1,primitive,1,300,"(27,108,165) ; (40,44,216)"
301,43,1360,2,1,primitive,1,301,"(70,112,119) ; (80,85,136)"
301,7,180,2,1,primitive,1,301,"(45,96,160) ; (55,66,180)"
301,301,7020,2,1,primitive,1,301,"(36,130,135) ; (52,54,195)"
301,43,840,2,1,scaled,7,43,"(28,105,168) ; (35,56,210)"
301,49,880,2,1,primitive,1,301,"(25,100,176) ; (33,48,220)"
301,103,1155,2,1,primitive,1,301,"(14,77,210) ; (15,55,231)"
302,151,4680,2,1,primitive,1,302,"(65,117,120) ; (78,80,144)"
302,151,3420,2,1,primitive,1,302,"(36,95,171) ; (40,72,190)"
302,773,10080,2,1,scaled,2,151,"(16,126,160) ; (18,60,224)"
302,29,208,2,1,primitive,1,302,"(8,112,182) ; (13,17,272)"
303,17,135,2,1,scaled,3,101,"(9,105,189) ; (15,18,270)"
304,121,3660,2,1,primitive,1,304,"(60,122,122) ; (61,108,135)"
304,59,1736,2,1,scaled,2,152,"(56,124,124) ; (62,88,154)"
304,19,540,2,1,primitive,1,304,"(52,117,135) ; (54,100,150)"
304,1,24,2,1,scaled,2,152,"(38,114,152) ; (48,64,192)"
304,19,336,2,1,scaled,8,38,"(24,112,168) ; (32,48,224)"
304,5881,60060,2,1,primitive,1,304,"(12,110,182) ; (13,60,231)"
305,22,585,2,1,scaled,5,61,"(45,130,130) ; (60,65,180)"
305,29,525,2,1,scaled,5,61,"(25,105,175) ; (35,45,225)"
305,11,144,2,1,primitive,1,305,"(16,136,153) ; (20,45,240)"
305,61,741,2,1,primitive,1,305,"(15,95,195) ; (19,39,247)"
306,13,378,2,1,scaled,9,34,"(54,126,126) ; (63,81,162)"
306,3,68,2,1,scaled,17,18,"(34,136,136) ; (51,51,204)"
306,57,880,2,1,primitive,1,306,"(20,110,176) ; (33,33,240)"
306,211,3120,2,1,scaled,2,153,"(20,78,208) ; (26,40,240)"
308,49,1430,2,1,primitive,1,308,"(55,110,143) ; (65,78,165)"
308,7,180,3,3,primitive,1,308,"(42,126,140) ; (44,99,165) ; (48,80,180)"
308,7,156,2,1,primitive,1,308,"(33,132,143) ; (48,52,208)"
308,1,20,2,1,scaled,4,77,"(28,140,140) ; (44,44,220)"
308,7,50,2,1,primitive,1,308,"(8,100,200) ; (11,22,275)"
309,9,280,2,1,primitive,1,309,"(63,120,126) ; (65,104,140)"
309,103,2160,2,1,scaled,3,103,"(30,135,144) ; (45,48,216)"
309,1,12,2,1,primitive,1,309,"(15,84,210) ; (20,34,255)"
310,31,1008,2,1,scaled,2,155,"(72,112,126) ; (80,90,140)"
310,1,30,2,1,primitive,1,310,"(60,100,150) ; (62,93,155)"
310,23,650,2,1,scaled,5,62,"(50,130,130) ; (65,70,175)"
310,149,4200,2,1,primitive,1,310,"(50,120,140) ; (63,72,175)"
310,109,2814,2,1,primitive,1,310,"(42,134,134) ; (54,67,189)"
310,1,24,2,1,scaled,10,31,"(40,90,180) ; (50,60,200)"
310,31,700,2,1,scaled,5,62,"(35,100,175) ; (40,70,200)"
311,11,285,2,1,primitive,1,311,"(45,95,171) ; (55,66,190)"
311,103,2640,2,1,primitive,1,311,"(45,90,176) ; (55,64,192)"
311,109,2660,2,1,primitive,1,311,"(38,133,140) ; (44,77,190)"
311,19,176,2,1,primitive,1,311,"(11,80,220) ; (17,22,272)"
312,17,504,2,1,scaled,8,39,"(56,112,144) ; (72,72,168)"
312,29,840,2,1,scaled,4,78,"(56,96,160) ; (60,84,168)"
312,13,360,2,1,scaled,12,26,"(48,120,144) ; (60,72,180)"
312,13,336,2,1,scaled,2,156,"(42,126,144) ; (56,64,192)"
312,11,240,2,1,primitive,1,312,"(32,120,160) ; (39,65,208)"
312,13,276,2,1,primitive,1,312,"(32,96,184) ; (36,69,207)"
312,169,3360,2,1,scaled,2,156,"(32,70,210) ; (40,48,224)"
312,3,56,2,1,scaled,2,156,"(26,104,182) ; (32,56,224)"
312,1,18,2,1,scaled,3,104,"(24,144,144) ; (39,39,234)"
312,21,260,2,1,primitive,1,312,"(15,117,180) ; (26,26,260)"
313,313,6864,2,1,primitive,1,313,"(33,104,176) ; (39,66,208)"
313,47,840,2,1,primitive,1,313,"(24,119,170) ; (27,70,216)"
313,313,5040,2,1,primitive,1,313,"(21,112,180) ; (28,45,240)"
313,667,9880,2,1,primitive,1,313,"(19,104,190) ; (26,40,247)"
313,197,1260,2,1,primitive,1,313,"(7,126,180) ; (9,24,280)"
314,11,360,2,1,scaled,2,157,"(72,110,132) ; (80,90,144)"
314,97,2170,2,1,primitive,1,314,"(35,93,186) ; (42,62,210)"
314,503,10080,2,1,scaled,2,157,"(28,126,160) ; (32,72,210)"
314,23,360,2,1,scaled,2,157,"(20,126,168) ; (22,72,220)"
314,157,2160,2,1,scaled,2,157,"(18,80,216) ; (20,54,240)"
314,157,1848,2,1,scaled,2,157,"(14,132,168) ; (22,28,264)"
314,157,1380,2,1,primitive,1,314,"(10,120,184) ; (15,23,276)"
315,7,216,2,1,scaled,3,105,"(60,120,135) ; (72,81,162)"
315,7,204,2,1,primitive,1,315,"(54,108,153) ; (60,85,170)"
315,1,27,2,1,scaled,9,35,"(45,135,135) ; (63,63,189)"
315,21,520,2,1,primitive,1,315,"(39,120,156) ; (50,65,200)"
315,21,440,2,1,scaled,5,63,"(30,120,165) ; (40,55,220)"
315,21,380,2,1,primitive,1,315,"(25,100,190) ; (30,57,228)"
315,7,117,2,1,primitive,1,315,"(25,65,225) ; (27,54,234)"
315,3,49,2,1,scaled,7,45,"(21,147,147) ; (35,35,245)"
316,79,2394,2,1,primitive,1,316,"(57,126,133) ; (72,76,168)"
316,1,30,2,1,scaled,4,79,"(56,120,140) ; (60,96,160)"
316,79,2184,2,1,scaled,2,158,"(48,112,156) ; (56,78,182)"
316,73,1540,2,1,scaled,2,158,"(30,132,154) ; (40,56,220)"
316,97,1752,2,1,primitive,1,316,"(24,146,146) ; (27,73,216)"
316,47,740,2,1,scaled,2,158,"(20,148,148) ; (22,74,220)"
316,43,432,2,1,primitive,1,316,"(16,30,270) ; (17,27,272)"
317,37,900,2,1,primitive,1,317,"(44,75,198) ; (45,72,200)"
317,47,924,2,1,primitive,1,317,"(28,102,187) ; (42,44,231)"
317,59,828,2,1,primitive,1,317,"(18,92,207) ; (23,42,252)"
318,101,2418,2,1,primitive,1,318,"(39,93,186) ; (48,62,208)"
318,349,6930,2,1,primitive,1,318,"(28,110,180) ; (42,45,231)"
318,2929,51480,2,1,primitive,1,318,"(24,99,195) ; (26,72,220)"
318,7,120,2,1,scaled,6,53,"(24,84,210) ; (30,48,240)"
318,5,72,2,1,scaled,6,53,"(18,120,180) ; (24,42,252)"
318,509,3990,2,1,primitive,1,318,"(10,42,266) ; (14,19,285)"
319,2,63,2,1,primitive,1,319,"(63,112,144) ; (66,99,154)"
319,1,20,2,1,primitive,1,319,"(30,85,204) ; (33,66,220)"
320,1,32,2,1,scaled,16,20,"(64,128,128) ; (80,80,160)"
320,11,280,2,1,scaled,10,32,"(40,140,140) ; (50,70,200)"
320,73,1800,2,1,scaled,5,64,"(40,100,180) ; (45,75,200)"
320,7,150,2,1,scaled,5,64,"(35,75,210) ; (45,50,225)"
320,43,780,2,1,primitive,1,320,"(25,100,195) ; (26,84,210)"
321,73,1320,2,1,scaled,3,107,"(24,132,165) ; (33,48,240)"
321,113,1848,2,1,scaled,3,107,"(21,132,168) ; (24,66,231)"
321,89,1080,2,1,scaled,3,107,"(15,90,216) ; (24,27,270)"
322,53,1820,2,1,primitive,1,322,"(80,112,130) ; (91,91,140)"
322,17,560,2,1,scaled,2,161,"(70,112,140) ; (80,88,154)"
322,83,2520,2,1,primitive,1,322,"(56,126,140) ; (72,75,175)"
322,31,910,2,1,scaled,2,161,"(52,130,140) ; (70,70,182)"
322,35,792,2,1,primitive,1,322,"(33,136,153) ; (36,88,198)"
323,1,35,2,1,primitive,1,323,"(85,119,119) ; (95,95,133)"
323,122,3685,2,1,primitive,1,323,"(55,134,134) ; (67,80,176)"
323,19,495,2,1,primitive,1,323,"(44,99,180) ; (50,75,198)"
323,95,1656,2,1,primitive,1,323,"(23,120,180) ; (24,92,207)"
324,1,30,2,1,scaled,9,36,"(54,135,135) ; (72,72,180)"
324,1,24,2,1,scaled,18,18,"(36,144,144) ; (54,54,216)"
324,107,2520,2,1,primitive,1,324,"(35,136,153) ; (42,72,210)"
324,29,660,2,1,scaled,2,162,"(36,90,198) ; (44,60,220)"
325,1,28,2,1,primitive,1,325,"(50,100,175) ; (52,91,182)"
325,2,45,2,1,primitive,1,325,"(36,85,204) ; (50,50,225)"
326,13,420,2,1,primitive,1,326,"(70,96,160) ; (77,84,165)"
326,11,336,2,1,scaled,2,163,"(56,126,144) ; (66,84,176)"
326,163,4488,2,1,primitive,1,326,"(48,102,176) ; (51,88,187)"
326,677,11550,2,1,primitive,1,326,"(22,150,154) ; (25,70,231)"
326,269,2574,2,1,primitive,1,326,"(11,117,198) ; (18,22,286)"
327,37,1155,2,1,primitive,1,327,"(63,99,165) ; (75,77,175)"
327,31,660,2,1,scaled,3,109,"(30,132,165) ; (33,84,210)"
327,5,99,2,1,scaled,3,109,"(27,135,165) ; (33,63,231)"
327,109,315,2,1,primitive,1,327,"(3,135,189) ; (5,7,315)"
328,31,858,2,1,primitive,1,328,"(48,104,176) ; (55,78,195)"
328,37,936,2,1,primitive,1,328,"(39,136,153) ; (48,72,208)"
328,109,2730,2,1,primitive,1,328,"(39,119,170) ; (42,91,195)"
328,11,260,2,1,primitive,1,328,"(39,85,204) ; (40,80,208)"
328,25,504,2,1,scaled,4,82,"(28,120,180) ; (32,72,224)"
328,283,2860,2,1,primitive,1,328,"(13,55,260) ; (20,22,286)"
330,1,36,2,1,scaled,3,110,"(90,120,120) ; (99,99,132)"
330,53,1680,2,1,primitive,1,330,"(60,126,144) ; (75,80,175)"
330,1,30,2,1,scaled,5,66,"(55,110,165) ; (60,90,180)"
330,3,80,2,1,scaled,2,165,"(44,110,176) ; (50,80,200)"
330,4,105,2,1,scaled,6,55,"(42,120,168) ; (60,60,210)"
330,23,336,2,1,scaled,2,165,"(18,144,168) ; (20,70,240)"
330,131,1650,2,1,primitive,1,330,"(15,150,165) ; (22,33,275)"
331,4,105,2,1,primitive,1,331,"(42,119,170) ; (55,66,210)"
331,17,420,2,1,primitive,1,331,"(42,85,204) ; (44,77,210)"
332,23,720,2,1,scaled,2,166,"(66,90,176) ; (72,80,180)"
332,11,340,2,1,scaled,2,166,"(56,136,140) ; (60,102,170)"
332,13,266,2,1,scaled,4,83,"(28,152,152) ; (32,76,224)"
332,23,420,2,1,primitive,1,332,"(24,140,168) ; (35,45,252)"
333,37,936,2,1,primitive,1,333,"(39,126,168) ; (45,80,208)"
333,111,1840,2,1,primitive,1,333,"(23,80,230) ; (24,69,240)"
333,37,540,2,1,scaled,9,37,"(18,135,180) ; (27,36,270)"
333,111,1400,2,1,primitive,1,333,"(15,150,168) ; (25,28,280)"
334,23,770,2,1,primitive,1,334,"(70,110,154) ; (78,91,165)"
334,67,1980,2,1,primitive,1,334,"(52,117,165) ; (55,99,180)"
334,269,7280,2,1,primitive,1,334,"(48,91,195) ; (56,70,208)"
334,37,990,2,1,primitive,1,334,"(44,110,180) ; (45,102,187)"
334,7,180,2,1,primitive,1,334,"(40,126,168) ; (45,85,204)"
334,85,1638,2,1,scaled,2,167,"(26,126,182) ; (30,70,234)"
335,11,357,2,1,primitive,1,335,"(63,119,153) ; (75,85,175)"
335,67,1736,2,1,primitive,1,335,"(40,140,155) ; (56,62,217)"
335,283,6600,2,1,primitive,1,335,"(36,99,200) ; (40,75,220)"
336,1,36,2,1,scaled,6,56,"(84,126,126) ; (96,96,144)"
336,7,240,2,1,scaled,8,42,"(72,120,144) ; (80,96,160)"
336,79,2520,2,1,scaled,3,112,"(63,105,168) ; (72,84,180)"
336,3,40,2,1,scaled,4,84,"(16,160,160) ; (28,28,280)"
336,7,72,2,1,scaled,4,84,"(12,108,216) ; (16,32,288)"
337,52,595,2,1,primitive,1,337,"(14,85,238) ; (17,40,280)"
338,17,616,2,1,primitive,1,338,"(88,110,140) ; (91,104,143)"
338,1,30,2,1,scaled,13,26,"(52,130,156) ; (65,78,195)"
338,2,55,2,1,scaled,2,169,"(44,140,154) ; (50,88,200)"
338,13,280,2,1,scaled,2,169,"(30,140,168) ; (32,96,210)"
338,53,630,2,1,primitive,1,338,"(14,135,189) ; (18,40,280)"
338,13,144,2,1,primitive,1,338,"(13,117,208) ; (18,32,288)"
338,169,1232,2,1,scaled,2,169,"(8,154,176) ; (14,16,308)"
339,107,1848,2,1,scaled,3,113,"(24,84,231) ; (33,42,264)"
340,1,36,2,1,scaled,2,170,"(84,112,144) ; (90,100,150)"
340,1,34,2,1,scaled,17,20,"(68,136,136) ; (85,85,170)"
340,13,420,2,1,scaled,10,34,"(60,140,140) ; (70,90,180)"
340,1,16,2,1,scaled,2,170,"(20,160,160) ; (34,34,272)"
340,11,140,2,1,scaled,4,85,"(16,84,240) ; (20,40,280)"
340,61,720,2,1,scaled,2,170,"(16,54,270) ; (20,32,288)"
341,149,4620,2,1,primitive,1,341,"(55,132,154) ; (56,120,165)"
341,5,132,2,1,scaled,11,31,"(44,99,198) ; (55,66,220)"
341,113,2380,2,1,primitive,1,341,"(32,85,224) ; (35,68,238)"
341,1,21,2,1,primitive,1,341,"(31,93,217) ; (33,77,231)"
341,383,5355,2,1,primitive,1,341,"(17,135,189) ; (18,85,238)"
341,17,208,2,1,primitive,1,341,"(16,65,260) ; (17,52,272)"
342,1,30,2,1,primitive,1,342,"(54,108,180) ; (57,95,190)"
342,139,3780,2,1,primitive,1,342,"(45,108,189) ; (56,70,216)"
342,3,76,2,1,scaled,19,18,"(38,152,152) ; (57,57,228)"
342,5,126,2,1,primitive,1,342,"(38,133,171) ; (42,90,210)"
342,47,1080,2,1,scaled,6,57,"(36,90,216) ; (48,54,240)"
342,57,1190,2,1,scaled,2,171,"(30,102,210) ; (34,70,238)"
342,19,378,2,1,scaled,9,38,"(27,126,189) ; (36,54,252)"
342,51,880,2,1,scaled,2,171,"(22,160,160) ; (30,48,264)"
342,57,910,2,1,primitive,1,342,"(20,140,182) ; (30,39,273)"
342,43,630,2,1,primitive,1,342,"(18,135,189) ; (20,70,252)"
342,19,198,2,1,scaled,3,114,"(12,132,198) ; (18,27,297)"
342,57,574,2,1,primitive,1,342,"(12,84,246) ; (14,41,287)"
343,97,2871,2,1,primitive,1,343,"(58,87,198) ; (63,77,203)"
343,49,1012,2,1,primitive,1,343,"(28,154,161) ; (44,46,253)"
343,49,615,2,1,primitive,1,343,"(15,123,205) ; (21,35,287)"
343,343,3744,2,1,primitive,1,343,"(13,96,234) ; (16,39,288)"
343,343,3060,2,1,primitive,1,343,"(10,153,180) ; (17,20,306)"
343,10,63,2,1,primitive,1,343,"(7,84,252) ; (10,18,315)"
344,5,154,2,1,primitive,1,344,"(55,119,170) ; (56,112,176)"
344,23,660,2,1,primitive,1,344,"(48,120,176) ; (55,85,204)"
344,1993,46800,2,1,primitive,1,344,"(36,100,208) ; (39,80,225)"
344,89,2016,2,1,scaled,4,86,"(32,144,168) ; (36,84,224)"
344,43,960,2,1,scaled,8,43,"(32,120,192) ; (40,64,240)"
344,43,792,2,1,scaled,4,86,"(24,144,176) ; (36,44,264)"
344,37,560,2,1,scaled,4,86,"(20,84,240) ; (32,32,280)"
344,1319,14850,2,1,primitive,1,344,"(15,54,275) ; (22,25,297)"
344,19,200,2,1,scaled,2,172,"(14,50,280) ; (20,24,300)"
345,22,765,2,1,primitive,1,345,"(72,120,153) ; (85,90,170)"
345,3,100,2,1,scaled,5,69,"(70,100,175) ; (75,90,180)"
345,2,63,2,1,primitive,1,345,"(56,136,153) ; (60,105,180)"
345,13,396,2,1,primitive,1,345,"(55,110,180) ; (63,84,198)"
345,29,840,2,1,primitive,1,345,"(56,85,204) ; (63,72,210)"
345,79,1680,2,1,primitive,1,345,"(35,70,240) ; (45,48,252)"
345,11,168,2,1,primitive,1,345,"(21,72,252) ; (30,35,280)"
345,17,105,2,1,primitive,1,345,"(7,65,273) ; (9,21,315)"
346,73,1768,2,1,primitive,1,346,"(40,85,221) ; (52,56,238)"
346,11,266,2,1,primitive,1,346,"(42,76,228) ; (51,57,238)"
346,3,50,2,1,primitive,1,346,"(21,150,175) ; (22,99,225)"
346,361,6006,2,1,primitive,1,346,"(21,143,182) ; (26,56,264)"
347,109,4095,2,1,primitive,1,347,"(91,126,130) ; (99,105,143)"
347,23,600,2,1,primitive,1,347,"(42,105,200) ; (50,72,225)"
347,41,315,2,1,primitive,1,347,"(9,65,273) ; (14,18,315)"
348,13,420,2,1,scaled,3,116,"(60,120,168) ; (63,105,180)"
348,19,540,2,1,scaled,6,58,"(54,84,210) ; (60,72,216)"
348,23,594,2,1,primitive,1,348,"(44,88,216) ; (54,63,231)"
348,9,220,2,1,scaled,4,87,"(36,132,180) ; (40,88,220)"
348,61,1260,2,1,scaled,4,87,"(28,140,180) ; (36,60,252)"
348,1,18,2,1,primitive,1,348,"(24,108,216) ; (29,58,261)"
349,47,1683,2,1,primitive,1,349,"(77,119,153) ; (85,99,165)"
349,83,2772,2,1,primitive,1,349,"(63,132,154) ; (70,99,180)"
349,11,360,2,1,primitive,1,349,"(60,136,153) ; (65,104,180)"
349,7,220,2,1,primitive,1,349,"(55,140,154) ; (60,102,187)"
349,1,30,2,1,primitive,1,349,"(52,117,180) ; (60,85,204)"
349,101,1980,2,1,primitive,1,349,"(26,143,180) ; (40,45,264)"
350,7,240,2,1,scaled,2,175,"(70,112,168) ; (80,90,180)"
350,1,30,2,1,scaled,10,35,"(50,150,150) ; (70,70,210)"
350,7,130,2,1,scaled,2,175,"(26,90,234) ; (30,60,260)"
350,53,840,2,1,scaled,2,175,"(20,120,210) ; (28,42,280)"
350,7,110,2,1,scaled,5,70,"(20,110,220) ; (25,50,275)"
350,1,12,2,1,primitive,1,350,"(14,168,168) ; (25,25,300)"
351,1,36,2,1,scaled,3,117,"(78,117,156) ; (81,108,162)"
351,13,440,2,1,scaled,3,117,"(66,120,165) ; (72,99,180)"
351,17,567,2,1,scaled,9,39,"(63,126,162) ; (81,81,189)"
351,67,2232,2,1,primitive,1,351,"(62,136,153) ; (72,93,186)"
351,3,85,2,1,primitive,1,351,"(45,153,153) ; (65,65,221)"
351,13,160,2,1,scaled,3,117,"(15,96,240) ; (18,45,288)"
352,23,816,2,1,scaled,2,176,"(72,136,144) ; (80,102,170)"
352,29,1008,2,1,primitive,1,352,"(72,112,168) ; (77,99,176)"
352,43,1386,2,1,primitive,1,352,"(63,102,187) ; (77,77,198)"
352,61,1872,2,1,scaled,4,88,"(52,144,156) ; (72,72,208)"
352,115,3276,2,1,primitive,1,352,"(52,90,210) ; (63,68,221)"
352,1,28,3,3,primitive,1,352,"(44,154,154) ; (55,77,220) ; (64,64,224)"
352,5,104,2,1,scaled,4,88,"(28,156,168) ; (40,52,260)"
352,79,1404,2,1,primitive,1,352,"(27,65,260) ; (30,52,270)"
352,79,1008,2,1,primitive,1,352,"(16,84,252) ; (17,63,272)"
352,47,560,2,1,scaled,2,176,"(14,130,208) ; (16,56,280)"
352,29,308,2,1,scaled,2,176,"(14,52,286) ; (22,22,308)"
353,38,1155,2,1,primitive,1,353,"(54,110,189) ; (66,77,210)"
353,107,2736,2,1,primitive,1,353,"(38,144,171) ; (45,80,228)"
353,159,1540,2,1,primitive,1,353,"(11,132,210) ; (15,30,308)"
354,3,112,2,1,scaled,2,177,"(84,126,144) ; (88,112,154)"
354,9,260,2,1,primitive,1,354,"(50,104,200) ; (65,68,221)"
354,37,1008,2,1,scaled,2,177,"(42,144,168) ; (44,112,198)"
354,19,390,2,1,primitive,1,354,"(30,90,234) ; (34,65,255)"
354,71,1320,2,1,scaled,3,118,"(24,165,165) ; (30,60,264)"
354,551,9240,2,1,primitive,1,354,"(21,165,168) ; (30,44,280)"
354,139,2016,2,1,scaled,2,177,"(18,112,224) ; (24,42,288)"
354,5,48,2,1,primitive,1,354,"(11,112,231) ; (16,26,312)"
354,27,220,2,1,primitive,1,354,"(9,165,180) ; (11,35,308)"
355,79,2800,2,1,primitive,1,355,"(75,112,168) ; (80,100,175)"
355,7,165,2,1,primitive,1,355,"(35,110,210) ; (36,99,220)"
355,59,1100,2,1,scaled,5,71,"(25,110,220) ; (40,40,275)"
355,943,17325,2,1,primitive,1,355,"(25,99,231) ; (35,45,275)"
355,19,200,2,1,primitive,1,355,"(12,168,175) ; (15,40,300)"
356,41,1440,2,1,scaled,2,178,"(70,126,160) ; (80,96,180)"
356,43,1008,2,1,scaled,4,89,"(36,96,224) ; (48,56,252)"
356,67,990,2,1,primitive,1,356,"(18,143,195) ; (20,72,264)"
356,107,1440,2,1,scaled,4,89,"(16,160,180) ; (20,48,288)"
356,2003,26928,2,1,primitive,1,356,"(16,153,187) ; (18,66,272)"
356,37,390,2,1,primitive,1,356,"(13,70,273) ; (20,24,312)"
357,31,1092,2,1,primitive,1,357,"(72,117,168) ; (84,91,182)"
357,7,195,2,1,primitive,1,357,"(45,117,195) ; (51,85,221)"
357,7,99,2,1,primitive,1,357,"(17,153,187) ; (27,33,297)"
358,11,378,2,1,primitive,1,358,"(70,108,180) ; (78,91,189)"
358,523,14490,2,1,primitive,1,358,"(46,105,207) ; (56,72,230)"
358,619,6552,2,1,primitive,1,358,"(13,72,273) ; (18,28,312)"
358,47,264,2,1,scaled,2,179,"(6,176,176) ; (8,20,330)"
359,17,468,2,1,primitive,1,359,"(44,117,198) ; (60,65,234)"
359,239,3465,2,1,primitive,1,359,"(18,110,231) ; (27,35,297)"
359,43,560,2,1,primitive,1,359,"(16,98,245) ; (17,70,272)"
359,251,3120,2,1,primitive,1,359,"(15,104,240) ; (16,70,273)"
359,131,840,2,1,primitive,1,359,"(7,112,240) ; (8,36,315)"
360,3,112,2,1,scaled,4,90,"(80,140,140) ; (96,96,168)"
360,1,36,2,1,scaled,18,20,"(72,144,144) ; (90,90,180)"
360,3,100,2,1,scaled,10,36,"(60,150,150) ; (80,80,200)"
360,73,2100,2,1,scaled,2,180,"(48,112,200) ; (50,100,210)"
360,3,80,2,1,scaled,20,18,"(40,160,160) ; (60,60,240)"
360,1,24,2,1,scaled,4,90,"(36,108,216) ; (40,80,240)"
360,1,22,2,1,scaled,3,120,"(30,165,165) ; (48,48,264)"
360,281,5460,2,1,primitive,1,360,"(30,70,260) ; (35,52,273)"
360,3,56,2,1,scaled,8,45,"(24,168,168) ; (40,40,280)"
360,137,2520,2,1,primitive,1,360,"(24,126,210) ; (35,45,280)"
360,47,792,2,1,scaled,2,180,"(22,104,234) ; (24,72,264)"
360,3,44,2,1,primitive,1,360,"(22,52,286) ; (27,36,297)"
360,479,6120,2,1,primitive,1,360,"(17,63,280) ; (24,30,306)"
360,3,22,2,1,primitive,1,360,"(8,176,176) ; (15,15,330)"
360,131,960,2,1,scaled,2,180,"(8,160,192) ; (10,30,320)"
361,25,952,2,1,primitive,1,361,"(85,136,140) ; (88,119,154)"
361,1,36,2,1,primitive,1,361,"(72,136,153) ; (76,114,171)"
361,361,11440,2,1,primitive,1,361,"(55,130,176) ; (65,88,208)"
361,85,693,2,1,primitive,1,361,"(9,154,198) ; (11,35,315)"
361,361,1360,2,1,primitive,1,361,"(4,85,272) ; (5,16,340)"
362,143,5110,2,1,primitive,1,362,"(70,146,146) ; (73,119,170)"
362,289,10010,2,1,primitive,1,362,"(65,143,154) ; (70,110,182)"
362,181,5852,2,1,primitive,1,362,"(56,152,154) ; (76,77,209)"
362,13,336,2,1,scaled,2,181,"(40,112,210) ; (42,96,224)"
362,71,1320,2,1,primitive,1,362,"(24,143,195) ; (28,70,264)"
362,137,2470,2,1,primitive,1,362,"(26,76,260) ; (38,39,285)"
362,7,120,2,1,scaled,2,181,"(22,120,220) ; (24,78,260)"
362,467,7854,2,1,primitive,1,362,"(21,154,187) ; (22,102,238)"
362,17,264,2,1,primitive,1,362,"(21,77,264) ; (24,52,286)"
362,89,1330,2,1,primitive,1,362,"(19,98,245) ; (20,76,266)"
362,521,7722,2,1,primitive,1,362,"(22,54,286) ; (26,39,297)"
363,163,5544,2,1,primitive,1,363,"(63,132,168) ; (77,88,198)"
363,911,21840,2,1,primitive,1,363,"(35,120,208) ; (39,84,240)"
363,26,555,2,1,primitive,1,363,"(30,111,222) ; (34,74,255)"
363,43,825,2,1,primitive,1,363,"(25,143,195) ; (33,55,275)"
363,10,189,2,1,scaled,3,121,"(27,84,252) ; (30,63,270)"
364,1,40,2,1,scaled,2,182,"(104,130,130) ; (112,112,140)"
364,13,432,2,1,primitive,1,364,"(63,112,189) ; (64,108,192)"
364,13,420,2,1,scaled,14,26,"(56,140,168) ; (70,84,210)"
364,91,2610,2,1,primitive,1,364,"(45,145,174) ; (60,72,232)"
364,3,80,2,1,scaled,2,182,"(40,144,180) ; (42,112,210)"
364,91,1674,2,1,primitive,1,364,"(24,124,216) ; (31,54,279)"
364,91,1584,2,1,scaled,2,182,"(22,144,198) ; (32,44,288)"
364,49,836,2,1,scaled,2,182,"(22,114,228) ; (24,76,264)"
364,13,210,2,1,primitive,1,364,"(21,98,245) ; (24,60,280)"
364,91,1224,2,1,scaled,2,182,"(16,144,204) ; (24,34,306)"
364,91,960,2,1,scaled,4,91,"(12,160,192) ; (20,24,320)"
364,13,132,2,1,scaled,2,182,"(12,88,264) ; (14,42,308)"
365,71,2640,2,1,primitive,1,365,"(80,120,165) ; (90,99,176)"
365,269,9360,2,1,primitive,1,365,"(65,144,156) ; (80,90,195)"
365,8,225,2,1,scaled,5,73,"(45,120,200) ; (50,90,225)"
365,37,756,2,1,primitive,1,365,"(27,156,182) ; (35,60,270)"
365,73,1400,2,1,scaled,5,73,"(25,140,200) ; (35,50,280)"
365,509,9240,2,1,primitive,1,365,"(24,110,231) ; (30,55,280)"
365,73,1184,2,1,primitive,1,365,"(20,160,185) ; (32,37,296)"
366,3,110,2,1,primitive,1,366,"(77,119,170) ; (80,110,176)"
366,61,2040,2,1,scaled,2,183,"(60,136,170) ; (72,90,204)"
366,11,351,2,1,scaled,6,61,"(54,156,156) ; (72,78,216)"
366,95,3024,2,1,scaled,2,183,"(54,144,168) ; (70,80,216)"
366,61,1680,2,1,scaled,2,183,"(42,144,180) ; (56,70,240)"
366,17,462,2,1,primitive,1,366,"(42,126,198) ; (51,77,238)"
366,443,11088,2,1,scaled,2,183,"(36,154,176) ; (48,66,252)"
366,29,630,2,1,scaled,6,61,"(30,126,210) ; (42,54,270)"
366,73,1368,2,1,primitive,1,366,"(24,171,171) ; (28,72,266)"
366,61,1140,2,1,primitive,1,366,"(24,152,190) ; (36,45,285)"
366,23,420,2,1,primitive,1,366,"(28,65,273) ; (30,56,280)"
366,61,780,2,1,scaled,3,122,"(15,156,195) ; (24,30,312)"
366,17,216,2,1,primitive,1,366,"(15,135,216) ; (16,80,270)"
367,227,6435,2,1,primitive,1,367,"(44,143,180) ; (55,78,234)"
367,10,273,2,1,primitive,1,367,"(42,130,195) ; (51,78,238)"
367,32,819,2,1,primitive,1,367,"(42,91,234) ; (52,63,252)"
367,614,10725,2,1,primitive,1,367,"(22,150,195) ; (26,66,275)"
367,47,624,2,1,primitive,1,367,"(16,117,234) ; (17,78,272)"
367,3,16,2,1,primitive,1,367,"(6,57,304) ; (7,24,336)"
368,73,2664,2,1,scaled,2,184,"(72,148,148) ; (74,126,168)"
368,5,168,2,1,scaled,4,92,"(60,140,168) ; (64,112,192)"
368,131,4108,2,1,primitive,1,368,"(52,158,158) ; (68,79,221)"
368,1,30,2,1,primitive,1,368,"(48,160,160) ; (69,69,230)"
368,1,28,2,1,scaled,2,184,"(44,126,198) ; (48,96,224)"
368,25,616,2,1,primitive,1,368,"(35,165,168) ; (44,72,252)"
368,19,440,2,1,scaled,4,92,"(32,160,176) ; (44,60,264)"
368,11,240,2,1,scaled,2,184,"(30,130,208) ; (32,96,240)"
368,1,18,2,1,primitive,1,368,"(23,138,207) ; (32,48,288)"
368,71,900,2,1,primitive,1,368,"(18,50,300) ; (25,28,315)"
369,3,100,2,1,primitive,1,369,"(65,104,200) ; (75,84,210)"
369,111,2200,2,1,primitive,1,369,"(26,143,200) ; (30,75,264)"
369,1123,15912,2,1,primitive,1,369,"(17,144,208) ; (24,39,306)"
369,53,600,2,1,primitive,1,369,"(13,156,200) ; (14,75,280)"
369,13,72,2,1,primitive,1,369,"(6,99,264) ; (8,19,342)"
370,47,1710,2,1,scaled,2,185,"(76,114,180) ; (90,90,190)"
370,37,1188,2,1,primitive,1,370,"(55,135,180) ; (66,88,216)"
370,37,1104,2,1,scaled,2,185,"(48,138,184) ; (60,80,230)"
370,11,300,2,1,scaled,5,74,"(45,100,225) ; (50,80,240)"
370,13,288,2,1,scaled,2,185,"(30,160,180) ; (32,104,234)"
370,97,1890,2,1,primitive,1,370,"(27,98,245) ; (30,70,270)"
370,37,600,2,1,scaled,10,37,"(20,150,200) ; (30,40,300)"
370,89,800,2,1,primitive,1,370,"(10,160,200) ; (13,32,325)"
370,79,630,2,1,primitive,1,370,"(9,95,266) ; (10,45,315)"
371,7,165,2,1,primitive,1,371,"(33,143,195) ; (35,105,231)"
371,1,20,2,1,scaled,7,53,"(28,98,245) ; (35,56,280)"
371,5,84,2,1,scaled,7,53,"(21,140,210) ; (28,49,294)"
371,19,120,2,1,primitive,1,371,"(7,84,280) ; (8,33,330)"
372,17,624,2,1,scaled,2,186,"(72,144,156) ; (78,112,182)"
372,23,780,2,1,scaled,6,62,"(60,156,156) ; (78,84,210)"
372,5,144,2,1,scaled,12,31,"(48,108,216) ; (60,72,240)"
372,31,840,2,1,scaled,6,62,"(42,120,210) ; (48,84,240)"
372,31,780,2,1,scaled,4,93,"(36,156,180) ; (52,60,260)"
372,31,720,2,1,scaled,2,186,"(32,160,180) ; (48,54,270)"
372,31,630,2,1,primitive,1,372,"(27,135,210) ; (36,56,280)"
372,31,570,2,1,scaled,3,124,"(24,120,228) ; (30,57,285)"
372,53,924,2,1,scaled,2,186,"(22,140,210) ; (24,84,264)"
373,587,13200,2,1,primitive,1,373,"(33,100,240) ; (48,50,275)"
373,19,420,3,3,primitive,1,373,"(30,147,196) ; (34,84,255) ; (35,78,260)"
373,1,21,2,1,primitive,1,373,"(30,98,245) ; (35,65,273)"
373,479,7392,2,1,primitive,1,373,"(22,63,288) ; (32,33,308)"
373,125,1008,2,1,primitive,1,373,"(9,112,252) ; (10,48,315)"
374,23,880,2,1,scaled,2,187,"(80,140,154) ; (88,110,176)"
374,53,2002,2,1,primitive,1,374,"(77,143,154) ; (88,104,182)"
374,1,36,2,1,primitive,1,374,"(68,153,153) ; (88,88,198)"
374,13,462,2,1,scaled,11,34,"(66,154,154) ; (77,99,198)"
374,71,2310,2,1,primitive,1,374,"(55,154,165) ; (70,84,220)"
374,29,720,2,1,scaled,2,187,"(36,130,208) ; (42,80,252)"
374,1,24,3,3,scaled,2,187,"(34,136,204) ; (36,104,234) ; (44,66,264)"
374,281,3990,2,1,primitive,1,374,"(18,90,266) ; (19,70,285)"
374,1,14,2,1,primitive,1,374,"(17,119,238) ; (22,44,308)"
374,631,3510,2,1,primitive,1,374,"(6,108,260) ; (10,13,351)"
375,31,900,2,1,scaled,5,75,"(45,150,180) ; (50,100,225)"
375,23,660,2,1,primitive,1,375,"(45,132,198) ; (55,80,240)"
375,26,315,2,1,primitive,1,375,"(14,171,190) ; (18,42,315)"
375,17,96,2,1,primitive,1,375,"(7,32,336) ; (11,12,352)"
376,17,672,2,1,scaled,2,188,"(90,126,160) ; (96,112,168)"
376,37,1368,2,1,scaled,4,94,"(72,152,152) ; (76,120,180)"
376,23,728,2,1,scaled,4,94,"(52,156,168) ; (56,112,208)"
376,19,480,2,1,scaled,4,94,"(36,160,180) ; (40,96,240)"
376,25,468,2,1,scaled,2,188,"(24,144,208) ; (26,90,260)"
376,11,140,2,1,primitive,1,376,"(15,133,228) ; (16,80,280)"
377,137,5460,2,1,primitive,1,377,"(91,130,156) ; (104,105,168)"
377,7,264,2,1,primitive,1,377,"(77,132,168) ; (88,102,187)"
377,71,2295,2,1,primitive,1,377,"(54,153,170) ; (55,135,187)"
377,229,3740,2,1,primitive,1,377,"(20,170,187) ; (34,35,308)"
377,13,176,2,1,primitive,1,377,"(16,152,209) ; (17,88,272)"
377,1,12,2,1,primitive,1,377,"(14,132,231) ; (16,57,304)"
377,8,91,2,1,primitive,1,377,"(13,182,182) ; (14,77,286)"
378,1,40,2,1,scaled,3,126,"(90,144,144) ; (105,105,168)"
378,7,270,2,1,scaled,9,42,"(81,135,162) ; (90,108,180)"
378,3,110,2,1,scaled,2,189,"(70,154,154) ; (90,90,198)"
378,23,840,2,1,scaled,2,189,"(70,140,168) ; (72,126,180)"
378,1,28,2,1,scaled,21,18,"(42,168,168) ; (63,63,252)"
378,13,360,2,1,scaled,2,189,"(48,90,240) ; (56,70,252)"
378,3,76,2,1,primitive,1,378,"(36,171,171) ; (56,56,266)"
378,7,176,2,1,scaled,6,63,"(36,144,198) ; (48,66,264)"
378,3,70,2,1,primitive,1,378,"(35,98,245) ; (36,90,252)"
378,97,2016,2,1,scaled,2,189,"(28,126,224) ; (42,48,288)"
378,35,702,2,1,scaled,3,126,"(27,117,234) ; (30,78,270)"
378,1,15,2,1,scaled,2,189,"(18,180,180) ; (26,40,312)"
378,21,148,2,1,primitive,1,378,"(8,74,296) ; (9,36,333)"
379,142,4977,2,1,primitive,1,379,"(63,158,158) ; (79,90,210)"
379,40,1309,2,1,primitive,1,379,"(55,154,170) ; (56,136,187)"
379,89,2856,2,1,primitive,1,379,"(54,136,189) ; (56,119,204)"
379,1,15,2,1,primitive,1,379,"(18,171,190) ; (28,36,315)"
379,22,315,2,1,primitive,1,379,"(18,95,266) ; (24,40,315)"
379,53,720,2,1,primitive,1,379,"(16,165,198) ; (17,90,272)"
379,157,2128,2,1,primitive,1,379,"(16,154,209) ; (19,56,304)"
379,11,144,2,1,primitive,1,379,"(16,99,264) ; (18,57,304)"
379,379,1785,2,1,primitive,1,379,"(5,119,255) ; (7,15,357)"
380,1,42,2,1,primitive,1,380,"(114,133,133) ; (120,120,140)"
380,19,780,2,1,scaled,2,190,"(100,130,150) ; (104,120,156)"
380,1,38,2,1,scaled,19,20,"(76,152,152) ; (95,95,190)"
380,11,364,2,1,primitive,1,380,"(56,156,168) ; (68,91,221)"
380,323,9900,2,1,primitive,1,380,"(50,132,198) ; (55,100,225)"
380,1,28,2,1,scaled,2,190,"(42,156,182) ; (56,72,252)"
380,19,510,2,1,primitive,1,380,"(40,136,204) ; (50,75,255)"
380,1283,34320,2,1,primitive,1,380,"(39,165,176) ; (40,132,208)"
380,31,798,2,1,primitive,1,380,"(42,91,247) ; (57,57,266)"
380,61,1548,2,1,scaled,2,190,"(36,172,172) ; (42,86,252)"
380,19,420,2,1,scaled,10,38,"(30,140,210) ; (40,60,280)"
380,19,308,2,1,scaled,4,95,"(20,140,220) ; (28,44,308)"
380,107,1456,2,1,primitive,1,380,"(16,182,182) ; (17,91,272)"
380,19,252,2,1,primitive,1,380,"(16,112,252) ; (20,45,315)"
380,227,2310,2,1,primitive,1,380,"(12,88,280) ; (15,35,330)"
380,19,90,2,1,primitive,1,380,"(5,150,225) ; (8,12,360)"
381,34,1155,2,1,primitive,1,381,"(66,105,210) ; (77,84,220)"
381,127,4200,2,1,primitive,1,381,"(56,150,175) ; (72,84,225)"
381,134,4389,2,1,primitive,1,381,"(57,126,198) ; (76,77,228)"
381,85,1848,2,1,scaled,3,127,"(30,120,231) ; (33,84,264)"
381,9,140,2,1,primitive,1,381,"(20,95,266) ; (30,36,315)"
381,2183,32760,2,1,primitive,1,381,"(18,168,195) ; (26,40,315)"
381,1,15,2,1,primitive,1,381,"(18,165,198) ; (20,76,285)"
381,157,2340,2,1,primitive,1,381,"(18,143,220) ; (24,45,312)"
382,1,42,2,1,scaled,2,191,"(110,132,140) ; (112,126,144)"
382,53,1760,2,1,scaled,2,191,"(66,96,220) ; (70,88,224)"
382,15,494,2,1,primitive,1,382,"(57,130,195) ; (76,78,228)"
382,11,315,2,1,scaled,2,191,"(44,140,198) ; (60,70,252)"
382,211,4680,2,1,primitive,1,382,"(30,144,208) ; (39,63,280)"
382,1,22,2,1,scaled,2,191,"(30,132,220) ; (44,52,286)"
382,23,336,2,1,primitive,1,382,"(18,112,252) ; (21,57,304)"
382,239,2898,2,1,primitive,1,382,"(14,161,207) ; (18,42,322)"
383,3,85,2,1,primitive,1,383,"(45,117,221) ; (60,68,255)"
383,241,5775,2,1,primitive,1,383,"(33,175,175) ; (45,63,275)"
383,41,840,2,1,primitive,1,383,"(27,140,216) ; (40,49,294)"
383,5,88,2,1,primitive,1,383,"(22,152,209) ; (35,40,308)"
383,53,924,2,1,primitive,1,383,"(22,133,228) ; (33,42,308)"
383,23,360,3,3,primitive,1,383,"(20,99,264) ; (26,45,312) ; (28,40,315)"
383,671,4368,2,1,primitive,1,383,"(7,168,208) ; (8,39,336)"
384,11,336,2,1,scaled,12,32,"(48,168,168) ; (60,84,240)"
384,73,2160,2,1,scaled,6,64,"(48,120,216) ; (54,90,240)"
384,367,9828,2,1,scaled,3,128,"(39,156,189) ; (42,108,234)"
384,7,180,2,1,scaled,6,64,"(42,90,252) ; (54,60,270)"
384,397,9240,2,1,primitive,1,384,"(33,120,231) ; (44,60,280)"
384,283,4620,2,1,primitive,1,384,"(20,154,210) ; (33,36,315)"
385,1,33,2,1,scaled,11,35,"(55,165,165) ; (77,77,231)"
385,7,216,2,1,primitive,1,385,"(50,135,200) ; (52,117,216)"
385,8,245,2,1,scaled,7,55,"(49,140,196) ; (70,70,245)"
385,7,184,2,1,primitive,1,385,"(40,115,230) ; (44,88,253)"
385,1,25,2,1,scaled,5,77,"(35,175,175) ; (55,55,275)"
385,7,135,2,1,primitive,1,385,"(25,135,225) ; (33,55,297)"
385,7,60,2,1,primitive,1,385,"(10,75,300) ; (11,44,330)"
386,37,1430,2,1,primitive,1,386,"(78,143,165) ; (80,130,176)"
386,131,5040,2,1,primitive,1,386,"(77,144,165) ; (80,126,180)"
386,193,6930,2,1,primitive,1,386,"(66,140,180) ; (77,99,210)"
386,37,1232,2,1,scaled,2,193,"(56,154,176) ; (66,96,224)"
386,5,144,2,1,scaled,2,193,"(44,144,198) ; (48,104,234)"
386,631,15470,2,1,primitive,1,386,"(34,170,182) ; (35,130,221)"
386,79,1820,2,1,primitive,1,386,"(32,130,224) ; (35,91,260)"
386,23,450,2,1,primitive,1,386,"(25,171,190) ; (36,50,300)"
386,193,2898,2,1,primitive,1,386,"(18,161,207) ; (28,36,322)"
386,271,2856,2,1,scaled,2,193,"(12,136,238) ; (16,34,336)"
386,47,462,2,1,primitive,1,386,"(11,165,210) ; (12,66,308)"
386,103,1008,2,1,primitive,1,386,"(11,144,231) ; (14,36,336)"
387,129,5320,2,1,primitive,1,387,"(95,140,152) ; (105,114,168)"
387,131,4950,2,1,primitive,1,387,"(75,132,180) ; (88,99,200)"
387,47,1221,2,1,primitive,1,387,"(37,165,185) ; (44,84,259)"
387,43,1080,2,1,scaled,9,43,"(36,135,216) ; (45,72,270)"
387,24,455,2,1,primitive,1,387,"(24,168,195) ; (26,95,266)"
387,11,117,2,1,primitive,1,387,"(12,180,195) ; (19,26,342)"
387,79,840,2,1,primitive,1,387,"(12,175,200) ; (16,35,336)"
387,129,1160,2,1,primitive,1,387,"(10,145,232) ; (15,24,348)"
388,5,198,2,1,primitive,1,388,"(88,120,180) ; (99,102,187)"
388,5,176,2,1,scaled,4,97,"(64,132,192) ; (80,88,220)"
388,97,3360,2,1,scaled,4,97,"(60,160,168) ; (80,84,224)"
388,17,546,2,1,primitive,1,388,"(52,168,168) ; (63,91,234)"
388,61,1800,2,1,primitive,1,388,"(45,168,175) ; (50,104,234)"
388,115,3276,2,1,primitive,1,388,"(52,84,252) ; (63,65,260)"
388,23,630,2,1,primitive,1,388,"(40,168,180) ; (45,98,245)"
388,29,780,2,1,primitive,1,388,"(45,91,252) ; (48,80,260)"
388,3,64,2,1,scaled,4,97,"(28,168,192) ; (36,64,288)"
388,115,2376,2,1,primitive,1,388,"(27,152,209) ; (30,88,270)"
388,37,756,2,1,primitive,1,388,"(27,133,228) ; (28,108,252)"
388,263,2574,2,1,primitive,1,388,"(11,143,234) ; (13,45,330)"
388,97,700,2,1,scaled,2,194,"(8,100,280) ; (10,28,350)"
389,179,7140,2,1,primitive,1,389,"(85,136,168) ; (90,119,180)"
389,1,20,2,1,primitive,1,389,"(26,143,220) ; (28,95,266)"
389,139,2600,2,1,primitive,1,389,"(25,104,260) ; (26,88,275)"
389,131,1540,2,1,primitive,1,389,"(14,100,275) ; (15,66,308)"
389,23,252,2,1,primitive,1,389,"(14,60,315) ; (19,28,342)"
390,3,112,2,1,primitive,1,390,"(70,160,160) ; (91,91,208)"
390,17,630,2,1,scaled,10,39,"(70,140,180) ; (90,90,210)"
390,29,1050,2,1,scaled,5,78,"(70,120,200) ; (75,105,210)"
390,13,462,2,1,scaled,2,195,"(66,126,198) ; (70,110,210)"
390,13,450,2,1,scaled,15,26,"(60,150,180) ; (75,90,225)"
390,13,378,2,1,scaled,3,130,"(45,135,210) ; (54,84,252)"
390,181,5040,2,1,scaled,3,130,"(45,105,240) ; (48,90,252)"
390,257,6864,2,1,primitive,1,390,"(39,143,208) ; (48,78,264)"
390,191,4290,2,1,primitive,1,390,"(30,165,195) ; (39,65,286)"
390,13,270,2,1,scaled,3,130,"(27,165,198) ; (30,90,270)"
390,221,3780,2,1,primitive,1,390,"(21,180,189) ; (27,55,308)"
390,13,186,2,1,primitive,1,390,"(18,93,279) ; (20,60,310)"
390,299,3696,2,1,primitive,1,390,"(16,66,308) ; (21,33,336)"
390,39,352,2,1,scaled,2,195,"(10,160,220) ; (16,22,352)"
390,13,114,2,1,primitive,1,390,"(10,95,285) ; (12,36,342)"
391,1,40,2,1,primitive,1,391,"(85,136,170) ; (92,115,184)"
391,1,27,2,1,primitive,1,391,"(40,135,216) ; (55,66,270)"
391,1,21,2,1,primitive,1,391,"(28,132,231) ; (30,95,266)"
391,118,2457,2,1,primitive,1,391,"(27,182,182) ; (30,91,270)"
391,229,3024,2,1,primitive,1,391,"(16,105,270) ; (27,28,336)"
392,1,42,2,1,scaled,7,56,"(98,147,147) ; (112,112,168)"
392,49,2040,2,1,scaled,2,196,"(96,136,160) ; (102,120,170)"
392,7,260,2,1,scaled,2,196,"(70,140,182) ; (80,104,208)"
392,11,360,2,1,scaled,2,196,"(56,126,210) ; (72,80,240)"
392,49,1320,2,1,scaled,4,98,"(40,132,220) ; (48,80,264)"
392,7,170,2,1,primitive,1,392,"(35,119,238) ; (40,80,272)"
392,53,1120,2,1,scaled,4,98,"(28,140,224) ; (32,80,280)"
392,7,144,2,1,scaled,4,98,"(28,112,252) ; (32,72,288)"
392,19,210,2,1,primitive,1,392,"(14,63,315) ; (16,40,336)"
392,49,360,2,1,scaled,4,98,"(8,144,240) ; (12,20,360)"
392,7,44,2,1,primitive,1,392,"(7,77,308) ; (8,32,352)"
393,41,1560,2,1,primitive,1,393,"(78,120,195) ; (85,104,204)"
393,1,33,2,1,primitive,1,393,"(55,143,195) ; (63,99,231)"
393,61,1440,2,1,primitive,1,393,"(32,171,190) ; (45,60,288)"
393,29,672,2,1,primitive,1,393,"(32,133,228) ; (42,63,288)"
393,29,600,2,1,primitive,1,393,"(27,150,216) ; (30,88,275)"
393,23,420,2,1,primitive,1,393,"(30,55,308) ; (36,42,315)"
393,1,15,2,1,scaled,3,131,"(18,150,225) ; (30,33,330)"
393,713,9744,2,1,primitive,1,393,"(16,174,203) ; (28,29,336)"
393,1,8,2,1,scaled,3,131,"(9,96,288) ; (15,18,360)"
394,17,560,2,1,scaled,2,197,"(56,130,208) ; (70,84,240)"
394,31,840,2,1,primitive,1,394,"(42,112,240) ; (56,65,273)"
394,17,450,2,1,primitive,1,394,"(39,130,225) ; (42,100,252)"
394,25,616,2,1,scaled,2,197,"(44,70,280) ; (52,56,286)"
394,103,2310,2,1,primitive,1,394,"(30,154,210) ; (33,95,266)"
394,121,1680,2,1,primitive,1,394,"(17,105,272) ; (28,30,336)"
394,313,2520,2,1,primitive,1,394,"(9,105,280) ; (14,20,360)"
395,79,3045,2,1,primitive,1,395,"(75,145,175) ; (87,105,203)"
395,2,75,2,1,scaled,5,79,"(70,150,175) ; (75,120,200)"
395,61,1820,2,1,primitive,1,395,"(52,98,245) ; (65,70,260)"
395,79,2288,2,1,primitive,1,395,"(44,143,208) ; (55,80,260)"
395,29,780,2,1,primitive,1,395,"(45,90,260) ; (52,70,273)"
395,88,1755,2,1,primitive,1,395,"(26,135,234) ; (27,108,260)"
395,1063,17325,2,1,primitive,1,395,"(21,99,275) ; (25,55,315)"
396,3,130,2,1,primitive,1,396,"(110,143,143) ; (120,120,156)"
396,3,110,2,1,scaled,11,36,"(66,165,165) ; (88,88,220)"
396,1,36,2,1,scaled,6,66,"(66,132,198) ; (72,108,216)"
396,3,88,2,1,scaled,22,18,"(44,176,176) ; (66,66,264)"
396,37,1080,2,1,scaled,3,132,"(45,135,216) ; (48,108,240)"
396,3,70,2,1,primitive,1,396,"(32,140,224) ; (35,95,266)"
396,31,546,2,1,primitive,1,396,"(22,143,231) ; (28,56,312)"
396,7,120,2,1,primitive,1,396,"(21,175,200) ; (22,110,264)"
396,37,630,2,1,scaled,3,132,"(21,150,225) ; (27,54,315)"
396,17,252,2,1,scaled,3,132,"(18,126,252) ; (21,60,315)"
396,3,32,2,1,scaled,2,198,"(12,192,192) ; (22,22,352)"
396,3,28,2,1,primitive,1,396,"(11,77,308) ; (12,48,336)"
397,5,126,2,1,primitive,1,397,"(36,133,228) ; (45,72,280)"
397,11,272,2,1,primitive,1,397,"(34,176,187) ; (40,85,272)"
397,16,385,2,1,primitive,1,397,"(33,154,210) ; (40,77,280)"
397,541,7752,2,1,primitive,1,397,"(17,152,228) ; (19,72,306)"
397,725,8073,2,1,primitive,1,397,"(13,108,276) ; (23,23,351)"
397,397,2244,2,1,primitive,1,397,"(6,187,204) ; (11,12,374)"
398,11,468,2,1,primitive,1,398,"(99,143,156) ; (104,126,168)"
398,163,6270,2,1,primitive,1,398,"(76,132,190) ; (90,99,209)"
398,139,4810,2,1,primitive,1,398,"(65,111,222) ; (74,90,234)"
398,149,3960,2,1,primitive,1,398,"(44,90,264) ; (55,63,280)"
398,199,4862,2,1,primitive,1,398,"(34,143,221) ; (44,68,286)"
398,13,210,2,1,primitive,1,398,"(20,126,252) ; (33,35,330)"
399,19,816,2,1,primitive,1,399,"(102,144,153) ; (112,119,168)"
399,47,1260,2,1,scaled,7,57,"(42,105,252) ; (56,63,280)"
399,9,224,2,1,primitive,1,399,"(35,140,224) ; (48,63,288)"
399,1,24,2,1,primitive,1,399,"(36,99,264) ; (49,56,294)"
399,133,2475,2,1,primitive,1,399,"(25,99,275) ; (27,75,297)"
399,7,120,2,1,scaled,3,133,"(21,168,210) ; (24,75,300)"
399,1,15,2,1,primitive,1,399,"(19,95,285) ; (21,63,315)"
399,43,525,2,1,primitive,1,399,"(14,175,210) ; (15,84,300)"
399,71,840,2,1,primitive,1,399,"(14,105,280) ; (24,25,350)"
399,19,156,2,1,primitive,1,399,"(9,156,234) ; (14,21,364)"
399,133,1080,2,1,scaled,3,133,"(9,120,270) ; (12,27,360)"
400,1,40,2,1,scaled,20,20,"(80,160,160) ; (100,100,200)"
400,71,2660,2,1,scaled,2,200,"(70,140,190) ; (76,114,210)"
400,23,840,2,1,scaled,2,200,"(70,120,210) ; (80,96,224)"
400,1,36,2,1,primitive,1,400,"(64,144,192) ; (75,100,225)"
400,79,2530,2,1,primitive,1,400,"(55,115,230) ; (70,77,253)"
400,11,260,2,1,primitive,1,400,"(32,160,208) ; (39,76,285)"
400,121,2520,2,1,scaled,2,200,"(28,120,252) ; (30,90,280)"
400,49,360,2,1,scaled,2,200,"(8,140,252) ; (10,30,360)"
401,17,580,2,1,primitive,1,401,"(58,140,203) ; (65,104,232)"
401,31,840,2,1,primitive,1,401,"(40,133,228) ; (55,66,280)"
401,11,280,2,1,primitive,1,401,"(40,95,266) ; (44,77,280)"
401,271,3696,2,1,primitive,1,401,"(16,154,231) ; (21,44,336)"
402,155,6006,2,1,primitive,1,402,"(77,130,195) ; (78,126,198)"
402,25,924,2,1,primitive,1,402,"(66,168,168) ; (77,105,220)"
402,67,2310,2,1,scaled,3,134,"(60,132,210) ; (66,105,231)"
402,67,2184,2,1,scaled,2,201,"(52,168,182) ; (72,78,252)"
402,35,1122,2,1,primitive,1,402,"(51,153,198) ; (70,77,255)"
402,215,5544,2,1,primitive,1,402,"(36,168,198) ; (45,77,280)"
402,67,1680,2,1,scaled,2,201,"(36,126,240) ; (42,80,280)"
402,9,160,2,1,scaled,2,201,"(22,160,220) ; (24,90,288)"
402,677,11550,2,1,primitive,1,402,"(21,150,231) ; (22,105,275)"
402,409,4368,2,1,scaled,2,201,"(12,182,208) ; (14,52,336)"
403,5,156,2,1,scaled,13,31,"(52,117,234) ; (65,78,260)"
403,1,28,2,1,primitive,1,403,"(42,133,228) ; (52,78,273)"
403,13,360,2,1,primitive,1,403,"(40,165,198) ; (60,63,280)"
403,10,273,2,1,primitive,1,403,"(39,182,182) ; (42,114,247)"
403,403,10080,2,1,primitive,1,403,"(35,144,224) ; (45,70,288)"
403,17,420,2,1,primitive,1,403,"(42,76,285) ; (49,60,294)"
403,13,280,2,1,primitive,1,403,"(28,175,200) ; (40,55,308)"
403,1157,12320,2,1,primitive,1,403,"(12,160,231) ; (16,35,352)"
403,403,4284,2,1,primitive,1,403,"(12,153,238) ; (18,28,357)"
404,37,1610,2,1,primitive,1,404,"(105,138,161) ; (115,119,170)"
404,523,10962,2,1,primitive,1,404,"(27,174,203) ; (29,105,270)"
404,37,440,2,1,scaled,2,202,"(14,110,280) ; (20,32,352)"
404,17,180,2,1,scaled,4,101,"(12,140,252) ; (20,24,360)"
405,97,3432,2,1,primitive,1,405,"(65,120,220) ; (72,99,234)"
405,19,480,2,1,primitive,1,405,"(35,160,210) ; (45,72,288)"
405,11,273,2,1,primitive,1,405,"(36,117,252) ; (42,77,286)"
405,1,21,2,1,scaled,9,45,"(27,189,189) ; (45,45,315)"
405,1,20,2,1,scaled,3,135,"(27,108,270) ; (30,75,300)"
405,1199,20475,2,1,primitive,1,405,"(21,150,234) ; (25,65,315)"
405,1,13,2,1,scaled,3,135,"(15,195,195) ; (27,27,351)"
406,7,312,2,1,primitive,1,406,"(117,136,153) ; (120,130,156)"
406,1,36,2,1,primitive,1,406,"(63,147,196) ; (68,117,221)"
406,19,630,2,1,scaled,7,58,"(63,98,245) ; (70,84,252)"
407,37,1235,2,1,primitive,1,407,"(55,143,209) ; (65,95,247)"
407,59,1848,2,1,primitive,1,407,"(56,99,252) ; (66,77,264)"
407,37,660,2,1,scaled,11,37,"(22,165,220) ; (33,44,330)"
408,13,504,2,1,scaled,12,34,"(72,168,168) ; (84,108,216)"
408,149,5460,2,1,primitive,1,408,"(65,147,196) ; (84,90,234)"
408,127,4620,2,1,scaled,3,136,"(63,165,180) ; (66,132,210)"
408,71,2520,2,1,scaled,2,204,"(60,168,180) ; (70,104,234)"
408,97,3276,2,1,scaled,2,204,"(56,144,208) ; (78,78,252)"
408,13,420,2,1,scaled,2,204,"(56,112,240) ; (70,78,260)"
408,1,30,4,6,primitive,1,408,"(45,165,198) ; (48,120,240) ; (51,102,255) ; (65,70,273)"
408,43,1260,2,1,scaled,3,136,"(45,132,231) ; (54,84,270)"
408,29,660,2,1,primitive,1,408,"(30,180,198) ; (33,100,275)"
408,19,420,2,1,scaled,2,204,"(30,126,252) ; (32,96,280)"
408,11,210,2,1,primitive,1,408,"(24,160,224) ; (30,63,315)"
408,1,18,2,1,scaled,3,136,"(24,96,288) ; (33,45,330)"
409,409,17160,2,1,primitive,1,409,"(88,156,165) ; (104,110,195)"
409,23,720,2,1,primitive,1,409,"(48,171,190) ; (52,117,240)"
409,59,1680,2,1,primitive,1,409,"(45,112,252) ; (48,95,266)"
409,3,80,2,1,primitive,1,409,"(39,130,240) ; (48,76,285)"
409,191,4760,2,1,primitive,1,409,"(34,175,200) ; (35,136,238)"
409,1,24,2,1,primitive,1,409,"(34,120,255) ; (48,57,304)"
409,149,2925,2,1,primitive,1,409,"(25,150,234) ; (39,45,325)"
409,409,6120,2,1,primitive,1,409,"(18,136,255) ; (24,45,340)"
409,67,728,2,1,primitive,1,409,"(13,84,312) ; (21,24,364)"
410,1,42,2,1,scaled,2,205,"(88,154,168) ; (90,140,180)"
410,139,5148,2,1,primitive,1,410,"(65,165,180) ; (88,88,234)"
410,1,36,2,1,scaled,2,205,"(72,104,234) ; (80,90,240)"
410,5,126,2,1,scaled,5,82,"(35,150,225) ; (40,90,280)"
410,13,308,2,1,primitive,1,410,"(32,154,224) ; (35,100,275)"
410,47,910,2,1,primitive,1,410,"(26,104,280) ; (35,50,325)"
410,83,1008,2,1,primitive,1,410,"(14,144,252) ; (15,80,315)"
411,17,432,2,1,scaled,3,137,"(36,135,240) ; (48,66,297)"
411,1,21,2,1,scaled,3,137,"(27,168,216) ; (36,60,315)"
411,227,3900,2,1,primitive,1,411,"(24,75,312) ; (26,60,325)"
412,103,3276,2,1,scaled,2,206,"(52,126,234) ; (56,104,252)"
412,103,2880,2,1,scaled,4,103,"(40,180,192) ; (60,64,288)"
412,103,1890,2,1,primitive,1,412,"(24,108,280) ; (27,70,315)"
412,43,660,2,1,scaled,2,206,"(20,84,308) ; (22,60,330)"
412,139,910,2,1,primitive,1,412,"(7,195,210) ; (8,40,364)"
413,35,1144,2,1,primitive,1,413,"(52,152,209) ; (65,88,260)"
413,7,171,2,1,primitive,1,413,"(33,171,209) ; (38,90,285)"
413,317,5796,2,1,primitive,1,413,"(23,138,252) ; (28,63,322)"
414,1,40,2,1,scaled,6,69,"(84,120,210) ; (90,108,216)"
414,37,1368,2,1,scaled,2,207,"(72,114,228) ; (76,104,234)"
414,47,1638,2,1,scaled,3,138,"(63,117,234) ; (78,84,252)"
414,3,92,2,1,scaled,23,18,"(46,184,184) ; (69,69,276)"
414,1,30,2,1,scaled,2,207,"(46,138,230) ; (54,90,270)"
414,83,1890,2,1,scaled,3,138,"(30,168,216) ; (45,54,315)"
414,3,52,2,1,primitive,1,414,"(23,92,299) ; (24,78,312)"
415,29,1155,2,1,primitive,1,415,"(75,165,175) ; (77,143,195)"
415,349,13860,2,1,primitive,1,415,"(77,140,198) ; (90,105,220)"
415,23,900,2,1,primitive,1,415,"(72,168,175) ; (90,100,225)"
415,71,2340,2,1,primitive,1,415,"(52,165,198) ; (65,90,260)"
415,1,28,2,1,primitive,1,415,"(40,175,200) ; (52,77,286)"
415,26,665,2,1,scaled,5,83,"(35,190,190) ; (40,95,280)"
415,347,8645,2,1,primitive,1,415,"(35,133,247) ; (39,91,285)"
415,41,504,2,1,primitive,1,415,"(16,63,336) ; (20,35,360)"
416,13,480,2,1,scaled,16,26,"(64,160,192) ; (80,96,240)"
416,13,440,2,1,primitive,1,416,"(55,152,209) ; (56,140,220)"
416,11,364,2,1,scaled,13,32,"(52,182,182) ; (65,91,260)"
416,247,7140,2,1,primitive,1,416,"(42,170,204) ; (45,119,252)"
416,23,660,2,1,primitive,1,416,"(42,154,220) ; (55,76,285)"
416,83,2128,2,1,scaled,2,208,"(38,112,266) ; (56,56,304)"
416,1,24,2,1,scaled,4,104,"(32,192,192) ; (52,52,312)"
416,1,20,2,1,scaled,2,208,"(26,130,260) ; (32,64,320)"
416,337,4760,2,1,primitive,1,416,"(17,119,280) ; (20,56,340)"
416,949,9350,2,1,primitive,1,416,"(11,150,255) ; (17,25,374)"
417,79,3108,2,1,primitive,1,417,"(74,147,196) ; (84,111,222)"
417,139,5040,2,1,scaled,3,139,"(63,144,210) ; (72,105,240)"
417,311,10920,2,1,primitive,1,417,"(63,120,234) ; (65,112,240)"
417,9,308,2,1,primitive,1,417,"(56,152,209) ; (66,99,252)"
417,46,1395,2,1,scaled,3,139,"(45,186,186) ; (54,93,270)"
417,29,840,3,3,primitive,1,417,"(42,175,200) ; (45,120,252) ; (56,76,285)"
417,1,27,2,1,scaled,3,139,"(42,105,270) ; (54,66,297)"
417,139,3480,2,1,primitive,1,417,"(36,120,261) ; (40,87,290)"
417,59,1008,2,1,scaled,3,139,"(21,144,252) ; (27,54,336)"
417,47,504,2,1,scaled,3,139,"(12,189,216) ; (15,42,360)"
418,1,40,4,6,primitive,1,418,"(75,168,175) ; (76,152,190) ; (80,130,208) ; (88,110,220)"
418,13,504,2,1,primitive,1,418,"(70,168,180) ; (88,99,231)"
418,47,1320,2,1,scaled,2,209,"(40,180,198) ; (44,110,264)"
418,137,3366,2,1,primitive,1,418,"(33,187,198) ; (44,68,306)"
418,19,462,2,1,scaled,11,38,"(33,154,231) ; (44,66,308)"
418,1,18,2,1,scaled,2,209,"(22,198,198) ; (38,38,342)"
419,277,11088,2,1,primitive,1,419,"(77,144,198) ; (96,99,224)"
419,181,5720,2,1,primitive,1,419,"(48,176,195) ; (55,104,260)"
419,11,280,2,1,primitive,1,419,"(35,160,224) ; (55,56,308)"
419,37,455,2,1,primitive,1,419,"(14,195,210) ; (20,35,364)"
420,7,300,2,1,scaled,10,42,"(90,150,180) ; (100,120,200)"
420,1,42,2,1,scaled,21,20,"(84,168,168) ; (105,105,210)"
420,7,288,2,1,scaled,4,105,"(80,160,180) ; (96,108,216)"
420,1,36,2,1,scaled,12,35,"(60,180,180) ; (84,84,252)"
420,3,104,2,1,scaled,2,210,"(56,182,182) ; (80,80,260)"
420,21,680,2,1,scaled,2,210,"(50,170,200) ; (68,80,272)"
420,1,30,2,1,primitive,1,420,"(45,150,225) ; (56,84,280)"
420,7,180,2,1,scaled,3,140,"(36,144,240) ; (45,75,300)"
420,1,24,2,1,primitive,1,420,"(35,105,280) ; (36,96,288)"
420,7,156,2,1,scaled,2,210,"(30,130,260) ; (36,72,312)"
420,7,132,2,1,scaled,6,70,"(24,132,264) ; (30,60,330)"
420,3,50,2,1,scaled,5,84,"(20,200,200) ; (35,35,350)"
420,7,90,2,1,scaled,5,84,"(15,135,270) ; (20,40,360)"
421,1,44,2,1,primitive,1,421,"(96,160,165) ; (102,132,187)"
421,4,165,2,1,primitive,1,421,"(80,165,176) ; (85,132,204)"
421,37,1365,2,1,primitive,1,421,"(70,117,234) ; (78,98,245)"
421,1,36,2,1,primitive,1,421,"(60,171,190) ; (78,91,252)"
421,421,5440,2,1,primitive,1,421,"(16,85,320) ; (17,64,340)"
421,421,4180,2,1,primitive,1,421,"(11,190,220) ; (19,22,380)"
422,13,504,2,1,scaled,2,211,"(72,140,210) ; (84,104,234)"
422,8,231,2,1,scaled,2,211,"(44,126,252) ; (52,84,286)"
422,47,1204,2,1,primitive,1,422,"(35,172,215) ; (44,77,301)"
422,51,1040,2,1,scaled,2,211,"(26,156,240) ; (30,80,312)"
422,211,3542,2,1,primitive,1,422,"(22,92,308) ; (23,77,322)"
422,211,2912,2,1,scaled,2,211,"(16,182,224) ; (26,32,364)"
422,157,1904,2,1,primitive,1,422,"(14,136,272) ; (17,48,357)"
423,23,720,2,1,primitive,1,423,"(48,150,225) ; (63,80,280)"
423,19,540,2,1,scaled,3,141,"(45,108,270) ; (60,66,297)"
423,1789,27720,2,1,primitive,1,423,"(20,88,315) ; (21,72,330)"
424,23,1040,2,1,scaled,2,212,"(104,160,160) ; (112,130,182)"
424,17,728,2,1,scaled,2,212,"(88,154,182) ; (104,112,208)"
424,83,3440,2,1,scaled,2,212,"(80,172,172) ; (86,130,208)"
424,17,630,2,1,primitive,1,424,"(63,171,190) ; (72,112,240)"
424,151,5544,2,1,primitive,1,424,"(63,152,209) ; (84,88,252)"
424,7,160,2,1,scaled,8,53,"(32,112,280) ; (40,64,320)"
424,5,96,2,1,scaled,8,53,"(24,160,240) ; (32,56,336)"
425,1,45,2,1,primitive,1,425,"(102,153,170) ; (105,140,180)"
425,1,33,2,1,primitive,1,425,"(51,187,187) ; (75,75,275)"
425,229,7280,2,1,primitive,1,425,"(48,182,195) ; (65,80,280)"
425,167,4095,2,1,primitive,1,425,"(35,117,273) ; (45,65,315)"
425,127,3080,2,1,primitive,1,425,"(35,110,280) ; (40,77,308)"
425,11,175,2,1,scaled,5,85,"(20,105,300) ; (25,50,350)"
425,479,3960,2,1,primitive,1,425,"(9,176,240) ; (10,55,360)"
426,73,3168,2,1,scaled,2,213,"(90,160,176) ; (96,132,198)"
426,10,399,2,1,scaled,2,213,"(76,140,210) ; (84,114,228)"
426,31,1170,2,1,primitive,1,426,"(65,171,190) ; (72,120,234)"
426,17,630,2,1,scaled,3,142,"(63,165,198) ; (84,90,252)"
426,241,7956,2,1,primitive,1,426,"(51,180,195) ; (52,153,221)"
426,251,8190,2,1,primitive,1,426,"(52,140,234) ; (63,90,273)"
426,5,156,2,1,primitive,1,426,"(48,144,234) ; (65,76,285)"
426,13,378,2,1,scaled,3,142,"(42,168,216) ; (63,66,297)"
426,59,1320,2,1,scaled,6,71,"(30,132,264) ; (48,48,330)"
426,113,1638,2,1,primitive,1,426,"(21,54,351) ; (26,36,364)"
427,22,819,2,1,scaled,7,61,"(63,182,182) ; (84,91,252)"
427,10,357,2,1,primitive,1,427,"(63,126,238) ; (70,102,255)"
427,79,2548,2,1,primitive,1,427,"(49,182,196) ; (52,130,245)"
427,95,2709,2,1,primitive,1,427,"(43,126,258) ; (63,63,301)"
427,61,1720,2,1,primitive,1,427,"(40,172,215) ; (56,70,301)"
427,29,735,2,1,scaled,7,61,"(35,147,245) ; (49,63,315)"
427,23,396,2,1,primitive,1,427,"(21,154,252) ; (22,108,297)"
428,19,630,2,1,primitive,1,428,"(56,120,252) ; (65,90,273)"
428,67,1980,2,1,scaled,2,214,"(44,144,240) ; (52,90,286)"
428,83,2400,2,1,scaled,2,214,"(50,90,288) ; (64,64,300)"
428,73,1760,2,1,scaled,4,107,"(32,176,220) ; (44,64,320)"
428,113,2464,2,1,scaled,4,107,"(28,176,224) ; (32,88,308)"
428,89,1440,2,1,scaled,4,107,"(20,120,288) ; (32,36,360)"
429,1,45,3,3,scaled,3,143,"(99,165,165) ; (105,135,189) ; (117,117,195)"
429,17,693,2,1,scaled,11,39,"(77,154,198) ; (99,99,231)"
429,12,455,2,1,primitive,1,429,"(65,182,182) ; (68,140,221)"
429,83,3120,2,1,primitive,1,429,"(65,156,208) ; (72,117,240)"
429,1,30,2,1,primitive,1,429,"(44,165,220) ; (45,144,240)"
429,19,540,2,1,scaled,3,143,"(42,135,252) ; (54,75,300)"
429,32,903,2,1,primitive,1,429,"(42,129,258) ; (49,86,294)"
429,17,468,2,1,primitive,1,429,"(39,156,234) ; (44,99,286)"
429,1,24,2,1,scaled,3,143,"(33,132,264) ; (39,78,312)"
429,13,297,2,1,scaled,3,143,"(33,99,297) ; (45,54,330)"
429,13,105,2,1,primitive,1,429,"(9,105,315) ; (11,33,385)"
430,89,3080,2,1,primitive,1,430,"(55,175,200) ; (56,154,220)"
430,43,1242,2,1,primitive,1,430,"(45,115,270) ; (46,108,276)"
430,89,2520,2,1,scaled,5,86,"(40,180,210) ; (45,105,280)"
430,43,1200,2,1,scaled,10,43,"(40,150,240) ; (50,80,300)"
430,43,990,2,1,scaled,5,86,"(30,180,220) ; (45,55,330)"
430,37,700,2,1,scaled,5,86,"(25,105,300) ; (40,40,350)"
430,43,696,2,1,scaled,2,215,"(20,120,290) ; (24,58,348)"
431,79,3080,2,1,primitive,1,431,"(70,152,209) ; (88,98,245)"
431,1,35,2,1,primitive,1,431,"(56,175,200) ; (70,95,266)"
431,356,12285,2,1,primitive,1,431,"(63,108,260) ; (70,91,270)"
431,1249,30240,2,1,primitive,1,431,"(32,189,210) ; (35,108,288)"
432,3,140,2,1,scaled,2,216,"(112,160,160) ; (126,126,180)"
432,19,858,2,1,primitive,1,432,"(102,143,187) ; (117,117,198)"
432,1,42,2,1,primitive,1,432,"(81,162,189) ; (96,112,224)"
432,1,40,2,1,scaled,12,36,"(72,180,180) ; (96,96,240)"
432,1,32,2,1,scaled,24,18,"(48,192,192) ; (72,72,288)"
432,3,46,2,1,primitive,1,432,"(18,207,207) ; (32,32,368)"
433,71,3135,2,1,primitive,1,433,"(95,143,195) ; (110,114,209)"
433,8,315,2,1,primitive,1,433,"(70,165,198) ; (90,98,245)"
433,17,665,2,1,primitive,1,433,"(70,154,209) ; (91,95,247)"
433,71,2520,2,1,primitive,1,433,"(70,99,264) ; (72,95,266)"
433,19,660,2,1,primitive,1,433,"(55,180,198) ; (65,104,264)"
433,11,360,2,1,primitive,1,433,"(63,90,280) ; (72,76,285)"
433,701,17765,2,1,primitive,1,433,"(34,190,209) ; (55,55,323)"
433,433,6300,2,1,primitive,1,433,"(18,100,315) ; (20,63,350)"
433,5,72,2,1,primitive,1,433,"(17,144,272) ; (19,72,342)"
434,7,288,2,1,scaled,2,217,"(84,126,224) ; (96,104,234)"
434,23,910,2,1,scaled,7,62,"(70,182,182) ; (91,98,245)"
434,217,7920,2,1,scaled,2,217,"(60,176,198) ; (80,90,264)"
434,49,1716,2,1,primitive,1,434,"(66,104,264) ; (77,84,273)"
434,217,7410,2,1,primitive,1,434,"(57,130,247) ; (60,114,260)"
434,13,440,2,1,primitive,1,434,"(60,110,264) ; (77,77,280)"
434,5,168,2,1,scaled,14,31,"(56,126,252) ; (70,84,280)"
434,31,980,2,1,scaled,7,62,"(49,140,245) ; (56,98,280)"
434,109,3080,2,1,scaled,2,217,"(44,110,280) ; (56,70,308)"
434,31,800,2,1,primitive,1,434,"(35,175,224) ; (50,64,320)"
434,119,2200,2,1,scaled,2,217,"(24,110,300) ; (32,50,352)"
434,217,1800,2,1,primitive,1,434,"(9,200,225) ; (16,18,400)"
435,1,36,2,1,scaled,3,145,"(60,150,225) ; (72,99,264)"
435,221,7200,2,1,primitive,1,435,"(50,160,225) ; (72,75,288)"
435,9,275,2,1,scaled,5,87,"(45,165,225) ; (50,110,275)"
435,139,4200,2,1,primitive,1,435,"(50,105,280) ; (63,72,300)"
435,61,1575,2,1,scaled,5,87,"(35,175,225) ; (45,75,315)"
435,34,825,2,1,primitive,1,435,"(36,99,300) ; (50,55,330)"
436,19,720,2,1,scaled,2,218,"(64,180,192) ; (70,126,240)"
436,823,30940,2,1,primitive,1,436,"(68,130,238) ; (85,91,260)"
436,109,3640,2,1,primitive,1,436,"(52,160,224) ; (65,91,280)"
436,71,2156,2,1,scaled,2,218,"(44,196,196) ; (52,98,286)"
436,31,880,2,1,scaled,4,109,"(40,176,220) ; (44,112,280)"
436,5,132,2,1,scaled,4,109,"(36,180,220) ; (44,84,308)"
436,109,2574,2,1,primitive,1,436,"(33,117,286) ; (36,88,312)"
436,113,2520,2,1,primitive,1,436,"(30,126,280) ; (33,88,315)"
436,109,2380,2,1,scaled,2,218,"(28,170,238) ; (40,56,340)"
436,35,572,2,1,scaled,2,218,"(20,130,286) ; (28,44,364)"
436,233,3168,2,1,scaled,2,218,"(16,132,288) ; (18,66,352)"
437,1,45,3,3,primitive,1,437,"(95,171,171) ; (99,143,195) ; (115,115,207)"
437,13,561,2,1,primitive,1,437,"(85,165,187) ; (99,117,221)"
437,149,5460,2,1,primitive,1,437,"(60,182,195) ; (63,140,234)"
437,773,23760,2,1,primitive,1,437,"(45,176,216) ; (60,80,297)"
438,23,924,2,1,primitive,1,438,"(72,168,198) ; (77,133,228)"
438,53,2100,2,1,primitive,1,438,"(70,168,200) ; (75,132,231)"
438,3,110,2,1,primitive,1,438,"(60,180,198) ; (77,95,266)"
438,11,378,2,1,scaled,3,146,"(54,168,216) ; (63,105,270)"
438,4,135,2,1,scaled,6,73,"(54,144,240) ; (60,108,270)"
438,79,2310,2,1,primitive,1,438,"(42,165,231) ; (60,70,308)"
438,73,1824,2,1,scaled,2,219,"(36,114,288) ; (38,96,304)"
438,107,2640,2,1,scaled,3,146,"(33,165,240) ; (48,60,330)"
438,73,1680,2,1,scaled,6,73,"(30,168,240) ; (42,60,336)"
438,73,1320,2,1,primitive,1,438,"(22,176,240) ; (33,45,360)"
438,73,1104,2,1,scaled,2,219,"(18,144,276) ; (24,46,368)"
438,3011,36960,2,1,primitive,1,438,"(14,160,264) ; (21,32,385)"
439,83,3432,2,1,primitive,1,439,"(78,152,209) ; (88,117,234)"
439,439,16380,2,1,primitive,1,439,"(65,140,234) ; (70,117,252)"
439,937,32175,2,1,primitive,1,439,"(55,150,234) ; (65,99,275)"
439,439,12240,2,1,primitive,1,439,"(40,144,255) ; (48,85,306)"
439,533,12920,2,1,primitive,1,439,"(34,120,285) ; (40,76,323)"
440,1,48,2,1,scaled,4,110,"(120,160,160) ; (132,132,176)"
440,1,44,2,1,scaled,22,20,"(88,176,176) ; (110,110,220)"
440,17,672,2,1,scaled,2,220,"(70,160,210) ; (72,144,224)"
440,61,2340,2,1,scaled,5,88,"(65,180,195) ; (90,90,260)"
440,31,1170,2,1,primitive,1,440,"(63,182,195) ; (65,150,225)"
440,1,35,2,1,scaled,8,55,"(56,160,224) ; (80,80,280)"
440,73,2520,2,1,scaled,2,220,"(56,144,240) ; (70,90,280)"
440,391,11880,2,1,primitive,1,440,"(44,180,216) ; (55,88,297)"
440,1,26,2,1,scaled,5,88,"(35,195,210) ; (50,65,325)"
441,7,312,2,1,primitive,1,441,"(91,168,182) ; (108,117,216)"
441,5,216,2,1,scaled,3,147,"(84,168,189) ; (90,135,216)"
441,14,585,2,1,scaled,3,147,"(78,165,198) ; (90,117,234)"
441,263,9240,2,1,primitive,1,441,"(56,165,220) ; (77,84,280)"
441,21,736,2,1,primitive,1,441,"(56,161,224) ; (69,96,276)"
441,32,945,2,1,scaled,3,147,"(42,189,210) ; (45,126,270)"
441,3,88,2,1,scaled,7,63,"(42,168,231) ; (56,77,308)"
441,7,180,2,1,scaled,3,147,"(36,135,270) ; (42,84,315)"
441,147,3740,2,1,primitive,1,441,"(34,187,220) ; (51,60,330)"
441,4,99,2,1,scaled,3,147,"(36,108,297) ; (45,66,330)"
441,7,120,2,1,primitive,1,441,"(21,140,280) ; (27,54,360)"
441,21,116,2,1,primitive,1,441,"(6,87,348) ; (7,28,406)"
442,13,616,2,1,primitive,1,442,"(112,154,176) ; (119,136,187)"
442,1,42,3,3,primitive,1,442,"(78,182,182) ; (91,117,234) ; (102,102,238)"
442,13,510,2,1,scaled,17,26,"(68,170,204) ; (85,102,255)"
442,29,960,2,1,scaled,2,221,"(50,192,200) ; (64,90,288)"
442,47,1386,2,1,primitive,1,442,"(42,180,220) ; (49,99,294)"
442,83,1980,2,1,primitive,1,442,"(35,99,308) ; (40,72,330)"
443,5,231,2,1,primitive,1,443,"(102,154,187) ; (105,143,195)"
443,13,600,2,1,primitive,1,443,"(100,168,175) ; (108,135,200)"
443,17,700,2,1,primitive,1,443,"(75,168,200) ; (98,100,245)"
443,34,1287,2,1,primitive,1,443,"(63,182,198) ; (66,143,234)"
443,61,1848,2,1,primitive,1,443,"(44,168,231) ; (63,72,308)"
443,611,16720,2,1,primitive,1,443,"(38,165,240) ; (44,95,304)"
443,167,2184,2,1,primitive,1,443,"(15,168,260) ; (16,91,336)"
444,37,1560,2,1,scaled,2,222,"(80,156,208) ; (90,120,234)"
444,193,7392,2,1,scaled,2,222,"(66,154,224) ; (84,96,264)"
444,11,360,2,1,scaled,6,74,"(54,120,270) ; (60,96,288)"
444,37,1140,2,1,primitive,1,444,"(45,171,228) ; (60,80,304)"
444,111,2380,2,1,scaled,2,222,"(28,136,280) ; (34,70,340)"
444,43,840,2,1,scaled,2,222,"(24,210,210) ; (28,80,336)"
444,37,720,2,1,scaled,12,37,"(24,180,240) ; (36,48,360)"
444,419,5460,2,1,primitive,1,444,"(15,156,273) ; (26,28,390)"
444,37,390,2,1,scaled,3,148,"(12,120,312) ; (15,39,390)"
445,43,1540,2,1,primitive,1,445,"(70,100,275) ; (77,88,280)"
445,43,1260,2,1,scaled,5,89,"(45,120,280) ; (60,70,315)"
445,107,1800,2,1,scaled,5,89,"(20,200,225) ; (25,60,360)"
446,5,228,2,1,primitive,1,446,"(95,171,180) ; (96,160,190)"
446,145,6188,2,1,primitive,1,446,"(85,140,221) ; (104,104,238)"
446,31,1190,2,1,primitive,1,446,"(68,140,238) ; (85,95,266)"
446,29,1020,2,1,primitive,1,446,"(55,187,204) ; (76,85,285)"
446,223,7590,2,1,primitive,1,446,"(55,138,253) ; (60,110,276)"
446,223,858,2,1,primitive,1,446,"(4,156,286) ; (6,11,429)"
447,23,936,2,1,primitive,1,447,"(72,180,195) ; (91,104,252)"
447,31,1260,2,1,primitive,1,447,"(72,175,200) ; (90,105,252)"
447,437,16380,2,1,primitive,1,447,"(70,117,260) ; (84,90,273)"
447,73,2580,2,1,primitive,1,447,"(60,129,258) ; (76,86,285)"
447,17,504,2,1,scaled,3,149,"(42,189,216) ; (60,72,315)"
447,353,4620,2,1,primitive,1,447,"(15,168,264) ; (20,42,385)"
448,1,48,2,1,scaled,8,56,"(112,168,168) ; (128,128,192)"
448,79,3360,2,1,scaled,4,112,"(84,140,224) ; (96,112,240)"
448,11,392,2,1,scaled,14,32,"(56,196,196) ; (70,98,280)"
448,73,2520,2,1,scaled,7,64,"(56,140,252) ; (63,105,280)"
448,7,220,2,1,scaled,2,224,"(52,110,286) ; (70,70,308)"
448,1,30,2,1,scaled,7,64,"(49,105,294) ; (63,70,315)"
448,143,4214,2,1,primitive,1,448,"(43,147,258) ; (49,98,301)"
449,613,6045,2,1,primitive,1,449,"(12,65,372) ; (15,31,403)"
450,3,140,3,3,primitive,1,450,"(100,175,175) ; (112,130,208) ; (120,120,210)"
450,43,1680,2,1,scaled,2,225,"(70,140,240) ; (78,112,260)"
450,191,7410,2,1,primitive,1,450,"(65,190,195) ; (76,114,260)"
450,31,1080,2,1,scaled,6,75,"(54,180,216) ; (60,120,270)"
450,3,100,2,1,scaled,25,18,"(50,200,200) ; (75,75,300)"
450,19,630,2,1,primitive,1,450,"(50,175,225) ; (54,126,270)"
450,1,30,2,1,scaled,5,90,"(45,135,270) ; (50,100,300)"
450,3,70,2,1,scaled,10,45,"(30,210,210) ; (50,50,350)"
451,1,45,2,1,primitive,1,451,"(90,171,190) ; (99,132,220)"
451,89,3960,2,1,primitive,1,451,"(88,165,198) ; (90,152,209)"
451,2,65,2,1,primitive,1,451,"(48,195,208) ; (55,110,286)"
451,698,13923,2,1,primitive,1,451,"(26,119,306) ; (36,51,364)"
452,179,8008,2,1,primitive,1,452,"(88,182,182) ; (91,152,209)"
452,643,27170,2,1,primitive,1,452,"(78,165,209) ; (95,110,247)"
452,1,42,2,1,primitive,1,452,"(77,165,210) ; (91,114,247)"
452,269,11088,2,1,primitive,1,452,"(77,144,231) ; (88,112,252)"
452,23,910,2,1,primitive,1,452,"(80,112,260) ; (91,95,266)"
452,107,2464,2,1,scaled,4,113,"(32,112,308) ; (44,56,352)"
453,31,1485,2,1,primitive,1,453,"(108,165,180) ; (110,154,189)"
453,773,15120,2,1,scaled,3,151,"(24,189,240) ; (27,90,336)"
453,151,1248,2,1,primitive,1,453,"(9,156,288) ; (13,24,416)"
454,181,8190,2,1,primitive,1,454,"(90,182,182) ; (91,165,198)"
454,31,1386,2,1,scaled,2,227,"(88,168,198) ; (90,154,210)"
454,5,182,2,1,primitive,1,454,"(70,104,280) ; (77,91,286)"
454,145,4914,2,1,primitive,1,454,"(54,140,260) ; (66,91,297)"
454,137,2600,2,1,primitive,1,454,"(24,130,300) ; (25,104,325)"
454,3671,59280,2,1,primitive,1,454,"(19,195,240) ; (26,48,380)"
454,787,10780,2,1,primitive,1,454,"(20,49,385) ; (22,40,392)"
455,91,4488,2,1,primitive,1,455,"(120,165,170) ; (132,136,187)"
455,13,560,2,1,primitive,1,455,"(80,175,200) ; (98,112,245)"
455,23,924,2,1,primitive,1,455,"(70,165,220) ; (77,126,252)"
455,1,39,2,1,scaled,13,35,"(65,195,195) ; (91,91,273)"
455,7,240,2,1,primitive,1,455,"(52,195,208) ; (75,80,300)"
455,91,1845,2,1,primitive,1,455,"(25,205,225) ; (41,45,369)"
455,7,116,2,1,primitive,1,455,"(20,145,290) ; (26,52,377)"
455,91,1472,2,1,primitive,1,455,"(20,115,320) ; (23,64,368)"
455,91,1200,2,1,scaled,5,91,"(15,200,240) ; (25,30,400)"
456,19,924,2,1,scaled,2,228,"(112,168,176) ; (126,132,198)"
456,59,2604,2,1,scaled,3,152,"(84,186,186) ; (93,132,231)"
456,9,364,2,1,primitive,1,456,"(76,133,247) ; (78,126,252)"
456,57,2210,2,1,primitive,1,456,"(65,170,221) ; (80,104,272)"
456,1,36,2,1,scaled,3,152,"(57,171,228) ; (72,96,288)"
456,47,1440,2,1,scaled,8,57,"(48,120,288) ; (64,72,320)"
456,23,660,2,1,scaled,2,228,"(40,176,240) ; (60,66,330)"
456,19,504,2,1,scaled,12,38,"(36,168,252) ; (48,72,336)"
456,17,420,2,1,primitive,1,456,"(36,105,315) ; (40,80,336)"
456,57,1400,2,1,scaled,2,228,"(32,200,224) ; (50,56,350)"
456,19,396,2,1,primitive,1,456,"(27,132,297) ; (32,72,352)"
456,1103,18900,2,1,primitive,1,456,"(21,135,300) ; (28,50,378)"
456,19,264,2,1,scaled,4,114,"(16,176,264) ; (24,36,396)"
456,7,90,2,1,primitive,1,456,"(15,126,315) ; (16,80,360)"
456,263,3240,2,1,primitive,1,456,"(14,162,280) ; (24,27,405)"
457,19,840,2,1,primitive,1,457,"(85,168,204) ; (105,112,240)"
457,521,20880,2,1,primitive,1,457,"(72,145,240) ; (80,116,261)"
457,463,18216,2,1,primitive,1,457,"(66,184,207) ; (72,132,253)"
457,1,32,2,1,primitive,1,457,"(52,117,288) ; (57,96,304)"
457,487,8800,2,1,primitive,1,457,"(22,160,275) ; (25,80,352)"
458,229,10260,2,1,primitive,1,458,"(90,152,216) ; (95,135,228)"
458,167,6790,2,1,primitive,1,458,"(70,194,194) ; (95,97,266)"
458,229,9240,2,1,scaled,2,229,"(70,168,220) ; (84,110,264)"
458,11,432,2,1,scaled,2,229,"(66,176,216) ; (80,108,270)"
458,115,3192,2,1,primitive,1,458,"(40,133,285) ; (42,112,304)"
458,229,3120,2,1,scaled,2,229,"(16,130,312) ; (20,48,390)"
458,529,6930,2,1,primitive,1,458,"(18,55,385) ; (20,42,396)"
458,25,164,2,1,primitive,1,458,"(7,164,287) ; (8,40,410)"
459,3,112,2,1,primitive,1,459,"(63,144,252) ; (68,119,272)"
459,5,156,2,1,primitive,1,459,"(45,180,234) ; (56,91,312)"
459,211,4680,2,1,scaled,3,153,"(30,117,312) ; (39,60,360)"
459,29,441,2,1,primitive,1,459,"(18,147,294) ; (19,98,342)"
459,301,3960,2,1,primitive,1,459,"(15,180,264) ; (18,56,385)"
459,3,25,2,1,primitive,1,459,"(9,225,225) ; (17,17,425)"
460,7,330,2,1,primitive,1,460,"(99,171,190) ; (120,120,220)"
460,1,46,2,1,scaled,23,20,"(92,184,184) ; (115,115,230)"
460,1,42,2,1,scaled,5,92,"(75,175,210) ; (80,140,240)"
460,169,6984,2,1,primitive,1,460,"(72,194,194) ; (97,99,264)"
460,169,6930,2,1,primitive,1,460,"(72,168,220) ; (95,99,266)"
460,19,748,2,1,primitive,1,460,"(68,154,238) ; (85,100,275)"
460,53,1980,2,1,primitive,1,460,"(60,180,220) ; (76,99,285)"
460,19,550,2,1,scaled,5,92,"(40,200,220) ; (55,75,330)"
460,1,28,2,1,scaled,2,230,"(40,140,280) ; (46,92,322)"
460,353,9240,2,1,scaled,2,230,"(42,88,330) ; (44,80,336)"
461,163,5775,2,1,primitive,1,461,"(55,175,231) ; (77,84,300)"
462,13,630,2,1,scaled,2,231,"(110,154,198) ; (126,126,210)"
462,7,330,2,1,scaled,11,42,"(99,165,198) ; (110,132,220)"
462,3,136,2,1,primitive,1,462,"(88,187,187) ; (112,112,238)"
462,83,3570,2,1,primitive,1,462,"(84,140,238) ; (102,105,255)"
462,1,42,2,1,scaled,7,66,"(77,154,231) ; (84,126,252)"
462,7,270,2,1,scaled,3,154,"(63,189,210) ; (72,120,270)"
462,1,30,2,1,scaled,6,77,"(42,210,210) ; (66,66,330)"
463,10,483,2,1,primitive,1,463,"(112,144,207) ; (115,138,210)"
463,19,880,2,1,primitive,1,463,"(99,144,220) ; (112,120,231)"
463,457,18216,2,1,primitive,1,463,"(72,138,253) ; (88,99,276)"
463,173,5544,2,1,primitive,1,463,"(56,99,308) ; (60,88,315)"
463,463,5985,2,1,primitive,1,463,"(15,133,315) ; (19,45,399)"
464,5,252,2,1,primitive,1,464,"(126,156,182) ; (135,140,189)"
464,11,504,2,1,scaled,2,232,"(96,144,224) ; (104,126,234)"
464,13,560,2,1,scaled,4,116,"(80,160,224) ; (84,140,240)"
464,19,720,2,1,scaled,8,58,"(72,112,280) ; (80,96,288)"
464,277,6120,2,1,primitive,1,464,"(35,72,357) ; (36,68,360)"
464,1,14,2,1,primitive,1,464,"(16,224,224) ; (29,29,406)"
465,31,1512,2,1,scaled,3,155,"(108,168,189) ; (120,135,210)"
465,164,6435,2,1,primitive,1,465,"(65,180,220) ; (66,165,234)"
465,523,20475,2,1,primitive,1,465,"(65,175,225) ; (75,117,273)"
465,1,36,3,3,primitive,1,465,"(60,135,270) ; (62,124,279) ; (75,90,300)"
465,31,975,2,1,scaled,5,93,"(45,195,225) ; (65,75,325)"
465,1,24,2,1,primitive,1,465,"(31,186,248) ; (45,60,360)"
465,93,1148,2,1,primitive,1,465,"(14,164,287) ; (20,35,410)"
466,13,630,2,1,primitive,1,466,"(105,171,190) ; (112,144,210)"
466,3,140,2,1,primitive,1,466,"(96,160,210) ; (105,133,228)"
466,157,5562,2,1,primitive,1,466,"(54,206,206) ; (66,103,297)"
466,139,3570,2,1,primitive,1,466,"(34,180,252) ; (38,105,323)"
466,703,14560,2,1,scaled,2,233,"(26,160,280) ; (32,70,364)"
466,41,630,2,1,primitive,1,466,"(18,168,280) ; (19,105,342)"
466,109,1584,2,1,scaled,2,233,"(18,96,352) ; (22,48,396)"
467,11,468,2,1,primitive,1,467,"(90,117,260) ; (99,104,264)"
467,181,3927,2,1,primitive,1,467,"(33,77,357) ; (42,51,374)"
467,124,1995,2,1,primitive,1,467,"(19,168,280) ; (30,38,399)"
468,3,154,2,1,primitive,1,468,"(132,168,168) ; (143,143,182)"
468,15,728,2,1,primitive,1,468,"(104,182,182) ; (105,168,195)"
468,1,48,2,1,scaled,4,117,"(104,156,208) ; (108,144,216)"
468,871,41580,2,1,primitive,1,468,"(99,180,189) ; (108,140,220)"
468,39,1760,2,1,scaled,4,117,"(88,160,220) ; (96,132,240)"
468,17,756,2,1,scaled,12,39,"(84,168,216) ; (108,108,252)"
468,29,1260,2,1,scaled,6,78,"(84,144,240) ; (90,126,252)"
468,3,130,2,1,scaled,13,36,"(78,195,195) ; (104,104,260)"
468,13,540,2,1,scaled,18,26,"(72,180,216) ; (90,108,270)"
468,13,504,2,1,scaled,3,156,"(63,189,216) ; (84,96,288)"
468,79,2772,2,1,primitive,1,468,"(63,108,297) ; (72,88,308)"
468,3,104,2,1,scaled,26,18,"(52,208,208) ; (78,78,312)"
468,95,3276,2,1,scaled,2,234,"(52,182,234) ; (72,84,312)"
468,169,5040,2,1,scaled,3,156,"(48,105,315) ; (60,72,336)"
468,1,28,2,1,scaled,3,156,"(39,156,273) ; (48,84,336)"
468,39,640,2,1,scaled,4,117,"(20,128,320) ; (24,60,384)"
468,39,220,2,1,scaled,2,234,"(6,132,330) ; (8,20,440)"
469,5,252,2,1,primitive,1,469,"(119,170,180) ; (126,147,196)"
469,67,3135,2,1,primitive,1,469,"(95,165,209) ; (105,133,231)"
469,1,45,2,1,primitive,1,469,"(85,180,204) ; (98,126,245)"
469,571,20020,2,1,primitive,1,469,"(55,154,260) ; (70,91,308)"
469,37,1260,2,1,primitive,1,469,"(51,180,238) ; (70,84,315)"
469,469,13260,2,1,primitive,1,469,"(39,170,260) ; (51,78,340)"
469,469,11880,2,1,primitive,1,469,"(33,216,220) ; (54,55,360)"
469,343,7480,2,1,primitive,1,469,"(32,85,352) ; (40,55,374)"
469,469,9120,2,1,primitive,1,469,"(24,160,285) ; (32,57,380)"
470,37,1710,2,1,scaled,5,94,"(90,190,190) ; (95,150,225)"
470,23,910,2,1,scaled,5,94,"(65,195,210) ; (70,140,260)"
470,293,11440,2,1,primitive,1,470,"(65,165,240) ; (80,104,286)"
470,19,600,2,1,scaled,5,94,"(45,200,225) ; (50,120,300)"
470,121,3570,2,1,primitive,1,470,"(45,119,306) ; (60,70,340)"
470,143,3706,2,1,primitive,1,470,"(34,218,218) ; (38,109,323)"
470,193,2310,2,1,primitive,1,470,"(15,70,385) ; (22,28,420)"
470,179,1320,2,1,primitive,1,470,"(8,132,330) ; (15,15,440)"
471,11,540,2,1,scaled,3,157,"(108,165,198) ; (120,135,216)"
471,97,4620,2,1,primitive,1,471,"(110,133,228) ; (120,120,231)"
471,503,15120,2,1,scaled,3,157,"(42,189,240) ; (48,108,315)"
471,311,9240,2,1,primitive,1,471,"(42,165,264) ; (55,80,336)"
471,703,19305,2,1,primitive,1,471,"(39,135,297) ; (55,65,351)"
471,1289,32844,2,1,primitive,1,471,"(34,161,276) ; (46,68,357)"
471,23,540,2,1,scaled,3,157,"(30,189,252) ; (33,108,330)"
471,157,3240,2,1,scaled,3,157,"(27,120,324) ; (30,81,360)"
471,157,2772,2,1,scaled,3,157,"(21,198,252) ; (33,42,396)"
471,211,2856,2,1,primitive,1,471,"(16,119,336) ; (21,42,408)"
471,157,1680,2,1,primitive,1,471,"(12,144,315) ; (16,35,420)"
472,71,1760,2,1,scaled,4,118,"(32,220,220) ; (40,80,352)"
473,1,48,2,1,primitive,1,473,"(99,176,198) ; (112,133,228)"
473,13,560,2,1,primitive,1,473,"(77,176,220) ; (95,112,266)"
473,5,189,2,1,primitive,1,473,"(65,135,273) ; (77,99,297)"
473,43,1320,2,1,scaled,11,43,"(44,165,264) ; (55,88,330)"
473,73,1904,2,1,primitive,1,473,"(38,112,323) ; (48,68,357)"
473,268,1989,2,1,primitive,1,473,"(8,153,312) ; (13,18,442)"
474,71,3360,2,1,scaled,2,237,"(96,168,210) ; (100,150,224)"
474,79,3696,2,1,primitive,1,474,"(96,154,224) ; (99,144,231)"
474,1,45,2,1,scaled,6,79,"(84,180,210) ; (90,144,240)"
474,79,3276,2,1,scaled,3,158,"(72,168,234) ; (84,117,273)"
474,13,462,2,1,primitive,1,474,"(54,189,231) ; (56,154,264)"
474,33,1120,2,1,primitive,1,474,"(50,200,224) ; (63,96,315)"
474,73,2310,2,1,scaled,3,158,"(45,198,231) ; (60,84,330)"
474,23,672,2,1,scaled,2,237,"(40,210,224) ; (42,144,288)"
474,383,9282,2,1,primitive,1,474,"(39,78,357) ; (42,68,364)"
474,47,1110,2,1,scaled,3,158,"(30,222,222) ; (33,111,330)"
474,79,966,2,1,scaled,2,237,"(14,138,322) ; (18,42,414)"
475,11,455,2,1,primitive,1,475,"(70,195,210) ; (91,104,280)"
475,61,2520,2,1,primitive,1,475,"(70,189,216) ; (90,105,280)"
475,1,35,2,1,primitive,1,475,"(57,133,285) ; (70,90,315)"
475,323,8280,2,1,primitive,1,475,"(40,90,345) ; (46,69,360)"
475,19,385,2,1,scaled,5,95,"(25,175,275) ; (35,55,385)"
475,1,16,2,1,primitive,1,475,"(19,152,304) ; (25,50,400)"
475,199,2640,2,1,primitive,1,475,"(15,220,240) ; (16,99,360)"
476,5,252,2,1,primitive,1,476,"(119,153,204) ; (126,140,210)"
476,13,588,2,1,scaled,14,34,"(84,196,196) ; (98,126,252)"
476,443,18018,2,1,primitive,1,476,"(77,126,273) ; (91,99,286)"
476,1,36,2,1,scaled,2,238,"(56,168,252) ; (68,102,306)"
476,1,26,2,1,primitive,1,476,"(34,221,221) ; (56,56,364)"
476,661,8736,2,1,primitive,1,476,"(16,96,364) ; (21,39,416)"
476,7,92,2,1,primitive,1,476,"(16,92,368) ; (17,68,391)"
476,101,1260,2,1,scaled,2,238,"(14,210,252) ; (20,36,420)"
477,35,936,2,1,primitive,1,477,"(36,168,273) ; (52,65,360)"
477,7,180,2,1,scaled,9,53,"(36,126,315) ; (45,72,360)"
477,5,108,2,1,scaled,9,53,"(27,180,270) ; (36,63,378)"
477,353,4620,2,1,primitive,1,477,"(15,154,308) ; (22,35,420)"
478,181,8778,2,1,primitive,1,478,"(110,140,228) ; (114,133,231)"
478,53,2520,2,1,scaled,2,239,"(104,140,234) ; (112,126,240)"
478,191,2898,2,1,scaled,2,239,"(18,138,322) ; (28,36,414)"
479,59,2079,2,1,primitive,1,479,"(55,154,270) ; (63,108,308)"
479,103,1520,2,1,primitive,1,479,"(17,190,272) ; (19,80,380)"
479,877,8360,2,1,primitive,1,479,"(11,88,380) ; (19,20,440)"
480,1,48,2,1,scaled,24,20,"(96,192,192) ; (120,120,240)"
480,11,420,2,1,scaled,15,32,"(60,210,210) ; (75,105,300)"
480,3,88,2,1,scaled,4,120,"(40,220,220) ; (64,64,352)"
480,49,1320,2,1,scaled,2,240,"(36,180,264) ; (40,110,330)"
481,17,840,2,1,primitive,1,481,"(104,182,195) ; (120,133,228)"
481,23,988,2,1,primitive,1,481,"(76,171,234) ; (78,156,247)"
481,1,40,2,1,primitive,1,481,"(65,208,208) ; (76,120,285)"
481,481,17136,2,1,primitive,1,481,"(56,153,272) ; (63,112,306)"
481,13,360,2,1,primitive,1,481,"(40,126,315) ; (55,66,360)"
481,13,308,2,1,primitive,1,481,"(30,220,231) ; (33,112,336)"
481,37,780,2,1,scaled,13,37,"(26,195,260) ; (39,52,390)"
481,169,3465,2,1,primitive,1,481,"(25,225,231) ; (33,63,385)"
481,82,1617,2,1,primitive,1,481,"(33,56,392) ; (36,49,396)"
481,481,2736,2,1,primitive,1,481,"(6,171,304) ; (9,16,456)"
482,1,48,2,1,scaled,2,241,"(104,144,234) ; (110,132,240)"
482,47,2205,2,1,scaled,2,241,"(90,196,196) ; (98,144,240)"
482,17,720,2,1,scaled,2,241,"(78,144,260) ; (90,112,280)"
482,23,720,2,1,scaled,2,241,"(44,198,240) ; (56,90,336)"
482,241,4290,2,1,scaled,2,241,"(22,130,330) ; (26,66,390)"
482,241,4050,2,1,primitive,1,482,"(20,162,300) ; (27,50,405)"
482,241,3570,2,1,primitive,1,482,"(17,210,255) ; (28,34,420)"
482,241,2610,2,1,primitive,1,482,"(12,180,290) ; (18,29,435)"
483,17,840,2,1,scaled,3,161,"(105,168,210) ; (120,132,231)"
483,3,140,3,3,primitive,1,483,"(92,161,230) ; (98,140,245) ; (105,126,252)"
483,31,1365,2,1,scaled,3,161,"(78,195,210) ; (105,105,273)"
483,347,12600,2,1,primitive,1,483,"(56,175,252) ; (63,120,300)"
483,413,13260,2,1,primitive,1,483,"(51,120,312) ; (65,78,340)"
483,131,3213,2,1,primitive,1,483,"(35,108,340) ; (51,54,378)"
483,35,792,2,1,primitive,1,483,"(32,99,352) ; (33,90,360)"
483,61,1188,2,1,primitive,1,483,"(28,77,378) ; (33,54,396)"
484,157,7920,2,1,scaled,2,242,"(110,176,198) ; (120,144,220)"
484,17,780,2,1,primitive,1,484,"(85,195,204) ; (104,120,260)"
484,191,6930,2,1,primitive,1,484,"(55,198,231) ; (70,99,315)"
484,41,1440,2,1,scaled,2,242,"(54,160,270) ; (56,140,288)"
484,419,12320,2,1,primitive,1,484,"(40,220,224) ; (55,77,352)"
484,5,126,2,1,scaled,4,121,"(36,112,336) ; (40,84,360)"
484,419,9044,2,1,primitive,1,484,"(28,133,323) ; (34,70,380)"
484,421,8400,2,1,primitive,1,484,"(25,144,315) ; (42,42,400)"
484,509,9350,2,1,primitive,1,484,"(22,187,275) ; (25,85,374)"
485,97,4464,2,1,primitive,1,485,"(90,155,240) ; (93,144,248)"
485,1,44,2,1,scaled,5,97,"(80,165,240) ; (100,110,275)"
485,97,4200,2,1,scaled,5,97,"(75,200,210) ; (100,105,280)"
485,3,80,2,1,scaled,5,97,"(35,210,240) ; (45,80,360)"
485,97,1032,2,1,primitive,1,485,"(12,129,344) ; (15,40,430)"
486,185,8514,2,1,primitive,1,486,"(86,180,220) ; (99,129,258)"
486,251,9240,2,1,primitive,1,486,"(56,210,220) ; (72,99,315)"
486,1,36,2,1,scaled,27,18,"(54,216,216) ; (81,81,324)"
486,29,990,2,1,scaled,3,162,"(54,135,297) ; (66,90,330)"
486,221,6270,2,1,primitive,1,486,"(38,220,228) ; (45,99,342)"
487,2,99,2,1,primitive,1,487,"(102,187,198) ; (112,144,231)"
487,29,1008,2,1,primitive,1,487,"(57,126,304) ; (60,112,315)"
487,487,11424,2,1,primitive,1,487,"(32,119,336) ; (34,96,357)"
487,457,8800,2,1,primitive,1,487,"(25,110,352) ; (32,55,400)"
487,487,7560,2,1,primitive,1,487,"(18,189,280) ; (27,40,420)"
487,971,13860,2,1,primitive,1,487,"(18,84,385) ; (22,45,420)"
488,11,468,2,1,scaled,8,61,"(72,208,208) ; (96,104,288)"
488,61,1938,2,1,primitive,1,488,"(48,136,304) ; (51,114,323)"
488,29,840,2,1,scaled,8,61,"(40,168,280) ; (56,72,360)"
488,29,600,2,1,scaled,2,244,"(26,150,312) ; (40,48,400)"
488,61,1040,2,1,scaled,4,122,"(20,208,260) ; (32,40,416)"
488,61,858,2,1,primitive,1,488,"(16,208,264) ; (26,33,429)"
489,11,504,2,1,scaled,3,163,"(84,189,216) ; (99,126,264)"
489,31,1365,2,1,primitive,1,489,"(90,126,273) ; (104,105,280)"
489,163,5115,2,1,primitive,1,489,"(45,165,279) ; (55,93,341)"
490,7,352,2,1,scaled,2,245,"(110,160,220) ; (112,154,224)"
490,1,48,2,1,scaled,2,245,"(100,150,240) ; (112,126,252)"
490,73,3432,2,1,primitive,1,490,"(91,168,231) ; (110,120,260)"
490,23,1064,2,1,primitive,1,490,"(91,152,247) ; (112,112,266)"
490,1,42,2,1,scaled,14,35,"(70,210,210) ; (98,98,294)"
490,7,240,2,1,scaled,2,245,"(50,200,240) ; (70,84,336)"
490,49,1650,2,1,scaled,5,98,"(50,165,275) ; (60,100,330)"
490,53,1400,2,1,scaled,5,98,"(35,175,280) ; (40,100,350)"
490,7,180,2,1,scaled,5,98,"(35,140,315) ; (40,90,360)"
490,473,12096,2,1,primitive,1,490,"(35,135,320) ; (48,64,378)"
490,1,22,2,1,scaled,7,70,"(28,154,308) ; (35,70,385)"
490,19,400,2,1,scaled,2,245,"(28,112,350) ; (40,50,400)"
490,49,792,2,1,scaled,2,245,"(20,110,360) ; (22,72,396)"
490,49,450,2,1,scaled,5,98,"(10,180,300) ; (15,25,450)"
490,7,64,2,1,scaled,2,245,"(10,160,320) ; (14,28,448)"
490,7,46,2,1,primitive,1,490,"(7,161,322) ; (10,20,460)"
491,2,91,2,1,primitive,1,491,"(91,140,260) ; (95,130,266)"
492,37,1980,2,1,scaled,2,246,"(132,180,180) ; (140,154,198)"
492,1,42,2,1,primitive,1,492,"(72,168,252) ; (82,123,287)"
492,97,3036,2,1,primitive,1,492,"(44,184,264) ; (55,92,345)"
492,25,756,2,1,scaled,6,82,"(42,180,270) ; (48,108,336)"
492,1,30,2,1,primitive,1,492,"(41,205,246) ; (60,72,360)"
493,1,52,2,1,primitive,1,493,"(130,143,220) ; (136,136,221)"
493,125,5712,2,1,primitive,1,493,"(85,168,240) ; (102,119,272)"
493,1,45,2,1,primitive,1,493,"(85,153,255) ; (87,145,261)"
493,181,8008,2,1,primitive,1,493,"(77,208,208) ; (88,132,273)"
493,83,2244,2,1,primitive,1,493,"(38,132,323) ; (51,68,374)"
493,11,248,2,1,primitive,1,493,"(28,217,248) ; (33,88,372)"
493,41,900,2,1,primitive,1,493,"(28,150,315) ; (45,48,400)"
493,1201,15400,2,1,primitive,1,493,"(16,77,400) ; (25,28,440)"
493,55,459,2,1,primitive,1,493,"(9,187,297) ; (17,17,459)"
494,13,680,2,1,primitive,1,494,"(119,175,200) ; (120,170,204)"
494,11,520,2,1,primitive,1,494,"(95,152,247) ; (104,130,260)"
494,11,504,2,1,primitive,1,494,"(88,154,252) ; (104,117,273)"
494,1,44,2,1,primitive,1,494,"(76,209,209) ; (104,104,286)"
494,13,570,2,1,scaled,19,26,"(76,190,228) ; (95,114,285)"
494,25,1008,2,1,scaled,2,247,"(66,176,252) ; (70,144,280)"
494,247,9240,2,1,scaled,2,247,"(60,154,280) ; (66,120,308)"
494,247,7700,2,1,primitive,1,494,"(44,175,275) ; (56,88,350)"
494,19,546,2,1,scaled,13,38,"(39,182,273) ; (52,78,364)"
494,19,476,2,1,primitive,1,494,"(32,224,238) ; (35,119,340)"
494,247,5670,2,1,primitive,1,494,"(30,140,324) ; (35,81,378)"
494,247,4800,2,1,scaled,2,247,"(24,150,320) ; (30,64,400)"
494,19,210,2,1,primitive,1,494,"(13,91,390) ; (14,60,420)"
495,3,133,2,1,primitive,1,495,"(77,209,209) ; (105,105,285)"
495,1,40,2,1,scaled,3,165,"(66,165,264) ; (75,120,300)"
495,8,315,2,1,scaled,9,55,"(63,180,252) ; (90,90,315)"
495,3,77,2,1,scaled,11,45,"(33,231,231) ; (55,55,385)"
495,23,504,2,1,scaled,3,165,"(27,216,252) ; (30,105,360)"
496,23,1040,2,1,scaled,8,62,"(80,208,208) ; (104,112,280)"
496,5,192,2,1,scaled,16,31,"(64,144,288) ; (80,96,320)"
496,31,1120,2,1,scaled,8,62,"(56,160,280) ; (64,112,320)"
496,233,6888,2,1,primitive,1,496,"(40,210,246) ; (41,168,287)"
496,31,760,2,1,scaled,4,124,"(32,160,304) ; (40,76,380)"
496,13,120,2,1,scaled,2,248,"(10,216,270) ; (12,44,440)"
496,829,4680,2,1,scaled,2,248,"(6,130,360) ; (8,20,468)"
497,7,255,2,1,primitive,1,497,"(55,187,255) ; (63,119,315)"
497,59,1540,2,1,scaled,7,71,"(35,154,308) ; (56,56,385)"
497,92,1575,2,1,primitive,1,497,"(20,225,252) ; (21,126,350)"
497,919,15015,2,1,primitive,1,497,"(21,91,385) ; (33,35,429)"
497,19,195,2,1,primitive,1,497,"(13,55,429) ; (21,21,455)"
498,23,1080,2,1,scaled,3,166,"(99,135,264) ; (108,120,270)"
498,11,510,2,1,scaled,3,166,"(84,204,210) ; (90,153,255)"
498,11,480,2,1,scaled,2,249,"(78,160,260) ; (90,120,288)"
498,283,9660,2,1,primitive,1,498,"(56,120,322) ; (69,84,345)"
498,107,3600,2,1,primitive,1,498,"(48,225,225) ; (50,160,288)"
498,13,399,2,1,scaled,6,83,"(42,228,228) ; (48,114,336)"
498,317,2340,2,1,primitive,1,498,"(8,130,360) ; (15,15,468)"
499,499,22176,2,1,primitive,1,499,"(77,198,224) ; (99,112,288)"
499,215,8736,2,1,primitive,1,499,"(65,210,224) ; (91,96,312)"
499,499,9576,2,1,primitive,1,499,"(24,133,342) ; (28,72,399)"
499,103,1672,2,1,primitive,1,499,"(19,176,304) ; (24,57,418)"
499,17,195,2,1,primitive,1,499,"(13,135,351) ; (15,55,429)"
500,1,50,2,1,scaled,25,20,"(100,200,200) ; (125,125,250)"
500,67,3080,2,1,scaled,2,250,"(84,176,240) ; (110,110,280)"
500,881,32760,2,1,primitive,1,500,"(56,210,234) ; (65,120,315)"
500,41,1260,2,1,primitive,1,500,"(45,140,315) ; (56,84,360)"
500,47,1170,2,1,primitive,1,500,"(36,104,360) ; (45,65,390)"
501,2,105,2,1,primitive,1,501,"(126,150,225) ; (133,140,228)"
501,85,2457,2,1,scaled,3,167,"(39,189,273) ; (45,105,351)"
501,251,4095,2,1,primitive,1,501,"(20,117,364) ; (21,90,390)"
502,71,2730,2,1,primitive,1,502,"(60,182,260) ; (70,117,315)"
503,194,9373,2,1,primitive,1,503,"(91,206,206) ; (103,140,260)"
503,209,9135,2,1,primitive,1,503,"(77,165,261) ; (87,126,290)"
503,157,5040,2,1,primitive,1,503,"(48,140,315) ; (63,80,360)"
503,817,23751,2,1,primitive,1,503,"(39,203,261) ; (63,63,377)"
504,1,54,2,1,scaled,9,56,"(126,189,189) ; (144,144,216)"
504,3,160,2,1,scaled,4,126,"(120,192,192) ; (140,140,224)"
504,7,360,2,1,scaled,12,42,"(108,180,216) ; (120,144,240)"
504,7,330,2,1,primitive,1,504,"(88,176,240) ; (99,135,270)"
504,3,140,2,1,scaled,14,36,"(84,210,210) ; (112,112,280)"
504,3,112,2,1,scaled,28,18,"(56,224,224) ; (84,84,336)"
504,21,704,2,1,scaled,8,63,"(48,192,264) ; (64,88,352)"
504,7,228,2,1,scaled,2,252,"(48,152,304) ; (54,108,342)"
504,35,936,2,1,scaled,4,126,"(36,156,312) ; (40,104,360)"
504,3,68,2,1,scaled,2,252,"(28,238,238) ; (48,48,408)"
504,1,20,2,1,scaled,6,84,"(24,240,240) ; (42,42,420)"
504,23,360,2,1,scaled,2,252,"(18,216,270) ; (20,88,396)"
504,7,108,2,1,scaled,6,84,"(18,162,324) ; (24,48,432)"
505,61,2860,2,1,primitive,1,505,"(91,154,260) ; (100,130,275)"
505,601,23940,2,1,primitive,1,505,"(63,190,252) ; (76,114,315)"
505,17,225,2,1,scaled,5,101,"(15,175,315) ; (25,30,450)"
506,1,56,3,3,primitive,1,506,"(154,176,176) ; (156,168,182) ; (161,161,184)"
506,83,3960,2,1,scaled,2,253,"(88,198,220) ; (90,176,240)"
506,1,30,2,1,primitive,1,506,"(44,132,330) ; (46,115,345)"
506,103,2470,2,1,primitive,1,506,"(38,78,390) ; (42,65,399)"
506,1433,23800,2,1,primitive,1,506,"(20,136,350) ; (25,56,425)"
506,17,240,2,1,scaled,2,253,"(16,210,280) ; (20,54,432)"
507,19,1008,2,1,primitive,1,507,"(117,182,208) ; (132,144,231)"
507,169,8568,2,1,primitive,1,507,"(102,189,216) ; (119,136,252)"
507,9,440,2,1,primitive,1,507,"(104,143,260) ; (108,135,264)"
507,17,819,2,1,scaled,13,39,"(91,182,234) ; (117,117,273)"
507,4,165,2,1,scaled,3,169,"(66,210,231) ; (75,132,300)"
507,57,2275,2,1,primitive,1,507,"(75,117,315) ; (91,91,325)"
507,67,2244,2,1,primitive,1,507,"(48,187,272) ; (66,84,357)"
507,3,100,2,1,primitive,1,507,"(52,130,325) ; (72,75,360)"
507,13,420,3,3,primitive,1,507,"(45,210,252) ; (48,144,315) ; (65,78,364)"
507,169,5208,2,1,primitive,1,507,"(42,217,248) ; (63,72,372)"
507,29,720,2,1,primitive,1,507,"(33,144,330) ; (35,112,360)"
507,143,2760,2,1,primitive,1,507,"(23,220,264) ; (24,138,345)"
507,169,1848,2,1,scaled,3,169,"(12,231,264) ; (21,24,462)"
508,127,6510,2,1,primitive,1,508,"(105,186,217) ; (120,140,248)"
508,23,1064,2,1,primitive,1,508,"(88,154,266) ; (95,133,280)"
508,101,3960,2,1,primitive,1,508,"(63,165,280) ; (88,90,330)"
508,127,3780,2,1,scaled,2,254,"(40,216,252) ; (60,70,378)"
508,85,2464,2,1,scaled,4,127,"(40,160,308) ; (44,112,352)"
508,109,2508,2,1,primitive,1,508,"(33,95,380) ; (36,76,396)"
508,809,16380,2,1,scaled,2,254,"(28,90,390) ; (36,52,420)"
508,97,1540,2,1,scaled,2,254,"(22,66,420) ; (28,40,440)"
508,3971,53040,2,1,primitive,1,508,"(15,221,272) ; (16,102,390)"
508,127,1596,2,1,scaled,2,254,"(14,228,266) ; (24,28,456)"
509,332,8415,2,1,primitive,1,509,"(33,170,306) ; (45,68,396)"
509,73,1848,2,1,primitive,1,509,"(33,168,308) ; (40,84,385)"
509,22,425,2,1,primitive,1,509,"(25,110,374) ; (34,50,425)"
509,53,665,2,1,primitive,1,509,"(14,210,285) ; (15,95,399)"
510,1,54,2,1,scaled,3,170,"(126,168,216) ; (135,150,225)"
510,47,2520,2,1,scaled,2,255,"(120,180,210) ; (126,160,224)"
510,13,630,2,1,scaled,15,34,"(90,210,210) ; (105,135,270)"
510,1,48,2,1,scaled,2,255,"(90,180,240) ; (102,136,272)"
510,11,504,2,1,scaled,2,255,"(90,140,280) ; (96,126,288)"
510,1,42,2,1,primitive,1,510,"(68,204,238) ; (90,105,315)"
510,149,5040,2,1,scaled,2,255,"(48,210,252) ; (70,80,360)"
510,1,24,2,1,scaled,3,170,"(30,240,240) ; (51,51,408)"
510,11,234,2,1,scaled,2,255,"(26,198,286) ; (30,90,390)"
510,11,210,2,1,scaled,6,85,"(24,126,360) ; (30,60,420)"
510,61,1080,2,1,scaled,3,170,"(24,81,405) ; (30,48,432)"
511,46,2331,2,1,primitive,1,511,"(111,148,252) ; (126,126,259)"
511,8,315,2,1,scaled,7,73,"(63,168,280) ; (70,126,315)"
511,73,1960,2,1,scaled,7,73,"(35,196,280) ; (49,70,392)"
511,61,1596,2,1,primitive,1,511,"(36,133,342) ; (56,56,399)"
511,287,3800,2,1,primitive,1,511,"(16,95,400) ; (25,30,456)"
511,73,880,2,1,primitive,1,511,"(14,112,385) ; (16,55,440)"
511,401,4620,2,1,primitive,1,511,"(14,77,420) ; (15,56,440)"
512,11,448,2,1,scaled,16,32,"(64,224,224) ; (80,112,320)"
512,73,2880,2,1,scaled,8,64,"(64,160,288) ; (72,120,320)"
512,367,13104,2,1,scaled,4,128,"(52,208,252) ; (56,144,312)"
512,7,240,2,1,scaled,8,64,"(56,120,336) ; (72,80,360)"
512,73,1560,2,1,scaled,2,256,"(26,216,270) ; (28,120,364)"
512,265,3744,2,1,scaled,2,256,"(16,208,288) ; (18,78,416)"
513,57,2860,2,1,primitive,1,513,"(99,180,234) ; (110,143,260)"
513,13,525,2,1,primitive,1,513,"(63,225,225) ; (65,175,273)"
513,47,1620,2,1,scaled,9,57,"(54,135,324) ; (72,81,360)"
513,19,595,2,1,scaled,3,171,"(45,153,315) ; (51,105,357)"
513,17,440,2,1,scaled,3,171,"(33,240,240) ; (45,72,396)"
513,3,44,2,1,primitive,1,513,"(18,99,396) ; (19,76,418)"
514,1,55,2,1,scaled,2,257,"(130,176,208) ; (140,154,220)"
514,5,204,2,1,scaled,2,257,"(66,176,272) ; (72,136,306)"
514,5,176,2,1,scaled,2,257,"(52,176,286) ; (66,96,352)"
514,37,793,2,1,scaled,2,257,"(26,244,244) ; (28,122,364)"
514,7,120,2,1,scaled,2,257,"(24,70,420) ; (30,44,440)"
514,7,88,2,1,scaled,2,257,"(14,220,280) ; (24,28,462)"
514,17,210,2,1,scaled,2,257,"(14,150,350) ; (22,30,462)"
515,1,56,2,1,primitive,1,515,"(140,175,200) ; (152,154,209)"
515,8,385,2,1,primitive,1,515,"(95,154,266) ; (100,140,275)"
515,103,3996,2,1,primitive,1,515,"(60,185,270) ; (74,108,333)"
515,103,3600,2,1,scaled,5,103,"(50,225,240) ; (75,80,360)"
515,431,11781,2,1,primitive,1,515,"(42,99,374) ; (45,85,385)"
515,103,1365,2,1,primitive,1,515,"(15,175,325) ; (21,39,455)"
515,103,828,2,1,primitive,1,515,"(9,92,414) ; (10,45,460)"
516,43,1482,2,1,primitive,1,516,"(52,152,312) ; (57,117,342)"
516,89,3024,2,1,scaled,6,86,"(48,216,252) ; (54,126,336)"
516,43,1440,2,1,scaled,12,43,"(48,180,288) ; (60,96,360)"
516,43,1188,2,1,scaled,6,86,"(36,216,264) ; (54,66,396)"
516,1,24,2,1,scaled,2,258,"(30,216,270) ; (32,132,352)"
516,43,1020,2,1,scaled,2,258,"(30,180,306) ; (40,68,408)"
516,37,840,2,1,scaled,6,86,"(30,126,360) ; (48,48,420)"
516,19,420,2,1,scaled,2,258,"(30,108,378) ; (40,56,420)"
516,271,4290,2,1,primitive,1,516,"(22,65,429) ; (24,52,440)"
516,19,300,2,1,scaled,3,172,"(21,75,420) ; (30,36,450)"
517,5,273,2,1,primitive,1,517,"(133,156,228) ; (143,143,231)"
517,79,2035,2,1,primitive,1,517,"(37,110,370) ; (55,55,407)"
517,118,2805,2,1,primitive,1,517,"(33,110,374) ; (36,85,396)"
517,13,120,2,1,primitive,1,517,"(10,195,312) ; (11,66,440)"
518,37,2100,2,1,primitive,1,518,"(147,175,196) ; (150,168,200)"
518,7,396,2,1,primitive,1,518,"(143,180,195) ; (144,176,198)"
518,41,2310,2,1,scaled,2,259,"(140,180,198) ; (154,154,210)"
518,259,11960,2,1,primitive,1,518,"(80,208,230) ; (104,115,299)"
518,11,420,2,1,scaled,7,74,"(63,140,315) ; (70,112,336)"
518,259,7920,2,1,scaled,2,259,"(44,144,330) ; (48,110,360)"
518,259,7410,2,1,primitive,1,518,"(38,195,285) ; (52,76,390)"
518,347,9576,2,1,primitive,1,518,"(38,144,336) ; (56,63,399)"
518,37,950,2,1,primitive,1,518,"(35,133,350) ; (38,100,380)"
518,37,840,2,1,scaled,14,37,"(28,210,280) ; (42,56,420)"
518,329,7072,2,1,scaled,2,259,"(32,78,408) ; (34,68,416)"
518,259,4350,2,1,primitive,1,518,"(20,150,348) ; (25,58,435)"
519,31,840,2,1,primitive,1,519,"(35,220,264) ; (36,168,315)"
520,1,52,2,1,scaled,26,20,"(104,208,208) ; (130,130,260)"
520,13,612,2,1,primitive,1,520,"(85,180,255) ; (96,136,288)"
520,13,600,2,1,scaled,20,26,"(80,200,240) ; (100,120,300)"
520,41,1872,2,1,scaled,2,260,"(78,208,234) ; (80,180,260)"
520,13,528,2,1,scaled,2,260,"(64,192,264) ; (80,110,330)"
520,13,504,2,1,scaled,4,130,"(60,180,280) ; (72,112,336)"
520,181,6720,2,1,scaled,4,130,"(60,140,320) ; (64,120,336)"
520,1,36,2,1,scaled,2,260,"(52,234,234) ; (80,80,360)"
520,1,30,2,1,scaled,5,104,"(40,240,240) ; (65,65,390)"
520,13,360,2,1,scaled,4,130,"(36,220,264) ; (40,120,360)"
520,1,24,2,1,scaled,2,260,"(30,210,280) ; (36,88,396)"
520,13,270,2,1,primitive,1,520,"(25,225,270) ; (40,48,432)"
520,13,180,2,1,scaled,2,260,"(16,144,360) ; (20,50,450)"
520,13,96,2,1,scaled,2,260,"(8,128,384) ; (10,30,480)"
521,457,20880,2,1,primitive,1,521,"(80,180,261) ; (87,144,290)"
521,107,2800,2,1,primitive,1,521,"(35,150,336) ; (44,77,400)"
521,181,3861,2,1,primitive,1,521,"(26,198,297) ; (27,143,351)"
522,257,11856,2,1,primitive,1,522,"(80,195,247) ; (104,114,304)"
522,19,810,2,1,scaled,9,58,"(81,126,315) ; (90,108,324)"
522,3,116,2,1,scaled,29,18,"(58,232,232) ; (87,87,348)"
522,3,110,3,3,primitive,1,522,"(54,198,270) ; (58,145,319) ; (60,132,330)"
522,61,1890,2,1,scaled,6,87,"(42,210,270) ; (54,90,378)"
522,3,70,2,1,primitive,1,522,"(29,203,290) ; (42,60,420)"
522,5,114,2,1,scaled,2,261,"(28,228,266) ; (38,66,418)"
523,31,1365,2,1,primitive,1,523,"(75,175,273) ; (91,117,315)"
523,11,468,2,1,primitive,1,523,"(68,221,234) ; (70,180,273)"
523,523,15400,2,1,primitive,1,523,"(40,175,308) ; (50,88,385)"
523,1361,36960,2,1,primitive,1,523,"(35,224,264) ; (42,96,385)"
523,13,184,2,1,primitive,1,523,"(16,208,299) ; (23,40,460)"
523,523,3360,2,1,primitive,1,523,"(7,96,420) ; (8,35,480)"
524,43,2200,2,1,primitive,1,524,"(99,200,225) ; (110,150,264)"
524,263,12012,2,1,primitive,1,524,"(84,154,286) ; (99,117,308)"
524,125,3724,2,1,primitive,1,524,"(49,95,380) ; (56,76,392)"
524,239,6916,2,1,primitive,1,524,"(38,234,252) ; (60,65,399)"
524,307,8778,2,1,primitive,1,524,"(38,189,297) ; (55,70,399)"
524,71,1560,2,1,primitive,1,524,"(30,104,390) ; (40,55,429)"
524,1,20,2,1,scaled,4,131,"(24,200,300) ; (40,44,440)"
524,263,4140,2,1,scaled,2,262,"(18,230,276) ; (20,90,414)"
524,19,276,2,1,scaled,2,262,"(18,92,414) ; (24,40,460)"
524,191,2380,2,1,primitive,1,524,"(14,170,340) ; (17,52,455)"
524,3,32,2,1,scaled,4,131,"(12,128,384) ; (20,24,480)"
525,7,360,3,3,primitive,1,525,"(100,200,225) ; (105,168,252) ; (120,135,270)"
525,1,45,2,1,scaled,15,35,"(75,225,225) ; (105,105,315)"
525,31,1260,2,1,scaled,7,75,"(63,210,252) ; (70,140,315)"
525,109,3465,2,1,primitive,1,525,"(45,165,315) ; (63,77,385)"
525,44,1365,2,1,primitive,1,525,"(42,210,273) ; (65,70,390)"
525,7,195,2,1,scaled,3,175,"(39,135,351) ; (45,90,390)"
525,53,1260,2,1,scaled,3,175,"(30,180,315) ; (42,63,420)"
526,21,880,2,1,scaled,2,263,"(66,220,240) ; (84,112,330)"
526,557,17850,2,1,primitive,1,526,"(45,175,306) ; (50,119,357)"
526,1,30,2,1,scaled,2,263,"(40,216,270) ; (42,154,330)"
526,43,1288,2,1,scaled,2,263,"(40,210,276) ; (46,112,368)"
526,97,2800,2,1,scaled,2,263,"(40,150,336) ; (56,70,400)"
526,607,14560,2,1,scaled,2,263,"(32,130,364) ; (40,70,416)"
526,29,624,2,1,scaled,2,263,"(26,240,260) ; (32,78,416)"
526,23,380,2,1,primitive,1,526,"(19,247,260) ; (30,40,456)"
526,145,2394,2,1,primitive,1,526,"(19,234,273) ; (20,126,380)"
526,61,990,2,1,primitive,1,526,"(19,165,342) ; (20,110,396)"
526,131,2070,2,1,scaled,2,263,"(20,92,414) ; (30,36,460)"
527,5,204,2,1,scaled,17,31,"(68,153,306) ; (85,102,340)"
527,103,4140,2,1,primitive,1,527,"(63,184,280) ; (90,92,345)"
527,107,3420,2,1,primitive,1,527,"(44,198,285) ; (57,90,380)"
527,71,1512,2,1,primitive,1,527,"(26,189,312) ; (27,140,360)"
527,8,135,2,1,primitive,1,527,"(20,156,351) ; (27,50,450)"
527,146,2413,2,1,primitive,1,527,"(19,254,254) ; (20,127,380)"
527,1,15,2,1,primitive,1,527,"(17,255,255) ; (31,31,465)"
527,23,340,2,1,primitive,1,527,"(17,170,340) ; (20,65,442)"
527,11,135,2,1,primitive,1,527,"(14,135,378) ; (15,80,432)"
528,23,1224,2,1,scaled,3,176,"(108,204,216) ; (120,153,255)"
528,1,48,2,1,scaled,8,66,"(88,176,264) ; (96,144,288)"
528,3,140,2,1,scaled,2,264,"(80,224,224) ; (110,110,308)"
528,61,2808,3,3,primitive,1,528,"(78,216,234) ; (88,143,297) ; (108,108,312)"
528,95,4368,2,1,scaled,2,264,"(78,210,240) ; (104,112,312)"
528,1,42,2,1,scaled,3,176,"(66,231,231) ; (96,96,336)"
528,37,1440,2,1,scaled,4,132,"(60,180,288) ; (64,144,320)"
528,17,660,2,1,scaled,2,264,"(66,132,330) ; (80,96,352)"
528,13,480,2,1,scaled,2,264,"(66,110,352) ; (72,96,360)"
528,5,156,2,1,scaled,6,88,"(42,234,252) ; (60,78,390)"
528,9,280,2,1,primitive,1,528,"(42,216,270) ; (55,88,385)"
528,17,420,2,1,primitive,1,528,"(32,160,336) ; (45,63,420)"
528,37,840,2,1,scaled,4,132,"(28,200,300) ; (36,72,420)"
528,17,336,2,1,scaled,4,132,"(24,168,336) ; (28,80,420)"
528,47,840,2,1,scaled,3,176,"(21,195,312) ; (24,84,420)"
528,29,462,2,1,scaled,3,176,"(21,78,429) ; (33,33,462)"
528,29,420,2,1,primitive,1,528,"(18,90,420) ; (21,52,455)"
529,4,231,2,1,primitive,1,529,"(152,168,209) ; (154,165,210)"
529,251,9240,2,1,primitive,1,529,"(56,165,308) ; (70,99,360)"
529,11,360,2,1,primitive,1,529,"(45,220,264) ; (52,117,360)"
529,13,360,2,1,primitive,1,529,"(39,130,360) ; (45,88,396)"
529,199,5236,2,1,primitive,1,529,"(34,187,308) ; (35,154,340)"
529,1823,47880,2,1,primitive,1,529,"(35,152,342) ; (36,133,360)"
530,107,5610,2,1,primitive,1,530,"(105,187,238) ; (110,165,255)"
530,7,200,2,1,scaled,10,53,"(40,140,350) ; (50,80,400)"
530,293,7560,2,1,primitive,1,530,"(35,135,360) ; (54,56,420)"
530,31,770,2,1,primitive,1,530,"(35,110,385) ; (44,66,420)"
530,1,24,2,1,scaled,10,53,"(30,200,300) ; (40,70,420)"
530,19,368,2,1,primitive,1,530,"(23,208,299) ; (24,138,368)"
530,4,63,2,1,scaled,2,265,"(18,224,288) ; (20,90,420)"
530,41,616,2,1,scaled,2,265,"(20,70,440) ; (24,44,462)"
530,8,117,2,1,scaled,2,265,"(18,96,416) ; (26,36,468)"
531,1,56,2,1,scaled,3,177,"(126,189,216) ; (132,168,231)"
531,37,1512,2,1,scaled,3,177,"(63,216,252) ; (66,168,297)"
531,55,2016,2,1,primitive,1,531,"(54,189,288) ; (56,160,315)"
531,139,3024,2,1,scaled,3,177,"(27,168,336) ; (36,63,432)"
531,47,765,2,1,primitive,1,531,"(19,170,342) ; (27,45,459)"
532,1,48,2,1,scaled,2,266,"(84,224,224) ; (114,114,304)"
532,109,5040,2,1,primitive,1,532,"(84,160,288) ; (105,112,315)"
532,133,6120,2,1,scaled,2,266,"(80,180,272) ; (90,136,306)"
532,19,858,2,1,primitive,1,532,"(77,182,273) ; (88,132,312)"
532,133,5850,2,1,primitive,1,532,"(72,200,260) ; (90,117,325)"
532,19,828,2,1,scaled,2,266,"(72,184,276) ; (84,126,322)"
532,29,1260,2,1,scaled,2,266,"(70,210,252) ; (72,180,280)"
532,467,14994,2,1,primitive,1,532,"(49,126,357) ; (68,72,392)"
532,19,588,2,1,scaled,14,38,"(42,196,294) ; (56,84,392)"
532,133,3256,2,1,primitive,1,532,"(32,148,352) ; (37,88,407)"
532,7,160,2,1,scaled,4,133,"(28,224,280) ; (32,100,400)"
532,133,2860,2,1,scaled,2,266,"(26,220,286) ; (40,52,440)"
532,43,700,2,1,primitive,1,532,"(20,112,400) ; (25,52,455)"
532,133,1440,2,1,scaled,4,133,"(12,160,360) ; (16,36,480)"
532,133,510,2,1,primitive,1,532,"(4,120,408) ; (5,17,510)"
533,19,920,2,1,primitive,1,533,"(92,161,280) ; (104,130,299)"
533,134,4165,2,1,primitive,1,533,"(49,110,374) ; (56,85,392)"
533,2,51,2,1,primitive,1,533,"(33,170,330) ; (40,85,408)"
533,611,10143,2,1,primitive,1,533,"(21,98,414) ; (23,69,441)"
534,41,2160,2,1,scaled,3,178,"(105,189,240) ; (120,144,270)"
534,719,30030,2,1,primitive,1,534,"(66,195,273) ; (70,156,308)"
534,43,1512,2,1,scaled,6,89,"(54,144,336) ; (72,84,378)"
534,131,3534,2,1,primitive,1,534,"(38,124,372) ; (42,93,399)"
534,107,2160,2,1,scaled,6,89,"(24,240,270) ; (30,72,432)"
534,39,616,2,1,scaled,2,267,"(18,252,264) ; (22,64,448)"
535,353,13680,2,1,primitive,1,535,"(60,171,304) ; (80,95,360)"
535,73,2200,2,1,scaled,5,107,"(40,220,275) ; (55,80,400)"
535,113,3080,2,1,scaled,5,107,"(35,220,280) ; (40,110,385)"
535,1,22,2,1,primitive,1,535,"(28,143,364) ; (40,55,440)"
535,11,224,2,1,primitive,1,535,"(25,160,350) ; (28,91,416)"
535,89,1800,2,1,scaled,5,107,"(25,150,360) ; (40,45,450)"
536,67,3080,2,1,scaled,4,134,"(80,176,280) ; (88,140,308)"
536,239,9240,2,1,primitive,1,536,"(60,168,308) ; (77,99,360)"
536,1,36,2,1,scaled,2,268,"(52,198,286) ; (56,144,336)"
536,523,16380,2,1,primitive,1,536,"(42,234,260) ; (52,99,385)"
536,1543,48048,2,1,scaled,2,268,"(42,208,286) ; (44,156,336)"
536,37,792,2,1,scaled,2,268,"(26,198,312) ; (36,60,440)"
536,1,20,2,1,scaled,2,268,"(24,192,320) ; (36,50,450)"
536,67,1320,2,1,scaled,2,268,"(24,160,352) ; (30,66,440)"
536,67,812,2,1,scaled,2,268,"(14,116,406) ; (16,56,464)"
537,71,3927,2,1,primitive,1,537,"(119,187,231) ; (132,153,252)"
537,1961,62832,2,1,primitive,1,537,"(48,132,357) ; (51,112,374)"
537,139,2835,2,1,primitive,1,537,"(25,162,350) ; (27,105,405)"
537,13,255,2,1,primitive,1,537,"(24,153,360) ; (30,65,442)"
537,47,396,2,1,scaled,3,179,"(9,264,264) ; (12,30,495)"
537,67,504,2,1,primitive,1,537,"(8,207,322) ; (12,21,504)"
538,73,3744,2,1,scaled,2,269,"(96,208,234) ; (120,130,288)"
538,47,2340,2,1,primitive,1,538,"(90,208,240) ; (91,195,252)"
538,113,5544,2,1,scaled,2,269,"(88,198,252) ; (96,154,288)"
538,53,1890,2,1,scaled,2,269,"(54,154,330) ; (70,90,378)"
538,7,216,2,1,scaled,2,269,"(48,112,378) ; (54,88,396)"
538,407,11856,2,1,primitive,1,538,"(38,240,260) ; (48,91,399)"
538,163,2574,2,1,scaled,2,269,"(18,234,286) ; (26,44,468)"
538,139,1170,2,1,primitive,1,538,"(9,230,299) ; (10,60,468)"
538,121,1008,2,1,primitive,1,538,"(9,161,368) ; (16,18,504)"
539,7,380,2,1,primitive,1,539,"(110,209,220) ; (133,140,266)"
539,1,45,2,1,primitive,1,539,"(84,140,315) ; (99,110,330)"
539,7,288,2,1,primitive,1,539,"(63,224,252) ; (88,99,352)"
539,1,35,2,1,scaled,7,77,"(49,245,245) ; (77,77,385)"
539,257,4620,2,1,primitive,1,539,"(21,210,308) ; (22,132,385)"
539,331,2184,2,1,primitive,1,539,"(7,168,364) ; (9,26,504)"
540,3,176,2,1,scaled,2,270,"(144,198,198) ; (160,160,220)"
540,17,990,2,1,primitive,1,540,"(144,176,220) ; (150,165,225)"
540,1,56,2,1,scaled,6,90,"(120,210,210) ; (144,144,252)"
540,1,54,2,1,scaled,27,20,"(108,216,216) ; (135,135,270)"
540,1,50,2,1,scaled,15,36,"(90,225,225) ; (120,120,300)"
540,7,330,2,1,primitive,1,540,"(80,220,240) ; (99,126,315)"
540,73,3150,2,1,scaled,3,180,"(72,168,300) ; (75,150,315)"
540,1,40,2,1,scaled,30,18,"(60,240,240) ; (90,90,360)"
540,1,36,2,1,scaled,6,90,"(54,162,324) ; (60,120,360)"
540,359,11700,2,1,primitive,1,540,"(45,195,300) ; (50,126,364)"
540,1,30,2,1,primitive,1,540,"(40,200,300) ; (54,81,405)"
540,1,28,2,1,scaled,12,45,"(36,252,252) ; (60,60,420)"
540,3,80,2,1,scaled,4,135,"(36,144,360) ; (40,100,400)"
540,47,1188,2,1,scaled,3,180,"(33,156,351) ; (36,108,396)"
540,3,52,2,1,scaled,4,135,"(20,260,260) ; (36,36,468)"
540,191,3300,2,1,scaled,2,270,"(20,220,300) ; (28,50,462)"
540,131,1440,2,1,scaled,3,180,"(12,240,288) ; (15,45,480)"
540,101,990,2,1,primitive,1,540,"(11,115,414) ; (15,30,495)"
541,214,11445,2,1,primitive,1,541,"(105,218,218) ; (109,180,252)"
541,103,5148,2,1,primitive,1,541,"(91,198,252) ; (99,156,286)"
541,647,27027,2,1,primitive,1,541,"(66,189,286) ; (91,99,351)"
541,541,19656,2,1,primitive,1,541,"(52,216,273) ; (72,91,378)"
541,20,693,2,1,primitive,1,541,"(49,198,294) ; (66,90,385)"
541,541,17556,2,1,primitive,1,541,"(44,231,266) ; (66,76,399)"
541,635,8816,2,1,primitive,1,541,"(16,145,380) ; (19,58,464)"
541,19,204,2,1,primitive,1,541,"(12,138,391) ; (14,51,476)"
542,271,14490,2,1,primitive,1,542,"(105,207,230) ; (126,140,276)"
542,125,6006,2,1,primitive,1,542,"(88,168,286) ; (110,117,315)"
542,31,1122,2,1,scaled,2,271,"(52,204,286) ; (66,102,374)"
542,271,9360,2,1,scaled,2,271,"(48,234,260) ; (72,80,390)"
542,37,1035,2,1,scaled,2,271,"(36,230,276) ; (48,80,414)"
542,51,1330,2,1,primitive,1,542,"(36,126,380) ; (38,105,399)"
542,13,336,2,1,scaled,2,271,"(42,80,420) ; (54,56,432)"
542,401,7392,2,1,scaled,2,271,"(22,168,352) ; (32,48,462)"
542,193,2856,2,1,primitive,1,542,"(17,168,357) ; (24,42,476)"
542,271,3332,2,1,primitive,1,542,"(14,136,392) ; (17,49,476)"
542,143,1330,2,1,primitive,1,542,"(10,266,266) ; (13,35,494)"
542,271,2520,2,1,scaled,2,271,"(10,252,280) ; (18,20,504)"
543,1,60,2,1,primitive,1,543,"(165,180,198) ; (168,175,200)"
543,181,9108,2,1,primitive,1,543,"(92,198,253) ; (108,138,297)"
543,179,7800,2,1,primitive,1,543,"(70,200,273) ; (75,156,312)"
543,13,504,2,1,scaled,3,181,"(60,168,315) ; (63,144,336)"
543,17,630,2,1,primitive,1,543,"(55,180,308) ; (63,120,360)"
543,7,180,2,1,scaled,3,181,"(33,180,330) ; (36,117,390)"
543,181,4488,2,1,primitive,1,543,"(33,136,374) ; (36,99,408)"
543,181,528,2,1,primitive,1,543,"(3,144,396) ; (4,11,528)"
544,1,60,2,1,scaled,2,272,"(160,192,192) ; (170,170,204)"
544,13,672,2,1,scaled,16,34,"(96,224,224) ; (112,144,288)"
544,127,6160,2,1,scaled,4,136,"(84,220,240) ; (88,176,280)"
544,11,476,2,1,scaled,17,32,"(68,238,238) ; (85,119,340)"
544,1,40,3,3,scaled,4,136,"(60,220,264) ; (64,160,320) ; (68,136,340)"
544,43,1680,2,1,scaled,4,136,"(60,176,308) ; (72,112,360)"
544,1,24,3,3,scaled,2,272,"(32,128,384) ; (34,102,408) ; (44,60,440)"
544,89,1980,2,1,primitive,1,544,"(27,220,297) ; (44,50,450)"
545,31,1820,2,1,primitive,1,545,"(140,195,210) ; (143,182,220)"
545,109,4752,2,1,primitive,1,545,"(72,176,297) ; (80,135,330)"
545,173,7245,2,1,primitive,1,545,"(65,207,273) ; (69,161,315)"
545,31,1100,2,1,scaled,5,109,"(50,220,275) ; (55,140,350)"
545,1,33,2,1,scaled,5,109,"(45,225,275) ; (55,105,385)"
545,239,7216,2,1,primitive,1,545,"(41,176,328) ; (55,80,410)"
545,29,765,2,1,primitive,1,545,"(35,153,357) ; (45,75,425)"
545,109,2652,2,1,primitive,1,545,"(30,255,260) ; (51,52,442)"
546,1,60,2,1,scaled,3,182,"(156,195,195) ; (168,168,210)"
546,11,630,2,1,scaled,2,273,"(126,210,210) ; (130,182,234)"
546,7,390,2,1,scaled,13,42,"(117,195,234) ; (130,156,260)"
546,39,2030,2,1,primitive,1,546,"(98,203,245) ; (116,140,290)"
546,17,882,2,1,scaled,14,39,"(98,196,252) ; (126,126,294)"
546,29,1470,2,1,scaled,7,78,"(98,168,280) ; (105,147,294)"
546,13,630,2,1,scaled,21,26,"(84,210,252) ; (105,126,315)"
546,13,570,2,1,scaled,2,273,"(70,210,266) ; (90,114,342)"
546,31,1320,2,1,scaled,2,273,"(66,240,240) ; (70,168,308)"
546,1,40,2,1,scaled,3,182,"(60,216,270) ; (63,168,315)"
546,13,510,2,1,primitive,1,546,"(60,180,306) ; (70,119,357)"
546,7,270,2,1,primitive,1,546,"(60,162,324) ; (65,130,351)"
546,91,2760,2,1,scaled,2,273,"(40,230,276) ; (60,72,414)"
546,91,2376,2,1,scaled,3,182,"(33,216,297) ; (48,66,432)"
546,49,1254,2,1,scaled,3,182,"(33,171,342) ; (36,114,396)"
546,7,150,2,1,primitive,1,546,"(26,195,325) ; (36,60,450)"
546,91,1836,2,1,scaled,3,182,"(24,216,306) ; (36,51,459)"
546,91,1440,2,1,scaled,6,91,"(18,240,288) ; (30,36,480)"
546,13,198,2,1,scaled,3,182,"(18,132,396) ; (21,63,462)"
546,3,38,2,1,scaled,2,273,"(14,266,266) ; (26,26,494)"
546,29,330,2,1,primitive,1,546,"(14,70,462) ; (18,33,495)"
547,397,18480,2,1,primitive,1,547,"(88,144,315) ; (105,112,330)"
547,3169,131040,2,1,primitive,1,547,"(63,224,260) ; (91,96,360)"
547,149,6120,2,1,primitive,1,547,"(63,204,280) ; (85,102,360)"
547,347,12320,2,1,primitive,1,547,"(55,140,352) ; (66,96,385)"
547,107,3080,2,1,primitive,1,547,"(40,143,364) ; (42,120,385)"
547,149,4095,2,1,primitive,1,547,"(35,252,260) ; (55,63,429)"
547,13,280,2,1,primitive,1,547,"(35,64,448) ; (40,52,455)"
547,4,63,2,1,primitive,1,547,"(18,207,322) ; (22,63,462)"
547,47,684,2,1,primitive,1,547,"(18,92,437) ; (19,72,456)"
547,41,539,2,1,primitive,1,547,"(15,147,385) ; (22,35,490)"
547,547,5280,2,1,primitive,1,547,"(11,96,440) ; (12,55,480)"
547,547,3640,2,1,primitive,1,547,"(7,260,280) ; (13,14,520)"
548,29,1680,2,1,scaled,2,274,"(130,208,210) ; (140,168,240)"
548,47,2040,2,1,scaled,2,274,"(68,240,240) ; (72,170,306)"
548,229,7920,2,1,primitive,1,548,"(48,225,275) ; (72,80,396)"
548,17,576,2,1,scaled,4,137,"(48,180,320) ; (64,88,396)"
548,19,612,2,1,scaled,2,274,"(44,198,306) ; (68,72,408)"
548,1,28,2,1,scaled,4,137,"(36,224,288) ; (48,80,420)"
548,181,3770,2,1,primitive,1,548,"(26,145,377) ; (35,58,455)"
549,83,4680,2,1,primitive,1,549,"(120,195,234) ; (136,153,260)"
549,61,3060,2,1,scaled,3,183,"(90,204,255) ; (108,135,306)"
549,22,1053,2,1,scaled,9,61,"(81,234,234) ; (108,117,324)"
549,95,4536,2,1,scaled,3,183,"(81,216,252) ; (105,120,324)"
549,61,2520,2,1,scaled,3,183,"(63,216,270) ; (84,105,360)"
549,443,16632,2,1,scaled,3,183,"(54,231,264) ; (72,99,378)"
549,29,945,2,1,scaled,9,61,"(45,189,315) ; (63,81,405)"
549,183,4147,2,1,primitive,1,549,"(29,143,377) ; (33,87,429)"
549,3,52,2,1,primitive,1,549,"(20,230,299) ; (27,54,468)"
550,1,60,2,1,scaled,5,110,"(150,200,200) ; (165,165,220)"
550,461,21840,2,1,primitive,1,550,"(80,210,260) ; (91,144,315)"
550,29,1320,2,1,primitive,1,550,"(75,200,275) ; (88,132,330)"
550,4,175,2,1,scaled,10,55,"(70,200,280) ; (100,100,350)"
550,1,18,3,3,primitive,1,550,"(21,207,322) ; (22,132,396) ; (25,75,450)"
551,1,56,2,1,primitive,1,551,"(116,203,232) ; (133,152,266)"
551,71,2860,2,1,primitive,1,551,"(65,156,330) ; (77,110,364)"
551,1,39,3,3,primitive,1,551,"(57,247,247) ; (65,135,351) ; (87,87,377)"
551,311,10200,2,1,primitive,1,551,"(45,200,306) ; (68,75,408)"
551,67,1980,2,1,primitive,1,551,"(44,117,390) ; (45,110,396)"
551,59,1540,2,1,primitive,1,551,"(33,210,308) ; (55,56,440)"
551,787,15912,2,1,primitive,1,551,"(24,221,306) ; (26,117,408)"
551,1,11,2,1,primitive,1,551,"(12,231,308) ; (22,23,506)"
552,73,3996,2,1,scaled,3,184,"(108,222,222) ; (111,189,252)"
552,3,160,2,1,scaled,8,69,"(112,160,280) ; (120,144,288)"
552,5,252,2,1,scaled,6,92,"(90,210,252) ; (96,168,288)"
552,37,1860,2,1,primitive,1,552,"(93,180,279) ; (110,132,310)"
552,47,2184,2,1,scaled,4,138,"(84,156,312) ; (104,112,336)"
552,25,1056,2,1,scaled,2,276,"(66,198,288) ; (80,120,352)"
552,1,42,3,3,primitive,1,552,"(66,189,297) ; (69,161,322) ; (72,144,336)"
552,139,5580,2,1,scaled,2,276,"(62,180,310) ; (90,90,372)"
552,43,1560,2,1,scaled,2,276,"(52,200,300) ; (72,90,390)"
552,19,660,2,1,scaled,6,92,"(48,240,264) ; (66,90,396)"
552,11,360,2,1,scaled,3,184,"(45,195,312) ; (48,144,360)"
552,83,2520,2,1,scaled,4,138,"(40,224,288) ; (60,72,420)"
552,1,30,2,1,primitive,1,552,"(40,192,320) ; (45,117,390)"
553,2,105,2,1,scaled,7,79,"(98,210,245) ; (105,168,280)"
553,139,7252,2,1,primitive,1,553,"(98,196,259) ; (111,148,294)"
553,40,1771,2,1,primitive,1,553,"(70,230,253) ; (77,154,322)"
553,553,16720,2,1,primitive,1,553,"(40,209,304) ; (55,80,418)"
553,307,9240,2,1,primitive,1,553,"(40,198,315) ; (56,77,420)"
553,121,2940,2,1,primitive,1,553,"(35,98,420) ; (40,72,441)"
553,19,432,2,1,primitive,1,553,"(28,189,336) ; (33,88,432)"
553,79,1612,2,1,primitive,1,553,"(26,124,403) ; (28,91,434)"
553,77,1560,2,1,primitive,1,553,"(24,230,299) ; (40,45,468)"
554,277,15708,2,1,primitive,1,554,"(119,204,231) ; (136,154,264)"
554,419,22176,2,1,primitive,1,554,"(99,224,231) ; (112,154,288)"
554,277,10920,2,1,scaled,2,277,"(60,182,312) ; (70,120,364)"
554,47,1728,2,1,scaled,2,277,"(54,180,320) ; (64,112,378)"
554,193,4160,2,1,primitive,1,554,"(26,208,320) ; (35,64,455)"
555,37,2244,2,1,primitive,1,555,"(153,198,204) ; (165,170,220)"
555,1,60,2,1,primitive,1,555,"(148,185,222) ; (150,180,225)"
555,47,2565,2,1,scaled,3,185,"(114,171,270) ; (135,135,285)"
555,109,5775,2,1,primitive,1,555,"(99,225,231) ; (105,175,275)"
555,97,4560,2,1,primitive,1,555,"(80,190,285) ; (105,114,336)"
555,37,1656,2,1,scaled,3,185,"(72,207,276) ; (90,120,345)"
555,13,432,2,1,scaled,3,185,"(45,240,270) ; (48,156,351)"
555,37,900,2,1,scaled,15,37,"(30,225,300) ; (45,60,450)"
555,22,525,2,1,primitive,1,555,"(30,175,350) ; (42,63,450)"
555,3,65,2,1,primitive,1,555,"(26,230,299) ; (35,65,455)"
555,37,312,2,1,primitive,1,555,"(9,234,312) ; (15,20,520)"
556,139,6720,2,1,scaled,4,139,"(84,192,280) ; (96,140,320)"
556,19,840,2,1,scaled,2,278,"(70,216,270) ; (80,140,336)"
556,139,5940,2,1,scaled,2,278,"(66,220,270) ; (88,108,360)"
556,95,4004,2,1,scaled,2,278,"(70,156,330) ; (88,104,364)"
556,23,930,2,1,scaled,4,139,"(60,248,248) ; (72,124,360)"
556,139,5550,2,1,primitive,1,556,"(60,200,296) ; (75,111,370)"
556,11,420,2,1,scaled,2,278,"(56,200,300) ; (70,108,378)"
556,397,14560,2,1,scaled,2,278,"(52,224,280) ; (70,96,390)"
556,1,36,2,1,scaled,4,139,"(56,140,360) ; (72,88,396)"
556,157,5292,2,1,primitive,1,556,"(49,156,351) ; (56,108,392)"
556,7,220,2,1,scaled,2,278,"(44,160,352) ; (66,70,420)"
556,227,6930,2,1,primitive,1,556,"(40,252,264) ; (45,126,385)"
556,61,1716,2,1,scaled,2,278,"(36,234,286) ; (44,96,416)"
556,59,1344,2,1,scaled,4,139,"(28,192,336) ; (36,72,448)"
556,47,672,2,1,scaled,4,139,"(16,252,288) ; (20,56,480)"
556,139,1260,2,1,scaled,2,278,"(10,126,420) ; (12,40,504)"
558,93,5320,2,1,scaled,2,279,"(120,210,228) ; (140,152,266)"
558,17,936,2,1,scaled,3,186,"(108,216,234) ; (117,168,273)"
558,23,1170,2,1,scaled,9,62,"(90,234,234) ; (117,126,315)"
558,5,216,2,1,scaled,18,31,"(72,162,324) ; (90,108,360)"
558,3,124,2,1,scaled,31,18,"(62,248,248) ; (93,93,372)"
558,31,1260,2,1,scaled,9,62,"(63,180,315) ; (72,126,360)"
558,31,1170,2,1,scaled,6,93,"(54,234,270) ; (78,90,390)"
558,31,1080,2,1,scaled,3,186,"(48,240,270) ; (72,81,405)"
558,53,1386,2,1,scaled,3,186,"(33,210,315) ; (36,126,396)"
558,93,2240,2,1,scaled,2,279,"(30,192,336) ; (40,70,448)"
558,129,2990,2,1,scaled,2,279,"(30,138,390) ; (46,52,460)"
558,31,660,2,1,primitive,1,558,"(27,135,396) ; (30,88,440)"
558,93,700,2,1,primitive,1,558,"(8,200,350) ; (12,21,525)"
559,13,792,2,1,primitive,1,559,"(152,198,209) ; (154,189,216)"
559,43,2277,2,1,primitive,1,559,"(99,207,253) ; (117,143,299)"
559,15,728,2,1,primitive,1,559,"(84,195,280) ; (91,156,312)"
559,43,1560,2,1,scaled,13,43,"(52,195,312) ; (65,104,390)"
559,559,17556,2,1,primitive,1,559,"(42,209,308) ; (57,84,418)"
559,11,325,2,1,primitive,1,559,"(39,195,325) ; (55,75,429)"
559,37,300,2,1,primitive,1,559,"(9,100,450) ; (14,20,525)"
560,1,60,2,1,scaled,10,56,"(140,210,210) ; (160,160,240)"
560,1,56,2,1,scaled,28,20,"(112,224,224) ; (140,140,280)"
560,79,4200,2,1,scaled,5,112,"(105,175,280) ; (120,140,300)"
560,1,48,2,1,scaled,16,35,"(80,240,240) ; (112,112,336)"
560,59,2772,2,1,primitive,1,560,"(77,231,252) ; (90,140,330)"
560,169,7700,2,1,primitive,1,560,"(77,175,308) ; (100,110,350)"
560,161,6460,2,1,primitive,1,560,"(76,110,374) ; (85,95,380)"
560,7,240,2,1,scaled,4,140,"(48,192,320) ; (60,100,400)"
560,7,180,2,1,scaled,2,280,"(32,240,288) ; (50,60,450)"
560,7,176,2,1,scaled,8,70,"(32,176,352) ; (40,80,440)"
560,31,728,2,1,primitive,1,560,"(32,112,416) ; (40,65,455)"
561,23,1320,2,1,scaled,3,187,"(120,210,231) ; (132,165,264)"
561,13,600,2,1,primitive,1,561,"(75,216,270) ; (76,200,285)"
561,4,165,2,1,primitive,1,561,"(66,165,330) ; (85,102,374)"
561,3,115,2,1,primitive,1,561,"(55,253,253) ; (85,85,391)"
561,158,6045,2,1,primitive,1,561,"(65,124,372) ; (78,93,390)"
561,29,1080,2,1,scaled,3,187,"(54,195,312) ; (63,120,378)"
561,1,36,3,3,scaled,3,187,"(51,204,306) ; (54,156,351) ; (66,99,396)"
561,29,1020,2,1,primitive,1,561,"(51,170,340) ; (55,132,374)"
561,4,105,2,1,primitive,1,561,"(33,220,308) ; (34,170,357)"
561,41,1056,2,1,primitive,1,561,"(32,253,276) ; (33,176,352)"
561,5,108,2,1,primitive,1,561,"(34,68,459) ; (39,54,468)"
561,37,672,2,1,primitive,1,561,"(21,252,288) ; (32,46,483)"
562,563,23256,2,1,primitive,1,562,"(68,152,342) ; (72,133,357)"
562,29,1178,2,1,scaled,2,281,"(62,190,310) ; (76,114,372)"
562,67,2464,2,1,scaled,2,281,"(52,224,286) ; (56,154,352)"
562,163,5586,2,1,primitive,1,562,"(49,171,342) ; (56,114,392)"
562,3,91,2,1,scaled,2,281,"(40,210,312) ; (42,156,364)"
562,163,4290,2,1,primitive,1,562,"(33,230,299) ; (36,130,396)"
563,193,8580,2,1,primitive,1,563,"(70,220,273) ; (99,104,360)"
563,13,504,2,1,primitive,1,563,"(56,234,273) ; (63,140,360)"
563,37,1400,2,1,primitive,1,563,"(55,200,308) ; (56,182,325)"
563,839,23205,2,1,primitive,1,563,"(35,255,273) ; (51,70,442)"
563,83,2244,2,1,primitive,1,563,"(34,253,276) ; (36,153,374)"
563,2839,58520,2,1,primitive,1,563,"(28,95,440) ; (30,77,456)"
564,1,60,2,1,primitive,1,564,"(141,188,235) ; (144,180,240)"
564,17,1008,2,1,scaled,3,188,"(135,189,240) ; (144,168,252)"
564,37,2052,2,1,scaled,6,94,"(108,228,228) ; (114,180,270)"
564,31,1650,2,1,primitive,1,564,"(100,200,264) ; (102,187,275)"
564,155,7956,2,1,primitive,1,564,"(91,221,252) ; (102,156,306)"
564,1219,60060,2,1,primitive,1,564,"(84,220,260) ; (91,165,308)"
564,23,1092,2,1,scaled,6,94,"(78,234,252) ; (84,168,312)"
564,37,1680,2,1,scaled,2,282,"(72,240,252) ; (80,154,330)"
564,137,6120,2,1,scaled,2,282,"(80,144,340) ; (102,102,360)"
564,97,4320,2,1,scaled,2,282,"(70,224,270) ; (96,108,360)"
564,9,364,2,1,scaled,2,282,"(70,130,364) ; (78,108,378)"
564,19,720,3,3,scaled,2,282,"(54,240,270) ; (60,144,360) ; (80,88,396)"
564,25,702,2,1,scaled,3,188,"(36,216,312) ; (39,135,390)"
564,23,630,2,1,primitive,1,564,"(35,207,322) ; (36,168,360)"
564,3,80,2,1,primitive,1,564,"(35,161,368) ; (44,80,440)"
564,11,210,2,1,primitive,1,564,"(24,120,420) ; (35,46,483)"
564,641,9900,2,1,primitive,1,564,"(18,150,396) ; (25,44,495)"
565,107,3080,2,1,scaled,5,113,"(40,140,385) ; (55,70,440)"
565,166,4389,2,1,primitive,1,565,"(33,266,266) ; (36,133,396)"
566,283,13650,2,1,primitive,1,566,"(84,182,300) ; (91,150,325)"
566,83,3220,2,1,primitive,1,566,"(56,230,280) ; (60,161,345)"
566,443,15048,2,1,scaled,2,283,"(48,176,342) ; (72,76,418)"
566,55,1512,2,1,primitive,1,566,"(35,216,315) ; (54,64,448)"
566,347,7752,2,1,primitive,1,566,"(27,216,323) ; (34,76,456)"
566,41,715,2,1,scaled,2,283,"(20,260,286) ; (22,104,440)"
567,1,55,2,1,scaled,3,189,"(105,231,231) ; (135,135,297)"
567,23,1260,2,1,scaled,3,189,"(105,210,252) ; (108,189,270)"
567,13,540,2,1,scaled,3,189,"(72,135,360) ; (84,105,378)"
567,7,264,3,3,primitive,1,567,"(54,216,297) ; (55,192,320) ; (72,99,396)"
567,97,3024,2,1,scaled,3,189,"(42,189,336) ; (63,72,432)"
567,41,1197,2,1,primitive,1,567,"(38,207,322) ; (42,126,399)"
567,56,1485,2,1,primitive,1,567,"(35,154,378) ; (36,135,396)"
567,2,45,2,1,scaled,3,189,"(27,270,270) ; (39,60,468)"
568,277,14490,2,1,primitive,1,568,"(95,207,266) ; (115,138,315)"
568,17,840,2,1,scaled,4,142,"(84,220,264) ; (112,120,336)"
568,407,18200,2,1,primitive,1,568,"(75,168,325) ; (100,104,364)"
568,13,504,2,1,scaled,4,142,"(56,224,288) ; (84,88,396)"
568,59,1760,2,1,scaled,8,71,"(40,176,352) ; (64,64,440)"
568,9,182,2,1,primitive,1,568,"(24,208,336) ; (39,46,483)"
569,188,10395,2,1,primitive,1,569,"(110,189,270) ; (132,140,297)"
569,283,11592,2,1,primitive,1,569,"(63,184,322) ; (69,140,360)"
569,215,6919,2,1,primitive,1,569,"(44,185,340) ; (51,111,407)"
570,19,1170,2,1,scaled,3,190,"(150,195,225) ; (156,180,234)"
570,19,960,2,1,scaled,2,285,"(90,192,288) ; (100,150,320)"
570,19,840,2,1,scaled,2,285,"(70,200,300) ; (84,126,360)"
570,1,42,3,3,primitive,1,570,"(63,234,273) ; (70,150,350) ; (84,108,378)"
570,61,2520,2,1,primitive,1,570,"(63,195,312) ; (70,140,360)"
570,47,1800,2,1,scaled,10,57,"(60,150,360) ; (80,90,400)"
570,61,2322,2,1,scaled,3,190,"(54,258,258) ; (63,129,378)"
570,57,2002,2,1,primitive,1,570,"(52,154,364) ; (55,130,385)"
570,713,24570,2,1,scaled,2,285,"(52,140,378) ; (54,126,390)"
570,19,630,2,1,scaled,15,38,"(45,210,315) ; (60,90,420)"
570,19,462,2,1,scaled,6,95,"(30,210,330) ; (42,66,462)"
570,1,24,2,1,scaled,2,285,"(30,180,360) ; (38,76,456)"
570,19,330,2,1,scaled,5,114,"(20,220,330) ; (30,45,495)"
570,131,2070,2,1,primitive,1,570,"(18,207,345) ; (20,90,460)"
570,3,28,2,1,primitive,1,570,"(10,280,280) ; (19,19,532)"
571,2,105,2,1,primitive,1,571,"(95,210,266) ; (112,144,315)"
571,67,2860,2,1,primitive,1,571,"(65,220,286) ; (77,130,364)"
571,571,21945,2,1,primitive,1,571,"(55,231,285) ; (77,95,399)"
571,1357,16120,2,1,primitive,1,571,"(13,248,310) ; (20,31,520)"
572,1,60,3,3,scaled,4,143,"(132,220,220) ; (140,180,252) ; (156,156,260)"
572,29,1638,2,1,primitive,1,572,"(112,208,252) ; (117,182,273)"
572,19,1040,2,1,scaled,2,286,"(104,208,260) ; (110,176,286)"
572,13,660,2,1,scaled,22,26,"(88,220,264) ; (110,132,330)"
572,1,40,2,1,scaled,2,286,"(60,192,320) ; (78,104,390)"
572,71,2772,2,1,primitive,1,572,"(56,252,264) ; (77,99,396)"
572,19,720,2,1,scaled,4,143,"(56,180,336) ; (72,100,400)"
572,13,480,2,1,primitive,1,572,"(55,165,352) ; (60,128,384)"
572,23,780,2,1,scaled,2,286,"(52,130,390) ; (60,96,416)"
572,1,32,2,1,scaled,4,143,"(44,176,352) ; (52,104,416)"
572,13,396,2,1,scaled,4,143,"(44,132,396) ; (60,72,440)"
572,13,380,2,1,scaled,2,286,"(40,152,380) ; (44,110,418)"
572,13,126,2,1,primitive,1,572,"(11,99,462) ; (12,56,504)"
573,1,63,2,1,scaled,3,191,"(165,198,210) ; (168,189,216)"
573,37,1980,2,1,primitive,1,573,"(100,198,275) ; (126,132,315)"
573,53,2640,2,1,scaled,3,191,"(99,144,330) ; (105,132,336)"
573,22,945,2,1,scaled,3,191,"(66,210,297) ; (90,105,378)"
573,23,924,2,1,primitive,1,573,"(60,198,315) ; (66,143,364)"
573,1,33,3,3,primitive,1,573,"(44,253,276) ; (45,198,330) ; (66,78,429)"
574,89,5040,2,1,scaled,2,287,"(112,210,252) ; (126,160,288)"
574,119,5720,2,1,scaled,2,287,"(80,208,286) ; (88,156,330)"
574,25,882,2,1,scaled,7,82,"(49,210,315) ; (56,126,392)"
574,679,21736,2,1,primitive,1,574,"(52,104,418) ; (57,88,429)"
574,29,630,2,1,primitive,1,574,"(28,126,420) ; (45,46,483)"
574,1277,20748,2,1,primitive,1,574,"(19,156,399) ; (24,56,494)"
575,1,63,2,1,primitive,1,575,"(161,207,207) ; (175,175,225)"
575,2,105,2,1,primitive,1,575,"(100,175,300) ; (115,138,322)"
575,97,4095,3,3,primitive,1,575,"(63,252,260) ; (65,195,315) ; (91,99,385)"
575,1,36,2,1,primitive,1,575,"(50,225,300) ; (69,92,414)"
575,29,1020,2,1,primitive,1,575,"(48,255,272) ; (70,85,420)"
575,11,340,2,1,primitive,1,575,"(50,100,425) ; (65,68,442)"
575,131,3640,2,1,primitive,1,575,"(35,260,280) ; (44,91,440)"
575,721,18135,2,1,primitive,1,575,"(31,234,310) ; (45,65,465)"
576,3,160,2,1,scaled,16,36,"(96,240,240) ; (128,128,320)"
576,11,504,2,1,scaled,18,32,"(72,252,252) ; (90,126,360)"
576,73,3240,2,1,scaled,9,64,"(72,180,324) ; (81,135,360)"
576,21,920,2,1,primitive,1,576,"(69,195,312) ; (70,184,322)"
576,3,128,2,1,scaled,32,18,"(64,256,256) ; (96,96,384)"
576,7,270,2,1,scaled,9,64,"(63,135,378) ; (81,90,405)"
577,37,1560,2,1,primitive,1,577,"(63,234,280) ; (65,192,320)"
577,37,1540,2,1,primitive,1,577,"(70,143,364) ; (80,112,385)"
577,5,168,2,1,primitive,1,577,"(45,252,280) ; (48,161,368)"
577,503,4680,2,1,primitive,1,577,"(10,216,351) ; (12,45,520)"
578,181,10010,2,1,scaled,2,289,"(110,182,286) ; (130,140,308)"
578,13,714,2,1,scaled,17,34,"(102,238,238) ; (119,153,306)"
578,121,6630,2,1,primitive,1,578,"(102,221,255) ; (130,136,312)"
578,1,48,2,1,scaled,2,289,"(78,240,260) ; (88,154,336)"
578,61,2730,2,1,scaled,2,289,"(78,150,350) ; (84,130,364)"
578,31,1320,2,1,primitive,1,578,"(66,192,320) ; (88,105,385)"
578,179,6370,2,1,primitive,1,578,"(49,230,299) ; (56,130,392)"
578,31,780,2,1,primitive,1,578,"(39,84,455) ; (45,65,468)"
578,689,11592,2,1,primitive,1,578,"(23,72,483) ; (28,46,504)"
578,27,416,2,1,scaled,2,289,"(18,144,416) ; (20,78,480)"
579,37,1848,2,1,scaled,3,193,"(84,231,264) ; (99,144,336)"
579,5,216,2,1,scaled,3,193,"(66,216,297) ; (72,156,351)"
579,131,5544,2,1,primitive,1,579,"(63,252,264) ; (72,143,364)"
579,397,10920,2,1,primitive,1,579,"(35,208,336) ; (39,120,420)"
579,113,3003,2,1,primitive,1,579,"(33,273,273) ; (35,154,390)"
579,341,7344,2,1,primitive,1,579,"(27,144,408) ; (28,119,432)"
579,271,4284,2,1,scaled,3,193,"(18,204,357) ; (24,51,504)"
579,1013,6552,2,1,primitive,1,579,"(7,104,468) ; (9,24,546)"
580,1,58,2,1,scaled,29,20,"(116,232,232) ; (145,145,290)"
580,13,700,2,1,scaled,5,116,"(100,200,280) ; (105,175,300)"
580,163,7920,2,1,primitive,1,580,"(80,225,275) ; (90,154,336)"
580,1,48,2,1,scaled,4,145,"(80,200,300) ; (96,132,352)"
580,19,900,2,1,scaled,10,58,"(90,140,350) ; (100,120,360)"
580,31,1456,2,1,primitive,1,580,"(80,175,325) ; (104,112,364)"
580,1,40,2,1,scaled,2,290,"(58,232,290) ; (80,100,400)"
580,263,6240,2,1,scaled,2,290,"(30,160,390) ; (48,52,480)"
581,7,440,2,1,primitive,1,581,"(152,209,220) ; (165,176,240)"
581,26,931,2,1,scaled,7,83,"(49,266,266) ; (56,133,392)"
581,373,11760,2,1,primitive,1,581,"(45,144,392) ; (49,112,420)"
581,7,195,2,1,primitive,1,581,"(35,273,273) ; (52,69,460)"
582,97,5304,2,1,primitive,1,582,"(102,208,272) ; (117,153,312)"
582,5,264,2,1,scaled,6,97,"(96,198,288) ; (120,132,330)"
582,97,5040,2,1,scaled,6,97,"(90,240,252) ; (120,126,336)"
582,157,6510,2,1,scaled,2,291,"(62,210,310) ; (70,140,372)"
582,37,1365,2,1,scaled,2,291,"(70,96,416) ; (78,84,420)"
582,1,32,2,1,scaled,6,97,"(42,252,288) ; (54,96,432)"
582,263,8400,2,1,scaled,2,291,"(42,240,300) ; (50,112,420)"
582,9,280,2,1,scaled,2,291,"(42,180,360) ; (64,70,448)"
582,97,2400,2,1,scaled,2,291,"(32,150,400) ; (36,96,450)"
582,1763,38610,2,1,primitive,1,582,"(26,270,286) ; (27,165,390)"
582,127,2310,2,1,primitive,1,582,"(21,231,330) ; (22,140,420)"
582,809,12870,2,1,primitive,1,582,"(18,234,330) ; (22,65,495)"
582,97,1050,2,1,scaled,3,194,"(12,150,420) ; (15,42,525)"
583,23,1026,2,1,primitive,1,583,"(76,156,351) ; (95,108,380)"
583,269,10395,2,1,primitive,1,583,"(55,231,297) ; (63,135,385)"
583,7,220,2,1,scaled,11,53,"(44,154,385) ; (55,88,440)"
583,139,4095,2,1,primitive,1,583,"(39,180,364) ; (56,72,455)"
583,5,132,2,1,scaled,11,53,"(33,220,330) ; (44,77,462)"
583,29,140,2,1,primitive,1,583,"(5,238,340) ; (7,16,560)"
584,73,4620,2,1,scaled,2,292,"(154,210,220) ; (168,176,240)"
584,3,140,2,1,scaled,2,292,"(80,168,336) ; (84,150,350)"
584,11,504,2,1,scaled,4,146,"(72,224,288) ; (84,140,360)"
584,1,45,2,1,scaled,8,73,"(72,192,320) ; (80,144,360)"
584,65,2464,2,1,primitive,1,584,"(56,176,352) ; (77,91,416)"
584,29,990,2,1,primitive,1,584,"(48,176,360) ; (55,115,414)"
584,107,3520,2,1,scaled,4,146,"(44,220,320) ; (64,80,440)"
584,73,2240,2,1,scaled,8,73,"(40,224,320) ; (56,80,448)"
585,13,840,2,1,primitive,1,585,"(175,200,210) ; (180,189,216)"
585,3,187,2,1,primitive,1,585,"(143,221,221) ; (165,165,255)"
585,1,60,2,1,scaled,5,117,"(130,195,260) ; (135,180,270)"
585,39,2200,2,1,scaled,5,117,"(110,200,275) ; (120,165,300)"
585,17,945,2,1,scaled,15,39,"(105,210,270) ; (135,135,315)"
585,13,693,2,1,scaled,3,195,"(99,189,297) ; (105,165,315)"
585,3,140,2,1,primitive,1,585,"(75,210,300) ; (91,130,364)"
585,3,91,2,1,scaled,13,45,"(39,273,273) ; (65,65,455)"
585,271,7560,2,1,primitive,1,585,"(35,270,280) ; (36,189,360)"
585,39,800,2,1,scaled,5,117,"(25,160,400) ; (30,75,480)"
585,793,14280,2,1,primitive,1,585,"(24,85,476) ; (35,40,510)"
585,13,176,2,1,scaled,3,195,"(15,240,330) ; (24,33,528)"
586,3037,120640,2,1,primitive,1,586,"(58,208,320) ; (64,145,377)"
586,53,1938,2,1,primitive,1,586,"(57,138,391) ; (66,102,418)"
586,53,1512,2,1,scaled,2,293,"(36,270,280) ; (42,112,432)"
586,883,11088,2,1,scaled,2,293,"(14,176,396) ; (16,66,504)"
587,37,2016,2,1,primitive,1,587,"(99,224,264) ; (112,160,315)"
587,47,1885,2,1,primitive,1,587,"(58,230,299) ; (65,145,377)"
587,29,1120,2,1,primitive,1,587,"(55,224,308) ; (80,91,416)"
587,229,8360,2,1,primitive,1,587,"(55,152,380) ; (65,104,418)"
587,373,13200,2,1,primitive,1,587,"(48,264,275) ; (55,132,400)"
587,31,855,2,1,primitive,1,587,"(35,210,342) ; (36,171,380)"
587,155,1584,2,1,primitive,1,587,"(11,288,288) ; (12,80,495)"
588,49,3060,2,1,scaled,3,196,"(144,204,240) ; (153,180,255)"
588,1,60,2,1,scaled,14,42,"(126,210,252) ; (140,168,280)"
588,5,288,2,1,scaled,4,147,"(112,224,252) ; (120,180,288)"
588,7,396,2,1,scaled,2,294,"(108,216,264) ; (126,154,308)"
588,7,390,3,3,primitive,1,588,"(104,220,264) ; (105,210,273) ; (120,156,312)"
588,11,540,2,1,scaled,3,196,"(84,189,315) ; (108,120,360)"
588,193,9240,2,1,primitive,1,588,"(77,231,280) ; (88,150,350)"
588,21,988,2,1,primitive,1,588,"(76,208,304) ; (91,133,364)"
588,11,468,2,1,primitive,1,588,"(63,252,273) ; (88,104,396)"
588,49,1980,2,1,scaled,6,98,"(60,198,330) ; (72,120,396)"
588,8,315,2,1,scaled,4,147,"(56,252,280) ; (60,168,360)"
588,71,2772,2,1,primitive,1,588,"(63,140,385) ; (66,126,396)"
588,7,240,2,1,scaled,4,147,"(48,180,360) ; (56,112,420)"
588,1,33,2,1,scaled,4,147,"(48,144,396) ; (60,88,440)"
588,53,1680,2,1,scaled,6,98,"(42,210,336) ; (48,120,420)"
588,7,216,2,1,scaled,6,98,"(42,168,378) ; (48,108,432)"
588,147,4510,2,1,primitive,1,588,"(40,220,328) ; (55,82,451)"
588,49,1380,2,1,primitive,1,588,"(36,207,345) ; (48,80,460)"
588,91,2508,2,1,scaled,2,294,"(38,132,418) ; (44,88,456)"
588,3,70,2,1,scaled,7,84,"(28,280,280) ; (49,49,490)"
588,1,18,2,1,scaled,7,84,"(21,189,378) ; (28,56,504)"
588,49,540,2,1,scaled,6,98,"(12,216,360) ; (18,30,540)"
589,589,30940,2,1,primitive,1,589,"(91,238,260) ; (119,130,340)"
589,145,6916,2,1,primitive,1,589,"(76,247,266) ; (95,130,364)"
589,5,228,2,1,scaled,19,31,"(76,171,342) ; (95,114,380)"
589,361,15939,2,1,primitive,1,589,"(69,198,322) ; (77,144,368)"
589,1453,55440,2,1,primitive,1,589,"(55,198,336) ; (60,144,385)"
589,887,23868,2,1,primitive,1,589,"(34,204,351) ; (39,108,442)"
589,1831,23184,2,1,primitive,1,589,"(14,207,368) ; (16,69,504)"
590,2,99,2,1,scaled,2,295,"(84,198,308) ; (110,120,360)"
590,13,630,2,1,scaled,2,295,"(78,252,260) ; (90,150,350)"
590,71,2200,2,1,scaled,5,118,"(40,275,275) ; (50,100,440)"
590,943,27720,2,1,primitive,1,590,"(40,154,396) ; (45,105,440)"
590,713,10260,2,1,primitive,1,590,"(16,270,304) ; (20,57,513)"
590,2069,29520,2,1,primitive,1,590,"(16,205,369) ; (18,80,492)"
591,9,455,2,1,primitive,1,591,"(91,175,325) ; (105,135,351)"
591,17,840,2,1,scaled,3,197,"(84,195,312) ; (105,126,360)"
591,25,924,2,1,scaled,3,197,"(66,105,420) ; (78,84,429)"
591,779,23205,2,1,primitive,1,591,"(39,195,357) ; (51,85,455)"
591,43,1140,2,1,primitive,1,591,"(33,228,330) ; (40,95,456)"
592,11,612,2,1,primitive,1,592,"(102,238,252) ; (108,187,297)"
592,193,9180,2,1,primitive,1,592,"(85,156,351) ; (108,110,374)"
592,83,3780,2,1,primitive,1,592,"(70,252,270) ; (99,108,385)"
592,11,480,2,1,scaled,8,74,"(72,160,360) ; (80,128,384)"
592,3151,132990,2,1,primitive,1,592,"(65,186,341) ; (90,99,403)"
592,1,42,2,1,primitive,1,592,"(63,207,322) ; (64,192,336)"
592,61,2520,2,1,primitive,1,592,"(60,252,280) ; (63,184,345)"
592,271,8280,2,1,primitive,1,592,"(40,207,345) ; (60,72,460)"
592,37,960,2,1,scaled,16,37,"(32,240,320) ; (48,64,480)"
592,37,520,2,1,scaled,4,148,"(16,160,416) ; (20,52,520)"
592,79,1008,2,1,scaled,2,296,"(14,272,306) ; (16,72,504)"
593,97,4160,2,1,primitive,1,593,"(64,230,299) ; (65,208,320)"
593,2099,52360,2,1,primitive,1,593,"(34,119,440) ; (40,77,476)"
594,59,3696,2,1,scaled,2,297,"(144,198,252) ; (154,176,264)"
594,3,182,2,1,scaled,2,297,"(126,234,234) ; (154,154,286)"
594,1,54,2,1,scaled,9,66,"(99,198,297) ; (108,162,324)"
594,1,44,2,1,scaled,33,18,"(66,264,264) ; (99,99,396)"
594,191,8190,2,1,primitive,1,594,"(65,207,322) ; (78,126,390)"
594,93,3400,2,1,primitive,1,594,"(50,272,272) ; (65,104,425)"
594,3,100,2,1,primitive,1,594,"(44,275,275) ; (72,72,450)"
594,1,16,2,1,scaled,3,198,"(18,288,288) ; (33,33,528)"
594,37,528,2,1,scaled,2,297,"(16,204,374) ; (22,44,528)"
595,1,51,2,1,scaled,17,35,"(85,255,255) ; (119,119,357)"
595,161,6732,2,1,primitive,1,595,"(68,153,374) ; (88,99,408)"
595,7,264,2,1,primitive,1,595,"(55,180,360) ; (78,88,429)"
595,103,2380,2,1,primitive,1,595,"(28,210,357) ; (34,85,476)"
595,11,245,2,1,scaled,7,85,"(28,147,420) ; (35,70,490)"
595,73,1540,2,1,primitive,1,595,"(25,220,350) ; (28,105,462)"
596,31,1680,2,1,scaled,2,298,"(112,154,330) ; (120,140,336)"
596,97,4620,2,1,scaled,2,298,"(84,160,352) ; (108,110,378)"
596,1633,69300,2,1,primitive,1,596,"(63,225,308) ; (66,180,350)"
596,17,672,2,1,scaled,4,149,"(56,252,288) ; (80,96,420)"
596,409,11700,2,1,scaled,2,298,"(36,260,300) ; (50,78,468)"
596,181,5060,2,1,primitive,1,596,"(35,253,308) ; (44,92,460)"
596,223,6188,2,1,primitive,1,596,"(35,221,340) ; (52,68,476)"
596,1,16,2,1,scaled,2,298,"(18,272,306) ; (20,96,480)"
597,97,4284,2,1,primitive,1,597,"(68,207,322) ; (72,168,357)"
597,199,7488,2,1,primitive,1,597,"(54,192,351) ; (64,117,416)"
597,199,5928,2,1,primitive,1,597,"(38,247,312) ; (57,72,468)"
597,95,1584,2,1,primitive,1,597,"(22,80,495) ; (33,36,528)"
598,35,1976,2,1,primitive,1,598,"(104,247,247) ; (112,182,304)"
598,13,690,2,1,scaled,23,26,"(92,230,276) ; (115,138,345)"
598,199,9690,2,1,primitive,1,598,"(85,171,342) ; (110,114,374)"
598,1,48,3,3,scaled,2,299,"(78,208,312) ; (92,138,368) ; (108,112,378)"
598,143,6120,2,1,primitive,1,598,"(63,255,280) ; (68,170,360)"
598,61,1820,2,1,primitive,1,598,"(39,195,364) ; (40,168,390)"
598,1,22,2,1,scaled,2,299,"(26,286,286) ; (46,46,506)"
598,65,1232,2,1,scaled,2,299,"(22,224,352) ; (24,112,462)"
598,31,520,2,1,scaled,2,299,"(20,136,442) ; (26,52,520)"
599,11,595,2,1,primitive,1,599,"(95,238,266) ; (119,140,340)"
599,59,2310,2,1,primitive,1,599,"(55,264,280) ; (63,140,396)"
599,409,15015,2,1,primitive,1,599,"(55,154,390) ; (65,105,429)"
599,443,14652,2,1,primitive,1,599,"(44,222,333) ; (48,144,407)"
599,733,18920,2,1,primitive,1,599,"(32,215,352) ; (40,86,473)"
599,601,7920,2,1,primitive,1,599,"(15,144,440) ; (16,88,495)"
600,223,13680,2,1,primitive,1,600,"(144,171,285) ; (152,160,288)"
600,1,60,2,1,scaled,30,20,"(120,240,240) ; (150,150,300)"
600,71,3990,2,1,scaled,3,200,"(105,210,285) ; (114,171,315)"
600,23,1260,2,1,scaled,3,200,"(105,180,315) ; (120,144,336)"
600,97,5280,2,1,scaled,2,300,"(96,240,264) ; (110,160,330)"
600,13,660,2,1,scaled,2,300,"(88,192,320) ; (90,180,330)"
600,61,3060,2,1,scaled,2,300,"(84,210,306) ; (90,170,340)"
600,31,1440,2,1,scaled,8,75,"(72,240,288) ; (80,160,360)"
600,311,11880,2,1,scaled,2,300,"(54,216,330) ; (80,88,432)"
600,3,110,2,1,scaled,5,120,"(50,275,275) ; (80,80,440)"
600,121,3780,2,1,scaled,3,200,"(42,180,378) ; (45,135,420)"
600,31,660,2,1,primitive,1,600,"(25,275,300) ; (28,110,462)"
600,49,540,2,1,scaled,3,200,"(12,210,378) ; (15,45,540)"
