18 18 1 2,8,8 3,3,12
19 20 0
20 23 1 4,8,8 5,5,10
21 26 0
22 29 0
23 32 0
24 36 0
25 39 0
26 43 1 4,10,12 5,6,15
27 47 0
28 51 0
29 55 0
30 60 0
31 64 1 4,9,18 5,6,20
32 69 1 4,14,14 5,7,20
33 74 0
34 79 1 6,14,14 7,9,18
35 84 1 5,15,15 7,7,21
36 90 1 4,16,16 6,6,24
37 95 1 2,15,20 3,4,30
38 101 1 3,14,21 4,6,28
39 107 1 7,14,18 9,9,21
40 113 1 8,16,16 10,10,20
41 119 0
42 126 1 9,15,18 10,12,20
43 132 1 4,15,24 5,8,30
44 139 0
45 146 1 3,21,21 5,5,35
46 153 0
47 160 0
48 168 0
49 175 0
50 183 0
51 191 0
52 199 1 8,20,24 10,12,30
53 207 1 3,20,30 4,7,42
54 216 1 6,24,24 9,9,36
55 224 1 7,20,28 10,10,35
56 233 1 14,21,21 16,16,24
57 242 1 6,15,36 8,9,40
58 251 1 9,14,35 10,12,36
59 260 0
60 270 1 12,24,24 15,15,30
61 279 1 5,21,35 7,9,45
62 289 1 7,20,35 8,14,40
63 299 1 6,24,33 8,11,44
64 309 1 7,15,42 9,10,45
65 319 0
66 330 1 11,22,33 12,18,36
67 340 0
68 351 1 12,28,28 14,18,36
69 362 1 14,20,35 15,18,36
70 373 1 4,22,44 5,10,55
71 384 1 5,22,44 8,8,55
72 396 1 8,32,32 12,12,48
73 407 1 5,28,40 7,10,56
74 419 1 4,30,40 6,8,60
75 431 1 9,30,36 10,20,45
76 443 1 6,28,42 8,12,56
77 455 1 7,35,35 11,11,55
78 468 1 12,30,36 15,18,45
79 480 1 14,30,35 15,24,40
80 493 1 16,32,32 20,20,40
81 506 0
82 519 1 7,30,45 8,18,56
83 532 1 7,38,38 8,19,56
84 546 1 3,27,54 4,8,72
85 559 1 4,21,60 5,10,70
86 573 1 5,21,60 8,8,70
87 587 1 7,35,45 9,15,63
88 601 1 7,39,42 10,13,65
89 615 1 4,40,45 5,12,72
90 630 1 6,42,42 10,10,70
91 644 1 3,40,48 5,6,80
92 659 1 8,40,44 11,15,66
93 674 1 9,39,45 13,15,65
94 689 1 9,40,45 10,24,60
95 704 1 5,35,55 7,11,77
96 720 1 12,42,42 15,21,60
97 735 1 7,42,48 9,16,72
98 751 1 2,36,60 3,5,90
99 767 0
100 783 1 20,40,40 25,25,50
101 799 1 3,35,63 5,6,90
102 816 1 18,42,42 21,27,54
103 832 1 10,45,48 15,16,72
104 849 1 8,48,48 13,13,78
105 866 1 15,45,45 21,21,63
106 883 1 6,40,60 8,14,84
107 900 1 5,30,72 8,9,90
108 918 1 12,48,48 18,18,72
109 935 1 9,45,55 11,21,77
110 953 1 14,40,56 20,20,70
111 971 1 6,45,60 9,12,90
112 989 1 21,35,56 24,28,60
113 1007 1 8,28,77 11,14,88
114 1026 1 4,44,66 6,9,99
115 1044 0
116 1063 1 18,28,70 20,24,72
117 1082 1 5,32,80 6,15,96
118 1101 1 8,55,55 10,20,88
119 1120 0
120 1140 1 10,55,55 16,16,88
121 1159 1 9,28,84 10,21,90
122 1179 1 5,52,65 8,10,104
123 1199 0
124 1219 1 8,40,76 10,19,95
125 1239 0
126 1260 1 9,39,78 10,26,90
127 1280 1 10,40,77 11,28,88
128 1301 1 13,52,63 14,36,78
129 1322 1 12,45,72 15,24,90
130 1343 1 9,55,66 10,30,90
131 1364 1 3,32,96 5,6,120
132 1386 1 6,42,84 7,20,105
133 1407 1 3,40,90 4,9,120
134 1429 1 20,44,70 22,35,77
135 1451 1 5,65,65 9,9,117
136 1473 1 8,32,96 11,15,110
137 1495 1 9,56,72 12,20,105
138 1518 1 10,56,72 15,18,105
139 1540 1 4,63,72 5,14,120
140 1563 1 8,44,88 10,20,110
141 1586 1 15,36,90 20,22,99
142 1609 1 10,44,88 16,16,110
143 1632 1 11,44,88 13,26,104
144 1656 1 16,64,64 24,24,96
145 1679 1 20,50,75 24,33,88
146 1703 1 10,56,80 14,20,112
147 1727 1 12,45,90 14,28,105
148 1751 1 4,40,104 5,13,130
149 1775 1 14,63,72 20,24,105
150 1800 1 18,60,72 20,40,90
151 1824 1 8,63,80 9,30,112
152 1849 1 12,56,84 16,24,112
153 1874 1 10,39,104 13,20,120
154 1899 1 14,70,70 22,22,110
155 1924 1 20,45,90 25,30,100
156 1950 1 13,52,91 16,28,112
157 1975 1 9,40,108 10,27,120
158 2001 1 10,74,74 11,37,110
159 2027 1 9,60,90 12,21,126
160 2053 1 20,70,70 25,35,100
161 2079 1 26,65,70 35,35,91
162 2106 1 18,45,99 22,30,110
163 2132 1 28,63,72 33,42,88
164 2159 1 14,60,90 16,36,112
165 2186 1 9,72,84 10,35,120
166 2213 1 14,76,76 16,38,112
167 2240 1 13,63,91 15,35,117
168 2268 1 6,54,108 8,16,144
169 2295 1 4,77,88 7,8,154
170 2323 1 8,27,135 10,16,144
171 2351 1 11,80,80 15,24,132
172 2379 1 7,25,140 10,12,150
173 2407 0
174 2436 1 14,70,90 18,30,126
175 2464 1 10,60,105 14,21,140
176 2493 1 7,65,104 8,28,140
177 2522 1 9,56,112 12,21,144
178 2551 1 8,80,90 10,24,144
179 2580 1 3,88,88 4,10,165
180 2610 1 4,80,96 5,15,160
181 2639 1 11,60,110 12,39,130
182 2669 1 6,44,132 7,21,154
183 2699 1 15,63,105 21,27,135
184 2729 1 15,65,104 16,48,120
185 2759 1 10,75,100 15,20,150
186 2790 1 11,70,105 12,42,132
187 2820 1 17,68,102 18,52,117
188 2851 1 12,72,104 13,45,130
189 2882 1 9,90,90 13,20,156
190 2913 1 10,70,110 14,22,154
191 2944 1 15,66,110 22,26,143
192 2976 1 21,45,126 27,30,135
193 3007 1 6,68,119 8,17,168
194 3039 1 4,50,140 5,14,175
195 3071 1 5,80,110 8,11,176
196 3103 1 4,72,120 6,10,180
197 3135 1 22,35,140 26,28,143
198 3168 1 6,96,96 11,11,176
199 3200 0
200 3233 1 4,70,126 5,15,180
201 3266 1 6,91,104 7,26,168
202 3299 1 6,70,126 10,12,180
203 3332 0
204 3366 1 15,63,126 16,48,140
205 3399 1 36,52,117 40,45,120
206 3433 1 10,42,154 11,30,165
207 3467 1 23,69,115 27,45,135
208 3501 1 13,65,130 16,32,160
209 3535 1 11,99,99 19,19,171
210 3570 1 12,66,132 15,30,165
211 3604 1 8,91,112 13,16,182
212 3639 1 12,80,120 16,28,168
213 3674 1 15,66,132 24,24,165
214 3709 1 10,60,144 16,18,180
215 3744 1 10,60,145 12,29,174
216 3780 1 24,96,96 36,36,144
217 3815 1 12,55,150 16,25,176
218 3851 1 8,66,144 9,33,176
219 3887 1 9,72,138 12,23,184
220 3923 1 28,72,120 35,45,140
221 3959 1 25,96,100 32,45,144
222 3996 1 12,105,105 14,40,168
223 4032 0
224 4069 1 26,55,143 35,35,154
225 4106 1 15,105,105 25,25,175
226 4143 1 16,56,154 22,28,176
227 4180 1 44,84,99 45,77,105
228 4218 1 8,88,132 12,18,198
229 4255 1 8,65,156 10,24,195
230 4293 1 21,44,165 22,40,168
231 4331 1 21,105,105 33,33,165
232 4369 1 36,56,140 40,48,144
233 4407 1 9,48,176 11,24,198
234 4446 1 3,66,165 4,10,220
235 4484 0
236 4523 1 16,110,110 20,40,176
237 4562 1 7,69,161 9,21,207
238 4601 1 7,105,126 10,18,210
239 4640 1 9,69,161 14,18,207
240 4680 1 18,90,132 20,55,165
241 4719 1 11,65,165 13,33,195
242 4759 1 18,56,168 20,42,180
243 4799 0
244 4839 1 10,104,130 16,20,208
245 4879 1 5,80,160 7,14,224
246 4920 1 21,90,135 24,54,168
247 4960 1 12,75,160 15,32,200
248 5001 1 3,65,180 4,10,234
249 5042 1 21,114,114 24,57,168
250 5083 1 42,88,120 55,55,140
251 5124 0
252 5166 1 9,108,135 10,44,198
253 5207 1 8,105,140 10,27,216
254 5249 1 7,114,133 12,14,228
255 5291 1 12,63,180 15,30,210
256 5333 1 8,104,144 9,39,208
257 5375 1 7,75,175 11,15,231
258 5418 1 15,108,135 16,66,176
259 5460 1 16,39,204 17,34,208
260 5503 1 4,64,192 5,15,240
261 5546 1 14,114,133 19,33,209
262 5589 1 6,64,192 10,12,240
263 5632 1 10,46,207 15,18,230
264 5676 1 12,84,168 14,40,210
265 5719 1 9,112,144 10,45,210
266 5763 1 6,80,180 8,18,240
267 5807 1 9,126,132 11,32,224
268 5851 1 7,58,203 8,28,232
269 5895 1 9,117,143 13,22,234
270 5940 1 10,110,150 14,25,231
271 5984 1 5,126,140 9,10,252
272 6029 1 16,64,192 17,51,204
273 6074 1 7,133,133 13,13,247
274 6119 1 18,112,144 24,40,210
275 6164 1 35,100,140 50,50,175
276 6210 1 20,112,144 30,36,210
277 6255 1 27,90,160 32,56,189
278 6301 1 5,63,210 6,20,252
279 6347 1 15,96,168 20,35,224
280 6393 1 16,88,176 20,40,220
281 6439 1 20,105,156 21,78,182
282 6486 1 27,120,135 30,72,180
283 6532 1 10,130,143 11,52,220
284 6579 1 20,88,176 32,32,220
285 6626 1 15,90,180 19,38,228
286 6673 1 20,76,190 22,55,209
287 6720 1 40,104,143 44,78,165
288 6768 1 36,126,126 45,63,180
289 6815 1 9,72,208 10,39,240
290 6863 1 15,80,195 24,26,240
291 6911 1 16,75,200 18,48,225
292 6959 1 20,112,160 28,40,224
293 7007 1 7,88,198 8,33,252
294 7056 1 6,108,180 9,15,270
295 7104 1 39,126,130 45,75,175
296 7153 1 7,136,153 8,36,252
297 7202 1 8,102,187 11,22,264
298 7251 1 9,136,153 10,48,240
299 7300 1 11,112,176 12,56,231
300 7350 1 27,108,165 40,44,216
301 7399 1 14,77,210 15,55,231
302 7449 1 8,112,182 13,17,272
303 7499 1 9,105,189 15,18,270
304 7549 1 12,110,182 13,60,231
305 7599 1 15,95,195 19,39,247
306 7650 1 20,78,208 26,40,240
307 7700 0
308 7751 1 8,100,200 11,22,275
309 7802 1 15,84,210 20,34,255
310 7853 1 35,100,175 40,70,200
311 7904 1 11,80,220 17,22,272
312 7956 1 15,117,180 26,26,260
313 8007 1 7,126,180 9,24,280
314 8059 1 10,120,184 15,23,276
315 8111 1 25,65,225 27,54,234
316 8163 1 16,30,270 17,27,272
317 8215 1 18,92,207 23,42,252
318 8268 1 10,42,266 14,19,285
319 8320 1 30,85,204 33,66,220
320 8373 1 25,100,195 26,84,210
321 8426 1 15,90,216 24,27,270
322 8479 1 33,136,153 36,88,198
323 8532 1 23,120,180 24,92,207
324 8586 1 35,136,153 42,72,210
325 8639 1 36,85,204 50,50,225
326 8693 1 11,117,198 18,22,286
327 8747 1 3,135,189 5,7,315
328 8801 1 13,55,260 20,22,286
329 8855 0
330 8910 1 18,144,168 20,70,240
331 8964 1 42,85,204 44,77,210
332 9019 1 28,152,152 32,76,224
333 9074 1 23,80,230 24,69,240
334 9129 1 26,126,182 30,70,234
335 9184 1 36,99,200 40,75,220
336 9240 1 12,108,216 16,32,288
337 9295 1 14,85,238 17,40,280
338 9351 1 8,154,176 14,16,308
339 9407 1 24,84,231 33,42,264
340 9463 1 16,54,270 20,32,288
341 9519 1 16,65,260 17,52,272
342 9576 1 12,84,246 14,41,287
343 9632 1 7,84,252 10,18,315
344 9689 1 14,50,280 20,24,300
345 9746 1 7,65,273 9,21,315
346 9803 1 21,150,175 22,99,225
347 9860 1 9,65,273 14,18,315
348 9918 1 24,108,216 29,58,261
349 9975 1 26,143,180 40,45,264
350 10033 1 14,168,168 25,25,300
351 10091 1 15,96,240 18,45,288
352 10149 1 14,130,208 16,56,280
353 10207 1 11,132,210 15,30,308
354 10266 1 9,165,180 11,35,308
355 10324 1 12,168,175 15,40,300
356 10383 1 16,153,187 18,66,272
357 10442 1 17,153,187 27,33,297
358 10501 1 6,176,176 8,20,330
359 10560 1 7,112,240 8,36,315
360 10620 1 8,160,192 10,30,320
361 10679 1 4,85,272 5,16,340
362 10739 1 19,98,245 20,76,266
363 10799 1 27,84,252 30,63,270
364 10859 1 12,88,264 14,42,308
365 10919 1 24,110,231 30,55,280
366 10980 1 15,135,216 16,80,270
367 11040 1 6,57,304 7,24,336
368 11101 1 18,50,300 25,28,315
369 11162 1 6,99,264 8,19,342
370 11223 1 9,95,266 10,45,315
371 11284 1 7,84,280 8,33,330
372 11346 1 22,140,210 24,84,264
373 11407 1 9,112,252 10,48,315
374 11469 1 6,108,260 10,13,351
375 11531 1 7,32,336 11,12,352
376 11593 1 15,133,228 16,80,280
377 11655 1 13,182,182 14,77,286
378 11718 1 8,74,296 9,36,333
379 11780 1 5,119,255 7,15,357
380 11843 1 5,150,225 8,12,360
381 11906 1 18,165,198 20,76,285
382 11969 1 14,161,207 18,42,322
383 12032 1 7,168,208 8,39,336
384 12096 1 20,154,210 33,36,315
385 12159 1 10,75,300 11,44,330
386 12223 1 11,165,210 12,66,308
387 12287 1 10,145,232 15,24,348
388 12351 1 8,100,280 10,28,350
389 12415 1 14,100,275 15,66,308
390 12480 1 10,95,285 12,36,342
391 12544 1 16,105,270 27,28,336
392 12609 1 7,77,308 8,32,352
393 12674 1 9,96,288 15,18,360
394 12739 1 9,105,280 14,20,360
395 12804 1 21,99,275 25,55,315
396 12870 1 11,77,308 12,48,336
397 12935 1 6,187,204 11,12,374
398 13001 1 20,126,252 33,35,330
399 13067 1 9,120,270 12,27,360
400 13133 1 8,140,252 10,30,360
401 13199 1 16,154,231 21,44,336
402 13266 1 12,182,208 14,52,336
403 13332 1 12,160,231 16,35,352
404 13399 1 12,140,252 20,24,360
405 13466 1 21,150,234 25,65,315
406 13533 1 63,147,196 68,117,221
407 13600 1 22,165,220 33,44,330
408 13668 1 24,160,224 30,63,315
409 13735 1 13,84,312 21,24,364
410 13803 1 14,144,252 15,80,315
411 13871 1 24,75,312 26,60,325
412 13939 1 7,195,210 8,40,364
413 14007 1 23,138,252 28,63,322
414 14076 1 23,92,299 24,78,312
415 14144 1 16,63,336 20,35,360
416 14213 1 11,150,255 17,25,374
417 14282 1 12,189,216 15,42,360
418 14351 1 22,198,198 38,38,342
419 14420 1 14,195,210 20,35,364
420 14490 1 15,135,270 20,40,360
421 14559 1 16,85,320 17,64,340
422 14629 1 14,136,272 17,48,357
423 14699 1 20,88,315 21,72,330
424 14769 1 24,160,240 32,56,336
425 14839 1 9,176,240 10,55,360
426 14910 1 21,54,351 26,36,364
427 14980 1 21,154,252 22,108,297
428 15051 1 20,120,288 32,36,360
429 15122 1 9,105,315 11,33,385
430 15193 1 20,120,290 24,58,348
431 15264 1 32,189,210 35,108,288
432 15336 1 18,207,207 32,32,368
433 15407 1 17,144,272 19,72,342
434 15479 1 9,200,225 16,18,400
435 15551 1 35,175,225 45,75,315
436 15623 1 16,132,288 18,66,352
437 15695 1 45,176,216 60,80,297
438 15768 1 14,160,264 21,32,385
439 15840 1 34,120,285 40,76,323
440 15913 1 35,195,210 50,65,325
441 15986 1 6,87,348 7,28,406
442 16059 1 35,99,308 40,72,330
443 16132 1 15,168,260 16,91,336
444 16206 1 12,120,312 15,39,390
445 16279 1 20,200,225 25,60,360
446 16353 1 4,156,286 6,11,429
447 16427 1 15,168,264 20,42,385
448 16501 1 43,147,258 49,98,301
449 16575 1 12,65,372 15,31,403
450 16650 1 30,210,210 50,50,350
451 16724 1 26,119,306 36,51,364
452 16799 1 32,112,308 44,56,352
453 16874 1 9,156,288 13,24,416
454 16949 1 20,49,385 22,40,392
455 17024 1 20,115,320 23,64,368
456 17100 1 15,126,315 16,80,360
457 17175 1 22,160,275 25,80,352
458 17251 1 7,164,287 8,40,410
459 17327 1 9,225,225 17,17,425
460 17403 1 42,88,330 44,80,336
461 17479 1 55,175,231 77,84,300
462 17556 1 42,210,210 66,66,330
463 17632 1 15,133,315 19,45,399
464 17709 1 16,224,224 29,29,406
465 17786 1 14,164,287 20,35,410
466 17863 1 18,168,280 19,105,342
467 17940 1 19,168,280 30,38,399
468 18018 1 6,132,330 8,20,440
469 18095 1 24,160,285 32,57,380
470 18173 1 8,132,330 15,15,440
471 18251 1 12,144,315 16,35,420
472 18329 1 32,220,220 40,80,352
473 18407 1 8,153,312 13,18,442
474 18486 1 14,138,322 18,42,414
475 18564 1 15,220,240 16,99,360
476 18643 1 16,92,368 17,68,391
477 18722 1 15,154,308 22,35,420
478 18801 1 18,138,322 28,36,414
479 18880 1 11,88,380 19,20,440
480 18960 1 36,180,264 40,110,330
481 19039 1 6,171,304 9,16,456
482 19119 1 12,180,290 18,29,435
483 19199 1 28,77,378 33,54,396
484 19279 1 22,187,275 25,85,374
485 19359 1 12,129,344 15,40,430
486 19440 1 38,220,228 45,99,342
487 19520 1 18,84,385 22,45,420
488 19601 1 16,208,264 26,33,429
489 19682 1 45,165,279 55,93,341
490 19763 1 7,161,322 10,20,460
491 19844 1 91,140,260 95,130,266
492 19926 1 42,180,270 48,108,336
493 20007 1 9,187,297 17,17,459
494 20089 1 13,91,390 14,60,420
495 20171 1 27,216,252 30,105,360
496 20253 1 6,130,360 8,20,468
497 20335 1 13,55,429 21,21,455
498 20418 1 8,130,360 15,15,468
499 20500 1 13,135,351 15,55,429
500 20583 1 36,104,360 45,65,390
501 20666 1 20,117,364 21,90,390
502 20749 1 60,182,260 70,117,315
503 20832 1 39,203,261 63,63,377
504 20916 1 18,216,270 20,88,396
505 20999 1 15,175,315 25,30,450
506 21083 1 16,210,280 20,54,432
507 21167 1 12,231,264 21,24,462
508 21251 1 15,221,272 16,102,390
509 21335 1 14,210,285 15,95,399
510 21420 1 24,81,405 30,48,432
511 21504 1 14,77,420 15,56,440
512 21589 1 16,208,288 18,78,416
513 21674 1 18,99,396 19,76,418
514 21759 1 14,150,350 22,30,462
515 21844 1 9,92,414 10,45,460
516 21930 1 22,65,429 24,52,440
517 22015 1 10,195,312 11,66,440
518 22101 1 20,150,348 25,58,435
519 22187 1 35,220,264 36,168,315
520 22273 1 8,128,384 10,30,480
521 22359 1 26,198,297 27,143,351
522 22446 1 28,228,266 38,66,418
523 22532 1 7,96,420 8,35,480
524 22619 1 14,170,340 17,52,455
525 22706 1 30,180,315 42,63,420
526 22793 1 19,165,342 20,110,396
527 22880 1 14,135,378 15,80,432
528 22968 1 18,90,420 21,52,455
529 23055 1 34,187,308 35,154,340
530 23143 1 18,224,288 20,90,420
531 23231 1 19,170,342 27,45,459
532 23319 1 4,120,408 5,17,510
533 23407 1 21,98,414 23,69,441
534 23496 1 18,252,264 22,64,448
535 23584 1 25,160,350 28,91,416
536 23673 1 14,116,406 16,56,464
537 23762 1 8,207,322 12,21,504
538 23851 1 9,230,299 10,60,468
539 23940 1 7,168,364 9,26,504
540 24030 1 11,115,414 15,30,495
541 24119 1 12,138,391 14,51,476
542 24209 1 10,266,266 13,35,494
543 24299 1 3,144,396 4,11,528
544 24389 1 32,128,384 34,102,408
545 24479 1 35,153,357 45,75,425
546 24570 1 14,70,462 18,33,495
547 24660 1 11,96,440 12,55,480
548 24751 1 26,145,377 35,58,455
549 24842 1 20,230,299 27,54,468
550 24933 1 21,207,322 22,132,396
551 25024 1 12,231,308 22,23,506
552 25116 1 40,192,320 45,117,390
553 25207 1 26,124,403 28,91,434
554 25299 1 26,208,320 35,64,455
555 25391 1 9,234,312 15,20,520
556 25483 1 10,126,420 12,40,504
557 25575 0
558 25668 1 8,200,350 12,21,525
559 25760 1 9,100,450 14,20,525
560 25853 1 32,112,416 40,65,455
561 25946 1 21,252,288 32,46,483
562 26039 1 33,230,299 36,130,396
563 26132 1 28,95,440 30,77,456
564 26226 1 18,150,396 25,44,495
565 26319 1 33,266,266 36,133,396
566 26413 1 20,260,286 22,104,440
567 26507 1 35,154,378 36,135,396
568 26601 1 24,208,336 39,46,483
569 26695 1 44,185,340 51,111,407
570 26790 1 10,280,280 19,19,532
571 26884 1 13,248,310 20,31,520
572 26979 1 11,99,462 12,56,504
573 27074 1 44,253,276 45,198,330
574 27169 1 19,156,399 24,56,494
575 27264 1 35,260,280 44,91,440
576 27360 1 69,195,312 70,184,322
577 27455 1 10,216,351 12,45,520
578 27551 1 18,144,416 20,78,480
579 27647 1 7,104,468 9,24,546
580 27743 1 30,160,390 48,52,480
581 27839 1 45,144,392 49,112,420
582 27936 1 12,150,420 15,42,525
583 28032 1 5,238,340 7,16,560
584 28129 1 48,176,360 55,115,414
585 28226 1 15,240,330 24,33,528
586 28323 1 14,176,396 16,66,504
587 28420 1 11,288,288 12,80,495
588 28518 1 12,216,360 18,30,540
589 28615 1 14,207,368 16,69,504
590 28713 1 16,205,369 18,80,492
591 28811 1 33,228,330 40,95,456
592 28909 1 14,272,306 16,72,504
593 29007 1 34,119,440 40,77,476
594 29106 1 16,204,374 22,44,528
595 29204 1 25,220,350 28,105,462
596 29303 1 18,272,306 20,96,480
597 29402 1 22,80,495 33,36,528
598 29501 1 22,224,352 24,112,462
599 29600 1 15,144,440 16,88,495
600 29700 1 12,210,378 15,45,540
601 29799 1 13,280,308 15,66,520
602 29899 1 28,154,420 30,110,462
603 29999 1 11,185,407 15,33,555
604 30099 1 16,208,380 19,65,520
605 30199 1 11,297,297 17,27,561
606 30300 1 18,210,378 30,36,540
607 30400 1 25,225,357 34,63,510
608 30501 1 24,220,364 26,120,462
609 30602 1 14,210,385 15,99,495
610 30703 1 30,190,390 38,78,494
611 30804 1 26,130,455 35,56,520
612 30906 1 45,189,378 48,144,420
613 31007 1 35,238,340 46,84,483
614 31109 1 20,220,374 23,85,506
615 31211 1 20,210,385 21,132,462
616 31313 1 16,208,392 21,49,546
617 31415 1 22,133,462 28,57,532
618 31518 1 9,105,504 10,48,560
619 31620 1 21,234,364 24,91,504
620 31723 1 25,195,400 26,144,450
621 31826 1 69,207,345 81,135,405
622 31929 1 22,160,440 34,44,544
623 32032 1 28,280,315 35,84,504
624 32136 1 39,195,390 48,96,480
625 32239 1 16,105,504 20,45,560
626 32343 1 14,252,360 18,48,560
627 32447 1 39,120,468 44,88,495
628 32551 1 23,77,528 28,48,552
629 32655 1 17,204,408 24,44,561
630 32760 1 5,125,500 6,24,600
631 32864 1 70,119,442 85,91,455
632 32969 1 27,297,308 32,96,504
633 33074 1 31,168,434 36,93,504
634 33179 1 10,312,312 13,36,585
635 33284 1 19,266,350 20,140,475
636 33390 1 20,84,532 28,38,570
637 33495 1 7,112,518 8,37,592
638 33601 1 60,170,408 66,132,440
639 33707 1 45,198,396 72,72,495
640 33813 1 24,112,504 35,45,560
641 33919 1 20,225,396 25,66,550
642 34026 1 30,180,432 48,54,540
643 34132 1 28,160,455 32,91,520
644 34239 1 39,66,539 49,49,546
645 34346 1 18,132,495 20,75,550
646 34453 1 19,228,399 21,100,525
647 34560 1 22,130,495 36,39,572
648 34668 1 18,78,552 23,40,585
649 34775 1 55,264,330 69,120,460
650 34883 1 25,125,500 26,104,520
651 34991 1 24,75,552 30,46,575
652 35099 1 22,135,495 24,88,540
653 35207 1 5,216,432 7,16,630
654 35316 1 6,270,378 10,14,630
655 35424 1 15,220,420 17,77,561
656 35533 1 26,110,520 40,44,572
657 35642 1 17,192,448 30,32,595
658 35751 1 7,266,385 10,21,627
659 35860 1 13,152,494 19,32,608
660 35970 1 30,210,420 35,100,525
661 36079 1 15,286,360 16,117,528
662 36189 1 11,310,341 20,22,620
663 36299 1 13,195,455 15,63,585
664 36409 1 26,209,429 39,55,570
665 36519 1 15,200,450 20,45,600
666 36630 1 18,135,513 20,76,570
667 36740 1 19,306,342 30,42,595
668 36851 1 52,198,418 57,143,468
669 36962 1 25,189,455 27,117,525
670 37073 1 20,75,575 24,46,600
671 37184 1 11,143,517 13,47,611
672 37296 1 24,216,432 32,64,576
673 37407 1 6,184,483 8,21,644
674 37519 1 28,170,476 34,80,560
675 37631 1 25,325,325 45,45,585
676 37743 1 13,247,416 16,52,608
677 37855 1 33,72,572 40,52,585
678 37968 1 27,273,378 28,182,468
679 38080 1 34,255,390 39,120,520
680 38193 1 32,108,540 40,64,576
681 38306 1 18,168,495 30,35,616
682 38419 1 10,112,560 11,55,616
683 38532 1 7,312,364 8,45,630
684 38646 1 19,190,475 24,60,600
685 38759 1 9,91,585 10,45,630
686 38873 1 14,168,504 20,36,630
687 38987 1 24,195,468 30,72,585
688 39101 1 28,100,560 40,48,600
689 39215 1 23,252,414 24,161,504
690 39330 1 14,130,546 18,42,630
691 39444 1 26,280,385 28,143,520
692 39559 1 42,300,350 44,198,450
693 39674 1 11,341,341 21,21,651
694 39789 1 18,91,585 24,40,630
695 39904 1 5,210,480 7,16,672
696 40020 1 20,91,585 30,36,630
697 40135 1 22,315,360 23,168,506
698 40251 1 22,338,338 23,169,506
699 40367 1 27,144,528 33,72,594
700 40483 1 44,176,480 45,160,495
701 40599 1 98,201,402 126,134,441
702 40716 1 9,198,495 12,30,660
703 40832 1 14,325,364 25,28,650
704 40949 1 28,260,416 32,112,560
705 41066 1 21,180,504 35,40,630
706 41183 1 16,130,560 20,49,637
707 41300 1 21,245,441 35,42,630
708 41418 1 18,330,360 22,70,616
709 41535 1 27,297,385 33,91,585
710 41653 1 24,336,350 30,80,600
711 41771 1 21,207,483 27,63,621
712 41889 1 12,156,544 17,32,663
713 42007 1 23,230,460 31,62,620
714 42126 1 12,234,468 17,34,663
715 42244 1 33,154,528 35,120,560
716 42363 1 12,352,352 16,40,660
717 42482 1 27,207,483 42,54,621
718 42601 1 14,224,480 16,72,630
719 42720 1 30,264,425 33,136,550
720 42840 1 16,320,384 20,60,640
721 42959 1 7,153,561 11,17,693
722 43079 1 7,55,660 9,20,693
723 43199 1 23,210,490 24,147,552
724 43319 1 38,196,490 40,152,532
725 43439 1 18,252,455 21,80,624
726 43560 1 21,245,460 23,115,588
727 43680 1 7,200,520 13,14,700
728 43801 1 16,144,568 18,71,639
729 43922 1 7,209,513 9,27,693
730 44043 1 15,240,475 16,114,600
731 44164 1 26,315,390 45,49,637
732 44286 1 30,270,432 32,160,540
733 44407 1 19,342,372 20,155,558
734 44529 1 12,114,608 14,48,672
735 44651 1 15,240,480 21,42,672
736 44773 1 36,100,600 50,56,630
737 44895 1 15,170,552 23,34,680
738 45018 1 12,198,528 16,38,684
739 45140 1 34,255,450 35,200,504
740 45263 1 18,190,532 20,90,630
741 45386 1 9,120,612 10,51,680
742 45509 1 14,168,560 16,66,660
743 45632 1 17,165,561 21,57,665
744 45756 1 9,195,540 12,30,702
745 45879 1 48,297,400 55,150,540
746 46003 1 18,224,504 20,96,630
747 46127 1 25,247,475 27,135,585
748 46251 1 12,216,520 20,26,702
749 46375 1 8,342,399 9,56,684
750 46500 1 14,64,672 22,24,704
751 46624 1 7,240,504 10,21,720
752 46749 1 20,180,552 23,81,648
753 46874 1 27,348,378 28,203,522
754 46999 1 25,225,504 28,110,616
755 47124 1 19,128,608 20,95,640
756 47250 1 16,148,592 18,72,666
757 47375 1 7,350,400 9,28,720
758 47501 1 8,330,420 9,56,693
759 47627 1 24,315,420 30,81,648
760 47753 1 10,300,450 16,24,720
761 47879 1 9,136,616 11,36,714
762 48006 1 21,312,429 22,168,572
763 48132 1 56,231,476 66,136,561
764 48259 1 28,322,414 36,84,644
765 48386 1 15,150,600 17,68,680
766 48513 1 14,336,416 16,78,672
767 48640 1 26,117,624 32,63,672
768 48768 1 24,312,432 27,117,624
769 48895 1 32,352,385 40,99,630
770 49023 1 20,150,600 22,88,660
771 49151 1 21,225,525 33,45,693
772 49279 1 4,336,432 7,9,756
773 49407 1 21,329,423 33,47,693
774 49536 1 20,290,464 30,48,696
775 49664 1 20,195,560 21,130,624
776 49793 1 16,200,560 20,56,700
777 49922 1 12,315,450 14,63,700
778 50051 1 28,200,550 30,132,616
779 50180 1 51,273,455 65,119,595
780 50310 1 12,192,576 15,45,720
781 50439 1 25,126,630 26,105,650
782 50569 1 35,252,495 40,126,616
783 50699 1 42,342,399 57,99,627
784 50829 1 14,154,616 16,64,704
785 50959 1 15,180,590 18,59,708
786 51090 1 16,140,630 21,45,720
787 51220 1 22,297,468 33,52,702
788 51351 1 18,210,560 28,40,720
789 51482 1 12,231,546 14,60,715
790 51613 1 6,385,399 8,22,760
791 51744 1 23,368,400 26,115,650
792 51876 1 22,154,616 24,96,672
793 52007 1 18,175,600 21,72,700
794 52139 1 12,374,408 22,24,748
795 52271 1 16,95,684 18,57,720
796 52403 1 16,304,476 17,133,646
797 52535 1 15,390,392 20,49,728
798 52668 1 18,240,540 24,54,720
799 52800 1 44,315,440 70,81,648
800 52933 1 16,280,504 20,60,720
801 53066 1 17,308,476 21,66,714
802 53199 1 21,165,616 22,120,660
803 53332 1 26,378,399 38,63,702
804 53466 1 21,174,609 24,84,696
805 53599 1 23,368,414 40,45,720
806 53733 1 24,320,462 32,70,704
807 53867 1 27,351,429 39,66,702
808 54001 1 24,280,504 40,48,720
809 54135 1 14,270,525 25,28,756
810 54270 1 30,330,450 42,75,693
811 54404 1 5,156,650 6,25,780
812 54539 1 29,319,464 44,64,704
813 54674 1 22,175,616 25,88,700
814 54809 1 30,350,434 31,225,558
815 54944 1 33,210,572 50,65,700
816 55080 1 34,340,442 36,195,585
817 55215 1 76,247,494 86,172,559
818 55351 1 26,168,624 42,48,728
819 55487 1 7,203,609 9,27,783
820 55623 1 28,288,504 30,160,630
821 55759 1 51,374,396 76,99,646
822 55896 1 48,150,624 52,120,650
823 56032 1 18,385,420 20,110,693
824 56169 1 14,390,420 16,80,728
825 56306 1 45,360,420 50,175,600
826 56443 1 46,276,504 56,126,644
827 56580 1 72,315,440 77,225,525
828 56718 1 12,408,408 23,23,782
829 56855 1 10,234,585 13,36,780
830 56993 1 32,126,672 40,70,720
831 57131 1 14,301,516 21,36,774
832 57269 1 22,300,510 34,50,748
833 57407 1 63,385,385 65,273,495
834 57546 1 15,189,630 18,60,756
835 57684 1 18,323,494 19,153,663
836 57823 1 57,133,646 68,96,672
837 57962 1 31,310,496 45,72,720
838 58101 1 19,135,684 24,54,760
839 58240 1 11,308,520 13,56,770
840 58380 1 30,270,540 40,80,720
841 58519 1 91,175,575 105,138,598
842 58659 1 32,170,640 34,128,680
843 58799 1 10,63,770 11,40,792
844 58939 1 28,272,544 34,96,714
845 59079 1 30,155,660 31,132,682
846 59220 1 14,76,756 21,27,798
847 59360 1 63,196,588 70,147,630
848 59501 1 15,273,560 20,48,780
849 59642 1 13,264,572 18,39,792
850 59783 1 18,352,480 20,110,720
851 59924 1 10,203,638 11,70,770
852 60066 1 19,323,510 24,68,760
853 60207 1 52,351,450 78,100,675
854 60349 1 7,154,693 9,26,819
855 60491 1 39,255,561 55,85,715
856 60633 1 15,261,580 16,120,720
857 60775 1 16,116,725 25,32,800
858 60918 1 18,210,630 22,66,770
859 61060 1 12,385,462 14,65,780
860 61203 1 28,304,528 30,165,665
861 61346 1 14,77,770 20,29,812
862 61489 1 25,279,558 26,186,650
863 61632 1 16,252,595 17,126,720
864 61776 1 36,414,414 64,64,736
865 61919 1 88,315,462 90,280,495
866 62063 1 12,210,644 15,46,805
867 62207 1 26,174,667 27,138,702
868 62351 1 8,200,660 10,33,825
869 62495 1 36,315,518 37,240,592
870 62640 1 30,280,560 33,144,693
871 62784 1 19,168,684 21,90,760
872 62929 1 16,136,720 17,90,765
873 63074 1 32,203,638 33,168,672
874 63219 1 33,174,667 46,69,759
875 63364 1 28,77,770 30,65,780
876 63510 1 35,261,580 36,210,630
877 63655 1 19,418,440 22,95,760
878 63801 1 4,190,684 5,18,855
879 63947 1 21,264,594 24,99,756
880 64093 1 35,325,520 40,140,700
881 64239 1 13,273,595 17,45,819
882 64386 1 11,134,737 12,66,804
883 64532 1 22,168,693 28,63,792
884 64679 1 70,198,616 80,144,660
885 64826 1 44,203,638 48,144,693
886 64973 1 30,336,520 32,182,672
887 65120 1 36,185,666 42,105,740
888 65268 1 21,408,459 24,108,756
889 65415 1 14,420,455 18,52,819
890 65563 1 23,315,552 40,45,805
891 65711 1 24,306,561 33,66,792
892 65859 1 8,312,572 12,22,858
893 66007 1 18,315,560 26,48,819
894 66156 1 27,408,459 30,144,720
895 66304 1 15,440,440 20,50,825
896 66453 1 21,225,650 35,42,819
897 66602 1 23,207,667 27,87,783
898 66751 1 23,300,575 24,184,690
899 66900 1 29,174,696 31,124,744
900 67050 1 20,400,480 25,75,800
901 67199 1 26,175,700 30,91,780
902 67349 1 28,230,644 35,85,782
903 67499 1 10,188,705 12,45,846
904 67649 1 13,99,792 22,24,858
905 67799 1 15,170,720 17,72,816
906 67950 1 10,320,576 15,27,864
907 68100 1 32,75,800 40,51,816
908 68251 1 28,264,616 33,105,770
909 68402 1 12,429,468 13,104,792
910 68553 1 25,225,660 30,88,792
911 68704 1 29,261,621 36,92,783
912 68856 1 21,351,540 28,65,819
913 69007 1 13,325,575 17,46,850
914 69159 1 24,440,450 44,45,825
915 69311 1 24,396,495 40,50,825
916 69463 1 14,328,574 16,80,820
917 69615 1 20,325,572 26,66,825
918 69768 1 18,450,450 34,34,850
919 69920 1 9,442,468 17,18,884
920 70073 1 65,360,495 70,234,616
921 70226 1 15,378,528 16,135,770
922 70379 1 38,200,684 55,75,792
923 70532 1 10,220,693 11,72,840
924 70686 1 24,300,600 33,66,825
925 70839 1 45,187,693 55,105,765
926 70993 1 16,336,574 24,41,861
927 71147 1 45,252,630 60,102,765
928 71301 1 32,448,448 58,58,812
929 71455 1 35,390,504 45,104,780
930 71610 1 33,325,572 35,195,700
931 71764 1 19,171,741 21,91,819
932 71919 1 36,336,560 38,210,684
933 72074 1 23,450,460 30,75,828
934 72229 1 38,336,560 60,76,798
935 72384 1 25,385,525 33,77,825
936 72540 1 12,264,660 16,40,880
937 72695 1 34,408,495 40,132,765
938 72851 1 13,444,481 24,26,888
939 73007 1 8,147,784 9,48,882
940 73163 1 16,264,660 30,30,880
941 73319 1 45,320,576 65,96,780
942 73476 1 24,255,663 26,136,780
943 73632 1 19,399,525 25,63,855
944 73789 1 59,236,649 64,176,704
945 73946 1 9,144,792 10,55,880
946 74103 1 16,306,624 26,36,884
947 74260 1 35,147,765 51,63,833
948 74418 1 13,220,715 16,52,880
949 74575 1 52,377,520 58,195,696
950 74733 1 30,440,480 32,198,720
951 74891 1 26,370,555 27,222,702
952 75049 1 27,385,540 28,231,693
953 75207 1 17,286,650 25,44,884
954 75366 1 30,126,798 42,57,855
955 75524 1 75,330,550 88,187,680
956 75683 1 36,276,644 56,72,828
957 75842 1 26,399,532 27,228,702
958 76001 1 22,144,792 33,45,880
959 76160 1 63,392,504 84,140,735
960 76320 1 40,220,700 63,72,825
961 76479 1 16,297,648 22,48,891
962 76639 1 12,342,608 18,32,912
963 76799 1 45,270,648 72,81,810
964 76959 1 16,240,708 20,59,885
965 77119 1 21,413,531 35,45,885
966 77280 1 56,154,756 66,108,792
967 77440 1 6,279,682 7,36,924
968 77601 1 11,385,572 14,44,910
969 77762 1 51,442,476 70,119,780
970 77923 1 9,186,775 10,60,900
971 78084 1 10,341,620 11,80,880
972 78246 1 54,297,621 88,92,792
973 78407 1 28,441,504 35,98,840
974 78569 1 36,168,770 44,90,840
975 78731 1 14,310,651 15,120,840
976 78893 1 15,403,558 21,45,910
977 79055 1 18,455,504 20,117,840
978 79218 1 35,133,810 42,81,855
979 79380 1 44,143,792 48,112,819
980 79543 1 14,322,644 20,40,920
981 79706 1 11,255,715 12,85,884
982 79869 1 21,279,682 22,168,792
983 80032 1 22,403,558 26,99,858
984 80196 1 39,165,780 60,66,858
985 80359 1 24,186,775 40,45,900
986 80523 1 18,374,594 34,34,918
987 80687 1 15,270,702 26,31,930
988 80851 1 23,459,506 24,216,748
989 81015 1 23,483,483 28,93,868
990 81180 1 21,304,665 38,40,912
991 81344 1 19,345,627 22,95,874
992 81509 1 12,260,720 16,40,936
993 81674 1 13,252,728 18,39,936
994 81839 1 22,462,510 25,119,850
995 82004 1 26,150,819 35,60,900
996 82170 1 16,260,720 30,30,936
997 82335 1 36,341,620 40,165,792
998 82501 1 26,270,702 30,110,858
999 82667 1 18,180,801 20,89,890
1000 82833 1 20,350,630 25,75,900
1001 82999 1 11,198,792 13,52,936
1002 83166 1 40,234,728 42,180,780
1003 83332 1 25,378,600 28,135,840
1004 83499 1 18,232,754 29,39,936
1005 83666 1 15,220,770 18,63,924
1006 83833 1 40,126,840 45,93,868
1007 84000 1 17,72,918 27,28,952
1008 84168 1 27,441,540 28,245,735
1009 84335 1 45,482,482 48,241,720
1010 84503 1 30,350,630 50,60,900
1011 84671 1 36,450,525 50,93,868
1012 84839 1 32,420,560 40,108,864
1013 85007 1 12,273,728 14,63,936
1014 85176 1 13,182,819 14,90,910
1015 85344 1 63,357,595 75,175,765
1016 85513 1 22,70,924 27,44,945
1017 85682 1 25,392,600 44,49,924
1018 85851 1 28,420,570 30,190,798
1019 86020 1 19,240,760 20,144,855
1020 86190 1 20,350,650 21,180,819
1021 86359 1 42,385,594 45,220,756
1022 86529 1 28,154,840 30,112,880
1023 86699 1 48,195,780 51,156,816
1024 86869 1 32,416,576 36,156,832
1025 87039 1 77,420,528 80,315,630
1026 87210 1 36,198,792 38,152,836
1027 87380 1 15,187,825 17,75,935
1028 87551 1 28,300,700 44,60,924
1029 87722 1 14,420,595 15,130,884
1030 87893 1 18,184,828 20,90,920
1031 88064 1 43,344,644 56,115,860
1032 88236 1 32,264,736 33,207,792
1033 88407 1 19,102,912 32,32,969
1034 88579 1 20,390,624 22,132,880
1035 88751 1 21,195,819 27,63,945
1036 88923 1 7,441,588 12,16,1008
1037 89095 1 22,190,825 30,57,950
1038 89268 1 11,312,715 12,90,936
1039 89440 1 10,364,665 13,38,988
1040 89613 1 16,256,768 20,60,960
1041 89786 1 36,315,690 40,161,840
1042 89959 1 52,396,594 54,286,702
1043 90132 1 63,260,720 91,112,840
1044 90306 1 29,435,580 30,260,754
1045 90479 1 19,285,741 21,114,910
1046 90653 1 6,360,680 9,17,1020
1047 90827 1 33,104,910 35,88,924
1048 91001 1 28,340,680 34,104,910
1049 91175 1 25,100,924 27,77,945
1050 91350 1 42,504,504 75,75,900
1051 91524 1 16,440,595 17,154,880
1052 91699 1 38,330,684 40,220,792
1053 91874 1 38,160,855 45,96,912
1054 92049 1 25,294,735 28,126,900
1055 92224 1 18,488,549 20,120,915
1056 92400 1 36,180,840 42,104,910
1057 92575 1 20,187,850 22,100,935
1058 92751 1 35,330,693 36,252,770
1059 92927 1 33,396,630 45,90,924
1060 93103 1 36,448,576 40,180,840
1061 93279 1 35,333,693 37,210,814
1062 93456 1 26,280,756 27,195,840
1063 93632 1 55,315,693 63,175,825
1064 93809 1 8,240,816 10,34,1020
1065 93986 1 12,153,900 20,25,1020
1066 94163 1 26,455,585 30,126,910
1067 94340 1 44,264,759 45,230,792
1068 94518 1 36,504,528 44,128,896
1069 94695 1 11,253,805 13,55,1001
1070 94873 1 44,432,594 55,135,880
1071 95051 1 35,280,756 54,72,945
1072 95229 1 28,232,812 32,112,928
1073 95407 1 11,413,649 13,59,1001
1074 95586 1 16,138,920 21,45,1008
1075 95764 1 22,228,825 25,100,950
1076 95943 1 18,460,598 20,120,936
1077 96122 1 21,336,720 24,108,945
1078 96301 1 14,336,728 18,52,1008
1079 96480 1 24,280,775 25,186,868
1080 96660 1 22,230,828 30,60,990
1081 96839 1 27,217,837 31,105,945
1082 97019 1 7,172,903 8,42,1032
1083 97199 1 8,195,880 10,33,1040
1084 97379 1 20,532,532 26,70,988
1085 97559 1 13,201,871 15,65,1005
1086 97740 1 6,288,792 8,22,1056
1087 97920 1 20,275,792 25,72,990
1088 98101 1 30,230,828 35,108,945
1089 98282 1 36,108,945 49,60,980
1090 98463 1 36,306,748 45,110,935
1091 98644 1 33,483,575 35,231,825
1092 98826 1 28,140,924 36,66,990
1093 99007 1 13,495,585 15,77,1001
1094 99189 1 22,192,880 24,110,960
1095 99371 1 35,280,780 42,117,936
1096 99553 1 13,95,988 16,40,1040
1097 99735 1 44,228,825 70,77,950
1098 99918 1 23,385,690 42,44,1012
1099 100100 1 33,451,615 41,115,943
1100 100283 1 42,414,644 44,264,792
1101 100466 1 18,171,912 21,72,1008
1102 100649 1 24,462,616 44,46,1012
1103 100832 1 32,396,675 33,270,800
1104 101016 1 54,150,900 75,84,945
1105 101199 1 20,385,700 22,133,950
1106 101383 1 17,495,594 18,170,918
1107 101567 1 18,297,792 24,57,1026
1108 101751 1 52,440,616 55,273,780
1109 101935 1 7,493,609 9,29,1071
1110 102120 1 18,468,624 30,40,1040
1111 102304 1 28,513,570 29,270,812
1112 102489 1 20,252,840 24,80,1008
1113 102674 1 21,252,840 24,99,990
1114 102859 1 34,145,935 40,88,986
1115 103044 1 23,195,897 25,115,975
1116 103230 1 16,400,700 24,42,1050
1117 103415 1 7,270,840 9,28,1080
1118 103601 1 12,158,948 13,78,1027
1119 103787 1 27,336,756 30,144,945
1120 103973 1 64,224,832 80,130,910
1121 104159 1 26,225,870 29,117,975
1122 104346 1 18,324,780 30,39,1053
1123 104532 1 18,364,741 19,168,936
1124 104719 1 66,460,598 72,260,792
1125 104906 1 21,96,1008 33,36,1056
1126 105093 1 21,385,720 24,112,990
1127 105280 1 23,184,920 38,44,1045
1128 105468 1 45,399,684 48,240,840
1129 105655 1 33,352,744 44,93,992
1130 105843 1 66,532,532 72,266,792
1131 106031 1 26,221,884 29,116,986
1132 106219 1 40,520,572 44,208,880
1133 106407 1 33,308,792 48,77,1008
1134 106596 1 14,560,560 27,27,1080
1135 106784 1 220,420,495 225,385,525
1136 106973 1 50,525,561 55,231,850
1137 107162 1 15,357,765 21,45,1071
1138 107351 1 55,513,570 58,297,783
1139 107540 1 17,493,629 29,37,1073
1140 107730 1 15,450,675 24,36,1080
1141 107919 1 10,551,580 19,20,1102
1142 108109 1 26,496,620 40,62,1040
1143 108299 1 15,376,752 16,140,987
1144 108489 1 4,532,608 5,19,1120
1145 108679 1 20,550,575 23,110,1012
1146 108870 1 42,483,621 54,126,966
1147 109060 1 31,279,837 37,111,999
1148 109251 1 38,312,798 48,112,988
1149 109442 1 21,504,624 24,117,1008
1150 109633 1 45,468,637 65,105,980
1151 109824 1 35,465,651 62,66,1023
1152 110016 1 60,462,630 99,108,945
1153 110207 1 65,260,828 72,184,897
1154 110399 1 20,270,864 23,96,1035
1155 110591 1 30,225,900 33,132,990
1156 110783 1 36,288,832 40,156,960
1157 110975 1 32,325,800 52,65,1040
1158 111168 1 14,208,936 18,48,1092
1159 111360 1 12,217,930 14,60,1085
1160 111553 1 26,315,819 35,75,1050
1161 111746 1 30,435,696 45,72,1044
1162 111939 1 44,260,858 55,117,990
1163 112132 1 24,203,936 28,91,1044
1164 112326 1 9,315,840 12,32,1120
1165 112519 1 20,560,585 21,208,936
1166 112713 1 10,476,680 14,32,1120
1167 112907 1 11,544,612 12,99,1056
1168 113101 1 55,189,924 70,108,990
1169 113295 1 17,272,880 25,44,1100
1170 113490 1 15,330,825 20,50,1100
1171 113684 1 19,228,924 21,105,1045
1172 113879 1 28,352,792 32,132,1008
1173 114074 1 33,399,741 39,133,1001
1174 114269 1 22,576,576 24,160,990
1175 114464 1 25,575,575 47,47,1081
1176 114660 1 21,231,924 24,96,1056
1177 114855 1 52,475,650 55,286,836
1178 115051 1 28,414,736 32,138,1008
1179 115247 1 22,429,728 24,154,1001
1180 115443 1 32,410,738 36,160,984
1181 115639 1 24,156,1001 33,56,1092
1182 115836 1 30,360,792 38,99,1045
1183 116032 1 21,462,700 33,50,1100
1184 116229 1 28,170,986 29,140,1015
1185 116426 1 29,510,646 30,285,870
1186 116623 1 30,306,850 31,225,930
1187 116820 1 31,476,680 35,160,992
1188 117018 1 33,231,924 36,144,1008
1189 117215 1 69,460,660 82,205,902
1190 117413 1 35,110,1045 38,88,1064
1191 117611 1 21,315,855 23,133,1035
1192 117809 1 36,544,612 40,192,960
1193 118007 1 24,504,665 27,140,1026
1194 118206 1 21,315,858 22,182,990
1195 118404 1 17,323,855 19,105,1071
1196 118603 1 44,448,704 48,224,924
1197 118802 1 19,266,912 21,112,1064
1198 119001 1 30,288,880 32,176,990
1199 119200 1 33,286,880 39,120,1040
1200 119400 1 17,231,952 22,56,1122
1201 119599 1 45,187,969 57,99,1045
1202 119799 1 18,432,752 27,47,1128
1203 119999 1 19,120,1064 20,91,1092
1204 120199 1 45,244,915 48,180,976
1205 120399 1 22,143,1040 25,80,1100
1206 120600 1 22,370,814 30,66,1110
1207 120800 1 71,355,781 85,187,935
1208 121001 1 18,290,900 25,52,1131
1209 121202 1 36,480,693 48,105,1056
1210 121403 1 22,594,594 34,54,1122
1211 121604 1 21,595,595 23,153,1035
1212 121806 1 22,552,638 23,232,957
1213 122007 1 30,364,819 31,252,930
1214 122209 1 58,374,782 62,253,899
1215 122411 1 39,240,936 45,130,1040
1216 122613 1 26,442,748 28,187,1001
1217 122815 1 77,528,612 112,153,952
1218 123018 1 28,420,770 30,198,990
1219 123220 1 30,369,820 36,117,1066
1220 123423 1 24,312,884 30,85,1105
1221 123626 1 65,442,714 66,385,770
1222 123829 1 16,198,1008 22,45,1155
1223 124032 1 23,441,759 33,63,1127
1224 124236 1 51,510,663 80,104,1040
1225 124439 1 25,400,800 35,70,1120
1226 124643 1 16,170,1040 17,104,1105
1227 124847 1 30,399,798 31,266,930
1228 125051 1 10,490,728 13,39,1176
1229 125255 1 45,540,644 46,378,805
1230 125460 1 31,434,765 36,140,1054
1231 125664 1 175,300,756 186,270,775
1232 125869 1 11,407,814 16,32,1184
1233 126074 1 57,511,665 65,219,949
1234 126279 1 18,532,684 19,189,1026
1235 126484 1 15,305,915 19,57,1159
1236 126690 1 18,210,1008 20,96,1120
1237 126895 1 18,117,1102 19,87,1131
1238 127101 1 42,468,728 48,182,1008
1239 127307 1 21,203,1015 29,55,1155
1240 127513 1 15,325,900 20,50,1170
1241 127719 1 25,416,800 26,240,975
1242 127926 1 17,154,1071 18,102,1122
1243 128132 1 11,440,792 13,60,1170
1244 128339 1 45,506,693 55,154,1035
1245 128546 1 20,315,910 36,39,1170
1246 128753 1 30,456,760 31,285,930
1247 128960 1 11,312,924 12,91,1144
1248 129168 1 15,513,720 16,152,1080
1249 129375 1 9,403,837 13,27,1209
1250 129583 1 32,210,1008 40,90,1120
1251 129791 1 32,371,848 42,96,1113
1252 129999 1 28,504,720 36,96,1120
1253 130207 1 21,616,616 28,70,1155
1254 130416 1 19,247,988 22,88,1144
1255 130624 1 30,490,735 31,294,930
1256 130833 1 46,154,1056 56,96,1104
1257 131042 1 42,585,630 60,105,1092
1258 131251 1 26,244,988 38,61,1159
1259 131460 1 55,385,819 63,195,1001
1260 131670 1 10,250,1000 12,48,1200
1261 131879 1 29,217,1015 31,145,1085
1262 132089 1 20,540,702 27,65,1170
1263 132299 1 18,360,885 24,59,1180
1264 132509 1 32,416,816 39,120,1105
1265 132719 1 40,525,700 50,135,1080
1266 132930 1 18,252,996 21,83,1162
1267 133140 1 22,332,913 28,77,1162
1268 133351 1 20,560,688 21,215,1032
1269 133562 1 45,504,720 49,240,980
1270 133773 1 28,450,792 40,75,1155
1271 133984 1 41,492,738 62,93,1116
1272 134196 1 22,110,1140 27,57,1188
1273 134407 1 57,608,608 58,432,783
1274 134619 1 14,224,1036 16,74,1184
1275 134831 1 27,528,720 30,165,1080
1276 135043 1 51,560,665 54,304,918
1277 135255 1 38,472,767 52,104,1121
1278 135468 1 56,462,760 57,385,836
1279 135680 1 51,614,614 54,307,918
1280 135893 1 40,520,720 45,195,1040
1281 136106 1 10,496,775 16,25,1240
1282 136319 1 40,450,792 50,132,1100
1283 136532 1 29,435,819 35,117,1131
1284 136746 1 15,198,1071 17,77,1190
1285 136959 1 35,375,875 55,75,1155
1286 137173 1 56,320,910 64,182,1040
1287 137387 1 11,176,1100 12,75,1200
1288 137601 1 16,424,848 23,46,1219
1289 137815 1 64,448,777 74,216,999
1290 138030 1 9,183,1098 10,60,1220
1291 138244 1 20,465,806 30,52,1209
1292 138459 1 17,612,663 18,182,1092
1293 138674 1 54,609,630 58,290,945
1294 138889 1 44,260,990 72,78,1144
1295 139104 1 37,333,925 45,125,1125
1296 139320 1 36,156,1104 46,80,1170
1297 139535 1 77,352,868 88,217,992
1298 139751 1 44,418,836 59,118,1121
1299 139967 1 25,624,650 39,60,1200
1300 140183 1 20,320,960 25,75,1200
1301 140399 1 20,183,1098 27,54,1220
1302 140616 1 6,216,1080 7,35,1260
1303 140832 1 11,247,1045 13,55,1235
1304 141049 1 44,270,990 48,176,1080
1305 141266 1 15,645,645 29,29,1247
1306 141483 1 10,196,1100 11,70,1225
1307 141700 1 20,432,855 27,64,1216
1308 141918 1 12,540,756 20,28,1260
1309 142135 1 21,616,672 22,231,1056
1310 142353 1 14,504,792 15,140,1155
1311 142571 1 35,440,836 38,209,1064
1312 142789 1 38,364,910 39,285,988
1313 143007 1 13,416,884 17,48,1248
1314 143226 1 34,396,884 39,153,1122
1315 143444 1 41,410,864 48,160,1107
1316 143663 1 14,532,770 20,42,1254
1317 143882 1 22,518,777 37,48,1232
1318 144101 1 26,304,988 38,64,1216
1319 144320 1 39,290,990 45,143,1131
1320 144540 1 60,420,840 70,200,1050
1321 144759 1 21,475,825 25,99,1197
1322 144979 1 11,115,1196 13,44,1265
1323 145199 1 18,261,1044 21,84,1218
1324 145419 1 22,620,682 40,44,1240
1325 145639 1 33,357,935 45,90,1190
1326 145860 1 17,595,714 30,36,1260
1327 146080 1 22,220,1085 31,56,1240
1328 146301 1 17,646,665 19,119,1190
1329 146522 1 45,504,780 48,273,1008
1330 146743 1 20,220,1090 22,109,1199
1331 146964 1 26,486,819 35,81,1215
1332 147186 1 21,506,805 23,154,1155
1333 147407 1 28,297,1008 33,112,1188
1334 147629 1 38,612,684 60,84,1190
1335 147851 1 45,630,660 55,160,1120
1336 148073 1 76,532,728 88,247,1001
1337 148295 1 32,232,1073 37,116,1184
1338 148518 1 12,468,858 18,33,1287
1339 148740 1 5,522,812 6,28,1305
1340 148963 1 8,296,1036 10,35,1295
1341 149186 1 10,341,990 18,21,1302
1342 149409 1 19,126,1197 22,66,1254
1343 149632 1 12,209,1122 17,34,1292
1344 149856 1 13,242,1089 18,39,1287
1345 150079 1 35,630,680 36,357,952
1346 150303 1 12,368,966 16,42,1288
1347 150527 1 36,195,1116 45,93,1209
1348 150751 1 46,290,1012 52,165,1131
1349 150975 1 18,495,836 19,190,1140
1350 151200 1 50,550,750 70,125,1155
1351 151424 1 42,476,833 56,119,1176
1352 151649 1 26,494,832 32,104,1216
1353 151874 1 45,468,840 55,154,1144
1354 152099 1 31,630,693 32,330,992
1355 152324 1 15,420,920 21,46,1288
1356 152550 1 12,464,880 18,33,1305
1357 152775 1 31,520,806 52,65,1240
1358 153001 1 16,366,976 21,56,1281
1359 153227 1 27,468,864 39,72,1248
1360 153453 1 29,638,693 30,315,1015
1361 153679 1 35,286,1040 52,77,1232
1362 153906 1 32,130,1200 39,75,1248
1363 154132 1 32,616,715 35,208,1120
1364 154359 1 20,224,1120 22,110,1232
1365 154586 1 35,560,770 56,77,1232
1366 154813 1 14,624,728 16,90,1260
1367 155040 1 117,550,700 120,455,792
1368 155268 1 38,380,950 48,120,1200
1369 155495 1 37,370,962 38,286,1045
1370 155723 1 18,182,1170 20,90,1260
1371 155951 1 40,627,704 60,95,1216
1372 156179 1 7,210,1155 8,44,1320
1373 156407 1 24,608,741 30,95,1248
1374 156636 1 11,329,1034 14,44,1316
1375 156864 1 45,595,735 49,255,1071
1376 157093 1 45,176,1155 50,126,1200
1377 157322 1 27,594,756 33,112,1232
1378 157551 1 46,504,828 48,322,1008
1379 157780 1 36,170,1173 40,115,1224
1380 158010 1 15,357,1008 16,140,1224
1381 158239 1 44,385,952 55,136,1190
1382 158469 1 38,304,1040 52,95,1235
1383 158699 1 44,515,824 50,200,1133
1384 158929 1 84,600,700 88,396,900
1385 159159 1 50,260,1075 52,215,1118
1386 159390 1 17,111,1258 26,34,1326
1387 159620 1 15,490,882 18,74,1295
1388 159851 1 36,182,1170 48,80,1260
1389 160082 1 24,465,900 25,248,1116
1390 160313 1 10,420,960 14,32,1344
1391 160544 1 16,425,950 19,80,1292
1392 160776 1 15,612,765 17,100,1275
1393 161007 1 13,184,1196 14,91,1288
1394 161239 1 17,459,918 22,63,1309
1395 161471 1 42,492,861 60,105,1230
1396 161703 1 24,616,756 27,148,1221
1397 161935 1 22,275,1100 28,74,1295
1398 162168 1 54,504,840 57,315,1026
1399 162400 1 13,216,1170 24,25,1350
1400 162633 1 28,490,882 35,105,1260
1401 162866 1 29,560,812 32,185,1184
1402 163099 1 45,475,882 63,114,1225
1403 163332 1 28,675,700 35,108,1260
1404 163566 1 18,396,990 24,60,1320
1405 163799 1 28,621,756 30,225,1150
1406 164033 1 19,190,1197 20,126,1260
1407 164267 1 32,400,975 39,120,1248
1408 164501 1 33,660,715 39,148,1221
1409 164735 1 57,440,912 60,304,1045
1410 164970 1 24,396,990 45,45,1320
1411 165204 1 34,306,1071 42,111,1258
1412 165439 1 27,665,720 28,304,1080
1413 165674 1 38,330,1045 44,148,1221
1414 165909 1 42,490,882 45,259,1110
1415 166144 1 25,290,1100 29,110,1276
1416 166380 1 36,660,720 44,140,1232
1417 166615 1 45,252,1120 48,185,1184
1418 166851 1 10,480,928 11,87,1320
1419 167087 1 24,459,936 39,54,1326
1420 167323 1 45,660,715 52,198,1170
1421 167559 1 46,110,1265 56,77,1288
1422 167796 1 12,660,750 22,25,1375
1423 168032 1 46,112,1265 55,80,1288
1424 168269 1 24,312,1088 34,64,1326
1425 168506 1 31,464,930 48,72,1305
1426 168743 1 34,204,1188 54,63,1309
1427 168980 1 36,104,1287 52,55,1320
1428 169218 1 24,468,936 34,68,1326
1429 169455 1 10,495,924 15,28,1386
1430 169693 1 66,308,1056 70,240,1120
1431 169931 1 45,504,882 56,150,1225
1432 170169 1 24,704,704 32,80,1320
1433 170407 1 55,418,960 57,320,1056
1434 170646 1 54,414,966 84,108,1242
1435 170884 1 41,451,943 55,115,1265
1436 171123 1 28,448,960 32,144,1260
1437 171362 1 30,670,737 33,198,1206
1438 171601 1 60,468,910 63,325,1050
1439 171840 1 19,280,1140 35,36,1368
1440 172080 1 32,640,768 40,120,1280
1441 172319 1 33,352,1056 55,66,1320
1442 172559 1 12,260,1170 14,63,1365
1443 172799 1 18,513,912 27,48,1368
1444 173039 1 14,110,1320 18,40,1386
1445 173279 1 45,360,1040 50,195,1200
1446 173520 1 24,522,900 25,261,1160
1447 173760 1 39,693,715 55,105,1287
1448 174001 1 40,160,1248 44,117,1287
1449 174242 1 4,425,1020 5,19,1425
1450 174483 1 36,504,910 42,160,1248
1451 174724 1 126,380,945 140,285,1026
1452 174966 1 42,490,920 46,230,1176
1453 175207 1 23,280,1150 25,140,1288
1454 175449 1 9,680,765 10,76,1368
1455 175691 1 25,350,1080 27,168,1260
1456 175933 1 25,675,756 36,70,1350
1457 176175 1 13,399,1045 15,77,1365
1458 176418 1 13,663,782 14,133,1311
1459 176660 1 14,255,1190 15,114,1330
1460 176903 1 30,480,950 32,228,1200
1461 177146 1 16,629,816 18,111,1332
1462 177389 1 21,616,825 22,240,1200
1463 177632 1 28,280,1155 33,110,1320
1464 177876 1 60,540,864 64,320,1080
1465 178119 1 35,440,990 40,165,1260
1466 178363 1 22,190,1254 35,45,1386
1467 178607 1 17,464,986 24,51,1392
1468 178851 1 24,228,1216 28,96,1344
1469 179095 1 39,234,1196 44,138,1287
1470 179340 1 21,483,966 30,60,1380
1471 179584 1 14,470,987 15,140,1316
1472 179829 1 15,141,1316 20,42,1410
1473 180074 1 65,598,810 69,351,1053
1474 180319 1 11,528,935 12,102,1360
1475 180564 1 30,340,1105 32,195,1248
1476 180810 1 24,396,1056 32,76,1368
1477 181055 1 25,352,1100 32,85,1360
1478 181301 1 68,510,900 70,400,1008
1479 181547 1 27,561,891 51,51,1377
1480 181793 1 28,220,1232 35,85,1360
1481 182039 1 26,585,870 29,165,1287
1482 182286 1 18,240,1224 20,102,1360
1483 182532 1 25,72,1386 28,55,1400
1484 182779 1 20,420,1044 21,203,1260
1485 183026 1 40,510,935 55,110,1320
1486 183273 1 30,520,936 37,117,1332
1487 183520 1 24,551,912 38,57,1392
1488 183768 1 18,390,1080 24,60,1404
1489 184015 1 31,528,930 44,85,1360
1490 184263 1 40,232,1218 45,140,1305
1491 184511 1 19,560,912 21,140,1330
1492 184759 1 36,448,1008 40,192,1260
1493 185007 1 14,85,1394 17,41,1435
1494 185256 1 24,390,1080 45,45,1404
1495 185504 1 55,560,880 60,280,1155
1496 185753 1 24,432,1040 40,52,1404
1497 186002 1 39,405,1053 45,165,1287
1498 186251 1 16,684,798 18,112,1368
1499 186500 1 36,475,988 39,225,1235
1500 186750 1 28,128,1344 44,48,1408
1501 186999 1 29,660,812 45,70,1386
1502 187249 1 14,480,1008 20,42,1440
1503 187499 1 40,704,759 46,192,1265
1504 187749 1 40,360,1104 46,162,1296
1505 187999 1 5,675,825 9,11,1485
1506 188250 1 50,700,756 54,297,1155
1507 188500 1 12,130,1365 16,35,1456
1508 188751 1 29,174,1305 36,80,1392
1509 189002 1 27,312,1170 40,65,1404
1510 189253 1 38,256,1216 40,190,1280
1511 189504 1 11,380,1120 16,32,1463
1512 189756 1 32,296,1184 36,144,1332
1513 190007 1 13,240,1260 18,39,1456
1514 190259 1 14,700,800 18,56,1440
1515 190511 1 52,627,836 60,220,1235
1516 190763 1 16,660,840 18,112,1386
1517 191015 1 17,650,850 22,65,1430
1518 191268 1 18,465,1035 23,69,1426
1519 191520 1 28,357,1134 34,108,1377
1520 191773 1 20,600,900 32,48,1440
1521 192026 1 51,348,1122 58,187,1276
1522 192279 1 18,272,1232 22,72,1428
1523 192532 1 35,403,1085 63,65,1395
1524 192786 1 42,624,858 44,336,1144
1525 193039 1 75,475,975 95,195,1235
1526 193293 1 21,560,945 32,54,1440
1527 193547 1 24,432,1071 27,140,1360
1528 193801 1 44,406,1078 49,203,1276
1529 194055 1 44,693,792 55,154,1320
1530 194310 1 30,300,1200 34,136,1360
1531 194564 1 35,320,1176 40,147,1344
1532 194819 1 28,672,832 32,156,1344
1533 195074 1 28,308,1197 33,114,1386
1534 195329 1 46,476,1012 55,170,1309
1535 195584 1 39,612,884 44,204,1287
1536 195840 1 48,624,864 54,234,1248
1537 196095 1 16,416,1105 17,160,1360
1538 196351 1 34,705,799 60,68,1410
1539 196607 1 39,720,780 44,208,1287
1540 196863 1 19,91,1430 22,55,1463
1541 197119 1 20,715,806 22,155,1364
1542 197376 1 42,450,1050 66,90,1386
1543 197632 1 25,230,1288 28,115,1400
1544 197889 1 8,672,864 14,18,1512
1545 198146 1 5,280,1260 6,27,1512
1546 198403 1 42,658,846 66,94,1386
1547 198660 1 65,312,1170 68,255,1224
1548 198918 1 8,220,1320 9,54,1485
1549 199175 1 65,560,924 77,224,1248
1550 199433 1 40,390,1120 42,260,1248
1551 199691 1 14,522,1015 15,144,1392
1552 199949 1 32,400,1120 40,112,1400
1553 200207 1 45,725,783 58,145,1350
1554 200466 1 24,630,900 28,126,1400
1555 200724 1 36,217,1302 37,186,1332
1556 200983 1 17,111,1428 20,56,1480
1557 201242 1 105,660,792 108,504,945
1558 201501 1 51,238,1269 54,188,1316
1559 201760 1 20,684,855 38,39,1482
1560 202020 1 24,384,1152 30,90,1440
1561 202279 1 21,231,1309 22,153,1386
1562 202539 1 50,252,1260 52,210,1300
1563 202799 1 42,585,936 63,100,1400
1564 203059 1 24,280,1260 25,189,1350
1565 203319 1 35,630,900 45,120,1400
1566 203580 1 48,286,1232 63,117,1386
1567 203840 1 66,665,836 105,132,1330
1568 204101 1 28,308,1232 32,128,1408
1569 204362 1 21,288,1260 24,105,1440
1570 204623 1 30,360,1180 36,118,1416
1571 204884 1 50,273,1248 75,96,1400
1572 205146 1 32,280,1260 42,90,1440
1573 205407 1 54,682,837 55,495,1023
1574 205669 1 55,539,980 56,440,1078
1575 205931 1 28,455,1092 39,80,1456
1576 206193 1 36,420,1120 56,80,1440
1577 206455 1 57,475,1045 65,225,1287
1578 206718 1 24,462,1092 28,120,1430
1579 206980 1 130,644,805 160,299,1120
1580 207243 1 12,770,798 16,44,1520
1581 207506 1 8,385,1188 9,60,1512
1582 207769 1 24,494,1064 35,65,1482
1583 208032 1 75,408,1100 88,220,1275
1584 208296 1 36,258,1290 37,215,1332
1585 208559 1 45,735,805 49,276,1260
1586 208823 1 36,350,1200 42,144,1400
1587 209087 1 35,388,1164 36,291,1260
1588 209351 1 36,328,1224 41,153,1394
1589 209615 1 25,644,920 28,161,1400
1590 209880 1 32,190,1368 36,114,1440
1591 210144 1 40,616,935 44,238,1309
1592 210409 1 32,608,952 34,266,1292
1593 210674 1 72,195,1326 80,153,1360
1594 210939 1 30,780,784 40,98,1456
1595 211204 1 29,783,783 55,55,1485
1596 211470 1 12,360,1224 15,51,1530
1597 211735 1 6,259,1332 7,36,1554
1598 212001 1 11,322,1265 14,44,1540
1599 212267 1 31,638,930 33,261,1305
1600 212533 1 10,680,910 13,40,1547
1601 212799 1 14,391,1196 26,28,1547
1602 213066 1 34,616,952 42,132,1428
1603 213332 1 30,585,988 45,76,1482
1604 213599 1 31,558,1015 35,174,1395
1605 213866 1 37,273,1295 45,117,1443
1606 214133 1 52,756,798 76,126,1404
1607 214400 1 34,638,935 60,68,1479
1608 214668 1 35,429,1144 36,312,1260
1609 214935 1 34,504,1071 36,264,1309
1610 215203 1 46,736,828 80,90,1440
1611 215471 1 15,480,1116 16,155,1440
1612 215739 1 16,204,1392 17,116,1479
1613 216007 1 26,667,920 40,65,1508
1614 216276 1 27,690,897 30,180,1404
1615 216544 1 34,272,1309 35,220,1360
1616 216813 1 66,770,780 77,252,1287
1617 217082 1 21,399,1197 22,209,1386
1618 217351 1 28,540,1050 50,56,1512
1619 217620 1 23,552,1044 24,261,1334
1620 217890 1 24,696,900 25,290,1305
1621 218159 1 21,616,984 22,246,1353
1622 218429 1 10,312,1300 12,50,1560
1623 218699 1 36,414,1173 42,153,1428
1624 218969 1 37,207,1380 38,180,1406
1625 219239 1 38,690,897 65,78,1482
1626 219510 1 30,798,798 39,105,1482
1627 219780 1 40,207,1380 54,88,1485
1628 220051 1 33,330,1265 35,207,1386
1629 220322 1 9,432,1188 12,33,1584
1630 220593 1 20,345,1265 24,88,1518
1631 220864 1 63,336,1232 77,168,1386
1632 221136 1 34,799,799 64,64,1504
1633 221407 1 49,308,1276 58,154,1421
1634 221679 1 24,434,1176 31,84,1519
1635 221951 1 15,675,945 25,35,1575
1636 222223 1 63,187,1386 72,136,1428
1637 222495 1 116,377,1144 152,209,1276
1638 222768 1 14,406,1218 18,54,1566
1639 223040 1 119,680,840 132,385,1122
1640 223313 1 15,725,900 20,54,1566
1641 223586 1 33,288,1320 36,165,1440
1642 223859 1 37,273,1332 42,144,1456
1643 224132 1 33,345,1265 50,75,1518
1644 224406 1 60,352,1232 99,105,1440
1645 224679 1 70,735,840 72,495,1078
1646 224953 1 36,770,840 40,220,1386
1647 225227 1 45,585,1017 65,113,1469
1648 225501 1 28,780,840 32,160,1456
1649 225775 1 24,185,1440 32,63,1554
1650 226050 1 63,621,966 66,396,1188
1651 226324 1 39,286,1326 51,104,1496
1652 226599 1 35,616,1001 40,182,1430
1653 226874 1 29,319,1305 33,135,1485
1654 227149 1 21,115,1518 22,92,1540
1655 227424 1 30,225,1400 35,108,1512
1656 227700 1 32,760,864 39,135,1482
1657 227975 1 19,308,1330 22,95,1540
1658 228251 1 8,650,1000 13,20,1625
1659 228527 1 49,483,1127 63,147,1449
1660 228803 1 35,725,900 36,406,1218
1661 229079 1 29,696,936 36,117,1508
1662 229356 1 9,609,1044 14,24,1624
1663 229632 1 13,610,1040 16,61,1586
1664 229909 1 44,600,1020 68,100,1496
1665 230186 1 27,126,1512 40,50,1575
1666 230463 1 34,612,1020 51,85,1530
1667 230740 1 42,585,1040 44,336,1287
1668 231018 1 30,378,1260 36,120,1512
1669 231295 1 24,700,945 40,54,1575
1670 231573 1 17,225,1428 20,75,1575
1671 231851 1 24,117,1530 26,85,1560
1672 232129 1 32,480,1160 33,319,1320
1673 232407 1 35,798,840 48,105,1520
1674 232686 1 9,225,1440 10,64,1600
1675 232964 1 45,280,1350 63,100,1512
1676 233243 1 38,270,1368 48,108,1520
1677 233522 1 27,300,1350 42,60,1575
1678 233801 1 22,616,1040 26,112,1540
1679 234080 1 51,693,935 55,315,1309
1680 234360 1 60,540,1080 80,160,1440
1681 234639 1 36,693,952 56,85,1540
1682 234919 1 29,725,928 32,200,1450
1683 235199 1 17,833,833 33,33,1617
1684 235479 1 20,400,1264 25,79,1580
1685 235759 1 5,640,1040 8,13,1664
1686 236040 1 20,126,1540 22,80,1584
1687 236320 1 6,738,943 8,23,1656
1688 236601 1 56,624,1008 63,260,1365
1689 236882 1 38,286,1365 42,165,1482
1690 237163 1 10,220,1460 11,73,1606
1691 237444 1 76,760,855 95,228,1368
1692 237726 1 11,369,1312 12,96,1584
1693 238007 1 12,615,1066 13,120,1560
1694 238289 1 12,174,1508 13,82,1599
1695 238571 1 14,451,1230 15,140,1540
1696 238853 1 30,546,1120 40,96,1560
1697 239135 1 23,189,1485 33,54,1610
1698 239418 1 17,697,984 32,34,1632
1699 239700 1 25,504,1170 26,273,1400
1700 239983 1 18,580,1102 19,205,1476
1701 240266 1 63,798,840 76,225,1400
1702 240549 1 20,812,870 21,246,1435
1703 240832 1 39,416,1248 65,78,1560
1704 241116 1 21,374,1309 22,203,1479
1705 241399 1 23,812,870 35,60,1610
1706 241683 1 16,650,1040 25,41,1640
1707 241967 1 17,442,1248 24,51,1632
1708 242251 1 14,308,1386 18,52,1638
1709 242535 1 15,209,1485 27,29,1653
1710 242820 1 14,212,1484 15,105,1590
1711 243104 1 39,437,1235 45,171,1495
1712 243389 1 30,522,1160 32,240,1440
1713 243674 1 39,744,930 60,93,1560
1714 243959 1 32,638,1044 33,369,1312
1715 244244 1 20,360,1335 24,89,1602
1716 244530 1 33,297,1386 36,168,1512
1717 244815 1 34,748,935 35,406,1276
1718 245101 1 24,770,924 28,130,1560
1719 245387 1 39,536,1144 44,201,1474
1720 245673 1 39,246,1435 48,112,1560
1721 245959 1 39,812,870 56,105,1560
1722 246246 1 28,154,1540 40,58,1624
1723 246532 1 183,748,792 198,488,1037
1724 246819 1 23,756,945 30,84,1610
1725 247106 1 24,756,945 25,300,1400
1726 247393 1 32,504,1190 34,252,1440
1727 247680 1 22,264,1441 24,131,1572
1728 247968 1 45,660,1023 62,126,1540
1729 248255 1 13,572,1144 19,38,1672
1730 248543 1 25,665,1040 26,304,1400
1731 248831 1 30,648,1053 36,135,1560
1732 249119 1 24,420,1288 30,92,1610
1733 249407 1 17,288,1428 18,147,1568
1734 249696 1 52,348,1334 54,276,1404
1735 249984 1 30,440,1265 33,184,1518
1736 250273 1 14,287,1435 16,80,1640
1737 250562 1 21,312,1404 27,72,1638
1738 250851 1 23,490,1225 28,100,1610
1739 251140 1 23,152,1564 24,119,1596
1740 251430 1 28,200,1512 30,135,1575
1741 251719 1 25,780,936 26,315,1400
1742 252009 1 39,260,1443 40,222,1480
1743 252299 1 35,252,1456 39,144,1560
1744 252589 1 32,272,1440 34,180,1530
1745 252879 1 30,770,945 44,81,1620
1746 253170 1 30,156,1560 41,65,1640
1747 253460 1 55,504,1188 70,165,1512
1748 253751 1 19,494,1235 20,208,1520
1749 254042 1 15,714,1020 21,48,1680
1750 254333 1 28,287,1435 40,70,1640
1751 254624 1 57,494,1200 75,156,1520
1752 254916 1 35,707,1010 56,80,1616
1753 255207 1 52,546,1155 70,143,1540
1754 255499 1 38,836,880 44,190,1520
1755 255791 1 21,663,1071 26,91,1638
1756 256083 1 8,380,1368 10,36,1710
1757 256375 1 19,560,1178 20,217,1520
1758 256668 1 42,528,1188 48,198,1512
1759 256960 1 40,648,1071 42,340,1377
1760 257253 1 45,680,1035 60,136,1564
1761 257546 1 33,864,864 36,240,1485
1762 257839 1 26,546,1190 34,90,1638
1763 258132 1 41,287,1435 43,215,1505
1764 258426 1 22,268,1474 24,132,1608
1765 258719 1 55,660,1050 75,150,1540
1766 259013 1 38,816,912 51,119,1596
1767 259307 1 19,475,1273 25,67,1675
1768 259601 1 74,399,1295 91,195,1482
1769 259895 1 64,704,1001 65,560,1144
1770 260190 1 48,615,1107 54,240,1476
1771 260484 1 55,616,1100 56,490,1225
1772 260779 1 24,228,1520 35,57,1680
1773 261074 1 23,715,1035 39,51,1683
1774 261369 1 40,558,1176 45,210,1519
1775 261664 1 70,585,1120 72,455,1248
1776 261960 1 21,180,1575 34,42,1700
1777 262255 1 39,308,1430 42,195,1540
1778 262551 1 18,275,1485 20,108,1650
1779 262847 1 39,585,1155 45,187,1547
1780 263143 1 51,624,1105 52,480,1248
1781 263439 1 17,693,1071 21,77,1683
1782 263736 1 48,612,1122 66,132,1584
1783 264032 1 15,760,1008 16,171,1596
1784 264329 1 16,624,1144 24,44,1716
1785 264626 1 56,819,910 60,360,1365
1786 264923 1 36,630,1120 52,96,1638
1787 265220 1 77,665,1045 91,266,1430
1788 265518 1 54,816,918 60,288,1440
1789 265815 1 39,650,1100 40,429,1320
1790 266113 1 30,880,880 40,100,1650
1791 266411 1 66,240,1485 99,108,1584
1792 266709 1 56,728,1008 63,273,1456
1793 267007 1 29,609,1155 33,165,1595
1794 267306 1 18,444,1332 23,69,1702
1795 267604 1 35,560,1200 40,180,1575
1796 267903 1 25,506,1265 26,275,1495
1797 268202 1 45,432,1320 48,264,1485
1798 268501 1 58,348,1392 62,248,1488
1799 268800 1 39,720,1040 56,105,1638
1800 269100 1 25,825,950 32,96,1672
1801 269399 1 94,720,987 99,470,1232
1802 269699 1 16,752,1034 17,187,1598
1803 269999 1 21,504,1278 28,71,1704
1804 270299 1 33,880,891 40,144,1620
1805 270599 1 20,425,1360 25,80,1700
1806 270900 1 20,376,1410 24,90,1692
1807 271200 1 36,259,1512 37,216,1554
1808 271501 1 26,198,1584 44,48,1716
1809 271802 1 33,555,1221 45,99,1665
1810 272103 1 30,340,1440 34,144,1632
1811 272404 1 40,275,1496 51,110,1650
1812 272706 1 20,640,1152 30,54,1728
1813 273007 1 15,403,1395 27,31,1755
1814 273309 1 65,371,1378 70,260,1484
1815 273611 1 9,546,1260 10,76,1729
1816 273913 1 34,459,1323 45,105,1666
1817 274215 1 23,690,1104 25,192,1600
1818 274518 1 13,323,1482 24,26,1768
1819 274820 1 25,870,924 29,140,1650
1820 275123 1 28,448,1344 35,105,1680
1821 275426 1 33,228,1560 39,110,1672
1822 275729 1 23,644,1155 24,280,1518
1823 276032 1 54,549,1220 81,122,1620
1824 276336 1 51,585,1188 54,340,1430
1825 276639 1 33,432,1360 34,306,1485
1826 276943 1 21,760,1045 22,264,1540
1827 277247 1 42,630,1155 45,297,1485
1828 277551 1 24,440,1364 30,93,1705
1829 277855 1 37,560,1232 38,385,1406
1830 278160 1 40,520,1270 52,127,1651
1831 278464 1 46,336,1449 63,112,1656
1832 278769 1 28,656,1148 32,160,1640
1833 279074 1 27,861,945 41,70,1722
1834 279379 1 29,95,1710 36,58,1740
1835 279684 1 27,296,1512 30,140,1665
1836 279990 1 36,900,900 68,68,1700
1837 280295 1 143,693,1001 165,385,1287
1838 280601 1 30,248,1560 31,195,1612
1839 280907 1 19,585,1235 27,57,1755
1840 281213 1 25,715,1100 35,76,1729
1841 281519 1 26,429,1386 36,76,1729
1842 281826 1 30,756,1056 32,270,1540
1843 282132 1 39,364,1440 45,160,1638
1844 282439 1 76,400,1368 110,150,1584
1845 282746 1 30,495,1320 40,95,1710
1846 283053 1 20,440,1386 22,144,1680
1847 283360 1 65,495,1287 87,165,1595
1848 283668 1 42,860,946 44,385,1419
1849 283975 1 20,589,1240 22,155,1672
1850 284283 1 14,720,1116 15,155,1680
1851 284591 1 36,770,1045 57,84,1710
1852 284899 1 32,672,1148 48,82,1722
1853 285207 1 17,612,1224 28,40,1785
1854 285516 1 14,644,1196 21,39,1794
1855 285824 1 35,420,1400 40,165,1650
1856 286133 1 64,896,896 116,116,1624
1857 286442 1 27,610,1220 30,180,1647
1858 286751 1 66,208,1584 77,143,1638
1859 287060 1 10,473,1376 11,88,1760
1860 287370 1 66,650,1144 70,390,1400
1861 287679 1 85,552,1224 90,391,1380
1862 287989 1 22,660,1180 33,59,1770
1863 288299 1 23,368,1472 27,108,1728
1864 288609 1 15,645,1204 16,168,1680
1865 288919 1 17,352,1496 20,85,1760
1866 289230 1 46,900,920 60,150,1656
1867 289540 1 52,455,1360 85,102,1680
1868 289851 1 48,812,1008 63,152,1653
1869 290162 1 33,296,1540 36,168,1665
1870 290473 1 15,840,1015 16,174,1680
1871 290784 1 11,540,1320 12,104,1755
1872 291096 1 24,528,1320 32,80,1760
1873 291407 1 10,123,1740 11,58,1804
1874 291719 1 68,816,990 80,264,1530
1875 292031 1 35,160,1680 55,60,1760
1876 292343 1 27,688,1161 28,336,1512
1877 292655 1 28,473,1376 40,77,1760
1878 292968 1 16,294,1568 18,96,1764
1879 293280 1 111,340,1428 119,280,1480
1880 293593 1 32,528,1320 60,60,1760
1881 293906 1 11,748,1122 18,27,1836
1882 294219 1 90,595,1197 114,238,1530
1883 294532 1 24,91,1768 34,43,1806
1884 294846 1 25,594,1265 27,207,1650
1885 295159 1 22,675,1188 40,45,1800
1886 295473 1 23,552,1311 24,266,1596
1887 295787 1 51,612,1224 72,132,1683
1888 296101 1 118,472,1298 128,352,1408
1889 296415 1 13,364,1512 14,120,1755
1890 296730 1 15,375,1500 18,72,1800
1891 297044 1 31,868,992 32,403,1456
1892 297359 1 32,228,1632 33,187,1672
1893 297674 1 44,645,1204 45,462,1386
1894 297989 1 70,294,1530 102,126,1666
1895 298304 1 25,595,1275 35,75,1785
1896 298620 1 26,440,1430 32,104,1760
1897 298935 1 25,792,1080 27,220,1650
1898 299251 1 8,648,1242 12,23,1863
1899 299567 1 24,875,1000 43,50,1806
1900 299883 1 25,750,1125 40,60,1800
1901 300199 1 220,779,902 286,380,1235
1902 300516 1 30,936,936 39,108,1755
1903 300832 1 54,688,1161 55,528,1320
1904 301149 1 32,288,1584 34,187,1683
1905 301466 1 20,765,1120 21,252,1632
1906 301783 1 34,572,1300 50,88,1768
1907 302100 1 22,455,1430 35,52,1820
1908 302418 1 48,372,1488 53,212,1643
1909 302735 1 34,875,1000 50,91,1768
1910 303053 1 51,494,1365 57,238,1615
1911 303371 1 21,336,1554 24,111,1776
1912 303689 1 37,900,975 38,468,1406
1913 304007 1 9,164,1740 10,58,1845
1914 304326 1 28,276,1610 33,110,1771
1915 304644 1 35,840,1040 40,195,1680
1916 304963 1 57,494,1365 60,336,1520
1917 305282 1 63,630,1224 68,344,1505
1918 305601 1 13,735,1170 14,140,1764
1919 305920 1 44,104,1771 56,69,1794
1920 306240 1 72,336,1512 105,135,1680
1921 306559 1 116,703,1102 145,296,1480
1922 306879 1 32,594,1296 44,96,1782
1923 307199 1 33,330,1560 35,208,1680
1924 307519 1 4,400,1520 5,19,1900
1925 307839 1 50,375,1500 55,220,1650
1926 308160 1 51,840,1035 56,306,1564
1927 308480 1 22,825,1080 27,100,1800
1928 308801 1 32,480,1416 40,118,1770
1929 309122 1 7,837,1085 9,30,1890
1930 309443 1 44,506,1380 55,150,1725
1931 309764 1 56,315,1560 76,126,1729
1932 310086 1 42,924,966 69,92,1771
1933 310407 1 45,588,1300 50,245,1638
1934 310729 1 12,558,1364 14,72,1848
1935 311051 1 54,396,1485 60,225,1650
1936 311373 1 22,770,1144 28,88,1820
1937 311695 1 62,325,1550 65,260,1612
1938 312018 1 57,684,1197 63,300,1575
1939 312340 1 80,819,1040 90,344,1505
1940 312663 1 18,372,1550 20,120,1800
1941 312986 1 19,186,1736 21,96,1824
1942 313309 1 20,682,1240 22,160,1760
1943 313632 1 32,663,1248 39,136,1768
1944 313956 1 54,234,1656 69,120,1755
1945 314279 1 23,713,1209 25,195,1725
1946 314603 1 21,378,1547 26,84,1836
1947 314927 1 22,407,1518 23,222,1702
1948 315251 1 63,429,1456 88,144,1716
1949 315575 1 29,180,1740 35,87,1827
1950 315900 1 28,620,1302 30,240,1680
1951 316224 1 13,950,988 25,26,1900
1952 316549 1 30,806,1116 42,90,1820
1953 316874 1 28,378,1547 39,78,1836
1954 317199 1 18,836,1100 19,225,1710
1955 317524 1 30,770,1155 33,217,1705
1956 317850 1 32,164,1760 45,66,1845
1957 318175 1 33,104,1820 39,70,1848
1958 318501 1 88,374,1496 89,356,1513
1959 318827 1 15,648,1296 21,48,1890
1960 319153 1 21,630,1309 22,255,1683
1961 319479 1 68,924,969 70,561,1330
1962 319806 1 22,510,1430 24,170,1768
1963 320132 1 13,416,1534 16,59,1888
1964 320459 1 14,624,1326 21,39,1904
1965 320786 1 39,936,990 40,495,1430
1966 321113 1 44,806,1116 52,198,1716
1967 321440 1 45,527,1395 63,119,1785
1968 321768 1 98,792,1078 99,693,1176
1969 322095 1 33,968,968 44,110,1815
1970 322423 1 32,969,969 34,304,1632
1971 322751 1 49,434,1488 63,144,1764
1972 323079 1 17,595,1360 28,40,1904
1973 323407 1 18,437,1518 23,69,1881
1974 323736 1 21,798,1155 30,63,1881
1975 324064 1 91,644,1240 115,248,1612
1976 324393 1 21,345,1610 24,112,1840
1977 324722 1 24,525,1428 25,272,1680
1978 325051 1 40,728,1210 42,363,1573
1979 325380 1 55,819,1105 65,231,1683
1980 325710 1 44,880,1056 55,165,1760
1981 326039 1 34,451,1496 41,136,1804
1982 326369 1 26,552,1404 27,299,1656
1983 326699 1 45,858,1080 48,351,1584
1984 327029 1 24,520,1440 32,80,1872
1985 327359 1 47,340,1598 50,235,1700
1986 327690 1 26,504,1456 36,78,1872
1987 328020 1 55,777,1155 63,259,1665
1988 328351 1 32,240,1716 33,195,1760
1989 328682 1 34,391,1564 39,156,1794
1990 329013 1 52,300,1638 70,120,1800
1991 329344 1 91,855,1045 99,429,1463
1992 329676 1 32,520,1440 60,60,1872
1993 330007 1 21,168,1804 22,123,1848
1994 330339 1 72,682,1240 80,330,1584
1995 330671 1 48,825,1122 55,240,1700
1996 331003 1 21,553,1422 28,72,1896
1997 331335 1 72,539,1386 77,352,1568
1998 331668 1 36,360,1602 40,178,1780
1999 332000 1 19,924,1056 21,154,1824
2000 332333 1 40,700,1260 50,150,1800
2001 332666 1 57,918,1026 90,126,1785
2002 332999 1 22,396,1584 26,104,1872
2003 333332 1 48,920,1035 65,144,1794
2004 333666 1 15,624,1365 16,168,1820
2005 333999 1 80,770,1155 105,220,1680
2006 334333 1 50,756,1200 56,270,1680
2007 334667 1 44,715,1248 52,195,1760
2008 335001 1 36,464,1508 58,78,1872
2009 335335 1 82,615,1312 105,224,1680
2010 335670 1 30,440,1540 36,126,1848
2011 336004 1 35,429,1547 39,187,1785
2012 336339 1 55,760,1197 56,570,1386
2013 336674 1 33,429,1551 39,141,1833
2014 337009 1 34,144,1836 54,56,1904
2015 337344 1 13,728,1274 20,35,1960
2016 337680 1 54,882,1080 56,490,1470
2017 338015 1 28,561,1428 33,136,1848
2018 338351 1 55,390,1573 60,242,1716
2019 338687 1 18,552,1449 24,63,1932
2020 339023 1 60,700,1260 100,120,1800
2021 339359 1 99,341,1581 117,221,1683
2022 339696 1 48,752,1222 72,117,1833
2023 340032 1 63,504,1456 70,273,1680
2024 340369 1 64,840,1120 80,216,1728
2025 340706 1 36,585,1404 65,70,1890
2026 341043 1 24,546,1456 28,126,1872
2027 341380 1 39,203,1785 51,91,1885
2028 341718 1 26,364,1638 28,180,1820
2029 342055 1 14,651,1364 15,154,1860
2030 342393 1 20,670,1340 29,58,1943
2031 342731 1 99,216,1716 120,156,1755
2032 343069 1 44,140,1848 54,88,1890
2033 343407 1 114,931,988 119,588,1326
2034 343746 1 81,819,1134 84,546,1404
2035 344084 1 40,855,1140 66,88,1881
2036 344423 1 34,455,1547 52,80,1904
2037 344762 1 35,546,1456 45,120,1872
2038 345101 1 13,855,1170 15,85,1938
2039 345440 1 15,440,1584 16,153,1870
2040 345780 1 40,700,1300 42,360,1638
2041 346119 1 16,945,1080 18,119,1904
2042 346459 1 26,864,1152 27,351,1664
2043 346799 1 65,340,1638 78,180,1785
2044 347139 1 19,486,1539 24,76,1944
2045 347479 1 20,540,1485 22,153,1870
2046 347820 1 23,988,1035 24,312,1710
2047 348160 1 85,602,1360 112,215,1720
2048 348501 1 44,684,1320 72,95,1881
2049 348842 1 21,936,1092 24,135,1890
2050 349183 1 48,962,1040 52,333,1665
2051 349524 1 35,231,1785 51,75,1925
2052 349866 1 22,116,1914 29,51,1972
2053 350207 1 91,532,1430 95,418,1540
2054 350549 1 30,374,1650 34,150,1870
2055 350891 1 7,768,1280 9,30,2016
2056 351233 1 54,990,1012 55,621,1380
2057 351575 1 85,952,1020 105,272,1680
2058 351918 1 28,840,1190 30,260,1768
2059 352260 1 43,792,1224 68,99,1892
2060 352603 1 36,368,1656 40,180,1840
2061 352946 1 36,675,1350 38,323,1700
2062 353289 1 39,714,1309 40,462,1560
2063 353632 1 35,208,1820 40,119,1904
2064 353976 1 30,990,1044 36,143,1885
2065 354319 1 50,440,1575 63,154,1848
2066 354663 1 18,416,1632 26,51,1989
2067 355007 1 9,588,1470 10,77,1980
2068 355351 1 40,780,1248 44,264,1760
2069 355695 1 36,988,1045 45,143,1881
2070 356040 1 24,198,1848 35,55,1980
2071 356384 1 37,369,1665 41,185,1845
2072 356729 1 15,242,1815 16,120,1936
2073 357074 1 15,798,1260 16,176,1881
2074 357419 1 34,561,1479 44,116,1914
2075 357764 1 50,800,1225 52,455,1568
2076 358110 1 22,624,1430 24,180,1872
2077 358455 1 10,572,1495 13,40,2024
2078 358801 1 13,245,1820 14,104,1960
2079 359147 1 9,414,1656 11,44,2024
2080 359493 1 32,512,1536 40,120,1920
2081 359839 1 33,992,1056 56,72,1953
2082 360186 1 27,210,1845 28,164,1890
2083 360532 1 35,768,1280 39,224,1820
2084 360879 1 26,756,1302 27,341,1716
2085 361226 1 15,630,1440 21,48,2016
2086 361573 1 56,1015,1015 58,520,1508
2087 361920 1 27,540,1520 30,176,1881
2088 362268 1 58,870,1160 60,520,1508
2089 362615 1 39,984,1066 41,384,1664
2090 362963 1 10,260,1820 11,77,2002
2091 363311 1 66,945,1080 69,504,1518
2092 363659 1 12,720,1360 18,34,2040
2093 364007 1 35,882,1176 45,128,1920
2094 364356 1 34,309,1751 36,204,1854
2095 364704 1 55,990,1050 72,175,1848
2096 365053 1 28,143,1925 44,50,2002
2097 365402 1 49,392,1656 69,117,1911
2098 365751 1 50,200,1848 54,154,1890
2099 366100 1 42,374,1683 51,144,1904
2100 366450 1 36,774,1290 43,165,1892
2101 366799 1 43,980,1078 55,154,1892
2102 367149 1 32,880,1190 34,308,1760
2103 367499 1 45,693,1365 55,176,1872
2104 367849 1 76,660,1368 80,440,1584
2105 368199 1 48,242,1815 65,104,1936
2106 368550 1 26,260,1820 27,189,1890
2107 368900 1 70,777,1260 72,555,1480
2108 369251 1 17,119,1972 20,58,2030
2109 369602 1 19,1045,1045 37,37,2035
2110 369953 1 17,665,1428 20,95,1995
2111 370304 1 54,594,1463 63,224,1824
2112 370656 1 55,572,1485 60,297,1755
2113 371007 1 45,693,1375 63,125,1925
2114 371359 1 21,364,1729 24,114,1976
2115 371711 1 85,1015,1015 87,663,1365
2116 372063 1 23,943,1150 25,205,1886
2117 372415 1 63,1001,1053 65,567,1485
2118 372768 1 48,390,1680 60,147,1911
2119 373120 1 33,447,1639 39,143,1937
2120 373473 1 72,896,1152 80,360,1680
2121 373826 1 63,735,1323 105,126,1890
2122 374179 1 52,585,1485 55,351,1716
2123 374532 1 22,253,1848 23,168,1932
2124 374886 1 52,560,1512 54,390,1680
2125 375239 1 45,880,1200 50,275,1800
2126 375593 1 110,630,1386 126,350,1650
2127 375947 1 27,540,1560 34,104,1989
2128 376301 1 16,480,1632 20,68,2040
2129 376655 1 43,280,1806 72,77,1980
2130 377010 1 24,306,1800 40,50,2040
2131 377364 1 108,459,1564 115,360,1656
2132 377719 1 52,910,1170 60,252,1820
2133 378074 1 13,560,1560 21,32,2080
2134 378429 1 44,550,1540 55,154,1925
2135 378784 1 25,260,1850 26,185,1924
2136 379140 1 36,468,1632 51,96,1989
2137 379495 1 63,520,1554 80,185,1872
2138 379851 1 22,506,1610 26,110,2002
2139 380207 1 15,720,1404 27,32,2080
2140 380563 1 75,525,1540 88,252,1800
2141 380919 1 25,230,1886 41,50,2050
2142 381276 1 26,920,1196 27,360,1755
2143 381632 1 31,528,1584 36,154,1953
2144 381989 1 36,884,1224 51,104,1989
2145 382346 1 39,702,1404 55,110,1980
2146 382703 1 21,805,1320 22,276,1848
2147 383060 1 22,935,1190 26,119,2002
2148 383418 1 32,276,1840 42,90,2016
2149 383775 1 82,468,1599 91,294,1764
2150 384133 1 35,720,1395 36,434,1680
2151 384491 1 81,621,1449 126,162,1863
2152 384849 1 36,920,1196 40,240,1872
2153 385207 1 39,728,1386 63,88,2002
2154 385566 1 42,672,1440 48,216,1890
2155 385924 1 65,825,1265 75,286,1794
2156 386283 1 28,672,1456 36,104,2016
2157 386642 1 45,992,1120 60,144,1953
2158 387001 1 30,406,1722 41,87,2030
2159 387360 1 17,323,1819 19,107,2033
2160 387720 1 32,544,1584 39,132,1989
2161 388079 1 70,451,1640 77,280,1804
2162 388439 1 54,434,1674 62,210,1890
2163 388799 1 21,459,1683 33,51,2079
2164 389159 1 14,344,1806 16,84,2064
2165 389519 1 40,700,1425 56,114,1995
2166 389880 1 16,390,1760 20,66,2080
2167 390240 1 42,550,1575 55,132,1980
2168 390601 1 34,825,1309 35,450,1683
2169 390962 1 69,630,1470 72,441,1656
2170 391323 1 10,405,1755 12,52,2106
2171 391684 1 26,858,1287 46,55,2070
2172 392046 1 12,576,1584 16,44,2112
2173 392407 1 53,848,1272 57,368,1748
2174 392769 1 40,550,1584 50,144,1980
2175 393131 1 54,756,1365 63,240,1872
2176 393493 1 48,760,1368 55,240,1881
2177 393855 1 42,455,1680 45,260,1872
2178 394218 1 63,735,1380 69,345,1764
2179 394580 1 37,810,1332 54,100,2025
2180 394943 1 24,456,1700 25,255,1900
2181 395306 1 21,600,1560 39,42,2100
2182 395669 1 66,345,1771 70,264,1848
2183 396032 1 49,468,1666 68,126,1989
2184 396396 1 48,432,1704 54,213,1917
2185 396759 1 70,855,1260 76,399,1710
2186 397123 1 26,990,1170 30,154,2002
2187 397487 1 21,627,1539 27,81,2079
2188 397851 1 12,480,1696 15,53,2120
2189 398215 1 57,650,1482 68,221,1900
2190 398580 1 45,360,1785 48,238,1904
2191 398944 1 49,882,1260 63,168,1960
2192 399309 1 26,190,1976 32,80,2080
2193 399674 1 45,384,1764 49,224,1920
2194 400039 1 42,352,1800 45,224,1925
2195 400404 1 50,975,1170 63,182,1950
2196 400770 1 9,972,1215 16,20,2160
2197 401135 1 10,405,1782 13,39,2145
2198 401501 1 15,590,1593 20,54,2124
2199 401867 1 57,1026,1116 60,465,1674
2200 402233 1 44,770,1386 55,165,1980
2201 402599 1 35,1045,1121 59,77,2065
2202 402966 1 36,510,1656 40,207,1955
2203 403332 1 18,950,1235 19,234,1950
2204 403699 1 28,272,1904 29,203,1972
2205 404066 1 18,324,1863 20,115,2070
2206 404433 1 64,792,1350 66,540,1600
2207 404800 1 65,595,1547 91,161,1955
2208 405168 1 63,1001,1144 66,504,1638
2209 405535 1 84,675,1450 116,203,1890
2210 405903 1 40,770,1400 44,266,1900
2211 406271 1 33,198,1980 45,76,2090
2212 406639 1 19,255,1938 20,152,2040
2213 407007 1 26,819,1368 35,88,2090
2214 407376 1 36,594,1584 48,114,2052
2215 407744 1 75,840,1300 80,455,1680
2216 408113 1 32,546,1638 45,91,2080
2217 408482 1 8,564,1645 13,20,2184
2218 408851 1 14,986,1218 18,58,2142
2219 409220 1 110,888,1221 129,370,1720
2220 409590 1 33,972,1215 54,76,2090
2221 409959 1 12,940,1269 16,45,2160
2222 410329 1 17,360,1845 18,164,2040
2223 410699 1 27,360,1836 30,153,2040
2224 411069 1 40,504,1680 48,160,2016
2225 411439 1 24,781,1420 40,55,2130
2226 411810 1 42,504,1680 48,198,1980
2227 412180 1 40,1053,1134 41,546,1640
2228 412551 1 40,1094,1094 41,547,1640
2229 412922 1 53,480,1696 56,318,1855
2230 413293 1 21,564,1645 25,105,2100
2231 413664 1 22,658,1551 23,276,1932
2232 414036 1 24,368,1840 27,135,2070
2233 414407 1 24,846,1363 29,116,2088
2234 414779 1 14,540,1680 18,56,2160
2235 415151 1 65,805,1365 69,437,1729
2236 415523 1 11,267,1958 12,88,2136
2237 415895 1 39,182,2016 45,112,2080
2238 416268 1 54,672,1512 60,288,1890
2239 416640 1 42,507,1690 43,390,1806
2240 417013 1 44,216,1980 56,105,2079
2241 417386 1 44,1001,1196 56,161,2024
2242 417759 1 52,450,1740 58,234,1950
2243 418132 1 39,468,1736 42,248,1953
2244 418506 1 35,517,1692 36,360,1848
2245 418879 1 31,819,1395 35,195,2015
2246 419253 1 24,792,1430 36,65,2145
2247 419627 1 24,1026,1197 27,168,2052
2248 420001 1 120,532,1596 129,399,1720
2249 420375 1 40,282,1927 41,240,1968
2250 420750 1 42,192,2016 66,72,2112
2251 421124 1 111,1036,1104 112,851,1288
2252 421499 1 42,770,1440 48,224,1980
2253 421874 1 20,693,1540 21,252,1980
2254 422249 1 44,340,1870 46,253,1955
2255 422624 1 41,1025,1189 50,175,2030
2256 423000 1 60,540,1656 69,243,1944
2257 423375 1 37,777,1443 57,91,2109
2258 423751 1 66,704,1488 88,186,1984
2259 424127 1 74,950,1235 75,741,1443
2260 424503 1 50,325,1885 55,203,2002
2261 424879 1 21,896,1344 34,51,2176
2262 425256 1 36,636,1590 53,94,2115
2263 425632 1 16,784,1463 19,88,2156
2264 426009 1 23,792,1449 24,308,1932
2265 426386 1 45,185,2035 57,99,2109
2266 426763 1 42,556,1668 43,417,1806
2267 427140 1 56,1071,1140 57,680,1530
2268 427518 1 28,1120,1120 54,54,2160
2269 427895 1 14,1107,1148 27,28,2214
2270 428273 1 100,245,1925 110,200,1960
2271 428651 1 21,1050,1200 27,84,2160
2272 429029 1 64,608,1600 75,247,1950
2273 429407 1 19,161,2093 23,65,2185
2274 429786 1 24,990,1260 27,168,2079
2275 430164 1 63,553,1659 75,225,1975
2276 430543 1 68,882,1326 91,196,1989
2277 430922 1 51,186,2040 65,104,2108
2278 431301 1 28,500,1750 34,119,2125
2279 431680 1 43,559,1677 53,159,2067
2280 432060 1 30,900,1350 48,72,2160
2281 432439 1 45,396,1840 48,253,1980
2282 432819 1 20,1102,1160 38,40,2204
2283 433199 1 28,176,2079 33,90,2160
2284 433579 1 30,616,1638 40,99,2145
2285 433959 1 5,665,1615 7,17,2261
2286 434340 1 30,752,1504 32,280,1974
2287 434720 1 21,264,2002 26,77,2184
2288 435101 1 8,1064,1216 10,38,2240
2289 435482 1 10,559,1720 13,40,2236
2290 435863 1 28,546,1716 35,110,2145
2291 436244 1 66,663,1562 71,374,1846
2292 436626 1 84,966,1242 108,252,1932
2293 437007 1 16,621,1656 18,115,2160
2294 437389 1 63,215,2016 70,160,2064
2295 437771 1 45,450,1800 51,204,2040
2296 438153 1 35,616,1645 40,188,2068
2297 438535 1 65,945,1287 75,297,1925
2298 438918 1 42,1008,1248 48,234,2016
2299 439300 1 49,315,1935 63,129,2107
2300 439683 1 90,936,1274 130,210,1960
2301 440066 1 29,880,1392 33,180,2088
2302 440449 1 93,235,1974 105,182,2015
2303 440832 1 70,945,1288 72,621,1610
2304 441216 1 27,792,1485 50,54,2200
2305 441599 1 44,836,1425 45,550,1710
2306 441983 1 27,200,2079 36,70,2200
2307 442367 1 99,1020,1188 110,442,1755
2308 442751 1 40,540,1728 46,192,2070
2309 443135 1 34,575,1700 47,100,2162
2310 443520 1 15,765,1530 22,44,2244
2311 443904 1 34,288,1989 36,195,2080
2312 444289 1 35,1045,1232 44,140,2128
2313 444674 1 12,1092,1209 13,130,2170
2314 445059 1 64,650,1600 104,130,2080
2315 445444 1 27,1100,1188 40,75,2200
2316 445830 1 12,1008,1296 21,27,2268
2317 446215 1 35,770,1512 40,198,2079
2318 446601 1 24,434,1860 28,120,2170
2319 446987 1 58,493,1768 78,153,2088
2320 447373 1 52,630,1638 70,150,2100
2321 447759 1 22,726,1573 26,117,2178
2322 448146 1 60,870,1392 90,144,2088
2323 448532 1 23,575,1725 24,275,2024
2324 448919 1 88,520,1716 110,234,1980
2325 449306 1 26,1045,1254 45,57,2223
2326 449693 1 48,406,1872 56,182,2088
2327 450080 1 26,221,2080 32,85,2210
2328 450468 1 18,630,1680 24,64,2240
2329 450855 1 54,504,1771 66,184,2079
2330 451243 1 40,1120,1170 42,416,1872
2331 451631 1 6,600,1725 8,23,2300
2332 452019 1 20,952,1360 28,64,2240
2333 452407 1 45,200,2088 58,100,2175
2334 452796 1 22,1088,1224 24,198,2112
2335 453184 1 85,850,1400 91,476,1768
2336 453573 1 110,378,1848 140,216,1980
2337 453962 1 25,272,2040 27,150,2160
2338 454351 1 34,544,1760 50,88,2200
2339 454740 1 44,645,1650 60,129,2150
2340 455130 1 20,1160,1160 39,39,2262
2341 455519 1 66,273,2002 81,154,2106
2342 455909 1 38,456,1848 42,210,2090
2343 456299 1 63,480,1800 66,352,1925
2344 456689 1 56,704,1584 64,264,2016
2345 457079 1 25,725,1595 35,77,2233
2346 457470 1 45,1092,1209 72,104,2170
2347 457860 1 18,340,1989 20,117,2210
2348 458251 1 44,1152,1152 48,320,1980
2349 458642 1 45,234,2070 46,210,2093
2350 459033 1 25,1050,1275 28,180,2142
2351 459424 1 90,1001,1260 154,169,2028
2352 459816 1 42,462,1848 48,192,2112
2353 460207 1 41,344,1968 43,246,2064
2354 460599 1 104,950,1300 110,572,1672
2355 460991 1 33,903,1419 43,119,2193
2356 461383 1 38,950,1368 57,99,2200
2357 461775 1 66,1026,1265 69,540,1748
2358 462168 1 44,858,1456 48,308,2002
2359 462560 1 39,1144,1176 49,154,2156
2360 462953 1 57,840,1463 72,198,2090
2361 463346 1 66,891,1404 99,156,2106
2362 463739 1 58,1044,1260 63,385,1914
2363 464132 1 26,513,1824 32,108,2223
2364 464526 1 63,285,2016 76,160,2128
2365 464919 1 20,335,2010 22,132,2211
2366 465313 1 42,581,1743 52,156,2158
2367 465707 1 36,693,1638 42,180,2145
2368 466101 1 56,340,1972 58,280,2030
2369 466495 1 65,510,1794 69,345,1955
2370 466890 1 18,1155,1197 24,66,2280
2371 467284 1 76,1071,1224 77,798,1496
2372 467679 1 60,612,1700 62,450,1860
2373 468074 1 69,1104,1200 78,345,1950
2374 468469 1 34,459,1881 54,76,2244
2375 468864 1 63,992,1320 70,352,1953
2376 469260 1 66,462,1848 72,288,2016
2377 469655 1 78,209,2090 81,190,2106
2378 470051 1 29,319,2030 35,110,2233
2379 470447 1 9,300,2070 10,69,2300
2380 470843 1 70,220,2090 76,176,2128
2381 471239 1 82,836,1463 86,532,1763
2382 471636 1 26,988,1368 45,57,2280
2383 472032 1 84,570,1729 95,312,1976
2384 472429 1 72,1088,1224 80,384,1920
2385 472826 1 48,285,2052 54,171,2160
2386 473223 1 48,1008,1330 54,280,2052
2387 473620 1 55,352,1980 56,315,2016
2388 474018 1 22,221,2145 24,120,2244
2389 474415 1 44,924,1421 45,580,1764
2390 474813 1 10,560,1820 11,91,2288
2391 475211 1 45,1170,1176 60,147,2184
2392 475609 1 88,896,1408 96,448,1848
2393 476007 1 132,935,1326 143,550,1700
2394 476406 1 38,532,1824 42,224,2128
2395 476804 1 70,217,2108 85,140,2170
2396 477203 1 20,990,1386 21,275,2100
2397 477602 1 117,408,1872 136,272,1989
2398 478001 1 32,1118,1248 33,473,1892
2399 478400 1 124,1085,1190 136,527,1736
2400 478800 1 34,462,1904 44,112,2244
2401 479199 1 35,630,1736 45,124,2232
2402 479599 1 26,312,2064 27,215,2160
2403 479999 1 51,924,1428 63,198,2142
2404 480399 1 51,1105,1248 52,672,1680
2405 480799 1 25,280,2100 26,195,2184
2406 481200 1 38,240,2128 40,182,2184
2407 481600 1 55,812,1540 58,435,1914
2408 482001 1 7,343,2058 8,48,2352
2409 482402 1 55,440,1914 60,261,2088
2410 482803 1 35,525,1850 42,148,2220
2411 483204 1 116,783,1512 117,728,1566
2412 483606 1 44,740,1628 60,132,2220
2413 484007 1 99,1144,1170 110,455,1848
2414 484409 1 34,1071,1309 44,126,2244
2415 484811 1 40,475,1900 46,184,2185
2416 485213 1 36,580,1800 50,104,2262
2417 485615 1 129,1092,1196 138,602,1677
2418 486018 1 72,960,1386 96,210,2112
2419 486420 1 70,285,2064 76,215,2128
2420 486823 1 45,775,1600 64,124,2232
2421 487226 1 42,1098,1281 46,305,2070
2422 487629 1 42,1190,1190 46,306,2070
2423 488032 1 92,836,1495 143,190,2090
2424 488436 1 44,1104,1276 46,464,1914
2425 488839 1 60,645,1720 75,200,2150
2426 489243 1 8,682,1736 11,28,2387
2427 489647 1 42,810,1575 75,84,2268
2428 490051 1 60,688,1680 63,430,1935
2429 490455 1 35,574,1820 44,130,2255
2430 490860 1 78,480,1872 90,260,2080
2431 491264 1 51,680,1700 66,165,2200
2432 491669 1 52,884,1496 56,374,2002
2433 492074 1 15,468,1950 18,75,2340
2434 492479 1 82,1092,1260 86,585,1763
2435 492884 1 20,345,2070 26,69,2340
2436 493290 1 56,840,1540 60,396,1980
2437 493695 1 23,459,1955 27,115,2295
2438 494101 1 38,1140,1260 51,126,2261
2439 494507 1 24,672,1743 32,83,2324
2440 494913 1 48,624,1768 60,170,2210
2441 495319 1 65,936,1440 76,285,2080
2442 495726 1 11,286,2145 12,90,2340
2443 496132 1 42,1078,1323 43,594,1806
2444 496539 1 24,528,1892 43,49,2352
2445 496946 1 35,380,2030 38,203,2204
2446 497353 1 45,945,1456 52,234,2160
2447 497760 1 91,1116,1240 104,390,1953
2448 498168 1 85,323,2040 96,224,2128
2449 498575 1 17,1140,1292 19,135,2295
2450 498983 1 35,805,1610 50,100,2300
2451 499391 1 36,345,2070 38,228,2185
2452 499799 1 8,520,1924 10,37,2405
2453 500207 1 11,429,2013 13,61,2379
2454 500616 1 16,848,1590 24,45,2385
2455 501024 1 55,960,1440 63,280,2112
2456 501433 1 20,980,1456 26,78,2352
2457 501842 1 21,609,1827 27,81,2349
2458 502251 1 90,1080,1288 92,756,1610
2459 502660 1 27,704,1728 28,352,2079
2460 503070 1 62,868,1530 72,280,2108
2461 503479 1 107,535,1819 115,391,1955
2462 503889 1 14,684,1764 19,49,2394
2463 504299 1 27,1188,1248 32,143,2288
2464 504709 1 22,814,1628 32,64,2368
2465 505119 1 50,575,1840 64,161,2240
2466 505530 1 90,936,1440 91,800,1575
2467 505940 1 10,297,2160 11,80,2376
2468 506351 1 17,513,1938 18,189,2261
2469 506762 1 54,1155,1260 60,330,2079
2470 507173 1 5,435,2030 6,28,2436
2471 507584 1 39,352,2080 40,286,2145
2472 507996 1 36,420,2016 40,192,2240
2473 508407 1 25,680,1768 28,170,2275
2474 508819 1 35,990,1449 36,506,1932
2475 509231 1 60,840,1575 77,198,2200
2476 509643 1 40,396,2040 45,187,2244
2477 510055 1 45,200,2232 62,90,2325
2478 510468 1 42,406,2030 58,110,2310
2479 510880 1 28,946,1505 44,70,2365
2480 511293 1 30,650,1800 40,100,2340
2481 511706 1 31,931,1519 49,76,2356
2482 512119 1 16,274,2192 17,136,2329
2483 512532 1 26,390,2067 45,53,2385
2484 512946 1 34,308,2142 36,204,2244
2485 513359 1 55,1155,1275 91,119,2275
2486 513773 1 22,880,1584 26,120,2340
2487 514187 1 30,702,1755 39,108,2340
2488 514601 1 85,720,1683 96,352,2040
2489 515015 1 24,1131,1334 39,58,2392
2490 515430 1 40,630,1820 72,78,2340
2491 515844 1 16,187,2288 26,34,2431
2492 516259 1 60,912,1520 62,570,1860
2493 516674 1 13,400,2080 15,78,2400
2494 517089 1 22,624,1848 24,182,2288
2495 517504 1 25,475,1995 38,63,2394
2496 517920 1 21,252,2223 26,76,2394
2497 518335 1 105,390,2002 132,220,2145
2498 518751 1 18,806,1674 26,54,2418
2499 519167 1 14,497,1988 17,68,2414
2500 519583 1 64,420,2016 80,180,2240
2501 519999 1 44,1197,1260 56,165,2280
2502 520416 1 45,567,1890 54,180,2268
2503 520832 1 74,616,1813 88,259,2156
2504 521249 1 40,208,2256 47,117,2340
2505 521666 1 54,969,1482 57,459,1989
2506 522083 1 36,270,2200 55,75,2376
2507 522500 1 50,225,2232 62,120,2325
2508 522918 1 38,494,1976 44,176,2288
2509 523335 1 78,884,1547 104,221,2184
2510 523753 1 60,980,1470 62,588,1860
2511 524171 1 54,702,1755 91,110,2310
2512 524589 1 55,455,2002 64,208,2240
2513 525007 1 49,784,1680 56,252,2205
2514 525426 1 57,405,2052 72,162,2280
2515 525844 1 115,468,1932 130,315,2070
2516 526263 1 15,1220,1281 20,56,2440
2517 526682 1 33,924,1560 39,168,2310
2518 527101 1 110,770,1638 126,390,2002
2519 527520 1 11,627,1881 19,25,2475
2520 527940 1 20,500,2000 24,96,2400
2521 528359 1 77,715,1729 91,285,2145
2522 528779 1 21,1220,1281 40,42,2440
2523 529199 1 45,1190,1288 72,105,2346
2524 529619 1 16,638,1870 17,187,2320
2525 530039 1 95,540,1890 112,285,2128
2526 530460 1 36,720,1770 48,118,2360
2527 530880 1 28,595,1904 35,112,2380
2528 531301 1 48,1085,1395 56,240,2232
2529 531722 1 30,189,2310 33,120,2376
2530 532143 1 80,1050,1400 100,270,2160
2531 532564 1 48,1040,1443 74,117,2340
2532 532986 1 36,504,1992 42,166,2324
2533 533407 1 24,234,2275 25,168,2340
2534 533829 1 38,672,1824 49,133,2352
2535 534251 1 65,580,1890 84,189,2262
2536 534673 1 40,1120,1376 42,430,2064
2537 535095 1 29,855,1653 38,105,2394
2538 535518 1 38,1170,1330 42,273,2223
2539 535940 1 37,1170,1332 40,315,2184
2540 536363 1 32,608,1900 40,125,2375
2541 536786 1 45,516,1980 66,110,2365
2542 537209 1 42,980,1520 57,133,2352
2543 537632 1 20,928,1595 35,44,2464
2544 538056 1 44,220,2280 54,114,2376
2545 538479 1 45,550,1950 46,429,2070
2546 538903 1 114,1216,1216 116,864,1566
2547 539327 1 39,792,1716 54,117,2376
2548 539751 1 28,448,2072 32,148,2368
2549 540175 1 30,1040,1479 34,195,2320
2550 540600 1 25,950,1575 30,126,2394
2551 541024 1 41,460,2050 46,205,2300
2552 541449 1 55,1232,1265 56,736,1760
2553 541874 1 28,900,1625 30,273,2250
2554 542299 1 76,944,1534 104,208,2242
2555 542724 1 33,1067,1455 55,75,2425
2556 543150 1 57,969,1530 72,204,2280
2557 543575 1 22,1105,1430 34,58,2465
2558 544001 1 23,442,2093 35,58,2465
2559 544427 1 63,819,1677 65,559,1935
2560 544853 1 80,1040,1440 90,390,2080
2561 545279 1 91,559,1911 129,196,2236
2562 545706 1 9,666,1887 12,34,2516
2563 546132 1 55,880,1628 64,259,2240
2564 546559 1 65,595,1904 68,416,2080
2565 546986 1 49,850,1666 85,100,2380
2566 547413 1 43,1218,1305 44,630,1892
2567 547840 1 40,1064,1463 44,290,2233
2568 548268 1 30,396,2142 34,154,2380
2569 548695 1 34,546,1989 42,133,2394
2570 549123 1 71,1008,1491 80,360,2130
2571 549551 1 44,798,1729 45,546,1980
2572 549979 1 92,608,1872 117,247,2208
2573 550407 1 50,725,1798 62,186,2325
2574 550836 1 22,352,2200 24,150,2400
2575 551264 1 45,690,1840 48,342,2185
2576 551693 1 35,357,2184 40,156,2380
2577 552122 1 36,1155,1386 42,195,2340
2578 552551 1 45,765,1768 51,247,2280
2579 552980 1 86,831,1662 90,554,1935
2580 553410 1 18,366,2196 20,120,2440
2581 553839 1 28,805,1748 46,65,2470
2582 554269 1 40,930,1612 60,104,2418
2583 554699 1 21,1281,1281 41,41,2501
2584 555129 1 34,1224,1326 36,364,2184
2585 555559 1 50,975,1560 55,330,2200
2586 555990 1 36,650,1900 38,325,2223
2587 556420 1 46,462,2079 47,378,2162
2588 556851 1 65,638,1885 80,220,2288
2589 557282 1 48,756,1785 51,378,2160
2590 557713 1 14,736,1840 15,160,2415
2591 558144 1 26,171,2394 30,91,2470
2592 558576 1 27,513,2052 32,128,2432
2593 559007 1 37,1224,1332 45,168,2380
2594 559439 1 95,637,1862 98,520,1976
2595 559871 1 65,1265,1265 68,572,1955
2596 560303 1 85,1071,1440 96,400,2100
2597 560735 1 35,777,1785 37,340,2220
2598 561168 1 6,1188,1404 11,13,2574
2599 561600 1 55,465,2079 77,135,2387
2600 562033 1 40,640,1920 50,150,2400
2601 562466 1 78,522,2001 81,414,2106
2602 562899 1 39,561,2002 42,272,2288
2603 563332 1 75,553,1975 91,237,2275
2604 563766 1 12,432,2160 14,70,2520
2605 564199 1 75,1100,1430 78,627,1900
2606 564633 1 22,494,2090 26,110,2470
2607 565067 1 66,605,1936 80,228,2299
2608 565501 1 7,833,1768 8,52,2548
2609 565935 1 144,870,1595 165,464,1980
2610 566370 1 9,816,1785 10,80,2520
2611 566804 1 26,297,2288 27,208,2376
2612 567239 1 20,392,2200 22,140,2450
2613 567674 1 21,576,2016 26,91,2496
2614 568109 1 40,864,1710 54,128,2432
2615 568544 1 15,920,1680 16,184,2415
2616 568980 1 24,1080,1512 40,56,2520
2617 569415 1 75,492,2050 76,451,2090
2618 569851 1 42,1232,1344 44,462,2112
2619 570287 1 35,680,1904 45,126,2448
2620 570723 1 28,1008,1584 30,280,2310
2621 571159 1 46,515,2060 47,412,2162
2622 571596 1 46,644,1932 57,171,2394
2623 572032 1 13,855,1755 19,39,2565
2624 572469 1 76,728,1820 78,570,1976
2625 572906 1 24,1071,1530 35,70,2520
2626 573343 1 26,832,1768 34,96,2496
2627 573780 1 37,1295,1295 71,71,2485
2628 574218 1 68,792,1768 78,306,2244
2629 574655 1 74,1260,1295 99,220,2310
2630 575093 1 88,1178,1364 95,520,2015
2631 575531 1 39,720,1872 57,104,2470
2632 575969 1 28,1064,1540 40,84,2508
2633 576407 1 68,1197,1368 120,133,2380
2634 576846 1 12,570,2052 15,54,2565
2635 577284 1 51,680,1904 55,336,2244
2636 577723 1 52,608,1976 76,128,2432
2637 578162 1 42,1155,1440 63,110,2464
2638 578601 1 78,580,1980 90,286,2262
2639 579040 1 77,560,2002 91,260,2288
2640 579480 1 90,450,2100 105,260,2275
2641 579919 1 9,517,2115 11,45,2585
2642 580359 1 42,950,1650 50,198,2394
2643 580799 1 39,819,1785 51,135,2457
2644 581239 1 19,117,2508 26,44,2574
2645 581679 1 44,1020,1581 45,620,1980
2646 582120 1 33,402,2211 36,198,2412
2647 582560 1 39,216,2392 46,117,2484
2648 583001 1 22,1196,1430 23,325,2300
2649 583442 1 42,882,1725 45,350,2254
2650 583883 1 63,1287,1300 65,660,1925
2651 584324 1 50,391,2210 52,299,2300
2652 584766 1 34,1190,1428 60,72,2520
2653 585207 1 35,833,1785 49,105,2499
2654 585649 1 44,440,2170 62,112,2480
2655 586091 1 95,850,1710 135,225,2295
2656 586533 1 16,1144,1496 17,208,2431
2657 586975 1 11,1260,1386 12,115,2530
2658 587418 1 90,1008,1560 96,546,2016
2659 587860 1 33,910,1716 35,336,2288
2660 588303 1 14,756,1890 15,161,2484
2661 588746 1 99,441,2121 101,404,2156
2662 589189 1 52,972,1638 70,162,2430
2663 589632 1 55,1288,1320 56,759,1848
2664 590076 1 42,1012,1610 46,308,2310
2665 590519 1 82,1230,1353 105,264,2296
2666 590963 1 26,936,1704 39,71,2556
2667 591407 1 42,1260,1365 54,156,2457
2668 591851 1 76,1224,1368 120,168,2380
2669 592295 1 29,660,1980 45,72,2552
2670 592740 1 85,825,1760 96,374,2200
2671 593184 1 95,931,1645 133,235,2303
2672 593629 1 152,1064,1456 176,494,2002
2673 594074 1 72,918,1683 99,198,2376
2674 594519 1 34,204,2436 35,174,2465
2675 594964 1 65,465,2145 78,210,2387
2676 595410 1 24,936,1716 36,66,2574
2677 595855 1 55,598,2024 65,220,2392
2678 596301 1 10,1044,1624 12,56,2610
2679 596747 1 54,945,1680 78,144,2457
2680 597193 1 16,592,2072 20,70,2590
2681 597639 1 49,1176,1456 56,273,2352
2682 598086 1 20,682,1980 36,42,2604
2683 598532 1 28,945,1710 42,76,2565
2684 598979 1 22,363,2299 24,152,2508
2685 599426 1 18,840,1827 20,145,2520
2686 599873 1 24,418,2244 34,68,2584
2687 600320 1 65,399,2223 95,135,2457
2688 600768 1 28,798,1862 33,147,2508
2689 601215 1 25,189,2475 27,121,2541
2690 601663 1 45,1150,1495 50,300,2340
2691 602111 1 69,621,2001 81,261,2349
2692 602559 1 24,736,1932 32,84,2576
2693 603007 1 75,1050,1568 96,245,2352
2694 603456 1 69,900,1725 72,552,2070
2695 603904 1 35,840,1820 45,130,2520
2696 604353 1 50,1071,1575 51,690,1955
2697 604802 1 29,435,2233 35,121,2541
2698 605251 1 23,575,2100 25,189,2484
2699 605700 1 14,840,1845 15,164,2520
2700 606150 1 55,575,2070 75,150,2475
2701 606599 1 39,792,1870 45,208,2448
2702 607049 1 50,672,1980 63,175,2464
2703 607499 1 19,1064,1620 21,162,2520
2704 607949 1 52,663,1989 64,192,2448
2705 608399 1 26,1184,1495 32,120,2553
2706 608850 1 41,410,2255 44,242,2420
2707 609300 1 38,969,1700 57,100,2550
2708 609751 1 62,1260,1386 64,660,1984
2709 610202 1 23,869,1817 33,69,2607
2710 610653 1 30,840,1840 42,92,2576
2711 611104 1 110,646,1955 115,506,2090
2712 611556 1 24,928,1760 36,66,2610
2713 612007 1 45,1288,1380 47,504,2162
2714 612459 1 59,1062,1593 92,138,2484
2715 612911 1 15,720,1980 20,55,2640
2716 613363 1 32,732,1952 42,112,2562
2717 613815 1 22,693,2002 26,117,2574
2718 614268 1 30,960,1728 45,81,2592
2719 614720 1 94,665,1960 112,304,2303
2720 615173 1 32,432,2256 47,81,2592
2721 615626 1 48,567,2106 56,208,2457
2722 616079 1 52,690,1980 55,390,2277
2723 616532 1 39,488,2196 61,88,2574
2724 616986 1 51,891,1782 55,374,2295
2725 617439 1 63,660,2002 70,315,2340
2726 617893 1 26,1300,1400 35,91,2600
2727 618347 1 36,1287,1404 39,312,2376
2728 618801 1 33,253,2442 37,138,2553
2729 619255 1 360,1134,1235 405,728,1596
2730 619710 1 42,224,2464 45,165,2520
2731 620164 1 52,456,2223 64,171,2496
2732 620619 1 14,870,1848 15,165,2552
2733 621074 1 35,1330,1368 42,171,2520
2734 621529 1 62,812,1860 66,435,2233
2735 621984 1 40,1265,1430 44,299,2392
2736 622440 1 76,1121,1539 81,531,2124
2737 622895 1 42,1078,1617 51,187,2499
2738 623351 1 18,476,2244 21,99,2618
2739 623807 1 39,975,1725 51,138,2550
2740 624263 1 24,700,2016 25,315,2400
2741 624719 1 116,725,1900 140,340,2261
2742 625176 1 42,350,2350 51,141,2550
2743 625632 1 26,364,2353 28,181,2534
2744 626089 1 14,420,2310 16,88,2640
2745 626546 1 72,1188,1485 120,150,2475
2746 627003 1 40,1210,1496 51,154,2541
2747 627460 1 56,1008,1683 68,231,2448
2748 627918 1 22,658,2068 28,88,2632
2749 628375 1 44,1265,1440 46,495,2208
2750 628833 1 90,1190,1470 98,510,2142
2751 629291 1 60,975,1716 78,198,2475
2752 629749 1 32,880,1840 35,253,2464
2753 630207 1 26,153,2574 33,68,2652
2754 630666 1 45,234,2475 66,88,2600
2755 631124 1 35,896,1824 38,285,2432
2756 631583 1 53,1166,1537 88,116,2552
2757 632042 1 18,759,1980 19,230,2508
2758 632501 1 72,340,2346 80,230,2448
2759 632960 1 33,1316,1410 42,132,2585
2760 633420 1 30,714,2016 32,280,2448
2761 633879 1 88,957,1716 116,253,2392
2762 634339 1 88,770,1904 110,272,2380
2763 634799 1 45,1134,1584 48,405,2310
2764 635259 1 14,860,1890 27,28,2709
2765 635719 1 15,825,1925 21,49,2695
2766 636180 1 88,1030,1648 100,400,2266
2767 636640 1 40,675,2052 50,152,2565
2768 637101 1 95,405,2268 108,266,2394
2769 637562 1 30,660,2079 33,216,2520
2770 638023 1 45,1090,1635 46,654,2070
2771 638484 1 34,765,1972 45,116,2610
2772 638946 1 34,518,2220 35,357,2380
2773 639407 1 133,855,1785 170,342,2261
2774 639869 1 30,980,1764 36,148,2590
2775 640331 1 30,665,2080 32,273,2470
2776 640793 1 21,532,2223 26,90,2660
2777 641255 1 63,1265,1449 115,121,2541
2778 641718 1 24,504,2250 28,125,2625
2779 642180 1 49,1064,1666 76,119,2584
2780 642643 1 20,840,1920 28,64,2688
2781 643106 1 45,1140,1596 46,665,2070
2782 643569 1 32,850,1900 38,160,2584
2783 644032 1 46,1288,1449 63,144,2576
2784 644496 1 30,1224,1530 34,200,2550
2785 644959 1 35,1000,1750 48,112,2625
2786 645423 1 26,368,2392 28,182,2576
2787 645887 1 33,594,2160 35,288,2464
2788 646351 1 34,918,1836 44,126,2618
2789 646815 1 77,952,1760 85,416,2288
2790 647280 1 36,459,2295 40,200,2550
2791 647744 1 52,594,2145 55,360,2376
2792 648209 1 8,912,1872 9,66,2717
2793 648674 1 28,595,2170 34,124,2635
2794 649139 1 42,688,2064 44,385,2365
2795 649604 1 43,387,2365 45,275,2475
2796 650070 1 108,1008,1680 114,630,2052
2797 650535 1 77,432,2288 88,252,2457
2798 651001 1 26,432,2340 48,50,2700
2799 651467 1 16,209,2574 24,39,2736
2800 651933 1 48,1120,1632 56,245,2499
2801 652399 1 49,344,2408 50,301,2450
2802 652866 1 58,1120,1624 64,370,2368
2803 653332 1 42,528,2233 48,203,2552
2804 653799 1 39,945,1820 60,98,2646
2805 654266 1 51,459,2295 55,275,2475
2806 654733 1 37,888,1881 66,76,2664
2807 655200 1 63,1127,1617 69,407,2331
2808 655668 1 24,561,2223 26,198,2584
2809 656135 1 16,1064,1729 17,208,2584
2810 656603 1 56,1242,1512 60,450,2300
2811 657071 1 27,1008,1776 28,407,2376
2812 657539 1 38,380,2394 40,252,2520
2813 658007 1 45,1008,1760 77,96,2640
2814 658476 1 8,366,2440 9,60,2745
2815 658944 1 55,924,1836 56,680,2079
2816 659413 1 66,1320,1430 78,296,2442
2817 659882 1 24,441,2352 27,144,2646
2818 660351 1 30,1230,1558 39,114,2665
2819 660820 1 36,1155,1628 40,259,2520
2820 661290 1 48,792,1980 90,90,2640
2821 661759 1 15,1150,1656 25,36,2760
2822 662229 1 68,612,2142 84,222,2516
2823 662699 1 35,408,2380 40,165,2618
2824 663169 1 15,583,2226 16,168,2640
2825 663639 1 95,945,1785 105,459,2261
2826 664110 1 72,765,1989 78,408,2340
2827 664580 1 34,1064,1729 39,204,2584
2828 665051 1 84,980,1764 90,518,2220
2829 665522 1 20,1113,1696 21,288,2520
2830 665993 1 21,265,2544 22,168,2640
2831 666464 1 56,1071,1704 71,204,2556
2832 666936 1 72,765,1995 76,476,2280
2833 667407 1 28,1188,1617 33,154,2646
2834 667879 1 13,819,2002 18,44,2772
2835 668351 1 26,742,2067 27,351,2457
2836 668823 1 20,960,1856 22,174,2640
2837 669295 1 47,910,1880 65,140,2632
2838 669768 1 22,1408,1408 43,43,2752
2839 670240 1 51,1020,1768 57,312,2470
2840 670713 1 75,425,2340 80,312,2448
2841 671186 1 105,504,2232 144,217,2480
2842 671659 1 49,399,2394 50,342,2450
2843 672132 1 84,1023,1736 93,440,2310
2844 672606 1 24,1320,1500 44,50,2750
2845 673079 1 100,945,1800 161,200,2484
2846 673553 1 36,380,2430 38,243,2565
2847 674027 1 12,315,2520 13,104,2730
2848 674501 1 39,689,2120 40,468,2340
2849 674975 1 37,592,2220 40,265,2544
2850 675450 1 50,1400,1400 95,95,2660
2851 675924 1 91,1275,1485 119,275,2457
2852 676399 1 20,472,2360 23,115,2714
2853 676874 1 78,1110,1665 81,666,2106
2854 677349 1 45,159,2650 54,100,2700
2855 677824 1 21,545,2289 25,105,2725
2856 678300 1 34,1275,1547 35,546,2275
2857 678775 1 7,400,2450 8,49,2800
2858 679251 1 20,990,1848 30,56,2772
2859 679727 1 51,260,2548 60,147,2652
2860 680203 1 44,704,2112 55,165,2640
2861 680679 1 56,495,2310 77,144,2640
2862 681156 1 110,288,2464 112,275,2475
2863 681632 1 68,364,2431 91,154,2618
2864 682109 1 48,1056,1760 55,265,2544
2865 682586 1 165,1160,1540 168,957,1740
2866 683063 1 54,760,2052 57,424,2385
2867 683540 1 29,228,2610 40,72,2755
2868 684018 1 30,1221,1617 33,245,2590
2869 684495 1 38,1216,1615 64,85,2720
2870 684973 1 98,1008,1764 105,560,2205
2871 685451 1 22,1265,1584 24,207,2640
2872 685929 1 56,576,2240 63,265,2544
2873 686407 1 13,715,2145 17,51,2805
2874 686886 1 24,1320,1530 25,374,2475
2875 687364 1 63,532,2280 70,285,2520
2876 687843 1 92,783,2001 116,276,2484
2877 688322 1 168,525,2184 182,420,2275
2878 688801 1 65,638,2175 66,550,2262
2879 689280 1 70,1325,1484 104,175,2600
2880 689760 1 45,945,1890 64,128,2688
2881 690239 1 14,987,1880 21,40,2820
2882 690719 1 77,528,2277 99,207,2576
2883 691199 1 31,1116,1736 33,330,2520
2884 691679 1 24,520,2340 28,126,2730
2885 692159 1 50,1080,1755 60,225,2600
2886 692640 1 36,1026,1824 54,96,2736
2887 693120 1 14,1001,1872 16,99,2772
2888 693601 1 28,220,2640 36,80,2772
2889 694082 1 144,1305,1440 145,1120,1624
2890 694563 1 78,1406,1406 81,703,2106
2891 695044 1 78,725,2088 117,174,2600
2892 695526 1 48,1044,1800 50,522,2320
2893 696007 1 77,1232,1584 84,477,2332
2894 696489 1 78,572,2244 99,221,2574
2895 696971 1 22,221,2652 30,60,2805
2896 697453 1 21,805,2070 23,182,2691
2897 697935 1 102,765,2030 145,232,2520
2898 698418 1 8,850,2040 10,38,2850
2899 698900 1 31,930,1938 35,204,2660
2900 699383 1 72,1008,1820 84,320,2496
2901 699866 1 18,837,2046 21,108,2772
2902 700349 1 147,1225,1530 150,952,1800
2903 700832 1 108,1040,1755 120,495,2288
2904 701316 1 16,912,1976 21,62,2821
2905 701799 1 112,441,2352 140,245,2520
2906 702283 1 20,650,2236 25,86,2795
2907 702767 1 63,819,2025 65,567,2275
2908 703251 1 18,1360,1530 20,152,2736
2909 703735 1 21,665,2223 26,93,2790
2910 704220 1 22,950,1938 30,75,2805
2911 704704 1 21,238,2652 28,62,2821
2912 705189 1 50,1350,1512 72,140,2700
2913 705674 1 30,1023,1860 33,240,2640
2914 706159 1 26,798,2090 30,154,2730
2915 706644 1 25,1190,1700 35,80,2800
2916 707130 1 26,1326,1564 28,266,2622
2917 707615 1 68,962,1887 117,136,2664
2918 708101 1 28,510,2380 30,228,2660
2919 708587 1 7,672,2240 9,30,2880
2920 709073 1 34,1122,1764 49,99,2772
2921 709559 1 105,576,2240 112,424,2385
2922 710046 1 32,1258,1632 36,222,2664
2923 710532 1 33,1020,1870 40,155,2728
2924 711019 1 42,1232,1650 44,480,2400
2925 711506 1 42,930,1953 45,360,2520
2926 711993 1 11,330,2585 12,94,2820
2927 712480 1 37,1275,1615 57,95,2775
2928 712968 1 54,660,2214 55,533,2340
2929 713455 1 46,1395,1488 47,720,2162
2930 713943 1 46,1442,1442 47,721,2162
2931 714431 1 54,1365,1512 60,351,2520
2932 714919 1 40,552,2340 46,195,2691
2933 715407 1 45,380,2508 77,84,2772
2934 715896 1 18,405,2511 20,124,2790
2935 716384 1 24,142,2769 30,65,2840
2936 716873 1 31,332,2573 32,248,2656
2937 717362 1 64,377,2496 66,319,2552
2938 717851 1 33,385,2520 40,126,2772
2939 718340 1 49,1224,1666 56,279,2604
2940 718830 1 24,972,1944 35,70,2835
2941 719319 1 50,616,2275 55,286,2600
2942 719809 1 27,1325,1590 30,212,2700
2943 720299 1 17,308,2618 18,153,2772
2944 720789 1 30,282,2632 40,84,2820
2945 721279 1 38,342,2565 65,72,2808
2946 721770 1 63,837,2046 66,504,2376
2947 722260 1 21,798,2128 22,285,2640
2948 722751 1 22,1056,1870 24,204,2720
2949 723242 1 66,1209,1674 78,297,2574
2950 723733 1 24,1026,1900 25,360,2565
2951 724224 1 231,1040,1680 286,520,2145
2952 724716 1 48,792,2112 64,152,2736
2953 725207 1 41,1148,1764 49,198,2706
2954 725699 1 50,704,2200 64,170,2720
2955 726191 1 48,432,2475 55,200,2700
2956 726683 1 46,679,2231 56,184,2716
2957 727175 1 119,1326,1512 161,312,2484
2958 727668 1 42,621,2295 51,170,2737
2959 728160 1 34,783,2142 35,459,2465
2960 728653 1 56,440,2464 70,170,2720
2961 729146 1 47,1175,1739 75,111,2775
2962 729639 1 37,575,2350 46,141,2775
2963 730132 1 39,1104,1820 42,345,2576
2964 730626 1 36,480,2448 40,204,2720
2965 731119 1 51,364,2550 60,175,2730
2966 731613 1 22,544,2400 25,136,2805
2967 732107 1 55,624,2288 57,440,2470
2968 732601 1 40,840,2088 42,406,2520
2969 733095 1 26,1287,1656 40,69,2860
2970 733590 1 56,940,1974 65,273,2632
2971 734084 1 46,441,2484 49,276,2646
2972 734579 1 65,1360,1547 68,616,2288
2973 735074 1 48,780,2145 49,572,2352
2974 735569 1 48,924,2002 49,637,2288
2975 736064 1 17,986,1972 25,50,2900
2976 736560 1 36,780,2160 48,120,2808
2977 737055 1 16,1457,1504 31,32,2914
2978 737551 1 63,1232,1683 68,462,2448
2979 738047 1 39,756,2184 54,117,2808
2980 738543 1 80,464,2436 90,280,2610
2981 739039 1 55,1430,1496 65,264,2652
2982 739536 1 38,1120,1824 42,280,2660
2983 740032 1 100,775,2108 110,442,2431
2984 740529 1 69,477,2438 72,368,2544
2985 741026 1 78,450,2457 105,180,2700
2986 741523 1 28,170,2788 34,82,2870
2987 742020 1 75,1040,1872 88,325,2574
2988 742518 1 48,780,2160 90,90,2808
2989 743015 1 13,1364,1612 14,154,2821
2990 743513 1 65,1443,1482 74,351,2565
2991 744011 1 75,1404,1512 91,300,2600
2992 744509 1 48,864,2080 80,104,2808
2993 745007 1 77,396,2520 110,155,2728
2994 745506 1 78,810,2106 90,330,2574
2995 746004 1 75,720,2200 80,440,2475
2996 746503 1 32,1368,1596 36,224,2736
2997 747002 1 54,540,2403 60,267,2670
2998 747501 1 72,950,1976 78,450,2470
2999 748000 1 51,1265,1683 55,414,2530
3000 748500 1 60,1050,1890 75,225,2700
3001 748999 1 12,784,2205 16,45,2940
3002 749499 1 9,365,2628 10,72,2920
3003 749999 1 33,440,2530 36,207,2760
3004 750499 1 28,960,2016 40,84,2880
3005 750999 1 25,600,2380 30,119,2856
3006 751500 1 80,1408,1518 92,384,2530
3007 752000 1 82,1326,1599 91,459,2457
3008 752501 1 80,720,2208 92,324,2592
3009 753002 1 65,1150,1794 69,525,2415
3010 753503 1 10,1350,1650 18,22,2970
3011 754004 1 96,1155,1760 140,231,2640
3012 754506 1 44,988,1980 45,627,2340
3013 755007 1 73,1188,1752 88,297,2628
3014 755509 1 24,260,2730 32,70,2912
3015 756011 1 25,390,2600 27,180,2808
3016 756513 1 58,348,2610 72,160,2784
3017 757015 1 91,1430,1496 119,280,2618
3018 757518 1 54,624,2340 80,130,2808
3019 758020 1 99,792,2128 112,399,2508
3020 758523 1 76,512,2432 80,380,2560
3021 759026 1 39,330,2652 51,110,2860
3022 759529 1 19,1008,1995 20,266,2736
3023 760032 1 217,966,1840 240,644,2139
3024 760536 1 16,1440,1568 21,63,2940
3025 761039 1 55,1122,1848 84,136,2805
3026 761543 1 26,480,2520 36,78,2912
3027 762047 1 135,1446,1446 144,723,2160
3028 762551 1 28,1400,1600 36,112,2880
3029 763055 1 133,616,2280 140,495,2394
3030 763560 1 104,1254,1672 120,440,2470
3031 764064 1 110,490,2431 119,364,2548
3032 764569 1 32,1320,1680 36,224,2772
3033 765074 1 135,819,2079 143,595,2295
3034 765579 1 34,1300,1700 44,130,2860
3035 766084 1 125,1125,1785 170,315,2550
3036 766590 1 36,930,2070 46,138,2852
3037 767095 1 133,1232,1672 154,496,2387
3038 767601 1 31,558,2449 36,158,2844
3039 768107 1 36,819,2184 42,189,2808
3040 768613 1 40,1200,1800 64,96,2880
3041 769119 1 108,368,2565 115,304,2622
3042 769626 1 39,546,2457 42,270,2730
3043 770132 1 51,1496,1496 68,170,2805
3044 770639 1 36,544,2464 44,144,2856
3045 771146 1 29,1131,1885 45,75,2925
3046 771653 1 70,806,2170 126,130,2790
3047 772160 1 72,357,2618 88,187,2772
3048 772668 1 66,210,2772 81,132,2835
3049 773175 1 19,990,2040 22,120,2907
3050 773683 1 25,325,2700 26,216,2808
3051 774191 1 75,1176,1800 132,147,2772
3052 774699 1 37,1332,1683 42,238,2772
3053 775207 1 44,944,2065 56,165,2832
3054 775716 1 48,864,2142 54,280,2720
3055 776224 1 25,420,2610 29,126,2900
3056 776733 1 88,812,2156 98,406,2552
3057 777242 1 57,720,2280 60,432,2565
3058 777751 1 55,693,2310 66,220,2772
3059 778260 1 17,819,2223 19,133,2907
3060 778770 1 60,1050,1950 63,540,2457
3061 779279 1 91,693,2277 117,253,2691
3062 779789 1 70,640,2352 80,294,2688
3063 780299 1 42,1311,1710 70,95,2898
3064 780809 1 39,385,2640 56,96,2912
3065 781319 1 175,1190,1700 182,868,2015
3066 781830 1 56,616,2394 66,228,2772
3067 782340 1 42,253,2772 52,117,2898
3068 782851 1 65,663,2340 68,450,2550
3069 783362 1 93,1209,1767 143,209,2717
3070 783873 1 78,1224,1768 88,408,2574
3071 784384 1 54,432,2585 55,376,2640
3072 784896 1 92,1485,1495 108,390,2574
3073 785407 1 52,551,2470 58,260,2755
3074 785919 1 32,832,2210 34,320,2720
3075 786431 1 100,1050,1925 105,660,2310
3076 786943 1 56,720,2300 69,207,2800
3077 787455 1 77,525,2475 119,153,2805
3078 787968 1 53,675,2350 75,141,2862
3079 788480 1 76,1008,1995 98,245,2736
3080 788993 1 38,182,2860 44,110,2926
3081 789506 1 45,561,2475 51,225,2805
3082 790019 1 40,1430,1612 44,310,2728
3083 790532 1 38,1218,1827 58,99,2926
3084 791046 1 84,900,2100 132,180,2772
3085 791559 1 110,665,2310 140,285,2660
3086 792073 1 50,460,2576 56,230,2800
3087 792587 1 42,1260,1785 45,390,2652
3088 793101 1 16,1344,1728 28,36,3024
3089 793615 1 114,1425,1550 125,589,2375
3090 794130 1 10,560,2520 12,54,3024
3091 794644 1 94,882,2115 102,490,2499
3092 795159 1 84,1316,1692 132,188,2772
3093 795674 1 51,1326,1716 55,420,2618
3094 796189 1 51,459,2584 54,304,2736
3095 796704 1 44,565,2486 50,220,2825
3096 797220 1 16,440,2640 18,108,2970
3097 797735 1 19,1102,1976 29,52,3016
3098 798251 1 95,1248,1755 96,1026,1976
3099 798767 1 28,1328,1743 48,63,2988
3100 799283 1 80,780,2240 84,520,2496
3101 799799 1 42,1295,1764 45,392,2664
3102 800316 1 28,1044,2030 30,288,2784
3103 800832 1 63,1456,1584 65,728,2310
3104 801349 1 64,800,2240 80,224,2800
3105 801866 1 23,1541,1541 45,45,3015
3106 802383 1 81,1430,1595 84,754,2268
3107 802900 1 62,224,2821 91,104,2912
3108 803418 1 21,1323,1764 36,48,3024
3109 803935 1 31,288,2790 40,93,2976
3110 804453 1 23,1449,1638 30,90,2990
3111 804971 1 61,1403,1647 69,351,2691
3112 805489 1 34,222,2856 40,112,2960
3113 806007 1 35,988,2090 44,143,2926
3114 806526 1 33,936,2145 36,270,2808
3115 807044 1 91,315,2709 105,215,2795
3116 807563 1 22,1400,1694 35,56,3025
3117 808082 1 9,1260,1848 15,22,3080
3118 808601 1 38,1078,2002 49,143,2926
3119 809120 1 116,819,2184 144,336,2639
3120 809640 1 48,768,2304 60,180,2880
3121 810159 1 16,160,2945 19,62,3040
3122 810679 1 28,1092,2002 42,77,3003
3123 811199 1 108,945,2070 120,483,2520
3124 811719 1 49,1066,2009 52,448,2624
3125 812239 1 80,525,2520 100,225,2800
3126 812760 1 84,1170,1872 126,200,2800
3127 813280 1 85,390,2652 102,220,2805
3128 813801 1 44,348,2736 48,209,2871
3129 814322 1 24,945,2160 35,70,3024
3130 814843 1 52,1482,1596 62,247,2821
3131 815364 1 93,1085,1953 155,186,2790
3132 815886 1 52,280,2800 63,144,2925
3133 816407 1 39,585,2509 45,193,2895
3134 816929 1 52,670,2412 75,134,2925
3135 817451 1 55,440,2640 57,342,2736
3136 817973 1 56,616,2464 64,256,2816
3137 818495 1 50,637,2450 65,160,2912
3138 819018 1 18,1080,2040 27,51,3060
3139 819540 1 44,840,2255 45,574,2520
3140 820063 1 24,1400,1716 25,385,2730
3141 820586 1 99,312,2730 105,264,2772
3142 821109 1 52,300,2790 62,155,2925
3143 821632 1 56,882,2205 65,270,2808
3144 822156 1 16,544,2584 19,85,3040
3145 822679 1 30,1335,1780 51,68,3026
3146 823203 1 108,1364,1674 110,990,2046
3147 823727 1 75,300,2772 81,231,2835
3148 824251 1 40,540,2568 45,214,2889
3149 824775 1 47,1034,2068 67,134,2948
3150 825300 1 25,625,2500 30,120,3000
3151 825824 1 70,975,2106 91,225,2835
3152 826349 1 58,455,2639 65,245,2842
3153 826874 1 17,1008,2128 18,228,2907
3154 827399 1 34,612,2508 38,209,2907
3155 827924 1 59,559,2537 65,295,2795
3156 828450 1 48,924,2184 56,240,2860
3157 828975 1 55,297,2805 85,102,2970
3158 829501 1 78,1520,1560 80,855,2223
3159 830027 1 114,480,2565 135,288,2736
3160 830553 1 24,1540,1596 32,88,3040
3161 831079 1 50,976,2135 56,305,2800
3162 831606 1 16,770,2376 18,120,3024
3163 832132 1 17,1463,1683 18,238,2907
3164 832659 1 39,1500,1625 44,260,2860
3165 833186 1 50,700,2415 60,207,2898
3166 833713 1 38,1406,1722 41,350,2775
3167 834240 1 39,1139,1989 67,85,3015
3168 834768 1 72,516,2580 74,430,2664
3169 835295 1 180,1365,1624 182,1160,1827
3170 835823 1 34,144,2992 55,55,3060
3171 836351 1 12,1080,2079 14,77,3080
3172 836879 1 20,952,2200 22,175,2975
3173 837407 1 46,735,2392 49,364,2760
3174 837936 1 24,1386,1764 45,49,3080
3175 838464 1 75,900,2200 88,315,2772
3176 838993 1 72,656,2448 82,306,2788
3177 839522 1 90,175,2912 96,156,2925
3178 840051 1 28,1008,2142 33,153,2992
3179 840580 1 52,1534,1593 59,312,2808
3180 841110 1 44,672,2464 45,495,2640
3181 841639 1 126,1295,1760 165,352,2664
3182 842169 1 54,752,2376 77,144,2961
3183 842699 1 96,1519,1568 105,558,2520
3184 843229 1 48,1512,1624 49,783,2352
3185 843759 1 25,1185,1975 39,65,3081
3186 844290 1 27,324,2835 40,66,3080
3187 844820 1 100,392,2695 112,275,2800
3188 845351 1 72,1148,1968 77,528,2583
3189 845882 1 30,297,2862 53,56,3080
3190 846413 1 28,341,2821 31,156,3003
3191 846944 1 55,1288,1848 66,250,2875
3192 847476 1 24,720,2448 30,102,3060
3193 848007 1 49,400,2744 50,343,2800
3194 848539 1 12,518,2664 14,72,3108
3195 849071 1 36,459,2700 60,75,3060
3196 849603 1 22,644,2530 28,88,3080
3197 850135 1 92,1449,1656 115,322,2760
3198 850668 1 12,846,2340 13,130,3055
3199 851200 1 75,1375,1749 125,159,2915
3200 851733 1 20,1360,1820 26,80,3094
3201 852266 1 66,627,2508 76,275,2850
3202 852799 1 23,1564,1615 28,115,3059
3203 853332 1 161,1170,1872 207,420,2576
3204 853866 1 68,1232,1904 84,264,2856
3205 854399 1 100,1125,1980 125,330,2750
3206 854933 1 49,1148,2009 56,280,2870
3207 855467 1 28,561,2618 33,138,3036
3208 856001 1 62,1116,2030 70,348,2790
3209 856535 1 35,414,2760 63,66,3080
3210 857070 1 74,546,2590 90,234,2886
3211 857604 1 19,912,2280 26,65,3120
3212 858139 1 104,1512,1596 152,252,2808
3213 858674 1 81,540,2592 85,408,2720
3214 859209 1 68,1276,1870 120,136,2958
3215 859744 1 23,432,2760 30,80,3105
3216 860280 1 70,858,2288 72,624,2520
3217 860815 1 55,1160,2002 58,520,2639
3218 861351 1 68,1008,2142 72,528,2618
3219 861887 1 33,1239,1947 39,177,3003
3220 862423 1 28,217,2975 35,85,3100
3221 862959 1 23,1105,2093 25,221,2975
3222 863496 1 30,960,2232 32,310,2880
3223 864032 1 77,968,2178 88,363,2772
3224 864569 1 24,800,2400 31,93,3100
3225 865106 1 25,800,2400 46,51,3128
3226 865643 1 15,936,2275 20,56,3150
3227 866180 1 68,1377,1782 77,378,2772
3228 866718 1 54,483,2691 56,364,2808
3229 867255 1 44,385,2800 50,187,2992
3230 867793 1 35,280,2915 44,106,3080
3231 868331 1 45,846,2340 72,104,3055
3232 868869 1 21,936,2275 40,42,3150
3233 869407 1 53,636,2544 61,244,2928
3234 869946 1 42,798,2394 44,418,2772
3235 870484 1 24,988,2223 25,360,2850
3236 871023 1 56,1080,2100 100,112,3024
3237 871562 1 72,840,2325 75,558,2604
3238 872101 1 46,1104,2088 48,522,2668
3239 872640 1 26,819,2394 28,247,2964
3240 873180 1 48,1392,1800 50,580,2610
3241 873719 1 81,325,2835 91,225,2925
3242 874259 1 30,657,2555 36,140,3066
3243 874799 1 48,315,2880 64,119,3060
3244 875339 1 20,624,2600 24,100,3120
3245 875879 1 66,935,2244 120,125,3000
3246 876420 1 21,516,2709 24,126,3096
3247 876960 1 98,1189,1960 145,232,2870
3248 877501 1 35,693,2520 36,440,2772
3249 878042 1 24,585,2640 30,99,3120
3250 878583 1 76,759,2415 77,665,2508
3251 879124 1 40,572,2639 55,116,3080
3252 879666 1 60,1596,1596 78,210,2964
3253 880207 1 55,1196,2002 56,805,2392
3254 880749 1 80,414,2760 108,176,2970
3255 881291 1 39,603,2613 45,195,3015
3256 881833 1 66,660,2530 70,414,2772
3257 882375 1 77,408,2772 112,153,2992
3258 882918 1 18,864,2376 24,66,3168
3259 883460 1 80,204,2975 100,135,3024
3260 884003 1 12,696,2552 15,55,3190
3261 884546 1 60,825,2376 75,216,2970
3262 885089 1 49,175,3038 62,100,3100
3263 885632 1 63,1400,1800 84,204,2975
3264 886176 1 90,690,2484 105,324,2835
3265 886719 1 25,1080,2160 35,80,3150
3266 887263 1 46,1265,1955 55,221,2990
3267 887807 1 88,1122,2057 121,242,2904
3268 888351 1 52,136,3080 55,119,3094
3269 888895 1 69,1184,2016 72,644,2553
3270 889440 1 20,975,2275 21,285,2964
3271 889984 1 120,1495,1656 126,805,2340
3272 890529 1 23,627,2622 32,72,3168
3273 891074 1 99,1449,1725 105,693,2475
3274 891619 1 49,1290,1935 50,774,2450
3275 892164 1 75,1100,2100 85,385,2805
3276 892710 1 28,616,2632 33,141,3102
3277 893255 1 92,637,2548 98,442,2737
3278 893801 1 99,1496,1683 110,528,2640
3279 894347 1 39,1485,1755 45,231,3003
3280 894893 1 30,1450,1800 40,108,3132
3281 895439 1 25,792,2464 32,99,3150
3282 895986 1 32,1248,2002 33,532,2717
3283 896532 1 40,423,2820 42,280,2961
3284 897079 1 34,1550,1700 35,589,2660
3285 897626 1 21,1344,1920 35,50,3200
3286 898173 1 31,465,2790 36,150,3100
3287 898720 1 95,1368,1824 108,459,2720
3288 899268 1 39,285,2964 48,120,3120
3289 899815 1 76,1224,1989 104,221,2964
3290 900363 1 40,650,2600 47,188,3055
3291 900911 1 99,330,2862 106,270,2915
3292 901459 1 55,1092,2145 68,221,3003
3293 902007 1 63,782,2448 69,368,2856
3294 902556 1 45,1368,1881 60,154,3080
3295 903104 1 65,760,2470 95,160,3040
3296 903653 1 56,1560,1680 64,320,2912
3297 904202 1 77,1218,2002 78,957,2262
3298 904751 1 21,435,2842 26,87,3185
3299 905300 1 65,819,2415 75,299,2925
3300 905850 1 126,1242,1932 132,792,2376
3301 906399 1 51,1105,2145 52,741,2508
3302 906949 1 17,803,2482 22,68,3212
3303 907499 1 54,513,2736 63,216,3024
3304 908049 1 55,855,2394 80,144,3080
3305 908599 1 55,650,2600 56,532,2717
3306 909150 1 36,1308,1962 58,87,3161
3307 909700 1 39,1045,2223 55,117,3135
3308 910251 1 42,230,3036 44,184,3080
3309 910802 1 54,1365,1890 85,130,3094
3310 911353 1 60,450,2800 70,216,3024
3311 911904 1 22,1265,2024 35,56,3220
3312 912456 1 64,1520,1728 78,270,2964
3313 913007 1 63,1300,1950 65,728,2520
3314 913559 1 38,616,2660 44,190,3080
3315 914111 1 25,940,2350 34,85,3196
3316 914663 1 16,1300,2000 26,40,3250
3317 915215 1 49,1634,1634 50,817,2450
3318 915768 1 51,1485,1782 54,510,2754
3319 916320 1 70,855,2394 119,140,3060
3320 916873 1 70,1450,1800 72,812,2436
3321 917426 1 54,891,2376 72,171,3078
3322 917979 1 42,1540,1740 45,406,2871
3323 918532 1 30,333,2960 34,144,3145
3324 919086 1 18,1218,2088 28,48,3248
3325 919639 1 77,1015,2233 85,435,2805
3326 920193 1 26,1220,2080 32,122,3172
3327 920747 1 21,1479,1827 27,87,3213
3328 921301 1 52,884,2392 85,115,3128
3329 921855 1 46,1190,2093 65,136,3128
3330 922410 1 54,252,3024 80,100,3150
3331 922964 1 14,496,2821 16,91,3224
3332 923519 1 52,160,3120 65,99,3168
3333 924074 1 84,1539,1710 87,810,2436
3334 924629 1 84,1170,2080 88,672,2574
3335 925184 1 95,1530,1710 150,210,2975
3336 925740 1 60,756,2520 72,240,3024
3337 926295 1 70,462,2805 117,126,3094
3338 926851 1 48,1400,1890 80,108,3150
3339 927407 1 63,756,2520 72,297,2970
3340 927963 1 28,760,2552 29,385,2926
3341 928519 1 85,740,2516 92,437,2812
3342 929076 1 48,234,3060 52,170,3120
3343 929632 1 123,350,2870 164,204,2975
3344 930189 1 64,960,2320 66,638,2640
3345 930746 1 17,608,2720 20,95,3230
3346 931303 1 68,1612,1666 91,217,3038
3347 931860 1 99,440,2808 117,260,2970
3348 932418 1 18,450,2880 20,128,3200
3349 932975 1 60,1012,2277 66,385,2898
3350 933533 1 100,375,2875 120,230,3000
3351 934091 1 21,810,2520 27,84,3240
3352 934649 1 76,540,2736 96,216,3040
3353 935207 1 77,616,2660 133,140,3080
3354 935766 1 36,474,2844 39,234,3081
3355 936324 1 25,1480,1850 44,55,3256
3356 936883 1 35,297,3024 36,240,3080
3357 937442 1 33,420,2904 35,242,3080
3358 938001 1 23,805,2530 28,110,3220
3359 938560 1 23,1251,2085 27,135,3197
3360 939120 1 45,522,2793 49,266,3045
3361 939679 1 49,736,2576 64,161,3136
3362 940239 1 30,1547,1785 34,208,3120
3363 940799 1 78,675,2610 87,351,2925
3364 941359 1 58,1450,1856 64,400,2900
3365 941919 1 16,544,2805 17,180,3168
3366 942480 1 34,1666,1666 66,66,3234
3367 943040 1 27,640,2700 32,135,3200
3368 943601 1 40,800,2528 50,158,3160
3369 944162 1 54,1092,2223 57,504,2808
3370 944723 1 10,1280,2080 16,26,3328
3371 945284 1 55,1496,1820 56,884,2431
3372 945846 1 40,252,3080 44,160,3168
3373 946407 1 33,1140,2200 38,200,3135
3374 946969 1 12,1476,1886 16,46,3312
3375 947531 1 63,288,3024 99,108,3168
3376 948093 1 55,945,2376 96,112,3168
3377 948655 1 17,640,2720 19,128,3230
3378 949218 1 53,1615,1710 57,459,2862
3379 949780 1 17,697,2665 19,130,3230
3380 950343 1 20,440,2920 22,146,3212
3381 950906 1 14,987,2380 15,170,3196
3382 951469 1 93,1209,2080 96,806,2480
3383 952032 1 144,711,2528 153,544,2686
3384 952596 1 17,783,2584 24,54,3306
3385 953159 1 133,1425,1827 145,675,2565
3386 953723 1 24,1230,2132 26,240,3120
3387 954287 1 63,1224,2100 72,340,2975
3388 954851 1 21,1295,2072 24,145,3219
3389 955415 1 100,374,2915 106,308,2975
3390 955980 1 28,902,2460 30,280,3080
3391 956544 1 52,1584,1755 55,528,2808
3392 957109 1 28,609,2755 30,246,3116
3393 957674 1 68,1050,2275 78,340,2975
3394 958239 1 14,910,2470 19,50,3325
3395 958804 1 51,152,3192 60,105,3230
3396 959370 1 16,1196,2184 21,63,3312
3397 959935 1 33,319,3045 35,205,3157
3398 960501 1 50,1008,2340 52,546,2800
3399 961067 1 71,1056,2272 110,165,3124
3400 961633 1 36,1160,2204 38,410,2952
3401 962199 1 34,222,3145 37,145,3219
3402 962766 1 42,1680,1680 81,81,3240
3403 963332 1 68,598,2737 91,184,3128
3404 963899 1 40,1624,1740 42,492,2870
3405 964466 1 39,441,2925 45,175,3185
3406 965033 1 78,832,2496 130,156,3120
3407 965600 1 77,1638,1692 117,188,3102
3408 966168 1 42,748,2618 44,406,2958
3409 966735 1 34,1485,1890 42,154,3213
3410 967303 1 35,575,2800 46,116,3248
3411 967871 1 45,1071,2295 63,135,3213
3412 968439 1 24,132,3256 37,45,3330
3413 969007 1 93,1584,1736 168,176,3069
3414 969576 1 34,884,2496 48,102,3264
3415 970144 1 35,1560,1820 40,225,3150
3416 970713 1 28,616,2772 36,104,3276
3417 971282 1 55,1353,2009 57,665,2695
3418 971851 1 23,1302,2093 26,168,3224
3419 972420 1 44,900,2475 55,174,3190
3420 972990 1 28,424,2968 30,210,3180
3421 973559 1 106,612,2703 171,190,3060
3422 974129 1 42,572,2808 45,297,3080
3423 974699 1 30,1653,1740 57,60,3306
3424 975269 1 60,1044,2320 64,480,2880
3425 975839 1 45,455,2925 50,225,3150
3426 976410 1 45,483,2898 46,390,2990
3427 976980 1 46,897,2484 52,270,3105
3428 977551 1 40,1232,2156 48,195,3185
3429 978122 1 45,1128,2256 48,420,2961
3430 978693 1 40,720,2670 48,178,3204
3431 979264 1 51,728,2652 56,315,3060
3432 979836 1 12,1596,1824 15,57,3360
3433 980407 1 105,798,2530 165,209,3059
3434 980979 1 68,1496,1870 70,812,2552
3435 981551 1 18,1005,2412 25,60,3350
3436 982123 1 20,976,2440 33,48,3355
3437 982695 1 91,616,2730 104,330,3003
3438 983268 1 78,1072,2288 88,402,2948
3439 983840 1 51,1078,2310 52,735,2652
3440 984413 1 45,485,2910 48,288,3104
3441 984986 1 31,682,2728 37,148,3256
3442 985559 1 78,1624,1740 112,210,3120
3443 986132 1 63,468,2912 77,198,3168
3444 986706 1 56,308,3080 80,116,3248
3445 987279 1 44,1520,1881 45,760,2640
3446 987853 1 44,342,3060 51,165,3230
3447 988427 1 63,1512,1872 72,351,3024
3448 989001 1 46,1512,1890 60,168,3220
3449 989575 1 204,525,2720 224,425,2800
3450 990150 1 18,1287,2145 20,154,3276
3451 990724 1 49,1323,2079 51,595,2805
3452 991299 1 64,1008,2380 68,504,2880
3453 991874 1 159,644,2650 168,525,2760
3454 992449 1 44,528,2882 48,262,3144
3455 993024 1 55,969,2431 65,255,3135
3456 993600 1 90,1320,2046 124,252,3080
3457 994175 1 25,975,2457 27,245,3185
3458 994751 1 7,476,2975 8,50,3400
3459 995327 1 95,609,2755 115,285,3059
3460 995903 1 50,1330,2080 52,608,2800
3461 996479 1 80,1428,1953 144,155,3162
3462 997056 1 51,1137,2274 52,758,2652
3463 997632 1 40,1575,1848 63,100,3300
3464 998209 1 48,840,2576 60,184,3220
3465 998786 1 33,429,3003 35,245,3185
3466 999363 1 21,1365,2080 28,78,3360
3467 999940 1 44,1638,1785 45,770,2652
3468 1000518 1 93,585,2790 104,348,3016
3469 1001095 1 39,1560,1870 66,88,3315
3470 1001673 1 60,880,2530 66,368,3036
3471 1002251 1 54,1020,2397 70,188,3213
3472 1002829 1 28,574,2870 32,160,3280
3473 1003407 1 85,1232,2156 98,400,2975
3474 1003986 1 42,624,2808 54,144,3276
3475 1004564 1 25,1050,2400 35,80,3360
3476 1005143 1 46,980,2450 56,200,3220
3477 1005722 1 36,651,2790 42,180,3255
3478 1006301 1 46,304,3128 48,238,3192
3479 1006880 1 91,1540,1848 104,450,2925
3480 1007460 1 56,400,3024 60,270,3150
3481 1008039 1 79,1512,1890 84,632,2765
3482 1008619 1 50,1560,1872 52,630,2800
3483 1009199 1 117,1683,1683 119,1131,2233
3484 1009779 1 78,520,2886 80,444,2960
3485 1010359 1 65,855,2565 66,702,2717
3486 1010940 1 70,504,2912 78,288,3120
3487 1011520 1 33,198,3256 37,120,3330
3488 1012101 1 64,544,2880 68,360,3060
3489 1012682 1 72,609,2808 84,273,3132
3490 1013263 1 60,1540,1890 88,162,3240
3491 1013844 1 91,280,3120 99,224,3168
3492 1014426 1 15,915,2562 20,56,3416
3493 1015007 1 91,945,2457 105,385,3003
3494 1015589 1 63,1022,2409 84,198,3212
3495 1016171 1 60,1680,1755 63,624,2808
3496 1016753 1 38,988,2470 40,416,3040
3497 1017335 1 16,649,2832 26,39,3432
3498 1017918 1 24,744,2730 26,217,3255
3499 1018500 1 15,1144,2340 22,45,3432
3500 1019083 1 56,574,2870 80,140,3280
3501 1019666 1 29,920,2552 30,435,3036
3502 1020249 1 80,590,2832 85,408,3009
3503 1020832 1 153,1139,2211 154,1071,2278
3504 1021416 1 64,688,2752 73,292,3139
3505 1021999 1 70,315,3120 112,117,3276
3506 1022583 1 25,1121,2360 38,68,3400
3507 1023167 1 51,816,2640 75,132,3300
3508 1023751 1 76,715,2717 78,570,2860
3509 1024335 1 51,840,2618 55,374,3080
3510 1024920 1 42,1326,2142 52,182,3276
3511 1025504 1 51,420,3040 57,224,3230
3512 1026089 1 16,760,2736 20,72,3420
3513 1026674 1 55,1463,1995 57,684,2772
3514 1027259 1 38,1120,2356 40,434,3040
3515 1027844 1 35,435,3045 37,259,3219
3516 1028430 1 84,1056,2376 96,396,3024
3517 1029015 1 87,994,2436 142,180,3195
3518 1029601 1 80,1296,2142 84,680,2754
3519 1030187 1 38,885,2596 40,399,3080
3520 1030773 1 88,1287,2145 90,910,2520
3521 1031359 1 186,638,2697 225,396,2900
3522 1031946 1 66,1728,1728 72,480,2970
3523 1032532 1 13,364,3146 14,121,3388
3524 1033119 1 52,1092,2380 68,180,3276
3525 1033706 1 75,1725,1725 141,141,3243
3526 1034293 1 66,1430,2030 70,585,2871
3527 1034880 1 44,183,3300 50,122,3355
3528 1035468 1 44,536,2948 48,264,3216
3529 1036055 1 154,1575,1800 165,812,2552
3530 1036643 1 58,572,2900 65,275,3190
3531 1037231 1 50,885,2596 66,165,3300
3532 1037819 1 49,1131,2352 52,464,3016
3533 1038407 1 129,740,2664 215,222,3096
3534 1038996 1 38,950,2546 50,134,3350
3535 1039584 1 101,606,2828 105,490,2940
3536 1040173 1 16,352,3168 17,153,3366
3537 1040762 1 53,728,2756 56,413,3068
3538 1041351 1 57,1239,2242 70,238,3230
3539 1041940 1 55,572,2912 56,480,3003
3540 1042530 1 20,1360,2160 21,306,3213
3541 1043119 1 56,1140,2345 57,804,2680
3542 1043709 1 22,352,3168 23,207,3312
3543 1044299 1 72,468,3003 99,168,3276
3544 1044889 1 63,1416,2065 64,960,2520
3545 1045479 1 25,1700,1820 26,425,3094
3546 1046070 1 46,1430,2070 78,102,3366
3547 1046660 1 117,1610,1820 120,1035,2392
3548 1047251 1 38,1287,2223 48,156,3344
3549 1047842 1 52,832,2665 64,205,3280
3550 1048433 1 140,1170,2240 144,910,2496
3551 1049024 1 66,1496,1989 72,476,3003
3552 1049616 1 42,360,3150 68,84,3400
3553 1050207 1 33,1276,2244 34,561,2958
3554 1050799 1 78,616,2860 84,390,3080
3555 1051391 1 55,475,3025 57,363,3135
3556 1051983 1 25,856,2675 32,100,3424
3557 1052575 1 57,840,2660 76,177,3304
3558 1053168 1 78,1170,2310 90,374,3094
3559 1053760 1 78,1534,1947 91,374,3094
3560 1054353 1 80,720,2760 81,644,2835
3561 1054946 1 25,561,2975 45,51,3465
3562 1055539 1 34,1386,2142 42,154,3366
3563 1056132 1 80,1720,1763 82,944,2537
3564 1056726 1 15,689,2860 22,44,3498
3565 1057319 1 65,1300,2200 92,184,3289
3566 1057913 1 30,1520,2016 32,342,3192
3567 1058507 1 65,408,3094 84,168,3315
3568 1059101 1 32,1248,2288 48,88,3432
3569 1059695 1 43,1763,1763 83,83,3403
3570 1060290 1 42,798,2730 50,195,3325
3571 1060884 1 87,1742,1742 90,871,2610
3572 1061479 1 63,1232,2277 92,168,3312
3573 1062074 1 63,945,2565 69,399,3105
3574 1062669 1 93,413,3068 124,195,3255
3575 1063264 1 39,1560,1976 65,90,3420
3576 1063860 1 108,1632,1836 120,576,2880
3577 1064455 1 98,539,2940 105,392,3080
3578 1065051 1 78,1300,2200 80,858,2640
3579 1065647 1 30,273,3276 44,70,3465
3580 1066243 1 54,250,3276 65,140,3375
3581 1066839 1 77,644,2860 110,182,3289
3582 1067436 1 30,372,3180 31,265,3286
3583 1068032 1 99,195,3289 115,153,3315
3584 1068629 1 112,1456,2016 126,546,2912
3585 1069226 1 15,777,2793 21,49,3515
3586 1069823 1 11,1144,2431 16,34,3536
3587 1070420 1 45,1400,2142 68,119,3400
3588 1071018 1 36,888,2664 46,138,3404
3589 1071615 1 92,1495,2002 99,630,2860
3590 1072213 1 70,1120,2400 80,360,3150
3591 1072811 1 57,798,2736 63,336,3192
3592 1073409 1 50,1012,2530 52,550,2990
3593 1074007 1 55,1305,2233 57,665,2871
3594 1074606 1 19,345,3230 30,45,3519
3595 1075204 1 75,385,3135 99,171,3325
3596 1075803 1 116,696,2784 124,496,2976
3597 1076402 1 33,1485,2079 55,77,3465
3598 1077001 1 33,930,2635 34,495,3069
3599 1077600 1 63,1680,1856 64,1015,2520
3600 1078200 1 50,1650,1900 64,192,3344
3601 1078799 1 29,1368,2204 45,76,3480
3602 1079399 1 25,1752,1825 48,50,3504
3603 1079999 1 35,616,2952 36,410,3157
3604 1080599 1 32,1504,2068 34,374,3196
3605 1081199 1 35,910,2660 52,95,3458
3606 1081800 1 42,1008,2556 56,142,3408
3607 1082400 1 56,954,2597 72,196,3339
3608 1083001 1 74,1147,2387 77,682,2849
3609 1083602 1 18,441,3150 25,56,3528
3610 1084203 1 35,275,3300 45,100,3465
3611 1084804 1 69,1771,1771 91,231,3289
3612 1085406 1 21,1519,2072 24,147,3441
3613 1086007 1 85,1488,2040 93,544,2976
3614 1086609 1 30,1260,2324 45,83,3486
3615 1087211 1 40,495,3080 66,84,3465
3616 1087813 1 52,918,2646 63,221,3332
3617 1088415 1 68,1547,2002 98,187,3332
3618 1089018 1 66,1110,2442 90,198,3330
3619 1089620 1 44,1001,2574 49,294,3276
3620 1090223 1 60,680,2880 68,288,3264
3621 1090826 1 72,546,3003 119,136,3366
3622 1091429 1 80,550,2992 102,220,3300
3623 1092032 1 95,756,2772 108,380,3135
3624 1092636 1 40,1280,2304 60,108,3456
3625 1093239 1 85,680,2860 91,440,3094
3626 1093843 1 26,1000,2600 35,91,3500
3627 1094447 1 54,513,3060 57,340,3230
3628 1095051 1 63,1395,2170 64,960,2604
3629 1095655 1 45,308,3276 65,99,3465
3630 1096260 1 18,1092,2520 20,152,3458
3631 1096864 1 26,420,3185 40,63,3528
3632 1097469 1 24,1230,2378 29,123,3480
3633 1098074 1 33,1092,2508 42,133,3458
3634 1098679 1 46,1380,2208 50,384,3200
3635 1099284 1 35,1000,2600 65,70,3500
3636 1099890 1 10,1316,2310 11,100,3525
3637 1100495 1 85,560,2992 88,455,3094
3638 1101101 1 50,1740,1848 58,280,3300
3639 1101707 1 55,704,2880 90,117,3432
3640 1102313 1 56,896,2688 70,210,3360
3641 1102919 1 55,1716,1870 66,260,3315
3642 1103526 1 66,456,3120 78,220,3344
3643 1104132 1 99,1344,2200 128,315,3200
3644 1104739 1 46,1288,2310 48,560,3036
3645 1105346 1 35,1045,2565 45,135,3465
3646 1105953 1 76,644,2926 91,266,3289
3647 1106560 1 56,247,3344 77,112,3458
3648 1107168 1 78,1326,2244 84,561,3003
3649 1107775 1 35,1529,2085 45,139,3465
3650 1108383 1 66,864,2720 68,612,2970
3651 1108991 1 87,638,2926 114,231,3306
3652 1109599 1 42,1520,2090 44,528,3080
3653 1110207 1 69,1316,2268 81,329,3243
3654 1110816 1 24,726,2904 29,116,3509
3655 1111424 1 15,520,3120 17,102,3536
3656 1112033 1 16,1512,2128 27,38,3591
3657 1112642 1 90,1287,2280 104,418,3135
3658 1113251 1 33,175,3450 46,70,3542
3659 1113860 1 29,1056,2574 32,234,3393
3660 1114470 1 72,936,2652 90,255,3315
3661 1115079 1 51,550,3060 55,306,3300
3662 1115689 1 36,1406,2220 57,90,3515
3663 1116299 1 135,1071,2457 143,715,2805
3664 1116909 1 56,1312,2296 64,320,3280
3665 1117519 1 25,665,2975 35,77,3553
3666 1118130 1 48,594,3024 66,135,3465
3667 1118740 1 76,874,2717 92,286,3289
3668 1119351 1 58,190,3420 72,116,3480
3669 1119962 1 44,85,3540 57,59,3553
3670 1120573 1 54,592,3024 60,280,3330
3671 1121184 1 61,560,3050 80,175,3416
3672 1121796 1 72,1050,2550 119,153,3400
3673 1122407 1 135,1769,1769 145,783,2745
3674 1123019 1 48,784,2842 49,580,3045
3675 1123631 1 25,450,3200 27,192,3456
3676 1124243 1 60,496,3120 62,390,3224
3677 1124855 1 52,1155,2470 56,429,3192
3678 1125468 1 48,510,3120 51,312,3315
3679 1126080 1 114,874,2691 126,494,3059
3680 1126693 1 32,1520,2128 35,285,3360
3681 1127306 1 90,1197,2394 93,798,2790
3682 1127919 1 52,858,2772 72,152,3458
3683 1128532 1 35,304,3344 38,180,3465
3684 1129146 1 30,1470,2184 39,117,3528
3685 1129759 1 75,850,2760 115,170,3400
3686 1130373 1 6,560,3120 7,39,3640
3687 1130987 1 45,1386,2256 47,560,3080
3688 1131601 1 104,704,2880 153,220,3315
3689 1132215 1 51,1275,2363 75,139,3475
3690 1132830 1 65,1755,1870 78,297,3315
3691 1133444 1 65,260,3366 72,187,3432
3692 1134059 1 40,880,2772 44,288,3360
3693 1134674 1 63,1020,2610 102,140,3451
3694 1135289 1 20,1804,1870 22,187,3485
3695 1135904 1 100,1320,2275 104,819,2772
3696 1136520 1 33,1221,2442 48,96,3552
3697 1137135 1 49,1296,2352 52,486,3159
3698 1137751 1 40,1178,2480 44,310,3344
3699 1138367 1 73,1290,2336 80,480,3139
3700 1138983 1 28,1440,2232 30,310,3360
3701 1139599 1 91,1729,1881 117,308,3276
3702 1140216 1 54,1596,2052 57,567,3078
3703 1140832 1 99,583,3021 133,231,3339
3704 1141449 1 86,1548,2070 92,645,2967
3705 1142066 1 45,600,3060 50,255,3400
3706 1142683 1 51,442,3213 52,378,3276
3707 1143300 1 32,1035,2640 33,506,3168
3708 1143918 1 10,903,2795 12,56,3640
3709 1144535 1 24,825,2860 30,104,3575
3710 1145153 1 70,840,2800 80,330,3300
3711 1145771 1 11,400,3300 12,99,3600
3712 1146389 1 128,1792,1792 232,232,3248
3713 1147007 1 33,1040,2640 50,88,3575
3714 1147626 1 54,1220,2440 60,360,3294
3715 1148244 1 85,264,3366 90,225,3400
3716 1148863 1 26,990,2700 33,108,3575
3717 1149482 1 63,609,3045 87,165,3465
3718 1150101 1 20,946,2752 22,176,3520
3719 1150720 1 152,1173,2394 168,644,2907
3720 1151340 1 45,975,2700 60,150,3510
3721 1151959 1 16,513,3192 18,112,3591
3722 1152579 1 70,952,2700 72,675,2975
3723 1153199 1 68,918,2737 69,756,2898
3724 1153819 1 19,1235,2470 28,56,3640
3725 1154439 1 68,1702,1955 80,333,3312
3726 1155060 1 46,736,2944 54,216,3456
3727 1155680 1 52,1785,1890 53,918,2756
3728 1156301 1 30,1290,2408 32,336,3360
3729 1156922 1 33,1320,2376 39,180,3510
3730 1157543 1 34,704,2992 40,170,3520
3731 1158164 1 28,161,3542 33,86,3612
3732 1158786 1 92,1800,1840 120,300,3312
3733 1159407 1 165,1188,2380 170,945,2618
3734 1160029 1 45,1764,1925 49,385,3300
3735 1160651 1 14,305,3416 23,32,3680
3736 1161273 1 16,248,3472 18,91,3627
3737 1161895 1 74,1591,2072 112,185,3440
3738 1162518 1 66,592,3080 72,336,3330
3739 1163140 1 34,1716,1989 36,414,3289
3740 1163763 1 30,1680,2030 32,348,3360
3741 1164386 1 20,915,2806 23,130,3588
3742 1165009 1 22,1080,2640 24,208,3510
3743 1165632 1 22,671,3050 25,143,3575
3744 1166256 1 45,1539,2160 48,456,3240
3745 1166879 1 40,1710,1995 45,280,3420
3746 1167503 1 20,246,3480 22,116,3608
3747 1168127 1 27,1209,2511 39,81,3627
3748 1168751 1 27,976,2745 30,208,3510
3749 1169375 1 29,1395,2325 31,325,3393
3750 1170000 1 45,665,3040 48,342,3360
3751 1170624 1 55,1320,2376 62,341,3348
3752 1171249 1 34,910,2808 35,504,3213
3753 1171874 1 35,858,2860 55,86,3612
3754 1172499 1 56,946,2752 80,154,3520
3755 1173124 1 20,1440,2295 32,51,3672
3756 1173750 1 32,588,3136 36,192,3528
3757 1174375 1 59,688,3010 105,112,3540
3758 1175001 1 55,1518,2185 60,430,3268
3759 1175627 1 35,1064,2660 38,305,3416
3760 1176253 1 42,682,3036 55,140,3565
3761 1176879 1 161,1035,2565 189,513,3059
3762 1177506 1 22,1496,2244 36,54,3672
3763 1178132 1 37,1332,2394 42,244,3477
3764 1178759 1 56,618,3090 57,515,3192
3765 1179386 1 44,1037,2684 45,660,3060
3766 1180013 1 48,182,3536 68,86,3612
3767 1180640 1 55,1276,2436 57,665,3045
3768 1181268 1 50,1188,2530 54,414,3300
3769 1181895 1 7,369,3393 9,29,3731
3770 1182523 1 63,1232,2475 70,400,3300
3771 1183151 1 14,901,2856 21,40,3710
3772 1183779 1 46,1104,2622 48,532,3192
3773 1184407 1 16,952,2805 22,55,3696
3774 1185036 1 53,1342,2379 54,858,2862
3775 1185664 1 55,585,3135 63,247,3465
3776 1186293 1 35,696,3045 58,78,3640
3777 1186922 1 20,952,2805 33,48,3696
3778 1187551 1 26,728,3024 28,240,3510
3779 1188180 1 39,1430,2310 50,154,3575
3780 1188810 1 30,750,3000 36,144,3600
3781 1189439 1 19,1710,2052 24,85,3672
3782 1190069 1 62,1736,1984 64,806,2912
3783 1190699 1 45,1575,2163 75,103,3605
3784 1191329 1 64,456,3264 66,374,3344
3785 1191959 1 35,1750,2000 45,140,3600
3786 1192590 1 60,1620,2106 81,195,3510
3787 1193220 1 30,425,3332 56,56,3675
3788 1193851 1 45,798,2945 62,135,3591
3789 1194482 1 27,540,3222 30,179,3580
3790 1195113 1 33,765,2992 40,150,3600
3791 1195744 1 70,305,3416 88,161,3542
3792 1196376 1 33,1449,2310 35,391,3366
3793 1197007 1 30,568,3195 36,136,3621
3794 1197639 1 21,588,3185 24,130,3640
3795 1198271 1 33,1254,2508 38,204,3553
3796 1198903 1 16,1296,2484 24,46,3726
3797 1199535 1 24,1764,2009 35,72,3690
3798 1200168 1 54,756,2988 63,249,3486
3799 1200800 1 96,644,3059 99,532,3168
3800 1201433 1 48,1232,2520 55,280,3465
3801 1202066 1 21,1008,2772 28,77,3696
3802 1202699 1 42,1800,1960 45,425,3332
3803 1203332 1 30,1595,2178 33,261,3509
3804 1203966 1 60,1680,2064 63,645,3096
3805 1204599 1 45,680,3080 55,180,3570
3806 1205233 1 108,1376,2322 110,1056,2640
3807 1205867 1 56,682,3069 57,558,3192
3808 1206501 1 34,714,3060 35,441,3332
3809 1207135 1 91,1144,2574 104,429,3276
3810 1207770 1 36,1665,2109 37,665,3108
3811 1208404 1 37,1110,2664 60,88,3663
3812 1209039 1 36,1040,2736 39,315,3458
3813 1209674 1 90,1314,2409 110,345,3358
3814 1210309 1 63,1364,2387 64,960,2790
3815 1210944 1 33,1098,2684 45,110,3660
3816 1211580 1 66,330,3420 81,171,3564
3817 1212215 1 96,671,3050 99,550,3168
3818 1212851 1 68,1750,2000 100,182,3536
3819 1213487 1 19,1824,1976 36,39,3744
3820 1214123 1 55,1155,2610 63,306,3451
3821 1214759 1 70,825,2926 76,420,3325
3822 1215396 1 42,672,3108 48,222,3552
3823 1216032 1 66,1870,1887 72,495,3256
3824 1216669 1 74,1800,1950 76,936,2812
3825 1217306 1 75,750,3000 85,340,3400
3826 1217943 1 18,328,3480 20,116,3690
3827 1218580 1 187,988,2652 208,627,2992
3828 1219218 1 55,1540,2233 58,580,3190
3829 1219855 1 10,684,3135 12,55,3762
3830 1220493 1 56,1190,2584 57,833,2940
3831 1221131 1 69,1071,2691 91,221,3519
3832 1221769 1 59,693,3080 72,220,3540
3833 1222407 1 112,427,3294 135,258,3440
3834 1223046 1 9,1683,2142 10,84,3740
3835 1223684 1 39,1404,2392 40,690,3105
3836 1224323 1 26,1470,2340 28,280,3528
3837 1224962 1 65,1640,2132 80,272,3485
3838 1225601 1 31,180,3627 40,78,3720
3839 1226240 1 77,1045,2717 95,286,3458
3840 1226880 1 120,1560,2160 135,585,3120
3841 1227519 1 84,1768,1989 91,600,3150
3842 1228159 1 69,1197,2576 80,342,3420
3843 1228799 1 30,1488,2325 48,75,3720
3844 1229439 1 31,1395,2418 52,72,3720
3845 1230079 1 65,700,3080 88,182,3575
3846 1230720 1 19,236,3591 21,108,3717
3847 1231360 1 28,134,3685 40,55,3752
3848 1232001 1 8,800,3040 10,38,3800
3849 1232642 1 92,391,3366 99,300,3450
3850 1233283 1 77,1078,2695 100,250,3500
3851 1233924 1 44,1880,1927 55,188,3608
3852 1234566 1 45,594,3213 51,231,3570
3853 1235207 1 15,1798,2040 17,116,3720
3854 1235849 1 44,1650,2160 54,200,3600
3855 1236491 1 105,1125,2625 165,225,3465
3856 1237133 1 64,960,2832 80,236,3540
3857 1237775 1 57,1425,2375 87,145,3625
3858 1238418 1 14,1674,2170 18,60,3780
3859 1239060 1 106,1251,2502 110,834,2915
3860 1239703 1 20,1680,2160 35,45,3780
3861 1240346 1 33,528,3300 36,225,3600
3862 1240989 1 27,1755,2080 40,78,3744
3863 1241632 1 35,1798,2030 56,87,3720
3864 1242276 1 48,1272,2544 69,138,3657
3865 1242919 1 22,693,3150 25,144,3696
3866 1243563 1 90,1176,2600 100,490,3276
3867 1244207 1 59,1360,2448 72,255,3540
3868 1244851 1 24,1116,2728 28,144,3696
3869 1245495 1 112,1496,2261 140,385,3344
3870 1246140 1 27,549,3294 30,180,3660
3871 1246784 1 64,1311,2496 76,299,3496
3872 1247429 1 44,1540,2288 56,176,3640
3873 1248074 1 39,369,3465 65,77,3731
3874 1248719 1 80,770,3024 91,351,3432
3875 1249364 1 100,975,2800 105,650,3120
3876 1250010 1 51,1836,1989 54,546,3276
3877 1250655 1 13,952,2912 17,52,3808
3878 1251301 1 34,1674,2170 35,630,3213
3879 1251947 1 39,1200,2640 44,260,3575
3880 1252593 1 32,936,2912 36,217,3627
3881 1253239 1 140,1050,2691 156,575,3150
3882 1253886 1 38,372,3472 42,192,3648
3883 1254532 1 84,1595,2204 87,870,2926
3884 1255179 1 40,1364,2480 44,320,3520
3885 1255826 1 9,456,3420 10,75,3800
3886 1256473 1 64,1326,2496 78,272,3536
3887 1257120 1 125,1045,2717 143,494,3250
3888 1257768 1 108,468,3312 138,240,3510
3889 1258415 1 132,1292,2465 165,418,3306
3890 1259063 1 46,1426,2418 50,390,3450
3891 1259711 1 30,693,3168 35,160,3696
3892 1260359 1 42,756,3094 52,168,3672
3893 1261007 1 17,1768,2108 18,248,3627
3894 1261656 1 44,814,3036 46,444,3404
3895 1262304 1 100,1520,2275 133,304,3458
3896 1262953 1 52,1023,2821 88,112,3696
3897 1263602 1 42,735,3120 49,208,3640
3898 1264251 1 54,434,3410 55,378,3465
3899 1264900 1 55,899,2945 59,418,3422
3900 1265550 1 56,1240,2604 60,480,3360
3901 1266199 1 105,520,3276 144,221,3536
3902 1266849 1 45,437,3420 46,360,3496
3903 1267499 1 60,549,3294 81,162,3660
3904 1268149 1 61,549,3294 64,384,3456
3905 1268799 1 125,630,3150 130,525,3250
3906 1269450 1 18,648,3240 21,105,3780
3907 1270100 1 32,1891,1984 61,64,3782
3908 1270751 1 36,1672,2200 38,450,3420
3909 1271402 1 33,741,3135 39,165,3705
3910 1272053 1 60,1540,2310 66,434,3410
3911 1272704 1 23,1836,2052 24,391,3496
3912 1273356 1 64,1352,2496 77,286,3549
3913 1274007 1 19,759,3135 23,95,3795
3914 1274659 1 43,560,3311 44,430,3440
3915 1275311 1 28,1547,2340 30,315,3570
3916 1275963 1 55,990,2871 59,435,3422
3917 1276615 1 53,1638,2226 90,117,3710
3918 1277268 1 30,588,3300 33,210,3675
3919 1277920 1 65,1222,2632 91,188,3640
3920 1278573 1 32,1440,2448 33,572,3315
3921 1279226 1 60,1296,2565 81,192,3648
3922 1279879 1 78,589,3255 84,380,3458
3923 1280532 1 36,1235,2652 51,110,3762
3924 1281186 1 44,1020,2860 48,340,3536
3925 1281839 1 75,900,2950 90,295,3540
3926 1282493 1 26,832,3068 32,118,3776
3927 1283147 1 63,1848,2016 66,693,3168
3928 1283801 1 28,1248,2652 42,78,3808
3929 1284455 1 16,473,3440 17,172,3740
3930 1285110 1 42,1512,2376 45,420,3465
3931 1285764 1 88,915,2928 96,480,3355
3932 1286419 1 88,1612,2232 104,396,3432
3933 1287074 1 21,489,3423 23,161,3749
3934 1287729 1 59,630,3245 99,118,3717
3935 1288384 1 48,975,2912 50,525,3360
3936 1289040 1 51,1080,2805 88,108,3740
3937 1289695 1 32,1265,2640 46,96,3795
3938 1290351 1 66,1936,1936 88,220,3630
3939 1291007 1 39,1248,2652 51,144,3744
3940 1291663 1 45,295,3600 64,100,3776
3941 1292319 1 91,1232,2618 119,286,3536
3942 1292976 1 102,1188,2652 117,459,3366
3943 1293632 1 68,1275,2600 72,595,3276
3944 1294289 1 44,1716,2184 45,819,3080
3945 1294946 1 60,1155,2730 70,300,3575
3946 1295603 1 30,572,3344 33,208,3705
3947 1296260 1 93,1064,2790 140,216,3591
3948 1296918 1 33,1935,1980 44,120,3784
3949 1297575 1 44,1265,2640 45,736,3168
3950 1298233 1 30,1925,1995 40,110,3800
3951 1298891 1 56,1596,2299 57,968,2926
3952 1299549 1 42,690,3220 48,224,3680
3953 1300207 1 125,1540,2288 143,560,3250
3954 1300866 1 48,1050,2856 50,544,3360
3955 1301524 1 55,1170,2730 56,819,3080
3956 1302183 1 80,1456,2420 84,726,3146
3957 1302842 1 37,1848,2072 42,252,3663
3958 1303501 1 52,1085,2821 70,168,3720
3959 1304160 1 87,1595,2277 115,279,3565
3960 1304820 1 88,1760,2112 110,330,3520
3961 1305479 1 51,850,3060 57,304,3600
3962 1306139 1 74,1512,2376 77,777,3108
3963 1306799 1 63,1425,2475 75,297,3591
3964 1307459 1 52,1104,2808 54,598,3312
3965 1308119 1 28,889,3048 35,120,3810
3966 1308780 1 33,345,3588 39,132,3795
3967 1309440 1 40,1848,2079 55,132,3780
3968 1310101 1 48,1040,2880 64,160,3744
3969 1310762 1 54,783,3132 63,252,3654
3970 1311423 1 50,1700,2220 85,111,3774
3971 1312084 1 44,935,2992 55,176,3740
3972 1312746 1 33,1287,2652 34,572,3366
3973 1313407 1 85,1938,1950 133,200,3640
3974 1314069 1 110,1554,2310 126,518,3330
3975 1314731 1 80,475,3420 90,285,3600
3976 1315393 1 64,480,3432 66,390,3520
3977 1316055 1 123,1066,2788 143,468,3366
3978 1316718 1 44,1540,2394 45,798,3135
3979 1317380 1 42,889,3048 65,104,3810
3980 1318043 1 75,497,3408 80,350,3550
3981 1318706 1 10,551,3420 12,54,3915
3982 1319369 1 13,1785,2184 14,160,3808
3983 1320032 1 187,1144,2652 260,408,3315
3984 1320696 1 51,1938,1995 57,357,3570
3985 1321359 1 75,1950,1960 100,245,3640
3986 1322023 1 17,1674,2295 18,248,3720
3987 1322687 1 35,172,3780 54,63,3870
3988 1323351 1 35,670,3283 40,196,3752
3989 1324015 1 102,637,3250 125,294,3570
3990 1324680 1 60,660,3270 66,327,3597
3991 1325344 1 15,1176,2800 21,50,3920
3992 1326009 1 42,1106,2844 56,144,3792
3993 1326674 1 78,1458,2457 105,243,3645
3994 1327339 1 29,630,3335 40,90,3864
3995 1328004 1 80,1155,2760 138,161,3696
3996 1328670 1 63,1518,2415 69,462,3465
3997 1329335 1 26,247,3724 28,147,3822
3998 1330001 1 38,1848,2112 42,308,3648
3999 1330667 1 30,1890,2079 31,558,3410
4000 1331333 1 80,1400,2520 100,300,3600
4001 1331999 1 30,646,3325 36,140,3825
4002 1332666 1 82,640,3280 145,145,3712
4003 1333332 1 51,928,3024 87,108,3808
4004 1333999 1 11,1815,2178 20,24,3960
4005 1334666 1 78,1275,2652 85,520,3400
4006 1335333 1 96,1840,2070 130,288,3588
4007 1336000 1 132,770,3105 189,276,3542
4008 1336668 1 30,1248,2730 32,336,3640
4009 1337335 1 140,1749,2120 231,280,3498
4010 1338003 1 105,825,3080 110,600,3300
4011 1338671 1 40,1463,2508 42,504,3465
4012 1339339 1 100,1512,2400 112,540,3360
4013 1340007 1 77,1344,2592 88,405,3520
4014 1340676 1 36,1404,2574 54,99,3861
4015 1341344 1 10,445,3560 11,88,3916
4016 1342013 1 23,198,3795 38,45,3933
4017 1342682 1 15,1566,2436 18,84,3915
4018 1343351 1 28,1330,2660 41,82,3895
4019 1344020 1 99,224,3696 132,143,3744
4020 1344690 1 24,888,3108 30,105,3885
4021 1345359 1 45,1120,2856 60,153,3808
4022 1346029 1 44,612,3366 51,209,3762
4023 1346699 1 23,1150,2850 45,45,3933
4024 1347369 1 110,1520,2394 112,1140,2772
4025 1348039 1 115,782,3128 125,500,3400
4026 1348710 1 57,378,3591 66,198,3762
4027 1349380 1 77,1155,2795 78,946,3003
4028 1350051 1 63,1872,2093 72,368,3588
4029 1350722 1 34,935,3060 36,363,3630
4030 1351393 1 19,382,3629 20,190,3820
4031 1352064 1 75,1806,2150 98,258,3675
4032 1352736 1 39,726,3267 54,117,3861
4033 1353407 1 28,445,3560 40,77,3916
4034 1354079 1 56,1122,2856 66,272,3696
4035 1354751 1 105,1890,2040 108,1071,2856
4036 1355423 1 81,904,3051 96,324,3616
4037 1356095 1 66,627,3344 77,264,3696
4038 1356768 1 38,1150,2850 45,198,3795
4039 1357440 1 70,1512,2457 84,315,3640
4040 1358113 1 69,475,3496 72,368,3600
4041 1358786 1 108,585,3348 135,279,3627
4042 1359459 1 49,847,3146 66,154,3822
4043 1360132 1 72,1881,2090 75,800,3168
4044 1360806 1 72,1128,2844 94,237,3713
4045 1361479 1 16,1309,2720 17,220,3808
4046 1362153 1 126,1008,2912 140,546,3360
4047 1362827 1 51,936,3060 52,680,3315
4048 1363501 1 88,1683,2277 92,828,3128
4049 1364175 1 45,819,3185 49,325,3675
4050 1364850 1 33,1751,2266 36,306,3708
4051 1365524 1 138,348,3565 145,310,3596
4052 1366199 1 48,1092,2912 56,252,3744
4053 1366874 1 49,728,3276 63,168,3822
4054 1367549 1 78,406,3570 102,182,3770
4055 1368224 1 25,780,3250 30,125,3900
4056 1368900 1 52,728,3276 56,360,3640
4057 1369575 1 105,1972,1980 165,238,3654
4058 1370251 1 28,1302,2728 30,308,3720
4059 1370927 1 54,1485,2520 55,924,3080
4060 1371603 1 40,1340,2680 58,116,3886
4061 1372279 1 65,936,3060 68,561,3432
4062 1372956 1 16,952,3094 19,91,3952
4063 1373632 1 64,1935,2064 65,1118,2880
4064 1374309 1 47,492,3525 60,150,3854
4065 1374986 1 19,1190,2856 35,40,3990
4066 1375663 1 76,1330,2660 107,214,3745
4067 1376340 1 96,1520,2451 105,602,3360
4068 1377018 1 36,1392,2640 54,99,3915
4069 1377695 1 54,1540,2475 84,135,3850
4070 1378373 1 52,1638,2380 70,175,3825
4071 1379051 1 21,1575,2475 25,119,3927
4072 1379729 1 72,1664,2336 73,1152,2847
4073 1380407 1 78,1785,2210 80,1001,2992
4074 1381086 1 48,1098,2928 63,168,3843
4075 1381764 1 119,645,3311 165,255,3655
4076 1382443 1 26,1710,2340 30,170,3876
4077 1383122 1 81,1404,2592 117,216,3744
4078 1383801 1 30,880,3168 32,306,3740
4079 1384480 1 174,1305,2600 203,600,3276
4080 1385160 1 55,700,3325 76,154,3850
4081 1385839 1 35,1666,2380 49,112,3920
4082 1386519 1 15,747,3320 18,80,3984
4083 1387199 1 105,858,3120 156,231,3696
4084 1387879 1 52,1728,2304 54,702,3328
4085 1388559 1 25,1225,2835 35,81,3969
4086 1389240 1 96,390,3600 117,225,3744
4087 1389920 1 16,391,3680 17,160,3910
4088 1390601 1 32,1144,2912 42,119,3927
4089 1391282 1 19,1295,2775 25,74,3990
4090 1391963 1 40,1080,2970 44,306,3740
4091 1392644 1 44,1704,2343 66,120,3905
4092 1393326 1 46,1976,2070 48,624,3420
4093 1394007 1 63,558,3472 68,336,3689
4094 1394689 1 34,1190,2870 35,574,3485
4095 1395371 1 30,480,3585 32,239,3824
4096 1396053 1 88,1368,2640 144,190,3762
4097 1396735 1 104,1001,2992 119,442,3536
4098 1397418 1 42,1872,2184 48,270,3780
4099 1398100 1 46,1449,2604 69,124,3906
4100 1398783 1 41,1968,2091 68,96,3936
4101 1399466 1 41,616,3444 42,451,3608
4102 1400149 1 70,462,3570 102,150,3850
4103 1400832 1 99,1232,2772 110,528,3465
4104 1401516 1 8,512,3584 9,63,4032
4105 1402199 1 112,1705,2288 155,310,3640
4106 1402883 1 102,935,3069 180,186,3740
4107 1403567 1 75,588,3444 82,350,3675
4108 1404251 1 16,880,3212 20,73,4015
4109 1404935 1 77,2016,2016 84,560,3465
4110 1405620 1 14,1536,2560 18,60,4032
4111 1406304 1 86,1495,2530 143,184,3784
4112 1406989 1 108,1980,2024 110,1242,2760
4113 1407674 1 78,1560,2475 88,450,3575
4114 1408359 1 66,1188,2860 110,143,3861
4115 1409044 1 90,1925,2100 100,550,3465
4116 1409730 1 21,630,3465 24,132,3960
4117 1410415 1 69,2024,2024 92,230,3795
4118 1411101 1 87,1798,2233 88,1302,2728
4119 1411787 1 39,1870,2210 52,140,3927
4120 1412473 1 72,736,3312 80,360,3680
4121 1413159 1 14,888,3219 21,40,4060
4122 1413846 1 26,352,3744 27,234,3861
4123 1414532 1 7,1911,2205 13,15,4095
4124 1415219 1 78,1428,2618 80,924,3120
4125 1415906 1 95,520,3510 108,312,3705
4126 1416593 1 45,2002,2079 55,210,3861
4127 1417280 1 56,200,3871 79,98,3950
4128 1417968 1 63,1260,2805 65,748,3315
4129 1418655 1 104,1568,2457 189,196,3744
4130 1419343 1 59,1770,2301 100,130,3900
4131 1420031 1 35,1408,2688 36,630,3465
4132 1420719 1 36,832,3264 52,102,3978
4133 1421407 1 58,815,3260 59,652,3422
4134 1422096 1 18,1176,2940 20,154,3960
4135 1422784 1 25,975,3135 27,247,3861
4136 1423473 1 77,275,3784 86,200,3850
4137 1424162 1 48,987,3102 77,112,3948
4138 1424851 1 44,552,3542 63,115,3960
4139 1425540 1 121,1210,2808 135,572,3432
4140 1426230 1 45,1071,3024 48,420,3672
4141 1426919 1 27,748,3366 34,111,3996
4142 1427609 1 32,1440,2670 48,89,4005
4143 1428299 1 47,1504,2592 54,282,3807
4144 1428989 1 30,484,3630 32,240,3872
4145 1429679 1 38,1295,2812 60,95,3990
4146 1430370 1 30,1596,2520 32,352,3762
4147 1431060 1 22,660,3465 26,117,4004
4148 1431751 1 18,1232,2898 23,77,4048
4149 1432442 1 99,837,3213 119,341,3689
4150 1433133 1 100,1600,2450 104,910,3136
4151 1433824 1 55,1856,2240 56,1015,3080
4152 1434516 1 44,1248,2860 48,360,3744
4153 1435207 1 22,391,3740 23,220,3910
4154 1435899 1 20,1144,2990 26,80,4048
4155 1436591 1 85,1350,2720 96,459,3600
4156 1437283 1 26,490,3640 28,208,3920
4157 1437975 1 72,1160,2925 87,300,3770
4158 1438668 1 18,828,3312 22,88,4048
4159 1439360 1 43,504,3612 45,330,3784
4160 1440053 1 64,512,3584 65,455,3640
4161 1440746 1 45,1470,2646 54,222,3885
4162 1441439 1 55,1998,2109 56,1026,3080
4163 1442132 1 55,2054,2054 56,1027,3080
4164 1442826 1 54,420,3690 56,328,3780
4165 1443519 1 85,1360,2720 119,238,3808
4166 1444213 1 70,1536,2560 78,448,3640
4167 1444907 1 72,1395,2700 75,744,3348
4168 1445601 1 52,1512,2604 54,682,3432
4169 1446295 1 39,1820,2310 44,275,3850
4170 1446990 1 30,1260,2880 42,96,4032
4171 1447684 1 86,817,3268 97,388,3686
4172 1448379 1 76,896,3200 77,770,3325
4173 1449074 1 45,1320,2808 52,260,3861
4174 1449769 1 58,882,3234 59,693,3422
4175 1450464 1 44,204,3927 52,119,4004
4176 1451160 1 45,1836,2295 51,300,3825
4177 1451855 1 30,1015,3132 54,63,4060
4178 1452551 1 78,1968,2132 82,768,3328
4179 1453247 1 39,552,3588 42,273,3864
4180 1453943 1 20,520,3640 22,154,4004
4181 1454639 1 51,2006,2124 56,408,3717
4182 1455336 1 51,1377,2754 66,189,3927
4183 1456032 1 75,1300,2808 91,312,3780
4184 1456729 1 24,1440,2720 36,68,4080
4185 1457426 1 54,567,3564 60,275,3850
4186 1458123 1 70,1764,2352 90,256,3840
4187 1458820 1 29,504,3654 40,87,4060
4188 1459518 1 68,618,3502 72,408,3708
4189 1460215 1 59,1180,2950 75,220,3894
4190 1460913 1 95,675,3420 120,270,3800
4191 1461611 1 57,1749,2385 63,418,3710
4192 1462309 1 44,1464,2684 45,792,3355
4193 1463007 1 68,1200,2925 72,585,3536
4194 1463706 1 98,784,3312 138,234,3822
4195 1464404 1 55,1540,2600 65,280,3850
4196 1465103 1 100,400,3696 108,308,3780
4197 1465802 1 39,648,3510 72,75,4050
4198 1466501 1 91,987,3120 94,720,3384
4199 1467200 1 17,816,3366 20,99,4080
4200 1467900 1 72,1548,2580 86,330,3784
4201 1468599 1 12,885,3304 15,56,4130
4202 1469299 1 77,1210,2915 106,224,3872
4203 1469999 1 87,1680,2436 96,555,3552
4204 1470699 1 64,1760,2380 68,616,3520
4205 1471399 1 44,1881,2280 55,190,3960
4206 1472100 1 90,1386,2730 110,352,3744
4207 1472800 1 28,672,3507 32,167,4008
4208 1473501 1 77,336,3795 92,196,3920
4209 1474202 1 84,2025,2100 105,324,3780
4210 1474903 1 85,525,3600 96,306,3808
4211 1475604 1 86,429,3696 91,336,3784
4212 1476306 1 40,1192,2980 54,135,4023
4213 1477007 1 33,440,3740 48,85,4080
4214 1477709 1 23,396,3795 24,230,3960
4215 1478411 1 50,315,3850 55,200,3960
4216 1479113 1 34,238,3944 40,116,4060
4217 1479815 1 189,1463,2565 205,855,3157
4218 1480518 1 27,2079,2112 32,154,4032
4219 1481220 1 33,490,3696 35,264,3920
4220 1481923 1 34,1330,2856 40,190,3990
4221 1482626 1 61,500,3660 96,125,4000
4222 1483329 1 62,1680,2480 68,465,3689
4223 1484032 1 123,820,3280 156,336,3731
4224 1484736 1 99,1980,2145 117,444,3663
4225 1485439 1 25,400,3800 26,247,3952
4226 1486143 1 40,616,3570 44,255,3927
4227 1486847 1 80,1155,2992 102,275,3850
4228 1487551 1 42,728,3458 48,228,3952
4229 1488255 1 24,812,3393 30,104,4095
4230 1488960 1 99,2025,2106 100,1430,2700
4231 1489664 1 84,1885,2262 114,260,3857
4232 1490369 1 46,1886,2300 50,410,3772
4233 1491074 1 117,1911,2205 119,1309,2805
4234 1491779 1 9,1495,2730 10,84,4140
4235 1492484 1 88,1430,2717 110,325,3800
4236 1493190 1 81,1995,2160 84,912,3240
4237 1493895 1 51,1326,2860 55,442,3740
4238 1494601 1 44,990,3204 55,178,4005
4239 1495307 1 74,2072,2093 92,299,3848
4240 1496013 1 75,1365,2800 100,240,3900
4241 1496719 1 42,1007,3192 45,380,3816
4242 1497426 1 82,880,3280 84,693,3465
4243 1498132 1 147,1216,2880 154,855,3234
4244 1498839 1 56,648,3540 59,405,3780
4245 1499546 1 75,870,3300 87,330,3828
4246 1500253 1 44,506,3696 46,336,3864
4247 1500960 1 42,1972,2233 48,272,3927
4248 1501668 1 33,1410,2805 34,595,3619
4249 1502375 1 82,1584,2583 84,1008,3157
4250 1503083 1 18,920,3312 29,45,4176
4251 1503791 1 39,1755,2457 65,91,4095
4252 1504499 1 17,495,3740 20,92,4140
4253 1505207 1 224,1309,2720 238,935,3080
4254 1505916 1 30,1440,2784 33,261,3960
4255 1506624 1 50,1015,3190 55,350,3850
4256 1507333 1 32,960,3264 40,136,4080
4257 1508042 1 44,1540,2673 45,810,3402
4258 1508751 1 114,1036,3108 118,777,3363
4259 1509460 1 70,1349,2840 88,266,3905
4260 1510170 1 48,612,3600 80,100,4080
4261 1510879 1 56,1595,2610 70,231,3960
4262 1511589 1 63,1729,2470 90,182,3990
4263 1512299 1 77,2093,2093 78,1287,2898
4264 1513009 1 104,1820,2340 120,504,3640
4265 1513719 1 15,950,3300 19,66,4180
4266 1514430 1 9,495,3762 10,76,4180
4267 1515140 1 119,918,3230 130,546,3591
4268 1515851 1 77,1551,2640 88,420,3760
4269 1516562 1 30,720,3519 34,187,4048
4270 1517273 1 20,1550,2700 31,54,4185
4271 1517984 1 39,1449,2783 55,121,4095
4272 1518696 1 72,936,3264 102,192,3978
4273 1519407 1 87,1750,2436 98,500,3675
4274 1520119 1 39,1232,3003 42,368,3864
4275 1520831 1 63,1755,2457 70,435,3770
4276 1521543 1 44,1012,3220 52,220,4004
4277 1522255 1 47,846,3384 72,116,4089
4278 1522968 1 30,1440,2808 54,64,4160
4279 1523680 1 47,2070,2162 55,264,3960
4280 1524393 1 45,770,3465 48,368,3864
4281 1525106 1 56,2002,2223 57,1056,3168
4282 1525819 1 42,212,4028 57,91,4134
4283 1526532 1 123,1577,2583 133,747,3403
4284 1527246 1 52,1840,2392 54,720,3510
4285 1527959 1 70,1300,2915 106,175,4004
4286 1528673 1 48,702,3536 51,374,3861
4287 1529387 1 30,1485,2772 45,84,4158
4288 1530101 1 33,999,3256 56,74,4158
4289 1530815 1 39,1325,2925 65,90,4134
4290 1531530 1 33,1881,2376 56,76,4158
4291 1532244 1 53,793,3445 61,265,3965
4292 1532959 1 42,1610,2640 44,552,3696
4293 1533674 1 27,2133,2133 53,53,4187
4294 1534389 1 44,1870,2380 52,238,4004
4295 1535104 1 60,1925,2310 70,325,3900
4296 1535820 1 64,552,3680 84,180,4032
4297 1536535 1 62,693,3542 69,322,3906
4298 1537251 1 56,952,3290 68,235,3995
4299 1537967 1 42,1763,2494 43,812,3444
4300 1538683 1 36,2080,2184 45,160,4095
4301 1539399 1 44,792,3465 45,560,3696
4302 1540116 1 162,1242,2898 252,324,3726
4303 1540832 1 85,1311,2907 115,255,3933
4304 1541549 1 72,1840,2392 80,480,3744
4305 1542266 1 35,448,3822 49,96,4160
4306 1542983 1 78,1456,2772 126,176,4004
4307 1543700 1 50,1800,2457 56,351,3900
4308 1544418 1 84,1344,2880 96,432,3780
4309 1545135 1 59,708,3542 84,154,4071
4310 1545853 1 75,1430,2805 78,782,3450
4311 1546571 1 90,2010,2211 99,594,3618
4312 1547289 1 56,1344,2912 72,208,4032
4313 1548007 1 57,1995,2261 63,425,3825
4314 1548726 1 44,805,3465 69,105,4140
4315 1549444 1 80,1260,2975 85,630,3600
4316 1550163 1 60,812,3444 82,174,4060
4317 1550882 1 57,840,3420 105,108,4104
4318 1551601 1 34,646,3638 38,214,4066
4319 1552320 1 87,1564,2668 120,255,3944
4320 1553040 1 64,1088,3168 78,264,3978
4321 1553759 1 65,1596,2660 70,546,3705
4322 1554479 1 55,340,3927 56,306,3960
4323 1555199 1 93,1440,2790 99,704,3520
4324 1555919 1 96,2114,2114 99,1057,3168
4325 1556639 1 69,1680,2576 120,145,4060
4326 1557360 1 36,780,3510 42,189,4095
4327 1558080 1 50,2002,2275 52,700,3575
4328 1558801 1 28,688,3612 32,168,4128
4329 1559522 1 24,735,3570 28,136,4165
4330 1560243 1 60,1050,3220 75,230,4025
4331 1560964 1 61,854,3416 71,284,3976
4332 1561686 1 32,780,3520 40,132,4160
4333 1562407 1 108,1768,2457 112,1008,3213
4334 1563129 1 84,1100,3150 110,264,3960
4335 1563851 1 130,870,3335 135,690,3510
4336 1564573 1 68,1650,2618 70,900,3366
4337 1565295 1 105,920,3312 112,585,3640
4338 1566018 1 37,231,4070 50,88,4200
4339 1566740 1 105,1044,3190 126,385,3828
4340 1567463 1 20,810,3510 24,104,4212
4341 1568186 1 63,651,3627 91,155,4095
4342 1568909 1 52,1716,2574 92,110,4140
4343 1569632 1 129,1505,2709 215,258,3870
4344 1570356 1 15,549,3780 20,54,4270
4345 1571079 1 55,1287,3003 75,175,4095
4346 1571803 1 62,1463,2821 76,266,4004
4347 1572527 1 12,1275,3060 15,57,4275
4348 1573251 1 80,1100,3168 100,288,3960
4349 1573975 1 65,1764,2520 72,455,3822
4350 1574700 1 49,391,3910 70,115,4165
4351 1575424 1 87,754,3510 100,351,3900
4352 1576149 1 96,1520,2736 110,480,3762
4353 1576874 1 48,2145,2160 52,440,3861
4354 1577599 1 84,910,3360 90,520,3744
4355 1578324 1 35,288,4032 39,156,4160
4356 1579050 1 55,1955,2346 68,240,4048
4357 1579775 1 22,935,3400 25,152,4180
4358 1580501 1 12,1476,2870 18,35,4305
4359 1581227 1 69,840,3450 75,420,3864
4360 1581953 1 48,912,3400 50,510,3800
4361 1582679 1 143,1748,2470 152,920,3289
4362 1583406 1 27,2040,2295 30,228,4104
4363 1584132 1 187,1836,2340 216,715,3432
4364 1584859 1 114,950,3300 132,437,3795
4365 1585586 1 20,1185,3160 27,72,4266
4366 1586313 1 98,936,3332 136,252,3978
4367 1587040 1 77,1518,2772 112,207,4048
4368 1587768 1 13,871,3484 16,64,4288
4369 1588495 1 37,1596,2736 45,180,4144
4370 1589223 1 92,1012,3266 110,355,3905
4371 1589951 1 39,1197,3135 45,231,4095
4372 1590679 1 52,1980,2340 60,308,4004
4373 1591407 1 168,1015,3190 187,616,3570
4374 1592136 1 39,1989,2346 42,399,3933
4375 1592864 1 19,1881,2475 25,75,4275
4376 1593593 1 24,960,3392 30,106,4240
4377 1594322 1 42,765,3570 45,342,3990
4378 1595051 1 85,621,3672 88,495,3795
4379 1595780 1 55,1880,2444 78,165,4136
4380 1596510 1 90,720,3570 96,476,3808
4381 1597239 1 50,671,3660 55,300,4026
4382 1597969 1 105,1890,2387 110,924,3348
4383 1598699 1 48,1887,2448 54,333,3996
4384 1599429 1 52,380,3952 64,160,4160
4385 1600159 1 14,423,3948 15,140,4230
4386 1600890 1 63,1848,2475 66,720,3600
4387 1601620 1 40,1575,2772 55,132,4200
4388 1602351 1 13,2100,2275 14,162,4212
4389 1603082 1 54,1122,3213 77,154,4158
4390 1603813 1 20,950,3420 25,90,4275
4391 1604544 1 56,663,3672 77,156,4158
4392 1605276 1 18,1944,2430 32,40,4320
4393 1606007 1 143,1450,2800 145,1232,3016
4394 1606739 1 20,810,3564 26,78,4290
4395 1607471 1 20,1750,2625 21,324,4050
4396 1608203 1 30,1180,3186 40,108,4248
4397 1608935 1 45,2142,2210 65,133,4199
4398 1609668 1 33,582,3783 52,78,4268
4399 1610400 1 63,1456,2880 64,1020,3315
4400 1611133 1 65,1870,2465 110,143,4147
4401 1611866 1 51,1392,2958 72,153,4176
4402 1612599 1 27,1575,2800 28,486,3888
4403 1613332 1 51,374,3978 58,198,4147
4404 1614066 1 72,1020,3312 80,414,3910
4405 1614799 1 30,500,3875 31,324,4050
4406 1615533 1 36,1900,2470 38,468,3900
4407 1616267 1 72,765,3570 75,532,3800
4408 1617001 1 56,544,3808 58,406,3944
4409 1617735 1 64,1430,2915 106,143,4160
4410 1618470 1 36,648,3726 40,230,4140
4411 1619204 1 154,1980,2277 161,1100,3150
4412 1619939 1 38,1539,2835 60,96,4256
4413 1620674 1 42,1410,2961 45,420,3948
4414 1621409 1 69,711,3634 79,306,4029
4415 1622144 1 63,1440,2912 80,240,4095
4416 1622880 1 45,423,3948 60,126,4230
4417 1623615 1 17,256,4144 28,37,4352
4418 1624351 1 117,693,3608 168,246,4004
4419 1625087 1 162,891,3366 187,506,3726
4420 1625823 1 45,2100,2275 52,273,4095
4421 1626559 1 128,1272,3021 133,896,3392
4422 1627296 1 33,1584,2805 36,306,4080
4423 1628032 1 56,671,3696 61,336,4026
4424 1628769 1 30,2132,2262 31,580,3813
4425 1629506 1 50,875,3500 59,236,4130
4426 1630243 1 51,975,3400 52,702,3672
4427 1630980 1 33,1430,2964 38,209,4180
4428 1631718 1 72,1188,3168 96,228,4104
4429 1632455 1 40,285,4104 54,100,4275
4430 1633193 1 55,800,3575 56,630,3744
4431 1633931 1 15,1456,2960 18,84,4329
4432 1634669 1 57,1050,3325 58,783,3591
4433 1635407 1 11,737,3685 13,65,4355
4434 1636146 1 16,1128,3290 26,40,4368
4435 1636884 1 196,1575,2664 200,1295,2940
4436 1637623 1 28,1972,2436 36,116,4284
4437 1638362 1 85,1904,2448 105,342,3990
4438 1639101 1 63,735,3640 68,392,3978
4439 1639840 1 50,564,3825 68,141,4230
4440 1640580 1 65,975,3400 72,390,3978
4441 1641319 1 140,1870,2431 156,715,3570
4442 1642059 1 24,1880,2538 32,90,4320
4443 1642799 1 78,1755,2610 87,495,3861
4444 1643539 1 34,720,3690 36,328,4080
4445 1644279 1 70,2100,2275 90,260,4095
4446 1645020 1 54,720,3672 60,306,4080
4447 1645760 1 22,1840,2585 23,376,4048
4448 1646501 1 80,1008,3360 96,320,4032
4449 1647242 1 46,1666,2737 49,490,3910
4450 1647983 1 75,2000,2375 76,1296,3078
4451 1648724 1 104,1071,3276 119,456,3876
4452 1649466 1 60,1260,3132 63,609,3780
4453 1650207 1 35,893,3525 45,133,4275
4454 1650949 1 80,2106,2268 82,1092,3280
4455 1651691 1 35,1092,3328 39,256,4160
4456 1652433 1 80,2188,2188 82,1094,3280
4457 1653175 1 32,1785,2640 33,616,3808
4458 1653918 1 90,1560,2808 111,351,3996
4459 1654660 1 49,784,3626 56,259,4144
4460 1655403 1 33,836,3591 36,266,4158
4461 1656146 1 72,1653,2736 114,171,4176
4462 1656889 1 44,1316,3102 46,552,3864
4463 1657632 1 43,765,3655 45,423,3995
4464 1658376 1 48,736,3680 54,270,4140
4465 1659119 1 37,1148,3280 41,280,4144
4466 1659863 1 48,1692,2726 58,232,4176
4467 1660607 1 93,1584,2790 132,255,4080
4468 1661351 1 28,1080,3360 36,112,4320
4469 1662095 1 80,1045,3344 82,779,3608
4470 1662840 1 50,595,3825 84,102,4284
4471 1663584 1 187,1989,2295 221,675,3575
4472 1664329 1 22,534,3916 24,176,4272
4473 1665074 1 57,1680,2736 63,420,3990
4474 1665819 1 78,364,4032 90,224,4160
4475 1666564 1 75,2200,2200 100,250,4125
4476 1667310 1 108,1344,3024 120,576,3780
4477 1668055 1 44,1430,3003 45,792,3640
4478 1668801 1 19,203,4256 32,38,4408
4479 1669547 1 42,255,4182 51,123,4305
4480 1670293 1 88,432,3960 112,210,4158
4481 1671039 1 74,1921,2486 113,187,4181
4482 1671786 1 65,2002,2415 66,1196,3220
4483 1672532 1 183,430,3870 192,387,3904
4484 1673279 1 28,1904,2552 29,528,3927
4485 1674026 1 91,2028,2366 111,378,3996
4486 1674773 1 78,936,3472 84,496,3906
4487 1675520 1 140,1575,2772 175,462,3850
4488 1676268 1 34,884,3570 36,357,4095
4489 1677015 1 114,1575,2800 118,1008,3363
4490 1677763 1 62,1638,2790 70,390,4030
4491 1678511 1 36,513,3942 38,292,4161
4492 1679259 1 48,1584,2860 72,130,4290
4493 1680007 1 91,1581,2821 93,1085,3315
4494 1680756 1 39,1872,2583 48,182,4264
4495 1681504 1 25,745,3725 29,145,4321
4496 1682253 1 7,1943,2546 11,19,4466
4497 1683002 1 57,1400,3040 96,126,4275
4498 1683751 1 65,1001,3432 70,468,3960
4499 1684500 1 33,176,4290 40,91,4368
4500 1685250 1 100,2000,2400 125,375,4000
4501 1685999 1 17,1475,3009 25,51,4425
4502 1686749 1 69,1581,2852 102,184,4216
4503 1687499 1 105,2088,2310 117,616,3770
4504 1688249 1 24,1120,3360 45,49,4410
4505 1688999 1 33,1040,3432 39,176,4290
4506 1689750 1 40,1386,3080 42,504,3960
4507 1690500 1 18,1742,2747 27,52,4428
4508 1691251 1 23,414,4071 24,236,4248
4509 1692002 1 119,1330,3060 120,1197,3192
4510 1692753 1 55,429,4026 58,305,4147
4511 1693504 1 108,1190,3213 145,306,4060
4512 1694256 1 23,1407,3082 27,138,4347
4513 1695007 1 119,936,3458 133,504,3876
4514 1695759 1 45,410,4059 55,154,4305
4515 1696511 1 15,2025,2475 27,33,4455
4516 1697263 1 16,1575,2925 18,130,4368
4517 1698015 1 51,1015,3451 58,294,4165
4518 1698768 1 63,2160,2295 64,1190,3264
4519 1699520 1 30,268,4221 49,60,4410
4520 1700273 1 65,495,3960 110,120,4290
4521 1701026 1 36,390,4095 48,105,4368
4522 1701779 1 17,1802,2703 28,42,4452
4523 1702532 1 34,2144,2345 35,680,3808
4524 1703286 1 29,1595,2900 44,80,4400
4525 1704039 1 36,1809,2680 45,160,4320
4526 1704793 1 21,1190,3315 28,78,4420
4527 1705547 1 63,1224,3240 68,490,3969
4528 1706301 1 46,1584,2898 48,616,3864
4529 1707055 1 49,1760,2720 56,308,4165
4530 1707810 1 50,1600,2880 75,135,4320
4531 1708564 1 42,1206,3283 51,196,4284
4532 1709319 1 52,1568,2912 77,143,4312
4533 1710074 1 33,1140,3360 48,96,4389
4534 1710829 1 112,2142,2280 114,1360,3060
4535 1711584 1 76,1729,2730 117,188,4230
4536 1712340 1 56,2240,2240 108,108,4320
4537 1713095 1 29,812,3696 48,67,4422
4538 1713851 1 28,2214,2296 54,56,4428
4539 1714607 1 39,720,3780 54,117,4368
4540 1715363 1 55,1380,3105 60,432,4048
4541 1716119 1 96,2205,2240 147,234,4160
4542 1716876 1 42,2100,2400 54,168,4320
4543 1717632 1 98,1470,2975 153,225,4165
4544 1718389 1 85,1365,3094 150,169,4225
4545 1719146 1 56,2144,2345 65,320,4160
4546 1719903 1 38,322,4186 46,130,4370
4547 1720660 1 25,931,3591 27,245,4275
4548 1721418 1 48,1980,2520 54,336,4158
4549 1722175 1 96,793,3660 104,480,3965
4550 1722933 1 84,1890,2576 85,1360,3105
4551 1723691 1 29,1071,3451 51,63,4437
4552 1724449 1 136,1764,2652 182,392,3978
4553 1725207 1 80,1988,2485 88,560,3905
4554 1725966 1 54,1395,3105 69,207,4278
4555 1726724 1 70,285,4200 75,224,4256
4556 1727483 1 48,588,3920 51,340,4165
4557 1728242 1 21,1512,3024 31,62,4464
4558 1729001 1 86,1118,3354 106,318,4134
4559 1729760 1 70,737,3752 104,165,4290
4560 1730520 1 60,1800,2700 96,144,4320
4561 1731279 1 36,1105,3420 39,323,4199
4562 1732039 1 36,1314,3212 67,73,4422
4563 1732799 1 13,1300,3250 18,45,4500
4564 1733559 1 52,222,4290 55,180,4329
4565 1734319 1 77,2200,2288 80,910,3575
4566 1735080 1 56,352,4158 66,180,4320
4567 1735840 1 36,1035,3496 45,152,4370
4568 1736601 1 60,1232,3276 80,198,4290
4569 1737362 1 114,351,4104 136,234,4199
4570 1738123 1 10,1330,3230 14,34,4522
4571 1738884 1 35,1512,3024 49,112,4410
4572 1739646 1 47,2128,2397 48,952,3572
4573 1740407 1 114,1911,2548 118,1092,3363
4574 1741169 1 42,528,4004 52,154,4368
4575 1741931 1 168,1352,3055 180,846,3549
4576 1742693 1 16,2128,2432 20,76,4480
4577 1743455 1 52,2145,2380 55,595,3927
4578 1744218 1 20,1118,3440 26,80,4472
4579 1744980 1 36,1593,2950 54,100,4425
4580 1745743 1 56,1092,3432 70,220,4290
4581 1746506 1 72,1296,3213 81,420,4080
4582 1747269 1 132,1326,3124 142,748,3692
4583 1748032 1 128,275,4180 150,209,4224
4584 1748796 1 99,1196,3289 104,736,3744
4585 1749559 1 105,1540,2940 119,539,3927
4586 1750323 1 32,1242,3312 36,230,4320
4587 1751087 1 44,1848,2695 72,105,4410
4588 1751851 1 66,1309,3213 88,216,4284
4589 1752615 1 39,1085,3465 63,93,4433
4590 1753380 1 68,1292,3230 90,225,4275
4591 1754144 1 99,2246,2246 102,1123,3366
4592 1754909 1 70,1232,3290 80,376,4136
4593 1755674 1 85,1540,2968 88,901,3604
4594 1756439 1 114,1440,3040 117,1045,3432
4595 1757204 1 71,832,3692 80,355,4160
4596 1757970 1 84,2016,2496 96,468,4032
4597 1758735 1 37,490,4070 40,245,4312
4598 1759501 1 35,2275,2288 44,154,4400
4599 1760267 1 60,1869,2670 98,140,4361
4600 1761033 1 92,1610,2898 115,345,4140
4601 1761799 1 207,819,3575 231,575,3795
4602 1762566 1 58,1760,2784 66,360,4176
4603 1763332 1 45,1908,2650 46,900,3657
4604 1764099 1 124,760,3720 145,399,4060
4605 1764866 1 45,765,3795 51,253,4301
4606 1765633 1 49,1862,2695 70,147,4389
4607 1766400 1 32,2255,2320 33,638,3936
4608 1767168 1 48,660,3900 65,143,4400
4609 1767935 1 49,836,3724 66,154,4389
4610 1768703 1 88,1672,2850 90,1100,3420
4611 1769471 1 48,1248,3315 51,480,4080
4612 1770239 1 54,400,4158 72,140,4400
4613 1771007 1 91,1064,3458 133,224,4256
4614 1771776 1 102,2115,2397 180,204,4230
4615 1772544 1 39,1066,3510 52,135,4428
4616 1773313 1 80,1080,3456 92,384,4140
4617 1774082 1 117,2160,2340 132,624,3861
4618 1774851 1 68,1150,3400 94,200,4324
4619 1775620 1 11,1344,3264 12,119,4488
4620 1776390 1 28,1400,3192 30,315,4275
4621 1777159 1 21,2185,2415 23,209,4389
4622 1777929 1 58,2282,2282 59,1141,3422
4623 1778699 1 44,627,3952 48,285,4290
4624 1779469 1 70,2090,2464 88,280,4256
4625 1780239 1 115,945,3565 161,279,4185
4626 1781010 1 24,2184,2418 26,260,4340
4627 1781780 1 45,1422,3160 63,140,4424
4628 1782551 1 119,1449,3060 120,1288,3220
4629 1783322 1 75,690,3864 84,345,4200
4630 1784093 1 45,945,3640 54,208,4368
4631 1784864 1 39,1435,3157 41,495,4095
4632 1785636 1 24,2016,2592 42,54,4536
4633 1786407 1 133,720,3780 161,368,4104
4634 1787179 1 70,1540,3024 80,396,4158
4635 1787951 1 15,840,3780 18,81,4536
4636 1788723 1 48,868,3720 56,240,4340
4637 1789495 1 125,750,3762 152,360,4125
4638 1790268 1 60,1953,2625 63,700,3875
4639 1791040 1 154,2145,2340 180,637,3822
4640 1791813 1 104,1260,3276 140,300,4200
4641 1792586 1 63,483,4095 65,390,4186
4642 1793359 1 22,1650,2970 25,162,4455
4643 1794132 1 35,2268,2340 45,143,4455
4644 1794906 1 24,660,3960 27,162,4455
4645 1795679 1 47,1045,3553 85,95,4465
4646 1796453 1 46,1150,3450 48,550,4048
4647 1797227 1 23,1105,3519 27,135,4485
4648 1798001 1 40,1728,2880 49,189,4410
4649 1798775 1 99,414,4136 141,184,4324
4650 1799550 1 52,2090,2508 90,114,4446
4651 1800324 1 75,1573,3003 91,325,4235
4652 1801099 1 76,2125,2451 102,250,4300
4653 1801874 1 42,1566,3045 45,432,4176
4654 1802649 1 46,1584,3024 54,253,4347
4655 1803424 1 14,1428,3213 20,45,4590
4656 1804200 1 36,1260,3360 48,128,4480
4657 1804975 1 198,1989,2470 220,884,3553
4658 1805751 1 60,418,4180 95,117,4446
4659 1806527 1 135,2175,2349 174,435,4050
4660 1807303 1 80,2240,2340 84,832,3744
4661 1808079 1 44,756,3861 46,429,4186
4662 1808856 1 12,1200,3450 16,46,4600
4663 1809632 1 39,408,4216 44,186,4433
4664 1810409 1 40,1904,2720 56,128,4480
4665 1811186 1 45,2223,2397 57,188,4420
4666 1811963 1 42,714,3910 49,207,4410
4667 1812740 1 91,2288,2288 92,1495,3080
4668 1813518 1 44,1564,3060 45,828,3795
4669 1814295 1 45,1496,3128 46,828,3795
4670 1815073 1 170,1700,2800 182,952,3536
4671 1815851 1 46,1395,3230 51,342,4278
4672 1816629 1 48,1632,2992 55,297,4320
4673 1817407 1 110,2088,2475 120,725,3828
4674 1818186 1 30,2236,2408 39,120,4515
4675 1818964 1 34,1190,3451 35,580,4060
4676 1819743 1 68,296,4312 77,196,4403
4677 1820522 1 65,2002,2610 66,1218,3393
4678 1821301 1 88,1290,3300 120,258,4300
4679 1822080 1 55,2040,2584 70,220,4389
4680 1822860 1 55,1925,2700 60,462,4158
4681 1823639 1 20,2301,2360 39,40,4602
4682 1824419 1 57,160,4465 76,94,4512
4683 1825199 1 63,693,3927 66,459,4158
4684 1825979 1 76,912,3696 84,420,4180
4685 1826759 1 44,1176,3465 45,720,3920
4686 1827540 1 28,2040,2618 33,165,4488
4687 1828320 1 124,1339,3224 155,412,4120
4688 1829101 1 65,663,3960 88,180,4420
4689 1829882 1 90,2115,2484 135,230,4324
4690 1830663 1 50,1450,3190 70,154,4466
4691 1831444 1 51,1665,2975 63,225,4403
4692 1832226 1 72,840,3780 75,567,4050
4693 1833007 1 19,1653,3021 29,53,4611
4694 1833789 1 36,680,3978 40,234,4420
4695 1834571 1 40,735,3920 45,240,4410
4696 1835353 1 88,2304,2304 96,640,3960
4697 1836135 1 51,1212,3434 66,187,4444
4698 1836918 1 90,468,4140 92,420,4186
4699 1837700 1 27,640,4032 30,189,4480
4700 1838483 1 50,2100,2550 56,360,4284
4701 1839266 1 40,2065,2596 70,88,4543
4702 1840049 1 27,2310,2365 28,516,4158
4703 1840832 1 95,1920,2688 105,608,3990
4704 1841616 1 63,546,4095 64,480,4160
4705 1842399 1 75,1705,2925 77,1001,3627
4706 1843183 1 34,1632,3040 51,95,4560
4707 1843967 1 9,540,4158 10,77,4620
4708 1844751 1 84,1360,3264 91,585,4032
4709 1845535 1 17,1972,2720 29,40,4640
4710 1846320 1 17,1938,2755 18,255,4437
4711 1847104 1 42,1288,3381 56,147,4508
4712 1847889 1 57,1235,3420 76,190,4446
4713 1848674 1 105,1710,2898 115,665,3933
4714 1849459 1 91,234,4389 114,154,4446
4715 1850244 1 95,1995,2625 125,315,4275
4716 1851030 1 18,972,3726 23,76,4617
4717 1851815 1 61,1164,3492 62,873,3782
4718 1852601 1 78,2288,2352 98,308,4312
4719 1853387 1 45,1539,3135 55,209,4455
4720 1854173 1 114,1680,2926 144,396,4180
4721 1854959 1 200,1596,2925 231,728,3762
4722 1855746 1 29,836,3857 32,224,4466
4723 1856532 1 69,1794,2860 77,460,4186
4724 1857319 1 116,2088,2520 126,770,3828
4725 1858106 1 45,720,3960 50,275,4400
4726 1858893 1 52,1026,3648 64,216,4446
4727 1859680 1 95,756,3876 119,288,4320
4728 1860468 1 126,570,4032 152,320,4256
4729 1861255 1 36,1273,3420 39,335,4355
4730 1862043 1 40,670,4020 44,264,4422
4731 1862831 1 90,1071,3570 95,646,3990
4732 1863619 1 12,472,4248 13,117,4602
4733 1864407 1 143,1496,3094 168,561,4004
4734 1865196 1 72,1386,3276 84,360,4290
4735 1865984 1 115,2090,2530 118,1254,3363
4736 1866773 1 39,1525,3172 61,100,4575
4737 1867562 1 84,693,3960 112,225,4400
4738 1868351 1 40,1566,3132 45,285,4408
4739 1869140 1 104,1339,3296 114,608,4017
4740 1869930 1 40,1880,2820 47,228,4465
4741 1870719 1 61,1020,3660 88,165,4488
4742 1871509 1 152,2142,2448 154,1596,2992
4743 1872299 1 24,1155,3564 27,180,4536
4744 1873089 1 120,1224,3400 124,900,3720
4745 1873879 1 47,891,3807 55,235,4455
4746 1874670 1 72,1482,3192 105,195,4446
4747 1875460 1 72,1035,3640 78,483,4186
4748 1876251 1 55,1463,3230 56,952,3740
4749 1877042 1 45,854,3850 75,99,4575
4750 1877833 1 126,1984,2640 140,704,3906
4751 1878624 1 19,1312,3420 32,45,4674
4752 1879416 1 108,774,3870 111,645,3996
4753 1880207 1 8,585,4160 9,64,4680
4754 1880999 1 61,1235,3458 62,910,3782
4755 1881791 1 100,1400,3255 119,420,4216
4756 1882583 1 58,638,4060 70,220,4466
4757 1883375 1 67,670,4020 71,426,4260
4758 1884168 1 18,600,4140 20,138,4600
4759 1884960 1 33,1870,2856 51,88,4620
4760 1885753 1 68,1700,2992 85,275,4400
4761 1886546 1 68,1463,3230 105,168,4488
4762 1887339 1 164,1672,2926 172,1064,3526
4763 1888132 1 44,484,4235 70,95,4598
4764 1888926 1 45,693,4026 49,305,4410
4765 1889719 1 61,1044,3660 72,285,4408
4766 1890513 1 34,1612,3120 35,651,4080
4767 1891307 1 60,1569,3138 61,1046,3660
4768 1892101 1 144,2176,2448 160,768,3840
4769 1892895 1 77,1012,3680 128,161,4480
4770 1893690 1 96,570,4104 108,342,4320
4771 1894484 1 46,2310,2415 63,154,4554
4772 1895279 1 68,2256,2448 72,705,3995
4773 1896074 1 35,2163,2575 63,75,4635
4774 1896869 1 70,784,3920 77,385,4312
4775 1897664 1 100,1100,3575 134,286,4355
4776 1898460 1 15,1311,3450 16,200,4560
4777 1899255 1 102,391,4284 108,322,4347
4778 1900051 1 88,1848,2842 90,1160,3528
4779 1900847 1 54,864,3861 99,104,4576
4780 1901643 1 20,1120,3640 22,182,4576
4781 1902439 1 49,2184,2548 56,315,4410
4782 1903236 1 102,1314,3366 110,657,4015
4783 1904032 1 119,2233,2431 143,493,4147
4784 1904829 1 69,1219,3496 72,684,4028
4785 1905626 1 130,1995,2660 135,1140,3510
4786 1906423 1 162,1411,3213 166,1134,3486
4787 1907220 1 132,980,3675 200,275,4312
4788 1908018 1 36,1080,3672 45,153,4590
4789 1908815 1 15,1240,3534 20,57,4712
4790 1909613 1 110,720,3960 165,225,4400
4791 1910411 1 18,777,3996 21,108,4662
4792 1911209 1 34,2378,2380 35,697,4060
4793 1912007 1 57,1568,3168 63,418,4312
4794 1912806 1 33,966,3795 42,132,4620
4795 1913604 1 63,637,4095 70,315,4410
4796 1914403 1 11,495,4290 12,104,4680
4797 1915202 1 93,1914,2790 99,783,3915
4798 1916001 1 40,488,4270 57,105,4636
4799 1916800 1 67,182,4550 68,175,4556
4800 1917600 1 30,2040,2730 39,120,4641
