S,triads,distinct_R,pairs,classes,max_fibre,prim_pairs,scaled_pairs,prim_classes,scaled_classes,fibres_2,fibres_3,fibres_4,fibres_5plus,cum_pairs,cum_classes,cum_prim_pairs,cum_prim_classes
10,1,1,0,0,1,0,0,0,0,0,0,0,0,0,0,0,0
11,3,3,0,0,1,0,0,0,0,0,0,0,0,0,0,0,0
12,6,6,0,0,1,0,0,0,0,0,0,0,0,0,0,0,0
13,7,7,0,0,1,0,0,0,0,0,0,0,0,0,0,0,0
14,9,9,0,0,1,0,0,0,0,0,0,0,0,0,0,0,0
15,11,11,0,0,1,0,0,0,0,0,0,0,0,0,0,0,0
16,13,13,0,0,1,0,0,0,0,0,0,0,0,0,0,0,0
17,15,15,0,0,1,0,0,0,0,0,0,0,0,0,0,0,0
18,18,17,1,1,2,1,0,1,0,1,0,0,0,1,1,1,1
19,20,20,0,0,1,0,0,0,0,0,0,0,0,1,1,1,1
20,23,22,1,1,2,1,0,1,0,1,0,0,0,2,2,2,2
21,26,26,0,0,1,0,0,0,0,0,0,0,0,2,2,2,2
22,29,29,0,0,1,0,0,0,0,0,0,0,0,2,2,2,2
23,32,32,0,0,1,0,0,0,0,0,0,0,0,2,2,2,2
24,36,36,0,0,1,0,0,0,0,0,0,0,0,2,2,2,2
25,39,39,0,0,1,0,0,0,0,0,0,0,0,2,2,2,2
26,43,42,1,1,2,1,0,1,0,1,0,0,0,3,3,3,3
27,47,47,0,0,1,0,0,0,0,0,0,0,0,3,3,3,3
28,51,51,0,0,1,0,0,0,0,0,0,0,0,3,3,3,3
29,55,55,0,0,1,0,0,0,0,0,0,0,0,3,3,3,3
30,60,60,0,0,1,0,0,0,0,0,0,0,0,3,3,3,3
31,64,63,1,1,2,1,0,1,0,1,0,0,0,4,4,4,4
32,69,68,1,1,2,1,0,1,0,1,0,0,0,5,5,5,5
33,74,74,0,0,1,0,0,0,0,0,0,0,0,5,5,5,5
34,79,78,1,1,2,1,0,1,0,1,0,0,0,6,6,6,6
35,84,83,1,1,2,1,0,1,0,1,0,0,0,7,7,7,7
36,90,88,2,2,2,1,1,1,1,2,0,0,0,9,9,8,8
37,95,94,1,1,2,1,0,1,0,1,0,0,0,10,10,9,9
38,101,100,1,1,2,1,0,1,0,1,0,0,0,11,11,10,10
39,107,106,1,1,2,1,0,1,0,1,0,0,0,12,12,11,11
40,113,112,1,1,2,0,1,0,1,1,0,0,0,13,13,11,11
41,119,119,0,0,1,0,0,0,0,0,0,0,0,13,13,11,11
42,126,125,1,1,2,1,0,1,0,1,0,0,0,14,14,12,12
43,132,131,1,1,2,1,0,1,0,1,0,0,0,15,15,13,13
44,139,139,0,0,1,0,0,0,0,0,0,0,0,15,15,13,13
45,146,145,1,1,2,1,0,1,0,1,0,0,0,16,16,14,14
46,153,153,0,0,1,0,0,0,0,0,0,0,0,16,16,14,14
47,160,160,0,0,1,0,0,0,0,0,0,0,0,16,16,14,14
48,168,168,0,0,1,0,0,0,0,0,0,0,0,16,16,14,14
49,175,175,0,0,1,0,0,0,0,0,0,0,0,16,16,14,14
50,183,183,0,0,1,0,0,0,0,0,0,0,0,16,16,14,14
51,191,191,0,0,1,0,0,0,0,0,0,0,0,16,16,14,14
52,199,198,1,1,2,0,1,0,1,1,0,0,0,17,17,14,14
53,207,205,2,2,2,2,0,2,0,2,0,0,0,19,19,16,16
54,216,215,1,1,2,0,1,0,1,1,0,0,0,20,20,16,16
55,224,223,1,1,2,1,0,1,0,1,0,0,0,21,21,17,17
56,233,232,1,1,2,1,0,1,0,1,0,0,0,22,22,18,18
57,242,241,1,1,2,1,0,1,0,1,0,0,0,23,23,19,19
58,251,250,1,1,2,1,0,1,0,1,0,0,0,24,24,20,20
59,260,260,0,0,1,0,0,0,0,0,0,0,0,24,24,20,20
60,270,269,1,1,2,0,1,0,1,1,0,0,0,25,25,20,20
61,279,277,2,2,2,2,0,2,0,2,0,0,0,27,27,22,22
62,289,286,3,3,2,2,1,2,1,3,0,0,0,30,30,24,24
63,299,298,1,1,2,1,0,1,0,1,0,0,0,31,31,25,25
64,309,306,3,3,2,2,1,2,1,3,0,0,0,34,34,27,27
65,319,319,0,0,1,0,0,0,0,0,0,0,0,34,34,27,27
66,330,329,1,1,2,1,0,1,0,1,0,0,0,35,35,28,28
67,340,340,0,0,1,0,0,0,0,0,0,0,0,35,35,28,28
68,351,350,1,1,2,0,1,0,1,1,0,0,0,36,36,28,28
69,362,361,1,1,2,1,0,1,0,1,0,0,0,37,37,29,29
70,373,371,2,2,2,1,1,1,1,2,0,0,0,39,39,30,30
71,384,383,1,1,2,1,0,1,0,1,0,0,0,40,40,31,31
72,396,394,2,2,2,0,2,0,2,2,0,0,0,42,42,31,31
73,407,405,2,2,2,2,0,2,0,2,0,0,0,44,44,33,33
74,419,417,2,2,2,1,1,1,1,2,0,0,0,46,46,34,34
75,431,430,1,1,2,1,0,1,0,1,0,0,0,47,47,35,35
76,443,442,1,1,2,0,1,0,1,1,0,0,0,48,48,35,35
77,455,454,1,1,2,1,0,1,0,1,0,0,0,49,49,36,36
78,468,465,3,3,2,1,2,1,2,3,0,0,0,52,52,37,37
79,480,479,1,1,2,1,0,1,0,1,0,0,0,53,53,38,38
80,493,492,1,1,2,0,1,0,1,1,0,0,0,54,54,38,38
81,506,506,0,0,1,0,0,0,0,0,0,0,0,54,54,38,38
82,519,518,1,1,2,1,0,1,0,1,0,0,0,55,55,39,39
83,532,531,1,1,2,1,0,1,0,1,0,0,0,56,56,40,40
84,546,543,3,3,2,2,1,2,1,3,0,0,0,59,59,42,42
85,559,558,1,1,2,1,0,1,0,1,0,0,0,60,60,43,43
86,573,569,4,4,2,3,1,3,1,4,0,0,0,64,64,46,46
87,587,585,2,2,2,2,0,2,0,2,0,0,0,66,66,48,48
88,601,599,2,2,2,2,0,2,0,2,0,0,0,68,68,50,50
89,615,613,2,2,2,2,0,2,0,2,0,0,0,70,70,52,52
90,630,626,4,4,2,2,2,2,2,4,0,0,0,74,74,54,54
91,644,643,1,1,2,1,0,1,0,1,0,0,0,75,75,55,55
92,659,657,2,2,2,2,0,2,0,2,0,0,0,77,77,57,57
93,674,672,2,2,2,1,1,1,1,2,0,0,0,79,79,58,58
94,689,686,3,3,2,3,0,3,0,3,0,0,0,82,82,61,61
95,704,703,1,1,2,1,0,1,0,1,0,0,0,83,83,62,62
96,720,719,1,1,2,0,1,0,1,1,0,0,0,84,84,62,62
97,735,732,3,3,2,3,0,3,0,3,0,0,0,87,87,65,65
98,751,747,4,4,2,4,0,4,0,4,0,0,0,91,91,69,69
99,767,767,0,0,1,0,0,0,0,0,0,0,0,91,91,69,69
100,783,782,1,1,2,0,1,0,1,1,0,0,0,92,92,69,69
101,799,798,1,1,2,1,0,1,0,1,0,0,0,93,93,70,70
102,816,815,1,1,2,0,1,0,1,1,0,0,0,94,94,70,70
103,832,831,1,1,2,1,0,1,0,1,0,0,0,95,95,71,71
104,849,847,2,2,2,1,1,1,1,2,0,0,0,97,97,72,72
105,866,864,2,2,2,1,1,1,1,2,0,0,0,99,99,73,73
106,883,881,2,2,2,0,2,0,2,2,0,0,0,101,101,73,73
107,900,897,3,3,2,3,0,3,0,3,0,0,0,104,104,76,76
108,918,916,2,2,2,0,2,0,2,2,0,0,0,106,106,76,76
109,935,933,2,2,2,2,0,2,0,2,0,0,0,108,108,78,78
110,953,951,2,2,2,1,1,1,1,2,0,0,0,110,110,79,79
111,971,970,1,1,2,0,1,0,1,1,0,0,0,111,111,79,79
112,989,987,2,2,2,1,1,1,1,2,0,0,0,113,113,80,80
113,1007,1006,1,1,2,1,0,1,0,1,0,0,0,114,114,81,81
114,1026,1023,3,3,2,1,2,1,2,3,0,0,0,117,117,82,82
115,1044,1044,0,0,1,0,0,0,0,0,0,0,0,117,117,82,82
116,1063,1061,2,2,2,1,1,1,1,2,0,0,0,119,119,83,83
117,1082,1078,4,4,2,3,1,3,1,4,0,0,0,123,123,86,86
118,1101,1100,1,1,2,1,0,1,0,1,0,0,0,124,124,87,87
119,1120,1120,0,0,1,0,0,0,0,0,0,0,0,124,124,87,87
120,1140,1138,2,2,2,1,1,1,1,2,0,0,0,126,126,88,88
121,1159,1158,1,1,2,1,0,1,0,1,0,0,0,127,127,89,89
122,1179,1176,3,3,2,1,2,1,2,3,0,0,0,130,130,90,90
123,1199,1199,0,0,1,0,0,0,0,0,0,0,0,130,130,90,90
124,1219,1215,4,4,2,1,3,1,3,4,0,0,0,134,134,91,91
125,1239,1239,0,0,1,0,0,0,0,0,0,0,0,134,134,91,91
126,1260,1255,5,5,2,2,3,2,3,5,0,0,0,139,139,93,93
127,1280,1279,1,1,2,1,0,1,0,1,0,0,0,140,140,94,94
128,1301,1297,4,4,2,1,3,1,3,4,0,0,0,144,144,95,95
129,1322,1321,1,1,2,0,1,0,1,1,0,0,0,145,145,95,95
130,1343,1339,4,4,2,3,1,3,1,4,0,0,0,149,149,98,98
131,1364,1362,2,2,2,2,0,2,0,2,0,0,0,151,151,100,100
132,1386,1382,4,4,2,3,1,3,1,4,0,0,0,155,155,103,103
133,1407,1405,2,2,2,2,0,2,0,2,0,0,0,157,157,105,105
134,1429,1428,1,1,2,1,0,1,0,1,0,0,0,158,158,106,106
135,1451,1448,3,3,2,2,1,2,1,3,0,0,0,161,161,108,108
136,1473,1467,7,5,3,6,1,4,1,4,1,0,0,168,166,114,112
137,1495,1493,2,2,2,2,0,2,0,2,0,0,0,170,168,116,114
138,1518,1515,3,3,2,2,1,2,1,3,0,0,0,173,171,118,116
139,1540,1535,5,5,2,5,0,5,0,5,0,0,0,178,176,123,121
140,1563,1559,4,4,2,1,3,1,3,4,0,0,0,182,180,124,122
141,1586,1585,1,1,2,1,0,1,0,1,0,0,0,183,181,125,123
142,1609,1606,3,3,2,2,1,2,1,3,0,0,0,186,184,127,125
143,1632,1627,6,4,3,6,0,4,0,3,1,0,0,192,188,133,129
144,1656,1654,2,2,2,0,2,0,2,2,0,0,0,194,190,133,129
145,1679,1678,1,1,2,1,0,1,0,1,0,0,0,195,191,134,130
146,1703,1699,4,4,2,2,2,2,2,4,0,0,0,199,195,136,132
147,1727,1722,5,5,2,5,0,5,0,5,0,0,0,204,200,141,137
148,1751,1748,3,3,2,1,2,1,2,3,0,0,0,207,203,142,138
149,1775,1774,1,1,2,1,0,1,0,1,0,0,0,208,204,143,139
150,1800,1799,1,1,2,0,1,0,1,1,0,0,0,209,205,143,139
151,1824,1823,1,1,2,1,0,1,0,1,0,0,0,210,206,144,140
152,1849,1846,3,3,2,2,1,2,1,3,0,0,0,213,209,146,142
153,1874,1873,1,1,2,1,0,1,0,1,0,0,0,214,210,147,143
154,1899,1897,2,2,2,1,1,1,1,2,0,0,0,216,212,148,144
155,1924,1922,2,2,2,1,1,1,1,2,0,0,0,218,214,149,145
156,1950,1944,6,6,2,3,3,3,3,6,0,0,0,224,220,152,148
157,1975,1970,5,5,2,5,0,5,0,5,0,0,0,229,225,157,153
158,2001,1997,4,4,2,3,1,3,1,4,0,0,0,233,229,160,156
159,2027,2025,2,2,2,0,2,0,2,2,0,0,0,235,231,160,156
160,2053,2051,2,2,2,0,2,0,2,2,0,0,0,237,233,160,156
161,2079,2077,2,2,2,2,0,2,0,2,0,0,0,239,235,162,158
162,2106,2104,2,2,2,1,1,1,1,2,0,0,0,241,237,163,159
163,2132,2131,1,1,2,1,0,1,0,1,0,0,0,242,238,164,160
164,2159,2158,1,1,2,0,1,0,1,1,0,0,0,243,239,164,160
165,2186,2183,3,3,2,2,1,2,1,3,0,0,0,246,242,166,162
166,2213,2210,3,3,2,2,1,2,1,3,0,0,0,249,245,168,164
167,2240,2239,1,1,2,1,0,1,0,1,0,0,0,250,246,169,165
168,2268,2264,4,4,2,0,4,0,4,4,0,0,0,254,250,169,165
169,2295,2292,3,3,2,3,0,3,0,3,0,0,0,257,253,172,168
170,2323,2318,5,5,2,3,2,3,2,5,0,0,0,262,258,175,171
171,2351,2348,3,3,2,2,1,2,1,3,0,0,0,265,261,177,173
172,2379,2374,5,5,2,1,4,1,4,5,0,0,0,270,266,178,174
173,2407,2407,0,0,1,0,0,0,0,0,0,0,0,270,266,178,174
174,2436,2433,3,3,2,0,3,0,3,3,0,0,0,273,269,178,174
175,2464,2460,4,4,2,3,1,3,1,4,0,0,0,277,273,181,177
176,2493,2487,6,6,2,4,2,4,2,6,0,0,0,283,279,185,181
177,2522,2519,3,3,2,3,0,3,0,3,0,0,0,286,282,188,184
178,2551,2548,3,3,2,1,2,1,2,3,0,0,0,289,285,189,185
179,2580,2579,1,1,2,1,0,1,0,1,0,0,0,290,286,190,186
180,2610,2601,9,9,2,3,6,3,6,9,0,0,0,299,295,193,189
181,2639,2637,2,2,2,2,0,2,0,2,0,0,0,301,297,195,191
182,2669,2661,8,8,2,6,2,6,2,8,0,0,0,309,305,201,197
183,2699,2693,6,6,2,4,2,4,2,6,0,0,0,315,311,205,201
184,2729,2724,5,5,2,3,2,3,2,5,0,0,0,320,316,208,204
185,2759,2755,4,4,2,3,1,3,1,4,0,0,0,324,320,211,207
186,2790,2783,7,7,2,3,4,3,4,7,0,0,0,331,327,214,210
187,2820,2816,5,3,3,5,0,3,0,2,1,0,0,336,330,219,213
188,2851,2846,5,5,2,2,3,2,3,5,0,0,0,341,335,221,215
189,2882,2876,6,6,2,5,1,5,1,6,0,0,0,347,341,226,220
190,2913,2908,5,5,2,3,2,3,2,5,0,0,0,352,346,229,223
191,2944,2940,4,4,2,4,0,4,0,4,0,0,0,356,350,233,227
192,2976,2973,3,3,2,0,3,0,3,3,0,0,0,359,353,233,227
193,3007,3004,3,3,2,3,0,3,0,3,0,0,0,362,356,236,230
194,3039,3035,4,4,2,1,3,1,3,4,0,0,0,366,360,237,231
195,3071,3068,3,3,2,2,1,2,1,3,0,0,0,369,363,239,233
196,3103,3096,7,7,2,3,4,3,4,7,0,0,0,376,370,242,236
197,3135,3133,2,2,2,2,0,2,0,2,0,0,0,378,372,244,238
198,3168,3165,3,3,2,1,2,1,2,3,0,0,0,381,375,245,239
199,3200,3200,0,0,1,0,0,0,0,0,0,0,0,381,375,245,239
200,3233,3228,5,5,2,4,1,4,1,5,0,0,0,386,380,249,243
201,3266,3262,4,4,2,4,0,4,0,4,0,0,0,390,384,253,247
202,3299,3297,2,2,2,1,1,1,1,2,0,0,0,392,386,254,248
203,3332,3332,0,0,1,0,0,0,0,0,0,0,0,392,386,254,248
204,3366,3361,5,5,2,4,1,4,1,5,0,0,0,397,391,258,252
205,3399,3397,2,2,2,2,0,2,0,2,0,0,0,399,393,260,254
206,3433,3430,3,3,2,2,1,2,1,3,0,0,0,402,396,262,256
207,3467,3464,3,3,2,2,1,2,1,3,0,0,0,405,399,264,258
208,3501,3497,4,4,2,2,2,2,2,4,0,0,0,409,403,266,260
209,3535,3531,5,3,3,5,0,3,0,2,1,0,0,414,406,271,263
210,3570,3563,7,7,2,3,4,3,4,7,0,0,0,421,413,274,266
211,3604,3600,4,4,2,4,0,4,0,4,0,0,0,425,417,278,270
212,3639,3634,5,5,2,3,2,3,2,5,0,0,0,430,422,281,273
213,3674,3671,3,3,2,2,1,2,1,3,0,0,0,433,425,283,275
214,3709,3704,5,5,2,2,3,2,3,5,0,0,0,438,430,285,277
215,3744,3742,2,2,2,1,1,1,1,2,0,0,0,440,432,286,278
216,3780,3777,3,3,2,1,2,1,2,3,0,0,0,443,435,287,279
217,3815,3810,5,5,2,4,1,4,1,5,0,0,0,448,440,291,283
218,3851,3844,7,7,2,5,2,5,2,7,0,0,0,455,447,296,288
219,3887,3883,4,4,2,2,2,2,2,4,0,0,0,459,451,298,290
220,3923,3918,5,5,2,2,3,2,3,5,0,0,0,464,456,300,292
221,3959,3957,2,2,2,2,0,2,0,2,0,0,0,466,458,302,294
222,3996,3990,6,6,2,4,2,4,2,6,0,0,0,472,464,306,298
223,4032,4032,0,0,1,0,0,0,0,0,0,0,0,472,464,306,298
224,4069,4065,4,4,2,1,3,1,3,4,0,0,0,476,468,307,299
225,4106,4102,4,4,2,2,2,2,2,4,0,0,0,480,472,309,301
226,4143,4142,1,1,2,0,1,0,1,1,0,0,0,481,473,309,301
227,4180,4179,1,1,2,1,0,1,0,1,0,0,0,482,474,310,302
228,4218,4212,6,6,2,3,3,3,3,6,0,0,0,488,480,313,305
229,4255,4252,3,3,2,3,0,3,0,3,0,0,0,491,483,316,308
230,4293,4291,2,2,2,2,0,2,0,2,0,0,0,493,485,318,310
231,4331,4329,2,2,2,1,1,1,1,2,0,0,0,495,487,319,311
232,4369,4366,3,3,2,1,2,1,2,3,0,0,0,498,490,320,312
233,4407,4405,2,2,2,2,0,2,0,2,0,0,0,500,492,322,314
234,4446,4437,9,9,2,2,7,2,7,9,0,0,0,509,501,324,316
235,4484,4484,0,0,1,0,0,0,0,0,0,0,0,509,501,324,316
236,4523,4522,1,1,2,0,1,0,1,1,0,0,0,510,502,324,316
237,4562,4558,4,4,2,3,1,3,1,4,0,0,0,514,506,327,319
238,4601,4598,3,3,2,2,1,2,1,3,0,0,0,517,509,329,321
239,4640,4638,2,2,2,2,0,2,0,2,0,0,0,519,511,331,323
240,4680,4677,3,3,2,1,2,1,2,3,0,0,0,522,514,332,324
241,4719,4714,5,5,2,5,0,5,0,5,0,0,0,527,519,337,329
242,4759,4756,3,3,2,2,1,2,1,3,0,0,0,530,522,339,331
243,4799,4799,0,0,1,0,0,0,0,0,0,0,0,530,522,339,331
244,4839,4835,4,4,2,1,3,1,3,4,0,0,0,534,526,340,332
245,4879,4872,7,7,2,6,1,6,1,7,0,0,0,541,533,346,338
246,4920,4918,2,2,2,1,1,1,1,2,0,0,0,543,535,347,339
247,4960,4957,3,3,2,3,0,3,0,3,0,0,0,546,538,350,342
248,5001,4995,6,6,2,2,4,2,4,6,0,0,0,552,544,352,344
249,5042,5040,2,2,2,1,1,1,1,2,0,0,0,554,546,353,345
250,5083,5082,1,1,2,1,0,1,0,1,0,0,0,555,547,354,346
251,5124,5124,0,0,1,0,0,0,0,0,0,0,0,555,547,354,346
252,5166,5155,11,11,2,3,8,3,8,11,0,0,0,566,558,357,349
253,5207,5204,3,3,2,3,0,3,0,3,0,0,0,569,561,360,352
254,5249,5244,5,5,2,4,1,4,1,5,0,0,0,574,566,364,356
255,5291,5285,6,6,2,5,1,5,1,6,0,0,0,580,572,369,361
256,5333,5327,6,6,2,2,4,2,4,6,0,0,0,586,578,371,363
257,5375,5368,7,7,2,7,0,7,0,7,0,0,0,593,585,378,370
258,5418,5411,7,7,2,3,4,3,4,7,0,0,0,600,592,381,373
259,5460,5456,4,4,2,3,1,3,1,4,0,0,0,604,596,384,376
260,5503,5492,11,11,2,6,5,6,5,11,0,0,0,615,607,390,382
261,5546,5543,3,3,2,1,2,1,2,3,0,0,0,618,610,391,383
262,5589,5585,4,4,2,2,2,2,2,4,0,0,0,622,614,393,385
263,5632,5625,7,7,2,7,0,7,0,7,0,0,0,629,621,400,392
264,5676,5666,10,10,2,4,6,4,6,10,0,0,0,639,631,404,396
265,5719,5714,5,5,2,3,2,3,2,5,0,0,0,644,636,407,399
266,5763,5755,8,8,2,5,3,5,3,8,0,0,0,652,644,412,404
267,5807,5804,3,3,2,1,2,1,2,3,0,0,0,655,647,413,405
268,5851,5844,7,7,2,6,1,6,1,7,0,0,0,662,654,419,411
269,5895,5890,5,5,2,5,0,5,0,5,0,0,0,667,659,424,416
270,5940,5932,8,8,2,2,6,2,6,8,0,0,0,675,667,426,418
271,5984,5978,6,6,2,6,0,6,0,6,0,0,0,681,673,432,424
272,6029,6021,10,6,3,3,7,2,4,4,2,0,0,691,679,435,426
273,6074,6067,7,7,2,5,2,5,2,7,0,0,0,698,686,440,431
274,6119,6114,5,5,2,3,2,3,2,5,0,0,0,703,691,443,434
275,6164,6163,1,1,2,0,1,0,1,1,0,0,0,704,692,443,434
276,6210,6202,8,8,2,3,5,3,5,8,0,0,0,712,700,446,437
277,6255,6253,2,2,2,2,0,2,0,2,0,0,0,714,702,448,439
278,6301,6288,13,13,2,8,5,8,5,13,0,0,0,727,715,456,447
279,6347,6342,5,5,2,3,2,3,2,5,0,0,0,732,720,459,450
280,6393,6387,6,6,2,1,5,1,5,6,0,0,0,738,726,460,451
281,6439,6436,3,3,2,3,0,3,0,3,0,0,0,741,729,463,454
282,6486,6478,9,7,3,5,4,5,2,6,1,0,0,750,736,468,459
283,6532,6530,2,2,2,2,0,2,0,2,0,0,0,752,738,470,461
284,6579,6576,3,3,2,0,3,0,3,3,0,0,0,755,741,470,461
285,6626,6619,7,7,2,5,2,5,2,7,0,0,0,762,748,475,466
286,6673,6663,11,9,3,4,7,4,5,8,1,0,0,773,757,479,470
287,6720,6718,2,2,2,2,0,2,0,2,0,0,0,775,759,481,472
288,6768,6765,3,3,2,0,3,0,3,3,0,0,0,778,762,481,472
289,6815,6811,4,4,2,4,0,4,0,4,0,0,0,782,766,485,476
290,6863,6859,4,4,2,2,2,2,2,4,0,0,0,786,770,487,478
291,6911,6903,8,8,2,5,3,5,3,8,0,0,0,794,778,492,483
292,6959,6953,6,6,2,2,4,2,4,6,0,0,0,800,784,494,485
293,7007,7005,2,2,2,2,0,2,0,2,0,0,0,802,786,496,487
294,7056,7044,12,12,2,2,10,2,10,12,0,0,0,814,798,498,489
295,7104,7102,2,2,2,2,0,2,0,2,0,0,0,816,800,500,491
296,7153,7149,4,4,2,1,3,1,3,4,0,0,0,820,804,501,492
297,7202,7199,3,3,2,3,0,3,0,3,0,0,0,823,807,504,495
298,7251,7246,5,5,2,4,1,4,1,5,0,0,0,828,812,508,499
299,7300,7295,6,4,3,6,0,4,0,3,1,0,0,834,816,514,503
300,7350,7344,6,6,2,4,2,4,2,6,0,0,0,840,822,518,507
301,7399,7393,6,6,2,5,1,5,1,6,0,0,0,846,828,523,512
302,7449,7445,4,4,2,3,1,3,1,4,0,0,0,850,832,526,515
303,7499,7498,1,1,2,0,1,0,1,1,0,0,0,851,833,526,515
304,7549,7543,6,6,2,3,3,3,3,6,0,0,0,857,839,529,518
305,7599,7595,4,4,2,2,2,2,2,4,0,0,0,861,843,531,520
306,7650,7646,4,4,2,1,3,1,3,4,0,0,0,865,847,532,521
307,7700,7700,0,0,1,0,0,0,0,0,0,0,0,865,847,532,521
308,7751,7745,7,5,3,5,2,4,1,4,1,0,0,872,852,537,525
309,7802,7799,3,3,2,2,1,2,1,3,0,0,0,875,855,539,527
310,7853,7846,7,7,2,3,4,3,4,7,0,0,0,882,862,542,530
311,7904,7900,4,4,2,4,0,4,0,4,0,0,0,886,866,546,534
312,7956,7946,10,10,2,3,7,3,7,10,0,0,0,896,876,549,537
313,8007,8002,5,5,2,5,0,5,0,5,0,0,0,901,881,554,542
314,8059,8052,7,7,2,2,5,2,5,7,0,0,0,908,888,556,544
315,8111,8103,8,8,2,4,4,4,4,8,0,0,0,916,896,560,548
316,8163,8156,7,7,2,3,4,3,4,7,0,0,0,923,903,563,551
317,8215,8212,3,3,2,3,0,3,0,3,0,0,0,926,906,566,554
318,8268,8262,6,6,2,4,2,4,2,6,0,0,0,932,912,570,558
319,8320,8318,2,2,2,2,0,2,0,2,0,0,0,934,914,572,560
320,8373,8368,5,5,2,1,4,1,4,5,0,0,0,939,919,573,561
321,8426,8423,3,3,2,0,3,0,3,3,0,0,0,942,922,573,561
322,8479,8474,5,5,2,3,2,3,2,5,0,0,0,947,927,576,564
323,8532,8528,4,4,2,4,0,4,0,4,0,0,0,951,931,580,568
324,8586,8582,4,4,2,1,3,1,3,4,0,0,0,955,935,581,569
325,8639,8637,2,2,2,2,0,2,0,2,0,0,0,957,937,583,571
326,8693,8688,5,5,2,4,1,4,1,5,0,0,0,962,942,587,575
327,8747,8743,4,4,2,2,2,2,2,4,0,0,0,966,946,589,577
328,8801,8795,6,6,2,5,1,5,1,6,0,0,0,972,952,594,582
329,8855,8855,0,0,1,0,0,0,0,0,0,0,0,972,952,594,582
330,8910,8903,7,7,2,2,5,2,5,7,0,0,0,979,959,596,584
331,8964,8962,2,2,2,2,0,2,0,2,0,0,0,981,961,598,586
332,9019,9015,4,4,2,1,3,1,3,4,0,0,0,985,965,599,587
333,9074,9070,4,4,2,3,1,3,1,4,0,0,0,989,969,602,590
334,9129,9123,6,6,2,5,1,5,1,6,0,0,0,995,975,607,595
335,9184,9181,3,3,2,3,0,3,0,3,0,0,0,998,978,610,598
336,9240,9235,5,5,2,0,5,0,5,5,0,0,0,1003,983,610,598
337,9295,9294,1,1,2,1,0,1,0,1,0,0,0,1004,984,611,599
338,9351,9344,7,7,2,3,4,3,4,7,0,0,0,1011,991,614,602
339,9407,9406,1,1,2,0,1,0,1,1,0,0,0,1012,992,614,602
340,9463,9457,6,6,2,0,6,0,6,6,0,0,0,1018,998,614,602
341,9519,9513,6,6,2,5,1,5,1,6,0,0,0,1024,1004,619,607
342,9576,9564,12,12,2,6,6,6,6,12,0,0,0,1036,1016,625,613
343,9632,9626,6,6,2,6,0,6,0,6,0,0,0,1042,1022,631,619
344,9689,9680,9,9,2,4,5,4,5,9,0,0,0,1051,1031,635,623
345,9746,9738,8,8,2,7,1,7,1,8,0,0,0,1059,1039,642,630
346,9803,9799,4,4,2,4,0,4,0,4,0,0,0,1063,1043,646,634
347,9860,9857,3,3,2,3,0,3,0,3,0,0,0,1066,1046,649,637
348,9918,9912,6,6,2,2,4,2,4,6,0,0,0,1072,1052,651,639
349,9975,9969,6,6,2,6,0,6,0,6,0,0,0,1078,1058,657,645
350,10033,10027,6,6,2,1,5,1,5,6,0,0,0,1084,1064,658,646
351,10091,10085,6,6,2,2,4,2,4,6,0,0,0,1090,1070,660,648
352,10149,10137,13,11,3,6,7,6,5,10,1,0,0,1103,1081,666,654
353,10207,10204,3,3,2,3,0,3,0,3,0,0,0,1106,1084,669,657
354,10266,10257,9,9,2,5,4,5,4,9,0,0,0,1115,1093,674,662
355,10324,10319,5,5,2,4,1,4,1,5,0,0,0,1120,1098,678,666
356,10383,10377,6,6,2,3,3,3,3,6,0,0,0,1126,1104,681,669
357,10442,10439,3,3,2,3,0,3,0,3,0,0,0,1129,1107,684,672
358,10501,10497,4,4,2,3,1,3,1,4,0,0,0,1133,1111,687,675
359,10560,10555,5,5,2,5,0,5,0,5,0,0,0,1138,1116,692,680
360,10620,10605,15,15,2,5,10,5,10,15,0,0,0,1153,1131,697,685
361,10679,10674,5,5,2,5,0,5,0,5,0,0,0,1158,1136,702,690
362,10739,10728,11,11,2,9,2,9,2,11,0,0,0,1169,1147,711,699
363,10799,10794,5,5,2,4,1,4,1,5,0,0,0,1174,1152,715,703
364,10859,10847,12,12,2,4,8,4,8,12,0,0,0,1186,1164,719,707
365,10919,10912,7,7,2,5,2,5,2,7,0,0,0,1193,1171,724,712
366,10980,10967,13,13,2,6,7,6,7,13,0,0,0,1206,1184,730,718
367,11040,11034,6,6,2,6,0,6,0,6,0,0,0,1212,1190,736,724
368,11101,11091,10,10,2,5,5,5,5,10,0,0,0,1222,1200,741,729
369,11162,11157,5,5,2,5,0,5,0,5,0,0,0,1227,1205,746,734
370,11223,11214,9,9,2,4,5,4,5,9,0,0,0,1236,1214,750,738
371,11284,11280,4,4,2,2,2,2,2,4,0,0,0,1240,1218,752,740
372,11346,11337,9,9,2,1,8,1,8,9,0,0,0,1249,1227,753,741
373,11407,11401,7,5,3,7,0,5,0,4,1,0,0,1256,1232,760,746
374,11469,11458,12,10,3,6,6,6,4,9,1,0,0,1268,1242,766,752
375,11531,11527,4,4,2,3,1,3,1,4,0,0,0,1272,1246,769,755
376,11593,11587,6,6,2,1,5,1,5,6,0,0,0,1278,1252,770,756
377,11655,11648,7,7,2,7,0,7,0,7,0,0,0,1285,1259,777,763
378,11718,11705,13,13,2,3,10,3,10,13,0,0,0,1298,1272,780,766
379,11780,11771,9,9,2,9,0,9,0,9,0,0,0,1307,1281,789,775
380,11843,11827,16,16,2,10,6,10,6,16,0,0,0,1323,1297,799,785
381,11906,11898,8,8,2,7,1,7,1,8,0,0,0,1331,1305,806,792
382,11969,11961,8,8,2,4,4,4,4,8,0,0,0,1339,1313,810,796
383,12032,12024,9,7,3,9,0,7,0,6,1,0,0,1348,1320,819,803
384,12096,12090,6,6,2,2,4,2,4,6,0,0,0,1354,1326,821,805
385,12159,12152,7,7,2,4,3,4,3,7,0,0,0,1361,1333,825,809
386,12223,12211,12,12,2,9,3,9,3,12,0,0,0,1373,1345,834,818
387,12287,12279,8,8,2,7,1,7,1,8,0,0,0,1381,1353,841,825
388,12351,12338,13,13,2,9,4,9,4,13,0,0,0,1394,1366,850,834
389,12415,12410,5,5,2,5,0,5,0,5,0,0,0,1399,1371,855,839
390,12480,12465,15,15,2,7,8,7,8,15,0,0,0,1414,1386,862,846
391,12544,12539,5,5,2,5,0,5,0,5,0,0,0,1419,1391,867,851
392,12609,12598,11,11,2,3,8,3,8,11,0,0,0,1430,1402,870,854
393,12674,12665,9,9,2,7,2,7,2,9,0,0,0,1439,1411,877,861
394,12739,12732,7,7,2,5,2,5,2,7,0,0,0,1446,1418,882,866
395,12804,12797,7,7,2,6,1,6,1,7,0,0,0,1453,1425,888,872
396,12870,12858,12,12,2,5,7,5,7,12,0,0,0,1465,1437,893,877
397,12935,12929,6,6,2,6,0,6,0,6,0,0,0,1471,1443,899,883
398,13001,12995,6,6,2,6,0,6,0,6,0,0,0,1477,1449,905,889
399,13067,13056,11,11,2,8,3,8,3,11,0,0,0,1488,1460,913,897
400,13133,13125,8,8,2,3,5,3,5,8,0,0,0,1496,1468,916,900
401,13199,13195,4,4,2,4,0,4,0,4,0,0,0,1500,1472,920,904
402,13266,13256,10,10,2,5,5,5,5,10,0,0,0,1510,1482,925,909
403,13332,13323,9,9,2,8,1,8,1,9,0,0,0,1519,1491,933,917
404,13399,13395,4,4,2,2,2,2,2,4,0,0,0,1523,1495,935,919
405,13466,13459,7,7,2,4,3,4,3,7,0,0,0,1530,1502,939,923
406,13533,13530,3,3,2,2,1,2,1,3,0,0,0,1533,1505,941,925
407,13600,13597,3,3,2,2,1,2,1,3,0,0,0,1536,1508,943,927
408,13668,13654,17,12,4,6,11,4,8,11,0,1,0,1553,1520,949,931
409,13735,13726,9,9,2,9,0,9,0,9,0,0,0,1562,1529,958,940
410,13803,13796,7,7,2,4,3,4,3,7,0,0,0,1569,1536,962,944
411,13871,13868,3,3,2,1,2,1,2,3,0,0,0,1572,1539,963,945
412,13939,13934,5,5,2,2,3,2,3,5,0,0,0,1577,1544,965,947
413,14007,14004,3,3,2,3,0,3,0,3,0,0,0,1580,1547,968,950
414,14076,14069,7,7,2,1,6,1,6,7,0,0,0,1587,1554,969,951
415,14144,14136,8,8,2,7,1,7,1,8,0,0,0,1595,1562,976,958
416,14213,14203,10,10,2,5,5,5,5,10,0,0,0,1605,1572,981,963
417,14282,14271,12,10,3,7,5,5,5,9,1,0,0,1617,1582,988,968
418,14351,14343,11,6,4,5,6,3,3,5,0,1,0,1628,1588,993,971
419,14420,14416,4,4,2,4,0,4,0,4,0,0,0,1632,1592,997,975
420,14490,14477,13,13,2,2,11,2,11,13,0,0,0,1645,1605,999,977
421,14559,14553,6,6,2,6,0,6,0,6,0,0,0,1651,1611,1005,983
422,14629,14622,7,7,2,3,4,3,4,7,0,0,0,1658,1618,1008,986
423,14699,14696,3,3,2,2,1,2,1,3,0,0,0,1661,1621,1010,988
424,14769,14762,7,7,2,2,5,2,5,7,0,0,0,1668,1628,1012,990
425,14839,14832,7,7,2,6,1,6,1,7,0,0,0,1675,1635,1018,996
426,14910,14900,10,10,2,5,5,5,5,10,0,0,0,1685,1645,1023,1001
427,14980,14973,7,7,2,5,2,5,2,7,0,0,0,1692,1652,1028,1006
428,15051,15045,6,6,2,1,5,1,5,6,0,0,0,1698,1658,1029,1007
429,15122,15110,13,11,3,6,7,6,5,10,1,0,0,1711,1669,1035,1013
430,15193,15186,7,7,2,2,5,2,5,7,0,0,0,1718,1676,1037,1015
431,15264,15260,4,4,2,4,0,4,0,4,0,0,0,1722,1680,1041,1019
432,15336,15330,6,6,2,3,3,3,3,6,0,0,0,1728,1686,1044,1022
433,15407,15398,9,9,2,9,0,9,0,9,0,0,0,1737,1695,1053,1031
434,15479,15467,12,12,2,5,7,5,7,12,0,0,0,1749,1707,1058,1036
435,15551,15545,6,6,2,3,3,3,3,6,0,0,0,1755,1713,1061,1039
436,15623,15612,11,11,2,4,7,4,7,11,0,0,0,1766,1724,1065,1043
437,15695,15690,6,4,3,6,0,4,0,3,1,0,0,1772,1728,1071,1047
438,15768,15756,12,12,2,6,6,6,6,12,0,0,0,1784,1740,1077,1053
439,15840,15835,5,5,2,5,0,5,0,5,0,0,0,1789,1745,1082,1058
440,15913,15904,9,9,2,2,7,2,7,9,0,0,0,1798,1754,1084,1060
441,15986,15974,12,12,2,6,6,6,6,12,0,0,0,1810,1766,1090,1066
442,16059,16052,8,6,3,4,4,4,2,5,1,0,0,1818,1772,1094,1070
443,16132,16125,7,7,2,7,0,7,0,7,0,0,0,1825,1779,1101,1077
444,16206,16197,9,9,2,2,7,2,7,9,0,0,0,1834,1788,1103,1079
445,16279,16276,3,3,2,1,2,1,2,3,0,0,0,1837,1791,1104,1080
446,16353,16347,6,6,2,6,0,6,0,6,0,0,0,1843,1797,1110,1086
447,16427,16421,6,6,2,5,1,5,1,6,0,0,0,1849,1803,1115,1091
448,16501,16494,7,7,2,1,6,1,6,7,0,0,0,1856,1810,1116,1092
449,16575,16574,1,1,2,1,0,1,0,1,0,0,0,1857,1811,1117,1093
450,16650,16641,10,8,3,3,7,3,5,7,1,0,0,1867,1819,1120,1096
451,16724,16720,4,4,2,4,0,4,0,4,0,0,0,1871,1823,1124,1100
452,16799,16793,6,6,2,5,1,5,1,6,0,0,0,1877,1829,1129,1105
453,16874,16871,3,3,2,2,1,2,1,3,0,0,0,1880,1832,1131,1107
454,16949,16942,7,7,2,6,1,6,1,7,0,0,0,1887,1839,1137,1113
455,17024,17015,9,9,2,7,2,7,2,9,0,0,0,1896,1848,1144,1120
456,17100,17085,15,15,2,7,8,7,8,15,0,0,0,1911,1863,1151,1127
457,17175,17170,5,5,2,5,0,5,0,5,0,0,0,1916,1868,1156,1132
458,17251,17243,8,8,2,5,3,5,3,8,0,0,0,1924,1876,1161,1137
459,17327,17321,6,6,2,5,1,5,1,6,0,0,0,1930,1882,1166,1142
460,17403,17393,10,10,2,5,5,5,5,10,0,0,0,1940,1892,1171,1147
461,17479,17478,1,1,2,1,0,1,0,1,0,0,0,1941,1893,1172,1148
462,17556,17549,7,7,2,2,5,2,5,7,0,0,0,1948,1900,1174,1150
463,17632,17627,5,5,2,5,0,5,0,5,0,0,0,1953,1905,1179,1155
464,17709,17703,6,6,2,3,3,3,3,6,0,0,0,1959,1911,1182,1158
465,17786,17778,9,7,3,6,3,5,2,6,1,0,0,1968,1918,1188,1163
466,17863,17856,7,7,2,5,2,5,2,7,0,0,0,1975,1925,1193,1168
467,17940,17937,3,3,2,3,0,3,0,3,0,0,0,1978,1928,1196,1171
468,18018,18001,17,17,2,4,13,4,13,17,0,0,0,1995,1945,1200,1175
469,18095,18086,9,9,2,9,0,9,0,9,0,0,0,2004,1954,1209,1184
470,18173,18165,8,8,2,5,3,5,3,8,0,0,0,2012,1962,1214,1189
471,18251,18240,11,11,2,6,5,6,5,11,0,0,0,2023,1973,1220,1195
472,18329,18328,1,1,2,0,1,0,1,1,0,0,0,2024,1974,1220,1195
473,18407,18401,6,6,2,5,1,5,1,6,0,0,0,2030,1980,1225,1200
474,18486,18475,11,11,2,4,7,4,7,11,0,0,0,2041,1991,1229,1204
475,18564,18557,7,7,2,6,1,6,1,7,0,0,0,2048,1998,1235,1210
476,18643,18635,8,8,2,5,3,5,3,8,0,0,0,2056,2006,1240,1215
477,18722,18718,4,4,2,2,2,2,2,4,0,0,0,2060,2010,1242,1217
478,18801,18798,3,3,2,1,2,1,2,3,0,0,0,2063,2013,1243,1218
479,18880,18877,3,3,2,3,0,3,0,3,0,0,0,2066,2016,1246,1221
480,18960,18956,4,4,2,0,4,0,4,4,0,0,0,2070,2020,1246,1221
481,19039,19029,10,10,2,9,1,9,1,10,0,0,0,2080,2030,1255,1230
482,19119,19111,8,8,2,3,5,3,5,8,0,0,0,2088,2038,1258,1233
483,19199,19190,10,8,3,7,3,6,2,7,1,0,0,2098,2046,1265,1239
484,19279,19270,9,9,2,6,3,6,3,9,0,0,0,2107,2055,1271,1245
485,19359,19354,5,5,2,2,3,2,3,5,0,0,0,2112,2060,1273,1247
486,19440,19435,5,5,2,3,2,3,2,5,0,0,0,2117,2065,1276,1250
487,19520,19514,6,6,2,6,0,6,0,6,0,0,0,2123,2071,1282,1256
488,19601,19595,6,6,2,2,4,2,4,6,0,0,0,2129,2077,1284,1258
489,19682,19679,3,3,2,2,1,2,1,3,0,0,0,2132,2080,1286,1260
490,19763,19747,16,16,2,4,12,4,12,16,0,0,0,2148,2096,1290,1264
491,19844,19843,1,1,2,1,0,1,0,1,0,0,0,2149,2097,1291,1265
492,19926,19921,5,5,2,3,2,3,2,5,0,0,0,2154,2102,1294,1268
493,20007,19998,9,9,2,9,0,9,0,9,0,0,0,2163,2111,1303,1277
494,20089,20076,13,13,2,8,5,8,5,13,0,0,0,2176,2124,1311,1285
495,20171,20166,5,5,2,1,4,1,4,5,0,0,0,2181,2129,1312,1286
496,20253,20246,7,7,2,1,6,1,6,7,0,0,0,2188,2136,1313,1287
497,20335,20330,5,5,2,4,1,4,1,5,0,0,0,2193,2141,1317,1291
498,20418,20411,7,7,2,3,4,3,4,7,0,0,0,2200,2148,1320,1294
499,20500,20495,5,5,2,5,0,5,0,5,0,0,0,2205,2153,1325,1299
500,20583,20578,5,5,2,3,2,3,2,5,0,0,0,2210,2158,1328,1302
501,20666,20663,3,3,2,2,1,2,1,3,0,0,0,2213,2161,1330,1304
502,20749,20748,1,1,2,1,0,1,0,1,0,0,0,2214,2162,1331,1305
503,20832,20828,4,4,2,4,0,4,0,4,0,0,0,2218,2166,1335,1309
504,20916,20903,13,13,2,1,12,1,12,13,0,0,0,2231,2179,1336,1310
505,20999,20996,3,3,2,2,1,2,1,3,0,0,0,2234,2182,1338,1312
506,21083,21076,8,6,3,5,3,4,2,5,1,0,0,2242,2188,1343,1316
507,21167,21153,15,13,3,11,4,10,3,12,1,0,0,2257,2201,1354,1326
508,21251,21241,10,10,2,5,5,5,5,10,0,0,0,2267,2211,1359,1331
509,21335,21331,4,4,2,4,0,4,0,4,0,0,0,2271,2215,1363,1335
510,21420,21409,11,11,2,1,10,1,10,11,0,0,0,2282,2226,1364,1336
511,21504,21497,7,7,2,5,2,5,2,7,0,0,0,2289,2233,1369,1341
512,21589,21583,6,6,2,0,6,0,6,6,0,0,0,2295,2239,1369,1341
513,21674,21668,6,6,2,3,3,3,3,6,0,0,0,2301,2245,1372,1344
514,21759,21752,7,7,2,0,7,0,7,7,0,0,0,2308,2252,1372,1344
515,21844,21837,7,7,2,6,1,6,1,7,0,0,0,2315,2259,1378,1350
516,21930,21920,10,10,2,2,8,2,8,10,0,0,0,2325,2269,1380,1352
517,22015,22011,4,4,2,4,0,4,0,4,0,0,0,2329,2273,1384,1356
518,22101,22089,12,12,2,7,5,7,5,12,0,0,0,2341,2285,1391,1363
519,22187,22186,1,1,2,1,0,1,0,1,0,0,0,2342,2286,1392,1364
520,22273,22259,14,14,2,2,12,2,12,14,0,0,0,2356,2300,1394,1366
521,22359,22356,3,3,2,3,0,3,0,3,0,0,0,2359,2303,1397,1369
522,22446,22438,9,7,3,4,5,3,4,6,1,0,0,2368,2310,1401,1372
523,22532,22526,6,6,2,6,0,6,0,6,0,0,0,2374,2316,1407,1378
524,22619,22608,11,11,2,7,4,7,4,11,0,0,0,2385,2327,1414,1385
525,22706,22698,9,7,3,3,6,3,4,6,1,0,0,2394,2334,1417,1388
526,22793,22782,11,11,2,4,7,4,7,11,0,0,0,2405,2345,1421,1392
527,22880,22871,9,9,2,8,1,8,1,9,0,0,0,2414,2354,1429,1400
528,22968,22950,19,17,3,5,14,4,13,16,1,0,0,2433,2371,1434,1404
529,23055,23049,6,6,2,6,0,6,0,6,0,0,0,2439,2377,1440,1410
530,23143,23134,9,9,2,4,5,4,5,9,0,0,0,2448,2386,1444,1414
531,23231,23226,5,5,2,2,3,2,3,5,0,0,0,2453,2391,1446,1416
532,23319,23304,15,15,2,7,8,7,8,15,0,0,0,2468,2406,1453,1423
533,23407,23403,4,4,2,4,0,4,0,4,0,0,0,2472,2410,1457,1427
534,23496,23490,6,6,2,2,4,2,4,6,0,0,0,2478,2416,1459,1429
535,23584,23578,6,6,2,3,3,3,3,6,0,0,0,2484,2422,1462,1432
536,23673,23664,9,9,2,2,7,2,7,9,0,0,0,2493,2431,1464,1434
537,23762,23756,6,6,2,5,1,5,1,6,0,0,0,2499,2437,1469,1439
538,23851,23842,9,9,2,4,5,4,5,9,0,0,0,2508,2446,1473,1443
539,23940,23934,6,6,2,5,1,5,1,6,0,0,0,2514,2452,1478,1448
540,24030,24012,18,18,2,5,13,5,13,18,0,0,0,2532,2470,1483,1453
541,24119,24111,8,8,2,8,0,8,0,8,0,0,0,2540,2478,1491,1461
542,24209,24197,12,12,2,6,6,6,6,12,0,0,0,2552,2490,1497,1467
543,24299,24291,8,8,2,6,2,6,2,8,0,0,0,2560,2498,1503,1473
544,24389,24379,12,8,3,1,11,1,7,6,2,0,0,2572,2506,1504,1474
545,24479,24471,8,8,2,6,2,6,2,8,0,0,0,2580,2514,1510,1480
546,24570,24549,21,21,2,5,16,5,16,21,0,0,0,2601,2535,1515,1485
547,24660,24648,12,12,2,12,0,12,0,12,0,0,0,2613,2547,1527,1497
548,24751,24744,7,7,2,2,5,2,5,7,0,0,0,2620,2554,1529,1499
549,24842,24833,9,9,2,3,6,3,6,9,0,0,0,2629,2563,1532,1502
550,24933,24927,7,5,3,5,2,3,2,4,1,0,0,2636,2568,1537,1505
551,25024,25015,10,8,3,10,0,8,0,7,1,0,0,2646,2576,1547,1513
552,25116,25102,15,13,3,4,11,3,10,12,1,0,0,2661,2589,1551,1516
553,25207,25198,9,9,2,8,1,8,1,9,0,0,0,2670,2598,1559,1524
554,25299,25294,5,5,2,3,2,3,2,5,0,0,0,2675,2603,1562,1527
555,25391,25380,11,11,2,7,4,7,4,11,0,0,0,2686,2614,1569,1534
556,25483,25467,16,16,2,3,13,3,13,16,0,0,0,2702,2630,1572,1537
557,25575,25575,0,0,1,0,0,0,0,0,0,0,0,2702,2630,1572,1537
558,25668,25655,13,13,2,2,11,2,11,13,0,0,0,2715,2643,1574,1539
559,25760,25753,7,7,2,6,1,6,1,7,0,0,0,2722,2650,1580,1545
560,25853,25842,11,11,2,4,7,4,7,11,0,0,0,2733,2661,1584,1549
561,25946,25933,14,12,3,9,5,9,3,11,1,0,0,2747,2673,1593,1558
562,26039,26033,6,6,2,3,3,3,3,6,0,0,0,2753,2679,1596,1561
563,26132,26126,6,6,2,6,0,6,0,6,0,0,0,2759,2685,1602,1567
564,26226,26208,19,17,3,8,11,8,9,16,1,0,0,2778,2702,1610,1575
565,26319,26317,2,2,2,1,1,1,1,2,0,0,0,2780,2704,1611,1576
566,26413,26407,6,6,2,4,2,4,2,6,0,0,0,2786,2710,1615,1580
567,26507,26498,10,8,3,4,6,3,5,7,1,0,0,2796,2718,1619,1583
568,26601,26595,6,6,2,3,3,3,3,6,0,0,0,2802,2724,1622,1586
569,26695,26692,3,3,2,3,0,3,0,3,0,0,0,2805,2727,1625,1589
570,26790,26774,17,15,3,5,12,5,10,14,1,0,0,2822,2742,1630,1594
571,26884,26880,4,4,2,4,0,4,0,4,0,0,0,2826,2746,1634,1598
572,26979,26965,15,13,3,4,11,4,9,12,1,0,0,2841,2759,1638,1602
573,27074,27067,8,6,3,4,4,3,3,5,1,0,0,2849,2765,1642,1605
574,27169,27163,6,6,2,3,3,3,3,6,0,0,0,2855,2771,1645,1608
575,27264,27255,10,8,3,10,0,8,0,7,1,0,0,2865,2779,1655,1616
576,27360,27354,6,6,2,1,5,1,5,6,0,0,0,2871,2785,1656,1617
577,27455,27451,4,4,2,4,0,4,0,4,0,0,0,2875,2789,1660,1621
578,27551,27541,10,10,2,5,5,5,5,10,0,0,0,2885,2799,1665,1626
579,27647,27639,8,8,2,5,3,5,3,8,0,0,0,2893,2807,1670,1631
580,27743,27735,8,8,2,2,6,2,6,8,0,0,0,2901,2815,1672,1633
581,27839,27835,4,4,2,3,1,3,1,4,0,0,0,2905,2819,1675,1636
582,27936,27923,13,13,2,4,9,4,9,13,0,0,0,2918,2832,1679,1640
583,28032,28026,6,6,2,4,2,4,2,6,0,0,0,2924,2838,1683,1644
584,28129,28121,8,8,2,2,6,2,6,8,0,0,0,2932,2846,1685,1646
585,28226,28214,12,12,2,5,7,5,7,12,0,0,0,2944,2858,1690,1651
586,28323,28319,4,4,2,2,2,2,2,4,0,0,0,2948,2862,1692,1653
587,28420,28413,7,7,2,7,0,7,0,7,0,0,0,2955,2869,1699,1660
588,28518,28495,24,22,3,7,17,7,15,21,1,0,0,2979,2891,1706,1667
589,28615,28608,7,7,2,6,1,6,1,7,0,0,0,2986,2898,1712,1673
590,28713,28707,6,6,2,3,3,3,3,6,0,0,0,2992,2904,1715,1676
591,28811,28806,5,5,2,3,2,3,2,5,0,0,0,2997,2909,1718,1679
592,28909,28898,11,11,2,7,4,7,4,11,0,0,0,3008,2920,1725,1686
593,29007,29005,2,2,2,2,0,2,0,2,0,0,0,3010,2922,1727,1688
594,29106,29097,9,9,2,3,6,3,6,9,0,0,0,3019,2931,1730,1691
595,29204,29198,6,6,2,4,2,4,2,6,0,0,0,3025,2937,1734,1695
596,29303,29295,8,8,2,3,5,3,5,8,0,0,0,3033,2945,1737,1698
597,29402,29398,4,4,2,4,0,4,0,4,0,0,0,3037,2949,1741,1702
598,29501,29491,11,9,3,4,7,4,5,8,1,0,0,3048,2958,1745,1706
599,29600,29594,6,6,2,6,0,6,0,6,0,0,0,3054,2964,1751,1712
600,29700,29687,13,13,2,2,11,2,11,13,0,0,0,3067,2977,1753,1714
601,29799,29789,10,10,2,10,0,10,0,10,0,0,0,3077,2987,1763,1724
602,29899,29881,18,18,2,9,9,9,9,18,0,0,0,3095,3005,1772,1733
603,29999,29991,8,8,2,4,4,4,4,8,0,0,0,3103,3013,1776,1737
604,30099,30088,11,11,2,7,4,7,4,11,0,0,0,3114,3024,1783,1744
605,30199,30191,8,8,2,6,2,6,2,8,0,0,0,3122,3032,1789,1750
606,30300,30295,5,5,2,3,2,3,2,5,0,0,0,3127,3037,1792,1753
607,30400,30394,6,6,2,6,0,6,0,6,0,0,0,3133,3043,1798,1759
608,30501,30493,8,8,2,1,7,1,7,8,0,0,0,3141,3051,1799,1760
609,30602,30594,8,8,2,6,2,6,2,8,0,0,0,3149,3059,1805,1766
610,30703,30695,8,8,2,3,5,3,5,8,0,0,0,3157,3067,1808,1769
611,30804,30797,7,7,2,7,0,7,0,7,0,0,0,3164,3074,1815,1776
612,30906,30895,11,11,2,2,9,2,9,11,0,0,0,3175,3085,1817,1778
613,31007,31004,3,3,2,3,0,3,0,3,0,0,0,3178,3088,1820,1781
614,31109,31102,7,7,2,7,0,7,0,7,0,0,0,3185,3095,1827,1788
615,31211,31206,5,5,2,3,2,3,2,5,0,0,0,3190,3100,1830,1791
616,31313,31296,20,14,3,10,10,7,7,11,3,0,0,3210,3114,1840,1798
617,31415,31406,9,9,2,9,0,9,0,9,0,0,0,3219,3123,1849,1807
618,31518,31504,14,14,2,9,5,9,5,14,0,0,0,3233,3137,1858,1816
619,31620,31617,3,3,2,3,0,3,0,3,0,0,0,3236,3140,1861,1819
620,31723,31705,18,18,2,9,9,9,9,18,0,0,0,3254,3158,1870,1828
621,31826,31821,8,3,4,5,3,1,2,2,0,1,0,3262,3161,1875,1829
622,31929,31918,11,11,2,7,4,7,4,11,0,0,0,3273,3172,1882,1836
623,32032,32029,3,3,2,1,2,1,2,3,0,0,0,3276,3175,1883,1837
624,32136,32118,18,18,2,6,12,6,12,18,0,0,0,3294,3193,1889,1843
625,32239,32237,2,2,2,2,0,2,0,2,0,0,0,3296,3195,1891,1845
626,32343,32337,6,6,2,1,5,1,5,6,0,0,0,3302,3201,1892,1846
627,32447,32433,16,12,3,10,6,10,2,10,2,0,0,3318,3213,1902,1856
628,32551,32538,13,13,2,6,7,6,7,13,0,0,0,3331,3226,1908,1862
629,32655,32647,8,8,2,7,1,7,1,8,0,0,0,3339,3234,1915,1869
630,32760,32741,20,18,3,2,18,3,15,17,1,0,0,3359,3252,1917,1872
631,32864,32861,3,3,2,3,0,3,0,3,0,0,0,3362,3255,1920,1875
632,32969,32957,12,12,2,5,7,5,7,12,0,0,0,3374,3267,1925,1880
633,33074,33065,9,9,2,5,4,5,4,9,0,0,0,3383,3276,1930,1885
634,33179,33173,6,6,2,3,3,3,3,6,0,0,0,3389,3282,1933,1888
635,33284,33275,10,8,3,9,1,7,1,7,1,0,0,3399,3290,1942,1895
636,33390,33375,15,15,2,6,9,6,9,15,0,0,0,3414,3305,1948,1901
637,33495,33482,13,13,2,12,1,12,1,13,0,0,0,3427,3318,1960,1913
638,33601,33594,7,7,2,4,3,4,3,7,0,0,0,3434,3325,1964,1917
639,33707,33703,4,4,2,1,3,1,3,4,0,0,0,3438,3329,1965,1918
640,33813,33803,10,10,2,4,6,4,6,10,0,0,0,3448,3339,1969,1922
641,33919,33914,5,5,2,5,0,5,0,5,0,0,0,3453,3344,1974,1927
642,34026,34019,7,7,2,2,5,2,5,7,0,0,0,3460,3351,1976,1929
643,34132,34123,9,9,2,9,0,9,0,9,0,0,0,3469,3360,1985,1938
644,34239,34223,16,16,2,9,7,9,7,16,0,0,0,3485,3376,1994,1947
645,34346,34339,7,7,2,5,2,5,2,7,0,0,0,3492,3383,1999,1952
646,34453,34435,18,18,2,12,6,12,6,18,0,0,0,3510,3401,2011,1964
647,34560,34554,6,6,2,6,0,6,0,6,0,0,0,3516,3407,2017,1970
648,34668,34659,9,9,2,4,5,4,5,9,0,0,0,3525,3416,2021,1974
649,34775,34770,6,4,3,6,0,4,0,3,1,0,0,3531,3420,2027,1978
650,34883,34873,10,10,2,4,6,4,6,10,0,0,0,3541,3430,2031,1982
651,34991,34979,12,12,2,6,6,6,6,12,0,0,0,3553,3442,2037,1988
652,35099,35089,10,10,2,5,5,5,5,10,0,0,0,3563,3452,2042,1993
653,35207,35201,6,6,2,6,0,6,0,6,0,0,0,3569,3458,2048,1999
654,35316,35301,15,15,2,6,9,6,9,15,0,0,0,3584,3473,2054,2005
655,35424,35419,5,5,2,3,2,3,2,5,0,0,0,3589,3478,2057,2008
656,35533,35524,10,8,3,4,6,3,5,7,1,0,0,3599,3486,2061,2011
657,35642,35634,8,8,2,4,4,4,4,8,0,0,0,3607,3494,2065,2015
658,35751,35743,8,8,2,5,3,5,3,8,0,0,0,3615,3502,2070,2020
659,35860,35855,5,5,2,5,0,5,0,5,0,0,0,3620,3507,2075,2025
660,35970,35954,16,16,2,3,13,3,13,16,0,0,0,3636,3523,2078,2028
661,36079,36069,11,9,3,11,0,9,0,8,1,0,0,3647,3532,2089,2037
662,36189,36182,7,7,2,5,2,5,2,7,0,0,0,3654,3539,2094,2042
663,36299,36288,12,10,3,9,3,9,1,9,1,0,0,3666,3549,2103,2051
664,36409,36400,9,9,2,5,4,5,4,9,0,0,0,3675,3558,2108,2056
665,36519,36506,14,12,3,10,4,9,3,11,1,0,0,3689,3570,2118,2065
666,36630,36617,13,13,2,3,10,3,10,13,0,0,0,3702,3583,2121,2068
667,36740,36737,3,3,2,3,0,3,0,3,0,0,0,3705,3586,2124,2071
668,36851,36839,12,12,2,6,6,6,6,12,0,0,0,3717,3598,2130,2077
669,36962,36955,7,7,2,7,0,7,0,7,0,0,0,3724,3605,2137,2084
670,37073,37064,9,9,2,5,4,5,4,9,0,0,0,3733,3614,2142,2089
671,37184,37177,8,6,3,6,2,5,1,5,1,0,0,3741,3620,2148,2094
672,37296,37288,8,8,2,1,7,1,7,8,0,0,0,3749,3628,2149,2095
673,37407,37402,5,5,2,5,0,5,0,5,0,0,0,3754,3633,2154,2100
674,37519,37514,5,5,2,4,1,4,1,5,0,0,0,3759,3638,2158,2104
675,37631,37620,11,11,2,5,6,5,6,11,0,0,0,3770,3649,2163,2109
676,37743,37729,14,14,2,7,7,7,7,14,0,0,0,3784,3663,2170,2116
677,37855,37848,7,7,2,7,0,7,0,7,0,0,0,3791,3670,2177,2123
678,37968,37964,4,4,2,3,1,3,1,4,0,0,0,3795,3674,2180,2126
679,38080,38068,12,12,2,9,3,9,3,12,0,0,0,3807,3686,2189,2135
680,38193,38177,17,15,3,5,12,5,10,14,1,0,0,3824,3701,2194,2140
681,38306,38301,5,5,2,4,1,4,1,5,0,0,0,3829,3706,2198,2144
682,38419,38404,16,14,3,8,8,6,8,13,1,0,0,3845,3720,2206,2150
683,38532,38525,7,7,2,7,0,7,0,7,0,0,0,3852,3727,2213,2157
684,38646,38625,21,21,2,5,16,5,16,21,0,0,0,3873,3748,2218,2162
685,38759,38752,7,7,2,5,2,5,2,7,0,0,0,3880,3755,2223,2167
686,38873,38857,16,16,2,6,10,6,10,16,0,0,0,3896,3771,2229,2173
687,38987,38978,9,9,2,6,3,6,3,9,0,0,0,3905,3780,2235,2179
688,39101,39091,10,10,2,1,9,1,9,10,0,0,0,3915,3790,2236,2180
689,39215,39206,9,9,2,7,2,7,2,9,0,0,0,3924,3799,2243,2187
690,39330,39315,15,15,2,3,12,3,12,15,0,0,0,3939,3814,2246,2190
691,39444,39438,6,6,2,6,0,6,0,6,0,0,0,3945,3820,2252,2196
692,39559,39549,10,10,2,6,4,6,4,10,0,0,0,3955,3830,2258,2202
693,39674,39666,8,8,2,5,3,5,3,8,0,0,0,3963,3838,2263,2207
694,39789,39781,8,8,2,5,3,5,3,8,0,0,0,3971,3846,2268,2212
695,39904,39890,14,14,2,9,5,9,5,14,0,0,0,3985,3860,2277,2221
696,40020,40007,13,13,2,6,7,6,7,13,0,0,0,3998,3873,2283,2227
697,40135,40126,9,9,2,9,0,9,0,9,0,0,0,4007,3882,2292,2236
698,40251,40239,12,12,2,6,6,6,6,12,0,0,0,4019,3894,2298,2242
699,40367,40362,5,5,2,3,2,3,2,5,0,0,0,4024,3899,2301,2245
700,40483,40472,11,11,2,3,8,3,8,11,0,0,0,4035,3910,2304,2248
701,40599,40597,2,2,2,2,0,2,0,2,0,0,0,4037,3912,2306,2250
702,40716,40700,16,16,2,5,11,5,11,16,0,0,0,4053,3928,2311,2255
703,40832,40815,17,17,2,16,1,16,1,17,0,0,0,4070,3945,2327,2271
704,40949,40931,19,17,3,4,15,4,13,16,1,0,0,4089,3962,2331,2275
705,41066,41060,6,6,2,5,1,5,1,6,0,0,0,4095,3968,2336,2280
706,41183,41176,7,7,2,4,3,4,3,7,0,0,0,4102,3975,2340,2284
707,41300,41296,4,4,2,3,1,3,1,4,0,0,0,4106,3979,2343,2287
708,41418,41401,17,17,2,8,9,8,9,17,0,0,0,4123,3996,2351,2295
709,41535,41527,8,8,2,8,0,8,0,8,0,0,0,4131,4004,2359,2303
710,41653,41643,10,10,2,3,7,3,7,10,0,0,0,4141,4014,2362,2306
711,41771,41763,8,8,2,4,4,4,4,8,0,0,0,4149,4022,2366,2310
712,41889,41880,9,9,2,3,6,3,6,9,0,0,0,4158,4031,2369,2313
713,42007,41999,8,8,2,7,1,7,1,8,0,0,0,4166,4039,2376,2320
714,42126,42110,16,16,2,9,7,9,7,16,0,0,0,4182,4055,2385,2329
715,42244,42230,15,13,3,8,7,8,5,12,1,0,0,4197,4068,2393,2337
716,42363,42355,8,8,2,4,4,4,4,8,0,0,0,4205,4076,2397,2341
717,42482,42478,4,4,2,2,2,2,2,4,0,0,0,4209,4080,2399,2343
718,42601,42593,8,8,2,3,5,3,5,8,0,0,0,4217,4088,2402,2346
719,42720,42715,5,5,2,5,0,5,0,5,0,0,0,4222,4093,2407,2351
720,42840,42819,21,21,2,5,16,5,16,21,0,0,0,4243,4114,2412,2356
721,42959,42947,12,12,2,11,1,11,1,12,0,0,0,4255,4126,2423,2367
722,43079,43068,11,11,2,5,6,5,6,11,0,0,0,4266,4137,2428,2372
723,43199,43186,13,13,2,8,5,8,5,13,0,0,0,4279,4150,2436,2380
724,43319,43302,17,17,2,6,11,6,11,17,0,0,0,4296,4167,2442,2386
725,43439,43429,12,8,3,11,1,8,0,6,2,0,0,4308,4175,2453,2394
726,43560,43548,12,12,2,4,8,4,8,12,0,0,0,4320,4187,2457,2398
727,43680,43673,7,7,2,7,0,7,0,7,0,0,0,4327,4194,2464,2405
728,43801,43777,25,23,3,11,14,9,14,22,1,0,0,4352,4217,2475,2414
729,43922,43920,2,2,2,2,0,2,0,2,0,0,0,4354,4219,2477,2416
730,44043,44021,22,22,2,13,9,13,9,22,0,0,0,4376,4241,2490,2429
731,44164,44157,8,6,3,7,1,5,1,5,1,0,0,4384,4247,2497,2434
732,44286,44267,19,19,2,5,14,5,14,19,0,0,0,4403,4266,2502,2439
733,44407,44403,4,4,2,4,0,4,0,4,0,0,0,4407,4270,2506,2443
734,44529,44520,9,9,2,3,6,3,6,9,0,0,0,4416,4279,2509,2446
735,44651,44633,19,17,3,6,13,7,10,16,1,0,0,4435,4296,2515,2453
736,44773,44759,15,13,3,4,11,3,10,12,1,0,0,4450,4309,2519,2456
737,44895,44889,6,6,2,6,0,6,0,6,0,0,0,4456,4315,2525,2462
738,45018,45010,8,8,2,0,8,0,8,8,0,0,0,4464,4323,2525,2462
739,45140,45133,7,7,2,7,0,7,0,7,0,0,0,4471,4330,2532,2469
740,45263,45246,17,17,2,6,11,6,11,17,0,0,0,4488,4347,2538,2475
741,45386,45369,17,17,2,12,5,12,5,17,0,0,0,4505,4364,2550,2487
742,45509,45501,9,7,3,5,4,4,3,6,1,0,0,4514,4371,2555,2491
743,45632,45630,2,2,2,2,0,2,0,2,0,0,0,4516,4373,2557,2493
744,45756,45738,18,18,2,7,11,7,11,18,0,0,0,4534,4391,2564,2500
745,45879,45877,2,2,2,1,1,1,1,2,0,0,0,4536,4393,2565,2501
746,46003,45994,10,8,3,3,7,3,5,7,1,0,0,4546,4401,2568,2504
747,46127,46123,4,4,2,2,2,2,2,4,0,0,0,4550,4405,2570,2506
748,46251,46235,17,15,3,5,12,5,10,14,1,0,0,4567,4420,2575,2511
749,46375,46369,6,6,2,3,3,3,3,6,0,0,0,4573,4426,2578,2514
750,46500,46493,7,7,2,2,5,2,5,7,0,0,0,4580,4433,2580,2516
751,46624,46614,10,10,2,10,0,10,0,10,0,0,0,4590,4443,2590,2526
752,46749,46738,11,11,2,5,6,5,6,11,0,0,0,4601,4454,2595,2531
753,46874,46867,7,7,2,7,0,7,0,7,0,0,0,4608,4461,2602,2538
754,46999,46983,16,16,2,7,9,7,9,16,0,0,0,4624,4477,2609,2545
755,47124,47121,3,3,2,2,1,2,1,3,0,0,0,4627,4480,2611,2547
756,47250,47228,23,21,3,4,19,4,17,20,1,0,0,4650,4501,2615,2551
757,47375,47366,9,9,2,9,0,9,0,9,0,0,0,4659,4510,2624,2560
758,47501,47483,18,18,2,9,9,9,9,18,0,0,0,4677,4528,2633,2569
759,47627,47614,13,13,2,9,4,9,4,13,0,0,0,4690,4541,2642,2578
760,47753,47726,29,25,3,11,18,9,16,23,2,0,0,4719,4566,2653,2587
761,47879,47873,6,6,2,6,0,6,0,6,0,0,0,4725,4572,2659,2593
762,48006,47992,14,14,2,2,12,2,12,14,0,0,0,4739,4586,2661,2595
763,48132,48124,8,8,2,6,2,6,2,8,0,0,0,4747,4594,2667,2601
764,48259,48249,10,10,2,2,8,2,8,10,0,0,0,4757,4604,2669,2603
765,48386,48375,11,11,2,3,8,3,8,11,0,0,0,4768,4615,2672,2606
766,48513,48500,14,12,3,5,9,5,7,11,1,0,0,4782,4627,2677,2611
767,48640,48633,7,7,2,7,0,7,0,7,0,0,0,4789,4634,2684,2618
768,48768,48759,9,9,2,1,8,1,8,9,0,0,0,4798,4643,2685,2619
769,48895,48889,6,6,2,6,0,6,0,6,0,0,0,4804,4649,2691,2625
770,49023,49006,17,17,2,7,10,7,10,17,0,0,0,4821,4666,2698,2632
771,49151,49139,12,12,2,5,7,5,7,12,0,0,0,4833,4678,2703,2637
772,49279,49263,16,16,2,4,12,4,12,16,0,0,0,4849,4694,2707,2641
773,49407,49402,5,5,2,5,0,5,0,5,0,0,0,4854,4699,2712,2646
774,49536,49517,19,19,2,4,15,4,15,19,0,0,0,4873,4718,2716,2650
775,49664,49656,9,7,3,7,2,6,1,6,1,0,0,4882,4725,2723,2656
776,49793,49777,16,16,2,3,13,3,13,16,0,0,0,4898,4741,2726,2659
777,49922,49903,20,18,3,16,4,14,4,17,1,0,0,4918,4759,2742,2673
778,50051,50042,9,9,2,4,5,4,5,9,0,0,0,4927,4768,2746,2677
779,50180,50176,4,4,2,4,0,4,0,4,0,0,0,4931,4772,2750,2681
780,50310,50281,29,29,2,4,25,4,25,29,0,0,0,4960,4801,2754,2685
781,50439,50423,17,15,3,16,1,14,1,14,1,0,0,4977,4816,2770,2699
782,50569,50559,10,10,2,4,6,4,6,10,0,0,0,4987,4826,2774,2703
783,50699,50692,7,7,2,4,3,4,3,7,0,0,0,4994,4833,2778,2707
784,50829,50811,19,17,3,7,12,6,11,16,1,0,0,5013,4850,2785,2713
785,50959,50949,10,10,2,5,5,5,5,10,0,0,0,5023,4860,2790,2718
786,51090,51078,12,12,2,1,11,1,11,12,0,0,0,5035,4872,2791,2719
787,51220,51214,6,6,2,6,0,6,0,6,0,0,0,5041,4878,2797,2725
788,51351,51339,12,12,2,5,7,5,7,12,0,0,0,5053,4890,2802,2730
789,51482,51471,11,11,2,4,7,4,7,11,0,0,0,5064,4901,2806,2734
790,51613,51595,18,18,2,8,10,8,10,18,0,0,0,5082,4919,2814,2742
791,51744,51740,4,4,2,3,1,3,1,4,0,0,0,5086,4923,2817,2745
792,51876,51854,23,21,3,5,18,4,17,20,1,0,0,5109,4944,2822,2749
793,52007,51996,11,11,2,9,2,9,2,11,0,0,0,5120,4955,2831,2758
794,52139,52127,12,12,2,6,6,6,6,12,0,0,0,5132,4967,2837,2764
795,52271,52261,10,10,2,5,5,5,5,10,0,0,0,5142,4977,2842,2769
796,52403,52393,10,10,2,4,6,4,6,10,0,0,0,5152,4987,2846,2773
797,52535,52531,4,4,2,4,0,4,0,4,0,0,0,5156,4991,2850,2777
798,52668,52644,24,24,2,5,19,5,19,24,0,0,0,5180,5015,2855,2782
799,52800,52792,8,8,2,8,0,8,0,8,0,0,0,5188,5023,2863,2790
800,52933,52920,14,12,3,5,9,4,8,11,1,0,0,5202,5035,2868,2794
801,53066,53056,10,10,2,7,3,7,3,10,0,0,0,5212,5045,2875,2801
802,53199,53188,11,11,2,7,4,7,4,11,0,0,0,5223,5056,2882,2808
803,53332,53323,9,9,2,7,2,7,2,9,0,0,0,5232,5065,2889,2815
804,53466,53447,19,19,2,3,16,3,16,19,0,0,0,5251,5084,2892,2818
805,53599,53590,9,9,2,6,3,6,3,9,0,0,0,5260,5093,2898,2824
806,53733,53712,21,21,2,9,12,9,12,21,0,0,0,5281,5114,2907,2833
807,53867,53858,9,9,2,4,5,4,5,9,0,0,0,5290,5123,2911,2837
808,54001,53990,11,11,2,7,4,7,4,11,0,0,0,5301,5134,2918,2844
809,54135,54129,6,6,2,6,0,6,0,6,0,0,0,5307,5140,2924,2850
810,54270,54251,19,19,2,6,13,6,13,19,0,0,0,5326,5159,2930,2856
811,54404,54398,6,6,2,6,0,6,0,6,0,0,0,5332,5165,2936,2862
812,54539,54528,11,11,2,7,4,7,4,11,0,0,0,5343,5176,2943,2869
813,54674,54663,11,11,2,5,6,5,6,11,0,0,0,5354,5187,2948,2874
814,54809,54796,14,12,3,10,4,9,3,11,1,0,0,5368,5199,2958,2883
815,54944,54938,6,6,2,5,1,5,1,6,0,0,0,5374,5205,2963,2888
816,55080,55061,23,16,4,3,20,3,13,14,1,1,0,5397,5221,2966,2891
817,55215,55208,8,6,3,7,1,5,1,5,1,0,0,5405,5227,2973,2896
818,55351,55336,15,15,2,6,9,6,9,15,0,0,0,5420,5242,2979,2902
819,55487,55461,26,26,2,15,11,15,11,26,0,0,0,5446,5268,2994,2917
820,55623,55609,15,13,3,7,8,6,7,12,1,0,0,5461,5281,3001,2923
821,55759,55756,3,3,2,3,0,3,0,3,0,0,0,5464,5284,3004,2926
822,55896,55886,10,10,2,4,6,4,6,10,0,0,0,5474,5294,3008,2930
823,56032,56026,6,6,2,6,0,6,0,6,0,0,0,5480,5300,3014,2936
824,56169,56160,9,9,2,4,5,4,5,9,0,0,0,5489,5309,3018,2940
825,56306,56297,9,9,2,5,4,5,4,9,0,0,0,5498,5318,3023,2945
826,56443,56433,10,10,2,6,4,6,4,10,0,0,0,5508,5328,3029,2951
827,56580,56576,4,4,2,4,0,4,0,4,0,0,0,5512,5332,3033,2955
828,56718,56702,16,16,2,3,13,3,13,16,0,0,0,5528,5348,3036,2958
829,56855,56850,5,5,2,5,0,5,0,5,0,0,0,5533,5353,3041,2963
830,56993,56980,14,12,3,4,10,4,8,11,1,0,0,5547,5365,3045,2967
831,57131,57125,6,6,2,4,2,4,2,6,0,0,0,5553,5371,3049,2971
832,57269,57257,12,12,2,0,12,0,12,12,0,0,0,5565,5383,3049,2971
833,57407,57395,12,12,2,12,0,12,0,12,0,0,0,5577,5395,3061,2983
834,57546,57524,23,21,3,3,20,3,18,20,1,0,0,5600,5416,3064,2986
835,57684,57675,9,9,2,8,1,8,1,9,0,0,0,5609,5425,3072,2994
836,57823,57808,18,13,4,7,11,7,6,12,0,1,0,5627,5438,3079,3001
837,57962,57950,12,12,2,7,5,7,5,12,0,0,0,5639,5450,3086,3008
838,58101,58091,10,10,2,6,4,6,4,10,0,0,0,5649,5460,3092,3014
839,58240,58228,12,12,2,12,0,12,0,12,0,0,0,5661,5472,3104,3026
840,58380,58360,20,20,2,4,16,4,16,20,0,0,0,5681,5492,3108,3030
841,58519,58516,3,3,2,3,0,3,0,3,0,0,0,5684,5495,3111,3033
842,58659,58650,9,9,2,3,6,3,6,9,0,0,0,5693,5504,3114,3036
843,58799,58792,7,7,2,4,3,4,3,7,0,0,0,5700,5511,3118,3040
844,58939,58924,15,15,2,8,7,8,7,15,0,0,0,5715,5526,3126,3048
845,59079,59064,15,15,2,12,3,12,3,15,0,0,0,5730,5541,3138,3060
846,59220,59205,16,14,3,4,12,4,10,13,1,0,0,5746,5555,3142,3064
847,59360,59356,4,4,2,2,2,2,2,4,0,0,0,5750,5559,3144,3066
848,59501,59489,12,12,2,5,7,5,7,12,0,0,0,5762,5571,3149,3071
849,59642,59634,8,8,2,6,2,6,2,8,0,0,0,5770,5579,3155,3077
850,59783,59769,15,13,3,4,11,4,9,12,1,0,0,5785,5592,3159,3081
851,59924,59918,6,6,2,5,1,5,1,6,0,0,0,5791,5598,3164,3086
852,60066,60051,15,15,2,5,10,5,10,15,0,0,0,5806,5613,3169,3091
853,60207,60205,2,2,2,2,0,2,0,2,0,0,0,5808,5615,3171,3093
854,60349,60331,18,18,2,10,8,10,8,18,0,0,0,5826,5633,3181,3103
855,60491,60477,14,14,2,4,10,4,10,14,0,0,0,5840,5647,3185,3107
856,60633,60625,8,8,2,2,6,2,6,8,0,0,0,5848,5655,3187,3109
857,60775,60771,4,4,2,4,0,4,0,4,0,0,0,5852,5659,3191,3113
858,60918,60889,31,27,3,11,20,11,16,25,2,0,0,5883,5686,3202,3124
859,61060,61055,5,5,2,5,0,5,0,5,0,0,0,5888,5691,3207,3129
860,61203,61187,16,16,2,7,9,7,9,16,0,0,0,5904,5707,3214,3136
861,61346,61340,6,6,2,4,2,4,2,6,0,0,0,5910,5713,3218,3140
862,61489,61481,8,8,2,4,4,4,4,8,0,0,0,5918,5721,3222,3144
863,61632,61624,8,8,2,8,0,8,0,8,0,0,0,5926,5729,3230,3152
864,61776,61769,7,7,2,0,7,0,7,7,0,0,0,5933,5736,3230,3152
865,61919,61914,5,5,2,5,0,5,0,5,0,0,0,5938,5741,3235,3157
866,62063,62046,17,17,2,8,9,8,9,17,0,0,0,5955,5758,3243,3165
867,62207,62194,14,12,3,10,4,9,3,11,1,0,0,5969,5770,3253,3174
868,62351,62326,25,25,2,12,13,12,13,25,0,0,0,5994,5795,3265,3186
869,62495,62489,6,6,2,5,1,5,1,6,0,0,0,6000,5801,3270,3191
870,62640,62625,15,15,2,6,9,6,9,15,0,0,0,6015,5816,3276,3197
871,62784,62775,9,9,2,9,0,9,0,9,0,0,0,6024,5825,3285,3206
872,62929,62913,16,16,2,5,11,5,11,16,0,0,0,6040,5841,3290,3211
873,63074,63058,16,16,2,8,8,8,8,16,0,0,0,6056,5857,3298,3219
874,63219,63207,13,11,3,6,7,6,5,10,1,0,0,6069,5868,3304,3225
875,63364,63356,8,8,2,4,4,4,4,8,0,0,0,6077,5876,3308,3229
876,63510,63491,19,19,2,5,14,5,14,19,0,0,0,6096,5895,3313,3234
877,63655,63646,9,9,2,9,0,9,0,9,0,0,0,6105,5904,3322,3243
878,63801,63790,11,11,2,6,5,6,5,11,0,0,0,6116,5915,3328,3249
879,63947,63939,8,8,2,6,2,6,2,8,0,0,0,6124,5923,3334,3255
880,64093,64074,20,18,3,7,13,7,11,17,1,0,0,6144,5941,3341,3262
881,64239,64232,7,7,2,7,0,7,0,7,0,0,0,6151,5948,3348,3269
882,64386,64357,29,29,2,7,22,7,22,29,0,0,0,6180,5977,3355,3276
883,64532,64527,5,5,2,5,0,5,0,5,0,0,0,6185,5982,3360,3281
884,64679,64667,13,11,3,5,8,5,6,10,1,0,0,6198,5993,3365,3286
885,64826,64815,11,11,2,6,5,6,5,11,0,0,0,6209,6004,3371,3292
886,64973,64961,12,12,2,5,7,5,7,12,0,0,0,6221,6016,3376,3297
887,65120,65112,8,8,2,8,0,8,0,8,0,0,0,6229,6024,3384,3305
888,65268,65254,14,14,2,4,10,4,10,14,0,0,0,6243,6038,3388,3309
889,65415,65404,11,11,2,10,1,10,1,11,0,0,0,6254,6049,3398,3319
890,65563,65555,8,8,2,4,4,4,4,8,0,0,0,6262,6057,3402,3323
891,65711,65702,9,9,2,6,3,6,3,9,0,0,0,6271,6066,3408,3329
892,65859,65843,16,16,2,10,6,10,6,16,0,0,0,6287,6082,3418,3339
893,66007,65996,11,11,2,11,0,11,0,11,0,0,0,6298,6093,3429,3350
894,66156,66143,14,12,3,4,10,4,8,11,1,0,0,6312,6105,3433,3354
895,66304,66300,4,4,2,3,1,3,1,4,0,0,0,6316,6109,3436,3357
896,66453,66442,11,11,2,3,8,3,8,11,0,0,0,6327,6120,3439,3360
897,66602,66580,23,21,3,15,8,15,6,20,1,0,0,6350,6141,3454,3375
898,66751,66748,3,3,2,2,1,2,1,3,0,0,0,6353,6144,3456,3377
899,66900,66894,6,6,2,5,1,5,1,6,0,0,0,6359,6150,3461,3382
900,67050,67031,20,18,3,1,19,1,17,17,1,0,0,6379,6168,3462,3383
901,67199,67190,10,8,3,8,2,6,2,7,1,0,0,6389,6176,3470,3389
902,67349,67339,10,10,2,5,5,5,5,10,0,0,0,6399,6186,3475,3394
903,67499,67483,16,16,2,10,6,10,6,16,0,0,0,6415,6202,3485,3404
904,67649,67638,11,11,2,5,6,5,6,11,0,0,0,6426,6213,3490,3409
905,67799,67791,8,8,2,6,2,6,2,8,0,0,0,6434,6221,3496,3415
906,67950,67940,10,10,2,4,6,4,6,10,0,0,0,6444,6231,3500,3419
907,68100,68094,6,6,2,6,0,6,0,6,0,0,0,6450,6237,3506,3425
908,68251,68240,11,11,2,4,7,4,7,11,0,0,0,6461,6248,3510,3429
909,68402,68393,9,9,2,8,1,8,1,9,0,0,0,6470,6257,3518,3437
910,68553,68524,29,29,2,9,20,9,20,29,0,0,0,6499,6286,3527,3446
911,68704,68696,8,8,2,8,0,8,0,8,0,0,0,6507,6294,3535,3454
912,68856,68834,22,22,2,4,18,4,18,22,0,0,0,6529,6316,3539,3458
913,69007,68995,12,12,2,11,1,11,1,12,0,0,0,6541,6328,3550,3469
914,69159,69148,11,11,2,6,5,6,5,11,0,0,0,6552,6339,3556,3475
915,69311,69297,14,14,2,6,8,6,8,14,0,0,0,6566,6353,3562,3481
916,69463,69451,12,12,2,4,8,4,8,12,0,0,0,6578,6365,3566,3485
917,69615,69609,7,5,3,5,2,4,1,4,1,0,0,6585,6370,3571,3489
918,69768,69752,17,15,3,8,9,6,9,14,1,0,0,6602,6385,3579,3495
919,69920,69914,6,6,2,6,0,6,0,6,0,0,0,6608,6391,3585,3501
920,70073,70057,17,15,3,4,13,3,12,14,1,0,0,6625,6406,3589,3504
921,70226,70217,9,9,2,9,0,9,0,9,0,0,0,6634,6415,3598,3513
922,70379,70374,5,5,2,4,1,4,1,5,0,0,0,6639,6420,3602,3517
923,70532,70520,12,12,2,11,1,11,1,12,0,0,0,6651,6432,3613,3528
924,70686,70665,22,20,3,5,17,5,15,19,1,0,0,6673,6452,3618,3533
925,70839,70831,8,8,2,4,4,4,4,8,0,0,0,6681,6460,3622,3537
926,70993,70982,11,11,2,6,5,6,5,11,0,0,0,6692,6471,3628,3543
927,71147,71141,6,6,2,3,3,3,3,6,0,0,0,6698,6477,3631,3546
928,71301,71292,10,8,3,3,7,2,6,7,1,0,0,6708,6485,3634,3548
929,71455,71449,6,6,2,6,0,6,0,6,0,0,0,6714,6491,3640,3554
930,71610,71587,24,22,3,7,17,7,15,21,1,0,0,6738,6513,3647,3561
931,71764,71748,17,15,3,15,2,14,1,14,1,0,0,6755,6528,3662,3575
932,71919,71907,12,12,2,5,7,5,7,12,0,0,0,6767,6540,3667,3580
933,72074,72058,16,16,2,12,4,12,4,16,0,0,0,6783,6556,3679,3592
934,72229,72224,5,5,2,2,3,2,3,5,0,0,0,6788,6561,3681,3594
935,72384,72366,19,17,3,12,7,12,5,16,1,0,0,6807,6578,3693,3606
936,72540,72513,27,27,2,6,21,6,21,27,0,0,0,6834,6605,3699,3612
937,72695,72687,8,8,2,8,0,8,0,8,0,0,0,6842,6613,3707,3620
938,72851,72836,15,15,2,5,10,5,10,15,0,0,0,6857,6628,3712,3625
939,73007,72996,11,11,2,6,5,6,5,11,0,0,0,6868,6639,3718,3631
940,73163,73143,20,20,2,9,11,9,11,20,0,0,0,6888,6659,3727,3640
941,73319,73316,3,3,2,3,0,3,0,3,0,0,0,6891,6662,3730,3643
942,73476,73455,21,21,2,8,13,8,13,21,0,0,0,6912,6683,3738,3651
943,73632,73621,11,11,2,11,0,11,0,11,0,0,0,6923,6694,3749,3662
944,73789,73784,6,4,3,5,1,3,1,3,1,0,0,6929,6698,3754,3665
945,73946,73925,21,21,2,6,15,6,15,21,0,0,0,6950,6719,3760,3671
946,74103,74081,22,22,2,13,9,13,9,22,0,0,0,6972,6741,3773,3684
947,74260,74253,7,7,2,7,0,7,0,7,0,0,0,6979,6748,3780,3691
948,74418,74397,21,21,2,7,14,7,14,21,0,0,0,7000,6769,3787,3698
949,74575,74560,15,15,2,13,2,13,2,15,0,0,0,7015,6784,3800,3711
950,74733,74715,20,16,3,9,11,7,9,14,2,0,0,7035,6800,3809,3718
951,74891,74887,4,4,2,1,3,1,3,4,0,0,0,7039,6804,3810,3719
952,75049,75030,20,18,3,5,15,5,13,17,1,0,0,7059,6822,3815,3724
953,75207,75204,3,3,2,3,0,3,0,3,0,0,0,7062,6825,3818,3727
954,75366,75357,9,9,2,0,9,0,9,9,0,0,0,7071,6834,3818,3727
955,75524,75516,9,7,3,5,4,4,3,6,1,0,0,7080,6841,3823,3731
956,75683,75674,9,9,2,6,3,6,3,9,0,0,0,7089,6850,3829,3737
957,75842,75834,9,7,3,5,4,4,3,6,1,0,0,7098,6857,3834,3741
958,76001,75988,13,13,2,10,3,10,3,13,0,0,0,7111,6870,3844,3751
959,76160,76155,5,5,2,3,2,3,2,5,0,0,0,7116,6875,3847,3754
960,76320,76307,13,13,2,6,7,6,7,13,0,0,0,7129,6888,3853,3760
961,76479,76469,10,10,2,9,1,9,1,10,0,0,0,7139,6898,3862,3769
962,76639,76617,23,21,3,11,12,10,11,20,1,0,0,7162,6919,3873,3779
963,76799,76794,5,5,2,2,3,2,3,5,0,0,0,7167,6924,3875,3781
964,76959,76942,17,17,2,9,8,9,8,17,0,0,0,7184,6941,3884,3790
965,77119,77109,10,10,2,7,3,7,3,10,0,0,0,7194,6951,3891,3797
966,77280,77259,22,20,3,6,16,6,14,19,1,0,0,7216,6971,3897,3803
967,77440,77431,9,9,2,9,0,9,0,9,0,0,0,7225,6980,3906,3812
968,77601,77585,16,16,2,5,11,5,11,16,0,0,0,7241,6996,3911,3817
969,77762,77746,16,16,2,11,5,11,5,16,0,0,0,7257,7012,3922,3828
970,77923,77908,15,15,2,9,6,9,6,15,0,0,0,7272,7027,3931,3837
971,78084,78077,7,7,2,7,0,7,0,7,0,0,0,7279,7034,3938,3844
972,78246,78232,14,14,2,7,7,7,7,14,0,0,0,7293,7048,3945,3851
973,78407,78400,7,7,2,2,5,2,5,7,0,0,0,7300,7055,3947,3853
974,78569,78558,11,11,2,5,6,5,6,11,0,0,0,7311,7066,3952,3858
975,78731,78720,11,11,2,5,6,5,6,11,0,0,0,7322,7077,3957,3863
976,78893,78880,13,13,2,7,6,7,6,13,0,0,0,7335,7090,3964,3870
977,79055,79047,8,8,2,8,0,8,0,8,0,0,0,7343,7098,3972,3878
978,79218,79208,10,10,2,3,7,3,7,10,0,0,0,7353,7108,3975,3881
979,79380,79374,6,6,2,4,2,4,2,6,0,0,0,7359,7114,3979,3885
980,79543,79516,27,27,2,6,21,6,21,27,0,0,0,7386,7141,3985,3891
981,79706,79691,15,15,2,11,4,11,4,15,0,0,0,7401,7156,3996,3902
982,79869,79860,9,9,2,8,1,8,1,9,0,0,0,7410,7165,4004,3910
983,80032,80029,3,3,2,3,0,3,0,3,0,0,0,7413,7168,4007,3913
984,80196,80182,16,12,3,6,10,4,8,10,2,0,0,7429,7180,4013,3917
985,80359,80349,10,10,2,8,2,8,2,10,0,0,0,7439,7190,4021,3925
986,80523,80505,19,17,3,8,11,7,10,16,1,0,0,7458,7207,4029,3932
987,80687,80673,14,14,2,13,1,13,1,14,0,0,0,7472,7221,4042,3945
988,80851,80827,24,24,2,11,13,11,13,24,0,0,0,7496,7245,4053,3956
989,81015,81008,8,6,3,7,1,5,1,5,1,0,0,7504,7251,4060,3961
990,81180,81159,21,21,2,8,13,8,13,21,0,0,0,7525,7272,4068,3969
991,81344,81332,12,12,2,12,0,12,0,12,0,0,0,7537,7284,4080,3981
992,81509,81496,13,13,2,5,8,5,8,13,0,0,0,7550,7297,4085,3986
993,81674,81664,10,10,2,8,2,8,2,10,0,0,0,7560,7307,4093,3994
994,81839,81831,8,8,2,1,7,1,7,8,0,0,0,7568,7315,4094,3995
995,82004,81988,16,16,2,16,0,16,0,16,0,0,0,7584,7331,4110,4011
996,82170,82155,15,15,2,7,8,7,8,15,0,0,0,7599,7346,4117,4018
997,82335,82328,8,6,3,8,0,6,0,5,1,0,0,7607,7352,4125,4024
998,82501,82490,11,11,2,6,5,6,5,11,0,0,0,7618,7363,4131,4030
999,82667,82656,11,11,2,7,4,7,4,11,0,0,0,7629,7374,4138,4037
1000,82833,82821,12,12,2,3,9,3,9,12,0,0,0,7641,7386,4141,4040
1001,82999,82977,23,21,3,15,8,15,6,20,1,0,0,7664,7407,4156,4055
1002,83166,83155,11,11,2,3,8,3,8,11,0,0,0,7675,7418,4159,4058
1003,83332,83326,6,6,2,6,0,6,0,6,0,0,0,7681,7424,4165,4064
1004,83499,83492,7,7,2,6,1,6,1,7,0,0,0,7688,7431,4171,4070
1005,83666,83647,19,19,2,12,7,12,7,19,0,0,0,7707,7450,4183,4082
1006,83833,83821,13,11,3,9,4,7,4,10,1,0,0,7720,7461,4192,4089
1007,84000,83990,10,10,2,8,2,8,2,10,0,0,0,7730,7471,4200,4097
1008,84168,84149,19,19,2,5,14,5,14,19,0,0,0,7749,7490,4205,4102
1009,84335,84323,12,12,2,12,0,12,0,12,0,0,0,7761,7502,4217,4114
1010,84503,84496,7,7,2,3,4,3,4,7,0,0,0,7768,7509,4220,4117
1011,84671,84666,5,5,2,4,1,4,1,5,0,0,0,7773,7514,4224,4121
1012,84839,84824,16,14,3,6,10,6,8,13,1,0,0,7789,7528,4230,4127
1013,85007,85001,6,6,2,6,0,6,0,6,0,0,0,7795,7534,4236,4133
1014,85176,85143,34,32,3,14,20,14,18,31,1,0,0,7829,7566,4250,4147
1015,85344,85338,6,6,2,4,2,4,2,6,0,0,0,7835,7572,4254,4151
1016,85513,85496,17,17,2,7,10,7,10,17,0,0,0,7852,7589,4261,4158
1017,85682,85679,3,3,2,2,1,2,1,3,0,0,0,7855,7592,4263,4160
1018,85851,85840,11,11,2,7,4,7,4,11,0,0,0,7866,7603,4270,4167
1019,86020,86019,1,1,2,1,0,1,0,1,0,0,0,7867,7604,4271,4168
1020,86190,86171,19,19,2,3,16,3,16,19,0,0,0,7886,7623,4274,4171
1021,86359,86350,9,9,2,9,0,9,0,9,0,0,0,7895,7632,4283,4180
1022,86529,86510,19,19,2,10,9,10,9,19,0,0,0,7914,7651,4293,4190
1023,86699,86679,20,20,2,13,7,13,7,20,0,0,0,7934,7671,4306,4203
1024,86869,86859,10,10,2,4,6,4,6,10,0,0,0,7944,7681,4310,4207
1025,87039,87033,6,6,2,4,2,4,2,6,0,0,0,7950,7687,4314,4211
1026,87210,87189,21,21,2,6,15,6,15,21,0,0,0,7971,7708,4320,4217
1027,87380,87369,11,11,2,10,1,10,1,11,0,0,0,7982,7719,4330,4227
1028,87551,87540,11,11,2,4,7,4,7,11,0,0,0,7993,7730,4334,4231
1029,87722,87704,18,18,2,7,11,7,11,18,0,0,0,8011,7748,4341,4238
1030,87893,87876,17,17,2,8,9,8,9,17,0,0,0,8028,7765,4349,4246
1031,88064,88057,7,7,2,7,0,7,0,7,0,0,0,8035,7772,4356,4253
1032,88236,88216,20,20,2,6,14,6,14,20,0,0,0,8055,7792,4362,4259
1033,88407,88397,10,10,2,10,0,10,0,10,0,0,0,8065,7802,4372,4269
1034,88579,88568,11,11,2,4,7,4,7,11,0,0,0,8076,7813,4376,4273
1035,88751,88736,15,15,2,4,11,4,11,15,0,0,0,8091,7828,4380,4277
1036,88923,88895,29,27,3,16,13,15,12,26,1,0,0,8120,7855,4396,4292
1037,89095,89083,12,12,2,10,2,10,2,12,0,0,0,8132,7867,4406,4302
1038,89268,89256,12,12,2,7,5,7,5,12,0,0,0,8144,7879,4413,4309
1039,89440,89432,9,7,3,9,0,7,0,6,1,0,0,8153,7886,4422,4316
1040,89613,89592,21,21,2,5,16,5,16,21,0,0,0,8174,7907,4427,4321
1041,89786,89775,11,11,2,8,3,8,3,11,0,0,0,8185,7918,4435,4329
1042,89959,89952,7,7,2,4,3,4,3,7,0,0,0,8192,7925,4439,4333
1043,90132,90127,5,5,2,4,1,4,1,5,0,0,0,8197,7930,4443,4337
1044,90306,90291,16,14,3,3,13,3,11,13,1,0,0,8213,7944,4446,4340
1045,90479,90461,19,17,3,12,7,12,5,16,1,0,0,8232,7961,4458,4352
1046,90653,90639,14,14,2,8,6,8,6,14,0,0,0,8246,7975,4466,4360
1047,90827,90812,16,14,3,10,6,9,5,13,1,0,0,8262,7989,4476,4369
1048,91001,90988,13,13,2,2,11,2,11,13,0,0,0,8275,8002,4478,4371
1049,91175,91164,11,11,2,11,0,11,0,11,0,0,0,8286,8013,4489,4382
1050,91350,91332,20,16,3,5,15,5,11,14,2,0,0,8306,8029,4494,4387
1051,91524,91514,10,10,2,10,0,10,0,10,0,0,0,8316,8039,4504,4397
1052,91699,91682,17,17,2,6,11,6,11,17,0,0,0,8333,8056,4510,4403
1053,91874,91859,15,15,2,9,6,9,6,15,0,0,0,8348,8071,4519,4412
1054,92049,92027,22,22,2,10,12,10,12,22,0,0,0,8370,8093,4529,4422
1055,92224,92215,9,9,2,5,4,5,4,9,0,0,0,8379,8102,4534,4427
1056,92400,92370,32,28,3,6,26,6,22,26,2,0,0,8411,8130,4540,4433
1057,92575,92565,10,10,2,9,1,9,1,10,0,0,0,8421,8140,4549,4442
1058,92751,92739,12,12,2,6,6,6,6,12,0,0,0,8433,8152,4555,4448
1059,92927,92919,8,8,2,5,3,5,3,8,0,0,0,8441,8160,4560,4453
1060,93103,93086,17,17,2,4,13,4,13,17,0,0,0,8458,8177,4564,4457
1061,93279,93273,6,6,2,6,0,6,0,6,0,0,0,8464,8183,4570,4463
1062,93456,93438,18,18,2,6,12,6,12,18,0,0,0,8482,8201,4576,4469
1063,93632,93623,9,9,2,9,0,9,0,9,0,0,0,8491,8210,4585,4478
1064,93809,93784,25,25,2,7,18,7,18,25,0,0,0,8516,8235,4592,4485
1065,93986,93973,13,13,2,6,7,6,7,13,0,0,0,8529,8248,4598,4491
1066,94163,94152,11,11,2,5,6,5,6,11,0,0,0,8540,8259,4603,4496
1067,94340,94331,9,9,2,6,3,6,3,9,0,0,0,8549,8268,4609,4502
1068,94518,94506,12,12,2,3,9,3,9,12,0,0,0,8561,8280,4612,4505
1069,94695,94682,13,13,2,13,0,13,0,13,0,0,0,8574,8293,4625,4518
1070,94873,94860,13,13,2,5,8,5,8,13,0,0,0,8587,8306,4630,4523
1071,95051,95039,13,11,3,8,5,6,5,10,1,0,0,8600,8317,4638,4529
1072,95229,95214,15,15,2,6,9,6,9,15,0,0,0,8615,8332,4644,4535
1073,95407,95396,11,11,2,10,1,10,1,11,0,0,0,8626,8343,4654,4545
1074,95586,95571,15,15,2,6,9,6,9,15,0,0,0,8641,8358,4660,4551
1075,95764,95752,12,12,2,10,2,10,2,12,0,0,0,8653,8370,4670,4561
1076,95943,95929,14,14,2,5,9,5,9,14,0,0,0,8667,8384,4675,4566
1077,96122,96111,11,11,2,6,5,6,5,11,0,0,0,8678,8395,4681,4572
1078,96301,96282,20,18,3,9,11,9,9,17,1,0,0,8698,8413,4690,4581
1079,96480,96472,8,8,2,7,1,7,1,8,0,0,0,8706,8421,4697,4588
1080,96660,96633,27,27,2,2,25,2,25,27,0,0,0,8733,8448,4699,4590
1081,96839,96829,11,9,3,11,0,9,0,8,1,0,0,8744,8457,4710,4599
1082,97019,97004,15,15,2,7,8,7,8,15,0,0,0,8759,8472,4717,4606
1083,97199,97180,19,19,2,13,6,13,6,19,0,0,0,8778,8491,4730,4619
1084,97379,97359,20,20,2,8,12,8,12,20,0,0,0,8798,8511,4738,4627
1085,97559,97535,24,24,2,17,7,17,7,24,0,0,0,8822,8535,4755,4644
1086,97740,97717,23,23,2,6,17,6,17,23,0,0,0,8845,8558,4761,4650
1087,97920,97908,12,12,2,12,0,12,0,12,0,0,0,8857,8570,4773,4662
1088,98101,98086,17,13,3,3,14,3,10,11,2,0,0,8874,8583,4776,4665
1089,98282,98273,9,9,2,4,5,4,5,9,0,0,0,8883,8592,4780,4669
1090,98463,98446,17,17,2,4,13,4,13,17,0,0,0,8900,8609,4784,4673
1091,98644,98633,11,11,2,11,0,11,0,11,0,0,0,8911,8620,4795,4684
1092,98826,98791,35,35,2,5,30,5,30,35,0,0,0,8946,8655,4800,4689
1093,99007,99001,6,6,2,6,0,6,0,6,0,0,0,8952,8661,4806,4695
1094,99189,99174,15,15,2,3,12,3,12,15,0,0,0,8967,8676,4809,4698
1095,99371,99356,15,15,2,6,9,6,9,15,0,0,0,8982,8691,4815,4704
1096,99553,99539,14,14,2,7,7,7,7,14,0,0,0,8996,8705,4822,4711
1097,99735,99733,2,2,2,2,0,2,0,2,0,0,0,8998,8707,4824,4713
1098,99918,99895,23,23,2,6,17,6,17,23,0,0,0,9021,8730,4830,4719
1099,100100,100087,13,13,2,8,5,8,5,13,0,0,0,9034,8743,4838,4727
1100,100283,100268,16,14,3,6,10,6,8,13,1,0,0,9050,8757,4844,4733
1101,100466,100451,15,15,2,9,6,9,6,15,0,0,0,9065,8772,4853,4742
1102,100649,100633,18,14,3,6,12,5,9,12,2,0,0,9083,8786,4859,4747
1103,100832,100828,4,4,2,4,0,4,0,4,0,0,0,9087,8790,4863,4751
1104,101016,100995,22,20,3,2,20,2,18,19,1,0,0,9109,8810,4865,4753
1105,101199,101181,19,17,3,16,3,14,3,16,1,0,0,9128,8827,4881,4767
1106,101383,101363,20,20,2,8,12,8,12,20,0,0,0,9148,8847,4889,4775
1107,101567,101560,7,7,2,2,5,2,5,7,0,0,0,9155,8854,4891,4777
1108,101751,101740,11,11,2,6,5,6,5,11,0,0,0,9166,8865,4897,4783
1109,101935,101929,6,6,2,6,0,6,0,6,0,0,0,9172,8871,4903,4789
1110,102120,102096,24,24,2,4,20,4,20,24,0,0,0,9196,8895,4907,4793
1111,102304,102296,8,8,2,7,1,7,1,8,0,0,0,9204,8903,4914,4800
1112,102489,102469,20,20,2,4,16,4,16,20,0,0,0,9224,8923,4918,4804
1113,102674,102663,11,11,2,7,4,7,4,11,0,0,0,9235,8934,4925,4811
1114,102859,102851,8,8,2,8,0,8,0,8,0,0,0,9243,8942,4933,4819
1115,103044,103038,6,6,2,6,0,6,0,6,0,0,0,9249,8948,4939,4825
1116,103230,103205,25,25,2,9,16,9,16,25,0,0,0,9274,8973,4948,4834
1117,103415,103406,9,9,2,9,0,9,0,9,0,0,0,9283,8982,4957,4843
1118,103601,103578,23,23,2,12,11,12,11,23,0,0,0,9306,9005,4969,4855
1119,103787,103770,18,16,3,11,7,11,5,15,1,0,0,9324,9021,4980,4866
1120,103973,103957,16,16,2,3,13,3,13,16,0,0,0,9340,9037,4983,4869
1121,104159,104148,12,10,3,12,0,10,0,9,1,0,0,9352,9047,4995,4879
1122,104346,104316,31,29,3,9,22,9,20,28,1,0,0,9383,9076,5004,4888
1123,104532,104521,11,11,2,11,0,11,0,11,0,0,0,9394,9087,5015,4899
1124,104719,104709,10,10,2,4,6,4,6,10,0,0,0,9404,9097,5019,4903
1125,104906,104895,11,11,2,4,7,4,7,11,0,0,0,9415,9108,5023,4907
1126,105093,105081,12,12,2,6,6,6,6,12,0,0,0,9427,9120,5029,4913
1127,105280,105268,12,12,2,10,2,10,2,12,0,0,0,9439,9132,5039,4923
1128,105468,105440,30,26,3,10,20,10,16,24,2,0,0,9469,9158,5049,4933
1129,105655,105642,13,13,2,13,0,13,0,13,0,0,0,9482,9171,5062,4946
1130,105843,105837,6,6,2,4,2,4,2,6,0,0,0,9488,9177,5066,4950
1131,106031,106011,20,20,2,10,10,10,10,20,0,0,0,9508,9197,5076,4960
1132,106219,106208,11,11,2,5,6,5,6,11,0,0,0,9519,9208,5081,4965
1133,106407,106395,12,12,2,11,1,11,1,12,0,0,0,9531,9220,5092,4976
1134,106596,106575,22,20,3,4,18,4,16,19,1,0,0,9553,9240,5096,4980
1135,106784,106782,2,2,2,1,1,1,1,2,0,0,0,9555,9242,5097,4981
1136,106973,106962,11,11,2,5,6,5,6,11,0,0,0,9566,9253,5102,4986
1137,107162,107145,17,17,2,8,9,8,9,17,0,0,0,9583,9270,5110,4994
1138,107351,107343,8,8,2,5,3,5,3,8,0,0,0,9591,9278,5115,4999
1139,107540,107532,8,8,2,8,0,8,0,8,0,0,0,9599,9286,5123,5007
1140,107730,107699,32,30,3,1,31,1,29,29,1,0,0,9631,9316,5124,5008
1141,107919,107909,10,10,2,9,1,9,1,10,0,0,0,9641,9326,5133,5017
1142,108109,108101,8,8,2,4,4,4,4,8,0,0,0,9649,9334,5137,5021
1143,108299,108282,17,17,2,9,8,9,8,17,0,0,0,9666,9351,5146,5030
1144,108489,108461,29,27,3,11,18,11,16,26,1,0,0,9695,9378,5157,5041
1145,108679,108669,10,10,2,7,3,7,3,10,0,0,0,9705,9388,5164,5048
1146,108870,108853,18,16,3,6,12,6,10,15,1,0,0,9723,9404,5170,5054
1147,109060,109048,13,11,3,11,2,9,2,10,1,0,0,9736,9415,5181,5063
1148,109251,109239,12,12,2,6,6,6,6,12,0,0,0,9748,9427,5187,5069
1149,109442,109427,17,13,3,8,9,6,7,11,2,0,0,9765,9440,5195,5075
1150,109633,109615,19,17,3,7,12,7,10,16,1,0,0,9784,9457,5202,5082
1151,109824,109814,10,10,2,10,0,10,0,10,0,0,0,9794,9467,5212,5092
1152,110016,110005,11,11,2,2,9,2,9,11,0,0,0,9805,9478,5214,5094
1153,110207,110199,8,8,2,8,0,8,0,8,0,0,0,9813,9486,5222,5102
1154,110399,110389,10,10,2,6,4,6,4,10,0,0,0,9823,9496,5228,5108
1155,110591,110572,19,19,2,8,11,8,11,19,0,0,0,9842,9515,5236,5116
1156,110783,110769,14,14,2,4,10,4,10,14,0,0,0,9856,9529,5240,5120
1157,110975,110968,7,7,2,5,2,5,2,7,0,0,0,9863,9536,5245,5125
1158,111168,111147,21,21,2,4,17,4,17,21,0,0,0,9884,9557,5249,5129
1159,111360,111341,19,19,2,17,2,17,2,19,0,0,0,9903,9576,5266,5146
1160,111553,111538,15,15,2,6,9,6,9,15,0,0,0,9918,9591,5272,5152
1161,111746,111735,11,11,2,3,8,3,8,11,0,0,0,9929,9602,5275,5155
1162,111939,111922,17,17,2,11,6,11,6,17,0,0,0,9946,9619,5286,5166
1163,112132,112121,11,11,2,11,0,11,0,11,0,0,0,9957,9630,5297,5177
1164,112326,112296,30,30,2,8,22,8,22,30,0,0,0,9987,9660,5305,5185
1165,112519,112512,7,7,2,5,2,5,2,7,0,0,0,9994,9667,5310,5190
1166,112713,112703,10,10,2,4,6,4,6,10,0,0,0,10004,9677,5314,5194
1167,112907,112895,12,12,2,7,5,7,5,12,0,0,0,10016,9689,5321,5201
1168,113101,113088,14,12,3,6,8,5,7,11,1,0,0,10030,9701,5327,5206
1169,113295,113290,5,5,2,4,1,4,1,5,0,0,0,10035,9706,5331,5210
1170,113490,113456,34,34,2,5,29,5,29,34,0,0,0,10069,9740,5336,5215
1171,113684,113673,11,11,2,11,0,11,0,11,0,0,0,10080,9751,5347,5226
1172,113879,113870,9,9,2,5,4,5,4,9,0,0,0,10089,9760,5352,5231
1173,114074,114065,9,9,2,3,6,3,6,9,0,0,0,10098,9769,5355,5234
1174,114269,114258,11,11,2,4,7,4,7,11,0,0,0,10109,9780,5359,5238
1175,114464,114458,6,6,2,6,0,6,0,6,0,0,0,10115,9786,5365,5244
1176,114660,114627,34,32,3,6,28,6,26,31,1,0,0,10149,9818,5371,5250
1177,114855,114839,16,16,2,13,3,13,3,16,0,0,0,10165,9834,5384,5263
1178,115051,115032,19,19,2,9,10,9,10,19,0,0,0,10184,9853,5393,5272
1179,115247,115229,18,18,2,9,9,9,9,18,0,0,0,10202,9871,5402,5281
1180,115443,115431,12,12,2,5,7,5,7,12,0,0,0,10214,9883,5407,5286
1181,115639,115635,4,4,2,4,0,4,0,4,0,0,0,10218,9887,5411,5290
1182,115836,115819,17,17,2,7,10,7,10,17,0,0,0,10235,9904,5418,5297
1183,116032,116014,19,17,3,15,4,14,3,16,1,0,0,10254,9921,5433,5311
1184,116229,116212,18,16,3,6,12,5,11,15,1,0,0,10272,9937,5439,5316
1185,116426,116407,19,19,2,9,10,9,10,19,0,0,0,10291,9956,5448,5325
1186,116623,116619,4,4,2,2,2,2,2,4,0,0,0,10295,9960,5450,5327
1187,116820,116816,4,4,2,4,0,4,0,4,0,0,0,10299,9964,5454,5331
1188,117018,116997,21,21,2,3,18,3,18,21,0,0,0,10320,9985,5457,5334
1189,117215,117202,13,13,2,13,0,13,0,13,0,0,0,10333,9998,5470,5347
1190,117413,117393,20,20,2,7,13,7,13,20,0,0,0,10353,10018,5477,5354
1191,117611,117594,17,17,2,11,6,11,6,17,0,0,0,10370,10035,5488,5365
1192,117809,117796,13,13,2,5,8,5,8,13,0,0,0,10383,10048,5493,5370
1193,118007,117995,12,12,2,12,0,12,0,12,0,0,0,10395,10060,5505,5382
1194,118206,118188,18,18,2,8,10,8,10,18,0,0,0,10413,10078,5513,5390
1195,118404,118392,12,12,2,10,2,10,2,12,0,0,0,10425,10090,5523,5400
1196,118603,118584,20,18,3,7,13,7,11,17,1,0,0,10445,10108,5530,5407
1197,118802,118771,31,31,2,17,14,17,14,31,0,0,0,10476,10139,5547,5424
1198,119001,118993,8,8,2,2,6,2,6,8,0,0,0,10484,10147,5549,5426
1199,119200,119193,7,7,2,5,2,5,2,7,0,0,0,10491,10154,5554,5431
1200,119400,119376,24,24,2,7,17,7,17,24,0,0,0,10515,10178,5561,5438
1201,119599,119590,9,9,2,9,0,9,0,9,0,0,0,10524,10187,5570,5447
1202,119799,119782,17,17,2,7,10,7,10,17,0,0,0,10541,10204,5577,5454
1203,119999,119987,12,12,2,8,4,8,4,12,0,0,0,10553,10216,5585,5462
1204,120199,120170,29,29,2,10,19,10,19,29,0,0,0,10582,10245,5595,5472
1205,120399,120386,13,13,2,8,5,8,5,13,0,0,0,10595,10258,5603,5480
1206,120600,120575,25,25,2,10,15,10,15,25,0,0,0,10620,10283,5613,5490
1207,120800,120796,4,4,2,3,1,3,1,4,0,0,0,10624,10287,5616,5493
1208,121001,120982,19,19,2,8,11,8,11,19,0,0,0,10643,10306,5624,5501
1209,121202,121179,24,22,3,13,11,12,10,21,1,0,0,10667,10328,5637,5513
1210,121403,121389,14,14,2,3,11,3,11,14,0,0,0,10681,10342,5640,5516
1211,121604,121599,5,5,2,5,0,5,0,5,0,0,0,10686,10347,5645,5521
1212,121806,121796,10,10,2,3,7,3,7,10,0,0,0,10696,10357,5648,5524
1213,122007,122001,6,6,2,6,0,6,0,6,0,0,0,10702,10363,5654,5530
1214,122209,122196,13,13,2,7,6,7,6,13,0,0,0,10715,10376,5661,5537
1215,122411,122395,16,16,2,9,7,9,7,16,0,0,0,10731,10392,5670,5546
1216,122613,122599,14,14,2,4,10,4,10,14,0,0,0,10745,10406,5674,5550
1217,122815,122812,3,3,2,3,0,3,0,3,0,0,0,10748,10409,5677,5553
1218,123018,123002,16,16,2,4,12,4,12,16,0,0,0,10764,10425,5681,5557
1219,123220,123203,17,17,2,15,2,15,2,17,0,0,0,10781,10442,5696,5572
1220,123423,123406,17,17,2,7,10,7,10,17,0,0,0,10798,10459,5703,5579
1221,123626,123609,17,17,2,14,3,14,3,17,0,0,0,10815,10476,5717,5593
1222,123829,123811,19,17,3,8,11,7,10,16,1,0,0,10834,10493,5725,5600
1223,124032,124026,6,6,2,6,0,6,0,6,0,0,0,10840,10499,5731,5606
1224,124236,124207,33,26,4,10,23,9,17,24,1,1,0,10873,10525,5741,5615
1225,124439,124417,26,19,4,16,10,12,7,17,1,1,0,10899,10544,5757,5627
1226,124643,124632,11,11,2,8,3,8,3,11,0,0,0,10910,10555,5765,5635
1227,124847,124830,17,17,2,8,9,8,9,17,0,0,0,10927,10572,5773,5643
1228,125051,125037,14,14,2,7,7,7,7,14,0,0,0,10941,10586,5780,5650
1229,125255,125249,6,6,2,6,0,6,0,6,0,0,0,10947,10592,5786,5656
1230,125460,125445,16,14,3,5,11,4,10,13,1,0,0,10963,10606,5791,5660
1231,125664,125660,4,4,2,4,0,4,0,4,0,0,0,10967,10610,5795,5664
1232,125869,125842,30,24,3,5,25,5,19,21,3,0,0,10997,10634,5800,5669
1233,126074,126065,9,9,2,6,3,6,3,9,0,0,0,11006,10643,5806,5675
1234,126279,126266,13,13,2,4,9,4,9,13,0,0,0,11019,10656,5810,5679
1235,126484,126465,19,19,2,15,4,15,4,19,0,0,0,11038,10675,5825,5694
1236,126690,126666,24,24,2,8,16,8,16,24,0,0,0,11062,10699,5833,5702
1237,126895,126882,13,13,2,13,0,13,0,13,0,0,0,11075,10712,5846,5715
1238,127101,127093,8,8,2,5,3,5,3,8,0,0,0,11083,10720,5851,5720
1239,127307,127296,11,11,2,5,6,5,6,11,0,0,0,11094,10731,5856,5725
1240,127513,127486,27,27,2,7,20,7,20,27,0,0,0,11121,10758,5863,5732
1241,127719,127706,13,13,2,11,2,11,2,13,0,0,0,11134,10771,5874,5743
1242,127926,127914,15,10,4,3,12,3,7,9,0,1,0,11149,10781,5877,5746
1243,128132,128120,12,12,2,11,1,11,1,12,0,0,0,11161,10793,5888,5757
1244,128339,128322,17,17,2,6,11,6,11,17,0,0,0,11178,10810,5894,5763
1245,128546,128528,18,18,2,9,9,9,9,18,0,0,0,11196,10828,5903,5772
1246,128753,128742,11,11,2,7,4,7,4,11,0,0,0,11207,10839,5910,5779
1247,128960,128951,9,9,2,8,1,8,1,9,0,0,0,11216,10848,5918,5787
1248,129168,129135,33,33,2,9,24,9,24,33,0,0,0,11249,10881,5927,5796
1249,129375,129360,15,15,2,15,0,15,0,15,0,0,0,11264,10896,5942,5811
1250,129583,129576,7,7,2,4,3,4,3,7,0,0,0,11271,10903,5946,5815
1251,129791,129776,16,14,3,4,12,4,10,13,1,0,0,11287,10917,5950,5819
1252,129999,129988,11,11,2,5,6,5,6,11,0,0,0,11298,10928,5955,5824
1253,130207,130195,12,12,2,11,1,11,1,12,0,0,0,11310,10940,5966,5835
1254,130416,130386,34,27,4,10,24,10,17,25,1,1,0,11344,10967,5976,5845
1255,130624,130617,7,7,2,7,0,7,0,7,0,0,0,11351,10974,5983,5852
1256,130833,130816,17,17,2,4,13,4,13,17,0,0,0,11368,10991,5987,5856
1257,131042,131035,8,6,3,4,4,2,4,5,1,0,0,11376,10997,5991,5858
1258,131251,131229,22,22,2,12,10,12,10,22,0,0,0,11398,11019,6003,5870
1259,131460,131454,6,6,2,6,0,6,0,6,0,0,0,11404,11025,6009,5876
1260,131670,131633,38,36,3,5,33,5,31,35,1,0,0,11442,11061,6014,5881
1261,131879,131866,13,13,2,10,3,10,3,13,0,0,0,11455,11074,6024,5891
1262,132089,132079,10,10,2,7,3,7,3,10,0,0,0,11465,11084,6031,5898
1263,132299,132284,15,15,2,9,6,9,6,15,0,0,0,11480,11099,6040,5907
1264,132509,132492,18,16,3,6,12,5,11,15,1,0,0,11498,11115,6046,5912
1265,132719,132707,12,12,2,8,4,8,4,12,0,0,0,11510,11127,6054,5920
1266,132930,132913,17,17,2,5,12,5,12,17,0,0,0,11527,11144,6059,5925
1267,133140,133125,15,15,2,13,2,13,2,15,0,0,0,11542,11159,6072,5938
1268,133351,133340,11,11,2,5,6,5,6,11,0,0,0,11553,11170,6077,5943
1269,133562,133556,6,6,2,3,3,3,3,6,0,0,0,11559,11176,6080,5946
1270,133773,133752,22,20,3,8,14,8,12,19,1,0,0,11581,11196,6088,5954
1271,133984,133976,9,7,3,8,1,6,1,6,1,0,0,11590,11203,6096,5960
1272,134196,134174,22,22,2,5,17,5,17,22,0,0,0,11612,11225,6101,5965
1273,134407,134396,11,11,2,11,0,11,0,11,0,0,0,11623,11236,6112,5976
1274,134619,134583,36,36,2,12,24,12,24,36,0,0,0,11659,11272,6124,5988
1275,134831,134812,19,19,2,6,13,6,13,19,0,0,0,11678,11291,6130,5994
1276,135043,135028,18,13,4,10,8,6,7,12,0,1,0,11696,11304,6140,6000
1277,135255,135248,7,7,2,7,0,7,0,7,0,0,0,11703,11311,6147,6007
1278,135468,135446,22,22,2,10,12,10,12,22,0,0,0,11725,11333,6157,6017
1279,135680,135673,7,7,2,7,0,7,0,7,0,0,0,11732,11340,6164,6024
1280,135893,135879,14,14,2,2,12,2,12,14,0,0,0,11746,11354,6166,6026
1281,136106,136083,23,23,2,12,11,12,11,23,0,0,0,11769,11377,6178,6038
1282,136319,136307,13,11,3,8,5,7,4,10,1,0,0,11782,11388,6186,6045
1283,136532,136521,11,11,2,11,0,11,0,11,0,0,0,11793,11399,6197,6056
1284,136746,136730,16,16,2,8,8,8,8,16,0,0,0,11809,11415,6205,6064
1285,136959,136948,11,11,2,4,7,4,7,11,0,0,0,11820,11426,6209,6068
1286,137173,137159,14,14,2,5,9,5,9,14,0,0,0,11834,11440,6214,6073
1287,137387,137361,27,25,3,11,16,11,14,24,1,0,0,11861,11465,6225,6084
1288,137601,137574,27,27,2,7,20,7,20,27,0,0,0,11888,11492,6232,6091
1289,137815,137808,7,7,2,7,0,7,0,7,0,0,0,11895,11499,6239,6098
1290,138030,138008,22,22,2,7,15,7,15,22,0,0,0,11917,11521,6246,6105
1291,138244,138233,11,11,2,11,0,11,0,11,0,0,0,11928,11532,6257,6116
1292,138459,138434,26,24,3,8,18,7,17,23,1,0,0,11954,11556,6265,6123
1293,138674,138662,12,12,2,8,4,8,4,12,0,0,0,11966,11568,6273,6131
1294,138889,138880,9,9,2,3,6,3,6,9,0,0,0,11975,11577,6276,6134
1295,139104,139083,21,21,2,13,8,13,8,21,0,0,0,11996,11598,6289,6147
1296,139320,139303,17,17,2,5,12,5,12,17,0,0,0,12013,11615,6294,6152
1297,139535,139525,10,10,2,10,0,10,0,10,0,0,0,12023,11625,6304,6162
1298,139751,139738,14,12,3,7,7,7,5,11,1,0,0,12037,11637,6311,6169
1299,139967,139944,23,23,2,14,9,14,9,23,0,0,0,12060,11660,6325,6183
1300,140183,140161,23,21,3,6,17,6,15,20,1,0,0,12083,11681,6331,6189
1301,140399,140394,5,5,2,5,0,5,0,5,0,0,0,12088,11686,6336,6194
1302,140616,140584,32,32,2,9,23,9,23,32,0,0,0,12120,11718,6345,6203
1303,140832,140824,8,8,2,8,0,8,0,8,0,0,0,12128,11726,6353,6211
1304,141049,141033,16,16,2,6,10,6,10,16,0,0,0,12144,11742,6359,6217
1305,141266,141249,17,17,2,9,8,9,8,17,0,0,0,12161,11759,6368,6226
1306,141483,141470,13,13,2,7,6,7,6,13,0,0,0,12174,11772,6375,6233
1307,141700,141697,3,3,2,3,0,3,0,3,0,0,0,12177,11775,6378,6236
1308,141918,141891,27,27,2,8,19,8,19,27,0,0,0,12204,11802,6386,6244
1309,142135,142123,13,11,3,7,6,7,4,10,1,0,0,12217,11813,6393,6251
1310,142353,142342,11,11,2,4,7,4,7,11,0,0,0,12228,11824,6397,6255
1311,142571,142553,19,17,3,11,8,11,6,16,1,0,0,12247,11841,6408,6266
1312,142789,142777,13,11,3,2,11,2,9,10,1,0,0,12260,11852,6410,6268
1313,143007,142996,11,11,2,10,1,10,1,11,0,0,0,12271,11863,6420,6278
1314,143226,143203,23,23,2,6,17,6,17,23,0,0,0,12294,11886,6426,6284
1315,143444,143431,13,13,2,6,7,6,7,13,0,0,0,12307,11899,6432,6290
1316,143663,143645,18,18,2,8,10,8,10,18,0,0,0,12325,11917,6440,6298
1317,143882,143871,11,11,2,6,5,6,5,11,0,0,0,12336,11928,6446,6304
1318,144101,144087,14,14,2,9,5,9,5,14,0,0,0,12350,11942,6455,6313
1319,144320,144313,7,7,2,7,0,7,0,7,0,0,0,12357,11949,6462,6320
1320,144540,144512,28,28,2,3,25,3,25,28,0,0,0,12385,11977,6465,6323
1321,144759,144752,7,7,2,7,0,7,0,7,0,0,0,12392,11984,6472,6330
1322,144979,144959,21,19,3,10,11,10,9,18,1,0,0,12413,12003,6482,6340
1323,145199,145171,28,28,2,11,17,11,17,28,0,0,0,12441,12031,6493,6351
1324,145419,145408,11,11,2,4,7,4,7,11,0,0,0,12452,12042,6497,6355
1325,145639,145629,11,9,3,6,5,5,4,8,1,0,0,12463,12051,6503,6360
1326,145860,145835,29,22,4,10,19,9,13,20,1,1,0,12492,12073,6513,6369
1327,146080,146073,7,7,2,7,0,7,0,7,0,0,0,12499,12080,6520,6376
1328,146301,146286,15,15,2,6,9,6,9,15,0,0,0,12514,12095,6526,6382
1329,146522,146508,14,14,2,7,7,7,7,14,0,0,0,12528,12109,6533,6389
1330,146743,146712,32,30,3,8,24,8,22,29,1,0,0,12560,12139,6541,6397
1331,146964,146954,10,10,2,9,1,9,1,10,0,0,0,12570,12149,6550,6406
1332,147186,147162,24,24,2,7,17,7,17,24,0,0,0,12594,12173,6557,6413
1333,147407,147398,9,9,2,7,2,7,2,9,0,0,0,12603,12182,6564,6420
1334,147629,147616,14,12,3,10,4,8,4,11,1,0,0,12617,12194,6574,6428
1335,147851,147842,9,9,2,5,4,5,4,9,0,0,0,12626,12203,6579,6433
1336,148073,148052,21,21,2,9,12,9,12,21,0,0,0,12647,12224,6588,6442
1337,148295,148284,11,11,2,7,4,7,4,11,0,0,0,12658,12235,6595,6449
1338,148518,148497,22,20,3,9,13,7,13,19,1,0,0,12680,12255,6604,6456
1339,148740,148731,9,9,2,8,1,8,1,9,0,0,0,12689,12264,6612,6464
1340,148963,148941,22,22,2,6,16,6,16,22,0,0,0,12711,12286,6618,6470
1341,149186,149176,10,10,2,4,6,4,6,10,0,0,0,12721,12296,6622,6474
1342,149409,149394,16,14,3,7,9,7,7,13,1,0,0,12737,12310,6629,6481
1343,149632,149618,15,13,3,14,1,12,1,12,1,0,0,12752,12323,6643,6493
1344,149856,149841,16,14,3,5,11,4,10,13,1,0,0,12768,12337,6648,6497
1345,150079,150072,7,7,2,2,5,2,5,7,0,0,0,12775,12344,6650,6499
1346,150303,150293,10,10,2,5,5,5,5,10,0,0,0,12785,12354,6655,6504
1347,150527,150522,5,5,2,4,1,4,1,5,0,0,0,12790,12359,6659,6508
1348,150751,150743,8,8,2,3,5,3,5,8,0,0,0,12798,12367,6662,6511
1349,150975,150964,11,11,2,10,1,10,1,11,0,0,0,12809,12378,6672,6521
1350,151200,151178,23,21,3,4,19,4,17,20,1,0,0,12832,12399,6676,6525
1351,151424,151408,16,16,2,13,3,13,3,16,0,0,0,12848,12415,6689,6538
1352,151649,151622,28,26,3,13,15,12,14,25,1,0,0,12876,12441,6702,6550
1353,151874,151858,16,16,2,12,4,12,4,16,0,0,0,12892,12457,6714,6562
1354,152099,152086,14,12,3,7,7,6,6,11,1,0,0,12906,12469,6721,6568
1355,152324,152310,14,14,2,8,6,8,6,14,0,0,0,12920,12483,6729,6576
1356,152550,152536,14,14,2,5,9,5,9,14,0,0,0,12934,12497,6734,6581
1357,152775,152766,9,9,2,9,0,9,0,9,0,0,0,12943,12506,6743,6590
1358,153001,152972,29,29,2,16,13,16,13,29,0,0,0,12972,12535,6759,6606
1359,153227,153220,7,7,2,4,3,4,3,7,0,0,0,12979,12542,6763,6610
1360,153453,153428,27,23,3,7,20,7,16,21,2,0,0,13006,12565,6770,6617
1361,153679,153674,5,5,2,5,0,5,0,5,0,0,0,13011,12570,6775,6622
1362,153906,153888,18,18,2,7,11,7,11,18,0,0,0,13029,12588,6782,6629
1363,154132,154123,10,8,3,10,0,8,0,7,1,0,0,13039,12596,6792,6637
1364,154359,154334,26,24,3,9,17,9,15,23,1,0,0,13065,12620,6801,6646
1365,154586,154556,30,30,2,12,18,12,18,30,0,0,0,13095,12650,6813,6658
1366,154813,154799,14,14,2,7,7,7,7,14,0,0,0,13109,12664,6820,6665
1367,155040,155037,3,3,2,3,0,3,0,3,0,0,0,13112,12667,6823,6668
1368,155268,155230,39,37,3,9,30,9,28,36,1,0,0,13151,12704,6832,6677
1369,155495,155482,13,13,2,12,1,12,1,13,0,0,0,13164,12717,6844,6689
1370,155723,155709,14,14,2,4,10,4,10,14,0,0,0,13178,12731,6848,6693
1371,155951,155936,15,15,2,10,5,10,5,15,0,0,0,13193,12746,6858,6703
1372,156179,156152,28,26,3,9,19,8,18,25,1,0,0,13221,12772,6867,6711
1373,156407,156396,11,11,2,11,0,11,0,11,0,0,0,13232,12783,6878,6722
1374,156636,156614,22,22,2,8,14,8,14,22,0,0,0,13254,12805,6886,6730
1375,156864,156859,5,5,2,4,1,4,1,5,0,0,0,13259,12810,6890,6734
1376,157093,157078,15,15,2,4,11,4,11,15,0,0,0,13274,12825,6894,6738
1377,157322,157304,18,18,2,12,6,12,6,18,0,0,0,13292,12843,6906,6750
1378,157551,157535,16,16,2,6,10,6,10,16,0,0,0,13308,12859,6912,6756
1379,157780,157770,10,10,2,8,2,8,2,10,0,0,0,13318,12869,6920,6764
1380,158010,157976,35,33,3,9,26,9,24,32,1,0,0,13353,12902,6929,6773
1381,158239,158229,10,10,2,10,0,10,0,10,0,0,0,13363,12912,6939,6783
1382,158469,158458,11,11,2,5,6,5,6,11,0,0,0,13374,12923,6944,6788
1383,158699,158689,10,10,2,9,1,9,1,10,0,0,0,13384,12933,6953,6797
1384,158929,158918,11,11,2,1,10,1,10,11,0,0,0,13395,12944,6954,6798
1385,159159,159148,11,11,2,9,2,9,2,11,0,0,0,13406,12955,6963,6807
1386,159390,159363,27,27,2,10,17,10,17,27,0,0,0,13433,12982,6973,6817
1387,159620,159602,18,18,2,16,2,16,2,18,0,0,0,13451,13000,6989,6833
1388,159851,159837,14,14,2,6,8,6,8,14,0,0,0,13465,13014,6995,6839
1389,160082,160073,9,9,2,4,5,4,5,9,0,0,0,13474,13023,6999,6843
1390,160313,160282,31,31,2,9,22,9,22,31,0,0,0,13505,13054,7008,6852
1391,160544,160531,13,13,2,10,3,10,3,13,0,0,0,13518,13067,7018,6862
1392,160776,160755,21,21,2,5,16,5,16,21,0,0,0,13539,13088,7023,6867
1393,161007,160997,10,10,2,10,0,10,0,10,0,0,0,13549,13098,7033,6877
1394,161239,161213,28,24,3,17,11,15,9,22,2,0,0,13577,13122,7050,6892
1395,161471,161450,22,20,3,9,13,9,11,19,1,0,0,13599,13142,7059,6901
1396,161703,161683,20,20,2,8,12,8,12,20,0,0,0,13619,13162,7067,6909
1397,161935,161925,10,10,2,9,1,9,1,10,0,0,0,13629,13172,7076,6918
1398,162168,162155,13,13,2,3,10,3,10,13,0,0,0,13642,13185,7079,6921
1399,162400,162394,6,6,2,6,0,6,0,6,0,0,0,13648,13191,7085,6927
1400,162633,162613,20,20,2,3,17,3,17,20,0,0,0,13668,13211,7088,6930
1401,162866,162856,10,10,2,7,3,7,3,10,0,0,0,13678,13221,7095,6937
1402,163099,163092,7,7,2,5,2,5,2,7,0,0,0,13685,13228,7100,6942
1403,163332,163320,13,11,3,11,2,9,2,10,1,0,0,13698,13239,7111,6951
1404,163566,163531,35,35,2,11,24,11,24,35,0,0,0,13733,13274,7122,6962
1405,163799,163792,7,7,2,4,3,4,3,7,0,0,0,13740,13281,7126,6966
1406,164033,164006,27,27,2,8,19,8,19,27,0,0,0,13767,13308,7134,6974
1407,164267,164245,22,22,2,9,13,9,13,22,0,0,0,13789,13330,7143,6983
1408,164501,164479,24,20,3,4,20,3,17,18,2,0,0,13813,13350,7147,6986
1409,164735,164728,7,7,2,7,0,7,0,7,0,0,0,13820,13357,7154,6993
1410,164970,164948,23,21,3,4,19,4,17,20,1,0,0,13843,13378,7158,6997
1411,165204,165190,14,14,2,13,1,13,1,14,0,0,0,13857,13392,7171,7010
1412,165439,165427,12,12,2,5,7,5,7,12,0,0,0,13869,13404,7176,7015
1413,165674,165656,18,18,2,7,11,7,11,18,0,0,0,13887,13422,7183,7022
1414,165909,165900,10,8,3,5,5,4,4,7,1,0,0,13897,13430,7188,7026
1415,166144,166133,11,11,2,9,2,9,2,11,0,0,0,13908,13441,7197,7035
1416,166380,166358,22,22,2,5,17,5,17,22,0,0,0,13930,13463,7202,7040
1417,166615,166602,13,13,2,11,2,11,2,13,0,0,0,13943,13476,7213,7051
1418,166851,166834,17,17,2,9,8,9,8,17,0,0,0,13960,13493,7222,7060
1419,167087,167069,19,17,3,13,6,12,5,16,1,0,0,13979,13510,7235,7072
1420,167323,167305,18,18,2,7,11,7,11,18,0,0,0,13997,13528,7242,7079
1421,167559,167544,16,14,3,16,0,14,0,13,1,0,0,14013,13542,7258,7093
1422,167796,167773,23,23,2,7,16,7,16,23,0,0,0,14036,13565,7265,7100
1423,168032,168026,6,6,2,6,0,6,0,6,0,0,0,14042,13571,7271,7106
1424,168269,168255,14,14,2,5,9,5,9,14,0,0,0,14056,13585,7276,7111
1425,168506,168479,29,25,3,15,14,14,11,23,2,0,0,14085,13610,7291,7125
1426,168743,168724,21,17,3,11,10,10,7,15,2,0,0,14106,13627,7302,7135
1427,168980,168974,6,6,2,6,0,6,0,6,0,0,0,14112,13633,7308,7141
1428,169218,169182,36,36,2,9,27,9,27,36,0,0,0,14148,13669,7317,7150
1429,169455,169439,16,16,2,16,0,16,0,16,0,0,0,14164,13685,7333,7166
1430,169693,169665,30,26,3,6,24,6,20,24,2,0,0,14194,13711,7339,7172
1431,169931,169915,16,16,2,12,4,12,4,16,0,0,0,14210,13727,7351,7184
1432,170169,170154,15,15,2,7,8,7,8,15,0,0,0,14225,13742,7358,7191
1433,170407,170400,7,7,2,7,0,7,0,7,0,0,0,14232,13749,7365,7198
1434,170646,170635,11,11,2,6,5,6,5,11,0,0,0,14243,13760,7371,7204
1435,170884,170873,11,11,2,6,5,6,5,11,0,0,0,14254,13771,7377,7210
1436,171123,171107,16,16,2,8,8,8,8,16,0,0,0,14270,13787,7385,7218
1437,171362,171345,17,17,2,14,3,14,3,17,0,0,0,14287,13804,7399,7232
1438,171601,171589,12,12,2,7,5,7,5,12,0,0,0,14299,13816,7406,7239
1439,171840,171834,6,6,2,6,0,6,0,6,0,0,0,14305,13822,7412,7245
1440,172080,172056,24,24,2,2,22,2,22,24,0,0,0,14329,13846,7414,7247
1441,172319,172310,9,9,2,7,2,7,2,9,0,0,0,14338,13855,7421,7254
1442,172559,172538,21,21,2,7,14,7,14,21,0,0,0,14359,13876,7428,7261
1443,172799,172774,26,24,3,15,11,13,11,23,1,0,0,14385,13900,7443,7274
1444,173039,173019,20,20,2,9,11,9,11,20,0,0,0,14405,13920,7452,7283
1445,173279,173270,9,9,2,4,5,4,5,9,0,0,0,14414,13929,7456,7287
1446,173520,173495,25,25,2,9,16,9,16,25,0,0,0,14439,13954,7465,7296
1447,173760,173754,6,6,2,6,0,6,0,6,0,0,0,14445,13960,7471,7302
1448,174001,173980,21,21,2,4,17,4,17,21,0,0,0,14466,13981,7475,7306
1449,174242,174220,23,21,3,10,13,10,11,20,1,0,0,14489,14002,7485,7316
1450,174483,174464,21,17,3,6,15,6,11,15,2,0,0,14510,14019,7491,7322
1451,174724,174721,3,3,2,3,0,3,0,3,0,0,0,14513,14022,7494,7325
1452,174966,174943,23,23,2,2,21,2,21,23,0,0,0,14536,14045,7496,7327
1453,175207,175194,13,13,2,13,0,13,0,13,0,0,0,14549,14058,7509,7340
1454,175449,175436,13,13,2,6,7,6,7,13,0,0,0,14562,14071,7515,7346
1455,175691,175671,20,20,2,10,10,10,10,20,0,0,0,14582,14091,7525,7356
1456,175933,175898,36,34,3,8,28,8,26,33,1,0,0,14618,14125,7533,7364
1457,176175,176159,16,16,2,15,1,15,1,16,0,0,0,14634,14141,7548,7379
1458,176418,176408,10,10,2,3,7,3,7,10,0,0,0,14644,14151,7551,7382
1459,176660,176651,9,9,2,9,0,9,0,9,0,0,0,14653,14160,7560,7391
1460,176903,176869,34,34,2,9,25,9,25,34,0,0,0,14687,14194,7569,7400
1461,177146,177132,14,14,2,8,6,8,6,14,0,0,0,14701,14208,7577,7408
1462,177389,177370,20,18,3,8,12,8,10,17,1,0,0,14721,14226,7585,7416
1463,177632,177610,24,20,3,16,8,14,6,18,2,0,0,14745,14246,7601,7430
1464,177876,177850,27,25,3,6,21,5,20,24,1,0,0,14772,14271,7607,7435
1465,178119,178112,7,7,2,5,2,5,2,7,0,0,0,14779,14278,7612,7440
1466,178363,178350,13,13,2,9,4,9,4,13,0,0,0,14792,14291,7621,7449
1467,178607,178596,11,11,2,8,3,8,3,11,0,0,0,14803,14302,7629,7457
1468,178851,178828,23,23,2,14,9,14,9,23,0,0,0,14826,14325,7643,7471
1469,179095,179086,9,9,2,8,1,8,1,9,0,0,0,14835,14334,7651,7479
1470,179340,179301,40,38,3,6,34,6,32,37,1,0,0,14875,14372,7657,7485
1471,179584,179571,13,13,2,13,0,13,0,13,0,0,0,14888,14385,7670,7498
1472,179829,179811,19,17,3,2,17,2,15,16,1,0,0,14907,14402,7672,7500
1473,180074,180068,6,6,2,5,1,5,1,6,0,0,0,14913,14408,7677,7505
1474,180319,180305,14,14,2,7,7,7,7,14,0,0,0,14927,14422,7684,7512
1475,180564,180559,5,5,2,3,2,3,2,5,0,0,0,14932,14427,7687,7515
1476,180810,180795,15,15,2,3,12,3,12,15,0,0,0,14947,14442,7690,7518
1477,181055,181046,9,9,2,5,4,5,4,9,0,0,0,14956,14451,7695,7523
1478,181301,181289,12,12,2,5,7,5,7,12,0,0,0,14968,14463,7700,7528
1479,181547,181521,27,25,3,16,11,14,11,24,1,0,0,14995,14488,7716,7542
1480,181793,181767,27,25,3,9,18,9,16,24,1,0,0,15022,14513,7725,7551
1481,182039,182030,9,9,2,9,0,9,0,9,0,0,0,15031,14522,7734,7560
1482,182286,182244,43,41,3,14,29,14,27,40,1,0,0,15074,14563,7748,7574
1483,182532,182521,11,11,2,11,0,11,0,11,0,0,0,15085,14574,7759,7585
1484,182779,182758,22,20,3,10,12,10,10,19,1,0,0,15107,14594,7769,7595
1485,183026,183010,16,16,2,6,10,6,10,16,0,0,0,15123,14610,7775,7601
1486,183273,183264,9,9,2,7,2,7,2,9,0,0,0,15132,14619,7782,7608
1487,183520,183511,10,8,3,10,0,8,0,7,1,0,0,15142,14627,7792,7616
1488,183768,183743,26,24,3,7,19,6,18,23,1,0,0,15168,14651,7799,7622
1489,184015,184006,9,9,2,9,0,9,0,9,0,0,0,15177,14660,7808,7631
1490,184263,184256,7,7,2,1,6,1,6,7,0,0,0,15184,14667,7809,7632
1491,184511,184492,19,19,2,12,7,12,7,19,0,0,0,15203,14686,7821,7644
1492,184759,184742,18,16,3,8,10,8,8,15,1,0,0,15221,14702,7829,7652
1493,185007,184997,10,10,2,10,0,10,0,10,0,0,0,15231,14712,7839,7662
1494,185256,185242,14,14,2,4,10,4,10,14,0,0,0,15245,14726,7843,7666
1495,185504,185489,16,14,3,10,6,10,4,13,1,0,0,15261,14740,7853,7676
1496,185753,185721,34,30,3,9,25,9,21,28,2,0,0,15295,14770,7862,7685
1497,186002,185991,11,11,2,6,5,6,5,11,0,0,0,15306,14781,7868,7691
1498,186251,186240,11,11,2,3,8,3,8,11,0,0,0,15317,14792,7871,7694
1499,186500,186494,6,6,2,6,0,6,0,6,0,0,0,15323,14798,7877,7700
1500,186750,186731,19,19,2,4,15,4,15,19,0,0,0,15342,14817,7881,7704
1501,186999,186983,16,16,2,15,1,15,1,16,0,0,0,15358,14833,7896,7719
1502,187249,187232,17,17,2,7,10,7,10,17,0,0,0,15375,14850,7903,7726
1503,187499,187492,7,7,2,4,3,4,3,7,0,0,0,15382,14857,7907,7730
1504,187749,187732,17,17,2,5,12,5,12,17,0,0,0,15399,14874,7912,7735
1505,187999,187976,23,23,2,15,8,15,8,23,0,0,0,15422,14897,7927,7750
1506,188250,188233,17,17,2,9,8,9,8,17,0,0,0,15439,14914,7936,7759
1507,188500,188491,9,9,2,7,2,7,2,9,0,0,0,15448,14923,7943,7766
1508,188751,188725,28,24,3,11,17,9,15,22,2,0,0,15476,14947,7954,7775
1509,189002,188992,10,10,2,6,4,6,4,10,0,0,0,15486,14957,7960,7781
1510,189253,189242,11,11,2,5,6,5,6,11,0,0,0,15497,14968,7965,7786
1511,189504,189499,5,5,2,5,0,5,0,5,0,0,0,15502,14973,7970,7791
1512,189756,189723,35,31,3,9,26,7,24,29,2,0,0,15537,15004,7979,7798
1513,190007,189992,16,14,3,14,2,12,2,13,1,0,0,15553,15018,7993,7810
1514,190259,190244,15,15,2,6,9,6,9,15,0,0,0,15568,15033,7999,7816
1515,190511,190498,13,13,2,10,3,10,3,13,0,0,0,15581,15046,8009,7826
1516,190763,190739,24,24,2,6,18,6,18,24,0,0,0,15605,15070,8015,7832
1517,191015,191004,11,11,2,10,1,10,1,11,0,0,0,15616,15081,8025,7842
1518,191268,191241,28,26,3,7,21,7,19,25,1,0,0,15644,15107,8032,7849
1519,191520,191493,28,26,3,23,5,22,4,25,1,0,0,15672,15133,8055,7871
1520,191773,191737,39,33,3,7,32,7,26,30,3,0,0,15711,15166,8062,7878
1521,192026,191993,35,31,3,17,18,17,14,29,2,0,0,15746,15197,8079,7895
1522,192279,192270,9,9,2,3,6,3,6,9,0,0,0,15755,15206,8082,7898
1523,192532,192522,10,10,2,10,0,10,0,10,0,0,0,15765,15216,8092,7908
1524,192786,192761,25,25,2,6,19,6,19,25,0,0,0,15790,15241,8098,7914
1525,193039,193029,10,10,2,6,4,6,4,10,0,0,0,15800,15251,8104,7920
1526,193293,193270,23,23,2,10,13,10,13,23,0,0,0,15823,15274,8114,7930
1527,193547,193540,7,7,2,3,4,3,4,7,0,0,0,15830,15281,8117,7933
1528,193801,193786,15,15,2,5,10,5,10,15,0,0,0,15845,15296,8122,7938
1529,194055,194045,10,10,2,5,5,5,5,10,0,0,0,15855,15306,8127,7943
1530,194310,194283,27,27,2,7,20,7,20,27,0,0,0,15882,15333,8134,7950
1531,194564,194553,11,11,2,11,0,11,0,11,0,0,0,15893,15344,8145,7961
1532,194819,194804,16,14,3,2,14,2,12,13,1,0,0,15909,15358,8147,7963
1533,195074,195056,18,18,2,9,9,9,9,18,0,0,0,15927,15376,8156,7972
1534,195329,195312,19,15,3,10,9,8,7,13,2,0,0,15946,15391,8166,7980
1535,195584,195571,14,12,3,14,0,12,0,11,1,0,0,15960,15403,8180,7992
1536,195840,195831,9,9,2,0,9,0,9,9,0,0,0,15969,15412,8180,7992
1537,196095,196081,14,14,2,12,2,12,2,14,0,0,0,15983,15426,8192,8004
1538,196351,196339,12,12,2,6,6,6,6,12,0,0,0,15995,15438,8198,8010
1539,196607,196591,17,15,3,11,6,10,5,14,1,0,0,16012,15453,8209,8020
1540,196863,196833,31,29,3,5,26,5,24,28,1,0,0,16043,15482,8214,8025
1541,197119,197106,13,13,2,13,0,13,0,13,0,0,0,16056,15495,8227,8038
1542,197376,197361,15,15,2,3,12,3,12,15,0,0,0,16071,15510,8230,8041
1543,197632,197615,17,17,2,17,0,17,0,17,0,0,0,16088,15527,8247,8058
1544,197889,197863,26,26,2,10,16,10,16,26,0,0,0,16114,15553,8257,8068
1545,198146,198131,15,15,2,6,9,6,9,15,0,0,0,16129,15568,8263,8074
1546,198403,198391,12,12,2,7,5,7,5,12,0,0,0,16141,15580,8270,8081
1547,198660,198642,18,18,2,15,3,15,3,18,0,0,0,16159,15598,8285,8096
1548,198918,198889,29,29,2,6,23,6,23,29,0,0,0,16188,15627,8291,8102
1549,199175,199164,11,11,2,11,0,11,0,11,0,0,0,16199,15638,8302,8113
1550,199433,199414,20,18,3,6,14,6,12,17,1,0,0,16219,15656,8308,8119
1551,199691,199674,17,17,2,12,5,12,5,17,0,0,0,16236,15673,8320,8131
1552,199949,199927,22,22,2,6,16,6,16,22,0,0,0,16258,15695,8326,8137
1553,200207,200202,5,5,2,5,0,5,0,5,0,0,0,16263,15700,8331,8142
1554,200466,200424,43,41,3,10,33,10,31,40,1,0,0,16306,15741,8341,8152
1555,200724,200716,8,8,2,4,4,4,4,8,0,0,0,16314,15749,8345,8156
1556,200983,200970,13,13,2,4,9,4,9,13,0,0,0,16327,15762,8349,8160
1557,201242,201238,4,4,2,3,1,3,1,4,0,0,0,16331,15766,8352,8163
1558,201501,201490,11,11,2,5,6,5,6,11,0,0,0,16342,15777,8357,8168
1559,201760,201751,9,9,2,9,0,9,0,9,0,0,0,16351,15786,8366,8177
1560,202020,201978,42,42,2,6,36,6,36,42,0,0,0,16393,15828,8372,8183
1561,202279,202266,13,13,2,13,0,13,0,13,0,0,0,16406,15841,8385,8196
1562,202539,202513,28,24,3,9,19,8,16,22,2,0,0,16434,15865,8394,8204
1563,202799,202791,8,8,2,5,3,5,3,8,0,0,0,16442,15873,8399,8209
1564,203059,203035,25,23,3,13,12,12,11,22,1,0,0,16467,15896,8412,8221
1565,203319,203305,14,14,2,9,5,9,5,14,0,0,0,16481,15910,8421,8230
1566,203580,203555,26,24,3,13,13,13,11,23,1,0,0,16507,15934,8434,8243
1567,203840,203833,7,7,2,7,0,7,0,7,0,0,0,16514,15941,8441,8250
1568,204101,204076,27,23,3,6,21,5,18,21,2,0,0,16541,15964,8447,8255
1569,204362,204351,11,11,2,5,6,5,6,11,0,0,0,16552,15975,8452,8260
1570,204623,204604,19,19,2,7,12,7,12,19,0,0,0,16571,15994,8459,8267
1571,204884,204880,4,4,2,4,0,4,0,4,0,0,0,16575,15998,8463,8271
1572,205146,205117,29,29,2,10,19,10,19,29,0,0,0,16604,16027,8473,8281
1573,205407,205391,17,15,3,10,7,10,5,14,1,0,0,16621,16042,8483,8291
1574,205669,205657,12,12,2,6,6,6,6,12,0,0,0,16633,16054,8489,8297
1575,205931,205905,28,24,3,11,17,11,13,22,2,0,0,16661,16078,8500,8308
1576,206193,206173,20,20,2,8,12,8,12,20,0,0,0,16681,16098,8508,8316
1577,206455,206444,11,11,2,10,1,10,1,11,0,0,0,16692,16109,8518,8326
1578,206718,206695,23,23,2,8,15,8,15,23,0,0,0,16715,16132,8526,8334
1579,206980,206976,4,4,2,4,0,4,0,4,0,0,0,16719,16136,8530,8338
1580,207243,207214,29,29,2,7,22,7,22,29,0,0,0,16748,16165,8537,8345
1581,207506,207485,21,21,2,11,10,11,10,21,0,0,0,16769,16186,8548,8356
1582,207769,207758,11,11,2,7,4,7,4,11,0,0,0,16780,16197,8555,8363
1583,208032,208026,6,6,2,6,0,6,0,6,0,0,0,16786,16203,8561,8369
1584,208296,208259,41,34,4,9,32,8,26,32,1,1,0,16827,16237,8570,8377
1585,208559,208549,10,10,2,7,3,7,3,10,0,0,0,16837,16247,8577,8384
1586,208823,208799,24,24,2,11,13,11,13,24,0,0,0,16861,16271,8588,8395
1587,209087,209073,14,14,2,7,7,7,7,14,0,0,0,16875,16285,8595,8402
1588,209351,209332,19,19,2,7,12,7,12,19,0,0,0,16894,16304,8602,8409
1589,209615,209605,10,10,2,9,1,9,1,10,0,0,0,16904,16314,8611,8418
1590,209880,209857,23,23,2,5,18,5,18,23,0,0,0,16927,16337,8616,8423
1591,210144,210121,23,23,2,21,2,21,2,23,0,0,0,16950,16360,8637,8444
1592,210409,210394,15,15,2,5,10,5,10,15,0,0,0,16965,16375,8642,8449
1593,210674,210663,12,10,3,7,5,6,4,9,1,0,0,16977,16385,8649,8455
1594,210939,210933,6,6,2,2,4,2,4,6,0,0,0,16983,16391,8651,8457
1595,211204,211190,15,13,3,11,4,9,4,12,1,0,0,16998,16404,8662,8466
1596,211470,211419,52,50,3,16,36,16,34,49,1,0,0,17050,16454,8678,8482
1597,211735,211722,13,13,2,13,0,13,0,13,0,0,0,17063,16467,8691,8495
1598,212001,211983,18,18,2,6,12,6,12,18,0,0,0,17081,16485,8697,8501
1599,212267,212245,22,22,2,17,5,17,5,22,0,0,0,17103,16507,8714,8518
1600,212533,212508,26,24,3,9,17,9,15,23,1,0,0,17129,16531,8723,8527
1601,212799,212792,7,7,2,7,0,7,0,7,0,0,0,17136,16538,8730,8534
1602,213066,213046,20,20,2,6,14,6,14,20,0,0,0,17156,16558,8736,8540
1603,213332,213317,15,15,2,12,3,12,3,15,0,0,0,17171,16573,8748,8552
1604,213599,213581,18,18,2,7,11,7,11,18,0,0,0,17189,16591,8755,8559
1605,213866,213857,9,9,2,3,6,3,6,9,0,0,0,17198,16600,8758,8562
1606,214133,214112,21,21,2,10,11,10,11,21,0,0,0,17219,16621,8768,8572
1607,214400,214394,6,6,2,6,0,6,0,6,0,0,0,17225,16627,8774,8578
1608,214668,214636,32,32,2,11,21,11,21,32,0,0,0,17257,16659,8785,8589
1609,214935,214929,6,6,2,6,0,6,0,6,0,0,0,17263,16665,8791,8595
1610,215203,215179,25,23,3,10,15,10,13,22,1,0,0,17288,16688,8801,8605
1611,215471,215453,18,18,2,12,6,12,6,18,0,0,0,17306,16706,8813,8617
1612,215739,215707,32,32,2,10,22,10,22,32,0,0,0,17338,16738,8823,8627
1613,216007,216001,6,6,2,6,0,6,0,6,0,0,0,17344,16744,8829,8633
1614,216276,216258,18,18,2,5,13,5,13,18,0,0,0,17362,16762,8834,8638
1615,216544,216523,22,20,3,16,6,15,5,19,1,0,0,17384,16782,8850,8653
1616,216813,216792,22,20,3,11,11,9,11,19,1,0,0,17406,16802,8861,8662
1617,217082,217050,32,32,2,20,12,20,12,32,0,0,0,17438,16834,8881,8682
1618,217351,217342,9,9,2,3,6,3,6,9,0,0,0,17447,16843,8884,8685
1619,217620,217606,14,14,2,14,0,14,0,14,0,0,0,17461,16857,8898,8699
1620,217890,217853,37,37,2,7,30,7,30,37,0,0,0,17498,16894,8905,8706
1621,218159,218153,6,6,2,6,0,6,0,6,0,0,0,17504,16900,8911,8712
1622,218429,218416,13,13,2,7,6,7,6,13,0,0,0,17517,16913,8918,8719
1623,218699,218684,15,15,2,7,8,7,8,15,0,0,0,17532,16928,8925,8726
1624,218969,218950,19,19,2,6,13,6,13,19,0,0,0,17551,16947,8931,8732
1625,219239,219231,8,8,2,6,2,6,2,8,0,0,0,17559,16955,8937,8738
1626,219510,219486,24,24,2,7,17,7,17,24,0,0,0,17583,16979,8944,8745
1627,219780,219771,9,9,2,9,0,9,0,9,0,0,0,17592,16988,8953,8754
1628,220051,220024,30,25,4,15,15,13,12,24,0,1,0,17622,17013,8968,8767
1629,220322,220306,16,16,2,8,8,8,8,16,0,0,0,17638,17029,8976,8775
1630,220593,220567,26,26,2,16,10,16,10,26,0,0,0,17664,17055,8992,8791
1631,220864,220854,10,10,2,8,2,8,2,10,0,0,0,17674,17065,9000,8799
1632,221136,221112,28,21,4,3,25,3,18,19,1,1,0,17702,17086,9003,8802
1633,221407,221389,20,16,3,19,1,15,1,14,2,0,0,17722,17102,9022,8817
1634,221679,221659,21,19,3,9,12,9,10,18,1,0,0,17743,17121,9031,8826
1635,221951,221929,22,22,2,12,10,12,10,22,0,0,0,17765,17143,9043,8838
1636,222223,222202,21,21,2,6,15,6,15,21,0,0,0,17786,17164,9049,8844
1637,222495,222492,3,3,2,3,0,3,0,3,0,0,0,17789,17167,9052,8847
1638,222768,222713,56,54,3,11,45,11,43,53,1,0,0,17845,17221,9063,8858
1639,223040,223034,6,6,2,5,1,5,1,6,0,0,0,17851,17227,9068,8863
1640,223313,223287,27,25,3,7,20,7,18,24,1,0,0,17878,17252,9075,8870
1641,223586,223564,22,22,2,10,12,10,12,22,0,0,0,17900,17274,9085,8880
1642,223859,223850,9,9,2,6,3,6,3,9,0,0,0,17909,17283,9091,8886
1643,224132,224117,16,14,3,13,3,11,3,13,1,0,0,17925,17297,9104,8897
1644,224406,224387,19,19,2,7,12,7,12,19,0,0,0,17944,17316,9111,8904
1645,224679,224668,11,11,2,10,1,10,1,11,0,0,0,17955,17327,9121,8914
1646,224953,224942,11,11,2,5,6,5,6,11,0,0,0,17966,17338,9126,8919
1647,225227,225214,13,13,2,4,9,4,9,13,0,0,0,17979,17351,9130,8923
1648,225501,225487,14,14,2,5,9,5,9,14,0,0,0,17993,17365,9135,8928
1649,225775,225758,17,17,2,14,3,14,3,17,0,0,0,18010,17382,9149,8942
1650,226050,226028,23,21,3,5,18,5,16,20,1,0,0,18033,17403,9154,8947
1651,226324,226310,14,14,2,13,1,13,1,14,0,0,0,18047,17417,9167,8960
1652,226599,226581,18,18,2,8,10,8,10,18,0,0,0,18065,17435,9175,8968
1653,226874,226846,29,27,3,16,13,16,11,26,1,0,0,18094,17462,9191,8984
1654,227149,227136,13,13,2,9,4,9,4,13,0,0,0,18107,17475,9200,8993
1655,227424,227411,13,13,2,11,2,11,2,13,0,0,0,18120,17488,9211,9004
1656,227700,227676,25,23,3,2,23,2,21,22,1,0,0,18145,17511,9213,9006
1657,227975,227970,5,5,2,5,0,5,0,5,0,0,0,18150,17516,9218,9011
1658,228251,228241,10,10,2,5,5,5,5,10,0,0,0,18160,17526,9223,9016
1659,228527,228503,24,24,2,12,12,12,12,24,0,0,0,18184,17550,9235,9028
1660,228803,228782,22,20,3,6,16,6,14,19,1,0,0,18206,17570,9241,9034
1661,229079,229073,6,6,2,5,1,5,1,6,0,0,0,18212,17576,9246,9039
1662,229356,229341,15,15,2,6,9,6,9,15,0,0,0,18227,17591,9252,9045
1663,229632,229624,8,8,2,8,0,8,0,8,0,0,0,18235,17599,9260,9053
1664,229909,229892,17,17,2,4,13,4,13,17,0,0,0,18252,17616,9264,9057
1665,230186,230156,30,30,2,15,15,15,15,30,0,0,0,18282,17646,9279,9072
1666,230463,230429,35,33,3,16,19,14,19,32,1,0,0,18317,17679,9295,9086
1667,230740,230730,10,10,2,10,0,10,0,10,0,0,0,18327,17689,9305,9096
1668,231018,230984,35,33,3,9,26,9,24,32,1,0,0,18362,17722,9314,9105
1669,231295,231286,9,9,2,9,0,9,0,9,0,0,0,18371,17731,9323,9114
1670,231573,231553,20,20,2,6,14,6,14,20,0,0,0,18391,17751,9329,9120
1671,231851,231841,10,10,2,10,0,10,0,10,0,0,0,18401,17761,9339,9130
1672,232129,232099,33,28,4,11,22,11,17,27,0,1,0,18434,17789,9350,9141
1673,232407,232396,11,11,2,9,2,9,2,11,0,0,0,18445,17800,9359,9150
1674,232686,232655,31,31,2,11,20,11,20,31,0,0,0,18476,17831,9370,9161
1675,232964,232951,14,12,3,11,3,10,2,11,1,0,0,18490,17843,9381,9171
1676,233243,233220,26,20,3,16,10,11,9,17,3,0,0,18516,17863,9397,9182
1677,233522,233502,20,20,2,12,8,12,8,20,0,0,0,18536,17883,9409,9194
1678,233801,233776,26,24,3,14,12,13,11,23,1,0,0,18562,17907,9423,9207
1679,234080,234068,15,10,4,13,2,8,2,9,0,1,0,18577,17917,9436,9215
1680,234360,234333,27,27,2,1,26,1,26,27,0,0,0,18604,17944,9437,9216
1681,234639,234632,7,7,2,7,0,7,0,7,0,0,0,18611,17951,9444,9223
1682,234919,234910,9,9,2,5,4,5,4,9,0,0,0,18620,17960,9449,9228
1683,235199,235172,28,26,3,13,15,13,13,25,1,0,0,18648,17986,9462,9241
1684,235479,235461,18,18,2,9,9,9,9,18,0,0,0,18666,18004,9471,9250
1685,235759,235743,16,16,2,15,1,15,1,16,0,0,0,18682,18020,9486,9265
1686,236040,236027,13,13,2,3,10,3,10,13,0,0,0,18695,18033,9489,9268
1687,236320,236303,17,17,2,12,5,12,5,17,0,0,0,18712,18050,9501,9280
1688,236601,236583,18,18,2,3,15,3,15,18,0,0,0,18730,18068,9504,9283
1689,236882,236864,18,18,2,12,6,12,6,18,0,0,0,18748,18086,9516,9295
1690,237163,237132,31,31,2,9,22,9,22,31,0,0,0,18779,18117,9525,9304
1691,237444,237430,14,14,2,12,2,12,2,14,0,0,0,18793,18131,9537,9316
1692,237726,237693,34,32,3,7,27,7,25,31,1,0,0,18827,18163,9544,9323
1693,238007,237999,8,8,2,8,0,8,0,8,0,0,0,18835,18171,9552,9331
1694,238289,238274,15,15,2,8,7,8,7,15,0,0,0,18850,18186,9560,9339
1695,238571,238556,15,15,2,13,2,13,2,15,0,0,0,18865,18201,9573,9352
1696,238853,238836,17,17,2,4,13,4,13,17,0,0,0,18882,18218,9577,9356
1697,239135,239127,8,8,2,8,0,8,0,8,0,0,0,18890,18226,9585,9364
1698,239418,239396,22,22,2,10,12,10,12,22,0,0,0,18912,18248,9595,9374
1699,239700,239691,9,9,2,9,0,9,0,9,0,0,0,18921,18257,9604,9383
1700,239983,239955,29,27,3,13,16,13,14,26,1,0,0,18950,18284,9617,9396
1701,240266,240251,16,14,3,6,10,6,8,13,1,0,0,18966,18298,9623,9402
1702,240549,240535,14,14,2,7,7,7,7,14,0,0,0,18980,18312,9630,9409
1703,240832,240823,9,9,2,7,2,7,2,9,0,0,0,18989,18321,9637,9416
1704,241116,241091,25,25,2,7,18,7,18,25,0,0,0,19014,18346,9644,9423
1705,241399,241377,22,22,2,14,8,14,8,22,0,0,0,19036,18368,9658,9437
1706,241683,241670,13,13,2,11,2,11,2,13,0,0,0,19049,18381,9669,9448
1707,241967,241955,12,12,2,9,3,9,3,12,0,0,0,19061,18393,9678,9457
1708,242251,242222,29,29,2,10,19,10,19,29,0,0,0,19090,18422,9688,9467
1709,242535,242527,8,8,2,8,0,8,0,8,0,0,0,19098,18430,9696,9475
1710,242820,242773,50,45,4,17,33,16,29,44,0,1,0,19148,18475,9713,9491
1711,243104,243094,10,10,2,10,0,10,0,10,0,0,0,19158,18485,9723,9501
1712,243389,243374,15,15,2,7,8,7,8,15,0,0,0,19173,18500,9730,9508
1713,243674,243662,12,12,2,8,4,8,4,12,0,0,0,19185,18512,9738,9516
1714,243959,243950,9,9,2,5,4,5,4,9,0,0,0,19194,18521,9743,9521
1715,244244,244216,28,28,2,15,13,15,13,28,0,0,0,19222,18549,9758,9536
1716,244530,244480,53,47,3,12,41,11,36,44,3,0,0,19275,18596,9770,9547
1717,244815,244801,14,14,2,13,1,13,1,14,0,0,0,19289,18610,9783,9560
1718,245101,245087,14,14,2,9,5,9,5,14,0,0,0,19303,18624,9792,9569
1719,245387,245376,12,10,3,4,8,4,6,9,1,0,0,19315,18634,9796,9573
1720,245673,245644,30,28,3,10,20,9,19,27,1,0,0,19345,18662,9806,9582
1721,245959,245951,8,8,2,8,0,8,0,8,0,0,0,19353,18670,9814,9590
1722,246246,246225,21,21,2,9,12,9,12,21,0,0,0,19374,18691,9823,9599
1723,246532,246530,2,2,2,2,0,2,0,2,0,0,0,19376,18693,9825,9601
1724,246819,246802,17,17,2,9,8,9,8,17,0,0,0,19393,18710,9834,9610
1725,247106,247079,30,24,3,11,19,9,15,21,3,0,0,19423,18734,9845,9619
1726,247393,247371,23,21,3,15,8,14,7,20,1,0,0,19446,18755,9860,9633
1727,247680,247669,11,11,2,6,5,6,5,11,0,0,0,19457,18766,9866,9639
1728,247968,247954,14,14,2,4,10,4,10,14,0,0,0,19471,18780,9870,9643
1729,248255,248227,28,28,2,22,6,22,6,28,0,0,0,19499,18808,9892,9665
1730,248543,248525,18,18,2,9,9,9,9,18,0,0,0,19517,18826,9901,9674
1731,248831,248815,16,16,2,12,4,12,4,16,0,0,0,19533,18842,9913,9686
1732,249119,249097,22,22,2,5,17,5,17,22,0,0,0,19555,18864,9918,9691
1733,249407,249392,15,15,2,15,0,15,0,15,0,0,0,19570,18879,9933,9706
1734,249696,249671,26,24,3,6,20,6,18,23,1,0,0,19596,18903,9939,9712
1735,249984,249973,11,11,2,8,3,8,3,11,0,0,0,19607,18914,9947,9720
1736,250273,250233,40,40,2,12,28,12,28,40,0,0,0,19647,18954,9959,9732
1737,250562,250542,20,20,2,12,8,12,8,20,0,0,0,19667,18974,9971,9744
1738,250851,250830,21,21,2,12,9,12,9,21,0,0,0,19688,18995,9983,9756
1739,251140,251127,13,13,2,12,1,12,1,13,0,0,0,19701,19008,9995,9768
1740,251430,251402,28,28,2,7,21,7,21,28,0,0,0,19729,19036,10002,9775
1741,251719,251711,8,8,2,8,0,8,0,8,0,0,0,19737,19044,10010,9783
1742,252009,251987,23,21,3,12,11,11,10,20,1,0,0,19760,19065,10022,9794
1743,252299,252282,17,17,2,12,5,12,5,17,0,0,0,19777,19082,10034,9806
1744,252589,252566,23,23,2,7,16,7,16,23,0,0,0,19800,19105,10041,9813
1745,252879,252865,14,14,2,8,6,8,6,14,0,0,0,19814,19119,10049,9821
1746,253170,253139,31,31,2,9,22,9,22,31,0,0,0,19845,19150,10058,9830
1747,253460,253447,13,13,2,13,0,13,0,13,0,0,0,19858,19163,10071,9843
1748,253751,253726,27,23,3,12,15,11,12,21,2,0,0,19885,19186,10083,9854
1749,254042,254023,19,19,2,13,6,13,6,19,0,0,0,19904,19205,10096,9867
1750,254333,254315,18,18,2,7,11,7,11,18,0,0,0,19922,19223,10103,9874
1751,254624,254609,15,15,2,14,1,14,1,15,0,0,0,19937,19238,10117,9888
1752,254916,254889,27,27,2,6,21,6,21,27,0,0,0,19964,19265,10123,9894
1753,255207,255198,9,9,2,9,0,9,0,9,0,0,0,19973,19274,10132,9903
1754,255499,255481,18,18,2,9,9,9,9,18,0,0,0,19991,19292,10141,9912
1755,255791,255766,25,25,2,9,16,9,16,25,0,0,0,20016,19317,10150,9921
1756,256083,256064,19,19,2,8,11,8,11,19,0,0,0,20035,19336,10158,9929
1757,256375,256362,13,13,2,13,0,13,0,13,0,0,0,20048,19349,10171,9942
1758,256668,256655,13,13,2,3,10,3,10,13,0,0,0,20061,19362,10174,9945
1759,256960,256949,11,11,2,11,0,11,0,11,0,0,0,20072,19373,10185,9956
1760,257253,257217,40,33,4,13,27,12,21,31,1,1,0,20112,19406,10198,9968
1761,257546,257530,16,16,2,9,7,9,7,16,0,0,0,20128,19422,10207,9977
1762,257839,257828,11,11,2,4,7,4,7,11,0,0,0,20139,19433,10211,9981
1763,258132,258118,14,14,2,13,1,13,1,14,0,0,0,20153,19447,10224,9994
1764,258426,258376,51,49,3,6,45,6,43,48,1,0,0,20204,19496,10230,10000
1765,258719,258713,6,6,2,3,3,3,3,6,0,0,0,20210,19502,10233,10003
1766,259013,258997,16,16,2,11,5,11,5,16,0,0,0,20226,19518,10244,10014
1767,259307,259276,31,31,2,22,9,22,9,31,0,0,0,20257,19549,10266,10036
1768,259601,259569,34,30,3,14,20,14,16,28,2,0,0,20291,19579,10280,10050
1769,259895,259880,16,14,3,14,2,13,1,13,1,0,0,20307,19593,10294,10063
1770,260190,260167,23,23,2,3,20,3,20,23,0,0,0,20330,19616,10297,10066
1771,260484,260463,21,21,2,15,6,15,6,21,0,0,0,20351,19637,10312,10081
1772,260779,260758,22,20,3,10,12,9,11,19,1,0,0,20373,19657,10322,10090
1773,261074,261062,13,11,3,8,5,7,4,10,1,0,0,20386,19668,10330,10097
1774,261369,261353,16,16,2,8,8,8,8,16,0,0,0,20402,19684,10338,10105
1775,261664,261656,8,8,2,3,5,3,5,8,0,0,0,20410,19692,10341,10108
1776,261960,261935,25,25,2,4,21,4,21,25,0,0,0,20435,19717,10345,10112
1777,262255,262245,10,10,2,10,0,10,0,10,0,0,0,20445,19727,10355,10122
1778,262551,262523,29,27,3,14,15,13,14,26,1,0,0,20474,19754,10369,10135
1779,262847,262840,7,7,2,5,2,5,2,7,0,0,0,20481,19761,10374,10140
1780,263143,263122,21,21,2,9,12,9,12,21,0,0,0,20502,19782,10383,10149
1781,263439,263428,11,11,2,9,2,9,2,11,0,0,0,20513,19793,10392,10158
1782,263736,263714,22,22,2,6,16,6,16,22,0,0,0,20535,19815,10398,10164
1783,264032,264021,11,11,2,11,0,11,0,11,0,0,0,20546,19826,10409,10175
1784,264329,264311,18,18,2,2,16,2,16,18,0,0,0,20564,19844,10411,10177
1785,264626,264604,23,21,3,8,15,7,14,20,1,0,0,20587,19865,10419,10184
1786,264923,264896,30,24,3,15,15,13,11,21,3,0,0,20617,19889,10434,10197
1787,265220,265210,10,10,2,10,0,10,0,10,0,0,0,20627,19899,10444,10207
1788,265518,265498,21,19,3,4,17,4,15,18,1,0,0,20648,19918,10448,10211
1789,265815,265799,16,16,2,16,0,16,0,16,0,0,0,20664,19934,10464,10227
1790,266113,266101,12,12,2,5,7,5,7,12,0,0,0,20676,19946,10469,10232
1791,266411,266400,11,11,2,7,4,7,4,11,0,0,0,20687,19957,10476,10239
1792,266709,266692,17,17,2,4,13,4,13,17,0,0,0,20704,19974,10480,10243
1793,267007,266996,12,10,3,11,1,10,0,9,1,0,0,20716,19984,10491,10253
1794,267306,267267,40,38,3,9,31,9,29,37,1,0,0,20756,20022,10500,10262
1795,267604,267589,15,15,2,10,5,10,5,15,0,0,0,20771,20037,10510,10272
1796,267903,267885,18,18,2,15,3,15,3,18,0,0,0,20789,20055,10525,10287
1797,268202,268183,19,19,2,13,6,13,6,19,0,0,0,20808,20074,10538,10300
1798,268501,268476,26,24,3,17,9,15,9,23,1,0,0,20834,20098,10555,10315
1799,268800,268775,26,24,3,19,7,17,7,23,1,0,0,20860,20122,10574,10332
1800,269100,269066,35,33,3,3,32,3,30,32,1,0,0,20895,20155,10577,10335
1801,269399,269386,13,13,2,13,0,13,0,13,0,0,0,20908,20168,10590,10348
1802,269699,269681,19,17,3,8,11,8,9,16,1,0,0,20927,20185,10598,10356
1803,269999,269980,19,19,2,9,10,9,10,19,0,0,0,20946,20204,10607,10365
1804,270299,270272,29,25,3,19,10,17,8,23,2,0,0,20975,20229,10626,10382
1805,270599,270579,21,19,3,15,6,13,6,18,1,0,0,20996,20248,10641,10395
1806,270900,270859,41,41,2,9,32,9,32,41,0,0,0,21037,20289,10650,10404
1807,271200,271181,19,19,2,14,5,14,5,19,0,0,0,21056,20308,10664,10418
1808,271501,271490,11,11,2,0,11,0,11,11,0,0,0,21067,20319,10664,10418
1809,271802,271782,21,19,3,13,8,11,8,18,1,0,0,21088,20338,10677,10429
1810,272103,272080,23,23,2,6,17,6,17,23,0,0,0,21111,20361,10683,10435
1811,272404,272396,8,8,2,8,0,8,0,8,0,0,0,21119,20369,10691,10443
1812,272706,272675,31,31,2,14,17,14,17,31,0,0,0,21150,20400,10705,10457
1813,273007,272982,26,24,3,22,4,20,4,23,1,0,0,21176,20424,10727,10477
1814,273309,273298,11,11,2,5,6,5,6,11,0,0,0,21187,20435,10732,10482
1815,273611,273591,20,20,2,6,14,6,14,20,0,0,0,21207,20455,10738,10488
1816,273913,273896,17,17,2,6,11,6,11,17,0,0,0,21224,20472,10744,10494
1817,274215,274209,6,6,2,5,1,5,1,6,0,0,0,21230,20478,10749,10499
1818,274518,274495,24,22,3,10,14,10,12,21,1,0,0,21254,20500,10759,10509
1819,274820,274806,14,14,2,11,3,11,3,14,0,0,0,21268,20514,10770,10520
1820,275123,275070,54,52,3,13,41,13,39,51,1,0,0,21322,20566,10783,10533
1821,275426,275411,15,15,2,9,6,9,6,15,0,0,0,21337,20581,10792,10542
1822,275729,275712,17,17,2,9,8,9,8,17,0,0,0,21354,20598,10801,10551
1823,276032,276024,8,8,2,8,0,8,0,8,0,0,0,21362,20606,10809,10559
1824,276336,276303,33,33,2,9,24,9,24,33,0,0,0,21395,20639,10818,10568
1825,276639,276622,17,17,2,10,7,10,7,17,0,0,0,21412,20656,10828,10578
1826,276943,276920,23,23,2,9,14,9,14,23,0,0,0,21435,20679,10837,10587
1827,277247,277228,19,19,2,9,10,9,10,19,0,0,0,21454,20698,10846,10596
1828,277551,277539,12,12,2,1,11,1,11,12,0,0,0,21466,20710,10847,10597
1829,277855,277840,16,14,3,15,1,13,1,13,1,0,0,21482,20724,10862,10610
1830,278160,278126,34,34,2,10,24,10,24,34,0,0,0,21516,20758,10872,10620
1831,278464,278448,16,16,2,16,0,16,0,16,0,0,0,21532,20774,10888,10636
1832,278769,278746,23,23,2,11,12,11,12,23,0,0,0,21555,20797,10899,10647
1833,279074,279058,16,16,2,7,9,7,9,16,0,0,0,21571,20813,10906,10654
1834,279379,279362,18,16,3,9,9,9,7,15,1,0,0,21589,20829,10915,10663
1835,279684,279668,16,16,2,10,6,10,6,16,0,0,0,21605,20845,10925,10673
1836,279990,279964,27,25,3,3,24,3,22,24,1,0,0,21632,20870,10928,10676
1837,280295,280292,3,3,2,2,1,2,1,3,0,0,0,21635,20873,10930,10678
1838,280601,280590,11,11,2,5,6,5,6,11,0,0,0,21646,20884,10935,10683
1839,280907,280893,14,14,2,11,3,11,3,14,0,0,0,21660,20898,10946,10694
1840,281213,281189,25,23,3,3,22,3,20,22,1,0,0,21685,20921,10949,10697
1841,281519,281503,16,16,2,9,7,9,7,16,0,0,0,21701,20937,10958,10706
1842,281826,281802,24,24,2,8,16,8,16,24,0,0,0,21725,20961,10966,10714
1843,282132,282123,9,9,2,6,3,6,3,9,0,0,0,21734,20970,10972,10720
1844,282439,282431,8,8,2,3,5,3,5,8,0,0,0,21742,20978,10975,10723
1845,282746,282727,19,19,2,8,11,8,11,19,0,0,0,21761,20997,10983,10731
1846,283053,283025,30,26,3,15,15,14,12,24,2,0,0,21791,21023,10998,10745
1847,283360,283353,7,7,2,7,0,7,0,7,0,0,0,21798,21030,11005,10752
1848,283668,283622,49,43,3,10,39,10,33,40,3,0,0,21847,21073,11015,10762
1849,283975,283964,17,8,5,16,1,8,0,7,0,0,1,21864,21081,11031,10770
1850,284283,284262,21,21,2,8,13,8,13,21,0,0,0,21885,21102,11039,10778
1851,284591,284571,20,20,2,11,9,11,9,20,0,0,0,21905,21122,11050,10789
1852,284899,284877,23,21,3,12,11,11,10,20,1,0,0,21928,21143,11062,10800
1853,285207,285191,16,16,2,14,2,14,2,16,0,0,0,21944,21159,11076,10814
1854,285516,285491,25,25,2,7,18,7,18,25,0,0,0,21969,21184,11083,10821
1855,285824,285803,22,20,3,14,8,13,7,19,1,0,0,21991,21204,11097,10834
1856,286133,286112,22,20,3,10,12,10,10,19,1,0,0,22013,21224,11107,10844
1857,286442,286430,12,12,2,9,3,9,3,12,0,0,0,22025,21236,11116,10853
1858,286751,286740,11,11,2,5,6,5,6,11,0,0,0,22036,21247,11121,10858
1859,287060,287023,39,35,3,30,9,28,7,33,2,0,0,22075,21282,11151,10886
1860,287370,287325,46,44,3,10,36,10,34,43,1,0,0,22121,21326,11161,10896
1861,287679,287673,6,6,2,6,0,6,0,6,0,0,0,22127,21332,11167,10902
1862,287989,287938,52,50,3,25,27,25,25,49,1,0,0,22179,21382,11192,10927
1863,288299,288283,19,14,4,11,8,11,3,13,0,1,0,22198,21396,11203,10938
1864,288609,288590,19,19,2,7,12,7,12,19,0,0,0,22217,21415,11210,10945
1865,288919,288899,21,19,3,14,7,14,5,18,1,0,0,22238,21434,11224,10959
1866,289230,289200,30,30,2,7,23,7,23,30,0,0,0,22268,21464,11231,10966
1867,289540,289530,10,10,2,10,0,10,0,10,0,0,0,22278,21474,11241,10976
1868,289851,289838,13,13,2,8,5,8,5,13,0,0,0,22291,21487,11249,10984
1869,290162,290149,13,13,2,9,4,9,4,13,0,0,0,22304,21500,11258,10993
1870,290473,290435,40,36,3,10,30,10,26,34,2,0,0,22344,21536,11268,11003
1871,290784,290776,8,8,2,8,0,8,0,8,0,0,0,22352,21544,11276,11011
1872,291096,291054,43,41,3,8,35,6,35,40,1,0,0,22395,21585,11284,11017
1873,291407,291395,12,12,2,12,0,12,0,12,0,0,0,22407,21597,11296,11029
1874,291719,291705,14,14,2,6,8,6,8,14,0,0,0,22421,21611,11302,11035
1875,292031,292019,12,12,2,6,6,6,6,12,0,0,0,22433,21623,11308,11041
1876,292343,292312,32,30,3,11,21,10,20,29,1,0,0,22465,21653,11319,11051
1877,292655,292641,15,13,3,15,0,13,0,12,1,0,0,22480,21666,11334,11064
1878,292968,292949,19,19,2,7,12,7,12,19,0,0,0,22499,21685,11341,11071
1879,293280,293274,6,6,2,6,0,6,0,6,0,0,0,22505,21691,11347,11077
1880,293593,293568,25,25,2,4,21,4,21,25,0,0,0,22530,21716,11351,11081
1881,293906,293871,38,32,3,20,18,19,13,29,3,0,0,22568,21748,11371,11100
1882,294219,294214,5,5,2,2,3,2,3,5,0,0,0,22573,21753,11373,11102
1883,294532,294518,15,13,3,10,5,8,5,12,1,0,0,22588,21766,11383,11110
1884,294846,294809,37,37,2,10,27,10,27,37,0,0,0,22625,21803,11393,11120
1885,295159,295138,21,21,2,13,8,13,8,21,0,0,0,22646,21824,11406,11133
1886,295473,295448,26,24,3,14,12,13,11,23,1,0,0,22672,21848,11420,11146
1887,295787,295771,16,16,2,8,8,8,8,16,0,0,0,22688,21864,11428,11154
1888,296101,296092,10,8,3,3,7,3,5,7,1,0,0,22698,21872,11431,11157
1889,296415,296409,6,6,2,6,0,6,0,6,0,0,0,22704,21878,11437,11163
1890,296730,296681,50,48,3,12,38,12,36,47,1,0,0,22754,21926,11449,11175
1891,297044,297032,13,11,3,10,3,8,3,10,1,0,0,22767,21937,11459,11183
1892,297359,297323,36,36,2,13,23,13,23,36,0,0,0,22803,21973,11472,11196
1893,297674,297659,15,15,2,12,3,12,3,15,0,0,0,22818,21988,11484,11208
1894,297989,297979,10,10,2,3,7,3,7,10,0,0,0,22828,21998,11487,11211
1895,298304,298290,14,14,2,5,9,5,9,14,0,0,0,22842,22012,11492,11216
1896,298620,298587,33,33,2,7,26,7,26,33,0,0,0,22875,22045,11499,11223
1897,298935,298917,18,18,2,12,6,12,6,18,0,0,0,22893,22063,11511,11235
1898,299251,299219,34,30,3,16,18,14,16,28,2,0,0,22927,22093,11527,11249
1899,299567,299549,18,18,2,9,9,9,9,18,0,0,0,22945,22111,11536,11258
1900,299883,299849,37,31,3,6,31,6,25,28,3,0,0,22982,22142,11542,11264
1901,300199,300197,2,2,2,2,0,2,0,2,0,0,0,22984,22144,11544,11266
1902,300516,300499,17,17,2,10,7,10,7,17,0,0,0,23001,22161,11554,11276
1903,300832,300827,5,5,2,5,0,5,0,5,0,0,0,23006,22166,11559,11281
1904,301149,301116,35,31,3,11,24,11,20,29,2,0,0,23041,22197,11570,11292
1905,301466,301442,25,23,3,8,17,8,15,22,1,0,0,23066,22220,11578,11300
1906,301783,301772,11,11,2,8,3,8,3,11,0,0,0,23077,22231,11586,11308
1907,302100,302085,15,15,2,15,0,15,0,15,0,0,0,23092,22246,11601,11323
1908,302418,302394,24,24,2,5,19,5,19,24,0,0,0,23116,22270,11606,11328
1909,302735,302723,15,10,4,14,1,9,1,9,0,1,0,23131,22280,11620,11337
1910,303053,303032,22,20,3,9,13,9,11,19,1,0,0,23153,22300,11629,11346
1911,303371,303328,43,43,2,19,24,19,24,43,0,0,0,23196,22343,11648,11365
1912,303689,303675,14,14,2,5,9,5,9,14,0,0,0,23210,22357,11653,11370
1913,304007,303991,16,16,2,16,0,16,0,16,0,0,0,23226,22373,11669,11386
1914,304326,304303,24,22,3,9,15,9,13,21,1,0,0,23250,22395,11678,11395
1915,304644,304629,16,14,3,7,9,7,7,13,1,0,0,23266,22409,11685,11402
1916,304963,304937,26,26,2,13,13,13,13,26,0,0,0,23292,22435,11698,11415
1917,305282,305274,8,8,2,4,4,4,4,8,0,0,0,23300,22443,11702,11419
1918,305601,305581,20,20,2,12,8,12,8,20,0,0,0,23320,22463,11714,11431
1919,305920,305910,10,10,2,9,1,9,1,10,0,0,0,23330,22473,11723,11440
1920,306240,306216,24,24,2,4,20,4,20,24,0,0,0,23354,22497,11727,11444
1921,306559,306546,13,13,2,12,1,12,1,13,0,0,0,23367,22510,11739,11456
1922,306879,306856,24,22,3,12,12,12,10,21,1,0,0,23391,22532,11751,11468
1923,307199,307183,16,16,2,11,5,11,5,16,0,0,0,23407,22548,11762,11479
1924,307519,307480,40,38,3,16,24,16,22,37,1,0,0,23447,22586,11778,11495
1925,307839,307819,21,19,3,11,10,10,9,18,1,0,0,23468,22605,11789,11505
1926,308160,308145,16,14,3,6,10,4,10,13,1,0,0,23484,22619,11795,11509
1927,308480,308466,14,14,2,14,0,14,0,14,0,0,0,23498,22633,11809,11523
1928,308801,308778,23,23,2,6,17,6,17,23,0,0,0,23521,22656,11815,11529
1929,309122,309092,31,29,3,22,9,20,9,28,1,0,0,23552,22685,11837,11549
1930,309443,309415,28,28,2,9,19,9,19,28,0,0,0,23580,22713,11846,11558
1931,309764,309756,8,8,2,8,0,8,0,8,0,0,0,23588,22721,11854,11566
1932,310086,310042,45,43,3,7,38,7,36,42,1,0,0,23633,22764,11861,11573
1933,310407,310394,13,13,2,13,0,13,0,13,0,0,0,23646,22777,11874,11586
1934,310729,310715,14,14,2,5,9,5,9,14,0,0,0,23660,22791,11879,11591
1935,311051,311020,31,31,2,16,15,16,15,31,0,0,0,23691,22822,11895,11607
1936,311373,311346,27,27,2,7,20,7,20,27,0,0,0,23718,22849,11902,11614
1937,311695,311687,8,8,2,7,1,7,1,8,0,0,0,23726,22857,11909,11621
1938,312018,311979,40,38,3,9,31,9,29,37,1,0,0,23766,22895,11918,11630
1939,312340,312331,9,9,2,7,2,7,2,9,0,0,0,23775,22904,11925,11637
1940,312663,312630,33,33,2,8,25,8,25,33,0,0,0,23808,22937,11933,11645
1941,312986,312971,16,14,3,10,6,9,5,13,1,0,0,23824,22951,11943,11654
1942,313309,313297,12,12,2,5,7,5,7,12,0,0,0,23836,22963,11948,11659
1943,313632,313616,16,16,2,16,0,16,0,16,0,0,0,23852,22979,11964,11675
1944,313956,313931,25,25,2,6,19,6,19,25,0,0,0,23877,23004,11970,11681
1945,314279,314263,16,16,2,11,5,11,5,16,0,0,0,23893,23020,11981,11692
1946,314603,314576,27,27,2,12,15,12,15,27,0,0,0,23920,23047,11993,11704
1947,314927,314902,29,21,3,20,9,17,4,17,4,0,0,23949,23068,12013,11721
1948,315251,315236,15,15,2,4,11,4,11,15,0,0,0,23964,23083,12017,11725
1949,315575,315566,9,9,2,9,0,9,0,9,0,0,0,23973,23092,12026,11734
1950,315900,315866,34,34,2,7,27,7,27,34,0,0,0,24007,23126,12033,11741
1951,316224,316214,10,10,2,10,0,10,0,10,0,0,0,24017,23136,12043,11751
1952,316549,316532,17,17,2,3,14,3,14,17,0,0,0,24034,23153,12046,11754
1953,316874,316848,26,26,2,10,16,10,16,26,0,0,0,24060,23179,12056,11764
1954,317199,317182,17,17,2,9,8,9,8,17,0,0,0,24077,23196,12065,11773
1955,317524,317509,15,15,2,9,6,9,6,15,0,0,0,24092,23211,12074,11782
1956,317850,317829,21,21,2,6,15,6,15,21,0,0,0,24113,23232,12080,11788
1957,318175,318161,15,13,3,14,1,12,1,12,1,0,0,24128,23245,12094,11800
1958,318501,318490,11,11,2,4,7,4,7,11,0,0,0,24139,23256,12098,11804
1959,318827,318814,13,13,2,7,6,7,6,13,0,0,0,24152,23269,12105,11811
1960,319153,319108,45,45,2,13,32,13,32,45,0,0,0,24197,23314,12118,11824
1961,319479,319460,19,19,2,16,3,16,3,19,0,0,0,24216,23333,12134,11840
1962,319806,319775,31,31,2,4,27,4,27,31,0,0,0,24247,23364,12138,11844
1963,320132,320118,14,14,2,13,1,13,1,14,0,0,0,24261,23378,12151,11857
1964,320459,320442,17,17,2,8,9,8,9,17,0,0,0,24278,23395,12159,11865
1965,320786,320763,23,23,2,11,12,11,12,23,0,0,0,24301,23418,12170,11876
1966,321113,321102,11,11,2,8,3,8,3,11,0,0,0,24312,23429,12178,11884
1967,321440,321424,16,16,2,13,3,13,3,16,0,0,0,24328,23445,12191,11897
1968,321768,321743,29,22,4,9,20,9,13,20,1,1,0,24357,23467,12200,11906
1969,322095,322078,17,17,2,16,1,16,1,17,0,0,0,24374,23484,12216,11922
1970,322423,322399,24,24,2,9,15,9,15,24,0,0,0,24398,23508,12225,11931
1971,322751,322735,16,16,2,8,8,8,8,16,0,0,0,24414,23524,12233,11939
1972,323079,323053,27,25,3,7,20,7,18,24,1,0,0,24441,23549,12240,11946
1973,323407,323399,8,8,2,8,0,8,0,8,0,0,0,24449,23557,12248,11954
1974,323736,323703,34,32,3,6,28,6,26,31,1,0,0,24483,23589,12254,11960
1975,324064,324051,13,13,2,6,7,6,7,13,0,0,0,24496,23602,12260,11966
1976,324393,324348,46,44,3,19,27,18,26,43,1,0,0,24542,23646,12279,11984
1977,324722,324706,16,16,2,11,5,11,5,16,0,0,0,24558,23662,12290,11995
1978,325051,325027,26,22,3,15,11,13,9,20,2,0,0,24584,23684,12305,12008
1979,325380,325370,10,10,2,10,0,10,0,10,0,0,0,24594,23694,12315,12018
1980,325710,325662,48,48,2,9,39,9,39,48,0,0,0,24642,23742,12324,12027
1981,326039,326024,15,15,2,13,2,13,2,15,0,0,0,24657,23757,12337,12040
1982,326369,326350,19,19,2,7,12,7,12,19,0,0,0,24676,23776,12344,12047
1983,326699,326683,17,15,3,6,11,6,9,14,1,0,0,24693,23791,12350,12053
1984,327029,327008,21,21,2,6,15,6,15,21,0,0,0,24714,23812,12356,12059
1985,327359,327335,24,24,2,18,6,18,6,24,0,0,0,24738,23836,12374,12077
1986,327690,327672,18,18,2,3,15,3,15,18,0,0,0,24756,23854,12377,12080
1987,328020,328007,13,13,2,13,0,13,0,13,0,0,0,24769,23867,12390,12093
1988,328351,328336,15,15,2,7,8,7,8,15,0,0,0,24784,23882,12397,12100
1989,328682,328651,33,29,3,17,16,15,14,27,2,0,0,24817,23911,12414,12115
1990,329013,328985,28,28,2,6,22,6,22,28,0,0,0,24845,23939,12420,12121
1991,329344,329335,9,9,2,7,2,7,2,9,0,0,0,24854,23948,12427,12128
1992,329676,329650,27,25,3,7,20,6,19,24,1,0,0,24881,23973,12434,12134
1993,330007,329994,13,13,2,13,0,13,0,13,0,0,0,24894,23986,12447,12147
1994,330339,330324,18,13,4,10,8,8,5,12,0,1,0,24912,23999,12457,12155
1995,330671,330629,43,41,3,14,29,14,27,40,1,0,0,24955,24040,12471,12169
1996,331003,330979,24,24,2,13,11,13,11,24,0,0,0,24979,24064,12484,12182
1997,331335,331331,4,4,2,4,0,4,0,4,0,0,0,24983,24068,12488,12186
1998,331668,331640,28,28,2,8,20,8,20,28,0,0,0,25011,24096,12496,12194
1999,332000,331986,14,14,2,14,0,14,0,14,0,0,0,25025,24110,12510,12208
2000,332333,332316,17,17,2,2,15,2,15,17,0,0,0,25042,24127,12512,12210
2001,332666,332647,19,19,2,13,6,13,6,19,0,0,0,25061,24146,12525,12223
2002,332999,332955,46,42,3,11,35,9,33,40,2,0,0,25107,24188,12536,12232
2003,333332,333320,13,11,3,13,0,11,0,10,1,0,0,25120,24199,12549,12243
2004,333666,333642,24,24,2,7,17,7,17,24,0,0,0,25144,24223,12556,12250
2005,333999,333990,9,9,2,5,4,5,4,9,0,0,0,25153,24232,12561,12255
2006,334333,334317,16,16,2,8,8,8,8,16,0,0,0,25169,24248,12569,12263
2007,334667,334655,12,12,2,5,7,5,7,12,0,0,0,25181,24260,12574,12268
2008,335001,334989,12,12,2,5,7,5,7,12,0,0,0,25193,24272,12579,12273
2009,335335,335320,17,13,3,15,2,12,1,11,2,0,0,25210,24285,12594,12285
2010,335670,335629,41,41,2,11,30,11,30,41,0,0,0,25251,24326,12605,12296
2011,336004,335998,6,6,2,6,0,6,0,6,0,0,0,25257,24332,12611,12302
2012,336339,336321,19,17,3,6,13,6,11,16,1,0,0,25276,24349,12617,12308
2013,336674,336655,20,18,3,8,12,8,10,17,1,0,0,25296,24367,12625,12316
2014,337009,336987,22,22,2,11,11,11,11,22,0,0,0,25318,24389,12636,12327
2015,337344,337319,26,24,3,16,10,15,9,23,1,0,0,25344,24413,12652,12342
2016,337680,337654,26,26,2,4,22,4,22,26,0,0,0,25370,24439,12656,12346
2017,338015,338007,8,8,2,8,0,8,0,8,0,0,0,25378,24447,12664,12354
2018,338351,338332,19,19,2,7,12,7,12,19,0,0,0,25397,24466,12671,12361
2019,338687,338675,12,12,2,7,5,7,5,12,0,0,0,25409,24478,12678,12368
2020,339023,339006,17,17,2,7,10,7,10,17,0,0,0,25426,24495,12685,12375
2021,339359,339344,16,14,3,15,1,13,1,13,1,0,0,25442,24509,12700,12388
2022,339696,339682,14,14,2,5,9,5,9,14,0,0,0,25456,24523,12705,12393
2023,340032,340024,8,8,2,4,4,4,4,8,0,0,0,25464,24531,12709,12397
2024,340369,340341,31,25,3,10,21,8,17,22,3,0,0,25495,24556,12719,12405
2025,340706,340676,30,30,2,15,15,15,15,30,0,0,0,25525,24586,12734,12420
2026,341043,341027,16,16,2,10,6,10,6,16,0,0,0,25541,24602,12744,12430
2027,341380,341369,11,11,2,11,0,11,0,11,0,0,0,25552,24613,12755,12441
2028,341718,341663,58,53,4,14,44,13,40,52,0,1,0,25610,24666,12769,12454
2029,342055,342048,7,7,2,7,0,7,0,7,0,0,0,25617,24673,12776,12461
2030,342393,342366,28,26,3,16,12,16,10,25,1,0,0,25645,24699,12792,12477
2031,342731,342716,15,15,2,8,7,8,7,15,0,0,0,25660,24714,12800,12485
2032,343069,343045,24,24,2,7,17,7,17,24,0,0,0,25684,24738,12807,12492
2033,343407,343394,14,12,3,11,3,9,3,11,1,0,0,25698,24750,12818,12501
2034,343746,343734,12,12,2,5,7,5,7,12,0,0,0,25710,24762,12823,12506
2035,344084,344064,20,20,2,13,7,13,7,20,0,0,0,25730,24782,12836,12519
2036,344423,344401,22,22,2,11,11,11,11,22,0,0,0,25752,24804,12847,12530
2037,344762,344735,27,27,2,10,17,10,17,27,0,0,0,25779,24831,12857,12540
2038,345101,345087,14,14,2,13,1,13,1,14,0,0,0,25793,24845,12870,12553
2039,345440,345432,8,8,2,8,0,8,0,8,0,0,0,25801,24853,12878,12561
2040,345780,345740,43,38,4,6,37,6,32,37,0,1,0,25844,24891,12884,12567
2041,346119,346093,27,25,3,22,5,20,5,24,1,0,0,25871,24916,12906,12587
2042,346459,346441,18,18,2,9,9,9,9,18,0,0,0,25889,24934,12915,12596
2043,346799,346790,9,9,2,4,5,4,5,9,0,0,0,25898,24943,12919,12600
2044,347139,347105,34,34,2,13,21,13,21,34,0,0,0,25932,24977,12932,12613
2045,347479,347457,22,22,2,13,9,13,9,22,0,0,0,25954,24999,12945,12626
2046,347820,347771,50,48,3,16,34,16,32,47,1,0,0,26004,25047,12961,12642
2047,348160,348151,10,8,3,8,2,6,2,7,1,0,0,26014,25055,12969,12648
2048,348501,348487,14,14,2,4,10,4,10,14,0,0,0,26028,25069,12973,12652
2049,348842,348825,17,17,2,10,7,10,7,17,0,0,0,26045,25086,12983,12662
2050,349183,349164,19,19,2,8,11,8,11,19,0,0,0,26064,25105,12991,12670
2051,349524,349511,13,13,2,11,2,11,2,13,0,0,0,26077,25118,13002,12681
2052,349866,349828,38,38,2,8,30,8,30,38,0,0,0,26115,25156,13010,12689
2053,350207,350196,11,11,2,11,0,11,0,11,0,0,0,26126,25167,13021,12700
2054,350549,350527,22,22,2,7,15,7,15,22,0,0,0,26148,25189,13028,12707
2055,350891,350873,18,18,2,10,8,10,8,18,0,0,0,26166,25207,13038,12717
2056,351233,351218,15,15,2,4,11,4,11,15,0,0,0,26181,25222,13042,12721
2057,351575,351555,23,18,4,17,6,15,3,17,0,1,0,26204,25240,13059,12736
2058,351918,351877,41,41,2,10,31,10,31,41,0,0,0,26245,25281,13069,12746
2059,352260,352249,11,11,2,10,1,10,1,11,0,0,0,26256,25292,13079,12756
2060,352603,352576,28,26,3,8,20,7,19,25,1,0,0,26284,25318,13087,12763
2061,352946,352931,15,15,2,6,9,6,9,15,0,0,0,26299,25333,13093,12769
2062,353289,353275,14,14,2,7,7,7,7,14,0,0,0,26313,25347,13100,12776
2063,353632,353626,6,6,2,6,0,6,0,6,0,0,0,26319,25353,13106,12782
2064,353976,353948,28,28,2,7,21,7,21,28,0,0,0,26347,25381,13113,12789
2065,354319,354305,14,14,2,8,6,8,6,14,0,0,0,26361,25395,13121,12797
2066,354663,354644,19,19,2,9,10,9,10,19,0,0,0,26380,25414,13130,12806
2067,355007,354979,28,28,2,18,10,18,10,28,0,0,0,26408,25442,13148,12824
2068,355351,355324,28,26,3,15,13,14,12,25,1,0,0,26436,25468,13163,12838
2069,355695,355682,13,13,2,13,0,13,0,13,0,0,0,26449,25481,13176,12851
2070,356040,356003,37,37,2,11,26,11,26,37,0,0,0,26486,25518,13187,12862
2071,356384,356370,14,14,2,12,2,12,2,14,0,0,0,26500,25532,13199,12874
2072,356729,356683,47,45,3,16,31,16,29,44,1,0,0,26547,25577,13215,12890
2073,357074,357060,15,13,3,9,6,7,6,12,1,0,0,26562,25590,13224,12897
2074,357419,357390,29,29,2,15,14,15,14,29,0,0,0,26591,25619,13239,12912
2075,357764,357742,22,22,2,14,8,14,8,22,0,0,0,26613,25641,13253,12926
2076,358110,358088,22,22,2,4,18,4,18,22,0,0,0,26635,25663,13257,12930
2077,358455,358446,9,9,2,8,1,8,1,9,0,0,0,26644,25672,13265,12938
2078,358801,358786,16,14,3,7,9,7,7,13,1,0,0,26660,25686,13272,12945
2079,359147,359119,28,28,2,12,16,12,16,28,0,0,0,26688,25714,13284,12957
2080,359493,359457,37,35,3,10,27,10,25,34,1,0,0,26725,25749,13294,12967
2081,359839,359831,8,8,2,8,0,8,0,8,0,0,0,26733,25757,13302,12975
2082,360186,360163,23,23,2,7,16,7,16,23,0,0,0,26756,25780,13309,12982
2083,360532,360515,17,17,2,17,0,17,0,17,0,0,0,26773,25797,13326,12999
2084,360879,360866,13,13,2,6,7,6,7,13,0,0,0,26786,25810,13332,13005
2085,361226,361195,32,30,3,11,21,11,19,29,1,0,0,26818,25840,13343,13016
2086,361573,361559,14,14,2,5,9,5,9,14,0,0,0,26832,25854,13348,13021
2087,361920,361911,9,9,2,9,0,9,0,9,0,0,0,26841,25863,13357,13030
2088,362268,362237,32,30,3,9,23,9,21,29,1,0,0,26873,25893,13366,13039
2089,362615,362608,7,7,2,7,0,7,0,7,0,0,0,26880,25900,13373,13046
2090,362963,362923,44,37,4,15,29,15,22,35,1,1,0,26924,25937,13388,13061
2091,363311,363283,28,28,2,19,9,19,9,28,0,0,0,26952,25965,13407,13080
2092,363659,363635,25,23,3,11,14,10,13,22,1,0,0,26977,25988,13418,13090
2093,364007,363978,32,27,4,23,9,21,6,26,0,1,0,27009,26015,13441,13111
2094,364356,364326,32,28,3,10,22,10,18,26,2,0,0,27041,26043,13451,13121
2095,364704,364692,12,12,2,8,4,8,4,12,0,0,0,27053,26055,13459,13129
2096,365053,365030,24,22,3,11,13,9,13,21,1,0,0,27077,26077,13470,13138
2097,365402,365393,9,9,2,4,5,4,5,9,0,0,0,27086,26086,13474,13142
2098,365751,365735,16,16,2,5,11,5,11,16,0,0,0,27102,26102,13479,13147
2099,366100,366094,6,6,2,6,0,6,0,6,0,0,0,27108,26108,13485,13153
2100,366450,366413,39,35,3,6,33,6,29,33,2,0,0,27147,26143,13491,13159
2101,366799,366782,24,13,5,20,4,10,3,11,1,0,1,27171,26156,13511,13169
2102,367149,367131,18,18,2,8,10,8,10,18,0,0,0,27189,26174,13519,13177
2103,367499,367494,5,5,2,3,2,3,2,5,0,0,0,27194,26179,13522,13180
2104,367849,367822,27,27,2,10,17,10,17,27,0,0,0,27221,26206,13532,13190
2105,368199,368188,11,11,2,5,6,5,6,11,0,0,0,27232,26217,13537,13195
2106,368550,368517,33,33,2,7,26,7,26,33,0,0,0,27265,26250,13544,13202
2107,368900,368878,22,22,2,16,6,16,6,22,0,0,0,27287,26272,13560,13218
2108,369251,369216,36,34,3,13,23,12,22,33,1,0,0,27323,26306,13573,13230
2109,369602,369564,39,37,3,21,18,19,18,36,1,0,0,27362,26343,13594,13249
2110,369953,369932,21,21,2,9,12,9,12,21,0,0,0,27383,26364,13603,13258
2111,370304,370297,7,7,2,7,0,7,0,7,0,0,0,27390,26371,13610,13265
2112,370656,370614,44,40,3,6,38,6,34,38,2,0,0,27434,26411,13616,13271
2113,371007,371000,7,7,2,7,0,7,0,7,0,0,0,27441,26418,13623,13278
2114,371359,371338,21,21,2,8,13,8,13,21,0,0,0,27462,26439,13631,13286
2115,371711,371698,13,13,2,4,9,4,9,13,0,0,0,27475,26452,13635,13290
2116,372063,372037,26,26,2,12,14,12,14,26,0,0,0,27501,26478,13647,13302
2117,372415,372400,15,15,2,13,2,13,2,15,0,0,0,27516,26493,13660,13315
2118,372768,372754,14,14,2,2,12,2,12,14,0,0,0,27530,26507,13662,13317
2119,373120,373100,20,20,2,19,1,19,1,20,0,0,0,27550,26527,13681,13336
2120,373473,373446,27,27,2,8,19,8,19,27,0,0,0,27577,26554,13689,13344
2121,373826,373812,14,14,2,10,4,10,4,14,0,0,0,27591,26568,13699,13354
2122,374179,374162,17,17,2,11,6,11,6,17,0,0,0,27608,26585,13710,13365
2123,374532,374518,14,14,2,11,3,11,3,14,0,0,0,27622,26599,13721,13376
2124,374886,374856,31,29,3,4,27,4,25,28,1,0,0,27653,26628,13725,13380
2125,375239,375225,14,14,2,7,7,7,7,14,0,0,0,27667,26642,13732,13387
2126,375593,375579,14,14,2,5,9,5,9,14,0,0,0,27681,26656,13737,13392
2127,375947,375929,18,18,2,10,8,10,8,18,0,0,0,27699,26674,13747,13402
2128,376301,376265,36,36,2,7,29,7,29,36,0,0,0,27735,26710,13754,13409
2129,376655,376641,14,14,2,14,0,14,0,14,0,0,0,27749,26724,13768,13423
2130,377010,376986,25,23,3,2,23,2,21,22,1,0,0,27774,26747,13770,13425
2131,377364,377357,7,7,2,7,0,7,0,7,0,0,0,27781,26754,13777,13432
2132,377719,377702,17,17,2,6,11,6,11,17,0,0,0,27798,26771,13783,13438
2133,378074,378058,16,16,2,8,8,8,8,16,0,0,0,27814,26787,13791,13446
2134,378429,378407,22,22,2,12,10,12,10,22,0,0,0,27836,26809,13803,13458
2135,378784,378754,30,30,2,20,10,20,10,30,0,0,0,27866,26839,13823,13478
2136,379140,379119,22,20,3,7,15,6,14,19,1,0,0,27888,26859,13830,13484
2137,379495,379481,14,14,2,14,0,14,0,14,0,0,0,27902,26873,13844,13498
2138,379851,379827,24,24,2,11,13,11,13,24,0,0,0,27926,26897,13855,13509
2139,380207,380182,25,25,2,15,10,15,10,25,0,0,0,27951,26922,13870,13524
2140,380563,380545,19,17,3,4,15,3,14,16,1,0,0,27970,26939,13874,13527
2141,380919,380912,7,7,2,7,0,7,0,7,0,0,0,27977,26946,13881,13534
2142,381276,381238,39,37,3,9,30,9,28,36,1,0,0,28016,26983,13890,13543
2143,381632,381623,9,9,2,9,0,9,0,9,0,0,0,28025,26992,13899,13552
2144,381989,381971,18,18,2,2,16,2,16,18,0,0,0,28043,27010,13901,13554
2145,382346,382305,42,40,3,16,26,16,24,39,1,0,0,28085,27050,13917,13570
2146,382703,382676,28,26,3,15,13,13,13,25,1,0,0,28113,27076,13932,13583
2147,383060,383045,15,15,2,14,1,14,1,15,0,0,0,28128,27091,13946,13597
2148,383418,383396,22,22,2,3,19,3,19,22,0,0,0,28150,27113,13949,13600
2149,383775,383765,10,10,2,10,0,10,0,10,0,0,0,28160,27123,13959,13610
2150,384133,384105,28,28,2,11,17,11,17,28,0,0,0,28188,27151,13970,13621
2151,384491,384483,8,8,2,4,4,4,4,8,0,0,0,28196,27159,13974,13625
2152,384849,384833,16,16,2,2,14,2,14,16,0,0,0,28212,27175,13976,13627
2153,385207,385201,6,6,2,6,0,6,0,6,0,0,0,28218,27181,13982,13633
2154,385566,385549,17,17,2,3,14,3,14,17,0,0,0,28235,27198,13985,13636
2155,385924,385911,13,13,2,9,4,9,4,13,0,0,0,28248,27211,13994,13645
2156,386283,386245,44,33,4,16,28,16,17,29,3,1,0,28292,27244,14010,13661
2157,386642,386627,15,15,2,10,5,10,5,15,0,0,0,28307,27259,14020,13671
2158,387001,386978,23,23,2,12,11,12,11,23,0,0,0,28330,27282,14032,13683
2159,387360,387343,17,17,2,16,1,16,1,17,0,0,0,28347,27299,14048,13699
2160,387720,387679,41,41,2,5,36,5,36,41,0,0,0,28388,27340,14053,13704
2161,388079,388065,14,14,2,14,0,14,0,14,0,0,0,28402,27354,14067,13718
2162,388439,388410,33,25,3,19,14,16,9,21,4,0,0,28435,27379,14086,13734
2163,388799,388769,30,30,2,16,14,16,14,30,0,0,0,28465,27409,14102,13750
2164,389159,389134,25,25,2,10,15,10,15,25,0,0,0,28490,27434,14112,13760
2165,389519,389499,20,20,2,11,9,11,9,20,0,0,0,28510,27454,14123,13771
2166,389880,389840,40,40,2,14,26,14,26,40,0,0,0,28550,27494,14137,13785
2167,390240,390226,14,14,2,12,2,12,2,14,0,0,0,28564,27508,14149,13797
2168,390601,390570,32,30,3,12,20,11,19,29,1,0,0,28596,27538,14161,13808
2169,390962,390944,18,18,2,5,13,5,13,18,0,0,0,28614,27556,14166,13813
2170,391323,391273,50,50,2,15,35,15,35,50,0,0,0,28664,27606,14181,13828
2171,391684,391673,11,11,2,10,1,10,1,11,0,0,0,28675,27617,14191,13838
2172,392046,392010,36,36,2,7,29,7,29,36,0,0,0,28711,27653,14198,13845
2173,392407,392392,17,13,3,15,2,11,2,11,2,0,0,28728,27666,14213,13856
2174,392769,392752,17,17,2,5,12,5,12,17,0,0,0,28745,27683,14218,13861
2175,393131,393105,28,24,3,10,18,10,14,22,2,0,0,28773,27707,14228,13871
2176,393493,393469,26,22,3,8,18,8,14,20,2,0,0,28799,27729,14236,13879
2177,393855,393846,9,9,2,5,4,5,4,9,0,0,0,28808,27738,14241,13884
2178,394218,394195,23,23,2,5,18,5,18,23,0,0,0,28831,27761,14246,13889
2179,394580,394568,12,12,2,12,0,12,0,12,0,0,0,28843,27773,14258,13901
2180,394943,394912,31,31,2,9,22,9,22,31,0,0,0,28874,27804,14267,13910
2181,395306,395291,15,15,2,8,7,8,7,15,0,0,0,28889,27819,14275,13918
2182,395669,395651,18,18,2,7,11,7,11,18,0,0,0,28907,27837,14282,13925
2183,396032,396017,15,15,2,14,1,14,1,15,0,0,0,28922,27852,14296,13939
2184,396396,396339,59,55,3,8,51,8,47,53,2,0,0,28981,27907,14304,13947
2185,396759,396740,20,18,3,13,7,13,5,17,1,0,0,29001,27925,14317,13960
2186,397123,397111,12,12,2,6,6,6,6,12,0,0,0,29013,27937,14323,13966
2187,397487,397479,8,8,2,6,2,6,2,8,0,0,0,29021,27945,14329,13972
2188,397851,397825,26,26,2,11,15,11,15,26,0,0,0,29047,27971,14340,13983
2189,398215,398198,17,17,2,17,0,17,0,17,0,0,0,29064,27988,14357,14000
2190,398580,398534,46,46,2,10,36,10,36,46,0,0,0,29110,28034,14367,14010
2191,398944,398928,16,16,2,11,5,11,5,16,0,0,0,29126,28050,14378,14021
2192,399309,399293,16,16,2,2,14,2,14,16,0,0,0,29142,28066,14380,14023
2193,399674,399655,20,18,3,12,8,12,6,17,1,0,0,29162,28084,14392,14035
2194,400039,400024,15,15,2,13,2,13,2,15,0,0,0,29177,28099,14405,14048
2195,400404,400389,15,15,2,10,5,10,5,15,0,0,0,29192,28114,14415,14058
2196,400770,400731,39,39,2,9,30,9,30,39,0,0,0,29231,28153,14424,14067
2197,401135,401118,17,17,2,14,3,14,3,17,0,0,0,29248,28170,14438,14081
2198,401501,401478,23,23,2,8,15,8,15,23,0,0,0,29271,28193,14446,14089
2199,401867,401851,16,16,2,12,4,12,4,16,0,0,0,29287,28209,14458,14101
2200,402233,402202,33,29,3,9,24,8,21,27,2,0,0,29320,28238,14467,14109
2201,402599,402585,15,13,3,13,2,11,2,12,1,0,0,29335,28251,14480,14120
2202,402966,402931,36,34,3,18,18,16,18,33,1,0,0,29371,28285,14498,14136
2203,403332,403324,8,8,2,8,0,8,0,8,0,0,0,29379,28293,14506,14144
2204,403699,403674,27,23,3,8,19,8,15,21,2,0,0,29406,28316,14514,14152
2205,404066,404027,40,38,3,9,31,9,29,37,1,0,0,29446,28354,14523,14161
2206,404433,404421,12,12,2,8,4,8,4,12,0,0,0,29458,28366,14531,14169
2207,404800,404792,8,8,2,8,0,8,0,8,0,0,0,29466,28374,14539,14177
2208,405168,405138,33,27,3,6,27,6,21,24,3,0,0,29499,28401,14545,14183
2209,405535,405527,8,8,2,8,0,8,0,8,0,0,0,29507,28409,14553,14191
2210,405903,405855,52,44,3,21,31,20,24,40,4,0,0,29559,28453,14574,14211
2211,406271,406248,23,23,2,13,10,13,10,23,0,0,0,29582,28476,14587,14224
2212,406639,406609,31,29,3,8,23,7,22,28,1,0,0,29613,28505,14595,14231
2213,407007,406995,12,12,2,12,0,12,0,12,0,0,0,29625,28517,14607,14243
2214,407376,407361,15,15,2,5,10,5,10,15,0,0,0,29640,28532,14612,14248
2215,407744,407728,16,16,2,9,7,9,7,16,0,0,0,29656,28548,14621,14257
2216,408113,408096,17,17,2,6,11,6,11,17,0,0,0,29673,28565,14627,14263
2217,408482,408468,14,14,2,7,7,7,7,14,0,0,0,29687,28579,14634,14270
2218,408851,408842,9,9,2,3,6,3,6,9,0,0,0,29696,28588,14637,14273
2219,409220,409211,9,9,2,6,3,6,3,9,0,0,0,29705,28597,14643,14279
2220,409590,409552,38,38,2,4,34,4,34,38,0,0,0,29743,28635,14647,14283
2221,409959,409944,15,15,2,15,0,15,0,15,0,0,0,29758,28650,14662,14298
2222,410329,410308,21,21,2,12,9,12,9,21,0,0,0,29779,28671,14674,14310
2223,410699,410657,43,41,3,21,22,19,22,40,1,0,0,29822,28712,14695,14329
2224,411069,411044,25,25,2,5,20,5,20,25,0,0,0,29847,28737,14700,14334
2225,411439,411427,12,12,2,9,3,9,3,12,0,0,0,29859,28749,14709,14343
2226,411810,411779,32,30,3,11,21,11,19,29,1,0,0,29891,28779,14720,14354
2227,412180,412168,13,11,3,11,2,9,2,10,1,0,0,29904,28790,14731,14363
2228,412551,412534,17,17,2,9,8,9,8,17,0,0,0,29921,28807,14740,14372
2229,412922,412906,16,16,2,14,2,14,2,16,0,0,0,29937,28823,14754,14386
2230,413293,413272,22,20,3,10,12,8,12,19,1,0,0,29959,28843,14764,14394
2231,413664,413651,13,13,2,10,3,10,3,13,0,0,0,29972,28856,14774,14404
2232,414036,413989,47,47,2,13,34,13,34,47,0,0,0,30019,28903,14787,14417
2233,414407,414392,15,15,2,12,3,12,3,15,0,0,0,30034,28918,14799,14429
2234,414779,414758,21,21,2,12,9,12,9,21,0,0,0,30055,28939,14811,14441
2235,415151,415136,15,15,2,8,7,8,7,15,0,0,0,30070,28954,14819,14449
2236,415523,415484,40,38,3,16,24,16,22,37,1,0,0,30110,28992,14835,14465
2237,415895,415888,7,7,2,7,0,7,0,7,0,0,0,30117,28999,14842,14472
2238,416268,416241,28,26,3,7,21,7,19,25,1,0,0,30145,29025,14849,14479
2239,416640,416631,9,9,2,9,0,9,0,9,0,0,0,30154,29034,14858,14488
2240,417013,416986,27,27,2,7,20,7,20,27,0,0,0,30181,29061,14865,14495
2241,417386,417378,8,8,2,4,4,4,4,8,0,0,0,30189,29069,14869,14499
2242,417759,417740,20,18,3,6,14,6,12,17,1,0,0,30209,29087,14875,14505
2243,418132,418124,8,8,2,8,0,8,0,8,0,0,0,30217,29095,14883,14513
2244,418506,418450,59,53,3,16,43,16,37,50,3,0,0,30276,29148,14899,14529
2245,418879,418870,9,9,2,8,1,8,1,9,0,0,0,30285,29157,14907,14537
2246,419253,419236,17,17,2,6,11,6,11,17,0,0,0,30302,29174,14913,14543
2247,419627,419608,19,19,2,13,6,13,6,19,0,0,0,30321,29193,14926,14556
2248,420001,419985,16,16,2,6,10,6,10,16,0,0,0,30337,29209,14932,14562
2249,420375,420365,10,10,2,10,0,10,0,10,0,0,0,30347,29219,14942,14572
2250,420750,420728,23,21,3,3,20,3,18,20,1,0,0,30370,29240,14945,14575
2251,421124,421114,10,10,2,10,0,10,0,10,0,0,0,30380,29250,14955,14585
2252,421499,421480,19,19,2,7,12,7,12,19,0,0,0,30399,29269,14962,14592
2253,421874,421850,24,24,2,14,10,14,10,24,0,0,0,30423,29293,14976,14606
2254,422249,422212,39,35,3,20,19,17,18,33,2,0,0,30462,29328,14996,14623
2255,422624,422602,22,22,2,15,7,15,7,22,0,0,0,30484,29350,15011,14638
2256,423000,422958,44,40,3,9,35,9,31,38,2,0,0,30528,29390,15020,14647
2257,423375,423357,18,18,2,15,3,15,3,18,0,0,0,30546,29408,15035,14662
2258,423751,423730,22,20,3,9,13,7,13,19,1,0,0,30568,29428,15044,14669
2259,424127,424115,12,12,2,5,7,5,7,12,0,0,0,30580,29440,15049,14674
2260,424503,424481,22,22,2,10,12,10,12,22,0,0,0,30602,29462,15059,14684
2261,424879,424849,32,28,3,26,6,22,6,26,2,0,0,30634,29490,15085,14706
2262,425256,425219,38,36,3,8,30,9,27,35,1,0,0,30672,29526,15093,14715
2263,425632,425615,17,17,2,14,3,14,3,17,0,0,0,30689,29543,15107,14729
2264,426009,425987,22,22,2,11,11,11,11,22,0,0,0,30711,29565,15118,14740
2265,426386,426368,18,18,2,13,5,13,5,18,0,0,0,30729,29583,15131,14753
2266,426763,426742,21,21,2,7,14,7,14,21,0,0,0,30750,29604,15138,14760
2267,427140,427122,18,18,2,18,0,18,0,18,0,0,0,30768,29622,15156,14778
2268,427518,427482,38,34,3,5,33,5,29,32,2,0,0,30806,29656,15161,14783
2269,427895,427879,16,16,2,16,0,16,0,16,0,0,0,30822,29672,15177,14799
2270,428273,428263,10,10,2,2,8,2,8,10,0,0,0,30832,29682,15179,14801
2271,428651,428635,17,15,3,8,9,7,8,14,1,0,0,30849,29697,15187,14808
2272,429029,429011,18,18,2,6,12,6,12,18,0,0,0,30867,29715,15193,14814
2273,429407,429394,13,13,2,13,0,13,0,13,0,0,0,30880,29728,15206,14827
2274,429786,429751,35,35,2,9,26,9,26,35,0,0,0,30915,29763,15215,14836
2275,430164,430138,26,26,2,12,14,12,14,26,0,0,0,30941,29789,15227,14848
2276,430543,430525,18,18,2,10,8,10,8,18,0,0,0,30959,29807,15237,14858
2277,430922,430888,35,33,3,20,15,18,15,32,1,0,0,30994,29840,15257,14876
2278,431301,431275,26,26,2,16,10,16,10,26,0,0,0,31020,29866,15273,14892
2279,431680,431667,13,13,2,10,3,10,3,13,0,0,0,31033,29879,15283,14902
2280,432060,432001,63,55,3,10,53,9,46,51,4,0,0,31096,29934,15293,14911
2281,432439,432421,18,18,2,18,0,18,0,18,0,0,0,31114,29952,15311,14929
2282,432819,432799,20,20,2,6,14,6,14,20,0,0,0,31134,29972,15317,14935
2283,433199,433179,20,20,2,14,6,14,6,20,0,0,0,31154,29992,15331,14949
2284,433579,433559,21,19,3,13,8,12,7,18,1,0,0,31175,30011,15344,14961
2285,433959,433947,12,12,2,7,5,7,5,12,0,0,0,31187,30023,15351,14968
2286,434340,434309,31,31,2,7,24,7,24,31,0,0,0,31218,30054,15358,14975
2287,434720,434709,11,11,2,11,0,11,0,11,0,0,0,31229,30065,15369,14986
2288,435101,435053,49,47,3,14,35,14,33,46,1,0,0,31278,30112,15383,15000
2289,435482,435462,20,20,2,10,10,10,10,20,0,0,0,31298,30132,15393,15010
2290,435863,435839,24,24,2,9,15,9,15,24,0,0,0,31322,30156,15402,15019
2291,436244,436227,17,17,2,16,1,16,1,17,0,0,0,31339,30173,15418,15035
2292,436626,436603,24,22,3,4,20,4,18,21,1,0,0,31363,30195,15422,15039
2293,437007,436999,8,8,2,8,0,8,0,8,0,0,0,31371,30203,15430,15047
2294,437389,437362,28,26,3,12,16,12,14,25,1,0,0,31399,30229,15442,15059
2295,437771,437742,29,29,2,11,18,11,18,29,0,0,0,31428,30258,15453,15070
2296,438153,438125,29,27,3,11,18,9,18,26,1,0,0,31457,30285,15464,15079
2297,438535,438522,13,13,2,13,0,13,0,13,0,0,0,31470,30298,15477,15092
2298,438918,438891,29,25,3,7,22,7,18,23,2,0,0,31499,30323,15484,15099
2299,439300,439284,17,15,3,11,6,11,4,14,1,0,0,31516,30338,15495,15110
2300,439683,439641,49,38,5,22,27,15,23,36,1,0,1,31565,30376,15517,15125
2301,440066,440046,20,20,2,9,11,9,11,20,0,0,0,31585,30396,15526,15134
2302,440449,440435,14,14,2,4,10,4,10,14,0,0,0,31599,30410,15530,15138
2303,440832,440816,16,16,2,16,0,16,0,16,0,0,0,31615,30426,15546,15154
2304,441216,441194,22,22,2,8,14,8,14,22,0,0,0,31637,30448,15554,15162
2305,441599,441582,17,17,2,16,1,16,1,17,0,0,0,31654,30465,15570,15178
2306,441983,441969,14,14,2,6,8,6,8,14,0,0,0,31668,30479,15576,15184
2307,442367,442353,14,14,2,8,6,8,6,14,0,0,0,31682,30493,15584,15192
2308,442751,442730,21,21,2,11,10,11,10,21,0,0,0,31703,30514,15595,15203
2309,443135,443121,14,14,2,14,0,14,0,14,0,0,0,31717,30528,15609,15217
2310,443520,443474,46,46,2,8,38,8,38,46,0,0,0,31763,30574,15617,15225
2311,443904,443886,18,18,2,18,0,18,0,18,0,0,0,31781,30592,15635,15243
2312,444289,444263,27,25,3,7,20,7,18,24,1,0,0,31808,30617,15642,15250
2313,444674,444656,18,18,2,6,12,6,12,18,0,0,0,31826,30635,15648,15256
2314,445059,445039,20,20,2,11,9,11,9,20,0,0,0,31846,30655,15659,15267
2315,445444,445425,19,19,2,14,5,14,5,19,0,0,0,31865,30674,15673,15281
2316,445830,445795,35,35,2,10,25,10,25,35,0,0,0,31900,30709,15683,15291
2317,446215,446199,16,16,2,14,2,14,2,16,0,0,0,31916,30725,15697,15305
2318,446601,446563,39,37,3,18,21,17,20,36,1,0,0,31955,30762,15715,15322
2319,446987,446973,14,14,2,9,5,9,5,14,0,0,0,31969,30776,15724,15331
2320,447373,447347,26,26,2,8,18,8,18,26,0,0,0,31995,30802,15732,15339
2321,447759,447741,18,18,2,14,4,14,4,18,0,0,0,32013,30820,15746,15353
2322,448146,448116,30,30,2,8,22,8,22,30,0,0,0,32043,30850,15754,15361
2323,448532,448514,18,18,2,17,1,17,1,18,0,0,0,32061,30868,15771,15378
2324,448919,448889,30,30,2,12,18,12,18,30,0,0,0,32091,30898,15783,15390
2325,449306,449279,30,25,4,13,17,14,11,24,0,1,0,32121,30923,15796,15404
2326,449693,449675,18,18,2,7,11,7,11,18,0,0,0,32139,30941,15803,15411
2327,450080,450070,10,10,2,9,1,9,1,10,0,0,0,32149,30951,15812,15420
2328,450468,450432,36,36,2,3,33,3,33,36,0,0,0,32185,30987,15815,15423
2329,450855,450841,14,14,2,12,2,12,2,14,0,0,0,32199,31001,15827,15435
2330,451243,451227,16,16,2,4,12,4,12,16,0,0,0,32215,31017,15831,15439
2331,451631,451595,38,34,3,14,24,14,20,32,2,0,0,32253,31051,15845,15453
2332,452019,452000,19,19,2,6,13,6,13,19,0,0,0,32272,31070,15851,15459
2333,452407,452400,7,7,2,7,0,7,0,7,0,0,0,32279,31077,15858,15466
2334,452796,452774,22,22,2,6,16,6,16,22,0,0,0,32301,31099,15864,15472
2335,453184,453173,11,11,2,8,3,8,3,11,0,0,0,32312,31110,15872,15480
2336,453573,453559,15,13,3,0,15,0,13,12,1,0,0,32327,31123,15872,15480
2337,453962,453944,19,17,3,14,5,12,5,16,1,0,0,32346,31140,15886,15492
2338,454351,454333,18,18,2,8,10,8,10,18,0,0,0,32364,31158,15894,15500
2339,454740,454733,7,7,2,7,0,7,0,7,0,0,0,32371,31165,15901,15507
2340,455130,455065,66,64,3,10,56,11,53,63,1,0,0,32437,31229,15911,15518
2341,455519,455503,16,16,2,16,0,16,0,16,0,0,0,32453,31245,15927,15534
2342,455909,455883,26,26,2,15,11,15,11,26,0,0,0,32479,31271,15942,15549
2343,456299,456266,35,31,3,16,19,15,16,29,2,0,0,32514,31302,15958,15564
2344,456689,456672,17,17,2,8,9,8,9,17,0,0,0,32531,31319,15966,15572
2345,457079,457052,29,25,3,16,13,14,11,23,2,0,0,32560,31344,15982,15586
2346,457470,457443,27,27,2,11,16,11,16,27,0,0,0,32587,31371,15993,15597
2347,457860,457852,8,8,2,8,0,8,0,8,0,0,0,32595,31379,16001,15605
2348,458251,458238,13,13,2,2,11,2,11,13,0,0,0,32608,31392,16003,15607
2349,458642,458621,22,20,3,15,7,14,6,19,1,0,0,32630,31412,16018,15621
2350,459033,459013,20,20,2,6,14,6,14,20,0,0,0,32650,31432,16024,15627
2351,459424,459419,5,5,2,5,0,5,0,5,0,0,0,32655,31437,16029,15632
2352,459816,459763,56,50,3,14,42,13,37,47,3,0,0,32711,31487,16043,15645
2353,460207,460189,19,17,3,17,2,16,1,16,1,0,0,32730,31504,16060,15661
2354,460599,460574,25,25,2,7,18,7,18,25,0,0,0,32755,31529,16067,15668
2355,460991,460961,30,30,2,14,16,14,16,30,0,0,0,32785,31559,16081,15682
2356,461383,461341,43,41,3,23,20,22,19,40,1,0,0,32828,31600,16104,15704
2357,461775,461765,10,10,2,10,0,10,0,10,0,0,0,32838,31610,16114,15714
2358,462168,462142,26,26,2,4,22,4,22,26,0,0,0,32864,31636,16118,15718
2359,462560,462550,10,10,2,9,1,9,1,10,0,0,0,32874,31646,16127,15727
2360,462953,462935,18,18,2,6,12,6,12,18,0,0,0,32892,31664,16133,15733
2361,463346,463336,10,10,2,4,6,4,6,10,0,0,0,32902,31674,16137,15737
2362,463739,463726,13,13,2,9,4,9,4,13,0,0,0,32915,31687,16146,15746
2363,464132,464111,21,21,2,16,5,16,5,21,0,0,0,32936,31708,16162,15762
2364,464526,464494,32,32,2,10,22,10,22,32,0,0,0,32968,31740,16172,15772
2365,464919,464891,29,27,3,21,8,20,7,26,1,0,0,32997,31767,16193,15792
2366,465313,465269,46,42,3,17,29,17,25,40,2,0,0,33043,31809,16210,15809
2367,465707,465694,13,13,2,2,11,2,11,13,0,0,0,33056,31822,16212,15811
2368,466101,466075,27,25,3,7,20,7,18,24,1,0,0,33083,31847,16219,15818
2369,466495,466478,17,17,2,16,1,16,1,17,0,0,0,33100,31864,16235,15834
2370,466890,466847,43,43,2,9,34,9,34,43,0,0,0,33143,31907,16244,15843
2371,467284,467268,16,16,2,16,0,16,0,16,0,0,0,33159,31923,16260,15859
2372,467679,467660,19,19,2,15,4,15,4,19,0,0,0,33178,31942,16275,15874
2373,468074,468062,12,12,2,8,4,8,4,12,0,0,0,33190,31954,16283,15882
2374,468469,468455,14,14,2,10,4,10,4,14,0,0,0,33204,31968,16293,15892
2375,468864,468849,15,15,2,8,7,8,7,15,0,0,0,33219,31983,16301,15900
2376,469260,469227,34,32,3,1,33,1,31,31,1,0,0,33253,32015,16302,15901
2377,469655,469646,9,9,2,9,0,9,0,9,0,0,0,33262,32024,16311,15910
2378,470051,470019,35,29,3,20,15,17,12,26,3,0,0,33297,32053,16331,15927
2379,470447,470419,28,28,2,12,16,12,16,28,0,0,0,33325,32081,16343,15939
2380,470843,470807,37,35,3,10,27,10,25,34,1,0,0,33362,32116,16353,15949
2381,471239,471230,9,9,2,9,0,9,0,9,0,0,0,33371,32125,16362,15958
2382,471636,471604,32,32,2,9,23,9,23,32,0,0,0,33403,32157,16371,15967
2383,472032,472021,11,11,2,11,0,11,0,11,0,0,0,33414,32168,16382,15978
2384,472429,472406,24,22,3,11,13,9,13,21,1,0,0,33438,32190,16393,15987
2385,472826,472806,20,20,2,7,13,7,13,20,0,0,0,33458,32210,16400,15994
2386,473223,473200,24,22,3,12,12,11,11,21,1,0,0,33482,32232,16412,16005
2387,473620,473585,35,35,2,24,11,24,11,35,0,0,0,33517,32267,16436,16029
2388,474018,473988,30,30,2,8,22,8,22,30,0,0,0,33547,32297,16444,16037
2389,474415,474400,15,15,2,15,0,15,0,15,0,0,0,33562,32312,16459,16052
2390,474813,474794,19,19,2,6,13,6,13,19,0,0,0,33581,32331,16465,16058
2391,475211,475198,13,13,2,9,4,9,4,13,0,0,0,33594,32344,16474,16067
2392,475609,475579,31,29,3,7,24,7,22,28,1,0,0,33625,32373,16481,16074
2393,476007,476001,6,6,2,6,0,6,0,6,0,0,0,33631,32379,16487,16080
2394,476406,476339,67,67,2,14,53,14,53,67,0,0,0,33698,32446,16501,16094
2395,476804,476792,12,12,2,9,3,9,3,12,0,0,0,33710,32458,16510,16103
2396,477203,477185,18,18,2,10,8,10,8,18,0,0,0,33728,32476,16520,16113
2397,477602,477578,24,24,2,15,9,15,9,24,0,0,0,33752,32500,16535,16128
2398,478001,477975,26,26,2,14,12,14,12,26,0,0,0,33778,32526,16549,16142
2399,478400,478391,9,9,2,9,0,9,0,9,0,0,0,33787,32535,16558,16151
2400,478800,478764,37,35,3,7,30,7,28,34,1,0,0,33824,32570,16565,16158
2401,479199,479168,31,31,2,25,6,25,6,31,0,0,0,33855,32601,16590,16183
2402,479599,479581,18,18,2,9,9,9,9,18,0,0,0,33873,32619,16599,16192
2403,479999,479985,14,14,2,4,10,4,10,14,0,0,0,33887,32633,16603,16196
2404,480399,480372,27,27,2,10,17,10,17,27,0,0,0,33914,32660,16613,16206
2405,480799,480759,41,39,3,28,13,27,12,38,1,0,0,33955,32699,16641,16233
2406,481200,481179,22,20,3,3,19,3,17,19,1,0,0,33977,32719,16644,16236
2407,481600,481577,27,20,4,26,1,19,1,18,1,1,0,34004,32739,16670,16255
2408,482001,481950,52,50,3,18,34,17,33,49,1,0,0,34056,32789,16688,16272
2409,482402,482379,23,23,2,12,11,12,11,23,0,0,0,34079,32812,16700,16284
2410,482803,482780,23,23,2,7,16,7,16,23,0,0,0,34102,32835,16707,16291
2411,483204,483195,9,9,2,9,0,9,0,9,0,0,0,34111,32844,16716,16300
2412,483606,483564,42,42,2,7,35,7,35,42,0,0,0,34153,32886,16723,16307
2413,484007,483995,12,12,2,11,1,11,1,12,0,0,0,34165,32898,16734,16318
2414,484409,484391,19,17,3,12,7,11,6,16,1,0,0,34184,32915,16746,16329
2415,484811,484777,35,33,3,10,25,10,23,32,1,0,0,34219,32948,16756,16339
2416,485213,485186,27,27,2,8,19,8,19,27,0,0,0,34246,32975,16764,16347
2417,485615,485604,12,10,3,12,0,10,0,9,1,0,0,34258,32985,16776,16357
2418,486018,485964,55,53,3,15,40,15,38,52,1,0,0,34313,33038,16791,16372
2419,486420,486407,14,12,3,14,0,12,0,11,1,0,0,34327,33050,16805,16384
2420,486823,486791,32,32,2,9,23,9,23,32,0,0,0,34359,33082,16814,16393
2421,487226,487209,17,17,2,8,9,8,9,17,0,0,0,34376,33099,16822,16401
2422,487629,487616,13,13,2,4,9,4,9,13,0,0,0,34389,33112,16826,16405
2423,488032,488027,5,5,2,5,0,5,0,5,0,0,0,34394,33117,16831,16410
2424,488436,488411,25,25,2,8,17,8,17,25,0,0,0,34419,33142,16839,16418
2425,488839,488829,11,9,3,6,5,5,4,8,1,0,0,34430,33151,16845,16423
2426,489243,489225,18,18,2,12,6,12,6,18,0,0,0,34448,33169,16857,16435
2427,489647,489630,17,17,2,11,6,11,6,17,0,0,0,34465,33186,16868,16446
2428,490051,490029,22,22,2,9,13,9,13,22,0,0,0,34487,33208,16877,16455
2429,490455,490441,14,14,2,11,3,11,3,14,0,0,0,34501,33222,16888,16466
2430,490860,490825,36,34,3,5,31,5,29,33,1,0,0,34537,33256,16893,16471
2431,491264,491233,33,29,3,20,13,20,9,27,2,0,0,34570,33285,16913,16491
2432,491669,491651,18,18,2,3,15,3,15,18,0,0,0,34588,33303,16916,16494
2433,492074,492050,24,24,2,18,6,18,6,24,0,0,0,34612,33327,16934,16512
2434,492479,492467,12,12,2,9,3,9,3,12,0,0,0,34624,33339,16943,16521
2435,492884,492866,19,17,3,13,6,11,6,16,1,0,0,34643,33356,16956,16532
2436,493290,493251,39,39,2,11,28,11,28,39,0,0,0,34682,33395,16967,16543
2437,493695,493685,10,10,2,10,0,10,0,10,0,0,0,34692,33405,16977,16553
2438,494101,494072,29,29,2,12,17,12,17,29,0,0,0,34721,33434,16989,16565
2439,494507,494484,23,23,2,12,11,12,11,23,0,0,0,34744,33457,17001,16577
2440,494913,494886,27,27,2,8,19,8,19,27,0,0,0,34771,33484,17009,16585
2441,495319,495315,4,4,2,4,0,4,0,4,0,0,0,34775,33488,17013,16589
2442,495726,495682,47,42,4,14,33,13,29,41,0,1,0,34822,33530,17027,16602
2443,496132,496113,19,19,2,13,6,13,6,19,0,0,0,34841,33549,17040,16615
2444,496539,496505,35,33,3,14,21,14,19,32,1,0,0,34876,33582,17054,16629
2445,496946,496928,18,18,2,10,8,10,8,18,0,0,0,34894,33600,17064,16639
2446,497353,497341,12,12,2,6,6,6,6,12,0,0,0,34906,33612,17070,16645
2447,497760,497747,13,13,2,13,0,13,0,13,0,0,0,34919,33625,17083,16658
2448,498168,498127,48,35,4,9,39,8,27,30,4,1,0,34967,33660,17092,16666
2449,498575,498559,17,15,3,15,2,13,2,14,1,0,0,34984,33675,17107,16679
2450,498983,498938,49,42,4,13,36,13,29,40,1,1,0,35033,33717,17120,16692
2451,499391,499373,19,17,3,10,9,10,7,16,1,0,0,35052,33734,17130,16702
2452,499799,499777,22,22,2,11,11,11,11,22,0,0,0,35074,33756,17141,16713
2453,500207,500203,4,4,2,4,0,4,0,4,0,0,0,35078,33760,17145,16717
2454,500616,500586,30,30,2,7,23,7,23,30,0,0,0,35108,33790,17152,16724
2455,501024,501018,6,6,2,5,1,5,1,6,0,0,0,35114,33796,17157,16729
2456,501433,501405,28,28,2,14,14,14,14,28,0,0,0,35142,33824,17171,16743
2457,501842,501792,51,49,3,18,33,18,31,48,1,0,0,35193,33873,17189,16761
2458,502251,502238,13,13,2,7,6,7,6,13,0,0,0,35206,33886,17196,16768
2459,502660,502653,7,7,2,7,0,7,0,7,0,0,0,35213,33893,17203,16775
2460,503070,503043,29,25,3,2,27,2,23,23,2,0,0,35242,33918,17205,16777
2461,503479,503462,17,17,2,14,3,14,3,17,0,0,0,35259,33935,17219,16791
2462,503889,503880,9,9,2,5,4,5,4,9,0,0,0,35268,33944,17224,16796
2463,504299,504286,13,13,2,10,3,10,3,13,0,0,0,35281,33957,17234,16806
2464,504709,504671,44,33,4,6,38,4,29,29,3,1,0,35325,33990,17240,16810
2465,505119,505096,23,23,2,12,11,12,11,23,0,0,0,35348,34013,17252,16822
2466,505530,505507,23,23,2,6,17,6,17,23,0,0,0,35371,34036,17258,16828
2467,505940,505932,8,8,2,8,0,8,0,8,0,0,0,35379,34044,17266,16836
2468,506351,506330,21,21,2,8,13,8,13,21,0,0,0,35400,34065,17274,16844
2469,506762,506746,16,16,2,10,6,10,6,16,0,0,0,35416,34081,17284,16854
2470,507173,507115,60,56,3,25,35,25,31,54,2,0,0,35476,34137,17309,16879
2471,507584,507570,14,14,2,11,3,11,3,14,0,0,0,35490,34151,17320,16890
2472,507996,507966,30,30,2,2,28,2,28,30,0,0,0,35520,34181,17322,16892
2473,508407,508394,13,13,2,13,0,13,0,13,0,0,0,35533,34194,17335,16905
2474,508819,508796,23,23,2,10,13,10,13,23,0,0,0,35556,34217,17345,16915
2475,509231,509212,19,19,2,6,13,6,13,19,0,0,0,35575,34236,17351,16921
2476,509643,509625,18,18,2,10,8,10,8,18,0,0,0,35593,34254,17361,16931
2477,510055,510042,13,13,2,13,0,13,0,13,0,0,0,35606,34267,17374,16944
2478,510468,510438,31,29,3,7,24,5,24,28,1,0,0,35637,34296,17381,16949
2479,510880,510864,19,14,4,18,1,13,1,13,0,1,0,35656,34310,17399,16962
2480,511293,511250,43,43,2,15,28,15,28,43,0,0,0,35699,34353,17414,16977
2481,511706,511688,18,18,2,14,4,14,4,18,0,0,0,35717,34371,17428,16991
2482,512119,512093,27,25,3,11,16,10,15,24,1,0,0,35744,34396,17439,17001
2483,512532,512519,13,13,2,9,4,9,4,13,0,0,0,35757,34409,17448,17010
2484,512946,512922,27,22,4,3,24,3,19,21,0,1,0,35784,34431,17451,17013
2485,513359,513339,20,20,2,10,10,10,10,20,0,0,0,35804,34451,17461,17023
2486,513773,513754,19,19,2,7,12,7,12,19,0,0,0,35823,34470,17468,17030
2487,514187,514168,19,19,2,14,5,14,5,19,0,0,0,35842,34489,17482,17044
2488,514601,514575,26,26,2,9,17,9,17,26,0,0,0,35868,34515,17491,17053
2489,515015,514995,21,19,3,19,2,17,2,18,1,0,0,35889,34534,17510,17070
2490,515430,515393,39,35,3,12,27,12,23,33,2,0,0,35928,34569,17522,17082
2491,515844,515827,17,17,2,15,2,15,2,17,0,0,0,35945,34586,17537,17097
2492,516259,516235,24,24,2,10,14,10,14,24,0,0,0,35969,34610,17547,17107
2493,516674,516652,22,22,2,16,6,16,6,22,0,0,0,35991,34632,17563,17123
2494,517089,517062,27,27,2,14,13,14,13,27,0,0,0,36018,34659,17577,17137
2495,517504,517482,22,22,2,17,5,17,5,22,0,0,0,36040,34681,17594,17154
2496,517920,517878,42,42,2,7,35,7,35,42,0,0,0,36082,34723,17601,17161
2497,518335,518326,9,9,2,8,1,8,1,9,0,0,0,36091,34732,17609,17169
2498,518751,518730,21,21,2,6,15,6,15,21,0,0,0,36112,34753,17615,17175
2499,519167,519126,41,41,2,21,20,21,20,41,0,0,0,36153,34794,17636,17196
2500,519583,519569,14,14,2,3,11,3,11,14,0,0,0,36167,34808,17639,17199
2501,519999,519981,19,17,3,17,2,15,2,16,1,0,0,36186,34825,17656,17214
2502,520416,520382,35,33,3,7,28,7,26,32,1,0,0,36221,34858,17663,17221
2503,520832,520819,13,13,2,13,0,13,0,13,0,0,0,36234,34871,17676,17234
2504,521249,521235,14,14,2,3,11,3,11,14,0,0,0,36248,34885,17679,17237
2505,521666,521650,16,16,2,5,11,5,11,16,0,0,0,36264,34901,17684,17242
2506,522083,522062,21,21,2,6,15,6,15,21,0,0,0,36285,34922,17690,17248
2507,522500,522482,18,18,2,16,2,16,2,18,0,0,0,36303,34940,17706,17264
2508,522918,522862,61,52,4,14,47,14,38,49,2,1,0,36364,34992,17720,17278
2509,523335,523320,15,15,2,12,3,12,3,15,0,0,0,36379,35007,17732,17290
2510,523753,523741,12,12,2,4,8,4,8,12,0,0,0,36391,35019,17736,17294
2511,524171,524149,22,22,2,10,12,10,12,22,0,0,0,36413,35041,17746,17304
2512,524589,524563,26,26,2,9,17,9,17,26,0,0,0,36439,35067,17755,17313
2513,525007,524992,15,15,2,10,5,10,5,15,0,0,0,36454,35082,17765,17323
2514,525426,525409,18,16,3,4,14,4,12,15,1,0,0,36472,35098,17769,17327
2515,525844,525830,15,13,3,11,4,10,3,12,1,0,0,36487,35111,17780,17337
2516,526263,526223,42,38,3,19,23,17,21,36,2,0,0,36529,35149,17799,17354
2517,526682,526661,21,21,2,9,12,9,12,21,0,0,0,36550,35170,17808,17363
2518,527101,527089,12,12,2,6,6,6,6,12,0,0,0,36562,35182,17814,17369
2519,527520,527505,16,14,3,13,3,11,3,13,1,0,0,36578,35196,17827,17380
2520,527940,527883,59,55,3,8,51,8,47,53,2,0,0,36637,35251,17835,17388
2521,528359,528348,11,11,2,11,0,11,0,11,0,0,0,36648,35262,17846,17399
2522,528779,528754,25,25,2,10,15,10,15,25,0,0,0,36673,35287,17856,17409
2523,529199,529185,14,14,2,9,5,9,5,14,0,0,0,36687,35301,17865,17418
2524,529619,529596,23,23,2,13,10,13,10,23,0,0,0,36710,35324,17878,17431
2525,530039,530023,16,16,2,13,3,13,3,16,0,0,0,36726,35340,17891,17444
2526,530460,530435,25,25,2,7,18,7,18,25,0,0,0,36751,35365,17898,17451
2527,530880,530856,24,24,2,17,7,17,7,24,0,0,0,36775,35389,17915,17468
2528,531301,531279,23,21,3,4,19,4,17,20,1,0,0,36798,35410,17919,17472
2529,531722,531707,15,15,2,8,7,8,7,15,0,0,0,36813,35425,17927,17480
2530,532143,532114,30,28,3,10,20,10,18,27,1,0,0,36843,35453,17937,17490
2531,532564,532560,4,4,2,4,0,4,0,4,0,0,0,36847,35457,17941,17494
2532,532986,532950,36,36,2,11,25,11,25,36,0,0,0,36883,35493,17952,17505
2533,533407,533390,17,17,2,16,1,16,1,17,0,0,0,36900,35510,17968,17521
2534,533829,533793,36,36,2,12,24,12,24,36,0,0,0,36936,35546,17980,17533
2535,534251,534204,48,46,3,19,29,19,27,45,1,0,0,36984,35592,17999,17552
2536,534673,534652,21,21,2,10,11,10,11,21,0,0,0,37005,35613,18009,17562
2537,535095,535077,19,17,3,18,1,16,1,16,1,0,0,37024,35630,18027,17578
2538,535518,535497,22,20,3,3,19,3,17,19,1,0,0,37046,35650,18030,17581
2539,535940,535927,13,13,2,13,0,13,0,13,0,0,0,37059,35663,18043,17594
2540,536363,536323,42,38,3,14,28,13,25,36,2,0,0,37101,35701,18057,17607
2541,536786,536767,19,19,2,10,9,10,9,19,0,0,0,37120,35720,18067,17617
2542,537209,537190,20,18,3,8,12,8,10,17,1,0,0,37140,35738,18075,17625
2543,537632,537617,15,15,2,15,0,15,0,15,0,0,0,37155,35753,18090,17640
2544,538056,538022,34,34,2,7,27,7,27,34,0,0,0,37189,35787,18097,17647
2545,538479,538466,13,13,2,9,4,9,4,13,0,0,0,37202,35800,18106,17656
2546,538903,538879,25,23,3,12,13,11,12,22,1,0,0,37227,35823,18118,17667
2547,539327,539305,22,22,2,14,8,14,8,22,0,0,0,37249,35845,18132,17681
2548,539751,539692,61,57,3,18,43,17,40,55,2,0,0,37310,35902,18150,17698
2549,540175,540168,7,7,2,7,0,7,0,7,0,0,0,37317,35909,18157,17705
2550,540600,540564,37,35,3,9,28,9,26,34,1,0,0,37354,35944,18166,17714
2551,541024,541007,20,15,4,20,0,15,0,14,0,1,0,37374,35959,18186,17729
2552,541449,541424,31,22,5,10,21,8,14,21,0,0,1,37405,35981,18196,17737
2553,541874,541848,26,26,2,19,7,19,7,26,0,0,0,37431,36007,18215,17756
2554,542299,542278,21,21,2,14,7,14,7,21,0,0,0,37452,36028,18229,17770
2555,542724,542693,31,31,2,18,13,18,13,31,0,0,0,37483,36059,18247,17788
2556,543150,543112,38,38,2,10,28,10,28,38,0,0,0,37521,36097,18257,17798
2557,543575,543563,12,12,2,12,0,12,0,12,0,0,0,37533,36109,18269,17810
2558,544001,543986,15,15,2,8,7,8,7,15,0,0,0,37548,36124,18277,17818
2559,544427,544417,10,10,2,8,2,8,2,10,0,0,0,37558,36134,18285,17826
2560,544853,544837,16,16,2,2,14,2,14,16,0,0,0,37574,36150,18287,17828
2561,545279,545264,15,15,2,13,2,13,2,15,0,0,0,37589,36165,18300,17841
2562,545706,545650,56,56,2,15,41,15,41,56,0,0,0,37645,36221,18315,17856
2563,546132,546116,16,16,2,14,2,14,2,16,0,0,0,37661,36237,18329,17870
2564,546559,546533,27,25,3,14,13,14,11,24,1,0,0,37688,36262,18343,17884
2565,546986,546955,31,31,2,12,19,12,19,31,0,0,0,37719,36293,18355,17896
2566,547413,547394,19,19,2,8,11,8,11,19,0,0,0,37738,36312,18363,17904
2567,547840,547826,14,14,2,13,1,13,1,14,0,0,0,37752,36326,18376,17917
2568,548268,548247,21,21,2,3,18,3,18,21,0,0,0,37773,36347,18379,17920
2569,548695,548669,26,26,2,20,6,20,6,26,0,0,0,37799,36373,18399,17940
2570,549123,549103,20,20,2,9,11,9,11,20,0,0,0,37819,36393,18408,17949
2571,549551,549529,22,22,2,18,4,18,4,22,0,0,0,37841,36415,18426,17967
2572,549979,549949,30,30,2,16,14,16,14,30,0,0,0,37871,36445,18442,17983
2573,550407,550387,20,20,2,18,2,18,2,20,0,0,0,37891,36465,18460,18001
2574,550836,550777,61,57,3,12,49,12,45,55,2,0,0,37952,36522,18472,18013
2575,551264,551248,17,15,3,10,7,9,6,14,1,0,0,37969,36537,18482,18022
2576,551693,551653,40,40,2,7,33,7,33,40,0,0,0,38009,36577,18489,18029
2577,552122,552104,19,17,3,14,5,13,4,16,1,0,0,38028,36594,18503,18042
2578,552551,552532,19,19,2,12,7,12,7,19,0,0,0,38047,36613,18515,18054
2579,552980,552975,5,5,2,5,0,5,0,5,0,0,0,38052,36618,18520,18059
2580,553410,553372,38,38,2,5,33,5,33,38,0,0,0,38090,36656,18525,18064
2581,553839,553823,17,15,3,15,2,13,2,14,1,0,0,38107,36671,18540,18077
2582,554269,554253,16,16,2,5,11,5,11,16,0,0,0,38123,36687,18545,18082
2583,554699,554677,23,21,3,11,12,10,11,20,1,0,0,38146,36708,18556,18092
2584,555129,555088,43,39,3,9,34,9,30,37,2,0,0,38189,36747,18565,18101
2585,555559,555541,19,17,3,14,5,13,4,16,1,0,0,38208,36764,18579,18114
2586,555990,555966,24,24,2,8,16,8,16,24,0,0,0,38232,36788,18587,18122
2587,556420,556406,14,14,2,14,0,14,0,14,0,0,0,38246,36802,18601,18136
2588,556851,556835,16,16,2,7,9,7,9,16,0,0,0,38262,36818,18608,18143
2589,557282,557269,13,13,2,5,8,5,8,13,0,0,0,38275,36831,18613,18148
2590,557713,557665,48,48,2,14,34,14,34,48,0,0,0,38323,36879,18627,18162
2591,558144,558132,12,12,2,12,0,12,0,12,0,0,0,38335,36891,18639,18174
2592,558576,558550,26,26,2,8,18,8,18,26,0,0,0,38361,36917,18647,18182
2593,559007,558993,14,14,2,14,0,14,0,14,0,0,0,38375,36931,18661,18196
2594,559439,559424,15,15,2,5,10,5,10,15,0,0,0,38390,36946,18666,18201
2595,559871,559857,14,14,2,8,6,8,6,14,0,0,0,38404,36960,18674,18209
2596,560303,560279,25,23,3,11,14,11,12,22,1,0,0,38429,36983,18685,18220
2597,560735,560716,21,17,3,17,4,15,2,15,2,0,0,38450,37000,18702,18235
2598,561168,561125,43,43,2,12,31,12,31,43,0,0,0,38493,37043,18714,18247
2599,561600,561584,16,16,2,15,1,15,1,16,0,0,0,38509,37059,18729,18262
2600,562033,561998,36,34,3,6,30,6,28,33,1,0,0,38545,37093,18735,18268
2601,562466,562445,22,20,3,7,15,7,13,19,1,0,0,38567,37113,18742,18275
2602,562899,562887,12,12,2,7,5,7,5,12,0,0,0,38579,37125,18749,18282
2603,563332,563321,11,11,2,9,2,9,2,11,0,0,0,38590,37136,18758,18291
2604,563766,563706,60,60,2,12,48,12,48,60,0,0,0,38650,37196,18770,18303
2605,564199,564183,16,16,2,13,3,13,3,16,0,0,0,38666,37212,18783,18316
2606,564633,564616,17,17,2,9,8,9,8,17,0,0,0,38683,37229,18792,18325
2607,565067,565044,23,23,2,14,9,14,9,23,0,0,0,38706,37252,18806,18339
2608,565501,565477,24,24,2,8,16,8,16,24,0,0,0,38730,37276,18814,18347
2609,565935,565927,8,8,2,8,0,8,0,8,0,0,0,38738,37284,18822,18355
2610,566370,566330,41,39,3,8,33,8,31,38,1,0,0,38779,37323,18830,18363
2611,566804,566784,21,19,3,14,7,14,5,18,1,0,0,38800,37342,18844,18377
2612,567239,567213,26,26,2,13,13,13,13,26,0,0,0,38826,37368,18857,18390
2613,567674,567642,32,32,2,18,14,18,14,32,0,0,0,38858,37400,18875,18408
2614,568109,568101,8,8,2,5,3,5,3,8,0,0,0,38866,37408,18880,18413
2615,568544,568522,23,21,3,17,6,16,5,20,1,0,0,38889,37429,18897,18429
2616,568980,568941,39,39,2,7,32,7,32,39,0,0,0,38928,37468,18904,18436
2617,569415,569399,17,15,3,17,0,15,0,14,1,0,0,38945,37483,18921,18451
2618,569851,569818,36,30,3,13,23,11,19,27,3,0,0,38981,37513,18934,18462
2619,570287,570260,28,26,3,12,16,11,15,25,1,0,0,39009,37539,18946,18473
2620,570723,570697,26,26,2,7,19,7,19,26,0,0,0,39035,37565,18953,18480
2621,571159,571148,11,11,2,11,0,11,0,11,0,0,0,39046,37576,18964,18491
2622,571596,571553,45,41,3,16,29,16,25,39,2,0,0,39091,37617,18980,18507
2623,572032,572012,20,20,2,17,3,17,3,20,0,0,0,39111,37637,18997,18524
2624,572469,572447,23,21,3,8,15,8,13,20,1,0,0,39134,37658,19005,18532
2625,572906,572884,23,21,3,7,16,7,14,20,1,0,0,39157,37679,19012,18539
2626,573343,573318,25,25,2,12,13,12,13,25,0,0,0,39182,37704,19024,18551
2627,573780,573762,19,17,3,17,2,15,2,16,1,0,0,39201,37721,19041,18566
2628,574218,574182,37,35,3,6,31,5,30,34,1,0,0,39238,37756,19047,18571
2629,574655,574638,18,16,3,16,2,15,1,15,1,0,0,39256,37772,19063,18586
2630,575093,575068,25,25,2,8,17,8,17,25,0,0,0,39281,37797,19071,18594
2631,575531,575511,20,20,2,11,9,11,9,20,0,0,0,39301,37817,19082,18605
2632,575969,575938,31,31,2,11,20,11,20,31,0,0,0,39332,37848,19093,18616
2633,576407,576398,9,9,2,9,0,9,0,9,0,0,0,39341,37857,19102,18625
2634,576846,576821,25,25,2,8,17,8,17,25,0,0,0,39366,37882,19110,18633
2635,577284,577247,38,36,3,27,11,26,10,35,1,0,0,39404,37918,19137,18659
2636,577723,577701,22,22,2,8,14,8,14,22,0,0,0,39426,37940,19145,18667
2637,578162,578142,20,20,2,12,8,12,8,20,0,0,0,39446,37960,19157,18679
2638,578601,578579,22,22,2,15,7,15,7,22,0,0,0,39468,37982,19172,18694
2639,579040,579014,26,26,2,18,8,18,8,26,0,0,0,39494,38008,19190,18712
2640,579480,579431,51,47,3,6,45,6,41,45,2,0,0,39545,38055,19196,18718
2641,579919,579888,31,31,2,26,5,26,5,31,0,0,0,39576,38086,19222,18744
2642,580359,580342,17,17,2,10,7,10,7,17,0,0,0,39593,38103,19232,18754
2643,580799,580780,19,19,2,12,7,12,7,19,0,0,0,39612,38122,19244,18766
2644,581239,581213,27,25,3,6,21,6,19,24,1,0,0,39639,38147,19250,18772
2645,581679,581665,14,14,2,8,6,8,6,14,0,0,0,39653,38161,19258,18780
2646,582120,582064,56,56,2,8,48,8,48,56,0,0,0,39709,38217,19266,18788
2647,582560,582550,10,10,2,10,0,10,0,10,0,0,0,39719,38227,19276,18798
2648,583001,582979,22,22,2,11,11,11,11,22,0,0,0,39741,38249,19287,18809
2649,583442,583428,14,14,2,9,5,9,5,14,0,0,0,39755,38263,19296,18818
2650,583883,583860,24,22,3,9,15,9,13,21,1,0,0,39779,38285,19305,18827
2651,584324,584307,17,17,2,12,5,12,5,17,0,0,0,39796,38302,19317,18839
2652,584766,584720,53,41,4,12,41,10,31,38,1,2,0,39849,38343,19329,18849
2653,585207,585187,20,20,2,11,9,11,9,20,0,0,0,39869,38363,19340,18860
2654,585649,585633,16,16,2,9,7,9,7,16,0,0,0,39885,38379,19349,18869
2655,586091,586073,19,17,3,5,14,4,13,16,1,0,0,39904,38396,19354,18873
2656,586533,586512,21,21,2,5,16,5,16,21,0,0,0,39925,38417,19359,18878
2657,586975,586967,8,8,2,8,0,8,0,8,0,0,0,39933,38425,19367,18886
2658,587418,587389,29,29,2,10,19,10,19,29,0,0,0,39962,38454,19377,18896
2659,587860,587851,9,9,2,9,0,9,0,9,0,0,0,39971,38463,19386,18905
2660,588303,588237,68,64,3,17,51,17,47,62,2,0,0,40039,38527,19403,18922
2661,588746,588732,14,14,2,6,8,6,8,14,0,0,0,40053,38541,19409,18928
2662,589189,589171,18,18,2,6,12,6,12,18,0,0,0,40071,38559,19415,18934
2663,589632,589623,9,9,2,9,0,9,0,9,0,0,0,40080,38568,19424,18943
2664,590076,590038,38,38,2,9,29,9,29,38,0,0,0,40118,38606,19433,18952
2665,590519,590501,18,18,2,12,6,12,6,18,0,0,0,40136,38624,19445,18964
2666,590963,590934,29,29,2,15,14,15,14,29,0,0,0,40165,38653,19460,18979
2667,591407,591379,29,27,3,11,18,10,17,26,1,0,0,40194,38680,19471,18989
2668,591851,591824,28,26,3,11,17,11,15,25,1,0,0,40222,38706,19482,19000
2669,592295,592282,13,13,2,8,5,8,5,13,0,0,0,40235,38719,19490,19008
2670,592740,592719,21,21,2,5,16,5,16,21,0,0,0,40256,38740,19495,19013
2671,593184,593177,7,7,2,7,0,7,0,7,0,0,0,40263,38747,19502,19020
2672,593629,593607,22,22,2,1,21,1,21,22,0,0,0,40285,38769,19503,19021
2673,594074,594061,13,13,2,4,9,4,9,13,0,0,0,40298,38782,19507,19025
2674,594519,594499,20,20,2,5,15,5,15,20,0,0,0,40318,38802,19512,19030
2675,594964,594952,12,12,2,6,6,6,6,12,0,0,0,40330,38814,19518,19036
2676,595410,595371,40,38,3,8,32,8,30,37,1,0,0,40370,38852,19526,19044
2677,595855,595846,9,9,2,9,0,9,0,9,0,0,0,40379,38861,19535,19053
2678,596301,596275,26,26,2,14,12,14,12,26,0,0,0,40405,38887,19549,19067
2679,596747,596726,24,19,4,11,13,9,10,18,0,1,0,40429,38906,19560,19076
2680,597193,597160,33,33,2,9,24,9,24,33,0,0,0,40462,38939,19569,19085
2681,597639,597621,19,17,3,10,9,10,7,16,1,0,0,40481,38956,19579,19095
2682,598086,598065,22,20,3,3,19,3,17,19,1,0,0,40503,38976,19582,19098
2683,598532,598518,14,14,2,14,0,14,0,14,0,0,0,40517,38990,19596,19112
2684,598979,598950,32,27,4,15,17,13,14,26,0,1,0,40549,39017,19611,19125
2685,599426,599408,18,18,2,9,9,9,9,18,0,0,0,40567,39035,19620,19134
2686,599873,599845,29,27,3,10,19,10,17,26,1,0,0,40596,39062,19630,19144
2687,600320,600313,7,7,2,7,0,7,0,7,0,0,0,40603,39069,19637,19151
2688,600768,600743,27,23,3,5,22,5,18,21,2,0,0,40630,39092,19642,19156
2689,601215,601196,19,19,2,19,0,19,0,19,0,0,0,40649,39111,19661,19175
2690,601663,601647,16,16,2,5,11,5,11,16,0,0,0,40665,39127,19666,19180
2691,602111,602073,39,37,3,11,28,11,26,36,1,0,0,40704,39164,19677,19191
2692,602559,602541,18,18,2,8,10,8,10,18,0,0,0,40722,39182,19685,19199
2693,603007,602996,11,11,2,11,0,11,0,11,0,0,0,40733,39193,19696,19210
2694,603456,603445,11,11,2,4,7,4,7,11,0,0,0,40744,39204,19700,19214
2695,603904,603876,28,28,2,10,18,10,18,28,0,0,0,40772,39232,19710,19224
2696,604353,604334,19,19,2,11,8,11,8,19,0,0,0,40791,39251,19721,19235
2697,604802,604776,26,26,2,17,9,17,9,26,0,0,0,40817,39277,19738,19252
2698,605251,605226,26,24,3,12,14,10,14,23,1,0,0,40843,39301,19750,19262
2699,605700,605691,9,9,2,9,0,9,0,9,0,0,0,40852,39310,19759,19271
2700,606150,606107,44,42,3,6,38,6,36,41,1,0,0,40896,39352,19765,19277
2701,606599,606584,15,15,2,12,3,12,3,15,0,0,0,40911,39367,19777,19289
2702,607049,607015,34,34,2,9,25,9,25,34,0,0,0,40945,39401,19786,19298
2703,607499,607475,25,23,3,15,10,15,8,22,1,0,0,40970,39424,19801,19313
2704,607949,607906,46,41,4,16,30,14,27,40,0,1,0,41016,39465,19817,19327
2705,608399,608376,23,23,2,15,8,15,8,23,0,0,0,41039,39488,19832,19342
2706,608850,608817,33,33,2,9,24,9,24,33,0,0,0,41072,39521,19841,19351
2707,609300,609291,9,9,2,9,0,9,0,9,0,0,0,41081,39530,19850,19360
2708,609751,609735,17,15,3,3,14,3,12,14,1,0,0,41098,39545,19853,19363
2709,610202,610168,34,34,2,10,24,10,24,34,0,0,0,41132,39579,19863,19373
2710,610653,610624,29,29,2,9,20,9,20,29,0,0,0,41161,39608,19872,19382
2711,611104,611098,6,6,2,6,0,6,0,6,0,0,0,41167,39614,19878,19388
2712,611556,611532,24,24,2,5,19,5,19,24,0,0,0,41191,39638,19883,19393
2713,612007,612001,6,6,2,6,0,6,0,6,0,0,0,41197,39644,19889,19399
2714,612459,612442,18,16,3,8,10,7,9,15,1,0,0,41215,39660,19897,19406
2715,612911,612886,25,25,2,11,14,11,14,25,0,0,0,41240,39685,19908,19417
2716,613363,613315,49,47,3,11,38,11,36,46,1,0,0,41289,39732,19919,19428
2717,613815,613767,52,44,3,38,14,34,10,40,4,0,0,41341,39776,19957,19462
2718,614268,614246,22,22,2,7,15,7,15,22,0,0,0,41363,39798,19964,19469
2719,614720,614710,10,10,2,10,0,10,0,10,0,0,0,41373,39808,19974,19479
2720,615173,615136,39,35,3,10,29,10,25,33,2,0,0,41412,39843,19984,19489
2721,615626,615613,13,13,2,7,6,7,6,13,0,0,0,41425,39856,19991,19496
2722,616079,616064,15,15,2,10,5,10,5,15,0,0,0,41440,39871,20001,19506
2723,616532,616517,15,15,2,10,5,10,5,15,0,0,0,41455,39886,20011,19516
2724,616986,616959,27,27,2,5,22,5,22,27,0,0,0,41482,39913,20016,19521
2725,617439,617422,17,17,2,9,8,9,8,17,0,0,0,41499,39930,20025,19530
2726,617893,617866,29,25,3,15,14,14,11,23,2,0,0,41528,39955,20040,19544
2727,618347,618333,14,14,2,5,9,5,9,14,0,0,0,41542,39969,20045,19549
2728,618801,618767,35,33,3,5,30,5,28,32,1,0,0,41577,40002,20050,19554
2729,619255,619252,3,3,2,3,0,3,0,3,0,0,0,41580,40005,20053,19557
2730,619710,619629,81,81,2,14,67,14,67,81,0,0,0,41661,40086,20067,19571
2731,620164,620153,11,11,2,11,0,11,0,11,0,0,0,41672,40097,20078,19582
2732,620619,620597,22,22,2,8,14,8,14,22,0,0,0,41694,40119,20086,19590
2733,621074,621052,22,22,2,14,8,14,8,22,0,0,0,41716,40141,20100,19604
2734,621529,621518,11,11,2,8,3,8,3,11,0,0,0,41727,40152,20108,19612
2735,621984,621959,25,25,2,13,12,13,12,25,0,0,0,41752,40177,20121,19625
2736,622440,622386,55,53,3,9,46,9,44,52,1,0,0,41807,40230,20130,19634
2737,622895,622857,39,37,3,32,7,32,5,36,1,0,0,41846,40267,20162,19666
2738,623351,623319,32,32,2,18,14,18,14,32,0,0,0,41878,40299,20180,19684
2739,623807,623788,20,18,3,7,13,6,12,17,1,0,0,41898,40317,20187,19690
2740,624263,624237,26,26,2,9,17,9,17,26,0,0,0,41924,40343,20196,19699
2741,624719,624710,9,9,2,9,0,9,0,9,0,0,0,41933,40352,20205,19708
2742,625176,625144,32,32,2,11,21,11,21,32,0,0,0,41965,40384,20216,19719
2743,625632,625612,20,20,2,16,4,16,4,20,0,0,0,41985,40404,20232,19735
2744,626089,626047,43,41,3,11,32,11,30,40,1,0,0,42028,40445,20243,19746
2745,626546,626517,29,29,2,11,18,11,18,29,0,0,0,42057,40474,20254,19757
2746,627003,626979,24,24,2,13,11,13,11,24,0,0,0,42081,40498,20267,19770
2747,627460,627449,11,11,2,11,0,11,0,11,0,0,0,42092,40509,20278,19781
2748,627918,627886,32,32,2,6,26,6,26,32,0,0,0,42124,40541,20284,19787
2749,628375,628365,10,10,2,10,0,10,0,10,0,0,0,42134,40551,20294,19797
2750,628833,628813,21,19,3,9,12,9,10,18,1,0,0,42155,40570,20303,19806
2751,629291,629267,26,22,3,12,14,11,11,20,2,0,0,42181,40592,20315,19817
2752,629749,629728,21,21,2,4,17,4,17,21,0,0,0,42202,40613,20319,19821
2753,630207,630197,10,10,2,10,0,10,0,10,0,0,0,42212,40623,20329,19831
2754,630666,630626,41,39,3,11,30,11,28,38,1,0,0,42253,40662,20340,19842
2755,631124,631089,37,33,3,25,12,23,10,31,2,0,0,42290,40695,20365,19865
2756,631583,631553,30,30,2,11,19,11,19,30,0,0,0,42320,40725,20376,19876
2757,632042,632019,24,22,3,18,6,16,6,21,1,0,0,42344,40747,20394,19892
2758,632501,632480,21,21,2,6,15,6,15,21,0,0,0,42365,40768,20400,19898
2759,632960,632947,14,12,3,11,3,9,3,11,1,0,0,42379,40780,20411,19907
2760,633420,633366,58,51,4,11,47,11,40,49,1,1,0,42437,40831,20422,19918
2761,633879,633864,15,15,2,15,0,15,0,15,0,0,0,42452,40846,20437,19933
2762,634339,634320,19,19,2,9,10,9,10,19,0,0,0,42471,40865,20446,19942
2763,634799,634781,18,18,2,9,9,9,9,18,0,0,0,42489,40883,20455,19951
2764,635259,635238,21,21,2,10,11,10,11,21,0,0,0,42510,40904,20465,19961
2765,635719,635693,26,26,2,10,16,10,16,26,0,0,0,42536,40930,20475,19971
2766,636180,636162,18,18,2,4,14,4,14,18,0,0,0,42554,40948,20479,19975
2767,636640,636626,14,14,2,14,0,14,0,14,0,0,0,42568,40962,20493,19989
2768,637101,637084,17,17,2,6,11,6,11,17,0,0,0,42585,40979,20499,19995
2769,637562,637534,28,28,2,13,15,13,15,28,0,0,0,42613,41007,20512,20008
2770,638023,638003,20,20,2,6,14,6,14,20,0,0,0,42633,41027,20518,20014
2771,638484,638472,12,12,2,11,1,11,1,12,0,0,0,42645,41039,20529,20025
2772,638946,638886,62,58,3,11,51,11,47,56,2,0,0,42707,41097,20540,20036
2773,639407,639402,5,5,2,5,0,5,0,5,0,0,0,42712,41102,20545,20041
2774,639869,639834,35,35,2,14,21,14,21,35,0,0,0,42747,41137,20559,20055
2775,640331,640302,29,29,2,13,16,13,16,29,0,0,0,42776,41166,20572,20068
2776,640793,640770,23,23,2,9,14,9,14,23,0,0,0,42799,41189,20581,20077
2777,641255,641244,11,11,2,11,0,11,0,11,0,0,0,42810,41200,20592,20088
2778,641718,641694,24,24,2,9,15,9,15,24,0,0,0,42834,41224,20601,20097
2779,642180,642160,20,20,2,14,6,14,6,20,0,0,0,42854,41244,20615,20111
2780,642643,642595,48,48,2,13,35,13,35,48,0,0,0,42902,41292,20628,20124
2781,643106,643087,19,19,2,13,6,13,6,19,0,0,0,42921,41311,20641,20137
2782,643569,643540,29,29,2,13,16,13,16,29,0,0,0,42950,41340,20654,20150
2783,644032,644020,12,12,2,8,4,8,4,12,0,0,0,42962,41352,20662,20158
2784,644496,644462,35,33,3,10,25,10,23,32,1,0,0,42997,41385,20672,20168
2785,644959,644950,9,9,2,9,0,9,0,9,0,0,0,43006,41394,20681,20177
2786,645423,645400,23,23,2,7,16,7,16,23,0,0,0,43029,41417,20688,20184
2787,645887,645867,20,20,2,14,6,14,6,20,0,0,0,43049,41437,20702,20198
2788,646351,646316,37,33,3,9,28,9,24,31,2,0,0,43086,41470,20711,20207
2789,646815,646808,7,7,2,7,0,7,0,7,0,0,0,43093,41477,20718,20214
2790,647280,647231,50,48,3,8,42,8,40,47,1,0,0,43143,41525,20726,20222
2791,647744,647734,10,10,2,10,0,10,0,10,0,0,0,43153,41535,20736,20232
2792,648209,648180,29,29,2,9,20,9,20,29,0,0,0,43182,41564,20745,20241
2793,648674,648626,50,46,3,19,31,19,27,44,2,0,0,43232,41610,20764,20260
2794,649139,649111,28,28,2,14,14,14,14,28,0,0,0,43260,41638,20778,20274
2795,649604,649570,34,34,2,26,8,26,8,34,0,0,0,43294,41672,20804,20300
2796,650070,650048,22,22,2,4,18,4,18,22,0,0,0,43316,41694,20808,20304
2797,650535,650522,13,13,2,13,0,13,0,13,0,0,0,43329,41707,20821,20317
2798,651001,650985,16,16,2,10,6,10,6,16,0,0,0,43345,41723,20831,20327
2799,651467,651444,23,23,2,7,16,7,16,23,0,0,0,43368,41746,20838,20334
2800,651933,651898,35,35,2,7,28,7,28,35,0,0,0,43403,41781,20845,20341
2801,652399,652385,14,14,2,14,0,14,0,14,0,0,0,43417,41795,20859,20355
2802,652866,652850,16,16,2,4,12,4,12,16,0,0,0,43433,41811,20863,20359
2803,653332,653315,17,17,2,17,0,17,0,17,0,0,0,43450,41828,20880,20376
2804,653799,653786,13,13,2,6,7,6,7,13,0,0,0,43463,41841,20886,20382
2805,654266,654223,47,39,3,12,35,12,27,35,4,0,0,43510,41880,20898,20394
2806,654733,654707,27,25,3,13,14,13,12,24,1,0,0,43537,41905,20911,20407
2807,655200,655184,16,16,2,12,4,12,4,16,0,0,0,43553,41921,20923,20419
2808,655668,655613,55,55,2,9,46,9,46,55,0,0,0,43608,41976,20932,20428
2809,656135,656122,13,13,2,11,2,11,2,13,0,0,0,43621,41989,20943,20439
2810,656603,656590,13,13,2,3,10,3,10,13,0,0,0,43634,42002,20946,20442
2811,657071,657049,22,22,2,14,8,14,8,22,0,0,0,43656,42024,20960,20456
2812,657539,657495,44,44,2,16,28,16,28,44,0,0,0,43700,42068,20976,20472
2813,658007,657989,18,18,2,15,3,15,3,18,0,0,0,43718,42086,20991,20487
2814,658476,658429,48,46,3,14,34,14,32,45,1,0,0,43766,42132,21005,20501
2815,658944,658922,22,22,2,16,6,16,6,22,0,0,0,43788,42154,21021,20517
2816,659413,659385,30,26,3,4,26,4,22,24,2,0,0,43818,42180,21025,20521
2817,659882,659862,20,20,2,9,11,9,11,20,0,0,0,43838,42200,21034,20530
2818,660351,660333,18,18,2,11,7,11,7,18,0,0,0,43856,42218,21045,20541
2819,660820,660816,4,4,2,4,0,4,0,4,0,0,0,43860,42222,21049,20545
2820,661290,661244,47,45,3,4,43,4,41,44,1,0,0,43907,42267,21053,20549
2821,661759,661709,52,48,3,38,14,36,12,46,2,0,0,43959,42315,21091,20585
2822,662229,662205,25,23,3,8,17,7,16,22,1,0,0,43984,42338,21099,20592
2823,662699,662683,16,16,2,13,3,13,3,16,0,0,0,44000,42354,21112,20605
2824,663169,663153,16,16,2,4,12,4,12,16,0,0,0,44016,42370,21116,20609
2825,663639,663627,12,12,2,10,2,10,2,12,0,0,0,44028,42382,21126,20619
2826,664110,664072,38,38,2,9,29,9,29,38,0,0,0,44066,42420,21135,20628
2827,664580,664554,26,26,2,19,7,19,7,26,0,0,0,44092,42446,21154,20647
2828,665051,665031,21,19,3,9,12,9,10,18,1,0,0,44113,42465,21163,20656
2829,665522,665500,22,22,2,10,12,10,12,22,0,0,0,44135,42487,21173,20666
2830,665993,665968,25,25,2,10,15,10,15,25,0,0,0,44160,42512,21183,20676
2831,666464,666446,18,18,2,17,1,17,1,18,0,0,0,44178,42530,21200,20693
2832,666936,666901,36,34,3,9,27,9,25,33,1,0,0,44214,42564,21209,20702
2833,667407,667399,8,8,2,8,0,8,0,8,0,0,0,44222,42572,21217,20710
2834,667879,667846,36,31,4,17,19,13,18,30,0,1,0,44258,42603,21234,20723
2835,668351,668310,44,39,4,15,29,13,26,38,0,1,0,44302,42642,21249,20736
2836,668823,668791,32,32,2,15,17,15,17,32,0,0,0,44334,42674,21264,20751
2837,669295,669285,10,10,2,10,0,10,0,10,0,0,0,44344,42684,21274,20761
2838,669768,669716,53,51,3,14,39,14,37,50,1,0,0,44397,42735,21288,20775
2839,670240,670232,8,8,2,7,1,7,1,8,0,0,0,44405,42743,21295,20782
2840,670713,670684,29,29,2,8,21,8,21,29,0,0,0,44434,42772,21303,20790
2841,671186,671169,17,17,2,10,7,10,7,17,0,0,0,44451,42789,21313,20800
2842,671659,671625,36,32,3,13,23,12,20,30,2,0,0,44487,42821,21326,20812
2843,672132,672125,7,7,2,7,0,7,0,7,0,0,0,44494,42828,21333,20819
2844,672606,672561,45,45,2,11,34,11,34,45,0,0,0,44539,42873,21344,20830
2845,673079,673065,14,14,2,11,3,11,3,14,0,0,0,44553,42887,21355,20841
2846,673553,673540,13,13,2,7,6,7,6,13,0,0,0,44566,42900,21362,20848
2847,674027,673987,40,40,2,22,18,22,18,40,0,0,0,44606,42940,21384,20870
2848,674501,674478,23,23,2,8,15,8,15,23,0,0,0,44629,42963,21392,20878
2849,674975,674947,29,27,3,22,7,20,7,26,1,0,0,44658,42990,21414,20898
2850,675450,675397,59,48,4,11,48,11,37,44,3,1,0,44717,43038,21425,20909
2851,675924,675911,13,13,2,13,0,13,0,13,0,0,0,44730,43051,21438,20922
2852,676399,676354,47,43,3,23,24,23,20,41,2,0,0,44777,43094,21461,20945
2853,676874,676864,10,10,2,6,4,6,4,10,0,0,0,44787,43104,21467,20951
2854,677349,677335,14,14,2,8,6,8,6,14,0,0,0,44801,43118,21475,20959
2855,677824,677811,13,13,2,9,4,9,4,13,0,0,0,44814,43131,21484,20968
2856,678300,678239,64,59,4,10,54,10,49,58,0,1,0,44878,43190,21494,20978
2857,678775,678764,12,10,3,12,0,10,0,9,1,0,0,44890,43200,21506,20988
2858,679251,679225,26,26,2,10,16,10,16,26,0,0,0,44916,43226,21516,20998
2859,679727,679714,13,13,2,10,3,10,3,13,0,0,0,44929,43239,21526,21008
2860,680203,680149,56,52,3,13,43,13,39,50,2,0,0,44985,43291,21539,21021
2861,680679,680671,8,8,2,8,0,8,0,8,0,0,0,44993,43299,21547,21029
2862,681156,681130,26,26,2,5,21,5,21,26,0,0,0,45019,43325,21552,21034
2863,681632,681609,24,22,3,15,9,14,8,21,1,0,0,45043,43347,21567,21048
2864,682109,682085,24,24,2,9,15,9,15,24,0,0,0,45067,43371,21576,21057
2865,682586,682569,20,15,4,7,13,7,8,14,0,1,0,45087,43386,21583,21064
2866,683063,683045,18,18,2,11,7,11,7,18,0,0,0,45105,43404,21594,21075
2867,683540,683519,22,20,3,20,2,18,2,19,1,0,0,45127,43424,21614,21093
2868,684018,683990,28,28,2,11,17,11,17,28,0,0,0,45155,43452,21625,21104
2869,684495,684476,20,18,3,19,1,17,1,17,1,0,0,45175,43470,21644,21121
2870,684973,684946,27,27,2,7,20,7,20,27,0,0,0,45202,43497,21651,21128
2871,685451,685432,20,18,3,10,10,10,8,17,1,0,0,45222,43515,21661,21138
2872,685929,685904,25,25,2,9,16,9,16,25,0,0,0,45247,43540,21670,21147
2873,686407,686372,35,35,2,30,5,30,5,35,0,0,0,45282,43575,21700,21177
2874,686886,686845,41,41,2,14,27,14,27,41,0,0,0,45323,43616,21714,21191
2875,687364,687344,22,18,3,12,10,10,8,16,2,0,0,45345,43634,21726,21201
2876,687843,687819,24,24,2,12,12,12,12,24,0,0,0,45369,43658,21738,21213
2877,688322,688311,11,11,2,5,6,5,6,11,0,0,0,45380,43669,21743,21218
2878,688801,688789,12,12,2,6,6,6,6,12,0,0,0,45392,43681,21749,21224
2879,689280,689271,9,9,2,9,0,9,0,9,0,0,0,45401,43690,21758,21233
2880,689760,689720,40,40,2,6,34,6,34,40,0,0,0,45441,43730,21764,21239
2881,690239,690217,23,21,3,22,1,20,1,20,1,0,0,45464,43751,21786,21259
2882,690719,690698,22,20,3,11,11,10,10,19,1,0,0,45486,43771,21797,21269
2883,691199,691170,29,29,2,18,11,18,11,29,0,0,0,45515,43800,21815,21287
2884,691679,691645,34,34,2,11,23,11,23,34,0,0,0,45549,43834,21826,21298
2885,692159,692142,17,17,2,13,4,13,4,17,0,0,0,45566,43851,21839,21311
2886,692640,692581,63,56,4,19,44,17,39,54,1,1,0,45629,43907,21858,21328
2887,693120,693096,24,24,2,24,0,24,0,24,0,0,0,45653,43931,21882,21352
2888,693601,693562,39,39,2,17,22,17,22,39,0,0,0,45692,43970,21899,21369
2889,694082,694072,10,10,2,5,5,5,5,10,0,0,0,45702,43980,21904,21374
2890,694563,694534,29,29,2,11,18,11,18,29,0,0,0,45731,44009,21915,21385
2891,695044,695024,21,19,3,18,3,17,2,18,1,0,0,45752,44028,21933,21402
2892,695526,695480,46,46,2,12,34,12,34,46,0,0,0,45798,44074,21945,21414
2893,696007,695986,21,21,2,14,7,14,7,21,0,0,0,45819,44095,21959,21428
2894,696489,696473,16,16,2,10,6,10,6,16,0,0,0,45835,44111,21969,21438
2895,696971,696942,29,29,2,14,15,14,15,29,0,0,0,45864,44140,21983,21452
2896,697453,697422,31,31,2,10,21,10,21,31,0,0,0,45895,44171,21993,21462
2897,697935,697929,6,6,2,6,0,6,0,6,0,0,0,45901,44177,21999,21468
2898,698418,698375,44,42,3,5,39,5,37,41,1,0,0,45945,44219,22004,21473
2899,698900,698879,21,21,2,21,0,21,0,21,0,0,0,45966,44240,22025,21494
2900,699383,699352,34,28,3,9,25,9,19,25,3,0,0,46000,44268,22034,21503
2901,699866,699850,16,16,2,7,9,7,9,16,0,0,0,46016,44284,22041,21510
2902,700349,700340,9,9,2,6,3,6,3,9,0,0,0,46025,44293,22047,21516
2903,700832,700827,5,5,2,5,0,5,0,5,0,0,0,46030,44298,22052,21521
2904,701316,701276,40,40,2,6,34,6,34,40,0,0,0,46070,44338,22058,21527
2905,701799,701783,16,16,2,4,12,4,12,16,0,0,0,46086,44354,22062,21531
2906,702283,702262,21,21,2,8,13,8,13,21,0,0,0,46107,44375,22070,21539
2907,702767,702729,39,37,3,20,19,19,18,36,1,0,0,46146,44412,22090,21558
2908,703251,703227,24,24,2,11,13,11,13,24,0,0,0,46170,44436,22101,21569
2909,703735,703721,14,14,2,14,0,14,0,14,0,0,0,46184,44450,22115,21583
2910,704220,704180,40,40,2,6,34,6,34,40,0,0,0,46224,44490,22121,21589
2911,704704,704689,18,13,4,17,1,12,1,12,0,1,0,46242,44503,22138,21601
2912,705189,705140,53,46,4,10,43,8,38,44,1,1,0,46295,44549,22148,21609
2913,705674,705653,21,21,2,14,7,14,7,21,0,0,0,46316,44570,22162,21623
2914,706159,706126,33,33,2,12,21,12,21,33,0,0,0,46349,44603,22174,21635
2915,706644,706614,30,30,2,20,10,20,10,30,0,0,0,46379,44633,22194,21655
2916,707130,707095,35,35,2,16,19,16,19,35,0,0,0,46414,44668,22210,21671
2917,707615,707600,15,15,2,15,0,15,0,15,0,0,0,46429,44683,22225,21686
2918,708101,708083,18,18,2,9,9,9,9,18,0,0,0,46447,44701,22234,21695
2919,708587,708558,30,28,3,16,14,16,12,27,1,0,0,46477,44729,22250,21711
2920,709073,709027,46,46,2,10,36,10,36,46,0,0,0,46523,44775,22260,21721
2921,709559,709547,12,12,2,11,1,11,1,12,0,0,0,46535,44787,22271,21732
2922,710046,710017,29,29,2,10,19,10,19,29,0,0,0,46564,44816,22281,21742
2923,710532,710519,13,13,2,11,2,11,2,13,0,0,0,46577,44829,22292,21753
2924,711019,710991,29,27,3,8,21,8,19,26,1,0,0,46606,44856,22300,21761
2925,711506,711471,35,35,2,13,22,13,22,35,0,0,0,46641,44891,22313,21774
2926,711993,711942,55,48,4,19,36,19,29,46,1,1,0,46696,44939,22332,21793
2927,712480,712469,11,11,2,11,0,11,0,11,0,0,0,46707,44950,22343,21804
2928,712968,712930,41,35,3,7,34,6,29,32,3,0,0,46748,44985,22350,21810
2929,713455,713429,26,26,2,25,1,25,1,26,0,0,0,46774,45011,22375,21835
2930,713943,713927,16,16,2,7,9,7,9,16,0,0,0,46790,45027,22382,21842
2931,714431,714411,20,20,2,12,8,12,8,20,0,0,0,46810,45047,22394,21854
2932,714919,714894,26,24,3,13,13,12,12,23,1,0,0,46836,45071,22407,21866
2933,715407,715394,13,13,2,9,4,9,4,13,0,0,0,46849,45084,22416,21875
2934,715896,715867,29,29,2,10,19,10,19,29,0,0,0,46878,45113,22426,21885
2935,716384,716363,21,21,2,14,7,14,7,21,0,0,0,46899,45134,22440,21899
2936,716873,716839,35,33,3,12,23,11,22,32,1,0,0,46934,45167,22452,21910
2937,717362,717340,23,21,3,16,7,14,7,20,1,0,0,46957,45188,22468,21924
2938,717851,717830,21,21,2,11,10,11,10,21,0,0,0,46978,45209,22479,21935
2939,718340,718332,8,8,2,8,0,8,0,8,0,0,0,46986,45217,22487,21943
2940,718830,718757,75,71,3,13,62,13,58,69,2,0,0,47061,45288,22500,21956
2941,719319,719292,27,27,2,27,0,27,0,27,0,0,0,47088,45315,22527,21983
2942,719809,719786,23,23,2,10,13,10,13,23,0,0,0,47111,45338,22537,21993
2943,720299,720273,27,25,3,12,15,11,14,24,1,0,0,47138,45363,22549,22004
2944,720789,720765,25,23,3,5,20,5,18,22,1,0,0,47163,45386,22554,22009
2945,721279,721240,39,39,2,30,9,30,9,39,0,0,0,47202,45425,22584,22039
2946,721770,721752,18,18,2,4,14,4,14,18,0,0,0,47220,45443,22588,22043
2947,722260,722239,21,21,2,15,6,15,6,21,0,0,0,47241,45464,22603,22058
2948,722751,722715,37,35,3,17,20,16,19,34,1,0,0,47278,45499,22620,22074
2949,723242,723232,10,10,2,7,3,7,3,10,0,0,0,47288,45509,22627,22081
2950,723733,723714,19,19,2,10,9,10,9,19,0,0,0,47307,45528,22637,22091
2951,724224,724218,6,6,2,5,1,5,1,6,0,0,0,47313,45534,22642,22096
2952,724716,724683,35,31,3,9,26,9,22,29,2,0,0,47348,45565,22651,22105
2953,725207,725189,18,18,2,18,0,18,0,18,0,0,0,47366,45583,22669,22123
2954,725699,725678,21,21,2,9,12,9,12,21,0,0,0,47387,45604,22678,22132
2955,726191,726170,21,21,2,8,13,8,13,21,0,0,0,47408,45625,22686,22140
2956,726683,726659,24,24,2,12,12,12,12,24,0,0,0,47432,45649,22698,22152
2957,727175,727172,3,3,2,3,0,3,0,3,0,0,0,47435,45652,22701,22155
2958,727668,727620,51,45,3,14,37,13,32,42,3,0,0,47486,45697,22715,22168
2959,728160,728148,12,12,2,7,5,7,5,12,0,0,0,47498,45709,22722,22175
2960,728653,728609,45,43,3,11,34,11,32,42,1,0,0,47543,45752,22733,22186
2961,729146,729119,28,26,3,11,17,11,15,25,1,0,0,47571,45778,22744,22197
2962,729639,729623,16,16,2,7,9,7,9,16,0,0,0,47587,45794,22751,22204
2963,730132,730114,18,18,2,18,0,18,0,18,0,0,0,47605,45812,22769,22222
2964,730626,730553,74,72,3,14,60,14,58,71,1,0,0,47679,45884,22783,22236
2965,731119,731109,10,10,2,8,2,8,2,10,0,0,0,47689,45894,22791,22244
2966,731613,731592,21,21,2,10,11,10,11,21,0,0,0,47710,45915,22801,22254
2967,732107,732079,29,27,3,20,9,20,7,26,1,0,0,47739,45942,22821,22274
2968,732601,732562,40,38,3,15,25,15,23,37,1,0,0,47779,45980,22836,22289
2969,733095,733083,12,12,2,12,0,12,0,12,0,0,0,47791,45992,22848,22301
2970,733590,733548,42,42,2,5,37,5,37,42,0,0,0,47833,46034,22853,22306
2971,734084,734074,10,10,2,10,0,10,0,10,0,0,0,47843,46044,22863,22316
2972,734579,734566,13,13,2,4,9,4,9,13,0,0,0,47856,46057,22867,22320
2973,735074,735050,24,24,2,12,12,12,12,24,0,0,0,47880,46081,22879,22332
2974,735569,735553,17,15,3,7,10,7,8,14,1,0,0,47897,46096,22886,22339
2975,736064,736032,32,32,2,17,15,17,15,32,0,0,0,47929,46128,22903,22356
2976,736560,736526,35,33,3,3,32,3,30,32,1,0,0,47964,46161,22906,22359
2977,737055,737032,23,23,2,20,3,20,3,23,0,0,0,47987,46184,22926,22379
2978,737551,737530,21,21,2,12,9,12,9,21,0,0,0,48008,46205,22938,22391
2979,738047,738028,19,19,2,9,10,9,10,19,0,0,0,48027,46224,22947,22400
2980,738543,738524,19,19,2,8,11,8,11,19,0,0,0,48046,46243,22955,22408
2981,739039,739015,24,24,2,18,6,18,6,24,0,0,0,48070,46267,22973,22426
2982,739536,739499,37,37,2,9,28,9,28,37,0,0,0,48107,46304,22982,22435
2983,740032,740011,21,21,2,16,5,16,5,21,0,0,0,48128,46325,22998,22451
2984,740529,740504,26,24,3,8,18,8,16,23,1,0,0,48154,46349,23006,22459
2985,741026,740998,28,28,2,8,20,8,20,28,0,0,0,48182,46377,23014,22467
2986,741523,741506,17,17,2,7,10,7,10,17,0,0,0,48199,46394,23021,22474
2987,742020,742003,17,17,2,16,1,16,1,17,0,0,0,48216,46411,23037,22490
2988,742518,742494,24,24,2,1,23,1,23,24,0,0,0,48240,46435,23038,22491
2989,743015,742977,39,37,3,32,7,30,7,36,1,0,0,48279,46472,23070,22521
2990,743513,743472,43,39,3,17,26,16,23,37,2,0,0,48322,46511,23087,22537
2991,744011,743991,21,19,3,13,8,13,6,18,1,0,0,48343,46530,23100,22550
2992,744509,744464,48,42,3,7,41,7,35,39,3,0,0,48391,46572,23107,22557
2993,745007,744989,18,18,2,16,2,16,2,18,0,0,0,48409,46590,23123,22573
2994,745506,745477,29,29,2,12,17,12,17,29,0,0,0,48438,46619,23135,22585
2995,746004,745988,16,16,2,10,6,10,6,16,0,0,0,48454,46635,23145,22595
2996,746503,746484,19,19,2,7,12,7,12,19,0,0,0,48473,46654,23152,22602
2997,747002,746973,29,29,2,18,11,18,11,29,0,0,0,48502,46683,23170,22620
2998,747501,747490,11,11,2,5,6,5,6,11,0,0,0,48513,46694,23175,22625
2999,748000,747980,20,20,2,20,0,20,0,20,0,0,0,48533,46714,23195,22645
3000,748500,748459,41,41,2,12,29,12,29,41,0,0,0,48574,46755,23207,22657
3001,748999,748983,16,16,2,16,0,16,0,16,0,0,0,48590,46771,23223,22673
3002,749499,749457,42,42,2,22,20,22,20,42,0,0,0,48632,46813,23245,22695
3003,749999,749943,59,54,4,23,36,23,31,53,0,1,0,48691,46867,23268,22718
3004,750499,750468,31,31,2,14,17,14,17,31,0,0,0,48722,46898,23282,22732
3005,750999,750975,24,24,2,14,10,14,10,24,0,0,0,48746,46922,23296,22746
3006,751500,751477,23,23,2,7,16,7,16,23,0,0,0,48769,46945,23303,22753
3007,752000,751991,9,9,2,5,4,5,4,9,0,0,0,48778,46954,23308,22758
3008,752501,752478,23,23,2,4,19,4,19,23,0,0,0,48801,46977,23312,22762
3009,753002,752977,26,24,3,17,9,15,9,23,1,0,0,48827,47001,23329,22777
3010,753503,753452,51,51,2,13,38,13,38,51,0,0,0,48878,47052,23342,22790
3011,754004,754000,4,4,2,4,0,4,0,4,0,0,0,48882,47056,23346,22794
3012,754506,754472,34,34,2,11,23,11,23,34,0,0,0,48916,47090,23357,22805
3013,755007,754997,10,10,2,8,2,8,2,10,0,0,0,48926,47100,23365,22813
3014,755509,755493,16,16,2,4,12,4,12,16,0,0,0,48942,47116,23369,22817
3015,756011,755970,42,40,3,18,24,18,22,39,1,0,0,48984,47156,23387,22835
3016,756513,756471,44,40,3,14,30,14,26,38,2,0,0,49028,47196,23401,22849
3017,757015,757003,12,12,2,8,4,8,4,12,0,0,0,49040,47208,23409,22857
3018,757518,757493,26,24,3,7,19,7,17,23,1,0,0,49066,47232,23416,22864
3019,758020,758001,19,19,2,19,0,19,0,19,0,0,0,49085,47251,23435,22883
3020,758523,758496,27,27,2,8,19,8,19,27,0,0,0,49112,47278,23443,22891
3021,759026,758998,28,28,2,17,11,17,11,28,0,0,0,49140,47306,23460,22908
3022,759529,759514,15,15,2,10,5,10,5,15,0,0,0,49155,47321,23470,22918
3023,760032,760026,6,6,2,6,0,6,0,6,0,0,0,49161,47327,23476,22924
3024,760536,760488,50,46,3,6,44,6,40,44,2,0,0,49211,47373,23482,22930
3025,761039,761021,18,18,2,10,8,10,8,18,0,0,0,49229,47391,23492,22940
3026,761543,761515,30,26,3,12,18,11,15,24,2,0,0,49259,47417,23504,22951
3027,762047,762028,20,18,3,8,12,7,11,17,1,0,0,49279,47435,23512,22958
3028,762551,762526,25,25,2,10,15,10,15,25,0,0,0,49304,47460,23522,22968
3029,763055,763044,11,11,2,9,2,9,2,11,0,0,0,49315,47471,23531,22977
3030,763560,763534,26,26,2,6,20,6,20,26,0,0,0,49341,47497,23537,22983
3031,764064,764040,24,24,2,15,9,15,9,24,0,0,0,49365,47521,23552,22998
3032,764569,764534,35,35,2,11,24,11,24,35,0,0,0,49400,47556,23563,23009
3033,765074,765059,15,15,2,10,5,10,5,15,0,0,0,49415,47571,23573,23019
3034,765579,765555,25,23,3,12,13,11,12,22,1,0,0,49440,47594,23585,23030
3035,766084,766068,16,16,2,10,6,10,6,16,0,0,0,49456,47610,23595,23040
3036,766590,766536,56,52,3,14,42,13,39,50,2,0,0,49512,47662,23609,23053
3037,767095,767086,9,9,2,9,0,9,0,9,0,0,0,49521,47671,23618,23062
3038,767601,767544,60,54,3,21,39,20,34,51,3,0,0,49581,47725,23639,23082
3039,768107,768090,17,17,2,11,6,11,6,17,0,0,0,49598,47742,23650,23093
3040,768613,768563,53,47,3,12,41,12,35,44,3,0,0,49651,47789,23662,23105
3041,769119,769114,5,5,2,5,0,5,0,5,0,0,0,49656,47794,23667,23110
3042,769626,769553,75,71,3,18,57,18,53,69,2,0,0,49731,47865,23685,23128
3043,770132,770117,15,15,2,14,1,14,1,15,0,0,0,49746,47880,23699,23142
3044,770639,770617,22,22,2,13,9,13,9,22,0,0,0,49768,47902,23712,23155
3045,771146,771116,30,30,2,12,18,12,18,30,0,0,0,49798,47932,23724,23167
3046,771653,771633,20,20,2,10,10,10,10,20,0,0,0,49818,47952,23734,23177
3047,772160,772138,23,21,3,21,2,19,2,20,1,0,0,49841,47973,23755,23196
3048,772668,772626,42,42,2,10,32,10,32,42,0,0,0,49883,48015,23765,23206
3049,773175,773160,15,15,2,15,0,15,0,15,0,0,0,49898,48030,23780,23221
3050,773683,773660,23,23,2,9,14,9,14,23,0,0,0,49921,48053,23789,23230
3051,774191,774181,10,10,2,7,3,7,3,10,0,0,0,49931,48063,23796,23237
3052,774699,774656,43,43,2,16,27,16,27,43,0,0,0,49974,48106,23812,23253
3053,775207,775188,21,17,3,19,2,15,2,15,2,0,0,49995,48123,23831,23268
3054,775716,775695,21,21,2,7,14,7,14,21,0,0,0,50016,48144,23838,23275
3055,776224,776201,23,23,2,16,7,16,7,23,0,0,0,50039,48167,23854,23291
3056,776733,776712,21,21,2,6,15,6,15,21,0,0,0,50060,48188,23860,23297
3057,777242,777233,9,9,2,8,1,8,1,9,0,0,0,50069,48197,23868,23305
3058,777751,777723,29,27,3,11,18,10,17,26,1,0,0,50098,48224,23879,23315
3059,778260,778224,39,33,3,29,10,26,7,30,3,0,0,50137,48257,23908,23341
3060,778770,778720,50,50,2,9,41,9,41,50,0,0,0,50187,48307,23917,23350
3061,779279,779272,7,7,2,7,0,7,0,7,0,0,0,50194,48314,23924,23357
3062,779789,779772,17,17,2,6,11,6,11,17,0,0,0,50211,48331,23930,23363
3063,780299,780272,27,27,2,18,9,18,9,27,0,0,0,50238,48358,23948,23381
3064,780809,780780,30,28,3,14,16,14,14,27,1,0,0,50268,48386,23962,23395
3065,781319,781308,12,10,3,9,3,8,2,9,1,0,0,50280,48396,23971,23403
3066,781830,781789,41,41,2,4,37,4,37,41,0,0,0,50321,48437,23975,23407
3067,782340,782335,5,5,2,5,0,5,0,5,0,0,0,50326,48442,23980,23412
3068,782851,782813,40,36,3,21,19,21,15,34,2,0,0,50366,48478,24001,23433
3069,783362,783320,47,38,4,24,23,18,20,35,2,1,0,50413,48516,24025,23451
3070,783873,783847,27,25,3,6,21,6,19,24,1,0,0,50440,48541,24031,23457
3071,784384,784372,13,11,3,11,2,9,2,10,1,0,0,50453,48552,24042,23466
3072,784896,784876,20,20,2,7,13,7,13,20,0,0,0,50473,48572,24049,23473
3073,785407,785384,23,23,2,18,5,18,5,23,0,0,0,50496,48595,24067,23491
3074,785919,785895,24,24,2,9,15,9,15,24,0,0,0,50520,48619,24076,23500
3075,786431,786411,20,20,2,10,10,10,10,20,0,0,0,50540,48639,24086,23510
3076,786943,786921,22,22,2,10,12,10,12,22,0,0,0,50562,48661,24096,23520
3077,787455,787440,15,15,2,13,2,13,2,15,0,0,0,50577,48676,24109,23533
3078,787968,787925,44,42,3,11,33,11,31,41,1,0,0,50621,48718,24120,23544
3079,788480,788470,10,10,2,10,0,10,0,10,0,0,0,50631,48728,24130,23554
3080,788993,788934,63,55,3,16,47,15,40,51,4,0,0,50694,48783,24146,23569
3081,789506,789478,28,28,2,13,15,13,15,28,0,0,0,50722,48811,24159,23582
3082,790019,789998,21,21,2,7,14,7,14,21,0,0,0,50743,48832,24166,23589
3083,790532,790517,15,15,2,15,0,15,0,15,0,0,0,50758,48847,24181,23604
3084,791046,791022,24,24,2,5,19,5,19,24,0,0,0,50782,48871,24186,23609
3085,791559,791534,25,25,2,16,9,16,9,25,0,0,0,50807,48896,24202,23625
3086,792073,792050,23,23,2,6,17,6,17,23,0,0,0,50830,48919,24208,23631
3087,792587,792539,48,48,2,23,25,23,25,48,0,0,0,50878,48967,24231,23654
3088,793101,793070,31,31,2,5,26,5,26,31,0,0,0,50909,48998,24236,23659
3089,793615,793611,4,4,2,4,0,4,0,4,0,0,0,50913,49002,24240,23663
3090,794130,794091,39,39,2,5,34,5,34,39,0,0,0,50952,49041,24245,23668
3091,794644,794631,13,13,2,10,3,10,3,13,0,0,0,50965,49054,24255,23678
3092,795159,795137,22,22,2,10,12,10,12,22,0,0,0,50987,49076,24265,23688
3093,795674,795656,18,18,2,11,7,11,7,18,0,0,0,51005,49094,24276,23699
3094,796189,796140,50,48,3,18,32,18,30,47,1,0,0,51055,49142,24294,23717
3095,796704,796686,18,18,2,15,3,15,3,18,0,0,0,51073,49160,24309,23732
3096,797220,797171,49,49,2,10,39,10,39,49,0,0,0,51122,49209,24319,23742
3097,797735,797710,25,25,2,24,1,24,1,25,0,0,0,51147,49234,24343,23766
3098,798251,798231,20,20,2,9,11,9,11,20,0,0,0,51167,49254,24352,23775
3099,798767,798745,22,22,2,12,10,12,10,22,0,0,0,51189,49276,24364,23787
3100,799283,799246,39,35,3,8,31,8,27,33,2,0,0,51228,49311,24372,23795
3101,799799,799776,23,23,2,16,7,16,7,23,0,0,0,51251,49334,24388,23811
3102,800316,800278,40,36,3,10,30,9,27,34,2,0,0,51291,49370,24398,23820
3103,800832,800819,14,12,3,11,3,9,3,11,1,0,0,51305,49382,24409,23829
3104,801349,801318,31,31,2,8,23,8,23,31,0,0,0,51336,49413,24417,23837
3105,801866,801837,32,27,4,10,22,10,17,26,0,1,0,51368,49440,24427,23847
3106,802383,802367,16,16,2,11,5,11,5,16,0,0,0,51384,49456,24438,23858
3107,802900,802883,17,17,2,15,2,15,2,17,0,0,0,51401,49473,24453,23873
3108,803418,803343,77,73,3,13,64,13,60,71,2,0,0,51478,49546,24466,23886
3109,803935,803924,11,11,2,11,0,11,0,11,0,0,0,51489,49557,24477,23897
3110,804453,804427,26,26,2,11,15,11,15,26,0,0,0,51515,49583,24488,23908
3111,804971,804945,27,25,3,11,16,10,15,24,1,0,0,51542,49608,24499,23918
3112,805489,805461,29,27,3,16,13,15,12,26,1,0,0,51571,49635,24515,23933
3113,806007,805992,15,15,2,13,2,13,2,15,0,0,0,51586,49650,24528,23946
3114,806526,806503,23,23,2,7,16,7,16,23,0,0,0,51609,49673,24535,23953
3115,807044,807028,16,16,2,11,5,11,5,16,0,0,0,51625,49689,24546,23964
3116,807563,807532,31,31,2,20,11,20,11,31,0,0,0,51656,49720,24566,23984
3117,808082,808056,28,24,3,19,9,18,6,22,2,0,0,51684,49744,24585,24002
3118,808601,808578,24,22,3,15,9,14,8,21,1,0,0,51708,49766,24600,24016
3119,809120,809112,8,8,2,8,0,8,0,8,0,0,0,51716,49774,24608,24024
3120,809640,809573,68,66,3,12,56,13,53,65,1,0,0,51784,49840,24620,24037
3121,810159,810144,15,15,2,15,0,15,0,15,0,0,0,51799,49855,24635,24052
3122,810679,810640,39,39,2,20,19,20,19,39,0,0,0,51838,49894,24655,24072
3123,811199,811182,17,17,2,6,11,6,11,17,0,0,0,51855,49911,24661,24078
3124,811719,811682,42,33,4,14,28,11,22,30,2,1,0,51897,49944,24675,24089
3125,812239,812229,10,10,2,8,2,8,2,10,0,0,0,51907,49954,24683,24097
3126,812760,812745,15,15,2,3,12,3,12,15,0,0,0,51922,49969,24686,24100
3127,813280,813263,17,17,2,15,2,15,2,17,0,0,0,51939,49986,24701,24115
3128,813801,813754,50,44,3,16,34,15,29,41,3,0,0,51989,50030,24717,24130
3129,814322,814297,25,25,2,15,10,15,10,25,0,0,0,52014,50055,24732,24145
3130,814843,814816,27,27,2,12,15,12,15,27,0,0,0,52041,50082,24744,24157
3131,815364,815348,19,14,4,17,2,12,2,13,0,1,0,52060,50096,24761,24169
3132,815886,815850,37,35,3,4,33,4,31,34,1,0,0,52097,50131,24765,24173
3133,816407,816379,28,28,2,23,5,23,5,28,0,0,0,52125,50159,24788,24196
3134,816929,816912,17,17,2,10,7,10,7,17,0,0,0,52142,50176,24798,24206
3135,817451,817407,47,41,3,10,37,9,32,38,3,0,0,52189,50217,24808,24215
3136,817973,817939,37,31,3,7,30,6,25,28,3,0,0,52226,50248,24815,24221
3137,818495,818481,14,14,2,14,0,14,0,14,0,0,0,52240,50262,24829,24235
3138,819018,818991,27,27,2,8,19,8,19,27,0,0,0,52267,50289,24837,24243
3139,819540,819521,19,19,2,16,3,16,3,19,0,0,0,52286,50308,24853,24259
3140,820063,820024,39,39,2,13,26,13,26,39,0,0,0,52325,50347,24866,24272
3141,820586,820564,23,21,3,7,16,7,14,20,1,0,0,52348,50368,24873,24279
3142,821109,821098,11,11,2,7,4,7,4,11,0,0,0,52359,50379,24880,24286
3143,821632,821620,12,12,2,11,1,11,1,12,0,0,0,52371,50391,24891,24297
3144,822156,822110,46,46,2,15,31,15,31,46,0,0,0,52417,50437,24906,24312
3145,822679,822650,29,29,2,17,12,17,12,29,0,0,0,52446,50466,24923,24329
3146,823203,823173,31,29,3,7,24,7,22,28,1,0,0,52477,50495,24930,24336
3147,823727,823704,23,23,2,12,11,12,11,23,0,0,0,52500,50518,24942,24348
3148,824251,824227,24,24,2,12,12,12,12,24,0,0,0,52524,50542,24954,24360
3149,824775,824760,16,14,3,16,0,14,0,13,1,0,0,52540,50556,24970,24374
3150,825300,825247,58,49,4,9,49,10,39,46,2,1,0,52598,50605,24979,24384
3151,825824,825806,18,18,2,16,2,16,2,18,0,0,0,52616,50623,24995,24400
3152,826349,826321,28,28,2,8,20,8,20,28,0,0,0,52644,50651,25003,24408
3153,826874,826851,23,23,2,13,10,13,10,23,0,0,0,52667,50674,25016,24421
3154,827399,827371,28,28,2,14,14,14,14,28,0,0,0,52695,50702,25030,24435
3155,827924,827916,8,8,2,5,3,5,3,8,0,0,0,52703,50710,25035,24440
3156,828450,828414,36,36,2,7,29,7,29,36,0,0,0,52739,50746,25042,24447
3157,828975,828948,28,26,3,21,7,21,5,25,1,0,0,52767,50772,25063,24468
3158,829501,829489,12,12,2,8,4,8,4,12,0,0,0,52779,50784,25071,24476
3159,830027,830001,27,25,3,12,15,11,14,24,1,0,0,52806,50809,25083,24487
3160,830553,830505,48,48,2,14,34,14,34,48,0,0,0,52854,50857,25097,24501
3161,831079,831054,25,25,2,23,2,23,2,25,0,0,0,52879,50882,25120,24524
3162,831606,831557,50,48,3,13,37,13,35,47,1,0,0,52929,50930,25133,24537
3163,832132,832126,6,6,2,6,0,6,0,6,0,0,0,52935,50936,25139,24543
3164,832659,832637,22,22,2,6,16,6,16,22,0,0,0,52957,50958,25145,24549
3165,833186,833156,30,30,2,16,14,16,14,30,0,0,0,52987,50988,25161,24565
3166,833713,833699,14,14,2,8,6,8,6,14,0,0,0,53001,51002,25169,24573
3167,834240,834231,9,9,2,9,0,9,0,9,0,0,0,53010,51011,25178,24582
3168,834768,834713,60,51,4,6,54,6,45,48,2,1,0,53070,51062,25184,24588
3169,835295,835282,13,13,2,13,0,13,0,13,0,0,0,53083,51075,25197,24601
3170,835823,835802,21,21,2,8,13,8,13,21,0,0,0,53104,51096,25205,24609
3171,836351,836319,32,32,2,20,12,20,12,32,0,0,0,53136,51128,25225,24629
3172,836879,836838,41,41,2,16,25,16,25,41,0,0,0,53177,51169,25241,24645
3173,837407,837389,18,18,2,17,1,17,1,18,0,0,0,53195,51187,25258,24662
3174,837936,837904,32,32,2,10,22,10,22,32,0,0,0,53227,51219,25268,24672
3175,838464,838449,16,14,3,6,10,6,8,13,1,0,0,53243,51233,25274,24678
3176,838993,838969,24,24,2,5,19,5,19,24,0,0,0,53267,51257,25279,24683
3177,839522,839505,17,17,2,9,8,9,8,17,0,0,0,53284,51274,25288,24692
3178,840051,840031,21,19,3,5,16,5,14,18,1,0,0,53305,51293,25293,24697
3179,840580,840552,30,26,3,21,9,20,6,24,2,0,0,53335,51319,25314,24717
3180,841110,841064,46,46,2,9,37,9,37,46,0,0,0,53381,51365,25323,24726
3181,841639,841633,6,6,2,6,0,6,0,6,0,0,0,53387,51371,25329,24732
3182,842169,842128,42,40,3,15,27,14,26,39,1,0,0,53429,51411,25344,24746
3183,842699,842684,15,15,2,9,6,9,6,15,0,0,0,53444,51426,25353,24755
3184,843229,843206,23,23,2,8,15,8,15,23,0,0,0,53467,51449,25361,24763
3185,843759,843706,54,52,3,27,27,26,26,51,1,0,0,53521,51501,25388,24789
3186,844290,844258,33,31,3,8,25,8,23,30,1,0,0,53554,51532,25396,24797
3187,844820,844805,15,15,2,15,0,15,0,15,0,0,0,53569,51547,25411,24812
3188,845351,845338,13,13,2,7,6,7,6,13,0,0,0,53582,51560,25418,24819
3189,845882,845860,22,22,2,13,9,13,9,22,0,0,0,53604,51582,25431,24832
3190,846413,846377,38,34,3,15,23,15,19,32,2,0,0,53642,51616,25446,24847
3191,846944,846934,10,10,2,10,0,10,0,10,0,0,0,53652,51626,25456,24857
3192,847476,847398,80,76,3,11,69,11,65,74,2,0,0,53732,51702,25467,24868
3193,848007,847993,14,14,2,12,2,12,2,14,0,0,0,53746,51716,25479,24880
3194,848539,848510,29,29,2,16,13,16,13,29,0,0,0,53775,51745,25495,24896
3195,849071,849049,22,22,2,7,15,7,15,22,0,0,0,53797,51767,25502,24903
3196,849603,849575,29,27,3,9,20,9,18,26,1,0,0,53826,51794,25511,24912
3197,850135,850113,23,21,3,18,5,16,5,20,1,0,0,53849,51815,25529,24928
3198,850668,850622,46,46,2,15,31,15,31,46,0,0,0,53895,51861,25544,24943
3199,851200,851179,21,21,2,16,5,16,5,21,0,0,0,53916,51882,25560,24959
3200,851733,851702,32,30,3,1,31,1,29,29,1,0,0,53948,51912,25561,24960
3201,852266,852234,33,31,3,19,14,18,13,30,1,0,0,53981,51943,25580,24978
3202,852799,852784,15,15,2,8,7,8,7,15,0,0,0,53996,51958,25588,24986
3203,853332,853321,11,11,2,11,0,11,0,11,0,0,0,54007,51969,25599,24997
3204,853866,853835,31,31,2,4,27,4,27,31,0,0,0,54038,52000,25603,25001
3205,854399,854389,10,10,2,5,5,5,5,10,0,0,0,54048,52010,25608,25006
3206,854933,854903,30,30,2,10,20,10,20,30,0,0,0,54078,52040,25618,25016
3207,855467,855441,26,26,2,13,13,13,13,26,0,0,0,54104,52066,25631,25029
3208,856001,855974,27,27,2,9,18,9,18,27,0,0,0,54131,52093,25640,25038
3209,856535,856522,13,13,2,13,0,13,0,13,0,0,0,54144,52106,25653,25051
3210,857070,857046,24,24,2,6,18,6,18,24,0,0,0,54168,52130,25659,25057
3211,857604,857566,39,37,3,33,6,32,5,36,1,0,0,54207,52167,25692,25089
3212,858139,858105,37,31,3,14,23,11,20,28,3,0,0,54244,52198,25706,25100
3213,858674,858639,36,34,3,13,23,13,21,33,1,0,0,54280,52232,25719,25113
3214,859209,859200,9,9,2,3,6,3,6,9,0,0,0,54289,52241,25722,25116
3215,859744,859728,16,16,2,7,9,7,9,16,0,0,0,54305,52257,25729,25123
3216,860280,860235,47,43,3,9,38,7,36,41,2,0,0,54352,52300,25738,25130
3217,860815,860800,15,15,2,15,0,15,0,15,0,0,0,54367,52315,25753,25145
3218,861351,861341,10,10,2,4,6,4,6,10,0,0,0,54377,52325,25757,25149
3219,861887,861861,27,25,3,14,13,13,12,24,1,0,0,54404,52350,25771,25162
3220,862423,862369,58,51,4,15,43,13,38,49,1,1,0,54462,52401,25786,25175
3221,862959,862952,7,7,2,7,0,7,0,7,0,0,0,54469,52408,25793,25182
3222,863496,863465,31,31,2,3,28,3,28,31,0,0,0,54500,52439,25796,25185
3223,864032,864010,22,22,2,20,2,20,2,22,0,0,0,54522,52461,25816,25205
3224,864569,864515,54,54,2,19,35,19,35,54,0,0,0,54576,52515,25835,25224
3225,865106,865075,32,30,3,14,18,13,17,29,1,0,0,54608,52545,25849,25237
3226,865643,865626,17,17,2,11,6,11,6,17,0,0,0,54625,52562,25860,25248
3227,866180,866170,10,10,2,9,1,9,1,10,0,0,0,54635,52572,25869,25257
3228,866718,866687,31,31,2,8,23,8,23,31,0,0,0,54666,52603,25877,25265
3229,867255,867244,11,11,2,11,0,11,0,11,0,0,0,54677,52614,25888,25276
3230,867793,867736,63,51,3,21,42,18,33,45,6,0,0,54740,52665,25909,25294
3231,868331,868309,22,22,2,11,11,11,11,22,0,0,0,54762,52687,25920,25305
3232,868869,868844,26,24,3,3,23,3,21,23,1,0,0,54788,52711,25923,25308
3233,869407,869387,21,19,3,17,4,15,4,18,1,0,0,54809,52730,25940,25323
3234,869946,869877,71,67,3,19,52,19,48,65,2,0,0,54880,52797,25959,25342
3235,870484,870467,17,17,2,11,6,11,6,17,0,0,0,54897,52814,25970,25353
3236,871023,871007,16,16,2,7,9,7,9,16,0,0,0,54913,52830,25977,25360
3237,871562,871536,26,26,2,16,10,16,10,26,0,0,0,54939,52856,25993,25376
3238,872101,872085,16,16,2,2,14,2,14,16,0,0,0,54955,52872,25995,25378
3239,872640,872621,20,18,3,19,1,17,1,17,1,0,0,54975,52890,26014,25395
3240,873180,873122,59,57,3,9,50,9,48,56,1,0,0,55034,52947,26023,25404
3241,873719,873701,19,17,3,14,5,12,5,16,1,0,0,55053,52964,26037,25416
3242,874259,874238,21,21,2,15,6,15,6,21,0,0,0,55074,52985,26052,25431
3243,874799,874770,34,25,4,21,13,17,8,22,2,1,0,55108,53010,26073,25448
3244,875339,875310,29,29,2,16,13,16,13,29,0,0,0,55137,53039,26089,25464
3245,875879,875856,24,22,3,15,9,15,7,21,1,0,0,55161,53061,26104,25479
3246,876420,876390,30,30,2,8,22,8,22,30,0,0,0,55191,53091,26112,25487
3247,876960,876943,17,17,2,13,4,13,4,17,0,0,0,55208,53108,26125,25500
3248,877501,877465,37,35,3,14,23,13,22,34,1,0,0,55245,53143,26139,25513
3249,878042,878000,44,40,3,23,21,19,21,38,2,0,0,55289,53183,26162,25532
3250,878583,878552,31,31,2,14,17,14,17,31,0,0,0,55320,53214,26176,25546
3251,879124,879112,12,12,2,12,0,12,0,12,0,0,0,55332,53226,26188,25558
3252,879666,879625,42,40,3,10,32,10,30,39,1,0,0,55374,53266,26198,25568
3253,880207,880196,11,11,2,11,0,11,0,11,0,0,0,55385,53277,26209,25579
3254,880749,880735,14,14,2,5,9,5,9,14,0,0,0,55399,53291,26214,25584
3255,881291,881242,51,47,3,13,38,13,34,45,2,0,0,55450,53338,26227,25597
3256,881833,881794,42,37,4,9,33,9,28,36,0,1,0,55492,53375,26236,25606
3257,882375,882365,11,9,3,11,0,9,0,8,1,0,0,55503,53384,26247,25615
3258,882918,882877,41,41,2,9,32,9,32,41,0,0,0,55544,53425,26256,25624
3259,883460,883450,10,10,2,10,0,10,0,10,0,0,0,55554,53435,26266,25634
3260,884003,883964,39,39,2,7,32,7,32,39,0,0,0,55593,53474,26273,25641
3261,884546,884522,24,24,2,12,12,12,12,24,0,0,0,55617,53498,26285,25653
3262,885089,885066,23,23,2,8,15,8,15,23,0,0,0,55640,53521,26293,25661
3263,885632,885623,9,9,2,9,0,9,0,9,0,0,0,55649,53530,26302,25670
3264,886176,886141,39,32,4,6,33,6,26,30,1,1,0,55688,53562,26308,25676
3265,886719,886702,17,17,2,11,6,11,6,17,0,0,0,55705,53579,26319,25687
3266,887263,887229,37,31,3,15,22,14,17,28,3,0,0,55742,53610,26334,25701
3267,887807,887792,15,15,2,3,12,3,12,15,0,0,0,55757,53625,26337,25704
3268,888351,888311,41,39,3,19,22,19,20,38,1,0,0,55798,53664,26356,25723
3269,888895,888883,12,12,2,9,3,9,3,12,0,0,0,55810,53676,26365,25732
3270,889440,889395,45,45,2,8,37,8,37,45,0,0,0,55855,53721,26373,25740
3271,889984,889971,13,13,2,13,0,13,0,13,0,0,0,55868,53734,26386,25753
3272,890529,890503,26,26,2,5,21,5,21,26,0,0,0,55894,53760,26391,25758
3273,891074,891057,17,17,2,6,11,6,11,17,0,0,0,55911,53777,26397,25764
3274,891619,891610,9,9,2,6,3,6,3,9,0,0,0,55920,53786,26403,25770
3275,892164,892151,13,13,2,8,5,8,5,13,0,0,0,55933,53799,26411,25778
3276,892710,892618,93,91,3,15,78,15,76,90,1,0,0,56026,53890,26426,25793
3277,893255,893240,18,13,4,17,1,12,1,12,0,1,0,56044,53903,26443,25805
3278,893801,893784,17,17,2,7,10,7,10,17,0,0,0,56061,53920,26450,25812
3279,894347,894322,25,25,2,19,6,19,6,25,0,0,0,56086,53945,26469,25831
3280,894893,894859,36,32,3,5,31,5,27,30,2,0,0,56122,53977,26474,25836
3281,895439,895428,11,11,2,8,3,8,3,11,0,0,0,56133,53988,26482,25844
3282,895986,895940,46,46,2,21,25,21,25,46,0,0,0,56179,54034,26503,25865
3283,896532,896495,37,37,2,28,9,28,9,37,0,0,0,56216,54071,26531,25893
3284,897079,897056,23,23,2,14,9,14,9,23,0,0,0,56239,54094,26545,25907
3285,897626,897585,41,41,2,21,20,21,20,41,0,0,0,56280,54135,26566,25928
3286,898173,898141,33,31,3,15,18,15,16,30,1,0,0,56313,54166,26581,25943
3287,898720,898714,6,6,2,6,0,6,0,6,0,0,0,56319,54172,26587,25949
3288,899268,899230,38,38,2,12,26,12,26,38,0,0,0,56357,54210,26599,25961
3289,899815,899774,44,38,3,29,15,27,11,35,3,0,0,56401,54248,26628,25988
3290,900363,900325,38,38,2,13,25,13,25,38,0,0,0,56439,54286,26641,26001
3291,900911,900894,17,17,2,15,2,15,2,17,0,0,0,56456,54303,26656,26016
3292,901459,901434,25,25,2,14,11,14,11,25,0,0,0,56481,54328,26670,26030
3293,902007,901989,18,18,2,15,3,15,3,18,0,0,0,56499,54346,26685,26045
3294,902556,902519,37,37,2,10,27,10,27,37,0,0,0,56536,54383,26695,26055
3295,903104,903091,14,12,3,9,5,8,4,11,1,0,0,56550,54395,26704,26063
3296,903653,903633,20,20,2,5,15,5,15,20,0,0,0,56570,54415,26709,26068
3297,904202,904171,31,31,2,12,19,12,19,31,0,0,0,56601,54446,26721,26080
3298,904751,904720,31,31,2,12,19,12,19,31,0,0,0,56632,54477,26733,26092
3299,905300,905289,11,11,2,11,0,11,0,11,0,0,0,56643,54488,26744,26103
3300,905850,905804,47,45,3,5,42,5,40,44,1,0,0,56690,54533,26749,26108
3301,906399,906394,5,5,2,5,0,5,0,5,0,0,0,56695,54538,26754,26113
3302,906949,906912,37,37,2,18,19,18,19,37,0,0,0,56732,54575,26772,26131
3303,907499,907476,23,23,2,8,15,8,15,23,0,0,0,56755,54598,26780,26139
3304,908049,908021,29,27,3,10,19,8,19,26,1,0,0,56784,54625,26790,26147
3305,908599,908579,21,19,3,10,11,10,9,18,1,0,0,56805,54644,26800,26157
3306,909150,909097,56,50,3,18,38,18,32,47,3,0,0,56861,54694,26818,26175
3307,909700,909687,13,13,2,13,0,13,0,13,0,0,0,56874,54707,26831,26188
3308,910251,910229,22,22,2,9,13,9,13,22,0,0,0,56896,54729,26840,26197
3309,910802,910790,12,12,2,8,4,8,4,12,0,0,0,56908,54741,26848,26205
3310,911353,911325,28,28,2,10,18,10,18,28,0,0,0,56936,54769,26858,26215
3311,911904,911868,37,35,3,25,12,24,11,34,1,0,0,56973,54804,26883,26239
3312,912456,912411,46,44,3,14,32,14,30,43,1,0,0,57019,54848,26897,26253
3313,913007,912994,13,13,2,13,0,13,0,13,0,0,0,57032,54861,26910,26266
3314,913559,913544,15,15,2,10,5,10,5,15,0,0,0,57047,54876,26920,26276
3315,914111,914061,53,47,3,17,36,16,31,44,3,0,0,57100,54923,26937,26292
3316,914663,914637,26,26,2,16,10,16,10,26,0,0,0,57126,54949,26953,26308
3317,915215,915194,22,20,3,18,4,16,4,19,1,0,0,57148,54969,26971,26324
3318,915768,915713,55,55,2,15,40,15,40,55,0,0,0,57203,55024,26986,26339
3319,916320,916304,16,16,2,16,0,16,0,16,0,0,0,57219,55040,27002,26355
3320,916873,916839,35,33,3,8,27,8,25,32,1,0,0,57254,55073,27010,26363
3321,917426,917402,24,24,2,17,7,17,7,24,0,0,0,57278,55097,27027,26380
3322,917979,917955,24,24,2,15,9,15,9,24,0,0,0,57302,55121,27042,26395
3323,918532,918522,10,10,2,10,0,10,0,10,0,0,0,57312,55131,27052,26405
3324,919086,919055,31,31,2,10,21,10,21,31,0,0,0,57343,55162,27062,26415
3325,919639,919604,36,34,3,13,23,13,21,33,1,0,0,57379,55196,27075,26428
3326,920193,920173,20,20,2,12,8,12,8,20,0,0,0,57399,55216,27087,26440
3327,920747,920734,13,13,2,7,6,7,6,13,0,0,0,57412,55229,27094,26447
3328,921301,921276,25,25,2,6,19,6,19,25,0,0,0,57437,55254,27100,26453
3329,921855,921845,10,10,2,10,0,10,0,10,0,0,0,57447,55264,27110,26463
3330,922410,922348,63,61,3,14,49,14,47,60,1,0,0,57510,55325,27124,26477
3331,922964,922956,8,8,2,8,0,8,0,8,0,0,0,57518,55333,27132,26485
3332,923519,923464,57,53,3,14,43,14,39,51,2,0,0,57575,55386,27146,26499
3333,924074,924051,23,23,2,15,8,15,8,23,0,0,0,57598,55409,27161,26514
3334,924629,924617,12,12,2,2,10,2,10,12,0,0,0,57610,55421,27163,26516
3335,925184,925167,17,17,2,13,4,13,4,17,0,0,0,57627,55438,27176,26529
3336,925740,925696,45,43,3,6,39,6,37,42,1,0,0,57672,55481,27182,26535
3337,926295,926282,13,13,2,12,1,12,1,13,0,0,0,57685,55494,27194,26547
3338,926851,926831,20,20,2,11,9,11,9,20,0,0,0,57705,55514,27205,26558
3339,927407,927380,28,26,3,14,14,12,14,25,1,0,0,57733,55540,27219,26570
3340,927963,927925,38,38,2,11,27,11,27,38,0,0,0,57771,55578,27230,26581
3341,928519,928495,24,24,2,17,7,17,7,24,0,0,0,57795,55602,27247,26598
3342,929076,929051,26,24,3,8,18,8,16,23,1,0,0,57821,55626,27255,26606
3343,929632,929623,9,9,2,9,0,9,0,9,0,0,0,57830,55635,27264,26615
3344,930189,930138,55,48,4,15,40,14,34,46,1,1,0,57885,55683,27279,26629
3345,930746,930726,21,19,3,8,13,8,11,18,1,0,0,57906,55702,27287,26637
3346,931303,931279,24,24,2,12,12,12,12,24,0,0,0,57930,55726,27299,26649
3347,931860,931853,7,7,2,7,0,7,0,7,0,0,0,57937,55733,27306,26656
3348,932418,932364,54,54,2,11,43,11,43,54,0,0,0,57991,55787,27317,26667
3349,932975,932959,16,16,2,14,2,14,2,16,0,0,0,58007,55803,27331,26681
3350,933533,933504,30,28,3,10,20,10,18,27,1,0,0,58037,55831,27341,26691
3351,934091,934072,19,19,2,10,9,10,9,19,0,0,0,58056,55850,27351,26701
3352,934649,934620,32,26,3,6,26,6,20,23,3,0,0,58088,55876,27357,26707
3353,935207,935199,8,8,2,5,3,5,3,8,0,0,0,58096,55884,27362,26712
3354,935766,935705,61,61,2,21,40,21,40,61,0,0,0,58157,55945,27383,26733
3355,936324,936294,34,27,4,23,11,20,7,25,1,1,0,58191,55972,27406,26753
3356,936883,936849,35,33,3,9,26,9,24,32,1,0,0,58226,56005,27415,26762
3357,937442,937411,32,30,3,14,18,14,16,29,1,0,0,58258,56035,27429,26776
3358,938001,937975,29,24,4,12,17,12,12,23,0,1,0,58287,56059,27441,26788
3359,938560,938548,12,12,2,12,0,12,0,12,0,0,0,58299,56071,27453,26800
3360,939120,939079,41,41,2,8,33,8,33,41,0,0,0,58340,56112,27461,26808
3361,939679,939664,15,15,2,15,0,15,0,15,0,0,0,58355,56127,27476,26823
3362,940239,940225,14,14,2,6,8,6,8,14,0,0,0,58369,56141,27482,26829
3363,940799,940766,35,31,3,19,16,18,13,29,2,0,0,58404,56172,27501,26847
3364,941359,941340,19,19,2,9,10,9,10,19,0,0,0,58423,56191,27510,26856
3365,941919,941903,16,16,2,11,5,11,5,16,0,0,0,58439,56207,27521,26867
3366,942480,942418,63,61,3,15,48,15,46,60,1,0,0,58502,56268,27536,26882
3367,943040,942994,47,45,3,33,14,32,13,44,1,0,0,58549,56313,27569,26914
3368,943601,943576,25,25,2,7,18,7,18,25,0,0,0,58574,56338,27576,26921
3369,944162,944139,23,23,2,12,11,12,11,23,0,0,0,58597,56361,27588,26933
3370,944723,944690,33,33,2,13,20,13,20,33,0,0,0,58630,56394,27601,26946
3371,945284,945268,16,16,2,16,0,16,0,16,0,0,0,58646,56410,27617,26962
3372,945846,945821,25,25,2,8,17,8,17,25,0,0,0,58671,56435,27625,26970
3373,946407,946399,8,8,2,8,0,8,0,8,0,0,0,58679,56443,27633,26978
3374,946969,946935,34,34,2,14,20,14,20,34,0,0,0,58713,56477,27647,26992
3375,947531,947511,20,20,2,2,18,2,18,20,0,0,0,58733,56497,27649,26994
3376,948093,948063,30,30,2,12,18,12,18,30,0,0,0,58763,56527,27661,27006
3377,948655,948642,13,13,2,13,0,13,0,13,0,0,0,58776,56540,27674,27019
3378,949218,949182,36,36,2,12,24,12,24,36,0,0,0,58812,56576,27686,27031
3379,949780,949760,21,19,3,18,3,17,2,18,1,0,0,58833,56595,27704,27048
3380,950343,950290,54,52,3,9,45,9,43,51,1,0,0,58887,56647,27713,27057
3381,950906,950861,46,44,3,21,25,21,23,43,1,0,0,58933,56691,27734,27078
3382,951469,951446,25,21,3,9,16,8,13,19,2,0,0,58958,56712,27743,27086
3383,952032,952021,11,11,2,11,0,11,0,11,0,0,0,58969,56723,27754,27097
3384,952596,952548,50,46,3,5,45,5,41,44,2,0,0,59019,56769,27759,27102
3385,953159,953142,17,17,2,10,7,10,7,17,0,0,0,59036,56786,27769,27112
3386,953723,953707,16,16,2,8,8,8,8,16,0,0,0,59052,56802,27777,27120
3387,954287,954254,33,33,2,20,13,20,13,33,0,0,0,59085,56835,27797,27140
3388,954851,954813,40,36,3,14,26,14,22,34,2,0,0,59125,56871,27811,27154
3389,955415,955407,8,8,2,8,0,8,0,8,0,0,0,59133,56879,27819,27162
3390,955980,955946,34,34,2,12,22,12,22,34,0,0,0,59167,56913,27831,27174
3391,956544,956527,17,17,2,17,0,17,0,17,0,0,0,59184,56930,27848,27191
3392,957109,957086,23,23,2,4,19,4,19,23,0,0,0,59207,56953,27852,27195
3393,957674,957628,46,46,2,22,24,22,24,46,0,0,0,59253,56999,27874,27217
3394,958239,958220,19,19,2,11,8,11,8,19,0,0,0,59272,57018,27885,27228
3395,958804,958771,33,33,2,18,15,18,15,33,0,0,0,59305,57051,27903,27246
3396,959370,959333,37,37,2,10,27,10,27,37,0,0,0,59342,57088,27913,27256
3397,959935,959910,25,25,2,23,2,23,2,25,0,0,0,59367,57113,27936,27279
3398,960501,960482,19,19,2,10,9,10,9,19,0,0,0,59386,57132,27946,27289
3399,961067,961033,34,34,2,20,14,20,14,34,0,0,0,59420,57166,27966,27309
3400,961633,961585,50,46,3,6,44,6,40,44,2,0,0,59470,57212,27972,27315
3401,962199,962178,21,21,2,20,1,20,1,21,0,0,0,59491,57233,27992,27335
3402,962766,962733,34,32,3,3,31,3,29,31,1,0,0,59525,57265,27995,27338
3403,963332,963317,15,15,2,14,1,14,1,15,0,0,0,59540,57280,28009,27352
3404,963899,963866,33,33,2,16,17,16,17,33,0,0,0,59573,57313,28025,27368
3405,964466,964453,13,13,2,7,6,7,6,13,0,0,0,59586,57326,28032,27375
3406,965033,965016,17,17,2,5,12,5,12,17,0,0,0,59603,57343,28037,27380
3407,965600,965592,8,8,2,8,0,8,0,8,0,0,0,59611,57351,28045,27388
3408,966168,966133,35,35,2,5,30,5,30,35,0,0,0,59646,57386,28050,27393
3409,966735,966718,17,17,2,11,6,11,6,17,0,0,0,59663,57403,28061,27404
3410,967303,967249,56,52,3,20,36,20,32,50,2,0,0,59719,57455,28081,27424
3411,967871,967841,30,30,2,13,17,13,17,30,0,0,0,59749,57485,28094,27437
3412,968439,968417,22,22,2,9,13,9,13,22,0,0,0,59771,57507,28103,27446
3413,969007,969001,6,6,2,6,0,6,0,6,0,0,0,59777,57513,28109,27452
3414,969576,969554,22,22,2,5,17,5,17,22,0,0,0,59799,57535,28114,27457
3415,970144,970126,18,18,2,11,7,11,7,18,0,0,0,59817,57553,28125,27468
3416,970713,970672,41,41,2,9,32,9,32,41,0,0,0,59858,57594,28134,27477
3417,971282,971256,26,26,2,14,12,14,12,26,0,0,0,59884,57620,28148,27491
3418,971851,971832,19,19,2,11,8,11,8,19,0,0,0,59903,57639,28159,27502
3419,972420,972402,18,18,2,11,7,11,7,18,0,0,0,59921,57657,28170,27513
3420,972990,972909,84,79,4,10,74,10,69,78,0,1,0,60005,57736,28180,27523
3421,973559,973543,16,16,2,12,4,12,4,16,0,0,0,60021,57752,28192,27535
3422,974129,974105,24,24,2,12,12,12,12,24,0,0,0,60045,57776,28204,27547
3423,974699,974672,27,27,2,15,12,15,12,27,0,0,0,60072,57803,28219,27562
3424,975269,975247,22,22,2,6,16,6,16,22,0,0,0,60094,57825,28225,27568
3425,975839,975822,17,17,2,10,7,10,7,17,0,0,0,60111,57842,28235,27578
3426,976410,976386,24,24,2,8,16,8,16,24,0,0,0,60135,57866,28243,27586
3427,976980,976963,17,17,2,16,1,16,1,17,0,0,0,60152,57883,28259,27602
3428,977551,977535,16,16,2,7,9,7,9,16,0,0,0,60168,57899,28266,27609
3429,978122,978100,22,22,2,5,17,5,17,22,0,0,0,60190,57921,28271,27614
3430,978693,978642,51,51,2,8,43,8,43,51,0,0,0,60241,57972,28279,27622
3431,979264,979241,26,21,4,24,2,19,2,20,0,1,0,60267,57993,28303,27641
3432,979836,979755,88,75,4,14,74,14,61,70,4,1,0,60355,58068,28317,27655
3433,980407,980395,12,12,2,12,0,12,0,12,0,0,0,60367,58080,28329,27667
3434,980979,980949,32,28,3,16,16,14,14,26,2,0,0,60399,58108,28345,27681
3435,981551,981529,22,22,2,6,16,6,16,22,0,0,0,60421,58130,28351,27687
3436,982123,982098,25,25,2,11,14,11,14,25,0,0,0,60446,58155,28362,27698
3437,982695,982682,13,13,2,12,1,12,1,13,0,0,0,60459,58168,28374,27710
3438,983268,983239,30,28,3,7,23,7,21,27,1,0,0,60489,58196,28381,27717
3439,983840,983820,20,20,2,18,2,18,2,20,0,0,0,60509,58216,28399,27735
3440,984413,984375,39,37,3,8,31,8,29,36,1,0,0,60548,58253,28407,27743
3441,984986,984953,36,31,4,22,14,20,11,30,0,1,0,60584,58284,28429,27763
3442,985559,985543,16,16,2,8,8,8,8,16,0,0,0,60600,58300,28437,27771
3443,986132,986114,19,17,3,14,5,12,5,16,1,0,0,60619,58317,28451,27783
3444,986706,986660,46,46,2,14,32,14,32,46,0,0,0,60665,58363,28465,27797
3445,987279,987249,31,29,3,19,12,18,11,28,1,0,0,60696,58392,28484,27815
3446,987853,987841,12,12,2,10,2,10,2,12,0,0,0,60708,58404,28494,27825
3447,988427,988405,24,20,3,7,17,7,13,18,2,0,0,60732,58424,28501,27832
3448,989001,988978,23,23,2,6,17,6,17,23,0,0,0,60755,58447,28507,27838
3449,989575,989569,6,6,2,6,0,6,0,6,0,0,0,60761,58453,28513,27844
3450,990150,990098,55,49,3,11,44,11,38,46,3,0,0,60816,58502,28524,27855
3451,990724,990696,28,28,2,19,9,19,9,28,0,0,0,60844,58530,28543,27874
3452,991299,991272,28,26,3,5,23,5,21,25,1,0,0,60872,58556,28548,27879
3453,991874,991853,21,21,2,11,10,11,10,21,0,0,0,60893,58577,28559,27890
3454,992449,992420,30,28,3,17,13,16,12,27,1,0,0,60923,58605,28576,27906
3455,993024,993002,22,22,2,16,6,16,6,22,0,0,0,60945,58627,28592,27922
3456,993600,993579,21,21,2,2,19,2,19,21,0,0,0,60966,58648,28594,27924
3457,994175,994162,14,12,3,14,0,12,0,11,1,0,0,60980,58660,28608,27936
3458,994751,994673,78,78,2,29,49,29,49,78,0,0,0,61058,58738,28637,27965
3459,995327,995299,28,28,2,20,8,20,8,28,0,0,0,61086,58766,28657,27985
3460,995903,995873,30,30,2,5,25,5,25,30,0,0,0,61116,58796,28662,27990
3461,996479,996466,13,13,2,13,0,13,0,13,0,0,0,61129,58809,28675,28003
3462,997056,997024,32,32,2,10,22,10,22,32,0,0,0,61161,58841,28685,28013
3463,997632,997622,10,10,2,10,0,10,0,10,0,0,0,61171,58851,28695,28023
3464,998209,998182,27,27,2,5,22,5,22,27,0,0,0,61198,58878,28700,28028
3465,998786,998745,41,41,2,10,31,10,31,41,0,0,0,61239,58919,28710,28038
3466,999363,999340,23,23,2,8,15,8,15,23,0,0,0,61262,58942,28718,28046
3467,999940,999931,9,9,2,9,0,9,0,9,0,0,0,61271,58951,28727,28055
3468,1000518,1000473,46,44,3,12,34,12,32,43,1,0,0,61317,58995,28739,28067
3469,1001095,1001080,15,15,2,15,0,15,0,15,0,0,0,61332,59010,28754,28082
3470,1001673,1001651,22,22,2,6,16,6,16,22,0,0,0,61354,59032,28760,28088
3471,1002251,1002229,23,21,3,14,9,13,8,20,1,0,0,61377,59053,28774,28101
3472,1002829,1002775,55,53,3,13,42,12,41,52,1,0,0,61432,59106,28787,28113
3473,1003407,1003392,16,14,3,15,1,13,1,13,1,0,0,61448,59120,28802,28126
3474,1003986,1003942,44,44,2,10,34,10,34,44,0,0,0,61492,59164,28812,28136
3475,1004564,1004544,20,20,2,6,14,6,14,20,0,0,0,61512,59184,28818,28142
3476,1005143,1005106,37,37,2,13,24,13,24,37,0,0,0,61549,59221,28831,28155
3477,1005722,1005689,34,32,3,10,24,10,22,31,1,0,0,61583,59253,28841,28165
3478,1006301,1006272,30,28,3,13,17,13,15,27,1,0,0,61613,59281,28854,28178
3479,1006880,1006863,17,17,2,12,5,12,5,17,0,0,0,61630,59298,28866,28190
3480,1007460,1007413,47,47,2,5,42,5,42,47,0,0,0,61677,59345,28871,28195
3481,1008039,1008029,10,10,2,10,0,10,0,10,0,0,0,61687,59355,28881,28205
3482,1008619,1008600,19,19,2,11,8,11,8,19,0,0,0,61706,59374,28892,28216
3483,1009199,1009170,30,28,3,19,11,17,11,27,1,0,0,61736,59402,28911,28233
3484,1009779,1009736,46,40,3,17,29,15,25,37,3,0,0,61782,59442,28928,28248
3485,1010359,1010332,27,27,2,15,12,15,12,27,0,0,0,61809,59469,28943,28263
3486,1010940,1010897,44,42,3,10,34,9,33,41,1,0,0,61853,59511,28953,28272
3487,1011520,1011507,13,13,2,10,3,10,3,13,0,0,0,61866,59524,28963,28282
3488,1012101,1012072,29,29,2,5,24,5,24,29,0,0,0,61895,59553,28968,28287
3489,1012682,1012654,28,28,2,17,11,17,11,28,0,0,0,61923,59581,28985,28304
3490,1013263,1013235,28,28,2,8,20,8,20,28,0,0,0,61951,59609,28993,28312
3491,1013844,1013836,8,8,2,8,0,8,0,8,0,0,0,61959,59617,29001,28320
3492,1014426,1014368,58,58,2,9,49,9,49,58,0,0,0,62017,59675,29010,28329
3493,1015007,1014994,13,13,2,8,5,8,5,13,0,0,0,62030,59688,29018,28337
3494,1015589,1015566,23,23,2,10,13,10,13,23,0,0,0,62053,59711,29028,28347
3495,1016171,1016152,19,19,2,9,10,9,10,19,0,0,0,62072,59730,29037,28356
3496,1016753,1016711,45,39,3,13,32,12,27,36,3,0,0,62117,59769,29050,28368
3497,1017335,1017318,17,17,2,12,5,12,5,17,0,0,0,62134,59786,29062,28380
3498,1017918,1017876,42,42,2,14,28,14,28,42,0,0,0,62176,59828,29076,28394
3499,1018500,1018487,13,13,2,13,0,13,0,13,0,0,0,62189,59841,29089,28407
3500,1019083,1019050,33,33,2,7,26,7,26,33,0,0,0,62222,59874,29096,28414
3501,1019666,1019641,25,25,2,13,12,13,12,25,0,0,0,62247,59899,29109,28427
3502,1020249,1020212,40,35,4,22,18,17,18,34,0,1,0,62287,59934,29131,28444
3503,1020832,1020819,13,13,2,11,2,11,2,13,0,0,0,62300,59947,29142,28455
3504,1021416,1021373,44,42,3,11,33,11,31,41,1,0,0,62344,59989,29153,28466
3505,1021999,1021985,14,14,2,12,2,12,2,14,0,0,0,62358,60003,29165,28478
3506,1022583,1022566,17,17,2,8,9,8,9,17,0,0,0,62375,60020,29173,28486
3507,1023167,1023146,21,21,2,14,7,14,7,21,0,0,0,62396,60041,29187,28500
3508,1023751,1023722,29,29,2,11,18,11,18,29,0,0,0,62425,60070,29198,28511
3509,1024335,1024319,16,16,2,13,3,13,3,16,0,0,0,62441,60086,29211,28524
3510,1024920,1024859,61,61,2,7,54,7,54,61,0,0,0,62502,60147,29218,28531
3511,1025504,1025493,11,11,2,11,0,11,0,11,0,0,0,62513,60158,29229,28542
3512,1026089,1026061,28,28,2,9,19,9,19,28,0,0,0,62541,60186,29238,28551
3513,1026674,1026644,31,29,3,20,11,19,10,28,1,0,0,62572,60215,29258,28570
3514,1027259,1027235,24,24,2,10,14,10,14,24,0,0,0,62596,60239,29268,28580
3515,1027844,1027792,52,52,2,31,21,31,21,52,0,0,0,62648,60291,29299,28611
3516,1028430,1028406,24,24,2,6,18,6,18,24,0,0,0,62672,60315,29305,28617
3517,1029015,1029004,11,11,2,11,0,11,0,11,0,0,0,62683,60326,29316,28628
3518,1029601,1029583,18,18,2,7,11,7,11,18,0,0,0,62701,60344,29323,28635
3519,1030187,1030155,32,32,2,20,12,20,12,32,0,0,0,62733,60376,29343,28655
3520,1030773,1030725,53,44,4,6,47,6,38,41,2,1,0,62786,60420,29349,28661
3521,1031359,1031347,12,12,2,8,4,8,4,12,0,0,0,62798,60432,29357,28669
3522,1031946,1031916,30,30,2,10,20,10,20,30,0,0,0,62828,60462,29367,28679
3523,1032532,1032513,19,19,2,13,6,13,6,19,0,0,0,62847,60481,29380,28692
3524,1033119,1033092,27,27,2,16,11,16,11,27,0,0,0,62874,60508,29396,28708
3525,1033706,1033685,21,21,2,8,13,8,13,21,0,0,0,62895,60529,29404,28716
3526,1034293,1034262,31,31,2,13,18,13,18,31,0,0,0,62926,60560,29417,28729
3527,1034880,1034868,12,12,2,12,0,12,0,12,0,0,0,62938,60572,29429,28741
3528,1035468,1035391,78,76,3,16,62,16,60,75,1,0,0,63016,60648,29445,28757
3529,1036055,1036034,24,19,4,24,0,19,0,18,0,1,0,63040,60667,29469,28776
3530,1036643,1036617,27,25,3,17,10,17,8,24,1,0,0,63067,60692,29486,28793
3531,1037231,1037199,32,32,2,16,16,16,16,32,0,0,0,63099,60724,29502,28809
3532,1037819,1037790,29,29,2,13,16,13,16,29,0,0,0,63128,60753,29515,28822
3533,1038407,1038398,10,8,3,10,0,8,0,7,1,0,0,63138,60761,29525,28830
3534,1038996,1038929,69,65,3,22,47,22,43,63,2,0,0,63207,60826,29547,28852
3535,1039584,1039570,14,14,2,7,7,7,7,14,0,0,0,63221,60840,29554,28859
3536,1040173,1040122,55,47,3,16,39,15,32,43,4,0,0,63276,60887,29570,28874
3537,1040762,1040729,34,32,3,16,18,14,18,31,1,0,0,63310,60919,29586,28888
3538,1041351,1041321,31,29,3,13,18,13,16,28,1,0,0,63341,60948,29599,28901
3539,1041940,1041931,9,9,2,9,0,9,0,9,0,0,0,63350,60957,29608,28910
3540,1042530,1042481,49,49,2,12,37,12,37,49,0,0,0,63399,61006,29620,28922
3541,1043119,1043111,8,8,2,8,0,8,0,8,0,0,0,63407,61014,29628,28930
3542,1043709,1043663,48,44,3,18,30,18,26,42,2,0,0,63455,61058,29646,28948
3543,1044299,1044288,11,11,2,7,4,7,4,11,0,0,0,63466,61069,29653,28955
3544,1044889,1044861,29,27,3,7,22,7,20,26,1,0,0,63495,61096,29660,28962
3545,1045479,1045457,22,22,2,14,8,14,8,22,0,0,0,63517,61118,29674,28976
3546,1046070,1046042,29,27,3,3,26,3,24,26,1,0,0,63546,61145,29677,28979
3547,1046660,1046647,13,13,2,13,0,13,0,13,0,0,0,63559,61158,29690,28992
3548,1047251,1047228,23,23,2,7,16,7,16,23,0,0,0,63582,61181,29697,28999
3549,1047842,1047781,63,59,3,27,36,27,32,57,2,0,0,63645,61240,29724,29026
3550,1048433,1048415,18,18,2,5,13,5,13,18,0,0,0,63663,61258,29729,29031
3551,1049024,1049009,15,15,2,13,2,13,2,15,0,0,0,63678,61273,29742,29044
3552,1049616,1049576,42,38,3,10,32,9,29,36,2,0,0,63720,61311,29752,29053
3553,1050207,1050179,30,26,3,16,14,16,10,24,2,0,0,63750,61337,29768,29069
3554,1050799,1050778,21,21,2,11,10,11,10,21,0,0,0,63771,61358,29779,29080
3555,1051391,1051355,36,36,2,12,24,12,24,36,0,0,0,63807,61394,29791,29092
3556,1051983,1051936,48,46,3,14,34,14,32,45,1,0,0,63855,61440,29805,29106
3557,1052575,1052563,12,12,2,12,0,12,0,12,0,0,0,63867,61452,29817,29118
3558,1053168,1053152,16,16,2,7,9,7,9,16,0,0,0,63883,61468,29824,29125
3559,1053760,1053750,10,10,2,10,0,10,0,10,0,0,0,63893,61478,29834,29135
3560,1054353,1054322,31,31,2,7,24,7,24,31,0,0,0,63924,61509,29841,29142
3561,1054946,1054932,14,14,2,10,4,10,4,14,0,0,0,63938,61523,29851,29152
3562,1055539,1055514,25,25,2,10,15,10,15,25,0,0,0,63963,61548,29861,29162
3563,1056132,1056108,24,24,2,20,4,20,4,24,0,0,0,63987,61572,29881,29182
3564,1056726,1056678,49,47,3,14,35,13,34,46,1,0,0,64036,61619,29895,29195
3565,1057319,1057288,31,31,2,22,9,22,9,31,0,0,0,64067,61650,29917,29217
3566,1057913,1057892,21,21,2,10,11,10,11,21,0,0,0,64088,61671,29927,29227
3567,1058507,1058472,35,35,2,20,15,20,15,35,0,0,0,64123,61706,29947,29247
3568,1059101,1059072,29,29,2,11,18,11,18,29,0,0,0,64152,61735,29958,29258
3569,1059695,1059682,13,13,2,11,2,11,2,13,0,0,0,64165,61748,29969,29269
3570,1060290,1060233,58,56,3,7,51,7,49,55,1,0,0,64223,61804,29976,29276
3571,1060884,1060873,11,11,2,11,0,11,0,11,0,0,0,64234,61815,29987,29287
3572,1061479,1061439,43,37,3,11,32,11,26,34,3,0,0,64277,61852,29998,29298
3573,1062074,1062048,26,26,2,9,17,9,17,26,0,0,0,64303,61878,30007,29307
3574,1062669,1062654,15,15,2,5,10,5,10,15,0,0,0,64318,61893,30012,29312
3575,1063264,1063232,33,31,3,16,17,16,15,30,1,0,0,64351,61924,30028,29328
3576,1063860,1063826,35,33,3,9,26,9,24,32,1,0,0,64386,61957,30037,29337
3577,1064455,1064425,30,30,2,23,7,23,7,30,0,0,0,64416,61987,30060,29360
3578,1065051,1065029,23,21,3,7,16,6,15,20,1,0,0,64439,62008,30067,29366
3579,1065647,1065626,21,21,2,9,12,9,12,21,0,0,0,64460,62029,30076,29375
3580,1066243,1066215,28,28,2,11,17,11,17,28,0,0,0,64488,62057,30087,29386
3581,1066839,1066830,9,9,2,9,0,9,0,9,0,0,0,64497,62066,30096,29395
3582,1067436,1067404,32,32,2,6,26,6,26,32,0,0,0,64529,62098,30102,29401
3583,1068032,1068020,12,12,2,12,0,12,0,12,0,0,0,64541,62110,30114,29413
3584,1068629,1068608,21,21,2,4,17,4,17,21,0,0,0,64562,62131,30118,29417
3585,1069226,1069202,24,24,2,10,14,10,14,24,0,0,0,64586,62155,30128,29427
3586,1069823,1069795,31,26,4,15,16,13,13,25,0,1,0,64617,62181,30143,29440
3587,1070420,1070403,17,17,2,13,4,13,4,17,0,0,0,64634,62198,30156,29453
3588,1071018,1070952,68,64,3,13,55,12,52,62,2,0,0,64702,62262,30169,29465
3589,1071615,1071588,28,26,3,24,4,22,4,25,1,0,0,64730,62288,30193,29487
3590,1072213,1072187,26,26,2,8,18,8,18,26,0,0,0,64756,62314,30201,29495
3591,1072811,1072762,49,49,2,10,39,10,39,49,0,0,0,64805,62363,30211,29505
3592,1073409,1073383,27,25,3,9,18,8,17,24,1,0,0,64832,62388,30220,29513
3593,1074007,1073997,10,10,2,10,0,10,0,10,0,0,0,64842,62398,30230,29523
3594,1074606,1074579,27,27,2,6,21,6,21,27,0,0,0,64869,62425,30236,29529
3595,1075204,1075190,14,14,2,9,5,9,5,14,0,0,0,64883,62439,30245,29538
3596,1075803,1075766,38,36,3,10,28,10,26,35,1,0,0,64921,62475,30255,29548
3597,1076402,1076380,22,22,2,13,9,13,9,22,0,0,0,64943,62497,30268,29561
3598,1077001,1076969,33,31,3,7,26,7,24,30,1,0,0,64976,62528,30275,29568
3599,1077600,1077588,12,12,2,10,2,10,2,12,0,0,0,64988,62540,30285,29578
3600,1078200,1078140,61,59,3,10,51,10,49,58,1,0,0,65049,62599,30295,29588
3601,1078799,1078774,25,25,2,23,2,23,2,25,0,0,0,65074,62624,30318,29611
3602,1079399,1079376,23,23,2,10,13,10,13,23,0,0,0,65097,62647,30328,29621
3603,1079999,1079974,26,24,3,17,9,16,8,23,1,0,0,65123,62671,30345,29637
3604,1080599,1080558,44,38,3,22,22,21,17,35,3,0,0,65167,62709,30367,29658
3605,1081199,1081163,36,36,2,17,19,17,19,36,0,0,0,65203,62745,30384,29675
3606,1081800,1081769,31,31,2,5,26,5,26,31,0,0,0,65234,62776,30389,29680
3607,1082400,1082383,17,17,2,17,0,17,0,17,0,0,0,65251,62793,30406,29697
3608,1083001,1082954,52,43,4,16,36,14,29,40,2,1,0,65303,62836,30422,29711
3609,1083602,1083578,24,24,2,12,12,12,12,24,0,0,0,65327,62860,30434,29723
3610,1084203,1084164,40,38,3,10,30,10,28,37,1,0,0,65367,62898,30444,29733
3611,1084804,1084780,24,24,2,19,5,19,5,24,0,0,0,65391,62922,30463,29752
3612,1085406,1085339,67,67,2,11,56,11,56,67,0,0,0,65458,62989,30474,29763
3613,1086007,1085992,15,15,2,15,0,15,0,15,0,0,0,65473,63004,30489,29778
3614,1086609,1086564,46,44,3,18,28,16,28,43,1,0,0,65519,63048,30507,29794
3615,1087211,1087178,33,33,2,12,21,12,21,33,0,0,0,65552,63081,30519,29806
3616,1087813,1087792,21,21,2,9,12,9,12,21,0,0,0,65573,63102,30528,29815
3617,1088415,1088405,10,10,2,10,0,10,0,10,0,0,0,65583,63112,30538,29825
3618,1089018,1088974,45,43,3,7,38,7,36,42,1,0,0,65628,63155,30545,29832
3619,1089620,1089605,15,15,2,10,5,10,5,15,0,0,0,65643,63170,30555,29842
3620,1090223,1090181,43,41,3,13,30,12,29,40,1,0,0,65686,63211,30568,29854
3621,1090826,1090808,18,18,2,12,6,12,6,18,0,0,0,65704,63229,30580,29866
3622,1091429,1091417,12,12,2,4,8,4,8,12,0,0,0,65716,63241,30584,29870
3623,1092032,1092021,11,11,2,11,0,11,0,11,0,0,0,65727,63252,30595,29881
3624,1092636,1092587,50,48,3,11,39,10,38,47,1,0,0,65777,63300,30606,29891
3625,1093239,1093221,20,16,3,8,12,8,8,14,2,0,0,65797,63316,30614,29899
3626,1093843,1093784,60,58,3,22,38,22,36,57,1,0,0,65857,63374,30636,29921
3627,1094447,1094393,56,52,3,26,30,25,27,50,2,0,0,65913,63426,30662,29946
3628,1095051,1095022,29,29,2,18,11,18,11,29,0,0,0,65942,63455,30680,29964
3629,1095655,1095633,22,22,2,18,4,18,4,22,0,0,0,65964,63477,30698,29982
3630,1096260,1096223,37,37,2,4,33,4,33,37,0,0,0,66001,63514,30702,29986
3631,1096864,1096854,10,10,2,10,0,10,0,10,0,0,0,66011,63524,30712,29996
3632,1097469,1097448,21,21,2,4,17,4,17,21,0,0,0,66032,63545,30716,30000
3633,1098074,1098057,17,17,2,11,6,11,6,17,0,0,0,66049,63562,30727,30011
3634,1098679,1098658,22,20,3,13,9,11,9,19,1,0,0,66071,63582,30740,30022
3635,1099284,1099261,23,23,2,16,7,16,7,23,0,0,0,66094,63605,30756,30038
3636,1099890,1099851,40,38,3,10,30,10,28,37,1,0,0,66134,63643,30766,30048
3637,1100495,1100487,8,8,2,8,0,8,0,8,0,0,0,66142,63651,30774,30056
3638,1101101,1101076,25,25,2,8,17,8,17,25,0,0,0,66167,63676,30782,30064
3639,1101707,1101690,17,17,2,11,6,11,6,17,0,0,0,66184,63693,30793,30075
3640,1102313,1102236,79,75,3,9,70,9,66,73,2,0,0,66263,63768,30802,30084
3641,1102919,1102901,18,18,2,16,2,16,2,18,0,0,0,66281,63786,30818,30100
3642,1103526,1103495,31,31,2,9,22,9,22,31,0,0,0,66312,63817,30827,30109
3643,1104132,1104121,11,11,2,11,0,11,0,11,0,0,0,66323,63828,30838,30120
3644,1104739,1104708,31,31,2,14,17,14,17,31,0,0,0,66354,63859,30852,30134
3645,1105346,1105321,25,25,2,7,18,7,18,25,0,0,0,66379,63884,30859,30141
3646,1105953,1105931,22,22,2,14,8,14,8,22,0,0,0,66401,63906,30873,30155
3647,1106560,1106552,8,8,2,5,3,5,3,8,0,0,0,66409,63914,30878,30160
3648,1107168,1107119,49,49,2,10,39,10,39,49,0,0,0,66458,63963,30888,30170
3649,1107775,1107749,33,22,5,31,2,20,2,20,1,0,1,66491,63985,30919,30190
3650,1108383,1108335,48,48,2,16,32,16,32,48,0,0,0,66539,64033,30935,30206
3651,1108991,1108979,12,12,2,9,3,9,3,12,0,0,0,66551,64045,30944,30215
3652,1109599,1109561,38,38,2,14,24,14,24,38,0,0,0,66589,64083,30958,30229
3653,1110207,1110181,30,23,4,27,3,21,2,21,1,1,0,66619,64106,30985,30250
3654,1110816,1110771,46,44,3,12,34,12,32,43,1,0,0,66665,64150,30997,30262
3655,1111424,1111396,29,27,3,19,10,19,8,26,1,0,0,66694,64177,31016,30281
3656,1112033,1112014,20,18,3,8,12,6,12,17,1,0,0,66714,64195,31024,30287
3657,1112642,1112610,33,31,3,15,18,13,18,30,1,0,0,66747,64226,31039,30300
3658,1113251,1113219,34,30,3,15,19,14,16,28,2,0,0,66781,64256,31054,30314
3659,1113860,1113855,5,5,2,5,0,5,0,5,0,0,0,66786,64261,31059,30319
3660,1114470,1114417,53,53,2,5,48,5,48,53,0,0,0,66839,64314,31064,30324
3661,1115079,1115055,25,23,3,19,6,17,6,22,1,0,0,66864,64337,31083,30341
3662,1115689,1115663,26,26,2,10,16,10,16,26,0,0,0,66890,64363,31093,30351
3663,1116299,1116259,40,40,2,20,20,20,20,40,0,0,0,66930,64403,31113,30371
3664,1116909,1116879,30,30,2,7,23,7,23,30,0,0,0,66960,64433,31120,30378
3665,1117519,1117493,26,26,2,22,4,22,4,26,0,0,0,66986,64459,31142,30400
3666,1118130,1118087,46,40,3,12,34,11,29,37,3,0,0,67032,64499,31154,30411
3667,1118740,1118723,18,16,3,15,3,13,3,15,1,0,0,67050,64515,31169,30424
3668,1119351,1119320,32,30,3,7,25,7,23,29,1,0,0,67082,64545,31176,30431
3669,1119962,1119945,17,17,2,11,6,11,6,17,0,0,0,67099,64562,31187,30442
3670,1120573,1120546,27,27,2,8,19,8,19,27,0,0,0,67126,64589,31195,30450
3671,1121184,1121169,15,15,2,15,0,15,0,15,0,0,0,67141,64604,31210,30465
3672,1121796,1121745,56,47,4,6,50,6,41,44,2,1,0,67197,64651,31216,30471
3673,1122407,1122391,16,16,2,16,0,16,0,16,0,0,0,67213,64667,31232,30487
3674,1123019,1122999,20,20,2,12,8,12,8,20,0,0,0,67233,64687,31244,30499
3675,1123631,1123569,70,57,5,28,42,27,30,54,2,0,1,67303,64744,31272,30526
3676,1124243,1124223,21,19,3,10,11,9,10,18,1,0,0,67324,64763,31282,30535
3677,1124855,1124842,13,13,2,13,0,13,0,13,0,0,0,67337,64776,31295,30548
3678,1125468,1125440,28,28,2,6,22,6,22,28,0,0,0,67365,64804,31301,30554
3679,1126080,1126061,19,19,2,17,2,17,2,19,0,0,0,67384,64823,31318,30571
3680,1126693,1126654,41,37,3,11,30,11,26,35,2,0,0,67425,64860,31329,30582
3681,1127306,1127280,26,26,2,9,17,9,17,26,0,0,0,67451,64886,31338,30591
3682,1127919,1127892,27,27,2,7,20,7,20,27,0,0,0,67478,64913,31345,30598
3683,1128532,1128522,13,8,4,12,1,7,1,7,0,1,0,67491,64921,31357,30605
3684,1129146,1129105,41,41,2,10,31,10,31,41,0,0,0,67532,64962,31367,30615
3685,1129759,1129739,21,19,3,11,10,10,9,18,1,0,0,67553,64981,31378,30625
3686,1130373,1130338,35,35,2,24,11,24,11,35,0,0,0,67588,65016,31402,30649
3687,1130987,1130973,14,14,2,8,6,8,6,14,0,0,0,67602,65030,31410,30657
3688,1131601,1131586,15,15,2,7,8,7,8,15,0,0,0,67617,65045,31417,30664
3689,1132215,1132182,34,32,3,21,13,20,12,31,1,0,0,67651,65077,31438,30684
3690,1132830,1132788,43,41,3,10,33,10,31,40,1,0,0,67694,65118,31448,30694
3691,1133444,1133435,9,9,2,9,0,9,0,9,0,0,0,67703,65127,31457,30703
3692,1134059,1134019,43,37,3,13,30,12,25,34,3,0,0,67746,65164,31470,30715
3693,1134674,1134660,14,14,2,10,4,10,4,14,0,0,0,67760,65178,31480,30725
3694,1135289,1135272,17,17,2,10,7,10,7,17,0,0,0,67777,65195,31490,30735
3695,1135904,1135885,19,19,2,12,7,12,7,19,0,0,0,67796,65214,31502,30747
3696,1136520,1136453,71,63,3,7,64,7,56,59,4,0,0,67867,65277,31509,30754
3697,1137135,1137125,10,10,2,10,0,10,0,10,0,0,0,67877,65287,31519,30764
3698,1137751,1137726,31,22,5,11,20,11,11,21,0,0,1,67908,65309,31530,30775
3699,1138367,1138347,20,20,2,11,9,11,9,20,0,0,0,67928,65329,31541,30786
3700,1138983,1138938,45,45,2,16,29,16,29,45,0,0,0,67973,65374,31557,30802
3701,1139599,1139584,15,15,2,15,0,15,0,15,0,0,0,67988,65389,31572,30817
3702,1140216,1140184,33,31,3,9,24,9,22,30,1,0,0,68021,65420,31581,30826
3703,1140832,1140810,22,22,2,14,8,14,8,22,0,0,0,68043,65442,31595,30840
3704,1141449,1141412,38,36,3,15,23,15,21,35,1,0,0,68081,65478,31610,30855
3705,1142066,1142010,58,54,3,18,40,17,37,52,2,0,0,68139,65532,31628,30872
3706,1142683,1142644,40,38,3,18,22,17,21,37,1,0,0,68179,65570,31646,30889
3707,1143300,1143285,15,15,2,14,1,14,1,15,0,0,0,68194,65585,31660,30903
3708,1143918,1143869,49,49,2,13,36,13,36,49,0,0,0,68243,65634,31673,30916
3709,1144535,1144520,15,15,2,15,0,15,0,15,0,0,0,68258,65649,31688,30931
3710,1145153,1145119,36,32,3,4,32,4,28,30,2,0,0,68294,65681,31692,30935
3711,1145771,1145739,32,32,2,19,13,19,13,32,0,0,0,68326,65713,31711,30954
3712,1146389,1146363,27,25,3,4,23,4,21,24,1,0,0,68353,65738,31715,30958
3713,1147007,1146989,18,18,2,17,1,17,1,18,0,0,0,68371,65756,31732,30975
3714,1147626,1147600,26,26,2,9,17,9,17,26,0,0,0,68397,65782,31741,30984
3715,1148244,1148233,11,11,2,9,2,9,2,11,0,0,0,68408,65793,31750,30993
3716,1148863,1148844,19,19,2,8,11,8,11,19,0,0,0,68427,65812,31758,31001
3717,1149482,1149455,27,27,2,13,14,13,14,27,0,0,0,68454,65839,31771,31014
3718,1150101,1150042,61,57,3,14,47,14,43,55,2,0,0,68515,65896,31785,31028
3719,1150720,1150715,5,5,2,5,0,5,0,5,0,0,0,68520,65901,31790,31033
3720,1151340,1151267,75,71,3,12,63,13,58,69,2,0,0,68595,65972,31802,31046
3721,1151959,1151938,22,20,3,20,2,18,2,19,1,0,0,68617,65992,31822,31064
3722,1152579,1152566,13,13,2,7,6,7,6,13,0,0,0,68630,66005,31829,31071
3723,1153199,1153168,31,31,2,16,15,16,15,31,0,0,0,68661,66036,31845,31087
3724,1153819,1153742,78,76,3,16,62,16,60,75,1,0,0,68739,66112,31861,31103
3725,1154439,1154420,19,19,2,17,2,17,2,19,0,0,0,68758,66131,31878,31120
3726,1155060,1155026,38,31,4,11,27,11,20,29,1,1,0,68796,66162,31889,31131
3727,1155680,1155670,10,10,2,10,0,10,0,10,0,0,0,68806,66172,31899,31141
3728,1156301,1156273,28,28,2,9,19,9,19,28,0,0,0,68834,66200,31908,31150
3729,1156922,1156884,38,38,2,26,12,26,12,38,0,0,0,68872,66238,31934,31176
3730,1157543,1157510,34,32,3,10,24,10,22,31,1,0,0,68906,66270,31944,31186
3731,1158164,1158137,27,27,2,20,7,20,7,27,0,0,0,68933,66297,31964,31206
3732,1158786,1158744,43,41,3,7,36,6,35,40,1,0,0,68976,66338,31971,31212
3733,1159407,1159400,7,7,2,7,0,7,0,7,0,0,0,68983,66345,31978,31219
3734,1160029,1160010,19,19,2,9,10,9,10,19,0,0,0,69002,66364,31987,31228
3735,1160651,1160624,27,27,2,6,21,6,21,27,0,0,0,69029,66391,31993,31234
3736,1161273,1161252,21,21,2,8,13,8,13,21,0,0,0,69050,66412,32001,31242
3737,1161895,1161882,13,13,2,11,2,11,2,13,0,0,0,69063,66425,32012,31253
3738,1162518,1162487,31,31,2,7,24,7,24,31,0,0,0,69094,66456,32019,31260
3739,1163140,1163131,9,9,2,9,0,9,0,9,0,0,0,69103,66465,32028,31269
3740,1163763,1163703,63,57,3,15,48,15,42,54,3,0,0,69166,66522,32043,31284
3741,1164386,1164358,28,28,2,17,11,17,11,28,0,0,0,69194,66550,32060,31301
3742,1165009,1164994,15,15,2,7,8,7,8,15,0,0,0,69209,66565,32067,31308
3743,1165632,1165616,16,16,2,14,2,14,2,16,0,0,0,69225,66581,32081,31322
3744,1166256,1166190,67,65,3,9,58,9,56,64,1,0,0,69292,66646,32090,31331
3745,1166879,1166857,22,22,2,12,10,12,10,22,0,0,0,69314,66668,32102,31343
3746,1167503,1167486,17,17,2,5,12,5,12,17,0,0,0,69331,66685,32107,31348
3747,1168127,1168104,23,23,2,8,15,8,15,23,0,0,0,69354,66708,32115,31356
3748,1168751,1168724,27,27,2,13,14,13,14,27,0,0,0,69381,66735,32128,31369
3749,1169375,1169353,22,22,2,21,1,21,1,22,0,0,0,69403,66757,32149,31390
3750,1170000,1169971,29,29,2,10,19,10,19,29,0,0,0,69432,66786,32159,31400
3751,1170624,1170607,17,17,2,10,7,10,7,17,0,0,0,69449,66803,32169,31410
3752,1171249,1171202,48,46,3,13,35,13,33,45,1,0,0,69497,66849,32182,31423
3753,1171874,1171845,30,28,3,14,16,14,14,27,1,0,0,69527,66877,32196,31437
3754,1172499,1172474,26,24,3,11,15,11,13,23,1,0,0,69553,66901,32207,31448
3755,1173124,1173101,23,23,2,13,10,13,10,23,0,0,0,69576,66924,32220,31461
3756,1173750,1173710,40,40,2,16,24,16,24,40,0,0,0,69616,66964,32236,31477
3757,1174375,1174359,16,16,2,10,6,10,6,16,0,0,0,69632,66980,32246,31487
3758,1175001,1174985,16,16,2,10,6,10,6,16,0,0,0,69648,66996,32256,31497
3759,1175627,1175590,37,37,2,20,17,20,17,37,0,0,0,69685,67033,32276,31517
3760,1176253,1176214,40,38,3,10,30,9,29,37,1,0,0,69725,67071,32286,31526
3761,1176879,1176866,13,13,2,13,0,13,0,13,0,0,0,69738,67084,32299,31539
3762,1177506,1177431,80,71,4,16,64,16,55,68,2,1,0,69818,67155,32315,31555
3763,1178132,1178117,16,14,3,13,3,11,3,13,1,0,0,69834,67169,32328,31566
3764,1178759,1178746,13,13,2,8,5,8,5,13,0,0,0,69847,67182,32336,31574
3765,1179386,1179362,24,24,2,10,14,10,14,24,0,0,0,69871,67206,32346,31584
3766,1180013,1179990,24,22,3,5,19,5,17,21,1,0,0,69895,67228,32351,31589
3767,1180640,1180626,14,14,2,14,0,14,0,14,0,0,0,69909,67242,32365,31603
3768,1181268,1181219,49,49,2,8,41,8,41,49,0,0,0,69958,67291,32373,31611
3769,1181895,1181874,21,21,2,21,0,21,0,21,0,0,0,69979,67312,32394,31632
3770,1182523,1182471,53,51,3,18,35,17,34,50,1,0,0,70032,67363,32412,31649
3771,1183151,1183134,18,16,3,10,8,10,6,15,1,0,0,70050,67379,32422,31659
3772,1183779,1183741,39,37,3,11,28,11,26,36,1,0,0,70089,67416,32433,31670
3773,1184407,1184370,37,37,2,25,12,25,12,37,0,0,0,70126,67453,32458,31695
3774,1185036,1184981,56,54,3,22,34,21,33,53,1,0,0,70182,67507,32480,31716
3775,1185664,1185642,22,22,2,19,3,19,3,22,0,0,0,70204,67529,32499,31735
3776,1186293,1186277,17,15,3,5,12,5,10,14,1,0,0,70221,67544,32504,31740
3777,1186922,1186908,14,14,2,8,6,8,6,14,0,0,0,70235,67558,32512,31748
3778,1187551,1187531,20,20,2,14,6,14,6,20,0,0,0,70255,67578,32526,31762
3779,1188180,1188168,12,12,2,12,0,12,0,12,0,0,0,70267,67590,32538,31774
3780,1188810,1188724,88,84,3,11,77,11,73,82,2,0,0,70355,67674,32549,31785
3781,1189439,1189417,22,22,2,22,0,22,0,22,0,0,0,70377,67696,32571,31807
3782,1190069,1190039,32,28,3,16,16,15,13,26,2,0,0,70409,67724,32587,31822
3783,1190699,1190660,39,39,2,20,19,20,19,39,0,0,0,70448,67763,32607,31842
3784,1191329,1191277,52,52,2,10,42,10,42,52,0,0,0,70500,67815,32617,31852
3785,1191959,1191940,19,19,2,10,9,10,9,19,0,0,0,70519,67834,32627,31862
3786,1192590,1192563,27,27,2,5,22,5,22,27,0,0,0,70546,67861,32632,31867
3787,1193220,1193195,25,25,2,17,8,17,8,25,0,0,0,70571,67886,32649,31884
3788,1193851,1193829,22,22,2,12,10,12,10,22,0,0,0,70593,67908,32661,31896
3789,1194482,1194453,29,29,2,14,15,14,15,29,0,0,0,70622,67937,32675,31910
3790,1195113,1195079,34,34,2,11,23,11,23,34,0,0,0,70656,67971,32686,31921
3791,1195744,1195734,10,10,2,10,0,10,0,10,0,0,0,70666,67981,32696,31931
3792,1196376,1196331,46,44,3,7,39,7,37,43,1,0,0,70712,68025,32703,31938
3793,1197007,1196995,12,12,2,12,0,12,0,12,0,0,0,70724,68037,32715,31950
3794,1197639,1197599,40,40,2,16,24,16,24,40,0,0,0,70764,68077,32731,31966
3795,1198271,1198224,50,45,4,19,31,18,27,44,0,1,0,70814,68122,32750,31984
3796,1198903,1198849,57,51,3,21,36,20,31,48,3,0,0,70871,68173,32771,32004
3797,1199535,1199530,5,5,2,5,0,5,0,5,0,0,0,70876,68178,32776,32009
3798,1200168,1200132,36,36,2,9,27,9,27,36,0,0,0,70912,68214,32785,32018
3799,1200800,1200786,14,14,2,12,2,12,2,14,0,0,0,70926,68228,32797,32030
3800,1201433,1201370,68,58,3,14,54,14,44,53,5,0,0,70994,68286,32811,32044
3801,1202066,1202027,39,39,2,18,21,18,21,39,0,0,0,71033,68325,32829,32062
3802,1202699,1202682,17,17,2,15,2,15,2,17,0,0,0,71050,68342,32844,32077
3803,1203332,1203321,11,11,2,11,0,11,0,11,0,0,0,71061,68353,32855,32088
3804,1203966,1203935,31,31,2,9,22,9,22,31,0,0,0,71092,68384,32864,32097
3805,1204599,1204580,19,19,2,13,6,13,6,19,0,0,0,71111,68403,32877,32110
3806,1205233,1205219,14,14,2,5,9,5,9,14,0,0,0,71125,68417,32882,32115
3807,1205867,1205847,20,20,2,14,6,14,6,20,0,0,0,71145,68437,32896,32129
3808,1206501,1206451,53,47,3,15,38,14,33,44,3,0,0,71198,68484,32911,32143
3809,1207135,1207118,17,17,2,15,2,15,2,17,0,0,0,71215,68501,32926,32158
3810,1207770,1207722,49,47,3,10,39,10,37,46,1,0,0,71264,68548,32936,32168
3811,1208404,1208380,24,24,2,22,2,22,2,24,0,0,0,71288,68572,32958,32190
3812,1209039,1209018,21,21,2,10,11,10,11,21,0,0,0,71309,68593,32968,32200
3813,1209674,1209647,28,26,3,18,10,18,8,25,1,0,0,71337,68619,32986,32218
3814,1210309,1210282,27,27,2,12,15,12,15,27,0,0,0,71364,68646,32998,32230
3815,1210944,1210916,29,27,3,14,15,13,14,26,1,0,0,71393,68673,33012,32243
3816,1211580,1211543,37,37,2,6,31,6,31,37,0,0,0,71430,68710,33018,32249
3817,1212215,1212191,25,23,3,22,3,20,3,22,1,0,0,71455,68733,33040,32269
3818,1212851,1212822,36,25,5,19,17,16,9,23,1,0,1,71491,68758,33059,32285
3819,1213487,1213441,46,46,2,30,16,30,16,46,0,0,0,71537,68804,33089,32315
3820,1214123,1214091,33,31,3,8,25,8,23,30,1,0,0,71570,68835,33097,32323
3821,1214759,1214747,12,12,2,12,0,12,0,12,0,0,0,71582,68847,33109,32335
3822,1215396,1215305,95,88,4,20,75,17,71,86,1,1,0,71677,68935,33129,32352
3823,1216032,1216007,26,24,3,26,0,24,0,23,1,0,0,71703,68959,33155,32376
3824,1216669,1216649,20,20,2,6,14,6,14,20,0,0,0,71723,68979,33161,32382
3825,1217306,1217272,34,34,2,8,26,8,26,34,0,0,0,71757,69013,33169,32390
3826,1217943,1217918,26,24,3,10,16,9,15,23,1,0,0,71783,69037,33179,32399
3827,1218580,1218563,18,16,3,15,3,14,2,15,1,0,0,71801,69053,33194,32413
3828,1219218,1219165,58,49,4,18,40,17,32,46,2,1,0,71859,69102,33212,32430
3829,1219855,1219823,33,31,3,21,12,19,12,30,1,0,0,71892,69133,33233,32449
3830,1220493,1220469,25,23,3,4,21,4,19,22,1,0,0,71917,69156,33237,32453
3831,1221131,1221113,18,18,2,11,7,11,7,18,0,0,0,71935,69174,33248,32464
3832,1221769,1221732,37,37,2,11,26,11,26,37,0,0,0,71972,69211,33259,32475
3833,1222407,1222402,5,5,2,5,0,5,0,5,0,0,0,71977,69216,33264,32480
3834,1223046,1223010,36,36,2,10,26,10,26,36,0,0,0,72013,69252,33274,32490
3835,1223684,1223651,36,31,4,27,9,24,7,30,0,1,0,72049,69283,33301,32514
3836,1224323,1224291,32,32,2,10,22,10,22,32,0,0,0,72081,69315,33311,32524
3837,1224962,1224939,23,23,2,16,7,16,7,23,0,0,0,72104,69338,33327,32540
3838,1225601,1225574,28,26,3,16,12,15,11,25,1,0,0,72132,69364,33343,32555
3839,1226240,1226216,24,24,2,18,6,18,6,24,0,0,0,72156,69388,33361,32573
3840,1226880,1226844,36,36,2,7,29,7,29,36,0,0,0,72192,69424,33368,32580
3841,1227519,1227498,21,21,2,20,1,20,1,21,0,0,0,72213,69445,33388,32600
3842,1228159,1228134,25,25,2,11,14,11,14,25,0,0,0,72238,69470,33399,32611
3843,1228799,1228751,48,48,2,21,27,21,27,48,0,0,0,72286,69518,33420,32632
3844,1229439,1229387,55,50,4,30,25,28,22,49,0,1,0,72341,69568,33450,32660
3845,1230079,1230060,19,19,2,13,6,13,6,19,0,0,0,72360,69587,33463,32673
3846,1230720,1230685,36,34,3,12,24,12,22,33,1,0,0,72396,69621,33475,32685
3847,1231360,1231349,11,11,2,11,0,11,0,11,0,0,0,72407,69632,33486,32696
3848,1232001,1231941,61,59,3,19,42,19,40,58,1,0,0,72468,69691,33505,32715
3849,1232642,1232611,31,31,2,20,11,20,11,31,0,0,0,72499,69722,33525,32735
3850,1233283,1233232,53,49,3,16,37,16,33,47,2,0,0,72552,69771,33541,32751
3851,1233924,1233912,12,12,2,12,0,12,0,12,0,0,0,72564,69783,33553,32763
3852,1234566,1234531,37,33,3,11,26,10,23,31,2,0,0,72601,69816,33564,32773
3853,1235207,1235192,15,15,2,15,0,15,0,15,0,0,0,72616,69831,33579,32788
3854,1235849,1235818,32,30,3,14,18,12,18,29,1,0,0,72648,69861,33593,32800
3855,1236491,1236465,26,26,2,10,16,10,16,26,0,0,0,72674,69887,33603,32810
3856,1237133,1237110,23,23,2,0,23,0,23,23,0,0,0,72697,69910,33603,32810
3857,1237775,1237735,42,38,3,30,12,28,10,36,2,0,0,72739,69948,33633,32838
3858,1238418,1238376,44,40,3,8,36,7,33,38,2,0,0,72783,69988,33641,32845
3859,1239060,1239033,29,25,3,28,1,24,1,23,2,0,0,72812,70013,33669,32869
3860,1239703,1239657,46,46,2,13,33,13,33,46,0,0,0,72858,70059,33682,32882
3861,1240346,1240301,46,44,3,14,32,14,30,43,1,0,0,72904,70103,33696,32896
3862,1240989,1240966,23,23,2,15,8,15,8,23,0,0,0,72927,70126,33711,32911
3863,1241632,1241615,17,17,2,17,0,17,0,17,0,0,0,72944,70143,33728,32928
3864,1242276,1242204,74,70,3,14,60,14,56,68,2,0,0,73018,70213,33742,32942
3865,1242919,1242900,19,19,2,14,5,14,5,19,0,0,0,73037,70232,33756,32956
3866,1243563,1243541,22,22,2,9,13,9,13,22,0,0,0,73059,70254,33765,32965
3867,1244207,1244189,18,18,2,11,7,11,7,18,0,0,0,73077,70272,33776,32976
3868,1244851,1244826,25,25,2,11,14,11,14,25,0,0,0,73102,70297,33787,32987
3869,1245495,1245480,16,14,3,12,4,10,4,13,1,0,0,73118,70311,33799,32997
3870,1246140,1246079,62,60,3,9,53,9,51,59,1,0,0,73180,70371,33808,33006
3871,1246784,1246739,46,44,3,37,9,35,9,43,1,0,0,73226,70415,33845,33041
3872,1247429,1247392,38,36,3,4,34,4,32,35,1,0,0,73264,70451,33849,33045
3873,1248074,1248047,27,27,2,16,11,16,11,27,0,0,0,73291,70478,33865,33061
3874,1248719,1248695,24,24,2,11,13,11,13,24,0,0,0,73315,70502,33876,33072
3875,1249364,1249343,22,20,3,13,9,13,7,19,1,0,0,73337,70522,33889,33085
3876,1250010,1249942,71,65,3,16,55,16,49,62,3,0,0,73408,70587,33905,33101
3877,1250655,1250644,11,11,2,11,0,11,0,11,0,0,0,73419,70598,33916,33112
3878,1251301,1251274,27,27,2,15,12,15,12,27,0,0,0,73446,70625,33931,33127
3879,1251947,1251923,24,24,2,12,12,12,12,24,0,0,0,73470,70649,33943,33139
3880,1252593,1252545,48,48,2,12,36,12,36,48,0,0,0,73518,70697,33955,33151
3881,1253239,1253230,9,9,2,9,0,9,0,9,0,0,0,73527,70706,33964,33160
3882,1253886,1253864,23,21,3,4,19,4,17,20,1,0,0,73550,70727,33968,33164
3883,1254532,1254510,23,21,3,20,3,18,3,20,1,0,0,73573,70748,33988,33182
3884,1255179,1255154,25,25,2,13,12,13,12,25,0,0,0,73598,70773,34001,33195
3885,1255826,1255762,66,62,3,21,45,21,41,60,2,0,0,73664,70835,34022,33216
3886,1256473,1256439,34,34,2,16,18,16,18,34,0,0,0,73698,70869,34038,33232
3887,1257120,1257079,42,40,3,33,9,33,7,39,1,0,0,73740,70909,34071,33265
3888,1257768,1257723,47,43,3,14,33,13,30,41,2,0,0,73787,70952,34085,33278
3889,1258415,1258396,20,18,3,20,0,18,0,17,1,0,0,73807,70970,34105,33296
3890,1259063,1259032,31,31,2,11,20,11,20,31,0,0,0,73838,71001,34116,33307
3891,1259711,1259688,23,23,2,13,10,13,10,23,0,0,0,73861,71024,34129,33320
3892,1260359,1260320,39,39,2,9,30,9,30,39,0,0,0,73900,71063,34138,33329
3893,1261007,1260989,18,18,2,15,3,15,3,18,0,0,0,73918,71081,34153,33344
3894,1261656,1261605,56,46,3,13,43,13,33,41,5,0,0,73974,71127,34166,33357
3895,1262304,1262279,25,25,2,18,7,18,7,25,0,0,0,73999,71152,34184,33375
3896,1262953,1262932,21,21,2,6,15,6,15,21,0,0,0,74020,71173,34190,33381
3897,1263602,1263565,37,37,2,14,23,14,23,37,0,0,0,74057,71210,34204,33395
3898,1264251,1264234,17,17,2,8,9,8,9,17,0,0,0,74074,71227,34212,33403
3899,1264900,1264883,17,17,2,17,0,17,0,17,0,0,0,74091,71244,34229,33420
3900,1265550,1265487,65,61,3,7,58,8,53,59,2,0,0,74156,71305,34236,33428
3901,1266199,1266184,15,15,2,14,1,14,1,15,0,0,0,74171,71320,34250,33442
3902,1266849,1266832,17,17,2,7,10,7,10,17,0,0,0,74188,71337,34257,33449
3903,1267499,1267489,10,10,2,5,5,5,5,10,0,0,0,74198,71347,34262,33454
3904,1268149,1268121,28,28,2,9,19,9,19,28,0,0,0,74226,71375,34271,33463
3905,1268799,1268764,37,33,3,15,22,14,19,31,2,0,0,74263,71408,34286,33477
3906,1269450,1269381,69,69,2,18,51,18,51,69,0,0,0,74332,71477,34304,33495
3907,1270100,1270086,14,14,2,14,0,14,0,14,0,0,0,74346,71491,34318,33509
3908,1270751,1270724,27,27,2,10,17,10,17,27,0,0,0,74373,71518,34328,33519
3909,1271402,1271389,13,13,2,5,8,5,8,13,0,0,0,74386,71531,34333,33524
3910,1272053,1272015,38,38,2,13,25,13,25,38,0,0,0,74424,71569,34346,33537
3911,1272704,1272687,17,17,2,17,0,17,0,17,0,0,0,74441,71586,34363,33554
3912,1273356,1273319,37,37,2,10,27,10,27,37,0,0,0,74478,71623,34373,33564
3913,1274007,1273963,45,43,3,32,13,30,13,42,1,0,0,74523,71666,34405,33594
3914,1274659,1274624,36,34,3,18,18,18,16,33,1,0,0,74559,71700,34423,33612
3915,1275311,1275270,41,41,2,18,23,18,23,41,0,0,0,74600,71741,34441,33630
3916,1275963,1275942,21,21,2,7,14,7,14,21,0,0,0,74621,71762,34448,33637
3917,1276615,1276607,8,8,2,8,0,8,0,8,0,0,0,74629,71770,34456,33645
3918,1277268,1277239,29,29,2,9,20,9,20,29,0,0,0,74658,71799,34465,33654
3919,1277920,1277909,11,11,2,11,0,11,0,11,0,0,0,74669,71810,34476,33665
3920,1278573,1278502,72,70,3,15,57,15,55,69,1,0,0,74741,71880,34491,33680
3921,1279226,1279210,17,15,3,14,3,12,3,14,1,0,0,74758,71895,34505,33692
3922,1279879,1279845,34,34,2,14,20,14,20,34,0,0,0,74792,71929,34519,33706
3923,1280532,1280522,10,10,2,10,0,10,0,10,0,0,0,74802,71939,34529,33716
3924,1281186,1281134,52,52,2,8,44,8,44,52,0,0,0,74854,71991,34537,33724
3925,1281839,1281820,19,19,2,9,10,9,10,19,0,0,0,74873,72010,34546,33733
3926,1282493,1282459,34,34,2,16,18,16,18,34,0,0,0,74907,72044,34562,33749
3927,1283147,1283105,44,40,3,18,26,17,23,38,2,0,0,74951,72084,34580,33766
3928,1283801,1283777,24,24,2,7,17,7,17,24,0,0,0,74975,72108,34587,33773
3929,1284455,1284444,11,11,2,11,0,11,0,11,0,0,0,74986,72119,34598,33784
3930,1285110,1285074,37,35,3,7,30,6,29,34,1,0,0,75023,72154,34605,33790
3931,1285764,1285747,17,17,2,17,0,17,0,17,0,0,0,75040,72171,34622,33807
3932,1286419,1286402,17,17,2,6,11,6,11,17,0,0,0,75057,72188,34628,33813
3933,1287074,1287036,41,35,3,18,23,16,19,32,3,0,0,75098,72223,34646,33829
3934,1287729,1287703,26,26,2,7,19,7,19,26,0,0,0,75124,72249,34653,33836
3935,1288384,1288371,13,13,2,7,6,7,6,13,0,0,0,75137,72262,34660,33843
3936,1289040,1288998,47,38,4,15,32,14,24,35,2,1,0,75184,72300,34675,33857
3937,1289695,1289680,15,15,2,13,2,13,2,15,0,0,0,75199,72315,34688,33870
3938,1290351,1290318,33,33,2,13,20,13,20,33,0,0,0,75232,72348,34701,33883
3939,1291007,1290978,29,29,2,17,12,17,12,29,0,0,0,75261,72377,34718,33900
3940,1291663,1291624,39,39,2,9,30,9,30,39,0,0,0,75300,72416,34727,33909
3941,1292319,1292306,13,13,2,7,6,7,6,13,0,0,0,75313,72429,34734,33916
3942,1292976,1292936,41,39,3,10,31,9,30,38,1,0,0,75354,72468,34744,33925
3943,1293632,1293618,14,14,2,14,0,14,0,14,0,0,0,75368,72482,34758,33939
3944,1294289,1294243,48,44,3,14,34,14,30,42,2,0,0,75416,72526,34772,33953
3945,1294946,1294919,27,27,2,10,17,10,17,27,0,0,0,75443,72553,34782,33963
3946,1295603,1295583,20,20,2,12,8,12,8,20,0,0,0,75463,72573,34794,33975
3947,1296260,1296253,7,7,2,7,0,7,0,7,0,0,0,75470,72580,34801,33982
3948,1296918,1296855,64,62,3,10,54,10,52,61,1,0,0,75534,72642,34811,33992
3949,1297575,1297549,29,23,3,24,5,19,4,20,3,0,0,75563,72665,34835,34011
3950,1298233,1298201,32,32,2,8,24,8,24,32,0,0,0,75595,72697,34843,34019
3951,1298891,1298860,31,31,2,20,11,20,11,31,0,0,0,75626,72728,34863,34039
3952,1299549,1299484,68,62,3,17,51,16,46,59,3,0,0,75694,72790,34880,34055
3953,1300207,1300196,14,9,4,14,0,9,0,8,0,1,0,75708,72799,34894,34064
3954,1300866,1300837,29,29,2,4,25,4,25,29,0,0,0,75737,72828,34898,34068
3955,1301524,1301502,22,22,2,16,6,16,6,22,0,0,0,75759,72850,34914,34084
3956,1302183,1302142,44,38,3,15,29,13,25,35,3,0,0,75803,72888,34929,34097
3957,1302842,1302829,13,13,2,6,7,6,7,13,0,0,0,75816,72901,34935,34103
3958,1303501,1303480,21,21,2,11,10,11,10,21,0,0,0,75837,72922,34946,34114
3959,1304160,1304140,20,20,2,16,4,16,4,20,0,0,0,75857,72942,34962,34130
3960,1304820,1304741,81,77,3,11,70,12,65,75,2,0,0,75938,73019,34973,34142
3961,1305479,1305455,24,24,2,22,2,22,2,24,0,0,0,75962,73043,34995,34164
3962,1306139,1306104,36,34,3,17,19,16,18,33,1,0,0,75998,73077,35012,34180
3963,1306799,1306770,29,29,2,22,7,22,7,29,0,0,0,76027,73106,35034,34202
3964,1307459,1307427,32,32,2,13,19,13,19,32,0,0,0,76059,73138,35047,34215
3965,1308119,1308085,34,34,2,21,13,21,13,34,0,0,0,76093,73172,35068,34236
3966,1308780,1308743,38,36,3,11,27,11,25,35,1,0,0,76131,73208,35079,34247
3967,1309440,1309423,17,17,2,17,0,17,0,17,0,0,0,76148,73225,35096,34264
3968,1310101,1310072,29,29,2,7,22,7,22,29,0,0,0,76177,73254,35103,34271
3969,1310762,1310712,51,49,3,19,32,19,30,48,1,0,0,76228,73303,35122,34290
3970,1311423,1311377,48,44,3,18,30,16,28,42,2,0,0,76276,73347,35140,34306
3971,1312084,1312041,44,42,3,34,10,34,8,41,1,0,0,76320,73389,35174,34340
3972,1312746,1312715,31,31,2,9,22,9,22,31,0,0,0,76351,73420,35183,34349
3973,1313407,1313388,20,18,3,18,2,16,2,17,1,0,0,76371,73438,35201,34365
3974,1314069,1314051,18,18,2,5,13,5,13,18,0,0,0,76389,73456,35206,34370
3975,1314731,1314707,25,23,3,8,17,8,15,22,1,0,0,76414,73479,35214,34378
3976,1315393,1315364,29,29,2,10,19,10,19,29,0,0,0,76443,73508,35224,34388
3977,1316055,1316039,18,14,3,15,3,11,3,12,2,0,0,76461,73522,35239,34399
3978,1316718,1316656,67,58,4,13,54,13,45,55,2,1,0,76528,73580,35252,34412
3979,1317380,1317361,19,19,2,19,0,19,0,19,0,0,0,76547,73599,35271,34431
3980,1318043,1317996,47,47,2,14,33,14,33,47,0,0,0,76594,73646,35285,34445
3981,1318706,1318686,20,20,2,13,7,13,7,20,0,0,0,76614,73666,35298,34458
3982,1319369,1319333,36,36,2,18,18,18,18,36,0,0,0,76650,73702,35316,34476
3983,1320032,1320019,13,13,2,10,3,10,3,13,0,0,0,76663,73715,35326,34486
3984,1320696,1320654,43,41,3,10,33,10,31,40,1,0,0,76706,73756,35336,34496
3985,1321359,1321340,19,19,2,15,4,15,4,19,0,0,0,76725,73775,35351,34511
3986,1322023,1322001,22,22,2,9,13,9,13,22,0,0,0,76747,73797,35360,34520
3987,1322687,1322660,27,27,2,13,14,13,14,27,0,0,0,76774,73824,35373,34533
3988,1323351,1323325,29,24,4,11,18,11,13,23,0,1,0,76803,73848,35384,34544
3989,1324015,1324007,8,8,2,8,0,8,0,8,0,0,0,76811,73856,35392,34552
3990,1324680,1324587,95,91,3,19,76,19,72,89,2,0,0,76906,73947,35411,34571
3991,1325344,1325316,28,28,2,28,0,28,0,28,0,0,0,76934,73975,35439,34599
3992,1326009,1325971,38,38,2,14,24,14,24,38,0,0,0,76972,74013,35453,34613
3993,1326674,1326647,27,27,2,13,14,13,14,27,0,0,0,76999,74040,35466,34626
3994,1327339,1327326,13,13,2,9,4,9,4,13,0,0,0,77012,74053,35475,34635
3995,1328004,1327979,27,23,3,18,9,15,8,21,2,0,0,77039,74076,35493,34650
3996,1328670,1328625,45,45,2,6,39,6,39,45,0,0,0,77084,74121,35499,34656
3997,1329335,1329317,18,18,2,14,4,14,4,18,0,0,0,77102,74139,35513,34670
3998,1330001,1329973,29,27,3,15,14,13,14,26,1,0,0,77131,74166,35528,34683
3999,1330667,1330627,41,39,3,31,10,30,9,38,1,0,0,77172,74205,35559,34713
4000,1331333,1331303,31,29,3,8,23,8,21,28,1,0,0,77203,74234,35567,34721
4001,1331999,1331989,10,10,2,10,0,10,0,10,0,0,0,77213,74244,35577,34731
4002,1332666,1332621,47,43,3,15,32,14,29,41,2,0,0,77260,74287,35592,34745
4003,1333332,1333319,13,13,2,13,0,13,0,13,0,0,0,77273,74300,35605,34758
4004,1333999,1333926,77,69,3,18,59,18,51,65,4,0,0,77350,74369,35623,34776
4005,1334666,1334638,28,28,2,11,17,11,17,28,0,0,0,77378,74397,35634,34787
4006,1335333,1335314,20,18,3,7,13,7,11,17,1,0,0,77398,74415,35641,34794
4007,1336000,1335988,12,12,2,12,0,12,0,12,0,0,0,77410,74427,35653,34806
4008,1336668,1336627,41,41,2,8,33,8,33,41,0,0,0,77451,74468,35661,34814
4009,1337335,1337311,24,24,2,20,4,20,4,24,0,0,0,77475,74492,35681,34834
4010,1338003,1337980,23,23,2,7,16,7,16,23,0,0,0,77498,74515,35688,34841
4011,1338671,1338647,25,23,3,10,15,10,13,22,1,0,0,77523,74538,35698,34851
4012,1339339,1339312,29,25,3,13,16,11,14,23,2,0,0,77552,74563,35711,34862
4013,1340007,1339989,18,18,2,18,0,18,0,18,0,0,0,77570,74581,35729,34880
4014,1340676,1340642,35,33,3,7,28,7,26,32,1,0,0,77605,74614,35736,34887
4015,1341344,1341316,28,28,2,13,15,13,15,28,0,0,0,77633,74642,35749,34900
4016,1342013,1341995,18,18,2,6,12,6,12,18,0,0,0,77651,74660,35755,34906
4017,1342682,1342654,28,28,2,16,12,16,12,28,0,0,0,77679,74688,35771,34922
4018,1343351,1343311,42,38,3,17,25,17,21,36,2,0,0,77721,74726,35788,34939
4019,1344020,1344012,8,8,2,8,0,8,0,8,0,0,0,77729,74734,35796,34947
4020,1344690,1344626,65,63,3,8,57,8,55,62,1,0,0,77794,74797,35804,34955
4021,1345359,1345349,10,10,2,10,0,10,0,10,0,0,0,77804,74807,35814,34965
4022,1346029,1346007,22,22,2,16,6,16,6,22,0,0,0,77826,74829,35830,34981
4023,1346699,1346682,17,17,2,7,10,7,10,17,0,0,0,77843,74846,35837,34988
4024,1347369,1347346,24,22,3,5,19,5,17,21,1,0,0,77867,74868,35842,34993
4025,1348039,1347998,42,40,3,20,22,20,20,39,1,0,0,77909,74908,35862,35013
4026,1348710,1348666,45,43,3,10,35,10,33,42,1,0,0,77954,74951,35872,35023
4027,1349380,1349366,14,14,2,14,0,14,0,14,0,0,0,77968,74965,35886,35037
4028,1350051,1350006,45,45,2,20,25,20,25,45,0,0,0,78013,75010,35906,35057
4029,1350722,1350690,33,31,3,15,18,15,16,30,1,0,0,78046,75041,35921,35072
4030,1351393,1351333,61,59,3,17,44,17,42,58,1,0,0,78107,75100,35938,35089
4031,1352064,1352047,18,16,3,13,5,11,5,15,1,0,0,78125,75116,35951,35100
4032,1352736,1352696,41,39,3,6,35,6,33,38,1,0,0,78166,75155,35957,35106
4033,1353407,1353388,22,17,4,19,3,14,3,16,0,1,0,78188,75172,35976,35120
4034,1354079,1354060,19,19,2,11,8,11,8,19,0,0,0,78207,75191,35987,35131
4035,1354751,1354731,20,20,2,9,11,9,11,20,0,0,0,78227,75211,35996,35140
4036,1355423,1355392,31,31,2,12,19,12,19,31,0,0,0,78258,75242,36008,35152
4037,1356095,1356077,19,17,3,13,6,11,6,16,1,0,0,78277,75259,36021,35163
4038,1356768,1356742,26,26,2,9,17,9,17,26,0,0,0,78303,75285,36030,35172
4039,1357440,1357426,14,14,2,10,4,10,4,14,0,0,0,78317,75299,36040,35182
4040,1358113,1358084,29,29,2,5,24,5,24,29,0,0,0,78346,75328,36045,35187
4041,1358786,1358772,14,14,2,9,5,9,5,14,0,0,0,78360,75342,36054,35196
4042,1359459,1359427,33,31,3,11,22,11,20,30,1,0,0,78393,75373,36065,35207
4043,1360132,1360113,19,19,2,15,4,15,4,19,0,0,0,78412,75392,36080,35222
4044,1360806,1360777,29,29,2,12,17,12,17,29,0,0,0,78441,75421,36092,35234
4045,1361479,1361463,16,16,2,10,6,10,6,16,0,0,0,78457,75437,36102,35244
4046,1362153,1362131,22,22,2,6,16,6,16,22,0,0,0,78479,75459,36108,35250
4047,1362827,1362798,29,29,2,15,14,15,14,29,0,0,0,78508,75488,36123,35265
4048,1363501,1363451,54,46,3,14,40,14,32,42,4,0,0,78562,75534,36137,35279
4049,1364175,1364161,14,14,2,14,0,14,0,14,0,0,0,78576,75548,36151,35293
4050,1364850,1364793,58,56,3,9,49,9,47,55,1,0,0,78634,75604,36160,35302
4051,1365524,1365515,9,9,2,9,0,9,0,9,0,0,0,78643,75613,36169,35311
4052,1366199,1366175,24,24,2,8,16,8,16,24,0,0,0,78667,75637,36177,35319
4053,1366874,1366839,35,35,2,14,21,14,21,35,0,0,0,78702,75672,36191,35333
4054,1367549,1367529,20,20,2,9,11,9,11,20,0,0,0,78722,75692,36200,35342
4055,1368224,1368206,18,18,2,12,6,12,6,18,0,0,0,78740,75710,36212,35354
4056,1368900,1368816,88,81,4,13,75,13,68,79,1,1,0,78828,75791,36225,35367
4057,1369575,1369561,15,13,3,15,0,13,0,12,1,0,0,78843,75804,36240,35380
4058,1370251,1370234,17,17,2,10,7,10,7,17,0,0,0,78860,75821,36250,35390
4059,1370927,1370891,36,36,2,15,21,15,21,36,0,0,0,78896,75857,36265,35405
4060,1371603,1371550,54,52,3,14,40,14,38,51,1,0,0,78950,75909,36279,35419
4061,1372279,1372264,16,14,3,13,3,11,3,13,1,0,0,78966,75923,36292,35430
4062,1372956,1372929,28,26,3,6,22,6,20,25,1,0,0,78994,75949,36298,35436
4063,1373632,1373620,12,12,2,10,2,10,2,12,0,0,0,79006,75961,36308,35446
4064,1374309,1374274,35,35,2,10,25,10,25,35,0,0,0,79041,75996,36318,35456
4065,1374986,1374955,31,31,2,12,19,12,19,31,0,0,0,79072,76027,36330,35468
4066,1375663,1375639,27,22,4,10,17,8,14,21,0,1,0,79099,76049,36340,35476
4067,1376340,1376318,24,20,3,20,4,17,3,18,2,0,0,79123,76069,36360,35493
4068,1377018,1376985,33,33,2,10,23,10,23,33,0,0,0,79156,76102,36370,35503
4069,1377695,1377667,28,28,2,23,5,23,5,28,0,0,0,79184,76130,36393,35526
4070,1378373,1378328,46,44,3,10,36,10,34,43,1,0,0,79230,76174,36403,35536
4071,1379051,1379022,29,29,2,16,13,16,13,29,0,0,0,79259,76203,36419,35552
4072,1379729,1379695,34,34,2,12,22,12,22,34,0,0,0,79293,76237,36431,35564
4073,1380407,1380392,16,14,3,16,0,14,0,13,1,0,0,79309,76251,36447,35578
4074,1381086,1381022,64,64,2,15,49,15,49,64,0,0,0,79373,76315,36462,35593
4075,1381764,1381743,21,21,2,15,6,15,6,21,0,0,0,79394,76336,36477,35608
4076,1382443,1382416,27,27,2,13,14,13,14,27,0,0,0,79421,76363,36490,35621
4077,1383122,1383108,14,14,2,7,7,7,7,14,0,0,0,79435,76377,36497,35628
4078,1383801,1383787,14,14,2,6,8,6,8,14,0,0,0,79449,76391,36503,35634
4079,1384480,1384472,8,8,2,8,0,8,0,8,0,0,0,79457,76399,36511,35642
4080,1385160,1385095,70,61,4,13,57,12,49,58,2,1,0,79527,76460,36524,35654
4081,1385839,1385804,36,34,3,27,9,25,9,33,1,0,0,79563,76494,36551,35679
4082,1386519,1386473,47,45,3,17,30,17,28,44,1,0,0,79610,76539,36568,35696
4083,1387199,1387188,11,11,2,6,5,6,5,11,0,0,0,79621,76550,36574,35702
4084,1387879,1387847,32,32,2,14,18,14,18,32,0,0,0,79653,76582,36588,35716
4085,1388559,1388529,33,28,4,23,10,21,7,27,0,1,0,79686,76610,36611,35737
4086,1389240,1389209,31,31,2,8,23,8,23,31,0,0,0,79717,76641,36619,35745
4087,1389920,1389900,20,20,2,18,2,18,2,20,0,0,0,79737,76661,36637,35763
4088,1390601,1390548,53,53,2,16,37,16,37,53,0,0,0,79790,76714,36653,35779
4089,1391282,1391253,30,28,3,17,13,17,11,27,1,0,0,79820,76742,36670,35796
4090,1391963,1391925,38,38,2,10,28,10,28,38,0,0,0,79858,76780,36680,35806
4091,1392644,1392635,9,9,2,9,0,9,0,9,0,0,0,79867,76789,36689,35815
4092,1393326,1393248,79,77,3,15,64,15,62,76,1,0,0,79946,76866,36704,35830
4093,1394007,1393994,13,13,2,13,0,13,0,13,0,0,0,79959,76879,36717,35843
4094,1394689,1394666,24,22,3,13,11,13,9,21,1,0,0,79983,76901,36730,35856
4095,1395371,1395285,86,86,2,27,59,27,59,86,0,0,0,80069,76987,36757,35883
4096,1396053,1396032,21,21,2,7,14,7,14,21,0,0,0,80090,77008,36764,35890
4097,1396735,1396720,15,15,2,10,5,10,5,15,0,0,0,80105,77023,36774,35900
4098,1397418,1397383,35,35,2,11,24,11,24,35,0,0,0,80140,77058,36785,35911
4099,1398100,1398081,19,19,2,19,0,19,0,19,0,0,0,80159,77077,36804,35930
4100,1398783,1398747,38,34,3,11,27,10,24,32,2,0,0,80197,77111,36815,35940
4101,1399466,1399454,12,12,2,9,3,9,3,12,0,0,0,80209,77123,36824,35949
4102,1400149,1400126,23,23,2,8,15,8,15,23,0,0,0,80232,77146,36832,35957
4103,1400832,1400809,24,22,3,17,7,17,5,21,1,0,0,80256,77168,36849,35974
4104,1401516,1401453,64,62,3,7,57,7,55,61,1,0,0,80320,77230,36856,35981
4105,1402199,1402186,13,13,2,10,3,10,3,13,0,0,0,80333,77243,36866,35991
4106,1402883,1402861,22,22,2,11,11,11,11,22,0,0,0,80355,77265,36877,36002
4107,1403567,1403529,38,38,2,25,13,25,13,38,0,0,0,80393,77303,36902,36027
4108,1404251,1404204,48,46,3,23,25,21,25,45,1,0,0,80441,77349,36925,36048
4109,1404935,1404915,20,20,2,13,7,13,7,20,0,0,0,80461,77369,36938,36061
4110,1405620,1405585,35,35,2,6,29,6,29,35,0,0,0,80496,77404,36944,36067
4111,1406304,1406290,14,14,2,14,0,14,0,14,0,0,0,80510,77418,36958,36081
4112,1406989,1406967,22,22,2,7,15,7,15,22,0,0,0,80532,77440,36965,36088
4113,1407674,1407646,28,28,2,13,15,13,15,28,0,0,0,80560,77468,36978,36101
4114,1408359,1408319,43,38,4,11,32,11,27,37,0,1,0,80603,77506,36989,36112
4115,1409044,1409023,21,21,2,15,6,15,6,21,0,0,0,80624,77527,37004,36127
4116,1409730,1409657,76,71,4,14,62,14,57,70,0,1,0,80700,77598,37018,36141
4117,1410415,1410396,19,19,2,18,1,18,1,19,0,0,0,80719,77617,37036,36159
4118,1411101,1411073,28,28,2,14,14,14,14,28,0,0,0,80747,77645,37050,36173
4119,1411787,1411764,23,23,2,12,11,12,11,23,0,0,0,80770,77668,37062,36185
4120,1412473,1412433,41,39,3,9,32,9,30,38,1,0,0,80811,77707,37071,36194
4121,1413159,1413134,25,25,2,22,3,22,3,25,0,0,0,80836,77732,37093,36216
4122,1413846,1413804,42,42,2,13,29,13,29,42,0,0,0,80878,77774,37106,36229
4123,1414532,1414481,51,51,2,38,13,38,13,51,0,0,0,80929,77825,37144,36267
4124,1415219,1415193,26,26,2,12,14,12,14,26,0,0,0,80955,77851,37156,36279
4125,1415906,1415877,29,29,2,13,16,13,16,29,0,0,0,80984,77880,37169,36292
4126,1416593,1416577,16,16,2,10,6,10,6,16,0,0,0,81000,77896,37179,36302
4127,1417280,1417272,8,8,2,8,0,8,0,8,0,0,0,81008,77904,37187,36310
4128,1417968,1417920,49,47,3,16,33,15,32,46,1,0,0,81057,77951,37203,36325
4129,1418655,1418642,13,13,2,13,0,13,0,13,0,0,0,81070,77964,37216,36338
4130,1419343,1419304,41,37,3,16,25,14,23,35,2,0,0,81111,78001,37232,36352
4131,1420031,1420000,31,31,2,13,18,13,18,31,0,0,0,81142,78032,37245,36365
4132,1420719,1420687,32,32,2,13,19,13,19,32,0,0,0,81174,78064,37258,36378
4133,1421407,1421398,9,9,2,9,0,9,0,9,0,0,0,81183,78073,37267,36387
4134,1422096,1422040,56,56,2,16,40,16,40,56,0,0,0,81239,78129,37283,36403
4135,1422784,1422771,13,13,2,9,4,9,4,13,0,0,0,81252,78142,37292,36412
4136,1423473,1423429,47,41,3,16,31,15,26,38,3,0,0,81299,78183,37308,36427
4137,1424162,1424139,23,23,2,10,13,10,13,23,0,0,0,81322,78206,37318,36437
4138,1424851,1424825,27,25,3,14,13,13,12,24,1,0,0,81349,78231,37332,36450
4139,1425540,1425532,8,8,2,8,0,8,0,8,0,0,0,81357,78239,37340,36458
4140,1426230,1426164,67,65,3,3,64,3,62,64,1,0,0,81424,78304,37343,36461
4141,1426919,1426901,19,17,3,18,1,16,1,16,1,0,0,81443,78321,37361,36477
4142,1427609,1427569,41,39,3,21,20,20,19,38,1,0,0,81484,78360,37382,36497
4143,1428299,1428270,29,29,2,19,10,19,10,29,0,0,0,81513,78389,37401,36516
4144,1428989,1428922,69,65,3,14,55,13,52,63,2,0,0,81582,78454,37415,36529
4145,1429679,1429661,18,18,2,13,5,13,5,18,0,0,0,81600,78472,37428,36542
4146,1430370,1430326,45,43,3,25,20,25,18,42,1,0,0,81645,78515,37453,36567
4147,1431060,1431018,45,39,3,30,15,27,12,36,3,0,0,81690,78554,37483,36594
4148,1431751,1431699,52,52,2,22,30,22,30,52,0,0,0,81742,78606,37505,36616
4149,1432442,1432426,16,16,2,6,10,6,10,16,0,0,0,81758,78622,37511,36622
4150,1433133,1433100,36,30,3,8,28,7,23,27,3,0,0,81794,78652,37519,36629
4151,1433824,1433804,20,20,2,18,2,18,2,20,0,0,0,81814,78672,37537,36647
4152,1434516,1434484,32,32,2,9,23,9,23,32,0,0,0,81846,78704,37546,36656
4153,1435207,1435193,14,14,2,14,0,14,0,14,0,0,0,81860,78718,37560,36670
4154,1435899,1435872,27,27,2,15,12,15,12,27,0,0,0,81887,78745,37575,36685
4155,1436591,1436564,27,27,2,12,15,12,15,27,0,0,0,81914,78772,37587,36697
4156,1437283,1437256,28,26,3,12,16,12,14,25,1,0,0,81942,78798,37599,36709
4157,1437975,1437970,5,5,2,5,0,5,0,5,0,0,0,81947,78803,37604,36714
4158,1438668,1438604,64,64,2,11,53,11,53,64,0,0,0,82011,78867,37615,36725
4159,1439360,1439350,10,10,2,10,0,10,0,10,0,0,0,82021,78877,37625,36735
4160,1440053,1440005,49,47,3,9,40,9,38,46,1,0,0,82070,78924,37634,36744
4161,1440746,1440696,50,50,2,29,21,29,21,50,0,0,0,82120,78974,37663,36773
4162,1441439,1441422,17,17,2,9,8,9,8,17,0,0,0,82137,78991,37672,36782
4163,1442132,1442118,14,14,2,12,2,12,2,14,0,0,0,82151,79005,37684,36794
4164,1442826,1442785,41,41,2,12,29,12,29,41,0,0,0,82192,79046,37696,36806
4165,1443519,1443475,44,44,2,20,24,20,24,44,0,0,0,82236,79090,37716,36826
4166,1444213,1444186,27,27,2,10,17,10,17,27,0,0,0,82263,79117,37726,36836
4167,1444907,1444886,21,21,2,12,9,12,9,21,0,0,0,82284,79138,37738,36848
4168,1445601,1445582,19,19,2,6,13,6,13,19,0,0,0,82303,79157,37744,36854
4169,1446295,1446269,26,26,2,17,9,17,9,26,0,0,0,82329,79183,37761,36871
4170,1446990,1446930,61,59,3,9,52,9,50,58,1,0,0,82390,79242,37770,36880
4171,1447684,1447664,20,20,2,16,4,16,4,20,0,0,0,82410,79262,37786,36896
4172,1448379,1448358,21,21,2,4,17,4,17,21,0,0,0,82431,79283,37790,36900
4173,1449074,1449048,26,26,2,12,14,12,14,26,0,0,0,82457,79309,37802,36912
4174,1449769,1449752,17,17,2,8,9,8,9,17,0,0,0,82474,79326,37810,36920
4175,1450464,1450435,32,27,4,23,9,18,9,26,0,1,0,82506,79353,37833,36938
4176,1451160,1451109,52,50,3,12,40,12,38,49,1,0,0,82558,79403,37845,36950
4177,1451855,1451844,11,11,2,11,0,11,0,11,0,0,0,82569,79414,37856,36961
4178,1452551,1452534,17,17,2,10,7,10,7,17,0,0,0,82586,79431,37866,36971
4179,1453247,1453219,28,28,2,14,14,14,14,28,0,0,0,82614,79459,37880,36985
4180,1453943,1453870,77,70,4,13,64,13,57,68,1,1,0,82691,79529,37893,36998
4181,1454639,1454624,15,15,2,13,2,13,2,15,0,0,0,82706,79544,37906,37011
4182,1455336,1455283,57,49,3,9,48,9,40,45,4,0,0,82763,79593,37915,37020
4183,1456032,1456015,17,17,2,15,2,15,2,17,0,0,0,82780,79610,37930,37035
4184,1456729,1456693,37,35,3,12,25,12,23,34,1,0,0,82817,79645,37942,37047
4185,1457426,1457381,46,44,3,15,31,15,29,43,1,0,0,82863,79689,37957,37062
4186,1458123,1458066,60,55,4,14,46,14,41,54,0,1,0,82923,79744,37971,37076
4187,1458820,1458806,14,14,2,11,3,11,3,14,0,0,0,82937,79758,37982,37087
4188,1459518,1459474,46,42,3,6,40,6,36,40,2,0,0,82983,79800,37988,37093
4189,1460215,1460198,18,16,3,17,1,16,0,15,1,0,0,83001,79816,38005,37109
4190,1460913,1460885,29,27,3,11,18,11,16,26,1,0,0,83030,79843,38016,37120
4191,1461611,1461583,28,28,2,11,17,11,17,28,0,0,0,83058,79871,38027,37131
4192,1462309,1462276,34,32,3,9,25,9,23,31,1,0,0,83092,79903,38036,37140
4193,1463007,1462989,18,18,2,12,6,12,6,18,0,0,0,83110,79921,38048,37152
4194,1463706,1463679,27,27,2,9,18,9,18,27,0,0,0,83137,79948,38057,37161
4195,1464404,1464380,25,23,3,13,12,12,11,22,1,0,0,83162,79971,38070,37173
4196,1465103,1465078,26,24,3,10,16,9,15,23,1,0,0,83188,79995,38080,37182
4197,1465802,1465780,22,22,2,16,6,16,6,22,0,0,0,83210,80017,38096,37198
4198,1466501,1466484,17,17,2,11,6,11,6,17,0,0,0,83227,80034,38107,37209
4199,1467200,1467163,37,37,2,28,9,28,9,37,0,0,0,83264,80071,38135,37237
4200,1467900,1467840,62,58,3,7,55,7,51,56,2,0,0,83326,80129,38142,37244
4201,1468599,1468585,14,14,2,14,0,14,0,14,0,0,0,83340,80143,38156,37258
4202,1469299,1469265,41,30,5,13,28,13,17,28,1,0,1,83381,80173,38169,37271
4203,1469999,1469980,19,19,2,9,10,9,10,19,0,0,0,83400,80192,38178,37280
4204,1470699,1470667,32,32,2,14,18,14,18,32,0,0,0,83432,80224,38192,37294
4205,1471399,1471381,18,18,2,14,4,14,4,18,0,0,0,83450,80242,38206,37308
4206,1472100,1472079,21,21,2,11,10,11,10,21,0,0,0,83471,80263,38217,37319
4207,1472800,1472772,28,28,2,18,10,18,10,28,0,0,0,83499,80291,38235,37337
4208,1473501,1473468,33,33,2,6,27,6,27,33,0,0,0,83532,80324,38241,37343
4209,1474202,1474161,44,38,3,26,18,23,15,35,3,0,0,83576,80362,38267,37366
4210,1474903,1474881,22,22,2,8,14,8,14,22,0,0,0,83598,80384,38275,37374
4211,1475604,1475591,13,13,2,13,0,13,0,13,0,0,0,83611,80397,38288,37387
4212,1476306,1476239,67,67,2,14,53,14,53,67,0,0,0,83678,80464,38302,37401
4213,1477007,1476987,22,18,3,13,9,12,6,16,2,0,0,83700,80482,38315,37413
4214,1477709,1477643,67,65,3,29,38,28,37,64,1,0,0,83767,80547,38344,37441
4215,1478411,1478391,20,20,2,9,11,9,11,20,0,0,0,83787,80567,38353,37450
4216,1479113,1479056,60,54,3,16,44,15,39,51,3,0,0,83847,80621,38369,37465
4217,1479815,1479804,11,11,2,11,0,11,0,11,0,0,0,83858,80632,38380,37476
4218,1480518,1480440,80,76,3,26,54,24,52,74,2,0,0,83938,80708,38406,37500
4219,1481220,1481207,13,13,2,13,0,13,0,13,0,0,0,83951,80721,38419,37513
4220,1481923,1481884,39,39,2,9,30,9,30,39,0,0,0,83990,80760,38428,37522
4221,1482626,1482585,41,41,2,14,27,14,27,41,0,0,0,84031,80801,38442,37536
4222,1483329,1483313,16,16,2,9,7,9,7,16,0,0,0,84047,80817,38451,37545
4223,1484032,1484018,14,14,2,13,1,13,1,14,0,0,0,84061,80831,38464,37558
4224,1484736,1484681,58,52,3,7,51,7,45,49,3,0,0,84119,80883,38471,37565
4225,1485439,1485393,46,46,2,29,17,29,17,46,0,0,0,84165,80929,38500,37594
4226,1486143,1486124,19,19,2,12,7,12,7,19,0,0,0,84184,80948,38512,37606
4227,1486847,1486832,15,15,2,8,7,8,7,15,0,0,0,84199,80963,38520,37614
4228,1487551,1487514,37,37,2,9,28,9,28,37,0,0,0,84236,81000,38529,37623
4229,1488255,1488241,16,12,3,16,0,12,0,10,2,0,0,84252,81012,38545,37635
4230,1488960,1488914,49,43,3,12,37,10,33,40,3,0,0,84301,81055,38557,37645
4231,1489664,1489660,4,4,2,4,0,4,0,4,0,0,0,84305,81059,38561,37649
4232,1490369,1490328,41,41,2,12,29,12,29,41,0,0,0,84346,81100,38573,37661
4233,1491074,1491042,33,31,3,18,15,17,14,30,1,0,0,84379,81131,38591,37678
4234,1491779,1491743,36,36,2,18,18,18,18,36,0,0,0,84415,81167,38609,37696
4235,1492484,1492453,32,30,3,16,16,15,15,29,1,0,0,84447,81197,38625,37711
4236,1493190,1493163,27,27,2,8,19,8,19,27,0,0,0,84474,81224,38633,37719
4237,1493895,1493871,24,24,2,24,0,24,0,24,0,0,0,84498,81248,38657,37743
4238,1494601,1494558,43,43,2,18,25,18,25,43,0,0,0,84541,81291,38675,37761
4239,1495307,1495281,27,25,3,9,18,8,17,24,1,0,0,84568,81316,38684,37769
4240,1496013,1495975,40,36,3,8,32,6,30,34,2,0,0,84608,81352,38692,37775
4241,1496719,1496707,12,12,2,12,0,12,0,12,0,0,0,84620,81364,38704,37787
4242,1497426,1497396,31,29,3,7,24,7,22,28,1,0,0,84651,81393,38711,37794
4243,1498132,1498112,20,20,2,20,0,20,0,20,0,0,0,84671,81413,38731,37814
4244,1498839,1498817,22,22,2,5,17,5,17,22,0,0,0,84693,81435,38736,37819
4245,1499546,1499520,26,26,2,9,17,9,17,26,0,0,0,84719,81461,38745,37828
4246,1500253,1500213,40,40,2,17,23,17,23,40,0,0,0,84759,81501,38762,37845
4247,1500960,1500937,24,22,3,21,3,20,2,21,1,0,0,84783,81523,38783,37865
4248,1501668,1501624,46,42,3,10,36,9,33,40,2,0,0,84829,81565,38793,37874
4249,1502375,1502359,16,16,2,10,6,10,6,16,0,0,0,84845,81581,38803,37884
4250,1503083,1503049,35,33,3,12,23,12,21,32,1,0,0,84880,81614,38815,37896
4251,1503791,1503761,31,29,3,15,16,14,15,28,1,0,0,84911,81643,38830,37910
4252,1504499,1504469,30,30,2,16,14,16,14,30,0,0,0,84941,81673,38846,37926
4253,1505207,1505197,10,10,2,10,0,10,0,10,0,0,0,84951,81683,38856,37936
4254,1505916,1505880,36,36,2,9,27,9,27,36,0,0,0,84987,81719,38865,37945
4255,1506624,1506594,30,30,2,21,9,21,9,30,0,0,0,85017,81749,38886,37966
4256,1507333,1507284,49,49,2,10,39,10,39,49,0,0,0,85066,81798,38896,37976
4257,1508042,1508001,43,39,3,17,26,16,23,37,2,0,0,85109,81837,38913,37992
4258,1508751,1508725,26,26,2,12,14,12,14,26,0,0,0,85135,81863,38925,38004
4259,1509460,1509451,9,9,2,9,0,9,0,9,0,0,0,85144,81872,38934,38013
4260,1510170,1510124,49,44,4,11,38,9,35,43,0,1,0,85193,81916,38945,38022
4261,1510879,1510861,19,17,3,19,0,17,0,16,1,0,0,85212,81933,38964,38039
4262,1511589,1511577,12,12,2,5,7,5,7,12,0,0,0,85224,81945,38969,38044
4263,1512299,1512240,62,56,3,33,29,30,26,53,3,0,0,85286,82001,39002,38074
4264,1513009,1512973,36,36,2,13,23,13,23,36,0,0,0,85322,82037,39015,38087
4265,1513719,1513702,17,17,2,15,2,15,2,17,0,0,0,85339,82054,39030,38102
4266,1514430,1514385,45,45,2,14,31,14,31,45,0,0,0,85384,82099,39044,38116
4267,1515140,1515126,14,14,2,14,0,14,0,14,0,0,0,85398,82113,39058,38130
4268,1515851,1515807,45,43,3,14,31,14,29,42,1,0,0,85443,82156,39072,38144
4269,1516562,1516546,16,16,2,10,6,10,6,16,0,0,0,85459,82172,39082,38154
4270,1517273,1517213,61,59,3,16,45,16,43,58,1,0,0,85520,82231,39098,38170
4271,1517984,1517971,13,13,2,13,0,13,0,13,0,0,0,85533,82244,39111,38183
4272,1518696,1518666,31,29,3,4,27,4,25,28,1,0,0,85564,82273,39115,38187
4273,1519407,1519392,15,15,2,15,0,15,0,15,0,0,0,85579,82288,39130,38202
4274,1520119,1520096,23,23,2,9,14,9,14,23,0,0,0,85602,82311,39139,38211
4275,1520831,1520782,52,46,3,14,38,13,33,43,3,0,0,85654,82357,39153,38224
4276,1521543,1521510,34,32,3,10,24,9,23,31,1,0,0,85688,82389,39163,38233
4277,1522255,1522227,28,28,2,20,8,20,8,28,0,0,0,85716,82417,39183,38253
4278,1522968,1522913,57,53,3,14,43,14,39,51,2,0,0,85773,82470,39197,38267
4279,1523680,1523658,22,22,2,17,5,17,5,22,0,0,0,85795,82492,39214,38284
4280,1524393,1524364,30,28,3,9,21,9,19,27,1,0,0,85825,82520,39223,38293
4281,1525106,1525094,12,12,2,6,6,6,6,12,0,0,0,85837,82532,39229,38299
4282,1525819,1525800,19,19,2,12,7,12,7,19,0,0,0,85856,82551,39241,38311
4283,1526532,1526521,11,11,2,11,0,11,0,11,0,0,0,85867,82562,39252,38322
4284,1527246,1527173,74,72,3,9,65,9,63,71,1,0,0,85941,82634,39261,38331
4285,1527959,1527949,10,10,2,6,4,6,4,10,0,0,0,85951,82644,39267,38337
4286,1528673,1528656,17,17,2,8,9,8,9,17,0,0,0,85968,82661,39275,38345
4287,1529387,1529350,37,37,2,21,16,21,16,37,0,0,0,86005,82698,39296,38366
4288,1530101,1530072,29,29,2,9,20,9,20,29,0,0,0,86034,82727,39305,38375
4289,1530815,1530809,6,6,2,6,0,6,0,6,0,0,0,86040,82733,39311,38381
4290,1531530,1531441,93,85,3,14,79,14,71,81,4,0,0,86133,82818,39325,38395
4291,1532244,1532225,19,19,2,16,3,16,3,19,0,0,0,86152,82837,39341,38411
4292,1532959,1532916,44,42,3,14,30,14,28,41,1,0,0,86196,82879,39355,38425
4293,1533674,1533649,25,25,2,9,16,9,16,25,0,0,0,86221,82904,39364,38434
4294,1534389,1534359,30,30,2,14,16,14,16,30,0,0,0,86251,82934,39378,38448
4295,1535104,1535088,16,16,2,11,5,11,5,16,0,0,0,86267,82950,39389,38459
4296,1535820,1535783,38,36,3,9,29,8,28,35,1,0,0,86305,82986,39398,38467
4297,1536535,1536513,22,22,2,22,0,22,0,22,0,0,0,86327,83008,39420,38489
4298,1537251,1537225,26,26,2,9,17,9,17,26,0,0,0,86353,83034,39429,38498
4299,1537967,1537940,27,27,2,20,7,20,7,27,0,0,0,86380,83061,39449,38518
4300,1538683,1538633,51,49,3,14,37,13,36,48,1,0,0,86431,83110,39463,38531
4301,1539399,1539364,37,33,3,24,13,24,9,31,2,0,0,86468,83143,39487,38555
4302,1540116,1540099,17,17,2,1,16,1,16,17,0,0,0,86485,83160,39488,38556
4303,1540832,1540806,26,26,2,24,2,24,2,26,0,0,0,86511,83186,39512,38580
4304,1541549,1541523,27,25,3,11,16,9,16,24,1,0,0,86538,83211,39523,38589
4305,1542266,1542232,34,34,2,15,19,15,19,34,0,0,0,86572,83245,39538,38604
4306,1542983,1542962,21,21,2,15,6,15,6,21,0,0,0,86593,83266,39553,38619
4307,1543700,1543681,19,19,2,17,2,17,2,19,0,0,0,86612,83285,39570,38636
4308,1544418,1544388,30,30,2,5,25,5,25,30,0,0,0,86642,83315,39575,38641
4309,1545135,1545110,26,24,3,20,6,18,6,23,1,0,0,86668,83339,39595,38659
4310,1545853,1545828,25,25,2,8,17,8,17,25,0,0,0,86693,83364,39603,38667
4311,1546571,1546549,22,22,2,5,17,5,17,22,0,0,0,86715,83386,39608,38672
4312,1547289,1547223,75,58,4,15,60,14,44,51,6,1,0,86790,83444,39623,38686
4313,1548007,1547988,19,19,2,18,1,18,1,19,0,0,0,86809,83463,39641,38704
4314,1548726,1548693,33,33,2,11,22,11,22,33,0,0,0,86842,83496,39652,38715
4315,1549444,1549422,22,22,2,14,8,14,8,22,0,0,0,86864,83518,39666,38729
4316,1550163,1550128,38,32,3,14,24,11,21,29,3,0,0,86902,83550,39680,38740
4317,1550882,1550865,17,17,2,11,6,11,6,17,0,0,0,86919,83567,39691,38751
4318,1551601,1551569,33,31,3,11,22,10,21,30,1,0,0,86952,83598,39702,38761
4319,1552320,1552301,19,19,2,10,9,10,9,19,0,0,0,86971,83617,39712,38771
4320,1553040,1552991,49,49,2,5,44,5,44,49,0,0,0,87020,83666,39717,38776
4321,1553759,1553733,26,26,2,25,1,25,1,26,0,0,0,87046,83692,39742,38801
4322,1554479,1554456,23,23,2,9,14,9,14,23,0,0,0,87069,83715,39751,38810
4323,1555199,1555169,30,30,2,14,16,14,16,30,0,0,0,87099,83745,39765,38824
4324,1555919,1555875,48,40,3,11,37,11,29,36,4,0,0,87147,83785,39776,38835
4325,1556639,1556627,12,12,2,7,5,7,5,12,0,0,0,87159,83797,39783,38842
4326,1557360,1557296,65,63,3,16,49,15,48,62,1,0,0,87224,83860,39799,38857
4327,1558080,1558063,17,17,2,17,0,17,0,17,0,0,0,87241,83877,39816,38874
4328,1558801,1558768,33,33,2,8,25,8,25,33,0,0,0,87274,83910,39824,38882
4329,1559522,1559465,59,55,3,27,32,26,29,53,2,0,0,87333,83965,39851,38908
4330,1560243,1560200,43,43,2,15,28,15,28,43,0,0,0,87376,84008,39866,38923
4331,1560964,1560946,19,17,3,16,3,14,3,16,1,0,0,87395,84025,39882,38937
4332,1561686,1561610,77,75,3,25,52,25,50,74,1,0,0,87472,84100,39907,38962
4333,1562407,1562389,18,18,2,15,3,15,3,18,0,0,0,87490,84118,39922,38977
4334,1563129,1563096,33,33,2,14,19,14,19,33,0,0,0,87523,84151,39936,38991
4335,1563851,1563820,32,30,3,8,24,8,22,29,1,0,0,87555,84181,39944,38999
4336,1564573,1564533,41,39,3,9,32,9,30,38,1,0,0,87596,84220,39953,39008
4337,1565295,1565285,10,10,2,10,0,10,0,10,0,0,0,87606,84230,39963,39018
4338,1566018,1565979,39,39,2,8,31,8,31,39,0,0,0,87645,84269,39971,39026
4339,1566740,1566728,12,12,2,12,0,12,0,12,0,0,0,87657,84281,39983,39038
4340,1567463,1567374,90,88,3,16,74,16,72,87,1,0,0,87747,84369,39999,39054
4341,1568186,1568167,19,19,2,13,6,13,6,19,0,0,0,87766,84388,40012,39067
4342,1568909,1568888,21,21,2,4,17,4,17,21,0,0,0,87787,84409,40016,39071
4343,1569632,1569609,24,22,3,22,2,20,2,21,1,0,0,87811,84431,40038,39091
4344,1570356,1570307,49,49,2,9,40,9,40,49,0,0,0,87860,84480,40047,39100
4345,1571079,1571044,36,34,3,23,13,21,13,33,1,0,0,87896,84514,40070,39121
4346,1571803,1571771,34,30,3,16,18,16,14,28,2,0,0,87930,84544,40086,39137
4347,1572527,1572484,49,40,5,16,33,16,24,39,0,0,1,87979,84584,40102,39153
4348,1573251,1573223,28,28,2,11,17,11,17,28,0,0,0,88007,84612,40113,39164
4349,1573975,1573960,15,15,2,15,0,15,0,15,0,0,0,88022,84627,40128,39179
4350,1574700,1574646,56,52,3,13,43,13,39,50,2,0,0,88078,84679,40141,39192
4351,1575424,1575407,17,17,2,14,3,14,3,17,0,0,0,88095,84696,40155,39206
4352,1576149,1576116,35,31,3,7,28,7,24,29,2,0,0,88130,84727,40162,39213
4353,1576874,1576858,16,16,2,13,3,13,3,16,0,0,0,88146,84743,40175,39226
4354,1577599,1577574,25,25,2,9,16,9,16,25,0,0,0,88171,84768,40184,39235
4355,1578324,1578286,39,37,3,27,12,26,11,36,1,0,0,88210,84805,40211,39261
4356,1579050,1579007,43,43,2,3,40,3,40,43,0,0,0,88253,84848,40214,39264
4357,1579775,1579763,12,12,2,12,0,12,0,12,0,0,0,88265,84860,40226,39276
4358,1580501,1580477,24,24,2,12,12,12,12,24,0,0,0,88289,84884,40238,39288
4359,1581227,1581206,21,21,2,8,13,8,13,21,0,0,0,88310,84905,40246,39296
4360,1581953,1581909,44,44,2,8,36,8,36,44,0,0,0,88354,84949,40254,39304
4361,1582679,1582656,23,23,2,20,3,20,3,23,0,0,0,88377,84972,40274,39324
4362,1583406,1583377,29,29,2,8,21,8,21,29,0,0,0,88406,85001,40282,39332
4363,1584132,1584124,8,8,2,8,0,8,0,8,0,0,0,88414,85009,40290,39340
4364,1584859,1584831,28,28,2,10,18,10,18,28,0,0,0,88442,85037,40300,39350
4365,1585586,1585536,53,48,4,24,29,20,28,47,0,1,0,88495,85085,40324,39370
4366,1586313,1586289,25,23,3,8,17,7,16,22,1,0,0,88520,85108,40332,39377
4367,1587040,1587013,27,27,2,21,6,21,6,27,0,0,0,88547,85135,40353,39398
4368,1587768,1587683,87,83,3,11,76,11,72,81,2,0,0,88634,85218,40364,39409
4369,1588495,1588477,19,17,3,12,7,10,7,16,1,0,0,88653,85235,40376,39419
4370,1589223,1589172,52,50,3,20,32,20,30,49,1,0,0,88705,85285,40396,39439
4371,1589951,1589913,38,38,2,20,18,20,18,38,0,0,0,88743,85323,40416,39459
4372,1590679,1590654,25,25,2,13,12,13,12,25,0,0,0,88768,85348,40429,39472
4373,1591407,1591397,10,10,2,10,0,10,0,10,0,0,0,88778,85358,40439,39482
4374,1592136,1592112,24,24,2,8,16,8,16,24,0,0,0,88802,85382,40447,39490
4375,1592864,1592848,16,16,2,6,10,6,10,16,0,0,0,88818,85398,40453,39496
4376,1593593,1593558,36,34,3,10,26,9,25,33,1,0,0,88854,85432,40463,39505
4377,1594322,1594298,25,23,3,16,9,15,8,22,1,0,0,88879,85455,40479,39520
4378,1595051,1595015,36,36,2,13,23,13,23,36,0,0,0,88915,85491,40492,39533
4379,1595780,1595768,12,12,2,11,1,11,1,12,0,0,0,88927,85503,40503,39544
4380,1596510,1596437,73,73,2,10,63,10,63,73,0,0,0,89000,85576,40513,39554
4381,1597239,1597216,25,21,3,24,1,20,1,19,2,0,0,89025,85597,40537,39574
4382,1597969,1597937,32,32,2,15,17,15,17,32,0,0,0,89057,85629,40552,39589
4383,1598699,1598677,22,22,2,8,14,8,14,22,0,0,0,89079,85651,40560,39597
4384,1599429,1599408,21,21,2,4,17,4,17,21,0,0,0,89100,85672,40564,39601
4385,1600159,1600132,27,27,2,18,9,18,9,27,0,0,0,89127,85699,40582,39619
4386,1600890,1600846,46,42,3,11,35,10,32,40,2,0,0,89173,85741,40593,39629
4387,1601620,1601594,26,26,2,23,3,23,3,26,0,0,0,89199,85767,40616,39652
4388,1602351,1602324,27,27,2,12,15,12,15,27,0,0,0,89226,85794,40628,39664
4389,1603082,1603013,73,65,3,29,44,29,36,61,4,0,0,89299,85859,40657,39693
4390,1603813,1603786,27,27,2,6,21,6,21,27,0,0,0,89326,85886,40663,39699
4391,1604544,1604533,11,11,2,11,0,11,0,11,0,0,0,89337,85897,40674,39710
4392,1605276,1605224,53,51,3,6,47,6,45,50,1,0,0,89390,85948,40680,39716
4393,1606007,1605983,24,24,2,20,4,20,4,24,0,0,0,89414,85972,40700,39736
4394,1606739,1606696,43,43,2,22,21,22,21,43,0,0,0,89457,86015,40722,39758
4395,1607471,1607449,22,22,2,9,13,9,13,22,0,0,0,89479,86037,40731,39767
4396,1608203,1608160,45,41,3,16,29,14,27,39,2,0,0,89524,86078,40747,39781
4397,1608935,1608918,17,17,2,17,0,17,0,17,0,0,0,89541,86095,40764,39798
4398,1609668,1609629,39,39,2,14,25,14,25,39,0,0,0,89580,86134,40778,39812
4399,1610400,1610389,11,11,2,8,3,8,3,11,0,0,0,89591,86145,40786,39820
4400,1611133,1611082,56,47,4,9,47,8,39,44,2,1,0,89647,86192,40795,39828
4401,1611866,1611843,23,23,2,12,11,12,11,23,0,0,0,89670,86215,40807,39840
4402,1612599,1612568,32,30,3,13,19,13,17,29,1,0,0,89702,86245,40820,39853
4403,1613332,1613298,34,34,2,23,11,23,11,34,0,0,0,89736,86279,40843,39876
4404,1614066,1614005,63,59,3,13,50,12,47,57,2,0,0,89799,86338,40856,39888
4405,1614799,1614776,24,22,3,17,7,15,7,21,1,0,0,89823,86360,40873,39903
4406,1615533,1615513,20,20,2,12,8,12,8,20,0,0,0,89843,86380,40885,39915
4407,1616267,1616247,20,20,2,10,10,10,10,20,0,0,0,89863,86400,40895,39925
4408,1617001,1616956,47,43,3,17,30,17,26,41,2,0,0,89910,86443,40912,39942
4409,1617735,1617726,9,9,2,9,0,9,0,9,0,0,0,89919,86452,40921,39951
4410,1618470,1618380,92,88,3,17,75,17,71,86,2,0,0,90011,86540,40938,39968
4411,1619204,1619188,16,16,2,12,4,12,4,16,0,0,0,90027,86556,40950,39980
4412,1619939,1619915,24,24,2,12,12,12,12,24,0,0,0,90051,86580,40962,39992
4413,1620674,1620649,26,24,3,13,13,12,12,23,1,0,0,90077,86604,40975,40004
4414,1621409,1621398,11,11,2,3,8,3,8,11,0,0,0,90088,86615,40978,40007
4415,1622144,1622130,14,14,2,9,5,9,5,14,0,0,0,90102,86629,40987,40016
4416,1622880,1622837,46,40,3,9,37,9,31,37,3,0,0,90148,86669,40996,40025
4417,1623615,1623593,22,22,2,19,3,19,3,22,0,0,0,90170,86691,41015,40044
4418,1624351,1624331,20,20,2,9,11,9,11,20,0,0,0,90190,86711,41024,40053
4419,1625087,1625075,12,12,2,6,6,6,6,12,0,0,0,90202,86723,41030,40059
4420,1625823,1625751,76,68,3,12,64,12,56,64,4,0,0,90278,86791,41042,40071
4421,1626559,1626547,12,12,2,12,0,12,0,12,0,0,0,90290,86803,41054,40083
4422,1627296,1627248,48,48,2,11,37,11,37,48,0,0,0,90338,86851,41065,40094
4423,1628032,1628018,14,14,2,14,0,14,0,14,0,0,0,90352,86865,41079,40108
4424,1628769,1628716,54,52,3,17,37,17,35,51,1,0,0,90406,86917,41096,40125
4425,1629506,1629476,30,30,2,15,15,15,15,30,0,0,0,90436,86947,41111,40140
4426,1630243,1630215,28,28,2,16,12,16,12,28,0,0,0,90464,86975,41127,40156
4427,1630980,1630965,15,15,2,13,2,13,2,15,0,0,0,90479,86990,41140,40169
4428,1631718,1631686,32,32,2,10,22,10,22,32,0,0,0,90511,87022,41150,40179
4429,1632455,1632432,24,22,3,22,2,20,2,21,1,0,0,90535,87044,41172,40199
4430,1633193,1633161,32,32,2,11,21,11,21,32,0,0,0,90567,87076,41183,40210
4431,1633931,1633901,30,30,2,16,14,16,14,30,0,0,0,90597,87106,41199,40226
4432,1634669,1634645,24,24,2,7,17,7,17,24,0,0,0,90621,87130,41206,40233
4433,1635407,1635353,58,50,3,38,20,34,16,46,4,0,0,90679,87180,41244,40267
4434,1636146,1636120,26,26,2,7,19,7,19,26,0,0,0,90705,87206,41251,40274
4435,1636884,1636862,22,22,2,14,8,14,8,22,0,0,0,90727,87228,41265,40288
4436,1637623,1637597,26,26,2,17,9,17,9,26,0,0,0,90753,87254,41282,40305
4437,1638362,1638316,49,43,3,20,29,16,27,40,3,0,0,90802,87297,41302,40321
4438,1639101,1639079,22,22,2,10,12,10,12,22,0,0,0,90824,87319,41312,40331
4439,1639840,1639815,26,24,3,23,3,21,3,23,1,0,0,90850,87343,41335,40352
4440,1640580,1640517,65,61,3,12,53,10,51,59,2,0,0,90915,87404,41347,40362
4441,1641319,1641303,16,16,2,16,0,16,0,16,0,0,0,90931,87420,41363,40378
4442,1642059,1642038,21,21,2,6,15,6,15,21,0,0,0,90952,87441,41369,40384
4443,1642799,1642776,23,23,2,14,9,14,9,23,0,0,0,90975,87464,41383,40398
4444,1643539,1643501,39,37,3,16,23,15,22,36,1,0,0,91014,87501,41399,40413
4445,1644279,1644248,32,30,3,11,21,11,19,29,1,0,0,91046,87531,41410,40424
4446,1645020,1644921,102,96,3,24,78,25,71,93,3,0,0,91148,87627,41434,40449
4447,1645760,1645747,13,13,2,13,0,13,0,13,0,0,0,91161,87640,41447,40462
4448,1646501,1646466,36,34,3,10,26,8,26,33,1,0,0,91197,87674,41457,40470
4449,1647242,1647218,24,24,2,13,11,13,11,24,0,0,0,91221,87698,41470,40483
4450,1647983,1647957,26,26,2,9,17,9,17,26,0,0,0,91247,87724,41479,40492
4451,1648724,1648716,8,8,2,8,0,8,0,8,0,0,0,91255,87732,41487,40500
4452,1649466,1649405,63,59,3,10,53,9,50,57,2,0,0,91318,87791,41497,40509
4453,1650207,1650192,15,15,2,11,4,11,4,15,0,0,0,91333,87806,41508,40520
4454,1650949,1650923,28,24,3,12,16,10,14,22,2,0,0,91361,87830,41520,40530
4455,1651691,1651654,38,36,3,12,26,12,24,35,1,0,0,91399,87866,41532,40542
4456,1652433,1652412,21,21,2,4,17,4,17,21,0,0,0,91420,87887,41536,40546
4457,1653175,1653162,13,13,2,13,0,13,0,13,0,0,0,91433,87900,41549,40559
4458,1653918,1653888,30,30,2,7,23,7,23,30,0,0,0,91463,87930,41556,40566
4459,1654660,1654601,61,57,3,42,19,38,19,55,2,0,0,91524,87987,41598,40604
4460,1655403,1655361,43,41,3,10,33,10,31,40,1,0,0,91567,88028,41608,40614
4461,1656146,1656131,16,14,3,6,10,6,8,13,1,0,0,91583,88042,41614,40620
4462,1656889,1656856,33,33,2,19,14,19,14,33,0,0,0,91616,88075,41633,40639
4463,1657632,1657620,12,12,2,12,0,12,0,12,0,0,0,91628,88087,41645,40651
4464,1658376,1658316,63,57,3,8,55,7,50,54,3,0,0,91691,88144,41653,40658
4465,1659119,1659080,40,38,3,28,12,26,12,37,1,0,0,91731,88182,41681,40684
4466,1659863,1659822,41,41,2,18,23,18,23,41,0,0,0,91772,88223,41699,40702
4467,1660607,1660579,28,28,2,19,9,19,9,28,0,0,0,91800,88251,41718,40721
4468,1661351,1661323,28,28,2,7,21,7,21,28,0,0,0,91828,88279,41725,40728
4469,1662095,1662080,15,15,2,13,2,13,2,15,0,0,0,91843,88294,41738,40741
4470,1662840,1662807,35,31,3,11,24,10,21,29,2,0,0,91878,88325,41749,40751
4471,1663584,1663561,23,23,2,16,7,16,7,23,0,0,0,91901,88348,41765,40767
4472,1664329,1664266,64,62,3,19,45,19,43,61,1,0,0,91965,88410,41784,40786
4473,1665074,1665044,30,30,2,9,21,9,21,30,0,0,0,91995,88440,41793,40795
4474,1665819,1665805,14,14,2,7,7,7,7,14,0,0,0,92009,88454,41800,40802
4475,1666564,1666550,14,14,2,10,4,10,4,14,0,0,0,92023,88468,41810,40812
4476,1667310,1667262,49,47,3,13,36,13,34,46,1,0,0,92072,88515,41823,40825
4477,1668055,1668037,18,18,2,14,4,14,4,18,0,0,0,92090,88533,41837,40839
4478,1668801,1668779,22,22,2,13,9,13,9,22,0,0,0,92112,88555,41850,40852
4479,1669547,1669529,18,18,2,8,10,8,10,18,0,0,0,92130,88573,41858,40860
4480,1670293,1670251,42,42,2,7,35,7,35,42,0,0,0,92172,88615,41865,40867
4481,1671039,1671028,11,11,2,11,0,11,0,11,0,0,0,92183,88626,41876,40878
4482,1671786,1671756,30,30,2,12,18,12,18,30,0,0,0,92213,88656,41888,40890
4483,1672532,1672519,13,13,2,13,0,13,0,13,0,0,0,92226,88669,41901,40903
4484,1673279,1673246,34,32,3,14,20,14,18,31,1,0,0,92260,88701,41915,40917
4485,1674026,1673965,64,58,3,22,42,21,37,55,3,0,0,92324,88759,41937,40938
4486,1674773,1674755,18,18,2,10,8,10,8,18,0,0,0,92342,88777,41947,40948
4487,1675520,1675506,14,14,2,9,5,9,5,14,0,0,0,92356,88791,41956,40957
4488,1676268,1676173,108,85,5,22,86,21,64,77,7,0,1,92464,88876,41978,40978
4489,1677015,1676991,24,24,2,24,0,24,0,24,0,0,0,92488,88900,42002,41002
4490,1677763,1677743,20,20,2,9,11,9,11,20,0,0,0,92508,88920,42011,41011
4491,1678511,1678481,30,30,2,19,11,19,11,30,0,0,0,92538,88950,42030,41030
4492,1679259,1679232,27,27,2,10,17,10,17,27,0,0,0,92565,88977,42040,41040
4493,1680007,1679997,10,10,2,10,0,10,0,10,0,0,0,92575,88987,42050,41050
4494,1680756,1680719,38,36,3,11,27,11,25,35,1,0,0,92613,89023,42061,41061
4495,1681504,1681476,28,28,2,20,8,20,8,28,0,0,0,92641,89051,42081,41081
4496,1682253,1682229,24,24,2,8,16,8,16,24,0,0,0,92665,89075,42089,41089
4497,1683002,1682984,18,18,2,12,6,12,6,18,0,0,0,92683,89093,42101,41101
4498,1683751,1683724,28,26,3,13,15,11,15,25,1,0,0,92711,89119,42114,41112
4499,1684500,1684473,27,27,2,18,9,18,9,27,0,0,0,92738,89146,42132,41130
4500,1685250,1685207,44,42,3,4,40,4,38,41,1,0,0,92782,89188,42136,41134
4501,1685999,1685977,22,22,2,13,9,13,9,22,0,0,0,92804,89210,42149,41147
4502,1686749,1686729,21,19,3,11,10,10,9,18,1,0,0,92825,89229,42160,41157
4503,1687499,1687462,37,37,2,17,20,17,20,37,0,0,0,92862,89266,42177,41174
4504,1688249,1688216,33,33,2,14,19,14,19,33,0,0,0,92895,89299,42191,41188
4505,1688999,1688962,38,36,3,24,14,24,12,35,1,0,0,92933,89335,42215,41212
4506,1689750,1689711,39,39,2,8,31,8,31,39,0,0,0,92972,89374,42223,41220
4507,1690500,1690487,13,13,2,13,0,13,0,13,0,0,0,92985,89387,42236,41233
4508,1691251,1691181,74,66,3,21,53,20,46,62,4,0,0,93059,89453,42257,41253
4509,1692002,1691985,18,16,3,11,7,9,7,15,1,0,0,93077,89469,42268,41262
4510,1692753,1692707,46,46,2,13,33,13,33,46,0,0,0,93123,89515,42281,41275
4511,1693504,1693492,12,12,2,9,3,9,3,12,0,0,0,93135,89527,42290,41284
4512,1694256,1694199,60,54,3,10,50,9,45,51,3,0,0,93195,89581,42300,41293
4513,1695007,1694998,9,9,2,9,0,9,0,9,0,0,0,93204,89590,42309,41302
4514,1695759,1695720,40,38,3,20,20,19,19,37,1,0,0,93244,89628,42329,41321
4515,1696511,1696453,59,57,3,20,39,19,38,56,1,0,0,93303,89685,42349,41340
4516,1697263,1697230,34,32,3,12,22,12,20,31,1,0,0,93337,89717,42361,41352
4517,1698015,1698000,15,15,2,15,0,15,0,15,0,0,0,93352,89732,42376,41367
4518,1698768,1698737,31,31,2,8,23,8,23,31,0,0,0,93383,89763,42384,41375
4519,1699520,1699506,14,14,2,14,0,14,0,14,0,0,0,93397,89777,42398,41389
4520,1700273,1700236,37,37,2,10,27,10,27,37,0,0,0,93434,89814,42408,41399
4521,1701026,1700997,29,29,2,19,10,19,10,29,0,0,0,93463,89843,42427,41418
4522,1701779,1701720,61,57,3,8,53,8,49,55,2,0,0,93524,89900,42435,41426
4523,1702532,1702518,14,14,2,14,0,14,0,14,0,0,0,93538,89914,42449,41440
4524,1703286,1703212,78,71,4,23,55,23,48,69,1,1,0,93616,89985,42472,41463
4525,1704039,1704020,19,19,2,11,8,11,8,19,0,0,0,93635,90004,42483,41474
4526,1704793,1704751,43,41,3,22,21,21,20,40,1,0,0,93678,90045,42505,41495
4527,1705547,1705531,16,16,2,6,10,6,10,16,0,0,0,93694,90061,42511,41501
4528,1706301,1706273,28,28,2,6,22,6,22,28,0,0,0,93722,90089,42517,41507
4529,1707055,1707037,18,18,2,12,6,12,6,18,0,0,0,93740,90107,42529,41519
4530,1707810,1707768,42,42,2,12,30,12,30,42,0,0,0,93782,90149,42541,41531
4531,1708564,1708543,21,21,2,19,2,19,2,21,0,0,0,93803,90170,42560,41550
4532,1709319,1709282,37,37,2,14,23,14,23,37,0,0,0,93840,90207,42574,41564
4533,1710074,1710057,17,17,2,12,5,12,5,17,0,0,0,93857,90224,42586,41576
4534,1710829,1710807,22,22,2,4,18,4,18,22,0,0,0,93879,90246,42590,41580
4535,1711584,1711564,20,20,2,14,6,14,6,20,0,0,0,93899,90266,42604,41594
4536,1712340,1712275,68,62,3,14,54,14,48,59,3,0,0,93967,90328,42618,41608
4537,1713095,1713062,34,32,3,28,6,26,6,31,1,0,0,94001,90360,42646,41634
4538,1713851,1713825,26,26,2,10,16,10,16,26,0,0,0,94027,90386,42656,41644
4539,1714607,1714571,39,34,4,22,17,20,14,33,0,1,0,94066,90420,42678,41664
4540,1715363,1715337,26,26,2,11,15,11,15,26,0,0,0,94092,90446,42689,41675
4541,1716119,1716105,14,14,2,12,2,12,2,14,0,0,0,94106,90460,42701,41687
4542,1716876,1716850,27,25,3,4,23,4,21,24,1,0,0,94133,90485,42705,41691
4543,1717632,1717608,28,21,4,18,10,15,6,19,1,1,0,94161,90506,42723,41706
4544,1718389,1718363,26,26,2,6,20,6,20,26,0,0,0,94187,90532,42729,41712
4545,1719146,1719109,38,36,3,16,22,15,21,35,1,0,0,94225,90568,42745,41727
4546,1719903,1719875,28,28,2,15,13,15,13,28,0,0,0,94253,90596,42760,41742
4547,1720660,1720646,14,14,2,14,0,14,0,14,0,0,0,94267,90610,42774,41756
4548,1721418,1721365,53,53,2,12,41,12,41,53,0,0,0,94320,90663,42786,41768
4549,1722175,1722163,12,12,2,12,0,12,0,12,0,0,0,94332,90675,42798,41780
4550,1722933,1722862,71,71,2,20,51,20,51,71,0,0,0,94403,90746,42818,41800
4551,1723691,1723670,21,21,2,10,11,10,11,21,0,0,0,94424,90767,42828,41810
4552,1724449,1724423,27,25,3,9,18,8,17,24,1,0,0,94451,90792,42837,41818
4553,1725207,1725186,21,21,2,16,5,16,5,21,0,0,0,94472,90813,42853,41834
4554,1725966,1725903,66,60,3,13,53,13,47,57,3,0,0,94538,90873,42866,41847
4555,1726724,1726706,18,18,2,10,8,10,8,18,0,0,0,94556,90891,42876,41857
4556,1727483,1727432,52,50,3,20,32,19,31,49,1,0,0,94608,90941,42896,41876
4557,1728242,1728171,73,69,3,33,40,33,36,67,2,0,0,94681,91010,42929,41909
4558,1729001,1728970,31,31,2,15,16,15,16,31,0,0,0,94712,91041,42944,41924
4559,1729760,1729740,21,19,3,18,3,16,3,18,1,0,0,94733,91060,42962,41940
4560,1730520,1730436,90,78,3,12,78,11,67,72,6,0,0,94823,91138,42974,41951
4561,1731279,1731263,16,16,2,16,0,16,0,16,0,0,0,94839,91154,42990,41967
4562,1732039,1732005,34,34,2,16,18,16,18,34,0,0,0,94873,91188,43006,41983
4563,1732799,1732744,57,53,3,20,37,20,33,51,2,0,0,94930,91241,43026,42003
4564,1733559,1733522,37,37,2,12,25,12,25,37,0,0,0,94967,91278,43038,42015
4565,1734319,1734284,35,35,2,15,20,15,20,35,0,0,0,95002,91313,43053,42030
4566,1735080,1735045,35,35,2,12,23,12,23,35,0,0,0,95037,91348,43065,42042
4567,1735840,1735828,12,12,2,12,0,12,0,12,0,0,0,95049,91360,43077,42054
4568,1736601,1736574,28,26,3,7,21,7,19,25,1,0,0,95077,91386,43084,42061
4569,1737362,1737339,23,23,2,13,10,13,10,23,0,0,0,95100,91409,43097,42074
4570,1738123,1738093,30,30,2,12,18,12,18,30,0,0,0,95130,91439,43109,42086
4571,1738884,1738866,18,18,2,12,6,12,6,18,0,0,0,95148,91457,43121,42098
4572,1739646,1739593,53,53,2,10,43,10,43,53,0,0,0,95201,91510,43131,42108
4573,1740407,1740384,24,22,3,19,5,17,5,21,1,0,0,95225,91532,43150,42125
4574,1741169,1741149,20,20,2,9,11,9,11,20,0,0,0,95245,91552,43159,42134
4575,1741931,1741901,30,30,2,9,21,9,21,30,0,0,0,95275,91582,43168,42143
4576,1742693,1742622,76,66,3,15,61,13,53,61,5,0,0,95351,91648,43183,42156
4577,1743455,1743441,14,14,2,14,0,14,0,14,0,0,0,95365,91662,43197,42170
4578,1744218,1744165,53,53,2,11,42,11,42,53,0,0,0,95418,91715,43208,42181
4579,1744980,1744962,18,18,2,13,5,13,5,18,0,0,0,95436,91733,43221,42194
4580,1745743,1745703,40,40,2,11,29,11,29,40,0,0,0,95476,91773,43232,42205
4581,1746506,1746490,16,16,2,9,7,9,7,16,0,0,0,95492,91789,43241,42214
4582,1747269,1747239,30,30,2,9,21,9,21,30,0,0,0,95522,91819,43250,42223
4583,1748032,1748018,14,14,2,14,0,14,0,14,0,0,0,95536,91833,43264,42237
4584,1748796,1748762,36,32,3,7,29,6,26,30,2,0,0,95572,91865,43271,42243
4585,1749559,1749534,26,24,3,15,11,15,9,23,1,0,0,95598,91889,43286,42258
4586,1750323,1750305,18,18,2,10,8,10,8,18,0,0,0,95616,91907,43296,42268
4587,1751087,1751053,35,33,3,18,17,18,15,32,1,0,0,95651,91940,43314,42286
4588,1751851,1751802,50,48,3,20,30,20,28,47,1,0,0,95701,91988,43334,42306
4589,1752615,1752594,21,21,2,18,3,18,3,21,0,0,0,95722,92009,43352,42324
4590,1753380,1753317,64,62,3,9,55,9,53,61,1,0,0,95786,92071,43361,42333
4591,1754144,1754127,17,17,2,17,0,17,0,17,0,0,0,95803,92088,43378,42350
4592,1754909,1754864,49,42,4,15,34,13,29,40,1,1,0,95852,92130,43393,42363
4593,1755674,1755651,23,23,2,12,11,12,11,23,0,0,0,95875,92153,43405,42375
4594,1756439,1756417,22,22,2,9,13,9,13,22,0,0,0,95897,92175,43414,42384
4595,1757204,1757182,22,22,2,16,6,16,6,22,0,0,0,95919,92197,43430,42400
4596,1757970,1757930,42,38,3,11,31,11,27,36,2,0,0,95961,92235,43441,42411
4597,1758735,1758722,13,13,2,13,0,13,0,13,0,0,0,95974,92248,43454,42424
4598,1759501,1759467,38,31,4,13,25,13,18,29,1,1,0,96012,92279,43467,42437
4599,1760267,1760227,40,40,2,17,23,17,23,40,0,0,0,96052,92319,43484,42454
4600,1761033,1760971,73,57,6,13,60,12,45,55,1,0,1,96125,92376,43497,42466
4601,1761799,1761778,21,21,2,17,4,17,4,21,0,0,0,96146,92397,43514,42483
4602,1762566,1762518,51,45,3,13,38,13,32,42,3,0,0,96197,92442,43527,42496
4603,1763332,1763316,16,16,2,16,0,16,0,16,0,0,0,96213,92458,43543,42512
4604,1764099,1764077,22,22,2,8,14,8,14,22,0,0,0,96235,92480,43551,42520
4605,1764866,1764829,38,36,3,15,23,15,21,35,1,0,0,96273,92516,43566,42535
4606,1765633,1765590,43,43,2,15,28,15,28,43,0,0,0,96316,92559,43581,42550
4607,1766400,1766378,22,22,2,16,6,16,6,22,0,0,0,96338,92581,43597,42566
4608,1767168,1767136,32,32,2,10,22,10,22,32,0,0,0,96370,92613,43607,42576
4609,1767935,1767913,22,22,2,18,4,18,4,22,0,0,0,96392,92635,43625,42594
4610,1768703,1768675,28,28,2,7,21,7,21,28,0,0,0,96420,92663,43632,42601
4611,1769471,1769438,33,33,2,17,16,17,16,33,0,0,0,96453,92696,43649,42618
4612,1770239,1770215,24,24,2,10,14,10,14,24,0,0,0,96477,92720,43659,42628
4613,1771007,1770997,10,10,2,5,5,5,5,10,0,0,0,96487,92730,43664,42633
4614,1771776,1771744,32,32,2,12,20,12,20,32,0,0,0,96519,92762,43676,42645
4615,1772544,1772511,33,33,2,17,16,17,16,33,0,0,0,96552,92795,43693,42662
4616,1773313,1773288,25,25,2,4,21,4,21,25,0,0,0,96577,92820,43697,42666
4617,1774082,1774052,33,28,4,16,17,14,14,27,0,1,0,96610,92848,43713,42680
4618,1774851,1774825,26,26,2,12,14,12,14,26,0,0,0,96636,92874,43725,42692
4619,1775620,1775607,13,13,2,11,2,11,2,13,0,0,0,96649,92887,43736,42703
4620,1776390,1776301,91,87,3,16,75,15,72,85,2,0,0,96740,92974,43752,42718
4621,1777159,1777137,22,22,2,22,0,22,0,22,0,0,0,96762,92996,43774,42740
4622,1777929,1777904,25,25,2,7,18,7,18,25,0,0,0,96787,93021,43781,42747
4623,1778699,1778665,34,34,2,16,18,16,18,34,0,0,0,96821,93055,43797,42763
4624,1779469,1779437,34,30,3,4,30,4,26,28,2,0,0,96855,93085,43801,42767
4625,1780239,1780218,21,21,2,13,8,13,8,21,0,0,0,96876,93106,43814,42780
4626,1781010,1780983,27,27,2,5,22,5,22,27,0,0,0,96903,93133,43819,42785
4627,1781780,1781747,34,32,3,23,11,23,9,31,1,0,0,96937,93165,43842,42808
4628,1782551,1782517,34,34,2,11,23,11,23,34,0,0,0,96971,93199,43853,42819
4629,1783322,1783291,31,31,2,14,17,14,17,31,0,0,0,97002,93230,43867,42833
4630,1784093,1784055,38,38,2,13,25,13,25,38,0,0,0,97040,93268,43880,42846
4631,1784864,1784833,31,31,2,25,6,25,6,31,0,0,0,97071,93299,43905,42871
4632,1785636,1785581,55,55,2,10,45,10,45,55,0,0,0,97126,93354,43915,42881
4633,1786407,1786397,10,10,2,9,1,9,1,10,0,0,0,97136,93364,43924,42890
4634,1787179,1787140,39,39,2,18,21,18,21,39,0,0,0,97175,93403,43942,42908
4635,1787951,1787914,38,36,3,19,19,17,19,35,1,0,0,97213,93439,43961,42925
4636,1788723,1788661,65,60,4,25,40,23,37,59,0,1,0,97278,93499,43986,42948
4637,1789495,1789484,11,11,2,11,0,11,0,11,0,0,0,97289,93510,43997,42959
4638,1790268,1790237,31,31,2,10,21,10,21,31,0,0,0,97320,93541,44007,42969
4639,1791040,1791029,11,11,2,11,0,11,0,11,0,0,0,97331,93552,44018,42980
4640,1791813,1791775,39,37,3,9,30,9,28,36,1,0,0,97370,93589,44027,42989
4641,1792586,1792533,54,52,3,18,36,18,34,51,1,0,0,97424,93641,44045,43007
4642,1793359,1793325,34,34,2,13,21,13,21,34,0,0,0,97458,93675,44058,43020
4643,1794132,1794118,14,14,2,14,0,14,0,14,0,0,0,97472,93689,44072,43034
4644,1794906,1794856,50,50,2,10,40,10,40,50,0,0,0,97522,93739,44082,43044
4645,1795679,1795660,19,19,2,13,6,13,6,19,0,0,0,97541,93758,44095,43057
4646,1796453,1796418,35,35,2,16,19,16,19,35,0,0,0,97576,93793,44111,43073
4647,1797227,1797198,29,29,2,18,11,18,11,29,0,0,0,97605,93822,44129,43091
4648,1798001,1797958,43,43,2,7,36,7,36,43,0,0,0,97648,93865,44136,43098
4649,1798775,1798762,13,13,2,13,0,13,0,13,0,0,0,97661,93878,44149,43111
4650,1799550,1799492,61,56,4,10,51,10,46,55,0,1,0,97722,93934,44159,43121
4651,1800324,1800304,20,20,2,20,0,20,0,20,0,0,0,97742,93954,44179,43141
4652,1801099,1801074,25,25,2,7,18,7,18,25,0,0,0,97767,93979,44186,43148
4653,1801874,1801843,32,30,3,13,19,11,19,29,1,0,0,97799,94009,44199,43159
4654,1802649,1802616,33,33,2,19,14,19,14,33,0,0,0,97832,94042,44218,43178
4655,1803424,1803355,73,66,4,38,35,38,28,64,1,1,0,97905,94108,44256,43216
4656,1804200,1804142,58,58,2,16,42,16,42,58,0,0,0,97963,94166,44272,43232
4657,1804975,1804961,15,13,3,15,0,13,0,12,1,0,0,97978,94179,44287,43245
4658,1805751,1805726,25,25,2,7,18,7,18,25,0,0,0,98003,94204,44294,43252
4659,1806527,1806516,11,11,2,6,5,6,5,11,0,0,0,98014,94215,44300,43258
4660,1807303,1807268,35,35,2,13,22,13,22,35,0,0,0,98049,94250,44313,43271
4661,1808079,1808060,19,19,2,18,1,18,1,19,0,0,0,98068,94269,44331,43289
4662,1808856,1808774,86,79,4,19,67,17,62,77,1,1,0,98154,94348,44350,43306
4663,1809632,1809620,12,12,2,12,0,12,0,12,0,0,0,98166,94360,44362,43318
4664,1810409,1810366,43,43,2,20,23,20,23,43,0,0,0,98209,94403,44382,43338
4665,1811186,1811155,32,30,3,12,20,11,19,29,1,0,0,98241,94433,44394,43349
4666,1811963,1811947,16,16,2,9,7,9,7,16,0,0,0,98257,94449,44403,43358
4667,1812740,1812711,32,26,3,27,5,22,4,23,3,0,0,98289,94475,44430,43380
4668,1813518,1813485,33,33,2,7,26,7,26,33,0,0,0,98322,94508,44437,43387
4669,1814295,1814259,40,33,4,35,5,28,5,31,1,1,0,98362,94541,44472,43415
4670,1815073,1815054,19,19,2,6,13,6,13,19,0,0,0,98381,94560,44478,43421
4671,1815851,1815840,11,11,2,7,4,7,4,11,0,0,0,98392,94571,44485,43428
4672,1816629,1816605,28,21,4,11,17,8,13,19,1,1,0,98420,94592,44496,43436
4673,1817407,1817397,10,10,2,10,0,10,0,10,0,0,0,98430,94602,44506,43446
4674,1818186,1818146,41,39,3,13,28,13,26,38,1,0,0,98471,94641,44519,43459
4675,1818964,1818924,41,39,3,16,25,16,23,38,1,0,0,98512,94680,44535,43475
4676,1819743,1819708,35,35,2,11,24,11,24,35,0,0,0,98547,94715,44546,43486
4677,1820522,1820495,27,27,2,18,9,18,9,27,0,0,0,98574,94742,44564,43504
4678,1821301,1821287,14,14,2,7,7,7,7,14,0,0,0,98588,94756,44571,43511
4679,1822080,1822069,11,11,2,11,0,11,0,11,0,0,0,98599,94767,44582,43522
4680,1822860,1822758,104,100,3,14,90,15,85,98,2,0,0,98703,94867,44596,43537
4681,1823639,1823613,26,26,2,24,2,24,2,26,0,0,0,98729,94893,44620,43561
4682,1824419,1824394,25,25,2,9,16,9,16,25,0,0,0,98754,94918,44629,43570
4683,1825199,1825165,34,34,2,14,20,14,20,34,0,0,0,98788,94952,44643,43584
4684,1825979,1825938,41,41,2,15,26,15,26,41,0,0,0,98829,94993,44658,43599
4685,1826759,1826741,18,18,2,10,8,10,8,18,0,0,0,98847,95011,44668,43609
4686,1827540,1827481,62,56,3,10,52,10,46,53,3,0,0,98909,95067,44678,43619
4687,1828320,1828300,20,20,2,17,3,17,3,20,0,0,0,98929,95087,44695,43636
4688,1829101,1829077,24,24,2,7,17,7,17,24,0,0,0,98953,95111,44702,43643
4689,1829882,1829862,20,20,2,12,8,12,8,20,0,0,0,98973,95131,44714,43655
4690,1830663,1830611,55,49,3,14,41,13,36,46,3,0,0,99028,95180,44728,43668
4691,1831444,1831432,13,11,3,13,0,11,0,10,1,0,0,99041,95191,44741,43679
4692,1832226,1832168,61,55,3,12,49,12,43,52,3,0,0,99102,95246,44753,43691
4693,1833007,1832952,55,55,2,47,8,47,8,55,0,0,0,99157,95301,44800,43738
4694,1833789,1833767,22,22,2,14,8,14,8,22,0,0,0,99179,95323,44814,43752
4695,1834571,1834536,35,35,2,15,20,15,20,35,0,0,0,99214,95358,44829,43767
4696,1835353,1835331,22,22,2,9,13,9,13,22,0,0,0,99236,95380,44838,43776
4697,1836135,1836086,50,48,3,36,14,36,12,47,1,0,0,99286,95428,44874,43812
4698,1836918,1836868,54,47,4,12,42,13,34,45,1,1,0,99340,95475,44886,43825
4699,1837700,1837675,26,24,3,24,2,22,2,23,1,0,0,99366,95499,44910,43847
4700,1838483,1838442,44,39,4,12,32,8,31,38,0,1,0,99410,95538,44922,43855
4701,1839266,1839250,16,16,2,9,7,9,7,16,0,0,0,99426,95554,44931,43864
4702,1840049,1840027,22,22,2,17,5,17,5,22,0,0,0,99448,95576,44948,43881
4703,1840832,1840823,9,9,2,9,0,9,0,9,0,0,0,99457,95585,44957,43890
4704,1841616,1841542,78,70,3,13,65,13,57,66,4,0,0,99535,95655,44970,43903
4705,1842399,1842386,13,13,2,10,3,10,3,13,0,0,0,99548,95668,44980,43913
4706,1843183,1843135,51,46,4,22,29,20,26,45,0,1,0,99599,95714,45002,43933
4707,1843967,1843937,30,30,2,19,11,19,11,30,0,0,0,99629,95744,45021,43952
4708,1844751,1844713,38,38,2,12,26,12,26,38,0,0,0,99667,95782,45033,43964
4709,1845535,1845514,21,21,2,19,2,19,2,21,0,0,0,99688,95803,45052,43983
4710,1846320,1846263,57,57,2,10,47,10,47,57,0,0,0,99745,95860,45062,43993
4711,1847104,1847089,15,15,2,10,5,10,5,15,0,0,0,99760,95875,45072,44003
4712,1847889,1847811,80,76,3,33,47,31,45,74,2,0,0,99840,95951,45105,44034
4713,1848674,1848652,22,22,2,18,4,18,4,22,0,0,0,99862,95973,45123,44052
4714,1849459,1849440,19,19,2,9,10,9,10,19,0,0,0,99881,95992,45132,44061
4715,1850244,1850218,26,26,2,13,13,13,13,26,0,0,0,99907,96018,45145,44074
4716,1851030,1850975,57,53,3,13,44,11,42,51,2,0,0,99964,96071,45158,44085
4717,1851815,1851791,24,24,2,20,4,20,4,24,0,0,0,99988,96095,45178,44105
4718,1852601,1852573,28,28,2,14,14,14,14,28,0,0,0,100016,96123,45192,44119
4719,1853387,1853345,43,41,3,15,28,15,26,40,1,0,0,100059,96164,45207,44134
4720,1854173,1854141,34,30,3,11,23,10,20,28,2,0,0,100093,96194,45218,44144
4721,1854959,1854950,9,9,2,9,0,9,0,9,0,0,0,100102,96203,45227,44153
4722,1855746,1855716,30,30,2,14,16,14,16,30,0,0,0,100132,96233,45241,44167
4723,1856532,1856512,20,20,2,20,0,20,0,20,0,0,0,100152,96253,45261,44187
4724,1857319,1857301,18,18,2,5,13,5,13,18,0,0,0,100170,96271,45266,44192
4725,1858106,1858053,55,51,3,9,46,9,42,49,2,0,0,100225,96322,45275,44201
4726,1858893,1858848,45,45,2,15,30,15,30,45,0,0,0,100270,96367,45290,44216
4727,1859680,1859660,21,19,3,20,1,18,1,18,1,0,0,100291,96386,45310,44234
4728,1860468,1860423,45,45,2,5,40,5,40,45,0,0,0,100336,96431,45315,44239
4729,1861255,1861241,14,14,2,14,0,14,0,14,0,0,0,100350,96445,45329,44253
4730,1862043,1861983,63,57,3,15,48,14,43,54,3,0,0,100413,96502,45344,44267
4731,1862831,1862808,23,23,2,10,13,10,13,23,0,0,0,100436,96525,45354,44277
4732,1863619,1863537,84,80,3,27,57,27,53,78,2,0,0,100520,96605,45381,44304
4733,1864407,1864394,13,13,2,13,0,13,0,13,0,0,0,100533,96618,45394,44317
4734,1865196,1865164,32,32,2,6,26,6,26,32,0,0,0,100565,96650,45400,44323
4735,1865984,1865967,17,17,2,10,7,10,7,17,0,0,0,100582,96667,45410,44333
4736,1866773,1866734,40,38,3,12,28,12,26,37,1,0,0,100622,96705,45422,44345
4737,1867562,1867548,14,14,2,10,4,10,4,14,0,0,0,100636,96719,45432,44355
4738,1868351,1868320,31,31,2,12,19,12,19,31,0,0,0,100667,96750,45444,44367
4739,1869140,1869122,18,18,2,11,7,11,7,18,0,0,0,100685,96768,45455,44378
4740,1869930,1869856,74,74,2,13,61,13,61,74,0,0,0,100759,96842,45468,44391
4741,1870719,1870694,25,25,2,21,4,21,4,25,0,0,0,100784,96867,45489,44412
4742,1871509,1871487,22,22,2,6,16,6,16,22,0,0,0,100806,96889,45495,44418
4743,1872299,1872251,48,48,2,23,25,23,25,48,0,0,0,100854,96937,45518,44441
4744,1873089,1873057,32,32,2,13,19,13,19,32,0,0,0,100886,96969,45531,44454
4745,1873879,1873838,42,40,3,22,20,21,19,39,1,0,0,100928,97009,45553,44475
4746,1874670,1874636,34,34,2,11,23,11,23,34,0,0,0,100962,97043,45564,44486
4747,1875460,1875443,17,17,2,16,1,16,1,17,0,0,0,100979,97060,45580,44502
4748,1876251,1876231,20,20,2,6,14,6,14,20,0,0,0,100999,97080,45586,44508
4749,1877042,1877025,17,17,2,11,6,11,6,17,0,0,0,101016,97097,45597,44519
4750,1877833,1877800,35,31,3,6,29,6,25,29,2,0,0,101051,97128,45603,44525
4751,1878624,1878618,6,6,2,6,0,6,0,6,0,0,0,101057,97134,45609,44531
4752,1879416,1879354,66,59,4,11,55,11,48,57,1,1,0,101123,97193,45620,44542
4753,1880207,1880162,45,45,2,33,12,33,12,45,0,0,0,101168,97238,45653,44575
4754,1880999,1880974,25,25,2,16,9,16,9,25,0,0,0,101193,97263,45669,44591
4755,1881791,1881769,22,22,2,11,11,11,11,22,0,0,0,101215,97285,45680,44602
4756,1882583,1882541,45,39,3,9,36,9,30,36,3,0,0,101260,97324,45689,44611
4757,1883375,1883359,17,15,3,16,1,14,1,14,1,0,0,101277,97339,45705,44625
4758,1884168,1884107,62,60,3,14,48,14,46,59,1,0,0,101339,97399,45719,44639
4759,1884960,1884953,7,7,2,7,0,7,0,7,0,0,0,101346,97406,45726,44646
4760,1885753,1885685,70,66,3,15,55,15,51,64,2,0,0,101416,97472,45741,44661
4761,1886546,1886520,26,26,2,10,16,10,16,26,0,0,0,101442,97498,45751,44671
4762,1887339,1887323,16,16,2,7,9,7,9,16,0,0,0,101458,97514,45758,44678
4763,1888132,1888110,22,22,2,13,9,13,9,22,0,0,0,101480,97536,45771,44691
4764,1888926,1888875,51,51,2,12,39,12,39,51,0,0,0,101531,97587,45783,44703
4765,1889719,1889702,17,17,2,14,3,14,3,17,0,0,0,101548,97604,45797,44717
4766,1890513,1890494,19,19,2,8,11,8,11,19,0,0,0,101567,97623,45805,44725
4767,1891307,1891281,26,26,2,12,14,12,14,26,0,0,0,101593,97649,45817,44737
4768,1892101,1892069,33,31,3,8,25,8,23,30,1,0,0,101626,97680,45825,44745
4769,1892895,1892881,14,14,2,14,0,14,0,14,0,0,0,101640,97694,45839,44759
4770,1893690,1893642,48,48,2,12,36,12,36,48,0,0,0,101688,97742,45851,44771
4771,1894484,1894467,17,17,2,11,6,11,6,17,0,0,0,101705,97759,45862,44782
4772,1895279,1895244,36,34,3,12,24,12,22,33,1,0,0,101741,97793,45874,44794
4773,1896074,1896027,48,46,3,25,23,24,22,45,1,0,0,101789,97839,45899,44818
4774,1896869,1896792,78,76,3,27,51,27,49,75,1,0,0,101867,97915,45926,44845
4775,1897664,1897643,23,19,3,14,9,13,6,17,2,0,0,101890,97934,45940,44858
4776,1898460,1898409,51,51,2,16,35,16,35,51,0,0,0,101941,97985,45956,44874
4777,1899255,1899243,12,12,2,9,3,9,3,12,0,0,0,101953,97997,45965,44883
4778,1900051,1900016,35,35,2,20,15,20,15,35,0,0,0,101988,98032,45985,44903
4779,1900847,1900817,31,29,3,19,12,19,10,28,1,0,0,102019,98061,46004,44922
4780,1901643,1901603,40,40,2,14,26,14,26,40,0,0,0,102059,98101,46018,44936
4781,1902439,1902428,11,11,2,4,7,4,7,11,0,0,0,102070,98112,46022,44940
4782,1903236,1903212,24,24,2,9,15,9,15,24,0,0,0,102094,98136,46031,44949
4783,1904032,1904015,17,17,2,17,0,17,0,17,0,0,0,102111,98153,46048,44966
4784,1904829,1904777,53,51,3,15,38,15,36,50,1,0,0,102164,98204,46063,44981
4785,1905626,1905586,42,38,3,15,27,15,23,36,2,0,0,102206,98242,46078,44996
4786,1906423,1906409,14,14,2,8,6,8,6,14,0,0,0,102220,98256,46086,45004
4787,1907220,1907207,13,13,2,13,0,13,0,13,0,0,0,102233,98269,46099,45017
4788,1908018,1907900,119,117,3,15,104,15,102,116,1,0,0,102352,98386,46114,45032
4789,1908815,1908804,11,11,2,11,0,11,0,11,0,0,0,102363,98397,46125,45043
4790,1909613,1909579,34,34,2,12,22,12,22,34,0,0,0,102397,98431,46137,45055
4791,1910411,1910387,24,24,2,11,13,11,13,24,0,0,0,102421,98455,46148,45066
4792,1911209,1911179,30,30,2,12,18,12,18,30,0,0,0,102451,98485,46160,45078
4793,1912007,1912000,7,7,2,7,0,7,0,7,0,0,0,102458,98492,46167,45085
4794,1912806,1912755,52,50,3,13,39,13,37,49,1,0,0,102510,98542,46180,45098
4795,1913604,1913580,24,24,2,13,11,13,11,24,0,0,0,102534,98566,46193,45111
4796,1914403,1914358,46,44,3,16,30,15,29,43,1,0,0,102580,98610,46209,45126
4797,1915202,1915156,49,44,4,19,30,15,29,43,0,1,0,102629,98654,46228,45141
4798,1916001,1915975,26,26,2,17,9,17,9,26,0,0,0,102655,98680,46245,45158
4799,1916800,1916795,5,5,2,5,0,5,0,5,0,0,0,102660,98685,46250,45163
4800,1917600,1917542,59,57,3,4,55,4,53,56,1,0,0,102719,98742,46254,45167
