18 3 4 | 3 3 12 | 2 8 8
20 1 2 | 4 8 8 | 5 5 10
26 13 30 | 5 6 15 | 4 10 12
31 5 12 | 5 6 20 | 4 9 18
32 11 28 | 5 7 20 | 4 14 14
34 13 42 | 7 9 18 | 6 14 14
35 1 3 | 7 7 21 | 5 15 15
36 3 10 | 6 15 15 | 8 8 20
36 3 8 | 6 6 24 | 4 16 16
37 37 60 | 3 4 30 | 2 15 20
38 19 42 | 4 6 28 | 3 14 21
39 17 63 | 9 9 21 | 7 14 18
40 1 4 | 10 10 20 | 8 16 16
42 7 30 | 10 12 20 | 9 15 18
43 43 120 | 5 8 30 | 4 15 24
45 3 7 | 3 21 21 | 5 5 35
52 13 60 | 8 20 24 | 10 12 30
53 7 20 | 5 8 40 | 4 14 35
53 5 12 | 4 7 42 | 3 20 30
54 1 4 | 9 9 36 | 6 24 24
55 8 35 | 7 20 28 | 10 10 35
56 1 6 | 16 16 24 | 14 21 21
57 47 180 | 6 15 36 | 8 9 40
58 19 90 | 9 14 35 | 10 12 36
60 1 6 | 12 24 24 | 15 15 30
61 22 117 | 12 13 36 | 9 26 26
61 29 105 | 7 9 45 | 5 21 35
62 23 130 | 13 14 35 | 10 26 26
62 5 24 | 10 12 40 | 8 18 36
62 31 140 | 7 20 35 | 8 14 40
63 21 88 | 8 11 44 | 6 24 33
64 11 56 | 8 28 28 | 10 14 40
64 73 360 | 8 20 36 | 9 15 40
64 7 30 | 7 15 42 | 9 10 45
66 1 6 | 11 22 33 | 12 18 36
68 13 84 | 14 18 36 | 12 28 28
69 3 20 | 14 20 35 | 15 18 36
70 1 6 | 10 30 30 | 14 14 42
70 7 22 | 4 22 44 | 5 10 55
71 59 220 | 8 8 55 | 5 22 44
72 3 20 | 16 16 40 | 12 30 30
72 3 16 | 8 32 32 | 12 12 48
73 8 45 | 9 24 40 | 10 18 45
73 73 280 | 7 10 56 | 5 28 40
74 11 60 | 10 16 48 | 9 20 45
74 37 120 | 4 30 40 | 6 8 60
75 31 180 | 10 20 45 | 9 30 36
76 19 84 | 6 28 42 | 8 12 56
77 1 5 | 11 11 55 | 7 35 35
78 17 126 | 14 28 36 | 18 18 42
78 29 210 | 15 21 42 | 14 24 40
78 13 90 | 12 30 36 | 15 18 45
79 2 15 | 15 24 40 | 14 30 35
80 1 8 | 16 32 32 | 20 20 40
82 25 126 | 7 30 45 | 8 18 56
83 26 133 | 7 38 38 | 8 19 56
84 7 60 | 20 24 40 | 18 30 36
84 3 10 | 4 40 40 | 7 7 70
84 7 18 | 3 27 54 | 4 8 72
85 11 35 | 5 10 70 | 4 21 60
86 89 504 | 8 36 42 | 9 21 56
86 43 240 | 10 16 60 | 8 30 48
86 43 198 | 9 11 66 | 6 36 44
86 37 140 | 8 8 70 | 5 21 60
87 9 55 | 10 22 55 | 9 33 45
87 61 315 | 9 15 63 | 7 35 45
88 61 468 | 18 18 52 | 13 36 39
88 5 26 | 7 39 42 | 10 13 65
89 43 252 | 9 24 56 | 12 14 63
89 107 360 | 5 12 72 | 4 40 45
90 3 28 | 20 35 35 | 24 24 42
90 3 20 | 15 15 60 | 10 40 40
90 1 6 | 10 20 60 | 9 27 54
90 3 14 | 10 10 70 | 6 42 42
91 91 240 | 3 40 48 | 5 6 80
92 5 42 | 16 28 48 | 15 35 42
92 19 110 | 8 40 44 | 11 15 66
93 5 36 | 12 27 54 | 15 18 60
93 31 195 | 13 15 65 | 9 39 45
94 37 342 | 19 30 45 | 18 38 38
94 23 182 | 14 28 52 | 13 39 42
94 19 120 | 9 40 45 | 10 24 60
95 19 77 | 7 11 77 | 5 35 55
96 11 84 | 12 42 42 | 15 21 60
97 5 44 | 16 33 48 | 20 22 55
97 97 840 | 15 40 42 | 20 21 56
97 3 16 | 9 16 72 | 7 42 48
98 49 330 | 12 20 66 | 10 33 55
98 53 280 | 7 35 56 | 8 20 70
98 7 36 | 7 28 63 | 8 18 72
98 49 90 | 3 5 90 | 2 36 60
100 1 10 | 25 25 50 | 20 40 40
101 17 45 | 5 6 90 | 3 35 63
102 13 126 | 21 27 54 | 18 42 42
103 103 720 | 15 16 72 | 10 45 48
104 13 120 | 20 24 60 | 16 40 48
104 1 6 | 13 13 78 | 8 48 48
105 7 72 | 20 40 45 | 24 27 54
105 1 9 | 21 21 63 | 15 45 45
106 7 40 | 8 28 70 | 10 16 80
106 5 24 | 6 40 60 | 8 14 84
107 73 440 | 8 44 55 | 11 16 80
107 113 616 | 7 44 56 | 8 22 77
107 89 360 | 8 9 90 | 5 30 72
108 1 10 | 18 45 45 | 24 24 60
108 1 8 | 12 48 48 | 18 18 72
109 31 220 | 11 28 70 | 10 44 55
109 5 33 | 11 21 77 | 9 45 55
110 1 12 | 30 40 40 | 33 33 44
110 4 35 | 14 40 56 | 20 20 70
111 37 180 | 6 45 60 | 9 12 90
112 1 12 | 28 42 42 | 32 32 48
112 79 840 | 21 35 56 | 24 28 60
113 107 616 | 8 28 77 | 11 14 88
114 47 360 | 12 30 72 | 16 18 80
114 19 126 | 12 18 84 | 9 42 63
114 19 66 | 4 44 66 | 6 9 99
116 13 140 | 21 35 60 | 20 40 56
116 19 180 | 18 28 70 | 20 24 72
117 1 12 | 27 36 54 | 26 39 52
117 39 440 | 24 33 60 | 22 40 55
117 17 189 | 27 27 63 | 21 42 54
117 39 160 | 6 15 96 | 5 32 80
118 71 440 | 8 55 55 | 10 20 88
120 1 12 | 24 48 48 | 30 30 60
120 3 22 | 16 16 88 | 10 55 55
121 10 63 | 10 21 90 | 9 28 84
122 11 117 | 18 52 52 | 24 26 72
122 29 210 | 14 18 90 | 10 42 70
122 61 260 | 5 52 65 | 8 10 104
124 23 260 | 20 52 52 | 26 28 70
124 5 48 | 20 24 80 | 16 36 72
124 31 280 | 16 28 80 | 14 40 70
124 31 190 | 8 40 76 | 10 19 95
126 3 40 | 35 35 56 | 30 48 48
126 7 90 | 27 45 54 | 30 36 60
126 3 28 | 14 56 56 | 21 21 84
126 21 176 | 16 22 88 | 12 48 66
126 35 234 | 10 26 90 | 9 39 78
127 85 616 | 10 40 77 | 11 28 88
128 11 112 | 16 56 56 | 20 28 80
128 73 720 | 16 40 72 | 18 30 80
128 367 3276 | 14 36 78 | 13 52 63
128 7 60 | 14 30 84 | 18 20 90
129 43 360 | 15 24 90 | 12 45 72
130 13 150 | 20 50 60 | 25 30 75
130 13 126 | 18 28 84 | 15 45 70
130 181 1680 | 15 35 80 | 16 30 84
130 13 90 | 10 30 90 | 9 55 66
131 1 5 | 6 50 75 | 10 11 110
131 3 8 | 3 32 96 | 5 6 120
132 1 12 | 24 36 72 | 22 44 66
132 37 360 | 15 45 72 | 16 36 80
132 37 210 | 9 18 105 | 7 50 75
132 17 84 | 6 42 84 | 7 20 105
133 7 40 | 8 25 100 | 7 56 70
133 133 360 | 3 40 90 | 4 9 120
134 67 770 | 20 44 70 | 22 35 77
135 1 7 | 9 63 63 | 15 15 105
135 3 20 | 9 36 90 | 10 25 100
135 3 13 | 5 65 65 | 9 9 117
136 13 168 | 24 56 56 | 28 36 72
136 127 1540 | 22 44 70 | 21 55 60
136 1 10 | 15 55 66 | 16 40 80 | 17 34 85
136 43 420 | 15 44 77 | 18 28 90
136 1 6 | 8 32 96 | 11 15 110
137 17 144 | 16 22 99 | 12 45 80
137 1 7 | 9 56 72 | 12 20 105
138 3 40 | 30 36 72 | 28 40 70
138 47 546 | 21 39 78 | 26 28 84
138 83 630 | 15 18 105 | 10 56 72
139 139 1680 | 24 35 80 | 21 48 70
139 46 465 | 18 31 90 | 15 62 62
139 1 9 | 18 22 99 | 14 35 90
139 59 336 | 9 18 112 | 7 48 84
139 47 168 | 4 63 72 | 5 14 120
140 1 14 | 35 35 70 | 28 56 56
140 1 12 | 20 60 60 | 28 28 84
140 7 60 | 15 25 100 | 12 48 80
140 7 44 | 10 20 110 | 8 44 88
141 19 180 | 20 22 99 | 15 36 90
142 17 210 | 21 55 66 | 28 30 84
142 13 126 | 21 22 99 | 14 56 72
142 59 440 | 16 16 110 | 10 44 88
143 1 15 | 35 45 63 | 39 39 65 | 33 55 55
143 19 180 | 14 45 84 | 18 25 100
143 1 8 | 13 26 104 | 11 44 88
143 13 99 | 11 33 99 | 15 18 110
144 3 40 | 24 60 60 | 32 32 80
144 3 32 | 24 24 96 | 16 64 64
145 1 12 | 20 50 75 | 24 33 88
146 11 126 | 18 56 72 | 21 35 90
146 4 45 | 20 36 90 | 18 48 80
146 107 880 | 11 55 80 | 16 20 110
146 73 560 | 10 56 80 | 14 20 112
147 5 72 | 28 56 63 | 30 45 72
147 14 195 | 26 55 66 | 30 39 78
147 32 315 | 14 63 70 | 15 42 90
147 7 60 | 14 28 105 | 12 45 90
147 4 33 | 15 22 110 | 12 36 99
148 11 120 | 18 40 90 | 20 32 96
148 37 240 | 8 60 80 | 12 16 120
148 37 130 | 5 13 130 | 4 40 104
149 17 168 | 20 24 105 | 14 63 72
150 31 360 | 20 40 90 | 18 60 72
151 773 5040 | 9 30 112 | 8 63 80
152 59 868 | 31 44 77 | 28 62 62
152 1 12 | 19 57 76 | 24 32 96
152 19 168 | 12 56 84 | 16 24 112
153 211 1560 | 13 20 120 | 10 39 104
154 7 90 | 24 40 90 | 21 63 70
154 1 10 | 22 22 110 | 14 70 70
155 31 504 | 40 45 70 | 36 56 63
155 1 12 | 20 45 90 | 25 30 100
156 17 252 | 36 36 84 | 28 56 72
156 29 420 | 28 48 80 | 30 42 84
156 13 180 | 24 60 72 | 30 36 90
156 13 168 | 28 32 96 | 21 63 72
156 169 1680 | 16 35 105 | 20 24 112
156 3 28 | 16 28 112 | 13 52 91
157 11 180 | 40 45 72 | 36 55 66
157 503 5040 | 16 36 105 | 14 63 80
157 23 180 | 11 36 110 | 10 63 84
157 157 1080 | 9 40 108 | 10 27 120
157 157 924 | 11 14 132 | 7 66 84
158 1 15 | 28 60 70 | 30 48 80
158 79 1092 | 24 56 78 | 28 39 91
158 73 770 | 15 66 77 | 20 28 110
158 47 370 | 10 74 74 | 11 37 110
159 7 60 | 12 42 105 | 15 24 120
159 5 36 | 9 60 90 | 12 21 126
160 1 16 | 32 64 64 | 40 40 80
160 11 140 | 25 35 100 | 20 70 70
161 17 280 | 40 44 77 | 35 56 70
161 31 455 | 26 65 70 | 35 35 91
162 1 12 | 27 27 108 | 18 72 72
162 29 330 | 22 30 110 | 18 45 99
163 11 168 | 28 63 72 | 33 42 88
164 25 252 | 16 36 112 | 14 60 90
165 3 40 | 25 40 100 | 22 55 88
165 8 105 | 30 30 105 | 21 60 84
165 23 168 | 9 72 84 | 10 35 120
166 23 360 | 33 45 88 | 36 40 90
166 11 170 | 28 68 70 | 30 51 85
166 13 133 | 16 38 112 | 14 76 76
167 85 819 | 13 63 91 | 15 35 117
168 1 18 | 42 63 63 | 48 48 72
168 7 120 | 40 48 80 | 36 60 72
168 3 20 | 14 14 140 | 8 80 80
168 7 36 | 8 16 144 | 6 54 108
169 4 55 | 22 70 77 | 25 44 100
169 13 140 | 15 70 84 | 16 48 105
169 169 616 | 4 77 88 | 7 8 154
170 1 18 | 42 56 72 | 45 50 75
170 13 210 | 35 45 90 | 30 70 70
170 1 8 | 17 17 136 | 10 80 80
170 11 70 | 8 42 120 | 10 20 140
170 61 360 | 10 16 144 | 8 27 135
171 47 540 | 24 27 120 | 18 45 108
171 57 595 | 17 35 119 | 15 51 105
171 51 440 | 15 24 132 | 11 80 80
172 89 1008 | 16 72 84 | 18 42 112
172 43 480 | 20 32 120 | 16 60 96
172 43 396 | 12 72 88 | 18 22 132
172 37 280 | 16 16 140 | 10 42 120
172 19 100 | 7 25 140 | 10 12 150
174 19 270 | 27 42 105 | 30 36 108
174 9 110 | 20 44 110 | 18 66 90
174 61 630 | 18 30 126 | 14 70 90
175 7 120 | 35 56 84 | 40 45 90
175 1 15 | 25 75 75 | 35 35 105
175 7 65 | 13 45 117 | 15 30 130
175 53 420 | 14 21 140 | 10 60 105
176 23 408 | 40 51 85 | 36 68 72
176 61 936 | 26 72 78 | 36 36 104
176 1 14 | 22 77 77 | 32 32 112
176 5 52 | 14 78 84 | 20 26 130
176 47 280 | 8 28 140 | 7 65 104
176 29 154 | 7 26 143 | 11 11 154
177 3 56 | 44 56 77 | 42 63 72
177 37 504 | 21 72 84 | 22 56 99
177 139 1008 | 12 21 144 | 9 56 112
178 41 720 | 35 63 80 | 40 48 90
178 43 504 | 24 28 126 | 18 48 112
178 107 720 | 8 80 90 | 10 24 144
179 47 132 | 3 88 88 | 4 10 165
180 3 56 | 40 70 70 | 48 48 84
180 1 18 | 36 72 72 | 45 45 90
180 3 50 | 30 75 75 | 40 40 100
180 73 1050 | 25 50 105 | 24 56 100
180 3 40 | 30 30 120 | 20 80 80
180 1 12 | 18 54 108 | 20 40 120
180 3 28 | 12 84 84 | 20 20 140
180 47 396 | 11 52 117 | 12 36 132
180 131 480 | 4 80 96 | 5 15 160
181 13 168 | 20 56 105 | 21 48 112
181 7 60 | 12 39 130 | 11 60 110
182 1 20 | 52 65 65 | 56 56 70
182 13 210 | 35 42 105 | 28 70 84
182 3 40 | 20 72 90 | 21 56 105
182 91 792 | 11 72 99 | 16 22 144
182 49 418 | 11 57 114 | 12 38 132
182 91 612 | 8 72 102 | 12 17 153
182 91 480 | 10 12 160 | 6 80 96
182 13 66 | 6 44 132 | 7 21 154
183 61 1020 | 30 68 85 | 36 45 102
183 22 351 | 36 39 108 | 27 78 78
183 95 1512 | 35 40 108 | 27 72 84
183 61 840 | 21 72 90 | 28 35 120
183 443 5544 | 18 77 88 | 24 33 126
183 29 315 | 21 27 135 | 15 63 105
184 73 1332 | 36 74 74 | 37 63 84
184 5 84 | 32 56 96 | 30 70 84
184 1 14 | 24 48 112 | 22 63 99
184 19 220 | 22 30 132 | 16 80 88
184 11 120 | 16 48 120 | 15 65 104
185 47 855 | 38 57 90 | 45 45 95
185 37 552 | 30 40 115 | 24 69 92
185 13 144 | 16 52 117 | 15 80 90
185 37 300 | 15 20 150 | 10 75 100
186 17 312 | 39 56 91 | 36 72 78
186 23 390 | 30 78 78 | 39 42 105
186 5 72 | 30 36 120 | 24 54 108
186 31 420 | 21 60 105 | 24 42 120
186 31 390 | 26 30 130 | 18 78 90
186 31 360 | 16 80 90 | 24 27 135
186 53 462 | 11 70 105 | 12 42 132
187 23 440 | 40 70 77 | 44 55 88
187 29 360 | 18 65 104 | 21 40 126
187 1 12 | 17 68 102 | 22 33 132 | 18 52 117
188 17 336 | 45 63 80 | 48 56 84
188 37 684 | 36 76 76 | 38 60 90
188 23 364 | 28 56 104 | 26 78 84
188 19 240 | 18 80 90 | 20 48 120
188 25 234 | 13 45 130 | 12 72 104
189 3 55 | 35 77 77 | 45 45 99
189 23 420 | 35 70 84 | 36 63 90
189 13 180 | 28 35 126 | 24 45 120
189 7 88 | 24 33 132 | 18 72 99
189 97 1008 | 14 63 112 | 21 24 144
189 2 15 | 9 90 90 | 13 20 156
190 19 390 | 52 60 78 | 50 65 75
190 1 14 | 28 36 126 | 21 78 91
190 61 774 | 18 86 86 | 21 43 126
190 19 210 | 15 70 105 | 20 30 140
190 19 154 | 10 70 110 | 14 22 154
191 1 21 | 55 66 70 | 56 63 72
191 53 880 | 33 48 110 | 35 44 112
191 22 315 | 22 70 99 | 30 35 126
191 1 11 | 22 26 143 | 15 66 110
192 11 168 | 24 84 84 | 30 42 120
192 73 1080 | 27 45 120 | 24 60 108
192 7 90 | 21 45 126 | 27 30 135
193 37 616 | 33 48 112 | 28 77 88
193 5 72 | 22 72 99 | 24 52 117
193 271 1428 | 6 68 119 | 8 17 168
194 5 88 | 32 66 96 | 40 44 110
194 97 1680 | 30 80 84 | 40 42 112
194 3 32 | 18 32 144 | 14 84 96
194 97 350 | 5 14 175 | 4 50 140
195 17 315 | 45 45 105 | 35 70 90
195 13 231 | 35 55 105 | 33 63 99
195 39 176 | 5 80 110 | 8 11 176
196 49 1020 | 48 68 80 | 51 60 85
196 7 130 | 35 70 91 | 40 52 104
196 11 180 | 28 63 105 | 36 40 120
196 49 660 | 20 66 110 | 24 40 132
196 53 560 | 14 70 112 | 16 40 140
196 7 72 | 14 56 126 | 16 36 144
196 49 180 | 6 10 180 | 4 72 120
197 17 280 | 28 65 104 | 35 42 120
197 25 308 | 26 28 143 | 22 35 140
198 1 18 | 33 66 99 | 36 54 108
198 3 44 | 33 33 132 | 22 88 88
198 3 16 | 11 11 176 | 6 96 96
200 1 20 | 50 50 100 | 40 80 80
200 71 1330 | 38 57 105 | 35 70 95
200 23 420 | 35 60 105 | 40 48 112
200 121 1260 | 15 45 140 | 14 60 126
200 49 180 | 4 70 126 | 5 15 180
201 67 1092 | 36 39 126 | 26 84 91
201 67 840 | 21 40 140 | 18 63 120
201 9 80 | 12 45 144 | 11 80 110
201 409 2184 | 6 91 104 | 7 26 168
202 37 220 | 10 16 176 | 7 55 140
202 17 90 | 10 12 180 | 6 70 126
204 13 252 | 42 54 108 | 36 84 84
204 71 1260 | 30 84 90 | 35 52 117
204 97 1638 | 28 72 104 | 39 39 126
204 13 210 | 35 39 130 | 28 56 120
204 19 210 | 16 48 140 | 15 63 126
205 1 21 | 44 77 84 | 45 70 90
205 1 18 | 40 45 120 | 36 52 117
206 103 1638 | 26 63 117 | 28 52 126
206 103 1440 | 30 32 144 | 20 90 96
206 43 330 | 10 42 154 | 11 30 165
207 1 20 | 42 60 105 | 45 54 108
207 37 684 | 36 57 114 | 38 52 117
207 1 15 | 27 45 135 | 23 69 115
208 13 240 | 40 48 120 | 32 80 96
208 83 1064 | 28 28 152 | 19 56 133
208 1 12 | 16 96 96 | 26 26 156
208 1 10 | 16 32 160 | 13 65 130
209 1 20 | 40 65 104 | 44 55 110 | 38 76 95
209 47 660 | 20 90 99 | 22 55 132
209 1 9 | 11 99 99 | 19 19 171
210 7 150 | 45 75 90 | 50 60 100
210 7 144 | 40 80 90 | 48 54 108
210 1 18 | 42 42 126 | 30 90 90
210 3 52 | 40 40 130 | 28 91 91
210 21 340 | 25 85 100 | 34 40 136
210 7 78 | 15 65 130 | 18 36 156
210 7 66 | 15 30 165 | 12 66 132
211 13 252 | 42 52 117 | 36 70 105
211 16 231 | 22 63 126 | 26 42 143
211 51 520 | 13 78 120 | 15 40 156
211 211 1456 | 13 16 182 | 8 91 112
212 23 520 | 56 65 91 | 52 80 80
212 17 364 | 44 77 91 | 52 56 104
212 83 1720 | 40 86 86 | 43 65 104
212 7 80 | 20 32 160 | 16 56 140
212 5 48 | 16 28 168 | 12 80 120
213 73 1584 | 45 80 88 | 48 66 99
213 20 399 | 42 57 114 | 38 70 105
213 59 660 | 15 66 132 | 24 24 165
214 67 990 | 26 45 143 | 22 72 120
214 83 1200 | 25 45 144 | 32 32 150
214 73 880 | 22 32 160 | 16 88 110
214 113 1232 | 14 88 112 | 16 44 154
214 89 720 | 16 18 180 | 10 60 144
215 43 600 | 25 40 150 | 20 75 120
215 43 348 | 10 60 145 | 12 29 174
216 3 70 | 56 80 80 | 63 63 90
216 1 20 | 48 48 120 | 36 90 90
216 1 16 | 24 96 96 | 36 36 144
217 7 144 | 42 63 112 | 48 52 117
217 217 3960 | 30 88 99 | 40 45 132
217 5 84 | 35 42 140 | 28 63 126
217 109 1540 | 28 35 154 | 22 55 140
217 119 1100 | 16 25 176 | 12 55 150
218 19 360 | 35 63 120 | 32 90 96
218 71 1078 | 22 98 98 | 26 49 143
218 31 440 | 20 88 110 | 22 56 140
218 5 66 | 18 90 110 | 22 42 154
218 109 1190 | 14 85 119 | 20 28 170
218 35 286 | 10 65 143 | 14 22 182
218 233 1584 | 8 66 144 | 9 33 176
219 8 135 | 30 54 135 | 27 72 120
219 73 912 | 19 48 152 | 18 57 144
219 73 840 | 15 84 120 | 21 30 168
219 73 552 | 9 72 138 | 12 23 184
220 1 24 | 60 80 80 | 66 66 88
220 1 22 | 44 88 88 | 55 55 110
220 17 336 | 36 72 112 | 35 80 105
220 2 35 | 40 40 140 | 28 80 112
220 73 1260 | 35 45 140 | 28 72 120
221 1 21 | 51 51 119 | 39 91 91
221 29 480 | 25 96 100 | 32 45 144
222 37 780 | 45 60 117 | 40 78 104
222 193 3696 | 33 77 112 | 42 48 132
222 11 180 | 27 60 135 | 30 48 144
222 111 1190 | 17 35 170 | 14 68 140
222 43 420 | 12 105 105 | 14 40 168
222 37 360 | 12 90 120 | 18 24 180
224 1 24 | 56 84 84 | 64 64 96
224 79 1680 | 48 56 120 | 42 70 112
224 11 196 | 28 98 98 | 35 49 140
224 7 110 | 26 55 143 | 35 35 154
225 3 70 | 60 60 105 | 56 65 104
225 43 840 | 35 70 120 | 39 56 130
225 31 540 | 27 90 108 | 30 60 135
225 3 35 | 25 25 175 | 15 105 105
226 107 1232 | 16 56 154 | 22 28 176
227 31 693 | 44 84 99 | 45 77 105
228 19 462 | 63 66 99 | 56 84 88
228 47 720 | 32 36 160 | 24 60 144
228 23 330 | 20 88 120 | 30 33 165
228 19 252 | 24 36 168 | 18 84 126
228 57 700 | 16 100 112 | 25 28 175
228 19 132 | 8 88 132 | 12 18 198
229 229 4620 | 35 84 110 | 42 55 132
229 11 216 | 33 88 108 | 40 54 135
229 229 1560 | 10 24 195 | 8 65 156
230 1 14 | 20 70 140 | 23 46 161
230 353 4620 | 22 40 168 | 21 44 165
231 13 315 | 55 77 99 | 63 63 105
231 1 15 | 21 105 105 | 33 33 165
232 11 252 | 52 63 117 | 48 72 112
232 13 280 | 42 70 120 | 40 80 112
232 19 360 | 40 48 144 | 36 56 140
233 703 7280 | 16 35 182 | 13 80 140
233 109 792 | 9 48 176 | 11 24 198
234 1 24 | 54 72 108 | 52 78 104
234 39 880 | 48 66 120 | 44 80 110
234 17 378 | 42 84 108 | 54 54 126
234 29 630 | 45 63 126 | 42 72 120
234 13 270 | 36 90 108 | 45 54 135
234 3 52 | 26 104 104 | 39 39 156
234 95 1638 | 26 91 117 | 36 42 156
234 39 320 | 12 30 192 | 10 64 160
234 39 110 | 3 66 165 | 4 10 220
236 71 880 | 20 40 176 | 16 110 110
237 71 1680 | 48 84 105 | 50 75 112
237 2 45 | 45 72 120 | 42 90 105
237 23 336 | 20 105 112 | 21 72 144
237 79 483 | 9 21 207 | 7 69 161
238 13 294 | 49 63 126 | 42 98 98
238 1 18 | 28 84 126 | 34 51 153
238 101 630 | 7 105 126 | 10 18 210
239 53 1260 | 56 63 120 | 52 70 117
239 191 1449 | 14 18 207 | 9 69 161
240 1 24 | 48 96 96 | 60 60 120
240 3 44 | 20 110 110 | 32 32 176
240 49 660 | 20 55 165 | 18 90 132
241 1 24 | 55 66 120 | 52 72 117
241 94 2205 | 49 72 120 | 45 98 98
241 17 360 | 39 72 130 | 45 56 140
241 23 360 | 28 45 168 | 22 99 120
241 241 2145 | 13 33 195 | 11 65 165
242 157 3960 | 55 88 99 | 60 72 110
242 41 720 | 28 70 144 | 27 80 135
242 5 63 | 20 42 180 | 18 56 168
244 11 234 | 36 104 104 | 48 52 144
244 29 420 | 28 36 180 | 20 84 140
244 29 300 | 20 24 200 | 13 75 156
244 61 520 | 10 104 130 | 16 20 208
245 7 176 | 55 80 110 | 56 77 112
245 1 24 | 56 63 126 | 50 75 120
245 1 21 | 35 105 105 | 49 49 147
245 7 120 | 35 42 168 | 25 100 120
245 19 200 | 20 25 200 | 14 56 175
245 49 396 | 11 36 198 | 10 55 180
245 7 32 | 5 80 160 | 7 14 224
246 37 990 | 70 77 99 | 66 90 90
246 25 378 | 24 54 168 | 21 90 135
247 25 504 | 33 88 126 | 35 72 140
247 247 4620 | 33 60 154 | 30 77 140
247 247 2400 | 12 75 160 | 15 32 200
248 23 520 | 40 104 104 | 52 56 140
248 5 96 | 40 48 160 | 32 72 144
248 31 560 | 28 80 140 | 32 56 160
248 31 380 | 20 38 190 | 16 80 152
248 13 60 | 5 108 135 | 6 22 220
248 829 2340 | 3 65 180 | 4 10 234
249 11 240 | 45 60 144 | 39 80 130
249 26 399 | 24 57 168 | 21 114 114
250 67 1540 | 42 88 120 | 55 55 140
252 3 80 | 60 96 96 | 70 70 112
252 7 180 | 60 72 120 | 54 90 108
252 3 70 | 42 105 105 | 56 56 140
252 3 56 | 28 112 112 | 42 42 168
252 21 352 | 24 96 132 | 32 44 176
252 7 114 | 27 54 171 | 24 76 152
252 35 468 | 20 52 180 | 18 78 156
252 3 34 | 24 24 204 | 14 119 119
252 1 10 | 12 120 120 | 21 21 210
252 23 180 | 10 44 198 | 9 108 135
252 7 54 | 9 81 162 | 12 24 216
253 1 28 | 78 84 91 | 77 88 88
253 83 1980 | 44 99 110 | 45 88 120
253 17 120 | 10 27 216 | 8 105 140
254 127 1890 | 20 108 126 | 30 35 189
254 85 1232 | 22 56 176 | 20 80 154
254 809 8190 | 14 45 195 | 18 26 210
254 97 770 | 11 33 210 | 14 20 220
254 127 798 | 7 114 133 | 12 14 228
255 47 1260 | 60 90 105 | 63 80 112
255 1 24 | 45 90 120 | 51 68 136
255 11 252 | 48 63 144 | 45 70 140
255 149 2520 | 35 40 180 | 24 105 126
255 11 117 | 13 99 143 | 15 45 195
255 11 105 | 15 30 210 | 12 63 180
256 11 224 | 40 56 160 | 32 112 112
256 73 1440 | 36 60 160 | 32 80 144
256 367 6552 | 28 72 156 | 26 104 126
256 7 120 | 36 40 180 | 28 60 168
256 73 780 | 13 108 135 | 14 60 182
256 265 1872 | 9 39 208 | 8 104 144
257 2 55 | 70 77 110 | 65 88 104
257 5 102 | 33 88 136 | 36 68 153
257 5 88 | 26 88 143 | 33 48 176
257 74 793 | 13 122 122 | 14 61 182
257 7 60 | 15 22 220 | 12 35 210
257 7 44 | 12 14 231 | 7 110 140
257 17 105 | 11 15 231 | 7 75 175
258 89 1512 | 24 108 126 | 27 63 168
258 43 720 | 24 90 144 | 30 48 180
258 43 594 | 27 33 198 | 18 108 132
258 1 12 | 15 108 135 | 16 66 176
258 43 510 | 20 34 204 | 15 90 153
258 37 420 | 15 63 180 | 24 24 210
258 19 210 | 15 54 189 | 20 28 210
259 41 1155 | 77 77 105 | 70 90 99
259 259 3960 | 24 55 180 | 22 72 165
259 37 420 | 21 28 210 | 14 105 140
259 329 3536 | 17 34 208 | 16 39 204
260 1 26 | 52 104 104 | 65 65 130
260 13 300 | 50 60 150 | 40 100 120
260 41 936 | 39 104 117 | 40 90 130
260 13 264 | 40 55 165 | 32 96 132
260 13 252 | 36 56 168 | 30 90 140
260 181 3360 | 30 70 160 | 32 60 168
260 1 18 | 40 40 180 | 26 117 117
260 13 180 | 18 110 132 | 20 60 180
260 1 12 | 18 44 198 | 15 105 140
260 13 90 | 8 72 180 | 10 25 225
260 13 48 | 4 64 192 | 5 15 240
261 3 55 | 27 99 135 | 30 66 165
261 61 945 | 27 45 189 | 21 105 135
261 5 57 | 14 114 133 | 19 33 209
262 1 10 | 12 100 150 | 20 22 220
262 263 2070 | 10 45 207 | 9 115 138
262 19 138 | 9 46 207 | 12 20 230
262 3 16 | 6 64 192 | 10 12 240
263 21 440 | 33 110 120 | 42 56 165
263 1 15 | 20 108 135 | 21 77 165
263 43 644 | 20 105 138 | 23 56 184
263 97 1400 | 20 75 168 | 28 35 200
263 607 7280 | 20 35 208 | 16 65 182
263 29 312 | 13 120 130 | 16 39 208
263 131 1035 | 10 46 207 | 15 18 230
264 1 24 | 44 88 132 | 48 72 144
264 3 70 | 55 55 154 | 40 112 112
264 61 1404 | 39 108 117 | 54 54 156
264 95 2184 | 52 56 156 | 39 105 120
264 37 720 | 30 90 144 | 32 72 160
264 17 330 | 33 66 165 | 40 48 176
264 13 240 | 36 48 180 | 33 55 176
264 5 78 | 30 39 195 | 21 117 126
264 37 420 | 18 36 210 | 14 100 150
264 17 168 | 12 84 168 | 14 40 210
265 7 100 | 25 40 200 | 20 70 175
265 1 12 | 15 100 150 | 20 35 210
265 8 63 | 9 112 144 | 10 45 210
265 41 308 | 10 35 220 | 12 22 231
265 16 117 | 13 18 234 | 9 48 208
266 1 24 | 42 112 112 | 57 57 152
266 133 3060 | 40 90 136 | 45 68 153
266 19 414 | 42 63 161 | 36 92 138
266 29 630 | 35 105 126 | 36 90 140
266 19 294 | 28 42 196 | 21 98 147
266 7 80 | 16 50 200 | 14 112 140
266 133 1430 | 20 26 220 | 13 110 143
266 133 720 | 6 80 180 | 8 18 240
267 43 756 | 27 72 168 | 36 42 189
267 107 1080 | 15 36 216 | 12 120 135
267 39 308 | 11 32 224 | 9 126 132
268 67 1540 | 40 88 140 | 44 70 154
268 1 18 | 26 99 143 | 28 72 168
268 1543 24024 | 21 104 143 | 22 78 168
268 37 396 | 13 99 156 | 18 30 220
268 1 10 | 12 96 160 | 18 25 225
268 67 660 | 15 33 220 | 12 80 176
268 67 406 | 8 28 232 | 7 58 203
269 73 1872 | 60 65 144 | 48 104 117
269 113 2772 | 48 77 144 | 44 99 126
269 53 945 | 35 45 189 | 27 77 165
269 7 108 | 24 56 189 | 27 44 198
269 163 1287 | 13 22 234 | 9 117 143
270 3 88 | 72 99 99 | 80 80 110
270 1 28 | 72 72 126 | 60 105 105
270 1 20 | 30 120 120 | 45 45 180
270 1 18 | 27 81 162 | 30 60 180
270 1 14 | 30 30 210 | 18 126 126
270 3 40 | 20 50 200 | 18 72 180
270 3 26 | 18 18 234 | 10 130 130
270 191 1650 | 14 25 231 | 10 110 150
271 31 561 | 33 51 187 | 26 102 143
271 271 4680 | 36 40 195 | 24 117 130
271 74 1035 | 24 40 207 | 18 115 138
271 13 168 | 27 28 216 | 21 40 210
271 401 3696 | 11 84 176 | 16 24 231
271 271 1260 | 9 10 252 | 5 126 140
272 1 30 | 85 85 102 | 80 96 96
272 13 336 | 56 72 144 | 48 112 112
272 127 3080 | 42 110 120 | 44 88 140
272 1 20 | 32 80 160 | 30 110 132 | 34 68 170
272 43 840 | 36 56 180 | 30 88 154
272 1 12 | 16 64 192 | 17 51 204 | 22 30 220
273 11 315 | 65 91 117 | 63 105 105
273 17 441 | 63 63 147 | 49 98 126
273 13 285 | 35 105 133 | 45 57 171
273 31 660 | 33 120 120 | 35 84 154
273 91 1380 | 20 115 138 | 30 36 207
273 91 720 | 9 120 144 | 15 18 240
273 3 19 | 13 13 247 | 7 133 133
274 29 840 | 70 84 120 | 65 104 105
274 47 1020 | 34 120 120 | 36 85 153
274 17 288 | 32 44 198 | 24 90 160
274 19 306 | 22 99 153 | 34 36 204
274 1 14 | 24 40 210 | 18 112 144
275 8 175 | 50 50 175 | 35 100 140
276 3 80 | 56 80 140 | 60 72 144
276 5 126 | 45 105 126 | 48 84 144
276 47 1092 | 42 78 156 | 52 56 168
276 25 528 | 33 99 144 | 40 60 176
276 139 2790 | 45 45 186 | 31 90 155
276 43 780 | 26 100 150 | 36 45 195
276 19 330 | 24 120 132 | 33 45 198
276 83 1260 | 30 36 210 | 20 112 144
277 277 5460 | 30 91 156 | 35 60 182
277 47 864 | 32 56 189 | 27 90 160
278 139 3360 | 48 70 160 | 42 96 140
278 19 420 | 40 70 168 | 35 108 135
278 139 2970 | 33 110 135 | 44 54 180
278 95 2002 | 44 52 182 | 35 78 165
278 23 465 | 30 124 124 | 36 62 180
278 11 210 | 35 54 189 | 28 100 150
278 397 7280 | 35 48 195 | 26 112 140
278 1 18 | 36 44 198 | 28 70 180
278 7 110 | 33 35 210 | 22 80 176
278 61 858 | 22 48 208 | 18 117 143
278 59 672 | 18 36 224 | 14 96 168
278 47 336 | 10 28 240 | 8 126 144
278 139 630 | 5 63 210 | 6 20 252
279 93 2660 | 70 76 133 | 60 105 114
279 5 108 | 45 54 180 | 36 81 162
279 31 585 | 27 117 135 | 39 45 195
279 93 1120 | 15 96 168 | 20 35 224
279 129 1495 | 15 69 195 | 23 26 230
280 1 30 | 80 80 120 | 70 105 105
280 1 28 | 70 70 140 | 56 112 112
280 1 24 | 40 120 120 | 56 56 168
280 7 120 | 30 50 200 | 24 96 160
280 7 90 | 16 120 144 | 25 30 225
280 7 88 | 16 88 176 | 20 40 220
281 29 589 | 38 57 186 | 31 95 155
281 67 1232 | 26 112 143 | 28 77 176
281 6 91 | 20 105 156 | 21 78 182
282 37 1026 | 57 90 135 | 54 114 114
282 23 546 | 39 117 126 | 42 84 156
282 37 840 | 36 120 126 | 40 77 165
282 137 3060 | 51 51 180 | 40 72 170
282 97 2160 | 35 112 135 | 48 54 180
282 9 182 | 35 65 182 | 39 54 189
282 19 360 | 27 120 135 | 30 72 180 | 40 44 198
283 443 7524 | 24 88 171 | 36 38 209
283 82 715 | 10 130 143 | 11 52 220
284 17 420 | 42 110 132 | 56 60 168
284 13 252 | 28 112 144 | 42 44 198
284 59 880 | 32 32 220 | 20 88 176
285 19 480 | 45 96 144 | 50 75 160
285 19 420 | 35 100 150 | 42 63 180
285 1 21 | 42 54 189 | 35 75 175
285 47 900 | 40 45 200 | 30 75 180
285 713 12285 | 27 63 195 | 26 70 189
285 19 231 | 21 33 231 | 15 105 165
285 1 12 | 19 38 228 | 15 90 180
286 1 30 | 78 78 130 | 66 110 110 | 70 90 126
286 19 520 | 55 88 143 | 52 104 130
286 13 330 | 55 66 165 | 44 110 132
286 1 20 | 39 52 195 | 30 96 160
286 19 360 | 28 90 168 | 36 50 200
286 23 390 | 30 48 208 | 26 65 195
286 1 16 | 22 88 176 | 26 52 208
286 13 198 | 30 36 220 | 22 66 198
286 13 190 | 20 76 190 | 22 55 209
287 89 2520 | 63 80 144 | 56 105 126
287 119 2860 | 44 78 165 | 40 104 143
288 3 80 | 48 120 120 | 64 64 160
288 11 252 | 45 63 180 | 36 126 126
288 3 64 | 48 48 192 | 32 128 128
289 181 5005 | 55 91 143 | 65 70 154
289 1 24 | 39 120 130 | 44 77 168
289 61 1365 | 42 65 182 | 39 75 175
289 27 208 | 10 39 240 | 9 72 208
290 1 24 | 48 66 176 | 40 100 150
290 19 450 | 45 70 175 | 50 60 180
290 1 20 | 29 116 145 | 40 50 200
290 263 3120 | 15 80 195 | 24 26 240
291 5 132 | 60 66 165 | 48 99 144
291 97 2520 | 60 63 168 | 45 120 126
291 157 3255 | 31 105 155 | 35 70 186
291 74 1365 | 39 42 210 | 35 48 208
291 1 16 | 27 48 216 | 21 126 144
291 263 4200 | 21 120 150 | 25 56 210
291 9 140 | 21 90 180 | 32 35 224
291 97 1200 | 18 48 225 | 16 75 200
292 73 2310 | 77 105 110 | 84 88 120
292 3 70 | 40 84 168 | 42 75 175
292 11 252 | 36 112 144 | 42 70 180
292 2 45 | 36 96 160 | 40 72 180
292 107 1760 | 22 110 160 | 32 40 220
292 73 1120 | 20 112 160 | 28 40 224
293 53 756 | 21 56 216 | 18 135 140
293 883 5544 | 8 33 252 | 7 88 198
294 1 30 | 63 105 126 | 70 84 140
294 5 144 | 60 90 144 | 56 112 126
294 7 198 | 63 77 154 | 54 108 132
294 7 195 | 60 78 156 | 52 110 132
294 49 990 | 30 99 165 | 36 60 198
294 16 315 | 28 126 140 | 30 84 180
294 7 120 | 28 56 210 | 24 90 180
294 2 33 | 24 72 198 | 30 44 220
294 53 840 | 24 60 210 | 21 105 168
294 7 108 | 24 54 216 | 21 84 189
294 91 1254 | 19 66 209 | 22 44 228
294 49 270 | 9 15 270 | 6 108 180
295 4 99 | 55 60 180 | 42 99 154
295 13 315 | 45 75 175 | 39 126 130
296 11 240 | 36 80 180 | 40 64 192
296 37 480 | 24 32 240 | 16 120 160
296 37 260 | 10 26 260 | 8 80 208
296 79 504 | 8 36 252 | 7 136 153
297 59 1848 | 77 88 132 | 72 99 126
297 3 91 | 77 77 143 | 63 117 117
297 37 264 | 8 102 187 | 11 22 264
298 31 840 | 56 77 165 | 60 70 168
298 97 2310 | 54 55 189 | 42 80 176
298 17 336 | 28 126 144 | 40 48 210
298 409 5850 | 25 39 234 | 18 130 150
298 1 8 | 10 48 240 | 9 136 153
299 1 24 | 54 56 189 | 39 104 156 | 46 69 184
299 1 11 | 13 143 143 | 23 23 253
299 65 616 | 12 56 231 | 11 112 176
299 31 260 | 10 68 221 | 13 26 260
300 1 30 | 75 75 150 | 60 120 120
300 97 2640 | 55 80 165 | 48 120 132
300 13 330 | 44 96 160 | 45 90 165
300 61 1530 | 45 85 170 | 42 105 153
300 31 720 | 40 80 180 | 36 120 144
300 311 5940 | 27 108 165 | 40 44 216
301 43 1360 | 70 112 119 | 80 85 136
301 7 180 | 45 96 160 | 55 66 180
301 301 7020 | 52 54 195 | 36 130 135
301 43 840 | 28 105 168 | 35 56 210
301 49 880 | 25 100 176 | 33 48 220
301 103 1155 | 14 77 210 | 15 55 231
302 151 4680 | 65 117 120 | 78 80 144
302 151 3420 | 36 95 171 | 40 72 190
302 773 10080 | 18 60 224 | 16 126 160
302 29 208 | 8 112 182 | 13 17 272
303 17 135 | 15 18 270 | 9 105 189
304 121 3660 | 60 122 122 | 61 108 135
304 59 1736 | 56 124 124 | 62 88 154
304 19 540 | 54 100 150 | 52 117 135
304 1 24 | 48 64 192 | 38 114 152
304 19 336 | 32 48 224 | 24 112 168
304 5881 60060 | 13 60 231 | 12 110 182
305 22 585 | 60 65 180 | 45 130 130
305 29 525 | 35 45 225 | 25 105 175
305 11 144 | 20 45 240 | 16 136 153
305 61 741 | 15 95 195 | 19 39 247
306 13 378 | 63 81 162 | 54 126 126
306 3 68 | 34 136 136 | 51 51 204
306 57 880 | 20 110 176 | 33 33 240
306 211 3120 | 26 40 240 | 20 78 208
308 49 1430 | 65 78 165 | 55 110 143
308 7 180 | 44 99 165 | 42 126 140 | 48 80 180
308 7 156 | 48 52 208 | 33 132 143
308 1 20 | 44 44 220 | 28 140 140
308 7 50 | 8 100 200 | 11 22 275
309 9 280 | 63 120 126 | 65 104 140
309 103 2160 | 30 135 144 | 45 48 216
309 1 12 | 15 84 210 | 20 34 255
310 31 1008 | 80 90 140 | 72 112 126
310 1 30 | 60 100 150 | 62 93 155
310 23 650 | 50 130 130 | 65 70 175
310 149 4200 | 50 120 140 | 63 72 175
310 109 2814 | 54 67 189 | 42 134 134
310 1 24 | 50 60 200 | 40 90 180
310 31 700 | 40 70 200 | 35 100 175
311 11 285 | 45 95 171 | 55 66 190
311 103 2640 | 55 64 192 | 45 90 176
311 109 2660 | 38 133 140 | 44 77 190
311 19 176 | 11 80 220 | 17 22 272
312 17 504 | 72 72 168 | 56 112 144
312 29 840 | 60 84 168 | 56 96 160
312 13 360 | 48 120 144 | 60 72 180
312 13 336 | 56 64 192 | 42 126 144
312 11 240 | 39 65 208 | 32 120 160
312 13 276 | 32 96 184 | 36 69 207
312 169 3360 | 32 70 210 | 40 48 224
312 3 56 | 26 104 182 | 32 56 224
312 1 18 | 39 39 234 | 24 144 144
312 21 260 | 26 26 260 | 15 117 180
313 313 6864 | 39 66 208 | 33 104 176
313 47 840 | 24 119 170 | 27 70 216
313 313 5040 | 28 45 240 | 21 112 180
313 667 9880 | 19 104 190 | 26 40 247
313 197 1260 | 9 24 280 | 7 126 180
314 11 360 | 80 90 144 | 72 110 132
314 97 2170 | 35 93 186 | 42 62 210
314 503 10080 | 32 72 210 | 28 126 160
314 23 360 | 20 126 168 | 22 72 220
314 157 2160 | 20 54 240 | 18 80 216
314 157 1848 | 22 28 264 | 14 132 168
314 157 1380 | 10 120 184 | 15 23 276
315 7 216 | 60 120 135 | 72 81 162
315 7 204 | 54 108 153 | 60 85 170
315 1 27 | 45 135 135 | 63 63 189
315 21 520 | 39 120 156 | 50 65 200
315 21 440 | 40 55 220 | 30 120 165
315 21 380 | 30 57 228 | 25 100 190
315 7 117 | 27 54 234 | 25 65 225
315 3 49 | 21 147 147 | 35 35 245
316 79 2394 | 72 76 168 | 57 126 133
316 1 30 | 60 96 160 | 56 120 140
316 79 2184 | 56 78 182 | 48 112 156
316 73 1540 | 40 56 220 | 30 132 154
316 97 1752 | 27 73 216 | 24 146 146
316 47 740 | 20 148 148 | 22 74 220
316 43 432 | 16 30 270 | 17 27 272
317 37 900 | 45 72 200 | 44 75 198
317 47 924 | 28 102 187 | 42 44 231
317 59 828 | 18 92 207 | 23 42 252
318 101 2418 | 48 62 208 | 39 93 186
318 349 6930 | 42 45 231 | 28 110 180
318 2929 51480 | 26 72 220 | 24 99 195
318 7 120 | 24 84 210 | 30 48 240
318 5 72 | 18 120 180 | 24 42 252
318 509 3990 | 14 19 285 | 10 42 266
319 2 63 | 66 99 154 | 63 112 144
319 1 20 | 33 66 220 | 30 85 204
320 1 32 | 64 128 128 | 80 80 160
320 11 280 | 50 70 200 | 40 140 140
320 73 1800 | 40 100 180 | 45 75 200
320 7 150 | 45 50 225 | 35 75 210
320 43 780 | 26 84 210 | 25 100 195
321 73 1320 | 33 48 240 | 24 132 165
321 113 1848 | 24 66 231 | 21 132 168
321 89 1080 | 24 27 270 | 15 90 216
322 53 1820 | 80 112 130 | 91 91 140
322 17 560 | 80 88 154 | 70 112 140
322 83 2520 | 72 75 175 | 56 126 140
322 31 910 | 70 70 182 | 52 130 140
322 35 792 | 33 136 153 | 36 88 198
323 1 35 | 95 95 133 | 85 119 119
323 122 3685 | 67 80 176 | 55 134 134
323 19 495 | 50 75 198 | 44 99 180
323 95 1656 | 23 120 180 | 24 92 207
324 1 30 | 54 135 135 | 72 72 180
324 1 24 | 36 144 144 | 54 54 216
324 107 2520 | 35 136 153 | 42 72 210
324 29 660 | 36 90 198 | 44 60 220
325 1 28 | 50 100 175 | 52 91 182
325 2 45 | 50 50 225 | 36 85 204
326 13 420 | 77 84 165 | 70 96 160
326 11 336 | 56 126 144 | 66 84 176
326 163 4488 | 48 102 176 | 51 88 187
326 677 11550 | 22 150 154 | 25 70 231
326 269 2574 | 18 22 286 | 11 117 198
327 37 1155 | 75 77 175 | 63 99 165
327 31 660 | 33 84 210 | 30 132 165
327 5 99 | 27 135 165 | 33 63 231
327 109 315 | 5 7 315 | 3 135 189
328 31 858 | 48 104 176 | 55 78 195
328 37 936 | 48 72 208 | 39 136 153
328 109 2730 | 42 91 195 | 39 119 170
328 11 260 | 39 85 204 | 40 80 208
328 25 504 | 32 72 224 | 28 120 180
328 283 2860 | 20 22 286 | 13 55 260
330 1 36 | 90 120 120 | 99 99 132
330 53 1680 | 60 126 144 | 75 80 175
330 1 30 | 60 90 180 | 55 110 165
330 3 80 | 44 110 176 | 50 80 200
330 4 105 | 60 60 210 | 42 120 168
330 23 336 | 20 70 240 | 18 144 168
330 131 1650 | 22 33 275 | 15 150 165
331 4 105 | 42 119 170 | 55 66 210
331 17 420 | 42 85 204 | 44 77 210
332 23 720 | 66 90 176 | 72 80 180
332 11 340 | 56 136 140 | 60 102 170
332 13 266 | 32 76 224 | 28 152 152
332 23 420 | 24 140 168 | 35 45 252
333 37 936 | 45 80 208 | 39 126 168
333 111 1840 | 23 80 230 | 24 69 240
333 37 540 | 18 135 180 | 27 36 270
333 111 1400 | 25 28 280 | 15 150 168
334 23 770 | 78 91 165 | 70 110 154
334 67 1980 | 55 99 180 | 52 117 165
334 269 7280 | 48 91 195 | 56 70 208
334 37 990 | 45 102 187 | 44 110 180
334 7 180 | 45 85 204 | 40 126 168
334 85 1638 | 30 70 234 | 26 126 182
335 11 357 | 75 85 175 | 63 119 153
335 67 1736 | 40 140 155 | 56 62 217
335 283 6600 | 36 99 200 | 40 75 220
336 1 36 | 96 96 144 | 84 126 126
336 7 240 | 80 96 160 | 72 120 144
336 79 2520 | 72 84 180 | 63 105 168
336 3 40 | 28 28 280 | 16 160 160
336 7 72 | 16 32 288 | 12 108 216
337 52 595 | 14 85 238 | 17 40 280
338 17 616 | 91 104 143 | 88 110 140
338 1 30 | 65 78 195 | 52 130 156
338 2 55 | 44 140 154 | 50 88 200
338 13 280 | 32 96 210 | 30 140 168
338 53 630 | 14 135 189 | 18 40 280
338 13 144 | 18 32 288 | 13 117 208
338 169 1232 | 14 16 308 | 8 154 176
339 107 1848 | 24 84 231 | 33 42 264
340 1 36 | 90 100 150 | 84 112 144
340 1 34 | 68 136 136 | 85 85 170
340 13 420 | 60 140 140 | 70 90 180
340 1 16 | 34 34 272 | 20 160 160
340 11 140 | 16 84 240 | 20 40 280
340 61 720 | 16 54 270 | 20 32 288
341 149 4620 | 55 132 154 | 56 120 165
341 5 132 | 44 99 198 | 55 66 220
341 113 2380 | 32 85 224 | 35 68 238
341 1 21 | 33 77 231 | 31 93 217
341 383 5355 | 17 135 189 | 18 85 238
341 17 208 | 16 65 260 | 17 52 272
342 1 30 | 54 108 180 | 57 95 190
342 139 3780 | 45 108 189 | 56 70 216
342 3 76 | 38 152 152 | 57 57 228
342 5 126 | 42 90 210 | 38 133 171
342 47 1080 | 48 54 240 | 36 90 216
342 57 1190 | 30 102 210 | 34 70 238
342 19 378 | 27 126 189 | 36 54 252
342 51 880 | 22 160 160 | 30 48 264
342 57 910 | 20 140 182 | 30 39 273
342 43 630 | 18 135 189 | 20 70 252
342 19 198 | 18 27 297 | 12 132 198
342 57 574 | 12 84 246 | 14 41 287
343 97 2871 | 58 87 198 | 63 77 203
343 49 1012 | 28 154 161 | 44 46 253
343 49 615 | 15 123 205 | 21 35 287
343 343 3744 | 13 96 234 | 16 39 288
343 343 3060 | 10 153 180 | 17 20 306
343 10 63 | 10 18 315 | 7 84 252
344 5 154 | 56 112 176 | 55 119 170
344 23 660 | 48 120 176 | 55 85 204
344 1993 46800 | 36 100 208 | 39 80 225
344 89 2016 | 32 144 168 | 36 84 224
344 43 960 | 40 64 240 | 32 120 192
344 43 792 | 36 44 264 | 24 144 176
344 37 560 | 20 84 240 | 32 32 280
344 1319 14850 | 15 54 275 | 22 25 297
344 19 200 | 14 50 280 | 20 24 300
345 22 765 | 72 120 153 | 85 90 170
345 3 100 | 75 90 180 | 70 100 175
345 2 63 | 60 105 180 | 56 136 153
345 13 396 | 55 110 180 | 63 84 198
345 29 840 | 63 72 210 | 56 85 204
345 79 1680 | 35 70 240 | 45 48 252
345 11 168 | 30 35 280 | 21 72 252
345 17 105 | 7 65 273 | 9 21 315
346 73 1768 | 40 85 221 | 52 56 238
346 11 266 | 51 57 238 | 42 76 228
346 3 50 | 22 99 225 | 21 150 175
346 361 6006 | 26 56 264 | 21 143 182
347 109 4095 | 91 126 130 | 99 105 143
347 23 600 | 50 72 225 | 42 105 200
347 41 315 | 9 65 273 | 14 18 315
348 13 420 | 63 105 180 | 60 120 168
348 19 540 | 54 84 210 | 60 72 216
348 23 594 | 44 88 216 | 54 63 231
348 9 220 | 36 132 180 | 40 88 220
348 61 1260 | 28 140 180 | 36 60 252
348 1 18 | 24 108 216 | 29 58 261
349 47 1683 | 77 119 153 | 85 99 165
349 83 2772 | 70 99 180 | 63 132 154
349 11 360 | 60 136 153 | 65 104 180
349 7 220 | 55 140 154 | 60 102 187
349 1 30 | 52 117 180 | 60 85 204
349 101 1980 | 26 143 180 | 40 45 264
350 7 240 | 80 90 180 | 70 112 168
350 1 30 | 50 150 150 | 70 70 210
350 7 130 | 26 90 234 | 30 60 260
350 53 840 | 28 42 280 | 20 120 210
350 7 110 | 20 110 220 | 25 50 275
350 1 12 | 14 168 168 | 25 25 300
351 1 36 | 78 117 156 | 81 108 162
351 13 440 | 66 120 165 | 72 99 180
351 17 567 | 81 81 189 | 63 126 162
351 67 2232 | 72 93 186 | 62 136 153
351 3 85 | 45 153 153 | 65 65 221
351 13 160 | 15 96 240 | 18 45 288
352 23 816 | 72 136 144 | 80 102 170
352 29 1008 | 77 99 176 | 72 112 168
352 43 1386 | 77 77 198 | 63 102 187
352 61 1872 | 52 144 156 | 72 72 208
352 115 3276 | 52 90 210 | 63 68 221
352 1 28 | 44 154 154 | 64 64 224 | 55 77 220
352 5 104 | 28 156 168 | 40 52 260
352 79 1404 | 30 52 270 | 27 65 260
352 79 1008 | 16 84 252 | 17 63 272
352 47 560 | 14 130 208 | 16 56 280
352 29 308 | 22 22 308 | 14 52 286
353 38 1155 | 66 77 210 | 54 110 189
353 107 2736 | 45 80 228 | 38 144 171
353 159 1540 | 11 132 210 | 15 30 308
354 3 112 | 88 112 154 | 84 126 144
354 9 260 | 50 104 200 | 65 68 221
354 37 1008 | 44 112 198 | 42 144 168
354 19 390 | 30 90 234 | 34 65 255
354 71 1320 | 24 165 165 | 30 60 264
354 551 9240 | 21 165 168 | 30 44 280
354 139 2016 | 18 112 224 | 24 42 288
354 5 48 | 16 26 312 | 11 112 231
354 27 220 | 9 165 180 | 11 35 308
355 79 2800 | 80 100 175 | 75 112 168
355 7 165 | 35 110 210 | 36 99 220
355 59 1100 | 25 110 220 | 40 40 275
355 943 17325 | 35 45 275 | 25 99 231
355 19 200 | 15 40 300 | 12 168 175
356 41 1440 | 80 96 180 | 70 126 160
356 43 1008 | 48 56 252 | 36 96 224
356 67 990 | 18 143 195 | 20 72 264
356 107 1440 | 20 48 288 | 16 160 180
356 2003 26928 | 16 153 187 | 18 66 272
356 37 390 | 13 70 273 | 20 24 312
357 31 1092 | 72 117 168 | 84 91 182
357 7 195 | 45 117 195 | 51 85 221
357 7 99 | 27 33 297 | 17 153 187
358 11 378 | 78 91 189 | 70 108 180
358 523 14490 | 56 72 230 | 46 105 207
358 619 6552 | 18 28 312 | 13 72 273
358 47 264 | 6 176 176 | 8 20 330
359 17 468 | 44 117 198 | 60 65 234
359 239 3465 | 18 110 231 | 27 35 297
359 43 560 | 16 98 245 | 17 70 272
359 251 3120 | 15 104 240 | 16 70 273
359 131 840 | 7 112 240 | 8 36 315
360 3 112 | 80 140 140 | 96 96 168
360 1 36 | 72 144 144 | 90 90 180
360 3 100 | 60 150 150 | 80 80 200
360 73 2100 | 50 100 210 | 48 112 200
360 3 80 | 60 60 240 | 40 160 160
360 1 24 | 36 108 216 | 40 80 240
360 1 22 | 48 48 264 | 30 165 165
360 281 5460 | 35 52 273 | 30 70 260
360 3 56 | 24 168 168 | 40 40 280
360 137 2520 | 35 45 280 | 24 126 210
360 47 792 | 22 104 234 | 24 72 264
360 3 44 | 27 36 297 | 22 52 286
360 479 6120 | 17 63 280 | 24 30 306
360 3 22 | 15 15 330 | 8 176 176
360 131 960 | 10 30 320 | 8 160 192
361 25 952 | 85 136 140 | 88 119 154
361 1 36 | 76 114 171 | 72 136 153
361 361 11440 | 55 130 176 | 65 88 208
361 85 693 | 9 154 198 | 11 35 315
361 361 1360 | 5 16 340 | 4 85 272
362 143 5110 | 73 119 170 | 70 146 146
362 289 10010 | 65 143 154 | 70 110 182
362 181 5852 | 76 77 209 | 56 152 154
362 13 336 | 40 112 210 | 42 96 224
362 71 1320 | 28 70 264 | 24 143 195
362 137 2470 | 38 39 285 | 26 76 260
362 7 120 | 24 78 260 | 22 120 220
362 467 7854 | 22 102 238 | 21 154 187
362 17 264 | 21 77 264 | 24 52 286
362 89 1330 | 20 76 266 | 19 98 245
362 521 7722 | 22 54 286 | 26 39 297
363 163 5544 | 63 132 168 | 77 88 198
363 911 21840 | 35 120 208 | 39 84 240
363 26 555 | 30 111 222 | 34 74 255
363 43 825 | 25 143 195 | 33 55 275
363 10 189 | 27 84 252 | 30 63 270
364 1 40 | 112 112 140 | 104 130 130
364 13 432 | 64 108 192 | 63 112 189
364 13 420 | 70 84 210 | 56 140 168
364 91 2610 | 60 72 232 | 45 145 174
364 3 80 | 42 112 210 | 40 144 180
364 91 1674 | 31 54 279 | 24 124 216
364 91 1584 | 22 144 198 | 32 44 288
364 49 836 | 22 114 228 | 24 76 264
364 13 210 | 21 98 245 | 24 60 280
364 91 1224 | 24 34 306 | 16 144 204
364 91 960 | 20 24 320 | 12 160 192
364 13 132 | 12 88 264 | 14 42 308
365 71 2640 | 90 99 176 | 80 120 165
365 269 9360 | 65 144 156 | 80 90 195
365 8 225 | 45 120 200 | 50 90 225
365 37 756 | 27 156 182 | 35 60 270
365 73 1400 | 35 50 280 | 25 140 200
365 509 9240 | 30 55 280 | 24 110 231
365 73 1184 | 20 160 185 | 32 37 296
366 3 110 | 80 110 176 | 77 119 170
366 61 2040 | 60 136 170 | 72 90 204
366 11 351 | 54 156 156 | 72 78 216
366 95 3024 | 70 80 216 | 54 144 168
366 61 1680 | 56 70 240 | 42 144 180
366 17 462 | 42 126 198 | 51 77 238
366 443 11088 | 48 66 252 | 36 154 176
366 29 630 | 30 126 210 | 42 54 270
366 73 1368 | 24 171 171 | 28 72 266
366 61 1140 | 24 152 190 | 36 45 285
366 23 420 | 28 65 273 | 30 56 280
366 61 780 | 15 156 195 | 24 30 312
366 17 216 | 15 135 216 | 16 80 270
367 227 6435 | 55 78 234 | 44 143 180
367 10 273 | 42 130 195 | 51 78 238
367 32 819 | 52 63 252 | 42 91 234
367 614 10725 | 26 66 275 | 22 150 195
367 47 624 | 16 117 234 | 17 78 272
367 3 16 | 7 24 336 | 6 57 304
368 73 2664 | 72 148 148 | 74 126 168
368 5 168 | 60 140 168 | 64 112 192
368 131 4108 | 68 79 221 | 52 158 158
368 1 30 | 69 69 230 | 48 160 160
368 1 28 | 48 96 224 | 44 126 198
368 25 616 | 35 165 168 | 44 72 252
368 19 440 | 32 160 176 | 44 60 264
368 11 240 | 32 96 240 | 30 130 208
368 1 18 | 32 48 288 | 23 138 207
368 71 900 | 25 28 315 | 18 50 300
369 3 100 | 65 104 200 | 75 84 210
369 111 2200 | 26 143 200 | 30 75 264
369 1123 15912 | 17 144 208 | 24 39 306
369 53 600 | 13 156 200 | 14 75 280
369 13 72 | 8 19 342 | 6 99 264
370 47 1710 | 90 90 190 | 76 114 180
370 37 1188 | 55 135 180 | 66 88 216
370 37 1104 | 48 138 184 | 60 80 230
370 11 300 | 50 80 240 | 45 100 225
370 13 288 | 30 160 180 | 32 104 234
370 97 1890 | 27 98 245 | 30 70 270
370 37 600 | 30 40 300 | 20 150 200
370 89 800 | 13 32 325 | 10 160 200
370 79 630 | 10 45 315 | 9 95 266
371 7 165 | 33 143 195 | 35 105 231
371 1 20 | 28 98 245 | 35 56 280
371 5 84 | 28 49 294 | 21 140 210
371 19 120 | 7 84 280 | 8 33 330
372 17 624 | 78 112 182 | 72 144 156
372 23 780 | 60 156 156 | 78 84 210
372 5 144 | 60 72 240 | 48 108 216
372 31 840 | 42 120 210 | 48 84 240
372 31 780 | 36 156 180 | 52 60 260
372 31 720 | 32 160 180 | 48 54 270
372 31 630 | 36 56 280 | 27 135 210
372 31 570 | 30 57 285 | 24 120 228
372 53 924 | 24 84 264 | 22 140 210
373 587 13200 | 33 100 240 | 48 50 275
373 19 420 | 30 147 196 | 34 84 255 | 35 78 260
373 1 21 | 35 65 273 | 30 98 245
373 479 7392 | 32 33 308 | 22 63 288
373 125 1008 | 9 112 252 | 10 48 315
374 23 880 | 88 110 176 | 80 140 154
374 53 2002 | 77 143 154 | 88 104 182
374 1 36 | 68 153 153 | 88 88 198
374 13 462 | 77 99 198 | 66 154 154
374 71 2310 | 70 84 220 | 55 154 165
374 29 720 | 42 80 252 | 36 130 208
374 1 24 | 44 66 264 | 34 136 204 | 36 104 234
374 281 3990 | 19 70 285 | 18 90 266
374 1 14 | 17 119 238 | 22 44 308
374 631 3510 | 6 108 260 | 10 13 351
375 31 900 | 45 150 180 | 50 100 225
375 23 660 | 55 80 240 | 45 132 198
375 26 315 | 14 171 190 | 18 42 315
375 17 96 | 11 12 352 | 7 32 336
376 17 672 | 90 126 160 | 96 112 168
376 37 1368 | 72 152 152 | 76 120 180
376 23 728 | 56 112 208 | 52 156 168
376 19 480 | 40 96 240 | 36 160 180
376 25 468 | 24 144 208 | 26 90 260
376 11 140 | 15 133 228 | 16 80 280
377 137 5460 | 104 105 168 | 91 130 156
377 7 264 | 88 102 187 | 77 132 168
377 71 2295 | 55 135 187 | 54 153 170
377 229 3740 | 20 170 187 | 34 35 308
377 13 176 | 16 152 209 | 17 88 272
377 1 12 | 16 57 304 | 14 132 231
377 8 91 | 13 182 182 | 14 77 286
378 1 40 | 105 105 168 | 90 144 144
378 7 270 | 81 135 162 | 90 108 180
378 3 110 | 70 154 154 | 90 90 198
378 23 840 | 70 140 168 | 72 126 180
378 1 28 | 42 168 168 | 63 63 252
378 13 360 | 48 90 240 | 56 70 252
378 3 76 | 56 56 266 | 36 171 171
378 7 176 | 36 144 198 | 48 66 264
378 3 70 | 35 98 245 | 36 90 252
378 97 2016 | 42 48 288 | 28 126 224
378 35 702 | 30 78 270 | 27 117 234
378 1 15 | 18 180 180 | 26 40 312
378 21 148 | 9 36 333 | 8 74 296
379 142 4977 | 79 90 210 | 63 158 158
379 40 1309 | 55 154 170 | 56 136 187
379 89 2856 | 56 119 204 | 54 136 189
379 1 15 | 18 171 190 | 28 36 315
379 22 315 | 24 40 315 | 18 95 266
379 53 720 | 16 165 198 | 17 90 272
379 157 2128 | 16 154 209 | 19 56 304
379 11 144 | 18 57 304 | 16 99 264
379 379 1785 | 7 15 357 | 5 119 255
380 1 42 | 114 133 133 | 120 120 140
380 19 780 | 104 120 156 | 100 130 150
380 1 38 | 95 95 190 | 76 152 152
380 11 364 | 68 91 221 | 56 156 168
380 323 9900 | 50 132 198 | 55 100 225
380 1 28 | 42 156 182 | 56 72 252
380 19 510 | 50 75 255 | 40 136 204
380 1283 34320 | 39 165 176 | 40 132 208
380 31 798 | 42 91 247 | 57 57 266
380 61 1548 | 42 86 252 | 36 172 172
380 19 420 | 40 60 280 | 30 140 210
380 19 308 | 20 140 220 | 28 44 308
380 107 1456 | 16 182 182 | 17 91 272
380 19 252 | 20 45 315 | 16 112 252
380 227 2310 | 15 35 330 | 12 88 280
380 19 90 | 8 12 360 | 5 150 225
381 34 1155 | 77 84 220 | 66 105 210
381 127 4200 | 56 150 175 | 72 84 225
381 134 4389 | 57 126 198 | 76 77 228
381 85 1848 | 30 120 231 | 33 84 264
381 9 140 | 30 36 315 | 20 95 266
381 2183 32760 | 26 40 315 | 18 168 195
381 1 15 | 20 76 285 | 18 165 198
381 157 2340 | 24 45 312 | 18 143 220
382 1 42 | 112 126 144 | 110 132 140
382 53 1760 | 70 88 224 | 66 96 220
382 15 494 | 57 130 195 | 76 78 228
382 11 315 | 60 70 252 | 44 140 198
382 211 4680 | 39 63 280 | 30 144 208
382 1 22 | 30 132 220 | 44 52 286
382 23 336 | 18 112 252 | 21 57 304
382 239 2898 | 14 161 207 | 18 42 322
383 3 85 | 60 68 255 | 45 117 221
383 241 5775 | 45 63 275 | 33 175 175
383 41 840 | 27 140 216 | 40 49 294
383 5 88 | 22 152 209 | 35 40 308
383 53 924 | 22 133 228 | 33 42 308
383 23 360 | 20 99 264 | 26 45 312 | 28 40 315
383 671 4368 | 7 168 208 | 8 39 336
384 11 336 | 48 168 168 | 60 84 240
384 73 2160 | 54 90 240 | 48 120 216
384 367 9828 | 42 108 234 | 39 156 189
384 7 180 | 42 90 252 | 54 60 270
384 397 9240 | 33 120 231 | 44 60 280
384 283 4620 | 33 36 315 | 20 154 210
385 1 33 | 77 77 231 | 55 165 165
385 7 216 | 52 117 216 | 50 135 200
385 8 245 | 70 70 245 | 49 140 196
385 7 184 | 44 88 253 | 40 115 230
385 1 25 | 35 175 175 | 55 55 275
385 7 135 | 33 55 297 | 25 135 225
385 7 60 | 10 75 300 | 11 44 330
386 37 1430 | 78 143 165 | 80 130 176
386 131 5040 | 80 126 180 | 77 144 165
386 193 6930 | 66 140 180 | 77 99 210
386 37 1232 | 66 96 224 | 56 154 176
386 5 144 | 48 104 234 | 44 144 198
386 631 15470 | 35 130 221 | 34 170 182
386 79 1820 | 35 91 260 | 32 130 224
386 23 450 | 36 50 300 | 25 171 190
386 193 2898 | 18 161 207 | 28 36 322
386 271 2856 | 16 34 336 | 12 136 238
386 47 462 | 11 165 210 | 12 66 308
386 103 1008 | 11 144 231 | 14 36 336
387 129 5320 | 95 140 152 | 105 114 168
387 131 4950 | 75 132 180 | 88 99 200
387 47 1221 | 44 84 259 | 37 165 185
387 43 1080 | 45 72 270 | 36 135 216
387 24 455 | 24 168 195 | 26 95 266
387 11 117 | 12 180 195 | 19 26 342
387 79 840 | 12 175 200 | 16 35 336
387 129 1160 | 15 24 348 | 10 145 232
388 5 198 | 99 102 187 | 88 120 180
388 5 176 | 80 88 220 | 64 132 192
388 97 3360 | 60 160 168 | 80 84 224
388 17 546 | 63 91 234 | 52 168 168
388 61 1800 | 50 104 234 | 45 168 175
388 115 3276 | 63 65 260 | 52 84 252
388 23 630 | 40 168 180 | 45 98 245
388 29 780 | 48 80 260 | 45 91 252
388 3 64 | 28 168 192 | 36 64 288
388 115 2376 | 30 88 270 | 27 152 209
388 37 756 | 27 133 228 | 28 108 252
388 263 2574 | 11 143 234 | 13 45 330
388 97 700 | 10 28 350 | 8 100 280
389 179 7140 | 85 136 168 | 90 119 180
389 1 20 | 28 95 266 | 26 143 220
389 139 2600 | 26 88 275 | 25 104 260
389 131 1540 | 14 100 275 | 15 66 308
389 23 252 | 19 28 342 | 14 60 315
390 3 112 | 91 91 208 | 70 160 160
390 17 630 | 90 90 210 | 70 140 180
390 29 1050 | 70 120 200 | 75 105 210
390 13 462 | 70 110 210 | 66 126 198
390 13 450 | 60 150 180 | 75 90 225
390 13 378 | 45 135 210 | 54 84 252
390 181 5040 | 48 90 252 | 45 105 240
390 257 6864 | 39 143 208 | 48 78 264
390 191 4290 | 30 165 195 | 39 65 286
390 13 270 | 30 90 270 | 27 165 198
390 221 3780 | 27 55 308 | 21 180 189
390 13 186 | 18 93 279 | 20 60 310
390 299 3696 | 21 33 336 | 16 66 308
390 39 352 | 10 160 220 | 16 22 352
390 13 114 | 10 95 285 | 12 36 342
391 1 40 | 92 115 184 | 85 136 170
391 1 27 | 40 135 216 | 55 66 270
391 1 21 | 28 132 231 | 30 95 266
391 118 2457 | 27 182 182 | 30 91 270
391 229 3024 | 27 28 336 | 16 105 270
392 1 42 | 112 112 168 | 98 147 147
392 49 2040 | 102 120 170 | 96 136 160
392 7 260 | 80 104 208 | 70 140 182
392 11 360 | 56 126 210 | 72 80 240
392 49 1320 | 48 80 264 | 40 132 220
392 7 170 | 40 80 272 | 35 119 238
392 53 1120 | 32 80 280 | 28 140 224
392 7 144 | 28 112 252 | 32 72 288
392 19 210 | 16 40 336 | 14 63 315
392 49 360 | 8 144 240 | 12 20 360
392 7 44 | 7 77 308 | 8 32 352
393 41 1560 | 85 104 204 | 78 120 195
393 1 33 | 63 99 231 | 55 143 195
393 61 1440 | 45 60 288 | 32 171 190
393 29 672 | 42 63 288 | 32 133 228
393 29 600 | 30 88 275 | 27 150 216
393 23 420 | 30 55 308 | 36 42 315
393 1 15 | 18 150 225 | 30 33 330
393 713 9744 | 28 29 336 | 16 174 203
393 1 8 | 15 18 360 | 9 96 288
394 17 560 | 56 130 208 | 70 84 240
394 31 840 | 56 65 273 | 42 112 240
394 17 450 | 42 100 252 | 39 130 225
394 25 616 | 52 56 286 | 44 70 280
394 103 2310 | 33 95 266 | 30 154 210
394 121 1680 | 17 105 272 | 28 30 336
394 313 2520 | 14 20 360 | 9 105 280
395 79 3045 | 75 145 175 | 87 105 203
395 2 75 | 75 120 200 | 70 150 175
395 61 1820 | 65 70 260 | 52 98 245
395 79 2288 | 55 80 260 | 44 143 208
395 29 780 | 45 90 260 | 52 70 273
395 88 1755 | 26 135 234 | 27 108 260
395 1063 17325 | 25 55 315 | 21 99 275
396 3 130 | 120 120 156 | 110 143 143
396 3 110 | 88 88 220 | 66 165 165
396 1 36 | 72 108 216 | 66 132 198
396 3 88 | 66 66 264 | 44 176 176
396 37 1080 | 45 135 216 | 48 108 240
396 3 70 | 32 140 224 | 35 95 266
396 31 546 | 22 143 231 | 28 56 312
396 7 120 | 22 110 264 | 21 175 200
396 37 630 | 27 54 315 | 21 150 225
396 17 252 | 18 126 252 | 21 60 315
396 3 32 | 22 22 352 | 12 192 192
396 3 28 | 12 48 336 | 11 77 308
397 5 126 | 45 72 280 | 36 133 228
397 11 272 | 34 176 187 | 40 85 272
397 16 385 | 40 77 280 | 33 154 210
397 541 7752 | 19 72 306 | 17 152 228
397 725 8073 | 13 108 276 | 23 23 351
397 397 2244 | 6 187 204 | 11 12 374
398 11 468 | 104 126 168 | 99 143 156
398 163 6270 | 76 132 190 | 90 99 209
398 139 4810 | 65 111 222 | 74 90 234
398 149 3960 | 44 90 264 | 55 63 280
398 199 4862 | 34 143 221 | 44 68 286
398 13 210 | 33 35 330 | 20 126 252
399 19 816 | 112 119 168 | 102 144 153
399 47 1260 | 42 105 252 | 56 63 280
399 9 224 | 48 63 288 | 35 140 224
399 1 24 | 49 56 294 | 36 99 264
399 133 2475 | 27 75 297 | 25 99 275
399 7 120 | 21 168 210 | 24 75 300
399 1 15 | 19 95 285 | 21 63 315
399 43 525 | 14 175 210 | 15 84 300
399 71 840 | 24 25 350 | 14 105 280
399 19 156 | 14 21 364 | 9 156 234
399 133 1080 | 12 27 360 | 9 120 270
400 1 40 | 80 160 160 | 100 100 200
400 71 2660 | 76 114 210 | 70 140 190
400 23 840 | 70 120 210 | 80 96 224
400 1 36 | 75 100 225 | 64 144 192
400 79 2530 | 70 77 253 | 55 115 230
400 11 260 | 32 160 208 | 39 76 285
400 121 2520 | 28 120 252 | 30 90 280
400 49 360 | 10 30 360 | 8 140 252
401 17 580 | 65 104 232 | 58 140 203
401 31 840 | 55 66 280 | 40 133 228
401 11 280 | 40 95 266 | 44 77 280
401 271 3696 | 16 154 231 | 21 44 336
402 155 6006 | 78 126 198 | 77 130 195
402 25 924 | 66 168 168 | 77 105 220
402 67 2310 | 60 132 210 | 66 105 231
402 67 2184 | 52 168 182 | 72 78 252
402 35 1122 | 51 153 198 | 70 77 255
402 215 5544 | 36 168 198 | 45 77 280
402 67 1680 | 42 80 280 | 36 126 240
402 9 160 | 22 160 220 | 24 90 288
402 677 11550 | 21 150 231 | 22 105 275
402 409 4368 | 14 52 336 | 12 182 208
403 5 156 | 52 117 234 | 65 78 260
403 1 28 | 52 78 273 | 42 133 228
403 13 360 | 40 165 198 | 60 63 280
403 10 273 | 42 114 247 | 39 182 182
403 403 10080 | 35 144 224 | 45 70 288
403 17 420 | 49 60 294 | 42 76 285
403 13 280 | 28 175 200 | 40 55 308
403 1157 12320 | 12 160 231 | 16 35 352
403 403 4284 | 18 28 357 | 12 153 238
404 37 1610 | 115 119 170 | 105 138 161
404 523 10962 | 29 105 270 | 27 174 203
404 37 440 | 14 110 280 | 20 32 352
404 17 180 | 12 140 252 | 20 24 360
405 97 3432 | 72 99 234 | 65 120 220
405 19 480 | 35 160 210 | 45 72 288
405 11 273 | 36 117 252 | 42 77 286
405 1 21 | 45 45 315 | 27 189 189
405 1 20 | 30 75 300 | 27 108 270
405 1199 20475 | 25 65 315 | 21 150 234
405 1 13 | 15 195 195 | 27 27 351
406 7 312 | 120 130 156 | 117 136 153
406 1 36 | 68 117 221 | 63 147 196
406 19 630 | 63 98 245 | 70 84 252
407 37 1235 | 55 143 209 | 65 95 247
407 59 1848 | 66 77 264 | 56 99 252
407 37 660 | 22 165 220 | 33 44 330
408 13 504 | 72 168 168 | 84 108 216
408 149 5460 | 84 90 234 | 65 147 196
408 127 4620 | 66 132 210 | 63 165 180
408 71 2520 | 70 104 234 | 60 168 180
408 97 3276 | 56 144 208 | 78 78 252
408 13 420 | 56 112 240 | 70 78 260
408 1 30 | 65 70 273 | 51 102 255 | 45 165 198 | 48 120 240
408 43 1260 | 45 132 231 | 54 84 270
408 29 660 | 33 100 275 | 30 180 198
408 19 420 | 30 126 252 | 32 96 280
408 11 210 | 24 160 224 | 30 63 315
408 1 18 | 24 96 288 | 33 45 330
409 409 17160 | 88 156 165 | 104 110 195
409 23 720 | 48 171 190 | 52 117 240
409 59 1680 | 48 95 266 | 45 112 252
409 3 80 | 48 76 285 | 39 130 240
409 191 4760 | 35 136 238 | 34 175 200
409 1 24 | 34 120 255 | 48 57 304
409 149 2925 | 39 45 325 | 25 150 234
409 409 6120 | 18 136 255 | 24 45 340
409 67 728 | 13 84 312 | 21 24 364
410 1 42 | 88 154 168 | 90 140 180
410 139 5148 | 88 88 234 | 65 165 180
410 1 36 | 80 90 240 | 72 104 234
410 5 126 | 35 150 225 | 40 90 280
410 13 308 | 32 154 224 | 35 100 275
410 47 910 | 26 104 280 | 35 50 325
410 83 1008 | 14 144 252 | 15 80 315
411 17 432 | 36 135 240 | 48 66 297
411 1 21 | 36 60 315 | 27 168 216
411 227 3900 | 24 75 312 | 26 60 325
412 103 3276 | 52 126 234 | 56 104 252
412 103 2880 | 60 64 288 | 40 180 192
412 103 1890 | 27 70 315 | 24 108 280
412 43 660 | 20 84 308 | 22 60 330
412 139 910 | 8 40 364 | 7 195 210
413 35 1144 | 65 88 260 | 52 152 209
413 7 171 | 38 90 285 | 33 171 209
413 317 5796 | 28 63 322 | 23 138 252
414 1 40 | 90 108 216 | 84 120 210
414 37 1368 | 72 114 228 | 76 104 234
414 47 1638 | 63 117 234 | 78 84 252
414 3 92 | 69 69 276 | 46 184 184
414 1 30 | 46 138 230 | 54 90 270
414 83 1890 | 30 168 216 | 45 54 315
414 3 52 | 24 78 312 | 23 92 299
415 29 1155 | 75 165 175 | 77 143 195
415 349 13860 | 77 140 198 | 90 105 220
415 23 900 | 90 100 225 | 72 168 175
415 71 2340 | 65 90 260 | 52 165 198
415 1 28 | 52 77 286 | 40 175 200
415 26 665 | 40 95 280 | 35 190 190
415 347 8645 | 39 91 285 | 35 133 247
415 41 504 | 16 63 336 | 20 35 360
416 13 480 | 64 160 192 | 80 96 240
416 13 440 | 55 152 209 | 56 140 220
416 11 364 | 52 182 182 | 65 91 260
416 247 7140 | 45 119 252 | 42 170 204
416 23 660 | 42 154 220 | 55 76 285
416 83 2128 | 38 112 266 | 56 56 304
416 1 24 | 52 52 312 | 32 192 192
416 1 20 | 26 130 260 | 32 64 320
416 337 4760 | 17 119 280 | 20 56 340
416 949 9350 | 11 150 255 | 17 25 374
417 79 3108 | 84 111 222 | 74 147 196
417 139 5040 | 63 144 210 | 72 105 240
417 311 10920 | 63 120 234 | 65 112 240
417 9 308 | 56 152 209 | 66 99 252
417 46 1395 | 45 186 186 | 54 93 270
417 29 840 | 56 76 285 | 45 120 252 | 42 175 200
417 1 27 | 54 66 297 | 42 105 270
417 139 3480 | 40 87 290 | 36 120 261
417 59 1008 | 21 144 252 | 27 54 336
417 47 504 | 12 189 216 | 15 42 360
418 1 40 | 76 152 190 | 88 110 220 | 75 168 175 | 80 130 208
418 13 504 | 70 168 180 | 88 99 231
418 47 1320 | 40 180 198 | 44 110 264
418 137 3366 | 44 68 306 | 33 187 198
418 19 462 | 33 154 231 | 44 66 308
418 1 18 | 38 38 342 | 22 198 198
419 277 11088 | 96 99 224 | 77 144 198
419 181 5720 | 48 176 195 | 55 104 260
419 11 280 | 35 160 224 | 55 56 308
419 37 455 | 20 35 364 | 14 195 210
420 7 300 | 90 150 180 | 100 120 200
420 1 42 | 105 105 210 | 84 168 168
420 7 288 | 80 160 180 | 96 108 216
420 1 36 | 60 180 180 | 84 84 252
420 3 104 | 80 80 260 | 56 182 182
420 21 680 | 68 80 272 | 50 170 200
420 1 30 | 56 84 280 | 45 150 225
420 7 180 | 45 75 300 | 36 144 240
420 1 24 | 36 96 288 | 35 105 280
420 7 156 | 36 72 312 | 30 130 260
420 7 132 | 24 132 264 | 30 60 330
420 3 50 | 20 200 200 | 35 35 350
420 7 90 | 20 40 360 | 15 135 270
421 1 44 | 102 132 187 | 96 160 165
421 4 165 | 85 132 204 | 80 165 176
421 37 1365 | 78 98 245 | 70 117 234
421 1 36 | 60 171 190 | 78 91 252
421 421 5440 | 17 64 340 | 16 85 320
421 421 4180 | 19 22 380 | 11 190 220
422 13 504 | 84 104 234 | 72 140 210
422 8 231 | 52 84 286 | 44 126 252
422 47 1204 | 35 172 215 | 44 77 301
422 51 1040 | 30 80 312 | 26 156 240
422 211 3542 | 22 92 308 | 23 77 322
422 211 2912 | 16 182 224 | 26 32 364
422 157 1904 | 14 136 272 | 17 48 357
423 23 720 | 48 150 225 | 63 80 280
423 19 540 | 60 66 297 | 45 108 270
423 1789 27720 | 21 72 330 | 20 88 315
424 23 1040 | 104 160 160 | 112 130 182
424 17 728 | 88 154 182 | 104 112 208
424 83 3440 | 80 172 172 | 86 130 208
424 17 630 | 63 171 190 | 72 112 240
424 151 5544 | 63 152 209 | 84 88 252
424 7 160 | 32 112 280 | 40 64 320
424 5 96 | 32 56 336 | 24 160 240
425 1 45 | 102 153 170 | 105 140 180
425 1 33 | 51 187 187 | 75 75 275
425 229 7280 | 48 182 195 | 65 80 280
425 167 4095 | 45 65 315 | 35 117 273
425 127 3080 | 40 77 308 | 35 110 280
425 11 175 | 25 50 350 | 20 105 300
425 479 3960 | 9 176 240 | 10 55 360
426 73 3168 | 90 160 176 | 96 132 198
426 10 399 | 76 140 210 | 84 114 228
426 31 1170 | 72 120 234 | 65 171 190
426 17 630 | 63 165 198 | 84 90 252
426 241 7956 | 51 180 195 | 52 153 221
426 251 8190 | 52 140 234 | 63 90 273
426 5 156 | 65 76 285 | 48 144 234
426 13 378 | 63 66 297 | 42 168 216
426 59 1320 | 48 48 330 | 30 132 264
426 113 1638 | 26 36 364 | 21 54 351
427 22 819 | 84 91 252 | 63 182 182
427 10 357 | 70 102 255 | 63 126 238
427 79 2548 | 49 182 196 | 52 130 245
427 95 2709 | 43 126 258 | 63 63 301
427 61 1720 | 56 70 301 | 40 172 215
427 29 735 | 35 147 245 | 49 63 315
427 23 396 | 21 154 252 | 22 108 297
428 19 630 | 56 120 252 | 65 90 273
428 67 1980 | 52 90 286 | 44 144 240
428 83 2400 | 50 90 288 | 64 64 300
428 73 1760 | 44 64 320 | 32 176 220
428 113 2464 | 32 88 308 | 28 176 224
428 89 1440 | 20 120 288 | 32 36 360
429 1 45 | 99 165 165 | 105 135 189 | 117 117 195
429 17 693 | 99 99 231 | 77 154 198
429 12 455 | 68 140 221 | 65 182 182
429 83 3120 | 72 117 240 | 65 156 208
429 1 30 | 44 165 220 | 45 144 240
429 19 540 | 42 135 252 | 54 75 300
429 32 903 | 42 129 258 | 49 86 294
429 17 468 | 39 156 234 | 44 99 286
429 1 24 | 33 132 264 | 39 78 312
429 13 297 | 45 54 330 | 33 99 297
429 13 105 | 11 33 385 | 9 105 315
430 89 3080 | 55 175 200 | 56 154 220
430 43 1242 | 45 115 270 | 46 108 276
430 89 2520 | 40 180 210 | 45 105 280
430 43 1200 | 50 80 300 | 40 150 240
430 43 990 | 45 55 330 | 30 180 220
430 37 700 | 40 40 350 | 25 105 300
430 43 696 | 24 58 348 | 20 120 290
431 79 3080 | 88 98 245 | 70 152 209
431 1 35 | 70 95 266 | 56 175 200
431 356 12285 | 63 108 260 | 70 91 270
431 1249 30240 | 32 189 210 | 35 108 288
432 3 140 | 126 126 180 | 112 160 160
432 19 858 | 117 117 198 | 102 143 187
432 1 42 | 96 112 224 | 81 162 189
432 1 40 | 96 96 240 | 72 180 180
432 1 32 | 48 192 192 | 72 72 288
432 3 46 | 32 32 368 | 18 207 207
433 71 3135 | 110 114 209 | 95 143 195
433 8 315 | 90 98 245 | 70 165 198
433 17 665 | 70 154 209 | 91 95 247
433 71 2520 | 70 99 264 | 72 95 266
433 19 660 | 65 104 264 | 55 180 198
433 11 360 | 72 76 285 | 63 90 280
433 701 17765 | 34 190 209 | 55 55 323
433 433 6300 | 18 100 315 | 20 63 350
433 5 72 | 19 72 342 | 17 144 272
434 7 288 | 84 126 224 | 96 104 234
434 23 910 | 91 98 245 | 70 182 182
434 217 7920 | 60 176 198 | 80 90 264
434 49 1716 | 77 84 273 | 66 104 264
434 217 7410 | 57 130 247 | 60 114 260
434 13 440 | 60 110 264 | 77 77 280
434 5 168 | 70 84 280 | 56 126 252
434 31 980 | 49 140 245 | 56 98 280
434 109 3080 | 56 70 308 | 44 110 280
434 31 800 | 35 175 224 | 50 64 320
434 119 2200 | 32 50 352 | 24 110 300
434 217 1800 | 16 18 400 | 9 200 225
435 1 36 | 60 150 225 | 72 99 264
435 221 7200 | 72 75 288 | 50 160 225
435 9 275 | 50 110 275 | 45 165 225
435 139 4200 | 63 72 300 | 50 105 280
435 61 1575 | 35 175 225 | 45 75 315
435 34 825 | 36 99 300 | 50 55 330
436 19 720 | 64 180 192 | 70 126 240
436 823 30940 | 68 130 238 | 85 91 260
436 109 3640 | 65 91 280 | 52 160 224
436 71 2156 | 44 196 196 | 52 98 286
436 31 880 | 44 112 280 | 40 176 220
436 5 132 | 44 84 308 | 36 180 220
436 109 2574 | 36 88 312 | 33 117 286
436 113 2520 | 33 88 315 | 30 126 280
436 109 2380 | 28 170 238 | 40 56 340
436 35 572 | 28 44 364 | 20 130 286
436 233 3168 | 16 132 288 | 18 66 352
437 1 45 | 99 143 195 | 115 115 207 | 95 171 171
437 13 561 | 85 165 187 | 99 117 221
437 149 5460 | 63 140 234 | 60 182 195
437 773 23760 | 60 80 297 | 45 176 216
438 23 924 | 77 133 228 | 72 168 198
438 53 2100 | 75 132 231 | 70 168 200
438 3 110 | 60 180 198 | 77 95 266
438 11 378 | 54 168 216 | 63 105 270
438 4 135 | 54 144 240 | 60 108 270
438 79 2310 | 42 165 231 | 60 70 308
438 73 1824 | 38 96 304 | 36 114 288
438 107 2640 | 48 60 330 | 33 165 240
438 73 1680 | 30 168 240 | 42 60 336
438 73 1320 | 22 176 240 | 33 45 360
438 73 1104 | 24 46 368 | 18 144 276
438 3011 36960 | 14 160 264 | 21 32 385
439 83 3432 | 88 117 234 | 78 152 209
439 439 16380 | 70 117 252 | 65 140 234
439 937 32175 | 55 150 234 | 65 99 275
439 439 12240 | 48 85 306 | 40 144 255
439 533 12920 | 34 120 285 | 40 76 323
440 1 48 | 120 160 160 | 132 132 176
440 1 44 | 88 176 176 | 110 110 220
440 17 672 | 70 160 210 | 72 144 224
440 61 2340 | 65 180 195 | 90 90 260
440 31 1170 | 63 182 195 | 65 150 225
440 1 35 | 80 80 280 | 56 160 224
440 73 2520 | 56 144 240 | 70 90 280
440 391 11880 | 44 180 216 | 55 88 297
440 1 26 | 35 195 210 | 50 65 325
441 7 312 | 91 168 182 | 108 117 216
441 5 216 | 84 168 189 | 90 135 216
441 14 585 | 90 117 234 | 78 165 198
441 263 9240 | 77 84 280 | 56 165 220
441 21 736 | 56 161 224 | 69 96 276
441 32 945 | 45 126 270 | 42 189 210
441 3 88 | 42 168 231 | 56 77 308
441 7 180 | 36 135 270 | 42 84 315
441 147 3740 | 51 60 330 | 34 187 220
441 4 99 | 36 108 297 | 45 66 330
441 7 120 | 21 140 280 | 27 54 360
441 21 116 | 6 87 348 | 7 28 406
442 13 616 | 119 136 187 | 112 154 176
442 1 42 | 91 117 234 | 102 102 238 | 78 182 182
442 13 510 | 68 170 204 | 85 102 255
442 29 960 | 50 192 200 | 64 90 288
442 47 1386 | 49 99 294 | 42 180 220
442 83 1980 | 40 72 330 | 35 99 308
443 5 231 | 105 143 195 | 102 154 187
443 13 600 | 108 135 200 | 100 168 175
443 17 700 | 75 168 200 | 98 100 245
443 34 1287 | 66 143 234 | 63 182 198
443 61 1848 | 44 168 231 | 63 72 308
443 611 16720 | 38 165 240 | 44 95 304
443 167 2184 | 16 91 336 | 15 168 260
444 37 1560 | 80 156 208 | 90 120 234
444 193 7392 | 66 154 224 | 84 96 264
444 11 360 | 60 96 288 | 54 120 270
444 37 1140 | 45 171 228 | 60 80 304
444 111 2380 | 34 70 340 | 28 136 280
444 43 840 | 28 80 336 | 24 210 210
444 37 720 | 24 180 240 | 36 48 360
444 419 5460 | 15 156 273 | 26 28 390
444 37 390 | 15 39 390 | 12 120 312
445 43 1540 | 77 88 280 | 70 100 275
445 43 1260 | 45 120 280 | 60 70 315
445 107 1800 | 20 200 225 | 25 60 360
446 5 228 | 96 160 190 | 95 171 180
446 145 6188 | 104 104 238 | 85 140 221
446 31 1190 | 68 140 238 | 85 95 266
446 29 1020 | 76 85 285 | 55 187 204
446 223 7590 | 55 138 253 | 60 110 276
446 223 858 | 6 11 429 | 4 156 286
447 23 936 | 72 180 195 | 91 104 252
447 31 1260 | 72 175 200 | 90 105 252
447 437 16380 | 84 90 273 | 70 117 260
447 73 2580 | 60 129 258 | 76 86 285
447 17 504 | 42 189 216 | 60 72 315
447 353 4620 | 20 42 385 | 15 168 264
448 1 48 | 112 168 168 | 128 128 192
448 79 3360 | 84 140 224 | 96 112 240
448 11 392 | 56 196 196 | 70 98 280
448 73 2520 | 63 105 280 | 56 140 252
448 7 220 | 52 110 286 | 70 70 308
448 1 30 | 49 105 294 | 63 70 315
448 143 4214 | 43 147 258 | 49 98 301
449 613 6045 | 15 31 403 | 12 65 372
450 3 140 | 100 175 175 | 112 130 208 | 120 120 210
450 43 1680 | 70 140 240 | 78 112 260
450 191 7410 | 65 190 195 | 76 114 260
450 31 1080 | 54 180 216 | 60 120 270
450 3 100 | 50 200 200 | 75 75 300
450 19 630 | 50 175 225 | 54 126 270
450 1 30 | 50 100 300 | 45 135 270
450 3 70 | 50 50 350 | 30 210 210
451 1 45 | 90 171 190 | 99 132 220
451 89 3960 | 90 152 209 | 88 165 198
451 2 65 | 55 110 286 | 48 195 208
451 698 13923 | 36 51 364 | 26 119 306
452 179 8008 | 91 152 209 | 88 182 182
452 643 27170 | 78 165 209 | 95 110 247
452 1 42 | 77 165 210 | 91 114 247
452 269 11088 | 77 144 231 | 88 112 252
452 23 910 | 80 112 260 | 91 95 266
452 107 2464 | 44 56 352 | 32 112 308
453 31 1485 | 110 154 189 | 108 165 180
453 773 15120 | 27 90 336 | 24 189 240
453 151 1248 | 9 156 288 | 13 24 416
454 181 8190 | 90 182 182 | 91 165 198
454 31 1386 | 88 168 198 | 90 154 210
454 5 182 | 70 104 280 | 77 91 286
454 145 4914 | 66 91 297 | 54 140 260
454 137 2600 | 25 104 325 | 24 130 300
454 3671 59280 | 19 195 240 | 26 48 380
454 787 10780 | 22 40 392 | 20 49 385
455 91 4488 | 132 136 187 | 120 165 170
455 13 560 | 98 112 245 | 80 175 200
455 23 924 | 70 165 220 | 77 126 252
455 1 39 | 65 195 195 | 91 91 273
455 7 240 | 52 195 208 | 75 80 300
455 91 1845 | 25 205 225 | 41 45 369
455 7 116 | 20 145 290 | 26 52 377
455 91 1472 | 20 115 320 | 23 64 368
455 91 1200 | 25 30 400 | 15 200 240
456 19 924 | 126 132 198 | 112 168 176
456 59 2604 | 93 132 231 | 84 186 186
456 9 364 | 78 126 252 | 76 133 247
456 57 2210 | 80 104 272 | 65 170 221
456 1 36 | 57 171 228 | 72 96 288
456 47 1440 | 48 120 288 | 64 72 320
456 23 660 | 40 176 240 | 60 66 330
456 19 504 | 36 168 252 | 48 72 336
456 17 420 | 36 105 315 | 40 80 336
456 57 1400 | 32 200 224 | 50 56 350
456 19 396 | 32 72 352 | 27 132 297
456 1103 18900 | 28 50 378 | 21 135 300
456 19 264 | 16 176 264 | 24 36 396
456 7 90 | 16 80 360 | 15 126 315
456 263 3240 | 14 162 280 | 24 27 405
457 19 840 | 105 112 240 | 85 168 204
457 521 20880 | 72 145 240 | 80 116 261
457 463 18216 | 66 184 207 | 72 132 253
457 1 32 | 52 117 288 | 57 96 304
457 487 8800 | 22 160 275 | 25 80 352
458 229 10260 | 90 152 216 | 95 135 228
458 167 6790 | 70 194 194 | 95 97 266
458 229 9240 | 70 168 220 | 84 110 264
458 11 432 | 66 176 216 | 80 108 270
458 115 3192 | 40 133 285 | 42 112 304
458 229 3120 | 16 130 312 | 20 48 390
458 529 6930 | 18 55 385 | 20 42 396
458 25 164 | 7 164 287 | 8 40 410
459 3 112 | 63 144 252 | 68 119 272
459 5 156 | 56 91 312 | 45 180 234
459 211 4680 | 30 117 312 | 39 60 360
459 29 441 | 19 98 342 | 18 147 294
459 301 3960 | 15 180 264 | 18 56 385
459 3 25 | 17 17 425 | 9 225 225
460 7 330 | 120 120 220 | 99 171 190
460 1 46 | 92 184 184 | 115 115 230
460 1 42 | 80 140 240 | 75 175 210
460 169 6984 | 72 194 194 | 97 99 264
460 169 6930 | 72 168 220 | 95 99 266
460 19 748 | 85 100 275 | 68 154 238
460 53 1980 | 76 99 285 | 60 180 220
460 19 550 | 40 200 220 | 55 75 330
460 1 28 | 46 92 322 | 40 140 280
460 353 9240 | 44 80 336 | 42 88 330
461 163 5775 | 55 175 231 | 77 84 300
462 13 630 | 110 154 198 | 126 126 210
462 7 330 | 99 165 198 | 110 132 220
462 3 136 | 88 187 187 | 112 112 238
462 83 3570 | 84 140 238 | 102 105 255
462 1 42 | 77 154 231 | 84 126 252
462 7 270 | 63 189 210 | 72 120 270
462 1 30 | 66 66 330 | 42 210 210
463 10 483 | 115 138 210 | 112 144 207
463 19 880 | 99 144 220 | 112 120 231
463 457 18216 | 88 99 276 | 72 138 253
463 173 5544 | 60 88 315 | 56 99 308
463 463 5985 | 19 45 399 | 15 133 315
464 5 252 | 135 140 189 | 126 156 182
464 11 504 | 96 144 224 | 104 126 234
464 13 560 | 80 160 224 | 84 140 240
464 19 720 | 80 96 288 | 72 112 280
464 277 6120 | 36 68 360 | 35 72 357
464 1 14 | 29 29 406 | 16 224 224
465 31 1512 | 120 135 210 | 108 168 189
465 164 6435 | 66 165 234 | 65 180 220
465 523 20475 | 75 117 273 | 65 175 225
465 1 36 | 60 135 270 | 75 90 300 | 62 124 279
465 31 975 | 65 75 325 | 45 195 225
465 1 24 | 45 60 360 | 31 186 248
465 93 1148 | 14 164 287 | 20 35 410
466 13 630 | 112 144 210 | 105 171 190
466 3 140 | 96 160 210 | 105 133 228
466 157 5562 | 66 103 297 | 54 206 206
466 139 3570 | 38 105 323 | 34 180 252
466 703 14560 | 26 160 280 | 32 70 364
466 41 630 | 18 168 280 | 19 105 342
466 109 1584 | 22 48 396 | 18 96 352
467 11 468 | 90 117 260 | 99 104 264
467 181 3927 | 42 51 374 | 33 77 357
467 124 1995 | 30 38 399 | 19 168 280
468 3 154 | 143 143 182 | 132 168 168
468 15 728 | 105 168 195 | 104 182 182
468 1 48 | 104 156 208 | 108 144 216
468 871 41580 | 99 180 189 | 108 140 220
468 39 1760 | 96 132 240 | 88 160 220
468 17 756 | 108 108 252 | 84 168 216
468 29 1260 | 90 126 252 | 84 144 240
468 3 130 | 78 195 195 | 104 104 260
468 13 540 | 72 180 216 | 90 108 270
468 13 504 | 84 96 288 | 63 189 216
468 79 2772 | 72 88 308 | 63 108 297
468 3 104 | 52 208 208 | 78 78 312
468 95 3276 | 72 84 312 | 52 182 234
468 169 5040 | 48 105 315 | 60 72 336
468 1 28 | 48 84 336 | 39 156 273
468 39 640 | 20 128 320 | 24 60 384
468 39 220 | 8 20 440 | 6 132 330
469 5 252 | 119 170 180 | 126 147 196
469 67 3135 | 95 165 209 | 105 133 231
469 1 45 | 85 180 204 | 98 126 245
469 571 20020 | 55 154 260 | 70 91 308
469 37 1260 | 70 84 315 | 51 180 238
469 469 13260 | 51 78 340 | 39 170 260
469 469 11880 | 54 55 360 | 33 216 220
469 343 7480 | 40 55 374 | 32 85 352
469 469 9120 | 32 57 380 | 24 160 285
470 37 1710 | 95 150 225 | 90 190 190
470 23 910 | 70 140 260 | 65 195 210
470 293 11440 | 80 104 286 | 65 165 240
470 19 600 | 50 120 300 | 45 200 225
470 121 3570 | 45 119 306 | 60 70 340
470 143 3706 | 34 218 218 | 38 109 323
470 193 2310 | 22 28 420 | 15 70 385
470 179 1320 | 15 15 440 | 8 132 330
471 11 540 | 120 135 216 | 108 165 198
471 97 4620 | 120 120 231 | 110 133 228
471 503 15120 | 42 189 240 | 48 108 315
471 311 9240 | 42 165 264 | 55 80 336
471 703 19305 | 39 135 297 | 55 65 351
471 1289 32844 | 46 68 357 | 34 161 276
471 23 540 | 33 108 330 | 30 189 252
471 157 3240 | 30 81 360 | 27 120 324
471 157 2772 | 21 198 252 | 33 42 396
471 211 2856 | 21 42 408 | 16 119 336
471 157 1680 | 16 35 420 | 12 144 315
472 71 1760 | 40 80 352 | 32 220 220
473 1 48 | 99 176 198 | 112 133 228
473 13 560 | 77 176 220 | 95 112 266
473 5 189 | 77 99 297 | 65 135 273
473 43 1320 | 44 165 264 | 55 88 330
473 73 1904 | 38 112 323 | 48 68 357
473 268 1989 | 13 18 442 | 8 153 312
474 71 3360 | 100 150 224 | 96 168 210
474 79 3696 | 99 144 231 | 96 154 224
474 1 45 | 84 180 210 | 90 144 240
474 79 3276 | 84 117 273 | 72 168 234
474 13 462 | 56 154 264 | 54 189 231
474 33 1120 | 50 200 224 | 63 96 315
474 73 2310 | 45 198 231 | 60 84 330
474 23 672 | 42 144 288 | 40 210 224
474 383 9282 | 42 68 364 | 39 78 357
474 47 1110 | 30 222 222 | 33 111 330
474 79 966 | 18 42 414 | 14 138 322
475 11 455 | 91 104 280 | 70 195 210
475 61 2520 | 70 189 216 | 90 105 280
475 1 35 | 70 90 315 | 57 133 285
475 323 8280 | 40 90 345 | 46 69 360
475 19 385 | 25 175 275 | 35 55 385
475 1 16 | 25 50 400 | 19 152 304
475 199 2640 | 15 220 240 | 16 99 360
476 5 252 | 119 153 204 | 126 140 210
476 13 588 | 84 196 196 | 98 126 252
476 443 18018 | 77 126 273 | 91 99 286
476 1 36 | 68 102 306 | 56 168 252
476 1 26 | 34 221 221 | 56 56 364
476 661 8736 | 21 39 416 | 16 96 364
476 7 92 | 17 68 391 | 16 92 368
476 101 1260 | 20 36 420 | 14 210 252
477 35 936 | 52 65 360 | 36 168 273
477 7 180 | 36 126 315 | 45 72 360
477 5 108 | 27 180 270 | 36 63 378
477 353 4620 | 22 35 420 | 15 154 308
478 181 8778 | 110 140 228 | 114 133 231
478 53 2520 | 112 126 240 | 104 140 234
478 191 2898 | 18 138 322 | 28 36 414
479 59 2079 | 63 108 308 | 55 154 270
479 103 1520 | 17 190 272 | 19 80 380
479 877 8360 | 11 88 380 | 19 20 440
480 1 48 | 120 120 240 | 96 192 192
480 11 420 | 75 105 300 | 60 210 210
480 3 88 | 40 220 220 | 64 64 352
480 49 1320 | 36 180 264 | 40 110 330
481 17 840 | 120 133 228 | 104 182 195
481 23 988 | 76 171 234 | 78 156 247
481 1 40 | 65 208 208 | 76 120 285
481 481 17136 | 63 112 306 | 56 153 272
481 13 360 | 55 66 360 | 40 126 315
481 13 308 | 33 112 336 | 30 220 231
481 37 780 | 26 195 260 | 39 52 390
481 169 3465 | 25 225 231 | 33 63 385
481 82 1617 | 36 49 396 | 33 56 392
481 481 2736 | 9 16 456 | 6 171 304
482 1 48 | 104 144 234 | 110 132 240
482 47 2205 | 90 196 196 | 98 144 240
482 17 720 | 78 144 260 | 90 112 280
482 23 720 | 56 90 336 | 44 198 240
482 241 4290 | 22 130 330 | 26 66 390
482 241 4050 | 20 162 300 | 27 50 405
482 241 3570 | 28 34 420 | 17 210 255
482 241 2610 | 18 29 435 | 12 180 290
483 17 840 | 120 132 231 | 105 168 210
483 3 140 | 92 161 230 | 98 140 245 | 105 126 252
483 31 1365 | 78 195 210 | 105 105 273
483 347 12600 | 63 120 300 | 56 175 252
483 413 13260 | 51 120 312 | 65 78 340
483 131 3213 | 51 54 378 | 35 108 340
483 35 792 | 32 99 352 | 33 90 360
483 61 1188 | 33 54 396 | 28 77 378
484 157 7920 | 110 176 198 | 120 144 220
484 17 780 | 104 120 260 | 85 195 204
484 191 6930 | 55 198 231 | 70 99 315
484 41 1440 | 56 140 288 | 54 160 270
484 419 12320 | 40 220 224 | 55 77 352
484 5 126 | 40 84 360 | 36 112 336
484 419 9044 | 34 70 380 | 28 133 323
484 421 8400 | 25 144 315 | 42 42 400
484 509 9350 | 22 187 275 | 25 85 374
485 97 4464 | 90 155 240 | 93 144 248
485 1 44 | 100 110 275 | 80 165 240
485 97 4200 | 100 105 280 | 75 200 210
485 3 80 | 45 80 360 | 35 210 240
485 97 1032 | 12 129 344 | 15 40 430
486 185 8514 | 99 129 258 | 86 180 220
486 251 9240 | 72 99 315 | 56 210 220
486 1 36 | 81 81 324 | 54 216 216
486 29 990 | 54 135 297 | 66 90 330
486 221 6270 | 38 220 228 | 45 99 342
487 2 99 | 112 144 231 | 102 187 198
487 29 1008 | 57 126 304 | 60 112 315
487 487 11424 | 34 96 357 | 32 119 336
487 457 8800 | 25 110 352 | 32 55 400
487 487 7560 | 18 189 280 | 27 40 420
487 971 13860 | 18 84 385 | 22 45 420
488 11 468 | 72 208 208 | 96 104 288
488 61 1938 | 51 114 323 | 48 136 304
488 29 840 | 56 72 360 | 40 168 280
488 29 600 | 26 150 312 | 40 48 400
488 61 1040 | 20 208 260 | 32 40 416
488 61 858 | 26 33 429 | 16 208 264
489 11 504 | 84 189 216 | 99 126 264
489 31 1365 | 104 105 280 | 90 126 273
489 163 5115 | 45 165 279 | 55 93 341
490 7 352 | 112 154 224 | 110 160 220
490 1 48 | 100 150 240 | 112 126 252
490 73 3432 | 91 168 231 | 110 120 260
490 23 1064 | 91 152 247 | 112 112 266
490 1 42 | 98 98 294 | 70 210 210
490 7 240 | 70 84 336 | 50 200 240
490 49 1650 | 60 100 330 | 50 165 275
490 53 1400 | 40 100 350 | 35 175 280
490 7 180 | 35 140 315 | 40 90 360
490 473 12096 | 48 64 378 | 35 135 320
490 1 22 | 35 70 385 | 28 154 308
490 19 400 | 40 50 400 | 28 112 350
490 49 792 | 20 110 360 | 22 72 396
490 49 450 | 15 25 450 | 10 180 300
490 7 64 | 14 28 448 | 10 160 320
490 7 46 | 7 161 322 | 10 20 460
491 2 91 | 91 140 260 | 95 130 266
492 37 1980 | 140 154 198 | 132 180 180
492 1 42 | 82 123 287 | 72 168 252
492 97 3036 | 44 184 264 | 55 92 345
492 25 756 | 48 108 336 | 42 180 270
492 1 30 | 41 205 246 | 60 72 360
493 1 52 | 136 136 221 | 130 143 220
493 125 5712 | 85 168 240 | 102 119 272
493 1 45 | 85 153 255 | 87 145 261
493 181 8008 | 88 132 273 | 77 208 208
493 83 2244 | 51 68 374 | 38 132 323
493 11 248 | 28 217 248 | 33 88 372
493 41 900 | 45 48 400 | 28 150 315
493 1201 15400 | 25 28 440 | 16 77 400
493 55 459 | 17 17 459 | 9 187 297
494 13 680 | 119 175 200 | 120 170 204
494 11 520 | 104 130 260 | 95 152 247
494 11 504 | 88 154 252 | 104 117 273
494 1 44 | 76 209 209 | 104 104 286
494 13 570 | 76 190 228 | 95 114 285
494 25 1008 | 70 144 280 | 66 176 252
494 247 9240 | 66 120 308 | 60 154 280
494 247 7700 | 44 175 275 | 56 88 350
494 19 546 | 52 78 364 | 39 182 273
494 19 476 | 32 224 238 | 35 119 340
494 247 5670 | 35 81 378 | 30 140 324
494 247 4800 | 24 150 320 | 30 64 400
494 19 210 | 14 60 420 | 13 91 390
495 3 133 | 105 105 285 | 77 209 209
495 1 40 | 75 120 300 | 66 165 264
495 8 315 | 63 180 252 | 90 90 315
495 3 77 | 33 231 231 | 55 55 385
495 23 504 | 30 105 360 | 27 216 252
496 23 1040 | 104 112 280 | 80 208 208
496 5 192 | 64 144 288 | 80 96 320
496 31 1120 | 64 112 320 | 56 160 280
496 233 6888 | 41 168 287 | 40 210 246
496 31 760 | 32 160 304 | 40 76 380
496 13 120 | 10 216 270 | 12 44 440
496 829 4680 | 6 130 360 | 8 20 468
497 7 255 | 63 119 315 | 55 187 255
497 59 1540 | 56 56 385 | 35 154 308
497 92 1575 | 20 225 252 | 21 126 350
497 919 15015 | 21 91 385 | 33 35 429
497 19 195 | 21 21 455 | 13 55 429
498 23 1080 | 99 135 264 | 108 120 270
498 11 510 | 90 153 255 | 84 204 210
498 11 480 | 78 160 260 | 90 120 288
498 283 9660 | 56 120 322 | 69 84 345
498 107 3600 | 48 225 225 | 50 160 288
498 13 399 | 42 228 228 | 48 114 336
498 317 2340 | 15 15 468 | 8 130 360
499 499 22176 | 77 198 224 | 99 112 288
499 215 8736 | 65 210 224 | 91 96 312
499 499 9576 | 28 72 399 | 24 133 342
499 103 1672 | 24 57 418 | 19 176 304
499 17 195 | 13 135 351 | 15 55 429
500 1 50 | 125 125 250 | 100 200 200
500 67 3080 | 110 110 280 | 84 176 240
500 881 32760 | 56 210 234 | 65 120 315
500 41 1260 | 56 84 360 | 45 140 315
500 47 1170 | 36 104 360 | 45 65 390
501 2 105 | 126 150 225 | 133 140 228
501 85 2457 | 45 105 351 | 39 189 273
501 251 4095 | 21 90 390 | 20 117 364
502 71 2730 | 70 117 315 | 60 182 260
503 194 9373 | 103 140 260 | 91 206 206
503 209 9135 | 77 165 261 | 87 126 290
503 157 5040 | 63 80 360 | 48 140 315
503 817 23751 | 39 203 261 | 63 63 377
504 1 54 | 144 144 216 | 126 189 189
504 3 160 | 140 140 224 | 120 192 192
504 7 360 | 108 180 216 | 120 144 240
504 7 330 | 88 176 240 | 99 135 270
504 3 140 | 84 210 210 | 112 112 280
504 3 112 | 56 224 224 | 84 84 336
504 21 704 | 48 192 264 | 64 88 352
504 7 228 | 48 152 304 | 54 108 342
504 35 936 | 36 156 312 | 40 104 360
504 3 68 | 48 48 408 | 28 238 238
504 1 20 | 42 42 420 | 24 240 240
504 23 360 | 20 88 396 | 18 216 270
504 7 108 | 18 162 324 | 24 48 432
505 61 2860 | 100 130 275 | 91 154 260
505 601 23940 | 63 190 252 | 76 114 315
505 17 225 | 15 175 315 | 25 30 450
506 1 56 | 156 168 182 | 161 161 184 | 154 176 176
506 83 3960 | 88 198 220 | 90 176 240
506 1 30 | 44 132 330 | 46 115 345
506 103 2470 | 38 78 390 | 42 65 399
506 1433 23800 | 20 136 350 | 25 56 425
506 17 240 | 16 210 280 | 20 54 432
507 19 1008 | 117 182 208 | 132 144 231
507 169 8568 | 102 189 216 | 119 136 252
507 9 440 | 108 135 264 | 104 143 260
507 17 819 | 91 182 234 | 117 117 273
507 4 165 | 75 132 300 | 66 210 231
507 57 2275 | 75 117 315 | 91 91 325
507 67 2244 | 48 187 272 | 66 84 357
507 3 100 | 72 75 360 | 52 130 325
507 13 420 | 65 78 364 | 45 210 252 | 48 144 315
507 169 5208 | 63 72 372 | 42 217 248
507 29 720 | 35 112 360 | 33 144 330
507 143 2760 | 24 138 345 | 23 220 264
507 169 1848 | 12 231 264 | 21 24 462
508 127 6510 | 120 140 248 | 105 186 217
508 23 1064 | 95 133 280 | 88 154 266
508 101 3960 | 88 90 330 | 63 165 280
508 127 3780 | 40 216 252 | 60 70 378
508 85 2464 | 40 160 308 | 44 112 352
508 109 2508 | 33 95 380 | 36 76 396
508 809 16380 | 36 52 420 | 28 90 390
508 97 1540 | 28 40 440 | 22 66 420
508 3971 53040 | 16 102 390 | 15 221 272
508 127 1596 | 14 228 266 | 24 28 456
509 332 8415 | 33 170 306 | 45 68 396
509 73 1848 | 40 84 385 | 33 168 308
509 22 425 | 34 50 425 | 25 110 374
509 53 665 | 14 210 285 | 15 95 399
510 1 54 | 126 168 216 | 135 150 225
510 47 2520 | 120 180 210 | 126 160 224
510 13 630 | 90 210 210 | 105 135 270
510 1 48 | 102 136 272 | 90 180 240
510 11 504 | 96 126 288 | 90 140 280
510 1 42 | 68 204 238 | 90 105 315
510 149 5040 | 70 80 360 | 48 210 252
510 1 24 | 30 240 240 | 51 51 408
510 11 234 | 30 90 390 | 26 198 286
510 11 210 | 24 126 360 | 30 60 420
510 61 1080 | 30 48 432 | 24 81 405
511 46 2331 | 126 126 259 | 111 148 252
511 8 315 | 70 126 315 | 63 168 280
511 73 1960 | 49 70 392 | 35 196 280
511 61 1596 | 36 133 342 | 56 56 399
511 287 3800 | 16 95 400 | 25 30 456
511 73 880 | 16 55 440 | 14 112 385
511 401 4620 | 15 56 440 | 14 77 420
512 11 448 | 64 224 224 | 80 112 320
512 73 2880 | 72 120 320 | 64 160 288
512 367 13104 | 52 208 252 | 56 144 312
512 7 240 | 72 80 360 | 56 120 336
512 73 1560 | 28 120 364 | 26 216 270
512 265 3744 | 16 208 288 | 18 78 416
513 57 2860 | 99 180 234 | 110 143 260
513 13 525 | 63 225 225 | 65 175 273
513 47 1620 | 72 81 360 | 54 135 324
513 19 595 | 45 153 315 | 51 105 357
513 17 440 | 33 240 240 | 45 72 396
513 3 44 | 19 76 418 | 18 99 396
514 1 55 | 130 176 208 | 140 154 220
514 5 204 | 66 176 272 | 72 136 306
514 5 176 | 66 96 352 | 52 176 286
514 37 793 | 26 244 244 | 28 122 364
514 7 120 | 24 70 420 | 30 44 440
514 7 88 | 24 28 462 | 14 220 280
514 17 210 | 14 150 350 | 22 30 462
515 1 56 | 152 154 209 | 140 175 200
515 8 385 | 100 140 275 | 95 154 266
515 103 3996 | 60 185 270 | 74 108 333
515 103 3600 | 50 225 240 | 75 80 360
515 431 11781 | 42 99 374 | 45 85 385
515 103 1365 | 15 175 325 | 21 39 455
515 103 828 | 10 45 460 | 9 92 414
516 43 1482 | 57 117 342 | 52 152 312
516 89 3024 | 54 126 336 | 48 216 252
516 43 1440 | 48 180 288 | 60 96 360
516 43 1188 | 36 216 264 | 54 66 396
516 1 24 | 32 132 352 | 30 216 270
516 43 1020 | 30 180 306 | 40 68 408
516 37 840 | 30 126 360 | 48 48 420
516 19 420 | 40 56 420 | 30 108 378
516 271 4290 | 24 52 440 | 22 65 429
516 19 300 | 21 75 420 | 30 36 450
517 5 273 | 133 156 228 | 143 143 231
517 79 2035 | 37 110 370 | 55 55 407
517 118 2805 | 36 85 396 | 33 110 374
517 13 120 | 11 66 440 | 10 195 312
518 37 2100 | 150 168 200 | 147 175 196
518 7 396 | 144 176 198 | 143 180 195
518 41 2310 | 140 180 198 | 154 154 210
518 259 11960 | 104 115 299 | 80 208 230
518 11 420 | 70 112 336 | 63 140 315
518 259 7920 | 48 110 360 | 44 144 330
518 259 7410 | 38 195 285 | 52 76 390
518 347 9576 | 38 144 336 | 56 63 399
518 37 950 | 38 100 380 | 35 133 350
518 37 840 | 28 210 280 | 42 56 420
518 329 7072 | 32 78 408 | 34 68 416
518 259 4350 | 25 58 435 | 20 150 348
519 31 840 | 35 220 264 | 36 168 315
520 1 52 | 104 208 208 | 130 130 260
520 13 612 | 96 136 288 | 85 180 255
520 13 600 | 100 120 300 | 80 200 240
520 41 1872 | 78 208 234 | 80 180 260
520 13 528 | 80 110 330 | 64 192 264
520 13 504 | 72 112 336 | 60 180 280
520 181 6720 | 60 140 320 | 64 120 336
520 1 36 | 52 234 234 | 80 80 360
520 1 30 | 40 240 240 | 65 65 390
520 13 360 | 36 220 264 | 40 120 360
520 1 24 | 30 210 280 | 36 88 396
520 13 270 | 25 225 270 | 40 48 432
520 13 180 | 20 50 450 | 16 144 360
520 13 96 | 10 30 480 | 8 128 384
521 457 20880 | 80 180 261 | 87 144 290
521 107 2800 | 44 77 400 | 35 150 336
521 181 3861 | 27 143 351 | 26 198 297
522 257 11856 | 80 195 247 | 104 114 304
522 19 810 | 81 126 315 | 90 108 324
522 3 116 | 58 232 232 | 87 87 348
522 3 110 | 54 198 270 | 58 145 319 | 60 132 330
522 61 1890 | 42 210 270 | 54 90 378
522 3 70 | 42 60 420 | 29 203 290
522 5 114 | 38 66 418 | 28 228 266
523 31 1365 | 75 175 273 | 91 117 315
523 11 468 | 68 221 234 | 70 180 273
523 523 15400 | 40 175 308 | 50 88 385
523 1361 36960 | 35 224 264 | 42 96 385
523 13 184 | 16 208 299 | 23 40 460
523 523 3360 | 8 35 480 | 7 96 420
524 43 2200 | 99 200 225 | 110 150 264
524 263 12012 | 99 117 308 | 84 154 286
524 125 3724 | 56 76 392 | 49 95 380
524 239 6916 | 38 234 252 | 60 65 399
524 307 8778 | 38 189 297 | 55 70 399
524 71 1560 | 30 104 390 | 40 55 429
524 1 20 | 40 44 440 | 24 200 300
524 263 4140 | 20 90 414 | 18 230 276
524 19 276 | 18 92 414 | 24 40 460
524 191 2380 | 17 52 455 | 14 170 340
524 3 32 | 12 128 384 | 20 24 480
525 7 360 | 120 135 270 | 100 200 225 | 105 168 252
525 1 45 | 75 225 225 | 105 105 315
525 31 1260 | 70 140 315 | 63 210 252
525 109 3465 | 63 77 385 | 45 165 315
525 44 1365 | 42 210 273 | 65 70 390
525 7 195 | 45 90 390 | 39 135 351
525 53 1260 | 42 63 420 | 30 180 315
526 21 880 | 84 112 330 | 66 220 240
526 557 17850 | 50 119 357 | 45 175 306
526 1 30 | 42 154 330 | 40 216 270
526 43 1288 | 40 210 276 | 46 112 368
526 97 2800 | 40 150 336 | 56 70 400
526 607 14560 | 40 70 416 | 32 130 364
526 29 624 | 26 240 260 | 32 78 416
526 23 380 | 30 40 456 | 19 247 260
526 145 2394 | 20 126 380 | 19 234 273
526 61 990 | 20 110 396 | 19 165 342
526 131 2070 | 30 36 460 | 20 92 414
527 5 204 | 68 153 306 | 85 102 340
527 103 4140 | 63 184 280 | 90 92 345
527 107 3420 | 57 90 380 | 44 198 285
527 71 1512 | 26 189 312 | 27 140 360
527 8 135 | 20 156 351 | 27 50 450
527 146 2413 | 19 254 254 | 20 127 380
527 1 15 | 31 31 465 | 17 255 255
527 23 340 | 17 170 340 | 20 65 442
527 11 135 | 15 80 432 | 14 135 378
528 23 1224 | 108 204 216 | 120 153 255
528 1 48 | 88 176 264 | 96 144 288
528 3 140 | 80 224 224 | 110 110 308
528 61 2808 | 88 143 297 | 108 108 312 | 78 216 234
528 95 4368 | 78 210 240 | 104 112 312
528 1 42 | 96 96 336 | 66 231 231
528 37 1440 | 64 144 320 | 60 180 288
528 17 660 | 80 96 352 | 66 132 330
528 13 480 | 66 110 352 | 72 96 360
528 5 156 | 60 78 390 | 42 234 252
528 9 280 | 55 88 385 | 42 216 270
528 17 420 | 45 63 420 | 32 160 336
528 37 840 | 36 72 420 | 28 200 300
528 17 336 | 28 80 420 | 24 168 336
528 47 840 | 24 84 420 | 21 195 312
528 29 462 | 33 33 462 | 21 78 429
528 29 420 | 21 52 455 | 18 90 420
529 4 231 | 154 165 210 | 152 168 209
529 251 9240 | 56 165 308 | 70 99 360
529 11 360 | 45 220 264 | 52 117 360
529 13 360 | 45 88 396 | 39 130 360
529 199 5236 | 34 187 308 | 35 154 340
529 1823 47880 | 36 133 360 | 35 152 342
530 107 5610 | 105 187 238 | 110 165 255
530 7 200 | 40 140 350 | 50 80 400
530 293 7560 | 54 56 420 | 35 135 360
530 31 770 | 35 110 385 | 44 66 420
530 1 24 | 30 200 300 | 40 70 420
530 19 368 | 24 138 368 | 23 208 299
530 4 63 | 20 90 420 | 18 224 288
530 41 616 | 24 44 462 | 20 70 440
530 8 117 | 26 36 468 | 18 96 416
531 1 56 | 126 189 216 | 132 168 231
531 37 1512 | 66 168 297 | 63 216 252
531 55 2016 | 56 160 315 | 54 189 288
531 139 3024 | 36 63 432 | 27 168 336
531 47 765 | 27 45 459 | 19 170 342
532 1 48 | 84 224 224 | 114 114 304
532 109 5040 | 84 160 288 | 105 112 315
532 133 6120 | 90 136 306 | 80 180 272
532 19 858 | 77 182 273 | 88 132 312
532 133 5850 | 90 117 325 | 72 200 260
532 19 828 | 72 184 276 | 84 126 322
532 29 1260 | 72 180 280 | 70 210 252
532 467 14994 | 49 126 357 | 68 72 392
532 19 588 | 56 84 392 | 42 196 294
532 133 3256 | 37 88 407 | 32 148 352
532 7 160 | 32 100 400 | 28 224 280
532 133 2860 | 40 52 440 | 26 220 286
532 43 700 | 25 52 455 | 20 112 400
532 133 1440 | 12 160 360 | 16 36 480
532 133 510 | 5 17 510 | 4 120 408
533 19 920 | 104 130 299 | 92 161 280
533 134 4165 | 56 85 392 | 49 110 374
533 2 51 | 40 85 408 | 33 170 330
533 611 10143 | 23 69 441 | 21 98 414
534 41 2160 | 120 144 270 | 105 189 240
534 719 30030 | 66 195 273 | 70 156 308
534 43 1512 | 72 84 378 | 54 144 336
534 131 3534 | 38 124 372 | 42 93 399
534 107 2160 | 30 72 432 | 24 240 270
534 39 616 | 18 252 264 | 22 64 448
535 353 13680 | 80 95 360 | 60 171 304
535 73 2200 | 40 220 275 | 55 80 400
535 113 3080 | 35 220 280 | 40 110 385
535 1 22 | 40 55 440 | 28 143 364
535 11 224 | 25 160 350 | 28 91 416
535 89 1800 | 40 45 450 | 25 150 360
536 67 3080 | 88 140 308 | 80 176 280
536 239 9240 | 60 168 308 | 77 99 360
536 1 36 | 56 144 336 | 52 198 286
536 523 16380 | 42 234 260 | 52 99 385
536 1543 48048 | 42 208 286 | 44 156 336
536 37 792 | 36 60 440 | 26 198 312
536 1 20 | 36 50 450 | 24 192 320
536 67 1320 | 30 66 440 | 24 160 352
536 67 812 | 16 56 464 | 14 116 406
537 71 3927 | 119 187 231 | 132 153 252
537 1961 62832 | 51 112 374 | 48 132 357
537 139 2835 | 27 105 405 | 25 162 350
537 13 255 | 24 153 360 | 30 65 442
537 47 396 | 9 264 264 | 12 30 495
537 67 504 | 12 21 504 | 8 207 322
538 73 3744 | 120 130 288 | 96 208 234
538 47 2340 | 90 208 240 | 91 195 252
538 113 5544 | 88 198 252 | 96 154 288
538 53 1890 | 54 154 330 | 70 90 378
538 7 216 | 48 112 378 | 54 88 396
538 407 11856 | 48 91 399 | 38 240 260
538 163 2574 | 18 234 286 | 26 44 468
538 139 1170 | 9 230 299 | 10 60 468
538 121 1008 | 16 18 504 | 9 161 368
539 7 380 | 110 209 220 | 133 140 266
539 1 45 | 99 110 330 | 84 140 315
539 7 288 | 63 224 252 | 88 99 352
539 1 35 | 49 245 245 | 77 77 385
539 257 4620 | 21 210 308 | 22 132 385
539 331 2184 | 9 26 504 | 7 168 364
540 3 176 | 160 160 220 | 144 198 198
540 17 990 | 150 165 225 | 144 176 220
540 1 56 | 120 210 210 | 144 144 252
540 1 54 | 108 216 216 | 135 135 270
540 1 50 | 120 120 300 | 90 225 225
540 7 330 | 99 126 315 | 80 220 240
540 73 3150 | 72 168 300 | 75 150 315
540 1 40 | 90 90 360 | 60 240 240
540 1 36 | 60 120 360 | 54 162 324
540 359 11700 | 45 195 300 | 50 126 364
540 1 30 | 40 200 300 | 54 81 405
540 1 28 | 60 60 420 | 36 252 252
540 3 80 | 36 144 360 | 40 100 400
540 47 1188 | 36 108 396 | 33 156 351
540 3 52 | 36 36 468 | 20 260 260
540 191 3300 | 28 50 462 | 20 220 300
540 131 1440 | 15 45 480 | 12 240 288
540 101 990 | 11 115 414 | 15 30 495
541 214 11445 | 109 180 252 | 105 218 218
541 103 5148 | 91 198 252 | 99 156 286
541 647 27027 | 66 189 286 | 91 99 351
541 541 19656 | 72 91 378 | 52 216 273
541 20 693 | 66 90 385 | 49 198 294
541 541 17556 | 66 76 399 | 44 231 266
541 635 8816 | 19 58 464 | 16 145 380
541 19 204 | 14 51 476 | 12 138 391
542 271 14490 | 126 140 276 | 105 207 230
542 125 6006 | 88 168 286 | 110 117 315
542 31 1122 | 66 102 374 | 52 204 286
542 271 9360 | 72 80 390 | 48 234 260
542 37 1035 | 48 80 414 | 36 230 276
542 51 1330 | 36 126 380 | 38 105 399
542 13 336 | 42 80 420 | 54 56 432
542 401 7392 | 32 48 462 | 22 168 352
542 193 2856 | 24 42 476 | 17 168 357
542 271 3332 | 17 49 476 | 14 136 392
542 143 1330 | 13 35 494 | 10 266 266
542 271 2520 | 18 20 504 | 10 252 280
543 1 60 | 168 175 200 | 165 180 198
543 181 9108 | 108 138 297 | 92 198 253
543 179 7800 | 75 156 312 | 70 200 273
543 13 504 | 63 144 336 | 60 168 315
543 17 630 | 63 120 360 | 55 180 308
543 7 180 | 36 117 390 | 33 180 330
543 181 4488 | 36 99 408 | 33 136 374
543 181 528 | 4 11 528 | 3 144 396
544 1 60 | 160 192 192 | 170 170 204
544 13 672 | 96 224 224 | 112 144 288
544 127 6160 | 88 176 280 | 84 220 240
544 11 476 | 85 119 340 | 68 238 238
544 1 40 | 60 220 264 | 68 136 340 | 64 160 320
544 43 1680 | 60 176 308 | 72 112 360
544 1 24 | 44 60 440 | 32 128 384 | 34 102 408
544 89 1980 | 44 50 450 | 27 220 297
545 31 1820 | 143 182 220 | 140 195 210
545 109 4752 | 80 135 330 | 72 176 297
545 173 7245 | 65 207 273 | 69 161 315
545 31 1100 | 50 220 275 | 55 140 350
545 1 33 | 45 225 275 | 55 105 385
545 239 7216 | 41 176 328 | 55 80 410
545 29 765 | 45 75 425 | 35 153 357
545 109 2652 | 51 52 442 | 30 255 260
546 1 60 | 168 168 210 | 156 195 195
546 11 630 | 130 182 234 | 126 210 210
546 7 390 | 130 156 260 | 117 195 234
546 39 2030 | 98 203 245 | 116 140 290
546 17 882 | 126 126 294 | 98 196 252
546 29 1470 | 98 168 280 | 105 147 294
546 13 630 | 105 126 315 | 84 210 252
546 13 570 | 70 210 266 | 90 114 342
546 31 1320 | 70 168 308 | 66 240 240
546 1 40 | 63 168 315 | 60 216 270
546 13 510 | 70 119 357 | 60 180 306
546 7 270 | 60 162 324 | 65 130 351
546 91 2760 | 60 72 414 | 40 230 276
546 91 2376 | 33 216 297 | 48 66 432
546 49 1254 | 33 171 342 | 36 114 396
546 7 150 | 36 60 450 | 26 195 325
546 91 1836 | 24 216 306 | 36 51 459
546 91 1440 | 18 240 288 | 30 36 480
546 13 198 | 21 63 462 | 18 132 396
546 3 38 | 14 266 266 | 26 26 494
546 29 330 | 14 70 462 | 18 33 495
547 397 18480 | 105 112 330 | 88 144 315
547 3169 131040 | 63 224 260 | 91 96 360
547 149 6120 | 85 102 360 | 63 204 280
547 347 12320 | 66 96 385 | 55 140 352
547 107 3080 | 40 143 364 | 42 120 385
547 149 4095 | 55 63 429 | 35 252 260
547 13 280 | 35 64 448 | 40 52 455
547 4 63 | 18 207 322 | 22 63 462
547 47 684 | 19 72 456 | 18 92 437
547 41 539 | 22 35 490 | 15 147 385
547 547 5280 | 12 55 480 | 11 96 440
547 547 3640 | 13 14 520 | 7 260 280
548 29 1680 | 140 168 240 | 130 208 210
548 47 2040 | 72 170 306 | 68 240 240
548 229 7920 | 48 225 275 | 72 80 396
548 17 576 | 48 180 320 | 64 88 396
548 19 612 | 68 72 408 | 44 198 306
548 1 28 | 36 224 288 | 48 80 420
548 181 3770 | 26 145 377 | 35 58 455
549 83 4680 | 136 153 260 | 120 195 234
549 61 3060 | 90 204 255 | 108 135 306
549 22 1053 | 108 117 324 | 81 234 234
549 95 4536 | 81 216 252 | 105 120 324
549 61 2520 | 63 216 270 | 84 105 360
549 443 16632 | 54 231 264 | 72 99 378
549 29 945 | 63 81 405 | 45 189 315
549 183 4147 | 29 143 377 | 33 87 429
549 3 52 | 27 54 468 | 20 230 299
550 1 60 | 150 200 200 | 165 165 220
550 461 21840 | 80 210 260 | 91 144 315
550 29 1320 | 75 200 275 | 88 132 330
550 4 175 | 100 100 350 | 70 200 280
550 1 18 | 22 132 396 | 21 207 322 | 25 75 450
551 1 56 | 133 152 266 | 116 203 232
551 71 2860 | 65 156 330 | 77 110 364
551 1 39 | 87 87 377 | 65 135 351 | 57 247 247
551 311 10200 | 68 75 408 | 45 200 306
551 67 1980 | 45 110 396 | 44 117 390
551 59 1540 | 55 56 440 | 33 210 308
551 787 15912 | 26 117 408 | 24 221 306
551 1 11 | 22 23 506 | 12 231 308
552 73 3996 | 108 222 222 | 111 189 252
552 3 160 | 112 160 280 | 120 144 288
552 5 252 | 90 210 252 | 96 168 288
552 37 1860 | 110 132 310 | 93 180 279
552 47 2184 | 104 112 336 | 84 156 312
552 25 1056 | 66 198 288 | 80 120 352
552 1 42 | 69 161 322 | 66 189 297 | 72 144 336
552 139 5580 | 62 180 310 | 90 90 372
552 43 1560 | 72 90 390 | 52 200 300
552 19 660 | 48 240 264 | 66 90 396
552 11 360 | 45 195 312 | 48 144 360
552 83 2520 | 40 224 288 | 60 72 420
552 1 30 | 45 117 390 | 40 192 320
553 2 105 | 98 210 245 | 105 168 280
553 139 7252 | 98 196 259 | 111 148 294
553 40 1771 | 77 154 322 | 70 230 253
553 553 16720 | 55 80 418 | 40 209 304
553 307 9240 | 56 77 420 | 40 198 315
553 121 2940 | 40 72 441 | 35 98 420
553 19 432 | 33 88 432 | 28 189 336
553 79 1612 | 28 91 434 | 26 124 403
553 77 1560 | 40 45 468 | 24 230 299
554 277 15708 | 119 204 231 | 136 154 264
554 419 22176 | 99 224 231 | 112 154 288
554 277 10920 | 70 120 364 | 60 182 312
554 47 1728 | 54 180 320 | 64 112 378
554 193 4160 | 26 208 320 | 35 64 455
555 37 2244 | 165 170 220 | 153 198 204
555 1 60 | 150 180 225 | 148 185 222
555 47 2565 | 114 171 270 | 135 135 285
555 109 5775 | 99 225 231 | 105 175 275
555 97 4560 | 80 190 285 | 105 114 336
555 37 1656 | 72 207 276 | 90 120 345
555 13 432 | 45 240 270 | 48 156 351
555 37 900 | 30 225 300 | 45 60 450
555 22 525 | 42 63 450 | 30 175 350
555 3 65 | 35 65 455 | 26 230 299
555 37 312 | 15 20 520 | 9 234 312
556 139 6720 | 84 192 280 | 96 140 320
556 19 840 | 80 140 336 | 70 216 270
556 139 5940 | 66 220 270 | 88 108 360
556 95 4004 | 88 104 364 | 70 156 330
556 23 930 | 60 248 248 | 72 124 360
556 139 5550 | 60 200 296 | 75 111 370
556 11 420 | 70 108 378 | 56 200 300
556 397 14560 | 70 96 390 | 52 224 280
556 1 36 | 56 140 360 | 72 88 396
556 157 5292 | 56 108 392 | 49 156 351
556 7 220 | 44 160 352 | 66 70 420
556 227 6930 | 45 126 385 | 40 252 264
556 61 1716 | 44 96 416 | 36 234 286
556 59 1344 | 28 192 336 | 36 72 448
556 47 672 | 16 252 288 | 20 56 480
556 139 1260 | 10 126 420 | 12 40 504
558 93 5320 | 140 152 266 | 120 210 228
558 17 936 | 117 168 273 | 108 216 234
558 23 1170 | 117 126 315 | 90 234 234
558 5 216 | 72 162 324 | 90 108 360
558 3 124 | 93 93 372 | 62 248 248
558 31 1260 | 63 180 315 | 72 126 360
558 31 1170 | 78 90 390 | 54 234 270
558 31 1080 | 48 240 270 | 72 81 405
558 53 1386 | 33 210 315 | 36 126 396
558 93 2240 | 30 192 336 | 40 70 448
558 129 2990 | 46 52 460 | 30 138 390
558 31 660 | 27 135 396 | 30 88 440
558 93 700 | 12 21 525 | 8 200 350
559 13 792 | 154 189 216 | 152 198 209
559 43 2277 | 117 143 299 | 99 207 253
559 15 728 | 84 195 280 | 91 156 312
559 43 1560 | 65 104 390 | 52 195 312
559 559 17556 | 57 84 418 | 42 209 308
559 11 325 | 55 75 429 | 39 195 325
559 37 300 | 14 20 525 | 9 100 450
560 1 60 | 140 210 210 | 160 160 240
560 1 56 | 112 224 224 | 140 140 280
560 79 4200 | 120 140 300 | 105 175 280
560 1 48 | 80 240 240 | 112 112 336
560 59 2772 | 90 140 330 | 77 231 252
560 169 7700 | 77 175 308 | 100 110 350
560 161 6460 | 85 95 380 | 76 110 374
560 7 240 | 60 100 400 | 48 192 320
560 7 180 | 32 240 288 | 50 60 450
560 7 176 | 32 176 352 | 40 80 440
560 31 728 | 32 112 416 | 40 65 455
561 23 1320 | 132 165 264 | 120 210 231
561 13 600 | 75 216 270 | 76 200 285
561 4 165 | 85 102 374 | 66 165 330
561 3 115 | 85 85 391 | 55 253 253
561 158 6045 | 65 124 372 | 78 93 390
561 29 1080 | 63 120 378 | 54 195 312
561 1 36 | 54 156 351 | 66 99 396 | 51 204 306
561 29 1020 | 51 170 340 | 55 132 374
561 4 105 | 33 220 308 | 34 170 357
561 41 1056 | 32 253 276 | 33 176 352
561 5 108 | 34 68 459 | 39 54 468
561 37 672 | 21 252 288 | 32 46 483
562 563 23256 | 72 133 357 | 68 152 342
562 29 1178 | 62 190 310 | 76 114 372
562 67 2464 | 56 154 352 | 52 224 286
562 163 5586 | 49 171 342 | 56 114 392
562 3 91 | 40 210 312 | 42 156 364
562 163 4290 | 33 230 299 | 36 130 396
563 193 8580 | 70 220 273 | 99 104 360
563 13 504 | 63 140 360 | 56 234 273
563 37 1400 | 55 200 308 | 56 182 325
563 839 23205 | 35 255 273 | 51 70 442
563 83 2244 | 34 253 276 | 36 153 374
563 2839 58520 | 28 95 440 | 30 77 456
564 1 60 | 144 180 240 | 141 188 235
564 17 1008 | 135 189 240 | 144 168 252
564 37 2052 | 114 180 270 | 108 228 228
564 31 1650 | 100 200 264 | 102 187 275
564 155 7956 | 91 221 252 | 102 156 306
564 1219 60060 | 91 165 308 | 84 220 260
564 23 1092 | 84 168 312 | 78 234 252
564 37 1680 | 80 154 330 | 72 240 252
564 137 6120 | 80 144 340 | 102 102 360
564 97 4320 | 96 108 360 | 70 224 270
564 9 364 | 78 108 378 | 70 130 364
564 19 720 | 80 88 396 | 60 144 360 | 54 240 270
564 25 702 | 36 216 312 | 39 135 390
564 23 630 | 36 168 360 | 35 207 322
564 3 80 | 35 161 368 | 44 80 440
564 11 210 | 24 120 420 | 35 46 483
564 641 9900 | 25 44 495 | 18 150 396
565 107 3080 | 40 140 385 | 55 70 440
565 166 4389 | 36 133 396 | 33 266 266
566 283 13650 | 91 150 325 | 84 182 300
566 83 3220 | 60 161 345 | 56 230 280
566 443 15048 | 72 76 418 | 48 176 342
566 55 1512 | 54 64 448 | 35 216 315
566 347 7752 | 34 76 456 | 27 216 323
566 41 715 | 20 260 286 | 22 104 440
567 1 55 | 135 135 297 | 105 231 231
567 23 1260 | 105 210 252 | 108 189 270
567 13 540 | 72 135 360 | 84 105 378
567 7 264 | 72 99 396 | 55 192 320 | 54 216 297
567 97 3024 | 42 189 336 | 63 72 432
567 41 1197 | 38 207 322 | 42 126 399
567 56 1485 | 35 154 378 | 36 135 396
567 2 45 | 27 270 270 | 39 60 468
568 277 14490 | 95 207 266 | 115 138 315
568 17 840 | 84 220 264 | 112 120 336
568 407 18200 | 75 168 325 | 100 104 364
568 13 504 | 84 88 396 | 56 224 288
568 59 1760 | 40 176 352 | 64 64 440
568 9 182 | 39 46 483 | 24 208 336
569 188 10395 | 110 189 270 | 132 140 297
569 283 11592 | 69 140 360 | 63 184 322
569 215 6919 | 51 111 407 | 44 185 340
570 19 1170 | 150 195 225 | 156 180 234
570 19 960 | 100 150 320 | 90 192 288
570 19 840 | 84 126 360 | 70 200 300
570 1 42 | 63 234 273 | 70 150 350 | 84 108 378
570 61 2520 | 63 195 312 | 70 140 360
570 47 1800 | 80 90 400 | 60 150 360
570 61 2322 | 63 129 378 | 54 258 258
570 57 2002 | 55 130 385 | 52 154 364
570 713 24570 | 54 126 390 | 52 140 378
570 19 630 | 60 90 420 | 45 210 315
570 19 462 | 30 210 330 | 42 66 462
570 1 24 | 30 180 360 | 38 76 456
570 19 330 | 20 220 330 | 30 45 495
570 131 2070 | 18 207 345 | 20 90 460
570 3 28 | 19 19 532 | 10 280 280
571 2 105 | 112 144 315 | 95 210 266
571 67 2860 | 65 220 286 | 77 130 364
571 571 21945 | 55 231 285 | 77 95 399
571 1357 16120 | 13 248 310 | 20 31 520
572 1 60 | 132 220 220 | 140 180 252 | 156 156 260
572 29 1638 | 117 182 273 | 112 208 252
572 19 1040 | 104 208 260 | 110 176 286
572 13 660 | 88 220 264 | 110 132 330
572 1 40 | 60 192 320 | 78 104 390
572 71 2772 | 56 252 264 | 77 99 396
572 19 720 | 72 100 400 | 56 180 336
572 13 480 | 60 128 384 | 55 165 352
572 23 780 | 52 130 390 | 60 96 416
572 1 32 | 52 104 416 | 44 176 352
572 13 396 | 60 72 440 | 44 132 396
572 13 380 | 40 152 380 | 44 110 418
572 13 126 | 11 99 462 | 12 56 504
573 1 63 | 168 189 216 | 165 198 210
573 37 1980 | 100 198 275 | 126 132 315
573 53 2640 | 105 132 336 | 99 144 330
573 22 945 | 66 210 297 | 90 105 378
573 23 924 | 60 198 315 | 66 143 364
573 1 33 | 45 198 330 | 44 253 276 | 66 78 429
574 89 5040 | 126 160 288 | 112 210 252
574 119 5720 | 80 208 286 | 88 156 330
574 25 882 | 49 210 315 | 56 126 392
574 679 21736 | 52 104 418 | 57 88 429
574 29 630 | 45 46 483 | 28 126 420
574 1277 20748 | 19 156 399 | 24 56 494
575 1 63 | 161 207 207 | 175 175 225
575 2 105 | 115 138 322 | 100 175 300
575 97 4095 | 91 99 385 | 63 252 260 | 65 195 315
575 1 36 | 50 225 300 | 69 92 414
575 29 1020 | 70 85 420 | 48 255 272
575 11 340 | 65 68 442 | 50 100 425
575 131 3640 | 44 91 440 | 35 260 280
575 721 18135 | 45 65 465 | 31 234 310
576 3 160 | 96 240 240 | 128 128 320
576 11 504 | 72 252 252 | 90 126 360
576 73 3240 | 81 135 360 | 72 180 324
576 21 920 | 70 184 322 | 69 195 312
576 3 128 | 64 256 256 | 96 96 384
576 7 270 | 63 135 378 | 81 90 405
577 37 1560 | 63 234 280 | 65 192 320
577 37 1540 | 70 143 364 | 80 112 385
577 5 168 | 45 252 280 | 48 161 368
577 503 4680 | 12 45 520 | 10 216 351
578 181 10010 | 130 140 308 | 110 182 286
578 13 714 | 119 153 306 | 102 238 238
578 121 6630 | 130 136 312 | 102 221 255
578 1 48 | 88 154 336 | 78 240 260
578 61 2730 | 84 130 364 | 78 150 350
578 31 1320 | 66 192 320 | 88 105 385
578 179 6370 | 56 130 392 | 49 230 299
578 31 780 | 39 84 455 | 45 65 468
578 689 11592 | 28 46 504 | 23 72 483
578 27 416 | 18 144 416 | 20 78 480
579 37 1848 | 84 231 264 | 99 144 336
579 5 216 | 72 156 351 | 66 216 297
579 131 5544 | 72 143 364 | 63 252 264
579 397 10920 | 35 208 336 | 39 120 420
579 113 3003 | 35 154 390 | 33 273 273
579 341 7344 | 27 144 408 | 28 119 432
579 271 4284 | 18 204 357 | 24 51 504
579 1013 6552 | 7 104 468 | 9 24 546
580 1 58 | 145 145 290 | 116 232 232
580 13 700 | 100 200 280 | 105 175 300
580 163 7920 | 80 225 275 | 90 154 336
580 1 48 | 96 132 352 | 80 200 300
580 19 900 | 100 120 360 | 90 140 350
580 31 1456 | 80 175 325 | 104 112 364
580 1 40 | 80 100 400 | 58 232 290
580 263 6240 | 30 160 390 | 48 52 480
581 7 440 | 152 209 220 | 165 176 240
581 26 931 | 49 266 266 | 56 133 392
581 373 11760 | 49 112 420 | 45 144 392
581 7 195 | 52 69 460 | 35 273 273
582 97 5304 | 102 208 272 | 117 153 312
582 5 264 | 120 132 330 | 96 198 288
582 97 5040 | 90 240 252 | 120 126 336
582 157 6510 | 62 210 310 | 70 140 372
582 37 1365 | 70 96 416 | 78 84 420
582 1 32 | 42 252 288 | 54 96 432
582 263 8400 | 42 240 300 | 50 112 420
582 9 280 | 64 70 448 | 42 180 360
582 97 2400 | 32 150 400 | 36 96 450
582 1763 38610 | 26 270 286 | 27 165 390
582 127 2310 | 21 231 330 | 22 140 420
582 809 12870 | 22 65 495 | 18 234 330
582 97 1050 | 15 42 525 | 12 150 420
583 23 1026 | 76 156 351 | 95 108 380
583 269 10395 | 55 231 297 | 63 135 385
583 7 220 | 44 154 385 | 55 88 440
583 139 4095 | 39 180 364 | 56 72 455
583 5 132 | 33 220 330 | 44 77 462
583 29 140 | 5 238 340 | 7 16 560
584 73 4620 | 154 210 220 | 168 176 240
584 3 140 | 84 150 350 | 80 168 336
584 11 504 | 84 140 360 | 72 224 288
584 1 45 | 80 144 360 | 72 192 320
584 65 2464 | 56 176 352 | 77 91 416
584 29 990 | 55 115 414 | 48 176 360
584 107 3520 | 44 220 320 | 64 80 440
584 73 2240 | 56 80 448 | 40 224 320
585 13 840 | 180 189 216 | 175 200 210
585 3 187 | 165 165 255 | 143 221 221
585 1 60 | 130 195 260 | 135 180 270
585 39 2200 | 110 200 275 | 120 165 300
585 17 945 | 135 135 315 | 105 210 270
585 13 693 | 99 189 297 | 105 165 315
585 3 140 | 91 130 364 | 75 210 300
585 3 91 | 39 273 273 | 65 65 455
585 271 7560 | 36 189 360 | 35 270 280
585 39 800 | 25 160 400 | 30 75 480
585 793 14280 | 24 85 476 | 35 40 510
585 13 176 | 15 240 330 | 24 33 528
586 3037 120640 | 64 145 377 | 58 208 320
586 53 1938 | 57 138 391 | 66 102 418
586 53 1512 | 42 112 432 | 36 270 280
586 883 11088 | 14 176 396 | 16 66 504
587 37 2016 | 112 160 315 | 99 224 264
587 47 1885 | 58 230 299 | 65 145 377
587 29 1120 | 55 224 308 | 80 91 416
587 229 8360 | 55 152 380 | 65 104 418
587 373 13200 | 48 264 275 | 55 132 400
587 31 855 | 36 171 380 | 35 210 342
587 155 1584 | 12 80 495 | 11 288 288
588 49 3060 | 144 204 240 | 153 180 255
588 1 60 | 140 168 280 | 126 210 252
588 5 288 | 120 180 288 | 112 224 252
588 7 396 | 108 216 264 | 126 154 308
588 7 390 | 120 156 312 | 105 210 273 | 104 220 264
588 11 540 | 84 189 315 | 108 120 360
588 193 9240 | 77 231 280 | 88 150 350
588 21 988 | 76 208 304 | 91 133 364
588 11 468 | 88 104 396 | 63 252 273
588 49 1980 | 60 198 330 | 72 120 396
588 8 315 | 56 252 280 | 60 168 360
588 71 2772 | 63 140 385 | 66 126 396
588 7 240 | 48 180 360 | 56 112 420
588 1 33 | 60 88 440 | 48 144 396
588 53 1680 | 48 120 420 | 42 210 336
588 7 216 | 42 168 378 | 48 108 432
588 147 4510 | 55 82 451 | 40 220 328
588 49 1380 | 48 80 460 | 36 207 345
588 91 2508 | 38 132 418 | 44 88 456
588 3 70 | 49 49 490 | 28 280 280
588 1 18 | 28 56 504 | 21 189 378
588 49 540 | 18 30 540 | 12 216 360
589 589 30940 | 91 238 260 | 119 130 340
589 145 6916 | 76 247 266 | 95 130 364
589 5 228 | 95 114 380 | 76 171 342
589 361 15939 | 77 144 368 | 69 198 322
589 1453 55440 | 55 198 336 | 60 144 385
589 887 23868 | 34 204 351 | 39 108 442
589 1831 23184 | 16 69 504 | 14 207 368
590 2 99 | 110 120 360 | 84 198 308
590 13 630 | 90 150 350 | 78 252 260
590 71 2200 | 40 275 275 | 50 100 440
590 943 27720 | 45 105 440 | 40 154 396
590 713 10260 | 16 270 304 | 20 57 513
590 2069 29520 | 16 205 369 | 18 80 492
591 9 455 | 91 175 325 | 105 135 351
591 17 840 | 84 195 312 | 105 126 360
591 25 924 | 66 105 420 | 78 84 429
591 779 23205 | 39 195 357 | 51 85 455
591 43 1140 | 40 95 456 | 33 228 330
592 11 612 | 102 238 252 | 108 187 297
592 193 9180 | 108 110 374 | 85 156 351
592 83 3780 | 99 108 385 | 70 252 270
592 11 480 | 72 160 360 | 80 128 384
592 3151 132990 | 65 186 341 | 90 99 403
592 1 42 | 64 192 336 | 63 207 322
592 61 2520 | 60 252 280 | 63 184 345
592 271 8280 | 60 72 460 | 40 207 345
592 37 960 | 32 240 320 | 48 64 480
592 37 520 | 20 52 520 | 16 160 416
592 79 1008 | 16 72 504 | 14 272 306
593 97 4160 | 65 208 320 | 64 230 299
593 2099 52360 | 40 77 476 | 34 119 440
594 59 3696 | 144 198 252 | 154 176 264
594 3 182 | 154 154 286 | 126 234 234
594 1 54 | 108 162 324 | 99 198 297
594 1 44 | 66 264 264 | 99 99 396
594 191 8190 | 78 126 390 | 65 207 322
594 93 3400 | 50 272 272 | 65 104 425
594 3 100 | 72 72 450 | 44 275 275
594 1 16 | 18 288 288 | 33 33 528
594 37 528 | 16 204 374 | 22 44 528
595 1 51 | 119 119 357 | 85 255 255
595 161 6732 | 88 99 408 | 68 153 374
595 7 264 | 55 180 360 | 78 88 429
595 103 2380 | 28 210 357 | 34 85 476
595 11 245 | 35 70 490 | 28 147 420
595 73 1540 | 28 105 462 | 25 220 350
596 31 1680 | 112 154 330 | 120 140 336
596 97 4620 | 108 110 378 | 84 160 352
596 1633 69300 | 66 180 350 | 63 225 308
596 17 672 | 80 96 420 | 56 252 288
596 409 11700 | 36 260 300 | 50 78 468
596 181 5060 | 44 92 460 | 35 253 308
596 223 6188 | 35 221 340 | 52 68 476
596 1 16 | 20 96 480 | 18 272 306
597 97 4284 | 68 207 322 | 72 168 357
597 199 7488 | 64 117 416 | 54 192 351
597 199 5928 | 38 247 312 | 57 72 468
597 95 1584 | 33 36 528 | 22 80 495
598 35 1976 | 104 247 247 | 112 182 304
598 13 690 | 115 138 345 | 92 230 276
598 199 9690 | 85 171 342 | 110 114 374
598 1 48 | 108 112 378 | 78 208 312 | 92 138 368
598 143 6120 | 68 170 360 | 63 255 280
598 61 1820 | 39 195 364 | 40 168 390
598 1 22 | 46 46 506 | 26 286 286
598 65 1232 | 22 224 352 | 24 112 462
598 31 520 | 26 52 520 | 20 136 442
599 11 595 | 95 238 266 | 119 140 340
599 59 2310 | 55 264 280 | 63 140 396
599 409 15015 | 65 105 429 | 55 154 390
599 443 14652 | 48 144 407 | 44 222 333
599 733 18920 | 40 86 473 | 32 215 352
599 601 7920 | 16 88 495 | 15 144 440
600 223 13680 | 152 160 288 | 144 171 285
600 1 60 | 150 150 300 | 120 240 240
600 71 3990 | 114 171 315 | 105 210 285
600 23 1260 | 120 144 336 | 105 180 315
600 97 5280 | 96 240 264 | 110 160 330
600 13 660 | 90 180 330 | 88 192 320
600 61 3060 | 84 210 306 | 90 170 340
600 31 1440 | 72 240 288 | 80 160 360
600 311 11880 | 80 88 432 | 54 216 330
600 3 110 | 80 80 440 | 50 275 275
600 121 3780 | 42 180 378 | 45 135 420
600 31 660 | 25 275 300 | 28 110 462
600 49 540 | 15 45 540 | 12 210 378
601 2 117 | 117 198 286 | 136 153 312
601 101 4788 | 76 210 315 | 95 126 380
601 7 312 | 88 117 396 | 68 221 312
601 1 40 | 57 240 304 | 72 115 414
601 823 19720 | 40 68 493 | 29 232 340
601 601 9576 | 19 126 456 | 21 76 504
601 601 8976 | 17 176 408 | 22 51 528
601 599 7920 | 18 55 528 | 16 90 495
601 479 5720 | 13 280 308 | 15 66 520
601 601 7176 | 23 26 552 | 13 276 312
602 43 2720 | 160 170 272 | 140 224 238
602 7 360 | 90 192 320 | 110 132 360
602 301 15180 | 92 165 345 | 88 184 330
602 371 17952 | 85 165 352 | 96 132 374
602 127 6006 | 84 154 364 | 77 195 330
602 301 14040 | 72 260 270 | 104 108 390
602 11 504 | 70 252 280 | 77 165 360
602 89 3528 | 63 147 392 | 56 252 294
602 703 27720 | 72 110 420 | 56 231 315
602 43 1680 | 70 112 420 | 56 210 336
602 43 1554 | 49 259 294 | 74 84 444
602 49 1760 | 50 200 352 | 66 96 440
602 43 1386 | 63 77 462 | 42 252 308
602 1 30 | 42 140 420 | 43 129 430
602 37 980 | 56 56 490 | 35 147 420
602 5159 134368 | 34 152 416 | 32 247 323
602 103 2310 | 28 154 420 | 30 110 462
602 301 5742 | 36 44 522 | 22 261 319
603 55 3213 | 135 153 315 | 119 187 297
603 11 585 | 91 252 260 | 117 135 351
603 67 3276 | 78 252 273 | 108 117 378
603 67 2520 | 54 189 360 | 63 120 420
603 213 7735 | 70 91 442 | 51 195 357
603 3 80 | 36 135 432 | 33 240 330
603 409 6552 | 21 78 504 | 18 273 312
603 201 2035 | 15 33 555 | 11 185 407
604 151 9360 | 130 234 240 | 156 160 288
604 43 2520 | 136 153 315 | 112 240 252
604 11 630 | 108 216 280 | 119 170 315
604 151 6840 | 72 190 342 | 80 144 380
604 839 28080 | 45 208 351 | 52 120 432
604 151 4950 | 55 99 450 | 44 200 360
604 773 20160 | 32 252 320 | 36 120 448
604 151 3690 | 30 205 369 | 40 72 492
604 241 4914 | 26 119 459 | 24 216 364
604 29 416 | 26 34 544 | 16 224 364
604 691 9880 | 19 65 520 | 16 208 380
605 229 11880 | 88 220 297 | 110 135 360
605 8 385 | 77 220 308 | 110 110 385
605 103 4940 | 76 230 299 | 95 130 380
605 43 1980 | 99 110 396 | 77 168 360
605 397 14960 | 55 176 374 | 80 85 440
605 2 63 | 45 140 420 | 50 105 450
605 17 429 | 45 65 495 | 33 143 429
605 29 297 | 11 297 297 | 17 27 561
606 61 3366 | 102 198 306 | 99 221 286
606 27 1232 | 77 161 368 | 72 198 336
606 179 6954 | 66 122 418 | 57 183 366
606 37 660 | 21 165 420 | 30 48 528
606 17 270 | 18 210 378 | 30 36 540
607 155 6552 | 65 182 360 | 63 208 336
607 1619 65208 | 57 264 286 | 72 117 418
607 115 4389 | 63 126 418 | 57 165 385
607 263 7280 | 40 112 455 | 35 208 364
607 10 273 | 35 182 390 | 46 78 483
607 253 5355 | 34 63 510 | 25 225 357
608 121 7320 | 122 216 270 | 120 244 244
608 59 3472 | 112 248 248 | 124 176 308
608 19 1080 | 104 234 270 | 108 200 300
608 11 532 | 95 133 380 | 76 266 266
608 1 48 | 76 228 304 | 96 128 384
608 19 672 | 48 224 336 | 64 96 448
608 1 30 | 38 285 285 | 64 64 480
608 5881 120120 | 24 220 364 | 26 120 462
609 9 385 | 63 231 315 | 70 154 385
609 17 720 | 63 210 336 | 80 115 414
609 79 3276 | 63 182 364 | 60 234 315
609 61 2205 | 49 245 315 | 63 105 441
609 107 3465 | 42 270 297 | 44 180 385
609 173 4620 | 35 154 420 | 33 240 336
609 1 24 | 42 63 504 | 29 232 348
609 13 165 | 14 210 385 | 15 99 495
610 11 585 | 90 260 260 | 120 130 360
610 211 10710 | 110 126 374 | 85 210 315
610 289 13650 | 75 210 325 | 78 182 350
610 11 504 | 75 175 360 | 88 126 396
610 29 1050 | 50 210 350 | 70 90 450
610 11 288 | 40 90 480 | 32 272 306
610 61 1482 | 38 78 494 | 30 190 390
610 61 1300 | 40 50 520 | 25 260 325
611 575 34272 | 136 160 315 | 119 204 288
611 13 693 | 91 234 286 | 99 176 336
611 13 495 | 72 99 440 | 65 117 429
611 1 35 | 65 91 455 | 47 235 329
611 5 143 | 39 143 429 | 44 99 468
611 17 440 | 44 72 495 | 33 170 408
611 22 455 | 26 130 455 | 35 56 520
612 13 756 | 126 162 324 | 108 252 252
612 3 170 | 136 136 340 | 102 255 255
612 129 7280 | 120 156 336 | 112 175 325
612 71 3780 | 90 252 270 | 105 156 351
612 3 154 | 119 119 374 | 84 264 264
612 97 4914 | 84 216 312 | 117 117 378
612 13 630 | 105 117 390 | 84 168 360
612 3 136 | 102 102 408 | 68 272 272
612 19 630 | 48 144 420 | 45 189 378
612 57 1760 | 66 66 480 | 40 220 352
612 211 6240 | 52 80 480 | 40 156 416
613 467 26180 | 100 238 275 | 119 154 340
613 1189 55440 | 77 176 360 | 84 144 385
613 1 28 | 46 84 483 | 35 238 340
614 47 2730 | 130 154 330 | 117 182 315
614 73 4158 | 110 189 315 | 108 198 308
614 217 11220 | 120 120 374 | 85 253 276
614 43 2210 | 85 230 299 | 110 130 374
614 29 756 | 54 56 504 | 36 119 459
614 107 1870 | 23 85 506 | 20 220 374
614 307 5168 | 32 38 544 | 19 272 323
615 1 63 | 132 231 252 | 135 210 270
615 1 54 | 120 135 360 | 108 156 351
615 239 12600 | 88 252 275 | 105 150 360
615 57 2464 | 63 264 288 | 70 160 385
615 53 924 | 20 210 385 | 21 132 462
616 1 66 | 176 176 264 | 154 231 231
616 7 442 | 143 187 286 | 136 208 272
616 49 2860 | 110 220 286 | 130 156 330
616 7 390 | 98 245 273 | 104 192 320 | 130 135 351
616 61 3276 | 91 252 273 | 126 126 364
616 301 15840 | 99 165 352 | 88 240 288
616 7 360 | 96 160 360 | 88 198 330 | 84 252 280
616 7 312 | 66 264 286 | 96 104 416
616 1 40 | 88 88 440 | 56 280 280
616 5 182 | 64 104 448 | 70 91 455 | 49 273 294
616 749 27170 | 57 130 429 | 55 143 418
616 73 2380 | 44 187 385 | 70 70 476
616 89 1274 | 21 49 546 | 16 208 392
616 7 100 | 22 44 550 | 16 200 400
617 71 4095 | 117 175 325 | 105 252 260
617 218 11305 | 85 266 266 | 110 133 374
617 113 5580 | 78 260 279 | 90 155 372
617 1457 67320 | 99 110 408 | 85 136 396
617 82 2975 | 50 210 357 | 56 136 425
617 3 91 | 39 221 357 | 45 117 455
617 53 1560 | 39 170 408 | 45 104 468
617 203 4680 | 35 78 504 | 45 52 520
617 22 399 | 22 133 462 | 28 57 532
618 229 14850 | 150 198 270 | 154 189 275
618 9 560 | 126 240 252 | 130 208 280
618 103 4914 | 78 189 351 | 84 156 378
618 565 25704 | 68 270 280 | 72 189 357
618 457 19800 | 63 275 280 | 72 150 396
618 559 23562 | 63 198 357 | 68 154 396
618 103 4320 | 60 270 288 | 90 96 432
618 1 24 | 40 68 510 | 30 168 420
618 43 990 | 33 90 495 | 30 126 462
618 11 222 | 30 70 518 | 26 111 481
618 499 10032 | 33 57 528 | 24 176 418
618 1189 20790 | 21 135 462 | 20 220 378
618 133 1560 | 13 165 440 | 14 84 520
618 103 840 | 10 48 560 | 9 105 504
619 101 5040 | 90 161 368 | 112 117 390
619 619 29920 | 80 187 352 | 85 160 374
619 179 3276 | 21 234 364 | 24 91 504
620 31 2016 | 144 224 252 | 160 180 280
620 1 62 | 124 248 248 | 155 155 310
620 227 13860 | 140 165 315 | 132 180 308
620 1 60 | 124 186 310 | 120 200 300
620 23 1300 | 100 260 260 | 130 140 350
620 149 8400 | 100 240 280 | 126 144 350
620 109 5628 | 84 268 268 | 108 134 378
620 29 1456 | 91 161 368 | 80 260 280
620 1 48 | 80 180 360 | 100 120 400
620 31 1400 | 80 140 400 | 70 200 350
620 1 42 | 93 93 434 | 60 280 280
620 577 23100 | 56 264 300 | 60 175 385
620 73 2772 | 56 168 396 | 55 180 385
620 31 1092 | 48 208 364 | 60 105 455
620 31 950 | 50 95 475 | 40 200 380
620 1 26 | 32 224 364 | 35 130 455
620 743 15600 | 25 195 400 | 26 144 450
620 199 3780 | 22 220 378 | 35 45 540
621 1 60 | 135 162 324 | 115 230 276 | 126 180 315 | 114 247 260
621 37 2052 | 114 156 351 | 108 171 342
621 1 45 | 81 135 405 | 69 207 345
622 31 1840 | 115 208 299 | 112 230 280
622 73 3906 | 124 126 372 | 93 207 322
622 11 570 | 90 190 342 | 110 132 380
622 103 5280 | 110 128 384 | 90 180 352
622 109 5320 | 88 154 380 | 76 266 280
622 5 198 | 72 110 440 | 55 270 297
622 157 6160 | 70 112 440 | 55 231 336
622 67 2470 | 50 247 325 | 52 190 380
622 23 770 | 44 238 340 | 55 105 462
622 1339 35530 | 55 57 510 | 34 170 418
622 19 352 | 22 160 440 | 34 44 544
623 187 10101 | 111 148 364 | 91 259 273
623 43 1764 | 63 168 392 | 84 98 441
623 107 2520 | 35 84 504 | 28 280 315
624 3 190 | 160 160 304 | 130 247 247
624 17 1008 | 144 144 336 | 112 224 288
624 29 1680 | 112 192 320 | 120 168 336
624 13 720 | 120 144 360 | 96 240 288
624 5 264 | 99 165 360 | 96 176 352
624 217 11220 | 100 150 374 | 85 231 308
624 13 672 | 84 252 288 | 112 128 384
624 11 480 | 78 130 416 | 64 240 320
624 13 552 | 72 138 414 | 64 192 368
624 197 7980 | 57 252 315 | 66 140 418
624 169 6720 | 80 96 448 | 64 140 420
624 83 3192 | 57 168 399 | 84 84 456
624 3 112 | 52 208 364 | 64 112 448
624 1 36 | 48 288 288 | 78 78 468
624 13 462 | 48 224 352 | 63 99 462
624 1 30 | 48 96 480 | 39 195 390
624 13 342 | 54 57 513 | 32 288 304
624 21 520 | 52 52 520 | 30 234 360
625 29 1680 | 105 240 280 | 119 170 336
625 373 5040 | 20 45 560 | 16 105 504
626 313 13728 | 66 208 352 | 78 132 416
626 47 1680 | 54 140 432 | 48 238 340
626 313 10080 | 42 224 360 | 56 90 480
626 667 19760 | 38 208 380 | 52 80 494
626 31 546 | 21 143 462 | 28 52 546
626 197 2520 | 18 48 560 | 14 252 360
627 47 3024 | 154 176 297 | 135 240 252
627 9 560 | 144 168 315 | 133 190 304
627 1 60 | 132 165 330 | 120 195 312 | 114 228 285
627 19 888 | 72 222 333 | 88 132 407
627 47 1980 | 88 99 440 | 66 165 396 | 60 270 297
627 15 616 | 63 168 396 | 77 110 440
627 19 720 | 55 176 396 | 60 135 432
627 7 264 | 57 152 418 | 77 88 462
627 79 2940 | 60 126 441 | 69 98 460
627 38 1071 | 35 252 340 | 51 72 504
627 13 360 | 39 120 468 | 44 88 495
627 1 27 | 33 297 297 | 57 57 513
628 11 720 | 160 180 288 | 144 220 264
628 3 190 | 133 210 285 | 144 180 304
628 89 4620 | 108 135 385 | 84 264 280
628 97 4340 | 70 186 372 | 84 124 420
628 503 20160 | 64 144 420 | 56 252 320
628 13 450 | 48 180 400 | 50 153 425
628 23 720 | 40 252 336 | 44 144 440
628 641 19760 | 40 208 380 | 39 285 304
628 157 4320 | 36 160 432 | 40 108 480
628 157 3696 | 28 264 336 | 44 56 528
628 113 2070 | 36 40 552 | 23 110 495
628 157 2760 | 30 46 552 | 20 240 368
628 451 7728 | 23 77 528 | 28 48 552
629 10 609 | 145 154 330 | 116 252 261
629 23 1300 | 104 200 325 | 100 230 299
629 95 5148 | 91 252 286 | 104 165 360
629 1283 61600 | 77 200 352 | 75 224 330
629 67 3060 | 68 255 306 | 90 119 420
629 1 44 | 74 148 407 | 68 187 374
629 37 1020 | 51 68 510 | 34 255 340
629 9 136 | 24 44 561 | 17 204 408
630 3 208 | 195 195 240 | 182 224 224
630 3 200 | 150 240 240 | 175 175 280
630 3 196 | 140 245 245 | 168 168 294
630 7 450 | 135 225 270 | 150 180 300
630 7 432 | 144 162 324 | 120 240 270
630 7 408 | 120 170 340 | 108 216 306
630 1 54 | 90 270 270 | 126 126 378
630 1 52 | 84 273 273 | 120 120 390
630 21 1040 | 100 130 400 | 78 240 312
630 7 340 | 102 120 408 | 75 255 300
630 3 140 | 105 105 420 | 70 280 280
630 1 42 | 63 189 378 | 70 140 420
630 21 880 | 60 240 330 | 80 110 440
630 21 760 | 60 114 456 | 50 200 380
630 7 234 | 54 108 468 | 45 195 390 | 50 130 450
630 3 98 | 70 70 490 | 42 294 294
630 7 198 | 36 198 396 | 45 90 495
630 21 100 | 6 24 600 | 5 125 500
631 59 3780 | 133 228 270 | 135 216 280
631 631 31920 | 112 120 399 | 80 266 285
631 193 7735 | 85 91 455 | 70 119 442
632 79 4788 | 114 252 266 | 144 152 336
632 1 60 | 112 240 280 | 120 192 320
632 79 4368 | 112 156 364 | 96 224 312
632 1051 51282 | 99 126 407 | 77 222 333
632 187 8060 | 65 195 372 | 62 260 310
632 73 3080 | 80 112 440 | 60 264 308
632 193 7280 | 56 160 416 | 65 112 455
632 97 3504 | 48 292 292 | 54 146 432
632 47 1480 | 44 148 440 | 40 296 296
632 79 2478 | 48 112 472 | 42 177 413
632 11 252 | 27 297 308 | 32 96 504
632 43 864 | 34 54 544 | 32 60 540
633 13 756 | 108 210 315 | 126 156 351
633 97 4680 | 104 115 414 | 78 195 360
633 16 693 | 78 126 429 | 66 189 378
633 137 5355 | 65 126 442 | 60 153 420
633 17 520 | 45 120 468 | 39 234 360
633 27 715 | 35 143 455 | 39 99 495
633 211 5208 | 36 93 504 | 31 168 434
633 211 4788 | 27 228 378 | 38 63 532
633 211 4368 | 39 48 546 | 24 273 336
634 253 16002 | 126 254 254 | 127 234 273
634 37 1800 | 90 144 400 | 88 150 396
634 47 1848 | 84 88 462 | 56 204 374
634 11 420 | 56 170 408 | 69 105 460
634 59 1656 | 36 184 414 | 46 84 504
634 83 780 | 10 312 312 | 13 36 585
635 23 1485 | 143 195 297 | 135 225 275
635 127 7728 | 138 161 336 | 115 240 280
635 127 5544 | 90 105 440 | 63 264 308
635 751 32760 | 65 210 360 | 63 260 312
635 17 616 | 55 140 440 | 50 200 385
635 107 2376 | 40 55 540 | 26 297 312 | 27 176 432
635 127 2565 | 25 135 475 | 27 95 513
635 197 3325 | 19 266 350 | 20 140 475
636 23 1560 | 156 240 240 | 168 195 273
636 17 1140 | 152 220 264 | 171 180 285
636 3 200 | 150 216 270 | 152 209 275
636 17 1092 | 156 168 312 | 132 231 273
636 83 5160 | 129 195 312 | 120 258 258
636 37 2142 | 126 153 357 | 136 140 360
636 67 3300 | 90 150 396 | 76 275 285
636 97 4692 | 84 161 391 | 92 136 408
636 101 4836 | 78 186 372 | 96 124 416
636 349 13860 | 84 90 462 | 56 220 360
636 2929 102960 | 52 144 440 | 48 198 390
636 7 240 | 60 96 480 | 48 168 420
636 5 144 | 48 84 504 | 36 240 360
636 169 3780 | 40 56 540 | 27 189 420
636 509 7980 | 20 84 532 | 28 38 570
637 91 5640 | 120 235 282 | 140 168 329
637 31 1872 | 117 208 312 | 112 252 273
637 5 297 | 143 143 351 | 108 253 276
637 119 7020 | 108 230 299 | 130 156 351
637 13 756 | 108 207 322 | 112 189 336
637 91 5280 | 120 165 352 | 105 224 308
637 7 400 | 104 208 325 | 112 175 350
637 16 715 | 70 182 385 | 65 286 286
637 53 2145 | 77 105 455 | 65 143 429
637 7 204 | 39 156 442 | 42 119 476
637 13 240 | 21 280 336 | 35 42 560
637 91 1647 | 21 189 427 | 27 61 549
637 91 592 | 8 37 592 | 7 112 518
638 1 63 | 126 224 288 | 132 198 308
638 1 60 | 110 264 264 | 145 145 348
638 5 264 | 88 220 330 | 87 232 319
638 19 990 | 99 154 385 | 110 132 396
638 367 16796 | 78 152 408 | 68 247 323
638 25 1092 | 63 260 315 | 77 132 429
638 1 40 | 66 132 440 | 60 170 408
639 73 4752 | 144 198 297 | 135 240 264
639 20 1197 | 114 210 315 | 126 171 342
639 23 1320 | 100 264 275 | 110 184 345
639 59 1980 | 45 198 396 | 72 72 495
640 1 64 | 160 160 320 | 128 256 256
640 29 1820 | 140 175 325 | 154 156 330
640 241 14364 | 108 266 266 | 133 156 351
640 11 560 | 80 280 280 | 100 140 400
640 73 3600 | 90 150 400 | 80 200 360
640 367 16380 | 65 260 315 | 70 180 390
640 7 300 | 70 150 420 | 90 100 450
640 43 1560 | 50 200 390 | 52 168 420
640 251 5940 | 28 297 315 | 45 55 540
640 53 1008 | 35 45 560 | 24 112 504
641 1 56 | 95 266 280 | 112 161 368
641 197 10557 | 102 161 378 | 115 135 391
641 827 36432 | 66 207 368 | 69 176 396
641 379 15939 | 66 161 414 | 63 187 391
641 47 825 | 25 66 550 | 20 225 396
642 67 2970 | 66 216 360 | 78 135 429
642 83 3600 | 75 135 432 | 96 96 450
642 73 2640 | 48 264 330 | 66 96 480
642 113 3696 | 48 132 462 | 42 264 336
642 577 18810 | 57 90 495 | 44 180 418
642 289 8550 | 54 75 513 | 40 152 450
642 89 2160 | 30 180 432 | 48 54 540
643 61 3705 | 130 171 342 | 114 230 299
643 421 23023 | 115 143 385 | 91 253 299
643 157 8415 | 99 170 374 | 105 153 385
643 643 27720 | 77 126 440 | 63 220 360
643 37 1560 | 84 104 455 | 65 170 408
643 1 40 | 55 280 308 | 65 136 442
643 5 156 | 65 68 510 | 45 130 468
643 23 684 | 54 76 513 | 38 209 396
643 643 14560 | 28 160 455 | 32 91 520
644 53 3640 | 182 182 280 | 160 224 260
644 1 66 | 168 168 308 | 138 253 253
644 17 1120 | 140 224 280 | 160 176 308
644 5 306 | 119 210 315 | 117 221 306
644 83 5040 | 144 150 350 | 112 252 280
644 5 294 | 105 245 294 | 112 196 336
644 31 1820 | 104 260 280 | 140 140 364
644 7 408 | 119 168 357 | 104 234 306
644 29 1386 | 72 264 308 | 77 189 378
644 97 4410 | 72 180 392 | 98 105 441
644 35 1584 | 66 272 306 | 72 176 396
644 19 770 | 77 105 462 | 56 280 308
644 2051 80410 | 55 215 374 | 85 86 473
644 71 2730 | 63 126 455 | 52 280 312
644 89 3080 | 48 176 420 | 72 77 495
644 163 3822 | 49 49 546 | 39 66 539
645 23 975 | 78 117 450 | 60 260 325
645 43 1800 | 60 225 360 | 75 120 450
645 43 1716 | 78 99 468 | 55 260 330
645 43 1632 | 80 85 480 | 51 288 306
645 43 1044 | 30 180 435 | 36 87 522
645 73 1260 | 21 120 504 | 20 175 450
645 43 660 | 20 75 550 | 18 132 495
646 1 70 | 190 190 266 | 170 238 238
646 1 66 | 156 182 308 | 153 187 306
646 19 1224 | 136 204 306 | 152 171 323
646 457 28560 | 119 255 272 | 140 170 336
646 13 798 | 114 266 266 | 133 171 342
646 61 3685 | 134 160 352 | 110 268 268
646 79 4680 | 130 156 360 | 117 184 345
646 229 12510 | 117 139 390 | 90 278 278
646 19 990 | 100 150 396 | 88 198 360
646 1 52 | 96 160 390 | 85 221 340
646 19 714 | 51 238 357 | 68 102 476
646 23 858 | 52 198 396 | 51 221 374
646 95 3312 | 48 184 414 | 46 240 360
646 97 3168 | 42 252 352 | 55 96 495
646 1 30 | 38 228 380 | 51 85 510
646 139 2574 | 22 156 468 | 23 117 506
646 5 84 | 19 228 399 | 21 100 525
646 19 286 | 17 187 442 | 22 52 572
647 71 3312 | 69 272 306 | 72 207 368
647 47 2185 | 95 115 437 | 69 255 323
647 437 13860 | 55 88 504 | 45 140 462
647 11 315 | 39 140 468 | 42 110 495
647 599 16065 | 36 135 476 | 35 153 459
647 71 1287 | 22 130 495 | 36 39 572
648 1 70 | 189 189 270 | 168 240 240
648 1 60 | 108 270 270 | 144 144 360
648 19 1092 | 108 189 351 | 104 208 336
648 1 48 | 108 108 432 | 72 288 288
648 107 5040 | 84 144 420 | 70 272 306
648 29 1320 | 88 120 440 | 72 180 396
648 97 3360 | 45 288 315 | 56 112 480
648 17 390 | 32 96 520 | 27 270 351
648 1511 21528 | 23 40 585 | 18 78 552
649 38 2387 | 124 217 308 | 154 154 341
649 1 60 | 136 153 360 | 120 184 345 | 110 231 308
649 7 360 | 115 120 414 | 85 204 360
649 1 40 | 55 264 330 | 69 120 460
650 1 72 | 208 208 234 | 200 225 225
650 13 750 | 100 250 300 | 125 150 375
650 1 56 | 100 200 350 | 104 182 364
650 13 630 | 75 225 350 | 90 140 420
650 181 8400 | 75 175 400 | 80 150 420
650 1 45 | 72 170 408 | 100 100 450
650 13 450 | 45 275 330 | 50 150 450
650 11 360 | 45 165 440 | 68 72 510
650 1151 30240 | 35 135 480 | 32 240 378
650 1 20 | 25 125 500 | 26 104 520
651 7 432 | 144 156 351 | 126 189 336
651 56 3111 | 102 183 366 | 122 138 391
651 217 11880 | 120 135 396 | 90 264 297
651 5 252 | 84 189 378 | 105 126 420
651 31 1485 | 81 165 405 | 77 189 385
651 31 1365 | 63 273 315 | 91 105 455
651 109 4620 | 66 165 420 | 84 105 462
651 7 207 | 42 126 483 | 46 99 506
651 289 8190 | 36 195 420 | 35 252 364
651 119 3300 | 48 75 528 | 36 165 450
651 479 10920 | 28 168 455 | 30 117 504
651 98 1725 | 30 46 575 | 24 75 552
652 13 840 | 154 168 330 | 140 192 320
652 11 672 | 132 168 352 | 112 252 288
652 163 8976 | 96 204 352 | 102 176 374
652 461 23100 | 77 275 300 | 100 132 420
652 653 30800 | 100 112 440 | 77 175 400
652 163 7590 | 69 253 330 | 92 120 440
652 677 23100 | 50 140 462 | 44 300 308
652 157 3564 | 27 220 405 | 28 162 462
652 269 5148 | 36 44 572 | 22 234 396
652 163 2970 | 22 135 495 | 24 88 540
653 163 7700 | 70 275 308 | 77 176 400
653 1 45 | 75 153 425 | 65 273 315
653 53 2100 | 63 140 450 | 75 102 476
653 113 2520 | 45 48 560 | 26 312 315
653 11 208 | 28 65 560 | 33 48 572
653 149 720 | 5 216 432 | 7 16 630
654 109 7770 | 185 210 259 | 180 222 252
654 9 616 | 168 189 297 | 154 220 280
654 109 6930 | 126 220 308 | 135 189 330
654 37 2310 | 126 198 330 | 150 154 350
654 19 1080 | 96 270 288 | 105 189 360
654 71 3234 | 66 294 294 | 78 147 429
654 239 10230 | 62 220 372 | 90 99 465
654 31 1320 | 66 168 420 | 60 264 330
654 5 198 | 66 126 462 | 54 270 330
654 79 2760 | 56 115 483 | 46 240 368
654 109 3570 | 42 255 357 | 60 84 510
654 109 2730 | 45 63 546 | 30 260 364
654 35 858 | 30 195 429 | 42 66 546
654 233 4752 | 27 99 528 | 24 198 432
654 109 630 | 10 14 630 | 6 270 378
655 163 10725 | 143 200 312 | 165 165 325
655 64 4095 | 130 210 315 | 126 230 299
655 1 25 | 30 250 375 | 50 55 550
655 17 231 | 17 77 561 | 15 220 420
655 3 40 | 15 160 480 | 25 30 600
656 251 14784 | 105 231 320 | 112 192 352
656 31 1716 | 110 156 390 | 117 143 396 | 96 208 352
656 37 1872 | 78 272 306 | 96 144 416
656 109 5460 | 84 182 390 | 78 238 340
656 11 520 | 80 160 416 | 78 170 408
656 25 1008 | 56 240 360 | 64 144 448
656 1 26 | 32 208 416 | 41 82 533
656 283 5720 | 40 44 572 | 26 110 520
657 219 12320 | 96 231 330 | 112 160 385
657 8 405 | 81 216 360 | 90 162 405
657 743 33495 | 77 145 435 | 65 273 319
657 73 2736 | 57 144 456 | 54 171 432
657 73 2520 | 63 90 504 | 45 252 360
657 219 5180 | 28 259 370 | 42 60 555
657 73 1656 | 36 69 552 | 27 216 414
657 757 11424 | 30 32 595 | 17 192 448
658 37 2394 | 126 266 266 | 133 210 315
658 23 1274 | 91 273 294 | 98 196 364
658 937 43680 | 77 165 416 | 78 160 420
658 23 1040 | 91 112 455 | 80 136 442
658 19 840 | 70 168 420 | 63 280 315
658 2269 63840 | 38 140 480 | 35 224 399
658 137 3696 | 42 88 528 | 33 240 385
658 2183 14630 | 10 21 627 | 7 266 385
659 937 42315 | 70 186 403 | 65 279 315
659 7 312 | 65 234 360 | 84 120 455
659 79 1836 | 34 85 540 | 44 54 561
659 38 715 | 22 182 455 | 23 130 506
659 13 152 | 13 152 494 | 19 32 608
660 1 72 | 180 240 240 | 198 198 264
660 41 2772 | 165 180 315 | 154 198 308
660 1 66 | 132 264 264 | 165 165 330
660 53 3360 | 120 252 288 | 150 160 350
660 1 60 | 120 180 360 | 110 220 330
660 17 1008 | 108 216 336 | 105 240 315
660 3 160 | 100 160 400 | 88 220 352
660 2 105 | 84 240 336 | 120 120 420
660 257 13464 | 88 198 374 | 99 153 408
660 73 3780 | 105 135 420 | 84 216 360
660 37 1800 | 80 180 400 | 75 225 360
660 23 672 | 36 288 336 | 40 140 480
660 37 1050 | 35 250 375 | 45 90 525
660 131 3300 | 44 66 550 | 30 300 330
660 17 420 | 30 210 420 | 35 100 525
660 3 58 | 40 40 580 | 22 319 319
661 661 42840 | 153 168 340 | 126 255 280
661 47 2907 | 117 221 323 | 133 171 357
661 661 37620 | 99 220 342 | 110 171 380
661 37 2100 | 108 175 378 | 95 266 300
661 113 4368 | 56 176 429 | 52 273 336
661 95 2772 | 36 275 350 | 39 154 468
661 17 312 | 36 40 585 | 21 224 416 | 24 91 546
661 4031 61880 | 17 280 364 | 26 40 595
661 751 10296 | 15 286 360 | 16 117 528
662 263 17290 | 133 230 299 | 130 266 266
662 37 2394 | 152 168 342 | 133 207 322
662 65 3696 | 108 176 378 | 112 165 385
662 2 105 | 110 132 420 | 84 238 340
662 17 840 | 88 154 420 | 84 170 408
662 161 4590 | 35 270 357 | 54 68 540
662 331 3410 | 20 22 620 | 11 310 341
663 1 63 | 119 238 306 | 117 273 273 | 153 153 357
663 197 10920 | 105 168 390 | 91 260 312
663 2 105 | 108 135 420 | 91 182 390
663 29 1440 | 96 135 432 | 75 288 300
663 11 468 | 68 153 442 | 78 117 468
663 97 4020 | 60 201 402 | 69 134 460
663 13 525 | 63 150 450 | 55 300 308
663 2591 85008 | 48 132 483 | 42 253 368
663 11 300 | 33 300 330 | 34 204 425
663 23 273 | 15 63 585 | 13 195 455
664 23 1440 | 144 160 360 | 132 180 352
664 11 680 | 112 272 280 | 120 204 340
664 211 10260 | 92 135 437 | 76 210 378
664 233 10920 | 104 105 455 | 70 234 360
664 13 532 | 64 152 448 | 56 304 304
664 215 8316 | 55 189 420 | 56 176 432
664 23 840 | 70 90 504 | 48 280 336
664 193 5652 | 36 314 314 | 39 157 468
664 743 16302 | 26 209 429 | 39 55 570
665 7 495 | 171 209 285 | 165 225 275
665 19 1320 | 165 200 300 | 154 231 280
665 133 8352 | 145 160 360 | 116 261 288
665 1 57 | 133 133 399 | 95 285 285
665 143 6300 | 75 140 450 | 63 252 350
665 133 5076 | 60 135 470 | 54 188 423
665 19 600 | 56 84 525 | 40 250 375
665 7 200 | 40 125 500 | 35 280 350 | 38 152 475
665 19 540 | 35 252 378 | 50 75 540
665 19 539 | 35 245 385 | 49 77 539
665 1 17 | 19 323 323 | 35 35 595
665 133 1800 | 15 200 450 | 20 45 600
666 37 2340 | 120 234 312 | 135 180 351
666 193 11088 | 99 231 336 | 126 144 396
666 37 1872 | 90 160 416 | 78 252 336
666 3 148 | 111 111 444 | 74 296 296
666 11 540 | 90 144 432 | 81 180 405
666 111 3680 | 46 160 460 | 48 138 480
666 37 1190 | 51 105 510 | 42 204 420
666 43 1260 | 42 120 504 | 36 315 315
666 37 1080 | 54 72 540 | 36 270 360
666 111 2800 | 30 300 336 | 50 56 560
666 111 2470 | 39 57 570 | 26 260 380
666 111 2030 | 28 58 580 | 21 210 435
666 37 570 | 20 76 570 | 18 135 513
667 1 72 | 174 232 261 | 184 207 276
667 313 9880 | 52 95 520 | 40 247 380
667 1 17 | 30 42 595 | 19 306 342
668 37 2576 | 161 208 299 | 176 184 308
668 23 1560 | 168 175 325 | 156 192 320
668 23 1540 | 140 220 308 | 156 182 330
668 251 15568 | 139 161 368 | 112 278 278
668 67 3960 | 110 198 360 | 104 234 330
668 79 4550 | 98 245 325 | 104 200 364
668 269 14560 | 112 140 416 | 96 182 390
668 37 1980 | 90 204 374 | 88 220 360
668 7 360 | 90 170 408 | 80 252 336
668 29 1260 | 63 220 385 | 90 102 476
668 85 3276 | 52 252 364 | 60 140 468
668 2609 97812 | 57 143 468 | 52 198 418
669 223 15312 | 174 176 319 | 144 261 264
669 121 7140 | 102 252 315 | 138 140 391
669 187 9975 | 95 175 399 | 84 285 300
669 11 570 | 85 204 380 | 80 285 304
669 85 2772 | 42 231 396 | 44 175 450
669 167 5148 | 39 234 396 | 44 130 495
669 2917 61425 | 25 189 455 | 27 117 525
670 11 714 | 126 238 306 | 150 170 350
670 67 3850 | 100 220 350 | 110 175 385
670 67 3472 | 112 124 434 | 80 280 310
670 283 13200 | 72 198 400 | 80 150 440
670 67 3094 | 85 130 455 | 68 238 364
670 37 1560 | 72 130 468 | 65 165 440
670 311 12350 | 65 130 475 | 76 100 494
670 67 2340 | 72 78 520 | 45 300 325
670 449 6900 | 20 75 575 | 24 46 600
671 359 22320 | 112 279 280 | 144 155 372
671 2 117 | 99 286 286 | 132 143 396 | 104 216 351
671 29 1155 | 55 231 385 | 77 99 495
671 155 4312 | 35 196 440 | 44 88 539
671 383 4368 | 13 112 546 | 21 26 624
671 61 611 | 11 143 517 | 13 47 611
672 1 72 | 192 192 288 | 168 252 252
672 7 480 | 144 240 288 | 160 192 320
672 79 5040 | 126 210 336 | 144 168 360
672 1 60 | 105 252 315 | 128 160 384
672 11 588 | 105 147 420 | 84 294 294
672 7 330 | 105 105 462 | 78 165 429
672 3 80 | 32 320 320 | 56 56 560
672 7 144 | 32 64 576 | 24 216 432
673 673 42840 | 120 238 315 | 136 180 357
673 401 19448 | 78 187 408 | 88 143 442
673 673 18480 | 40 105 528 | 35 176 462
673 433 5200 | 24 25 624 | 13 260 400
673 673 3864 | 6 184 483 | 8 21 644
674 127 6048 | 96 119 459 | 72 224 378
674 811 36720 | 80 135 459 | 72 170 432
674 337 15080 | 65 232 377 | 80 130 464
674 26 595 | 34 80 560 | 28 170 476
674 115 2574 | 36 66 572 | 26 297 351
675 1 70 | 180 180 315 | 168 195 312
675 23 1560 | 150 200 325 | 143 220 312
675 43 2520 | 105 210 360 | 117 168 390
675 239 13860 | 110 180 385 | 99 240 336
675 31 1620 | 90 180 405 | 81 270 324
675 1 48 | 75 200 400 | 81 162 432
675 19 840 | 70 165 440 | 63 252 360
675 397 15015 | 63 117 495 | 55 165 455
675 1 35 | 45 315 315 | 75 75 525
675 3 100 | 50 125 500 | 45 180 450
675 3 65 | 45 45 585 | 25 325 325
676 17 1232 | 176 220 280 | 182 208 286
676 13 850 | 136 200 340 | 130 221 325
676 1 60 | 104 260 312 | 130 156 390
676 1 55 | 100 176 400 | 88 280 308
676 17 910 | 91 195 390 | 84 280 312
676 5 252 | 76 285 315 | 78 234 364
676 11 480 | 84 112 480 | 65 195 416
676 13 560 | 60 280 336 | 64 192 420
676 13 360 | 39 117 520 | 36 160 480
676 53 1260 | 28 270 378 | 36 80 560
676 13 288 | 36 64 576 | 26 234 416
676 169 2970 | 20 216 440 | 27 55 594
676 169 2464 | 16 308 352 | 28 32 616
676 659 7904 | 16 52 608 | 13 247 416
677 13 935 | 165 240 272 | 170 221 286
677 37 1520 | 57 240 380 | 56 285 336
677 13 476 | 48 272 357 | 52 170 455
677 163 5775 | 75 77 525 | 50 165 462
677 1129 35360 | 65 68 544 | 40 221 416
677 67 1925 | 50 77 550 | 42 110 525
677 43 936 | 40 52 585 | 33 72 572
678 107 3696 | 66 84 528 | 48 168 462
678 1751 51480 | 36 312 330 | 40 143 495
678 71 1638 | 28 182 468 | 27 273 378
678 51 1160 | 40 58 580 | 27 216 435
679 5 308 | 112 231 336 | 140 154 385
679 97 5880 | 105 280 294 | 140 147 392
679 37 2128 | 95 280 304 | 112 168 399
679 73 4095 | 99 195 385 | 91 273 315
679 47 2520 | 84 280 315 | 112 135 432
679 97 5088 | 96 159 424 | 84 224 371
679 188 8085 | 70 147 462 | 90 99 490
679 3 112 | 49 294 336 | 63 112 504
679 37 1323 | 49 189 441 | 54 135 490
679 131 4095 | 39 280 360 | 63 70 546
679 7 195 | 39 120 520 | 34 255 390
679 679 18700 | 44 85 550 | 34 220 425
680 3 220 | 176 240 264 | 180 225 275
680 1 72 | 180 200 300 | 168 224 288
680 1 68 | 136 272 272 | 170 170 340
680 13 840 | 120 280 280 | 140 180 360
680 127 7700 | 110 220 350 | 105 275 300
680 311 15840 | 96 144 440 | 77 288 315
680 227 11476 | 92 151 437 | 76 302 302
680 1 50 | 80 200 400 | 85 170 425 | 75 275 330
680 43 2100 | 90 140 450 | 75 220 385
680 13 612 | 75 180 425 | 68 306 306
680 139 4620 | 42 308 330 | 55 100 525
680 1 32 | 68 68 544 | 40 320 320
680 1 30 | 55 75 550 | 40 160 480
680 11 280 | 32 168 480 | 40 80 560
680 61 1440 | 32 108 540 | 40 64 576
681 31 2079 | 135 231 315 | 132 252 297
681 85 3192 | 56 150 475 | 63 114 504
681 99 3640 | 70 91 520 | 60 117 504
681 733 25245 | 44 297 340 | 51 135 495
681 587 9240 | 30 35 616 | 18 168 495
682 1 70 | 154 220 308 | 155 217 310 | 175 182 325
682 1237 85800 | 150 220 312 | 143 264 275
682 23 1430 | 110 286 286 | 143 154 385
682 149 9240 | 112 240 330 | 110 264 308
682 79 4290 | 88 234 360 | 110 143 429
682 31 1638 | 84 234 364 | 99 154 429
682 5 264 | 88 198 396 | 110 132 440
682 31 1540 | 77 220 385 | 88 154 440
682 113 4760 | 64 170 448 | 70 136 476
682 1 42 | 66 154 462 | 62 186 434
682 383 10710 | 34 270 378 | 36 170 476
682 17 416 | 34 104 544 | 32 130 520
682 313 6006 | 26 84 572 | 22 231 429
682 31 280 | 10 112 560 | 11 55 616
683 13 924 | 165 210 308 | 154 253 276
683 103 7245 | 171 190 322 | 161 207 315
683 425 28728 | 152 189 342 | 133 270 280
683 19 1232 | 154 161 368 | 143 176 364
683 737 32760 | 63 260 360 | 72 156 455
683 241 9240 | 54 189 440 | 56 165 462
683 25 168 | 8 45 630 | 7 312 364
684 19 1386 | 168 252 264 | 189 198 297
684 3 190 | 114 285 285 | 152 152 380
684 3 182 | 112 208 364 | 117 189 378
684 1 60 | 114 190 380 | 108 216 360
684 353 20790 | 110 189 385 | 99 270 315
684 139 7560 | 90 216 378 | 112 140 432
684 3 152 | 114 114 456 | 76 304 304
684 5 252 | 76 266 342 | 84 180 420
684 47 2160 | 96 108 480 | 72 180 432
684 3 130 | 95 95 494 | 60 312 312
684 23 990 | 90 99 495 | 60 264 360
684 57 2380 | 68 140 476 | 60 204 420
684 19 756 | 54 252 378 | 72 108 504
684 19 700 | 48 300 336 | 75 84 525
684 51 1760 | 60 96 528 | 44 320 320
684 57 1820 | 60 78 546 | 40 280 364
684 43 1260 | 36 270 378 | 40 140 504
684 57 1540 | 44 80 560 | 33 231 420
684 19 396 | 36 54 594 | 24 264 396
684 57 1148 | 24 168 492 | 28 82 574
684 3 50 | 19 190 475 | 24 60 600
685 41 2093 | 77 286 322 | 115 115 455
685 76 3627 | 93 124 468 | 90 130 465
685 3 130 | 69 156 460 | 60 300 325
685 17 720 | 60 225 400 | 80 110 495
685 1 35 | 45 280 360 | 60 100 525
685 47 1320 | 35 210 440 | 48 77 560
685 13 105 | 10 45 630 | 9 91 585
686 49 3510 | 182 189 315 | 156 260 270
686 413 28600 | 152 209 325 | 156 200 330
686 47 2992 | 119 231 336 | 136 176 374
686 97 5742 | 126 154 406 | 116 174 396
686 31 1716 | 88 286 312 | 91 231 364
686 7 330 | 70 231 385 | 84 140 462
686 49 2024 | 56 308 322 | 88 92 506
686 53 1960 | 49 245 392 | 56 140 490
686 1 36 | 56 126 504 | 49 196 441
686 49 1230 | 30 246 410 | 42 70 574
686 343 7830 | 29 135 522 | 30 116 540
686 343 7488 | 26 192 468 | 32 78 576
686 3199 64584 | 23 312 351 | 26 108 552
686 343 6120 | 20 306 360 | 34 40 612
686 7 90 | 14 252 420 | 21 35 630
686 5 63 | 14 168 504 | 20 36 630
687 53 3465 | 143 180 364 | 126 231 330
687 229 14880 | 120 279 288 | 155 160 372
687 229 13860 | 126 165 396 | 105 252 330
687 11 648 | 120 162 405 | 99 264 324
687 85 4368 | 78 273 336 | 112 120 455
687 206 10545 | 111 120 456 | 95 148 444
687 44 1953 | 63 252 372 | 62 310 315
687 23 825 | 50 175 462 | 63 99 525
687 229 4680 | 30 72 585 | 24 195 468
688 5 308 | 110 238 340 | 112 224 352
688 23 1320 | 96 240 352 | 110 170 408
688 1993 93600 | 78 160 450 | 72 200 416
688 89 4032 | 64 288 336 | 72 168 448
688 43 1920 | 64 240 384 | 80 128 480
688 43 1584 | 72 88 528 | 48 288 352
688 179 6552 | 63 105 520 | 52 168 468
688 37 1120 | 40 168 480 | 64 64 560
688 1319 29700 | 44 50 594 | 30 108 550
688 19 400 | 28 100 560 | 40 48 600
689 131 8540 | 122 252 315 | 140 183 366
689 5 288 | 117 156 416 | 115 160 414
689 113 5148 | 78 143 468 | 65 264 360
689 403 16632 | 60 189 440 | 77 108 504
689 221 8400 | 80 84 525 | 51 238 400
689 7 260 | 65 104 520 | 52 182 455
689 169 5880 | 45 252 392 | 49 160 480
689 5 156 | 52 91 546 | 39 260 390
689 289 5796 | 23 252 414 | 24 161 504
690 11 765 | 170 180 340 | 144 240 306
690 3 200 | 150 180 360 | 140 200 350
690 1 63 | 112 272 306 | 120 210 360
690 13 792 | 110 220 360 | 126 168 396
690 47 2730 | 105 195 390 | 130 140 420
690 29 1680 | 112 170 408 | 126 144 420
690 197 9240 | 72 198 420 | 75 175 440
690 251 11730 | 69 230 391 | 102 105 483
690 79 3360 | 90 96 504 | 70 140 480
690 1 42 | 69 138 483 | 60 210 420
690 353 13860 | 66 120 504 | 63 132 495
690 83 3150 | 75 90 525 | 50 280 360
690 11 336 | 42 144 504 | 60 70 560
690 337 7722 | 27 234 429 | 44 52 594
690 17 210 | 14 130 546 | 18 42 630
691 2213 98208 | 96 99 496 | 62 288 341
691 32 1287 | 66 130 495 | 54 286 351
691 121 3570 | 36 315 340 | 51 80 560
691 127 3420 | 35 152 504 | 45 76 570
691 1369 34320 | 33 130 528 | 39 80 572
691 1787 40040 | 26 280 385 | 28 143 520
692 793 53856 | 132 272 288 | 153 187 352
692 73 3536 | 80 170 442 | 104 112 476
692 11 532 | 102 114 476 | 84 152 456
692 67 3150 | 72 200 420 | 77 165 450
692 1759 62928 | 48 207 437 | 46 304 342
692 295 10296 | 48 176 468 | 55 117 520
692 3 100 | 44 198 450 | 42 300 350
692 361 12012 | 52 112 528 | 42 286 364
692 1093 35420 | 44 165 483 | 46 140 506
692 29 880 | 55 77 560 | 44 120 528
693 13 945 | 189 189 315 | 165 231 297
693 7 480 | 165 176 352 | 135 270 288
693 28 1755 | 117 216 360 | 110 286 297
693 21 968 | 88 121 484 | 66 264 363
693 1 45 | 99 99 495 | 63 315 315
693 7 240 | 45 216 432 | 55 110 528
693 21 688 | 48 129 516 | 44 176 473
693 3 31 | 11 341 341 | 21 21 651
694 109 8190 | 182 252 260 | 198 210 286
694 133 8602 | 136 184 374 | 119 253 322
694 199 10846 | 88 232 374 | 85 290 319
694 23 1200 | 100 144 450 | 84 210 400
694 37 1368 | 48 304 342 | 57 133 504
694 1481 37440 | 40 78 576 | 45 64 585
694 41 630 | 18 130 546 | 28 36 630
694 43 630 | 24 40 630 | 18 91 585
695 139 8400 | 105 240 350 | 120 175 400
695 47 2457 | 117 119 459 | 105 135 455
695 46 2325 | 75 310 310 | 90 155 450
695 419 19800 | 75 180 440 | 77 168 450
695 1 45 | 90 110 495 | 70 175 450
695 67 2717 | 55 260 380 | 57 209 429
695 34 1155 | 44 231 420 | 70 75 550
695 59 1680 | 45 90 560 | 35 240 420
695 19 533 | 35 205 455 | 39 123 533
695 139 3248 | 35 80 580 | 28 203 464
695 47 840 | 20 315 360 | 25 70 600
695 1123 14720 | 23 32 640 | 15 128 552
695 83 693 | 9 147 539 | 10 55 630
695 139 672 | 7 16 672 | 5 210 480
696 31 2310 | 176 240 280 | 189 210 297
696 307 22572 | 176 216 304 | 171 228 297
696 11 756 | 144 216 336 | 156 189 351
696 13 840 | 126 210 360 | 120 240 336
696 19 1080 | 108 168 420 | 120 144 432
696 113 6048 | 96 168 432 | 91 189 416
696 23 1188 | 108 126 462 | 88 176 432
696 9 440 | 72 264 360 | 80 176 440
696 61 2520 | 56 280 360 | 72 120 504
696 557 20592 | 52 176 468 | 48 297 351
696 1 36 | 48 216 432 | 58 116 522
696 599 13800 | 33 88 575 | 46 50 600
696 79 1260 | 30 36 630 | 20 91 585
697 1 72 | 168 207 322 | 153 272 272
697 131 8840 | 136 221 340 | 130 255 312
697 5 336 | 161 168 368 | 133 228 336
697 23 1456 | 112 273 312 | 114 247 336
697 1 60 | 102 255 340 | 123 164 410
697 193 11385 | 105 207 385 | 99 253 345
697 19 828 | 60 315 322 | 92 99 506
697 71 2660 | 70 95 532 | 52 190 455
697 95 1848 | 22 315 360 | 23 168 506
698 47 3366 | 154 238 306 | 170 198 330
698 83 5544 | 140 198 360 | 126 264 308
698 11 720 | 120 272 306 | 130 208 360
698 57 3640 | 140 168 390 | 120 221 357
698 7 440 | 110 280 308 | 120 204 374
698 1 60 | 120 170 408 | 104 234 360
698 337 16926 | 93 143 462 | 78 217 403
698 349 16422 | 69 238 391 | 84 138 476
698 53 2310 | 77 126 495 | 60 308 330
698 101 3960 | 52 286 360 | 80 90 528
698 751 28710 | 66 110 522 | 58 145 495
698 191 3718 | 23 169 506 | 22 338 338
699 127 7293 | 104 187 408 | 117 153 429
699 149 8151 | 91 209 399 | 99 171 429
699 83 4095 | 72 312 315 | 91 140 468
699 703 21840 | 39 240 420 | 48 105 546
699 109 2376 | 33 72 594 | 27 144 528
700 17 1260 | 175 225 300 | 168 252 280
700 1 70 | 140 280 280 | 175 175 350
700 7 480 | 140 224 336 | 160 180 360
700 1 60 | 140 140 420 | 100 300 300
700 413 22880 | 88 260 352 | 91 224 385
700 7 300 | 60 240 400 | 75 125 500
700 7 260 | 60 120 520 | 52 180 468
700 161 5280 | 44 176 480 | 45 160 495
700 53 1680 | 56 84 560 | 40 240 420
700 7 220 | 50 100 550 | 40 220 440
700 1 24 | 50 50 600 | 28 336 336
701 53 3570 | 133 228 340 | 140 204 357
701 58 3283 | 98 201 402 | 126 134 441
702 1 72 | 156 234 312 | 162 216 324
702 13 880 | 132 240 330 | 144 198 360
702 17 1134 | 126 252 324 | 162 162 378
702 67 4464 | 144 186 372 | 124 272 306
702 29 1890 | 126 216 360 | 135 189 378
702 13 810 | 135 162 405 | 108 270 324
702 3 184 | 104 299 299 | 144 144 414
702 3 170 | 130 130 442 | 90 306 306
702 39 2150 | 100 172 430 | 90 225 387
702 1 52 | 117 117 468 | 78 312 312
702 95 4914 | 78 273 351 | 108 126 468
702 7 360 | 104 130 468 | 81 216 405
702 13 600 | 72 180 450 | 65 312 325
702 11 372 | 72 72 558 | 51 124 527
702 13 320 | 30 192 480 | 36 90 576
702 13 110 | 12 30 660 | 9 198 495
703 289 21700 | 175 248 280 | 186 217 300
703 16 1105 | 136 255 312 | 143 220 340
703 103 6840 | 133 210 360 | 152 171 380
703 703 46200 | 120 275 308 | 150 168 385
703 1 63 | 133 171 399 | 111 259 333
703 43 1980 | 66 252 385 | 88 120 495
703 179 7917 | 63 234 406 | 65 203 435
703 157 6435 | 55 297 351 | 65 143 495
703 97 3591 | 57 133 513 | 63 108 532
703 4 143 | 66 91 546 | 75 78 550
703 233 7280 | 52 91 560 | 40 208 455
703 37 1140 | 57 76 570 | 38 285 380
703 89 2717 | 38 247 418 | 55 78 570
703 1 28 | 38 133 532 | 37 148 518
703 323 7644 | 33 98 572 | 28 234 441
703 283 6120 | 27 136 540 | 40 51 612
703 703 9100 | 25 28 650 | 14 325 364
704 23 1632 | 144 272 288 | 160 204 340
704 29 2016 | 154 198 352 | 144 224 336
704 43 2772 | 154 154 396 | 126 204 374
704 61 3744 | 104 288 312 | 144 144 416
704 53 3150 | 126 153 425 | 115 175 414
704 115 6552 | 104 180 420 | 126 136 442
704 1 56 | 128 128 448 | 110 154 440 | 88 308 308
704 73 3960 | 99 165 440 | 88 220 396
704 109 5600 | 77 275 352 | 80 224 400
704 5 252 | 77 231 396 | 102 126 476
704 1079 52360 | 77 187 440 | 88 140 476
704 7 330 | 99 110 495 | 77 165 462
704 5 208 | 56 312 336 | 80 104 520
704 79 2808 | 60 104 540 | 54 130 520
704 79 2016 | 32 168 504 | 34 126 544
704 47 1120 | 32 112 560 | 28 260 416
704 29 616 | 28 104 572 | 44 44 616
705 19 900 | 100 110 495 | 75 180 450
705 9 416 | 65 320 320 | 68 221 416
705 83 3315 | 55 221 429 | 65 130 510
705 1 33 | 45 165 495 | 47 141 517
705 41 975 | 33 100 572 | 40 65 600
705 139 2520 | 21 180 504 | 35 40 630
706 305 22176 | 154 264 288 | 160 231 315
706 19 1155 | 108 220 378 | 132 154 420
706 107 5472 | 76 288 342 | 90 160 456
706 23 924 | 56 210 440 | 55 231 420
706 149 3080 | 35 55 616 | 24 220 462
706 159 3080 | 22 264 420 | 30 60 616
706 131 1820 | 16 130 560 | 20 49 637
707 127 6930 | 84 308 315 | 99 168 440
707 35 1584 | 80 132 495 | 63 308 336
707 53 1656 | 40 207 460 | 42 161 504
707 17 315 | 35 42 630 | 21 245 441
708 3 224 | 176 224 308 | 168 252 288
708 113 7854 | 136 264 308 | 153 198 357
708 173 10080 | 96 252 360 | 99 224 385
708 9 520 | 100 208 400 | 130 136 442
708 463 25740 | 99 180 429 | 88 260 360
708 37 2016 | 88 224 396 | 84 288 336
708 599 27720 | 99 105 504 | 70 198 440
708 253 11424 | 63 288 357 | 68 192 448
708 19 780 | 68 130 510 | 60 180 468
708 71 2640 | 48 330 330 | 60 120 528
708 383 13104 | 45 208 455 | 48 156 504
708 551 18480 | 42 330 336 | 60 88 560
708 139 4032 | 48 84 576 | 36 224 448
708 647 12540 | 22 266 420 | 36 45 627
708 5 96 | 32 52 624 | 22 224 462
708 25 462 | 33 45 630 | 22 147 539
708 27 440 | 22 70 616 | 18 330 360
709 443 26712 | 104 234 371 | 126 159 424
709 1 60 | 115 180 414 | 119 170 420
709 173 9180 | 85 216 408 | 100 150 459
709 473 21420 | 85 120 504 | 63 306 340
709 799 26796 | 44 203 462 | 42 319 348
709 709 22425 | 65 69 575 | 39 325 345
709 149 3465 | 33 91 585 | 27 297 385
709 67 1428 | 30 84 595 | 34 63 612
710 79 5600 | 160 200 350 | 150 224 336
710 17 1050 | 140 150 420 | 105 275 330
710 1 52 | 99 143 468 | 80 240 390
710 841 40950 | 78 182 450 | 70 315 325
710 13 630 | 70 280 360 | 105 110 495
710 7 330 | 70 220 420 | 72 198 440
710 1319 51300 | 54 200 456 | 75 95 540
710 59 2200 | 50 220 440 | 80 80 550
710 943 34650 | 50 198 462 | 70 90 550
710 19 400 | 30 80 600 | 24 336 350
711 71 5040 | 150 225 336 | 144 252 315
711 3 208 | 144 216 351 | 161 182 368
711 2 135 | 135 216 360 | 126 270 315
711 237 14300 | 100 286 325 | 132 150 429
711 23 1008 | 60 315 336 | 63 216 432
711 237 9880 | 65 152 494 | 60 195 456
711 11 240 | 25 336 350 | 27 144 540
711 79 1449 | 27 63 621 | 21 207 483
712 41 2880 | 160 192 360 | 140 252 320
712 43 2016 | 72 192 448 | 96 112 504
712 719 33660 | 85 132 495 | 66 306 340
712 67 1980 | 36 286 390 | 40 144 528
712 107 2880 | 40 96 576 | 32 320 360
712 2003 53856 | 36 132 544 | 32 306 374
712 851 19040 | 32 85 595 | 28 140 544
712 37 780 | 40 48 624 | 26 140 546
712 1943 21216 | 12 156 544 | 17 32 663
713 1 65 | 115 299 299 | 155 155 403
713 1 63 | 108 297 308 | 138 161 414
713 5 276 | 115 138 460 | 92 207 414
713 1 48 | 69 276 368 | 93 124 496
713 217 10296 | 77 168 468 | 88 130 495
713 101 4088 | 56 219 438 | 63 146 504
713 131 3248 | 48 56 609 | 29 336 348
713 1 20 | 23 230 460 | 31 62 620
714 3 220 | 154 280 280 | 187 187 340
714 7 510 | 170 204 340 | 153 255 306
714 31 2184 | 168 182 364 | 144 234 336
714 13 882 | 147 189 378 | 126 294 294
714 443 29400 | 120 294 300 | 147 175 392
714 287 17160 | 104 220 390 | 120 165 429
714 3137 180180 | 105 180 429 | 91 308 315
714 7 390 | 102 170 442 | 90 234 390
714 1 54 | 84 252 378 | 102 153 459
714 79 2280 | 38 156 520 | 35 280 399
714 7 198 | 54 66 594 | 34 306 374
714 3 70 | 28 196 490 | 34 85 595
714 581 12870 | 26 220 468 | 30 99 585
714 101 1890 | 30 54 630 | 21 315 378
714 299 5586 | 21 294 399 | 38 39 637
714 7 78 | 12 234 468 | 17 34 663
715 1 75 | 175 225 315 | 165 275 275 | 195 195 325
715 19 1260 | 154 165 396 | 120 280 315
715 13 783 | 135 145 435 | 99 297 319
715 8 455 | 91 260 364 | 130 130 455
715 13 720 | 90 225 400 | 99 176 440
715 193 10296 | 104 143 468 | 88 198 429
715 19 900 | 70 225 420 | 90 125 500
715 29 1260 | 65 182 468 | 90 100 525
715 1 40 | 65 130 520 | 55 220 440
715 23 884 | 52 221 442 | 50 325 340
715 403 15400 | 50 280 385 | 77 88 550
715 13 495 | 75 90 550 | 55 165 495
715 13 336 | 33 154 528 | 35 120 560
716 299 20944 | 136 272 308 | 161 187 368
716 11 756 | 140 216 360 | 156 182 378
716 1 66 | 138 187 391 | 144 176 396
716 523 28980 | 112 144 460 | 92 210 414
716 59 3094 | 91 170 455 | 104 136 476
716 883 28560 | 51 105 560 | 40 336 340
716 619 13104 | 26 144 546 | 36 56 624
716 47 528 | 12 352 352 | 16 40 660
717 53 3780 | 156 210 351 | 168 189 360
717 67 3465 | 77 280 360 | 90 165 462
717 23 1155 | 77 220 420 | 78 210 429
717 191 4347 | 42 54 621 | 27 207 483
718 5 378 | 168 270 280 | 189 207 322
718 17 936 | 88 234 396 | 120 130 468
718 331 18018 | 110 140 468 | 91 198 429
718 239 6930 | 36 220 462 | 54 70 594
718 43 1120 | 34 140 544 | 32 196 490
718 251 6240 | 30 208 480 | 32 140 546
718 1027 13300 | 14 304 400 | 25 28 665
718 131 1680 | 14 224 480 | 16 72 630
719 251 15444 | 143 144 432 | 104 264 351
719 178 8415 | 68 255 396 | 99 110 510
719 554 16065 | 54 70 595 | 35 306 378
719 4429 112200 | 33 136 550 | 30 264 425
719 1171 27324 | 33 92 594 | 44 54 621
720 3 238 | 210 255 255 | 224 224 272
720 3 224 | 192 192 336 | 160 280 280
720 1 72 | 180 180 360 | 144 288 288
720 111 7540 | 156 174 390 | 140 203 377
720 3 200 | 160 160 400 | 120 300 300
720 73 4200 | 100 200 420 | 96 224 400
720 239 13680 | 120 144 456 | 95 225 400
720 5483 300300 | 100 165 455 | 84 286 350
720 3 160 | 80 320 320 | 120 120 480
720 1 48 | 72 216 432 | 80 160 480
720 1 44 | 96 96 528 | 60 330 330
720 49 1980 | 54 270 396 | 60 165 495
720 281 10920 | 70 104 546 | 60 140 520
720 3 112 | 80 80 560 | 48 336 336
720 137 5040 | 70 90 560 | 48 252 420
720 47 1584 | 48 144 528 | 44 208 468
720 3 88 | 44 104 572 | 54 72 594
720 67 1800 | 32 288 400 | 45 75 600
720 479 12240 | 48 60 612 | 34 126 560
720 3 44 | 30 30 660 | 16 352 352
720 131 1920 | 20 60 640 | 16 320 384
721 721 50160 | 165 176 380 | 132 285 304
721 37 2520 | 126 280 315 | 133 228 360
721 541 36036 | 126 231 364 | 143 182 396
721 251 15120 | 119 170 432 | 112 189 420
721 721 38760 | 95 170 456 | 85 228 408
721 103 5040 | 105 112 504 | 70 315 336
721 103 4248 | 56 252 413 | 72 118 531
721 721 24840 | 45 216 460 | 54 115 552
721 7 240 | 56 105 560 | 45 208 468
721 11 315 | 35 245 441 | 45 91 585
721 721 5520 | 15 16 690 | 8 345 368
721 1781 11781 | 7 153 561 | 11 17 693
722 25 1904 | 170 272 280 | 176 238 308
722 1 72 | 152 228 342 | 144 272 306
722 361 22880 | 130 176 416 | 110 260 352
722 31 1872 | 136 144 442 | 117 176 429
722 19 900 | 76 171 475 | 72 200 450
722 1 42 | 57 266 399 | 76 114 532
722 2117 47124 | 34 72 616 | 33 77 612
722 17 286 | 19 209 494 | 20 130 572
722 85 1386 | 22 70 630 | 18 308 396
722 361 2720 | 8 170 544 | 10 32 680
722 751 4620 | 7 55 660 | 9 20 693
723 1 72 | 165 198 360 | 156 216 351
723 94 6615 | 135 294 294 | 147 216 360
723 17 1080 | 135 168 420 | 117 216 390
723 703 44520 | 140 159 424 | 112 240 371
723 127 7644 | 98 300 325 | 126 156 441
723 23 1080 | 66 297 360 | 84 135 504
723 383 17325 | 99 99 525 | 63 275 385
723 197 7560 | 63 120 540 | 52 216 455
723 521 19635 | 77 85 561 | 51 210 462
723 279 10192 | 48 234 441 | 65 98 560
723 241 6435 | 33 195 495 | 39 99 585
723 170 3381 | 24 147 552 | 23 210 490
723 241 4515 | 35 43 645 | 21 315 387
724 143 10220 | 140 292 292 | 146 238 340
724 289 20020 | 140 220 364 | 130 286 308
724 181 11704 | 152 154 418 | 112 304 308
724 37 2380 | 119 220 385 | 112 272 340
724 19 1170 | 115 195 414 | 104 260 360
724 4787 288288 | 104 224 396 | 99 273 352
724 365 21318 | 132 136 456 | 95 255 374
724 235 13464 | 126 136 462 | 99 200 425
724 13 672 | 84 192 448 | 80 224 420
724 71 2640 | 48 286 390 | 56 140 528
724 137 4940 | 76 78 570 | 52 152 520
724 7 240 | 44 240 440 | 48 156 520
724 467 15708 | 42 308 374 | 44 204 476
724 737 23400 | 39 325 360 | 40 234 450
724 17 528 | 42 154 528 | 48 104 572
724 89 2660 | 38 196 490 | 40 152 532
724 521 15444 | 44 108 572 | 52 78 594
725 1 77 | 203 203 319 | 175 275 275
725 1 60 | 116 174 435 | 100 250 375 | 120 165 440
725 31 1820 | 130 140 455 | 95 266 364
725 23 880 | 50 275 400 | 77 88 560
725 169 5390 | 60 77 588 | 40 245 440
725 167 4147 | 29 319 377 | 39 77 609
725 1 21 | 25 175 525 | 39 49 637 | 29 87 609
725 337 5460 | 21 80 624 | 18 252 455
726 157 11880 | 180 216 330 | 165 264 297
726 163 11088 | 154 176 396 | 126 264 336
726 1 66 | 132 198 396 | 121 242 363
726 311 18810 | 110 198 418 | 99 285 342
726 41 2160 | 84 210 432 | 81 240 405
726 911 43680 | 78 168 480 | 70 240 416
726 47 2142 | 70 180 476 | 63 306 357
726 13 555 | 60 222 444 | 68 148 510
726 43 1650 | 50 286 390 | 66 110 550
726 5 189 | 60 126 540 | 54 168 504
726 79 2520 | 42 180 504 | 40 245 441
726 3643 67620 | 21 245 460 | 23 115 588
727 167 12320 | 175 200 352 | 160 231 336
727 221 12320 | 91 220 416 | 105 160 462
727 17957 742560 | 78 105 544 | 56 255 416
727 1213 49140 | 56 216 455 | 70 117 540
727 727 25740 | 45 286 396 | 65 90 572
727 307 8415 | 34 198 495 | 55 60 612
727 1363 9100 | 7 200 520 | 13 14 700
728 1 80 | 224 224 280 | 208 260 260
728 1 78 | 208 208 312 | 182 273 273
728 7 506 | 143 286 299 | 176 184 368
728 13 864 | 126 224 378 | 128 216 384
728 13 840 | 112 280 336 | 140 168 420
728 13 770 | 130 143 455 | 98 245 385 | 112 176 440
728 91 5220 | 90 290 348 | 120 144 464
728 7 396 | 88 288 352 | 117 143 468
728 67 3696 | 84 308 336 | 91 208 429
728 17 910 | 80 312 336 | 91 182 455
728 3 160 | 80 288 360 | 84 224 420
728 13 660 | 88 160 480 | 77 231 420
728 1033 47124 | 68 198 462 | 63 308 357
728 1 42 | 56 336 336 | 91 91 546
728 91 3348 | 48 248 432 | 62 108 558
728 91 3168 | 64 88 576 | 44 288 396
728 49 1672 | 44 228 456 | 48 152 528
728 13 420 | 42 196 490 | 48 120 560
728 91 2448 | 48 68 612 | 32 288 408
728 13 300 | 28 175 525 | 32 96 600
728 91 1920 | 40 48 640 | 24 320 384
728 13 264 | 28 84 616 | 24 176 528
728 91 1278 | 18 71 639 | 16 144 568
729 859 49140 | 91 260 378 | 126 135 468
729 311 2079 | 9 27 693 | 7 209 513
730 71 5280 | 160 240 330 | 180 198 352
730 31 2280 | 180 190 360 | 152 255 323
730 269 18720 | 160 180 390 | 130 288 312
730 307 20790 | 132 220 378 | 135 210 385
730 11 630 | 105 175 450 | 90 280 360
730 4 225 | 100 180 450 | 90 240 400
730 73 3990 | 105 150 475 | 84 266 380
730 809 36960 | 63 315 352 | 66 224 440
730 31 1386 | 72 154 504 | 70 165 495
730 73 3016 | 65 145 520 | 58 208 464
730 107 4400 | 80 100 550 | 55 275 400
730 37 1512 | 70 120 540 | 54 312 364
730 451 18270 | 63 145 522 | 54 270 406
730 73 2800 | 50 280 400 | 70 100 560
730 509 18480 | 60 110 560 | 48 220 462
730 3799 134550 | 65 90 575 | 46 234 450
730 311 10296 | 45 165 520 | 44 182 504
730 73 2368 | 64 74 592 | 40 320 370
730 1577 44370 | 58 60 612 | 34 261 435
730 43 840 | 25 105 600 | 28 72 630
730 1663 22800 | 16 114 600 | 15 240 475
730 1403 18900 | 15 175 540 | 27 28 675
731 16 1071 | 119 306 306 | 126 231 374
731 1 56 | 91 224 416 | 86 301 344 | 119 136 476
731 43 2040 | 68 255 408 | 85 136 510
731 1403 58968 | 56 324 351 | 81 104 546
731 107 3465 | 55 91 585 | 45 147 539
731 181 4095 | 26 315 390 | 45 49 637
732 61 4620 | 176 220 336 | 165 252 315
732 3 220 | 160 220 352 | 154 238 340
732 61 4080 | 144 180 408 | 120 272 340
732 11 702 | 144 156 432 | 108 312 312
732 95 6048 | 108 288 336 | 140 160 432
732 251 14820 | 120 156 456 | 95 273 364
732 61 3360 | 112 140 480 | 84 288 360
732 17 924 | 84 252 396 | 102 154 476
732 443 22176 | 96 132 504 | 72 308 352
732 29 1260 | 84 108 540 | 60 252 420
732 221 9240 | 63 165 504 | 56 286 390
732 27 1064 | 57 171 504 | 56 182 494
732 73 2736 | 56 144 532 | 48 342 342
732 61 2280 | 72 90 570 | 48 304 380
732 23 840 | 60 112 560 | 56 130 546
732 29 900 | 60 72 600 | 39 225 468
732 183 5590 | 40 172 520 | 43 130 559
732 61 1560 | 30 312 390 | 48 60 624
732 17 432 | 30 270 432 | 32 160 540
733 647 51051 | 187 273 273 | 204 221 308
733 1751 90200 | 75 328 330 | 82 200 451
733 62 2145 | 44 260 429 | 45 220 468
733 65 1116 | 20 155 558 | 19 342 372
734 227 12870 | 110 156 468 | 88 286 360
734 5 273 | 102 156 476 | 84 260 390
734 16 819 | 84 182 468 | 104 126 504
734 367 14508 | 52 279 403 | 72 104 558
734 307 10725 | 44 300 390 | 52 132 550
734 47 1248 | 34 156 544 | 32 234 468
734 367 9360 | 45 65 624 | 30 288 416
734 181 3634 | 24 158 552 | 23 237 474
734 3 32 | 14 48 672 | 12 114 608
735 7 528 | 165 240 330 | 168 231 336
735 1 72 | 168 189 378 | 140 280 315 | 150 225 360
735 14 975 | 130 275 330 | 150 195 390
735 1 63 | 105 315 315 | 147 147 441
735 7 372 | 84 217 434 | 90 180 465
735 21 1100 | 77 308 350 | 110 125 500
735 147 7568 | 80 215 440 | 86 176 473
735 7 360 | 75 300 360 | 105 126 504
735 659 32760 | 91 140 504 | 72 273 390
735 32 1575 | 75 210 450 | 70 315 350
735 301 13200 | 75 132 528 | 60 275 400
735 7 300 | 70 140 525 | 60 225 450
735 4 165 | 60 180 495 | 75 110 550
735 19 600 | 42 168 525 | 60 75 600
735 49 1188 | 30 165 540 | 33 108 594
735 257 4620 | 20 330 385 | 33 42 660
735 7 96 | 21 42 672 | 15 240 480
736 73 5328 | 148 252 336 | 144 296 296
736 5 336 | 128 224 384 | 120 280 336
736 131 8216 | 104 316 316 | 136 158 442
736 85 5328 | 144 148 444 | 111 225 400
736 1 60 | 138 138 460 | 99 252 385 | 96 320 320
736 11 644 | 115 161 460 | 92 322 322
736 1 56 | 88 252 396 | 96 192 448
736 25 1232 | 88 144 504 | 70 330 336
736 19 880 | 64 320 352 | 88 120 528
736 11 480 | 60 260 416 | 64 192 480
736 1 40 | 60 156 520 | 69 115 552
736 1 36 | 46 276 414 | 64 96 576
736 71 1800 | 36 100 600 | 50 56 630
737 67 5304 | 187 264 286 | 204 221 312
737 5 364 | 143 286 308 | 161 208 368
737 683 32760 | 91 126 520 | 72 210 455
737 19 728 | 77 88 572 | 65 112 560
737 181 5850 | 65 72 600 | 52 100 585
737 1163 15640 | 23 34 680 | 15 170 552
738 37 2970 | 198 270 270 | 210 231 297
738 3 200 | 150 168 420 | 130 208 400
738 3 164 | 123 123 492 | 82 328 328
738 25 1134 | 72 162 504 | 63 270 405
738 111 4400 | 60 150 528 | 52 286 400
738 1123 31824 | 34 288 416 | 48 78 612
738 53 1200 | 26 312 400 | 28 150 560
738 13 144 | 12 198 528 | 16 38 684
739 23 1680 | 161 210 368 | 144 280 315
739 286 20385 | 151 210 378 | 135 302 302
739 82 5005 | 100 275 364 | 130 154 455
739 43 2475 | 99 200 440 | 102 187 450
739 1 35 | 63 91 585 | 46 210 483
739 2257 65520 | 35 288 416 | 42 112 585
739 8 225 | 35 200 504 | 34 255 450
740 37 2964 | 195 260 285 | 208 228 304
740 1 74 | 148 296 296 | 185 185 370
740 47 3420 | 152 228 360 | 180 180 380
740 53 3570 | 119 306 315 | 120 280 340
740 37 2376 | 110 270 360 | 132 176 432
740 1 60 | 100 240 400 | 111 185 444
740 37 2208 | 120 160 460 | 96 276 368
740 11 600 | 90 200 450 | 100 160 480
740 13 576 | 60 320 360 | 64 208 468
740 97 3780 | 60 140 540 | 54 196 490
740 769 26180 | 44 220 476 | 68 77 595
740 37 1200 | 60 80 600 | 40 300 400
740 7 198 | 36 176 528 | 35 210 495
740 1 18 | 37 37 666 | 20 360 360
740 89 1600 | 26 64 650 | 20 320 400
740 37 650 | 25 65 650 | 20 200 520
740 79 1260 | 20 90 630 | 18 190 532
741 13 1020 | 190 228 323 | 180 255 306
741 13 1008 | 189 216 336 | 171 266 304
741 17 1197 | 171 171 399 | 133 266 342
741 25 1512 | 105 216 420 | 99 264 378
741 451 26520 | 104 195 442 | 120 153 468
741 3 175 | 91 325 325 | 133 133 475
741 247 13860 | 90 231 420 | 99 180 462
741 5 273 | 91 195 455 | 114 133 494
741 104 5355 | 85 180 476 | 105 126 510
741 31 1596 | 91 156 494 | 76 266 399
741 247 12432 | 72 333 336 | 111 112 518
741 47 2340 | 104 117 520 | 78 195 468
741 221 7920 | 48 198 495 | 55 126 560
741 19 564 | 52 78 611 | 36 282 423
741 247 7200 | 45 96 600 | 36 225 480
741 265 7176 | 48 69 624 | 39 104 598
741 247 2040 | 9 120 612 | 10 51 680
742 7 330 | 70 210 462 | 66 286 390
742 1 40 | 53 265 424 | 56 196 490 | 70 112 560
742 7 264 | 66 104 572 | 56 147 539
742 5 168 | 56 98 588 | 42 280 420
742 3871 123552 | 39 351 352 | 52 96 594
742 337 5940 | 27 55 660 | 20 209 513
742 19 240 | 14 168 560 | 16 66 660
743 73 4784 | 138 176 429 | 115 260 368
743 1 15 | 21 57 665 | 17 165 561
744 17 1248 | 144 288 312 | 156 224 364
744 23 1560 | 120 312 312 | 156 168 420
744 163 10920 | 117 312 315 | 120 260 364
744 41 2574 | 117 198 429 | 104 288 352
744 3 182 | 119 170 455 | 104 224 416
744 1 60 | 96 288 360 | 124 155 465
744 5 288 | 96 216 432 | 120 144 480
744 31 1680 | 84 240 420 | 96 168 480
744 31 1650 | 80 264 400 | 99 150 495
744 31 1560 | 72 312 360 | 104 120 520
744 31 1440 | 64 320 360 | 96 108 540
744 31 1260 | 72 112 560 | 54 270 420
744 563 20880 | 58 126 560 | 48 261 435
744 31 1140 | 48 240 456 | 60 114 570
744 733 25740 | 55 117 572 | 60 99 585
744 53 1848 | 48 168 528 | 44 280 420
744 13 180 | 18 66 660 | 15 324 405
744 829 7020 | 12 30 702 | 9 195 540
745 17 840 | 100 120 525 | 70 315 360
745 793 29700 | 48 297 400 | 55 150 540
746 373 22100 | 100 221 425 | 104 200 442
746 587 26400 | 96 100 550 | 66 200 480
746 19 840 | 60 294 392 | 68 168 510 | 70 156 520
746 1 42 | 60 196 490 | 70 130 546
746 739 24794 | 46 161 539 | 44 196 506
746 479 14784 | 44 126 576 | 64 66 616
746 17 280 | 24 57 665 | 20 110 616
746 125 2016 | 20 96 630 | 18 224 504
747 11 720 | 117 240 390 | 135 180 432
747 26 1197 | 63 342 342 | 72 171 504
747 3791 110880 | 36 231 480 | 35 352 360
747 3 65 | 25 247 475 | 27 135 585
748 23 1760 | 160 280 308 | 176 220 352
748 53 4004 | 154 286 308 | 176 208 364
748 1 72 | 136 306 306 | 176 176 396
748 13 924 | 132 308 308 | 154 198 396
748 71 4620 | 110 308 330 | 140 168 440
748 89 5772 | 111 273 364 | 148 156 444
748 223 13300 | 133 140 475 | 100 228 420
748 181 9240 | 77 231 440 | 90 154 504
748 29 1440 | 72 260 416 | 84 160 504
748 1 48 | 72 208 468 | 88 132 528 | 68 272 408
748 5 198 | 72 104 572 | 55 198 495
748 491 17100 | 72 76 600 | 45 228 475
748 281 7980 | 36 180 532 | 38 140 570
748 1 28 | 34 238 476 | 44 88 616
748 631 7020 | 12 216 520 | 20 26 702
749 53 3927 | 154 238 357 | 165 210 374
749 11 504 | 77 144 528 | 63 294 392
749 73 3080 | 56 308 385 | 77 112 560
749 113 4312 | 56 154 539 | 49 308 392
749 89 2520 | 56 63 630 | 35 210 504
749 1249 9576 | 9 56 684 | 8 342 399
750 67 4620 | 165 165 420 | 126 264 360
750 901 55440 | 99 315 336 | 112 198 440
750 31 1800 | 90 300 360 | 100 200 450
750 23 1320 | 90 264 396 | 110 160 480
750 13 315 | 36 84 630 | 28 342 380
750 23 420 | 21 189 540 | 28 57 665
750 17 192 | 22 24 704 | 14 64 672
751 361 28336 | 184 231 336 | 176 253 322
751 751 57120 | 160 255 336 | 170 224 357
751 2591 193545 | 153 253 345 | 170 207 374
751 262 16137 | 99 326 326 | 126 163 462
751 53 3003 | 126 130 495 | 91 231 429
751 127 6552 | 105 126 520 | 91 156 504
751 349 14355 | 58 198 495 | 55 261 435
751 163 4680 | 56 65 630 | 36 195 520
751 1328 36225 | 36 140 575 | 46 75 630
751 751 5040 | 10 21 720 | 7 240 504
752 17 1344 | 192 224 336 | 180 252 320
752 37 2736 | 144 304 304 | 152 240 360
752 241 17640 | 180 180 392 | 147 245 360
752 569 41580 | 140 297 315 | 154 220 378
752 23 1456 | 104 312 336 | 112 224 416
752 19 960 | 80 192 480 | 72 320 360
752 731 35112 | 88 132 532 | 77 171 504
752 25 936 | 48 288 416 | 52 180 520
752 11 280 | 32 160 560 | 30 266 456
752 199 4048 | 23 297 432 | 24 176 552
752 95 1656 | 23 81 648 | 20 180 552
753 481 28728 | 108 189 456 | 95 280 378
753 27 1540 | 126 132 495 | 88 280 385
753 529 27720 | 90 168 495 | 77 280 396
753 221 11088 | 77 208 468 | 99 126 528
753 26 1155 | 77 130 546 | 60 308 385
753 1009 37440 | 60 117 576 | 64 104 585
753 311 7308 | 27 348 378 | 28 203 522
754 137 10920 | 208 210 336 | 182 260 312
754 7 528 | 154 264 336 | 176 204 374
754 1 70 | 145 203 406 | 130 260 364
754 13 870 | 145 174 435 | 116 290 348
754 71 4590 | 108 306 340 | 110 270 374
754 19 1170 | 130 156 468 | 117 182 455
754 107 5928 | 117 133 504 | 104 156 494
754 1867 94248 | 72 308 374 | 85 165 504
754 65 2838 | 75 129 550 | 66 172 516
754 229 7480 | 40 340 374 | 68 70 616
754 61 1950 | 39 325 390 | 50 104 600
754 13 352 | 34 176 544 | 32 304 418
754 1 24 | 28 264 462 | 32 114 608
754 4 91 | 26 364 364 | 28 154 572
754 13 280 | 25 225 504 | 28 110 616
754 169 3360 | 40 42 672 | 32 57 665
755 151 5928 | 52 247 456 | 65 120 570
755 773 25200 | 45 150 560 | 40 315 400
755 151 2432 | 20 95 640 | 19 128 608
756 1 80 | 180 288 288 | 210 210 336
756 7 540 | 180 216 360 | 162 270 324
756 3 220 | 180 180 396 | 140 308 308
756 23 1680 | 140 280 336 | 144 252 360
756 1 70 | 126 315 315 | 168 168 420
756 21 1276 | 99 261 396 | 116 176 464
756 1 56 | 84 336 336 | 126 126 504
756 13 720 | 96 180 480 | 112 140 504
756 3 152 | 112 112 532 | 72 342 342
756 7 352 | 96 132 528 | 72 288 396
756 7 342 | 81 162 513 | 72 228 456
756 3 140 | 72 180 504 | 70 196 490
756 53 2310 | 63 198 495 | 70 147 539
756 97 4032 | 56 252 448 | 84 96 576
756 35 1404 | 60 156 540 | 54 234 468
756 1 34 | 72 72 612 | 42 357 357
756 1 30 | 36 360 360 | 52 80 624 | 63 63 630
756 227 5460 | 30 154 572 | 28 273 455
756 23 540 | 30 132 594 | 27 324 405
756 7 162 | 27 243 486 | 36 72 648
756 21 296 | 16 148 592 | 18 72 666
757 73 5320 | 168 190 399 | 152 220 385
757 5 312 | 120 182 455 | 136 153 468
757 89 5148 | 130 132 495 | 102 187 468
757 11 585 | 117 120 520 | 85 204 468
757 1907 101024 | 77 328 352 | 82 224 451
757 269 11220 | 55 306 396 | 60 187 510
757 41 1085 | 31 341 385 | 35 133 589
757 757 12825 | 19 225 513 | 25 57 675
757 83 560 | 9 28 720 | 7 350 400
758 379 28980 | 168 230 360 | 161 252 345
758 71 4977 | 158 180 420 | 126 316 316
758 20 1309 | 112 272 374 | 110 308 340
758 379 24360 | 120 203 435 | 112 240 406
758 89 5712 | 108 272 378 | 112 238 408
758 485 27664 | 112 152 494 | 95 208 455
758 553 29070 | 95 153 510 | 76 340 342
758 683 27664 | 65 133 560 | 56 208 494
758 379 15120 | 63 135 560 | 54 224 480
758 1 30 | 36 342 380 | 56 72 630
758 11 315 | 36 190 532 | 48 80 630
758 1667 45936 | 33 261 464 | 48 72 638
758 53 1440 | 32 330 396 | 34 180 544
758 157 4256 | 32 308 418 | 38 112 608
758 11 288 | 32 198 528 | 36 114 608
758 9011 117040 | 16 77 665 | 14 304 440
758 379 3570 | 14 30 714 | 10 238 510
758 241 1848 | 9 56 693 | 8 330 420
759 1 84 | 234 252 273 | 231 264 264
759 3 220 | 165 198 396 | 154 220 385
759 145 10452 | 134 300 325 | 156 201 402
759 19 1365 | 135 273 351 | 143 231 385
759 83 5940 | 132 297 330 | 135 264 360
759 27 1768 | 117 234 408 | 119 224 416
759 1517 79800 | 114 120 525 | 84 200 475
759 59 2760 | 66 253 440 | 92 115 552
759 131 4620 | 45 252 462 | 44 330 385
759 643 22572 | 44 297 418 | 57 108 594
759 5 168 | 46 161 552 | 66 77 616
759 7 165 | 30 135 594 | 44 55 660
759 17 360 | 24 315 420 | 30 81 648
760 1 84 | 231 253 276 | 228 266 266 | 240 240 280
760 19 1560 | 208 240 312 | 200 260 300
760 23 1820 | 182 238 340 | 175 260 325
760 1 78 | 171 247 342 | 182 221 357
760 1 76 | 152 304 304 | 190 190 380
760 59 4340 | 140 310 310 | 155 220 385
760 19 1350 | 144 216 400 | 135 250 375
760 491 34580 | 130 266 364 | 133 247 380
760 1363 95200 | 136 224 400 | 160 175 425
760 11 728 | 112 312 336 | 136 182 442
760 431 26600 | 133 152 475 | 100 280 380
760 323 19800 | 110 200 450 | 100 264 396
760 1 60 | 120 160 480 | 95 285 380
760 1 56 | 84 312 364 | 112 144 504
760 19 1020 | 100 150 510 | 84 221 455 | 80 272 408
760 1283 68640 | 80 264 416 | 78 330 352
760 31 1596 | 84 182 494 | 114 114 532
760 61 3096 | 84 172 504 | 72 344 344
760 19 840 | 80 120 560 | 60 280 420
760 247 9520 | 80 85 595 | 56 160 544
760 19 616 | 40 280 440 | 56 88 616
760 107 2912 | 34 182 544 | 32 364 364
760 19 504 | 40 90 630 | 32 224 504
760 227 4620 | 30 70 660 | 24 176 560
760 19 180 | 16 24 720 | 10 300 450
761 409 30800 | 150 275 336 | 176 200 385
761 23 1200 | 75 336 350 | 76 285 400
761 113 3393 | 39 171 551 | 36 348 377
761 263 7293 | 36 153 572 | 33 286 442
761 731 15400 | 24 275 462 | 25 176 560
761 5659 47124 | 11 36 714 | 9 136 616
762 17 1155 | 132 210 420 | 154 168 440
762 127 8400 | 144 168 450 | 112 300 350
762 67 4389 | 114 252 396 | 152 154 456
762 127 7854 | 99 306 357 | 132 154 476
762 127 5670 | 90 105 567 | 60 324 378
762 85 3696 | 60 240 462 | 66 168 528
762 9 280 | 60 72 630 | 40 190 532
762 809 24570 | 42 135 585 | 54 78 630
762 2183 65520 | 52 80 630 | 36 336 390
762 1 30 | 40 152 570 | 36 330 396
762 157 4680 | 36 286 440 | 48 90 624
762 97 2310 | 42 60 660 | 33 99 630
762 127 2394 | 36 42 684 | 21 342 399
762 1277 24024 | 22 168 572 | 21 312 429
763 763 51480 | 143 180 440 | 117 286 360
763 2447 157080 | 119 204 440 | 136 165 462
763 259 16150 | 136 152 475 | 100 323 340
763 5 264 | 77 294 392 | 88 180 495
763 31 1540 | 70 308 385 | 77 196 490
763 5 231 | 63 315 385 | 77 147 539
763 109 4488 | 56 231 476 | 66 136 561
763 763 28704 | 48 299 416 | 69 96 598
764 1 84 | 224 252 288 | 220 264 280
764 1021 75600 | 144 270 350 | 175 189 400
764 53 3520 | 132 192 440 | 140 176 448
764 15 988 | 114 260 390 | 152 156 456
764 547 34200 | 114 200 450 | 136 153 475
764 11 630 | 88 280 396 | 120 140 504
764 211 9360 | 78 126 560 | 60 288 416
764 1 44 | 88 104 572 | 60 264 440
764 23 672 | 42 114 608 | 36 224 504
764 239 5796 | 28 322 414 | 36 84 644
765 3 247 | 221 221 323 | 195 285 285
765 47 3780 | 189 240 336 | 180 270 315
765 1 72 | 153 204 408 | 135 270 360
765 11 756 | 135 210 420 | 144 189 432
765 149 7560 | 72 315 378 | 105 120 540
765 3 119 | 85 85 595 | 51 357 357
765 211 7800 | 65 100 600 | 50 195 520
765 11 351 | 45 135 585 | 39 297 429
765 11 315 | 45 90 630 | 36 189 540
765 239 3315 | 17 85 663 | 15 325 425
765 3 40 | 17 68 680 | 15 150 600
766 3 170 | 90 234 442 | 120 136 510
766 191 10710 | 90 221 455 | 112 144 510
766 23 1118 | 91 129 546 | 78 172 516
766 241 11550 | 66 350 350 | 90 126 550
766 41 1680 | 80 98 588 | 54 280 432
766 89 3536 | 52 272 442 | 80 91 595
766 79 3094 | 52 238 476 | 51 273 442
766 5 176 | 44 304 418 | 70 80 616
766 53 1848 | 66 84 616 | 44 266 456
766 23 720 | 52 90 624 | 40 198 528 | 56 80 630
766 23 518 | 37 63 666 | 26 259 481
766 671 8736 | 16 78 672 | 14 336 416
767 67 5525 | 221 221 325 | 200 255 312
767 31 2457 | 182 234 351 | 189 221 357
767 1 63 | 119 189 459 | 117 195 455
767 5 231 | 78 143 546 | 63 308 396
767 67 2340 | 45 228 494 | 52 130 585
767 17 495 | 39 143 585 | 45 95 627
767 7 144 | 26 117 624 | 32 63 672
768 11 672 | 96 336 336 | 120 168 480
768 73 4320 | 108 180 480 | 96 240 432
768 367 19656 | 78 312 378 | 84 216 468
768 7 360 | 108 120 540 | 84 180 504
768 397 18480 | 66 240 462 | 88 120 560
768 283 9240 | 66 72 630 | 40 308 420
768 73 2340 | 39 324 405 | 42 180 546
768 347 10296 | 36 264 468 | 40 143 585
768 265 5616 | 27 117 624 | 24 312 432
769 541 32604 | 104 209 456 | 132 143 494
769 103 5775 | 84 300 385 | 99 175 495
769 79 3276 | 54 351 364 | 65 144 560
769 37 1309 | 55 119 595 | 44 340 385
769 311 8840 | 40 117 612 | 34 280 455
769 113 3080 | 40 99 630 | 32 352 385
770 1 84 | 231 231 308 | 210 280 280
770 7 494 | 143 209 418 | 130 260 380
770 1 66 | 154 154 462 | 110 330 330
770 7 450 | 105 315 350 | 120 200 450
770 7 432 | 104 234 432 | 100 270 400
770 4 245 | 140 140 490 | 98 280 392
770 7 368 | 80 230 460 | 88 176 506
770 1 50 | 110 110 550 | 70 350 350
770 139 6930 | 70 315 385 | 77 198 495
770 1 48 | 66 352 352 | 105 105 560
770 413 18810 | 90 110 570 | 66 209 495
770 1 42 | 84 98 588 | 55 330 385
770 7 270 | 50 270 450 | 66 110 594
770 7 260 | 50 200 520 | 55 143 572
770 7 242 | 44 242 484 | 55 110 605
770 87 2926 | 42 266 462 | 66 77 627
770 7 120 | 20 150 600 | 22 88 660
771 2 165 | 210 231 330 | 195 264 312
771 65 4161 | 114 219 438 | 146 150 475
771 333 21200 | 106 265 400 | 144 150 477
771 5 306 | 108 204 459 | 99 264 408
771 263 15960 | 95 312 364 | 105 210 456
771 5 264 | 78 264 429 | 99 144 528
771 139 5985 | 91 95 585 | 57 315 399
771 199 7140 | 45 306 420 | 56 120 595
771 74 2379 | 39 366 366 | 42 183 546
771 7 180 | 36 105 630 | 45 66 660
771 7 132 | 21 330 420 | 36 42 693
771 17 315 | 21 225 525 | 33 45 693
772 37 2860 | 156 286 330 | 160 260 352
772 131 10080 | 160 252 360 | 154 288 330
772 151 11172 | 152 228 392 | 147 245 380
772 193 13860 | 154 198 420 | 132 280 360
772 37 2464 | 112 308 352 | 132 192 448
772 5 288 | 96 208 468 | 88 288 396
772 193 10836 | 112 144 516 | 84 301 387
772 631 30940 | 68 340 364 | 70 260 442
772 79 3640 | 70 182 520 | 64 260 448
772 23 900 | 50 342 380 | 72 100 600
772 17 650 | 50 247 475 | 52 200 520
772 193 5796 | 36 322 414 | 56 72 644
772 271 5712 | 32 68 672 | 24 272 476
772 47 924 | 24 132 616 | 22 330 420
772 103 2016 | 22 288 462 | 28 72 672
772 193 756 | 7 9 756 | 4 336 432
773 17 1365 | 175 273 325 | 195 221 357
773 361 25800 | 168 175 430 | 129 300 344
773 437 23760 | 80 297 396 | 110 135 528
773 151 5040 | 45 168 560 | 63 80 630
773 157 2961 | 21 329 423 | 33 47 693
774 129 10640 | 210 228 336 | 190 280 304
774 129 10120 | 165 264 345 | 176 230 368
774 131 9900 | 150 264 360 | 176 198 400
774 3 172 | 86 344 344 | 129 129 516
774 491 27720 | 84 330 360 | 88 245 441
774 47 2442 | 74 330 370 | 88 168 518
774 89 4536 | 81 189 504 | 72 324 378
774 43 2160 | 90 144 540 | 72 270 432
774 43 1782 | 54 324 396 | 81 99 594
774 12 455 | 48 336 390 | 52 190 532
774 1 36 | 48 198 528 | 45 324 405
774 43 1530 | 60 102 612 | 45 270 459
774 37 1260 | 72 72 630 | 45 189 540
774 19 630 | 60 84 630 | 45 162 567
774 93 2990 | 46 130 598 | 39 345 390
774 237 6118 | 30 345 399 | 38 92 644
774 11 234 | 38 52 684 | 24 360 390
774 79 1680 | 32 70 672 | 24 350 400
774 129 2320 | 20 290 464 | 30 48 696
775 31 2520 | 180 280 315 | 200 225 350
775 14 1035 | 138 315 322 | 171 190 414
775 29 1820 | 100 325 350 | 112 208 455
775 1 60 | 100 225 450 | 125 150 500 | 93 310 372
775 61 1960 | 40 245 490 | 49 110 616
775 701 19635 | 34 231 510 | 33 357 385
775 1243 21840 | 20 195 560 | 21 130 624
776 5 396 | 176 240 360 | 198 204 374
776 5 352 | 128 264 384 | 160 176 440
776 97 6720 | 160 168 448 | 120 320 336
776 17 1092 | 104 336 336 | 126 182 468
776 7741 460460 | 130 140 506 | 92 299 385
776 61 3600 | 100 208 468 | 90 336 350
776 115 6552 | 104 168 504 | 126 130 520
776 23 1260 | 90 196 490 | 80 336 360
776 29 1560 | 90 182 504 | 96 160 520
776 3 128 | 72 128 576 | 56 336 384
776 115 4752 | 54 304 418 | 60 176 540
776 37 1512 | 56 216 504 | 54 266 456
776 71 2550 | 45 306 425 | 50 165 561
776 97 2730 | 35 195 546 | 40 112 624
776 263 5148 | 22 286 468 | 26 90 660
776 97 1400 | 20 56 700 | 16 200 560
777 41 3465 | 231 231 315 | 210 270 297
777 401 32760 | 182 280 315 | 210 216 351
777 37 2604 | 126 279 372 | 147 196 434
777 153 10465 | 161 161 455 | 117 315 345
777 37 2184 | 91 294 392 | 117 156 504
777 677 31920 | 84 133 560 | 95 112 570
777 259 11880 | 72 165 540 | 66 216 495
777 95 3927 | 77 105 595 | 63 153 561
777 139 5355 | 63 119 595 | 51 231 495
777 259 9840 | 48 360 369 | 80 82 615
777 7 264 | 55 152 570 | 48 297 432 | 77 84 616
777 37 1260 | 42 315 420 | 63 84 630
777 329 10608 | 51 102 624 | 48 117 612
777 259 7995 | 45 117 615 | 39 205 533
777 3 91 | 37 259 481 | 49 91 637
777 111 2680 | 28 280 469 | 40 67 670
777 3437 70380 | 23 340 414 | 36 51 690
777 559 6300 | 14 63 700 | 12 315 450
778 179 14280 | 180 238 360 | 170 272 336
778 2111 139230 | 140 170 468 | 130 189 459
778 7909 366912 | 98 104 576 | 64 273 441
778 1 40 | 56 190 532 | 52 286 440
778 77 2990 | 65 115 598 | 52 220 506
778 53 2030 | 58 140 580 | 49 294 435
778 139 5200 | 52 176 550 | 50 208 520
778 131 3080 | 28 200 550 | 30 132 616
778 23 504 | 28 120 630 | 38 56 684
779 128 9765 | 155 252 372 | 150 279 350
779 248 17017 | 154 170 455 | 119 286 374
779 589 27456 | 64 286 429 | 99 104 576
779 197 7735 | 51 273 455 | 65 119 595
780 9 728 | 208 208 364 | 175 280 325
780 1 78 | 195 195 390 | 156 312 312
780 3 224 | 182 182 416 | 140 320 320
780 17 1260 | 140 280 360 | 180 180 420
780 29 2100 | 150 210 420 | 140 240 400
780 13 924 | 132 252 396 | 140 220 420
780 13 900 | 150 180 450 | 120 300 360
780 41 2808 | 120 270 390 | 117 312 351
780 1 66 | 120 220 440 | 117 234 429
780 13 840 | 140 160 480 | 105 315 360
780 13 792 | 120 165 495 | 96 288 396
780 13 756 | 90 270 420 | 108 168 504
780 181 10080 | 90 210 480 | 96 180 504
780 1 54 | 120 120 540 | 78 351 351
780 257 13728 | 78 286 416 | 96 156 528
780 169 8400 | 100 120 560 | 80 175 525
780 59 2772 | 66 252 462 | 91 117 572
780 3 140 | 65 260 455 | 80 140 560
780 191 8580 | 78 130 572 | 60 330 390
780 13 540 | 60 180 540 | 54 330 396
780 481 18480 | 80 84 616 | 55 165 560
780 1 36 | 54 132 594 | 45 315 420
780 221 7560 | 42 360 378 | 54 110 616
780 13 372 | 40 120 620 | 36 186 558
780 299 7392 | 42 66 672 | 32 132 616
780 13 270 | 30 75 675 | 24 216 540
780 39 704 | 20 320 440 | 32 44 704
780 13 228 | 20 190 570 | 24 72 684
780 13 144 | 15 45 720 | 12 192 576
781 1 84 | 207 252 322 | 220 231 330
781 25 1872 | 144 273 364 | 156 225 400
781 83 5148 | 130 156 495 | 99 286 396
781 101 5985 | 133 135 513 | 95 245 441
781 1 56 | 88 231 462 | 105 156 520
781 19 1015 | 85 203 493 | 77 319 385
781 1423 75075 | 91 165 525 | 77 275 429
781 2 105 | 77 264 440 | 76 285 420 | 105 130 546
781 43 1980 | 77 144 560 | 66 220 495
781 59 2420 | 88 88 605 | 55 242 484
781 111 4420 | 52 270 459 | 51 340 390
781 287 10557 | 68 92 621 | 46 357 378
781 131 4290 | 44 165 572 | 40 312 429
781 31 936 | 40 156 585 | 52 81 648
781 26 525 | 26 105 650 | 25 126 630
782 1 80 | 184 230 368 | 170 272 340
782 311 24178 | 157 275 350 | 154 314 314
782 13 966 | 138 322 322 | 161 207 414
782 1 60 | 136 136 510 | 92 345 345
782 1 54 | 110 132 540 | 80 270 432
782 29 1440 | 85 153 544 | 96 126 560
782 1 42 | 60 190 532 | 56 264 462
782 59 2457 | 60 182 540 | 54 364 364
782 479 13860 | 35 252 495 | 40 126 616
782 229 6048 | 32 210 540 | 54 56 672
783 13 1104 | 207 288 288 | 208 276 299
783 887 51480 | 91 252 440 | 90 264 429
783 1 55 | 90 198 495 | 81 297 405
783 10 483 | 72 207 504 | 70 230 483
783 61 2835 | 63 315 405 | 81 135 567
783 51 2233 | 63 198 522 | 58 319 406
783 5 171 | 57 99 627 | 42 342 399
784 1 84 | 196 294 294 | 224 224 336
784 49 4080 | 204 240 340 | 192 272 320
784 1009 81900 | 182 252 350 | 195 225 364
784 79 5880 | 168 196 420 | 147 245 392
784 7 520 | 140 280 364 | 160 208 416
784 11 720 | 144 160 480 | 112 252 420
784 29 1836 | 108 234 442 | 119 189 476
784 31 1800 | 88 300 396 | 105 175 504
784 49 2640 | 96 160 528 | 80 264 440
784 7 340 | 70 238 476 | 80 160 544 | 69 255 460
784 53 2240 | 64 160 560 | 56 280 448
784 7 288 | 56 224 504 | 64 144 576
784 77 2210 | 55 66 663 | 34 325 425
784 19 420 | 32 80 672 | 28 126 630
784 217 4600 | 25 184 575 | 24 300 460
784 49 720 | 16 288 480 | 24 40 720
784 7 88 | 14 154 616 | 16 64 704
785 11 900 | 200 225 360 | 180 275 330
785 157 12320 | 176 224 385 | 160 275 350
785 503 25200 | 80 180 525 | 70 315 400
785 23 900 | 50 315 420 | 55 180 550
785 157 5400 | 50 135 600 | 45 200 540
785 157 5088 | 53 96 636 | 40 265 480
785 157 4620 | 55 70 660 | 35 330 420
785 11 315 | 57 63 665 | 35 225 525
785 29 616 | 36 56 693 | 26 143 616
785 157 2124 | 18 59 708 | 15 180 590
786 41 3120 | 170 208 408 | 156 240 390
786 1 66 | 126 198 462 | 110 286 390
786 61 2880 | 64 342 380 | 90 120 576
786 29 1344 | 84 126 576 | 64 266 456
786 29 1200 | 60 176 550 | 54 300 432
786 23 840 | 72 84 630 | 60 110 616
786 1 30 | 36 300 450 | 60 66 660
786 713 19488 | 56 58 672 | 32 348 406
786 263 6210 | 30 135 621 | 27 345 414
786 19 414 | 27 138 621 | 36 60 690
786 1 16 | 18 192 576 | 30 36 720
786 359 5040 | 21 45 720 | 16 140 630
787 223 17200 | 150 301 336 | 172 215 400
787 49 2340 | 65 342 380 | 72 195 520
787 6511 239200 | 52 160 575 | 46 325 416
787 787 24840 | 40 207 540 | 46 120 621
787 551 15912 | 52 72 663 | 39 136 612
787 787 15444 | 22 297 468 | 33 52 702
788 299 22168 | 163 200 425 | 136 326 326
788 17 1120 | 112 260 416 | 140 168 480
788 1601 90288 | 99 176 513 | 108 152 528
788 31 1680 | 84 224 480 | 112 130 546
788 17 900 | 84 200 504 | 78 260 450
788 25 1232 | 104 112 572 | 88 140 560
788 103 4620 | 66 190 532 | 60 308 420
788 79 2310 | 57 66 665 | 40 132 616
788 121 3360 | 56 60 672 | 34 210 544
788 127 2660 | 38 50 700 | 28 95 665
788 359 7392 | 28 88 672 | 32 63 693
788 313 5040 | 28 40 720 | 18 210 560
789 19 1560 | 184 260 345 | 195 234 360
789 131 9009 | 126 234 429 | 117 308 364
789 7 440 | 126 168 495 | 99 330 360
789 1 45 | 60 324 405 | 63 231 495
789 43 1932 | 69 168 552 | 60 315 414
789 97 4200 | 60 225 504 | 84 105 600
789 607 21840 | 60 105 624 | 48 195 546
789 41 1395 | 52 117 620 | 45 186 558
789 29 936 | 39 360 390 | 48 117 624
789 131 3105 | 30 138 621 | 45 54 690
789 1075 12012 | 14 60 715 | 12 231 546
790 79 6090 | 174 210 406 | 150 290 350
790 1 75 | 150 240 400 | 140 300 350
790 79 5460 | 140 195 455 | 120 280 390
790 31 2090 | 114 286 390 | 150 165 475
790 61 3640 | 130 140 520 | 104 196 490
790 79 4576 | 88 286 416 | 110 160 520
790 29 1560 | 90 180 520 | 104 140 546
790 73 3850 | 100 140 550 | 75 330 385
790 79 3780 | 75 175 540 | 70 216 504
790 29 1220 | 55 308 427 | 61 180 549
790 44 1755 | 52 270 468 | 54 216 520
790 47 1850 | 50 370 370 | 55 185 550
790 1063 34650 | 42 198 550 | 50 110 630
790 79 2520 | 40 225 525 | 48 112 630
790 129 2800 | 42 48 700 | 25 240 525
790 79 1426 | 20 310 460 | 31 46 713
790 719 10010 | 22 40 728 | 15 385 390
790 359 2090 | 8 22 760 | 6 385 399
791 89 4095 | 63 273 455 | 65 231 495
791 43 1820 | 56 280 455 | 65 154 572
791 107 4312 | 56 196 539 | 77 98 616
791 28 575 | 26 115 650 | 23 368 400
792 3 260 | 240 240 312 | 220 286 286
792 3 220 | 176 176 440 | 132 330 330
792 1 72 | 132 264 396 | 144 216 432
792 1 70 | 120 336 336 | 165 165 462
792 61 4212 | 162 162 468 | 117 324 351
792 95 6552 | 156 168 468 | 117 315 360
792 23 1386 | 112 176 504 | 99 231 462
792 3 176 | 88 352 352 | 132 132 528
792 37 2160 | 90 270 432 | 96 216 480
792 17 990 | 120 144 528 | 99 198 495
792 13 720 | 99 165 528 | 108 144 540
792 5 234 | 63 351 378 | 90 117 585
792 3 140 | 64 280 448 | 63 324 405 | 70 190 532
792 155 5796 | 70 92 630 | 63 108 621
792 31 1092 | 44 286 462 | 56 112 624
792 7 240 | 44 220 528 | 42 350 400
792 37 1260 | 42 300 450 | 54 108 630
792 17 504 | 36 252 504 | 42 120 630
792 3 76 | 33 132 627 | 32 152 608
792 3 64 | 44 44 704 | 24 384 384
792 3 56 | 24 96 672 | 22 154 616
793 47 3696 | 161 264 368 | 168 240 385
793 173 13464 | 153 288 352 | 187 198 408
793 101 7293 | 153 198 442 | 143 221 429
793 22 1521 | 117 338 338 | 156 169 468
793 793 54264 | 133 204 456 | 119 266 408
793 19 1092 | 105 168 520 | 91 234 468
793 793 38640 | 80 161 552 | 70 240 483
793 29 1365 | 91 117 585 | 65 273 455
793 39 952 | 30 168 595 | 28 357 408
793 142 2925 | 25 144 624 | 26 117 650
793 793 12600 | 21 72 700 | 18 175 600
794 3217 219450 | 114 330 350 | 154 165 475
794 23 1512 | 108 294 392 | 119 216 459
794 397 25740 | 143 156 495 | 104 330 360
794 31 1890 | 108 196 490 | 110 189 495
794 1583 80080 | 91 143 560 | 110 112 572
794 5 252 | 90 144 560 | 72 266 456
794 11 544 | 80 170 544 | 68 352 374
794 8 385 | 66 308 420 | 80 154 560
794 193 7280 | 65 105 624 | 52 182 560
794 541 15504 | 38 144 612 | 34 304 456
794 725 16146 | 26 216 552 | 46 46 702
794 397 4488 | 22 24 748 | 12 374 408
795 11 840 | 144 315 336 | 175 200 420
795 59 2805 | 75 170 550 | 66 270 459
795 7 300 | 60 210 525 | 75 120 600
795 1 36 | 60 105 630 | 45 300 450
795 23 792 | 45 200 550 | 66 81 648
795 29 825 | 35 210 550 | 54 66 675
795 8 189 | 27 336 432 | 30 135 630
795 41 924 | 36 66 693 | 30 105 660
795 16 351 | 27 144 624 | 39 54 702
795 1019 13680 | 16 95 684 | 18 57 720
796 11 936 | 208 252 336 | 198 286 312
796 163 12540 | 152 264 380 | 180 198 418
796 613 45220 | 133 323 340 | 136 280 380
796 139 9620 | 130 222 444 | 148 180 468
796 149 7920 | 88 180 528 | 110 126 560
796 199 9724 | 68 286 442 | 88 136 572
796 199 8554 | 56 364 376 | 91 94 611
796 13 420 | 40 252 504 | 66 70 660
796 1513 46620 | 60 70 666 | 37 315 444
796 307 4522 | 16 304 476 | 17 133 646
797 221 16632 | 176 189 432 | 140 297 360
797 349 13328 | 49 272 476 | 48 357 392
797 409 14805 | 45 329 423 | 47 225 525
797 1829 25480 | 15 390 392 | 20 49 728
798 581 50160 | 209 285 304 | 228 240 330
798 19 1632 | 204 288 306 | 224 238 336
798 7 570 | 171 285 342 | 190 228 380
798 1 72 | 171 171 456 | 126 336 336
798 133 9180 | 120 270 408 | 135 204 459
798 629 41580 | 120 216 462 | 119 220 459
798 19 1242 | 108 276 414 | 126 189 483
798 29 1890 | 108 270 420 | 105 315 378
798 49 2640 | 90 180 528 | 77 336 385
798 47 2520 | 112 126 560 | 84 210 504
798 9 448 | 70 280 448 | 96 126 576
798 1 48 | 98 112 588 | 72 198 528
798 19 882 | 84 126 588 | 63 294 441
798 133 4950 | 50 198 550 | 54 150 594
798 7 240 | 42 336 420 | 48 150 600
798 133 4290 | 39 330 429 | 60 78 660
798 21 638 | 44 116 638 | 38 209 551
798 133 4026 | 36 366 396 | 61 66 671
798 1 30 | 42 126 630 | 38 190 570
798 43 1050 | 30 168 600 | 28 350 420
798 19 462 | 28 308 462 | 42 63 693
798 71 1680 | 28 210 560 | 48 50 700
798 19 312 | 28 42 728 | 18 312 468
798 133 2160 | 18 240 540 | 24 54 720
799 1 84 | 188 282 329 | 204 238 357
799 23 1353 | 123 143 533 | 99 205 495
799 73 3927 | 119 119 561 | 77 323 399
799 5 264 | 77 266 456 | 102 136 561
799 317 15708 | 68 357 374 | 84 154 561
799 67 2548 | 78 84 637 | 49 260 490
799 709 26796 | 77 84 638 | 58 132 609
799 71 2520 | 70 81 648 | 44 315 440
800 1 80 | 160 320 320 | 200 200 400
800 1 78 | 192 192 416 | 150 325 325
800 71 5320 | 152 228 420 | 140 280 380
800 23 1680 | 140 240 420 | 160 192 448
800 1 72 | 128 288 384 | 150 200 450
800 79 5060 | 110 230 460 | 140 154 506
800 11 700 | 125 175 500 | 100 350 350
800 11 520 | 65 280 455 | 64 320 416 | 78 152 570
800 121 5040 | 60 180 560 | 56 240 504
800 499 15960 | 63 72 665 | 40 228 532
800 149 3100 | 25 155 620 | 26 124 650
800 49 720 | 20 60 720 | 16 280 504
801 23 1848 | 176 240 385 | 189 216 396
801 11 816 | 153 216 432 | 138 272 391
801 3 220 | 152 209 440 | 135 270 396
801 379 25704 | 136 189 476 | 126 216 459
801 43 2268 | 108 126 567 | 81 216 504
801 107 3240 | 45 108 648 | 36 360 405
801 13 308 | 27 378 396 | 33 96 672
801 25 528 | 33 64 704 | 25 176 600
801 379 6555 | 21 115 665 | 19 345 437
801 12 187 | 21 66 714 | 17 308 476
802 17 1160 | 116 280 406 | 130 208 464
802 443 28050 | 100 306 396 | 102 275 425
802 851 51480 | 117 165 520 | 130 144 528
802 31 1680 | 80 266 456 | 110 132 560
802 167 8820 | 76 285 441 | 98 144 560
802 11 560 | 80 190 532 | 88 154 560
802 1 48 | 80 152 570 | 77 165 560
802 5 182 | 48 208 546 | 46 273 483
802 271 7392 | 32 308 462 | 42 88 672
802 5959 115368 | 22 228 552 | 23 152 627
802 73 1320 | 21 165 616 | 22 120 660
803 73 5460 | 140 273 390 | 154 220 429
803 73 5244 | 138 228 437 | 132 253 418
803 263 18564 | 133 228 442 | 153 182 468
803 97 6435 | 143 165 495 | 117 231 455
803 8 495 | 99 264 440 | 110 198 495
803 2 85 | 68 140 595 | 55 374 374
803 73 3080 | 77 110 616 | 55 308 440
803 17 495 | 44 99 660 | 35 264 504
803 2036 46683 | 38 63 702 | 26 378 399
804 155 12012 | 156 252 396 | 154 260 390
804 25 1848 | 154 210 440 | 132 336 336
804 67 4620 | 120 264 420 | 132 210 462
804 67 4368 | 144 156 504 | 104 336 364
804 35 2244 | 140 154 510 | 102 306 396
804 67 3990 | 120 152 532 | 90 315 399
804 1 54 | 78 297 429 | 84 216 504
804 257 13650 | 75 351 378 | 84 200 520
804 215 11088 | 90 154 560 | 72 336 396
804 67 3360 | 72 252 480 | 84 160 560
804 1543 72072 | 66 234 504 | 63 312 429
804 9 320 | 48 180 576 | 44 320 440
804 1163 40950 | 45 234 525 | 63 91 650
804 677 23100 | 44 210 550 | 42 300 462
804 37 1188 | 39 297 468 | 54 90 660
804 1 30 | 36 288 480 | 54 75 675
804 67 1980 | 36 240 528 | 45 99 660
804 409 8736 | 28 104 672 | 24 364 416
804 67 1218 | 24 84 696 | 21 174 609
805 17 1400 | 175 280 350 | 200 220 385
805 31 2275 | 130 325 350 | 175 175 455
805 149 10920 | 168 182 455 | 130 315 360
805 1 69 | 115 345 345 | 161 161 483
805 47 2800 | 90 315 400 | 112 168 525
805 7 396 | 92 207 506 | 90 220 495
805 209 9828 | 63 364 378 | 70 195 540
805 29 1232 | 77 112 616 | 55 350 400
805 7 144 | 23 368 414 | 40 45 720
806 403 34650 | 225 231 350 | 198 300 308
806 1 84 | 217 217 372 | 182 312 312
806 31 2436 | 168 232 406 | 156 273 377
806 31 2376 | 143 312 351 | 176 198 432
806 403 29700 | 150 216 440 | 135 275 396
806 23 1690 | 169 182 455 | 130 338 338
806 13 930 | 124 310 372 | 155 186 465
806 5 312 | 104 234 468 | 130 156 520
806 31 1820 | 91 260 455 | 104 182 520
806 1 56 | 104 156 546 | 84 266 456
806 197 10920 | 91 195 520 | 80 336 390
806 13 720 | 80 330 396 | 120 126 560
806 5 273 | 84 228 494 | 78 364 364
806 271 14586 | 102 143 561 | 78 286 442
806 403 20160 | 70 288 448 | 90 140 576
806 17 840 | 84 152 570 | 98 120 588
806 13 560 | 56 350 400 | 80 110 616
806 19 770 | 56 200 550 | 77 99 630
806 403 14858 | 68 92 646 | 46 323 437
806 1157 24640 | 32 70 704 | 24 320 462
806 403 8568 | 36 56 714 | 24 306 476
807 73 5616 | 180 195 432 | 144 312 351
807 113 8316 | 144 231 432 | 132 297 378
807 167 10920 | 105 312 390 | 112 240 455
807 53 2835 | 105 135 567 | 81 231 495
807 62 3315 | 78 270 459 | 91 170 546
807 7 324 | 81 132 594 | 72 168 567
807 757 33660 | 66 180 561 | 85 110 612
807 1129 33660 | 45 102 660 | 55 72 680
807 163 3861 | 27 351 429 | 39 66 702
808 37 3220 | 230 238 340 | 210 276 322
808 41 2790 | 115 279 414 | 126 217 465
808 125 8316 | 108 315 385 | 112 264 432
808 265 17556 | 133 180 495 | 132 182 494
808 53 3224 | 93 312 403 | 104 208 496
808 37 2050 | 80 328 400 | 82 275 451
808 523 21924 | 58 210 540 | 54 348 406
808 353 13524 | 49 276 483 | 48 368 392
808 1049 31920 | 48 95 665 | 38 210 560
808 37 880 | 28 220 560 | 40 64 704
808 17 360 | 24 280 504 | 40 48 720
809 1 84 | 184 280 345 | 204 231 374
809 11 520 | 80 144 585 | 68 221 520
809 113 4785 | 87 95 627 | 55 319 435
809 127 4095 | 42 182 585 | 39 315 455
809 97 2145 | 39 55 715 | 26 198 585
809 52 675 | 14 270 525 | 25 28 756
810 1 88 | 216 297 297 | 240 240 330
810 1 84 | 180 315 315 | 216 216 378
810 97 6864 | 130 240 440 | 144 198 468
810 29 2040 | 135 216 459 | 160 170 480
810 1 60 | 135 135 540 | 90 360 360
810 643 37620 | 95 220 495 | 90 264 456
810 29 1650 | 90 225 495 | 110 150 550
810 1 54 | 90 180 540 | 81 243 486
810 19 960 | 70 320 420 | 90 144 576
810 11 546 | 72 234 504 | 84 154 572
810 989 48510 | 70 245 495 | 90 132 588
810 31 1320 | 88 95 627 | 60 200 550
810 1 42 | 90 90 630 | 54 378 378
810 1 40 | 54 216 540 | 60 150 600
810 1199 40950 | 42 300 468 | 50 130 630
810 281 9240 | 40 308 462 | 57 88 665
810 1 26 | 30 390 390 | 54 54 702
810 191 4950 | 42 75 693 | 30 330 450
810 463 10710 | 28 170 612 | 45 51 714
811 479 36960 | 144 315 352 | 160 231 420
811 1 75 | 171 190 450 | 135 325 351
811 335 23184 | 144 184 483 | 115 336 360
811 811 50400 | 126 160 525 | 96 315 400
811 337 18360 | 85 216 510 | 80 272 459
811 811 3900 | 6 25 780 | 5 156 650
812 1 90 | 252 280 280 | 261 261 290
812 7 624 | 240 260 312 | 234 272 306
812 13 980 | 140 280 392 | 147 245 420
812 1 72 | 136 234 442 | 126 294 392
812 19 1260 | 140 168 504 | 126 196 490
812 7 414 | 99 207 506 | 90 285 437
812 833 47196 | 92 207 513 | 108 152 552
812 619 34160 | 80 305 427 | 84 240 488
812 497 26220 | 76 276 460 | 75 300 437
812 115 5712 | 105 112 595 | 68 336 408
812 7 176 | 29 319 464 | 44 64 704
813 337 21021 | 98 286 429 | 99 273 441
813 19 1092 | 91 228 494 | 84 351 378
813 31 1683 | 78 306 429 | 99 153 561
813 271 14040 | 72 351 390 | 108 120 585
813 43 2184 | 72 273 468 | 77 208 528
813 261 11440 | 65 176 572 | 90 99 624
813 74 3105 | 54 345 414 | 72 120 621
813 13 504 | 63 120 630 | 81 84 648
813 401 11088 | 33 252 528 | 48 72 693
813 813 15400 | 22 175 616 | 25 88 700
813 271 3780 | 27 30 756 | 15 378 420
814 37 2470 | 130 190 494 | 110 286 418
814 59 3696 | 132 154 528 | 112 198 504
814 317 19800 | 99 275 440 | 100 264 450
814 1 60 | 92 285 437 | 110 176 528 | 99 220 495
814 37 1908 | 99 132 583 | 72 318 424
814 443 20160 | 70 168 576 | 64 225 525
814 307 13090 | 85 99 630 | 55 374 385
814 41 1680 | 72 112 630 | 55 231 528
814 235 8694 | 46 336 432 | 50 189 575
814 37 1320 | 44 330 440 | 66 88 660
814 1 30 | 44 110 660 | 37 222 555
814 179 4650 | 30 350 434 | 31 225 558
815 46 3731 | 164 287 364 | 195 210 410
815 163 12920 | 152 323 340 | 190 200 425
815 1 77 | 143 308 364 | 175 200 440
815 11 840 | 165 210 440 | 140 315 360
815 163 10989 | 135 185 495 | 111 297 407
815 67 1820 | 50 65 700 | 33 210 572
816 1 90 | 240 288 288 | 255 255 306
816 13 1008 | 144 336 336 | 168 216 432
816 149 10920 | 130 294 392 | 168 180 468
816 127 9240 | 126 330 360 | 132 264 420
816 33 2380 | 140 221 455 | 170 170 476
816 71 5040 | 140 208 468 | 120 336 360
816 97 6552 | 112 288 416 | 156 156 504
816 13 840 | 112 224 480 | 140 156 520
816 1 60 | 90 330 396 | 102 204 510 | 96 240 480 | 130 140 546
816 43 2520 | 108 168 540 | 90 264 462
816 29 1320 | 60 360 396 | 66 200 550
816 19 840 | 64 192 560 | 60 252 504
816 503 21840 | 80 112 624 | 57 304 455
816 11 420 | 60 126 630 | 48 320 448
816 1 36 | 66 90 660 | 51 153 612 | 48 192 576
816 9 260 | 36 195 585 | 34 340 442
817 3 176 | 88 297 432 | 102 187 528
817 233 13041 | 115 135 567 | 81 322 414
817 43 2280 | 95 152 570 | 76 285 456
817 1 52 | 86 172 559 | 91 154 572 | 76 247 494
817 916 45747 | 69 306 442 | 102 117 598
817 503 23751 | 91 117 609 | 63 377 377
818 409 34320 | 208 220 390 | 176 312 330
818 5 352 | 143 195 480 | 132 224 462
818 27 1870 | 132 210 476 | 153 170 495
818 409 26040 | 105 248 465 | 112 210 496
818 23 1440 | 104 234 480 | 96 342 380
818 59 3360 | 90 224 504 | 96 190 532
818 3 160 | 78 260 480 | 96 152 570
818 599 30030 | 70 286 462 | 77 195 546
818 743 37050 | 104 114 600 | 70 273 475
818 191 9520 | 70 272 476 | 68 350 400
818 1 48 | 68 240 510 | 96 114 608
818 149 5850 | 50 300 468 | 78 90 650
818 239 8878 | 46 386 386 | 50 193 575
818 409 12240 | 36 272 510 | 48 90 680
818 67 1456 | 42 48 728 | 26 168 624
819 11 945 | 189 315 315 | 195 273 351
819 443 37800 | 216 225 378 | 189 280 350
819 1 84 | 182 273 364 | 189 252 378
819 39 3080 | 154 280 385 | 168 231 420
819 17 1323 | 147 294 378 | 189 189 441
819 43 3192 | 154 209 456 | 133 294 392
819 39 2660 | 114 285 420 | 133 196 490
819 13 855 | 105 315 399 | 135 171 513
819 23 1512 | 104 351 364 | 126 189 504
819 31 1980 | 99 360 360 | 105 252 462
819 39 2380 | 98 245 476 | 105 204 510
819 1 60 | 104 195 520 | 90 324 405
819 21 1144 | 78 312 429 | 104 143 572
819 427 21528 | 104 117 598 | 69 360 390
819 3 145 | 65 377 377 | 105 105 609
819 91 4140 | 90 108 621 | 60 345 414
819 37 1428 | 49 294 476 | 51 224 544
819 39 1120 | 35 224 560 | 42 105 672
819 273 7568 | 33 258 528 | 43 88 688
819 91 2160 | 27 360 432 | 45 54 720
819 7 165 | 27 297 495 | 39 65 715
819 21 424 | 24 159 636 | 26 104 689
819 1 19 | 21 399 399 | 39 39 741
819 273 3760 | 20 47 752 | 15 240 564
819 7 60 | 13 26 780 | 9 270 540
819 13 87 | 7 203 609 | 9 27 783
820 1 84 | 180 280 360 | 176 308 336
820 1 82 | 164 328 328 | 205 205 410
820 139 10800 | 150 270 400 | 144 325 351
820 139 10296 | 130 330 360 | 176 176 468
820 1 72 | 144 208 468 | 160 180 480 | 123 328 369
820 1667 100100 | 130 140 550 | 91 300 429
820 31 1638 | 105 130 585 | 91 162 567
820 11 560 | 70 350 400 | 91 144 585
820 5 252 | 80 180 560 | 70 300 450
820 13 616 | 64 308 448 | 70 200 550
820 7 306 | 72 136 612 | 85 105 630
820 47 1820 | 52 208 560 | 70 100 650
820 83 2016 | 30 160 630 | 28 288 504
821 43 2660 | 119 170 532 | 95 308 418
821 53 3220 | 95 266 460 | 92 315 414
821 167 6732 | 51 374 396 | 76 99 646
822 29 2520 | 195 312 315 | 210 252 360
822 775 62832 | 176 238 408 | 165 272 385
822 311 24090 | 146 286 390 | 165 219 438
822 47 3060 | 108 255 459 | 102 360 360
822 313 19950 | 126 171 525 | 140 150 532
822 17 864 | 96 132 594 | 72 270 480
822 19 918 | 102 108 612 | 66 297 459
822 1 42 | 54 336 432 | 72 120 630
822 181 7410 | 52 380 390 | 57 195 570
822 227 7800 | 52 120 650 | 48 150 624
823 109 7735 | 119 340 364 | 130 238 455
823 1391 58905 | 63 165 595 | 55 306 462
823 47 1881 | 55 198 570 | 63 133 627
823 601 19720 | 40 290 493 | 58 85 680
823 697 22080 | 40 207 576 | 64 69 690
823 839 13860 | 20 110 693 | 18 385 420
824 103 8372 | 161 299 364 | 184 224 416
824 103 6552 | 104 252 468 | 112 208 504
824 47 2660 | 114 140 570 | 95 189 540
824 103 5760 | 120 128 576 | 80 360 384
824 1091 51480 | 72 180 572 | 65 264 495
824 103 3780 | 54 140 630 | 48 216 560
824 367 12558 | 49 138 637 | 42 299 483
824 43 1320 | 44 120 660 | 40 168 616
824 139 1820 | 16 80 728 | 14 390 420
825 1 84 | 198 231 396 | 175 300 350
825 67 5355 | 175 225 425 | 153 315 357
825 3 200 | 110 275 440 | 125 200 500
825 8 525 | 105 300 420 | 150 150 525
825 31 1980 | 99 330 396 | 110 220 495
825 59 3360 | 105 160 560 | 96 189 540
825 37 2016 | 77 352 396 | 96 162 567
825 29 1140 | 57 160 608 | 50 300 475
825 23 840 | 50 175 600 | 45 360 420
826 1 70 | 118 295 413 | 140 196 490
826 35 2288 | 130 176 520 | 104 304 418
826 133 8658 | 126 182 518 | 111 234 481
826 7 450 | 126 175 525 | 100 330 396
826 41 2600 | 104 247 475 | 100 286 440
826 61 3640 | 104 190 532 | 91 280 455
826 161 8840 | 85 221 520 | 78 340 408
826 7 342 | 76 180 570 | 66 342 418
826 71 3080 | 56 385 385 | 70 140 616
826 317 11592 | 46 276 504 | 56 126 644
827 127 7854 | 99 252 476 | 112 187 528
827 367 22176 | 99 224 504 | 90 352 385
827 641 36432 | 92 207 528 | 99 176 552
827 67 3465 | 72 315 440 | 77 225 525
828 1 80 | 180 216 432 | 168 240 420
828 3 230 | 184 184 460 | 138 345 345
828 5 378 | 144 252 432 | 135 315 378
828 37 2736 | 152 208 468 | 144 228 456
828 47 3276 | 126 234 468 | 156 168 504
828 17 1140 | 152 156 520 | 135 180 513
828 25 1584 | 99 297 432 | 120 180 528
828 3 184 | 92 368 368 | 138 138 552
828 383 23460 | 92 345 391 | 102 220 506
828 139 8370 | 93 270 465 | 135 135 558
828 1 60 | 92 276 460 | 108 180 540
828 43 2340 | 78 300 450 | 108 135 585
828 19 990 | 99 135 594 | 72 360 396
828 83 3780 | 60 336 432 | 90 108 630
828 3 104 | 48 156 624 | 46 184 598
828 3 34 | 12 408 408 | 23 23 782
829 29 2576 | 224 253 352 | 208 299 322
829 829 41860 | 70 299 460 | 91 140 598
829 79 3220 | 52 322 455 | 70 115 644
829 927 15808 | 19 234 576 | 24 64 741
829 62 585 | 13 36 780 | 10 234 585
830 1 90 | 225 275 330 | 238 252 340
830 29 2310 | 150 330 350 | 154 286 390
830 349 27720 | 180 210 440 | 154 280 396
830 23 1800 | 165 225 440 | 180 200 450 | 144 336 350
830 11 850 | 140 340 350 | 150 255 425
830 71 4680 | 130 180 520 | 104 330 396
830 1 56 | 80 350 400 | 104 154 572
830 19 1008 | 98 144 588 | 80 225 525
830 13 665 | 80 190 560 | 70 380 380
830 347 17290 | 78 182 570 | 70 266 494
830 361 16380 | 60 315 455 | 80 126 624
830 41 1008 | 32 126 672 | 40 70 720
831 277 24360 | 203 280 348 | 210 261 360
831 8 585 | 143 220 468 | 126 315 390
831 167 10920 | 117 210 504 | 105 286 440
831 277 16380 | 105 180 546 | 90 273 468
831 47 2592 | 96 168 567 | 81 270 480
831 277 3612 | 14 301 516 | 21 36 774
832 13 960 | 128 320 384 | 160 192 480
832 13 880 | 110 304 418 | 112 280 440
832 11 728 | 130 182 520 | 104 364 364
832 73 4680 | 104 260 468 | 117 195 520
832 247 14280 | 84 340 408 | 90 238 504
832 23 1320 | 110 152 570 | 84 308 440
832 7 390 | 117 130 585 | 91 195 546
832 83 4256 | 76 224 532 | 112 112 608
832 1 48 | 64 384 384 | 104 104 624
832 1 40 | 64 128 640 | 52 260 520
832 337 9520 | 34 238 560 | 40 112 680
832 949 18700 | 34 50 748 | 22 300 510
833 2 171 | 189 266 378 | 209 228 396
833 377 31416 | 187 238 408 | 168 308 357
833 13 1064 | 161 304 368 | 168 266 399
833 7 540 | 140 315 378 | 170 204 459
833 7 456 | 102 323 408 | 133 168 532
833 5 304 | 92 304 437 | 133 140 560
833 19 1040 | 91 182 560 | 104 144 585
833 151 7280 | 104 105 624 | 65 320 448
833 73 3465 | 63 385 385 | 65 273 495
833 2 91 | 98 98 637 | 65 208 560
833 11 468 | 56 273 504 | 81 104 648
833 7 296 | 68 136 629 | 56 259 518
834 79 6216 | 148 294 392 | 168 222 444
834 45 3496 | 171 207 456 | 184 190 460
834 139 10080 | 126 288 420 | 144 210 480
834 311 21840 | 126 240 468 | 130 224 480
834 139 9690 | 114 340 380 | 153 171 510
834 9 616 | 132 198 504 | 112 304 418
834 19 1260 | 120 210 504 | 105 324 405
834 139 8910 | 99 330 405 | 132 162 540
834 95 6006 | 132 156 546 | 105 234 495
834 23 1395 | 108 186 540 | 90 372 372
834 29 1680 | 84 350 400 | 90 240 504 | 112 152 570
834 11 630 | 105 162 567 | 84 300 450
834 397 21840 | 105 144 585 | 78 336 420
834 1 54 | 108 132 594 | 84 210 540
834 139 6960 | 80 174 580 | 72 240 522
834 7 330 | 99 105 630 | 66 240 528
834 61 2574 | 54 351 429 | 66 144 624
834 59 2016 | 54 108 672 | 42 288 504
834 1177 35568 | 36 304 494 | 39 171 624
834 47 1008 | 30 84 720 | 24 378 432
834 139 1890 | 15 189 630 | 18 60 756
835 1451 71820 | 70 252 513 | 76 189 570
835 17 819 | 75 175 585 | 65 315 455
835 367 15960 | 56 380 399 | 72 133 630
835 281 11480 | 52 328 455 | 56 205 574
835 223 8580 | 52 198 585 | 65 110 660
835 61 2295 | 51 189 595 | 75 85 675
835 391 14040 | 45 270 520 | 44 351 440
835 82 1683 | 36 51 748 | 23 306 506
835 2293 37791 | 18 323 494 | 19 153 663
836 19 1674 | 216 248 372 | 198 297 341
836 41 3420 | 198 220 418 | 171 285 380
836 37 2970 | 180 216 440 | 154 297 385
836 1 80 | 160 260 416 | 152 304 380 | 150 336 350 | 176 220 440
836 13 1008 | 140 336 360 | 176 198 462
836 599 45220 | 133 323 380 | 170 190 476
836 47 2640 | 88 220 528 | 80 360 396
836 19 980 | 77 220 539 | 80 196 560
836 137 6732 | 88 136 612 | 66 374 396
836 19 924 | 66 308 462 | 88 132 616
836 73 3230 | 95 95 646 | 68 160 608
836 19 714 | 68 96 672 | 57 133 646
836 1 36 | 76 76 684 | 44 396 396
837 89 7800 | 200 273 364 | 192 320 325
837 31 2660 | 210 228 399 | 180 315 342
837 199 13860 | 115 308 414 | 132 210 495
837 5 324 | 108 243 486 | 135 162 540
837 31 1755 | 117 135 585 | 81 351 405
837 187 9744 | 112 116 609 | 77 232 528
837 3 136 | 72 153 612 | 62 248 527
837 93 3976 | 72 126 639 | 56 284 497
837 31 1120 | 45 288 504 | 60 105 672
837 43 1495 | 69 78 690 | 45 207 585
837 1649 45045 | 39 105 693 | 45 77 715
837 3 80 | 31 310 496 | 45 72 720
838 277 22176 | 192 198 448 | 154 288 396
838 181 11440 | 96 352 390 | 110 208 520
838 1633 97240 | 88 325 425 | 130 136 572
838 233 13464 | 88 255 495 | 96 198 544
838 11 560 | 70 320 448 | 110 112 616
838 25 1056 | 54 352 432 | 55 288 495
838 37 910 | 40 70 728 | 28 390 420
838 41 1008 | 33 112 693 | 28 378 432
838 331 8008 | 35 88 715 | 28 264 546
838 631 10260 | 19 135 684 | 24 54 760
839 205 16632 | 189 210 440 | 176 231 432
839 41 3060 | 135 272 432 | 153 210 476
839 1 65 | 104 280 455 | 110 234 495
839 311 19800 | 99 300 440 | 136 153 550
839 283 17360 | 124 155 560 | 98 245 496
839 61 3300 | 77 300 462 | 85 204 550
839 151 7020 | 80 135 624 | 65 234 540
839 17 468 | 33 234 572 | 38 117 684
839 283 7293 | 39 85 715 | 33 143 663
839 521 12240 | 27 272 540 | 34 85 720
839 823 13860 | 33 36 770 | 20 126 693
839 3847 40040 | 13 56 770 | 11 308 520
840 1 90 | 240 240 360 | 210 315 315
840 7 600 | 180 300 360 | 200 240 400
840 1 84 | 210 210 420 | 168 336 336
840 7 576 | 160 320 360 | 192 216 432
840 7 522 | 135 270 435 | 144 232 464
840 3 220 | 154 196 490 | 165 180 495
840 1 72 | 168 168 504 | 120 360 360
840 3 208 | 160 160 520 | 112 364 364
840 21 1360 | 136 160 544 | 100 340 400
840 1 60 | 90 300 450 | 112 168 560
840 63 3520 | 99 165 576 | 80 320 440
840 7 360 | 72 288 480 | 90 150 600
840 3 154 | 70 385 385 | 112 112 616
840 2351 120120 | 72 273 495 | 104 120 616
840 1 48 | 72 192 576 | 70 210 560
840 7 312 | 60 260 520 | 72 144 624
840 7 270 | 48 360 432 | 75 90 675
840 7 264 | 60 120 660 | 48 264 528
840 3 100 | 40 400 400 | 70 70 700
840 7 180 | 30 270 540 | 40 80 720
841 109 7245 | 105 322 414 | 115 231 495
841 71 4095 | 91 225 525 | 126 130 585
841 193 10465 | 105 138 598 | 91 175 575
842 1 88 | 204 264 374 | 192 320 330
842 2 165 | 160 330 352 | 170 264 408
842 37 2730 | 156 196 490 | 140 234 468
842 1 72 | 120 342 380 | 156 182 504
842 491 29172 | 117 153 572 | 88 312 442
842 9 440 | 68 264 510 | 95 120 627
842 421 10880 | 34 128 680 | 32 170 640
842 421 9620 | 26 296 520 | 37 65 740
842 421 8360 | 22 380 440 | 38 44 760
843 87 6820 | 155 248 440 | 180 198 465
843 29 1767 | 114 171 558 | 93 285 465
843 67 3696 | 78 336 429 | 84 231 528
843 2 91 | 63 234 546 | 60 315 468
843 59 2340 | 50 325 468 | 66 117 660
843 187 5985 | 42 171 630 | 45 133 665
843 58 495 | 10 63 770 | 11 40 792
844 1 90 | 220 264 360 | 207 315 322
844 337 28392 | 169 315 360 | 168 338 338
844 13 1008 | 144 280 420 | 168 208 468
844 1 70 | 156 168 520 | 115 315 414
844 13 840 | 99 360 385 | 130 168 546
844 223 13090 | 85 374 385 | 88 280 476
844 4 231 | 88 252 504 | 104 168 572
844 47 2408 | 70 344 430 | 88 154 602
844 51 2080 | 60 160 624 | 52 312 480
844 25 1012 | 52 286 506 | 69 115 660
844 53 1848 | 63 88 693 | 44 240 560
844 211 7084 | 44 184 616 | 46 154 644
844 211 5824 | 32 364 448 | 52 64 728
844 211 5194 | 49 53 742 | 28 392 424
844 157 3808 | 28 272 544 | 34 96 714
845 1 80 | 182 208 455 | 165 240 440
845 169 13160 | 140 329 376 | 175 200 470
845 211 16380 | 140 315 390 | 156 234 455
845 4 275 | 110 350 385 | 125 220 500
845 11 720 | 117 208 520 | 110 240 495
845 169 10640 | 133 152 560 | 95 350 400
845 13 777 | 91 273 481 | 105 185 555
845 563 32760 | 91 234 520 | 120 140 585
845 73 4004 | 91 182 572 | 77 352 416
845 13 700 | 80 240 525 | 75 350 420
845 13 660 | 75 220 550 | 78 195 572
845 37 1872 | 80 180 585 | 104 117 624
845 481 17325 | 45 275 525 | 75 77 693
845 169 4092 | 31 132 682 | 30 155 660
845 169 3080 | 20 385 440 | 35 40 770
846 37 3078 | 171 270 405 | 162 342 342
846 23 1638 | 117 351 378 | 126 252 468
846 11 780 | 117 324 405 | 120 286 440
846 37 2520 | 120 231 495 | 108 360 378
846 137 9180 | 120 216 510 | 153 153 540
846 97 6480 | 144 162 540 | 105 336 405
846 3 188 | 94 376 376 | 141 141 564
846 23 1440 | 126 160 560 | 96 300 450
846 3 182 | 105 195 546 | 117 162 567
846 19 1080 | 90 216 540 | 81 360 405 | 120 132 594
846 1789 55440 | 42 144 660 | 40 176 630
846 1 30 | 36 270 540 | 47 94 705
846 79 1860 | 40 62 744 | 27 279 540
846 617 7182 | 21 27 798 | 14 76 756
847 13 1035 | 161 245 441 | 180 207 460
847 1 55 | 77 385 385 | 121 121 605
847 245 13464 | 80 272 495 | 88 198 561
847 10 441 | 70 147 630 | 63 196 588
848 23 2080 | 224 260 364 | 208 320 320
848 17 1456 | 176 308 364 | 208 224 416
848 83 6880 | 172 260 416 | 160 344 344
848 17 1260 | 126 342 380 | 144 224 480
848 151 11088 | 168 176 504 | 126 304 418
848 617 43680 | 160 168 520 | 117 315 416
848 23 1530 | 144 160 544 | 117 221 510
848 101 6468 | 98 330 420 | 99 308 441
848 7 320 | 64 224 560 | 80 128 640
848 191 8568 | 68 168 612 | 81 119 648
848 5 192 | 48 320 480 | 64 112 672
848 15 208 | 20 48 780 | 15 273 560
849 283 24180 | 180 279 390 | 186 260 403
849 79 5040 | 105 240 504 | 136 153 560
849 67 3960 | 99 200 550 | 90 264 495
849 443 22572 | 108 114 627 | 72 264 513
849 32 1155 | 44 385 420 | 66 90 693
849 82 2145 | 30 390 429 | 33 156 660
849 703 18360 | 30 360 459 | 34 135 680
849 283 3432 | 13 264 572 | 18 39 792
850 1 90 | 225 250 375 | 210 280 360 | 204 306 340
850 13 1050 | 150 350 350 | 175 225 450
850 1 66 | 150 150 550 | 102 374 374
850 229 14560 | 96 364 390 | 130 160 560
850 81 4760 | 96 210 544 | 85 357 408
850 167 8190 | 90 130 630 | 70 234 546
850 127 6160 | 70 220 560 | 80 154 616
850 1 40 | 85 85 680 | 50 400 400
850 11 350 | 40 210 600 | 50 100 700
850 61 1800 | 40 135 675 | 50 80 720
850 1 22 | 34 68 748 | 25 275 550
850 361 6930 | 22 198 630 | 35 45 770
850 479 7920 | 20 110 720 | 18 352 480
851 17 1155 | 147 165 539 | 115 253 483
851 1 51 | 111 111 629 | 69 391 391
851 37 1380 | 46 345 460 | 69 92 690
851 1559 45045 | 45 91 715 | 35 231 585
851 89 2380 | 32 224 595 | 35 136 680
851 41 385 | 11 70 770 | 10 203 638
852 61 5520 | 220 264 368 | 208 299 345
852 179 15708 | 187 308 357 | 204 252 396
852 73 6336 | 192 264 396 | 180 320 352
852 5 399 | 152 280 420 | 168 228 456
852 31 2340 | 144 240 468 | 130 342 380
852 17 1260 | 168 180 504 | 126 330 396
852 11 780 | 117 315 420 | 130 228 494
852 241 15912 | 102 360 390 | 104 306 442
852 251 16380 | 104 280 468 | 126 180 546
852 5 312 | 130 152 570 | 96 288 468
852 13 756 | 126 132 594 | 84 336 432
852 23 1170 | 72 260 520 | 105 117 630
852 59 2640 | 96 96 660 | 60 264 528
852 113 3276 | 42 108 702 | 52 72 728
852 559 9690 | 19 323 510 | 24 68 760
853 853 45144 | 76 264 513 | 88 171 594
853 853 35100 | 52 351 450 | 78 100 675
854 1 84 | 168 294 392 | 183 244 427
854 61 5060 | 184 230 440 | 161 308 385
854 427 32538 | 132 348 374 | 174 187 493
854 11 819 | 168 182 504 | 126 364 364
854 5 357 | 126 252 476 | 140 204 510
854 79 5096 | 104 260 490 | 98 364 392
854 47 2860 | 91 308 455 | 104 200 550
854 95 5418 | 126 126 602 | 86 252 516
854 61 3440 | 80 344 430 | 112 140 602
854 427 22800 | 96 150 608 | 75 304 475
854 29 1470 | 70 294 490 | 98 126 630
854 77 3060 | 55 187 612 | 72 102 680
854 61 2184 | 48 182 624 | 49 168 637
854 23 792 | 44 216 594 | 42 308 504
854 61 1820 | 56 70 728 | 35 364 455
854 271 5390 | 22 392 440 | 35 49 770
854 17 208 | 14 112 728 | 13 377 464
854 19 126 | 9 26 819 | 7 154 693
855 3 253 | 209 209 437 | 165 345 345
855 19 1440 | 135 288 432 | 150 225 480
855 19 1260 | 126 189 540 | 105 300 450
855 1 63 | 126 162 567 | 105 225 525
855 29 1755 | 135 135 585 | 95 247 513
855 47 2700 | 90 225 540 | 120 135 600
855 3 160 | 95 152 608 | 75 300 480
855 57 2975 | 75 255 525 | 85 175 595
855 713 36855 | 78 210 567 | 81 189 585
855 3 133 | 95 95 665 | 57 399 399
855 51 2200 | 55 400 400 | 75 120 660
855 19 693 | 63 99 693 | 45 315 495
855 1 36 | 57 114 684 | 45 270 540
855 381 12155 | 39 255 561 | 55 85 715
856 313 23892 | 180 181 495 | 132 362 362
856 19 1260 | 112 240 504 | 130 180 546
856 67 3960 | 88 288 480 | 104 180 572
856 83 4800 | 128 128 600 | 100 180 576
856 73 3520 | 64 352 440 | 88 128 640
856 113 4928 | 64 176 616 | 56 352 448
856 89 2880 | 64 72 720 | 40 240 576
856 13 180 | 15 261 580 | 16 120 720
857 29 2325 | 153 279 425 | 175 217 465
857 314 24073 | 133 362 362 | 181 182 494
857 293 22320 | 171 190 496 | 144 248 465
857 29 400 | 16 116 725 | 25 32 800
858 25 2376 | 270 280 308 | 264 297 297
858 23 2184 | 264 286 308 | 273 273 312
858 1 90 | 198 330 330 | 234 234 390 | 210 270 378
858 1 84 | 165 308 385 | 170 280 408
858 19 1560 | 165 264 429 | 156 312 390
858 17 1386 | 198 198 462 | 154 308 396
858 29 2310 | 154 264 440 | 165 231 462
858 1 78 | 156 234 468 | 143 286 429
858 13 990 | 165 198 495 | 132 330 396
858 305 23226 | 147 237 474 | 158 210 490
858 6 455 | 130 364 364 | 136 280 442
858 83 6240 | 130 312 416 | 144 234 480
858 299 21930 | 129 270 459 | 170 172 516
858 101 7200 | 117 325 416 | 120 288 450
858 1 60 | 88 330 440 | 117 156 585 | 90 288 480
858 19 1080 | 108 150 600 | 84 270 504
858 16 903 | 98 172 588 | 84 258 516
858 17 936 | 88 198 572 | 78 312 468
858 23 1170 | 78 195 585 | 90 144 624
858 1 48 | 66 264 528 | 78 156 624
858 863 40950 | 91 117 650 | 78 150 630
858 13 594 | 66 198 594 | 90 108 660
858 13 570 | 60 228 570 | 66 165 627
858 3 124 | 88 88 682 | 52 403 403
858 13 504 | 48 378 432 | 77 88 693
858 199 6930 | 55 110 693 | 42 396 420
858 13 210 | 22 66 770 | 18 210 630
859 27 1820 | 130 189 540 | 105 364 390
859 17 1040 | 91 320 448 | 130 144 585
859 1777 35343 | 27 84 748 | 22 378 459
859 37 420 | 14 65 780 | 12 385 462
859 23 252 | 18 29 812 | 12 154 693
860 43 3960 | 225 275 360 | 220 288 352
860 1 90 | 200 300 360 | 215 258 387
860 1 86 | 172 344 344 | 215 215 430
860 89 6160 | 110 350 400 | 112 308 440
860 43 2484 | 90 230 540 | 92 216 552
860 89 5040 | 90 210 560 | 80 360 420
860 43 2400 | 80 300 480 | 100 160 600
860 3293 167440 | 80 182 598 | 69 336 455
860 43 2106 | 104 108 648 | 65 390 405
860 43 1980 | 60 360 440 | 90 110 660
860 37 1400 | 50 210 600 | 80 80 700
860 43 1518 | 44 264 552 | 55 115 690
860 43 1392 | 48 116 696 | 40 240 580
860 19 500 | 35 125 700 | 50 60 750
860 359 8778 | 30 165 665 | 28 304 528
860 997 21420 | 35 60 765 | 24 360 476
861 89 7560 | 189 240 432 | 168 315 378
861 119 8580 | 132 234 495 | 120 312 429
861 49 3315 | 120 221 520 | 117 234 510
861 121 7560 | 112 189 560 | 105 216 540
861 2329 133644 | 86 259 516 | 111 148 602
861 3 35 | 14 77 770 | 20 29 812
862 79 6160 | 140 304 418 | 176 196 490
862 1 70 | 112 350 400 | 140 190 532
862 53 3696 | 112 330 420 | 147 176 539
862 178 12285 | 140 182 540 | 126 216 520
862 265 14586 | 90 187 585 | 78 308 476
862 1249 60480 | 64 378 420 | 70 216 576
862 479 20748 | 57 273 532 | 56 312 494
862 211 4650 | 26 186 650 | 25 279 558
863 11 525 | 65 273 525 | 63 350 450
863 193 5720 | 35 308 520 | 44 104 715
863 691 16008 | 29 138 696 | 28 168 667
863 122 2821 | 31 104 728 | 26 403 434
863 5 99 | 30 63 770 | 22 319 522
863 19 297 | 18 143 702 | 22 58 783
863 5839 85680 | 16 252 595 | 17 126 720
863 283 4080 | 16 187 660 | 18 80 765
864 3 280 | 224 320 320 | 252 252 360
864 19 1716 | 234 234 396 | 204 286 374
864 1 84 | 162 324 378 | 192 224 448
864 1 80 | 192 192 480 | 144 360 360
864 11 756 | 135 189 540 | 108 378 378
864 1 64 | 144 144 576 | 96 384 384
864 3 92 | 36 414 414 | 64 64 736
865 569 44660 | 140 319 406 | 145 280 440
865 47 3575 | 130 350 385 | 143 247 475
865 463 27720 | 90 280 495 | 88 315 462
865 31 1768 | 117 136 612 | 85 260 520
865 121 5980 | 100 115 650 | 91 130 644
866 401 36540 | 220 261 385 | 203 315 348
866 71 6270 | 220 228 418 | 190 286 390
866 4 315 | 140 330 396 | 180 196 490
866 211 16560 | 138 360 368 | 144 285 437
866 17 1330 | 140 308 418 | 182 190 494
866 71 5040 | 144 190 532 | 140 198 528
866 19 1320 | 130 208 528 | 110 360 396
866 11 720 | 144 152 570 | 126 180 560
866 967 61712 | 116 190 560 | 112 203 551
866 1237 68310 | 110 135 621 | 92 180 594
866 701 35530 | 68 380 418 | 110 110 646
866 433 12600 | 36 200 630 | 40 126 700
866 5 144 | 34 288 544 | 38 144 684
866 433 10010 | 26 385 455 | 44 52 770
866 43 950 | 26 190 650 | 25 290 551
866 187 3192 | 21 104 741 | 19 231 616
866 433 4830 | 12 210 644 | 15 46 805
867 181 15015 | 165 273 429 | 195 210 462
867 49 3795 | 165 207 495 | 154 230 483
867 2059 154440 | 130 297 440 | 135 264 468
867 1 72 | 117 360 390 | 132 231 504
867 61 4095 | 117 225 525 | 126 195 546
867 61 3927 | 99 306 462 | 119 187 561
867 107 6300 | 88 275 504 | 90 252 525
867 241 13167 | 99 152 616 | 114 126 627
867 121 6552 | 77 286 504 | 117 120 630
867 9 208 | 27 216 624 | 26 377 464 | 30 117 720
867 41 897 | 27 138 702 | 26 174 667
867 307 5544 | 33 42 792 | 22 117 728
868 151 13860 | 220 270 378 | 231 252 385
868 7 576 | 192 208 468 | 168 252 448
868 23 1820 | 182 196 490 | 140 364 364
868 1523 114114 | 143 231 494 | 133 273 462
868 217 15840 | 120 352 396 | 160 180 528
868 7 510 | 120 340 408 | 155 186 527
868 49 3432 | 154 168 546 | 132 208 528
868 217 14820 | 114 260 494 | 120 228 520
868 13 880 | 120 220 528 | 154 154 560
868 5 336 | 140 168 560 | 112 252 504
868 31 1960 | 112 196 560 | 98 280 490
868 31 1870 | 88 340 440 | 119 154 595
868 109 6160 | 112 140 616 | 88 220 560
868 217 11700 | 75 325 468 | 100 144 624
868 31 1600 | 70 350 448 | 100 128 640
868 1433 68544 | 63 357 448 | 68 224 576
868 7 330 | 62 341 465 | 88 120 660
868 31 1330 | 70 133 665 | 56 280 532
868 587 23940 | 70 114 684 | 63 140 665
868 9 350 | 49 294 525 | 48 400 420
868 119 4400 | 64 100 704 | 48 220 600
868 217 7956 | 52 153 663 | 48 208 612
868 1 18 | 27 58 783 | 21 154 693
868 217 3600 | 18 400 450 | 32 36 800
868 217 1650 | 8 200 660 | 10 33 825
869 2 165 | 154 330 385 | 165 264 440
869 79 4680 | 104 180 585 | 88 286 495
869 79 3420 | 55 396 418 | 90 95 684
869 73 2220 | 37 240 592 | 36 315 518
869 311 9360 | 36 273 560 | 45 104 720
869 13 308 | 44 55 770 | 28 203 638
870 1 72 | 120 300 450 | 144 198 528
870 19 1350 | 150 180 540 | 135 210 525
870 353 25080 | 120 275 475 | 114 360 396
870 51 3472 | 155 155 560 | 144 168 558
870 193 12768 | 114 224 532 | 105 285 480
870 221 14400 | 144 150 576 | 100 320 450
870 281 17670 | 95 310 465 | 114 186 570
870 9 550 | 100 220 550 | 90 330 450
870 139 8400 | 126 144 600 | 100 210 560
870 1 60 | 87 348 435 | 120 150 600
870 61 3150 | 90 150 630 | 70 350 450
870 17 825 | 100 110 660 | 72 198 600
870 1 42 | 60 180 630 | 58 203 609
870 263 9360 | 45 240 585 | 72 78 720
870 13 336 | 30 280 560 | 33 144 693
871 13 1155 | 220 231 420 | 189 297 385
871 193 15015 | 135 351 385 | 143 273 455
871 167 12870 | 156 220 495 | 143 260 468
871 1 66 | 143 156 572 | 112 231 528
871 281 16016 | 91 208 572 | 112 143 616
871 551 25740 | 66 220 585 | 65 234 572
871 67 2805 | 65 143 663 | 55 255 561
871 3 65 | 30 87 754 | 39 52 780
871 575 9576 | 19 168 684 | 21 90 760
872 109 8540 | 160 224 488 | 140 305 427
872 19 1440 | 128 360 384 | 140 252 480
872 19 1430 | 143 234 495 | 176 176 520
872 823 61880 | 170 182 520 | 136 260 476
872 109 7280 | 130 182 560 | 104 320 448
872 71 4312 | 104 196 572 | 88 392 392
872 31 1760 | 80 352 440 | 88 224 560
872 5 264 | 72 360 440 | 88 168 616
872 13 630 | 64 360 448 | 77 165 630
872 109 5148 | 66 234 572 | 72 176 624
872 113 5040 | 66 176 630 | 60 252 560
872 109 4760 | 56 340 476 | 80 112 680
872 35 1144 | 56 88 728 | 40 260 572
872 233 6336 | 36 132 704 | 32 264 576
872 221 4900 | 25 308 539 | 26 196 650
872 109 1530 | 16 136 720 | 17 90 765
873 5 396 | 144 297 432 | 180 198 495
873 97 7560 | 135 360 378 | 180 189 504
873 53 4080 | 135 306 432 | 176 187 510
873 291 20020 | 132 195 546 | 110 308 455
873 5 336 | 144 162 567 | 105 320 448
873 157 9765 | 105 210 558 | 93 315 465
873 74 4095 | 105 144 624 | 117 126 630
873 303 16744 | 91 184 598 | 78 312 483
873 79 3942 | 73 216 584 | 108 108 657
873 1 48 | 81 144 648 | 63 378 432
873 263 12600 | 75 168 630 | 63 360 450
873 97 4641 | 91 119 663 | 63 351 459
873 3 140 | 63 270 540 | 96 105 672
873 291 12040 | 60 168 645 | 56 215 602
873 97 3600 | 54 144 675 | 48 225 600
873 93 2464 | 32 203 638 | 33 168 672
874 1 90 | 198 286 390 | 190 342 342 | 230 230 414
874 13 1122 | 198 234 442 | 170 330 374
874 19 1540 | 154 280 440 | 161 253 460
874 149 10920 | 126 280 468 | 120 364 390
874 19 1360 | 115 368 391 | 160 170 544
874 773 47520 | 90 352 432 | 120 160 594
874 277 15522 | 90 199 585 | 78 398 398
874 19 966 | 69 322 483 | 92 138 644
874 193 8550 | 90 100 684 | 57 342 475
874 647 27720 | 55 315 504 | 60 198 616
874 19 506 | 33 174 667 | 46 69 759
875 13 1260 | 270 297 308 | 280 280 315
875 7 600 | 175 280 420 | 200 225 450
875 1 75 | 125 375 375 | 175 175 525
875 29 2079 | 147 189 539 | 119 297 459
875 7 325 | 75 150 650 | 65 225 585
875 53 2100 | 50 300 525 | 70 105 700
875 7 204 | 38 153 684 | 34 348 493
875 1 20 | 28 77 770 | 30 65 780
876 73 6930 | 231 315 330 | 252 264 360
876 23 1848 | 154 266 456 | 144 336 396
876 323 25872 | 147 297 432 | 176 210 490
876 53 4200 | 150 264 462 | 140 336 400
876 3 220 | 120 360 396 | 154 190 532
876 1 70 | 120 252 504 | 126 225 525
876 11 756 | 126 210 540 | 108 336 432
876 2 135 | 120 216 540 | 108 288 480
876 79 4620 | 120 140 616 | 84 330 462
876 239 13524 | 108 147 621 | 92 196 588
876 73 3648 | 76 192 608 | 72 228 576
876 107 5280 | 96 120 660 | 66 330 480
876 67 3102 | 77 141 658 | 60 376 440
876 73 3360 | 60 336 480 | 84 120 672
876 73 2640 | 44 352 480 | 66 90 720
876 73 2208 | 36 288 552 | 48 92 736
876 43 1260 | 35 261 580 | 36 210 630
876 8353 212520 | 40 77 759 | 30 230 616
876 3011 73920 | 28 320 528 | 42 64 770
877 877 38304 | 57 288 532 | 72 133 672
877 25 1036 | 52 370 455 | 63 148 666
877 877 35700 | 51 350 476 | 75 102 700
877 656 24255 | 49 198 630 | 45 392 440
877 509 18018 | 52 132 693 | 72 77 728
877 41 1260 | 36 406 435 | 45 112 720
877 877 22680 | 30 280 567 | 40 81 756
877 41 1020 | 30 187 660 | 40 72 765
877 479 8360 | 22 95 760 | 19 418 440
878 83 6864 | 176 234 468 | 156 304 418
878 1 78 | 156 228 494 | 143 273 462
878 439 32760 | 140 234 504 | 130 280 468
878 439 30690 | 155 165 558 | 110 372 396
878 937 64350 | 110 300 468 | 130 198 550
878 439 24480 | 96 170 612 | 80 288 510
878 533 25840 | 80 152 646 | 68 240 570
878 13 330 | 33 130 715 | 45 63 770
878 439 9990 | 27 185 666 | 30 108 740
878 7729 127512 | 23 63 792 | 18 308 552
878 439 1710 | 4 190 684 | 5 18 855
879 1357 120120 | 182 312 385 | 195 264 420
879 1681 135135 | 189 195 495 | 143 351 385
879 47 3432 | 120 330 429 | 143 208 528
879 49 3135 | 95 385 399 | 99 285 495
879 58 3705 | 114 195 570 | 95 364 420
879 53 2268 | 63 168 648 | 54 405 420
879 2 75 | 46 350 483 | 54 150 675
879 883 16632 | 24 99 756 | 21 264 594
880 1 96 | 240 320 320 | 264 264 352
880 23 2040 | 200 255 425 | 180 340 360
880 1 88 | 176 352 352 | 220 220 440
880 17 1344 | 144 288 448 | 140 320 420
880 61 4680 | 130 360 390 | 180 180 520
880 31 2340 | 130 300 450 | 126 364 390
880 1 70 | 110 385 385 | 112 320 448 | 160 160 560
880 73 5040 | 140 180 560 | 112 288 480
880 391 23760 | 88 360 432 | 110 176 594
880 229 13020 | 105 155 620 | 124 126 630
880 23 1260 | 100 150 630 | 77 308 495
880 1 52 | 100 130 650 | 70 390 420
880 533 22440 | 68 132 680 | 55 264 561
880 17 684 | 63 133 684 | 50 380 450
880 17 660 | 55 165 660 | 48 352 480
880 47 1400 | 40 140 700 | 35 325 520
880 43 1260 | 35 260 585 | 54 70 756
880 29 770 | 35 130 715 | 55 55 770
881 173 13300 | 140 266 475 | 152 225 504
881 25 1638 | 140 156 585 | 104 273 504
881 109 4256 | 57 152 672 | 56 160 665
881 233 7920 | 48 140 693 | 45 176 660
881 23 760 | 45 152 684 | 40 290 551
881 1 30 | 36 260 585 | 40 145 696
881 1909 23205 | 17 45 819 | 13 273 595
882 47 4560 | 255 304 323 | 266 280 336
882 3 280 | 210 336 336 | 245 245 392
882 1 90 | 189 315 378 | 210 252 420
882 7 624 | 182 336 364 | 216 234 432
882 5 432 | 168 336 378 | 180 270 432
882 7 594 | 189 231 462 | 162 324 396
882 7 585 | 156 330 396 | 180 234 468
882 263 18480 | 154 168 560 | 112 330 440
882 21 1472 | 138 192 552 | 112 322 448
882 3 196 | 147 147 588 | 98 392 392
882 49 2970 | 108 180 594 | 90 297 495
882 16 945 | 84 378 420 | 90 252 540
882 3 176 | 112 154 616 | 84 336 462
882 7 360 | 84 168 630 | 72 270 540
882 147 7480 | 68 374 440 | 102 120 660
882 91 4560 | 105 112 665 | 68 304 510
882 2 99 | 72 216 594 | 90 132 660
882 21 1012 | 66 264 552 | 77 161 644
882 53 2520 | 72 180 630 | 63 315 504
882 5 234 | 63 273 546 | 70 182 630
882 7 324 | 72 162 648 | 63 252 567
882 37 1584 | 54 396 432 | 77 112 693
882 91 3762 | 66 132 684 | 57 198 627
882 8447 339150 | 50 357 475 | 68 114 700
882 7 240 | 42 280 560 | 54 108 720
882 21 400 | 21 336 525 | 32 50 800
882 49 810 | 27 45 810 | 18 324 540
882 21 232 | 12 174 696 | 14 56 812
882 147 1474 | 11 134 737 | 12 66 804
883 127 7245 | 115 138 630 | 91 207 585
883 179 7140 | 84 85 714 | 51 272 560
883 217 8415 | 51 220 612 | 70 99 714
883 125 4368 | 45 208 630 | 42 377 464
883 293 5544 | 22 168 693 | 28 63 792
884 13 1232 | 224 308 352 | 238 272 374
884 83 7600 | 209 275 400 | 200 304 380
884 1 84 | 156 364 364 | 182 234 468 | 204 204 476
884 43 3432 | 143 312 429 | 182 198 504
884 13 1020 | 136 340 408 | 170 204 510
884 1 70 | 119 255 510 | 144 180 560
884 43 2912 | 119 221 544 | 104 364 416
884 29 1920 | 100 384 400 | 128 180 576
884 47 2772 | 84 360 440 | 98 198 588
884 121 6290 | 85 170 629 | 74 255 555
884 83 3960 | 70 198 616 | 80 144 660
885 3 280 | 210 315 360 | 220 280 385
885 7 627 | 189 297 399 | 209 247 429
885 1 84 | 165 280 440 | 156 351 378
885 4321 321300 | 170 175 540 | 126 300 459
885 4 297 | 165 180 540 | 126 297 462
885 13 945 | 135 225 525 | 117 378 390
885 911 65520 | 144 195 546 | 117 320 448
885 37 2520 | 110 280 495 | 105 360 420
885 1 45 | 75 135 675 | 59 295 531
885 139 5040 | 60 105 720 | 45 280 560
885 9 308 | 48 144 693 | 44 203 638
886 5 462 | 204 308 374 | 210 286 390
886 13 1200 | 216 270 400 | 200 336 350
886 17 1400 | 196 200 490 | 150 336 400
886 17 1287 | 132 286 468 | 126 364 396
886 61 3696 | 88 336 462 | 126 144 616
886 11 630 | 112 144 630 | 91 210 585
886 611 33440 | 88 190 608 | 76 330 480
886 283 15048 | 72 396 418 | 88 171 627
886 491 18200 | 56 130 700 | 49 200 637
886 253 8862 | 45 211 630 | 42 422 422
886 167 4368 | 30 336 520 | 32 182 672
886 83 1610 | 35 46 805 | 22 220 644
887 167 13904 | 158 297 432 | 176 237 474
887 1 55 | 77 315 495 | 95 165 627
887 103 5236 | 68 357 462 | 77 198 612
887 31 1505 | 70 215 602 | 77 165 645
887 1028 43605 | 68 135 684 | 54 323 510
887 589 23868 | 54 221 612 | 68 117 702
887 2 69 | 46 174 667 | 42 299 546
887 77 2220 | 42 105 740 | 36 185 666
888 1 90 | 216 240 432 | 185 333 370
888 193 17160 | 195 264 429 | 208 240 440
888 37 3120 | 180 240 468 | 160 312 416
888 193 14784 | 132 308 448 | 168 192 528
888 11 720 | 108 240 540 | 120 192 576
888 37 2280 | 120 160 608 | 90 342 456
888 37 1950 | 80 208 600 | 78 225 585
888 111 4760 | 68 140 680 | 56 272 560
888 43 1680 | 48 420 420 | 56 160 672
888 37 1440 | 48 360 480 | 72 96 720
888 43 1476 | 41 396 451 | 60 90 738
888 419 10920 | 30 312 546 | 52 56 780
888 37 780 | 24 240 624 | 30 78 780
888 79 1512 | 21 408 459 | 24 108 756
889 25 2244 | 200 264 425 | 187 306 396
889 889 59800 | 104 325 460 | 130 184 575
889 889 52785 | 115 153 621 | 85 345 459
889 7 360 | 70 315 504 | 69 360 460
889 85 4312 | 77 196 616 | 70 280 539
889 1 39 | 48 377 464 | 49 294 546
889 19 720 | 65 104 720 | 48 261 580
889 148 5187 | 42 418 429 | 57 104 728
889 7 240 | 52 117 720 | 48 145 696
889 83 1092 | 14 420 455 | 18 52 819
889 41 539 | 22 34 833 | 14 385 490
890 137 12870 | 234 260 396 | 225 275 390
890 41 3600 | 175 315 400 | 200 240 450
890 43 3080 | 140 200 550 | 154 176 560
890 43 2520 | 90 240 560 | 120 140 630
890 1 40 | 57 168 665 | 80 90 720
890 319 11172 | 42 392 456 | 60 95 735
890 107 3600 | 50 120 720 | 40 400 450
890 2809 57960 | 23 315 552 | 40 45 805
891 59 5544 | 216 297 378 | 231 264 396
891 1 91 | 231 231 429 | 189 351 351
891 19 1680 | 176 330 385 | 189 270 432
891 5 399 | 189 189 513 | 150 266 475
891 3 208 | 108 351 432 | 143 176 572
891 31 1560 | 88 143 660 | 72 234 585
891 227 10920 | 65 280 546 | 63 360 468
891 67 2640 | 72 99 720 | 55 176 660
891 37 792 | 24 306 561 | 33 66 792
892 223 20790 | 216 280 396 | 210 297 385
892 5 456 | 190 342 360 | 192 320 380
892 41 3672 | 187 297 408 | 216 234 442
892 145 12376 | 170 280 442 | 208 208 476
892 31 2380 | 170 190 532 | 136 280 476
892 29 2040 | 152 170 570 | 110 374 408
892 223 15180 | 110 276 506 | 120 220 552
892 211 13090 | 110 187 595 | 136 140 616
892 241 14508 | 117 155 620 | 124 144 624
892 37 1540 | 52 385 455 | 56 220 616
892 17 630 | 45 385 462 | 60 112 720
892 23 846 | 47 234 611 | 45 330 517
892 103 3060 | 45 99 748 | 38 170 684
892 241 5400 | 25 408 459 | 26 216 650
892 223 3276 | 16 252 624 | 21 52 819
892 223 1716 | 8 312 572 | 12 22 858
893 61 5985 | 255 315 323 | 266 285 342
893 19 1820 | 247 266 380 | 230 299 364
893 347 28980 | 180 230 483 | 196 207 490
893 1 60 | 94 235 564 | 95 228 570
893 209 9100 | 56 312 525 | 63 180 650
893 103 4004 | 77 88 728 | 52 203 638
893 97 3696 | 56 144 693 | 48 273 572
893 43 1560 | 52 145 696 | 60 105 728
893 242 5425 | 26 217 650 | 25 434 434
893 193 4004 | 23 364 506 | 26 119 748
893 61 1008 | 26 48 819 | 18 315 560
894 23 1872 | 144 360 390 | 182 208 504
894 31 2520 | 168 231 495 | 180 210 504 | 144 350 400
894 337 26520 | 170 204 520 | 135 351 408
894 67 5040 | 144 225 525 | 126 320 448
894 437 32760 | 140 234 520 | 168 180 546
894 97 6930 | 162 165 567 | 126 240 528
894 73 5160 | 152 172 570 | 120 258 516
894 31 2184 | 154 168 572 | 117 273 504
894 17 1008 | 84 378 432 | 120 144 630
894 409 17550 | 75 117 702 | 54 390 450
894 353 9240 | 40 84 770 | 30 336 528
894 1 24 | 30 144 720 | 27 408 459
895 86 4095 | 70 195 630 | 63 312 520
895 22 1035 | 63 280 552 | 90 115 690
895 431 17325 | 50 350 495 | 63 132 700
895 47 660 | 15 440 440 | 20 50 825
896 1 96 | 224 336 336 | 256 256 384
896 97 9240 | 231 280 385 | 220 312 364
896 7 660 | 225 275 396 | 220 286 390
896 79 6720 | 168 280 448 | 192 224 480
896 11 784 | 112 392 392 | 140 196 560
896 73 5040 | 112 280 504 | 126 210 560
896 7 440 | 140 140 616 | 104 220 572
896 367 22932 | 91 364 441 | 98 252 546
896 1 60 | 98 210 588 | 126 140 630
896 143 8428 | 86 294 516 | 98 196 602
896 439 8190 | 21 225 650 | 35 42 819
897 11 1092 | 273 312 312 | 276 299 322
897 1027 93744 | 217 248 432 | 189 336 372
897 167 15015 | 195 273 429 | 182 330 385
897 3 260 | 195 234 468 | 182 260 455
897 17 1449 | 207 207 483 | 161 322 414
897 111 8855 | 143 299 455 | 161 230 506
897 11 840 | 168 189 540 | 130 312 455
897 1 72 | 162 168 567 | 138 207 552 | 117 312 468
897 4 195 | 65 312 520 | 69 230 598
897 127 5544 | 56 319 522 | 72 132 693
897 13 525 | 50 385 462 | 57 175 665
897 109 4200 | 50 231 616 | 54 168 675
897 1391 49980 | 49 168 680 | 60 102 735
897 39 1400 | 56 116 725 | 45 252 600
897 1 33 | 39 429 429 | 69 69 759
897 67 2184 | 56 87 754 | 39 312 546
897 1913 58905 | 36 385 476 | 55 77 765
897 65 1848 | 36 168 693 | 33 336 528
897 31 780 | 30 204 663 | 39 78 780
897 53 1320 | 45 60 792 | 30 187 680
897 13 261 | 27 87 783 | 23 207 667
898 241 18018 | 130 273 495 | 154 198 546
898 67 1380 | 24 184 690 | 23 300 575
898 613 12090 | 24 130 744 | 30 62 806
899 1 99 | 279 279 341 | 261 319 319
899 1 80 | 145 290 464 | 155 248 496
899 713 52360 | 119 340 440 | 168 170 561
899 5 348 | 116 261 522 | 145 174 580
899 211 13464 | 104 234 561 | 99 272 528
899 1 24 | 29 174 696 | 31 124 744
900 3 280 | 200 350 350 | 240 240 420 | 224 260 416
900 1 90 | 225 225 450 | 180 360 360
900 3 250 | 150 375 375 | 200 200 500
900 97 7920 | 144 360 396 | 165 240 495
900 43 3360 | 140 280 480 | 156 224 520
900 191 14820 | 152 228 520 | 130 380 390
900 13 990 | 135 270 495 | 132 288 480
900 61 4590 | 135 255 510 | 126 315 459
900 3 220 | 125 275 500 | 132 240 528
900 73 5250 | 120 280 500 | 125 250 525
900 31 2160 | 108 360 432 | 120 240 540
900 3 200 | 100 400 400 | 150 150 600
900 19 1260 | 100 350 450 | 108 252 540
900 1 60 | 100 200 600 | 90 270 540
900 311 17820 | 120 132 648 | 81 324 495
900 3 140 | 60 420 420 | 100 100 700
900 47 1980 | 60 180 660 | 55 260 585
900 131 2400 | 20 400 480 | 25 75 800
901 25 1848 | 165 176 560 | 126 280 495 | 119 374 408
901 121 8925 | 165 175 561 | 119 357 425
901 47 2580 | 84 215 602 | 96 160 645
901 7 340 | 85 136 680 | 68 238 595
901 19 840 | 60 232 609 | 56 390 455
901 3151 138600 | 60 225 616 | 56 350 495
901 5 204 | 51 340 510 | 68 119 714
901 83 1820 | 30 91 780 | 26 175 700
902 1 90 | 198 264 440 | 180 342 380
902 89 7920 | 180 304 418 | 176 330 396
902 1 65 | 96 390 416 | 110 220 572
902 25 1386 | 77 330 495 | 88 198 616
902 31 1260 | 57 180 665 | 70 112 720
902 349 13923 | 52 238 612 | 72 102 728
902 1 30 | 35 357 510 | 38 180 684
902 109 3080 | 35 187 680 | 44 88 770
902 67 1610 | 28 230 644 | 35 85 782
902 1 20 | 22 440 440 | 41 41 820
903 23 2244 | 253 276 374 | 238 308 357
903 43 4080 | 240 255 408 | 210 336 357
903 17 1386 | 168 231 504 | 143 364 396
903 7 561 | 153 255 495 | 138 374 391
903 7 540 | 165 198 540 | 135 288 480
903 301 22200 | 148 200 555 | 120 333 450
903 301 21060 | 156 162 585 | 108 390 405
903 43 2604 | 93 252 558 | 98 217 588
903 43 2520 | 84 315 504 | 105 168 630
903 49 2640 | 99 144 660 | 75 300 528
903 1 48 | 63 336 504 | 86 129 688
903 43 1680 | 49 294 560 | 63 120 720
903 2573 89544 | 42 328 533 | 52 123 728
903 103 3465 | 42 231 630 | 45 165 693
903 141 3920 | 49 70 784 | 36 147 720
903 301 2820 | 12 45 846 | 10 188 705
904 179 16016 | 182 304 418 | 176 364 364
904 643 54340 | 190 220 494 | 156 330 418
904 1 84 | 154 330 420 | 182 228 494
904 269 22176 | 176 224 504 | 154 288 462
904 23 1820 | 160 224 520 | 182 190 532
904 341 19040 | 80 280 544 | 85 224 595
904 89 4284 | 70 204 630 | 63 348 493
904 107 4928 | 88 112 704 | 64 224 616
904 61 2520 | 72 112 720 | 63 145 696
904 5273 87780 | 20 114 770 | 33 35 836
904 101 1144 | 13 99 792 | 22 24 858
905 181 13640 | 155 200 550 | 124 341 440
905 1189 80325 | 135 175 595 | 102 378 425
905 13 840 | 105 240 560 | 100 280 525
905 181 11660 | 110 212 583 | 100 275 530
905 107 6160 | 99 176 630 | 80 385 440
905 17 832 | 65 320 520 | 64 377 464
905 7 300 | 55 300 550 | 60 195 650
905 181 2448 | 15 170 720 | 17 72 816
906 31 2970 | 216 330 360 | 220 308 378
906 151 14040 | 195 351 360 | 234 240 432
906 2117 145530 | 147 165 594 | 108 308 490
906 151 10260 | 108 285 513 | 120 216 570
906 1319 54264 | 51 399 456 | 56 204 646
906 773 30240 | 54 180 672 | 48 378 480
906 145 4788 | 56 90 760 | 39 399 468
906 29 624 | 24 336 546 | 39 51 816
906 151 2496 | 26 48 832 | 18 312 576
906 151 1440 | 10 320 576 | 15 27 864
907 19 1833 | 235 282 390 | 221 329 357
907 191 15912 | 182 221 504 | 153 312 442
907 907 69160 | 133 280 494 | 140 247 520
907 307 9880 | 40 221 646 | 52 95 760
907 13 360 | 55 60 792 | 40 102 765
907 11 240 | 40 51 816 | 32 75 800
908 181 16380 | 182 330 396 | 180 364 364
908 31 2772 | 176 336 396 | 180 308 420
908 5 364 | 154 182 572 | 140 208 560
908 367 25740 | 110 330 468 | 143 180 585
908 145 9828 | 132 182 594 | 108 280 520
908 3877 198900 | 75 221 612 | 68 390 450
908 139 6930 | 72 220 616 | 105 110 693
908 137 5200 | 48 260 600 | 50 208 650
908 3671 118560 | 52 96 760 | 38 390 480
908 787 21560 | 40 98 770 | 44 80 784
908 19 462 | 28 264 616 | 33 105 770
909 127 11475 | 225 225 459 | 187 297 425
909 61 5049 | 187 209 513 | 153 297 459
909 291 16744 | 84 273 552 | 104 161 644
909 713 36792 | 84 168 657 | 73 252 584
909 1429 69300 | 99 110 700 | 63 396 450
909 17 405 | 45 54 810 | 27 315 567
909 411 5005 | 21 30 858 | 13 280 616
909 113 1287 | 13 104 792 | 12 429 468
909 3 32 | 13 64 832 | 18 27 864
910 1 100 | 260 325 325 | 280 280 350
910 91 8976 | 264 272 374 | 240 330 340
910 7 646 | 190 340 380 | 221 247 442
910 13 1120 | 160 350 400 | 196 224 490
910 7 570 | 156 260 494 | 150 285 475
910 13 1050 | 140 350 420 | 175 210 525
910 23 1848 | 154 252 504 | 140 330 440
910 13 1026 | 133 378 399 | 180 190 540
910 1 78 | 130 390 390 | 182 182 546
910 7 480 | 150 160 600 | 104 390 416
910 13 882 | 105 315 490 | 126 196 588
910 3 200 | 100 360 450 | 105 280 525
910 181 11760 | 105 245 560 | 112 210 588
910 13 738 | 90 205 615 | 84 252 574
910 373 19110 | 70 294 546 | 78 195 637
910 13 630 | 70 210 630 | 63 385 462
910 91 4320 | 64 270 576 | 75 160 675
910 91 3960 | 80 110 720 | 55 360 495
910 49 2090 | 60 190 660 | 55 285 570
910 1 42 | 63 154 693 | 78 104 728
910 7 286 | 52 286 572 | 65 130 715
910 91 3690 | 82 90 738 | 50 410 450
910 91 3060 | 60 85 765 | 40 360 510
910 7 232 | 40 290 580 | 52 104 754
910 91 2944 | 40 230 640 | 46 128 736
910 1 30 | 52 78 780 | 35 350 525
910 91 2400 | 30 400 480 | 50 60 800
910 13 330 | 35 105 770 | 30 220 660
910 91 1980 | 25 225 660 | 30 88 792
911 1049 95095 | 182 330 399 | 209 247 455
911 29 2200 | 175 176 560 | 152 209 550
911 1733 123760 | 130 221 560 | 119 272 520
911 6683 422280 | 120 170 621 | 92 360 459
911 887 54600 | 91 300 520 | 112 175 624
911 137 8372 | 92 273 546 | 108 182 621
911 121 7280 | 91 260 560 | 105 182 624
911 719 18009 | 29 261 621 | 36 92 783
912 19 1848 | 224 336 352 | 252 264 396
912 3 286 | 208 352 352 | 247 247 418
912 121 10980 | 183 324 405 | 180 366 366
912 59 5208 | 168 372 372 | 186 264 462
912 19 1620 | 162 300 450 | 156 351 405
912 9 728 | 152 266 494 | 156 252 504
912 979 76440 | 130 390 392 | 147 245 520
912 57 4420 | 160 208 544 | 130 340 442
912 1 72 | 144 192 576 | 114 342 456
912 47 2880 | 128 144 640 | 96 240 576
912 23 1320 | 80 352 480 | 120 132 660
912 99 5320 | 95 152 665 | 80 224 608
912 19 1008 | 72 336 504 | 96 144 672
912 17 840 | 72 210 630 | 80 160 672
912 57 2800 | 100 112 700 | 64 400 448
912 19 792 | 64 144 704 | 54 264 594
912 1103 37800 | 42 270 600 | 56 100 756
912 5881 180180 | 39 180 693 | 36 330 546
912 19 528 | 32 352 528 | 48 72 792
912 7 180 | 32 160 720 | 30 252 630
912 263 6480 | 48 54 810 | 28 324 560
912 857 16380 | 28 65 819 | 21 351 540
913 221 20900 | 220 275 418 | 209 304 400
913 148 10395 | 154 165 594 | 108 385 420
913 1013 67320 | 136 165 612 | 99 374 440
913 29 1872 | 99 286 528 | 136 153 624
913 26 1463 | 77 418 418 | 88 209 616
913 5 264 | 72 319 522 | 88 165 660
913 113 5544 | 88 132 693 | 72 203 638
913 31 1428 | 63 238 612 | 68 182 663
913 211 8568 | 63 136 714 | 68 117 728
913 673 20520 | 38 200 675 | 45 108 760
913 109 1615 | 25 38 850 | 17 136 760
913 47 575 | 13 325 575 | 17 46 850
914 73 6930 | 210 308 396 | 207 322 385
914 19 1680 | 210 224 480 | 170 336 408
914 457 36890 | 170 217 527 | 140 340 434
914 521 41760 | 144 290 480 | 160 232 522
914 463 36432 | 132 368 414 | 144 264 506
914 1 64 | 104 234 576 | 114 192 608
914 787 43890 | 77 342 495 | 76 418 420
914 487 17600 | 50 160 704 | 44 320 550
914 745 25704 | 45 189 680 | 56 102 756
914 7 188 | 32 224 658 | 47 68 799
914 457 9900 | 24 440 450 | 44 45 825
915 1297 110880 | 165 288 462 | 160 315 440
915 61 5100 | 150 340 425 | 180 225 510
915 163 13020 | 140 310 465 | 186 189 540
915 22 1755 | 135 390 390 | 180 195 540
915 19 1512 | 175 200 540 | 135 360 420
915 433 31395 | 115 345 455 | 117 315 483
915 61 4200 | 105 360 450 | 140 175 600
915 443 27720 | 120 165 630 | 90 385 440
915 29 1575 | 75 315 525 | 105 135 675
915 111 5525 | 65 425 425 | 68 275 572
915 11 432 | 48 408 459 | 60 135 720
915 61 2223 | 57 117 741 | 45 285 585
915 317 9555 | 40 147 728 | 35 390 490
915 61 1320 | 40 50 825 | 24 396 495
916 229 20520 | 180 304 432 | 190 270 456
916 167 13580 | 140 388 388 | 190 194 532
916 229 18480 | 140 336 440 | 168 220 528
916 11 864 | 132 352 432 | 160 216 540
916 229 14014 | 91 286 539 | 104 196 616
916 115 6384 | 84 224 608 | 80 266 570
916 721 33550 | 70 175 671 | 61 305 550
916 61 2002 | 40 260 616 | 55 91 770
916 229 6240 | 32 260 624 | 40 96 780
916 529 13860 | 40 84 792 | 36 110 770
916 229 3180 | 20 48 848 | 15 265 636
916 25 328 | 14 328 574 | 16 80 820
917 3 260 | 195 228 494 | 165 312 440
917 107 5544 | 72 273 572 | 112 112 693
917 1 35 | 70 77 770 | 42 350 525
917 3 56 | 26 72 819 | 35 42 840 | 21 224 672
917 196 3575 | 26 66 825 | 20 325 572
918 3 304 | 272 323 323 | 288 288 342
918 263 24360 | 192 320 406 | 203 280 435
918 13 1134 | 189 243 486 | 162 378 378
918 3 224 | 136 238 544 | 126 288 504
918 1 68 | 153 153 612 | 102 408 408
918 5 312 | 112 182 624 | 90 360 468
918 41 2310 | 77 406 435 | 90 198 630
918 3 154 | 77 203 638 | 99 126 693 | 68 374 476
918 19 880 | 99 99 720 | 60 330 528
918 211 9360 | 78 120 720 | 60 234 624
918 271 11970 | 63 190 665 | 60 228 630
918 29 882 | 36 294 588 | 38 196 684
918 43 1254 | 36 198 684 | 34 323 561
918 301 7920 | 36 112 770 | 30 360 528
918 3 50 | 34 34 850 | 18 450 450
919 1 39 | 52 204 663 | 78 87 754
919 71 2340 | 52 102 765 | 39 360 520
919 139 4576 | 44 160 715 | 39 352 528
919 71 2145 | 39 165 715 | 35 429 455
919 8321 170775 | 23 275 621 | 25 135 759
919 919 7956 | 17 18 884 | 9 442 468
920 7 660 | 198 342 380 | 240 240 440
920 1 92 | 230 230 460 | 184 368 368
920 73 6660 | 185 315 420 | 180 370 370
920 1 84 | 150 350 420 | 160 280 480 | 161 276 483
920 169 13968 | 194 198 528 | 144 388 388
920 169 13860 | 190 198 532 | 144 336 440
920 19 1496 | 170 200 550 | 136 308 476
920 53 3960 | 152 198 570 | 120 360 440
920 1 70 | 110 315 495 | 120 240 560
920 19 1100 | 80 400 440 | 110 150 660
920 1 56 | 92 184 644 | 80 280 560
920 11 600 | 80 240 600 | 75 325 520
920 353 18480 | 84 176 660 | 88 160 672
920 1039 51480 | 70 234 616 | 65 360 495
920 1 38 | 80 80 760 | 46 437 437
921 307 23100 | 140 231 550 | 126 300 495
921 31 1680 | 80 232 609 | 76 285 560
921 121 6216 | 70 296 555 | 74 231 616
921 79 3960 | 88 140 693 | 66 360 495
921 489 23800 | 63 408 450 | 85 136 700
921 307 9435 | 45 111 765 | 37 255 629
921 5 111 | 25 296 600 | 33 74 814
921 907 15675 | 19 275 627 | 25 60 836
921 11843 166320 | 16 135 770 | 15 378 528
922 163 11550 | 154 168 600 | 110 350 462
922 131 7392 | 110 140 672 | 77 416 429
922 17 924 | 96 154 672 | 77 273 572
922 29 1232 | 64 154 704 | 55 272 595
922 59 1800 | 55 75 792 | 38 200 684
923 41 3795 | 195 299 429 | 187 345 391
923 17 1365 | 140 315 468 | 182 195 546
923 79 6188 | 156 221 546 | 140 273 510
923 109 7007 | 98 286 539 | 143 143 637
923 697 34580 | 65 364 494 | 76 182 665
923 59 2860 | 104 104 715 | 65 286 572
923 13 560 | 56 272 595 | 55 308 560
923 61 2425 | 50 291 582 | 54 194 675
923 13 504 | 48 315 560 | 56 153 714
923 17 616 | 56 119 748 | 52 143 728
923 117 3040 | 32 171 720 | 30 285 608
923 1469 13860 | 10 220 693 | 11 72 840
924 13 1260 | 252 252 420 | 220 308 396
924 7 660 | 198 330 396 | 220 264 440
924 3 272 | 224 224 476 | 176 374 374
924 49 4290 | 195 234 495 | 165 330 429
924 83 7140 | 168 280 476 | 204 210 510
924 1 84 | 154 308 462 | 168 252 504
924 67 5460 | 189 195 540 | 140 364 420
924 7 540 | 126 378 420 | 144 240 540 | 132 297 495
924 37 2520 | 105 315 504 | 112 252 560
924 7 468 | 99 396 429 | 144 156 624
924 7 450 | 99 275 550 | 108 216 600
924 287 17940 | 92 312 520 | 108 195 621
924 1 60 | 132 132 660 | 84 420 420
924 37 1470 | 63 126 735 | 49 350 525
924 3 110 | 44 440 440 | 77 77 770
924 479 17556 | 44 418 462 | 57 119 748
924 17 588 | 42 294 588 | 49 140 735
924 7 198 | 33 297 594 | 44 88 792
924 1 24 | 33 99 792 | 28 224 672
924 7 150 | 24 300 600 | 33 66 825
925 43 3960 | 184 345 396 | 200 275 450
925 47 4275 | 225 225 475 | 190 285 450
925 37 2760 | 120 345 460 | 150 200 575
925 13 720 | 80 260 585 | 75 400 450
925 1349 69300 | 75 220 630 | 99 126 700
925 307 12760 | 55 232 638 | 58 187 680
925 37 1500 | 50 375 500 | 75 100 750
925 1709 58905 | 55 105 765 | 45 187 693
926 5 483 | 230 276 420 | 224 288 414
926 751 70200 | 216 260 450 | 200 297 429
926 19 1760 | 224 240 462 | 198 288 440
926 457 36432 | 144 276 506 | 176 198 552
926 59 4290 | 143 198 585 | 120 286 520
926 173 11088 | 112 198 616 | 120 176 630
926 463 12432 | 32 222 672 | 37 112 777
926 9 238 | 30 420 476 | 35 126 765
926 463 11970 | 30 266 630 | 38 90 798
926 463 9660 | 40 46 840 | 23 420 483
926 463 6888 | 16 336 574 | 24 41 861
927 3 280 | 195 312 420 | 189 360 378
927 53 3384 | 99 264 564 | 94 329 504
927 103 6480 | 90 405 432 | 135 144 648
927 191 10800 | 80 297 550 | 108 144 675
927 887 47124 | 77 238 612 | 102 132 693
927 1 36 | 45 252 630 | 60 102 765
928 5 504 | 252 312 364 | 270 280 378
928 11 1008 | 203 261 464 | 192 288 448 | 208 252 468
928 73 6384 | 161 368 399 | 168 304 456
928 13 1120 | 168 280 480 | 160 320 448
928 19 1440 | 144 224 560 | 160 192 576
928 11 812 | 145 203 580 | 116 406 406
928 277 12240 | 70 144 714 | 72 136 720
928 1 28 | 32 448 448 | 58 58 812
929 353 35112 | 264 266 399 | 240 304 385
929 2 175 | 200 225 504 | 161 368 400
929 4 231 | 84 273 572 | 88 232 609
929 557 21573 | 54 170 705 | 47 423 459
929 31 936 | 45 104 780 | 35 390 504
929 37 1053 | 54 65 810 | 33 324 572
930 31 3024 | 216 336 378 | 240 270 420
930 17 1560 | 195 280 455 | 180 360 390
930 1 90 | 186 279 465 | 180 300 450
930 233 20592 | 195 240 495 | 176 286 468
930 23 1950 | 150 390 390 | 195 210 525
930 149 12600 | 150 360 420 | 189 216 525
930 82 6435 | 130 360 440 | 132 330 468
930 523 40950 | 130 350 450 | 150 234 546
930 109 8442 | 126 402 402 | 162 201 567
930 1 72 | 120 270 540 | 124 248 558 | 150 180 600
930 31 2100 | 105 300 525 | 120 210 600
930 31 1950 | 130 150 650 | 90 390 450
930 31 1800 | 80 400 450 | 120 135 675
930 1 48 | 90 120 720 | 62 372 496
930 107 5040 | 84 126 720 | 63 272 595
930 197 8778 | 66 171 693 | 56 418 456
930 53 2310 | 55 350 525 | 60 210 660
930 31 1320 | 55 275 600 | 66 144 720
930 293 11880 | 55 200 675 | 54 216 660
930 17 630 | 50 180 700 | 63 102 765
930 137 3900 | 35 195 700 | 33 325 572
930 93 2296 | 28 328 574 | 40 70 820
931 7 720 | 285 304 342 | 280 315 336
931 133 12480 | 195 320 416 | 210 273 448
931 133 11880 | 168 378 385 | 216 220 495
931 133 9775 | 115 391 425 | 161 175 595
931 59 4329 | 117 333 481 | 126 259 546
931 1 60 | 90 261 580 | 84 385 462
931 1 56 | 84 231 616 | 76 399 456
931 1 40 | 76 95 760 | 49 392 490 | 56 175 700
931 133 4015 | 35 385 511 | 55 73 803
931 137 3995 | 47 85 799 | 35 238 658
931 7 172 | 28 301 602 | 38 76 817
931 931 19500 | 25 156 750 | 26 125 780
931 19 360 | 28 63 840 | 21 280 630
931 7 117 | 19 171 741 | 21 91 819
931 931 13920 | 16 435 480 | 29 32 870
932 13 1260 | 210 342 380 | 224 288 420
932 3 280 | 192 320 420 | 210 266 456
932 907 80784 | 176 297 459 | 170 330 432
932 157 11124 | 108 412 412 | 132 206 594
932 239 12958 | 95 155 682 | 77 266 589
932 139 7140 | 76 210 646 | 68 360 504
932 191 9100 | 100 104 728 | 91 116 725
932 1 42 | 57 210 665 | 87 91 754
932 703 29120 | 52 320 560 | 64 140 728
932 29 1188 | 52 286 594 | 77 99 756
932 41 1260 | 36 336 560 | 38 210 684
932 109 3168 | 36 192 704 | 44 96 792
933 11 855 | 165 198 570 | 135 285 513
933 103 7920 | 165 192 576 | 135 270 528
933 109 7980 | 132 231 570 | 114 399 420
933 521 35100 | 100 378 455 | 117 216 600
933 37 2346 | 92 348 493 | 108 204 621
933 551 30600 | 100 153 680 | 75 408 450
933 5 276 | 108 135 690 | 92 174 667
933 44 2415 | 105 138 690 | 85 204 644
933 361 19188 | 72 328 533 | 108 123 702
933 47 2376 | 88 143 702 | 66 408 459
933 59 2772 | 88 117 728 | 72 168 693
933 2159 72072 | 63 78 792 | 40 308 585
933 1129 37485 | 45 153 735 | 49 119 765
933 251 7308 | 58 63 812 | 42 108 783
933 19 528 | 33 240 660 | 51 66 816
933 991 20700 | 30 75 828 | 23 450 460
934 11 936 | 180 234 520 | 198 208 528
934 1091 87360 | 135 351 448 | 182 192 560
934 1879 125400 | 114 220 600 | 99 360 475
934 181 7854 | 66 154 714 | 84 102 748
934 62 1995 | 60 76 798 | 38 336 560
935 23 2200 | 220 275 440 | 200 350 385
935 1 84 | 153 306 476 | 176 231 528
935 8 595 | 119 340 476 | 170 170 595
935 359 25740 | 130 220 585 | 110 396 429
935 16 1071 | 119 204 612 | 99 374 462
935 41 2565 | 95 270 570 | 90 351 494
935 29 1800 | 105 200 630 | 90 325 520
935 1 60 | 90 260 585 | 110 165 660 | 85 340 510
935 137 7920 | 99 176 660 | 80 360 495
935 313 15444 | 65 330 540 | 66 297 572
935 4 165 | 51 374 510 | 55 220 660
935 61 2448 | 80 90 765 | 51 272 612
935 1 39 | 51 221 663 | 55 165 715
935 1 36 | 65 90 780 | 44 297 594
935 1 35 | 55 110 770 | 44 231 660
935 2777 88920 | 45 130 760 | 38 312 585
935 257 5775 | 25 385 525 | 33 77 825
936 3 308 | 264 336 336 | 286 286 364
936 15 1456 | 208 364 364 | 210 336 390
936 1 96 | 216 288 432 | 208 312 416
936 871 83160 | 216 280 440 | 198 360 378
936 39 3520 | 176 320 440 | 192 264 480
936 17 1512 | 168 336 432 | 216 216 504
936 29 2520 | 180 252 504 | 168 288 480
936 3 260 | 208 208 520 | 156 390 390
936 13 1080 | 144 360 432 | 180 216 540
936 39 3040 | 135 288 513 | 152 224 560
936 13 1008 | 168 192 576 | 126 378 432
936 17 1260 | 126 270 540 | 117 364 455
936 79 5544 | 126 216 594 | 144 176 616
936 3 208 | 156 156 624 | 104 416 416
936 95 6552 | 104 364 468 | 144 168 624
936 11 720 | 96 360 480 | 117 195 624
936 13 828 | 96 288 552 | 108 207 621
936 169 10080 | 96 210 630 | 120 144 672
936 1 56 | 96 168 672 | 78 312 546
936 1 54 | 72 432 432 | 117 117 702
936 39 2050 | 80 200 656 | 75 246 615
936 7 260 | 78 78 780 | 45 351 540
936 19 690 | 69 85 782 | 45 270 621
936 39 1280 | 48 120 768 | 40 256 640
936 13 420 | 45 135 756 | 40 224 672
936 3 70 | 26 455 455 | 48 48 840
936 39 440 | 12 264 660 | 16 40 880
937 23 1440 | 96 261 580 | 90 352 495
937 2 105 | 90 154 693 | 70 357 510
937 5 252 | 70 255 612 | 105 112 720
937 241 11592 | 63 322 552 | 92 117 728
937 1459 65835 | 57 385 495 | 63 209 665
937 2209 97240 | 85 104 748 | 55 440 442
937 8 315 | 70 102 765 | 77 90 770
937 2281 67320 | 34 408 495 | 40 132 765
938 5 504 | 238 340 360 | 252 294 392
938 67 6270 | 190 330 418 | 210 266 462
938 1 90 | 196 252 490 | 170 360 408
938 1 88 | 168 308 462 | 209 216 513
938 67 5390 | 154 245 539 | 140 308 490
938 571 40040 | 140 182 616 | 110 308 520
938 37 2520 | 102 360 476 | 140 168 630
938 469 29172 | 132 143 663 | 88 408 442
938 469 27900 | 93 225 620 | 90 248 600
938 469 26520 | 102 156 680 | 78 340 520
938 469 23760 | 66 432 440 | 108 110 720
938 73 3570 | 63 425 450 | 84 140 714
938 343 14960 | 80 110 748 | 64 170 704
938 469 18240 | 48 320 570 | 64 114 760
938 469 5772 | 13 444 481 | 24 26 888
939 23 2160 | 195 312 432 | 189 350 400
939 16 1365 | 156 315 468 | 154 330 455
939 313 20592 | 117 198 624 | 99 312 528
939 151 9660 | 108 210 621 | 92 385 462
939 313 19680 | 123 160 656 | 90 369 480
939 47 2520 | 72 357 510 | 81 210 648
939 313 15120 | 84 135 720 | 63 336 540
939 667 29640 | 57 312 570 | 78 120 741
939 1229 53295 | 55 323 561 | 57 255 627
939 197 3780 | 21 378 540 | 27 72 840
939 313 2352 | 9 48 882 | 8 147 784
940 17 1680 | 240 280 420 | 225 315 400
940 1 94 | 235 235 470 | 188 376 376
940 37 3420 | 180 380 380 | 190 300 450
940 23 1820 | 130 390 420 | 140 280 520
940 293 22880 | 130 330 480 | 160 208 572
940 1 66 | 99 319 522 | 104 264 572
940 19 1200 | 90 400 450 | 100 240 600
940 11 684 | 88 396 456 | 95 260 585
940 121 7140 | 120 140 680 | 90 238 612
940 17 930 | 80 240 620 | 93 165 682
940 6221 322920 | 72 270 598 | 69 351 520
940 143 7412 | 68 436 436 | 76 218 646
940 5 234 | 65 225 650 | 60 360 520
940 49 2280 | 95 104 741 | 76 144 720
940 41 1820 | 65 175 700 | 56 364 520
940 61 2584 | 85 95 760 | 56 238 646
940 5507 221760 | 56 180 704 | 55 192 693
940 31 1140 | 65 95 780 | 44 440 456
940 193 4620 | 30 140 770 | 44 56 840
940 179 2640 | 16 264 660 | 30 30 880
941 163 15015 | 189 297 455 | 182 330 429
941 1073 68068 | 104 221 616 | 91 374 476
941 13 480 | 65 96 780 | 45 320 576
942 11 1080 | 240 270 432 | 216 330 396
942 97 9240 | 220 266 456 | 240 240 462
942 317 30030 | 198 315 429 | 220 260 462
942 1259 90090 | 126 231 585 | 110 364 468
942 97 6510 | 126 186 630 | 105 279 558
942 2789 176358 | 114 182 646 | 91 357 494
942 2461 148512 | 84 416 442 | 117 153 672
942 503 30240 | 84 378 480 | 96 216 630
942 311 18480 | 110 160 672 | 84 330 528
942 19 1050 | 75 357 510 | 110 132 700
942 703 38610 | 110 130 702 | 78 270 594
942 269 13860 | 110 112 720 | 84 165 693
942 1289 65688 | 92 136 714 | 68 322 552
942 23 1080 | 60 378 504 | 66 216 660
942 157 6480 | 54 240 648 | 60 162 720
942 157 6324 | 62 136 744 | 51 279 612
942 157 5544 | 42 396 504 | 66 84 792
942 211 5712 | 42 84 816 | 32 238 672
942 157 4140 | 45 69 828 | 30 360 552
942 157 3360 | 24 288 630 | 32 70 840
942 1249 26520 | 26 136 780 | 24 255 663
943 1 88 | 184 253 506 | 164 328 451
943 361 31248 | 168 279 496 | 198 217 528
943 169 13167 | 133 297 513 | 126 399 418
943 1 75 | 138 230 575 | 168 175 600
943 71 3465 | 75 175 693 | 63 385 495
943 59 2772 | 70 180 693 | 63 264 616
943 17 736 | 88 96 759 | 69 138 736
943 1483 62244 | 63 152 728 | 52 378 513
943 229 8740 | 46 437 460 | 76 85 782
943 4 145 | 44 319 580 | 46 230 667
943 569 9975 | 25 63 855 | 19 399 525
944 19 1276 | 132 174 638 | 99 377 468
944 541 33110 | 99 215 630 | 86 385 473
944 71 3520 | 80 160 704 | 64 440 440
944 1 44 | 59 236 649 | 77 119 748 | 64 176 704
945 7 648 | 216 243 486 | 180 360 405
945 3 275 | 175 385 385 | 225 225 495
945 23 2100 | 175 350 420 | 180 315 450
945 7 612 | 180 255 510 | 162 324 459
945 1 81 | 135 405 405 | 189 189 567
945 21 1600 | 125 320 500 | 144 225 576
945 7 520 | 117 360 468 | 150 195 600
945 157 10920 | 104 406 435 | 112 273 560
945 13 900 | 140 175 630 | 120 225 600
945 7 440 | 120 165 660 | 90 360 495
945 7 380 | 90 171 684 | 75 300 570
945 101 5355 | 70 425 450 | 105 126 714
945 119 6240 | 69 416 460 | 72 288 585
945 97 5040 | 70 315 560 | 105 120 720
945 7 351 | 75 195 675 | 81 162 702
945 1 49 | 63 441 441 | 105 105 735
945 3 140 | 63 252 630 | 70 175 700
945 2 75 | 45 450 450 | 65 100 780
945 719 24255 | 45 165 735 | 49 126 770
945 3 91 | 63 63 819 | 35 455 455
945 21 176 | 10 55 880 | 9 144 792
946 43 4200 | 210 336 400 | 231 275 440
946 1 96 | 224 266 456 | 198 352 396
946 71 6630 | 210 260 476 | 187 330 429
946 13 1120 | 154 352 440 | 190 224 532
946 751 60060 | 147 260 539 | 132 385 429
946 3 238 | 136 306 504 | 154 231 561
946 1 78 | 140 260 546 | 171 190 585
946 5 378 | 154 198 594 | 130 270 546
946 59 3990 | 105 290 551 | 126 190 630
946 89 5544 | 88 396 462 | 99 231 616
946 43 2640 | 110 176 660 | 88 330 528
946 73 4420 | 91 260 595 | 130 136 680
946 709 42840 | 85 357 504 | 126 140 680
946 2083 117810 | 77 374 495 | 85 231 630
946 73 3808 | 96 136 714 | 76 224 646
946 43 2178 | 66 396 484 | 99 121 726
946 113 5720 | 70 260 616 | 88 143 715
946 197 8360 | 55 264 627 | 76 110 760
946 37 1540 | 55 231 660 | 88 88 770
946 1 36 | 43 387 516 | 66 88 792
946 43 1170 | 36 130 780 | 33 198 715
946 134 1989 | 26 36 884 | 16 306 624
947 31 3045 | 232 280 435 | 245 261 441
947 107 7200 | 114 225 608 | 100 352 495
947 53 2871 | 72 435 440 | 77 261 609
947 1501 72072 | 63 312 572 | 72 182 693
947 73 3080 | 52 440 455 | 56 231 660
947 109 4488 | 51 352 544 | 72 110 765
947 275 7497 | 35 147 765 | 51 63 833
948 125 12012 | 220 273 455 | 234 252 462
948 71 6720 | 192 336 420 | 200 300 448
948 79 7392 | 192 308 448 | 198 288 462
948 79 7182 | 171 378 399 | 216 228 504
948 1 90 | 168 360 420 | 180 288 480
948 159 13832 | 208 208 532 | 171 273 504
948 79 6552 | 168 234 546 | 144 336 468
948 31 2340 | 120 360 468 | 143 220 585
948 13 924 | 108 378 462 | 112 308 528
948 33 2240 | 100 400 448 | 126 192 630
948 73 4620 | 120 168 660 | 90 396 462
948 23 1344 | 80 420 448 | 84 288 576
948 97 5256 | 81 219 648 | 72 438 438
948 383 18564 | 84 136 728 | 78 156 714
948 47 2220 | 66 222 660 | 60 444 444
948 237 10450 | 55 418 475 | 88 100 760
948 43 1296 | 48 90 810 | 51 81 816
948 79 1932 | 28 276 644 | 36 84 828
948 21 460 | 30 90 828 | 28 115 805
948 79 1302 | 24 56 868 | 18 279 651
948 237 2860 | 16 52 880 | 13 220 715
949 1 99 | 220 324 405 | 234 286 429
949 13 1260 | 234 260 455 | 207 322 420
949 113 8820 | 144 245 560 | 171 190 588
949 3 220 | 135 220 594 | 165 168 616
949 8 585 | 130 234 585 | 117 312 520
949 7 495 | 154 165 630 | 117 260 572
949 949 61180 | 95 322 532 | 115 190 644
949 5 308 | 91 286 572 | 99 220 630
949 19 1080 | 78 351 520 | 108 145 696
949 409 23205 | 85 234 630 | 91 195 663
949 119 6435 | 91 165 693 | 117 117 715
949 73 3640 | 91 130 728 | 65 364 520
949 26 1265 | 69 220 660 | 65 286 598
949 359 15080 | 52 377 520 | 58 195 696
949 1897 76725 | 75 99 775 | 50 341 558
950 19 1950 | 260 300 390 | 250 325 375
950 31 2760 | 168 322 460 | 165 345 440
950 11 910 | 140 390 420 | 182 208 560
950 61 5040 | 140 378 432 | 180 210 560
950 1 70 | 114 266 570 | 140 180 630 | 105 390 455
950 1 68 | 152 152 646 | 100 425 425 | 117 221 612
950 1 66 | 100 300 550 | 114 209 627
950 10849 695520 | 92 378 480 | 105 224 621
950 61 3870 | 90 430 430 | 105 215 630
950 19 1050 | 100 150 700 | 75 350 525
950 323 16560 | 80 180 690 | 92 138 720
950 271 11050 | 50 390 510 | 54 221 675
950 19 770 | 70 110 770 | 50 350 550
950 1 32 | 50 100 800 | 38 304 608
950 29 910 | 40 182 728 | 38 247 665
950 199 5280 | 30 440 480 | 32 198 720
951 37 2700 | 135 216 600 | 132 225 594
951 47 2772 | 84 306 561 | 126 132 693
951 59 2484 | 54 276 621 | 69 126 756
951 62 1443 | 26 370 555 | 27 222 702
952 1 102 | 272 272 408 | 238 357 357
952 5 504 | 238 306 408 | 252 280 420
952 13 1176 | 196 252 504 | 168 392 392
952 127 10780 | 154 308 490 | 147 385 420
952 443 36036 | 182 198 572 | 154 252 546
952 1 72 | 112 336 504 | 136 204 612
952 1 70 | 105 385 462 | 112 280 560 | 119 238 595
952 43 2940 | 126 196 630 | 105 308 539
952 25 1596 | 105 220 627 | 98 266 588
952 1 52 | 112 112 728 | 68 442 442
952 31 1540 | 77 175 700 | 64 440 448
952 1 42 | 77 105 770 | 56 224 672
952 679 26520 | 68 104 780 | 51 221 680
952 73 2520 | 42 280 630 | 55 105 792
952 661 17472 | 32 192 728 | 42 78 832
952 7 184 | 34 136 782 | 32 184 736
952 101 2520 | 40 72 840 | 28 420 504
952 115 2772 | 27 385 540 | 28 231 693
953 1237 77805 | 117 171 665 | 95 273 585
953 107 2145 | 30 65 858 | 22 385 546
953 3881 60775 | 17 286 650 | 25 44 884
954 101 7254 | 117 279 558 | 144 186 624
954 3 212 | 106 424 424 | 159 159 636
954 349 20790 | 84 330 540 | 126 135 693
954 35 1872 | 72 336 546 | 104 130 720
954 2929 154440 | 72 297 585 | 78 216 660
954 7 360 | 90 144 720 | 72 252 630
954 5 216 | 72 126 756 | 54 360 540
954 353 9240 | 44 70 840 | 30 308 616
954 509 11970 | 30 126 798 | 42 57 855
955 1 105 | 280 315 360 | 275 330 350
955 53 4400 | 165 240 550 | 175 220 560
955 37 3016 | 145 290 520 | 136 377 442
955 22 1575 | 150 175 630 | 110 350 495
955 13 760 | 80 400 475 | 114 145 696
955 409 23800 | 119 136 700 | 100 175 680
955 1 55 | 75 330 550 | 110 130 715 | 88 187 680
956 181 17556 | 228 266 462 | 220 280 456
956 53 5040 | 224 252 480 | 208 280 468
956 157 14040 | 182 270 504 | 165 351 440
956 15 1232 | 144 308 504 | 165 231 560
956 499 36890 | 124 272 560 | 119 310 527
956 19 1190 | 136 140 680 | 95 266 595
956 131 7140 | 76 285 595 | 102 140 714
956 199 10010 | 88 140 728 | 65 429 462
956 191 5796 | 36 276 644 | 56 72 828
957 2 189 | 189 336 432 | 198 297 462
957 9 605 | 99 363 495 | 110 242 605
957 1 60 | 87 290 580 | 90 255 612 | 99 198 660
957 61 3465 | 77 385 495 | 99 165 693
957 205 11088 | 105 132 720 | 88 176 693
957 2 105 | 77 220 660 | 90 153 714
957 127 2964 | 27 228 702 | 26 399 532
958 307 22230 | 144 190 624 | 117 290 551
958 59 4158 | 110 308 540 | 126 216 616
958 1277 86450 | 133 175 650 | 100 364 494
958 17 1040 | 91 272 595 | 100 208 650
958 31 1638 | 104 126 728 | 91 153 714
958 431 20748 | 84 133 741 | 78 152 728
958 1097 48510 | 55 441 462 | 90 98 770
958 2741 120120 | 84 104 770 | 65 165 728
958 19 702 | 58 117 783 | 48 208 702
958 391 13860 | 56 110 792 | 45 220 693
958 103 3040 | 34 380 544 | 38 160 760
958 877 16720 | 22 176 760 | 38 40 880
958 85 1584 | 33 45 880 | 22 144 792
959 1123 85085 | 119 385 455 | 143 221 595
959 521 36400 | 104 400 455 | 112 275 572
959 77 4968 | 104 234 621 | 92 408 459
959 17 1008 | 112 154 693 | 84 315 560
959 1 49 | 84 140 735 | 63 392 504
960 37 3696 | 240 280 440 | 231 297 432
960 1 96 | 240 240 480 | 192 384 384
960 899 85800 | 195 325 440 | 198 312 450
960 11 840 | 120 420 420 | 150 210 600
960 73 5400 | 135 225 600 | 120 300 540
960 7 450 | 105 225 630 | 135 150 675
960 81 4862 | 85 325 550 | 99 198 663
960 3 176 | 80 440 440 | 128 128 704
960 691 38610 | 78 297 585 | 110 135 715
960 43 2340 | 75 300 585 | 78 252 630
960 49 2640 | 72 360 528 | 80 220 660
960 9 476 | 85 175 700 | 76 238 646
960 477 15400 | 40 220 700 | 63 72 825
961 5 504 | 248 279 434 | 225 336 400
961 109 10725 | 231 275 455 | 225 286 450
961 382 36477 | 189 386 386 | 193 336 432
961 83 7700 | 176 385 400 | 196 275 490
961 961 78936 | 156 253 552 | 143 312 506
961 5 372 | 155 186 620 | 124 279 558
961 1 70 | 124 217 620 | 120 232 609
961 5053 288288 | 91 198 672 | 77 416 468
961 11 600 | 116 120 725 | 76 285 600
961 961 14256 | 22 48 891 | 16 297 648
962 17 1680 | 240 266 456 | 208 364 390
962 23 1976 | 152 342 468 | 156 312 494
962 13 1110 | 148 370 444 | 185 222 555
962 481 38570 | 145 266 551 | 140 290 532
962 1 80 | 185 185 592 | 152 240 570 | 130 416 416
962 23 1710 | 130 247 585 | 126 266 570
962 481 34272 | 112 306 544 | 126 224 612
962 11 780 | 130 208 624 | 117 260 585
962 61 3990 | 126 171 665 | 95 357 510
962 101 5712 | 77 357 528 | 112 136 714
962 37 2070 | 78 299 585 | 92 180 690
962 13 720 | 110 132 720 | 80 252 630
962 13 616 | 60 440 462 | 66 224 672
962 223 10010 | 88 104 770 | 65 182 715
962 37 1560 | 78 104 780 | 52 390 520
962 1 42 | 52 364 546 | 74 111 777
962 169 6930 | 50 450 462 | 66 126 770
962 41 1617 | 72 98 792 | 66 112 784
962 37 1230 | 39 390 533 | 60 82 820
962 37 804 | 24 402 536 | 39 52 871
962 481 5472 | 12 342 608 | 18 32 912
963 181 11088 | 88 315 560 | 126 144 693
963 73 3960 | 72 396 495 | 99 144 720
963 29 1560 | 105 130 728 | 72 351 540
963 113 5544 | 72 198 693 | 63 396 504
963 89 3240 | 45 270 648 | 72 81 810
964 1 96 | 208 288 468 | 220 264 480
964 47 4410 | 196 288 480 | 180 392 392
964 19 1666 | 187 238 539 | 196 224 544
964 1739 150696 | 184 234 546 | 161 299 504
964 17 1440 | 156 288 520 | 180 224 560
964 311 26334 | 154 297 513 | 152 308 504
964 2131 170170 | 182 187 595 | 136 308 520
964 251 18720 | 160 180 624 | 117 352 495
964 313 22932 | 117 308 539 | 144 196 624
964 23 1440 | 112 180 672 | 88 396 480
964 53 2652 | 68 272 624 | 99 117 748
964 241 8820 | 49 180 735 | 48 196 720
964 241 8580 | 52 132 780 | 44 260 660
964 241 8100 | 40 324 600 | 54 100 810
964 241 7140 | 56 68 840 | 34 420 510
964 241 5220 | 36 58 870 | 24 360 580
964 241 3540 | 16 240 708 | 20 59 885
965 37 3080 | 140 385 440 | 165 240 560
965 7 550 | 165 200 600 | 132 308 525
965 157 11780 | 155 190 620 | 124 290 551
965 29 2128 | 120 285 560 | 133 224 608
965 1 72 | 120 260 585 | 110 360 495
965 193 11781 | 85 385 495 | 119 153 693
965 23 1260 | 90 175 700 | 117 120 728
965 193 7820 | 50 340 575 | 68 115 782
965 271 7140 | 30 340 595 | 40 85 840
965 193 3717 | 35 45 885 | 21 413 531
966 53 5460 | 273 273 420 | 240 336 390
966 17 1680 | 210 336 420 | 240 264 462
966 7 690 | 207 345 414 | 230 276 460
966 3 280 | 196 280 490 | 184 322 460 | 210 252 504
966 83 7560 | 216 225 525 | 168 378 420
966 709 63840 | 171 315 480 | 210 224 532
966 31 2730 | 156 390 420 | 210 210 546
966 47 3822 | 182 196 588 | 147 273 546
966 347 25200 | 112 350 504 | 126 240 600
966 35 2376 | 99 408 459 | 108 264 594
966 413 26520 | 130 156 680 | 102 240 624
966 383 23478 | 91 273 602 | 86 364 516
966 67 3960 | 105 168 693 | 99 187 680
966 3 160 | 115 115 736 | 70 448 448
966 83 4410 | 70 392 504 | 105 126 735
966 229 11550 | 66 350 550 | 75 198 693
966 131 6426 | 102 108 756 | 70 216 680
966 35 1584 | 64 198 704 | 66 180 720
966 61 2376 | 56 154 756 | 66 108 792
966 111 4186 | 70 91 805 | 46 322 598
967 257 20720 | 175 200 592 | 148 259 560
967 69 5200 | 117 400 450 | 168 175 624
967 967 61425 | 117 175 675 | 91 351 525
967 41 2520 | 120 154 693 | 126 145 696
967 2423 138600 | 77 440 450 | 99 168 700
967 113 6300 | 116 126 725 | 100 153 714
967 1286 65637 | 66 442 459 | 78 187 702
967 4651 77805 | 21 91 855 | 18 455 494
967 17 99 | 7 36 924 | 6 279 682
968 157 15840 | 220 352 396 | 240 288 440
968 17 1560 | 170 390 408 | 208 240 520
968 61 5148 | 143 396 429 | 198 198 572
968 683 54720 | 135 320 513 | 152 240 576
968 191 13860 | 140 198 630 | 110 396 462
968 41 2880 | 112 280 576 | 108 320 540
968 419 24640 | 80 440 448 | 110 154 704
968 5 286 | 110 143 715 | 77 429 462
968 233 13090 | 80 272 616 | 77 330 561
968 5 252 | 72 224 672 | 80 168 720
968 419 18088 | 56 266 646 | 68 140 760
968 421 16800 | 50 288 630 | 84 84 800
968 509 18700 | 44 374 550 | 50 170 748
968 617 17556 | 33 308 627 | 38 132 798
968 461 6900 | 16 400 552 | 23 45 900
968 1907 20020 | 14 44 910 | 11 385 572
969 1 105 | 255 357 357 | 285 285 399
969 13 1320 | 253 276 440 | 240 297 432
969 24 2431 | 221 374 374 | 234 306 429
969 1 99 | 234 273 462 | 209 342 418
969 29 2640 | 187 272 510 | 210 231 528
969 122 11055 | 165 402 402 | 201 240 528
969 29 2376 | 136 374 459 | 144 297 528
969 19 1485 | 132 297 540 | 150 225 594
969 47 3060 | 136 153 680 | 102 255 612
969 11 675 | 85 425 459 | 105 189 675
969 123 7315 | 105 171 693 | 95 209 665
969 59 3315 | 85 221 663 | 78 306 585
969 53 2847 | 73 312 584 | 78 234 657
969 2 105 | 85 170 714 | 76 228 665
969 95 4968 | 69 360 540 | 72 276 621
969 445 18564 | 70 119 780 | 51 442 476
970 127 12090 | 186 364 420 | 195 310 465
970 97 8928 | 180 310 480 | 186 288 496
970 1 88 | 200 220 550 | 160 330 480
970 97 8400 | 200 210 560 | 150 400 420
970 97 6552 | 105 280 585 | 112 234 624
970 401 26180 | 100 275 595 | 136 154 680
970 41 2530 | 115 165 690 | 88 330 552
970 37 2142 | 112 144 714 | 85 255 630
970 3 160 | 70 420 480 | 90 160 720
970 1541 61880 | 55 187 728 | 52 238 680
970 97 2856 | 35 255 680 | 42 112 816
970 3043 82368 | 32 234 704 | 39 99 832
970 97 2064 | 30 80 860 | 24 258 688
970 97 1750 | 20 250 700 | 25 70 875
970 53 450 | 9 186 775 | 10 60 900
971 11 1105 | 221 325 425 | 230 299 442
971 19 1449 | 126 299 546 | 161 189 621
971 20 1519 | 124 308 539 | 155 196 620
971 5 312 | 130 145 696 | 104 204 663
971 37 1827 | 72 203 696 | 91 126 754
971 487 13860 | 33 308 630 | 36 165 770
971 23 220 | 11 80 880 | 10 341 620
972 43 4290 | 231 286 455 | 220 312 440
972 293 28980 | 207 345 420 | 224 288 460
972 185 17028 | 198 258 516 | 172 360 440
972 1 90 | 162 405 405 | 216 216 540
972 131 10710 | 136 360 476 | 135 378 459
972 251 18480 | 112 420 440 | 144 198 630
972 1 72 | 108 432 432 | 162 162 648
972 107 7560 | 105 408 459 | 126 216 630
972 29 1980 | 132 180 660 | 108 270 594
972 5 336 | 140 160 672 | 105 272 595
972 125 7854 | 126 153 693 | 88 408 476
972 11 630 | 105 153 714 | 112 140 720
972 221 12540 | 76 440 456 | 90 198 684
972 107 4554 | 54 297 621 | 88 92 792
973 139 11760 | 168 245 560 | 147 336 490
973 139 10980 | 126 420 427 | 180 183 610
973 2437 177100 | 115 308 550 | 154 175 644
973 46 3255 | 105 434 434 | 126 217 630
973 1 63 | 98 245 630 | 126 154 693
973 59 2352 | 49 336 588 | 63 126 784
973 47 1176 | 35 98 840 | 28 441 504
974 11 1120 | 224 350 400 | 245 288 441
974 1 99 | 224 288 462 | 204 374 396
974 29 2016 | 114 252 608 | 120 224 630
974 487 22848 | 68 192 714 | 64 238 672
974 487 19950 | 76 100 798 | 50 399 525
974 457 17600 | 64 110 800 | 50 220 704
974 169 6440 | 46 368 560 | 65 104 805
974 487 18018 | 77 78 819 | 44 462 468
974 487 15120 | 36 378 560 | 54 80 840
974 971 27720 | 36 168 770 | 44 90 840
974 1553 39150 | 50 54 870 | 29 270 675
975 116 12285 | 270 315 390 | 260 351 364
975 17 1575 | 225 225 525 | 175 350 450
975 13 1155 | 165 315 495 | 175 275 525
975 1 84 | 150 300 525 | 156 273 546
975 2 165 | 143 312 520 | 150 275 550
975 31 2340 | 130 260 585 | 117 390 468
975 19 1365 | 150 175 650 | 117 273 585
975 2 135 | 108 255 612 | 150 150 675
975 39 880 | 40 55 880 | 25 400 550
975 8 105 | 15 120 840 | 14 310 651
975 3 37 | 25 25 925 | 13 481 481
976 337 30940 | 170 364 442 | 175 325 476
976 11 936 | 144 416 416 | 192 208 576
976 1453 116688 | 143 272 561 | 136 312 528
976 251 19760 | 144 247 585 | 160 208 608
976 1 66 | 96 352 528 | 122 183 671
976 61 3876 | 96 272 608 | 102 228 646
976 101 6300 | 126 150 700 | 91 300 585
976 29 1680 | 112 144 720 | 80 336 560
976 29 1200 | 80 96 800 | 52 300 624
976 61 2080 | 64 80 832 | 40 416 520
976 61 1716 | 32 416 528 | 52 66 858
976 863 22568 | 52 56 868 | 31 217 728
976 83 1170 | 21 45 910 | 15 403 558
977 137 13260 | 195 340 442 | 228 255 494
977 5 408 | 136 348 493 | 152 255 570
977 167 13464 | 144 272 561 | 136 319 522
977 1 77 | 132 273 572 | 152 209 616
977 113 7480 | 132 165 680 | 102 275 600
977 7 440 | 95 266 616 | 110 187 680
977 97 5544 | 77 396 504 | 117 132 728
977 1957 32760 | 18 455 504 | 20 117 840
978 13 1260 | 231 252 495 | 210 288 480
978 199 18810 | 198 285 495 | 180 380 418
978 11 1008 | 198 252 528 | 168 378 432
978 31 2730 | 180 252 546 | 208 210 560
978 163 13464 | 144 306 528 | 153 264 561
978 163 12540 | 171 180 627 | 120 418 440
978 163 10230 | 90 330 558 | 110 186 682
978 677 34650 | 75 210 693 | 66 450 462
978 269 7722 | 33 351 594 | 54 66 858
978 4021 107730 | 35 133 810 | 42 81 855
979 38 3185 | 195 196 588 | 147 312 520
979 43 2772 | 132 154 693 | 99 264 616
979 113 6435 | 99 165 715 | 91 195 693
979 61 2415 | 51 238 690 | 69 105 805
979 107 3960 | 44 440 495 | 55 132 792
979 29 936 | 44 143 792 | 48 112 819
980 49 5100 | 255 300 425 | 240 340 400
980 7 704 | 224 308 448 | 220 320 440
980 1 98 | 196 392 392 | 245 245 490
980 1 96 | 200 300 480 | 224 252 504
980 73 6864 | 182 336 462 | 220 240 520
980 7 650 | 175 350 455 | 200 260 520
980 23 2128 | 224 224 532 | 182 304 494
980 1 84 | 140 420 420 | 196 196 588
980 11 900 | 140 315 525 | 180 200 600
980 7 570 | 133 385 462 | 135 351 494
980 7 480 | 140 168 672 | 100 400 480
980 49 3300 | 120 200 660 | 100 330 550
980 37 2394 | 95 315 570 | 133 154 693
980 1 60 | 84 336 560 | 105 175 700
980 581 33592 | 119 133 728 | 78 408 494
980 53 2800 | 70 350 560 | 80 200 700
980 41 2142 | 70 315 595 | 68 408 504
980 7 360 | 70 280 630 | 80 180 720
980 473 24192 | 96 128 756 | 70 270 640
980 1777 79800 | 56 399 525 | 70 150 760
980 1 44 | 70 140 770 | 56 308 616
980 19 800 | 80 100 800 | 56 224 700
980 49 1584 | 44 144 792 | 40 220 720
980 161 2970 | 21 189 770 | 20 432 528
980 49 900 | 20 360 600 | 30 50 900
980 7 128 | 28 56 896 | 20 320 640
980 7 92 | 20 40 920 | 14 322 644
981 37 3465 | 225 231 525 | 189 297 495
981 1 84 | 140 406 435 | 162 252 567
981 155 12663 | 134 378 469 | 189 189 603
981 109 7665 | 135 189 657 | 105 365 511
981 31 1980 | 99 252 630 | 90 396 495
981 123 7480 | 130 136 715 | 85 352 544
981 5 297 | 81 405 495 | 99 189 693
981 327 17680 | 78 240 663 | 80 221 680
981 1129 60060 | 88 165 728 | 84 182 715
981 65 3213 | 85 140 756 | 63 459 459
981 327 12512 | 69 96 816 | 46 391 544
981 17 300 | 20 186 775 | 27 54 900
981 123 1495 | 13 253 715 | 15 69 897
981 319 3315 | 12 85 884 | 11 255 715
981 109 945 | 9 405 567 | 15 21 945
982 1223 114576 | 189 297 496 | 176 372 434
982 1 91 | 182 280 520 | 190 260 532
982 13 966 | 156 182 644 | 115 357 510
982 313 22770 | 115 306 561 | 140 198 644
982 181 12880 | 130 208 644 | 115 272 595
982 3071 188370 | 92 260 630 | 91 270 621
982 239 12740 | 91 156 735 | 70 392 520
982 187 8550 | 72 150 760 | 57 450 475
982 73 1386 | 21 279 682 | 22 168 792
983 386 37213 | 199 308 476 | 187 398 398
983 2453 157320 | 115 184 684 | 90 437 456
983 64 1287 | 26 99 858 | 22 403 558
984 37 3960 | 280 308 396 | 264 360 360
984 281 25704 | 168 357 459 | 216 224 544
984 1 84 | 164 246 574 | 144 336 504
984 31 2574 | 144 312 528 | 165 234 585 | 143 319 522
984 159 12740 | 130 364 490 | 147 252 585
984 37 2808 | 117 408 459 | 144 216 624
984 109 8190 | 115 414 455 | 126 273 585 | 117 357 510
984 11 780 | 117 255 612 | 120 240 624
984 97 6072 | 110 184 690 | 88 368 528
984 25 1512 | 96 216 672 | 84 360 540
984 1 60 | 82 410 492 | 120 144 720
984 283 8580 | 39 165 780 | 60 66 858
985 1177 108360 | 168 387 430 | 180 301 504
985 29 2448 | 144 348 493 | 153 288 544
985 257 21420 | 180 210 595 | 153 272 560
985 17 1400 | 175 210 600 | 140 325 520
985 334 25389 | 144 217 624 | 117 434 434
985 1591 106260 | 115 210 660 | 110 231 644
985 5 308 | 130 140 715 | 110 175 700
985 361 21420 | 112 153 720 | 84 306 595
985 53 2093 | 49 299 637 | 65 115 805
985 29 600 | 40 45 900 | 24 186 775
986 1 104 | 232 377 377 | 272 272 442 | 260 286 440
986 13 1218 | 203 261 522 | 174 406 406
986 125 11424 | 204 238 544 | 170 336 480
986 1 90 | 170 306 510 | 174 290 522
986 181 16016 | 176 264 546 | 154 416 416
986 19 1584 | 153 272 561 | 176 216 594
986 11 910 | 170 221 595 | 154 260 572
986 19 1530 | 153 238 595 | 170 204 612
986 4453 334880 | 115 416 455 | 160 182 644
986 293 18810 | 90 440 456 | 95 297 594
986 83 4488 | 76 264 646 | 102 136 748
986 229 12350 | 95 150 741 | 76 260 650
986 11 496 | 66 176 744 | 56 434 496
986 41 1800 | 90 96 800 | 56 300 630
986 307 12852 | 51 459 476 | 56 216 714
986 1201 30800 | 50 56 880 | 32 154 800
986 55 918 | 34 34 918 | 18 374 594
987 49 4488 | 187 272 528 | 168 357 462
987 229 20748 | 182 273 532 | 171 312 504
987 2683 216216 | 132 351 504 | 182 189 616
987 11 840 | 140 231 616 | 120 357 510
987 59 4368 | 112 420 455 | 132 231 624
987 23 1680 | 112 350 525 | 120 272 595
987 1 72 | 120 255 612 | 112 315 560
987 19 1260 | 105 252 630 | 140 154 693
987 259 15600 | 88 275 624 | 117 150 720
987 911 45045 | 63 429 495 | 91 126 770
987 191 9360 | 72 195 720 | 63 364 560
987 79 3360 | 52 455 480 | 75 112 800
987 259 10608 | 52 272 663 | 51 312 624
987 14 195 | 26 31 930 | 15 270 702
988 13 1360 | 240 340 408 | 238 350 400
988 247 25300 | 220 368 400 | 253 275 460
988 11 1040 | 208 260 520 | 190 304 494
988 11 1008 | 208 234 546 | 176 308 504
988 19 1722 | 182 273 533 | 168 328 492
988 1 88 | 208 208 572 | 152 418 418
988 13 1140 | 190 228 570 | 152 380 456
988 39 3332 | 147 348 493 | 196 204 588
988 25 2016 | 132 352 504 | 140 288 560
988 107 8190 | 120 364 504 | 130 273 585
988 247 18480 | 120 308 560 | 132 240 616
988 247 17766 | 141 189 658 | 108 376 504
988 13 930 | 120 248 620 | 114 285 589
988 1 70 | 133 190 665 | 104 364 520
988 247 15400 | 88 350 550 | 112 176 700
988 19 1092 | 104 156 728 | 78 364 546
988 19 952 | 70 238 680 | 64 448 476
988 19 880 | 65 208 715 | 64 220 704
988 247 11340 | 70 162 756 | 60 280 648
988 13 594 | 88 108 792 | 57 418 513
988 247 9600 | 48 300 640 | 60 128 800
988 25 798 | 63 70 855 | 38 285 665
988 19 420 | 26 182 780 | 28 120 840
988 481 10098 | 23 459 506 | 24 216 748
989 67 6188 | 170 364 455 | 221 224 544
989 37 2860 | 120 429 440 | 135 260 594
989 194 14535 | 153 190 646 | 114 425 450
989 43 2760 | 92 345 552 | 115 184 690
989 11 700 | 92 322 575 | 119 170 700
989 1 21 | 23 483 483 | 28 93 868 | 43 43 903
990 1 108 | 297 297 396 | 270 360 360
990 3 308 | 264 264 462 | 220 385 385
990 151 14586 | 220 260 510 | 187 374 429
990 53 5040 | 225 240 525 | 180 378 432
990 1121 101010 | 185 259 546 | 208 222 560
990 1 90 | 180 270 540 | 165 330 495
990 3 266 | 154 418 418 | 210 210 570
990 199 15960 | 140 280 570 | 165 209 616
990 1 80 | 150 240 600 | 132 330 528
990 4 315 | 180 180 630 | 126 360 504
990 1 78 | 132 286 572 | 135 270 585
990 3 232 | 176 176 638 | 120 435 435
990 3 220 | 165 165 660 | 110 440 440
990 139 9450 | 100 350 540 | 126 189 675
990 1 66 | 99 297 594 | 110 220 660
990 3 154 | 66 462 462 | 110 110 770
990 23 1008 | 54 432 504 | 60 210 720
990 131 4950 | 66 99 825 | 45 450 495
990 3 80 | 30 480 480 | 55 55 880
990 269 6960 | 29 465 496 | 40 80 870
990 239 4560 | 38 40 912 | 21 304 665
991 991 87516 | 153 396 442 | 198 221 572
991 467 38285 | 155 247 589 | 133 403 455
991 85 6696 | 124 408 459 | 155 216 620
991 4 315 | 130 315 546 | 171 190 630
991 3691 278460 | 117 364 510 | 140 221 630
991 533 33660 | 90 340 561 | 88 408 495
991 1 63 | 95 266 630 | 91 315 585
991 1259 45045 | 45 231 715 | 55 117 819
991 733 23800 | 56 85 850 | 51 100 840
991 535 15561 | 39 133 819 | 45 91 855
991 311 6900 | 45 46 900 | 25 276 690
991 1373 24035 | 19 345 627 | 22 95 874
992 1 110 | 310 341 341 | 320 320 352
992 23 2080 | 160 416 416 | 208 224 560
992 11 868 | 124 434 434 | 155 217 620
992 5 384 | 160 192 640 | 128 288 576
992 31 2240 | 112 320 560 | 128 224 640
992 47 2970 | 95 270 627 | 110 189 693
992 233 13776 | 82 336 574 | 80 420 492
992 31 1520 | 80 152 760 | 64 320 608
992 467 15960 | 57 95 840 | 40 420 532
992 85 2394 | 42 95 855 | 33 266 693
992 589 12600 | 24 275 693 | 36 56 900
992 13 240 | 24 88 880 | 20 432 540
992 829 9360 | 16 40 936 | 12 260 720
993 331 27060 | 132 410 451 | 180 198 615
993 4 315 | 126 357 510 | 165 198 630
993 17 1260 | 126 255 612 | 132 231 630
993 7 396 | 119 126 748 | 81 264 648
993 331 13200 | 80 88 825 | 48 450 495
993 103 4104 | 48 432 513 | 58 152 783
993 74 2145 | 45 90 858 | 33 440 520
993 419 12012 | 33 336 624 | 44 91 858
993 53 1200 | 25 440 528 | 45 48 900
993 77 936 | 13 252 728 | 18 39 936
994 17 1470 | 147 385 462 | 196 210 588
994 7 510 | 126 238 630 | 110 374 510
994 13 882 | 98 392 504 | 147 154 693
994 59 3080 | 112 112 770 | 70 308 616
994 46 1575 | 42 252 700 | 40 450 504
994 919 30030 | 42 182 770 | 66 70 858
994 19 390 | 26 110 858 | 42 42 910
994 59 1190 | 22 462 510 | 25 119 850
995 1 104 | 260 280 455 | 266 273 456
995 67 6825 | 247 273 475 | 225 315 455
995 8 693 | 154 319 522 | 150 350 495
995 93 7700 | 150 273 572 | 140 330 525
995 199 16416 | 171 216 608 | 135 380 480
995 673 48300 | 126 225 644 | 115 280 600
995 67 4680 | 104 351 540 | 120 225 650
995 199 12740 | 100 245 650 | 98 260 637
995 233 12784 | 80 235 680 | 102 141 752
995 529 26180 | 77 170 748 | 85 140 770
995 109 5180 | 70 185 740 | 77 148 770
995 199 8060 | 50 325 620 | 65 124 806
995 4691 145860 | 52 85 858 | 36 374 585
995 4 119 | 35 280 680 | 34 434 527
995 13 308 | 29 154 812 | 35 80 880
995 73 1575 | 26 150 819 | 35 60 900
996 23 2160 | 198 270 528 | 216 240 540
996 11 1020 | 180 306 510 | 168 408 420
996 11 960 | 156 320 520 | 180 240 576
996 27 2210 | 135 351 510 | 136 340 520
996 283 19320 | 112 240 644 | 138 168 690
996 107 7200 | 96 450 450 | 100 320 576
996 13 798 | 96 228 672 | 84 456 456
996 23 1260 | 105 135 756 | 72 420 504
996 307 16758 | 90 171 735 | 72 392 532
996 3931 145860 | 44 442 510 | 51 165 780
996 1473 54340 | 65 95 836 | 44 380 572
996 11 336 | 36 288 672 | 35 465 496
996 1 30 | 36 240 720 | 35 310 651
996 17 420 | 28 308 660 | 35 93 868
996 317 4680 | 30 30 936 | 16 260 720
997 49 4680 | 184 345 468 | 182 360 455
997 719 62475 | 150 357 490 | 147 425 425
997 31 2340 | 115 414 468 | 117 360 520 | 130 255 612
997 997 58800 | 80 392 525 | 112 150 735
997 11 585 | 102 130 765 | 69 460 468
997 16 495 | 36 341 620 | 40 165 792
998 197 20196 | 216 374 408 | 231 308 459
998 499 47502 | 203 273 522 | 182 348 468
998 499 44352 | 154 396 448 | 198 224 576
998 215 17472 | 182 192 624 | 130 420 448
998 61 4830 | 130 322 546 | 161 207 630
998 97 5720 | 80 390 528 | 105 165 728
998 83 4080 | 66 272 660 | 80 153 765
998 55 2184 | 49 312 637 | 48 390 560
998 499 19152 | 56 144 798 | 48 266 684
998 103 3344 | 48 114 836 | 38 352 608
998 17 390 | 26 270 702 | 30 110 858
999 3 280 | 185 296 518 | 180 315 504
999 3 260 | 180 234 585 | 148 370 481
999 37 2808 | 135 240 624 | 117 378 504
999 79 4080 | 90 144 765 | 68 336 595
999 37 1840 | 69 240 690 | 72 207 720
999 37 1620 | 54 405 540 | 81 108 810
999 37 1400 | 45 450 504 | 75 84 840
999 3593 121800 | 42 232 725 | 40 350 609
999 1933 55440 | 33 336 630 | 56 63 880
999 1 24 | 37 74 888 | 27 324 648
999 111 1780 | 20 89 890 | 18 180 801
1000 1 100 | 250 250 500 | 200 400 400
1000 71 6650 | 190 285 525 | 175 350 475
1000 67 6160 | 220 220 560 | 168 352 480
1000 23 2100 | 175 300 525 | 200 240 560
1000 881 65520 | 130 240 630 | 112 420 468
1000 617 39780 | 90 442 468 | 132 153 715
1000 3293 207060 | 87 420 493 | 116 170 714
1000 41 2520 | 112 168 720 | 90 280 630
1000 121 6300 | 70 300 630 | 75 225 700
1000 47 2340 | 90 130 780 | 72 208 720
1000 53 2040 | 55 153 792 | 48 272 680
1000 49 900 | 20 350 630 | 25 75 900
1001 1 105 | 245 315 441 | 231 385 385 | 273 273 455
1001 7 680 | 187 374 440 | 221 260 520
1001 13 1260 | 198 308 495 | 196 315 490
1001 13 1173 | 187 253 561 | 161 357 483
1001 35 2808 | 130 351 520 | 143 264 594
1001 299 21420 | 153 168 680 | 119 252 630
1001 91 6324 | 102 372 527 | 132 187 682
1001 403 27720 | 140 168 693 | 99 440 462
1001 19 1260 | 126 175 700 | 98 315 588
1001 1 65 | 91 455 455 | 143 143 715
1001 13 840 | 105 224 672 | 91 390 520
1001 481 27720 | 77 420 504 | 88 220 693
1001 1 56 | 77 308 616 | 91 182 728
1001 13 693 | 77 231 693 | 105 126 770
1001 7 360 | 66 440 495 | 104 117 780
1001 181 8580 | 78 143 780 | 66 220 715
1001 103 4095 | 49 315 637 | 65 117 819
1001 119 3960 | 40 279 682 | 44 165 792
1001 91 2640 | 33 440 528 | 55 66 880
1001 91 1824 | 22 352 627 | 32 57 912
1001 7 72 | 13 52 936 | 11 198 792
1002 1 105 | 266 280 456 | 252 300 450
1002 23 2310 | 234 273 495 | 210 330 462
1002 67 5940 | 156 351 495 | 165 297 540
1002 269 21840 | 144 273 585 | 168 210 624
1002 71 5742 | 130 377 495 | 132 348 522
1002 37 2970 | 135 306 561 | 132 330 540
1002 193 15120 | 135 272 595 | 126 336 540
1002 7 540 | 120 378 504 | 135 255 612
1002 85 4914 | 90 210 702 | 78 378 546
1002 9 518 | 77 407 518 | 84 252 666
1002 251 8190 | 40 234 728 | 42 180 780
1003 16 1495 | 184 299 520 | 170 391 442
1003 44 3315 | 170 170 663 | 156 187 660
1003 1123 69300 | 100 210 693 | 88 315 600
1003 11 665 | 91 247 665 | 85 323 595
1003 262 15561 | 104 171 728 | 91 228 684
1003 67 1512 | 25 378 600 | 28 135 840
1004 719 61776 | 143 429 432 | 176 234 594
1004 71 5460 | 140 234 630 | 120 364 520
1004 253 17100 | 120 200 684 | 133 171 700
1004 371 19734 | 91 154 759 | 69 429 506
1004 1741 62244 | 42 468 494 | 52 133 819
1004 167 5460 | 45 140 819 | 42 182 780
1004 1661 27144 | 29 39 936 | 18 232 754
1005 11 1071 | 225 255 525 | 189 357 459
1005 67 5712 | 170 240 595 | 144 357 504
1005 67 5460 | 180 195 630 | 130 420 455
1005 67 5208 | 120 420 465 | 168 186 651
1005 199 14040 | 108 312 585 | 130 200 675
1005 283 19800 | 120 225 660 | 108 297 600
1005 67 4200 | 105 200 700 | 90 315 600
1005 81 4004 | 70 220 715 | 63 396 546
1005 799 38220 | 60 455 490 | 78 147 780
1005 929 43470 | 69 180 756 | 92 108 805
1005 9 400 | 55 400 550 | 60 225 720
1005 947 37800 | 50 280 675 | 48 432 525
1005 551 20400 | 44 400 561 | 75 80 850
1005 1 36 | 45 240 720 | 44 279 682
1005 709 21420 | 36 255 714 | 35 340 630
1005 91 2640 | 33 432 540 | 50 75 880
1005 8 231 | 44 93 868 | 33 378 594
1005 409 10920 | 30 455 520 | 35 130 840
1005 67 924 | 15 220 770 | 18 63 924
1006 97 9373 | 182 412 412 | 206 280 520
1006 209 18270 | 174 252 580 | 154 330 522
1006 1681 138600 | 154 252 600 | 165 225 616
1006 29 2310 | 165 203 638 | 130 330 546 | 126 385 495
1006 19 1320 | 104 330 572 | 145 165 696
1006 157 10080 | 96 280 630 | 126 160 720
1006 817 47502 | 126 126 754 | 78 406 522
1006 1129 51870 | 57 455 494 | 78 130 798
1006 731 29120 | 70 104 832 | 49 320 637
1006 283 10710 | 45 434 527 | 48 238 720
1006 43 1260 | 40 126 840 | 45 93 868
1007 23 1881 | 132 380 495 | 171 209 627
1007 338 25645 | 140 223 644 | 115 446 446
1007 349 25740 | 132 225 650 | 110 429 468
1007 1 72 | 152 171 684 | 106 424 477
1007 43 3080 | 105 440 462 | 140 187 680
1007 7 380 | 95 152 760 | 76 266 665
1007 551 27720 | 64 448 495 | 105 110 792
1007 383 17556 | 57 418 532 | 77 132 798
1007 5 228 | 57 380 570 | 76 133 798
1007 271 3672 | 27 28 952 | 17 72 918
1008 1 108 | 252 378 378 | 288 288 432
1008 3 320 | 280 280 448 | 240 384 384
1008 7 720 | 216 360 432 | 240 288 480
1008 79 7560 | 216 252 540 | 189 315 504
1008 3 286 | 231 231 546 | 176 416 416
1008 7 660 | 198 270 540 | 176 352 480
1008 3 280 | 168 420 420 | 224 224 560
1008 227 20196 | 153 396 459 | 154 378 476
1008 3 224 | 168 168 672 | 112 448 448
1008 21 1408 | 128 176 704 | 96 384 528
1008 7 456 | 96 304 608 | 108 216 684
1008 35 1872 | 80 208 720 | 72 312 624
1008 3 136 | 56 476 476 | 96 96 816
1008 1 40 | 48 480 480 | 84 84 840
1008 23 720 | 40 176 792 | 36 432 540
1008 7 216 | 36 324 648 | 48 96 864
1008 21 550 | 32 176 800 | 33 150 825
1008 121 2940 | 28 245 735 | 27 441 540
1008 267 5236 | 33 51 924 | 22 238 748
1009 28 2925 | 225 364 420 | 234 325 450
1009 27 2660 | 216 280 513 | 190 399 420
1009 17 1665 | 225 259 525 | 195 333 481
1009 871 85239 | 209 287 513 | 189 369 451
1009 3 280 | 189 280 540 | 168 406 435
1009 29 2520 | 168 261 580 | 162 280 567
1009 1009 84456 | 184 204 621 | 136 414 459
1009 1009 61776 | 88 297 624 | 99 208 702
1009 359 20735 | 91 203 715 | 110 145 754
1009 251 12480 | 64 360 585 | 65 320 624
1009 1 40 | 78 91 840 | 48 465 496
1009 286 10845 | 45 482 482 | 48 241 720
1010 61 5720 | 182 308 520 | 200 260 550
1010 601 47880 | 126 380 504 | 152 228 630
1010 13 1008 | 140 240 630 | 119 432 459
1010 1 72 | 135 200 675 | 114 288 608
1010 3 170 | 119 126 765 | 75 425 510
1010 37 1100 | 50 80 880 | 35 275 700
1010 17 450 | 30 350 630 | 50 60 900
1011 337 34632 | 234 296 481 | 216 351 444
1011 827 58905 | 110 306 595 | 153 165 693
1011 337 17160 | 66 360 585 | 88 143 780
1011 52 1785 | 42 255 714 | 51 120 840
1011 67 2100 | 50 93 868 | 36 450 525
1012 1 112 | 322 322 368 | 308 352 352 | 312 336 364
1012 83 7920 | 176 396 440 | 180 352 480
1012 5 462 | 176 308 528 | 165 385 462
1012 113 9576 | 144 336 532 | 171 232 609
1012 313 25480 | 175 200 637 | 130 392 490
1012 19 1210 | 88 440 484 | 121 165 726
1012 271 17100 | 116 171 725 | 100 228 684
1012 1 60 | 92 230 690 | 88 264 660
1012 103 4940 | 76 156 780 | 84 130 798
1012 1 42 | 51 434 527 | 52 336 624
1012 29 1170 | 52 240 720 | 63 130 819
1012 47 1610 | 40 420 552 | 46 161 805
1012 1433 47600 | 50 112 850 | 40 272 700
1012 17 480 | 32 420 560 | 40 108 864
1013 83 6120 | 110 408 495 | 153 180 680
1013 611 44268 | 108 378 527 | 124 238 651
1013 241 14820 | 95 234 684 | 120 152 741
1013 1061 52668 | 63 418 532 | 88 133 792
1013 373 15249 | 68 117 828 | 51 299 663
1013 193 2184 | 14 63 936 | 12 273 728
1014 87 9568 | 299 299 416 | 288 312 414
1014 17 1848 | 264 330 420 | 273 312 429
1014 19 2016 | 264 288 462 | 234 364 416
1014 149 15120 | 208 351 455 | 240 270 504
1014 169 17136 | 238 272 504 | 204 378 432
1014 9 880 | 208 286 520 | 216 270 528
1014 17 1638 | 234 234 546 | 182 364 468
1014 29 2730 | 182 312 520 | 195 273 546
1014 111 10010 | 182 260 572 | 198 231 585
1014 1 90 | 156 390 468 | 195 234 585
1014 169 14616 | 189 216 609 | 144 406 464
1014 13 1122 | 198 204 612 | 143 429 442
1014 943 79002 | 154 266 594 | 189 198 627
1014 2 165 | 150 264 600 | 132 420 462
1014 57 4550 | 150 234 630 | 182 182 650
1014 67 4488 | 96 374 544 | 132 168 714
1014 3 200 | 104 260 650 | 144 150 720
1014 107 6930 | 90 462 462 | 117 182 715
1014 13 840 | 90 420 504 | 130 156 728 | 96 288 630
1014 169 10416 | 126 144 744 | 84 434 496
1014 29 1440 | 66 288 660 | 70 224 720
1014 99 4186 | 52 364 598 | 69 126 819
1014 941 37440 | 65 117 832 | 48 390 576
1014 143 5520 | 48 276 690 | 46 440 528
1014 53 1890 | 54 120 840 | 42 405 567
1014 5 168 | 39 455 520 | 42 216 756
1014 13 432 | 54 96 864 | 39 351 624
1014 507 14630 | 35 209 770 | 38 140 836
1014 559 13680 | 45 57 912 | 28 266 720
1014 169 3696 | 42 48 924 | 24 462 528
1014 39 710 | 20 284 710 | 26 65 923
1014 137 1638 | 13 182 819 | 14 90 910
1015 7 780 | 290 348 377 | 300 325 390
1015 1 87 | 145 435 435 | 203 203 609
1015 1 84 | 168 231 616 | 140 350 525
1015 23 1785 | 170 182 663 | 119 420 476
1015 119 6660 | 102 148 765 | 90 185 740
1015 109 5355 | 75 175 765 | 63 357 595
1016 127 13020 | 210 372 434 | 240 280 496
1016 1943 180180 | 165 396 455 | 210 234 572
1016 23 2128 | 190 266 560 | 176 308 532
1016 13 1140 | 154 330 532 | 171 260 585
1016 101 7920 | 126 330 560 | 176 180 660
1016 277 19950 | 112 304 600 | 126 225 665
1016 151 9576 | 117 171 728 | 88 396 532
1016 127 7560 | 80 432 504 | 120 140 756
1016 85 4928 | 88 224 704 | 80 320 616
1016 109 5016 | 72 152 792 | 66 190 760
1016 809 32760 | 56 180 780 | 72 104 840
1016 1073 39468 | 44 351 621 | 66 92 858
1016 97 3080 | 44 132 840 | 56 80 880
1016 127 3572 | 32 376 608 | 47 76 893
1016 3971 106080 | 32 204 780 | 30 442 544
1016 127 3192 | 28 456 532 | 48 56 912
1016 281 4620 | 27 44 945 | 22 70 924
1017 13 1020 | 170 187 660 | 135 270 612
1017 107 5544 | 99 126 792 | 72 252 693
1017 13 294 | 25 392 600 | 44 49 924
1018 17 1430 | 143 325 550 | 136 440 442
1018 41 3420 | 171 220 627 | 144 304 570
1018 149 11970 | 130 342 546 | 133 315 570
1018 11 798 | 154 171 693 | 108 378 532
1018 166 8415 | 90 136 792 | 66 340 612
1018 73 3696 | 80 168 770 | 66 336 616
1018 23 950 | 57 186 775 | 50 418 550
1018 11 425 | 68 100 850 | 50 220 748
1018 53 1330 | 30 190 798 | 28 420 570
1018 8837 220110 | 33 115 870 | 29 230 759
1018 307 7176 | 26 368 624 | 33 88 897
1019 53 912 | 19 240 760 | 20 144 855
1020 1 108 | 270 300 450 | 252 336 432
1020 3 322 | 280 280 460 | 238 391 391
1020 47 5040 | 252 320 448 | 240 360 420
1020 1 102 | 204 408 408 | 255 255 510
1020 13 1260 | 180 420 420 | 210 270 540
1020 1 96 | 180 360 480 | 204 272 544
1020 11 1008 | 192 252 576 | 180 280 560
1020 71 6300 | 150 420 450 | 175 260 585
1020 97 8190 | 140 360 520 | 195 195 630
1020 1 84 | 136 408 476 | 180 210 630
1020 239 19380 | 170 204 646 | 140 285 595
1020 13 1050 | 140 280 600 | 175 195 650
1020 149 10080 | 96 420 504 | 140 160 720
1020 19 1050 | 80 240 700 | 75 315 630
1020 1 48 | 102 102 816 | 60 480 480
1020 11 468 | 60 180 780 | 52 396 572
1020 11 420 | 48 252 720 | 60 120 840
1020 61 2160 | 48 162 810 | 60 96 864
1020 99 1820 | 21 180 819 | 20 350 650
1021 191 18900 | 216 280 525 | 189 400 432
1021 953 90288 | 171 418 432 | 176 351 494
1021 8 693 | 189 216 616 | 154 306 561
1021 73 6160 | 154 272 595 | 165 240 616
1021 167 13860 | 180 203 638 | 154 255 612
1021 10 693 | 153 154 714 | 100 396 525
1021 131 7735 | 126 130 765 | 85 273 663
1021 59 2640 | 65 176 780 | 57 304 660
1021 292 10395 | 42 385 594 | 45 220 756
1022 259 26928 | 255 272 495 | 216 374 432
1022 23 2331 | 252 252 518 | 222 296 504
1022 511 50160 | 190 352 480 | 209 285 528
1022 11 1050 | 190 300 532 | 175 385 462
1022 511 45942 | 156 372 494 | 186 247 589
1022 7 600 | 175 231 616 | 152 300 570
1022 11 882 | 147 245 630 | 126 392 504
1022 4 315 | 126 336 560 | 140 252 630
1022 259 18810 | 110 342 570 | 126 231 665
1022 473 30940 | 91 455 476 | 104 238 680
1022 281 17290 | 91 266 665 | 104 190 728
1022 107 6160 | 112 140 770 | 77 385 560
1022 73 4136 | 77 329 616 | 94 176 752
1022 73 3920 | 70 392 560 | 98 140 784
1022 61 3192 | 112 112 798 | 72 266 684
1022 511 24420 | 60 407 555 | 88 120 814
1022 287 7600 | 32 190 800 | 50 60 912
1022 73 1760 | 28 224 770 | 32 110 880
1022 401 9240 | 28 154 840 | 30 112 880
1023 109 12012 | 273 330 420 | 286 308 429
1023 40 3927 | 187 374 462 | 198 315 510
1023 193 18564 | 182 348 493 | 204 273 546
1023 149 13860 | 165 396 462 | 168 360 495
1023 1333 120120 | 165 312 546 | 154 429 440
1023 12 1001 | 143 308 572 | 182 203 638
1023 149 12012 | 126 429 468 | 143 264 616
1023 5 396 | 132 297 594 | 165 198 660
1023 31 2145 | 99 429 495 | 143 165 715
1023 93 6080 | 95 320 608 | 110 209 704
1023 113 7140 | 105 204 714 | 96 255 672
1023 1 63 | 99 231 693 | 93 279 651
1023 9 520 | 78 360 585 | 88 220 715
1023 31 1785 | 77 385 561 | 105 153 765
1023 173 9240 | 105 126 792 | 88 165 770
1023 179 8925 | 63 450 510 | 68 255 700
1023 31 1368 | 88 99 836 | 54 456 513
1023 383 16065 | 54 255 714 | 51 405 567
1023 137 5460 | 50 273 700 | 54 189 780
1023 17 624 | 48 195 780 | 51 156 816
1024 31 3344 | 240 385 399 | 264 304 456
1024 11 896 | 128 448 448 | 160 224 640
1024 73 5760 | 144 240 640 | 128 320 576
1024 367 26208 | 104 416 504 | 112 288 624
1024 7 480 | 144 160 720 | 112 240 672
1024 73 3120 | 56 240 728 | 52 432 540
1024 1297 43680 | 45 160 819 | 40 312 672
1024 869 26936 | 37 259 728 | 52 84 888
1024 505 15444 | 52 81 891 | 36 286 702
1024 265 7488 | 32 416 576 | 36 156 832
1025 1 105 | 225 350 450 | 220 385 420
1025 1 90 | 200 225 600 | 180 260 585
1025 1 80 | 164 205 656 | 125 400 500
1025 29 1680 | 77 420 528 | 80 315 630
1025 1 57 | 75 475 475 | 123 123 779
1025 1093 47880 | 90 95 840 | 56 285 684
1026 3 340 | 323 323 380 | 306 360 360
1026 57 5720 | 220 286 520 | 198 360 468
1026 1 90 | 162 324 540 | 171 285 570
1026 47 4200 | 156 350 520 | 152 399 475
1026 139 11340 | 168 210 648 | 135 324 567
1026 13 1050 | 126 450 450 | 130 350 546
1026 1 76 | 171 171 684 | 114 456 456
1026 5 378 | 126 270 630 | 114 399 513
1026 47 3240 | 108 270 648 | 144 162 720
1026 19 1190 | 102 210 714 | 90 306 630
1026 1 60 | 114 152 760 | 81 405 540
1026 19 1134 | 81 378 567 | 108 162 756
1026 17 880 | 66 480 480 | 90 144 792
1026 61 3120 | 65 465 496 | 72 234 720
1026 57 2842 | 63 441 522 | 98 116 812
1026 19 910 | 60 420 546 | 90 117 819
1026 43 1890 | 54 405 567 | 60 210 756
1026 19 594 | 54 81 891 | 36 396 594
1026 19 574 | 36 252 738 | 42 123 861
1026 57 1700 | 40 136 850 | 36 225 765
1026 3 88 | 38 152 836 | 36 198 792
1027 79 8800 | 275 352 400 | 286 325 416
1027 299 31248 | 252 279 496 | 217 378 432
1027 131 13545 | 210 387 430 | 231 301 495
1027 2 195 | 182 390 455 | 195 312 520
1027 94 8835 | 190 279 558 | 186 290 551
1027 37 3360 | 156 416 455 | 160 357 510
1027 17 1520 | 160 323 544 | 152 400 475
1027 13 660 | 66 341 620 | 65 390 572
1027 829 41860 | 92 130 805 | 65 364 598
1027 58 1365 | 28 180 819 | 26 455 546
1027 1027 14025 | 15 187 825 | 17 75 935
1028 1 110 | 260 352 416 | 280 308 440
1028 197 17136 | 153 315 560 | 144 408 476
1028 5 408 | 144 272 612 | 132 352 544
1028 83 6630 | 170 195 663 | 153 225 650
1028 5 352 | 104 352 572 | 132 192 704
1028 37 1586 | 52 488 488 | 56 244 728
1028 1141 43248 | 48 238 742 | 53 159 816
1028 7 240 | 48 140 840 | 60 88 880
1028 743 24780 | 59 84 885 | 40 280 708
1028 7 176 | 48 56 924 | 28 440 560
1028 17 420 | 28 300 700 | 44 60 924
1029 5 504 | 196 392 441 | 210 315 504
1029 2 195 | 182 385 462 | 210 273 546
1029 469 44460 | 171 390 468 | 182 315 532
1029 97 8613 | 174 261 594 | 189 231 609
1029 241 18564 | 117 408 504 | 119 364 546
1029 293 21945 | 133 231 665 | 165 171 693
1029 19 1320 | 105 308 616 | 144 165 720
1029 32 2205 | 98 441 490 | 105 294 630
1029 49 3036 | 132 138 759 | 84 462 483
1029 1 60 | 84 315 630 | 98 196 735
1029 4 231 | 105 154 770 | 84 252 693
1029 49 2805 | 99 165 765 | 77 357 595
1029 39 1771 | 70 154 805 | 63 207 759
1029 49 1845 | 63 105 861 | 45 369 615
1029 343 11232 | 39 288 702 | 48 117 864
1029 343 9180 | 30 459 540 | 51 60 918
1029 10 189 | 21 252 756 | 30 54 945
1029 77 1020 | 15 130 884 | 14 420 595
1030 61 6930 | 308 342 380 | 315 330 385
1030 1 112 | 280 350 400 | 304 308 418
1030 4 385 | 200 280 550 | 190 308 532
1030 103 8190 | 130 315 585 | 140 260 630
1030 103 7992 | 120 370 540 | 148 216 666
1030 103 7200 | 100 450 480 | 150 160 720
1030 41 2736 | 99 304 627 | 120 190 720
1030 71 4620 | 112 198 720 | 95 308 627
1030 1691 104720 | 112 170 748 | 85 385 560
1030 103 5814 | 76 342 612 | 95 170 765
1030 431 23562 | 84 198 748 | 90 170 770
1030 103 5418 | 70 315 645 | 84 172 774
1030 1 42 | 58 189 783 | 70 120 840
1030 43 1650 | 55 150 825 | 50 210 770
1030 3139 116424 | 44 392 594 | 49 189 792
1030 103 2730 | 42 78 910 | 30 350 650
1030 103 1656 | 18 184 828 | 20 90 920
1031 29 1900 | 100 266 665 | 116 190 725
1031 2243 114400 | 65 416 550 | 88 143 800
1031 127 6440 | 70 248 713 | 77 184 770
1031 11 525 | 70 186 775 | 63 275 693
1031 2 91 | 70 155 806 | 56 455 520
1031 115 5192 | 59 264 708 | 56 385 590
1031 1535 55384 | 43 344 644 | 56 115 860
1032 5 462 | 165 357 510 | 168 336 528
1032 145 12558 | 195 207 630 | 161 273 598
1032 23 1980 | 144 360 528 | 165 255 612
1032 463 37740 | 185 187 660 | 148 255 629
1032 107 8580 | 130 330 572 | 165 204 663
1032 1993 140400 | 117 240 675 | 108 300 624
1032 43 2964 | 114 234 684 | 104 304 624
1032 89 6048 | 96 432 504 | 108 252 672
1032 43 2880 | 96 360 576 | 120 192 720
1032 3 170 | 86 215 731 | 80 272 680
1032 43 2376 | 72 432 528 | 108 132 792
1032 1 48 | 60 432 540 | 64 264 704
1032 43 2040 | 60 360 612 | 80 136 816
1032 37 1680 | 96 96 840 | 60 252 720
1032 19 840 | 60 216 756 | 80 112 840
1032 1319 44550 | 66 75 891 | 45 162 825
1032 43 1410 | 40 240 752 | 45 141 846
1032 271 8580 | 44 130 858 | 48 104 880
1032 19 600 | 42 150 840 | 60 72 900
1032 221 6072 | 32 264 736 | 33 207 792
1033 1033 100464 | 182 368 483 | 208 273 552
1033 191 18228 | 186 308 539 | 196 279 558
1033 227 20475 | 153 425 455 | 175 273 585
1033 1033 75600 | 108 400 525 | 144 189 700
1033 26 1683 | 132 153 748 | 102 238 693
1033 47 2520 | 72 310 651 | 69 460 504
1033 698 31059 | 68 153 812 | 58 261 714
1033 13 504 | 46 483 504 | 72 93 868
1033 1591 60480 | 45 448 540 | 64 105 864
1033 985 15504 | 32 32 969 | 19 102 912
1034 5 546 | 266 312 456 | 286 286 462
1034 37 3762 | 209 330 495 | 198 418 418
1034 23 2002 | 143 429 462 | 154 308 572
1034 3 260 | 152 312 570 | 143 396 495
1034 1 84 | 141 329 564 | 154 264 616
1034 223 18200 | 143 275 616 | 160 224 650
1034 19 1320 | 110 264 660 | 99 440 495
1034 19 1196 | 91 299 644 | 132 143 759
1034 79 4070 | 110 110 814 | 74 220 740
1034 59 2805 | 72 170 792 | 66 220 748
1034 13 240 | 20 390 624 | 22 132 880
1035 22 2295 | 216 360 459 | 255 270 510
1035 1 100 | 225 270 540 | 210 300 525
1035 2 189 | 180 315 540 | 168 408 459
1035 37 3420 | 180 285 570 | 190 260 585
1035 13 1188 | 189 252 594 | 165 330 540
1035 29 2520 | 189 216 630 | 168 255 612
1035 1 75 | 135 225 675 | 115 345 575
1035 3 224 | 132 231 672 | 160 175 700
1035 3 217 | 105 465 465 | 161 161 713
1035 302 19305 | 90 351 594 | 104 216 715
1035 79 5040 | 105 210 720 | 135 144 756
1035 3 161 | 115 115 805 | 69 483 483
1035 11 504 | 90 105 840 | 63 216 756
1035 39 1120 | 33 330 672 | 35 200 800
1035 17 315 | 27 63 945 | 21 195 819
1036 37 4200 | 294 350 392 | 300 336 400
1036 7 792 | 296 333 407 | 288 352 396 | 286 360 390
1036 41 4620 | 280 360 396 | 308 308 420
1036 133 13260 | 195 348 493 | 204 312 520
1036 19 1890 | 189 385 462 | 216 280 540
1036 5 468 | 168 364 504 | 195 261 580
1036 259 23920 | 160 416 460 | 208 230 598
1036 763 64600 | 136 425 475 | 190 200 646
1036 11 840 | 126 280 630 | 140 224 672
1036 37 2772 | 112 396 528 | 147 196 693
1036 7 520 | 112 364 560 | 145 195 696
1036 259 15840 | 96 220 720 | 88 288 660
1036 259 14820 | 104 152 780 | 76 390 570
1036 7 390 | 87 195 754 | 96 160 780
1036 259 14310 | 72 424 540 | 106 135 795
1036 347 19152 | 76 288 672 | 112 126 798
1036 37 1900 | 70 266 700 | 76 200 760
1036 37 1680 | 56 420 560 | 84 112 840
1036 257 11102 | 91 91 854 | 61 182 793
1036 329 14144 | 68 136 832 | 64 156 816
1036 259 8700 | 40 300 696 | 50 116 870
1036 89 2730 | 35 455 546 | 40 156 840
1036 101 3080 | 35 385 616 | 44 112 880
1036 37 910 | 35 91 910 | 28 280 728
1036 359 6930 | 22 195 819 | 21 385 630
1036 37 690 | 24 92 920 | 21 210 805
1036 37 252 | 12 16 1008 | 7 441 588
1037 1 112 | 297 308 432 | 272 357 408
1037 47 4675 | 187 425 425 | 204 308 525
1037 29 2808 | 176 429 432 | 182 351 504
1037 193 18620 | 190 308 539 | 196 290 551
1037 22 1989 | 153 442 442 | 204 221 612
1037 31 2772 | 187 238 612 | 162 308 567
1037 250 20349 | 140 285 612 | 153 238 646
1037 29 1785 | 119 153 765 | 85 357 595
1037 31 1610 | 69 308 660 | 92 140 805
1037 89 4485 | 69 253 715 | 65 351 621
1037 157 4560 | 38 144 855 | 50 75 912
1037 74 1425 | 30 57 950 | 22 190 825
1038 59 5472 | 171 323 544 | 180 288 570
1038 53 4446 | 171 221 646 | 135 390 513
1038 73 5304 | 120 255 663 | 156 168 714
1038 11 798 | 153 171 714 | 126 228 684
1038 27 1540 | 77 341 620 | 120 126 792
1038 25 1386 | 72 462 504 | 77 279 682
1038 31 1680 | 70 440 528 | 72 336 630
1038 1 50 | 63 450 525 | 66 297 675
1038 361 18018 | 78 168 792 | 63 429 546
1038 23 924 | 77 93 868 | 48 462 528
1038 107 2310 | 31 77 930 | 30 84 924
1038 149 1560 | 12 90 936 | 11 312 715
1039 271 21945 | 165 209 665 | 126 418 495
1039 1039 60060 | 77 390 572 | 105 154 780
1039 23 1287 | 104 143 792 | 78 279 682 | 87 198 754
1039 7159 388080 | 90 165 784 | 70 441 528
1039 1039 35640 | 60 88 891 | 40 405 594
1039 1193 23760 | 24 135 880 | 22 297 720
1039 103 988 | 13 38 988 | 10 364 665
1040 227 23868 | 221 351 468 | 260 270 510
1040 1 104 | 260 260 520 | 208 416 416
1040 13 1224 | 170 360 510 | 192 272 576
1040 13 1200 | 200 240 600 | 160 400 480
1040 41 3744 | 160 360 520 | 156 416 468
1040 1 88 | 156 312 572 | 165 275 600
1040 13 1100 | 140 350 550 | 143 325 572
1040 13 1056 | 128 384 528 | 160 220 660
1040 13 1008 | 144 224 672 | 120 360 560
1040 181 13440 | 120 280 640 | 128 240 672
1040 1 72 | 160 160 720 | 104 468 468
1040 83 5320 | 140 140 760 | 95 280 665
1040 1 60 | 80 480 480 | 130 130 780
1040 13 720 | 72 440 528 | 80 240 720
1040 1 50 | 80 160 800 | 65 325 650
1040 1 48 | 72 176 792 | 60 420 560
1040 13 588 | 64 192 784 | 60 245 735
1040 13 540 | 50 450 540 | 80 96 864
1040 13 360 | 40 100 900 | 32 288 720
1040 13 290 | 32 80 928 | 25 290 725
1040 13 192 | 20 60 960 | 16 256 768
1041 109 12285 | 297 315 429 | 273 378 390
1041 31 2871 | 171 319 551 | 174 306 561
1041 181 16296 | 194 231 616 | 168 291 582
1041 23 1800 | 150 216 675 | 126 315 600
1041 547 36960 | 105 264 672 | 96 385 560
1041 83 5187 | 91 285 665 | 105 195 741
1041 157 9360 | 117 144 780 | 80 403 558
1041 761 39501 | 76 209 756 | 66 462 513
1041 57 2912 | 65 416 560 | 96 126 819
1041 313 9660 | 40 161 840 | 36 315 690
1041 41 945 | 42 54 945 | 27 195 819
1042 9 910 | 195 385 462 | 210 312 520
1042 457 41760 | 160 360 522 | 174 288 580
1042 13 960 | 114 320 608 | 143 195 704
1042 241 13090 | 70 462 510 | 85 187 770
1042 107 5600 | 88 154 800 | 70 300 672
1042 53 2730 | 70 270 702 | 77 195 770
1042 181 7722 | 54 286 702 | 52 396 594
1043 1319 109725 | 133 385 525 | 150 266 627
1043 547 42840 | 153 210 680 | 119 420 504
1043 199 13860 | 105 308 630 | 99 440 504
1043 17 1176 | 98 441 504 | 140 168 735
1043 461 21840 | 63 260 720 | 91 112 840
1044 13 1260 | 189 315 540 | 180 360 504
1044 3 290 | 232 232 580 | 174 435 435
1044 257 23712 | 208 228 608 | 160 390 494
1044 3 272 | 160 340 544 | 153 432 459
1044 19 1620 | 180 216 648 | 162 252 630
1044 701 59094 | 134 441 469 | 147 294 603
1044 23 1782 | 132 264 648 | 162 189 693
1044 3 232 | 116 464 464 | 174 174 696
1044 3 220 | 116 290 638 | 120 264 660 | 108 396 540
1044 61 3780 | 84 420 540 | 108 180 756
1044 1 54 | 72 324 648 | 87 174 783
1044 3 140 | 84 120 840 | 58 406 580
1044 5 228 | 76 132 836 | 56 456 532
1044 67 1740 | 30 260 754 | 29 435 580
1045 19 2100 | 275 308 462 | 250 375 420
1045 1 100 | 200 325 520 | 220 275 550 | 190 380 475
1045 8 765 | 204 261 580 | 170 425 450
1045 8 665 | 133 380 532 | 190 190 665
1045 19 1512 | 135 280 630 | 132 297 616
1045 47 3300 | 100 450 495 | 110 275 660
1045 23 1560 | 117 208 720 | 95 456 494
1045 23 1404 | 130 135 780 | 91 252 702
1045 19 1155 | 110 165 770 | 84 341 620
1045 1 56 | 84 217 744 | 99 154 792
1045 1 45 | 95 95 855 | 55 495 495
1045 19 847 | 77 121 847 | 55 385 605
1045 157 5985 | 57 133 855 | 45 475 525
1045 19 720 | 66 99 880 | 45 400 600
1045 589 17160 | 33 440 572 | 56 65 924
1045 2551 46920 | 23 102 920 | 20 345 680
1045 71 1235 | 19 285 741 | 21 114 910
1046 181 18326 | 196 374 476 | 221 286 539
1046 79 7524 | 171 380 495 | 176 342 528
1046 839 75240 | 154 360 532 | 171 275 600
1046 31 2730 | 150 350 546 | 182 234 630
1046 2287 200970 | 145 406 495 | 198 210 638
1046 317 27720 | 176 240 630 | 147 360 539
1046 11 936 | 140 360 546 | 136 442 468
1046 523 42840 | 136 315 595 | 144 272 630
1046 523 30800 | 80 350 616 | 100 176 770
1046 1361 73920 | 70 448 528 | 84 192 770
1046 13 368 | 46 80 920 | 32 416 598
1046 1853 51150 | 31 465 550 | 50 66 930
1046 523 6720 | 16 70 960 | 14 192 840
1046 523 3060 | 9 17 1020 | 6 360 680
1047 47 5049 | 255 297 495 | 231 357 459
1047 83 8316 | 189 396 462 | 210 297 540
1047 11 1080 | 180 408 459 | 200 297 550 | 195 312 540
1047 7 660 | 165 420 462 | 180 306 561
1047 1 90 | 156 351 540 | 180 255 612
1047 163 12360 | 145 206 696 | 120 309 618
1047 2351 177072 | 124 272 651 | 112 408 527
1047 349 24123 | 99 387 561 | 129 187 731
1047 53 3465 | 119 180 748 | 90 462 495
1047 101 5940 | 78 429 540 | 120 135 792
1047 27 1400 | 75 216 756 | 77 200 770
1047 797 39984 | 84 147 816 | 102 112 833
1047 87 3080 | 45 210 792 | 55 112 880
1047 379 9240 | 35 88 924 | 33 104 910
1048 43 4400 | 220 300 528 | 198 400 450
1048 263 24024 | 168 308 572 | 198 234 616
1048 19 1380 | 144 184 720 | 105 460 483
1048 125 7448 | 98 190 760 | 112 152 784
1048 239 13832 | 76 468 504 | 120 130 798
1048 307 17556 | 76 378 594 | 110 140 798
1048 97 4680 | 60 468 520 | 91 117 840
1048 71 3120 | 80 110 858 | 60 208 780
1048 1 40 | 80 88 880 | 48 400 600
1048 263 8280 | 36 460 552 | 40 180 828
1048 19 552 | 36 184 828 | 48 80 920
1048 191 4760 | 34 104 910 | 28 340 680
1048 3 64 | 24 256 768 | 40 48 960
1049 1 104 | 230 299 520 | 208 377 464
1049 2 195 | 182 357 510 | 184 345 520
1049 79 7280 | 161 368 520 | 182 272 595
1049 929 58905 | 126 153 770 | 119 165 765
1049 4 231 | 77 378 594 | 88 217 744
1049 6679 327600 | 80 150 819 | 63 336 650
1049 1549 72240 | 80 129 840 | 60 301 688
1049 101 3990 | 48 336 665 | 57 152 840
1049 283 11088 | 48 308 693 | 70 99 880
1049 1409 50160 | 55 114 880 | 48 165 836
1049 59 1155 | 25 100 924 | 27 77 945
1050 7 750 | 250 300 500 | 225 375 450
1050 7 720 | 210 336 504 | 200 400 450 | 240 270 540
1050 21 2024 | 200 275 575 | 176 368 506
1050 1 90 | 150 450 450 | 210 210 630
1050 3 260 | 140 455 455 | 200 200 650
1050 31 2520 | 140 280 630 | 126 420 504
1050 21 1700 | 125 425 500 | 170 200 680
1050 51 3640 | 140 182 728 | 105 360 585
1050 109 6930 | 126 154 770 | 90 330 630
1050 853 53130 | 84 460 506 | 115 165 770
1050 22 1365 | 84 420 546 | 130 140 780
1050 613 36036 | 84 273 693 | 88 234 728
1050 7 390 | 78 270 702 | 75 325 650 | 90 180 780
1050 53 2520 | 84 126 840 | 60 360 630
1050 7 330 | 60 330 660 | 75 150 825
1050 1 36 | 42 504 504 | 75 75 900
1051 71 7896 | 252 376 423 | 266 329 456
1051 23 2380 | 210 348 493 | 204 385 462
1051 316 25641 | 154 231 666 | 126 407 518
1051 53 3420 | 120 171 760 | 90 372 589
1051 137 8280 | 102 184 765 | 90 248 713
1051 235 13167 | 76 315 660 | 99 154 798
1051 841 32040 | 50 200 801 | 72 89 890
1051 1445 44352 | 35 440 576 | 63 64 924
1051 2 45 | 31 90 930 | 27 160 864
1051 6959 104720 | 16 440 595 | 17 154 880
1052 419 43888 | 208 422 422 | 211 377 464
1052 21 1760 | 168 224 660 | 132 440 480
1052 103 7106 | 152 152 748 | 102 323 627
1052 25 1638 | 108 216 728 | 91 403 558
1052 311 20020 | 104 220 728 | 91 341 620
1052 557 35700 | 90 350 612 | 100 238 714
1052 1 60 | 80 432 540 | 84 308 660
1052 43 2576 | 80 420 552 | 92 224 736
1052 193 11286 | 108 152 792 | 77 462 513
1052 97 5600 | 112 140 800 | 80 300 672
1052 607 29120 | 80 140 832 | 64 260 728
1052 29 1248 | 52 480 520 | 64 156 832
1052 691 29172 | 52 340 660 | 51 429 572
1052 23 760 | 38 494 520 | 60 80 912
1052 145 4788 | 40 252 760 | 38 468 546
1052 61 1980 | 38 330 684 | 40 220 792
1052 131 4140 | 60 72 920 | 40 184 828
1053 1 108 | 234 351 468 | 243 324 486
1053 103 10920 | 234 315 504 | 260 273 520
1053 13 1320 | 216 297 540 | 198 360 495
1053 17 1701 | 189 378 486 | 243 243 567
1053 67 6696 | 216 279 558 | 186 408 459
1053 13 1140 | 171 252 630 | 160 285 608
1053 1 85 | 195 195 663 | 135 459 459
1053 83 6489 | 154 206 693 | 126 309 618
1053 37 2295 | 85 374 594 | 108 180 765
1053 97 5355 | 85 198 770 | 84 204 765
1053 331 16575 | 65 325 663 | 85 143 825
1053 11 483 | 92 93 868 | 54 378 621
1053 10 429 | 54 297 702 | 52 429 572
1053 13 480 | 54 135 864 | 45 288 720
1053 923 27360 | 45 96 912 | 38 160 855
1054 5 572 | 300 325 429 | 286 352 416
1054 59 6426 | 234 378 442 | 238 357 459
1054 31 3150 | 207 322 525 | 200 350 504
1054 13 1302 | 217 279 558 | 186 434 434
1054 11 1064 | 217 248 589 | 190 304 560
1054 23 2210 | 170 442 442 | 221 238 595
1054 31 2574 | 130 429 495 | 144 286 624
1054 5 408 | 170 204 680 | 136 306 612
1054 103 8280 | 126 368 560 | 180 184 690
1054 997 79560 | 130 312 612 | 153 221 680
1054 31 2380 | 136 238 680 | 119 340 595
1054 37 2772 | 133 228 693 | 110 440 504
1054 107 6840 | 88 396 570 | 114 180 760
1054 1187 72072 | 104 180 770 | 88 273 693
1054 937 48048 | 65 429 560 | 66 364 624
1054 71 3024 | 54 280 720 | 52 378 624
1054 4 135 | 54 100 900 | 40 312 702
1054 73 2413 | 38 508 508 | 40 254 760
1054 1 30 | 34 510 510 | 62 62 930
1054 23 680 | 40 130 884 | 34 340 680
1054 11 270 | 30 160 864 | 28 270 756
1054 47 1050 | 28 126 900 | 25 294 735
1055 13 1260 | 180 350 525 | 210 260 585
1055 211 19344 | 195 240 620 | 156 403 496
1055 16 1155 | 110 315 630 | 130 210 715
1055 533 30600 | 90 200 765 | 75 476 504
1055 51 2600 | 75 200 780 | 65 390 600
1055 211 8540 | 61 140 854 | 50 305 700
1055 211 7280 | 65 80 910 | 40 455 560
1055 211 4760 | 25 350 680 | 35 68 952
1055 29 488 | 20 120 915 | 18 488 549
1056 23 2448 | 240 306 510 | 216 408 432
1056 29 3024 | 231 297 528 | 216 336 504
1056 43 4158 | 189 306 561 | 231 231 594
1056 1 96 | 192 288 576 | 176 352 528
1056 3 280 | 220 220 616 | 160 448 448
1056 61 5616 | 176 286 594 | 156 432 468 | 216 216 624
1056 95 8736 | 208 224 624 | 156 420 480
1056 1 90 | 165 297 594 | 160 320 576
1056 115 9828 | 189 204 663 | 156 270 630
1056 1 84 | 165 231 660 | 192 192 672 | 132 462 462
1056 37 2880 | 128 288 640 | 120 360 576
1056 17 1320 | 132 264 660 | 160 192 704
1056 41 3120 | 165 176 715 | 120 312 624
1056 13 960 | 144 192 720 | 132 220 704
1056 229 15624 | 126 186 744 | 99 341 616
1056 5 312 | 120 156 780 | 84 468 504
1056 9 560 | 84 432 540 | 110 176 770
1056 15 812 | 84 189 783 | 70 406 580
1056 79 4212 | 90 156 810 | 81 195 780
1056 17 840 | 64 320 672 | 90 126 840
1056 37 1680 | 72 144 840 | 56 400 600
1056 3 130 | 64 160 832 | 55 286 715
1056 1217 50232 | 56 195 805 | 52 276 728
1056 17 672 | 56 160 840 | 48 336 672
1056 79 3024 | 48 252 756 | 51 189 816
1056 47 1680 | 48 168 840 | 42 390 624
1056 29 924 | 66 66 924 | 42 156 858
1056 29 840 | 42 104 910 | 36 180 840
1057 151 16695 | 245 371 441 | 265 315 477
1057 203 20520 | 190 408 459 | 216 290 551
1057 1057 85800 | 132 325 600 | 143 264 650
1057 79 5985 | 126 266 665 | 153 190 714
1057 7 480 | 105 280 672 | 96 465 496
1057 151 9348 | 114 164 779 | 84 399 574
1057 773 35280 | 56 441 560 | 63 210 784
1057 1057 23200 | 25 232 800 | 29 100 928
1057 1057 18700 | 20 187 850 | 22 100 935
1057 1057 16864 | 31 34 992 | 17 496 544
1058 2 231 | 308 330 420 | 304 336 418
1058 407 41230 | 217 290 551 | 190 434 434
1058 629 59800 | 200 260 598 | 184 299 575
1058 251 18480 | 140 198 720 | 112 330 616
1058 11 720 | 104 234 720 | 90 440 528
1058 13 720 | 78 260 720 | 90 176 792
1058 199 10472 | 68 374 616 | 70 308 680
1058 1823 95760 | 70 304 684 | 72 266 720
1058 325 16632 | 77 189 792 | 108 110 840
1058 143 5670 | 56 162 840 | 77 90 891
1058 229 6930 | 36 252 770 | 35 330 693
1058 127 3740 | 34 320 704 | 55 68 935
1059 13 1272 | 212 264 583 | 184 345 530
1059 27 2600 | 175 364 520 | 225 234 600
1059 38 3465 | 162 330 567 | 198 231 630
1059 337 26520 | 136 260 663 | 119 420 520
1059 107 8208 | 135 240 684 | 114 432 513
1059 74 4251 | 78 327 654 | 87 218 754
1059 53 1540 | 33 396 630 | 45 90 924
1059 275 7956 | 34 260 765 | 51 72 936
1060 23 2600 | 280 325 455 | 260 400 400
1060 17 1820 | 260 280 520 | 220 385 455
1060 1 106 | 265 265 530 | 212 424 424
1060 107 11220 | 220 330 510 | 210 374 476
1060 83 8600 | 200 430 430 | 215 325 520
1060 337 24472 | 112 304 644 | 115 280 665
1060 211 14850 | 110 275 675 | 100 432 528
1060 113 7920 | 120 220 720 | 99 465 496
1060 7 400 | 100 160 800 | 80 280 700
1060 293 15120 | 108 112 840 | 70 270 720
1060 31 1540 | 70 220 770 | 88 132 840
1060 1 48 | 60 400 600 | 80 140 840
1060 19 736 | 48 276 736 | 46 416 598
1060 1 34 | 53 106 901 | 40 340 680
1060 2 63 | 40 180 840 | 36 448 576
1060 41 1232 | 48 88 924 | 40 140 880
1060 4 117 | 36 192 832 | 52 72 936
1061 13 1368 | 216 351 494 | 209 396 456
1061 269 22425 | 138 325 598 | 135 351 575
1061 211 15080 | 104 377 580 | 130 203 728
1061 4 275 | 100 341 620 | 116 220 725
1061 53 3465 | 91 385 585 | 126 165 770
1061 1411 42735 | 37 210 814 | 35 333 693
1062 1 112 | 252 378 432 | 264 336 462
1062 33 3536 | 240 312 510 | 221 377 464
1062 3 260 | 150 312 600 | 195 204 663
1062 37 3024 | 132 336 594 | 126 432 504
1062 3 236 | 118 472 472 | 177 177 708
1062 1367 106704 | 117 432 513 | 152 208 702
1062 55 4032 | 112 320 630 | 108 378 576
1062 19 1170 | 90 270 702 | 102 195 765
1062 71 3960 | 90 180 792 | 72 495 495
1062 551 27720 | 63 495 504 | 90 132 840
1062 139 6048 | 72 126 864 | 54 336 672
1062 1 42 | 59 177 826 | 54 252 756
1062 47 1530 | 38 340 684 | 54 90 918
1062 41 1302 | 39 217 806 | 62 70 930
1062 647 18810 | 33 399 630 | 38 144 880
1062 5 144 | 48 78 936 | 33 336 693
1062 9 220 | 27 495 540 | 33 105 924
1062 4261 98280 | 27 195 840 | 26 280 756
1063 103 10584 | 196 408 459 | 216 308 539
1063 10 851 | 174 222 667 | 138 370 555
1063 191 14040 | 132 216 715 | 135 208 720
1063 229 15180 | 120 184 759 | 132 161 770
1063 46 3003 | 91 378 594 | 104 231 728
1063 2053 120120 | 84 264 715 | 77 440 546
1063 347 18525 | 95 143 825 | 75 247 741
1063 79 3465 | 55 315 693 | 63 175 825
1063 1889 63687 | 69 71 923 | 39 426 598
1064 1 114 | 266 399 399 | 304 304 456
1064 59 6076 | 217 308 539 | 196 434 434
1064 1 96 | 228 228 608 | 168 448 448
1064 415 38808 | 196 252 616 | 165 360 539
1064 109 10080 | 168 320 576 | 210 224 630
1064 133 12240 | 180 272 612 | 160 360 544
1064 19 1716 | 154 364 546 | 176 264 624
1064 133 11700 | 144 400 520 | 180 234 650
1064 19 1656 | 144 368 552 | 168 252 644
1064 29 2520 | 144 360 560 | 140 420 504
1064 1 84 | 168 224 672 | 133 399 532
1064 467 29988 | 136 144 784 | 98 252 714
1064 19 1176 | 84 392 588 | 112 168 784
1064 7 410 | 95 190 779 | 80 328 656
1064 133 6512 | 74 176 814 | 64 296 704
1064 7 320 | 64 200 800 | 56 448 560
1064 133 5720 | 52 440 572 | 80 104 880
1064 7 240 | 40 384 640 | 57 95 912
1064 43 1400 | 40 224 800 | 50 104 910
1064 1 30 | 38 171 855 | 35 294 735
1064 19 560 | 40 128 896 | 35 245 784
1064 133 3740 | 44 85 935 | 32 352 680
1064 133 2880 | 32 72 960 | 24 320 720
1064 811 14364 | 19 513 532 | 20 189 855
1064 133 1020 | 10 34 1020 | 8 240 816
1065 43 5040 | 324 336 405 | 315 350 400
1065 73 7920 | 225 400 440 | 240 330 495
1065 79 8400 | 225 336 504 | 240 300 525
1065 1 105 | 225 315 525 | 213 355 497
1065 4 399 | 190 350 525 | 210 285 570
1065 1 99 | 220 260 585 | 198 306 561
1065 7 495 | 105 330 630 | 108 297 660
1065 59 3300 | 120 120 825 | 75 330 660
1065 943 51975 | 75 297 693 | 105 135 825
1065 7 351 | 66 297 702 | 65 325 675
1065 19 600 | 36 504 525 | 45 120 900
1065 467 8580 | 20 330 715 | 36 39 990
1065 116 1275 | 12 153 900 | 20 25 1020
1066 19 1840 | 208 260 598 | 184 322 560
1066 13 1230 | 164 410 492 | 205 246 615
1066 5 468 | 164 369 533 | 208 234 624
1066 187 13338 | 117 247 702 | 135 190 741
1066 13 900 | 135 175 756 | 116 225 725
1066 991 67320 | 120 198 748 | 136 165 765
1066 25 1638 | 104 234 728 | 91 390 585
1066 67 4165 | 98 220 748 | 112 170 784
1066 1 51 | 66 340 660 | 80 170 816
1066 611 20286 | 46 138 882 | 42 196 828
1066 347 8190 | 30 126 910 | 26 455 585
1067 5 484 | 220 242 605 | 176 363 528
1067 16 1547 | 170 442 455 | 187 308 572
1067 29 2800 | 200 272 595 | 182 325 560
1067 97 9240 | 220 231 616 | 165 440 462
1067 71 6160 | 143 364 560 | 176 231 660
1067 115 9009 | 117 455 495 | 143 231 693
1067 3 176 | 99 176 792 | 77 462 528
1067 13 560 | 77 110 880 | 52 455 560
1067 169 6072 | 45 230 792 | 44 264 759
1068 41 4320 | 210 378 480 | 240 288 540
1068 601 60060 | 210 286 572 | 231 252 585
1068 389 37128 | 221 231 616 | 168 390 510
1068 719 60060 | 140 312 616 | 132 390 546
1068 43 3024 | 108 288 672 | 144 168 756
1068 131 7068 | 84 186 798 | 76 248 744
1068 67 2970 | 60 216 792 | 54 429 585
1068 107 4320 | 48 480 540 | 60 144 864
1068 2003 80784 | 54 198 816 | 48 459 561
1068 37 1386 | 45 330 693 | 44 448 576
1068 37 1170 | 60 72 936 | 39 210 819
1068 39 1232 | 36 504 528 | 44 128 896
1069 481 54180 | 252 387 430 | 288 301 480
1069 1069 112200 | 255 264 550 | 204 425 440
1069 121 11424 | 221 224 624 | 168 357 544
1069 61 5244 | 138 399 532 | 174 228 667
1069 1 54 | 69 460 540 | 108 124 837
1069 73 3885 | 77 222 770 | 70 333 666
1069 1069 56700 | 70 324 675 | 84 175 810
1069 953 48620 | 68 286 715 | 66 340 663
1069 59 2640 | 55 390 624 | 90 99 880
1069 71 3080 | 77 112 880 | 55 286 728
1069 13 450 | 52 117 900 | 40 504 525
1069 89 3080 | 55 104 910 | 40 490 539
1069 37 385 | 11 253 805 | 13 55 1001
1070 383 35266 | 203 229 638 | 154 458 458
1070 353 27360 | 160 190 720 | 120 342 608
1070 12961 985320 | 115 360 595 | 120 306 644
1070 67 4950 | 130 225 715 | 110 360 600
1070 83 6000 | 125 225 720 | 160 160 750
1070 527 34200 | 90 380 600 | 104 225 741
1070 41 2574 | 110 180 780 | 91 286 693
1070 73 4400 | 80 440 550 | 110 160 800
1070 113 6160 | 70 440 560 | 80 220 770
1070 1 44 | 80 110 880 | 56 286 728
1070 11 448 | 56 182 832 | 50 320 700
1070 89 3600 | 50 300 720 | 80 90 900
1070 127 4752 | 55 135 880 | 44 432 594
1071 3 325 | 273 273 525 | 221 425 425
1071 31 3276 | 216 351 504 | 252 273 546
1071 7 660 | 170 340 561 | 180 297 594
1071 7 600 | 175 224 672 | 136 425 510 | 180 216 675
1071 7 585 | 135 351 585 | 153 255 663
1071 29 2184 | 147 196 728 | 136 221 714
1071 21 1496 | 136 187 748 | 102 408 561
1071 37 2475 | 99 297 675 | 126 175 770
1071 211 10920 | 70 273 728 | 91 140 840
1071 7 297 | 51 459 561 | 81 99 891
1071 253 7560 | 54 72 945 | 35 280 756
1072 1 110 | 240 352 480 | 231 406 435
1072 67 6160 | 160 352 560 | 176 280 616
1072 39 3080 | 145 231 696 | 132 280 660
1072 239 18480 | 154 198 720 | 120 336 616
1072 1291 97240 | 110 442 520 | 136 221 715
1072 1 72 | 112 288 672 | 104 396 572
1072 331 23100 | 100 378 594 | 116 231 725
1072 179 11960 | 104 253 715 | 92 460 520
1072 523 32760 | 104 198 770 | 84 468 520
1072 1543 96096 | 88 312 672 | 84 416 572
1072 577 27720 | 72 175 825 | 60 396 616
1072 37 1584 | 72 120 880 | 52 396 624
1072 1 40 | 48 384 640 | 72 100 900
1072 67 2640 | 60 132 880 | 48 320 704
1072 67 1624 | 28 232 812 | 32 112 928
1073 1 105 | 203 435 435 | 259 259 555
1073 9 935 | 198 425 450 | 240 272 561
1073 41 3960 | 170 408 495 | 198 275 600
1073 23 1680 | 105 440 528 | 112 310 651
1073 1 72 | 111 296 666 | 116 261 696
1073 1259 79560 | 104 204 765 | 85 468 520
1073 211 11760 | 72 441 560 | 85 204 784
1073 37 1740 | 58 435 580 | 87 116 870
1073 269 12285 | 65 189 819 | 57 351 665
1073 1739 42840 | 36 85 952 | 28 280 765
1073 431 4543 | 13 59 1001 | 11 413 649
1074 71 7854 | 238 374 462 | 264 306 504
1074 389 42840 | 255 315 504 | 238 360 476
1074 11 1134 | 210 324 540 | 234 273 567
1074 41 3564 | 162 264 648 | 143 364 567
1074 523 43470 | 168 216 690 | 138 315 621
1074 317 20358 | 117 174 783 | 104 216 754
1074 1961 125664 | 96 264 714 | 102 224 748
1074 139 5670 | 50 324 700 | 54 210 810
1074 27 1100 | 75 99 900 | 50 320 704
1074 13 510 | 60 130 884 | 48 306 720
1074 2207 72618 | 38 399 637 | 39 294 741
1074 619 19656 | 39 216 819 | 54 84 936
1074 47 792 | 18 528 528 | 24 60 990
1074 67 1008 | 24 42 1008 | 16 414 644
1074 17 240 | 16 138 920 | 21 45 1008
1075 23 2340 | 195 360 520 | 234 261 580
1075 37 3640 | 208 272 595 | 184 345 546
1075 499 43680 | 140 455 480 | 195 208 672
1075 167 11700 | 116 234 725 | 100 390 585
1075 43 3000 | 125 200 750 | 100 375 600
1075 67 4620 | 140 165 770 | 99 360 616
1075 13 855 | 91 399 585 | 95 315 665
1075 2 117 | 87 234 754 | 112 144 819
1075 43 1740 | 50 300 725 | 60 145 870
1075 1 39 | 46 483 546 | 51 208 816
1075 859 17325 | 35 50 990 | 22 378 675
1075 97 1900 | 22 228 825 | 25 100 950
1076 73 7488 | 192 416 468 | 240 260 576
1076 47 4680 | 182 390 504 | 180 416 480
1076 113 11088 | 176 396 504 | 192 308 576
1076 67 5060 | 115 341 620 | 110 460 506
1076 799 60060 | 133 228 715 | 110 420 546
1076 53 3780 | 140 180 756 | 108 308 660
1076 7 432 | 96 224 756 | 108 176 792
1076 157 9240 | 77 495 504 | 80 336 660
1076 407 23712 | 76 480 520 | 96 182 798
1076 257 10032 | 51 209 816 | 76 88 912
1076 163 5148 | 52 88 936 | 36 468 572
1076 1559 28980 | 23 108 945 | 20 504 552
1076 139 2340 | 18 460 598 | 20 120 936
1076 121 2016 | 18 322 736 | 32 36 1008
1077 464 42075 | 165 300 612 | 153 374 550
1077 17 1404 | 180 195 702 | 132 351 594
1077 23 1155 | 77 175 825 | 63 429 585
1077 73 3480 | 65 232 780 | 87 120 870
1077 239 10395 | 81 105 891 | 54 330 693
1077 65 2772 | 55 252 770 | 63 156 858
1077 43 1680 | 48 294 735 | 51 210 816
1077 251 9360 | 48 210 819 | 45 312 720
1077 317 10980 | 54 108 915 | 40 488 549
1077 197 5544 | 32 352 693 | 33 252 792
1077 131 2520 | 21 336 720 | 24 108 945
1078 7 760 | 266 280 532 | 220 418 440
1078 1 90 | 198 220 660 | 147 441 490 | 168 280 630
1078 49 4350 | 150 348 580 | 165 275 638
1078 59 4950 | 132 396 550 | 175 210 693
1078 7 576 | 176 198 704 | 126 448 504
1078 1 78 | 117 403 558 | 168 182 728
1078 49 3630 | 110 363 605 | 132 220 726
1078 1 70 | 154 154 770 | 98 490 490
1078 269 16632 | 88 297 693 | 84 378 616
1078 19 1170 | 117 155 806 | 84 364 630
1078 53 3080 | 88 220 770 | 77 385 616
1078 7 396 | 88 198 792 | 77 308 693
1078 31 1518 | 63 322 693 | 66 253 759
1078 7 310 | 55 341 682 | 70 140 868
1078 257 9240 | 44 264 770 | 42 420 616
1078 49 990 | 22 396 660 | 33 55 990
1078 7 130 | 20 460 598 | 25 78 975
1078 331 4368 | 18 52 1008 | 14 336 728
1079 509 59220 | 280 376 423 | 300 329 450
1079 53 5590 | 215 344 520 | 260 260 559
1079 29 2856 | 232 238 609 | 204 280 595
1079 8 595 | 119 280 680 | 110 374 595
1079 2 133 | 104 247 728 | 91 494 494
1079 46 1925 | 50 490 539 | 55 224 800
1079 3029 65100 | 25 186 868 | 24 280 775
1079 157 3003 | 21 299 759 | 39 39 1001
1080 3 352 | 288 396 396 | 320 320 440
1080 3 350 | 280 400 400 | 315 315 450
1080 17 1980 | 288 352 440 | 300 330 450
1080 1 112 | 240 420 420 | 288 288 504
1080 1 108 | 216 432 432 | 270 270 540
1080 1 100 | 180 450 450 | 240 240 600
1080 7 660 | 160 440 480 | 198 252 630
1080 73 6300 | 144 336 600 | 150 300 630
1080 1 80 | 120 480 480 | 180 180 720
1080 47 3570 | 112 408 560 | 119 310 651
1080 1 72 | 120 240 720 | 108 324 648
1080 1 66 | 144 144 792 | 90 495 495
1080 359 23400 | 100 252 728 | 90 390 600
1080 1 60 | 80 400 600 | 108 162 810
1080 281 16380 | 105 156 819 | 90 210 780
1080 1 56 | 120 120 840 | 72 504 504
1080 137 7560 | 105 135 840 | 72 378 630
1080 3 160 | 72 288 720 | 80 200 800
1080 47 2376 | 66 312 702 | 72 216 792
1080 1 44 | 81 108 891 | 66 156 858
1080 479 18360 | 72 90 918 | 51 189 840
1080 3 112 | 45 315 720 | 56 128 896
1080 3 104 | 72 72 936 | 40 520 520
1080 191 6600 | 40 440 600 | 56 100 924
1080 1 22 | 24 528 528 | 45 45 990
1080 131 2880 | 30 90 960 | 24 480 576
1080 101 1980 | 22 230 828 | 30 60 990
1081 305 35112 | 264 399 418 | 275 350 456
1081 1 80 | 171 190 720 | 120 465 496 | 145 240 696
1081 19 1380 | 115 276 690 | 120 248 713
1081 1889 81809 | 91 91 899 | 58 217 806
1081 179 7280 | 52 245 784 | 80 91 910
1081 1 36 | 46 207 828 | 47 188 846
1081 13 380 | 36 190 855 | 57 64 960
1081 37 910 | 49 52 980 | 28 273 780
1081 251 5859 | 31 105 945 | 27 217 837
1082 107 11445 | 210 436 436 | 218 360 504
1082 91 9200 | 200 322 560 | 208 299 575
1082 103 10296 | 198 312 572 | 182 396 504
1082 769 65208 | 132 456 494 | 143 312 627
1082 647 54054 | 182 198 702 | 132 378 572
1082 541 41412 | 136 232 714 | 116 357 609
1082 47 3534 | 152 186 744 | 114 341 627
1082 541 39312 | 104 432 546 | 144 182 756
1082 10 693 | 98 396 588 | 132 180 770
1082 541 35112 | 132 152 798 | 88 462 532
1082 449 13398 | 55 70 957 | 42 116 924
1082 635 17632 | 38 116 928 | 32 290 760
1082 211 5278 | 29 234 819 | 30 182 870
1082 19 408 | 28 102 952 | 24 276 782
1082 541 3612 | 8 42 1032 | 7 172 903
1083 25 2856 | 264 357 462 | 255 408 420
1083 751 85008 | 253 368 462 | 264 336 483
1083 1 108 | 216 408 459 | 228 342 513
1083 551 58608 | 222 333 528 | 208 407 468
1083 15 1496 | 187 352 544 | 180 408 495
1083 361 34320 | 195 264 624 | 165 390 528
1083 121 10608 | 153 306 624 | 195 208 680
1083 361 30960 | 135 432 516 | 180 215 688
1083 361 27600 | 138 225 720 | 115 368 600
1083 41 3003 | 133 209 741 | 117 273 693
1083 47 3420 | 114 285 684 | 152 171 760
1083 11 720 | 95 304 684 | 99 264 720
1083 361 22560 | 96 235 752 | 90 288 705
1083 19 840 | 63 180 840 | 57 266 760
1083 85 2079 | 33 105 945 | 27 462 594
1083 479 10725 | 25 299 759 | 33 75 975
1083 69 1100 | 18 165 900 | 25 46 1012
1083 361 4080 | 12 255 816 | 15 48 1020
1083 901 6864 | 8 195 880 | 10 33 1040
1084 271 30690 | 248 396 440 | 279 310 495
1084 433 46872 | 217 408 459 | 216 434 434
1084 271 28980 | 210 414 460 | 252 280 552
1084 5 506 | 187 391 506 | 184 440 460
1084 125 12012 | 220 234 630 | 176 336 572
1084 1039 87780 | 132 420 532 | 171 220 693
1084 31 2244 | 104 408 572 | 132 204 748
1084 271 18720 | 96 468 520 | 144 160 780
1084 37 2070 | 72 460 552 | 96 160 828
1084 51 2660 | 76 210 798 | 72 252 760
1084 13 672 | 108 112 864 | 84 160 840
1084 13 630 | 60 448 576 | 70 195 819
1084 179 7920 | 72 132 880 | 55 336 693
1084 401 14784 | 44 336 704 | 64 96 924
1084 43 1430 | 40 264 780 | 39 330 715
1084 193 5712 | 34 336 714 | 48 84 952
1084 61 1540 | 28 440 616 | 49 55 980
1084 271 6664 | 28 272 784 | 34 98 952
1084 143 2660 | 20 532 532 | 26 70 988
1084 271 5040 | 20 504 560 | 36 40 1008
1085 1 117 | 279 403 403 | 315 315 455
1085 31 3528 | 280 315 490 | 252 392 441
1085 7 720 | 240 260 585 | 210 315 560
1085 47 4641 | 221 252 612 | 182 357 546
1085 44 4095 | 210 225 650 | 182 273 630
1085 1 93 | 217 217 651 | 155 465 465
1085 217 19800 | 200 225 660 | 150 440 495
1085 17 1512 | 200 210 675 | 189 224 672
1085 1 84 | 140 315 630 | 175 210 700
1085 217 17589 | 165 205 715 | 123 429 533
1085 31 2275 | 105 455 525 | 117 275 693
1085 109 7700 | 110 275 700 | 140 175 770
1085 31 1955 | 119 161 805 | 85 425 575
1085 579 30800 | 84 176 825 | 75 240 770
1085 217 11232 | 104 117 864 | 65 480 540
1085 119 5500 | 60 275 750 | 80 125 880
1085 2 91 | 62 217 806 | 56 392 637
1085 217 8784 | 80 90 915 | 48 488 549
1085 2 77 | 50 210 825 | 77 84 924
1085 929 32760 | 65 84 936 | 42 315 728
1085 31 1064 | 56 98 931 | 40 380 665
1085 1933 58905 | 35 357 693 | 45 105 935
1085 469 10400 | 25 260 800 | 32 78 975
1085 217 2613 | 15 65 1005 | 13 201 871
1086 1 120 | 336 350 400 | 330 360 396
1086 143 15330 | 219 357 510 | 210 438 438
1086 289 30030 | 195 429 462 | 210 330 546
1086 181 18216 | 216 276 594 | 184 396 506
1086 493 48048 | 176 364 546 | 231 231 624
1086 181 17556 | 228 231 627 | 168 456 462
1086 159 15400 | 176 350 560 | 189 297 600
1086 179 15600 | 140 400 546 | 150 312 624
1086 419 34320 | 132 330 624 | 176 195 715
1086 13 1008 | 126 288 672 | 120 336 630
1086 17 1260 | 126 240 720 | 110 360 616
1086 323 19110 | 78 420 588 | 87 245 754
1086 71 3960 | 84 210 792 | 72 429 585
1086 137 7410 | 114 117 855 | 78 228 780
1086 7 360 | 72 234 780 | 66 360 660
1086 467 23562 | 66 306 714 | 63 462 561
1086 157 7812 | 62 448 576 | 63 372 651
1086 181 8976 | 72 198 816 | 66 272 748
1086 17 792 | 72 156 858 | 63 231 792
1086 89 3990 | 60 228 798 | 57 294 735
1086 521 23166 | 78 117 891 | 66 162 858
1086 29 1254 | 60 190 836 | 57 231 798
1086 181 1056 | 6 288 792 | 8 22 1056
1087 1 99 | 220 255 612 | 175 450 462
1087 773 76475 | 175 437 475 | 190 322 575
1087 61 5040 | 154 240 693 | 126 465 496
1087 173 13860 | 153 220 714 | 126 341 620
1087 31 1840 | 88 240 759 | 115 144 828
1087 5 252 | 93 126 868 | 63 448 576
1087 173 7475 | 75 115 897 | 52 460 575
1087 1087 45760 | 64 143 880 | 52 320 715
1087 46 1827 | 58 147 882 | 62 126 899
1087 2327 64449 | 31 462 594 | 33 217 837
1087 523 13485 | 31 186 870 | 29 345 713
1087 1087 19800 | 20 275 792 | 25 72 990
1088 1 120 | 320 384 384 | 340 340 408
1088 421 44880 | 255 272 561 | 220 340 528
1088 13 1344 | 192 448 448 | 224 288 576
1088 127 12320 | 168 440 480 | 176 352 560
1088 11 952 | 136 476 476 | 170 238 680
1088 73 6120 | 136 340 612 | 153 255 680
1088 1 80 | 128 320 640 | 120 440 528 | 136 272 680
1088 43 3360 | 120 352 616 | 144 224 720
1088 7 510 | 119 255 714 | 153 170 765
1088 347 24700 | 116 247 725 | 100 494 494
1088 1 48 | 68 204 816 | 88 120 880 | 64 256 768
1088 89 3960 | 54 440 594 | 88 100 900
1088 7 180 | 35 108 945 | 30 230 828
1089 76 8235 | 244 305 540 | 270 270 549
1089 163 16632 | 231 264 594 | 189 396 504
1089 3 280 | 162 360 567 | 161 368 560
1089 911 65520 | 105 360 624 | 117 252 720
1089 26 1665 | 90 333 666 | 102 222 765
1089 43 2475 | 75 429 585 | 99 165 825
1089 10 567 | 90 189 810 | 81 252 756
1089 5 156 | 64 65 960 | 36 351 702
1089 4 105 | 36 108 945 | 49 60 980
1090 31 3640 | 280 390 420 | 286 364 440
1090 421 44154 | 223 306 561 | 198 446 446
1090 19 1800 | 175 315 600 | 160 450 480
1090 109 9504 | 144 352 594 | 160 270 660
1090 173 14490 | 130 414 546 | 138 322 630
1090 71 5390 | 130 245 715 | 110 490 490
1090 31 2200 | 110 280 700 | 100 440 550
1090 43 2860 | 112 208 770 | 100 275 715
1090 1 66 | 110 210 770 | 90 450 550
1090 239 14432 | 110 160 820 | 82 352 656
1090 109 5950 | 70 425 595 | 100 140 850
1090 29 1530 | 70 306 714 | 90 150 850
1090 109 5304 | 60 510 520 | 102 104 884
1090 7 286 | 50 325 715 | 70 110 910
1090 37 1368 | 45 285 760 | 76 78 936
1090 233 7920 | 40 330 720 | 45 165 880
1090 109 3366 | 36 306 748 | 45 110 935
1091 3071 300960 | 198 285 608 | 171 440 480
1091 17 1365 | 168 195 728 | 130 310 651
1091 1021 67320 | 90 440 561 | 99 272 720
1091 1 65 | 130 155 806 | 91 350 650
1091 103 6435 | 90 286 715 | 104 195 792
1091 397 24752 | 91 272 728 | 119 156 816
1091 103 6072 | 92 207 792 | 77 462 552
1091 817 46035 | 99 155 837 | 75 341 675
1091 1013 51975 | 66 350 675 | 77 189 825
1091 571 26180 | 56 440 595 | 77 130 884
1091 197 5775 | 35 231 825 | 33 483 575
1092 1 120 | 336 336 420 | 312 390 390
1092 11 1260 | 260 364 468 | 252 420 420
1092 7 780 | 260 312 520 | 234 390 468
1092 181 19278 | 255 270 567 | 224 324 544
1092 39 4060 | 196 406 490 | 232 280 580
1092 17 1764 | 196 392 504 | 252 252 588
1092 247 25200 | 225 272 595 | 240 252 600
1092 29 2940 | 210 294 588 | 196 336 560
1092 13 1296 | 189 336 567 | 192 324 576
1092 7 690 | 180 360 552 | 195 299 598
1092 13 1260 | 168 420 504 | 210 252 630
1092 13 1176 | 147 441 504 | 196 224 672
1092 13 1140 | 180 228 684 | 140 420 532
1092 91 7830 | 180 216 696 | 135 435 522
1092 31 2640 | 132 480 480 | 140 336 616
1092 1 80 | 126 336 630 | 120 432 540
1092 13 1020 | 140 238 714 | 120 360 612
1092 7 540 | 120 324 648 | 130 260 702
1092 169 11760 | 112 245 735 | 140 168 784
1092 3 196 | 91 364 637 | 112 196 784
1092 1259 80388 | 87 396 609 | 126 154 812
1092 91 5520 | 80 460 552 | 120 144 828
1092 91 5022 | 93 162 837 | 72 372 648
1092 91 4752 | 96 132 864 | 66 432 594
1092 49 2508 | 66 342 684 | 72 228 792
1092 13 630 | 63 294 735 | 72 180 840
1092 3 130 | 52 520 520 | 91 91 910
1092 7 300 | 52 390 650 | 72 120 900
1092 1 42 | 63 147 882 | 52 312 728
1092 91 3672 | 48 432 612 | 72 102 918
1092 7 234 | 39 351 702 | 52 104 936
1092 91 2880 | 36 480 576 | 60 72 960
1092 13 396 | 36 264 792 | 42 126 924
1092 3 76 | 28 532 532 | 52 52 988
1092 29 660 | 28 140 924 | 36 66 990
1093 229 26040 | 248 390 455 | 279 310 504
1093 61 5148 | 130 468 495 | 132 403 558
1093 53 3534 | 104 248 741 | 93 380 620
1093 205 9576 | 57 504 532 | 70 168 855
1093 1279 41800 | 55 88 950 | 40 228 825
1093 173 2145 | 13 495 585 | 15 77 1001
1094 415 42874 | 221 291 582 | 194 390 510
1094 37 3542 | 203 253 638 | 220 230 644
1094 397 36960 | 176 288 630 | 210 224 660
1094 3169 262080 | 182 192 720 | 126 448 520
1094 149 12240 | 170 204 720 | 126 408 560
1094 347 24640 | 110 280 704 | 132 192 770
1094 107 6160 | 84 240 770 | 80 286 728
1094 149 8190 | 110 126 858 | 70 504 520
1094 317 17290 | 77 247 770 | 70 416 608
1094 13 560 | 70 128 896 | 80 104 910
1094 2 63 | 36 414 644 | 44 126 924
1094 47 1368 | 36 184 874 | 38 144 912
1094 41 1078 | 30 294 770 | 44 70 980
1094 547 10560 | 22 192 880 | 24 110 960
1094 547 7280 | 14 520 560 | 26 28 1040
1095 71 7920 | 270 297 528 | 240 360 495
1095 269 28080 | 195 432 468 | 240 270 585
1095 224 19305 | 135 440 520 | 195 198 702
1095 8 675 | 150 270 675 | 135 360 600
1095 73 4560 | 95 240 760 | 90 285 720
1095 73 4488 | 85 330 680 | 99 204 792
1095 37 2268 | 81 468 546 | 105 180 810
1095 73 4200 | 75 420 600 | 105 150 840
1095 509 27720 | 72 330 693 | 90 165 840
1095 73 3696 | 63 504 528 | 105 110 880
1095 73 3552 | 96 111 888 | 60 480 555
1095 17 660 | 66 105 924 | 50 220 825
1095 73 2760 | 60 115 920 | 45 360 690
1095 1559 58905 | 70 90 935 | 45 357 693
1095 73 2184 | 35 280 780 | 42 117 936
1096 29 3360 | 280 336 480 | 260 416 420
1096 409 41220 | 229 255 612 | 180 458 458
1096 709 70680 | 195 312 589 | 228 248 620
1096 47 4080 | 144 340 612 | 136 480 480
1096 3811 328440 | 168 238 690 | 161 255 680
1096 65 4712 | 104 403 589 | 124 228 744
1096 229 15840 | 96 450 550 | 144 160 792
1096 17 1152 | 128 176 792 | 96 360 640
1096 19 1224 | 136 144 816 | 88 396 612
1096 1 60 | 96 200 800 | 124 135 837
1096 1 56 | 96 160 840 | 72 448 576
1096 73 3780 | 93 135 868 | 70 270 756
1096 181 7540 | 70 116 910 | 52 290 754
1096 23 260 | 16 40 1040 | 13 95 988
1097 479 24255 | 105 110 882 | 63 495 539
1097 148 5225 | 70 77 950 | 44 228 825
1098 61 7380 | 324 369 405 | 328 360 410
1098 83 9360 | 240 390 468 | 272 306 520
1098 1 110 | 231 357 510 | 240 330 528
1098 1481 155610 | 210 342 546 | 247 266 585
1098 61 6120 | 216 270 612 | 180 408 510
1098 11 1053 | 216 234 648 | 162 468 468
1098 95 9072 | 210 240 648 | 162 432 504
1098 61 5040 | 126 432 540 | 168 210 720
1098 17 1386 | 153 231 714 | 126 378 594
1098 3 244 | 122 488 488 | 183 183 732
1098 443 33264 | 144 198 756 | 108 462 528
1098 13 924 | 119 231 748 | 108 297 693
1098 29 1890 | 126 162 810 | 90 378 630
1098 73 4104 | 72 513 513 | 84 216 798
1098 61 3420 | 72 456 570 | 108 135 855
1098 23 1260 | 84 195 819 | 90 168 840
1098 183 8294 | 66 174 858 | 58 286 754
1098 183 7384 | 48 426 624 | 71 104 923
1098 61 2340 | 72 90 936 | 45 468 585
1098 17 648 | 48 240 810 | 45 405 648
1098 3 104 | 40 460 598 | 54 108 936
1098 183 5200 | 48 75 975 | 32 416 650
1098 505 10626 | 42 44 1012 | 23 385 690
1099 11 1260 | 280 315 504 | 252 385 462
1099 1099 112860 | 220 285 594 | 190 396 513
1099 119 11856 | 228 247 624 | 176 429 494
1099 503 35280 | 112 252 735 | 98 441 560
1099 23 1260 | 70 441 588 | 77 252 770
1099 2 105 | 75 224 800 | 70 294 735
1099 7 340 | 70 196 833 | 85 130 884
1099 157 7560 | 70 189 840 | 63 280 756
1099 1843 80080 | 65 154 880 | 77 112 910
1099 157 6468 | 49 462 588 | 77 98 924
1099 17 665 | 46 483 570 | 70 98 931
1099 157 5688 | 72 79 948 | 42 504 553
1099 7 205 | 33 451 615 | 41 115 943
1100 1 120 | 300 400 400 | 330 330 440
1100 1 110 | 275 275 550 | 220 440 440
1100 17 1680 | 180 360 560 | 175 400 525
1100 461 43680 | 160 420 520 | 182 288 630
1100 13 1190 | 150 425 525 | 182 255 663
1100 29 2640 | 150 400 550 | 176 264 660
1100 227 20020 | 140 440 520 | 143 385 572
1100 2 175 | 140 400 560 | 200 200 700
1100 73 6300 | 175 225 700 | 140 360 600
1100 211 15470 | 143 187 770 | 104 476 520
1100 61 3420 | 105 140 855 | 76 304 720
1100 41 1890 | 56 504 540 | 57 378 665
1100 1 42 | 50 525 525 | 88 88 924
1100 1 36 | 44 264 792 | 42 414 644 | 50 150 900
1101 4 429 | 234 306 561 | 253 276 572
1101 227 19305 | 165 234 702 | 132 429 540
1101 2287 191520 | 144 285 672 | 133 360 608
1101 10 819 | 126 390 585 | 153 234 714
1101 32 2457 | 126 273 702 | 156 189 756
1101 33 2408 | 112 301 688 | 129 216 756
1101 5 357 | 126 210 765 | 100 476 525
1101 167 9576 | 120 126 855 | 76 360 665
1101 599 33579 | 77 286 738 | 117 123 861
1101 367 20400 | 75 306 720 | 85 200 816
1101 614 32175 | 78 198 825 | 66 450 585
1101 463 18480 | 56 165 880 | 48 360 693
1101 47 1872 | 51 234 816 | 48 351 702
1101 230 5829 | 29 268 804 | 30 201 870
1101 1 16 | 21 72 1008 | 18 171 912
1102 1 112 | 232 406 464 | 266 304 532
1102 97 10450 | 220 350 532 | 209 418 475
1102 1 90 | 171 266 665 | 145 435 522 | 190 228 684
1102 71 5720 | 130 312 660 | 154 220 728
1102 1 78 | 114 494 494 | 174 174 754 | 130 270 702
1102 311 20400 | 90 400 612 | 136 150 816
1102 19 1218 | 116 174 812 | 87 406 609
1102 5 308 | 133 133 836 | 88 286 728
1102 67 3960 | 90 220 792 | 88 234 780
1102 59 3080 | 66 420 616 | 110 112 880
1102 79 3458 | 78 112 912 | 57 247 798
1102 787 31824 | 52 234 816 | 48 442 612
1102 51 1862 | 49 171 882 | 57 114 931
1102 1 22 | 44 46 1012 | 24 462 616
1103 59 4725 | 119 459 525 | 135 275 693
1103 601 40040 | 91 440 572 | 100 275 728
1103 38 1575 | 63 140 900 | 50 378 675
1103 8377 237600 | 32 396 675 | 33 270 800
1104 73 7992 | 216 444 444 | 222 378 504
1104 3 320 | 224 320 560 | 240 288 576
1104 5 504 | 192 336 576 | 180 420 504
1104 37 3720 | 220 264 620 | 186 360 558
1104 131 12324 | 156 474 474 | 204 237 663
1104 47 4368 | 208 224 672 | 168 312 624
1104 1 90 | 207 207 690 | 144 480 480
1104 25 2112 | 132 396 576 | 160 240 704
1104 1 84 | 132 378 594 | 144 288 672 | 138 322 644
1104 25 2016 | 120 480 504 | 161 207 736
1104 139 11160 | 124 360 620 | 180 180 744
1104 25 1848 | 105 495 504 | 132 216 756
1104 43 3120 | 144 180 780 | 104 400 600
1104 19 1320 | 132 180 792 | 96 480 528
1104 11 720 | 96 288 720 | 90 390 624
1104 83 5040 | 120 144 840 | 80 448 576
1104 1 60 | 80 384 640 | 90 234 780
1104 339 20020 | 78 396 630 | 77 455 572
1104 1 54 | 96 144 864 | 69 414 621
1104 71 2700 | 75 84 945 | 54 150 900
1105 13 1540 | 286 364 455 | 280 385 440
1105 13 1440 | 225 400 480 | 255 306 544
1105 13 1380 | 230 300 575 | 204 391 510
1105 1 105 | 195 455 455 | 255 255 595
1105 1 90 | 144 465 496 | 153 340 612
1105 19 1584 | 165 220 720 | 144 279 682
1105 29 2400 | 160 225 720 | 125 480 500
1105 13 1008 | 117 364 624 | 144 217 744
1105 137 9360 | 144 155 806 | 117 208 780
1105 19 1008 | 70 315 720 | 93 144 868 | 78 208 819
1105 11 468 | 52 351 702 | 51 442 612
1105 11 455 | 65 130 910 | 52 273 780
1105 13 477 | 51 153 901 | 45 265 795
1105 71 2400 | 45 160 900 | 39 416 650
1105 13 285 | 27 133 945 | 25 225 855
1105 104 1925 | 22 133 950 | 20 385 700
1105 347 6072 | 24 69 1012 | 20 165 920
1106 553 64350 | 260 396 450 | 286 325 495
1106 1 105 | 196 420 490 | 210 336 560
1106 139 14504 | 196 392 518 | 222 296 588
1106 79 7644 | 168 392 546 | 196 273 637
1106 20 1771 | 140 460 506 | 154 308 644
1106 379 29070 | 114 380 612 | 170 171 765
1106 73 5390 | 105 462 539 | 140 196 770
1106 553 33440 | 80 418 608 | 110 160 836
1106 307 18480 | 112 154 840 | 80 396 630
1106 109 6440 | 105 161 840 | 80 336 690
1106 47 2590 | 70 518 518 | 77 259 770
1106 77 3910 | 69 255 782 | 92 130 884
1106 121 5880 | 80 144 882 | 70 196 840
1106 19 864 | 56 378 672 | 66 176 864
1106 79 3224 | 56 182 868 | 52 248 806
1106 77 3120 | 48 460 598 | 80 90 936
1106 41 1456 | 48 161 897 | 42 336 728
1106 79 2340 | 40 130 936 | 35 252 819
1106 553 12650 | 44 50 1012 | 25 506 575
1106 287 4590 | 17 495 594 | 18 170 918
1107 1 100 | 195 312 600 | 225 252 630
1107 21 1615 | 119 323 665 | 171 171 765
1107 17 1155 | 99 315 693 | 95 385 627
1107 37 2200 | 90 225 792 | 78 429 600
1107 1123 47736 | 51 432 624 | 72 117 918
1107 53 1800 | 39 468 600 | 42 225 840
1107 13 216 | 24 57 1026 | 18 297 792
1108 277 31416 | 238 408 462 | 272 308 528
1108 419 44352 | 224 308 576 | 198 448 462
1108 73 7084 | 184 308 616 | 165 460 483
1108 277 21840 | 120 364 624 | 140 240 728
1108 31 2310 | 143 195 770 | 112 336 660
1108 47 3456 | 128 224 756 | 108 360 640
1108 277 13860 | 84 144 880 | 63 385 660
1108 103 4950 | 63 275 770 | 88 120 900
1108 719 32130 | 54 459 595 | 85 105 918
1108 463 20020 | 52 440 616 | 55 273 780
1108 193 8320 | 70 128 910 | 52 416 640
1109 83 6808 | 148 248 713 | 184 185 740
1109 19 1496 | 152 209 748 | 119 374 616
1109 277 12600 | 56 378 675 | 55 504 550
1109 223 6552 | 35 234 840 | 33 504 572
1109 11 180 | 20 99 990 | 21 80 1008
1109 1517 10353 | 9 29 1071 | 7 493 609
1110 37 4488 | 306 396 408 | 330 340 440
1110 1 120 | 296 370 444 | 300 360 450
1110 47 5130 | 270 270 570 | 228 342 540
1110 109 11550 | 198 450 462 | 210 350 550
1110 37 3900 | 200 390 520 | 225 300 585
1110 37 3564 | 198 264 648 | 165 405 540
1110 193 18480 | 210 240 660 | 165 385 560
1110 97 9120 | 160 380 570 | 210 228 672
1110 37 3312 | 144 414 552 | 180 240 690
1110 37 3120 | 135 351 624 | 130 420 560
1110 11 900 | 135 300 675 | 150 240 720
1110 13 864 | 90 480 540 | 96 312 702
1110 37 2310 | 110 175 825 | 84 396 630
1110 263 16200 | 81 504 525 | 100 200 810
1110 97 5670 | 81 294 735 | 90 210 810
1110 111 5950 | 85 175 850 | 70 340 700
1110 43 2100 | 70 200 840 | 60 525 525
1110 37 1800 | 90 120 900 | 60 450 600
1110 11 525 | 84 126 900 | 60 350 700
1110 97 4446 | 57 351 702 | 65 190 855
1110 3 130 | 52 460 598 | 70 130 910
1110 89 2400 | 39 96 975 | 30 480 600
1110 79 1890 | 30 135 945 | 27 285 798
1110 37 624 | 18 468 624 | 30 40 1040
1111 139 13260 | 165 374 572 | 208 240 663
1111 13 1200 | 150 465 496 | 176 275 660
1111 481 31416 | 119 176 816 | 88 462 561
1111 667 30600 | 75 136 900 | 56 425 630
1111 1 45 | 58 270 783 | 55 396 660
1111 125 5544 | 88 99 924 | 55 336 720
1111 17 495 | 33 385 693 | 55 66 990
1111 149 3780 | 28 513 570 | 29 270 812
1112 139 13440 | 192 280 640 | 168 384 560
1112 3271 305760 | 195 245 672 | 160 364 588
1112 19 1680 | 160 280 672 | 140 432 540
1112 139 11880 | 176 216 720 | 132 440 540
1112 95 8008 | 176 208 728 | 140 312 660
1112 23 1860 | 120 496 496 | 144 248 720
1112 139 11100 | 120 400 592 | 150 222 740
1112 11 840 | 112 400 600 | 140 216 756
1112 397 29120 | 140 192 780 | 104 448 560
1112 1 72 | 112 280 720 | 144 176 792
1112 157 10584 | 98 312 702 | 112 216 784
1112 7 440 | 132 140 840 | 88 320 704
1112 227 13860 | 80 504 528 | 90 252 770
1112 1411 83600 | 77 475 560 | 100 176 836
1112 61 3432 | 72 468 572 | 88 192 832
1112 583 32760 | 72 455 585 | 90 182 840
1112 59 2688 | 56 384 672 | 72 144 896
1112 47 1344 | 40 112 960 | 32 504 576
1112 299 7588 | 28 542 542 | 29 271 812
1112 139 2520 | 20 252 840 | 24 80 1008
1113 191 18480 | 165 420 528 | 168 385 560
1113 107 7980 | 112 336 665 | 114 315 684
1113 7 495 | 105 315 693 | 99 429 585
1113 6 385 | 90 330 693 | 98 245 770
1113 1 60 | 84 294 735 | 105 168 840
1113 5 252 | 63 420 630 | 84 147 882
1113 17807 790020 | 56 297 760 | 54 399 660
1113 2533 62244 | 28 266 819 | 35 90 988
1113 241 5880 | 28 245 840 | 30 152 931
1113 19 360 | 21 252 840 | 24 99 990
1113 241 3900 | 25 48 1040 | 18 195 900
1114 373 31122 | 126 494 494 | 153 247 714
1114 131 10920 | 145 273 696 | 126 468 520
1114 457 32538 | 99 493 522 | 102 374 638
1114 1 70 | 100 364 650 | 99 385 630
1114 337 22230 | 90 416 608 | 102 247 765
1114 9 550 | 84 330 700 | 102 187 825
1114 79 2380 | 49 85 980 | 42 120 952
1114 2027 54230 | 40 88 986 | 34 145 935
1115 223 24024 | 231 312 572 | 210 385 520
1115 223 15048 | 114 209 792 | 95 360 660
1115 17 924 | 93 154 868 | 70 385 660
1115 149 7735 | 65 455 595 | 91 140 884
1115 223 8316 | 44 378 693 | 60 110 945
1115 223 4485 | 23 195 897 | 25 115 975
1116 93 10948 | 276 357 483 | 272 368 476
1116 93 10640 | 240 420 456 | 280 304 532
1116 17 1872 | 234 336 546 | 216 432 468
1116 3 310 | 248 248 620 | 186 465 465
1116 23 2340 | 234 252 630 | 180 468 468
1116 5 432 | 180 216 720 | 144 324 648
1116 3 248 | 186 186 744 | 124 496 496
1116 31 2550 | 135 306 675 | 136 300 680
1116 31 2520 | 144 252 720 | 126 360 630
1116 31 2340 | 108 468 540 | 156 180 780
1116 3 220 | 104 440 572 | 116 275 725
1116 31 2160 | 144 162 810 | 96 480 540
1116 1 66 | 93 341 682 | 108 216 792
1116 31 1890 | 108 168 840 | 81 405 630
1116 31 1710 | 90 171 855 | 72 360 684
1116 53 2772 | 72 252 792 | 66 420 630
1116 71 3654 | 87 147 882 | 72 232 812
1116 51 2576 | 63 432 621 | 92 128 896
1116 11 546 | 62 403 651 | 63 351 702
1116 19 924 | 63 297 756 | 60 440 616
1116 93 4480 | 60 384 672 | 80 140 896
1116 129 5980 | 92 104 920 | 60 276 780
1116 31 1320 | 60 176 880 | 54 270 792
1116 93 2050 | 41 50 1025 | 24 492 600
1116 93 1400 | 16 400 700 | 24 42 1050
1117 1117 110124 | 171 414 532 | 207 266 644
1117 213 20900 | 171 396 550 | 190 300 627
1117 1117 100800 | 192 225 700 | 144 448 525
1117 1453 109480 | 115 322 680 | 110 391 616
1117 85 5544 | 88 441 588 | 105 220 792
1117 17 945 | 76 285 756 | 77 270 770
1117 205 10416 | 63 496 558 | 93 128 896
1117 503 22715 | 55 413 649 | 59 253 805
1117 1117 7560 | 9 28 1080 | 7 270 840
1118 13 1584 | 308 378 432 | 304 396 418
1118 61 6930 | 270 308 540 | 234 429 455
1118 1 110 | 215 430 473 | 260 286 572
1118 43 4554 | 198 414 506 | 234 286 598
1118 13 1290 | 215 258 645 | 172 430 516
1118 15 1456 | 168 390 560 | 182 312 624
1118 559 44030 | 140 238 740 | 119 370 629
1118 103 7854 | 132 238 748 | 119 306 693
1118 89 6552 | 117 273 728 | 104 468 546
1118 43 3120 | 104 390 624 | 130 208 780
1118 559 35112 | 114 168 836 | 84 418 616
1118 971 59850 | 84 350 684 | 95 225 798
1118 1 60 | 129 129 860 | 78 520 520
1118 43 2574 | 78 468 572 | 117 143 858
1118 11 650 | 110 150 858 | 78 390 650
1118 37 1820 | 65 273 780 | 104 104 910
1118 13 630 | 91 117 910 | 60 414 644
1118 559 23562 | 51 374 693 | 68 126 924
1118 1 40 | 60 138 920 | 65 117 936
1118 19 650 | 40 350 728 | 65 78 975
1118 71 1960 | 40 98 980 | 35 152 931
1118 37 600 | 28 40 1050 | 18 200 900
1118 43 474 | 13 78 1027 | 12 158 948
1119 127 13908 | 244 305 570 | 228 342 549
1119 373 29580 | 116 493 510 | 174 180 765
1119 373 28152 | 153 184 782 | 108 459 552
1119 19 1320 | 105 286 728 | 99 360 660
1119 587 39600 | 99 300 720 | 144 150 825
1119 19 1260 | 90 441 588 | 105 234 780 | 102 252 765
1119 13 855 | 95 304 720 | 90 399 630
1119 43 2805 | 119 175 825 | 99 255 765
1119 1 63 | 105 195 819 | 90 294 735
1119 83 5040 | 84 315 720 | 90 245 784
1119 601 32775 | 69 475 575 | 95 150 874
1119 17 840 | 104 105 910 | 63 336 720
1119 529 25935 | 95 114 910 | 63 315 741
1119 479 22176 | 96 99 924 | 66 189 864
1119 41 1260 | 36 285 798 | 49 90 980
1119 125 3024 | 30 144 945 | 27 336 756
1120 1 120 | 320 320 480 | 280 420 420
1120 1 112 | 280 280 560 | 224 448 448
1120 79 8400 | 210 350 560 | 240 280 600
1120 1 96 | 224 224 672 | 160 480 480
1120 59 5544 | 180 280 660 | 154 462 504
1120 41 3800 | 152 418 550 | 175 280 665
1120 169 15400 | 154 350 616 | 200 220 700
1120 11 980 | 140 490 490 | 175 245 700
1120 343 28860 | 148 270 702 | 185 195 740
1120 161 12920 | 170 190 760 | 152 220 748
1120 7 550 | 130 275 715 | 175 175 770
1120 7 480 | 120 200 800 | 96 384 640
1120 17 1040 | 80 520 520 | 91 245 784
1120 7 360 | 100 120 900 | 64 480 576
1120 7 352 | 64 352 704 | 80 160 880
1120 31 1456 | 64 224 832 | 80 130 910
1121 1 120 | 285 380 456 | 295 354 472 | 280 406 435
1121 29 3276 | 260 315 546 | 247 342 532
1121 109 11400 | 190 456 475 | 225 288 608
1121 79 8151 | 247 247 627 | 190 385 546
1121 31 3080 | 203 280 638 | 176 385 560
1121 1 96 | 160 465 496 | 171 342 608
1121 74 3105 | 50 450 621 | 84 92 945
1121 317 12432 | 46 483 592 | 48 296 777
1121 26 805 | 40 161 920 | 49 92 980
1121 3737 84825 | 26 225 870 | 29 117 975
1122 53 6270 | 285 342 495 | 264 418 440
1122 23 2640 | 264 330 528 | 240 420 462
1122 53 6006 | 264 312 546 | 231 429 462
1122 1 108 | 204 459 459 | 264 264 594
1122 13 1386 | 231 297 594 | 198 462 462
1122 1 102 | 204 306 612 | 187 374 561
1122 95 9282 | 168 408 546 | 221 238 663
1122 71 6930 | 165 462 495 | 210 252 660
1122 13 1200 | 152 400 570 | 150 432 540
1122 53 4830 | 161 310 651 | 180 252 690
1122 2 165 | 132 330 660 | 170 204 748
1122 173 13566 | 119 357 646 | 114 476 532
1122 3 230 | 110 506 506 | 170 170 782
1122 79 6045 | 130 248 744 | 156 186 780
1122 29 2160 | 108 390 624 | 126 240 756
1122 1 72 | 108 312 702 | 132 198 792 | 102 408 612
1122 29 2040 | 110 264 748 | 102 340 680
1122 5 276 | 72 360 690 | 93 161 868
1122 39 2108 | 68 527 527 | 72 306 744
1122 145 7752 | 72 285 765 | 68 408 646
1122 2 105 | 68 340 714 | 66 440 616
1122 41 2112 | 64 506 552 | 66 352 704
1122 683 32130 | 60 306 756 | 85 119 918
1122 5 216 | 78 108 936 | 68 136 918
1122 281 11970 | 57 210 855 | 54 270 798
1122 1 42 | 51 357 714 | 66 132 924
1122 37 1344 | 64 92 966 | 42 504 576
1122 47 1326 | 34 204 884 | 39 114 969
1122 631 10530 | 30 39 1053 | 18 324 780
1123 1123 131040 | 252 416 455 | 288 315 520
1123 137 12155 | 143 385 595 | 187 221 715
1123 1 52 | 65 460 598 | 70 273 780
1123 103 5005 | 65 253 805 | 70 195 858
1123 279 13420 | 61 330 732 | 88 120 915
1123 53 1980 | 64 99 960 | 45 308 770
1123 137 4680 | 40 342 741 | 45 168 910
1123 691 20020 | 35 208 880 | 52 70 1001
1123 22 595 | 34 154 935 | 35 136 952
1123 1123 23529 | 23 341 759 | 31 69 1023
1123 3713 62244 | 19 168 936 | 18 364 741
1124 239 28704 | 299 345 480 | 288 368 468
1124 41 4284 | 189 459 476 | 224 288 612
1124 563 46512 | 136 304 684 | 144 266 714
1124 29 2356 | 124 380 620 | 152 228 744
1124 67 4928 | 112 308 704 | 104 448 572
1124 163 11172 | 98 342 684 | 112 228 784
1124 73 4940 | 95 364 665 | 104 260 760
1124 3 182 | 80 420 624 | 84 312 728
1124 535 29678 | 77 266 781 | 71 426 627
1124 163 8580 | 72 260 792 | 66 460 598
1125 839 98280 | 270 351 504 | 297 308 520
1125 3 350 | 280 325 520 | 300 300 525
1125 43 4200 | 195 280 650 | 175 350 600
1125 31 2700 | 150 300 675 | 135 450 540
1125 23 1980 | 135 396 594 | 165 240 720
1125 46 3465 | 110 385 630 | 165 168 792
1125 3 175 | 125 125 875 | 75 525 525
1125 419 23760 | 110 135 880 | 96 165 864
1125 26 945 | 54 126 945 | 42 513 570
1125 44 855 | 21 420 684 | 36 44 1045
1125 17 288 | 33 36 1056 | 21 96 1008
1126 1 114 | 285 290 551 | 252 342 532
1126 461 44352 | 165 385 576 | 176 320 630
1126 5 462 | 165 310 651 | 154 378 594
1126 193 17160 | 140 440 546 | 198 208 720
1126 13 1008 | 112 468 546 | 126 280 720
1126 37 2800 | 110 400 616 | 112 364 650
1126 349 23310 | 102 259 765 | 90 518 518
1126 839 46410 | 70 510 546 | 102 140 884
1126 83 4488 | 68 506 552 | 72 306 748
1126 257 11160 | 72 124 930 | 55 279 792
1126 2839 117040 | 60 154 912 | 56 190 880
1126 2861 55440 | 21 385 720 | 24 112 990
1127 1 117 | 252 420 455 | 286 319 522
1127 17 1960 | 245 392 490 | 280 308 539
1127 91 9405 | 225 275 627 | 231 266 630
1127 31 3185 | 182 455 490 | 245 245 637
1127 2 195 | 204 260 663 | 182 315 630
1127 29 2520 | 135 432 560 | 154 280 693
1127 7 464 | 112 203 812 | 92 368 667
1127 127 8280 | 115 184 828 | 126 161 840
1127 14 495 | 42 315 770 | 44 228 855
1127 49 1520 | 38 209 880 | 35 532 560
1127 11 333 | 35 315 777 | 54 74 999
1127 1 20 | 23 184 920 | 38 44 1045
1128 1 120 | 288 360 480 | 282 376 470
1128 17 2016 | 288 336 504 | 270 378 480
1128 37 4104 | 228 360 540 | 216 456 456
1128 31 3300 | 204 374 550 | 200 400 528
1128 155 15912 | 182 442 504 | 204 312 612
1128 1219 120120 | 182 330 616 | 168 440 520
1128 3191 305760 | 160 429 539 | 196 260 672
1128 23 2184 | 156 468 504 | 168 336 624
1128 37 3360 | 160 308 660 | 144 480 504
1128 137 12240 | 204 204 720 | 160 288 680
1128 97 8640 | 140 448 540 | 192 216 720
1128 111 9568 | 184 208 736 | 160 253 715
1128 9 728 | 156 216 756 | 140 260 728
1128 19 1530 | 165 198 765 | 136 272 720
1128 19 1440 | 120 288 720 | 160 176 792 | 108 480 540
1128 97 6930 | 105 330 693 | 99 490 539
1128 263 18564 | 153 156 819 | 98 442 588
1128 811 46200 | 88 200 840 | 75 360 693
1128 25 1404 | 78 270 780 | 72 432 624
1128 23 1260 | 72 336 720 | 70 414 644
1128 3 160 | 70 322 736 | 88 160 880
1128 3 154 | 70 253 805 | 64 448 616
1128 41 1980 | 99 105 924 | 72 176 880
1128 11 420 | 48 240 840 | 45 399 684 | 70 92 966
1128 437 13860 | 49 99 980 | 36 462 630
1128 641 19800 | 50 88 990 | 36 300 792
1129 152 13923 | 189 238 702 | 153 364 612
1129 41 3440 | 140 301 688 | 129 400 600
1129 8 595 | 105 480 544 | 126 238 765
1129 629 45885 | 115 273 741 | 105 380 644
1129 257 18200 | 100 392 637 | 104 325 700
1129 1039 61180 | 115 140 874 | 76 483 570
1129 1 56 | 93 168 868 | 85 204 840
1129 1129 59616 | 69 324 736 | 81 184 864
1129 677 35360 | 85 160 884 | 65 520 544
1129 503 25935 | 105 114 910 | 65 399 665
1129 1129 52896 | 87 114 928 | 57 464 608
1129 311 12495 | 49 315 765 | 51 245 833
1129 1129 32736 | 33 352 744 | 44 93 992
1130 53 3960 | 110 360 660 | 143 195 792
1130 47 2800 | 80 350 700 | 77 525 528
1130 107 6160 | 110 140 880 | 80 280 770
1130 7 396 | 77 297 756 | 72 506 552
1130 83 4389 | 72 266 792 | 66 532 532
1130 193 10010 | 77 195 858 | 110 110 910
1131 137 16380 | 273 390 468 | 312 315 504
1131 359 42504 | 264 391 476 | 280 345 506
1131 7 792 | 231 396 504 | 264 306 561
1131 17 1827 | 261 261 609 | 203 406 522
1131 1 105 | 203 348 580 | 195 390 546
1131 4 399 | 174 406 551 | 171 456 504
1131 71 6885 | 165 405 561 | 162 459 510
1131 503 45045 | 165 273 693 | 182 234 715
1131 9 715 | 117 429 585 | 130 286 715
1131 61 4095 | 91 455 585 | 117 195 819
1131 1 60 | 116 145 870 | 78 468 585
1131 229 11220 | 60 510 561 | 102 105 924
1131 13 528 | 51 264 816 | 48 456 627
1131 1 36 | 48 171 912 | 42 396 693
1131 8 273 | 39 546 546 | 42 231 858
1131 44 1365 | 36 315 780 | 39 182 910
1131 5711 166320 | 35 216 880 | 33 378 720
1131 38 903 | 26 546 559 | 43 56 1032
1131 7 165 | 29 145 957 | 26 390 715
1131 3 68 | 26 221 884 | 29 116 986
1132 283 31746 | 222 429 481 | 264 296 572
1132 283 27300 | 168 364 600 | 182 300 650
1132 67 6460 | 187 285 660 | 180 306 646
1132 391 37620 | 171 341 620 | 220 228 684
1132 83 6440 | 120 322 690 | 112 460 560
1132 283 21700 | 140 217 775 | 112 400 620
1132 443 30096 | 144 152 836 | 96 352 684
1132 55 3024 | 108 128 896 | 70 432 630
1132 347 15504 | 68 152 912 | 54 432 646
1132 41 1430 | 44 208 880 | 40 520 572
1132 71 2450 | 40 392 700 | 49 133 950
1133 103 11739 | 231 429 473 | 273 301 559
1133 1049 109725 | 190 418 525 | 231 275 627
1133 166 12903 | 153 198 782 | 132 253 748
1133 103 7920 | 110 495 528 | 165 176 792
1133 5 364 | 110 308 715 | 104 392 637
1133 251 15400 | 88 275 770 | 80 525 528
1133 113 6600 | 75 506 552 | 88 220 825
1133 107 5775 | 77 231 825 | 75 253 805
1133 115 4988 | 62 172 899 | 58 215 860
1133 103 4440 | 60 185 888 | 55 264 814
1133 97 3600 | 50 171 912 | 45 288 800
1133 193 5544 | 48 77 1008 | 33 308 792
1134 1 120 | 270 432 432 | 315 315 504
1134 21 2470 | 270 351 513 | 260 380 494
1134 7 810 | 243 405 486 | 270 324 540
1134 1 110 | 270 270 594 | 210 462 462
1134 23 2520 | 216 378 540 | 210 420 504
1134 949 83160 | 140 378 616 | 135 495 504
1134 1 84 | 126 504 504 | 189 189 756
1134 13 1080 | 168 210 756 | 144 270 720
1134 29 2310 | 154 210 770 | 126 315 693
1134 1 76 | 168 168 798 | 108 513 513
1134 7 528 | 144 198 792 | 108 432 594 | 110 384 640
1134 31 2310 | 110 352 672 | 105 490 539
1134 1 70 | 108 270 756 | 105 294 735
1134 97 6048 | 126 144 864 | 84 378 672
1134 35 2106 | 90 234 810 | 81 351 702
1134 41 2394 | 84 252 798 | 76 414 644
1134 28 1485 | 72 270 792 | 70 308 756
1134 1 45 | 54 540 540 | 78 120 936
1134 7 148 | 27 108 999 | 24 222 888
1134 3 40 | 14 560 560 | 27 27 1080
1135 4 459 | 255 340 540 | 234 442 459
1135 31 3465 | 225 385 525 | 220 420 495
1136 277 28980 | 190 414 532 | 230 276 630
1136 17 1680 | 168 440 528 | 224 240 672
1136 407 36400 | 150 336 650 | 200 208 728
1136 743 60760 | 147 245 744 | 124 392 620
1136 13 1008 | 112 448 576 | 168 176 792
1136 431 28980 | 91 460 585 | 92 414 630
1136 59 3520 | 128 128 880 | 80 352 704
1136 1 56 | 71 497 568 | 112 128 896
1136 4651 196350 | 55 231 850 | 50 525 561
1136 9 364 | 78 92 966 | 48 416 672
1136 1537 61880 | 56 170 910 | 65 119 952
1137 379 42315 | 217 455 465 | 273 279 585
1137 142 14931 | 189 474 474 | 237 270 630
1137 40 3927 | 168 408 561 | 165 462 510
1137 163 15960 | 165 440 532 | 168 399 570
1137 9 880 | 165 432 540 | 176 341 620
1137 89 8568 | 168 357 612 | 162 408 567
1137 1069 82992 | 114 399 624 | 112 455 570
1137 211 11172 | 84 171 882 | 66 532 539
1137 21911 1141140 | 95 132 910 | 65 456 616
1137 1 45 | 54 513 570 | 84 108 945
1137 17 756 | 80 112 945 | 54 399 684
1137 22 945 | 54 285 798 | 72 120 945
1137 53 2160 | 48 495 594 | 51 270 816
1137 157 6384 | 48 462 627 | 57 168 912
1137 11 432 | 48 297 792 | 54 171 912
1137 422 16065 | 56 136 945 | 45 378 714
1137 379 5355 | 21 45 1071 | 15 357 765
1138 94 10395 | 264 280 594 | 220 378 540
1138 173 17864 | 203 319 616 | 220 280 638
1138 283 23184 | 126 368 644 | 138 280 720
1138 107 7866 | 133 207 798 | 114 288 736
1138 215 13838 | 88 370 680 | 102 222 814
1138 3455 195624 | 88 195 855 | 72 494 572
1138 439 21390 | 60 434 644 | 93 115 930
1138 13 594 | 58 297 783 | 55 513 570
1139 39 4216 | 248 279 612 | 204 408 527
1139 61 6479 | 209 341 589 | 248 264 627
1139 67 5060 | 110 385 644 | 115 320 704
1139 2 143 | 102 374 663 | 99 468 572
1139 19 840 | 85 102 952 | 56 285 798
1139 173 7480 | 77 110 952 | 68 136 935
1139 31 924 | 34 357 748 | 35 264 840
1139 67 1073 | 29 37 1073 | 17 493 629
1140 1 126 | 342 399 399 | 360 360 420
1140 19 2340 | 300 390 450 | 312 360 468
1140 19 2310 | 280 420 440 | 315 330 495
1140 1 114 | 228 456 456 | 285 285 570
1140 19 1920 | 180 384 576 | 200 300 640
1140 11 1092 | 204 273 663 | 168 468 504
1140 323 29700 | 165 300 675 | 150 396 594
1140 19 1680 | 140 400 600 | 168 252 720
1140 1 84 | 126 468 546 | 140 300 700 | 168 216 756
1140 61 5040 | 140 280 720 | 126 390 624
1140 19 1530 | 150 225 765 | 120 408 612
1140 1283 102960 | 120 396 624 | 117 495 528
1140 31 2394 | 171 171 798 | 126 273 741
1140 47 3600 | 120 300 720 | 160 180 800
1140 61 4644 | 126 258 756 | 108 516 516
1140 23 1650 | 150 165 825 | 100 440 600
1140 57 4004 | 110 260 770 | 104 308 728
1140 713 49140 | 104 280 756 | 108 252 780
1140 19 1260 | 120 180 840 | 90 420 630
1140 57 3500 | 125 140 875 | 80 500 560
1140 19 924 | 84 132 924 | 60 420 660
1140 1 48 | 60 360 720 | 76 152 912
1140 107 4368 | 48 546 546 | 51 273 816
1140 19 756 | 48 336 756 | 60 135 945
1140 19 660 | 60 90 990 | 40 440 660
1140 131 4140 | 40 180 920 | 36 414 690
1140 227 6930 | 45 105 990 | 36 264 840
1140 19 546 | 36 168 936 | 35 195 910
1140 3 56 | 20 560 560 | 38 38 1064
1140 19 270 | 15 450 675 | 24 36 1080
1141 11 1176 | 196 441 504 | 231 294 616
1141 2471 263835 | 195 451 495 | 198 410 533
1141 163 15015 | 195 231 715 | 147 455 539
1141 11 780 | 98 455 588 | 114 247 780
1141 7 468 | 117 192 832 | 91 420 630
1141 163 10608 | 91 336 714 | 104 221 816
1141 119 5220 | 62 180 899 | 58 228 855
1141 751 32760 | 52 504 585 | 63 168 910
1141 163 4140 | 46 60 1035 | 28 483 630
1141 1141 11020 | 10 551 580 | 19 20 1102
1142 1 105 | 190 420 532 | 224 288 630
1142 6017 565110 | 182 270 690 | 161 351 630
1142 571 52080 | 160 310 672 | 155 336 651
1142 67 5720 | 154 260 728 | 130 440 572
1142 571 46620 | 120 504 518 | 180 185 777
1142 571 43890 | 154 190 798 | 110 462 570
1142 571 35700 | 102 200 840 | 85 357 700
1142 1357 32240 | 26 496 620 | 40 62 1040
1143 34 3465 | 231 252 660 | 198 315 630
1143 127 12600 | 216 252 675 | 168 450 525
1143 134 13167 | 228 231 684 | 171 378 594
1143 6 455 | 132 231 780 | 155 182 806
1143 71 5313 | 119 276 748 | 143 195 805
1143 19 1365 | 135 189 819 | 143 175 825
1143 85 5544 | 90 360 693 | 99 252 792
1143 281 14175 | 63 405 675 | 77 175 891
1143 62 3045 | 70 203 870 | 60 532 551
1143 3 140 | 90 108 945 | 60 285 798
1143 2183 98280 | 78 120 945 | 54 504 585
1143 1 45 | 60 228 855 | 54 495 594
1143 157 7020 | 72 135 936 | 54 429 660
1143 57 2431 | 51 429 663 | 65 143 935
1143 799 33345 | 54 234 855 | 65 133 945
1143 381 13243 | 51 123 969 | 41 323 779
1143 797 11280 | 16 140 987 | 15 376 752
1144 1 120 | 312 312 520 | 264 440 440 | 280 360 504
1144 163 18480 | 224 440 480 | 231 385 528
1144 29 3276 | 234 364 546 | 224 416 504
1144 19 2080 | 220 352 572 | 208 416 520
1144 773 82992 | 247 273 624 | 224 312 608
1144 13 1320 | 176 440 528 | 220 264 660
1144 61 6084 | 234 234 676 | 169 468 507
1144 13 1260 | 220 231 693 | 160 480 504
1144 39 3416 | 183 217 744 | 168 244 732
1144 1 80 | 156 208 780 | 120 384 640
1144 71 5544 | 154 198 792 | 112 504 528
1144 13 1012 | 115 385 644 | 132 253 759
1144 19 1440 | 144 200 800 | 112 360 672
1144 443 32760 | 104 455 585 | 112 312 720
1144 13 960 | 120 256 768 | 110 330 704
1144 181 12880 | 115 245 784 | 100 400 644
1144 29 2016 | 99 352 693 | 144 160 840
1144 23 1560 | 120 192 832 | 104 260 780
1144 5 338 | 130 169 845 | 91 507 546
1144 1 66 | 88 528 528 | 143 143 858
1144 1 64 | 88 352 704 | 104 208 832
1144 13 792 | 120 144 880 | 88 264 792
1144 13 760 | 80 304 760 | 88 220 836
1144 41 1344 | 64 72 1008 | 39 273 832
1144 13 252 | 22 198 924 | 24 112 1008
1144 79 1330 | 22 77 1045 | 19 175 950
1144 1079 4256 | 5 19 1120 | 4 532 608
1145 8 945 | 297 308 540 | 270 350 525
1145 229 23100 | 210 275 660 | 175 420 550
1145 11 1080 | 165 440 540 | 200 270 675
1145 19 1595 | 145 275 725 | 130 377 638
1145 137 9900 | 144 176 825 | 100 495 550
1145 61 3744 | 80 480 585 | 81 416 648
1145 391 15120 | 45 540 560 | 56 144 945
1145 1607 55440 | 45 176 924 | 40 385 720
1145 229 7800 | 40 325 780 | 50 120 975
1145 271 5060 | 20 550 575 | 23 110 1012
1146 1 126 | 336 378 432 | 330 396 420
1146 37 3960 | 252 264 630 | 200 396 550
1146 53 5280 | 210 264 672 | 198 288 660
1146 5 494 | 228 234 684 | 171 390 585
1146 1403 124488 | 171 247 728 | 189 216 741
1146 11 945 | 132 420 594 | 180 210 756
1146 137 11550 | 132 364 650 | 126 495 525
1146 23 1848 | 120 396 630 | 132 286 728
1146 1507 102672 | 92 496 558 | 93 432 621
1146 211 14040 | 117 189 840 | 90 432 624
1146 1 66 | 88 506 552 | 90 396 660 | 132 156 858
1146 51 3080 | 88 253 805 | 112 154 880
1146 137 6930 | 90 132 924 | 63 418 665
1146 257 11400 | 76 120 950 | 57 264 825
1146 23 1008 | 54 336 756 | 63 171 912
1146 239 8694 | 54 126 966 | 42 483 621
1147 745 84084 | 273 286 588 | 245 330 572
1147 1 112 | 272 280 595 | 217 434 496 | 259 296 592
1147 5 444 | 185 222 740 | 148 333 666
1147 37 1860 | 93 124 930 | 62 465 620
1147 1147 52360 | 55 476 616 | 85 110 952
1147 3 116 | 58 132 957 | 45 522 580
1147 2005 75348 | 45 322 780 | 46 273 828
1147 1147 43065 | 45 319 783 | 55 135 957
1147 1147 39984 | 48 147 952 | 42 272 833
1147 1147 35280 | 49 90 1008 | 35 392 720
1147 1 27 | 31 279 837 | 37 111 999
1148 89 10080 | 224 420 504 | 252 320 576
1148 119 11440 | 160 416 572 | 176 312 660
1148 1 90 | 205 205 738 | 140 504 504
1148 25 1764 | 112 252 784 | 98 420 630
1148 49 3420 | 95 513 540 | 132 180 836
1148 679 43472 | 114 176 858 | 104 208 836
1148 5 306 | 82 369 697 | 119 147 882
1148 493 25200 | 63 525 560 | 80 168 900
1148 23 1170 | 65 342 741 | 63 455 630
1148 47 2310 | 60 528 560 | 63 315 770
1148 29 1260 | 56 252 840 | 90 92 966
1148 1277 41496 | 48 112 988 | 38 312 798
1149 1759 171171 | 209 247 693 | 165 399 585
1149 183 17360 | 161 368 620 | 155 434 560
1149 1 85 | 180 204 765 | 135 351 663
1149 367 27300 | 104 520 525 | 150 180 819
1149 241 17325 | 135 189 825 | 99 525 525
1149 47 3003 | 99 231 819 | 91 299 759
1149 41 2520 | 120 147 882 | 81 420 648
1149 5 264 | 105 120 924 | 66 456 627
1149 53 2772 | 66 399 684 | 99 126 924
1149 769 38709 | 99 115 935 | 68 253 828
1149 23 1080 | 78 135 936 | 84 120 945 | 60 297 792
1149 229 8580 | 66 95 988 | 44 390 715 | 45 312 792
1149 671 13104 | 21 504 624 | 24 117 1008
1150 1 126 | 350 350 450 | 322 414 414
1150 1 105 | 200 350 600 | 230 276 644
1150 97 8190 | 130 390 630 | 126 504 520 | 182 198 770
1150 1 84 | 126 448 576 | 125 500 525
1150 29 2418 | 138 299 713 | 124 468 558
1150 137 10260 | 105 513 532 | 120 270 760
1150 1619 120120 | 105 429 616 | 120 260 770
1150 3 220 | 115 276 759 | 105 385 660
1150 1 72 | 138 184 828 | 100 450 600
1150 29 2040 | 140 170 840 | 96 510 544
1150 1 70 | 115 230 805 | 100 350 700
1150 229 15960 | 105 285 760 | 112 240 798
1150 353 23100 | 110 200 840 | 105 220 825
1150 11 680 | 130 136 884 | 100 200 850
1150 131 7280 | 88 182 880 | 70 520 560
1150 721 36270 | 90 130 930 | 62 468 620
1150 991 38220 | 65 105 980 | 45 468 637
1151 43 4560 | 220 304 627 | 190 465 496
1151 41 4180 | 190 341 620 | 220 266 665
1151 703 70928 | 176 403 572 | 186 341 624
1151 179 15960 | 190 217 744 | 152 315 684
1151 2561 214200 | 136 315 700 | 126 425 600
1151 743 59508 | 152 216 783 | 116 513 522
1151 143 10488 | 115 276 760 | 152 171 828
1151 1159 65520 | 80 252 819 | 72 455 624
1151 65 3024 | 80 126 945 | 63 224 864
1151 1 31 | 35 465 651 | 62 66 1023
1152 1301 149292 | 234 396 522 | 261 319 572
1152 3 320 | 256 256 640 | 192 480 480
1152 11 1008 | 180 252 720 | 144 504 504
1152 73 6480 | 162 270 720 | 144 360 648
1152 181 15960 | 135 504 513 | 152 300 700
1152 21 1840 | 140 368 644 | 138 390 624
1152 3 256 | 192 192 768 | 128 512 512
1152 367 29484 | 117 468 567 | 126 324 702
1152 7 540 | 126 270 756 | 162 180 810
1152 397 27720 | 132 180 840 | 99 360 693
1152 283 13860 | 60 462 630 | 99 108 945
1153 2 231 | 240 385 528 | 273 308 572
1153 25 2812 | 222 399 532 | 228 370 555
1153 29 3120 | 230 299 624 | 208 360 585
1153 787 74865 | 210 230 713 | 161 372 620
1153 73 5544 | 117 308 728 | 133 228 792
1153 751 56028 | 138 203 812 | 108 378 667
1153 1153 58905 | 63 495 595 | 99 119 935
1153 55 2691 | 72 184 897 | 65 260 828
1154 577 58520 | 209 280 665 | 176 418 560
1154 59 5166 | 153 287 714 | 164 252 738
1154 37 3120 | 126 468 560 | 130 384 640
1154 37 3080 | 160 224 770 | 140 286 728
1154 31 2310 | 120 264 770 | 154 175 825
1154 5 336 | 90 504 560 | 96 322 736
1154 107 6270 | 76 418 660 | 90 209 855
1154 577 23100 | 55 175 924 | 50 264 840
1154 503 9360 | 24 90 1040 | 20 432 702
1154 79 1440 | 23 96 1035 | 20 270 864
1155 13 1575 | 315 315 525 | 275 385 495
1155 1 120 | 264 396 495 | 280 350 525
1155 7 828 | 270 345 540 | 253 396 506
1155 7 792 | 220 440 495 | 264 297 594
1155 19 2100 | 264 275 616 | 210 420 525
1155 1 99 | 231 231 693 | 165 495 495
1155 3 280 | 175 280 700 | 154 385 616
1155 7 648 | 150 405 600 | 156 351 648
1155 8 735 | 147 420 588 | 210 210 735
1155 1 84 | 126 441 588 | 165 220 770
1155 7 552 | 120 345 690 | 132 264 759
1155 1 75 | 105 525 525 | 165 165 825
1155 4 273 | 143 154 858 | 120 195 840
1155 7 405 | 75 405 675 | 99 165 891
1155 14 765 | 102 135 918 | 72 323 760
1155 13 693 | 70 315 770 | 99 132 924
1155 23 1176 | 70 245 840 | 63 504 588
1155 7 204 | 33 374 748 | 45 90 1020
1155 7 180 | 30 225 900 | 33 132 990
1156 181 20020 | 220 364 572 | 260 280 616
1156 13 1428 | 238 306 612 | 204 476 476
1156 121 13260 | 204 442 510 | 260 272 624
1156 1 96 | 156 480 520 | 176 308 672
1156 379 35880 | 195 248 713 | 184 270 702
1156 419 39270 | 168 308 680 | 187 255 714
1156 61 5460 | 168 260 728 | 156 300 700
1156 31 2640 | 176 210 770 | 132 384 640
1156 181 12936 | 98 506 552 | 99 441 616
1156 179 12740 | 98 460 598 | 112 260 784
1156 11227 737352 | 88 441 627 | 98 266 792
1156 31 1560 | 78 168 910 | 90 130 936
1156 689 23184 | 56 92 1008 | 46 144 966
1156 27 832 | 40 156 960 | 36 288 832
1157 123 12236 | 168 437 552 | 207 266 684
1157 715 61047 | 135 357 665 | 133 378 646
1157 43 3276 | 117 312 728 | 156 182 819
1157 1 72 | 99 506 552 | 104 351 702
1157 2041 109725 | 77 225 855 | 100 133 924
1157 107 4680 | 52 520 585 | 65 156 936
1157 37 1040 | 52 65 1040 | 32 325 800
1158 133 15600 | 273 325 560 | 240 450 468
1158 37 4290 | 234 429 495 | 240 390 528
1158 131 15120 | 231 432 495 | 240 378 540
1158 193 20790 | 231 297 630 | 198 420 540
1158 37 3696 | 168 462 528 | 198 288 672
1158 5 432 | 144 312 702 | 132 432 594
1158 131 11088 | 144 286 728 | 126 504 528
1158 631 46410 | 102 510 546 | 105 390 663
1158 29 2100 | 100 483 575 | 150 168 840
1158 79 5460 | 105 273 780 | 96 390 672
1158 23 1350 | 75 513 570 | 108 150 900
1158 193 10710 | 70 476 612 | 105 135 918
1158 397 21840 | 78 240 840 | 70 416 672
1158 113 6006 | 70 308 780 | 66 546 546
1158 23 1050 | 92 100 966 | 75 133 950
1158 193 8694 | 54 483 621 | 84 108 966
1158 341 14688 | 54 288 816 | 56 238 864
1158 271 8568 | 36 408 714 | 48 102 1008
1158 47 1386 | 33 495 630 | 36 198 924
1158 103 3024 | 33 432 693 | 42 108 1008
1158 1013 13104 | 14 208 936 | 18 48 1092
1159 61 6699 | 209 399 551 | 231 319 609
1159 101 10659 | 209 323 627 | 187 459 513
1159 1 105 | 207 322 630 | 190 399 570
1159 22 2223 | 228 247 684 | 171 494 494
1159 127 12825 | 209 275 675 | 171 475 513
1159 5 504 | 171 456 532 | 184 345 630
1159 1159 106260 | 154 345 660 | 161 308 690
1159 355 31416 | 136 462 561 | 187 216 756
1159 59 4940 | 152 247 760 | 130 364 665
1159 1159 90720 | 160 189 810 | 112 480 567
1159 131 9120 | 144 160 855 | 95 456 608
1159 29 1995 | 133 171 855 | 95 399 665
1159 1151 65520 | 80 260 819 | 105 144 910
1159 23 1260 | 69 460 630 | 70 396 693
1159 86 3465 | 55 180 924 | 78 91 990
1159 1159 45936 | 58 144 957 | 48 319 792
1159 8 315 | 70 99 990 | 46 483 630
1159 1159 27456 | 39 64 1056 | 26 429 704
1159 1159 13020 | 14 60 1085 | 12 217 930
1160 1 116 | 232 464 464 | 290 290 580
1160 11 1260 | 240 360 560 | 260 315 585
1160 13 1400 | 200 400 560 | 210 350 600
1160 1 102 | 240 240 680 | 174 493 493
1160 163 15840 | 180 308 672 | 160 450 550
1160 1 96 | 160 400 600 | 192 264 704
1160 19 1800 | 200 240 720 | 180 280 700
1160 31 2912 | 208 224 728 | 160 350 650
1160 767 69300 | 140 495 525 | 144 400 616
1160 1 80 | 116 464 580 | 160 200 800
1160 11 608 | 75 285 800 | 96 152 912
1160 263 12480 | 96 104 960 | 60 320 780
1160 113 4590 | 55 187 918 | 48 432 680
1160 1 26 | 40 80 1040 | 29 377 754
1160 3 70 | 26 315 819 | 35 75 1050
1161 43 5320 | 285 420 456 | 315 342 504
1161 131 14850 | 225 396 540 | 264 297 600
1161 1 105 | 189 405 567 | 215 301 645
1161 129 12320 | 180 288 693 | 160 385 616
1161 47 3663 | 111 495 555 | 132 252 777
1161 43 3240 | 108 405 648 | 135 216 810
1161 4187 280440 | 95 328 738 | 90 456 615
1161 8 455 | 78 285 798 | 72 504 585
1161 11 351 | 57 78 1026 | 36 540 585
1161 79 2520 | 36 525 600 | 48 105 1008
1161 43 1160 | 30 435 696 | 45 72 1044
1162 7 880 | 304 418 440 | 330 352 480
1162 23 2520 | 252 280 630 | 231 315 616
1162 11 1190 | 210 357 595 | 196 476 490
1162 421 43890 | 190 378 594 | 231 266 665
1162 1211 121550 | 187 325 650 | 170 442 550
1162 7849 734160 | 168 304 690 | 161 336 665
1162 169 15708 | 147 476 539 | 176 272 714
1162 13 931 | 98 532 532 | 112 266 784
1162 593 40040 | 104 253 805 | 91 455 616
1162 373 23520 | 98 224 840 | 90 288 784
1162 221 13860 | 84 385 693 | 90 280 792
1162 7 390 | 70 546 546 | 104 138 920
1162 343 18810 | 70 399 693 | 72 330 760
1162 1469 71610 | 60 420 682 | 77 155 930
1162 197 9240 | 70 168 924 | 57 440 665
1162 119 4290 | 44 260 858 | 55 117 990
1162 49 1480 | 37 200 925 | 56 70 1036
1163 229 20592 | 143 396 624 | 160 288 715
1163 667 59280 | 195 208 760 | 140 399 624
1163 41 3080 | 105 506 552 | 110 360 693
1163 1 75 | 143 195 825 | 105 483 575
1163 257 15960 | 105 184 874 | 95 228 840
1163 13 800 | 88 275 800 | 80 475 608
1163 1093 65780 | 110 156 897 | 80 368 715
1163 13 720 | 75 288 800 | 80 228 855
1163 134 6825 | 78 175 910 | 63 450 650
1163 4597 177840 | 45 494 624 | 48 260 855
1163 1132 23751 | 28 91 1044 | 24 203 936
1164 241 30624 | 348 352 464 | 319 416 429
1164 5 594 | 264 360 540 | 297 306 561
1164 97 10608 | 234 306 624 | 204 416 544
1164 291 31570 | 220 328 616 | 205 385 574
1164 5 528 | 240 264 660 | 192 396 576
1164 653 68310 | 198 345 621 | 184 440 540
1164 97 10080 | 180 480 504 | 240 252 672
1164 17 1638 | 156 504 504 | 189 273 702
1164 61 5400 | 150 312 702 | 135 504 525
1164 47 4158 | 153 297 714 | 135 490 539
1164 115 9828 | 189 195 780 | 156 252 756
1164 157 13020 | 124 420 620 | 140 280 744
1164 23 1890 | 120 504 540 | 135 294 735
1164 29 2340 | 135 273 756 | 144 240 780
1164 109 8316 | 119 297 748 | 108 462 594
1164 47 3510 | 135 210 819 | 104 520 540
1164 37 2730 | 156 168 840 | 140 192 832
1164 1 64 | 84 504 576 | 108 192 864
1164 263 16800 | 84 480 600 | 100 224 840
1164 9 560 | 128 140 896 | 84 360 720
1164 115 7128 | 81 456 627 | 90 264 810
1164 37 2268 | 81 399 684 | 84 324 756
1164 97 4800 | 72 192 900 | 64 300 800
1164 1763 77220 | 54 330 780 | 52 540 572
1164 127 4620 | 42 462 660 | 44 280 840
1164 809 25740 | 36 468 660 | 44 130 990
1164 263 7722 | 39 135 990 | 33 429 702
1164 211 5700 | 30 450 684 | 44 75 1045
1164 97 2100 | 24 300 840 | 30 84 1050
1164 97 840 | 12 32 1120 | 9 315 840
1165 31 3432 | 220 360 585 | 208 429 528
1165 106 11115 | 234 266 665 | 190 390 585
1165 62 4305 | 140 164 861 | 120 205 840
1165 703 36400 | 80 175 910 | 65 400 700
1165 109 3960 | 55 120 990 | 45 240 880
1165 137 4760 | 40 425 700 | 49 136 980
1165 701 13104 | 21 208 936 | 20 560 585
1166 1 126 | 318 371 477 | 308 396 462
1166 73 7700 | 231 275 660 | 200 350 616
1166 23 2052 | 152 312 702 | 190 216 760
1166 37 3192 | 152 273 741 | 132 418 616
1166 269 20790 | 126 270 770 | 110 462 594
1166 7 440 | 88 308 770 | 110 176 880
1166 139 8190 | 78 360 728 | 112 144 910
1166 5 264 | 66 440 660 | 88 154 924
1166 707 15912 | 26 204 936 | 39 56 1071
1166 29 280 | 14 32 1120 | 10 476 680
1167 179 21420 | 270 357 540 | 255 408 504
1167 223 24720 | 240 309 618 | 206 465 496
1167 554 58905 | 198 374 595 | 252 255 660
1167 4139 366600 | 141 376 650 | 150 312 705
1167 1 60 | 84 285 798 | 78 429 660
1167 55 3276 | 78 396 693 | 117 140 910
1167 139 7800 | 78 264 825 | 75 312 780
1167 229 11115 | 63 285 819 | 65 247 855
1167 827 31605 | 49 215 903 | 45 387 735
1167 131 4620 | 42 300 825 | 45 198 924
1167 23 756 | 42 180 945 | 57 84 1026
1167 299 3168 | 12 99 1056 | 11 544 612
1168 73 9240 | 308 420 440 | 336 352 480
1168 3 280 | 160 336 672 | 168 300 700
1168 11 1008 | 144 448 576 | 168 280 720
1168 1 90 | 160 288 720 | 144 384 640 | 146 365 657
1168 383 30590 | 115 483 570 | 154 209 805
1168 17 1320 | 110 506 552 | 168 175 825
1168 65 4928 | 112 352 704 | 154 182 832
1168 29 1980 | 96 352 720 | 110 230 828
1168 107 7040 | 88 440 640 | 128 160 880
1168 11 680 | 80 544 544 | 85 323 760
1168 73 4480 | 80 448 640 | 112 160 896
1168 1021 41580 | 55 189 924 | 70 108 990
1169 1153 105105 | 147 385 637 | 143 441 585
1169 1 80 | 140 245 784 | 155 208 806
1169 85 5733 | 105 245 819 | 91 441 637
1169 7 380 | 80 209 880 | 98 140 931
1169 7 110 | 25 44 1100 | 17 272 880
1170 13 1680 | 360 378 432 | 350 400 420
1170 3 374 | 330 330 510 | 286 442 442
1170 3 364 | 260 455 455 | 312 312 546
1170 1 120 | 270 360 540 | 260 390 520
1170 197 22440 | 220 440 510 | 221 429 520
1170 39 4400 | 240 330 600 | 220 400 550
1170 1 112 | 273 273 624 | 210 480 480
1170 17 1890 | 270 270 630 | 210 420 540
1170 29 3150 | 210 360 600 | 225 315 630
1170 13 1386 | 198 378 594 | 210 330 630
1170 13 1350 | 180 450 540 | 225 270 675
1170 39 3910 | 204 276 690 | 170 425 575
1170 3 280 | 150 420 600 | 182 260 728
1170 13 1134 | 135 405 630 | 162 252 756
1170 3 260 | 130 520 520 | 195 195 780
1170 19 1638 | 180 210 780 | 130 455 585
1170 193 16302 | 143 286 741 | 130 380 660
1170 181 15120 | 144 270 756 | 135 315 720
1170 257 20592 | 144 234 792 | 117 429 624
1170 1 78 | 130 260 780 | 117 351 702
1170 191 12870 | 117 195 858 | 90 495 585
1170 13 810 | 90 270 810 | 81 495 594
1170 3 182 | 78 546 546 | 130 130 910
1170 271 15120 | 70 540 560 | 72 378 720
1170 221 11340 | 63 540 567 | 81 165 924
1170 3 148 | 60 555 555 | 104 104 962
1170 13 558 | 60 180 930 | 54 279 837
1170 39 1600 | 60 150 960 | 50 320 800
1170 13 504 | 52 182 936 | 45 525 600
1170 299 11088 | 48 198 924 | 63 99 1008
1170 793 28560 | 70 80 1020 | 48 170 952
1170 13 352 | 48 66 1056 | 30 480 660
1170 13 342 | 36 108 1026 | 30 285 855
1170 39 550 | 20 50 1100 | 15 330 825
1171 4 495 | 286 390 495 | 319 330 522
1171 71 7920 | 240 315 616 | 208 468 495
1171 1 105 | 203 330 638 | 210 310 651
1171 1249 125580 | 182 345 644 | 168 483 520
1171 733 52668 | 126 209 836 | 99 456 616
1171 83 4368 | 91 144 936 | 65 546 560
1171 307 15400 | 66 280 825 | 88 133 950
1171 719 27324 | 46 297 828 | 44 506 621
1171 5 174 | 40 435 696 | 44 203 924
1171 1171 40600 | 40 406 725 | 56 100 1015
1171 85 1463 | 21 105 1045 | 19 228 924
1172 13 1320 | 200 297 675 | 192 320 660
1172 395 36556 | 185 247 740 | 148 416 608
1172 239 20800 | 192 200 780 | 143 325 704
1172 3037 241280 | 116 416 640 | 128 290 754
1172 53 3876 | 132 204 836 | 114 276 782
1172 53 3024 | 84 224 864 | 72 540 560
1172 4253 209440 | 77 160 935 | 68 224 880
1172 1039 26180 | 33 119 1020 | 28 374 770
1172 883 22176 | 28 352 792 | 32 132 1008
1173 1 120 | 276 345 552 | 255 408 510
1173 3 340 | 255 306 612 | 238 340 595
1173 3 319 | 253 253 667 | 187 493 493
1173 1 81 | 165 198 810 | 120 405 648
1173 1 63 | 90 285 798 | 84 396 693
1173 118 7371 | 90 273 810 | 81 546 546
1173 1 60 | 85 272 816 | 90 228 855
1173 229 9072 | 81 84 1008 | 48 315 810
1173 1949 57057 | 33 399 741 | 39 133 1001
1174 37 4032 | 224 320 630 | 198 448 528
1174 47 3770 | 130 290 754 | 116 460 598
1174 1049 81510 | 117 342 715 | 110 494 570
1174 29 2240 | 160 182 832 | 110 448 616
1174 115 8778 | 156 182 836 | 110 399 665
1174 229 16720 | 130 208 836 | 110 304 760
1174 373 26400 | 96 528 550 | 110 264 800
1174 83 5642 | 91 494 589 | 124 182 868
1174 235 13104 | 112 126 936 | 91 171 912
1174 31 1710 | 70 420 684 | 72 342 760
1174 155 3168 | 22 576 576 | 24 160 990
1175 17 1980 | 260 330 585 | 231 440 504
1175 1 104 | 200 325 650 | 188 376 611
1175 31 3080 | 187 308 680 | 200 275 700
1175 109 6440 | 115 140 920 | 104 161 910
1175 5119 269360 | 80 185 910 | 65 518 592
1175 1 23 | 47 47 1081 | 25 575 575
1176 1 126 | 336 336 504 | 294 441 441
1176 49 6120 | 306 360 510 | 288 408 480
1176 1 120 | 280 336 560 | 252 420 504
1176 5 576 | 224 448 504 | 240 360 576
1176 7 792 | 216 432 528 | 252 308 616
1176 7 780 | 208 440 528 | 240 312 624 | 210 420 546
1176 3 308 | 231 252 693 | 176 440 560
1176 11 1080 | 216 240 720 | 168 378 630
1176 241 23460 | 180 306 690 | 161 420 595
1176 193 18480 | 154 462 560 | 176 300 700
1176 21 1976 | 182 266 728 | 152 416 608
1176 49 4560 | 152 384 640 | 171 285 720
1176 287 26520 | 156 340 680 | 153 360 663
1176 11 936 | 126 504 546 | 176 208 792
1176 49 3960 | 120 396 660 | 144 240 792
1176 4 315 | 112 504 560 | 120 336 720
1176 71 5544 | 132 252 792 | 126 280 770
1176 7 510 | 120 240 816 | 105 357 714
1176 7 480 | 112 224 840 | 96 360 720
1176 139 9240 | 88 528 560 | 105 231 840
1176 1 66 | 120 176 880 | 96 288 792
1176 53 3360 | 96 240 840 | 84 420 672
1176 7 432 | 96 216 864 | 84 336 756
1176 147 9020 | 80 440 656 | 110 164 902
1176 49 2760 | 72 414 690 | 96 160 920
1176 91 5016 | 88 176 912 | 76 264 836
1176 3 140 | 98 98 980 | 56 560 560
1176 7 282 | 63 126 987 | 48 376 752
1176 1 36 | 56 112 1008 | 42 378 756
1176 19 630 | 42 189 945 | 48 120 1008
1176 49 1080 | 36 60 1080 | 24 432 720
1176 7 132 | 24 96 1056 | 21 231 924
1177 4 483 | 253 462 462 | 280 345 552
1177 197 21672 | 215 360 602 | 252 280 645
1177 17 1820 | 231 286 660 | 190 455 532
1177 529 49725 | 153 400 624 | 150 442 585
1177 25 2331 | 148 441 588 | 185 252 740
1177 19 1680 | 145 336 696 | 176 231 770
1177 173 14040 | 155 216 806 | 117 520 540
1177 1 72 | 124 216 837 | 99 462 616
1177 527 37620 | 132 190 855 | 99 418 660
1177 73 4840 | 88 484 605 | 121 176 880
1177 1501 97240 | 85 520 572 | 88 374 715
1177 113 6776 | 88 242 847 | 77 484 616
1177 443 24395 | 115 119 943 | 70 410 697
1177 89 3960 | 88 99 990 | 55 330 792
1177 113 4940 | 55 286 836 | 52 475 650
1177 139 5928 | 72 117 988 | 57 208 912
1178 1 120 | 304 304 570 | 248 465 465
1178 23 2470 | 247 266 665 | 190 494 494
1178 589 61880 | 238 260 680 | 182 476 520
1178 223 22610 | 190 323 665 | 170 476 532
1178 589 59670 | 170 468 540 | 221 255 702
1178 145 13832 | 152 494 532 | 190 260 728
1178 5 456 | 190 228 760 | 152 342 684
1178 361 31878 | 138 396 644 | 154 288 736
1178 59 5152 | 138 368 672 | 133 437 608
1178 31 2660 | 152 266 760 | 133 380 665
1178 47 3720 | 124 310 744 | 120 345 713
1178 1453 110880 | 120 288 770 | 110 396 672
1178 19 1302 | 93 434 651 | 124 186 868
1178 887 47736 | 68 408 702 | 78 216 884
1178 17 840 | 65 273 840 | 92 120 966
1178 31 1428 | 76 133 969 | 56 408 714
1178 6011 190008 | 39 203 936 | 56 78 1044
1178 589 15990 | 30 533 615 | 52 60 1066
1178 1831 46368 | 32 138 1008 | 28 414 736
1179 41 4680 | 234 360 585 | 255 312 612
1179 689 76860 | 210 420 549 | 244 305 630
1179 104 10791 | 198 327 654 | 218 279 682
1179 1 99 | 165 429 585 | 189 297 693
1179 249 20636 | 165 210 804 | 134 308 737
1179 37 2925 | 150 210 819 | 115 414 650
1179 61 4320 | 135 180 864 | 96 513 570
1179 29 2016 | 126 189 864 | 96 399 684
1179 29 1800 | 81 450 648 | 90 264 825
1179 23 1260 | 90 165 924 | 108 126 945
1179 2582 126945 | 63 310 806 | 60 468 651
1179 1 45 | 54 450 675 | 90 99 990
1179 713 29232 | 48 522 609 | 84 87 1008
1179 8663 229152 | 33 154 992 | 31 224 924
1179 1493 36855 | 35 91 1053 | 27 567 585
1179 1 24 | 45 54 1080 | 27 288 864
1179 1181 24024 | 24 154 1001 | 22 429 728
1179 1487 26448 | 19 464 696 | 29 48 1102
1180 1 118 | 236 472 472 | 295 295 590
1180 1 99 | 168 396 616 | 220 240 720
1180 13 1260 | 180 300 700 | 156 504 520
1180 269 23940 | 168 252 760 | 135 513 532
1180 479 41580 | 135 385 660 | 154 270 756
1180 179 15470 | 130 455 595 | 136 364 680
1180 391 24570 | 135 135 910 | 91 270 819
1180 71 4400 | 80 550 550 | 100 200 880
1180 943 55440 | 80 308 792 | 90 210 880
1180 173 9660 | 92 168 920 | 75 300 805
1180 713 20520 | 32 540 608 | 40 114 1026
1180 2069 59040 | 36 160 984 | 32 410 738
1181 2 255 | 340 348 493 | 306 425 450
1181 1861 131040 | 96 455 630 | 117 224 840
1181 11 615 | 115 123 943 | 76 285 820
1181 393 8008 | 33 56 1092 | 24 156 1001
1182 11 1380 | 288 414 480 | 285 437 460
1182 3 322 | 190 460 532 | 207 345 630
1182 9 910 | 182 350 650 | 210 270 702
1182 277 27720 | 187 315 680 | 168 429 585
1182 17 1680 | 210 252 720 | 168 390 624
1182 31 2520 | 168 195 819 | 126 336 720
1182 17 1350 | 117 390 675 | 126 300 756
1182 25 1848 | 156 168 858 | 132 210 840
1182 37 2574 | 99 342 741 | 104 286 792
1182 103 6930 | 99 285 798 | 90 462 630
1182 779 46410 | 102 170 910 | 78 390 714
1182 29 1638 | 77 286 819 | 90 182 910
1182 821 46200 | 75 315 792 | 77 280 825
1182 43 2280 | 66 456 660 | 80 190 912
1182 121 5040 | 84 90 1008 | 51 315 816
1182 37 990 | 30 360 792 | 38 99 1045
1182 313 7560 | 27 315 840 | 42 60 1080
1183 1 112 | 208 455 520 | 231 336 616
1183 13 1395 | 217 315 651 | 195 403 585
1183 91 9328 | 176 424 583 | 208 286 689
1183 203 20424 | 184 333 666 | 222 248 713
1183 4 385 | 154 490 539 | 175 308 700 | 182 286 715
1183 13 980 | 105 490 588 | 112 336 735
1183 91 6808 | 104 481 598 | 148 184 851
1183 215 15561 | 133 195 855 | 117 247 819
1183 13 840 | 91 312 780 | 98 245 840
1183 169 9180 | 85 180 918 | 70 357 756
1183 7 325 | 95 100 988 | 78 130 975
1183 85 3724 | 70 133 980 | 52 494 637
1183 7 306 | 63 168 952 | 52 468 663
1183 43 1540 | 49 154 980 | 52 130 1001
1183 7 240 | 39 520 624 | 65 78 1040
1183 169 4312 | 28 539 616 | 49 56 1078
1183 169 3300 | 21 462 700 | 33 50 1100
1184 1 126 | 288 448 448 | 333 333 518
1184 11 1224 | 216 374 594 | 204 476 504
1184 193 18360 | 170 312 702 | 216 220 748
1184 11 1036 | 185 259 740 | 148 518 518
1184 83 7560 | 140 504 540 | 198 216 770
1184 11 960 | 160 256 768 | 144 320 720
1184 3151 265980 | 130 372 682 | 180 198 806
1184 1 84 | 148 259 777 | 128 384 672 | 126 414 644
1184 61 5040 | 120 504 560 | 126 368 690
1184 97 7280 | 104 520 560 | 105 455 624
1184 271 16560 | 120 144 920 | 80 414 690
1184 37 1920 | 64 480 640 | 96 128 960
1184 1 50 | 74 185 925 | 64 320 800
1184 37 1040 | 32 320 832 | 40 104 1040
1184 79 2016 | 32 144 1008 | 28 544 612
1184 173 4060 | 28 170 986 | 29 140 1015
1185 71 8400 | 250 375 560 | 240 420 525
1185 79 9135 | 225 435 525 | 261 315 609
1185 229 26208 | 224 403 558 | 273 288 624
1185 2 225 | 225 360 600 | 210 450 525
1185 71 7140 | 182 340 663 | 170 420 595
1185 59 5796 | 180 315 690 | 161 448 576
1185 8 759 | 165 330 690 | 161 352 672
1185 237 21476 | 182 236 767 | 140 455 590
1185 61 5460 | 156 294 735 | 195 210 780
1185 79 6864 | 132 429 624 | 165 240 780
1185 29 2340 | 156 210 819 | 135 270 780
1185 23 1680 | 100 525 560 | 105 360 720
1185 53 3564 | 132 162 891 | 100 275 810
1185 88 5265 | 78 405 702 | 81 324 780
1185 41 2448 | 102 171 912 | 80 340 765
1185 1 51 | 102 114 969 | 65 340 780
1185 1063 51975 | 63 297 825 | 75 165 945
1185 79 2415 | 45 105 1035 | 35 345 805
1185 314 8265 | 30 285 870 | 29 510 646
1186 5 638 | 304 418 464 | 319 374 493
1186 97 8320 | 128 460 598 | 130 416 640
1186 2099 104720 | 68 238 880 | 80 154 952
1186 17 450 | 30 306 850 | 31 225 930
1187 1 102 | 195 312 680 | 187 340 660
1187 143 10540 | 104 403 680 | 102 465 620
1187 263 19240 | 104 380 703 | 111 296 780
1187 311 8680 | 31 476 680 | 35 160 992
1188 1 130 | 330 429 429 | 360 360 468
1188 59 7392 | 308 352 528 | 288 396 504
1188 3 364 | 252 468 468 | 308 308 572
1188 521 60060 | 231 385 572 | 260 312 616
1188 1 110 | 264 264 660 | 198 495 495
1188 1 108 | 216 324 648 | 198 396 594
1188 43 4284 | 187 308 693 | 168 408 612
1188 1 88 | 198 198 792 | 132 528 528
1188 37 3240 | 135 405 648 | 144 324 720
1188 191 16380 | 156 252 780 | 130 414 644
1188 93 6800 | 100 544 544 | 130 208 850
1188 1 70 | 105 285 798 | 96 420 672
1188 3 200 | 144 144 900 | 88 550 550
1188 31 1638 | 66 429 693 | 84 168 936
1188 7 360 | 66 330 792 | 63 525 600
1188 37 1890 | 81 162 945 | 63 450 675
1188 17 756 | 63 180 945 | 54 378 756
1188 1607 60060 | 55 132 1001 | 44 364 780
1188 1 32 | 66 66 1056 | 36 576 576
1188 37 1056 | 32 408 748 | 44 88 1056
1188 1 28 | 36 144 1008 | 33 231 924
1189 5 644 | 322 391 476 | 315 414 460
1189 4061 424424 | 220 280 689 | 182 424 583
1189 1 100 | 175 364 650 | 232 232 725
1189 619 57456 | 189 240 760 | 144 513 532
1189 613 55440 | 154 315 720 | 144 385 660
1189 611 53856 | 153 288 748 | 160 264 765
1189 1 84 | 123 492 574 | 174 203 812
1189 31 2451 | 133 258 798 | 114 430 645
1189 181 13959 | 154 189 846 | 108 517 564
1189 34 2451 | 104 344 741 | 114 258 817
1189 3 200 | 100 264 825 | 136 153 900
1189 1867 119700 | 114 175 900 | 84 475 630
1189 1 55 | 69 460 660 | 82 205 902
1190 1 132 | 374 408 408 | 385 385 420
1190 1 126 | 294 392 504 | 315 350 525
1190 7 806 | 221 442 527 | 260 310 620
1190 13 1470 | 245 315 630 | 210 490 490
1190 1 102 | 170 510 510 | 238 238 714
1190 7 660 | 150 440 600 | 187 255 748
1190 53 4830 | 150 350 690 | 161 294 735
1190 1 90 | 140 420 630 | 170 255 765
1190 47 4080 | 153 272 765 | 140 336 714
1190 161 13464 | 136 306 748 | 176 198 816
1190 23 1872 | 153 221 816 | 126 336 728
1190 7 528 | 110 360 720 | 156 176 858
1190 1 56 | 70 560 560 | 119 119 952
1190 7 374 | 85 170 935 | 68 374 748
1190 103 4760 | 68 170 952 | 56 420 714
1190 11 490 | 56 294 840 | 70 140 980
1190 73 3080 | 56 210 924 | 50 440 700
1190 61 2520 | 56 189 945 | 70 112 1008
1190 101 3150 | 50 90 1050 | 35 525 630
1190 113 2926 | 35 110 1045 | 38 88 1064
1191 397 46200 | 225 462 504 | 275 300 616
1191 547 55440 | 176 385 630 | 168 495 528
1191 139 10920 | 156 195 840 | 112 455 624
1191 397 31020 | 165 180 846 | 110 517 564
1191 313 23940 | 168 168 855 | 133 230 828
1191 5 378 | 135 216 840 | 108 399 684
1191 11 816 | 102 528 561 | 120 255 816
1191 16 1155 | 120 231 840 | 99 462 630
1191 1091 74256 | 102 273 816 | 91 476 624
1191 15 1001 | 99 273 819 | 91 385 715
1191 1691 102960 | 78 528 585 | 80 396 715
1191 73 3510 | 95 108 988 | 60 351 780
1191 541 23256 | 57 216 918 | 51 456 684
1191 725 24219 | 39 324 828 | 69 69 1053
1191 9 280 | 36 315 840 | 35 476 680
1191 311 5985 | 23 133 1035 | 21 315 855
1191 397 6732 | 33 36 1122 | 18 561 612
1192 19 2408 | 312 364 516 | 301 387 504
1192 59 7020 | 240 432 520 | 261 351 580
1192 41 4620 | 220 378 594 | 231 341 620
1192 31 3360 | 224 308 660 | 240 280 672
1192 19 1848 | 168 352 672 | 217 231 744
1192 97 9240 | 216 220 756 | 168 320 704
1192 1633 138600 | 126 450 616 | 132 360 700
1192 17 1344 | 160 192 840 | 112 504 576
1192 409 23400 | 100 156 936 | 72 520 600
1192 181 10120 | 70 506 616 | 88 184 920
1192 223 12376 | 104 136 952 | 70 442 680
1192 431 18270 | 58 189 945 | 87 90 1015
1192 1 32 | 36 544 612 | 40 192 960
1193 167 18655 | 221 357 615 | 205 455 533
1193 131 10395 | 126 297 770 | 135 253 805
1193 113 8800 | 110 475 608 | 116 352 725
1193 5 376 | 112 329 752 | 104 517 572
1193 61 3640 | 117 140 936 | 104 165 924
1193 1009 58905 | 75 425 693 | 105 153 935
1193 475 27027 | 77 297 819 | 105 143 945
1193 18 935 | 68 300 825 | 66 357 770
1193 1919 91080 | 88 115 990 | 66 207 920
1193 239 8487 | 41 414 738 | 45 205 943
1193 1039 23760 | 33 80 1080 | 27 176 990
1193 1081 23940 | 24 504 665 | 27 140 1026
1194 11 1404 | 297 429 468 | 312 378 504
1194 163 18810 | 228 396 570 | 270 297 627
1194 139 14430 | 222 270 702 | 195 333 666
1194 23 2310 | 170 408 616 | 165 490 539
1194 97 8568 | 144 336 714 | 136 414 644
1194 149 11880 | 165 189 840 | 132 270 792
1194 199 14976 | 108 384 702 | 128 234 832
1194 61 4590 | 160 170 864 | 105 459 630
1194 199 14586 | 102 429 663 | 132 204 858
1194 199 11856 | 114 144 936 | 76 494 624
1194 257 14280 | 102 140 952 | 72 357 765
1194 13 630 | 99 105 990 | 60 378 756
1194 2411 114840 | 72 165 957 | 88 116 990
1194 523 22770 | 90 92 1012 | 63 165 966
1194 95 3168 | 44 160 990 | 66 72 1056
1194 199 6006 | 36 234 924 | 39 154 1001
1194 2083 53130 | 33 126 1035 | 28 506 660
1194 4681 90090 | 22 182 990 | 21 315 858
1195 53 6300 | 280 315 600 | 260 350 585
1195 227 25740 | 220 390 585 | 234 341 620
1195 1 95 | 150 475 570 | 171 304 720
1195 109 8892 | 171 192 832 | 117 532 546
1195 109 7216 | 110 205 880 | 88 451 656
1195 1223 77805 | 91 285 819 | 114 171 910
1195 713 45045 | 90 286 819 | 84 396 715
1195 53 3276 | 105 180 910 | 93 234 868
1195 191 7245 | 70 90 1035 | 45 345 805
1195 3343 123760 | 70 85 1040 | 48 195 952
1195 3 65 | 25 195 975 | 39 51 1105
1195 917 14535 | 17 323 855 | 19 105 1071
1196 13 1710 | 345 414 437 | 360 380 456
1196 35 3952 | 224 364 608 | 208 494 494
1196 5 546 | 195 455 546 | 208 364 624
1196 91 9936 | 207 368 621 | 216 336 644
1196 13 1380 | 230 276 690 | 184 460 552
1196 199 19380 | 220 228 748 | 170 342 684
1196 1 96 | 156 416 624 | 184 276 736 | 216 224 756
1196 29 2652 | 195 221 780 | 140 510 546
1196 29 2520 | 184 207 805 | 140 336 720
1196 143 12240 | 126 510 560 | 136 340 720
1196 239 20020 | 143 273 780 | 140 286 770
1196 19 1430 | 104 520 572 | 143 195 858
1196 191 13156 | 92 506 598 | 143 156 897
1196 61 3640 | 78 390 728 | 80 336 780
1196 607 30030 | 65 273 858 | 60 520 616
1196 1 44 | 92 92 1012 | 52 572 572
1196 65 2464 | 48 224 924 | 44 448 704
1196 31 1040 | 40 272 884 | 52 104 1040
1197 3 391 | 357 357 483 | 323 437 437
1197 19 2448 | 336 357 504 | 306 432 459
1197 463 55440 | 252 385 560 | 240 462 495
1197 399 44720 | 208 430 559 | 240 312 645
1197 159 17248 | 208 352 637 | 231 294 672
1197 13 1320 | 187 330 680 | 168 490 539
1197 11 1092 | 162 468 567 | 168 392 637
1197 3 280 | 152 380 665 | 168 294 735
1197 7 624 | 152 304 741 | 144 351 702
1197 19 1680 | 135 432 630 | 168 245 784
1197 47 3780 | 126 315 756 | 168 189 840
1197 21 1672 | 114 456 627 | 152 209 836
1197 119 9360 | 117 360 720 | 112 455 630
1197 19 1488 | 144 216 837 | 112 434 651
1197 57 4400 | 132 240 825 | 112 385 700
1197 3 224 | 105 420 672 | 144 189 864
1197 887 65835 | 105 399 693 | 133 209 855
1197 57 4165 | 119 245 833 | 105 357 735
1197 1 72 | 108 297 792 | 147 168 882
1197 51 3080 | 105 168 924 | 77 560 560
1197 133 7425 | 75 297 825 | 81 225 891
1197 7 360 | 72 225 900 | 63 504 630
1197 1 45 | 63 189 945 | 57 285 855
1197 43 1575 | 45 252 900 | 42 525 630
1197 71 2520 | 42 315 840 | 72 75 1050
1197 19 468 | 27 468 702 | 42 63 1092
1197 133 3240 | 36 81 1080 | 27 360 810
1197 133 3201 | 27 297 873 | 33 97 1067
1197 399 8840 | 40 52 1105 | 24 510 663
1197 21 368 | 24 69 1104 | 19 304 874
1197 367 6384 | 19 266 912 | 21 112 1064
1198 11 1428 | 348 357 493 | 323 399 476
1198 11 1190 | 238 280 680 | 190 476 532
1198 59 4620 | 126 280 792 | 110 528 560
1198 409 30030 | 110 308 780 | 130 210 858
1198 443 29304 | 96 288 814 | 88 444 666
1198 239 14820 | 91 252 855 | 80 494 624
1198 733 37840 | 64 430 704 | 80 172 946
1198 601 15840 | 32 176 990 | 30 288 880
1199 311 29260 | 154 380 665 | 209 220 770
1199 2 175 | 175 224 800 | 154 275 770
1199 31 2420 | 110 484 605 | 121 308 770
1199 5 363 | 121 231 847 | 99 495 605
1199 199 11396 | 74 385 740 | 77 308 814
1199 109 3395 | 55 77 1067 | 35 485 679
1199 109 3120 | 33 286 880 | 39 120 1040
1200 223 27360 | 304 320 576 | 288 342 570
1200 1 120 | 240 480 480 | 300 300 600
1200 223 26520 | 240 416 544 | 255 360 585
1200 31 3570 | 231 374 595 | 255 315 630
1200 71 7980 | 210 420 570 | 228 342 630
1200 23 2520 | 210 360 630 | 240 288 672
1200 97 10560 | 192 480 528 | 220 320 660
1200 1 108 | 225 300 675 | 192 432 576
1200 139 14280 | 175 425 600 | 216 270 714
1200 13 1320 | 176 384 640 | 180 360 660
1200 61 6120 | 168 420 612 | 180 340 680
1200 79 7590 | 165 345 690 | 210 231 759
1200 31 2880 | 144 480 576 | 160 320 720
1200 3 238 | 112 544 544 | 175 175 850
1200 1 78 | 117 342 741 | 112 416 672
1200 311 23760 | 160 176 864 | 108 432 660
1200 87 6440 | 115 280 805 | 120 252 828
1200 3 220 | 160 160 880 | 100 550 550
1200 11 780 | 96 480 624 | 117 228 855
1200 49 3300 | 100 275 825 | 90 450 660
1200 121 7560 | 90 270 840 | 84 360 756
1200 31 1320 | 56 220 924 | 50 550 600
1200 49 1080 | 30 90 1080 | 24 420 756
1200 2017 31416 | 22 56 1122 | 17 231 952
1201 1 120 | 240 465 496 | 261 360 580
1201 413 48488 | 266 319 616 | 232 418 551
1201 1261 130900 | 175 476 550 | 187 364 650
1201 31 2860 | 143 460 598 | 156 330 715
1201 5 429 | 135 351 715 | 143 299 759
1201 149 10836 | 147 172 882 | 126 215 860
1201 9 560 | 112 165 924 | 93 240 868
1201 379 20020 | 66 420 715 | 65 520 616
1201 269 9405 | 45 187 969 | 57 99 1045
1202 479 57358 | 241 434 527 | 238 482 482
1202 1 117 | 234 396 572 | 272 306 624
1202 101 9576 | 190 252 760 | 152 420 630
1202 7 624 | 176 234 792 | 136 442 624
1202 1 80 | 114 480 608 | 144 230 828
1202 61 4760 | 119 323 760 | 110 476 616
1202 4093 319176 | 124 286 792 | 117 341 744
1202 1031 66220 | 88 344 770 | 84 473 645
1202 373 21850 | 75 437 690 | 114 138 950
1202 823 39440 | 58 464 680 | 80 136 986
1202 601 19152 | 38 252 912 | 42 152 1008
1202 601 17952 | 34 352 816 | 44 102 1056
1202 599 15840 | 32 180 990 | 36 110 1056
1202 479 11440 | 30 132 1040 | 26 560 616
1202 601 14352 | 26 552 624 | 46 52 1104
1202 85 1872 | 26 168 1008 | 27 135 1040
1202 601 10152 | 18 432 752 | 27 47 1128
1203 37 4680 | 312 351 540 | 280 455 468
1203 17 1740 | 195 312 696 | 174 420 609
1203 443 42075 | 150 459 594 | 180 275 748
1203 673 58344 | 132 408 663 | 143 312 748
1203 719 62205 | 130 435 638 | 145 299 759
1203 391 32760 | 135 312 756 | 160 224 819
1203 31 2520 | 165 198 840 | 120 399 684
1203 193 15504 | 114 528 561 | 133 272 798
1203 11 840 | 132 231 840 | 120 285 798
1203 37 2691 | 99 506 598 | 115 260 828
1203 271 11088 | 63 132 1008 | 48 462 693
1203 13 210 | 20 91 1092 | 19 120 1064
1204 43 5440 | 280 448 476 | 320 340 544
1204 301 37224 | 264 423 517 | 288 352 564
1204 81 10010 | 264 420 520 | 273 385 546
1204 23 2380 | 187 357 660 | 204 300 700
1204 7 720 | 180 384 640 | 220 264 720
1204 301 30360 | 184 330 690 | 176 368 660
1204 371 35904 | 192 264 748 | 170 330 704
1204 127 12012 | 168 308 728 | 154 390 660
1204 301 28080 | 144 520 540 | 208 216 780
1204 11 1008 | 154 330 720 | 140 504 560
1204 1727 142800 | 119 525 560 | 150 238 816
1204 89 7056 | 112 504 588 | 126 294 784
1204 703 55440 | 144 220 840 | 112 462 630
1204 131 10304 | 115 385 704 | 112 448 644
1204 43 3360 | 140 224 840 | 112 420 672
1204 43 3150 | 100 504 600 | 147 175 882
1204 43 3108 | 98 518 588 | 148 168 888
1204 49 3520 | 132 192 880 | 100 400 704
1204 71 5040 | 99 385 720 | 112 252 840
1204 43 2772 | 126 154 924 | 84 504 616
1204 1 60 | 86 258 860 | 84 280 840
1204 37 1960 | 70 294 840 | 112 112 980
1204 5159 268736 | 64 494 646 | 68 304 832
1204 103 4620 | 60 220 924 | 56 308 840
1204 43 1722 | 56 164 984 | 49 294 861
1204 301 11484 | 72 88 1044 | 44 522 638
1204 2723 102960 | 48 220 936 | 65 99 1040
1204 19 700 | 49 175 980 | 70 84 1050
1204 301 10980 | 48 180 976 | 45 244 915
1205 11 1456 | 364 377 464 | 350 400 455
1205 1 120 | 260 360 585 | 275 330 600
1205 94 11025 | 245 360 600 | 225 490 490
1205 17 1800 | 225 280 700 | 195 360 650
1205 151 15600 | 176 429 600 | 225 260 720
1205 103 10472 | 170 440 595 | 168 476 561
1205 449 45045 | 165 455 585 | 182 330 693
1205 71 6630 | 204 221 780 | 180 260 765
1205 241 19992 | 120 490 595 | 168 204 833
1205 23 1800 | 140 225 840 | 110 495 600
1205 412 25935 | 84 380 741 | 105 190 910
1205 241 10725 | 65 165 975 | 55 325 825
1205 47 880 | 25 80 1100 | 22 143 1040
1206 43 5460 | 315 351 540 | 294 392 520
1206 201 24310 | 255 390 561 | 260 374 572
1206 55 6426 | 238 374 594 | 270 306 630
1206 155 18018 | 234 378 594 | 231 390 585
1206 201 22550 | 246 300 660 | 205 451 550
1206 25 2772 | 198 504 504 | 231 315 660
1206 443 48510 | 245 279 682 | 198 420 588
1206 11 1170 | 182 504 520 | 234 270 702
1206 67 6930 | 198 315 693 | 180 396 630
1206 67 6678 | 162 477 567 | 212 252 742
1206 67 6552 | 216 234 756 | 156 504 546
1206 35 3366 | 153 459 594 | 210 231 765
1206 197 17670 | 152 310 744 | 135 513 558
1206 3 268 | 201 201 804 | 134 536 536
1206 109 9360 | 126 520 560 | 135 351 720
1206 1 84 | 182 192 832 | 135 315 756
1206 389 31350 | 150 220 836 | 133 275 798
1206 215 16632 | 108 504 594 | 135 231 840
1206 67 5040 | 126 240 840 | 108 378 720
1206 213 15470 | 102 390 714 | 140 182 884
1206 213 12350 | 75 390 741 | 104 152 950
1206 3 160 | 66 480 660 | 72 270 864
1206 677 34650 | 63 450 693 | 66 315 825
1206 409 13104 | 42 156 1008 | 36 546 624
1206 201 4070 | 22 370 814 | 30 66 1110
1207 46 4697 | 231 244 732 | 183 352 672
1207 647 56304 | 153 272 782 | 184 207 816
1207 59 3740 | 136 136 935 | 85 374 748
1207 1 55 | 85 187 935 | 71 355 781
1208 151 18720 | 260 468 480 | 312 320 576
1208 37 4446 | 247 403 558 | 288 312 608
1208 151 18090 | 270 335 603 | 240 432 536
1208 43 5040 | 224 480 504 | 272 306 630
1208 467 54340 | 247 341 620 | 220 494 494
1208 11 1260 | 216 432 560 | 238 340 630
1208 431 45448 | 184 416 608 | 247 248 713
1208 577 60060 | 182 396 630 | 220 273 715
1208 11 1050 | 153 425 630 | 150 483 575
1208 151 13680 | 144 380 684 | 160 288 760
1208 839 56160 | 90 416 702 | 104 240 864
1208 151 9900 | 88 400 720 | 110 198 900
1208 773 40320 | 72 240 896 | 64 504 640
1208 151 7380 | 80 144 984 | 60 410 738
1208 241 9828 | 48 432 728 | 52 238 918
1208 71 2860 | 80 88 1040 | 52 221 935
1208 29 832 | 52 68 1088 | 32 448 728
1208 691 19760 | 38 130 1040 | 32 416 760
1208 523 8700 | 25 52 1131 | 18 290 900
1209 53 6600 | 264 450 495 | 312 325 572
1209 17 1953 | 217 434 558 | 279 279 651
1209 169 17400 | 220 264 725 | 174 435 600
1209 5 468 | 195 234 780 | 156 351 702
1209 1 84 | 126 399 684 | 124 434 651 | 156 234 819
1209 13 1080 | 120 495 594 | 180 189 840
1209 10 819 | 126 342 741 | 117 546 546
1209 31 2535 | 117 507 585 | 169 195 845
1209 403 30240 | 105 432 672 | 135 210 864
1209 17 1260 | 126 228 855 | 147 180 882
1209 67 4620 | 143 156 910 | 105 264 840
1209 1209 78880 | 136 145 928 | 85 544 580
1209 13 840 | 120 165 924 | 84 525 600
1209 223 14352 | 87 368 754 | 104 208 897
1209 403 25080 | 88 285 836 | 90 264 855
1209 913 55692 | 84 306 819 | 91 234 884
1209 907 50388 | 104 136 969 | 78 247 884
1209 31 1575 | 75 189 945 | 65 325 819
1209 13 570 | 65 156 988 | 57 240 912
1209 403 17100 | 50 475 684 | 75 108 1026
1209 1157 36960 | 36 480 693 | 48 105 1056
1209 403 12852 | 54 84 1071 | 36 459 714
1210 1 132 | 363 363 484 | 330 440 440
1210 157 19800 | 275 440 495 | 300 360 550
1210 6229 778050 | 266 450 494 | 315 325 570
1210 467 51480 | 198 440 572 | 195 495 520
1210 229 23760 | 220 270 720 | 176 440 594
1210 4 385 | 220 220 770 | 154 440 616
1210 103 9880 | 152 460 598 | 190 260 760
1210 43 3960 | 198 220 792 | 154 336 720
1210 1031 94248 | 165 280 765 | 187 231 792
1210 41 3600 | 140 350 720 | 135 400 675
1210 397 29920 | 160 170 880 | 110 352 748
1210 1 63 | 100 210 900 | 90 280 840
1210 17 858 | 90 130 990 | 66 286 858
1210 29 594 | 22 594 594 | 34 54 1122
1211 581 60775 | 221 275 715 | 187 374 650
1211 3931 400400 | 208 275 728 | 176 385 650
1211 16 1365 | 126 455 630 | 132 364 715
1211 67 3080 | 55 476 680 | 56 385 770
1211 13 255 | 23 153 1035 | 21 595 595
1212 37 4830 | 345 357 510 | 315 414 483
1212 61 6732 | 204 396 612 | 198 442 572
1212 27 2464 | 144 396 672 | 154 322 736
1212 947 78540 | 120 476 616 | 132 315 765
1212 179 13908 | 132 244 836 | 114 366 732
1212 523 32886 | 81 522 609 | 87 315 810
1212 37 1320 | 60 96 1056 | 42 330 840
1212 17 540 | 36 420 756 | 60 72 1080
1212 547 13260 | 35 85 1092 | 39 68 1105
1212 8599 176088 | 22 552 638 | 23 232 957
1213 59 6992 | 247 368 598 | 253 352 608
1213 1213 130900 | 187 476 550 | 238 275 700
1213 109 11592 | 184 441 588 | 248 252 713
1213 191 16380 | 155 252 806 | 130 399 684
1213 83 5544 | 88 495 630 | 136 153 924
1213 47 1260 | 30 364 819 | 31 252 930
1214 13 1350 | 200 312 702 | 189 350 675
1214 433 40040 | 156 330 728 | 143 455 616
1214 213 19448 | 170 264 780 | 143 408 663
1214 155 13104 | 126 416 672 | 130 364 720
1214 1619 130416 | 144 234 836 | 114 528 572
1214 115 8778 | 114 330 770 | 126 252 836
1214 607 40020 | 120 174 920 | 87 460 667
1214 2747 180960 | 130 156 928 | 87 455 672
1214 263 14560 | 70 416 728 | 80 224 910
1214 5 273 | 92 156 966 | 70 364 780
1214 311 14674 | 62 253 899 | 58 374 782
1214 149 6960 | 58 340 816 | 87 112 1015
1214 253 10710 | 50 450 714 | 68 126 1020
1215 1 132 | 348 374 493 | 360 360 495
1215 13 1683 | 297 459 459 | 319 374 522
1215 109 13860 | 297 378 540 | 280 440 495
1215 97 10296 | 216 297 702 | 195 360 660
1215 197 20475 | 175 455 585 | 189 351 675
1215 47 4095 | 135 378 702 | 130 455 630
1215 1 84 | 126 396 693 | 175 200 840
1215 19 1440 | 135 216 864 | 105 480 630
1215 11 819 | 126 231 858 | 108 351 756
1215 1 63 | 135 135 945 | 81 567 567
1215 1 60 | 90 225 900 | 81 324 810
1215 697 38220 | 68 510 637 | 105 130 980
1215 1199 61425 | 75 195 945 | 63 450 702
1215 451 21840 | 65 240 910 | 90 117 1008
1215 1 39 | 81 81 1053 | 45 585 585
1215 289 9360 | 39 240 936 | 45 130 1040
1216 29 3570 | 255 434 527 | 306 315 595
1216 121 14640 | 240 488 488 | 244 432 540
1216 59 6944 | 224 496 496 | 248 352 616
1216 19 2160 | 216 400 600 | 208 468 540
1216 11 1064 | 152 532 532 | 190 266 760
1216 1 96 | 152 456 608 | 192 256 768
1216 73 6840 | 152 380 684 | 171 285 760
1216 7 570 | 133 285 798 | 171 190 855
1216 19 1344 | 128 192 896 | 96 448 672
1216 1 60 | 76 570 570 | 128 128 960
1216 19 900 | 57 475 684 | 60 306 850
1216 587 24752 | 56 208 952 | 85 91 1040
1216 5881 240240 | 52 240 924 | 48 440 728
1216 409 9724 | 26 442 748 | 28 187 1001
1217 251 30192 | 272 333 612 | 255 370 592
1217 401 27370 | 136 161 920 | 92 425 700
1217 283 17136 | 112 153 952 | 77 528 612
1218 7 936 | 360 390 468 | 351 408 459
1218 7 870 | 290 348 580 | 261 435 522
1218 19 2142 | 203 493 522 | 204 468 546
1218 1 108 | 204 351 663 | 189 441 588
1218 19 1890 | 210 252 756 | 189 294 735
1218 9 770 | 140 308 770 | 126 462 630
1218 17 1440 | 126 420 672 | 160 230 828
1218 79 6552 | 120 468 630 | 126 364 728
1218 1 78 | 126 273 819 | 116 348 754
1218 61 4410 | 98 490 630 | 126 210 882
1218 107 6930 | 88 360 770 | 84 540 594
1218 173 9240 | 66 480 672 | 70 308 840
1218 1 48 | 84 126 1008 | 58 464 696
1218 277 7980 | 35 195 988 | 40 114 1064
1218 211 5670 | 35 130 1053 | 30 378 810
1218 13 330 | 28 420 770 | 30 198 990
1219 478 57057 | 231 494 494 | 247 378 594
1219 1123 126280 | 205 440 574 | 231 328 660
1219 34 3705 | 247 270 702 | 195 416 608
1219 401 43605 | 190 459 570 | 216 323 680
1219 47 5005 | 231 273 715 | 195 364 660
1219 17 1760 | 230 253 736 | 187 352 680
1219 1 99 | 207 253 759 | 159 477 583
1219 431 38760 | 140 399 680 | 153 306 760
1219 3 260 | 192 195 832 | 130 429 660
1219 1 85 | 136 323 760 | 130 374 715
1219 7 460 | 92 322 805 | 115 184 920
1219 5 276 | 92 161 966 | 69 460 690
1219 79 3741 | 62 258 899 | 58 387 774
1219 4 189 | 63 238 918 | 58 378 783
1219 193 6192 | 36 559 624 | 43 144 1032
1219 191 6120 | 36 520 663 | 54 85 1080
1219 55 1476 | 30 369 820 | 36 117 1066
1220 1 122 | 305 305 610 | 244 488 488
1220 19 2100 | 200 420 600 | 252 275 693
1220 443 47656 | 184 518 518 | 248 259 713
1220 11 1170 | 240 260 720 | 180 520 520
1220 61 6380 | 176 464 580 | 220 275 725
1220 211 21420 | 170 420 630 | 220 252 748
1220 667 65520 | 175 325 720 | 156 504 560
1220 289 27300 | 156 364 700 | 150 420 650
1220 11 1008 | 150 350 720 | 176 252 792
1220 29 2100 | 140 180 900 | 100 420 700
1220 41 2268 | 92 162 966 | 77 252 891
1220 11 576 | 80 180 960 | 64 544 612
1220 29 1500 | 65 375 780 | 100 120 1000
1220 61 2964 | 60 380 780 | 76 156 988
1220 229 10010 | 52 440 728 | 65 154 1001
1220 61 2600 | 50 520 650 | 80 100 1040
1220 61 1326 | 30 85 1105 | 24 312 884
1221 37 4920 | 360 369 492 | 330 440 451
1221 5 624 | 260 465 496 | 264 429 528
1221 46 5115 | 198 465 558 | 220 341 660
1221 82 8835 | 186 465 570 | 209 330 682
1221 107 10920 | 217 260 744 | 168 468 585
1221 37 3705 | 165 429 627 | 195 285 741
1221 47 4620 | 220 231 770 | 168 360 693
1221 71 6825 | 168 325 728 | 150 525 546
1221 59 5544 | 168 297 756 | 198 231 792
1221 1 90 | 148 333 740 | 165 264 792
1221 3 260 | 155 260 806 | 143 308 770
1221 29 2415 | 140 276 805 | 138 285 798
1221 149 11844 | 117 376 728 | 140 235 846
1221 67 5148 | 110 396 715 | 117 312 792
1221 37 1980 | 66 495 660 | 99 132 990
1221 2 105 | 66 385 770 | 65 442 714
1221 3 143 | 65 221 935 | 77 143 1001
1222 37 4446 | 247 390 585 | 234 494 494
1222 575 68544 | 272 320 630 | 238 408 576
1222 25 2772 | 198 448 576 | 253 276 693
1222 13 1410 | 235 282 705 | 188 470 564
1222 13 1386 | 182 468 572 | 207 322 693 | 198 352 672
1222 23 2366 | 169 507 546 | 182 364 676
1222 19 1560 | 130 312 780 | 117 520 585
1222 13 990 | 144 198 880 | 130 234 858
1222 1 70 | 94 470 658 | 130 182 910
1222 5 286 | 88 198 936 | 78 286 858
1222 37 1960 | 65 520 637 | 88 154 980
1222 1381 72072 | 66 364 792 | 104 117 1001
1222 17 880 | 66 340 816 | 88 144 990
1222 11 455 | 70 112 1040 | 52 260 910
1222 409 16660 | 55 187 980 | 49 340 833
1222 533 20286 | 46 294 882 | 49 207 966
1222 95 1386 | 16 198 1008 | 22 45 1155
1223 3371 316008 | 152 378 693 | 209 216 798
1223 23 2145 | 165 299 759 | 143 495 585
1223 19 1320 | 112 231 880 | 138 165 920
1223 1787 97240 | 68 440 715 | 80 208 935
1223 29 880 | 35 308 880 | 40 143 1040
1223 5251 111573 | 23 441 759 | 33 63 1127
1224 1 132 | 340 374 510 | 324 405 495
1224 65 7854 | 272 336 616 | 255 374 595
1224 13 1512 | 252 324 648 | 216 504 504
1224 3 340 | 204 510 510 | 272 272 680
1224 129 14560 | 240 312 672 | 224 350 650
1224 149 16380 | 195 441 588 | 252 270 702
1224 127 13860 | 198 396 630 | 189 495 540
1224 71 7560 | 210 312 702 | 180 504 540
1224 3 310 | 240 240 744 | 170 527 527
1224 3 308 | 238 238 748 | 168 528 528
1224 97 9828 | 168 432 624 | 234 234 756
1224 13 1260 | 153 476 595 | 168 336 720 | 210 234 780
1224 3 272 | 204 204 816 | 136 544 544
1224 1 90 | 195 210 819 | 144 360 720 | 135 495 594 | 153 306 765
1224 43 3780 | 162 252 810 | 135 396 693
1224 67 5400 | 135 264 825 | 160 200 864
1224 67 5148 | 153 187 884 | 132 234 858
1224 29 1980 | 90 540 594 | 99 300 825
1224 19 1260 | 90 378 756 | 96 288 840
1224 57 3520 | 132 132 960 | 80 440 704
1224 211 12480 | 104 160 960 | 80 312 832
1224 101 5814 | 102 153 969 | 72 544 608
1224 11 630 | 72 480 672 | 90 189 945
1224 93 5152 | 69 483 672 | 80 224 920
1224 1 54 | 72 288 864 | 99 135 990
1224 3 130 | 51 510 663 | 80 104 1040
1225 7 880 | 275 400 550 | 264 465 496 | 280 385 560
1225 1 120 | 250 375 600 | 245 392 588 | 264 341 620 | 280 315 630
1225 23 2552 | 203 406 616 | 253 276 696
1225 1 105 | 245 245 735 | 175 525 525
1225 47 4680 | 182 315 728 | 160 480 585
1225 7 600 | 125 500 600 | 175 210 840
1225 379 31635 | 185 185 855 | 133 315 777
1225 329 26220 | 120 345 760 | 171 180 874
1225 101 7920 | 165 180 880 | 112 420 693
1225 53 3640 | 120 195 910 | 91 504 630
1225 7 468 | 136 153 936 | 91 378 756
1225 1 65 | 105 210 910 | 91 315 819
1225 203 12920 | 133 140 952 | 85 380 760
1225 53 2940 | 70 420 735 | 98 147 980
1225 19 1000 | 100 125 1000 | 70 280 875
1225 109 5005 | 70 154 1001 | 55 455 715
1225 49 1980 | 50 275 900 | 55 180 990
1225 197 7245 | 69 85 1071 | 42 585 598
1225 7 160 | 35 70 1120 | 25 400 800
1226 23 2970 | 325 351 550 | 308 378 540
1226 463 53410 | 218 420 588 | 245 327 654
1226 199 22610 | 238 323 665 | 266 280 680
1226 467 52360 | 200 476 550 | 238 308 680
1226 131 14040 | 182 504 540 | 200 351 675
1226 613 63270 | 190 333 703 | 180 380 666
1226 1189 110880 | 168 288 770 | 154 352 720
1226 1429 104280 | 99 495 632 | 120 237 869
1226 25 1716 | 99 308 819 | 104 264 858
1226 1 56 | 70 476 680 | 92 168 966
1226 613 8840 | 16 170 1040 | 17 104 1105
1227 409 51480 | 312 330 585 | 264 468 495
1227 761 92400 | 240 462 525 | 275 336 616
1227 409 48720 | 261 336 630 | 232 435 560
1227 769 77880 | 165 472 590 | 170 408 649
1227 23 2160 | 144 513 570 | 156 351 720
1227 43 3705 | 135 351 741 | 132 380 715
1227 59 5040 | 144 285 798 | 135 336 756
1227 1 80 | 144 228 855 | 117 390 720
1227 191 14280 | 102 525 600 | 105 408 714
1227 1 72 | 102 360 765 | 144 171 912
1227 409 29400 | 100 392 735 | 120 225 882
1227 11491 760032 | 87 468 672 | 117 182 928
1227 149 8775 | 117 135 975 | 75 450 702
1227 23 1320 | 72 495 660 | 75 352 800
1227 409 18360 | 72 135 1020 | 54 408 765
1227 67 2184 | 63 72 1092 | 39 252 936
1227 74 1995 | 31 266 930 | 30 399 798
1228 29 3762 | 304 396 528 | 297 418 513
1228 47 5460 | 260 308 660 | 234 364 630
1228 73 8316 | 220 378 630 | 216 396 616
1228 217 22440 | 170 506 552 | 240 240 748
1228 43 4420 | 170 460 598 | 220 260 748
1228 29 2618 | 170 253 805 | 136 476 616
1228 949 85260 | 145 348 735 | 140 392 696
1228 367 21450 | 110 143 975 | 78 325 825
1228 29 1512 | 108 112 1008 | 72 238 918
1228 727 33660 | 55 561 612 | 68 170 990
1228 307 13090 | 56 220 952 | 55 238 935
1228 107 3740 | 40 440 748 | 46 170 1012
1228 307 10336 | 64 76 1088 | 38 544 646
1228 527 5096 | 13 39 1176 | 10 490 728
1229 83 9100 | 200 392 637 | 230 299 700
1229 41 4200 | 184 345 700 | 200 294 735
1229 29 2800 | 161 368 700 | 200 245 784
1229 313 17765 | 85 209 935 | 95 165 969
1229 629 31185 | 77 162 990 | 65 273 891
1229 557 21735 | 45 540 644 | 46 378 805
1230 37 4950 | 350 385 495 | 330 450 450
1230 1 126 | 270 420 540 | 264 462 504 | 287 369 574
1230 139 15444 | 195 495 540 | 264 264 702
1230 1 108 | 240 270 720 | 216 312 702
1230 239 25200 | 210 300 720 | 176 504 550
1230 57 4928 | 140 320 770 | 126 528 576
1230 5 378 | 120 270 840 | 105 450 675
1230 13 924 | 96 462 672 | 105 300 825
1230 557 35880 | 90 312 828 | 91 299 840
1230 47 2730 | 105 150 975 | 78 312 840
1230 83 3024 | 45 240 945 | 42 432 756
1230 53 1848 | 40 420 770 | 42 264 924
1230 547 16170 | 33 462 735 | 42 110 1078
1230 11909 332010 | 36 140 1054 | 31 434 765
1231 49 5940 | 252 385 594 | 270 341 620
1231 454 50505 | 259 270 702 | 195 518 518
1231 1477 158100 | 217 300 714 | 186 425 620
1231 7 675 | 186 270 775 | 175 300 756
1232 9 1190 | 323 399 510 | 350 357 525
1232 1 132 | 352 352 528 | 308 462 462
1232 7 884 | 286 374 572 | 272 416 544
1232 23 2856 | 280 357 595 | 252 476 504
1232 79 9240 | 231 385 616 | 264 308 660
1232 49 5720 | 220 440 572 | 260 312 660
1232 433 48510 | 245 294 693 | 198 495 539
1232 7 780 | 260 270 702 | 196 490 546 | 208 384 640
1232 61 6552 | 182 504 546 | 252 252 728
1232 301 31680 | 176 480 576 | 198 330 704
1232 7 720 | 192 320 720 | 176 396 660 | 168 504 560
1232 1 98 | 224 224 784 | 154 539 539
1232 7 624 | 192 208 832 | 132 528 572
1232 1 80 | 112 560 560 | 176 176 880
1232 5 364 | 140 182 910 | 128 208 896 | 98 546 588
1232 749 54340 | 114 260 858 | 110 286 836
1232 73 4760 | 88 374 770 | 140 140 952
1232 179 11592 | 84 504 644 | 105 207 920
1232 47 1960 | 56 196 980 | 49 455 728
1232 29 1078 | 49 182 1001 | 77 77 1078
1232 527 15120 | 40 112 1080 | 35 189 1008
1232 89 2548 | 42 98 1092 | 32 416 784
1232 7 200 | 44 88 1100 | 32 400 800
1232 7 74 | 11 407 814 | 16 32 1184
1233 61 6300 | 175 414 644 | 180 378 675
1233 17 1296 | 144 198 891 | 108 405 720
1233 1 63 | 108 180 945 | 81 504 648
1233 19 1155 | 99 189 945 | 77 561 595
1233 302 17325 | 84 225 924 | 77 306 850
1233 253 13104 | 63 546 624 | 88 144 1001
1233 227 11700 | 78 180 975 | 72 225 936
1233 23 1095 | 57 511 665 | 65 219 949
1233 89 3465 | 45 495 693 | 77 85 1071
1234 71 8190 | 234 350 650 | 210 504 520
1234 109 11305 | 170 532 532 | 220 266 748
1234 113 11160 | 156 520 558 | 180 310 744
1234 71 6864 | 208 234 792 | 176 299 759
1234 1457 134640 | 170 272 792 | 198 220 816
1234 203 17940 | 130 552 552 | 156 273 805
1234 41 2975 | 112 272 850 | 100 420 714
1234 3 182 | 78 442 714 | 90 234 910
1234 53 3120 | 90 208 936 | 78 340 816
1234 281 13806 | 59 585 590 | 78 153 1003
1234 203 9360 | 90 104 1040 | 70 156 1008
1234 11 399 | 44 266 924 | 56 114 1064
1234 47 798 | 19 189 1026 | 18 532 684
1235 19 2520 | 312 455 468 | 350 360 525
1235 23 2805 | 285 323 627 | 255 385 595
1235 76 8775 | 260 300 675 | 234 351 650
1235 11 1260 | 220 385 630 | 266 285 684
1235 5 504 | 165 440 630 | 175 360 700
1235 1703 162400 | 160 350 725 | 203 232 800
1235 247 23100 | 165 300 770 | 150 385 700
1235 247 21672 | 180 215 840 | 129 504 602
1235 19 1449 | 115 315 805 | 117 299 819
1235 247 18816 | 105 490 640 | 147 192 896
1235 307 22880 | 110 325 800 | 104 416 715
1235 247 16280 | 110 200 925 | 88 407 740
1235 37 2340 | 104 195 936 | 108 182 945
1235 19 1190 | 91 260 884 | 80 560 595
1235 17 1008 | 80 315 840 | 91 208 936
1235 19 1001 | 65 455 715 | 91 143 1001
1235 247 12000 | 60 375 800 | 75 160 1000
1235 247 5964 | 28 213 994 | 30 140 1065
1235 13 183 | 15 305 915 | 19 57 1159
1236 229 29700 | 308 378 550 | 300 396 540
1236 9 1120 | 260 416 560 | 252 480 504
1236 443 47580 | 244 260 732 | 183 468 585
1236 311 31680 | 180 352 704 | 165 495 576
1236 103 9828 | 156 378 702 | 168 312 756
1236 67 6120 | 153 323 760 | 180 240 816
1236 565 51408 | 144 378 714 | 136 540 560
1236 769 69300 | 140 396 700 | 180 231 825
1236 457 39600 | 144 300 792 | 126 550 560
1236 559 47124 | 136 308 792 | 126 396 714
1236 103 8640 | 120 540 576 | 180 192 864
1236 263 21318 | 114 561 561 | 136 264 836
1236 103 7650 | 102 459 675 | 136 200 900
1236 103 5670 | 72 324 840 | 81 210 945
1236 1 48 | 80 136 1020 | 60 336 840
1236 43 1980 | 60 252 924 | 66 180 990
1236 11 444 | 52 222 962 | 60 140 1036
1236 499 20064 | 66 114 1056 | 48 352 836
1236 1189 41580 | 42 270 924 | 40 440 756
1236 821 19656 | 27 273 936 | 26 594 616
1236 133 3120 | 28 168 1040 | 26 330 880
1236 139 2730 | 24 120 1092 | 21 585 630
1236 59 1104 | 20 480 736 | 21 207 1008
1236 103 1680 | 20 96 1120 | 18 210 1008
1237 31 3900 | 275 390 572 | 312 325 600
1237 925 82593 | 135 437 665 | 133 483 621
1237 331 29172 | 130 495 612 | 132 442 663
1237 953 77805 | 133 285 819 | 117 455 665
1237 1439 104720 | 112 275 850 | 119 238 880
1237 61 4312 | 112 245 880 | 152 154 931
1237 1237 85800 | 100 312 825 | 104 275 858
1237 593 37400 | 110 175 952 | 85 352 800
1237 1237 61380 | 90 124 1023 | 60 495 682
1237 103 4680 | 55 390 792 | 80 117 1040
1237 52 2079 | 54 182 1001 | 57 154 1026
1237 14 275 | 22 225 990 | 21 600 616
1237 1397 21489 | 18 117 1102 | 19 87 1131
1238 101 10080 | 180 322 736 | 224 234 780
1238 619 59840 | 160 374 704 | 170 320 748
1238 407 36010 | 155 277 806 | 130 554 554
1238 47 3404 | 120 230 888 | 111 276 851
1238 619 33110 | 77 215 946 | 70 308 860
1238 127 6300 | 80 150 1008 | 65 273 900
1238 4159 163680 | 55 160 1023 | 62 120 1056
1238 179 6552 | 42 468 728 | 48 182 1008
1239 3 392 | 308 392 539 | 294 441 504
1239 673 77520 | 238 336 665 | 255 304 680
1239 11 1260 | 225 364 650 | 210 441 588
1239 35 3432 | 156 456 627 | 195 264 780
1239 37 3528 | 147 504 588 | 154 392 693
1239 7 513 | 114 270 855 | 99 513 627
1239 315 21736 | 132 171 936 | 91 532 616
1239 317 17388 | 69 414 756 | 84 189 966
1239 139 7056 | 84 147 1008 | 63 392 784
1239 97 4410 | 63 196 980 | 55 392 792
1239 163 3045 | 29 55 1155 | 21 203 1015
1240 31 4032 | 288 448 504 | 320 360 560
1240 1 124 | 248 496 496 | 310 310 620
1240 227 27720 | 264 360 616 | 280 330 630
1240 1 120 | 240 400 600 | 248 372 620
1240 23 2600 | 200 520 520 | 260 280 700
1240 149 16800 | 200 480 560 | 252 288 700
1240 461 49910 | 217 310 713 | 184 496 560
1240 41 4290 | 176 440 624 | 195 330 715
1240 109 11256 | 216 268 756 | 168 536 536
1240 29 2912 | 160 520 560 | 182 322 736
1240 527 51480 | 208 240 792 | 165 360 715
1240 1 96 | 160 360 720 | 200 240 800
1240 31 2808 | 192 216 832 | 135 520 585
1240 31 2800 | 140 400 700 | 160 280 800
1240 1 84 | 120 560 560 | 186 186 868
1240 31 2530 | 115 550 575 | 176 184 880
1240 577 46200 | 112 528 600 | 120 350 770
1240 73 5544 | 112 336 792 | 110 360 770
1240 31 2184 | 96 416 728 | 120 210 910
1240 41 2618 | 112 176 952 | 85 385 770
1240 31 1900 | 100 190 950 | 80 400 760
1240 1 52 | 70 260 910 | 64 448 728
1240 743 31200 | 52 288 900 | 50 390 800
1240 199 7560 | 44 440 756 | 70 90 1080
1240 209 5270 | 31 155 1054 | 30 187 1023
1240 13 300 | 30 110 1100 | 25 540 675
1240 829 11700 | 20 50 1170 | 15 325 900
1241 5 616 | 280 341 620 | 275 350 616
1241 1 120 | 238 408 595 | 280 310 651
1241 3607 404415 | 209 387 645 | 198 473 570
1241 107 10465 | 161 390 690 | 168 345 728
1241 8 765 | 170 306 765 | 153 408 680
1241 23 2088 | 136 493 612 | 168 261 812
1241 41 3496 | 152 253 836 | 136 323 782
1241 1 80 | 152 209 880 | 116 400 725
1241 73 4760 | 119 170 952 | 85 476 680
1241 169 8120 | 62 280 899 | 58 455 728
1241 2147 83160 | 77 84 1080 | 45 440 756
1241 53 1488 | 31 528 682 | 45 80 1116
1241 227 5200 | 26 240 975 | 25 416 800
1242 3 364 | 234 504 504 | 299 299 644
1242 1 120 | 230 460 552 | 228 494 520 | 252 360 630 | 270 324 648
1242 5249 583440 | 208 374 660 | 255 272 715
1242 37 4104 | 228 312 702 | 216 342 684
1242 47 4914 | 189 351 702 | 234 252 756
1242 1 92 | 207 207 828 | 138 552 552
1242 1 90 | 162 270 810 | 138 414 690
1242 83 5670 | 90 504 648 | 135 162 945
1242 1 52 | 69 276 897 | 72 234 936
1242 223 3366 | 17 154 1071 | 18 102 1122
1243 17 1995 | 231 385 627 | 255 323 665
1243 7 765 | 189 459 595 | 187 495 561
1243 197 20196 | 168 459 616 | 198 297 748
1243 71 5928 | 133 312 798 | 143 264 836
1243 661 48048 | 112 273 858 | 143 176 924
1243 17 1131 | 143 143 957 | 87 493 663
1243 109 6930 | 99 220 924 | 88 315 840
1243 107 6776 | 88 308 847 | 121 154 968
1243 1411 80080 | 112 130 1001 | 77 286 880
1243 155 4368 | 39 112 1092 | 35 168 1040
1243 421 9828 | 27 208 1008 | 28 162 1053
1243 17 180 | 13 60 1170 | 11 440 792
1244 31 3680 | 230 416 598 | 224 460 560
1244 809 95200 | 224 425 595 | 272 300 672
1244 1 110 | 220 320 704 | 230 299 715
1244 73 7812 | 186 414 644 | 248 252 744
1244 11 1140 | 180 380 684 | 220 264 760
1244 3 310 | 186 345 713 | 200 300 744
1244 103 10560 | 180 360 704 | 220 256 768
1244 109 10640 | 152 532 560 | 176 308 760
1244 593 55692 | 204 221 819 | 144 476 624
1244 5 396 | 144 220 880 | 110 540 594
1244 2461 194480 | 143 221 880 | 110 510 624
1244 157 12320 | 110 462 672 | 140 224 880
1244 67 4940 | 100 494 650 | 104 380 760
1244 23 1540 | 88 476 680 | 110 210 924
1244 1339 71060 | 68 340 836 | 110 114 1020
1244 4087 159390 | 45 506 693 | 55 154 1035
1244 19 704 | 68 88 1088 | 44 320 880
1245 29 3465 | 231 429 585 | 225 495 525
1245 349 41580 | 231 420 594 | 270 315 660
1245 23 2700 | 216 504 525 | 270 300 675
1245 11 1275 | 221 400 624 | 210 510 525
1245 11 1200 | 195 400 650 | 225 300 720
1245 71 7020 | 156 495 594 | 195 270 780
1245 514 49725 | 153 442 650 | 150 510 585
1245 69 6545 | 165 315 765 | 187 253 805
1245 1 84 | 156 231 858 | 120 525 600
1245 26 1995 | 120 285 840 | 105 570 570
1245 347 25935 | 117 273 855 | 105 399 741
1245 1831 109200 | 75 546 624 | 80 325 840
1245 1171 65520 | 117 120 1008 | 70 455 720
1245 1207 61380 | 62 468 715 | 90 132 1023
1245 461 21945 | 57 495 693 | 95 105 1045
1245 41 1512 | 60 105 1080 | 48 189 1008
1245 901 27300 | 39 156 1050 | 35 300 910
1245 127 2340 | 36 39 1170 | 20 315 910
1246 41 5040 | 280 336 630 | 245 441 560
1246 469 54834 | 247 333 666 | 222 416 608
1246 187 20202 | 222 296 728 | 182 518 546
1246 43 3528 | 168 196 882 | 126 336 784
1246 421 29016 | 91 504 651 | 124 186 936
1246 11 720 | 112 189 945 | 90 340 816
1246 181 9310 | 70 245 931 | 76 190 980
1246 7 360 | 63 455 728 | 90 136 1020
1246 371 18810 | 76 180 990 | 63 385 798
1246 107 5040 | 56 560 630 | 70 168 1008
1246 7 190 | 31 285 930 | 30 456 760
1247 31 4025 | 322 350 575 | 285 437 525
1247 1 120 | 232 435 580 | 258 344 645
1247 1 95 | 145 551 551 | 215 215 817
1247 47 4464 | 155 372 720 | 176 279 792
1247 43 3480 | 116 435 696 | 145 232 870
1247 1759 114240 | 119 168 960 | 85 448 714
1247 83 5005 | 77 455 715 | 91 221 935
1247 73 3045 | 58 174 1015 | 63 140 1044
1247 2287 24024 | 11 312 924 | 12 91 1144
1248 3 380 | 260 494 494 | 320 320 608
1248 29 3588 | 276 351 621 | 260 390 598
1248 17 2016 | 288 288 672 | 224 448 576
1248 29 3360 | 224 384 640 | 240 336 672
1248 51 5698 | 203 407 638 | 222 333 693
1248 13 1440 | 240 288 720 | 192 480 576
1248 29 3192 | 247 273 728 | 192 448 608
1248 5 528 | 198 330 720 | 192 352 704
1248 217 22440 | 170 462 616 | 200 300 748
1248 13 1344 | 168 504 576 | 224 256 768
1248 13 1320 | 168 420 660 | 165 456 627
1248 11 1092 | 156 546 546 | 195 273 780
1248 23 2244 | 156 429 663 | 170 330 748
1248 11 960 | 156 260 832 | 128 480 640
1248 247 21420 | 135 357 756 | 126 510 612
1248 23 1980 | 126 462 660 | 165 228 855
1248 211 18018 | 126 429 693 | 143 286 819
1248 13 1104 | 128 384 736 | 144 276 828
1248 197 15960 | 114 504 630 | 132 280 836
1248 169 13440 | 160 192 896 | 128 280 840
1248 83 6384 | 168 168 912 | 114 336 798
1248 3 224 | 104 416 728 | 128 224 896
1248 351 25900 | 126 222 900 | 148 175 925
1248 1 72 | 96 576 576 | 156 156 936
1248 13 924 | 126 198 924 | 96 448 704
1248 23 1560 | 117 195 936 | 96 320 832
1248 1 60 | 78 390 780 | 96 192 960
1248 13 684 | 64 576 608 | 108 114 1026
1248 21 1040 | 60 468 720 | 104 104 1040
1248 3133 132804 | 68 126 1054 | 84 93 1071
1248 337 14280 | 51 357 840 | 60 168 1020
1248 949 28050 | 51 75 1122 | 33 450 765
1248 2873 41040 | 15 513 720 | 16 152 1080
1249 49 6120 | 280 357 612 | 261 408 580
1249 71 7920 | 253 276 720 | 220 336 693
1249 137 12240 | 144 340 765 | 138 391 720
1249 241 19665 | 150 225 874 | 115 513 621
1249 367 28980 | 110 495 644 | 115 378 756
1249 431 30240 | 105 280 864 | 144 160 945
1249 1187 82593 | 92 513 644 | 105 270 874
1249 21691 1423240 | 115 182 952 | 85 520 644
1249 139 7480 | 77 220 952 | 66 520 663
1249 5 253 | 66 286 897 | 99 115 1035
1249 347 16100 | 84 115 1050 | 55 550 644
1249 157 4420 | 34 195 1020 | 40 104 1105
1249 59 1430 | 28 220 1001 | 40 65 1144
1249 107 1368 | 24 28 1197 | 14 171 1064
1249 1249 10881 | 9 403 837 | 13 27 1209
1250 29 3360 | 210 480 560 | 238 340 672
1250 67 7700 | 210 440 600 | 275 275 700
1250 859 64350 | 130 220 900 | 117 275 858
1250 131 9310 | 95 490 665 | 98 392 760
1250 331 18810 | 95 165 990 | 72 418 760
1250 101 5040 | 60 560 630 | 77 165 1008
1250 373 10080 | 32 210 1008 | 40 90 1120
1251 417 50512 | 287 308 656 | 231 492 528
1251 79 9324 | 222 441 588 | 252 333 666
1251 139 15120 | 216 315 720 | 189 432 630
1251 199 21645 | 185 481 585 | 195 390 666
1251 311 32760 | 195 336 720 | 189 360 702
1251 3 308 | 168 456 627 | 198 297 756
1251 46 4185 | 135 558 558 | 162 279 810
1251 29 2520 | 135 360 756 | 168 228 855 | 126 525 600
1251 1 81 | 126 315 810 | 162 198 891
1251 139 10440 | 108 360 783 | 120 261 870
1251 417 24752 | 78 357 816 | 91 208 952
1251 59 3024 | 81 162 1008 | 63 432 756
1251 47 1512 | 36 567 648 | 45 126 1080
1251 417 11872 | 32 371 848 | 42 96 1113
1252 257 30096 | 264 304 684 | 225 400 627
1252 541 60060 | 204 385 663 | 260 264 728
1252 4649 510048 | 207 352 693 | 252 264 736
1252 13 1254 | 152 440 660 | 150 475 627
1252 313 27456 | 132 416 704 | 156 264 832
1252 19 1540 | 119 385 748 | 132 280 840
1252 47 3360 | 108 280 864 | 96 476 680
1252 313 20160 | 112 180 960 | 84 448 720
1252 667 39520 | 104 160 988 | 76 416 760
1252 31 1092 | 42 286 924 | 56 104 1092
1252 197 5040 | 36 96 1120 | 28 504 720
1253 217 23400 | 200 351 702 | 208 325 720
1253 181 18200 | 175 350 728 | 200 273 780
1253 5 468 | 195 230 828 | 182 252 819
1253 7 570 | 133 280 840 | 132 285 836
1253 53 4284 | 119 378 756 | 117 408 728
1253 271 13860 | 63 420 770 | 80 165 1008
1253 1081 50960 | 56 560 637 | 65 208 980
1253 25 1053 | 65 135 1053 | 49 567 637
1253 1343 49140 | 42 455 756 | 56 117 1080
1253 239 8580 | 48 165 1040 | 46 195 1012
1253 1337 34336 | 29 296 928 | 32 148 1073
1253 47 924 | 28 70 1155 | 21 616 616
1254 3 400 | 352 352 550 | 304 475 475
1254 47 6048 | 308 352 594 | 270 480 504
1254 9 1120 | 266 380 608 | 288 336 630
1254 1 120 | 264 330 660 | 225 504 525 | 240 390 624 | 228 456 570
1254 13 1512 | 264 297 693 | 210 504 540
1254 1 114 | 228 342 684 | 209 418 627
1254 61 6930 | 231 330 693 | 200 504 550
1254 7 720 | 234 240 780 | 176 385 693
1254 383 36582 | 201 234 819 | 182 268 804
1254 19 1776 | 144 444 666 | 176 264 814
1254 47 3960 | 120 540 594 | 132 330 792 | 176 198 880
1254 15 1232 | 126 336 792 | 154 220 880
1254 13 1050 | 147 225 882 | 114 475 665
1254 19 1440 | 110 352 792 | 120 270 864
1254 7 528 | 114 304 836 | 154 176 924
1254 79 5880 | 138 196 920 | 120 252 882
1254 137 10098 | 132 204 918 | 99 561 594
1254 19 1386 | 132 198 924 | 99 462 693
1254 19 1071 | 70 504 680 | 102 144 1008
1254 13 720 | 88 176 990 | 78 240 936
1254 1 54 | 66 594 594 | 114 114 1026
1254 45 2288 | 77 176 1001 | 104 110 1040
1254 57 2590 | 55 385 814 | 70 148 1036
1254 19 726 | 44 484 726 | 66 99 1089
1254 2489 74256 | 39 144 1071 | 34 336 884
1254 19 390 | 22 572 660 | 39 45 1170
1254 3 52 | 22 88 1144 | 19 247 988
1255 41 4620 | 210 385 660 | 231 320 704
1255 1297 130900 | 182 325 748 | 170 385 700
1255 22 1935 | 172 228 855 | 180 215 860
1255 13 504 | 45 440 770 | 72 91 1092
1255 9 245 | 30 490 735 | 31 294 930
1255 1081 29295 | 35 135 1085 | 31 279 945
1255 4 99 | 34 99 1122 | 39 72 1144
1256 11 1440 | 320 360 576 | 288 440 528
1256 3 380 | 288 360 608 | 266 420 570
1256 157 18942 | 231 451 574 | 264 336 656
1256 157 18630 | 240 368 648 | 230 405 621
1256 89 9240 | 216 270 770 | 168 528 560
1256 23 2310 | 160 480 616 | 189 297 770
1256 97 8680 | 168 248 840 | 140 372 744
1256 503 40320 | 112 504 640 | 128 288 840
1256 13 900 | 96 360 800 | 100 306 850
1256 23 1440 | 80 504 672 | 88 288 880
1256 641 39520 | 78 570 608 | 80 416 760
1256 109 6270 | 95 171 990 | 80 264 912
1256 157 8640 | 72 320 864 | 80 216 960
1256 157 7392 | 88 112 1056 | 56 528 672
1256 113 4140 | 72 80 1104 | 46 220 990
1256 157 5520 | 60 92 1104 | 40 480 736
1256 451 15456 | 56 96 1104 | 46 154 1056
1257 277 33264 | 231 432 594 | 288 297 672
1257 73 8736 | 273 312 672 | 232 416 609
1257 32 3705 | 221 390 646 | 270 285 702 | 228 364 665
1257 181 17160 | 165 312 780 | 144 528 585
1257 11 840 | 165 168 924 | 105 480 672
1257 37 1365 | 42 585 630 | 60 105 1092
1258 59 7722 | 297 403 558 | 308 378 572
1258 5 609 | 232 504 522 | 290 308 660
1258 13 1554 | 259 333 666 | 222 518 518
1258 23 2600 | 200 460 598 | 208 400 650
1258 95 10296 | 182 504 572 | 208 330 720
1258 53 5600 | 200 322 736 | 175 475 608
1258 167 16830 | 180 330 748 | 187 306 765
1258 409 40950 | 224 234 800 | 175 342 741
1258 41 3978 | 208 234 816 | 153 442 663
1258 1283 123200 | 150 448 660 | 154 400 704
1258 11 1020 | 153 340 765 | 170 272 816
1258 67 6120 | 180 238 840 | 136 510 612
1258 1 88 | 148 296 814 | 136 374 748
1258 115 9724 | 187 187 884 | 170 208 880
1258 1 70 | 136 170 952 | 133 175 950
1258 127 8316 | 88 378 792 | 93 297 868
1258 71 4200 | 92 200 966 | 75 455 728
1258 37 2040 | 68 510 680 | 102 136 1020
1258 355 17226 | 58 540 660 | 62 297 899
1258 101 3330 | 42 180 1036 | 37 555 666
1258 9 272 | 34 408 816 | 48 88 1122
1258 101 2318 | 38 61 1159 | 26 244 988
1259 13 1463 | 203 418 638 | 209 385 665
1259 47 4048 | 132 368 759 | 176 209 874
1259 379 31625 | 125 375 759 | 154 230 875
1259 1073 79560 | 104 390 765 | 153 170 936
1259 13 957 | 99 522 638 | 132 203 924
1259 991 45045 | 63 195 1001 | 55 385 819
1260 3 418 | 380 440 440 | 399 399 462
1260 3 416 | 390 390 480 | 364 448 448
1260 3 400 | 350 350 560 | 300 480 480
1260 3 392 | 336 336 588 | 280 490 490
1260 7 900 | 300 360 600 | 270 450 540
1260 1 126 | 252 504 504 | 315 315 630
1260 7 864 | 288 324 648 | 240 480 540
1260 3 350 | 210 525 525 | 280 280 700
1260 7 816 | 240 340 680 | 216 432 612
1260 1 108 | 180 540 540 | 252 252 756
1260 1 104 | 240 240 780 | 168 546 546
1260 73 7350 | 168 392 700 | 175 350 735
1260 21 2080 | 200 260 800 | 156 480 624
1260 7 680 | 204 240 816 | 150 510 600
1260 3 280 | 140 560 560 | 210 210 840
1260 1 90 | 135 450 675 | 168 252 840
1260 659 56160 | 156 240 864 | 135 325 800
1260 1 84 | 126 378 756 | 140 280 840
1260 21 1760 | 120 480 660 | 160 220 880
1260 7 570 | 135 270 855 | 120 380 760
1260 7 540 | 135 225 900 | 108 432 720
1260 21 1520 | 120 228 912 | 100 400 760
1260 1 72 | 105 315 840 | 108 288 864
1260 7 468 | 100 260 900 | 108 216 936 | 90 390 780
1260 3 196 | 84 588 588 | 140 140 980
1260 47 2772 | 84 252 924 | 77 364 819
1260 3 170 | 70 595 595 | 120 120 1020
1260 7 396 | 90 180 990 | 72 396 792
1260 21 1180 | 80 236 944 | 75 300 885
1260 1679 87780 | 70 266 924 | 77 195 988
1260 1 50 | 105 105 1050 | 60 600 600
1260 23 900 | 45 540 675 | 50 220 990
1260 7 270 | 60 120 1080 | 45 405 810
1260 3 82 | 30 615 615 | 56 56 1148
1260 131 3360 | 35 105 1120 | 28 560 672
1260 21 200 | 12 48 1200 | 10 250 1000
1261 16 2145 | 312 429 520 | 330 385 546
1261 403 49200 | 246 400 615 | 275 330 656
1261 232 27027 | 216 429 616 | 273 286 702
1261 5 572 | 260 286 715 | 208 429 624
1261 97 10920 | 260 273 728 | 195 520 546
1261 1261 124740 | 154 540 567 | 220 231 810
1261 101 9240 | 154 315 792 | 143 390 728
1261 97 8260 | 130 364 767 | 140 295 826
1261 977 72072 | 99 546 616 | 143 182 936
1261 3 208 | 91 546 624 | 117 208 936
1261 1261 73080 | 72 580 609 | 120 126 1015
1261 97 4300 | 86 100 1075 | 52 559 650
1261 1261 31465 | 29 217 1015 | 31 145 1085
1262 631 82110 | 322 345 595 | 276 476 510
1262 59 7560 | 270 432 560 | 266 456 540
1262 631 69930 | 189 518 555 | 252 270 740
1262 631 63840 | 224 240 798 | 160 532 570
1262 193 15470 | 170 182 910 | 140 238 884
1262 359 17458 | 58 602 602 | 62 301 899
1262 167 5640 | 47 135 1080 | 40 282 940
1262 419 10260 | 30 152 1080 | 27 380 855
1262 187 3510 | 20 540 702 | 27 65 1170
1262 631 9030 | 15 602 645 | 28 30 1204
1263 1 132 | 306 396 561 | 288 480 495
1263 4 495 | 240 495 528 | 255 396 612
1263 37 4095 | 210 351 702 | 234 294 735
1263 1 108 | 234 273 756 | 180 513 570
1263 37 3960 | 187 396 680 | 180 456 627
1263 131 13860 | 210 297 756 | 180 418 665
1263 423 40040 | 180 264 819 | 143 560 560
1263 221 13200 | 80 325 858 | 75 528 660
1263 121 6300 | 63 600 600 | 80 175 1008
1263 421 16320 | 51 192 1020 | 48 255 960
1263 421 15900 | 53 150 1060 | 45 318 900
1263 421 15480 | 43 360 860 | 54 129 1080
1263 421 12540 | 33 570 660 | 57 66 1140
1263 421 10440 | 45 58 1160 | 27 540 696
1263 421 7080 | 18 360 885 | 24 59 1180
1264 79 9576 | 228 504 532 | 288 304 672
1264 1 120 | 237 395 632 | 240 384 640 | 224 480 560
1264 79 8736 | 224 312 728 | 192 448 624
1264 857 94248 | 189 459 616 | 252 264 748
1264 1051 102564 | 154 444 666 | 198 252 814
1264 187 16120 | 124 520 620 | 130 390 744
1264 73 6160 | 120 528 616 | 160 224 880
1264 193 14560 | 130 224 910 | 112 320 832
1264 97 7008 | 108 292 864 | 96 584 584
1264 47 2960 | 88 296 880 | 80 592 592
1264 79 4956 | 84 354 826 | 96 224 944
1264 1655 102816 | 85 315 864 | 96 216 952
1264 11 504 | 64 192 1008 | 54 594 616
1264 43 1728 | 68 108 1088 | 64 120 1080
1264 37 1470 | 49 270 945 | 46 483 735
1264 185 5304 | 32 416 816 | 39 120 1105
1265 1 140 | 385 440 440 | 390 420 455
1265 7 912 | 304 372 589 | 285 420 560
1265 9 1144 | 275 390 600 | 264 429 572
1265 83 9900 | 220 495 550 | 225 440 600
1265 127 14630 | 220 380 665 | 209 440 616
1265 79 8415 | 225 275 765 | 187 385 693
1265 8 805 | 161 460 644 | 230 230 805
1265 4 315 | 140 225 900 | 110 462 693
1265 1 68 | 92 391 782 | 110 220 935
1265 1 56 | 69 552 644 | 77 264 924
1265 2 105 | 77 198 990 | 65 420 780
1265 17 600 | 50 135 1080 | 40 525 700
1266 13 1512 | 252 312 702 | 216 420 630
1266 809 82110 | 161 510 595 | 168 408 690
1266 97 9360 | 208 230 828 | 156 390 720
1266 8 693 | 156 252 858 | 132 378 756
1266 137 10710 | 120 306 840 | 130 252 884
1266 47 3612 | 105 516 645 | 132 231 903
1266 17 1040 | 78 468 720 | 90 240 936
1266 27 1430 | 70 286 910 | 78 198 990
1266 211 10626 | 66 276 924 | 69 231 966
1266 211 10416 | 72 186 1008 | 62 336 868
1266 211 9576 | 54 456 756 | 76 126 1064
1266 211 8736 | 48 546 672 | 78 96 1092
1266 157 5712 | 51 144 1071 | 42 408 816
1266 211 6426 | 34 476 756 | 51 81 1134
1266 211 5166 | 36 82 1148 | 27 378 861
1266 211 3486 | 21 83 1162 | 18 252 996
1266 557 8400 | 16 375 875 | 24 42 1200
1267 43 5355 | 252 420 595 | 306 310 651
1267 181 21472 | 224 427 616 | 244 352 671
1267 239 26460 | 189 490 588 | 200 392 675
1267 263 26600 | 182 325 760 | 168 399 700
1267 13 1176 | 147 336 784 | 140 392 735
1267 73 4760 | 105 210 952 | 84 520 663
1267 1 60 | 77 420 770 | 84 273 910
1267 149 8855 | 77 385 805 | 115 140 1012
1267 12 665 | 70 399 798 | 84 195 988
1267 1267 63240 | 93 120 1054 | 60 527 680
1267 274 13195 | 58 455 754 | 70 182 1015
1267 121 5320 | 52 455 760 | 70 133 1064
1267 839 33488 | 52 207 1008 | 48 322 897
1267 61 2380 | 49 238 980 | 78 84 1105
1267 181 3652 | 28 77 1162 | 22 332 913
1268 253 32004 | 252 508 508 | 254 468 546
1268 37 3600 | 176 300 792 | 180 288 800
1268 11 910 | 120 420 728 | 161 210 897
1268 47 3696 | 112 408 748 | 168 176 924
1268 11 840 | 112 340 816 | 138 210 920
1268 179 13572 | 104 468 696 | 108 377 783
1268 149 9690 | 90 323 855 | 85 442 741
1268 59 3312 | 72 368 828 | 92 168 1008
1268 733 31694 | 53 318 897 | 52 368 848
1268 83 1560 | 26 72 1170 | 20 624 624
1268 641 12040 | 21 215 1032 | 20 560 688
1269 1 105 | 240 245 784 | 180 396 693
1269 23 2160 | 144 450 675 | 189 240 840
1269 206 17955 | 126 513 630 | 133 380 756
1269 19 1620 | 180 198 891 | 135 324 810
1269 1789 83160 | 63 216 990 | 60 264 945
1269 43 1680 | 45 504 720 | 49 240 980
1270 1 136 | 325 425 520 | 352 374 544
1270 127 17094 | 308 444 518 | 330 385 555
1270 23 2970 | 286 390 594 | 270 450 550
1270 127 15456 | 276 322 672 | 230 480 560
1270 43 4290 | 165 390 715 | 182 308 780
1270 127 11088 | 126 528 616 | 180 210 880
1270 751 65520 | 130 420 720 | 126 520 624
1270 2647 217360 | 130 304 836 | 143 247 880
1270 127 9450 | 100 540 630 | 150 175 945
1270 17 1232 | 110 280 880 | 100 400 770
1270 9143 642960 | 94 456 720 | 95 423 752
1270 1 66 | 87 429 754 | 114 187 969
1270 361 22386 | 82 369 819 | 104 182 984
1270 809 40950 | 70 225 975 | 90 130 1050
1270 107 4752 | 52 594 624 | 80 110 1080 | 54 352 864
1270 127 5130 | 50 270 950 | 54 190 1026
1270 97 3850 | 55 165 1050 | 70 100 1100
1270 197 6650 | 40 280 950 | 38 532 700
1270 127 3990 | 60 70 1140 | 35 570 665
1270 1811 46200 | 40 75 1155 | 28 450 792
1271 1 119 | 217 527 527 | 287 287 697 | 221 455 595
1271 5 492 | 164 369 738 | 205 246 820
1271 71 6721 | 188 247 836 | 143 517 611
1271 2831 230265 | 153 215 903 | 119 387 765
1271 71 5520 | 144 207 920 | 115 340 816
1271 37 2772 | 105 396 770 | 102 476 693
1271 1 36 | 41 492 738 | 62 93 1116
1272 23 3120 | 312 480 480 | 336 390 546
1272 17 2280 | 304 440 528 | 342 360 570
1272 3 400 | 304 418 550 | 300 432 540
1272 17 2184 | 264 462 546 | 312 336 624
1272 83 10320 | 240 516 516 | 258 390 624
1272 37 4284 | 272 280 720 | 252 306 714
1272 17 1890 | 189 513 570 | 216 336 720
1272 151 16632 | 252 264 756 | 189 456 627
1272 67 6600 | 180 300 792 | 152 550 570
1272 97 9384 | 168 322 782 | 184 272 816
1272 101 9672 | 156 372 744 | 192 248 832
1272 349 27720 | 112 440 720 | 168 180 924
1272 323 22776 | 117 219 936 | 104 292 876
1272 2929 205920 | 96 396 780 | 104 288 880
1272 7 480 | 96 336 840 | 120 192 960
1272 5 288 | 72 480 720 | 96 168 1008
1272 1987 106080 | 65 544 663 | 96 136 1040
1272 11197 550620 | 60 414 798 | 76 161 1035
1272 169 7560 | 54 378 840 | 80 112 1080
1272 347 14100 | 50 282 940 | 47 525 700
1272 509 15960 | 40 168 1064 | 56 76 1140
1272 139 2508 | 22 110 1140 | 27 57 1188
1273 31 3588 | 207 468 598 | 248 312 713
1273 10 819 | 165 198 910 | 117 442 714
1273 29 1980 | 95 342 836 | 90 468 715
1273 11 728 | 133 152 988 | 93 312 868
1273 38 2475 | 90 325 858 | 88 360 825
1273 1273 82824 | 119 168 986 | 84 493 696
1273 361 21505 | 77 391 805 | 85 253 935
1273 59 3420 | 90 195 988 | 76 342 855
1273 689 38640 | 69 560 644 | 112 126 1035
1273 1 48 | 57 608 608 | 58 432 783
1273 43 1764 | 63 132 1078 | 48 441 784
1274 1 140 | 364 455 455 | 392 392 490
1274 91 11280 | 240 470 564 | 280 336 658
1274 31 3744 | 234 416 624 | 224 504 546
1274 5 594 | 286 286 702 | 216 506 552
1274 119 14040 | 260 312 702 | 216 460 598
1274 13 1512 | 216 414 644 | 224 378 672
1274 91 10560 | 240 330 704 | 210 448 616
1274 7 800 | 224 350 700 | 208 416 650
1274 13 1470 | 196 490 588 | 245 294 735
1274 3 280 | 147 392 735 | 140 504 630
1274 19 1760 | 140 462 672 | 143 416 715
1274 7 638 | 154 308 812 | 143 377 754
1274 8 715 | 130 572 572 | 140 364 770
1274 49 4290 | 156 260 858 | 130 429 715
1274 637 54188 | 124 437 713 | 152 248 874
1274 91 7650 | 119 525 630 | 170 204 900
1274 53 4290 | 130 286 858 | 154 210 910
1274 53 3640 | 91 455 728 | 104 260 910
1274 49 3330 | 117 195 962 | 90 444 740
1274 7 468 | 104 234 936 | 91 364 819
1274 637 41820 | 120 170 984 | 85 492 697
1274 13 792 | 112 154 1008 | 77 504 693
1274 7 418 | 84 266 924 | 77 399 798
1274 7 408 | 84 238 952 | 78 312 884
1274 13 612 | 84 119 1071 | 56 504 714
1274 91 4176 | 63 203 1008 | 58 288 928
1274 317 14040 | 56 273 945 | 52 520 702
1274 13 480 | 70 84 1120 | 42 560 672
1274 91 3294 | 54 122 1098 | 42 378 854
1274 13 462 | 49 147 1078 | 42 308 924
1274 59 2016 | 42 224 1008 | 39 416 819
1274 7 228 | 39 247 988 | 42 168 1064
1274 1 24 | 49 49 1176 | 26 624 624
1274 49 1170 | 26 468 780 | 39 65 1170
1274 91 1710 | 35 42 1197 | 20 570 684
1274 91 1184 | 14 224 1036 | 16 74 1184
1275 1 135 | 315 420 540 | 306 459 510
1275 47 6300 | 315 400 560 | 300 450 525
1275 449 57120 | 288 357 630 | 255 476 544
1275 1 120 | 255 340 680 | 225 450 600
1275 11 1260 | 225 350 700 | 240 315 720
1275 1 99 | 153 561 561 | 225 225 825
1275 31 3060 | 153 510 612 | 170 340 765
1275 229 21840 | 144 546 585 | 195 240 840
1275 164 15015 | 140 420 715 | 135 546 594
1275 3 260 | 170 221 884 | 125 500 650
1275 149 12600 | 175 200 900 | 120 525 630
1275 167 12285 | 135 195 945 | 105 351 819
1275 127 9240 | 105 330 840 | 120 231 924
1275 643 39780 | 85 306 884 | 78 585 612
1275 11 585 | 75 225 975 | 65 495 715
1275 109 5460 | 60 585 630 | 65 286 924
1275 11 525 | 75 150 1050 | 60 315 900
1275 479 11880 | 27 528 720 | 30 165 1080
1275 1171 21945 | 21 209 1045 | 33 45 1197
1276 1 126 | 310 315 651 | 261 406 609 | 252 448 576 | 264 396 616
1276 499 62244 | 252 416 608 | 247 441 588
1276 1 120 | 220 528 528 | 290 290 696
1276 13 1540 | 220 440 616 | 231 385 660
1276 1321 154440 | 264 297 715 | 208 528 540
1276 5 528 | 176 440 660 | 174 464 638
1276 19 1980 | 220 264 792 | 198 308 770
1276 367 33592 | 136 494 646 | 156 304 816
1276 25 2184 | 154 264 858 | 126 520 630
1276 1879 155610 | 171 195 910 | 117 494 665
1276 1 80 | 120 340 816 | 132 264 880
1276 19 1260 | 93 315 868 | 132 154 990
1276 355 15504 | 51 560 665 | 54 304 918
1277 49 6660 | 315 444 518 | 342 380 555
1277 1433 128700 | 150 308 819 | 132 495 650
1277 599 49725 | 156 221 900 | 117 510 650
1277 527 32604 | 78 572 627 | 102 187 988
1277 419 23188 | 68 527 682 | 77 248 952
1277 3467 116584 | 52 104 1121 | 38 472 767
1277 127 4004 | 42 143 1092 | 56 77 1144
1278 73 9504 | 288 396 594 | 270 480 528
1278 10 1197 | 252 342 684 | 228 420 630
1278 3 350 | 225 378 675 | 238 340 700
1278 23 2640 | 220 368 690 | 200 528 550
1278 31 3510 | 195 513 570 | 216 360 702
1278 17 1890 | 252 270 756 | 189 495 594
1278 241 23868 | 153 540 585 | 156 459 663
1278 251 24570 | 156 420 702 | 189 270 819
1278 3 284 | 213 213 852 | 142 568 568
1278 5 468 | 144 432 702 | 195 228 855
1278 389 34290 | 135 381 762 | 160 254 864
1278 13 1134 | 189 198 891 | 126 504 648
1278 1 78 | 142 213 923 | 108 468 702
1278 4309 334152 | 108 442 728 | 153 189 936
1278 201 15470 | 130 238 910 | 105 510 663
1278 83 5610 | 105 238 935 | 88 510 680
1278 59 3960 | 90 396 792 | 144 144 990
1278 59 3078 | 81 171 1026 | 95 130 1053
1278 31 1530 | 68 220 990 | 102 105 1071
1278 1873 87780 | 56 462 760 | 57 385 836
1278 2019 88660 | 60 195 1023 | 62 176 1040
1278 113 4914 | 78 108 1092 | 63 162 1053
1279 183 25025 | 325 429 525 | 351 378 550
1279 2257 290928 | 264 464 551 | 304 348 627
1279 67 7293 | 187 429 663 | 221 299 759
1279 1279 102465 | 115 405 759 | 135 253 891
1279 358 15657 | 54 307 918 | 51 614 614
1279 125 5292 | 57 196 1026 | 54 245 980
1279 92 3003 | 63 72 1144 | 44 143 1092
1280 1 128 | 256 512 512 | 320 320 640
1280 29 3640 | 308 312 660 | 280 350 650
1280 241 28728 | 216 532 532 | 266 312 702
1280 11 1120 | 200 280 800 | 160 560 560
1280 73 7200 | 180 300 800 | 160 400 720
1280 367 32760 | 130 520 630 | 140 360 780
1280 7 600 | 140 300 840 | 180 200 900
1280 131 9828 | 140 195 945 | 102 476 702
1280 43 3120 | 104 336 840 | 100 400 780
1280 73 3900 | 65 540 675 | 70 300 910
1280 251 11880 | 90 110 1080 | 56 594 630
1280 2179 90200 | 55 200 1025 | 50 328 902
1280 53 2016 | 70 90 1120 | 48 224 1008
1280 53 1872 | 40 520 720 | 45 195 1040
1281 61 8580 | 364 455 462 | 390 396 495
1281 29 3960 | 315 462 504 | 319 440 522
1281 61 7140 | 210 476 595 | 252 315 714
1281 22 2457 | 252 273 756 | 189 546 546
1281 95 10584 | 189 504 588 | 245 280 756
1281 10 1071 | 189 378 714 | 210 306 765
1281 79 7644 | 156 390 735 | 147 546 588
1281 61 5880 | 196 245 840 | 147 504 630
1281 7 660 | 145 440 696 | 198 228 855
1281 443 38808 | 126 539 616 | 168 231 882
1281 95 8127 | 189 189 903 | 129 378 774
1281 61 5160 | 120 516 645 | 168 210 903
1281 1 84 | 122 427 732 | 147 252 882
1281 427 34827 | 141 247 893 | 117 423 741
1281 29 2205 | 105 441 735 | 147 189 945
1281 427 26520 | 90 255 936 | 85 312 884
1281 23 1188 | 63 462 756 | 66 324 891
1281 183 7735 | 85 91 1105 | 49 595 637
1281 2323 97020 | 63 140 1078 | 49 440 792
1281 3167 125580 | 65 112 1104 | 46 455 780
1281 7 192 | 31 320 930 | 33 192 1056
1281 61 1200 | 21 560 700 | 36 45 1200
1281 1281 12400 | 16 25 1240 | 10 496 775
1282 155 17802 | 258 288 736 | 207 430 645
1282 1 112 | 224 322 736 | 190 532 560
1282 12079 1333800 | 216 325 741 | 200 380 702
1282 197 21114 | 204 322 756 | 230 270 782
1282 187 18270 | 154 435 693 | 180 290 812
1282 827 72864 | 132 414 736 | 138 352 792
1282 379 31878 | 147 253 882 | 132 322 828 | 126 374 782
1282 13 720 | 99 143 1040 | 72 330 880
1282 1181 47850 | 66 116 1100 | 50 275 957
1282 47 1650 | 50 132 1100 | 40 450 792
1282 2081 65550 | 50 92 1140 | 57 75 1150
1283 506 63973 | 247 518 518 | 259 416 608
1283 13 1575 | 225 483 575 | 275 315 693
1283 17 1804 | 205 308 770 | 176 451 656
1283 19 1716 | 165 260 858 | 195 208 880
1283 587 49665 | 126 387 770 | 165 215 903
1283 226 17595 | 115 340 828 | 135 230 918
1283 19 1400 | 100 455 728 | 133 200 950
1283 569 30160 | 65 464 754 | 87 156 1040
1283 3613 160580 | 62 185 1036 | 74 124 1085
1283 1447 45045 | 63 65 1155 | 35 429 819
1283 4513 118755 | 29 435 819 | 35 117 1131
1284 239 30600 | 272 400 612 | 255 504 525
1284 161 20064 | 304 308 672 | 247 429 608
1284 491 60060 | 260 352 672 | 231 468 585
1284 19 1890 | 195 270 819 | 168 360 756
1284 67 5940 | 132 432 720 | 156 270 858
1284 83 7200 | 150 270 864 | 192 192 900
1284 53 4560 | 144 285 855 | 140 304 840
1284 1381 103740 | 105 399 780 | 104 420 760
1284 73 5280 | 96 528 660 | 132 192 960
1284 29 1980 | 108 231 945 | 140 154 990
1284 113 7392 | 84 528 672 | 96 264 924
1284 577 37620 | 114 180 990 | 88 360 836
1284 289 17100 | 80 304 900 | 108 150 1026
1284 9 506 | 88 184 1012 | 69 594 621
1284 89 4320 | 60 360 864 | 96 108 1080
1284 951 13090 | 15 198 1071 | 17 77 1190
1285 2 275 | 350 385 550 | 325 440 520
1285 87 9880 | 195 520 570 | 240 304 741
1285 967 103600 | 185 400 700 | 175 518 592
1285 1 102 | 180 340 765 | 165 440 680
1285 1 88 | 130 440 715 | 165 240 880
1285 169 13860 | 117 440 728 | 171 190 924
1285 17 945 | 69 460 756 | 70 405 810
1285 74 3965 | 65 610 610 | 70 305 910
1285 7 300 | 60 175 1050 | 75 110 1100
1285 7 220 | 35 550 700 | 60 70 1155
1285 17 525 | 55 75 1155 | 35 375 875
1286 643 84150 | 300 374 612 | 275 450 561
1286 61 7410 | 260 342 684 | 228 460 598
1286 421 46046 | 182 506 598 | 230 286 770
1286 157 16830 | 210 306 770 | 198 340 748
1286 9 836 | 165 285 836 | 152 342 792
1286 643 55440 | 154 252 880 | 126 440 720
1286 37 3120 | 168 208 910 | 130 340 816
1286 1 80 | 130 272 884 | 110 560 616
1286 71 5610 | 153 198 935 | 110 462 714
1286 5 312 | 130 136 1020 | 90 260 936
1286 23 1368 | 108 152 1026 | 76 418 792
1286 419 20020 | 65 220 1001 | 70 176 1040
1286 8543 398970 | 65 198 1023 | 62 234 990
1286 643 29120 | 56 320 910 | 64 182 1040
1287 1 135 | 351 351 585 | 315 405 567 | 297 495 495
1287 1 132 | 297 396 594 | 286 429 572
1287 34 4485 | 299 390 598 | 280 455 552
1287 39 4840 | 264 363 660 | 242 440 605
1287 17 2079 | 231 462 594 | 297 297 693
1287 39 4700 | 282 300 705 | 220 517 550
1287 109 12540 | 209 418 660 | 260 286 741
1287 4 455 | 204 420 663 | 195 546 546
1287 83 9360 | 216 351 720 | 195 468 624
1287 23 2520 | 182 520 585 | 216 315 756
1287 47 5040 | 176 495 616 | 189 378 720
1287 113 11220 | 165 374 748 | 153 540 594
1287 13 1275 | 187 275 825 | 153 459 675
1287 13 1176 | 189 216 882 | 132 539 616
1287 1 90 | 132 495 660 | 135 432 720
1287 19 1620 | 126 405 756 | 162 225 900
1287 32 2709 | 147 258 882 | 126 387 774
1287 17 1404 | 132 297 858 | 117 468 702
1287 17 1260 | 102 420 765 | 117 260 910
1287 1 72 | 99 396 792 | 117 234 936
1287 13 891 | 135 162 990 | 99 297 891
1287 39 1760 | 55 352 880 | 66 165 1056
1287 13 315 | 27 315 945 | 33 99 1155
1287 62 1485 | 44 55 1188 | 27 270 990
1287 39 400 | 11 176 1100 | 12 75 1200
1288 1 138 | 322 483 483 | 368 368 552
1288 53 7280 | 364 364 560 | 320 448 520
1288 1 132 | 336 336 616 | 276 506 506
1288 17 2240 | 280 448 560 | 320 352 616
1288 2741 360360 | 273 495 520 | 312 360 616
1288 73 9324 | 259 441 588 | 252 518 518
1288 5 612 | 234 442 612 | 238 420 630
1288 83 10080 | 288 300 700 | 224 504 560
1288 5 588 | 210 490 588 | 224 392 672
1288 31 3640 | 208 520 560 | 280 280 728
1288 7 816 | 238 336 714 | 208 468 612
1288 10399 1164240 | 196 432 660 | 189 539 560
1288 41 4200 | 161 552 575 | 168 420 700
1288 1 98 | 168 336 784 | 154 441 693
1288 29 2772 | 144 528 616 | 154 378 756
1288 97 8820 | 196 210 882 | 144 360 784
1288 35 3168 | 132 544 612 | 144 352 792
1288 19 1540 | 112 560 616 | 154 210 924
1288 2051 160820 | 110 430 748 | 170 172 946
1288 37 2856 | 105 520 663 | 168 168 952
1288 71 5460 | 126 252 910 | 104 560 624
1288 11 840 | 112 336 840 | 105 455 728
1288 137 9996 | 98 476 714 | 99 441 748
1288 89 6160 | 144 154 990 | 96 352 840
1288 163 7644 | 98 98 1092 | 78 132 1078
1288 7 150 | 23 575 690 | 40 48 1200
1288 7 106 | 16 424 848 | 23 46 1219
1289 689 81396 | 252 323 714 | 231 374 684
1289 337 35568 | 176 429 684 | 171 494 624
1289 11 1140 | 168 456 665 | 184 345 760
1289 157 10948 | 119 204 966 | 92 483 714
1289 281 19404 | 99 308 882 | 90 539 660
1289 1741 93275 | 65 574 650 | 82 182 1025
1289 17 888 | 74 216 999 | 64 448 777
1290 3397 426360 | 264 380 646 | 255 408 627
1290 89 9240 | 165 525 600 | 168 462 660
1290 61 5610 | 165 275 850 | 135 561 594
1290 43 3726 | 138 324 828 | 135 345 810
1290 89 7560 | 135 315 840 | 120 540 630
1290 23 1950 | 120 520 650 | 156 234 900
1290 43 3600 | 150 240 900 | 120 450 720
1290 43 3432 | 156 198 936 | 110 520 660
1290 43 3264 | 160 170 960 | 102 576 612
1290 263 19320 | 105 345 840 | 140 184 966
1290 43 2970 | 135 165 990 | 90 540 660
1290 1 60 | 75 540 675 | 80 330 880
1290 43 2550 | 75 450 765 | 100 170 1020
1290 37 2100 | 120 120 1050 | 75 315 900
1290 19 1050 | 75 270 945 | 100 140 1050
1290 43 2088 | 60 360 870 | 72 174 1044
1290 73 2520 | 42 240 1008 | 40 350 900
1290 3 100 | 40 250 1000 | 43 172 1075
1290 43 1320 | 40 150 1100 | 36 264 990
1290 1643 37950 | 25 506 759 | 30 110 1150
1290 129 1960 | 25 40 1225 | 16 490 784
1290 43 366 | 10 60 1220 | 9 183 1098
1291 1 132 | 315 360 616 | 330 341 620
1291 3821 502320 | 276 455 560 | 322 345 624
1291 697 80080 | 208 418 665 | 224 352 715
1291 23 2288 | 160 416 715 | 208 247 836
1291 365 34272 | 189 238 864 | 160 315 816
1291 1291 120120 | 165 286 840 | 143 420 728
1291 134 12155 | 136 440 715 | 187 220 884
1291 758 43605 | 95 170 1026 | 72 459 760
1291 29 1620 | 81 220 990 | 108 130 1053
1291 8549 255255 | 35 255 1001 | 33 595 663
1291 1291 24180 | 20 465 806 | 30 52 1209
1292 1 140 | 380 380 532 | 340 476 476
1292 1 132 | 312 364 616 | 306 374 612
1292 19 2448 | 304 342 646 | 272 408 612
1292 457 57120 | 238 510 544 | 280 340 672
1292 13 1596 | 228 532 532 | 266 342 684
1292 61 7370 | 268 320 704 | 220 536 536
1292 437 52360 | 221 455 616 | 238 374 680
1292 79 9360 | 260 312 720 | 234 368 690
1292 229 25020 | 234 278 780 | 180 556 556
1292 19 1980 | 176 396 720 | 187 340 765 | 200 300 792
1292 1 104 | 192 320 780 | 170 442 680
1292 23 2340 | 171 380 741 | 230 234 828
1292 19 1428 | 102 476 714 | 136 204 952
1292 23 1716 | 102 442 748 | 104 396 792
1292 95 6624 | 92 480 720 | 96 368 828
1292 19 1260 | 85 595 612 | 140 144 1008
1292 97 6336 | 110 192 990 | 84 504 704
1292 193 12350 | 104 200 988 | 95 247 950
1292 1 60 | 102 170 1020 | 76 456 760
1292 19 1098 | 102 153 1037 | 72 488 732
1292 139 5148 | 44 312 936 | 46 234 1012
1292 5 168 | 42 200 1050 | 38 456 798
1292 19 572 | 44 104 1144 | 34 374 884
1292 29 468 | 18 182 1092 | 17 612 663
1293 79 9240 | 264 294 735 | 210 456 627
1293 1 105 | 210 285 798 | 168 525 600
1293 356 36855 | 189 324 780 | 210 273 810
1293 119 9867 | 117 483 693 | 143 253 897
1293 469 35880 | 120 276 897 | 105 460 728
1293 1 75 | 110 325 858 | 133 210 950
1293 1249 90720 | 96 567 630 | 105 324 864
1293 6 385 | 110 182 1001 | 105 198 990
1293 362 21945 | 77 456 760 | 84 285 924
1293 5639 321552 | 87 198 1008 | 77 288 928
1293 596 27405 | 54 609 630 | 58 290 945
1293 127 5304 | 68 120 1105 | 51 306 936
1294 541 54054 | 189 286 819 | 154 546 594
1294 71 6624 | 144 414 736 | 138 544 612
1294 47 4370 | 138 510 646 | 190 230 874
1294 1 90 | 138 391 765 | 160 270 864
1294 437 27720 | 110 176 1008 | 90 280 924
1294 11 630 | 84 220 990 | 78 280 936
1294 599 32130 | 70 306 918 | 72 270 952
1294 1531 73780 | 62 280 952 | 85 124 1085
1294 71 2574 | 72 78 1144 | 44 260 990
1295 1 143 | 407 407 481 | 385 455 455
1295 41 5775 | 350 450 495 | 385 385 525
1295 37 4872 | 294 392 609 | 280 435 580
1295 37 4788 | 285 380 630 | 266 441 588
1295 47 5985 | 315 315 665 | 266 399 630
1295 191 23100 | 252 350 693 | 220 525 550
1295 1 111 | 259 259 777 | 185 555 555
1295 37 3864 | 168 483 644 | 210 280 805
1295 9 920 | 165 440 690 | 161 504 630
1295 111 10465 | 143 462 690 | 161 315 819
1295 13 1035 | 110 495 690 | 161 189 945
1295 13 1008 | 112 364 819 | 105 560 630
1295 37 2856 | 147 196 952 | 105 510 680
1295 259 19800 | 110 360 825 | 120 275 900
1295 461 30912 | 88 448 759 | 105 230 960
1295 73 4760 | 85 440 770 | 98 245 952
1295 37 2100 | 105 140 1050 | 70 525 700
1295 329 17680 | 85 170 1040 | 80 195 1020
1295 1 48 | 80 135 1080 | 91 112 1092
1295 37 1440 | 45 450 800 | 63 112 1120
1295 7 225 | 45 125 1125 | 37 333 925
1296 1 140 | 336 480 480 | 378 378 540
1296 19 2574 | 351 351 594 | 306 429 561
1296 1 126 | 288 336 672 | 243 486 567
1296 1 120 | 216 540 540 | 288 288 720
1296 479 56304 | 207 528 561 | 272 288 736
1296 19 2184 | 208 416 672 | 216 378 702
1296 17 1932 | 207 396 693 | 224 336 736
1296 1 96 | 144 576 576 | 216 216 864
1296 107 10080 | 168 288 840 | 140 544 612
1296 29 2640 | 144 360 792 | 176 240 880
1296 11 840 | 135 216 945 | 140 204 952
1296 97 6720 | 112 224 960 | 90 576 630
1296 3 190 | 135 135 1026 | 80 608 608
1296 11 690 | 80 480 736 | 99 207 990
1296 1 46 | 96 96 1104 | 54 621 621
1296 17 780 | 64 192 1040 | 54 540 702
1296 1511 43056 | 46 80 1170 | 36 156 1104
1297 911 123552 | 297 480 520 | 351 352 594
1297 13 1725 | 325 351 621 | 285 437 575
1297 17 2145 | 273 364 660 | 297 325 675
1297 61 7392 | 240 385 672 | 252 352 693
1297 16999 1884960 | 187 480 630 | 224 308 765
1297 1297 128800 | 161 400 736 | 175 322 800
1297 277 23205 | 140 273 884 | 117 585 595
1297 111 7600 | 100 285 912 | 114 208 975
1297 5 336 | 136 153 1008 | 93 336 868
1297 1297 76384 | 88 217 992 | 77 352 868
1298 503 68544 | 306 448 544 | 323 399 576
1298 551 72072 | 286 396 616 | 273 440 585
1298 19 2387 | 308 308 682 | 248 434 616
1298 1 120 | 220 462 616 | 272 306 720 | 240 368 690
1298 173 18480 | 176 462 660 | 240 253 805
1298 449 46690 | 210 276 812 | 203 290 805
1298 7 720 | 230 240 828 | 170 408 720
1298 673 57200 | 143 275 880 | 120 528 650
1298 1 80 | 110 528 660 | 138 240 920
1298 13 960 | 130 208 960 | 99 495 704
1298 71 4840 | 110 220 968 | 88 605 605
1298 1 38 | 59 118 1121 | 44 418 836
1299 71 9405 | 285 429 585 | 330 342 627
1299 29 3780 | 270 441 588 | 272 432 595
1299 8 945 | 270 294 735 | 210 495 594
1299 17 1995 | 210 462 627 | 273 285 741
1299 71 7560 | 216 285 798 | 210 297 792
1299 19 1980 | 165 540 594 | 195 312 792
1299 89 9240 | 165 504 630 | 184 345 770
1299 61 6279 | 207 273 819 | 195 299 805
1299 607 60060 | 195 264 840 | 165 364 770
1299 11 1080 | 189 270 840 | 216 228 855
1299 157 15015 | 143 561 595 | 165 315 819
1299 11833 1101240 | 152 342 805 | 168 276 855
1299 37 3432 | 143 408 748 | 168 273 858
1299 43 3465 | 165 189 945 | 115 414 770
1299 701 53295 | 102 570 627 | 165 165 969
1299 163 12180 | 116 273 910 | 132 210 957
1299 20437 1244880 | 126 133 1040 | 80 364 855
1299 433 18900 | 54 300 945 | 60 189 1050
1299 5 216 | 51 432 816 | 57 216 1026
1299 19 756 | 49 270 980 | 81 84 1134
1299 1299 51520 | 64 115 1120 | 46 448 805
1299 109 3420 | 35 504 760 | 45 114 1140
1299 673 15600 | 39 60 1200 | 25 624 650
1300 1 144 | 416 416 468 | 400 450 450
1300 247 33120 | 288 460 552 | 299 416 585
1300 1 130 | 325 325 650 | 260 520 520
1300 13 1500 | 200 500 600 | 250 300 750
1300 41 4680 | 200 450 650 | 195 520 585
1300 1 112 | 200 400 700 | 208 364 728
1300 13 1320 | 200 275 825 | 160 480 660
1300 313 31350 | 200 264 836 | 190 285 825
1300 13 1260 | 180 280 840 | 150 450 700
1300 181 16800 | 160 300 840 | 150 350 800
1300 1 90 | 144 340 816 | 130 585 585 | 200 200 900
1300 13 900 | 100 300 900 | 90 550 660
1300 17 1170 | 90 495 715 | 104 260 936
1300 109 7140 | 85 459 756 | 140 140 1020
1300 11 720 | 136 144 1020 | 90 330 880
1300 1 60 | 75 525 700 | 90 220 990
1300 1151 60480 | 70 270 960 | 64 480 756
1300 1 40 | 50 250 1000 | 52 208 1040
1300 13 450 | 40 360 900 | 50 125 1125
1300 767 26180 | 40 308 952 | 60 85 1155
1300 13 240 | 25 75 1200 | 20 320 960
1301 32 4147 | 261 468 572 | 286 377 638
1301 479 60760 | 248 465 588 | 245 496 560
1301 131 15640 | 248 340 713 | 230 391 680
1301 179 9724 | 66 572 663 | 85 176 1040
1301 619 10980 | 27 54 1220 | 20 183 1098
1302 7 930 | 279 465 558 | 310 372 620
1302 17 2184 | 252 504 546 | 273 392 637
1302 7 864 | 288 312 702 | 252 378 672
1302 23 2730 | 273 294 735 | 210 546 546
1302 1253 140400 | 200 400 702 | 195 432 675
1302 28 3111 | 244 276 782 | 204 366 732
1302 217 23760 | 180 528 594 | 240 270 792
1302 93 10166 | 221 299 782 | 182 476 644
1302 49 5148 | 231 252 819 | 198 312 792
1302 217 22230 | 171 390 741 | 180 342 780
1302 13 1320 | 180 330 792 | 231 231 840
1302 5 504 | 168 378 756 | 210 252 840
1302 31 2970 | 154 378 770 | 162 330 810
1302 31 2940 | 147 420 735 | 168 294 840
1302 217 19734 | 132 572 598 | 198 207 897
1302 31 2730 | 126 546 630 | 182 210 910
1302 109 9240 | 132 330 840 | 168 210 924
1302 31 2520 | 168 189 945 | 112 560 630
1302 31 2400 | 105 525 672 | 150 192 960
1302 53 3234 | 84 294 924 | 77 490 735
1302 7 414 | 92 198 1012 | 84 252 966
1302 289 16380 | 70 504 728 | 72 390 840
1302 31 1740 | 84 203 1015 | 72 360 870
1302 119 6600 | 72 330 900 | 96 150 1056
1302 479 21840 | 60 234 1008 | 56 336 910
1302 31 1380 | 56 280 966 | 60 207 1035
1302 217 9570 | 60 198 1044 | 55 290 957
1302 49 1725 | 48 150 1104 | 60 92 1150
1302 651 18800 | 32 470 800 | 47 80 1175
1302 217 5400 | 48 54 1200 | 27 600 675
1302 63 1276 | 27 87 1188 | 22 352 928
1302 31 180 | 7 35 1260 | 6 216 1080
1303 1303 173880 | 280 483 540 | 322 360 621
1303 5 627 | 279 342 682 | 247 429 627
1303 85 9576 | 217 342 744 | 228 315 760
1303 5197 473616 | 198 208 897 | 143 368 792
1303 283 25389 | 143 341 819 | 156 279 868
1303 1679 58905 | 63 85 1155 | 45 187 1071
1303 179 4437 | 27 493 783 | 29 203 1071
1303 1303 13585 | 11 247 1045 | 13 55 1235
1304 131 17160 | 264 520 520 | 275 429 600
1304 13 1680 | 280 384 640 | 308 336 660
1304 11 1344 | 224 504 576 | 264 336 704
1304 61 7344 | 221 459 624 | 216 544 544
1304 163 17952 | 204 352 748 | 192 408 704
1304 167 18018 | 176 504 624 | 182 429 693
1304 461 46200 | 200 264 840 | 154 550 600
1304 163 15642 | 144 528 632 | 198 237 869
1304 653 61600 | 200 224 880 | 154 350 800
1304 163 15180 | 184 240 880 | 138 506 660
1304 163 11780 | 152 160 992 | 95 589 620
1304 677 46200 | 88 600 616 | 100 280 924
1304 1 46 | 80 120 1104 | 54 575 675
1304 157 7128 | 54 440 810 | 56 324 924
1304 269 10296 | 44 468 792 | 72 88 1144
1304 163 5940 | 44 270 990 | 48 176 1080
1305 1 132 | 319 348 638 | 270 495 540
1305 8 1035 | 270 414 621 | 260 460 585
1305 31 3990 | 252 513 540 | 304 336 665
1305 17 2100 | 252 378 675 | 275 330 700
1305 1 108 | 180 450 675 | 216 297 792
1305 221 21600 | 216 225 864 | 150 480 675
1305 19 1755 | 145 377 783 | 135 585 585
1305 3 275 | 150 330 825 | 135 495 675
1305 1087 99360 | 135 480 690 | 161 280 864
1305 139 12600 | 189 216 900 | 150 315 840
1305 61 4725 | 135 225 945 | 105 525 675
1305 34 2475 | 108 297 900 | 150 165 990
1305 3 203 | 87 609 609 | 145 145 1015
1305 11 684 | 95 220 990 | 108 171 1026
1305 1 57 | 95 165 1045 | 70 570 665
1305 211 4392 | 24 183 1098 | 40 45 1220
1305 3 43 | 15 645 645 | 29 29 1247
1306 2291 280896 | 231 448 627 | 266 336 704
1306 89 10710 | 252 340 714 | 221 455 630
1306 163 15400 | 154 352 800 | 140 550 616
1306 1 90 | 150 306 850 | 130 546 630
1306 53 4200 | 126 280 900 | 150 204 952
1306 131 8736 | 91 351 864 | 96 286 924
1306 43 2730 | 90 280 936 | 91 270 945
1306 1597 88060 | 85 185 1036 | 74 280 952
1306 221 11550 | 63 550 693 | 80 176 1050
1306 113 5040 | 90 96 1120 | 52 624 630
1306 11 416 | 56 130 1120 | 66 96 1144
1306 149 1440 | 14 32 1260 | 10 432 864
1306 2857 26950 | 11 70 1225 | 10 196 1100
1307 458 49525 | 224 283 800 | 175 566 566
1307 977 76960 | 160 185 962 | 111 416 780
1307 439 8208 | 20 432 855 | 27 64 1216
1308 109 15540 | 370 420 518 | 360 444 504
1308 109 15120 | 320 448 540 | 336 405 567
1308 9 1232 | 308 440 560 | 336 378 594
1308 109 13860 | 252 440 616 | 270 378 660
1308 37 4620 | 252 396 660 | 300 308 700
1308 59 7200 | 288 300 720 | 225 475 608
1308 19 2160 | 210 378 720 | 192 540 576
1308 157 17784 | 208 380 720 | 216 351 741
1308 823 92820 | 255 273 780 | 204 390 714
1308 109 10920 | 195 273 840 | 156 480 672
1308 71 6468 | 132 588 588 | 156 294 858
1308 21 1900 | 180 228 900 | 133 475 700
1308 239 20460 | 180 198 930 | 124 440 744
1308 359 30660 | 140 292 876 | 165 219 924
1308 31 2640 | 132 336 840 | 120 528 660
1308 109 9240 | 120 495 693 | 160 224 924
1308 19 1530 | 112 476 720 | 135 255 918
1308 5 396 | 132 252 924 | 108 540 660
1308 109 7722 | 99 351 858 | 108 264 936
1308 79 5520 | 92 480 736 | 112 230 966
1308 327 22066 | 88 472 748 | 118 187 1003
1308 113 7560 | 99 264 945 | 90 378 840
1308 109 7140 | 84 510 714 | 120 168 1020
1308 109 5460 | 90 126 1092 | 60 520 728
1308 35 1716 | 60 390 858 | 84 132 1092
1308 233 9504 | 48 396 864 | 54 198 1056
1308 109 1260 | 12 540 756 | 20 28 1260
1309 23 3080 | 308 385 616 | 280 490 539
1309 7 928 | 272 493 544 | 319 352 638
1309 1 130 | 280 392 637 | 261 468 580
1309 1099 130416 | 209 528 572 | 264 304 741
1309 7 780 | 198 396 715 | 230 299 780
1309 29 2520 | 147 280 882 | 126 455 728
1309 1 85 | 119 595 595 | 187 187 935
1309 1 84 | 126 364 819 | 154 231 924 | 119 476 714
1309 19 1575 | 175 189 945 | 119 425 765
1309 7 468 | 88 429 792 | 87 468 754
1309 125 2464 | 21 616 672 | 22 231 1056
1310 163 21450 | 330 330 650 | 286 400 624
1310 32 4095 | 252 460 598 | 260 420 630
1310 41 5040 | 252 368 690 | 225 525 560
1310 29 3536 | 240 390 680 | 221 528 561
1310 11 910 | 140 260 910 | 154 221 935
1310 1 50 | 100 110 1100 | 60 500 750
1310 263 10350 | 45 575 690 | 50 225 1035
1310 19 690 | 45 230 1035 | 60 100 1150
1310 17 462 | 30 440 840 | 34 154 1122
1310 3 80 | 30 320 960 | 50 60 1200
1310 23 308 | 15 140 1155 | 14 504 792
1311 263 35880 | 299 460 552 | 312 414 585
1311 1 135 | 297 429 585 | 345 345 621 | 285 513 513
1311 4 525 | 266 475 570 | 310 350 651
1311 13 1683 | 255 495 561 | 297 351 663
1311 3 380 | 266 380 665 | 285 342 684
1311 11 1365 | 247 399 665 | 231 495 585
1311 697 82992 | 247 336 728 | 266 304 741
1311 9 1040 | 247 304 760 | 198 528 585
1311 149 16380 | 180 546 585 | 189 420 702
1311 3 308 | 209 266 836 | 161 506 644
1311 773 71280 | 135 528 648 | 180 240 891
1311 47 4140 | 184 207 920 | 138 345 828
1311 2 165 | 114 570 627 | 115 506 690
1311 757 51480 | 100 275 936 | 90 429 792
1311 17 1140 | 92 345 874 | 95 304 912
1311 191 9576 | 76 171 1064 | 63 336 912
1311 375 11704 | 38 209 1064 | 35 440 836
1312 197 28080 | 351 465 496 | 360 432 520
1312 251 29568 | 224 384 704 | 210 462 640
1312 31 3432 | 234 286 792 | 192 416 704 | 220 312 780
1312 11 1148 | 164 574 574 | 205 287 820
1312 37 3744 | 156 544 612 | 192 288 832
1312 109 10920 | 156 476 680 | 168 364 780
1312 11 1040 | 160 320 832 | 156 340 816
1312 25 2016 | 112 480 720 | 128 288 896
1312 1 52 | 64 416 832 | 82 164 1066
1312 283 11440 | 52 220 1040 | 80 88 1144
1312 149 4940 | 38 364 910 | 39 285 988
1313 11 1200 | 208 325 780 | 225 288 800
1313 244 20475 | 117 546 650 | 140 273 900
1313 65 5236 | 140 238 935 | 152 209 952
1313 37 2856 | 133 228 952 | 104 546 663
1313 79 5852 | 143 182 988 | 98 588 627
1313 469 29172 | 88 273 952 | 78 572 663
1313 125 6552 | 104 117 1092 | 63 600 650
1313 83 4004 | 78 143 1092 | 63 260 990
1313 599 21280 | 44 224 1045 | 40 608 665
1313 17 585 | 65 78 1170 | 39 455 819
1313 569 7072 | 13 416 884 | 17 48 1248
1314 219 30590 | 322 460 532 | 345 399 570
1314 219 28210 | 260 434 620 | 273 390 651
1314 23 2772 | 231 399 684 | 216 504 594
1314 53 6300 | 210 504 600 | 225 396 693
1314 219 24640 | 192 462 660 | 224 320 770
1314 1 110 | 180 540 594 | 231 285 798
1314 219 23450 | 175 469 670 | 210 300 804
1314 11 1134 | 189 315 810 | 162 504 648
1314 4 405 | 180 324 810 | 162 432 720
1314 3 292 | 219 219 876 | 146 584 584
1314 709 68400 | 209 225 880 | 144 570 600
1314 743 66990 | 154 290 870 | 130 546 638
1314 79 6930 | 180 210 924 | 126 495 693
1314 73 5472 | 114 288 912 | 108 342 864
1314 107 7920 | 99 495 720 | 144 180 990
1314 73 5040 | 126 180 1008 | 90 504 720
1314 73 4680 | 81 585 648 | 130 144 1040
1314 73 3960 | 66 528 720 | 99 135 1080
1314 219 10360 | 84 120 1110 | 56 518 740
1314 73 3312 | 54 432 828 | 72 138 1104
1314 3011 110880 | 63 96 1155 | 42 480 792
1314 1447 43758 | 39 153 1122 | 34 396 884
1314 757 22848 | 34 384 896 | 60 64 1190
1315 21 2200 | 165 550 600 | 210 280 825
1315 1949 198968 | 168 399 748 | 170 385 760
1315 1 75 | 100 540 675 | 105 385 825
1315 43 3220 | 100 525 690 | 115 280 920
1315 232 17325 | 99 600 616 | 150 175 990
1315 59 4400 | 132 208 975 | 100 495 720
1315 97 7000 | 140 175 1000 | 100 375 840
1315 607 36400 | 100 175 1040 | 80 325 910
1315 29 1560 | 65 600 650 | 80 195 1040
1315 131 5175 | 75 90 1150 | 50 230 1035
1315 743 27608 | 44 319 952 | 70 85 1160
1315 4957 177120 | 41 410 864 | 48 160 1107
1315 194 6435 | 39 286 990 | 55 90 1170
1316 17 2352 | 336 392 588 | 315 441 560
1316 37 4788 | 266 420 630 | 252 532 532
1316 269 32760 | 260 336 720 | 273 315 728
1316 1 120 | 224 420 672 | 235 376 705
1316 5 594 | 216 440 660 | 209 513 594
1316 23 2548 | 182 546 588 | 196 392 728
1316 35 3744 | 180 416 720 | 224 273 819
1316 343 34400 | 172 344 800 | 160 425 731
1316 937 87360 | 154 330 832 | 156 320 840
1316 23 2080 | 160 272 884 | 182 224 910
1316 19 1680 | 140 336 840 | 126 560 630
1316 97 8190 | 182 189 945 | 120 468 728
1316 1 66 | 141 141 1034 | 84 616 616
1316 25 1638 | 91 315 910 | 84 504 728
1316 2269 127680 | 76 280 960 | 70 448 798
1316 137 7392 | 84 176 1056 | 66 480 770
1316 1561 27170 | 20 152 1144 | 26 55 1235
1316 2183 29260 | 14 532 770 | 20 42 1254
1317 83 10296 | 264 351 702 | 234 456 627
1317 439 49140 | 195 420 702 | 210 351 756
1317 179 19800 | 225 300 792 | 187 450 680
1317 257 26565 | 165 462 690 | 161 561 595
1317 937 96525 | 165 450 702 | 195 297 825
1317 439 36720 | 120 432 765 | 144 255 918
1317 533 38760 | 120 228 969 | 102 360 855
1317 39 2380 | 85 280 952 | 76 595 646
1317 2377 111384 | 56 442 819 | 72 153 1092
1317 1753 60060 | 52 110 1155 | 39 420 858
1317 416 8547 | 22 518 777 | 37 48 1232
1318 181 20020 | 182 520 616 | 253 260 805
1318 11 1178 | 171 558 589 | 208 304 806
1318 589 59202 | 207 253 858 | 182 308 828
1318 761 73370 | 145 506 667 | 184 264 870
1318 143 13230 | 160 294 864 | 135 546 637
1318 937 84630 | 140 372 806 | 130 558 630
1318 7 624 | 130 468 720 | 168 240 910
1318 227 12900 | 86 200 1032 | 108 135 1075
1318 59 2940 | 65 273 980 | 64 294 960
1318 79 3672 | 88 108 1122 | 68 170 1080
1318 25 1122 | 77 119 1122 | 68 150 1100
1318 5227 201960 | 44 594 680 | 51 187 1080
1318 19 715 | 46 260 1012 | 44 364 910
1318 13 304 | 38 64 1216 | 26 304 988
1319 361 28985 | 136 248 935 | 110 527 682
1319 145 11628 | 170 180 969 | 136 247 936
1319 151 9044 | 119 136 1064 | 84 266 969
1319 172 7425 | 54 275 990 | 50 594 675
1319 7 276 | 45 630 644 | 69 100 1150
1319 259 9900 | 44 450 825 | 45 350 924
1319 5617 186615 | 45 143 1131 | 39 290 990
1320 191 27720 | 385 440 495 | 396 420 504
1320 1 144 | 396 396 528 | 360 480 480
1320 41 5544 | 308 396 616 | 330 360 630
1320 1 132 | 330 330 660 | 264 528 528
1320 53 6720 | 240 504 576 | 300 320 700
1320 1 120 | 220 440 660 | 240 360 720
1320 17 2016 | 216 432 672 | 210 480 630
1320 3 350 | 275 275 770 | 200 560 560
1320 61 7020 | 270 270 780 | 195 540 585
1320 19 2184 | 195 525 600 | 260 280 780
1320 31 3510 | 189 546 585 | 195 450 675
1320 3 320 | 176 440 704 | 200 320 800
1320 1 105 | 240 240 840 | 168 480 672
1320 257 26928 | 198 306 816 | 176 396 748
1320 73 7560 | 168 432 720 | 210 270 840
1320 37 3600 | 160 360 800 | 150 450 720
1320 17 1650 | 165 330 825 | 200 240 880
1320 13 1200 | 180 240 900 | 165 275 880
1320 391 35640 | 132 540 648 | 165 264 891
1320 17723 1556100 | 140 325 855 | 126 494 700
1320 3 242 | 176 176 968 | 110 605 605
1320 1 78 | 105 585 630 | 150 195 975
1320 31 1932 | 78 598 644 | 105 180 1035
1320 23 1344 | 80 280 960 | 72 576 672
1320 37 2100 | 90 180 1050 | 70 500 750
1320 131 6600 | 88 132 1100 | 60 600 660
1320 17 840 | 60 420 840 | 70 200 1050
1320 3 116 | 80 80 1160 | 44 638 638
1321 37 4165 | 196 425 700 | 187 539 595
1321 3239 334719 | 161 539 621 | 196 297 828
1321 9 880 | 210 231 880 | 165 340 816
1321 149 13464 | 138 391 792 | 187 216 918
1321 293 26180 | 130 476 715 | 187 210 924
1321 6238 504735 | 114 437 770 | 165 190 966
1321 1863 36575 | 25 99 1197 | 21 475 825
1322 173 23800 | 323 399 600 | 350 360 612
1322 661 85680 | 252 510 560 | 306 336 680
1322 47 5814 | 266 342 714 | 234 442 646
1322 395 46512 | 272 285 765 | 208 468 646
1322 661 75240 | 198 440 684 | 220 342 760
1322 37 4200 | 216 350 756 | 190 532 600
1322 89 8008 | 132 462 728 | 161 264 897
1322 113 8736 | 112 352 858 | 104 546 672
1322 661 49140 | 117 260 945 | 104 378 840
1322 661 38700 | 75 387 860 | 90 200 1032
1322 95 5544 | 78 308 936 | 72 550 700
1322 1709 94248 | 72 315 935 | 68 462 792
1322 899 39330 | 57 230 1035 | 90 92 1140
1322 17 624 | 48 182 1092 | 42 448 832 | 72 80 1170
1322 47 1680 | 42 320 960 | 55 112 1155
1322 4031 123760 | 52 80 1190 | 34 560 728
1322 751 20592 | 30 572 720 | 32 234 1056
1322 125 2574 | 26 108 1188 | 22 585 715
1322 6607 65780 | 13 44 1265 | 11 115 1196
1323 7 936 | 324 351 648 | 273 504 546
1323 5 648 | 252 504 567 | 270 405 648
1323 3 385 | 315 315 693 | 245 539 539
1323 23 2940 | 252 441 630 | 245 490 588
1323 14 1755 | 270 351 702 | 234 495 594
1323 19 2340 | 234 429 660 | 280 315 728
1323 2 231 | 198 495 630 | 196 539 588
1323 263 27720 | 231 252 840 | 168 495 660
1323 7 736 | 207 288 828 | 168 483 672
1323 21 2108 | 153 558 612 | 217 238 868
1323 13 1260 | 196 245 882 | 168 315 840
1323 123 11305 | 133 595 595 | 153 315 855
1323 109 9975 | 133 525 665 | 171 252 900
1323 1 90 | 171 240 912 | 140 364 819
1323 32 2835 | 135 378 810 | 126 567 630
1323 1 88 | 126 504 693 | 168 231 924
1323 21 1768 | 153 234 936 | 119 476 728
1323 7 540 | 126 252 945 | 108 405 810
1323 49 3740 | 102 561 660 | 153 180 990
1323 4 297 | 108 324 891 | 135 198 990
1323 97 7056 | 147 168 1008 | 98 441 784
1323 7 429 | 91 231 1001 | 81 351 891
1323 147 8360 | 72 396 855 | 88 190 1045
1323 2 105 | 63 630 630 | 91 140 1092
1323 463 24024 | 88 143 1092 | 63 468 792
1323 7 360 | 63 420 840 | 81 162 1080
1323 79 2415 | 36 252 1035 | 35 322 966
1323 7 116 | 21 84 1218 | 18 261 1044
1324 263 34580 | 260 532 532 | 266 460 598
1324 37 4788 | 304 336 684 | 266 414 644
1324 331 41470 | 290 319 715 | 232 520 572
1324 65 7392 | 224 330 770 | 216 352 756
1324 1 105 | 168 476 680 | 220 264 840
1324 17 1680 | 176 308 840 | 168 340 816
1324 4339 327600 | 105 400 819 | 112 312 900
1324 125 7524 | 99 180 1045 | 76 456 792
1324 161 9180 | 108 136 1080 | 70 540 714
1324 2249 53900 | 44 55 1225 | 28 196 1100
1324 331 6820 | 40 44 1240 | 22 620 682
1325 79 5940 | 110 324 891 | 100 550 675
1325 7 500 | 100 350 875 | 125 200 1000
1325 131 8085 | 77 588 660 | 90 245 990
1325 1 60 | 100 175 1050 | 75 500 750 | 106 159 1060
1325 1 45 | 75 125 1125 | 53 477 795
1325 8 315 | 50 225 1050 | 45 560 720
1325 41 1540 | 50 175 1100 | 60 110 1155
1325 16 585 | 45 240 1040 | 65 90 1170
1325 61 1785 | 33 357 935 | 45 90 1190
1326 13 1848 | 357 408 561 | 336 462 528
1326 1 126 | 238 476 612 | 234 546 546 | 273 351 702 | 306 306 714
1326 29 3570 | 255 357 714 | 238 408 680
1326 13 1530 | 204 510 612 | 255 306 765
1326 349 39780 | 221 340 765 | 195 468 663
1326 197 21840 | 210 336 780 | 182 520 624
1326 87 9152 | 208 286 832 | 165 576 585
1326 1 105 | 182 364 780 | 216 270 840
1326 29 2880 | 150 576 600 | 192 270 864
1326 3 280 | 136 595 595 | 208 208 910
1326 47 4158 | 126 540 660 | 147 297 882
1326 11 936 | 156 234 936 | 136 306 884
1326 97 8040 | 120 402 804 | 138 268 920
1326 13 1050 | 119 357 850 | 126 300 900 | 110 600 616
1326 27 2090 | 165 171 990 | 110 380 836
1326 83 5940 | 105 297 924 | 120 216 990
1326 2591 170016 | 96 264 966 | 84 506 736
1326 373 21840 | 72 624 630 | 91 195 1040
1326 11 600 | 68 408 850 | 66 600 660
1326 299 14694 | 62 316 948 | 66 237 1023
1326 23 546 | 26 390 910 | 30 126 1170
1326 13 210 | 17 595 714 | 30 36 1260
1327 8 1035 | 315 322 690 | 255 460 612
1327 1327 118800 | 135 400 792 | 150 297 880
1327 1 85 | 175 200 952 | 154 238 935
1327 71 5772 | 117 396 814 | 111 592 624
1327 1313 88160 | 87 480 760 | 95 304 928
1327 29 1683 | 102 154 1071 | 77 315 935
1327 221 4340 | 22 220 1085 | 31 56 1240
1328 1 140 | 332 415 581 | 320 448 560
1328 23 2880 | 288 320 720 | 264 360 704
1328 11 1360 | 240 408 680 | 224 544 560
1328 59 7252 | 222 518 588 | 245 380 703
1328 425 43516 | 172 374 782 | 215 253 860
1328 211 20520 | 152 420 756 | 184 270 874
1328 233 21840 | 140 468 720 | 208 210 910
1328 13 1064 | 128 304 896 | 112 608 608
1328 215 16632 | 112 352 864 | 110 378 840
1328 23 1680 | 140 180 1008 | 96 560 672
1328 509 33660 | 110 198 1020 | 85 495 748
1328 5989 376992 | 119 153 1056 | 88 288 952
1328 193 11304 | 72 628 628 | 78 314 936
1328 743 32604 | 52 418 858 | 78 110 1140
1328 1399 22610 | 17 646 665 | 19 119 1190
1329 5 693 | 315 429 585 | 306 462 561
1329 13 1800 | 300 504 525 | 324 405 600
1329 17 2100 | 225 504 600 | 294 300 735
1329 103 11895 | 244 305 780 | 195 549 585
1329 34 3861 | 189 546 594 | 198 429 702
1329 61 5544 | 132 504 693 | 189 216 924
1329 2167 185640 | 182 195 952 | 120 546 663
1329 611 50160 | 114 495 720 | 132 285 912
1329 111 9044 | 114 459 756 | 119 374 836
1329 95 7176 | 104 420 805 | 117 276 936
1329 857 40128 | 55 570 704 | 64 209 1056
1329 211 8580 | 65 120 1144 | 55 182 1092
1329 167 6552 | 48 273 1008 | 45 504 780
1329 397 14100 | 42 300 987 | 60 94 1175
1330 19 2730 | 350 455 525 | 364 420 546
1330 7 990 | 342 418 570 | 330 450 550
1330 19 2640 | 330 400 600 | 308 462 560
1330 31 4284 | 315 420 595 | 306 448 576
1330 19 2610 | 300 450 580 | 315 406 609
1330 133 16704 | 290 320 720 | 232 522 576
1330 133 16236 | 264 328 738 | 220 495 615
1330 1 120 | 285 285 760 | 210 560 560
1330 7 814 | 209 418 703 | 220 370 740
1330 133 15300 | 225 340 765 | 200 450 680
1330 1 114 | 266 266 798 | 190 570 570
1330 19 2070 | 180 460 690 | 210 315 805
1330 29 3150 | 175 525 630 | 180 450 700
1330 1 98 | 147 546 637 | 196 252 882
1330 61 5418 | 147 301 882 | 126 602 602
1330 143 12600 | 126 504 700 | 150 280 900
1330 19 1470 | 140 210 980 | 105 490 735
1330 133 10152 | 120 270 940 | 108 376 846
1330 13 966 | 115 270 945 | 98 588 644
1330 19 1200 | 112 168 1050 | 80 500 750
1330 7 418 | 95 190 1045 | 76 418 836
1330 7 400 | 80 250 1000 | 76 304 950 | 70 560 700
1330 19 1080 | 100 150 1080 | 70 504 756
1330 19 1078 | 70 490 770 | 98 154 1078
1330 1 54 | 70 315 945 | 76 228 1026
1330 133 7150 | 65 550 715 | 100 130 1100
1330 19 882 | 56 392 882 | 57 342 931
1330 1 34 | 38 646 646 | 70 70 1190
1330 133 3600 | 40 90 1200 | 30 400 900
1330 133 2398 | 20 220 1090 | 22 109 1199
1331 179 24024 | 273 506 552 | 286 429 616
1331 25 3003 | 273 299 759 | 231 385 715
1331 53 5775 | 231 275 825 | 175 561 595
1331 439 46200 | 175 408 748 | 165 550 616
1331 359 29029 | 143 231 957 | 116 396 819
1331 10 693 | 99 308 924 | 110 231 990
1331 233 7548 | 51 96 1184 | 36 629 666
1331 433 13923 | 36 476 819 | 39 221 1071
1331 37 980 | 29 490 812 | 35 120 1176
1331 71 1701 | 26 486 819 | 35 81 1215
1332 37 4680 | 270 360 702 | 240 468 624
1332 3 370 | 222 555 555 | 296 296 740
1332 193 22176 | 252 288 792 | 198 462 672
1332 47 4920 | 205 287 840 | 192 320 820
1332 37 3744 | 180 320 832 | 156 504 672
1332 3 296 | 222 222 888 | 148 592 592
1332 11 1080 | 162 360 810 | 180 288 864
1332 37 3420 | 180 240 912 | 135 513 684
1332 1739 137808 | 135 240 957 | 116 352 864
1332 111 7360 | 92 320 920 | 96 276 960
1332 111 7250 | 87 375 870 | 100 232 1000
1332 37 2380 | 102 210 1020 | 84 408 840
1332 43 2520 | 84 240 1008 | 72 630 630
1332 37 2160 | 72 540 720 | 108 144 1080
1332 111 5600 | 60 600 672 | 100 112 1120
1332 111 4940 | 78 114 1140 | 52 520 760
1332 419 16380 | 78 84 1170 | 45 468 819
1332 111 4060 | 42 420 870 | 56 116 1160
1332 37 1170 | 45 117 1170 | 36 360 936
1332 37 1140 | 36 270 1026 | 40 152 1140
1332 1 30 | 37 185 1110 | 36 216 1080
1332 51 1232 | 27 297 1008 | 44 56 1232
1332 2701 53130 | 21 506 805 | 23 154 1155
1332 37 564 | 27 36 1269 | 16 564 752
1333 31 3640 | 220 385 728 | 273 280 780
1333 17 1925 | 217 341 775 | 253 275 805
1333 5 516 | 172 387 774 | 215 258 860
1333 43 3720 | 124 465 744 | 155 248 930
1333 71 4368 | 91 234 1008 | 77 528 728
1333 1 28 | 43 86 1204 | 31 434 868
1333 1333 33264 | 28 297 1008 | 33 112 1188
1333 1333 30600 | 34 75 1224 | 25 408 900
1333 1333 23940 | 35 38 1260 | 19 630 684
1334 1 144 | 348 464 522 | 368 414 552
1334 215 27144 | 234 520 580 | 261 377 696
1334 19 2070 | 207 322 805 | 230 276 828
1334 13 1260 | 144 560 630 | 161 345 828
1334 43 3672 | 144 272 918 | 119 567 648
1334 1 84 | 119 459 756 | 116 609 609 | 184 184 966
1334 193 16100 | 168 200 966 | 115 575 644
1334 313 19760 | 104 190 1040 | 80 494 760
1334 1667 102960 | 99 195 1040 | 80 396 858
1334 5 306 | 87 261 986 | 76 612 646
1334 41 2070 | 69 230 1035 | 60 630 644
1334 1 34 | 60 84 1190 | 38 612 684
1335 113 16380 | 357 468 510 | 360 455 520
1335 82 9867 | 230 390 715 | 264 312 759
1335 43 4620 | 210 300 825 | 231 264 840
1335 43 3780 | 135 360 840 | 180 210 945
1335 31 2340 | 102 468 765 | 100 585 650
1335 11 741 | 90 390 855 | 87 494 754
1335 136 7425 | 66 594 675 | 100 135 1100
1335 107 5400 | 60 600 675 | 75 180 1080
1335 39 1540 | 45 630 660 | 55 160 1120
1336 37 5152 | 322 416 598 | 352 368 616
1336 23 3120 | 312 384 640 | 336 350 650
1336 23 3080 | 280 440 616 | 312 364 660
1336 1 132 | 286 390 660 | 261 495 580
1336 139 17710 | 253 418 665 | 299 322 715
1336 251 31136 | 278 322 736 | 224 556 556
1336 359 42900 | 225 396 715 | 208 528 600
1336 67 7920 | 208 468 660 | 220 396 720
1336 79 9100 | 208 400 728 | 196 490 650
1336 163 18018 | 231 286 819 | 208 336 792
1336 11 1196 | 184 416 736 | 247 253 836
1336 269 29120 | 192 364 780 | 224 280 832
1336 37 3960 | 176 440 720 | 180 408 748
1336 433 45540 | 180 374 782 | 228 253 855
1336 7 720 | 180 340 816 | 160 504 672
1336 5 506 | 160 440 736 | 209 253 874
1336 197 19760 | 209 247 880 | 160 416 760
1336 29 2520 | 126 440 770 | 180 204 952
1336 85 6552 | 120 280 936 | 104 504 728
1336 2609 195624 | 104 396 836 | 114 286 936
1336 227 13832 | 76 532 728 | 88 247 1001
1337 1 147 | 385 462 490 | 392 441 504
1337 11 1395 | 245 441 651 | 279 345 713
1337 907 111384 | 221 504 612 | 252 357 728
1337 53 6160 | 231 336 770 | 245 308 784
1337 22 2205 | 210 245 882 | 154 490 693
1337 739 62118 | 153 232 952 | 116 609 612
1337 1 77 | 154 182 1001 | 105 462 770
1337 47 3120 | 117 180 1040 | 91 336 910
1337 1561 72732 | 57 352 928 | 87 110 1140
1337 9 385 | 77 105 1155 | 50 462 825
1337 1253 34336 | 32 232 1073 | 37 116 1184
1338 121 17748 | 377 468 493 | 408 408 522
1338 47 6786 | 377 403 558 | 348 468 522
1338 223 30624 | 348 352 638 | 288 522 528
1338 5 684 | 288 480 570 | 285 513 540
1338 145 18564 | 312 312 714 | 255 420 663
1338 121 14280 | 276 280 782 | 204 504 630
1338 31 3570 | 204 420 714 | 255 285 798
1338 27 3080 | 253 280 805 | 231 315 792 | 190 532 616
1338 467 51870 | 234 285 819 | 182 510 646
1338 187 19950 | 168 570 600 | 190 350 798
1338 29 3060 | 228 255 855 | 165 561 612
1338 11 1140 | 160 570 608 | 170 408 760
1338 223 22770 | 165 414 759 | 180 330 828
1338 17 1560 | 168 260 910 | 161 280 897
1338 85 5544 | 88 350 900 | 84 462 792
1338 167 10296 | 78 468 792 | 88 260 990
1338 223 11550 | 63 450 825 | 84 154 1100
1338 27 1276 | 58 352 928 | 63 231 1044
1338 2917 122850 | 54 234 1050 | 50 378 910
1338 223 2574 | 12 468 858 | 18 33 1287
1339 2249 305235 | 285 459 595 | 315 378 646
1339 31 3485 | 205 369 765 | 187 492 660
1339 325 35343 | 187 396 756 | 189 385 765
1339 103 9360 | 195 208 936 | 130 585 624
1339 65 4347 | 91 351 897 | 115 189 1035
1339 1339 74865 | 93 161 1085 | 69 465 805
1339 1339 58905 | 85 99 1155 | 51 595 693
1339 103 1288 | 13 598 728 | 23 28 1288
1339 7423 36540 | 6 28 1305 | 5 522 812
1340 47 6930 | 396 440 504 | 390 455 495
1340 1 134 | 268 536 536 | 335 335 670
1340 11 1428 | 300 340 700 | 252 476 612
1340 67 8580 | 300 325 715 | 240 528 572
1340 67 7700 | 220 350 770 | 200 440 700
1340 149 16800 | 225 315 800 | 192 448 700
1340 67 6944 | 224 248 868 | 160 560 620
1340 283 26400 | 144 396 800 | 160 300 880
1340 67 6188 | 136 476 728 | 170 260 910
1340 1 90 | 140 360 840 | 130 495 715
1340 37 3120 | 130 330 880 | 144 260 936
1340 311 24700 | 130 260 950 | 152 200 988
1340 1543 120120 | 105 520 715 | 110 390 840
1340 67 4680 | 144 156 1040 | 90 600 650
1340 37 1980 | 65 495 780 | 90 150 1100
1340 1 50 | 90 125 1125 | 60 480 800
1340 67 3300 | 60 400 880 | 75 165 1100
1340 1 48 | 67 201 1072 | 60 320 960
1340 211 8190 | 65 105 1170 | 48 252 1040
1340 449 13800 | 40 150 1150 | 48 92 1200
1340 67 2030 | 35 290 1015 | 40 140 1160
1340 67 518 | 8 296 1036 | 10 35 1295
1341 23 2808 | 273 312 756 | 216 540 585
1341 31 3780 | 216 525 600 | 270 315 756
1341 437 49140 | 252 270 819 | 210 351 780
1341 73 7740 | 228 258 855 | 180 387 774
1341 107 11040 | 165 440 736 | 207 270 864
1341 17 1512 | 126 567 648 | 180 216 945
1341 1637 143640 | 175 216 950 | 168 228 945
1341 17 1197 | 126 189 1026 | 91 585 665
1341 353 13860 | 45 504 792 | 60 126 1155
1341 29 279 | 18 21 1302 | 10 341 990
1342 61 8260 | 308 385 649 | 280 472 590
1342 359 44640 | 288 310 744 | 224 558 560
1342 1 117 | 198 572 572 | 208 432 702 | 264 286 792
1342 19 2170 | 190 532 620 | 217 350 775
1342 29 2730 | 180 252 910 | 143 429 770
1342 1601 135720 | 120 468 754 | 145 261 936
1342 29 2310 | 110 462 770 | 154 198 990
1342 61 3570 | 84 238 1020 | 77 330 935
1342 155 8624 | 70 392 880 | 88 176 1078
1342 61 2860 | 55 572 715 | 88 110 1144
1342 661 29920 | 68 154 1120 | 55 352 935
1342 383 8736 | 42 52 1248 | 26 224 1092
1342 61 1222 | 22 286 1034 | 26 94 1222
1342 7 114 | 19 126 1197 | 22 66 1254
1343 2 255 | 238 510 595 | 255 408 680
1343 19 2340 | 260 342 741 | 221 510 612 | 225 468 650
1343 73 8840 | 260 323 760 | 221 442 680
1343 227 25400 | 200 381 762 | 254 264 825
1343 1399 152880 | 182 441 720 | 195 364 784
1343 283 28560 | 170 357 816 | 153 560 630
1343 1 63 | 79 553 711 | 119 153 1071
1343 71 4020 | 78 260 1005 | 70 469 804
1343 13 684 | 68 306 969 | 63 608 672
1343 22 1071 | 68 204 1071 | 63 272 1008
1343 37 1071 | 56 63 1224 | 34 238 1071
1343 79 1265 | 23 55 1265 | 17 391 935
1343 115 1292 | 12 209 1122 | 17 34 1292
1344 1 144 | 384 384 576 | 336 504 504
1344 7 990 | 330 429 585 | 315 490 539
1344 7 960 | 320 384 640 | 288 480 576
1344 79 10080 | 288 336 720 | 252 420 672
1344 169 21420 | 238 476 630 | 255 396 693
1344 1 120 | 210 504 630 | 256 320 768
1344 11 1176 | 210 294 840 | 168 588 588
1344 73 7560 | 189 315 840 | 168 420 756
1344 7 660 | 156 330 858 | 210 210 924
1344 1 90 | 147 315 882 | 189 210 945 | 128 576 640
1344 143 12642 | 129 441 774 | 147 294 903
1344 3 160 | 112 112 1120 | 64 640 640
1344 7 288 | 64 128 1152 | 48 432 864
1344 211 2574 | 18 39 1287 | 13 242 1089
1345 73 9360 | 300 325 720 | 240 520 585
1345 113 13860 | 220 495 630 | 240 385 720
1345 7 748 | 220 275 850 | 168 561 616
1345 53 4725 | 175 225 945 | 135 385 825
1345 7 540 | 120 280 945 | 135 220 990
1345 163 6435 | 65 110 1170 | 45 585 715
1345 271 8568 | 35 630 680 | 36 357 952
1346 89 13090 | 385 434 527 | 374 462 510
1346 673 85680 | 272 360 714 | 240 476 630
1346 673 80808 | 208 546 592 | 273 296 777
1346 401 38896 | 156 374 816 | 176 286 884
1346 673 36960 | 80 210 1056 | 70 352 924
1346 139 7200 | 96 125 1125 | 72 224 1050
1346 239 10350 | 50 621 675 | 70 126 1150
1346 433 10400 | 48 50 1248 | 26 520 800
1346 391 5040 | 16 70 1260 | 15 99 1232
1346 673 7728 | 16 42 1288 | 12 368 966
1347 5 672 | 272 480 595 | 315 360 672
1347 265 35088 | 272 430 645 | 258 528 561
1347 319 35880 | 207 360 780 | 195 416 736
1347 193 9000 | 55 500 792 | 72 150 1125
1347 613 18135 | 36 195 1116 | 45 93 1209
1348 89 9240 | 165 455 728 | 170 408 770
1348 127 12096 | 192 238 918 | 144 448 756
1348 811 73440 | 160 270 918 | 144 340 864
1348 337 30160 | 160 260 928 | 130 464 754
1348 83 4620 | 91 165 1092 | 68 510 770
1348 13 595 | 56 340 952 | 68 160 1120
1348 115 5148 | 72 132 1144 | 52 594 702
1348 167 6380 | 46 290 1012 | 52 165 1131
1349 43 6032 | 348 377 624 | 304 494 551
1349 4 455 | 224 325 800 | 190 494 665
1349 1 84 | 133 304 912 | 117 504 728
1349 19 1581 | 124 357 868 | 114 589 646
1349 37 2772 | 99 550 700 | 110 315 924
1349 59 4180 | 152 152 1045 | 95 418 836
1349 409 20925 | 75 189 1085 | 62 450 837
1349 77 3900 | 64 325 960 | 75 182 1092
1349 16 759 | 69 176 1104 | 57 418 874
1349 559 18620 | 40 245 1064 | 38 380 931
1349 67 1140 | 18 495 836 | 19 190 1140
1350 3 440 | 400 400 550 | 360 495 495
1350 1 140 | 336 390 624 | 300 525 525 | 360 360 630
1350 23 3120 | 300 400 650 | 286 440 624
1350 3 352 | 198 576 576 | 275 275 800
1350 43 5040 | 234 336 780 | 210 420 720
1350 191 22230 | 195 570 585 | 228 342 780
1350 239 27720 | 198 480 672 | 220 360 770
1350 31 3240 | 162 540 648 | 180 360 810
1350 1 100 | 150 600 600 | 225 225 900
1350 19 1890 | 150 525 675 | 162 378 810
1350 1 96 | 162 324 864 | 150 400 800
1350 3 280 | 135 567 648 | 140 440 770
1350 1 90 | 150 300 900 | 135 405 810
1350 19 1680 | 126 504 720 | 140 330 880
1350 191 14490 | 102 483 765 | 140 198 1012
1350 397 30030 | 126 234 990 | 110 330 910
1350 1 70 | 150 150 1050 | 90 630 630
1350 3 200 | 90 360 900 | 100 250 1000
1350 713 35910 | 70 216 1064 | 63 342 945
1350 3 130 | 50 650 650 | 90 90 1170
1350 191 8250 | 70 125 1155 | 50 550 750
1351 179 26565 | 385 483 483 | 390 455 506
1351 7 1020 | 348 493 510 | 350 476 525
1351 1351 163020 | 285 286 780 | 209 570 572
1351 37 4312 | 231 336 784 | 196 539 616
1351 697 79695 | 231 315 805 | 207 385 759
1351 28 2925 | 195 306 850 | 182 350 819
1351 5 504 | 154 504 693 | 168 364 819
1351 14 1265 | 130 506 715 | 132 460 759
1351 479 41580 | 154 252 945 | 135 336 880
1351 1351 108460 | 110 493 748 | 145 220 986
1351 193 11868 | 84 301 966 | 86 276 989
1351 4877 298452 | 76 561 714 | 77 476 798
1351 1351 81840 | 88 240 1023 | 80 341 930
1351 277 14560 | 91 140 1120 | 64 455 832
1351 863 40040 | 77 130 1144 | 56 385 910
1351 271 9996 | 56 119 1176 | 42 476 833
1352 13 1890 | 351 455 546 | 360 432 560
1352 17 2464 | 352 440 560 | 364 416 572
1352 53 7350 | 325 390 637 | 294 483 575
1352 13 1700 | 272 400 680 | 260 442 650
1352 13 1596 | 224 456 672 | 247 364 741
1352 1 120 | 208 520 624 | 260 312 780
1352 11 1260 | 190 532 630 | 260 273 819
1352 1 110 | 200 352 800 | 176 560 616 | 182 455 715
1352 2983 327600 | 208 325 819 | 182 450 720
1352 17 1820 | 168 560 624 | 182 390 780
1352 5 504 | 152 570 630 | 156 468 728
1352 169 16182 | 174 279 899 | 144 464 744
1352 11 960 | 130 390 832 | 168 224 960
1352 13 1120 | 120 560 672 | 128 384 840
1352 47 3960 | 120 440 792 | 117 520 715
1352 251 20020 | 156 195 1001 | 110 462 780
1352 1 78 | 104 624 624 | 169 169 1014
1352 2081 127512 | 77 483 792 | 88 252 1012
1352 13 720 | 78 234 1040 | 72 320 960
1352 547 29120 | 65 455 832 | 64 560 728
1352 31 1520 | 60 380 912 | 65 247 1040
1352 53 2520 | 72 160 1120 | 56 540 756
1352 13 576 | 52 468 832 | 72 128 1152
1352 169 5940 | 54 110 1188 | 40 432 880
1352 169 4928 | 56 64 1232 | 32 616 704
1352 659 15808 | 32 104 1216 | 26 494 832
1353 17 2340 | 288 480 585 | 286 495 572
1353 1 135 | 270 513 570 | 297 396 660
1353 89 11880 | 264 495 594 | 270 456 627
1353 347 40755 | 209 429 715 | 198 570 585
1353 19 2040 | 170 520 663 | 180 408 765
1353 1 105 | 165 495 693 | 205 287 861
1353 2 195 | 165 330 858 | 144 585 624
1353 73 5481 | 135 203 1015 | 105 378 870
1353 37 2520 | 105 240 1008 | 88 495 770
1353 3 184 | 82 328 943 | 88 253 1012
1353 698 41769 | 78 357 918 | 108 153 1092
1353 27 1456 | 72 273 1008 | 65 560 728
1353 1891 87780 | 84 114 1155 | 55 462 836
1353 53 2325 | 55 275 1023 | 51 527 775
1353 419 16632 | 48 297 1008 | 77 88 1188
1353 93 3640 | 45 468 840 | 55 154 1144
1354 13 1870 | 330 480 544 | 374 385 595 | 340 442 572
1354 79 11286 | 342 418 594 | 319 513 522
1354 181 24700 | 325 364 665 | 304 400 650
1354 541 73170 | 271 513 570 | 270 542 542
1354 59 6930 | 220 378 756 | 198 561 595
1354 37 3040 | 112 570 672 | 114 480 760
1354 13 952 | 96 544 714 | 104 340 910
1354 163 11550 | 100 330 924 | 150 154 1050
1354 1129 70720 | 80 442 832 | 130 136 1088
1354 67 3850 | 100 154 1100 | 84 220 1050
1354 43 1872 | 66 144 1144 | 80 104 1170
1354 361 10230 | 32 330 992 | 31 630 693
1355 11 1360 | 221 510 624 | 272 323 760
1355 113 12040 | 172 455 728 | 215 280 860
1355 17 1624 | 145 440 770 | 203 224 928
1355 31 2805 | 165 255 935 | 130 510 715
1355 271 23400 | 180 200 975 | 120 585 650
1355 74 5175 | 90 575 690 | 120 200 1035
1355 13 840 | 105 200 1050 | 135 140 1080
1355 401 18480 | 55 420 880 | 80 120 1155
1355 271 8736 | 39 224 1092 | 40 195 1120
1355 269 8568 | 45 120 1190 | 63 68 1224
1355 362 10261 | 32 331 992 | 31 662 662
1355 271 6300 | 45 50 1260 | 25 630 700
1355 229 5060 | 25 230 1100 | 44 46 1265
1355 271 3864 | 15 420 920 | 21 46 1288
1356 179 24024 | 273 456 627 | 264 546 546
1356 59 7854 | 264 476 616 | 306 357 693
1356 643 81510 | 285 330 741 | 234 495 627
1356 1 126 | 231 495 630 | 273 342 741
1356 269 33264 | 264 336 756 | 231 432 693
1356 23 2730 | 273 285 798 | 240 336 780
1356 3853 302400 | 108 448 800 | 105 576 675
1356 107 7392 | 96 336 924 | 132 168 1056
1356 1751 102960 | 72 624 660 | 80 286 990
1356 391 22260 | 84 212 1060 | 108 135 1113
1356 71 3276 | 54 546 756 | 56 364 936
1356 51 2320 | 80 116 1160 | 54 432 870
1356 19 420 | 36 60 1260 | 25 231 1100
1356 829 9570 | 18 33 1305 | 12 464 880
1357 25 3696 | 385 432 540 | 368 483 506
1357 293 40040 | 312 385 660 | 286 455 616
1357 1 132 | 279 396 682 | 253 552 552
1357 54 6365 | 268 285 804 | 201 510 646
1357 227 24360 | 168 580 609 | 174 455 728
1357 2707 134199 | 62 333 962 | 93 117 1147
1357 1 48 | 69 184 1104 | 59 354 944
1357 29 1328 | 57 304 996 | 83 112 1162
1357 571 16120 | 31 520 806 | 52 65 1240
1358 29 3850 | 275 418 665 | 308 350 700
1358 5 616 | 280 308 770 | 224 462 672
1358 97 11760 | 210 560 588 | 280 294 784
1358 49 5742 | 203 462 693 | 198 522 638
1358 37 4256 | 190 560 608 | 224 336 798
1358 73 8190 | 182 546 630 | 198 390 770
1358 97 10440 | 174 464 720 | 203 315 840
1358 47 5040 | 168 560 630 | 224 270 864
1358 97 10176 | 168 448 742 | 192 318 848
1358 53 5474 | 161 483 714 | 168 408 782
1358 469 43010 | 170 253 935 | 136 440 782
1358 94 8085 | 180 198 980 | 140 294 924
1358 583 49140 | 140 273 945 | 119 459 780
1358 47 3850 | 175 182 1001 | 133 275 950
1358 869 69552 | 108 560 690 | 161 189 1008
1358 3 224 | 98 588 672 | 126 224 1008
1358 37 2646 | 108 270 980 | 98 378 882
1358 109 7722 | 143 162 1053 | 108 260 990
1358 331 20748 | 78 608 672 | 133 133 1092
1358 131 8190 | 78 560 720 | 126 140 1092
1358 679 38012 | 68 559 731 | 104 136 1118
1358 7 390 | 68 510 780 | 78 240 1040
1358 679 37400 | 68 440 850 | 88 170 1100
1358 347 17850 | 70 238 1050 | 78 175 1105
1358 679 33350 | 92 116 1150 | 58 575 725
1358 953 45136 | 56 496 806 | 65 208 1085
1358 97 2450 | 35 98 1225 | 28 350 980
1358 7 156 | 32 78 1248 | 27 143 1188
1358 97 1464 | 16 366 976 | 21 56 1281
1359 31 4455 | 330 462 567 | 324 495 540
1359 453 41800 | 132 600 627 | 200 209 950
1359 453 40052 | 186 204 969 | 124 589 646
1359 3 220 | 143 176 1040 | 105 330 924
1359 541 31824 | 85 234 1040 | 72 624 663
1359 773 45360 | 81 270 1008 | 72 567 720
1359 151 3744 | 39 72 1248 | 27 468 864
1360 1 150 | 400 480 480 | 425 425 510
1360 3 440 | 360 450 550 | 352 480 528
1360 1 144 | 336 448 576 | 360 400 600
1360 1 136 | 340 340 680 | 272 544 544
1360 529 69804 | 277 399 684 | 252 554 554
1360 13 1680 | 240 560 560 | 280 360 720
1360 23 2856 | 238 408 714 | 280 315 765
1360 127 15400 | 210 550 600 | 220 440 700
1360 1489 163800 | 182 450 728 | 175 585 600
1360 311 31680 | 154 576 630 | 192 288 880
1360 227 22952 | 184 302 874 | 152 604 604
1360 1 100 | 160 400 800 | 150 550 660 | 170 340 850
1360 43 4200 | 150 440 770 | 180 280 900
1360 13 1224 | 136 612 612 | 150 360 850
1360 263 20700 | 115 345 900 | 150 198 1012
1360 979 76440 | 110 392 858 | 105 520 735
1360 19 1350 | 135 175 1050 | 96 400 864
1360 139 9240 | 84 616 660 | 110 200 1050
1360 1 64 | 136 136 1088 | 80 640 640
1360 1 60 | 80 320 960 | 85 255 1020 | 110 150 1100
1360 11 560 | 64 336 960 | 80 160 1120
1360 61 2880 | 80 128 1152 | 64 216 1080
1360 137 3654 | 29 638 693 | 30 315 1015
1361 31 4400 | 308 525 528 | 341 400 620
1361 233 24288 | 161 528 672 | 165 460 736
1361 176 15561 | 152 273 936 | 126 494 741
1361 523 36960 | 96 385 880 | 140 165 1056
1361 529 16016 | 35 286 1040 | 52 77 1232
1362 51 7400 | 333 504 525 | 370 400 592
1362 71 10032 | 336 399 627 | 304 506 552
1362 181 24570 | 270 546 546 | 273 495 594
1362 31 4158 | 264 504 594 | 270 462 630
1362 5 546 | 231 273 858 | 210 312 840
1362 145 14742 | 198 273 891 | 162 420 780
1362 85 6384 | 112 300 950 | 126 228 1008
1362 99 7280 | 120 234 1008 | 140 182 1040
1362 6217 442680 | 93 504 765 | 140 168 1054
1362 733 50490 | 102 270 990 | 88 594 680
1362 137 7800 | 72 390 900 | 75 312 975
1362 335 16926 | 62 390 910 | 66 273 1023
1362 3671 177840 | 78 144 1140 | 57 585 720
1362 1933 82110 | 70 119 1173 | 51 345 966
1362 787 32340 | 66 120 1176 | 60 147 1155
1362 3379 109710 | 53 90 1219 | 36 636 690
1362 587 18480 | 36 336 990 | 60 70 1232
1362 1241 31200 | 39 75 1248 | 32 130 1200
1363 1969 279072 | 306 513 544 | 323 432 608
1363 19 2380 | 238 425 700 | 224 544 595 | 280 323 760
1363 859 102960 | 208 495 660 | 216 432 715
1363 23 2520 | 180 455 728 | 228 280 855
1363 1 105 | 180 364 819 | 203 290 870
1363 1367 57200 | 48 600 715 | 55 208 1100
1363 1 40 | 47 376 940 | 58 145 1160
1363 499 14560 | 35 208 1120 | 32 616 715
1364 31 4680 | 416 468 480 | 429 440 495
1364 1 140 | 308 440 616 | 350 364 650 | 310 434 620
1364 1237 171600 | 286 528 550 | 300 440 624
1364 23 2860 | 286 308 770 | 220 572 572
1364 149 18480 | 224 480 660 | 220 528 616
1364 1 114 | 264 264 836 | 186 589 589
1364 79 8580 | 220 286 858 | 176 468 720
1364 31 3276 | 198 308 858 | 168 468 728
1364 5 528 | 220 264 880 | 176 396 792
1364 31 3080 | 154 440 770 | 176 308 880
1364 31 2990 | 184 260 920 | 143 506 715
1364 1 90 | 155 279 930 | 132 440 792
1364 107 9048 | 116 624 624 | 143 264 957
1364 113 9520 | 128 340 896 | 140 272 952
1364 1 84 | 124 372 868 | 132 308 924
1364 1333 97812 | 99 429 836 | 114 260 990
1364 31 2090 | 88 440 836 | 110 209 1045
1364 3 182 | 77 429 858 | 104 168 1092
1364 383 21420 | 68 540 756 | 72 340 952
1364 17 832 | 64 260 1040 | 68 208 1088
1364 641 28710 | 55 319 990 | 72 132 1160
1364 313 12012 | 52 168 1144 | 44 462 858
1364 31 924 | 48 84 1232 | 33 484 847
1364 31 560 | 22 110 1232 | 20 224 1120
1365 91 13464 | 396 408 561 | 360 495 510
1365 247 35700 | 357 408 600 | 350 420 595
1365 224 32175 | 325 468 572 | 330 450 585
1365 11 1575 | 315 525 525 | 325 455 585
1365 7 936 | 260 520 585 | 312 351 702
1365 7 912 | 247 494 624 | 285 360 720
1365 17 2205 | 315 315 735 | 245 490 630
1365 13 1680 | 240 525 600 | 294 336 735
1365 13 1617 | 245 385 735 | 231 441 693
1365 23 2772 | 231 378 756 | 210 495 660
1365 1 117 | 195 585 585 | 273 273 819
1365 131 15015 | 195 455 715 | 231 315 819
1365 13 1425 | 225 285 855 | 175 525 665
1365 31 3300 | 165 600 600 | 175 420 770
1365 7 720 | 225 240 900 | 156 585 624
1365 43 4263 | 150 490 725 | 147 609 609
1365 91 8880 | 144 555 666 | 200 240 925
1365 26 2415 | 140 420 805 | 165 276 924
1365 119 10296 | 120 585 660 | 143 286 936
1365 7 576 | 135 270 960 | 117 416 832
1365 91 6900 | 100 575 690 | 150 180 1035
1365 13 816 | 85 320 960 | 78 624 663
1365 91 5535 | 123 135 1107 | 75 615 675
1365 91 5175 | 115 125 1125 | 69 621 675
1365 5759 321195 | 105 133 1127 | 69 441 855
1365 7 348 | 78 156 1131 | 60 435 870
1365 91 4416 | 69 192 1104 | 60 345 960
1365 91 3600 | 45 600 720 | 75 90 1200
1365 3 95 | 65 65 1235 | 35 665 665
1365 39 1232 | 56 77 1232 | 35 560 770
1366 733 109200 | 377 464 525 | 400 420 546
1366 13 1848 | 308 506 552 | 330 420 616
1366 103 14490 | 342 380 644 | 322 414 630
1366 425 57456 | 266 540 560 | 304 378 684
1366 19 2464 | 308 322 736 | 286 352 728
1366 517 66222 | 234 566 566 | 283 342 741
1366 13 1540 | 253 308 805 | 200 550 616
1366 1349 141680 | 176 385 805 | 210 276 880
1366 5 494 | 150 475 741 | 190 266 910
1366 737 65520 | 144 312 910 | 126 520 720
1366 241 18480 | 112 330 924 | 108 378 880
1366 11 630 | 70 540 756 | 85 210 1071
1366 25 336 | 16 90 1260 | 14 624 728
1366 89 1190 | 14 442 910 | 22 35 1309
1367 59 5928 | 152 513 702 | 208 247 912
1367 425 36036 | 120 455 792 | 117 550 700
1367 197 16124 | 116 417 834 | 132 278 957
1368 19 2772 | 336 504 528 | 378 396 594
1368 89 12852 | 323 513 532 | 378 378 612
1368 233 31920 | 304 399 665 | 280 480 608
1368 3 406 | 266 551 551 | 336 336 696
1368 59 7812 | 252 558 558 | 279 396 693
1368 3 380 | 304 304 760 | 228 570 570
1368 3 364 | 228 399 741 | 234 378 756 | 224 416 728
1368 1 120 | 216 432 720 | 228 380 760
1368 19 2262 | 208 464 696 | 234 351 783
1368 109 12870 | 198 585 585 | 208 440 720
1368 353 41580 | 220 378 770 | 198 540 630
1368 19 2210 | 195 510 663 | 240 312 816
1368 139 15120 | 180 432 756 | 224 280 864
1368 1 108 | 171 513 684 | 216 288 864
1368 3 304 | 228 228 912 | 152 608 608
1368 5 504 | 152 532 684 | 168 360 840
1368 47 4320 | 144 360 864 | 192 216 960
1368 3 260 | 120 624 624 | 190 190 988
1368 23 1980 | 120 528 720 | 180 198 990
1368 25 2142 | 135 315 918 | 144 272 952
1368 57 4816 | 129 336 903 | 128 344 896
1368 57 4760 | 120 408 840 | 136 280 952
1368 19 1512 | 108 504 756 | 144 216 1008
1368 359 26910 | 138 195 1035 | 144 184 1040
1368 17 1260 | 108 315 945 | 120 240 1008
1368 19 1400 | 96 600 672 | 150 168 1050
1368 51 3520 | 120 192 1056 | 88 640 640
1368 57 3640 | 80 560 728 | 120 156 1092
1368 19 1188 | 81 396 891 | 96 216 1056
1368 43 2520 | 80 280 1008 | 72 540 756
1368 57 3080 | 88 160 1120 | 66 462 840
1368 1103 56700 | 84 150 1134 | 63 405 900
1368 19 792 | 48 528 792 | 72 108 1188
1368 57 2296 | 48 336 984 | 56 164 1148
1368 7 270 | 45 378 945 | 48 240 1080
1368 263 9720 | 42 486 840 | 72 81 1215
1368 3 100 | 38 380 950 | 48 120 1200
1369 1 144 | 333 444 592 | 319 522 528
1369 31 3696 | 208 468 693 | 203 528 638
1369 161 15776 | 203 238 928 | 145 544 680
1369 215 20592 | 171 286 912 | 144 455 770
1369 1369 127281 | 133 609 627 | 203 209 957
1369 439 37791 | 153 247 969 | 119 585 665
1369 41 2856 | 119 200 1050 | 93 408 868
1369 106 7315 | 114 210 1045 | 88 616 665
1369 1 60 | 111 148 1110 | 74 555 740
1369 736 40579 | 93 154 1122 | 77 238 1054
1369 691 34320 | 65 264 1040 | 60 429 880
1369 179 7176 | 69 104 1196 | 46 504 819
1369 2 65 | 38 286 1045 | 37 370 962
1370 29 4200 | 325 520 525 | 350 420 600
1370 89 12870 | 325 495 550 | 330 468 572
1370 47 5100 | 170 600 600 | 180 425 765
1370 41 4186 | 230 230 910 | 154 572 644
1370 2447 249550 | 161 434 775 | 155 525 690
1370 38 3627 | 186 248 936 | 180 260 930
1370 23 2184 | 161 312 897 | 182 252 936
1370 3 260 | 138 312 920 | 120 600 650
1370 17 1440 | 120 450 800 | 160 220 990
1370 19 1530 | 170 180 1020 | 110 495 765
1370 1 70 | 120 200 1050 | 90 560 720
1370 47 2640 | 96 154 1120 | 70 420 880
1370 989 32994 | 54 94 1222 | 39 297 1034
1370 13 210 | 20 90 1260 | 18 182 1170
1371 19 2520 | 255 504 612 | 315 336 720
1371 8159 1053360 | 266 385 720 | 240 504 627
1371 521 62640 | 216 435 720 | 240 348 783
1371 463 54648 | 198 552 621 | 216 396 759
1371 1451 171171 | 198 546 627 | 266 286 819
1371 1 96 | 171 288 912 | 156 351 864
1371 557 48807 | 187 198 986 | 153 261 957
1371 2039 144144 | 91 576 704 | 99 336 936
1371 197 12012 | 91 224 1056 | 84 286 1001
1371 487 26400 | 66 480 825 | 75 240 1056
1371 109 5229 | 60 315 996 | 83 126 1162
1371 457 19635 | 63 153 1155 | 51 385 935
1371 4709 190164 | 69 106 1196 | 46 636 689
1371 511 18240 | 60 95 1216 | 40 627 704
1371 35 1224 | 40 396 935 | 63 84 1224
1372 1 150 | 400 432 540 | 385 462 525
1372 7 1020 | 357 420 595 | 336 476 560
1372 49 7020 | 312 520 540 | 364 378 630
1372 413 57200 | 304 418 650 | 312 400 660
1372 1 130 | 280 364 728 | 245 490 637 | 247 475 650
1372 47 5984 | 238 462 672 | 272 352 748
1372 11 1400 | 252 400 720 | 231 525 616
1372 49 5940 | 220 432 720 | 231 385 756
1372 97 11484 | 232 348 792 | 252 308 812
1372 11 1260 | 196 441 735 | 252 280 840
1372 31 3432 | 182 462 728 | 176 572 624
1372 469 51084 | 172 540 660 | 215 297 860
1372 7 660 | 168 280 924 | 140 462 770
1372 49 4048 | 176 184 1012 | 112 616 644
1372 53 3920 | 112 280 980 | 98 490 784
1372 1 72 | 98 392 882 | 112 252 1008
1372 469 29920 | 80 544 748 | 85 352 935
1372 49 2460 | 60 492 820 | 84 140 1148
1372 343 15660 | 58 270 1044 | 60 232 1080
1372 343 14976 | 52 384 936 | 64 156 1152
1372 3199 129168 | 46 624 702 | 52 216 1104
1372 343 13266 | 67 99 1206 | 44 536 792
1372 343 12240 | 68 80 1224 | 40 612 720
1372 7 180 | 28 504 840 | 42 70 1260
1372 5 126 | 40 72 1260 | 28 336 1008
1372 49 330 | 8 44 1320 | 7 210 1155
1373 1 140 | 290 532 551 | 315 414 644
1373 71 8680 | 248 350 775 | 217 476 680
1373 25 3021 | 212 477 684 | 255 323 795
1373 3023 349600 | 190 575 608 | 200 437 736
1373 1699 178640 | 176 385 812 | 203 290 880
1373 149 11385 | 102 506 765 | 143 195 1035
1373 221 16720 | 143 190 1040 | 152 176 1045
1373 647 23940 | 42 495 836 | 56 120 1197
1373 5 133 | 29 532 812 | 42 77 1254
1373 353 7904 | 24 608 741 | 30 95 1248
1373 227 4600 | 23 200 1150 | 35 50 1288
1374 229 30780 | 270 456 648 | 285 405 684
1374 53 6930 | 286 360 728 | 252 462 660
1374 229 29760 | 310 320 744 | 240 558 576
1374 47 5928 | 247 399 728 | 234 456 684
1374 167 20370 | 210 582 582 | 285 291 798
1374 229 27720 | 210 504 660 | 252 330 792
1374 11 1296 | 240 324 810 | 198 528 648
1374 85 8736 | 156 546 672 | 224 240 910
1374 103 10545 | 222 240 912 | 190 296 888
1374 389 38760 | 153 456 765 | 190 272 912
1374 22 1953 | 126 504 744 | 124 620 630
1374 115 9576 | 120 399 855 | 126 336 912
1374 493 37050 | 114 285 975 | 100 494 780
1374 229 16500 | 99 375 900 | 110 264 1000
1374 23 1650 | 126 198 1050 | 100 350 924
1374 431 28644 | 124 165 1085 | 99 252 1023
1374 383 17160 | 72 132 1170 | 65 165 1144
1374 229 9360 | 60 144 1170 | 48 390 936
1374 529 20790 | 60 126 1188 | 54 165 1155
1374 89 3354 | 43 473 858 | 48 208 1118
1374 25 492 | 24 120 1230 | 21 492 861
1374 687 7238 | 14 44 1316 | 11 329 1034
1375 361 52360 | 374 385 616 | 340 440 595
1375 247 27720 | 220 315 840 | 198 385 792
1375 8 875 | 175 500 700 | 250 250 875
1375 2 195 | 160 351 864 | 143 572 660
1375 947 37485 | 49 255 1071 | 45 595 735
1376 1 126 | 224 576 576 | 301 301 774
1376 989 123760 | 240 408 728 | 221 560 595
1376 5 616 | 220 476 680 | 224 448 704
1376 23 2640 | 220 340 816 | 192 480 704
1376 11 1204 | 172 602 602 | 215 301 860
1376 1993 187200 | 144 400 832 | 156 320 900
1376 89 8064 | 128 576 672 | 144 336 896
1376 43 3840 | 160 256 960 | 128 480 768
1376 34703 2709630 | 154 187 1035 | 105 506 765
1376 43 3168 | 96 576 704 | 144 176 1056
1376 179 13104 | 104 336 936 | 126 210 1040
1376 37 2240 | 80 336 960 | 128 128 1120
1376 1319 59400 | 60 216 1100 | 88 100 1188
1376 19 800 | 80 96 1200 | 56 200 1120
1376 29 1008 | 45 176 1155 | 50 126 1200
1377 313 43680 | 288 504 585 | 310 416 651
1377 32 4389 | 342 342 693 | 273 532 572
1377 23 3135 | 275 475 627 | 270 513 594
1377 3 400 | 270 432 675 | 272 425 680
1377 37 4485 | 207 585 585 | 273 299 805
1377 1 112 | 189 432 756 | 204 357 816
1377 817 80784 | 187 272 918 | 153 432 792
1377 5 468 | 168 273 936 | 135 540 702
1377 3 259 | 119 629 629 | 189 189 999
1377 211 14040 | 117 180 1080 | 90 351 936
1377 31 1932 | 90 252 1035 | 112 161 1104
1377 4 195 | 90 117 1170 | 68 204 1105
1377 113 5220 | 72 145 1160 | 54 540 783
1377 29 1323 | 57 294 1026 | 54 441 882
1377 301 11880 | 45 540 792 | 54 168 1155
1377 397 14280 | 63 90 1224 | 51 136 1190
1377 1 25 | 51 51 1275 | 27 675 675
1377 37 924 | 27 594 756 | 33 112 1232
1378 239 32760 | 273 520 585 | 280 468 630
1378 131 17080 | 280 366 732 | 244 504 630
1378 203 25194 | 221 494 663 | 238 399 741
1378 13 1590 | 212 530 636 | 265 318 795
1378 5 576 | 234 312 832 | 230 320 828
1378 113 10296 | 130 528 720 | 156 286 936
1378 1 90 | 159 265 954 | 130 468 780
1378 1061 90090 | 117 546 715 | 154 234 990
1378 403 33264 | 154 216 1008 | 120 378 880
1378 221 16800 | 160 168 1050 | 102 476 800
1378 7 520 | 130 208 1040 | 104 364 910
1378 169 11760 | 98 320 960 | 90 504 784
1378 221 14490 | 90 322 966 | 98 245 1035
1378 5 312 | 78 520 780 | 104 182 1092
1378 289 11592 | 46 504 828 | 48 322 1008
1378 571 22620 | 52 195 1131 | 48 290 1040
1379 11 1480 | 296 380 703 | 259 560 560
1379 17 1960 | 245 294 840 | 196 455 728
1379 25 2156 | 154 245 980 | 182 196 1001
1379 2881 235235 | 110 611 658 | 143 235 1001
1379 119 8901 | 99 506 774 | 129 215 1035
1379 43 2145 | 63 315 1001 | 99 110 1170
1379 296 14175 | 70 175 1134 | 56 648 675
1379 329 13680 | 70 112 1197 | 48 495 836
1379 2 63 | 35 504 840 | 48 99 1232
1379 2429 70380 | 36 170 1173 | 40 115 1224
1380 3 442 | 391 391 598 | 340 520 520
1380 7 990 | 297 513 570 | 360 360 660
1380 11 1530 | 288 480 612 | 340 360 680
1380 1 138 | 345 345 690 | 276 552 552
1380 3 400 | 300 360 720 | 280 400 700
1380 1 126 | 240 420 720 | 225 525 630 | 224 544 612
1380 169 20952 | 216 582 582 | 291 297 792
1380 169 20790 | 216 504 660 | 285 297 798
1380 13 1584 | 252 336 792 | 220 440 720
1380 19 2244 | 255 300 825 | 204 462 714
1380 47 5460 | 210 390 780 | 260 280 840
1380 29 3360 | 224 340 816 | 252 288 840
1380 53 5940 | 228 297 855 | 180 540 660
1380 5 528 | 165 495 720 | 200 300 880
1380 139 13950 | 155 450 775 | 225 225 930
1380 419 40920 | 186 264 930 | 155 385 840
1380 197 18480 | 144 396 840 | 150 350 880
1380 251 23460 | 138 460 782 | 204 210 966
1380 43 3900 | 130 500 750 | 180 225 975
1380 19 1650 | 120 600 660 | 165 225 990
1380 79 6720 | 180 192 1008 | 140 280 960
1380 1 84 | 138 276 966 | 120 420 840
1380 191 15180 | 138 230 1012 | 165 180 1035
1380 353 27720 | 126 264 990 | 132 240 1008
1380 83 6300 | 150 180 1050 | 100 560 720
1380 3 220 | 115 253 1012 | 100 400 880
1380 409 26400 | 120 160 1100 | 99 225 1056
1380 11 672 | 120 140 1120 | 84 288 1008
1380 37 2040 | 69 391 920 | 88 170 1122
1380 7919 363660 | 57 308 1015 | 66 174 1140
1380 337 15444 | 88 104 1188 | 54 468 858
1380 17 420 | 36 84 1260 | 28 260 1092
1380 6037 85680 | 16 140 1224 | 15 357 1008
1381 61 8721 | 357 378 646 | 323 437 621
1381 895 116116 | 260 406 715 | 308 319 754
1381 79 8740 | 184 437 760 | 247 260 874
1381 3271 346500 | 198 308 875 | 231 250 900
1381 1381 101500 | 100 406 875 | 116 250 1015
1381 1381 85120 | 128 133 1120 | 76 640 665
1381 101 5984 | 77 352 952 | 85 240 1056
1381 47 2772 | 91 198 1092 | 72 616 693
1381 4567 263340 | 70 627 684 | 76 315 990
1381 1381 52360 | 55 136 1190 | 44 385 952
1382 691 68552 | 176 304 902 | 152 451 779
1382 2213 196416 | 192 198 992 | 124 576 682
1382 16 1287 | 108 572 702 | 132 260 990
1382 115 8208 | 108 266 1008 | 95 432 855
1382 851 56392 | 106 212 1064 | 95 280 1007
1382 121 7140 | 72 630 680 | 102 160 1120
1382 127 6840 | 70 304 1008 | 90 152 1140
1382 1369 68640 | 66 260 1056 | 78 160 1144
1382 1787 80080 | 56 286 1040 | 52 560 770
1382 691 23868 | 39 459 884 | 54 104 1224
1382 151 4940 | 38 304 1040 | 52 95 1235
1383 55 6552 | 208 455 720 | 252 312 819
1383 247 29400 | 264 294 825 | 200 546 637
1383 163 17325 | 231 252 900 | 165 525 693
1383 491 48048 | 143 616 624 | 144 546 693
1383 393 30160 | 140 203 1040 | 144 195 1044
1383 927 61880 | 91 340 952 | 90 357 936
1383 149 9360 | 91 252 1040 | 78 585 720
1383 83 4389 | 95 133 1155 | 63 627 693
1383 583 29580 | 87 136 1160 | 60 609 714
1383 1173 45320 | 50 200 1133 | 44 515 824
1384 793 107712 | 306 374 704 | 264 544 576
1384 481 54180 | 228 301 855 | 180 602 602
1384 73 7072 | 160 340 884 | 208 224 952
1384 11 1064 | 204 228 952 | 168 304 912
1384 67 6300 | 144 400 840 | 154 330 900
1384 1759 125856 | 92 608 684 | 96 414 874
1384 295 20592 | 96 352 936 | 110 234 1040
1384 3 200 | 88 396 900 | 84 600 700
1384 361 24024 | 104 224 1056 | 84 572 728
1384 1093 70840 | 92 280 1012 | 88 330 966
1384 29 1760 | 110 154 1120 | 88 240 1056
1385 31 4600 | 360 450 575 | 350 483 552
1385 277 40068 | 315 530 540 | 371 378 636
1385 5893 795600 | 272 450 663 | 325 340 720
1385 47 5100 | 175 462 748 | 170 540 675
1385 277 27300 | 150 455 780 | 175 300 910
1385 47 4320 | 135 450 800 | 160 280 945
1385 277 25245 | 135 425 825 | 153 297 935
1385 1543 135135 | 143 297 945 | 189 195 1001
1385 277 22512 | 112 469 804 | 140 240 1005
1385 277 12936 | 55 490 840 | 77 132 1176
1385 277 11180 | 52 215 1118 | 50 260 1075
1386 3 460 | 420 483 483 | 440 440 506
1386 3 440 | 330 528 528 | 385 385 616
1386 13 1890 | 378 378 630 | 330 462 594
1386 7 990 | 330 396 660 | 297 495 594
1386 7 960 | 330 352 704 | 270 540 576
1386 1 136 | 264 561 561 | 336 336 714
1386 83 10710 | 306 315 765 | 252 420 714
1386 1 126 | 231 462 693 | 252 378 756
1386 14 1755 | 234 432 720 | 220 572 594
1386 1429 176400 | 252 350 784 | 225 441 720
1386 3 350 | 196 490 700 | 231 330 825
1386 7 810 | 189 567 630 | 216 360 810
1386 21 2356 | 186 456 744 | 209 341 836
1386 3 308 | 154 616 616 | 231 231 924
1386 21 1936 | 176 242 968 | 132 528 726
1386 1 90 | 198 198 990 | 126 630 630
1386 35 2574 | 99 429 858 | 110 286 990
1386 119 8424 | 91 567 728 | 117 216 1053
1386 13 918 | 136 170 1080 | 126 189 1071
1386 7 480 | 90 432 864 | 110 220 1056
1386 21 1376 | 88 352 946 | 96 258 1032
1386 1 60 | 77 385 924 | 90 216 1080
1386 7 330 | 90 108 1188 | 55 605 726
1386 3 112 | 77 77 1232 | 42 672 672
1386 3 110 | 55 121 1210 | 42 420 924
1386 3 62 | 42 42 1302 | 22 682 682
1386 7 102 | 17 111 1258 | 26 34 1326
1387 79 9880 | 247 380 760 | 221 520 646
1387 4553 564200 | 217 520 650 | 248 364 775
1387 25 3003 | 210 462 715 | 203 546 638
1387 5 572 | 253 276 858 | 187 520 680
1387 19 2142 | 204 364 819 | 180 595 612
1387 149 16340 | 172 570 645 | 190 380 817
1387 8 855 | 171 456 760 | 190 342 855
1387 73 7755 | 165 517 705 | 209 285 893
1387 19 1848 | 204 231 952 | 152 399 836
1387 1387 134640 | 180 272 935 | 144 495 748
1387 1387 133980 | 210 220 957 | 140 609 638
1387 47 4389 | 187 231 969 | 133 627 627
1387 3127 255024 | 112 483 792 | 144 231 1012
1387 73 5320 | 95 532 760 | 133 190 1064
1387 97 4200 | 56 231 1100 | 75 112 1200
1387 76 1287 | 22 78 1287 | 18 407 962
1387 22 315 | 18 74 1295 | 15 490 882
1387 1387 14784 | 11 672 704 | 21 22 1344
1388 109 16380 | 364 504 520 | 396 420 572
1388 551 75348 | 276 468 644 | 299 396 693
1388 133 17204 | 238 506 644 | 272 368 748
1388 199 21692 | 176 464 748 | 170 580 638
1388 23 2400 | 200 288 900 | 168 420 800
1388 37 2736 | 96 608 684 | 114 266 1008
1388 1385 85272 | 114 152 1122 | 88 255 1045
1388 255 13468 | 63 585 740 | 74 222 1092
1388 1391 73458 | 77 198 1113 | 63 583 742
1388 1481 74880 | 80 156 1152 | 90 128 1170
1388 1229 58140 | 57 396 935 | 68 180 1140
1388 85 3762 | 77 114 1197 | 57 242 1089
1388 41 1260 | 36 260 1092 | 56 72 1260
1388 43 1260 | 48 80 1260 | 36 182 1170
1389 10 1449 | 345 414 630 | 336 432 621
1389 19 2640 | 336 360 693 | 297 432 660
1389 457 54648 | 264 297 828 | 216 414 759
1389 173 16632 | 168 297 924 | 180 264 945
1389 21 1144 | 66 504 819 | 91 154 1144
1389 367 18480 | 63 336 990 | 80 154 1155
1389 463 17955 | 45 399 945 | 57 135 1197
1389 463 16107 | 59 91 1239 | 39 531 819
1389 2507 55800 | 24 465 900 | 25 248 1116
1390 17 2574 | 403 429 558 | 390 450 550
1390 127 17784 | 288 494 608 | 285 520 585
1390 41 5148 | 220 585 585 | 286 312 792
1390 139 16800 | 210 480 700 | 240 350 800
1390 199 24024 | 217 429 744 | 234 364 792
1390 3131 354200 | 184 506 700 | 200 385 805
1390 19 2100 | 200 350 840 | 175 540 675
1390 139 14850 | 220 270 900 | 165 550 675
1390 19 2002 | 220 260 910 | 175 390 825
1390 47 4914 | 234 238 918 | 210 270 910
1390 23 2325 | 150 620 620 | 180 310 900
1390 11 1050 | 140 500 750 | 175 270 945
1390 419 39600 | 154 336 900 | 150 360 880
1390 397 36400 | 175 240 975 | 130 560 700
1390 1 90 | 180 220 990 | 140 350 900
1390 67 5434 | 110 520 760 | 114 418 858
1390 7 550 | 165 175 1050 | 110 400 880
1390 337 25806 | 102 506 782 | 110 345 935
1390 61 4290 | 110 240 1040 | 90 585 715
1390 17 1155 | 88 462 840 | 140 150 1100
1390 337 19278 | 70 510 810 | 81 238 1071
1390 59 3360 | 90 180 1120 | 70 480 840
1390 19 1066 | 70 410 910 | 78 246 1066
1390 179 9450 | 81 175 1134 | 70 270 1050
1390 139 6496 | 70 160 1160 | 56 406 928
1390 47 1680 | 50 140 1200 | 40 630 720
1390 1123 29440 | 46 64 1280 | 30 256 1104
1390 139 3150 | 30 100 1260 | 25 315 1050
1390 83 1386 | 20 110 1260 | 18 294 1078
1390 139 1590 | 15 50 1325 | 12 318 1060
1390 139 1344 | 14 32 1344 | 10 420 960
1391 151 21216 | 312 416 663 | 286 544 561
1391 5 693 | 280 495 616 | 308 399 684
1391 1471 163856 | 245 266 880 | 176 588 627
1391 479 53200 | 175 608 608 | 176 550 665
1391 13 1155 | 195 195 1001 | 126 495 770
1391 13 1100 | 133 308 950 | 116 550 725
1391 73 5720 | 104 572 715 | 143 208 1040
1391 113 8008 | 104 286 1001 | 91 572 728
1391 694 36729 | 99 126 1166 | 66 371 954
1391 89 4680 | 65 390 936 | 104 117 1170
1391 181 8316 | 57 308 1026 | 77 126 1188
1391 167 4832 | 32 453 906 | 33 302 1056
1391 1703 25840 | 19 80 1292 | 16 425 950
1392 5 756 | 405 420 567 | 378 468 546
1392 31 4620 | 352 480 560 | 378 420 594
1392 307 45144 | 342 456 594 | 352 432 608
1392 11 1512 | 312 378 702 | 288 432 672
1392 13 1680 | 252 420 720 | 240 480 672
1392 19 2160 | 240 288 864 | 216 336 840
1392 93 10556 | 182 572 638 | 203 377 812
1392 113 12096 | 182 378 832 | 192 336 864
1392 23 2376 | 176 352 864 | 216 252 924
1392 9 880 | 160 352 880 | 144 528 720
1392 269 23100 | 119 525 748 | 150 252 990
1392 61 5040 | 112 560 720 | 144 240 1008
1392 557 41184 | 104 352 936 | 96 594 702
1392 1 72 | 96 432 864 | 116 232 1044
1392 277 18360 | 105 216 1071 | 108 204 1080
1392 367 19734 | 66 429 897 | 69 322 1001
1392 599 27600 | 66 176 1150 | 92 100 1200
1392 1 42 | 87 87 1218 | 48 672 672
1392 79 2520 | 40 182 1170 | 60 72 1260
1392 757 11934 | 27 39 1326 | 17 270 1105
1392 71 1020 | 17 100 1275 | 15 612 765
1393 311 42560 | 280 448 665 | 304 385 704
1393 1393 165600 | 207 450 736 | 225 368 800
1393 4067 442035 | 225 275 893 | 171 517 705
1393 1393 141984 | 204 261 928 | 153 544 696
1393 199 16432 | 158 208 1027 | 112 553 728
1393 443 29835 | 135 153 1105 | 91 357 945
1393 1393 70680 | 60 589 744 | 95 120 1178
1393 1393 47520 | 40 297 1056 | 45 160 1188
1393 199 3927 | 21 539 833 | 33 51 1309
1393 199 2392 | 13 184 1196 | 14 91 1288
1394 1 144 | 369 369 656 | 306 544 544 | 336 414 644
1394 1 140 | 336 368 690 | 287 492 615
1394 131 17680 | 260 510 624 | 272 442 680
1394 5 672 | 266 456 672 | 255 544 595 | 322 336 736
1394 13 1722 | 246 574 574 | 287 369 738
1394 23 2912 | 224 546 624 | 228 494 672
1394 1 120 | 204 510 680 | 246 328 820
1394 193 22770 | 210 414 770 | 198 506 690
1394 29 3220 | 175 575 644 | 184 440 770
1394 3251 320544 | 159 371 864 | 216 224 954
1394 19 1656 | 184 198 1012 | 120 630 644
1394 25 2142 | 119 510 765 | 136 306 952
1394 71 5320 | 140 190 1064 | 104 380 910
1394 503 36960 | 96 528 770 | 95 627 672
1394 29 1530 | 63 561 770 | 68 306 1020
1394 67 3528 | 64 448 882 | 63 539 792
1394 163 8190 | 63 330 1001 | 84 140 1170
1394 95 3696 | 46 336 1012 | 44 630 720
1394 3 112 | 63 99 1232 | 42 624 728
1394 1 30 | 41 123 1230 | 34 340 1020
1394 311 7150 | 44 50 1300 | 25 407 962
1394 23 462 | 22 294 1078 | 34 51 1309
1394 19 306 | 22 63 1309 | 17 459 918
1394 15 238 | 17 306 1071 | 26 42 1326
1395 73 10920 | 351 504 540 | 350 520 525
1395 31 4536 | 360 405 630 | 324 504 567
1395 93 13300 | 350 380 665 | 300 525 570
1395 93 12376 | 260 455 680 | 273 408 714
1395 164 19305 | 195 540 660 | 198 495 702
1395 523 61425 | 195 525 675 | 225 351 819
1395 1 108 | 180 405 810 | 186 372 837 | 225 270 900
1395 31 3045 | 189 261 945 | 145 525 725
1395 31 2925 | 135 585 675 | 195 225 975
1395 173 15912 | 130 585 680 | 153 306 936
1395 93 8372 | 156 273 966 | 130 460 805
1395 82 7371 | 126 567 702 | 130 455 810
1395 3 217 | 155 155 1085 | 93 651 651
1395 1 72 | 93 558 744 | 135 180 1080
1395 127 8568 | 85 630 680 | 108 216 1071
1395 51 3220 | 84 345 966 | 115 160 1120
1395 93 5600 | 75 480 840 | 100 175 1120
1395 129 7475 | 75 345 975 | 115 130 1150
1395 781 42120 | 72 270 1053 | 65 520 810
1395 31 1148 | 60 105 1230 | 42 492 861
1396 47 6732 | 340 396 660 | 308 476 612
1396 83 11088 | 252 528 616 | 280 396 720
1396 11 1440 | 240 544 612 | 260 416 720
1396 57 7280 | 280 336 780 | 240 442 714
1396 7 880 | 220 560 616 | 240 408 748
1396 1 120 | 208 468 720 | 240 340 816
1396 337 33852 | 186 286 924 | 156 434 806
1396 457 45072 | 171 313 912 | 144 626 626
1396 349 32844 | 138 476 782 | 168 276 952
1396 31 2730 | 180 208 1008 | 135 351 910
1396 53 4620 | 154 252 990 | 120 616 660
1396 101 7920 | 160 180 1056 | 104 572 720
1396 751 57420 | 116 290 990 | 132 220 1044
1396 349 25704 | 136 189 1071 | 96 544 756
1396 349 23664 | 116 192 1088 | 87 493 816
1396 17 1008 | 96 180 1120 | 85 240 1071
1396 373 20020 | 66 420 910 | 65 484 847
1396 479 21840 | 65 176 1155 | 54 432 910
1396 191 7436 | 44 676 676 | 46 338 1012
1396 53 1188 | 24 616 756 | 27 148 1221
1397 101 14025 | 275 561 561 | 297 425 675
1397 61 7425 | 209 513 675 | 275 297 825
1397 127 12555 | 155 405 837 | 165 341 891
1397 2 195 | 182 270 945 | 154 385 858
1397 129 11968 | 132 561 704 | 165 272 960
1397 85 6776 | 121 308 968 | 110 440 847
1397 127 8484 | 132 154 1111 | 84 606 707
1397 127 3819 | 33 627 737 | 57 67 1273
1397 13 336 | 33 132 1232 | 28 592 777
1397 1 20 | 28 74 1295 | 22 275 1100
1398 13 1890 | 336 432 630 | 315 513 570
1398 1 140 | 288 480 630 | 315 399 684
1398 127 14586 | 208 374 816 | 234 306 858
1398 1319 150150 | 182 600 616 | 225 315 858
1398 149 16302 | 182 418 798 | 198 342 858
1398 157 16686 | 198 309 891 | 162 618 618
1398 83 8190 | 144 624 630 | 182 280 936
1398 883 71370 | 110 495 793 | 117 366 915
1398 139 10710 | 102 540 756 | 114 315 969
1398 703 43680 | 96 210 1092 | 78 480 840
1398 727 39270 | 70 308 1020 | 90 153 1155
1398 41 1890 | 57 315 1026 | 54 504 840
1398 109 4752 | 66 144 1188 | 54 288 1056
1399 254 32175 | 231 468 700 | 234 450 715
1399 1399 163800 | 234 325 840 | 195 504 700
1399 13 1512 | 189 594 616 | 216 364 819
1399 439 17136 | 68 99 1232 | 63 112 1224
1399 664 11305 | 19 190 1190 | 34 35 1330
1399 89 1080 | 24 25 1350 | 13 216 1170
1400 1 150 | 400 400 600 | 350 525 525
1400 17 2520 | 336 504 560 | 350 450 600
1400 1 140 | 280 560 560 | 350 350 700
1400 7 960 | 320 360 720 | 280 448 672
1400 71 9310 | 245 490 665 | 266 399 735
1400 23 2940 | 245 420 735 | 280 336 784
1400 1 120 | 280 280 840 | 200 600 600
1400 413 45760 | 182 448 770 | 176 520 704
1400 371 37620 | 152 528 720 | 165 380 855
1400 541 48510 | 126 539 735 | 165 245 990
1400 7 620 | 160 248 992 | 125 500 775
1400 7 600 | 120 480 800 | 150 250 1000
1400 7 520 | 104 360 936 | 120 240 1040
1400 121 8820 | 105 315 980 | 98 420 882
1400 161 10560 | 90 320 990 | 88 352 960
1400 7 450 | 80 600 720 | 125 150 1125
1400 53 3360 | 80 480 840 | 112 168 1120
1400 7 440 | 100 200 1100 | 80 440 880
1400 1 48 | 56 672 672 | 100 100 1200
1400 7 180 | 28 490 882 | 35 105 1260
1401 349 45045 | 245 441 715 | 231 585 585
1401 11 1404 | 270 351 780 | 297 312 792
1401 3911 359856 | 136 432 833 | 147 336 918
1401 181 11781 | 126 153 1122 | 99 231 1071
1401 5 273 | 70 330 1001 | 105 126 1170
1401 124 5985 | 57 504 840 | 90 114 1197
1401 9 385 | 70 121 1210 | 49 637 715
1401 43 1248 | 32 481 888 | 33 312 1056
1401 3 80 | 29 560 812 | 32 185 1184
1401 71 1716 | 36 78 1287 | 26 660 715
1402 53 7140 | 280 408 714 | 266 456 680
1402 29 3283 | 252 268 882 | 196 402 804
1402 1 102 | 152 570 680 | 187 297 918
1402 433 35530 | 110 646 646 | 170 187 1045
1402 131 8162 | 77 583 742 | 102 187 1113
1402 155 7854 | 102 110 1190 | 77 170 1155
1402 10667 418950 | 63 114 1225 | 45 475 882
1403 79 9975 | 275 330 798 | 228 475 700
1403 4 495 | 230 414 759 | 220 468 715
1403 22 2691 | 276 299 828 | 207 598 598
1403 29 3300 | 220 325 858 | 204 374 825
1403 74 7245 | 207 230 966 | 168 315 920
1403 29 2415 | 161 207 1035 | 115 483 805
1403 731 58968 | 108 567 728 | 168 182 1053
1403 1 80 | 115 368 920 | 143 220 1040 | 122 305 976
1403 7 396 | 69 506 828 | 72 363 968
1403 809 30160 | 44 319 1040 | 48 195 1160
1403 73 1890 | 28 675 700 | 35 108 1260
1404 1 154 | 429 429 546 | 396 504 504
1404 5 728 | 312 546 546 | 315 504 585
1404 1 144 | 324 432 648 | 312 468 624
1404 871 124740 | 324 420 660 | 297 540 567
1404 13 1760 | 264 480 660 | 288 396 720
1404 17 2268 | 252 504 648 | 324 324 756
1404 67 8928 | 248 544 612 | 288 372 744
1404 29 3780 | 270 378 756 | 252 432 720
1404 1 130 | 234 585 585 | 312 312 780
1404 13 1620 | 270 324 810 | 216 540 648
1404 257 31878 | 286 299 819 | 231 414 759
1404 3 368 | 288 288 828 | 208 598 598
1404 13 1512 | 252 288 864 | 189 567 648
1404 3 340 | 260 260 884 | 180 612 612
1404 39 4370 | 184 460 760 | 207 342 855
1404 39 4300 | 200 344 860 | 180 450 774
1404 79 8316 | 189 324 891 | 216 264 924
1404 1 104 | 156 624 624 | 234 234 936
1404 383 39780 | 156 585 663 | 180 340 884
1404 95 9828 | 216 252 936 | 156 546 702
1404 7 720 | 162 432 810 | 208 260 936
1404 13 1200 | 130 624 650 | 144 360 900
1404 169 15120 | 180 216 1008 | 144 315 945
1404 1 84 | 117 468 819 | 144 252 1008
1404 193 14322 | 154 165 1085 | 124 224 1056
1404 431 30030 | 90 495 819 | 91 455 858
1404 11 744 | 144 144 1116 | 102 248 1054
1404 157 8778 | 95 154 1155 | 76 264 1064
1404 13 640 | 72 180 1152 | 60 384 960
1404 53 1680 | 35 592 777 | 36 360 1008
1404 347 10080 | 33 315 1056 | 32 490 882
1404 39 1120 | 32 392 980 | 35 185 1184
1404 131 3744 | 32 364 1008 | 39 117 1248
1404 1181 30624 | 29 319 1056 | 32 154 1218
1404 13 220 | 18 396 990 | 24 60 1320
1405 29 2945 | 155 475 775 | 190 285 930
1405 499 48807 | 145 495 765 | 187 261 957
1405 67 6160 | 140 385 880 | 130 560 715
1405 6 455 | 105 390 910 | 100 525 780
1405 1289 97020 | 147 180 1078 | 110 315 980
1405 29 936 | 40 195 1170 | 36 481 888
1405 8 207 | 30 225 1150 | 28 621 756
1406 1 156 | 444 481 481 | 456 456 494
1406 289 43400 | 372 434 600 | 350 496 560
1406 8 1105 | 286 440 680 | 272 510 624
1406 103 13680 | 266 420 720 | 304 342 760
1406 703 92400 | 240 550 616 | 300 336 770
1406 1 126 | 266 342 798 | 222 518 666
1406 241 29680 | 210 560 636 | 240 371 795
1406 703 82110 | 204 420 782 | 210 391 805
1406 17 1960 | 196 440 770 | 187 539 680
1406 1 110 | 185 407 814 | 190 380 836
1406 11 1140 | 171 380 855 | 190 304 912
1406 43 3960 | 176 240 990 | 132 504 770
1406 179 15834 | 126 468 812 | 130 406 870
1406 779 64090 | 130 290 986 | 119 377 910
1406 157 12870 | 110 594 702 | 130 286 990
1406 19 1554 | 111 518 777 | 148 222 1036
1406 97 7182 | 126 216 1064 | 114 266 1026
1406 2 143 | 150 156 1100 | 132 182 1092
1406 233 14560 | 104 182 1120 | 80 416 910
1406 37 2280 | 114 152 1140 | 76 570 760
1406 89 5434 | 76 494 836 | 110 156 1140
1406 1 56 | 76 266 1064 | 74 296 1036
1406 323 15288 | 56 468 882 | 66 196 1144
1406 283 12240 | 54 272 1080 | 80 102 1224
1406 703 24518 | 46 164 1196 | 41 299 1066
1406 703 18200 | 28 650 728 | 50 56 1300
1406 37 630 | 19 190 1197 | 20 126 1260
1407 5 756 | 378 441 588 | 357 510 540
1407 19 2808 | 378 392 637 | 351 432 624
1407 67 9405 | 315 399 693 | 285 495 627
1407 1 135 | 294 378 735 | 255 540 612
1407 1 132 | 252 462 693 | 268 402 737
1407 469 57408 | 276 299 832 | 207 576 624
1407 1 120 | 252 315 840 | 201 536 670
1407 103 12096 | 192 567 648 | 224 351 832
1407 67 7644 | 252 273 882 | 182 588 637
1407 571 60060 | 165 462 780 | 210 273 924
1407 37 3780 | 153 540 714 | 210 252 945
1407 67 5880 | 147 280 980 | 126 441 840
1407 469 39780 | 153 234 1020 | 117 510 780
1407 469 35640 | 162 165 1080 | 99 648 660
1407 343 22440 | 96 255 1056 | 120 165 1122
1407 9 560 | 77 560 770 | 84 315 1008
1407 469 27360 | 96 171 1140 | 72 480 855
1407 107 5040 | 55 560 792 | 63 224 1120
1407 229 10395 | 63 189 1155 | 55 351 1001
1407 469 17700 | 50 177 1180 | 45 300 1062
1407 409 15288 | 42 637 728 | 49 182 1176
1407 217 6240 | 39 120 1248 | 32 400 975
1408 23 3264 | 288 544 576 | 320 408 680
1408 29 4032 | 308 396 704 | 288 448 672
1408 43 5544 | 308 308 792 | 252 408 748
1408 61 7488 | 288 288 832 | 208 576 624
1408 53 6300 | 225 364 819 | 252 306 850 | 230 350 828
1408 115 13104 | 252 272 884 | 208 360 840
1408 1 112 | 176 616 616 | 220 308 880 | 256 256 896
1408 73 7920 | 198 330 880 | 176 440 792
1408 109 11200 | 160 448 800 | 154 550 704
1408 5 504 | 154 462 792 | 204 252 952
1408 367 36036 | 154 396 858 | 143 572 693
1408 1079 104720 | 154 374 880 | 176 280 952
1408 7 660 | 198 220 990 | 154 330 924
1408 1361 124488 | 168 252 988 | 133 456 819
1408 5 416 | 112 624 672 | 160 208 1040
1408 79 5616 | 108 260 1040 | 120 208 1080
1408 79 4032 | 68 252 1088 | 64 336 1008
1408 47 2240 | 64 224 1120 | 56 520 832
1408 29 1232 | 56 208 1144 | 88 88 1232
1408 19 572 | 39 148 1221 | 33 660 715
1409 163 24035 | 345 437 627 | 380 385 644
1409 3761 542640 | 304 510 595 | 336 408 665
1409 65 7056 | 175 450 784 | 176 441 792
1409 463 43605 | 170 270 969 | 136 513 760
1409 185 17017 | 187 221 1001 | 140 385 884
1409 493 27300 | 70 364 975 | 78 231 1100
1409 1049 50160 | 60 304 1045 | 57 440 912
1410 37 5130 | 270 570 570 | 285 450 675
1410 23 2730 | 195 585 630 | 210 420 780
1410 149 17472 | 221 357 832 | 192 546 672
1410 293 34320 | 240 312 858 | 195 495 720
1410 37 4200 | 180 600 630 | 200 385 825
1410 137 15300 | 200 360 850 | 255 255 900
1410 97 10800 | 240 270 900 | 175 560 675
1410 37 3864 | 168 414 828 | 165 440 805
1410 9 910 | 195 270 945 | 175 325 910
1410 19 1800 | 135 600 675 | 200 220 990 | 150 360 900
1410 9 832 | 130 640 640 | 136 442 832
1410 121 10710 | 180 210 1020 | 135 357 918
1410 619 51060 | 120 370 920 | 115 444 851
1410 389 31350 | 114 396 900 | 110 475 825
1410 83 6630 | 130 260 1020 | 110 442 858
1410 143 11118 | 102 654 654 | 114 327 969
1410 1 66 | 94 282 1034 | 90 330 990
1410 41 1950 | 66 200 1144 | 80 130 1200
1410 139 5040 | 42 360 1008 | 70 80 1260
1410 193 6930 | 66 84 1260 | 45 210 1155
1410 179 3960 | 45 45 1320 | 24 396 990
1411 61 8840 | 340 408 663 | 306 520 585
1411 2 285 | 290 551 570 | 323 408 680
1411 31 3876 | 272 323 816 | 228 442 741
1411 26 2261 | 119 646 646 | 136 323 952
1411 1247 85085 | 119 187 1105 | 91 385 935
1411 113 7280 | 80 616 715 | 91 280 1040
1411 41 2640 | 88 315 1008 | 80 605 726
1411 11 644 | 100 161 1150 | 77 322 1012
1411 2 105 | 80 176 1155 | 102 119 1190
1411 1 36 | 51 136 1224 | 42 333 1036
1411 1 35 | 39 637 735 | 42 259 1110
1411 29 924 | 42 148 1221 | 36 385 990
1411 11741 371735 | 35 559 817 | 43 133 1235
1411 4 119 | 42 111 1258 | 34 306 1071
1412 305 44352 | 320 462 630 | 308 528 576
1412 19 2310 | 216 440 756 | 264 308 840
1412 127 14586 | 264 264 884 | 187 510 715
1412 3433 389844 | 234 294 884 | 180 595 637
1412 107 10944 | 152 576 684 | 180 320 912
1412 439 37468 | 116 612 684 | 132 323 957
1412 23 1848 | 112 420 880 | 110 462 840
1412 101 6762 | 138 147 1127 | 112 196 1104
1412 149 6160 | 48 440 924 | 70 110 1232
1412 159 6160 | 44 528 840 | 60 120 1232
1412 131 3640 | 40 98 1274 | 32 260 1120
1412 11471 287280 | 28 304 1080 | 27 665 720
1413 11 1620 | 360 405 648 | 324 495 594
1413 97 13860 | 330 399 684 | 360 360 693
1413 47 6435 | 330 342 741 | 261 572 580
1413 3 364 | 204 546 663 | 203 572 638
1413 127 14664 | 216 351 846 | 188 520 705
1413 34 3795 | 209 330 874 | 230 286 897
1413 503 45360 | 144 324 945 | 126 567 720
1413 311 27720 | 126 495 792 | 165 240 1008
1413 703 57915 | 117 405 891 | 165 195 1053
1413 1289 98532 | 138 204 1071 | 102 483 828
1413 23 1620 | 90 567 756 | 99 324 990
1413 471 32648 | 88 583 742 | 132 168 1113
1413 25 1716 | 95 330 988 | 87 572 754
1413 157 9720 | 81 360 972 | 90 243 1080
1413 157 8316 | 63 594 756 | 99 126 1188
1413 211 8568 | 48 357 1008 | 63 126 1224
1413 1 33 | 44 148 1221 | 38 330 1045
1413 157 5040 | 48 105 1260 | 36 432 945
1414 511 65274 | 258 374 782 | 253 387 774
1414 127 13860 | 198 336 880 | 168 616 630
1414 35 3168 | 126 616 672 | 160 264 990
1414 11621 968240 | 112 637 665 | 130 304 980
1414 227 18480 | 143 231 1040 | 112 462 840
1414 53 3312 | 84 322 1008 | 80 414 920
1414 37 1540 | 70 112 1232 | 49 385 980
1414 17 630 | 70 84 1260 | 45 259 1110 | 42 490 882
1415 283 39312 | 336 351 728 | 270 560 585
1415 569 57960 | 180 315 920 | 161 414 840
1415 443 37620 | 180 190 1045 | 120 440 855
1415 217 17480 | 115 380 920 | 161 190 1064
1415 283 21528 | 120 260 1035 | 104 414 897
1415 283 18564 | 102 221 1092 | 85 420 910
1415 1049 55440 | 80 180 1155 | 63 560 792
1415 82 3575 | 50 650 715 | 55 260 1100
1415 839 36465 | 51 429 935 | 55 255 1105
1415 103 3680 | 46 185 1184 | 40 575 800
1415 283 6380 | 25 290 1100 | 29 110 1276
1416 3 448 | 352 448 616 | 336 504 576
1416 47 6660 | 333 380 703 | 300 450 666
1416 113 15708 | 306 396 714 | 272 528 616
1416 151 20700 | 276 450 690 | 261 575 580
1416 19 2220 | 195 481 740 | 228 333 855
1416 173 20160 | 198 448 770 | 192 504 720
1416 9 1040 | 260 272 884 | 200 416 800
1416 463 51480 | 176 520 720 | 198 360 858
1416 37 4032 | 168 576 672 | 176 448 792
1416 599 55440 | 140 396 880 | 198 210 1008
1416 253 22848 | 126 576 714 | 136 384 896
1416 19 1560 | 120 360 936 | 136 260 1020
1416 71 5280 | 120 240 1056 | 96 660 660
1416 383 26208 | 96 312 1008 | 90 416 910
1416 551 36960 | 120 176 1120 | 84 660 672
1416 47 3060 | 85 396 935 | 90 306 1020
1416 139 8064 | 96 168 1152 | 72 448 896
1416 60301 3202290 | 85 161 1170 | 63 663 690
1416 647 25080 | 72 90 1254 | 44 532 840
1416 5 192 | 64 104 1248 | 44 448 924
1416 25 924 | 44 294 1078 | 66 90 1260
1416 27 880 | 44 140 1232 | 36 660 720
1417 1417 205200 | 342 400 675 | 304 513 600
1417 3 380 | 220 570 627 | 247 390 780
1417 1417 145464 | 228 232 957 | 152 627 638
1417 389 39900 | 152 600 665 | 175 342 900
1417 1417 134640 | 187 240 990 | 136 561 720
1417 31 2860 | 143 364 910 | 130 572 715
1417 469 42900 | 143 350 924 | 156 286 975
1417 5 429 | 143 273 1001 | 117 585 715
1417 235 16744 | 91 598 728 | 92 520 805
1417 1417 93744 | 84 496 837 | 112 189 1116
1417 109 4828 | 68 142 1207 | 52 442 923
1417 1 42 | 48 592 777 | 52 273 1092
1417 13 480 | 45 252 1120 | 48 185 1184
1418 2389 321552 | 261 464 693 | 252 528 638
1418 2243 295120 | 238 560 620 | 240 527 651
1418 443 53424 | 208 468 742 | 252 318 848
1418 1 120 | 230 360 828 | 238 340 840
1418 173 18360 | 200 300 918 | 170 432 816
1418 53 5148 | 140 585 693 | 143 495 780
1418 97 9360 | 208 220 990 | 144 455 819
1418 473 42840 | 170 240 1008 | 126 612 680
1418 709 55350 | 108 410 900 | 123 270 1025
1418 7355 531216 | 93 560 765 | 112 252 1054
1418 709 51150 | 132 186 1100 | 93 550 775
1418 799 53592 | 88 406 924 | 84 638 696
1418 709 44850 | 130 138 1150 | 78 650 690
1418 149 6930 | 54 594 770 | 66 182 1170
1418 67 2856 | 68 126 1224 | 60 168 1190
1418 4649 62062 | 26 28 1364 | 14 403 1001
1418 359 3480 | 11 87 1320 | 10 480 928
1419 727 106080 | 340 416 663 | 357 390 672
1419 1 144 | 344 387 688 | 297 528 594 | 336 399 684
1419 2 273 | 258 559 602 | 294 390 735
1419 13 1680 | 285 336 798 | 231 528 660
1419 328 39585 | 210 455 754 | 203 520 696
1419 43 5100 | 220 374 825 | 204 450 765
1419 5 567 | 195 405 819 | 231 297 891
1419 34 3465 | 180 315 924 | 154 495 770
1419 43 3960 | 165 264 990 | 132 495 792
1419 43 3540 | 177 180 1062 | 110 649 660
1419 73 5712 | 114 336 969 | 144 204 1071
1419 1 75 | 99 495 825 | 129 215 1075
1419 41 2760 | 85 552 782 | 96 288 1035
1419 129 8240 | 110 176 1133 | 80 515 824
1419 178 9975 | 75 280 1064 | 70 399 950
1419 67 2508 | 42 684 693 | 44 330 1045
1419 268 5967 | 39 54 1326 | 24 459 936
1420 1 142 | 355 355 710 | 284 568 568
1420 79 11200 | 320 400 700 | 300 448 672
1420 617 81900 | 315 325 780 | 252 468 700
1420 379 49770 | 237 553 630 | 315 315 790
1420 17 2100 | 280 300 840 | 210 550 660
1420 11 1170 | 195 315 910 | 220 264 936
1420 1 104 | 160 480 780 | 198 286 936
1420 841 81900 | 156 364 900 | 140 630 650
1420 13 1260 | 140 560 720 | 210 220 990
1420 7 660 | 140 440 840 | 144 396 880
1420 247 22330 | 174 231 1015 | 140 352 928
1420 59 5130 | 133 342 945 | 120 540 760
1420 1319 102600 | 108 400 912 | 150 190 1080
1420 59 4400 | 160 160 1100 | 100 440 880
1420 943 69300 | 100 396 924 | 140 180 1100
1420 19 800 | 48 672 700 | 60 160 1200
1420 1 42 | 55 210 1155 | 48 588 784
1420 647 25740 | 52 198 1170 | 45 660 715
1421 3 455 | 350 525 546 | 377 435 609
1421 167 22792 | 296 385 740 | 286 407 728
1421 53 6783 | 238 442 741 | 266 357 798
1421 16 1785 | 180 476 765 | 238 273 910
1421 35 2584 | 119 238 1064 | 95 646 680
1421 4801 351120 | 112 264 1045 | 95 528 798
1421 1 69 | 87 667 667 | 147 147 1127
1421 23 1428 | 77 528 816 | 91 238 1092
1421 8 495 | 77 504 840 | 90 242 1089
1421 617 32760 | 65 420 936 | 63 630 728
1421 7 312 | 58 232 1131 | 52 481 888 | 56 273 1092
1421 1 44 | 77 112 1232 | 52 407 962
1421 28 1035 | 46 225 1150 | 66 90 1265
1421 8 253 | 46 110 1265 | 56 77 1288
1422 71 10080 | 300 450 672 | 288 504 630
1422 79 11088 | 297 432 693 | 288 462 672
1422 3 416 | 288 432 702 | 322 364 736
1422 1 135 | 252 540 630 | 270 432 720
1422 79 9828 | 252 351 819 | 216 504 702
1422 491 59850 | 266 306 850 | 225 399 798
1422 237 28600 | 200 572 650 | 264 300 858
1422 761 86112 | 182 504 736 | 207 351 864
1422 13 1386 | 162 567 693 | 168 462 792
1422 3 316 | 237 237 948 | 158 632 632
1422 11 1120 | 150 600 672 | 189 288 945
1422 73 6930 | 135 594 693 | 180 252 990
1422 23 2016 | 126 432 864 | 120 630 672
1422 237 19760 | 120 390 912 | 130 304 988
1422 383 27846 | 126 204 1092 | 117 234 1071
1422 51 3640 | 91 616 715 | 120 210 1092
1422 47 3330 | 99 333 990 | 90 666 666
1422 41 1872 | 91 99 1232 | 54 432 936
1422 11 480 | 54 288 1080 | 50 672 700
1422 47 1860 | 45 540 837 | 62 120 1240
1422 193 7410 | 57 130 1235 | 45 351 1026
1422 79 2898 | 42 414 966 | 54 126 1242
1422 237 2750 | 12 660 750 | 22 25 1375
1423 31 4788 | 399 448 576 | 378 513 532
1423 809 110055 | 261 495 667 | 319 345 759
1423 71 6825 | 175 273 975 | 143 455 825
1423 3869 212520 | 66 552 805 | 84 184 1155
1423 197 9180 | 54 629 740 | 57 340 1026
1423 4457 141680 | 55 80 1288 | 46 112 1265
1424 41 5760 | 320 384 720 | 280 504 640
1424 11 1404 | 297 308 819 | 228 494 702
1424 431 49140 | 189 455 780 | 182 540 702
1424 203 22572 | 209 324 891 | 189 399 836
1424 17 1638 | 143 462 819 | 144 448 832
1424 43 4032 | 192 224 1008 | 144 384 896
1424 719 67320 | 132 612 680 | 170 264 990
1424 67 3960 | 72 572 780 | 80 288 1056
1424 473 26600 | 84 200 1140 | 75 285 1064
1424 107 5760 | 64 640 720 | 80 192 1152
1424 2003 107712 | 64 612 748 | 72 264 1088
1424 851 38080 | 64 170 1190 | 56 280 1088
1424 37 1560 | 80 96 1248 | 52 280 1092
1424 1943 42432 | 34 64 1326 | 24 312 1088
1425 83 12540 | 380 418 627 | 396 399 630
1425 101 13860 | 275 450 700 | 294 396 735
1425 3 403 | 247 589 589 | 325 325 775
1425 19 2400 | 250 375 800 | 225 480 720
1425 11 1365 | 210 585 630 | 273 312 840
1425 61 7560 | 270 315 840 | 210 567 648
1425 19 2232 | 200 450 775 | 216 372 837
1425 19 2100 | 175 500 750 | 210 315 900
1425 31 3420 | 171 570 684 | 190 380 855
1425 43 4680 | 200 325 900 | 171 494 760
1425 1 105 | 175 375 875 | 210 270 945 | 171 399 855
1425 19 1932 | 207 252 966 | 150 575 700
1425 47 4500 | 200 225 1000 | 150 375 900
1425 3 280 | 133 532 760 | 175 250 1000
1425 8 741 | 150 325 950 | 133 494 798
1425 69 6380 | 145 352 928 | 130 580 715
1425 713 61425 | 135 315 975 | 130 350 945
1425 323 24840 | 138 207 1080 | 120 270 1035
1425 37 2805 | 99 561 765 | 105 385 935
1425 57 4060 | 91 580 754 | 145 160 1120
1425 19 1155 | 75 525 825 | 105 165 1155
1425 1 60 | 75 450 900 | 95 190 1140
1425 1 48 | 75 150 1200 | 56 592 777 | 57 456 912
1425 199 7920 | 48 297 1080 | 45 660 720
1425 247 6960 | 48 72 1305 | 31 464 930
1426 1 130 | 310 310 806 | 299 322 805 | 230 598 598
1426 1 126 | 217 558 651 | 276 322 828 | 216 594 616
1426 5 552 | 184 414 828 | 230 276 920
1426 997 107640 | 230 260 936 | 207 299 920
1426 31 3220 | 161 460 805 | 184 322 920
1426 1 96 | 138 552 736 | 186 248 992
1426 217 20592 | 176 260 990 | 154 336 936
1426 19 1638 | 126 390 910 | 130 351 945
1426 101 8176 | 112 438 876 | 126 292 1008
1426 145 9792 | 85 576 765 | 104 234 1088
1426 37 2470 | 130 156 1140 | 95 286 1045
1426 109 6384 | 95 176 1155 | 76 342 1008
1426 131 6496 | 58 672 696 | 96 112 1218
1426 43 2090 | 66 220 1140 | 57 555 814
1426 397 18522 | 54 686 686 | 57 343 1026
1426 1 40 | 46 460 920 | 62 124 1240
1426 355 10098 | 34 204 1188 | 54 63 1309
1427 58 8211 | 322 391 714 | 280 552 595
1427 67 9425 | 275 572 580 | 325 377 725
1427 329 22660 | 88 515 824 | 140 154 1133
1427 1417 65835 | 55 441 931 | 63 209 1155
1427 32 1015 | 58 74 1295 | 35 580 812
1427 131 3432 | 36 104 1287 | 52 55 1320
1428 5 756 | 378 420 630 | 357 459 612
1428 3 440 | 308 560 560 | 374 374 680
1428 7 1026 | 323 459 646 | 324 456 648
1428 7 1020 | 306 510 612 | 340 408 680
1428 31 4368 | 288 468 672 | 336 364 728
1428 13 1764 | 252 588 588 | 294 378 756
1428 443 58800 | 240 588 600 | 294 350 784
1428 349 45540 | 308 315 805 | 276 360 792
1428 71 8820 | 210 588 630 | 245 364 819
1428 443 54054 | 231 378 819 | 273 297 858
1428 287 34320 | 208 440 780 | 240 330 858
1428 97 11466 | 196 504 728 | 273 273 882
1428 419 48510 | 196 440 792 | 231 315 882
1428 3137 360360 | 210 360 858 | 182 616 630
1428 13 1470 | 245 273 910 | 196 392 840
1428 7 780 | 180 468 780 | 204 340 884
1428 547 60060 | 210 308 910 | 180 429 819
1428 1 108 | 204 306 918 | 168 504 756
1428 191 19110 | 208 240 980 | 147 546 735
1428 21 2090 | 152 440 836 | 170 323 935
1428 1 78 | 168 168 1092 | 102 663 663
1428 19 1470 | 112 336 980 | 105 441 882
1428 217 13200 | 75 528 825 | 88 240 1100
1428 79 4560 | 76 312 1040 | 70 560 798
1428 3 170 | 68 680 680 | 119 119 1190
1428 7 396 | 68 612 748 | 108 132 1188
1428 3 140 | 56 392 980 | 68 170 1190
1428 581 25740 | 60 198 1170 | 52 440 936
1428 7 306 | 68 136 1224 | 51 459 918
1428 1 42 | 51 306 1071 | 56 196 1176
1428 661 26208 | 48 288 1092 | 63 117 1248
1428 7 276 | 48 276 1104 | 51 204 1173
1428 101 3780 | 60 108 1260 | 42 630 756
1428 299 11172 | 76 78 1274 | 42 588 798
1428 2623 81900 | 63 65 1300 | 36 300 1092
1428 7 156 | 34 68 1326 | 24 468 936
1429 1429 212520 | 345 440 644 | 330 483 616
1429 133 19305 | 325 429 675 | 351 385 693
1429 11 1400 | 245 400 784 | 225 504 700
1429 587 72072 | 208 528 693 | 210 504 715
1429 103 11700 | 230 299 900 | 186 468 775
1429 1429 158340 | 182 435 812 | 195 364 870
1429 139 15015 | 175 429 825 | 221 273 935
1429 209 16536 | 104 636 689 | 106 504 819
1429 101 7700 | 99 630 700 | 154 175 1100
1429 1429 104160 | 96 465 868 | 120 224 1085
1429 5261 373065 | 95 399 935 | 90 646 693
1429 7 418 | 77 364 988 | 80 304 1045
1429 839 48195 | 85 210 1134 | 72 405 952
1429 3 140 | 60 259 1110 | 54 675 700
1429 479 14756 | 34 527 868 | 35 340 1054
1429 1429 13860 | 10 495 924 | 15 28 1386
1430 1 156 | 390 520 520 | 429 429 572
1430 1 150 | 350 450 630 | 330 550 550 | 390 390 650
1430 31 4550 | 308 550 572 | 325 455 650
1430 179 24570 | 260 540 630 | 273 455 702
1430 19 2600 | 275 440 715 | 260 520 650
1430 19 2520 | 308 330 792 | 240 560 630
1430 13 1650 | 275 330 825 | 220 550 660
1430 13 1566 | 198 594 638 | 270 290 870
1430 4 455 | 260 260 910 | 182 520 728
1430 13 1440 | 180 450 800 | 198 352 880
1430 193 20592 | 176 396 858 | 208 286 936
1430 13 1386 | 165 495 770 | 198 308 924
1430 181 18480 | 165 385 880 | 176 330 924
1430 1 100 | 150 480 800 | 195 260 975
1430 19 1800 | 180 250 1000 | 140 450 840
1430 13 1218 | 140 420 870 | 154 319 957
1430 29 2520 | 180 200 1050 | 130 364 936
1430 23 1950 | 130 325 975 | 150 240 1040
1430 1 80 | 110 440 880 | 130 260 1040
1430 23 1768 | 104 442 884 | 100 650 680
1430 403 30800 | 154 176 1100 | 100 560 770
1430 13 990 | 110 330 990 | 150 180 1100 | 99 605 726
1430 13 950 | 110 275 1045 | 100 380 950
1430 13 900 | 125 180 1125 | 88 550 792
1430 13 714 | 77 231 1122 | 70 340 1020
1430 13 672 | 66 308 1056 | 70 240 1120
1431 194 25389 | 234 546 651 | 310 315 806
1431 79 9945 | 255 357 819 | 221 495 715
1431 1 120 | 216 405 810 | 212 424 795
1431 82 9555 | 234 315 882 | 196 455 780
1431 269 28704 | 161 598 672 | 207 288 936
1431 499 49335 | 207 234 990 | 143 598 690
1431 35 2808 | 108 504 819 | 156 195 1080
1431 7 540 | 135 216 1080 | 108 378 945
1431 5 324 | 108 189 1134 | 81 540 810
1431 3221 171171 | 63 627 741 | 91 143 1197
1431 101 5301 | 66 342 1023 | 62 666 703
1431 3293 171600 | 66 325 1040 | 88 143 1200
1431 3 133 | 53 371 1007 | 63 171 1197
1431 85 3363 | 45 531 855 | 59 133 1239
1431 149 5880 | 56 150 1225 | 45 504 882
1431 353 13860 | 45 462 924 | 66 105 1260
1432 83 11700 | 312 400 720 | 275 572 585
1432 299 41888 | 272 544 616 | 322 374 736
1432 11 1512 | 312 364 756 | 280 432 720
1432 1 132 | 288 352 792 | 276 374 782
1432 523 57960 | 224 288 920 | 184 420 828
1432 59 6188 | 182 340 910 | 208 272 952
1432 899 87780 | 190 252 990 | 140 627 665
1432 53 3780 | 91 585 756 | 112 240 1080
1432 4283 294840 | 91 405 936 | 130 168 1134
1432 883 57120 | 80 672 680 | 102 210 1120
1432 19 1008 | 63 592 777 | 80 182 1170
1432 5 252 | 60 490 882 | 63 333 1036
1432 11 520 | 55 585 792 | 60 280 1092
1432 619 26208 | 72 112 1248 | 52 288 1092
1432 47 1056 | 24 704 704 | 32 80 1320
1433 691 94248 | 264 476 693 | 308 360 765
1433 353 45220 | 255 380 798 | 224 544 665
1433 31 2448 | 153 192 1088 | 119 306 1008
1433 421 23868 | 68 663 702 | 102 143 1188
1433 253 11900 | 56 425 952 | 68 175 1190
1433 3499 162792 | 76 133 1224 | 68 168 1197
1433 4337 200640 | 57 320 1056 | 55 418 960
1434 181 26334 | 330 420 684 | 342 399 693
1434 53 7560 | 312 420 702 | 336 378 720
1434 67 6930 | 180 330 924 | 154 560 720
1434 23 2310 | 154 440 840 | 156 420 858
1434 109 10230 | 132 620 682 | 165 279 990
1434 35 3102 | 126 462 846 | 165 235 1034
1434 151 11934 | 114 351 969 | 108 442 884
1434 491 38220 | 147 195 1092 | 104 490 840
1434 359 20790 | 90 189 1155 | 70 594 770
1434 811 44850 | 100 138 1196 | 69 390 975
1434 191 8694 | 54 414 966 | 84 108 1242
1435 1 147 | 315 490 630 | 308 539 588
1435 89 12600 | 280 525 630 | 315 400 720
1435 7 957 | 299 377 759 | 275 435 725
1435 509 65520 | 225 560 650 | 280 336 819
1435 1 126 | 252 364 819 | 280 315 840
1435 1 123 | 287 287 861 | 205 615 615
1435 119 14300 | 220 390 825 | 200 520 715
1435 23 1155 | 66 259 1110 | 70 210 1155
1435 2 99 | 58 594 783 | 63 294 1078
1435 37 1575 | 63 147 1225 | 55 225 1155
1435 7 253 | 55 115 1265 | 41 451 943
1436 37 5700 | 372 475 589 | 380 456 600
1436 5 756 | 378 414 644 | 336 540 560
1436 533 70840 | 253 455 728 | 280 374 782
1436 181 21216 | 204 416 816 | 221 351 864
1436 701 78540 | 240 272 924 | 175 561 700
1436 17 1872 | 176 468 792 | 240 260 936
1436 331 36036 | 182 396 858 | 220 280 936
1436 221 23650 | 176 400 860 | 215 275 946
1436 7 702 | 161 378 897 | 156 416 864
1436 37 2730 | 156 160 1120 | 105 330 1001
1436 9 560 | 105 176 1155 | 84 312 1040
1436 239 13860 | 72 440 924 | 108 140 1188
1436 43 2240 | 64 392 980 | 68 280 1088
1436 251 12480 | 60 416 960 | 64 280 1092
1436 1027 26600 | 28 608 800 | 50 56 1330
1436 131 3360 | 32 144 1260 | 28 448 960
1437 61 9282 | 392 408 637 | 357 468 612
1437 811 110880 | 315 352 770 | 264 480 693
1437 137 18669 | 294 381 762 | 254 546 637
1437 293 39816 | 264 462 711 | 252 553 632
1437 2141 240240 | 176 546 715 | 240 273 924
1437 59 6237 | 165 462 810 | 189 324 924
1437 544 36225 | 126 161 1150 | 84 525 828
1437 33 2065 | 80 413 944 | 77 590 770
1437 373 22176 | 72 672 693 | 77 352 1008
1437 101 5712 | 68 592 777 | 72 357 1008
1437 31 1560 | 65 280 1092 | 72 195 1170
1437 103 4560 | 51 570 816 | 57 240 1140
1437 359 15708 | 60 187 1190 | 51 462 924
1437 781 29925 | 45 342 1050 | 50 190 1197
1437 69 2380 | 68 74 1295 | 45 168 1224
1437 877 25080 | 33 264 1140 | 57 60 1320
1437 80 2211 | 30 670 737 | 33 198 1206
1438 73 9690 | 255 442 741 | 276 380 782
1438 997 124950 | 294 294 850 | 255 350 833
1438 251 30888 | 286 288 864 | 208 528 702
1438 89 10010 | 220 308 910 | 195 385 858
1438 89 8415 | 198 220 1020 | 136 510 792
1438 179 13860 | 108 385 945 | 112 336 990
1438 277 16065 | 108 140 1190 | 70 612 756
1438 127 7176 | 104 138 1196 | 69 481 888
1438 3 154 | 63 385 990 | 66 294 1078
1438 4429 224400 | 66 272 1100 | 60 528 850
1438 163 8190 | 63 325 1050 | 60 468 910
1438 1171 54648 | 88 108 1242 | 66 184 1188
1439 641 91800 | 300 459 680 | 312 425 702
1439 577 66528 | 189 480 770 | 224 324 891
1439 109 5940 | 108 121 1210 | 65 594 780
1439 119 6336 | 63 672 704 | 64 495 880
1439 431 16320 | 45 306 1088 | 64 100 1275
1439 911 15960 | 35 36 1368 | 19 280 1140
1440 3 476 | 420 510 510 | 448 448 544
1440 3 448 | 384 384 672 | 320 560 560
1440 1 144 | 360 360 720 | 288 576 576
1440 149 21420 | 315 425 700 | 330 396 714
1440 31 4284 | 306 378 756 | 260 585 595
1440 111 15080 | 280 406 754 | 312 348 780
1440 3 400 | 240 600 600 | 320 320 800
1440 73 8400 | 192 448 800 | 200 400 840
1440 11 1260 | 180 630 630 | 225 315 900
1440 239 27360 | 240 288 912 | 190 450 800
1440 5483 600600 | 200 330 910 | 168 572 700
1440 3 320 | 240 240 960 | 160 640 640
1440 1 96 | 144 432 864 | 160 320 960
1440 1 88 | 120 660 660 | 192 192 1056
1440 49 3960 | 108 540 792 | 120 330 990
1440 281 21840 | 120 280 1040 | 140 208 1092
1440 3 224 | 160 160 1120 | 96 672 672
1440 137 10080 | 96 504 840 | 140 180 1120
1440 47 3168 | 96 288 1056 | 88 416 936
1440 3 176 | 88 208 1144 | 108 144 1188
1440 67 3600 | 64 576 800 | 90 150 1200
1440 479 24480 | 68 252 1120 | 96 120 1224
1440 3 88 | 32 704 704 | 60 60 1320
1440 131 3840 | 32 640 768 | 40 120 1280
1441 193 27720 | 336 385 720 | 308 440 693
1441 269 36120 | 280 387 774 | 258 455 728
1441 2 255 | 220 561 660 | 234 442 765
1441 34 4275 | 225 456 760 | 285 306 850
1441 115 8008 | 91 440 910 | 143 154 1144
1441 355 24024 | 91 360 990 | 88 429 924
1441 19 1080 | 76 285 1080 | 72 370 999
1441 1 55 | 110 121 1210 | 66 550 825
1441 3 88 | 33 352 1056 | 55 66 1320
1442 721 100320 | 330 352 760 | 264 570 608
1442 37 5040 | 252 560 630 | 266 456 720
1442 541 72072 | 286 364 792 | 252 462 728
1442 251 30240 | 224 378 840 | 238 340 864
1442 103 11466 | 182 441 819 | 196 364 882
1442 1 110 | 221 286 935 | 210 308 924
1442 527 57960 | 168 630 644 | 207 315 920
1442 721 77520 | 190 340 912 | 170 456 816
1442 103 11070 | 210 287 945 | 164 540 738
1442 103 10080 | 140 630 672 | 210 224 1008
1442 721 67080 | 130 624 688 | 195 215 1032
1442 103 8496 | 144 236 1062 | 112 504 826
1442 721 49680 | 90 432 920 | 108 230 1104
1442 7 480 | 90 416 936 | 112 210 1120
1442 115 7254 | 117 155 1170 | 78 558 806
1442 11 630 | 90 182 1170 | 70 490 882
1442 43 2310 | 77 210 1155 | 70 294 1078
1442 733 23310 | 35 630 777 | 36 370 1036
1442 721 11040 | 30 32 1380 | 16 690 736
1442 1781 23562 | 14 306 1122 | 22 34 1386
1442 103 1170 | 14 63 1365 | 12 260 1170
1443 13 1980 | 385 414 644 | 360 456 627
1443 17 2520 | 312 546 585 | 360 399 684
1443 37 5280 | 288 495 660 | 312 416 715
1443 109 15015 | 299 385 759 | 273 455 715
1443 17 2331 | 333 333 777 | 259 518 666
1443 23 2964 | 234 468 741 | 228 513 702
1443 3 385 | 225 525 693 | 259 370 814 | 253 385 805
1443 1 120 | 228 360 855 | 195 624 624
1443 821 94185 | 195 420 828 | 234 299 910
1443 18 2015 | 182 455 806 | 234 279 930
1443 151 16758 | 224 288 931 | 171 588 684
1443 481 51408 | 189 336 918 | 168 459 816
1443 3 304 | 208 247 988 | 148 592 703
1443 481 45315 | 171 265 1007 | 135 513 795
1443 143 12600 | 133 360 950 | 168 225 1050
1443 13 1080 | 165 198 1080 | 120 378 945
1443 47 3696 | 112 363 968 | 143 208 1092
1443 13 924 | 90 660 693 | 99 336 1008
1443 37 2340 | 78 585 780 | 117 156 1170
1443 169 10395 | 99 189 1155 | 75 675 693
1443 82 4851 | 108 147 1188 | 99 168 1176
1443 18 935 | 68 275 1100 | 99 120 1224
1443 481 15708 | 36 693 714 | 66 68 1309
1443 481 8208 | 18 513 912 | 27 48 1368
1444 25 3808 | 340 544 560 | 352 476 616
1444 1 144 | 288 544 612 | 304 456 684
1444 29 3864 | 240 560 644 | 248 483 713
1444 361 45760 | 220 520 704 | 260 352 832
1444 55 6716 | 276 292 876 | 219 420 805
1444 31 3744 | 234 352 858 | 272 288 884
1444 19 1800 | 152 342 950 | 144 400 900
1444 239 22610 | 152 340 952 | 133 646 665
1444 197 17136 | 144 280 1020 | 119 560 765
1444 1 84 | 114 532 798 | 152 228 1064
1444 83 6552 | 144 208 1092 | 105 520 819
1444 59 4466 | 110 319 1015 | 133 209 1102
1444 173 12012 | 91 429 924 | 132 168 1144
1444 5 252 | 76 171 1197 | 72 196 1176
1444 2117 94248 | 68 144 1232 | 66 154 1224
1444 17 572 | 40 260 1144 | 38 418 988
1444 85 2772 | 44 140 1260 | 36 616 792
1444 19 426 | 38 57 1349 | 24 568 852
1444 361 5440 | 20 64 1360 | 16 340 1088
1444 751 9240 | 14 110 1320 | 18 40 1386
1445 773 116025 | 357 425 663 | 325 525 595
1445 439 61425 | 325 364 756 | 270 525 650
1445 181 25025 | 275 455 715 | 325 350 770
1445 1 120 | 220 385 840 | 195 600 650
1445 61 6825 | 210 325 910 | 195 375 875
1445 569 46872 | 155 210 1080 | 112 496 837
1445 11 595 | 85 170 1190 | 68 357 1020
1445 341 17680 | 65 340 1040 | 68 272 1105
1445 27 1040 | 45 360 1040 | 50 195 1200
1446 89 13566 | 380 420 646 | 357 462 627
1446 1 144 | 312 432 702 | 330 396 720
1446 47 6615 | 270 588 588 | 294 432 720
1446 241 32604 | 247 572 627 | 312 342 792
1446 17 2160 | 234 432 780 | 270 336 840
1446 703 89040 | 224 480 742 | 280 318 848
1446 127 15288 | 252 312 882 | 196 600 650
1446 49 5304 | 204 306 936 | 221 273 952
1446 23 2160 | 132 594 720 | 168 270 1008
1446 383 34650 | 198 198 1050 | 126 550 770
1446 1013 88920 | 130 380 936 | 120 585 741
1446 5039 414960 | 133 273 1040 | 112 494 840
1446 7453 600600 | 154 200 1092 | 120 325 1001
1446 39 3080 | 135 231 1080 | 104 572 770
1446 197 15120 | 104 432 910 | 126 240 1080
1446 521 39270 | 102 420 924 | 154 170 1122
1446 279 20384 | 96 468 882 | 130 196 1120
1446 241 13110 | 69 342 1035 | 76 230 1140
1446 241 12870 | 78 198 1170 | 66 390 990
1446 241 12150 | 60 486 900 | 81 150 1215
1446 241 10710 | 84 102 1260 | 51 630 765
1446 85 3381 | 48 294 1104 | 46 420 980
1446 241 9030 | 70 86 1290 | 42 630 774
1446 241 7830 | 54 87 1305 | 36 540 870
1446 2333 52200 | 25 261 1160 | 24 522 900
1447 19 2860 | 325 550 572 | 364 418 665
1447 1613 172040 | 176 391 880 | 187 340 920
1447 799 46800 | 117 130 1200 | 75 364 1008
1447 113 6380 | 116 121 1210 | 70 420 957
1447 17 855 | 95 117 1235 | 75 175 1197
1447 1283 45045 | 39 693 715 | 55 105 1287
1448 101 14820 | 315 468 665 | 304 520 624
1448 143 20440 | 280 584 584 | 292 476 680
1448 289 40040 | 260 572 616 | 280 440 728
1448 181 23408 | 224 608 616 | 304 308 836
1448 37 4760 | 238 440 770 | 224 544 680
1448 19 2340 | 208 520 720 | 230 390 828
1448 4787 576576 | 208 448 792 | 198 546 704
1448 365 42636 | 190 510 748 | 264 272 912
1448 235 26928 | 198 400 850 | 252 272 924
1448 181 19950 | 200 336 912 | 175 475 798
1448 13 1344 | 168 384 896 | 160 448 840
1448 71 5280 | 112 280 1056 | 96 572 780
1448 137 9880 | 104 304 1040 | 152 156 1140
1448 7 480 | 96 312 1040 | 88 480 880
1448 467 31416 | 84 616 748 | 88 408 952
1448 737 46800 | 78 650 720 | 80 468 900
1448 17 1056 | 96 208 1144 | 84 308 1056
1448 89 5320 | 80 304 1064 | 76 392 980
1448 521 30888 | 88 216 1144 | 104 156 1188
1448 181 10710 | 105 153 1190 | 72 560 816
1448 5 156 | 44 117 1287 | 40 160 1248
1449 3 475 | 399 525 525 | 437 437 575
1449 17 2520 | 315 504 630 | 360 396 693
1449 1 140 | 315 378 756 | 294 420 735 | 276 483 690
1449 31 4095 | 315 315 819 | 234 585 630
1449 37 4788 | 252 399 798 | 266 364 819
1449 24 2975 | 210 525 714 | 224 425 800
1449 24 2821 | 217 364 868 | 189 558 702
1449 13 1512 | 184 621 644 | 189 504 756
1449 347 37800 | 189 360 900 | 168 525 756
1449 1 105 | 161 483 805 | 189 315 945
1449 21 2024 | 138 552 759 | 184 253 1012
1449 413 39780 | 153 360 936 | 195 234 1020
1449 5 462 | 140 385 924 | 161 276 1012
1449 188 15015 | 105 616 728 | 110 429 910
1449 131 9639 | 153 162 1134 | 105 324 1020
1449 35 2376 | 96 297 1056 | 99 270 1080
1449 3 200 | 84 525 840 | 115 184 1150
1449 61 3564 | 99 162 1188 | 84 231 1134
1449 7 408 | 92 184 1173 | 72 459 918
1449 29 1680 | 72 432 945 | 80 259 1110
1449 19 75 | 4 425 1020 | 5 19 1425
1450 1 154 | 350 550 550 | 406 406 638
1450 223 30940 | 260 595 595 | 280 442 728
1450 173 22050 | 225 490 735 | 294 306 850
1450 1 120 | 240 330 880 | 200 500 750 | 232 348 870
1450 19 2250 | 225 350 875 | 250 300 900
1450 31 3640 | 190 532 728 | 260 280 910
1450 1 100 | 200 250 1000 | 145 580 725
1450 11 1092 | 208 234 1008 | 175 300 975
1450 23 1760 | 100 550 800 | 154 176 1120
1450 169 10780 | 120 154 1176 | 80 490 880
1450 2399 147560 | 85 280 1085 | 124 136 1190
1450 263 15600 | 75 400 975 | 120 130 1200
1450 241 12960 | 64 576 810 | 81 185 1184
1450 167 8294 | 78 154 1218 | 58 638 754
1450 1 42 | 78 98 1274 | 58 174 1218 | 50 350 1050
1450 1591 52360 | 40 220 1190 | 56 85 1309
1450 337 10920 | 36 504 910 | 42 160 1248
1451 629 70200 | 200 351 900 | 175 520 756
1451 4013 365400 | 126 600 725 | 175 232 1044
1451 167 14364 | 126 380 945 | 140 285 1026
1452 157 23760 | 330 528 594 | 360 432 660
1452 17 2340 | 255 585 612 | 312 360 780
1452 163 22176 | 308 352 792 | 252 528 672
1452 1 132 | 264 396 792 | 242 484 726
1452 311 37620 | 198 570 684 | 220 396 836
1452 191 20790 | 165 594 693 | 210 297 945
1452 37 3960 | 165 495 792 | 176 396 880
1452 41 4320 | 168 420 864 | 162 480 810
1452 911 87360 | 156 336 960 | 140 480 832
1452 47 4284 | 126 612 714 | 140 360 952
1452 45 4004 | 126 468 858 | 143 308 1001
1452 419 36960 | 120 660 672 | 165 231 1056
1452 13 1110 | 136 296 1020 | 120 444 888
1452 43 3300 | 100 572 780 | 132 220 1100
1452 5 378 | 120 252 1080 | 108 336 1008
1452 419 27132 | 102 210 1140 | 84 399 969
1452 79 5040 | 80 490 882 | 84 360 1008
1452 37 2310 | 99 198 1155 | 77 550 825
1452 19 1170 | 80 364 1008 | 75 675 702
1452 421 25200 | 126 126 1200 | 75 432 945
1452 509 28050 | 66 561 825 | 75 255 1122
1452 17 924 | 77 220 1155 | 66 462 924
1452 3643 135240 | 46 230 1176 | 42 490 920
1453 50 6831 | 253 540 660 | 297 374 782
1453 61 7293 | 221 374 858 | 208 429 816
1453 2 231 | 253 276 924 | 238 297 918
1453 181 20520 | 180 513 760 | 247 270 936
1453 37 3696 | 161 368 924 | 144 616 693
1453 319 30940 | 154 364 935 | 195 238 1020
1453 589 55440 | 144 385 924 | 165 280 1008
1453 11 728 | 88 364 1001 | 84 481 888
1453 59 3780 | 91 270 1092 | 84 370 999
1453 23 1419 | 77 473 903 | 78 429 946
1453 8 459 | 81 238 1134 | 78 270 1105
1453 1453 44460 | 38 180 1235 | 36 247 1170
1453 1543 32200 | 23 280 1150 | 25 140 1288
1454 5 792 | 429 440 585 | 396 506 552
1454 167 24640 | 320 462 672 | 350 400 704
1454 727 102258 | 299 414 741 | 276 494 684
1454 221 24640 | 210 320 924 | 182 440 832
1454 7129 709920 | 180 288 986 | 145 544 765
1454 17957 1485120 | 156 210 1088 | 112 510 832
1454 1213 98280 | 140 234 1080 | 112 432 910
1454 727 51480 | 130 180 1144 | 90 572 792
1454 83 5610 | 90 374 990 | 85 555 814
1454 307 16830 | 68 396 990 | 110 120 1224
1454 727 19140 | 30 264 1160 | 33 145 1276
1454 1363 18200 | 14 400 1040 | 26 28 1400
1454 41 360 | 9 680 765 | 10 76 1368
1455 83 11760 | 272 588 595 | 294 441 720
1455 97 13392 | 270 465 720 | 279 432 744
1455 1187 157605 | 237 553 665 | 266 399 790
1455 1 132 | 300 330 825 | 240 495 720
1455 97 12600 | 225 600 630 | 300 315 840
1455 9 1144 | 234 429 792 | 220 520 715
1455 97 11544 | 234 333 888 | 195 520 740
1455 97 10488 | 190 345 920 | 171 456 828
1455 97 10200 | 165 440 850 | 208 272 975
1455 17 1764 | 153 588 714 | 220 245 990
1455 157 16275 | 175 350 930 | 155 525 775
1455 74 6825 | 175 240 1040 | 195 210 1050
1455 1 80 | 105 630 720 | 135 240 1080
1455 263 21000 | 125 280 1050 | 105 600 750
1455 9 700 | 160 175 1120 | 105 450 900
1455 89 5712 | 91 272 1092 | 80 525 850
1455 97 6000 | 90 240 1125 | 80 375 1000
1455 37 2223 | 78 351 1026 | 95 190 1170
1455 97 3096 | 45 120 1290 | 36 387 1032
1455 331 7560 | 27 168 1260 | 25 350 1080
1456 1 160 | 448 448 560 | 416 520 520
1456 1 156 | 364 546 546 | 416 416 624
1456 257 40040 | 385 455 616 | 364 520 572
1456 7 1080 | 384 432 640 | 351 520 585
1456 7 1012 | 286 572 598 | 352 368 736
1456 79 10920 | 312 364 780 | 273 455 728
1456 13 1728 | 256 432 768 | 252 448 756
1456 13 1680 | 224 560 672 | 280 336 840
1456 119 15314 | 247 403 806 | 221 589 646
1456 221 27720 | 210 616 630 | 217 495 744
1456 13 1548 | 252 301 903 | 192 576 688
1456 13 1540 | 260 286 910 | 224 352 880 | 196 490 770
1456 91 10440 | 240 288 928 | 180 580 696
1456 7 792 | 234 286 936 | 176 576 704
1456 67 7392 | 168 616 672 | 182 416 858
1456 17 1820 | 182 364 910 | 160 624 672
1456 3 320 | 168 448 840 | 160 576 720
1456 13 1320 | 154 462 840 | 176 320 960
1456 1033 94248 | 136 396 924 | 126 616 714
1456 83 7448 | 133 392 931 | 196 196 1064
1456 373 31920 | 152 240 1064 | 133 315 1008
1456 1 84 | 182 182 1092 | 112 672 672
1456 91 6696 | 96 496 864 | 124 216 1116
1456 1 70 | 112 224 1120 | 91 455 910
1456 91 6336 | 128 176 1152 | 88 576 792
1456 49 3344 | 88 456 912 | 96 304 1056
1456 13 840 | 96 240 1120 | 84 392 980
1456 91 4896 | 64 576 816 | 96 136 1224
1456 13 600 | 64 192 1200 | 56 350 1050
1456 91 3840 | 48 640 768 | 80 96 1280
1456 13 528 | 56 168 1232 | 48 352 1056
1456 1121 45080 | 49 280 1127 | 46 490 920
1456 91 2556 | 36 142 1278 | 32 288 1136
1456 809 18900 | 36 70 1350 | 25 675 756
1457 121 18972 | 403 442 612 | 372 527 558
1457 29 4488 | 352 544 561 | 374 456 627
1457 71 10640 | 368 399 690 | 336 456 665
1457 11 1560 | 310 403 744 | 273 560 624
1457 25 3458 | 273 456 728 | 260 532 665
1457 554 76153 | 301 374 782 | 253 602 602
1457 368 45675 | 210 522 725 | 225 420 812
1457 5 616 | 203 616 638 | 248 341 868
1457 5 564 | 188 423 846 | 235 282 940
1457 617 67320 | 165 612 680 | 170 495 792
1457 1 105 | 155 651 651 | 235 235 987
1457 17 1729 | 161 399 897 | 209 247 1001
1457 59 4725 | 112 400 945 | 105 650 702
1457 1 63 | 80 432 945 | 105 182 1170
1457 838 45045 | 77 210 1170 | 65 468 924
1457 1207 15015 | 15 77 1365 | 13 399 1045
1458 1009 143640 | 342 360 756 | 280 513 665
1458 185 25542 | 297 387 774 | 258 540 660
1458 859 98280 | 182 520 756 | 252 270 936
1458 251 27720 | 168 630 660 | 216 297 945
1458 1 108 | 162 648 648 | 243 243 972
1458 5 528 | 170 408 880 | 208 275 975
1458 29 2970 | 198 270 990 | 162 405 891
1458 221 18810 | 114 660 684 | 135 297 1026
1458 311 4158 | 18 54 1386 | 14 418 1026
1458 11 138 | 14 133 1311 | 13 663 782
1459 1459 185640 | 255 364 840 | 221 510 728
1459 1147 140448 | 209 480 770 | 224 399 836
1459 937 65835 | 133 171 1155 | 99 315 1045
1459 2 135 | 84 675 700 | 90 370 999
1459 10 667 | 115 184 1160 | 87 406 966
1459 1459 51480 | 40 429 990 | 52 120 1287
1459 221 7740 | 52 117 1290 | 40 387 1032
1459 86 1155 | 18 55 1386 | 14 510 935
1459 8 105 | 15 114 1330 | 14 255 1190
1460 73 11550 | 420 440 600 | 385 525 550
1460 71 10560 | 320 480 660 | 360 396 704
1460 37 5472 | 315 480 665 | 304 544 612
1460 31 4560 | 304 510 646 | 360 380 720
1460 1 146 | 292 584 584 | 365 365 730
1460 1277 179550 | 304 400 756 | 270 525 665
1460 269 37440 | 260 576 624 | 320 360 780
1460 307 41580 | 264 440 756 | 270 420 770
1460 59 7840 | 260 416 784 | 245 480 735
1460 3 350 | 200 420 840 | 210 375 875
1460 11 1260 | 210 350 900 | 180 560 720
1460 2 225 | 180 480 800 | 200 360 900
1460 73 7980 | 168 532 760 | 210 300 950
1460 809 73920 | 126 630 704 | 132 448 880
1460 31 2772 | 140 330 990 | 144 308 1008
1460 103 9030 | 129 385 946 | 175 210 1075
1460 73 6032 | 116 416 928 | 130 290 1040
1460 107 8800 | 160 200 1100 | 110 550 800
1460 37 3024 | 108 624 728 | 140 240 1080
1460 451 36540 | 108 540 812 | 126 290 1044
1460 73 5600 | 140 200 1120 | 100 560 800
1460 509 36960 | 120 220 1120 | 96 440 924
1460 3799 269100 | 130 180 1150 | 92 468 900
1460 83 5610 | 88 420 952 | 85 550 825
1460 311 20592 | 90 330 1040 | 88 364 1008
1460 73 4736 | 128 148 1184 | 80 640 740
1460 251 14560 | 91 185 1184 | 80 260 1120
1460 1577 88740 | 68 522 870 | 116 120 1224
1460 3 164 | 66 492 902 | 65 615 780
1460 73 3224 | 65 155 1240 | 52 416 992
1460 43 1680 | 50 210 1200 | 56 144 1260
1460 377 11970 | 36 360 1064 | 35 570 855
1460 1663 45600 | 30 480 950 | 32 228 1200
1460 1403 37800 | 54 56 1350 | 30 350 1080
1461 479 73899 | 357 483 621 | 378 437 646
1461 2 297 | 306 561 594 | 336 432 693
1461 122 14595 | 273 278 910 | 210 417 834
1461 29 3024 | 171 378 912 | 180 336 945
1461 16 1365 | 117 504 840 | 130 330 1001
1461 353 27300 | 130 231 1100 | 108 378 975
1461 487 34272 | 102 288 1071 | 96 357 1008
1461 43 2898 | 84 621 756 | 92 333 1036
1461 487 32340 | 110 196 1155 | 84 495 882
1461 457 26400 | 75 330 1056 | 96 165 1200
1461 487 22680 | 54 567 840 | 81 120 1260
1461 971 41580 | 54 252 1155 | 66 135 1260
1461 487 13020 | 30 315 1116 | 35 124 1302
1461 29 444 | 18 111 1332 | 16 629 816
1462 151 21420 | 272 560 630 | 340 357 765
1462 13 1806 | 301 387 774 | 258 602 602
1462 8 1071 | 252 462 748 | 238 612 612
1462 853 113850 | 315 322 825 | 253 450 759
1462 43 5640 | 255 408 799 | 240 470 752
1462 43 5220 | 232 360 870 | 204 493 765
1462 1 112 | 182 448 832 | 238 272 952 | 172 602 688
1462 89 8568 | 153 357 952 | 136 612 714
1462 43 4080 | 170 272 1020 | 136 510 816
1462 1403 117936 | 162 208 1092 | 112 648 702
1462 43 3366 | 102 612 748 | 153 187 1122
1462 13 880 | 110 208 1144 | 85 561 816
1462 107 6930 | 110 182 1170 | 90 294 1078
1462 37 2380 | 136 136 1190 | 85 357 1020
1462 1619 94050 | 75 342 1045 | 72 440 950
1462 89 4158 | 55 462 945 | 54 616 792
1462 181 8190 | 90 98 1274 | 52 630 780
1462 111 2200 | 22 240 1200 | 21 616 825
1463 133 21320 | 410 520 533 | 440 451 572
1463 1 140 | 280 455 728 | 266 532 665 | 308 385 770
1463 19 2652 | 273 476 714 | 286 429 748
1463 7 816 | 228 323 912 | 187 528 748
1463 433 47880 | 171 532 760 | 168 630 665
1463 19 1872 | 171 304 988 | 182 273 1008 | 143 528 792
1463 47 4620 | 140 630 693 | 154 385 924
1463 1 95 | 209 209 1045 | 133 665 665
1463 7 660 | 190 228 1045 | 132 605 726
1463 43 4004 | 133 494 836 | 154 308 1001
1463 19 1365 | 91 637 735 | 143 165 1155
1463 2869 203112 | 91 504 868 | 93 434 936
1463 1 63 | 77 693 693 | 133 133 1197
1463 7 440 | 77 616 770 | 88 275 1100
1463 79 4752 | 77 378 1008 | 99 176 1188
1463 133 7704 | 88 198 1177 | 72 428 963
1463 71 2145 | 35 273 1155 | 33 715 715
1463 133 3960 | 33 440 990 | 44 99 1320
1463 19 492 | 28 574 861 | 44 66 1353
1463 53 1320 | 33 110 1320 | 28 280 1155
1464 11 1740 | 400 464 600 | 420 435 609
1464 61 9240 | 330 504 630 | 352 440 672
1464 3 440 | 305 488 671 | 308 476 680 | 320 440 704
1464 1139 155496 | 264 456 744 | 248 589 627
1464 61 8160 | 288 360 816 | 240 544 680
1464 11 1404 | 216 624 624 | 288 312 864
1464 95 12096 | 280 320 864 | 216 576 672
1464 251 29640 | 190 546 728 | 240 312 912
1464 177 20020 | 176 560 728 | 221 308 935
1464 61 6720 | 168 576 720 | 224 280 960
1464 17 1848 | 204 308 952 | 168 504 792
1464 443 44352 | 192 264 1008 | 144 616 704
1464 61 5814 | 144 408 912 | 153 342 969
1464 29 2520 | 120 504 840 | 168 216 1080
1464 221 18480 | 112 572 780 | 126 330 1008
1464 27 2128 | 112 364 988 | 114 342 1008
1464 73 5472 | 112 288 1064 | 96 684 684
1464 61 4560 | 144 180 1140 | 96 608 760
1464 139 10296 | 99 429 936 | 144 176 1144
1464 23 1680 | 120 224 1120 | 112 260 1092
1464 29 1800 | 78 450 936 | 120 144 1200
1464 183 11180 | 80 344 1040 | 86 260 1118
1464 61 3120 | 96 120 1248 | 60 624 780
1464 17 864 | 60 540 864 | 64 320 1080
1464 61 2574 | 78 99 1287 | 48 624 792
1465 1 156 | 360 520 585 | 377 464 624
1465 59 6552 | 207 322 936 | 195 360 910
1465 53 3780 | 90 675 700 | 105 280 1080
1465 31 1980 | 88 297 1080 | 90 275 1100
1465 2633 166320 | 80 440 945 | 112 165 1188
1465 6857 371280 | 68 357 1040 | 80 195 1190
1465 883 27720 | 35 440 990 | 40 165 1260
1466 647 102102 | 408 442 616 | 374 546 546
1466 25 3276 | 234 504 728 | 245 441 780
1466 293 38038 | 231 494 741 | 266 364 836
1466 67 8580 | 231 455 780 | 234 440 792
1466 1751 180400 | 150 656 660 | 164 400 902
1466 733 68628 | 133 516 817 | 168 266 1032
1466 1171 105336 | 126 504 836 | 171 231 1064
1466 31 2145 | 88 520 858 | 90 440 936
1466 733 26220 | 60 95 1311 | 40 552 874
1466 65 2232 | 40 310 1116 | 38 684 744
1466 103 3330 | 45 126 1295 | 60 74 1332
1466 71 1386 | 21 374 1071 | 36 44 1386
1466 17 330 | 35 45 1386 | 22 190 1254
1467 163 26220 | 414 513 540 | 437 460 570
1467 489 72488 | 328 442 697 | 312 492 663
1467 11 1512 | 252 567 648 | 297 378 792
1467 31 4095 | 312 315 840 | 270 378 819
1467 61 7812 | 217 620 630 | 252 378 837
1467 1933 219240 | 232 290 945 | 180 504 783
1467 163 15345 | 165 279 1023 | 135 495 837
1467 311 19437 | 95 217 1155 | 102 187 1178
1467 112 4485 | 75 92 1300 | 46 455 966
1467 489 18088 | 42 456 969 | 56 119 1292
1467 489 7888 | 17 464 986 | 24 51 1392
1468 367 57330 | 390 441 637 | 360 520 588
1468 17 2310 | 280 396 792 | 285 385 798
1468 5881 792540 | 259 444 765 | 252 476 740
1468 179 23940 | 252 456 760 | 285 364 819
1468 157 20020 | 220 520 728 | 247 385 836
1468 18793 2351440 | 208 595 665 | 280 304 884
1468 227 25740 | 220 312 936 | 176 572 720
1468 5 546 | 204 312 952 | 168 520 780
1468 8 819 | 168 364 936 | 208 252 1008
1468 457 45240 | 145 504 819 | 170 312 986
1468 787 64260 | 136 252 1080 | 108 595 765
1468 41 3290 | 160 188 1120 | 105 658 705
1468 367 29016 | 144 208 1116 | 104 558 806
1468 163 12180 | 116 260 1092 | 105 348 1015
1468 709 50830 | 110 253 1105 | 91 595 782
1468 79 5642 | 93 465 910 | 91 558 819
1468 307 21450 | 88 600 780 | 104 264 1100
1468 1627 87516 | 65 468 935 | 88 156 1224
1468 47 2496 | 68 312 1088 | 64 468 936
1468 367 18720 | 90 130 1248 | 60 576 832
1468 37 1560 | 60 160 1248 | 51 312 1105
1468 181 7268 | 46 474 948 | 48 316 1104
1468 3 64 | 28 96 1344 | 24 228 1216
1469 617 72540 | 260 279 930 | 195 468 806
1469 271 31304 | 215 344 910 | 182 559 728
1469 29 3276 | 189 416 864 | 182 468 819
1469 1681 160160 | 143 416 910 | 160 308 1001
1469 103 7800 | 104 390 975 | 100 481 888
1469 107 8008 | 104 364 1001 | 143 182 1144
1469 7813 547400 | 92 425 952 | 119 200 1150
1469 13 800 | 100 185 1184 | 78 416 975
1469 331 10764 | 39 234 1196 | 44 138 1287
1470 49 7590 | 396 414 660 | 345 550 575
1470 7 1056 | 330 480 660 | 336 462 672
1470 1 150 | 350 420 700 | 315 525 630
1470 1 144 | 336 378 756 | 280 560 630 | 300 450 720
1470 7 990 | 315 385 770 | 270 540 660
1470 73 10296 | 273 504 693 | 330 360 780
1470 7 975 | 300 390 780 | 260 550 660
1470 23 3192 | 336 336 798 | 273 456 741
1470 7 918 | 238 476 756 | 255 405 810
1470 1 126 | 294 294 882 | 210 630 630
1470 3 364 | 196 637 637 | 280 280 910
1470 3 340 | 238 280 952 | 175 595 700
1470 7 774 | 189 378 903 | 180 430 860
1470 289 31122 | 180 380 910 | 162 567 741
1470 7 744 | 168 434 868 | 180 360 930
1470 21 2200 | 220 250 1000 | 154 616 700
1470 147 15136 | 160 430 880 | 172 352 946
1470 7 720 | 210 252 1008 | 150 600 720
1470 49 4950 | 180 300 990 | 150 495 825
1470 659 65520 | 182 280 1008 | 144 546 780
1470 16 1575 | 140 630 700 | 150 420 900
1470 49 4692 | 180 255 1035 | 136 552 782
1470 59 5220 | 140 315 1015 | 174 216 1080
1470 301 26400 | 120 550 800 | 150 264 1056
1470 7 600 | 140 280 1050 | 120 450 900
1470 2 165 | 150 220 1100 | 120 360 990
1470 53 4200 | 105 525 840 | 120 300 1050
1470 1 78 | 126 252 1092 | 105 455 910
1470 7 540 | 120 270 1080 | 105 420 945
1470 473 36288 | 105 405 960 | 144 192 1134
1470 91 6270 | 95 330 1045 | 110 220 1140
1470 1 66 | 84 462 924 | 105 210 1155
1470 19 1200 | 120 150 1200 | 84 336 1050
1470 49 2376 | 66 216 1188 | 60 330 1080
1470 257 9240 | 66 84 1320 | 40 660 770
1470 49 1350 | 30 540 900 | 45 75 1350
1470 7 192 | 42 84 1344 | 30 480 960
1470 7 138 | 21 483 966 | 30 60 1380
1471 709 108460 | 330 561 580 | 340 493 638
1471 23 3465 | 319 522 630 | 315 561 595
1471 589 72864 | 286 288 897 | 207 528 736
1471 53 6188 | 196 442 833 | 221 340 910
1471 263 27360 | 195 288 988 | 160 456 855
1471 1471 147420 | 162 364 945 | 156 405 910
1471 1333 129195 | 162 319 990 | 145 435 891
1471 1471 130200 | 186 200 1085 | 120 651 700
1471 787 59052 | 96 672 703 | 111 296 1064
1471 304 21385 | 94 390 987 | 91 470 910
1471 79 5280 | 99 252 1120 | 96 275 1100
1471 1471 78540 | 66 385 1020 | 77 204 1190
1471 368 4935 | 15 140 1316 | 14 470 987
1472 73 10656 | 296 504 672 | 288 592 592
1472 5 672 | 256 448 768 | 240 560 672
1472 131 16432 | 272 316 884 | 208 632 632
1472 1457 182700 | 225 435 812 | 252 350 870
1472 85 10656 | 288 296 888 | 222 450 800
1472 1 120 | 276 276 920 | 198 504 770 | 192 640 640
1472 11 1288 | 184 644 644 | 230 322 920
1472 73 8280 | 207 345 920 | 184 460 828
1472 1 112 | 192 384 896 | 176 504 792
1472 7 690 | 207 230 1035 | 161 345 966
1472 25 2464 | 176 288 1008 | 140 660 672
1472 19 1760 | 128 640 704 | 176 240 1056
1472 11 960 | 120 520 832 | 128 384 960
1472 1 80 | 120 312 1040 | 138 230 1104
1472 1 72 | 128 192 1152 | 92 552 828
1472 71 3600 | 100 112 1260 | 72 200 1200
1472 1471 19740 | 20 42 1410 | 15 141 1316
1473 2 273 | 285 390 798 | 273 420 780
1473 461 48048 | 231 234 1008 | 208 264 1001
1473 3281 326040 | 171 312 990 | 143 570 760
1473 443 24219 | 69 351 1053 | 65 598 810
1473 249 13585 | 95 143 1235 | 65 572 836
1473 163 8736 | 105 120 1248 | 65 448 960
1474 67 10608 | 374 528 572 | 408 442 624
1474 5 728 | 286 572 616 | 322 416 736
1474 67 8470 | 242 385 847 | 220 484 770
1474 67 6958 | 154 539 781 | 196 284 994
1474 683 65520 | 182 252 1040 | 144 420 910
1474 23 2052 | 124 513 837 | 144 304 1026
1474 1759 152880 | 140 294 1040 | 117 637 720
1474 67 5700 | 165 209 1100 | 114 600 760
1474 19 1456 | 154 176 1144 | 130 224 1120
1474 1 70 | 105 259 1110 | 88 616 770
1474 181 11700 | 104 200 1170 | 130 144 1200
1474 79 3060 | 50 200 1224 | 44 495 935
1474 1163 31280 | 46 68 1360 | 30 340 1104
1474 383 4080 | 12 102 1360 | 11 528 935
1475 4 495 | 275 300 900 | 210 495 770
1475 13 1575 | 225 375 875 | 195 630 650
1475 839 82800 | 144 506 825 | 200 240 1035
1475 953 88920 | 140 399 936 | 130 585 760
1475 29 780 | 30 340 1105 | 32 195 1248
1476 37 5940 | 420 462 594 | 396 540 540
1476 3 410 | 246 615 615 | 328 328 820
1476 3 400 | 260 416 800 | 300 336 840
1476 1 126 | 216 504 756 | 246 369 861
1476 3 328 | 246 246 984 | 164 656 656
1476 177 17710 | 184 280 1012 | 165 345 966
1476 97 9108 | 132 552 792 | 165 276 1035
1476 25 2268 | 144 324 1008 | 126 540 810
1476 1 90 | 180 216 1080 | 123 615 738
1476 111 8800 | 104 572 800 | 120 300 1056
1476 257 16632 | 112 176 1188 | 81 504 891
1476 1123 63648 | 96 156 1224 | 68 576 832
1476 53 2400 | 52 624 800 | 56 300 1120
1476 843 22880 | 30 390 1056 | 32 209 1235
1476 13 288 | 24 396 1056 | 32 76 1368
1477 211 34320 | 429 520 528 | 455 462 560
1477 3593 521136 | 288 517 672 | 329 396 752
1477 13 1764 | 294 364 819 | 252 490 735
1477 16 1617 | 182 294 1001 | 154 441 882
1477 1061 105560 | 182 280 1015 | 145 520 812
1477 51 3640 | 105 280 1092 | 91 546 840
1477 26 1485 | 70 462 945 | 85 204 1188
1477 211 10192 | 56 637 784 | 91 112 1274
1477 7 160 | 32 85 1360 | 25 352 1100
1478 1097 170280 | 344 540 594 | 360 473 645
1478 23 3360 | 322 420 736 | 288 560 630
1478 143 20385 | 270 604 604 | 302 420 756
1478 739 95312 | 224 518 736 | 259 368 851
1478 401 51480 | 260 360 858 | 231 455 792
1478 41 5005 | 200 550 728 | 260 308 910
1478 43 4950 | 204 374 900 | 198 400 880
1478 53 5460 | 150 600 728 | 161 420 897
1478 1 70 | 126 182 1170 | 92 420 966
1478 373 24794 | 98 253 1127 | 92 308 1078
1478 2257 131040 | 84 224 1170 | 70 576 832
1478 4 225 | 68 510 900 | 70 400 1008
1479 1 156 | 408 408 663 | 390 429 660
1479 125 17136 | 255 504 720 | 306 357 816
1479 1 135 | 261 435 783 | 255 459 765
1479 181 24024 | 264 396 819 | 231 624 624
1479 2479 327600 | 260 400 819 | 234 525 720
1479 23 2856 | 204 595 680 | 210 504 765
1479 27 3325 | 225 399 855 | 203 551 725
1479 569 68376 | 198 504 777 | 259 296 924
1479 3 352 | 187 544 748 | 232 319 928
1479 45 5032 | 170 629 680 | 221 296 962
1479 9 935 | 170 374 935 | 153 561 765
1479 53 5460 | 165 390 924 | 221 238 1020
1479 11 1020 | 153 306 1020 | 145 348 986
1479 61 5355 | 153 255 1071 | 119 595 765
1479 2 165 | 135 264 1080 | 170 187 1122 | 110 555 814
1479 83 6732 | 153 204 1122 | 114 396 969
1479 1231 98280 | 104 675 700 | 126 273 1080
1479 16 1155 | 110 259 1110 | 126 198 1155
1479 3 205 | 85 697 697 | 145 145 1189
1479 11 744 | 84 651 744 | 99 264 1116
1479 41 2700 | 84 450 945 | 135 144 1200
1479 1 60 | 87 232 1160 | 110 148 1221
1479 1201 46200 | 48 231 1200 | 75 84 1320
1479 49 1716 | 48 144 1287 | 55 104 1320
1479 55 1377 | 51 51 1377 | 27 561 891
1480 37 5928 | 390 520 570 | 416 456 608
1480 1 148 | 296 592 592 | 370 370 740
1480 47 6840 | 360 360 760 | 304 456 720
1480 577 83160 | 280 540 660 | 297 455 728
1480 53 7140 | 238 612 630 | 240 560 680
1480 37 4752 | 264 352 864 | 220 540 720
1480 1 120 | 200 480 800 | 222 370 888
1480 37 4416 | 192 552 736 | 240 320 920
1480 11 1200 | 180 400 900 | 200 320 960
1480 101 10250 | 205 250 1025 | 154 451 875
1480 1679 168606 | 145 570 765 | 171 323 986
1480 13 1152 | 128 416 936 | 120 640 720
1480 97 8568 | 120 595 765 | 136 336 1008
1480 47 3780 | 105 675 700 | 108 490 882
1480 97 7560 | 120 280 1080 | 108 392 980
1480 37 2730 | 104 336 1040 | 105 325 1050
1480 769 52360 | 88 440 952 | 136 154 1190
1480 37 2400 | 80 600 800 | 120 160 1200
1480 7 396 | 70 420 990 | 72 352 1056
1480 37 1476 | 72 96 1312 | 45 615 820
1480 1 36 | 74 74 1332 | 40 720 720
1480 89 3200 | 52 128 1300 | 40 640 800
1480 37 1300 | 40 400 1040 | 50 130 1300
1480 79 2520 | 40 180 1260 | 36 380 1064 | 35 680 765
1480 23 560 | 28 220 1232 | 35 85 1360
1481 29 4680 | 403 520 558 | 416 480 585
1481 61 8645 | 266 585 630 | 285 455 741
1481 17 2385 | 315 371 795 | 260 585 636
1481 1 84 | 112 592 777 | 150 231 1100
1481 17 1120 | 95 266 1120 | 112 185 1184
1481 61 3696 | 77 396 1008 | 112 148 1221
1481 347 18720 | 65 480 936 | 64 585 832
1481 11 312 | 56 60 1365 | 31 520 930
1481 701 16965 | 26 585 870 | 29 165 1287
1482 13 2040 | 360 510 612 | 380 456 646 | 357 525 600
1482 19 2958 | 377 442 663 | 348 522 612
1482 13 2016 | 378 432 672 | 342 532 608
1482 247 36960 | 330 448 704 | 315 495 672
1482 11 1560 | 285 456 741 | 312 390 780
1482 17 2394 | 342 342 798 | 266 532 684
1482 29 3990 | 285 399 798 | 266 456 760
1482 11 1512 | 264 462 756 | 312 351 819
1482 1 132 | 312 312 858 | 228 627 627
1482 13 1710 | 228 570 684 | 285 342 855
1482 37 4560 | 208 494 780 | 285 285 912
1482 25 3024 | 210 432 840 | 198 528 756
1482 433 51480 | 195 495 792 | 260 286 936
1482 451 53040 | 240 306 936 | 208 390 884
1482 3 350 | 266 266 950 | 182 650 650
1482 971 113022 | 182 598 702 | 207 378 897
1482 247 28644 | 186 504 792 | 217 341 924
1482 247 27720 | 180 462 840 | 198 360 924
1482 5 546 | 228 266 988 | 182 390 910
1482 52 5355 | 210 252 1020 | 170 360 952
1482 31 3192 | 152 532 798 | 182 312 988
1482 1 102 | 171 342 969 | 156 442 884
1482 247 24864 | 144 666 672 | 222 224 1036
1482 47 4680 | 208 234 1040 | 156 390 936
1482 247 24150 | 138 644 700 | 207 225 1050
1482 247 23100 | 168 264 1050 | 132 525 825
1482 19 1638 | 156 234 1092 | 117 546 819
1482 281 22440 | 110 420 952 | 104 663 715
1482 19 1428 | 96 672 714 | 105 357 1020
1482 221 15840 | 110 252 1120 | 96 396 990
1482 247 17010 | 90 420 972 | 105 243 1134
1482 1317 90440 | 95 323 1064 | 140 152 1190
1482 13 870 | 90 348 1044 | 95 285 1102
1482 19 1128 | 104 156 1222 | 72 564 846
1482 247 14400 | 90 192 1200 | 72 450 960
1482 265 14352 | 96 138 1248 | 78 208 1196
1482 741 35420 | 77 140 1265 | 56 506 920
1482 19 858 | 52 572 858 | 78 117 1287
1482 247 9240 | 63 99 1320 | 42 560 880
1482 19 630 | 42 180 1260 | 39 273 1170
1482 247 4080 | 20 102 1360 | 18 240 1224
1483 2179 305305 | 286 427 770 | 305 385 793
1483 167 20592 | 208 495 780 | 225 400 858
1483 1003 122265 | 209 455 819 | 198 570 715
1483 1511 169575 | 171 612 700 | 210 323 950
1483 101 10868 | 160 608 715 | 209 286 988
1483 32 2565 | 108 475 900 | 114 370 999
1483 137 9120 | 126 160 1197 | 114 185 1184
1483 152 6435 | 66 130 1287 | 48 715 720
1483 2675 77748 | 57 62 1364 | 33 310 1140
1483 1483 28120 | 20 703 760 | 37 40 1406
1483 841 15400 | 25 72 1386 | 28 55 1400
1484 23 3640 | 364 560 560 | 392 455 637
1484 17 2548 | 308 539 637 | 364 392 728
1484 83 12040 | 280 602 602 | 301 455 728
1484 233 31122 | 234 585 665 | 266 399 819
1484 35 3762 | 176 396 912 | 209 285 990
1484 1757 182988 | 230 234 1020 | 153 572 759
1484 31 3060 | 140 630 714 | 153 396 935
1484 83 8190 | 140 624 720 | 147 455 882
1484 7 660 | 140 420 924 | 132 572 780
1484 1927 173600 | 175 224 1085 | 124 560 800
1484 1 84 | 112 588 784 | 159 212 1113
1484 1 80 | 106 530 848 | 140 224 1120 | 112 392 980
1484 7 528 | 112 294 1078 | 132 208 1144
1484 5 336 | 112 196 1176 | 84 560 840
1484 3871 247104 | 104 192 1188 | 78 702 704
1484 337 11880 | 40 418 1026 | 54 110 1320
1484 1 26 | 53 53 1378 | 28 728 728
1484 19 480 | 32 132 1320 | 28 336 1120
1484 15 364 | 26 702 756 | 35 84 1365
1484 1949 36540 | 20 420 1044 | 21 203 1260
1485 59 9240 | 360 495 630 | 385 440 660
1485 3 455 | 315 585 585 | 385 385 715
1485 1 133 | 315 315 855 | 231 627 627
1485 1 120 | 225 360 900 | 198 495 792
1485 8 945 | 270 270 945 | 189 540 756
1485 79 8400 | 160 525 800 | 225 252 1008
1485 3 308 | 180 315 990 | 154 484 847
1485 173 15300 | 120 600 765 | 187 198 1100
1485 433 34320 | 110 400 975 | 165 176 1144
1485 1 77 | 99 693 693 | 165 165 1155
1485 2017 153120 | 160 165 1160 | 110 319 1056
1485 3 220 | 99 396 990 | 110 275 1100
1485 23 1512 | 90 315 1080 | 81 648 756
1485 1147 57420 | 99 110 1276 | 60 435 990
1485 3 143 | 99 99 1287 | 55 715 715
1485 37 1320 | 55 110 1320 | 40 510 935
1486 1 154 | 330 561 595 | 352 462 672
1486 73 9568 | 230 520 736 | 276 352 858
1486 1151 119016 | 228 232 1026 | 152 551 783
1486 101 7254 | 130 186 1170 | 117 222 1147
1486 47 3192 | 114 196 1176 | 136 153 1197
1486 967 62160 | 80 518 888 | 111 175 1200
1486 257 12390 | 70 177 1239 | 56 590 840
1486 1 30 | 34 330 1122 | 42 114 1330
1486 17 468 | 30 520 936 | 37 117 1332
1487 49 5525 | 182 455 850 | 240 272 975
1487 29 3003 | 156 484 847 | 189 297 1001 | 161 429 897
1487 109 9315 | 115 567 805 | 135 299 1053
1487 49 4080 | 135 272 1080 | 112 525 850
1487 283 21840 | 156 176 1155 | 112 325 1050
1487 521 23452 | 52 533 902 | 56 287 1144
1487 149 4788 | 38 252 1197 | 42 153 1292
1487 393 8816 | 38 57 1392 | 24 551 912
1488 1423 229824 | 399 513 576 | 432 448 608
1488 17 2496 | 288 576 624 | 312 448 728
1488 23 3120 | 240 624 624 | 312 336 840
1488 163 21840 | 234 624 630 | 240 520 728
1488 41 5148 | 208 576 704 | 234 396 858
1488 3 364 | 238 340 910 | 208 448 832 | 217 403 868
1488 1 120 | 192 576 720 | 248 310 930
1488 23 2730 | 270 273 945 | 221 357 910
1488 5 576 | 192 432 864 | 240 288 960
1488 31 3360 | 192 336 960 | 168 480 840
1488 31 3300 | 198 300 990 | 160 528 800
1488 31 3120 | 144 624 720 | 208 240 1040
1488 31 2880 | 128 640 720 | 192 216 1080
1488 233 20664 | 123 504 861 | 120 630 738
1488 31 2520 | 144 224 1120 | 108 540 840
1488 563 41760 | 96 522 870 | 116 252 1120
1488 31 2280 | 120 228 1140 | 96 480 912
1488 733 51480 | 110 234 1144 | 120 198 1170
1488 53 3696 | 96 336 1056 | 88 560 840
1488 9 260 | 32 416 1040 | 36 165 1287
1488 13 360 | 30 648 810 | 36 132 1320
1488 31 810 | 32 160 1296 | 30 243 1215
1488 829 14040 | 24 60 1404 | 18 390 1080
1488 3 46 | 16 736 736 | 31 31 1426
1489 1061 139104 | 224 621 644 | 280 345 864
1489 34 4095 | 225 364 900 | 273 280 936
1489 31 2520 | 112 432 945 | 120 333 1036
1489 163 10640 | 112 180 1197 | 114 175 1200
1489 37 2040 | 111 120 1258 | 85 180 1224
1489 7 372 | 64 465 960 | 63 558 868
1489 17 660 | 65 104 1320 | 44 510 935
1489 31 880 | 31 528 930 | 44 85 1360
1489 13 360 | 45 76 1368 | 37 120 1332
1490 31 4200 | 300 350 840 | 280 385 825
1490 97 11550 | 270 275 945 | 210 400 880
1490 17 1680 | 140 630 720 | 200 240 1050
1490 793 59400 | 110 300 1080 | 96 594 800
1490 409 29250 | 125 195 1170 | 90 650 750
1490 1 40 | 50 240 1200 | 45 680 765
1490 367 12180 | 45 140 1305 | 40 232 1218
1491 73 11088 | 315 560 616 | 336 462 693
1491 7 1020 | 323 408 760 | 330 396 765
1491 8 1155 | 275 600 616 | 294 462 735
1491 20 2793 | 266 490 735 | 294 399 798
1491 2741 360360 | 273 360 858 | 225 616 650
1491 27 3220 | 270 276 945 | 196 490 805
1491 617 72072 | 216 351 924 | 182 616 693
1491 7 765 | 189 357 945 | 165 561 765
1491 551 60060 | 165 546 780 | 182 385 924
1491 55 5796 | 180 345 966 | 154 644 693
1491 643 58905 | 126 595 770 | 165 255 1071
1491 59 4620 | 105 462 924 | 168 168 1155
1491 21 1595 | 116 275 1100 | 99 522 870
1491 592 32175 | 72 275 1144 | 66 450 975
1491 92 4725 | 60 675 756 | 63 378 1050
1491 1 51 | 63 357 1071 | 71 213 1207
1491 919 45045 | 63 273 1155 | 99 105 1287
1491 19 585 | 39 165 1287 | 63 63 1365
1491 443 7980 | 19 560 912 | 21 140 1330
1492 17 2640 | 352 480 660 | 336 561 595
1492 373 56550 | 377 390 725 | 312 580 600
1492 373 44200 | 200 442 850 | 208 400 884
1492 1307 151844 | 187 493 812 | 232 308 952
1492 109 10780 | 160 352 980 | 140 637 715
1492 587 52800 | 132 400 960 | 192 200 1100
1492 19 1680 | 136 336 1020 | 140 312 1040 | 120 588 784
1492 1 84 | 140 260 1092 | 120 392 980
1492 113 9360 | 117 400 975 | 120 364 1008
1492 2731 198352 | 112 253 1127 | 92 616 784
1492 739 49588 | 88 392 1012 | 92 322 1078
1492 479 29568 | 88 252 1152 | 128 132 1232
1492 373 22780 | 80 340 1072 | 85 268 1139
1492 37 1330 | 40 616 836 | 57 105 1330
1492 17 560 | 40 220 1232 | 48 114 1330
1492 125 4032 | 36 448 1008 | 40 192 1260
1493 482 48865 | 170 337 986 | 145 674 674
1493 71 7128 | 162 363 968 | 143 648 702
1493 29 2635 | 124 629 740 | 170 238 1085
1493 115 10416 | 124 592 777 | 168 240 1085
1493 319 21672 | 136 153 1204 | 86 504 903
1493 205 11628 | 68 570 855 | 72 357 1064
1493 499 26520 | 65 408 1020 | 85 160 1248
1493 131 4095 | 63 65 1365 | 35 405 1053
1493 1021 28985 | 31 527 935 | 44 85 1364
1493 2047 24395 | 17 41 1435 | 14 85 1394
1494 23 3240 | 324 360 810 | 297 405 792
1494 11 1530 | 252 612 630 | 270 459 765
1494 11 1440 | 270 360 864 | 234 480 780
1494 389 46116 | 189 549 756 | 244 305 945
1494 3 332 | 166 664 664 | 249 249 996
1494 283 28980 | 207 252 1035 | 168 360 966
1494 107 10800 | 150 480 864 | 144 675 675
1494 13 1197 | 126 684 684 | 144 342 1008
1494 123 10472 | 119 440 935 | 168 204 1122
1494 1 66 | 108 198 1188 | 83 498 913
1494 3791 221760 | 72 462 960 | 70 704 720
1494 3 130 | 50 494 950 | 54 270 1170
1494 34511 1343034 | 44 532 918 | 51 189 1254
1494 317 7020 | 24 390 1080 | 45 45 1404
1495 683 106260 | 385 420 690 | 345 506 644
1495 127 19305 | 325 495 675 | 351 429 715
1495 13 1890 | 351 364 780 | 280 567 648
1495 1 132 | 273 364 858 | 253 414 828
1495 1 120 | 270 280 945 | 230 345 920 | 195 520 780
1495 8 935 | 195 442 858 | 220 340 935
1495 13 1480 | 184 460 851 | 200 370 925
1495 1079 112200 | 153 550 792 | 200 275 1020
1495 163 14280 | 120 525 850 | 119 560 816
1495 13 1120 | 175 200 1120 | 115 644 736
1495 1 84 | 135 280 1080 | 126 333 1036
1495 1 55 | 65 715 715 | 115 115 1265
1495 13 616 | 55 560 880 | 60 280 1155
1495 31 1300 | 50 340 1105 | 65 130 1300
1496 23 3520 | 320 560 616 | 352 440 704
1496 41 6240 | 352 429 715 | 360 416 720
1496 53 8008 | 352 416 728 | 308 572 616
1496 1 144 | 272 612 612 | 352 352 792
1496 13 1848 | 264 616 616 | 308 396 792
1496 127 16940 | 242 484 770 | 231 605 660
1496 61 7956 | 221 612 663 | 306 306 884
1496 95 12376 | 224 544 728 | 221 595 680
1496 71 9240 | 220 616 660 | 280 336 880
1496 89 11544 | 296 312 888 | 222 546 728
1496 223 26600 | 266 280 950 | 200 456 840
1496 331 39270 | 231 330 935 | 187 595 714
1496 223 25840 | 204 380 912 | 255 272 969
1496 1 110 | 176 440 880 | 165 605 726 | 187 374 935
1496 43 4620 | 198 308 990 | 165 484 847
1496 757 79560 | 153 663 680 | 170 390 936
1496 181 18480 | 154 462 880 | 180 308 1008
1496 29 2880 | 144 520 832 | 168 320 1008
1496 1 96 | 144 416 936 | 176 264 1056 | 136 544 816
1496 1 90 | 144 312 1040 | 165 242 1089
1496 5 442 | 170 221 1105 | 119 663 714
1496 27 2380 | 120 560 816 | 119 612 765
1496 47 4092 | 120 496 880 | 132 341 1023
1496 5 396 | 110 396 990 | 144 208 1144
1496 491 34200 | 90 456 950 | 144 152 1200
1496 1 66 | 88 352 1056 | 121 165 1210
1496 223 13860 | 77 495 924 | 120 144 1232
1496 281 15960 | 72 360 1064 | 76 280 1140
1496 1 56 | 68 476 952 | 88 176 1232
1496 631 14040 | 40 52 1404 | 24 432 1040
1497 71 11115 | 364 468 665 | 342 570 585
1497 499 66528 | 231 594 672 | 297 336 864
1497 215 26208 | 195 630 672 | 273 288 936
1497 57 5425 | 135 525 837 | 133 589 775
1497 199 13188 | 84 471 942 | 91 314 1092
1497 20 1197 | 90 210 1197 | 72 665 760
1497 499 28728 | 72 399 1026 | 84 216 1197
1497 103 5016 | 57 528 912 | 72 171 1254
1497 341 14352 | 52 272 1173 | 48 552 897
1497 31 1092 | 52 119 1326 | 39 702 756
1497 17 585 | 39 405 1053 | 45 165 1287
1498 53 7854 | 330 420 748 | 308 476 714
1498 43 6240 | 280 546 672 | 288 495 715
1498 67 6930 | 154 504 840 | 182 315 1001
1498 83 8400 | 175 315 1008 | 224 224 1050
1498 11 1008 | 154 288 1056 | 126 588 784
1498 73 6160 | 154 224 1120 | 112 616 770
1498 113 8624 | 112 308 1078 | 98 616 784
1498 89 5040 | 112 126 1260 | 70 420 1008
1498 953 30030 | 35 462 1001 | 55 78 1365
1498 7 190 | 40 90 1368 | 35 133 1330
1498 1249 19152 | 18 112 1368 | 16 684 798
1499 604 83421 | 279 414 806 | 299 372 828
1499 35 4576 | 224 560 715 | 247 416 836
1499 29 2080 | 130 185 1184 | 95 416 988
1499 32 1485 | 54 510 935 | 55 418 1026
1499 59 2640 | 55 304 1140 | 63 176 1260
1499 1717 55575 | 36 475 988 | 39 225 1235
1500 1 150 | 375 375 750 | 300 600 600
1500 1457 207480 | 312 390 798 | 285 455 760
1500 67 9240 | 252 528 720 | 330 330 840
1500 97 13200 | 240 600 660 | 275 400 825
1500 503 66300 | 260 390 850 | 225 612 663
1500 13 1650 | 220 480 800 | 225 450 825
1500 61 7650 | 210 525 765 | 225 425 850
1500 901 110880 | 198 630 672 | 224 396 880
1500 31 3600 | 180 600 720 | 200 400 900
1500 23 2640 | 180 528 792 | 220 320 960
1500 881 98280 | 168 630 702 | 195 360 945
1500 367 35700 | 204 225 1071 | 140 510 850
1500 27 2618 | 136 616 748 | 198 231 1071
1500 311 29700 | 135 540 825 | 200 220 1080
1500 41 3780 | 135 420 945 | 168 252 1080
1500 47 3510 | 108 312 1080 | 135 195 1170
1500 13 630 | 72 168 1260 | 56 684 760
1500 23 840 | 56 114 1330 | 42 378 1080
1500 17 384 | 28 128 1344 | 44 48 1408
1501 598 89397 | 301 540 660 | 297 602 602
1501 19 2805 | 357 374 770 | 340 396 765
1501 2 285 | 285 456 760 | 266 570 665
1501 5 561 | 209 323 969 | 170 605 726
1501 7 715 | 175 325 1001 | 209 247 1045
1501 1501 135720 | 145 312 1044 | 130 435 936
1501 8 693 | 126 385 990 | 132 333 1036
1501 1501 128340 | 115 558 828 | 155 230 1116
1501 437 36890 | 136 280 1085 | 124 357 1020
1501 107 8840 | 136 260 1105 | 170 187 1144
1501 1501 120960 | 160 189 1152 | 105 640 756
1501 947 72072 | 104 396 1001 | 126 231 1144
1501 1501 69300 | 66 175 1260 | 55 396 1050
1501 361 16380 | 52 630 819 | 75 126 1300
1501 37 1197 | 45 126 1330 | 38 266 1197
1501 43 1155 | 45 70 1386 | 29 660 812
1502 361 56672 | 368 462 672 | 352 506 644
1502 751 114240 | 340 448 714 | 320 510 672
1502 2591 387090 | 306 506 690 | 340 414 748
1502 65 9394 | 286 488 728 | 305 427 770
1502 751 107730 | 324 380 798 | 270 567 665
1502 751 94710 | 231 410 861 | 220 462 820
1502 131 16137 | 198 652 652 | 252 326 924
1502 53 6006 | 182 462 858 | 252 260 990
1502 127 13104 | 182 312 1008 | 210 252 1040
1502 67 6384 | 152 342 1008 | 133 592 777
1502 419 38038 | 133 407 962 | 152 286 1064
1502 349 28710 | 116 396 990 | 110 522 870
1502 1187 95760 | 114 380 1008 | 171 176 1155
1502 163 9360 | 72 390 1040 | 112 130 1260
1502 664 36225 | 92 150 1260 | 72 280 1150
1502 751 29610 | 60 126 1316 | 45 470 987
1502 751 10080 | 14 480 1008 | 20 42 1440
1503 2 315 | 399 420 684 | 378 450 675
1503 31 4320 | 320 351 832 | 288 405 810
1503 79 10200 | 238 425 840 | 216 612 675
1503 85 7371 | 135 315 1053 | 117 567 819
1503 251 12285 | 63 270 1170 | 60 351 1092
1503 631 25380 | 47 376 1080 | 54 180 1269
1503 6737 242880 | 46 192 1265 | 40 704 759
1504 17 2688 | 360 504 640 | 384 448 672
1504 1 154 | 329 517 658 | 352 448 704
1504 37 5472 | 304 480 720 | 288 608 608
1504 241 35280 | 360 360 784 | 294 490 720
1504 569 83160 | 280 594 630 | 308 440 756
1504 23 2912 | 224 448 832 | 208 624 672
1504 61 7644 | 286 294 924 | 204 637 663
1504 11 1316 | 235 329 940 | 188 658 658
1504 509 52250 | 154 475 875 | 209 250 1045
1504 19 1920 | 144 640 720 | 160 384 960
1504 731 70224 | 154 342 1008 | 176 264 1064
1504 69 5720 | 165 195 1144 | 132 280 1092
1504 25 1872 | 96 576 832 | 104 360 1040
1504 1 54 | 64 576 864 | 94 141 1269
1504 11 560 | 60 532 912 | 64 320 1120
1504 199 8096 | 48 352 1104 | 46 594 864
1504 95 3312 | 46 162 1296 | 40 360 1104
1505 43 6800 | 400 425 680 | 350 560 595
1505 1 153 | 315 595 595 | 387 387 731
1505 31 4095 | 245 441 819 | 225 630 650
1505 1 129 | 215 645 645 | 301 301 903
1505 7 900 | 275 330 900 | 225 480 800
1505 23 2871 | 209 513 783 | 203 609 693
1505 301 35100 | 260 270 975 | 180 650 675
1505 301 33165 | 225 275 1005 | 165 603 737
1505 43 4284 | 147 476 882 | 170 315 1020
1505 43 4200 | 175 280 1050 | 140 525 840
1505 223 20300 | 140 350 1015 | 174 231 1100
1505 49 4400 | 165 240 1100 | 125 500 880
1505 16 1365 | 130 325 1050 | 140 273 1092
1505 7 572 | 130 275 1100 | 152 209 1144
1505 43 3276 | 98 588 819 | 140 195 1170
1505 43 3192 | 133 196 1176 | 95 570 840
1505 43 2640 | 75 550 880 | 105 168 1232
1505 7 408 | 70 595 840 | 111 136 1258
1505 43 2436 | 84 203 1218 | 70 420 1015
1505 103 5775 | 75 275 1155 | 70 385 1050
1505 937 44660 | 55 638 812 | 60 290 1155
1505 571 13860 | 35 84 1386 | 26 660 819
1505 301 1485 | 9 11 1485 | 5 675 825
1506 29 4800 | 448 483 575 | 450 480 576
1506 271 40590 | 328 440 738 | 297 594 615
1506 533 67830 | 210 612 684 | 273 323 910
1506 481 57456 | 216 378 912 | 190 560 756
1506 71 8190 | 210 351 945 | 180 546 780
1506 27 3080 | 252 264 990 | 176 560 770
1506 529 55440 | 180 336 990 | 154 560 792
1506 19 1950 | 175 330 1001 | 156 450 900
1506 221 22176 | 154 416 936 | 198 252 1056
1506 185 17286 | 129 603 774 | 134 469 903
1506 13 1155 | 120 616 770 | 154 260 1092
1506 103 8400 | 120 336 1050 | 175 176 1155
1506 1009 74880 | 128 208 1170 | 120 234 1152
1506 619 38454 | 78 442 986 | 85 290 1131
1506 719 35910 | 58 665 783 | 60 420 1026
1506 311 14616 | 56 406 1044 | 54 696 756
1506 43 1890 | 54 297 1155 | 50 700 756
1507 3 455 | 310 546 651 | 330 462 715
1507 17 1584 | 132 495 880 | 176 242 1089
1507 617 51480 | 130 297 1080 | 165 198 1144
1507 1 77 | 132 220 1155 | 99 616 792
1507 401 27720 | 88 495 924 | 99 288 1120
1507 19 1008 | 77 198 1232 | 63 532 912
1507 17 819 | 77 143 1287 | 63 247 1197
1507 283 10780 | 44 385 1078 | 49 198 1260
1507 167 1820 | 12 130 1365 | 16 35 1456
1508 137 21840 | 416 420 672 | 364 520 624
1508 7 1056 | 308 528 672 | 352 408 748
1508 1 140 | 273 455 780 | 260 520 728 | 290 406 812
1508 13 1740 | 290 348 870 | 232 580 696
1508 71 9180 | 216 612 680 | 220 540 748
1508 19 2340 | 234 364 910 | 260 312 936
1508 107 11856 | 208 312 988 | 234 266 1008
1508 23 2520 | 182 390 936 | 232 261 1015
1508 1867 188496 | 170 330 1008 | 144 616 748
1508 193 18354 | 168 276 1064 | 133 570 805
1508 13 1190 | 182 221 1105 | 136 392 980 | 133 425 950
1508 65 5676 | 132 344 1032 | 150 258 1100
1508 229 14960 | 136 140 1232 | 80 680 748
1508 61 3900 | 78 650 780 | 100 208 1200
1508 13 704 | 64 608 836 | 68 352 1088
1508 1 50 | 104 104 1300 | 58 725 725
1508 13 630 | 63 255 1190 | 56 660 792
1508 1 48 | 56 528 924 | 64 228 1216
1508 2 91 | 56 308 1144 | 52 728 728
1508 331 14300 | 50 468 990 | 65 143 1300
1508 13 560 | 56 220 1232 | 50 450 1008
1508 169 6720 | 80 84 1344 | 64 114 1330
1508 73 2394 | 56 84 1368 | 45 133 1330
1508 107 2610 | 36 80 1392 | 29 174 1305
1509 194 28119 | 309 420 780 | 273 618 618
1509 5 663 | 234 510 765 | 300 325 884
1509 209 27405 | 231 495 783 | 261 378 870
1509 4183 533715 | 221 483 805 | 255 357 897
1509 549 55825 | 198 261 1050 | 175 319 1015
1509 157 15120 | 144 420 945 | 189 240 1080
1509 73 6732 | 130 495 884 | 132 459 918
1509 817 71253 | 117 609 783 | 189 189 1131
1509 283 15015 | 65 399 1045 | 105 117 1287
1509 577 14040 | 27 312 1170 | 40 65 1404
1510 151 23400 | 390 400 720 | 325 585 600
1510 3 442 | 340 390 780 | 286 561 663
1510 193 27930 | 285 490 735 | 294 456 760
1510 151 17100 | 180 475 855 | 200 360 950
1510 151 11856 | 130 240 1140 | 104 494 912
1510 773 50400 | 80 630 800 | 90 300 1120
1510 2099 134640 | 80 495 935 | 110 176 1224
1510 151 7020 | 75 135 1300 | 54 520 936
1510 29 1040 | 65 85 1360 | 40 560 910
1510 23 792 | 40 315 1155 | 66 76 1368
1510 151 4864 | 38 256 1216 | 40 190 1280
1511 409 65975 | 377 525 609 | 406 455 650
1511 146 19665 | 315 322 874 | 276 380 855
1511 929 31920 | 48 133 1330 | 63 80 1368
1511 122 3717 | 59 66 1386 | 36 236 1239
1511 4421 46816 | 16 32 1463 | 11 380 1120
1512 3 490 | 441 441 630 | 392 560 560
1512 1 162 | 378 567 567 | 432 432 648
1512 1 160 | 360 576 576 | 420 420 672
1512 7 1080 | 360 432 720 | 324 540 648
1512 157 23940 | 315 532 665 | 336 456 720
1512 3 440 | 280 616 616 | 360 360 792
1512 23 3360 | 288 504 720 | 280 560 672
1512 7 990 | 264 528 720 | 297 405 810
1512 1 140 | 336 336 840 | 252 630 630
1512 1 132 | 247 429 836 | 297 324 891 | 224 616 672
1512 21 2552 | 198 522 792 | 232 352 928
1512 1 112 | 168 672 672 | 252 252 1008
1512 13 1440 | 224 280 1008 | 192 360 960
1512 3 304 | 224 224 1064 | 144 684 684
1512 7 704 | 144 576 792 | 192 264 1056
1512 7 684 | 144 456 912 | 162 324 1026
1512 3 286 | 143 407 962 | 162 297 1053
1512 3 280 | 140 392 980 | 144 360 1008
1512 53 4620 | 126 396 990 | 140 294 1078
1512 97 8064 | 168 192 1152 | 112 504 896
1512 35 2808 | 120 312 1080 | 108 468 936
1512 21 1612 | 104 416 992 | 117 279 1116
1512 1 68 | 84 714 714 | 144 144 1224
1512 31 2100 | 140 147 1225 | 112 200 1200
1512 3 190 | 81 405 1026 | 77 665 770
1512 1 60 | 126 126 1260 | 72 720 720 | 104 160 1248
1512 1091 55692 | 68 247 1197 | 63 357 1092
1512 227 10920 | 56 546 910 | 60 308 1144
1512 23 1080 | 60 264 1188 | 54 648 810
1512 7 324 | 54 486 972 | 72 144 1296
1512 21 592 | 36 144 1332 | 32 296 1184
1513 11 1820 | 455 460 598 | 442 476 595
1513 31 3640 | 182 616 715 | 221 340 952
1513 5 572 | 182 484 847 | 187 442 884
1513 1 105 | 182 330 1001 | 161 455 897 | 153 595 765
1513 1051 109200 | 200 273 1040 | 180 325 1008
1513 43 4284 | 204 238 1071 | 153 408 952
1513 145 12376 | 182 187 1144 | 119 442 952
1513 13 1035 | 161 182 1170 | 138 225 1150
1513 29 1989 | 105 238 1170 | 85 663 765
1513 199 11655 | 70 666 777 | 105 148 1260
1513 773 45045 | 72 440 1001 | 70 585 858
1513 107 6120 | 85 204 1224 | 68 680 765
1513 137 6545 | 85 119 1309 | 55 693 765
1513 1073 13104 | 13 240 1260 | 18 39 1456
1514 73 10640 | 304 440 770 | 336 380 798
1514 1 136 | 240 560 714 | 264 425 825
1514 5 624 | 272 306 936 | 240 364 910
1514 89 10296 | 260 264 990 | 204 374 936
1514 11 1170 | 234 240 1040 | 170 408 936
1514 1907 202048 | 164 448 902 | 154 656 704
1514 269 22440 | 110 612 792 | 120 374 1020
1514 1081 87450 | 106 583 825 | 110 450 954
1514 41 2170 | 62 682 770 | 70 266 1178
1514 233 10602 | 62 198 1254 | 57 279 1178
1514 757 27918 | 47 198 1269 | 44 282 1188
1514 757 25650 | 38 450 1026 | 50 114 1350
1514 757 20358 | 52 58 1404 | 29 702 783
1514 757 14310 | 30 53 1431 | 20 540 954
1514 83 1120 | 14 700 800 | 18 56 1440
1515 61 8580 | 273 462 780 | 300 390 825
1515 601 71820 | 189 570 756 | 228 342 945
1515 212 24255 | 231 294 990 | 220 315 980
1515 241 25200 | 225 240 1050 | 182 325 1008
1515 383 39900 | 150 665 700 | 189 300 1026
1515 2 195 | 143 462 910 | 150 390 975
1515 62 5985 | 140 475 900 | 171 280 1064
1515 1283 117180 | 189 210 1116 | 155 280 1080
1515 2 105 | 63 462 990 | 70 255 1190
1515 267 12155 | 90 99 1326 | 52 715 748
1515 359 16302 | 60 220 1235 | 52 627 836
1515 256 11583 | 52 572 891 | 66 162 1287
1515 17 675 | 75 90 1350 | 45 525 945
1516 205 32032 | 385 416 715 | 364 448 704
1516 379 57960 | 336 460 720 | 322 504 690
1516 379 55650 | 280 600 636 | 350 371 795
1516 71 9954 | 316 360 840 | 252 632 632
1516 10 1309 | 224 544 748 | 220 616 680
1516 379 48720 | 224 480 812 | 240 406 870
1516 89 11424 | 216 544 756 | 224 476 816
1516 437 55692 | 221 476 819 | 286 306 924
1516 485 55328 | 224 304 988 | 190 416 910
1516 553 58140 | 190 306 1020 | 152 680 684
1516 683 55328 | 112 416 988 | 130 266 1120
1516 379 30240 | 108 448 960 | 126 270 1120
1516 1009 62244 | 91 228 1197 | 76 504 936
1516 1 60 | 112 144 1260 | 72 684 760
1516 11 630 | 96 160 1260 | 72 380 1064
1516 1667 91872 | 66 522 928 | 96 144 1276
1516 53 2880 | 64 660 792 | 68 360 1088
1516 157 8512 | 64 616 836 | 76 224 1216
1516 11 576 | 72 228 1216 | 64 396 1056
1516 31 1470 | 74 147 1295 | 60 280 1176
1516 379 14070 | 56 120 1340 | 42 469 1005
1516 9011 234080 | 32 154 1330 | 28 608 880
1516 379 7140 | 28 60 1428 | 20 476 1020
1516 241 3696 | 18 112 1386 | 16 660 840
1517 1 165 | 407 555 555 | 451 451 615
1517 1 140 | 259 518 740 | 287 410 820
1517 253 26600 | 152 665 700 | 168 399 950
1517 1682 176715 | 189 308 1020 | 153 594 770
1517 781 56420 | 91 620 806 | 95 434 988
1517 37 2460 | 82 615 820 | 123 164 1230
1517 3109 153153 | 77 153 1287 | 91 117 1309
1517 3601 172040 | 68 184 1265 | 55 680 782
1517 1 32 | 37 296 1184 | 41 164 1312
1517 2491 78540 | 35 462 1020 | 40 168 1309
1517 4 65 | 22 65 1430 | 17 650 850
1518 1 168 | 462 528 528 | 483 483 552 | 468 504 546
1518 3 440 | 330 396 792 | 308 440 770
1518 145 20904 | 312 402 804 | 268 600 650
1518 19 2730 | 286 462 770 | 270 546 702
1518 83 11880 | 264 594 660 | 270 528 720
1518 1 138 | 253 506 759 | 276 414 828
1518 27 3536 | 234 468 816 | 238 448 832
1518 47 6006 | 286 308 924 | 231 429 858
1518 25 2964 | 192 494 832 | 195 468 855
1518 1517 159600 | 228 240 1050 | 168 400 950
1518 59 5712 | 192 238 1088 | 153 357 1008
1518 59 5520 | 184 230 1104 | 132 506 880
1518 1 90 | 132 396 990 | 138 345 1035
1518 83 6930 | 165 198 1155 | 110 616 792
1518 6971 556920 | 120 306 1092 | 104 595 819
1518 103 7410 | 114 234 1170 | 126 195 1197
1518 131 9240 | 90 504 924 | 88 660 770
1518 643 45144 | 114 216 1188 | 88 594 836
1518 973 67320 | 140 154 1224 | 88 495 935
1518 5 336 | 92 322 1104 | 132 154 1232
1518 1433 71400 | 60 408 1050 | 75 168 1275
1518 7 330 | 88 110 1320 | 60 270 1188
1518 17 720 | 60 162 1296 | 48 630 840
1518 1 30 | 46 92 1380 | 33 495 990
1518 431 10230 | 33 90 1395 | 30 124 1364
1518 251 4278 | 18 465 1035 | 23 69 1426
1519 217 34200 | 360 475 684 | 350 504 665
1519 217 33840 | 329 560 630 | 376 423 720
1519 13 1980 | 378 385 756 | 320 495 704
1519 1 144 | 279 496 744 | 294 441 784 | 336 364 819
1519 31 3960 | 210 616 693 | 280 315 924
1519 217 25623 | 189 511 819 | 219 351 949
1519 5 588 | 245 294 980 | 196 441 882
1519 31 3465 | 189 385 945 | 207 322 990
1519 2399 256620 | 156 658 705 | 188 330 1001
1519 109 10780 | 154 385 980 | 196 245 1078
1519 151 14880 | 210 224 1085 | 155 372 992
1519 277 26928 | 154 357 1008 | 144 440 935
1519 1519 137280 | 143 320 1056 | 130 429 960
1519 283 24472 | 133 322 1064 | 115 644 760
1519 217 17928 | 108 664 747 | 168 189 1162
1519 2 165 | 115 414 990 | 154 210 1155
1519 17 1260 | 144 175 1200 | 98 441 980
1519 7 513 | 133 189 1197 | 93 589 837
1519 1063 72072 | 84 616 819 | 143 144 1232
1519 17 1100 | 112 175 1232 | 84 385 1050
1519 7 425 | 75 475 969 | 111 150 1258
1519 37 1980 | 64 495 960 | 63 616 840
1519 197 9360 | 75 144 1300 | 56 455 1008
1519 3101 109395 | 45 187 1287 | 39 715 765
1519 31 900 | 56 63 1400 | 37 150 1332
1519 217 5508 | 28 357 1134 | 34 108 1377
1520 1 168 | 480 480 560 | 462 506 552 | 456 532 532
1520 19 3120 | 400 520 600 | 416 480 624
1520 23 3640 | 364 476 680 | 350 520 650
1520 1 156 | 364 442 714 | 342 494 684
1520 1 152 | 304 608 608 | 380 380 760
1520 121 18300 | 300 610 610 | 305 540 675
1520 59 8680 | 310 440 770 | 280 620 620
1520 19 2700 | 260 585 675 | 270 500 750 | 288 432 800
1520 491 69160 | 266 494 760 | 260 532 728
1520 113 15912 | 255 585 680 | 288 416 816
1520 1363 190400 | 272 448 800 | 320 350 850
1520 11 1456 | 224 624 672 | 272 364 884
1520 431 53200 | 200 560 760 | 266 304 950
1520 323 39600 | 220 400 900 | 200 528 792
1520 1 120 | 240 320 960 | 190 570 760
1520 1 112 | 224 288 1008 | 168 624 728
1520 19 2040 | 160 544 816 | 200 300 1020 | 168 442 910
1520 1283 137280 | 156 660 704 | 160 528 832
1520 137 14508 | 156 558 806 | 155 585 780
1520 31 3192 | 168 364 988 | 228 228 1064
1520 61 6192 | 168 344 1008 | 144 688 688
1520 19 1736 | 155 280 1085 | 128 496 896
1520 19 1680 | 160 240 1120 | 120 560 840
1520 431 37800 | 117 675 728 | 140 300 1080
1520 247 19040 | 112 320 1088 | 160 170 1190
1520 209 14280 | 85 595 840 | 126 170 1224
1520 19 1232 | 80 560 880 | 112 176 1232
1520 7 432 | 99 189 1232 | 80 360 1080
1520 107 5824 | 64 728 728 | 68 364 1088
1520 19 1008 | 80 180 1260 | 64 448 1008
1520 5881 300300 | 60 550 910 | 65 300 1155
1520 227 9240 | 48 352 1120 | 60 140 1320
1520 19 360 | 20 600 900 | 32 48 1440
1521 1 168 | 465 496 560 | 455 520 546
1521 19 3024 | 396 432 693 | 351 546 624
1521 169 26544 | 378 432 711 | 336 553 632
1521 1 156 | 338 507 676 | 351 468 702
1521 169 25704 | 306 567 648 | 357 408 756
1521 3 440 | 312 429 780 | 324 405 792 | 286 520 715
1521 17 2457 | 351 351 819 | 273 546 702
1521 247 33660 | 275 396 850 | 240 561 720
1521 151 20196 | 286 351 884 | 306 324 891
1521 13 1725 | 299 325 897 | 225 621 675
1521 39 4880 | 208 520 793 | 240 366 915
1521 4 495 | 198 630 693 | 225 396 900
1521 19 2275 | 273 273 975 | 225 351 945
1521 51 5719 | 172 532 817 | 190 385 946
1521 67 6732 | 198 252 1071 | 144 561 816
1521 1 100 | 156 390 975 | 216 225 1080
1521 13 1260 | 135 630 756 | 195 234 1092 | 144 432 945
1521 169 15624 | 126 651 744 | 189 216 1116
1521 167 15120 | 135 378 1008 | 124 560 837
1521 71 6120 | 117 520 884 | 135 306 1080
1521 29 2160 | 99 432 990 | 105 336 1080
1521 59 3696 | 77 532 912 | 102 187 1232
1521 143 8280 | 72 414 1035 | 69 660 792
1521 23 1287 | 77 247 1197 | 117 117 1287
1521 93 5005 | 65 455 1001 | 77 209 1235
1521 3 160 | 65 416 1040 | 78 195 1248
1521 13 693 | 91 143 1287 | 63 567 891
1521 2 105 | 77 190 1254 | 65 364 1092
1521 507 21692 | 58 187 1276 | 51 348 1122
1521 507 20680 | 60 141 1320 | 47 440 1034
1521 169 5544 | 63 72 1386 | 36 693 792
1522 409 61600 | 352 400 770 | 300 550 672
1522 23 2400 | 152 570 800 | 150 672 700
1522 475 49266 | 153 518 851 | 180 322 1020
1522 113 6786 | 78 342 1102 | 72 696 754
1522 263 14586 | 66 572 884 | 72 306 1144
1522 19 858 | 77 119 1326 | 52 546 924
1522 731 30800 | 48 550 924 | 50 352 1120
1522 899 37520 | 48 469 1005 | 70 112 1340
1522 5659 94248 | 22 72 1428 | 18 272 1232
1523 62 8151 | 231 494 798 | 247 418 858
1523 11 1428 | 273 340 910 | 297 308 918
1523 247 26180 | 182 340 1001 | 154 629 740
1523 205 17316 | 112 592 819 | 117 444 962
1523 589 44055 | 95 627 801 | 99 445 979
1523 17 936 | 65 648 810 | 78 221 1224
1523 159 8645 | 65 513 945 | 78 210 1235
1523 5813 309400 | 65 408 1050 | 104 119 1300
1523 8 385 | 60 308 1155 | 74 154 1295
1523 451 14105 | 63 65 1395 | 35 403 1085
1524 127 19530 | 360 420 744 | 315 558 651
1524 2803 429780 | 348 435 741 | 380 390 754
1524 691 103740 | 364 380 780 | 315 468 741
1524 23 3192 | 264 462 798 | 285 399 840
1524 17 2310 | 308 336 880 | 264 420 840
1524 127 16800 | 224 600 700 | 288 336 900
1524 67 8778 | 304 308 912 | 228 504 792
1524 127 15708 | 198 612 714 | 264 308 952
1524 101 11880 | 264 270 990 | 189 495 840
1524 179 18696 | 171 369 984 | 152 574 798
1524 127 11340 | 120 648 756 | 180 210 1134
1524 85 7392 | 120 480 924 | 132 336 1056
1524 63 4960 | 120 288 1116 | 155 185 1184
1524 661 49764 | 116 264 1144 | 99 468 957
1524 109 7524 | 99 285 1140 | 108 228 1188
1524 9 560 | 80 380 1064 | 120 144 1260
1524 809 49140 | 84 270 1170 | 108 156 1260
1524 2183 131040 | 104 160 1260 | 72 672 780
1524 1 60 | 80 304 1140 | 72 660 792
1524 157 9360 | 72 572 880 | 96 180 1248
1524 381 18544 | 64 244 1216 | 61 304 1159
1524 97 4620 | 66 198 1260 | 84 120 1320
1524 3971 159120 | 48 306 1170 | 45 663 816
1524 127 4788 | 72 84 1368 | 42 684 798
1524 1277 48048 | 42 624 858 | 44 336 1144
1525 353 55440 | 385 420 720 | 352 480 693
1525 143 19355 | 245 490 790 | 237 553 735
1525 22 2925 | 300 325 900 | 225 650 650
1525 1 117 | 183 549 793 | 225 325 975
1525 29 2625 | 125 525 875 | 175 225 1125
1525 1 76 | 100 475 950 | 122 244 1159
1525 947 69615 | 117 238 1170 | 105 315 1105
1525 2 143 | 148 156 1221 | 100 325 1100
1525 11 720 | 100 225 1200 | 80 680 765
1525 61 3705 | 75 475 975 | 95 195 1235
1526 763 109098 | 261 627 638 | 342 348 836
1526 763 102960 | 286 360 880 | 234 572 720
1526 19 2520 | 245 441 840 | 224 630 672
1526 2447 314160 | 272 330 924 | 238 408 880
1526 259 32300 | 272 304 950 | 200 646 680
1526 49 5980 | 195 572 759 | 230 360 936
1526 71 7546 | 154 686 686 | 182 343 1001
1526 31 3276 | 161 468 897 | 182 336 1008
1526 5 528 | 154 588 784 | 176 360 990
1526 337 35112 | 231 231 1064 | 176 342 1008
1526 31 3080 | 154 392 980 | 140 616 770
1526 5 462 | 154 294 1078 | 126 630 770
1526 17 1456 | 176 195 1155 | 126 360 1040
1526 109 8976 | 132 272 1122 | 112 462 952
1526 763 59670 | 135 221 1170 | 102 540 884
1526 109 8330 | 98 595 833 | 140 196 1190
1526 763 57408 | 96 598 832 | 138 192 1196
1526 5 286 | 98 154 1274 | 70 455 1001
1526 763 37050 | 76 150 1300 | 57 494 975
1526 233 11088 | 63 231 1232 | 56 462 1008
1526 301 13320 | 74 120 1332 | 63 168 1295
1526 433 15960 | 63 95 1368 | 42 420 1064
1526 109 2160 | 21 560 945 | 32 54 1440
1527 59 9768 | 407 528 592 | 444 456 627
1527 386 35805 | 180 231 1116 | 155 294 1078
1527 332 25245 | 135 204 1188 | 99 510 918
1527 73 5544 | 99 504 924 | 120 252 1155
1527 22 1275 | 75 330 1122 | 102 150 1275
1527 53 1995 | 45 285 1197 | 42 630 855
1527 2309 51408 | 24 432 1071 | 27 140 1360
1528 1 168 | 440 528 560 | 448 504 576
1528 1021 151200 | 288 540 700 | 350 378 800
1528 53 7040 | 280 352 896 | 264 384 880
1528 15 1976 | 228 520 780 | 304 312 912
1528 547 68400 | 228 400 900 | 272 306 950
1528 493 57024 | 189 448 891 | 176 648 704
1528 11 1260 | 176 560 792 | 240 280 1008
1528 17 1820 | 156 637 735 | 208 280 1040
1528 211 18720 | 120 576 832 | 156 252 1120
1528 1 88 | 120 528 880 | 176 208 1144
1528 143 9660 | 84 570 874 | 91 345 1092
1528 179 11900 | 100 238 1190 | 84 475 969
1528 23 1344 | 72 448 1008 | 84 228 1216
1528 239 11592 | 56 644 828 | 72 168 1288
1528 1633 62524 | 49 203 1276 | 44 406 1078
1529 139 21056 | 329 448 752 | 308 517 704
1529 139 18480 | 231 528 770 | 264 385 880
1529 2857 340340 | 187 572 770 | 195 476 858
1529 46 5115 | 165 682 682 | 198 341 990
1529 1 99 | 154 385 990 | 198 242 1089
1529 37 2805 | 119 255 1155 | 99 495 935
1529 389 28600 | 104 325 1100 | 110 275 1144
1529 59 3696 | 77 528 924 | 99 198 1232
1529 139 6780 | 66 220 1243 | 60 339 1130
1529 47 1848 | 44 693 792 | 55 154 1320
1530 3 494 | 442 442 646 | 390 570 570
1530 1 162 | 378 504 648 | 405 450 675
1530 47 7560 | 378 480 672 | 360 540 630
1530 3 476 | 408 408 714 | 340 595 595
1530 13 1890 | 270 630 630 | 315 405 810
1530 1 144 | 270 540 720 | 306 408 816
1530 11 1512 | 288 378 864 | 270 420 840
1530 1 126 | 204 612 714 | 270 315 945
1530 177 22100 | 221 425 884 | 200 650 680
1530 3 340 | 255 255 1020 | 170 680 680
1530 641 68310 | 198 297 1035 | 160 506 864
1530 1 102 | 170 340 1020 | 153 459 918
1530 149 15120 | 144 630 756 | 210 240 1080
1530 141 14144 | 170 320 1040 | 221 221 1088
1530 229 22770 | 144 506 880 | 165 330 1035
1530 151 12834 | 155 225 1150 | 138 276 1116
1530 3 238 | 170 170 1190 | 102 714 714
1530 57 4400 | 100 550 880 | 165 165 1200
1530 211 15600 | 100 390 1040 | 130 200 1200
1530 1 72 | 153 153 1224 | 90 720 720
1530 11 702 | 78 594 858 | 90 270 1170
1530 3 172 | 68 731 731 | 120 120 1290
1530 11 630 | 90 180 1260 | 72 378 1080
1530 61 3240 | 72 243 1215 | 90 144 1296
1530 149 6120 | 80 90 1360 | 51 255 1224
1530 239 6630 | 34 170 1326 | 30 650 850
1530 3 80 | 34 136 1360 | 30 300 1200
1531 13 1995 | 315 532 684 | 310 570 651
1531 3103 398268 | 222 481 828 | 296 299 936
1531 3901 456456 | 231 312 988 | 264 266 1001
1531 397 41860 | 154 572 805 | 161 460 910
1531 64 5985 | 130 546 855 | 152 315 1064
1531 1531 110656 | 91 608 832 | 133 182 1216
1531 317 19680 | 75 656 800 | 96 205 1230
1531 8597 528360 | 74 680 777 | 105 168 1258
1531 283 13585 | 91 110 1330 | 57 429 1045
1531 785 37352 | 56 460 1015 | 69 174 1288
1531 1531 47040 | 40 147 1344 | 35 320 1176
1532 611 93328 | 307 560 665 | 304 614 614
1532 3 340 | 240 272 1020 | 180 468 884
1532 191 21420 | 180 442 910 | 224 288 1020
1532 23 2236 | 156 344 1032 | 182 258 1092
1532 241 23100 | 132 700 700 | 180 252 1100
1532 1319 122760 | 176 240 1116 | 155 297 1080
1532 41 3360 | 160 196 1176 | 108 560 864
1532 89 7072 | 104 544 884 | 160 182 1190
1532 79 6188 | 102 546 884 | 104 476 952
1532 5 352 | 140 160 1232 | 88 608 836
1532 53 3696 | 88 532 912 | 132 168 1232
1532 23 1440 | 104 180 1248 | 80 396 1056 | 112 160 1260
1532 23 1036 | 74 126 1332 | 52 518 962
1532 671 17472 | 32 156 1344 | 28 672 832
1533 1 168 | 438 511 584 | 441 504 588
1533 46 6993 | 378 378 777 | 333 444 756
1533 35 5148 | 312 429 792 | 279 572 682
1533 511 67488 | 222 608 703 | 288 333 912
1533 511 64515 | 253 345 935 | 207 561 765
1533 8 945 | 210 378 945 | 189 504 840
1533 8 759 | 161 294 1078 | 176 253 1104
1533 73 6384 | 133 336 1064 | 126 399 1008
1533 73 6240 | 140 273 1120 | 117 480 936
1533 73 5880 | 105 588 840 | 147 210 1176
1533 61 4788 | 168 168 1197 | 108 399 1026
1533 73 5304 | 91 714 728 | 153 156 1224
1533 73 3864 | 84 161 1288 | 63 504 966
1533 21 880 | 85 88 1360 | 48 495 990
1533 287 11400 | 48 285 1200 | 75 90 1368
1533 73 2640 | 42 336 1155 | 48 165 1320
1533 401 13860 | 42 231 1260 | 45 168 1320
1533 524 13167 | 28 308 1197 | 33 114 1386
1534 67 11050 | 400 510 624 | 442 442 650
1534 31 4914 | 378 442 714 | 364 468 702
1534 97 13860 | 261 580 693 | 280 462 792
1534 191 26180 | 238 616 680 | 253 476 805
1534 13 1770 | 236 590 708 | 295 354 885
1534 41 5544 | 234 572 728 | 232 609 693
1534 1 126 | 238 378 918 | 234 390 910 | 203 638 693
1534 53 5720 | 165 481 888 | 208 286 1040
1534 5 462 | 126 616 792 | 156 286 1092 | 165 259 1110
1534 71 5720 | 130 260 1144 | 104 715 715
1534 311 24024 | 99 616 819 | 104 429 1001
1534 67 4680 | 104 260 1170 | 90 456 988
1534 17 990 | 78 286 1170 | 90 190 1254
1534 7 288 | 64 126 1344 | 52 234 1248
1534 65 2618 | 46 476 1012 | 55 170 1309
1535 307 50160 | 400 475 660 | 380 528 627
1535 179 26565 | 345 385 805 | 294 506 735
1535 1273 177320 | 264 465 806 | 248 572 715
1535 1167 147560 | 248 357 930 | 204 651 680
1535 19 1760 | 143 352 1040 | 160 275 1100
1535 44 2821 | 78 651 806 | 91 266 1178
1535 1 63 | 77 567 891 | 91 247 1197 | 90 255 1190
1535 1733 102600 | 72 513 950 | 75 380 1080
1535 139 7308 | 63 464 1008 | 90 140 1305
1535 307 16133 | 65 365 1105 | 73 221 1241
1535 5657 271320 | 85 120 1330 | 56 510 969
1535 113 3978 | 44 204 1287 | 39 612 884
1536 11 1344 | 240 336 960 | 192 672 672
1536 73 8640 | 192 480 864 | 216 360 960
1536 367 39312 | 156 624 756 | 168 432 936
1536 7 720 | 216 240 1080 | 168 360 1008
1536 397 36960 | 176 240 1120 | 132 480 924
1536 283 18480 | 132 144 1260 | 80 616 840
1536 73 4680 | 78 648 810 | 84 360 1092
1536 347 20592 | 72 528 936 | 80 286 1170
1536 265 11232 | 54 234 1248 | 48 624 864
1537 7 984 | 312 364 861 | 287 410 840
1537 170 21567 | 273 316 948 | 237 390 910
1537 1 112 | 207 322 1008 | 168 592 777
1537 229 25080 | 165 532 840 | 228 264 1045
1537 5 504 | 168 333 1036 | 161 368 1008
1537 241 21900 | 150 292 1095 | 126 511 900
1537 7 580 | 116 406 1015 | 145 232 1160
1537 271 19152 | 112 228 1197 | 92 437 1008
1537 5 348 | 87 580 870 | 116 203 1218
1537 142 7735 | 65 520 952 | 68 364 1105
1537 3109 148005 | 65 207 1265 | 55 585 897
1537 3533 79365 | 33 74 1430 | 39 55 1443
1537 7829 140448 | 19 462 1056 | 32 42 1463
1537 179 2720 | 16 416 1105 | 17 160 1360
1538 599 89518 | 286 626 626 | 313 455 770
1538 19 2772 | 288 480 770 | 273 572 693
1538 541 65208 | 208 418 912 | 264 286 988
1538 61 7050 | 175 658 705 | 188 450 900
1538 103 11550 | 168 600 770 | 198 350 990
1538 769 72930 | 130 660 748 | 195 221 1122
1538 79 6552 | 130 288 1120 | 108 702 728
1538 37 2618 | 110 238 1190 | 88 680 770
1538 113 6480 | 80 243 1215 | 110 132 1296
1538 311 17680 | 80 234 1224 | 68 560 910
1538 113 6160 | 80 198 1260 | 64 704 770
1538 769 23970 | 60 68 1410 | 34 705 799
1539 13 2100 | 364 525 650 | 396 450 693
1539 11 1680 | 304 570 665 | 315 504 720
1539 19 2860 | 330 429 780 | 297 540 702
1539 2 273 | 247 494 798 | 252 468 819
1539 3 385 | 297 297 945 | 209 665 665
1539 13 1575 | 195 525 819 | 189 675 675
1539 47 4860 | 216 243 1080 | 162 405 972
1539 1 96 | 135 540 864 | 133 608 798
1539 19 1785 | 135 459 945 | 170 259 1110 | 153 315 1071
1539 17 1320 | 99 720 720 | 135 216 1188
1539 94 6045 | 90 279 1170 | 104 195 1240
1539 127 7980 | 90 252 1197 | 76 665 798
1539 3 140 | 76 133 1330 | 54 540 945
1539 1 44 | 54 297 1188 | 57 228 1254
1539 53 1872 | 44 208 1287 | 39 720 780
1540 1 168 | 420 560 560 | 462 462 616
1540 61 10150 | 400 560 580 | 406 525 609
1540 1 154 | 308 616 616 | 385 385 770
1540 49 7150 | 325 390 825 | 275 550 715
1540 7 988 | 286 418 836 | 260 520 760
1540 17 2352 | 245 560 735 | 252 504 784
1540 1 132 | 308 308 924 | 220 660 660
1540 7 900 | 210 630 700 | 240 400 900 | 220 495 825
1540 7 864 | 200 540 800 | 208 468 864
1540 2 245 | 280 280 980 | 196 560 784
1540 73 8820 | 196 504 840 | 245 315 980
1540 1 114 | 176 528 836 | 171 666 703
1540 7 780 | 240 260 1040 | 165 660 715
1540 7 736 | 160 460 920 | 176 352 1012
1540 1 100 | 220 220 1100 | 140 700 700
1540 139 13860 | 154 396 990 | 140 630 770
1540 101 10010 | 154 385 1001 | 165 325 1050
1540 1 96 | 132 704 704 | 210 210 1120
1540 7 660 | 132 528 880 | 165 275 1100
1540 413 37620 | 180 220 1140 | 132 418 990
1540 1 84 | 110 660 770 | 168 196 1176
1540 7 540 | 132 220 1188 | 100 540 900
1540 7 520 | 100 400 1040 | 110 286 1144
1540 7 484 | 88 484 968 | 110 220 1210
1540 87 5852 | 132 154 1254 | 84 532 924
1540 7 250 | 55 110 1375 | 40 500 1000
1540 7 240 | 44 176 1320 | 40 300 1200
1540 4193 135720 | 36 464 1040 | 40 195 1305
1540 941 14630 | 22 55 1463 | 19 91 1430
1541 1171 187616 | 352 533 656 | 410 416 715
1541 179 23664 | 221 624 696 | 232 493 816
1541 1279 167739 | 221 561 759 | 253 391 897
1541 677 86112 | 253 352 936 | 207 598 736
1541 79 9240 | 204 385 952 | 210 363 968
1541 19 2079 | 189 351 1001 | 161 621 759
1541 2 175 | 161 230 1150 | 116 700 725
1541 173 12768 | 96 476 969 | 133 192 1216
1541 1 56 | 92 161 1288 | 67 536 938
1541 829 42185 | 78 165 1298 | 59 715 767
1541 10 483 | 66 210 1265 | 69 184 1288
1541 179 3864 | 23 552 966 | 36 56 1449
1541 359 6820 | 22 155 1364 | 20 715 806
1542 1 165 | 390 528 624 | 420 462 660
1542 65 8322 | 292 300 950 | 228 438 876
1542 333 42400 | 212 530 800 | 288 300 954
1542 5 612 | 198 528 816 | 216 408 918
1542 263 31920 | 210 420 912 | 190 624 728
1542 5 528 | 156 528 858 | 198 288 1056
1542 33 3230 | 190 247 1105 | 136 646 760
1542 1205 116622 | 155 342 1045 | 198 228 1116
1542 139 11970 | 182 190 1170 | 114 630 798
1542 199 14280 | 112 240 1190 | 90 612 840
1542 41 2772 | 112 198 1232 | 84 567 891
1542 37 2379 | 78 732 732 | 84 366 1092
1542 7 360 | 72 210 1260 | 90 132 1320
1542 7 264 | 72 84 1386 | 42 660 840
1542 17 630 | 66 90 1386 | 42 450 1050
1543 122 16445 | 230 598 715 | 247 460 836
1543 3299 434720 | 247 416 880 | 220 608 715
1543 1247 163856 | 304 308 931 | 245 418 880
1543 1543 198900 | 234 425 884 | 225 468 850
1543 6233 755820 | 234 340 969 | 190 612 741
1543 14 1595 | 174 555 814 | 220 308 1015
1543 61 6840 | 195 360 988 | 171 532 840
1543 1423 158004 | 180 418 945 | 209 308 1026
1543 71 7308 | 174 333 1036 | 168 360 1015
1543 277 27027 | 143 455 945 | 135 693 715
1543 67 6006 | 143 308 1092 | 168 231 1144
1543 200 14007 | 87 644 812 | 115 210 1218
1543 347 22440 | 80 528 935 | 99 220 1224
1543 1543 98800 | 80 475 988 | 100 208 1235
1543 262 15561 | 91 198 1254 | 98 171 1274
1543 257 11655 | 55 333 1155 | 63 185 1295
1543 1453 32200 | 25 230 1288 | 28 115 1400
1544 193 32760 | 448 520 576 | 455 504 585
1544 101 16380 | 360 560 624 | 396 455 693
1544 37 5720 | 320 520 704 | 312 572 660
1544 131 20160 | 320 504 720 | 308 576 660
1544 151 22344 | 294 490 760 | 304 456 784
1544 193 27720 | 264 560 720 | 308 396 840
1544 19 2604 | 273 403 868 | 240 560 744
1544 37 4928 | 264 384 896 | 224 616 704
1544 5 576 | 192 416 936 | 176 576 792
1544 193 21672 | 224 288 1032 | 168 602 774
1544 631 61880 | 140 520 884 | 136 680 728
1544 79 7280 | 140 364 1040 | 128 520 896
1544 23 1800 | 144 200 1200 | 100 684 760
1544 17 1300 | 104 400 1040 | 100 494 950
1544 19 1386 | 99 374 1071 | 144 168 1232
1544 53 3432 | 99 221 1224 | 88 312 1144
1544 119 7326 | 99 187 1258 | 74 693 777
1544 193 11592 | 72 644 828 | 112 144 1288
1544 3491 192780 | 68 405 1071 | 70 340 1134
1544 193 8142 | 69 118 1357 | 48 552 944
1544 271 11424 | 48 544 952 | 64 136 1344
1544 47 1848 | 44 660 840 | 48 264 1232
1544 103 4032 | 44 576 924 | 56 144 1344
1544 283 11000 | 65 104 1375 | 44 500 1000
1544 2477 55800 | 24 620 900 | 25 279 1240
1544 193 1512 | 8 672 864 | 14 18 1512
1545 1 168 | 420 525 600 | 456 462 627
1545 9 1400 | 325 520 700 | 315 600 630
1545 8 1155 | 300 420 825 | 285 462 798
1545 241 31416 | 264 357 924 | 280 330 935
1545 103 11988 | 180 555 810 | 222 324 999
1545 2831 327600 | 175 650 720 | 225 312 1008
1545 103 11592 | 168 621 756 | 230 280 1035
1545 103 10800 | 225 240 1080 | 150 675 720
1545 143 12600 | 117 700 728 | 120 525 900
1545 431 35343 | 135 255 1155 | 126 297 1122
1545 1 60 | 100 170 1275 | 75 420 1050
1545 103 4095 | 63 117 1365 | 45 525 975
1545 59 2280 | 44 456 1045 | 45 360 1140
1545 103 2484 | 27 276 1242 | 30 135 1380
1545 103 504 | 6 27 1512 | 5 280 1260
1546 17 2730 | 350 546 650 | 390 442 714
1546 11 1596 | 266 608 672 | 273 532 741
1546 361 51600 | 258 600 688 | 336 350 860
1546 1087 152950 | 266 475 805 | 322 350 874
1546 5 602 | 196 490 860 | 215 385 946
1546 623 68448 | 186 368 992 | 161 672 713
1546 437 47520 | 160 594 792 | 220 270 1056
1546 83 8778 | 171 385 990 | 156 532 858
1546 1499 118404 | 143 207 1196 | 104 506 936
1546 115 7854 | 90 385 1071 | 84 714 748
1546 151 10080 | 90 336 1120 | 126 160 1260
1546 157 5922 | 42 658 846 | 66 94 1386
1547 7 1100 | 374 425 748 | 325 572 650
1547 1 147 | 273 637 637 | 357 357 833
1547 241 32760 | 252 455 840 | 234 585 728
1547 31 4200 | 312 325 910 | 231 616 700
1547 13 1551 | 231 329 987 | 187 561 799
1547 29 3360 | 175 672 700 | 224 315 1008
1547 41 4675 | 187 425 935 | 175 539 833
1547 4 455 | 170 663 714 | 182 455 910
1547 13 1400 | 175 392 980 | 170 425 952
1547 7 704 | 187 272 1088 | 143 572 832
1547 35 3432 | 136 663 748 | 143 468 936
1547 1 75 | 95 627 825 | 147 175 1225
1547 247 18480 | 112 280 1155 | 99 440 1008
1547 689 50715 | 98 414 1035 | 105 315 1127
1547 181 12012 | 84 462 1001 | 91 312 1144
1547 7 380 | 85 170 1292 | 65 494 988
1547 7 360 | 68 255 1224 | 65 312 1170
1547 91 4080 | 85 102 1360 | 51 680 816
1548 129 21280 | 420 456 672 | 380 560 608
1548 129 20240 | 352 460 736 | 330 528 690
1548 131 19800 | 352 396 800 | 300 528 720
1548 51 7448 | 294 456 798 | 323 392 833
1548 3 430 | 258 645 645 | 344 344 860
1548 43 5460 | 208 560 780 | 252 351 945
1548 3 344 | 172 688 688 | 258 258 1032
1548 491 55440 | 168 660 720 | 176 490 882
1548 47 4884 | 148 660 740 | 176 336 1036
1548 43 4446 | 156 456 936 | 171 351 1026
1548 89 9072 | 162 378 1008 | 144 648 756
1548 43 4320 | 180 288 1080 | 144 540 864
1548 43 3564 | 108 648 792 | 162 198 1188
1548 129 10360 | 140 224 1184 | 105 555 888
1548 6 455 | 104 380 1064 | 96 672 780
1548 653 49140 | 105 351 1092 | 104 364 1080
1548 1 72 | 96 396 1056 | 90 648 810
1548 43 3060 | 120 204 1224 | 90 540 918
1548 37 2520 | 90 378 1080 | 144 144 1260
1548 19 1260 | 90 324 1134 | 120 168 1260
1548 93 5980 | 78 690 780 | 92 260 1196
1548 237 12236 | 76 184 1288 | 60 690 798
1548 271 12870 | 72 156 1320 | 66 195 1287
1548 19 900 | 90 108 1350 | 63 225 1260
1548 11 468 | 76 104 1368 | 48 720 780
1548 79 3360 | 64 140 1344 | 48 700 800
1548 129 4640 | 40 580 928 | 60 96 1392
1548 129 2842 | 29 98 1421 | 24 348 1176
1548 43 330 | 8 220 1320 | 9 54 1485
1549 659 73416 | 184 399 966 | 171 504 874
1549 502 53397 | 180 349 1020 | 153 698 698
1549 1549 162316 | 187 308 1054 | 154 527 868
1549 389 36036 | 189 216 1144 | 130 495 924
1549 43 3432 | 105 520 924 | 104 561 884
1549 1 77 | 100 525 924 | 105 399 1045
1549 47 3395 | 97 385 1067 | 91 585 873
1549 59 4095 | 91 405 1053 | 105 247 1197
1549 1049 72240 | 105 240 1204 | 86 560 903
1549 7 468 | 91 324 1134 | 104 221 1224
1549 877 48048 | 77 224 1248 | 65 560 924
1550 31 5040 | 400 450 700 | 360 560 630
1550 1 150 | 310 465 775 | 300 500 750
1550 7 1035 | 342 380 828 | 276 630 644
1550 23 3250 | 325 350 875 | 250 650 650
1550 149 21000 | 315 360 875 | 250 600 700
1550 17 2340 | 270 416 864 | 325 325 900
1550 109 14070 | 210 670 670 | 270 335 945
1550 211 27170 | 220 494 836 | 275 325 950
1550 29 3640 | 200 650 700 | 224 416 910
1550 1 120 | 200 450 900 | 186 620 744 | 250 300 1000
1550 31 3500 | 175 500 875 | 200 350 1000
1550 607 65520 | 195 315 1040 | 182 360 1008
1550 1 92 | 124 713 713 | 200 200 1150
1550 61 3920 | 98 220 1232 | 80 490 980
1550 31 1794 | 75 325 1150 | 78 276 1196
1550 701 39270 | 68 462 1020 | 66 714 770
1550 1243 43680 | 40 390 1120 | 42 260 1248
1550 587 15840 | 55 55 1440 | 32 198 1320
1551 5 819 | 429 429 693 | 399 468 684
1551 307 45045 | 273 585 693 | 286 495 770
1551 13 1680 | 231 440 880 | 270 336 945
1551 493 62928 | 207 608 736 | 247 368 936
1551 89 9975 | 231 275 1045 | 171 525 855
1551 19 1980 | 220 242 1089 | 165 396 990
1551 113 9240 | 175 176 1200 | 132 264 1155
1551 43 3420 | 102 684 765 | 110 396 1045
1551 79 6105 | 111 330 1110 | 165 165 1221
1551 3 220 | 94 517 940 | 121 220 1210
1551 118 8415 | 99 330 1122 | 108 255 1188
1551 255 16588 | 88 319 1144 | 130 145 1276
1551 1567 91080 | 88 198 1265 | 69 690 792
1551 623 30780 | 81 140 1330 | 57 684 810
1551 6829 193440 | 32 310 1209 | 31 480 1040
1551 13 360 | 33 198 1320 | 30 585 936
1551 97 1305 | 14 522 1015 | 15 144 1392
1552 97 16354 | 416 544 592 | 442 481 629
1552 5 792 | 352 480 720 | 396 408 748
1552 5 704 | 256 528 768 | 320 352 880
1552 97 13440 | 320 336 896 | 240 640 672
1552 17 2184 | 208 672 672 | 252 364 936
1552 7741 920920 | 184 598 770 | 260 280 1012
1552 1961 232232 | 232 319 1001 | 182 616 754
1552 61 7200 | 180 672 700 | 200 416 936
1552 115 13104 | 252 260 1040 | 208 336 1008
1552 23 2520 | 180 392 980 | 160 672 720
1552 29 3120 | 180 364 1008 | 192 320 1040
1552 41761 3636600 | 120 475 957 | 116 600 836
1552 107 9204 | 177 195 1180 | 126 364 1062
1552 3 256 | 144 256 1152 | 112 672 768
1552 115 9504 | 120 352 1080 | 108 608 836
1552 37 3024 | 112 432 1008 | 108 532 912
1552 83 6300 | 100 462 990 | 147 180 1225
1552 71 5100 | 100 330 1122 | 90 612 850
1552 1369 78540 | 70 462 1020 | 108 135 1309
1552 97 5460 | 80 224 1248 | 70 390 1092
1552 263 10296 | 44 572 936 | 52 180 1320
1552 97 2800 | 40 112 1400 | 32 400 1120
1553 139 20475 | 273 630 650 | 275 585 693
1553 5237 753480 | 280 468 805 | 299 414 840
1553 29 2925 | 153 425 975 | 143 585 825
1553 79 7920 | 140 693 720 | 176 297 1080
1553 487 19575 | 45 725 783 | 58 145 1350
1554 37 6300 | 450 504 600 | 441 525 588
1554 7 1188 | 429 540 585 | 432 528 594
1554 41 6930 | 420 540 594 | 462 462 630
1554 401 65520 | 364 560 630 | 420 432 702
1554 7 1110 | 370 444 740 | 333 555 666
1554 37 5460 | 315 420 819 | 280 546 728
1554 37 5208 | 252 558 744 | 294 392 868
1554 259 35880 | 240 624 690 | 312 345 897
1554 153 20930 | 234 630 690 | 322 322 910
1554 421 57330 | 234 585 735 | 245 490 819
1554 193 25872 | 231 539 784 | 294 336 924
1554 259 33540 | 215 559 780 | 258 360 936
1554 2893 347760 | 270 276 1008 | 189 560 805
1554 37 4368 | 182 588 784 | 234 312 1008
1554 503 58212 | 176 594 784 | 189 441 924
1554 11 1260 | 210 336 1008 | 189 420 945
1554 17 1650 | 135 594 825 | 154 350 1050
1554 677 63840 | 168 266 1120 | 190 224 1140
1554 259 23760 | 132 432 990 | 144 330 1080
1554 259 23250 | 124 500 930 | 150 279 1125
1554 259 22230 | 114 585 855 | 156 228 1170
1554 347 28728 | 168 189 1197 | 114 432 1008
1554 95 7854 | 154 210 1190 | 126 306 1122
1554 1337 109098 | 154 203 1197 | 114 396 1044
1554 19 1512 | 105 504 945 | 104 540 910
1554 139 10710 | 126 238 1190 | 102 462 990
1554 37 2850 | 105 399 1050 | 114 300 1140
1554 259 19680 | 96 720 738 | 160 164 1230
1554 7 528 | 154 168 1232 | 110 304 1140 | 96 594 864
1554 111 8330 | 98 476 980 | 119 245 1190
1554 43 2940 | 98 280 1176 | 84 735 735
1554 37 2520 | 84 630 840 | 126 168 1260
1554 329 21216 | 96 234 1224 | 102 204 1248
1554 259 15990 | 78 410 1066 | 90 234 1230
1554 3 182 | 98 182 1274 | 74 518 962
1554 259 13050 | 60 450 1044 | 75 174 1305
1554 111 5360 | 80 134 1340 | 56 560 938
1554 3437 140760 | 46 680 828 | 72 102 1380
1554 131 4914 | 49 182 1323 | 54 135 1365
1554 1081 38220 | 39 735 780 | 49 140 1365
1554 559 12600 | 24 630 900 | 28 126 1400
1555 2831 400400 | 275 448 832 | 325 350 880
1555 11 1425 | 225 475 855 | 275 330 950
1555 103 13200 | 225 450 880 | 275 320 960
1555 109 13300 | 220 385 950 | 190 665 700
1555 131 15225 | 225 315 1015 | 203 377 975
1555 617 67275 | 161 575 819 | 195 325 1035
1555 19 880 | 85 110 1360 | 55 400 1100
1555 37 1116 | 36 217 1302 | 37 186 1332
1556 179 28560 | 340 544 672 | 360 476 720
1556 179 25740 | 261 580 715 | 260 594 702
1556 377 50160 | 264 380 912 | 247 429 880
1556 2111 278460 | 280 340 936 | 260 378 918
1556 7909 733824 | 196 208 1152 | 128 546 882
1556 1 80 | 104 572 880 | 112 380 1064
1556 77 5980 | 104 440 1012 | 130 230 1196
1556 53 4060 | 98 588 870 | 116 280 1160
1556 139 10400 | 100 416 1040 | 104 352 1100
1556 257 13090 | 74 187 1295 | 77 170 1309
1556 131 6160 | 60 264 1232 | 56 400 1100
1556 23 1008 | 76 112 1368 | 56 240 1260
1556 71 1036 | 17 111 1428 | 20 56 1480
1557 593 74970 | 204 588 765 | 245 360 952
1557 115 11076 | 132 710 715 | 208 213 1136
1557 31 2520 | 105 660 792 | 108 504 945
1557 3 176 | 99 162 1296 | 112 136 1309
1558 11 1710 | 369 410 779 | 342 456 760
1558 64 9765 | 310 504 744 | 300 558 700
1558 124 17017 | 238 572 748 | 308 340 910
1558 25 3024 | 189 592 777 | 270 280 1008
1558 425 46046 | 165 483 910 | 182 364 1012
1558 103 10920 | 152 665 741 | 182 336 1040
1558 25 2394 | 152 342 1064 | 133 570 855
1558 589 54912 | 198 208 1152 | 128 572 858
1558 19 1722 | 164 246 1148 | 123 574 861
1558 197 15470 | 130 238 1190 | 102 546 910
1558 437 17766 | 54 188 1316 | 51 238 1269
1559 1 119 | 187 539 833 | 182 663 714
1559 24 2821 | 182 558 819 | 195 434 930
1559 159 11165 | 87 660 812 | 110 231 1218
1559 2407 153153 | 119 153 1287 | 77 663 819
1559 851 45045 | 77 195 1287 | 63 495 1001
1559 239 11385 | 63 231 1265 | 65 207 1287
1559 491 17160 | 44 195 1320 | 40 364 1155
1559 436 13299 | 39 156 1364 | 34 403 1122
1559 1 19 | 20 684 855 | 38 39 1482
1560 233 37800 | 350 594 616 | 360 525 675
1560 9 1456 | 416 416 728 | 350 560 650
1560 1 156 | 312 624 624 | 390 390 780
1560 39 5890 | 304 496 760 | 310 475 775
1560 3 448 | 364 364 832 | 280 640 640
1560 17 2520 | 280 560 720 | 360 360 840
1560 29 4200 | 300 420 840 | 280 480 800
1560 13 1848 | 264 504 792 | 280 440 840
1560 13 1836 | 288 408 864 | 255 540 765
1560 13 1800 | 240 600 720 | 300 360 900
1560 41 5616 | 234 624 702 | 240 540 780
1560 1 132 | 240 440 880 | 234 468 858
1560 13 1680 | 280 320 960 | 210 630 720
1560 13 1584 | 192 576 792 | 240 330 990
1560 13 1512 | 216 336 1008 | 180 540 840
1560 181 20160 | 192 360 1008 | 180 420 960
1560 11 1200 | 195 325 1040 | 160 600 800
1560 1 108 | 240 240 1080 | 156 702 702
1560 257 27456 | 192 312 1056 | 156 572 832
1560 13 1380 | 160 480 920 | 180 345 1035
1560 169 16800 | 160 350 1050 | 200 240 1120
1560 3 286 | 208 208 1144 | 130 715 715
1560 697 65772 | 174 252 1134 | 140 405 1015
1560 59 5544 | 182 234 1144 | 132 504 924
1560 3 280 | 160 280 1120 | 130 520 910
1560 1 90 | 195 195 1170 | 120 720 720
1560 191 17160 | 120 660 780 | 156 260 1144
1560 13 1080 | 108 660 792 | 120 360 1080
1560 481 36960 | 110 330 1120 | 160 168 1232
1560 101 7410 | 130 195 1235 | 152 160 1248
1560 1 72 | 90 630 840 | 108 264 1188
1560 221 15120 | 84 720 756 | 108 220 1232
1560 9 572 | 80 440 1040 | 117 156 1287
1560 13 810 | 75 675 810 | 120 144 1296
1560 21 1300 | 75 585 900 | 130 130 1300
1560 13 744 | 72 372 1116 | 80 240 1240
1560 299 14784 | 64 264 1232 | 84 132 1344
1560 1 42 | 65 130 1365 | 48 504 1008
1560 13 540 | 60 150 1350 | 48 432 1080
1560 39 1408 | 40 640 880 | 64 88 1408
1560 13 456 | 48 144 1368 | 40 380 1140
1560 13 288 | 24 384 1152 | 30 90 1440
1561 223 34980 | 371 420 770 | 318 583 660
1561 397 51205 | 245 385 931 | 209 637 715
1561 31 3591 | 209 351 1001 | 189 441 931
1561 223 21735 | 135 621 805 | 189 245 1127
1561 7729 720720 | 126 715 720 | 198 208 1155
1561 37 3432 | 130 495 936 | 126 616 819
1561 161 14144 | 136 320 1105 | 117 612 832
1561 14 1131 | 130 261 1170 | 117 342 1102
1561 223 17028 | 126 231 1204 | 99 516 946
1561 1561 38961 | 37 81 1443 | 27 481 1053
1561 167 3800 | 25 320 1216 | 28 133 1400
1561 143 2975 | 22 714 825 | 25 136 1400
1561 69 1309 | 22 153 1386 | 21 231 1309
1562 1 168 | 440 462 660 | 414 504 644
1562 797 120120 | 315 455 792 | 286 616 660
1562 25 3744 | 288 546 728 | 312 450 800
1562 17 2310 | 231 605 726 | 308 330 924
1562 377 50490 | 297 330 935 | 270 374 918
1562 2263 283556 | 266 312 984 | 287 287 988
1562 83 10296 | 260 312 990 | 198 572 792
1562 101 11970 | 266 270 1026 | 190 490 882
1562 1 112 | 176 462 924 | 210 312 1040
1562 19 2030 | 154 638 770 | 170 406 986
1562 13 1386 | 154 616 792 | 231 242 1089
1562 1423 150150 | 182 330 1050 | 154 550 858
1562 1 105 | 154 528 880 | 210 260 1092 | 152 570 840
1562 43 3960 | 132 440 990 | 154 288 1120
1562 59 4840 | 176 176 1210 | 110 484 968
1562 29 2340 | 117 340 1105 | 104 648 810
1562 111 8840 | 104 540 918 | 102 680 780
1562 287 21114 | 92 714 756 | 136 184 1242
1562 1 72 | 117 221 1224 | 92 504 966
1562 131 8580 | 80 624 858 | 88 330 1144
1562 31 1872 | 80 312 1170 | 99 176 1287 | 104 162 1296
1562 379 22568 | 77 341 1144 | 104 156 1302
1562 479 19950 | 50 315 1197 | 57 175 1330
1562 13 525 | 52 210 1300 | 50 252 1260
1563 457 62640 | 261 432 870 | 240 540 783
1563 5633 643104 | 203 352 1008 | 231 288 1044
1563 107 8400 | 105 450 1008 | 132 231 1200
1563 523 40425 | 143 195 1225 | 100 539 924
1563 181 11583 | 78 594 891 | 81 429 1053
1563 4003 197064 | 68 207 1288 | 63 276 1224
1563 839 36720 | 68 135 1360 | 51 432 1080
1563 67 2520 | 42 585 936 | 63 100 1400
1564 11 1890 | 459 510 595 | 448 540 576
1564 13 2100 | 345 575 644 | 360 504 700
1564 1 160 | 340 544 680 | 368 460 736
1564 311 48356 | 314 550 700 | 308 628 628
1564 13 1932 | 276 644 644 | 322 414 828
1564 5 714 | 255 595 714 | 272 476 816
1564 151 20020 | 220 616 728 | 221 595 748
1564 43 5610 | 220 528 816 | 255 374 935
1564 887 108108 | 189 660 715 | 208 432 924
1564 197 23868 | 189 595 780 | 204 442 918
1564 1 120 | 184 690 690 | 272 272 1020 | 195 481 888
1564 1 108 | 220 264 1080 | 160 540 864
1564 29 2880 | 170 306 1088 | 192 252 1120
1564 19 1870 | 187 255 1122 | 136 680 748
1564 71 6240 | 160 234 1170 | 185 195 1184
1564 1 84 | 120 380 1064 | 112 528 924
1564 59 4914 | 108 728 728 | 120 364 1080
1564 37 2968 | 161 184 1219 | 106 504 954
1564 1 80 | 115 345 1104 | 120 304 1140
1564 479 27720 | 80 252 1232 | 70 504 990
1564 229 12096 | 64 420 1080 | 108 112 1344
1564 47 1650 | 39 550 975 | 44 200 1320
1564 29 630 | 25 189 1350 | 24 280 1260
1565 253 31850 | 200 637 728 | 260 325 980
1565 67 8330 | 196 629 740 | 245 340 980
1565 313 34320 | 195 330 1040 | 165 520 880
1565 313 31584 | 210 235 1120 | 141 672 752
1565 313 30672 | 213 216 1136 | 135 710 720
1565 769 69160 | 152 273 1140 | 120 665 780
1565 47 4200 | 120 595 850 | 135 350 1080
1565 17 1404 | 135 260 1170 | 143 234 1188
1565 313 25200 | 140 225 1200 | 105 560 900
1565 667 49400 | 130 200 1235 | 95 520 950
1565 20047 1276275 | 77 663 825 | 85 325 1155
1565 892 51975 | 77 300 1188 | 70 550 945
1565 313 15168 | 60 320 1185 | 64 237 1264
1565 197 6300 | 45 120 1400 | 35 630 900
1566 13 2208 | 414 576 576 | 416 552 598
1566 281 40920 | 264 620 682 | 279 495 792
1566 109 15444 | 324 351 891 | 286 416 864
1566 257 35568 | 312 342 912 | 240 585 741
1566 263 34320 | 286 320 960 | 231 455 880
1566 19 2430 | 243 378 945 | 270 324 972
1566 109 12690 | 235 297 1034 | 180 540 846
1566 887 102960 | 180 528 858 | 182 504 880
1566 1 116 | 261 261 1044 | 174 696 696
1566 1 110 | 180 396 990 | 174 435 957 | 162 594 810
1566 181 18480 | 147 539 880 | 144 630 792
1566 5 483 | 144 414 1008 | 140 460 966
1566 3 280 | 126 720 720 | 203 203 1160
1566 61 5670 | 126 630 810 | 162 270 1134
1566 51 4466 | 116 638 812 | 126 396 1044
1566 1 84 | 110 616 840 | 116 435 1015
1566 107 8970 | 117 414 1035 | 110 598 858
1566 1 70 | 126 180 1260 | 87 609 870
1566 535 36828 | 110 216 1240 | 99 279 1188
1566 5 342 | 84 684 798 | 114 198 1254
1566 815 55692 | 104 238 1224 | 84 663 819
1566 1 66 | 116 174 1276 | 81 594 891
1566 349 18480 | 70 264 1232 | 63 495 1008
1566 151 6006 | 63 117 1386 | 48 286 1232
1567 1567 209440 | 224 595 748 | 280 352 935
1567 227 26520 | 255 272 1040 | 195 420 952
1567 101 11067 | 217 279 1071 | 187 357 1023
1567 649 55575 | 175 195 1197 | 117 475 975
1567 1867 150696 | 104 644 819 | 115 360 1092
1567 47 2760 | 72 460 1035 | 115 132 1320
1567 1567 87780 | 66 665 836 | 105 132 1330
1568 1 168 | 392 588 588 | 448 448 672
1568 49 8160 | 408 480 680 | 384 544 640
1568 1009 163800 | 364 504 700 | 390 450 728
1568 79 11760 | 336 392 840 | 294 490 784
1568 7 1040 | 280 560 728 | 320 416 832
1568 11 1440 | 224 504 840 | 288 320 960
1568 29 3672 | 216 468 884 | 238 378 952
1568 11 1372 | 245 343 980 | 196 686 686
1568 17 1980 | 204 374 990 | 175 693 700
1568 31 3600 | 210 350 1008 | 176 600 792
1568 1 110 | 182 385 1001 | 160 704 704 | 245 245 1078
1568 49 5280 | 192 320 1056 | 160 528 880
1568 7 680 | 138 510 920 | 140 476 952 | 160 320 1088
1568 53 4480 | 128 320 1120 | 112 560 896
1568 7 576 | 112 448 1008 | 128 288 1152
1568 7 570 | 160 192 1216 | 105 665 798
1568 917 73656 | 132 248 1188 | 143 216 1209
1568 3 220 | 110 270 1188 | 105 308 1155
1568 77 4420 | 110 132 1326 | 68 650 850
1568 19 840 | 64 160 1344 | 56 252 1260
1568 217 9200 | 48 600 920 | 50 368 1150
1568 49 1440 | 48 80 1440 | 32 576 960
1568 7 176 | 28 308 1232 | 32 128 1408
1569 31 4095 | 225 525 819 | 273 351 945
1569 11 1404 | 210 540 819 | 204 663 702
1569 2279 280896 | 209 448 912 | 192 684 693
1569 1 120 | 200 444 925 | 189 540 840
1569 1569 186760 | 184 580 805 | 232 322 1015
1569 14803 1388520 | 152 315 1102 | 168 261 1140
1569 523 46200 | 150 264 1155 | 120 525 924
1569 1361 110880 | 105 672 792 | 126 288 1155
1569 13 552 | 69 120 1380 | 48 624 897
1569 115 4389 | 44 385 1140 | 57 126 1386
1569 523 10080 | 24 105 1440 | 21 288 1260
1570 11 1800 | 360 550 660 | 400 450 720
1570 157 24640 | 352 448 770 | 320 550 700
1570 157 20790 | 220 594 756 | 275 350 945
1570 97 10850 | 175 465 930 | 210 310 1050
1570 503 50400 | 160 360 1050 | 140 630 800
1570 451 40950 | 126 494 950 | 175 225 1170
1570 17 1456 | 112 702 756 | 175 195 1200
1570 23 1800 | 100 630 840 | 110 360 1100
1570 157 10800 | 100 270 1200 | 90 400 1080
1570 157 10332 | 105 205 1260 | 82 504 984
1570 157 10176 | 80 530 960 | 106 192 1272
1570 157 9240 | 110 140 1320 | 70 660 840
1570 11 630 | 70 450 1050 | 114 126 1330
1570 157 7524 | 55 660 855 | 88 114 1368
1570 11 504 | 76 126 1368 | 55 360 1155
1570 157 6900 | 50 600 920 | 75 115 1380
1570 29 1232 | 72 112 1386 | 52 286 1232
1570 71 2030 | 50 70 1450 | 31 609 930
1570 157 4248 | 30 360 1180 | 36 118 1416
1571 3 280 | 176 240 1155 | 126 680 765
1571 343 24960 | 128 195 1248 | 91 640 840
1571 199 14364 | 92 513 966 | 108 266 1197
1571 137 5600 | 50 273 1248 | 75 96 1400
1572 487 77220 | 330 540 702 | 325 572 675
1572 43 6600 | 297 600 675 | 330 450 792
1572 41 6240 | 312 480 780 | 340 416 816
1572 263 36036 | 297 351 924 | 252 462 858
1572 9 1190 | 280 340 952 | 270 357 945
1572 1 132 | 252 396 924 | 220 572 780
1572 183 22880 | 200 572 800 | 221 416 935
1572 557 65520 | 195 432 945 | 252 280 1040
1572 59 6090 | 168 360 1044 | 203 259 1110
1572 61 5760 | 128 684 760 | 180 240 1152
1572 29 2688 | 128 532 912 | 168 252 1152
1572 151 13860 | 182 220 1170 | 165 252 1155
1572 125 11172 | 147 285 1140 | 168 228 1176
1572 239 20748 | 114 702 756 | 180 195 1197
1572 79 6840 | 175 200 1197 | 114 648 810
1572 1165 100464 | 168 208 1196 | 115 560 897
1572 307 26334 | 165 210 1197 | 114 567 891
1572 29 2400 | 120 352 1100 | 108 600 864
1572 265 19404 | 98 396 1078 | 147 165 1260
1572 23 1680 | 144 168 1260 | 120 220 1232
1572 71 4680 | 90 312 1170 | 120 165 1287
1572 1 60 | 72 600 900 | 120 132 1320
1572 713 38976 | 112 116 1344 | 64 696 812
1572 263 12420 | 54 690 828 | 60 270 1242
1572 137 6120 | 51 585 936 | 68 144 1360
1572 19 828 | 72 120 1380 | 54 276 1242
1572 191 7140 | 51 156 1365 | 42 510 1020
1572 1 32 | 60 72 1440 | 36 384 1152
1572 359 10080 | 42 90 1440 | 32 280 1260
1573 47 7956 | 442 468 663 | 403 558 612
1573 1 165 | 363 605 605 | 429 429 715 | 385 495 693
1573 19 2772 | 286 468 819 | 264 616 693
1573 1069 148512 | 238 663 672 | 273 416 884
1573 13 1584 | 208 429 936 | 198 495 880
1573 19 1980 | 154 495 924 | 198 275 1100
1573 59 5775 | 143 455 975 | 165 308 1100
1573 529 51480 | 143 440 990 | 195 234 1144
1573 1 88 | 143 286 1144 | 121 484 968
1573 13 1089 | 121 363 1089 | 165 198 1210
1573 10 819 | 130 273 1170 | 117 364 1092
1573 169 10120 | 88 220 1265 | 115 138 1320
1573 181 9880 | 91 152 1330 | 65 520 988
1573 65 3069 | 54 682 837 | 55 495 1023
1573 1651 70840 | 72 115 1386 | 55 230 1288
1574 223 34400 | 344 430 800 | 300 602 672
1574 601 89794 | 323 417 834 | 278 612 684
1574 3907 398970 | 155 429 990 | 198 260 1116
1574 49 4680 | 130 684 760 | 144 390 1040
1574 367 32130 | 168 216 1190 | 119 510 945
1574 6511 478400 | 92 650 832 | 104 320 1150
1574 787 49680 | 92 240 1242 | 80 414 1080
1574 551 31824 | 104 144 1326 | 78 272 1224
1574 787 44982 | 68 588 918 | 98 153 1323
1574 787 41850 | 62 675 837 | 100 124 1350
1574 227 10780 | 55 539 980 | 56 440 1078
1574 787 30888 | 44 594 936 | 66 104 1404
1575 3 493 | 425 425 725 | 357 609 609
1575 3 490 | 392 455 728 | 420 420 735
1575 7 1080 | 300 600 675 | 315 504 756 | 360 405 810
1575 7 1020 | 300 425 850 | 270 540 765
1575 43 5880 | 273 392 910 | 245 490 840
1575 1 135 | 225 675 675 | 315 315 945
1575 21 2600 | 250 325 1000 | 195 600 780
1575 31 3780 | 189 630 756 | 210 420 945
1575 21 2200 | 150 600 825 | 200 275 1100
1575 109 10395 | 189 231 1155 | 135 495 945
1575 44 4095 | 126 630 819 | 195 210 1170
1575 21 1900 | 150 285 1140 | 125 500 950
1575 7027 599760 | 144 255 1176 | 112 630 833
1575 7 585 | 135 270 1170 | 117 405 1053 | 125 325 1125
1575 397 32760 | 117 378 1080 | 112 455 1008
1575 3 245 | 105 735 735 | 175 175 1225
1575 21 1628 | 100 550 925 | 132 222 1221
1575 53 3780 | 90 540 945 | 126 189 1260
1575 57 3640 | 77 728 770 | 80 455 1040
1575 889 51480 | 70 504 1001 | 99 156 1320
1575 1933 95760 | 57 720 798 | 95 112 1368
1575 21 928 | 87 96 1392 | 50 725 800
1575 7 228 | 36 513 1026 | 50 100 1425
1575 53 1365 | 39 80 1456 | 28 455 1092
1576 299 44336 | 272 652 652 | 326 400 850
1576 17 2240 | 224 520 832 | 280 336 960
1576 1 126 | 224 416 936 | 207 518 851
1576 1033 121030 | 190 455 931 | 245 286 1045
1576 17 1932 | 168 672 736 | 207 333 1036
1576 1601 180576 | 216 304 1056 | 198 352 1026
1576 31 3360 | 224 260 1092 | 168 448 960
1576 145 15708 | 204 294 1078 | 165 476 935
1576 17 1800 | 156 520 900 | 168 400 1008
1576 25 2464 | 208 224 1144 | 176 280 1120
1576 475 43524 | 124 594 858 | 140 351 1085
1576 367 33120 | 185 207 1184 | 120 720 736
1576 103 9240 | 132 380 1064 | 120 616 840
1576 457 32032 | 91 429 1056 | 96 336 1144
1576 1489 92664 | 104 176 1296 | 81 351 1144
1576 79 4620 | 80 264 1232 | 114 132 1330
1576 121 6720 | 68 420 1088 | 112 120 1344
1576 127 5320 | 76 100 1400 | 56 190 1330
1576 359 14784 | 64 126 1386 | 56 176 1344
1576 313 10080 | 36 420 1120 | 56 80 1440
1577 371 60192 | 342 608 627 | 352 532 693
1577 287 42900 | 308 450 819 | 312 440 825
1577 19 2288 | 208 407 962 | 224 352 1001
1577 26 2527 | 133 722 722 | 152 361 1064
1577 29 2508 | 132 323 1122 | 114 627 836
1577 1 65 | 95 247 1235 | 83 415 1079
1577 29 1848 | 132 136 1309 | 77 660 840
1577 116 7315 | 76 665 836 | 77 550 950
1577 152 9009 | 72 504 1001 | 77 330 1170
1577 17 825 | 57 475 1045 | 65 225 1287
1577 23 1071 | 57 323 1197 | 81 119 1377
1578 19 3120 | 390 468 720 | 368 520 690
1578 17 2340 | 234 624 720 | 247 495 836
1578 131 18018 | 252 468 858 | 234 616 728
1578 181 22770 | 198 690 690 | 209 495 874
1578 7 880 | 252 336 990 | 198 660 720
1578 21 2470 | 247 286 1045 | 184 520 874
1578 143 15810 | 238 255 1085 | 186 372 1020
1578 101 10920 | 216 270 1092 | 161 520 897
1578 557 53550 | 135 525 918 | 150 357 1071
1578 19723 1782144 | 153 273 1152 | 128 442 1008
1578 1 90 | 126 462 990 | 120 648 810
1578 43 3864 | 138 336 1104 | 120 630 828
1578 97 8400 | 120 450 1008 | 168 210 1200
1578 607 43680 | 96 390 1092 | 120 210 1248
1578 41 2790 | 104 234 1240 | 90 372 1116
1578 4877 326040 | 104 220 1254 | 120 171 1287
1578 29 1872 | 78 720 780 | 96 234 1248
1578 12143 665280 | 70 320 1188 | 99 135 1344
1578 23 1140 | 90 120 1368 | 57 741 780
1578 145 7182 | 60 378 1140 | 57 702 819
1578 61 2970 | 57 495 1026 | 60 330 1188
1578 131 6210 | 60 276 1242 | 90 108 1380
1578 1075 24024 | 28 120 1430 | 24 462 1092
1579 8 1023 | 248 363 968 | 279 310 990
1579 59 6825 | 175 585 819 | 230 299 1050
1579 439 41860 | 160 299 1120 | 130 644 805
1579 37 3360 | 185 210 1184 | 144 315 1120
1580 1 158 | 316 632 632 | 395 395 790
1580 79 12180 | 300 580 700 | 348 420 812
1580 221 33810 | 299 546 735 | 360 392 828
1580 79 11970 | 360 380 840 | 285 630 665
1580 1 150 | 300 480 800 | 280 600 700
1580 79 11550 | 264 616 700 | 330 375 875
1580 523 75240 | 285 440 855 | 304 396 880
1580 79 10920 | 240 560 780 | 280 390 910
1580 31 4180 | 228 572 780 | 300 330 950
1580 61 7280 | 260 280 1040 | 208 392 980
1580 79 9152 | 176 572 832 | 220 320 1040
1580 29 3120 | 208 280 1092 | 180 360 1040
1580 73 7700 | 200 280 1100 | 150 660 770
1580 79 7560 | 150 350 1080 | 140 432 1008
1580 97 8760 | 120 730 730 | 135 365 1080
1580 29 2440 | 122 360 1098 | 110 616 854
1580 22 1755 | 108 432 1040 | 104 540 936
1580 47 3700 | 110 370 1100 | 100 740 740
1580 1063 69300 | 84 396 1100 | 100 220 1260
1580 79 5040 | 96 224 1260 | 80 450 1050
1580 1 60 | 79 316 1185 | 80 300 1200
1580 79 3990 | 75 175 1330 | 60 456 1064
1580 43 2160 | 85 135 1360 | 80 150 1350
1580 129 5600 | 84 96 1400 | 50 480 1050
1580 163 5904 | 40 720 820 | 41 432 1107
1580 79 2852 | 40 620 920 | 62 92 1426
1580 719 20020 | 44 80 1456 | 30 770 780
1580 79 1196 | 20 65 1495 | 16 368 1196
1580 359 4180 | 16 44 1520 | 12 770 798
1581 215 34632 | 333 624 624 | 360 481 740
1581 73 11628 | 360 456 765 | 323 612 646
1581 1 156 | 372 403 806 | 306 612 663
1581 23 3330 | 333 360 888 | 261 580 740
1581 5 612 | 204 459 918 | 255 306 1020
1581 103 12420 | 270 276 1035 | 189 552 840
1581 31 3315 | 153 663 765 | 221 255 1105
1581 2293 239400 | 175 342 1064 | 171 360 1050
1581 107 10260 | 132 594 855 | 171 270 1140
1581 547 46800 | 156 225 1200 | 112 650 819
1581 1709 118404 | 138 156 1287 | 99 286 1196
1581 71 4536 | 78 567 936 | 81 420 1080
1581 8 405 | 60 468 1053 | 81 150 1350
1581 146 7239 | 57 762 762 | 60 381 1140
1581 1 45 | 93 93 1395 | 51 765 765
1581 23 1020 | 51 510 1020 | 60 195 1326
1581 11 405 | 42 405 1134 | 45 240 1296
1581 31 504 | 27 42 1512 | 17 612 952
1581 31 435 | 17 85 1479 | 15 261 1305
1581 71 891 | 15 81 1485 | 13 567 1001
1581 971 7560 | 9 60 1512 | 8 385 1188
1582 21 2860 | 286 360 936 | 273 385 924
1582 259 33120 | 207 575 800 | 230 416 936
1582 8521 1041390 | 190 609 783 | 266 290 1026
1582 321 37352 | 174 672 736 | 207 360 1015
1582 7 690 | 207 225 1150 | 138 570 874
1582 89 8190 | 126 546 910 | 130 462 990
1582 3383 296856 | 168 217 1197 | 152 252 1178
1582 43 3640 | 130 308 1144 | 112 560 910
1582 107 8624 | 112 392 1078 | 154 196 1232
1582 14 575 | 52 230 1300 | 46 736 800
1582 463 10374 | 24 494 1064 | 35 65 1482
1583 17 2800 | 368 525 690 | 400 455 728
1583 89 13200 | 325 400 858 | 288 495 800
1583 29 3150 | 175 400 1008 | 231 252 1100
1583 397 40040 | 143 560 880 | 140 715 728
1583 2969 198352 | 88 368 1127 | 98 253 1232
1583 1873 112200 | 75 408 1100 | 88 220 1275
1584 3 520 | 440 572 572 | 480 480 624
1584 23 3672 | 360 459 765 | 324 612 648
1584 3 440 | 352 352 880 | 264 660 660
1584 1 144 | 288 432 864 | 264 528 792
1584 1 140 | 330 330 924 | 240 672 672
1584 61 8424 | 324 324 936 | 264 429 891 | 234 648 702
1584 95 13104 | 312 336 936 | 234 630 720
1584 1 126 | 198 693 693 | 288 288 1008
1584 23 2772 | 198 462 924 | 224 352 1008
1584 3 352 | 264 264 1056 | 176 704 704
1584 37 4320 | 180 540 864 | 192 432 960
1584 17 1980 | 240 288 1056 | 198 396 990
1584 1219 137280 | 208 320 1056 | 165 704 715
1584 13 1440 | 216 288 1080 | 198 330 1056
1584 39 4180 | 156 570 858 | 209 275 1100
1584 5 468 | 126 702 756 | 180 234 1170
1584 3 280 | 165 264 1155 | 140 380 1064 | 126 648 810 | 128 560 896
1584 31 2730 | 143 286 1155 | 126 405 1053
1584 3 230 | 121 253 1210 | 135 207 1242
1584 155 11592 | 140 184 1260 | 126 216 1242
1584 17 1260 | 135 189 1260 | 96 480 1008
1584 31 2184 | 88 572 924 | 112 224 1248
1584 7 480 | 84 700 800 | 88 440 1056
1584 37 2520 | 108 216 1260 | 84 600 900
1584 17 1008 | 72 504 1008 | 84 240 1260
1584 47 2520 | 72 252 1260 | 63 585 936
1584 3 152 | 64 304 1216 | 66 264 1254
1584 29 1386 | 99 99 1386 | 63 234 1287
1584 29 1260 | 54 270 1260 | 63 156 1365
1584 3 128 | 48 768 768 | 88 88 1408
1584 31 1224 | 44 748 792 | 45 459 1080
1584 3 112 | 44 308 1232 | 48 192 1344
1584 23 720 | 63 65 1456 | 48 96 1440
1584 251 7740 | 36 258 1290 | 37 215 1332
1585 11 1872 | 400 585 600 | 403 558 624
1585 433 70300 | 370 475 740 | 350 532 703
1585 547 73150 | 228 532 825 | 220 665 700
1585 37 4500 | 225 360 1000 | 220 375 990
1585 71 7560 | 160 480 945 | 216 259 1110
1585 47 4620 | 210 220 1155 | 140 510 935
1585 59 4140 | 90 460 1035 | 115 210 1260
1585 1531 98400 | 123 150 1312 | 80 480 1025
1585 1369 74772 | 67 402 1116 | 90 155 1340
1585 1259 50715 | 45 735 805 | 49 276 1260
1586 793 128898 | 341 594 651 | 396 434 756
1586 47 7392 | 336 480 770 | 322 528 736
1586 173 26928 | 306 576 704 | 374 396 816
1586 163 23868 | 306 416 864 | 351 351 884
1586 101 14586 | 286 442 858 | 306 396 884
1586 13 1830 | 244 610 732 | 305 366 915
1586 11 1521 | 312 338 936 | 234 676 676
1586 793 108528 | 266 408 912 | 238 532 816
1586 23 3060 | 221 585 780 | 255 396 935
1586 793 103320 | 287 315 984 | 210 656 720
1586 61 7700 | 200 616 770 | 260 325 1001
1586 793 99330 | 220 420 946 | 210 473 903
1586 19 2184 | 210 336 1040 | 182 468 936
1586 2899 332010 | 217 315 1054 | 180 476 930
1586 443 48048 | 161 528 897 | 208 286 1092
1586 793 77280 | 160 322 1104 | 140 480 966
1586 29 2730 | 182 234 1170 | 130 546 910
1586 1 90 | 122 549 915 | 156 260 1170
1586 5 432 | 114 608 864 | 119 459 1008
1586 61 3380 | 65 676 845 | 104 130 1352
1586 61 3366 | 68 396 1122 | 78 221 1287
1586 39 1904 | 56 714 816 | 60 336 1190
1586 71 2925 | 50 288 1248 | 52 234 1300
1586 793 25200 | 36 350 1200 | 42 144 1400
1587 4 693 | 462 495 630 | 456 504 627
1587 739 115920 | 315 552 720 | 368 414 805
1587 3 460 | 345 414 828 | 322 460 805
1587 17 2520 | 285 504 798 | 272 595 720
1587 1223 148005 | 253 299 1035 | 195 495 897
1587 251 27720 | 168 495 924 | 210 297 1080
1587 685 75348 | 161 598 828 | 168 483 936
1587 11 1080 | 156 351 1080 | 135 660 792
1587 475 39468 | 138 253 1196 | 108 621 858
1587 13 1080 | 117 390 1080 | 135 264 1188
1587 9 715 | 143 209 1235 | 117 315 1155
1587 199 15708 | 105 462 1020 | 102 561 924
1587 1823 143640 | 105 456 1026 | 108 399 1080
1587 326 10185 | 35 388 1164 | 36 291 1260
1588 397 54516 | 231 649 708 | 308 336 944
1588 3217 438900 | 308 330 950 | 228 660 700
1588 23 3024 | 216 588 784 | 238 432 918
1588 397 51480 | 286 312 990 | 208 660 720
1588 31 3780 | 216 392 980 | 220 378 990
1588 1583 160160 | 182 286 1120 | 220 224 1144
1588 5 504 | 144 532 912 | 180 288 1120
1588 11 1088 | 136 704 748 | 160 340 1088
1588 4 385 | 132 616 840 | 160 308 1120
1588 577 55440 | 140 440 1008 | 144 399 1045
1588 31 2860 | 143 340 1105 | 130 468 990
1588 1 90 | 130 405 1053 | 144 304 1140
1588 193 14560 | 104 364 1120 | 130 210 1248
1588 541 31008 | 76 288 1224 | 68 608 912
1588 3559 192192 | 63 693 832 | 88 156 1344
1588 725 32292 | 92 92 1404 | 52 432 1104
1588 641 28080 | 51 432 1105 | 80 104 1404
1588 397 12546 | 41 153 1394 | 36 328 1224
1588 397 8976 | 44 48 1496 | 24 748 816
1589 7 1160 | 406 455 728 | 400 464 725
1589 31 4851 | 315 539 735 | 308 588 693
1589 4 561 | 297 374 918 | 308 357 924
1589 23 2860 | 210 455 924 | 220 407 962
1589 59 6930 | 176 693 720 | 220 333 1036
1589 7 720 | 144 680 765 | 147 560 882
1589 4067 344520 | 110 696 783 | 132 297 1160
1589 437 35728 | 154 203 1232 | 110 464 1015
1589 137 9100 | 119 170 1300 | 84 455 1050
1589 1373 32200 | 28 161 1400 | 25 644 920
1590 107 16830 | 315 561 714 | 330 495 765
1590 11 1680 | 288 630 672 | 350 400 840
1590 43 5580 | 288 310 992 | 225 465 900
1590 271 32604 | 198 456 936 | 260 285 1045
1590 751 90090 | 182 693 715 | 210 390 990
1590 101 12090 | 195 465 930 | 240 310 1040
1590 349 34650 | 210 225 1155 | 140 550 900
1590 9 868 | 160 310 1120 | 133 589 868
1590 59 5610 | 150 340 1100 | 132 540 918
1590 2929 257400 | 120 495 975 | 130 360 1100
1590 7 600 | 120 420 1050 | 150 240 1200
1590 293 22680 | 162 168 1260 | 105 405 1080
1590 31 2310 | 132 198 1260 | 105 330 1155
1590 1 72 | 90 600 900 | 120 210 1260
1590 23 1584 | 90 400 1100 | 132 162 1296
1590 211 13860 | 80 630 880 | 99 231 1260
1590 19 1104 | 72 414 1104 | 69 624 897
1590 29 1650 | 108 132 1350 | 70 420 1100
1590 4 189 | 54 672 864 | 60 270 1260
1590 41 1848 | 60 210 1320 | 72 132 1386
1590 8 351 | 78 108 1404 | 54 288 1248
1590 509 19950 | 70 95 1425 | 50 210 1330
1590 1019 27360 | 36 114 1440 | 32 190 1368
1591 5 792 | 344 473 774 | 315 616 660
1591 139 20520 | 280 513 798 | 304 432 855
1591 95 13904 | 304 418 869 | 316 395 880
1591 19 2520 | 216 675 700 | 217 630 744
1591 991 128520 | 216 525 850 | 238 408 945
1591 41 4940 | 247 304 1040 | 260 286 1045
1591 263 31200 | 260 275 1056 | 200 416 975
1591 1591 179025 | 165 651 775 | 231 275 1085
1591 197 21252 | 161 506 924 | 165 460 966
1591 43 4440 | 185 296 1110 | 148 555 888
1591 493 47880 | 171 280 1140 | 133 648 810
1591 503 48620 | 156 330 1105 | 136 520 935
1591 1193 115128 | 205 216 1170 | 156 328 1107
1591 1 95 | 129 645 817 | 133 513 945
1591 269 19019 | 91 455 1045 | 133 171 1287
1591 37 2580 | 86 645 860 | 129 172 1290
1591 1033 60480 | 112 135 1344 | 70 576 945
1591 12 671 | 66 610 915 | 70 366 1155
1591 37 1672 | 72 133 1386 | 55 320 1216
1591 43 1885 | 55 260 1276 | 51 435 1105
1591 2 77 | 70 91 1430 | 43 602 946
1591 16 585 | 44 260 1287 | 52 135 1404
1591 145 5236 | 44 238 1309 | 40 616 935
1592 11 1872 | 416 504 672 | 396 572 624
1592 107 17204 | 357 476 759 | 396 414 782
1592 163 25080 | 304 528 760 | 360 396 836
1592 613 90440 | 272 560 760 | 266 646 680
1592 139 19240 | 260 444 888 | 296 360 936
1592 197 26040 | 216 620 756 | 217 600 775
1592 149 15840 | 176 360 1056 | 220 252 1120
1592 53 5460 | 144 720 728 | 175 325 1092
1592 199 19448 | 176 272 1144 | 136 572 884
1592 33 3136 | 147 357 1088 | 192 224 1176
1592 491 45508 | 140 367 1085 | 124 734 734
1592 199 17108 | 182 188 1222 | 112 728 752
1592 13 840 | 132 140 1320 | 80 504 1008
1592 1513 93240 | 74 630 888 | 120 140 1332
1592 307 9044 | 32 608 952 | 34 266 1292
1593 1 168 | 378 567 648 | 396 504 693 | 413 472 708
1593 37 4536 | 189 648 756 | 198 504 891
1593 85 9576 | 168 570 855 | 207 322 1064
1593 55 6048 | 168 480 945 | 162 567 864
1593 22 1845 | 117 410 1066 | 165 198 1230
1593 3119 232407 | 98 441 1054 | 93 735 765
1593 6049 426360 | 136 165 1292 | 88 570 935
1593 139 9072 | 81 504 1008 | 108 189 1296
1593 121 6120 | 72 195 1326 | 80 153 1360
1593 47 2295 | 57 510 1026 | 81 135 1377
1594 221 33264 | 352 378 864 | 280 594 720
1594 235 20944 | 136 336 1122 | 119 595 880
1594 349 26656 | 98 544 952 | 96 714 784
1594 409 29610 | 90 658 846 | 94 450 1050
1594 2105 131138 | 119 145 1330 | 76 532 986
1594 1829 50960 | 30 780 784 | 40 98 1456
1595 17 2860 | 440 440 715 | 377 580 638
1595 2 315 | 315 560 720 | 330 495 770
1595 1 132 | 264 363 968 | 220 550 825
1595 8 1015 | 203 580 812 | 290 290 1015
1595 103 12012 | 220 325 1050 | 198 396 1001
1595 1 100 | 165 330 1100 | 150 425 1020
1595 13 1260 | 132 693 770 | 145 406 1044 | 160 315 1120
1595 89 8008 | 143 308 1144 | 119 728 748
1595 197 15015 | 110 315 1170 | 99 495 1001
1595 161 9880 | 76 455 1064 | 95 200 1300
1595 1 48 | 87 116 1392 | 55 660 880
1595 113 5320 | 56 399 1140 | 95 100 1400
1595 1 27 | 29 783 783 | 55 55 1485
1596 53 9240 | 462 504 630 | 440 561 595
1596 581 100320 | 456 480 660 | 418 570 608
1596 19 3264 | 408 576 612 | 448 476 672
1596 19 3234 | 441 462 693 | 392 588 616
1596 23 3762 | 396 440 760 | 342 627 627
1596 7 1140 | 342 570 684 | 380 456 760
1596 7 1122 | 396 408 792 | 323 627 646
1596 1501 235620 | 308 595 693 | 306 630 660
1596 133 20700 | 368 400 828 | 300 621 675
1596 1 144 | 252 672 672 | 342 342 912
1596 109 15120 | 315 336 945 | 252 480 864
1596 133 18360 | 270 408 918 | 240 540 816
1596 19 2574 | 264 396 936 | 231 546 819
1596 139 18564 | 252 408 936 | 221 595 780
1596 629 83160 | 238 440 918 | 240 432 924
1596 133 17550 | 216 600 780 | 270 351 975
1596 19 2484 | 216 552 828 | 252 378 966
1596 29 3780 | 210 630 756 | 216 540 840
1596 3 370 | 280 280 1036 | 190 703 703
1596 19 2310 | 204 440 952 | 266 285 1045
1596 131 14490 | 161 630 805 | 240 252 1104
1596 49 5280 | 154 672 770 | 180 360 1056
1596 47 5040 | 224 252 1120 | 168 420 1008
1596 23 2310 | 210 231 1155 | 140 616 840
1596 9 896 | 192 252 1152 | 140 560 896
1596 467 44982 | 204 216 1176 | 147 378 1071
1596 1 96 | 144 396 1056 | 196 224 1176
1596 19 1764 | 126 588 882 | 168 252 1176
1596 57 4900 | 175 196 1225 | 112 700 784
1596 133 9900 | 100 396 1100 | 108 300 1188
1596 133 9768 | 96 444 1056 | 111 264 1221
1596 7 480 | 84 672 840 | 96 300 1200
1596 133 8580 | 120 156 1320 | 78 660 858
1596 3 190 | 133 133 1330 | 76 760 760
1596 379 23940 | 126 140 1330 | 76 665 855
1596 91 5700 | 75 741 780 | 76 570 950
1596 21 1276 | 88 232 1276 | 76 418 1102
1596 133 8052 | 72 732 792 | 122 132 1342
1596 1 60 | 84 252 1260 | 76 380 1140
1596 119 6900 | 108 138 1350 | 75 325 1196
1596 7 342 | 57 513 1026 | 76 152 1368
1596 43 2100 | 75 156 1365 | 56 700 840 | 60 336 1200
1596 19 924 | 84 126 1386 | 56 616 924
1596 71 3360 | 56 420 1120 | 96 100 1400
1596 133 5280 | 45 495 1056 | 60 128 1408
1596 19 624 | 36 624 936 | 56 84 1456
1596 133 4320 | 36 480 1080 | 48 108 1440
1596 399 12070 | 34 355 1207 | 40 136 1420
1596 21 316 | 19 76 1501 | 16 316 1264
1596 133 1530 | 15 51 1530 | 12 360 1224
1597 16 2277 | 286 414 897 | 253 552 792
1597 19 2695 | 245 637 715 | 253 539 805
1597 1399 185640 | 255 390 952 | 221 560 816
1597 1597 182700 | 203 350 1044 | 175 522 900
1597 1597 171864 | 154 651 792 | 217 264 1116
1597 73 7560 | 145 696 756 | 189 288 1120
1597 4343 440496 | 171 322 1104 | 152 437 1008
1597 113 11396 | 154 407 1036 | 220 222 1155
1597 1597 128520 | 135 238 1224 | 105 540 952
1597 951 59432 | 102 184 1311 | 76 552 969
1597 47 2860 | 78 364 1155 | 90 220 1287
1597 219 11020 | 58 684 855 | 60 435 1102
1597 1597 9324 | 7 36 1554 | 6 259 1332
1598 1 168 | 408 476 714 | 376 564 658
1598 37 5814 | 323 510 765 | 306 646 646
1598 13 1974 | 329 423 846 | 282 658 658
1598 1 140 | 329 329 940 | 238 680 680
1598 23 3094 | 238 476 884 | 221 663 714
1598 23 2706 | 246 286 1066 | 198 410 990
1598 43 5040 | 176 630 792 | 255 272 1071
1598 73 7854 | 154 646 798 | 238 238 1122
1598 19 2040 | 170 408 1020 | 153 680 765
1598 5 528 | 154 532 912 | 204 272 1122
1598 317 31416 | 136 714 748 | 168 308 1122
1598 1 90 | 119 714 765 | 140 324 1134
1598 179 13860 | 143 195 1260 | 126 240 1232
1598 67 5096 | 156 168 1274 | 98 520 980
1598 709 53592 | 116 264 1218 | 154 168 1276
1598 71 5040 | 140 162 1296 | 88 630 880
1598 3361 72128 | 23 448 1127 | 28 98 1472
1598 73 770 | 14 44 1540 | 11 322 1265
1599 17 2583 | 287 574 738 | 369 369 861
1599 337 50232 | 273 598 728 | 299 460 840
1599 19 2760 | 312 390 897 | 276 483 840
1599 6 805 | 230 518 851 | 224 575 800
1599 1 120 | 205 410 984 | 195 468 936
1599 20 2139 | 207 276 1116 | 155 570 874
1599 87 8680 | 168 315 1116 | 155 380 1064
1599 134 12495 | 168 255 1176 | 147 330 1122
1599 439 38760 | 120 510 969 | 136 323 1140
1599 2 153 | 99 510 990 | 120 255 1224
1599 9 616 | 136 154 1309 | 91 364 1144
1599 89 5880 | 132 147 1320 | 80 735 784
1599 1951 107640 | 69 360 1170 | 65 598 936
1599 281 15015 | 63 546 990 | 91 143 1365
1599 611 30429 | 69 207 1323 | 63 294 1242
1599 11 504 | 63 192 1344 | 52 728 819
1599 151 6900 | 69 150 1380 | 52 650 897
1599 53 2280 | 60 171 1368 | 52 312 1235
1599 17 585 | 39 390 1170 | 63 80 1456
1599 143 4305 | 41 123 1435 | 60 63 1476
1599 653 19635 | 33 495 1071 | 35 255 1309
1599 167 4785 | 33 261 1305 | 31 638 930
1600 1 160 | 400 400 800 | 320 640 640
1600 1 156 | 384 384 832 | 300 650 650
1600 71 10640 | 280 560 760 | 304 456 840
1600 23 3360 | 320 384 896 | 280 480 840
1600 1 144 | 256 576 768 | 300 400 900
1600 379 52360 | 280 385 935 | 308 340 952
1600 17 2310 | 270 385 945 | 231 555 814
1600 79 10120 | 220 460 920 | 280 308 1012
1600 11 1400 | 200 700 700 | 250 350 1000
1600 73 9000 | 225 375 1000 | 200 500 900
1600 27037 3243240 | 182 648 770 | 189 520 891
1600 389 43890 | 189 385 1026 | 165 665 770
1600 103 11160 | 155 680 765 | 220 264 1116
1600 7 750 | 175 375 1050 | 225 250 1125
1600 79 8370 | 155 527 918 | 150 675 775
1600 11 1040 | 128 640 832 | 130 560 910 | 156 304 1140
1600 43 3900 | 125 500 975 | 130 420 1050
1600 121 10080 | 112 480 1008 | 120 360 1120
1600 499 31920 | 80 456 1064 | 126 144 1330
1600 18419 1081080 | 70 594 936 | 91 189 1320
1600 149 6200 | 50 310 1240 | 52 248 1300
1600 503 14790 | 34 261 1305 | 55 66 1479
1600 49 1440 | 40 120 1440 | 32 560 1008
1600 6347 61880 | 10 680 910 | 13 40 1547
1601 2 297 | 273 572 756 | 270 605 726
1601 1373 163800 | 225 336 1040 | 182 600 819
1601 197 22572 | 171 594 836 | 176 513 912
1601 551 60775 | 221 275 1105 | 175 425 1001
1601 671 67860 | 145 520 936 | 180 290 1131
1601 361 7560 | 35 54 1512 | 28 88 1485
1601 463 6188 | 14 391 1196 | 26 28 1547
1602 3 490 | 392 440 770 | 357 510 735
1602 23 3696 | 352 480 770 | 378 432 792
1602 41 6480 | 360 432 810 | 315 567 720
1602 79 11760 | 272 595 735 | 330 392 880
1602 11 1632 | 306 432 864 | 276 544 782
1602 3 440 | 304 418 880 | 270 540 792
1602 379 51408 | 272 378 952 | 252 432 918
1602 157 20790 | 297 315 990 | 216 616 770
1602 1 132 | 267 356 979 | 216 594 792
1602 719 90090 | 198 585 819 | 210 468 924
1602 3 356 | 267 267 1068 | 178 712 712
1602 43 4536 | 162 432 1008 | 216 252 1134
1602 23 1980 | 132 315 1155 | 112 720 770
1602 131 10602 | 126 279 1197 | 114 372 1116
1602 1 72 | 144 162 1296 | 89 712 801
1602 107 6480 | 90 216 1296 | 72 720 810
1602 13 616 | 54 756 792 | 66 192 1344
1602 25 1056 | 66 128 1408 | 50 352 1200
1602 379 13110 | 42 230 1330 | 38 690 874
1602 6 187 | 42 132 1428 | 34 616 952
1603 103 17325 | 378 550 675 | 385 525 693
1603 229 35400 | 295 600 708 | 350 413 840
1603 3239 460845 | 330 342 931 | 245 665 693
1603 229 32340 | 294 385 924 | 245 588 770
1603 11 1512 | 231 616 756 | 280 378 945
1603 7 936 | 234 481 888 | 228 520 855
1603 1537 175560 | 168 665 770 | 209 330 1064
1603 487 34776 | 88 756 759 | 126 189 1288
1603 1603 114400 | 88 715 800 | 143 160 1300
1603 229 16020 | 105 252 1246 | 90 445 1068
1603 377 26180 | 140 154 1309 | 85 748 770
1603 389 25935 | 91 315 1197 | 95 273 1235
1603 76 4095 | 63 630 910 | 74 234 1295
1603 229 10920 | 70 168 1365 | 56 455 1092
1603 1603 44460 | 45 76 1482 | 30 585 988
1604 1 154 | 308 504 792 | 299 546 759
1604 17 2320 | 232 560 812 | 260 416 928
1604 443 56100 | 200 612 792 | 204 550 850
1604 851 102960 | 234 330 1040 | 260 288 1056
1604 31 3360 | 220 264 1120 | 160 532 912
1604 167 17640 | 196 288 1120 | 152 570 882
1604 1711 175644 | 164 369 1071 | 204 252 1148
1604 11 1120 | 176 308 1120 | 160 380 1064
1604 1 96 | 154 330 1120 | 160 304 1140
1604 5759 429660 | 99 420 1085 | 124 220 1260
1604 137 10080 | 120 224 1260 | 99 385 1120
1604 5 364 | 92 546 966 | 96 416 1092
1604 191 13104 | 104 240 1260 | 99 273 1232
1604 271 14784 | 84 176 1344 | 64 616 924
1604 479 22610 | 57 357 1190 | 56 408 1140
1604 5959 230736 | 46 304 1254 | 44 456 1104
1604 73 2640 | 42 330 1232 | 44 240 1320
1604 19843 566370 | 31 558 1015 | 35 174 1395
1605 353 41040 | 240 285 1080 | 180 513 912
1605 2593 294525 | 175 495 935 | 198 357 1050
1605 73 6600 | 120 660 825 | 165 240 1200
1605 113 9240 | 120 330 1155 | 105 660 840
1605 1 66 | 120 165 1320 | 84 429 1092
1605 11 672 | 75 480 1050 | 84 273 1248
1605 89 5400 | 75 450 1080 | 120 135 1350
1605 223 12540 | 66 684 855 | 70 380 1155
1605 227 7215 | 37 273 1295 | 45 117 1443
1606 25 4186 | 385 506 715 | 364 598 644
1606 19 3060 | 348 493 765 | 374 440 792
1606 1 150 | 306 450 850 | 275 605 726
1606 73 10920 | 280 546 780 | 308 440 858
1606 73 10488 | 264 506 836 | 276 456 874
1606 263 37128 | 266 456 884 | 306 364 936
1606 193 27018 | 316 342 948 | 237 666 703
1606 59 8190 | 234 637 735 | 280 390 936
1606 941 125120 | 255 391 960 | 238 448 920
1606 97 12870 | 286 330 990 | 234 462 910
1606 1 126 | 231 385 990 | 198 616 792
1606 4 495 | 220 396 990 | 198 528 880
1606 107 9680 | 121 605 880 | 176 220 1210
1606 1 85 | 110 748 748 | 136 280 1190
1606 73 6160 | 110 616 880 | 154 220 1232
1606 151 10626 | 88 552 966 | 110 231 1265
1606 29 2024 | 88 506 1012 | 136 161 1309
1606 73 4648 | 77 616 913 | 112 166 1328
1606 4321 257796 | 77 341 1188 | 88 216 1302
1606 17 990 | 88 198 1320 | 70 528 1008
1606 1018 46683 | 52 756 798 | 76 126 1404
1607 20 2737 | 230 595 782 | 238 518 851
1607 481 46640 | 143 424 1040 | 176 265 1166
1607 337 23184 | 99 276 1232 | 112 207 1288
1607 9 455 | 77 165 1365 | 60 455 1092
1607 229 11088 | 60 315 1232 | 77 144 1386
1607 79 2465 | 60 68 1479 | 34 638 935
1608 17 2970 | 429 585 594 | 432 560 616
1608 59 10200 | 425 520 663 | 408 600 600
1608 201 32120 | 365 440 803 | 320 584 704
1608 439 68310 | 297 621 690 | 299 594 715
1608 155 24024 | 308 520 780 | 312 504 792
1608 25 3696 | 308 420 880 | 264 672 672
1608 127 17556 | 266 418 924 | 231 684 693
1608 67 9240 | 264 420 924 | 240 528 840
1608 67 8736 | 288 312 1008 | 208 672 728
1608 35 4488 | 280 308 1020 | 204 612 792
1608 67 7980 | 240 304 1064 | 180 630 798
1608 67 7854 | 176 616 816 | 231 306 1071
1608 239 27720 | 231 297 1080 | 180 504 924
1608 1 108 | 156 594 858 | 168 432 1008
1608 257 27300 | 150 702 756 | 168 400 1040
1608 215 22176 | 180 308 1120 | 144 672 792
1608 67 6720 | 168 320 1120 | 144 504 960
1608 523 49140 | 126 702 780 | 156 297 1155
1608 1543 144144 | 132 468 1008 | 126 624 858
1608 5197 429780 | 145 228 1235 | 116 390 1102
1608 9 640 | 96 360 1152 | 88 640 880
1608 1163 81900 | 126 182 1300 | 90 468 1050
1608 677 46200 | 84 600 924 | 88 420 1100
1608 37 2376 | 108 180 1320 | 78 594 936
1608 1 60 | 72 576 960 | 108 150 1350
1608 67 3960 | 90 198 1320 | 72 480 1056
1608 337 19320 | 69 504 1035 | 80 240 1288
1608 409 17472 | 48 728 832 | 56 208 1344
1608 67 2436 | 42 348 1218 | 48 168 1392
1608 1039 35112 | 57 88 1463 | 42 198 1368
1608 17 546 | 48 104 1456 | 35 715 858
1608 347 10920 | 36 312 1260 | 35 429 1144
1609 1609 229216 | 247 608 754 | 304 377 928
1609 67 9243 | 237 553 819 | 234 585 790
1609 263 34320 | 240 407 962 | 286 315 1008
1609 9 880 | 165 304 1140 | 135 594 880
1609 43 2340 | 75 234 1300 | 64 585 960
1609 277 8568 | 34 504 1071 | 36 264 1309
1610 701 123760 | 455 560 595 | 476 510 624
1610 53 9100 | 400 560 650 | 455 455 700
1610 89 14994 | 392 504 714 | 425 450 735
1610 13 2142 | 390 455 765 | 378 476 756
1610 17 2800 | 400 440 770 | 350 560 700
1610 133 21080 | 323 527 760 | 310 620 680
1610 1 152 | 368 368 874 | 280 665 665
1610 83 12600 | 280 630 700 | 360 375 875
1610 31 4550 | 350 350 910 | 260 650 700
1610 149 21840 | 260 630 720 | 336 364 910
1610 1 138 | 230 690 690 | 322 322 966
1610 7 900 | 250 360 1000 | 207 575 828
1610 469 59202 | 230 390 990 | 207 506 897
1610 47 5600 | 180 630 800 | 224 336 1050
1610 7 792 | 180 440 990 | 184 414 1012 | 165 680 765
1610 17 1872 | 180 390 1040 | 207 299 1104
1610 1 98 | 161 322 1127 | 140 490 980
1610 209 19656 | 126 728 756 | 140 390 1080
1610 353 32340 | 154 280 1176 | 147 308 1155
1610 29 2464 | 110 700 800 | 154 224 1232
1610 7 506 | 115 230 1265 | 92 506 1012
1610 49 2970 | 77 378 1155 | 110 150 1350
1610 7 288 | 46 736 828 | 80 90 1440
1611 71 11781 | 396 459 756 | 357 561 693
1611 2 315 | 319 522 770 | 315 540 756
1611 59 8820 | 280 539 792 | 324 405 882
1611 3 385 | 203 638 770 | 221 455 935
1611 779 99360 | 207 540 864 | 200 675 736
1611 1889 205344 | 207 288 1116 | 155 720 736
1611 17 1680 | 135 720 756 | 176 280 1155
1611 244 23715 | 155 340 1116 | 135 558 918
1611 1961 188496 | 153 336 1122 | 144 396 1071
1611 419 31080 | 148 168 1295 | 110 280 1221
1611 211 15345 | 93 495 1023 | 90 715 806
1611 811 58905 | 91 585 935 | 99 357 1155
1611 139 8505 | 81 315 1215 | 75 486 1050
1611 13 765 | 90 195 1326 | 72 459 1080
1611 47 1188 | 36 90 1485 | 27 792 792
1611 5437 135135 | 35 91 1485 | 27 429 1155
1611 67 1512 | 36 63 1512 | 24 621 966
1611 3109 44640 | 15 480 1116 | 16 155 1440
1612 403 69300 | 396 600 616 | 450 462 700
1612 1 168 | 434 434 744 | 364 624 624
1612 31 4872 | 312 546 754 | 336 464 812
1612 31 4752 | 286 624 702 | 352 396 864
1612 403 59400 | 270 550 792 | 300 432 880
1612 23 3380 | 338 364 910 | 260 676 676
1612 13 1860 | 248 620 744 | 310 372 930
1612 83 11856 | 272 456 884 | 247 624 741
1612 403 54810 | 261 406 945 | 232 540 840
1612 13 1680 | 208 585 819 | 240 392 980
1612 5 624 | 260 312 1040 | 208 468 936
1612 31 3640 | 182 520 910 | 208 364 1040
1612 1 112 | 208 312 1092 | 168 532 912
1612 197 21840 | 182 390 1040 | 160 672 780
1612 13 1440 | 240 252 1120 | 160 660 792
1612 5 546 | 156 728 728 | 168 456 988
1612 271 29172 | 204 286 1122 | 156 572 884
1612 31 3190 | 220 232 1160 | 143 715 754
1612 403 40320 | 140 576 896 | 180 280 1152
1612 17 1680 | 196 240 1176 | 168 304 1140
1612 13 1120 | 112 700 800 | 160 220 1232
1612 59 5040 | 112 600 900 | 117 455 1040
1612 2959 251940 | 156 221 1235 | 114 510 988
1612 19 1540 | 154 198 1260 | 112 400 1100
1612 31 2470 | 130 247 1235 | 104 520 988
1612 13 1020 | 99 748 765 | 100 612 900
1612 403 29716 | 92 646 874 | 136 184 1292
1612 1157 49280 | 48 640 924 | 64 140 1408
1612 403 17136 | 72 112 1428 | 48 612 952
1612 74191 2505492 | 37 684 891 | 44 162 1406
1612 47 1100 | 26 286 1300 | 25 575 1012
1612 403 5916 | 16 204 1392 | 17 116 1479
1613 59 10320 | 430 559 624 | 440 528 645
1613 1867 202895 | 187 341 1085 | 155 693 765
1613 61 5040 | 108 560 945 | 110 495 1008
1613 8509 695520 | 115 378 1120 | 105 644 864
1613 547 44240 | 105 560 948 | 112 395 1106
1613 619 15080 | 26 667 920 | 40 65 1508
1614 73 11232 | 288 624 702 | 360 390 864
1614 47 7020 | 273 585 756 | 270 624 720
1614 113 16632 | 288 462 864 | 264 594 756
1614 167 21840 | 224 480 910 | 210 624 780
1614 59 7182 | 270 280 1064 | 189 570 855
1614 2159 248976 | 208 342 1064 | 171 624 819
1614 467 50490 | 165 459 990 | 170 418 1026
1614 53 5670 | 210 270 1134 | 162 462 990
1614 31 3315 | 182 340 1092 | 156 540 918
1614 23 2340 | 156 405 1053 | 144 560 910
1614 7 648 | 162 264 1188 | 144 336 1134
1614 757 67320 | 132 360 1122 | 170 220 1224
1614 407 35568 | 144 273 1197 | 114 720 780
1614 141 10010 | 88 616 910 | 117 210 1287
1614 1129 67320 | 110 144 1360 | 90 204 1320
1614 163 7722 | 78 132 1404 | 54 702 858
1614 139 3510 | 27 690 897 | 30 180 1404
1614 121 3024 | 48 54 1512 | 27 483 1104
1615 1 175 | 475 475 665 | 425 595 595
1615 569 87360 | 315 468 832 | 320 455 840
1615 29 4400 | 304 475 836 | 350 385 880
1615 122 18425 | 275 670 670 | 335 400 880
1615 79 11700 | 325 390 900 | 306 425 884
1615 107 15120 | 240 675 700 | 273 432 910
1615 19 2640 | 240 550 825 | 272 408 935
1615 387 52325 | 276 364 975 | 225 585 805
1615 53 7140 | 255 408 952 | 266 380 969
1615 19 2475 | 250 375 990 | 220 495 900
1615 1 130 | 240 400 975 | 247 380 988
1615 19 1885 | 145 455 1015 | 165 319 1131
1615 4 385 | 130 715 770 | 187 238 1190
1615 13 1173 | 119 714 782 | 184 207 1224
1615 19 1656 | 115 600 900 | 136 306 1173 | 120 460 1035
1615 13 1008 | 114 304 1197 | 119 272 1224
1615 19 1309 | 85 595 935 | 119 187 1309
1615 11 665 | 76 399 1140 | 95 190 1330
1615 311 14960 | 68 187 1360 | 55 680 880
1615 709 20944 | 35 220 1360 | 34 272 1309
1616 37 6440 | 420 552 644 | 460 476 680
1616 1397 237510 | 406 495 715 | 377 609 630
1616 31 4446 | 288 416 912 | 247 666 703
1616 41 5580 | 230 558 828 | 252 434 930
1616 125 16632 | 224 528 864 | 216 630 770
1616 265 35112 | 266 360 990 | 264 364 988
1616 53 6448 | 186 624 806 | 208 416 992
1616 79 9240 | 260 264 1092 | 175 616 825
1616 59 6840 | 210 342 1064 | 171 680 765
1616 37 4100 | 164 550 902 | 160 656 800
1616 89 9690 | 209 285 1122 | 160 544 912
1616 523 43848 | 116 420 1080 | 108 696 812
1616 353 27048 | 98 552 966 | 96 736 784
1616 1 76 | 153 171 1292 | 95 741 780 | 96 608 912
1616 335 22204 | 98 244 1274 | 91 305 1220
1616 71 4536 | 77 648 891 | 96 224 1296
1616 1049 63840 | 76 420 1120 | 96 190 1330
1616 71 4004 | 77 252 1287 | 66 770 780
1616 37 1760 | 80 128 1408 | 56 440 1120
1616 17 720 | 48 560 1008 | 80 96 1440
1617 49 8385 | 429 473 715 | 387 585 645
1617 13 2205 | 441 441 735 | 385 539 693
1617 7 1140 | 399 420 798 | 330 627 660
1617 5 792 | 308 616 693 | 330 495 792
1617 311 49140 | 315 546 756 | 308 594 715
1617 14 2145 | 330 429 858 | 286 605 726
1617 113 16065 | 297 385 935 | 315 357 945
1617 7 984 | 252 504 861 | 264 451 902
1617 985 137256 | 258 456 903 | 240 560 817
1617 1 135 | 297 330 990 | 252 420 945
1617 7 864 | 189 672 756 | 264 297 1056
1617 71 8415 | 187 495 935 | 231 315 1071
1617 1 117 | 252 273 1092 | 242 286 1089
1617 479 53352 | 195 342 1080 | 189 364 1064
1617 32 3465 | 165 462 990 | 154 693 770
1617 6169 657720 | 168 405 1044 | 203 280 1134
1617 7 744 | 222 248 1147 | 160 465 992
1617 1 105 | 231 231 1155 | 147 735 735
1617 21 2132 | 182 287 1148 | 143 572 902
1617 287 28215 | 135 627 855 | 209 220 1188
1617 19 1848 | 147 392 1078 | 132 693 792
1617 7 660 | 132 495 990 | 154 308 1155
1617 4 363 | 132 396 1089 | 165 242 1210
1617 23 1716 | 132 198 1287 | 112 273 1232
1617 323 18216 | 66 759 792 | 77 252 1288
1617 257 13860 | 63 630 924 | 66 396 1155
1617 887 46620 | 70 252 1295 | 63 444 1110
1617 5959 312480 | 96 126 1395 | 63 434 1120
1617 49 2340 | 78 135 1404 | 55 572 990
1617 49 1020 | 22 660 935 | 36 51 1530
1617 331 6552 | 27 78 1512 | 21 504 1092
1617 61 1197 | 21 399 1197 | 22 209 1386
1618 1 168 | 408 462 748 | 368 560 690
1618 2797 327600 | 208 360 1050 | 175 624 819
1618 11 1040 | 136 442 1040 | 160 288 1170
1618 113 9570 | 110 638 870 | 174 190 1254
1618 127 10200 | 110 408 1100 | 168 175 1275
1618 127 8190 | 84 364 1170 | 78 630 910
1618 97 4290 | 78 110 1430 | 52 396 1170
1618 1045 35224 | 68 70 1480 | 37 629 952
1618 26 675 | 28 540 1050 | 50 56 1512
1619 163 22425 | 299 345 975 | 247 475 897
1619 1649 197800 | 200 430 989 | 184 575 860
1619 503 58140 | 170 684 765 | 216 323 1080
1619 431 49764 | 174 561 884 | 198 377 1044
1619 115 12012 | 156 462 1001 | 195 280 1144
1619 2161 219240 | 189 270 1160 | 140 696 783
1619 218 20995 | 156 323 1140 | 182 247 1190
1619 2 133 | 98 247 1274 | 119 170 1330
1619 332 22015 | 95 266 1258 | 102 222 1295
1619 688 39897 | 72 403 1144 | 99 156 1364
1619 2137 110160 | 80 162 1377 | 68 255 1296
1619 295 14168 | 55 644 920 | 72 161 1386
1619 643 19040 | 32 782 805 | 35 224 1360
1619 2221 48024 | 24 261 1334 | 23 552 1044
1620 1 176 | 480 480 660 | 432 594 594
1620 17 2970 | 450 495 675 | 432 528 660
1620 1 168 | 432 432 756 | 360 630 630
1620 1 162 | 405 405 810 | 324 648 648
1620 1 150 | 270 675 675 | 360 360 900
1620 3 442 | 260 680 680 | 351 351 918
1620 97 13728 | 288 396 936 | 260 480 880
1620 7 990 | 240 660 720 | 297 378 945
1620 29 4080 | 270 432 918 | 320 340 960
1620 73 9450 | 216 504 900 | 225 450 945
1620 1 120 | 180 720 720 | 270 270 1080
1620 107 12600 | 210 360 1050 | 175 680 765
1620 643 75240 | 190 440 990 | 180 528 912
1620 2087 240240 | 195 385 1040 | 176 520 924
1620 29 3300 | 180 450 990 | 220 300 1100
1620 353 39900 | 175 476 969 | 190 380 1050
1620 1 108 | 180 360 1080 | 162 486 972
1620 19 1920 | 140 640 840 | 180 288 1152
1620 11 1092 | 144 468 1008 | 168 308 1144
1620 989 97020 | 140 490 990 | 180 264 1176
1620 359 35100 | 150 378 1092 | 135 585 900
1620 1 90 | 162 243 1215 | 120 600 900
1620 31 2640 | 176 190 1254 | 120 400 1100
1620 1 84 | 180 180 1260 | 108 756 756
1620 1 80 | 120 300 1200 | 108 432 1080
1620 8579 665280 | 112 320 1188 | 99 576 945
1620 47 3564 | 99 468 1053 | 108 324 1188
1620 1199 81900 | 100 260 1260 | 84 600 936
1620 1 66 | 80 660 880 | 99 234 1287
1620 281 18480 | 80 616 924 | 114 176 1330
1620 3 196 | 108 189 1323 | 80 560 980
1620 1 52 | 60 780 780 | 108 108 1404
1620 191 9900 | 60 660 900 | 84 150 1386
1620 463 21420 | 90 102 1428 | 56 340 1224
1620 131 4320 | 36 720 864 | 45 135 1440
1620 101 2970 | 33 345 1242 | 45 90 1485
1620 577 13050 | 24 696 900 | 25 290 1305
1621 1621 210105 | 261 345 1015 | 207 609 805
1621 548 55385 | 152 424 1045 | 190 265 1166
1621 5927 553280 | 195 210 1216 | 133 448 1040
1621 268 24453 | 126 494 1001 | 133 396 1092
1621 215 6732 | 34 759 828 | 35 396 1190
1621 68 1353 | 21 616 984 | 22 246 1353
1622 479 73920 | 288 630 704 | 320 462 840
1622 1 150 | 342 380 900 | 270 650 702
1622 335 46368 | 230 672 720 | 288 368 966
1622 49 6578 | 253 407 962 | 299 322 1001
1622 811 105450 | 222 475 925 | 228 444 950
1622 811 100800 | 192 630 800 | 252 320 1050
1622 337 36720 | 170 432 1020 | 160 544 918
1622 481 50530 | 180 326 1116 | 155 489 978
1622 811 77550 | 165 282 1175 | 132 550 940
1622 239 14950 | 92 230 1300 | 75 650 897
1622 103 4410 | 54 245 1323 | 49 495 1078
1622 431 13498 | 35 397 1190 | 34 794 794
1622 811 7800 | 12 50 1560 | 10 312 1300
1623 214 34335 | 315 654 654 | 327 540 756
1623 103 15444 | 273 594 756 | 297 468 858
1623 5 627 | 255 323 1045 | 198 570 855
1623 647 81081 | 273 297 1053 | 198 567 858
1623 541 63168 | 192 423 1008 | 188 448 987
1623 541 58968 | 216 273 1134 | 156 648 819
1623 20 2079 | 198 270 1155 | 147 594 882
1623 541 52668 | 132 693 798 | 198 228 1197
1623 1297 111111 | 111 693 819 | 143 259 1221
1623 289 23940 | 154 209 1260 | 108 570 945
1623 541 35868 | 98 244 1281 | 84 441 1098
1623 397 23256 | 76 323 1224 | 102 153 1368
1623 683 32175 | 54 594 975 | 55 468 1100
1623 635 26448 | 57 174 1392 | 48 435 1140
1623 19 612 | 42 153 1428 | 36 414 1173
1624 1 180 | 522 522 580 | 504 560 560
1624 7 1248 | 480 520 624 | 468 544 612
1624 1 174 | 406 609 609 | 464 464 696
1624 7 1200 | 384 600 640 | 435 464 725
1624 11 1764 | 364 441 819 | 336 504 784
1624 13 1960 | 280 560 784 | 294 490 840
1624 1 144 | 252 588 784 | 272 468 884
1624 67 9520 | 245 595 784 | 272 442 910
1624 19 2520 | 280 336 1008 | 252 392 980
1624 7 918 | 216 544 864 | 255 370 999
1624 7 828 | 180 570 874 | 198 414 1012
1624 293 34580 | 182 532 910 | 247 285 1092
1624 833 94392 | 184 414 1026 | 216 304 1104
1624 619 68320 | 160 610 854 | 168 480 976
1624 497 52440 | 152 552 920 | 150 600 874
1624 115 11424 | 136 672 816 | 210 224 1190
1624 253 16380 | 91 273 1260 | 80 504 1040
1624 7 352 | 58 638 928 | 88 128 1408
1624 217 6660 | 38 180 1406 | 37 207 1380
1625 2323 340340 | 286 455 884 | 260 595 770
1625 1 140 | 260 455 910 | 250 500 875
1625 2 225 | 180 425 1020 | 250 250 1125
1625 197 20020 | 143 572 910 | 140 715 770
1625 241 20240 | 176 184 1265 | 140 253 1232
1625 529 41580 | 99 756 770 | 105 440 1080
1625 13 720 | 85 180 1360 | 65 624 936
1625 107 3705 | 38 690 897 | 65 78 1482
1626 271 43470 | 378 420 828 | 315 621 690
1626 125 18018 | 264 504 858 | 330 351 945
1626 2861 390456 | 288 352 986 | 261 408 957
1626 271 36630 | 220 666 740 | 297 330 999
1626 15 2002 | 234 468 924 | 275 350 1001
1626 1039 131670 | 266 315 1045 | 198 630 798
1626 337 42042 | 196 572 858 | 198 546 882
1626 10789 1266720 | 174 672 780 | 195 416 1015
1626 19 2184 | 168 702 756 | 182 456 988
1626 31 3366 | 156 612 858 | 198 306 1122
1626 295 31878 | 153 714 759 | 154 644 828
1626 271 28080 | 144 702 780 | 216 240 1170
1626 43 4368 | 144 546 936 | 154 416 1056
1626 261 22880 | 130 352 1144 | 180 198 1248
1626 37 3105 | 108 690 828 | 144 240 1242
1626 17 1330 | 114 315 1197 | 108 378 1140
1626 13 1008 | 162 168 1296 | 126 240 1260
1626 607 43890 | 152 154 1320 | 105 286 1235
1626 401 22176 | 66 504 1056 | 96 144 1386
1626 193 8568 | 51 504 1071 | 72 126 1428
1626 813 30800 | 44 350 1232 | 50 176 1400
1626 271 9996 | 42 408 1176 | 51 147 1428
1626 143 3990 | 39 105 1482 | 30 798 798
1626 271 7560 | 54 60 1512 | 30 756 840
1627 43 4896 | 171 544 912 | 252 255 1120
1627 53 5600 | 182 325 1120 | 175 352 1100
1627 2 195 | 132 715 780 | 182 255 1190
1627 1637 143220 | 126 385 1116 | 155 240 1232
1627 319 24888 | 152 183 1292 | 102 488 1037
1627 109 8008 | 136 182 1309 | 91 704 832
1627 2099 153153 | 119 221 1287 | 91 612 924
1627 152 7155 | 90 106 1431 | 54 583 990
1627 11 360 | 54 88 1485 | 40 207 1380
1628 1 170 | 440 440 748 | 370 629 629
1628 37 5916 | 348 464 816 | 319 561 748
1628 5 756 | 297 484 847 | 350 378 900
1628 181 26180 | 272 476 880 | 308 385 935
1628 37 4940 | 260 380 988 | 220 572 836
1628 59 7392 | 224 396 1008 | 264 308 1056
1628 317 39600 | 198 550 880 | 200 528 900
1628 1 120 | 198 440 990 | 185 555 888 | 184 570 874 | 220 352 1056
1628 37 3816 | 144 636 848 | 198 264 1166
1628 39 3740 | 170 270 1188 | 132 561 935
1628 3907 372096 | 153 323 1152 | 128 684 816
1628 443 40320 | 140 336 1152 | 128 450 1050
1628 109 9450 | 119 459 1050 | 125 378 1125
1628 307 26180 | 110 748 770 | 170 198 1260
1628 37 3150 | 168 200 1260 | 110 693 825
1628 41 3360 | 144 224 1260 | 110 462 1056
1628 37 2970 | 121 297 1210 | 108 440 1080
1628 235 17388 | 92 672 864 | 100 378 1150
1628 37 2640 | 88 660 880 | 132 176 1320
1628 1279 90090 | 104 264 1260 | 110 231 1287
1628 1 60 | 88 220 1320 | 74 444 1110
1628 179 9300 | 62 450 1116 | 60 700 868
1628 37 1430 | 44 440 1144 | 55 143 1430
1628 1037 31350 | 33 550 1045 | 38 165 1425
1628 259 7590 | 35 207 1386 | 33 330 1265
1629 1 180 | 495 540 594 | 504 525 600
1629 181 27324 | 276 594 759 | 324 414 891
1629 359 47736 | 234 459 936 | 221 544 864
1629 181 24024 | 216 594 819 | 264 364 1001
1629 179 23400 | 225 468 936 | 210 600 819
1629 13 1512 | 180 504 945 | 189 432 1008
1629 482 54945 | 185 418 1026 | 222 297 1110
1629 17 1890 | 189 360 1080 | 165 540 924
1629 7 540 | 99 540 990 | 108 351 1170
1629 181 13464 | 108 297 1224 | 99 408 1122
1629 83 6045 | 93 496 1040 | 90 702 837
1629 543 39235 | 95 413 1121 | 105 285 1239
1629 7979 440895 | 78 221 1330 | 65 595 969
1629 23 1092 | 54 756 819 | 56 429 1144
1629 41 840 | 33 56 1540 | 27 90 1512
1629 181 1584 | 12 33 1584 | 9 432 1188
1630 59 10472 | 440 595 595 | 442 572 616
1630 23 3731 | 390 420 820 | 328 574 728
1630 13 2100 | 385 420 825 | 350 480 800
1630 163 25840 | 304 646 680 | 380 400 850
1630 1 154 | 286 616 728 | 350 400 880
1630 11 1680 | 280 630 720 | 330 420 880
1630 139 20020 | 253 572 805 | 280 440 910
1630 163 22440 | 255 440 935 | 240 510 880
1630 163 21978 | 270 370 990 | 222 594 814
1630 163 20592 | 286 288 1056 | 195 715 720
1630 269 31668 | 195 420 1015 | 174 728 728
1630 149 16182 | 222 261 1147 | 186 342 1102
1630 299 28560 | 168 272 1190 | 175 255 1200
1630 163 14124 | 120 440 1070 | 132 321 1177
1630 677 57750 | 110 750 770 | 125 350 1155
1630 1237 90090 | 110 260 1260 | 91 594 945
1630 87 6188 | 136 168 1326 | 91 468 1071
1630 1543 92400 | 72 550 1008 | 75 400 1155
1630 491 29120 | 70 728 832 | 91 195 1344
1630 697 40950 | 70 585 975 | 91 189 1350
1630 719 40950 | 78 252 1300 | 90 175 1365
1630 67 3640 | 66 420 1144 | 100 130 1400
1630 269 12870 | 90 110 1430 | 55 585 990
1630 2491 80080 | 35 715 880 | 44 130 1456
1630 159 4370 | 55 57 1518 | 30 460 1140
1630 163 3036 | 20 345 1265 | 24 88 1518
1631 19 3024 | 351 448 832 | 315 560 756
1631 28 4275 | 300 495 836 | 306 475 850
1631 109 14364 | 210 665 756 | 297 308 1026
1631 32 3927 | 252 308 1071 | 187 646 798
1631 893 108108 | 224 351 1056 | 182 693 756
1631 6833 638400 | 133 448 1050 | 175 240 1216
1631 1789 144144 | 168 176 1287 | 126 273 1232
1631 703 50960 | 91 560 980 | 112 245 1274
1631 881 55440 | 84 315 1232 | 80 396 1155
1631 109 5544 | 63 336 1232 | 77 168 1386
1632 1 180 | 480 576 576 | 510 510 612
1632 13 2016 | 288 672 672 | 336 432 864
1632 155 23478 | 301 473 858 | 351 378 903
1632 149 21840 | 336 360 936 | 260 588 784
1632 127 18480 | 252 660 720 | 264 528 840
1632 33 4760 | 340 340 952 | 280 442 910
1632 71 10080 | 280 416 936 | 240 672 720
1632 97 13104 | 312 312 1008 | 224 576 832
1632 11 1428 | 204 714 714 | 255 357 1020
1632 13 1680 | 224 448 960 | 280 312 1040
1632 1 120 | 204 408 1020 | 180 660 792 | 260 280 1092 | 192 480 960
1632 43 5040 | 180 528 924 | 216 336 1080
1632 5 504 | 182 280 1170 | 153 408 1071
1632 29 2640 | 132 400 1100 | 120 720 792
1632 19 1680 | 120 504 1008 | 128 384 1120
1632 503 43680 | 160 224 1248 | 114 608 910
1632 11 840 | 120 252 1260 | 96 640 896
1632 1 72 | 96 384 1152 | 132 180 1320 | 102 306 1224
1632 89 5940 | 132 150 1350 | 81 660 891
1632 9 520 | 68 680 884 | 72 390 1170
1632 3 94 | 34 799 799 | 64 64 1504
1633 3 440 | 261 580 792 | 264 555 814
1633 547 75075 | 225 693 715 | 273 385 975
1633 251 34200 | 247 450 936 | 225 608 800
1633 1051 137475 | 225 468 940 | 235 423 975
1633 43 5544 | 264 333 1036 | 240 385 1008 | 203 638 792
1633 1613 197925 | 203 455 975 | 225 364 1044
1633 149 17325 | 175 567 891 | 198 385 1050 | 225 308 1100
1633 1 112 | 161 736 736 | 175 450 1008
1633 269 25080 | 132 456 1045 | 135 418 1080
1633 4481 391248 | 117 528 988 | 171 208 1254
1633 59 5060 | 184 184 1265 | 115 506 1012
1633 106 8835 | 114 434 1085 | 126 310 1197
1633 3 224 | 93 672 868 | 112 273 1248
1633 4783 300300 | 78 455 1100 | 75 700 858
1633 1 60 | 71 710 852 | 115 138 1380
1633 382 15631 | 58 154 1421 | 49 308 1276
1634 43 7722 | 494 513 627 | 468 572 594
1634 1 176 | 418 608 608 | 473 473 688
1634 817 118818 | 252 644 738 | 322 369 943
1634 3 352 | 204 374 1056 | 176 594 864
1634 233 26082 | 162 644 828 | 230 270 1134
1634 89 9576 | 152 684 798 | 171 399 1064
1634 43 4560 | 190 304 1140 | 152 570 912
1634 1 104 | 152 494 988 | 172 344 1118 | 182 308 1144
1634 458 45747 | 204 234 1196 | 138 612 884
1634 19 1806 | 172 258 1204 | 129 602 903
1634 503 47502 | 182 234 1218 | 126 754 754
1634 817 73710 | 126 455 1053 | 140 324 1170
1634 43 3762 | 114 684 836 | 171 209 1254
1634 1 84 | 129 301 1204 | 114 456 1064
1634 37 2660 | 152 152 1330 | 95 399 1140
1634 1 70 | 86 645 903 | 95 342 1197
1634 2687 76908 | 39 116 1479 | 34 208 1392
1634 817 18228 | 24 434 1176 | 31 84 1519
1634 817 13328 | 17 784 833 | 32 34 1568
1635 31 5460 | 420 585 630 | 429 546 660
1635 37 5775 | 315 495 825 | 375 385 875
1635 83 12285 | 260 675 700 | 270 546 819
1635 327 47840 | 260 575 800 | 299 416 920
1635 379 52800 | 231 700 704 | 275 400 960
1635 109 15015 | 231 585 819 | 275 385 975
1635 23 3120 | 312 315 1008 | 260 400 975
1635 109 14256 | 240 405 990 | 216 528 891
1635 173 21735 | 207 483 945 | 195 621 819
1635 139 15504 | 240 255 1140 | 209 304 1122
1635 31 3300 | 165 420 1050 | 150 660 825
1635 1 99 | 165 315 1155 | 135 675 825
1635 239 21648 | 123 528 984 | 165 240 1230
1635 1823 164220 | 140 322 1173 | 120 595 920
1635 327 29036 | 140 305 1190 | 122 476 1037
1635 29 2295 | 135 225 1275 | 105 459 1071
1635 173 12903 | 99 414 1122 | 115 255 1265
1635 127 9405 | 95 495 1045 | 99 396 1140
1635 109 7956 | 90 765 780 | 153 156 1326
1635 881 63840 | 95 420 1120 | 96 399 1140
1635 109 3432 | 36 312 1287 | 40 165 1430
1635 109 1575 | 25 35 1575 | 15 675 945
1636 409 68640 | 352 624 660 | 416 440 780
1636 5 704 | 286 390 960 | 264 448 924
1636 27 3740 | 264 420 952 | 306 340 990
1636 409 52080 | 224 420 992 | 210 496 930
1636 23 2880 | 208 468 960 | 192 684 760
1636 59 6720 | 192 380 1064 | 180 448 1008
1636 3 320 | 192 304 1140 | 156 520 960
1636 599 60060 | 140 572 924 | 154 390 1092
1636 743 74100 | 208 228 1200 | 140 546 950
1636 191 19040 | 140 544 952 | 136 700 800
1636 8831 879060 | 138 588 910 | 195 245 1196
1636 1 96 | 136 480 1020 | 192 228 1216
1636 823 70840 | 115 520 1001 | 112 644 880
1636 29 2300 | 115 325 1196 | 100 736 800
1636 149 11700 | 156 180 1300 | 100 600 936
1636 239 17756 | 92 772 772 | 100 386 1150
1636 149 10080 | 96 280 1260 | 85 480 1071
1636 409 24480 | 96 180 1360 | 72 544 1020
1636 379 22330 | 70 609 957 | 84 232 1320
1636 47 2142 | 63 187 1386 | 72 136 1428
1636 67 2912 | 52 336 1248 | 84 96 1456
1637 1765 228228 | 231 418 988 | 280 312 1045
1637 17 1540 | 165 240 1232 | 119 748 770
1637 31 2552 | 116 377 1144 | 152 209 1276
1638 1 180 | 504 504 630 | 468 585 585
1638 3 520 | 390 624 624 | 455 455 728
1638 11 1890 | 390 546 702 | 378 630 630
1638 443 75600 | 378 560 700 | 432 450 756
1638 1 168 | 364 546 728 | 378 504 756
1638 7 1170 | 351 585 702 | 390 468 780
1638 3 496 | 336 651 651 | 416 416 806
1638 39 6160 | 336 462 840 | 308 560 770
1638 13 2030 | 348 420 870 | 294 609 735
1638 17 2646 | 294 588 756 | 378 378 882
1638 29 4410 | 294 504 840 | 315 441 882
1638 43 6384 | 308 418 912 | 266 588 784
1638 123 18200 | 260 650 728 | 273 525 840
1638 13 1914 | 261 594 783 | 308 406 924
1638 13 1890 | 315 378 945 | 252 630 756
1638 39 5320 | 266 392 980 | 228 570 840
1638 21 2788 | 246 408 984 | 221 533 884
1638 13 1710 | 210 630 798 | 270 342 1026
1638 23 3024 | 252 378 1008 | 208 702 728
1638 31 3960 | 210 504 924 | 198 720 720
1638 39 4760 | 196 490 952 | 210 408 1020
1638 3 364 | 273 273 1092 | 182 728 728
1638 95 11466 | 182 637 819 | 252 294 1092
1638 1 120 | 180 648 810 | 208 390 1040 | 189 504 945
1638 13 1530 | 210 357 1071 | 180 540 918
1638 7 810 | 195 390 1053 | 180 486 972
1638 21 2288 | 208 286 1144 | 156 624 858
1638 427 43056 | 138 720 780 | 208 234 1196
1638 213 20930 | 182 260 1196 | 138 525 975
1638 3 290 | 210 210 1218 | 130 754 754
1638 91 8280 | 180 216 1242 | 120 690 828
1638 35 3042 | 117 507 1014 | 130 338 1170
1638 91 7128 | 99 648 891 | 144 198 1296
1638 37 2856 | 102 448 1088 | 98 588 952
1638 49 3762 | 99 513 1026 | 108 342 1188
1638 39 2590 | 98 245 1295 | 84 444 1110
1638 273 18040 | 80 656 902 | 120 165 1353
1638 7 450 | 108 180 1350 | 78 585 975
1638 91 5508 | 108 153 1377 | 72 648 918
1638 39 2240 | 70 448 1120 | 84 210 1344
1638 273 15136 | 66 516 1056 | 86 176 1376
1638 91 4320 | 90 108 1440 | 54 720 864
1638 7 330 | 78 130 1430 | 54 594 990
1638 13 594 | 63 189 1386 | 54 396 1188
1638 79 3570 | 70 140 1428 | 51 782 805
1638 21 848 | 52 208 1378 | 48 318 1272
1638 1 38 | 78 78 1482 | 42 798 798
1638 7 246 | 54 108 1476 | 39 533 1066
1638 273 9424 | 57 93 1488 | 38 608 992
1638 29 990 | 54 99 1485 | 42 210 1386
1638 273 7520 | 40 94 1504 | 30 480 1128
1638 39 770 | 28 70 1540 | 21 462 1155
1638 7 120 | 18 540 1080 | 26 52 1560
1638 13 174 | 14 406 1218 | 18 54 1566
1639 43 7245 | 391 483 765 | 385 495 759
1639 1 120 | 264 275 1100 | 195 456 988
1639 17 1848 | 154 693 792 | 220 264 1155
1639 71 7280 | 144 585 910 | 143 616 880
1639 41 4095 | 143 495 1001 | 195 247 1197
1639 79 7140 | 119 680 840 | 132 385 1122
1640 1 182 | 533 533 574 | 520 560 560
1640 1 168 | 352 616 672 | 360 560 720
1640 1 164 | 328 656 656 | 410 410 820
1640 139 21600 | 288 650 702 | 300 540 800
1640 139 20592 | 352 352 936 | 260 660 720
1640 1 144 | 320 360 960 | 288 416 936 | 246 656 738
1640 31 4290 | 240 520 880 | 275 390 975
1640 181 24750 | 275 375 990 | 288 352 1000
1640 739 100100 | 275 364 1001 | 220 650 770
1640 37 4680 | 240 360 1040 | 195 680 765
1640 109 13650 | 195 595 850 | 210 455 975
1640 1667 200200 | 260 280 1100 | 182 600 858
1640 11 1300 | 195 425 1020 | 200 400 1040
1640 31 3276 | 210 260 1170 | 182 324 1134
1640 11 1120 | 140 700 800 | 182 288 1170
1640 5 504 | 140 600 900 | 160 360 1120
1640 13 1232 | 140 400 1100 | 128 616 896
1640 7 612 | 170 210 1260 | 144 272 1224
1640 31 2618 | 136 272 1232 | 110 595 935
1640 47 3640 | 104 416 1120 | 140 200 1300
1640 641 49590 | 99 551 990 | 145 190 1305
1640 163 11900 | 100 350 1190 | 119 221 1300
1640 283 14300 | 65 275 1300 | 100 110 1430
1640 83 4032 | 56 576 1008 | 60 320 1260
1640 361 5220 | 20 54 1566 | 15 725 900
1641 397 55440 | 264 432 945 | 315 336 990
1641 1633 225225 | 231 585 825 | 315 325 1001
1641 53 7140 | 217 680 744 | 306 315 1020
1641 17 2145 | 198 585 858 | 220 420 1001
1641 3169 393120 | 189 672 780 | 273 288 1080
1641 233 28728 | 216 399 1026 | 189 616 836
1641 149 18360 | 189 612 840 | 255 306 1080
1641 547 60060 | 156 715 770 | 234 252 1155
1641 23 2508 | 220 266 1155 | 156 627 858
1641 347 36960 | 165 420 1056 | 198 288 1155
1641 107 9240 | 120 429 1092 | 126 360 1155
1641 149 12285 | 105 756 780 | 165 189 1287
1641 1613 132720 | 120 336 1185 | 140 237 1264
1641 13 840 | 105 192 1344 | 120 156 1365
1641 8119 500175 | 81 325 1235 | 75 513 1053
1641 4 189 | 66 189 1386 | 54 621 966
1641 47 2052 | 57 216 1368 | 54 276 1311
1641 365 15576 | 48 649 944 | 60 165 1416
1641 41 1617 | 66 105 1470 | 45 441 1155
1641 547 15840 | 36 165 1440 | 33 288 1320
1641 1641 45880 | 37 124 1480 | 31 370 1240
1641 547 10920 | 21 780 840 | 39 42 1560
1642 205 31122 | 342 390 910 | 273 666 703
1642 43 6006 | 234 616 792 | 273 407 962
1642 43 5320 | 238 340 1064 | 190 616 836
1642 53 6440 | 184 630 828 | 190 532 920
1642 51 5642 | 186 364 1092 | 222 273 1147
1642 179 18018 | 198 247 1197 | 154 396 1092
1642 167 13464 | 152 198 1292 | 102 748 792
1642 1931 120120 | 78 420 1144 | 91 231 1320
1642 103 3276 | 42 144 1456 | 37 273 1332
1643 1 180 | 460 585 598 | 465 558 620 | 477 530 636
1643 39 5852 | 273 572 798 | 266 684 693
1643 79 10920 | 252 455 936 | 312 330 1001
1643 5 636 | 265 318 1060 | 212 477 954
1643 2 231 | 186 434 1023 | 198 374 1071
1643 11 1260 | 171 560 912 | 217 310 1116
1643 1891 187425 | 135 675 833 | 147 425 1071
1643 7 620 | 124 434 1085 | 155 248 1240
1643 137 10296 | 104 351 1188 | 143 180 1320
1643 1 75 | 159 159 1325 | 93 775 775
1643 5 372 | 93 620 930 | 124 217 1302
1643 127 5936 | 53 742 848 | 56 368 1219
1643 2 91 | 56 299 1288 | 70 143 1430
1643 43 1265 | 50 75 1518 | 33 345 1265
1644 29 5040 | 390 624 630 | 420 504 720
1644 775 125664 | 352 476 816 | 330 544 770
1644 311 48180 | 330 438 876 | 292 572 780
1644 11 1554 | 238 629 777 | 252 504 888
1644 109 14850 | 275 370 999 | 225 594 825
1644 47 6120 | 204 720 720 | 216 510 918
1644 313 39900 | 252 342 1050 | 280 300 1064
1644 229 23760 | 216 240 1188 | 144 675 825
1644 17 1728 | 144 540 960 | 192 264 1188
1644 19 1836 | 204 216 1224 | 132 594 918
1644 193 16302 | 143 247 1254 | 120 380 1144
1644 1 84 | 108 672 864 | 144 240 1260
1644 181 14820 | 114 390 1140 | 104 760 780
1644 1069 87516 | 153 204 1287 | 104 748 792
1644 183 14300 | 132 225 1287 | 104 440 1100
1644 151 11550 | 99 495 1050 | 112 300 1232
1644 227 15600 | 104 240 1300 | 96 300 1248
1644 181 11310 | 78 435 1131 | 105 174 1365
1644 751 36960 | 60 352 1232 | 99 105 1440
1645 349 58905 | 385 495 765 | 357 595 693
1645 17 2576 | 280 560 805 | 276 592 777
1645 1 141 | 329 329 987 | 235 705 705
1645 11 1449 | 210 630 805 | 276 333 1036
1645 959 109395 | 187 405 1053 | 165 715 765
1645 28 3105 | 160 621 864 | 225 270 1150
1645 277 30240 | 189 336 1120 | 160 540 945
1645 1 104 | 150 520 975 | 196 273 1176
1645 74 6615 | 189 196 1260 | 150 270 1225
1645 1 72 | 94 423 1128 | 105 280 1260
1645 33 1960 | 70 735 840 | 72 495 1078
1646 109 15470 | 238 680 728 | 260 476 910
1646 211 29106 | 270 396 980 | 294 351 1001
1646 19 2310 | 190 532 924 | 242 315 1089
1646 53 6300 | 231 315 1100 | 216 350 1080
1646 1391 117810 | 110 612 924 | 126 330 1190
1646 47 3762 | 110 396 1140 | 126 266 1254
1646 823 62510 | 95 658 893 | 140 190 1316
1646 601 39440 | 116 170 1360 | 80 580 986
1646 697 44160 | 80 414 1152 | 128 138 1380
1646 839 27720 | 36 770 840 | 40 220 1386
1646 1017 24752 | 26 612 1008 | 48 51 1547
1647 83 14040 | 408 459 780 | 360 585 702
1647 11 1800 | 352 495 800 | 324 648 675
1647 61 9180 | 270 612 765 | 324 405 918
1647 22 3159 | 324 351 972 | 243 702 702
1647 95 13608 | 315 360 972 | 243 648 756
1647 3779 489060 | 260 342 1045 | 228 429 990
1647 61 7560 | 252 315 1080 | 189 648 810
1647 443 49896 | 162 693 792 | 216 297 1134
1647 443 48720 | 168 464 1015 | 203 304 1140
1647 29 2835 | 135 567 945 | 189 243 1215
1647 61 4147 | 87 429 1131 | 99 261 1287
1647 1 52 | 60 690 897 | 81 162 1404
1647 183 7345 | 45 585 1017 | 65 113 1469
1648 103 16744 | 322 598 728 | 368 448 832
1648 103 16150 | 304 544 800 | 323 475 850
1648 103 13104 | 224 416 1008 | 208 504 936
1648 529 66300 | 252 325 1071 | 204 494 950
1648 229 28120 | 185 703 760 | 190 570 888
1648 47 5320 | 190 378 1080 | 228 280 1140
1648 103 11520 | 240 256 1152 | 160 720 768
1648 439 44640 | 160 372 1116 | 185 279 1184
1648 1091 102960 | 144 360 1144 | 130 528 990
1648 241 20748 | 140 273 1235 | 114 546 988
1648 103 7560 | 96 432 1120 | 108 280 1260
1648 367 25116 | 84 598 966 | 98 276 1274
1648 43 2640 | 88 240 1320 | 80 336 1232
1648 139 3640 | 28 780 840 | 32 160 1456
1649 551 85239 | 297 533 819 | 369 378 902
1649 43 6440 | 315 414 920 | 280 518 851
1649 5 748 | 272 561 816 | 340 374 935
1649 97 14280 | 340 357 952 | 255 680 714
1649 1619 197800 | 200 460 989 | 230 344 1075
1649 2311 255255 | 187 357 1105 | 221 273 1155
1649 1171 125120 | 153 576 920 | 170 391 1088
1649 11 1120 | 185 280 1184 | 161 368 1120
1649 199 18576 | 124 688 837 | 144 344 1161
1649 3 272 | 119 714 816 | 153 272 1224
1649 32 2145 | 130 154 1365 | 85 442 1122
1649 93 5005 | 65 429 1155 | 63 585 1001
1649 11 589 | 62 713 874 | 76 209 1364
1649 257 13260 | 91 130 1428 | 68 255 1326
1649 11671 584640 | 64 280 1305 | 58 576 1015
1649 5 217 | 49 620 980 | 62 161 1426
1649 509 10656 | 32 63 1554 | 24 185 1440
1650 1 180 | 495 495 660 | 450 600 600
1650 3 532 | 475 475 700 | 418 616 616
1650 1 168 | 396 462 792 | 350 600 700
1650 67 10710 | 350 450 850 | 306 630 714
1650 53 8400 | 300 630 720 | 375 400 875
1650 1 150 | 300 450 900 | 275 550 825
1650 4201 622440 | 315 399 936 | 260 630 760
1650 461 65520 | 240 630 780 | 273 432 945
1650 29 3960 | 264 396 990 | 225 600 825
1650 3 400 | 220 550 880 | 250 400 1000
1650 4 525 | 300 300 1050 | 210 600 840
1650 31 3960 | 198 660 792 | 220 440 990
1650 27 3080 | 165 693 792 | 200 350 1100
1650 59 6720 | 192 378 1080 | 210 320 1120
1650 37 4032 | 192 324 1134 | 154 704 792
1650 3 238 | 100 700 850 | 154 187 1309
1650 29 2280 | 114 320 1216 | 100 600 950
1650 23 1680 | 100 350 1200 | 90 720 840
1650 467 30030 | 77 715 858 | 90 273 1287
1650 131 8250 | 75 750 825 | 110 165 1375
1650 1 54 | 75 225 1350 | 66 396 1188 | 63 621 966
1651 179 29120 | 320 616 715 | 364 455 832
1651 49 7920 | 340 495 816 | 315 616 720
1651 1651 240856 | 253 616 782 | 308 391 952
1651 773 100548 | 216 504 931 | 245 380 1026
1651 701 87975 | 225 391 1035 | 207 475 969
1651 85 8008 | 143 364 1144 | 130 520 1001
1651 3271 285285 | 143 273 1235 | 114 627 910
1651 43 3520 | 104 715 832 | 121 320 1210
1651 221 17480 | 115 320 1216 | 133 230 1288
1651 19 1449 | 115 276 1260 | 133 207 1311
1651 127 9400 | 100 376 1175 | 104 325 1222
1651 17 1155 | 143 143 1365 | 85 495 1071
1651 218 7293 | 39 286 1326 | 51 104 1496
1651 2456 79695 | 63 70 1518 | 36 460 1155
1652 803 114660 | 312 360 980 | 245 588 819
1652 1 140 | 236 590 826 | 280 392 980
1652 35 4576 | 260 352 1040 | 208 608 836
1652 133 17316 | 252 364 1036 | 222 468 962
1652 7 900 | 200 660 792 | 252 350 1050
1652 41 5200 | 208 494 950 | 200 572 880
1652 61 7280 | 182 560 910 | 208 380 1064
1652 1667 196560 | 189 455 1008 | 208 364 1080
1652 161 17680 | 156 680 816 | 170 442 1040
1652 19 2070 | 180 368 1104 | 154 693 805
1652 3203 338100 | 200 276 1176 | 147 700 805
1652 4057 421344 | 224 231 1197 | 144 672 836
1652 193 19836 | 203 252 1197 | 152 456 1044
1652 71 7182 | 189 266 1197 | 152 420 1080
1652 7 684 | 152 360 1140 | 132 684 836
1652 71 6160 | 140 280 1232 | 112 770 770
1652 317 23184 | 112 252 1288 | 92 552 1008
1652 1249 40040 | 40 182 1430 | 35 616 1001
1653 1 168 | 348 609 696 | 399 456 798
1653 32 5355 | 342 646 665 | 357 540 756
1653 17 2640 | 300 528 825 | 319 464 870
1653 71 9360 | 210 624 819 | 208 680 765
1653 71 8580 | 195 468 990 | 231 330 1092
1653 1 117 | 261 261 1131 | 171 741 741 | 195 405 1053
1653 9 1045 | 190 418 1045 | 171 627 855
1653 139 15960 | 168 630 855 | 190 399 1064
1653 47 5220 | 174 435 1044 | 232 261 1160
1653 311 30600 | 135 600 918 | 204 225 1224
1653 61 5985 | 133 665 855 | 171 285 1197
1653 131 12768 | 133 608 912 | 168 288 1197
1653 67 5940 | 135 330 1188 | 132 351 1170
1653 479 40755 | 114 494 1045 | 171 195 1287
1653 779 62832 | 105 528 1020 | 168 176 1309
1653 59 4620 | 165 168 1320 | 99 630 924
1653 207 16016 | 99 546 1008 | 136 208 1309
1653 7 456 | 80 528 1045 | 114 171 1368
1653 503 31920 | 80 418 1155 | 76 665 912
1653 787 47736 | 72 663 918 | 78 351 1224
1653 751 44460 | 76 342 1235 | 114 135 1404
1653 703 41184 | 78 288 1287 | 117 128 1408
1653 19 957 | 58 638 957 | 66 253 1334
1653 19 780 | 54 195 1404 | 76 95 1482
1653 1 33 | 66 69 1518 | 36 693 924
1653 3 80 | 29 464 1160 | 38 95 1520
1653 19 495 | 29 319 1305 | 33 135 1485
1654 661 109230 | 331 630 693 | 330 662 662
1654 13 1900 | 304 400 950 | 285 444 925
1654 947 121440 | 198 720 736 | 253 345 1056
1654 127 15708 | 224 374 1056 | 198 504 952
1654 367 44352 | 198 448 1008 | 180 704 770
1654 337 39270 | 198 385 1071 | 170 714 770
1654 641 72864 | 198 352 1104 | 184 414 1056
1654 67 6930 | 144 630 880 | 154 450 1050
1654 59 5390 | 196 198 1260 | 154 275 1225
1654 1673 106392 | 104 186 1364 | 88 279 1287
1654 5 234 | 55 429 1170 | 54 520 1080
1654 3431 81770 | 26 370 1258 | 37 70 1547
1654 1009 17710 | 22 92 1540 | 21 115 1518
1655 7 1080 | 280 675 700 | 324 440 891
1655 1 143 | 247 572 836 | 286 407 962
1655 4 525 | 210 595 850 | 275 330 1050
1655 17 2100 | 220 385 1050 | 210 425 1020
1655 2269 257400 | 195 360 1100 | 225 286 1144
1655 29 3003 | 143 693 819 | 175 325 1155
1655 3461 305235 | 135 323 1197 | 119 510 1026
1655 277 23715 | 155 225 1275 | 119 420 1116
1655 41 2856 | 119 192 1344 | 100 280 1275
1655 419 20020 | 56 455 1144 | 55 560 1040
1655 331 11997 | 43 279 1333 | 45 215 1395
1655 373 12920 | 38 665 952 | 40 323 1292
1655 97 2520 | 30 225 1400 | 35 108 1512
1656 3 550 | 528 528 600 | 506 575 575
1656 73 11988 | 333 567 756 | 324 666 666
1656 1 160 | 360 432 864 | 336 480 840
1656 3 460 | 368 368 920 | 276 690 690
1656 5 756 | 288 504 864 | 270 630 756
1656 37 5580 | 330 396 930 | 279 540 837
1656 37 5472 | 288 456 912 | 304 416 936
1656 47 6552 | 312 336 1008 | 252 468 936
1656 17 2280 | 270 360 1026 | 304 312 1040
1656 25 3168 | 240 360 1056 | 198 594 864
1656 1 126 | 207 483 966 | 198 567 891 | 216 432 1008
1656 3 368 | 276 276 1104 | 184 736 736
1656 383 46920 | 204 440 1012 | 184 690 782
1656 139 16740 | 186 540 930 | 270 270 1116
1656 1 120 | 216 360 1080 | 184 552 920
1656 43 4680 | 156 600 900 | 216 270 1170
1656 19 1980 | 198 270 1188 | 144 720 792
1656 11 1080 | 144 432 1080 | 135 585 936
1656 83 7560 | 180 216 1260 | 120 672 864
1656 1 90 | 135 351 1170 | 120 576 960
1656 3 208 | 92 368 1196 | 96 312 1248
1656 173 5130 | 39 135 1482 | 32 760 864
1656 3 68 | 24 816 816 | 46 46 1564
1657 69 10208 | 348 352 957 | 297 432 928
1657 337 40810 | 264 280 1113 | 212 385 1060
1657 997 52360 | 91 136 1430 | 68 280 1309
1657 1657 29260 | 22 95 1540 | 19 308 1330
1657 1657 19320 | 12 805 840 | 23 24 1610
1658 29 5152 | 416 598 644 | 448 506 704
1658 13 1800 | 230 600 828 | 247 475 936
1658 47 5700 | 184 600 874 | 195 475 988
1658 829 83720 | 182 280 1196 | 140 598 920
1658 79 6440 | 140 230 1288 | 104 644 910
1658 927 31616 | 38 468 1152 | 48 128 1482
1658 1481 46410 | 34 714 910 | 63 65 1530
1658 31 585 | 26 72 1560 | 20 468 1170
1658 537 9620 | 20 195 1443 | 24 74 1560
1658 829 6500 | 8 650 1000 | 13 20 1625
1659 1019 180180 | 420 546 693 | 440 504 715
1659 553 97680 | 407 592 660 | 444 495 720
1659 71 11760 | 336 588 735 | 350 525 784
1659 2 315 | 315 504 840 | 294 630 735
1659 139 21756 | 294 588 777 | 333 444 882
1659 237 34840 | 280 469 910 | 268 520 871
1659 40 5313 | 210 690 759 | 231 462 966
1659 1553 166320 | 154 560 945 | 231 240 1188
1659 23 2352 | 140 735 784 | 147 504 1008
1659 79 7200 | 120 675 864 | 175 224 1260
1659 553 50160 | 165 240 1254 | 120 627 912
1659 307 27720 | 168 231 1260 | 120 594 945
1659 2923 258825 | 174 210 1275 | 119 525 1015
1659 111 9520 | 144 255 1260 | 112 595 952
1659 11 855 | 98 630 931 | 99 570 990
1659 121 8820 | 105 294 1260 | 120 216 1323
1659 291 20944 | 112 238 1309 | 99 336 1224
1659 19 1296 | 84 567 1008 | 99 264 1296
1659 79 4836 | 84 273 1302 | 78 372 1209
1659 77 4680 | 120 135 1404 | 72 690 897
1659 553 31152 | 99 144 1416 | 66 649 944
1659 140 7293 | 60 715 884 | 66 306 1287
1659 79 3381 | 63 147 1449 | 49 483 1127
1659 2323 83160 | 42 297 1320 | 70 77 1512
1660 1 180 | 450 550 660 | 476 504 680
1660 1063 180180 | 385 495 780 | 360 572 728
1660 7 1170 | 360 520 780 | 406 435 819
1660 1 166 | 415 415 830 | 332 664 664
1660 649 105144 | 337 504 819 | 312 674 674
1660 29 4620 | 308 572 780 | 300 660 700
1660 349 55440 | 308 560 792 | 360 420 880
1660 23 3600 | 360 400 900 | 330 450 880 | 288 672 700
1660 11 1700 | 280 680 700 | 300 510 850
1660 173 26180 | 340 385 935 | 308 442 910
1660 109 16380 | 351 364 945 | 300 450 910
1660 71 9360 | 260 360 1040 | 208 660 792
1660 1 112 | 160 700 800 | 208 308 1144
1660 19 2016 | 196 288 1176 | 160 450 1050
1660 13 1330 | 140 760 760 | 160 380 1120
1660 347 34580 | 156 364 1140 | 140 532 988
1660 23 2100 | 175 225 1260 | 120 700 840
1660 361 32760 | 160 252 1248 | 120 630 910
1660 41 2016 | 64 252 1344 | 80 140 1440
1660 227 7308 | 35 725 900 | 36 406 1218
1661 107 17952 | 416 429 816 | 352 561 748
1661 31 4200 | 220 616 825 | 217 700 744
1661 151 17936 | 236 304 1121 | 176 649 836
1661 151 14715 | 165 297 1199 | 135 545 981
1661 773 55440 | 99 330 1232 | 88 693 880
1661 251 6786 | 36 117 1508 | 29 696 936
1662 277 48720 | 420 522 720 | 406 560 696
1662 277 47124 | 408 462 792 | 357 612 693
1662 419 66528 | 336 462 864 | 297 672 693
1662 121 18270 | 290 490 882 | 270 609 783
1662 4 585 | 252 630 780 | 286 440 936
1662 2879 392730 | 265 390 1007 | 221 646 795
1662 167 21840 | 234 420 1008 | 210 572 880
1662 277 32760 | 180 546 936 | 210 360 1092
1662 47 5184 | 162 540 960 | 192 336 1134
1662 1879 159588 | 117 429 1116 | 155 220 1287
1662 831 70070 | 143 245 1274 | 110 572 980
1662 193 12480 | 105 192 1365 | 78 624 960
1662 137 8400 | 112 150 1400 | 75 483 1104
1662 277 7224 | 42 72 1548 | 28 602 1032
1662 277 2436 | 14 24 1624 | 9 609 1044
1663 317 49980 | 294 629 740 | 340 441 882
1663 128 18095 | 286 390 987 | 235 658 770
1663 347 36036 | 189 286 1188 | 143 728 792
1663 1663 144144 | 168 208 1287 | 112 693 858
1663 1663 92820 | 105 130 1428 | 65 714 884
1663 421 21315 | 58 735 870 | 77 165 1421
1663 73 2280 | 48 95 1520 | 38 200 1425
1663 1009 12688 | 16 61 1586 | 13 610 1040
1664 1597 236808 | 299 429 936 | 264 572 828
1664 13 1920 | 256 640 768 | 320 384 960
1664 13 1760 | 220 608 836 | 224 560 880
1664 11 1456 | 260 364 1040 | 208 728 728
1664 73 9360 | 234 390 1040 | 208 520 936
1664 655 77832 | 207 376 1081 | 180 564 920
1664 367 42588 | 182 468 1014 | 169 676 819
1664 247 28560 | 168 680 816 | 180 476 1008
1664 23 2640 | 220 304 1140 | 168 616 880
1664 7 780 | 182 390 1092 | 234 260 1170
1664 83 8512 | 152 448 1064 | 224 224 1216
1664 1 96 | 128 768 768 | 208 208 1248
1664 1 80 | 104 520 1040 | 128 256 1280
1664 437 27720 | 77 552 1035 | 110 168 1386
1664 337 19040 | 68 476 1120 | 80 224 1360
1664 949 37400 | 68 100 1496 | 44 600 1020
1664 13 462 | 69 77 1518 | 39 715 910
1665 37 6732 | 459 594 612 | 495 510 660
1665 1 180 | 444 555 666 | 450 540 675
1665 4 693 | 378 594 693 | 385 560 720
1665 47 7695 | 342 513 810 | 405 405 855
1665 109 17325 | 297 675 693 | 315 525 825
1665 97 13680 | 315 342 1008 | 240 570 855
1665 37 4968 | 270 360 1035 | 216 621 828
1665 37 4680 | 195 630 840 | 225 400 1040
1665 111 13804 | 203 476 986 | 210 435 1020
1665 704 85095 | 244 305 1116 | 186 549 930
1665 37 4128 | 216 288 1161 | 160 645 860
1665 13 1296 | 144 468 1053 | 135 720 810
1665 453 43645 | 129 696 840 | 203 215 1247
1665 11 1044 | 145 360 1160 | 126 756 783
1665 3 259 | 111 777 777 | 185 185 1295
1665 1 84 | 111 518 1036 | 135 270 1260
1665 111 9200 | 115 400 1150 | 120 345 1200
1665 37 2700 | 135 180 1350 | 90 675 900
1665 22 1575 | 126 189 1350 | 90 525 1050
1665 359 23460 | 115 170 1380 | 84 391 1190
1665 1 65 | 105 195 1365 | 78 690 897
1665 111 7000 | 75 750 840 | 125 140 1400
1665 7 432 | 117 144 1404 | 74 592 999
1665 3299 180180 | 72 273 1320 | 70 308 1287
1665 608 31395 | 70 230 1365 | 65 312 1288
1665 43 1560 | 40 650 975 | 45 216 1404
1665 111 3920 | 48 147 1470 | 40 400 1225
1665 1 33 | 37 407 1221 | 45 135 1485
1665 37 936 | 27 702 936 | 45 60 1560
1665 23 504 | 40 50 1575 | 27 126 1512
1666 1 171 | 378 532 756 | 418 456 792
1666 377 62832 | 374 476 816 | 336 616 714
1666 7 1150 | 391 425 850 | 322 644 700
1666 13 2128 | 322 608 736 | 336 532 798
1666 13 2058 | 294 686 686 | 343 441 882
1666 7 1080 | 280 630 756 | 340 408 918
1666 181 27846 | 286 561 819 | 306 476 884
1666 7 990 | 245 539 882 | 286 390 990 | 297 370 999
1666 3977 526680 | 240 418 1008 | 209 665 792
1666 7 912 | 266 336 1064 | 204 646 816
1666 167 21420 | 210 504 952 | 255 340 1071
1666 1 126 | 238 357 1071 | 196 588 882
1666 5 608 | 184 608 874 | 266 280 1120
1666 203 23598 | 184 456 1026 | 171 621 874
1666 49 5610 | 204 340 1122 | 170 561 935
1666 19 2080 | 182 364 1120 | 208 288 1170
1666 1 100 | 196 245 1225 | 136 680 850
1666 161 15776 | 136 544 986 | 145 416 1105
1666 3 290 | 168 280 1218 | 145 390 1131
1666 151 14560 | 130 640 896 | 208 210 1248
1666 73 6930 | 130 546 990 | 126 770 770
1666 1 91 | 196 196 1274 | 130 416 1120
1666 53 4760 | 136 340 1190 | 119 595 952
1666 7 612 | 119 476 1071 | 136 306 1224
1666 11 936 | 162 208 1296 | 112 546 1008
1666 7 592 | 136 272 1258 | 112 518 1036
1666 49 3894 | 132 236 1298 | 102 561 1003
1666 2027 151032 | 93 616 957 | 116 248 1302
1666 359 17160 | 60 286 1320 | 56 455 1155
1666 49 2214 | 82 108 1476 | 51 697 918
1666 101 4410 | 70 126 1470 | 49 735 882
1666 7 300 | 51 340 1275 | 56 210 1400
1666 49 1530 | 34 612 1020 | 51 85 1530
1667 23 3696 | 315 560 792 | 336 484 847
1667 563 85680 | 272 630 765 | 336 396 935
1667 428 55335 | 204 595 868 | 210 527 930
1667 97 12264 | 280 292 1095 | 204 511 952
1667 59 7020 | 195 432 1040 | 182 540 945
1667 1 105 | 182 315 1170 | 176 336 1155
1667 667 51480 | 99 528 1040 | 120 260 1287
1667 379 22968 | 99 176 1392 | 72 638 957
1667 5561 309400 | 65 650 952 | 85 182 1400
1667 347 13104 | 42 585 1040 | 44 336 1287
1668 101 18018 | 418 585 665 | 429 546 693
1668 31 5460 | 420 520 728 | 399 585 684
1668 79 12432 | 336 444 888 | 296 588 784
1668 191 30030 | 308 520 840 | 315 495 858
1668 45 6992 | 342 414 912 | 368 380 920
1668 139 20160 | 288 420 960 | 252 576 840
1668 311 43680 | 260 448 960 | 252 480 936
1668 149 20832 | 288 372 1008 | 273 403 992
1668 139 19380 | 306 342 1020 | 228 680 760
1668 9 1232 | 264 396 1008 | 224 608 836
1668 317 42336 | 216 588 864 | 224 513 931
1668 19 2520 | 240 420 1008 | 210 648 810
1668 139 17820 | 264 324 1080 | 198 660 810
1668 95 12012 | 264 312 1092 | 210 468 990
1668 23 2790 | 216 372 1080 | 180 744 744
1668 139 16650 | 225 333 1110 | 180 600 888
1668 29 3360 | 180 480 1008 | 224 304 1140 | 168 700 800
1668 11 1260 | 168 600 900 | 210 324 1134
1668 397 43680 | 156 672 840 | 210 288 1170
1668 1 108 | 216 264 1188 | 168 420 1080
1668 35 3744 | 224 247 1197 | 160 468 1040
1668 157 15876 | 147 468 1053 | 168 324 1176
1668 139 13920 | 144 480 1044 | 160 348 1160
1668 7 660 | 132 480 1056 | 198 210 1260
1668 227 20790 | 135 378 1155 | 120 756 792
1668 61 5148 | 132 288 1248 | 108 702 858
1668 59 4032 | 108 216 1344 | 84 576 1008
1668 1177 71136 | 78 342 1248 | 72 608 988
1668 139 6510 | 56 372 1240 | 63 210 1395
1668 47 2016 | 60 168 1440 | 48 756 864
1668 373 11220 | 40 132 1496 | 51 77 1540
1668 139 3780 | 30 378 1260 | 36 120 1512
1668 103 2730 | 52 56 1560 | 30 273 1365
1669 1669 266220 | 340 459 870 | 306 580 783
1669 179 22176 | 189 616 864 | 224 374 1071
1669 1669 190080 | 220 297 1152 | 165 640 864
1669 2195 210672 | 171 266 1232 | 144 385 1140
1669 17 1248 | 119 224 1326 | 96 429 1144
1669 155 6279 | 69 105 1495 | 45 805 819
1669 4297 167388 | 52 174 1443 | 74 87 1508
1669 1061 38610 | 45 220 1404 | 52 132 1485
1669 1669 37800 | 40 54 1575 | 24 700 945
1670 23 3850 | 390 455 825 | 350 550 770
1670 67 9900 | 260 585 825 | 275 495 900
1670 269 36400 | 240 455 975 | 280 350 1040
1670 37 4950 | 220 550 900 | 225 510 935
1670 7 900 | 225 425 1020 | 200 630 840
1670 23 2574 | 225 275 1170 | 182 396 1092
1670 173 18354 | 152 552 966 | 207 266 1197
1670 1451 143640 | 152 378 1140 | 140 504 1026
1670 17 1638 | 130 630 910 | 150 350 1170
1670 23 2184 | 136 442 1092 | 135 455 1080
1670 367 31920 | 144 266 1260 | 112 760 798
1670 1759 147798 | 108 644 918 | 119 378 1173
1670 281 22960 | 112 410 1148 | 104 656 910
1670 223 17160 | 104 396 1170 | 130 220 1320
1670 61 4590 | 102 378 1190 | 150 170 1350
1670 391 28080 | 90 540 1040 | 88 702 880
1670 443 21840 | 84 130 1456 | 65 240 1365
1670 41 1683 | 46 612 1012 | 72 102 1496
1670 2293 75582 | 38 306 1326 | 36 646 988
1670 403 6300 | 20 75 1575 | 17 225 1428
1671 307 47112 | 312 453 906 | 302 481 888
1671 131 16380 | 208 455 1008 | 189 702 780
1671 647 75600 | 189 432 1050 | 176 550 945
1671 271 28560 | 153 510 1008 | 176 340 1155
1671 263 26775 | 150 450 1071 | 175 306 1190
1671 29 2574 | 132 351 1188 | 176 208 1287
1671 73 4620 | 84 322 1265 | 105 180 1386
1671 764 45045 | 72 455 1144 | 90 195 1386
1671 1109 54264 | 56 646 969 | 72 171 1428
1671 1349 26520 | 24 117 1530 | 26 85 1560
1672 19 3360 | 400 600 672 | 399 608 665
1672 19 3348 | 432 496 744 | 396 594 682
1672 41 6840 | 342 570 760 | 396 440 836
1672 59 9548 | 341 484 847 | 308 682 682
1672 37 5940 | 360 432 880 | 308 594 770
1672 1 160 | 304 608 760 | 320 520 832 | 300 672 700 | 352 440 880
1672 13 2016 | 280 672 720 | 352 396 924
1672 283 42900 | 300 462 910 | 275 572 825
1672 599 90440 | 266 646 760 | 340 380 952
1672 61 8892 | 342 342 988 | 247 684 741
1672 1 132 | 264 352 1056 | 209 627 836
1672 83 10920 | 208 624 840 | 231 440 1001
1672 113 14300 | 286 286 1100 | 209 475 988
1672 47 5610 | 187 495 990 | 176 680 816
1672 251 29412 | 171 684 817 | 172 645 855
1672 87 10010 | 231 286 1155 | 168 624 880
1672 47 5280 | 176 440 1056 | 160 720 792
1672 19 1960 | 160 392 1120 | 154 440 1078
1672 5 494 | 190 247 1235 | 133 741 798
1672 137 13464 | 132 748 792 | 176 272 1224
1672 19 1848 | 132 616 924 | 176 264 1232
1672 73 6460 | 136 320 1216 | 190 190 1292
1672 19 1638 | 112 624 936 | 154 231 1287
1672 19 1428 | 136 192 1344 | 114 266 1292
1672 1 72 | 152 152 1368 | 88 792 792
1672 67 4420 | 85 391 1196 | 104 208 1360
1672 19 1218 | 77 638 957 | 112 168 1392
1672 119 3480 | 33 319 1320 | 32 480 1160
1673 53 8820 | 392 441 840 | 364 490 819
1673 17 2736 | 304 666 703 | 315 560 798
1673 139 19152 | 266 399 1008 | 304 333 1036
1673 1 133 | 210 665 798 | 228 476 969
1673 493 64064 | 203 638 832 | 224 448 1001
1673 8 855 | 152 585 936 | 210 266 1197
1673 431 43120 | 196 245 1232 | 143 490 1040
1673 203 15504 | 96 608 969 | 111 304 1258
1673 8 559 | 86 598 989 | 98 301 1274
1673 191 10143 | 63 483 1127 | 98 126 1449
1673 33 1064 | 48 105 1520 | 35 798 840
1674 89 15600 | 400 546 728 | 384 640 650
1674 31 5320 | 360 630 684 | 420 456 798
1674 93 15652 | 344 602 728 | 387 468 819
1674 17 2808 | 351 504 819 | 324 648 702
1674 617 95130 | 315 453 906 | 302 490 882
1674 23 3510 | 351 378 945 | 270 702 702
1674 3 440 | 253 616 805 | 252 630 792
1674 53 7410 | 266 420 988 | 234 585 855
1674 199 27720 | 230 616 828 | 264 420 990
1674 33 4550 | 224 650 800 | 225 630 819
1674 5 648 | 270 324 1080 | 216 486 972
1674 1 124 | 279 279 1116 | 186 744 744
1674 31 3780 | 189 540 945 | 216 378 1080
1674 31 3510 | 234 270 1170 | 162 702 810
1674 19 2040 | 204 280 1190 | 153 585 936
1674 31 3240 | 216 243 1215 | 144 720 810
1674 187 19488 | 224 232 1218 | 154 464 1056
1674 3 272 | 124 496 1054 | 144 306 1224
1674 93 7952 | 144 252 1278 | 112 568 994
1674 141 11600 | 144 225 1305 | 110 464 1100
1674 53 4158 | 108 378 1188 | 99 630 945
1674 3 220 | 155 155 1364 | 90 792 792
1674 31 2240 | 120 210 1344 | 90 576 1008
1674 1123 80520 | 110 244 1320 | 88 671 915
1674 43 2990 | 138 156 1380 | 90 414 1170
1674 31 1980 | 81 405 1188 | 90 264 1320
1674 1649 90090 | 78 210 1386 | 90 154 1430
1674 3 160 | 62 620 992 | 90 144 1440
1674 251 9114 | 62 93 1519 | 49 155 1470
1674 31 700 | 36 63 1575 | 24 600 1050
1674 93 800 | 9 225 1440 | 10 64 1600
1675 11 1785 | 375 425 875 | 310 651 714 | 315 595 765
1675 4447 706860 | 297 630 748 | 336 459 880
1675 811 115920 | 322 345 1008 | 240 630 805
1675 1 136 | 217 714 744 | 250 425 1000
1675 67 8680 | 280 310 1085 | 200 700 775
1675 283 33000 | 180 495 1000 | 200 375 1100
1675 4651 355725 | 100 459 1116 | 155 170 1350
1675 1 63 | 75 700 900 | 102 187 1386
1675 1247 67680 | 63 672 940 | 94 141 1440
1675 73 3520 | 55 660 960 | 88 115 1472
1675 23 1085 | 63 217 1395 | 55 465 1155
1675 1003 37800 | 63 100 1512 | 45 280 1350
1676 277 44352 | 384 396 896 | 308 576 792
1676 17 2310 | 231 510 935 | 245 441 990 | 220 616 840
1676 97 12870 | 231 455 990 | 220 520 936
1676 181 22880 | 192 704 780 | 220 416 1040
1676 1 126 | 224 396 1056 | 231 374 1071
1676 1633 194480 | 260 272 1144 | 176 650 850
1676 233 26928 | 192 396 1088 | 176 510 990
1676 107 11780 | 180 380 1116 | 155 741 780
1676 1 110 | 231 255 1190 | 155 715 806 | 176 400 1100
1676 67 6930 | 147 539 990 | 160 396 1120
1676 11 1120 | 140 640 896 | 220 224 1232
1676 353 30690 | 155 234 1287 | 120 440 1116
1676 25 2112 | 110 576 990 | 108 704 864
1676 2467 192192 | 156 176 1344 | 99 576 1001
1676 643 40040 | 80 364 1232 | 77 455 1144
1676 1223 72072 | 77 312 1287 | 120 126 1430
1676 37 1820 | 80 140 1456 | 56 780 840
1676 41 2016 | 66 224 1386 | 56 756 864
1676 331 16016 | 56 528 1092 | 77 143 1456 | 70 176 1430
1676 631 20520 | 38 270 1368 | 48 108 1520
1677 13 2376 | 462 567 648 | 456 594 627
1677 41 7140 | 408 504 765 | 442 455 780
1677 559 95880 | 360 612 705 | 408 470 799
1677 17 2709 | 301 602 774 | 387 387 903
1677 43 6831 | 351 429 897 | 297 621 759
1677 5 728 | 273 468 936 | 252 585 840
1677 43 4680 | 156 585 936 | 195 312 1170
1677 2245 228228 | 143 546 988 | 140 627 910
1677 559 55968 | 159 352 1166 | 144 477 1056
1677 559 52668 | 171 252 1254 | 126 627 924
1677 5 462 | 148 308 1221 | 165 252 1260
1677 11 975 | 165 225 1287 | 117 585 975
1677 43 3504 | 144 219 1314 | 104 624 949
1677 205 15708 | 111 308 1258 | 102 420 1155
1677 1 72 | 90 552 1035 | 104 286 1287
1677 2 135 | 90 345 1242 | 86 430 1161
1677 236 15147 | 77 648 952 | 102 198 1377
1677 44 2457 | 65 702 910 | 84 189 1404
1677 559 29568 | 63 462 1152 | 77 192 1408
1677 37 900 | 42 60 1575 | 27 300 1350
1678 247 45430 | 490 539 649 | 472 590 616
1678 37 6786 | 468 572 638 | 493 522 663
1678 205 33264 | 352 462 864 | 378 420 880
1678 23 3570 | 285 595 798 | 306 490 882
1678 41 6120 | 270 544 864 | 306 420 952
1678 1 130 | 220 468 990 | 208 560 910
1678 311 39600 | 208 495 975 | 198 600 880 | 272 306 1100
1678 41 5148 | 220 405 1053 | 208 462 1008
1678 283 34720 | 248 310 1120 | 196 490 992
1678 59 6930 | 182 495 1001 | 220 324 1134
1678 61 6600 | 170 408 1100 | 154 600 924
1678 151 14040 | 160 270 1248 | 130 468 1080
1678 563 46410 | 170 182 1326 | 105 663 910
1678 113 8190 | 114 234 1330 | 105 286 1287
1678 397 27846 | 91 414 1173 | 98 306 1274
1678 17 936 | 76 234 1368 | 66 468 1144
1678 2311 125928 | 88 159 1431 | 66 424 1188
1678 983 53550 | 63 765 850 | 68 350 1260
1678 2083 110880 | 66 352 1260 | 63 495 1120
1678 283 14586 | 78 170 1430 | 66 286 1326
1678 521 24480 | 54 544 1080 | 68 170 1440
1678 3917 140300 | 40 488 1150 | 61 92 1525
1678 823 27720 | 66 72 1540 | 40 252 1386
1678 3847 80080 | 26 112 1540 | 22 616 1040
1679 73 11687 | 377 403 899 | 299 667 713
1679 58 9177 | 368 399 912 | 322 483 874
1679 1 140 | 230 644 805 | 292 365 1022
1679 37 5148 | 234 561 884 | 260 429 990
1679 8 1035 | 230 414 1035 | 207 552 920
1679 47 4960 | 160 434 1085 | 185 310 1184
1679 1 104 | 221 234 1224 | 146 584 949 | 184 299 1196 | 143 704 832
1679 1277 130900 | 140 714 825 | 154 425 1100
1679 73 6440 | 115 644 920 | 161 230 1288
1679 1303 58905 | 55 315 1309 | 51 693 935
1680 1 180 | 420 630 630 | 480 480 720
1680 7 1200 | 400 480 800 | 360 600 720
1680 1 168 | 420 420 840 | 336 672 672
1680 7 1152 | 384 432 864 | 320 640 720
1680 79 12600 | 360 420 900 | 315 525 840
1680 7 1044 | 270 540 870 | 288 464 928
1680 3 440 | 308 392 980 | 330 360 990
1680 1 144 | 240 720 720 | 336 336 1008
1680 59 8316 | 231 693 756 | 270 420 990
1680 3 416 | 320 320 1040 | 224 728 728
1680 169 23100 | 231 525 924 | 300 330 1050
1680 21 2720 | 272 320 1088 | 200 680 800
1680 7 858 | 208 416 1056 | 195 495 990
1680 161 19380 | 228 330 1122 | 255 285 1140
1680 1 120 | 180 600 900 | 224 336 1120
1680 63 7040 | 198 330 1152 | 160 640 880
1680 7 720 | 180 300 1200 | 144 576 960
1680 3 308 | 140 770 770 | 224 224 1232
1680 2351 240240 | 208 240 1232 | 144 546 990
1680 1 96 | 140 420 1120 | 144 384 1152
1680 7 660 | 126 630 924 | 140 385 1155
1680 7 624 | 120 520 1040 | 144 288 1248
1680 7 540 | 150 180 1350 | 96 720 864
1680 7 528 | 96 528 1056 | 120 240 1320
1680 31 2184 | 96 336 1248 | 120 195 1365
1680 3 200 | 140 140 1400 | 80 800 800
1680 7 360 | 60 540 1080 | 80 160 1440
1681 293 45045 | 351 385 945 | 273 693 715
1681 137 20670 | 265 636 780 | 273 560 848
1681 34 4725 | 225 700 756 | 238 525 918
1681 503 69300 | 225 616 840 | 231 550 900
1681 113 12320 | 160 520 1001 | 176 385 1120
1681 56 3135 | 65 780 836 | 66 570 1045
1681 317 10472 | 56 85 1540 | 36 693 952
1682 347 53550 | 306 476 900 | 275 693 714
1682 985 141984 | 288 408 986 | 261 493 928
1682 19 2610 | 290 348 1044 | 261 406 1015
1682 109 14490 | 210 644 828 | 230 462 990
1682 71 8190 | 182 450 1050 | 252 260 1170
1682 193 20930 | 210 276 1196 | 182 350 1150
1682 431 43470 | 210 230 1242 | 161 351 1170
1682 719 41230 | 95 161 1426 | 70 434 1178
1682 857 23200 | 29 725 928 | 32 200 1450
1683 23 3960 | 396 495 792 | 360 630 693
1683 31 5100 | 323 600 760 | 357 476 850
1683 29 4620 | 308 550 825 | 297 630 756
1683 146 21195 | 270 471 942 | 314 370 999
1683 13 1800 | 225 648 810 | 228 600 855
1683 21191 2777040 | 203 720 760 | 240 399 1044
1683 3 380 | 204 510 969 | 220 418 1045
1683 4 495 | 198 495 990 | 255 306 1122
1683 1 115 | 255 255 1173 | 165 759 759
1683 158 18135 | 234 279 1170 | 195 372 1116
1683 29 3240 | 189 360 1134 | 162 585 936
1683 1 108 | 162 468 1053 | 198 297 1188 | 153 612 918
1683 29 3060 | 153 510 1020 | 165 396 1122
1683 179 18480 | 220 231 1232 | 144 594 945
1683 199 19992 | 147 448 1088 | 136 714 833
1683 6 595 | 136 595 952 | 135 630 918
1683 237 20020 | 110 572 1001 | 168 195 1320
1683 211 17160 | 110 429 1144 | 143 220 1320
1683 4 315 | 99 660 924 | 102 510 1071
1683 41 3168 | 96 759 828 | 99 528 1056
1683 47 3120 | 102 221 1360 | 135 144 1404
1683 5 324 | 102 204 1377 | 117 162 1404
1683 37 2016 | 96 138 1449 | 63 756 864
1683 499 19305 | 55 143 1485 | 45 351 1287
1683 167 4836 | 32 403 1248 | 33 286 1364
1683 3 49 | 17 833 833 | 33 33 1617
1684 1 176 | 384 640 660 | 408 528 748
1684 1 165 | 320 660 704 | 340 528 816
1684 131 21420 | 340 504 840 | 315 629 740
1684 209 32760 | 315 481 888 | 312 490 882
1684 37 5460 | 280 468 936 | 312 392 980
1684 601 86640 | 240 722 722 | 315 361 1008
1684 1 144 | 240 684 760 | 312 364 1008
1684 1 140 | 315 333 1036 | 240 532 912
1684 547 73080 | 232 462 990 | 296 315 1073
1684 1 126 | 259 315 1110 | 208 468 1008
1684 491 58344 | 176 624 884 | 234 306 1144
1684 9 880 | 190 240 1254 | 136 528 1020
1684 23 1680 | 114 240 1330 | 91 585 1008
1684 97 5580 | 85 204 1395 | 72 372 1240
1684 421 21760 | 68 256 1360 | 64 340 1280
1684 421 19240 | 74 130 1480 | 52 592 1040
1684 421 16720 | 44 760 880 | 76 88 1520
1684 421 7900 | 20 400 1264 | 25 79 1580
1685 337 60632 | 424 572 689 | 440 530 715
1685 244 38675 | 325 476 884 | 350 425 910
1685 41 6440 | 345 420 920 | 299 546 840
1685 2929 322245 | 189 341 1155 | 155 693 837
1685 2971 319200 | 160 475 1050 | 200 288 1197
1685 139 12903 | 138 374 1173 | 165 255 1265
1685 529 37050 | 117 200 1368 | 100 285 1300
1685 139 9639 | 119 189 1377 | 90 405 1190
1685 257 17136 | 112 187 1386 | 80 765 840
1685 731 46200 | 75 770 840 | 99 200 1386
1685 337 20445 | 75 435 1175 | 87 235 1363
1685 52 2975 | 85 200 1400 | 70 425 1190
1685 17 936 | 112 117 1456 | 65 540 1080
1685 1261 58520 | 57 308 1320 | 70 152 1463
1685 337 8216 | 26 632 1027 | 40 65 1580
1685 337 1664 | 8 13 1664 | 5 640 1040
1686 87 13640 | 310 496 880 | 360 396 930
1686 563 69768 | 204 456 1026 | 216 399 1071
1686 29 3534 | 228 342 1116 | 186 570 930
1686 67 7392 | 156 672 858 | 168 462 1056
1686 1439 152880 | 147 720 819 | 156 490 1040
1686 163 16758 | 168 342 1176 | 147 513 1026
1686 961 87780 | 152 280 1254 | 132 399 1155
1686 1 91 | 120 630 936 | 126 468 1092
1686 59 4680 | 100 650 936 | 132 234 1320
1686 163 12870 | 99 690 897 | 108 390 1188
1686 187 11970 | 84 342 1260 | 90 266 1330
1686 41 2310 | 66 630 990 | 91 165 1430
1686 29 495 | 22 80 1584 | 20 126 1540
1687 1 168 | 385 462 840 | 364 504 819
1687 94 15435 | 343 504 840 | 315 686 686
1687 14 2145 | 308 455 924 | 270 702 715
1687 17 2520 | 315 392 980 | 273 504 910
1687 491 72072 | 312 385 990 | 252 616 819
1687 2809 408408 | 312 374 1001 | 273 462 952
1687 43 5661 | 207 629 851 | 259 357 1071
1687 7 884 | 238 357 1092 | 192 663 832
1687 23 2520 | 154 693 840 | 196 315 1176
1687 325 28336 | 115 560 1012 | 112 770 805
1687 239 20748 | 126 364 1197 | 114 572 1001
1687 517 43225 | 140 247 1300 | 175 182 1330
1687 241 15015 | 91 231 1365 | 77 455 1155
1687 241 13095 | 63 679 945 | 97 135 1455
1687 83 4446 | 72 247 1368 | 63 532 1092
1687 35 1683 | 63 238 1386 | 55 612 1020
1687 35 207 | 6 738 943 | 8 23 1656
1688 1 180 | 440 528 720 | 414 630 644
1688 337 56784 | 338 630 720 | 336 676 676
1688 13 2016 | 288 560 840 | 336 416 936
1688 1 140 | 230 630 828 | 312 336 1040
1688 13 1680 | 260 336 1092 | 198 720 770
1688 223 26180 | 176 560 952 | 170 748 770
1688 2 231 | 176 504 1008 | 208 336 1144
1688 53 5940 | 225 275 1188 | 176 432 1080
1688 479 51040 | 176 352 1160 | 185 319 1184
1688 47 4816 | 140 688 860 | 176 308 1204
1688 51 4160 | 104 624 960 | 120 320 1248
1688 25 2024 | 138 230 1320 | 104 572 1012
1688 53 3696 | 88 480 1120 | 126 176 1386
1688 211 14168 | 88 368 1232 | 92 308 1288
1688 211 11648 | 64 728 896 | 104 128 1456
1688 211 10388 | 98 106 1484 | 56 784 848
1688 67 3276 | 56 624 1008 | 63 260 1365
1688 157 7616 | 68 192 1428 | 56 544 1088
1689 48 8645 | 420 585 684 | 416 608 665
1689 1217 162393 | 210 665 814 | 209 703 777
1689 193 25740 | 210 660 819 | 297 312 1080
1689 13 1512 | 189 420 1080 | 168 702 819
1689 37 4200 | 165 600 924 | 168 546 975
1689 41 4620 | 231 270 1188 | 168 520 1001
1689 1349 123165 | 153 276 1260 | 119 765 805
1689 1367 117300 | 138 276 1275 | 119 420 1150
1689 104 8721 | 108 612 969 | 170 189 1330
1689 839 69615 | 105 765 819 | 153 210 1326
1689 83 6732 | 108 459 1122 | 102 759 828
1689 1367 98175 | 105 275 1309 | 150 153 1386
1689 3043 210672 | 112 209 1368 | 84 693 912
1689 2839 175560 | 90 231 1368 | 84 285 1320
1689 101 5655 | 65 754 870 | 72 312 1305
1689 137 7488 | 72 273 1344 | 64 585 1040
1689 643 28152 | 64 153 1472 | 51 414 1224
1689 8714 285285 | 42 165 1482 | 38 286 1365
1690 17 3080 | 440 550 700 | 455 520 715
1690 1 160 | 330 480 880 | 364 416 910
1690 169 26320 | 280 658 752 | 350 400 940
1690 211 32760 | 312 468 910 | 280 630 780
1690 1 150 | 325 390 975 | 260 650 780
1690 407 56840 | 232 588 870 | 245 493 952
1690 59 8190 | 315 325 1050 | 234 546 910
1690 2 275 | 250 440 1000 | 220 700 770
1690 13 1782 | 286 351 1053 | 220 660 810
1690 11 1440 | 234 416 1040 | 220 480 990
1690 1 126 | 234 364 1092 | 195 585 910
1690 169 21280 | 190 700 800 | 266 304 1120
1690 181 21840 | 208 390 1092 | 195 455 1040
1690 13 1554 | 182 546 962 | 210 370 1110
1690 563 65520 | 182 468 1040 | 240 280 1170
1690 73 8008 | 154 704 832 | 182 364 1144
1690 667 73150 | 165 475 1050 | 154 700 836
1690 13 1400 | 160 480 1050 | 150 700 840
1690 169 17748 | 170 360 1160 | 153 493 1044
1690 13 1320 | 156 390 1144 | 150 440 1100
1690 37 3744 | 160 360 1170 | 208 234 1248
1690 1 90 | 130 390 1170 | 117 715 858
1690 481 34650 | 90 550 1050 | 150 154 1386
1690 71 5040 | 117 208 1365 | 90 480 1120
1690 53 3150 | 90 200 1400 | 70 675 945
1690 13 720 | 90 160 1440 | 65 585 1040
1690 169 8184 | 60 310 1320 | 62 264 1364
1690 523 23920 | 52 598 1040 | 80 115 1495
1690 169 6160 | 40 770 880 | 70 80 1540
1690 13 126 | 13 39 1638 | 10 420 1260
1690 169 1606 | 11 73 1606 | 10 220 1460
1691 2 357 | 399 646 646 | 459 476 756
1691 41 6840 | 360 495 836 | 380 456 855
1691 13 2040 | 285 646 760 | 360 396 935
1691 563 81345 | 261 495 935 | 319 357 1015
1691 53 7200 | 216 675 800 | 275 360 1056
1691 502 57855 | 190 399 1102 | 203 348 1140
1691 43 4788 | 171 456 1064 | 228 266 1197
1691 577 59220 | 144 560 987 | 140 705 846
1691 103 10472 | 187 272 1232 | 140 616 935
1691 19 1700 | 170 221 1300 | 116 725 850
1691 397 34320 | 176 195 1320 | 144 260 1287
1691 5 364 | 91 560 1040 | 104 299 1288
1691 410 29029 | 98 319 1274 | 91 440 1160
1691 107 6840 | 95 228 1368 | 76 760 855
1692 1 180 | 423 564 705 | 432 540 720
1692 17 3024 | 405 567 720 | 432 504 756
1692 37 6156 | 342 540 810 | 324 684 684
1692 31 4950 | 300 600 792 | 306 561 825
1692 3 470 | 376 376 940 | 282 705 705
1692 155 23868 | 273 663 756 | 306 468 918
1692 1219 180180 | 273 495 924 | 252 660 780
1692 23 3276 | 252 504 936 | 234 702 756
1692 11 1560 | 240 572 880 | 234 648 810
1692 37 5040 | 216 720 756 | 240 462 990
1692 137 18360 | 240 432 1020 | 306 306 1080
1692 97 12960 | 288 324 1080 | 210 672 810
1692 1721 227700 | 207 660 825 | 230 450 1012
1692 3 376 | 188 752 752 | 282 282 1128
1692 23 2880 | 252 320 1120 | 192 600 900
1692 3 364 | 234 324 1134 | 210 390 1092
1692 19 2160 | 240 264 1188 | 180 432 1080 | 162 720 810
1692 509 45864 | 130 392 1170 | 117 735 840
1692 25 2106 | 117 405 1170 | 108 648 936
1692 23 1890 | 108 504 1080 | 105 621 966
1692 1 80 | 132 240 1320 | 105 483 1104
1692 87 6580 | 108 315 1269 | 94 658 940
1692 1763 110880 | 96 210 1386 | 77 495 1120
1692 1789 110880 | 84 288 1320 | 80 352 1260
1692 1 60 | 72 540 1080 | 94 188 1410
1692 11 630 | 105 138 1449 | 72 360 1260
1692 79 3720 | 54 558 1080 | 80 124 1488
1692 641 29700 | 75 132 1485 | 54 450 1188
1692 1 42 | 47 658 987 | 72 108 1512
1692 1929 68068 | 39 561 1092 | 68 77 1547
1692 617 14364 | 42 54 1596 | 28 152 1512
1692 299 3168 | 11 369 1312 | 12 96 1584
1693 719 98072 | 230 520 943 | 299 328 1066
1693 34 3627 | 198 286 1209 | 221 248 1224
1693 1693 145080 | 124 360 1209 | 120 403 1170
1693 193 15295 | 120 285 1288 | 133 230 1330
1693 1693 98124 | 102 148 1443 | 68 663 962
1693 40 2193 | 102 129 1462 | 65 510 1118
1693 1073 45864 | 48 637 1008 | 49 468 1176
1693 67 780 | 12 615 1066 | 13 120 1560
1694 199 36036 | 462 504 728 | 429 572 693
1694 157 27720 | 385 616 693 | 420 504 770
1694 13 2070 | 322 490 882 | 360 414 920
1694 83 13090 | 374 385 935 | 286 680 728
1694 7 990 | 231 693 770 | 264 440 990
1694 829 108576 | 203 672 819 | 234 416 1044
1694 41 5040 | 196 490 1008 | 189 560 945
1694 7 858 | 182 693 819 | 264 286 1144
1694 1 110 | 242 242 1210 | 154 770 770
1694 245 26928 | 176 396 1122 | 160 544 990
1694 107 11088 | 198 264 1232 | 147 539 1008
1694 5 441 | 140 294 1260 | 126 392 1176
1694 389 32890 | 110 572 1012 | 130 299 1265
1694 427 33660 | 99 660 935 | 110 360 1224
1694 7 78 | 12 174 1508 | 13 82 1599
1695 929 165984 | 399 624 672 | 455 480 760
1695 341 44280 | 246 369 1080 | 200 675 820
1695 977 112200 | 165 680 850 | 187 408 1100
1695 29 3120 | 195 300 1200 | 176 364 1155
1695 1597 170940 | 165 420 1110 | 148 770 777
1695 107 9240 | 165 210 1320 | 120 420 1155
1695 166 13167 | 99 798 798 | 108 399 1188
1695 3323 236640 | 87 680 928 | 102 288 1305
1695 2843 192780 | 85 476 1134 | 108 210 1377
1695 43 2496 | 78 273 1344 | 75 320 1300
1695 319 15960 | 70 200 1425 | 57 798 840
1695 3763 182160 | 55 720 920 | 70 176 1449
1695 1969 69615 | 39 585 1071 | 63 85 1547
1695 1073 30039 | 57 57 1581 | 31 372 1292
1695 86 1155 | 15 140 1540 | 14 451 1230
1696 23 4160 | 416 640 640 | 448 520 728
1696 17 2912 | 352 616 728 | 416 448 832
1696 83 13760 | 320 688 688 | 344 520 832
1696 17 2520 | 288 448 960 | 252 684 760
1696 151 22176 | 252 608 836 | 336 352 1008
1696 617 87360 | 320 336 1040 | 234 630 832
1696 11 1484 | 265 371 1060 | 212 742 742
1696 23 3060 | 288 320 1088 | 234 442 1020
1696 577 76092 | 252 373 1071 | 204 746 746
1696 101 12936 | 196 660 840 | 198 616 882
1696 13 1368 | 192 288 1216 | 145 696 855
1696 415 41724 | 198 244 1254 | 171 305 1220
1696 7 640 | 128 448 1120 | 160 256 1280
1696 191 17136 | 162 238 1296 | 136 336 1224
1696 197 15912 | 105 520 1071 | 136 234 1326
1696 5 384 | 96 640 960 | 128 224 1344
1696 15 416 | 30 546 1120 | 40 96 1560
1697 5 736 | 253 608 836 | 248 713 736
1697 985 136136 | 272 385 1040 | 221 728 748
1697 1055 124488 | 171 728 798 | 247 280 1170
1697 943 105336 | 171 462 1064 | 220 280 1197
1697 1243 122360 | 161 320 1216 | 133 644 920
1697 563 38896 | 85 572 1040 | 91 374 1232
1697 191 11935 | 77 465 1155 | 110 161 1426
1697 11821 239085 | 23 189 1485 | 33 54 1610
1698 6157 1108536 | 456 494 748 | 408 627 663
1698 11437 1965600 | 378 520 800 | 351 672 675
1698 283 48360 | 372 520 806 | 360 558 780
1698 283 40950 | 273 450 975 | 252 546 900
1698 557 75306 | 231 489 978 | 294 326 1078
1698 849 111650 | 203 725 770 | 290 308 1100
1698 79 10080 | 272 306 1120 | 210 480 1008
1698 67 7920 | 180 528 990 | 198 400 1100
1698 103 12144 | 198 396 1104 | 253 272 1173
1698 83 9660 | 168 690 840 | 180 483 1035
1698 443 45144 | 144 528 1026 | 216 228 1254
1698 55 4536 | 105 648 945 | 162 192 1344
1698 317 24780 | 105 413 1180 | 156 177 1365
1698 2437 188496 | 140 198 1360 | 99 528 1071
1698 16 1155 | 88 770 840 | 132 180 1386
1698 347 23256 | 102 228 1368 | 81 648 969
1698 41 2145 | 60 780 858 | 66 312 1320
1698 703 36720 | 68 270 1360 | 60 720 918
1698 283 11310 | 45 522 1131 | 60 130 1508
1698 283 6864 | 26 528 1144 | 36 78 1584
1698 283 4884 | 33 37 1628 | 18 792 888
1698 25 408 | 17 697 984 | 32 34 1632
1699 8 1287 | 308 572 819 | 319 522 858
1699 5353 836640 | 288 581 830 | 280 672 747
1699 1373 178640 | 203 616 880 | 220 464 1015
1699 1699 212160 | 195 544 960 | 221 390 1088
1699 163 17160 | 165 390 1144 | 145 696 858
1699 502 30303 | 74 455 1170 | 112 144 1443
1699 463 27417 | 74 390 1235 | 104 152 1443
1699 167 9620 | 74 325 1300 | 96 160 1443
1699 2339 54600 | 26 273 1400 | 25 504 1170
1700 1 180 | 408 612 680 | 450 500 750 | 420 560 720
1700 97 16830 | 360 660 680 | 374 561 765
1700 1 170 | 425 425 850 | 340 680 680
1700 13 2100 | 300 700 700 | 350 450 900
1700 271 43010 | 374 391 935 | 340 440 920
1700 31 4320 | 225 675 800 | 224 720 756
1700 1 132 | 204 748 748 | 300 300 1100
1700 229 29120 | 192 728 780 | 260 320 1120
1700 367 46410 | 238 357 1105 | 195 595 910
1700 81 9520 | 192 420 1088 | 170 714 816
1700 643 66690 | 195 270 1235 | 152 468 1080
1700 2609 263340 | 140 570 990 | 209 231 1260
1700 167 16380 | 180 260 1260 | 140 468 1092
1700 127 12320 | 140 440 1120 | 160 308 1232
1700 937 85680 | 140 336 1224 | 119 765 816
1700 1 90 | 125 450 1125 | 136 340 1224
1700 7369 647280 | 120 464 1116 | 155 240 1305
1700 1 80 | 170 170 1360 | 100 800 800
1700 163 10790 | 80 624 996 | 83 455 1162
1700 11 700 | 80 420 1200 | 100 200 1400
1700 61 3600 | 80 270 1350 | 100 160 1440
1700 1 44 | 50 550 1100 | 68 136 1496
1700 361 13860 | 44 396 1260 | 70 90 1540
1700 479 15840 | 40 220 1440 | 36 704 960
1700 4321 103740 | 28 190 1482 | 39 65 1596
1700 199 3420 | 19 205 1476 | 18 580 1102
1700 23 390 | 20 120 1560 | 18 377 1305
1701 1 165 | 315 693 693 | 405 405 891
1701 23 3780 | 315 630 756 | 324 567 810
1701 353 54600 | 273 700 728 | 315 450 936
1701 31 4059 | 297 297 1107 | 225 451 1025
1701 13 1620 | 216 405 1080 | 252 315 1134
1701 7 792 | 162 648 891 | 165 576 960 | 216 297 1188
1701 167 15939 | 126 770 805 | 165 276 1260
1701 97 9072 | 126 567 1008 | 189 216 1296
1701 41 3591 | 126 378 1197 | 114 621 966
1701 56 4455 | 105 462 1134 | 108 405 1188
1701 211 15015 | 99 315 1287 | 91 455 1155
1701 2 135 | 117 180 1404 | 81 810 810
1701 877 47880 | 76 225 1400 | 63 798 840
1701 59 2310 | 45 396 1260 | 77 84 1540
1702 961 157080 | 315 595 792 | 308 680 714
1702 17 2310 | 294 330 1078 | 230 506 966
1702 401 51480 | 195 715 792 | 198 624 880
1702 11 1380 | 207 460 1035 | 230 368 1104
1702 67 7410 | 190 342 1170 | 155 741 806
1702 1 102 | 222 222 1258 | 138 782 782
1702 1619 157080 | 140 440 1122 | 136 495 1071
1702 37 2760 | 138 184 1380 | 92 690 920
1702 41 2442 | 74 407 1221 | 77 330 1295
1702 2003 117810 | 72 440 1190 | 70 561 1071
1702 1559 90090 | 90 182 1430 | 70 462 1170
1702 89 4760 | 64 448 1190 | 70 272 1360
1702 11 210 | 20 812 870 | 21 246 1435
1702 41 770 | 22 140 1540 | 20 406 1276
1703 71 12540 | 380 630 693 | 390 572 741
1703 95 16588 | 429 462 812 | 377 572 754
1703 65 9108 | 234 572 897 | 253 460 990
1703 193 26180 | 221 572 910 | 224 544 935
1703 247 32480 | 203 700 800 | 224 464 1015
1703 193 24024 | 273 286 1144 | 198 504 1001
1703 481 52668 | 153 714 836 | 198 308 1197
1703 1 65 | 130 143 1430 | 78 650 975
1703 3 104 | 39 416 1248 | 65 78 1560
1704 265 48048 | 429 560 715 | 416 616 672
1704 61 11040 | 416 598 690 | 440 528 736
1704 179 31416 | 408 504 792 | 374 616 714
1704 73 12672 | 384 528 792 | 360 640 704
1704 5 798 | 304 560 840 | 336 456 912
1704 277 43470 | 345 414 945 | 285 621 798
1704 31 4680 | 288 480 936 | 260 684 760
1704 17 2520 | 252 660 792 | 336 360 1008
1704 11 1560 | 234 630 840 | 260 456 988
1704 407 54600 | 300 312 1092 | 225 504 975
1704 227 29988 | 252 374 1078 | 204 735 765
1704 241 31824 | 204 720 780 | 208 612 884
1704 251 32760 | 252 360 1092 | 208 560 936
1704 27 3458 | 224 416 1064 | 209 494 1001
1704 5 624 | 192 576 936 | 260 304 1140
1704 557 68820 | 185 651 868 | 222 372 1110
1704 13 1512 | 168 672 864 | 252 264 1188
1704 11 1260 | 168 576 960 | 247 260 1197
1704 23 2340 | 144 520 1040 | 210 234 1260
1704 31 3060 | 204 225 1275 | 136 560 1008
1704 59 5280 | 120 528 1056 | 192 192 1320
1704 3 182 | 72 624 1008 | 117 138 1449
1704 113 6552 | 84 216 1404 | 104 144 1456
1704 559 19380 | 38 646 1020 | 48 136 1520
1704 401 7854 | 22 203 1479 | 21 374 1309
1705 31 5544 | 396 616 693 | 440 495 770
1705 31 5236 | 340 595 770 | 374 484 847
1705 37 6160 | 336 555 814 | 385 440 880
1705 59 9504 | 319 522 864 | 297 704 704
1705 149 23100 | 275 660 770 | 280 600 825
1705 29 4320 | 280 480 945 | 261 580 864
1705 106 15015 | 325 330 1050 | 264 440 1001
1705 8 1085 | 217 620 868 | 310 310 1085
1705 1 132 | 220 495 990 | 275 330 1100
1705 113 14760 | 205 600 900 | 270 328 1107
1705 31 3895 | 205 475 1025 | 209 451 1045
1705 89 10920 | 264 286 1155 | 200 455 1050
1705 103 12012 | 176 528 1001 | 220 315 1170
1705 113 11900 | 160 425 1120 | 175 340 1190
1705 1 105 | 165 385 1155 | 155 465 1085
1705 619 58275 | 147 333 1225 | 185 225 1295
1705 383 26775 | 85 675 945 | 90 425 1190
1705 71 4680 | 80 585 1040 | 88 330 1287
1705 17 1040 | 80 325 1300 | 85 260 1360
1705 1541 51480 | 39 280 1386 | 55 90 1560
1705 443 9660 | 35 60 1610 | 23 812 870
1705 31 648 | 40 45 1620 | 22 792 891
1706 559 69190 | 222 374 1110 | 185 663 858
1706 775 91494 | 234 299 1173 | 230 306 1170
1706 853 90288 | 152 528 1026 | 176 342 1188
1706 853 86940 | 140 621 945 | 184 280 1242
1706 5 506 | 210 231 1265 | 138 644 924
1706 2839 244530 | 152 234 1320 | 110 741 855
1706 853 70200 | 156 200 1350 | 104 702 900
1706 23 1870 | 170 176 1360 | 119 322 1265
1706 181 13260 | 91 595 1020 | 90 680 936
1706 677 38080 | 68 448 1190 | 115 119 1472
1706 853 40068 | 56 378 1272 | 63 212 1431
1706 389 9100 | 26 280 1400 | 25 533 1148
1706 13 200 | 16 650 1040 | 25 41 1640
1707 188 31185 | 330 567 810 | 396 420 891
1707 323 52416 | 315 560 832 | 312 576 819
1707 493 68376 | 222 693 792 | 264 407 1036
1707 283 34776 | 189 552 966 | 207 420 1080
1707 131 15717 | 186 507 1014 | 222 338 1147
1707 333 35360 | 160 442 1105 | 195 288 1224
1707 59 5865 | 207 225 1275 | 187 255 1265
1707 215 20757 | 132 555 1020 | 153 333 1221
1707 1283 90480 | 87 580 1040 | 120 195 1392
1707 1157 70224 | 72 627 1008 | 76 399 1232
1707 943 29925 | 35 475 1197 | 57 75 1575
1707 101 1632 | 24 51 1632 | 17 442 1248
1708 1 168 | 366 488 854 | 336 588 784
1708 61 10120 | 368 460 880 | 322 616 770
1708 427 65076 | 348 374 986 | 264 696 748
1708 11 1638 | 252 728 728 | 336 364 1008
1708 25 3696 | 315 385 1008 | 264 532 912
1708 427 62730 | 246 697 765 | 328 360 1020
1708 5 714 | 252 504 952 | 280 408 1020
1708 53 7540 | 232 696 780 | 273 420 1015
1708 2269 299880 | 204 720 784 | 245 392 1071
1708 79 10192 | 208 520 980 | 196 728 784
1708 47 5720 | 208 400 1100 | 182 616 910
1708 95 10836 | 252 252 1204 | 172 504 1032
1708 61 6880 | 224 280 1204 | 160 688 860
1708 427 45600 | 192 300 1216 | 150 608 950
1708 29 2940 | 140 588 980 | 196 252 1260
1708 427 39330 | 190 207 1311 | 120 760 828
1708 55 4788 | 112 684 912 | 133 315 1260
1708 529 44982 | 108 784 816 | 147 238 1323
1708 77 6120 | 144 204 1360 | 110 374 1224
1708 427 31806 | 93 589 1026 | 124 216 1368
1708 29 2100 | 91 525 1092 | 140 168 1400
1708 61 4368 | 96 364 1248 | 98 336 1274
1708 23 1584 | 88 432 1188 | 84 616 1008
1708 61 3640 | 70 728 910 | 112 140 1456
1708 271 10780 | 70 98 1540 | 44 784 880
1708 1141 37620 | 36 627 1045 | 44 144 1520
1708 17 416 | 28 224 1456 | 26 754 928
1708 61 940 | 28 35 1645 | 16 752 940
1708 19 252 | 18 52 1638 | 14 308 1386
1709 1 170 | 341 620 748 | 340 629 740
1709 7 1188 | 378 484 847 | 416 429 864
1709 91 9504 | 189 288 1232 | 143 702 864
1709 3217 294525 | 175 225 1309 | 119 765 825
1709 167 15048 | 180 209 1320 | 153 264 1292
1709 527 39468 | 92 759 858 | 99 414 1196
1709 185 11781 | 77 561 1071 | 85 315 1309
1709 37 513 | 15 209 1485 | 27 29 1653
1710 19 3510 | 450 585 675 | 468 540 702
1710 19 3450 | 460 500 750 | 414 621 675
1710 3 532 | 380 665 665 | 456 456 798
1710 3 506 | 418 418 874 | 330 690 690
1710 19 2880 | 300 450 960 | 270 576 864
1710 1 150 | 285 475 950 | 270 540 900
1710 19 2772 | 252 567 891 | 280 440 990
1710 139 18900 | 280 350 1080 | 225 540 945
1710 19 2520 | 252 378 1080 | 210 600 900
1710 381 50050 | 260 350 1100 | 231 429 1050
1710 3 380 | 285 285 1140 | 190 760 760
1710 1 126 | 210 450 1050 | 189 702 819 | 252 324 1134 | 190 665 855
1710 129 16100 | 280 280 1150 | 189 621 900
1710 61 7560 | 189 585 936 | 210 420 1080
1710 29 3510 | 270 270 1170 | 190 494 1026
1710 47 5400 | 180 450 1080 | 240 270 1200
1710 61 6966 | 189 387 1134 | 162 774 774
1710 1 114 | 171 513 1026 | 190 380 1140
1710 2159 244530 | 198 342 1170 | 171 494 1045
1710 3 328 | 240 240 1230 | 152 779 779
1710 3 320 | 150 600 960 | 190 304 1216
1710 19 2002 | 165 390 1155 | 156 462 1092
1710 57 5950 | 150 510 1050 | 170 350 1190
1710 713 73710 | 156 420 1134 | 162 378 1170
1710 57 5782 | 140 590 980 | 177 294 1239
1710 19 1890 | 180 270 1260 | 135 630 945
1710 3 266 | 114 798 798 | 190 190 1330
1710 51 4400 | 110 800 800 | 150 240 1320
1710 19 1518 | 108 414 1188 | 115 330 1265
1710 57 4550 | 100 700 910 | 150 195 1365
1710 3 230 | 100 460 1150 | 114 285 1311
1710 31 2310 | 110 280 1320 | 135 189 1386
1710 43 3150 | 90 675 945 | 100 350 1260
1710 19 1386 | 90 630 990 | 126 198 1386
1710 1 72 | 114 228 1368 | 90 540 1080
1710 69 4940 | 95 380 1235 | 135 171 1404
1710 1361 88920 | 78 720 912 | 95 247 1368
1710 381 24310 | 78 510 1122 | 110 170 1430
1710 57 3094 | 65 455 1190 | 78 204 1428
1710 19 990 | 90 135 1485 | 60 660 990
1710 57 2870 | 60 420 1230 | 70 205 1435
1710 131 6210 | 60 270 1380 | 54 621 1035
1710 1 28 | 30 840 840 | 57 57 1596
1710 19 462 | 30 140 1540 | 27 297 1386
1710 57 742 | 15 105 1590 | 14 212 1484
1711 1 171 | 342 666 703 | 380 495 836
1711 157 24453 | 286 570 855 | 342 407 962
1711 11 1596 | 333 342 1036 | 266 476 969
1711 1 136 | 236 472 1003 | 232 493 986
1711 31 3696 | 182 528 1001 | 220 336 1155
1711 401 43911 | 164 476 1071 | 153 697 861
1711 11 920 | 145 232 1334 | 138 253 1320
1711 1619 120384 | 133 192 1386 | 99 396 1216
1711 2449 85215 | 39 437 1235 | 45 171 1495
1711 669 22880 | 39 352 1320 | 55 96 1560
1712 683 116620 | 340 686 686 | 343 629 740
1712 313 47784 | 264 724 724 | 360 362 990
1712 1667 221340 | 255 372 1085 | 238 420 1054
1712 19 2520 | 224 480 1008 | 260 360 1092
1712 67 7920 | 176 576 960 | 208 360 1144
1712 83 9600 | 256 256 1200 | 200 360 1152
1712 73 7040 | 128 704 880 | 176 256 1280
1712 113 9856 | 112 704 896 | 128 352 1232
1712 3511 298452 | 114 476 1122 | 119 396 1197
1712 151 12012 | 112 352 1248 | 117 308 1287
1712 2357 163800 | 84 728 900 | 117 195 1400
1712 89 5760 | 128 144 1440 | 80 480 1152
1712 5123 197340 | 52 165 1495 | 46 286 1380
1712 305 9916 | 38 268 1406 | 37 335 1340
1712 13 360 | 32 240 1440 | 30 522 1160
1713 557 93840 | 345 552 816 | 336 595 782
1713 2 315 | 336 432 945 | 285 630 798
1713 571 76755 | 255 387 1071 | 215 595 903
1713 67 8580 | 231 390 1092 | 195 660 858
1713 571 65835 | 231 285 1197 | 165 693 855
1713 2 189 | 126 621 966 | 140 385 1188
1713 115 9912 | 120 413 1180 | 177 192 1344
1713 41 3465 | 126 322 1265 | 108 660 945
1713 73 5280 | 96 385 1232 | 88 800 825
1713 1457 105336 | 114 231 1368 | 88 770 855
1713 1039 72072 | 88 455 1170 | 84 693 936
1713 1357 48360 | 60 93 1560 | 39 744 930
1714 29 4650 | 350 434 930 | 306 558 850
1714 157 24073 | 362 364 988 | 266 724 724
1714 293 44640 | 342 380 992 | 288 496 930
1714 41 6210 | 345 370 999 | 270 570 874
1714 101 12090 | 234 310 1170 | 195 434 1085
1714 505 44574 | 114 680 920 | 126 391 1197
1714 1429 48790 | 40 280 1394 | 41 238 1435
1714 107 3168 | 32 638 1044 | 33 369 1312
1714 29 800 | 32 232 1450 | 50 64 1600
1715 49 8835 | 399 651 665 | 465 475 775
1715 1 176 | 392 539 784 | 385 560 770
1715 1 168 | 350 525 840 | 392 441 882
1715 343 53040 | 340 400 975 | 272 663 780
1715 97 14355 | 290 435 990 | 315 385 1015
1715 1 147 | 245 735 735 | 343 343 1029
1715 47 6552 | 224 672 819 | 225 650 840
1715 791 96525 | 189 525 1001 | 270 275 1170
1715 1 120 | 175 700 840 | 245 294 1176
1715 7 836 | 176 627 912 | 182 532 1001
1715 337 39780 | 252 273 1190 | 170 765 780
1715 7 741 | 147 637 931 | 195 285 1235
1715 49 5060 | 220 230 1265 | 140 770 805
1715 49 4488 | 120 660 935 | 168 238 1309
1715 19 1400 | 98 392 1225 | 140 175 1400
1715 23 1485 | 77 693 945 | 90 275 1350
1715 49 3075 | 105 175 1435 | 75 615 1025
1715 7 396 | 70 385 1260 | 77 252 1386
1715 343 18720 | 65 480 1170 | 80 195 1440
1715 16219 777920 | 55 572 1088 | 64 221 1430
1715 343 15300 | 85 100 1530 | 50 765 900
1715 83 3700 | 50 740 925 | 56 259 1400
1715 343 13932 | 81 86 1548 | 45 810 860
1715 1669 60060 | 40 520 1155 | 42 308 1365
1715 1 32 | 49 98 1568 | 35 560 1120
1715 2 63 | 50 90 1575 | 35 420 1260
1715 7 165 | 25 715 975 | 33 87 1595
1715 343 6408 | 20 360 1335 | 24 89 1602
1716 25 4752 | 528 594 594 | 540 560 616
1716 23 4368 | 546 546 624 | 528 572 616
1716 3 560 | 476 560 680 | 495 528 693
1716 1 180 | 420 540 756 | 396 660 660 | 468 468 780
1716 13 2310 | 420 504 792 | 385 605 726
1716 29 4914 | 351 546 819 | 336 624 756
1716 1 168 | 330 616 770 | 340 560 816
1716 19 3120 | 330 528 858 | 312 624 780
1716 17 2772 | 396 396 924 | 308 616 792
1716 39 6290 | 296 680 740 | 374 407 935
1716 29 4620 | 330 462 924 | 308 528 880
1716 1 156 | 286 572 858 | 312 468 936
1716 13 1980 | 264 660 792 | 330 396 990
1716 305 46452 | 294 474 948 | 316 420 980
1716 3 455 | 272 560 884 | 260 728 728
1716 83 12480 | 260 624 832 | 288 468 960
1716 299 43860 | 258 540 918 | 340 344 1032
1716 101 14400 | 240 576 900 | 234 650 832
1716 13 1848 | 308 352 1056 | 231 693 792
1716 37 4680 | 195 585 936 | 208 468 1040
1716 1 120 | 234 312 1170 | 180 576 960 | 176 660 880
1716 71 8316 | 168 756 792 | 231 297 1188
1716 19 2160 | 216 300 1200 | 168 540 1008
1716 8 903 | 168 516 1032 | 196 344 1176
1716 13 1440 | 180 384 1152 | 165 495 1056
1716 17 1872 | 156 624 936 | 176 396 1144
1716 169 18480 | 220 264 1232 | 176 385 1155
1716 771 83980 | 152 680 884 | 221 260 1235
1716 221 23100 | 225 231 1260 | 154 462 1100
1716 3 308 | 143 572 1001 | 176 308 1232
1716 23 2340 | 156 390 1170 | 180 288 1248
1716 1 96 | 132 528 1056 | 156 312 1248
1716 863 81900 | 182 234 1300 | 156 300 1260
1716 13 1188 | 180 216 1320 | 132 396 1188
1716 13 1140 | 132 330 1254 | 120 456 1140
1716 3 248 | 176 176 1364 | 104 806 806
1716 5 396 | 99 693 924 | 104 468 1144
1716 13 1008 | 154 176 1386 | 96 756 864
1716 37 2730 | 117 234 1365 | 91 650 975
1716 199 13860 | 110 220 1386 | 84 792 840
1716 13 888 | 88 407 1221 | 96 288 1332
1716 127 8580 | 130 156 1430 | 99 252 1365
1716 17 1092 | 91 260 1365 | 78 546 1092
1716 359 20160 | 84 192 1440 | 65 819 832
1716 31 1380 | 50 700 966 | 65 156 1495
1716 13 420 | 36 420 1260 | 44 132 1540 | 35 820 861
1716 13 378 | 36 168 1512 | 33 297 1386
1717 4 693 | 352 672 693 | 357 612 748
1717 178 23751 | 261 364 1092 | 273 342 1102
1717 1 105 | 170 357 1190 | 144 693 880
1717 67 6840 | 144 528 1045 | 170 323 1224
1717 4 351 | 117 520 1080 | 130 345 1242
1717 319 26520 | 136 255 1326 | 105 728 884
1717 9 728 | 102 663 952 | 105 520 1092
1717 53 3705 | 85 663 969 | 105 247 1365
1717 1943 124355 | 77 595 1045 | 85 323 1309
1717 2143 120120 | 65 728 924 | 70 360 1287
1717 1 45 | 85 102 1530 | 51 595 1071
1717 8 261 | 37 348 1332 | 36 492 1189
1717 7 220 | 35 406 1276 | 34 748 935
1717 137 4284 | 34 612 1071 | 36 287 1394
1718 59 10062 | 390 468 860 | 387 473 858
1718 671 112378 | 349 518 851 | 322 698 698
1718 859 128570 | 299 430 989 | 260 598 860
1718 27 3640 | 260 378 1080 | 210 728 780
1718 17 2080 | 182 640 896 | 260 288 1170
1718 479 51870 | 210 273 1235 | 152 630 936
1718 365 38038 | 143 665 910 | 182 304 1232
1718 25 2574 | 143 585 990 | 150 468 1100
1718 4535 464464 | 174 312 1232 | 143 560 1015
1718 4379 272272 | 78 408 1232 | 119 143 1456
1718 1777 70686 | 44 756 918 | 54 168 1496
1718 43 1386 | 35 693 990 | 36 406 1276
1718 37 840 | 28 130 1560 | 24 770 924
1718 23 504 | 36 58 1624 | 24 308 1386
1719 1 189 | 504 567 648 | 495 594 630
1719 37 5940 | 378 396 945 | 300 594 825
1719 53 7920 | 315 396 1008 | 297 432 990
1719 15 2233 | 261 567 891 | 319 385 1015
1719 219 29920 | 255 408 1056 | 224 560 935
1719 22 2835 | 270 315 1134 | 198 630 891
1719 23 2772 | 180 594 945 | 198 429 1092
1719 1 99 | 132 759 828 | 135 594 990 | 198 234 1287
1719 106 9639 | 126 459 1134 | 119 648 952
1719 251 8844 | 39 536 1144 | 44 201 1474
1720 43 7920 | 440 576 704 | 450 550 720
1720 13 2380 | 462 510 748 | 425 595 700
1720 1 180 | 400 600 720 | 430 516 774
1720 1 172 | 430 430 860 | 344 688 688
1720 1 154 | 280 560 880 | 301 473 946 | 275 595 850
1720 23 3300 | 275 425 1020 | 240 600 880
1720 53 7440 | 225 720 775 | 248 480 992
1720 89 12320 | 224 616 880 | 220 700 800
1720 43 5940 | 220 675 825 | 288 352 1080
1720 239 31350 | 275 323 1122 | 225 450 1045
1720 17 2070 | 184 576 960 | 225 345 1150
1720 1993 234000 | 195 400 1125 | 180 500 1040
1720 43 4968 | 184 432 1104 | 180 460 1080
1720 89 10080 | 180 420 1120 | 160 720 840
1720 43 4800 | 160 600 960 | 200 320 1200
1720 43 4674 | 205 285 1230 | 152 656 912
1720 1 108 | 172 387 1161 | 160 480 1080
1720 3293 334880 | 138 672 910 | 160 364 1196
1720 43 4212 | 130 780 810 | 208 216 1296
1720 43 3960 | 120 720 880 | 180 220 1320
1720 37 2800 | 160 160 1400 | 100 420 1200
1720 43 3036 | 110 230 1380 | 88 528 1104
1720 43 2784 | 96 232 1392 | 80 480 1160
1720 1319 74250 | 75 270 1375 | 110 125 1485
1720 19 1000 | 100 120 1500 | 70 250 1400
1720 359 17556 | 60 330 1330 | 56 608 1056
1720 997 42840 | 70 120 1530 | 48 720 952
1720 83 2730 | 48 112 1560 | 39 246 1435
1721 373 65208 | 429 456 836 | 364 616 741
1721 47 6325 | 276 345 1100 | 225 506 990
1721 17 2232 | 264 341 1116 | 217 496 1008
1721 883 65520 | 91 720 910 | 99 390 1232
1721 719 35224 | 56 629 1036 | 77 148 1496
1721 263 12768 | 96 105 1520 | 57 448 1216
1721 281 13585 | 57 429 1235 | 55 665 1001
1721 51 1820 | 56 105 1560 | 39 812 870
1722 37 6930 | 490 539 693 | 462 630 630
1722 401 72072 | 392 637 693 | 462 468 792
1722 7 1230 | 410 492 820 | 369 615 738
1722 89 15120 | 378 480 864 | 336 630 756
1722 167 25650 | 266 700 756 | 270 627 825
1722 119 17160 | 240 624 858 | 264 468 990
1722 49 6630 | 240 442 1040 | 234 468 1020
1722 121 15120 | 210 432 1080 | 224 378 1120
1722 197 24024 | 182 616 924 | 221 357 1144
1722 2329 267288 | 172 518 1032 | 222 296 1204
1722 3241 361152 | 192 342 1188 | 209 297 1216
1722 25 2646 | 147 630 945 | 168 378 1176
1722 679 65208 | 156 312 1254 | 171 264 1287
1722 7 510 | 123 205 1394 | 90 612 1020
1722 29 1890 | 135 138 1449 | 84 378 1260
1722 5099 312018 | 77 391 1254 | 102 171 1449
1722 1277 62244 | 72 168 1482 | 57 468 1197
1722 511 22800 | 57 240 1425 | 50 760 912
1722 133 4680 | 54 108 1560 | 40 377 1305
1722 49 1560 | 40 174 1508 | 45 117 1560
1722 3 70 | 28 154 1540 | 40 58 1624
1723 503 76440 | 330 392 1001 | 260 728 735
1723 6623 821304 | 183 748 792 | 198 488 1037
1724 79 12320 | 352 392 980 | 280 608 836
1724 13 1848 | 280 399 1045 | 240 560 924
1724 1 140 | 280 380 1064 | 224 700 800
1724 53 7392 | 294 352 1078 | 224 660 840
1724 89 12285 | 252 432 1040 | 280 364 1080
1724 1927 226440 | 185 459 1080 | 170 666 888
1724 265 29172 | 156 616 952 | 180 374 1170
1724 1249 120960 | 140 432 1152 | 128 756 840
1724 87 8330 | 140 408 1176 | 126 765 833
1724 283 24752 | 112 728 884 | 143 272 1309
1724 479 41496 | 112 624 988 | 114 546 1064
1724 199 15840 | 112 352 1260 | 99 800 825
1724 263 20592 | 104 432 1188 | 99 585 1040
1724 179 13860 | 140 198 1386 | 99 525 1100
1724 83 6072 | 99 360 1265 | 92 528 1104
1724 211 9300 | 50 558 1116 | 52 372 1300
1724 443 9660 | 23 756 945 | 30 84 1610
1725 1 189 | 525 525 675 | 483 621 621
1725 22 3825 | 425 450 850 | 360 600 765
1725 3 500 | 350 500 875 | 375 450 900
1725 2 315 | 300 525 900 | 280 680 765 | 345 414 966
1725 13 1980 | 315 420 990 | 275 550 900
1725 29 4200 | 280 425 1020 | 315 360 1050
1725 31 4140 | 207 690 828 | 230 460 1035
1725 1 132 | 204 663 858 | 253 368 1104 | 250 375 1100
1725 97 12285 | 273 297 1155 | 189 756 780 | 195 585 945
1725 9 1120 | 220 385 1120 | 184 736 805
1725 271 29640 | 152 715 858 | 210 280 1235
1725 1 108 | 207 276 1242 | 150 675 900
1725 79 8400 | 225 240 1260 | 175 350 1200
1725 29 3060 | 144 765 816 | 210 255 1260
1725 11 1020 | 195 204 1326 | 150 300 1275
1725 131 10920 | 132 273 1320 | 105 780 840
1725 121 10080 | 110 495 1120 | 105 756 864
1725 11 840 | 150 175 1400 | 105 360 1260
1725 721 54405 | 93 702 930 | 135 195 1395
1725 53 3360 | 77 528 1120 | 105 180 1440
1725 34 1485 | 60 180 1485 | 77 108 1540
1725 17 660 | 44 451 1230 | 45 360 1320
1725 17 525 | 45 105 1575 | 35 325 1365
1725 37 840 | 25 300 1400 | 24 756 945
1726 11 1904 | 357 592 777 | 400 476 850
1726 13 2142 | 350 476 900 | 310 651 765
1726 7639 1089270 | 234 637 855 | 252 494 980
1726 89 11934 | 208 702 816 | 270 351 1105
1726 257 34320 | 231 455 1040 | 208 660 858
1726 23 2870 | 238 340 1148 | 205 455 1066
1726 3197 351120 | 209 285 1232 | 154 660 912
1726 11 1050 | 130 546 1050 | 126 700 900
1726 517 45942 | 126 403 1197 | 114 806 806
1726 143 11970 | 168 190 1368 | 115 414 1197
1726 3 238 | 111 357 1258 | 153 187 1386
1726 43 3150 | 91 585 1050 | 126 200 1400
1726 8779 621180 | 145 153 1428 | 87 595 1044
1726 193 11440 | 88 208 1430 | 70 616 1040
1726 691 32016 | 58 276 1392 | 56 336 1334
1726 61 2821 | 62 208 1456 | 52 806 868
1726 151 6120 | 45 697 984 | 60 136 1530
1726 5 198 | 60 126 1540 | 45 451 1230 | 44 638 1044
1726 19 594 | 36 286 1404 | 44 116 1566
1726 5839 171360 | 32 504 1190 | 34 252 1440
1726 283 8160 | 36 160 1530 | 32 374 1320
1727 1 180 | 440 495 792 | 396 605 726
1727 233 30591 | 206 594 927 | 297 297 1133
1727 43 5100 | 175 600 952 | 255 272 1200
1727 46 5355 | 180 476 1071 | 198 374 1155
1727 503 55440 | 154 693 880 | 176 396 1155
1727 23 1980 | 121 396 1210 | 110 693 924
1727 157 11880 | 110 297 1320 | 99 440 1188
1727 157 10164 | 121 154 1452 | 77 726 924
1727 379 23408 | 112 152 1463 | 77 418 1232
1727 773 32571 | 77 99 1551 | 47 693 987
1727 157 3144 | 22 264 1441 | 24 131 1572
1728 3 560 | 448 640 640 | 504 504 720
1728 19 3432 | 468 468 792 | 408 572 748
1728 1 168 | 324 648 756 | 384 448 896
1728 961 157080 | 385 408 935 | 306 630 792
1728 1 160 | 384 384 960 | 288 720 720
1728 7883 1225224 | 308 468 952 | 273 663 792
1728 11 1512 | 216 756 756 | 270 378 1080
1728 73 9720 | 243 405 1080 | 216 540 972
1728 7 920 | 207 585 936 | 210 552 966
1728 389 50232 | 276 308 1144 | 195 728 805
1728 1 128 | 288 288 1152 | 192 768 768
1728 7 810 | 243 270 1215 | 189 405 1134
1728 3 184 | 72 828 828 | 128 128 1472
1728 1517 61380 | 62 126 1540 | 45 660 1023
1729 7 1240 | 403 520 806 | 380 589 760
1729 1729 298080 | 345 648 736 | 405 460 864
1729 13 2100 | 294 700 735 | 380 399 950
1729 19 3036 | 299 572 858 | 322 483 924
1729 133 20925 | 351 403 975 | 279 675 775
1729 41 6440 | 299 520 910 | 280 644 805
1729 19 2800 | 325 364 1040 | 245 700 784
1729 1729 252960 | 255 544 930 | 272 465 992
1729 25 3528 | 245 504 980 | 231 616 882
1729 52 7315 | 280 385 1064 | 266 418 1045
1729 247 32340 | 210 539 980 | 231 420 1078
1729 133 17085 | 195 663 871 | 255 335 1139
1729 7 880 | 190 627 912 | 224 385 1120
1729 19 2376 | 234 351 1144 | 189 616 924
1729 7 828 | 171 684 874 | 234 299 1196
1729 13 1485 | 189 385 1155 | 171 513 1045
1729 247 25500 | 140 714 875 | 204 250 1275
1729 373 38220 | 147 490 1092 | 195 260 1274
1729 7 520 | 104 325 1300 | 91 728 910
1729 1729 122760 | 99 310 1320 | 93 396 1240
1729 247 16800 | 105 224 1400 | 84 525 1120
1729 53 3432 | 77 728 924 | 104 195 1430
1729 527 33440 | 76 608 1045 | 77 532 1120
1729 1729 102120 | 111 138 1480 | 69 740 920
1729 91 4560 | 57 760 912 | 95 114 1520
1729 247 11880 | 77 140 1512 | 55 594 1080
1729 133 4680 | 39 520 1170 | 52 117 1560
1729 7 88 | 19 38 1672 | 13 572 1144
1730 647 103246 | 361 407 962 | 286 722 722
1730 569 89320 | 290 560 880 | 280 638 812
1730 47 7150 | 286 494 950 | 260 700 770
1730 709 91800 | 200 612 918 | 225 425 1080
1730 73 8840 | 200 425 1105 | 260 280 1190
1730 11 1330 | 255 285 1190 | 210 380 1140
1730 463 55440 | 176 630 924 | 180 560 990
1730 31 3536 | 170 520 1040 | 234 272 1224
1730 1003 113850 | 176 450 1104 | 165 575 990
1730 41 4290 | 190 286 1254 | 143 690 897
1730 121 11960 | 182 260 1288 | 200 230 1300
1730 3 250 | 110 495 1125 | 105 750 875
1730 361 30030 | 130 280 1320 | 105 715 910
1730 59 4830 | 120 322 1288 | 105 575 1050
1730 227 9360 | 80 90 1560 | 48 377 1305
1730 19 630 | 50 105 1575 | 36 770 924
1730 29369 691600 | 25 665 1040 | 26 304 1400
1730 17 304 | 29 48 1653 | 20 190 1520
1731 577 98040 | 344 570 817 | 360 516 855
1731 1 156 | 286 561 884 | 273 702 756
1731 36 5525 | 306 450 975 | 275 572 884
1731 302 45045 | 286 455 990 | 252 660 819
1731 613 84303 | 306 323 1102 | 261 399 1071
1731 61 8151 | 231 455 1045 | 286 323 1122
1731 71 9240 | 198 693 840 | 210 520 1001
1731 37 4680 | 195 576 960 | 189 702 840
1731 37 4620 | 240 336 1155 | 210 429 1092
1731 5 504 | 144 483 1104 | 135 756 840
1731 4121 363660 | 114 660 957 | 116 570 1045
1731 116 9231 | 102 543 1086 | 111 362 1258
1731 577 28272 | 57 496 1178 | 72 171 1488
1731 1097 30723 | 30 770 931 | 57 57 1617
1731 503 14040 | 36 135 1560 | 30 648 1053
1731 577 15960 | 40 95 1596 | 30 504 1197
1732 401 73080 | 440 522 770 | 406 630 696
1732 71 12540 | 440 456 836 | 380 572 780
1732 1117 192280 | 345 627 760 | 418 440 874
1732 2 315 | 360 392 980 | 280 660 792
1732 211 33120 | 288 570 874 | 276 720 736
1732 17 2660 | 280 616 836 | 364 380 988
1732 71 10080 | 280 396 1056 | 288 380 1064
1732 19 2640 | 260 416 1056 | 220 720 792
1732 11 1440 | 252 360 1120 | 288 304 1140
1732 967 123424 | 224 406 1102 | 232 380 1120
1732 73 8736 | 192 448 1092 | 247 288 1197
1732 433 51750 | 180 552 1000 | 207 375 1150
1732 1237 136620 | 184 360 1188 | 220 270 1242
1732 701 71060 | 220 220 1292 | 136 760 836
1732 1733 159600 | 120 700 912 | 133 399 1200
1732 433 25200 | 80 252 1400 | 72 400 1260
1732 5 288 | 76 288 1368 | 68 576 1088
1732 433 20020 | 88 104 1540 | 52 770 910
1732 43 1900 | 50 580 1102 | 52 380 1300
1732 1331 55692 | 68 117 1547 | 52 252 1428
1732 187 6384 | 38 462 1232 | 42 208 1482
1732 433 9660 | 24 420 1288 | 30 92 1610
1733 937 146300 | 308 475 950 | 275 660 798
1733 97 14300 | 275 468 990 | 247 650 836
1733 499 67932 | 216 629 888 | 238 459 1036
1733 911 123760 | 221 560 952 | 238 455 1040
1733 2363 277200 | 175 550 1008 | 225 308 1200
1733 11 1248 | 221 288 1224 | 160 715 858
1733 131 14560 | 160 572 1001 | 185 364 1184
1733 433 39900 | 175 228 1330 | 133 400 1200
1733 443 29640 | 91 312 1330 | 80 741 912
1733 307 20520 | 108 200 1425 | 95 270 1368
1733 17 780 | 52 615 1066 | 56 312 1365
1733 83 2964 | 52 123 1558 | 39 836 858
1733 25 672 | 32 189 1512 | 33 160 1540
1733 2867 61180 | 23 380 1330 | 28 95 1610
1733 127 2016 | 17 288 1428 | 18 147 1568
1734 703 130200 | 434 600 700 | 465 525 744
1734 207 35530 | 342 627 765 | 340 646 748
1734 181 30030 | 330 546 858 | 390 420 924
1734 2413 398112 | 377 429 928 | 308 672 754
1734 13 2142 | 357 459 918 | 306 714 714
1734 121 19890 | 306 663 765 | 390 408 936
1734 49 7590 | 308 460 966 | 330 414 990
1734 2059 308880 | 260 594 880 | 270 528 936
1734 1 144 | 264 462 1008 | 234 720 780
1734 61 8190 | 234 450 1050 | 252 390 1092
1734 61 7854 | 198 612 924 | 238 374 1122
1734 31 3960 | 264 315 1155 | 198 576 960
1734 107 12600 | 176 550 1008 | 180 504 1050
1734 241 26334 | 198 304 1232 | 228 252 1254
1734 121 13104 | 234 240 1260 | 154 572 1008
1734 179 19110 | 168 390 1176 | 147 690 897
1734 1609 169260 | 182 312 1240 | 195 279 1260
1734 401 39990 | 215 217 1302 | 186 258 1290
1734 31 2340 | 117 252 1365 | 135 195 1404
1734 1093 68640 | 99 195 1440 | 96 208 1430
1734 689 34776 | 69 216 1449 | 84 138 1512
1734 9 416 | 54 432 1248 | 52 754 928 | 60 234 1440
1734 41 1794 | 52 348 1334 | 54 276 1404
1734 307 11088 | 66 84 1584 | 44 234 1456
1735 109 20475 | 495 525 715 | 455 630 650
1735 608 110825 | 403 650 682 | 440 520 775
1735 16 2135 | 259 366 1110 | 210 610 915
1735 23 3000 | 250 360 1125 | 210 525 1000
1735 41 5247 | 265 315 1155 | 198 583 954
1735 32 2145 | 110 195 1430 | 88 360 1287
1735 118 5643 | 55 540 1140 | 54 779 902
1735 41 1575 | 70 90 1575 | 45 325 1365
1735 221 6072 | 33 184 1518 | 30 440 1265
1735 421 11340 | 33 162 1540 | 45 70 1620
1735 47 1080 | 25 360 1350 | 41 54 1640
1736 1 186 | 496 496 744 | 434 651 651
1736 151 27720 | 462 504 770 | 440 540 756
1736 31 5460 | 416 480 840 | 364 637 735
1736 7 1152 | 336 504 896 | 384 416 936
1736 23 3640 | 280 728 728 | 364 392 980
1736 1523 228228 | 266 546 924 | 286 462 988
1736 217 31680 | 320 360 1056 | 240 704 792
1736 7 1020 | 240 680 816 | 310 372 1054
1736 49 6864 | 308 336 1092 | 264 416 1056
1736 217 29640 | 228 520 988 | 240 456 1040
1736 13 1760 | 308 308 1120 | 240 440 1056
1736 5 672 | 280 336 1120 | 224 504 1008
1736 437 56700 | 252 350 1134 | 231 405 1100
1736 217 27768 | 192 712 832 | 267 312 1157
1736 289 36960 | 192 704 840 | 231 385 1120
1736 31 3920 | 224 392 1120 | 196 560 980
1736 287 34782 | 186 527 1023 | 176 744 816
1736 31 3740 | 176 680 880 | 238 308 1190
1736 847 98900 | 172 575 989 | 215 325 1196
1736 109 12320 | 224 280 1232 | 176 440 1120
1736 217 23400 | 150 650 936 | 200 288 1248
1736 31 3200 | 140 700 896 | 200 256 1280
1736 1433 137088 | 136 448 1152 | 126 714 896
1736 7 660 | 176 240 1320 | 124 682 930
1736 31 2660 | 140 266 1330 | 112 560 1064
1736 587 47880 | 126 280 1330 | 140 228 1368
1736 9 700 | 96 800 840 | 98 588 1050
1736 119 8800 | 96 440 1200 | 128 200 1408
1736 217 15912 | 96 416 1224 | 104 306 1326
1736 31 2210 | 91 455 1190 | 104 272 1360
1736 7 492 | 96 328 1312 | 93 372 1271
1736 1 54 | 112 112 1512 | 62 837 837
1736 3317 163800 | 56 780 900 | 63 273 1400
1736 217 9150 | 61 150 1525 | 48 488 1200
1736 1 36 | 54 116 1566 | 42 308 1386
1736 217 7200 | 36 800 900 | 64 72 1600
1736 13 420 | 35 756 945 | 42 154 1540
1736 829 16380 | 28 70 1638 | 21 455 1260
1736 217 3300 | 20 66 1650 | 16 400 1320
1736 31 410 | 16 80 1640 | 14 287 1435
1737 327 52624 | 368 407 962 | 312 528 897
1737 67 10395 | 351 385 1001 | 297 495 945
1737 37 5544 | 252 693 792 | 297 432 1008
1737 911 126225 | 225 594 918 | 297 340 1100
1737 5 648 | 216 468 1053 | 198 648 891
1737 131 16632 | 216 429 1092 | 189 756 792
1737 193 24420 | 220 407 1110 | 198 540 999
1737 193 19380 | 135 684 918 | 190 255 1292
1737 31 2640 | 120 385 1232 | 112 525 1100
1737 397 32760 | 117 360 1260 | 105 624 1008
1737 3187 255024 | 112 360 1265 | 144 207 1386
1737 113 9009 | 99 819 819 | 105 462 1170
1737 799 63063 | 99 637 1001 | 117 297 1323
1737 579 45448 | 104 437 1196 | 114 312 1311
1737 341 22032 | 81 432 1224 | 84 357 1296
1737 579 29348 | 58 667 1012 | 87 132 1518
1737 15 728 | 56 533 1148 | 60 312 1365
1737 271 12852 | 72 153 1512 | 54 612 1071
1737 79 3705 | 54 513 1170 | 65 190 1482
1737 1013 19656 | 27 72 1638 | 21 312 1404
1738 995 175032 | 360 663 715 | 374 572 792
1738 1 165 | 330 528 880 | 308 660 770
1738 79 12852 | 378 408 952 | 297 693 748
1738 79 12012 | 308 429 1001 | 264 616 858
1738 229 32760 | 231 715 792 | 280 405 1053
1738 79 9360 | 176 572 990 | 208 360 1170
1738 73 8470 | 220 308 1210 | 165 726 847
1738 149 14280 | 187 231 1320 | 140 408 1190
1738 47 4070 | 121 407 1210 | 110 814 814
1738 79 6840 | 180 190 1368 | 110 792 836
1738 2183 171864 | 99 616 1023 | 126 248 1364
1738 457 33306 | 91 549 1098 | 98 366 1274
1738 73 4440 | 74 480 1184 | 72 630 1036
1738 311 18720 | 90 208 1440 | 72 546 1120
1738 13 630 | 56 522 1160 | 55 693 990
1738 25 1188 | 72 154 1512 | 55 495 1188
1738 13 616 | 56 406 1276 | 88 110 1540
1738 181 7480 | 55 187 1496 | 46 680 1012
1738 1 38 | 48 208 1482 | 57 123 1558
1738 331 10878 | 38 294 1406 | 37 378 1323
1738 373 8050 | 23 490 1225 | 28 100 1610
1739 1 171 | 423 423 893 | 333 703 703
1739 241 37674 | 299 504 936 | 276 644 819
1739 389 41800 | 152 575 1012 | 200 285 1254
1739 293 30360 | 140 759 840 | 220 231 1288
1739 823 85085 | 143 595 1001 | 140 715 884
1739 37 3458 | 140 364 1235 | 152 299 1288
1739 157 12400 | 105 434 1200 | 144 200 1395
1739 37 2820 | 141 188 1410 | 94 705 940
1739 139 8800 | 75 704 960 | 99 200 1440
1739 1073 42840 | 56 153 1530 | 45 504 1190
1739 317 11088 | 39 468 1232 | 56 99 1584
1739 41 900 | 24 315 1400 | 44 45 1650
1739 131 2584 | 23 152 1564 | 24 119 1596
1740 293 54288 | 435 585 720 | 464 522 754
1740 1 174 | 348 696 696 | 435 435 870
1740 13 2100 | 300 600 840 | 315 525 900
1740 9 1360 | 290 464 986 | 255 720 765
1740 163 23760 | 270 462 1008 | 240 675 825
1740 1 144 | 240 600 900 | 288 396 1056
1740 19 2700 | 270 420 1050 | 300 360 1080
1740 353 50160 | 228 720 792 | 240 550 950
1740 31 4368 | 312 336 1092 | 240 525 975
1740 3 418 | 220 760 760 | 319 319 1102
1740 51 6944 | 288 336 1116 | 310 310 1120
1740 37 4914 | 203 754 783 | 210 585 945
1740 193 25536 | 228 448 1064 | 210 570 960
1740 221 28800 | 288 300 1152 | 200 640 900
1740 23 2970 | 220 440 1080 | 270 315 1155
1740 31 3960 | 200 550 990 | 261 319 1160
1740 281 35340 | 190 620 930 | 228 372 1140
1740 9 1100 | 200 440 1100 | 180 660 900
1740 139 16800 | 200 420 1120 | 252 288 1200
1740 1 120 | 174 696 870 | 240 300 1200
1740 61 6300 | 180 300 1260 | 140 700 900
1740 31 3120 | 200 240 1300 | 145 464 1131
1740 17 1650 | 200 220 1320 | 144 396 1200
1740 1 90 | 145 290 1305 | 120 540 1080
1740 1 84 | 116 406 1218 | 120 360 1260
1740 263 18720 | 144 156 1440 | 90 480 1170
1740 13 672 | 60 560 1120 | 66 288 1386
1740 391 9450 | 28 200 1512 | 30 135 1575
1741 1741 175305 | 145 465 1131 | 155 377 1209
1741 251 15561 | 76 468 1197 | 126 133 1482
1741 239 12540 | 60 779 902 | 63 418 1260
1741 1 45 | 51 585 1105 | 60 205 1476
1741 481 20196 | 51 286 1404 | 56 189 1496
1741 439 18424 | 47 616 1078 | 49 376 1316
1741 991 23400 | 26 315 1400 | 25 780 936
1741 1691 37400 | 40 51 1650 | 25 220 1496
1742 13 2310 | 378 594 770 | 440 462 840
1742 193 30030 | 286 546 910 | 270 702 770
1742 13 2010 | 268 670 804 | 335 402 1005
1742 167 25740 | 312 440 990 | 286 520 936
1742 47 7140 | 323 399 1020 | 280 510 952
1742 67 10010 | 260 572 910 | 286 455 1001
1742 997 138320 | 247 455 1040 | 224 608 910
1742 1 132 | 286 312 1144 | 201 737 804 | 224 462 1056
1742 281 32032 | 182 416 1144 | 224 286 1232
1742 31 3080 | 132 770 840 | 143 455 1144
1742 551 51480 | 132 440 1170 | 130 468 1144
1742 67 6230 | 140 356 1246 | 130 455 1157
1742 181 15912 | 117 520 1105 | 144 272 1326
1742 871 75240 | 110 720 912 | 165 209 1368
1742 67 5610 | 110 510 1122 | 130 286 1326
1742 871 55860 | 76 735 931 | 120 152 1470
1742 3 130 | 60 174 1508 | 78 104 1560
1742 5399 192280 | 46 176 1520 | 40 437 1265
1742 575 19152 | 42 180 1520 | 38 336 1368
1742 67 2220 | 39 260 1443 | 40 222 1480
1742 871 25172 | 31 812 899 | 56 62 1624
1743 7 1320 | 456 627 660 | 495 528 720
1743 5 924 | 420 630 693 | 418 660 665
1743 93 14924 | 287 728 728 | 308 533 902
1743 28 4485 | 368 400 975 | 299 570 874
1743 11 1680 | 315 420 1008 | 273 560 910
1743 63 9280 | 261 522 960 | 280 448 1015
1743 24 3157 | 203 638 902 | 287 308 1148
1743 26 2793 | 147 798 798 | 168 399 1176
1743 10871 1043328 | 128 627 988 | 143 384 1216
1743 373 35280 | 135 432 1176 | 147 336 1260
1743 2539 221445 | 111 777 855 | 133 315 1295
1743 9 760 | 133 280 1330 | 150 225 1368
1743 7 585 | 156 207 1380 | 105 819 819
1743 3357 198835 | 69 819 855 | 115 133 1495
1743 98 5115 | 62 451 1230 | 60 660 1023
1743 187 6825 | 40 728 975 | 42 351 1350
1743 311 9360 | 35 252 1456 | 39 144 1560
1744 109 17080 | 320 448 976 | 280 610 854
1744 5 782 | 272 736 736 | 286 561 897
1744 37 5742 | 319 435 990 | 288 528 928
1744 19 2880 | 256 720 768 | 280 504 960
1744 19 2860 | 286 468 990 | 352 352 1040
1744 823 123760 | 272 520 952 | 340 364 1040
1744 401 55350 | 287 350 1107 | 225 574 945
1744 109 14560 | 208 640 896 | 260 364 1120
1744 71 8624 | 208 392 1144 | 176 784 784
1744 31 3520 | 176 448 1120 | 160 704 880
1744 5 528 | 176 336 1232 | 144 720 880
1744 13 1260 | 128 720 896 | 154 330 1260
1744 109 10296 | 132 468 1144 | 144 352 1248
1744 113 10080 | 120 504 1120 | 132 352 1260
1744 109 9520 | 160 224 1360 | 112 680 952
1744 35 2288 | 80 520 1144 | 112 176 1456
1744 233 12672 | 72 264 1408 | 64 528 1152
1744 1 54 | 63 574 1107 | 62 783 899
1744 481 25260 | 63 421 1260 | 60 842 842
1744 13 672 | 64 336 1344 | 63 369 1312
1744 221 9800 | 52 392 1300 | 50 616 1078
1744 127 4488 | 39 561 1144 | 44 204 1496
1744 109 3060 | 34 180 1530 | 32 272 1440
1745 47 8415 | 425 495 825 | 385 595 765
1745 83 13860 | 350 495 900 | 315 660 770
1745 11 1800 | 300 680 765 | 325 520 900
1745 7 1100 | 275 700 770 | 300 510 935
1745 1 150 | 300 425 1020 | 260 585 900
1745 13 1760 | 224 520 1001 | 275 350 1120
1745 1007 128700 | 275 300 1170 | 198 572 975
1745 349 37485 | 225 245 1275 | 147 765 833
1745 101 9900 | 200 225 1320 | 130 715 900
1745 349 23184 | 80 630 1035 | 112 184 1449
1745 349 21165 | 75 425 1245 | 85 249 1411
1745 19 1035 | 63 667 1015 | 66 414 1265
1745 79 4095 | 65 315 1365 | 63 377 1305
1745 53 1485 | 30 770 945 | 44 81 1620
1746 97 15912 | 306 624 816 | 351 459 936
1746 291 46690 | 345 435 966 | 290 644 812
1746 5 792 | 288 594 864 | 360 396 990
1746 97 15120 | 360 378 1008 | 270 720 756
1746 53 8160 | 352 374 1020 | 270 612 864
1746 291 44030 | 255 714 777 | 340 370 1036
1746 599 84150 | 225 663 858 | 306 340 1100
1746 291 40040 | 220 616 910 | 264 390 1092
1746 5 672 | 288 324 1134 | 210 640 896
1746 291 38710 | 245 395 1106 | 210 588 948
1746 3 388 | 291 291 1164 | 194 776 776
1746 157 19530 | 186 630 930 | 210 420 1116
1746 37 4095 | 210 288 1248 | 234 252 1260
1746 303 33488 | 182 368 1196 | 156 624 966
1746 79 7884 | 216 216 1314 | 146 432 1168
1746 1 96 | 162 288 1296 | 126 756 864
1746 263 25200 | 126 720 900 | 150 336 1260
1746 97 9282 | 182 238 1326 | 126 702 918
1746 3 280 | 126 540 1080 | 192 210 1344
1746 303 26488 | 112 688 946 | 136 301 1309
1746 291 24080 | 112 430 1204 | 120 336 1290
1746 97 7200 | 108 288 1350 | 96 450 1200
1746 1763 115830 | 81 495 1170 | 78 810 858
1746 50789 3186144 | 96 207 1443 | 74 736 936
1746 7 390 | 80 210 1456 | 65 615 1066
1746 127 6930 | 66 420 1260 | 63 693 990
1746 353 18720 | 65 369 1312 | 72 234 1440
1746 93 4928 | 66 336 1344 | 64 406 1276
1746 809 38610 | 54 702 990 | 66 195 1485
1746 97 3150 | 36 450 1260 | 45 126 1575
1746 21 520 | 41 65 1640 | 30 156 1560
1747 1531 276705 | 387 645 715 | 455 473 819
1747 1747 300300 | 364 525 858 | 350 572 825
1747 269 30240 | 185 378 1184 | 160 621 966
1747 1981 217360 | 208 285 1254 | 152 715 880
1747 113 11115 | 130 798 819 | 152 360 1235
1747 115 11232 | 130 672 945 | 143 416 1188
1747 134 12383 | 122 610 1015 | 174 231 1342
1747 1975 176341 | 123 451 1173 | 115 697 935
1747 1159 94248 | 104 572 1071 | 102 693 952
1747 37 2080 | 65 754 928 | 92 160 1495
1747 187 10465 | 65 667 1015 | 91 161 1495
1747 67 3705 | 75 247 1425 | 65 551 1131
1747 1747 83160 | 70 165 1512 | 55 504 1188
1748 467 86020 | 460 506 782 | 425 575 748
1748 1 180 | 396 572 780 | 380 684 684 | 460 460 828
1748 13 2244 | 396 468 884 | 340 660 748
1748 149 25228 | 371 476 901 | 340 560 848
1748 19 3080 | 308 560 880 | 322 506 920
1748 5 798 | 304 532 912 | 285 665 798
1748 181 26910 | 299 414 1035 | 260 552 936
1748 149 21840 | 252 560 936 | 240 728 780
1748 611 87928 | 232 758 758 | 296 379 1073
1748 19 2720 | 230 736 782 | 320 340 1088
1748 773 95040 | 240 320 1188 | 180 704 864
1748 263 30100 | 200 344 1204 | 175 473 1100
1748 277 31044 | 180 398 1170 | 156 796 796
1748 1 110 | 209 285 1254 | 230 253 1265 | 152 760 836
1748 19 1950 | 153 425 1170 | 208 240 1300
1748 19 1932 | 184 276 1288 | 138 644 966
1748 127 12276 | 180 248 1320 | 143 396 1209
1748 193 17100 | 180 200 1368 | 114 684 950
1748 647 55440 | 120 396 1232 | 110 630 1008
1748 19 1092 | 84 208 1456 | 69 483 1196
1748 19 1012 | 92 138 1518 | 66 348 1334
1748 61 1848 | 58 66 1624 | 33 539 1176
1748 137 2470 | 20 208 1520 | 19 494 1235
1749 201 34960 | 400 475 874 | 345 684 720
1749 67 10440 | 270 696 783 | 319 440 990
1749 41 6384 | 304 476 969 | 342 399 1008
1749 2 285 | 228 741 780 | 264 440 1045
1749 1691 237600 | 225 660 864 | 297 352 1100
1749 59 7980 | 259 380 1110 | 210 684 855
1749 23 3078 | 228 468 1053 | 285 324 1140
1749 27 3172 | 230 299 1220 | 183 468 1098
1749 269 31185 | 165 693 891 | 189 405 1155
1749 67 6783 | 209 231 1309 | 153 399 1197
1749 7 660 | 132 462 1155 | 165 264 1320
1749 139 12285 | 117 540 1092 | 168 216 1365
1749 25 1989 | 117 306 1326 | 99 715 935
1749 5 396 | 99 660 990 | 132 231 1386
1749 115 7392 | 99 210 1440 | 77 616 1056
1749 2869 136620 | 54 660 1035 | 55 506 1188
1749 331 13200 | 44 825 880 | 75 90 1584
1749 6 119 | 21 504 1224 | 34 49 1666
1749 29 420 | 21 48 1680 | 15 714 1020
1750 13 2520 | 540 594 616 | 560 560 630
1750 7 1200 | 350 560 840 | 400 450 900
1750 37 6120 | 306 684 760 | 315 595 840
1750 67 10780 | 385 385 980 | 294 616 840
1750 733 114660 | 315 455 980 | 294 520 936
1750 1 150 | 350 350 1050 | 250 750 750
1750 29 4158 | 294 378 1078 | 238 594 918
1750 349 47880 | 245 441 1064 | 288 342 1120
1750 7 650 | 150 300 1300 | 130 450 1170
1750 53 4200 | 100 600 1050 | 140 210 1400
1750 7 550 | 100 550 1100 | 125 250 1375
1750 1 60 | 125 125 1500 | 70 840 840
1750 7 408 | 68 696 986 | 76 306 1368
1750 31 1610 | 69 246 1435 | 60 598 1092
1750 79 3780 | 70 168 1512 | 55 540 1155
1750 1 40 | 56 154 1540 | 60 130 1560
1750 47 1520 | 35 784 931 | 40 190 1520
1750 229 5740 | 40 70 1640 | 28 287 1435
1751 103 19680 | 510 544 697 | 480 615 656
1751 5 924 | 420 605 726 | 414 644 693
1751 5 819 | 351 455 945 | 299 693 759
1751 1 156 | 330 420 1001 | 272 663 816
1751 614 95095 | 266 715 770 | 308 455 988
1751 103 12240 | 255 272 1224 | 170 765 816
1751 2 235 | 230 299 1222 | 200 376 1175
1751 79 9009 | 161 693 897 | 165 585 1001
1751 94 9009 | 126 715 910 | 156 308 1287
1751 113 8580 | 104 360 1287 | 156 165 1430
1751 103 7553 | 119 221 1411 | 91 581 1079
1751 131 9135 | 87 504 1160 | 126 175 1450
1751 1 60 | 85 238 1428 | 70 820 861
1751 479 25840 | 68 323 1360 | 95 136 1520
1751 6047 296400 | 75 156 1520 | 57 494 1200
1752 73 13860 | 462 630 660 | 504 528 720
1752 23 3696 | 288 672 792 | 308 532 912
1752 323 51744 | 294 594 864 | 352 420 980
1752 53 8400 | 300 528 924 | 280 672 800
1752 3 440 | 240 720 792 | 308 380 1064
1752 611 87780 | 294 380 1078 | 231 741 780
1752 5 714 | 231 663 858 | 240 560 952
1752 1 140 | 252 450 1050 | 240 504 1008
1752 11 1512 | 216 672 864 | 252 420 1080
1752 1 135 | 240 432 1080 | 216 576 960
1752 1531 197340 | 195 660 897 | 240 368 1144
1752 293 36036 | 198 462 1092 | 247 308 1197
1752 79 9240 | 240 280 1232 | 168 660 924
1752 65 7392 | 168 528 1056 | 231 273 1248
1752 239 27048 | 216 294 1242 | 184 392 1176
1752 157 17100 | 198 300 1254 | 175 380 1197
1752 29 2970 | 165 345 1242 | 144 528 1080
1752 73 7296 | 144 456 1152 | 152 384 1216
1752 107 10560 | 132 660 960 | 192 240 1320
1752 67 6204 | 120 752 880 | 154 282 1316
1752 73 6720 | 168 240 1344 | 120 672 960
1752 73 5280 | 88 704 960 | 132 180 1440
1752 73 4416 | 72 576 1104 | 96 184 1472
1752 43 2520 | 72 420 1260 | 70 522 1160
1752 8353 425040 | 80 154 1518 | 60 460 1232
1752 3011 147840 | 56 640 1056 | 84 128 1540
1752 219 7070 | 56 80 1616 | 35 707 1010
1753 167 27720 | 308 680 765 | 310 651 792
1753 395 45353 | 217 304 1232 | 190 385 1178
1753 251 26928 | 154 528 1071 | 153 544 1056
1753 38 3915 | 180 297 1276 | 216 232 1305
1753 959 79560 | 104 765 884 | 136 252 1365
1753 46 3605 | 114 309 1330 | 105 412 1236
1753 656 35343 | 66 378 1309 | 88 153 1512
1753 47 2520 | 63 520 1170 | 72 246 1435
1753 439 20020 | 52 546 1155 | 70 143 1540
1754 411 71630 | 390 494 870 | 377 522 855
1754 683 115362 | 348 522 884 | 377 459 918
1754 877 121550 | 220 650 884 | 275 374 1105
1754 877 79212 | 138 328 1288 | 123 483 1148
1754 877 76608 | 144 266 1344 | 114 576 1064
1754 125 10626 | 154 220 1380 | 161 207 1386
1754 25 2072 | 126 296 1332 | 104 740 910
1754 877 71400 | 150 204 1400 | 102 700 952
1754 328 24255 | 98 396 1260 | 90 784 880
1754 509 36036 | 104 264 1386 | 144 154 1456
1754 41 2520 | 90 224 1440 | 72 812 870
1754 12017 735930 | 90 221 1443 | 74 510 1170
1754 659 35910 | 90 152 1512 | 63 665 1026
1754 877 45360 | 80 162 1512 | 60 560 1134
1754 167 8568 | 72 203 1479 | 60 504 1190
1754 41 2040 | 80 144 1530 | 60 374 1320
1754 877 32340 | 42 392 1320 | 49 165 1540
1754 479 16720 | 44 190 1520 | 38 836 880
1755 13 2520 | 525 600 630 | 540 567 648
1755 1 187 | 429 663 663 | 495 495 765
1755 1 180 | 405 540 810 | 390 585 780
1755 13 2200 | 360 495 900 | 330 600 825
1755 17 2835 | 315 630 810 | 405 405 945
1755 67 11160 | 310 680 765 | 360 465 930
1755 39 6460 | 380 425 950 | 306 684 765
1755 211 34200 | 300 600 855 | 325 494 936
1755 13 2079 | 297 567 891 | 315 495 945
1755 37 5775 | 315 450 990 | 325 429 1001
1755 3 425 | 225 765 765 | 325 325 1105
1755 1 140 | 273 390 1092 | 225 630 900
1755 121 14280 | 168 782 805 | 180 504 1071
1755 1 91 | 195 195 1365 | 117 819 819
1755 3 260 | 117 468 1170 | 130 325 1300
1755 271 22680 | 108 567 1080 | 105 810 840
1755 13 800 | 90 225 1440 | 75 480 1200
1755 3 169 | 117 117 1521 | 65 845 845
1755 39 2128 | 63 684 1008 | 95 140 1520
1755 793 42840 | 105 120 1530 | 72 255 1428
1755 2693 117600 | 50 480 1225 | 75 112 1568
1755 13 528 | 45 720 990 | 72 99 1584
1755 131 4680 | 39 780 936 | 40 455 1260
1755 116 4095 | 50 130 1575 | 39 546 1170
1755 41 819 | 21 663 1071 | 26 91 1638
1756 97 17850 | 425 561 770 | 476 480 800
1756 289 49140 | 378 468 910 | 325 675 756
1756 83 13728 | 352 468 936 | 312 608 836
1756 1 156 | 312 456 988 | 286 546 924
1756 439 65520 | 280 468 1008 | 260 560 936
1756 439 63450 | 300 376 1080 | 235 675 846
1756 439 61380 | 220 744 792 | 310 330 1116
1756 937 128700 | 220 600 936 | 260 396 1100
1756 659 82460 | 238 340 1178 | 217 399 1140
1756 439 48960 | 192 340 1224 | 160 576 1020
1756 533 51680 | 136 480 1140 | 160 304 1292
1756 107 9350 | 136 300 1320 | 121 425 1210
1756 13 660 | 90 126 1540 | 66 260 1430
1756 1753 80080 | 55 336 1365 | 52 560 1144
1756 439 19980 | 54 370 1332 | 60 216 1480
1756 25 1078 | 55 231 1470 | 48 784 924
1756 31 1320 | 66 130 1560 | 55 216 1485
1756 7729 255024 | 46 126 1584 | 36 616 1104
1756 439 3420 | 8 380 1368 | 10 36 1710
1757 7 1035 | 299 405 1053 | 285 437 1035
1757 11 1560 | 312 340 1105 | 231 616 910
1757 95 12376 | 221 448 1088 | 196 728 833
1757 185 23023 | 253 308 1196 | 182 770 805
1757 1 119 | 170 782 805 | 210 357 1190
1757 236 18445 | 102 465 1190 | 161 170 1426
1757 399 29900 | 92 690 975 | 108 299 1350
1757 32 2079 | 132 140 1485 | 77 756 924
1757 13 836 | 77 616 1064 | 76 779 902
1757 13 825 | 75 725 957 | 77 525 1155
1757 359 21840 | 80 312 1365 | 91 210 1456
1757 29 760 | 41 76 1640 | 28 665 1064
1757 18229 329840 | 19 560 1178 | 20 217 1520
1758 1357 240240 | 364 624 770 | 390 528 840
1758 659 108330 | 345 471 942 | 314 570 874
1758 1681 270270 | 378 390 990 | 286 702 770
1758 733 114114 | 308 462 988 | 273 627 858
1758 47 6864 | 240 660 858 | 286 416 1056
1758 49 6270 | 190 770 798 | 198 570 990
1758 29 3705 | 228 390 1140 | 190 728 840
1758 3037 361920 | 192 435 1131 | 174 624 960
1758 421 48048 | 224 286 1248 | 165 585 1008
1758 53 5814 | 198 306 1254 | 171 414 1173
1758 53 4536 | 126 336 1296 | 108 810 840
1758 1 75 | 108 300 1350 | 92 700 966
1758 883 33264 | 48 198 1512 | 42 528 1188
1759 37 6783 | 434 527 798 | 399 646 714
1759 16 2015 | 186 715 858 | 222 390 1147
1759 1759 214396 | 182 589 988 | 217 364 1178
1759 397 45540 | 220 297 1242 | 161 770 828
1759 1247 114240 | 160 255 1344 | 119 680 960
1759 173 15732 | 144 304 1311 | 184 207 1368
1759 1213 97152 | 110 384 1265 | 144 207 1408
1759 1366 105105 | 99 490 1170 | 147 182 1430
1759 29 1155 | 77 87 1595 | 44 735 980
1759 47 1848 | 63 112 1584 | 44 539 1176
1759 5297 192780 | 40 648 1071 | 42 340 1377
1760 1 192 | 480 640 640 | 528 528 704
1760 229 41580 | 385 675 700 | 396 594 770
1760 107 19320 | 385 616 759 | 460 460 840
1760 23 4080 | 400 510 850 | 360 680 720
1760 1 176 | 352 704 704 | 440 440 880
1760 29 5040 | 385 495 880 | 360 560 840
1760 43 6930 | 315 510 935 | 385 385 990
1760 17 2688 | 288 576 896 | 280 640 840
1760 61 9360 | 260 720 780 | 360 360 1040
1760 31 4680 | 260 600 900 | 252 728 780
1760 23 3276 | 315 340 1105 | 260 450 1050
1760 1 140 | 320 320 1120 | 220 770 770 | 275 385 1100 | 224 640 896
1760 73 10080 | 280 360 1120 | 224 576 960
1760 31 3944 | 280 290 1190 | 221 408 1131
1760 1 126 | 224 384 1152 | 255 315 1190
1760 831 101200 | 176 759 825 | 230 330 1200
1760 391 47520 | 176 720 864 | 220 352 1188
1760 229 26040 | 210 310 1240 | 248 252 1260
1760 551 62560 | 160 680 920 | 185 391 1184
1760 2377 265608 | 155 765 840 | 168 476 1116
1760 23 2520 | 154 616 990 | 200 300 1260
1760 1 104 | 200 260 1300 | 143 616 1001 | 140 780 840
1760 79 7020 | 150 260 1350 | 135 325 1300
1760 533 44880 | 136 264 1360 | 110 528 1122
1760 17 1368 | 126 266 1368 | 100 760 900
1760 1 78 | 165 165 1430 | 96 832 832
1760 17 1320 | 110 330 1320 | 96 704 960
1760 79 5040 | 85 315 1360 | 80 420 1260
1760 47 2800 | 70 650 1040 | 80 280 1400
1760 43 2520 | 108 140 1512 | 70 520 1170
1760 29 1540 | 70 260 1430 | 110 110 1540
1760 1157 46920 | 60 136 1564 | 45 680 1035
1760 197 7920 | 66 110 1584 | 45 560 1155
1761 37 6048 | 297 672 792 | 336 480 945
1761 259 38760 | 285 456 1020 | 340 357 1064
1761 47 6327 | 207 703 851 | 222 513 1026
1761 19 2400 | 225 384 1152 | 186 775 800
1761 289 36456 | 186 735 840 | 222 392 1147
1761 47 5655 | 195 435 1131 | 174 690 897
1761 29 3360 | 240 273 1248 | 165 672 924
1761 229 25080 | 165 456 1140 | 195 312 1254
1761 373 39600 | 165 396 1200 | 144 792 825
1761 43 4080 | 136 425 1200 | 144 357 1260
1761 31 2565 | 105 630 1026 | 108 513 1140
1761 253 19380 | 136 200 1425 | 95 646 1020
1761 3 200 | 80 656 1025 | 95 266 1400
1761 1339 58275 | 56 225 1480 | 75 111 1575
1761 227 9240 | 56 165 1540 | 45 792 924
1761 155 4752 | 33 864 864 | 36 240 1485
1762 173 26600 | 280 532 950 | 304 450 1008
1762 25 3276 | 208 546 1008 | 280 312 1170
1762 179 18200 | 175 299 1288 | 182 280 1300
1762 109 8512 | 112 320 1330 | 114 304 1344
1762 3931 272272 | 119 187 1456 | 88 442 1232
1762 233 15840 | 90 352 1320 | 96 280 1386
1762 23 1520 | 80 580 1102 | 90 304 1368
1762 1 60 | 72 520 1170 | 80 290 1392
1762 25 1462 | 85 215 1462 | 68 748 946
1762 131 7560 | 100 150 1512 | 88 189 1485
1762 1909 46410 | 34 90 1638 | 26 546 1190
1763 1 195 | 559 559 645 | 533 615 615
1763 1 168 | 328 574 861 | 344 516 903
1763 2471 411840 | 315 616 832 | 320 585 858
1763 1853 237120 | 190 741 832 | 195 608 960
1763 391 49280 | 224 384 1155 | 187 680 896
1763 43 4920 | 164 615 984 | 205 328 1230
1763 157 16016 | 176 299 1288 | 143 528 1092
1763 6121 583440 | 165 272 1326 | 130 528 1105
1763 43 3289 | 138 195 1430 | 99 468 1196
1763 499 34200 | 95 300 1368 | 104 234 1425
1763 97 6435 | 99 234 1430 | 135 143 1485
1763 47 3080 | 80 528 1155 | 99 224 1440
1763 2785 171171 | 77 399 1287 | 99 182 1482
1763 1 35 | 41 287 1435 | 43 215 1505
1764 47 9120 | 532 560 672 | 510 608 646
1764 49 9180 | 459 540 765 | 432 612 720
1764 3 560 | 420 672 672 | 490 490 784
1764 1 180 | 378 630 756 | 420 504 840
1764 7 1248 | 364 672 728 | 432 468 864
1764 5 864 | 360 540 864 | 336 672 756
1764 7 1188 | 324 648 792 | 378 462 924
1764 7 1170 | 315 630 819 | 312 660 792 | 360 468 936
1764 3 490 | 294 735 735 | 392 392 980
1764 21 3230 | 280 532 952 | 285 510 969
1764 11 1620 | 252 567 945 | 324 360 1080
1764 193 27720 | 231 693 840 | 264 450 1050
1764 17 2400 | 225 675 864 | 224 700 840
1764 7 988 | 273 399 1092 | 228 624 912
1764 263 36960 | 224 660 880 | 308 336 1120
1764 21 2944 | 224 644 896 | 276 384 1104
1764 3 392 | 196 784 784 | 294 294 1176
1764 11 1404 | 189 756 819 | 264 312 1188
1764 49 5940 | 180 594 990 | 216 360 1188
1764 8 945 | 168 756 840 | 180 504 1080
1764 3 352 | 168 672 924 | 224 308 1232
1764 71 8316 | 189 420 1155 | 198 378 1188
1764 1 114 | 189 378 1197 | 168 532 1064
1764 41 4290 | 154 455 1155 | 200 264 1300
1764 7 720 | 144 540 1080 | 168 336 1260
1764 147 14960 | 204 240 1320 | 136 748 880
1764 91 9120 | 210 224 1330 | 136 608 1020
1764 1 99 | 144 432 1188 | 180 264 1320
1764 21 2024 | 132 528 1104 | 154 322 1288
1764 53 5040 | 144 360 1260 | 126 630 1008
1764 5 468 | 140 364 1260 | 126 546 1092
1764 7 648 | 126 504 1134 | 144 324 1296
1764 49 4510 | 165 246 1353 | 120 660 984
1764 147 12958 | 114 627 1023 | 152 248 1364
1764 37 3168 | 154 224 1386 | 108 792 864
1764 49 4140 | 108 621 1035 | 144 240 1380
1764 91 7524 | 114 396 1254 | 132 264 1368
1764 8447 678300 | 100 714 950 | 136 228 1400
1764 49 3900 | 100 624 1040 | 135 225 1404
1764 3 238 | 168 168 1428 | 98 833 833
1764 1 70 | 84 840 840 | 147 147 1470
1764 7 480 | 108 216 1440 | 84 560 1120
1764 23 1260 | 63 756 945 | 70 308 1386
1764 1 54 | 84 168 1512 | 63 567 1134
1764 21 800 | 64 100 1600 | 42 672 1050
1764 49 1620 | 54 90 1620 | 36 648 1080
1764 107 3420 | 36 360 1368 | 35 532 1197
1764 21 464 | 28 112 1624 | 24 348 1392
1764 147 2948 | 22 268 1474 | 24 132 1608
1765 61 11088 | 385 660 720 | 396 592 777
1765 131 23205 | 357 680 728 | 390 525 850
1765 38 5775 | 330 385 1050 | 270 550 945
1765 107 13680 | 190 720 855 | 225 400 1140
1765 1 60 | 75 390 1300 | 84 246 1435
1765 159 7700 | 75 150 1540 | 55 660 1050
1766 883 158340 | 406 520 840 | 377 609 780
1766 157 26180 | 374 440 952 | 308 693 765
1766 29 4830 | 322 570 874 | 310 651 805
1766 43 6440 | 322 380 1064 | 248 713 805
1766 67 8162 | 176 742 848 | 182 583 1001
1766 883 102648 | 208 336 1222 | 168 611 987
1766 127 14490 | 230 276 1260 | 182 414 1170
1766 1117 116622 | 198 266 1302 | 171 341 1254
1766 179 14280 | 102 544 1120 | 168 170 1428
1766 217 16830 | 140 198 1428 | 102 440 1224
1766 125 8736 | 90 416 1260 | 84 754 928
1766 881 56430 | 80 432 1254 | 110 171 1485
1766 29 1764 | 84 261 1421 | 72 616 1078
1766 53 3060 | 85 205 1476 | 72 374 1320
1766 293 11088 | 44 336 1386 | 56 126 1584
1766 37 1292 | 38 816 912 | 51 119 1596
1767 607 103545 | 325 675 767 | 351 531 885
1767 589 96600 | 315 552 900 | 322 525 920
1767 311 50337 | 315 517 935 | 357 423 987
1767 1333 213180 | 285 646 836 | 304 528 935
1767 589 92820 | 357 390 1020 | 273 714 780
1767 2 315 | 315 462 990 | 279 620 868
1767 7361 1130220 | 276 546 945 | 260 702 805
1767 589 89040 | 336 371 1060 | 252 720 795
1767 1 150 | 248 744 775 | 255 612 900
1767 145 20748 | 228 741 798 | 285 390 1092
1767 5 684 | 228 513 1026 | 285 342 1140
1767 361 47817 | 231 432 1104 | 207 594 966
1767 59 7728 | 207 552 1008 | 272 322 1173
1767 13 1596 | 217 372 1178 | 228 342 1197
1767 31 3705 | 171 741 855 | 247 285 1235
1767 47 5580 | 248 279 1240 | 186 465 1116
1767 43 5040 | 220 315 1232 | 180 483 1104
1767 11 1260 | 234 273 1260 | 190 380 1197
1767 1453 166320 | 180 432 1155 | 165 594 1008
1767 779 82368 | 192 288 1287 | 143 792 832
1767 3 301 | 217 217 1333 | 133 817 817
1767 589 51240 | 120 427 1220 | 126 360 1281
1767 887 71604 | 102 612 1053 | 117 324 1326
1767 29 1848 | 76 627 1064 | 77 546 1144
1767 117 7315 | 77 455 1235 | 95 209 1463
1767 27 1540 | 77 260 1430 | 66 756 945
1767 589 32340 | 77 220 1470 | 66 441 1260
1767 1831 69552 | 42 621 1104 | 48 207 1512
1767 36 1235 | 39 360 1368 | 38 494 1235
1767 13 396 | 52 77 1638 | 33 612 1122
1767 93 1675 | 19 475 1273 | 25 67 1675
1768 13 2464 | 448 616 704 | 476 544 748
1768 83 15200 | 400 608 760 | 418 550 800
1768 1 168 | 364 468 936 | 312 728 728 | 408 408 952
1768 43 6864 | 286 624 858 | 364 396 1008
1768 127 20020 | 286 572 910 | 273 715 780
1768 13 2040 | 272 680 816 | 340 408 1020
1768 31 4788 | 333 399 1036 | 304 456 1008
1768 13 1980 | 352 360 1056 | 255 748 765
1768 1 140 | 288 360 1120 | 238 510 1020
1768 43 5824 | 238 442 1088 | 208 728 832
1768 29 3840 | 256 360 1152 | 200 768 800
1768 359 47300 | 200 688 880 | 220 473 1075
1768 1 130 | 208 520 1040 | 195 715 858 | 221 442 1105
1768 43 5460 | 234 364 1170 | 195 572 1001
1768 5 612 | 272 272 1224 | 195 468 1105
1768 47 5544 | 168 720 880 | 196 396 1176
1768 11 1170 | 195 286 1287 | 153 510 1105
1768 403 42504 | 168 368 1232 | 143 728 897
1768 19 2002 | 143 715 910 | 221 238 1309
1768 461 48048 | 168 352 1248 | 143 624 1001
1768 121 12580 | 148 510 1110 | 170 340 1258
1768 1 102 | 136 816 816 | 221 221 1326
1768 191 19448 | 143 520 1105 | 136 748 884
1768 157 15300 | 153 340 1275 | 144 400 1224
1768 83 7920 | 140 396 1232 | 160 288 1320
1768 13 1134 | 112 648 1008 | 153 238 1377
1768 247 20196 | 102 748 918 | 143 221 1404
1768 1 78 | 143 195 1430 | 104 416 1248
1768 967 60606 | 91 234 1443 | 74 693 1001
1768 67 3990 | 74 399 1295 | 91 195 1482
1769 7 1320 | 435 638 696 | 495 504 770
1769 37 6800 | 400 629 740 | 425 544 800
1769 9589 1591200 | 325 544 900 | 306 663 800
1769 2 325 | 325 494 950 | 290 725 754
1769 25 4059 | 369 410 990 | 306 561 902
1769 22 3393 | 348 377 1044 | 261 754 754
1769 61 9360 | 324 405 1040 | 273 560 936
1769 1 144 | 244 549 976 | 261 464 1044
1769 149 15840 | 144 800 825 | 154 495 1120
1769 1 105 | 145 609 1015 | 183 305 1281 | 203 261 1305
1769 1 104 | 182 299 1288 | 144 585 1040
1769 23 1672 | 88 779 902 | 152 154 1463
1769 163 10472 | 119 154 1496 | 88 287 1394
1769 289 16016 | 64 704 1001 | 65 560 1144
1770 341 65520 | 504 546 720 | 495 560 715
1770 3 560 | 440 560 770 | 420 630 720
1770 7 1254 | 418 494 858 | 378 594 798
1770 1 168 | 312 702 756 | 330 560 880
1770 4321 642600 | 340 350 1080 | 252 600 918
1770 2 297 | 330 360 1080 | 252 594 924
1770 13 1890 | 270 450 1050 | 234 756 780
1770 9 1300 | 250 520 1000 | 325 340 1105
1770 911 131040 | 234 640 896 | 288 390 1092
1770 37 5040 | 210 720 840 | 220 560 990
1770 6211 696150 | 156 714 900 | 175 425 1170
1770 1931 205920 | 195 288 1287 | 160 440 1170
1770 19 1950 | 170 325 1275 | 150 450 1170
1770 71 6600 | 150 300 1320 | 120 825 825
1770 1 90 | 150 270 1350 | 118 590 1062
1770 943 83160 | 135 315 1320 | 120 462 1188
1770 551 46200 | 105 825 840 | 150 220 1400
1770 139 10080 | 90 560 1120 | 120 210 1440
1770 9 616 | 88 406 1276 | 96 288 1386
1770 1 48 | 80 130 1560 | 55 560 1155
1770 713 30780 | 60 171 1539 | 48 810 912
1770 2069 88560 | 54 240 1476 | 48 615 1107
1770 27 1100 | 55 175 1540 | 45 825 900
1771 1 196 | 539 616 616 | 546 588 637
1771 7 1320 | 460 552 759 | 440 605 726
1771 17 3080 | 385 616 770 | 440 484 847
1771 41 7280 | 429 462 880 | 368 598 805
1771 83 13860 | 308 693 770 | 315 616 840
1771 5 819 | 299 644 828 | 315 546 910
1771 31 5005 | 385 385 1001 | 286 715 770
1771 1 156 | 308 462 1001 | 276 598 897
1771 7 940 | 220 517 1034 | 230 460 1081
1771 28 3553 | 187 748 836 | 190 646 935
1771 241 27720 | 165 616 990 | 231 280 1260
1771 1 115 | 253 253 1265 | 161 805 805
1771 490 54549 | 198 319 1254 | 171 440 1160
1771 157 13860 | 165 220 1386 | 126 385 1260
1771 191 14805 | 126 235 1410 | 99 517 1155
1771 383 27720 | 88 693 990 | 105 280 1386
1771 1 60 | 70 756 945 | 90 205 1476
1771 7 372 | 69 276 1426 | 66 341 1364
1771 17 840 | 56 735 980 | 70 189 1512
1771 29 1400 | 56 490 1225 | 55 616 1100
1771 983 44240 | 79 112 1580 | 52 455 1264
1772 5 924 | 420 572 780 | 408 616 748
1772 13 2400 | 432 540 800 | 400 672 700
1772 107 19404 | 441 484 847 | 392 588 792
1772 17 2800 | 300 672 800 | 392 400 980
1772 17 2574 | 252 728 792 | 264 572 936
1772 401 56100 | 225 612 935 | 264 408 1100
1772 113 14586 | 192 748 832 | 221 429 1122
1772 61 7392 | 176 672 924 | 252 288 1232
1772 11 1260 | 182 420 1170 | 224 288 1260
1772 563 64480 | 185 403 1184 | 160 806 806
1772 611 66880 | 176 380 1216 | 152 660 960
1772 283 30096 | 144 792 836 | 176 342 1254
1772 2417 241150 | 182 265 1325 | 133 689 950
1772 599 58608 | 176 264 1332 | 144 407 1221
1772 491 36400 | 98 400 1274 | 112 260 1400 | 91 656 1025
1772 253 17724 | 90 422 1260 | 84 844 844
1772 43 2756 | 106 182 1484 | 76 689 1007
1772 167 8736 | 64 364 1344 | 60 672 1040
1772 83 3220 | 44 440 1288 | 70 92 1610
1772 71 1520 | 24 228 1520 | 35 57 1680
1773 129 21692 | 352 493 928 | 408 408 957
1773 1 165 | 299 715 759 | 315 567 891
1773 26879 4232592 | 323 442 1008 | 273 684 816
1773 3 455 | 253 715 805 | 273 525 975 | 315 405 1053
1773 17 2520 | 315 378 1080 | 252 585 936
1773 25 2772 | 234 252 1287 | 198 315 1260
1773 779 69615 | 117 585 1071 | 153 255 1365
1773 43 3420 | 99 684 990 | 120 285 1368
1773 17 1035 | 72 621 1080 | 92 205 1476
1773 3 104 | 58 91 1624 | 39 408 1326
1773 59 1287 | 39 51 1683 | 23 715 1035
1774 101 18354 | 414 532 828 | 399 570 805
1774 1349 237336 | 348 682 744 | 435 440 899
1774 167 27808 | 316 594 864 | 352 474 948
1774 41 5670 | 259 405 1110 | 280 360 1134
1774 911 109200 | 175 624 975 | 210 364 1200
1774 1 110 | 190 330 1254 | 154 630 990
1774 1289 136136 | 187 299 1288 | 154 476 1144
1774 103 10472 | 136 714 924 | 154 396 1224
1774 31 3010 | 154 330 1290 | 140 430 1204
1774 514 43605 | 136 270 1368 | 108 646 1020
1774 589 47736 | 108 442 1224 | 136 234 1404
1774 3271 263304 | 108 424 1242 | 159 184 1431
1774 133 10200 | 100 450 1224 | 119 255 1400
1774 1 69 | 92 348 1334 | 84 598 1092
1774 77 4440 | 84 210 1480 | 72 370 1332
1774 3779 136710 | 45 210 1519 | 40 558 1176
1775 79 14000 | 400 500 875 | 375 560 840
1775 7 825 | 180 495 1100 | 175 550 1050
1775 52 5115 | 132 620 1023 | 130 715 930
1775 59 5500 | 125 550 1100 | 200 200 1375
1775 23 2115 | 188 207 1380 | 130 423 1222
1775 943 86625 | 125 495 1155 | 175 225 1375
1775 2213 131040 | 70 585 1120 | 72 455 1248
1775 19 1000 | 75 200 1500 | 60 840 875
1776 5 924 | 399 684 693 | 444 518 814
1776 1129 204204 | 442 476 858 | 396 561 819
1776 1 180 | 370 666 740 | 432 480 864
1776 193 34320 | 416 480 880 | 390 528 858
1776 37 6240 | 320 624 832 | 360 480 936
1776 11 1836 | 324 561 891 | 306 714 756
1776 193 29568 | 336 384 1056 | 264 616 896
1776 193 27540 | 255 468 1053 | 324 330 1122
1776 83 11340 | 297 324 1155 | 210 756 810
1776 11 1440 | 216 480 1080 | 240 384 1152
1776 3151 398970 | 195 558 1023 | 270 297 1209
1776 1 126 | 192 576 1008 | 189 621 966
1776 61 7560 | 189 552 1035 | 180 756 840
1776 37 4560 | 240 320 1216 | 180 684 912
1776 37 3900 | 160 416 1200 | 156 450 1170
1776 271 24840 | 120 621 1035 | 180 216 1380
1776 111 9520 | 136 280 1360 | 112 544 1120
1776 43 3360 | 112 320 1344 | 96 840 840
1776 37 2880 | 144 192 1440 | 96 720 960
1776 43 2952 | 82 792 902 | 120 180 1476
1776 419 21840 | 60 624 1092 | 104 112 1560
1776 331 17160 | 60 572 1144 | 99 117 1560
1776 37 1560 | 60 156 1560 | 48 480 1248
1776 79 3024 | 48 216 1512 | 42 816 918
1776 113 2100 | 34 42 1700 | 21 180 1575
1777 11 2040 | 465 496 816 | 408 629 740
1777 31 5712 | 434 527 816 | 408 592 777
1777 17 3105 | 405 567 805 | 391 621 765
1777 613 93240 | 259 630 888 | 333 380 1064
1777 116 16835 | 238 629 910 | 260 481 1036
1777 7 570 | 152 200 1425 | 105 532 1140
1777 79 5985 | 105 342 1330 | 138 190 1449
1777 1 72 | 96 369 1312 | 87 754 936
1777 313 22185 | 145 153 1479 | 87 585 1105
1777 1777 60060 | 42 195 1540 | 39 308 1430
1778 25 4488 | 374 612 792 | 400 528 850
1778 97 16926 | 403 465 910 | 364 546 868
1778 889 139400 | 272 656 850 | 328 425 1025
1778 889 119600 | 208 650 920 | 260 368 1150
1778 889 109890 | 220 370 1188 | 185 594 999
1778 889 105570 | 230 306 1242 | 170 690 918
1778 127 13230 | 210 245 1323 | 140 756 882
1778 7 720 | 140 630 1008 | 153 425 1200 | 138 720 920
1778 85 8624 | 154 392 1232 | 140 560 1078
1778 3271 314160 | 144 374 1260 | 187 231 1360
1778 177 15680 | 140 294 1344 | 135 320 1323
1778 1 78 | 96 754 928 | 98 588 1092
1778 19 1440 | 96 522 1160 | 130 208 1440
1778 889 66690 | 95 513 1170 | 114 260 1404
1778 809 57330 | 126 182 1470 | 98 315 1365
1778 74 5187 | 114 208 1456 | 84 836 858
1778 691 47880 | 95 315 1368 | 84 630 1064
1778 7 480 | 104 234 1440 | 96 290 1392
1778 127 7106 | 77 238 1463 | 68 418 1292
1778 97 5390 | 98 140 1540 | 77 231 1470
1778 127 5586 | 49 798 931 | 84 98 1596
1778 37 1386 | 63 98 1617 | 44 306 1428
1778 83 2184 | 36 104 1638 | 28 840 910
1778 41 1078 | 44 68 1666 | 28 770 980
1778 127 3306 | 28 532 1218 | 38 87 1653
1778 317 8190 | 28 450 1300 | 35 105 1638
1778 889 14850 | 20 108 1650 | 18 275 1485
1779 1877 335160 | 360 684 735 | 392 532 855
1779 97 12480 | 195 624 960 | 192 690 897
1779 27 2728 | 180 279 1320 | 154 385 1240
1779 53 4032 | 138 192 1449 | 99 448 1232
1779 2099 157080 | 102 357 1320 | 120 231 1428
1779 31 2040 | 85 374 1320 | 78 765 936
1779 1271 45045 | 39 585 1155 | 45 187 1547
1780 137 25740 | 468 520 792 | 450 550 780
1780 1 182 | 420 520 840 | 403 558 819
1780 1 178 | 356 712 712 | 445 445 890
1780 41 7200 | 350 630 800 | 400 480 900
1780 43 6160 | 308 352 1120 | 280 400 1100
1780 1151 161700 | 252 450 1078 | 220 735 825
1780 43 5040 | 240 280 1260 | 180 480 1120
1780 1 80 | 114 336 1330 | 160 180 1440
1780 67 4950 | 90 715 975 | 100 360 1320
1780 43 3168 | 120 220 1440 | 99 369 1312
1780 1 72 | 90 520 1170 | 99 328 1353
1780 319 22344 | 84 784 912 | 120 190 1470
1780 1 70 | 100 280 1400 | 89 445 1246
1780 107 7200 | 100 240 1440 | 80 800 900
1780 2003 134640 | 80 765 935 | 90 330 1360
1780 31 1980 | 90 260 1430 | 99 205 1476
1780 731 41580 | 88 180 1512 | 105 135 1540
1780 127 7072 | 65 595 1120 | 64 832 884
1780 37 1950 | 100 120 1560 | 65 350 1365
1780 23 1040 | 52 480 1248 | 51 624 1105
1780 2809 115920 | 80 90 1610 | 46 630 1104
1781 1801 340956 | 451 574 756 | 432 656 693
1781 121 16380 | 234 455 1092 | 208 693 880
1781 17 1872 | 156 585 1040 | 208 286 1287
1781 1 91 | 156 260 1365 | 117 728 936
1781 1 80 | 100 656 1025 | 143 208 1430
1781 29 2145 | 117 234 1430 | 99 377 1305
1781 2623 172040 | 80 528 1173 | 115 170 1496
1781 8593 519365 | 71 665 1045 | 77 355 1349
1781 47 2640 | 80 216 1485 | 66 560 1155
1781 3223 111435 | 38 570 1173 | 51 115 1615
1781 103 1683 | 21 77 1683 | 17 693 1071
1782 59 11088 | 432 594 756 | 462 528 792
1782 1 182 | 378 702 702 | 462 462 858
1782 3 544 | 459 459 864 | 374 704 704
1782 19 3360 | 352 660 770 | 378 540 864
1782 1 162 | 297 594 891 | 324 486 972
1782 5 798 | 378 378 1026 | 300 532 950
1782 599 88218 | 338 342 1102 | 261 507 1014
1782 3 416 | 216 702 864 | 286 352 1144
1782 1 132 | 297 297 1188 | 198 792 792
1782 191 24570 | 234 378 1170 | 195 621 966
1782 29 3630 | 198 495 1089 | 242 330 1210
1782 367 43344 | 189 432 1161 | 172 602 1008
1782 31 3400 | 150 816 816 | 195 312 1275
1782 167 17094 | 198 252 1332 | 154 407 1221
1782 31 3120 | 144 468 1170 | 176 286 1320
1782 1 100 | 216 216 1350 | 132 825 825
1782 227 21840 | 130 560 1092 | 126 720 936
1782 67 5280 | 144 198 1440 | 110 352 1320
1782 13 966 | 92 598 1092 | 126 207 1449
1782 71 3900 | 63 819 900 | 70 312 1400
1782 1 48 | 54 864 864 | 99 99 1584
1782 37 1584 | 66 132 1584 | 48 612 1122
1783 1783 320320 | 448 455 880 | 364 704 715
1783 211 25200 | 171 700 912 | 175 600 1008
1783 86 10013 | 187 418 1178 | 171 558 1054
1783 43 3519 | 111 414 1258 | 102 738 943
1783 1811 130645 | 87 795 901 | 145 159 1479
1783 301 19448 | 91 264 1428 | 78 561 1144
1783 439 26520 | 117 136 1530 | 75 408 1300
1783 1783 64680 | 56 110 1617 | 40 588 1155
1783 1 28 | 33 210 1540 | 49 68 1666
1783 841 15048 | 33 40 1710 | 19 396 1368
1783 1321 19152 | 16 171 1596 | 15 760 1008
1784 223 41580 | 420 594 770 | 432 560 792
1784 5 912 | 384 640 760 | 380 684 720
1784 41 7344 | 374 594 816 | 432 468 884
1784 145 24752 | 416 416 952 | 340 560 884
1784 379 60060 | 280 624 880 | 315 468 1001
1784 31 4760 | 272 560 952 | 340 380 1064
1784 29 4080 | 220 748 816 | 304 340 1140
1784 223 30360 | 240 440 1104 | 220 552 1012
1784 211 26180 | 220 374 1190 | 272 280 1232
1784 241 29016 | 234 310 1240 | 248 288 1248
1784 37 3080 | 112 440 1232 | 104 770 910
1784 17 1260 | 120 224 1440 | 90 770 924
1784 23 1692 | 90 660 1034 | 94 468 1222
1784 103 6120 | 90 198 1496 | 76 340 1368
1784 241 10800 | 50 816 918 | 52 432 1300
1784 223 6798 | 33 618 1133 | 48 88 1648
1784 223 6552 | 42 104 1638 | 32 504 1248
1784 223 3432 | 16 624 1144 | 24 44 1716
1785 203 39780 | 510 612 663 | 520 585 680
1785 31 5940 | 450 660 675 | 490 539 756
1785 47 8820 | 420 630 735 | 441 560 784
1785 31 5460 | 360 585 840 | 420 455 910
1785 7 1224 | 340 680 765 | 408 459 918
1785 1 168 | 357 476 952 | 315 630 840
1785 11 1764 | 315 490 980 | 336 441 1008
1785 151 23751 | 315 455 1015 | 364 377 1044
1785 1 153 | 255 765 765 | 357 357 1071
1785 7 975 | 255 425 1105 | 225 585 975
1785 161 20196 | 264 297 1224 | 204 459 1122
1785 149 17640 | 245 280 1260 | 168 735 882
1785 7 792 | 187 374 1224 | 234 264 1287 | 165 540 1080
1785 21 2080 | 136 544 1105 | 160 325 1300
1785 11 819 | 91 693 1001 | 105 315 1365
1785 7 495 | 85 765 935 | 135 165 1485
1785 111 7735 | 91 385 1309 | 85 595 1105
1785 103 7140 | 102 255 1428 | 84 630 1071
1785 11 735 | 84 441 1260 | 105 210 1470
1785 73 4620 | 84 315 1386 | 75 660 1050
1785 661 32760 | 56 819 910 | 60 360 1365
1786 61 11970 | 510 630 646 | 532 570 684
1786 19 3640 | 494 532 760 | 455 616 715 | 460 598 728
1786 37 6498 | 342 722 722 | 361 570 855
1786 347 57960 | 392 414 980 | 360 460 966
1786 871 135660 | 266 680 840 | 285 532 969
1786 263 40040 | 253 728 805 | 260 616 910
1786 23 3458 | 247 741 798 | 286 455 1045 | 266 532 988
1786 53 7560 | 232 609 945 | 288 378 1120
1786 1 120 | 190 456 1140 | 171 760 855 | 188 470 1128
1786 37 4032 | 154 576 1056 | 171 399 1216
1786 19 1974 | 141 658 987 | 188 282 1316
1786 5 462 | 180 220 1386 | 133 399 1254
1786 209 18200 | 112 624 1050 | 126 360 1300
1786 103 8008 | 104 406 1276 | 154 176 1456
1786 97 7392 | 96 546 1144 | 112 288 1386
1786 3013 222768 | 91 624 1071 | 126 204 1456
1786 43 3120 | 104 290 1392 | 120 210 1456
1786 1 70 | 105 246 1435 | 85 630 1071
1786 671 46920 | 85 621 1080 | 92 374 1320
1786 1513 91350 | 75 406 1305 | 84 252 1450
1786 11 494 | 52 442 1292 | 57 247 1482
1786 121 5425 | 52 434 1300 | 50 868 868
1786 193 8008 | 46 728 1012 | 52 238 1496
1786 61 2016 | 52 96 1638 | 36 630 1120
1787 13 2280 | 342 680 765 | 400 475 912
1787 29 4788 | 342 476 969 | 315 560 912
1787 197 29640 | 247 760 780 | 286 456 1045
1787 491 69225 | 225 639 923 | 247 475 1065
1787 257 32984 | 266 312 1209 | 248 342 1197
1787 13837 1366200 | 184 253 1350 | 135 552 1100
1787 139 11583 | 104 792 891 | 162 195 1430
1787 881 65835 | 135 189 1463 | 95 495 1197
1787 113 7315 | 77 665 1045 | 91 266 1430
1787 691 40040 | 104 143 1540 | 77 280 1430
1788 619 106080 | 416 420 952 | 325 663 800
1788 23 3744 | 364 416 1008 | 288 720 780
1788 31 5040 | 288 700 800 | 360 420 1008 | 336 462 990
1788 337 53040 | 270 702 816 | 340 408 1040
1788 67 10080 | 252 640 896 | 288 450 1050
1788 437 65520 | 280 468 1040 | 336 360 1092
1788 97 13860 | 324 330 1134 | 252 480 1056
1788 73 10320 | 304 344 1140 | 240 516 1032
1788 31 4368 | 234 546 1008 | 308 336 1144
1788 817 109446 | 222 493 1073 | 204 696 888
1788 1633 207900 | 198 540 1050 | 189 675 924
1788 613 74100 | 228 325 1235 | 208 380 1200
1788 17 2016 | 240 288 1260 | 168 756 864
1788 409 35100 | 108 780 900 | 150 234 1404
1788 181 15180 | 132 276 1380 | 105 759 924
1788 223 18564 | 105 663 1020 | 156 204 1428
1788 37 2508 | 105 220 1463 | 88 380 1320
1788 353 18480 | 80 168 1540 | 60 672 1056
1788 1 48 | 60 288 1440 | 54 816 918
1789 1789 294840 | 324 520 945 | 312 567 910
1789 1789 255360 | 285 384 1120 | 228 665 896
1789 188 26775 | 224 765 800 | 225 714 850
1789 1789 235620 | 204 595 990 | 238 396 1155
1789 13873 1801800 | 225 420 1144 | 198 616 975
1789 281 27000 | 198 216 1375 | 125 800 864
1789 233 20592 | 117 528 1144 | 112 819 858
1789 1853 160580 | 124 370 1295 | 112 592 1085
1789 1 84 | 115 414 1260 | 108 574 1107
1789 209 16740 | 108 410 1271 | 124 270 1395
1789 10289 721056 | 87 518 1184 | 84 777 928
1789 47 3080 | 84 385 1320 | 88 315 1386
1789 53 3440 | 85 344 1360 | 112 172 1505
1789 1 60 | 74 420 1295 | 88 216 1485
1789 1789 77700 | 50 444 1295 | 60 175 1554
1789 241 8580 | 40 429 1320 | 39 650 1100
1790 137 25080 | 418 532 840 | 440 495 855
1790 11 1890 | 390 455 945 | 350 540 900
1790 523 72450 | 230 525 1035 | 280 360 1150
1790 1123 117390 | 175 325 1290 | 156 430 1204
1790 211 20790 | 140 462 1188 | 130 715 945
1790 43 4095 | 126 624 1040 | 140 390 1260
1790 11 1035 | 180 230 1380 | 126 560 1104
1790 347 29700 | 110 600 1080 | 108 725 957
1790 431 34650 | 126 264 1400 | 100 700 990
1790 7531 536130 | 111 230 1449 | 126 184 1480
1790 619 32760 | 65 360 1365 | 90 140 1560
1790 47 1320 | 40 100 1650 | 30 880 880
1791 4901 790020 | 380 385 1026 | 297 570 924
1791 551 83160 | 270 520 1001 | 315 396 1080
1791 101 14280 | 255 448 1088 | 252 459 1080
1791 97 12852 | 204 621 966 | 216 504 1071
1791 11 1326 | 216 351 1224 | 204 391 1196
1791 199 22464 | 162 576 1053 | 192 351 1248
1791 349 33000 | 176 240 1375 | 125 616 1050
1791 199 17784 | 114 741 936 | 171 216 1404
1791 199 17004 | 108 702 981 | 156 218 1417
1791 2 165 | 110 451 1230 | 108 495 1188
1791 95 4752 | 99 108 1584 | 66 240 1485
1792 1 192 | 512 512 768 | 448 672 672
1792 97 18480 | 440 624 728 | 462 560 770
1792 7 1320 | 450 550 792 | 440 572 780
1792 79 13440 | 336 560 896 | 384 448 960
1792 11 1568 | 224 784 784 | 280 392 1120
1792 73 10296 | 220 780 792 | 297 351 1144
1792 73 10080 | 252 420 1120 | 224 560 1008
1792 7 880 | 208 440 1144 | 280 280 1232
1792 367 45864 | 196 504 1092 | 182 728 882
1792 1 120 | 196 420 1176 | 252 280 1260
1792 143 16856 | 172 588 1032 | 196 392 1204
1792 553 61776 | 208 297 1287 | 182 378 1232
1792 73 5460 | 91 756 945 | 98 420 1274
1792 10561 743512 | 142 154 1496 | 88 497 1207
1792 97 6660 | 111 205 1476 | 90 370 1332
1792 265 13104 | 63 273 1456 | 56 728 1008
1792 439 16380 | 70 84 1638 | 42 450 1300
1793 1 168 | 363 462 968 | 308 693 792 | 348 493 952
1793 379 58520 | 308 440 1045 | 330 399 1064
1793 53 8085 | 253 735 805 | 330 385 1078
1793 69 8645 | 273 285 1235 | 209 429 1155
1793 2707 282555 | 161 390 1242 | 140 756 897
1793 46 3003 | 77 858 858 | 78 637 1078
1793 163 10640 | 133 140 1520 | 77 836 880
1793 163 9384 | 88 187 1518 | 68 552 1173
1793 97 5460 | 65 720 1008 | 66 572 1155
1793 59 1595 | 33 165 1595 | 29 609 1155
1794 11 2184 | 552 598 644 | 546 624 624
1794 3 580 | 460 667 667 | 520 520 754
1794 17 3150 | 414 575 805 | 450 504 840
1794 1027 187488 | 378 672 744 | 434 496 864
1794 167 30030 | 390 546 858 | 364 660 770
1794 13 2310 | 352 672 770 | 429 455 910
1794 119 20976 | 368 552 874 | 399 483 912
1794 3 520 | 390 468 936 | 364 520 910
1794 17 2898 | 322 644 828 | 414 414 966
1794 35 5928 | 312 741 741 | 336 546 912
1794 29 4830 | 322 552 920 | 345 483 966
1794 111 17710 | 286 598 910 | 322 460 1012
1794 13 2070 | 276 690 828 | 345 414 1035
1794 923 146160 | 315 464 1015 | 350 400 1044
1794 11 1680 | 336 378 1080 | 260 624 910
1794 47 7098 | 338 364 1092 | 273 507 1014
1794 79 11880 | 264 540 990 | 253 621 920
1794 199 29070 | 330 342 1122 | 255 513 1026
1794 1 144 | 234 624 936 | 276 414 1104 | 324 336 1134
1794 143 18360 | 189 765 840 | 204 510 1080
1794 83 8190 | 130 728 936 | 195 234 1365
1794 2 195 | 138 460 1196 | 130 624 1040
1794 61 5460 | 120 504 1170 | 117 585 1092
1794 127 11088 | 144 264 1386 | 112 638 1044
1794 13 1050 | 100 770 924 | 114 350 1330
1794 109 8400 | 100 462 1232 | 108 336 1350
1794 1391 99960 | 120 204 1470 | 98 336 1360
1794 39 2800 | 90 504 1200 | 112 232 1450
1794 1 66 | 138 138 1518 | 78 858 858
1794 67 4368 | 112 174 1508 | 78 624 1092
1794 1913 117810 | 110 154 1530 | 72 770 952
1794 65 3696 | 72 336 1386 | 66 672 1056
1794 263 14820 | 114 120 1560 | 65 741 988
1794 31 1560 | 78 156 1560 | 60 408 1326
1794 53 2640 | 60 374 1360 | 90 120 1584
1794 13 522 | 46 414 1334 | 54 174 1566
1794 14963 409200 | 31 275 1488 | 30 400 1364
1794 13 222 | 18 444 1332 | 23 69 1702
1795 17 2340 | 300 325 1170 | 220 585 990
1795 431 57200 | 208 575 1012 | 200 715 880
1795 586 76245 | 195 680 920 | 234 391 1170
1795 1061 122360 | 161 760 874 | 247 260 1288
1795 1 112 | 208 299 1288 | 175 420 1200
1795 169 15400 | 175 220 1400 | 136 350 1309
1795 257 22800 | 120 475 1200 | 114 656 1025
1795 209 16380 | 144 195 1456 | 100 525 1170
1795 239 17325 | 90 550 1155 | 135 175 1485
1795 43 2800 | 80 490 1225 | 85 350 1360
1795 2183 136136 | 78 408 1309 | 85 280 1430
1795 251 15600 | 80 350 1365 | 75 520 1200
1795 479 26180 | 66 420 1309 | 85 170 1540
1795 613 22440 | 44 255 1496 | 40 765 990
1795 131 4200 | 35 560 1200 | 40 180 1575
1796 241 36036 | 308 396 1092 | 260 546 990
1796 5 684 | 209 759 828 | 228 504 1064
1796 157 20900 | 209 575 1012 | 200 760 836
1796 83 10450 | 209 437 1150 | 275 286 1235
1796 857 102672 | 171 713 912 | 184 496 1116
1796 277 27170 | 143 418 1235 | 130 665 1001
1796 479 41860 | 115 533 1148 | 112 644 1040
1796 79 6840 | 171 200 1425 | 114 522 1160
1796 781 65366 | 116 392 1288 | 145 230 1421
1796 59 4914 | 104 756 936 | 119 351 1326
1796 59 3850 | 88 308 1400 | 91 275 1430
1796 71 4536 | 80 420 1296 | 81 392 1323
1796 11 646 | 95 171 1530 | 68 816 912
1796 67 2760 | 48 368 1380 | 46 600 1150
1796 613 24180 | 48 260 1488 | 60 124 1612
1796 4091 153340 | 41 820 935 | 68 88 1640
1796 31 920 | 41 115 1640 | 32 644 1120
1796 541 12650 | 26 275 1495 | 25 506 1265
1797 83 14280 | 323 714 760 | 390 455 952
1797 11 1785 | 357 420 1020 | 285 714 798
1797 3397 503880 | 312 380 1105 | 240 741 816
1797 71 10080 | 225 672 900 | 224 693 880
1797 13 1785 | 210 782 805 | 231 495 1071
1797 757 92820 | 182 595 1020 | 210 391 1196
1797 59 6930 | 165 792 840 | 189 420 1188
1797 409 45045 | 165 462 1170 | 195 315 1287
1797 89 8925 | 133 714 950 | 147 425 1225
1797 443 43956 | 132 666 999 | 144 432 1221
1797 355 35112 | 198 231 1368 | 133 608 1056
1797 1 87 | 144 261 1392 | 116 492 1189
1797 2797 234465 | 145 231 1421 | 105 735 957
1797 549 43792 | 115 322 1360 | 144 204 1449
1797 607 47880 | 114 315 1368 | 133 224 1440
1797 733 56760 | 120 258 1419 | 96 645 1056
1797 709 40698 | 72 357 1368 | 68 532 1197
1797 211 11592 | 63 782 952 | 72 276 1449
1797 601 23760 | 45 432 1320 | 48 264 1485
1798 1 198 | 558 558 682 | 522 638 638
1798 23 3770 | 290 754 754 | 377 406 1015
1798 37 6006 | 286 693 819 | 285 715 798
1798 1 160 | 290 580 928 | 310 496 992
1798 1121 178640 | 280 638 880 | 319 464 1015
1798 713 104720 | 336 340 1122 | 238 680 880
1798 19 2790 | 279 434 1085 | 310 372 1116
1798 5 696 | 290 348 1160 | 232 522 1044
1798 997 135720 | 208 720 870 | 261 377 1160
1798 1087 145236 | 204 663 931 | 209 588 1001
1798 269 35280 | 195 784 819 | 196 720 882
1798 31 4060 | 232 406 1160 | 203 580 1015
1798 211 26928 | 208 468 1122 | 198 544 1056
1798 521 60918 | 234 286 1278 | 165 710 923
1798 3617 414920 | 205 328 1265 | 160 736 902
1798 31 3480 | 155 744 899 | 232 261 1305
1798 33289 3675672 | 216 273 1309 | 168 442 1188
1798 11 780 | 104 264 1430 | 117 205 1476 | 87 580 1131
1798 499 30030 | 70 792 936 | 74 429 1295
1798 661 39330 | 76 342 1380 | 69 855 874
1798 971 54740 | 115 119 1564 | 70 368 1360
1798 655 34086 | 69 247 1482 | 60 598 1140
1798 31 1558 | 58 551 1189 | 76 164 1558
1798 1 48 | 58 348 1392 | 62 248 1488
1799 2 385 | 455 616 728 | 490 539 770
1799 199 34100 | 320 704 775 | 341 558 900
1799 49 8151 | 399 399 1001 | 299 741 759
1799 101 16380 | 330 468 1001 | 336 455 1008
1799 59 9240 | 273 616 910 | 275 600 924
1799 223 34580 | 260 741 798 | 304 455 1040
1799 5 714 | 231 616 952 | 252 476 1071
1799 863 120120 | 231 528 1040 | 280 364 1155
1799 5 616 | 231 336 1232 | 182 616 1001
1799 1147 133980 | 168 616 1015 | 174 525 1100
1799 1129 127400 | 182 392 1225 | 200 325 1274
1799 27083 2985840 | 208 286 1305 | 165 464 1170
1799 161 16704 | 203 252 1344 | 174 320 1305
1799 7 702 | 135 624 1040 | 143 468 1188
1799 1091 99484 | 119 616 1064 | 133 374 1292
1799 7 585 | 135 260 1404 | 117 377 1305 | 105 693 1001
1799 74 5551 | 91 854 854 | 98 427 1274
1799 3637 270963 | 119 231 1449 | 99 391 1309
1799 7 468 | 117 174 1508 | 84 441 1274
1799 1 60 | 84 245 1470 | 105 154 1540
1799 97 5460 | 70 364 1365 | 65 714 1020
1799 1 44 | 84 98 1617 | 49 770 980
1799 17 735 | 49 525 1225 | 77 105 1617
1799 131 4680 | 56 105 1638 | 39 720 1040
1800 3 598 | 552 624 624 | 575 575 650
1800 3 560 | 480 480 840 | 400 700 700 | 448 520 832
1800 223 41040 | 456 480 864 | 432 513 855
1800 1 180 | 450 450 900 | 360 720 720
1800 71 11970 | 342 513 945 | 315 630 855
1800 3 500 | 400 400 1000 | 300 750 750
1800 23 3780 | 360 432 1008 | 315 540 945
1800 97 15840 | 330 480 990 | 288 720 792
1800 43 6720 | 280 560 960 | 312 448 1040
1800 191 29640 | 304 456 1040 | 260 760 780
1800 13 1980 | 270 540 990 | 264 576 960
1800 61 9180 | 252 630 918 | 270 510 1020
1800 3 440 | 250 550 1000 | 264 480 1056
1800 73 10500 | 250 500 1050 | 240 560 1000
1800 31 4320 | 240 480 1080 | 216 720 864
1800 3 400 | 300 300 1200 | 200 800 800
1800 19 2520 | 216 504 1080 | 200 700 900
1800 1 120 | 180 540 1080 | 200 400 1200
1800 311 35640 | 240 264 1296 | 162 648 990
1800 1 110 | 150 825 825 | 240 240 1320
1800 373 36480 | 135 513 1152 | 128 760 912
1800 281 27300 | 175 260 1365 | 150 350 1300
1800 121 11340 | 126 540 1134 | 135 405 1260
1800 3 280 | 200 200 1400 | 120 840 840
1800 137 12600 | 175 225 1400 | 120 630 1050
1800 47 3960 | 110 520 1170 | 120 360 1320
1800 3 220 | 110 260 1430 | 135 180 1485
1800 479 30600 | 85 315 1400 | 120 150 1530
1800 31 1980 | 84 330 1386 | 75 825 900
1800 3 110 | 40 880 880 | 75 75 1650
1800 131 4800 | 50 150 1600 | 40 800 960
1800 49 1620 | 45 135 1620 | 36 630 1134
1800 53 1254 | 25 825 950 | 32 96 1672
1801 1801 330600 | 380 696 725 | 456 475 870
1801 25 3816 | 264 583 954 | 265 576 960
1801 199 24024 | 176 624 1001 | 196 429 1176
1801 1103 131208 | 168 781 852 | 176 560 1065
1801 159 17480 | 228 253 1320 | 210 280 1311
1801 1048 109725 | 140 825 836 | 154 450 1197
1801 1801 183600 | 216 225 1360 | 135 816 850
1801 3 280 | 156 280 1365 | 120 820 861
1801 11 1020 | 120 697 984 | 119 812 870
1801 17 1440 | 171 190 1440 | 120 369 1312
1801 3089 236880 | 94 720 987 | 99 470 1232
1801 11 840 | 93 840 868 | 120 246 1435
1801 331 24420 | 111 260 1430 | 99 370 1332
1802 7 1364 | 506 552 744 | 527 527 748
1802 1 182 | 371 689 742 | 442 476 884
1802 67 11484 | 377 468 957 | 352 522 928
1802 13 2226 | 318 742 742 | 371 477 954
1802 25 3696 | 238 748 816 | 330 352 1120 | 252 560 990
1802 121 17850 | 330 350 1122 | 238 714 850
1802 37 4620 | 187 595 1020 | 240 330 1232
1802 1 120 | 170 816 816 | 265 265 1272
1802 1999 220248 | 168 437 1197 | 152 684 966
1802 47 5160 | 192 320 1290 | 168 430 1204
1802 7 680 | 136 476 1190 | 170 272 1360
1802 19 1680 | 112 780 910 | 120 464 1218
1802 3151 277200 | 120 450 1232 | 112 700 990
1802 5 408 | 136 238 1428 | 102 680 1020
1802 503 30310 | 74 433 1295 | 70 866 866
1802 83 3640 | 60 182 1560 | 52 350 1400
1802 67 1034 | 16 752 1034 | 17 187 1598
1803 2 351 | 408 459 936 | 351 594 858
1803 89 15015 | 308 715 780 | 315 630 858
1803 101 14364 | 228 630 945 | 285 378 1140
1803 7 936 | 204 663 936 | 264 351 1188
1803 1 120 | 171 720 912 | 216 345 1242
1803 205 24024 | 252 264 1287 | 165 728 910
1803 579 66352 | 160 715 928 | 208 319 1276
1803 1291 94248 | 153 154 1496 | 88 833 882
1803 823 59160 | 120 204 1479 | 87 696 1020
1803 607 34320 | 99 144 1560 | 65 858 880
1803 601 28728 | 63 228 1512 | 57 378 1368
1803 601 26928 | 66 153 1584 | 51 528 1224
1803 8 345 | 55 230 1518 | 48 720 1035
1803 601 25728 | 48 603 1152 | 67 128 1608
1803 599 23760 | 54 165 1584 | 48 270 1485
1803 122 4641 | 63 102 1638 | 48 208 1547
1803 479 17160 | 39 840 924 | 45 198 1560
1803 601 21528 | 39 828 936 | 69 78 1656
1803 601 11928 | 21 504 1278 | 28 71 1704
1804 5 924 | 451 492 861 | 396 616 792
1804 1 180 | 369 615 820 | 396 528 880 | 360 684 760
1804 89 15840 | 360 608 836 | 352 660 792
1804 37 5890 | 341 418 1045 | 285 589 930
1804 23 3480 | 296 435 1073 | 342 360 1102
1804 509 75240 | 240 684 880 | 264 495 1045
1804 1591 217360 | 209 715 880 | 208 760 836
1804 577 78120 | 217 552 1035 | 266 360 1178
1804 1 130 | 205 533 1066 | 192 780 832 | 220 440 1144
1804 113 13340 | 220 319 1265 | 184 460 1160
1804 61 7020 | 220 297 1287 | 160 780 864
1804 25 2772 | 154 660 990 | 176 396 1232
1804 11881 1109290 | 161 265 1378 | 130 455 1219
1804 31 2520 | 140 224 1440 | 114 360 1330
1804 349 27846 | 144 204 1456 | 104 476 1224
1804 7 558 | 99 682 1023 | 138 217 1449
1804 1 60 | 76 360 1368 | 70 714 1020
1804 233 13860 | 99 165 1540 | 70 612 1122
1804 79 4560 | 76 288 1440 | 75 304 1425
1804 109 6160 | 88 176 1540 | 70 374 1360
1804 25 1216 | 56 532 1216 | 55 704 1045
1804 191 9180 | 54 850 900 | 55 561 1188
1804 67 3220 | 70 170 1564 | 56 460 1288
1804 1 40 | 44 880 880 | 82 82 1640
1804 211 6480 | 40 144 1620 | 33 880 891
1805 11 2100 | 475 532 798 | 480 525 800
1805 5 952 | 440 595 770 | 425 680 700
1805 1 180 | 360 680 765 | 380 570 855
1805 1343 222300 | 342 475 988 | 300 650 855
1805 361 57200 | 325 440 1040 | 275 650 880
1805 19 2340 | 180 650 975 | 221 360 1224 | 228 342 1235
1805 19 1911 | 195 245 1365 | 133 741 931
1805 361 36036 | 140 495 1170 | 154 364 1287
1805 2411 200200 | 130 275 1400 | 104 700 1001
1805 1 77 | 133 209 1463 | 95 665 1045
1805 779 57720 | 130 195 1480 | 111 264 1430
1805 19 1395 | 124 205 1476 | 90 630 1085
1805 11 720 | 85 360 1360 | 114 171 1520
1805 1 63 | 90 245 1470 | 76 532 1197
1805 1501 81900 | 63 650 1092 | 100 130 1575
1805 19 924 | 55 700 1050 | 77 144 1584
1805 17 693 | 55 175 1575 | 45 770 990
1805 19 660 | 55 100 1650 | 38 627 1140
1805 361 6800 | 20 425 1360 | 25 80 1700
1806 23 4488 | 506 552 748 | 476 616 714
1806 167 31878 | 495 506 805 | 462 552 792
1806 43 8160 | 420 672 714 | 480 510 816
1806 7 1320 | 420 616 770 | 429 585 792
1806 7 1290 | 387 645 774 | 430 516 860
1806 17 2772 | 336 462 1008 | 286 728 792
1806 301 48906 | 286 684 836 | 351 429 1026
1806 7 1122 | 306 510 990 | 276 748 782
1806 7 1080 | 270 576 960 | 330 396 1080
1806 301 45540 | 276 495 1035 | 264 552 990
1806 301 44400 | 296 400 1110 | 240 666 900
1806 371 53856 | 288 396 1122 | 255 495 1056
1806 127 18018 | 252 462 1092 | 231 585 990
1806 301 42120 | 216 780 810 | 312 324 1170
1806 11 1512 | 210 756 840 | 231 495 1080
1806 43 5208 | 196 434 1176 | 186 504 1116
1806 89 10584 | 189 441 1176 | 168 756 882
1806 703 83160 | 168 693 945 | 216 330 1260
1806 43 5040 | 168 630 1008 | 210 336 1260
1806 667 77112 | 238 272 1296 | 168 567 1071
1806 43 4662 | 147 777 882 | 222 252 1332
1806 49 5280 | 150 600 1056 | 198 288 1320
1806 301 29580 | 136 510 1160 | 153 348 1305
1806 43 4158 | 126 756 924 | 189 231 1386
1806 1 96 | 172 258 1376 | 126 672 1008
1806 1 90 | 129 387 1290 | 126 420 1260
1806 1 84 | 105 756 945 | 112 462 1232
1806 43 3570 | 105 630 1071 | 140 238 1428
1806 37 2940 | 105 441 1260 | 168 168 1470
1806 43 3360 | 98 588 1120 | 126 240 1440
1806 5159 403104 | 96 741 969 | 102 456 1248
1806 19 1470 | 140 196 1470 | 105 378 1323
1806 2573 179088 | 104 246 1456 | 84 656 1066
1806 103 6930 | 90 330 1386 | 84 462 1260
1806 197 12870 | 77 819 910 | 90 286 1430
1806 129 8360 | 110 176 1520 | 77 665 1064
1806 43 2730 | 91 245 1470 | 78 468 1260
1806 301 17226 | 66 783 957 | 108 132 1566
1806 141 7840 | 98 140 1568 | 72 294 1440
1806 1337 29172 | 39 51 1716 | 24 286 1496
1806 301 5640 | 24 90 1692 | 20 376 1410
1807 41 7020 | 351 520 936 | 400 432 975
1807 1807 294624 | 288 682 837 | 352 432 1023
1807 139 21840 | 273 624 910 | 312 455 1040
1807 479 69615 | 234 663 910 | 260 476 1071
1807 73 9936 | 208 702 897 | 207 736 864
1807 46 6045 | 234 403 1170 | 195 806 806
1807 103 12376 | 182 520 1105 | 187 476 1144
1807 1 117 | 234 286 1287 | 182 455 1170
1807 71 8265 | 195 377 1235 | 190 399 1218
1807 257 25935 | 195 247 1365 | 133 819 855
1807 13 1260 | 130 585 1092 | 126 820 861
1807 13 1045 | 130 247 1430 | 154 190 1463
1807 59 4368 | 91 624 1092 | 117 234 1456
1807 29 2093 | 130 182 1495 | 87 754 966
1807 47 2184 | 52 819 936 | 65 182 1560
1807 139 6148 | 52 377 1378 | 58 212 1537
1807 1807 55944 | 37 216 1554 | 36 259 1512
1807 1807 48720 | 29 560 1218 | 40 87 1680
1807 1807 37884 | 41 44 1722 | 22 861 924
1808 179 32032 | 352 728 728 | 364 608 836
1808 643 108680 | 380 440 988 | 312 660 836
1808 1 168 | 364 456 988 | 308 660 840
1808 269 44352 | 308 576 924 | 352 448 1008
1808 23 3640 | 320 448 1040 | 364 380 1064
1808 341 38080 | 170 448 1190 | 160 560 1088
1808 89 8568 | 126 696 986 | 140 408 1260
1808 107 9856 | 128 448 1232 | 176 224 1408
1808 61 5040 | 144 224 1440 | 126 290 1392
1808 5273 175560 | 40 228 1540 | 66 70 1672
1808 101 2288 | 26 198 1584 | 44 48 1716
1809 37 6708 | 364 714 731 | 390 559 860
1809 745 134064 | 360 665 784 | 441 456 912
1809 55 9639 | 405 459 945 | 357 561 891
1809 201 34265 | 315 693 801 | 385 445 979
1809 11 1755 | 273 756 780 | 351 405 1053
1809 67 9828 | 324 351 1134 | 234 756 819
1809 3 352 | 185 440 1184 | 234 288 1287
1809 67 7560 | 189 360 1260 | 162 567 1080
1809 767 85680 | 153 816 840 | 154 720 935
1809 159 17680 | 160 544 1105 | 153 720 936
1809 71 7735 | 153 585 1071 | 210 273 1326
1809 1 84 | 108 567 1134 | 134 268 1407 | 119 364 1326
1809 33 2737 | 153 207 1449 | 115 385 1309
1809 4031 329175 | 171 175 1463 | 132 252 1425
1809 1 80 | 108 405 1296 | 99 720 990
1809 159 10640 | 119 170 1520 | 80 665 1064
1809 409 19656 | 54 819 936 | 63 234 1512
1809 223 9975 | 63 171 1575 | 75 119 1615
1809 67 2035 | 45 99 1665 | 33 555 1221
1810 181 36018 | 540 580 690 | 522 621 667
1810 239 43890 | 385 627 798 | 380 660 770
1810 143 25550 | 350 730 730 | 365 595 850
1810 289 50050 | 325 715 770 | 350 550 910
1810 181 29260 | 380 385 1045 | 280 760 770
1810 181 27280 | 310 400 1100 | 248 682 880
1810 1189 160650 | 204 756 850 | 270 350 1190
1810 319 41400 | 200 575 1035 | 198 600 1012
1810 13 1680 | 210 480 1120 | 200 560 1050
1810 181 23320 | 200 550 1060 | 220 424 1166
1810 107 12320 | 160 770 880 | 198 352 1260
1810 17 1664 | 128 754 928 | 130 640 1040
1810 71 6600 | 140 350 1320 | 120 715 975
1810 67 6120 | 144 306 1360 | 120 585 1105
1810 137 12350 | 130 380 1300 | 190 195 1425
1810 7 600 | 110 600 1100 | 120 390 1300
1810 467 39270 | 110 510 1190 | 105 770 935
1810 73 5796 | 115 315 1380 | 133 228 1449
1810 17 1320 | 120 260 1430 | 105 385 1320
1810 89 6650 | 100 380 1330 | 95 490 1225
1810 521 38610 | 110 270 1430 | 130 195 1485
1810 379 19380 | 60 475 1275 | 95 119 1596
1810 181 4896 | 30 340 1440 | 34 144 1632
1811 37 6552 | 420 455 936 | 342 728 741
1811 71 11781 | 351 459 1001 | 315 561 935
1811 53 8008 | 264 546 1001 | 247 728 836
1811 83 12240 | 272 459 1080 | 238 693 880
1811 92 7735 | 143 238 1430 | 130 287 1394
1811 191 14976 | 117 286 1408 | 96 819 896
1811 1 56 | 77 238 1496 | 96 147 1568
1811 137 4675 | 51 110 1650 | 40 275 1496
1812 31 5940 | 440 616 756 | 432 660 720
1812 4223 807576 | 462 552 798 | 437 616 759
1812 151 28710 | 435 594 783 | 440 580 792
1812 151 28080 | 390 702 720 | 468 480 864
1812 43 7560 | 408 459 945 | 336 720 756
1812 11 1890 | 324 648 840 | 357 510 945
1812 1523 232050 | 260 600 952 | 350 357 1105
1812 2117 291060 | 216 616 980 | 294 330 1188
1812 2731 372372 | 234 462 1116 | 217 572 1023
1812 151 20520 | 216 570 1026 | 240 432 1140
1812 13 1710 | 195 798 819 | 225 437 1150
1812 247 28980 | 207 345 1260 | 182 460 1170
1812 119 12480 | 140 832 840 | 195 273 1344
1812 839 84240 | 156 360 1296 | 135 624 1053
1812 151 14850 | 132 600 1080 | 165 297 1350
1812 823 74256 | 117 624 1071 | 140 312 1360
1812 1 90 | 130 377 1305 | 132 360 1320
1812 453 38836 | 133 292 1387 | 112 532 1168
1812 1319 108528 | 112 408 1292 | 102 798 912
1812 773 60480 | 96 756 960 | 108 360 1344
1812 151 11070 | 90 615 1107 | 120 216 1476
1812 3467 243600 | 84 800 928 | 87 525 1200
1812 145 9576 | 78 798 936 | 112 180 1520
1812 241 14742 | 72 648 1092 | 78 357 1377
1812 2923 160776 | 112 116 1584 | 63 792 957
1812 113 6006 | 78 187 1547 | 63 462 1287
1812 1787 87780 | 57 495 1260 | 56 616 1140
1812 29 1248 | 78 102 1632 | 48 672 1092
1812 691 29640 | 48 624 1140 | 57 195 1560
1812 151 4992 | 52 96 1664 | 36 624 1152
1812 151 2880 | 30 54 1728 | 20 640 1152
1813 41 8085 | 539 539 735 | 490 630 693
1813 497 88920 | 399 504 910 | 351 702 760
1813 259 43615 | 385 427 1001 | 305 715 793
1813 1813 287100 | 319 450 1044 | 275 638 900
1813 587 90440 | 255 760 798 | 266 595 952
1813 73 9405 | 231 385 1197 | 198 570 1045
1813 406 52173 | 248 341 1224 | 198 561 1054
1813 1 108 | 196 294 1323 | 148 666 999
1813 37 3960 | 168 385 1260 | 154 504 1155
1813 259 26700 | 178 300 1335 | 140 623 1050
1813 1 88 | 111 814 888 | 112 693 1008 | 132 328 1353
1813 37 2940 | 147 196 1470 | 98 735 980
1813 47 3536 | 112 273 1428 | 119 238 1456
1813 5351 371280 | 84 624 1105 | 102 255 1456
1813 259 16192 | 77 448 1288 | 88 253 1472
1813 41 2508 | 123 132 1558 | 84 266 1463
1813 203 11544 | 91 168 1554 | 74 296 1443
1813 389 21420 | 63 850 900 | 70 315 1428
1813 1319 69300 | 84 154 1575 | 75 198 1540
1813 17 861 | 91 123 1599 | 63 315 1435
1813 259 10488 | 56 161 1596 | 46 456 1311
1813 259 9360 | 45 208 1560 | 42 315 1456
1813 1813 45144 | 33 108 1672 | 27 418 1368
1813 1267 18135 | 15 403 1395 | 27 31 1755
1814 19 3666 | 470 564 780 | 442 658 714
1814 191 31824 | 364 442 1008 | 306 624 884
1814 907 138320 | 280 494 1040 | 266 560 988
1814 301 33150 | 150 780 884 | 182 357 1275
1814 2791 269514 | 138 434 1242 | 189 230 1395
1814 31 2584 | 104 741 969 | 114 408 1292
1814 43 3410 | 99 630 1085 | 124 260 1430
1814 307 19760 | 80 442 1292 | 104 190 1520
1814 13 720 | 110 120 1584 | 80 204 1530
1814 907 48230 | 65 371 1378 | 70 260 1484
1814 11 480 | 64 150 1600 | 80 102 1632
1815 67 11781 | 357 567 891 | 385 495 935
1815 163 27720 | 385 440 990 | 315 660 840
1815 229 35640 | 264 660 891 | 330 405 1080
1815 361 53040 | 255 520 1040 | 234 765 816
1815 3 440 | 275 440 1100 | 242 605 968
1815 8 1155 | 330 330 1155 | 231 660 924
1815 103 14820 | 285 390 1140 | 228 690 897
1815 43 5940 | 297 330 1188 | 231 504 1080
1815 43 5700 | 228 437 1150 | 225 450 1140
1815 911 109200 | 195 420 1200 | 175 600 1040
1815 397 44880 | 240 255 1320 | 165 528 1122
1815 26 2775 | 150 555 1110 | 170 370 1275
1815 43 4125 | 125 715 975 | 165 275 1375
1815 2 189 | 150 315 1350 | 135 420 1260
1815 29 2508 | 110 660 1045 | 114 513 1188
1815 23 1848 | 110 385 1320 | 99 792 924
1815 17 1287 | 99 429 1287 | 135 195 1485
1815 69 3640 | 60 819 936 | 65 350 1400
1815 29 891 | 33 891 891 | 51 81 1683
1815 207 1820 | 10 76 1729 | 9 546 1260
1816 181 32760 | 360 728 728 | 364 660 792
1816 31 5544 | 352 672 792 | 360 616 840
1816 67 11872 | 371 544 901 | 352 616 848
1816 223 36828 | 297 651 868 | 372 418 1026
1816 5 728 | 280 416 1120 | 308 364 1144
1816 367 51480 | 220 660 936 | 286 360 1170
1816 91 12540 | 247 429 1140 | 210 770 836
1816 145 19656 | 216 560 1040 | 264 364 1188
1816 3877 397800 | 136 780 900 | 150 442 1224
1816 139 13860 | 144 440 1232 | 210 220 1386
1816 757 66990 | 126 385 1305 | 120 464 1232
1816 37 3150 | 126 325 1365 | 112 504 1200
1816 137 10400 | 96 520 1200 | 100 416 1300
1816 3671 237120 | 104 192 1520 | 76 780 960
1816 787 43120 | 88 160 1568 | 80 196 1540
1816 19 924 | 56 528 1232 | 66 210 1540
1816 485 14994 | 45 105 1666 | 34 459 1323
1817 698 121225 | 373 494 950 | 325 746 746
1817 2 345 | 345 552 920 | 322 690 805
1817 323 53820 | 299 690 828 | 312 585 920
1817 13 1980 | 276 506 1035 | 297 440 1080
1817 1 57 | 69 437 1311 | 79 237 1501
1817 11 240 | 23 690 1104 | 25 192 1600
1818 127 22950 | 374 594 850 | 450 450 918
1818 1 180 | 404 505 909 | 360 648 810
1818 699 121550 | 374 494 950 | 330 663 825
1818 1 168 | 378 432 1008 | 303 707 808
1818 61 10098 | 374 418 1026 | 297 663 858 | 306 594 918
1818 523 83160 | 270 756 792 | 297 520 1001
1818 443 70224 | 297 513 1008 | 336 418 1064
1818 9 1232 | 231 483 1104 | 216 594 1008
1818 3 404 | 303 303 1212 | 202 808 808
1818 1081 131670 | 175 693 950 | 228 330 1260
1818 179 20862 | 198 366 1254 | 171 549 1098
1818 291 33488 | 168 546 1104 | 208 322 1288
1818 713 73584 | 168 336 1314 | 146 504 1168
1818 1 102 | 135 765 918 | 136 696 986
1818 1429 138600 | 126 792 900 | 198 220 1400
1818 1013 73920 | 115 231 1472 | 88 770 960
1818 37 1980 | 90 144 1584 | 63 495 1260
1818 17 810 | 54 630 1134 | 90 108 1620
1818 411 10010 | 26 560 1232 | 42 60 1716
1818 113 2574 | 26 208 1584 | 24 858 936
1818 3 64 | 26 128 1664 | 36 54 1728
1818 107 1326 | 24 26 1768 | 13 323 1482
1819 718 128817 | 367 594 858 | 351 734 734
1819 1 145 | 238 595 986 | 232 667 920
1819 86 12155 | 255 442 1122 | 220 715 884
1819 9 1190 | 204 595 1020 | 280 315 1224
1819 449 52836 | 204 357 1258 | 185 444 1190
1819 2 207 | 140 644 1035 | 138 738 943
1819 73 7480 | 136 748 935 | 187 272 1360
1819 113 10472 | 119 748 952 | 136 374 1309
1819 31 2856 | 119 680 1020 | 144 315 1360
1819 331 27664 | 104 784 931 | 154 209 1456
1819 89 6120 | 85 510 1224 | 136 153 1530
1819 95 6188 | 91 272 1456 | 136 136 1547
1819 28291 669900 | 25 870 924 | 29 140 1650
1819 1021 22464 | 39 52 1728 | 27 128 1664
1820 1 200 | 520 650 650 | 560 560 700
1820 259 51480 | 520 585 715 | 528 572 720
1820 91 17952 | 480 660 680 | 528 544 748
1820 91 17670 | 475 570 775 | 456 620 744
1820 7 1292 | 442 494 884 | 380 680 760
1820 1 182 | 364 728 728 | 455 455 910
1820 13 2240 | 320 700 800 | 392 448 980
1820 13 2160 | 315 560 945 | 320 540 960
1820 7 1140 | 312 520 988 | 300 570 950
1820 13 2100 | 280 700 840 | 350 420 1050
1820 23 3696 | 308 504 1008 | 280 660 880
1820 41 6552 | 273 728 819 | 280 630 910
1820 13 2052 | 360 380 1080 | 266 756 798
1820 1 156 | 364 364 1092 | 260 780 780
1820 91 13050 | 225 725 870 | 300 360 1160
1820 13 1848 | 280 385 1155 | 224 672 924
1820 1 138 | 210 805 805 | 312 312 1196
1820 7 960 | 208 780 832 | 300 320 1200
1820 13 1764 | 252 392 1176 | 210 630 980
1820 3 400 | 200 720 900 | 210 560 1050
1820 181 23520 | 224 420 1176 | 210 490 1120
1820 1 126 | 280 280 1260 | 182 819 819
1820 159 20020 | 195 525 1100 | 182 780 858
1820 343 39600 | 208 325 1287 | 180 440 1200
1820 13 1476 | 180 410 1230 | 168 504 1148
1820 7 780 | 156 624 1040 | 195 325 1300
1820 13 1416 | 160 480 1180 | 168 413 1239
1820 373 38220 | 140 588 1092 | 156 390 1274
1820 13 1260 | 140 420 1260 | 126 770 924
1820 91 8640 | 150 320 1350 | 128 540 1152
1820 91 8550 | 152 300 1368 | 125 570 1125
1820 11 1020 | 119 756 945 | 120 680 1020
1820 91 8370 | 120 620 1080 | 155 270 1395
1820 91 7920 | 160 220 1440 | 110 720 990
1820 49 4180 | 120 380 1320 | 110 570 1140
1820 1 84 | 126 308 1386 | 105 735 980 | 156 208 1456
1820 13 1088 | 104 832 884 | 119 357 1344
1820 7 572 | 104 572 1144 | 130 260 1430
1820 91 7380 | 164 180 1476 | 100 820 900
1820 13 1050 | 120 300 1400 | 105 490 1225
1820 107 8008 | 110 280 1430 | 91 728 1001
1820 239 17290 | 110 247 1463 | 91 494 1235
1820 91 6120 | 120 170 1530 | 80 720 1020
1820 7 464 | 80 580 1160 | 104 208 1508
1820 91 5888 | 92 256 1472 | 80 460 1280
1820 1 60 | 104 156 1560 | 70 700 1050
1820 91 4800 | 60 800 960 | 100 120 1600
1820 13 660 | 60 440 1320 | 70 210 1540
1820 13 630 | 56 504 1260 | 70 175 1575
1820 91 3960 | 60 176 1584 | 50 450 1320
1820 197 6300 | 44 126 1650 | 35 525 1260
1820 13 336 | 35 105 1680 | 28 448 1344
1821 17 2280 | 204 665 952 | 285 320 1216
1821 61 7956 | 204 546 1071 | 234 391 1196
1821 1832 237405 | 190 798 833 | 209 490 1122
1821 155 19656 | 189 624 1008 | 195 546 1080
1821 1619 195624 | 171 792 858 | 216 351 1254
1821 115 13167 | 171 495 1155 | 189 378 1254
1821 607 64515 | 153 495 1173 | 165 391 1265
1821 1249 118404 | 138 396 1287 | 130 495 1196
1821 263 21840 | 120 336 1365 | 105 624 1092
1821 10 819 | 138 234 1449 | 105 546 1170
1821 2879 199920 | 85 560 1176 | 144 147 1530
1821 253 16065 | 102 189 1530 | 75 675 1071
1821 601 34320 | 117 120 1584 | 66 715 1040
1821 479 21420 | 50 700 1071 | 51 510 1260
1821 11519 326040 | 33 228 1560 | 39 110 1672
1822 1049 190190 | 364 660 798 | 418 494 910
1822 121 21112 | 364 522 936 | 377 493 952
1822 209 33150 | 286 561 975 | 270 702 850
1822 29 4400 | 350 352 1120 | 304 418 1100
1822 1417 204820 | 245 532 1045 | 231 660 931
1822 1733 247520 | 260 442 1120 | 238 544 1040
1822 6683 844560 | 184 720 918 | 240 340 1242
1822 887 109200 | 182 600 1040 | 224 350 1248
1822 137 16744 | 216 364 1242 | 184 546 1092
1822 121 14560 | 210 364 1248 | 182 520 1120
1822 47 4290 | 117 715 990 | 182 210 1430
1822 5059 450450 | 126 396 1300 | 117 550 1155
1822 191 16302 | 117 418 1287 | 110 572 1140
1822 139 8008 | 88 187 1547 | 72 364 1386
1822 719 36018 | 72 184 1566 | 58 522 1242
1822 2437 111384 | 51 819 952 | 52 546 1224
1822 4877 106260 | 23 644 1155 | 24 280 1518
1823 313 49980 | 360 392 1071 | 272 735 816
1823 10573 1276704 | 198 416 1209 | 248 288 1287
1823 29 3363 | 236 276 1311 | 171 531 1121
1823 143 14364 | 133 702 988 | 153 378 1292
1823 529 47880 | 140 315 1368 | 133 360 1330
1823 95 8449 | 142 287 1394 | 119 497 1207
1823 1471 124355 | 119 374 1330 | 170 190 1463
1823 697 32940 | 54 549 1220 | 81 122 1620
1824 19 3696 | 504 528 792 | 448 672 704
1824 3 572 | 494 494 836 | 416 704 704
1824 121 21960 | 366 648 810 | 360 732 732
1824 59 10416 | 372 528 924 | 336 744 744
1824 2771 477204 | 364 494 966 | 399 437 988
1824 19 3240 | 324 600 900 | 312 702 810
1824 571 95760 | 304 665 855 | 360 456 1008
1824 9 1456 | 312 504 1008 | 304 532 988
1824 979 152880 | 294 490 1040 | 260 780 784
1824 57 8840 | 320 416 1088 | 260 680 884
1824 1129 167076 | 273 459 1092 | 238 702 884
1824 11 1596 | 228 798 798 | 285 399 1140
1824 1 144 | 288 384 1152 | 228 684 912
1824 47 5760 | 256 288 1280 | 192 480 1152
1824 23 2640 | 160 704 960 | 240 264 1320
1824 99 10640 | 190 304 1330 | 160 448 1216
1824 19 2016 | 192 288 1344 | 144 672 1008
1824 17 1680 | 144 420 1260 | 160 320 1344
1824 57 5600 | 200 224 1400 | 128 800 896
1824 361 35100 | 130 594 1100 | 195 225 1404
1824 5479 507780 | 156 273 1395 | 130 434 1260
1824 1 90 | 114 855 855 | 192 192 1440
1824 1471 128310 | 141 273 1410 | 130 329 1365
1824 2413 203580 | 130 290 1404 | 108 585 1131
1824 19 1584 | 128 288 1408 | 108 528 1188
1824 1103 75600 | 112 200 1512 | 84 540 1200
1824 5881 360360 | 78 360 1386 | 72 660 1092
1824 19 1056 | 96 144 1584 | 64 704 1056
1824 7 360 | 60 504 1260 | 64 320 1440
1824 241 11970 | 57 570 1197 | 90 119 1615
1824 263 12960 | 56 648 1120 | 96 108 1620
1824 29089 1312740 | 51 585 1188 | 54 340 1430
1824 857 32760 | 42 702 1080 | 56 130 1638
1825 71 13200 | 450 495 880 | 400 600 825
1825 269 46800 | 325 720 780 | 400 450 975
1825 727 117040 | 280 665 880 | 304 520 1001
1825 8 1235 | 340 380 1105 | 286 494 1045
1825 8 1125 | 225 600 1000 | 250 450 1125
1825 1387 174580 | 238 340 1247 | 215 406 1204
1825 89 9360 | 144 615 1066 | 208 252 1365
1825 37 3780 | 135 780 910 | 175 300 1350
1825 1 96 | 124 837 864 | 144 369 1312
1825 73 7000 | 125 700 1000 | 175 250 1400
1825 509 46200 | 150 275 1400 | 120 550 1155
1825 73 5920 | 160 185 1480 | 100 800 925
1825 4021 246240 | 81 304 1440 | 96 190 1539
1825 41 2145 | 65 330 1430 | 87 143 1595
1825 146 6435 | 54 286 1485 | 77 110 1638
1825 103 3780 | 40 840 945 | 52 135 1638
1825 842 25245 | 33 432 1360 | 34 306 1485
1826 221 41800 | 440 550 836 | 418 608 800
1826 23 3960 | 396 440 990 | 363 495 968
1826 1 170 | 308 748 770 | 330 561 935
1826 19 2730 | 286 385 1155 | 240 546 1040
1826 74 10395 | 308 330 1188 | 216 770 840
1826 117 15862 | 206 693 927 | 231 462 1133
1826 1013 134640 | 198 748 880 | 272 330 1224
1826 29 3744 | 272 306 1248 | 198 572 1056
1826 13 1463 | 176 418 1232 | 154 836 836
1826 79 8424 | 143 792 891 | 162 416 1248
1826 5 528 | 144 638 1044 | 176 330 1320
1826 47 4862 | 143 561 1122 | 170 330 1326
1826 113 11088 | 176 264 1386 | 144 406 1276
1826 31 2856 | 126 476 1224 | 136 364 1326
1826 1 90 | 121 495 1210 | 144 290 1392
1826 1189 103230 | 124 370 1332 | 111 630 1085
1826 211 17136 | 126 272 1428 | 136 234 1456
1826 551 38376 | 104 246 1476 | 88 451 1287
1826 673 41040 | 76 400 1350 | 90 216 1520
1826 443 17710 | 55 161 1610 | 44 770 1012
1826 109 3230 | 50 76 1700 | 34 272 1520
1826 47 1150 | 34 92 1700 | 26 650 1150
1826 461 9240 | 21 760 1045 | 22 264 1540
1827 1 195 | 455 637 735 | 450 675 702
1827 3 520 | 351 540 936 | 392 455 980
1827 3 481 | 273 777 777 | 377 377 1073
1827 161 24480 | 288 459 1080 | 306 416 1105
1827 17 2184 | 189 702 936 | 232 377 1218
1827 3 385 | 189 693 945 | 210 462 1155
1827 17 2160 | 240 345 1242 | 189 630 1008
1827 79 9828 | 189 546 1092 | 180 702 945
1827 21 2552 | 174 696 957 | 232 319 1276
1827 111 12397 | 207 297 1323 | 161 539 1127
1827 61 6615 | 147 735 945 | 189 315 1323
1827 107 10920 | 135 756 936 | 182 280 1365
1827 107 10395 | 132 540 1155 | 126 810 891
1827 8929 743820 | 115 392 1320 | 105 644 1078
1827 173 13860 | 105 462 1260 | 99 720 1008
1827 5 399 | 133 231 1463 | 98 798 931
1827 1 72 | 126 189 1512 | 87 696 1044
1827 719 46893 | 77 735 1015 | 87 319 1421
1827 13 495 | 45 297 1485 | 42 630 1155
1828 73 13860 | 414 644 770 | 420 616 792
1828 19 3360 | 420 448 960 | 340 672 816
1828 457 73780 | 340 434 1054 | 280 680 868
1828 521 83520 | 320 464 1044 | 288 580 960
1828 463 72864 | 288 528 1012 | 264 736 828
1828 1 128 | 208 468 1152 | 228 384 1216
1828 787 87780 | 154 684 990 | 152 836 840
1828 487 35200 | 100 320 1408 | 88 640 1100
1828 745 51408 | 90 378 1360 | 112 204 1512
1828 7 376 | 94 136 1598 | 64 448 1316
1828 457 19800 | 48 880 900 | 88 90 1650
1828 457 10230 | 30 93 1705 | 24 440 1364
1829 101 19980 | 495 594 740 | 518 555 756
1829 79 15180 | 495 506 828 | 460 555 814
1829 1 165 | 385 399 1045 | 341 465 1023 | 295 649 885
1829 19 3080 | 308 520 1001 | 380 385 1064
1829 5 708 | 295 354 1180 | 236 531 1062
1829 191 25704 | 204 680 945 | 297 308 1224
1829 161 16965 | 203 261 1365 | 165 377 1287
1829 173 16065 | 119 765 945 | 135 385 1309
1829 229 18525 | 114 350 1365 | 100 741 988
1829 317 24700 | 95 850 884 | 100 494 1235
1829 11 855 | 95 765 969 | 135 209 1485
1829 23 1540 | 119 170 1540 | 91 308 1430
1829 422 14245 | 37 560 1232 | 38 385 1406
1829 1 29 | 31 899 899 | 59 59 1711
1830 61 12180 | 504 630 696 | 525 580 725
1830 3 550 | 400 550 880 | 385 595 850
1830 1297 221760 | 330 576 924 | 320 630 880
1830 61 10200 | 360 450 1020 | 300 680 850
1830 43 6930 | 330 450 1050 | 374 385 1071
1830 163 26040 | 280 620 930 | 372 378 1080
1830 11 1755 | 270 780 780 | 360 390 1080
1830 19 3024 | 270 720 840 | 350 400 1080
1830 129 20020 | 340 385 1105 | 264 630 936
1830 211 32130 | 330 378 1122 | 255 630 945
1830 433 62790 | 230 690 910 | 234 630 966
1830 289 40950 | 234 546 1050 | 225 630 975
1830 61 8400 | 280 350 1200 | 210 720 900
1830 11 1512 | 264 378 1188 | 225 525 1080
1830 17 2310 | 255 385 1190 | 210 630 990
1830 61 7854 | 220 420 1190 | 198 561 1071
1830 443 55440 | 240 330 1260 | 180 770 880
1830 29 3150 | 150 630 1050 | 210 270 1350
1830 3049 311220 | 180 285 1365 | 182 280 1368
1830 111 11050 | 136 550 1144 | 130 850 850
1830 73 6840 | 140 360 1330 | 120 855 855
1830 61 5700 | 180 225 1425 | 120 760 950
1830 23 2100 | 150 280 1400 | 140 325 1365
1830 11 864 | 96 816 918 | 120 270 1440
1830 61 4446 | 114 234 1482 | 90 570 1170
1830 183 13156 | 88 598 1144 | 115 220 1495
1830 61 3900 | 75 780 975 | 120 150 1560
1830 17 1080 | 80 400 1350 | 75 675 1080
1830 317 19110 | 70 780 980 | 80 294 1456
1830 61 3192 | 70 240 1520 | 63 399 1368
1830 3 154 | 61 427 1342 | 70 220 1540
1830 61 2640 | 48 792 990 | 80 100 1650
1830 271 11550 | 75 105 1650 | 48 550 1232
1830 183 6604 | 52 127 1651 | 40 520 1270
1831 23 4488 | 459 616 756 | 456 627 748
1831 43 8008 | 462 481 888 | 396 616 819
1831 43 7480 | 352 544 935 | 323 748 760
1831 694 119385 | 315 758 758 | 379 462 990
1831 8 1155 | 259 462 1110 | 286 390 1155
1831 193 27720 | 232 609 990 | 280 396 1155
1831 275 37332 | 305 306 1220 | 244 414 1173
1831 1831 213180 | 165 646 1020 | 209 330 1292
1831 457 50388 | 182 357 1292 | 156 570 1105
1831 2719 250425 | 135 371 1325 | 175 225 1431
1831 83 7280 | 175 200 1456 | 130 336 1365
1831 116 9765 | 126 310 1395 | 115 414 1302
1831 22 1425 | 76 855 900 | 123 150 1558
1831 9563 516800 | 64 475 1292 | 95 136 1600
1831 14881 757575 | 63 325 1443 | 74 182 1575
1831 589 23184 | 46 336 1449 | 63 112 1656
1832 929 181720 | 455 649 728 | 472 590 770
1832 229 41040 | 360 608 864 | 380 540 912
1832 167 27160 | 380 388 1064 | 280 776 776
1832 229 36960 | 336 440 1056 | 280 672 880
1832 11 1728 | 264 704 864 | 320 432 1080
1832 295 40248 | 208 688 936 | 215 585 1032
1832 229 28028 | 182 572 1078 | 208 392 1232
1832 17 2024 | 207 360 1265 | 176 552 1104
1832 467 53820 | 207 325 1300 | 160 736 936
1832 817 91494 | 207 299 1326 | 153 782 897
1832 115 12768 | 160 532 1140 | 168 448 1216
1832 1 110 | 150 725 957 | 192 320 1320
1832 29 3108 | 192 296 1344 | 185 315 1332
1832 721 67100 | 140 350 1342 | 122 610 1100
1832 313 27360 | 152 240 1440 | 117 480 1235
1832 61 4004 | 80 520 1232 | 110 182 1540
1832 289 15840 | 65 480 1287 | 88 160 1584
1832 229 12480 | 64 520 1248 | 80 192 1560
1832 529 27720 | 72 220 1540 | 80 168 1584
1832 311 16170 | 105 110 1617 | 69 245 1518
1832 229 6360 | 30 530 1272 | 40 96 1696
1832 25 656 | 28 656 1148 | 32 160 1640
1832 89 2160 | 27 285 1520 | 40 64 1728
1833 1 180 | 423 470 940 | 351 702 780
1833 575 102816 | 408 480 945 | 357 612 864
1833 17 2961 | 329 658 846 | 423 423 987
1833 5 816 | 282 752 799 | 315 510 1008
1833 13 2079 | 297 528 1008 | 273 702 858
1833 19 2340 | 260 286 1287 | 195 468 1170
1833 39 4640 | 185 464 1184 | 240 288 1305
1833 13 1485 | 216 297 1320 | 195 351 1287
1833 443 50160 | 165 528 1140 | 209 304 1320
1833 1 105 | 141 705 987 | 195 273 1365
1833 13 1254 | 132 513 1188 | 152 328 1353
1833 2239 205920 | 195 198 1440 | 130 416 1287
1833 5 429 | 117 429 1287 | 132 297 1404
1833 17 1320 | 132 216 1485 | 99 510 1224
1833 22 1365 | 105 168 1560 | 78 390 1365
1833 169 4305 | 41 70 1722 | 27 861 945
1834 3 520 | 390 456 988 | 330 624 880
1834 217 33930 | 342 390 1102 | 261 715 858
1834 805 115362 | 261 442 1131 | 234 580 1020
1834 107 11088 | 144 546 1144 | 224 224 1386
1834 49 4896 | 144 442 1248 | 153 369 1312
1834 23 2142 | 153 287 1394 | 119 833 882
1834 89 8246 | 133 399 1302 | 124 532 1178
1834 1489 123760 | 105 624 1105 | 140 238 1456
1834 1 70 | 140 154 1540 | 84 700 1050
1834 1963 117810 | 70 693 1071 | 90 204 1540
1834 263 14490 | 63 805 966 | 70 315 1449
1834 19 966 | 63 322 1449 | 84 140 1610
1834 3 112 | 70 84 1680 | 42 448 1344 | 52 144 1638
1834 98 3575 | 40 650 1144 | 52 132 1650
1834 257 9360 | 63 91 1680 | 40 624 1170
1834 119 2610 | 36 58 1740 | 29 95 1710
1835 4 693 | 390 455 990 | 363 504 968
1835 367 58149 | 315 455 1065 | 273 639 923
1835 331 50400 | 275 504 1056 | 315 400 1120
1835 227 32175 | 220 715 900 | 275 390 1170
1835 2287 319200 | 240 475 1120 | 288 350 1197
1835 2 273 | 210 650 975 | 255 390 1190
1835 827 110880 | 220 495 1120 | 288 315 1232
1835 32 4095 | 260 315 1260 | 210 455 1170
1835 19 2079 | 210 275 1350 | 154 574 1107
1835 614 53625 | 130 330 1375 | 110 750 975
1835 367 29760 | 100 775 960 | 155 192 1488
1835 1253 84240 | 84 455 1296 | 80 702 1053
1835 47 3120 | 80 585 1170 | 85 390 1360
1835 367 21080 | 68 527 1240 | 85 200 1550
1835 3 80 | 35 120 1680 | 30 285 1520
1835 383 9324 | 27 296 1512 | 30 140 1665
1836 3 608 | 576 576 684 | 544 646 646
1836 263 48720 | 406 560 870 | 384 640 812
1836 211 36960 | 357 544 935 | 352 560 924
1836 13 2268 | 378 486 972 | 324 756 756
1836 1 170 | 306 765 765 | 408 408 1020
1836 43 7280 | 336 525 975 | 360 468 1008
1836 71 11340 | 315 468 1053 | 270 756 810
1836 653 102312 | 261 735 840 | 342 392 1102
1836 1 154 | 357 357 1122 | 252 792 792
1836 97 14742 | 351 351 1134 | 252 648 936
1836 3 448 | 272 476 1088 | 252 576 1008
1836 13 1890 | 315 351 1170 | 252 504 1080
1836 193 26598 | 286 341 1209 | 221 561 1054
1836 1 136 | 204 816 816 | 306 306 1224
1836 5 624 | 224 364 1248 | 180 720 936
1836 41 4620 | 154 812 870 | 180 396 1260
1836 3 308 | 154 406 1276 | 198 252 1386 | 136 748 952
1836 19 1890 | 135 567 1134 | 144 432 1260
1836 19 1760 | 198 198 1440 | 120 660 1056
1836 211 18720 | 156 240 1440 | 120 468 1248
1836 271 23940 | 120 456 1260 | 126 380 1330
1836 29 1764 | 72 588 1176 | 76 392 1368
1836 43 2508 | 68 646 1122 | 72 396 1368
1836 301 15840 | 60 720 1056 | 72 224 1540
1836 3 100 | 36 900 900 | 68 68 1700
1837 5 819 | 286 693 858 | 333 468 1036
1837 85 9009 | 143 693 1001 | 165 385 1287
1837 53 5425 | 147 465 1225 | 217 225 1395
1838 919 133722 | 323 342 1173 | 228 782 828
1838 41 4368 | 156 464 1218 | 144 693 1001
1838 1 78 | 156 174 1508 | 104 408 1326
1838 1697 127890 | 116 252 1470 | 98 435 1305
1838 71 4680 | 78 720 1040 | 104 204 1530
1838 139 9152 | 78 704 1056 | 88 320 1430
1838 71 4290 | 78 330 1430 | 70 858 910
1838 2713 146510 | 69 299 1470 | 98 130 1610
1838 8321 341550 | 50 270 1518 | 46 550 1242
1838 919 24180 | 30 248 1560 | 31 195 1612
1838 919 15912 | 18 884 936 | 34 36 1768
1839 467 78540 | 357 462 1020 | 300 714 825
1839 139 21420 | 288 480 1071 | 252 782 805
1839 1189 166320 | 231 528 1080 | 252 432 1155
1839 31 4284 | 224 544 1071 | 252 414 1173
1839 1181 136059 | 186 399 1254 | 165 589 1085
1839 47041 4269720 | 120 546 1173 | 115 840 884
1839 1 84 | 138 252 1449 | 105 714 1020
1839 613 44880 | 144 165 1530 | 88 816 935
1839 211 15015 | 90 462 1287 | 143 156 1540
1839 1823 98532 | 68 322 1449 | 63 552 1224
1839 3569 169575 | 57 357 1425 | 68 175 1596
1839 359 13464 | 45 264 1530 | 68 88 1683
1839 277 7980 | 45 84 1710 | 33 266 1540
1839 613 11115 | 27 57 1755 | 19 585 1235
1840 7 1320 | 480 480 880 | 396 684 760
1840 1 184 | 460 460 920 | 368 736 736
1840 73 13320 | 370 630 840 | 360 740 740
1840 1 168 | 320 560 960 | 300 700 840 | 322 552 966
1840 169 27936 | 388 396 1056 | 288 776 776
1840 607 100320 | 385 399 1056 | 288 760 792
1840 169 27720 | 380 396 1064 | 288 672 880
1840 19 2992 | 340 400 1100 | 272 616 952
1840 131 20540 | 340 395 1105 | 260 790 790
1840 1 150 | 240 800 800 | 345 345 1150
1840 53 7920 | 240 720 880 | 304 396 1140
1840 1 140 | 240 480 1120 | 220 630 990
1840 5 616 | 220 360 1260 | 175 825 840
1840 19 2200 | 220 300 1320 | 160 800 880
1840 11 1260 | 161 644 1035 | 160 672 1008
1840 1 112 | 184 368 1288 | 160 560 1120
1840 11 1200 | 150 650 1040 | 160 480 1200
1840 353 36960 | 176 320 1344 | 168 352 1320
1840 1039 102960 | 130 720 990 | 140 468 1232
1840 1 90 | 160 240 1440 | 115 690 1035
1840 1 76 | 92 874 874 | 160 160 1520
1840 71 4500 | 90 250 1500 | 125 140 1575
1840 11 260 | 25 715 1100 | 35 76 1729
1841 6349 1213245 | 430 594 817 | 473 513 855
1841 7 1320 | 396 680 765 | 465 496 880
1841 254 42735 | 333 518 990 | 385 420 1036
1841 3 440 | 231 770 840 | 294 392 1155
1841 617 83545 | 275 341 1225 | 217 539 1085
1841 1 105 | 147 539 1155 | 140 756 945
1841 43 4508 | 140 735 966 | 161 392 1288
1841 37 3780 | 140 567 1134 | 216 225 1400
1841 97 9800 | 196 245 1400 | 140 525 1176
1841 59 5544 | 136 396 1309 | 126 539 1176
1841 607 50960 | 112 455 1274 | 140 245 1456
1841 29 2184 | 112 273 1456 | 91 840 910
1841 131 7245 | 70 322 1449 | 105 126 1610
1841 19 945 | 81 140 1620 | 56 840 945
1841 17 552 | 36 437 1368 | 35 840 966
1841 34 819 | 36 76 1729 | 26 429 1386
1842 47 8190 | 390 462 990 | 351 546 945
1842 73 12474 | 330 567 945 | 324 594 924
1842 217 33660 | 255 759 828 | 360 360 1122
1842 43 6630 | 255 690 897 | 330 390 1122
1842 307 46200 | 252 600 990 | 280 462 1100
1842 31 3360 | 152 570 1120 | 160 464 1218
1842 121 12432 | 148 462 1232 | 140 592 1110
1842 79 7920 | 176 280 1386 | 132 720 990
1842 489 47600 | 126 816 900 | 170 272 1400
1842 2269 217140 | 141 385 1316 | 168 264 1410
1842 53 4830 | 161 246 1435 | 140 322 1380
1842 8521 705432 | 117 357 1368 | 104 646 1092
1842 29 2268 | 108 357 1377 | 162 168 1512
1842 307 18870 | 90 222 1530 | 74 510 1258
1842 307 18564 | 91 204 1547 | 72 546 1224
1842 239 12558 | 82 161 1599 | 60 690 1092
1842 107 5610 | 69 255 1518 | 60 660 1122
1842 307 15504 | 57 816 969 | 96 114 1632
1842 1063 51870 | 90 114 1638 | 57 455 1330
1842 5 222 | 66 148 1628 | 50 592 1200
1842 307 11220 | 60 99 1683 | 40 680 1122
1842 907 31350 | 50 120 1672 | 38 550 1254
1842 11843 332640 | 32 270 1540 | 30 756 1056
1842 53 1350 | 27 825 990 | 34 108 1700
1843 19 3465 | 364 660 819 | 385 567 891
1843 5 836 | 304 627 912 | 380 418 1045
1843 97 15960 | 380 399 1064 | 285 760 798
1843 1843 225225 | 175 693 975 | 231 325 1287
1843 1 115 | 161 667 1015 | 187 391 1265
1843 3 304 | 171 304 1368 | 133 798 912
1843 157 11440 | 91 520 1232 | 88 715 1040
1843 3257 205275 | 115 153 1575 | 75 595 1173
1843 3811 131040 | 45 160 1638 | 39 364 1440
1844 3061 497420 | 340 440 1064 | 323 476 1045
1844 163 23100 | 308 336 1200 | 220 700 924
1844 563 77836 | 305 319 1220 | 244 440 1160
1844 131 14784 | 220 280 1344 | 154 832 858
1844 17 1848 | 192 308 1344 | 154 546 1144
1844 29 2464 | 128 308 1408 | 110 544 1190
1844 211 17160 | 143 216 1485 | 110 408 1326
1844 59 3600 | 76 400 1368 | 110 150 1584
1845 1 189 | 396 693 756 | 405 630 810
1845 2029 379665 | 429 531 885 | 385 693 767
1845 43 7956 | 403 558 884 | 459 468 918
1845 3 500 | 375 420 1050 | 325 520 1000
1845 1 162 | 360 405 1080 | 324 468 1053
1845 239 37800 | 315 450 1080 | 264 756 825
1845 4007 530400 | 195 800 850 | 272 325 1248
1845 19 2464 | 210 480 1155 | 189 792 864
1845 23 2604 | 155 780 910 | 162 567 1116
1845 249 26180 | 168 357 1320 | 140 770 935
1845 111 11000 | 150 375 1320 | 130 715 1000
1845 3 287 | 123 861 861 | 205 205 1435
1845 113 8208 | 95 400 1350 | 144 162 1539
1845 1123 79560 | 85 720 1040 | 120 195 1530
1845 11 744 | 81 648 1116 | 130 155 1560
1845 53 3000 | 70 375 1400 | 65 780 1000
1845 53 2772 | 63 396 1386 | 60 630 1155
1845 3 112 | 60 105 1680 | 41 656 1148
1845 13 360 | 40 95 1710 | 30 495 1320
1846 433 81510 | 390 715 741 | 418 570 858
1846 41 7590 | 390 598 858 | 374 690 782
1846 1 180 | 390 520 936 | 355 639 852
1846 13 2130 | 355 426 1065 | 284 710 852
1846 17 2730 | 273 715 858 | 280 630 936 | 364 390 1092
1846 79 12376 | 280 546 1020 | 312 442 1092
1846 755 111384 | 255 520 1071 | 234 728 884
1846 109 14014 | 286 286 1274 | 196 572 1078
1846 1 126 | 273 286 1287 | 182 728 936
1846 25 2788 | 164 493 1189 | 240 246 1360
1846 13 1320 | 165 328 1353 | 180 280 1386
1846 5441 542300 | 136 550 1160 | 145 425 1276
1846 697 69160 | 130 728 988 | 152 364 1330
1846 59 5720 | 130 572 1144 | 208 208 1430
1846 149 13104 | 156 234 1456 | 112 663 1071
1846 13 1120 | 110 616 1120 | 112 544 1190
1846 61 4850 | 108 388 1350 | 100 582 1164
1846 13 1008 | 112 306 1428 | 96 630 1120 | 117 273 1456
1846 1069 80080 | 91 715 1040 | 110 280 1456
1846 73 5320 | 91 520 1235 | 152 154 1540
1846 17 1232 | 112 238 1496 | 104 286 1456
1846 311 20790 | 95 266 1485 | 108 198 1540
1846 117 6080 | 64 342 1440 | 60 570 1216
1846 1 46 | 52 598 1196 | 71 142 1633
1846 439 14874 | 38 402 1406 | 37 603 1206
1846 1469 27720 | 20 440 1386 | 22 144 1680
1847 353 61940 | 380 489 978 | 326 741 780
1847 4409 620620 | 308 330 1209 | 248 455 1144
1847 643 79800 | 196 475 1176 | 200 450 1197
1847 9 880 | 165 290 1392 | 132 560 1155
1847 5413 480480 | 130 352 1365 | 160 231 1456
1847 1 55 | 87 165 1595 | 65 495 1287
1847 647 32760 | 104 105 1638 | 65 270 1512
1848 1 198 | 528 528 792 | 462 693 693
1848 13 2520 | 440 616 792 | 504 504 840
1848 119 22572 | 418 594 836 | 399 693 756
1848 113 21420 | 399 684 765 | 476 490 882
1848 7 1326 | 429 561 858 | 408 624 816
1848 7 1320 | 396 660 792 | 440 528 880
1848 5 936 | 392 637 819 | 390 648 810
1848 3 544 | 352 748 748 | 448 448 952
1848 49 8580 | 330 660 858 | 390 468 990
1848 83 14280 | 336 560 952 | 408 420 1020
1848 1 168 | 336 504 1008 | 308 616 924
1848 7 1170 | 390 405 1053 | 294 735 819 | 312 576 960
1848 3 490 | 280 784 784 | 385 385 1078
1848 67 10920 | 378 390 1080 | 280 728 840
1848 61 9828 | 378 378 1092 | 273 756 819
1848 95 15288 | 273 735 840 | 364 392 1092
1848 301 47520 | 297 495 1056 | 264 720 864
1848 7 1080 | 252 756 840 | 288 480 1080 | 264 594 990
1848 747 110110 | 242 605 1001 | 315 363 1170
1848 37 5040 | 210 630 1008 | 224 504 1120
1848 17 2310 | 280 336 1232 | 231 462 1155
1848 7 936 | 198 792 858 | 288 312 1248
1848 13 1680 | 252 336 1260 | 231 385 1232
1848 7 900 | 216 432 1200 | 198 550 1100
1848 21 2668 | 253 319 1276 | 184 736 928
1848 287 35880 | 216 390 1242 | 184 624 1040
1848 1 120 | 168 840 840 | 264 264 1320
1848 5 546 | 192 312 1344 | 147 819 882 | 210 273 1365
1848 749 81510 | 171 390 1287 | 165 429 1254
1848 721 76908 | 174 348 1326 | 143 748 957
1848 73 7140 | 132 561 1155 | 210 210 1428
1848 37 2940 | 126 252 1470 | 98 700 1050
1848 27 2090 | 152 176 1520 | 99 495 1254
1848 3 220 | 88 880 880 | 154 154 1540
1848 479 35112 | 114 238 1496 | 88 836 924
1848 17 1176 | 84 588 1176 | 98 280 1470
1848 7 396 | 88 176 1584 | 66 594 1188
1848 7 390 | 80 208 1560 | 66 495 1287
1848 1 48 | 66 198 1584 | 56 448 1344
1848 89 3822 | 48 624 1176 | 63 147 1638
1848 7 300 | 66 132 1650 | 48 600 1200
1848 5171 198660 | 44 385 1419 | 42 860 946
1848 513 16660 | 50 98 1700 | 35 833 980
1849 17 3108 | 407 518 924 | 364 666 819
1849 193 33072 | 364 477 1008 | 312 689 848
1849 1 120 | 215 344 1290 | 168 820 861 | 185 480 1184 | 253 276 1320 | 172 645 1032
1849 361 40545 | 159 585 1105 | 153 795 901
1849 353 32480 | 120 609 1120 | 175 224 1450
1849 79 6216 | 164 168 1517 | 148 189 1512
1849 55 3519 | 81 391 1377 | 85 315 1449
1849 1237 23560 | 20 589 1240 | 22 155 1672
1850 43 7920 | 400 550 900 | 368 690 792
1850 47 8550 | 380 570 900 | 450 450 950
1850 27 4730 | 387 473 990 | 330 660 860
1850 14029 2451570 | 330 646 874 | 345 570 935
1850 1 168 | 296 777 777 | 400 400 1050
1850 37 5940 | 330 440 1080 | 275 675 900
1850 37 5520 | 300 400 1150 | 240 690 920
1850 11 1500 | 250 400 1200 | 225 500 1125
1850 11 1470 | 250 375 1225 | 198 770 882
1850 13 1440 | 150 800 900 | 160 520 1170
1850 1349 138600 | 150 440 1260 | 198 252 1400
1850 1 102 | 148 444 1258 | 150 425 1275
1850 97 9450 | 150 350 1350 | 135 490 1225
1850 3 280 | 135 392 1323 | 150 300 1400
1850 307 25520 | 116 374 1360 | 110 464 1276
1850 37 3000 | 100 750 1000 | 150 200 1500
1850 1709 117810 | 110 210 1530 | 90 374 1386
1850 89 4000 | 50 800 1000 | 65 160 1625
1850 79 3150 | 45 475 1330 | 50 225 1575
1850 179 6930 | 44 420 1386 | 45 342 1463
1850 3839 52080 | 14 720 1116 | 15 155 1680
1851 71 12285 | 351 525 975 | 315 756 780
1851 1 168 | 330 520 1001 | 315 576 960
1851 218 33915 | 255 798 798 | 330 399 1122
1851 53 8190 | 252 780 819 | 315 416 1120
1851 113 16740 | 270 465 1116 | 234 780 837
1851 71 10296 | 234 616 1001 | 312 351 1188
1851 1457 201960 | 255 408 1188 | 297 330 1224
1851 1279 151404 | 186 444 1221 | 176 528 1147
1851 5 561 | 195 330 1326 | 170 451 1230
1851 82 8925 | 150 630 1071 | 168 408 1275
1851 137 14040 | 143 520 1188 | 135 780 936
1851 209 19251 | 155 270 1426 | 117 837 897
1851 1 91 | 135 351 1365 | 117 663 1071
1851 53 4680 | 117 510 1224 | 135 312 1404
1851 4153 341880 | 140 231 1480 | 111 420 1320
1851 203 14040 | 105 234 1512 | 135 156 1560
1851 1843 108225 | 91 185 1575 | 75 333 1443
1851 22 1197 | 84 171 1596 | 66 399 1386
1851 3293 134640 | 80 88 1683 | 45 816 990
1851 719 23940 | 57 84 1710 | 36 770 1045
1852 5 966 | 448 576 828 | 460 552 840 | 483 518 851
1852 751 140400 | 400 594 858 | 432 520 900
1852 19 3520 | 448 480 924 | 396 576 880
1852 463 78660 | 380 437 1035 | 304 720 828
1852 5 828 | 333 483 1036 | 288 736 828
1852 457 72864 | 352 396 1104 | 288 552 1012
1852 643 101556 | 279 572 1001 | 364 372 1116
1852 59 8580 | 240 572 1040 | 286 396 1170
1852 293 37950 | 207 495 1150 | 200 552 1100
1852 173 22176 | 240 352 1260 | 224 396 1232
1852 571 68400 | 198 400 1254 | 171 656 1025
1852 23 2646 | 207 322 1323 | 162 637 1053
1852 37 3564 | 162 286 1404 | 124 837 891
1852 5 342 | 88 396 1368 | 123 171 1558
1852 463 25326 | 72 268 1512 | 67 378 1407
1852 463 24864 | 74 224 1554 | 64 444 1344
1852 9 476 | 70 252 1530 | 60 840 952
1852 463 23940 | 76 180 1596 | 60 532 1260
1852 463 19320 | 80 92 1680 | 46 840 966
1852 463 17010 | 40 840 972 | 70 81 1701
1852 463 13776 | 32 672 1148 | 48 82 1722
1853 311 61600 | 475 608 770 | 525 528 800
1853 941 176800 | 390 663 800 | 425 544 884
1853 109 19872 | 368 621 864 | 391 544 918
1853 109 18612 | 306 748 799 | 396 423 1034
1853 626 88753 | 266 409 1178 | 217 818 818
1853 164 23205 | 238 510 1105 | 273 390 1190
1853 1763 237120 | 247 390 1216 | 285 320 1248
1853 53 7084 | 203 638 1012 | 253 368 1232
1853 97 11781 | 238 306 1309 | 189 476 1188
1853 31 3740 | 187 476 1190 | 170 748 935
1853 1 117 | 171 551 1131 | 221 306 1326
1853 5 561 | 153 765 935 | 187 357 1309
1853 11 1008 | 117 728 1008 | 153 272 1428
1853 41 2380 | 68 595 1190 | 77 280 1496
1853 523 25575 | 55 775 1023 | 93 110 1650
1853 25 408 | 28 40 1785 | 17 612 1224
1854 103 20400 | 510 544 800 | 459 675 720
1854 229 44550 | 462 567 825 | 450 594 810
1854 309 58786 | 399 714 741 | 476 494 884
1854 3 560 | 378 720 756 | 390 624 840
1854 103 14742 | 252 468 1134 | 234 567 1053
1854 3 412 | 206 824 824 | 309 309 1236
1854 565 77112 | 216 567 1071 | 204 810 840
1854 457 59400 | 216 450 1188 | 189 825 840
1854 53 6768 | 188 658 1008 | 198 528 1128
1854 559 70686 | 189 594 1071 | 204 462 1188
1854 103 12960 | 180 810 864 | 270 288 1296
1854 309 36946 | 203 377 1274 | 174 588 1092
1854 191 21600 | 160 594 1100 | 216 288 1350
1854 887 94248 | 154 476 1224 | 204 264 1386
1854 1 72 | 90 504 1260 | 120 204 1530
1854 1871 133110 | 90 459 1305 | 85 783 986
1854 43 2970 | 99 270 1485 | 90 378 1386
1854 11 666 | 78 333 1443 | 90 210 1554
1854 499 30096 | 99 171 1584 | 72 528 1254
1854 1189 62370 | 60 660 1134 | 63 405 1386
1854 133 4680 | 39 495 1320 | 42 252 1560
1854 267 8840 | 39 255 1560 | 50 104 1700
1854 309 8510 | 37 115 1702 | 30 444 1380
1854 103 2520 | 27 315 1512 | 30 144 1680
1854 309 4186 | 21 39 1794 | 14 644 1196
1855 829 140140 | 325 550 980 | 308 637 910
1855 1 159 | 265 795 795 | 371 371 1113
1855 7 1105 | 265 689 901 | 325 425 1105
1855 431 64680 | 240 735 880 | 308 392 1155
1855 301 44880 | 255 544 1056 | 240 680 935
1855 1471 216580 | 260 490 1105 | 238 637 980
1855 17 2415 | 230 575 1050 | 245 483 1127
1855 709 90090 | 260 308 1287 | 231 364 1260
1855 7 825 | 165 715 975 | 175 525 1155
1855 28 3015 | 207 268 1380 | 180 335 1340
1855 1619 166320 | 154 405 1296 | 135 840 880
1855 1 100 | 140 490 1225 | 175 280 1400
1855 1 84 | 106 636 1113 | 105 700 1050 | 140 245 1470
1855 101 8280 | 115 360 1380 | 126 280 1449
1855 197 14651 | 91 637 1127 | 115 245 1495
1855 19 1320 | 84 616 1155 | 130 165 1560
1855 8 441 | 63 784 1008 | 70 315 1470
1855 41 2156 | 70 245 1540 | 84 154 1617
1855 16 819 | 91 126 1638 | 63 336 1456
1855 19 600 | 40 165 1650 | 35 420 1400
1856 5 1008 | 540 560 756 | 504 624 728
1856 17201 3181360 | 399 560 897 | 368 728 760
1856 11 2016 | 406 522 928 | 384 576 896 | 416 504 936
1856 73 12768 | 322 736 798 | 336 608 912
1856 13 2240 | 336 560 960 | 320 640 896
1856 97 16632 | 308 756 792 | 351 504 1001
1856 359 56100 | 275 561 1020 | 306 450 1100
1856 1 156 | 256 768 832 | 348 377 1131
1856 19 2880 | 320 384 1152 | 288 448 1120
1856 11 1624 | 290 406 1160 | 232 812 812
1856 4481 659736 | 306 374 1176 | 231 792 833
1856 73 10440 | 232 580 1044 | 261 435 1160
1856 1 140 | 290 348 1218 | 231 525 1100
1856 7 870 | 203 435 1218 | 261 290 1305
1856 97 10850 | 175 410 1271 | 155 651 1050
1856 263 27720 | 140 792 924 | 225 231 1400
1856 587 58520 | 132 660 1064 | 200 231 1425
1856 277 24480 | 144 272 1440 | 140 288 1428
1856 481 40920 | 120 372 1364 | 155 216 1485
1856 1 56 | 116 116 1624 | 64 896 896
1857 359 57120 | 306 480 1071 | 336 416 1105
1857 101 15120 | 336 351 1170 | 270 483 1104
1857 71 10440 | 240 609 1008 | 232 725 900
1857 619 89760 | 255 480 1122 | 240 561 1056
1857 29 3660 | 210 427 1220 | 240 336 1281
1857 619 77880 | 180 792 885 | 264 295 1298
1857 713 76041 | 142 833 882 | 153 497 1207
1857 619 60060 | 130 572 1155 | 156 315 1386
1857 179 9828 | 63 702 1092 | 72 273 1512
1857 1021 51765 | 63 315 1479 | 58 609 1190
1857 2999 92070 | 44 108 1705 | 33 744 1080
1857 1301 32940 | 30 180 1647 | 27 610 1220
1858 353 70224 | 528 532 798 | 480 608 770
1858 1 175 | 400 450 1008 | 322 736 800
1858 2 231 | 168 546 1144 | 176 464 1218
1858 1049 117810 | 154 714 990 | 153 770 935
1858 83 7410 | 130 360 1368 | 143 285 1430
1858 67 5796 | 108 805 945 | 115 483 1260
1858 557 43146 | 108 340 1410 | 94 846 918
1858 131 8580 | 130 144 1584 | 77 780 1001
1858 31 1872 | 90 208 1560 | 70 780 1008
1858 37 2106 | 108 130 1620 | 66 648 1144
1858 53 2574 | 66 208 1584 | 77 143 1638
1859 13 2640 | 520 624 715 | 528 605 726
1859 1 195 | 429 715 715 | 455 585 819 | 507 507 845
1859 251 46284 | 364 741 754 | 380 609 870
1859 16 2805 | 340 595 924 | 374 495 990
1859 29 4960 | 340 527 992 | 403 416 1040
1859 115 19206 | 291 776 792 | 396 396 1067
1859 263 43605 | 297 627 935 | 323 510 1026
1859 403 63800 | 319 440 1100 | 264 725 870
1859 13 2040 | 264 660 935 | 312 442 1105
1859 1399 216216 | 351 364 1144 | 264 594 1001
1859 4 605 | 275 484 1100 | 242 770 847
1859 169 24416 | 224 763 872 | 308 352 1199
1859 1 144 | 272 414 1173 | 242 528 1089 | 234 585 1040
1859 13 1767 | 247 403 1209 | 209 627 1023
1859 19 2340 | 234 325 1300 | 182 585 1092
1859 1 120 | 231 308 1320 | 195 416 1248
1859 13 1540 | 176 528 1155 | 165 770 924
1859 167 18480 | 208 286 1365 | 165 462 1232
1859 89 9576 | 209 264 1386 | 144 784 931
1859 103 10920 | 225 234 1400 | 182 312 1365
1859 1 104 | 169 338 1352 | 143 572 1144
1859 1 99 | 143 429 1287 | 195 234 1430
1859 529 51480 | 143 396 1320 | 130 585 1144
1859 41 3400 | 104 650 1105 | 119 340 1400
1859 19 1560 | 104 585 1170 | 110 429 1320
1859 641 51480 | 117 312 1430 | 99 720 1040
1859 97 7280 | 91 728 1040 | 143 176 1540
1859 13 920 | 88 506 1265 | 104 260 1495
1859 37 2520 | 88 385 1386 | 117 182 1560
1859 41 2320 | 88 176 1595 | 65 754 1040
1859 13 615 | 65 195 1599 | 55 451 1353
1859 169 6776 | 44 847 968 | 77 88 1694
1859 47 1560 | 55 88 1716 | 39 260 1560
1859 271 8645 | 65 65 1729 | 35 494 1330
1859 181 1760 | 10 473 1376 | 11 88 1760
1860 31 6048 | 480 540 840 | 432 672 756
1860 1 186 | 372 744 744 | 465 465 930
1860 17 3120 | 360 720 780 | 390 560 910
1860 227 41580 | 420 495 945 | 396 540 924
1860 1 180 | 360 600 900 | 372 558 930
1860 233 41184 | 352 572 936 | 390 480 990
1860 23 3900 | 300 780 780 | 390 420 1050
1860 149 25200 | 378 432 1050 | 300 720 840
1860 41 6435 | 264 660 936 | 260 720 880
1860 523 81900 | 300 468 1092 | 260 700 900
1860 109 16884 | 324 402 1134 | 252 804 804
1860 281 43092 | 315 405 1140 | 308 418 1134
1860 29 4368 | 273 483 1104 | 240 780 840
1860 31 4524 | 261 468 1131 | 240 580 1040
1860 1 144 | 240 540 1080 | 300 360 1200 | 248 496 1116
1860 29 3960 | 279 341 1240 | 240 432 1188
1860 653 89148 | 207 684 969 | 204 782 874
1860 31 4230 | 235 450 1175 | 216 564 1080
1860 31 4200 | 240 420 1200 | 210 600 1050
1860 1 126 | 279 279 1302 | 180 840 840
1860 31 3900 | 260 300 1300 | 180 780 900
1860 1763 217140 | 264 280 1316 | 188 517 1155
1860 577 69300 | 180 525 1155 | 168 792 900
1860 31 3600 | 160 800 900 | 240 270 1350
1860 73 8316 | 165 540 1155 | 168 504 1188
1860 29 3120 | 144 780 936 | 155 496 1209
1860 31 3276 | 180 315 1365 | 144 624 1092
1860 31 3150 | 135 675 1050 | 180 280 1400
1860 1 96 | 180 240 1440 | 124 744 992
1860 107 10080 | 126 544 1190 | 168 252 1440
1860 31 2850 | 120 600 1140 | 150 285 1425
1860 197 17556 | 112 836 912 | 132 342 1386
1860 53 4620 | 120 420 1320 | 110 700 1050
1860 6431 555408 | 126 342 1392 | 112 551 1197
1860 31 2640 | 110 550 1200 | 132 288 1440
1860 153 12880 | 112 460 1288 | 105 720 1035
1860 293 23760 | 110 400 1350 | 108 432 1320
1860 1 78 | 105 390 1365 | 96 672 1092
1860 5921 439560 | 110 270 1480 | 111 264 1485
1860 17 1260 | 100 360 1400 | 126 204 1530
1860 743 46800 | 78 432 1350 | 75 585 1200
1860 199 11340 | 105 135 1620 | 66 660 1134
1860 137 7800 | 66 650 1144 | 70 390 1400
1860 93 4592 | 80 140 1640 | 56 656 1148
1861 2711 475475 | 385 475 1001 | 325 700 836
1861 173 27360 | 288 528 1045 | 342 399 1120
1861 29 3744 | 221 416 1224 | 286 288 1287
1861 443 56880 | 237 360 1264 | 208 468 1185
1861 1181 131040 | 156 585 1120 | 208 288 1365
1861 1013 70380 | 90 391 1380 | 85 552 1224
1862 7 1440 | 570 608 684 | 560 630 672
1862 67 13104 | 432 702 728 | 441 637 784
1862 7 1334 | 437 551 874 | 406 644 812
1862 133 24960 | 420 546 896 | 390 640 832
1862 1 180 | 441 441 980 | 342 760 760
1862 133 23760 | 336 756 770 | 432 440 990
1862 1 168 | 399 399 1064 | 294 784 784
1862 931 154800 | 387 400 1075 | 288 774 800
1862 35 5814 | 323 513 1026 | 300 612 950
1862 19 3060 | 315 476 1071 | 280 630 952
1862 953 149226 | 266 627 969 | 264 646 952
1862 19 2898 | 252 644 966 | 294 441 1127
1862 29 4410 | 252 630 980 | 245 735 882
1862 133 19550 | 230 782 850 | 322 350 1190
1862 59 8658 | 252 518 1092 | 234 666 962
1862 6593 930930 | 217 715 930 | 231 546 1085
1862 49 6732 | 209 684 969 | 264 374 1224
1862 931 124200 | 230 432 1200 | 207 575 1080
1862 49 6270 | 228 380 1254 | 190 627 1045
1862 7 884 | 182 728 952 | 247 323 1292
1862 49 6138 | 252 308 1302 | 234 341 1287
1862 475 59202 | 198 468 1196 | 230 345 1287
1862 137 16830 | 238 315 1309 | 198 440 1224
1862 1 120 | 168 770 924 | 180 522 1160
1862 5 598 | 168 728 966 | 190 437 1235
1862 211 24882 | 182 462 1218 | 198 377 1287
1862 787 88920 | 171 456 1235 | 234 260 1368
1862 1 112 | 168 462 1232 | 152 798 912
1862 19 2058 | 196 294 1372 | 147 686 1029
1862 2999 313950 | 182 300 1380 | 175 322 1365
1862 53 5320 | 133 665 1064 | 152 380 1330
1862 7 684 | 152 342 1368 | 133 532 1197
1862 133 12060 | 120 536 1206 | 140 315 1407
1862 133 11594 | 124 374 1364 | 119 434 1309
1862 1 80 | 152 190 1520 | 112 350 1400 | 98 784 980
1862 133 10200 | 105 357 1400 | 102 400 1360
1862 19 1430 | 91 770 1001 | 140 182 1540
1862 139 9360 | 80 702 1080 | 91 315 1456
1862 119 7540 | 76 551 1235 | 80 390 1392
1862 133 8030 | 110 146 1606 | 70 770 1022
1862 137 7990 | 94 170 1598 | 70 476 1316
1862 931 47700 | 72 200 1590 | 60 477 1325
1862 7 344 | 56 602 1204 | 76 152 1634
1862 931 39000 | 52 250 1560 | 50 312 1500
1862 931 38070 | 47 405 1410 | 54 188 1620
1862 19 720 | 42 560 1260 | 56 126 1680
1862 49 1710 | 38 684 1140 | 57 95 1710
1862 7 234 | 42 182 1638 | 38 342 1482
1862 931 27840 | 32 870 960 | 58 64 1740
1862 931 19470 | 33 59 1770 | 22 660 1180
1863 337 67320 | 510 561 792 | 468 680 715
1863 3 589 | 437 713 713 | 513 513 837
1863 1 180 | 405 486 972 | 345 690 828 | 378 540 945 | 342 741 780
1863 37 6156 | 324 513 1026 | 342 468 1053
1863 1657 275616 | 288 783 792 | 297 638 928
1863 149 24360 | 290 616 957 | 315 504 1044
1863 1 135 | 243 405 1215 | 207 621 1035
1863 235 26208 | 182 369 1312 | 210 288 1365
1863 409 32472 | 123 264 1476 | 99 616 1148
1863 1 78 | 95 780 988 | 108 351 1404
1863 3 220 | 92 506 1265 | 108 270 1485
1863 3481 228228 | 88 312 1463 | 77 798 988
1863 5 273 | 63 630 1170 | 82 182 1599
1863 3 64 | 23 368 1472 | 27 108 1728
1864 13 2520 | 420 684 760 | 448 576 840
1864 3 560 | 420 532 912 | 384 640 840
1864 71 12870 | 360 624 880 | 407 495 962
1864 907 161568 | 340 660 864 | 352 594 918
1864 67 10088 | 312 388 1164 | 291 429 1144
1864 47 6930 | 240 616 1008 | 259 495 1110
1864 157 22248 | 264 412 1188 | 216 824 824
1864 17 2340 | 247 420 1197 | 208 720 936
1864 53 6380 | 203 385 1276 | 198 406 1260
1864 239 25916 | 190 310 1364 | 154 532 1178
1864 139 14280 | 136 720 1008 | 152 420 1292
1864 191 18200 | 200 208 1456 | 182 232 1450
1864 1 84 | 114 420 1330 | 174 182 1508
1864 703 58240 | 104 640 1120 | 128 280 1456
1864 29 2376 | 154 198 1512 | 104 572 1188
1864 41 2520 | 72 672 1120 | 76 420 1368
1864 109 6336 | 72 384 1408 | 88 192 1584
1864 59 1980 | 40 240 1584 | 37 495 1332
1864 29 420 | 15 645 1204 | 16 168 1680
1865 149 29260 | 440 665 760 | 490 539 836
1865 169 30096 | 336 693 836 | 400 475 990
1865 373 53108 | 284 374 1207 | 220 710 935
1865 41 5681 | 209 759 897 | 285 345 1235
1865 119 14575 | 265 275 1325 | 175 689 1001
1865 247 28520 | 184 410 1271 | 160 713 992
1865 587 66000 | 240 250 1375 | 165 500 1200
1865 19 2100 | 175 390 1300 | 150 735 980 | 170 420 1275
1865 373 40256 | 185 320 1360 | 148 629 1088
1865 1 105 | 150 490 1225 | 175 325 1365
1865 127 13079 | 164 348 1353 | 143 533 1189
1865 29 2565 | 117 513 1235 | 171 209 1485
1865 479 36960 | 160 165 1540 | 110 315 1440
1865 311 23940 | 95 630 1140 | 154 171 1540
1865 499 36192 | 145 160 1560 | 96 377 1392
1865 2683 109395 | 65 117 1683 | 45 715 1105
1865 25 1008 | 50 240 1575 | 45 560 1260
1865 821 32844 | 46 391 1428 | 56 153 1656
1865 373 5984 | 17 352 1496 | 20 85 1760
1866 31 5520 | 336 690 840 | 345 624 897
1866 47 8280 | 414 440 1012 | 345 585 936
1866 73 11718 | 279 621 966 | 372 378 1116
1866 151 24024 | 275 616 975 | 312 462 1092
1866 139 21840 | 273 585 1008 | 280 546 1040
1866 11 1710 | 270 570 1026 | 330 396 1140
1866 103 15840 | 330 384 1152 | 270 540 1056
1866 109 15960 | 264 462 1140 | 228 798 840
1866 521 70200 | 200 756 910 | 234 432 1200
1866 37 4692 | 216 408 1242 | 184 696 986
1866 51 6440 | 238 340 1288 | 184 667 1015
1866 3559 422994 | 174 561 1131 | 221 319 1326
1866 5 594 | 216 330 1320 | 165 810 891
1866 157 18480 | 165 693 1008 | 210 336 1320
1866 123 14168 | 184 406 1276 | 187 391 1288
1866 551 61200 | 150 816 900 | 200 306 1360
1866 67 7410 | 156 570 1140 | 150 741 975
1866 5 552 | 184 348 1334 | 216 270 1380
1866 22 2415 | 210 276 1380 | 170 408 1288
1866 361 38376 | 144 656 1066 | 216 246 1404
1866 47 4752 | 132 816 918 | 176 286 1404
1866 23 2310 | 132 714 1020 | 165 315 1386
1866 59 5544 | 144 336 1386 | 176 234 1456
1866 67 6090 | 116 700 1050 | 126 435 1305
1866 1339 106590 | 102 510 1254 | 165 171 1530
1866 2159 144144 | 80 616 1170 | 126 156 1584
1866 1129 74970 | 90 306 1470 | 98 238 1530
1866 251 14616 | 84 216 1566 | 116 126 1624
1866 19 1056 | 102 132 1632 | 66 480 1320
1866 991 41400 | 46 900 920 | 60 150 1656
1867 353 65835 | 441 495 931 | 385 627 855
1867 2 315 | 294 495 1078 | 280 552 1035
1867 1867 277704 | 252 551 1064 | 261 504 1102
1867 24257 3413844 | 217 684 966 | 252 437 1178
1867 641 81972 | 184 792 891 | 220 405 1242
1867 89 10788 | 186 492 1189 | 217 348 1302
1867 79 8928 | 155 720 992 | 186 369 1312
1867 1189 119700 | 190 252 1425 | 133 684 1050
1867 1019 82368 | 99 832 936 | 117 320 1430
1867 211 9520 | 52 455 1360 | 85 102 1680
1868 11 1872 | 396 416 1056 | 360 468 1040
1868 1091 174720 | 364 384 1120 | 270 702 896
1868 509 80080 | 260 728 880 | 272 595 1001
1868 4441 614460 | 220 570 1078 | 209 735 924
1868 1879 250800 | 198 720 950 | 228 440 1200
1868 5 646 | 187 779 902 | 272 304 1292
1868 19 2142 | 168 476 1224 | 153 833 882
1868 181 15708 | 168 204 1496 | 132 308 1428
1868 31 1995 | 76 672 1120 | 120 152 1596
1868 17 936 | 63 741 1064 | 104 126 1638
1868 947 52080 | 63 720 1085 | 70 310 1488
1868 1937 84150 | 55 238 1575 | 75 110 1683
1868 337 14616 | 48 812 1008 | 63 152 1653
1869 187 30303 | 333 444 1092 | 273 777 819
1869 661 103740 | 351 378 1140 | 285 520 1064
1869 607 78540 | 204 510 1155 | 187 812 870
1869 43 5292 | 189 504 1176 | 252 294 1323
1869 61 6300 | 175 308 1386 | 144 525 1200
1869 202 19635 | 140 420 1309 | 153 330 1386
1869 43 3927 | 187 203 1479 | 119 595 1155
1869 13 1155 | 154 245 1470 | 168 216 1485
1869 339 29260 | 114 495 1260 | 140 266 1463
1869 106 8925 | 105 714 1050 | 114 425 1330
1869 107 7560 | 84 840 945 | 105 252 1512
1869 39 2156 | 77 224 1568 | 63 882 924
1869 1067 31080 | 33 296 1540 | 36 168 1665
1870 1 204 | 510 680 680 | 561 561 748
1870 1 198 | 462 616 792 | 495 550 825
1870 29 5720 | 440 715 715 | 442 680 748
1870 23 4400 | 440 550 880 | 400 700 770
1870 53 10010 | 440 520 910 | 385 715 770
1870 13 2380 | 408 510 952 | 385 561 924
1870 277 50400 | 352 693 825 | 350 720 800
1870 1 180 | 340 765 765 | 440 440 990
1870 13 2310 | 330 770 770 | 385 495 990
1870 31 5320 | 385 440 1045 | 323 595 952
1870 1 168 | 352 462 1056 | 306 612 952
1870 71 11550 | 350 420 1100 | 275 770 825
1870 4 595 | 340 340 1190 | 238 680 952
1870 359 51480 | 220 792 858 | 260 440 1170
1870 8 1071 | 198 748 924 | 238 408 1224
1870 1 126 | 180 780 910 | 189 574 1107
1870 41 5130 | 190 540 1140 | 180 702 988
1870 29 3600 | 210 400 1260 | 180 650 1040
1870 1 120 | 220 330 1320 | 170 680 1020 | 180 520 1170
1870 43 5152 | 168 736 966 | 175 575 1120
1870 137 15840 | 198 352 1320 | 160 720 990
1870 53 6048 | 189 369 1312 | 160 630 1080
1870 313 30888 | 132 594 1144 | 130 660 1080
1870 1 88 | 110 880 880 | 187 187 1496
1870 2 165 | 110 440 1320 | 102 748 1020
1870 61 4896 | 160 180 1530 | 102 544 1224
1870 1 78 | 110 330 1430 | 102 442 1326
1870 1 72 | 88 594 1188 | 130 180 1560
1870 281 19950 | 95 350 1425 | 90 450 1330
1870 1 70 | 88 462 1320 | 110 220 1540 | 85 595 1190
1870 61 3960 | 88 297 1485 | 110 176 1584
1870 2777 177840 | 90 260 1520 | 76 624 1170
1870 907 40800 | 51 544 1275 | 50 800 1020
1870 257 11550 | 66 154 1650 | 50 770 1050
1870 631 17550 | 30 540 1300 | 50 65 1755
1870 559 8120 | 15 840 1015 | 16 174 1680
1871 4 455 | 155 806 910 | 156 735 980
1871 103 7395 | 102 290 1479 | 135 170 1566
1871 233 11368 | 58 392 1421 | 56 539 1276
1871 619 25116 | 45 630 1196 | 46 460 1365
1871 2273 91080 | 45 506 1320 | 44 792 1035
1871 3727 132825 | 69 77 1725 | 46 175 1650
1871 11513 271575 | 45 51 1775 | 25 639 1207
1871 101 1080 | 12 104 1755 | 11 540 1320
1872 3 616 | 528 672 672 | 572 572 728
1872 15 2912 | 420 672 780 | 416 728 728
1872 1 192 | 432 576 864 | 416 624 832
1872 871 166320 | 432 560 880 | 396 720 756
1872 1 190 | 390 741 741 | 480 480 912
1872 39 7040 | 352 640 880 | 384 528 960
1872 17 3024 | 336 672 864 | 432 432 1008
1872 29 5040 | 336 576 960 | 360 504 1008
1872 3 520 | 312 780 780 | 416 416 1040
1872 237 40664 | 312 663 897 | 322 598 952
1872 251 42900 | 325 572 975 | 400 416 1056
1872 13 2220 | 333 540 999 | 320 592 960
1872 13 2160 | 360 432 1080 | 288 720 864
1872 5 792 | 297 495 1080 | 288 528 1056
1872 39 6080 | 270 576 1026 | 304 448 1120
1872 217 33660 | 255 693 924 | 300 450 1122
1872 13 2016 | 336 384 1152 | 252 756 864
1872 17 2520 | 252 540 1080 | 234 728 910
1872 79 11088 | 252 432 1188 | 288 352 1232
1872 3 416 | 208 832 832 | 312 312 1248
1872 95 13104 | 208 728 936 | 288 336 1248
1872 11 1440 | 234 390 1248 | 192 720 960
1872 13 1656 | 216 414 1242 | 192 576 1104
1872 3 380 | 190 580 1102 | 276 285 1311 | 247 325 1300
1872 197 23940 | 198 420 1254 | 171 756 945
1872 169 20160 | 192 420 1260 | 240 288 1344
1872 83 9576 | 171 504 1197 | 252 252 1368
1872 1 112 | 156 624 1092 | 192 336 1344
1872 1 108 | 144 864 864 | 234 234 1404
1872 13 1386 | 189 297 1386 | 144 672 1056
1872 39 4100 | 160 400 1312 | 150 492 1230
1872 1 90 | 117 585 1170 | 144 288 1440
1872 181 14820 | 130 260 1482 | 105 532 1235
1872 13 1026 | 162 171 1539 | 96 864 912
1872 7 520 | 156 156 1560 | 90 702 1080
1872 19 1380 | 90 540 1242 | 138 170 1564
1872 39 2560 | 80 512 1280 | 96 240 1536
1872 13 840 | 90 270 1512 | 80 448 1344
1872 1081 54720 | 57 855 960 | 64 288 1520
1872 3 140 | 52 910 910 | 96 96 1680
1872 39 880 | 32 80 1760 | 24 528 1320
1873 263 51480 | 429 684 760 | 495 520 858
1873 1873 356400 | 400 648 825 | 432 550 891
1873 23 3740 | 275 748 850 | 352 416 1105
1873 239 33440 | 286 352 1235 | 220 608 1045
1873 5 576 | 192 369 1312 | 207 322 1344
1873 439 47880 | 190 315 1368 | 156 520 1197
1873 89 9672 | 160 465 1248 | 168 403 1302
1873 1583 112200 | 88 510 1275 | 102 275 1496
1873 1873 97680 | 60 592 1221 | 80 165 1628
1873 1873 20064 | 16 33 1824 | 11 608 1254
1873 337 3289 | 11 91 1771 | 10 598 1265
1873 517 4756 | 11 58 1804 | 10 123 1740
1874 937 190190 | 532 572 770 | 494 665 715
1874 3 572 | 416 594 864 | 429 561 884
1874 439 64350 | 275 429 1170 | 234 650 990
1874 23 2880 | 180 704 990 | 192 522 1160
1874 1 105 | 180 308 1386 | 140 714 1020
1874 157 16380 | 144 560 1170 | 140 663 1071
1874 5 504 | 140 510 1224 | 210 224 1440
1874 241 23184 | 184 234 1456 | 126 644 1104
1874 1459 131670 | 114 770 990 | 126 418 1330
1874 2209 194480 | 110 880 884 | 170 208 1496
1874 937 79170 | 105 754 1015 | 156 210 1508
1874 4 315 | 140 204 1530 | 154 180 1540
1874 223 14850 | 80 594 1200 | 110 189 1575
1874 2281 134640 | 80 264 1530 | 68 816 990
1875 79 15015 | 396 660 819 | 390 715 770
1875 29 5040 | 315 720 840 | 357 510 1008
1875 2161 340860 | 345 390 1140 | 260 741 874
1875 131 20400 | 255 720 900 | 275 544 1056
1875 31 4500 | 250 500 1125 | 225 750 900
1875 23 3300 | 275 400 1200 | 225 660 990
1875 9 1235 | 209 665 1001 | 260 380 1235
1875 26 1575 | 90 210 1575 | 70 855 950
1875 509 26910 | 60 780 1035 | 104 115 1656
1875 69 3080 | 55 280 1540 | 70 133 1672
1875 373 15120 | 48 315 1512 | 60 135 1680
1875 17 480 | 55 60 1760 | 35 160 1680
1876 5 1008 | 476 680 720 | 504 588 784
1876 67 12540 | 420 532 924 | 380 660 836
1876 469 85644 | 432 468 976 | 351 732 793
1876 1 180 | 392 504 980 | 340 720 816
1876 1 176 | 336 616 924 | 418 432 1026
1876 67 10780 | 280 616 980 | 308 490 1078
1876 571 80080 | 280 364 1232 | 220 616 1040
1876 37 5040 | 280 336 1260 | 204 720 952
1876 41 5460 | 252 364 1260 | 195 820 861
1876 43 5460 | 195 533 1148 | 182 770 924
1876 679 86020 | 220 391 1265 | 184 680 1012
1876 1 126 | 182 693 1001 | 201 469 1206 | 196 504 1176
1876 469 58344 | 264 286 1326 | 176 816 884
1876 169 20944 | 176 748 952 | 231 336 1309
1876 7 858 | 176 660 1040 | 195 451 1230
1876 469 55800 | 186 450 1240 | 180 496 1200
1876 161 18720 | 160 780 936 | 195 369 1312
1876 469 53040 | 204 312 1360 | 156 680 1040
1876 1543 168168 | 154 546 1176 | 147 728 1001
1876 49 5200 | 175 336 1365 | 160 416 1300
1876 469 47520 | 132 864 880 | 216 220 1440
1876 73 7140 | 126 850 900 | 168 280 1428
1876 343 29920 | 128 340 1408 | 160 220 1496
1876 469 36480 | 96 640 1140 | 128 228 1520
1876 37 2772 | 126 210 1540 | 91 693 1092
1876 1 70 | 84 672 1120 | 126 175 1575
1876 67 4620 | 105 231 1540 | 84 560 1232
1876 67 2842 | 56 196 1624 | 49 406 1421
1876 17 432 | 28 336 1512 | 27 688 1161
1876 469 11544 | 48 52 1776 | 26 888 962
1877 593 111720 | 392 630 855 | 456 490 931
1877 1723 298775 | 323 629 925 | 407 425 1045
1877 244 37323 | 330 377 1170 | 261 572 1044
1877 197 25740 | 195 638 1044 | 260 330 1287
1877 1 117 | 195 377 1305 | 252 260 1365 | 161 819 897
1877 1081 84645 | 95 891 891 | 143 195 1539
1877 1 77 | 95 627 1155 | 143 187 1547
1877 359 26163 | 95 405 1377 | 117 221 1539
1877 533 30780 | 95 162 1620 | 78 260 1539
1877 313 17325 | 65 525 1287 | 77 225 1575
1877 1949 73185 | 41 765 1071 | 70 85 1722
1877 256 9405 | 40 792 1045 | 57 110 1710
1877 95 2464 | 40 77 1760 | 28 473 1376
1878 23 4320 | 378 700 800 | 390 624 864
1878 8 1365 | 312 630 936 | 308 660 910
1878 709 114912 | 378 380 1120 | 273 741 864
1878 137 19950 | 228 700 950 | 225 798 855
1878 313 41184 | 198 624 1056 | 234 396 1248
1878 151 19320 | 216 420 1242 | 184 770 924
1878 313 39360 | 180 738 960 | 246 320 1312
1878 313 34800 | 150 800 928 | 225 261 1392
1878 47 5040 | 144 714 1020 | 162 420 1296
1878 1019 103950 | 140 550 1188 | 135 693 1050
1878 373 37128 | 130 728 1020 | 153 360 1365
1878 313 30240 | 126 672 1080 | 168 270 1440
1878 667 59280 | 156 240 1482 | 114 624 1140
1878 1229 106590 | 110 646 1122 | 114 510 1254
1878 2825 160056 | 72 324 1482 | 65 760 1053
1878 347 19320 | 84 184 1610 | 69 360 1449
1878 31 1638 | 63 429 1386 | 84 156 1638
1878 197 7560 | 42 756 1080 | 54 144 1680
1878 313 4704 | 16 294 1568 | 18 96 1764
1879 670 109089 | 279 680 920 | 372 391 1116
1879 407 55692 | 208 663 1008 | 204 765 910
1879 598 73017 | 198 427 1254 | 171 854 854
1879 638 77805 | 234 315 1330 | 171 798 910
1879 1033 91390 | 111 780 988 | 152 247 1480
1879 557 44030 | 111 340 1428 | 119 280 1480
1880 1 198 | 517 517 846 | 440 720 720
1880 17 3360 | 450 630 800 | 480 560 840
1880 1 188 | 470 470 940 | 376 752 752
1880 37 6840 | 360 760 760 | 380 600 900
1880 23 3640 | 260 780 840 | 280 560 1040
1880 293 45760 | 320 416 1144 | 260 660 960
1880 1 132 | 198 638 1044 | 208 528 1144
1880 19 2400 | 200 480 1200 | 180 800 900
1880 11 1368 | 176 792 912 | 190 520 1170
1880 223 26928 | 170 720 990 | 189 459 1232
1880 121 14280 | 180 476 1224 | 240 280 1360
1880 17 1860 | 160 480 1240 | 186 330 1364
1880 6221 645840 | 144 540 1196 | 138 702 1040
1880 143 14824 | 136 872 872 | 152 436 1292
1880 943 97650 | 153 425 1302 | 175 310 1395
1880 1751 180180 | 198 252 1430 | 140 585 1155
1880 5 468 | 120 720 1040 | 130 450 1300
1880 49 4560 | 190 208 1482 | 152 288 1440
1880 41 3640 | 130 350 1400 | 112 728 1040
1880 61 5168 | 112 476 1292 | 170 190 1520
1880 5507 443520 | 110 384 1386 | 112 360 1408
1880 31 2280 | 88 880 912 | 130 190 1560
1880 11 700 | 80 400 1400 | 75 665 1140
1880 193 9240 | 60 280 1540 | 88 112 1680
1880 179 5280 | 32 528 1320 | 60 60 1760
1881 19 3864 | 506 616 759 | 504 621 756
1881 17 3312 | 495 506 880 | 432 621 828
1881 47 9072 | 462 528 891 | 405 720 756
1881 3 560 | 432 504 945 | 385 616 880 | 399 570 912
1881 1 180 | 342 684 855 | 396 495 990 | 360 585 936
1881 23 4095 | 351 585 945 | 385 495 1001
1881 3 460 | 275 506 1100 | 248 713 920
1881 19 2664 | 264 396 1221 | 216 666 999
1881 19 2640 | 264 385 1232 | 209 760 912
1881 47 5940 | 180 810 891 | 198 495 1188 | 264 297 1320
1881 53 6600 | 176 825 880 | 200 451 1230
1881 5 616 | 231 330 1320 | 189 504 1188
1881 6 725 | 170 725 986 | 261 270 1350
1881 57 6545 | 187 385 1309 | 165 561 1155
1881 57 6500 | 220 286 1375 | 156 750 975
1881 19 2160 | 180 405 1296 | 165 528 1188
1881 7 792 | 171 456 1254 | 231 264 1386
1881 79 8820 | 180 378 1323 | 207 294 1380
1881 1691 188496 | 176 396 1309 | 153 672 1056
1881 6 665 | 165 462 1254 | 152 665 1064
1881 29 3120 | 145 696 1040 | 143 858 880
1881 57 6097 | 143 737 1001 | 201 273 1407
1881 5 504 | 156 360 1365 | 133 684 1064
1881 51 4840 | 165 264 1452 | 121 880 880
1881 237 22022 | 121 616 1144 | 156 273 1452
1881 38 3213 | 105 756 1020 | 153 216 1512
1881 13 1080 | 117 360 1404 | 132 264 1485
1881 1 81 | 99 891 891 | 171 171 1539
1881 3 235 | 95 893 893 | 165 165 1551
1881 401 27720 | 99 270 1512 | 91 360 1430
1881 599 30039 | 57 646 1178 | 68 217 1596
1881 19 204 | 18 27 1836 | 11 748 1122
1882 163 30030 | 378 594 910 | 364 660 858
1882 181 24102 | 234 412 1236 | 286 309 1287
1882 1073 136136 | 182 748 952 | 208 442 1232
1882 13 960 | 130 192 1560 | 90 640 1152
1882 2773 203490 | 114 238 1530 | 90 595 1197
1883 1 200 | 455 700 728 | 475 608 800 | 506 552 825
1883 73 13104 | 336 728 819 | 420 455 1008
1883 113 19404 | 308 693 882 | 336 539 1008
1883 337 56420 | 310 572 1001 | 364 434 1085
1883 53 6615 | 245 315 1323 | 189 539 1155
1883 1 108 | 189 308 1386 | 168 392 1323
1883 295 23184 | 99 552 1232 | 112 322 1449
1883 23723 1634380 | 110 209 1564 | 85 506 1292
1883 148 9009 | 78 342 1463 | 91 208 1584
1883 163 9009 | 63 819 1001 | 91 154 1638
1883 1643 74025 | 63 175 1645 | 50 846 987
1883 4099 171080 | 56 182 1645 | 47 520 1316
1883 19 357 | 34 43 1806 | 24 91 1768
1884 11 2160 | 480 540 864 | 432 660 792
1884 97 18480 | 440 532 912 | 480 480 924
1884 1 190 | 432 540 912 | 399 630 855
1884 317 60060 | 396 630 858 | 440 520 924
1884 89 13860 | 324 405 1155 | 252 792 840
1884 205 31668 | 252 696 936 | 260 609 1015
1884 1259 180180 | 252 462 1170 | 220 728 936
1884 89 12180 | 210 630 1044 | 203 820 861
1884 97 13020 | 210 558 1116 | 252 372 1260
1884 471 60214 | 253 322 1309 | 184 748 952
1884 2789 352716 | 228 364 1292 | 182 714 988
1884 2461 297024 | 168 832 884 | 234 306 1344
1884 503 60480 | 192 432 1260 | 168 756 960
1884 491 58464 | 203 369 1312 | 168 672 1044
1884 311 36960 | 168 660 1056 | 220 320 1344
1884 869 96600 | 231 253 1400 | 150 782 952
1884 319 35340 | 190 330 1364 | 155 589 1140
1884 19 2100 | 220 264 1400 | 150 714 1020
1884 703 77220 | 156 540 1188 | 220 260 1404
1884 13 1350 | 144 540 1200 | 150 459 1275
1884 269 27720 | 168 330 1386 | 220 224 1440
1884 1289 131376 | 184 272 1428 | 136 644 1104
1884 23 2160 | 120 756 1008 | 132 432 1320
1884 11 1026 | 190 209 1485 | 120 684 1080
1884 641 59280 | 120 624 1140 | 117 855 912
1884 269 23940 | 117 532 1235 | 114 630 1140
1884 157 12960 | 120 324 1440 | 108 480 1296
1884 157 12648 | 124 272 1488 | 102 558 1224
1884 157 11868 | 92 688 1104 | 129 207 1548
1884 157 11088 | 132 168 1584 | 84 792 1008
1884 113 6210 | 108 120 1656 | 69 330 1485
1884 211 11424 | 84 168 1632 | 64 476 1344
1884 157 8280 | 90 138 1656 | 60 720 1104
1884 451 23184 | 84 144 1656 | 69 231 1584
1884 157 6720 | 64 140 1680 | 48 576 1260
1884 1249 53040 | 48 510 1326 | 52 272 1560
1884 14507 341550 | 25 594 1265 | 27 207 1650
1885 137 27300 | 520 525 840 | 455 650 780
1885 103 20520 | 513 532 840 | 450 675 760
1885 1 189 | 441 513 931 | 385 675 825
1885 7 1320 | 440 510 935 | 385 660 840
1885 8 1463 | 372 589 924 | 385 550 950
1885 83 15015 | 385 525 975 | 429 455 1001
1885 71 11475 | 270 765 850 | 275 675 935
1885 1 156 | 312 429 1144 | 260 650 975
1885 13 1848 | 255 440 1190 | 217 744 924
1885 109 12825 | 165 675 1045 | 175 513 1197
1885 11 1260 | 156 819 910 | 175 450 1260
1885 229 18700 | 170 175 1540 | 100 850 935
1885 13 1020 | 100 510 1275 | 116 290 1479
1885 13 945 | 135 175 1575 | 87 783 1015
1885 13 880 | 85 440 1360 | 80 760 1045
1885 4211 263340 | 99 190 1596 | 77 440 1368
1885 1 60 | 70 660 1155 | 80 285 1520
1885 8 455 | 70 385 1430 | 65 910 910
1885 79 4060 | 58 812 1015 | 70 220 1595
1885 409 16380 | 70 99 1716 | 52 195 1638
1885 43 900 | 22 675 1188 | 40 45 1800
1886 1 204 | 552 552 782 | 492 697 697
1886 1 176 | 328 656 902 | 368 506 1012
1886 361 62496 | 336 558 992 | 396 434 1056
1886 169 26334 | 252 798 836 | 266 594 1026
1886 1 150 | 276 460 1150 | 336 350 1200 | 246 615 1025
1886 443 64728 | 261 465 1160 | 248 522 1116
1886 43 5568 | 192 638 1056 | 261 320 1305
1886 109 12654 | 171 518 1197 | 222 296 1368
1886 25 2898 | 161 690 1035 | 184 414 1288
1886 277 31122 | 171 441 1274 | 152 798 936
1886 71 6930 | 126 770 990 | 150 350 1386
1886 9 874 | 171 266 1449 | 138 437 1311
1886 59 5544 | 140 360 1386 | 126 528 1232
1886 17 1472 | 138 276 1472 | 176 192 1518
1886 1483 124488 | 104 756 1026 | 126 304 1456
1886 229 17480 | 92 874 920 | 152 170 1564
1886 2 145 | 92 460 1334 | 88 638 1160
1886 1 66 | 92 276 1518 | 82 451 1353
1886 1 36 | 46 184 1656 | 41 369 1476
1886 569 19950 | 38 798 1050 | 50 126 1710
1886 479 16354 | 37 731 1118 | 38 442 1406
1886 619 16830 | 33 170 1683 | 30 360 1496
1886 197 5022 | 27 806 1053 | 38 81 1767
1886 7 152 | 24 266 1596 | 23 552 1311
1887 202 41055 | 483 690 714 | 510 595 782
1887 111 20300 | 425 476 986 | 350 725 812
1887 10 1827 | 435 462 990 | 348 756 783
1887 23 3900 | 312 600 975 | 300 690 897
1887 1 165 | 300 575 1012 | 370 407 1110
1887 95 15444 | 312 495 1080 | 273 756 858
1887 111 18032 | 368 392 1127 | 272 782 833
1887 1283 184800 | 225 672 990 | 231 600 1056
1887 67 9180 | 270 357 1260 | 204 765 918
1887 1 132 | 204 561 1122 | 222 444 1221
1887 5 552 | 148 851 888 | 195 312 1380
1887 37 3984 | 144 747 996 | 204 272 1411
1887 37 3060 | 153 204 1530 | 102 765 1020
1887 29453 1946835 | 95 253 1539 | 81 495 1311
1887 197 12240 | 72 880 935 | 85 272 1530
1887 3 136 | 72 132 1683 | 51 612 1224
1888 299 51170 | 301 782 805 | 387 430 1071
1888 11 1652 | 236 826 826 | 295 413 1180
1888 209 28980 | 308 315 1265 | 207 820 861
1888 19 2552 | 198 754 936 | 264 348 1276
1888 541 66220 | 198 430 1260 | 172 770 946
1888 71 7040 | 128 880 880 | 160 320 1408
1888 239 22440 | 187 216 1485 | 120 748 1020
1888 1 88 | 128 352 1408 | 118 472 1298 | 154 238 1496
1889 17 3432 | 468 693 728 | 520 555 814
1889 893 141372 | 308 459 1122 | 264 680 945
1889 67 9108 | 207 638 1044 | 264 360 1265
1889 37 4485 | 195 429 1265 | 207 377 1305
1889 1019 96460 | 195 210 1484 | 140 371 1378
1889 1579 19656 | 14 120 1755 | 13 364 1512
1890 1 208 | 585 585 720 | 546 672 672
1890 3 616 | 560 560 770 | 504 693 693
1890 1 200 | 450 720 720 | 525 525 840
1890 1 196 | 504 504 882 | 420 735 735
1890 7 1350 | 405 675 810 | 450 540 900
1890 7 1296 | 432 486 972 | 360 720 810
1890 3 550 | 350 770 770 | 450 450 990
1890 23 4200 | 360 630 900 | 350 700 840
1890 7 1224 | 360 510 1020 | 324 648 918
1890 103 16830 | 360 408 1122 | 275 765 850
1890 1 162 | 378 378 1134 | 270 810 810
1890 1 156 | 360 360 1170 | 252 819 819
1890 21 3200 | 250 640 1000 | 288 450 1152
1890 2437 371280 | 336 364 1190 | 255 595 1040
1890 7 1040 | 234 720 936 | 300 390 1200
1890 7 1020 | 225 765 900 | 306 360 1224
1890 1 140 | 315 315 1260 | 210 840 840
1890 157 21840 | 208 812 870 | 224 546 1120
1890 13 1800 | 240 450 1200 | 280 350 1260
1890 129 17710 | 275 350 1265 | 207 693 990
1890 49 6600 | 198 792 900 | 200 715 975
1890 17 2184 | 208 464 1218 | 189 648 1053
1890 3 380 | 180 855 855 | 280 280 1330
1890 1 126 | 210 420 1260 | 189 567 1134
1890 7 880 | 240 330 1320 | 180 720 990
1890 211 26418 | 185 595 1110 | 252 306 1332
1890 329 38760 | 190 408 1292 | 165 680 1045
1890 3 350 | 180 450 1260 | 175 490 1225
1890 7 760 | 150 600 1140 | 180 342 1368
1890 101 10710 | 210 252 1428 | 140 850 900
1890 119 12480 | 144 576 1170 | 138 832 920
1890 97 10080 | 210 240 1440 | 140 630 1120
1890 7 702 | 150 390 1350 | 162 324 1404 | 135 585 1170
1890 1 98 | 210 210 1470 | 126 882 882
1890 3 280 | 140 350 1400 | 126 504 1260
1890 7 594 | 135 270 1485 | 108 594 1188
1890 18119 1424430 | 114 306 1470 | 98 595 1197
1890 1 75 | 130 200 1560 | 90 900 900
1890 719 48510 | 98 252 1540 | 90 330 1470
1890 3 182 | 126 126 1638 | 70 910 910
1890 191 11550 | 98 175 1617 | 70 770 1050
1890 419 22050 | 70 245 1575 | 75 198 1617
1890 7 366 | 60 610 1220 | 81 162 1647
1890 21 820 | 50 200 1640 | 45 369 1476
1890 21 740 | 45 180 1665 | 40 370 1480
1890 3 52 | 35 35 1820 | 18 936 936
1890 21 352 | 20 110 1760 | 18 288 1584
1890 7 100 | 15 375 1500 | 18 72 1800
1891 13 2695 | 539 637 715 | 561 595 735
1891 22 3627 | 279 806 806 | 372 403 1116
1891 1891 310080 | 323 480 1088 | 285 646 960
1891 86 13685 | 350 391 1150 | 276 595 1020
1891 5 732 | 305 366 1220 | 244 549 1098
1891 47 5852 | 209 406 1276 | 176 784 931
1891 1 120 | 186 465 1240 | 183 488 1220 | 176 560 1155
1891 29 3255 | 155 651 1085 | 217 279 1395
1891 1 105 | 210 246 1435 | 155 434 1302
1891 41 2660 | 105 190 1596 | 76 770 1045
1891 239 6944 | 31 868 992 | 32 403 1456
1892 1 210 | 602 645 645 | 616 616 660
1892 43 8400 | 462 550 880 | 420 672 800
1892 1 192 | 448 532 912 | 396 704 792
1892 71 13260 | 374 660 858 | 420 520 952
1892 1 182 | 429 462 1001 | 392 520 980
1892 13 2240 | 380 448 1064 | 308 704 880
1892 751 120120 | 294 520 1078 | 264 770 858
1892 3 476 | 272 612 1008 | 308 462 1122
1892 1 156 | 342 380 1170 | 280 520 1092
1892 1063 161460 | 260 552 1080 | 345 351 1196
1892 5 756 | 260 540 1092 | 308 396 1188
1892 23 3366 | 242 561 1089 | 272 432 1188
1892 373 52416 | 224 576 1092 | 247 448 1197
1892 59 7980 | 210 580 1102 | 252 380 1260
1892 43 5406 | 187 583 1122 | 212 408 1272
1892 89 11088 | 176 792 924 | 198 462 1232
1892 43 5280 | 176 660 1056 | 220 352 1320
1892 73 8840 | 182 520 1190 | 260 272 1360
1892 709 85680 | 252 280 1360 | 170 714 1008
1892 2083 235620 | 170 462 1260 | 154 748 990
1892 73 7616 | 152 448 1292 | 192 272 1428
1892 43 4356 | 198 242 1452 | 132 792 968
1892 113 11440 | 140 520 1232 | 176 286 1430
1892 43 4140 | 132 495 1265 | 144 368 1380
1892 1 88 | 110 792 990 | 129 344 1419
1892 167 14364 | 152 228 1512 | 132 297 1463
1892 197 16720 | 110 528 1254 | 152 220 1520
1892 37 3080 | 176 176 1540 | 110 462 1320
1892 1 72 | 86 774 1032 | 132 176 1584
1892 53 3780 | 99 308 1485 | 116 210 1566
1892 1273 77616 | 99 176 1617 | 72 588 1232
1892 19 1100 | 77 275 1540 | 110 132 1650
1892 43 2340 | 66 396 1430 | 72 260 1560
1892 817 28764 | 42 252 1598 | 47 153 1692
1892 67 1989 | 32 612 1248 | 52 72 1768
1892 281 7752 | 33 187 1672 | 32 228 1632
1893 59 11340 | 399 684 810 | 405 648 840
1893 631 120120 | 462 495 936 | 385 728 780
1893 415 78624 | 468 480 945 | 392 637 864
1893 373 69564 | 374 651 868 | 372 663 858
1893 631 95760 | 240 798 855 | 336 360 1197
1893 7627 1099560 | 255 462 1176 | 220 833 840
1893 47 6669 | 216 741 936 | 221 646 1026
1893 193 23205 | 210 357 1326 | 255 273 1365
1893 631 71400 | 153 840 900 | 238 255 1400
1893 97 7956 | 108 459 1326 | 143 220 1530
1893 3 220 | 88 760 1045 | 144 165 1584
1893 131 9108 | 88 437 1368 | 99 276 1518
1893 121 5928 | 78 143 1672 | 57 468 1368
1893 1481 59280 | 48 285 1560 | 80 84 1729
1893 29 1155 | 44 645 1204 | 45 462 1386
1894 31 6090 | 490 522 882 | 464 560 870
1894 119 20240 | 299 715 880 | 322 560 1012
1894 107 14400 | 228 450 1216 | 200 704 990
1894 53 5742 | 154 522 1218 | 144 870 880
1894 1501 144144 | 126 624 1144 | 144 364 1386
1894 305 27846 | 119 585 1190 | 126 442 1326
1894 73 6160 | 104 880 910 | 112 462 1320
1894 109 8976 | 102 704 1088 | 144 220 1530
1894 67 5040 | 112 270 1512 | 144 175 1575
1894 275 14994 | 102 126 1666 | 70 294 1530
1895 17 3432 | 520 550 825 | 504 572 819
1895 142 24885 | 395 450 1050 | 315 790 790
1895 101 17325 | 374 450 1071 | 350 495 1050
1895 8 1309 | 275 770 850 | 280 680 935
1895 89 14280 | 280 595 1020 | 270 680 945
1895 379 48024 | 184 667 1044 | 230 360 1305
1895 67 7560 | 180 392 1323 | 225 270 1400
1895 1 75 | 140 180 1575 | 90 855 950
1895 22 1575 | 120 200 1575 | 90 475 1330
1895 53 3600 | 85 450 1360 | 80 825 990
1895 157 10640 | 95 280 1520 | 80 770 1045
1895 11 720 | 90 285 1520 | 80 495 1320
1895 379 8925 | 35 75 1785 | 25 595 1275
1895 17 315 | 36 39 1820 | 20 300 1575
1896 125 24024 | 440 546 910 | 468 504 924
1896 71 13440 | 400 600 896 | 384 672 840
1896 79 14784 | 384 616 896 | 396 576 924
1896 79 14364 | 342 756 798 | 432 456 1008
1896 1 180 | 360 576 960 | 336 720 840
1896 159 27664 | 342 546 1008 | 416 416 1064
1896 79 13104 | 288 672 936 | 336 468 1092
1896 31 4680 | 286 440 1170 | 240 720 936
1896 1051 153846 | 297 378 1221 | 231 666 999
1896 13 1848 | 216 756 924 | 224 616 1056
1896 33 4480 | 252 384 1260 | 200 800 896
1896 563 74820 | 258 348 1290 | 215 492 1189
1896 2839 368280 | 216 440 1240 | 279 297 1320
1896 187 24180 | 186 780 930 | 195 585 1116
1896 73 9240 | 240 336 1320 | 180 792 924
1896 23 2688 | 160 840 896 | 168 576 1152
1896 193 21840 | 168 480 1248 | 195 336 1365
1896 97 10512 | 144 876 876 | 162 438 1296
1896 79 7854 | 153 357 1386 | 136 528 1232
1896 383 37128 | 168 272 1456 | 156 312 1428
1896 47 4440 | 132 444 1320 | 120 888 888
1896 79 7434 | 126 531 1239 | 144 336 1416
1896 1279 113220 | 111 765 1020 | 144 272 1480
1896 237 20900 | 176 200 1520 | 110 836 950
1896 37 3162 | 136 272 1488 | 111 527 1258
1896 29 2184 | 91 741 1064 | 104 336 1456
1896 11 756 | 96 288 1512 | 81 891 924
1896 227 14742 | 81 429 1386 | 91 266 1539
1896 43 2592 | 96 180 1620 | 102 162 1632
1896 79 3864 | 72 168 1656 | 56 552 1288
1896 21 920 | 56 230 1610 | 60 180 1656
1896 79 2604 | 36 558 1302 | 48 112 1736
1896 237 5720 | 32 104 1760 | 26 440 1430
1897 271 46440 | 301 756 840 | 387 430 1080
1897 172 29295 | 378 434 1085 | 310 621 966
1897 271 39600 | 315 350 1232 | 225 792 880
1897 167 21824 | 217 448 1232 | 192 682 1023
1897 1897 243984 | 184 816 897 | 272 299 1326
1897 31 3927 | 231 357 1309 | 182 714 1001
1897 271 32760 | 168 819 910 | 252 280 1365
1897 115 13832 | 168 741 988 | 180 520 1197
1897 83 9576 | 168 532 1197 | 207 322 1368
1897 74 7245 | 126 805 966 | 168 280 1449
1897 13 1176 | 189 196 1512 | 147 280 1470
1897 2987 265475 | 175 205 1517 | 111 861 925
1897 133 10120 | 92 760 1045 | 115 264 1518
1897 119 8060 | 130 155 1612 | 92 310 1495
1897 401 25872 | 77 588 1232 | 112 168 1617
1897 271 8820 | 35 882 980 | 63 70 1764
1897 1007 25704 | 28 357 1512 | 27 918 952
1897 1253 29700 | 25 792 1080 | 27 220 1650
1898 1 198 | 438 657 803 | 440 648 810 | 468 572 858
1898 13 2520 | 414 644 840 | 440 567 891 | 468 520 910
1898 73 13230 | 351 637 910 | 378 540 980
1898 13 2190 | 292 730 876 | 365 438 1095
1898 113 17640 | 342 380 1176 | 288 490 1120
1898 949 142692 | 264 506 1128 | 253 564 1081
1898 433 65100 | 248 600 1050 | 325 364 1209
1898 11 1638 | 234 728 936 | 273 455 1170
1898 3 440 | 270 440 1188 | 330 336 1232
1898 4 585 | 260 468 1170 | 234 624 1040
1898 139 19872 | 288 368 1242 | 299 351 1248
1898 7 990 | 234 520 1144 | 308 330 1260
1898 307 42630 | 245 435 1218 | 232 490 1176
1898 949 122360 | 190 644 1064 | 230 380 1288
1898 17 2170 | 217 410 1271 | 182 806 910
1898 5 616 | 198 440 1260 | 182 572 1144
1898 59 7140 | 204 385 1309 | 170 720 1008
1898 949 108500 | 248 250 1400 | 155 868 875
1898 19 2160 | 156 702 1040 | 216 290 1392
1898 409 46410 | 170 468 1260 | 182 390 1326
1898 119 12870 | 182 330 1386 | 234 234 1430
1898 107 11440 | 208 260 1430 | 143 715 1040
1898 73 7280 | 130 728 1040 | 182 260 1456
1898 13 1265 | 130 572 1196 | 138 440 1320
1898 359 30160 | 116 390 1392 | 104 754 1040
1898 1897 153450 | 150 198 1550 | 100 682 1116
1898 655 44982 | 98 270 1530 | 85 490 1323
1898 73 4040 | 80 202 1616 | 65 520 1313
1898 251 5950 | 26 325 1547 | 28 170 1700
1898 949 7452 | 12 23 1863 | 8 648 1242
1899 633 123760 | 455 560 884 | 420 663 816
1899 13 2268 | 378 468 1053 | 324 630 945
1899 3 520 | 312 690 897 | 380 455 1064
1899 97 14040 | 234 585 1080 | 312 345 1242
1899 211 30360 | 297 360 1242 | 220 759 920
1899 16 2079 | 234 378 1287 | 198 567 1134
1899 137 16065 | 180 459 1260 | 195 378 1326
1899 633 63440 | 130 793 976 | 195 240 1464
1899 17 1560 | 135 360 1404 | 117 702 1080
1899 6193 556920 | 119 520 1260 | 126 408 1365
1899 9 715 | 117 297 1485 | 105 429 1365
1899 211 15624 | 93 504 1302 | 108 279 1512
1899 211 14364 | 114 189 1596 | 81 684 1134
1899 23 1560 | 92 312 1495 | 81 648 1170
1899 178 11685 | 95 246 1558 | 84 380 1435
1899 211 13104 | 117 144 1638 | 72 819 1008
1899 211 10164 | 54 756 1089 | 84 121 1694
1899 23 525 | 43 50 1806 | 24 875 1000
1900 1 210 | 600 600 700 | 570 665 665
1900 19 3900 | 500 650 750 | 520 600 780
1900 1 190 | 380 760 760 | 475 475 950
1900 31 5520 | 330 690 880 | 336 644 920
1900 113 19890 | 360 520 1020 | 405 442 1053
1900 329 56430 | 380 440 1080 | 342 513 1045
1900 11 1820 | 340 455 1105 | 280 780 840 | 364 416 1120
1900 61 10080 | 360 420 1120 | 280 756 864
1900 323 49500 | 275 500 1125 | 250 660 990
1900 1 140 | 210 780 910 | 280 360 1260 | 228 532 1140
1900 1 136 | 304 304 1292 | 200 850 850 | 234 442 1224
1900 19 2550 | 250 375 1275 | 200 680 1020
1900 1283 171600 | 200 660 1040 | 195 825 880
1900 19 2520 | 210 520 1170 | 221 455 1224
1900 1 132 | 200 600 1100 | 228 418 1254
1900 31 3990 | 285 285 1330 | 210 455 1235
1900 10849 1391040 | 210 448 1242 | 184 756 960
1900 61 7740 | 210 430 1260 | 180 860 860
1900 397 47880 | 210 360 1330 | 171 665 1064
1900 19 2100 | 150 700 1050 | 200 300 1400
1900 323 33120 | 184 276 1440 | 160 360 1380
1900 17 1610 | 133 437 1330 | 195 210 1495
1900 271 22100 | 108 442 1350 | 100 780 1020
1900 19 1540 | 100 700 1100 | 140 220 1540
1900 107 7280 | 85 455 1360 | 80 910 910
1900 19 1260 | 80 560 1260 | 100 225 1575
1900 1 64 | 76 608 1216 | 100 200 1600
1900 29 1820 | 76 494 1330 | 80 364 1456
1900 199 10560 | 60 880 960 | 64 396 1440
1900 227 11550 | 75 175 1650 | 60 440 1400
1900 19 450 | 25 750 1125 | 40 60 1800
1901 17 3420 | 495 570 836 | 456 680 765
1901 29 4180 | 220 779 902 | 286 380 1235
1902 157 30030 | 420 572 910 | 390 693 819
1902 253 48006 | 378 762 762 | 381 702 819
1902 79 11730 | 270 459 1173 | 238 644 1020
1902 37 5400 | 264 450 1188 | 270 432 1200
1902 7 990 | 315 322 1265 | 220 638 1044
1902 389 50490 | 187 770 945 | 204 510 1188
1902 113 14586 | 264 312 1326 | 187 714 1001
1902 47 5544 | 252 264 1386 | 168 612 1122
1902 11 1260 | 207 315 1380 | 168 510 1224
1902 139 15288 | 147 819 936 | 154 572 1176
1902 59 4968 | 138 252 1512 | 108 552 1242
1902 6371 519792 | 102 624 1176 | 147 208 1547
1902 1247 80850 | 78 550 1274 | 110 175 1617
1902 359 21960 | 72 610 1220 | 120 135 1647
1902 829 43758 | 77 187 1638 | 102 117 1683
1902 31 1443 | 54 444 1404 | 52 740 1110
1902 83 2340 | 39 108 1755 | 30 936 936
1903 13 2640 | 528 550 825 | 468 715 720
1903 59 9240 | 308 440 1155 | 288 495 1120
1903 1829 176715 | 135 459 1309 | 187 231 1485
1903 23 1785 | 153 175 1575 | 99 495 1309
1903 1 48 | 55 528 1320 | 54 688 1161
1904 1 210 | 595 595 714 | 560 672 672
1904 1 204 | 544 544 816 | 476 714 714
1904 5 1008 | 476 612 816 | 504 560 840
1904 33 6440 | 455 552 897 | 420 644 840
1904 7 1320 | 384 640 880 | 408 561 935
1904 13 2352 | 336 784 784 | 392 504 1008
1904 79 14280 | 357 595 952 | 408 476 1020
1904 127 21560 | 308 616 980 | 294 770 840
1904 7 1178 | 323 527 1054 | 304 608 992
1904 443 72072 | 308 504 1092 | 364 396 1144
1904 1 144 | 224 672 1008 | 272 408 1224
1904 1 140 | 210 770 924 | 224 560 1120 | 238 476 1190
1904 43 5880 | 210 616 1078 | 252 392 1260
1904 25 3192 | 210 440 1254 | 196 532 1176
1904 19 2376 | 176 864 864 | 189 539 1176
1904 1 104 | 136 884 884 | 224 224 1456
1904 31 3080 | 154 350 1400 | 128 880 896
1904 59 5236 | 119 476 1309 | 112 704 1088
1904 1 84 | 154 210 1540 | 119 357 1428 | 112 448 1344
1904 679 53040 | 136 208 1560 | 102 442 1360
1904 73 5040 | 110 210 1584 | 84 560 1260
1904 43 2772 | 96 224 1584 | 99 209 1596
1904 661 34944 | 84 156 1664 | 64 384 1456
1904 7 368 | 64 368 1472 | 68 272 1564
1904 101 5040 | 80 144 1680 | 56 840 1008
1904 115 5544 | 56 462 1386 | 54 770 1080
1904 7 330 | 95 99 1710 | 55 430 1419
1904 67 3080 | 55 344 1505 | 56 308 1540
1904 41 1680 | 56 168 1680 | 45 819 1040
1904 19 756 | 45 455 1404 | 64 112 1728
1904 7 198 | 34 187 1683 | 32 288 1584
1905 23 4455 | 429 585 891 | 405 675 825
1905 373 69540 | 380 610 915 | 366 684 855
1905 127 23184 | 414 483 1008 | 345 720 840
1905 34 5775 | 385 420 1100 | 330 525 1050
1905 127 21000 | 280 750 875 | 360 420 1125
1905 134 21945 | 285 630 990 | 380 385 1140
1905 1929 261800 | 231 450 1224 | 200 770 935
1905 127 16632 | 270 315 1320 | 189 792 924
1905 751 98280 | 189 780 936 | 195 630 1080
1905 17 1848 | 150 600 1155 | 165 420 1320
1905 37 3990 | 200 280 1425 | 145 696 1064
1905 31 2856 | 189 204 1512 | 120 595 1190
1905 9 700 | 100 475 1330 | 150 180 1575
1905 2183 163800 | 90 840 975 | 130 200 1575
1905 1 75 | 90 825 990 | 100 380 1425
1905 157 11700 | 90 715 1100 | 120 225 1560
1905 107 7128 | 78 891 936 | 120 165 1620 | 81 528 1296
1905 127 7896 | 120 140 1645 | 72 846 987
1905 431 26520 | 72 663 1170 | 85 260 1560
1905 127 7695 | 75 405 1425 | 81 285 1539
1905 197 9975 | 57 798 1050 | 60 420 1425
1905 127 2436 | 36 42 1827 | 20 870 1015
1905 1789 34272 | 21 252 1632 | 20 765 1120
1906 625 97614 | 306 440 1160 | 319 414 1173
1906 53 7560 | 216 780 910 | 217 744 945
1906 1237 155610 | 234 342 1330 | 190 546 1170
1906 463 43290 | 143 333 1430 | 130 444 1332
1906 443 39312 | 112 702 1092 | 135 315 1456
1906 3469 282744 | 102 616 1188 | 143 216 1547
1906 7 540 | 130 216 1560 | 93 868 945
1906 209 13104 | 112 156 1638 | 91 231 1584
1906 13 570 | 57 215 1634 | 70 126 1710
1906 107 4290 | 44 770 1092 | 60 130 1716
1906 3881 121550 | 50 88 1768 | 34 572 1300
1907 22 4095 | 455 462 990 | 360 728 819
1907 79 13340 | 368 435 1104 | 290 805 812
1907 107 17425 | 287 595 1025 | 275 697 935
1907 23 3640 | 272 595 1040 | 308 455 1144
1907 757 101024 | 224 451 1232 | 287 308 1312
1907 767 94050 | 264 275 1368 | 171 836 900
1907 139 16405 | 170 579 1158 | 195 386 1326
1907 77863 8595600 | 156 551 1200 | 190 325 1392
1907 8023 816816 | 144 476 1287 | 187 264 1456
1907 71 5797 | 102 627 1178 | 143 217 1547
1907 17 1344 | 147 192 1568 | 99 576 1232
1907 361 28152 | 136 207 1564 | 102 437 1368
1907 47 1904 | 48 312 1547 | 51 224 1632
1907 497 19800 | 48 275 1584 | 45 462 1400
1907 22 455 | 22 455 1430 | 35 52 1820
1908 23 4680 | 504 585 819 | 468 720 720
1908 17 3420 | 513 540 855 | 456 660 792
1908 1 200 | 450 648 810 | 456 627 825
1908 59 11550 | 450 567 891 | 418 665 825
1908 17 3276 | 396 693 819 | 468 504 936
1908 83 15480 | 360 774 774 | 387 585 936
1908 3 530 | 424 424 1060 | 318 795 795
1908 37 6426 | 378 459 1071 | 408 420 1080
1908 1 168 | 371 424 1113 | 288 756 864
1908 67 9900 | 270 450 1188 | 228 825 855
1908 97 14076 | 276 408 1224 | 252 483 1173
1908 101 14508 | 234 558 1116 | 288 372 1248
1908 3 424 | 212 848 848 | 318 318 1272
1908 349 41580 | 252 270 1386 | 168 660 1080
1908 35 3744 | 208 260 1440 | 144 672 1092
1908 2929 308880 | 144 594 1170 | 156 432 1320
1908 7 720 | 144 504 1260 | 180 288 1440
1908 5 432 | 108 720 1080 | 144 252 1512
1908 1559 133980 | 110 580 1218 | 165 203 1540
1908 843 59644 | 148 148 1612 | 93 372 1443
1908 169 11340 | 120 168 1620 | 81 567 1260
1908 353 18480 | 88 140 1680 | 60 616 1232
1908 509 23940 | 84 114 1710 | 60 252 1596
1908 3 124 | 48 372 1488 | 53 212 1643
1909 1 180 | 332 747 830 | 414 460 1035 | 336 693 880 | 370 540 999
1909 199 31920 | 285 560 1064 | 336 418 1155
1909 389 62040 | 264 705 940 | 275 600 1034
1909 1 154 | 245 784 880 | 253 644 1012
1909 37 4600 | 184 575 1150 | 175 782 952
1909 41 5016 | 209 380 1320 | 228 328 1353
1909 26 3059 | 161 874 874 | 184 437 1288
1909 271 31464 | 161 684 1064 | 184 414 1311
1909 17 1160 | 85 464 1360 | 140 145 1624
1909 751 23800 | 34 875 1000 | 50 91 1768
1910 1 210 | 550 660 700 | 560 630 720
1910 4297 850850 | 476 550 884 | 425 715 770
1910 701 121210 | 310 680 920 | 391 434 1085
1910 53 8800 | 330 480 1100 | 350 440 1120
1910 3 494 | 380 390 1140 | 285 650 975
1910 37 6032 | 272 754 884 | 290 580 1040
1910 211 30914 | 246 533 1131 | 290 390 1230
1910 11 1575 | 220 700 990 | 300 350 1260
1910 227 31350 | 220 550 1140 | 209 675 1026
1910 37 4968 | 200 675 1035 | 216 506 1188
1910 13 1520 | 228 290 1392 | 160 800 950
1910 1889 220480 | 212 320 1378 | 195 371 1344
1910 409 47600 | 238 272 1400 | 200 350 1360
1910 211 23400 | 150 720 1040 | 195 315 1400
1910 1 110 | 220 260 1430 | 176 374 1360 | 150 660 1100
1910 11 910 | 105 570 1235 | 168 182 1560
1910 617 46410 | 91 714 1105 | 105 323 1482
1910 23 1680 | 90 560 1260 | 105 285 1520
1910 239 14490 | 90 210 1610 | 70 805 1035
1910 1517 67830 | 51 494 1365 | 57 238 1615
1911 11 2205 | 455 637 819 | 441 735 735
1911 91 18240 | 448 665 798 | 480 576 855
1911 43 8580 | 455 616 840 | 468 585 858
1911 49 9735 | 429 715 767 | 495 531 885
1911 7 1332 | 378 756 777 | 468 481 962
1911 5 936 | 390 585 936 | 364 728 819
1911 637 118932 | 374 636 901 | 396 561 954
1911 91 16920 | 360 705 846 | 420 504 987
1911 1289 235620 | 360 616 935 | 357 630 924
1911 17 3087 | 441 441 1029 | 343 686 882
1911 31 5616 | 351 624 936 | 336 756 819
1911 14 2535 | 338 715 858 | 390 507 1014
1911 5 891 | 324 759 828 | 429 429 1053
1911 119 21060 | 390 468 1053 | 324 690 897
1911 13 2268 | 336 567 1008 | 324 621 966
1911 91 15840 | 315 672 924 | 360 495 1056
1911 23 3978 | 312 663 936 | 364 476 1071
1911 7 1200 | 312 624 975 | 336 525 1050
1911 21 3256 | 259 616 1036 | 286 481 1144
1911 13 1995 | 245 735 931 | 315 399 1197
1911 31 4620 | 245 588 1078 | 231 840 840
1911 7 1035 | 230 738 943 | 228 828 855
1911 273 39160 | 220 712 979 | 280 385 1246
1911 21 2860 | 286 325 1300 | 264 360 1287
1911 16 2145 | 210 546 1155 | 195 858 858
1911 32 4095 | 182 819 910 | 195 546 1170
1911 637 80040 | 232 345 1334 | 180 696 1035
1911 637 77520 | 171 720 1020 | 228 323 1360
1911 53 6435 | 231 315 1365 | 195 429 1287
1911 7 780 | 182 364 1365 | 156 585 1170
1911 4 429 | 156 468 1287 | 195 286 1430
1911 13 1380 | 140 805 966 | 210 252 1449
1911 91 8901 | 161 301 1449 | 129 621 1161
1911 19 1785 | 130 455 1326 | 119 840 952
1911 103 9360 | 117 624 1170 | 140 315 1456
1911 7 627 | 143 286 1482 | 126 399 1386
1911 7 612 | 117 468 1326 | 126 357 1428
1911 13 1035 | 161 175 1575 | 117 299 1495
1911 273 16480 | 103 160 1648 | 70 721 1120
1911 13 720 | 63 840 1008 | 105 126 1680
1911 91 4941 | 81 183 1647 | 63 567 1281
1911 3 133 | 91 91 1729 | 49 931 931
1911 91 1776 | 24 111 1776 | 21 336 1554
1912 181 35112 | 456 532 924 | 440 560 912
1912 451 86940 | 391 756 765 | 432 560 920
1912 53 10080 | 448 504 960 | 416 560 936
1912 157 28080 | 330 702 880 | 364 540 1008
1912 15 2464 | 288 616 1008 | 330 462 1120
1912 499 73780 | 248 544 1120 | 238 620 1054
1912 19 2380 | 190 532 1190 | 272 280 1360
1912 131 14280 | 204 280 1428 | 152 570 1190
1912 199 20020 | 130 858 924 | 176 280 1456
1912 191 11592 | 72 552 1288 | 112 144 1656
1912 2383 142120 | 88 209 1615 | 76 340 1496
1912 523 28980 | 66 460 1386 | 63 860 989
1912 131 6930 | 63 430 1419 | 88 144 1680
1912 505 17316 | 38 468 1406 | 37 900 975
1913 149 29925 | 450 665 798 | 483 575 855
1913 5 952 | 434 527 952 | 392 637 884
1913 365 66248 | 338 735 840 | 392 507 1014
1913 557 87516 | 351 374 1188 | 260 663 990
1913 2497 283185 | 174 434 1305 | 203 315 1395
1913 103 10440 | 205 232 1476 | 144 464 1305
1913 13 1309 | 203 231 1479 | 153 374 1386
1913 47 4420 | 143 340 1430 | 119 884 910
1913 83 7020 | 108 570 1235 | 105 728 1080
1913 4747 382200 | 98 840 975 | 100 637 1176
1913 2521 171600 | 104 225 1584 | 80 858 975
1913 62 3675 | 72 441 1400 | 98 165 1650
1913 185 9792 | 60 765 1088 | 64 387 1462
1913 506 17353 | 37 938 938 | 38 469 1406
1913 121 3570 | 48 80 1785 | 33 340 1540
1913 6302 53505 | 10 58 1845 | 9 164 1740
1914 389 77616 | 504 528 882 | 495 539 880
1914 1 189 | 396 594 924 | 378 672 864
1914 1 180 | 330 792 792 | 435 435 1044
1914 1 174 | 348 522 1044 | 319 638 957
1914 5 792 | 261 696 957 | 264 660 990
1914 19 2970 | 297 462 1155 | 330 396 1188
1914 161 23760 | 297 385 1232 | 240 594 1080
1914 367 50388 | 204 741 969 | 234 456 1224
1914 9 1210 | 220 484 1210 | 198 726 990
1914 61 8190 | 198 715 1001 | 234 420 1260
1914 25 3276 | 231 396 1287 | 189 780 945
1914 1 120 | 174 580 1160 | 198 396 1320 | 180 510 1224
1914 61 6930 | 198 330 1386 | 154 770 990
1914 205 22176 | 176 352 1386 | 210 264 1440
1914 1 105 | 180 306 1428 | 154 440 1320
1914 1009 87780 | 165 209 1540 | 112 570 1232
1914 127 5928 | 52 798 1064 | 54 456 1404
1914 17 660 | 55 143 1716 | 51 180 1683
1914 1081 41580 | 42 792 1080 | 44 385 1485
1914 149 5304 | 68 78 1768 | 39 600 1275
1914 193 4830 | 33 110 1771 | 28 276 1610
1914 41 924 | 24 504 1386 | 39 55 1820
1915 111 20240 | 340 759 816 | 345 690 880
1915 34 5655 | 290 650 975 | 364 420 1131
1915 3 425 | 225 585 1105 | 300 340 1275
1915 241 28875 | 225 315 1375 | 165 875 875
1915 41 4200 | 200 245 1470 | 135 700 1080
1915 59 5460 | 130 420 1365 | 144 315 1456
1915 1 88 | 110 760 1045 | 175 200 1540
1915 53 4620 | 110 665 1140 | 165 210 1540
1915 209 16800 | 160 180 1575 | 147 200 1568
1915 23 1800 | 100 495 1320 | 130 225 1560 | 140 200 1575
1915 29 2223 | 95 585 1235 | 123 234 1558
1915 4 231 | 75 300 1540 | 66 903 946
1915 526 29169 | 66 463 1386 | 63 926 926
1915 671 21840 | 40 195 1680 | 35 840 1040
1916 61 12870 | 585 605 726 | 572 624 720
1916 163 28050 | 350 495 1071 | 408 408 1100
1916 43 7038 | 272 816 828 | 299 546 1071
1916 139 21420 | 306 420 1190 | 260 585 1071
1916 307 44460 | 288 380 1248 | 234 580 1102
1916 59 8316 | 252 432 1232 | 220 616 1080
1916 2117 296010 | 208 828 880 | 299 330 1287
1916 1277 172900 | 266 350 1300 | 200 728 988
1916 1051 136136 | 208 476 1232 | 187 728 1001
1916 3253 406980 | 252 304 1360 | 180 665 1071
1916 193 23760 | 189 495 1232 | 176 660 1080
1916 17 2080 | 182 544 1190 | 200 416 1300
1916 529 57304 | 152 546 1218 | 171 377 1368
1916 31 3276 | 208 252 1456 | 182 306 1428
1916 799 79170 | 145 406 1365 | 182 255 1479
1916 431 41496 | 156 304 1456 | 168 266 1482
1916 1097 97020 | 110 882 924 | 180 196 1540
1916 2741 240240 | 168 208 1540 | 130 330 1456
1916 23 2002 | 182 187 1547 | 112 572 1232
1916 19 1404 | 116 234 1566 | 96 416 1404
1916 391 27720 | 112 220 1584 | 90 440 1386
1916 103 6080 | 76 320 1520 | 68 760 1088
1916 173 8778 | 57 858 1001 | 76 168 1672
1916 27 1330 | 57 494 1365 | 60 336 1520
1916 877 33440 | 44 352 1520 | 76 80 1760
1916 85 3168 | 44 288 1584 | 66 90 1760
1917 73 14256 | 405 720 792 | 432 594 891
1917 20 3591 | 342 630 945 | 378 513 1026
1917 23 3960 | 300 792 825 | 330 552 1035
1917 1117 188100 | 300 627 990 | 342 475 1100
1917 59 5940 | 216 216 1485 | 135 594 1188
1917 1523 114855 | 91 741 1085 | 93 589 1235
1917 11 612 | 102 132 1683 | 68 387 1462
1917 87 4760 | 68 344 1505 | 63 630 1224
1918 29 5880 | 455 728 735 | 490 588 840
1918 47 7140 | 238 840 840 | 252 595 1071
1918 1123 170170 | 238 770 910 | 286 442 1190
1918 521 72800 | 208 800 910 | 224 550 1144
1918 7 920 | 216 460 1242 | 253 345 1320
1918 77 9936 | 208 468 1242 | 184 816 918
1918 115 14364 | 189 532 1197 | 270 280 1368
1918 1877 225680 | 182 496 1240 | 217 336 1365
1918 17 2016 | 168 630 1120 | 224 308 1386
1918 19 2142 | 154 693 1071 | 238 252 1428
1918 1123 114114 | 182 273 1463 | 132 798 988
1918 1 98 | 126 784 1008 | 168 280 1470
1918 5873 559130 | 132 460 1326 | 170 253 1495
1918 55 5208 | 120 868 930 | 189 217 1512
1918 1193 111384 | 119 728 1071 | 136 378 1404
1918 133 7990 | 85 235 1598 | 70 658 1190
1918 259 13110 | 72 190 1656 | 69 215 1634
1918 1673 49764 | 32 638 1248 | 33 377 1508
1918 329 9570 | 31 930 957 | 33 290 1595
1918 349 4410 | 14 140 1764 | 13 735 1170
1919 7 1105 | 351 378 1190 | 255 780 884
1919 191 29920 | 275 544 1100 | 255 704 960
1919 235 36309 | 245 819 855 | 247 741 931
1919 19 2856 | 238 697 984 | 255 544 1120
1919 1735 188496 | 176 357 1386 | 144 840 935
1919 1193 91080 | 99 440 1380 | 92 792 1035
1919 17 855 | 95 114 1710 | 57 665 1197
1919 19 936 | 99 104 1716 | 57 494 1368
1919 19 920 | 60 299 1560 | 56 483 1380
1919 551 16744 | 44 104 1771 | 56 69 1794
1920 37 7392 | 462 594 864 | 480 560 880
1920 1 192 | 480 480 960 | 384 768 768
1920 899 171600 | 396 624 900 | 390 650 880
1920 29 5460 | 462 468 990 | 420 525 975
1920 241 43092 | 324 798 798 | 399 468 1053
1920 27 4760 | 315 765 840 | 380 476 1064
1920 27 4408 | 380 380 1160 | 296 551 1073
1920 11 1680 | 300 420 1200 | 240 840 840
1920 73 10800 | 240 600 1080 | 270 450 1200
1920 367 49140 | 195 780 945 | 210 540 1170
1920 7 900 | 210 450 1260 | 270 300 1350
1920 81 9724 | 170 650 1100 | 198 396 1326
1920 3 352 | 160 880 880 | 256 256 1408
1920 397 46200 | 165 600 1155 | 220 300 1400
1920 691 77220 | 220 270 1430 | 156 594 1170
1920 43 4680 | 156 504 1260 | 150 600 1170
1920 49 5280 | 144 720 1056 | 160 440 1320
1920 9 952 | 170 350 1400 | 152 476 1292
1920 107 9660 | 126 414 1380 | 115 665 1140
1920 283 23100 | 100 770 1050 | 165 180 1575
1920 251 17820 | 135 165 1620 | 84 891 945
1920 523 37128 | 105 255 1560 | 84 884 952
1920 477 30800 | 126 144 1650 | 80 440 1400
1920 53 3024 | 105 135 1680 | 72 336 1512
1921 237 47740 | 465 616 840 | 495 558 868
1921 47 8855 | 385 616 920 | 391 595 935
1921 23 3960 | 315 616 990 | 306 680 935
1921 631 107415 | 341 495 1085 | 385 420 1116
1921 20617 3201120 | 260 608 1053 | 247 810 864
1921 1087 154440 | 220 648 1053 | 216 715 990
1921 23 3135 | 231 455 1235 | 220 513 1188
1921 758 85085 | 170 442 1309 | 220 273 1428
1921 3803 426075 | 161 525 1235 | 150 874 897
1921 7 720 | 153 408 1360 | 205 240 1476
1921 107 10472 | 136 476 1309 | 187 238 1496
1921 47 4292 | 116 703 1102 | 145 296 1480
1921 103 8580 | 152 209 1560 | 102 884 935
1922 5 1008 | 496 558 868 | 450 672 800
1922 109 21450 | 462 550 910 | 450 572 900
1922 961 185592 | 407 627 888 | 418 592 912
1922 191 36477 | 386 672 864 | 378 772 772
1922 83 15400 | 352 770 800 | 392 550 980
1922 23 4030 | 310 806 806 | 403 434 1085
1922 37 6270 | 310 589 1023 | 297 675 950
1922 961 157872 | 286 624 1012 | 312 506 1104
1922 5 744 | 248 558 1116 | 310 372 1240
1922 101 14952 | 312 364 1246 | 231 712 979
1922 1 140 | 240 464 1218 | 217 620 1085 | 248 434 1240
1922 671 93670 | 290 340 1292 | 221 570 1131
1922 1 120 | 248 279 1395 | 240 290 1392
1922 5053 576576 | 154 832 936 | 182 396 1344
1922 11 1200 | 232 240 1450 | 152 570 1200
1922 281 29260 | 152 440 1330 | 140 627 1155
1922 269 21658 | 130 245 1547 | 102 546 1274
1922 4793 315700 | 82 440 1400 | 77 820 1025
1922 3851 210672 | 63 627 1232 | 72 266 1584
1922 1751 95760 | 90 152 1680 | 63 624 1235
1922 961 28512 | 32 594 1296 | 44 96 1782
1922 31 900 | 31 775 1116 | 50 72 1800
1923 47 9240 | 495 504 924 | 418 665 840
1923 217 37791 | 323 612 988 | 306 798 819
1923 1 168 | 336 483 1104 | 285 798 840
1923 197 31671 | 306 483 1134 | 345 405 1173
1923 325 49848 | 312 402 1209 | 248 670 1005
1923 727 103845 | 276 387 1260 | 215 805 903
1923 16 2145 | 195 792 936 | 208 560 1155
1923 827 109296 | 207 528 1188 | 198 621 1104
1923 379 47817 | 198 483 1242 | 189 561 1173
1923 305 34782 | 155 748 1020 | 187 372 1364
1923 136 14553 | 147 588 1188 | 143 702 1078
1923 157 14820 | 195 208 1520 | 156 285 1482
1923 129 10472 | 99 816 1008 | 119 308 1496
1923 2677 148800 | 64 650 1209 | 75 248 1600
1923 47 2475 | 60 675 1188 | 75 198 1650
1923 53 1560 | 33 330 1560 | 35 208 1680
1924 37 7740 | 516 688 720 | 559 585 780
1924 17 3360 | 480 532 912 | 416 728 780
1924 1591 283360 | 352 560 1012 | 385 483 1056
1924 23 3952 | 304 684 936 | 312 624 988
1924 13 2220 | 370 444 1110 | 296 740 888
1924 481 77140 | 290 532 1102 | 280 580 1064
1924 1 160 | 260 832 832 | 370 370 1184 | 304 480 1140
1924 103 16380 | 351 385 1188 | 260 728 936
1924 23 3420 | 252 532 1140 | 260 494 1170
1924 2035 300846 | 247 546 1131 | 290 399 1235
1924 333 47740 | 279 385 1260 | 264 420 1240
1924 481 68544 | 252 448 1224 | 224 612 1088
1924 11 1560 | 234 520 1170 | 260 416 1248
1924 577 80080 | 208 715 1001 | 220 560 1144
1924 61 7980 | 190 714 1020 | 252 342 1330
1924 757 96570 | 232 360 1332 | 185 666 1073
1924 101 11424 | 154 714 1056 | 224 272 1428
1924 37 4140 | 156 598 1170 | 184 360 1380
1924 13 1440 | 160 504 1260 | 220 264 1440
1924 13 1232 | 132 448 1344 | 120 880 924
1924 13 1230 | 185 222 1517 | 120 820 984
1924 223 20020 | 176 208 1540 | 130 364 1430
1924 37 3120 | 156 208 1560 | 104 780 1040
1924 1 84 | 104 728 1092 | 148 222 1554
1924 169 13860 | 132 252 1540 | 100 900 924
1924 481 39270 | 105 510 1309 | 120 308 1496
1924 41 3234 | 144 196 1584 | 132 224 1568
1924 31 2244 | 119 209 1596 | 88 612 1224
1924 37 2460 | 78 780 1066 | 120 164 1640
1924 5473 355300 | 76 748 1100 | 100 209 1615
1924 481 29260 | 80 304 1540 | 76 385 1463
1924 37 1690 | 65 169 1690 | 52 520 1352
1924 683 31122 | 52 504 1368 | 78 117 1729
1924 37 1608 | 78 104 1742 | 48 804 1072
1924 481 17670 | 62 95 1767 | 40 744 1140
1924 1 34 | 37 629 1258 | 52 104 1768
1924 481 10944 | 36 64 1824 | 24 684 1216
1924 481 1900 | 4 400 1520 | 5 19 1900
1925 7 1320 | 385 616 924 | 440 495 990
1925 1 165 | 275 825 825 | 385 385 1155
1925 1429 235620 | 280 693 952 | 374 396 1155
1925 757 120120 | 315 440 1170 | 264 660 1001
1925 7 1080 | 260 585 1080 | 297 440 1188 | 250 675 1000
1925 8 1225 | 245 700 980 | 350 350 1225
1925 161 24400 | 305 400 1220 | 244 656 1025
1925 23 3360 | 255 480 1190 | 224 756 945
1925 7 920 | 220 440 1265 | 200 575 1150
1925 1 125 | 275 275 1375 | 175 875 875
1925 7 848 | 200 400 1325 | 176 583 1166
1925 4 455 | 200 325 1400 | 154 770 1001
1925 7 715 | 165 330 1430 | 143 495 1287
1925 7 675 | 125 675 1125 | 165 275 1485
1925 53 4620 | 154 231 1540 | 110 660 1155
1925 3983 291720 | 88 715 1122 | 110 255 1560
1925 127 9240 | 120 209 1596 | 105 280 1540
1925 1 44 | 66 143 1716 | 50 500 1375
1925 7 300 | 50 375 1500 | 55 220 1650
1926 1 210 | 561 595 770 | 540 630 756 | 535 642 749
1926 3 428 | 214 856 856 | 321 321 1284
1926 67 8910 | 234 405 1287 | 198 648 1080
1926 83 10800 | 288 288 1350 | 225 405 1296
1926 181 22176 | 176 630 1120 | 252 288 1386
1926 73 7920 | 198 288 1440 | 144 792 990
1926 29 3120 | 144 702 1080 | 210 260 1456
1926 113 11088 | 144 396 1386 | 126 792 1008
1926 577 56430 | 132 540 1254 | 171 270 1485
1926 227 20202 | 119 481 1326 | 111 814 1001
1926 289 25650 | 162 225 1539 | 120 456 1350
1926 89 6480 | 144 162 1620 | 90 540 1296
1926 527 34650 | 126 150 1650 | 77 774 1075
1926 4289 197064 | 51 840 1035 | 56 306 1564
1927 49 10120 | 550 552 825 | 506 616 805
1927 2 279 | 222 558 1147 | 310 315 1302
1927 71 9690 | 276 340 1311 | 255 380 1292
1927 1 135 | 235 423 1269 | 205 615 1107
1927 179 22440 | 210 408 1309 | 176 816 935
1927 53 6200 | 160 775 992 | 217 310 1400
1927 39 4060 | 145 522 1260 | 156 406 1365
1927 5 483 | 123 861 943 | 133 483 1311
1927 73 6256 | 176 187 1564 | 112 506 1309
1927 155149 12660648 | 132 248 1547 | 102 616 1209
1927 1961 135135 | 135 154 1638 | 91 351 1485
1927 865 42427 | 55 770 1102 | 58 406 1463
1927 151 3393 | 35 65 1827 | 27 145 1755
1927 257 5400 | 27 100 1800 | 22 825 1080
1928 241 51170 | 560 680 688 | 595 602 731
1928 1 192 | 416 576 936 | 440 528 960
1928 47 8820 | 392 576 960 | 360 784 784
1928 19 3332 | 374 476 1078 | 392 448 1088
1928 1739 301392 | 322 598 1008 | 368 468 1092
1928 17 2880 | 360 448 1120 | 312 576 1040
1928 311 52668 | 304 616 1008 | 308 594 1026
1928 2727 460460 | 308 585 1035 | 330 506 1092
1928 2131 340340 | 364 374 1190 | 272 616 1040
1928 667 103740 | 266 570 1092 | 247 820 861
1928 251 37440 | 320 360 1248 | 234 704 990
1928 313 45864 | 288 392 1248 | 234 616 1078
1928 23 2880 | 224 360 1344 | 176 792 960
1928 289 35112 | 171 693 1064 | 168 836 924
1928 53 5304 | 136 544 1248 | 198 234 1496
1928 241 17640 | 98 360 1470 | 96 392 1440
1928 241 17160 | 104 264 1560 | 88 520 1320
1928 241 16200 | 108 200 1620 | 80 648 1200
1928 241 14280 | 68 840 1020 | 112 136 1680
1928 241 13560 | 113 120 1695 | 64 904 960
1928 6731 336168 | 56 828 1044 | 69 203 1656
1928 241 10440 | 48 720 1160 | 72 116 1740
1928 241 7080 | 32 480 1416 | 40 118 1770
1929 857 163800 | 392 637 900 | 450 504 975
1929 61 11115 | 390 513 1026 | 342 690 897
1929 226 40755 | 330 741 858 | 390 494 1045
1929 115 19008 | 297 576 1056 | 280 704 945
1929 421 69069 | 273 759 897 | 345 429 1155
1929 157 25245 | 297 510 1122 | 315 459 1155
1929 41 6324 | 248 697 984 | 312 408 1209 | 255 620 1054
1929 19 2820 | 235 660 1034 | 228 846 855
1929 83 11115 | 247 377 1305 | 195 765 969
1929 643 83160 | 189 660 1080 | 231 378 1320
1929 37 4680 | 195 510 1224 | 252 312 1365
1929 1 120 | 165 840 924 | 195 408 1326
1929 19 2100 | 147 882 900 | 184 345 1400
1929 379 40755 | 165 399 1365 | 143 741 1045
1929 27 2800 | 144 525 1260 | 161 368 1400
1929 1929 196840 | 190 259 1480 | 133 760 1036
1929 5 468 | 135 390 1404 | 195 204 1530
1929 23 2052 | 162 228 1539 | 114 627 1188
1929 91 6264 | 99 264 1566 | 116 189 1624
1929 643 43680 | 84 480 1365 | 96 273 1560
1929 53 3600 | 80 774 1075 | 81 648 1200
1929 9 560 | 74 560 1295 | 80 344 1505
1929 83 5040 | 70 819 1040 | 80 301 1548
1929 1447 85560 | 93 180 1656 | 69 620 1240
1929 1 48 | 80 129 1720 | 54 675 1200
1929 643 25740 | 44 715 1170 | 66 108 1755
1929 8269 324576 | 69 96 1764 | 49 224 1656
1929 83 3132 | 54 135 1740 | 44 319 1566
1929 137 945 | 9 30 1890 | 7 837 1085
1930 193 40698 | 532 684 714 | 570 595 765
1930 37 7150 | 400 650 880 | 390 715 825
1930 131 25200 | 385 720 825 | 400 630 900
1930 193 36666 | 378 679 873 | 420 540 970
1930 193 34650 | 385 495 1050 | 330 700 900
1930 37 6160 | 280 770 880 | 330 480 1120
1930 841 139230 | 315 510 1105 | 280 714 936
1930 7 1100 | 264 616 1050 | 330 400 1200
1930 157 23560 | 248 580 1102 | 310 380 1240
1930 19 2790 | 248 522 1160 | 225 775 930
1930 29 4256 | 266 448 1216 | 240 570 1120
1930 1 144 | 220 720 990 | 240 520 1170
1930 3 418 | 247 429 1254 | 220 570 1140
1930 631 77350 | 175 650 1105 | 170 850 910
1930 193 23562 | 238 306 1386 | 170 770 990
1930 79 9100 | 175 455 1300 | 160 650 1120
1930 23 2520 | 180 350 1400 | 234 240 1456
1930 23 2250 | 180 250 1500 | 125 855 950
1930 193 15640 | 100 680 1150 | 136 230 1564
1930 193 14490 | 140 180 1610 | 90 805 1035
1930 29 1950 | 80 650 1200 | 117 175 1638
1930 153 9620 | 75 555 1300 | 117 148 1665
1930 47 2856 | 77 357 1496 | 70 840 1020
1930 271 14280 | 60 680 1190 | 80 170 1680
1930 47 2310 | 60 330 1540 | 55 825 1050
1930 103 5040 | 55 720 1155 | 70 180 1680
1930 193 7590 | 44 506 1380 | 55 150 1725
1930 193 7434 | 42 826 1062 | 70 90 1770
1931 59 6864 | 160 715 1056 | 176 468 1287
1931 16127 1416360 | 111 660 1160 | 132 319 1480
1931 1619 123120 | 112 280 1539 | 95 540 1296
1931 821 60060 | 105 286 1540 | 91 520 1320
1931 89 5544 | 126 133 1672 | 72 858 1001
1931 175 10488 | 69 798 1064 | 95 180 1656
1931 2681 154836 | 69 476 1386 | 88 187 1656
1931 71 3276 | 56 315 1560 | 76 126 1729
1932 53 10920 | 546 546 840 | 480 672 780
1932 1 198 | 414 759 759 | 504 504 924
1932 17 3360 | 480 528 924 | 420 672 840
1932 7 1380 | 460 552 920 | 414 690 828
1932 3 560 | 420 504 1008 | 392 560 980 | 368 644 920
1932 5 918 | 357 630 945 | 351 663 918
1932 83 15120 | 336 756 840 | 432 450 1050
1932 709 127680 | 342 630 960 | 420 448 1064
1932 5 882 | 315 735 882 | 336 588 1008
1932 31 5460 | 312 780 840 | 420 420 1092
1932 7 1224 | 312 702 918 | 357 504 1071
1932 7 1170 | 299 598 1035 | 312 540 1080
1932 47 7644 | 294 546 1092 | 364 392 1176
1932 25 3696 | 280 420 1232 | 231 693 1008
1932 5657 829920 | 224 798 910 | 285 399 1248
1932 347 50400 | 252 480 1200 | 224 700 1008
1932 29 4158 | 231 567 1134 | 216 792 924
1932 139 19530 | 217 630 1085 | 315 315 1302
1932 97 13230 | 216 540 1176 | 294 315 1323
1932 35 4752 | 216 528 1188 | 198 816 918
1932 413 53040 | 260 312 1360 | 204 480 1248
1932 43 5460 | 182 700 1050 | 252 315 1365
1932 383 46956 | 172 728 1032 | 182 546 1204
1932 19 2310 | 168 840 924 | 231 315 1386
1932 67 7920 | 198 374 1360 | 210 336 1386
1932 2051 241230 | 165 645 1122 | 255 258 1419
1932 71 8190 | 189 378 1365 | 156 840 936
1932 3 320 | 230 230 1472 | 140 896 896
1932 83 8820 | 210 252 1470 | 140 784 1008
1932 217 22770 | 161 385 1386 | 138 759 1035
1932 89 9240 | 144 528 1260 | 216 231 1485
1932 229 23100 | 132 700 1100 | 150 396 1386
1932 131 12852 | 140 432 1360 | 204 216 1512
1932 35 3168 | 128 396 1408 | 132 360 1440
1932 7 624 | 117 528 1287 | 112 728 1092
1932 97 8190 | 175 182 1575 | 117 385 1430
1932 61 4752 | 132 216 1584 | 112 308 1512
1932 3 230 | 92 920 920 | 161 161 1610
1932 111 8372 | 92 644 1196 | 140 182 1610
1932 163 11466 | 147 147 1638 | 117 198 1617
1932 1 60 | 69 828 1035 | 112 140 1680
1932 7 414 | 69 621 1242 | 92 184 1656
1932 551 21252 | 42 924 966 | 69 92 1771
1933 2831 562275 | 490 525 918 | 425 675 833
1933 1933 333684 | 299 806 828 | 403 414 1116
1933 163 24360 | 280 435 1218 | 232 756 945
1933 8137 1161160 | 232 546 1155 | 280 377 1276
1933 2773 355300 | 187 646 1100 | 204 475 1254
1933 1933 173160 | 120 481 1332 | 130 360 1443
1933 157 9856 | 128 133 1672 | 77 448 1408
1933 88 5355 | 77 360 1496 | 70 918 945
1933 5 304 | 120 133 1680 | 70 855 1008
1933 227 13685 | 85 238 1610 | 70 690 1173
1933 111 6160 | 63 880 990 | 88 165 1680
1933 31 1683 | 63 561 1309 | 85 165 1683
1933 3539 143325 | 45 588 1300 | 50 245 1638
1934 257 41440 | 296 518 1120 | 350 400 1184
1934 967 154980 | 287 540 1107 | 280 574 1080
1934 69 10400 | 234 800 900 | 336 350 1248
1934 967 142128 | 329 336 1269 | 224 846 864
1934 967 122850 | 234 350 1350 | 182 702 1050
1934 41 5040 | 252 290 1392 | 240 308 1386
1934 2423 277200 | 154 880 900 | 198 336 1400
1934 113 12600 | 232 252 1450 | 200 306 1428
1934 643 65637 | 132 884 918 | 156 374 1404
1934 319 27846 | 153 234 1547 | 119 429 1386
1934 4651 155610 | 36 910 988 | 42 182 1710
1934 127 3570 | 43 85 1806 | 30 714 1190
1934 967 26460 | 30 392 1512 | 35 135 1764
1934 17 198 | 14 72 1848 | 12 558 1364
1935 71 15120 | 567 648 720 | 560 675 700
1935 129 26600 | 525 570 840 | 475 700 760
1935 131 24750 | 375 660 900 | 440 495 1000
1935 51 9100 | 336 624 975 | 325 700 910
1935 129 22960 | 350 560 1025 | 336 615 984
1935 1 168 | 301 602 1032 | 315 540 1080
1935 39 6160 | 275 560 1100 | 315 432 1188
1935 1721 227700 | 207 528 1200 | 220 450 1265
1935 47 6105 | 220 420 1295 | 185 825 925
1935 127 16320 | 255 320 1360 | 187 660 1088
1935 23 2925 | 180 780 975 | 234 351 1350
1935 43 5400 | 180 675 1080 | 225 360 1350
1935 221 27195 | 185 525 1225 | 196 444 1295
1935 43 5148 | 234 297 1404 | 165 780 990
1935 131 15624 | 168 651 1116 | 225 310 1400
1935 43 4896 | 153 864 918 | 240 255 1440
1935 3 301 | 129 903 903 | 215 215 1505
1935 283 28380 | 129 860 946 | 210 220 1505
1935 24 2275 | 130 475 1330 | 120 840 975
1935 1 90 | 120 495 1320 | 172 215 1548
1935 3583 319680 | 135 320 1480 | 111 864 960
1935 1101 96200 | 111 624 1200 | 130 325 1480
1935 43 3132 | 90 540 1305 | 108 261 1566
1935 12913 795600 | 80 325 1530 | 72 663 1200
1935 43 2544 | 72 432 1431 | 80 265 1590
1935 11 585 | 95 130 1710 | 60 900 975
1935 79 4200 | 80 175 1680 | 60 875 1000
1935 73 3780 | 60 525 1350 | 63 360 1512
1935 43 1980 | 54 396 1485 | 60 225 1650
1935 129 5800 | 50 725 1160 | 75 120 1740
1935 37 1560 | 72 108 1755 | 50 325 1560
1936 157 31680 | 440 704 792 | 480 576 880
1936 23 4488 | 396 748 792 | 440 561 935
1936 1907 360360 | 440 495 1001 | 364 780 792
1936 17 3120 | 340 780 816 | 416 480 1040
1936 61 10296 | 286 792 858 | 396 396 1144
1936 683 109440 | 304 480 1152 | 270 640 1026
1936 1 154 | 352 352 1232 | 242 847 847
1936 59 8580 | 220 858 858 | 221 780 935
1936 191 27720 | 280 396 1260 | 220 792 924
1936 41 5760 | 224 560 1152 | 216 640 1080
1936 2161 287100 | 198 638 1100 | 225 435 1276
1936 1 130 | 186 775 975 | 208 480 1248
1936 419 49280 | 220 308 1408 | 160 880 896
1936 5 572 | 154 858 924 | 220 286 1430
1936 233 26180 | 160 544 1232 | 154 660 1122
1936 5 504 | 144 448 1344 | 160 336 1440
1936 419 36176 | 112 532 1292 | 136 280 1520
1936 421 33600 | 100 576 1260 | 168 168 1600
1936 509 37400 | 88 748 1100 | 100 340 1496
1936 47 3080 | 88 308 1540 | 77 715 1144
1936 29 1694 | 121 121 1694 | 77 286 1573
1936 617 35112 | 76 264 1596 | 66 616 1254
1936 311 14630 | 55 418 1463 | 77 130 1729
1936 1123 52360 | 56 340 1540 | 55 385 1496
1936 1985 79772 | 49 259 1628 | 44 814 1078
1936 461 13800 | 46 90 1800 | 32 800 1104
1936 1907 40040 | 22 770 1144 | 28 88 1820
1937 13 2520 | 390 728 819 | 432 560 945
1937 2113 356265 | 290 702 945 | 351 455 1131
1937 335 55748 | 362 420 1155 | 308 543 1086
1937 509 77805 | 273 494 1170 | 285 455 1197
1937 17 2184 | 182 819 936 | 260 312 1365
1937 557 54340 | 130 572 1235 | 208 209 1520
1937 505 43848 | 135 290 1512 | 168 203 1566
1937 8 403 | 62 325 1550 | 65 260 1612
1938 1 210 | 570 570 798 | 510 714 714
1938 13 2640 | 506 552 880 | 480 594 864
1938 12 2431 | 468 612 858 | 442 748 748
1938 19 3822 | 442 663 833 | 468 588 882
1938 1 198 | 459 561 918 | 468 546 924 | 418 684 836
1938 19 3672 | 456 513 969 | 408 612 918
1938 457 85680 | 357 765 816 | 420 510 1008
1938 13 2394 | 399 513 1026 | 342 798 798
1938 3 550 | 340 748 850 | 418 475 1045
1938 29 5280 | 420 462 1056 | 374 544 1020
1938 61 11055 | 330 804 804 | 402 480 1056
1938 79 14040 | 351 552 1035 | 390 468 1080
1938 31 5100 | 323 475 1140 | 272 816 850
1938 229 37530 | 351 417 1170 | 270 834 834
1938 29 4752 | 272 748 918 | 288 594 1056
1938 19 2970 | 300 450 1188 | 264 594 1080
1938 1 156 | 255 663 1020 | 288 480 1170
1938 47 6120 | 204 510 1224 | 272 306 1360
1938 313 39270 | 187 561 1190 | 210 408 1320
1938 11 1350 | 170 850 918 | 210 378 1350
1938 123 14630 | 190 418 1330 | 210 342 1386
1938 19 2142 | 153 714 1071 | 204 306 1428
1938 59 6630 | 156 612 1170 | 170 442 1326
1938 23 2574 | 153 663 1122 | 156 594 1188
1938 53 5694 | 156 468 1314 | 146 624 1168
1938 1 105 | 170 340 1428 | 152 456 1330
1938 95 9936 | 138 720 1080 | 144 552 1242
1938 2069 210672 | 132 798 1008 | 171 304 1463
1938 223 22230 | 171 285 1482 | 140 468 1330
1938 97 9504 | 165 288 1485 | 126 756 1056
1938 9 880 | 209 209 1520 | 170 272 1496
1938 1 90 | 114 684 1140 | 153 255 1530
1938 445 37128 | 140 238 1560 | 102 884 952
1938 3 196 | 136 136 1666 | 76 931 931
1938 19 1122 | 102 153 1683 | 68 748 1122
1938 139 7722 | 66 468 1404 | 69 351 1518
1938 5 252 | 57 684 1197 | 63 300 1575
1938 19 858 | 51 561 1326 | 66 156 1716
1939 223 32032 | 299 352 1288 | 224 637 1078
1939 277 38220 | 245 420 1274 | 210 637 1092
1939 47 6048 | 189 630 1120 | 224 392 1323
1939 277 30160 | 145 754 1040 | 203 280 1456
1939 898 95095 | 190 286 1463 | 154 455 1330
1939 58 5355 | 120 595 1224 | 119 630 1190
1939 11 765 | 84 595 1260 | 90 387 1462
1939 37 2520 | 80 819 1040 | 90 344 1505
1939 17 1140 | 98 245 1596 | 80 624 1235
1940 1817 371280 | 476 624 840 | 455 720 765
1940 1 198 | 440 600 900 | 495 510 935
1940 1 194 | 485 485 970 | 388 776 776
1940 127 24180 | 372 728 840 | 390 620 930
1940 97 17856 | 360 620 960 | 372 576 992
1940 159 28210 | 390 465 1085 | 315 806 819
1940 1 176 | 400 440 1100 | 320 660 960
1940 97 16800 | 300 800 840 | 400 420 1120
1940 97 16008 | 345 435 1160 | 276 736 928
1940 17 2730 | 315 455 1170 | 260 840 840
1940 97 15470 | 260 728 952 | 325 425 1190
1940 61 9000 | 250 520 1170 | 225 840 875
1940 989 145350 | 225 765 950 | 323 342 1275
1940 23 3276 | 260 420 1260 | 315 325 1300
1940 23 3150 | 225 490 1225 | 200 840 900
1940 97 13104 | 210 560 1170 | 224 468 1248
1940 29 3900 | 225 455 1260 | 240 400 1300
1940 401 52360 | 272 308 1360 | 200 550 1190
1940 217 26928 | 220 360 1360 | 176 693 1071
1940 41 5060 | 230 330 1380 | 176 660 1104
1940 37 4284 | 170 510 1260 | 224 288 1428
1940 3 320 | 140 840 960 | 180 320 1440
1940 23 2376 | 150 440 1350 | 135 760 1045
1940 37 3780 | 140 540 1260 | 135 665 1140
1940 1541 123760 | 110 374 1456 | 104 476 1360
1940 1 78 | 120 260 1560 | 97 582 1261
1940 97 5712 | 70 510 1360 | 84 224 1632
1940 3043 164736 | 78 198 1664 | 64 468 1408
1940 3607 177650 | 68 200 1672 | 55 935 950
1940 263 12870 | 55 715 1170 | 65 225 1650
1940 97 4128 | 60 160 1720 | 48 516 1376
1940 97 3500 | 40 500 1400 | 50 140 1750
1940 53 900 | 20 120 1800 | 18 372 1550
1941 17 3432 | 456 627 858 | 481 572 888
1941 10831 1937520 | 368 520 1053 | 324 720 897
1941 103 18018 | 333 572 1036 | 312 693 936
1941 167 26733 | 266 670 1005 | 342 402 1197
1941 1 156 | 247 836 858 | 260 615 1066
1941 71 9936 | 207 816 918 | 216 621 1104
1941 47 6555 | 247 429 1265 | 207 765 969 | 285 345 1311
1941 437 41580 | 165 264 1512 | 135 420 1386
1941 11 945 | 126 330 1485 | 117 420 1404
1941 599 48195 | 108 405 1428 | 105 459 1377
1941 71 3861 | 108 117 1716 | 66 390 1485
1941 1847 98280 | 65 364 1512 | 60 936 945
1941 1003 48048 | 56 429 1456 | 66 195 1680
1941 187 3192 | 21 96 1824 | 19 186 1736
1942 11 2210 | 460 598 884 | 442 650 850
1942 19 2898 | 252 598 1092 | 322 378 1242
1942 10 1519 | 310 392 1240 | 248 616 1078
1942 5 624 | 260 290 1392 | 208 408 1326
1942 2131 237120 | 192 325 1425 | 156 570 1216
1942 559 59850 | 150 532 1260 | 175 342 1425
1942 37 3654 | 144 406 1392 | 182 252 1508
1942 487 27720 | 66 616 1260 | 72 330 1540
1942 16229 764568 | 72 148 1722 | 56 369 1517
1942 8563 300846 | 38 812 1092 | 42 247 1653
1942 743 14586 | 22 204 1716 | 21 374 1547
1942 23 440 | 22 160 1760 | 20 682 1240
1943 1403 272844 | 396 689 858 | 424 583 936
1943 4 765 | 435 522 986 | 396 612 935
1943 254 45045 | 315 770 858 | 396 455 1092
1943 2689 412920 | 279 480 1184 | 333 370 1240
1943 509 70587 | 207 713 1023 | 253 403 1287
1943 559 76912 | 228 483 1232 | 264 368 1311
1943 11 1365 | 174 754 1015 | 221 357 1365
1943 545 67252 | 215 368 1360 | 172 782 989
1943 701 85680 | 176 612 1155 | 170 765 1008
1943 43 5060 | 253 260 1430 | 161 770 1012
1943 113 11704 | 176 304 1463 | 209 238 1496
1943 5 481 | 130 518 1295 | 143 370 1430
1943 101 7315 | 95 385 1463 | 119 209 1615
1943 23 1624 | 116 203 1624 | 84 728 1131
1943 39 2660 | 84 494 1365 | 80 855 1008
1943 89 2652 | 39 136 1768 | 32 663 1248
1944 1 210 | 504 720 720 | 567 567 810
1944 43 8580 | 440 624 880 | 462 572 910
1944 293 57960 | 414 690 840 | 448 576 920
1944 185 34056 | 344 720 880 | 396 516 1032
1944 1 180 | 432 432 1080 | 324 810 810
1944 19 3276 | 324 567 1053 | 312 624 1008
1944 131 21420 | 270 756 918 | 272 720 952
1944 37 5460 | 280 416 1248 | 225 819 900
1944 251 36960 | 288 396 1260 | 224 840 880
1944 257 37128 | 252 468 1224 | 299 357 1288
1944 1 144 | 216 864 864 | 324 324 1296
1944 107 15120 | 210 816 918 | 252 432 1260
1944 769 107880 | 240 464 1240 | 279 360 1305
1944 29 3960 | 264 360 1320 | 216 540 1188
1944 5 672 | 280 320 1344 | 210 544 1190
1944 125 15708 | 176 816 952 | 252 306 1386
1944 11 1260 | 224 280 1440 | 210 306 1428
1944 221 25080 | 180 396 1368 | 152 880 912
1944 97 10080 | 168 336 1440 | 135 864 945
1944 107 9108 | 176 184 1584 | 108 594 1242
1944 7 570 | 120 304 1520 | 99 855 990
1944 547 39270 | 99 315 1530 | 85 858 1001
1944 17 1170 | 81 810 1053 | 96 288 1560
1944 403 18360 | 54 360 1530 | 85 104 1755
1944 1511 64584 | 54 234 1656 | 69 120 1755
1945 29 5880 | 441 720 784 | 440 735 770
1945 179 35700 | 425 680 840 | 450 595 900
1945 1909 310200 | 330 440 1175 | 300 517 1128
1945 83 12810 | 305 420 1220 | 244 756 945
1945 439 60720 | 240 440 1265 | 230 483 1232
1945 1 132 | 264 328 1353 | 195 650 1100
1945 1003 120435 | 185 465 1295 | 217 333 1395
1945 1 100 | 130 715 1100 | 140 475 1330
1945 139 13000 | 130 440 1375 | 125 520 1300
1945 911 77280 | 105 736 1104 | 147 230 1568
1945 1 69 | 136 153 1656 | 105 230 1610
1945 259 15300 | 75 340 1530 | 119 126 1700
1945 131 7700 | 70 500 1375 | 75 330 1540
1945 23 1260 | 70 300 1575 | 95 140 1710
1945 1886 84825 | 54 325 1566 | 50 725 1170
1945 41 897 | 25 195 1725 | 23 713 1209
1946 1591 287280 | 360 560 1026 | 336 665 945
1946 139 23520 | 336 490 1120 | 294 672 980
1946 139 21960 | 360 366 1220 | 252 840 854
1946 19 2940 | 245 756 945 | 280 490 1176
1946 139 20790 | 308 378 1260 | 231 770 945
1946 95 14014 | 308 364 1274 | 245 546 1155
1946 2437 354200 | 230 616 1100 | 308 350 1288
1946 13 1848 | 264 406 1276 | 231 539 1176
1946 23 3255 | 210 868 868 | 252 434 1260
1946 3989 535990 | 217 494 1235 | 208 560 1178
1946 11 1470 | 196 700 1050 | 245 378 1323
1946 397 50960 | 182 784 980 | 245 336 1365
1946 139 17670 | 217 399 1330 | 186 620 1140
1946 1 126 | 196 490 1260 | 252 308 1386
1946 827 96600 | 175 483 1288 | 160 736 1050
1946 821 90706 | 152 616 1178 | 217 266 1463
1946 973 107300 | 148 725 1073 | 200 296 1450
1946 1 110 | 154 560 1232 | 231 245 1470
1946 61 6006 | 126 819 1001 | 154 336 1456
1946 59 4704 | 98 672 1176 | 126 252 1568
1946 631 49476 | 133 217 1596 | 96 672 1178
1946 139 10650 | 100 426 1420 | 105 350 1491
1946 47 2352 | 70 196 1680 | 56 882 1008
1946 973 34238 | 38 901 1007 | 68 76 1802
1946 139 4410 | 35 441 1470 | 42 140 1764
1946 4193 95940 | 27 164 1755 | 36 65 1845
1946 4253 83538 | 26 84 1836 | 21 378 1547
1947 3 616 | 484 616 847 | 472 649 826 | 462 693 792
1947 38 7161 | 462 462 1023 | 372 651 924
1947 109 19800 | 360 575 1012 | 330 792 825
1947 1 180 | 360 552 1035 | 330 693 924 | 408 459 1080
1947 337 54264 | 266 697 984 | 342 408 1197
1947 23 3570 | 315 408 1224 | 260 595 1092
1947 7 1080 | 255 612 1080 | 345 360 1242
1947 37 5544 | 322 360 1265 | 231 792 924 | 242 616 1089
1947 199 29400 | 266 456 1225 | 225 840 882
1947 43 5985 | 209 693 1045 | 225 525 1197
1947 1 120 | 207 360 1380 | 236 295 1416 | 165 792 990
1947 17 1995 | 246 266 1435 | 165 627 1155
1947 3043 308880 | 135 624 1188 | 176 286 1485
1947 3 280 | 138 360 1449 | 121 616 1210
1947 139 11088 | 99 616 1232 | 132 231 1584
1947 235 18228 | 105 372 1470 | 98 516 1333
1947 1238 94185 | 130 207 1610 | 91 920 936
1947 239 15708 | 77 748 1122 | 88 312 1547
1947 5 264 | 72 225 1650 | 88 143 1716
1947 103 5016 | 66 209 1672 | 72 165 1710
1947 124 2553 | 22 407 1518 | 23 222 1702
1948 487 102600 | 540 608 800 | 513 675 760
1948 11 2240 | 448 700 800 | 490 576 882
1948 1 198 | 408 748 792 | 448 576 924
1948 29 4032 | 240 448 1260 | 228 504 1216
1948 41 4290 | 154 429 1365 | 143 570 1235
1948 487 45696 | 136 384 1428 | 128 476 1344
1948 487 44730 | 142 315 1491 | 120 568 1260
1948 487 39900 | 152 200 1596 | 100 798 1050
1948 457 35200 | 100 440 1408 | 128 220 1600
1948 169 12880 | 92 736 1120 | 130 208 1610
1948 487 36036 | 154 156 1638 | 88 924 936
1948 487 30240 | 108 160 1680 | 72 756 1120
1948 971 55440 | 72 336 1540 | 88 180 1680
1948 389 20592 | 63 429 1456 | 88 144 1716
1948 1553 78300 | 100 108 1740 | 58 540 1350
1949 67 11583 | 299 759 891 | 324 572 1053
1949 2311 357864 | 296 444 1209 | 248 702 999
1949 433 60192 | 209 684 1056 | 224 528 1197
1949 2 273 | 221 504 1224 | 234 441 1274
1949 523 57960 | 147 882 920 | 200 300 1449
1949 203 15300 | 100 387 1462 | 90 884 975
1949 391 19019 | 57 429 1463 | 77 143 1729
1949 19379 622440 | 35 546 1368 | 40 180 1729
1949 53 1305 | 35 87 1827 | 29 180 1740
1950 1 216 | 600 675 675 | 624 624 702
1950 58 12285 | 520 702 728 | 540 630 780
1950 1 210 | 500 700 750 | 546 585 819
1950 3 560 | 455 455 1040 | 350 800 800
1950 17 3150 | 350 700 900 | 450 450 1050
1950 29 5250 | 350 600 1000 | 375 525 1050
1950 13 2310 | 350 550 1050 | 330 630 990
1950 13 2250 | 375 450 1125 | 300 750 900
1950 1 168 | 300 600 1050 | 312 546 1092
1950 1 165 | 300 550 1100 | 286 624 1040
1950 31 4680 | 260 520 1170 | 234 780 936
1950 13 1890 | 270 420 1260 | 225 675 1050
1950 19 2730 | 234 546 1170 | 300 350 1300
1950 181 25200 | 225 525 1200 | 240 450 1260
1950 1 135 | 300 300 1350 | 216 510 1224
1950 257 34320 | 195 715 1040 | 240 390 1320
1950 191 21450 | 150 825 975 | 195 325 1430
1950 13 1350 | 135 825 990 | 150 450 1350
1950 11 1080 | 204 216 1530 | 135 495 1320
1950 13 1260 | 125 700 1125 | 168 270 1512
1950 221 18900 | 105 900 945 | 135 275 1540
1950 1151 90720 | 105 405 1440 | 96 720 1134
1950 299 23562 | 117 286 1547 | 102 462 1386
1950 531 40040 | 91 715 1144 | 90 924 936
1950 13 930 | 100 300 1550 | 90 465 1395
1950 13 840 | 126 144 1680 | 75 875 1000
1950 299 18480 | 80 330 1540 | 105 165 1680
1950 1 60 | 78 312 1560 | 75 375 1500
1950 143 8370 | 110 135 1705 | 90 186 1674
1950 13 726 | 69 363 1518 | 88 168 1694
1950 39 1760 | 50 800 1100 | 80 110 1760
1950 13 570 | 60 180 1710 | 50 475 1425
1950 4 105 | 30 240 1680 | 28 620 1302
1950 3 74 | 50 50 1850 | 26 962 962
1951 53 9828 | 378 572 1001 | 364 621 966
1951 23 3780 | 378 385 1188 | 270 820 861
1951 317 49140 | 345 364 1242 | 270 533 1148
1951 37 5187 | 276 364 1311 | 209 741 1001
1951 2489 184184 | 88 897 966 | 91 572 1288
1951 547 40040 | 88 693 1170 | 105 286 1560
1951 41 2760 | 92 299 1560 | 115 180 1656
1951 11 636 | 76 285 1590 | 96 159 1696
1951 2083 113883 | 66 406 1479 | 63 612 1276
1951 1951 24700 | 25 26 1900 | 13 950 988
1952 337 61880 | 350 650 952 | 340 728 884
1952 323 58960 | 440 440 1072 | 335 737 880
1952 11 1872 | 384 416 1152 | 288 832 832
1952 1 170 | 305 610 1037 | 320 544 1088
1952 1453 233376 | 272 624 1056 | 286 544 1122
1952 251 39520 | 320 416 1216 | 288 494 1170
1952 11 1708 | 305 427 1220 | 244 854 854
1952 1 132 | 192 704 1056 | 244 366 1342
1952 61 7752 | 192 544 1216 | 204 456 1292
1952 101 12600 | 252 300 1400 | 182 600 1170
1952 29 3360 | 160 672 1120 | 224 288 1440
1952 29 2400 | 160 192 1600 | 104 600 1248
1952 61 4160 | 80 832 1040 | 128 160 1664
1952 61 3432 | 64 832 1056 | 104 132 1716
1952 863 45136 | 104 112 1736 | 62 434 1456
1952 1 30 | 32 960 960 | 61 61 1830
1952 83 2340 | 42 90 1820 | 30 806 1116
1953 21 4420 | 527 620 806 | 510 663 780
1953 21 4400 | 528 600 825 | 496 682 775
1953 277 57960 | 504 644 805 | 525 600 828
1953 93 18620 | 490 532 931 | 420 735 798
1953 7 1296 | 432 468 1053 | 378 567 1008
1953 56 9333 | 366 414 1173 | 306 549 1098
1953 217 35640 | 360 405 1188 | 270 792 891
1953 5 756 | 252 567 1134 | 315 378 1260
1953 3 451 | 341 341 1271 | 231 861 861
1953 31 4455 | 243 495 1215 | 231 567 1155
1953 31 4095 | 189 819 945 | 273 315 1365
1953 21 2728 | 248 341 1364 | 186 744 1023
1953 3 385 | 270 297 1386 | 182 770 1001
1953 109 13860 | 252 315 1386 | 198 495 1260
1953 31 3135 | 133 665 1155 | 171 297 1485
1953 7 621 | 138 297 1518 | 126 378 1449
1953 289 24570 | 105 756 1092 | 108 585 1260
1953 93 7840 | 105 672 1176 | 140 245 1568
1953 119 9900 | 108 495 1350 | 144 225 1584
1953 129 10465 | 105 483 1365 | 161 182 1610
1953 479 32760 | 90 351 1512 | 84 504 1365
1953 59 3927 | 78 770 1105 | 98 238 1617
1953 98 5175 | 72 225 1656 | 90 138 1725
1953 651 30475 | 69 159 1725 | 53 575 1325
1953 651 20075 | 55 73 1825 | 33 825 1095
1953 931 23868 | 28 378 1547 | 39 78 1836
1954 137 26520 | 390 680 884 | 456 510 988
1954 5 816 | 304 510 1140 | 272 696 986
1954 167 26928 | 288 544 1122 | 272 638 1044
1954 17 2730 | 260 770 924 | 273 615 1066
1954 1 156 | 273 533 1148 | 280 504 1170
1954 1 154 | 304 418 1232 | 264 546 1144
1954 113 14960 | 264 330 1360 | 204 550 1200
1954 97 12648 | 204 510 1240 | 187 744 1023
1954 7 880 | 190 532 1232 | 220 374 1360
1954 971 118440 | 168 846 940 | 225 329 1400
1954 727 84630 | 186 403 1365 | 168 546 1240
1954 97 11088 | 234 264 1456 | 154 792 1008
1954 529 57330 | 147 637 1170 | 198 286 1470
1954 85 4104 | 95 104 1755 | 54 760 1140
1954 1957 65520 | 40 234 1680 | 36 910 1008
1954 1 30 | 43 105 1806 | 32 930 992
1954 493 8550 | 18 836 1100 | 19 225 1710
1955 38 7735 | 455 650 850 | 476 595 884
1955 1 200 | 460 575 920 | 425 680 850
1955 1301 223839 | 323 561 1071 | 315 595 1045
1955 47 6800 | 272 408 1275 | 240 525 1190
1955 1 135 | 200 675 1080 | 275 330 1350
1955 7 936 | 195 720 1040 | 207 552 1196
1955 403 48720 | 175 580 1200 | 240 294 1421
1955 1 105 | 140 660 1155 | 150 475 1330
1955 118 12285 | 135 910 910 | 150 455 1350
1955 149 14896 | 128 896 931 | 190 245 1520
1955 61 4712 | 95 620 1240 | 93 798 1064
1955 11 805 | 115 230 1610 | 92 483 1380
1955 229 15120 | 80 525 1350 | 135 140 1680
1955 37 2184 | 70 520 1365 | 69 598 1288
1955 41 1155 | 33 217 1705 | 30 770 1155
1956 13 2520 | 462 504 990 | 420 576 960
1956 199 37620 | 396 570 990 | 360 760 836
1956 11 2016 | 396 504 1056 | 336 756 864
1956 31 5460 | 360 504 1092 | 416 420 1120
1956 163 26928 | 306 528 1122 | 288 612 1056
1956 27 4400 | 275 656 1025 | 360 396 1200
1956 163 25080 | 342 360 1254 | 240 836 880
1956 461 69300 | 300 396 1260 | 231 825 900
1956 9 1330 | 266 455 1235 | 228 720 1008
1956 653 92400 | 300 336 1320 | 231 525 1200
1956 163 22770 | 207 759 990 | 276 360 1320
1956 47 6132 | 196 584 1176 | 204 511 1241
1956 163 20460 | 220 372 1364 | 180 660 1116
1956 281 33516 | 171 588 1197 | 196 392 1368
1956 677 69300 | 150 420 1386 | 132 900 924
1956 157 10692 | 84 486 1386 | 81 660 1215
1956 5993 387600 | 75 912 969 | 76 680 1200
1956 269 15444 | 66 702 1188 | 108 132 1716
1956 163 8910 | 66 405 1485 | 72 264 1620
1956 4021 215460 | 70 266 1620 | 84 162 1710
1956 171 4510 | 32 164 1760 | 45 66 1845
1957 77 16185 | 546 581 830 | 495 715 747
1957 589 106425 | 387 495 1075 | 325 774 858
1957 1 165 | 285 627 1045 | 309 515 1133 | 275 725 957
1957 463 70224 | 304 399 1254 | 285 440 1232
1957 103 13680 | 190 855 912 | 285 304 1368
1957 51 6175 | 247 285 1425 | 175 585 1197
1957 19 2200 | 175 462 1320 | 232 275 1450
1957 197 21945 | 165 462 1330 | 209 285 1463
1957 19 2070 | 205 276 1476 | 144 805 1008
1957 1957 119140 | 115 140 1702 | 70 851 1036
1957 251 14157 | 77 242 1638 | 72 312 1573
1957 977 32760 | 65 72 1820 | 39 280 1638
1957 4861 120120 | 39 70 1848 | 33 104 1820
1958 41 7920 | 385 693 880 | 440 528 990
1958 19 3185 | 390 392 1176 | 294 624 1040
1958 9001 1492920 | 319 495 1144 | 330 468 1160
1958 43 5544 | 264 308 1386 | 198 528 1232
1958 113 12870 | 182 390 1386 | 198 330 1430
1958 857 97440 | 160 580 1218 | 203 315 1440
1958 533 43120 | 165 176 1617 | 98 880 980
1958 61 4830 | 102 476 1380 | 138 210 1610
1958 107 7920 | 88 880 990 | 110 264 1584
1958 1 68 | 88 374 1496 | 89 356 1513
1958 29 1872 | 88 286 1584 | 96 224 1638
1959 155 22287 | 276 391 1292 | 306 342 1311
1959 163 23100 | 210 825 924 | 231 528 1200
1959 1 135 | 195 819 945 | 225 459 1275
1959 131 17325 | 225 425 1309 | 189 825 945
1959 53 6300 | 189 420 1350 | 225 306 1428
1959 668 75075 | 154 650 1155 | 150 819 990
1959 127 12852 | 153 378 1428 | 130 884 945
1959 1 84 | 154 209 1596 | 144 231 1584
1959 113 7560 | 78 936 945 | 135 144 1680
1959 11 624 | 84 195 1680 | 99 144 1716
1959 311 13524 | 48 784 1127 | 69 126 1764
1959 533 19635 | 55 119 1785 | 45 231 1683
1959 149 2160 | 15 648 1296 | 21 48 1890
1960 1 210 | 490 735 735 | 560 560 840
1960 49 10200 | 510 600 850 | 480 680 800
1960 521 105336 | 440 665 855 | 504 532 924
1960 7 1408 | 440 640 880 | 448 616 896
1960 1 196 | 392 784 784 | 490 490 980
1960 1 192 | 400 600 960 | 448 504 1008
1960 49 9360 | 384 640 936 | 400 585 975
1960 73 13728 | 440 480 1040 | 364 672 924
1960 7 1300 | 400 520 1040 | 350 700 910
1960 23 4256 | 364 608 988 | 448 448 1064
1960 1 168 | 280 840 840 | 392 392 1176
1960 11 1800 | 360 400 1200 | 280 630 1050
1960 7 1140 | 270 702 988 | 266 770 924
1960 2491 360360 | 260 440 1260 | 231 585 1144
1960 931 134640 | 220 720 1020 | 315 336 1309
1960 7 992 | 279 369 1312 | 240 480 1240
1960 7 960 | 280 336 1344 | 200 800 960
1960 49 6600 | 240 400 1320 | 200 660 1100
1960 7 936 | 192 832 936 | 280 315 1365
1960 37 4788 | 266 308 1386 | 190 630 1140
1960 7 850 | 175 595 1190 | 200 400 1360
1960 1 120 | 168 672 1120 | 210 350 1400
1960 581 67184 | 156 816 988 | 238 266 1456
1960 91 10230 | 155 627 1178 | 154 651 1155
1960 1 110 | 147 735 1078 | 160 480 1320
1960 53 5600 | 140 700 1120 | 160 400 1400
1960 41 4284 | 136 816 1008 | 140 630 1190
1960 7 720 | 160 360 1440 | 140 560 1260
1960 101 10350 | 161 350 1449 | 135 675 1150
1960 473 48384 | 140 540 1280 | 192 256 1512
1960 119 10868 | 133 364 1463 | 114 858 988
1960 1 90 | 112 840 1008 | 175 210 1575
1960 1777 159600 | 112 798 1050 | 140 300 1520
1960 1 88 | 140 280 1540 | 112 616 1232
1960 19 1600 | 112 448 1400 | 160 200 1600
1960 37 2772 | 112 264 1584 | 105 315 1540
1960 49 3168 | 88 288 1584 | 80 440 1440
1960 19 1050 | 80 200 1680 | 70 315 1575
1960 161 5940 | 42 378 1540 | 40 864 1056
1960 49 1800 | 60 100 1800 | 40 720 1200
1960 7 256 | 56 112 1792 | 40 640 1280
1960 1 36 | 49 147 1764 | 40 480 1440
1960 7 220 | 35 385 1540 | 40 160 1760
1960 7 184 | 40 80 1840 | 28 644 1288
1960 841 16830 | 22 255 1683 | 21 630 1309
1961 2 385 | 374 782 805 | 440 520 1001
1961 617 117000 | 375 650 936 | 403 558 1000
1961 797 144760 | 380 517 1064 | 329 752 880
1961 37 6380 | 308 638 1015 | 377 440 1144
1961 1 161 | 259 851 851 | 371 371 1219
1961 194 29029 | 308 377 1276 | 232 728 1001
1961 41 5040 | 225 336 1400 | 176 630 1155
1961 65 7667 | 198 369 1394 | 170 561 1230
1961 179 20944 | 176 476 1309 | 168 561 1232
1961 149 15939 | 161 414 1386 | 176 336 1449
1961 7 740 | 148 518 1295 | 185 296 1480
1961 4337 432432 | 154 351 1456 | 143 432 1386
1961 5 444 | 111 740 1110 | 148 259 1554
1961 37 3180 | 106 795 1060 | 159 212 1590
1961 1 80 | 112 344 1505 | 99 630 1232
1961 101 7245 | 85 805 1071 | 92 420 1449
1961 109 7524 | 136 153 1672 | 99 266 1596
1961 1255 74613 | 70 561 1330 | 68 924 969
1961 433 25080 | 85 204 1672 | 99 152 1710
1962 109 23310 | 540 666 756 | 555 630 777
1962 3 616 | 462 660 840 | 504 567 891
1962 109 20790 | 378 660 924 | 405 567 990
1962 37 6930 | 378 594 990 | 450 462 1050
1962 109 19950 | 342 675 945 | 380 532 1050
1962 19 3240 | 288 810 864 | 315 567 1080
1962 1 168 | 280 812 870 | 324 504 1134
1962 109 18018 | 279 682 1001 | 330 462 1170
1962 155 25326 | 378 378 1206 | 268 756 938
1962 3 436 | 218 872 872 | 327 327 1308
1962 109 15330 | 270 378 1314 | 210 730 1022
1962 71 9702 | 198 882 882 | 234 441 1287
1962 239 30690 | 270 297 1395 | 186 660 1116
1962 31 3960 | 198 504 1260 | 180 792 990
1962 611 74970 | 195 441 1326 | 170 784 1008
1962 123 14960 | 170 704 1088 | 260 272 1430
1962 5 594 | 198 378 1386 | 162 810 990
1962 327 35360 | 156 480 1326 | 160 442 1360
1962 1129 120120 | 168 364 1430 | 176 330 1456
1962 79 8280 | 168 345 1449 | 138 720 1104
1962 65 6426 | 170 280 1512 | 126 918 918
1962 109 10710 | 126 765 1071 | 180 252 1530
1962 327 25024 | 138 192 1632 | 92 782 1088
1962 109 8190 | 90 780 1092 | 135 189 1638
1962 35 2574 | 126 198 1638 | 90 585 1287
1962 327 23086 | 119 194 1649 | 84 714 1164
1962 233 14256 | 81 297 1584 | 72 594 1296
1962 17 600 | 54 108 1800 | 40 372 1550
1962 123 2990 | 26 506 1430 | 30 138 1794
1962 319 6630 | 22 510 1430 | 24 170 1768
1962 109 1890 | 18 810 1134 | 30 42 1890
1963 31 6160 | 429 624 910 | 418 665 880
1963 13 2244 | 348 493 1122 | 297 748 918
1963 1019 145080 | 248 455 1260 | 234 520 1209
1963 131 15015 | 156 715 1092 | 154 819 990
1963 577 65835 | 171 462 1330 | 225 275 1463
1963 773 65520 | 104 819 1040 | 117 390 1456
1963 10403 793569 | 159 161 1643 | 93 651 1219
1963 26 1925 | 91 572 1300 | 88 875 1000
1963 41 2300 | 100 138 1725 | 65 598 1300
1963 18 1001 | 91 156 1716 | 63 910 990
1963 271 15048 | 88 165 1710 | 63 836 1064
1963 151 6165 | 45 685 1233 | 65 117 1781
1963 143 2565 | 19 405 1539 | 27 55 1881
1963 151 1888 | 13 416 1534 | 16 59 1888
1964 13 2618 | 425 714 825 | 490 539 935
1964 755 142324 | 364 680 920 | 391 572 1001
1964 1223 229152 | 378 594 992 | 352 744 868
1964 1 182 | 380 520 1064 | 364 560 1040
1964 13 1932 | 312 364 1288 | 230 714 1020
1964 11 1624 | 299 377 1288 | 224 812 928
1964 313 45540 | 280 396 1288 | 230 612 1122
1964 181 25760 | 260 416 1288 | 230 544 1190
1964 2143 298452 | 209 684 1071 | 204 836 924
1964 4891 655424 | 196 704 1064 | 209 539 1216
1964 3071 376740 | 184 520 1260 | 182 540 1242
1964 239 25480 | 140 784 1040 | 182 312 1470
1964 1 92 | 115 860 989 | 170 230 1564
1964 187 17100 | 144 300 1520 | 114 900 950
1964 271 17940 | 115 172 1677 | 78 690 1196
1964 73 2772 | 42 558 1364 | 44 336 1584
1964 5479 74256 | 14 624 1326 | 21 39 1904
1965 17 3432 | 510 520 935 | 429 704 832
1965 107 21528 | 483 546 936 | 460 585 920
1965 163 32175 | 429 600 936 | 495 495 975
1965 391 76440 | 390 735 840 | 392 715 858
1965 64 12285 | 378 690 897 | 390 630 945
1965 41 7800 | 390 600 975 | 425 520 1020
1965 521 89700 | 300 690 975 | 299 700 966
1965 1 165 | 315 495 1155 | 275 715 975
1965 71 9996 | 264 392 1309 | 210 735 1020
1965 43 5775 | 275 325 1365 | 231 425 1309
1965 61 7200 | 225 300 1440 | 160 855 950
1965 29 3360 | 210 315 1440 | 160 665 1140
1965 8 837 | 161 378 1426 | 150 465 1350
1965 29 3000 | 150 440 1375 | 135 750 1080
1965 2263 212520 | 161 264 1540 | 120 690 1155
1965 23 2100 | 180 210 1575 | 150 275 1540
1965 28 2385 | 150 225 1590 | 106 689 1170
1965 1 75 | 150 165 1650 | 90 750 1125
1965 713 48720 | 80 870 1015 | 140 145 1680
1965 389 23100 | 75 350 1540 | 84 231 1650
1965 17 693 | 51 231 1683 | 45 660 1260
1965 1 40 | 45 480 1440 | 75 90 1800
1965 1427 51480 | 40 495 1430 | 39 936 990
1966 193 37213 | 398 616 952 | 374 796 796
1966 685 116754 | 319 549 1098 | 366 440 1160
1966 401 65016 | 301 504 1161 | 264 756 946
1966 523 67830 | 238 360 1368 | 285 287 1394
1966 2453 314640 | 180 874 912 | 230 368 1368
1966 289 21924 | 91 783 1092 | 126 216 1624
1966 7 468 | 91 300 1575 | 117 172 1677
1966 839 53550 | 126 140 1700 | 85 306 1575
1966 557 26312 | 91 104 1771 | 66 184 1716
1966 3347 154440 | 55 351 1560 | 52 594 1320
1966 32 1287 | 52 198 1716 | 44 806 1116
1967 7 1140 | 266 756 945 | 285 580 1102
1967 23 3705 | 315 455 1197 | 285 551 1131
1967 193 30800 | 350 385 1232 | 272 595 1100
1967 3 476 | 252 833 882 | 273 572 1122
1967 287 41184 | 264 416 1287 | 286 369 1312
1967 29 4123 | 266 399 1302 | 217 665 1085
1967 67 8624 | 196 539 1232 | 182 784 1001
1967 671 81900 | 182 525 1260 | 216 351 1400
1967 6 637 | 140 735 1092 | 147 546 1274
1967 24547 2441880 | 170 285 1512 | 140 459 1368
1967 1823 172431 | 119 882 966 | 196 207 1564
1967 14 1105 | 98 595 1274 | 95 884 988
1967 2887 225225 | 117 275 1575 | 154 175 1638
1967 6419 492480 | 108 320 1539 | 95 576 1296
1967 7 494 | 92 380 1495 | 143 152 1672
1967 19 765 | 63 119 1785 | 45 527 1395
1968 37 7920 | 560 616 792 | 528 720 720
1968 729 145222 | 451 574 943 | 414 693 861
1968 83 16380 | 414 644 910 | 468 525 975
1968 281 51408 | 432 448 1088 | 336 714 918
1968 251 44352 | 315 693 960 | 336 576 1056
1968 1373 236964 | 294 806 868 | 308 637 1023
1968 1 168 | 288 672 1008 | 328 492 1148
1968 31 5148 | 330 468 1170 | 351 429 1188 | 288 624 1056 | 286 638 1044
1968 159 25480 | 260 728 980 | 294 504 1170
1968 37 5616 | 234 816 918 | 288 432 1248
1968 109 16380 | 252 546 1170 | 230 828 910 | 234 714 1020
1968 11 1560 | 240 480 1248 | 234 510 1224
1968 97 12144 | 220 368 1380 | 176 736 1056
1968 25 3024 | 192 432 1344 | 168 720 1080
1968 1 120 | 240 288 1440 | 164 820 984
1968 617 71400 | 168 525 1275 | 200 340 1428
1968 367 39480 | 141 840 987 | 224 240 1504
1968 599 57072 | 123 656 1189 | 144 348 1476
1968 25 2142 | 119 387 1462 | 105 918 945
1968 481 38808 | 99 693 1176 | 98 792 1078
1968 1 78 | 123 246 1599 | 96 624 1248
1968 283 17160 | 120 132 1716 | 78 330 1560
1969 19 3900 | 450 700 819 | 481 600 888
1969 1363 279072 | 459 646 864 | 513 544 912
1969 127 24640 | 448 520 1001 | 385 704 880
1969 71 11160 | 324 405 1240 | 279 520 1170
1969 1 144 | 288 369 1312 | 217 744 1008
1969 281 39396 | 268 378 1323 | 294 335 1340
1969 101 12749 | 209 418 1342 | 183 627 1159
1969 134 16445 | 253 286 1430 | 184 520 1265
1969 13 1440 | 205 288 1476 | 184 345 1440
1969 97 9240 | 120 903 946 | 165 264 1540
1969 2929 273700 | 175 230 1564 | 119 700 1150
1969 307 27115 | 187 187 1595 | 110 754 1105
1969 1 88 | 120 430 1419 | 110 715 1144
1969 1 60 | 110 143 1716 | 120 129 1720
1969 113 4641 | 65 119 1785 | 45 819 1105
1969 19 759 | 65 110 1794 | 44 660 1265
1969 47 1452 | 44 110 1815 | 33 968 968
1970 409 87584 | 544 644 782 | 575 595 800
1970 1177 216720 | 336 774 860 | 360 602 1008
1970 191 34650 | 374 525 1071 | 420 450 1100
1970 53 9282 | 306 728 936 | 325 595 1050
1970 29 4896 | 288 696 986 | 306 576 1088
1970 257 42840 | 306 544 1120 | 360 420 1190
1970 17 2800 | 350 420 1200 | 280 650 1040
1970 191 30498 | 255 805 910 | 276 572 1122
1970 167 25389 | 288 434 1248 | 234 868 868
1970 121 17940 | 325 345 1300 | 276 429 1265
1970 31 4200 | 210 560 1200 | 280 325 1365
1970 1591 212520 | 220 462 1288 | 230 420 1320
1970 17 2250 | 195 650 1125 | 210 500 1260
1970 5 616 | 220 350 1400 | 260 280 1430
1970 361 42840 | 224 306 1440 | 168 612 1190
1970 103 11550 | 165 475 1330 | 150 770 1050
1970 53 4186 | 130 230 1610 | 98 598 1274
1970 527 41040 | 95 675 1200 | 108 342 1520
1970 2447 175950 | 85 850 1035 | 100 306 1564
1970 121 8400 | 85 525 1360 | 140 150 1680
1970 737 30600 | 85 85 1800 | 50 288 1632
1970 29 1200 | 48 372 1550 | 80 90 1800
1970 313 12600 | 45 525 1400 | 70 100 1800
1970 1033 31008 | 34 304 1632 | 32 969 969
1971 219 46480 | 560 581 830 | 504 720 747
1971 73 12320 | 288 693 990 | 336 480 1155
1971 8 1215 | 243 648 1080 | 270 486 1215
1971 743 100485 | 195 819 957 | 231 435 1305
1971 23 3060 | 270 324 1377 | 221 450 1300
1971 13441 1660560 | 204 407 1360 | 185 528 1258
1971 73 8208 | 162 513 1296 | 171 432 1368
1971 73 7560 | 135 756 1080 | 189 270 1512
1971 181 15960 | 112 624 1235 | 175 200 1596
1971 241 17136 | 84 816 1071 | 112 221 1638
1971 73 5180 | 126 180 1665 | 84 777 1110
1971 73 4968 | 108 207 1656 | 81 648 1242
1971 1597 99180 | 116 145 1710 | 90 228 1653
1971 1 60 | 81 270 1620 | 73 438 1460
1971 757 34272 | 51 576 1344 | 90 96 1785
1971 55 2352 | 49 434 1488 | 63 144 1764
1972 1 208 | 520 572 880 | 544 544 884 | 464 754 754
1972 13 2436 | 348 812 812 | 406 522 1044
1972 13 2380 | 357 595 1020 | 340 680 952
1972 125 22848 | 408 476 1088 | 340 672 960
1972 1 180 | 340 612 1020 | 348 580 1044
1972 181 32032 | 308 832 832 | 352 528 1092
1972 61 10780 | 385 460 1127 | 308 784 880
1972 79 13580 | 388 420 1164 | 291 820 861
1972 19 3168 | 306 544 1122 | 352 432 1188
1972 11 1820 | 340 442 1190 | 308 520 1144
1972 19 3060 | 306 476 1190 | 340 408 1224
1972 1 154 | 322 385 1265 | 255 595 1122
1972 4453 669760 | 320 364 1288 | 230 832 910
1972 293 37620 | 190 594 1188 | 180 880 912
1972 113 13860 | 180 560 1232 | 207 385 1380
1972 1 110 | 145 870 957 | 180 352 1440
1972 83 8976 | 204 272 1496 | 152 528 1292
1972 229 24700 | 190 300 1482 | 152 520 1300
1972 11 992 | 132 352 1488 | 112 868 992
1972 41 3600 | 112 600 1260 | 180 192 1600
1972 307 25704 | 112 432 1428 | 102 918 952
1972 919 76908 | 102 884 986 | 116 377 1479
1972 1201 61600 | 100 112 1760 | 64 308 1600
1972 55 1836 | 36 748 1188 | 68 68 1836
1972 583 9520 | 17 595 1360 | 28 40 1904
1973 47 9516 | 460 598 915 | 488 549 936
1973 89 15600 | 315 650 1008 | 400 429 1144
1973 13 2024 | 272 528 1173 | 248 713 1012
1973 485 72072 | 294 392 1287 | 273 440 1260
1973 5881 765765 | 234 374 1365 | 187 715 1071
1973 145 18109 | 182 597 1194 | 210 398 1365
1973 55 5402 | 148 365 1460 | 164 292 1517
1973 2531 43263 | 18 437 1518 | 23 69 1881
1974 7 1410 | 470 564 940 | 423 705 846
1974 37 7182 | 378 798 798 | 399 630 945
1974 49 8976 | 336 714 924 | 374 544 1056
1974 229 41496 | 342 624 1008 | 364 546 1064
1974 23 3822 | 273 819 882 | 294 588 1092
1974 2683 432432 | 364 378 1232 | 264 702 1008
1974 37 5880 | 252 840 882 | 280 539 1155
1974 137 21420 | 357 357 1260 | 280 504 1190
1974 97 15120 | 245 784 945 | 336 378 1260
1974 11 1680 | 240 714 1020 | 280 462 1232
1974 193 29070 | 238 665 1071 | 340 342 1292
1974 59 8736 | 224 840 910 | 264 462 1248
1974 23 3360 | 224 700 1050 | 240 544 1190
1974 1 144 | 224 630 1120 | 240 510 1224
1974 9 1274 | 245 455 1274 | 273 378 1323
1974 937 131040 | 234 480 1260 | 231 495 1248
1974 23 3120 | 240 408 1326 | 273 336 1365
1974 19 2520 | 280 308 1386 | 189 840 945 | 210 504 1260
1974 245 31464 | 207 456 1311 | 180 874 920
1974 259 31200 | 234 300 1440 | 176 550 1248
1974 911 90090 | 182 252 1540 | 126 858 990
1974 191 18720 | 126 728 1120 | 144 390 1440
1974 79 6720 | 104 910 960 | 150 224 1600
1974 2269 191520 | 105 672 1197 | 114 420 1440
1974 259 21216 | 102 624 1248 | 104 544 1326
1974 137 11088 | 99 720 1155 | 126 264 1584
1974 7 552 | 115 299 1560 | 98 588 1288
1974 1759 77616 | 49 693 1232 | 66 144 1764
1974 527 22050 | 49 350 1575 | 60 150 1764
1974 7 288 | 54 192 1728 | 47 423 1504
1974 7 195 | 30 540 1404 | 52 62 1860
1974 2183 43890 | 30 63 1881 | 21 798 1155
1975 41 8736 | 525 650 800 | 544 612 819
1975 67 13860 | 525 550 900 | 455 728 792
1975 79 15225 | 435 525 1015 | 375 725 875
1975 2 375 | 350 750 875 | 375 600 1000
1975 11 1880 | 400 400 1175 | 330 517 1128
1975 61 9100 | 260 490 1225 | 325 350 1300
1975 79 11440 | 275 400 1300 | 220 715 1040
1975 281 39600 | 208 792 975 | 225 550 1200
1975 29 3900 | 225 450 1300 | 260 350 1365
1975 1 112 | 175 400 1400 | 158 553 1264
1975 88 8775 | 130 675 1170 | 135 540 1300
1975 1063 86625 | 125 275 1575 | 105 495 1375
1975 4949 370760 | 115 248 1612 | 91 644 1240
1976 13 2720 | 480 680 816 | 476 700 800
1976 247 51590 | 469 737 770 | 536 560 880
1976 233 47880 | 504 560 912 | 456 665 855
1976 247 50600 | 440 736 800 | 506 550 920
1976 59 11284 | 403 572 1001 | 364 806 806
1976 11 2080 | 416 520 1040 | 380 608 988
1976 19 3510 | 351 650 975 | 416 480 1080
1976 11 2016 | 416 468 1092 | 352 616 1008
1976 19 3444 | 336 656 984 | 364 546 1066
1976 1 176 | 416 416 1144 | 304 836 836
1976 13 2280 | 380 456 1140 | 304 760 912
1976 39 6664 | 294 696 986 | 392 408 1176
1976 25 4032 | 280 576 1120 | 264 704 1008
1976 13 2090 | 266 665 1045 | 320 440 1216
1976 991 155610 | 247 819 910 | 285 494 1197
1976 1 156 | 247 741 988 | 312 416 1248
1976 107 16380 | 240 728 1008 | 260 546 1170
1976 247 36960 | 264 480 1232 | 240 616 1120
1976 19 2754 | 272 408 1296 | 221 702 1053
1976 247 35532 | 216 752 1008 | 282 378 1316
1976 13 1860 | 228 570 1178 | 240 496 1240
1976 1 140 | 266 380 1330 | 208 728 1040
1976 781 103740 | 190 798 988 | 247 364 1365
1976 47 6072 | 184 736 1056 | 209 456 1311
1976 1 126 | 261 294 1421 | 176 792 1008
1976 247 30800 | 176 700 1100 | 224 352 1400
1976 19 2184 | 208 312 1456 | 156 728 1092
1976 1 114 | 247 247 1482 | 152 912 912
1976 199 20930 | 182 299 1495 | 161 385 1430
1976 19 1904 | 128 896 952 | 208 221 1547 | 140 476 1360
1976 7 680 | 140 408 1428 | 195 221 1560
1976 19 1760 | 130 416 1430 | 128 440 1408
1976 247 22680 | 120 560 1296 | 140 324 1512
1976 13 1188 | 114 836 1026 | 176 216 1584
1976 247 19200 | 96 600 1280 | 120 256 1600
1976 115 7524 | 76 855 1045 | 88 304 1584
1976 247 15810 | 80 408 1488 | 85 310 1581
1976 25 1596 | 76 570 1330 | 126 140 1710
1976 13 630 | 56 480 1440 | 54 837 1085
1976 157 7020 | 65 156 1755 | 54 310 1612
1976 19 840 | 52 364 1560 | 56 240 1680
1976 481 20196 | 46 918 1012 | 48 432 1496
1976 247 4830 | 24 112 1840 | 21 345 1610
1976 19 294 | 16 784 1176 | 26 39 1911
1977 277 58140 | 495 646 836 | 510 612 855
1977 7 1320 | 360 693 924 | 352 800 825
1977 1549 220248 | 228 552 1197 | 252 437 1288
1977 937 126945 | 210 558 1209 | 195 837 945
1977 7 936 | 252 360 1365 | 195 702 1080
1977 295 33288 | 152 730 1095 | 171 438 1368
1977 95 8064 | 128 301 1548 | 105 720 1152
1977 79 5508 | 132 162 1683 | 102 255 1620
1977 153 10640 | 126 171 1680 | 85 532 1360
1977 38 2145 | 66 546 1365 | 69 390 1518
1977 925 51612 | 68 391 1518 | 66 483 1428
1977 35 1683 | 55 527 1395 | 63 231 1683
1977 611 25080 | 45 792 1140 | 57 160 1760
1977 356 12915 | 45 210 1722 | 41 396 1540
1977 13 456 | 57 96 1824 | 39 456 1482
1977 3161 71400 | 24 525 1428 | 25 272 1680
1978 1 210 | 483 690 805 | 516 602 860
1978 769 147798 | 378 680 920 | 391 621 966
1978 5 936 | 350 728 900 | 387 559 1032 | 405 520 1053
1978 67 12376 | 340 728 910 | 442 448 1088
1978 229 38610 | 286 702 990 | 297 615 1066
1978 2543 414960 | 304 504 1170 | 273 665 1040
1978 37 5720 | 240 858 880 | 270 520 1188
1978 97 14535 | 306 380 1292 | 228 850 900
1978 9 1330 | 228 700 1050 | 322 345 1311
1978 89 11592 | 207 483 1288 | 184 828 966
1978 43 5520 | 184 690 1104 | 230 368 1380
1978 11 1400 | 184 644 1150 | 238 340 1400
1978 9 1078 | 165 735 1078 | 196 396 1386
1978 3293 358904 | 145 728 1105 | 232 238 1508
1978 43 4554 | 138 828 1012 | 207 253 1518
1978 37 3220 | 184 184 1610 | 115 483 1380
1978 1019 72732 | 88 522 1368 | 116 209 1653
1978 43 2920 | 115 184 1679 | 80 730 1168
1978 19 952 | 56 868 1054 | 91 119 1768
1978 31 1540 | 56 682 1240 | 92 115 1771
1978 1 42 | 46 966 966 | 56 186 1736 | 86 86 1806
1978 599 22022 | 40 728 1210 | 42 363 1573
1979 73 11880 | 297 522 1160 | 264 770 945
1979 187 28665 | 315 390 1274 | 245 663 1071
1979 395 51612 | 204 510 1265 | 187 736 1056
1979 134 13195 | 130 602 1247 | 143 406 1430
1979 1549 143871 | 119 651 1209 | 153 279 1547
1979 1609 136136 | 119 364 1496 | 104 770 1105
1979 1352 98175 | 119 210 1650 | 88 616 1275
1979 3743 260400 | 93 336 1550 | 124 175 1680
1979 15551 765765 | 65 231 1683 | 55 819 1105
1979 8906 421515 | 58 306 1615 | 68 171 1740
1980 3 650 | 550 715 715 | 600 600 780
1980 1 216 | 594 594 792 | 540 720 720
1980 3 616 | 528 528 924 | 440 770 770
1980 41 8316 | 495 540 945 | 462 594 924
1980 613 122850 | 450 585 945 | 416 700 864
1980 1 198 | 396 792 792 | 495 495 990
1980 151 29172 | 440 520 1020 | 374 748 858
1980 53 10080 | 360 756 864 | 450 480 1050
1980 3 550 | 330 825 825 | 440 440 1100
1980 1121 202020 | 370 518 1092 | 416 444 1120
1980 1 180 | 330 660 990 | 360 540 1080
1980 17 3024 | 324 648 1008 | 315 720 945
1980 3 532 | 420 420 1140 | 308 836 836
1980 199 31920 | 280 560 1140 | 330 418 1232
1980 1 160 | 264 660 1056 | 300 480 1200
1980 73 11550 | 264 616 1100 | 275 550 1155
1980 2 315 | 252 720 1008 | 360 360 1260
1980 257 40392 | 297 459 1224 | 264 594 1122
1980 1 156 | 264 572 1144 | 270 540 1170
1980 73 11340 | 252 648 1080 | 315 405 1260
1980 3 464 | 240 870 870 | 352 352 1276
1980 3 440 | 220 880 880 | 330 330 1320
1980 37 5400 | 240 540 1200 | 225 675 1080
1980 71 10296 | 220 720 1040 | 264 429 1287
1980 139 18900 | 252 378 1350 | 200 700 1080
1980 1 132 | 220 440 1320 | 198 594 1188
1980 59 7200 | 240 300 1440 | 175 608 1197
1980 3 364 | 176 572 1232 | 195 420 1365
1980 3 350 | 160 700 1120 | 175 475 1330
1980 3 322 | 231 231 1518 | 140 920 920
1980 57 5980 | 140 644 1196 | 143 572 1265
1980 3 308 | 220 220 1540 | 132 924 924
1980 31 2898 | 175 230 1575 | 117 897 966
1980 47 4356 | 121 572 1287 | 132 396 1452
1980 43 3960 | 176 220 1584 | 135 360 1485
1980 257 23100 | 140 300 1540 | 175 209 1596
1980 31 2730 | 110 715 1155 | 140 280 1560
1980 23 2016 | 120 420 1440 | 108 864 1008
1980 7 600 | 110 550 1320 | 105 875 1000
1980 37 3150 | 135 270 1575 | 105 750 1125
1980 131 9900 | 132 198 1650 | 90 900 990
1980 17 1260 | 90 630 1260 | 105 300 1575
1980 1 58 | 66 957 957 | 120 120 1740
1980 3 160 | 110 110 1760 | 60 960 960
1980 269 13920 | 80 160 1740 | 58 930 992
1980 3 140 | 55 385 1540 | 60 240 1680
1980 131 5280 | 44 880 1056 | 55 165 1760
1980 239 9120 | 76 80 1824 | 42 608 1330
1981 283 51480 | 330 715 936 | 385 504 1092
1981 38 6825 | 330 650 1001 | 364 525 1092
1981 2389 428400 | 350 560 1071 | 315 816 850
1981 7 1140 | 266 735 980 | 290 551 1140
1981 839 121520 | 245 496 1240 | 217 784 980
1981 283 36660 | 210 455 1316 | 195 564 1222
1981 343 44200 | 187 650 1144 | 221 400 1360
1981 3811 478800 | 175 798 1008 | 252 304 1425
1981 443 52668 | 252 266 1463 | 168 616 1197
1981 3 308 | 132 903 946 | 210 231 1540
1981 82 5005 | 77 364 1540 | 70 910 1001
1981 1999 81144 | 56 161 1764 | 49 276 1656
1981 29 924 | 56 77 1848 | 43 132 1806
1981 1981 61336 | 41 136 1804 | 34 451 1496
1981 1981 43516 | 23 946 1012 | 43 46 1892
1982 991 175032 | 306 792 884 | 396 442 1144
1982 991 166842 | 279 806 897 | 372 414 1196
1982 467 76570 | 266 806 910 | 310 494 1178
1982 85 13392 | 310 432 1240 | 248 816 918
1982 2 315 | 342 380 1260 | 260 630 1092
1982 3691 556920 | 280 442 1260 | 234 728 1020
1982 4739 689130 | 234 570 1178 | 217 855 910
1982 533 67320 | 180 680 1122 | 176 816 990
1982 1 126 | 190 532 1260 | 182 630 1170
1982 2819 278460 | 126 816 1040 | 180 255 1547
1982 4567 416024 | 119 552 1311 | 152 266 1564
1982 3907 301070 | 119 253 1610 | 110 308 1564
1982 1259 90090 | 110 234 1638 | 90 462 1430
1982 733 47600 | 102 200 1680 | 112 170 1700
1982 535 31122 | 90 182 1710 | 78 266 1638
1982 225 11362 | 78 156 1748 | 57 690 1235
1982 311 13800 | 90 92 1800 | 50 552 1380
1982 1373 48070 | 38 690 1254 | 44 190 1748
1982 2647 64584 | 26 552 1404 | 27 299 1656
1983 661 128520 | 459 504 1020 | 378 765 840
1983 47 8721 | 351 663 969 | 399 513 1071
1983 661 112860 | 330 513 1140 | 297 660 1026
1983 37 6300 | 324 525 1134 | 285 798 900
1983 181 29748 | 268 777 938 | 333 444 1206
1983 4057 622440 | 280 468 1235 | 266 520 1197
1983 113 13104 | 168 528 1287 | 156 819 1008
1983 166 15345 | 126 462 1395 | 124 495 1364
1983 95 8316 | 108 825 1050 | 117 462 1404
1983 281 20748 | 117 228 1638 | 143 168 1672
1983 17 936 | 63 672 1248 | 72 273 1638 | 108 120 1755
1983 2419 121800 | 58 525 1400 | 75 168 1740
1983 4031 185640 | 51 840 1092 | 78 120 1785
1983 751 30888 | 48 351 1584 | 45 858 1080
1983 661 24120 | 40 603 1340 | 54 120 1809
1984 1 220 | 640 640 704 | 620 682 682
1984 613 122892 | 476 539 969 | 418 684 882
1984 793 157212 | 397 759 828 | 396 794 794
1984 23 4160 | 320 832 832 | 416 448 1120
1984 11 1736 | 310 434 1240 | 248 868 868
1984 5 768 | 320 384 1280 | 256 576 1152
1984 73 11160 | 279 465 1240 | 248 620 1116
1984 31 4480 | 256 448 1280 | 224 640 1120
1984 7 930 | 279 310 1395 | 217 465 1302
1984 47 5940 | 190 540 1254 | 220 378 1386
1984 233 27552 | 160 840 984 | 164 672 1148
1984 725 80784 | 165 459 1360 | 216 272 1496
1984 31 3040 | 128 640 1216 | 160 304 1520
1984 43 3780 | 135 301 1548 | 114 540 1330
1984 467 31920 | 80 840 1064 | 114 190 1680
1984 17 1080 | 76 540 1368 | 129 135 1720
1984 85 4788 | 84 190 1710 | 66 532 1386
1984 589 25200 | 72 112 1800 | 48 550 1386
1984 13 480 | 48 176 1760 | 40 864 1080
1984 65 1736 | 31 217 1736 | 40 84 1860
1984 829 18720 | 24 520 1440 | 32 80 1872
1985 397 84084 | 490 715 780 | 539 588 858
1985 397 74976 | 352 781 852 | 440 480 1065
1985 337 60480 | 320 720 945 | 357 540 1088
1985 31 5544 | 333 616 1036 | 360 525 1100
1985 1 176 | 377 464 1144 | 304 779 902
1985 167 27664 | 304 533 1148 | 280 665 1040
1985 331 45936 | 240 440 1305 | 234 464 1287
1985 1 126 | 225 360 1400 | 180 665 1140
1985 11 1360 | 170 880 935 | 200 425 1360
1985 16 1925 | 165 770 1050 | 200 385 1400
1985 293 30600 | 136 774 1075 | 200 255 1530
1985 1 104 | 136 731 1118 | 161 368 1456
1985 829 83160 | 136 540 1309 | 165 308 1512
1985 149 14616 | 126 728 1131 | 203 216 1566
1985 38 3465 | 180 209 1596 | 126 429 1430
1985 907 78155 | 145 245 1595 | 165 203 1617
1985 397 32472 | 165 180 1640 | 99 902 984
1985 59 4392 | 122 216 1647 | 100 360 1525
1985 541 38760 | 85 760 1140 | 95 360 1530
1985 151 10395 | 81 770 1134 | 98 270 1617
1985 145 8073 | 115 115 1755 | 65 540 1380
1985 44 1813 | 74 98 1813 | 49 308 1628
1985 397 15980 | 50 235 1700 | 47 340 1598
1985 397 11220 | 55 60 1870 | 30 935 1020
1986 331 70290 | 495 710 781 | 540 594 852
1986 263 51870 | 399 690 897 | 390 798 798
1986 37 7182 | 399 621 966 | 456 504 1026
1986 65 11088 | 336 495 1155 | 324 528 1134
1986 331 56430 | 380 418 1188 | 285 810 891
1986 331 54120 | 264 820 902 | 360 396 1230
1986 2 315 | 252 714 1020 | 330 396 1260
1986 17 2520 | 264 462 1260 | 252 510 1224
1986 331 42570 | 270 297 1419 | 180 860 946
1986 7 792 | 162 528 1296 | 238 252 1496
1986 161 13770 | 162 204 1620 | 105 810 1071
1986 331 26400 | 160 176 1650 | 96 900 990
1986 103 8208 | 116 304 1566 | 96 864 1026
1986 37 2145 | 66 880 1040 | 90 180 1716
1986 419 24024 | 66 672 1248 | 88 182 1716
1986 53 2400 | 90 96 1800 | 50 880 1056
1986 331 10230 | 33 930 1023 | 60 66 1860
1986 77 1872 | 26 504 1456 | 36 78 1872
1987 1987 388080 | 440 539 1008 | 385 720 882
1987 353 61200 | 306 656 1025 | 400 414 1173
1987 205 32604 | 312 440 1235 | 286 513 1188
1987 353 55836 | 282 517 1188 | 297 468 1222
1987 5 759 | 285 437 1265 | 253 561 1173
1987 377 45920 | 170 697 1120 | 224 328 1435
1987 82 9009 | 154 546 1287 | 182 342 1463
1987 8563 858585 | 185 255 1547 | 195 238 1554
1987 53 4420 | 102 780 1105 | 160 195 1632
1987 179 9945 | 63 819 1105 | 65 527 1395
1987 1 52 | 76 182 1729 | 65 310 1612
1987 79 3885 | 55 777 1155 | 63 259 1665
1987 7501 368280 | 66 216 1705 | 55 744 1188
1988 7 1496 | 544 608 836 | 539 616 833
1988 499 103740 | 468 665 855 | 532 546 910
1988 17 2940 | 392 420 1176 | 294 770 924
1988 7 1020 | 252 476 1260 | 220 748 1020
1988 13 1764 | 294 308 1386 | 196 784 1008
1988 59 6160 | 140 616 1232 | 224 224 1540
1988 31 2842 | 116 696 1176 | 126 441 1421
1988 1169 85272 | 152 153 1683 | 88 646 1254
1988 23 1575 | 80 900 1008 | 84 504 1400
1988 919 60060 | 132 140 1716 | 84 364 1540
1988 343 19734 | 66 713 1209 | 88 184 1716
1988 67 3696 | 63 693 1232 | 66 434 1488
1988 19 780 | 52 220 1716 | 84 84 1820
1988 59 2380 | 44 924 1020 | 50 238 1700
1988 2471 68640 | 32 240 1716 | 33 195 1760
1989 59 12540 | 540 594 855 | 494 715 780
1989 1 204 | 459 612 918 | 442 663 884
1989 39 7480 | 374 680 935 | 408 561 1020
1989 1 189 | 357 714 918 | 351 819 819 | 459 459 1071
1989 13 2337 | 369 513 1107 | 323 697 969
1989 361 63756 | 308 738 943 | 414 420 1155
1989 6 1001 | 273 858 858 | 308 533 1148
1989 197 32760 | 315 504 1170 | 273 780 936
1989 11 1800 | 264 825 900 | 340 425 1224
1989 2 315 | 273 546 1170 | 324 405 1260
1989 29 4320 | 225 864 900 | 288 405 1296
1989 61 7854 | 204 476 1309 | 189 612 1188
1989 11 1404 | 204 459 1326 | 234 351 1404
1989 97 12060 | 180 603 1206 | 207 402 1380
1989 13 1575 | 165 900 924 | 189 450 1350
1989 61 6930 | 205 308 1476 | 165 504 1320
1989 2591 255024 | 126 759 1104 | 144 396 1449
1989 211 20280 | 169 260 1560 | 130 507 1352
1989 3 280 | 156 273 1560 | 140 344 1505 | 119 680 1190
1989 39 3560 | 136 340 1513 | 120 534 1335
1989 13 1140 | 170 204 1615 | 108 855 1026
1989 123 10472 | 119 374 1496 | 104 884 1001
1989 11 900 | 99 900 990 | 102 612 1275
1989 3 232 | 104 377 1508 | 102 408 1479
1989 39 2720 | 102 255 1632 | 85 544 1360
1989 39 2200 | 75 264 1650 | 68 425 1496
1989 41 2184 | 102 119 1768 | 65 364 1560
1989 23 819 | 45 189 1755 | 39 585 1365
1989 3 92 | 39 156 1794 | 34 391 1564
1990 11 2340 | 495 715 780 | 520 630 840
1990 1 208 | 520 560 910 | 532 546 912
1990 67 13650 | 494 546 950 | 450 630 910
1990 781 152334 | 403 621 966 | 378 806 806
1990 163 31350 | 450 495 1045 | 380 660 950
1990 199 34782 | 341 527 1122 | 310 660 1020
1990 4 693 | 308 638 1044 | 300 700 990
1990 139 24050 | 370 450 1170 | 325 555 1110
1990 93 15400 | 280 660 1050 | 300 546 1144
1990 199 32832 | 270 760 960 | 342 432 1216
1990 1 154 | 275 490 1225 | 308 406 1276
1990 673 96600 | 252 450 1288 | 230 560 1200
1990 849 118864 | 204 874 912 | 285 345 1360
1990 67 9360 | 208 702 1080 | 240 450 1300
1990 149 19800 | 220 450 1320 | 275 315 1400
1990 199 25480 | 196 520 1274 | 200 490 1300
1990 199 24310 | 170 715 1105 | 220 340 1430
1990 233 25568 | 160 470 1360 | 204 282 1504
1990 529 52360 | 170 280 1540 | 154 340 1496
1990 109 10360 | 154 296 1540 | 140 370 1480
1990 199 16120 | 130 248 1612 | 100 650 1240
1990 13 1050 | 100 630 1260 | 165 175 1650
1990 199 14950 | 92 598 1300 | 115 250 1625
1990 4691 291720 | 72 748 1170 | 104 170 1716
1990 2 119 | 68 868 1054 | 70 560 1360
1990 59 2856 | 68 186 1736 | 85 120 1785
1990 13 616 | 70 160 1760 | 58 308 1624
1990 73 3150 | 70 120 1800 | 52 300 1638
1991 227 45045 | 455 546 990 | 495 495 1001
1991 181 33915 | 357 665 969 | 385 561 1045
1991 347 59752 | 291 776 924 | 308 616 1067
1991 13 1848 | 231 528 1232 | 220 616 1155
1991 3071 335335 | 182 335 1474 | 143 910 938
1991 2125 216524 | 209 228 1554 | 185 266 1540
1991 7 660 | 121 660 1210 | 132 429 1430
1991 41 3655 | 129 357 1505 | 110 935 946
1991 2245 171171 | 91 855 1045 | 99 429 1463
1992 23 4320 | 396 540 1056 | 432 480 1080
1992 11 2040 | 360 612 1020 | 336 816 840
1992 167 30030 | 336 616 1040 | 315 819 858
1992 11 1920 | 360 480 1152 | 312 640 1040
1992 27 4420 | 270 702 1020 | 272 680 1040
1992 211 30780 | 276 405 1311 | 228 630 1134
1992 233 32760 | 210 702 1080 | 312 315 1365
1992 103 14076 | 207 612 1173 | 198 782 1012
1992 283 38640 | 276 336 1380 | 224 480 1288
1992 107 14400 | 200 640 1152 | 192 900 900
1992 13 1596 | 192 456 1344 | 168 912 912
1992 215 24948 | 165 567 1260 | 168 528 1296
1992 23 2520 | 144 840 1008 | 210 270 1512
1992 307 33516 | 144 784 1064 | 180 342 1470
1992 565 52668 | 133 396 1463 | 198 198 1596
1992 193 16956 | 117 471 1404 | 108 942 942
1992 141 10472 | 133 187 1672 | 88 952 952
1992 3931 291720 | 102 330 1560 | 88 884 1020
1992 1473 108680 | 88 760 1144 | 130 190 1672
1992 743 48906 | 117 165 1710 | 78 627 1287
1992 263 17160 | 120 156 1716 | 129 143 1720
1992 11 672 | 72 576 1344 | 70 930 992
1992 1 60 | 70 620 1302 | 72 480 1440 | 83 249 1660
1992 17 840 | 56 616 1320 | 70 186 1736
1992 317 9360 | 60 60 1872 | 32 520 1440
1993 43 9315 | 585 598 810 | 567 621 805
1993 41 8120 | 420 616 957 | 406 667 920
1993 61 10920 | 312 820 861 | 420 429 1144
1993 109 16380 | 228 855 910 | 286 420 1287
1993 1403 197780 | 310 319 1364 | 217 616 1160
1993 1993 276640 | 247 416 1330 | 208 665 1120
1993 43 5850 | 225 468 1300 | 208 585 1200
1993 41 4680 | 205 312 1476 | 160 585 1248
1993 1636 180523 | 148 697 1148 | 238 238 1517
1993 115 12264 | 168 365 1460 | 189 292 1512
1993 439 41860 | 154 299 1540 | 130 483 1380
1993 1993 125580 | 84 299 1610 | 78 420 1495
1993 1367 25256 | 22 123 1848 | 21 168 1804
1994 49 9360 | 368 690 936 | 364 720 910
1994 59 10296 | 299 759 936 | 312 638 1044
1994 719 124950 | 294 850 850 | 300 714 980
1994 67 10640 | 304 455 1235 | 266 608 1120
1994 31 4680 | 234 720 1040 | 312 377 1305 | 260 510 1224 | 230 828 936
1994 997 146510 | 260 460 1274 | 230 637 1127
1994 181 25194 | 209 663 1122 | 234 468 1292
1994 53 7150 | 209 550 1235 | 200 650 1144
1994 293 38950 | 190 779 1025 | 266 328 1400
1994 997 117600 | 224 300 1470 | 160 784 1050
1994 11 1170 | 138 920 936 | 204 260 1530
1994 8 495 | 80 330 1584 | 72 682 1240
1994 43 2142 | 56 714 1224 | 90 119 1785
1995 19 4080 | 560 595 840 | 510 720 765
1995 7 1485 | 513 627 855 | 495 675 825
1995 203 42900 | 480 715 800 | 550 561 884
1995 199 41496 | 456 741 798 | 455 760 780
1995 19 3960 | 462 693 840 | 495 600 900
1995 131 26796 | 462 609 924 | 429 754 812
1995 7 1404 | 494 513 988 | 405 780 810
1995 7 1368 | 380 760 855 | 456 513 1026
1995 11 2100 | 420 525 1050 | 456 475 1064
1995 133 25056 | 435 480 1080 | 348 783 864
1995 19 3360 | 315 672 1008 | 350 525 1120
1995 1 171 | 399 399 1197 | 285 855 855
1995 1 168 | 280 735 980 | 342 456 1197
1995 19 2940 | 294 441 1260 | 245 700 1050
1995 1 147 | 245 525 1225 | 294 378 1323
1995 47 6300 | 280 315 1400 | 210 525 1260
1995 143 18900 | 189 756 1050 | 225 420 1350
1995 9 1120 | 240 315 1440 | 175 700 1120
1995 791 98325 | 171 874 950 | 225 345 1425
1995 713 85995 | 182 490 1323 | 189 441 1365
1995 1 120 | 180 495 1320 | 245 280 1470
1995 133 15228 | 162 564 1269 | 180 405 1410
1995 153 15400 | 136 550 1309 | 175 280 1540
1995 19 1800 | 120 750 1125 | 168 252 1575
1995 133 12375 | 125 495 1375 | 135 375 1485
1995 133 11484 | 132 297 1566 | 110 580 1305
1995 7 600 | 114 456 1425 | 120 375 1500 | 105 840 1050
1995 19 1620 | 105 756 1134 | 150 225 1620
1995 19 1617 | 105 735 1155 | 147 231 1617
1995 1 84 | 105 630 1260 | 133 266 1596
1995 139 11193 | 105 455 1435 | 123 273 1599
1995 133 10560 | 99 576 1320 | 120 275 1600
1995 1 75 | 95 475 1425 | 105 315 1575
1995 133 9207 | 135 155 1705 | 81 891 1023
1995 433 26460 | 81 294 1620 | 70 945 980
1995 43 2625 | 70 875 1050 | 75 420 1500
1995 71 4200 | 70 525 1400 | 120 125 1750
1995 1 51 | 105 105 1785 | 57 969 969
1995 5147 224400 | 48 825 1122 | 55 240 1700
1995 19 780 | 45 780 1170 | 70 105 1820
1995 133 5400 | 60 135 1800 | 45 600 1350
1996 457 99360 | 540 720 736 | 575 621 800
1996 197 40392 | 462 616 918 | 432 748 816
1996 769 147240 | 409 552 1035 | 360 818 818
1996 499 95004 | 406 546 1044 | 364 696 936
1996 859 159120 | 432 459 1105 | 340 720 936
1996 233 42228 | 340 621 1035 | 322 756 918
1996 499 88704 | 396 448 1152 | 308 792 896
1996 41 6930 | 280 792 924 | 319 522 1155
1996 97 16380 | 280 780 936 | 315 533 1148
1996 103 17290 | 280 728 988 | 286 665 1045
1996 215 34944 | 260 840 896 | 364 384 1248
1996 499 79254 | 296 476 1224 | 259 666 1071
1996 61 9660 | 260 644 1092 | 322 414 1260
1996 3 440 | 286 390 1320 | 232 609 1155
1996 97 11440 | 210 330 1456 | 160 780 1056
1996 347 39050 | 150 781 1065 | 176 400 1420
1996 83 8160 | 160 306 1530 | 132 544 1320
1996 55 4368 | 96 780 1120 | 98 624 1274
1996 499 38304 | 112 288 1596 | 96 532 1368
1996 1493 106080 | 85 663 1248 | 104 260 1632
1996 103 6688 | 76 704 1216 | 96 228 1672
1996 17 780 | 60 220 1716 | 52 540 1404
1996 40193 1505028 | 41 644 1311 | 46 228 1722
1996 499 9954 | 28 72 1896 | 21 553 1422
1997 130 10339 | 105 422 1470 | 98 633 1266
1997 53 3465 | 77 660 1260 | 87 315 1595
1997 71 4312 | 72 539 1386 | 77 352 1568
1997 1811 98280 | 65 420 1512 | 88 154 1755
1998 111 23218 | 468 684 846 | 494 611 893
1998 587 121176 | 440 748 810 | 459 648 891
1998 37 7020 | 360 702 936 | 405 540 1053
1998 3 560 | 370 592 1036 | 360 630 1008
1998 13 2310 | 308 780 910 | 315 693 990
1998 3 520 | 296 740 962 | 360 468 1170
1998 193 33264 | 378 432 1188 | 297 693 1008
1998 989 154440 | 260 594 1144 | 351 360 1287
1998 37 5616 | 270 480 1248 | 234 756 1008
1998 659 99450 | 234 714 1050 | 286 425 1287
1998 1 148 | 222 888 888 | 333 333 1332
1998 11 1620 | 243 540 1215 | 270 432 1296
1998 73 8970 | 234 315 1449 | 168 910 920
1998 2291 277200 | 165 825 1008 | 198 400 1400
1998 79 8160 | 136 672 1190 | 180 288 1530
1998 37 3680 | 144 414 1440 | 138 480 1380
1998 37 3570 | 153 315 1530 | 126 612 1260
1998 111 10270 | 117 711 1170 | 158 260 1580
1998 43 3780 | 126 360 1512 | 108 945 945
1998 37 3240 | 108 810 1080 | 162 216 1620
1998 37 2800 | 150 168 1680 | 90 900 1008
1998 3593 243600 | 84 464 1450 | 80 700 1218
1998 37 2470 | 117 171 1710 | 78 780 1140
1998 1933 110880 | 112 126 1760 | 66 672 1260
1998 37 2030 | 63 630 1305 | 84 174 1740
1998 1 48 | 74 148 1776 | 54 648 1296
1998 37 1710 | 60 228 1710 | 54 405 1539
1998 111 3560 | 36 360 1602 | 40 178 1780
1999 157 32760 | 504 585 910 | 481 630 888
1999 631 126480 | 480 527 992 | 403 780 816
1999 14213 1752275 | 217 357 1425 | 175 646 1178
1999 901 110124 | 228 322 1449 | 184 504 1311
1999 1999 221760 | 165 448 1386 | 160 495 1344
1999 113 11760 | 135 784 1080 | 161 368 1470
1999 1999 202020 | 130 777 1092 | 185 260 1554
1999 1999 142800 | 85 714 1200 | 119 200 1680
1999 79 5236 | 85 374 1540 | 77 868 1054
1999 1999 103320 | 60 504 1435 | 72 205 1722
1999 193 8932 | 56 319 1624 | 77 124 1798
1999 283 11592 | 46 504 1449 | 49 294 1656
1999 2153 72072 | 36 819 1144 | 52 99 1848
1999 2559 46816 | 21 154 1824 | 19 924 1056
2000 1 200 | 400 800 800 | 500 500 1000
2000 71 13300 | 380 570 1050 | 350 700 950
2000 67 12320 | 440 440 1120 | 336 704 960
2000 23 4200 | 350 600 1050 | 400 480 1120
2000 1 180 | 375 500 1125 | 320 720 960
2000 13 2310 | 352 528 1120 | 390 455 1155
2000 719 127600 | 400 440 1160 | 319 656 1025
2000 79 12650 | 350 385 1265 | 275 575 1150
2000 881 131040 | 260 480 1260 | 224 840 936
2000 617 79560 | 180 884 936 | 264 306 1430
2000 3293 414120 | 174 840 986 | 232 340 1428
2000 41 5040 | 224 336 1440 | 180 560 1260
2000 11 1300 | 195 380 1425 | 160 800 1040
2000 121 12600 | 150 450 1400 | 140 600 1260
2000 47 4680 | 180 260 1560 | 144 416 1440
2000 53 4080 | 96 544 1360 | 110 306 1584
2000 49 1800 | 40 700 1260 | 50 150 1800
