10 1 0 0 1 0 0 0 0
11 3 0 0 1 0 0 0 0
12 6 0 0 1 0 0 0 0
13 7 0 0 1 0 0 0 0
14 9 0 0 1 0 0 0 0
15 11 0 0 1 0 0 0 0
16 13 0 0 1 0 0 0 0
17 15 0 0 1 0 0 0 0
18 18 1 1 2 1 0 1 1
19 20 0 0 1 0 0 0 0
20 23 1 1 2 1 0 1 1
21 26 0 0 1 0 0 0 0
22 29 0 0 1 0 0 0 0
23 32 0 0 1 0 0 0 0
24 36 0 0 1 0 0 0 0
25 39 0 0 1 0 0 0 0
26 43 1 1 2 1 0 1 1
27 47 0 0 1 0 0 0 0
28 51 0 0 1 0 0 0 0
29 55 0 0 1 0 0 0 0
30 60 0 0 1 0 0 0 0
31 64 1 1 2 1 0 1 1
32 69 1 1 2 1 0 1 1
33 74 0 0 1 0 0 0 0
34 79 1 1 2 1 0 1 1
35 84 1 1 2 0 1 1 1
36 90 2 2 2 0 2 1 1
37 95 1 1 2 1 0 1 1
38 101 1 1 2 1 0 1 1
39 107 1 1 2 0 1 1 1
40 113 1 1 2 0 1 0 0
41 119 0 0 1 0 0 0 0
42 126 1 1 2 1 0 1 1
43 132 1 1 2 1 0 1 1
44 139 0 0 1 0 0 0 0
45 146 1 1 2 0 1 1 1
46 153 0 0 1 0 0 0 0
47 160 0 0 1 0 0 0 0
48 168 0 0 1 0 0 0 0
49 175 0 0 1 0 0 0 0
50 183 0 0 1 0 0 0 0
51 191 0 0 1 0 0 0 0
52 199 1 1 2 0 1 0 0
53 207 2 2 2 2 0 2 2
54 216 1 1 2 0 1 0 0
55 224 1 1 2 0 1 1 1
56 233 1 1 2 0 1 1 1
57 242 1 1 2 0 1 1 1
58 251 1 1 2 1 0 1 1
59 260 0 0 1 0 0 0 0
60 270 1 1 2 0 1 0 0
61 279 2 2 2 0 2 2 2
62 289 3 3 2 1 2 2 2
63 299 1 1 2 0 1 1 1
64 309 3 3 2 1 2 2 2
65 319 0 0 1 0 0 0 0
66 330 1 1 2 1 0 1 1
67 340 0 0 1 0 0 0 0
68 351 1 1 2 0 1 0 0
69 362 1 1 2 1 0 1 1
70 373 2 2 2 1 1 1 1
71 384 1 1 2 0 1 1 1
72 396 2 2 2 0 2 0 0
73 407 2 2 2 1 1 2 2
74 419 2 2 2 1 1 1 1
75 431 1 1 2 1 0 1 1
76 443 1 1 2 0 1 0 0
77 455 1 1 2 0 1 1 1
78 468 3 3 2 1 2 1 1
79 480 1 1 2 1 0 1 1
80 493 1 1 2 0 1 0 0
81 506 0 0 1 0 0 0 0
82 519 1 1 2 1 0 1 1
83 532 1 1 2 1 0 1 1
84 546 3 3 2 1 2 2 2
85 559 1 1 2 1 0 1 1
86 573 4 4 2 1 3 3 3
87 587 2 2 2 1 1 2 2
88 601 2 2 2 0 2 2 2
89 615 2 2 2 1 1 2 2
90 630 4 4 2 1 3 2 2
91 644 1 1 2 0 1 1 1
92 659 2 2 2 1 1 2 2
93 674 2 2 2 0 2 1 1
94 689 3 3 2 3 0 3 3
95 704 1 1 2 0 1 1 1
96 720 1 1 2 0 1 0 0
97 735 3 3 2 0 3 3 3
98 751 4 4 2 3 1 4 4
99 767 0 0 1 0 0 0 0
100 783 1 1 2 0 1 0 0
101 799 1 1 2 0 1 1 1
102 816 1 1 2 0 1 0 0
103 832 1 1 2 0 1 1 1
104 849 2 2 2 0 2 1 1
105 866 2 2 2 0 2 1 1
106 883 2 2 2 0 2 0 0
107 900 3 3 2 1 2 3 3
108 918 2 2 2 0 2 0 0
109 935 2 2 2 1 1 2 2
110 953 2 2 2 0 2 1 1
111 971 1 1 2 0 1 0 0
112 989 2 2 2 0 2 1 1
113 1007 1 1 2 0 1 1 1
114 1026 3 3 2 0 3 1 1
115 1044 0 0 1 0 0 0 0
116 1063 2 2 2 1 1 1 1
117 1082 4 4 2 2 2 3 3
118 1101 1 1 2 0 1 1 1
119 1120 0 0 1 0 0 0 0
120 1140 2 2 2 0 2 1 1
121 1159 1 1 2 1 0 1 1
122 1179 3 3 2 0 3 1 1
123 1199 0 0 1 0 0 0 0
124 1219 4 4 2 0 4 1 1
125 1239 0 0 1 0 0 0 0
126 1260 5 5 2 1 4 2 2
127 1280 1 1 2 1 0 1 1
128 1301 4 4 2 1 3 1 1
129 1322 1 1 2 0 1 0 0
130 1343 4 4 2 2 2 3 3
131 1364 2 2 2 0 2 2 2
132 1386 4 4 2 2 2 3 3
133 1407 2 2 2 2 0 2 2
134 1429 1 1 2 0 1 1 1
135 1451 3 3 2 1 2 2 2
136 1473 5 7 3 3 4 4 6
137 1495 2 2 2 0 2 2 2
138 1518 3 3 2 0 3 2 2
139 1540 5 5 2 1 4 5 5
140 1563 4 4 2 0 4 1 1
141 1586 1 1 2 0 1 1 1
142 1609 3 3 2 0 3 2 2
143 1632 4 6 3 0 6 4 6
144 1656 2 2 2 0 2 0 0
145 1679 1 1 2 0 1 1 1
146 1703 4 4 2 0 4 2 2
147 1727 5 5 2 1 4 5 5
148 1751 3 3 2 1 2 1 1
149 1775 1 1 2 0 1 1 1
150 1800 1 1 2 0 1 0 0
151 1824 1 1 2 1 0 1 1
152 1849 3 3 2 0 3 2 2
153 1874 1 1 2 0 1 1 1
154 1899 2 2 2 0 2 1 1
155 1924 2 2 2 0 2 1 1
156 1950 6 6 2 0 6 3 3
157 1975 5 5 2 2 3 5 5
158 2001 4 4 2 1 3 3 3
159 2027 2 2 2 0 2 0 0
160 2053 2 2 2 0 2 0 0
161 2079 2 2 2 0 2 2 2
162 2106 2 2 2 0 2 1 1
163 2132 1 1 2 0 1 1 1
164 2159 1 1 2 0 1 0 0
165 2186 3 3 2 1 2 2 2
166 2213 3 3 2 0 3 2 2
167 2240 1 1 2 0 1 1 1
168 2268 4 4 2 0 4 0 0
169 2295 3 3 2 1 2 3 3
170 2323 5 5 2 0 5 3 3
171 2351 3 3 2 0 3 2 2
172 2379 5 5 2 0 5 1 1
173 2407 0 0 1 0 0 0 0
174 2436 3 3 2 0 3 0 0
175 2464 4 4 2 0 4 3 3
176 2493 6 6 2 1 5 4 4
177 2522 3 3 2 1 2 3 3
178 2551 3 3 2 0 3 1 1
179 2580 1 1 2 1 0 1 1
180 2610 9 9 2 3 6 3 3
181 2639 2 2 2 2 0 2 2
182 2669 8 8 2 3 5 6 6
183 2699 6 6 2 0 6 4 4
184 2729 5 5 2 2 3 3 3
185 2759 4 4 2 1 3 3 3
186 2790 7 7 2 1 6 3 3
187 2820 3 5 3 1 4 3 5
188 2851 5 5 2 1 4 2 2
189 2882 6 6 2 1 5 5 5
190 2913 5 5 2 0 5 3 3
191 2944 4 4 2 1 3 4 4
192 2976 3 3 2 0 3 0 0
193 3007 3 3 2 0 3 3 3
194 3039 4 4 2 1 3 1 1
195 3071 3 3 2 0 3 2 2
196 3103 7 7 2 0 7 3 3
197 3135 2 2 2 0 2 2 2
198 3168 3 3 2 0 3 1 1
199 3200 0 0 1 0 0 0 0
200 3233 5 5 2 2 3 4 4
201 3266 4 4 2 2 2 4 4
202 3299 2 2 2 0 2 1 1
203 3332 0 0 1 0 0 0 0
204 3366 5 5 2 1 4 4 4
205 3399 2 2 2 1 1 2 2
206 3433 3 3 2 1 2 2 2
207 3467 3 3 2 0 3 2 2
208 3501 4 4 2 0 4 2 2
209 3535 3 5 3 0 5 3 5
210 3570 7 7 2 0 7 3 3
211 3604 4 4 2 0 4 4 4
212 3639 5 5 2 0 5 3 3
213 3674 3 3 2 0 3 2 2
214 3709 5 5 2 0 5 2 2
215 3744 2 2 2 0 2 1 1
216 3780 3 3 2 0 3 1 1
217 3815 5 5 2 0 5 4 4
218 3851 7 7 2 1 6 5 5
219 3887 4 4 2 1 3 2 2
220 3923 5 5 2 1 4 2 2
221 3959 2 2 2 0 2 2 2
222 3996 6 6 2 0 6 4 4
223 4032 0 0 1 0 0 0 0
224 4069 4 4 2 0 4 1 1
225 4106 4 4 2 0 4 2 2
226 4143 1 1 2 0 1 0 0
227 4180 1 1 2 1 0 1 1
228 4218 6 6 2 0 6 3 3
229 4255 3 3 2 0 3 3 3
230 4293 2 2 2 1 1 2 2
231 4331 2 2 2 0 2 1 1
232 4369 3 3 2 0 3 1 1
233 4407 2 2 2 0 2 2 2
234 4446 9 9 2 1 8 2 2
235 4484 0 0 1 0 0 0 0
236 4523 1 1 2 0 1 0 0
237 4562 4 4 2 1 3 3 3
238 4601 3 3 2 0 3 2 2
239 4640 2 2 2 0 2 2 2
240 4680 3 3 2 0 3 1 1
241 4719 5 5 2 0 5 5 5
242 4759 3 3 2 1 2 2 2
243 4799 0 0 1 0 0 0 0
244 4839 4 4 2 0 4 1 1
245 4879 7 7 2 2 5 6 6
246 4920 2 2 2 0 2 1 1
247 4960 3 3 2 0 3 3 3
248 5001 6 6 2 2 4 2 2
249 5042 2 2 2 0 2 1 1
250 5083 1 1 2 0 1 1 1
251 5124 0 0 1 0 0 0 0
252 5166 11 11 2 1 10 3 3
253 5207 3 3 2 2 1 3 3
254 5249 5 5 2 0 5 4 4
255 5291 6 6 2 0 6 5 5
256 5333 6 6 2 2 4 2 2
257 5375 7 7 2 1 6 7 7
258 5418 7 7 2 1 6 3 3
259 5460 4 4 2 1 3 3 3
260 5503 11 11 2 2 9 6 6
261 5546 3 3 2 0 3 1 1
262 5589 4 4 2 1 3 2 2
263 5632 7 7 2 1 6 7 7
264 5676 10 10 2 0 10 4 4
265 5719 5 5 2 1 4 3 3
266 5763 8 8 2 1 7 5 5
267 5807 3 3 2 0 3 1 1
268 5851 7 7 2 2 5 6 6
269 5895 5 5 2 0 5 5 5
270 5940 8 8 2 0 8 2 2
271 5984 6 6 2 0 6 6 6
272 6029 6 10 3 1 9 2 3
273 6074 7 7 2 0 7 5 5
274 6119 5 5 2 0 5 3 3
275 6164 1 1 2 0 1 0 0
276 6210 8 8 2 0 8 3 3
277 6255 2 2 2 0 2 2 2
278 6301 13 13 2 1 12 8 8
279 6347 5 5 2 0 5 3 3
280 6393 6 6 2 0 6 1 1
281 6439 3 3 2 1 2 3 3
282 6486 7 9 3 0 9 5 5
283 6532 2 2 2 1 1 2 2
284 6579 3 3 2 0 3 0 0
285 6626 7 7 2 1 6 5 5
286 6673 9 11 3 0 11 4 4
287 6720 2 2 2 0 2 2 2
288 6768 3 3 2 0 3 0 0
289 6815 4 4 2 1 3 4 4
290 6863 4 4 2 0 4 2 2
291 6911 8 8 2 0 8 5 5
292 6959 6 6 2 0 6 2 2
293 7007 2 2 2 1 1 2 2
294 7056 12 12 2 0 12 2 2
295 7104 2 2 2 0 2 2 2
296 7153 4 4 2 1 3 1 1
297 7202 3 3 2 0 3 3 3
298 7251 5 5 2 1 4 4 4
299 7300 4 6 3 1 5 4 6
300 7350 6 6 2 1 5 4 4
301 7399 6 6 2 1 5 5 5
302 7449 4 4 2 0 4 3 3
303 7499 1 1 2 0 1 0 0
304 7549 6 6 2 2 4 3 3
305 7599 4 4 2 0 4 2 2
306 7650 4 4 2 0 4 1 1
307 7700 0 0 1 0 0 0 0
308 7751 5 7 3 0 7 4 5
309 7802 3 3 2 0 3 2 2
310 7853 7 7 2 0 7 3 3
311 7904 4 4 2 0 4 4 4
312 7956 10 10 2 0 10 3 3
313 8007 5 5 2 0 5 5 5
314 8059 7 7 2 0 7 2 2
315 8111 8 8 2 0 8 4 4
316 8163 7 7 2 1 6 3 3
317 8215 3 3 2 1 2 3 3
318 8268 6 6 2 0 6 4 4
319 8320 2 2 2 0 2 2 2
320 8373 5 5 2 1 4 1 1
321 8426 3 3 2 0 3 0 0
322 8479 5 5 2 0 5 3 3
323 8532 4 4 2 1 3 4 4
324 8586 4 4 2 0 4 1 1
325 8639 2 2 2 0 2 2 2
326 8693 5 5 2 0 5 4 4
327 8747 4 4 2 0 4 2 2
328 8801 6 6 2 1 5 5 5
329 8855 0 0 1 0 0 0 0
330 8910 7 7 2 0 7 2 2
331 8964 2 2 2 0 2 2 2
332 9019 4 4 2 0 4 1 1
333 9074 4 4 2 1 3 3 3
334 9129 6 6 2 1 5 5 5
335 9184 3 3 2 0 3 3 3
336 9240 5 5 2 0 5 0 0
337 9295 1 1 2 0 1 1 1
338 9351 7 7 2 0 7 3 3
339 9407 1 1 2 0 1 0 0
340 9463 6 6 2 0 6 0 0
341 9519 6 6 2 3 3 5 5
342 9576 12 12 2 0 12 6 6
343 9632 6 6 2 0 6 6 6
344 9689 9 9 2 1 8 4 4
345 9746 8 8 2 0 8 7 7
346 9803 4 4 2 1 3 4 4
347 9860 3 3 2 0 3 3 3
348 9918 6 6 2 0 6 2 2
349 9975 6 6 2 0 6 6 6
350 10033 6 6 2 0 6 1 1
351 10091 6 6 2 0 6 2 2
352 10149 11 13 3 1 12 6 6
353 10207 3 3 2 0 3 3 3
354 10266 9 9 2 0 9 5 5
355 10324 5 5 2 1 4 4 4
356 10383 6 6 2 0 6 3 3
357 10442 3 3 2 0 3 3 3
358 10501 4 4 2 0 4 3 3
359 10560 5 5 2 3 2 5 5
360 10620 15 15 2 0 15 5 5
361 10679 5 5 2 1 4 5 5
362 10739 11 11 2 2 9 9 9
363 10799 5 5 2 0 5 4 4
364 10859 12 12 2 1 11 4 4
365 10919 7 7 2 0 7 5 5
366 10980 13 13 2 1 12 6 6
367 11040 6 6 2 2 4 6 6
368 11101 10 10 2 0 10 5 5
369 11162 5 5 2 1 4 5 5
370 11223 9 9 2 1 8 4 4
371 11284 4 4 2 1 3 2 2
372 11346 9 9 2 0 9 1 1
373 11407 5 7 3 2 5 5 7
374 11469 10 12 3 1 11 6 6
375 11531 4 4 2 0 4 3 3
376 11593 6 6 2 1 5 1 1
377 11655 7 7 2 3 4 7 7
378 11718 13 13 2 2 11 3 3
379 11780 9 9 2 2 7 9 9
380 11843 16 16 2 2 14 10 10
381 11906 8 8 2 0 8 7 7
382 11969 8 8 2 0 8 4 4
383 12032 7 9 3 1 8 7 9
384 12096 6 6 2 0 6 2 2
385 12159 7 7 2 1 6 4 4
386 12223 12 12 2 2 10 9 9
387 12287 8 8 2 0 8 7 7
388 12351 13 13 2 1 12 9 9
389 12415 5 5 2 2 3 5 5
390 12480 15 15 2 0 15 7 7
391 12544 5 5 2 0 5 5 5
392 12609 11 11 2 1 10 3 3
393 12674 9 9 2 0 9 7 7
394 12739 7 7 2 0 7 5 5
395 12804 7 7 2 1 6 6 6
396 12870 12 12 2 2 10 5 5
397 12935 6 6 2 0 6 6 6
398 13001 6 6 2 0 6 6 6
399 13067 11 11 2 1 10 8 8
400 13133 8 8 2 0 8 3 3
401 13199 4 4 2 0 4 4 4
402 13266 10 10 2 2 8 5 5
403 13332 9 9 2 0 9 8 8
404 13399 4 4 2 0 4 2 2
405 13466 7 7 2 0 7 4 4
406 13533 3 3 2 0 3 2 2
407 13600 3 3 2 0 3 2 2
408 13668 12 17 4 0 17 4 6
409 13735 9 9 2 1 8 9 9
410 13803 7 7 2 1 6 4 4
411 13871 3 3 2 0 3 1 1
412 13939 5 5 2 1 4 2 2
413 14007 3 3 2 0 3 3 3
414 14076 7 7 2 1 6 1 1
415 14144 8 8 2 0 8 7 7
416 14213 10 10 2 1 9 5 5
417 14282 10 12 3 0 12 5 7
418 14351 6 11 4 1 10 3 5
419 14420 4 4 2 0 4 4 4
420 14490 13 13 2 1 12 2 2
421 14559 6 6 2 1 5 6 6
422 14629 7 7 2 1 6 3 3
423 14699 3 3 2 1 2 2 2
424 14769 7 7 2 0 7 2 2
425 14839 7 7 2 1 6 6 6
426 14910 10 10 2 1 9 5 5
427 14980 7 7 2 1 6 5 5
428 15051 6 6 2 0 6 1 1
429 15122 11 13 3 1 12 6 6
430 15193 7 7 2 2 5 2 2
431 15264 4 4 2 0 4 4 4
432 15336 6 6 2 0 6 3 3
433 15407 9 9 2 0 9 9 9
434 15479 12 12 2 0 12 5 5
435 15551 6 6 2 0 6 3 3
436 15623 11 11 2 0 11 4 4
437 15695 4 6 3 0 6 4 6
438 15768 12 12 2 0 12 6 6
439 15840 5 5 2 0 5 5 5
440 15913 9 9 2 0 9 2 2
441 15986 12 12 2 1 11 6 6
442 16059 6 8 3 0 8 4 4
443 16132 7 7 2 1 6 7 7
444 16206 9 9 2 0 9 2 2
445 16279 3 3 2 0 3 1 1
446 16353 6 6 2 1 5 6 6
447 16427 6 6 2 0 6 5 5
448 16501 7 7 2 0 7 1 1
449 16575 1 1 2 0 1 1 1
450 16650 8 10 3 0 10 3 3
451 16724 4 4 2 0 4 4 4
452 16799 6 6 2 0 6 5 5
453 16874 3 3 2 0 3 2 2
454 16949 7 7 2 2 5 6 6
455 17024 9 9 2 0 9 7 7
456 17100 15 15 2 1 14 7 7
457 17175 5 5 2 0 5 5 5
458 17251 8 8 2 1 7 5 5
459 17327 6 6 2 1 5 5 5
460 17403 10 10 2 0 10 5 5
461 17479 1 1 2 0 1 1 1
462 17556 7 7 2 0 7 2 2
463 17632 5 5 2 0 5 5 5
464 17709 6 6 2 1 5 3 3
465 17786 7 9 3 1 8 5 6
466 17863 7 7 2 1 6 5 5
467 17940 3 3 2 0 3 3 3
468 18018 17 17 2 1 16 4 4
469 18095 9 9 2 0 9 9 9
470 18173 8 8 2 0 8 5 5
471 18251 11 11 2 0 11 6 6
472 18329 1 1 2 0 1 0 0
473 18407 6 6 2 0 6 5 5
474 18486 11 11 2 0 11 4 4
475 18564 7 7 2 1 6 6 6
476 18643 8 8 2 1 7 5 5
477 18722 4 4 2 0 4 2 2
478 18801 3 3 2 0 3 1 1
479 18880 3 3 2 0 3 3 3
480 18960 4 4 2 0 4 0 0
481 19039 10 10 2 0 10 9 9
482 19119 8 8 2 0 8 3 3
483 19199 8 10 3 1 9 6 7
484 19279 9 9 2 0 9 6 6
485 19359 5 5 2 0 5 2 2
486 19440 5 5 2 0 5 3 3
487 19520 6 6 2 0 6 6 6
488 19601 6 6 2 0 6 2 2
489 19682 3 3 2 0 3 2 2
490 19763 16 16 2 0 16 4 4
491 19844 1 1 2 0 1 1 1
492 19926 5 5 2 0 5 3 3
493 20007 9 9 2 0 9 9 9
494 20089 13 13 2 2 11 8 8
495 20171 5 5 2 0 5 1 1
496 20253 7 7 2 1 6 1 1
497 20335 5 5 2 1 4 4 4
498 20418 7 7 2 0 7 3 3
499 20500 5 5 2 0 5 5 5
500 20583 5 5 2 0 5 3 3
501 20666 3 3 2 1 2 2 2
502 20749 1 1 2 0 1 1 1
503 20832 4 4 2 0 4 4 4
504 20916 13 13 2 0 13 1 1
505 20999 3 3 2 0 3 2 2
506 21083 6 8 3 0 8 4 5
507 21167 13 15 3 1 14 10 11
508 21251 10 10 2 1 9 5 5
509 21335 4 4 2 1 3 4 4
510 21420 11 11 2 0 11 1 1
511 21504 7 7 2 1 6 5 5
512 21589 6 6 2 0 6 0 0
513 21674 6 6 2 1 5 3 3
514 21759 7 7 2 0 7 0 0
515 21844 7 7 2 1 6 6 6
516 21930 10 10 2 0 10 2 2
517 22015 4 4 2 1 3 4 4
518 22101 12 12 2 1 11 7 7
519 22187 1 1 2 1 0 1 1
520 22273 14 14 2 0 14 2 2
521 22359 3 3 2 1 2 3 3
522 22446 7 9 3 0 9 3 4
523 22532 6 6 2 1 5 6 6
524 22619 11 11 2 0 11 7 7
525 22706 7 9 3 0 9 3 3
526 22793 11 11 2 2 9 4 4
527 22880 9 9 2 3 6 8 8
528 22968 17 19 3 0 19 4 5
529 23055 6 6 2 2 4 6 6
530 23143 9 9 2 1 8 4 4
531 23231 5 5 2 0 5 2 2
532 23319 15 15 2 1 14 7 7
533 23407 4 4 2 0 4 4 4
534 23496 6 6 2 0 6 2 2
535 23584 6 6 2 0 6 3 3
536 23673 9 9 2 0 9 2 2
537 23762 6 6 2 0 6 5 5
538 23851 9 9 2 2 7 4 4
539 23940 6 6 2 1 5 5 5
540 24030 18 18 2 0 18 5 5
541 24119 8 8 2 0 8 8 8
542 24209 12 12 2 0 12 6 6
543 24299 8 8 2 1 7 6 6
544 24389 8 12 3 0 12 1 1
545 24479 8 8 2 0 8 6 6
546 24570 21 21 2 0 21 5 5
547 24660 12 12 2 2 10 12 12
548 24751 7 7 2 0 7 2 2
549 24842 9 9 2 0 9 3 3
550 24933 5 7 3 1 6 3 5
551 25024 8 10 3 1 9 8 10
552 25116 13 15 3 0 15 3 4
553 25207 9 9 2 0 9 8 8
554 25299 5 5 2 0 5 3 3
555 25391 11 11 2 0 11 7 7
556 25483 16 16 2 0 16 3 3
557 25575 0 0 1 0 0 0 0
558 25668 13 13 2 0 13 2 2
559 25760 7 7 2 0 7 6 6
560 25853 11 11 2 0 11 4 4
561 25946 12 14 3 3 11 9 9
562 26039 6 6 2 0 6 3 3
563 26132 6 6 2 1 5 6 6
564 26226 17 19 3 1 18 8 8
565 26319 2 2 2 0 2 1 1
566 26413 6 6 2 0 6 4 4
567 26507 8 10 3 2 8 3 4
568 26601 6 6 2 0 6 3 3
569 26695 3 3 2 0 3 3 3
570 26790 15 17 3 0 17 5 5
571 26884 4 4 2 0 4 4 4
572 26979 13 15 3 1 14 4 4
573 27074 6 8 3 1 7 3 4
574 27169 6 6 2 0 6 3 3
575 27264 8 10 3 0 10 8 10
576 27360 6 6 2 1 5 1 1
577 27455 4 4 2 0 4 4 4
578 27551 10 10 2 0 10 5 5
579 27647 8 8 2 1 7 5 5
580 27743 8 8 2 0 8 2 2
581 27839 4 4 2 0 4 3 3
582 27936 13 13 2 2 11 4 4
583 28032 6 6 2 0 6 4 4
584 28129 8 8 2 0 8 2 2
585 28226 12 12 2 1 11 5 5
586 28323 4 4 2 0 4 2 2
587 28420 7 7 2 2 5 7 7
588 28518 22 24 3 1 23 7 7
589 28615 7 7 2 0 7 6 6
590 28713 6 6 2 0 6 3 3
591 28811 5 5 2 0 5 3 3
592 28909 11 11 2 1 10 7 7
593 29007 2 2 2 1 1 2 2
594 29106 9 9 2 0 9 3 3
595 29204 6 6 2 0 6 4 4
596 29303 8 8 2 0 8 3 3
597 29402 4 4 2 0 4 4 4
598 29501 9 11 3 1 10 4 4
599 29600 6 6 2 1 5 6 6
600 29700 13 13 2 0 13 2 2
601 29799 10 10 2 0 10 10 10
602 29899 18 18 2 1 17 9 9
603 29999 8 8 2 0 8 4 4
604 30099 11 11 2 0 11 7 7
605 30199 8 8 2 0 8 6 6
606 30300 5 5 2 0 5 3 3
607 30400 6 6 2 0 6 6 6
608 30501 8 8 2 0 8 1 1
609 30602 8 8 2 1 7 6 6
610 30703 8 8 2 0 8 3 3
611 30804 7 7 2 0 7 7 7
612 30906 11 11 2 0 11 2 2
613 31007 3 3 2 0 3 3 3
614 31109 7 7 2 0 7 7 7
615 31211 5 5 2 1 4 3 3
616 31313 14 20 3 0 20 7 10
617 31415 9 9 2 0 9 9 9
618 31518 14 14 2 3 11 9 9
619 31620 3 3 2 0 3 3 3
620 31723 18 18 2 2 16 9 9
621 31826 3 8 4 1 7 1 5
622 31929 11 11 2 0 11 7 7
623 32032 3 3 2 0 3 1 1
624 32136 18 18 2 0 18 6 6
625 32239 2 2 2 0 2 2 2
626 32343 6 6 2 0 6 1 1
627 32447 12 16 3 0 16 10 10
628 32551 13 13 2 1 12 6 6
629 32655 8 8 2 0 8 7 7
630 32760 18 20 3 1 19 3 2
631 32864 3 3 2 0 3 3 3
632 32969 12 12 2 0 12 5 5
633 33074 9 9 2 0 9 5 5
634 33179 6 6 2 1 5 3 3
635 33284 8 10 3 2 8 7 9
636 33390 15 15 2 0 15 6 6
637 33495 13 13 2 1 12 12 12
638 33601 7 7 2 1 6 4 4
639 33707 4 4 2 0 4 1 1
640 33813 10 10 2 0 10 4 4
641 33919 5 5 2 0 5 5 5
642 34026 7 7 2 0 7 2 2
643 34132 9 9 2 0 9 9 9
644 34239 16 16 2 0 16 9 9
645 34346 7 7 2 1 6 5 5
646 34453 18 18 2 2 16 12 12
647 34560 6 6 2 1 5 6 6
648 34668 9 9 2 0 9 4 4
649 34775 4 6 3 0 6 4 6
650 34883 10 10 2 1 9 4 4
651 34991 12 12 2 1 11 6 6
652 35099 10 10 2 1 9 5 5
653 35207 6 6 2 0 6 6 6
654 35316 15 15 2 0 15 6 6
655 35424 5 5 2 0 5 3 3
656 35533 8 10 3 0 10 3 4
657 35642 8 8 2 0 8 4 4
658 35751 8 8 2 1 7 5 5
659 35860 5 5 2 1 4 5 5
660 35970 16 16 2 0 16 3 3
661 36079 9 11 3 1 10 9 11
662 36189 7 7 2 0 7 5 5
663 36299 10 12 3 1 11 9 9
664 36409 9 9 2 1 8 5 5
665 36519 12 14 3 0 14 9 10
666 36630 13 13 2 0 13 3 3
667 36740 3 3 2 0 3 3 3
668 36851 12 12 2 0 12 6 6
669 36962 7 7 2 0 7 7 7
670 37073 9 9 2 0 9 5 5
671 37184 6 8 3 0 8 5 6
672 37296 8 8 2 0 8 1 1
673 37407 5 5 2 0 5 5 5
674 37519 5 5 2 0 5 4 4
675 37631 11 11 2 0 11 5 5
676 37743 14 14 2 0 14 7 7
677 37855 7 7 2 1 6 7 7
678 37968 4 4 2 1 3 3 3
679 38080 12 12 2 0 12 9 9
680 38193 15 17 3 0 17 5 5
681 38306 5 5 2 0 5 4 4
682 38419 14 16 3 2 14 6 8
683 38532 7 7 2 1 6 7 7
684 38646 21 21 2 0 21 5 5
685 38759 7 7 2 1 6 5 5
686 38873 16 16 2 1 15 6 6
687 38987 9 9 2 1 8 6 6
688 39101 10 10 2 0 10 1 1
689 39215 9 9 2 1 8 7 7
690 39330 15 15 2 0 15 3 3
691 39444 6 6 2 0 6 6 6
692 39559 10 10 2 0 10 6 6
693 39674 8 8 2 0 8 5 5
694 39789 8 8 2 0 8 5 5
695 39904 14 14 2 1 13 9 9
696 40020 13 13 2 0 13 6 6
697 40135 9 9 2 1 8 9 9
698 40251 12 12 2 1 11 6 6
699 40367 5 5 2 0 5 3 3
700 40483 11 11 2 1 10 3 3
701 40599 2 2 2 0 2 2 2
702 40716 16 16 2 0 16 5 5
703 40832 17 17 2 1 16 16 16
704 40949 17 19 3 0 19 4 4
705 41066 6 6 2 0 6 5 5
706 41183 7 7 2 1 6 4 4
707 41300 4 4 2 0 4 3 3
708 41418 17 17 2 0 17 8 8
709 41535 8 8 2 0 8 8 8
710 41653 10 10 2 0 10 3 3
711 41771 8 8 2 0 8 4 4
712 41889 9 9 2 0 9 3 3
713 42007 8 8 2 0 8 7 7
714 42126 16 16 2 0 16 9 9
715 42244 13 15 3 0 15 8 8
716 42363 8 8 2 0 8 4 4
717 42482 4 4 2 1 3 2 2
718 42601 8 8 2 0 8 3 3
719 42720 5 5 2 0 5 5 5
720 42840 21 21 2 0 21 5 5
721 42959 12 12 2 0 12 11 11
722 43079 11 11 2 2 9 5 5
723 43199 13 13 2 1 12 8 8
724 43319 17 17 2 1 16 6 6
725 43439 8 12 3 0 12 8 11
726 43560 12 12 2 0 12 4 4
727 43680 7 7 2 0 7 7 7
728 43801 23 25 3 0 25 9 11
729 43922 2 2 2 0 2 2 2
730 44043 22 22 2 2 20 13 13
731 44164 6 8 3 0 8 5 7
732 44286 19 19 2 1 18 5 5
733 44407 4 4 2 2 2 4 4
734 44529 9 9 2 1 8 3 3
735 44651 17 19 3 0 19 7 6
736 44773 13 15 3 0 15 3 4
737 44895 6 6 2 0 6 6 6
738 45018 8 8 2 0 8 0 0
739 45140 7 7 2 1 6 7 7
740 45263 17 17 2 2 15 6 6
741 45386 17 17 2 1 16 12 12
742 45509 7 9 3 0 9 4 5
743 45632 2 2 2 0 2 2 2
744 45756 18 18 2 0 18 7 7
745 45879 2 2 2 0 2 1 1
746 46003 8 10 3 0 10 3 3
747 46127 4 4 2 1 3 2 2
748 46251 15 17 3 0 17 5 5
749 46375 6 6 2 1 5 3 3
750 46500 7 7 2 0 7 2 2
751 46624 10 10 2 0 10 10 10
752 46749 11 11 2 1 10 5 5
753 46874 7 7 2 1 6 7 7
754 46999 16 16 2 0 16 7 7
755 47124 3 3 2 1 2 2 2
756 47250 21 23 3 0 23 4 4
757 47375 9 9 2 0 9 9 9
758 47501 18 18 2 1 17 9 9
759 47627 13 13 2 1 12 9 9
760 47753 25 29 3 0 29 9 11
761 47879 6 6 2 2 4 6 6
762 48006 14 14 2 1 13 2 2
763 48132 8 8 2 0 8 6 6
764 48259 10 10 2 0 10 2 2
765 48386 11 11 2 0 11 3 3
766 48513 12 14 3 1 13 5 5
767 48640 7 7 2 0 7 7 7
768 48768 9 9 2 0 9 1 1
769 48895 6 6 2 0 6 6 6
770 49023 17 17 2 0 17 7 7
771 49151 12 12 2 0 12 5 5
772 49279 16 16 2 0 16 4 4
773 49407 5 5 2 0 5 5 5
774 49536 19 19 2 0 19 4 4
775 49664 7 9 3 2 7 6 7
776 49793 16 16 2 0 16 3 3
777 49922 18 20 3 0 20 14 16
778 50051 9 9 2 0 9 4 4
779 50180 4 4 2 0 4 4 4
780 50310 29 29 2 0 29 4 4
781 50439 15 17 3 3 14 14 16
782 50569 10 10 2 0 10 4 4
783 50699 7 7 2 2 5 4 4
784 50829 17 19 3 2 17 6 7
785 50959 10 10 2 0 10 5 5
786 51090 12 12 2 0 12 1 1
787 51220 6 6 2 0 6 6 6
788 51351 12 12 2 0 12 5 5
789 51482 11 11 2 0 11 4 4
790 51613 18 18 2 0 18 8 8
791 51744 4 4 2 0 4 3 3
792 51876 21 23 3 2 21 4 5
793 52007 11 11 2 1 10 9 9
794 52139 12 12 2 0 12 6 6
795 52271 10 10 2 0 10 5 5
796 52403 10 10 2 1 9 4 4
797 52535 4 4 2 1 3 4 4
798 52668 24 24 2 1 23 5 5
799 52800 8 8 2 0 8 8 8
800 52933 12 14 3 2 12 4 5
801 53066 10 10 2 0 10 7 7
802 53199 11 11 2 2 9 7 7
803 53332 9 9 2 0 9 7 7
804 53466 19 19 2 0 19 3 3
805 53599 9 9 2 0 9 6 6
806 53733 21 21 2 0 21 9 9
807 53867 9 9 2 0 9 4 4
808 54001 11 11 2 2 9 7 7
809 54135 6 6 2 0 6 6 6
810 54270 19 19 2 0 19 6 6
811 54404 6 6 2 1 5 6 6
812 54539 11 11 2 1 10 7 7
813 54674 11 11 2 1 10 5 5
814 54809 12 14 3 2 12 9 10
815 54944 6 6 2 0 6 5 5
816 55080 16 23 4 0 23 3 3
817 55215 6 8 3 0 8 5 7
818 55351 15 15 2 0 15 6 6
819 55487 26 26 2 0 26 15 15
820 55623 13 15 3 0 15 6 7
821 55759 3 3 2 0 3 3 3
822 55896 10 10 2 0 10 4 4
823 56032 6 6 2 0 6 6 6
824 56169 9 9 2 0 9 4 4
825 56306 9 9 2 0 9 5 5
826 56443 10 10 2 0 10 6 6
827 56580 4 4 2 0 4 4 4
828 56718 16 16 2 0 16 3 3
829 56855 5 5 2 0 5 5 5
830 56993 12 14 3 0 14 4 4
831 57131 6 6 2 0 6 4 4
832 57269 12 12 2 0 12 0 0
833 57407 12 12 2 0 12 12 12
834 57546 21 23 3 0 23 3 3
835 57684 9 9 2 2 7 8 8
836 57823 13 18 4 0 18 7 7
837 57962 12 12 2 0 12 7 7
838 58101 10 10 2 1 9 6 6
839 58240 12 12 2 0 12 12 12
840 58380 20 20 2 0 20 4 4
841 58519 3 3 2 0 3 3 3
842 58659 9 9 2 0 9 3 3
843 58799 7 7 2 1 6 4 4
844 58939 15 15 2 1 14 8 8
845 59079 15 15 2 1 14 12 12
846 59220 14 16 3 0 16 4 4
847 59360 4 4 2 0 4 2 2
848 59501 12 12 2 1 11 5 5
849 59642 8 8 2 0 8 6 6
850 59783 13 15 3 0 15 4 4
851 59924 6 6 2 1 5 5 5
852 60066 15 15 2 0 15 5 5
853 60207 2 2 2 0 2 2 2
854 60349 18 18 2 2 16 10 10
855 60491 14 14 2 0 14 4 4
856 60633 8 8 2 1 7 2 2
857 60775 4 4 2 0 4 4 4
858 60918 27 31 3 0 31 11 11
859 61060 5 5 2 0 5 5 5
860 61203 16 16 2 0 16 7 7
861 61346 6 6 2 0 6 4 4
862 61489 8 8 2 2 6 4 4
863 61632 8 8 2 2 6 8 8
864 61776 7 7 2 0 7 0 0
865 61919 5 5 2 0 5 5 5
866 62063 17 17 2 1 16 8 8
867 62207 12 14 3 2 12 9 10
868 62351 25 25 2 1 24 12 12
869 62495 6 6 2 1 5 5 5
870 62640 15 15 2 0 15 6 6
871 62784 9 9 2 1 8 9 9
872 62929 16 16 2 2 14 5 5
873 63074 16 16 2 1 15 8 8
874 63219 11 13 3 0 13 6 6
875 63364 8 8 2 0 8 4 4
876 63510 19 19 2 1 18 5 5
877 63655 9 9 2 0 9 9 9
878 63801 11 11 2 1 10 6 6
879 63947 8 8 2 0 8 6 6
880 64093 18 20 3 0 20 7 7
881 64239 7 7 2 1 6 7 7
882 64386 29 29 2 1 28 7 7
883 64532 5 5 2 0 5 5 5
884 64679 11 13 3 0 13 5 5
885 64826 11 11 2 0 11 6 6
886 64973 12 12 2 0 12 5 5
887 65120 8 8 2 0 8 8 8
888 65268 14 14 2 0 14 4 4
889 65415 11 11 2 2 9 10 10
890 65563 8 8 2 0 8 4 4
891 65711 9 9 2 0 9 6 6
892 65859 16 16 2 1 15 10 10
893 66007 11 11 2 2 9 11 11
894 66156 12 14 3 0 14 4 4
895 66304 4 4 2 0 4 3 3
896 66453 11 11 2 0 11 3 3
897 66602 21 23 3 0 23 15 15
898 66751 3 3 2 1 2 2 2
899 66900 6 6 2 0 6 5 5
900 67050 18 20 3 0 20 1 1
901 67199 8 10 3 0 10 6 8
902 67349 10 10 2 0 10 5 5
903 67499 16 16 2 0 16 10 10
904 67649 11 11 2 0 11 5 5
905 67799 8 8 2 1 7 6 6
906 67950 10 10 2 0 10 4 4
907 68100 6 6 2 0 6 6 6
908 68251 11 11 2 0 11 4 4
909 68402 9 9 2 1 8 8 8
910 68553 29 29 2 0 29 9 9
911 68704 8 8 2 0 8 8 8
912 68856 22 22 2 0 22 4 4
913 69007 12 12 2 0 12 11 11
914 69159 11 11 2 1 10 6 6
915 69311 14 14 2 0 14 6 6
916 69463 12 12 2 0 12 4 4
917 69615 5 7 3 0 7 4 5
918 69768 15 17 3 0 17 6 8
919 69920 6 6 2 0 6 6 6
920 70073 15 17 3 1 16 3 4
921 70226 9 9 2 1 8 9 9
922 70379 5 5 2 0 5 4 4
923 70532 12 12 2 2 10 11 11
924 70686 20 22 3 0 22 5 5
925 70839 8 8 2 0 8 4 4
926 70993 11 11 2 0 11 6 6
927 71147 6 6 2 0 6 3 3
928 71301 8 10 3 0 10 2 3
929 71455 6 6 2 0 6 6 6
930 71610 22 24 3 1 23 7 7
931 71764 15 17 3 1 16 14 15
932 71919 12 12 2 0 12 5 5
933 72074 16 16 2 0 16 12 12
934 72229 5 5 2 0 5 2 2
935 72384 17 19 3 1 18 12 12
936 72540 27 27 2 0 27 6 6
937 72695 8 8 2 0 8 8 8
938 72851 15 15 2 0 15 5 5
939 73007 11 11 2 1 10 6 6
940 73163 20 20 2 1 19 9 9
941 73319 3 3 2 0 3 3 3
942 73476 21 21 2 0 21 8 8
943 73632 11 11 2 0 11 11 11
944 73789 4 6 3 0 6 3 5
945 73946 21 21 2 1 20 6 6
946 74103 22 22 2 0 22 13 13
947 74260 7 7 2 0 7 7 7
948 74418 21 21 2 0 21 7 7
949 74575 15 15 2 0 15 13 13
950 74733 16 20 3 0 20 7 9
951 74891 4 4 2 1 3 1 1
952 75049 18 20 3 1 19 5 5
953 75207 3 3 2 0 3 3 3
954 75366 9 9 2 0 9 0 0
955 75524 7 9 3 0 9 4 5
956 75683 9 9 2 0 9 6 6
957 75842 7 9 3 1 8 4 5
958 76001 13 13 2 0 13 10 10
959 76160 5 5 2 0 5 3 3
960 76320 13 13 2 0 13 6 6
961 76479 10 10 2 0 10 9 9
962 76639 21 23 3 0 23 10 11
963 76799 5 5 2 0 5 2 2
964 76959 17 17 2 1 16 9 9
965 77119 10 10 2 0 10 7 7
966 77280 20 22 3 0 22 6 6
967 77440 9 9 2 1 8 9 9
968 77601 16 16 2 0 16 5 5
969 77762 16 16 2 0 16 11 11
970 77923 15 15 2 1 14 9 9
971 78084 7 7 2 1 6 7 7
972 78246 14 14 2 1 13 7 7
973 78407 7 7 2 0 7 2 2
974 78569 11 11 2 0 11 5 5
975 78731 11 11 2 1 10 5 5
976 78893 13 13 2 0 13 7 7
977 79055 8 8 2 0 8 8 8
978 79218 10 10 2 0 10 3 3
979 79380 6 6 2 0 6 4 4
980 79543 27 27 2 1 26 6 6
981 79706 15 15 2 1 14 11 11
982 79869 9 9 2 2 7 8 8
983 80032 3 3 2 0 3 3 3
984 80196 12 16 3 1 15 4 6
985 80359 10 10 2 0 10 8 8
986 80523 17 19 3 0 19 7 8
987 80687 14 14 2 1 13 13 13
988 80851 24 24 2 2 22 11 11
989 81015 6 8 3 0 8 5 7
990 81180 21 21 2 0 21 8 8
991 81344 12 12 2 0 12 12 12
992 81509 13 13 2 0 13 5 5
993 81674 10 10 2 0 10 8 8
994 81839 8 8 2 0 8 1 1
995 82004 16 16 2 1 15 16 16
996 82170 15 15 2 3 12 7 7
997 82335 6 8 3 0 8 6 8
998 82501 11 11 2 1 10 6 6
999 82667 11 11 2 0 11 7 7
1000 82833 12 12 2 0 12 3 3
1001 82999 21 23 3 0 23 15 15
1002 83166 11 11 2 0 11 3 3
1003 83332 6 6 2 0 6 6 6
1004 83499 7 7 2 0 7 6 6
1005 83666 19 19 2 2 17 12 12
1006 83833 11 13 3 0 13 7 9
1007 84000 10 10 2 0 10 8 8
1008 84168 19 19 2 3 16 5 5
1009 84335 12 12 2 1 11 12 12
1010 84503 7 7 2 0 7 3 3
1011 84671 5 5 2 0 5 4 4
1012 84839 14 16 3 1 15 6 6
1013 85007 6 6 2 0 6 6 6
1014 85176 32 34 3 1 33 14 14
1015 85344 6 6 2 0 6 4 4
1016 85513 17 17 2 0 17 7 7
1017 85682 3 3 2 0 3 2 2
1018 85851 11 11 2 0 11 7 7
1019 86020 1 1 2 1 0 1 1
1020 86190 19 19 2 1 18 3 3
1021 86359 9 9 2 0 9 9 9
1022 86529 19 19 2 0 19 10 10
1023 86699 20 20 2 0 20 13 13
1024 86869 10 10 2 0 10 4 4
1025 87039 6 6 2 0 6 4 4
1026 87210 21 21 2 0 21 6 6
1027 87380 11 11 2 1 10 10 10
1028 87551 11 11 2 0 11 4 4
1029 87722 18 18 2 1 17 7 7
1030 87893 17 17 2 0 17 8 8
1031 88064 7 7 2 0 7 7 7
1032 88236 20 20 2 1 19 6 6
1033 88407 10 10 2 0 10 10 10
1034 88579 11 11 2 0 11 4 4
1035 88751 15 15 2 0 15 4 4
1036 88923 27 29 3 1 28 15 16
1037 89095 12 12 2 0 12 10 10
1038 89268 12 12 2 2 10 7 7
1039 89440 7 9 3 0 9 7 9
1040 89613 21 21 2 0 21 5 5
1041 89786 11 11 2 0 11 8 8
1042 89959 7 7 2 0 7 4 4
1043 90132 5 5 2 0 5 4 4
1044 90306 14 16 3 1 15 3 3
1045 90479 17 19 3 0 19 12 12
1046 90653 14 14 2 0 14 8 8
1047 90827 14 16 3 0 16 9 10
1048 91001 13 13 2 0 13 2 2
1049 91175 11 11 2 0 11 11 11
1050 91350 16 20 3 0 20 5 5
1051 91524 10 10 2 1 9 10 10
1052 91699 17 17 2 1 16 6 6
1053 91874 15 15 2 1 14 9 9
1054 92049 22 22 2 1 21 10 10
1055 92224 9 9 2 0 9 5 5
1056 92400 28 32 3 0 32 6 6
1057 92575 10 10 2 0 10 9 9
1058 92751 12 12 2 1 11 6 6
1059 92927 8 8 2 0 8 5 5
1060 93103 17 17 2 0 17 4 4
1061 93279 6 6 2 0 6 6 6
1062 93456 18 18 2 1 17 6 6
1063 93632 9 9 2 0 9 9 9
1064 93809 25 25 2 1 24 7 7
1065 93986 13 13 2 1 12 6 6
1066 94163 11 11 2 0 11 5 5
1067 94340 9 9 2 1 8 6 6
1068 94518 12 12 2 1 11 3 3
1069 94695 13 13 2 0 13 13 13
1070 94873 13 13 2 0 13 5 5
1071 95051 11 13 3 0 13 6 8
1072 95229 15 15 2 0 15 6 6
1073 95407 11 11 2 0 11 10 10
1074 95586 15 15 2 1 14 6 6
1075 95764 12 12 2 0 12 10 10
1076 95943 14 14 2 0 14 5 5
1077 96122 11 11 2 1 10 6 6
1078 96301 18 20 3 0 20 9 9
1079 96480 8 8 2 1 7 7 7
1080 96660 27 27 2 0 27 2 2
1081 96839 9 11 3 1 10 9 11
1082 97019 15 15 2 2 13 7 7
1083 97199 19 19 2 0 19 13 13
1084 97379 20 20 2 2 18 8 8
1085 97559 24 24 2 0 24 17 17
1086 97740 23 23 2 1 22 6 6
1087 97920 12 12 2 0 12 12 12
1088 98101 13 17 3 0 17 3 3
1089 98282 9 9 2 1 8 4 4
1090 98463 17 17 2 0 17 4 4
1091 98644 11 11 2 0 11 11 11
1092 98826 35 35 2 0 35 5 5
1093 99007 6 6 2 0 6 6 6
1094 99189 15 15 2 0 15 3 3
1095 99371 15 15 2 0 15 6 6
1096 99553 14 14 2 0 14 7 7
1097 99735 2 2 2 0 2 2 2
1098 99918 23 23 2 0 23 6 6
1099 100100 13 13 2 0 13 8 8
1100 100283 14 16 3 1 15 6 6
1101 100466 15 15 2 1 14 9 9
1102 100649 14 18 3 0 18 5 6
1103 100832 4 4 2 1 3 4 4
1104 101016 20 22 3 1 21 2 2
1105 101199 17 19 3 1 18 14 16
1106 101383 20 20 2 1 19 8 8
1107 101567 7 7 2 0 7 2 2
1108 101751 11 11 2 0 11 6 6
1109 101935 6 6 2 2 4 6 6
1110 102120 24 24 2 0 24 4 4
1111 102304 8 8 2 1 7 7 7
1112 102489 20 20 2 1 19 4 4
1113 102674 11 11 2 0 11 7 7
1114 102859 8 8 2 1 7 8 8
1115 103044 6 6 2 0 6 6 6
1116 103230 25 25 2 2 23 9 9
1117 103415 9 9 2 1 8 9 9
1118 103601 23 23 2 1 22 12 12
1119 103787 16 18 3 0 18 11 11
1120 103973 16 16 2 0 16 3 3
1121 104159 10 12 3 0 12 10 12
1122 104346 29 31 3 0 31 9 9
1123 104532 11 11 2 2 9 11 11
1124 104719 10 10 2 0 10 4 4
1125 104906 11 11 2 0 11 4 4
1126 105093 12 12 2 0 12 6 6
1127 105280 12 12 2 0 12 10 10
1128 105468 26 30 3 0 30 10 10
1129 105655 13 13 2 0 13 13 13
1130 105843 6 6 2 0 6 4 4
1131 106031 20 20 2 0 20 10 10
1132 106219 11 11 2 0 11 5 5
1133 106407 12 12 2 0 12 11 11
1134 106596 20 22 3 0 22 4 4
1135 106784 2 2 2 0 2 1 1
1136 106973 11 11 2 1 10 5 5
1137 107162 17 17 2 0 17 8 8
1138 107351 8 8 2 0 8 5 5
1139 107540 8 8 2 1 7 8 8
1140 107730 30 32 3 1 31 1 1
1141 107919 10 10 2 0 10 9 9
1142 108109 8 8 2 0 8 4 4
1143 108299 17 17 2 1 16 9 9
1144 108489 27 29 3 1 28 11 11
1145 108679 10 10 2 1 9 7 7
1146 108870 16 18 3 1 17 6 6
1147 109060 11 13 3 1 12 9 11
1148 109251 12 12 2 0 12 6 6
1149 109442 13 17 3 1 16 6 8
1150 109633 17 19 3 1 18 7 7
1151 109824 10 10 2 0 10 10 10
1152 110016 11 11 2 0 11 2 2
1153 110207 8 8 2 0 8 8 8
1154 110399 10 10 2 0 10 6 6
1155 110591 19 19 2 0 19 8 8
1156 110783 14 14 2 1 13 4 4
1157 110975 7 7 2 0 7 5 5
1158 111168 21 21 2 0 21 4 4
1159 111360 19 19 2 1 18 17 17
1160 111553 15 15 2 0 15 6 6
1161 111746 11 11 2 0 11 3 3
1162 111939 17 17 2 0 17 11 11
1163 112132 11 11 2 0 11 11 11
1164 112326 30 30 2 0 30 8 8
1165 112519 7 7 2 1 6 5 5
1166 112713 10 10 2 0 10 4 4
1167 112907 12 12 2 1 11 7 7
1168 113101 12 14 3 0 14 5 6
1169 113295 5 5 2 0 5 4 4
1170 113490 34 34 2 1 33 5 5
1171 113684 11 11 2 0 11 11 11
1172 113879 9 9 2 0 9 5 5
1173 114074 9 9 2 0 9 3 3
1174 114269 11 11 2 0 11 4 4
1175 114464 6 6 2 0 6 6 6
1176 114660 32 34 3 0 34 6 6
1177 114855 16 16 2 0 16 13 13
1178 115051 19 19 2 0 19 9 9
1179 115247 18 18 2 0 18 9 9
1180 115443 12 12 2 0 12 5 5
1181 115639 4 4 2 0 4 4 4
1182 115836 17 17 2 0 17 7 7
1183 116032 17 19 3 0 19 14 15
1184 116229 16 18 3 2 16 5 6
1185 116426 19 19 2 1 18 9 9
1186 116623 4 4 2 1 3 2 2
1187 116820 4 4 2 0 4 4 4
1188 117018 21 21 2 0 21 3 3
1189 117215 13 13 2 0 13 13 13
1190 117413 20 20 2 0 20 7 7
1191 117611 17 17 2 1 16 11 11
1192 117809 13 13 2 0 13 5 5
1193 118007 12 12 2 0 12 12 12
1194 118206 18 18 2 1 17 8 8
1195 118404 12 12 2 0 12 10 10
1196 118603 18 20 3 0 20 7 7
1197 118802 31 31 2 0 31 17 17
1198 119001 8 8 2 0 8 2 2
1199 119200 7 7 2 0 7 5 5
1200 119400 24 24 2 0 24 7 7
1201 119599 9 9 2 1 8 9 9
1202 119799 17 17 2 1 16 7 7
1203 119999 12 12 2 1 11 8 8
1204 120199 29 29 2 0 29 10 10
1205 120399 13 13 2 0 13 8 8
1206 120600 25 25 2 0 25 10 10
1207 120800 4 4 2 0 4 3 3
1208 121001 19 19 2 0 19 8 8
1209 121202 22 24 3 0 24 12 13
1210 121403 14 14 2 0 14 3 3
1211 121604 5 5 2 1 4 5 5
1212 121806 10 10 2 1 9 3 3
1213 122007 6 6 2 1 5 6 6
1214 122209 13 13 2 0 13 7 7
1215 122411 16 16 2 0 16 9 9
1216 122613 14 14 2 0 14 4 4
1217 122815 3 3 2 0 3 3 3
1218 123018 16 16 2 1 15 4 4
1219 123220 17 17 2 0 17 15 15
1220 123423 17 17 2 0 17 7 7
1221 123626 17 17 2 1 16 14 14
1222 123829 17 19 3 0 19 7 8
1223 124032 6 6 2 0 6 6 6
1224 124236 26 33 4 0 33 9 10
1225 124439 19 26 4 0 26 12 16
1226 124643 11 11 2 1 10 8 8
1227 124847 17 17 2 1 16 8 8
1228 125051 14 14 2 1 13 7 7
1229 125255 6 6 2 1 5 6 6
1230 125460 14 16 3 1 15 4 5
1231 125664 4 4 2 0 4 4 4
1232 125869 24 30 3 0 30 5 5
1233 126074 9 9 2 0 9 6 6
1234 126279 13 13 2 1 12 4 4
1235 126484 19 19 2 0 19 15 15
1236 126690 24 24 2 2 22 8 8
1237 126895 13 13 2 2 11 13 13
1238 127101 8 8 2 0 8 5 5
1239 127307 11 11 2 0 11 5 5
1240 127513 27 27 2 1 26 7 7
1241 127719 13 13 2 1 12 11 11
1242 127926 10 15 4 1 14 3 3
1243 128132 12 12 2 1 11 11 11
1244 128339 17 17 2 0 17 6 6
1245 128546 18 18 2 0 18 9 9
1246 128753 11 11 2 1 10 7 7
1247 128960 9 9 2 1 8 8 8
1248 129168 33 33 2 1 32 9 9
1249 129375 15 15 2 0 15 15 15
1250 129583 7 7 2 0 7 4 4
1251 129791 14 16 3 0 16 4 4
1252 129999 11 11 2 0 11 5 5
1253 130207 12 12 2 1 11 11 11
1254 130416 27 34 4 0 34 10 10
1255 130624 7 7 2 1 6 7 7
1256 130833 17 17 2 0 17 4 4
1257 131042 6 8 3 0 8 2 4
1258 131251 22 22 2 0 22 12 12
1259 131460 6 6 2 0 6 6 6
1260 131670 36 38 3 0 38 5 5
1261 131879 13 13 2 0 13 10 10
1262 132089 10 10 2 0 10 7 7
1263 132299 15 15 2 0 15 9 9
1264 132509 16 18 3 0 18 5 6
1265 132719 12 12 2 0 12 8 8
1266 132930 17 17 2 0 17 5 5
1267 133140 15 15 2 0 15 13 13
1268 133351 11 11 2 2 9 5 5
1269 133562 6 6 2 0 6 3 3
1270 133773 20 22 3 1 21 8 8
1271 133984 7 9 3 0 9 6 8
1272 134196 22 22 2 0 22 5 5
1273 134407 11 11 2 1 10 11 11
1274 134619 36 36 2 0 36 12 12
1275 134831 19 19 2 0 19 6 6
1276 135043 13 18 4 0 18 6 10
1277 135255 7 7 2 0 7 7 7
1278 135468 22 22 2 1 21 10 10
1279 135680 7 7 2 0 7 7 7
1280 135893 14 14 2 0 14 2 2
1281 136106 23 23 2 0 23 12 12
1282 136319 11 13 3 0 13 7 8
1283 136532 11 11 2 0 11 11 11
1284 136746 16 16 2 1 15 8 8
1285 136959 11 11 2 1 10 4 4
1286 137173 14 14 2 0 14 5 5
1287 137387 25 27 3 1 26 11 11
1288 137601 27 27 2 1 26 7 7
1289 137815 7 7 2 0 7 7 7
1290 138030 22 22 2 1 21 7 7
1291 138244 11 11 2 0 11 11 11
1292 138459 24 26 3 1 25 7 8
1293 138674 12 12 2 0 12 8 8
1294 138889 9 9 2 0 9 3 3
1295 139104 21 21 2 0 21 13 13
1296 139320 17 17 2 0 17 5 5
1297 139535 10 10 2 0 10 10 10
1298 139751 12 14 3 0 14 7 7
1299 139967 23 23 2 0 23 14 14
1300 140183 21 23 3 0 23 6 6
1301 140399 5 5 2 0 5 5 5
1302 140616 32 32 2 1 31 9 9
1303 140832 8 8 2 0 8 8 8
1304 141049 16 16 2 0 16 6 6
1305 141266 17 17 2 0 17 9 9
1306 141483 13 13 2 2 11 7 7
1307 141700 3 3 2 0 3 3 3
1308 141918 27 27 2 0 27 8 8
1309 142135 11 13 3 2 11 7 7
1310 142353 11 11 2 1 10 4 4
1311 142571 17 19 3 1 18 11 11
1312 142789 11 13 3 1 12 2 2
1313 143007 11 11 2 0 11 10 10
1314 143226 23 23 2 0 23 6 6
1315 143444 13 13 2 0 13 6 6
1316 143663 18 18 2 0 18 8 8
1317 143882 11 11 2 0 11 6 6
1318 144101 14 14 2 1 13 9 9
1319 144320 7 7 2 1 6 7 7
1320 144540 28 28 2 0 28 3 3
1321 144759 7 7 2 0 7 7 7
1322 144979 19 21 3 0 21 10 10
1323 145199 28 28 2 1 27 11 11
1324 145419 11 11 2 0 11 4 4
1325 145639 9 11 3 0 11 5 6
1326 145860 22 29 4 0 29 9 10
1327 146080 7 7 2 0 7 7 7
1328 146301 15 15 2 0 15 6 6
1329 146522 14 14 2 0 14 7 7
1330 146743 30 32 3 1 31 8 8
1331 146964 10 10 2 0 10 9 9
1332 147186 24 24 2 1 23 7 7
1333 147407 9 9 2 0 9 7 7
1334 147629 12 14 3 0 14 8 10
1335 147851 9 9 2 0 9 5 5
1336 148073 21 21 2 0 21 9 9
1337 148295 11 11 2 0 11 7 7
1338 148518 20 22 3 0 22 7 9
1339 148740 9 9 2 1 8 8 8
1340 148963 22 22 2 0 22 6 6
1341 149186 10 10 2 0 10 4 4
1342 149409 14 16 3 0 16 7 7
1343 149632 13 15 3 0 15 12 14
1344 149856 14 16 3 0 16 4 5
1345 150079 7 7 2 1 6 2 2
1346 150303 10 10 2 1 9 5 5
1347 150527 5 5 2 0 5 4 4
1348 150751 8 8 2 0 8 3 3
1349 150975 11 11 2 1 10 10 10
1350 151200 21 23 3 0 23 4 4
1351 151424 16 16 2 1 15 13 13
1352 151649 26 28 3 1 27 12 13
1353 151874 16 16 2 0 16 12 12
1354 152099 12 14 3 2 12 6 7
1355 152324 14 14 2 2 12 8 8
1356 152550 14 14 2 0 14 5 5
1357 152775 9 9 2 0 9 9 9
1358 153001 29 29 2 0 29 16 16
1359 153227 7 7 2 0 7 4 4
1360 153453 23 27 3 1 26 7 7
1361 153679 5 5 2 0 5 5 5
1362 153906 18 18 2 0 18 7 7
1363 154132 8 10 3 0 10 8 10
1364 154359 24 26 3 0 26 9 9
1365 154586 30 30 2 0 30 12 12
1366 154813 14 14 2 0 14 7 7
1367 155040 3 3 2 0 3 3 3
1368 155268 37 39 3 1 38 9 9
1369 155495 13 13 2 1 12 12 12
1370 155723 14 14 2 0 14 4 4
1371 155951 15 15 2 0 15 10 10
1372 156179 26 28 3 1 27 8 9
1373 156407 11 11 2 0 11 11 11
1374 156636 22 22 2 0 22 8 8
1375 156864 5 5 2 0 5 4 4
1376 157093 15 15 2 0 15 4 4
1377 157322 18 18 2 0 18 12 12
1378 157551 16 16 2 0 16 6 6
1379 157780 10 10 2 0 10 8 8
1380 158010 33 35 3 2 33 9 9
1381 158239 10 10 2 0 10 10 10
1382 158469 11 11 2 0 11 5 5
1383 158699 10 10 2 2 8 9 9
1384 158929 11 11 2 0 11 1 1
1385 159159 11 11 2 0 11 9 9
1386 159390 27 27 2 0 27 10 10
1387 159620 18 18 2 0 18 16 16
1388 159851 14 14 2 0 14 6 6
1389 160082 9 9 2 1 8 4 4
1390 160313 31 31 2 0 31 9 9
1391 160544 13 13 2 2 11 10 10
1392 160776 21 21 2 0 21 5 5
1393 161007 10 10 2 1 9 10 10
1394 161239 24 28 3 2 26 15 17
1395 161471 20 22 3 1 21 9 9
1396 161703 20 20 2 1 19 8 8
1397 161935 10 10 2 0 10 9 9
1398 162168 13 13 2 0 13 3 3
1399 162400 6 6 2 0 6 6 6
1400 162633 20 20 2 0 20 3 3
1401 162866 10 10 2 1 9 7 7
1402 163099 7 7 2 0 7 5 5
1403 163332 11 13 3 0 13 9 11
1404 163566 35 35 2 3 32 11 11
1405 163799 7 7 2 0 7 4 4
1406 164033 27 27 2 1 26 8 8
1407 164267 22 22 2 0 22 9 9
1408 164501 20 24 3 0 24 3 4
1409 164735 7 7 2 1 6 7 7
1410 164970 21 23 3 0 23 4 4
1411 165204 14 14 2 0 14 13 13
1412 165439 12 12 2 1 11 5 5
1413 165674 18 18 2 1 17 7 7
1414 165909 8 10 3 0 10 4 5
1415 166144 11 11 2 0 11 9 9
1416 166380 22 22 2 0 22 5 5
1417 166615 13 13 2 1 12 11 11
1418 166851 17 17 2 1 16 9 9
1419 167087 17 19 3 0 19 12 13
1420 167323 18 18 2 0 18 7 7
1421 167559 14 16 3 0 16 14 16
1422 167796 23 23 2 0 23 7 7
1423 168032 6 6 2 0 6 6 6
1424 168269 14 14 2 1 13 5 5
1425 168506 25 29 3 1 28 14 15
1426 168743 17 21 3 1 20 10 11
1427 168980 6 6 2 0 6 6 6
1428 169218 36 36 2 1 35 9 9
1429 169455 16 16 2 1 15 16 16
1430 169693 26 30 3 0 30 6 6
1431 169931 16 16 2 0 16 12 12
1432 170169 15 15 2 0 15 7 7
1433 170407 7 7 2 0 7 7 7
1434 170646 11 11 2 0 11 6 6
1435 170884 11 11 2 0 11 6 6
1436 171123 16 16 2 0 16 8 8
1437 171362 17 17 2 0 17 14 14
1438 171601 12 12 2 0 12 7 7
1439 171840 6 6 2 1 5 6 6
1440 172080 24 24 2 0 24 2 2
1441 172319 9 9 2 0 9 7 7
1442 172559 21 21 2 1 20 7 7
1443 172799 24 26 3 0 26 13 15
1444 173039 20 20 2 0 20 9 9
1445 173279 9 9 2 0 9 4 4
1446 173520 25 25 2 1 24 9 9
1447 173760 6 6 2 0 6 6 6
1448 174001 21 21 2 0 21 4 4
1449 174242 21 23 3 1 22 10 10
1450 174483 17 21 3 0 21 6 6
1451 174724 3 3 2 0 3 3 3
1452 174966 23 23 2 0 23 2 2
1453 175207 13 13 2 1 12 13 13
1454 175449 13 13 2 1 12 6 6
1455 175691 20 20 2 0 20 10 10
1456 175933 34 36 3 0 36 8 8
1457 176175 16 16 2 0 16 15 15
1458 176418 10 10 2 1 9 3 3
1459 176660 9 9 2 1 8 9 9
1460 176903 34 34 2 2 32 9 9
1461 177146 14 14 2 0 14 8 8
1462 177389 18 20 3 2 18 8 8
1463 177632 20 24 3 0 24 14 16
1464 177876 25 27 3 0 27 5 6
1465 178119 7 7 2 0 7 5 5
1466 178363 13 13 2 0 13 9 9
1467 178607 11 11 2 0 11 8 8
1468 178851 23 23 2 0 23 14 14
1469 179095 9 9 2 0 9 8 8
1470 179340 38 40 3 0 40 6 6
1471 179584 13 13 2 1 12 13 13
1472 179829 17 19 3 0 19 2 2
1473 180074 6 6 2 0 6 5 5
1474 180319 14 14 2 1 13 7 7
1475 180564 5 5 2 0 5 3 3
1476 180810 15 15 2 0 15 3 3
1477 181055 9 9 2 0 9 5 5
1478 181301 12 12 2 0 12 5 5
1479 181547 25 27 3 0 27 14 16
1480 181793 25 27 3 2 25 9 9
1481 182039 9 9 2 1 8 9 9
1482 182286 41 43 3 0 43 14 14
1483 182532 11 11 2 0 11 11 11
1484 182779 20 22 3 1 21 10 10
1485 183026 16 16 2 0 16 6 6
1486 183273 9 9 2 0 9 7 7
1487 183520 8 10 3 0 10 8 10
1488 183768 24 26 3 0 26 6 7
1489 184015 9 9 2 1 8 9 9
1490 184263 7 7 2 0 7 1 1
1491 184511 19 19 2 0 19 12 12
1492 184759 16 18 3 0 18 8 8
1493 185007 10 10 2 0 10 10 10
1494 185256 14 14 2 0 14 4 4
1495 185504 14 16 3 1 15 10 10
1496 185753 30 34 3 1 33 9 9
1497 186002 11 11 2 0 11 6 6
1498 186251 11 11 2 0 11 3 3
1499 186500 6 6 2 1 5 6 6
1500 186750 19 19 2 0 19 4 4
1501 186999 16 16 2 0 16 15 15
1502 187249 17 17 2 0 17 7 7
1503 187499 7 7 2 0 7 4 4
1504 187749 17 17 2 0 17 5 5
1505 187999 23 23 2 0 23 15 15
1506 188250 17 17 2 0 17 9 9
1507 188500 9 9 2 0 9 7 7
1508 188751 24 28 3 0 28 9 11
1509 189002 10 10 2 0 10 6 6
1510 189253 11 11 2 0 11 5 5
1511 189504 5 5 2 0 5 5 5
1512 189756 31 35 3 0 35 7 9
1513 190007 14 16 3 0 16 12 14
1514 190259 15 15 2 0 15 6 6
1515 190511 13 13 2 0 13 10 10
1516 190763 24 24 2 0 24 6 6
1517 191015 11 11 2 0 11 10 10
1518 191268 26 28 3 0 28 7 7
1519 191520 26 28 3 1 27 22 23
1520 191773 33 39 3 1 38 7 7
1521 192026 31 35 3 0 35 17 17
1522 192279 9 9 2 0 9 3 3
1523 192532 10 10 2 0 10 10 10
1524 192786 25 25 2 0 25 6 6
1525 193039 10 10 2 0 10 6 6
1526 193293 23 23 2 0 23 10 10
1527 193547 7 7 2 0 7 3 3
1528 193801 15 15 2 0 15 5 5
1529 194055 10 10 2 0 10 5 5
1530 194310 27 27 2 0 27 7 7
1531 194564 11 11 2 0 11 11 11
1532 194819 14 16 3 0 16 2 2
1533 195074 18 18 2 0 18 9 9
1534 195329 15 19 3 0 19 8 10
1535 195584 12 14 3 1 13 12 14
1536 195840 9 9 2 0 9 0 0
1537 196095 14 14 2 1 13 12 12
1538 196351 12 12 2 0 12 6 6
1539 196607 15 17 3 0 17 10 11
1540 196863 29 31 3 0 31 5 5
1541 197119 13 13 2 0 13 13 13
1542 197376 15 15 2 0 15 3 3
1543 197632 17 17 2 0 17 17 17
1544 197889 26 26 2 1 25 10 10
1545 198146 15 15 2 2 13 6 6
1546 198403 12 12 2 0 12 7 7
1547 198660 18 18 2 0 18 15 15
1548 198918 29 29 2 2 27 6 6
1549 199175 11 11 2 1 10 11 11
1550 199433 18 20 3 0 20 6 6
1551 199691 17 17 2 2 15 12 12
1552 199949 22 22 2 0 22 6 6
1553 200207 5 5 2 0 5 5 5
1554 200466 41 43 3 1 42 10 10
1555 200724 8 8 2 1 7 4 4
1556 200983 13 13 2 1 12 4 4
1557 201242 4 4 2 0 4 3 3
1558 201501 11 11 2 0 11 5 5
1559 201760 9 9 2 0 9 9 9
1560 202020 42 42 2 0 42 6 6
1561 202279 13 13 2 1 12 13 13
1562 202539 24 28 3 0 28 8 9
1563 202799 8 8 2 0 8 5 5
1564 203059 23 25 3 2 23 12 13
1565 203319 14 14 2 0 14 9 9
1566 203580 24 26 3 0 26 13 13
1567 203840 7 7 2 0 7 7 7
1568 204101 23 27 3 0 27 5 6
1569 204362 11 11 2 0 11 5 5
1570 204623 19 19 2 0 19 7 7
1571 204884 4 4 2 0 4 4 4
1572 205146 29 29 2 0 29 10 10
1573 205407 15 17 3 1 16 10 10
1574 205669 12 12 2 1 11 6 6
1575 205931 24 28 3 0 28 11 11
1576 206193 20 20 2 0 20 8 8
1577 206455 11 11 2 1 10 10 10
1578 206718 23 23 2 0 23 8 8
1579 206980 4 4 2 0 4 4 4
1580 207243 29 29 2 2 27 7 7
1581 207506 21 21 2 1 20 11 11
1582 207769 11 11 2 0 11 7 7
1583 208032 6 6 2 0 6 6 6
1584 208296 34 41 4 2 39 8 9
1585 208559 10 10 2 0 10 7 7
1586 208823 24 24 2 0 24 11 11
1587 209087 14 14 2 1 13 7 7
1588 209351 19 19 2 0 19 7 7
1589 209615 10 10 2 0 10 9 9
1590 209880 23 23 2 0 23 5 5
1591 210144 23 23 2 1 22 21 21
1592 210409 15 15 2 1 14 5 5
1593 210674 10 12 3 0 12 6 7
1594 210939 6 6 2 0 6 2 2
1595 211204 13 15 3 0 15 9 11
1596 211470 50 52 3 1 51 16 16
1597 211735 13 13 2 1 12 13 13
1598 212001 18 18 2 0 18 6 6
1599 212267 22 22 2 0 22 17 17
1600 212533 24 26 3 0 26 9 9
1601 212799 7 7 2 0 7 7 7
1602 213066 20 20 2 0 20 6 6
1603 213332 15 15 2 0 15 12 12
1604 213599 18 18 2 1 17 7 7
1605 213866 9 9 2 0 9 3 3
1606 214133 21 21 2 0 21 10 10
1607 214400 6 6 2 0 6 6 6
1608 214668 32 32 2 1 31 11 11
1609 214935 6 6 2 0 6 6 6
1610 215203 23 25 3 0 25 10 10
1611 215471 18 18 2 1 17 12 12
1612 215739 32 32 2 3 29 10 10
1613 216007 6 6 2 0 6 6 6
1614 216276 18 18 2 0 18 5 5
1615 216544 20 22 3 1 21 15 16
1616 216813 20 22 3 1 21 9 11
1617 217082 32 32 2 1 31 20 20
1618 217351 9 9 2 0 9 3 3
1619 217620 14 14 2 1 13 14 14
1620 217890 37 37 2 1 36 7 7
1621 218159 6 6 2 2 4 6 6
1622 218429 13 13 2 1 12 7 7
1623 218699 15 15 2 1 14 7 7
1624 218969 19 19 2 1 18 6 6
1625 219239 8 8 2 0 8 6 6
1626 219510 24 24 2 1 23 7 7
1627 219780 9 9 2 0 9 9 9
1628 220051 25 30 4 1 29 13 15
1629 220322 16 16 2 0 16 8 8
1630 220593 26 26 2 0 26 16 16
1631 220864 10 10 2 0 10 8 8
1632 221136 21 28 4 0 28 3 3
1633 221407 16 20 3 0 20 15 19
1634 221679 19 21 3 0 21 9 9
1635 221951 22 22 2 1 21 12 12
1636 222223 21 21 2 0 21 6 6
1637 222495 3 3 2 0 3 3 3
1638 222768 54 56 3 0 56 11 11
1639 223040 6 6 2 1 5 5 5
1640 223313 25 27 3 0 27 7 7
1641 223586 22 22 2 0 22 10 10
1642 223859 9 9 2 0 9 6 6
1643 224132 14 16 3 0 16 11 13
1644 224406 19 19 2 0 19 7 7
1645 224679 11 11 2 0 11 10 10
1646 224953 11 11 2 0 11 5 5
1647 225227 13 13 2 0 13 4 4
1648 225501 14 14 2 0 14 5 5
1649 225775 17 17 2 0 17 14 14
1650 226050 21 23 3 0 23 5 5
1651 226324 14 14 2 0 14 13 13
1652 226599 18 18 2 0 18 8 8
1653 226874 27 29 3 0 29 16 16
1654 227149 13 13 2 3 10 9 9
1655 227424 13 13 2 1 12 11 11
1656 227700 23 25 3 0 25 2 2
1657 227975 5 5 2 0 5 5 5
1658 228251 10 10 2 0 10 5 5
1659 228527 24 24 2 1 23 12 12
1660 228803 20 22 3 1 21 6 6
1661 229079 6 6 2 0 6 5 5
1662 229356 15 15 2 0 15 6 6
1663 229632 8 8 2 0 8 8 8
1664 229909 17 17 2 0 17 4 4
1665 230186 30 30 2 0 30 15 15
1666 230463 33 35 3 0 35 14 16
1667 230740 10 10 2 0 10 10 10
1668 231018 33 35 3 0 35 9 9
1669 231295 9 9 2 0 9 9 9
1670 231573 20 20 2 1 19 6 6
1671 231851 10 10 2 0 10 10 10
1672 232129 28 33 4 3 30 11 11
1673 232407 11 11 2 0 11 9 9
1674 232686 31 31 2 3 28 11 11
1675 232964 12 14 3 0 14 10 11
1676 233243 20 26 3 0 26 11 16
1677 233522 20 20 2 0 20 12 12
1678 233801 24 26 3 0 26 13 14
1679 234080 10 15 4 0 15 8 13
1680 234360 27 27 2 0 27 1 1
1681 234639 7 7 2 1 6 7 7
1682 234919 9 9 2 0 9 5 5
1683 235199 26 28 3 2 26 13 13
1684 235479 18 18 2 0 18 9 9
1685 235759 16 16 2 0 16 15 15
1686 236040 13 13 2 0 13 3 3
1687 236320 17 17 2 0 17 12 12
1688 236601 18 18 2 0 18 3 3
1689 236882 18 18 2 1 17 12 12
1690 237163 31 31 2 1 30 9 9
1691 237444 14 14 2 0 14 12 12
1692 237726 32 34 3 1 33 7 7
1693 238007 8 8 2 2 6 8 8
1694 238289 15 15 2 1 14 8 8
1695 238571 15 15 2 1 14 13 13
1696 238853 17 17 2 0 17 4 4
1697 239135 8 8 2 0 8 8 8
1698 239418 22 22 2 0 22 10 10
1699 239700 9 9 2 1 8 9 9
1700 239983 27 29 3 2 27 13 13
1701 240266 14 16 3 0 16 6 6
1702 240549 14 14 2 1 13 7 7
1703 240832 9 9 2 0 9 7 7
1704 241116 25 25 2 1 24 7 7
1705 241399 22 22 2 0 22 14 14
1706 241683 13 13 2 2 11 11 11
1707 241967 12 12 2 0 12 9 9
1708 242251 29 29 2 0 29 10 10
1709 242535 8 8 2 1 7 8 8
1710 242820 45 50 4 2 48 16 17
1711 243104 10 10 2 0 10 10 10
1712 243389 15 15 2 1 14 7 7
1713 243674 12 12 2 0 12 8 8
1714 243959 9 9 2 2 7 5 5
1715 244244 28 28 2 1 27 15 15
1716 244530 47 53 3 1 52 11 12
1717 244815 14 14 2 2 12 13 13
1718 245101 14 14 2 1 13 9 9
1719 245387 10 12 3 0 12 4 4
1720 245673 28 30 3 0 30 9 10
1721 245959 8 8 2 0 8 8 8
1722 246246 21 21 2 0 21 9 9
1723 246532 2 2 2 0 2 2 2
1724 246819 17 17 2 0 17 9 9
1725 247106 24 30 3 2 28 9 11
1726 247393 21 23 3 1 22 14 15
1727 247680 11 11 2 0 11 6 6
1728 247968 14 14 2 0 14 4 4
1729 248255 28 28 2 1 27 22 22
1730 248543 18 18 2 1 17 9 9
1731 248831 16 16 2 0 16 12 12
1732 249119 22 22 2 0 22 5 5
1733 249407 15 15 2 2 13 15 15
1734 249696 24 26 3 0 26 6 6
1735 249984 11 11 2 1 10 8 8
1736 250273 40 40 2 0 40 12 12
1737 250562 20 20 2 0 20 12 12
1738 250851 21 21 2 2 19 12 12
1739 251140 13 13 2 1 12 12 12
1740 251430 28 28 2 0 28 7 7
1741 251719 8 8 2 1 7 8 8
1742 252009 21 23 3 1 22 11 12
1743 252299 17 17 2 0 17 12 12
1744 252589 23 23 2 2 21 7 7
1745 252879 14 14 2 0 14 8 8
1746 253170 31 31 2 0 31 9 9
1747 253460 13 13 2 0 13 13 13
1748 253751 23 27 3 1 26 11 12
1749 254042 19 19 2 1 18 13 13
1750 254333 18 18 2 0 18 7 7
1751 254624 15 15 2 0 15 14 14
1752 254916 27 27 2 0 27 6 6
1753 255207 9 9 2 1 8 9 9
1754 255499 18 18 2 0 18 9 9
1755 255791 25 25 2 1 24 9 9
1756 256083 19 19 2 0 19 8 8
1757 256375 13 13 2 2 11 13 13
1758 256668 13 13 2 0 13 3 3
1759 256960 11 11 2 0 11 11 11
1760 257253 33 40 4 0 40 12 13
1761 257546 16 16 2 0 16 9 9
1762 257839 11 11 2 0 11 4 4
1763 258132 14 14 2 0 14 13 13
1764 258426 49 51 3 2 49 6 6
1765 258719 6 6 2 0 6 3 3
1766 259013 16 16 2 0 16 11 11
1767 259307 31 31 2 2 29 22 22
1768 259601 30 34 3 0 34 14 14
1769 259895 14 16 3 1 15 13 14
1770 260190 23 23 2 0 23 3 3
1771 260484 21 21 2 1 20 15 15
1772 260779 20 22 3 0 22 9 10
1773 261074 11 13 3 0 13 7 8
1774 261369 16 16 2 0 16 8 8
1775 261664 8 8 2 0 8 3 3
1776 261960 25 25 2 0 25 4 4
1777 262255 10 10 2 0 10 10 10
1778 262551 27 29 3 0 29 13 14
1779 262847 7 7 2 0 7 5 5
1780 263143 21 21 2 2 19 9 9
1781 263439 11 11 2 0 11 9 9
1782 263736 22 22 2 0 22 6 6
1783 264032 11 11 2 1 10 11 11
1784 264329 18 18 2 0 18 2 2
1785 264626 21 23 3 0 23 7 8
1786 264923 24 30 3 0 30 13 15
1787 265220 10 10 2 0 10 10 10
1788 265518 19 21 3 0 21 4 4
1789 265815 16 16 2 2 14 16 16
1790 266113 12 12 2 0 12 5 5
1791 266411 11 11 2 0 11 7 7
1792 266709 17 17 2 0 17 4 4
1793 267007 10 12 3 2 10 10 11
1794 267306 38 40 3 1 39 9 9
1795 267604 15 15 2 0 15 10 10
1796 267903 18 18 2 2 16 15 15
1797 268202 19 19 2 1 18 13 13
1798 268501 24 26 3 2 24 15 17
1799 268800 24 26 3 0 26 17 19
1800 269100 33 35 3 0 35 3 3
1801 269399 13 13 2 2 11 13 13
1802 269699 17 19 3 1 18 8 8
1803 269999 19 19 2 0 19 9 9
1804 270299 25 29 3 4 25 17 19
1805 270599 19 21 3 0 21 13 15
1806 270900 41 41 2 0 41 9 9
1807 271200 19 19 2 2 17 14 14
1808 271501 11 11 2 0 11 0 0
1809 271802 19 21 3 1 20 11 13
1810 272103 23 23 2 0 23 6 6
1811 272404 8 8 2 0 8 8 8
1812 272706 31 31 2 1 30 14 14
1813 273007 24 26 3 1 25 20 22
1814 273309 11 11 2 0 11 5 5
1815 273611 20 20 2 1 19 6 6
1816 273913 17 17 2 0 17 6 6
1817 274215 6 6 2 0 6 5 5
1818 274518 22 24 3 1 23 10 10
1819 274820 14 14 2 0 14 11 11
1820 275123 52 54 3 1 53 13 13
1821 275426 15 15 2 1 14 9 9
1822 275729 17 17 2 2 15 9 9
1823 276032 8 8 2 0 8 8 8
1824 276336 33 33 2 0 33 9 9
1825 276639 17 17 2 1 16 10 10
1826 276943 23 23 2 1 22 9 9
1827 277247 19 19 2 0 19 9 9
1828 277551 12 12 2 0 12 1 1
1829 277855 14 16 3 1 15 13 15
1830 278160 34 34 2 0 34 10 10
1831 278464 16 16 2 0 16 16 16
1832 278769 23 23 2 0 23 11 11
1833 279074 16 16 2 0 16 7 7
1834 279379 16 18 3 0 18 9 9
1835 279684 16 16 2 0 16 10 10
1836 279990 25 27 3 0 27 3 3
1837 280295 3 3 2 0 3 2 2
1838 280601 11 11 2 1 10 5 5
1839 280907 14 14 2 0 14 11 11
1840 281213 23 25 3 1 24 3 3
1841 281519 16 16 2 1 15 9 9
1842 281826 24 24 2 0 24 8 8
1843 282132 9 9 2 0 9 6 6
1844 282439 8 8 2 0 8 3 3
1845 282746 19 19 2 0 19 8 8
1846 283053 26 30 3 1 29 14 15
1847 283360 7 7 2 0 7 7 7
1848 283668 43 49 3 0 49 10 10
1849 283975 8 17 5 0 17 8 16
1850 284283 21 21 2 2 19 8 8
1851 284591 20 20 2 0 20 11 11
1852 284899 21 23 3 0 23 11 12
1853 285207 16 16 2 0 16 14 14
1854 285516 25 25 2 0 25 7 7
1855 285824 20 22 3 1 21 13 14
1856 286133 20 22 3 0 22 10 10
1857 286442 12 12 2 0 12 9 9
1858 286751 11 11 2 1 10 5 5
1859 287060 35 39 3 1 38 28 30
1860 287370 44 46 3 1 45 10 10
1861 287679 6 6 2 0 6 6 6
1862 287989 50 52 3 0 52 25 25
1863 288299 14 19 4 0 19 11 11
1864 288609 19 19 2 1 18 7 7
1865 288919 19 21 3 0 21 14 14
1866 289230 30 30 2 0 30 7 7
1867 289540 10 10 2 0 10 10 10
1868 289851 13 13 2 0 13 8 8
1869 290162 13 13 2 0 13 9 9
1870 290473 36 40 3 2 38 10 10
1871 290784 8 8 2 4 4 8 8
1872 291096 41 43 3 0 43 6 8
1873 291407 12 12 2 2 10 12 12
1874 291719 14 14 2 0 14 6 6
1875 292031 12 12 2 0 12 6 6
1876 292343 30 32 3 1 31 10 11
1877 292655 13 15 3 0 15 13 15
1878 292968 19 19 2 0 19 7 7
1879 293280 6 6 2 0 6 6 6
1880 293593 25 25 2 0 25 4 4
1881 293906 32 38 3 0 38 19 20
1882 294219 5 5 2 0 5 2 2
1883 294532 13 15 3 0 15 8 10
1884 294846 37 37 2 0 37 10 10
1885 295159 21 21 2 0 21 13 13
1886 295473 24 26 3 2 24 13 14
1887 295787 16 16 2 0 16 8 8
1888 296101 8 10 3 0 10 3 3
1889 296415 6 6 2 1 5 6 6
1890 296730 48 50 3 0 50 12 12
1891 297044 11 13 3 1 12 8 10
1892 297359 36 36 2 1 35 13 13
1893 297674 15 15 2 1 14 12 12
1894 297989 10 10 2 0 10 3 3
1895 298304 14 14 2 0 14 5 5
1896 298620 33 33 2 0 33 7 7
1897 298935 18 18 2 1 17 12 12
1898 299251 30 34 3 0 34 14 16
1899 299567 18 18 2 0 18 9 9
1900 299883 31 37 3 0 37 6 6
1901 300199 2 2 2 0 2 2 2
1902 300516 17 17 2 0 17 10 10
1903 300832 5 5 2 1 4 5 5
1904 301149 31 35 3 1 34 11 11
1905 301466 23 25 3 1 24 8 8
1906 301783 11 11 2 1 10 8 8
1907 302100 15 15 2 0 15 15 15
1908 302418 24 24 2 0 24 5 5
1909 302735 10 15 4 0 15 9 14
1910 303053 20 22 3 0 22 9 9
1911 303371 43 43 2 0 43 19 19
1912 303689 14 14 2 1 13 5 5
1913 304007 16 16 2 2 14 16 16
1914 304326 22 24 3 0 24 9 9
1915 304644 14 16 3 0 16 7 7
1916 304963 26 26 2 0 26 13 13
1917 305282 8 8 2 0 8 4 4
1918 305601 20 20 2 2 18 12 12
1919 305920 10 10 2 0 10 9 9
1920 306240 24 24 2 0 24 4 4
1921 306559 13 13 2 0 13 12 12
1922 306879 22 24 3 0 24 12 12
1923 307199 16 16 2 0 16 11 11
1924 307519 38 40 3 1 39 16 16
1925 307839 19 21 3 0 21 10 11
1926 308160 14 16 3 0 16 4 6
1927 308480 14 14 2 0 14 14 14
1928 308801 23 23 2 0 23 6 6
1929 309122 29 31 3 1 30 20 22
1930 309443 28 28 2 0 28 9 9
1931 309764 8 8 2 0 8 8 8
1932 310086 43 45 3 0 45 7 7
1933 310407 13 13 2 0 13 13 13
1934 310729 14 14 2 0 14 5 5
1935 311051 31 31 2 0 31 16 16
1936 311373 27 27 2 2 25 7 7
1937 311695 8 8 2 0 8 7 7
1938 312018 38 40 3 0 40 9 9
1939 312340 9 9 2 1 8 7 7
1940 312663 33 33 2 0 33 8 8
1941 312986 14 16 3 0 16 9 10
1942 313309 12 12 2 1 11 5 5
1943 313632 16 16 2 0 16 16 16
1944 313956 25 25 2 0 25 6 6
1945 314279 16 16 2 1 15 11 11
1946 314603 27 27 2 0 27 12 12
1947 314927 21 29 3 1 28 17 20
1948 315251 15 15 2 0 15 4 4
1949 315575 9 9 2 0 9 9 9
1950 315900 34 34 2 1 33 7 7
1951 316224 10 10 2 0 10 10 10
1952 316549 17 17 2 0 17 3 3
1953 316874 26 26 2 0 26 10 10
1954 317199 17 17 2 1 16 9 9
1955 317524 15 15 2 1 14 9 9
1956 317850 21 21 2 1 20 6 6
1957 318175 13 15 3 0 15 12 14
1958 318501 11 11 2 1 10 4 4
1959 318827 13 13 2 0 13 7 7
1960 319153 45 45 2 2 43 13 13
1961 319479 19 19 2 0 19 16 16
1962 319806 31 31 2 0 31 4 4
1963 320132 14 14 2 0 14 13 13
1964 320459 17 17 2 0 17 8 8
1965 320786 23 23 2 2 21 11 11
1966 321113 11 11 2 0 11 8 8
1967 321440 16 16 2 0 16 13 13
1968 321768 22 29 4 1 28 9 9
1969 322095 17 17 2 0 17 16 16
1970 322423 24 24 2 0 24 9 9
1971 322751 16 16 2 0 16 8 8
1972 323079 25 27 3 0 27 7 7
1973 323407 8 8 2 0 8 8 8
1974 323736 32 34 3 0 34 6 6
1975 324064 13 13 2 0 13 6 6
1976 324393 44 46 3 0 46 18 19
1977 324722 16 16 2 1 15 11 11
1978 325051 22 26 3 0 26 13 15
1979 325380 10 10 2 0 10 10 10
1980 325710 48 48 2 0 48 9 9
1981 326039 15 15 2 0 15 13 13
1982 326369 19 19 2 1 18 7 7
1983 326699 15 17 3 0 17 6 6
1984 327029 21 21 2 1 20 6 6
1985 327359 24 24 2 0 24 18 18
1986 327690 18 18 2 0 18 3 3
1987 328020 13 13 2 0 13 13 13
1988 328351 15 15 2 1 14 7 7
1989 328682 29 33 3 0 33 15 17
1990 329013 28 28 2 0 28 6 6
1991 329344 9 9 2 0 9 7 7
1992 329676 25 27 3 0 27 6 7
1993 330007 13 13 2 1 12 13 13
1994 330339 13 18 4 0 18 8 10
1995 330671 41 43 3 1 42 14 14
1996 331003 24 24 2 0 24 13 13
1997 331335 4 4 2 0 4 4 4
1998 331668 28 28 2 0 28 8 8
1999 332000 14 14 2 0 14 14 14
2000 332333 17 17 2 0 17 2 2
2001 332666 19 19 2 0 19 13 13
2002 332999 42 46 3 0 46 9 11
2003 333332 11 13 3 0 13 11 13
2004 333666 24 24 2 2 22 7 7
2005 333999 9 9 2 0 9 5 5
2006 334333 16 16 2 0 16 8 8
2007 334667 12 12 2 1 11 5 5
2008 335001 12 12 2 1 11 5 5
2009 335335 13 17 3 0 17 12 15
2010 335670 41 41 2 0 41 11 11
2011 336004 6 6 2 0 6 6 6
2012 336339 17 19 3 2 17 6 6
2013 336674 18 20 3 0 20 8 8
2014 337009 22 22 2 0 22 11 11
2015 337344 24 26 3 0 26 15 16
2016 337680 26 26 2 0 26 4 4
2017 338015 8 8 2 0 8 8 8
2018 338351 19 19 2 0 19 7 7
2019 338687 12 12 2 0 12 7 7
2020 339023 17 17 2 0 17 7 7
2021 339359 14 16 3 1 15 13 15
2022 339696 14 14 2 0 14 5 5
2023 340032 8 8 2 0 8 4 4
2024 340369 25 31 3 0 31 8 10
2025 340706 30 30 2 0 30 15 15
2026 341043 16 16 2 1 15 10 10
2027 341380 11 11 2 0 11 11 11
2028 341718 53 58 4 0 58 13 14
2029 342055 7 7 2 1 6 7 7
2030 342393 26 28 3 1 27 16 16
2031 342731 15 15 2 0 15 8 8
2032 343069 24 24 2 0 24 7 7
2033 343407 12 14 3 0 14 9 11
2034 343746 12 12 2 0 12 5 5
2035 344084 20 20 2 0 20 13 13
2036 344423 22 22 2 1 21 11 11
2037 344762 27 27 2 0 27 10 10
2038 345101 14 14 2 0 14 13 13
2039 345440 8 8 2 1 7 8 8
2040 345780 38 43 4 0 43 6 6
2041 346119 25 27 3 0 27 20 22
2042 346459 18 18 2 1 17 9 9
2043 346799 9 9 2 0 9 4 4
2044 347139 34 34 2 0 34 13 13
2045 347479 22 22 2 2 20 13 13
2046 347820 48 50 3 2 48 16 16
2047 348160 8 10 3 0 10 6 8
2048 348501 14 14 2 0 14 4 4
2049 348842 17 17 2 1 16 10 10
2050 349183 19 19 2 0 19 8 8
2051 349524 13 13 2 0 13 11 11
2052 349866 38 38 2 0 38 8 8
2053 350207 11 11 2 0 11 11 11
2054 350549 22 22 2 0 22 7 7
2055 350891 18 18 2 0 18 10 10
2056 351233 15 15 2 1 14 4 4
2057 351575 18 23 4 0 23 15 17
2058 351918 41 41 2 0 41 10 10
2059 352260 11 11 2 0 11 10 10
2060 352603 26 28 3 0 28 7 8
2061 352946 15 15 2 0 15 6 6
2062 353289 14 14 2 1 13 7 7
2063 353632 6 6 2 0 6 6 6
2064 353976 28 28 2 1 27 7 7
2065 354319 14 14 2 0 14 8 8
2066 354663 19 19 2 1 18 9 9
2067 355007 28 28 2 1 27 18 18
2068 355351 26 28 3 0 28 14 15
2069 355695 13 13 2 1 12 13 13
2070 356040 37 37 2 0 37 11 11
2071 356384 14 14 2 0 14 12 12
2072 356729 45 47 3 1 46 16 16
2073 357074 13 15 3 1 14 7 9
2074 357419 29 29 2 1 28 15 15
2075 357764 22 22 2 0 22 14 14
2076 358110 22 22 2 0 22 4 4
2077 358455 9 9 2 1 8 8 8
2078 358801 14 16 3 1 15 7 7
2079 359147 28 28 2 0 28 12 12
2080 359493 35 37 3 1 36 10 10
2081 359839 8 8 2 0 8 8 8
2082 360186 23 23 2 1 22 7 7
2083 360532 17 17 2 0 17 17 17
2084 360879 13 13 2 1 12 6 6
2085 361226 30 32 3 0 32 11 11
2086 361573 14 14 2 0 14 5 5
2087 361920 9 9 2 0 9 9 9
2088 362268 30 32 3 0 32 9 9
2089 362615 7 7 2 1 6 7 7
2090 362963 37 44 4 1 43 15 15
2091 363311 28 28 2 0 28 19 19
2092 363659 23 25 3 1 24 10 11
2093 364007 27 32 4 2 30 21 23
2094 364356 28 32 3 1 31 10 10
2095 364704 12 12 2 0 12 8 8
2096 365053 22 24 3 0 24 9 11
2097 365402 9 9 2 0 9 4 4
2098 365751 16 16 2 0 16 5 5
2099 366100 6 6 2 0 6 6 6
2100 366450 35 39 3 0 39 6 6
2101 366799 13 24 5 0 24 10 20
2102 367149 18 18 2 0 18 8 8
2103 367499 5 5 2 0 5 3 3
2104 367849 27 27 2 0 27 10 10
2105 368199 11 11 2 1 10 5 5
2106 368550 33 33 2 2 31 7 7
2107 368900 22 22 2 1 21 16 16
2108 369251 34 36 3 0 36 12 13
2109 369602 37 39 3 0 39 19 21
2110 369953 21 21 2 0 21 9 9
2111 370304 7 7 2 1 6 7 7
2112 370656 40 44 3 0 44 6 6
2113 371007 7 7 2 0 7 7 7
2114 371359 21 21 2 0 21 8 8
2115 371711 13 13 2 0 13 4 4
2116 372063 26 26 2 0 26 12 12
2117 372415 15 15 2 0 15 13 13
2118 372768 14 14 2 0 14 2 2
2119 373120 20 20 2 0 20 19 19
2120 373473 27 27 2 0 27 8 8
2121 373826 14 14 2 0 14 10 10
2122 374179 17 17 2 1 16 11 11
2123 374532 14 14 2 1 13 11 11
2124 374886 29 31 3 0 31 4 4
2125 375239 14 14 2 0 14 7 7
2126 375593 14 14 2 0 14 5 5
2127 375947 18 18 2 0 18 10 10
2128 376301 36 36 2 0 36 7 7
2129 376655 14 14 2 0 14 14 14
2130 377010 23 25 3 0 25 2 2
2131 377364 7 7 2 0 7 7 7
2132 377719 17 17 2 0 17 6 6
2133 378074 16 16 2 0 16 8 8
2134 378429 22 22 2 0 22 12 12
2135 378784 30 30 2 1 29 20 20
2136 379140 20 22 3 0 22 6 7
2137 379495 14 14 2 0 14 14 14
2138 379851 24 24 2 0 24 11 11
2139 380207 25 25 2 0 25 15 15
2140 380563 17 19 3 0 19 3 4
2141 380919 7 7 2 0 7 7 7
2142 381276 37 39 3 1 38 9 9
2143 381632 9 9 2 0 9 9 9
2144 381989 18 18 2 0 18 2 2
2145 382346 40 42 3 0 42 16 16
2146 382703 26 28 3 1 27 13 15
2147 383060 15 15 2 1 14 14 14
2148 383418 22 22 2 0 22 3 3
2149 383775 10 10 2 0 10 10 10
2150 384133 28 28 2 1 27 11 11
2151 384491 8 8 2 0 8 4 4
2152 384849 16 16 2 0 16 2 2
2153 385207 6 6 2 0 6 6 6
2154 385566 17 17 2 0 17 3 3
2155 385924 13 13 2 1 12 9 9
2156 386283 33 44 4 1 43 16 16
2157 386642 15 15 2 0 15 10 10
2158 387001 23 23 2 1 22 12 12
2159 387360 17 17 2 0 17 16 16
2160 387720 41 41 2 0 41 5 5
2161 388079 14 14 2 0 14 14 14
2162 388439 25 33 3 2 31 16 19
2163 388799 30 30 2 0 30 16 16
2164 389159 25 25 2 0 25 10 10
2165 389519 20 20 2 0 20 11 11
2166 389880 40 40 2 0 40 14 14
2167 390240 14 14 2 0 14 12 12
2168 390601 30 32 3 1 31 11 12
2169 390962 18 18 2 0 18 5 5
2170 391323 50 50 2 0 50 15 15
2171 391684 11 11 2 0 11 10 10
2172 392046 36 36 2 0 36 7 7
2173 392407 13 17 3 0 17 11 15
2174 392769 17 17 2 0 17 5 5
2175 393131 24 28 3 0 28 10 10
2176 393493 22 26 3 0 26 8 8
2177 393855 9 9 2 1 8 5 5
2178 394218 23 23 2 0 23 5 5
2179 394580 12 12 2 2 10 12 12
2180 394943 31 31 2 2 29 9 9
2181 395306 15 15 2 1 14 8 8
2182 395669 18 18 2 0 18 7 7
2183 396032 15 15 2 0 15 14 14
2184 396396 55 59 3 1 58 8 8
2185 396759 18 20 3 0 20 13 13
2186 397123 12 12 2 0 12 6 6
2187 397487 8 8 2 0 8 6 6
2188 397851 26 26 2 0 26 11 11
2189 398215 17 17 2 0 17 17 17
2190 398580 46 46 2 0 46 10 10
2191 398944 16 16 2 0 16 11 11
2192 399309 16 16 2 0 16 2 2
2193 399674 18 20 3 0 20 12 12
2194 400039 15 15 2 0 15 13 13
2195 400404 15 15 2 0 15 10 10
2196 400770 39 39 2 0 39 9 9
2197 401135 17 17 2 0 17 14 14
2198 401501 23 23 2 1 22 8 8
2199 401867 16 16 2 1 15 12 12
2200 402233 29 33 3 1 32 8 9
2201 402599 13 15 3 1 14 11 13
2202 402966 34 36 3 1 35 16 18
2203 403332 8 8 2 1 7 8 8
2204 403699 23 27 3 1 26 8 8
2205 404066 38 40 3 0 40 9 9
2206 404433 12 12 2 0 12 8 8
2207 404800 8 8 2 0 8 8 8
2208 405168 27 33 3 0 33 6 6
2209 405535 8 8 2 0 8 8 8
2210 405903 44 52 3 0 52 20 21
2211 406271 23 23 2 0 23 13 13
2212 406639 29 31 3 1 30 7 8
2213 407007 12 12 2 0 12 12 12
2214 407376 15 15 2 0 15 5 5
2215 407744 16 16 2 0 16 9 9
2216 408113 17 17 2 0 17 6 6
2217 408482 14 14 2 0 14 7 7
2218 408851 9 9 2 0 9 3 3
2219 409220 9 9 2 0 9 6 6
2220 409590 38 38 2 0 38 4 4
2221 409959 15 15 2 0 15 15 15
2222 410329 21 21 2 3 18 12 12
2223 410699 41 43 3 0 43 19 21
2224 411069 25 25 2 0 25 5 5
2225 411439 12 12 2 0 12 9 9
2226 411810 30 32 3 0 32 11 11
2227 412180 11 13 3 1 12 9 11
2228 412551 17 17 2 2 15 9 9
2229 412922 16 16 2 1 15 14 14
2230 413293 20 22 3 0 22 8 10
2231 413664 13 13 2 2 11 10 10
2232 414036 47 47 2 0 47 13 13
2233 414407 15 15 2 0 15 12 12
2234 414779 21 21 2 1 20 12 12
2235 415151 15 15 2 1 14 8 8
2236 415523 38 40 3 1 39 16 16
2237 415895 7 7 2 0 7 7 7
2238 416268 26 28 3 0 28 7 7
2239 416640 9 9 2 1 8 9 9
2240 417013 27 27 2 1 26 7 7
2241 417386 8 8 2 0 8 4 4
2242 417759 18 20 3 0 20 6 6
2243 418132 8 8 2 1 7 8 8
2244 418506 53 59 3 1 58 16 16
2245 418879 9 9 2 0 9 8 8
2246 419253 17 17 2 1 16 6 6
2247 419627 19 19 2 0 19 13 13
2248 420001 16 16 2 0 16 6 6
2249 420375 10 10 2 1 9 10 10
2250 420750 21 23 3 0 23 3 3
2251 421124 10 10 2 1 9 10 10
2252 421499 19 19 2 0 19 7 7
2253 421874 24 24 2 1 23 14 14
2254 422249 35 39 3 0 39 17 20
2255 422624 22 22 2 0 22 15 15
2256 423000 40 44 3 0 44 9 9
2257 423375 18 18 2 0 18 15 15
2258 423751 20 22 3 0 22 7 9
2259 424127 12 12 2 1 11 5 5
2260 424503 22 22 2 1 21 10 10
2261 424879 28 32 3 2 30 22 26
2262 425256 36 38 3 0 38 9 8
2263 425632 17 17 2 0 17 14 14
2264 426009 22 22 2 2 20 11 11
2265 426386 18 18 2 0 18 13 13
2266 426763 21 21 2 1 20 7 7
2267 427140 18 18 2 1 17 18 18
2268 427518 34 38 3 0 38 5 5
2269 427895 16 16 2 0 16 16 16
2270 428273 10 10 2 0 10 2 2
2271 428651 15 17 3 0 17 7 8
2272 429029 18 18 2 0 18 6 6
2273 429407 13 13 2 0 13 13 13
2274 429786 35 35 2 0 35 9 9
2275 430164 26 26 2 0 26 12 12
2276 430543 18 18 2 0 18 10 10
2277 430922 33 35 3 0 35 18 20
2278 431301 26 26 2 0 26 16 16
2279 431680 13 13 2 0 13 10 10
2280 432060 55 63 3 0 63 9 10
2281 432439 18 18 2 0 18 18 18
2282 432819 20 20 2 0 20 6 6
2283 433199 20 20 2 2 18 14 14
2284 433579 19 21 3 0 21 12 13
2285 433959 12 12 2 0 12 7 7
2286 434340 31 31 2 1 30 7 7
2287 434720 11 11 2 1 10 11 11
2288 435101 47 49 3 0 49 14 14
2289 435482 20 20 2 0 20 10 10
2290 435863 24 24 2 0 24 9 9
2291 436244 17 17 2 0 17 16 16
2292 436626 22 24 3 0 24 4 4
2293 437007 8 8 2 0 8 8 8
2294 437389 26 28 3 1 27 12 12
2295 437771 29 29 2 1 28 11 11
2296 438153 27 29 3 0 29 9 11
2297 438535 13 13 2 0 13 13 13
2298 438918 25 29 3 0 29 7 7
2299 439300 15 17 3 1 16 11 11
2300 439683 38 49 5 1 48 15 22
2301 440066 20 20 2 2 18 9 9
2302 440449 14 14 2 0 14 4 4
2303 440832 16 16 2 0 16 16 16
2304 441216 22 22 2 0 22 8 8
2305 441599 17 17 2 1 16 16 16
2306 441983 14 14 2 0 14 6 6
2307 442367 14 14 2 0 14 8 8
2308 442751 21 21 2 0 21 11 11
2309 443135 14 14 2 1 13 14 14
2310 443520 46 46 2 0 46 8 8
2311 443904 18 18 2 0 18 18 18
2312 444289 25 27 3 0 27 7 7
2313 444674 18 18 2 1 17 6 6
2314 445059 20 20 2 1 19 11 11
2315 445444 19 19 2 0 19 14 14
2316 445830 35 35 2 1 34 10 10
2317 446215 16 16 2 0 16 14 14
2318 446601 37 39 3 0 39 17 18
2319 446987 14 14 2 0 14 9 9
2320 447373 26 26 2 0 26 8 8
2321 447759 18 18 2 0 18 14 14
2322 448146 30 30 2 0 30 8 8
2323 448532 18 18 2 1 17 17 17
2324 448919 30 30 2 1 29 12 12
2325 449306 25 30 4 0 30 14 13
2326 449693 18 18 2 0 18 7 7
2327 450080 10 10 2 1 9 9 9
2328 450468 36 36 2 0 36 3 3
2329 450855 14 14 2 0 14 12 12
2330 451243 16 16 2 0 16 4 4
2331 451631 34 38 3 0 38 14 14
2332 452019 19 19 2 0 19 6 6
2333 452407 7 7 2 0 7 7 7
2334 452796 22 22 2 0 22 6 6
2335 453184 11 11 2 0 11 8 8
2336 453573 13 15 3 0 15 0 0
2337 453962 17 19 3 0 19 12 14
2338 454351 18 18 2 0 18 8 8
2339 454740 7 7 2 0 7 7 7
2340 455130 64 66 3 1 65 11 10
2341 455519 16 16 2 1 15 16 16
2342 455909 26 26 2 0 26 15 15
2343 456299 31 35 3 0 35 15 16
2344 456689 17 17 2 1 16 8 8
2345 457079 25 29 3 0 29 14 16
2346 457470 27 27 2 0 27 11 11
2347 457860 8 8 2 0 8 8 8
2348 458251 13 13 2 0 13 2 2
2349 458642 20 22 3 1 21 14 15
2350 459033 20 20 2 1 19 6 6
2351 459424 5 5 2 0 5 5 5
2352 459816 50 56 3 0 56 13 14
2353 460207 17 19 3 0 19 16 17
2354 460599 25 25 2 0 25 7 7
2355 460991 30 30 2 0 30 14 14
2356 461383 41 43 3 0 43 22 23
2357 461775 10 10 2 1 9 10 10
2358 462168 26 26 2 0 26 4 4
2359 462560 10 10 2 0 10 9 9
2360 462953 18 18 2 0 18 6 6
2361 463346 10 10 2 0 10 4 4
2362 463739 13 13 2 0 13 9 9
2363 464132 21 21 2 0 21 16 16
2364 464526 32 32 2 0 32 10 10
2365 464919 27 29 3 0 29 20 21
2366 465313 42 46 3 0 46 17 17
2367 465707 13 13 2 0 13 2 2
2368 466101 25 27 3 0 27 7 7
2369 466495 17 17 2 0 17 16 16
2370 466890 43 43 2 1 42 9 9
2371 467284 16 16 2 1 15 16 16
2372 467679 19 19 2 1 18 15 15
2373 468074 12 12 2 0 12 8 8
2374 468469 14 14 2 0 14 10 10
2375 468864 15 15 2 0 15 8 8
2376 469260 32 34 3 0 34 1 1
2377 469655 9 9 2 0 9 9 9
2378 470051 29 35 3 0 35 17 20
2379 470447 28 28 2 1 27 12 12
2380 470843 35 37 3 0 37 10 10
2381 471239 9 9 2 0 9 9 9
2382 471636 32 32 2 0 32 9 9
2383 472032 11 11 2 0 11 11 11
2384 472429 22 24 3 0 24 9 11
2385 472826 20 20 2 0 20 7 7
2386 473223 22 24 3 0 24 11 12
2387 473620 35 35 2 1 34 24 24
2388 474018 30 30 2 0 30 8 8
2389 474415 15 15 2 2 13 15 15
2390 474813 19 19 2 2 17 6 6
2391 475211 13 13 2 0 13 9 9
2392 475609 29 31 3 0 31 7 7
2393 476007 6 6 2 0 6 6 6
2394 476406 67 67 2 0 67 14 14
2395 476804 12 12 2 0 12 9 9
2396 477203 18 18 2 1 17 10 10
2397 477602 24 24 2 0 24 15 15
2398 478001 26 26 2 1 25 14 14
2399 478400 9 9 2 0 9 9 9
2400 478800 35 37 3 0 37 7 7
2401 479199 31 31 2 0 31 25 25
2402 479599 18 18 2 1 17 9 9
2403 479999 14 14 2 0 14 4 4
2404 480399 27 27 2 1 26 10 10
2405 480799 39 41 3 2 39 27 28
2406 481200 20 22 3 0 22 3 3
2407 481600 20 27 4 0 27 19 26
2408 482001 50 52 3 1 51 17 18
2409 482402 23 23 2 1 22 12 12
2410 482803 23 23 2 0 23 7 7
2411 483204 9 9 2 1 8 9 9
2412 483606 42 42 2 0 42 7 7
2413 484007 12 12 2 0 12 11 11
2414 484409 17 19 3 0 19 11 12
2415 484811 33 35 3 0 35 10 10
2416 485213 27 27 2 0 27 8 8
2417 485615 10 12 3 0 12 10 12
2418 486018 53 55 3 0 55 15 15
2419 486420 12 14 3 1 13 12 14
2420 486823 32 32 2 0 32 9 9
2421 487226 17 17 2 0 17 8 8
2422 487629 13 13 2 1 12 4 4
2423 488032 5 5 2 0 5 5 5
2424 488436 25 25 2 0 25 8 8
2425 488839 9 11 3 0 11 5 6
2426 489243 18 18 2 1 17 12 12
2427 489647 17 17 2 0 17 11 11
2428 490051 22 22 2 1 21 9 9
2429 490455 14 14 2 0 14 11 11
2430 490860 34 36 3 0 36 5 5
2431 491264 29 33 3 0 33 20 20
2432 491669 18 18 2 0 18 3 3
2433 492074 24 24 2 0 24 18 18
2434 492479 12 12 2 0 12 9 9
2435 492884 17 19 3 0 19 11 13
2436 493290 39 39 2 0 39 11 11
2437 493695 10 10 2 0 10 10 10
2438 494101 29 29 2 0 29 12 12
2439 494507 23 23 2 0 23 12 12
2440 494913 27 27 2 0 27 8 8
2441 495319 4 4 2 0 4 4 4
2442 495726 42 47 4 4 43 13 14
2443 496132 19 19 2 1 18 13 13
2444 496539 33 35 3 0 35 14 14
2445 496946 18 18 2 0 18 10 10
2446 497353 12 12 2 0 12 6 6
2447 497760 13 13 2 0 13 13 13
2448 498168 35 48 4 0 48 8 9
2449 498575 15 17 3 0 17 13 15
2450 498983 42 49 4 1 48 13 13
2451 499391 17 19 3 0 19 10 10
2452 499799 22 22 2 0 22 11 11
2453 500207 4 4 2 0 4 4 4
2454 500616 30 30 2 0 30 7 7
2455 501024 6 6 2 0 6 5 5
2456 501433 28 28 2 0 28 14 14
2457 501842 49 51 3 0 51 18 18
2458 502251 13 13 2 0 13 7 7
2459 502660 7 7 2 1 6 7 7
2460 503070 25 29 3 0 29 2 2
2461 503479 17 17 2 0 17 14 14
2462 503889 9 9 2 0 9 5 5
2463 504299 13 13 2 0 13 10 10
2464 504709 33 44 4 0 44 4 6
2465 505119 23 23 2 0 23 12 12
2466 505530 23 23 2 2 21 6 6
2467 505940 8 8 2 2 6 8 8
2468 506351 21 21 2 1 20 8 8
2469 506762 16 16 2 0 16 10 10
2470 507173 56 60 3 2 58 25 25
2471 507584 14 14 2 3 11 11 11
2472 507996 30 30 2 1 29 2 2
2473 508407 13 13 2 0 13 13 13
2474 508819 23 23 2 1 22 10 10
2475 509231 19 19 2 0 19 6 6
2476 509643 18 18 2 0 18 10 10
2477 510055 13 13 2 0 13 13 13
2478 510468 29 31 3 0 31 5 7
2479 510880 14 19 4 0 19 13 18
2480 511293 43 43 2 0 43 15 15
2481 511706 18 18 2 3 15 14 14
2482 512119 25 27 3 2 25 10 11
2483 512532 13 13 2 0 13 9 9
2484 512946 22 27 4 1 26 3 3
2485 513359 20 20 2 0 20 10 10
2486 513773 19 19 2 0 19 7 7
2487 514187 19 19 2 0 19 14 14
2488 514601 26 26 2 0 26 9 9
2489 515015 19 21 3 0 21 17 19
2490 515430 35 39 3 0 39 12 12
2491 515844 17 17 2 0 17 15 15
2492 516259 24 24 2 0 24 10 10
2493 516674 22 22 2 0 22 16 16
2494 517089 27 27 2 1 26 14 14
2495 517504 22 22 2 0 22 17 17
2496 517920 42 42 2 0 42 7 7
2497 518335 9 9 2 0 9 8 8
2498 518751 21 21 2 1 20 6 6
2499 519167 41 41 2 1 40 21 21
2500 519583 14 14 2 0 14 3 3
2501 519999 17 19 3 0 19 15 17
2502 520416 33 35 3 0 35 7 7
2503 520832 13 13 2 0 13 13 13
2504 521249 14 14 2 0 14 3 3
2505 521666 16 16 2 0 16 5 5
2506 522083 21 21 2 0 21 6 6
2507 522500 18 18 2 1 17 16 16
2508 522918 52 61 4 1 60 14 14
2509 523335 15 15 2 0 15 12 12
2510 523753 12 12 2 0 12 4 4
2511 524171 22 22 2 0 22 10 10
2512 524589 26 26 2 0 26 9 9
2513 525007 15 15 2 0 15 10 10
2514 525426 16 18 3 0 18 4 4
2515 525844 13 15 3 0 15 10 11
2516 526263 38 42 3 0 42 17 19
2517 526682 21 21 2 0 21 9 9
2518 527101 12 12 2 0 12 6 6
2519 527520 14 16 3 0 16 11 13
2520 527940 55 59 3 0 59 8 8
2521 528359 11 11 2 0 11 11 11
2522 528779 25 25 2 0 25 10 10
2523 529199 14 14 2 0 14 9 9
2524 529619 23 23 2 1 22 13 13
2525 530039 16 16 2 0 16 13 13
2526 530460 25 25 2 0 25 7 7
2527 530880 24 24 2 0 24 17 17
2528 531301 21 23 3 0 23 4 4
2529 531722 15 15 2 1 14 8 8
2530 532143 28 30 3 0 30 10 10
2531 532564 4 4 2 0 4 4 4
2532 532986 36 36 2 0 36 11 11
2533 533407 17 17 2 1 16 16 16
2534 533829 36 36 2 0 36 12 12
2535 534251 46 48 3 1 47 19 19
2536 534673 21 21 2 1 20 10 10
2537 535095 17 19 3 1 18 16 18
2538 535518 20 22 3 1 21 3 3
2539 535940 13 13 2 0 13 13 13
2540 536363 38 42 3 2 40 13 14
2541 536786 19 19 2 0 19 10 10
2542 537209 18 20 3 0 20 8 8
2543 537632 15 15 2 0 15 15 15
2544 538056 34 34 2 0 34 7 7
2545 538479 13 13 2 1 12 9 9
2546 538903 23 25 3 0 25 11 12
2547 539327 22 22 2 1 21 14 14
2548 539751 57 61 3 0 61 17 18
2549 540175 7 7 2 0 7 7 7
2550 540600 35 37 3 0 37 9 9
2551 541024 15 20 4 0 20 15 20
2552 541449 22 31 5 1 30 8 10
2553 541874 26 26 2 0 26 19 19
2554 542299 21 21 2 1 20 14 14
2555 542724 31 31 2 0 31 18 18
2556 543150 38 38 2 0 38 10 10
2557 543575 12 12 2 0 12 12 12
2558 544001 15 15 2 0 15 8 8
2559 544427 10 10 2 0 10 8 8
2560 544853 16 16 2 0 16 2 2
2561 545279 15 15 2 0 15 13 13
2562 545706 56 56 2 0 56 15 15
2563 546132 16 16 2 0 16 14 14
2564 546559 25 27 3 0 27 14 14
2565 546986 31 31 2 0 31 12 12
2566 547413 19 19 2 1 18 8 8
2567 547840 14 14 2 1 13 13 13
2568 548268 21 21 2 0 21 3 3
2569 548695 26 26 2 1 25 20 20
2570 549123 20 20 2 0 20 9 9
2571 549551 22 22 2 1 21 18 18
2572 549979 30 30 2 1 29 16 16
2573 550407 20 20 2 1 19 18 18
2574 550836 57 61 3 0 61 12 12
2575 551264 15 17 3 0 17 9 10
2576 551693 40 40 2 0 40 7 7
2577 552122 17 19 3 0 19 13 14
2578 552551 19 19 2 1 18 12 12
2579 552980 5 5 2 0 5 5 5
2580 553410 38 38 2 0 38 5 5
2581 553839 15 17 3 1 16 13 15
2582 554269 16 16 2 0 16 5 5
2583 554699 21 23 3 0 23 10 11
2584 555129 39 43 3 1 42 9 9
2585 555559 17 19 3 1 18 13 14
2586 555990 24 24 2 2 22 8 8
2587 556420 14 14 2 1 13 14 14
2588 556851 16 16 2 0 16 7 7
2589 557282 13 13 2 0 13 5 5
2590 557713 48 48 2 1 47 14 14
2591 558144 12 12 2 1 11 12 12
2592 558576 26 26 2 0 26 8 8
2593 559007 14 14 2 0 14 14 14
2594 559439 15 15 2 0 15 5 5
2595 559871 14 14 2 0 14 8 8
2596 560303 23 25 3 0 25 11 11
2597 560735 17 21 3 0 21 15 17
2598 561168 43 43 2 0 43 12 12
2599 561600 16 16 2 2 14 15 15
2600 562033 34 36 3 0 36 6 6
2601 562466 20 22 3 0 22 7 7
2602 562899 12 12 2 0 12 7 7
2603 563332 11 11 2 0 11 9 9
2604 563766 60 60 2 0 60 12 12
2605 564199 16 16 2 0 16 13 13
2606 564633 17 17 2 0 17 9 9
2607 565067 23 23 2 0 23 14 14
2608 565501 24 24 2 1 23 8 8
2609 565935 8 8 2 0 8 8 8
2610 566370 39 41 3 1 40 8 8
2611 566804 19 21 3 1 20 14 14
2612 567239 26 26 2 0 26 13 13
2613 567674 32 32 2 1 31 18 18
2614 568109 8 8 2 0 8 5 5
2615 568544 21 23 3 1 22 16 17
2616 568980 39 39 2 1 38 7 7
2617 569415 15 17 3 1 16 15 17
2618 569851 30 36 3 0 36 11 13
2619 570287 26 28 3 0 28 11 12
2620 570723 26 26 2 0 26 7 7
2621 571159 11 11 2 1 10 11 11
2622 571596 41 45 3 0 45 16 16
2623 572032 20 20 2 0 20 17 17
2624 572469 21 23 3 0 23 8 8
2625 572906 21 23 3 0 23 7 7
2626 573343 25 25 2 1 24 12 12
2627 573780 17 19 3 0 19 15 17
2628 574218 35 37 3 0 37 5 6
2629 574655 16 18 3 0 18 15 16
2630 575093 25 25 2 0 25 8 8
2631 575531 20 20 2 0 20 11 11
2632 575969 31 31 2 0 31 11 11
2633 576407 9 9 2 0 9 9 9
2634 576846 25 25 2 2 23 8 8
2635 577284 36 38 3 0 38 26 27
2636 577723 22 22 2 0 22 8 8
2637 578162 20 20 2 0 20 12 12
2638 578601 22 22 2 0 22 15 15
2639 579040 26 26 2 0 26 18 18
2640 579480 47 51 3 0 51 6 6
2641 579919 31 31 2 0 31 26 26
2642 580359 17 17 2 0 17 10 10
2643 580799 19 19 2 0 19 12 12
2644 581239 25 27 3 0 27 6 6
2645 581679 14 14 2 1 13 8 8
2646 582120 56 56 2 0 56 8 8
2647 582560 10 10 2 0 10 10 10
2648 583001 22 22 2 2 20 11 11
2649 583442 14 14 2 0 14 9 9
2650 583883 22 24 3 0 24 9 9
2651 584324 17 17 2 0 17 12 12
2652 584766 41 53 4 0 53 10 12
2653 585207 20 20 2 0 20 11 11
2654 585649 16 16 2 1 15 9 9
2655 586091 17 19 3 0 19 4 5
2656 586533 21 21 2 1 20 5 5
2657 586975 8 8 2 1 7 8 8
2658 587418 29 29 2 0 29 10 10
2659 587860 9 9 2 0 9 9 9
2660 588303 64 68 3 1 67 17 17
2661 588746 14 14 2 0 14 6 6
2662 589189 18 18 2 0 18 6 6
2663 589632 9 9 2 1 8 9 9
2664 590076 38 38 2 0 38 9 9
2665 590519 18 18 2 1 17 12 12
2666 590963 29 29 2 0 29 15 15
2667 591407 27 29 3 0 29 10 11
2668 591851 26 28 3 0 28 11 11
2669 592295 13 13 2 1 12 8 8
2670 592740 21 21 2 0 21 5 5
2671 593184 7 7 2 0 7 7 7
2672 593629 22 22 2 0 22 1 1
2673 594074 13 13 2 0 13 4 4
2674 594519 20 20 2 1 19 5 5
2675 594964 12 12 2 0 12 6 6
2676 595410 38 40 3 1 39 8 8
2677 595855 9 9 2 0 9 9 9
2678 596301 26 26 2 1 25 14 14
2679 596747 19 24 4 0 24 9 11
2680 597193 33 33 2 1 32 9 9
2681 597639 17 19 3 0 19 10 10
2682 598086 20 22 3 0 22 3 3
2683 598532 14 14 2 0 14 14 14
2684 598979 27 32 4 0 32 13 15
2685 599426 18 18 2 1 17 9 9
2686 599873 27 29 3 0 29 10 10
2687 600320 7 7 2 0 7 7 7
2688 600768 23 27 3 0 27 5 5
2689 601215 19 19 2 0 19 19 19
2690 601663 16 16 2 0 16 5 5
2691 602111 37 39 3 1 38 11 11
2692 602559 18 18 2 1 17 8 8
2693 603007 11 11 2 0 11 11 11
2694 603456 11 11 2 0 11 4 4
2695 603904 28 28 2 0 28 10 10
2696 604353 19 19 2 2 17 11 11
2697 604802 26 26 2 0 26 17 17
2698 605251 24 26 3 0 26 10 12
2699 605700 9 9 2 3 6 9 9
2700 606150 42 44 3 0 44 6 6
2701 606599 15 15 2 0 15 12 12
2702 607049 34 34 2 0 34 9 9
2703 607499 23 25 3 1 24 15 15
2704 607949 41 46 4 1 45 14 16
2705 608399 23 23 2 0 23 15 15
2706 608850 33 33 2 0 33 9 9
2707 609300 9 9 2 1 8 9 9
2708 609751 15 17 3 0 17 3 3
2709 610202 34 34 2 0 34 10 10
2710 610653 29 29 2 0 29 9 9
2711 611104 6 6 2 1 5 6 6
2712 611556 24 24 2 0 24 5 5
2713 612007 6 6 2 0 6 6 6
2714 612459 16 18 3 0 18 7 8
2715 612911 25 25 2 0 25 11 11
2716 613363 47 49 3 0 49 11 11
2717 613815 44 52 3 1 51 34 38
2718 614268 22 22 2 0 22 7 7
2719 614720 10 10 2 0 10 10 10
2720 615173 35 39 3 1 38 10 10
2721 615626 13 13 2 0 13 7 7
2722 616079 15 15 2 0 15 10 10
2723 616532 15 15 2 0 15 10 10
2724 616986 27 27 2 0 27 5 5
2725 617439 17 17 2 0 17 9 9
2726 617893 25 29 3 1 28 14 15
2727 618347 14 14 2 0 14 5 5
2728 618801 33 35 3 0 35 5 5
2729 619255 3 3 2 0 3 3 3
2730 619710 81 81 2 0 81 14 14
2731 620164 11 11 2 0 11 11 11
2732 620619 22 22 2 1 21 8 8
2733 621074 22 22 2 0 22 14 14
2734 621529 11 11 2 1 10 8 8
2735 621984 25 25 2 0 25 13 13
2736 622440 53 55 3 0 55 9 9
2737 622895 37 39 3 0 39 32 32
2738 623351 32 32 2 1 31 18 18
2739 623807 18 20 3 0 20 6 7
2740 624263 26 26 2 1 25 9 9
2741 624719 9 9 2 0 9 9 9
2742 625176 32 32 2 1 31 11 11
2743 625632 20 20 2 0 20 16 16
2744 626089 41 43 3 0 43 11 11
2745 626546 29 29 2 0 29 11 11
2746 627003 24 24 2 0 24 13 13
2747 627460 11 11 2 0 11 11 11
2748 627918 32 32 2 0 32 6 6
2749 628375 10 10 2 0 10 10 10
2750 628833 19 21 3 0 21 9 9
2751 629291 22 26 3 0 26 11 12
2752 629749 21 21 2 0 21 4 4
2753 630207 10 10 2 0 10 10 10
2754 630666 39 41 3 0 41 11 11
2755 631124 33 37 3 0 37 23 25
2756 631583 30 30 2 0 30 11 11
2757 632042 22 24 3 1 23 16 18
2758 632501 21 21 2 0 21 6 6
2759 632960 12 14 3 0 14 9 11
2760 633420 51 58 4 0 58 11 11
2761 633879 15 15 2 0 15 15 15
2762 634339 19 19 2 0 19 9 9
2763 634799 18 18 2 0 18 9 9
2764 635259 21 21 2 0 21 10 10
2765 635719 26 26 2 0 26 10 10
2766 636180 18 18 2 0 18 4 4
2767 636640 14 14 2 0 14 14 14
2768 637101 17 17 2 0 17 6 6
2769 637562 28 28 2 0 28 13 13
2770 638023 20 20 2 1 19 6 6
2771 638484 12 12 2 0 12 11 11
2772 638946 58 62 3 1 61 11 11
2773 639407 5 5 2 0 5 5 5
2774 639869 35 35 2 0 35 14 14
2775 640331 29 29 2 0 29 13 13
2776 640793 23 23 2 0 23 9 9
2777 641255 11 11 2 0 11 11 11
2778 641718 24 24 2 1 23 9 9
2779 642180 20 20 2 0 20 14 14
2780 642643 48 48 2 0 48 13 13
2781 643106 19 19 2 1 18 13 13
2782 643569 29 29 2 0 29 13 13
2783 644032 12 12 2 0 12 8 8
2784 644496 33 35 3 1 34 10 10
2785 644959 9 9 2 0 9 9 9
2786 645423 23 23 2 0 23 7 7
2787 645887 20 20 2 0 20 14 14
2788 646351 33 37 3 0 37 9 9
2789 646815 7 7 2 0 7 7 7
2790 647280 48 50 3 0 50 8 8
2791 647744 10 10 2 0 10 10 10
2792 648209 29 29 2 1 28 9 9
2793 648674 46 50 3 0 50 19 19
2794 649139 28 28 2 0 28 14 14
2795 649604 34 34 2 0 34 26 26
2796 650070 22 22 2 0 22 4 4
2797 650535 13 13 2 0 13 13 13
2798 651001 16 16 2 0 16 10 10
2799 651467 23 23 2 0 23 7 7
2800 651933 35 35 2 0 35 7 7
2801 652399 14 14 2 2 12 14 14
2802 652866 16 16 2 0 16 4 4
2803 653332 17 17 2 0 17 17 17
2804 653799 13 13 2 0 13 6 6
2805 654266 39 47 3 0 47 12 12
2806 654733 25 27 3 1 26 13 13
2807 655200 16 16 2 1 15 12 12
2808 655668 55 55 2 0 55 9 9
2809 656135 13 13 2 2 11 11 11
2810 656603 13 13 2 0 13 3 3
2811 657071 22 22 2 2 20 14 14
2812 657539 44 44 2 0 44 16 16
2813 658007 18 18 2 0 18 15 15
2814 658476 46 48 3 4 44 14 14
2815 658944 22 22 2 1 21 16 16
2816 659413 26 30 3 0 30 4 4
2817 659882 20 20 2 0 20 9 9
2818 660351 18 18 2 0 18 11 11
2819 660820 4 4 2 0 4 4 4
2820 661290 45 47 3 0 47 4 4
2821 661759 48 52 3 3 49 36 38
2822 662229 23 25 3 3 22 7 8
2823 662699 16 16 2 0 16 13 13
2824 663169 16 16 2 1 15 4 4
2825 663639 12 12 2 1 11 10 10
2826 664110 38 38 2 0 38 9 9
2827 664580 26 26 2 2 24 19 19
2828 665051 19 21 3 0 21 9 9
2829 665522 22 22 2 3 19 10 10
2830 665993 25 25 2 1 24 10 10
2831 666464 18 18 2 0 18 17 17
2832 666936 34 36 3 0 36 9 9
2833 667407 8 8 2 0 8 8 8
2834 667879 31 36 4 0 36 13 17
2835 668351 39 44 4 1 43 13 15
2836 668823 32 32 2 0 32 15 15
2837 669295 10 10 2 0 10 10 10
2838 669768 51 53 3 0 53 14 14
2839 670240 8 8 2 0 8 7 7
2840 670713 29 29 2 0 29 8 8
2841 671186 17 17 2 0 17 10 10
2842 671659 32 36 3 1 35 12 13
2843 672132 7 7 2 0 7 7 7
2844 672606 45 45 2 0 45 11 11
2845 673079 14 14 2 0 14 11 11
2846 673553 13 13 2 1 12 7 7
2847 674027 40 40 2 1 39 22 22
2848 674501 23 23 2 1 22 8 8
2849 674975 27 29 3 1 28 20 22
2850 675450 48 59 4 0 59 11 11
2851 675924 13 13 2 0 13 13 13
2852 676399 43 47 3 0 47 23 23
2853 676874 10 10 2 0 10 6 6
2854 677349 14 14 2 0 14 8 8
2855 677824 13 13 2 2 11 9 9
2856 678300 59 64 4 1 63 10 10
2857 678775 10 12 3 1 11 10 12
2858 679251 26 26 2 0 26 10 10
2859 679727 13 13 2 0 13 10 10
2860 680203 52 56 3 0 56 13 13
2861 680679 8 8 2 0 8 8 8
2862 681156 26 26 2 0 26 5 5
2863 681632 22 24 3 1 23 14 15
2864 682109 24 24 2 0 24 9 9
2865 682586 15 20 4 0 20 7 7
2866 683063 18 18 2 0 18 11 11
2867 683540 20 22 3 0 22 18 20
2868 684018 28 28 2 0 28 11 11
2869 684495 18 20 3 0 20 17 19
2870 684973 27 27 2 0 27 7 7
2871 685451 18 20 3 1 19 10 10
2872 685929 25 25 2 1 24 9 9
2873 686407 35 35 2 1 34 30 30
2874 686886 41 41 2 1 40 14 14
2875 687364 18 22 3 0 22 10 12
2876 687843 24 24 2 0 24 12 12
2877 688322 11 11 2 0 11 5 5
2878 688801 12 12 2 1 11 6 6
2879 689280 9 9 2 0 9 9 9
2880 689760 40 40 2 0 40 6 6
2881 690239 21 23 3 0 23 20 22
2882 690719 20 22 3 1 21 10 11
2883 691199 29 29 2 0 29 18 18
2884 691679 34 34 2 0 34 11 11
2885 692159 17 17 2 0 17 13 13
2886 692640 56 63 4 0 63 17 19
2887 693120 24 24 2 0 24 24 24
2888 693601 39 39 2 0 39 17 17
2889 694082 10 10 2 1 9 5 5
2890 694563 29 29 2 0 29 11 11
2891 695044 19 21 3 1 20 17 18
2892 695526 46 46 2 0 46 12 12
2893 696007 21 21 2 0 21 14 14
2894 696489 16 16 2 0 16 10 10
2895 696971 29 29 2 0 29 14 14
2896 697453 31 31 2 0 31 10 10
2897 697935 6 6 2 0 6 6 6
2898 698418 42 44 3 0 44 5 5
2899 698900 21 21 2 2 19 21 21
2900 699383 28 34 3 0 34 9 9
2901 699866 16 16 2 0 16 7 7
2902 700349 9 9 2 0 9 6 6
2903 700832 5 5 2 0 5 5 5
2904 701316 40 40 2 0 40 6 6
2905 701799 16 16 2 0 16 4 4
2906 702283 21 21 2 0 21 8 8
2907 702767 37 39 3 0 39 19 20
2908 703251 24 24 2 0 24 11 11
2909 703735 14 14 2 0 14 14 14
2910 704220 40 40 2 0 40 6 6
2911 704704 13 18 4 0 18 12 17
2912 705189 46 53 4 0 53 8 10
2913 705674 21 21 2 0 21 14 14
2914 706159 33 33 2 0 33 12 12
2915 706644 30 30 2 1 29 20 20
2916 707130 35 35 2 0 35 16 16
2917 707615 15 15 2 0 15 15 15
2918 708101 18 18 2 0 18 9 9
2919 708587 28 30 3 0 30 16 16
2920 709073 46 46 2 0 46 10 10
2921 709559 12 12 2 0 12 11 11
2922 710046 29 29 2 1 28 10 10
2923 710532 13 13 2 0 13 11 11
2924 711019 27 29 3 0 29 8 8
2925 711506 35 35 2 1 34 13 13
2926 711993 48 55 4 2 53 19 19
2927 712480 11 11 2 0 11 11 11
2928 712968 35 41 3 1 40 6 7
2929 713455 26 26 2 1 25 25 25
2930 713943 16 16 2 1 15 7 7
2931 714431 20 20 2 0 20 12 12
2932 714919 24 26 3 1 25 12 13
2933 715407 13 13 2 0 13 9 9
2934 715896 29 29 2 0 29 10 10
2935 716384 21 21 2 0 21 14 14
2936 716873 33 35 3 1 34 11 12
2937 717362 21 23 3 0 23 14 16
2938 717851 21 21 2 0 21 11 11
2939 718340 8 8 2 0 8 8 8
2940 718830 71 75 3 0 75 13 13
2941 719319 27 27 2 0 27 27 27
2942 719809 23 23 2 0 23 10 10
2943 720299 25 27 3 1 26 11 12
2944 720789 23 25 3 1 24 5 5
2945 721279 39 39 2 0 39 30 30
2946 721770 18 18 2 0 18 4 4
2947 722260 21 21 2 2 19 15 15
2948 722751 35 37 3 0 37 16 17
2949 723242 10 10 2 0 10 7 7
2950 723733 19 19 2 2 17 10 10
2951 724224 6 6 2 0 6 5 5
2952 724716 31 35 3 0 35 9 9
2953 725207 18 18 2 0 18 18 18
2954 725699 21 21 2 0 21 9 9
2955 726191 21 21 2 0 21 8 8
2956 726683 24 24 2 0 24 12 12
2957 727175 3 3 2 0 3 3 3
2958 727668 45 51 3 0 51 13 14
2959 728160 12 12 2 1 11 7 7
2960 728653 43 45 3 1 44 11 11
2961 729146 26 28 3 1 27 11 11
2962 729639 16 16 2 0 16 7 7
2963 730132 18 18 2 0 18 18 18
2964 730626 72 74 3 0 74 14 14
2965 731119 10 10 2 0 10 8 8
2966 731613 21 21 2 0 21 10 10
2967 732107 27 29 3 0 29 20 20
2968 732601 38 40 3 1 39 15 15
2969 733095 12 12 2 0 12 12 12
2970 733590 42 42 2 0 42 5 5
2971 734084 10 10 2 0 10 10 10
2972 734579 13 13 2 0 13 4 4
2973 735074 24 24 2 1 23 12 12
2974 735569 15 17 3 1 16 7 7
2975 736064 32 32 2 0 32 17 17
2976 736560 33 35 3 0 35 3 3
2977 737055 23 23 2 0 23 20 20
2978 737551 21 21 2 0 21 12 12
2979 738047 19 19 2 0 19 9 9
2980 738543 19 19 2 0 19 8 8
2981 739039 24 24 2 1 23 18 18
2982 739536 37 37 2 0 37 9 9
2983 740032 21 21 2 0 21 16 16
2984 740529 24 26 3 1 25 8 8
2985 741026 28 28 2 0 28 8 8
2986 741523 17 17 2 0 17 7 7
2987 742020 17 17 2 0 17 16 16
2988 742518 24 24 2 0 24 1 1
2989 743015 37 39 3 2 37 30 32
2990 743513 39 43 3 0 43 16 17
2991 744011 19 21 3 0 21 13 13
2992 744509 42 48 3 1 47 7 7
2993 745007 18 18 2 0 18 16 16
2994 745506 29 29 2 0 29 12 12
2995 746004 16 16 2 0 16 10 10
2996 746503 19 19 2 0 19 7 7
2997 747002 29 29 2 0 29 18 18
2998 747501 11 11 2 0 11 5 5
2999 748000 20 20 2 0 20 20 20
3000 748500 41 41 2 0 41 12 12
3001 748999 16 16 2 0 16 16 16
3002 749499 42 42 2 3 39 22 22
3003 749999 54 59 4 1 58 23 23
3004 750499 31 31 2 0 31 14 14
3005 750999 24 24 2 1 23 14 14
3006 751500 23 23 2 0 23 7 7
3007 752000 9 9 2 0 9 5 5
3008 752501 23 23 2 0 23 4 4
3009 753002 24 26 3 0 26 15 17
3010 753503 51 51 2 1 50 13 13
3011 754004 4 4 2 0 4 4 4
3012 754506 34 34 2 1 33 11 11
3013 755007 10 10 2 0 10 8 8
3014 755509 16 16 2 1 15 4 4
3015 756011 40 42 3 1 41 18 18
3016 756513 40 44 3 0 44 14 14
3017 757015 12 12 2 0 12 8 8
3018 757518 24 26 3 0 26 7 7
3019 758020 19 19 2 0 19 19 19
3020 758523 27 27 2 0 27 8 8
3021 759026 28 28 2 0 28 17 17
3022 759529 15 15 2 2 13 10 10
3023 760032 6 6 2 0 6 6 6
3024 760536 46 50 3 0 50 6 6
3025 761039 18 18 2 0 18 10 10
3026 761543 26 30 3 1 29 11 12
3027 762047 18 20 3 0 20 7 8
3028 762551 25 25 2 0 25 10 10
3029 763055 11 11 2 0 11 9 9
3030 763560 26 26 2 0 26 6 6
3031 764064 24 24 2 0 24 15 15
3032 764569 35 35 2 0 35 11 11
3033 765074 15 15 2 0 15 10 10
3034 765579 23 25 3 0 25 11 12
3035 766084 16 16 2 0 16 10 10
3036 766590 52 56 3 1 55 13 14
3037 767095 9 9 2 0 9 9 9
3038 767601 54 60 3 0 60 20 21
3039 768107 17 17 2 0 17 11 11
3040 768613 47 53 3 0 53 12 12
3041 769119 5 5 2 0 5 5 5
3042 769626 71 75 3 1 74 18 18
3043 770132 15 15 2 0 15 14 14
3044 770639 22 22 2 2 20 13 13
3045 771146 30 30 2 0 30 12 12
3046 771653 20 20 2 0 20 10 10
3047 772160 21 23 3 0 23 19 21
3048 772668 42 42 2 0 42 10 10
3049 773175 15 15 2 0 15 15 15
3050 773683 23 23 2 1 22 9 9
3051 774191 10 10 2 0 10 7 7
3052 774699 43 43 2 0 43 16 16
3053 775207 17 21 3 1 20 15 19
3054 775716 21 21 2 0 21 7 7
3055 776224 23 23 2 0 23 16 16
3056 776733 21 21 2 0 21 6 6
3057 777242 9 9 2 0 9 8 8
3058 777751 27 29 3 0 29 10 11
3059 778260 33 39 3 1 38 26 29
3060 778770 50 50 2 0 50 9 9
3061 779279 7 7 2 0 7 7 7
3062 779789 17 17 2 0 17 6 6
3063 780299 27 27 2 0 27 18 18
3064 780809 28 30 3 1 29 14 14
3065 781319 10 12 3 0 12 8 9
3066 781830 41 41 2 0 41 4 4
3067 782340 5 5 2 0 5 5 5
3068 782851 36 40 3 0 40 21 21
3069 783362 38 47 4 1 46 18 24
3070 783873 25 27 3 0 27 6 6
3071 784384 11 13 3 1 12 9 11
3072 784896 20 20 2 0 20 7 7
3073 785407 23 23 2 0 23 18 18
3074 785919 24 24 2 1 23 9 9
3075 786431 20 20 2 0 20 10 10
3076 786943 22 22 2 0 22 10 10
3077 787455 15 15 2 0 15 13 13
3078 787968 42 44 3 1 43 11 11
3079 788480 10 10 2 0 10 10 10
3080 788993 55 63 3 0 63 15 16
3081 789506 28 28 2 0 28 13 13
3082 790019 21 21 2 0 21 7 7
3083 790532 15 15 2 0 15 15 15
3084 791046 24 24 2 0 24 5 5
3085 791559 25 25 2 0 25 16 16
3086 792073 23 23 2 0 23 6 6
3087 792587 48 48 2 0 48 23 23
3088 793101 31 31 2 0 31 5 5
3089 793615 4 4 2 0 4 4 4
3090 794130 39 39 2 0 39 5 5
3091 794644 13 13 2 0 13 10 10
3092 795159 22 22 2 0 22 10 10
3093 795674 18 18 2 0 18 11 11
3094 796189 48 50 3 0 50 18 18
3095 796704 18 18 2 0 18 15 15
3096 797220 49 49 2 0 49 10 10
3097 797735 25 25 2 0 25 24 24
3098 798251 20 20 2 1 19 9 9
3099 798767 22 22 2 0 22 12 12
3100 799283 35 39 3 0 39 8 8
3101 799799 23 23 2 0 23 16 16
3102 800316 36 40 3 0 40 9 10
3103 800832 12 14 3 0 14 9 11
3104 801349 31 31 2 0 31 8 8
3105 801866 27 32 4 0 32 10 10
3106 802383 16 16 2 0 16 11 11
3107 802900 17 17 2 0 17 15 15
3108 803418 73 77 3 0 77 13 13
3109 803935 11 11 2 1 10 11 11
3110 804453 26 26 2 0 26 11 11
3111 804971 25 27 3 0 27 10 11
3112 805489 27 29 3 0 29 15 16
3113 806007 15 15 2 0 15 13 13
3114 806526 23 23 2 0 23 7 7
3115 807044 16 16 2 0 16 11 11
3116 807563 31 31 2 0 31 20 20
3117 808082 24 28 3 0 28 18 19
3118 808601 22 24 3 0 24 14 15
3119 809120 8 8 2 0 8 8 8
3120 809640 66 68 3 0 68 13 12
3121 810159 15 15 2 1 14 15 15
3122 810679 39 39 2 1 38 20 20
3123 811199 17 17 2 0 17 6 6
3124 811719 33 42 4 0 42 11 14
3125 812239 10 10 2 0 10 8 8
3126 812760 15 15 2 0 15 3 3
3127 813280 17 17 2 0 17 15 15
3128 813801 44 50 3 0 50 15 16
3129 814322 25 25 2 0 25 15 15
3130 814843 27 27 2 0 27 12 12
3131 815364 14 19 4 0 19 12 17
3132 815886 35 37 3 0 37 4 4
3133 816407 28 28 2 0 28 23 23
3134 816929 17 17 2 0 17 10 10
3135 817451 41 47 3 0 47 9 10
3136 817973 31 37 3 0 37 6 7
3137 818495 14 14 2 0 14 14 14
3138 819018 27 27 2 0 27 8 8
3139 819540 19 19 2 1 18 16 16
3140 820063 39 39 2 1 38 13 13
3141 820586 21 23 3 0 23 7 7
3142 821109 11 11 2 0 11 7 7
3143 821632 12 12 2 0 12 11 11
3144 822156 46 46 2 1 45 15 15
3145 822679 29 29 2 0 29 17 17
3146 823203 29 31 3 0 31 7 7
3147 823727 23 23 2 0 23 12 12
3148 824251 24 24 2 0 24 12 12
3149 824775 14 16 3 0 16 14 16
3150 825300 49 58 4 0 58 10 9
3151 825824 18 18 2 0 18 16 16
3152 826349 28 28 2 0 28 8 8
3153 826874 23 23 2 2 21 13 13
3154 827399 28 28 2 2 26 14 14
3155 827924 8 8 2 0 8 5 5
3156 828450 36 36 2 1 35 7 7
3157 828975 26 28 3 0 28 21 21
3158 829501 12 12 2 0 12 8 8
3159 830027 25 27 3 0 27 11 12
3160 830553 48 48 2 1 47 14 14
3161 831079 25 25 2 0 25 23 23
3162 831606 48 50 3 0 50 13 13
3163 832132 6 6 2 1 5 6 6
3164 832659 22 22 2 0 22 6 6
3165 833186 30 30 2 0 30 16 16
3166 833713 14 14 2 0 14 8 8
3167 834240 9 9 2 0 9 9 9
3168 834768 51 60 4 0 60 6 6
3169 835295 13 13 2 0 13 13 13
3170 835823 21 21 2 1 20 8 8
3171 836351 32 32 2 0 32 20 20
3172 836879 41 41 2 0 41 16 16
3173 837407 18 18 2 0 18 17 17
3174 837936 32 32 2 0 32 10 10
3175 838464 14 16 3 0 16 6 6
3176 838993 24 24 2 0 24 5 5
3177 839522 17 17 2 0 17 9 9
3178 840051 19 21 3 0 21 5 5
3179 840580 26 30 3 0 30 20 21
3180 841110 46 46 2 1 45 9 9
3181 841639 6 6 2 0 6 6 6
3182 842169 40 42 3 0 42 14 15
3183 842699 15 15 2 0 15 9 9
3184 843229 23 23 2 1 22 8 8
3185 843759 52 54 3 2 52 26 27
3186 844290 31 33 3 0 33 8 8
3187 844820 15 15 2 0 15 15 15
3188 845351 13 13 2 0 13 7 7
3189 845882 22 22 2 0 22 13 13
3190 846413 34 38 3 0 38 15 15
3191 846944 10 10 2 0 10 10 10
3192 847476 76 80 3 1 79 11 11
3193 848007 14 14 2 1 13 12 12
3194 848539 29 29 2 0 29 16 16
3195 849071 22 22 2 0 22 7 7
3196 849603 27 29 3 0 29 9 9
3197 850135 21 23 3 0 23 16 18
3198 850668 46 46 2 1 45 15 15
3199 851200 21 21 2 0 21 16 16
3200 851733 30 32 3 0 32 1 1
3201 852266 31 33 3 0 33 18 19
3202 852799 15 15 2 0 15 8 8
3203 853332 11 11 2 0 11 11 11
3204 853866 31 31 2 0 31 4 4
3205 854399 10 10 2 0 10 5 5
3206 854933 30 30 2 0 30 10 10
3207 855467 26 26 2 0 26 13 13
3208 856001 27 27 2 0 27 9 9
3209 856535 13 13 2 1 12 13 13
3210 857070 24 24 2 0 24 6 6
3211 857604 37 39 3 1 38 32 33
3212 858139 31 37 3 0 37 11 14
3213 858674 34 36 3 0 36 13 13
3214 859209 9 9 2 0 9 3 3
3215 859744 16 16 2 1 15 7 7
3216 860280 43 47 3 0 47 7 9
3217 860815 15 15 2 0 15 15 15
3218 861351 10 10 2 0 10 4 4
3219 861887 25 27 3 0 27 13 14
3220 862423 51 58 4 0 58 13 15
3221 862959 7 7 2 0 7 7 7
3222 863496 31 31 2 0 31 3 3
3223 864032 22 22 2 0 22 20 20
3224 864569 54 54 2 1 53 19 19
3225 865106 30 32 3 0 32 13 14
3226 865643 17 17 2 1 16 11 11
3227 866180 10 10 2 0 10 9 9
3228 866718 31 31 2 0 31 8 8
3229 867255 11 11 2 1 10 11 11
3230 867793 51 63 3 0 63 18 21
3231 868331 22 22 2 0 22 11 11
3232 868869 24 26 3 0 26 3 3
3233 869407 19 21 3 0 21 15 17
3234 869946 67 71 3 0 71 19 19
3235 870484 17 17 2 1 16 11 11
3236 871023 16 16 2 0 16 7 7
3237 871562 26 26 2 0 26 16 16
3238 872101 16 16 2 0 16 2 2
3239 872640 18 20 3 0 20 17 19
3240 873180 57 59 3 0 59 9 9
3241 873719 17 19 3 0 19 12 14
3242 874259 21 21 2 0 21 15 15
3243 874799 25 34 4 0 34 17 21
3244 875339 29 29 2 0 29 16 16
3245 875879 22 24 3 0 24 15 15
3246 876420 30 30 2 1 29 8 8
3247 876960 17 17 2 0 17 13 13
3248 877501 35 37 3 2 35 13 14
3249 878042 40 44 3 0 44 19 23
3250 878583 31 31 2 2 29 14 14
3251 879124 12 12 2 1 11 12 12
3252 879666 40 42 3 0 42 10 10
3253 880207 11 11 2 1 10 11 11
3254 880749 14 14 2 0 14 5 5
3255 881291 47 51 3 0 51 13 13
3256 881833 37 42 4 0 42 9 9
3257 882375 9 11 3 1 10 9 11
3258 882918 41 41 2 0 41 9 9
3259 883460 10 10 2 0 10 10 10
3260 884003 39 39 2 1 38 7 7
3261 884546 24 24 2 0 24 12 12
3262 885089 23 23 2 0 23 8 8
3263 885632 9 9 2 0 9 9 9
3264 886176 32 39 4 0 39 6 6
3265 886719 17 17 2 0 17 11 11
3266 887263 31 37 3 2 35 14 15
3267 887807 15 15 2 0 15 3 3
3268 888351 39 41 3 1 40 19 19
3269 888895 12 12 2 0 12 9 9
3270 889440 45 45 2 1 44 8 8
3271 889984 13 13 2 0 13 13 13
3272 890529 26 26 2 0 26 5 5
3273 891074 17 17 2 0 17 6 6
3274 891619 9 9 2 1 8 6 6
3275 892164 13 13 2 0 13 8 8
3276 892710 91 93 3 0 93 15 15
3277 893255 13 18 4 0 18 12 17
3278 893801 17 17 2 0 17 7 7
3279 894347 25 25 2 1 24 19 19
3280 894893 32 36 3 1 35 5 5
3281 895439 11 11 2 0 11 8 8
3282 895986 46 46 2 1 45 21 21
3283 896532 37 37 2 0 37 28 28
3284 897079 23 23 2 1 22 14 14
3285 897626 41 41 2 1 40 21 21
3286 898173 31 33 3 0 33 15 15
3287 898720 6 6 2 0 6 6 6
3288 899268 38 38 2 0 38 12 12
3289 899815 38 44 3 0 44 27 29
3290 900363 38 38 2 0 38 13 13
3291 900911 17 17 2 0 17 15 15
3292 901459 25 25 2 0 25 14 14
3293 902007 18 18 2 0 18 15 15
3294 902556 37 37 2 0 37 10 10
3295 903104 12 14 3 0 14 8 9
3296 903653 20 20 2 0 20 5 5
3297 904202 31 31 2 1 30 12 12
3298 904751 31 31 2 0 31 12 12
3299 905300 11 11 2 0 11 11 11
3300 905850 45 47 3 1 46 5 5
3301 906399 5 5 2 1 4 5 5
3302 906949 37 37 2 0 37 18 18
3303 907499 23 23 2 0 23 8 8
3304 908049 27 29 3 0 29 8 10
3305 908599 19 21 3 1 20 10 10
3306 909150 50 56 3 0 56 18 18
3307 909700 13 13 2 0 13 13 13
3308 910251 22 22 2 0 22 9 9
3309 910802 12 12 2 0 12 8 8
3310 911353 28 28 2 0 28 10 10
3311 911904 35 37 3 0 37 24 25
3312 912456 44 46 3 0 46 14 14
3313 913007 13 13 2 0 13 13 13
3314 913559 15 15 2 0 15 10 10
3315 914111 47 53 3 1 52 16 17
3316 914663 26 26 2 2 24 16 16
3317 915215 20 22 3 1 21 16 18
3318 915768 55 55 2 0 55 15 15
3319 916320 16 16 2 0 16 16 16
3320 916873 33 35 3 0 35 8 8
3321 917426 24 24 2 0 24 17 17
3322 917979 24 24 2 1 23 15 15
3323 918532 10 10 2 0 10 10 10
3324 919086 31 31 2 1 30 10 10
3325 919639 34 36 3 0 36 13 13
3326 920193 20 20 2 1 19 12 12
3327 920747 13 13 2 0 13 7 7
3328 921301 25 25 2 0 25 6 6
3329 921855 10 10 2 0 10 10 10
3330 922410 61 63 3 0 63 14 14
3331 922964 8 8 2 0 8 8 8
3332 923519 53 57 3 0 57 14 14
3333 924074 23 23 2 0 23 15 15
3334 924629 12 12 2 0 12 2 2
3335 925184 17 17 2 0 17 13 13
3336 925740 43 45 3 0 45 6 6
3337 926295 13 13 2 0 13 12 12
3338 926851 20 20 2 1 19 11 11
3339 927407 26 28 3 0 28 12 14
3340 927963 38 38 2 2 36 11 11
3341 928519 24 24 2 0 24 17 17
3342 929076 24 26 3 0 26 8 8
3343 929632 9 9 2 0 9 9 9
3344 930189 48 55 4 0 55 14 15
3345 930746 19 21 3 0 21 8 8
3346 931303 24 24 2 0 24 12 12
3347 931860 7 7 2 0 7 7 7
3348 932418 54 54 2 1 53 11 11
3349 932975 16 16 2 0 16 14 14
3350 933533 28 30 3 0 30 10 10
3351 934091 19 19 2 0 19 10 10
3352 934649 26 32 3 0 32 6 6
3353 935207 8 8 2 0 8 5 5
3354 935766 61 61 2 0 61 21 21
3355 936324 27 34 4 0 34 20 23
3356 936883 33 35 3 1 34 9 9
3357 937442 30 32 3 1 31 14 14
3358 938001 24 29 4 0 29 12 12
3359 938560 12 12 2 0 12 12 12
3360 939120 41 41 2 0 41 8 8
3361 939679 15 15 2 0 15 15 15
3362 940239 14 14 2 0 14 6 6
3363 940799 31 35 3 0 35 18 19
3364 941359 19 19 2 1 18 9 9
3365 941919 16 16 2 1 15 11 11
3366 942480 61 63 3 0 63 15 15
3367 943040 45 47 3 2 45 32 33
3368 943601 25 25 2 0 25 7 7
3369 944162 23 23 2 1 22 12 12
3370 944723 33 33 2 0 33 13 13
3371 945284 16 16 2 1 15 16 16
3372 945846 25 25 2 0 25 8 8
3373 946407 8 8 2 0 8 8 8
3374 946969 34 34 2 0 34 14 14
3375 947531 20 20 2 0 20 2 2
3376 948093 30 30 2 0 30 12 12
3377 948655 13 13 2 0 13 13 13
3378 949218 36 36 2 0 36 12 12
3379 949780 19 21 3 0 21 17 18
3380 950343 52 54 3 0 54 9 9
3381 950906 44 46 3 1 45 21 21
3382 951469 21 25 3 0 25 8 9
3383 952032 11 11 2 0 11 11 11
3384 952596 46 50 3 0 50 5 5
3385 953159 17 17 2 0 17 10 10
3386 953723 16 16 2 0 16 8 8
3387 954287 33 33 2 0 33 20 20
3388 954851 36 40 3 3 37 14 14
3389 955415 8 8 2 0 8 8 8
3390 955980 34 34 2 1 33 12 12
3391 956544 17 17 2 0 17 17 17
3392 957109 23 23 2 0 23 4 4
3393 957674 46 46 2 0 46 22 22
3394 958239 19 19 2 1 18 11 11
3395 958804 33 33 2 0 33 18 18
3396 959370 37 37 2 0 37 10 10
3397 959935 25 25 2 0 25 23 23
3398 960501 19 19 2 0 19 10 10
3399 961067 34 34 2 0 34 20 20
3400 961633 46 50 3 0 50 6 6
3401 962199 21 21 2 0 21 20 20
3402 962766 32 34 3 0 34 3 3
3403 963332 15 15 2 1 14 14 14
3404 963899 33 33 2 0 33 16 16
3405 964466 13 13 2 0 13 7 7
3406 965033 17 17 2 0 17 5 5
3407 965600 8 8 2 0 8 8 8
3408 966168 35 35 2 0 35 5 5
3409 966735 17 17 2 0 17 11 11
3410 967303 52 56 3 0 56 20 20
3411 967871 30 30 2 0 30 13 13
3412 968439 22 22 2 0 22 9 9
3413 969007 6 6 2 0 6 6 6
3414 969576 22 22 2 0 22 5 5
3415 970144 18 18 2 0 18 11 11
3416 970713 41 41 2 1 40 9 9
3417 971282 26 26 2 0 26 14 14
3418 971851 19 19 2 2 17 11 11
3419 972420 18 18 2 0 18 11 11
3420 972990 79 84 4 0 84 10 10
3421 973559 16 16 2 0 16 12 12
3422 974129 24 24 2 0 24 12 12
3423 974699 27 27 2 0 27 15 15
3424 975269 22 22 2 0 22 6 6
3425 975839 17 17 2 0 17 10 10
3426 976410 24 24 2 2 22 8 8
3427 976980 17 17 2 0 17 16 16
3428 977551 16 16 2 0 16 7 7
3429 978122 22 22 2 0 22 5 5
3430 978693 51 51 2 0 51 8 8
3431 979264 21 26 4 0 26 19 24
3432 979836 75 88 4 0 88 14 14
3433 980407 12 12 2 0 12 12 12
3434 980979 28 32 3 1 31 14 16
3435 981551 22 22 2 0 22 6 6
3436 982123 25 25 2 1 24 11 11
3437 982695 13 13 2 0 13 12 12
3438 983268 28 30 3 0 30 7 7
3439 983840 20 20 2 1 19 18 18
3440 984413 37 39 3 0 39 8 8
3441 984986 31 36 4 0 36 20 22
3442 985559 16 16 2 0 16 8 8
3443 986132 17 19 3 0 19 12 14
3444 986706 46 46 2 1 45 14 14
3445 987279 29 31 3 1 30 18 19
3446 987853 12 12 2 0 12 10 10
3447 988427 20 24 3 0 24 7 7
3448 989001 23 23 2 0 23 6 6
3449 989575 6 6 2 0 6 6 6
3450 990150 49 55 3 0 55 11 11
3451 990724 28 28 2 0 28 19 19
3452 991299 26 28 3 0 28 5 5
3453 991874 21 21 2 1 20 11 11
3454 992449 28 30 3 1 29 16 17
3455 993024 22 22 2 0 22 16 16
3456 993600 21 21 2 0 21 2 2
3457 994175 12 14 3 1 13 12 14
3458 994751 78 78 2 3 75 29 29
3459 995327 28 28 2 0 28 20 20
3460 995903 30 30 2 0 30 5 5
3461 996479 13 13 2 0 13 13 13
3462 997056 32 32 2 1 31 10 10
3463 997632 10 10 2 0 10 10 10
3464 998209 27 27 2 0 27 5 5
3465 998786 41 41 2 0 41 10 10
3466 999363 23 23 2 0 23 8 8
3467 999940 9 9 2 1 8 9 9
3468 1000518 44 46 3 0 46 12 12
3469 1001095 15 15 2 0 15 15 15
3470 1001673 22 22 2 0 22 6 6
3471 1002251 21 23 3 0 23 13 14
3472 1002829 53 55 3 0 55 12 13
3473 1003407 14 16 3 0 16 13 15
3474 1003986 44 44 2 0 44 10 10
3475 1004564 20 20 2 0 20 6 6
3476 1005143 37 37 2 0 37 13 13
3477 1005722 32 34 3 0 34 10 10
3478 1006301 28 30 3 0 30 13 13
3479 1006880 17 17 2 0 17 12 12
3480 1007460 47 47 2 0 47 5 5
3481 1008039 10 10 2 0 10 10 10
3482 1008619 19 19 2 0 19 11 11
3483 1009199 28 30 3 0 30 17 19
3484 1009779 40 46 3 0 46 15 17
3485 1010359 27 27 2 1 26 15 15
3486 1010940 42 44 3 1 43 9 10
3487 1011520 13 13 2 0 13 10 10
3488 1012101 29 29 2 1 28 5 5
3489 1012682 28 28 2 0 28 17 17
3490 1013263 28 28 2 0 28 8 8
3491 1013844 8 8 2 0 8 8 8
3492 1014426 58 58 2 0 58 9 9
3493 1015007 13 13 2 0 13 8 8
3494 1015589 23 23 2 0 23 10 10
3495 1016171 19 19 2 0 19 9 9
3496 1016753 39 45 3 0 45 12 13
3497 1017335 17 17 2 0 17 12 12
3498 1017918 42 42 2 0 42 14 14
3499 1018500 13 13 2 0 13 13 13
3500 1019083 33 33 2 0 33 7 7
3501 1019666 25 25 2 1 24 13 13
3502 1020249 35 40 4 0 40 17 22
3503 1020832 13 13 2 1 12 11 11
3504 1021416 42 44 3 0 44 11 11
3505 1021999 14 14 2 0 14 12 12
3506 1022583 17 17 2 0 17 8 8
3507 1023167 21 21 2 0 21 14 14
3508 1023751 29 29 2 0 29 11 11
3509 1024335 16 16 2 0 16 13 13
3510 1024920 61 61 2 0 61 7 7
3511 1025504 11 11 2 0 11 11 11
3512 1026089 28 28 2 0 28 9 9
3513 1026674 29 31 3 0 31 19 20
3514 1027259 24 24 2 0 24 10 10
3515 1027844 52 52 2 1 51 31 31
3516 1028430 24 24 2 0 24 6 6
3517 1029015 11 11 2 0 11 11 11
3518 1029601 18 18 2 0 18 7 7
3519 1030187 32 32 2 0 32 20 20
3520 1030773 44 53 4 0 53 6 6
3521 1031359 12 12 2 1 11 8 8
3522 1031946 30 30 2 0 30 10 10
3523 1032532 19 19 2 1 18 13 13
3524 1033119 27 27 2 0 27 16 16
3525 1033706 21 21 2 0 21 8 8
3526 1034293 31 31 2 0 31 13 13
3527 1034880 12 12 2 0 12 12 12
3528 1035468 76 78 3 0 78 16 16
3529 1036055 19 24 4 1 23 19 24
3530 1036643 25 27 3 0 27 17 17
3531 1037231 32 32 2 0 32 16 16
3532 1037819 29 29 2 1 28 13 13
3533 1038407 8 10 3 0 10 8 10
3534 1038996 65 69 3 0 69 22 22
3535 1039584 14 14 2 0 14 7 7
3536 1040173 47 55 3 1 54 15 16
3537 1040762 32 34 3 0 34 14 16
3538 1041351 29 31 3 0 31 13 13
3539 1041940 9 9 2 1 8 9 9
3540 1042530 49 49 2 1 48 12 12
3541 1043119 8 8 2 1 7 8 8
3542 1043709 44 48 3 2 46 18 18
3543 1044299 11 11 2 0 11 7 7
3544 1044889 27 29 3 1 28 7 7
3545 1045479 22 22 2 1 21 14 14
3546 1046070 27 29 3 0 29 3 3
3547 1046660 13 13 2 0 13 13 13
3548 1047251 23 23 2 0 23 7 7
3549 1047842 59 63 3 0 63 27 27
3550 1048433 18 18 2 0 18 5 5
3551 1049024 15 15 2 0 15 13 13
3552 1049616 38 42 3 1 41 9 10
3553 1050207 26 30 3 1 29 16 16
3554 1050799 21 21 2 0 21 11 11
3555 1051391 36 36 2 0 36 12 12
3556 1051983 46 48 3 0 48 14 14
3557 1052575 12 12 2 0 12 12 12
3558 1053168 16 16 2 1 15 7 7
3559 1053760 10 10 2 0 10 10 10
3560 1054353 31 31 2 1 30 7 7
3561 1054946 14 14 2 0 14 10 10
3562 1055539 25 25 2 0 25 10 10
3563 1056132 24 24 2 0 24 20 20
3564 1056726 47 49 3 0 49 13 14
3565 1057319 31 31 2 1 30 22 22
3566 1057913 21 21 2 0 21 10 10
3567 1058507 35 35 2 0 35 20 20
3568 1059101 29 29 2 0 29 11 11
3569 1059695 13 13 2 0 13 11 11
3570 1060290 56 58 3 0 58 7 7
3571 1060884 11 11 2 1 10 11 11
3572 1061479 37 43 3 0 43 11 11
3573 1062074 26 26 2 1 25 9 9
3574 1062669 15 15 2 0 15 5 5
3575 1063264 31 33 3 0 33 16 16
3576 1063860 33 35 3 0 35 9 9
3577 1064455 30 30 2 0 30 23 23
3578 1065051 21 23 3 0 23 6 7
3579 1065647 21 21 2 0 21 9 9
3580 1066243 28 28 2 0 28 11 11
3581 1066839 9 9 2 0 9 9 9
3582 1067436 32 32 2 1 31 6 6
3583 1068032 12 12 2 0 12 12 12
3584 1068629 21 21 2 0 21 4 4
3585 1069226 24 24 2 0 24 10 10
3586 1069823 26 31 4 1 30 13 15
3587 1070420 17 17 2 0 17 13 13
3588 1071018 64 68 3 0 68 12 13
3589 1071615 26 28 3 0 28 22 24
3590 1072213 26 26 2 0 26 8 8
3591 1072811 49 49 2 0 49 10 10
3592 1073409 25 27 3 0 27 8 9
3593 1074007 10 10 2 0 10 10 10
3594 1074606 27 27 2 0 27 6 6
3595 1075204 14 14 2 0 14 9 9
3596 1075803 36 38 3 0 38 10 10
3597 1076402 22 22 2 2 20 13 13
3598 1077001 31 33 3 1 32 7 7
3599 1077600 12 12 2 1 11 10 10
3600 1078200 59 61 3 0 61 10 10
3601 1078799 25 25 2 0 25 23 23
3602 1079399 23 23 2 1 22 10 10
3603 1079999 24 26 3 1 25 16 17
3604 1080599 38 44 3 2 42 21 22
3605 1081199 36 36 2 0 36 17 17
3606 1081800 31 31 2 0 31 5 5
3607 1082400 17 17 2 0 17 17 17
3608 1083001 43 52 4 0 52 14 16
3609 1083602 24 24 2 1 23 12 12
3610 1084203 38 40 3 0 40 10 10
3611 1084804 24 24 2 0 24 19 19
3612 1085406 67 67 2 0 67 11 11
3613 1086007 15 15 2 0 15 15 15
3614 1086609 44 46 3 1 45 16 18
3615 1087211 33 33 2 0 33 12 12
3616 1087813 21 21 2 0 21 9 9
3617 1088415 10 10 2 0 10 10 10
3618 1089018 43 45 3 1 44 7 7
3619 1089620 15 15 2 0 15 10 10
3620 1090223 41 43 3 0 43 12 13
3621 1090826 18 18 2 0 18 12 12
3622 1091429 12 12 2 0 12 4 4
3623 1092032 11 11 2 0 11 11 11
3624 1092636 48 50 3 0 50 10 11
3625 1093239 16 20 3 1 19 8 8
3626 1093843 58 60 3 0 60 22 22
3627 1094447 52 56 3 0 56 25 26
3628 1095051 29 29 2 1 28 18 18
3629 1095655 22 22 2 0 22 18 18
3630 1096260 37 37 2 0 37 4 4
3631 1096864 10 10 2 0 10 10 10
3632 1097469 21 21 2 0 21 4 4
3633 1098074 17 17 2 0 17 11 11
3634 1098679 20 22 3 0 22 11 13
3635 1099284 23 23 2 1 22 16 16
3636 1099890 38 40 3 1 39 10 10
3637 1100495 8 8 2 0 8 8 8
3638 1101101 25 25 2 0 25 8 8
3639 1101707 17 17 2 0 17 11 11
3640 1102313 75 79 3 0 79 9 9
3641 1102919 18 18 2 0 18 16 16
3642 1103526 31 31 2 0 31 9 9
3643 1104132 11 11 2 0 11 11 11
3644 1104739 31 31 2 0 31 14 14
3645 1105346 25 25 2 0 25 7 7
3646 1105953 22 22 2 0 22 14 14
3647 1106560 8 8 2 0 8 5 5
3648 1107168 49 49 2 0 49 10 10
3649 1107775 22 33 5 1 32 20 31
3650 1108383 48 48 2 0 48 16 16
3651 1108991 12 12 2 0 12 9 9
3652 1109599 38 38 2 0 38 14 14
3653 1110207 23 30 4 0 30 21 27
3654 1110816 44 46 3 0 46 12 12
3655 1111424 27 29 3 2 27 19 19
3656 1112033 18 20 3 0 20 6 8
3657 1112642 31 33 3 0 33 13 15
3658 1113251 30 34 3 0 34 14 15
3659 1113860 5 5 2 0 5 5 5
3660 1114470 53 53 2 0 53 5 5
3661 1115079 23 25 3 0 25 17 19
3662 1115689 26 26 2 1 25 10 10
3663 1116299 40 40 2 0 40 20 20
3664 1116909 30 30 2 0 30 7 7
3665 1117519 26 26 2 0 26 22 22
3666 1118130 40 46 3 0 46 11 12
3667 1118740 16 18 3 0 18 13 15
3668 1119351 30 32 3 0 32 7 7
3669 1119962 17 17 2 0 17 11 11
3670 1120573 27 27 2 0 27 8 8
3671 1121184 15 15 2 0 15 15 15
3672 1121796 47 56 4 0 56 6 6
3673 1122407 16 16 2 0 16 16 16
3674 1123019 20 20 2 2 18 12 12
3675 1123631 57 70 5 1 69 27 28
3676 1124243 19 21 3 0 21 9 10
3677 1124855 13 13 2 1 12 13 13
3678 1125468 28 28 2 0 28 6 6
3679 1126080 19 19 2 0 19 17 17
3680 1126693 37 41 3 1 40 11 11
3681 1127306 26 26 2 0 26 9 9
3682 1127919 27 27 2 0 27 7 7
3683 1128532 8 13 4 0 13 7 12
3684 1129146 41 41 2 1 40 10 10
3685 1129759 19 21 3 0 21 10 11
3686 1130373 35 35 2 1 34 24 24
3687 1130987 14 14 2 1 13 8 8
3688 1131601 15 15 2 0 15 7 7
3689 1132215 32 34 3 0 34 20 21
3690 1132830 41 43 3 0 43 10 10
3691 1133444 9 9 2 0 9 9 9
3692 1134059 37 43 3 0 43 12 13
3693 1134674 14 14 2 0 14 10 10
3694 1135289 17 17 2 0 17 10 10
3695 1135904 19 19 2 0 19 12 12
3696 1136520 63 71 3 0 71 7 7
3697 1137135 10 10 2 0 10 10 10
3698 1137751 22 31 5 0 31 11 11
3699 1138367 20 20 2 0 20 11 11
3700 1138983 45 45 2 0 45 16 16
3701 1139599 15 15 2 0 15 15 15
3702 1140216 31 33 3 0 33 9 9
3703 1140832 22 22 2 0 22 14 14
3704 1141449 36 38 3 0 38 15 15
3705 1142066 54 58 3 0 58 17 18
3706 1142683 38 40 3 1 39 17 18
3707 1143300 15 15 2 1 14 14 14
3708 1143918 49 49 2 0 49 13 13
3709 1144535 15 15 2 0 15 15 15
3710 1145153 32 36 3 0 36 4 4
3711 1145771 32 32 2 1 31 19 19
3712 1146389 25 27 3 0 27 4 4
3713 1147007 18 18 2 0 18 17 17
3714 1147626 26 26 2 0 26 9 9
3715 1148244 11 11 2 0 11 9 9
3716 1148863 19 19 2 1 18 8 8
3717 1149482 27 27 2 0 27 13 13
3718 1150101 57 61 3 0 61 14 14
3719 1150720 5 5 2 0 5 5 5
3720 1151340 71 75 3 0 75 13 12
3721 1151959 20 22 3 0 22 18 20
3722 1152579 13 13 2 0 13 7 7
3723 1153199 31 31 2 1 30 16 16
3724 1153819 76 78 3 0 78 16 16
3725 1154439 19 19 2 0 19 17 17
3726 1155060 31 38 4 0 38 11 11
3727 1155680 10 10 2 1 9 10 10
3728 1156301 28 28 2 1 27 9 9
3729 1156922 38 38 2 0 38 26 26
3730 1157543 32 34 3 0 34 10 10
3731 1158164 27 27 2 0 27 20 20
3732 1158786 41 43 3 1 42 6 7
3733 1159407 7 7 2 0 7 7 7
3734 1160029 19 19 2 1 18 9 9
3735 1160651 27 27 2 0 27 6 6
3736 1161273 21 21 2 0 21 8 8
3737 1161895 13 13 2 0 13 11 11
3738 1162518 31 31 2 0 31 7 7
3739 1163140 9 9 2 0 9 9 9
3740 1163763 57 63 3 0 63 15 15
3741 1164386 28 28 2 0 28 17 17
3742 1165009 15 15 2 0 15 7 7
3743 1165632 16 16 2 0 16 14 14
3744 1166256 65 67 3 0 67 9 9
3745 1166879 22 22 2 1 21 12 12
3746 1167503 17 17 2 0 17 5 5
3747 1168127 23 23 2 0 23 8 8
3748 1168751 27 27 2 0 27 13 13
3749 1169375 22 22 2 0 22 21 21
3750 1170000 29 29 2 1 28 10 10
3751 1170624 17 17 2 0 17 10 10
3752 1171249 46 48 3 2 46 13 13
3753 1171874 28 30 3 0 30 14 14
3754 1172499 24 26 3 0 26 11 11
3755 1173124 23 23 2 0 23 13 13
3756 1173750 40 40 2 1 39 16 16
3757 1174375 16 16 2 0 16 10 10
3758 1175001 16 16 2 0 16 10 10
3759 1175627 37 37 2 0 37 20 20
3760 1176253 38 40 3 1 39 9 10
3761 1176879 13 13 2 0 13 13 13
3762 1177506 71 80 4 0 80 16 16
3763 1178132 14 16 3 0 16 11 13
3764 1178759 13 13 2 1 12 8 8
3765 1179386 24 24 2 1 23 10 10
3766 1180013 22 24 3 0 24 5 5
3767 1180640 14 14 2 0 14 14 14
3768 1181268 49 49 2 1 48 8 8
3769 1181895 21 21 2 1 20 21 21
3770 1182523 51 53 3 0 53 17 18
3771 1183151 16 18 3 0 18 10 10
3772 1183779 37 39 3 2 37 11 11
3773 1184407 37 37 2 0 37 25 25
3774 1185036 54 56 3 1 55 21 22
3775 1185664 22 22 2 0 22 19 19
3776 1186293 15 17 3 0 17 5 5
3777 1186922 14 14 2 0 14 8 8
3778 1187551 20 20 2 0 20 14 14
3779 1188180 12 12 2 0 12 12 12
3780 1188810 84 88 3 0 88 11 11
3781 1189439 22 22 2 0 22 22 22
3782 1190069 28 32 3 0 32 15 16
3783 1190699 39 39 2 0 39 20 20
3784 1191329 52 52 2 0 52 10 10
3785 1191959 19 19 2 0 19 10 10
3786 1192590 27 27 2 1 26 5 5
3787 1193220 25 25 2 0 25 17 17
3788 1193851 22 22 2 0 22 12 12
3789 1194482 29 29 2 0 29 14 14
3790 1195113 34 34 2 0 34 11 11
3791 1195744 10 10 2 0 10 10 10
3792 1196376 44 46 3 0 46 7 7
3793 1197007 12 12 2 0 12 12 12
3794 1197639 40 40 2 0 40 16 16
3795 1198271 45 50 4 1 49 18 19
3796 1198903 51 57 3 0 57 20 21
3797 1199535 5 5 2 0 5 5 5
3798 1200168 36 36 2 0 36 9 9
3799 1200800 14 14 2 0 14 12 12
3800 1201433 58 68 3 0 68 14 14
3801 1202066 39 39 2 0 39 18 18
3802 1202699 17 17 2 1 16 15 15
3803 1203332 11 11 2 0 11 11 11
3804 1203966 31 31 2 0 31 9 9
3805 1204599 19 19 2 0 19 13 13
3806 1205233 14 14 2 0 14 5 5
3807 1205867 20 20 2 1 19 14 14
3808 1206501 47 53 3 2 51 14 15
3809 1207135 17 17 2 0 17 15 15
3810 1207770 47 49 3 1 48 10 10
3811 1208404 24 24 2 0 24 22 22
3812 1209039 21 21 2 2 19 10 10
3813 1209674 26 28 3 0 28 18 18
3814 1210309 27 27 2 1 26 12 12
3815 1210944 27 29 3 0 29 13 14
3816 1211580 37 37 2 0 37 6 6
3817 1212215 23 25 3 0 25 20 22
3818 1212851 25 36 5 0 36 16 19
3819 1213487 46 46 2 0 46 30 30
3820 1214123 31 33 3 1 32 8 8
3821 1214759 12 12 2 1 11 12 12
3822 1215396 88 95 4 0 95 17 20
3823 1216032 24 26 3 0 26 24 26
3824 1216669 20 20 2 0 20 6 6
3825 1217306 34 34 2 0 34 8 8
3826 1217943 24 26 3 0 26 9 10
3827 1218580 16 18 3 0 18 14 15
3828 1219218 49 58 4 1 57 17 18
3829 1219855 31 33 3 1 32 19 21
3830 1220493 23 25 3 1 24 4 4
3831 1221131 18 18 2 0 18 11 11
3832 1221769 37 37 2 0 37 11 11
3833 1222407 5 5 2 0 5 5 5
3834 1223046 36 36 2 1 35 10 10
3835 1223684 31 36 4 1 35 24 27
3836 1224323 32 32 2 0 32 10 10
3837 1224962 23 23 2 0 23 16 16
3838 1225601 26 28 3 0 28 15 16
3839 1226240 24 24 2 0 24 18 18
3840 1226880 36 36 2 1 35 7 7
3841 1227519 21 21 2 0 21 20 20
3842 1228159 25 25 2 0 25 11 11
3843 1228799 48 48 2 0 48 21 21
3844 1229439 50 55 4 0 55 28 30
3845 1230079 19 19 2 0 19 13 13
3846 1230720 34 36 3 0 36 12 12
3847 1231360 11 11 2 1 10 11 11
3848 1232001 59 61 3 0 61 19 19
3849 1232642 31 31 2 0 31 20 20
3850 1233283 49 53 3 1 52 16 16
3851 1233924 12 12 2 0 12 12 12
3852 1234566 33 37 3 0 37 10 11
3853 1235207 15 15 2 0 15 15 15
3854 1235849 30 32 3 0 32 12 14
3855 1236491 26 26 2 0 26 10 10
3856 1237133 23 23 2 0 23 0 0
3857 1237775 38 42 3 0 42 28 30
3858 1238418 40 44 3 1 43 7 8
3859 1239060 25 29 3 0 29 24 28
3860 1239703 46 46 2 0 46 13 13
3861 1240346 44 46 3 1 45 14 14
3862 1240989 23 23 2 0 23 15 15
3863 1241632 17 17 2 0 17 17 17
3864 1242276 70 74 3 1 73 14 14
3865 1242919 19 19 2 0 19 14 14
3866 1243563 22 22 2 0 22 9 9
3867 1244207 18 18 2 0 18 11 11
3868 1244851 25 25 2 0 25 11 11
3869 1245495 14 16 3 0 16 10 12
3870 1246140 60 62 3 0 62 9 9
3871 1246784 44 46 3 0 46 35 37
3872 1247429 36 38 3 1 37 4 4
3873 1248074 27 27 2 1 26 16 16
3874 1248719 24 24 2 0 24 11 11
3875 1249364 20 22 3 1 21 13 13
3876 1250010 65 71 3 1 70 16 16
3877 1250655 11 11 2 0 11 11 11
3878 1251301 27 27 2 1 26 15 15
3879 1251947 24 24 2 0 24 12 12
3880 1252593 48 48 2 0 48 12 12
3881 1253239 9 9 2 0 9 9 9
3882 1253886 21 23 3 0 23 4 4
3883 1254532 21 23 3 0 23 18 20
3884 1255179 25 25 2 0 25 13 13
3885 1255826 62 66 3 1 65 21 21
3886 1256473 34 34 2 1 33 16 16
3887 1257120 40 42 3 0 42 33 33
3888 1257768 43 47 3 0 47 13 14
3889 1258415 18 20 3 0 20 18 20
3890 1259063 31 31 2 0 31 11 11
3891 1259711 23 23 2 0 23 13 13
3892 1260359 39 39 2 0 39 9 9
3893 1261007 18 18 2 1 17 15 15
3894 1261656 46 56 3 1 55 13 13
3895 1262304 25 25 2 0 25 18 18
3896 1262953 21 21 2 0 21 6 6
3897 1263602 37 37 2 0 37 14 14
3898 1264251 17 17 2 1 16 8 8
3899 1264900 17 17 2 0 17 17 17
3900 1265550 61 65 3 0 65 8 7
3901 1266199 15 15 2 0 15 14 14
3902 1266849 17 17 2 1 16 7 7
3903 1267499 10 10 2 0 10 5 5
3904 1268149 28 28 2 0 28 9 9
3905 1268799 33 37 3 0 37 14 15
3906 1269450 69 69 2 0 69 18 18
3907 1270100 14 14 2 0 14 14 14
3908 1270751 27 27 2 0 27 10 10
3909 1271402 13 13 2 1 12 5 5
3910 1272053 38 38 2 0 38 13 13
3911 1272704 17 17 2 1 16 17 17
3912 1273356 37 37 2 0 37 10 10
3913 1274007 43 45 3 1 44 30 32
3914 1274659 34 36 3 1 35 18 18
3915 1275311 41 41 2 0 41 18 18
3916 1275963 21 21 2 0 21 7 7
3917 1276615 8 8 2 0 8 8 8
3918 1277268 29 29 2 1 28 9 9
3919 1277920 11 11 2 0 11 11 11
3920 1278573 70 72 3 1 71 15 15
3921 1279226 15 17 3 0 17 12 14
3922 1279879 34 34 2 0 34 14 14
3923 1280532 10 10 2 0 10 10 10
3924 1281186 52 52 2 1 51 8 8
3925 1281839 19 19 2 0 19 9 9
3926 1282493 34 34 2 2 32 16 16
3927 1283147 40 44 3 0 44 17 18
3928 1283801 24 24 2 1 23 7 7
3929 1284455 11 11 2 1 10 11 11
3930 1285110 35 37 3 0 37 6 7
3931 1285764 17 17 2 0 17 17 17
3932 1286419 17 17 2 0 17 6 6
3933 1287074 35 41 3 1 40 16 18
3934 1287729 26 26 2 0 26 7 7
3935 1288384 13 13 2 0 13 7 7
3936 1289040 38 47 4 0 47 14 15
3937 1289695 15 15 2 0 15 13 13
3938 1290351 33 33 2 0 33 13 13
3939 1291007 29 29 2 0 29 17 17
3940 1291663 39 39 2 0 39 9 9
3941 1292319 13 13 2 0 13 7 7
3942 1292976 39 41 3 0 41 9 10
3943 1293632 14 14 2 0 14 14 14
3944 1294289 44 48 3 1 47 14 14
3945 1294946 27 27 2 0 27 10 10
3946 1295603 20 20 2 1 19 12 12
3947 1296260 7 7 2 0 7 7 7
3948 1296918 62 64 3 0 64 10 10
3949 1297575 23 29 3 2 27 19 24
3950 1298233 32 32 2 0 32 8 8
3951 1298891 31 31 2 1 30 20 20
3952 1299549 62 68 3 0 68 16 17
3953 1300207 9 14 4 0 14 9 14
3954 1300866 29 29 2 0 29 4 4
3955 1301524 22 22 2 1 21 16 16
3956 1302183 38 44 3 0 44 13 15
3957 1302842 13 13 2 0 13 6 6
3958 1303501 21 21 2 0 21 11 11
3959 1304160 20 20 2 0 20 16 16
3960 1304820 77 81 3 0 81 12 11
3961 1305479 24 24 2 1 23 22 22
3962 1306139 34 36 3 0 36 16 17
3963 1306799 29 29 2 1 28 22 22
3964 1307459 32 32 2 0 32 13 13
3965 1308119 34 34 2 1 33 21 21
3966 1308780 36 38 3 0 38 11 11
3967 1309440 17 17 2 0 17 17 17
3968 1310101 29 29 2 0 29 7 7
3969 1310762 49 51 3 0 51 19 19
3970 1311423 44 48 3 0 48 16 18
3971 1312084 42 44 3 1 43 34 34
3972 1312746 31 31 2 1 30 9 9
3973 1313407 18 20 3 0 20 16 18
3974 1314069 18 18 2 0 18 5 5
3975 1314731 23 25 3 1 24 8 8
3976 1315393 29 29 2 0 29 10 10
3977 1316055 14 18 3 0 18 11 15
3978 1316718 58 67 4 1 66 13 13
3979 1317380 19 19 2 0 19 19 19
3980 1318043 47 47 2 0 47 14 14
3981 1318706 20 20 2 0 20 13 13
3982 1319369 36 36 2 1 35 18 18
3983 1320032 13 13 2 0 13 10 10
3984 1320696 41 43 3 0 43 10 10
3985 1321359 19 19 2 0 19 15 15
3986 1322023 22 22 2 1 21 9 9
3987 1322687 27 27 2 0 27 13 13
3988 1323351 24 29 4 1 28 11 11
3989 1324015 8 8 2 0 8 8 8
3990 1324680 91 95 3 1 94 19 19
3991 1325344 28 28 2 0 28 28 28
3992 1326009 38 38 2 0 38 14 14
3993 1326674 27 27 2 0 27 13 13
3994 1327339 13 13 2 1 12 9 9
3995 1328004 23 27 3 0 27 15 18
3996 1328670 45 45 2 0 45 6 6
3997 1329335 18 18 2 0 18 14 14
3998 1330001 27 29 3 0 29 13 15
3999 1330667 39 41 3 1 40 30 31
4000 1331333 29 31 3 0 31 8 8
4001 1331999 10 10 2 0 10 10 10
4002 1332666 43 47 3 1 46 14 15
4003 1333332 13 13 2 1 12 13 13
4004 1333999 69 77 3 2 75 18 18
4005 1334666 28 28 2 0 28 11 11
4006 1335333 18 20 3 0 20 7 7
4007 1336000 12 12 2 0 12 12 12
4008 1336668 41 41 2 0 41 8 8
4009 1337335 24 24 2 0 24 20 20
4010 1338003 23 23 2 0 23 7 7
4011 1338671 23 25 3 0 25 10 10
4012 1339339 25 29 3 0 29 11 13
4013 1340007 18 18 2 0 18 18 18
4014 1340676 33 35 3 0 35 7 7
4015 1341344 28 28 2 1 27 13 13
4016 1342013 18 18 2 0 18 6 6
4017 1342682 28 28 2 0 28 16 16
4018 1343351 38 42 3 1 41 17 17
4019 1344020 8 8 2 0 8 8 8
4020 1344690 63 65 3 0 65 8 8
4021 1345359 10 10 2 0 10 10 10
4022 1346029 22 22 2 0 22 16 16
4023 1346699 17 17 2 0 17 7 7
4024 1347369 22 24 3 0 24 5 5
4025 1348039 40 42 3 0 42 20 20
4026 1348710 43 45 3 0 45 10 10
4027 1349380 14 14 2 1 13 14 14
4028 1350051 45 45 2 1 44 20 20
4029 1350722 31 33 3 0 33 15 15
4030 1351393 59 61 3 2 59 17 17
4031 1352064 16 18 3 0 18 11 13
4032 1352736 39 41 3 1 40 6 6
4033 1353407 17 22 4 0 22 14 19
4034 1354079 19 19 2 0 19 11 11
4035 1354751 20 20 2 1 19 9 9
4036 1355423 31 31 2 0 31 12 12
4037 1356095 17 19 3 0 19 11 13
4038 1356768 26 26 2 0 26 9 9
4039 1357440 14 14 2 0 14 10 10
4040 1358113 29 29 2 0 29 5 5
4041 1358786 14 14 2 1 13 9 9
4042 1359459 31 33 3 0 33 11 11
4043 1360132 19 19 2 0 19 15 15
4044 1360806 29 29 2 0 29 12 12
4045 1361479 16 16 2 2 14 10 10
4046 1362153 22 22 2 0 22 6 6
4047 1362827 29 29 2 1 28 15 15
4048 1363501 46 54 3 1 53 14 14
4049 1364175 14 14 2 1 13 14 14
4050 1364850 56 58 3 0 58 9 9
4051 1365524 9 9 2 0 9 9 9
4052 1366199 24 24 2 0 24 8 8
4053 1366874 35 35 2 0 35 14 14
4054 1367549 20 20 2 0 20 9 9
4055 1368224 18 18 2 0 18 12 12
4056 1368900 81 88 4 0 88 13 13
4057 1369575 13 15 3 1 14 13 15
4058 1370251 17 17 2 0 17 10 10
4059 1370927 36 36 2 1 35 15 15
4060 1371603 52 54 3 0 54 14 14
4061 1372279 14 16 3 0 16 11 13
4062 1372956 26 28 3 0 28 6 6
4063 1373632 12 12 2 1 11 10 10
4064 1374309 35 35 2 1 34 10 10
4065 1374986 31 31 2 0 31 12 12
4066 1375663 22 27 4 0 27 8 10
4067 1376340 20 24 3 0 24 17 20
4068 1377018 33 33 2 0 33 10 10
4069 1377695 28 28 2 0 28 23 23
4070 1378373 44 46 3 0 46 10 10
4071 1379051 29 29 2 0 29 16 16
4072 1379729 34 34 2 1 33 12 12
4073 1380407 14 16 3 0 16 14 16
4074 1381086 64 64 2 0 64 15 15
4075 1381764 21 21 2 0 21 15 15
4076 1382443 27 27 2 0 27 13 13
4077 1383122 14 14 2 0 14 7 7
4078 1383801 14 14 2 0 14 6 6
4079 1384480 8 8 2 0 8 8 8
4080 1385160 61 70 4 0 70 12 13
4081 1385839 34 36 3 0 36 25 27
4082 1386519 45 47 3 0 47 17 17
4083 1387199 11 11 2 0 11 6 6
4084 1387879 32 32 2 1 31 14 14
4085 1388559 28 33 4 0 33 21 23
4086 1389240 31 31 2 0 31 8 8
4087 1389920 20 20 2 2 18 18 18
4088 1390601 53 53 2 0 53 16 16
4089 1391282 28 30 3 0 30 17 17
4090 1391963 38 38 2 0 38 10 10
4091 1392644 9 9 2 0 9 9 9
4092 1393326 77 79 3 0 79 15 15
4093 1394007 13 13 2 0 13 13 13
4094 1394689 22 24 3 1 23 13 13
4095 1395371 86 86 2 0 86 27 27
4096 1396053 21 21 2 1 20 7 7
4097 1396735 15 15 2 1 14 10 10
4098 1397418 35 35 2 0 35 11 11
4099 1398100 19 19 2 0 19 19 19
4100 1398783 34 38 3 0 38 10 11
4101 1399466 12 12 2 1 11 9 9
4102 1400149 23 23 2 0 23 8 8
4103 1400832 22 24 3 0 24 17 17
4104 1401516 62 64 3 1 63 7 7
4105 1402199 13 13 2 0 13 10 10
4106 1402883 22 22 2 0 22 11 11
4107 1403567 38 38 2 1 37 25 25
4108 1404251 46 48 3 0 48 21 23
4109 1404935 20 20 2 0 20 13 13
4110 1405620 35 35 2 0 35 6 6
4111 1406304 14 14 2 0 14 14 14
4112 1406989 22 22 2 0 22 7 7
4113 1407674 28 28 2 0 28 13 13
4114 1408359 38 43 4 0 43 11 11
4115 1409044 21 21 2 1 20 15 15
4116 1409730 71 76 4 0 76 14 14
4117 1410415 19 19 2 0 19 18 18
4118 1411101 28 28 2 1 27 14 14
4119 1411787 23 23 2 0 23 12 12
4120 1412473 39 41 3 0 41 9 9
4121 1413159 25 25 2 0 25 22 22
4122 1413846 42 42 2 1 41 13 13
4123 1414532 51 51 2 0 51 38 38
4124 1415219 26 26 2 0 26 12 12
4125 1415906 29 29 2 0 29 13 13
4126 1416593 16 16 2 0 16 10 10
4127 1417280 8 8 2 0 8 8 8
4128 1417968 47 49 3 0 49 15 16
4129 1418655 13 13 2 0 13 13 13
4130 1419343 37 41 3 0 41 14 16
4131 1420031 31 31 2 1 30 13 13
4132 1420719 32 32 2 0 32 13 13
4133 1421407 9 9 2 2 7 9 9
4134 1422096 56 56 2 2 54 16 16
4135 1422784 13 13 2 0 13 9 9
4136 1423473 41 47 3 0 47 15 16
4137 1424162 23 23 2 0 23 10 10
4138 1424851 25 27 3 0 27 13 14
4139 1425540 8 8 2 0 8 8 8
4140 1426230 65 67 3 1 66 3 3
4141 1426919 17 19 3 0 19 16 18
4142 1427609 39 41 3 0 41 20 21
4143 1428299 29 29 2 0 29 19 19
4144 1428989 65 69 3 0 69 13 14
4145 1429679 18 18 2 0 18 13 13
4146 1430370 43 45 3 1 44 25 25
4147 1431060 39 45 3 1 44 27 30
4148 1431751 52 52 2 0 52 22 22
4149 1432442 16 16 2 0 16 6 6
4150 1433133 30 36 3 0 36 7 8
4151 1433824 20 20 2 1 19 18 18
4152 1434516 32 32 2 1 31 9 9
4153 1435207 14 14 2 1 13 14 14
4154 1435899 27 27 2 0 27 15 15
4155 1436591 27 27 2 0 27 12 12
4156 1437283 26 28 3 0 28 12 12
4157 1437975 5 5 2 0 5 5 5
4158 1438668 64 64 2 1 63 11 11
4159 1439360 10 10 2 0 10 10 10
4160 1440053 47 49 3 2 47 9 9
4161 1440746 50 50 2 0 50 29 29
4162 1441439 17 17 2 2 15 9 9
4163 1442132 14 14 2 1 13 12 12
4164 1442826 41 41 2 1 40 12 12
4165 1443519 44 44 2 0 44 20 20
4166 1444213 27 27 2 0 27 10 10
4167 1444907 21 21 2 0 21 12 12
4168 1445601 19 19 2 0 19 6 6
4169 1446295 26 26 2 0 26 17 17
4170 1446990 59 61 3 0 61 9 9
4171 1447684 20 20 2 1 19 16 16
4172 1448379 21 21 2 1 20 4 4
4173 1449074 26 26 2 1 25 12 12
4174 1449769 17 17 2 1 16 8 8
4175 1450464 27 32 4 0 32 18 23
4176 1451160 50 52 3 1 51 12 12
4177 1451855 11 11 2 0 11 11 11
4178 1452551 17 17 2 0 17 10 10
4179 1453247 28 28 2 0 28 14 14
4180 1453943 70 77 4 0 77 13 13
4181 1454639 15 15 2 0 15 13 13
4182 1455336 49 57 3 0 57 9 9
4183 1456032 17 17 2 0 17 15 15
4184 1456729 35 37 3 0 37 12 12
4185 1457426 44 46 3 0 46 15 15
4186 1458123 55 60 4 1 59 14 14
4187 1458820 14 14 2 1 13 11 11
4188 1459518 42 46 3 0 46 6 6
4189 1460215 16 18 3 0 18 16 17
4190 1460913 27 29 3 0 29 11 11
4191 1461611 28 28 2 0 28 11 11
4192 1462309 32 34 3 1 33 9 9
4193 1463007 18 18 2 0 18 12 12
4194 1463706 27 27 2 1 26 9 9
4195 1464404 23 25 3 0 25 12 13
4196 1465103 24 26 3 0 26 9 10
4197 1465802 22 22 2 0 22 16 16
4198 1466501 17 17 2 0 17 11 11
4199 1467200 37 37 2 0 37 28 28
4200 1467900 58 62 3 0 62 7 7
4201 1468599 14 14 2 0 14 14 14
4202 1469299 30 41 5 0 41 13 13
4203 1469999 19 19 2 1 18 9 9
4204 1470699 32 32 2 0 32 14 14
4205 1471399 18 18 2 0 18 14 14
4206 1472100 21 21 2 0 21 11 11
4207 1472800 28 28 2 1 27 18 18
4208 1473501 33 33 2 0 33 6 6
4209 1474202 38 44 3 1 43 23 26
4210 1474903 22 22 2 0 22 8 8
4211 1475604 13 13 2 0 13 13 13
4212 1476306 67 67 2 1 66 14 14
4213 1477007 18 22 3 0 22 12 13
4214 1477709 65 67 3 2 65 28 29
4215 1478411 20 20 2 0 20 9 9
4216 1479113 54 60 3 0 60 15 16
4217 1479815 11 11 2 0 11 11 11
4218 1480518 76 80 3 0 80 24 26
4219 1481220 13 13 2 0 13 13 13
4220 1481923 39 39 2 0 39 9 9
4221 1482626 41 41 2 0 41 14 14
4222 1483329 16 16 2 0 16 9 9
4223 1484032 14 14 2 0 14 13 13
4224 1484736 52 58 3 0 58 7 7
4225 1485439 46 46 2 2 44 29 29
4226 1486143 19 19 2 0 19 12 12
4227 1486847 15 15 2 0 15 8 8
4228 1487551 37 37 2 0 37 9 9
4229 1488255 12 16 3 0 16 12 16
4230 1488960 43 49 3 1 48 10 12
4231 1489664 4 4 2 0 4 4 4
4232 1490369 41 41 2 0 41 12 12
4233 1491074 31 33 3 0 33 17 18
4234 1491779 36 36 2 3 33 18 18
4235 1492484 30 32 3 0 32 15 16
4236 1493190 27 27 2 0 27 8 8
4237 1493895 24 24 2 1 23 24 24
4238 1494601 43 43 2 0 43 18 18
4239 1495307 25 27 3 0 27 8 9
4240 1496013 36 40 3 1 39 6 8
4241 1496719 12 12 2 0 12 12 12
4242 1497426 29 31 3 0 31 7 7
4243 1498132 20 20 2 0 20 20 20
4244 1498839 22 22 2 0 22 5 5
4245 1499546 26 26 2 0 26 9 9
4246 1500253 40 40 2 0 40 17 17
4247 1500960 22 24 3 0 24 20 21
4248 1501668 42 46 3 1 45 9 10
4249 1502375 16 16 2 0 16 10 10
4250 1503083 33 35 3 0 35 12 12
4251 1503791 29 31 3 0 31 14 15
4252 1504499 30 30 2 1 29 16 16
4253 1505207 10 10 2 0 10 10 10
4254 1505916 36 36 2 1 35 9 9
4255 1506624 30 30 2 0 30 21 21
4256 1507333 49 49 2 0 49 10 10
4257 1508042 39 43 3 2 41 16 17
4258 1508751 26 26 2 0 26 12 12
4259 1509460 9 9 2 0 9 9 9
4260 1510170 44 49 4 0 49 9 11
4261 1510879 17 19 3 0 19 17 19
4262 1511589 12 12 2 0 12 5 5
4263 1512299 56 62 3 1 61 30 33
4264 1513009 36 36 2 0 36 13 13
4265 1513719 17 17 2 0 17 15 15
4266 1514430 45 45 2 1 44 14 14
4267 1515140 14 14 2 0 14 14 14
4268 1515851 43 45 3 0 45 14 14
4269 1516562 16 16 2 0 16 10 10
4270 1517273 59 61 3 0 61 16 16
4271 1517984 13 13 2 0 13 13 13
4272 1518696 29 31 3 0 31 4 4
4273 1519407 15 15 2 0 15 15 15
4274 1520119 23 23 2 0 23 9 9
4275 1520831 46 52 3 0 52 13 14
4276 1521543 32 34 3 0 34 9 10
4277 1522255 28 28 2 1 27 20 20
4278 1522968 53 57 3 1 56 14 14
4279 1523680 22 22 2 0 22 17 17
4280 1524393 28 30 3 0 30 9 9
4281 1525106 12 12 2 2 10 6 6
4282 1525819 19 19 2 0 19 12 12
4283 1526532 11 11 2 0 11 11 11
4284 1527246 72 74 3 0 74 9 9
4285 1527959 10 10 2 0 10 6 6
4286 1528673 17 17 2 0 17 8 8
4287 1529387 37 37 2 0 37 21 21
4288 1530101 29 29 2 0 29 9 9
4289 1530815 6 6 2 0 6 6 6
4290 1531530 85 93 3 0 93 14 14
4291 1532244 19 19 2 0 19 16 16
4292 1532959 42 44 3 0 44 14 14
4293 1533674 25 25 2 0 25 9 9
4294 1534389 30 30 2 0 30 14 14
4295 1535104 16 16 2 0 16 11 11
4296 1535820 36 38 3 0 38 8 9
4297 1536535 22 22 2 0 22 22 22
4298 1537251 26 26 2 0 26 9 9
4299 1537967 27 27 2 1 26 20 20
4300 1538683 49 51 3 2 49 13 14
4301 1539399 33 37 3 2 35 24 24
4302 1540116 17 17 2 0 17 1 1
4303 1540832 26 26 2 0 26 24 24
4304 1541549 25 27 3 2 25 9 11
4305 1542266 34 34 2 1 33 15 15
4306 1542983 21 21 2 0 21 15 15
4307 1543700 19 19 2 0 19 17 17
4308 1544418 30 30 2 0 30 5 5
4309 1545135 24 26 3 0 26 18 20
4310 1545853 25 25 2 0 25 8 8
4311 1546571 22 22 2 0 22 5 5
4312 1547289 58 75 4 0 75 14 15
4313 1548007 19 19 2 0 19 18 18
4314 1548726 33 33 2 1 32 11 11
4315 1549444 22 22 2 0 22 14 14
4316 1550163 32 38 3 0 38 11 14
4317 1550882 17 17 2 0 17 11 11
4318 1551601 31 33 3 1 32 10 11
4319 1552320 19 19 2 0 19 10 10
4320 1553040 49 49 2 0 49 5 5
4321 1553759 26 26 2 0 26 25 25
4322 1554479 23 23 2 1 22 9 9
4323 1555199 30 30 2 0 30 14 14
4324 1555919 40 48 3 0 48 11 11
4325 1556639 12 12 2 0 12 7 7
4326 1557360 63 65 3 0 65 15 16
4327 1558080 17 17 2 0 17 17 17
4328 1558801 33 33 2 0 33 8 8
4329 1559522 55 59 3 0 59 26 27
4330 1560243 43 43 2 1 42 15 15
4331 1560964 17 19 3 0 19 14 16
4332 1561686 75 77 3 2 75 25 25
4333 1562407 18 18 2 0 18 15 15
4334 1563129 33 33 2 0 33 14 14
4335 1563851 30 32 3 0 32 8 8
4336 1564573 39 41 3 0 41 9 9
4337 1565295 10 10 2 0 10 10 10
4338 1566018 39 39 2 0 39 8 8
4339 1566740 12 12 2 0 12 12 12
4340 1567463 88 90 3 0 90 16 16
4341 1568186 19 19 2 0 19 13 13
4342 1568909 21 21 2 0 21 4 4
4343 1569632 22 24 3 0 24 20 22
4344 1570356 49 49 2 0 49 9 9
4345 1571079 34 36 3 0 36 21 23
4346 1571803 30 34 3 0 34 16 16
4347 1572527 40 49 5 0 49 16 16
4348 1573251 28 28 2 0 28 11 11
4349 1573975 15 15 2 0 15 15 15
4350 1574700 52 56 3 0 56 13 13
4351 1575424 17 17 2 1 16 14 14
4352 1576149 31 35 3 0 35 7 7
4353 1576874 16 16 2 1 15 13 13
4354 1577599 25 25 2 0 25 9 9
4355 1578324 37 39 3 0 39 26 27
4356 1579050 43 43 2 0 43 3 3
4357 1579775 12 12 2 0 12 12 12
4358 1580501 24 24 2 0 24 12 12
4359 1581227 21 21 2 0 21 8 8
4360 1581953 44 44 2 1 43 8 8
4361 1582679 23 23 2 0 23 20 20
4362 1583406 29 29 2 0 29 8 8
4363 1584132 8 8 2 0 8 8 8
4364 1584859 28 28 2 0 28 10 10
4365 1585586 48 53 4 0 53 20 24
4366 1586313 23 25 3 0 25 7 8
4367 1587040 27 27 2 1 26 21 21
4368 1587768 83 87 3 0 87 11 11
4369 1588495 17 19 3 0 19 10 12
4370 1589223 50 52 3 3 49 20 20
4371 1589951 38 38 2 0 38 20 20
4372 1590679 25 25 2 0 25 13 13
4373 1591407 10 10 2 0 10 10 10
4374 1592136 24 24 2 0 24 8 8
4375 1592864 16 16 2 0 16 6 6
4376 1593593 34 36 3 1 35 9 10
4377 1594322 23 25 3 0 25 15 16
4378 1595051 36 36 2 0 36 13 13
4379 1595780 12 12 2 0 12 11 11
4380 1596510 73 73 2 0 73 10 10
4381 1597239 21 25 3 0 25 20 24
4382 1597969 32 32 2 0 32 15 15
4383 1598699 22 22 2 0 22 8 8
4384 1599429 21 21 2 0 21 4 4
4385 1600159 27 27 2 1 26 18 18
4386 1600890 42 46 3 1 45 10 11
4387 1601620 26 26 2 1 25 23 23
4388 1602351 27 27 2 1 26 12 12
4389 1603082 65 73 3 1 72 29 29
4390 1603813 27 27 2 0 27 6 6
4391 1604544 11 11 2 0 11 11 11
4392 1605276 51 53 3 0 53 6 6
4393 1606007 24 24 2 0 24 20 20
4394 1606739 43 43 2 0 43 22 22
4395 1607471 22 22 2 1 21 9 9
4396 1608203 41 45 3 0 45 14 16
4397 1608935 17 17 2 0 17 17 17
4398 1609668 39 39 2 0 39 14 14
4399 1610400 11 11 2 1 10 8 8
4400 1611133 47 56 4 0 56 8 9
4401 1611866 23 23 2 0 23 12 12
4402 1612599 30 32 3 2 30 13 13
4403 1613332 34 34 2 0 34 23 23
4404 1614066 59 63 3 0 63 12 13
4405 1614799 22 24 3 1 23 15 17
4406 1615533 20 20 2 0 20 12 12
4407 1616267 20 20 2 0 20 10 10
4408 1617001 43 47 3 1 46 17 17
4409 1617735 9 9 2 1 8 9 9
4410 1618470 88 92 3 0 92 17 17
4411 1619204 16 16 2 0 16 12 12
4412 1619939 24 24 2 0 24 12 12
4413 1620674 24 26 3 0 26 12 13
4414 1621409 11 11 2 0 11 3 3
4415 1622144 14 14 2 0 14 9 9
4416 1622880 40 46 3 0 46 9 9
4417 1623615 22 22 2 0 22 19 19
4418 1624351 20 20 2 0 20 9 9
4419 1625087 12 12 2 0 12 6 6
4420 1625823 68 76 3 0 76 12 12
4421 1626559 12 12 2 0 12 12 12
4422 1627296 48 48 2 0 48 11 11
4423 1628032 14 14 2 1 13 14 14
4424 1628769 52 54 3 1 53 17 17
4425 1629506 30 30 2 0 30 15 15
4426 1630243 28 28 2 1 27 16 16
4427 1630980 15 15 2 0 15 13 13
4428 1631718 32 32 2 0 32 10 10
4429 1632455 22 24 3 0 24 20 22
4430 1633193 32 32 2 1 31 11 11
4431 1633931 30 30 2 0 30 16 16
4432 1634669 24 24 2 1 23 7 7
4433 1635407 50 58 3 1 57 34 38
4434 1636146 26 26 2 0 26 7 7
4435 1636884 22 22 2 0 22 14 14
4436 1637623 26 26 2 1 25 17 17
4437 1638362 43 49 3 0 49 16 20
4438 1639101 22 22 2 0 22 10 10
4439 1639840 24 26 3 0 26 21 23
4440 1640580 61 65 3 0 65 10 12
4441 1641319 16 16 2 0 16 16 16
4442 1642059 21 21 2 0 21 6 6
4443 1642799 23 23 2 0 23 14 14
4444 1643539 37 39 3 0 39 15 16
4445 1644279 30 32 3 0 32 11 11
4446 1645020 96 102 3 0 102 25 24
4447 1645760 13 13 2 1 12 13 13
4448 1646501 34 36 3 0 36 8 10
4449 1647242 24 24 2 1 23 13 13
4450 1647983 26 26 2 1 25 9 9
4451 1648724 8 8 2 0 8 8 8
4452 1649466 59 63 3 0 63 9 10
4453 1650207 15 15 2 0 15 11 11
4454 1650949 24 28 3 0 28 10 12
4455 1651691 36 38 3 0 38 12 12
4456 1652433 21 21 2 1 20 4 4
4457 1653175 13 13 2 1 12 13 13
4458 1653918 30 30 2 0 30 7 7
4459 1654660 57 61 3 2 59 38 42
4460 1655403 41 43 3 0 43 10 10
4461 1656146 14 16 3 0 16 6 6
4462 1656889 33 33 2 0 33 19 19
4463 1657632 12 12 2 0 12 12 12
4464 1658376 57 63 3 0 63 7 8
4465 1659119 38 40 3 0 40 26 28
4466 1659863 41 41 2 1 40 18 18
4467 1660607 28 28 2 1 27 19 19
4468 1661351 28 28 2 0 28 7 7
4469 1662095 15 15 2 0 15 13 13
4470 1662840 31 35 3 1 34 10 11
4471 1663584 23 23 2 0 23 16 16
4472 1664329 62 64 3 1 63 19 19
4473 1665074 30 30 2 0 30 9 9
4474 1665819 14 14 2 0 14 7 7
4475 1666564 14 14 2 0 14 10 10
4476 1667310 47 49 3 0 49 13 13
4477 1668055 18 18 2 1 17 14 14
4478 1668801 22 22 2 0 22 13 13
4479 1669547 18 18 2 0 18 8 8
4480 1670293 42 42 2 0 42 7 7
4481 1671039 11 11 2 0 11 11 11
4482 1671786 30 30 2 1 29 12 12
4483 1672532 13 13 2 0 13 13 13
4484 1673279 32 34 3 1 33 14 14
4485 1674026 58 64 3 0 64 21 22
4486 1674773 18 18 2 0 18 10 10
4487 1675520 14 14 2 0 14 9 9
4488 1676268 85 108 5 0 108 21 22
4489 1677015 24 24 2 0 24 24 24
4490 1677763 20 20 2 0 20 9 9
4491 1678511 30 30 2 0 30 19 19
4492 1679259 27 27 2 0 27 10 10
4493 1680007 10 10 2 0 10 10 10
4494 1680756 36 38 3 0 38 11 11
4495 1681504 28 28 2 0 28 20 20
4496 1682253 24 24 2 0 24 8 8
4497 1683002 18 18 2 0 18 12 12
4498 1683751 26 28 3 0 28 11 13
4499 1684500 27 27 2 0 27 18 18
4500 1685250 42 44 3 0 44 4 4
4501 1685999 22 22 2 0 22 13 13
4502 1686749 19 21 3 0 21 10 11
4503 1687499 37 37 2 0 37 17 17
4504 1688249 33 33 2 0 33 14 14
4505 1688999 36 38 3 0 38 24 24
4506 1689750 39 39 2 0 39 8 8
4507 1690500 13 13 2 0 13 13 13
4508 1691251 66 74 3 1 73 20 21
4509 1692002 16 18 3 1 17 9 11
4510 1692753 46 46 2 0 46 13 13
4511 1693504 12 12 2 0 12 9 9
4512 1694256 54 60 3 0 60 9 10
4513 1695007 9 9 2 0 9 9 9
4514 1695759 38 40 3 1 39 19 20
4515 1696511 57 59 3 0 59 19 20
4516 1697263 32 34 3 0 34 12 12
4517 1698015 15 15 2 0 15 15 15
4518 1698768 31 31 2 1 30 8 8
4519 1699520 14 14 2 0 14 14 14
4520 1700273 37 37 2 0 37 10 10
4521 1701026 29 29 2 0 29 19 19
4522 1701779 57 61 3 1 60 8 8
4523 1702532 14 14 2 1 13 14 14
4524 1703286 71 78 4 0 78 23 23
4525 1704039 19 19 2 0 19 11 11
4526 1704793 41 43 3 0 43 21 22
4527 1705547 16 16 2 0 16 6 6
4528 1706301 28 28 2 0 28 6 6
4529 1707055 18 18 2 0 18 12 12
4530 1707810 42 42 2 1 41 12 12
4531 1708564 21 21 2 0 21 19 19
4532 1709319 37 37 2 0 37 14 14
4533 1710074 17 17 2 0 17 12 12
4534 1710829 22 22 2 0 22 4 4
4535 1711584 20 20 2 0 20 14 14
4536 1712340 62 68 3 0 68 14 14
4537 1713095 32 34 3 0 34 26 28
4538 1713851 26 26 2 0 26 10 10
4539 1714607 34 39 4 0 39 20 22
4540 1715363 26 26 2 0 26 11 11
4541 1716119 14 14 2 0 14 12 12
4542 1716876 25 27 3 0 27 4 4
4543 1717632 21 28 4 0 28 15 18
4544 1718389 26 26 2 0 26 6 6
4545 1719146 36 38 3 1 37 15 16
4546 1719903 28 28 2 0 28 15 15
4547 1720660 14 14 2 1 13 14 14
4548 1721418 53 53 2 0 53 12 12
4549 1722175 12 12 2 0 12 12 12
4550 1722933 71 71 2 1 70 20 20
4551 1723691 21 21 2 1 20 10 10
4552 1724449 25 27 3 0 27 8 9
4553 1725207 21 21 2 0 21 16 16
4554 1725966 60 66 3 0 66 13 13
4555 1726724 18 18 2 0 18 10 10
4556 1727483 50 52 3 0 52 19 20
4557 1728242 69 73 3 0 73 33 33
4558 1729001 31 31 2 0 31 15 15
4559 1729760 19 21 3 0 21 16 18
4560 1730520 78 90 3 0 90 11 12
4561 1731279 16 16 2 0 16 16 16
4562 1732039 34 34 2 0 34 16 16
4563 1732799 53 57 3 0 57 20 20
4564 1733559 37 37 2 2 35 12 12
4565 1734319 35 35 2 0 35 15 15
4566 1735080 35 35 2 0 35 12 12
4567 1735840 12 12 2 1 11 12 12
4568 1736601 26 28 3 0 28 7 7
4569 1737362 23 23 2 1 22 13 13
4570 1738123 30 30 2 0 30 12 12
4571 1738884 18 18 2 0 18 12 12
4572 1739646 53 53 2 1 52 10 10
4573 1740407 22 24 3 0 24 17 19
4574 1741169 20 20 2 0 20 9 9
4575 1741931 30 30 2 0 30 9 9
4576 1742693 66 76 3 0 76 13 15
4577 1743455 14 14 2 0 14 14 14
4578 1744218 53 53 2 0 53 11 11
4579 1744980 18 18 2 0 18 13 13
4580 1745743 40 40 2 0 40 11 11
4581 1746506 16 16 2 0 16 9 9
4582 1747269 30 30 2 0 30 9 9
4583 1748032 14 14 2 1 13 14 14
4584 1748796 32 36 3 0 36 6 7
4585 1749559 24 26 3 0 26 15 15
4586 1750323 18 18 2 0 18 10 10
4587 1751087 33 35 3 0 35 18 18
4588 1751851 48 50 3 0 50 20 20
4589 1752615 21 21 2 0 21 18 18
4590 1753380 62 64 3 0 64 9 9
4591 1754144 17 17 2 0 17 17 17
4592 1754909 42 49 4 0 49 13 15
4593 1755674 23 23 2 0 23 12 12
4594 1756439 22 22 2 1 21 9 9
4595 1757204 22 22 2 0 22 16 16
4596 1757970 38 42 3 1 41 11 11
4597 1758735 13 13 2 0 13 13 13
4598 1759501 31 38 4 0 38 13 13
4599 1760267 40 40 2 0 40 17 17
4600 1761033 57 73 6 1 72 12 13
4601 1761799 21 21 2 0 21 17 17
4602 1762566 45 51 3 0 51 13 13
4603 1763332 16 16 2 1 15 16 16
4604 1764099 22 22 2 0 22 8 8
4605 1764866 36 38 3 0 38 15 15
4606 1765633 43 43 2 0 43 15 15
4607 1766400 22 22 2 1 21 16 16
4608 1767168 32 32 2 1 31 10 10
4609 1767935 22 22 2 0 22 18 18
4610 1768703 28 28 2 0 28 7 7
4611 1769471 33 33 2 0 33 17 17
4612 1770239 24 24 2 0 24 10 10
4613 1771007 10 10 2 0 10 5 5
4614 1771776 32 32 2 0 32 12 12
4615 1772544 33 33 2 0 33 17 17
4616 1773313 25 25 2 0 25 4 4
4617 1774082 28 33 4 0 33 14 16
4618 1774851 26 26 2 0 26 12 12
4619 1775620 13 13 2 1 12 11 11
4620 1776390 87 91 3 0 91 15 16
4621 1777159 22 22 2 1 21 22 22
4622 1777929 25 25 2 1 24 7 7
4623 1778699 34 34 2 0 34 16 16
4624 1779469 30 34 3 0 34 4 4
4625 1780239 21 21 2 1 20 13 13
4626 1781010 27 27 2 0 27 5 5
4627 1781780 32 34 3 0 34 23 23
4628 1782551 34 34 2 1 33 11 11
4629 1783322 31 31 2 0 31 14 14
4630 1784093 38 38 2 0 38 13 13
4631 1784864 31 31 2 0 31 25 25
4632 1785636 55 55 2 0 55 10 10
4633 1786407 10 10 2 0 10 9 9
4634 1787179 39 39 2 0 39 18 18
4635 1787951 36 38 3 0 38 17 19
4636 1788723 60 65 4 0 65 23 25
4637 1789495 11 11 2 0 11 11 11
4638 1790268 31 31 2 0 31 10 10
4639 1791040 11 11 2 0 11 11 11
4640 1791813 37 39 3 0 39 9 9
4641 1792586 52 54 3 1 53 18 18
4642 1793359 34 34 2 0 34 13 13
4643 1794132 14 14 2 1 13 14 14
4644 1794906 50 50 2 0 50 10 10
4645 1795679 19 19 2 0 19 13 13
4646 1796453 35 35 2 0 35 16 16
4647 1797227 29 29 2 0 29 18 18
4648 1798001 43 43 2 0 43 7 7
4649 1798775 13 13 2 0 13 13 13
4650 1799550 56 61 4 0 61 10 10
4651 1800324 20 20 2 0 20 20 20
4652 1801099 25 25 2 0 25 7 7
4653 1801874 30 32 3 0 32 11 13
4654 1802649 33 33 2 1 32 19 19
4655 1803424 66 73 4 0 73 38 38
4656 1804200 58 58 2 0 58 16 16
4657 1804975 13 15 3 0 15 13 15
4658 1805751 25 25 2 0 25 7 7
4659 1806527 11 11 2 0 11 6 6
4660 1807303 35 35 2 0 35 13 13
4661 1808079 19 19 2 1 18 18 18
4662 1808856 79 86 4 1 85 17 19
4663 1809632 12 12 2 0 12 12 12
4664 1810409 43 43 2 0 43 20 20
4665 1811186 30 32 3 0 32 11 12
4666 1811963 16 16 2 0 16 9 9
4667 1812740 26 32 3 1 31 22 27
4668 1813518 33 33 2 1 32 7 7
4669 1814295 33 40 4 1 39 28 35
4670 1815073 19 19 2 0 19 6 6
4671 1815851 11 11 2 0 11 7 7
4672 1816629 21 28 4 0 28 8 11
4673 1817407 10 10 2 0 10 10 10
4674 1818186 39 41 3 0 41 13 13
4675 1818964 39 41 3 1 40 16 16
4676 1819743 35 35 2 0 35 11 11
4677 1820522 27 27 2 1 26 18 18
4678 1821301 14 14 2 0 14 7 7
4679 1822080 11 11 2 0 11 11 11
4680 1822860 100 104 3 0 104 15 14
4681 1823639 26 26 2 2 24 24 24
4682 1824419 25 25 2 0 25 9 9
4683 1825199 34 34 2 0 34 14 14
4684 1825979 41 41 2 0 41 15 15
4685 1826759 18 18 2 1 17 10 10
4686 1827540 56 62 3 0 62 10 10
4687 1828320 20 20 2 0 20 17 17
4688 1829101 24 24 2 0 24 7 7
4689 1829882 20 20 2 0 20 12 12
4690 1830663 49 55 3 0 55 13 14
4691 1831444 11 13 3 0 13 11 13
4692 1832226 55 61 3 0 61 12 12
4693 1833007 55 55 2 0 55 47 47
4694 1833789 22 22 2 1 21 14 14
4695 1834571 35 35 2 0 35 15 15
4696 1835353 22 22 2 0 22 9 9
4697 1836135 48 50 3 1 49 36 36
4698 1836918 47 54 4 0 54 13 12
4699 1837700 24 26 3 0 26 22 24
4700 1838483 39 44 4 0 44 8 12
4701 1839266 16 16 2 0 16 9 9
4702 1840049 22 22 2 2 20 17 17
4703 1840832 9 9 2 0 9 9 9
4704 1841616 70 78 3 1 77 13 13
4705 1842399 13 13 2 0 13 10 10
4706 1843183 46 51 4 0 51 20 22
4707 1843967 30 30 2 1 29 19 19
4708 1844751 38 38 2 0 38 12 12
4709 1845535 21 21 2 0 21 19 19
4710 1846320 57 57 2 1 56 10 10
4711 1847104 15 15 2 0 15 10 10
4712 1847889 76 80 3 0 80 31 33
4713 1848674 22 22 2 0 22 18 18
4714 1849459 19 19 2 0 19 9 9
4715 1850244 26 26 2 0 26 13 13
4716 1851030 53 57 3 0 57 11 13
4717 1851815 24 24 2 1 23 20 20
4718 1852601 28 28 2 0 28 14 14
4719 1853387 41 43 3 0 43 15 15
4720 1854173 30 34 3 0 34 10 11
4721 1854959 9 9 2 0 9 9 9
4722 1855746 30 30 2 0 30 14 14
4723 1856532 20 20 2 0 20 20 20
4724 1857319 18 18 2 0 18 5 5
4725 1858106 51 55 3 0 55 9 9
4726 1858893 45 45 2 0 45 15 15
4727 1859680 19 21 3 0 21 18 20
4728 1860468 45 45 2 0 45 5 5
4729 1861255 14 14 2 0 14 14 14
4730 1862043 57 63 3 0 63 14 15
4731 1862831 23 23 2 1 22 10 10
4732 1863619 80 84 3 1 83 27 27
4733 1864407 13 13 2 0 13 13 13
4734 1865196 32 32 2 0 32 6 6
4735 1865984 17 17 2 0 17 10 10
4736 1866773 38 40 3 1 39 12 12
4737 1867562 14 14 2 0 14 10 10
4738 1868351 31 31 2 1 30 12 12
4739 1869140 18 18 2 0 18 11 11
4740 1869930 74 74 2 0 74 13 13
4741 1870719 25 25 2 0 25 21 21
4742 1871509 22 22 2 0 22 6 6
4743 1872299 48 48 2 0 48 23 23
4744 1873089 32 32 2 0 32 13 13
4745 1873879 40 42 3 0 42 21 22
4746 1874670 34 34 2 0 34 11 11
4747 1875460 17 17 2 0 17 16 16
4748 1876251 20 20 2 1 19 6 6
4749 1877042 17 17 2 0 17 11 11
4750 1877833 31 35 3 0 35 6 6
4751 1878624 6 6 2 0 6 6 6
4752 1879416 59 66 4 0 66 11 11
4753 1880207 45 45 2 1 44 33 33
4754 1880999 25 25 2 1 24 16 16
4755 1881791 22 22 2 0 22 11 11
4756 1882583 39 45 3 0 45 9 9
4757 1883375 15 17 3 0 17 14 16
4758 1884168 60 62 3 0 62 14 14
4759 1884960 7 7 2 0 7 7 7
4760 1885753 66 70 3 0 70 15 15
4761 1886546 26 26 2 0 26 10 10
4762 1887339 16 16 2 0 16 7 7
4763 1888132 22 22 2 0 22 13 13
4764 1888926 51 51 2 0 51 12 12
4765 1889719 17 17 2 1 16 14 14
4766 1890513 19 19 2 1 18 8 8
4767 1891307 26 26 2 1 25 12 12
4768 1892101 31 33 3 0 33 8 8
4769 1892895 14 14 2 0 14 14 14
4770 1893690 48 48 2 0 48 12 12
4771 1894484 17 17 2 0 17 11 11
4772 1895279 34 36 3 1 35 12 12
4773 1896074 46 48 3 0 48 24 25
4774 1896869 76 78 3 0 78 27 27
4775 1897664 19 23 3 0 23 13 14
4776 1898460 51 51 2 2 49 16 16
4777 1899255 12 12 2 0 12 9 9
4778 1900051 35 35 2 0 35 20 20
4779 1900847 29 31 3 0 31 19 19
4780 1901643 40 40 2 1 39 14 14
4781 1902439 11 11 2 0 11 4 4
4782 1903236 24 24 2 0 24 9 9
4783 1904032 17 17 2 0 17 17 17
4784 1904829 51 53 3 1 52 15 15
4785 1905626 38 42 3 0 42 15 15
4786 1906423 14 14 2 0 14 8 8
4787 1907220 13 13 2 0 13 13 13
4788 1908018 117 119 3 0 119 15 15
4789 1908815 11 11 2 0 11 11 11
4790 1909613 34 34 2 0 34 12 12
4791 1910411 24 24 2 1 23 11 11
4792 1911209 30 30 2 2 28 12 12
4793 1912007 7 7 2 0 7 7 7
4794 1912806 50 52 3 0 52 13 13
4795 1913604 24 24 2 1 23 13 13
4796 1914403 44 46 3 1 45 15 16
4797 1915202 44 49 4 0 49 15 19
4798 1916001 26 26 2 0 26 17 17
4799 1916800 5 5 2 1 4 5 5
4800 1917600 57 59 3 0 59 4 4
4801 1918399 12 12 2 0 12 12 12
4802 1919199 60 60 2 0 60 19 19
4803 1919999 12 12 2 0 12 5 5
4804 1920799 33 33 2 0 33 15 15
4805 1921599 29 31 3 0 31 20 20
4806 1922400 29 29 2 0 29 5 5
4807 1923200 43 51 3 3 48 33 37
4808 1924001 37 37 2 0 37 10 10
4809 1924802 44 44 2 2 42 23 23
4810 1925603 77 81 3 2 79 20 20
4811 1926404 27 29 3 0 29 25 27
4812 1927206 32 34 3 0 34 5 5
4813 1928007 9 9 2 0 9 9 9
4814 1928809 37 44 4 1 43 14 14
4815 1929611 20 20 2 1 19 8 8
4816 1930413 68 70 3 0 70 16 16
4817 1931215 12 12 2 1 11 12 12
4818 1932018 59 59 2 0 59 17 17
4819 1932820 16 16 2 0 16 13 13
4820 1933623 43 43 2 0 43 10 10
4821 1934426 20 20 2 1 19 14 14
4822 1935229 15 15 2 0 15 6 6
4823 1936032 26 28 3 0 28 15 16
4824 1936836 66 66 2 1 65 11 11
4825 1937639 17 17 2 1 16 7 7
4826 1938443 36 36 2 1 35 19 19
4827 1939247 18 18 2 0 18 12 12
4828 1940051 29 33 3 0 33 12 14
4829 1940855 31 31 2 1 30 26 26
4830 1941660 72 76 3 0 76 10 10
4831 1942464 10 10 2 0 10 10 10
4832 1943269 38 38 2 0 38 10 10
4833 1944074 28 28 2 0 28 10 10
4834 1944879 18 20 3 0 20 8 8
4835 1945684 25 25 2 1 24 16 16
4836 1946490 90 92 3 0 92 22 22
4837 1947295 26 26 2 0 26 20 20
4838 1948101 30 32 3 1 31 16 16
4839 1948907 16 16 2 0 16 10 10
4840 1949713 52 54 3 0 54 12 13
4841 1950519 11 11 2 0 11 10 10
4842 1951326 33 33 2 0 33 6 6
4843 1952132 16 16 2 0 16 15 15
4844 1952939 31 31 2 0 31 12 12
4845 1953746 61 69 3 2 67 22 25
4846 1954553 15 15 2 0 15 10 10
4847 1955360 16 16 2 0 16 13 13
4848 1956168 43 48 4 0 48 11 12
4849 1956975 30 32 3 0 32 25 25
4850 1957783 26 32 3 0 32 8 11
4851 1958591 63 63 2 0 63 19 19
4852 1959399 31 31 2 1 30 13 13
4853 1960207 29 29 2 1 28 25 25
4854 1961016 25 25 2 0 25 5 5
4855 1961824 20 20 2 1 19 13 13
4856 1962633 33 33 2 0 33 11 11
4857 1963442 27 27 2 0 27 13 13
4858 1964251 30 30 2 0 30 11 11
4859 1965060 21 21 2 1 20 19 19
4860 1965870 63 69 3 0 69 7 8
4861 1966679 12 12 2 2 10 12 12
4862 1967489 61 67 3 0 67 18 18
4863 1968299 15 15 2 0 15 9 9
4864 1969109 27 27 2 0 27 7 7
4865 1969919 36 36 2 0 36 19 19
4866 1970730 39 39 2 0 39 8 8
4867 1971540 27 27 2 0 27 21 21
4868 1972351 26 26 2 0 26 14 14
4869 1973162 28 28 2 0 28 13 13
4870 1973973 34 36 3 0 36 12 12
4871 1974784 13 13 2 0 13 13 13
4872 1975596 70 70 2 0 70 17 17
4873 1976407 22 22 2 0 22 15 15
4874 1977219 16 16 2 0 16 6 6
4875 1978031 34 34 2 0 34 14 14
4876 1978843 50 54 3 1 53 19 20
4877 1979655 17 17 2 0 17 17 17
4878 1980468 46 46 2 0 46 9 9
4879 1981280 35 35 2 0 35 24 24
4880 1982093 38 38 2 0 38 4 4
4881 1982906 23 23 2 0 23 14 14
4882 1983719 13 13 2 1 12 9 9
4883 1984532 24 26 3 0 26 17 19
4884 1985346 74 88 5 1 87 18 20
4885 1986159 21 21 2 0 21 13 13
4886 1986973 40 40 2 1 39 15 15
4887 1987787 21 21 2 0 21 5 5
4888 1988601 50 60 3 0 60 19 23
4889 1989415 12 12 2 2 10 12 12
4890 1990230 50 50 2 0 50 9 9
4891 1991044 18 18 2 0 18 16 16
4892 1991859 20 20 2 0 20 8 8
4893 1992674 20 20 2 0 20 7 7
4894 1993489 21 21 2 0 21 8 8
4895 1994304 25 25 2 0 25 17 17
4896 1995120 48 61 4 0 61 8 8
4897 1995935 16 16 2 0 16 15 15
4898 1996751 42 46 3 0 46 22 24
4899 1997567 46 50 3 0 50 27 27
4900 1998383 71 80 4 0 80 16 17
4901 1999199 40 44 3 0 44 30 34
4902 2000016 54 58 3 1 57 22 22
4903 2000832 14 14 2 0 14 14 14
4904 2001649 32 32 2 0 32 10 10
4905 2002466 47 49 3 0 49 14 15
4906 2003283 26 26 2 1 25 16 16
4907 2004100 14 14 2 0 14 12 12
4908 2004918 49 49 2 0 49 13 13
4909 2005735 15 15 2 1 14 15 15
4910 2006553 21 21 2 0 21 7 7
4911 2007371 10 10 2 0 10 7 7
4912 2008189 39 39 2 0 39 11 11
4913 2009007 15 15 2 0 15 11 11
4914 2009826 104 109 4 1 108 21 20
4915 2010644 19 19 2 0 19 16 16
4916 2011463 21 21 2 0 21 8 8
4917 2012282 23 23 2 0 23 12 12
4918 2013101 17 17 2 0 17 10 10
4919 2013920 15 15 2 0 15 15 15
4920 2014740 53 61 3 1 60 13 13
4921 2015559 58 60 3 0 60 36 38
4922 2016379 38 42 3 0 42 20 23
4923 2017199 34 34 2 0 34 12 12
4924 2018019 21 21 2 0 21 12 12
4925 2018839 22 22 2 0 22 12 12
4926 2019660 31 31 2 0 31 12 12
4927 2020480 25 25 2 0 25 16 16
4928 2021301 51 62 4 0 62 11 11
4929 2022122 30 32 3 0 32 15 15
4930 2022943 45 47 3 0 47 9 9
4931 2023764 11 11 2 0 11 11 11
4932 2024586 41 43 3 0 43 10 10
4933 2025407 17 17 2 0 17 17 17
4934 2026229 14 14 2 0 14 6 6
4935 2027051 43 43 2 0 43 12 12
4936 2027873 36 36 2 0 36 15 15
4937 2028695 17 17 2 0 17 17 17
4938 2029518 34 34 2 0 34 13 13
4939 2030340 17 17 2 0 17 16 16
4940 2031163 109 113 3 1 112 25 25
4941 2031986 27 29 3 0 29 15 16
4942 2032809 28 28 2 0 28 10 10
4943 2033632 15 15 2 0 15 15 15
4944 2034456 41 41 2 0 41 6 6
4945 2035279 38 44 3 0 44 31 35
4946 2036103 26 26 2 0 26 13 13
4947 2036927 39 39 2 0 39 17 17
4948 2037751 36 36 2 0 36 13 13
4949 2038575 23 23 2 0 23 19 19
4950 2039400 53 57 3 0 57 9 9
4951 2040224 13 13 2 0 13 13 13
4952 2041049 25 25 2 0 25 7 7
4953 2041874 44 44 2 2 42 22 22
4954 2042699 21 21 2 0 21 8 8
4955 2043524 24 24 2 0 24 12 12
4956 2044350 54 56 3 0 56 7 7
4957 2045175 18 18 2 0 18 18 18
4958 2046001 37 42 4 1 41 21 21
4959 2046827 43 47 3 0 47 14 15
4960 2047653 56 56 2 0 56 7 7
4961 2048479 20 20 2 1 19 15 15
4962 2049306 33 35 3 0 35 8 8
4963 2050132 22 22 2 0 22 14 14
4964 2050959 46 48 3 0 48 19 19
4965 2051786 33 35 3 0 35 14 14
4966 2052613 30 32 3 0 32 13 14
4967 2053440 6 6 2 0 6 6 6
4968 2054268 41 48 4 0 48 11 11
4969 2055095 15 15 2 1 14 15 15
4970 2055923 42 48 3 0 48 18 21
4971 2056751 17 17 2 0 17 12 12
4972 2057579 37 37 2 0 37 13 13
4973 2058407 8 8 2 0 8 8 8
4974 2059236 34 34 2 1 33 10 10
4975 2060064 35 35 2 0 35 19 19
4976 2060893 39 39 2 0 39 13 13
4977 2061722 60 60 2 0 60 31 31
4978 2062551 32 34 3 0 34 10 10
4979 2063380 27 31 3 1 30 21 22
4980 2064210 56 60 3 0 60 6 6
4981 2065039 15 15 2 0 15 13 13
4982 2065869 31 33 3 0 33 12 13
4983 2066699 26 26 2 0 26 18 18
4984 2067529 39 39 2 0 39 11 11
4985 2068359 19 21 3 1 20 13 13
4986 2069190 40 40 2 0 40 8 8
4987 2070020 19 19 2 0 19 19 19
4988 2070851 46 46 2 1 45 17 17
4989 2071682 23 23 2 0 23 15 15
4990 2072513 43 43 2 0 43 15 15
4991 2073344 40 42 3 1 41 28 28
4992 2074176 56 56 2 0 56 7 7
4993 2075007 9 11 3 0 11 9 11
4994 2075839 26 28 3 1 27 13 13
4995 2076671 54 54 2 0 54 15 15
4996 2077503 36 36 2 0 36 15 15
4997 2078335 22 22 2 0 22 15 15
4998 2079168 94 98 3 1 97 22 22
4999 2080000 17 17 2 0 17 17 17
5000 2080833 28 28 2 0 28 7 7
5001 2081666 23 23 2 0 23 13 13
5002 2082499 36 40 3 1 39 18 19
5003 2083332 11 11 2 0 11 11 11
5004 2084166 58 60 3 2 58 12 12
5005 2084999 63 67 3 0 67 23 23
5006 2085833 18 18 2 0 18 5 5
5007 2086667 18 18 2 0 18 9 9
5008 2087501 25 25 2 0 25 11 11
5009 2088335 12 12 2 0 12 12 12
5010 2089170 39 41 3 0 41 11 11
5011 2090004 13 13 2 1 12 13 13
5012 2090839 38 38 2 0 38 13 13
5013 2091674 21 21 2 0 21 11 11
5014 2092509 38 40 3 0 40 16 17
5015 2093344 31 33 3 0 33 22 24
5016 2094180 96 107 4 0 107 19 20
5017 2095015 13 13 2 0 13 13 13
5018 2095851 39 39 2 0 39 14 14
5019 2096687 26 26 2 0 26 13 13
5020 2097523 31 31 2 0 31 12 12
5021 2098359 9 9 2 1 8 9 9
5022 2099196 58 60 3 0 60 16 18
5023 2100032 19 19 2 0 19 19 19
5024 2100869 36 36 2 0 36 9 9
5025 2101706 52 54 3 0 54 23 23
5026 2102543 25 25 2 0 25 7 7
5027 2103380 18 18 2 2 16 13 13
5028 2104218 32 40 3 0 40 6 6
5029 2105055 19 21 3 0 21 16 18
5030 2105893 27 33 3 0 33 8 9
5031 2106731 63 63 2 0 63 33 33
5032 2107569 68 74 3 1 73 25 25
5033 2108407 18 18 2 0 18 13 13
5034 2109246 41 45 3 0 45 10 10
5035 2110084 36 36 2 0 36 22 22
5036 2110923 20 20 2 0 20 8 8
5037 2111762 25 30 4 1 29 12 12
5038 2112601 27 29 3 0 29 8 8
5039 2113440 13 13 2 1 12 13 13
5040 2114280 77 81 3 0 81 5 5
5041 2115119 15 15 2 0 15 14 14
5042 2115959 24 24 2 1 23 13 13
5043 2116799 22 22 2 0 22 15 15
5044 2117639 49 49 2 0 49 15 15
5045 2118479 23 23 2 1 22 11 11
5046 2119320 28 28 2 0 28 8 8
5047 2120160 46 48 3 0 48 35 36
5048 2121001 34 34 2 1 33 11 11
5049 2121842 51 55 3 0 55 17 19
5050 2122683 26 26 2 0 26 6 6
5051 2123524 15 15 2 0 15 15 15
5052 2124366 41 41 2 0 41 7 7
5053 2125207 22 24 3 0 24 20 22
5054 2126049 63 65 3 1 64 29 30
5055 2126891 35 35 2 0 35 15 15
5056 2127733 25 27 3 0 27 2 2
5057 2128575 20 20 2 0 20 15 15
5058 2129418 29 29 2 0 29 7 7
5059 2130260 9 9 2 1 8 9 9
5060 2131103 62 66 3 0 66 20 20
5061 2131946 38 40 3 0 40 14 15
5062 2132789 16 16 2 0 16 12 12
5063 2133632 24 28 3 0 28 21 25
5064 2134476 47 47 2 1 46 8 8
5065 2135319 25 25 2 0 25 19 19
5066 2136163 36 36 2 0 36 14 14
5067 2137007 30 30 2 0 30 12 12
5068 2137851 55 55 2 0 55 13 13
5069 2138695 20 20 2 0 20 17 17
5070 2139540 101 103 3 1 102 17 17
5071 2140384 17 17 2 1 16 16 16
5072 2141229 26 26 2 0 26 5 5
5073 2142074 28 30 3 0 30 13 14
5074 2142919 32 36 3 1 35 12 13
5075 2143764 33 37 3 0 37 17 17
5076 2144610 55 57 3 1 56 17 17
5077 2145455 8 8 2 0 8 8 8
5078 2146301 26 26 2 0 26 13 13
5079 2147147 22 22 2 0 22 14 14
5080 2147993 60 64 3 0 64 15 15
5081 2148839 11 11 2 0 11 11 11
5082 2149686 46 48 3 1 47 11 10
5083 2150532 44 46 3 0 46 33 33
5084 2151379 44 48 3 0 48 25 27
5085 2152226 37 37 2 1 36 19 19
5086 2153073 20 22 3 1 21 6 7
5087 2153920 9 9 2 0 9 9 9
5088 2154768 44 44 2 0 44 5 5
5089 2155615 27 27 2 0 27 20 20
5090 2156463 32 32 2 1 31 12 12
5091 2157311 19 19 2 0 19 11 11
5092 2158159 45 47 3 0 47 16 16
5093 2159007 22 22 2 0 22 17 17
5094 2159856 51 51 2 0 51 14 14
5095 2160704 11 11 2 1 10 10 10
5096 2161553 90 96 3 0 96 19 19
5097 2162402 19 19 2 0 19 10 10
5098 2163251 19 19 2 1 18 12 12
5099 2164100 9 9 2 0 9 9 9
5100 2164950 67 71 3 0 71 8 9
5101 2165799 18 18 2 0 18 18 18
5102 2166649 42 49 4 2 47 28 29
5103 2167499 24 26 3 1 25 8 8
5104 2168349 46 57 5 1 56 19 19
5105 2169199 23 23 2 2 21 14 14
5106 2170050 57 57 2 0 57 17 17
5107 2170900 16 16 2 0 16 16 16
5108 2171751 31 31 2 0 31 10 10
5109 2172602 29 29 2 0 29 12 12
5110 2173453 66 70 3 0 70 12 13
5111 2174304 21 21 2 0 21 16 16
5112 2175156 55 55 2 0 55 7 7
5113 2176007 19 19 2 0 19 19 19
5114 2176859 23 23 2 0 23 11 11
5115 2177711 61 65 3 0 65 20 21
5116 2178563 29 29 2 1 28 14 14
5117 2179415 50 52 3 0 52 39 39
5118 2180268 33 33 2 0 33 12 12
5119 2181120 24 24 2 0 24 24 24
5120 2181973 28 28 2 0 28 8 8
5121 2182826 26 26 2 1 25 14 14
5122 2183679 29 29 2 0 29 8 8
5123 2184532 16 16 2 0 16 14 14
5124 2185386 94 94 2 0 94 20 20
5125 2186239 23 25 3 0 25 17 19
5126 2187093 27 29 3 0 29 8 8
5127 2187947 28 28 2 1 27 20 20
5128 2188801 44 46 3 2 44 19 19
5129 2189655 19 19 2 0 19 19 19
5130 2190510 84 89 4 1 88 14 14
5131 2191364 26 26 2 0 26 22 22
5132 2192219 31 31 2 1 30 12 12
5133 2193074 32 32 2 0 32 17 17
5134 2193929 31 31 2 1 30 13 13
5135 2194784 47 47 2 1 46 30 30
5136 2195640 35 35 2 1 34 7 7
5137 2196495 15 15 2 0 15 12 12
5138 2197351 39 39 2 0 39 10 10
5139 2198207 24 24 2 1 23 12 12
5140 2199063 33 33 2 0 33 8 8
5141 2199919 27 27 2 0 27 22 22
5142 2200776 37 37 2 0 37 10 10
5143 2201632 21 21 2 1 20 15 15
5144 2202489 44 44 2 0 44 14 14
5145 2203346 61 65 3 1 64 17 18
5146 2204203 39 39 2 0 39 15 15
5147 2205060 20 22 3 0 22 20 22
5148 2205918 101 107 3 1 106 14 14
5149 2206775 25 25 2 0 25 19 19
5150 2207633 35 37 3 0 37 10 10
5151 2208491 28 30 3 0 30 15 16
5152 2209349 59 61 3 1 60 15 15
5153 2210207 16 18 3 0 18 16 18
5154 2211066 42 49 4 1 48 18 21
5155 2211924 22 22 2 0 22 15 15
5156 2212783 29 29 2 0 29 10 10
5157 2213642 24 28 3 1 27 14 16
5158 2214501 19 19 2 0 19 14 14
5159 2215360 37 37 2 1 36 21 21
5160 2216220 72 74 3 2 72 15 15
5161 2217079 25 25 2 0 25 19 19
5162 2217939 32 34 3 0 34 15 15
5163 2218799 19 19 2 0 19 11 11
5164 2219659 26 26 2 0 26 10 10
5165 2220519 30 30 2 0 30 20 20
5166 2221380 55 57 3 0 57 16 16
5167 2222240 10 10 2 1 9 10 10
5168 2223101 58 66 3 0 66 15 17
5169 2223962 15 15 2 1 14 13 13
5170 2224823 44 46 3 0 46 14 14
5171 2225684 17 17 2 0 17 17 17
5172 2226546 42 42 2 0 42 9 9
5173 2227407 32 32 2 1 31 25 25
5174 2228269 36 36 2 1 35 15 15
5175 2229131 46 56 3 0 56 16 17
5176 2229993 25 25 2 1 24 9 9
5177 2230855 18 18 2 0 18 16 16
5178 2231718 31 35 3 0 35 7 7
5179 2232580 13 13 2 0 13 13 13
5180 2233443 88 92 3 0 92 19 19
5181 2234306 35 37 3 1 36 19 20
5182 2235169 26 26 2 0 26 14 14
5183 2236032 24 31 4 0 31 21 28
5184 2236896 44 48 3 1 47 12 15
5185 2237759 31 31 2 2 29 16 16
5186 2238623 29 29 2 1 28 15 15
5187 2239487 101 103 3 1 102 47 48
5188 2240351 25 25 2 0 25 10 10
5189 2241215 14 14 2 0 14 14 14
5190 2242080 44 44 2 0 44 10 10
5191 2242944 15 15 2 0 15 14 14
5192 2243809 36 38 3 0 38 11 11
5193 2244674 30 30 2 0 30 14 14
5194 2245539 41 50 4 0 50 20 20
5195 2246404 19 23 3 0 23 12 14
5196 2247270 68 68 2 0 68 20 20
5197 2248135 12 12 2 1 11 12 12
5198 2249001 30 30 2 1 29 14 14
5199 2249867 31 31 2 1 30 16 16
5200 2250733 54 56 3 0 56 10 10
5201 2251599 15 15 2 1 14 13 13
5202 2252466 43 47 3 0 47 11 11
5203 2253332 22 22 2 0 22 15 15
5204 2254199 25 25 2 0 25 13 13
5205 2255066 28 28 2 0 28 9 9
5206 2255933 26 28 3 0 28 12 13
5207 2256800 13 13 2 0 13 12 12
5208 2257668 98 98 2 0 98 16 16
5209 2258535 18 18 2 0 18 18 18
5210 2259403 28 30 3 0 30 9 10
5211 2260271 32 32 2 1 31 12 12
5212 2261139 31 31 2 0 31 14 14
5213 2262007 25 25 2 0 25 21 21
5214 2262876 56 56 2 0 56 13 13
5215 2263744 21 21 2 0 21 14 14
5216 2264613 31 31 2 0 31 6 6
5217 2265482 36 36 2 0 36 22 22
5218 2266351 15 15 2 0 15 7 7
5219 2267220 24 28 3 0 28 24 28
5220 2268090 72 76 3 1 75 16 15
5221 2268959 12 12 2 0 12 11 11
5222 2269829 38 40 3 0 40 16 16
5223 2270699 24 24 2 0 24 16 16
5224 2271569 34 34 2 0 34 8 8
5225 2272439 45 47 3 1 46 22 22
5226 2273310 61 63 3 0 63 11 11
5227 2274180 11 11 2 0 11 11 11
5228 2275051 17 17 2 0 17 9 9
5229 2275922 31 33 3 0 33 12 13
5230 2276793 39 41 3 0 41 10 10
5231 2277664 10 10 2 0 10 10 10
5232 2278536 58 58 2 0 58 12 12
5233 2279407 18 18 2 0 18 18 18
5234 2280279 21 23 3 0 23 6 6
5235 2281151 30 32 3 1 31 8 8
5236 2282023 57 65 3 0 65 14 14
5237 2282895 13 13 2 0 13 13 13
5238 2283768 49 51 3 0 51 8 8
5239 2284640 44 44 2 0 44 32 32
5240 2285513 39 39 2 0 39 11 11
5241 2286386 28 28 2 0 28 15 15
5242 2287259 18 18 2 1 17 7 7
5243 2288132 28 28 2 0 28 22 22
5244 2289006 74 83 4 0 83 18 18
5245 2289879 23 23 2 0 23 12 12
5246 2290753 36 36 2 1 35 12 12
5247 2291627 32 34 3 0 34 11 13
5248 2292501 30 32 3 0 32 8 8
5249 2293375 23 23 2 0 23 21 21
5250 2294250 47 51 3 1 50 7 7
5251 2295124 24 24 2 2 22 22 22
5252 2295999 40 40 2 1 39 13 13
5253 2296874 39 39 2 0 39 22 22
5254 2297749 36 38 3 0 38 16 16
5255 2298624 19 21 3 1 20 10 11
5256 2299500 53 55 3 0 55 10 10
5257 2300375 26 26 2 1 25 16 16
5258 2301251 30 36 3 0 36 15 17
5259 2302127 21 23 3 0 23 13 14
5260 2303003 40 40 2 0 40 8 8
5261 2303879 17 17 2 1 16 17 17
5262 2304756 37 37 2 0 37 8 8
5263 2305632 15 15 2 0 15 13 13
5264 2306509 46 48 3 0 48 9 11
5265 2307386 54 59 4 1 58 17 21
5266 2308263 17 17 2 0 17 8 8
5267 2309140 23 23 2 0 23 20 20
5268 2310018 41 43 3 0 43 10 10
5269 2310895 17 17 2 0 17 14 14
5270 2311773 68 74 3 1 73 16 17
5271 2312651 33 33 2 0 33 13 13
5272 2313529 32 32 2 0 32 10 10
5273 2314407 13 13 2 0 13 13 13
5274 2315286 36 36 2 0 36 10 10
5275 2316164 21 21 2 0 21 12 12
5276 2317043 31 31 2 0 31 9 9
5277 2317922 32 32 2 0 32 21 21
5278 2318801 70 74 3 0 74 29 31
5279 2319680 14 14 2 0 14 14 14
5280 2320560 79 90 4 0 90 13 13
5281 2321439 15 24 5 0 24 15 24
5282 2322319 57 62 4 0 62 19 22
5283 2323199 21 21 2 0 21 5 5
5284 2324079 29 29 2 0 29 12 12
5285 2324959 33 33 2 1 32 20 20
5286 2325840 31 31 2 1 30 8 8
5287 2326720 19 21 3 0 21 16 17
5288 2327601 40 42 3 0 42 15 15
5289 2328482 37 41 3 0 41 24 27
5290 2329363 29 29 2 0 29 7 7
5291 2330244 54 60 3 0 60 39 42
5292 2331126 86 90 3 0 90 8 8
5293 2332007 21 21 2 0 21 20 20
5294 2332889 22 22 2 0 22 12 12
5295 2333771 20 20 2 0 20 9 9
5296 2334653 29 29 2 0 29 7 7
5297 2335535 4 4 2 0 4 4 4
5298 2336418 34 34 2 0 34 9 9
5299 2337300 19 19 2 0 19 10 10
5300 2338183 36 38 3 0 38 6 6
5301 2339066 66 66 2 0 66 30 30
5302 2339949 39 39 2 1 38 19 19
5303 2340832 15 15 2 1 14 15 15
5304 2341716 75 92 4 0 92 9 9
5305 2342599 25 25 2 0 25 19 19
5306 2343483 39 39 2 1 38 10 10
5307 2344367 36 43 4 0 43 19 21
5308 2345251 29 29 2 0 29 13 13
5309 2346135 15 15 2 0 15 15 15
5310 2347020 45 49 3 0 49 8 9
5311 2347904 15 17 3 0 17 14 16
5312 2348789 29 29 2 0 29 6 6
5313 2349674 53 55 3 1 54 16 16
5314 2350559 20 20 2 0 20 12 12
5315 2351444 34 34 2 0 34 25 25
5316 2352330 41 45 3 0 45 6 6
5317 2353215 25 25 2 0 25 16 16
5318 2354101 22 22 2 1 21 13 13
5319 2354987 21 23 3 0 23 10 10
5320 2355873 95 103 3 0 103 13 13
5321 2356759 27 27 2 0 27 22 22
5322 2357646 32 32 2 0 32 10 10
5323 2358532 12 12 2 0 12 12 12
5324 2359419 33 33 2 1 32 9 9
5325 2360306 34 34 2 0 34 17 17
5326 2361193 17 17 2 1 16 8 8
5327 2362080 9 9 2 0 9 3 3
5328 2362968 58 60 3 1 59 11 11
5329 2363855 14 21 4 0 21 13 19
5330 2364743 44 46 3 1 45 14 14
5331 2365631 26 26 2 0 26 16 16
5332 2366519 54 54 2 0 54 23 23
5333 2367407 11 11 2 0 11 11 11
5334 2368296 56 60 3 0 60 10 10
5335 2369184 33 33 2 1 32 21 21
5336 2370073 55 57 3 0 57 25 25
5337 2370962 14 14 2 0 14 7 7
5338 2371851 26 26 2 1 25 10 10
5339 2372740 21 21 2 0 21 18 18
5340 2373630 47 49 3 0 49 11 12
5341 2374519 32 32 2 0 32 24 24
5342 2375409 19 19 2 0 19 12 12
5343 2376299 30 30 2 0 30 17 17
5344 2377189 36 36 2 0 36 13 13
5345 2378079 31 31 2 2 29 18 18
5346 2378970 39 39 2 0 39 10 10
5347 2379860 10 10 2 0 10 10 10
5348 2380751 31 31 2 0 31 9 9
5349 2381642 24 24 2 0 24 13 13
5350 2382533 31 31 2 0 31 12 12
5351 2383424 11 11 2 0 11 11 11
5352 2384316 53 55 3 0 55 13 13
5353 2385207 34 36 3 0 36 31 33
5354 2386099 16 16 2 0 16 7 7
5355 2386991 59 63 3 1 62 22 22
5356 2387883 49 49 2 2 47 21 21
5357 2388775 20 20 2 1 19 14 14
5358 2389668 57 70 5 0 70 21 21
5359 2390560 19 19 2 1 18 17 17
5360 2391453 47 47 2 0 47 8 8
5361 2392346 24 24 2 1 23 14 14
5362 2393239 32 34 3 0 34 10 10
5363 2394132 12 12 2 0 12 11 11
5364 2395026 38 42 3 0 42 12 12
5365 2395919 38 38 2 1 37 23 23
5366 2396813 20 20 2 0 20 6 6
5367 2397707 33 33 2 1 32 17 17
5368 2398601 47 56 5 1 55 18 20
5369 2399495 26 28 3 2 26 16 17
5370 2400390 40 40 2 1 39 8 8
5371 2401284 16 16 2 0 16 14 14
5372 2402179 42 48 3 0 48 15 16
5373 2403074 24 26 3 0 26 14 15
5374 2403969 20 20 2 1 19 13 13
5375 2404864 24 24 2 0 24 12 12
5376 2405760 34 38 3 0 38 4 4
5377 2406655 26 26 2 0 26 24 24
5378 2407551 31 31 2 1 30 12 12
5379 2408447 23 32 5 0 32 12 18
5380 2409343 28 28 2 0 28 6 6
5381 2410239 17 17 2 0 17 17 17
5382 2411136 76 80 3 1 79 20 20
5383 2412032 28 30 3 1 29 22 24
5384 2412929 22 22 2 0 22 4 4
5385 2413826 30 32 3 0 32 10 11
5386 2414723 23 23 2 0 23 12 12
5387 2415620 9 9 2 0 9 9 9
5388 2416518 34 36 3 1 35 9 10
5389 2417415 14 14 2 0 14 11 11
5390 2418313 74 76 3 0 76 21 21
5391 2419211 29 29 2 1 28 10 10
5392 2420109 34 34 2 1 33 15 15
5393 2421007 17 17 2 0 17 17 17
5394 2421906 66 74 3 1 73 23 25
5395 2422804 32 32 2 0 32 17 17
5396 2423703 37 41 3 0 41 14 15
5397 2424602 39 41 3 0 41 10 10
5398 2425501 18 18 2 0 18 9 9
5399 2426400 14 14 2 0 14 14 14
5400 2427300 68 70 3 0 70 8 8
5401 2428199 18 18 2 0 18 17 17
5402 2429099 36 36 2 0 36 18 18
5403 2429999 24 24 2 0 24 11 11
5404 2430899 53 53 2 1 52 15 15
5405 2431799 38 43 4 0 43 30 32
5406 2432700 50 54 3 0 54 15 16
5407 2433600 20 20 2 0 20 20 20
5408 2434501 61 70 5 0 70 16 18
5409 2435402 30 30 2 0 30 11 11
5410 2436303 40 40 2 0 40 10 10
5411 2437204 15 15 2 0 15 10 10
5412 2438106 69 73 3 0 73 15 15
5413 2439007 18 18 2 1 17 18 18
5414 2439909 21 21 2 0 21 12 12
5415 2440811 59 61 3 1 60 21 21
5416 2441713 25 30 4 0 30 11 13
5417 2442615 11 11 2 0 11 11 11
5418 2443518 85 87 3 0 87 20 21
5419 2444420 15 15 2 0 15 15 15
5420 2445323 53 53 2 3 50 15 15
5421 2446226 47 53 3 1 52 23 26
5422 2447129 15 15 2 0 15 9 9
5423 2448032 40 46 3 0 46 27 30
5424 2448936 30 30 2 0 30 6 6
5425 2449839 45 47 3 0 47 13 13
5426 2450743 16 16 2 0 16 10 10
5427 2451647 38 42 3 0 42 20 21
5428 2452551 35 39 3 0 39 18 19
5429 2453455 16 18 3 0 18 12 14
5430 2454360 67 67 2 0 67 21 21
5431 2455264 15 15 2 1 14 15 15
5432 2456169 61 67 3 0 67 12 14
5433 2457074 25 25 2 0 25 17 17
5434 2457979 82 108 5 0 108 30 37
5435 2458884 25 25 2 1 24 13 13
5436 2459790 50 50 2 0 50 6 6
5437 2460695 12 12 2 0 12 12 12
5438 2461601 18 18 2 1 17 8 8
5439 2462507 73 82 5 0 82 32 35
5440 2463413 49 53 3 0 53 8 8
5441 2464319 12 12 2 1 11 12 12
5442 2465226 29 29 2 0 29 11 11
5443 2466132 11 11 2 1 10 11 11
5444 2467039 26 26 2 0 26 11 11
5445 2467946 34 36 3 0 36 9 10
5446 2468853 26 26 2 0 26 7 7
5447 2469760 14 14 2 1 13 10 10
5448 2470668 44 44 2 0 44 11 11
5449 2471575 16 18 3 1 17 16 18
5450 2472483 33 33 2 0 33 7 7
5451 2473391 30 32 3 0 32 21 22
5452 2474299 43 47 3 1 46 15 15
5453 2475207 39 39 2 0 39 31 31
5454 2476116 36 38 3 0 38 9 9
5455 2477024 29 29 2 1 28 18 18
5456 2477933 56 58 3 0 58 18 18
5457 2478842 35 35 2 1 34 21 21
5458 2479751 13 13 2 0 13 10 10
5459 2480660 17 17 2 1 16 14 14
5460 2481570 129 133 3 0 133 11 11
5461 2482479 17 17 2 0 17 15 15
5462 2483389 18 18 2 0 18 7 7
5463 2484299 32 32 2 0 32 17 17
5464 2485209 34 34 2 0 34 12 12
5465 2486119 18 18 2 0 18 12 12
5466 2487030 37 37 2 0 37 6 6
5467 2487940 35 39 3 0 39 16 17
5468 2488851 22 22 2 0 22 11 11
5469 2489762 20 20 2 0 20 12 12
5470 2490673 39 41 3 0 41 12 13
5471 2491584 13 13 2 0 13 13 13
5472 2492496 74 76 3 0 76 10 10
5473 2493407 26 26 2 0 26 20 20
5474 2494319 56 60 3 0 60 9 11
5475 2495231 39 39 2 0 39 13 13
5476 2496143 53 55 3 1 54 22 22
5477 2497055 12 12 2 1 11 12 12
5478 2497968 48 52 3 1 51 17 17
5479 2498880 14 14 2 0 14 14 14
5480 2499793 39 41 3 0 41 7 8
5481 2500706 41 43 3 0 43 13 15
5482 2501619 18 18 2 0 18 9 9
5483 2502532 18 20 3 0 20 18 20
5484 2503446 40 40 2 0 40 7 7
5485 2504359 21 21 2 0 21 19 19
5486 2505273 44 44 2 0 44 20 20
5487 2506187 38 40 3 0 40 20 20
5488 2507101 63 69 3 1 68 17 18
5489 2508015 33 33 2 0 33 28 28
5490 2508930 73 73 2 0 73 15 15
5491 2509844 21 21 2 0 21 13 13
5492 2510759 33 33 2 1 32 9 9
5493 2511674 30 30 2 0 30 14 14
5494 2512589 29 29 2 0 29 16 16
5495 2513504 40 40 2 0 40 21 21
5496 2514420 56 56 2 0 56 13 13
5497 2515335 27 27 2 0 27 25 25
5498 2516251 22 22 2 0 22 12 12
5499 2517167 37 37 2 0 37 16 16
5500 2518083 45 47 3 0 47 14 14
5501 2518999 11 11 2 0 11 11 11
5502 2519916 49 55 3 0 55 15 16
5503 2520832 6 6 2 0 6 6 6
5504 2521749 27 27 2 0 27 5 5
5505 2522666 42 44 3 1 43 19 19
5506 2523583 19 19 2 0 19 9 9
5507 2524500 9 9 2 0 9 9 9
5508 2525418 64 68 3 0 68 16 16
5509 2526335 25 27 3 0 27 20 21
5510 2527253 61 72 4 1 71 19 22
5511 2528171 22 24 3 0 24 17 19
5512 2529089 54 54 2 0 54 21 21
5513 2530007 11 11 2 0 11 9 9
5514 2530926 40 42 3 0 42 13 13
5515 2531844 16 16 2 0 16 12 12
5516 2532763 34 36 3 0 36 10 10
5517 2533682 29 29 2 0 29 15 15
5518 2534601 33 35 3 1 34 18 18
5519 2535520 13 13 2 0 13 13 13
5520 2536440 69 76 4 0 76 7 7
5521 2537359 17 17 2 0 17 17 17
5522 2538279 23 23 2 0 23 7 7
5523 2539199 31 31 2 0 31 11 11
5524 2540119 29 29 2 0 29 10 10
5525 2541039 43 45 3 0 45 18 18
5526 2541960 47 47 2 1 46 13 13
5527 2542880 12 12 2 0 12 12 12
5528 2543801 33 33 2 0 33 12 12
5529 2544722 40 42 3 0 42 26 27
5530 2545643 58 58 2 0 58 12 12
5531 2546564 15 15 2 0 15 15 15
5532 2547486 28 28 2 0 28 7 7
5533 2548407 22 22 2 0 22 18 18
5534 2549329 20 20 2 0 20 6 6
5535 2550251 38 38 2 0 38 15 15
5536 2551173 24 24 2 0 24 6 6
5537 2552095 21 23 3 0 23 17 19
5538 2553018 63 67 3 2 65 15 15
5539 2553940 15 15 2 1 14 11 11
5540 2554863 38 38 2 0 38 11 11
5541 2555786 17 17 2 0 17 10 10
5542 2556709 28 28 2 0 28 11 11
5543 2557632 20 20 2 0 20 15 15
5544 2558556 97 110 4 0 110 14 15
5545 2559479 15 15 2 0 15 9 9
5546 2560403 20 20 2 0 20 11 11
5547 2561327 32 43 5 1 42 25 26
5548 2562251 49 51 3 1 50 13 14
5549 2563175 12 12 2 0 12 10 10
5550 2564100 65 65 2 0 65 15 15
5551 2565024 53 53 2 0 53 36 36
5552 2565949 32 32 2 0 32 9 9
5553 2566874 26 26 2 1 25 6 6
5554 2567799 20 20 2 1 19 9 9
5555 2568724 29 29 2 1 28 18 18
5556 2569650 39 41 3 0 41 5 5
5557 2570575 15 15 2 0 15 15 15
5558 2571501 40 40 2 0 40 14 14
5559 2572427 40 40 2 1 39 22 22
5560 2573353 67 67 2 0 67 15 15
5561 2574279 22 24 3 0 24 21 23
5562 2575206 46 46 2 0 46 8 8
5563 2576132 11 11 2 0 11 11 11
5564 2577059 44 44 2 1 43 14 14
5565 2577986 38 40 3 0 40 5 5
5566 2578913 33 37 3 0 37 17 18
5567 2579840 20 20 2 0 20 18 18
5568 2580768 50 54 3 0 54 7 7
5569 2581695 31 31 2 1 30 31 31
5570 2582623 24 24 2 1 23 7 7
5571 2583551 32 32 2 0 32 20 20
5572 2584479 38 38 2 1 37 11 11
5573 2585407 10 12 3 0 12 10 12
5574 2586336 33 33 2 0 33 8 8
5575 2587264 20 22 3 0 22 14 16
5576 2588193 58 64 3 0 64 16 16
5577 2589122 71 79 3 1 78 22 22
5578 2590051 15 15 2 0 15 8 8
5579 2590980 18 18 2 0 18 14 14
5580 2591910 95 99 3 1 98 15 14
5581 2592839 13 13 2 0 13 13 13
5582 2593769 22 22 2 1 21 12 12
5583 2594699 16 16 2 0 16 10 10
5584 2595629 35 35 2 0 35 6 6
5585 2596559 30 30 2 0 30 21 21
5586 2597490 110 116 3 0 116 22 22
5587 2598420 18 18 2 0 18 16 16
5588 2599351 48 50 3 0 50 16 17
5589 2600282 34 39 4 0 39 20 20
5590 2601213 71 71 2 0 71 16 16
5591 2602144 12 12 2 1 11 12 12
5592 2603076 39 39 2 0 39 10 10
5593 2604007 39 39 2 0 39 31 31
5594 2604939 27 27 2 0 27 14 14
5595 2605871 49 51 3 0 51 19 19
5596 2606803 29 29 2 0 29 13 13
5597 2607735 27 27 2 0 27 24 24
5598 2608668 47 47 2 0 47 9 9
5599 2609600 15 15 2 0 15 11 11
5600 2610533 47 49 3 0 49 4 4
5601 2611466 28 28 2 0 28 18 18
5602 2612399 24 24 2 1 23 10 10
5603 2613332 25 27 3 0 27 22 23
5604 2614266 26 26 2 0 26 2 2
5605 2615199 32 34 3 1 33 19 19
5606 2616133 24 24 2 0 24 7 7
5607 2617067 33 33 2 1 32 12 12
5608 2618001 23 23 2 0 23 10 10
5609 2618935 17 33 6 2 31 15 31
5610 2619870 80 90 3 0 90 9 9
5611 2620804 18 18 2 1 17 15 15
5612 2621739 47 49 3 1 48 19 19
5613 2622674 17 17 2 0 17 9 9
5614 2623609 31 31 2 1 30 8 8
5615 2624544 26 28 3 0 28 16 17
5616 2625480 81 83 3 2 81 9 9
5617 2626415 18 18 2 0 18 16 16
5618 2627351 21 21 2 0 21 8 8
5619 2628287 33 33 2 0 33 21 21
5620 2629223 31 31 2 0 31 13 13
5621 2630159 41 41 2 0 41 26 26
5622 2631096 37 37 2 0 37 9 9
5623 2632032 14 14 2 0 14 14 14
5624 2632969 72 74 3 0 74 25 27
5625 2633906 29 29 2 0 29 10 10
5626 2634843 33 38 4 0 38 14 18
5627 2635780 12 12 2 0 12 10 10
5628 2636718 83 93 3 2 91 20 23
5629 2637655 32 32 2 0 32 23 23
5630 2638593 36 36 2 0 36 8 8
5631 2639531 24 26 3 0 26 11 11
5632 2640469 29 33 3 1 32 3 3
5633 2641407 18 18 2 0 18 15 15
5634 2642346 40 40 2 0 40 11 11
5635 2643284 52 56 3 0 56 28 31
5636 2644223 29 29 2 0 29 11 11
5637 2645162 15 15 2 0 15 9 9
5638 2646101 15 15 2 0 15 11 11
5639 2647040 11 11 2 1 10 11 11
5640 2647980 67 71 3 1 70 8 8
5641 2648919 17 17 2 0 17 17 17
5642 2649859 93 101 3 1 100 26 26
5643 2650799 55 61 3 0 61 17 17
5644 2651739 41 48 4 0 48 18 22
5645 2652679 24 24 2 0 24 11 11
5646 2653620 24 24 2 0 24 6 6
5647 2654560 7 7 2 0 7 7 7
5648 2655501 24 24 2 0 24 8 8
5649 2656442 27 29 3 0 29 10 10
5650 2657383 28 28 2 0 28 12 12
5651 2658324 13 13 2 0 13 13 13
5652 2659266 66 66 2 0 66 11 11
5653 2660207 12 12 2 0 12 12 12
5654 2661149 38 38 2 0 38 12 12
5655 2662091 61 61 2 1 60 22 22
5656 2663033 36 40 3 0 40 10 11
5657 2663975 12 12 2 0 12 12 12
5658 2664918 47 49 3 0 49 9 9
5659 2665860 19 19 2 0 19 19 19
5660 2666803 39 39 2 0 39 8 8
5661 2667746 53 53 2 0 53 33 33
5662 2668689 31 35 3 0 35 10 12
5663 2669632 18 18 2 0 18 12 12
5664 2670576 50 52 3 0 52 12 12
5665 2671519 40 42 3 0 42 22 23
5666 2672463 18 18 2 0 18 10 10
5667 2673407 28 28 2 0 28 22 22
5668 2674351 55 60 4 0 60 20 20
5669 2675295 20 20 2 0 20 20 20
5670 2676240 84 93 4 0 93 9 9
5671 2677184 27 27 2 0 27 22 22
5672 2678129 43 43 2 0 43 11 11
5673 2679074 43 45 3 0 45 27 27
5674 2680019 20 20 2 0 20 10 10
5675 2680964 12 12 2 0 12 10 10
5676 2681910 77 87 3 0 87 14 15
5677 2682855 19 19 2 0 19 13 13
5678 2683801 25 25 2 0 25 11 11
5679 2684747 26 26 2 0 26 11 11
5680 2685693 41 41 2 1 40 7 7
5681 2686639 43 49 3 1 48 33 34
5682 2687586 30 30 2 1 29 10 10
5683 2688532 13 13 2 0 13 13 13
5684 2689479 61 67 3 0 67 20 20
5685 2690426 39 39 2 0 39 17 17
5686 2691373 18 18 2 0 18 11 11
5687 2692320 23 25 3 0 25 18 20
5688 2693268 71 71 2 0 71 14 14
5689 2694215 19 19 2 0 19 19 19
5690 2695163 33 33 2 1 32 14 14
5691 2696111 39 39 2 0 39 16 16
5692 2697059 26 26 2 0 26 13 13
5693 2698007 12 12 2 0 12 12 12
5694 2698956 75 79 3 1 78 13 13
5695 2699904 27 29 3 0 29 15 17
5696 2700853 34 36 3 1 35 10 11
5697 2701802 28 28 2 0 28 10 10
5698 2702751 67 75 3 0 75 25 27
5699 2703700 25 25 2 0 25 20 20
5700 2704650 91 105 4 0 105 21 21
5701 2705599 11 13 3 0 13 11 13
5702 2706549 24 24 2 0 24 11 11
5703 2707499 26 26 2 0 26 24 24
5704 2708449 67 71 3 1 70 19 19
5705 2709399 40 40 2 1 39 24 24
5706 2710350 38 38 2 0 38 14 14
5707 2711300 25 25 2 1 24 20 20
5708 2712251 25 25 2 0 25 11 11
5709 2713202 18 18 2 0 18 12 12
5710 2714153 23 23 2 0 23 6 6
5711 2715104 10 10 2 0 10 10 10
5712 2716056 89 96 4 2 94 14 14
5713 2717007 25 25 2 0 25 23 23
5714 2717959 20 22 3 0 22 10 10
5715 2718911 49 51 3 0 51 16 16
5716 2719863 41 41 2 0 41 15 15
5717 2720815 12 12 2 0 12 12 12
5718 2721768 35 35 2 0 35 14 14
5719 2722720 57 61 3 0 61 45 46
5720 2723673 81 89 3 0 89 15 15
5721 2724626 27 27 2 0 27 12 12
5722 2725579 20 20 2 0 20 12 12
5723 2726532 16 16 2 0 16 13 13
5724 2727486 48 48 2 0 48 7 7
5725 2728439 25 25 2 0 25 15 15
5726 2729393 44 46 3 0 46 16 16
5727 2730347 37 44 4 1 43 26 27
5728 2731301 32 32 2 0 32 7 7
5729 2732255 18 18 2 0 18 17 17
5730 2733210 51 60 5 0 60 18 21
5731 2734164 13 13 2 1 12 10 10
5732 2735119 31 31 2 1 30 13 13
5733 2736074 103 103 2 0 103 35 35
5734 2737029 27 32 4 0 32 4 6
5735 2737984 42 44 3 1 43 27 27
5736 2738940 43 45 3 2 43 11 12
5737 2739895 19 19 2 0 19 19 19
5738 2740851 41 43 3 0 43 19 19
5739 2741807 29 31 3 0 31 13 15
5740 2742763 54 58 3 0 58 16 16
5741 2743719 11 11 2 0 11 11 11
5742 2744676 48 52 3 0 52 11 11
5743 2745632 12 12 2 0 12 12 12
5744 2746589 27 27 2 0 27 2 2
5745 2747546 36 40 3 0 40 16 16
5746 2748503 60 64 3 1 63 21 20
5747 2749460 16 16 2 1 15 13 13
5748 2750418 63 65 3 0 65 10 11
5749 2751375 15 15 2 1 14 15 15
5750 2752333 36 42 3 0 42 10 10
5751 2753291 23 23 2 0 23 15 15
5752 2754249 36 36 2 0 36 12 12
5753 2755207 24 24 2 0 24 18 18
5754 2756166 40 40 2 0 40 9 9
5755 2757124 20 20 2 0 20 10 10
5756 2758083 21 23 3 1 22 10 11
5757 2759042 25 27 3 1 26 15 16
5758 2760001 19 19 2 0 19 10 10
5759 2760960 20 20 2 0 20 13 13
5760 2761920 61 61 2 0 61 8 8
5761 2762879 29 29 2 0 29 23 23
5762 2763839 50 54 3 0 54 26 27
5763 2764799 29 29 2 0 29 16 16
5764 2765759 40 46 3 0 46 14 17
5765 2766719 22 22 2 1 21 14 14
5766 2767680 53 57 3 0 57 12 11
5767 2768640 16 16 2 0 16 13 13
5768 2769601 54 54 2 0 54 15 15
5769 2770562 28 28 2 0 28 12 12
5770 2771523 36 36 2 0 36 13 13
5771 2772484 22 22 2 0 22 22 22
5772 2773446 96 107 4 0 107 21 22
5773 2774407 16 16 2 0 16 16 16
5774 2775369 32 32 2 0 32 8 8
5775 2776331 51 57 3 0 57 16 15
5776 2777293 69 69 2 0 69 27 27
5777 2778255 13 15 3 0 15 9 11
5778 2779218 28 30 3 0 30 9 9
5779 2780180 13 13 2 0 13 13 13
5780 2781143 45 45 2 0 45 11 11
5781 2782106 32 32 2 0 32 17 17
5782 2783069 41 45 3 0 45 13 13
5783 2784032 17 17 2 0 17 17 17
5784 2784996 63 63 2 0 63 11 11
5785 2785959 27 27 2 0 27 19 19
5786 2786923 39 39 2 0 39 14 14
5787 2787887 43 45 3 1 44 14 14
5788 2788851 25 25 2 0 25 9 9
5789 2789815 22 22 2 1 21 18 18
5790 2790780 64 64 2 0 64 13 13
5791 2791744 11 11 2 0 11 11 11
5792 2792709 36 36 2 0 36 4 4
5793 2793674 23 23 2 0 23 15 15
5794 2794639 15 15 2 0 15 9 9
5795 2795604 57 59 3 0 59 36 37
5796 2796570 87 91 3 1 90 18 17
5797 2797535 49 53 3 1 52 32 34
5798 2798501 44 46 3 0 46 17 18
5799 2799467 26 26 2 0 26 13 13
5800 2800433 56 62 3 1 61 17 17
5801 2801399 17 17 2 1 16 17 17
5802 2802366 29 29 2 0 29 8 8
5803 2803332 27 27 2 1 26 22 22
5804 2804299 15 15 2 0 15 6 6
5805 2805266 52 52 2 0 52 16 16
5806 2806233 16 16 2 0 16 11 11
5807 2807200 17 17 2 0 17 17 17
5808 2808168 64 68 3 0 68 11 12
5809 2809135 23 23 2 0 23 17 17
5810 2810103 44 46 3 0 46 12 12
5811 2811071 35 35 2 0 35 21 21
5812 2812039 34 36 3 0 36 14 15
5813 2813007 18 18 2 0 18 18 18
5814 2813976 78 85 4 0 85 14 14
5815 2814944 29 29 2 0 29 18 18
5816 2815913 37 37 2 0 37 13 13
5817 2816882 22 22 2 1 21 9 9
5818 2817851 20 20 2 0 20 6 6
5819 2818820 28 28 2 0 28 19 19
5820 2819790 80 82 3 0 82 15 16
5821 2820759 17 17 2 0 17 17 17
5822 2821729 27 32 4 2 30 11 11
5823 2822699 25 27 3 1 26 11 11
5824 2823669 60 67 4 0 67 11 11
5825 2824639 22 22 2 1 21 15 15
5826 2825610 29 29 2 0 29 3 3
5827 2826580 15 15 2 0 15 15 15
5828 2827551 54 54 2 0 54 18 18
5829 2828522 36 36 2 0 36 14 14
5830 2829493 45 45 2 0 45 6 6
5831 2830464 52 54 3 0 54 35 36
5832 2831436 54 56 3 0 56 10 10
5833 2832407 22 22 2 0 22 22 22
5834 2833379 28 28 2 0 28 13 13
5835 2834351 36 36 2 0 36 13 13
5836 2835323 28 28 2 0 28 10 10
5837 2836295 11 11 2 0 11 10 10
5838 2837268 65 67 3 0 67 13 13
5839 2838240 20 25 4 0 25 20 25
5840 2839213 60 62 3 0 62 10 10
5841 2840186 43 51 3 0 51 20 20
5842 2841159 35 37 3 0 37 20 21
5843 2842132 18 18 2 1 17 18 18
5844 2843106 52 54 3 1 53 20 21
5845 2844079 26 26 2 0 26 12 12
5846 2845053 37 42 4 0 42 21 25
5847 2846027 22 22 2 0 22 13 13
5848 2847001 55 63 3 1 62 22 24
5849 2847975 18 18 2 1 17 18 18
5850 2848950 81 87 3 0 87 18 16
5851 2849924 13 13 2 0 13 13 13
5852 2850899 89 98 4 0 98 24 24
5853 2851874 30 30 2 0 30 20 20
5854 2852849 24 24 2 0 24 13 13
5855 2853824 23 25 3 0 25 13 14
5856 2854800 43 49 3 0 49 4 4
5857 2855775 25 25 2 0 25 25 25
5858 2856751 40 42 3 0 42 13 14
5859 2857727 62 62 2 1 61 24 24
5860 2858703 35 35 2 0 35 13 13
5861 2859679 13 15 3 0 15 13 15
5862 2860656 35 35 2 0 35 6 6
5863 2861632 43 47 3 0 47 31 33
5864 2862609 30 32 3 0 32 6 6
5865 2863586 52 58 3 0 58 24 27
5866 2864563 25 25 2 0 25 6 6
5867 2865540 13 13 2 1 12 13 13
5868 2866518 54 54 2 0 54 13 13
5869 2867495 18 18 2 0 18 18 18
5870 2868473 27 29 3 0 29 4 4
5871 2869451 37 39 3 0 39 21 21
5872 2870429 41 43 3 0 43 8 8
5873 2871407 24 26 3 0 26 13 14
5874 2872386 40 42 3 2 40 11 11
5875 2873364 23 27 3 0 27 18 21
5876 2874343 43 45 3 2 43 17 19
5877 2875322 26 26 2 0 26 13 13
5878 2876301 20 20 2 0 20 12 12
5879 2877280 13 13 2 0 13 13 13
5880 2878260 109 119 3 0 119 16 15
5881 2879239 23 23 2 0 23 23 23
5882 2880219 47 47 2 0 47 15 15
5883 2881199 40 44 3 0 44 22 25
5884 2882179 36 36 2 1 35 13 13
5885 2883159 43 43 2 0 43 23 23
5886 2884140 53 55 3 1 54 12 12
5887 2885120 24 24 2 0 24 21 21
5888 2886101 34 36 3 1 35 9 9
5889 2887082 44 46 3 1 45 28 29
5890 2888063 78 78 2 1 77 21 21
5891 2889044 16 16 2 0 16 13 13
5892 2890026 35 35 2 1 34 9 9
5893 2891007 12 17 4 1 16 10 15
5894 2891989 38 38 2 0 38 14 14
5895 2892971 45 47 3 0 47 13 14
5896 2893953 53 55 3 0 55 14 14
5897 2894935 9 9 2 0 9 9 9
5898 2895918 28 28 2 0 28 10 10
5899 2896900 12 12 2 0 12 9 9
5900 2897883 36 36 2 1 35 11 11
5901 2898866 36 36 2 1 35 16 16
5902 2899849 27 27 2 1 26 14 14
5903 2900832 16 16 2 0 16 16 16
5904 2901816 49 56 4 0 56 8 8
5905 2902799 21 21 2 0 21 17 17
5906 2903783 25 25 2 1 24 7 7
5907 2904767 41 43 3 1 42 20 21
5908 2905751 44 44 2 1 43 15 15
5909 2906735 26 28 3 1 27 22 24
5910 2907720 49 49 2 0 49 7 7
5911 2908704 22 22 2 0 22 15 15
5912 2909689 37 37 2 0 37 13 13
5913 2910674 32 32 2 0 32 16 16
5914 2911659 12 12 2 0 12 9 9
5915 2912644 63 67 3 0 67 29 28
5916 2913630 69 78 4 0 78 12 13
5917 2914615 22 22 2 1 21 17 17
5918 2915601 28 28 2 0 28 12 12
5919 2916587 20 20 2 0 20 12 12
5920 2917573 59 63 3 0 63 11 11
5921 2918559 25 29 3 1 28 21 24
5922 2919546 61 65 3 0 65 10 10
5923 2920532 9 9 2 0 9 9 9
5924 2921519 25 25 2 0 25 9 9
5925 2922506 42 44 3 0 44 17 18
5926 2923493 26 26 2 1 25 8 8
5927 2924480 12 12 2 0 12 12 12
5928 2925468 118 122 3 0 122 16 16
5929 2926455 24 26 3 0 26 16 17
5930 2927443 22 22 2 1 21 10 10
5931 2928431 29 29 2 1 28 13 13
5932 2929419 37 37 2 0 37 16 16
5933 2930407 27 29 3 0 29 21 23
5934 2931396 69 75 3 0 75 23 23
5935 2932384 19 19 2 0 19 15 15
5936 2933373 54 58 3 1 57 12 12
5937 2934362 28 28 2 0 28 18 18
5938 2935351 22 22 2 0 22 10 10
5939 2936340 15 15 2 0 15 15 15
5940 2937330 90 90 2 0 90 13 13
5941 2938319 29 29 2 0 29 24 24
5942 2939309 22 22 2 0 22 12 12
5943 2940299 36 36 2 0 36 15 15
5944 2941289 26 26 2 0 26 13 13
5945 2942279 34 36 3 1 35 19 20
5946 2943270 46 48 3 0 48 16 17
5947 2944260 26 26 2 0 26 21 21
5948 2945251 20 22 3 0 22 5 5
5949 2946242 23 25 3 2 23 8 8
5950 2947233 67 69 3 0 69 18 18
5951 2948224 38 38 2 0 38 30 30
5952 2949216 47 49 3 0 49 6 6
5953 2950207 12 12 2 0 12 12 12
5954 2951199 54 56 3 2 54 25 27
5955 2952191 51 53 3 0 53 17 18
5956 2953183 34 34 2 0 34 13 13
5957 2954175 33 33 2 0 33 22 22
5958 2955168 37 37 2 0 37 9 9
5959 2956160 15 15 2 0 15 14 14
5960 2957153 36 36 2 2 34 12 12
5961 2958146 21 23 3 0 23 9 10
5962 2959139 43 43 2 0 43 13 13
5963 2960132 16 16 2 1 15 14 14
5964 2961126 62 62 2 0 62 11 11
5965 2962119 26 26 2 0 26 14 14
5966 2963113 44 48 3 0 48 21 24
5967 2964107 56 62 3 0 62 20 22
5968 2965101 30 32 3 0 32 6 6
5969 2966095 19 19 2 0 19 18 18
5970 2967090 69 69 2 0 69 21 21
5971 2968084 27 27 2 0 27 25 25
5972 2969079 25 27 3 1 26 9 10
5973 2970074 32 34 3 0 34 18 19
5974 2971069 34 36 3 0 36 15 16
5975 2972064 23 23 2 0 23 11 11
5976 2973060 45 49 3 0 49 11 13
5977 2974055 24 24 2 0 24 18 18
5978 2975051 77 81 3 0 81 27 27
5979 2976047 30 30 2 0 30 17 17
5980 2977043 77 81 3 0 81 17 17
5981 2978039 18 18 2 0 18 18 18
5982 2979036 38 43 4 0 43 12 12
5983 2980032 37 37 2 0 37 33 33
5984 2981029 69 77 3 0 77 21 21
5985 2982026 90 96 3 0 96 24 24
5986 2983023 36 36 2 1 35 15 15
5987 2984020 11 11 2 1 10 11 11
5988 2985018 52 52 2 0 52 10 10
5989 2986015 25 29 3 0 29 22 26
5990 2987013 25 25 2 0 25 7 7
5991 2988011 16 16 2 0 16 12 12
5992 2989009 38 38 2 0 38 16 16
5993 2990007 20 20 2 0 20 19 19
5994 2991006 61 61 2 1 60 14 14
5995 2992004 33 35 3 0 35 19 21
5996 2993003 26 26 2 1 25 15 15
5997 2994002 32 32 2 0 32 18 18
5998 2995001 29 29 2 0 29 9 9
5999 2996000 21 21 2 0 21 17 17
6000 2997000 57 57 2 0 57 3 3
